environment_steps,updates,mean_episode_returns,entropy,loss,actor_loss,value_loss,reward_std_mean,deliveries,block_rate,idle_rate,pickup_rate,deliveries_early,deliveries_mid,deliveries_late,block_early,block_mid,block_late
4000,1,0.0,,nan,,,,0.0,,,,,,,,,
8000,2,0.0,,nan,,,,0.0,,,,,,,,,
12000,3,0.0,,nan,,,,0.0,,,,,,,,,
16000,4,0.25,,1.4500453472137451,,,,0.25,,,,,,,,,
20000,5,0.0,,0.8003257513046265,,,,0.0,,,,,,,,,
24000,6,0.0,,1.0617177486419678,,,,0.0,,,,,,,,,
28000,7,0.0,,0.726277768611908,,,,0.0,,,,,,,,,
32000,8,0.0,,0.4545983672142029,,,,0.0,,,,,,,,,
36000,9,0.0,,0.6361523866653442,,,,0.0,,,,,,,,,
40000,10,0.125,,0.9823205471038818,,,,0.125,,,,,,,,,
44000,11,0.0,,0.9685809016227722,,,,0.0,,,,,,,,,
48000,12,0.0,,0.4923853278160095,,,,0.0,,,,,,,,,
52000,13,0.0,,0.7587233781814575,,,,0.0,,,,,,,,,
56000,14,0.0,,0.31503212451934814,,,,0.0,,,,,,,,,
60000,15,0.0,,0.4315280020236969,,,,0.0,,,,,,,,,
64000,16,0.0,,0.6470186114311218,,,,0.0,,,,,,,,,
68000,17,0.0,,0.22952142357826233,,,,0.0,,,,,,,,,
72000,18,0.0,,0.5491171479225159,,,,0.0,,,,,,,,,
76000,19,0.0,,0.3995278477668762,,,,0.0,,,,,,,,,
80000,20,0.0,,0.9955240488052368,,,,0.0,,,,,,,,,
84000,21,0.0,,0.6621648073196411,,,,0.0,,,,,,,,,
88000,22,0.0,,0.4236688017845154,,,,0.0,,,,,,,,,
92000,23,0.0,,0.4316684901714325,,,,0.0,,,,,,,,,
96000,24,0.0,,0.6069024205207825,,,,0.0,,,,,,,,,
100000,25,0.0,,0.6065043210983276,,,,0.0,,,,,,,,,
104000,26,0.0,,0.5331376194953918,,,,0.0,,,,,,,,,
108000,27,0.0,,0.7395484447479248,,,,0.0,,,,,,,,,
112000,28,0.0,,0.6812747716903687,,,,0.0,,,,,,,,,
116000,29,0.0,,0.5227798223495483,,,,0.0,,,,,,,,,
120000,30,0.0,,0.32888031005859375,,,,0.0,,,,,,,,,
124000,31,0.0,,0.6843719482421875,,,,0.0,,,,,,,,,
128000,32,0.0,,0.2692870497703552,,,,0.0,,,,,,,,,
132000,33,0.0,,0.8996562957763672,,,,0.0,,,,,,,,,
136000,34,0.0,,0.41044172644615173,,,,0.0,,,,,,,,,
140000,35,0.0,,0.2114448845386505,,,,0.0,,,,,,,,,
144000,36,0.25,,0.48370450735092163,,,,0.25,,,,,,,,,
148000,37,0.0,,0.5998069643974304,,,,0.0,,,,,,,,,
152000,38,0.0,,0.501257061958313,,,,0.0,,,,,,,,,
156000,39,0.0,,0.6116794943809509,,,,0.0,,,,,,,,,
160000,40,0.0,,0.9492591619491577,,,,0.0,,,,,,,,,
164000,41,0.0,,0.6910495758056641,,,,0.0,,,,,,,,,
168000,42,0.0,,0.671252965927124,,,,0.0,,,,,,,,,
172000,43,0.0,,1.0116411447525024,,,,0.0,,,,,,,,,
176000,44,0.0,,0.2258419543504715,,,,0.0,,,,,,,,,
180000,45,0.0,,1.4176785945892334,,,,0.0,,,,,,,,,
184000,46,0.0,,0.5983449220657349,,,,0.0,,,,,,,,,
188000,47,0.0,,0.33202874660491943,,,,0.0,,,,,,,,,
192000,48,0.0,,0.5695757865905762,,,,0.0,,,,,,,,,
196000,49,0.0,,0.22052182257175446,,,,0.0,,,,,,,,,
200000,50,0.0,,0.6520037651062012,,,,0.0,,,,,,,,,
204000,51,0.0,,0.20733924210071564,,,,0.0,,,,,,,,,
208000,52,0.0,,0.5110090374946594,,,,0.0,,,,,,,,,
212000,53,0.0,,0.5877372622489929,,,,0.0,,,,,,,,,
216000,54,0.0,,0.48824119567871094,,,,0.0,,,,,,,,,
220000,55,0.0,,0.0032151462510228157,,,,0.0,,,,,,,,,
224000,56,0.0,,0.002876433776691556,,,,0.0,,,,,,,,,
228000,57,0.0,,0.6405930519104004,,,,0.0,,,,,,,,,
232000,58,0.0,,0.6649807691574097,,,,0.0,,,,,,,,,
236000,59,0.0,,0.1504572182893753,,,,0.0,,,,,,,,,
240000,60,0.0,,0.8741840720176697,,,,0.0,,,,,,,,,
244000,61,0.0,,1.2011263370513916,,,,0.0,,,,,,,,,
248000,62,0.0,,0.4875403642654419,,,,0.0,,,,,,,,,
252000,63,0.0,,0.16423268616199493,,,,0.0,,,,,,,,,
256000,64,0.0,,0.16822713613510132,,,,0.0,,,,,,,,,
260000,65,0.0,,0.25239813327789307,,,,0.0,,,,,,,,,
264000,66,0.0,,0.7352601885795593,,,,0.0,,,,,,,,,
268000,67,0.0,,0.4612237513065338,,,,0.0,,,,,,,,,
272000,68,0.0,,0.5077167749404907,,,,0.0,,,,,,,,,
276000,69,0.0,,0.40088412165641785,,,,0.0,,,,,,,,,
280000,70,0.0,,0.002076101489365101,,,,0.0,,,,,,,,,
284000,71,0.0,,0.3470991849899292,,,,0.0,,,,,,,,,
288000,72,0.0,,1.0080859661102295,,,,0.0,,,,,,,,,
292000,73,0.0,,0.7479779720306396,,,,0.0,,,,,,,,,
296000,74,0.0,,0.6330896019935608,,,,0.0,,,,,,,,,
300000,75,0.0,,0.5749508142471313,,,,0.0,,,,,,,,,
304000,76,0.0,,0.6011145710945129,,,,0.0,,,,,,,,,
308000,77,0.0,,0.7407612800598145,,,,0.0,,,,,,,,,
312000,78,0.0,,1.1016063690185547,,,,0.0,,,,,,,,,
316000,79,0.0,,0.0020941421389579773,,,,0.0,,,,,,,,,
320000,80,0.0,,0.35719335079193115,,,,0.0,,,,,,,,,
324000,81,0.0,,1.1527204513549805,,,,0.0,,,,,,,,,
328000,82,0.0,,0.20114468038082123,,,,0.0,,,,,,,,,
332000,83,0.0,,0.3706739842891693,,,,0.0,,,,,,,,,
336000,84,0.0,,0.0018925402546301484,,,,0.0,,,,,,,,,
340000,85,0.0,,0.6787504553794861,,,,0.0,,,,,,,,,
344000,86,0.0,,0.2569665014743805,,,,0.0,,,,,,,,,
348000,87,0.0,,0.26487457752227783,,,,0.0,,,,,,,,,
352000,88,0.0,,0.6747909784317017,,,,0.0,,,,,,,,,
356000,89,0.0,,0.7517310380935669,,,,0.0,,,,,,,,,
360000,90,0.0,,0.5029099583625793,,,,0.0,,,,,,,,,
364000,91,0.0,,0.47582393884658813,,,,0.0,,,,,,,,,
368000,92,0.0,,0.0016794163966551423,,,,0.0,,,,,,,,,
372000,93,0.0,,0.7837797403335571,,,,0.0,,,,,,,,,
376000,94,0.0,,0.0015707185957580805,,,,0.0,,,,,,,,,
380000,95,0.0,,0.6232014894485474,,,,0.0,,,,,,,,,
384000,96,0.0,,1.0114039182662964,,,,0.0,,,,,,,,,
388000,97,0.0,,0.2730375826358795,,,,0.0,,,,,,,,,
392000,98,0.0,,0.42162537574768066,,,,0.0,,,,,,,,,
396000,99,0.0,,0.0015792968915775418,,,,0.0,,,,,,,,,
400000,100,0.0,,0.1231355294585228,,,,0.0,,,,,,,,,
404000,101,0.0,,0.09799162298440933,,,,0.0,,,,,,,,,
408000,102,0.0,,1.0369083881378174,,,,0.0,,,,,,,,,
412000,103,0.0,,0.8481760025024414,,,,0.0,,,,,,,,,
416000,104,0.0,,0.3574036657810211,,,,0.0,,,,,,,,,
420000,105,0.0,,0.0015361481346189976,,,,0.0,,,,,,,,,
424000,106,0.0,,0.0013934781309217215,,,,0.0,,,,,,,,,
428000,107,0.0,,0.4156478941440582,,,,0.0,,,,,,,,,
432000,108,0.0,,0.0014084831345826387,,,,0.0,,,,,,,,,
436000,109,0.0,,0.48381930589675903,,,,0.0,,,,,,,,,
440000,110,0.0,,0.8715806603431702,,,,0.0,,,,,,,,,
444000,111,0.0,,0.0015141520416364074,,,,0.0,,,,,,,,,
448000,112,0.0,,0.0013508024858310819,,,,0.0,,,,,,,,,
452000,113,0.0,,0.39528608322143555,,,,0.0,,,,,,,,,
456000,114,0.0,,0.09554284811019897,,,,0.0,,,,,,,,,
460000,115,0.0,,0.6192569136619568,,,,0.0,,,,,,,,,
464000,116,0.0,,0.6974688768386841,,,,0.0,,,,,,,,,
468000,117,0.0,,0.001424986869096756,,,,0.0,,,,,,,,,
472000,118,0.0,,0.2284863442182541,,,,0.0,,,,,,,,,
476000,119,0.0,,0.47940880060195923,,,,0.0,,,,,,,,,
480000,120,0.0,,0.4313405454158783,,,,0.0,,,,,,,,,
484000,121,0.0,,0.20941045880317688,,,,0.0,,,,,,,,,
488000,122,0.0,,0.3627053499221802,,,,0.0,,,,,,,,,
492000,123,0.0,,0.5940583348274231,,,,0.0,,,,,,,,,
496000,124,0.0,,0.36703217029571533,,,,0.0,,,,,,,,,
500000,125,0.0,,0.3548257648944855,,,,0.0,,,,,,,,,
504000,126,0.0,,0.0012093773111701012,,,,0.0,,,,,,,,,
508000,127,0.0,,0.5073855519294739,,,,0.0,,,,,,,,,
512000,128,0.0,,0.5777502059936523,,,,0.0,,,,,,,,,
516000,129,0.0,,0.41742900013923645,,,,0.0,,,,,,,,,
520000,130,0.0,,0.0012060289736837149,,,,0.0,,,,,,,,,
524000,131,0.0,,0.72993403673172,,,,0.0,,,,,,,,,
528000,132,0.0,,0.00145821925252676,,,,0.0,,,,,,,,,
532000,133,0.0,,0.0012130732648074627,,,,0.0,,,,,,,,,
536000,134,0.0,,0.0011031620670109987,,,,0.0,,,,,,,,,
540000,135,0.0,,0.4687647223472595,,,,0.0,,,,,,,,,
544000,136,0.0,,0.0010989513248205185,,,,0.0,,,,,,,,,
548000,137,0.0,,0.3544250428676605,,,,0.0,,,,,,,,,
552000,138,0.0,,0.26610955595970154,,,,0.0,,,,,,,,,
556000,139,0.0,,0.6715288758277893,,,,0.0,,,,,,,,,
560000,140,0.0,,0.34051769971847534,,,,0.0,,,,,,,,,
564000,141,0.0,,0.47645801305770874,,,,0.0,,,,,,,,,
568000,142,0.0,,0.0011409862199798226,,,,0.0,,,,,,,,,
572000,143,0.0,,0.0010047422256320715,,,,0.0,,,,,,,,,
576000,144,0.0,,0.0009739500237628818,,,,0.0,,,,,,,,,
580000,145,0.0,,0.3000628650188446,,,,0.0,,,,,,,,,
584000,146,0.0,,0.0010764478938654065,,,,0.0,,,,,,,,,
588000,147,0.0,,0.0009927379433065653,,,,0.0,,,,,,,,,
592000,148,0.0,,0.13581621646881104,,,,0.0,,,,,,,,,
596000,149,0.0,,0.0010850986000150442,,,,0.0,,,,,,,,,
600000,150,0.0,,0.4482615888118744,,,,0.0,,,,,,,,,
604000,151,0.0,,0.4337691366672516,,,,0.0,,,,,,,,,
608000,152,0.0,,0.40299689769744873,,,,0.0,,,,,,,,,
612000,153,0.0,,0.0009712283499538898,,,,0.0,,,,,,,,,
616000,154,0.0,,0.2873556613922119,,,,0.0,,,,,,,,,
620000,155,0.0,,0.0010274667292833328,,,,0.0,,,,,,,,,
624000,156,0.0,,0.4430963099002838,,,,0.0,,,,,,,,,
628000,157,0.0,,0.0010389027884230018,,,,0.0,,,,,,,,,
632000,158,0.0,,0.4309464693069458,,,,0.0,,,,,,,,,
636000,159,0.0,,0.38599032163619995,,,,0.0,,,,,,,,,
640000,160,0.0,,0.0009595632436685264,,,,0.0,,,,,,,,,
644000,161,0.0,,0.0008440181263722479,,,,0.0,,,,,,,,,
648000,162,0.0,,0.0008089859038591385,,,,0.0,,,,,,,,,
652000,163,0.0,,0.0007772952085360885,,,,0.0,,,,,,,,,
656000,164,0.0,,0.0007932273438200355,,,,0.0,,,,,,,,,
660000,165,0.0,,0.0007895644521340728,,,,0.0,,,,,,,,,
664000,166,0.0,,0.0007145098643377423,,,,0.0,,,,,,,,,
668000,167,0.0,,0.0007556633208878338,,,,0.0,,,,,,,,,
672000,168,0.0,,0.0007581596146337688,,,,0.0,,,,,,,,,
676000,169,0.0,,0.0007323417812585831,,,,0.0,,,,,,,,,
680000,170,0.0,,0.0007247794419527054,,,,0.0,,,,,,,,,
684000,171,0.0,,0.0007242697756737471,,,,0.0,,,,,,,,,
688000,172,0.0,,0.0006967875524424016,,,,0.0,,,,,,,,,
692000,173,0.0,,0.0007022013887763023,,,,0.0,,,,,,,,,
696000,174,0.0,,0.0007077205809764564,,,,0.0,,,,,,,,,
700000,175,0.0,,0.0006800664705224335,,,,0.0,,,,,,,,,
704000,176,0.0,,0.0006611809367313981,,,,0.0,,,,,,,,,
708000,177,0.0,,0.0006593121797777712,,,,0.0,,,,,,,,,
712000,178,0.0,,0.0006547084776684642,,,,0.0,,,,,,,,,
716000,179,0.0,,0.0006595184095203876,,,,0.0,,,,,,,,,
720000,180,0.0,,0.0006176197784952819,,,,0.0,,,,,,,,,
724000,181,0.0,,0.0006286610150709748,,,,0.0,,,,,,,,,
728000,182,0.0,,0.0006326385773718357,,,,0.0,,,,,,,,,
732000,183,0.0,,0.0006201411597430706,,,,0.0,,,,,,,,,
736000,184,0.0,,0.0006205089157447219,,,,0.0,,,,,,,,,
740000,185,0.0,,0.0006114281713962555,,,,0.0,,,,,,,,,
744000,186,0.0,,0.0006253606406971812,,,,0.0,,,,,,,,,
748000,187,0.0,,0.0005994831444695592,,,,0.0,,,,,,,,,
752000,188,0.0,,0.000585919595323503,,,,0.0,,,,,,,,,
756000,189,0.0,,0.0005574737442657351,,,,0.0,,,,,,,,,
760000,190,0.0,,0.0005532247014343739,,,,0.0,,,,,,,,,
764000,191,0.0,,0.0005476378137245774,,,,0.0,,,,,,,,,
768000,192,0.0,,0.0005687878001481295,,,,0.0,,,,,,,,,
772000,193,0.0,,0.000518948188982904,,,,0.0,,,,,,,,,
776000,194,0.0,,0.0005451175384223461,,,,0.0,,,,,,,,,
780000,195,0.0,,0.0005567717598751187,,,,0.0,,,,,,,,,
784000,196,0.0,,0.0005160836735740304,,,,0.0,,,,,,,,,
788000,197,0.0,,0.0005171271041035652,,,,0.0,,,,,,,,,
792000,198,0.0,,0.0005540023557841778,,,,0.0,,,,,,,,,
796000,199,0.0,,0.0005333438748493791,,,,0.0,,,,,,,,,
800000,200,0.0,,0.0005240015452727675,,,,0.0,,,,,,,,,
804000,201,0.0,,0.0005018644733354449,,,,0.0,,,,,,,,,
808000,202,0.0,,0.000518775312229991,,,,0.0,,,,,,,,,
812000,203,0.0,,0.0004888849798589945,,,,0.0,,,,,,,,,
816000,204,0.0,,0.0004901264328509569,,,,0.0,,,,,,,,,
820000,205,0.0,,0.0005110502243041992,,,,0.0,,,,,,,,,
824000,206,0.0,,0.0004945967812091112,,,,0.0,,,,,,,,,
828000,207,0.0,,0.00048573827371001244,,,,0.0,,,,,,,,,
832000,208,0.0,,0.00046898401342332363,,,,0.0,,,,,,,,,
836000,209,0.0,,0.0004878614563494921,,,,0.0,,,,,,,,,
840000,210,0.0,,0.00046390690840780735,,,,0.0,,,,,,,,,
844000,211,0.0,,0.0004609237366821617,,,,0.0,,,,,,,,,
848000,212,0.0,,0.000480140617582947,,,,0.0,,,,,,,,,
852000,213,0.0,,0.0004634860379155725,,,,0.0,,,,,,,,,
856000,214,0.0,,0.0004594819329213351,,,,0.0,,,,,,,,,
860000,215,0.0,,0.0004294249811209738,,,,0.0,,,,,,,,,
864000,216,0.0,,0.0004386422806419432,,,,0.0,,,,,,,,,
868000,217,0.0,,0.0004817925509996712,,,,0.0,,,,,,,,,
872000,218,0.0,,0.0004441476194187999,,,,0.0,,,,,,,,,
876000,219,0.0,,0.000449229555670172,,,,0.0,,,,,,,,,
880000,220,0.0,,0.00043710385216400027,,,,0.0,,,,,,,,,
884000,221,0.0,,0.0004509098071139306,,,,0.0,,,,,,,,,
888000,222,0.0,,0.00043807533802464604,,,,0.0,,,,,,,,,
892000,223,0.0,,0.00045880430843681097,,,,0.0,,,,,,,,,
896000,224,0.0,,0.00044963310938328505,,,,0.0,,,,,,,,,
900000,225,0.0,,0.0004421267076395452,,,,0.0,,,,,,,,,
904000,226,0.0,,0.00042153208050876856,,,,0.0,,,,,,,,,
908000,227,0.0,,0.00042978592682629824,,,,0.0,,,,,,,,,
912000,228,0.0,,0.0004330545198172331,,,,0.0,,,,,,,,,
916000,229,0.0,,0.00043120357440784574,,,,0.0,,,,,,,,,
920000,230,0.0,,0.0004059321363456547,,,,0.0,,,,,,,,,
924000,231,0.0,,0.00041381269693374634,,,,0.0,,,,,,,,,
928000,232,0.0,,0.0003715871716849506,,,,0.0,,,,,,,,,
932000,233,0.0,,0.00039441350963898003,,,,0.0,,,,,,,,,
936000,234,0.0,,0.0003957046428695321,,,,0.0,,,,,,,,,
940000,235,0.0,,0.00041644624434411526,,,,0.0,,,,,,,,,
944000,236,0.0,,0.00039604189805686474,,,,0.0,,,,,,,,,
948000,237,0.0,,0.0003956972504965961,,,,0.0,,,,,,,,,
952000,238,0.0,,0.00039600743912160397,,,,0.0,,,,,,,,,
956000,239,0.0,,0.0003765805158764124,,,,0.0,,,,,,,,,
960000,240,0.0,,0.0003800788545049727,,,,0.0,,,,,,,,,
964000,241,0.0,,0.0003990300465375185,,,,0.0,,,,,,,,,
968000,242,0.0,,0.0003908698563463986,,,,0.0,,,,,,,,,
972000,243,0.0,,0.00036776671186089516,,,,0.0,,,,,,,,,
976000,244,0.0,,0.0003927093930542469,,,,0.0,,,,,,,,,
980000,245,0.0,,0.00037807371700182557,,,,0.0,,,,,,,,,
984000,246,0.0,,0.00037521321792155504,,,,0.0,,,,,,,,,
988000,247,0.0,,0.00037728273309767246,,,,0.0,,,,,,,,,
992000,248,0.0,,0.0003973072743974626,,,,0.0,,,,,,,,,
996000,249,0.0,,0.0003557410673238337,,,,0.0,,,,,,,,,
1000000,250,0.0,,0.00038388289976865053,,,,0.0,,,,,,,,,
1004000,251,0.0,,0.000367128785001114,,,,0.0,,,,,,,,,
1008000,252,0.0,,0.0003762329579330981,,,,0.0,,,,,,,,,
1012000,253,0.0,,0.00039058507536537945,,,,0.0,,,,,,,,,
1016000,254,0.0,,0.00036989300861023366,,,,0.0,,,,,,,,,
1020000,255,0.0,,0.00037996075116097927,,,,0.0,,,,,,,,,
1024000,256,0.0,,0.00036092044319957495,,,,0.0,,,,,,,,,
1028000,257,0.0,,0.0003733299090526998,,,,0.0,,,,,,,,,
1032000,258,0.0,,0.0003487630747258663,,,,0.0,,,,,,,,,
1036000,259,0.0,,0.0003570118569768965,,,,0.0,,,,,,,,,
1040000,260,0.0,,0.00035979284439235926,,,,0.0,,,,,,,,,
1044000,261,0.0,,0.0003468928043730557,,,,0.0,,,,,,,,,
1048000,262,0.0,,0.000339355377946049,,,,0.0,,,,,,,,,
1052000,263,0.0,,0.0003372509381733835,,,,0.0,,,,,,,,,
1056000,264,0.0,,0.0003665172844193876,,,,0.0,,,,,,,,,
1060000,265,0.0,,0.00035124243004247546,,,,0.0,,,,,,,,,
1064000,266,0.0,,0.00035546967410482466,,,,0.0,,,,,,,,,
1068000,267,0.0,,0.00033842603443190455,,,,0.0,,,,,,,,,
1072000,268,0.0,,0.0003467026399448514,,,,0.0,,,,,,,,,
1076000,269,0.0,,0.0003396209795027971,,,,0.0,,,,,,,,,
1080000,270,0.0,,0.0003302794648334384,,,,0.0,,,,,,,,,
1084000,271,0.0,,0.00033729372080415487,,,,0.0,,,,,,,,,
1088000,272,0.0,,0.00033204100327566266,,,,0.0,,,,,,,,,
1092000,273,0.0,,0.00032812950666993856,,,,0.0,,,,,,,,,
1096000,274,0.0,,0.0003148452378809452,,,,0.0,,,,,,,,,
1100000,275,0.0,,0.00032974150963127613,,,,0.0,,,,,,,,,
1104000,276,0.0,,0.0003500363091006875,,,,0.0,,,,,,,,,
1108000,277,0.0,,0.0003217441844753921,,,,0.0,,,,,,,,,
1112000,278,0.0,,0.0003265250998083502,,,,0.0,,,,,,,,,
1116000,279,0.0,,0.0003249338478781283,,,,0.0,,,,,,,,,
1120000,280,0.0,,0.00031752418726682663,,,,0.0,,,,,,,,,
1124000,281,0.0,,0.0003300600510556251,,,,0.0,,,,,,,,,
1128000,282,0.0,,0.00031739220139570534,,,,0.0,,,,,,,,,
1132000,283,0.0,,0.0003201945801265538,,,,0.0,,,,,,,,,
1136000,284,0.0,,0.00031556340400129557,,,,0.0,,,,,,,,,
1140000,285,0.0,,0.00030296965269371867,,,,0.0,,,,,,,,,
1144000,286,0.0,,0.00028511614073067904,,,,0.0,,,,,,,,,
1148000,287,0.0,,0.00032020278740674257,,,,0.0,,,,,,,,,
1152000,288,0.0,,0.00030251764110289514,,,,0.0,,,,,,,,,
1156000,289,0.0,,0.0003233614261262119,,,,0.0,,,,,,,,,
1160000,290,0.0,,0.00030775717459619045,,,,0.0,,,,,,,,,
1164000,291,0.0,,0.0002886562724597752,,,,0.0,,,,,,,,,
1168000,292,0.0,,0.00029492221074178815,,,,0.0,,,,,,,,,
1172000,293,0.0,,0.00029800974880345166,,,,0.0,,,,,,,,,
1176000,294,0.0,,0.0003000131400767714,,,,0.0,,,,,,,,,
1180000,295,0.0,,0.00029013858875259757,,,,0.0,,,,,,,,,
1184000,296,0.0,,0.0002882906119339168,,,,0.0,,,,,,,,,
1188000,297,0.0,,0.00030288693960756063,,,,0.0,,,,,,,,,
1192000,298,0.0,,0.00029269797960296273,,,,0.0,,,,,,,,,
1196000,299,0.0,,0.00028089608531445265,,,,0.0,,,,,,,,,
1200000,300,0.0,,0.0002810990554280579,,,,0.0,,,,,,,,,
1204000,301,0.0,,0.00027252727886661887,,,,0.0,,,,,,,,,
1208000,302,0.0,,0.00026953534688800573,,,,0.0,,,,,,,,,
1212000,303,0.0,,0.00029315080610103905,,,,0.0,,,,,,,,,
1216000,304,0.0,,0.0002907469461206347,,,,0.0,,,,,,,,,
1220000,305,0.0,,0.00028587624547071755,,,,0.0,,,,,,,,,
1224000,306,0.0,,0.0002905562287196517,,,,0.0,,,,,,,,,
1228000,307,0.0,,0.00027698639314621687,,,,0.0,,,,,,,,,
1232000,308,0.0,,0.00029044385883025825,,,,0.0,,,,,,,,,
1236000,309,0.0,,0.0002735717280302197,,,,0.0,,,,,,,,,
1240000,310,0.0,,0.00027990713715553284,,,,0.0,,,,,,,,,
1244000,311,0.0,,0.00029018515488132834,,,,0.0,,,,,,,,,
1248000,312,0.0,,0.0002728845283854753,,,,0.0,,,,,,,,,
1252000,313,0.0,,0.0002747956314124167,,,,0.0,,,,,,,,,
1256000,314,0.0,,0.00027267399127595127,,,,0.0,,,,,,,,,
1260000,315,0.0,,0.00025525689125061035,,,,0.0,,,,,,,,,
1264000,316,0.0,,0.00026182670262642205,,,,0.0,,,,,,,,,
1268000,317,0.0,,0.00026717380387708545,,,,0.0,,,,,,,,,
1272000,318,0.0,,0.00027413314091973007,,,,0.0,,,,,,,,,
1276000,319,0.0,,0.00026903970865532756,,,,0.0,,,,,,,,,
1280000,320,0.0,,0.0002650194801390171,,,,0.0,,,,,,,,,
1284000,321,0.0,,0.00025742087746039033,,,,0.0,,,,,,,,,
1288000,322,0.0,,0.0002730259147938341,,,,0.0,,,,,,,,,
1292000,323,0.0,,0.00027743744431063533,,,,0.0,,,,,,,,,
1296000,324,0.0,,0.0002667155349627137,,,,0.0,,,,,,,,,
1300000,325,0.0,,0.00025137996999546885,,,,0.0,,,,,,,,,
1304000,326,0.0,,0.00025034567806869745,,,,0.0,,,,,,,,,
1308000,327,0.0,,0.0002574942191131413,,,,0.0,,,,,,,,,
1312000,328,0.0,,0.000254681654041633,,,,0.0,,,,,,,,,
1316000,329,0.0,,0.00025126428226940334,,,,0.0,,,,,,,,,
1320000,330,0.0,,0.00024633563589304686,,,,0.0,,,,,,,,,
1324000,331,0.0,,0.00027670012786984444,,,,0.0,,,,,,,,,
1328000,332,0.0,,0.00025096198078244925,,,,0.0,,,,,,,,,
1332000,333,0.0,,0.00025629805168136954,,,,0.0,,,,,,,,,
1336000,334,0.0,,0.000252745725447312,,,,0.0,,,,,,,,,
1340000,335,0.0,,0.00025161178200505674,,,,0.0,,,,,,,,,
1344000,336,0.0,,0.00024311471497640014,,,,0.0,,,,,,,,,
1348000,337,0.0,,0.0002570182550698519,,,,0.0,,,,,,,,,
1352000,338,0.0,,0.00024638744071125984,,,,0.0,,,,,,,,,
1356000,339,0.0,,0.0002335662575205788,,,,0.0,,,,,,,,,
1360000,340,0.0,,0.00024114095140248537,,,,0.0,,,,,,,,,
1364000,341,0.0,,0.00024123983166646212,,,,0.0,,,,,,,,,
1368000,342,0.0,,0.0002523746225051582,,,,0.0,,,,,,,,,
1372000,343,0.0,,0.00023789658735040575,,,,0.0,,,,,,,,,
1376000,344,0.0,,0.00023822963703423738,,,,0.0,,,,,,,,,
1380000,345,0.0,,0.00022769736824557185,,,,0.0,,,,,,,,,
1384000,346,0.0,,0.00024303418467752635,,,,0.0,,,,,,,,,
1388000,347,0.0,,0.00024473757366649806,,,,0.0,,,,,,,,,
1392000,348,0.0,,0.0002358843048568815,,,,0.0,,,,,,,,,
1396000,349,0.0,,0.00023021116794552654,,,,0.0,,,,,,,,,
1400000,350,0.0,,0.00021949681104160845,,,,0.0,,,,,,,,,
1404000,351,0.0,,0.00021451225620694458,,,,0.0,,,,,,,,,
1408000,352,0.0,,0.0002278820174979046,,,,0.0,,,,,,,,,
1412000,353,0.0,,0.0002223443880211562,,,,0.0,,,,,,,,,
1416000,354,0.0,,0.00021638342877849936,,,,0.0,,,,,,,,,
1420000,355,0.0,,0.00022724235896021128,,,,0.0,,,,,,,,,
1424000,356,0.0,,0.00023252272512763739,,,,0.0,,,,,,,,,
1428000,357,0.0,,0.00023065597633831203,,,,0.0,,,,,,,,,
1432000,358,0.0,,0.00022936280583962798,,,,0.0,,,,,,,,,
1436000,359,0.0,,0.00024079118156805634,,,,0.0,,,,,,,,,
1440000,360,0.0,,0.0002223377814516425,,,,0.0,,,,,,,,,
1444000,361,0.0,,0.0002446493599563837,,,,0.0,,,,,,,,,
1448000,362,0.0,,0.00022853938571643084,,,,0.0,,,,,,,,,
1452000,363,0.0,,0.00022998813074082136,,,,0.0,,,,,,,,,
1456000,364,0.0,,0.00023010186851024628,,,,0.0,,,,,,,,,
1460000,365,0.0,,0.0002359437639825046,,,,0.0,,,,,,,,,
1464000,366,0.0,,0.0002286023081978783,,,,0.0,,,,,,,,,
1468000,367,0.0,,0.00021078370627947152,,,,0.0,,,,,,,,,
1472000,368,0.0,,0.0002236285072285682,,,,0.0,,,,,,,,,
1476000,369,0.0,,0.00022572706802748144,,,,0.0,,,,,,,,,
1480000,370,0.0,,0.00021650177950505167,,,,0.0,,,,,,,,,
1484000,371,0.0,,0.00022170788724906743,,,,0.0,,,,,,,,,
1488000,372,0.0,,0.00021744563127867877,,,,0.0,,,,,,,,,
1492000,373,0.0,,0.00022292305948212743,,,,0.0,,,,,,,,,
1496000,374,0.0,,0.00022402600734494627,,,,0.0,,,,,,,,,
1500000,375,0.0,,0.00021253190061543137,,,,0.0,,,,,,,,,
1504000,376,0.0,,0.00020047595899086446,,,,0.0,,,,,,,,,
1508000,377,0.0,,0.0002127142361132428,,,,0.0,,,,,,,,,
1512000,378,0.0,,0.00022163786343298852,,,,0.0,,,,,,,,,
1516000,379,0.0,,0.00022261471895035356,,,,0.0,,,,,,,,,
1520000,380,0.0,,0.00021478885901160538,,,,0.0,,,,,,,,,
1524000,381,0.0,,0.00022421094763558358,,,,0.0,,,,,,,,,
1528000,382,0.0,,0.00022558248019777238,,,,0.0,,,,,,,,,
1532000,383,0.125,,0.3565676510334015,,,,0.125,,,,,,,,,
1536000,384,0.0,,0.000481027876958251,,,,0.0,,,,,,,,,
1540000,385,0.0,,0.0004058644117321819,,,,0.0,,,,,,,,,
1544000,386,0.0,,0.00037863256875425577,,,,0.0,,,,,,,,,
1548000,387,0.0,,0.00031042471528053284,,,,0.0,,,,,,,,,
1552000,388,0.0,,1.0537188053131104,,,,0.0,,,,,,,,,
1556000,389,0.0,,0.0012180105550214648,,,,0.0,,,,,,,,,
1560000,390,0.0,,0.000976228155195713,,,,0.0,,,,,,,,,
1564000,391,0.0,,0.0007638344541192055,,,,0.0,,,,,,,,,
1568000,392,0.0,,0.0005707538221031427,,,,0.0,,,,,,,,,
1572000,393,0.0,,0.0004727224004454911,,,,0.0,,,,,,,,,
1576000,394,0.0,,0.36505553126335144,,,,0.0,,,,,,,,,
1580000,395,0.0,,0.0005108704208396375,,,,0.0,,,,,,,,,
1584000,396,0.0,,1.522740364074707,,,,0.0,,,,,,,,,
1588000,397,0.0,,0.0014124228619039059,,,,0.0,,,,,,,,,
1592000,398,0.0,,0.0012471904046833515,,,,0.0,,,,,,,,,
1596000,399,0.0,,0.0010291221551597118,,,,0.0,,,,,,,,,
1600000,400,0.0,,2.053893804550171,,,,0.0,,,,,,,,,
1604000,401,0.0,,0.003090729471296072,,,,0.0,,,,,,,,,
1608000,402,0.0,,0.002013889607042074,,,,0.0,,,,,,,,,
1612000,403,0.0,,1.068115234375,,,,0.0,,,,,,,,,
1616000,404,0.0,,0.7219473719596863,,,,0.0,,,,,,,,,
1620000,405,0.0,,0.9210447669029236,,,,0.0,,,,,,,,,
1624000,406,0.0,,0.002252313308417797,,,,0.0,,,,,,,,,
1628000,407,0.0,,0.001910368213430047,,,,0.0,,,,,,,,,
1632000,408,0.0,,0.0014743860810995102,,,,0.0,,,,,,,,,
1636000,409,0.0,,0.0011139459675177932,,,,0.0,,,,,,,,,
1640000,410,0.125,,1.119358777999878,,,,0.125,,,,,,,,,
1644000,411,0.0,,0.7204064726829529,,,,0.0,,,,,,,,,
1648000,412,0.0,,0.001954002771526575,,,,0.0,,,,,,,,,
1652000,413,0.0,,1.3545936346054077,,,,0.0,,,,,,,,,
1656000,414,0.0,,0.9620079398155212,,,,0.0,,,,,,,,,
1660000,415,0.0,,0.9958052039146423,,,,0.0,,,,,,,,,
1664000,416,0.0,,0.003925129771232605,,,,0.0,,,,,,,,,
1668000,417,0.0,,0.00337169854901731,,,,0.0,,,,,,,,,
1672000,418,0.0,,1.4127320051193237,,,,0.0,,,,,,,,,
1676000,419,0.0,,1.1144402027130127,,,,0.0,,,,,,,,,
1680000,420,0.0,,0.003281783778220415,,,,0.0,,,,,,,,,
1684000,421,0.0,,0.002227192744612694,,,,0.0,,,,,,,,,
1688000,422,0.0,,0.7973501682281494,,,,0.0,,,,,,,,,
1692000,423,0.0,,0.0022878642193973064,,,,0.0,,,,,,,,,
1696000,424,0.0,,1.0810811519622803,,,,0.0,,,,,,,,,
1700000,425,0.0,,0.0017463820986449718,,,,0.0,,,,,,,,,
1704000,426,0.0,,0.0013696264941245317,,,,0.0,,,,,,,,,
1708000,427,0.0,,0.0011072085471823812,,,,0.0,,,,,,,,,
1712000,428,0.0,,0.0009430076461285353,,,,0.0,,,,,,,,,
1716000,429,0.0,,0.0008627300267107785,,,,0.0,,,,,,,,,
1720000,430,0.0,,0.0007702247239649296,,,,0.0,,,,,,,,,
1724000,431,0.0,,0.0007435726001858711,,,,0.0,,,,,,,,,
1728000,432,0.0,,3.116332769393921,,,,0.0,,,,,,,,,
1732000,433,0.0,,1.1399853229522705,,,,0.0,,,,,,,,,
1736000,434,0.0,,0.0023119444958865643,,,,0.0,,,,,,,,,
1740000,435,0.0,,1.0734264850616455,,,,0.0,,,,,,,,,
1744000,436,0.0,,0.0018440030980855227,,,,0.0,,,,,,,,,
1748000,437,0.0,,0.001359008252620697,,,,0.0,,,,,,,,,
1752000,438,0.0,,1.148642897605896,,,,0.0,,,,,,,,,
1756000,439,0.0,,0.0016644687857478857,,,,0.0,,,,,,,,,
1760000,440,0.0,,0.0012078254949301481,,,,0.0,,,,,,,,,
1764000,441,0.0,,0.0010111380834132433,,,,0.0,,,,,,,,,
1768000,442,0.0,,1.1648814678192139,,,,0.0,,,,,,,,,
1772000,443,0.0,,1.4426724910736084,,,,0.0,,,,,,,,,
1776000,444,0.0,,0.001146163558587432,,,,0.0,,,,,,,,,
1780000,445,0.0,,1.1994504928588867,,,,0.0,,,,,,,,,
1784000,446,0.0,,0.41684553027153015,,,,0.0,,,,,,,,,
1788000,447,0.0,,0.8218416571617126,,,,0.0,,,,,,,,,
1792000,448,0.0,,0.001162855769507587,,,,0.0,,,,,,,,,
1796000,449,0.0,,0.0008466321160085499,,,,0.0,,,,,,,,,
1800000,450,0.0,,0.0008096009260043502,,,,0.0,,,,,,,,,
1804000,451,0.0,,1.8881455659866333,,,,0.0,,,,,,,,,
1808000,452,0.0,,0.4256221055984497,,,,0.0,,,,,,,,,
1812000,453,0.0,,0.0008801858639344573,,,,0.0,,,,,,,,,
1816000,454,0.0,,0.398799866437912,,,,0.0,,,,,,,,,
1820000,455,0.0,,0.4043407142162323,,,,0.0,,,,,,,,,
1824000,456,0.0,,0.0008786210091784596,,,,0.0,,,,,,,,,
1828000,457,0.0,,0.0006909137591719627,,,,0.0,,,,,,,,,
1832000,458,0.0,,1.7104884386062622,,,,0.0,,,,,,,,,
1836000,459,0.0,,0.8211921453475952,,,,0.0,,,,,,,,,
1840000,460,0.0,,0.0011106146266683936,,,,0.0,,,,,,,,,
1844000,461,0.0,,0.0009140218608081341,,,,0.0,,,,,,,,,
1848000,462,0.0,,0.0007326613995246589,,,,0.0,,,,,,,,,
1852000,463,0.0,,1.2892615795135498,,,,0.0,,,,,,,,,
1856000,464,0.0,,2.319733142852783,,,,0.0,,,,,,,,,
1860000,465,0.0,,2.241992712020874,,,,0.0,,,,,,,,,
1864000,466,0.0,,0.003302820958197117,,,,0.0,,,,,,,,,
1868000,467,0.0,,0.0022645730059593916,,,,0.0,,,,,,,,,
1872000,468,0.0,,0.0017409960273653269,,,,0.0,,,,,,,,,
1876000,469,0.0,,0.0013811537064611912,,,,0.0,,,,,,,,,
1880000,470,0.0,,1.7826831340789795,,,,0.0,,,,,,,,,
1884000,471,0.0,,0.0015844007721170783,,,,0.0,,,,,,,,,
1888000,472,0.0,,0.0012802769197151065,,,,0.0,,,,,,,,,
1892000,473,0.0,,0.0009885687613859773,,,,0.0,,,,,,,,,
1896000,474,0.0,,1.1960920095443726,,,,0.0,,,,,,,,,
1900000,475,0.0,,0.0009387560421600938,,,,0.0,,,,,,,,,
1904000,476,0.0,,0.0007871761918067932,,,,0.0,,,,,,,,,
1908000,477,0.0,,1.0768476724624634,,,,0.0,,,,,,,,,
1912000,478,0.125,,0.0008067056187428534,,,,0.125,,,,,,,,,
1916000,479,0.0,,0.0007061169017106295,,,,0.0,,,,,,,,,
1920000,480,0.0,,0.6739498376846313,,,,0.0,,,,,,,,,
1924000,481,0.0,,1.1618247032165527,,,,0.0,,,,,,,,,
1928000,482,0.0,,0.8359694480895996,,,,0.0,,,,,,,,,
1932000,483,0.0,,1.3902275562286377,,,,0.0,,,,,,,,,
1936000,484,0.0,,0.9082028269767761,,,,0.0,,,,,,,,,
1940000,485,0.0,,1.4555896520614624,,,,0.0,,,,,,,,,
1944000,486,0.0,,1.7154840230941772,,,,0.0,,,,,,,,,
1948000,487,0.0,,0.0017690028762444854,,,,0.0,,,,,,,,,
1952000,488,0.0,,0.0015793186612427235,,,,0.0,,,,,,,,,
1956000,489,0.125,,0.0011312528513371944,,,,0.125,,,,,,,,,
1960000,490,0.0,,1.918850064277649,,,,0.0,,,,,,,,,
1964000,491,0.0,,0.0017712709959596395,,,,0.0,,,,,,,,,
1968000,492,0.0,,0.7317264676094055,,,,0.0,,,,,,,,,
1972000,493,0.0,,0.0014199009165167809,,,,0.0,,,,,,,,,
1976000,494,0.0,,0.852310061454773,,,,0.0,,,,,,,,,
1980000,495,0.125,,1.51114821434021,,,,0.125,,,,,,,,,
1984000,496,0.0,,2.681018352508545,,,,0.0,,,,,,,,,
1988000,497,0.0,,1.1712373495101929,,,,0.0,,,,,,,,,
1992000,498,0.0,,0.0024968194775283337,,,,0.0,,,,,,,,,
1996000,499,0.0,,0.0016762011218816042,,,,0.0,,,,,,,,,
2000000,500,0.0,,1.287000060081482,,,,0.0,,,,,,,,,
2004000,501,0.0,,0.0014031436294317245,,,,0.0,,,,,,,,,
2008000,502,0.0,,1.915226697921753,,,,0.0,,,,,,,,,
2012000,503,0.0,,0.4040026068687439,,,,0.0,,,,,,,,,
2016000,504,0.0,,1.0694758892059326,,,,0.0,,,,,,,,,
2020000,505,0.0,,0.3940756916999817,,,,0.0,,,,,,,,,
2024000,506,0.0,,0.39345210790634155,,,,0.0,,,,,,,,,
2028000,507,0.0,,0.8368685245513916,,,,0.0,,,,,,,,,
2032000,508,0.0,,1.1068323850631714,,,,0.0,,,,,,,,,
2036000,509,0.0,,1.7644685506820679,,,,0.0,,,,,,,,,
2040000,510,0.0,,0.7451083064079285,,,,0.0,,,,,,,,,
2044000,511,0.0,,0.0020563253201544285,,,,0.0,,,,,,,,,
2048000,512,0.0,,0.3971129357814789,,,,0.0,,,,,,,,,
2052000,513,0.0,,1.304350733757019,,,,0.0,,,,,,,,,
2056000,514,0.0,,0.7652866244316101,,,,0.0,,,,,,,,,
2060000,515,0.0,,0.7946522831916809,,,,0.0,,,,,,,,,
2064000,516,0.0,,1.2364201545715332,,,,0.0,,,,,,,,,
2068000,517,0.0,,0.0021283950190991163,,,,0.0,,,,,,,,,
2072000,518,0.0,,0.46882104873657227,,,,0.0,,,,,,,,,
2076000,519,0.0,,0.0012357102241367102,,,,0.0,,,,,,,,,
2080000,520,0.0,,1.9131876230239868,,,,0.0,,,,,,,,,
2084000,521,0.0,,0.0010474777081981301,,,,0.0,,,,,,,,,
2088000,522,0.0,,0.3843514323234558,,,,0.0,,,,,,,,,
2092000,523,0.0,,0.0009539293823763728,,,,0.0,,,,,,,,,
2096000,524,0.0,,0.7257068753242493,,,,0.0,,,,,,,,,
2100000,525,0.0,,0.0008970311027951539,,,,0.0,,,,,,,,,
2104000,526,0.0,,0.000773988664150238,,,,0.0,,,,,,,,,
2108000,527,0.0,,0.0006992985727265477,,,,0.0,,,,,,,,,
2112000,528,0.0,,1.604952096939087,,,,0.0,,,,,,,,,
2116000,529,0.0,,1.1203657388687134,,,,0.0,,,,,,,,,
2120000,530,0.0,,0.0014392290031537414,,,,0.0,,,,,,,,,
2124000,531,0.0,,0.0009049760410562158,,,,0.0,,,,,,,,,
2128000,532,0.0,,0.8640373349189758,,,,0.0,,,,,,,,,
2132000,533,0.0,,1.4931212663650513,,,,0.0,,,,,,,,,
2136000,534,0.0,,0.0015340056270360947,,,,0.0,,,,,,,,,
2140000,535,0.0,,2.318311929702759,,,,0.0,,,,,,,,,
2144000,536,0.0,,0.0018503201426938176,,,,0.0,,,,,,,,,
2148000,537,0.0,,0.001421146560460329,,,,0.0,,,,,,,,,
2152000,538,0.0,,0.0010488065890967846,,,,0.0,,,,,,,,,
2156000,539,0.0,,1.0605461597442627,,,,0.0,,,,,,,,,
2160000,540,0.0,,0.0008926545269787312,,,,0.0,,,,,,,,,
2164000,541,0.0,,0.0007001627236604691,,,,0.0,,,,,,,,,
2168000,542,0.0,,0.4049493968486786,,,,0.0,,,,,,,,,
2172000,543,0.0,,2.518395185470581,,,,0.0,,,,,,,,,
2176000,544,0.0,,0.0025997536722570658,,,,0.0,,,,,,,,,
2180000,545,0.0,,0.001431485521607101,,,,0.0,,,,,,,,,
2184000,546,0.0,,0.000970242777839303,,,,0.0,,,,,,,,,
2188000,547,0.0,,2.7485721111297607,,,,0.0,,,,,,,,,
2192000,548,0.0,,0.0017830822616815567,,,,0.0,,,,,,,,,
2196000,549,0.0,,0.42226412892341614,,,,0.0,,,,,,,,,
2200000,550,0.0,,0.0011665566125884652,,,,0.0,,,,,,,,,
2204000,551,0.0,,0.0008104812586680055,,,,0.0,,,,,,,,,
2208000,552,0.0,,1.8895543813705444,,,,0.0,,,,,,,,,
2212000,553,0.125,,1.9519844055175781,,,,0.125,,,,,,,,,
2216000,554,0.0,,1.3353077173233032,,,,0.0,,,,,,,,,
2220000,555,0.0,,0.7734754085540771,,,,0.0,,,,,,,,,
2224000,556,0.0,,1.1445387601852417,,,,0.0,,,,,,,,,
2228000,557,0.0,,0.0019124207319691777,,,,0.0,,,,,,,,,
2232000,558,0.0,,1.7098382711410522,,,,0.0,,,,,,,,,
2236000,559,0.0,,0.0014730577822774649,,,,0.0,,,,,,,,,
2240000,560,0.0,,0.0011487964075058699,,,,0.0,,,,,,,,,
2244000,561,0.0,,0.0008635089034214616,,,,0.0,,,,,,,,,
2248000,562,0.0,,0.8960297107696533,,,,0.0,,,,,,,,,
2252000,563,0.0,,0.0009381122654303908,,,,0.0,,,,,,,,,
2256000,564,0.0,,1.520521879196167,,,,0.0,,,,,,,,,
2260000,565,0.0,,3.568423271179199,,,,0.0,,,,,,,,,
2264000,566,0.0,,0.7679032683372498,,,,0.0,,,,,,,,,
2268000,567,0.0,,0.8831603527069092,,,,0.0,,,,,,,,,
2272000,568,0.0,,0.002061825478449464,,,,0.0,,,,,,,,,
2276000,569,0.0,,1.179542064666748,,,,0.0,,,,,,,,,
2280000,570,0.0,,0.001313582994043827,,,,0.0,,,,,,,,,
2284000,571,0.0,,0.0009192656143568456,,,,0.0,,,,,,,,,
2288000,572,0.0,,2.6911604404449463,,,,0.0,,,,,,,,,
2292000,573,0.0,,0.396907240152359,,,,0.0,,,,,,,,,
2296000,574,0.0,,0.001594732515513897,,,,0.0,,,,,,,,,
2300000,575,0.0,,0.45667698979377747,,,,0.0,,,,,,,,,
2304000,576,0.0,,1.4058603048324585,,,,0.0,,,,,,,,,
2308000,577,0.0,,2.0057454109191895,,,,0.0,,,,,,,,,
2312000,578,0.0,,1.3455874919891357,,,,0.0,,,,,,,,,
2316000,579,0.0,,1.195449709892273,,,,0.0,,,,,,,,,
2320000,580,0.0,,0.0012454993557184935,,,,0.0,,,,,,,,,
2324000,581,0.0,,0.0010038140462711453,,,,0.0,,,,,,,,,
2328000,582,0.0,,1.9913421869277954,,,,0.0,,,,,,,,,
2332000,583,0.0,,1.1845568418502808,,,,0.0,,,,,,,,,
2336000,584,0.0,,0.0012507963692769408,,,,0.0,,,,,,,,,
2340000,585,0.0,,1.3421714305877686,,,,0.0,,,,,,,,,
2344000,586,0.0,,1.2214820384979248,,,,0.0,,,,,,,,,
2348000,587,0.0,,2.0795817375183105,,,,0.0,,,,,,,,,
2352000,588,0.0,,0.7252731323242188,,,,0.0,,,,,,,,,
2356000,589,0.0,,2.3008599281311035,,,,0.0,,,,,,,,,
2360000,590,0.0,,1.7136507034301758,,,,0.0,,,,,,,,,
2364000,591,0.0,,1.107173204421997,,,,0.0,,,,,,,,,
2368000,592,0.0,,0.8337357640266418,,,,0.0,,,,,,,,,
2372000,593,0.0,,2.5933547019958496,,,,0.0,,,,,,,,,
2376000,594,0.0,,3.5350241661071777,,,,0.0,,,,,,,,,
2380000,595,0.0,,0.0021329571027308702,,,,0.0,,,,,,,,,
2384000,596,0.0,,1.1711527109146118,,,,0.0,,,,,,,,,
2388000,597,0.0,,1.600494384765625,,,,0.0,,,,,,,,,
2392000,598,0.0,,2.8389248847961426,,,,0.0,,,,,,,,,
2396000,599,0.0,,0.003326200181618333,,,,0.0,,,,,,,,,
2400000,600,0.0,,3.685845375061035,,,,0.0,,,,,,,,,
2404000,601,0.0,,0.0033754506148397923,,,,0.0,,,,,,,,,
2408000,602,0.0,,0.002338878810405731,,,,0.0,,,,,,,,,
2412000,603,0.0,,0.0017131388885900378,,,,0.0,,,,,,,,,
2416000,604,0.0,,0.001347475335933268,,,,0.0,,,,,,,,,
2420000,605,0.0,,0.0011588570196181536,,,,0.0,,,,,,,,,
2424000,606,0.0,,2.169306993484497,,,,0.0,,,,,,,,,
2428000,607,0.0,,0.0011378966737538576,,,,0.0,,,,,,,,,
2432000,608,0.0,,0.0009805879089981318,,,,0.0,,,,,,,,,
2436000,609,0.0,,1.1805167198181152,,,,0.0,,,,,,,,,
2440000,610,0.0,,0.0010619453387334943,,,,0.0,,,,,,,,,
2444000,611,0.0,,1.6716747283935547,,,,0.0,,,,,,,,,
2448000,612,0.0,,0.0011219759471714497,,,,0.0,,,,,,,,,
2452000,613,0.0,,0.0009192161960527301,,,,0.0,,,,,,,,,
2456000,614,0.0,,0.0008983619627542794,,,,0.0,,,,,,,,,
2460000,615,0.0,,0.0007926725083962083,,,,0.0,,,,,,,,,
2464000,616,0.0,,0.0007416955777443945,,,,0.0,,,,,,,,,
2468000,617,0.0,,1.1974859237670898,,,,0.0,,,,,,,,,
2472000,618,0.0,,0.0011121794814243913,,,,0.0,,,,,,,,,
2476000,619,0.0,,0.0009295947384089231,,,,0.0,,,,,,,,,
2480000,620,0.0,,0.0007409672252833843,,,,0.0,,,,,,,,,
2484000,621,0.0,,0.0006906280177645385,,,,0.0,,,,,,,,,
2488000,622,0.0,,0.0006293731275945902,,,,0.0,,,,,,,,,
2492000,623,0.0,,0.7497099041938782,,,,0.0,,,,,,,,,
2496000,624,0.0,,0.0007854915456846356,,,,0.0,,,,,,,,,
2500000,625,0.0,,0.0006931292009539902,,,,0.0,,,,,,,,,
2504000,626,0.0,,2.069758892059326,,,,0.0,,,,,,,,,
2508000,627,0.0,,0.7520518898963928,,,,0.0,,,,,,,,,
2512000,628,0.0,,0.0009380992269143462,,,,0.0,,,,,,,,,
2516000,629,0.0,,0.0007869868422858417,,,,0.0,,,,,,,,,
2520000,630,0.0,,1.1879055500030518,,,,0.0,,,,,,,,,
2524000,631,0.0,,0.0009321125689893961,,,,0.0,,,,,,,,,
2528000,632,0.0,,0.0007737618871033192,,,,0.0,,,,,,,,,
2532000,633,0.0,,0.0006380535778589547,,,,0.0,,,,,,,,,
2536000,634,0.0,,0.0006145002553239465,,,,0.0,,,,,,,,,
2540000,635,0.0,,0.0005809006979689002,,,,0.0,,,,,,,,,
2544000,636,0.0,,0.0005397747736424208,,,,0.0,,,,,,,,,
2548000,637,0.0,,0.00055755052017048,,,,0.0,,,,,,,,,
2552000,638,0.0,,1.2418549060821533,,,,0.0,,,,,,,,,
2556000,639,0.0,,1.2917897701263428,,,,0.0,,,,,,,,,
2560000,640,0.0,,0.0010209715692326427,,,,0.0,,,,,,,,,
2564000,641,0.0,,0.0006642095395363867,,,,0.0,,,,,,,,,
2568000,642,0.0,,0.000638914352748543,,,,0.0,,,,,,,,,
2572000,643,0.0,,0.0005128842312842607,,,,0.0,,,,,,,,,
2576000,644,0.0,,0.0005407158751040697,,,,0.0,,,,,,,,,
2580000,645,0.0,,0.0005444439593702555,,,,0.0,,,,,,,,,
2584000,646,0.125,,0.9159820675849915,,,,0.125,,,,,,,,,
2588000,647,0.0,,0.0007729352219030261,,,,0.0,,,,,,,,,
2592000,648,0.0,,0.0005864363629370928,,,,0.0,,,,,,,,,
2596000,649,0.0,,0.0005804619286209345,,,,0.0,,,,,,,,,
2600000,650,0.0,,0.0004946138942614198,,,,0.0,,,,,,,,,
2604000,651,0.0,,0.0005196750280447304,,,,0.0,,,,,,,,,
2608000,652,0.0,,0.4498386085033417,,,,0.0,,,,,,,,,
2612000,653,0.0,,1.295617699623108,,,,0.0,,,,,,,,,
2616000,654,0.0,,1.7509173154830933,,,,0.0,,,,,,,,,
2620000,655,0.0,,0.0009179884800687432,,,,0.0,,,,,,,,,
2624000,656,0.0,,1.314896583557129,,,,0.0,,,,,,,,,
2628000,657,0.0,,1.6514065265655518,,,,0.0,,,,,,,,,
2632000,658,0.0,,0.0011676633730530739,,,,0.0,,,,,,,,,
2636000,659,0.0,,1.190816879272461,,,,0.0,,,,,,,,,
2640000,660,0.0,,0.888221800327301,,,,0.0,,,,,,,,,
2644000,661,0.0,,1.4359610080718994,,,,0.0,,,,,,,,,
2648000,662,0.0,,0.0010480597848072648,,,,0.0,,,,,,,,,
2652000,663,0.0,,1.3514593839645386,,,,0.0,,,,,,,,,
2656000,664,0.0,,0.0009594695875421166,,,,0.0,,,,,,,,,
2660000,665,0.0,,3.974292278289795,,,,0.0,,,,,,,,,
2664000,666,0.0,,0.0023560593836009502,,,,0.0,,,,,,,,,
2668000,667,0.0,,0.0015830784104764462,,,,0.0,,,,,,,,,
2672000,668,0.0,,1.554618000984192,,,,0.0,,,,,,,,,
2676000,669,0.0,,1.2226390838623047,,,,0.0,,,,,,,,,
2680000,670,0.0,,0.4520553648471832,,,,0.0,,,,,,,,,
2684000,671,0.0,,0.0013281634310260415,,,,0.0,,,,,,,,,
2688000,672,0.0,,0.0010826513171195984,,,,0.0,,,,,,,,,
2692000,673,0.0,,1.3207497596740723,,,,0.0,,,,,,,,,
2696000,674,0.0,,0.8172337412834167,,,,0.0,,,,,,,,,
2700000,675,0.0,,0.00102326855994761,,,,0.0,,,,,,,,,
2704000,676,0.0,,1.675445795059204,,,,0.0,,,,,,,,,
2708000,677,0.0,,1.2574716806411743,,,,0.0,,,,,,,,,
2712000,678,0.0,,0.0013384458143264055,,,,0.0,,,,,,,,,
2716000,679,0.0,,0.0010333642130717635,,,,0.0,,,,,,,,,
2720000,680,0.0,,0.0008331571007147431,,,,0.0,,,,,,,,,
2724000,681,0.0,,0.0007409727550111711,,,,0.0,,,,,,,,,
2728000,682,0.0,,0.0006370150949805975,,,,0.0,,,,,,,,,
2732000,683,0.0,,0.0006310429889708757,,,,0.0,,,,,,,,,
2736000,684,0.0,,0.0005937067326158285,,,,0.0,,,,,,,,,
2740000,685,0.0,,0.0005946990568190813,,,,0.0,,,,,,,,,
2744000,686,0.0,,0.0005681256297975779,,,,0.0,,,,,,,,,
2748000,687,0.0,,0.0005682026967406273,,,,0.0,,,,,,,,,
2752000,688,0.0,,2.0245707035064697,,,,0.0,,,,,,,,,
2756000,689,0.0,,0.0007504593231715262,,,,0.0,,,,,,,,,
2760000,690,0.0,,0.0006315485807135701,,,,0.0,,,,,,,,,
2764000,691,0.0,,0.0005466797156259418,,,,0.0,,,,,,,,,
2768000,692,0.0,,0.0005550972418859601,,,,0.0,,,,,,,,,
2772000,693,0.0,,0.7792102694511414,,,,0.0,,,,,,,,,
2776000,694,0.0,,0.0006608660332858562,,,,0.0,,,,,,,,,
2780000,695,0.0,,0.0005509690963663161,,,,0.0,,,,,,,,,
2784000,696,0.0,,0.0005146602634340525,,,,0.0,,,,,,,,,
2788000,697,0.0,,0.00047332083340734243,,,,0.0,,,,,,,,,
2792000,698,0.0,,2.7729671001434326,,,,0.0,,,,,,,,,
2796000,699,0.0,,0.001082356320694089,,,,0.0,,,,,,,,,
2800000,700,0.0,,0.0008834527106955647,,,,0.0,,,,,,,,,
2804000,701,0.0,,0.000696282833814621,,,,0.0,,,,,,,,,
2808000,702,0.0,,0.0005684130592271686,,,,0.0,,,,,,,,,
2812000,703,0.0,,0.0005430913879536092,,,,0.0,,,,,,,,,
2816000,704,0.0,,0.0005218280130065978,,,,0.0,,,,,,,,,
2820000,705,0.0,,2.456021785736084,,,,0.0,,,,,,,,,
2824000,706,0.0,,0.0008980311686173081,,,,0.0,,,,,,,,,
2828000,707,0.0,,0.0006907465285621583,,,,0.0,,,,,,,,,
2832000,708,0.0,,0.0005514275981113315,,,,0.0,,,,,,,,,
2836000,709,0.0,,0.000521807640325278,,,,0.0,,,,,,,,,
2840000,710,0.0,,0.0004717617412097752,,,,0.0,,,,,,,,,
2844000,711,0.0,,0.0004466631216928363,,,,0.0,,,,,,,,,
2848000,712,0.0,,0.00043547849054448307,,,,0.0,,,,,,,,,
2852000,713,0.0,,0.00043101265328004956,,,,0.0,,,,,,,,,
2856000,714,0.0,,0.0004035067104268819,,,,0.0,,,,,,,,,
2860000,715,0.0,,0.00043786916648969054,,,,0.0,,,,,,,,,
2864000,716,0.0,,0.0003936091670766473,,,,0.0,,,,,,,,,
2868000,717,0.0,,0.00039196122088469565,,,,0.0,,,,,,,,,
2872000,718,0.0,,0.00038717547431588173,,,,0.0,,,,,,,,,
2876000,719,0.0,,0.0003752591146621853,,,,0.0,,,,,,,,,
2880000,720,0.0,,2.0359339714050293,,,,0.0,,,,,,,,,
2884000,721,0.0,,0.0006710521411150694,,,,0.0,,,,,,,,,
2888000,722,0.0,,0.0005134185194037855,,,,0.0,,,,,,,,,
2892000,723,0.0,,0.00045261040213517845,,,,0.0,,,,,,,,,
2896000,724,0.0,,0.00043245358392596245,,,,0.0,,,,,,,,,
2900000,725,0.0,,2.132836103439331,,,,0.0,,,,,,,,,
2904000,726,0.0,,0.0006886647315695882,,,,0.0,,,,,,,,,
2908000,727,0.0,,1.4360315799713135,,,,0.0,,,,,,,,,
2912000,728,0.0,,3.1069352626800537,,,,0.0,,,,,,,,,
2916000,729,0.0,,0.9431745409965515,,,,0.0,,,,,,,,,
2920000,730,0.0,,0.4035145044326782,,,,0.0,,,,,,,,,
2924000,731,0.0,,0.0012703652027994394,,,,0.0,,,,,,,,,
2928000,732,0.0,,0.001047138823196292,,,,0.0,,,,,,,,,
2932000,733,0.0,,0.0008031640900298953,,,,0.0,,,,,,,,,
2936000,734,0.0,,0.0006748012965545058,,,,0.0,,,,,,,,,
2940000,735,0.0,,0.0006217745831236243,,,,0.0,,,,,,,,,
2944000,736,0.0,,0.0005520459380932152,,,,0.0,,,,,,,,,
2948000,737,0.0,,0.7682011127471924,,,,0.0,,,,,,,,,
2952000,738,0.0,,0.0006017269333824515,,,,0.0,,,,,,,,,
2956000,739,0.0,,1.4271243810653687,,,,0.0,,,,,,,,,
2960000,740,0.0,,0.0007876179879531264,,,,0.0,,,,,,,,,
2964000,741,0.0,,0.0005824873805977404,,,,0.0,,,,,,,,,
2968000,742,0.0,,0.0005121422000229359,,,,0.0,,,,,,,,,
2972000,743,0.0,,0.0004210887709632516,,,,0.0,,,,,,,,,
2976000,744,0.0,,0.00038686051266267896,,,,0.0,,,,,,,,,
2980000,745,0.0,,0.9581461548805237,,,,0.0,,,,,,,,,
2984000,746,0.0,,0.000737988215405494,,,,0.0,,,,,,,,,
2988000,747,0.0,,0.0005124512827023864,,,,0.0,,,,,,,,,
2992000,748,0.0,,0.0005512580974027514,,,,0.0,,,,,,,,,
2996000,749,0.0,,0.000433395616710186,,,,0.0,,,,,,,,,
3000000,750,0.0,,0.0003659732174128294,,,,0.0,,,,,,,,,
3004000,751,0.0,,0.0003572261775843799,,,,0.0,,,,,,,,,
3008000,752,0.0,,0.00041630363557487726,,,,0.0,,,,,,,,,
3012000,753,0.0,,0.5105863809585571,,,,0.0,,,,,,,,,
3016000,754,0.0,,0.4427145719528198,,,,0.0,,,,,,,,,
3020000,755,0.0,,0.0004931210423819721,,,,0.0,,,,,,,,,
3024000,756,0.0,,1.2108241319656372,,,,0.0,,,,,,,,,
3028000,757,0.0,,0.0005597725976258516,,,,0.0,,,,,,,,,
3032000,758,0.0,,0.0004452581633813679,,,,0.0,,,,,,,,,
3036000,759,0.0,,0.0003778249956667423,,,,0.0,,,,,,,,,
3040000,760,0.0,,0.9454367756843567,,,,0.0,,,,,,,,,
3044000,761,0.0,,0.0004913945449516177,,,,0.0,,,,,,,,,
3048000,762,0.0,,0.00046772370114922523,,,,0.0,,,,,,,,,
3052000,763,0.0,,0.0003793055657297373,,,,0.0,,,,,,,,,
3056000,764,0.0,,0.0003444512840360403,,,,0.0,,,,,,,,,
3060000,765,0.0,,0.00030613294802606106,,,,0.0,,,,,,,,,
3064000,766,0.0,,0.0003902054450009018,,,,0.0,,,,,,,,,
3068000,767,0.0,,0.00038066733395680785,,,,0.0,,,,,,,,,
3072000,768,0.0,,0.00029653083765879273,,,,0.0,,,,,,,,,
3076000,769,0.0,,0.0003038824943359941,,,,0.0,,,,,,,,,
3080000,770,0.0,,0.00029979320243000984,,,,0.0,,,,,,,,,
3084000,771,0.0,,0.00029735936550423503,,,,0.0,,,,,,,,,
3088000,772,0.0,,0.00030832935590296984,,,,0.0,,,,,,,,,
3092000,773,0.0,,0.00031519815092906356,,,,0.0,,,,,,,,,
3096000,774,0.0,,0.00032735420973040164,,,,0.0,,,,,,,,,
3100000,775,0.0,,0.00029871909646317363,,,,0.0,,,,,,,,,
3104000,776,0.0,,0.0003109406097792089,,,,0.0,,,,,,,,,
3108000,777,0.125,,0.0002970833738800138,,,,0.125,,,,,,,,,
3112000,778,0.0,,0.0003568204992916435,,,,0.0,,,,,,,,,
3116000,779,0.0,,0.00025400653248652816,,,,0.0,,,,,,,,,
3120000,780,0.0,,1.5125298500061035,,,,0.0,,,,,,,,,
3124000,781,0.0,,0.0006178633775562048,,,,0.0,,,,,,,,,
3128000,782,0.0,,1.9665839672088623,,,,0.0,,,,,,,,,
3132000,783,0.0,,0.0012511583045125008,,,,0.0,,,,,,,,,
3136000,784,0.0,,1.8048392534255981,,,,0.0,,,,,,,,,
3140000,785,0.0,,0.0016512346919625998,,,,0.0,,,,,,,,,
3144000,786,0.0,,1.4413219690322876,,,,0.0,,,,,,,,,
3148000,787,0.0,,1.4246749877929688,,,,0.0,,,,,,,,,
3152000,788,0.0,,0.0026423591189086437,,,,0.0,,,,,,,,,
3156000,789,0.0,,0.9393250346183777,,,,0.0,,,,,,,,,
3160000,790,0.0,,0.9876479506492615,,,,0.0,,,,,,,,,
3164000,791,0.0,,1.239138126373291,,,,0.0,,,,,,,,,
3168000,792,0.0,,1.56522798538208,,,,0.0,,,,,,,,,
3172000,793,0.0,,0.00280503137037158,,,,0.0,,,,,,,,,
3176000,794,0.0,,0.002145875710994005,,,,0.0,,,,,,,,,
3180000,795,0.0,,0.0017362047219648957,,,,0.0,,,,,,,,,
3184000,796,0.0,,0.8759089708328247,,,,0.0,,,,,,,,,
3188000,797,0.0,,0.0017839140491560102,,,,0.0,,,,,,,,,
3192000,798,0.0,,0.0014550199266523123,,,,0.0,,,,,,,,,
3196000,799,0.0,,0.0011443252442404628,,,,0.0,,,,,,,,,
3200000,800,0.0,,0.0009656196343712509,,,,0.0,,,,,,,,,
3204000,801,0.0,,0.0009417007095180452,,,,0.0,,,,,,,,,
3208000,802,0.0,,0.0007972308667376637,,,,0.0,,,,,,,,,
3212000,803,0.0,,0.0007399354362860322,,,,0.0,,,,,,,,,
3216000,804,0.0,,0.0007167112198658288,,,,0.0,,,,,,,,,
3220000,805,0.0,,0.0006380429258570075,,,,0.0,,,,,,,,,
3224000,806,0.0,,0.0006431677611544728,,,,0.0,,,,,,,,,
3228000,807,0.0,,0.0005815912736579776,,,,0.0,,,,,,,,,
3232000,808,0.0,,0.0006523049669340253,,,,0.0,,,,,,,,,
3236000,809,0.0,,0.0005869001615792513,,,,0.0,,,,,,,,,
3240000,810,0.0,,0.0006074038101360202,,,,0.0,,,,,,,,,
3244000,811,0.0,,0.000573496101424098,,,,0.0,,,,,,,,,
3248000,812,0.0,,0.0005996313993819058,,,,0.0,,,,,,,,,
3252000,813,0.0,,0.0005642234464175999,,,,0.0,,,,,,,,,
3256000,814,0.0,,0.0004729828506242484,,,,0.0,,,,,,,,,
3260000,815,0.0,,0.0005794856697320938,,,,0.0,,,,,,,,,
3264000,816,0.0,,0.0005701847840100527,,,,0.0,,,,,,,,,
3268000,817,0.0,,0.0005516658420674503,,,,0.0,,,,,,,,,
3272000,818,0.0,,0.0004778706352226436,,,,0.0,,,,,,,,,
3276000,819,0.0,,0.0005406633717939258,,,,0.0,,,,,,,,,
3280000,820,0.0,,0.0004923915257677436,,,,0.0,,,,,,,,,
3284000,821,0.0,,1.0321530103683472,,,,0.0,,,,,,,,,
3288000,822,0.0,,2.091426134109497,,,,0.0,,,,,,,,,
3292000,823,0.0,,0.0015315857017412782,,,,0.0,,,,,,,,,
3296000,824,0.0,,0.001115227583795786,,,,0.0,,,,,,,,,
3300000,825,0.0,,0.000932596274651587,,,,0.0,,,,,,,,,
3304000,826,0.0,,0.000796512933447957,,,,0.0,,,,,,,,,
3308000,827,0.0,,0.00085660838522017,,,,0.0,,,,,,,,,
3312000,828,0.0,,0.0006567662348970771,,,,0.0,,,,,,,,,
3316000,829,0.0,,0.0006261050002649426,,,,0.0,,,,,,,,,
3320000,830,0.0,,0.000546120572835207,,,,0.0,,,,,,,,,
3324000,831,0.0,,0.0005467429291456938,,,,0.0,,,,,,,,,
3328000,832,0.0,,0.0005246634827926755,,,,0.0,,,,,,,,,
3332000,833,0.0,,0.0005289844120852649,,,,0.0,,,,,,,,,
3336000,834,0.0,,0.0005008072475902736,,,,0.0,,,,,,,,,
3340000,835,0.0,,1.4035083055496216,,,,0.0,,,,,,,,,
3344000,836,0.0,,0.0011346910614520311,,,,0.0,,,,,,,,,
3348000,837,0.0,,0.0007554475450888276,,,,0.0,,,,,,,,,
3352000,838,0.0,,0.0006228197598829865,,,,0.0,,,,,,,,,
3356000,839,0.0,,0.0005741231143474579,,,,0.0,,,,,,,,,
3360000,840,0.0,,0.0005500758998095989,,,,0.0,,,,,,,,,
3364000,841,0.0,,0.000514367944560945,,,,0.0,,,,,,,,,
3368000,842,0.0,,0.0004239265981595963,,,,0.0,,,,,,,,,
3372000,843,0.0,,1.693544864654541,,,,0.0,,,,,,,,,
3376000,844,0.0,,0.001414828235283494,,,,0.0,,,,,,,,,
3380000,845,0.0,,0.0008591635851189494,,,,0.0,,,,,,,,,
3384000,846,0.0,,0.0007125611882656813,,,,0.0,,,,,,,,,
3388000,847,0.0,,0.0006039018626324832,,,,0.0,,,,,,,,,
3392000,848,0.0,,0.0005938162794336677,,,,0.0,,,,,,,,,
3396000,849,0.0,,1.4051239490509033,,,,0.0,,,,,,,,,
3400000,850,0.0,,0.0008526578894816339,,,,0.0,,,,,,,,,
3404000,851,0.0,,0.0007115696789696813,,,,0.0,,,,,,,,,
3408000,852,0.0,,0.0006590242264792323,,,,0.0,,,,,,,,,
3412000,853,0.0,,2.1270487308502197,,,,0.0,,,,,,,,,
3416000,854,0.0,,0.0013395806308835745,,,,0.0,,,,,,,,,
3420000,855,0.0,,0.0012204900849610567,,,,0.0,,,,,,,,,
3424000,856,0.0,,0.9890643358230591,,,,0.0,,,,,,,,,
3428000,857,0.0,,0.001344333286397159,,,,0.0,,,,,,,,,
3432000,858,0.0,,0.001009161351248622,,,,0.0,,,,,,,,,
3436000,859,0.0,,0.0007963986718095839,,,,0.0,,,,,,,,,
3440000,860,0.0,,0.944788932800293,,,,0.0,,,,,,,,,
3444000,861,0.0,,0.0008392625604756176,,,,0.0,,,,,,,,,
3448000,862,0.0,,0.0006651898147538304,,,,0.0,,,,,,,,,
3452000,863,0.0,,0.0006399890407919884,,,,0.0,,,,,,,,,
3456000,864,0.0,,1.1809455156326294,,,,0.0,,,,,,,,,
3460000,865,0.0,,0.0008565826574340463,,,,0.0,,,,,,,,,
3464000,866,0.0,,0.0007009577238932252,,,,0.0,,,,,,,,,
3468000,867,0.0,,0.9494448900222778,,,,0.0,,,,,,,,,
3472000,868,0.0,,0.0006862456211820245,,,,0.0,,,,,,,,,
3476000,869,0.0,,1.6131802797317505,,,,0.0,,,,,,,,,
3480000,870,0.0,,0.0008641502936370671,,,,0.0,,,,,,,,,
3484000,871,0.0,,0.0007029312546364963,,,,0.0,,,,,,,,,
3488000,872,0.0,,0.0006354162469506264,,,,0.0,,,,,,,,,
3492000,873,0.0,,1.7832750082015991,,,,0.0,,,,,,,,,
3496000,874,0.0,,0.0010637661907821894,,,,0.0,,,,,,,,,
3500000,875,0.0,,0.0008521232521161437,,,,0.0,,,,,,,,,
3504000,876,0.0,,0.0007373594562523067,,,,0.0,,,,,,,,,
3508000,877,0.0,,1.487604022026062,,,,0.0,,,,,,,,,
3512000,878,0.0,,1.5054590702056885,,,,0.0,,,,,,,,,
3516000,879,0.0,,1.957537055015564,,,,0.0,,,,,,,,,
3520000,880,0.0,,0.0015043886378407478,,,,0.0,,,,,,,,,
3524000,881,0.0,,0.00112877506762743,,,,0.0,,,,,,,,,
3528000,882,0.0,,0.0009329055319540203,,,,0.0,,,,,,,,,
3532000,883,0.0,,0.0007671935600228608,,,,0.0,,,,,,,,,
3536000,884,0.0,,0.0006937048165127635,,,,0.0,,,,,,,,,
3540000,885,0.0,,0.0005964575102552772,,,,0.0,,,,,,,,,
3544000,886,0.0,,1.1659516096115112,,,,0.0,,,,,,,,,
3548000,887,0.0,,2.605989456176758,,,,0.0,,,,,,,,,
3552000,888,0.0,,0.0011184175964444876,,,,0.0,,,,,,,,,
3556000,889,0.0,,1.9681825637817383,,,,0.0,,,,,,,,,
3560000,890,0.0,,0.0018328173318877816,,,,0.0,,,,,,,,,
3564000,891,0.0,,0.0014856936177238822,,,,0.0,,,,,,,,,
3568000,892,0.0,,0.0010401371400803328,,,,0.0,,,,,,,,,
3572000,893,0.0,,0.0008440263336524367,,,,0.0,,,,,,,,,
3576000,894,0.0,,0.0008552192593924701,,,,0.0,,,,,,,,,
3580000,895,0.0,,1.0017001628875732,,,,0.0,,,,,,,,,
3584000,896,0.0,,0.0008690705290064216,,,,0.0,,,,,,,,,
3588000,897,0.0,,0.000669546308927238,,,,0.0,,,,,,,,,
3592000,898,0.0,,0.000633742893114686,,,,0.0,,,,,,,,,
3596000,899,0.0,,0.0005798360798507929,,,,0.0,,,,,,,,,
3600000,900,0.0,,1.9869012832641602,,,,0.0,,,,,,,,,
3604000,901,0.0,,0.5636351108551025,,,,0.0,,,,,,,,,
3608000,902,0.0,,0.0012227625120431185,,,,0.0,,,,,,,,,
3612000,903,0.0,,0.0008698489400558174,,,,0.0,,,,,,,,,
3616000,904,0.0,,0.0007176182116381824,,,,0.0,,,,,,,,,
3620000,905,0.0,,0.000618337478954345,,,,0.0,,,,,,,,,
3624000,906,0.0,,0.0005836432101204991,,,,0.0,,,,,,,,,
3628000,907,0.0,,0.0005195494741201401,,,,0.0,,,,,,,,,
3632000,908,0.0,,0.0004988258006051183,,,,0.0,,,,,,,,,
3636000,909,0.0,,0.0004981161910109222,,,,0.0,,,,,,,,,
3640000,910,0.0,,0.0004375465214252472,,,,0.0,,,,,,,,,
3644000,911,0.125,,2.449084997177124,,,,0.125,,,,,,,,,
3648000,912,0.0,,0.001615892630070448,,,,0.0,,,,,,,,,
3652000,913,0.0,,0.0010250303894281387,,,,0.0,,,,,,,,,
3656000,914,0.0,,1.12515389919281,,,,0.0,,,,,,,,,
3660000,915,0.0,,0.522235631942749,,,,0.0,,,,,,,,,
3664000,916,0.0,,2.1622884273529053,,,,0.0,,,,,,,,,
3668000,917,0.0,,2.8896572589874268,,,,0.0,,,,,,,,,
3672000,918,0.0,,0.006703465711325407,,,,0.0,,,,,,,,,
3676000,919,0.0,,0.005239228717982769,,,,0.0,,,,,,,,,
3680000,920,0.0,,0.0051245554350316525,,,,0.0,,,,,,,,,
3684000,921,0.0,,0.004558193497359753,,,,0.0,,,,,,,,,
3688000,922,0.0,,1.0348161458969116,,,,0.0,,,,,,,,,
3692000,923,0.0,,1.6509374380111694,,,,0.0,,,,,,,,,
3696000,924,0.0,,0.0031674581114202738,,,,0.0,,,,,,,,,
3700000,925,0.0,,0.0019233257044106722,,,,0.0,,,,,,,,,
3704000,926,0.0,,0.001596459886059165,,,,0.0,,,,,,,,,
3708000,927,0.0,,0.0014078198000788689,,,,0.0,,,,,,,,,
3712000,928,0.0,,0.0012184574734419584,,,,0.0,,,,,,,,,
3716000,929,0.0,,0.5393049120903015,,,,0.0,,,,,,,,,
3720000,930,0.0,,0.0012422828003764153,,,,0.0,,,,,,,,,
3724000,931,0.0,,1.104382872581482,,,,0.0,,,,,,,,,
3728000,932,0.0,,0.0011812909506261349,,,,0.0,,,,,,,,,
3732000,933,0.0,,0.0010628299787640572,,,,0.0,,,,,,,,,
3736000,934,0.0,,0.0009467616910114884,,,,0.0,,,,,,,,,
3740000,935,0.0,,0.0007847527740523219,,,,0.0,,,,,,,,,
3744000,936,0.0,,0.0007289031054824591,,,,0.0,,,,,,,,,
3748000,937,0.0,,0.0007160744862630963,,,,0.0,,,,,,,,,
3752000,938,0.0,,0.0007358728325925767,,,,0.0,,,,,,,,,
3756000,939,0.0,,0.6201367378234863,,,,0.0,,,,,,,,,
3760000,940,0.0,,0.0009238846832886338,,,,0.0,,,,,,,,,
3764000,941,0.0,,1.5872467756271362,,,,0.0,,,,,,,,,
3768000,942,0.0,,0.0012573375133797526,,,,0.0,,,,,,,,,
3772000,943,0.0,,0.0009379170369356871,,,,0.0,,,,,,,,,
3776000,944,0.0,,0.0008378069614991546,,,,0.0,,,,,,,,,
3780000,945,0.0,,1.631906509399414,,,,0.0,,,,,,,,,
3784000,946,0.0,,0.0010225551668554544,,,,0.0,,,,,,,,,
3788000,947,0.125,,0.0011592216324061155,,,,0.125,,,,,,,,,
3792000,948,0.0,,0.0007669709157198668,,,,0.0,,,,,,,,,
3796000,949,0.0,,0.673974335193634,,,,0.0,,,,,,,,,
3800000,950,0.0,,2.871943473815918,,,,0.0,,,,,,,,,
3804000,951,0.0,,0.00206596776843071,,,,0.0,,,,,,,,,
3808000,952,0.0,,0.0013337808195501566,,,,0.0,,,,,,,,,
3812000,953,0.0,,3.409297227859497,,,,0.0,,,,,,,,,
3816000,954,0.0,,0.0022732603829354048,,,,0.0,,,,,,,,,
3820000,955,0.0,,0.002157800132408738,,,,0.0,,,,,,,,,
3824000,956,0.0,,1.5250847339630127,,,,0.0,,,,,,,,,
3828000,957,0.0,,0.001670641591772437,,,,0.0,,,,,,,,,
3832000,958,0.0,,0.001322955940850079,,,,0.0,,,,,,,,,
3836000,959,0.0,,0.0011093269567936659,,,,0.0,,,,,,,,,
3840000,960,0.0,,0.0009954929118975997,,,,0.0,,,,,,,,,
3844000,961,0.0,,1.5651575326919556,,,,0.0,,,,,,,,,
3848000,962,0.0,,1.1124292612075806,,,,0.0,,,,,,,,,
3852000,963,0.0,,0.0013353810645639896,,,,0.0,,,,,,,,,
3856000,964,0.0,,1.5141879320144653,,,,0.0,,,,,,,,,
3860000,965,0.0,,1.5869125127792358,,,,0.0,,,,,,,,,
3864000,966,0.0,,0.0017086472362279892,,,,0.0,,,,,,,,,
3868000,967,0.0,,2.7429909706115723,,,,0.0,,,,,,,,,
3872000,968,0.0,,0.002375957788899541,,,,0.0,,,,,,,,,
3876000,969,0.0,,2.066075086593628,,,,0.0,,,,,,,,,
3880000,970,0.0,,0.0021669522393494844,,,,0.0,,,,,,,,,
3884000,971,0.0,,0.0016903907526284456,,,,0.0,,,,,,,,,
3888000,972,0.0,,0.001446383073925972,,,,0.0,,,,,,,,,
3892000,973,0.0,,0.0012989600654691458,,,,0.0,,,,,,,,,
3896000,974,0.125,,1.3001081943511963,,,,0.125,,,,,,,,,
3900000,975,0.0,,3.5135607719421387,,,,0.0,,,,,,,,,
3904000,976,0.0,,0.003164221765473485,,,,0.0,,,,,,,,,
3908000,977,0.0,,1.0120896100997925,,,,0.0,,,,,,,,,
3912000,978,0.0,,0.0023290100507438183,,,,0.0,,,,,,,,,
3916000,979,0.0,,1.7582449913024902,,,,0.0,,,,,,,,,
3920000,980,0.0,,1.1571918725967407,,,,0.0,,,,,,,,,
3924000,981,0.0,,0.002033649478107691,,,,0.0,,,,,,,,,
3928000,982,0.0,,0.0016351586673408747,,,,0.0,,,,,,,,,
3932000,983,0.0,,1.0107423067092896,,,,0.0,,,,,,,,,
3936000,984,0.125,,1.5544805526733398,,,,0.125,,,,,,,,,
3940000,985,0.0,,3.682563543319702,,,,0.0,,,,,,,,,
3944000,986,0.0,,0.5384805798530579,,,,0.0,,,,,,,,,
3948000,987,0.0,,0.002873999299481511,,,,0.0,,,,,,,,,
3952000,988,0.0,,4.530976295471191,,,,0.0,,,,,,,,,
3956000,989,0.0,,5.953299522399902,,,,0.0,,,,,,,,,
3960000,990,0.0,,1.1870909929275513,,,,0.0,,,,,,,,,
3964000,991,0.0,,1.6590259075164795,,,,0.0,,,,,,,,,
3968000,992,0.0,,2.968421459197998,,,,0.0,,,,,,,,,
3972000,993,0.0,,2.142758369445801,,,,0.0,,,,,,,,,
3976000,994,0.0,,0.006559526547789574,,,,0.0,,,,,,,,,
3980000,995,0.0,,1.4497755765914917,,,,0.0,,,,,,,,,
3984000,996,0.0,,1.117919683456421,,,,0.0,,,,,,,,,
3988000,997,0.0,,0.002478218637406826,,,,0.0,,,,,,,,,
3992000,998,0.0,,1.1177347898483276,,,,0.0,,,,,,,,,
3996000,999,0.0,,1.650090217590332,,,,0.0,,,,,,,,,
4000000,1000,0.0,,0.0020672271493822336,,,,0.0,,,,,,,,,
4004000,1001,0.0,,3.027644634246826,,,,0.0,,,,,,,,,
4008000,1002,0.0,,3.9526679515838623,,,,0.0,,,,,,,,,
4012000,1003,0.0,,2.5268664360046387,,,,0.0,,,,,,,,,
4016000,1004,0.0,,1.3938062191009521,,,,0.0,,,,,,,,,
4020000,1005,0.0,,2.0354084968566895,,,,0.0,,,,,,,,,
4024000,1006,0.0,,1.4754043817520142,,,,0.0,,,,,,,,,
4028000,1007,0.0,,0.004316509235650301,,,,0.0,,,,,,,,,
4032000,1008,0.0,,0.6044731736183167,,,,0.0,,,,,,,,,
4036000,1009,0.0,,0.003412924474105239,,,,0.0,,,,,,,,,
4040000,1010,0.0,,3.9055750370025635,,,,0.0,,,,,,,,,
4044000,1011,0.0,,1.404531717300415,,,,0.0,,,,,,,,,
4048000,1012,0.0,,3.1817877292633057,,,,0.0,,,,,,,,,
4052000,1013,0.0,,0.0037413639947772026,,,,0.0,,,,,,,,,
4056000,1014,0.0,,0.0034793782979249954,,,,0.0,,,,,,,,,
4060000,1015,0.0,,0.002340257866308093,,,,0.0,,,,,,,,,
4064000,1016,0.0,,2.1296610832214355,,,,0.0,,,,,,,,,
4068000,1017,0.0,,0.0035970211029052734,,,,0.0,,,,,,,,,
4072000,1018,0.0,,0.0020963717252016068,,,,0.0,,,,,,,,,
4076000,1019,0.0,,3.588787317276001,,,,0.0,,,,,,,,,
4080000,1020,0.0,,1.7244518995285034,,,,0.0,,,,,,,,,
4084000,1021,0.0,,2.761627435684204,,,,0.0,,,,,,,,,
4088000,1022,0.0,,0.003357414621859789,,,,0.0,,,,,,,,,
4092000,1023,0.0,,1.0116275548934937,,,,0.0,,,,,,,,,
4096000,1024,0.0,,2.0842111110687256,,,,0.0,,,,,,,,,
4100000,1025,0.0,,2.546996593475342,,,,0.0,,,,,,,,,
4104000,1026,0.0,,1.0202919244766235,,,,0.0,,,,,,,,,
4108000,1027,0.0,,2.577467918395996,,,,0.0,,,,,,,,,
4112000,1028,0.0,,2.4495444297790527,,,,0.0,,,,,,,,,
4116000,1029,0.0,,4.00724983215332,,,,0.0,,,,,,,,,
4120000,1030,0.0,,0.004518237430602312,,,,0.0,,,,,,,,,
4124000,1031,0.0,,1.6807173490524292,,,,0.0,,,,,,,,,
4128000,1032,0.0,,3.9654598236083984,,,,0.0,,,,,,,,,
4132000,1033,0.0,,0.9540132284164429,,,,0.0,,,,,,,,,
4136000,1034,0.25,,0.003017548006027937,,,,0.25,,,,,,,,,
4140000,1035,0.0,,1.5939244031906128,,,,0.0,,,,,,,,,
4144000,1036,0.0,,3.0618724822998047,,,,0.0,,,,,,,,,
4148000,1037,0.0,,2.0368235111236572,,,,0.0,,,,,,,,,
4152000,1038,0.0,,1.0743836164474487,,,,0.0,,,,,,,,,
4156000,1039,0.0,,0.0036329692229628563,,,,0.0,,,,,,,,,
4160000,1040,0.0,,0.002952930983155966,,,,0.0,,,,,,,,,
4164000,1041,0.0,,1.1157282590866089,,,,0.0,,,,,,,,,
4168000,1042,0.0,,5.748297691345215,,,,0.0,,,,,,,,,
4172000,1043,0.0,,1.019335389137268,,,,0.0,,,,,,,,,
4176000,1044,0.0,,1.7656173706054688,,,,0.0,,,,,,,,,
4180000,1045,0.0,,0.004328527022153139,,,,0.0,,,,,,,,,
4184000,1046,0.125,,0.0030348864383995533,,,,0.125,,,,,,,,,
4188000,1047,0.0,,0.002897857455536723,,,,0.0,,,,,,,,,
4192000,1048,0.0,,3.8877549171447754,,,,0.0,,,,,,,,,
4196000,1049,0.0,,2.284221649169922,,,,0.0,,,,,,,,,
4200000,1050,0.0,,0.0040603275410830975,,,,0.0,,,,,,,,,
4204000,1051,0.0,,2.5546445846557617,,,,0.0,,,,,,,,,
4208000,1052,0.0,,3.0754780769348145,,,,0.0,,,,,,,,,
4212000,1053,0.0,,3.668320655822754,,,,0.0,,,,,,,,,
4216000,1054,0.0,,1.4378650188446045,,,,0.0,,,,,,,,,
4220000,1055,0.0,,1.5367475748062134,,,,0.0,,,,,,,,,
4224000,1056,0.0,,1.9927242994308472,,,,0.0,,,,,,,,,
4228000,1057,0.0,,2.3975837230682373,,,,0.0,,,,,,,,,
4232000,1058,0.0,,0.007295338436961174,,,,0.0,,,,,,,,,
4236000,1059,0.0,,3.4616594314575195,,,,0.0,,,,,,,,,
4240000,1060,0.0,,2.99661922454834,,,,0.0,,,,,,,,,
4244000,1061,0.0,,5.996980667114258,,,,0.0,,,,,,,,,
4248000,1062,0.125,,4.410082817077637,,,,0.125,,,,,,,,,
4252000,1063,0.0,,3.6727309226989746,,,,0.0,,,,,,,,,
4256000,1064,0.0,,4.030476093292236,,,,0.0,,,,,,,,,
4260000,1065,0.0,,0.8769950866699219,,,,0.0,,,,,,,,,
4264000,1066,0.125,,3.8596038818359375,,,,0.125,,,,,,,,,
4268000,1067,0.0,,5.96822452545166,,,,0.0,,,,,,,,,
4272000,1068,0.0,,0.5471848845481873,,,,0.0,,,,,,,,,
4276000,1069,0.0,,8.501154899597168,,,,0.0,,,,,,,,,
4280000,1070,0.0,,1.0379992723464966,,,,0.0,,,,,,,,,
4284000,1071,0.0,,4.559230804443359,,,,0.0,,,,,,,,,
4288000,1072,0.0,,0.010395733639597893,,,,0.0,,,,,,,,,
4292000,1073,0.0,,2.257716655731201,,,,0.0,,,,,,,,,
4296000,1074,0.0,,0.5087230801582336,,,,0.0,,,,,,,,,
4300000,1075,0.0,,1.4091435670852661,,,,0.0,,,,,,,,,
4304000,1076,0.0,,2.287986993789673,,,,0.0,,,,,,,,,
4308000,1077,0.0,,0.004936875309795141,,,,0.0,,,,,,,,,
4312000,1078,0.0,,2.7604002952575684,,,,0.0,,,,,,,,,
4316000,1079,0.0,,0.004338274709880352,,,,0.0,,,,,,,,,
4320000,1080,0.125,,5.223219394683838,,,,0.125,,,,,,,,,
4324000,1081,0.0,,3.4815573692321777,,,,0.0,,,,,,,,,
4328000,1082,0.0,,3.8258440494537354,,,,0.0,,,,,,,,,
4332000,1083,0.0,,0.014354778453707695,,,,0.0,,,,,,,,,
4336000,1084,0.0,,5.033823013305664,,,,0.0,,,,,,,,,
4340000,1085,0.0,,1.3549374341964722,,,,0.0,,,,,,,,,
4344000,1086,0.0,,2.582223892211914,,,,0.0,,,,,,,,,
4348000,1087,0.0,,1.514543056488037,,,,0.0,,,,,,,,,
4352000,1088,0.0,,1.3917872905731201,,,,0.0,,,,,,,,,
4356000,1089,0.0,,0.8877871036529541,,,,0.0,,,,,,,,,
4360000,1090,0.0,,5.296228408813477,,,,0.0,,,,,,,,,
4364000,1091,0.0,,1.7198859453201294,,,,0.0,,,,,,,,,
4368000,1092,0.0,,0.006455010734498501,,,,0.0,,,,,,,,,
4372000,1093,0.0,,0.9688012599945068,,,,0.0,,,,,,,,,
4376000,1094,0.0,,1.883739709854126,,,,0.0,,,,,,,,,
4380000,1095,0.0,,1.3503915071487427,,,,0.0,,,,,,,,,
4384000,1096,0.0,,0.5553213953971863,,,,0.0,,,,,,,,,
4388000,1097,0.0,,2.052919626235962,,,,0.0,,,,,,,,,
4392000,1098,0.0,,1.0826865434646606,,,,0.0,,,,,,,,,
4396000,1099,0.0,,6.142786026000977,,,,0.0,,,,,,,,,
4400000,1100,0.0,,1.0068944692611694,,,,0.0,,,,,,,,,
4404000,1101,0.0,,1.1950528621673584,,,,0.0,,,,,,,,,
4408000,1102,0.0,,0.0038242381997406483,,,,0.0,,,,,,,,,
4412000,1103,0.0,,0.003949180245399475,,,,0.0,,,,,,,,,
4416000,1104,0.0,,3.812345027923584,,,,0.0,,,,,,,,,
4420000,1105,0.0,,5.06009578704834,,,,0.0,,,,,,,,,
4424000,1106,0.0,,1.8860869407653809,,,,0.0,,,,,,,,,
4428000,1107,0.0,,0.005578895099461079,,,,0.0,,,,,,,,,
4432000,1108,0.0,,5.998049259185791,,,,0.0,,,,,,,,,
4436000,1109,0.0,,1.9470058679580688,,,,0.0,,,,,,,,,
4440000,1110,0.0,,0.007755748461931944,,,,0.0,,,,,,,,,
4444000,1111,0.0,,0.5103322863578796,,,,0.0,,,,,,,,,
4448000,1112,0.0,,0.47356656193733215,,,,0.0,,,,,,,,,
4452000,1113,0.0,,0.9617794156074524,,,,0.0,,,,,,,,,
4456000,1114,0.0,,0.005774743854999542,,,,0.0,,,,,,,,,
4460000,1115,0.0,,0.005783759523183107,,,,0.0,,,,,,,,,
4464000,1116,0.0,,0.9281719923019409,,,,0.0,,,,,,,,,
4468000,1117,0.0,,4.290666103363037,,,,0.0,,,,,,,,,
4472000,1118,0.0,,0.005521764978766441,,,,0.0,,,,,,,,,
4476000,1119,0.0,,2.550990104675293,,,,0.0,,,,,,,,,
4480000,1120,0.0,,2.35050892829895,,,,0.0,,,,,,,,,
4484000,1121,0.0,,2.7997381687164307,,,,0.0,,,,,,,,,
4488000,1122,0.0,,0.9708064794540405,,,,0.0,,,,,,,,,
4492000,1123,0.0,,4.524412155151367,,,,0.0,,,,,,,,,
4496000,1124,0.0,,1.0258057117462158,,,,0.0,,,,,,,,,
4500000,1125,0.0,,0.006893332116305828,,,,0.0,,,,,,,,,
4504000,1126,0.0,,5.672847270965576,,,,0.0,,,,,,,,,
4508000,1127,0.0,,0.020288363099098206,,,,0.0,,,,,,,,,
4512000,1128,0.0,,2.468657970428467,,,,0.0,,,,,,,,,
4516000,1129,0.0,,1.0628398656845093,,,,0.0,,,,,,,,,
4520000,1130,0.0,,0.04045644402503967,,,,0.0,,,,,,,,,
4524000,1131,0.0,,3.7371907234191895,,,,0.0,,,,,,,,,
4528000,1132,0.0,,3.295009136199951,,,,0.0,,,,,,,,,
4532000,1133,0.0,,1.39799964427948,,,,0.0,,,,,,,,,
4536000,1134,0.0,,2.5549890995025635,,,,0.0,,,,,,,,,
4540000,1135,0.0,,0.030002571642398834,,,,0.0,,,,,,,,,
4544000,1136,0.0,,0.025564737617969513,,,,0.0,,,,,,,,,
4548000,1137,0.0,,0.020611364394426346,,,,0.0,,,,,,,,,
4552000,1138,0.0,,3.7455880641937256,,,,0.0,,,,,,,,,
4556000,1139,0.0,,2.7344841957092285,,,,0.0,,,,,,,,,
4560000,1140,0.0,,0.8863427639007568,,,,0.0,,,,,,,,,
4564000,1141,0.125,,2.3879823684692383,,,,0.125,,,,,,,,,
4568000,1142,0.0,,1.4672963619232178,,,,0.0,,,,,,,,,
4572000,1143,0.0,,0.010805020108819008,,,,0.0,,,,,,,,,
4576000,1144,0.0,,0.00873924233019352,,,,0.0,,,,,,,,,
4580000,1145,0.0,,1.0348138809204102,,,,0.0,,,,,,,,,
4584000,1146,0.0,,0.007720808032900095,,,,0.0,,,,,,,,,
4588000,1147,0.0,,3.08847713470459,,,,0.0,,,,,,,,,
4592000,1148,0.0,,1.3885595798492432,,,,0.0,,,,,,,,,
4596000,1149,0.0,,1.741363525390625,,,,0.0,,,,,,,,,
4600000,1150,0.0,,4.356023788452148,,,,0.0,,,,,,,,,
4604000,1151,0.0,,1.8240830898284912,,,,0.0,,,,,,,,,
4608000,1152,0.0,,6.392130374908447,,,,0.0,,,,,,,,,
4612000,1153,0.0,,0.9361972808837891,,,,0.0,,,,,,,,,
4616000,1154,0.0,,0.933553159236908,,,,0.0,,,,,,,,,
4620000,1155,0.0,,0.4767865538597107,,,,0.0,,,,,,,,,
4624000,1156,0.0,,3.6943447589874268,,,,0.0,,,,,,,,,
4628000,1157,0.125,,2.5316965579986572,,,,0.125,,,,,,,,,
4632000,1158,0.0,,2.959840774536133,,,,0.0,,,,,,,,,
4636000,1159,0.125,,3.8071508407592773,,,,0.125,,,,,,,,,
4640000,1160,0.0,,2.7674717903137207,,,,0.0,,,,,,,,,
4644000,1161,0.0,,1.445157766342163,,,,0.0,,,,,,,,,
4648000,1162,0.0,,0.035404104739427567,,,,0.0,,,,,,,,,
4652000,1163,0.0,,1.2709476947784424,,,,0.0,,,,,,,,,
4656000,1164,0.0,,6.0997772216796875,,,,0.0,,,,,,,,,
4660000,1165,0.0,,2.3344922065734863,,,,0.0,,,,,,,,,
4664000,1166,0.0,,1.4586615562438965,,,,0.0,,,,,,,,,
4668000,1167,0.125,,2.2145230770111084,,,,0.125,,,,,,,,,
4672000,1168,0.0,,1.258750557899475,,,,0.0,,,,,,,,,
4676000,1169,0.0,,1.5777024030685425,,,,0.0,,,,,,,,,
4680000,1170,0.0,,3.6829404830932617,,,,0.0,,,,,,,,,
4684000,1171,0.0,,1.114168405532837,,,,0.0,,,,,,,,,
4688000,1172,0.0,,1.374137282371521,,,,0.0,,,,,,,,,
4692000,1173,0.0,,3.7864809036254883,,,,0.0,,,,,,,,,
4696000,1174,0.0,,5.847584247589111,,,,0.0,,,,,,,,,
4700000,1175,0.0,,0.011967765167355537,,,,0.0,,,,,,,,,
4704000,1176,0.0,,2.291252613067627,,,,0.0,,,,,,,,,
4708000,1177,0.0,,6.49920654296875,,,,0.0,,,,,,,,,
4712000,1178,0.0,,6.531890869140625,,,,0.0,,,,,,,,,
4716000,1179,0.0,,5.6814188957214355,,,,0.0,,,,,,,,,
4720000,1180,0.125,,0.9567525386810303,,,,0.125,,,,,,,,,
4724000,1181,0.0,,1.9038653373718262,,,,0.0,,,,,,,,,
4728000,1182,0.0,,4.01522970199585,,,,0.0,,,,,,,,,
4732000,1183,0.0,,2.6965651512145996,,,,0.0,,,,,,,,,
4736000,1184,0.0,,2.976834297180176,,,,0.0,,,,,,,,,
4740000,1185,0.0,,0.009325996041297913,,,,0.0,,,,,,,,,
4744000,1186,0.0,,1.718249797821045,,,,0.0,,,,,,,,,
4748000,1187,0.0,,1.6361011266708374,,,,0.0,,,,,,,,,
4752000,1188,0.0,,6.318112373352051,,,,0.0,,,,,,,,,
4756000,1189,0.125,,1.6032953262329102,,,,0.125,,,,,,,,,
4760000,1190,0.0,,2.5464694499969482,,,,0.0,,,,,,,,,
4764000,1191,0.0,,3.3664307594299316,,,,0.0,,,,,,,,,
4768000,1192,0.125,,0.442007839679718,,,,0.125,,,,,,,,,
4772000,1193,0.0,,4.594744682312012,,,,0.0,,,,,,,,,
4776000,1194,0.125,,1.814626693725586,,,,0.125,,,,,,,,,
4780000,1195,0.0,,3.7736611366271973,,,,0.0,,,,,,,,,
4784000,1196,0.0,,0.9187377691268921,,,,0.0,,,,,,,,,
4788000,1197,0.0,,1.6834266185760498,,,,0.0,,,,,,,,,
4792000,1198,0.125,,3.164719581604004,,,,0.125,,,,,,,,,
4796000,1199,0.0,,2.0690109729766846,,,,0.0,,,,,,,,,
4800000,1200,0.0,,0.4848649501800537,,,,0.0,,,,,,,,,
4804000,1201,0.0,,2.801607608795166,,,,0.0,,,,,,,,,
4808000,1202,0.0,,3.31775164604187,,,,0.0,,,,,,,,,
4812000,1203,0.0,,1.2811497449874878,,,,0.0,,,,,,,,,
4816000,1204,0.125,,1.2832846641540527,,,,0.125,,,,,,,,,
4820000,1205,0.0,,5.794405937194824,,,,0.0,,,,,,,,,
4824000,1206,0.125,,2.692614793777466,,,,0.125,,,,,,,,,
4828000,1207,0.0,,5.105179786682129,,,,0.0,,,,,,,,,
4832000,1208,0.0,,3.2127838134765625,,,,0.0,,,,,,,,,
4836000,1209,0.0,,1.351202130317688,,,,0.0,,,,,,,,,
4840000,1210,0.0,,1.986825942993164,,,,0.0,,,,,,,,,
4844000,1211,0.0,,9.867684364318848,,,,0.0,,,,,,,,,
4848000,1212,0.0,,2.4469385147094727,,,,0.0,,,,,,,,,
4852000,1213,0.0,,4.917761325836182,,,,0.0,,,,,,,,,
4856000,1214,0.0,,6.637169361114502,,,,0.0,,,,,,,,,
4860000,1215,0.0,,3.124831199645996,,,,0.0,,,,,,,,,
4864000,1216,0.0,,4.455578804016113,,,,0.0,,,,,,,,,
4868000,1217,0.0,,1.4015799760818481,,,,0.0,,,,,,,,,
4872000,1218,0.0,,4.29048490524292,,,,0.0,,,,,,,,,
4876000,1219,0.0,,0.8069736957550049,,,,0.0,,,,,,,,,
4880000,1220,0.0,,1.6255043745040894,,,,0.0,,,,,,,,,
4884000,1221,0.0,,1.7158770561218262,,,,0.0,,,,,,,,,
4888000,1222,0.0,,1.8526910543441772,,,,0.0,,,,,,,,,
4892000,1223,0.0,,0.026218224316835403,,,,0.0,,,,,,,,,
4896000,1224,0.125,,2.0031371116638184,,,,0.125,,,,,,,,,
4900000,1225,0.0,,3.630431890487671,,,,0.0,,,,,,,,,
4904000,1226,0.125,,3.7462048530578613,,,,0.125,,,,,,,,,
4908000,1227,0.0,,5.3105788230896,,,,0.0,,,,,,,,,
4912000,1228,0.0,,2.150207757949829,,,,0.0,,,,,,,,,
4916000,1229,0.0,,5.312239646911621,,,,0.0,,,,,,,,,
4920000,1230,0.0,,2.0804312229156494,,,,0.0,,,,,,,,,
4924000,1231,0.0,,2.2943434715270996,,,,0.0,,,,,,,,,
4928000,1232,0.0,,1.5649758577346802,,,,0.0,,,,,,,,,
4932000,1233,0.0,,1.9576992988586426,,,,0.0,,,,,,,,,
4936000,1234,0.0,,3.53410005569458,,,,0.0,,,,,,,,,
4940000,1235,0.125,,1.7523975372314453,,,,0.125,,,,,,,,,
4944000,1236,0.0,,8.754945755004883,,,,0.0,,,,,,,,,
4948000,1237,0.0,,5.797121047973633,,,,0.0,,,,,,,,,
4952000,1238,0.0,,4.199307441711426,,,,0.0,,,,,,,,,
4956000,1239,0.0,,4.091741561889648,,,,0.0,,,,,,,,,
4960000,1240,0.125,,1.2214943170547485,,,,0.125,,,,,,,,,
4964000,1241,0.0,,4.002225399017334,,,,0.0,,,,,,,,,
4968000,1242,0.0,,4.373079299926758,,,,0.0,,,,,,,,,
4972000,1243,0.0,,4.897871017456055,,,,0.0,,,,,,,,,
4976000,1244,0.125,,2.7615838050842285,,,,0.125,,,,,,,,,
4980000,1245,0.0,,3.181854724884033,,,,0.0,,,,,,,,,
4984000,1246,0.0,,4.350564956665039,,,,0.0,,,,,,,,,
4988000,1247,0.0,,9.801612854003906,,,,0.0,,,,,,,,,
4992000,1248,0.0,,2.396958589553833,,,,0.0,,,,,,,,,
4996000,1249,0.0,,2.6719696521759033,,,,0.0,,,,,,,,,
5000000,1250,0.0,,4.134327411651611,,,,0.0,,,,,,,,,
5004000,1251,0.0,,3.489755630493164,,,,0.0,,,,,,,,,
5008000,1252,0.0,,4.359650135040283,,,,0.0,,,,,,,,,
5012000,1253,0.125,,7.592304706573486,,,,0.125,,,,,,,,,
5016000,1254,0.0,,4.0284271240234375,,,,0.0,,,,,,,,,
5020000,1255,0.0,,2.405954360961914,,,,0.0,,,,,,,,,
5024000,1256,0.0,,3.9748551845550537,,,,0.0,,,,,,,,,
5028000,1257,0.0,,3.2939453125,,,,0.0,,,,,,,,,
5032000,1258,0.125,,4.6610612869262695,,,,0.125,,,,,,,,,
5036000,1259,0.0,,8.156719207763672,,,,0.0,,,,,,,,,
5040000,1260,0.0,,3.9611475467681885,,,,0.0,,,,,,,,,
5044000,1261,0.0,,3.389591693878174,,,,0.0,,,,,,,,,
5048000,1262,0.0,,3.6539244651794434,,,,0.0,,,,,,,,,
5052000,1263,0.125,,5.29002571105957,,,,0.125,,,,,,,,,
5056000,1264,0.0,,4.285980701446533,,,,0.0,,,,,,,,,
5060000,1265,0.0,,0.6915515661239624,,,,0.0,,,,,,,,,
5064000,1266,0.0,,7.787227153778076,,,,0.0,,,,,,,,,
5068000,1267,0.125,,4.267444610595703,,,,0.125,,,,,,,,,
5072000,1268,0.0,,2.131552219390869,,,,0.0,,,,,,,,,
5076000,1269,0.0,,5.56929349899292,,,,0.0,,,,,,,,,
5080000,1270,0.0,,3.923536777496338,,,,0.0,,,,,,,,,
5084000,1271,0.125,,6.8799729347229,,,,0.125,,,,,,,,,
5088000,1272,0.0,,2.339442729949951,,,,0.0,,,,,,,,,
5092000,1273,0.0,,1.2977266311645508,,,,0.0,,,,,,,,,
5096000,1274,0.0,,6.41851806640625,,,,0.0,,,,,,,,,
5100000,1275,0.0,,3.8175904750823975,,,,0.0,,,,,,,,,
5104000,1276,0.0,,4.536120414733887,,,,0.0,,,,,,,,,
5108000,1277,0.0,,4.109455585479736,,,,0.0,,,,,,,,,
5112000,1278,0.0,,7.021459579467773,,,,0.0,,,,,,,,,
5116000,1279,0.0,,2.7395272254943848,,,,0.0,,,,,,,,,
5120000,1280,0.0,,5.724509239196777,,,,0.0,,,,,,,,,
5124000,1281,0.0,,3.726102352142334,,,,0.0,,,,,,,,,
5128000,1282,0.0,,6.152210712432861,,,,0.0,,,,,,,,,
5132000,1283,0.0,,6.5850982666015625,,,,0.0,,,,,,,,,
5136000,1284,0.0,,4.2354326248168945,,,,0.0,,,,,,,,,
5140000,1285,0.0,,2.0369887351989746,,,,0.0,,,,,,,,,
5144000,1286,0.0,,3.3195767402648926,,,,0.0,,,,,,,,,
5148000,1287,0.0,,6.950131416320801,,,,0.0,,,,,,,,,
5152000,1288,0.0,,3.7192251682281494,,,,0.0,,,,,,,,,
5156000,1289,0.0,,4.984551906585693,,,,0.0,,,,,,,,,
5160000,1290,0.0,,0.4194195866584778,,,,0.0,,,,,,,,,
5164000,1291,0.0,,5.842294692993164,,,,0.0,,,,,,,,,
5168000,1292,0.125,,8.089428901672363,,,,0.125,,,,,,,,,
5172000,1293,0.0,,3.4645631313323975,,,,0.0,,,,,,,,,
5176000,1294,0.0,,3.4333269596099854,,,,0.0,,,,,,,,,
5180000,1295,0.0,,3.390848159790039,,,,0.0,,,,,,,,,
5184000,1296,0.0,,6.693980693817139,,,,0.0,,,,,,,,,
5188000,1297,0.0,,3.4843921661376953,,,,0.0,,,,,,,,,
5192000,1298,0.0,,1.3525352478027344,,,,0.0,,,,,,,,,
5196000,1299,0.0,,3.562568187713623,,,,0.0,,,,,,,,,
5200000,1300,0.0,,2.194070339202881,,,,0.0,,,,,,,,,
5204000,1301,0.125,,8.038311958312988,,,,0.125,,,,,,,,,
5208000,1302,0.0,,5.5684356689453125,,,,0.0,,,,,,,,,
5212000,1303,0.125,,3.287710189819336,,,,0.125,,,,,,,,,
5216000,1304,0.0,,2.9479246139526367,,,,0.0,,,,,,,,,
5220000,1305,0.0,,5.17707633972168,,,,0.0,,,,,,,,,
5224000,1306,0.0,,1.2696400880813599,,,,0.0,,,,,,,,,
5228000,1307,0.125,,5.271937370300293,,,,0.125,,,,,,,,,
5232000,1308,0.0,,3.066310405731201,,,,0.0,,,,,,,,,
5236000,1309,0.0,,2.6340842247009277,,,,0.0,,,,,,,,,
5240000,1310,0.0,,3.7542412281036377,,,,0.0,,,,,,,,,
5244000,1311,0.0,,4.229179382324219,,,,0.0,,,,,,,,,
5248000,1312,0.0,,8.031903266906738,,,,0.0,,,,,,,,,
5252000,1313,0.125,,3.792327880859375,,,,0.125,,,,,,,,,
5256000,1314,0.0,,4.917688846588135,,,,0.0,,,,,,,,,
5260000,1315,0.0,,2.230259418487549,,,,0.0,,,,,,,,,
5264000,1316,0.0,,2.137722969055176,,,,0.0,,,,,,,,,
5268000,1317,0.0,,4.0376129150390625,,,,0.0,,,,,,,,,
5272000,1318,0.0,,4.843698978424072,,,,0.0,,,,,,,,,
5276000,1319,0.0,,3.0380563735961914,,,,0.0,,,,,,,,,
5280000,1320,0.0,,0.0373002365231514,,,,0.0,,,,,,,,,
5284000,1321,0.0,,3.824876070022583,,,,0.0,,,,,,,,,
5288000,1322,0.0,,5.968046188354492,,,,0.0,,,,,,,,,
5292000,1323,0.0,,2.1200568675994873,,,,0.0,,,,,,,,,
5296000,1324,0.125,,2.2693495750427246,,,,0.125,,,,,,,,,
5300000,1325,0.0,,1.66815185546875,,,,0.0,,,,,,,,,
5304000,1326,0.125,,3.9372291564941406,,,,0.125,,,,,,,,,
5308000,1327,0.0,,4.417952060699463,,,,0.0,,,,,,,,,
5312000,1328,0.0,,4.328289985656738,,,,0.0,,,,,,,,,
5316000,1329,0.25,,0.048692602664232254,,,,0.25,,,,,,,,,
5320000,1330,0.0,,1.5809017419815063,,,,0.0,,,,,,,,,
5324000,1331,0.0,,3.566575288772583,,,,0.0,,,,,,,,,
5328000,1332,0.0,,5.37223482131958,,,,0.0,,,,,,,,,
5332000,1333,0.0,,6.090333938598633,,,,0.0,,,,,,,,,
5336000,1334,0.0,,5.4371232986450195,,,,0.0,,,,,,,,,
5340000,1335,0.0,,2.818114995956421,,,,0.0,,,,,,,,,
5344000,1336,0.375,,6.799352645874023,,,,0.375,,,,,,,,,
5348000,1337,0.125,,3.0062150955200195,,,,0.125,,,,,,,,,
5352000,1338,0.0,,3.8955917358398438,,,,0.0,,,,,,,,,
5356000,1339,0.0,,6.921567916870117,,,,0.0,,,,,,,,,
5360000,1340,0.125,,3.759978771209717,,,,0.125,,,,,,,,,
5364000,1341,0.0,,3.9876348972320557,,,,0.0,,,,,,,,,
5368000,1342,0.0,,2.73764967918396,,,,0.0,,,,,,,,,
5372000,1343,0.0,,3.9817633628845215,,,,0.0,,,,,,,,,
5376000,1344,0.0,,0.6938971281051636,,,,0.0,,,,,,,,,
5380000,1345,0.0,,7.0733537673950195,,,,0.0,,,,,,,,,
5384000,1346,0.125,,7.594760894775391,,,,0.125,,,,,,,,,
5388000,1347,0.125,,7.353370666503906,,,,0.125,,,,,,,,,
5392000,1348,0.125,,1.526998519897461,,,,0.125,,,,,,,,,
5396000,1349,0.0,,3.013007879257202,,,,0.0,,,,,,,,,
5400000,1350,0.0,,4.7269182205200195,,,,0.0,,,,,,,,,
5404000,1351,0.0,,6.096076965332031,,,,0.0,,,,,,,,,
5408000,1352,0.0,,5.555017471313477,,,,0.0,,,,,,,,,
5412000,1353,0.0,,6.135520935058594,,,,0.0,,,,,,,,,
5416000,1354,0.0,,4.983615398406982,,,,0.0,,,,,,,,,
5420000,1355,0.0,,5.619433879852295,,,,0.0,,,,,,,,,
5424000,1356,0.0,,2.2236061096191406,,,,0.0,,,,,,,,,
5428000,1357,0.125,,5.2746262550354,,,,0.125,,,,,,,,,
5432000,1358,0.0,,6.929824352264404,,,,0.0,,,,,,,,,
5436000,1359,0.0,,6.605978012084961,,,,0.0,,,,,,,,,
5440000,1360,0.25,,4.463263034820557,,,,0.25,,,,,,,,,
5444000,1361,0.0,,8.490734100341797,,,,0.0,,,,,,,,,
5448000,1362,0.0,,7.368645668029785,,,,0.0,,,,,,,,,
5452000,1363,0.0,,6.845147609710693,,,,0.0,,,,,,,,,
5456000,1364,0.0,,1.0695017576217651,,,,0.0,,,,,,,,,
5460000,1365,0.25,,7.321084022521973,,,,0.25,,,,,,,,,
5464000,1366,0.0,,7.388087272644043,,,,0.0,,,,,,,,,
5468000,1367,0.125,,4.567052364349365,,,,0.125,,,,,,,,,
5472000,1368,0.0,,7.709088325500488,,,,0.0,,,,,,,,,
5476000,1369,0.0,,2.5052437782287598,,,,0.0,,,,,,,,,
5480000,1370,0.25,,11.202985763549805,,,,0.25,,,,,,,,,
5484000,1371,0.0,,4.865777015686035,,,,0.0,,,,,,,,,
5488000,1372,0.0,,3.8135249614715576,,,,0.0,,,,,,,,,
5492000,1373,0.0,,4.580925941467285,,,,0.0,,,,,,,,,
5496000,1374,0.0,,9.204530715942383,,,,0.0,,,,,,,,,
5500000,1375,0.0,,8.141313552856445,,,,0.0,,,,,,,,,
5504000,1376,0.125,,7.438104629516602,,,,0.125,,,,,,,,,
5508000,1377,0.0,,5.065850257873535,,,,0.0,,,,,,,,,
5512000,1378,0.0,,3.4599971771240234,,,,0.0,,,,,,,,,
5516000,1379,0.125,,2.850752830505371,,,,0.125,,,,,,,,,
5520000,1380,0.125,,6.928182125091553,,,,0.125,,,,,,,,,
5524000,1381,0.0,,11.335561752319336,,,,0.0,,,,,,,,,
5528000,1382,0.0,,3.6593358516693115,,,,0.0,,,,,,,,,
5532000,1383,0.0,,6.769266605377197,,,,0.0,,,,,,,,,
5536000,1384,0.25,,2.4753048419952393,,,,0.25,,,,,,,,,
5540000,1385,0.0,,11.792814254760742,,,,0.0,,,,,,,,,
5544000,1386,0.0,,4.920004844665527,,,,0.0,,,,,,,,,
5548000,1387,0.0,,5.498823642730713,,,,0.0,,,,,,,,,
5552000,1388,0.125,,4.461040019989014,,,,0.125,,,,,,,,,
5556000,1389,0.0,,8.056323051452637,,,,0.0,,,,,,,,,
5560000,1390,0.0,,3.93845796585083,,,,0.0,,,,,,,,,
5564000,1391,0.125,,8.112306594848633,,,,0.125,,,,,,,,,
5568000,1392,0.0,,3.2408409118652344,,,,0.0,,,,,,,,,
5572000,1393,0.0,,0.8792927265167236,,,,0.0,,,,,,,,,
5576000,1394,0.0,,4.628798007965088,,,,0.0,,,,,,,,,
5580000,1395,0.0,,7.074382781982422,,,,0.0,,,,,,,,,
5584000,1396,0.125,,3.159594774246216,,,,0.125,,,,,,,,,
5588000,1397,0.0,,4.245553970336914,,,,0.0,,,,,,,,,
5592000,1398,0.0,,5.6607208251953125,,,,0.0,,,,,,,,,
5596000,1399,0.0,,7.942753791809082,,,,0.0,,,,,,,,,
5600000,1400,0.25,,4.087783336639404,,,,0.25,,,,,,,,,
5604000,1401,0.0,,5.476783752441406,,,,0.0,,,,,,,,,
5608000,1402,0.0,,8.534860610961914,,,,0.0,,,,,,,,,
5612000,1403,0.0,,6.487655162811279,,,,0.0,,,,,,,,,
5616000,1404,0.125,,3.4189181327819824,,,,0.125,,,,,,,,,
5620000,1405,0.0,,4.511518478393555,,,,0.0,,,,,,,,,
5624000,1406,0.125,,8.484212875366211,,,,0.125,,,,,,,,,
5628000,1407,0.125,,6.02513313293457,,,,0.125,,,,,,,,,
5632000,1408,0.125,,7.3392181396484375,,,,0.125,,,,,,,,,
5636000,1409,0.0,,11.526851654052734,,,,0.0,,,,,,,,,
5640000,1410,0.125,,3.7676682472229004,,,,0.125,,,,,,,,,
5644000,1411,0.0,,4.824578285217285,,,,0.0,,,,,,,,,
5648000,1412,0.125,,5.934054851531982,,,,0.125,,,,,,,,,
5652000,1413,0.0,,5.677850723266602,,,,0.0,,,,,,,,,
5656000,1414,0.0,,4.400384902954102,,,,0.0,,,,,,,,,
5660000,1415,0.0,,8.907402038574219,,,,0.0,,,,,,,,,
5664000,1416,0.125,,4.1308698654174805,,,,0.125,,,,,,,,,
5668000,1417,0.0,,7.384498119354248,,,,0.0,,,,,,,,,
5672000,1418,0.0,,6.776393890380859,,,,0.0,,,,,,,,,
5676000,1419,0.0,,7.220104694366455,,,,0.0,,,,,,,,,
5680000,1420,0.0,,5.065924167633057,,,,0.0,,,,,,,,,
5684000,1421,0.125,,4.878786563873291,,,,0.125,,,,,,,,,
5688000,1422,0.125,,10.213300704956055,,,,0.125,,,,,,,,,
5692000,1423,0.125,,7.407588005065918,,,,0.125,,,,,,,,,
5696000,1424,0.0,,5.9583587646484375,,,,0.0,,,,,,,,,
5700000,1425,0.25,,7.4486083984375,,,,0.25,,,,,,,,,
5704000,1426,0.0,,8.356840133666992,,,,0.0,,,,,,,,,
5708000,1427,0.0,,7.4566497802734375,,,,0.0,,,,,,,,,
5712000,1428,0.0,,6.971494674682617,,,,0.0,,,,,,,,,
5716000,1429,0.0,,4.124419212341309,,,,0.0,,,,,,,,,
5720000,1430,0.0,,6.007390975952148,,,,0.0,,,,,,,,,
5724000,1431,0.25,,5.118867874145508,,,,0.25,,,,,,,,,
5728000,1432,0.125,,5.3930888175964355,,,,0.125,,,,,,,,,
5732000,1433,0.125,,6.10452938079834,,,,0.125,,,,,,,,,
5736000,1434,0.0,,11.090866088867188,,,,0.0,,,,,,,,,
5740000,1435,0.0,,5.616756439208984,,,,0.0,,,,,,,,,
5744000,1436,0.0,,9.661832809448242,,,,0.0,,,,,,,,,
5748000,1437,0.125,,3.8447141647338867,,,,0.125,,,,,,,,,
5752000,1438,0.125,,7.914444446563721,,,,0.125,,,,,,,,,
5756000,1439,0.125,,6.214716911315918,,,,0.125,,,,,,,,,
5760000,1440,0.0,,3.6696338653564453,,,,0.0,,,,,,,,,
5764000,1441,0.0,,6.228282451629639,,,,0.0,,,,,,,,,
5768000,1442,0.125,,7.123797416687012,,,,0.125,,,,,,,,,
5772000,1443,0.0,,3.9673402309417725,,,,0.0,,,,,,,,,
5776000,1444,0.0,,5.363038063049316,,,,0.0,,,,,,,,,
5780000,1445,0.0,,6.773741245269775,,,,0.0,,,,,,,,,
5784000,1446,0.25,,6.90911865234375,,,,0.25,,,,,,,,,
5788000,1447,0.125,,4.995011806488037,,,,0.125,,,,,,,,,
5792000,1448,0.125,,5.615153789520264,,,,0.125,,,,,,,,,
5796000,1449,0.0,,4.6405534744262695,,,,0.0,,,,,,,,,
5800000,1450,0.0,,6.764209270477295,,,,0.0,,,,,,,,,
5804000,1451,0.0,,5.165704250335693,,,,0.0,,,,,,,,,
5808000,1452,0.0,,4.939033508300781,,,,0.0,,,,,,,,,
5812000,1453,0.0,,2.9790945053100586,,,,0.0,,,,,,,,,
5816000,1454,0.25,,5.870157241821289,,,,0.25,,,,,,,,,
5820000,1455,0.0,,9.751974105834961,,,,0.0,,,,,,,,,
5824000,1456,0.0,,9.439146041870117,,,,0.0,,,,,,,,,
5828000,1457,0.375,,4.978522300720215,,,,0.375,,,,,,,,,
5832000,1458,0.0,,3.702573299407959,,,,0.0,,,,,,,,,
5836000,1459,0.0,,5.749867916107178,,,,0.0,,,,,,,,,
5840000,1460,0.125,,3.3585047721862793,,,,0.125,,,,,,,,,
5844000,1461,0.0,,7.6139984130859375,,,,0.0,,,,,,,,,
5848000,1462,0.25,,4.5489020347595215,,,,0.25,,,,,,,,,
5852000,1463,0.25,,4.178321361541748,,,,0.25,,,,,,,,,
5856000,1464,0.0,,6.140853404998779,,,,0.0,,,,,,,,,
5860000,1465,0.0,,6.661282539367676,,,,0.0,,,,,,,,,
5864000,1466,0.0,,7.558927059173584,,,,0.0,,,,,,,,,
5868000,1467,0.0,,7.821219444274902,,,,0.0,,,,,,,,,
5872000,1468,0.375,,7.299881458282471,,,,0.375,,,,,,,,,
5876000,1469,0.25,,5.575527191162109,,,,0.25,,,,,,,,,
5880000,1470,0.125,,3.783088207244873,,,,0.125,,,,,,,,,
5884000,1471,0.0,,8.090442657470703,,,,0.0,,,,,,,,,
5888000,1472,0.125,,7.398239612579346,,,,0.125,,,,,,,,,
5892000,1473,0.0,,5.753752708435059,,,,0.0,,,,,,,,,
5896000,1474,0.0,,8.654773712158203,,,,0.0,,,,,,,,,
5900000,1475,0.125,,10.586063385009766,,,,0.125,,,,,,,,,
5904000,1476,0.0,,7.779083251953125,,,,0.0,,,,,,,,,
5908000,1477,0.125,,8.296415328979492,,,,0.125,,,,,,,,,
5912000,1478,0.0,,8.783965110778809,,,,0.0,,,,,,,,,
5916000,1479,0.125,,6.356873512268066,,,,0.125,,,,,,,,,
5920000,1480,0.0,,5.502309322357178,,,,0.0,,,,,,,,,
5924000,1481,0.0,,4.888431549072266,,,,0.0,,,,,,,,,
5928000,1482,0.0,,4.946006774902344,,,,0.0,,,,,,,,,
5932000,1483,0.125,,6.559113502502441,,,,0.125,,,,,,,,,
5936000,1484,0.125,,4.713896751403809,,,,0.125,,,,,,,,,
5940000,1485,0.0,,8.143177032470703,,,,0.0,,,,,,,,,
5944000,1486,0.0,,8.575562477111816,,,,0.0,,,,,,,,,
5948000,1487,0.25,,9.55539321899414,,,,0.25,,,,,,,,,
5952000,1488,0.125,,5.874016761779785,,,,0.125,,,,,,,,,
5956000,1489,0.25,,9.28779411315918,,,,0.25,,,,,,,,,
5960000,1490,0.0,,5.6894330978393555,,,,0.0,,,,,,,,,
5964000,1491,0.0,,6.814697265625,,,,0.0,,,,,,,,,
5968000,1492,0.25,,5.360702991485596,,,,0.25,,,,,,,,,
5972000,1493,0.0,,4.183366775512695,,,,0.0,,,,,,,,,
5976000,1494,0.125,,9.19822883605957,,,,0.125,,,,,,,,,
5980000,1495,0.125,,8.237610816955566,,,,0.125,,,,,,,,,
5984000,1496,0.0,,7.510890960693359,,,,0.0,,,,,,,,,
5988000,1497,0.0,,6.350152969360352,,,,0.0,,,,,,,,,
5992000,1498,0.125,,5.91784143447876,,,,0.125,,,,,,,,,
5996000,1499,0.125,,7.545472145080566,,,,0.125,,,,,,,,,
6000000,1500,0.0,,7.361789703369141,,,,0.0,,,,,,,,,
6004000,1501,0.0,,5.889058589935303,,,,0.0,,,,,,,,,
6008000,1502,0.125,,6.452762603759766,,,,0.125,,,,,,,,,
6012000,1503,0.25,,7.196004867553711,,,,0.25,,,,,,,,,
6016000,1504,0.25,,6.366226673126221,,,,0.25,,,,,,,,,
6020000,1505,0.125,,6.221467971801758,,,,0.125,,,,,,,,,
6024000,1506,0.0,,8.388742446899414,,,,0.0,,,,,,,,,
6028000,1507,0.25,,8.906598091125488,,,,0.25,,,,,,,,,
6032000,1508,0.0,,7.631555557250977,,,,0.0,,,,,,,,,
6036000,1509,0.0,,5.020033836364746,,,,0.0,,,,,,,,,
6040000,1510,0.5,,3.702692747116089,,,,0.5,,,,,,,,,
6044000,1511,0.0,,7.24674129486084,,,,0.0,,,,,,,,,
6048000,1512,0.125,,4.972257137298584,,,,0.125,,,,,,,,,
6052000,1513,0.0,,6.722840785980225,,,,0.0,,,,,,,,,
6056000,1514,0.0,,8.25528621673584,,,,0.0,,,,,,,,,
6060000,1515,0.0,,5.932218551635742,,,,0.0,,,,,,,,,
6064000,1516,0.0,,7.1633992195129395,,,,0.0,,,,,,,,,
6068000,1517,0.0,,8.016128540039062,,,,0.0,,,,,,,,,
6072000,1518,0.125,,11.477217674255371,,,,0.125,,,,,,,,,
6076000,1519,0.125,,7.628902435302734,,,,0.125,,,,,,,,,
6080000,1520,0.125,,4.912048816680908,,,,0.125,,,,,,,,,
6084000,1521,0.125,,4.192151069641113,,,,0.125,,,,,,,,,
6088000,1522,0.125,,6.914292812347412,,,,0.125,,,,,,,,,
6092000,1523,0.125,,6.091407775878906,,,,0.125,,,,,,,,,
6096000,1524,0.0,,7.029864311218262,,,,0.0,,,,,,,,,
6100000,1525,0.25,,4.444655895233154,,,,0.25,,,,,,,,,
6104000,1526,0.25,,5.9837188720703125,,,,0.25,,,,,,,,,
6108000,1527,0.125,,5.700705528259277,,,,0.125,,,,,,,,,
6112000,1528,0.125,,4.9292755126953125,,,,0.125,,,,,,,,,
6116000,1529,0.25,,4.802841663360596,,,,0.25,,,,,,,,,
6120000,1530,0.25,,5.454521179199219,,,,0.25,,,,,,,,,
6124000,1531,0.125,,6.548466205596924,,,,0.125,,,,,,,,,
6128000,1532,0.25,,4.902407646179199,,,,0.25,,,,,,,,,
6132000,1533,0.125,,4.83692741394043,,,,0.125,,,,,,,,,
6136000,1534,0.25,,5.887969017028809,,,,0.25,,,,,,,,,
6140000,1535,0.25,,7.924443244934082,,,,0.25,,,,,,,,,
6144000,1536,0.375,,7.427491188049316,,,,0.375,,,,,,,,,
6148000,1537,0.5,,6.448146343231201,,,,0.5,,,,,,,,,
6152000,1538,0.25,,9.230369567871094,,,,0.25,,,,,,,,,
6156000,1539,0.125,,11.663106918334961,,,,0.125,,,,,,,,,
6160000,1540,0.0,,7.346623420715332,,,,0.0,,,,,,,,,
6164000,1541,0.125,,5.647605895996094,,,,0.125,,,,,,,,,
6168000,1542,0.25,,6.868002891540527,,,,0.25,,,,,,,,,
6172000,1543,0.125,,8.79085922241211,,,,0.125,,,,,,,,,
6176000,1544,0.125,,8.182218551635742,,,,0.125,,,,,,,,,
6180000,1545,0.25,,10.856508255004883,,,,0.25,,,,,,,,,
6184000,1546,0.125,,9.722113609313965,,,,0.125,,,,,,,,,
6188000,1547,0.25,,5.003849983215332,,,,0.25,,,,,,,,,
6192000,1548,0.0,,11.548036575317383,,,,0.0,,,,,,,,,
6196000,1549,0.5,,6.169137954711914,,,,0.5,,,,,,,,,
6200000,1550,0.375,,8.423822402954102,,,,0.375,,,,,,,,,
6204000,1551,0.25,,9.776366233825684,,,,0.25,,,,,,,,,
6208000,1552,0.5,,8.659595489501953,,,,0.5,,,,,,,,,
6212000,1553,0.375,,6.20488977432251,,,,0.375,,,,,,,,,
6216000,1554,0.25,,6.598155498504639,,,,0.25,,,,,,,,,
6220000,1555,0.5,,10.1184720993042,,,,0.5,,,,,,,,,
6224000,1556,0.375,,10.484639167785645,,,,0.375,,,,,,,,,
6228000,1557,0.25,,5.3479437828063965,,,,0.25,,,,,,,,,
6232000,1558,0.0,,8.84241008758545,,,,0.0,,,,,,,,,
6236000,1559,0.25,,11.162271499633789,,,,0.25,,,,,,,,,
6240000,1560,0.0,,10.113576889038086,,,,0.0,,,,,,,,,
6244000,1561,0.125,,7.307247638702393,,,,0.125,,,,,,,,,
6248000,1562,0.25,,8.205564498901367,,,,0.25,,,,,,,,,
6252000,1563,0.375,,9.275737762451172,,,,0.375,,,,,,,,,
6256000,1564,0.25,,11.874247550964355,,,,0.25,,,,,,,,,
6260000,1565,0.25,,10.874052047729492,,,,0.25,,,,,,,,,
6264000,1566,0.25,,8.009873390197754,,,,0.25,,,,,,,,,
6268000,1567,0.75,,8.404060363769531,,,,0.75,,,,,,,,,
6272000,1568,0.0,,11.225025177001953,,,,0.0,,,,,,,,,
6276000,1569,0.25,,6.723357200622559,,,,0.25,,,,,,,,,
6280000,1570,0.25,,9.73673152923584,,,,0.25,,,,,,,,,
6284000,1571,0.25,,7.591717720031738,,,,0.25,,,,,,,,,
6288000,1572,0.125,,9.167949676513672,,,,0.125,,,,,,,,,
6292000,1573,0.25,,9.81527328491211,,,,0.25,,,,,,,,,
6296000,1574,0.125,,9.283496856689453,,,,0.125,,,,,,,,,
6300000,1575,0.0,,9.773338317871094,,,,0.0,,,,,,,,,
6304000,1576,0.0,,12.595458984375,,,,0.0,,,,,,,,,
6308000,1577,0.25,,13.197574615478516,,,,0.25,,,,,,,,,
6312000,1578,0.375,,12.128691673278809,,,,0.375,,,,,,,,,
6316000,1579,0.125,,8.597663879394531,,,,0.125,,,,,,,,,
6320000,1580,0.5,,9.706414222717285,,,,0.5,,,,,,,,,
6324000,1581,0.375,,8.379840850830078,,,,0.375,,,,,,,,,
6328000,1582,0.375,,11.1431884765625,,,,0.375,,,,,,,,,
6332000,1583,0.0,,10.836731910705566,,,,0.0,,,,,,,,,
6336000,1584,0.25,,7.218031406402588,,,,0.25,,,,,,,,,
6340000,1585,0.125,,9.044013977050781,,,,0.125,,,,,,,,,
6344000,1586,0.25,,9.036895751953125,,,,0.25,,,,,,,,,
6348000,1587,0.25,,7.408468246459961,,,,0.25,,,,,,,,,
6352000,1588,0.125,,9.65313720703125,,,,0.125,,,,,,,,,
6356000,1589,0.25,,9.128450393676758,,,,0.25,,,,,,,,,
6360000,1590,0.25,,11.496054649353027,,,,0.25,,,,,,,,,
6364000,1591,0.25,,11.163934707641602,,,,0.25,,,,,,,,,
6368000,1592,0.5,,9.997037887573242,,,,0.5,,,,,,,,,
6372000,1593,0.375,,10.638792037963867,,,,0.375,,,,,,,,,
6376000,1594,0.0,,8.85045051574707,,,,0.0,,,,,,,,,
6380000,1595,0.625,,12.264334678649902,,,,0.625,,,,,,,,,
6384000,1596,0.5,,9.830141067504883,,,,0.5,,,,,,,,,
6388000,1597,0.25,,10.828857421875,,,,0.25,,,,,,,,,
6392000,1598,0.375,,7.346680641174316,,,,0.375,,,,,,,,,
6396000,1599,0.25,,12.582590103149414,,,,0.25,,,,,,,,,
6400000,1600,0.375,,11.422839164733887,,,,0.375,,,,,,,,,
6404000,1601,0.125,,10.733033180236816,,,,0.125,,,,,,,,,
6408000,1602,0.25,,10.945306777954102,,,,0.25,,,,,,,,,
6412000,1603,0.125,,7.188381195068359,,,,0.125,,,,,,,,,
6416000,1604,0.375,,9.122382164001465,,,,0.375,,,,,,,,,
6420000,1605,0.125,,9.559494018554688,,,,0.125,,,,,,,,,
6424000,1606,0.375,,9.229637145996094,,,,0.375,,,,,,,,,
6428000,1607,0.375,,9.51244831085205,,,,0.375,,,,,,,,,
6432000,1608,0.25,,9.84117603302002,,,,0.25,,,,,,,,,
6436000,1609,0.25,,8.336102485656738,,,,0.25,,,,,,,,,
6440000,1610,0.625,,9.260125160217285,,,,0.625,,,,,,,,,
6444000,1611,0.375,,8.017051696777344,,,,0.375,,,,,,,,,
6448000,1612,0.25,,9.44778060913086,,,,0.25,,,,,,,,,
6452000,1613,0.25,,12.22272777557373,,,,0.25,,,,,,,,,
6456000,1614,0.375,,10.319793701171875,,,,0.375,,,,,,,,,
6460000,1615,0.375,,10.002561569213867,,,,0.375,,,,,,,,,
6464000,1616,0.375,,8.863351821899414,,,,0.375,,,,,,,,,
6468000,1617,0.75,,8.327367782592773,,,,0.75,,,,,,,,,
6472000,1618,0.75,,10.057236671447754,,,,0.75,,,,,,,,,
6476000,1619,0.0,,10.122427940368652,,,,0.0,,,,,,,,,
6480000,1620,0.375,,8.624483108520508,,,,0.375,,,,,,,,,
6484000,1621,0.875,,13.645927429199219,,,,0.875,,,,,,,,,
6488000,1622,0.125,,11.177156448364258,,,,0.125,,,,,,,,,
6492000,1623,0.375,,9.369429588317871,,,,0.375,,,,,,,,,
6496000,1624,0.25,,9.032855987548828,,,,0.25,,,,,,,,,
6500000,1625,0.5,,9.46129035949707,,,,0.5,,,,,,,,,
6504000,1626,0.375,,9.029908180236816,,,,0.375,,,,,,,,,
6508000,1627,0.5,,9.590578079223633,,,,0.5,,,,,,,,,
6512000,1628,0.375,,12.703458786010742,,,,0.375,,,,,,,,,
6516000,1629,0.75,,11.173677444458008,,,,0.75,,,,,,,,,
6520000,1630,0.625,,12.526895523071289,,,,0.625,,,,,,,,,
6524000,1631,0.125,,11.944790840148926,,,,0.125,,,,,,,,,
6528000,1632,0.5,,12.581137657165527,,,,0.5,,,,,,,,,
6532000,1633,0.25,,11.75898551940918,,,,0.25,,,,,,,,,
6536000,1634,0.0,,13.190855979919434,,,,0.0,,,,,,,,,
6540000,1635,0.625,,8.939826965332031,,,,0.625,,,,,,,,,
6544000,1636,0.0,,10.027352333068848,,,,0.0,,,,,,,,,
6548000,1637,1.0,,8.725992202758789,,,,1.0,,,,,,,,,
6552000,1638,0.125,,11.330714225769043,,,,0.125,,,,,,,,,
6556000,1639,0.375,,13.128076553344727,,,,0.375,,,,,,,,,
6560000,1640,0.75,,11.03834342956543,,,,0.75,,,,,,,,,
6564000,1641,0.25,,10.250508308410645,,,,0.25,,,,,,,,,
6568000,1642,0.5,,11.868682861328125,,,,0.5,,,,,,,,,
6572000,1643,0.375,,12.602968215942383,,,,0.375,,,,,,,,,
6576000,1644,0.625,,12.46738052368164,,,,0.625,,,,,,,,,
6580000,1645,0.625,,9.834866523742676,,,,0.625,,,,,,,,,
6584000,1646,0.25,,12.757356643676758,,,,0.25,,,,,,,,,
6588000,1647,0.5,,10.238967895507812,,,,0.5,,,,,,,,,
6592000,1648,0.5,,11.796422958374023,,,,0.5,,,,,,,,,
6596000,1649,0.25,,12.079109191894531,,,,0.25,,,,,,,,,
6600000,1650,0.5,,9.193334579467773,,,,0.5,,,,,,,,,
6604000,1651,0.5,,10.125333786010742,,,,0.5,,,,,,,,,
6608000,1652,0.75,,12.250917434692383,,,,0.75,,,,,,,,,
6612000,1653,0.125,,11.132672309875488,,,,0.125,,,,,,,,,
6616000,1654,1.125,,10.224735260009766,,,,1.125,,,,,,,,,
6620000,1655,0.375,,12.16887092590332,,,,0.375,,,,,,,,,
6624000,1656,0.75,,12.438287734985352,,,,0.75,,,,,,,,,
6628000,1657,0.5,,10.55439567565918,,,,0.5,,,,,,,,,
6632000,1658,0.125,,12.286747932434082,,,,0.125,,,,,,,,,
6636000,1659,0.5,,12.65834903717041,,,,0.5,,,,,,,,,
6640000,1660,0.25,,13.085046768188477,,,,0.25,,,,,,,,,
6644000,1661,0.25,,11.777379989624023,,,,0.25,,,,,,,,,
6648000,1662,0.375,,12.55196475982666,,,,0.375,,,,,,,,,
6652000,1663,0.625,,10.201126098632812,,,,0.625,,,,,,,,,
6656000,1664,0.125,,10.93819808959961,,,,0.125,,,,,,,,,
6660000,1665,1.0,,11.452590942382812,,,,1.0,,,,,,,,,
6664000,1666,0.375,,10.137969970703125,,,,0.375,,,,,,,,,
6668000,1667,0.375,,12.653383255004883,,,,0.375,,,,,,,,,
6672000,1668,1.0,,11.587678909301758,,,,1.0,,,,,,,,,
6676000,1669,0.625,,13.437058448791504,,,,0.625,,,,,,,,,
6680000,1670,1.125,,11.282344818115234,,,,1.125,,,,,,,,,
6684000,1671,0.5,,10.08335018157959,,,,0.5,,,,,,,,,
6688000,1672,0.375,,13.578956604003906,,,,0.375,,,,,,,,,
6692000,1673,0.5,,11.645259857177734,,,,0.5,,,,,,,,,
6696000,1674,0.5,,12.595693588256836,,,,0.5,,,,,,,,,
6700000,1675,0.625,,11.965757369995117,,,,0.625,,,,,,,,,
6704000,1676,0.375,,11.869117736816406,,,,0.375,,,,,,,,,
6708000,1677,0.875,,12.794734954833984,,,,0.875,,,,,,,,,
6712000,1678,0.5,,9.112030029296875,,,,0.5,,,,,,,,,
6716000,1679,0.5,,12.025362014770508,,,,0.5,,,,,,,,,
6720000,1680,0.625,,11.585733413696289,,,,0.625,,,,,,,,,
6724000,1681,0.875,,12.443385124206543,,,,0.875,,,,,,,,,
6728000,1682,1.0,,10.856040954589844,,,,1.0,,,,,,,,,
6732000,1683,0.375,,10.900167465209961,,,,0.375,,,,,,,,,
6736000,1684,0.5,,10.686206817626953,,,,0.5,,,,,,,,,
6740000,1685,0.875,,12.537792205810547,,,,0.875,,,,,,,,,
6744000,1686,0.625,,12.419163703918457,,,,0.625,,,,,,,,,
6748000,1687,1.0,,11.207268714904785,,,,1.0,,,,,,,,,
6752000,1688,0.75,,10.872017860412598,,,,0.75,,,,,,,,,
6756000,1689,0.625,,12.146318435668945,,,,0.625,,,,,,,,,
6760000,1690,1.0,,10.646233558654785,,,,1.0,,,,,,,,,
6764000,1691,0.75,,13.466875076293945,,,,0.75,,,,,,,,,
6768000,1692,0.625,,8.896827697753906,,,,0.625,,,,,,,,,
6772000,1693,0.375,,11.549027442932129,,,,0.375,,,,,,,,,
6776000,1694,0.125,,12.742076873779297,,,,0.125,,,,,,,,,
6780000,1695,0.625,,9.93360710144043,,,,0.625,,,,,,,,,
6784000,1696,0.75,,10.349737167358398,,,,0.75,,,,,,,,,
6788000,1697,0.75,,11.571600914001465,,,,0.75,,,,,,,,,
6792000,1698,0.875,,11.101325035095215,,,,0.875,,,,,,,,,
6796000,1699,0.5,,12.110302925109863,,,,0.5,,,,,,,,,
6800000,1700,0.375,,10.363163948059082,,,,0.375,,,,,,,,,
6804000,1701,0.125,,11.582831382751465,,,,0.125,,,,,,,,,
6808000,1702,1.125,,11.355161666870117,,,,1.125,,,,,,,,,
6812000,1703,0.375,,10.353056907653809,,,,0.375,,,,,,,,,
6816000,1704,0.5,,10.221938133239746,,,,0.5,,,,,,,,,
6820000,1705,1.25,,12.31936264038086,,,,1.25,,,,,,,,,
6824000,1706,0.5,,11.095161437988281,,,,0.5,,,,,,,,,
6828000,1707,0.375,,10.428875923156738,,,,0.375,,,,,,,,,
6832000,1708,0.375,,11.354204177856445,,,,0.375,,,,,,,,,
6836000,1709,0.875,,12.275711059570312,,,,0.875,,,,,,,,,
6840000,1710,0.375,,11.585237503051758,,,,0.375,,,,,,,,,
6844000,1711,0.375,,10.277912139892578,,,,0.375,,,,,,,,,
6848000,1712,0.375,,9.160009384155273,,,,0.375,,,,,,,,,
6852000,1713,0.875,,12.403022766113281,,,,0.875,,,,,,,,,
6856000,1714,0.375,,10.142769813537598,,,,0.375,,,,,,,,,
6860000,1715,0.5,,11.70514965057373,,,,0.5,,,,,,,,,
6864000,1716,0.625,,10.460795402526855,,,,0.625,,,,,,,,,
6868000,1717,0.625,,9.858606338500977,,,,0.625,,,,,,,,,
6872000,1718,0.25,,11.333694458007812,,,,0.25,,,,,,,,,
6876000,1719,0.125,,11.534406661987305,,,,0.125,,,,,,,,,
6880000,1720,0.5,,10.120497703552246,,,,0.5,,,,,,,,,
6884000,1721,0.75,,10.386747360229492,,,,0.75,,,,,,,,,
6888000,1722,1.25,,9.31059455871582,,,,1.25,,,,,,,,,
6892000,1723,0.25,,11.262481689453125,,,,0.25,,,,,,,,,
6896000,1724,0.75,,9.323256492614746,,,,0.75,,,,,,,,,
6900000,1725,0.625,,9.824033737182617,,,,0.625,,,,,,,,,
6904000,1726,0.625,,8.910436630249023,,,,0.625,,,,,,,,,
6908000,1727,1.0,,12.297801971435547,,,,1.0,,,,,,,,,
6912000,1728,0.125,,11.442956924438477,,,,0.125,,,,,,,,,
6916000,1729,0.5,,10.618131637573242,,,,0.5,,,,,,,,,
6920000,1730,1.125,,10.43746566772461,,,,1.125,,,,,,,,,
6924000,1731,0.625,,9.402502059936523,,,,0.625,,,,,,,,,
6928000,1732,0.875,,9.78461742401123,,,,0.875,,,,,,,,,
6932000,1733,0.5,,10.439067840576172,,,,0.5,,,,,,,,,
6936000,1734,0.875,,10.314456939697266,,,,0.875,,,,,,,,,
6940000,1735,1.0,,10.678268432617188,,,,1.0,,,,,,,,,
6944000,1736,0.875,,10.109672546386719,,,,0.875,,,,,,,,,
6948000,1737,0.75,,10.187610626220703,,,,0.75,,,,,,,,,
6952000,1738,0.625,,11.31266975402832,,,,0.625,,,,,,,,,
6956000,1739,0.875,,10.974427223205566,,,,0.875,,,,,,,,,
6960000,1740,0.875,,11.254373550415039,,,,0.875,,,,,,,,,
6964000,1741,0.875,,12.189912796020508,,,,0.875,,,,,,,,,
6968000,1742,0.125,,9.945751190185547,,,,0.125,,,,,,,,,
6972000,1743,1.375,,11.387331008911133,,,,1.375,,,,,,,,,
6976000,1744,1.125,,9.664200782775879,,,,1.125,,,,,,,,,
6980000,1745,0.875,,10.878236770629883,,,,0.875,,,,,,,,,
6984000,1746,0.625,,9.26114559173584,,,,0.625,,,,,,,,,
6988000,1747,0.5,,10.768556594848633,,,,0.5,,,,,,,,,
6992000,1748,1.125,,11.024495124816895,,,,1.125,,,,,,,,,
6996000,1749,1.25,,10.921647071838379,,,,1.25,,,,,,,,,
7000000,1750,0.625,,11.052839279174805,,,,0.625,,,,,,,,,
7004000,1751,1.0,,8.862565994262695,,,,1.0,,,,,,,,,
7008000,1752,0.75,,11.169841766357422,,,,0.75,,,,,,,,,
7012000,1753,0.75,,10.217424392700195,,,,0.75,,,,,,,,,
7016000,1754,1.25,,12.121929168701172,,,,1.25,,,,,,,,,
7020000,1755,0.875,,8.99705982208252,,,,0.875,,,,,,,,,
7024000,1756,1.375,,10.172464370727539,,,,1.375,,,,,,,,,
7028000,1757,0.875,,11.69093132019043,,,,0.875,,,,,,,,,
7032000,1758,0.75,,11.222114562988281,,,,0.75,,,,,,,,,
7036000,1759,0.875,,10.3786039352417,,,,0.875,,,,,,,,,
7040000,1760,1.125,,9.776748657226562,,,,1.125,,,,,,,,,
7044000,1761,0.875,,10.261898040771484,,,,0.875,,,,,,,,,
7048000,1762,1.375,,10.701078414916992,,,,1.375,,,,,,,,,
7052000,1763,1.0,,11.482050895690918,,,,1.0,,,,,,,,,
7056000,1764,0.75,,9.603155136108398,,,,0.75,,,,,,,,,
7060000,1765,0.875,,11.05123519897461,,,,0.875,,,,,,,,,
7064000,1766,1.0,,10.42651653289795,,,,1.0,,,,,,,,,
7068000,1767,1.25,,10.834676742553711,,,,1.25,,,,,,,,,
7072000,1768,1.125,,11.339353561401367,,,,1.125,,,,,,,,,
7076000,1769,0.5,,10.096972465515137,,,,0.5,,,,,,,,,
7080000,1770,1.0,,10.792762756347656,,,,1.0,,,,,,,,,
7084000,1771,1.375,,11.939901351928711,,,,1.375,,,,,,,,,
7088000,1772,0.75,,11.367313385009766,,,,0.75,,,,,,,,,
7092000,1773,1.5,,11.502323150634766,,,,1.5,,,,,,,,,
7096000,1774,1.5,,8.940282821655273,,,,1.5,,,,,,,,,
7100000,1775,1.25,,9.391199111938477,,,,1.25,,,,,,,,,
7104000,1776,1.375,,11.077756881713867,,,,1.375,,,,,,,,,
7108000,1777,1.0,,10.70254898071289,,,,1.0,,,,,,,,,
7112000,1778,1.875,,11.906893730163574,,,,1.875,,,,,,,,,
7116000,1779,1.375,,11.37923526763916,,,,1.375,,,,,,,,,
7120000,1780,1.0,,12.050515174865723,,,,1.0,,,,,,,,,
7124000,1781,0.75,,12.319622039794922,,,,0.75,,,,,,,,,
7128000,1782,1.375,,11.20474624633789,,,,1.375,,,,,,,,,
7132000,1783,1.0,,10.869100570678711,,,,1.0,,,,,,,,,
7136000,1784,1.875,,10.40190315246582,,,,1.875,,,,,,,,,
7140000,1785,1.375,,10.418060302734375,,,,1.375,,,,,,,,,
7144000,1786,0.75,,10.178986549377441,,,,0.75,,,,,,,,,
7148000,1787,0.75,,10.503376007080078,,,,0.75,,,,,,,,,
7152000,1788,1.25,,10.765039443969727,,,,1.25,,,,,,,,,
7156000,1789,1.25,,10.124605178833008,,,,1.25,,,,,,,,,
7160000,1790,1.25,,10.106054306030273,,,,1.25,,,,,,,,,
7164000,1791,0.5,,11.777617454528809,,,,0.5,,,,,,,,,
7168000,1792,1.5,,10.91891098022461,,,,1.5,,,,,,,,,
7172000,1793,1.5,,11.561477661132812,,,,1.5,,,,,,,,,
7176000,1794,1.125,,12.48488998413086,,,,1.125,,,,,,,,,
7180000,1795,0.5,,10.39253044128418,,,,0.5,,,,,,,,,
7184000,1796,1.25,,12.274288177490234,,,,1.25,,,,,,,,,
7188000,1797,0.625,,10.19058609008789,,,,0.625,,,,,,,,,
7192000,1798,0.375,,10.377494812011719,,,,0.375,,,,,,,,,
7196000,1799,0.75,,11.119305610656738,,,,0.75,,,,,,,,,
7200000,1800,0.25,,9.072349548339844,,,,0.25,,,,,,,,,
7204000,1801,1.375,,9.193355560302734,,,,1.375,,,,,,,,,
7208000,1802,1.375,,10.59372615814209,,,,1.375,,,,,,,,,
7212000,1803,0.625,,10.409391403198242,,,,0.625,,,,,,,,,
7216000,1804,1.0,,9.065125465393066,,,,1.0,,,,,,,,,
7220000,1805,1.125,,10.764511108398438,,,,1.125,,,,,,,,,
7224000,1806,0.875,,9.934479713439941,,,,0.875,,,,,,,,,
7228000,1807,0.75,,10.156970977783203,,,,0.75,,,,,,,,,
7232000,1808,0.5,,10.599321365356445,,,,0.5,,,,,,,,,
7236000,1809,0.75,,11.71539306640625,,,,0.75,,,,,,,,,
7240000,1810,1.125,,9.464609146118164,,,,1.125,,,,,,,,,
7244000,1811,1.25,,11.101930618286133,,,,1.25,,,,,,,,,
7248000,1812,0.75,,9.523903846740723,,,,0.75,,,,,,,,,
7252000,1813,1.0,,9.792558670043945,,,,1.0,,,,,,,,,
7256000,1814,1.0,,9.541509628295898,,,,1.0,,,,,,,,,
7260000,1815,0.625,,10.178857803344727,,,,0.625,,,,,,,,,
7264000,1816,0.75,,9.096427917480469,,,,0.75,,,,,,,,,
7268000,1817,0.75,,10.119091033935547,,,,0.75,,,,,,,,,
7272000,1818,0.375,,11.001575469970703,,,,0.375,,,,,,,,,
7276000,1819,0.625,,11.117460250854492,,,,0.625,,,,,,,,,
7280000,1820,1.0,,9.877496719360352,,,,1.0,,,,,,,,,
7284000,1821,0.75,,9.496819496154785,,,,0.75,,,,,,,,,
7288000,1822,1.25,,9.654318809509277,,,,1.25,,,,,,,,,
7292000,1823,0.875,,9.84688949584961,,,,0.875,,,,,,,,,
7296000,1824,0.5,,9.451784133911133,,,,0.5,,,,,,,,,
7300000,1825,0.875,,8.926984786987305,,,,0.875,,,,,,,,,
7304000,1826,0.875,,9.361318588256836,,,,0.875,,,,,,,,,
7308000,1827,1.0,,9.061697006225586,,,,1.0,,,,,,,,,
7312000,1828,0.875,,9.620952606201172,,,,0.875,,,,,,,,,
7316000,1829,0.75,,9.38332748413086,,,,0.75,,,,,,,,,
7320000,1830,0.625,,8.919418334960938,,,,0.625,,,,,,,,,
7324000,1831,0.75,,9.341619491577148,,,,0.75,,,,,,,,,
7328000,1832,1.0,,9.443229675292969,,,,1.0,,,,,,,,,
7332000,1833,0.75,,9.2267427444458,,,,0.75,,,,,,,,,
7336000,1834,0.625,,9.305509567260742,,,,0.625,,,,,,,,,
7340000,1835,0.5,,10.149657249450684,,,,0.5,,,,,,,,,
7344000,1836,0.625,,8.266139030456543,,,,0.625,,,,,,,,,
7348000,1837,0.375,,8.757884979248047,,,,0.375,,,,,,,,,
7352000,1838,0.875,,8.785563468933105,,,,0.875,,,,,,,,,
7356000,1839,0.625,,8.439950942993164,,,,0.625,,,,,,,,,
7360000,1840,0.625,,8.588868141174316,,,,0.625,,,,,,,,,
7364000,1841,1.125,,8.852603912353516,,,,1.125,,,,,,,,,
7368000,1842,0.625,,8.27616024017334,,,,0.625,,,,,,,,,
7372000,1843,0.875,,9.177713394165039,,,,0.875,,,,,,,,,
7376000,1844,0.5,,8.056442260742188,,,,0.5,,,,,,,,,
7380000,1845,1.0,,9.152887344360352,,,,1.0,,,,,,,,,
7384000,1846,1.125,,8.514039993286133,,,,1.125,,,,,,,,,
7388000,1847,0.625,,8.224782943725586,,,,0.625,,,,,,,,,
7392000,1848,0.5,,8.698899269104004,,,,0.5,,,,,,,,,
7396000,1849,1.125,,8.29898738861084,,,,1.125,,,,,,,,,
7400000,1850,0.75,,9.381775856018066,,,,0.75,,,,,,,,,
7404000,1851,0.75,,8.815017700195312,,,,0.75,,,,,,,,,
7408000,1852,0.625,,8.414471626281738,,,,0.625,,,,,,,,,
7412000,1853,0.625,,8.060880661010742,,,,0.625,,,,,,,,,
7416000,1854,1.0,,8.508291244506836,,,,1.0,,,,,,,,,
7420000,1855,1.0,,8.876859664916992,,,,1.0,,,,,,,,,
7424000,1856,1.125,,9.854138374328613,,,,1.125,,,,,,,,,
7428000,1857,1.375,,8.043195724487305,,,,1.375,,,,,,,,,
7432000,1858,0.75,,8.222352981567383,,,,0.75,,,,,,,,,
7436000,1859,1.5,,8.448217391967773,,,,1.5,,,,,,,,,
7440000,1860,1.0,,8.555001258850098,,,,1.0,,,,,,,,,
7444000,1861,1.0,,9.211193084716797,,,,1.0,,,,,,,,,
7448000,1862,1.0,,8.376184463500977,,,,1.0,,,,,,,,,
7452000,1863,0.625,,7.451885223388672,,,,0.625,,,,,,,,,
7456000,1864,1.25,,7.653034687042236,,,,1.25,,,,,,,,,
7460000,1865,1.375,,9.458982467651367,,,,1.375,,,,,,,,,
7464000,1866,2.125,,8.779308319091797,,,,2.125,,,,,,,,,
7468000,1867,0.75,,8.265186309814453,,,,0.75,,,,,,,,,
7472000,1868,1.625,,8.63233757019043,,,,1.625,,,,,,,,,
7476000,1869,1.25,,8.02591609954834,,,,1.25,,,,,,,,,
7480000,1870,1.25,,8.60110092163086,,,,1.25,,,,,,,,,
7484000,1871,2.0,,8.47175407409668,,,,2.0,,,,,,,,,
7488000,1872,0.875,,8.015371322631836,,,,0.875,,,,,,,,,
7492000,1873,1.375,,7.502712726593018,,,,1.375,,,,,,,,,
7496000,1874,1.625,,8.04062271118164,,,,1.625,,,,,,,,,
7500000,1875,1.5,,8.616128921508789,,,,1.5,,,,,,,,,
7504000,1876,0.75,,7.848685264587402,,,,0.75,,,,,,,,,
7508000,1877,1.0,,7.736687660217285,,,,1.0,,,,,,,,,
7512000,1878,1.5,,8.600915908813477,,,,1.5,,,,,,,,,
7516000,1879,1.75,,8.290640830993652,,,,1.75,,,,,,,,,
7520000,1880,1.75,,8.545524597167969,,,,1.75,,,,,,,,,
7524000,1881,1.75,,8.594364166259766,,,,1.75,,,,,,,,,
7528000,1882,1.75,,8.078916549682617,,,,1.75,,,,,,,,,
7532000,1883,1.375,,7.8790788650512695,,,,1.375,,,,,,,,,
7536000,1884,1.625,,7.931099891662598,,,,1.625,,,,,,,,,
7540000,1885,1.5,,8.25030517578125,,,,1.5,,,,,,,,,
7544000,1886,1.625,,7.809925556182861,,,,1.625,,,,,,,,,
7548000,1887,1.375,,8.442705154418945,,,,1.375,,,,,,,,,
7552000,1888,2.0,,8.135351181030273,,,,2.0,,,,,,,,,
7556000,1889,1.5,,8.48211669921875,,,,1.5,,,,,,,,,
7560000,1890,1.375,,8.595405578613281,,,,1.375,,,,,,,,,
7564000,1891,1.125,,8.245414733886719,,,,1.125,,,,,,,,,
7568000,1892,1.0,,8.462722778320312,,,,1.0,,,,,,,,,
7572000,1893,1.625,,8.308959007263184,,,,1.625,,,,,,,,,
7576000,1894,1.25,,8.016561508178711,,,,1.25,,,,,,,,,
7580000,1895,1.25,,7.910686492919922,,,,1.25,,,,,,,,,
7584000,1896,1.25,,8.366128921508789,,,,1.25,,,,,,,,,
7588000,1897,1.375,,7.447535037994385,,,,1.375,,,,,,,,,
7592000,1898,1.625,,7.938479423522949,,,,1.625,,,,,,,,,
7596000,1899,1.625,,8.61111831665039,,,,1.625,,,,,,,,,
7600000,1900,0.75,,6.9802751541137695,,,,0.75,,,,,,,,,
7604000,1901,1.25,,7.706130027770996,,,,1.25,,,,,,,,,
7608000,1902,1.625,,7.941941261291504,,,,1.625,,,,,,,,,
7612000,1903,1.125,,7.370988368988037,,,,1.125,,,,,,,,,
7616000,1904,1.25,,8.130720138549805,,,,1.25,,,,,,,,,
7620000,1905,0.75,,8.411283493041992,,,,0.75,,,,,,,,,
7624000,1906,1.5,,7.606986999511719,,,,1.5,,,,,,,,,
7628000,1907,1.875,,7.743718147277832,,,,1.875,,,,,,,,,
7632000,1908,1.0,,6.788049697875977,,,,1.0,,,,,,,,,
7636000,1909,1.75,,8.087348937988281,,,,1.75,,,,,,,,,
7640000,1910,1.125,,7.27036190032959,,,,1.125,,,,,,,,,
7644000,1911,2.125,,7.154734134674072,,,,2.125,,,,,,,,,
7648000,1912,1.5,,6.833625793457031,,,,1.5,,,,,,,,,
7652000,1913,1.0,,7.395686149597168,,,,1.0,,,,,,,,,
7656000,1914,1.5,,7.346281051635742,,,,1.5,,,,,,,,,
7660000,1915,1.625,,7.448602676391602,,,,1.625,,,,,,,,,
7664000,1916,1.875,,7.195813179016113,,,,1.875,,,,,,,,,
7668000,1917,1.125,,7.72047233581543,,,,1.125,,,,,,,,,
7672000,1918,1.625,,7.01729679107666,,,,1.625,,,,,,,,,
7676000,1919,1.75,,7.6116790771484375,,,,1.75,,,,,,,,,
7680000,1920,1.5,,7.030317783355713,,,,1.5,,,,,,,,,
7684000,1921,2.375,,7.0414228439331055,,,,2.375,,,,,,,,,
7688000,1922,1.5,,6.67177677154541,,,,1.5,,,,,,,,,
7692000,1923,2.25,,7.538015365600586,,,,2.25,,,,,,,,,
7696000,1924,1.0,,7.183912754058838,,,,1.0,,,,,,,,,
7700000,1925,2.125,,7.868010520935059,,,,2.125,,,,,,,,,
7704000,1926,1.0,,6.988372802734375,,,,1.0,,,,,,,,,
7708000,1927,2.0,,7.60227632522583,,,,2.0,,,,,,,,,
7712000,1928,1.625,,8.161070823669434,,,,1.625,,,,,,,,,
7716000,1929,1.625,,7.309122562408447,,,,1.625,,,,,,,,,
7720000,1930,1.875,,7.415451526641846,,,,1.875,,,,,,,,,
7724000,1931,1.5,,6.642385959625244,,,,1.5,,,,,,,,,
7728000,1932,1.5,,7.066295623779297,,,,1.5,,,,,,,,,
7732000,1933,1.875,,7.50014591217041,,,,1.875,,,,,,,,,
7736000,1934,1.25,,7.959022521972656,,,,1.25,,,,,,,,,
7740000,1935,2.125,,7.437677383422852,,,,2.125,,,,,,,,,
7744000,1936,1.75,,7.744471073150635,,,,1.75,,,,,,,,,
7748000,1937,1.625,,7.59051513671875,,,,1.625,,,,,,,,,
7752000,1938,1.625,,7.318218231201172,,,,1.625,,,,,,,,,
7756000,1939,1.25,,7.840325355529785,,,,1.25,,,,,,,,,
7760000,1940,1.5,,7.117290496826172,,,,1.5,,,,,,,,,
7764000,1941,2.125,,7.371027946472168,,,,2.125,,,,,,,,,
7768000,1942,1.5,,8.671943664550781,,,,1.5,,,,,,,,,
7772000,1943,1.25,,8.171314239501953,,,,1.25,,,,,,,,,
7776000,1944,2.125,,8.266441345214844,,,,2.125,,,,,,,,,
7780000,1945,1.875,,7.682861804962158,,,,1.875,,,,,,,,,
7784000,1946,2.0,,8.193185806274414,,,,2.0,,,,,,,,,
7788000,1947,1.125,,7.848081111907959,,,,1.125,,,,,,,,,
7792000,1948,2.125,,8.123302459716797,,,,2.125,,,,,,,,,
7796000,1949,2.125,,7.793719291687012,,,,2.125,,,,,,,,,
7800000,1950,1.5,,8.053287506103516,,,,1.5,,,,,,,,,
7804000,1951,1.875,,8.313716888427734,,,,1.875,,,,,,,,,
7808000,1952,2.125,,8.102025032043457,,,,2.125,,,,,,,,,
7812000,1953,1.5,,8.159966468811035,,,,1.5,,,,,,,,,
7816000,1954,1.0,,7.91891622543335,,,,1.0,,,,,,,,,
7820000,1955,2.125,,6.9910688400268555,,,,2.125,,,,,,,,,
7824000,1956,1.875,,8.144044876098633,,,,1.875,,,,,,,,,
7828000,1957,1.375,,7.75975227355957,,,,1.375,,,,,,,,,
7832000,1958,1.875,,7.825174808502197,,,,1.875,,,,,,,,,
7836000,1959,2.125,,8.175644874572754,,,,2.125,,,,,,,,,
7840000,1960,2.0,,7.251649379730225,,,,2.0,,,,,,,,,
7844000,1961,2.5,,7.8544816970825195,,,,2.5,,,,,,,,,
7848000,1962,1.5,,7.962953090667725,,,,1.5,,,,,,,,,
7852000,1963,1.625,,7.801779747009277,,,,1.625,,,,,,,,,
7856000,1964,2.0,,8.135613441467285,,,,2.0,,,,,,,,,
7860000,1965,1.875,,7.604384422302246,,,,1.875,,,,,,,,,
7864000,1966,1.5,,8.317506790161133,,,,1.5,,,,,,,,,
7868000,1967,1.75,,8.085947036743164,,,,1.75,,,,,,,,,
7872000,1968,1.75,,8.276214599609375,,,,1.75,,,,,,,,,
7876000,1969,2.0,,8.025740623474121,,,,2.0,,,,,,,,,
7880000,1970,1.75,,8.099386215209961,,,,1.75,,,,,,,,,
7884000,1971,1.5,,8.062532424926758,,,,1.5,,,,,,,,,
7888000,1972,1.25,,8.565786361694336,,,,1.25,,,,,,,,,
7892000,1973,2.75,,7.810426712036133,,,,2.75,,,,,,,,,
7896000,1974,2.375,,8.064179420471191,,,,2.375,,,,,,,,,
7900000,1975,1.375,,8.041823387145996,,,,1.375,,,,,,,,,
7904000,1976,2.375,,8.373906135559082,,,,2.375,,,,,,,,,
7908000,1977,2.875,,8.20606803894043,,,,2.875,,,,,,,,,
7912000,1978,1.875,,8.345805168151855,,,,1.875,,,,,,,,,
7916000,1979,2.0,,8.003987312316895,,,,2.0,,,,,,,,,
7920000,1980,2.375,,8.338440895080566,,,,2.375,,,,,,,,,
7924000,1981,2.25,,8.148822784423828,,,,2.25,,,,,,,,,
7928000,1982,2.25,,8.00107479095459,,,,2.25,,,,,,,,,
7932000,1983,2.75,,7.661989212036133,,,,2.75,,,,,,,,,
7936000,1984,2.0,,8.113664627075195,,,,2.0,,,,,,,,,
7940000,1985,1.75,,8.155559539794922,,,,1.75,,,,,,,,,
7944000,1986,2.375,,8.405315399169922,,,,2.375,,,,,,,,,
7948000,1987,1.375,,8.017424583435059,,,,1.375,,,,,,,,,
7952000,1988,1.75,,8.287408828735352,,,,1.75,,,,,,,,,
7956000,1989,2.0,,8.353848457336426,,,,2.0,,,,,,,,,
7960000,1990,2.375,,7.875466346740723,,,,2.375,,,,,,,,,
7964000,1991,2.125,,8.602249145507812,,,,2.125,,,,,,,,,
7968000,1992,2.125,,8.702096939086914,,,,2.125,,,,,,,,,
7972000,1993,2.25,,8.003103256225586,,,,2.25,,,,,,,,,
7976000,1994,1.125,,8.998954772949219,,,,1.125,,,,,,,,,
7980000,1995,2.0,,8.147768020629883,,,,2.0,,,,,,,,,
7984000,1996,1.875,,8.114730834960938,,,,1.875,,,,,,,,,
7988000,1997,1.375,,8.151634216308594,,,,1.375,,,,,,,,,
7992000,1998,1.875,,8.025382041931152,,,,1.875,,,,,,,,,
7996000,1999,1.5,,7.301363945007324,,,,1.5,,,,,,,,,
8000000,2000,2.25,,7.992422103881836,,,,2.25,,,,,,,,,
8004000,2001,2.125,,7.936235427856445,,,,2.125,,,,,,,,,
8008000,2002,2.125,,8.028568267822266,,,,2.125,,,,,,,,,
8012000,2003,2.0,,7.554747581481934,,,,2.0,,,,,,,,,
8016000,2004,1.25,,7.780263900756836,,,,1.25,,,,,,,,,
8020000,2005,1.125,,7.84874153137207,,,,1.125,,,,,,,,,
8024000,2006,1.75,,7.796390533447266,,,,1.75,,,,,,,,,
8028000,2007,1.75,,8.310552597045898,,,,1.75,,,,,,,,,
8032000,2008,1.25,,7.58909273147583,,,,1.25,,,,,,,,,
8036000,2009,1.125,,7.875758647918701,,,,1.125,,,,,,,,,
8040000,2010,2.0,,7.893280506134033,,,,2.0,,,,,,,,,
8044000,2011,1.875,,7.5076904296875,,,,1.875,,,,,,,,,
8048000,2012,1.75,,7.716874122619629,,,,1.75,,,,,,,,,
8052000,2013,2.5,,7.309454917907715,,,,2.5,,,,,,,,,
8056000,2014,1.75,,7.998088359832764,,,,1.75,,,,,,,,,
8060000,2015,2.0,,8.042827606201172,,,,2.0,,,,,,,,,
8064000,2016,2.25,,6.655195713043213,,,,2.25,,,,,,,,,
8068000,2017,2.0,,8.066577911376953,,,,2.0,,,,,,,,,
8072000,2018,1.625,,7.44998836517334,,,,1.625,,,,,,,,,
8076000,2019,1.75,,7.716447830200195,,,,1.75,,,,,,,,,
8080000,2020,1.125,,7.4698486328125,,,,1.125,,,,,,,,,
8084000,2021,1.5,,7.687944412231445,,,,1.5,,,,,,,,,
8088000,2022,1.875,,7.640603542327881,,,,1.875,,,,,,,,,
8092000,2023,1.625,,7.780243873596191,,,,1.625,,,,,,,,,
8096000,2024,1.875,,7.274194717407227,,,,1.875,,,,,,,,,
8100000,2025,1.625,,7.242508888244629,,,,1.625,,,,,,,,,
8104000,2026,1.625,,7.036194801330566,,,,1.625,,,,,,,,,
8108000,2027,1.125,,7.323764801025391,,,,1.125,,,,,,,,,
8112000,2028,2.25,,7.508621692657471,,,,2.25,,,,,,,,,
8116000,2029,2.625,,7.311499118804932,,,,2.625,,,,,,,,,
8120000,2030,1.75,,7.480498313903809,,,,1.75,,,,,,,,,
8124000,2031,1.875,,7.886537551879883,,,,1.875,,,,,,,,,
8128000,2032,2.0,,7.5220947265625,,,,2.0,,,,,,,,,
8132000,2033,1.5,,7.592187881469727,,,,1.5,,,,,,,,,
8136000,2034,2.25,,7.732916355133057,,,,2.25,,,,,,,,,
8140000,2035,2.125,,7.619433403015137,,,,2.125,,,,,,,,,
8144000,2036,1.875,,7.461751461029053,,,,1.875,,,,,,,,,
8148000,2037,1.375,,7.693495750427246,,,,1.375,,,,,,,,,
8152000,2038,1.875,,6.895080089569092,,,,1.875,,,,,,,,,
8156000,2039,2.25,,7.466312408447266,,,,2.25,,,,,,,,,
8160000,2040,2.5,,7.552977561950684,,,,2.5,,,,,,,,,
8164000,2041,2.5,,7.4327287673950195,,,,2.5,,,,,,,,,
8168000,2042,1.75,,7.028345108032227,,,,1.75,,,,,,,,,
8172000,2043,2.375,,7.285787582397461,,,,2.375,,,,,,,,,
8176000,2044,1.875,,7.450400352478027,,,,1.875,,,,,,,,,
8180000,2045,2.25,,7.643533229827881,,,,2.25,,,,,,,,,
8184000,2046,2.375,,7.1771626472473145,,,,2.375,,,,,,,,,
8188000,2047,2.25,,6.917026042938232,,,,2.25,,,,,,,,,
8192000,2048,1.25,,6.988546848297119,,,,1.25,,,,,,,,,
8196000,2049,3.0,,7.738372325897217,,,,3.0,,,,,,,,,
8200000,2050,2.0,,7.080883026123047,,,,2.0,,,,,,,,,
8204000,2051,2.25,,7.293299674987793,,,,2.25,,,,,,,,,
8208000,2052,2.625,,7.241960048675537,,,,2.625,,,,,,,,,
8212000,2053,1.75,,7.1718244552612305,,,,1.75,,,,,,,,,
8216000,2054,1.75,,7.454191207885742,,,,1.75,,,,,,,,,
8220000,2055,2.25,,7.413388252258301,,,,2.25,,,,,,,,,
8224000,2056,1.875,,6.8657379150390625,,,,1.875,,,,,,,,,
8228000,2057,1.875,,7.185927391052246,,,,1.875,,,,,,,,,
8232000,2058,2.375,,7.282427787780762,,,,2.375,,,,,,,,,
8236000,2059,2.0,,7.244643211364746,,,,2.0,,,,,,,,,
8240000,2060,2.0,,7.165381908416748,,,,2.0,,,,,,,,,
8244000,2061,2.375,,7.174546241760254,,,,2.375,,,,,,,,,
8248000,2062,1.875,,7.098572254180908,,,,1.875,,,,,,,,,
8252000,2063,2.75,,6.834172248840332,,,,2.75,,,,,,,,,
8256000,2064,2.75,,7.061834335327148,,,,2.75,,,,,,,,,
8260000,2065,2.125,,7.136412620544434,,,,2.125,,,,,,,,,
8264000,2066,2.125,,6.999166965484619,,,,2.125,,,,,,,,,
8268000,2067,3.125,,7.587350845336914,,,,3.125,,,,,,,,,
8272000,2068,2.875,,7.547698974609375,,,,2.875,,,,,,,,,
8276000,2069,1.625,,7.230547904968262,,,,1.625,,,,,,,,,
8280000,2070,2.375,,6.94167423248291,,,,2.375,,,,,,,,,
8284000,2071,2.875,,7.041433334350586,,,,2.875,,,,,,,,,
8288000,2072,3.125,,6.769103050231934,,,,3.125,,,,,,,,,
8292000,2073,1.75,,7.437306880950928,,,,1.75,,,,,,,,,
8296000,2074,2.375,,7.121027946472168,,,,2.375,,,,,,,,,
8300000,2075,1.875,,6.941123962402344,,,,1.875,,,,,,,,,
8304000,2076,2.75,,7.317383766174316,,,,2.75,,,,,,,,,
8308000,2077,2.625,,6.84692907333374,,,,2.625,,,,,,,,,
8312000,2078,1.625,,7.036488056182861,,,,1.625,,,,,,,,,
8316000,2079,2.0,,6.939997673034668,,,,2.0,,,,,,,,,
8320000,2080,2.25,,7.093005180358887,,,,2.25,,,,,,,,,
8324000,2081,1.75,,7.031198501586914,,,,1.75,,,,,,,,,
8328000,2082,2.375,,7.335033416748047,,,,2.375,,,,,,,,,
8332000,2083,2.625,,6.938906192779541,,,,2.625,,,,,,,,,
8336000,2084,2.0,,6.865217208862305,,,,2.0,,,,,,,,,
8340000,2085,1.75,,6.5325775146484375,,,,1.75,,,,,,,,,
8344000,2086,2.5,,6.752985000610352,,,,2.5,,,,,,,,,
8348000,2087,2.5,,7.573610305786133,,,,2.5,,,,,,,,,
8352000,2088,3.125,,7.184693336486816,,,,3.125,,,,,,,,,
8356000,2089,2.5,,7.187904357910156,,,,2.5,,,,,,,,,
8360000,2090,2.5,,7.161179542541504,,,,2.5,,,,,,,,,
8364000,2091,2.0,,7.120147705078125,,,,2.0,,,,,,,,,
8368000,2092,2.75,,7.060415267944336,,,,2.75,,,,,,,,,
8372000,2093,2.0,,6.782199859619141,,,,2.0,,,,,,,,,
8376000,2094,2.375,,7.047419548034668,,,,2.375,,,,,,,,,
8380000,2095,2.0,,7.18862247467041,,,,2.0,,,,,,,,,
8384000,2096,2.875,,7.123579025268555,,,,2.875,,,,,,,,,
8388000,2097,1.75,,6.780178070068359,,,,1.75,,,,,,,,,
8392000,2098,2.25,,7.115042686462402,,,,2.25,,,,,,,,,
8396000,2099,2.5,,6.6998467445373535,,,,2.5,,,,,,,,,
8400000,2100,2.25,,7.06682014465332,,,,2.25,,,,,,,,,
8404000,2101,2.625,,6.487405776977539,,,,2.625,,,,,,,,,
8408000,2102,2.75,,6.589056968688965,,,,2.75,,,,,,,,,
8412000,2103,2.375,,6.824920654296875,,,,2.375,,,,,,,,,
8416000,2104,2.5,,6.63848876953125,,,,2.5,,,,,,,,,
8420000,2105,2.125,,6.792347431182861,,,,2.125,,,,,,,,,
8424000,2106,2.375,,6.484968662261963,,,,2.375,,,,,,,,,
8428000,2107,2.625,,6.217942237854004,,,,2.625,,,,,,,,,
8432000,2108,2.5,,6.690838813781738,,,,2.5,,,,,,,,,
8436000,2109,2.25,,6.831900596618652,,,,2.25,,,,,,,,,
8440000,2110,3.25,,6.968280792236328,,,,3.25,,,,,,,,,
8444000,2111,2.0,,6.774012088775635,,,,2.0,,,,,,,,,
8448000,2112,2.875,,6.5523200035095215,,,,2.875,,,,,,,,,
8452000,2113,2.875,,6.842276096343994,,,,2.875,,,,,,,,,
8456000,2114,3.125,,6.254664897918701,,,,3.125,,,,,,,,,
8460000,2115,2.625,,7.045187950134277,,,,2.625,,,,,,,,,
8464000,2116,2.875,,6.38355827331543,,,,2.875,,,,,,,,,
8468000,2117,2.0,,6.959796905517578,,,,2.0,,,,,,,,,
8472000,2118,2.875,,6.986542701721191,,,,2.875,,,,,,,,,
8476000,2119,2.5,,6.635927200317383,,,,2.5,,,,,,,,,
8480000,2120,2.375,,6.5203657150268555,,,,2.375,,,,,,,,,
8484000,2121,2.125,,6.760414123535156,,,,2.125,,,,,,,,,
8488000,2122,2.75,,6.764254570007324,,,,2.75,,,,,,,,,
8492000,2123,2.375,,6.679125785827637,,,,2.375,,,,,,,,,
8496000,2124,1.75,,6.609689235687256,,,,1.75,,,,,,,,,
8500000,2125,2.75,,6.6612091064453125,,,,2.75,,,,,,,,,
8504000,2126,2.0,,6.381030082702637,,,,2.0,,,,,,,,,
8508000,2127,3.25,,6.225682258605957,,,,3.25,,,,,,,,,
8512000,2128,2.625,,6.434144496917725,,,,2.625,,,,,,,,,
8516000,2129,3.0,,6.851870059967041,,,,3.0,,,,,,,,,
8520000,2130,2.25,,6.419599533081055,,,,2.25,,,,,,,,,
8524000,2131,3.25,,6.456005096435547,,,,3.25,,,,,,,,,
8528000,2132,2.25,,6.427680969238281,,,,2.25,,,,,,,,,
8532000,2133,3.5,,6.504995822906494,,,,3.5,,,,,,,,,
8536000,2134,3.0,,6.473756313323975,,,,3.0,,,,,,,,,
8540000,2135,2.25,,6.468267917633057,,,,2.25,,,,,,,,,
8544000,2136,2.625,,6.26606559753418,,,,2.625,,,,,,,,,
8548000,2137,3.5,,6.586006164550781,,,,3.5,,,,,,,,,
8552000,2138,3.0,,6.548408508300781,,,,3.0,,,,,,,,,
8556000,2139,1.875,,6.773139953613281,,,,1.875,,,,,,,,,
8560000,2140,2.25,,6.658766746520996,,,,2.25,,,,,,,,,
8564000,2141,2.75,,6.543563365936279,,,,2.75,,,,,,,,,
8568000,2142,2.5,,6.783621311187744,,,,2.5,,,,,,,,,
8572000,2143,2.75,,6.728331565856934,,,,2.75,,,,,,,,,
8576000,2144,2.5,,6.626127243041992,,,,2.5,,,,,,,,,
8580000,2145,2.125,,6.115674018859863,,,,2.125,,,,,,,,,
8584000,2146,3.25,,6.583992958068848,,,,3.25,,,,,,,,,
8588000,2147,3.25,,6.319069862365723,,,,3.25,,,,,,,,,
8592000,2148,3.0,,6.311733722686768,,,,3.0,,,,,,,,,
8596000,2149,2.75,,6.521048545837402,,,,2.75,,,,,,,,,
8600000,2150,2.875,,6.61818790435791,,,,2.875,,,,,,,,,
8604000,2151,3.125,,6.849023342132568,,,,3.125,,,,,,,,,
8608000,2152,2.625,,6.445000648498535,,,,2.625,,,,,,,,,
8612000,2153,2.5,,6.525247573852539,,,,2.5,,,,,,,,,
8616000,2154,2.5,,6.580353736877441,,,,2.5,,,,,,,,,
8620000,2155,2.5,,6.346543788909912,,,,2.5,,,,,,,,,
8624000,2156,3.5,,6.735702037811279,,,,3.5,,,,,,,,,
8628000,2157,1.625,,6.252978324890137,,,,1.625,,,,,,,,,
8632000,2158,2.875,,6.30385684967041,,,,2.875,,,,,,,,,
8636000,2159,2.0,,6.28557014465332,,,,2.0,,,,,,,,,
8640000,2160,2.125,,6.830181121826172,,,,2.125,,,,,,,,,
8644000,2161,2.5,,6.44691276550293,,,,2.5,,,,,,,,,
8648000,2162,3.375,,6.594304084777832,,,,3.375,,,,,,,,,
8652000,2163,2.25,,6.4152116775512695,,,,2.25,,,,,,,,,
8656000,2164,2.625,,6.697786331176758,,,,2.625,,,,,,,,,
8660000,2165,2.625,,6.286823749542236,,,,2.625,,,,,,,,,
8664000,2166,2.625,,6.631694793701172,,,,2.625,,,,,,,,,
8668000,2167,3.375,,6.494296073913574,,,,3.375,,,,,,,,,
8672000,2168,1.875,,6.4727301597595215,,,,1.875,,,,,,,,,
8676000,2169,2.625,,6.568869590759277,,,,2.625,,,,,,,,,
8680000,2170,2.0,,6.549369812011719,,,,2.0,,,,,,,,,
8684000,2171,2.875,,6.297760963439941,,,,2.875,,,,,,,,,
8688000,2172,2.5,,6.116888999938965,,,,2.5,,,,,,,,,
8692000,2173,2.25,,6.391648292541504,,,,2.25,,,,,,,,,
8696000,2174,2.5,,6.279779434204102,,,,2.5,,,,,,,,,
8700000,2175,2.125,,6.545188903808594,,,,2.125,,,,,,,,,
8704000,2176,2.625,,6.070095539093018,,,,2.625,,,,,,,,,
8708000,2177,2.125,,6.024797439575195,,,,2.125,,,,,,,,,
8712000,2178,2.875,,6.2714691162109375,,,,2.875,,,,,,,,,
8716000,2179,2.75,,6.0155487060546875,,,,2.75,,,,,,,,,
8720000,2180,3.125,,6.353292465209961,,,,3.125,,,,,,,,,
8724000,2181,2.75,,6.066039085388184,,,,2.75,,,,,,,,,
8728000,2182,2.5,,5.831356048583984,,,,2.5,,,,,,,,,
8732000,2183,2.625,,6.403837203979492,,,,2.625,,,,,,,,,
8736000,2184,2.0,,6.165197372436523,,,,2.0,,,,,,,,,
8740000,2185,2.75,,6.233497619628906,,,,2.75,,,,,,,,,
8744000,2186,2.5,,6.1788225173950195,,,,2.5,,,,,,,,,
8748000,2187,3.125,,6.6952009201049805,,,,3.125,,,,,,,,,
8752000,2188,2.375,,6.162957668304443,,,,2.375,,,,,,,,,
8756000,2189,2.75,,6.169168472290039,,,,2.75,,,,,,,,,
8760000,2190,1.75,,5.861165523529053,,,,1.75,,,,,,,,,
8764000,2191,2.625,,5.985625267028809,,,,2.625,,,,,,,,,
8768000,2192,2.75,,6.297245979309082,,,,2.75,,,,,,,,,
8772000,2193,1.625,,6.331630229949951,,,,1.625,,,,,,,,,
8776000,2194,2.25,,6.374698638916016,,,,2.25,,,,,,,,,
8780000,2195,1.0,,5.8058881759643555,,,,1.0,,,,,,,,,
8784000,2196,3.25,,6.09909725189209,,,,3.25,,,,,,,,,
8788000,2197,2.0,,5.862404823303223,,,,2.0,,,,,,,,,
8792000,2198,2.375,,6.086321830749512,,,,2.375,,,,,,,,,
8796000,2199,2.25,,5.819759845733643,,,,2.25,,,,,,,,,
8800000,2200,1.5,,6.11025333404541,,,,1.5,,,,,,,,,
8804000,2201,3.5,,5.947879791259766,,,,3.5,,,,,,,,,
8808000,2202,2.5,,5.570252418518066,,,,2.5,,,,,,,,,
8812000,2203,3.0,,5.637261390686035,,,,3.0,,,,,,,,,
8816000,2204,2.375,,5.910760879516602,,,,2.375,,,,,,,,,
8820000,2205,2.375,,6.187435150146484,,,,2.375,,,,,,,,,
8824000,2206,3.125,,5.71636438369751,,,,3.125,,,,,,,,,
8828000,2207,2.5,,5.801225662231445,,,,2.5,,,,,,,,,
8832000,2208,3.0,,5.950441360473633,,,,3.0,,,,,,,,,
8836000,2209,2.75,,5.65369987487793,,,,2.75,,,,,,,,,
8840000,2210,2.0,,5.985788822174072,,,,2.0,,,,,,,,,
8844000,2211,3.125,,5.821534156799316,,,,3.125,,,,,,,,,
8848000,2212,3.125,,5.892054080963135,,,,3.125,,,,,,,,,
8852000,2213,3.25,,6.003089904785156,,,,3.25,,,,,,,,,
8856000,2214,2.625,,5.728160858154297,,,,2.625,,,,,,,,,
8860000,2215,3.25,,6.127979278564453,,,,3.25,,,,,,,,,
8864000,2216,3.5,,5.612462043762207,,,,3.5,,,,,,,,,
8868000,2217,3.375,,5.759965896606445,,,,3.375,,,,,,,,,
8872000,2218,2.875,,5.86463737487793,,,,2.875,,,,,,,,,
8876000,2219,2.625,,5.796010971069336,,,,2.625,,,,,,,,,
8880000,2220,3.375,,6.036252498626709,,,,3.375,,,,,,,,,
8884000,2221,2.875,,5.664854049682617,,,,2.875,,,,,,,,,
8888000,2222,2.875,,5.85336971282959,,,,2.875,,,,,,,,,
8892000,2223,1.875,,5.823487758636475,,,,1.875,,,,,,,,,
8896000,2224,2.75,,5.641888618469238,,,,2.75,,,,,,,,,
8900000,2225,2.125,,5.903293609619141,,,,2.125,,,,,,,,,
8904000,2226,2.625,,5.647546291351318,,,,2.625,,,,,,,,,
8908000,2227,3.875,,5.580591201782227,,,,3.875,,,,,,,,,
8912000,2228,3.375,,5.983661651611328,,,,3.375,,,,,,,,,
8916000,2229,2.625,,5.5090837478637695,,,,2.625,,,,,,,,,
8920000,2230,2.125,,5.568697929382324,,,,2.125,,,,,,,,,
8924000,2231,2.875,,5.776528358459473,,,,2.875,,,,,,,,,
8928000,2232,1.875,,5.2687177658081055,,,,1.875,,,,,,,,,
8932000,2233,2.625,,5.279852867126465,,,,2.625,,,,,,,,,
8936000,2234,2.75,,5.54233455657959,,,,2.75,,,,,,,,,
8940000,2235,2.75,,5.585890769958496,,,,2.75,,,,,,,,,
8944000,2236,3.125,,5.772363185882568,,,,3.125,,,,,,,,,
8948000,2237,3.0,,5.710367679595947,,,,3.0,,,,,,,,,
8952000,2238,3.5,,5.620200157165527,,,,3.5,,,,,,,,,
8956000,2239,3.25,,5.786622524261475,,,,3.25,,,,,,,,,
8960000,2240,3.625,,5.759881973266602,,,,3.625,,,,,,,,,
8964000,2241,3.0,,5.702833652496338,,,,3.0,,,,,,,,,
8968000,2242,2.875,,5.77814245223999,,,,2.875,,,,,,,,,
8972000,2243,3.5,,5.721839904785156,,,,3.5,,,,,,,,,
8976000,2244,2.625,,5.485103607177734,,,,2.625,,,,,,,,,
8980000,2245,3.125,,5.638082504272461,,,,3.125,,,,,,,,,
8984000,2246,2.25,,5.59262752532959,,,,2.25,,,,,,,,,
8988000,2247,3.125,,5.697919845581055,,,,3.125,,,,,,,,,
8992000,2248,3.375,,5.709338188171387,,,,3.375,,,,,,,,,
8996000,2249,2.875,,5.511641025543213,,,,2.875,,,,,,,,,
9000000,2250,2.875,,5.443509101867676,,,,2.875,,,,,,,,,
9004000,2251,3.0,,5.474602699279785,,,,3.0,,,,,,,,,
9008000,2252,2.25,,5.6485371589660645,,,,2.25,,,,,,,,,
9012000,2253,3.25,,5.633803367614746,,,,3.25,,,,,,,,,
9016000,2254,2.75,,5.487514495849609,,,,2.75,,,,,,,,,
9020000,2255,2.5,,5.49405574798584,,,,2.5,,,,,,,,,
9024000,2256,3.125,,5.333249568939209,,,,3.125,,,,,,,,,
9028000,2257,2.0,,5.611995697021484,,,,2.0,,,,,,,,,
9032000,2258,2.625,,5.607524394989014,,,,2.625,,,,,,,,,
9036000,2259,2.5,,5.424176216125488,,,,2.5,,,,,,,,,
9040000,2260,3.0,,5.55690860748291,,,,3.0,,,,,,,,,
9044000,2261,2.5,,5.552440643310547,,,,2.5,,,,,,,,,
9048000,2262,2.5,,5.293881416320801,,,,2.5,,,,,,,,,
9052000,2263,3.375,,5.421856880187988,,,,3.375,,,,,,,,,
9056000,2264,3.125,,5.306890487670898,,,,3.125,,,,,,,,,
9060000,2265,2.25,,5.333678245544434,,,,2.25,,,,,,,,,
9064000,2266,2.375,,5.737972259521484,,,,2.375,,,,,,,,,
9068000,2267,2.375,,5.496479034423828,,,,2.375,,,,,,,,,
9072000,2268,2.125,,5.2544660568237305,,,,2.125,,,,,,,,,
9076000,2269,1.875,,5.29298210144043,,,,1.875,,,,,,,,,
9080000,2270,2.375,,5.299943923950195,,,,2.375,,,,,,,,,
9084000,2271,2.875,,5.241971969604492,,,,2.875,,,,,,,,,
9088000,2272,2.25,,5.166548728942871,,,,2.25,,,,,,,,,
9092000,2273,1.75,,5.461191654205322,,,,1.75,,,,,,,,,
9096000,2274,2.75,,5.2766828536987305,,,,2.75,,,,,,,,,
9100000,2275,3.0,,5.095905303955078,,,,3.0,,,,,,,,,
9104000,2276,2.125,,5.155962944030762,,,,2.125,,,,,,,,,
9108000,2277,2.625,,5.008960723876953,,,,2.625,,,,,,,,,
9112000,2278,2.25,,5.0757551193237305,,,,2.25,,,,,,,,,
9116000,2279,3.375,,4.9352922439575195,,,,3.375,,,,,,,,,
9120000,2280,2.5,,5.146389484405518,,,,2.5,,,,,,,,,
9124000,2281,2.875,,4.835688591003418,,,,2.875,,,,,,,,,
9128000,2282,2.25,,5.1831278800964355,,,,2.25,,,,,,,,,
9132000,2283,3.125,,4.8997273445129395,,,,3.125,,,,,,,,,
9136000,2284,2.5,,5.1783294677734375,,,,2.5,,,,,,,,,
9140000,2285,3.25,,5.093121528625488,,,,3.25,,,,,,,,,
9144000,2286,3.25,,4.818215370178223,,,,3.25,,,,,,,,,
9148000,2287,3.625,,4.87039852142334,,,,3.625,,,,,,,,,
9152000,2288,3.125,,4.977723121643066,,,,3.125,,,,,,,,,
9156000,2289,3.5,,4.900583267211914,,,,3.5,,,,,,,,,
9160000,2290,3.125,,5.233388900756836,,,,3.125,,,,,,,,,
9164000,2291,3.25,,5.154646396636963,,,,3.25,,,,,,,,,
9168000,2292,3.375,,4.79978084564209,,,,3.375,,,,,,,,,
9172000,2293,2.625,,4.990416526794434,,,,2.625,,,,,,,,,
9176000,2294,3.25,,5.050316333770752,,,,3.25,,,,,,,,,
9180000,2295,3.25,,5.167193412780762,,,,3.25,,,,,,,,,
9184000,2296,3.0,,4.998397350311279,,,,3.0,,,,,,,,,
9188000,2297,3.375,,4.926486492156982,,,,3.375,,,,,,,,,
9192000,2298,3.125,,5.05801248550415,,,,3.125,,,,,,,,,
9196000,2299,2.75,,5.0278849601745605,,,,2.75,,,,,,,,,
9200000,2300,3.125,,5.241491317749023,,,,3.125,,,,,,,,,
9204000,2301,3.625,,5.169919967651367,,,,3.625,,,,,,,,,
9208000,2302,3.625,,4.977230072021484,,,,3.625,,,,,,,,,
9212000,2303,2.75,,4.941522598266602,,,,2.75,,,,,,,,,
9216000,2304,3.125,,4.846936225891113,,,,3.125,,,,,,,,,
9220000,2305,3.875,,5.11729621887207,,,,3.875,,,,,,,,,
9224000,2306,2.875,,4.877976894378662,,,,2.875,,,,,,,,,
9228000,2307,3.125,,5.052250862121582,,,,3.125,,,,,,,,,
9232000,2308,3.75,,5.081354141235352,,,,3.75,,,,,,,,,
9236000,2309,3.875,,4.980834484100342,,,,3.875,,,,,,,,,
9240000,2310,3.75,,4.7986297607421875,,,,3.75,,,,,,,,,
9244000,2311,3.625,,5.092268943786621,,,,3.625,,,,,,,,,
9248000,2312,3.25,,4.922178745269775,,,,3.25,,,,,,,,,
9252000,2313,3.625,,5.063406944274902,,,,3.625,,,,,,,,,
9256000,2314,2.875,,5.075520038604736,,,,2.875,,,,,,,,,
9260000,2315,3.375,,5.079758167266846,,,,3.375,,,,,,,,,
9264000,2316,3.625,,5.096932411193848,,,,3.625,,,,,,,,,
9268000,2317,3.25,,5.008942604064941,,,,3.25,,,,,,,,,
9272000,2318,3.0,,5.098950386047363,,,,3.0,,,,,,,,,
9276000,2319,3.75,,5.1969380378723145,,,,3.75,,,,,,,,,
9280000,2320,2.75,,5.058187484741211,,,,2.75,,,,,,,,,
9284000,2321,2.75,,4.947576999664307,,,,2.75,,,,,,,,,
9288000,2322,3.875,,5.045956611633301,,,,3.875,,,,,,,,,
9292000,2323,2.5,,5.14834451675415,,,,2.5,,,,,,,,,
9296000,2324,3.75,,4.891983509063721,,,,3.75,,,,,,,,,
9300000,2325,3.25,,5.001420497894287,,,,3.25,,,,,,,,,
9304000,2326,3.375,,4.981308937072754,,,,3.375,,,,,,,,,
9308000,2327,2.625,,4.93494987487793,,,,2.625,,,,,,,,,
9312000,2328,3.0,,5.235964775085449,,,,3.0,,,,,,,,,
9316000,2329,3.375,,4.943233489990234,,,,3.375,,,,,,,,,
9320000,2330,2.625,,4.842930793762207,,,,2.625,,,,,,,,,
9324000,2331,2.875,,5.033632278442383,,,,2.875,,,,,,,,,
9328000,2332,2.875,,5.0447235107421875,,,,2.875,,,,,,,,,
9332000,2333,3.25,,4.894063949584961,,,,3.25,,,,,,,,,
9336000,2334,2.125,,4.88156795501709,,,,2.125,,,,,,,,,
9340000,2335,3.625,,4.885722637176514,,,,3.625,,,,,,,,,
9344000,2336,3.375,,5.104541778564453,,,,3.375,,,,,,,,,
9348000,2337,4.125,,4.976286888122559,,,,4.125,,,,,,,,,
9352000,2338,2.625,,4.905272006988525,,,,2.625,,,,,,,,,
9356000,2339,3.5,,4.988746643066406,,,,3.5,,,,,,,,,
9360000,2340,3.375,,4.86965799331665,,,,3.375,,,,,,,,,
9364000,2341,3.375,,4.785503387451172,,,,3.375,,,,,,,,,
9368000,2342,2.625,,4.963343620300293,,,,2.625,,,,,,,,,
9372000,2343,2.75,,4.90606689453125,,,,2.75,,,,,,,,,
9376000,2344,3.375,,5.030280113220215,,,,3.375,,,,,,,,,
9380000,2345,3.375,,4.939687728881836,,,,3.375,,,,,,,,,
9384000,2346,2.625,,4.913532257080078,,,,2.625,,,,,,,,,
9388000,2347,3.625,,4.839036464691162,,,,3.625,,,,,,,,,
9392000,2348,1.875,,5.027191162109375,,,,1.875,,,,,,,,,
9396000,2349,3.5,,5.101890563964844,,,,3.5,,,,,,,,,
9400000,2350,2.5,,4.957409858703613,,,,2.5,,,,,,,,,
9404000,2351,3.75,,4.935125827789307,,,,3.75,,,,,,,,,
9408000,2352,2.875,,5.100268363952637,,,,2.875,,,,,,,,,
9412000,2353,2.625,,4.788898468017578,,,,2.625,,,,,,,,,
9416000,2354,1.625,,4.982690811157227,,,,1.625,,,,,,,,,
9420000,2355,3.625,,4.852232933044434,,,,3.625,,,,,,,,,
9424000,2356,2.5,,4.894870758056641,,,,2.5,,,,,,,,,
9428000,2357,3.25,,4.858436584472656,,,,3.25,,,,,,,,,
9432000,2358,3.375,,4.937325954437256,,,,3.375,,,,,,,,,
9436000,2359,3.125,,4.759864807128906,,,,3.125,,,,,,,,,
9440000,2360,3.625,,4.83261251449585,,,,3.625,,,,,,,,,
9444000,2361,3.125,,4.755910396575928,,,,3.125,,,,,,,,,
9448000,2362,3.625,,5.040652751922607,,,,3.625,,,,,,,,,
9452000,2363,3.5,,4.738551139831543,,,,3.5,,,,,,,,,
9456000,2364,2.625,,4.836225509643555,,,,2.625,,,,,,,,,
9460000,2365,3.25,,4.6989545822143555,,,,3.25,,,,,,,,,
9464000,2366,3.0,,4.714001655578613,,,,3.0,,,,,,,,,
9468000,2367,3.875,,4.838515281677246,,,,3.875,,,,,,,,,
9472000,2368,3.375,,4.575213432312012,,,,3.375,,,,,,,,,
9476000,2369,2.5,,4.466192722320557,,,,2.5,,,,,,,,,
9480000,2370,3.0,,4.553264617919922,,,,3.0,,,,,,,,,
9484000,2371,2.25,,4.592663764953613,,,,2.25,,,,,,,,,
9488000,2372,3.875,,4.765718460083008,,,,3.875,,,,,,,,,
9492000,2373,3.625,,4.657649040222168,,,,3.625,,,,,,,,,
9496000,2374,3.25,,4.623010158538818,,,,3.25,,,,,,,,,
9500000,2375,3.5,,4.77186393737793,,,,3.5,,,,,,,,,
9504000,2376,3.375,,4.705573558807373,,,,3.375,,,,,,,,,
9508000,2377,2.875,,4.604144096374512,,,,2.875,,,,,,,,,
9512000,2378,3.75,,4.714775085449219,,,,3.75,,,,,,,,,
9516000,2379,3.375,,4.532548904418945,,,,3.375,,,,,,,,,
9520000,2380,3.375,,4.5334696769714355,,,,3.375,,,,,,,,,
9524000,2381,3.375,,4.774756908416748,,,,3.375,,,,,,,,,
9528000,2382,3.5,,4.507894992828369,,,,3.5,,,,,,,,,
9532000,2383,2.75,,4.675095081329346,,,,2.75,,,,,,,,,
9536000,2384,2.5,,4.426536560058594,,,,2.5,,,,,,,,,
9540000,2385,2.625,,4.752935886383057,,,,2.625,,,,,,,,,
9544000,2386,3.875,,4.602467060089111,,,,3.875,,,,,,,,,
9548000,2387,2.375,,4.693388938903809,,,,2.375,,,,,,,,,
9552000,2388,2.75,,4.677831649780273,,,,2.75,,,,,,,,,
9556000,2389,3.75,,4.878691673278809,,,,3.75,,,,,,,,,
9560000,2390,3.875,,4.73870849609375,,,,3.875,,,,,,,,,
9564000,2391,3.375,,4.684719085693359,,,,3.375,,,,,,,,,
9568000,2392,3.375,,4.623131275177002,,,,3.375,,,,,,,,,
9572000,2393,3.75,,4.826336860656738,,,,3.75,,,,,,,,,
9576000,2394,3.375,,4.616208553314209,,,,3.375,,,,,,,,,
9580000,2395,3.5,,4.651195526123047,,,,3.5,,,,,,,,,
9584000,2396,3.125,,4.536357879638672,,,,3.125,,,,,,,,,
9588000,2397,3.125,,4.5579915046691895,,,,3.125,,,,,,,,,
9592000,2398,3.25,,4.688155651092529,,,,3.25,,,,,,,,,
9596000,2399,4.0,,4.666908264160156,,,,4.0,,,,,,,,,
9600000,2400,3.5,,4.575904846191406,,,,3.5,,,,,,,,,
9604000,2401,2.375,,4.43017053604126,,,,2.375,,,,,,,,,
9608000,2402,2.5,,4.770703315734863,,,,2.5,,,,,,,,,
9612000,2403,3.375,,4.707920074462891,,,,3.375,,,,,,,,,
9616000,2404,3.125,,4.5800628662109375,,,,3.125,,,,,,,,,
9620000,2405,2.125,,4.702319145202637,,,,2.125,,,,,,,,,
9624000,2406,3.5,,4.618147850036621,,,,3.5,,,,,,,,,
9628000,2407,2.75,,4.469635486602783,,,,2.75,,,,,,,,,
9632000,2408,3.75,,4.597268104553223,,,,3.75,,,,,,,,,
9636000,2409,3.25,,4.555659294128418,,,,3.25,,,,,,,,,
9640000,2410,3.125,,4.609865665435791,,,,3.125,,,,,,,,,
9644000,2411,3.5,,4.5692949295043945,,,,3.5,,,,,,,,,
9648000,2412,3.25,,4.533388137817383,,,,3.25,,,,,,,,,
9652000,2413,3.0,,4.665530681610107,,,,3.0,,,,,,,,,
9656000,2414,3.5,,4.689335823059082,,,,3.5,,,,,,,,,
9660000,2415,3.0,,4.350127220153809,,,,3.0,,,,,,,,,
9664000,2416,2.625,,4.433642387390137,,,,2.625,,,,,,,,,
9668000,2417,2.5,,4.630800724029541,,,,2.5,,,,,,,,,
9672000,2418,3.125,,4.430021286010742,,,,3.125,,,,,,,,,
9676000,2419,2.0,,4.555337905883789,,,,2.0,,,,,,,,,
9680000,2420,3.0,,4.3276262283325195,,,,3.0,,,,,,,,,
9684000,2421,3.625,,4.583492279052734,,,,3.625,,,,,,,,,
9688000,2422,3.375,,4.558467864990234,,,,3.375,,,,,,,,,
9692000,2423,3.125,,4.363916397094727,,,,3.125,,,,,,,,,
9696000,2424,3.375,,4.428584098815918,,,,3.375,,,,,,,,,
9700000,2425,3.875,,4.529605865478516,,,,3.875,,,,,,,,,
9704000,2426,3.25,,4.5619306564331055,,,,3.25,,,,,,,,,
9708000,2427,4.0,,4.344997406005859,,,,4.0,,,,,,,,,
9712000,2428,3.25,,4.557561874389648,,,,3.25,,,,,,,,,
9716000,2429,3.625,,4.42023229598999,,,,3.625,,,,,,,,,
9720000,2430,3.0,,4.463560581207275,,,,3.0,,,,,,,,,
9724000,2431,3.75,,4.376108169555664,,,,3.75,,,,,,,,,
9728000,2432,3.125,,4.521968841552734,,,,3.125,,,,,,,,,
9732000,2433,3.5,,4.419163703918457,,,,3.5,,,,,,,,,
9736000,2434,4.0,,4.417611598968506,,,,4.0,,,,,,,,,
9740000,2435,3.125,,4.456174373626709,,,,3.125,,,,,,,,,
9744000,2436,3.375,,4.386166572570801,,,,3.375,,,,,,,,,
9748000,2437,3.0,,4.095937728881836,,,,3.0,,,,,,,,,
9752000,2438,3.375,,4.475860595703125,,,,3.375,,,,,,,,,
9756000,2439,4.0,,4.135030746459961,,,,4.0,,,,,,,,,
9760000,2440,3.0,,4.341604709625244,,,,3.0,,,,,,,,,
9764000,2441,3.375,,4.269253253936768,,,,3.375,,,,,,,,,
9768000,2442,2.625,,4.246194362640381,,,,2.625,,,,,,,,,
9772000,2443,3.5,,4.264479160308838,,,,3.5,,,,,,,,,
9776000,2444,2.25,,4.173564910888672,,,,2.25,,,,,,,,,
9780000,2445,4.25,,4.312293529510498,,,,4.25,,,,,,,,,
9784000,2446,3.625,,4.296578884124756,,,,3.625,,,,,,,,,
9788000,2447,4.0,,4.284093856811523,,,,4.0,,,,,,,,,
9792000,2448,3.0,,4.254903793334961,,,,3.0,,,,,,,,,
9796000,2449,3.75,,4.219416618347168,,,,3.75,,,,,,,,,
9800000,2450,3.5,,4.330598831176758,,,,3.5,,,,,,,,,
9804000,2451,3.25,,4.254305839538574,,,,3.25,,,,,,,,,
9808000,2452,3.375,,4.289768695831299,,,,3.375,,,,,,,,,
9812000,2453,2.25,,4.3374409675598145,,,,2.25,,,,,,,,,
9816000,2454,3.625,,4.041396141052246,,,,3.625,,,,,,,,,
9820000,2455,2.5,,4.261164665222168,,,,2.5,,,,,,,,,
9824000,2456,3.375,,4.377316474914551,,,,3.375,,,,,,,,,
9828000,2457,3.5,,4.288974761962891,,,,3.5,,,,,,,,,
9832000,2458,3.75,,4.257683753967285,,,,3.75,,,,,,,,,
9836000,2459,4.0,,4.3248701095581055,,,,4.0,,,,,,,,,
9840000,2460,3.625,,4.22934627532959,,,,3.625,,,,,,,,,
9844000,2461,3.75,,4.173928737640381,,,,3.75,,,,,,,,,
9848000,2462,3.5,,4.296490669250488,,,,3.5,,,,,,,,,
9852000,2463,3.25,,4.251402378082275,,,,3.25,,,,,,,,,
9856000,2464,3.375,,4.143889427185059,,,,3.375,,,,,,,,,
9860000,2465,2.75,,4.1613898277282715,,,,2.75,,,,,,,,,
9864000,2466,3.125,,4.232822418212891,,,,3.125,,,,,,,,,
9868000,2467,3.25,,4.266338348388672,,,,3.25,,,,,,,,,
9872000,2468,3.5,,4.164173126220703,,,,3.5,,,,,,,,,
9876000,2469,3.25,,4.214808940887451,,,,3.25,,,,,,,,,
9880000,2470,3.375,,3.9529800415039062,,,,3.375,,,,,,,,,
9884000,2471,3.75,,4.184861183166504,,,,3.75,,,,,,,,,
9888000,2472,2.75,,4.091647148132324,,,,2.75,,,,,,,,,
9892000,2473,2.75,,4.14654541015625,,,,2.75,,,,,,,,,
9896000,2474,3.75,,4.214878082275391,,,,3.75,,,,,,,,,
9900000,2475,4.125,,3.968210220336914,,,,4.125,,,,,,,,,
9904000,2476,3.875,,4.016507148742676,,,,3.875,,,,,,,,,
9908000,2477,3.5,,4.141639709472656,,,,3.5,,,,,,,,,
9912000,2478,3.5,,4.233597278594971,,,,3.5,,,,,,,,,
9916000,2479,3.75,,4.082174301147461,,,,3.75,,,,,,,,,
9920000,2480,2.125,,3.9936399459838867,,,,2.125,,,,,,,,,
9924000,2481,3.875,,4.129953861236572,,,,3.875,,,,,,,,,
9928000,2482,2.875,,4.177492618560791,,,,2.875,,,,,,,,,
9932000,2483,3.375,,3.918504476547241,,,,3.375,,,,,,,,,
9936000,2484,2.875,,4.095532417297363,,,,2.875,,,,,,,,,
9940000,2485,4.0,,4.2258501052856445,,,,4.0,,,,,,,,,
9944000,2486,3.375,,4.169649124145508,,,,3.375,,,,,,,,,
9948000,2487,3.625,,4.045408248901367,,,,3.625,,,,,,,,,
9952000,2488,4.0,,4.069788932800293,,,,4.0,,,,,,,,,
9956000,2489,2.5,,4.070486068725586,,,,2.5,,,,,,,,,
9960000,2490,3.25,,3.889533042907715,,,,3.25,,,,,,,,,
9964000,2491,3.125,,3.860470771789551,,,,3.125,,,,,,,,,
9968000,2492,3.125,,3.988417625427246,,,,3.125,,,,,,,,,
9972000,2493,2.625,,3.943431854248047,,,,2.625,,,,,,,,,
9976000,2494,3.25,,3.9912123680114746,,,,3.25,,,,,,,,,
9980000,2495,4.25,,4.051199913024902,,,,4.25,,,,,,,,,
9984000,2496,3.625,,4.11472749710083,,,,3.625,,,,,,,,,
9988000,2497,3.625,,3.9222216606140137,,,,3.625,,,,,,,,,
9992000,2498,3.875,,4.0849151611328125,,,,3.875,,,,,,,,,
9996000,2499,2.5,,4.085920333862305,,,,2.5,,,,,,,,,
10000000,2500,4.0,,4.103802680969238,,,,4.0,,,,,,,,,
10004000,2501,3.5,,4.114260673522949,,,,3.5,,,,,,,,,
10008000,2502,3.75,,4.153446674346924,,,,3.75,,,,,,,,,
10012000,2503,3.75,,4.10825252532959,,,,3.75,,,,,,,,,
10016000,2504,2.625,,3.9592862129211426,,,,2.625,,,,,,,,,
10020000,2505,3.125,,3.8947134017944336,,,,3.125,,,,,,,,,
10024000,2506,1.875,,3.994241952896118,,,,1.875,,,,,,,,,
10028000,2507,2.875,,3.89113712310791,,,,2.875,,,,,,,,,
10032000,2508,2.25,,4.05941104888916,,,,2.25,,,,,,,,,
10036000,2509,3.0,,4.020837783813477,,,,3.0,,,,,,,,,
10040000,2510,3.375,,3.938199996948242,,,,3.375,,,,,,,,,
10044000,2511,4.0,,4.025799751281738,,,,4.0,,,,,,,,,
10048000,2512,3.125,,4.062277317047119,,,,3.125,,,,,,,,,
10052000,2513,2.5,,4.05214786529541,,,,2.5,,,,,,,,,
10056000,2514,3.625,,4.008816719055176,,,,3.625,,,,,,,,,
10060000,2515,3.25,,3.897181272506714,,,,3.25,,,,,,,,,
10064000,2516,2.625,,3.858583927154541,,,,2.625,,,,,,,,,
10068000,2517,3.75,,3.934314012527466,,,,3.75,,,,,,,,,
10072000,2518,3.125,,3.979710817337036,,,,3.125,,,,,,,,,
10076000,2519,3.375,,3.863081216812134,,,,3.375,,,,,,,,,
10080000,2520,3.375,,3.901031255722046,,,,3.375,,,,,,,,,
10084000,2521,3.375,,4.0181884765625,,,,3.375,,,,,,,,,
10088000,2522,2.875,,3.6801538467407227,,,,2.875,,,,,,,,,
10092000,2523,3.5,,3.691433906555176,,,,3.5,,,,,,,,,
10096000,2524,3.625,,4.071897506713867,,,,3.625,,,,,,,,,
10100000,2525,4.0,,3.7598533630371094,,,,4.0,,,,,,,,,
10104000,2526,3.5,,3.8807873725891113,,,,3.5,,,,,,,,,
10108000,2527,3.25,,3.9325578212738037,,,,3.25,,,,,,,,,
10112000,2528,2.25,,3.8452093601226807,,,,2.25,,,,,,,,,
10116000,2529,3.625,,3.800649642944336,,,,3.625,,,,,,,,,
10120000,2530,2.5,,3.869023323059082,,,,2.5,,,,,,,,,
10124000,2531,2.75,,3.6644768714904785,,,,2.75,,,,,,,,,
10128000,2532,3.125,,3.759103298187256,,,,3.125,,,,,,,,,
10132000,2533,4.375,,3.730581521987915,,,,4.375,,,,,,,,,
10136000,2534,3.125,,3.792325973510742,,,,3.125,,,,,,,,,
10140000,2535,3.375,,3.8819117546081543,,,,3.375,,,,,,,,,
10144000,2536,3.25,,3.7880208492279053,,,,3.25,,,,,,,,,
10148000,2537,3.25,,3.882436513900757,,,,3.25,,,,,,,,,
10152000,2538,3.0,,3.748396396636963,,,,3.0,,,,,,,,,
10156000,2539,2.125,,3.693567991256714,,,,2.125,,,,,,,,,
10160000,2540,2.75,,3.8123462200164795,,,,2.75,,,,,,,,,
10164000,2541,3.0,,3.693164348602295,,,,3.0,,,,,,,,,
10168000,2542,3.875,,3.802966594696045,,,,3.875,,,,,,,,,
10172000,2543,3.625,,3.871710777282715,,,,3.625,,,,,,,,,
10176000,2544,3.125,,3.860801935195923,,,,3.125,,,,,,,,,
10180000,2545,1.25,,3.6773340702056885,,,,1.25,,,,,,,,,
10184000,2546,2.375,,3.799381732940674,,,,2.375,,,,,,,,,
10188000,2547,3.875,,3.746556282043457,,,,3.875,,,,,,,,,
10192000,2548,2.125,,3.814030647277832,,,,2.125,,,,,,,,,
10196000,2549,2.875,,3.7230749130249023,,,,2.875,,,,,,,,,
10200000,2550,1.125,,3.7183876037597656,,,,1.125,,,,,,,,,
10204000,2551,3.0,,3.636261463165283,,,,3.0,,,,,,,,,
10208000,2552,3.0,,3.6061995029449463,,,,3.0,,,,,,,,,
10212000,2553,2.875,,3.7479214668273926,,,,2.875,,,,,,,,,
10216000,2554,3.0,,3.758802890777588,,,,3.0,,,,,,,,,
10220000,2555,2.625,,3.8116087913513184,,,,2.625,,,,,,,,,
10224000,2556,3.875,,3.600999116897583,,,,3.875,,,,,,,,,
10228000,2557,3.625,,3.7699780464172363,,,,3.625,,,,,,,,,
10232000,2558,3.25,,3.659468412399292,,,,3.25,,,,,,,,,
10236000,2559,3.625,,3.5720510482788086,,,,3.625,,,,,,,,,
10240000,2560,2.5,,3.7043683528900146,,,,2.5,,,,,,,,,
10244000,2561,2.75,,3.592386245727539,,,,2.75,,,,,,,,,
10248000,2562,2.25,,3.5587921142578125,,,,2.25,,,,,,,,,
10252000,2563,3.625,,3.6825132369995117,,,,3.625,,,,,,,,,
10256000,2564,2.875,,3.628053665161133,,,,2.875,,,,,,,,,
10260000,2565,3.0,,3.614903211593628,,,,3.0,,,,,,,,,
10264000,2566,3.5,,3.6106162071228027,,,,3.5,,,,,,,,,
10268000,2567,3.5,,3.596221923828125,,,,3.5,,,,,,,,,
10272000,2568,2.625,,3.524670124053955,,,,2.625,,,,,,,,,
10276000,2569,3.25,,3.6576876640319824,,,,3.25,,,,,,,,,
10280000,2570,3.875,,3.609375,,,,3.875,,,,,,,,,
10284000,2571,3.375,,3.580845832824707,,,,3.375,,,,,,,,,
10288000,2572,3.875,,3.592644214630127,,,,3.875,,,,,,,,,
10292000,2573,3.25,,3.5149145126342773,,,,3.25,,,,,,,,,
10296000,2574,3.75,,3.516979455947876,,,,3.75,,,,,,,,,
10300000,2575,3.25,,3.4491665363311768,,,,3.25,,,,,,,,,
10304000,2576,4.0,,3.534822940826416,,,,4.0,,,,,,,,,
10308000,2577,4.625,,3.5895018577575684,,,,4.625,,,,,,,,,
10312000,2578,4.375,,3.432420253753662,,,,4.375,,,,,,,,,
10316000,2579,3.5,,3.486961841583252,,,,3.5,,,,,,,,,
10320000,2580,3.5,,3.4349141120910645,,,,3.5,,,,,,,,,
10324000,2581,3.25,,3.5554778575897217,,,,3.25,,,,,,,,,
10328000,2582,3.625,,3.544055938720703,,,,3.625,,,,,,,,,
10332000,2583,3.75,,3.5358731746673584,,,,3.75,,,,,,,,,
10336000,2584,3.875,,3.5362701416015625,,,,3.875,,,,,,,,,
10340000,2585,4.125,,3.55991268157959,,,,4.125,,,,,,,,,
10344000,2586,3.75,,3.4341745376586914,,,,3.75,,,,,,,,,
10348000,2587,3.375,,3.428936004638672,,,,3.375,,,,,,,,,
10352000,2588,3.75,,3.5073513984680176,,,,3.75,,,,,,,,,
10356000,2589,3.75,,3.501758098602295,,,,3.75,,,,,,,,,
10360000,2590,3.875,,3.5058445930480957,,,,3.875,,,,,,,,,
10364000,2591,3.875,,3.46040678024292,,,,3.875,,,,,,,,,
10368000,2592,3.875,,3.4850950241088867,,,,3.875,,,,,,,,,
10372000,2593,4.375,,3.512432336807251,,,,4.375,,,,,,,,,
10376000,2594,4.0,,3.6805508136749268,,,,4.0,,,,,,,,,
10380000,2595,3.375,,3.597799301147461,,,,3.375,,,,,,,,,
10384000,2596,3.625,,3.4337594509124756,,,,3.625,,,,,,,,,
10388000,2597,3.875,,3.5878963470458984,,,,3.875,,,,,,,,,
10392000,2598,3.875,,3.5819625854492188,,,,3.875,,,,,,,,,
10396000,2599,3.625,,3.529927968978882,,,,3.625,,,,,,,,,
10400000,2600,3.75,,3.4764881134033203,,,,3.75,,,,,,,,,
10404000,2601,3.5,,3.4048869609832764,,,,3.5,,,,,,,,,
10408000,2602,3.75,,3.409574270248413,,,,3.75,,,,,,,,,
10412000,2603,3.625,,3.435009002685547,,,,3.625,,,,,,,,,
10416000,2604,3.375,,3.5932888984680176,,,,3.375,,,,,,,,,
10420000,2605,3.75,,3.4057540893554688,,,,3.75,,,,,,,,,
10424000,2606,2.375,,3.528766632080078,,,,2.375,,,,,,,,,
10428000,2607,3.75,,3.374715566635132,,,,3.75,,,,,,,,,
10432000,2608,3.0,,3.482869863510132,,,,3.0,,,,,,,,,
10436000,2609,3.625,,3.49869441986084,,,,3.625,,,,,,,,,
10440000,2610,3.25,,3.4931559562683105,,,,3.25,,,,,,,,,
10444000,2611,3.125,,3.52018666267395,,,,3.125,,,,,,,,,
10448000,2612,3.0,,3.4234273433685303,,,,3.0,,,,,,,,,
10452000,2613,3.375,,3.5141372680664062,,,,3.375,,,,,,,,,
10456000,2614,4.125,,3.4184794425964355,,,,4.125,,,,,,,,,
10460000,2615,3.375,,3.335714817047119,,,,3.375,,,,,,,,,
10464000,2616,3.25,,3.4927072525024414,,,,3.25,,,,,,,,,
10468000,2617,2.125,,3.3632473945617676,,,,2.125,,,,,,,,,
10472000,2618,3.625,,3.326702117919922,,,,3.625,,,,,,,,,
10476000,2619,2.75,,3.290266752243042,,,,2.75,,,,,,,,,
10480000,2620,3.25,,3.407604217529297,,,,3.25,,,,,,,,,
10484000,2621,3.25,,3.34268856048584,,,,3.25,,,,,,,,,
10488000,2622,3.75,,3.388059139251709,,,,3.75,,,,,,,,,
10492000,2623,3.25,,3.386979818344116,,,,3.25,,,,,,,,,
10496000,2624,2.625,,3.4481496810913086,,,,2.625,,,,,,,,,
10500000,2625,4.125,,3.42506742477417,,,,4.125,,,,,,,,,
10504000,2626,3.75,,3.3902623653411865,,,,3.75,,,,,,,,,
10508000,2627,3.875,,3.4133858680725098,,,,3.875,,,,,,,,,
10512000,2628,3.125,,3.3560805320739746,,,,3.125,,,,,,,,,
10516000,2629,3.125,,3.1983561515808105,,,,3.125,,,,,,,,,
10520000,2630,3.625,,3.2674999237060547,,,,3.625,,,,,,,,,
10524000,2631,3.75,,3.3850255012512207,,,,3.75,,,,,,,,,
10528000,2632,3.625,,3.4143025875091553,,,,3.625,,,,,,,,,
10532000,2633,3.75,,3.303358316421509,,,,3.75,,,,,,,,,
10536000,2634,4.25,,3.2060341835021973,,,,4.25,,,,,,,,,
10540000,2635,4.25,,3.3635520935058594,,,,4.25,,,,,,,,,
10544000,2636,3.75,,3.3505654335021973,,,,3.75,,,,,,,,,
10548000,2637,3.875,,3.2932381629943848,,,,3.875,,,,,,,,,
10552000,2638,4.375,,3.425131320953369,,,,4.375,,,,,,,,,
10556000,2639,2.625,,3.2992682456970215,,,,2.625,,,,,,,,,
10560000,2640,4.25,,3.4664974212646484,,,,4.25,,,,,,,,,
10564000,2641,4.0,,3.3648037910461426,,,,4.0,,,,,,,,,
10568000,2642,4.25,,3.27162504196167,,,,4.25,,,,,,,,,
10572000,2643,3.25,,3.339954376220703,,,,3.25,,,,,,,,,
10576000,2644,4.0,,3.3916311264038086,,,,4.0,,,,,,,,,
10580000,2645,3.875,,3.316272258758545,,,,3.875,,,,,,,,,
10584000,2646,4.25,,3.2680139541625977,,,,4.25,,,,,,,,,
10588000,2647,3.375,,3.448673725128174,,,,3.375,,,,,,,,,
10592000,2648,3.25,,3.410831928253174,,,,3.25,,,,,,,,,
10596000,2649,4.0,,3.306551218032837,,,,4.0,,,,,,,,,
10600000,2650,2.875,,3.296854019165039,,,,2.875,,,,,,,,,
10604000,2651,4.125,,3.266355514526367,,,,4.125,,,,,,,,,
10608000,2652,3.375,,3.381336212158203,,,,3.375,,,,,,,,,
10612000,2653,1.75,,3.298220157623291,,,,1.75,,,,,,,,,
10616000,2654,3.75,,3.3461499214172363,,,,3.75,,,,,,,,,
10620000,2655,4.5,,3.362865447998047,,,,4.5,,,,,,,,,
10624000,2656,3.25,,3.291649341583252,,,,3.25,,,,,,,,,
10628000,2657,3.75,,3.374783515930176,,,,3.75,,,,,,,,,
10632000,2658,2.75,,3.3552985191345215,,,,2.75,,,,,,,,,
10636000,2659,4.125,,3.2103376388549805,,,,4.125,,,,,,,,,
10640000,2660,3.625,,3.410982847213745,,,,3.625,,,,,,,,,
10644000,2661,3.625,,3.3204598426818848,,,,3.625,,,,,,,,,
10648000,2662,2.0,,3.2881522178649902,,,,2.0,,,,,,,,,
10652000,2663,2.5,,3.3069374561309814,,,,2.5,,,,,,,,,
10656000,2664,2.75,,3.40216064453125,,,,2.75,,,,,,,,,
10660000,2665,3.5,,3.3366618156433105,,,,3.5,,,,,,,,,
10664000,2666,3.75,,3.3913893699645996,,,,3.75,,,,,,,,,
10668000,2667,4.0,,3.285043716430664,,,,4.0,,,,,,,,,
10672000,2668,2.125,,3.391569137573242,,,,2.125,,,,,,,,,
10676000,2669,1.5,,3.297640800476074,,,,1.5,,,,,,,,,
10680000,2670,2.375,,3.2791242599487305,,,,2.375,,,,,,,,,
10684000,2671,1.125,,3.344841957092285,,,,1.125,,,,,,,,,
10688000,2672,1.25,,3.269101858139038,,,,1.25,,,,,,,,,
10692000,2673,1.375,,3.2055649757385254,,,,1.375,,,,,,,,,
10696000,2674,3.0,,3.355314016342163,,,,3.0,,,,,,,,,
10700000,2675,2.75,,3.2916910648345947,,,,2.75,,,,,,,,,
10704000,2676,3.0,,3.2577767372131348,,,,3.0,,,,,,,,,
10708000,2677,3.375,,3.146937608718872,,,,3.375,,,,,,,,,
10712000,2678,2.125,,3.296454429626465,,,,2.125,,,,,,,,,
10716000,2679,3.375,,3.2893307209014893,,,,3.375,,,,,,,,,
10720000,2680,2.5,,3.31718111038208,,,,2.5,,,,,,,,,
10724000,2681,3.0,,3.1960928440093994,,,,3.0,,,,,,,,,
10728000,2682,2.875,,3.1656994819641113,,,,2.875,,,,,,,,,
10732000,2683,2.125,,3.2183403968811035,,,,2.125,,,,,,,,,
10736000,2684,2.0,,3.2709083557128906,,,,2.0,,,,,,,,,
10740000,2685,2.875,,3.245678663253784,,,,2.875,,,,,,,,,
10744000,2686,3.5,,3.2948999404907227,,,,3.5,,,,,,,,,
10748000,2687,3.5,,3.290606737136841,,,,3.5,,,,,,,,,
10752000,2688,2.875,,3.1609747409820557,,,,2.875,,,,,,,,,
10756000,2689,2.5,,3.273761034011841,,,,2.5,,,,,,,,,
10760000,2690,2.0,,3.0583183765411377,,,,2.0,,,,,,,,,
10764000,2691,1.375,,3.220210552215576,,,,1.375,,,,,,,,,
10768000,2692,3.125,,3.1665701866149902,,,,3.125,,,,,,,,,
10772000,2693,2.125,,3.1313586235046387,,,,2.125,,,,,,,,,
10776000,2694,3.5,,3.148268222808838,,,,3.5,,,,,,,,,
10780000,2695,2.75,,3.2444725036621094,,,,2.75,,,,,,,,,
10784000,2696,2.375,,3.1528451442718506,,,,2.375,,,,,,,,,
10788000,2697,2.75,,3.1217474937438965,,,,2.75,,,,,,,,,
10792000,2698,3.75,,3.1826493740081787,,,,3.75,,,,,,,,,
10796000,2699,4.125,,3.084050178527832,,,,4.125,,,,,,,,,
10800000,2700,4.0,,3.011253595352173,,,,4.0,,,,,,,,,
10804000,2701,2.625,,3.1722829341888428,,,,2.625,,,,,,,,,
10808000,2702,2.75,,2.8909482955932617,,,,2.75,,,,,,,,,
10812000,2703,3.125,,3.088927745819092,,,,3.125,,,,,,,,,
10816000,2704,4.0,,2.9704105854034424,,,,4.0,,,,,,,,,
10820000,2705,3.75,,3.021435499191284,,,,3.75,,,,,,,,,
10824000,2706,3.0,,3.0745089054107666,,,,3.0,,,,,,,,,
10828000,2707,3.125,,2.922962188720703,,,,3.125,,,,,,,,,
10832000,2708,2.75,,3.059924840927124,,,,2.75,,,,,,,,,
10836000,2709,3.5,,3.0452840328216553,,,,3.5,,,,,,,,,
10840000,2710,2.875,,2.9292497634887695,,,,2.875,,,,,,,,,
10844000,2711,3.75,,2.987321376800537,,,,3.75,,,,,,,,,
10848000,2712,2.75,,2.882146120071411,,,,2.75,,,,,,,,,
10852000,2713,2.875,,2.923727512359619,,,,2.875,,,,,,,,,
10856000,2714,3.0,,3.0469183921813965,,,,3.0,,,,,,,,,
10860000,2715,3.875,,2.967200756072998,,,,3.875,,,,,,,,,
10864000,2716,3.125,,2.9618682861328125,,,,3.125,,,,,,,,,
10868000,2717,4.0,,2.911971092224121,,,,4.0,,,,,,,,,
10872000,2718,3.875,,2.9807567596435547,,,,3.875,,,,,,,,,
10876000,2719,2.875,,2.9960081577301025,,,,2.875,,,,,,,,,
10880000,2720,4.125,,2.9821128845214844,,,,4.125,,,,,,,,,
10884000,2721,3.5,,2.9942986965179443,,,,3.5,,,,,,,,,
10888000,2722,3.625,,3.020118236541748,,,,3.625,,,,,,,,,
10892000,2723,4.0,,2.9009056091308594,,,,4.0,,,,,,,,,
10896000,2724,2.625,,2.96504545211792,,,,2.625,,,,,,,,,
10900000,2725,3.25,,2.918959140777588,,,,3.25,,,,,,,,,
10904000,2726,2.375,,2.8971941471099854,,,,2.375,,,,,,,,,
10908000,2727,3.75,,2.8707332611083984,,,,3.75,,,,,,,,,
10912000,2728,3.75,,2.7948050498962402,,,,3.75,,,,,,,,,
10916000,2729,3.875,,2.959725856781006,,,,3.875,,,,,,,,,
10920000,2730,3.875,,2.8638250827789307,,,,3.875,,,,,,,,,
10924000,2731,3.5,,2.8805112838745117,,,,3.5,,,,,,,,,
10928000,2732,3.5,,2.8489773273468018,,,,3.5,,,,,,,,,
10932000,2733,4.0,,2.8421506881713867,,,,4.0,,,,,,,,,
10936000,2734,3.625,,2.8067383766174316,,,,3.625,,,,,,,,,
10940000,2735,2.625,,2.91678786277771,,,,2.625,,,,,,,,,
10944000,2736,4.125,,2.8005387783050537,,,,4.125,,,,,,,,,
10948000,2737,3.0,,2.937427043914795,,,,3.0,,,,,,,,,
10952000,2738,3.875,,2.9251933097839355,,,,3.875,,,,,,,,,
10956000,2739,3.375,,2.9219231605529785,,,,3.375,,,,,,,,,
10960000,2740,4.0,,2.7982912063598633,,,,4.0,,,,,,,,,
10964000,2741,4.0,,2.764224052429199,,,,4.0,,,,,,,,,
10968000,2742,3.125,,2.853344202041626,,,,3.125,,,,,,,,,
10972000,2743,3.625,,2.8202311992645264,,,,3.625,,,,,,,,,
10976000,2744,3.75,,2.9462718963623047,,,,3.75,,,,,,,,,
10980000,2745,3.875,,2.888394355773926,,,,3.875,,,,,,,,,
10984000,2746,4.25,,2.9289116859436035,,,,4.25,,,,,,,,,
10988000,2747,3.875,,2.8631482124328613,,,,3.875,,,,,,,,,
10992000,2748,3.5,,2.7838923931121826,,,,3.5,,,,,,,,,
10996000,2749,3.625,,2.8899593353271484,,,,3.625,,,,,,,,,
11000000,2750,3.25,,2.906667470932007,,,,3.25,,,,,,,,,
11004000,2751,2.125,,2.980947971343994,,,,2.125,,,,,,,,,
11008000,2752,3.75,,2.893084764480591,,,,3.75,,,,,,,,,
11012000,2753,2.75,,2.788585662841797,,,,2.75,,,,,,,,,
11016000,2754,4.0,,2.8688955307006836,,,,4.0,,,,,,,,,
11020000,2755,4.0,,2.738679885864258,,,,4.0,,,,,,,,,
11024000,2756,4.125,,2.7396838665008545,,,,4.125,,,,,,,,,
11028000,2757,4.0,,2.8389086723327637,,,,4.0,,,,,,,,,
11032000,2758,3.625,,2.8769781589508057,,,,3.625,,,,,,,,,
11036000,2759,3.75,,2.77719783782959,,,,3.75,,,,,,,,,
11040000,2760,4.375,,2.8863649368286133,,,,4.375,,,,,,,,,
11044000,2761,3.875,,2.8052735328674316,,,,3.875,,,,,,,,,
11048000,2762,3.75,,2.7928519248962402,,,,3.75,,,,,,,,,
11052000,2763,3.125,,2.871934413909912,,,,3.125,,,,,,,,,
11056000,2764,3.5,,2.7135210037231445,,,,3.5,,,,,,,,,
11060000,2765,3.875,,2.816943645477295,,,,3.875,,,,,,,,,
11064000,2766,3.75,,2.745110273361206,,,,3.75,,,,,,,,,
11068000,2767,3.625,,2.833237648010254,,,,3.625,,,,,,,,,
11072000,2768,3.125,,2.871128559112549,,,,3.125,,,,,,,,,
11076000,2769,4.0,,2.6941330432891846,,,,4.0,,,,,,,,,
11080000,2770,2.25,,2.866015672683716,,,,2.25,,,,,,,,,
11084000,2771,3.875,,2.7729344367980957,,,,3.875,,,,,,,,,
11088000,2772,4.0,,2.9288439750671387,,,,4.0,,,,,,,,,
11092000,2773,2.625,,2.7977068424224854,,,,2.625,,,,,,,,,
11096000,2774,3.25,,2.7202658653259277,,,,3.25,,,,,,,,,
11100000,2775,2.375,,2.8008508682250977,,,,2.375,,,,,,,,,
11104000,2776,4.0,,2.696004629135132,,,,4.0,,,,,,,,,
11108000,2777,2.875,,2.7601852416992188,,,,2.875,,,,,,,,,
11112000,2778,2.25,,2.813918113708496,,,,2.25,,,,,,,,,
11116000,2779,3.75,,2.707871198654175,,,,3.75,,,,,,,,,
11120000,2780,3.625,,2.7544074058532715,,,,3.625,,,,,,,,,
11124000,2781,2.875,,2.550426721572876,,,,2.875,,,,,,,,,
11128000,2782,3.125,,2.881316661834717,,,,3.125,,,,,,,,,
11132000,2783,3.375,,2.7119240760803223,,,,3.375,,,,,,,,,
11136000,2784,2.375,,2.7796926498413086,,,,2.375,,,,,,,,,
11140000,2785,2.125,,2.614269733428955,,,,2.125,,,,,,,,,
11144000,2786,3.375,,2.7192020416259766,,,,3.375,,,,,,,,,
11148000,2787,2.5,,2.775515079498291,,,,2.5,,,,,,,,,
11152000,2788,3.0,,2.7547507286071777,,,,3.0,,,,,,,,,
11156000,2789,1.625,,2.7697055339813232,,,,1.625,,,,,,,,,
11160000,2790,2.0,,2.8445334434509277,,,,2.0,,,,,,,,,
11164000,2791,2.625,,2.7031655311584473,,,,2.625,,,,,,,,,
11168000,2792,1.25,,2.776169776916504,,,,1.25,,,,,,,,,
11172000,2793,3.75,,2.6215977668762207,,,,3.75,,,,,,,,,
11176000,2794,1.25,,2.5905423164367676,,,,1.25,,,,,,,,,
11180000,2795,1.625,,2.5975892543792725,,,,1.625,,,,,,,,,
11184000,2796,1.5,,2.5737247467041016,,,,1.5,,,,,,,,,
11188000,2797,3.125,,2.59096360206604,,,,3.125,,,,,,,,,
11192000,2798,3.125,,2.8185410499572754,,,,3.125,,,,,,,,,
11196000,2799,1.5,,2.710728645324707,,,,1.5,,,,,,,,,
11200000,2800,2.125,,2.6677446365356445,,,,2.125,,,,,,,,,
11204000,2801,2.5,,2.6103885173797607,,,,2.5,,,,,,,,,
11208000,2802,2.75,,2.661743640899658,,,,2.75,,,,,,,,,
11212000,2803,2.875,,2.6890058517456055,,,,2.875,,,,,,,,,
11216000,2804,3.25,,2.568913459777832,,,,3.25,,,,,,,,,
11220000,2805,2.75,,2.7237093448638916,,,,2.75,,,,,,,,,
11224000,2806,3.125,,2.6666650772094727,,,,3.125,,,,,,,,,
11228000,2807,2.5,,2.7205920219421387,,,,2.5,,,,,,,,,
11232000,2808,3.125,,2.701056480407715,,,,3.125,,,,,,,,,
11236000,2809,3.75,,2.570173501968384,,,,3.75,,,,,,,,,
11240000,2810,3.375,,2.6276767253875732,,,,3.375,,,,,,,,,
11244000,2811,2.25,,2.7406749725341797,,,,2.25,,,,,,,,,
11248000,2812,3.125,,2.5968236923217773,,,,3.125,,,,,,,,,
11252000,2813,3.625,,2.6440041065216064,,,,3.625,,,,,,,,,
11256000,2814,3.25,,2.6791086196899414,,,,3.25,,,,,,,,,
11260000,2815,2.75,,2.6761441230773926,,,,2.75,,,,,,,,,
11264000,2816,1.125,,2.6184840202331543,,,,1.125,,,,,,,,,
11268000,2817,2.0,,2.6164472103118896,,,,2.0,,,,,,,,,
11272000,2818,2.25,,2.7746224403381348,,,,2.25,,,,,,,,,
11276000,2819,2.5,,2.6108224391937256,,,,2.5,,,,,,,,,
11280000,2820,2.875,,2.6236140727996826,,,,2.875,,,,,,,,,
11284000,2821,3.5,,2.629072904586792,,,,3.5,,,,,,,,,
11288000,2822,3.0,,2.646756649017334,,,,3.0,,,,,,,,,
11292000,2823,2.25,,2.689802408218384,,,,2.25,,,,,,,,,
11296000,2824,3.5,,2.758545398712158,,,,3.5,,,,,,,,,
11300000,2825,3.25,,2.6806888580322266,,,,3.25,,,,,,,,,
11304000,2826,2.25,,2.466926097869873,,,,2.25,,,,,,,,,
11308000,2827,1.875,,2.6143155097961426,,,,1.875,,,,,,,,,
11312000,2828,1.125,,2.5166337490081787,,,,1.125,,,,,,,,,
11316000,2829,1.75,,2.6170759201049805,,,,1.75,,,,,,,,,
11320000,2830,1.625,,2.5817413330078125,,,,1.625,,,,,,,,,
11324000,2831,1.25,,2.5888671875,,,,1.25,,,,,,,,,
11328000,2832,1.25,,2.592855930328369,,,,1.25,,,,,,,,,
11332000,2833,0.625,,2.4469876289367676,,,,0.625,,,,,,,,,
11336000,2834,1.25,,2.457252025604248,,,,1.25,,,,,,,,,
11340000,2835,2.25,,2.567988395690918,,,,2.25,,,,,,,,,
11344000,2836,1.75,,2.5222878456115723,,,,1.75,,,,,,,,,
11348000,2837,1.375,,2.424624443054199,,,,1.375,,,,,,,,,
11352000,2838,2.0,,2.5464398860931396,,,,2.0,,,,,,,,,
11356000,2839,2.25,,2.496269702911377,,,,2.25,,,,,,,,,
11360000,2840,2.125,,2.4565157890319824,,,,2.125,,,,,,,,,
11364000,2841,0.625,,2.510256767272949,,,,0.625,,,,,,,,,
11368000,2842,0.875,,2.312631607055664,,,,0.875,,,,,,,,,
11372000,2843,0.25,,2.330233097076416,,,,0.25,,,,,,,,,
11376000,2844,1.125,,2.4866044521331787,,,,1.125,,,,,,,,,
11380000,2845,1.25,,2.351564645767212,,,,1.25,,,,,,,,,
11384000,2846,1.0,,2.4230940341949463,,,,1.0,,,,,,,,,
11388000,2847,1.875,,2.3409385681152344,,,,1.875,,,,,,,,,
11392000,2848,0.375,,2.3571181297302246,,,,0.375,,,,,,,,,
11396000,2849,0.0,,2.3406214714050293,,,,0.0,,,,,,,,,
11400000,2850,0.25,,2.2004356384277344,,,,0.25,,,,,,,,,
11404000,2851,2.125,,2.306145191192627,,,,2.125,,,,,,,,,
11408000,2852,2.375,,2.133403778076172,,,,2.375,,,,,,,,,
11412000,2853,1.0,,2.270693302154541,,,,1.0,,,,,,,,,
11416000,2854,0.75,,2.246090888977051,,,,0.75,,,,,,,,,
11420000,2855,0.875,,2.2680928707122803,,,,0.875,,,,,,,,,
11424000,2856,1.0,,2.235872745513916,,,,1.0,,,,,,,,,
11428000,2857,1.125,,2.0939507484436035,,,,1.125,,,,,,,,,
11432000,2858,1.5,,2.160757064819336,,,,1.5,,,,,,,,,
11436000,2859,0.125,,2.135404348373413,,,,0.125,,,,,,,,,
11440000,2860,0.375,,2.123110294342041,,,,0.375,,,,,,,,,
11444000,2861,0.625,,2.0862133502960205,,,,0.625,,,,,,,,,
11448000,2862,0.875,,1.9373451471328735,,,,0.875,,,,,,,,,
11452000,2863,2.125,,2.08125638961792,,,,2.125,,,,,,,,,
11456000,2864,3.0,,2.072483539581299,,,,3.0,,,,,,,,,
11460000,2865,3.25,,1.980010747909546,,,,3.25,,,,,,,,,
11464000,2866,2.875,,2.035041332244873,,,,2.875,,,,,,,,,
11468000,2867,0.375,,2.018460273742676,,,,0.375,,,,,,,,,
11472000,2868,1.375,,2.066283941268921,,,,1.375,,,,,,,,,
11476000,2869,0.0,,2.0705251693725586,,,,0.0,,,,,,,,,
11480000,2870,0.875,,1.9389301538467407,,,,0.875,,,,,,,,,
11484000,2871,2.25,,1.9968611001968384,,,,2.25,,,,,,,,,
11488000,2872,2.25,,2.041280746459961,,,,2.25,,,,,,,,,
11492000,2873,1.75,,2.0875449180603027,,,,1.75,,,,,,,,,
11496000,2874,1.25,,1.893970251083374,,,,1.25,,,,,,,,,
11500000,2875,1.25,,1.9636695384979248,,,,1.25,,,,,,,,,
11504000,2876,1.125,,1.8491722345352173,,,,1.125,,,,,,,,,
11508000,2877,2.125,,1.8919942378997803,,,,2.125,,,,,,,,,
11512000,2878,2.25,,1.8707804679870605,,,,2.25,,,,,,,,,
11516000,2879,1.75,,1.9210591316223145,,,,1.75,,,,,,,,,
11520000,2880,0.875,,1.8719758987426758,,,,0.875,,,,,,,,,
11524000,2881,0.75,,1.8769862651824951,,,,0.75,,,,,,,,,
11528000,2882,1.0,,1.7746152877807617,,,,1.0,,,,,,,,,
11532000,2883,2.0,,1.7407317161560059,,,,2.0,,,,,,,,,
11536000,2884,3.125,,1.753225326538086,,,,3.125,,,,,,,,,
11540000,2885,2.75,,1.7691972255706787,,,,2.75,,,,,,,,,
11544000,2886,1.375,,1.6896581649780273,,,,1.375,,,,,,,,,
11548000,2887,1.25,,1.748867154121399,,,,1.25,,,,,,,,,
11552000,2888,1.0,,1.7770938873291016,,,,1.0,,,,,,,,,
11556000,2889,0.875,,1.7840343713760376,,,,0.875,,,,,,,,,
11560000,2890,2.875,,1.8340870141983032,,,,2.875,,,,,,,,,
11564000,2891,3.875,,1.7027497291564941,,,,3.875,,,,,,,,,
11568000,2892,3.0,,1.7031333446502686,,,,3.0,,,,,,,,,
11572000,2893,2.125,,1.7258031368255615,,,,2.125,,,,,,,,,
11576000,2894,2.875,,1.582075595855713,,,,2.875,,,,,,,,,
11580000,2895,0.75,,1.6085233688354492,,,,0.75,,,,,,,,,
11584000,2896,2.875,,1.614199161529541,,,,2.875,,,,,,,,,
11588000,2897,3.25,,1.76332426071167,,,,3.25,,,,,,,,,
11592000,2898,2.875,,1.6887011528015137,,,,2.875,,,,,,,,,
11596000,2899,2.75,,1.7121262550354004,,,,2.75,,,,,,,,,
11600000,2900,0.75,,1.7028062343597412,,,,0.75,,,,,,,,,
11604000,2901,0.75,,1.614598274230957,,,,0.75,,,,,,,,,
11608000,2902,0.75,,1.59671151638031,,,,0.75,,,,,,,,,
11612000,2903,1.875,,1.5509227514266968,,,,1.875,,,,,,,,,
11616000,2904,2.25,,1.592339038848877,,,,2.25,,,,,,,,,
11620000,2905,1.875,,1.6029484272003174,,,,1.875,,,,,,,,,
11624000,2906,2.625,,1.598982334136963,,,,2.625,,,,,,,,,
11628000,2907,1.75,,1.6251168251037598,,,,1.75,,,,,,,,,
11632000,2908,1.5,,1.4887218475341797,,,,1.5,,,,,,,,,
11636000,2909,0.875,,1.6504616737365723,,,,0.875,,,,,,,,,
11640000,2910,1.875,,1.6476709842681885,,,,1.875,,,,,,,,,
11644000,2911,2.0,,1.6274820566177368,,,,2.0,,,,,,,,,
11648000,2912,1.875,,1.5889233350753784,,,,1.875,,,,,,,,,
11652000,2913,2.0,,1.6565592288970947,,,,2.0,,,,,,,,,
11656000,2914,1.625,,1.6050629615783691,,,,1.625,,,,,,,,,
11660000,2915,0.5,,1.5998445749282837,,,,0.5,,,,,,,,,
11664000,2916,0.625,,1.7105844020843506,,,,0.625,,,,,,,,,
11668000,2917,0.25,,1.5442945957183838,,,,0.25,,,,,,,,,
11672000,2918,0.375,,1.5047026872634888,,,,0.375,,,,,,,,,
11676000,2919,2.5,,1.616296410560608,,,,2.5,,,,,,,,,
11680000,2920,2.875,,1.5458252429962158,,,,2.875,,,,,,,,,
11684000,2921,2.125,,1.542414665222168,,,,2.125,,,,,,,,,
11688000,2922,2.0,,1.4735989570617676,,,,2.0,,,,,,,,,
11692000,2923,1.25,,1.538984775543213,,,,1.25,,,,,,,,,
11696000,2924,1.375,,1.5008306503295898,,,,1.375,,,,,,,,,
11700000,2925,0.75,,1.5716694593429565,,,,0.75,,,,,,,,,
11704000,2926,1.875,,1.5162057876586914,,,,1.875,,,,,,,,,
11708000,2927,1.375,,1.6148097515106201,,,,1.375,,,,,,,,,
11712000,2928,2.75,,1.5334012508392334,,,,2.75,,,,,,,,,
11716000,2929,1.25,,1.5744118690490723,,,,1.25,,,,,,,,,
11720000,2930,0.875,,1.4493645429611206,,,,0.875,,,,,,,,,
11724000,2931,0.5,,1.3886557817459106,,,,0.5,,,,,,,,,
11728000,2932,1.625,,1.3796151876449585,,,,1.625,,,,,,,,,
11732000,2933,1.75,,1.392806053161621,,,,1.75,,,,,,,,,
11736000,2934,0.75,,1.4999268054962158,,,,0.75,,,,,,,,,
11740000,2935,2.125,,1.4456150531768799,,,,2.125,,,,,,,,,
11744000,2936,1.25,,1.4664772748947144,,,,1.25,,,,,,,,,
11748000,2937,0.875,,1.4379706382751465,,,,0.875,,,,,,,,,
11752000,2938,0.5,,1.3517725467681885,,,,0.5,,,,,,,,,
11756000,2939,0.375,,1.5308971405029297,,,,0.375,,,,,,,,,
11760000,2940,1.125,,1.590239405632019,,,,1.125,,,,,,,,,
11764000,2941,0.25,,1.4392017126083374,,,,0.25,,,,,,,,,
11768000,2942,0.5,,1.3537685871124268,,,,0.5,,,,,,,,,
11772000,2943,1.625,,1.598197102546692,,,,1.625,,,,,,,,,
11776000,2944,1.875,,1.3713691234588623,,,,1.875,,,,,,,,,
11780000,2945,0.5,,1.2651491165161133,,,,0.5,,,,,,,,,
11784000,2946,0.375,,1.2332167625427246,,,,0.375,,,,,,,,,
11788000,2947,1.0,,1.2308690547943115,,,,1.0,,,,,,,,,
11792000,2948,0.5,,1.2013678550720215,,,,0.5,,,,,,,,,
11796000,2949,1.375,,1.2710171937942505,,,,1.375,,,,,,,,,
11800000,2950,0.875,,1.3315198421478271,,,,0.875,,,,,,,,,
11804000,2951,2.625,,1.2984566688537598,,,,2.625,,,,,,,,,
11808000,2952,2.125,,1.3604774475097656,,,,2.125,,,,,,,,,
11812000,2953,1.875,,1.2766261100769043,,,,1.875,,,,,,,,,
11816000,2954,1.75,,1.2650270462036133,,,,1.75,,,,,,,,,
11820000,2955,0.375,,1.3277416229248047,,,,0.375,,,,,,,,,
11824000,2956,0.625,,1.4300355911254883,,,,0.625,,,,,,,,,
11828000,2957,0.25,,1.3694984912872314,,,,0.25,,,,,,,,,
11832000,2958,1.625,,1.45074462890625,,,,1.625,,,,,,,,,
11836000,2959,0.125,,1.401267170906067,,,,0.125,,,,,,,,,
11840000,2960,0.75,,1.2203471660614014,,,,0.75,,,,,,,,,
11844000,2961,2.75,,1.3121380805969238,,,,2.75,,,,,,,,,
11848000,2962,0.75,,1.261919617652893,,,,0.75,,,,,,,,,
11852000,2963,0.875,,1.2694859504699707,,,,0.875,,,,,,,,,
11856000,2964,0.375,,1.3462014198303223,,,,0.375,,,,,,,,,
11860000,2965,0.75,,1.1876451969146729,,,,0.75,,,,,,,,,
11864000,2966,0.875,,1.3286247253417969,,,,0.875,,,,,,,,,
11868000,2967,0.875,,1.2447129487991333,,,,0.875,,,,,,,,,
11872000,2968,2.25,,1.21156907081604,,,,2.25,,,,,,,,,
11876000,2969,1.5,,1.2449698448181152,,,,1.5,,,,,,,,,
11880000,2970,1.75,,1.218095302581787,,,,1.75,,,,,,,,,
11884000,2971,1.375,,1.2391233444213867,,,,1.375,,,,,,,,,
11888000,2972,1.25,,1.3570665121078491,,,,1.25,,,,,,,,,
11892000,2973,0.375,,1.2730295658111572,,,,0.375,,,,,,,,,
11896000,2974,0.25,,1.1993516683578491,,,,0.25,,,,,,,,,
11900000,2975,0.125,,1.1989893913269043,,,,0.125,,,,,,,,,
11904000,2976,0.625,,1.1918407678604126,,,,0.625,,,,,,,,,
11908000,2977,0.75,,1.2694443464279175,,,,0.75,,,,,,,,,
11912000,2978,1.625,,1.3373559713363647,,,,1.625,,,,,,,,,
11916000,2979,1.75,,1.2800922393798828,,,,1.75,,,,,,,,,
11920000,2980,1.25,,1.2410691976547241,,,,1.25,,,,,,,,,
11924000,2981,0.875,,1.227251648902893,,,,0.875,,,,,,,,,
11928000,2982,0.625,,1.3745601177215576,,,,0.625,,,,,,,,,
11932000,2983,0.25,,1.2524566650390625,,,,0.25,,,,,,,,,
11936000,2984,0.375,,1.3130900859832764,,,,0.375,,,,,,,,,
11940000,2985,1.25,,1.2076942920684814,,,,1.25,,,,,,,,,
11944000,2986,0.125,,1.2646743059158325,,,,0.125,,,,,,,,,
11948000,2987,2.0,,1.2822532653808594,,,,2.0,,,,,,,,,
11952000,2988,1.5,,1.1754121780395508,,,,1.5,,,,,,,,,
11956000,2989,1.125,,1.2993800640106201,,,,1.125,,,,,,,,,
11960000,2990,0.875,,1.1920568943023682,,,,0.875,,,,,,,,,
11964000,2991,0.625,,1.2368967533111572,,,,0.625,,,,,,,,,
11968000,2992,0.375,,1.2013611793518066,,,,0.375,,,,,,,,,
11972000,2993,0.125,,1.2733488082885742,,,,0.125,,,,,,,,,
11976000,2994,0.5,,1.2319180965423584,,,,0.5,,,,,,,,,
11980000,2995,0.25,,1.232437014579773,,,,0.25,,,,,,,,,
11984000,2996,0.875,,1.1672508716583252,,,,0.875,,,,,,,,,
11988000,2997,1.0,,1.1092699766159058,,,,1.0,,,,,,,,,
11992000,2998,2.0,,1.2892080545425415,,,,2.0,,,,,,,,,
11996000,2999,2.75,,1.0088701248168945,,,,2.75,,,,,,,,,
12000000,3000,0.5,,1.2198245525360107,,,,0.5,,,,,,,,,
12004000,3001,1.125,,1.2356230020523071,,,,1.125,,,,,,,,,
12008000,3002,0.25,,1.219922423362732,,,,0.25,,,,,,,,,
12012000,3003,0.5,,1.1737046241760254,,,,0.5,,,,,,,,,
12016000,3004,0.375,,1.1699788570404053,,,,0.375,,,,,,,,,
12020000,3005,0.5,,1.1124465465545654,,,,0.5,,,,,,,,,
12024000,3006,1.75,,1.1446475982666016,,,,1.75,,,,,,,,,
12028000,3007,1.125,,1.1554714441299438,,,,1.125,,,,,,,,,
12032000,3008,2.0,,1.0508133172988892,,,,2.0,,,,,,,,,
12036000,3009,1.875,,1.1870627403259277,,,,1.875,,,,,,,,,
12040000,3010,0.875,,1.0115994215011597,,,,0.875,,,,,,,,,
12044000,3011,0.75,,1.0558528900146484,,,,0.75,,,,,,,,,
12048000,3012,1.0,,1.1231801509857178,,,,1.0,,,,,,,,,
12052000,3013,0.25,,1.0435763597488403,,,,0.25,,,,,,,,,
12056000,3014,0.375,,1.203211784362793,,,,0.375,,,,,,,,,
12060000,3015,0.5,,1.079145908355713,,,,0.5,,,,,,,,,
12064000,3016,0.75,,1.1463298797607422,,,,0.75,,,,,,,,,
12068000,3017,2.5,,1.054753303527832,,,,2.5,,,,,,,,,
12072000,3018,2.0,,1.121431589126587,,,,2.0,,,,,,,,,
12076000,3019,3.0,,1.1040499210357666,,,,3.0,,,,,,,,,
12080000,3020,1.875,,1.0028501749038696,,,,1.875,,,,,,,,,
12084000,3021,1.25,,1.0373554229736328,,,,1.25,,,,,,,,,
12088000,3022,1.375,,0.936029314994812,,,,1.375,,,,,,,,,
12092000,3023,0.5,,1.0625975131988525,,,,0.5,,,,,,,,,
12096000,3024,0.375,,1.0228160619735718,,,,0.375,,,,,,,,,
12100000,3025,0.125,,0.9477475881576538,,,,0.125,,,,,,,,,
12104000,3026,1.0,,0.986469030380249,,,,1.0,,,,,,,,,
12108000,3027,0.875,,1.0277049541473389,,,,0.875,,,,,,,,,
12112000,3028,0.75,,0.9697833061218262,,,,0.75,,,,,,,,,
12116000,3029,1.5,,0.9510321021080017,,,,1.5,,,,,,,,,
12120000,3030,1.5,,0.9163562059402466,,,,1.5,,,,,,,,,
12124000,3031,2.0,,0.9527881145477295,,,,2.0,,,,,,,,,
12128000,3032,1.375,,0.9879292249679565,,,,1.375,,,,,,,,,
12132000,3033,1.0,,0.9575719833374023,,,,1.0,,,,,,,,,
12136000,3034,1.0,,0.9631531238555908,,,,1.0,,,,,,,,,
12140000,3035,0.5,,0.9572596549987793,,,,0.5,,,,,,,,,
12144000,3036,1.25,,0.9498833417892456,,,,1.25,,,,,,,,,
12148000,3037,0.875,,1.031095266342163,,,,0.875,,,,,,,,,
12152000,3038,0.5,,0.9357341527938843,,,,0.5,,,,,,,,,
12156000,3039,0.625,,0.9626038074493408,,,,0.625,,,,,,,,,
12160000,3040,1.875,,0.9547147750854492,,,,1.875,,,,,,,,,
12164000,3041,2.625,,0.9791959524154663,,,,2.625,,,,,,,,,
12168000,3042,3.0,,0.8709172010421753,,,,3.0,,,,,,,,,
12172000,3043,2.5,,1.0134892463684082,,,,2.5,,,,,,,,,
12176000,3044,1.25,,1.0975377559661865,,,,1.25,,,,,,,,,
12180000,3045,1.0,,0.9078735113143921,,,,1.0,,,,,,,,,
12184000,3046,1.0,,0.8970886468887329,,,,1.0,,,,,,,,,
12188000,3047,0.625,,0.9420483112335205,,,,0.625,,,,,,,,,
12192000,3048,0.625,,0.993147611618042,,,,0.625,,,,,,,,,
12196000,3049,0.125,,1.0462002754211426,,,,0.125,,,,,,,,,
12200000,3050,0.25,,0.8920645713806152,,,,0.25,,,,,,,,,
12204000,3051,1.125,,0.8707183599472046,,,,1.125,,,,,,,,,
12208000,3052,1.625,,0.9388020634651184,,,,1.625,,,,,,,,,
12212000,3053,2.25,,0.9694099426269531,,,,2.25,,,,,,,,,
12216000,3054,1.25,,0.8993489146232605,,,,1.25,,,,,,,,,
12220000,3055,0.875,,0.8963876962661743,,,,0.875,,,,,,,,,
12224000,3056,1.125,,0.8407498598098755,,,,1.125,,,,,,,,,
12228000,3057,1.375,,0.8910950422286987,,,,1.375,,,,,,,,,
12232000,3058,1.0,,0.9329123497009277,,,,1.0,,,,,,,,,
12236000,3059,0.875,,0.9017441272735596,,,,0.875,,,,,,,,,
12240000,3060,1.125,,0.9878969192504883,,,,1.125,,,,,,,,,
12244000,3061,0.875,,0.9452189207077026,,,,0.875,,,,,,,,,
12248000,3062,0.25,,0.9661372900009155,,,,0.25,,,,,,,,,
12252000,3063,1.625,,1.04475998878479,,,,1.625,,,,,,,,,
12256000,3064,1.75,,1.0461046695709229,,,,1.75,,,,,,,,,
12260000,3065,2.875,,0.9982682466506958,,,,2.875,,,,,,,,,
12264000,3066,1.875,,1.0075291395187378,,,,1.875,,,,,,,,,
12268000,3067,2.0,,0.9852699637413025,,,,2.0,,,,,,,,,
12272000,3068,1.125,,0.9490979909896851,,,,1.125,,,,,,,,,
12276000,3069,1.75,,1.0597600936889648,,,,1.75,,,,,,,,,
12280000,3070,1.125,,0.9485458135604858,,,,1.125,,,,,,,,,
12284000,3071,0.625,,0.9866254329681396,,,,0.625,,,,,,,,,
12288000,3072,0.5,,1.006880760192871,,,,0.5,,,,,,,,,
12292000,3073,0.75,,1.0007762908935547,,,,0.75,,,,,,,,,
12296000,3074,0.25,,0.9792370796203613,,,,0.25,,,,,,,,,
12300000,3075,0.75,,0.978635847568512,,,,0.75,,,,,,,,,
12304000,3076,1.0,,0.8452075719833374,,,,1.0,,,,,,,,,
12308000,3077,1.75,,0.9386374354362488,,,,1.75,,,,,,,,,
12312000,3078,0.875,,0.8983979225158691,,,,0.875,,,,,,,,,
12316000,3079,1.625,,0.9423733949661255,,,,1.625,,,,,,,,,
12320000,3080,1.5,,0.9535952806472778,,,,1.5,,,,,,,,,
12324000,3081,1.0,,0.8978219032287598,,,,1.0,,,,,,,,,
12328000,3082,1.375,,0.9060542583465576,,,,1.375,,,,,,,,,
12332000,3083,0.5,,0.9657849073410034,,,,0.5,,,,,,,,,
12336000,3084,0.125,,1.0219882726669312,,,,0.125,,,,,,,,,
12340000,3085,0.5,,1.1276018619537354,,,,0.5,,,,,,,,,
12344000,3086,0.125,,1.0604259967803955,,,,0.125,,,,,,,,,
12348000,3087,0.625,,0.9618989825248718,,,,0.625,,,,,,,,,
12352000,3088,0.5,,0.9567375183105469,,,,0.5,,,,,,,,,
12356000,3089,1.75,,0.9944202899932861,,,,1.75,,,,,,,,,
12360000,3090,1.0,,0.9599316120147705,,,,1.0,,,,,,,,,
12364000,3091,0.375,,0.935860276222229,,,,0.375,,,,,,,,,
12368000,3092,0.75,,1.016747236251831,,,,0.75,,,,,,,,,
12372000,3093,0.375,,1.0292123556137085,,,,0.375,,,,,,,,,
12376000,3094,0.375,,0.97044837474823,,,,0.375,,,,,,,,,
12380000,3095,0.875,,0.996702253818512,,,,0.875,,,,,,,,,
12384000,3096,0.5,,0.9420682787895203,,,,0.5,,,,,,,,,
12388000,3097,0.25,,0.852780282497406,,,,0.25,,,,,,,,,
12392000,3098,0.125,,1.0512539148330688,,,,0.125,,,,,,,,,
12396000,3099,0.625,,0.9040440320968628,,,,0.625,,,,,,,,,
12400000,3100,0.625,,0.9008423089981079,,,,0.625,,,,,,,,,
12404000,3101,0.75,,0.9732993245124817,,,,0.75,,,,,,,,,
12408000,3102,1.0,,0.8685722351074219,,,,1.0,,,,,,,,,
12412000,3103,1.125,,0.9255066514015198,,,,1.125,,,,,,,,,
12416000,3104,1.0,,0.923917293548584,,,,1.0,,,,,,,,,
12420000,3105,1.5,,0.862812876701355,,,,1.5,,,,,,,,,
12424000,3106,1.25,,0.9178130030632019,,,,1.25,,,,,,,,,
12428000,3107,0.375,,0.8591129779815674,,,,0.375,,,,,,,,,
12432000,3108,0.625,,0.8081293106079102,,,,0.625,,,,,,,,,
12436000,3109,0.625,,0.9343491792678833,,,,0.625,,,,,,,,,
12440000,3110,0.625,,0.9932670593261719,,,,0.625,,,,,,,,,
12444000,3111,0.25,,0.9508951902389526,,,,0.25,,,,,,,,,
12448000,3112,0.375,,0.9446911811828613,,,,0.375,,,,,,,,,
12452000,3113,1.625,,0.8982512950897217,,,,1.625,,,,,,,,,
12456000,3114,0.375,,0.9264804124832153,,,,0.375,,,,,,,,,
12460000,3115,2.0,,0.9269090890884399,,,,2.0,,,,,,,,,
12464000,3116,1.25,,0.9047583341598511,,,,1.25,,,,,,,,,
12468000,3117,1.0,,0.9016599059104919,,,,1.0,,,,,,,,,
12472000,3118,0.875,,0.8100187182426453,,,,0.875,,,,,,,,,
12476000,3119,0.875,,0.886755108833313,,,,0.875,,,,,,,,,
12480000,3120,0.625,,0.9943220615386963,,,,0.625,,,,,,,,,
12484000,3121,0.375,,0.875866174697876,,,,0.375,,,,,,,,,
12488000,3122,0.875,,0.8934773206710815,,,,0.875,,,,,,,,,
12492000,3123,0.625,,0.886083722114563,,,,0.625,,,,,,,,,
12496000,3124,0.125,,0.8822993636131287,,,,0.125,,,,,,,,,
12500000,3125,0.5,,0.9413519501686096,,,,0.5,,,,,,,,,
12504000,3126,0.625,,0.9321001172065735,,,,0.625,,,,,,,,,
12508000,3127,1.5,,0.8538833856582642,,,,1.5,,,,,,,,,
12512000,3128,2.0,,1.012058973312378,,,,2.0,,,,,,,,,
12516000,3129,1.5,,0.9783041477203369,,,,1.5,,,,,,,,,
12520000,3130,1.125,,0.8742759227752686,,,,1.125,,,,,,,,,
12524000,3131,0.875,,0.9285953044891357,,,,0.875,,,,,,,,,
12528000,3132,0.5,,0.9764612913131714,,,,0.5,,,,,,,,,
12532000,3133,0.5,,0.9576534032821655,,,,0.5,,,,,,,,,
12536000,3134,0.0,,1.0874557495117188,,,,0.0,,,,,,,,,
12540000,3135,0.25,,1.0025314092636108,,,,0.25,,,,,,,,,
12544000,3136,0.125,,0.981197714805603,,,,0.125,,,,,,,,,
12548000,3137,0.375,,1.087843418121338,,,,0.375,,,,,,,,,
12552000,3138,0.125,,1.0566473007202148,,,,0.125,,,,,,,,,
12556000,3139,0.25,,0.9154977798461914,,,,0.25,,,,,,,,,
12560000,3140,0.25,,0.9267534017562866,,,,0.25,,,,,,,,,
12564000,3141,0.25,,0.9007570743560791,,,,0.25,,,,,,,,,
12568000,3142,1.25,,0.8641612529754639,,,,1.25,,,,,,,,,
12572000,3143,1.0,,0.8387708067893982,,,,1.0,,,,,,,,,
12576000,3144,1.625,,0.7888890504837036,,,,1.625,,,,,,,,,
12580000,3145,1.0,,0.8093125820159912,,,,1.0,,,,,,,,,
12584000,3146,0.625,,0.8024709224700928,,,,0.625,,,,,,,,,
12588000,3147,0.125,,0.928890585899353,,,,0.125,,,,,,,,,
12592000,3148,0.375,,0.8050656914710999,,,,0.375,,,,,,,,,
12596000,3149,0.375,,0.7131470441818237,,,,0.375,,,,,,,,,
12600000,3150,0.125,,0.8446625471115112,,,,0.125,,,,,,,,,
12604000,3151,0.375,,0.8194518089294434,,,,0.375,,,,,,,,,
12608000,3152,0.625,,0.7368344068527222,,,,0.625,,,,,,,,,
12612000,3153,0.375,,0.7542978525161743,,,,0.375,,,,,,,,,
12616000,3154,1.25,,0.7287492752075195,,,,1.25,,,,,,,,,
12620000,3155,1.5,,0.7580654621124268,,,,1.5,,,,,,,,,
12624000,3156,1.5,,0.7921719551086426,,,,1.5,,,,,,,,,
12628000,3157,1.375,,0.7737430334091187,,,,1.375,,,,,,,,,
12632000,3158,1.375,,0.7574104070663452,,,,1.375,,,,,,,,,
12636000,3159,1.5,,0.805901050567627,,,,1.5,,,,,,,,,
12640000,3160,0.75,,0.7995257377624512,,,,0.75,,,,,,,,,
12644000,3161,1.0,,0.8081725835800171,,,,1.0,,,,,,,,,
12648000,3162,1.0,,0.8785874247550964,,,,1.0,,,,,,,,,
12652000,3163,0.625,,0.8563022613525391,,,,0.625,,,,,,,,,
12656000,3164,0.375,,0.9464149475097656,,,,0.375,,,,,,,,,
12660000,3165,1.25,,0.9421507120132446,,,,1.25,,,,,,,,,
12664000,3166,0.5,,0.9093184471130371,,,,0.5,,,,,,,,,
12668000,3167,0.25,,0.8509269952774048,,,,0.25,,,,,,,,,
12672000,3168,0.75,,0.7836251258850098,,,,0.75,,,,,,,,,
12676000,3169,0.75,,0.6724875569343567,,,,0.75,,,,,,,,,
12680000,3170,1.125,,0.7265083193778992,,,,1.125,,,,,,,,,
12684000,3171,1.75,,0.860619306564331,,,,1.75,,,,,,,,,
12688000,3172,1.25,,0.7835617065429688,,,,1.25,,,,,,,,,
12692000,3173,1.25,,0.7747294306755066,,,,1.25,,,,,,,,,
12696000,3174,0.5,,0.8319720029830933,,,,0.5,,,,,,,,,
12700000,3175,0.75,,0.7706063985824585,,,,0.75,,,,,,,,,
12704000,3176,0.75,,0.7762238383293152,,,,0.75,,,,,,,,,
12708000,3177,0.625,,0.7982133626937866,,,,0.625,,,,,,,,,
12712000,3178,0.875,,0.7848525047302246,,,,0.875,,,,,,,,,
12716000,3179,1.0,,0.7680016756057739,,,,1.0,,,,,,,,,
12720000,3180,0.25,,0.8016759157180786,,,,0.25,,,,,,,,,
12724000,3181,0.5,,0.7575865983963013,,,,0.5,,,,,,,,,
12728000,3182,1.875,,0.7384984493255615,,,,1.875,,,,,,,,,
12732000,3183,2.5,,0.7064328193664551,,,,2.5,,,,,,,,,
12736000,3184,2.375,,0.7439278960227966,,,,2.375,,,,,,,,,
12740000,3185,2.875,,0.7869759798049927,,,,2.875,,,,,,,,,
12744000,3186,2.0,,0.7545809149742126,,,,2.0,,,,,,,,,
12748000,3187,1.5,,0.8430789709091187,,,,1.5,,,,,,,,,
12752000,3188,1.625,,0.7209014296531677,,,,1.625,,,,,,,,,
12756000,3189,1.375,,0.8031578063964844,,,,1.375,,,,,,,,,
12760000,3190,2.25,,0.7961841821670532,,,,2.25,,,,,,,,,
12764000,3191,1.375,,0.8697276711463928,,,,1.375,,,,,,,,,
12768000,3192,1.375,,0.7718883752822876,,,,1.375,,,,,,,,,
12772000,3193,1.625,,0.801652193069458,,,,1.625,,,,,,,,,
12776000,3194,0.875,,0.8024570941925049,,,,0.875,,,,,,,,,
12780000,3195,3.0,,0.7600550055503845,,,,3.0,,,,,,,,,
12784000,3196,1.875,,0.8461568355560303,,,,1.875,,,,,,,,,
12788000,3197,2.75,,0.8000146746635437,,,,2.75,,,,,,,,,
12792000,3198,0.875,,0.8085155487060547,,,,0.875,,,,,,,,,
12796000,3199,2.875,,0.8503239750862122,,,,2.875,,,,,,,,,
12800000,3200,1.125,,0.8171744346618652,,,,1.125,,,,,,,,,
12804000,3201,0.875,,0.8605649471282959,,,,0.875,,,,,,,,,
12808000,3202,0.375,,0.8577374815940857,,,,0.375,,,,,,,,,
12812000,3203,1.0,,0.927325963973999,,,,1.0,,,,,,,,,
12816000,3204,0.625,,0.9025818109512329,,,,0.625,,,,,,,,,
12820000,3205,0.375,,0.7635941505432129,,,,0.375,,,,,,,,,
12824000,3206,0.375,,0.8432601094245911,,,,0.375,,,,,,,,,
12828000,3207,1.125,,0.8951840996742249,,,,1.125,,,,,,,,,
12832000,3208,1.0,,0.6876143217086792,,,,1.0,,,,,,,,,
12836000,3209,1.625,,0.7804680466651917,,,,1.625,,,,,,,,,
12840000,3210,1.125,,0.8110389709472656,,,,1.125,,,,,,,,,
12844000,3211,1.875,,0.8289659023284912,,,,1.875,,,,,,,,,
12848000,3212,1.125,,0.7696844339370728,,,,1.125,,,,,,,,,
12852000,3213,1.625,,0.902894139289856,,,,1.625,,,,,,,,,
12856000,3214,1.375,,0.8004444241523743,,,,1.375,,,,,,,,,
12860000,3215,1.25,,0.8116278648376465,,,,1.25,,,,,,,,,
12864000,3216,1.125,,0.8189430236816406,,,,1.125,,,,,,,,,
12868000,3217,1.875,,0.8522045016288757,,,,1.875,,,,,,,,,
12872000,3218,1.0,,0.8709681034088135,,,,1.0,,,,,,,,,
12876000,3219,0.75,,0.9022996425628662,,,,0.75,,,,,,,,,
12880000,3220,1.375,,0.8853006362915039,,,,1.375,,,,,,,,,
12884000,3221,0.5,,0.8271279335021973,,,,0.5,,,,,,,,,
12888000,3222,1.25,,0.851198673248291,,,,1.25,,,,,,,,,
12892000,3223,0.375,,0.8734244108200073,,,,0.375,,,,,,,,,
12896000,3224,2.75,,0.9285003542900085,,,,2.75,,,,,,,,,
12900000,3225,1.375,,0.8610440492630005,,,,1.375,,,,,,,,,
12904000,3226,2.125,,0.908758282661438,,,,2.125,,,,,,,,,
12908000,3227,0.625,,0.9263792037963867,,,,0.625,,,,,,,,,
12912000,3228,0.125,,0.9371501207351685,,,,0.125,,,,,,,,,
12916000,3229,0.375,,1.0311578512191772,,,,0.375,,,,,,,,,
12920000,3230,0.125,,0.9073918461799622,,,,0.125,,,,,,,,,
12924000,3231,0.125,,0.8688645958900452,,,,0.125,,,,,,,,,
12928000,3232,0.5,,0.7929182648658752,,,,0.5,,,,,,,,,
12932000,3233,0.5,,0.9523870348930359,,,,0.5,,,,,,,,,
12936000,3234,1.125,,0.9137281179428101,,,,1.125,,,,,,,,,
12940000,3235,1.625,,0.8530170917510986,,,,1.625,,,,,,,,,
12944000,3236,1.25,,0.898583173751831,,,,1.25,,,,,,,,,
12948000,3237,2.125,,0.7752645611763,,,,2.125,,,,,,,,,
12952000,3238,2.125,,0.821403980255127,,,,2.125,,,,,,,,,
12956000,3239,1.375,,0.8405790328979492,,,,1.375,,,,,,,,,
12960000,3240,1.625,,0.8229475617408752,,,,1.625,,,,,,,,,
12964000,3241,1.5,,0.9413535594940186,,,,1.5,,,,,,,,,
12968000,3242,1.625,,0.9728551506996155,,,,1.625,,,,,,,,,
12972000,3243,1.375,,0.9195064306259155,,,,1.375,,,,,,,,,
12976000,3244,1.125,,0.9784352779388428,,,,1.125,,,,,,,,,
12980000,3245,1.25,,1.024366855621338,,,,1.25,,,,,,,,,
12984000,3246,1.0,,1.0758628845214844,,,,1.0,,,,,,,,,
12988000,3247,1.5,,0.9924787878990173,,,,1.5,,,,,,,,,
12992000,3248,1.5,,0.9934001564979553,,,,1.5,,,,,,,,,
12996000,3249,0.75,,0.9100943803787231,,,,0.75,,,,,,,,,
13000000,3250,0.5,,0.8427255749702454,,,,0.5,,,,,,,,,
13004000,3251,1.0,,0.8968607187271118,,,,1.0,,,,,,,,,
13008000,3252,1.0,,0.9149410724639893,,,,1.0,,,,,,,,,
13012000,3253,1.0,,0.8914393186569214,,,,1.0,,,,,,,,,
13016000,3254,0.625,,0.9636596441268921,,,,0.625,,,,,,,,,
13020000,3255,0.5,,0.8809881806373596,,,,0.5,,,,,,,,,
13024000,3256,0.25,,0.8605605959892273,,,,0.25,,,,,,,,,
13028000,3257,0.75,,0.8359047770500183,,,,0.75,,,,,,,,,
13032000,3258,0.875,,0.9272342920303345,,,,0.875,,,,,,,,,
13036000,3259,2.25,,0.871658444404602,,,,2.25,,,,,,,,,
13040000,3260,1.75,,1.0002168416976929,,,,1.75,,,,,,,,,
13044000,3261,2.5,,0.8083860874176025,,,,2.5,,,,,,,,,
13048000,3262,1.25,,0.9314897060394287,,,,1.25,,,,,,,,,
13052000,3263,1.0,,0.9531166553497314,,,,1.0,,,,,,,,,
13056000,3264,0.875,,1.02439284324646,,,,0.875,,,,,,,,,
13060000,3265,0.875,,0.9291106462478638,,,,0.875,,,,,,,,,
13064000,3266,0.25,,0.9691940546035767,,,,0.25,,,,,,,,,
13068000,3267,1.25,,1.0024149417877197,,,,1.25,,,,,,,,,
13072000,3268,0.0,,1.0023467540740967,,,,0.0,,,,,,,,,
13076000,3269,0.625,,0.9513847827911377,,,,0.625,,,,,,,,,
13080000,3270,0.125,,0.9734810590744019,,,,0.125,,,,,,,,,
13084000,3271,0.0,,0.989102840423584,,,,0.0,,,,,,,,,
13088000,3272,1.375,,0.9995903968811035,,,,1.375,,,,,,,,,
13092000,3273,2.0,,0.9944142699241638,,,,2.0,,,,,,,,,
13096000,3274,1.0,,1.0634063482284546,,,,1.0,,,,,,,,,
13100000,3275,3.125,,0.9497110843658447,,,,3.125,,,,,,,,,
13104000,3276,1.75,,1.097546100616455,,,,1.75,,,,,,,,,
13108000,3277,0.625,,0.9981329441070557,,,,0.625,,,,,,,,,
13112000,3278,0.625,,0.9426124691963196,,,,0.625,,,,,,,,,
13116000,3279,0.75,,1.064685344696045,,,,0.75,,,,,,,,,
13120000,3280,0.375,,1.0098246335983276,,,,0.375,,,,,,,,,
13124000,3281,0.5,,0.9225029349327087,,,,0.5,,,,,,,,,
13128000,3282,1.125,,0.9768508672714233,,,,1.125,,,,,,,,,
13132000,3283,0.875,,0.9910984039306641,,,,0.875,,,,,,,,,
13136000,3284,1.75,,0.9228206872940063,,,,1.75,,,,,,,,,
13140000,3285,1.5,,0.9319584369659424,,,,1.5,,,,,,,,,
13144000,3286,1.875,,1.0136299133300781,,,,1.875,,,,,,,,,
13148000,3287,1.125,,1.084496259689331,,,,1.125,,,,,,,,,
13152000,3288,1.125,,0.8879309296607971,,,,1.125,,,,,,,,,
13156000,3289,1.125,,0.9436088800430298,,,,1.125,,,,,,,,,
13160000,3290,1.125,,0.977518618106842,,,,1.125,,,,,,,,,
13164000,3291,0.5,,1.0242053270339966,,,,0.5,,,,,,,,,
13168000,3292,0.5,,0.9438502788543701,,,,0.5,,,,,,,,,
13172000,3293,0.625,,1.02403724193573,,,,0.625,,,,,,,,,
13176000,3294,1.375,,1.0279872417449951,,,,1.375,,,,,,,,,
13180000,3295,0.875,,1.108049988746643,,,,0.875,,,,,,,,,
13184000,3296,1.125,,1.0212856531143188,,,,1.125,,,,,,,,,
13188000,3297,0.875,,1.0519182682037354,,,,0.875,,,,,,,,,
13192000,3298,2.375,,0.9800432324409485,,,,2.375,,,,,,,,,
13196000,3299,1.625,,1.0040309429168701,,,,1.625,,,,,,,,,
13200000,3300,1.75,,1.0535361766815186,,,,1.75,,,,,,,,,
13204000,3301,2.125,,0.9537855386734009,,,,2.125,,,,,,,,,
13208000,3302,0.75,,1.078176498413086,,,,0.75,,,,,,,,,
13212000,3303,0.375,,1.1065587997436523,,,,0.375,,,,,,,,,
13216000,3304,0.25,,1.1121771335601807,,,,0.25,,,,,,,,,
13220000,3305,0.375,,1.0582938194274902,,,,0.375,,,,,,,,,
13224000,3306,0.375,,1.0434463024139404,,,,0.375,,,,,,,,,
13228000,3307,0.125,,1.014611005783081,,,,0.125,,,,,,,,,
13232000,3308,1.125,,0.9841574430465698,,,,1.125,,,,,,,,,
13236000,3309,1.25,,0.944094181060791,,,,1.25,,,,,,,,,
13240000,3310,0.875,,0.9553650617599487,,,,0.875,,,,,,,,,
13244000,3311,2.0,,1.0453200340270996,,,,2.0,,,,,,,,,
13248000,3312,1.625,,0.8089017868041992,,,,1.625,,,,,,,,,
13252000,3313,1.875,,0.988610565662384,,,,1.875,,,,,,,,,
13256000,3314,1.125,,0.9106419086456299,,,,1.125,,,,,,,,,
13260000,3315,0.75,,0.8693566918373108,,,,0.75,,,,,,,,,
13264000,3316,0.375,,0.99160236120224,,,,0.375,,,,,,,,,
13268000,3317,0.625,,0.972423791885376,,,,0.625,,,,,,,,,
13272000,3318,0.375,,0.9950190782546997,,,,0.375,,,,,,,,,
13276000,3319,0.5,,1.1103285551071167,,,,0.5,,,,,,,,,
13280000,3320,1.75,,1.0734272003173828,,,,1.75,,,,,,,,,
13284000,3321,1.0,,0.9472314119338989,,,,1.0,,,,,,,,,
13288000,3322,1.0,,0.936370849609375,,,,1.0,,,,,,,,,
13292000,3323,2.125,,0.8461276292800903,,,,2.125,,,,,,,,,
13296000,3324,2.0,,0.9398272037506104,,,,2.0,,,,,,,,,
13300000,3325,2.25,,0.9128106832504272,,,,2.25,,,,,,,,,
13304000,3326,1.625,,0.9445486664772034,,,,1.625,,,,,,,,,
13308000,3327,0.75,,0.9919700622558594,,,,0.75,,,,,,,,,
13312000,3328,0.625,,0.8871092200279236,,,,0.625,,,,,,,,,
13316000,3329,0.5,,1.0378421545028687,,,,0.5,,,,,,,,,
13320000,3330,0.875,,1.0471713542938232,,,,0.875,,,,,,,,,
13324000,3331,0.75,,0.93016517162323,,,,0.75,,,,,,,,,
13328000,3332,0.125,,0.9366210699081421,,,,0.125,,,,,,,,,
13332000,3333,1.0,,0.8908400535583496,,,,1.0,,,,,,,,,
13336000,3334,1.25,,0.9097199440002441,,,,1.25,,,,,,,,,
13340000,3335,2.125,,0.8293734788894653,,,,2.125,,,,,,,,,
13344000,3336,2.375,,0.9143756628036499,,,,2.375,,,,,,,,,
13348000,3337,2.0,,0.9010454416275024,,,,2.0,,,,,,,,,
13352000,3338,1.625,,0.9283440113067627,,,,1.625,,,,,,,,,
13356000,3339,1.375,,0.9274157285690308,,,,1.375,,,,,,,,,
13360000,3340,0.75,,1.0319523811340332,,,,0.75,,,,,,,,,
13364000,3341,0.875,,0.9464173913002014,,,,0.875,,,,,,,,,
13368000,3342,0.75,,0.9416388273239136,,,,0.75,,,,,,,,,
13372000,3343,0.875,,0.9444639086723328,,,,0.875,,,,,,,,,
13376000,3344,0.75,,0.9945274591445923,,,,0.75,,,,,,,,,
13380000,3345,0.625,,0.9337191581726074,,,,0.625,,,,,,,,,
13384000,3346,1.0,,0.9665651321411133,,,,1.0,,,,,,,,,
13388000,3347,1.875,,0.9287792444229126,,,,1.875,,,,,,,,,
13392000,3348,1.75,,0.9554945230484009,,,,1.75,,,,,,,,,
13396000,3349,1.625,,0.932603120803833,,,,1.625,,,,,,,,,
13400000,3350,1.125,,0.9596471786499023,,,,1.125,,,,,,,,,
13404000,3351,1.0,,0.9904085397720337,,,,1.0,,,,,,,,,
13408000,3352,0.625,,0.9114792346954346,,,,0.625,,,,,,,,,
13412000,3353,0.875,,1.001859188079834,,,,0.875,,,,,,,,,
13416000,3354,1.125,,0.905857503414154,,,,1.125,,,,,,,,,
13420000,3355,0.75,,0.9573675394058228,,,,0.75,,,,,,,,,
13424000,3356,0.375,,0.8829294443130493,,,,0.375,,,,,,,,,
13428000,3357,0.875,,0.8977625370025635,,,,0.875,,,,,,,,,
13432000,3358,1.5,,0.9958566427230835,,,,1.5,,,,,,,,,
13436000,3359,2.0,,0.8968421220779419,,,,2.0,,,,,,,,,
13440000,3360,2.0,,1.0038621425628662,,,,2.0,,,,,,,,,
13444000,3361,2.625,,0.985063910484314,,,,2.625,,,,,,,,,
13448000,3362,1.75,,0.8786137104034424,,,,1.75,,,,,,,,,
13452000,3363,2.125,,0.9930673241615295,,,,2.125,,,,,,,,,
13456000,3364,1.25,,0.9983006119728088,,,,1.25,,,,,,,,,
13460000,3365,1.375,,1.0210134983062744,,,,1.375,,,,,,,,,
13464000,3366,1.25,,1.0648670196533203,,,,1.25,,,,,,,,,
13468000,3367,0.5,,0.9967371225357056,,,,0.5,,,,,,,,,
13472000,3368,0.75,,1.0481481552124023,,,,0.75,,,,,,,,,
13476000,3369,1.0,,1.045080542564392,,,,1.0,,,,,,,,,
13480000,3370,1.125,,1.0459914207458496,,,,1.125,,,,,,,,,
13484000,3371,0.25,,1.0264962911605835,,,,0.25,,,,,,,,,
13488000,3372,1.375,,1.0149331092834473,,,,1.375,,,,,,,,,
13492000,3373,0.625,,0.9025503396987915,,,,0.625,,,,,,,,,
13496000,3374,1.75,,0.9280353784561157,,,,1.75,,,,,,,,,
13500000,3375,1.875,,0.9284843802452087,,,,1.875,,,,,,,,,
13504000,3376,0.75,,0.9621061682701111,,,,0.75,,,,,,,,,
13508000,3377,1.125,,0.8495216965675354,,,,1.125,,,,,,,,,
13512000,3378,0.625,,0.8981869220733643,,,,0.625,,,,,,,,,
13516000,3379,0.25,,0.902319073677063,,,,0.25,,,,,,,,,
13520000,3380,0.375,,0.8832186460494995,,,,0.375,,,,,,,,,
13524000,3381,1.25,,0.835781455039978,,,,1.25,,,,,,,,,
13528000,3382,1.75,,0.9043923020362854,,,,1.75,,,,,,,,,
13532000,3383,2.75,,0.9059268236160278,,,,2.75,,,,,,,,,
13536000,3384,2.375,,0.9818680286407471,,,,2.375,,,,,,,,,
13540000,3385,2.25,,0.9447417855262756,,,,2.25,,,,,,,,,
13544000,3386,1.25,,0.8979083299636841,,,,1.25,,,,,,,,,
13548000,3387,1.75,,0.9202769994735718,,,,1.75,,,,,,,,,
13552000,3388,2.375,,0.9866794347763062,,,,2.375,,,,,,,,,
13556000,3389,2.0,,0.9744399189949036,,,,2.0,,,,,,,,,
13560000,3390,1.5,,0.8836610317230225,,,,1.5,,,,,,,,,
13564000,3391,0.125,,0.9842580556869507,,,,0.125,,,,,,,,,
13568000,3392,1.125,,1.0987448692321777,,,,1.125,,,,,,,,,
13572000,3393,2.375,,1.0789539813995361,,,,2.375,,,,,,,,,
13576000,3394,2.0,,1.0843303203582764,,,,2.0,,,,,,,,,
13580000,3395,2.375,,1.0537892580032349,,,,2.375,,,,,,,,,
13584000,3396,2.375,,1.079741358757019,,,,2.375,,,,,,,,,
13588000,3397,2.625,,1.0518927574157715,,,,2.625,,,,,,,,,
13592000,3398,2.5,,1.0243228673934937,,,,2.5,,,,,,,,,
13596000,3399,2.375,,1.0563228130340576,,,,2.375,,,,,,,,,
13600000,3400,1.75,,1.102631688117981,,,,1.75,,,,,,,,,
13604000,3401,1.625,,1.0490608215332031,,,,1.625,,,,,,,,,
13608000,3402,1.125,,0.90992271900177,,,,1.125,,,,,,,,,
13612000,3403,0.625,,1.0442254543304443,,,,0.625,,,,,,,,,
13616000,3404,0.625,,1.0107210874557495,,,,0.625,,,,,,,,,
13620000,3405,0.5,,1.0408868789672852,,,,0.5,,,,,,,,,
13624000,3406,2.5,,1.0381851196289062,,,,2.5,,,,,,,,,
13628000,3407,1.25,,0.9626466035842896,,,,1.25,,,,,,,,,
13632000,3408,2.375,,1.0568382740020752,,,,2.375,,,,,,,,,
13636000,3409,2.0,,1.0470370054244995,,,,2.0,,,,,,,,,
13640000,3410,2.375,,1.0012145042419434,,,,2.375,,,,,,,,,
13644000,3411,2.125,,1.0212538242340088,,,,2.125,,,,,,,,,
13648000,3412,2.125,,1.0846076011657715,,,,2.125,,,,,,,,,
13652000,3413,3.125,,1.0737088918685913,,,,3.125,,,,,,,,,
13656000,3414,2.625,,1.2464895248413086,,,,2.625,,,,,,,,,
13660000,3415,2.5,,1.2341707944869995,,,,2.5,,,,,,,,,
13664000,3416,0.75,,1.1616705656051636,,,,0.75,,,,,,,,,
13668000,3417,1.875,,1.2388920783996582,,,,1.875,,,,,,,,,
13672000,3418,0.625,,1.1730936765670776,,,,0.625,,,,,,,,,
13676000,3419,1.875,,1.1598204374313354,,,,1.875,,,,,,,,,
13680000,3420,1.125,,1.0959551334381104,,,,1.125,,,,,,,,,
13684000,3421,1.125,,1.0982896089553833,,,,1.125,,,,,,,,,
13688000,3422,2.5,,1.2682909965515137,,,,2.5,,,,,,,,,
13692000,3423,2.375,,1.1287715435028076,,,,2.375,,,,,,,,,
13696000,3424,1.75,,1.146787405014038,,,,1.75,,,,,,,,,
13700000,3425,1.375,,1.1386250257492065,,,,1.375,,,,,,,,,
13704000,3426,1.625,,1.1286845207214355,,,,1.625,,,,,,,,,
13708000,3427,1.0,,1.1307978630065918,,,,1.0,,,,,,,,,
13712000,3428,0.75,,1.1190273761749268,,,,0.75,,,,,,,,,
13716000,3429,1.0,,1.0596860647201538,,,,1.0,,,,,,,,,
13720000,3430,1.125,,1.1688097715377808,,,,1.125,,,,,,,,,
13724000,3431,1.375,,1.0680344104766846,,,,1.375,,,,,,,,,
13728000,3432,1.375,,1.1328086853027344,,,,1.375,,,,,,,,,
13732000,3433,3.25,,1.1227304935455322,,,,3.25,,,,,,,,,
13736000,3434,2.75,,1.0950461626052856,,,,2.75,,,,,,,,,
13740000,3435,2.5,,1.078264594078064,,,,2.5,,,,,,,,,
13744000,3436,3.25,,1.161982774734497,,,,3.25,,,,,,,,,
13748000,3437,2.25,,1.201440453529358,,,,2.25,,,,,,,,,
13752000,3438,3.5,,1.2676432132720947,,,,3.5,,,,,,,,,
13756000,3439,3.375,,1.2890374660491943,,,,3.375,,,,,,,,,
13760000,3440,2.375,,1.3876397609710693,,,,2.375,,,,,,,,,
13764000,3441,3.25,,1.3386192321777344,,,,3.25,,,,,,,,,
13768000,3442,1.875,,1.2051818370819092,,,,1.875,,,,,,,,,
13772000,3443,2.125,,1.2239795923233032,,,,2.125,,,,,,,,,
13776000,3444,1.125,,1.283236026763916,,,,1.125,,,,,,,,,
13780000,3445,2.0,,1.3443324565887451,,,,2.0,,,,,,,,,
13784000,3446,1.875,,1.2468992471694946,,,,1.875,,,,,,,,,
13788000,3447,2.625,,1.1676366329193115,,,,2.625,,,,,,,,,
13792000,3448,1.625,,1.2293059825897217,,,,1.625,,,,,,,,,
13796000,3449,1.875,,1.3390800952911377,,,,1.875,,,,,,,,,
13800000,3450,1.375,,1.312308430671692,,,,1.375,,,,,,,,,
13804000,3451,0.25,,1.376896619796753,,,,0.25,,,,,,,,,
13808000,3452,1.25,,1.2650227546691895,,,,1.25,,,,,,,,,
13812000,3453,1.625,,1.2394626140594482,,,,1.625,,,,,,,,,
13816000,3454,0.25,,1.2517011165618896,,,,0.25,,,,,,,,,
13820000,3455,2.5,,1.1753244400024414,,,,2.5,,,,,,,,,
13824000,3456,1.5,,1.1648043394088745,,,,1.5,,,,,,,,,
13828000,3457,2.0,,1.2359997034072876,,,,2.0,,,,,,,,,
13832000,3458,1.75,,1.1807003021240234,,,,1.75,,,,,,,,,
13836000,3459,2.25,,1.4104368686676025,,,,2.25,,,,,,,,,
13840000,3460,2.125,,1.265561580657959,,,,2.125,,,,,,,,,
13844000,3461,1.5,,1.2689845561981201,,,,1.5,,,,,,,,,
13848000,3462,1.75,,1.2758738994598389,,,,1.75,,,,,,,,,
13852000,3463,1.25,,1.3691962957382202,,,,1.25,,,,,,,,,
13856000,3464,1.375,,1.3052054643630981,,,,1.375,,,,,,,,,
13860000,3465,3.0,,1.1825757026672363,,,,3.0,,,,,,,,,
13864000,3466,1.375,,1.3356313705444336,,,,1.375,,,,,,,,,
13868000,3467,2.875,,1.3292828798294067,,,,2.875,,,,,,,,,
13872000,3468,3.5,,1.2414401769638062,,,,3.5,,,,,,,,,
13876000,3469,2.5,,1.2468411922454834,,,,2.5,,,,,,,,,
13880000,3470,2.75,,1.30165696144104,,,,2.75,,,,,,,,,
13884000,3471,1.625,,1.3506407737731934,,,,1.625,,,,,,,,,
13888000,3472,1.5,,1.3295457363128662,,,,1.5,,,,,,,,,
13892000,3473,1.25,,1.305687665939331,,,,1.25,,,,,,,,,
13896000,3474,0.5,,1.4239407777786255,,,,0.5,,,,,,,,,
13900000,3475,0.5,,1.2723593711853027,,,,0.5,,,,,,,,,
13904000,3476,0.75,,1.4118541479110718,,,,0.75,,,,,,,,,
13908000,3477,0.75,,1.3050180673599243,,,,0.75,,,,,,,,,
13912000,3478,1.875,,1.3444722890853882,,,,1.875,,,,,,,,,
13916000,3479,1.875,,1.3069031238555908,,,,1.875,,,,,,,,,
13920000,3480,3.375,,1.3163623809814453,,,,3.375,,,,,,,,,
13924000,3481,2.0,,1.333571195602417,,,,2.0,,,,,,,,,
13928000,3482,2.875,,1.2914159297943115,,,,2.875,,,,,,,,,
13932000,3483,1.625,,1.4004963636398315,,,,1.625,,,,,,,,,
13936000,3484,1.625,,1.3115184307098389,,,,1.625,,,,,,,,,
13940000,3485,1.25,,1.3494822978973389,,,,1.25,,,,,,,,,
13944000,3486,1.75,,1.34755539894104,,,,1.75,,,,,,,,,
13948000,3487,3.0,,1.3695600032806396,,,,3.0,,,,,,,,,
13952000,3488,1.75,,1.44138503074646,,,,1.75,,,,,,,,,
13956000,3489,2.125,,1.1925783157348633,,,,2.125,,,,,,,,,
13960000,3490,1.125,,1.3402125835418701,,,,1.125,,,,,,,,,
13964000,3491,2.375,,1.4738558530807495,,,,2.375,,,,,,,,,
13968000,3492,3.0,,1.3425202369689941,,,,3.0,,,,,,,,,
13972000,3493,1.875,,1.4262983798980713,,,,1.875,,,,,,,,,
13976000,3494,2.25,,1.4017136096954346,,,,2.25,,,,,,,,,
13980000,3495,2.375,,1.4501008987426758,,,,2.375,,,,,,,,,
13984000,3496,1.0,,1.4228477478027344,,,,1.0,,,,,,,,,
13988000,3497,0.875,,1.376779317855835,,,,0.875,,,,,,,,,
13992000,3498,1.625,,1.4440162181854248,,,,1.625,,,,,,,,,
13996000,3499,2.75,,1.442206621170044,,,,2.75,,,,,,,,,
14000000,3500,1.5,,1.4068714380264282,,,,1.5,,,,,,,,,
14004000,3501,3.125,,1.4278392791748047,,,,3.125,,,,,,,,,
14008000,3502,2.5,,1.4286446571350098,,,,2.5,,,,,,,,,
14012000,3503,2.75,,1.4495267868041992,,,,2.75,,,,,,,,,
14016000,3504,3.625,,1.4405758380889893,,,,3.625,,,,,,,,,
14020000,3505,2.875,,1.6063759326934814,,,,2.875,,,,,,,,,
14024000,3506,3.0,,1.5224055051803589,,,,3.0,,,,,,,,,
14028000,3507,0.75,,1.36572265625,,,,0.75,,,,,,,,,
14032000,3508,2.875,,1.5615063905715942,,,,2.875,,,,,,,,,
14036000,3509,1.625,,1.5267022848129272,,,,1.625,,,,,,,,,
14040000,3510,3.625,,1.4549617767333984,,,,3.625,,,,,,,,,
14044000,3511,2.5,,1.5210461616516113,,,,2.5,,,,,,,,,
14048000,3512,2.625,,1.5124564170837402,,,,2.625,,,,,,,,,
14052000,3513,2.75,,1.4790645837783813,,,,2.75,,,,,,,,,
14056000,3514,1.875,,1.5326566696166992,,,,1.875,,,,,,,,,
14060000,3515,1.0,,1.415961742401123,,,,1.0,,,,,,,,,
14064000,3516,1.25,,1.4829678535461426,,,,1.25,,,,,,,,,
14068000,3517,2.75,,1.4503486156463623,,,,2.75,,,,,,,,,
14072000,3518,1.5,,1.5737425088882446,,,,1.5,,,,,,,,,
14076000,3519,3.125,,1.5245606899261475,,,,3.125,,,,,,,,,
14080000,3520,2.375,,1.443162202835083,,,,2.375,,,,,,,,,
14084000,3521,2.625,,1.4317189455032349,,,,2.625,,,,,,,,,
14088000,3522,2.0,,1.4996542930603027,,,,2.0,,,,,,,,,
14092000,3523,3.625,,1.5680650472640991,,,,3.625,,,,,,,,,
14096000,3524,3.625,,1.5544934272766113,,,,3.625,,,,,,,,,
14100000,3525,3.25,,1.5206762552261353,,,,3.25,,,,,,,,,
14104000,3526,1.75,,1.4881584644317627,,,,1.75,,,,,,,,,
14108000,3527,1.5,,1.5608999729156494,,,,1.5,,,,,,,,,
14112000,3528,1.75,,1.5449538230895996,,,,1.75,,,,,,,,,
14116000,3529,2.25,,1.5666329860687256,,,,2.25,,,,,,,,,
14120000,3530,1.125,,1.7165271043777466,,,,1.125,,,,,,,,,
14124000,3531,1.625,,1.6329069137573242,,,,1.625,,,,,,,,,
14128000,3532,1.375,,1.5160795450210571,,,,1.375,,,,,,,,,
14132000,3533,2.375,,1.5677119493484497,,,,2.375,,,,,,,,,
14136000,3534,1.875,,1.5907613039016724,,,,1.875,,,,,,,,,
14140000,3535,1.5,,1.5377473831176758,,,,1.5,,,,,,,,,
14144000,3536,1.0,,1.556104302406311,,,,1.0,,,,,,,,,
14148000,3537,1.625,,1.4969801902770996,,,,1.625,,,,,,,,,
14152000,3538,0.75,,1.521223783493042,,,,0.75,,,,,,,,,
14156000,3539,0.25,,1.5294866561889648,,,,0.25,,,,,,,,,
14160000,3540,1.875,,1.509666919708252,,,,1.875,,,,,,,,,
14164000,3541,0.875,,1.4051313400268555,,,,0.875,,,,,,,,,
14168000,3542,2.5,,1.512009620666504,,,,2.5,,,,,,,,,
14172000,3543,2.5,,1.5317671298980713,,,,2.5,,,,,,,,,
14176000,3544,2.25,,1.429609775543213,,,,2.25,,,,,,,,,
14180000,3545,2.875,,1.4318451881408691,,,,2.875,,,,,,,,,
14184000,3546,2.5,,1.530109167098999,,,,2.5,,,,,,,,,
14188000,3547,2.875,,1.4969806671142578,,,,2.875,,,,,,,,,
14192000,3548,2.0,,1.5020654201507568,,,,2.0,,,,,,,,,
14196000,3549,2.0,,1.626298189163208,,,,2.0,,,,,,,,,
14200000,3550,1.125,,1.5095043182373047,,,,1.125,,,,,,,,,
14204000,3551,1.75,,1.5759546756744385,,,,1.75,,,,,,,,,
14208000,3552,3.0,,1.519723653793335,,,,3.0,,,,,,,,,
14212000,3553,2.5,,1.492239236831665,,,,2.5,,,,,,,,,
14216000,3554,2.25,,1.4727709293365479,,,,2.25,,,,,,,,,
14220000,3555,3.0,,1.4103103876113892,,,,3.0,,,,,,,,,
14224000,3556,1.625,,1.5238275527954102,,,,1.625,,,,,,,,,
14228000,3557,2.625,,1.5530587434768677,,,,2.625,,,,,,,,,
14232000,3558,0.875,,1.5738565921783447,,,,0.875,,,,,,,,,
14236000,3559,2.0,,1.5293803215026855,,,,2.0,,,,,,,,,
14240000,3560,2.625,,1.5608751773834229,,,,2.625,,,,,,,,,
14244000,3561,2.625,,1.495367169380188,,,,2.625,,,,,,,,,
14248000,3562,1.75,,1.498819351196289,,,,1.75,,,,,,,,,
14252000,3563,2.375,,1.5079355239868164,,,,2.375,,,,,,,,,
14256000,3564,2.625,,1.5257488489151,,,,2.625,,,,,,,,,
14260000,3565,3.25,,1.5184506177902222,,,,3.25,,,,,,,,,
14264000,3566,3.375,,1.6154942512512207,,,,3.375,,,,,,,,,
14268000,3567,3.5,,1.459204912185669,,,,3.5,,,,,,,,,
14272000,3568,2.625,,1.4531822204589844,,,,2.625,,,,,,,,,
14276000,3569,3.0,,1.5565695762634277,,,,3.0,,,,,,,,,
14280000,3570,2.5,,1.5520260334014893,,,,2.5,,,,,,,,,
14284000,3571,3.0,,1.4992022514343262,,,,3.0,,,,,,,,,
14288000,3572,2.5,,1.6172364950180054,,,,2.5,,,,,,,,,
14292000,3573,3.875,,1.544958472251892,,,,3.875,,,,,,,,,
14296000,3574,3.125,,1.5978467464447021,,,,3.125,,,,,,,,,
14300000,3575,4.125,,1.5078965425491333,,,,4.125,,,,,,,,,
14304000,3576,3.125,,1.647674560546875,,,,3.125,,,,,,,,,
14308000,3577,3.375,,1.6186089515686035,,,,3.375,,,,,,,,,
14312000,3578,3.5,,1.6185107231140137,,,,3.5,,,,,,,,,
14316000,3579,2.625,,1.5990562438964844,,,,2.625,,,,,,,,,
14320000,3580,1.875,,1.6271352767944336,,,,1.875,,,,,,,,,
14324000,3581,3.25,,1.609565258026123,,,,3.25,,,,,,,,,
14328000,3582,3.25,,1.6226050853729248,,,,3.25,,,,,,,,,
14332000,3583,3.75,,1.5570080280303955,,,,3.75,,,,,,,,,
14336000,3584,3.5,,1.7426822185516357,,,,3.5,,,,,,,,,
14340000,3585,3.375,,1.6851742267608643,,,,3.375,,,,,,,,,
14344000,3586,3.5,,1.6905996799468994,,,,3.5,,,,,,,,,
14348000,3587,3.375,,1.7151246070861816,,,,3.375,,,,,,,,,
14352000,3588,3.5,,1.6874253749847412,,,,3.5,,,,,,,,,
14356000,3589,2.625,,1.6564221382141113,,,,2.625,,,,,,,,,
14360000,3590,3.375,,1.81770658493042,,,,3.375,,,,,,,,,
14364000,3591,2.5,,1.5912269353866577,,,,2.5,,,,,,,,,
14368000,3592,3.625,,1.6470650434494019,,,,3.625,,,,,,,,,
14372000,3593,2.125,,1.643247127532959,,,,2.125,,,,,,,,,
14376000,3594,2.125,,1.5853893756866455,,,,2.125,,,,,,,,,
14380000,3595,2.0,,1.7215266227722168,,,,2.0,,,,,,,,,
14384000,3596,3.5,,1.723572015762329,,,,3.5,,,,,,,,,
14388000,3597,3.625,,1.695682168006897,,,,3.625,,,,,,,,,
14392000,3598,3.0,,1.7473057508468628,,,,3.0,,,,,,,,,
14396000,3599,2.875,,1.7370777130126953,,,,2.875,,,,,,,,,
14400000,3600,3.25,,1.7426412105560303,,,,3.25,,,,,,,,,
14404000,3601,3.25,,1.7018468379974365,,,,3.25,,,,,,,,,
14408000,3602,2.875,,1.83332097530365,,,,2.875,,,,,,,,,
14412000,3603,3.75,,1.7753443717956543,,,,3.75,,,,,,,,,
14416000,3604,3.5,,1.8999841213226318,,,,3.5,,,,,,,,,
14420000,3605,3.5,,1.8838735818862915,,,,3.5,,,,,,,,,
14424000,3606,3.375,,1.818966031074524,,,,3.375,,,,,,,,,
14428000,3607,3.75,,1.7943673133850098,,,,3.75,,,,,,,,,
14432000,3608,3.875,,1.762552261352539,,,,3.875,,,,,,,,,
14436000,3609,3.75,,1.8829444646835327,,,,3.75,,,,,,,,,
14440000,3610,4.125,,1.7420806884765625,,,,4.125,,,,,,,,,
14444000,3611,2.125,,1.8230419158935547,,,,2.125,,,,,,,,,
14448000,3612,3.875,,1.918595314025879,,,,3.875,,,,,,,,,
14452000,3613,4.125,,1.8578691482543945,,,,4.125,,,,,,,,,
14456000,3614,4.375,,1.8697794675827026,,,,4.375,,,,,,,,,
14460000,3615,3.625,,1.9265952110290527,,,,3.625,,,,,,,,,
14464000,3616,4.375,,1.8409538269042969,,,,4.375,,,,,,,,,
14468000,3617,3.875,,2.0054032802581787,,,,3.875,,,,,,,,,
14472000,3618,3.875,,1.9889206886291504,,,,3.875,,,,,,,,,
14476000,3619,3.75,,1.9434643983840942,,,,3.75,,,,,,,,,
14480000,3620,3.5,,2.024376153945923,,,,3.5,,,,,,,,,
14484000,3621,3.5,,1.8686325550079346,,,,3.5,,,,,,,,,
14488000,3622,3.125,,1.9990299940109253,,,,3.125,,,,,,,,,
14492000,3623,3.875,,1.986846923828125,,,,3.875,,,,,,,,,
14496000,3624,3.375,,2.0329384803771973,,,,3.375,,,,,,,,,
14500000,3625,4.0,,2.1446495056152344,,,,4.0,,,,,,,,,
14504000,3626,3.5,,2.027543067932129,,,,3.5,,,,,,,,,
14508000,3627,3.5,,2.08095383644104,,,,3.5,,,,,,,,,
14512000,3628,4.125,,2.06050181388855,,,,4.125,,,,,,,,,
14516000,3629,3.75,,2.141223669052124,,,,3.75,,,,,,,,,
14520000,3630,3.375,,2.1472764015197754,,,,3.375,,,,,,,,,
14524000,3631,3.5,,2.030182361602783,,,,3.5,,,,,,,,,
14528000,3632,3.125,,1.9954267740249634,,,,3.125,,,,,,,,,
14532000,3633,3.25,,1.9196882247924805,,,,3.25,,,,,,,,,
14536000,3634,2.375,,2.066957950592041,,,,2.375,,,,,,,,,
14540000,3635,3.375,,2.0090537071228027,,,,3.375,,,,,,,,,
14544000,3636,2.5,,2.049394130706787,,,,2.5,,,,,,,,,
14548000,3637,2.375,,2.05049729347229,,,,2.375,,,,,,,,,
14552000,3638,3.125,,2.0104293823242188,,,,3.125,,,,,,,,,
14556000,3639,3.25,,2.1703810691833496,,,,3.25,,,,,,,,,
14560000,3640,3.125,,2.058837652206421,,,,3.125,,,,,,,,,
14564000,3641,3.875,,2.011035919189453,,,,3.875,,,,,,,,,
14568000,3642,2.375,,2.1508758068084717,,,,2.375,,,,,,,,,
14572000,3643,4.0,,2.0002803802490234,,,,4.0,,,,,,,,,
14576000,3644,2.125,,2.1183862686157227,,,,2.125,,,,,,,,,
14580000,3645,2.875,,1.9580421447753906,,,,2.875,,,,,,,,,
14584000,3646,2.625,,2.1484031677246094,,,,2.625,,,,,,,,,
14588000,3647,2.875,,2.067863941192627,,,,2.875,,,,,,,,,
14592000,3648,3.375,,2.0578742027282715,,,,3.375,,,,,,,,,
14596000,3649,2.875,,2.149195671081543,,,,2.875,,,,,,,,,
14600000,3650,3.25,,1.9749536514282227,,,,3.25,,,,,,,,,
14604000,3651,2.75,,2.1294775009155273,,,,2.75,,,,,,,,,
14608000,3652,3.75,,2.05696702003479,,,,3.75,,,,,,,,,
14612000,3653,3.125,,2.150644302368164,,,,3.125,,,,,,,,,
14616000,3654,3.125,,2.0489540100097656,,,,3.125,,,,,,,,,
14620000,3655,2.875,,2.136532783508301,,,,2.875,,,,,,,,,
14624000,3656,3.375,,2.1387858390808105,,,,3.375,,,,,,,,,
14628000,3657,3.875,,2.2586915493011475,,,,3.875,,,,,,,,,
14632000,3658,3.625,,2.176097869873047,,,,3.625,,,,,,,,,
14636000,3659,3.875,,2.2296605110168457,,,,3.875,,,,,,,,,
14640000,3660,3.25,,2.173760414123535,,,,3.25,,,,,,,,,
14644000,3661,4.375,,2.036954402923584,,,,4.375,,,,,,,,,
14648000,3662,2.25,,2.14882755279541,,,,2.25,,,,,,,,,
14652000,3663,3.125,,2.160834550857544,,,,3.125,,,,,,,,,
14656000,3664,3.75,,2.261040449142456,,,,3.75,,,,,,,,,
14660000,3665,3.5,,2.1343817710876465,,,,3.5,,,,,,,,,
14664000,3666,3.5,,2.241452217102051,,,,3.5,,,,,,,,,
14668000,3667,4.0,,2.252319812774658,,,,4.0,,,,,,,,,
14672000,3668,3.5,,2.2413299083709717,,,,3.5,,,,,,,,,
14676000,3669,3.125,,2.20396089553833,,,,3.125,,,,,,,,,
14680000,3670,3.25,,2.2871780395507812,,,,3.25,,,,,,,,,
14684000,3671,3.625,,2.319638729095459,,,,3.625,,,,,,,,,
14688000,3672,2.25,,2.190886974334717,,,,2.25,,,,,,,,,
14692000,3673,3.375,,2.3389227390289307,,,,3.375,,,,,,,,,
14696000,3674,3.5,,2.1963233947753906,,,,3.5,,,,,,,,,
14700000,3675,3.25,,2.2267251014709473,,,,3.25,,,,,,,,,
14704000,3676,3.25,,2.162057876586914,,,,3.25,,,,,,,,,
14708000,3677,4.0,,2.3005404472351074,,,,4.0,,,,,,,,,
14712000,3678,3.625,,2.330791473388672,,,,3.625,,,,,,,,,
14716000,3679,3.0,,2.2307276725769043,,,,3.0,,,,,,,,,
14720000,3680,4.0,,2.385878562927246,,,,4.0,,,,,,,,,
14724000,3681,3.625,,2.3516154289245605,,,,3.625,,,,,,,,,
14728000,3682,2.875,,2.2567524909973145,,,,2.875,,,,,,,,,
14732000,3683,3.625,,2.3817880153656006,,,,3.625,,,,,,,,,
14736000,3684,3.625,,2.3637633323669434,,,,3.625,,,,,,,,,
14740000,3685,3.125,,2.2964696884155273,,,,3.125,,,,,,,,,
14744000,3686,3.125,,2.4195139408111572,,,,3.125,,,,,,,,,
14748000,3687,3.875,,2.327760696411133,,,,3.875,,,,,,,,,
14752000,3688,3.875,,2.3488552570343018,,,,3.875,,,,,,,,,
14756000,3689,3.125,,2.2206335067749023,,,,3.125,,,,,,,,,
14760000,3690,2.875,,2.315979480743408,,,,2.875,,,,,,,,,
14764000,3691,2.875,,2.2905192375183105,,,,2.875,,,,,,,,,
14768000,3692,3.625,,2.408168315887451,,,,3.625,,,,,,,,,
14772000,3693,3.75,,2.2989864349365234,,,,3.75,,,,,,,,,
14776000,3694,3.5,,2.2810959815979004,,,,3.5,,,,,,,,,
14780000,3695,3.875,,2.425917625427246,,,,3.875,,,,,,,,,
14784000,3696,3.5,,2.4144108295440674,,,,3.5,,,,,,,,,
14788000,3697,4.125,,2.380952835083008,,,,4.125,,,,,,,,,
14792000,3698,3.125,,2.351761817932129,,,,3.125,,,,,,,,,
14796000,3699,3.75,,2.4397106170654297,,,,3.75,,,,,,,,,
14800000,3700,4.25,,2.352410316467285,,,,4.25,,,,,,,,,
14804000,3701,4.125,,2.379420757293701,,,,4.125,,,,,,,,,
14808000,3702,3.875,,2.353400707244873,,,,3.875,,,,,,,,,
14812000,3703,4.0,,2.3423478603363037,,,,4.0,,,,,,,,,
14816000,3704,3.375,,2.2983884811401367,,,,3.375,,,,,,,,,
14820000,3705,4.0,,2.2706143856048584,,,,4.0,,,,,,,,,
14824000,3706,2.75,,2.33636474609375,,,,2.75,,,,,,,,,
14828000,3707,4.0,,2.3948984146118164,,,,4.0,,,,,,,,,
14832000,3708,3.75,,2.4146413803100586,,,,3.75,,,,,,,,,
14836000,3709,4.0,,2.3564271926879883,,,,4.0,,,,,,,,,
14840000,3710,4.0,,2.390626907348633,,,,4.0,,,,,,,,,
14844000,3711,3.875,,2.321929931640625,,,,3.875,,,,,,,,,
14848000,3712,3.25,,2.3131356239318848,,,,3.25,,,,,,,,,
14852000,3713,3.375,,2.2801451683044434,,,,3.375,,,,,,,,,
14856000,3714,4.0,,2.341092348098755,,,,4.0,,,,,,,,,
14860000,3715,3.5,,2.411421775817871,,,,3.5,,,,,,,,,
14864000,3716,3.75,,2.3018877506256104,,,,3.75,,,,,,,,,
14868000,3717,3.625,,2.3761000633239746,,,,3.625,,,,,,,,,
14872000,3718,3.75,,2.3249502182006836,,,,3.75,,,,,,,,,
14876000,3719,3.5,,2.4577383995056152,,,,3.5,,,,,,,,,
14880000,3720,3.875,,2.3296241760253906,,,,3.875,,,,,,,,,
14884000,3721,4.0,,2.4335312843322754,,,,4.0,,,,,,,,,
14888000,3722,3.625,,2.355276584625244,,,,3.625,,,,,,,,,
14892000,3723,2.5,,2.333192825317383,,,,2.5,,,,,,,,,
14896000,3724,3.875,,2.3470559120178223,,,,3.875,,,,,,,,,
14900000,3725,3.75,,2.3988699913024902,,,,3.75,,,,,,,,,
14904000,3726,4.0,,2.3657732009887695,,,,4.0,,,,,,,,,
14908000,3727,2.75,,2.4070582389831543,,,,2.75,,,,,,,,,
14912000,3728,3.875,,2.346611499786377,,,,3.875,,,,,,,,,
14916000,3729,2.875,,2.374094009399414,,,,2.875,,,,,,,,,
14920000,3730,3.0,,2.330296754837036,,,,3.0,,,,,,,,,
14924000,3731,3.625,,2.3500404357910156,,,,3.625,,,,,,,,,
14928000,3732,2.0,,2.3214755058288574,,,,2.0,,,,,,,,,
14932000,3733,3.625,,2.338012218475342,,,,3.625,,,,,,,,,
14936000,3734,3.875,,2.3979945182800293,,,,3.875,,,,,,,,,
14940000,3735,3.0,,2.2862048149108887,,,,3.0,,,,,,,,,
14944000,3736,3.375,,2.280043363571167,,,,3.375,,,,,,,,,
14948000,3737,3.125,,2.2965497970581055,,,,3.125,,,,,,,,,
14952000,3738,3.0,,2.3263111114501953,,,,3.0,,,,,,,,,
14956000,3739,3.5,,2.3491077423095703,,,,3.5,,,,,,,,,
14960000,3740,2.5,,2.355226993560791,,,,2.5,,,,,,,,,
14964000,3741,3.125,,2.3016743659973145,,,,3.125,,,,,,,,,
14968000,3742,3.125,,2.2936413288116455,,,,3.125,,,,,,,,,
14972000,3743,3.75,,2.321788787841797,,,,3.75,,,,,,,,,
14976000,3744,3.375,,2.2748191356658936,,,,3.375,,,,,,,,,
14980000,3745,2.625,,2.318537712097168,,,,2.625,,,,,,,,,
14984000,3746,3.875,,2.370870590209961,,,,3.875,,,,,,,,,
14988000,3747,2.375,,2.3367223739624023,,,,2.375,,,,,,,,,
14992000,3748,3.875,,2.3262009620666504,,,,3.875,,,,,,,,,
14996000,3749,3.875,,2.1545958518981934,,,,3.875,,,,,,,,,
15000000,3750,2.375,,2.3051986694335938,,,,2.375,,,,,,,,,
15004000,3751,4.0,,2.2050323486328125,,,,4.0,,,,,,,,,
15008000,3752,3.0,,2.224780559539795,,,,3.0,,,,,,,,,
15012000,3753,3.5,,2.2475240230560303,,,,3.5,,,,,,,,,
15016000,3754,3.375,,2.24283504486084,,,,3.375,,,,,,,,,
15020000,3755,3.625,,2.233099937438965,,,,3.625,,,,,,,,,
15024000,3756,3.625,,2.212674617767334,,,,3.625,,,,,,,,,
15028000,3757,3.5,,2.1188454627990723,,,,3.5,,,,,,,,,
15032000,3758,2.125,,2.304929733276367,,,,2.125,,,,,,,,,
15036000,3759,3.375,,2.257030487060547,,,,3.375,,,,,,,,,
15040000,3760,3.375,,2.2261557579040527,,,,3.375,,,,,,,,,
15044000,3761,3.875,,2.1826043128967285,,,,3.875,,,,,,,,,
15048000,3762,2.625,,2.264321804046631,,,,2.625,,,,,,,,,
15052000,3763,3.875,,2.228294849395752,,,,3.875,,,,,,,,,
15056000,3764,3.625,,2.288097381591797,,,,3.625,,,,,,,,,
15060000,3765,3.75,,2.2810654640197754,,,,3.75,,,,,,,,,
15064000,3766,4.25,,2.201171875,,,,4.25,,,,,,,,,
15068000,3767,3.875,,2.2747552394866943,,,,3.875,,,,,,,,,
15072000,3768,4.375,,2.306300401687622,,,,4.375,,,,,,,,,
15076000,3769,4.0,,2.3050994873046875,,,,4.0,,,,,,,,,
15080000,3770,4.0,,2.2744598388671875,,,,4.0,,,,,,,,,
15084000,3771,4.0,,2.2719364166259766,,,,4.0,,,,,,,,,
15088000,3772,3.75,,2.278719186782837,,,,3.75,,,,,,,,,
15092000,3773,3.875,,2.313490629196167,,,,3.875,,,,,,,,,
15096000,3774,4.0,,2.2654802799224854,,,,4.0,,,,,,,,,
15100000,3775,2.125,,2.253441333770752,,,,2.125,,,,,,,,,
15104000,3776,3.75,,2.2962474822998047,,,,3.75,,,,,,,,,
15108000,3777,3.875,,2.2088093757629395,,,,3.875,,,,,,,,,
15112000,3778,3.375,,2.2703285217285156,,,,3.375,,,,,,,,,
15116000,3779,3.75,,2.2890379428863525,,,,3.75,,,,,,,,,
15120000,3780,3.875,,2.3384695053100586,,,,3.875,,,,,,,,,
15124000,3781,3.875,,2.3563618659973145,,,,3.875,,,,,,,,,
15128000,3782,4.0,,2.252012252807617,,,,4.0,,,,,,,,,
15132000,3783,2.625,,2.26837158203125,,,,2.625,,,,,,,,,
15136000,3784,3.875,,2.323845624923706,,,,3.875,,,,,,,,,
15140000,3785,4.5,,2.286432981491089,,,,4.5,,,,,,,,,
15144000,3786,3.25,,2.3366949558258057,,,,3.25,,,,,,,,,
15148000,3787,4.25,,2.274118185043335,,,,4.25,,,,,,,,,
15152000,3788,4.0,,2.325957775115967,,,,4.0,,,,,,,,,
15156000,3789,4.0,,2.2736096382141113,,,,4.0,,,,,,,,,
15160000,3790,4.0,,2.235213041305542,,,,4.0,,,,,,,,,
15164000,3791,4.125,,2.2821524143218994,,,,4.125,,,,,,,,,
15168000,3792,4.0,,2.2904257774353027,,,,4.0,,,,,,,,,
15172000,3793,3.875,,2.3324947357177734,,,,3.875,,,,,,,,,
15176000,3794,4.0,,2.2545042037963867,,,,4.0,,,,,,,,,
15180000,3795,3.875,,2.269321918487549,,,,3.875,,,,,,,,,
15184000,3796,3.75,,2.2216367721557617,,,,3.75,,,,,,,,,
15188000,3797,3.625,,2.24133038520813,,,,3.625,,,,,,,,,
15192000,3798,4.0,,2.3255343437194824,,,,4.0,,,,,,,,,
15196000,3799,3.75,,2.259664297103882,,,,3.75,,,,,,,,,
15200000,3800,3.875,,2.277036666870117,,,,3.875,,,,,,,,,
15204000,3801,4.0,,2.3223648071289062,,,,4.0,,,,,,,,,
15208000,3802,3.875,,2.243626832962036,,,,3.875,,,,,,,,,
15212000,3803,4.125,,2.262510299682617,,,,4.125,,,,,,,,,
15216000,3804,4.0,,2.2881417274475098,,,,4.0,,,,,,,,,
15220000,3805,4.25,,2.303600788116455,,,,4.25,,,,,,,,,
15224000,3806,4.25,,2.2711851596832275,,,,4.25,,,,,,,,,
15228000,3807,4.0,,2.3559298515319824,,,,4.0,,,,,,,,,
15232000,3808,4.0,,2.379122734069824,,,,4.0,,,,,,,,,
15236000,3809,3.875,,2.2658824920654297,,,,3.875,,,,,,,,,
15240000,3810,2.75,,2.3668036460876465,,,,2.75,,,,,,,,,
15244000,3811,3.875,,2.3632633686065674,,,,3.875,,,,,,,,,
15248000,3812,4.125,,2.279299736022949,,,,4.125,,,,,,,,,
15252000,3813,4.0,,2.3269410133361816,,,,4.0,,,,,,,,,
15256000,3814,3.75,,2.237220287322998,,,,3.75,,,,,,,,,
15260000,3815,3.25,,2.262239933013916,,,,3.25,,,,,,,,,
15264000,3816,4.125,,2.393688917160034,,,,4.125,,,,,,,,,
15268000,3817,4.0,,2.3223626613616943,,,,4.0,,,,,,,,,
15272000,3818,3.5,,2.324655532836914,,,,3.5,,,,,,,,,
15276000,3819,3.75,,2.365783452987671,,,,3.75,,,,,,,,,
15280000,3820,3.875,,2.336235523223877,,,,3.875,,,,,,,,,
15284000,3821,4.375,,2.267317771911621,,,,4.375,,,,,,,,,
15288000,3822,4.25,,2.327742338180542,,,,4.25,,,,,,,,,
15292000,3823,3.75,,2.3665597438812256,,,,3.75,,,,,,,,,
15296000,3824,4.25,,2.286893367767334,,,,4.25,,,,,,,,,
15300000,3825,4.25,,2.336007595062256,,,,4.25,,,,,,,,,
15304000,3826,3.625,,2.3427538871765137,,,,3.625,,,,,,,,,
15308000,3827,4.25,,2.2999446392059326,,,,4.25,,,,,,,,,
15312000,3828,3.875,,2.2966792583465576,,,,3.875,,,,,,,,,
15316000,3829,3.375,,2.3350276947021484,,,,3.375,,,,,,,,,
15320000,3830,3.75,,2.3152143955230713,,,,3.75,,,,,,,,,
15324000,3831,3.875,,2.3261513710021973,,,,3.875,,,,,,,,,
15328000,3832,3.5,,2.3047266006469727,,,,3.5,,,,,,,,,
15332000,3833,4.0,,2.346513271331787,,,,4.0,,,,,,,,,
15336000,3834,3.75,,2.324171543121338,,,,3.75,,,,,,,,,
15340000,3835,3.625,,2.2679524421691895,,,,3.625,,,,,,,,,
15344000,3836,3.25,,2.24202036857605,,,,3.25,,,,,,,,,
15348000,3837,3.375,,2.2843477725982666,,,,3.375,,,,,,,,,
15352000,3838,3.75,,2.3240346908569336,,,,3.75,,,,,,,,,
15356000,3839,3.875,,2.331707000732422,,,,3.875,,,,,,,,,
15360000,3840,3.75,,2.3136749267578125,,,,3.75,,,,,,,,,
15364000,3841,3.5,,2.2302205562591553,,,,3.5,,,,,,,,,
15368000,3842,4.0,,2.2382407188415527,,,,4.0,,,,,,,,,
15372000,3843,3.5,,2.2532060146331787,,,,3.5,,,,,,,,,
15376000,3844,4.125,,2.27089262008667,,,,4.125,,,,,,,,,
15380000,3845,3.625,,2.3313231468200684,,,,3.625,,,,,,,,,
15384000,3846,4.25,,2.2900776863098145,,,,4.25,,,,,,,,,
15388000,3847,3.875,,2.2769699096679688,,,,3.875,,,,,,,,,
15392000,3848,4.0,,2.2526144981384277,,,,4.0,,,,,,,,,
15396000,3849,4.0,,2.287343978881836,,,,4.0,,,,,,,,,
15400000,3850,3.375,,2.2761478424072266,,,,3.375,,,,,,,,,
15404000,3851,3.625,,2.2543652057647705,,,,3.625,,,,,,,,,
15408000,3852,3.875,,2.3016536235809326,,,,3.875,,,,,,,,,
15412000,3853,3.875,,2.2750632762908936,,,,3.875,,,,,,,,,
15416000,3854,4.125,,2.340122699737549,,,,4.125,,,,,,,,,
15420000,3855,3.75,,2.3256237506866455,,,,3.75,,,,,,,,,
15424000,3856,4.0,,2.298894166946411,,,,4.0,,,,,,,,,
15428000,3857,3.75,,2.3585569858551025,,,,3.75,,,,,,,,,
15432000,3858,4.125,,2.286001682281494,,,,4.125,,,,,,,,,
15436000,3859,4.0,,2.2678723335266113,,,,4.0,,,,,,,,,
15440000,3860,3.375,,2.2707533836364746,,,,3.375,,,,,,,,,
15444000,3861,3.375,,2.326093912124634,,,,3.375,,,,,,,,,
15448000,3862,1.5,,2.3802220821380615,,,,1.5,,,,,,,,,
15452000,3863,2.875,,2.4161763191223145,,,,2.875,,,,,,,,,
15456000,3864,2.0,,2.3218002319335938,,,,2.0,,,,,,,,,
15460000,3865,2.0,,2.320164442062378,,,,2.0,,,,,,,,,
15464000,3866,1.875,,2.3396220207214355,,,,1.875,,,,,,,,,
15468000,3867,3.0,,2.3116860389709473,,,,3.0,,,,,,,,,
15472000,3868,3.5,,2.282541036605835,,,,3.5,,,,,,,,,
15476000,3869,4.0,,2.3170533180236816,,,,4.0,,,,,,,,,
15480000,3870,1.875,,2.2522521018981934,,,,1.875,,,,,,,,,
15484000,3871,4.5,,2.282442331314087,,,,4.5,,,,,,,,,
15488000,3872,3.5,,2.302581548690796,,,,3.5,,,,,,,,,
15492000,3873,4.375,,2.2804982662200928,,,,4.375,,,,,,,,,
15496000,3874,3.625,,2.244974136352539,,,,3.625,,,,,,,,,
15500000,3875,4.375,,2.318493366241455,,,,4.375,,,,,,,,,
15504000,3876,3.875,,2.2677111625671387,,,,3.875,,,,,,,,,
15508000,3877,4.25,,2.313472270965576,,,,4.25,,,,,,,,,
15512000,3878,3.125,,2.2655105590820312,,,,3.125,,,,,,,,,
15516000,3879,4.25,,2.2784812450408936,,,,4.25,,,,,,,,,
15520000,3880,4.0,,2.3079617023468018,,,,4.0,,,,,,,,,
15524000,3881,4.125,,2.272331714630127,,,,4.125,,,,,,,,,
15528000,3882,4.375,,2.3349273204803467,,,,4.375,,,,,,,,,
15532000,3883,3.375,,2.310346841812134,,,,3.375,,,,,,,,,
15536000,3884,2.875,,2.230314254760742,,,,2.875,,,,,,,,,
15540000,3885,3.75,,2.3031246662139893,,,,3.75,,,,,,,,,
15544000,3886,4.125,,2.2615861892700195,,,,4.125,,,,,,,,,
15548000,3887,3.25,,2.2362759113311768,,,,3.25,,,,,,,,,
15552000,3888,4.125,,2.265925407409668,,,,4.125,,,,,,,,,
15556000,3889,3.25,,2.302544355392456,,,,3.25,,,,,,,,,
15560000,3890,4.125,,2.3131327629089355,,,,4.125,,,,,,,,,
15564000,3891,3.5,,2.26171612739563,,,,3.5,,,,,,,,,
15568000,3892,4.0,,2.2720909118652344,,,,4.0,,,,,,,,,
15572000,3893,3.875,,2.2311394214630127,,,,3.875,,,,,,,,,
15576000,3894,3.75,,2.3053596019744873,,,,3.75,,,,,,,,,
15580000,3895,4.125,,2.2704062461853027,,,,4.125,,,,,,,,,
15584000,3896,4.0,,2.27868390083313,,,,4.0,,,,,,,,,
15588000,3897,4.125,,2.3150696754455566,,,,4.125,,,,,,,,,
15592000,3898,4.25,,2.355098247528076,,,,4.25,,,,,,,,,
15596000,3899,3.75,,2.286261558532715,,,,3.75,,,,,,,,,
15600000,3900,4.0,,2.3021116256713867,,,,4.0,,,,,,,,,
15604000,3901,4.125,,2.293499708175659,,,,4.125,,,,,,,,,
15608000,3902,4.125,,2.320589542388916,,,,4.125,,,,,,,,,
15612000,3903,3.75,,2.293534278869629,,,,3.75,,,,,,,,,
15616000,3904,3.375,,2.308398485183716,,,,3.375,,,,,,,,,
15620000,3905,4.0,,2.246654987335205,,,,4.0,,,,,,,,,
15624000,3906,3.375,,2.241647243499756,,,,3.375,,,,,,,,,
15628000,3907,4.0,,2.3372371196746826,,,,4.0,,,,,,,,,
15632000,3908,3.75,,2.315743923187256,,,,3.75,,,,,,,,,
15636000,3909,2.625,,2.280229091644287,,,,2.625,,,,,,,,,
15640000,3910,3.375,,2.303709030151367,,,,3.375,,,,,,,,,
15644000,3911,3.25,,2.284890651702881,,,,3.25,,,,,,,,,
15648000,3912,4.0,,2.2613086700439453,,,,4.0,,,,,,,,,
15652000,3913,4.375,,2.303264856338501,,,,4.375,,,,,,,,,
15656000,3914,3.0,,2.3134703636169434,,,,3.0,,,,,,,,,
15660000,3915,2.5,,2.255608320236206,,,,2.5,,,,,,,,,
15664000,3916,3.625,,2.228398323059082,,,,3.625,,,,,,,,,
15668000,3917,2.0,,2.2100439071655273,,,,2.0,,,,,,,,,
15672000,3918,3.25,,2.3426809310913086,,,,3.25,,,,,,,,,
15676000,3919,2.75,,2.305922746658325,,,,2.75,,,,,,,,,
15680000,3920,3.625,,2.151824474334717,,,,3.625,,,,,,,,,
15684000,3921,3.375,,2.207345485687256,,,,3.375,,,,,,,,,
15688000,3922,3.0,,2.2319655418395996,,,,3.0,,,,,,,,,
15692000,3923,3.75,,2.225534677505493,,,,3.75,,,,,,,,,
15696000,3924,2.75,,2.2672157287597656,,,,2.75,,,,,,,,,
15700000,3925,3.875,,2.2105939388275146,,,,3.875,,,,,,,,,
15704000,3926,4.25,,2.2883949279785156,,,,4.25,,,,,,,,,
15708000,3927,3.375,,2.2509961128234863,,,,3.375,,,,,,,,,
15712000,3928,3.375,,2.205076217651367,,,,3.375,,,,,,,,,
15716000,3929,3.125,,2.2189371585845947,,,,3.125,,,,,,,,,
15720000,3930,2.25,,2.22135853767395,,,,2.25,,,,,,,,,
15724000,3931,4.375,,2.162954330444336,,,,4.375,,,,,,,,,
15728000,3932,3.5,,2.2208685874938965,,,,3.5,,,,,,,,,
15732000,3933,4.0,,2.2426843643188477,,,,4.0,,,,,,,,,
15736000,3934,3.375,,2.1242785453796387,,,,3.375,,,,,,,,,
15740000,3935,4.0,,2.1727099418640137,,,,4.0,,,,,,,,,
15744000,3936,3.375,,2.2064714431762695,,,,3.375,,,,,,,,,
15748000,3937,4.125,,2.200636625289917,,,,4.125,,,,,,,,,
15752000,3938,3.75,,2.2011728286743164,,,,3.75,,,,,,,,,
15756000,3939,3.625,,2.131944179534912,,,,3.625,,,,,,,,,
15760000,3940,3.0,,2.193512439727783,,,,3.0,,,,,,,,,
15764000,3941,3.875,,2.0984244346618652,,,,3.875,,,,,,,,,
15768000,3942,2.125,,2.233977794647217,,,,2.125,,,,,,,,,
15772000,3943,4.375,,2.204969882965088,,,,4.375,,,,,,,,,
15776000,3944,3.5,,2.1583566665649414,,,,3.5,,,,,,,,,
15780000,3945,4.25,,2.236813545227051,,,,4.25,,,,,,,,,
15784000,3946,4.0,,2.173229217529297,,,,4.0,,,,,,,,,
15788000,3947,3.875,,2.189143180847168,,,,3.875,,,,,,,,,
15792000,3948,4.0,,2.177682876586914,,,,4.0,,,,,,,,,
15796000,3949,3.625,,2.112092971801758,,,,3.625,,,,,,,,,
15800000,3950,3.875,,2.0933430194854736,,,,3.875,,,,,,,,,
15804000,3951,2.875,,2.0945887565612793,,,,2.875,,,,,,,,,
15808000,3952,3.625,,2.112762451171875,,,,3.625,,,,,,,,,
15812000,3953,3.625,,2.0810790061950684,,,,3.625,,,,,,,,,
15816000,3954,4.25,,2.1207313537597656,,,,4.25,,,,,,,,,
15820000,3955,3.875,,2.156585693359375,,,,3.875,,,,,,,,,
15824000,3956,4.0,,2.1094250679016113,,,,4.0,,,,,,,,,
15828000,3957,3.375,,2.160496711730957,,,,3.375,,,,,,,,,
15832000,3958,3.75,,2.104768753051758,,,,3.75,,,,,,,,,
15836000,3959,3.875,,2.1378707885742188,,,,3.875,,,,,,,,,
15840000,3960,3.25,,2.2021381855010986,,,,3.25,,,,,,,,,
15844000,3961,3.625,,2.084974765777588,,,,3.625,,,,,,,,,
15848000,3962,4.0,,2.1844139099121094,,,,4.0,,,,,,,,,
15852000,3963,3.75,,2.0931501388549805,,,,3.75,,,,,,,,,
15856000,3964,1.75,,2.118567943572998,,,,1.75,,,,,,,,,
15860000,3965,3.875,,2.1789865493774414,,,,3.875,,,,,,,,,
15864000,3966,4.375,,2.072800636291504,,,,4.375,,,,,,,,,
15868000,3967,3.875,,2.0939574241638184,,,,3.875,,,,,,,,,
15872000,3968,3.875,,2.093257188796997,,,,3.875,,,,,,,,,
15876000,3969,3.875,,2.0881507396698,,,,3.875,,,,,,,,,
15880000,3970,3.875,,2.11067533493042,,,,3.875,,,,,,,,,
15884000,3971,4.0,,2.1096744537353516,,,,4.0,,,,,,,,,
15888000,3972,3.875,,2.1435508728027344,,,,3.875,,,,,,,,,
15892000,3973,3.875,,2.182640314102173,,,,3.875,,,,,,,,,
15896000,3974,4.25,,2.223616600036621,,,,4.25,,,,,,,,,
15900000,3975,4.0,,2.092628240585327,,,,4.0,,,,,,,,,
15904000,3976,4.25,,2.1574206352233887,,,,4.25,,,,,,,,,
15908000,3977,3.75,,2.1399669647216797,,,,3.75,,,,,,,,,
15912000,3978,4.0,,2.1038596630096436,,,,4.0,,,,,,,,,
15916000,3979,3.625,,2.0953869819641113,,,,3.625,,,,,,,,,
15920000,3980,4.125,,2.1174917221069336,,,,4.125,,,,,,,,,
15924000,3981,4.25,,2.0659685134887695,,,,4.25,,,,,,,,,
15928000,3982,4.625,,2.0790162086486816,,,,4.625,,,,,,,,,
15932000,3983,3.875,,2.1505589485168457,,,,3.875,,,,,,,,,
15936000,3984,3.875,,2.134951114654541,,,,3.875,,,,,,,,,
15940000,3985,3.75,,2.0433578491210938,,,,3.75,,,,,,,,,
15944000,3986,4.25,,2.120534896850586,,,,4.25,,,,,,,,,
15948000,3987,4.125,,2.126310348510742,,,,4.125,,,,,,,,,
15952000,3988,4.125,,2.1474695205688477,,,,4.125,,,,,,,,,
15956000,3989,3.5,,2.132072925567627,,,,3.5,,,,,,,,,
15960000,3990,4.0,,2.081192970275879,,,,4.0,,,,,,,,,
15964000,3991,3.875,,2.120990037918091,,,,3.875,,,,,,,,,
15968000,3992,3.875,,2.172187089920044,,,,3.875,,,,,,,,,
15972000,3993,3.875,,2.132511854171753,,,,3.875,,,,,,,,,
15976000,3994,4.25,,2.2078161239624023,,,,4.25,,,,,,,,,
15980000,3995,3.5,,2.1738717555999756,,,,3.5,,,,,,,,,
15984000,3996,2.5,,2.1757259368896484,,,,2.5,,,,,,,,,
15988000,3997,3.125,,2.160285472869873,,,,3.125,,,,,,,,,
15992000,3998,3.125,,2.0737662315368652,,,,3.125,,,,,,,,,
15996000,3999,2.75,,2.1840758323669434,,,,2.75,,,,,,,,,
16000000,4000,1.5,,2.1412081718444824,,,,1.5,,,,,,,,,
16004000,4001,0.375,,2.0400853157043457,,,,0.375,,,,,,,,,
16008000,4002,3.625,,2.2038750648498535,,,,3.625,,,,,,,,,
16012000,4003,3.125,,2.1651225090026855,,,,3.125,,,,,,,,,
16016000,4004,2.875,,2.1033849716186523,,,,2.875,,,,,,,,,
16020000,4005,2.125,,2.1391093730926514,,,,2.125,,,,,,,,,
16024000,4006,3.125,,2.073514223098755,,,,3.125,,,,,,,,,
16028000,4007,3.5,,2.1173558235168457,,,,3.5,,,,,,,,,
16032000,4008,2.75,,2.0512852668762207,,,,2.75,,,,,,,,,
16036000,4009,3.25,,2.1248183250427246,,,,3.25,,,,,,,,,
16040000,4010,1.875,,2.059793472290039,,,,1.875,,,,,,,,,
16044000,4011,4.0,,2.008610248565674,,,,4.0,,,,,,,,,
16048000,4012,3.0,,2.0173492431640625,,,,3.0,,,,,,,,,
16052000,4013,1.75,,2.110774278640747,,,,1.75,,,,,,,,,
16056000,4014,1.25,,2.034289836883545,,,,1.25,,,,,,,,,
16060000,4015,3.5,,2.044034004211426,,,,3.5,,,,,,,,,
16064000,4016,3.125,,2.104142189025879,,,,3.125,,,,,,,,,
16068000,4017,2.375,,2.0016064643859863,,,,2.375,,,,,,,,,
16072000,4018,2.0,,2.03127384185791,,,,2.0,,,,,,,,,
16076000,4019,1.25,,1.9890825748443604,,,,1.25,,,,,,,,,
16080000,4020,3.5,,1.969547986984253,,,,3.5,,,,,,,,,
16084000,4021,3.75,,1.9547133445739746,,,,3.75,,,,,,,,,
16088000,4022,3.875,,1.987269639968872,,,,3.875,,,,,,,,,
16092000,4023,4.25,,1.9917765855789185,,,,4.25,,,,,,,,,
16096000,4024,4.0,,2.0135908126831055,,,,4.0,,,,,,,,,
16100000,4025,4.0,,2.0150413513183594,,,,4.0,,,,,,,,,
16104000,4026,3.75,,2.02994704246521,,,,3.75,,,,,,,,,
16108000,4027,3.5,,2.006012439727783,,,,3.5,,,,,,,,,
16112000,4028,4.0,,1.916146159172058,,,,4.0,,,,,,,,,
16116000,4029,3.75,,2.053211212158203,,,,3.75,,,,,,,,,
16120000,4030,4.0,,1.9434764385223389,,,,4.0,,,,,,,,,
16124000,4031,4.125,,1.9759904146194458,,,,4.125,,,,,,,,,
16128000,4032,4.125,,2.0084917545318604,,,,4.125,,,,,,,,,
16132000,4033,3.75,,1.9801357984542847,,,,3.75,,,,,,,,,
16136000,4034,3.5,,2.0179731845855713,,,,3.5,,,,,,,,,
16140000,4035,3.875,,1.964877963066101,,,,3.875,,,,,,,,,
16144000,4036,3.625,,1.968441128730774,,,,3.625,,,,,,,,,
16148000,4037,3.625,,1.9908965826034546,,,,3.625,,,,,,,,,
16152000,4038,4.25,,2.008547306060791,,,,4.25,,,,,,,,,
16156000,4039,4.25,,2.0384058952331543,,,,4.25,,,,,,,,,
16160000,4040,3.875,,2.013007640838623,,,,3.875,,,,,,,,,
16164000,4041,4.0,,1.9518566131591797,,,,4.0,,,,,,,,,
16168000,4042,4.125,,1.9558212757110596,,,,4.125,,,,,,,,,
16172000,4043,4.0,,2.0142698287963867,,,,4.0,,,,,,,,,
16176000,4044,3.875,,1.9420812129974365,,,,3.875,,,,,,,,,
16180000,4045,3.875,,2.000394821166992,,,,3.875,,,,,,,,,
16184000,4046,3.75,,1.959157109260559,,,,3.75,,,,,,,,,
16188000,4047,3.625,,2.012629985809326,,,,3.625,,,,,,,,,
16192000,4048,3.125,,2.027911424636841,,,,3.125,,,,,,,,,
16196000,4049,4.0,,1.991654872894287,,,,4.0,,,,,,,,,
16200000,4050,4.125,,1.992717981338501,,,,4.125,,,,,,,,,
16204000,4051,4.125,,1.9971027374267578,,,,4.125,,,,,,,,,
16208000,4052,4.25,,2.0561983585357666,,,,4.25,,,,,,,,,
16212000,4053,4.125,,1.906731128692627,,,,4.125,,,,,,,,,
16216000,4054,3.625,,2.0216875076293945,,,,3.625,,,,,,,,,
16220000,4055,4.125,,2.0213780403137207,,,,4.125,,,,,,,,,
16224000,4056,3.875,,1.959611415863037,,,,3.875,,,,,,,,,
16228000,4057,3.875,,1.987457275390625,,,,3.875,,,,,,,,,
16232000,4058,4.125,,2.0005993843078613,,,,4.125,,,,,,,,,
16236000,4059,3.75,,1.9646199941635132,,,,3.75,,,,,,,,,
16240000,4060,4.0,,1.9437226057052612,,,,4.0,,,,,,,,,
16244000,4061,4.25,,1.9305012226104736,,,,4.25,,,,,,,,,
16248000,4062,4.125,,1.976835012435913,,,,4.125,,,,,,,,,
16252000,4063,4.125,,2.023988723754883,,,,4.125,,,,,,,,,
16256000,4064,3.375,,1.9421494007110596,,,,3.375,,,,,,,,,
16260000,4065,3.875,,1.9466795921325684,,,,3.875,,,,,,,,,
16264000,4066,3.5,,2.060941219329834,,,,3.5,,,,,,,,,
16268000,4067,4.125,,1.9260270595550537,,,,4.125,,,,,,,,,
16272000,4068,3.875,,2.0712995529174805,,,,3.875,,,,,,,,,
16276000,4069,3.625,,2.026259422302246,,,,3.625,,,,,,,,,
16280000,4070,4.375,,1.9520161151885986,,,,4.375,,,,,,,,,
16284000,4071,3.875,,1.9582853317260742,,,,3.875,,,,,,,,,
16288000,4072,4.0,,1.9901769161224365,,,,4.0,,,,,,,,,
16292000,4073,3.125,,2.030632495880127,,,,3.125,,,,,,,,,
16296000,4074,4.0,,1.9782135486602783,,,,4.0,,,,,,,,,
16300000,4075,3.625,,2.0050878524780273,,,,3.625,,,,,,,,,
16304000,4076,4.25,,2.0282580852508545,,,,4.25,,,,,,,,,
16308000,4077,4.25,,2.03157901763916,,,,4.25,,,,,,,,,
16312000,4078,3.5,,2.0568857192993164,,,,3.5,,,,,,,,,
16316000,4079,4.125,,2.026425838470459,,,,4.125,,,,,,,,,
16320000,4080,4.375,,1.999324083328247,,,,4.375,,,,,,,,,
16324000,4081,3.375,,1.9726977348327637,,,,3.375,,,,,,,,,
16328000,4082,4.25,,1.9971179962158203,,,,4.25,,,,,,,,,
16332000,4083,4.0,,1.9780853986740112,,,,4.0,,,,,,,,,
16336000,4084,3.75,,2.037508964538574,,,,3.75,,,,,,,,,
16340000,4085,2.875,,1.9800424575805664,,,,2.875,,,,,,,,,
16344000,4086,4.125,,1.991748332977295,,,,4.125,,,,,,,,,
16348000,4087,3.5,,2.031756639480591,,,,3.5,,,,,,,,,
16352000,4088,3.75,,2.018672227859497,,,,3.75,,,,,,,,,
16356000,4089,4.0,,1.9419968128204346,,,,4.0,,,,,,,,,
16360000,4090,4.0,,1.9620721340179443,,,,4.0,,,,,,,,,
16364000,4091,3.5,,2.0536997318267822,,,,3.5,,,,,,,,,
16368000,4092,3.625,,2.041753053665161,,,,3.625,,,,,,,,,
16372000,4093,4.125,,2.0309653282165527,,,,4.125,,,,,,,,,
16376000,4094,4.125,,2.0621988773345947,,,,4.125,,,,,,,,,
16380000,4095,3.625,,1.9458824396133423,,,,3.625,,,,,,,,,
16384000,4096,4.0,,2.115203380584717,,,,4.0,,,,,,,,,
16388000,4097,4.0,,2.0961320400238037,,,,4.0,,,,,,,,,
16392000,4098,3.625,,2.0506606101989746,,,,3.625,,,,,,,,,
16396000,4099,4.125,,1.9965686798095703,,,,4.125,,,,,,,,,
16400000,4100,3.875,,1.9556454420089722,,,,3.875,,,,,,,,,
16404000,4101,4.0,,1.9927998781204224,,,,4.0,,,,,,,,,
16408000,4102,4.375,,2.0575902462005615,,,,4.375,,,,,,,,,
16412000,4103,2.875,,2.0850493907928467,,,,2.875,,,,,,,,,
16416000,4104,3.375,,2.047403573989868,,,,3.375,,,,,,,,,
16420000,4105,4.25,,2.01639986038208,,,,4.25,,,,,,,,,
16424000,4106,4.0,,1.9573967456817627,,,,4.0,,,,,,,,,
16428000,4107,3.875,,1.9802628755569458,,,,3.875,,,,,,,,,
16432000,4108,4.125,,2.05037522315979,,,,4.125,,,,,,,,,
16436000,4109,4.125,,1.9771419763565063,,,,4.125,,,,,,,,,
16440000,4110,2.875,,1.9905450344085693,,,,2.875,,,,,,,,,
16444000,4111,4.375,,1.8907923698425293,,,,4.375,,,,,,,,,
16448000,4112,4.0,,1.9029699563980103,,,,4.0,,,,,,,,,
16452000,4113,4.0,,2.064802646636963,,,,4.0,,,,,,,,,
16456000,4114,3.875,,1.9780075550079346,,,,3.875,,,,,,,,,
16460000,4115,4.375,,1.9460632801055908,,,,4.375,,,,,,,,,
16464000,4116,3.625,,1.9578684568405151,,,,3.625,,,,,,,,,
16468000,4117,3.875,,1.9829895496368408,,,,3.875,,,,,,,,,
16472000,4118,3.75,,1.985299825668335,,,,3.75,,,,,,,,,
16476000,4119,3.875,,2.0168161392211914,,,,3.875,,,,,,,,,
16480000,4120,3.375,,2.023132801055908,,,,3.375,,,,,,,,,
16484000,4121,4.0,,2.006319046020508,,,,4.0,,,,,,,,,
16488000,4122,3.75,,1.924853801727295,,,,3.75,,,,,,,,,
16492000,4123,4.25,,1.996675729751587,,,,4.25,,,,,,,,,
16496000,4124,4.125,,1.9644792079925537,,,,4.125,,,,,,,,,
16500000,4125,3.75,,2.046271562576294,,,,3.75,,,,,,,,,
16504000,4126,2.75,,2.0775527954101562,,,,2.75,,,,,,,,,
16508000,4127,3.875,,2.115121603012085,,,,3.875,,,,,,,,,
16512000,4128,4.0,,2.0234854221343994,,,,4.0,,,,,,,,,
16516000,4129,3.875,,2.0420522689819336,,,,3.875,,,,,,,,,
16520000,4130,3.625,,2.043785572052002,,,,3.625,,,,,,,,,
16524000,4131,3.5,,2.0677671432495117,,,,3.5,,,,,,,,,
16528000,4132,4.0,,2.085501194000244,,,,4.0,,,,,,,,,
16532000,4133,4.0,,2.0420162677764893,,,,4.0,,,,,,,,,
16536000,4134,3.625,,2.039961576461792,,,,3.625,,,,,,,,,
16540000,4135,3.25,,2.0458076000213623,,,,3.25,,,,,,,,,
16544000,4136,2.375,,2.0268850326538086,,,,2.375,,,,,,,,,
16548000,4137,3.75,,2.0795698165893555,,,,3.75,,,,,,,,,
16552000,4138,3.25,,2.0471901893615723,,,,3.25,,,,,,,,,
16556000,4139,3.75,,2.0757241249084473,,,,3.75,,,,,,,,,
16560000,4140,3.5,,2.088400363922119,,,,3.5,,,,,,,,,
16564000,4141,3.75,,2.1106021404266357,,,,3.75,,,,,,,,,
16568000,4142,3.5,,2.0154123306274414,,,,3.5,,,,,,,,,
16572000,4143,3.875,,2.021454334259033,,,,3.875,,,,,,,,,
16576000,4144,4.0,,2.0878002643585205,,,,4.0,,,,,,,,,
16580000,4145,3.375,,2.1030120849609375,,,,3.375,,,,,,,,,
16584000,4146,2.125,,2.067858934402466,,,,2.125,,,,,,,,,
16588000,4147,3.25,,2.0694475173950195,,,,3.25,,,,,,,,,
16592000,4148,3.375,,2.055540084838867,,,,3.375,,,,,,,,,
16596000,4149,3.75,,2.073655128479004,,,,3.75,,,,,,,,,
16600000,4150,3.0,,2.1289186477661133,,,,3.0,,,,,,,,,
16604000,4151,3.875,,2.0647101402282715,,,,3.875,,,,,,,,,
16608000,4152,3.75,,2.1131134033203125,,,,3.75,,,,,,,,,
16612000,4153,3.875,,2.0239720344543457,,,,3.875,,,,,,,,,
16616000,4154,3.5,,2.080345630645752,,,,3.5,,,,,,,,,
16620000,4155,3.375,,2.0772457122802734,,,,3.375,,,,,,,,,
16624000,4156,3.5,,2.0552117824554443,,,,3.5,,,,,,,,,
16628000,4157,3.0,,2.0428695678710938,,,,3.0,,,,,,,,,
16632000,4158,3.25,,2.097677230834961,,,,3.25,,,,,,,,,
16636000,4159,3.75,,2.0691916942596436,,,,3.75,,,,,,,,,
16640000,4160,3.875,,2.040778636932373,,,,3.875,,,,,,,,,
16644000,4161,3.625,,2.0291433334350586,,,,3.625,,,,,,,,,
16648000,4162,4.0,,2.042786121368408,,,,4.0,,,,,,,,,
16652000,4163,3.75,,1.986402988433838,,,,3.75,,,,,,,,,
16656000,4164,3.5,,1.9869917631149292,,,,3.5,,,,,,,,,
16660000,4165,1.25,,1.9932937622070312,,,,1.25,,,,,,,,,
16664000,4166,4.125,,1.9989707469940186,,,,4.125,,,,,,,,,
16668000,4167,3.5,,2.024622917175293,,,,3.5,,,,,,,,,
16672000,4168,4.125,,2.0124740600585938,,,,4.125,,,,,,,,,
16676000,4169,4.25,,2.0107717514038086,,,,4.25,,,,,,,,,
16680000,4170,3.875,,2.0370612144470215,,,,3.875,,,,,,,,,
16684000,4171,3.875,,2.047518253326416,,,,3.875,,,,,,,,,
16688000,4172,2.75,,1.9931553602218628,,,,2.75,,,,,,,,,
16692000,4173,4.375,,2.0505330562591553,,,,4.375,,,,,,,,,
16696000,4174,3.625,,2.049320936203003,,,,3.625,,,,,,,,,
16700000,4175,4.125,,2.0358762741088867,,,,4.125,,,,,,,,,
16704000,4176,3.625,,1.930382251739502,,,,3.625,,,,,,,,,
16708000,4177,3.875,,2.089167594909668,,,,3.875,,,,,,,,,
16712000,4178,3.75,,2.00606107711792,,,,3.75,,,,,,,,,
16716000,4179,4.125,,2.0266261100769043,,,,4.125,,,,,,,,,
16720000,4180,4.5,,2.0467238426208496,,,,4.5,,,,,,,,,
16724000,4181,4.25,,2.0252139568328857,,,,4.25,,,,,,,,,
16728000,4182,4.125,,2.0263962745666504,,,,4.125,,,,,,,,,
16732000,4183,2.375,,1.981062650680542,,,,2.375,,,,,,,,,
16736000,4184,4.0,,2.0015037059783936,,,,4.0,,,,,,,,,
16740000,4185,4.0,,2.010072708129883,,,,4.0,,,,,,,,,
16744000,4186,3.75,,2.017543315887451,,,,3.75,,,,,,,,,
16748000,4187,3.75,,2.063692092895508,,,,3.75,,,,,,,,,
16752000,4188,4.0,,2.005387544631958,,,,4.0,,,,,,,,,
16756000,4189,3.25,,1.950896978378296,,,,3.25,,,,,,,,,
16760000,4190,4.375,,2.0396947860717773,,,,4.375,,,,,,,,,
16764000,4191,3.375,,2.046252489089966,,,,3.375,,,,,,,,,
16768000,4192,3.625,,2.071780204772949,,,,3.625,,,,,,,,,
16772000,4193,3.25,,2.0082902908325195,,,,3.25,,,,,,,,,
16776000,4194,2.625,,1.9642443656921387,,,,2.625,,,,,,,,,
16780000,4195,3.125,,2.042147636413574,,,,3.125,,,,,,,,,
16784000,4196,4.0,,2.034371852874756,,,,4.0,,,,,,,,,
16788000,4197,3.375,,2.0475172996520996,,,,3.375,,,,,,,,,
16792000,4198,4.125,,1.9525744915008545,,,,4.125,,,,,,,,,
16796000,4199,3.5,,1.9406383037567139,,,,3.5,,,,,,,,,
16800000,4200,3.875,,2.018436908721924,,,,3.875,,,,,,,,,
16804000,4201,3.625,,2.033475637435913,,,,3.625,,,,,,,,,
16808000,4202,4.375,,2.0364830493927,,,,4.375,,,,,,,,,
16812000,4203,3.375,,1.9544012546539307,,,,3.375,,,,,,,,,
16816000,4204,4.25,,1.9604746103286743,,,,4.25,,,,,,,,,
16820000,4205,3.625,,2.005967617034912,,,,3.625,,,,,,,,,
16824000,4206,3.75,,1.9284398555755615,,,,3.75,,,,,,,,,
16828000,4207,4.0,,1.9927202463150024,,,,4.0,,,,,,,,,
16832000,4208,3.25,,1.9839868545532227,,,,3.25,,,,,,,,,
16836000,4209,4.125,,2.000378131866455,,,,4.125,,,,,,,,,
16840000,4210,3.75,,1.9988007545471191,,,,3.75,,,,,,,,,
16844000,4211,4.25,,1.976332187652588,,,,4.25,,,,,,,,,
16848000,4212,2.75,,1.9987846612930298,,,,2.75,,,,,,,,,
16852000,4213,3.875,,1.9486894607543945,,,,3.875,,,,,,,,,
16856000,4214,3.75,,1.9639506340026855,,,,3.75,,,,,,,,,
16860000,4215,4.0,,1.9660630226135254,,,,4.0,,,,,,,,,
16864000,4216,3.75,,1.9618805646896362,,,,3.75,,,,,,,,,
16868000,4217,3.625,,1.9533593654632568,,,,3.625,,,,,,,,,
16872000,4218,4.5,,2.033106803894043,,,,4.5,,,,,,,,,
16876000,4219,4.0,,1.9700593948364258,,,,4.0,,,,,,,,,
16880000,4220,4.0,,2.000143527984619,,,,4.0,,,,,,,,,
16884000,4221,3.75,,1.995503544807434,,,,3.75,,,,,,,,,
16888000,4222,2.625,,1.9214417934417725,,,,2.625,,,,,,,,,
16892000,4223,2.75,,2.013294219970703,,,,2.75,,,,,,,,,
16896000,4224,3.875,,1.9347686767578125,,,,3.875,,,,,,,,,
16900000,4225,4.25,,1.9675064086914062,,,,4.25,,,,,,,,,
16904000,4226,3.875,,1.922157645225525,,,,3.875,,,,,,,,,
16908000,4227,3.125,,2.0272390842437744,,,,3.125,,,,,,,,,
16912000,4228,3.625,,1.9427179098129272,,,,3.625,,,,,,,,,
16916000,4229,2.625,,1.9041081666946411,,,,2.625,,,,,,,,,
16920000,4230,3.125,,1.9643672704696655,,,,3.125,,,,,,,,,
16924000,4231,3.25,,1.9788082838058472,,,,3.25,,,,,,,,,
16928000,4232,3.375,,1.933566689491272,,,,3.375,,,,,,,,,
16932000,4233,3.125,,1.9546231031417847,,,,3.125,,,,,,,,,
16936000,4234,3.125,,1.919028639793396,,,,3.125,,,,,,,,,
16940000,4235,4.0,,1.9266231060028076,,,,4.0,,,,,,,,,
16944000,4236,3.75,,1.920445203781128,,,,3.75,,,,,,,,,
16948000,4237,4.0,,1.916396975517273,,,,4.0,,,,,,,,,
16952000,4238,3.75,,1.9864919185638428,,,,3.75,,,,,,,,,
16956000,4239,2.75,,2.0127243995666504,,,,2.75,,,,,,,,,
16960000,4240,2.25,,1.9200400114059448,,,,2.25,,,,,,,,,
16964000,4241,2.75,,1.9372148513793945,,,,2.75,,,,,,,,,
16968000,4242,3.75,,1.8927342891693115,,,,3.75,,,,,,,,,
16972000,4243,3.75,,1.9329209327697754,,,,3.75,,,,,,,,,
16976000,4244,2.875,,1.9482896327972412,,,,2.875,,,,,,,,,
16980000,4245,1.875,,1.8945895433425903,,,,1.875,,,,,,,,,
16984000,4246,2.5,,1.9318311214447021,,,,2.5,,,,,,,,,
16988000,4247,1.625,,1.9183136224746704,,,,1.625,,,,,,,,,
16992000,4248,3.375,,1.851381540298462,,,,3.375,,,,,,,,,
16996000,4249,3.625,,1.8554152250289917,,,,3.625,,,,,,,,,
17000000,4250,3.625,,1.8750478029251099,,,,3.625,,,,,,,,,
17004000,4251,3.0,,1.876369595527649,,,,3.0,,,,,,,,,
17008000,4252,1.875,,1.849218726158142,,,,1.875,,,,,,,,,
17012000,4253,3.625,,1.7978755235671997,,,,3.625,,,,,,,,,
17016000,4254,1.875,,1.8694226741790771,,,,1.875,,,,,,,,,
17020000,4255,3.25,,1.825813889503479,,,,3.25,,,,,,,,,
17024000,4256,2.5,,1.8202900886535645,,,,2.5,,,,,,,,,
17028000,4257,0.125,,1.8059715032577515,,,,0.125,,,,,,,,,
17032000,4258,1.5,,1.8774194717407227,,,,1.5,,,,,,,,,
17036000,4259,0.5,,1.8288873434066772,,,,0.5,,,,,,,,,
17040000,4260,2.375,,1.7832181453704834,,,,2.375,,,,,,,,,
17044000,4261,2.25,,1.7480524778366089,,,,2.25,,,,,,,,,
17048000,4262,3.25,,1.813043236732483,,,,3.25,,,,,,,,,
17052000,4263,3.25,,1.8409591913223267,,,,3.25,,,,,,,,,
17056000,4264,0.625,,1.7885483503341675,,,,0.625,,,,,,,,,
17060000,4265,0.375,,1.8221583366394043,,,,0.375,,,,,,,,,
17064000,4266,1.75,,1.7669707536697388,,,,1.75,,,,,,,,,
17068000,4267,1.5,,1.7441606521606445,,,,1.5,,,,,,,,,
17072000,4268,1.875,,1.7958741188049316,,,,1.875,,,,,,,,,
17076000,4269,1.125,,1.7461183071136475,,,,1.125,,,,,,,,,
17080000,4270,1.375,,1.7673346996307373,,,,1.375,,,,,,,,,
17084000,4271,1.75,,1.695522665977478,,,,1.75,,,,,,,,,
17088000,4272,2.375,,1.6815719604492188,,,,2.375,,,,,,,,,
17092000,4273,1.625,,1.7659584283828735,,,,1.625,,,,,,,,,
17096000,4274,0.625,,1.709763526916504,,,,0.625,,,,,,,,,
17100000,4275,2.125,,1.724596619606018,,,,2.125,,,,,,,,,
17104000,4276,1.125,,1.6327970027923584,,,,1.125,,,,,,,,,
17108000,4277,2.875,,1.7378308773040771,,,,2.875,,,,,,,,,
17112000,4278,3.375,,1.6280395984649658,,,,3.375,,,,,,,,,
17116000,4279,3.5,,1.7437236309051514,,,,3.5,,,,,,,,,
17120000,4280,2.5,,1.777954339981079,,,,2.5,,,,,,,,,
17124000,4281,2.125,,1.624178171157837,,,,2.125,,,,,,,,,
17128000,4282,3.625,,1.6148000955581665,,,,3.625,,,,,,,,,
17132000,4283,3.125,,1.5813637971878052,,,,3.125,,,,,,,,,
17136000,4284,3.125,,1.5835143327713013,,,,3.125,,,,,,,,,
17140000,4285,2.75,,1.7149916887283325,,,,2.75,,,,,,,,,
17144000,4286,2.0,,1.697790503501892,,,,2.0,,,,,,,,,
17148000,4287,1.125,,1.6911135911941528,,,,1.125,,,,,,,,,
17152000,4288,0.75,,1.702148199081421,,,,0.75,,,,,,,,,
17156000,4289,0.875,,1.8127224445343018,,,,0.875,,,,,,,,,
17160000,4290,0.375,,1.7568098306655884,,,,0.375,,,,,,,,,
17164000,4291,2.875,,1.6903140544891357,,,,2.875,,,,,,,,,
17168000,4292,0.125,,1.644000768661499,,,,0.125,,,,,,,,,
17172000,4293,0.0,,1.725375771522522,,,,0.0,,,,,,,,,
17176000,4294,0.0,,1.7495129108428955,,,,0.0,,,,,,,,,
17180000,4295,1.125,,1.716376781463623,,,,1.125,,,,,,,,,
17184000,4296,0.25,,1.6373441219329834,,,,0.25,,,,,,,,,
17188000,4297,0.875,,1.637047529220581,,,,0.875,,,,,,,,,
17192000,4298,0.75,,1.5489529371261597,,,,0.75,,,,,,,,,
17196000,4299,0.875,,1.5414751768112183,,,,0.875,,,,,,,,,
17200000,4300,0.75,,1.5720250606536865,,,,0.75,,,,,,,,,
17204000,4301,0.125,,1.5602099895477295,,,,0.125,,,,,,,,,
17208000,4302,0.0,,1.6204372644424438,,,,0.0,,,,,,,,,
17212000,4303,0.5,,1.6331779956817627,,,,0.5,,,,,,,,,
17216000,4304,2.0,,1.417311191558838,,,,2.0,,,,,,,,,
17220000,4305,0.5,,1.483284831047058,,,,0.5,,,,,,,,,
17224000,4306,0.125,,1.5077941417694092,,,,0.125,,,,,,,,,
17228000,4307,0.75,,1.4281518459320068,,,,0.75,,,,,,,,,
17232000,4308,1.75,,1.4035210609436035,,,,1.75,,,,,,,,,
17236000,4309,1.75,,1.2992744445800781,,,,1.75,,,,,,,,,
17240000,4310,1.375,,1.335462212562561,,,,1.375,,,,,,,,,
17244000,4311,2.75,,1.3432109355926514,,,,2.75,,,,,,,,,
17248000,4312,3.5,,1.3155032396316528,,,,3.5,,,,,,,,,
17252000,4313,1.875,,1.336567997932434,,,,1.875,,,,,,,,,
17256000,4314,3.375,,1.4561741352081299,,,,3.375,,,,,,,,,
17260000,4315,0.875,,1.3807326555252075,,,,0.875,,,,,,,,,
17264000,4316,0.25,,1.4306622743606567,,,,0.25,,,,,,,,,
17268000,4317,0.75,,1.4401140213012695,,,,0.75,,,,,,,,,
17272000,4318,1.0,,1.4185712337493896,,,,1.0,,,,,,,,,
17276000,4319,2.375,,1.3225672245025635,,,,2.375,,,,,,,,,
17280000,4320,3.125,,1.2761015892028809,,,,3.125,,,,,,,,,
17284000,4321,3.25,,1.2597512006759644,,,,3.25,,,,,,,,,
17288000,4322,3.125,,1.3039827346801758,,,,3.125,,,,,,,,,
17292000,4323,3.25,,1.31679368019104,,,,3.25,,,,,,,,,
17296000,4324,3.875,,1.3371083736419678,,,,3.875,,,,,,,,,
17300000,4325,3.75,,1.3243999481201172,,,,3.75,,,,,,,,,
17304000,4326,4.25,,1.3177052736282349,,,,4.25,,,,,,,,,
17308000,4327,2.875,,1.2398040294647217,,,,2.875,,,,,,,,,
17312000,4328,3.875,,1.276756763458252,,,,3.875,,,,,,,,,
17316000,4329,3.75,,1.2589386701583862,,,,3.75,,,,,,,,,
17320000,4330,3.25,,1.2316044569015503,,,,3.25,,,,,,,,,
17324000,4331,3.5,,1.2855360507965088,,,,3.5,,,,,,,,,
17328000,4332,1.75,,1.1774699687957764,,,,1.75,,,,,,,,,
17332000,4333,1.75,,1.3488616943359375,,,,1.75,,,,,,,,,
17336000,4334,1.0,,1.1807973384857178,,,,1.0,,,,,,,,,
17340000,4335,0.75,,1.2891510725021362,,,,0.75,,,,,,,,,
17344000,4336,2.75,,1.3402223587036133,,,,2.75,,,,,,,,,
17348000,4337,3.75,,1.2845088243484497,,,,3.75,,,,,,,,,
17352000,4338,3.75,,1.2943689823150635,,,,3.75,,,,,,,,,
17356000,4339,3.0,,1.2226873636245728,,,,3.0,,,,,,,,,
17360000,4340,1.375,,1.1927088499069214,,,,1.375,,,,,,,,,
17364000,4341,2.5,,1.2566609382629395,,,,2.5,,,,,,,,,
17368000,4342,1.875,,1.2452292442321777,,,,1.875,,,,,,,,,
17372000,4343,3.5,,1.2202565670013428,,,,3.5,,,,,,,,,
17376000,4344,2.0,,1.2079585790634155,,,,2.0,,,,,,,,,
17380000,4345,3.5,,1.2013635635375977,,,,3.5,,,,,,,,,
17384000,4346,3.25,,1.2454280853271484,,,,3.25,,,,,,,,,
17388000,4347,2.125,,1.2416081428527832,,,,2.125,,,,,,,,,
17392000,4348,0.25,,1.2293634414672852,,,,0.25,,,,,,,,,
17396000,4349,1.75,,1.3281549215316772,,,,1.75,,,,,,,,,
17400000,4350,0.25,,1.261061191558838,,,,0.25,,,,,,,,,
17404000,4351,1.375,,1.239043116569519,,,,1.375,,,,,,,,,
17408000,4352,2.125,,1.2215567827224731,,,,2.125,,,,,,,,,
17412000,4353,3.625,,1.212353229522705,,,,3.625,,,,,,,,,
17416000,4354,3.875,,1.1480878591537476,,,,3.875,,,,,,,,,
17420000,4355,2.0,,1.1983428001403809,,,,2.0,,,,,,,,,
17424000,4356,2.625,,1.1725836992263794,,,,2.625,,,,,,,,,
17428000,4357,1.375,,1.1336374282836914,,,,1.375,,,,,,,,,
17432000,4358,1.0,,1.1985642910003662,,,,1.0,,,,,,,,,
17436000,4359,1.75,,1.1721371412277222,,,,1.75,,,,,,,,,
17440000,4360,1.0,,1.166087031364441,,,,1.0,,,,,,,,,
17444000,4361,2.0,,1.094529390335083,,,,2.0,,,,,,,,,
17448000,4362,2.5,,1.2100197076797485,,,,2.5,,,,,,,,,
17452000,4363,3.5,,1.136091709136963,,,,3.5,,,,,,,,,
17456000,4364,3.5,,1.1469743251800537,,,,3.5,,,,,,,,,
17460000,4365,2.5,,1.1624183654785156,,,,2.5,,,,,,,,,
17464000,4366,1.375,,1.0626473426818848,,,,1.375,,,,,,,,,
17468000,4367,0.25,,1.2018818855285645,,,,0.25,,,,,,,,,
17472000,4368,0.25,,1.347360372543335,,,,0.25,,,,,,,,,
17476000,4369,0.0,,1.7771662473678589,,,,0.0,,,,,,,,,
17480000,4370,0.0,,2.075749397277832,,,,0.0,,,,,,,,,
17484000,4371,0.5,,2.0605340003967285,,,,0.5,,,,,,,,,
17488000,4372,0.125,,1.6645665168762207,,,,0.125,,,,,,,,,
17492000,4373,0.0,,1.4378762245178223,,,,0.0,,,,,,,,,
17496000,4374,0.0,,1.3770793676376343,,,,0.0,,,,,,,,,
17500000,4375,0.0,,1.294402837753296,,,,0.0,,,,,,,,,
17504000,4376,0.0,,1.1713383197784424,,,,0.0,,,,,,,,,
17508000,4377,0.25,,1.1473393440246582,,,,0.25,,,,,,,,,
17512000,4378,0.125,,1.0380258560180664,,,,0.125,,,,,,,,,
17516000,4379,1.0,,0.9887098073959351,,,,1.0,,,,,,,,,
17520000,4380,1.125,,1.085288405418396,,,,1.125,,,,,,,,,
17524000,4381,1.375,,1.0487174987792969,,,,1.375,,,,,,,,,
17528000,4382,1.75,,0.9935007095336914,,,,1.75,,,,,,,,,
17532000,4383,2.125,,1.0625871419906616,,,,2.125,,,,,,,,,
17536000,4384,1.25,,1.0008623600006104,,,,1.25,,,,,,,,,
17540000,4385,1.0,,1.054295301437378,,,,1.0,,,,,,,,,
17544000,4386,0.375,,1.0538499355316162,,,,0.375,,,,,,,,,
17548000,4387,0.25,,1.1076030731201172,,,,0.25,,,,,,,,,
17552000,4388,0.0,,0.8439366817474365,,,,0.0,,,,,,,,,
17556000,4389,0.0,,1.018454670906067,,,,0.0,,,,,,,,,
17560000,4390,0.0,,1.047163963317871,,,,0.0,,,,,,,,,
17564000,4391,0.0,,0.9238141775131226,,,,0.0,,,,,,,,,
17568000,4392,1.125,,1.045030117034912,,,,1.125,,,,,,,,,
17572000,4393,1.125,,0.8437031507492065,,,,1.125,,,,,,,,,
17576000,4394,1.75,,0.9902865886688232,,,,1.75,,,,,,,,,
17580000,4395,2.125,,0.9605677127838135,,,,2.125,,,,,,,,,
17584000,4396,1.25,,0.9698590040206909,,,,1.25,,,,,,,,,
17588000,4397,1.625,,0.8222852945327759,,,,1.625,,,,,,,,,
17592000,4398,2.125,,0.9428839683532715,,,,2.125,,,,,,,,,
17596000,4399,1.875,,0.9806802272796631,,,,1.875,,,,,,,,,
17600000,4400,1.625,,1.0167148113250732,,,,1.625,,,,,,,,,
17604000,4401,1.25,,0.928513765335083,,,,1.25,,,,,,,,,
17608000,4402,1.625,,1.0096038579940796,,,,1.625,,,,,,,,,
17612000,4403,1.25,,0.8919200301170349,,,,1.25,,,,,,,,,
17616000,4404,1.375,,0.8934541344642639,,,,1.375,,,,,,,,,
17620000,4405,1.875,,0.8929421901702881,,,,1.875,,,,,,,,,
17624000,4406,2.0,,1.0042455196380615,,,,2.0,,,,,,,,,
17628000,4407,2.25,,0.7936826348304749,,,,2.25,,,,,,,,,
17632000,4408,2.625,,0.8632254600524902,,,,2.625,,,,,,,,,
17636000,4409,3.5,,0.8133397102355957,,,,3.5,,,,,,,,,
17640000,4410,2.25,,0.9256599545478821,,,,2.25,,,,,,,,,
17644000,4411,2.75,,0.8531622290611267,,,,2.75,,,,,,,,,
17648000,4412,1.875,,0.9134691953659058,,,,1.875,,,,,,,,,
17652000,4413,1.375,,0.8658499717712402,,,,1.375,,,,,,,,,
17656000,4414,1.0,,0.864364504814148,,,,1.0,,,,,,,,,
17660000,4415,0.75,,0.9859632849693298,,,,0.75,,,,,,,,,
17664000,4416,0.25,,1.0168395042419434,,,,0.25,,,,,,,,,
17668000,4417,0.25,,0.9750394225120544,,,,0.25,,,,,,,,,
17672000,4418,0.25,,0.9786653518676758,,,,0.25,,,,,,,,,
17676000,4419,0.75,,0.931193470954895,,,,0.75,,,,,,,,,
17680000,4420,1.875,,0.9749132394790649,,,,1.875,,,,,,,,,
17684000,4421,3.0,,1.0206654071807861,,,,3.0,,,,,,,,,
17688000,4422,1.875,,0.9939806461334229,,,,1.875,,,,,,,,,
17692000,4423,1.625,,0.9021204710006714,,,,1.625,,,,,,,,,
17696000,4424,2.125,,0.9740355014801025,,,,2.125,,,,,,,,,
17700000,4425,0.25,,1.042039155960083,,,,0.25,,,,,,,,,
17704000,4426,1.375,,0.9398417472839355,,,,1.375,,,,,,,,,
17708000,4427,0.5,,0.9377486109733582,,,,0.5,,,,,,,,,
17712000,4428,0.25,,0.9211310148239136,,,,0.25,,,,,,,,,
17716000,4429,0.875,,1.008323311805725,,,,0.875,,,,,,,,,
17720000,4430,0.375,,0.9254261255264282,,,,0.375,,,,,,,,,
17724000,4431,1.875,,0.9799851179122925,,,,1.875,,,,,,,,,
17728000,4432,1.625,,0.9653850793838501,,,,1.625,,,,,,,,,
17732000,4433,3.875,,0.9445955157279968,,,,3.875,,,,,,,,,
17736000,4434,4.0,,0.9625906348228455,,,,4.0,,,,,,,,,
17740000,4435,3.875,,0.9652555584907532,,,,3.875,,,,,,,,,
17744000,4436,1.25,,0.9664007425308228,,,,1.25,,,,,,,,,
17748000,4437,1.75,,0.8949726819992065,,,,1.75,,,,,,,,,
17752000,4438,0.75,,0.9616269469261169,,,,0.75,,,,,,,,,
17756000,4439,0.5,,0.8993123769760132,,,,0.5,,,,,,,,,
17760000,4440,0.375,,0.9433060884475708,,,,0.375,,,,,,,,,
17764000,4441,0.25,,1.0579440593719482,,,,0.25,,,,,,,,,
17768000,4442,0.125,,0.9587534666061401,,,,0.125,,,,,,,,,
17772000,4443,0.125,,1.1234158277511597,,,,0.125,,,,,,,,,
17776000,4444,1.75,,1.0502777099609375,,,,1.75,,,,,,,,,
17780000,4445,0.625,,1.056891918182373,,,,0.625,,,,,,,,,
17784000,4446,1.875,,0.9138615727424622,,,,1.875,,,,,,,,,
17788000,4447,0.75,,0.9752780795097351,,,,0.75,,,,,,,,,
17792000,4448,0.625,,0.9230512976646423,,,,0.625,,,,,,,,,
17796000,4449,0.375,,0.897089958190918,,,,0.375,,,,,,,,,
17800000,4450,0.0,,0.9412895441055298,,,,0.0,,,,,,,,,
17804000,4451,0.25,,0.9208106994628906,,,,0.25,,,,,,,,,
17808000,4452,0.375,,0.9245638847351074,,,,0.375,,,,,,,,,
17812000,4453,1.125,,0.9129475355148315,,,,1.125,,,,,,,,,
17816000,4454,0.875,,1.0275256633758545,,,,0.875,,,,,,,,,
17820000,4455,0.5,,0.8303269147872925,,,,0.5,,,,,,,,,
17824000,4456,2.0,,0.810781717300415,,,,2.0,,,,,,,,,
17828000,4457,1.75,,0.9532452821731567,,,,1.75,,,,,,,,,
17832000,4458,2.25,,0.783761739730835,,,,2.25,,,,,,,,,
17836000,4459,3.0,,0.8545776605606079,,,,3.0,,,,,,,,,
17840000,4460,1.625,,0.8972171545028687,,,,1.625,,,,,,,,,
17844000,4461,1.375,,0.7975751161575317,,,,1.375,,,,,,,,,
17848000,4462,0.75,,0.8812339305877686,,,,0.75,,,,,,,,,
17852000,4463,0.25,,0.8128199577331543,,,,0.25,,,,,,,,,
17856000,4464,0.125,,0.7991727590560913,,,,0.125,,,,,,,,,
17860000,4465,0.125,,0.950299859046936,,,,0.125,,,,,,,,,
17864000,4466,0.0,,0.8629075884819031,,,,0.0,,,,,,,,,
17868000,4467,0.0,,0.934669017791748,,,,0.0,,,,,,,,,
17872000,4468,0.0,,0.8870510458946228,,,,0.0,,,,,,,,,
17876000,4469,1.375,,0.8297011256217957,,,,1.375,,,,,,,,,
17880000,4470,0.625,,0.7154789566993713,,,,0.625,,,,,,,,,
17884000,4471,1.25,,0.7174286842346191,,,,1.25,,,,,,,,,
17888000,4472,1.125,,0.8038763999938965,,,,1.125,,,,,,,,,
17892000,4473,1.0,,0.6723553538322449,,,,1.0,,,,,,,,,
17896000,4474,1.0,,0.6552364826202393,,,,1.0,,,,,,,,,
17900000,4475,0.625,,0.798298716545105,,,,0.625,,,,,,,,,
17904000,4476,0.875,,0.7535855770111084,,,,0.875,,,,,,,,,
17908000,4477,0.625,,0.7102888822555542,,,,0.625,,,,,,,,,
17912000,4478,0.625,,0.6834490299224854,,,,0.625,,,,,,,,,
17916000,4479,0.5,,0.701215386390686,,,,0.5,,,,,,,,,
17920000,4480,1.375,,0.6721739768981934,,,,1.375,,,,,,,,,
17924000,4481,0.875,,0.7333179116249084,,,,0.875,,,,,,,,,
17928000,4482,2.75,,0.7517472505569458,,,,2.75,,,,,,,,,
17932000,4483,2.625,,0.7307010889053345,,,,2.625,,,,,,,,,
17936000,4484,3.0,,0.5925483703613281,,,,3.0,,,,,,,,,
17940000,4485,3.25,,0.7316585779190063,,,,3.25,,,,,,,,,
17944000,4486,3.375,,0.6811447143554688,,,,3.375,,,,,,,,,
17948000,4487,2.375,,0.7818640470504761,,,,2.375,,,,,,,,,
17952000,4488,1.875,,0.6980851888656616,,,,1.875,,,,,,,,,
17956000,4489,0.5,,0.6287033557891846,,,,0.5,,,,,,,,,
17960000,4490,0.875,,0.6439362168312073,,,,0.875,,,,,,,,,
17964000,4491,0.625,,0.626394510269165,,,,0.625,,,,,,,,,
17968000,4492,0.75,,0.7135938405990601,,,,0.75,,,,,,,,,
17972000,4493,0.125,,0.718999445438385,,,,0.125,,,,,,,,,
17976000,4494,0.25,,0.7096452713012695,,,,0.25,,,,,,,,,
17980000,4495,0.125,,0.7294385433197021,,,,0.125,,,,,,,,,
17984000,4496,0.0,,0.7325865030288696,,,,0.0,,,,,,,,,
17988000,4497,0.375,,0.6837460398674011,,,,0.375,,,,,,,,,
17992000,4498,1.375,,0.7339442372322083,,,,1.375,,,,,,,,,
17996000,4499,1.25,,0.7671788930892944,,,,1.25,,,,,,,,,
18000000,4500,1.5,,0.7094891667366028,,,,1.5,,,,,,,,,
18004000,4501,2.75,,0.7111956477165222,,,,2.75,,,,,,,,,
18008000,4502,1.375,,0.707360029220581,,,,1.375,,,,,,,,,
18012000,4503,1.375,,0.6990192532539368,,,,1.375,,,,,,,,,
18016000,4504,0.75,,0.7474802732467651,,,,0.75,,,,,,,,,
18020000,4505,0.625,,0.7178949117660522,,,,0.625,,,,,,,,,
18024000,4506,0.0,,0.6921813488006592,,,,0.0,,,,,,,,,
18028000,4507,0.125,,0.6802100539207458,,,,0.125,,,,,,,,,
18032000,4508,0.25,,0.6787410378456116,,,,0.25,,,,,,,,,
18036000,4509,1.5,,0.7600540518760681,,,,1.5,,,,,,,,,
18040000,4510,1.125,,0.7119616270065308,,,,1.125,,,,,,,,,
18044000,4511,1.5,,0.7332806587219238,,,,1.5,,,,,,,,,
18048000,4512,1.0,,0.7643222212791443,,,,1.0,,,,,,,,,
18052000,4513,1.5,,0.7749800086021423,,,,1.5,,,,,,,,,
18056000,4514,2.125,,0.7104977369308472,,,,2.125,,,,,,,,,
18060000,4515,0.875,,0.7103943824768066,,,,0.875,,,,,,,,,
18064000,4516,1.25,,0.6932401657104492,,,,1.25,,,,,,,,,
18068000,4517,0.625,,0.6851900815963745,,,,0.625,,,,,,,,,
18072000,4518,0.125,,0.6964423060417175,,,,0.125,,,,,,,,,
18076000,4519,0.875,,0.6998451948165894,,,,0.875,,,,,,,,,
18080000,4520,0.0,,0.6950681209564209,,,,0.0,,,,,,,,,
18084000,4521,0.0,,0.6475403904914856,,,,0.0,,,,,,,,,
18088000,4522,0.375,,0.7244449257850647,,,,0.375,,,,,,,,,
18092000,4523,0.0,,0.7223145961761475,,,,0.0,,,,,,,,,
18096000,4524,0.0,,0.8367317318916321,,,,0.0,,,,,,,,,
18100000,4525,0.25,,0.7644505500793457,,,,0.25,,,,,,,,,
18104000,4526,1.125,,0.7787237167358398,,,,1.125,,,,,,,,,
18108000,4527,1.375,,0.8419003486633301,,,,1.375,,,,,,,,,
18112000,4528,1.5,,0.7449711561203003,,,,1.5,,,,,,,,,
18116000,4529,1.375,,0.6346210837364197,,,,1.375,,,,,,,,,
18120000,4530,1.5,,0.6357874870300293,,,,1.5,,,,,,,,,
18124000,4531,1.25,,0.7312831878662109,,,,1.25,,,,,,,,,
18128000,4532,0.125,,0.6509124040603638,,,,0.125,,,,,,,,,
18132000,4533,0.125,,0.7884194850921631,,,,0.125,,,,,,,,,
18136000,4534,0.5,,0.6911930441856384,,,,0.5,,,,,,,,,
18140000,4535,0.375,,0.6502400040626526,,,,0.375,,,,,,,,,
18144000,4536,0.75,,0.6541084051132202,,,,0.75,,,,,,,,,
18148000,4537,0.75,,0.7206845283508301,,,,0.75,,,,,,,,,
18152000,4538,0.5,,0.5872408747673035,,,,0.5,,,,,,,,,
18156000,4539,1.75,,0.7024717330932617,,,,1.75,,,,,,,,,
18160000,4540,2.25,,0.5823098421096802,,,,2.25,,,,,,,,,
18164000,4541,1.5,,0.6508817076683044,,,,1.5,,,,,,,,,
18168000,4542,2.375,,0.5784580707550049,,,,2.375,,,,,,,,,
18172000,4543,0.875,,0.6138750910758972,,,,0.875,,,,,,,,,
18176000,4544,1.875,,0.6063615083694458,,,,1.875,,,,,,,,,
18180000,4545,1.625,,0.6344792246818542,,,,1.625,,,,,,,,,
18184000,4546,1.375,,0.6966296434402466,,,,1.375,,,,,,,,,
18188000,4547,1.5,,0.6712995171546936,,,,1.5,,,,,,,,,
18192000,4548,1.0,,0.5636109113693237,,,,1.0,,,,,,,,,
18196000,4549,0.25,,0.641491174697876,,,,0.25,,,,,,,,,
18200000,4550,0.375,,0.5314415693283081,,,,0.375,,,,,,,,,
18204000,4551,0.0,,0.5728574395179749,,,,0.0,,,,,,,,,
18208000,4552,0.0,,0.5805494785308838,,,,0.0,,,,,,,,,
18212000,4553,0.25,,0.6359614133834839,,,,0.25,,,,,,,,,
18216000,4554,0.5,,0.6383605003356934,,,,0.5,,,,,,,,,
18220000,4555,1.0,,0.6624454855918884,,,,1.0,,,,,,,,,
18224000,4556,0.625,,0.63978111743927,,,,0.625,,,,,,,,,
18228000,4557,1.0,,0.6651843786239624,,,,1.0,,,,,,,,,
18232000,4558,2.75,,0.6159924268722534,,,,2.75,,,,,,,,,
18236000,4559,2.375,,0.5739427208900452,,,,2.375,,,,,,,,,
18240000,4560,2.5,,0.5935149192810059,,,,2.5,,,,,,,,,
18244000,4561,3.0,,0.5489180088043213,,,,3.0,,,,,,,,,
18248000,4562,2.25,,0.5790637731552124,,,,2.25,,,,,,,,,
18252000,4563,0.75,,0.6279362440109253,,,,0.75,,,,,,,,,
18256000,4564,1.75,,0.7215522527694702,,,,1.75,,,,,,,,,
18260000,4565,1.375,,0.6928741931915283,,,,1.375,,,,,,,,,
18264000,4566,2.125,,0.6535189151763916,,,,2.125,,,,,,,,,
18268000,4567,1.75,,0.740218997001648,,,,1.75,,,,,,,,,
18272000,4568,2.5,,0.7024744749069214,,,,2.5,,,,,,,,,
18276000,4569,2.875,,0.6951252222061157,,,,2.875,,,,,,,,,
18280000,4570,3.125,,0.6473402380943298,,,,3.125,,,,,,,,,
18284000,4571,3.5,,0.6042242050170898,,,,3.5,,,,,,,,,
18288000,4572,2.625,,0.742511510848999,,,,2.625,,,,,,,,,
18292000,4573,3.125,,0.6124783754348755,,,,3.125,,,,,,,,,
18296000,4574,1.875,,0.6358352899551392,,,,1.875,,,,,,,,,
18300000,4575,2.0,,0.6855937242507935,,,,2.0,,,,,,,,,
18304000,4576,2.5,,0.6667730212211609,,,,2.5,,,,,,,,,
18308000,4577,1.125,,0.7370564937591553,,,,1.125,,,,,,,,,
18312000,4578,1.625,,0.763842761516571,,,,1.625,,,,,,,,,
18316000,4579,1.375,,0.8040242195129395,,,,1.375,,,,,,,,,
18320000,4580,0.375,,0.7315472364425659,,,,0.375,,,,,,,,,
18324000,4581,1.625,,0.7382490634918213,,,,1.625,,,,,,,,,
18328000,4582,0.5,,0.7456464767456055,,,,0.5,,,,,,,,,
18332000,4583,2.125,,0.7956002950668335,,,,2.125,,,,,,,,,
18336000,4584,2.125,,0.6905527114868164,,,,2.125,,,,,,,,,
18340000,4585,2.375,,0.742127001285553,,,,2.375,,,,,,,,,
18344000,4586,1.75,,0.6274557113647461,,,,1.75,,,,,,,,,
18348000,4587,1.5,,0.670878529548645,,,,1.5,,,,,,,,,
18352000,4588,1.875,,0.720899224281311,,,,1.875,,,,,,,,,
18356000,4589,2.0,,0.7227219939231873,,,,2.0,,,,,,,,,
18360000,4590,1.75,,0.7116742134094238,,,,1.75,,,,,,,,,
18364000,4591,1.625,,0.6970123052597046,,,,1.625,,,,,,,,,
18368000,4592,1.125,,0.7403380870819092,,,,1.125,,,,,,,,,
18372000,4593,0.5,,0.8253110647201538,,,,0.5,,,,,,,,,
18376000,4594,1.375,,0.7376733422279358,,,,1.375,,,,,,,,,
18380000,4595,1.5,,0.7435345649719238,,,,1.5,,,,,,,,,
18384000,4596,1.125,,0.7721452713012695,,,,1.125,,,,,,,,,
18388000,4597,3.25,,0.6605509519577026,,,,3.25,,,,,,,,,
18392000,4598,3.25,,0.7372045516967773,,,,3.25,,,,,,,,,
18396000,4599,2.75,,0.7669506072998047,,,,2.75,,,,,,,,,
18400000,4600,3.25,,0.7747418880462646,,,,3.25,,,,,,,,,
18404000,4601,3.0,,0.7558460235595703,,,,3.0,,,,,,,,,
18408000,4602,2.375,,0.7694510221481323,,,,2.375,,,,,,,,,
18412000,4603,1.0,,0.792387843132019,,,,1.0,,,,,,,,,
18416000,4604,1.125,,0.7802093625068665,,,,1.125,,,,,,,,,
18420000,4605,0.625,,0.7978023290634155,,,,0.625,,,,,,,,,
18424000,4606,0.25,,0.8026986122131348,,,,0.25,,,,,,,,,
18428000,4607,0.375,,0.8067063689231873,,,,0.375,,,,,,,,,
18432000,4608,0.5,,0.7763363718986511,,,,0.5,,,,,,,,,
18436000,4609,1.25,,0.7517127990722656,,,,1.25,,,,,,,,,
18440000,4610,2.25,,0.7215149998664856,,,,2.25,,,,,,,,,
18444000,4611,2.5,,0.6519346237182617,,,,2.5,,,,,,,,,
18448000,4612,1.875,,0.7372483015060425,,,,1.875,,,,,,,,,
18452000,4613,1.375,,0.7588001489639282,,,,1.375,,,,,,,,,
18456000,4614,2.125,,0.7395825982093811,,,,2.125,,,,,,,,,
18460000,4615,1.375,,0.703147828578949,,,,1.375,,,,,,,,,
18464000,4616,1.0,,0.7160378098487854,,,,1.0,,,,,,,,,
18468000,4617,1.5,,0.7104917168617249,,,,1.5,,,,,,,,,
18472000,4618,1.375,,0.7266513109207153,,,,1.375,,,,,,,,,
18476000,4619,1.75,,0.7429156303405762,,,,1.75,,,,,,,,,
18480000,4620,1.625,,0.7938418388366699,,,,1.625,,,,,,,,,
18484000,4621,2.75,,0.8500821590423584,,,,2.75,,,,,,,,,
18488000,4622,2.125,,0.8535914421081543,,,,2.125,,,,,,,,,
18492000,4623,3.625,,0.8383423089981079,,,,3.625,,,,,,,,,
18496000,4624,3.25,,0.8477030396461487,,,,3.25,,,,,,,,,
18500000,4625,3.625,,0.7986854910850525,,,,3.625,,,,,,,,,
18504000,4626,2.875,,0.8418466448783875,,,,2.875,,,,,,,,,
18508000,4627,3.5,,0.8339647650718689,,,,3.5,,,,,,,,,
18512000,4628,2.5,,0.8629405498504639,,,,2.5,,,,,,,,,
18516000,4629,2.125,,0.7859857082366943,,,,2.125,,,,,,,,,
18520000,4630,1.75,,0.7847808003425598,,,,1.75,,,,,,,,,
18524000,4631,1.5,,0.8194494843482971,,,,1.5,,,,,,,,,
18528000,4632,0.75,,0.8266370296478271,,,,0.75,,,,,,,,,
18532000,4633,1.5,,0.8916035890579224,,,,1.5,,,,,,,,,
18536000,4634,0.625,,0.8858070373535156,,,,0.625,,,,,,,,,
18540000,4635,0.875,,0.9532124996185303,,,,0.875,,,,,,,,,
18544000,4636,0.625,,0.834385871887207,,,,0.625,,,,,,,,,
18548000,4637,1.0,,0.882016658782959,,,,1.0,,,,,,,,,
18552000,4638,2.375,,0.7873982191085815,,,,2.375,,,,,,,,,
18556000,4639,1.625,,0.854809045791626,,,,1.625,,,,,,,,,
18560000,4640,1.0,,0.8834223747253418,,,,1.0,,,,,,,,,
18564000,4641,1.125,,0.9260640740394592,,,,1.125,,,,,,,,,
18568000,4642,0.625,,0.819800615310669,,,,0.625,,,,,,,,,
18572000,4643,1.0,,0.9641486406326294,,,,1.0,,,,,,,,,
18576000,4644,1.375,,0.9300351142883301,,,,1.375,,,,,,,,,
18580000,4645,1.375,,0.9195984601974487,,,,1.375,,,,,,,,,
18584000,4646,2.375,,0.868241548538208,,,,2.375,,,,,,,,,
18588000,4647,2.75,,1.0117905139923096,,,,2.75,,,,,,,,,
18592000,4648,1.75,,0.9741371870040894,,,,1.75,,,,,,,,,
18596000,4649,2.25,,0.9003262519836426,,,,2.25,,,,,,,,,
18600000,4650,1.125,,0.8686658143997192,,,,1.125,,,,,,,,,
18604000,4651,2.0,,0.8367654085159302,,,,2.0,,,,,,,,,
18608000,4652,0.875,,0.8974948525428772,,,,0.875,,,,,,,,,
18612000,4653,1.625,,0.8922218084335327,,,,1.625,,,,,,,,,
18616000,4654,0.5,,0.9204695224761963,,,,0.5,,,,,,,,,
18620000,4655,0.875,,0.9449687600135803,,,,0.875,,,,,,,,,
18624000,4656,0.125,,0.8826577663421631,,,,0.125,,,,,,,,,
18628000,4657,0.0,,0.8839418888092041,,,,0.0,,,,,,,,,
18632000,4658,1.5,,0.855804979801178,,,,1.5,,,,,,,,,
18636000,4659,1.5,,0.9186575412750244,,,,1.5,,,,,,,,,
18640000,4660,2.375,,0.8853994607925415,,,,2.375,,,,,,,,,
18644000,4661,2.625,,0.8702208995819092,,,,2.625,,,,,,,,,
18648000,4662,1.75,,0.9158706665039062,,,,1.75,,,,,,,,,
18652000,4663,2.625,,0.8650255799293518,,,,2.625,,,,,,,,,
18656000,4664,2.5,,0.9548587799072266,,,,2.5,,,,,,,,,
18660000,4665,2.625,,0.9532861113548279,,,,2.625,,,,,,,,,
18664000,4666,2.0,,0.8821303844451904,,,,2.0,,,,,,,,,
18668000,4667,2.625,,0.9620445966720581,,,,2.625,,,,,,,,,
18672000,4668,3.25,,0.9173164367675781,,,,3.25,,,,,,,,,
18676000,4669,2.875,,0.9408583641052246,,,,2.875,,,,,,,,,
18680000,4670,3.375,,0.9255649447441101,,,,3.375,,,,,,,,,
18684000,4671,3.0,,0.9461296200752258,,,,3.0,,,,,,,,,
18688000,4672,3.875,,0.9502648115158081,,,,3.875,,,,,,,,,
18692000,4673,3.875,,1.0020240545272827,,,,3.875,,,,,,,,,
18696000,4674,3.75,,0.998511552810669,,,,3.75,,,,,,,,,
18700000,4675,2.0,,1.0205868482589722,,,,2.0,,,,,,,,,
18704000,4676,2.75,,1.0225193500518799,,,,2.75,,,,,,,,,
18708000,4677,1.875,,1.018958568572998,,,,1.875,,,,,,,,,
18712000,4678,1.25,,0.987653374671936,,,,1.25,,,,,,,,,
18716000,4679,1.625,,0.9969295859336853,,,,1.625,,,,,,,,,
18720000,4680,0.625,,1.200793981552124,,,,0.625,,,,,,,,,
18724000,4681,0.5,,1.1425853967666626,,,,0.5,,,,,,,,,
18728000,4682,1.0,,1.2717764377593994,,,,1.0,,,,,,,,,
18732000,4683,1.625,,1.1932849884033203,,,,1.625,,,,,,,,,
18736000,4684,2.5,,1.1800671815872192,,,,2.5,,,,,,,,,
18740000,4685,0.625,,1.0772085189819336,,,,0.625,,,,,,,,,
18744000,4686,0.25,,1.0376358032226562,,,,0.25,,,,,,,,,
18748000,4687,0.625,,1.0661046504974365,,,,0.625,,,,,,,,,
18752000,4688,0.5,,0.9573760032653809,,,,0.5,,,,,,,,,
18756000,4689,1.625,,1.0698392391204834,,,,1.625,,,,,,,,,
18760000,4690,2.0,,1.013307809829712,,,,2.0,,,,,,,,,
18764000,4691,2.25,,1.0462645292282104,,,,2.25,,,,,,,,,
18768000,4692,2.25,,0.9369481801986694,,,,2.25,,,,,,,,,
18772000,4693,2.0,,0.9886128902435303,,,,2.0,,,,,,,,,
18776000,4694,1.875,,0.9633792638778687,,,,1.875,,,,,,,,,
18780000,4695,1.375,,0.9919916391372681,,,,1.375,,,,,,,,,
18784000,4696,0.5,,1.0053305625915527,,,,0.5,,,,,,,,,
18788000,4697,0.375,,0.9698196649551392,,,,0.375,,,,,,,,,
18792000,4698,0.625,,0.9714411497116089,,,,0.625,,,,,,,,,
18796000,4699,1.375,,0.8894138336181641,,,,1.375,,,,,,,,,
18800000,4700,0.5,,1.005429744720459,,,,0.5,,,,,,,,,
18804000,4701,1.375,,0.9844833612442017,,,,1.375,,,,,,,,,
18808000,4702,1.25,,1.0149171352386475,,,,1.25,,,,,,,,,
18812000,4703,1.0,,0.9752181768417358,,,,1.0,,,,,,,,,
18816000,4704,1.25,,0.9281150102615356,,,,1.25,,,,,,,,,
18820000,4705,1.875,,0.9060911536216736,,,,1.875,,,,,,,,,
18824000,4706,1.5,,0.9282231330871582,,,,1.5,,,,,,,,,
18828000,4707,2.625,,0.8834387063980103,,,,2.625,,,,,,,,,
18832000,4708,2.5,,1.0032789707183838,,,,2.5,,,,,,,,,
18836000,4709,2.75,,0.9060958027839661,,,,2.75,,,,,,,,,
18840000,4710,2.875,,0.954183042049408,,,,2.875,,,,,,,,,
18844000,4711,2.5,,0.9373575448989868,,,,2.5,,,,,,,,,
18848000,4712,3.25,,0.9881119728088379,,,,3.25,,,,,,,,,
18852000,4713,2.125,,1.055719017982483,,,,2.125,,,,,,,,,
18856000,4714,3.5,,1.0209412574768066,,,,3.5,,,,,,,,,
18860000,4715,2.875,,0.9617985486984253,,,,2.875,,,,,,,,,
18864000,4716,4.0,,0.962928831577301,,,,4.0,,,,,,,,,
18868000,4717,3.375,,0.9332362413406372,,,,3.375,,,,,,,,,
18872000,4718,3.375,,1.0455151796340942,,,,3.375,,,,,,,,,
18876000,4719,3.25,,0.9985877871513367,,,,3.25,,,,,,,,,
18880000,4720,3.375,,1.0369608402252197,,,,3.375,,,,,,,,,
18884000,4721,3.125,,0.9563068151473999,,,,3.125,,,,,,,,,
18888000,4722,3.125,,0.9752153158187866,,,,3.125,,,,,,,,,
18892000,4723,3.125,,1.0389491319656372,,,,3.125,,,,,,,,,
18896000,4724,1.625,,0.9657840132713318,,,,1.625,,,,,,,,,
18900000,4725,3.0,,1.0083954334259033,,,,3.0,,,,,,,,,
18904000,4726,2.75,,1.0548559427261353,,,,2.75,,,,,,,,,
18908000,4727,3.375,,0.9951236248016357,,,,3.375,,,,,,,,,
18912000,4728,3.125,,1.0859676599502563,,,,3.125,,,,,,,,,
18916000,4729,3.125,,1.0248823165893555,,,,3.125,,,,,,,,,
18920000,4730,3.875,,1.057827115058899,,,,3.875,,,,,,,,,
18924000,4731,3.625,,1.0722272396087646,,,,3.625,,,,,,,,,
18928000,4732,2.875,,1.1079496145248413,,,,2.875,,,,,,,,,
18932000,4733,2.5,,1.0988417863845825,,,,2.5,,,,,,,,,
18936000,4734,2.125,,1.148599624633789,,,,2.125,,,,,,,,,
18940000,4735,2.625,,1.1316196918487549,,,,2.625,,,,,,,,,
18944000,4736,3.125,,1.129289150238037,,,,3.125,,,,,,,,,
18948000,4737,2.125,,1.217883586883545,,,,2.125,,,,,,,,,
18952000,4738,3.625,,1.1305203437805176,,,,3.625,,,,,,,,,
18956000,4739,3.125,,1.1255955696105957,,,,3.125,,,,,,,,,
18960000,4740,2.5,,1.2233450412750244,,,,2.5,,,,,,,,,
18964000,4741,2.0,,1.1000726222991943,,,,2.0,,,,,,,,,
18968000,4742,3.75,,1.2782297134399414,,,,3.75,,,,,,,,,
18972000,4743,2.25,,1.1197741031646729,,,,2.25,,,,,,,,,
18976000,4744,2.25,,1.0912225246429443,,,,2.25,,,,,,,,,
18980000,4745,1.0,,1.190324306488037,,,,1.0,,,,,,,,,
18984000,4746,1.375,,1.19291090965271,,,,1.375,,,,,,,,,
18988000,4747,2.375,,1.196624517440796,,,,2.375,,,,,,,,,
18992000,4748,2.125,,1.177675485610962,,,,2.125,,,,,,,,,
18996000,4749,1.0,,1.2488466501235962,,,,1.0,,,,,,,,,
19000000,4750,1.125,,1.1366209983825684,,,,1.125,,,,,,,,,
19004000,4751,1.375,,1.0130845308303833,,,,1.375,,,,,,,,,
19008000,4752,1.0,,1.0465545654296875,,,,1.0,,,,,,,,,
19012000,4753,2.0,,1.102561593055725,,,,2.0,,,,,,,,,
19016000,4754,1.875,,1.0150885581970215,,,,1.875,,,,,,,,,
19020000,4755,3.25,,1.00872802734375,,,,3.25,,,,,,,,,
19024000,4756,3.25,,1.0652096271514893,,,,3.25,,,,,,,,,
19028000,4757,3.5,,1.0386695861816406,,,,3.5,,,,,,,,,
19032000,4758,2.75,,1.1328396797180176,,,,2.75,,,,,,,,,
19036000,4759,3.375,,1.2407639026641846,,,,3.375,,,,,,,,,
19040000,4760,3.125,,1.112351417541504,,,,3.125,,,,,,,,,
19044000,4761,3.625,,1.1443989276885986,,,,3.625,,,,,,,,,
19048000,4762,3.625,,1.1594605445861816,,,,3.625,,,,,,,,,
19052000,4763,3.625,,1.127403736114502,,,,3.625,,,,,,,,,
19056000,4764,2.0,,1.1156262159347534,,,,2.0,,,,,,,,,
19060000,4765,3.5,,1.1944613456726074,,,,3.5,,,,,,,,,
19064000,4766,2.5,,1.245702862739563,,,,2.5,,,,,,,,,
19068000,4767,4.0,,1.1222350597381592,,,,4.0,,,,,,,,,
19072000,4768,2.75,,1.1905442476272583,,,,2.75,,,,,,,,,
19076000,4769,2.375,,1.2653626203536987,,,,2.375,,,,,,,,,
19080000,4770,3.375,,1.2022120952606201,,,,3.375,,,,,,,,,
19084000,4771,3.5,,1.2280364036560059,,,,3.5,,,,,,,,,
19088000,4772,3.25,,1.1933338642120361,,,,3.25,,,,,,,,,
19092000,4773,2.75,,1.2090487480163574,,,,2.75,,,,,,,,,
19096000,4774,4.0,,1.1120370626449585,,,,4.0,,,,,,,,,
19100000,4775,3.375,,1.2007263898849487,,,,3.375,,,,,,,,,
19104000,4776,3.875,,1.1310534477233887,,,,3.875,,,,,,,,,
19108000,4777,3.75,,1.2265079021453857,,,,3.75,,,,,,,,,
19112000,4778,4.25,,1.2149091958999634,,,,4.25,,,,,,,,,
19116000,4779,4.0,,1.1914037466049194,,,,4.0,,,,,,,,,
19120000,4780,3.625,,1.3277244567871094,,,,3.625,,,,,,,,,
19124000,4781,2.5,,1.2975592613220215,,,,2.5,,,,,,,,,
19128000,4782,3.125,,1.4223754405975342,,,,3.125,,,,,,,,,
19132000,4783,1.625,,1.3490599393844604,,,,1.625,,,,,,,,,
19136000,4784,3.0,,1.3367990255355835,,,,3.0,,,,,,,,,
19140000,4785,2.5,,1.369539499282837,,,,2.5,,,,,,,,,
19144000,4786,2.25,,1.354426383972168,,,,2.25,,,,,,,,,
19148000,4787,3.25,,1.319154977798462,,,,3.25,,,,,,,,,
19152000,4788,3.75,,1.2998173236846924,,,,3.75,,,,,,,,,
19156000,4789,2.5,,1.3647868633270264,,,,2.5,,,,,,,,,
19160000,4790,3.75,,1.3814973831176758,,,,3.75,,,,,,,,,
19164000,4791,2.625,,1.4026341438293457,,,,2.625,,,,,,,,,
19168000,4792,2.375,,1.2978813648223877,,,,2.375,,,,,,,,,
19172000,4793,2.875,,1.2885105609893799,,,,2.875,,,,,,,,,
19176000,4794,2.875,,1.3313088417053223,,,,2.875,,,,,,,,,
19180000,4795,3.125,,1.3342018127441406,,,,3.125,,,,,,,,,
19184000,4796,3.0,,1.3241562843322754,,,,3.0,,,,,,,,,
19188000,4797,3.375,,1.2683570384979248,,,,3.375,,,,,,,,,
19192000,4798,3.875,,1.3000974655151367,,,,3.875,,,,,,,,,
19196000,4799,1.75,,1.248976469039917,,,,1.75,,,,,,,,,
19200000,4800,1.75,,1.3222116231918335,,,,1.75,,,,,,,,,
19204000,4801,1.125,,1.3236161470413208,,,,1.125,,,,,,,,,
19208000,4802,0.625,,1.3197349309921265,,,,0.625,,,,,,,,,
19212000,4803,1.875,,1.2872076034545898,,,,1.875,,,,,,,,,
19216000,4804,2.25,,1.2769176959991455,,,,2.25,,,,,,,,,
19220000,4805,2.5,,1.3205972909927368,,,,2.5,,,,,,,,,
19224000,4806,3.25,,1.4133868217468262,,,,3.25,,,,,,,,,
19228000,4807,2.375,,1.4793893098831177,,,,2.375,,,,,,,,,
19232000,4808,4.0,,1.2817332744598389,,,,4.0,,,,,,,,,
19236000,4809,2.125,,1.3509124517440796,,,,2.125,,,,,,,,,
19240000,4810,2.0,,1.3814003467559814,,,,2.0,,,,,,,,,
19244000,4811,2.125,,1.373457908630371,,,,2.125,,,,,,,,,
19248000,4812,1.75,,1.3797273635864258,,,,1.75,,,,,,,,,
19252000,4813,3.125,,1.274289608001709,,,,3.125,,,,,,,,,
19256000,4814,3.375,,1.2901066541671753,,,,3.375,,,,,,,,,
19260000,4815,2.75,,1.3685998916625977,,,,2.75,,,,,,,,,
19264000,4816,4.125,,1.3771388530731201,,,,4.125,,,,,,,,,
19268000,4817,3.25,,1.302658200263977,,,,3.25,,,,,,,,,
19272000,4818,3.25,,1.3917551040649414,,,,3.25,,,,,,,,,
19276000,4819,2.625,,1.3590143918991089,,,,2.625,,,,,,,,,
19280000,4820,2.5,,1.3318712711334229,,,,2.5,,,,,,,,,
19284000,4821,1.625,,1.4241831302642822,,,,1.625,,,,,,,,,
19288000,4822,1.25,,1.3891836404800415,,,,1.25,,,,,,,,,
19292000,4823,1.625,,1.5427770614624023,,,,1.625,,,,,,,,,
19296000,4824,0.875,,1.5655332803726196,,,,0.875,,,,,,,,,
19300000,4825,3.125,,1.5122652053833008,,,,3.125,,,,,,,,,
19304000,4826,2.0,,1.5147159099578857,,,,2.0,,,,,,,,,
19308000,4827,0.75,,1.3921599388122559,,,,0.75,,,,,,,,,
19312000,4828,0.25,,1.470977783203125,,,,0.25,,,,,,,,,
19316000,4829,0.25,,1.3820558786392212,,,,0.25,,,,,,,,,
19320000,4830,2.375,,1.40269935131073,,,,2.375,,,,,,,,,
19324000,4831,2.125,,1.4047141075134277,,,,2.125,,,,,,,,,
19328000,4832,2.75,,1.4845082759857178,,,,2.75,,,,,,,,,
19332000,4833,3.375,,1.4031025171279907,,,,3.375,,,,,,,,,
19336000,4834,3.0,,1.4338479042053223,,,,3.0,,,,,,,,,
19340000,4835,2.25,,1.4169903993606567,,,,2.25,,,,,,,,,
19344000,4836,2.75,,1.3792459964752197,,,,2.75,,,,,,,,,
19348000,4837,3.5,,1.3962976932525635,,,,3.5,,,,,,,,,
19352000,4838,0.875,,1.3823819160461426,,,,0.875,,,,,,,,,
19356000,4839,0.75,,1.4786392450332642,,,,0.75,,,,,,,,,
19360000,4840,1.0,,1.3636873960494995,,,,1.0,,,,,,,,,
19364000,4841,1.625,,1.4129770994186401,,,,1.625,,,,,,,,,
19368000,4842,1.75,,1.4486494064331055,,,,1.75,,,,,,,,,
19372000,4843,3.125,,1.3810703754425049,,,,3.125,,,,,,,,,
19376000,4844,3.625,,1.2450947761535645,,,,3.625,,,,,,,,,
19380000,4845,3.625,,1.2837375402450562,,,,3.625,,,,,,,,,
19384000,4846,3.5,,1.2783700227737427,,,,3.5,,,,,,,,,
19388000,4847,3.125,,1.3588535785675049,,,,3.125,,,,,,,,,
19392000,4848,1.75,,1.3143484592437744,,,,1.75,,,,,,,,,
19396000,4849,3.125,,1.3761595487594604,,,,3.125,,,,,,,,,
19400000,4850,3.625,,1.3638241291046143,,,,3.625,,,,,,,,,
19404000,4851,3.25,,1.3683080673217773,,,,3.25,,,,,,,,,
19408000,4852,4.125,,1.2806814908981323,,,,4.125,,,,,,,,,
19412000,4853,3.875,,1.2224864959716797,,,,3.875,,,,,,,,,
19416000,4854,3.625,,1.3929011821746826,,,,3.625,,,,,,,,,
19420000,4855,3.5,,1.371208667755127,,,,3.5,,,,,,,,,
19424000,4856,3.375,,1.356824278831482,,,,3.375,,,,,,,,,
19428000,4857,1.625,,1.4559863805770874,,,,1.625,,,,,,,,,
19432000,4858,2.0,,1.3960483074188232,,,,2.0,,,,,,,,,
19436000,4859,1.25,,1.390925407409668,,,,1.25,,,,,,,,,
19440000,4860,2.625,,1.498816967010498,,,,2.625,,,,,,,,,
19444000,4861,4.125,,1.3538289070129395,,,,4.125,,,,,,,,,
19448000,4862,3.5,,1.4218521118164062,,,,3.5,,,,,,,,,
19452000,4863,2.875,,1.3755977153778076,,,,2.875,,,,,,,,,
19456000,4864,2.25,,1.3822789192199707,,,,2.25,,,,,,,,,
19460000,4865,1.875,,1.3859889507293701,,,,1.875,,,,,,,,,
19464000,4866,2.5,,1.3788341283798218,,,,2.5,,,,,,,,,
19468000,4867,2.625,,1.3935966491699219,,,,2.625,,,,,,,,,
19472000,4868,2.625,,1.3403607606887817,,,,2.625,,,,,,,,,
19476000,4869,3.625,,1.349457025527954,,,,3.625,,,,,,,,,
19480000,4870,3.875,,1.349550724029541,,,,3.875,,,,,,,,,
19484000,4871,2.625,,1.375383973121643,,,,2.625,,,,,,,,,
19488000,4872,2.0,,1.3944295644760132,,,,2.0,,,,,,,,,
19492000,4873,0.875,,1.3918038606643677,,,,0.875,,,,,,,,,
19496000,4874,0.875,,1.3240729570388794,,,,0.875,,,,,,,,,
19500000,4875,0.5,,1.5281991958618164,,,,0.5,,,,,,,,,
19504000,4876,0.5,,1.4725275039672852,,,,0.5,,,,,,,,,
19508000,4877,0.625,,1.7136123180389404,,,,0.625,,,,,,,,,
19512000,4878,3.125,,1.5469236373901367,,,,3.125,,,,,,,,,
19516000,4879,1.0,,1.428084135055542,,,,1.0,,,,,,,,,
19520000,4880,1.0,,1.4394102096557617,,,,1.0,,,,,,,,,
19524000,4881,0.25,,1.420706033706665,,,,0.25,,,,,,,,,
19528000,4882,0.5,,1.3087608814239502,,,,0.5,,,,,,,,,
19532000,4883,1.0,,1.262774109840393,,,,1.0,,,,,,,,,
19536000,4884,2.25,,1.2525252103805542,,,,2.25,,,,,,,,,
19540000,4885,2.375,,1.2514903545379639,,,,2.375,,,,,,,,,
19544000,4886,3.75,,1.3422397375106812,,,,3.75,,,,,,,,,
19548000,4887,2.25,,1.2880849838256836,,,,2.25,,,,,,,,,
19552000,4888,2.875,,1.2885334491729736,,,,2.875,,,,,,,,,
19556000,4889,2.625,,1.3061366081237793,,,,2.625,,,,,,,,,
19560000,4890,2.125,,1.2259854078292847,,,,2.125,,,,,,,,,
19564000,4891,0.875,,1.3378586769104004,,,,0.875,,,,,,,,,
19568000,4892,0.25,,1.3227479457855225,,,,0.25,,,,,,,,,
19572000,4893,1.0,,1.4013442993164062,,,,1.0,,,,,,,,,
19576000,4894,0.375,,1.3202922344207764,,,,0.375,,,,,,,,,
19580000,4895,2.375,,1.325833797454834,,,,2.375,,,,,,,,,
19584000,4896,1.25,,1.3355047702789307,,,,1.25,,,,,,,,,
19588000,4897,3.0,,1.2861707210540771,,,,3.0,,,,,,,,,
19592000,4898,3.0,,1.2813841104507446,,,,3.0,,,,,,,,,
19596000,4899,2.75,,1.2226529121398926,,,,2.75,,,,,,,,,
19600000,4900,2.0,,1.2097139358520508,,,,2.0,,,,,,,,,
19604000,4901,2.875,,1.2440950870513916,,,,2.875,,,,,,,,,
19608000,4902,2.0,,1.159182071685791,,,,2.0,,,,,,,,,
19612000,4903,2.5,,1.2506585121154785,,,,2.5,,,,,,,,,
19616000,4904,3.5,,1.1991422176361084,,,,3.5,,,,,,,,,
19620000,4905,4.125,,1.2552227973937988,,,,4.125,,,,,,,,,
19624000,4906,3.875,,1.1286828517913818,,,,3.875,,,,,,,,,
19628000,4907,3.5,,1.2071653604507446,,,,3.5,,,,,,,,,
19632000,4908,2.5,,1.217973232269287,,,,2.5,,,,,,,,,
19636000,4909,1.125,,1.3038110733032227,,,,1.125,,,,,,,,,
19640000,4910,2.125,,1.2404019832611084,,,,2.125,,,,,,,,,
19644000,4911,0.875,,1.4132113456726074,,,,0.875,,,,,,,,,
19648000,4912,1.625,,1.3343591690063477,,,,1.625,,,,,,,,,
19652000,4913,0.25,,1.2894182205200195,,,,0.25,,,,,,,,,
19656000,4914,2.75,,1.281592607498169,,,,2.75,,,,,,,,,
19660000,4915,1.375,,1.2829375267028809,,,,1.375,,,,,,,,,
19664000,4916,2.0,,1.1435925960540771,,,,2.0,,,,,,,,,
19668000,4917,1.5,,1.2499390840530396,,,,1.5,,,,,,,,,
19672000,4918,0.75,,1.2249388694763184,,,,0.75,,,,,,,,,
19676000,4919,1.25,,1.2098017930984497,,,,1.25,,,,,,,,,
19680000,4920,2.625,,1.2236430644989014,,,,2.625,,,,,,,,,
19684000,4921,1.5,,1.1741557121276855,,,,1.5,,,,,,,,,
19688000,4922,2.625,,1.1037886142730713,,,,2.625,,,,,,,,,
19692000,4923,2.125,,1.1152616739273071,,,,2.125,,,,,,,,,
19696000,4924,3.875,,1.0985124111175537,,,,3.875,,,,,,,,,
19700000,4925,3.875,,1.1907676458358765,,,,3.875,,,,,,,,,
19704000,4926,3.125,,1.13569176197052,,,,3.125,,,,,,,,,
19708000,4927,2.0,,1.1562864780426025,,,,2.0,,,,,,,,,
19712000,4928,1.125,,1.238732099533081,,,,1.125,,,,,,,,,
19716000,4929,0.875,,1.2460477352142334,,,,0.875,,,,,,,,,
19720000,4930,0.625,,1.3199803829193115,,,,0.625,,,,,,,,,
19724000,4931,1.125,,1.2550709247589111,,,,1.125,,,,,,,,,
19728000,4932,0.625,,1.2088587284088135,,,,0.625,,,,,,,,,
19732000,4933,2.125,,1.1992028951644897,,,,2.125,,,,,,,,,
19736000,4934,1.125,,1.1209096908569336,,,,1.125,,,,,,,,,
19740000,4935,3.375,,1.1235744953155518,,,,3.375,,,,,,,,,
19744000,4936,2.25,,1.1956329345703125,,,,2.25,,,,,,,,,
19748000,4937,1.75,,1.0958478450775146,,,,1.75,,,,,,,,,
19752000,4938,2.125,,1.1925095319747925,,,,2.125,,,,,,,,,
19756000,4939,3.375,,1.1915488243103027,,,,3.375,,,,,,,,,
19760000,4940,1.625,,1.1115782260894775,,,,1.625,,,,,,,,,
19764000,4941,2.75,,1.1176120042800903,,,,2.75,,,,,,,,,
19768000,4942,3.0,,1.1798059940338135,,,,3.0,,,,,,,,,
19772000,4943,3.875,,1.1573050022125244,,,,3.875,,,,,,,,,
19776000,4944,3.875,,1.0991547107696533,,,,3.875,,,,,,,,,
19780000,4945,2.875,,1.1173572540283203,,,,2.875,,,,,,,,,
19784000,4946,2.75,,1.0418751239776611,,,,2.75,,,,,,,,,
19788000,4947,2.125,,1.112135648727417,,,,2.125,,,,,,,,,
19792000,4948,1.875,,1.131035566329956,,,,1.875,,,,,,,,,
19796000,4949,1.5,,1.1696182489395142,,,,1.5,,,,,,,,,
19800000,4950,2.25,,1.1489593982696533,,,,2.25,,,,,,,,,
19804000,4951,2.125,,1.1084405183792114,,,,2.125,,,,,,,,,
19808000,4952,3.125,,1.260441780090332,,,,3.125,,,,,,,,,
19812000,4953,3.25,,1.2463760375976562,,,,3.25,,,,,,,,,
19816000,4954,2.875,,1.2215070724487305,,,,2.875,,,,,,,,,
19820000,4955,3.625,,1.2342915534973145,,,,3.625,,,,,,,,,
19824000,4956,2.625,,1.1205118894577026,,,,2.625,,,,,,,,,
19828000,4957,3.125,,1.2084460258483887,,,,3.125,,,,,,,,,
19832000,4958,1.375,,1.2069579362869263,,,,1.375,,,,,,,,,
19836000,4959,1.25,,1.1947767734527588,,,,1.25,,,,,,,,,
19840000,4960,1.5,,1.198278784751892,,,,1.5,,,,,,,,,
19844000,4961,2.375,,1.1547105312347412,,,,2.375,,,,,,,,,
19848000,4962,2.5,,1.169565200805664,,,,2.5,,,,,,,,,
19852000,4963,2.75,,1.1208431720733643,,,,2.75,,,,,,,,,
19856000,4964,3.0,,1.1474096775054932,,,,3.0,,,,,,,,,
19860000,4965,2.5,,1.1451969146728516,,,,2.5,,,,,,,,,
19864000,4966,2.25,,1.2078089714050293,,,,2.25,,,,,,,,,
19868000,4967,1.5,,1.1703407764434814,,,,1.5,,,,,,,,,
19872000,4968,0.625,,1.2306500673294067,,,,0.625,,,,,,,,,
19876000,4969,1.0,,1.1623520851135254,,,,1.0,,,,,,,,,
19880000,4970,0.75,,1.1735014915466309,,,,0.75,,,,,,,,,
19884000,4971,1.375,,1.251542329788208,,,,1.375,,,,,,,,,
19888000,4972,0.5,,1.2066223621368408,,,,0.5,,,,,,,,,
19892000,4973,1.375,,1.2421236038208008,,,,1.375,,,,,,,,,
19896000,4974,2.875,,1.1789300441741943,,,,2.875,,,,,,,,,
19900000,4975,3.5,,1.1432585716247559,,,,3.5,,,,,,,,,
19904000,4976,1.75,,1.0317542552947998,,,,1.75,,,,,,,,,
19908000,4977,1.25,,1.1138612031936646,,,,1.25,,,,,,,,,
19912000,4978,1.375,,1.042563557624817,,,,1.375,,,,,,,,,
19916000,4979,2.0,,1.0666007995605469,,,,2.0,,,,,,,,,
19920000,4980,2.125,,1.0798254013061523,,,,2.125,,,,,,,,,
19924000,4981,1.625,,1.002469778060913,,,,1.625,,,,,,,,,
19928000,4982,3.125,,1.0830411911010742,,,,3.125,,,,,,,,,
19932000,4983,3.125,,1.0659821033477783,,,,3.125,,,,,,,,,
19936000,4984,3.625,,1.0566415786743164,,,,3.625,,,,,,,,,
19940000,4985,3.75,,1.0135451555252075,,,,3.75,,,,,,,,,
19944000,4986,2.375,,1.0656598806381226,,,,2.375,,,,,,,,,
19948000,4987,3.375,,1.0212514400482178,,,,3.375,,,,,,,,,
19952000,4988,2.875,,1.1317625045776367,,,,2.875,,,,,,,,,
19956000,4989,1.625,,1.11394464969635,,,,1.625,,,,,,,,,
19960000,4990,1.75,,1.052337884902954,,,,1.75,,,,,,,,,
19964000,4991,0.625,,1.1361913681030273,,,,0.625,,,,,,,,,
19968000,4992,1.0,,1.1585872173309326,,,,1.0,,,,,,,,,
19972000,4993,1.875,,1.1948128938674927,,,,1.875,,,,,,,,,
19976000,4994,2.625,,1.1349713802337646,,,,2.625,,,,,,,,,
19980000,4995,2.875,,1.0714607238769531,,,,2.875,,,,,,,,,
19984000,4996,3.625,,1.0830118656158447,,,,3.625,,,,,,,,,
19988000,4997,3.25,,1.0636482238769531,,,,3.25,,,,,,,,,
19992000,4998,1.625,,1.0325077772140503,,,,1.625,,,,,,,,,
19996000,4999,1.125,,1.127854824066162,,,,1.125,,,,,,,,,
20000000,5000,1.5,,1.1684033870697021,,,,1.5,,,,,,,,,
20004000,5001,0.875,,1.096248984336853,,,,0.875,,,,,,,,,
20008000,5002,1.5,,1.1502070426940918,,,,1.5,,,,,,,,,
20012000,5003,1.25,,1.1725659370422363,,,,1.25,,,,,,,,,
20016000,5004,2.0,,1.1254076957702637,,,,2.0,,,,,,,,,
20020000,5005,1.75,,1.1243280172348022,,,,1.75,,,,,,,,,
20024000,5006,2.75,,1.208920955657959,,,,2.75,,,,,,,,,
20028000,5007,2.25,,1.0906188488006592,,,,2.25,,,,,,,,,
20032000,5008,1.75,,1.080405354499817,,,,1.75,,,,,,,,,
20036000,5009,2.125,,1.148274540901184,,,,2.125,,,,,,,,,
20040000,5010,2.125,,1.0915238857269287,,,,2.125,,,,,,,,,
20044000,5011,0.5,,1.0561479330062866,,,,0.5,,,,,,,,,
20048000,5012,1.375,,1.1461279392242432,,,,1.375,,,,,,,,,
20052000,5013,1.625,,1.1946030855178833,,,,1.625,,,,,,,,,
20056000,5014,1.125,,1.1824579238891602,,,,1.125,,,,,,,,,
20060000,5015,1.375,,1.0987768173217773,,,,1.375,,,,,,,,,
20064000,5016,3.125,,1.1363329887390137,,,,3.125,,,,,,,,,
20068000,5017,1.75,,1.0442121028900146,,,,1.75,,,,,,,,,
20072000,5018,1.875,,1.0557591915130615,,,,1.875,,,,,,,,,
20076000,5019,3.125,,1.137559175491333,,,,3.125,,,,,,,,,
20080000,5020,1.75,,1.1335293054580688,,,,1.75,,,,,,,,,
20084000,5021,2.0,,1.1289572715759277,,,,2.0,,,,,,,,,
20088000,5022,2.0,,1.0052073001861572,,,,2.0,,,,,,,,,
20092000,5023,1.0,,1.0453284978866577,,,,1.0,,,,,,,,,
20096000,5024,3.125,,1.0904569625854492,,,,3.125,,,,,,,,,
20100000,5025,3.25,,1.0540157556533813,,,,3.25,,,,,,,,,
20104000,5026,3.75,,1.131585717201233,,,,3.75,,,,,,,,,
20108000,5027,4.125,,1.101971983909607,,,,4.125,,,,,,,,,
20112000,5028,3.625,,1.0762102603912354,,,,3.625,,,,,,,,,
20116000,5029,3.625,,1.0894851684570312,,,,3.625,,,,,,,,,
20120000,5030,3.75,,1.1128326654434204,,,,3.75,,,,,,,,,
20124000,5031,2.625,,1.0546250343322754,,,,2.625,,,,,,,,,
20128000,5032,3.5,,1.088090181350708,,,,3.5,,,,,,,,,
20132000,5033,2.75,,1.074912190437317,,,,2.75,,,,,,,,,
20136000,5034,2.75,,1.1370792388916016,,,,2.75,,,,,,,,,
20140000,5035,3.375,,1.0775046348571777,,,,3.375,,,,,,,,,
20144000,5036,2.5,,1.158879041671753,,,,2.5,,,,,,,,,
20148000,5037,3.125,,1.1798815727233887,,,,3.125,,,,,,,,,
20152000,5038,3.5,,1.2431626319885254,,,,3.5,,,,,,,,,
20156000,5039,4.0,,1.1442279815673828,,,,4.0,,,,,,,,,
20160000,5040,2.5,,1.1001458168029785,,,,2.5,,,,,,,,,
20164000,5041,3.5,,1.1782302856445312,,,,3.5,,,,,,,,,
20168000,5042,3.375,,1.2305145263671875,,,,3.375,,,,,,,,,
20172000,5043,2.5,,1.1820592880249023,,,,2.5,,,,,,,,,
20176000,5044,2.75,,1.181913137435913,,,,2.75,,,,,,,,,
20180000,5045,2.625,,1.1489992141723633,,,,2.625,,,,,,,,,
20184000,5046,2.875,,1.1819490194320679,,,,2.875,,,,,,,,,
20188000,5047,1.625,,1.1630022525787354,,,,1.625,,,,,,,,,
20192000,5048,3.875,,1.1654925346374512,,,,3.875,,,,,,,,,
20196000,5049,3.375,,1.1648342609405518,,,,3.375,,,,,,,,,
20200000,5050,2.75,,1.1926791667938232,,,,2.75,,,,,,,,,
20204000,5051,3.625,,1.174051284790039,,,,3.625,,,,,,,,,
20208000,5052,3.125,,1.1731081008911133,,,,3.125,,,,,,,,,
20212000,5053,2.0,,1.22357976436615,,,,2.0,,,,,,,,,
20216000,5054,2.25,,1.1325969696044922,,,,2.25,,,,,,,,,
20220000,5055,2.5,,1.2700421810150146,,,,2.5,,,,,,,,,
20224000,5056,2.875,,1.2176212072372437,,,,2.875,,,,,,,,,
20228000,5057,0.875,,1.2888736724853516,,,,0.875,,,,,,,,,
20232000,5058,2.0,,1.186692237854004,,,,2.0,,,,,,,,,
20236000,5059,2.0,,1.2083516120910645,,,,2.0,,,,,,,,,
20240000,5060,0.625,,1.2105772495269775,,,,0.625,,,,,,,,,
20244000,5061,3.0,,1.213696837425232,,,,3.0,,,,,,,,,
20248000,5062,2.125,,1.1990610361099243,,,,2.125,,,,,,,,,
20252000,5063,2.0,,1.2215802669525146,,,,2.0,,,,,,,,,
20256000,5064,2.0,,1.1969120502471924,,,,2.0,,,,,,,,,
20260000,5065,3.0,,1.278001070022583,,,,3.0,,,,,,,,,
20264000,5066,2.375,,1.2197003364562988,,,,2.375,,,,,,,,,
20268000,5067,3.0,,1.2297719717025757,,,,3.0,,,,,,,,,
20272000,5068,1.5,,1.255226731300354,,,,1.5,,,,,,,,,
20276000,5069,2.25,,1.3064625263214111,,,,2.25,,,,,,,,,
20280000,5070,2.25,,1.2220139503479004,,,,2.25,,,,,,,,,
20284000,5071,2.5,,1.263393521308899,,,,2.5,,,,,,,,,
20288000,5072,2.0,,1.179802417755127,,,,2.0,,,,,,,,,
20292000,5073,1.875,,1.1423108577728271,,,,1.875,,,,,,,,,
20296000,5074,2.625,,1.2466098070144653,,,,2.625,,,,,,,,,
20300000,5075,3.25,,1.184797763824463,,,,3.25,,,,,,,,,
20304000,5076,3.25,,1.2349220514297485,,,,3.25,,,,,,,,,
20308000,5077,2.25,,1.1324769258499146,,,,2.25,,,,,,,,,
20312000,5078,2.5,,1.2136895656585693,,,,2.5,,,,,,,,,
20316000,5079,1.25,,1.251955509185791,,,,1.25,,,,,,,,,
20320000,5080,2.125,,1.1641980409622192,,,,2.125,,,,,,,,,
20324000,5081,2.5,,1.2907801866531372,,,,2.5,,,,,,,,,
20328000,5082,3.0,,1.2172462940216064,,,,3.0,,,,,,,,,
20332000,5083,1.0,,1.1566178798675537,,,,1.0,,,,,,,,,
20336000,5084,4.125,,1.17839515209198,,,,4.125,,,,,,,,,
20340000,5085,2.375,,1.197202205657959,,,,2.375,,,,,,,,,
20344000,5086,4.0,,1.2142465114593506,,,,4.0,,,,,,,,,
20348000,5087,3.375,,1.2018263339996338,,,,3.375,,,,,,,,,
20352000,5088,4.0,,1.2121188640594482,,,,4.0,,,,,,,,,
20356000,5089,2.875,,1.1500463485717773,,,,2.875,,,,,,,,,
20360000,5090,3.375,,1.1376371383666992,,,,3.375,,,,,,,,,
20364000,5091,3.625,,1.2547667026519775,,,,3.625,,,,,,,,,
20368000,5092,2.875,,1.1311159133911133,,,,2.875,,,,,,,,,
20372000,5093,2.5,,1.2093353271484375,,,,2.5,,,,,,,,,
20376000,5094,3.375,,1.2658634185791016,,,,3.375,,,,,,,,,
20380000,5095,3.875,,1.1489861011505127,,,,3.875,,,,,,,,,
20384000,5096,3.875,,1.2688586711883545,,,,3.875,,,,,,,,,
20388000,5097,3.75,,1.2763984203338623,,,,3.75,,,,,,,,,
20392000,5098,3.875,,1.2236425876617432,,,,3.875,,,,,,,,,
20396000,5099,3.25,,1.257692575454712,,,,3.25,,,,,,,,,
20400000,5100,3.375,,1.2507833242416382,,,,3.375,,,,,,,,,
20404000,5101,3.125,,1.329618215560913,,,,3.125,,,,,,,,,
20408000,5102,3.0,,1.3188505172729492,,,,3.0,,,,,,,,,
20412000,5103,1.5,,1.3634480237960815,,,,1.5,,,,,,,,,
20416000,5104,3.25,,1.275894045829773,,,,3.25,,,,,,,,,
20420000,5105,2.375,,1.2987526655197144,,,,2.375,,,,,,,,,
20424000,5106,3.25,,1.2891111373901367,,,,3.25,,,,,,,,,
20428000,5107,3.5,,1.3287144899368286,,,,3.5,,,,,,,,,
20432000,5108,4.375,,1.3071922063827515,,,,4.375,,,,,,,,,
20436000,5109,3.25,,1.3279149532318115,,,,3.25,,,,,,,,,
20440000,5110,3.5,,1.2342544794082642,,,,3.5,,,,,,,,,
20444000,5111,3.0,,1.3147733211517334,,,,3.0,,,,,,,,,
20448000,5112,3.5,,1.2452082633972168,,,,3.5,,,,,,,,,
20452000,5113,3.375,,1.361010193824768,,,,3.375,,,,,,,,,
20456000,5114,3.375,,1.3502721786499023,,,,3.375,,,,,,,,,
20460000,5115,3.125,,1.2584660053253174,,,,3.125,,,,,,,,,
20464000,5116,4.0,,1.350972294807434,,,,4.0,,,,,,,,,
20468000,5117,3.375,,1.4065111875534058,,,,3.375,,,,,,,,,
20472000,5118,3.875,,1.3001620769500732,,,,3.875,,,,,,,,,
20476000,5119,3.375,,1.4397401809692383,,,,3.375,,,,,,,,,
20480000,5120,3.25,,1.3810954093933105,,,,3.25,,,,,,,,,
20484000,5121,2.125,,1.334392786026001,,,,2.125,,,,,,,,,
20488000,5122,3.25,,1.2837245464324951,,,,3.25,,,,,,,,,
20492000,5123,2.5,,1.3030986785888672,,,,2.5,,,,,,,,,
20496000,5124,2.75,,1.4206310510635376,,,,2.75,,,,,,,,,
20500000,5125,2.25,,1.380954384803772,,,,2.25,,,,,,,,,
20504000,5126,2.875,,1.4852042198181152,,,,2.875,,,,,,,,,
20508000,5127,2.5,,1.3660622835159302,,,,2.5,,,,,,,,,
20512000,5128,3.625,,1.4514058828353882,,,,3.625,,,,,,,,,
20516000,5129,3.25,,1.374694585800171,,,,3.25,,,,,,,,,
20520000,5130,3.375,,1.4046440124511719,,,,3.375,,,,,,,,,
20524000,5131,3.375,,1.3834121227264404,,,,3.375,,,,,,,,,
20528000,5132,3.875,,1.3355333805084229,,,,3.875,,,,,,,,,
20532000,5133,3.125,,1.3958933353424072,,,,3.125,,,,,,,,,
20536000,5134,3.5,,1.3643648624420166,,,,3.5,,,,,,,,,
20540000,5135,3.875,,1.3713048696517944,,,,3.875,,,,,,,,,
20544000,5136,3.625,,1.3535183668136597,,,,3.625,,,,,,,,,
20548000,5137,4.25,,1.3716708421707153,,,,4.25,,,,,,,,,
20552000,5138,2.75,,1.438461422920227,,,,2.75,,,,,,,,,
20556000,5139,4.125,,1.4877902269363403,,,,4.125,,,,,,,,,
20560000,5140,3.75,,1.4480617046356201,,,,3.75,,,,,,,,,
20564000,5141,3.75,,1.479996681213379,,,,3.75,,,,,,,,,
20568000,5142,3.875,,1.4127193689346313,,,,3.875,,,,,,,,,
20572000,5143,3.75,,1.4175403118133545,,,,3.75,,,,,,,,,
20576000,5144,3.375,,1.4499720335006714,,,,3.375,,,,,,,,,
20580000,5145,2.875,,1.4734021425247192,,,,2.875,,,,,,,,,
20584000,5146,3.375,,1.5212339162826538,,,,3.375,,,,,,,,,
20588000,5147,3.125,,1.5264718532562256,,,,3.125,,,,,,,,,
20592000,5148,1.75,,1.5200960636138916,,,,1.75,,,,,,,,,
20596000,5149,4.125,,1.509962797164917,,,,4.125,,,,,,,,,
20600000,5150,3.5,,1.4807062149047852,,,,3.5,,,,,,,,,
20604000,5151,3.875,,1.5308871269226074,,,,3.875,,,,,,,,,
20608000,5152,3.5,,1.4487861394882202,,,,3.5,,,,,,,,,
20612000,5153,2.625,,1.4260343313217163,,,,2.625,,,,,,,,,
20616000,5154,4.25,,1.4651923179626465,,,,4.25,,,,,,,,,
20620000,5155,2.75,,1.4854456186294556,,,,2.75,,,,,,,,,
20624000,5156,2.125,,1.3956841230392456,,,,2.125,,,,,,,,,
20628000,5157,3.75,,1.4425097703933716,,,,3.75,,,,,,,,,
20632000,5158,2.0,,1.4222512245178223,,,,2.0,,,,,,,,,
20636000,5159,3.0,,1.4498710632324219,,,,3.0,,,,,,,,,
20640000,5160,2.875,,1.4408154487609863,,,,2.875,,,,,,,,,
20644000,5161,3.125,,1.4124534130096436,,,,3.125,,,,,,,,,
20648000,5162,2.875,,1.400240182876587,,,,2.875,,,,,,,,,
20652000,5163,3.375,,1.4655954837799072,,,,3.375,,,,,,,,,
20656000,5164,3.125,,1.4817672967910767,,,,3.125,,,,,,,,,
20660000,5165,2.0,,1.499911904335022,,,,2.0,,,,,,,,,
20664000,5166,2.375,,1.51443612575531,,,,2.375,,,,,,,,,
20668000,5167,3.5,,1.4742026329040527,,,,3.5,,,,,,,,,
20672000,5168,3.125,,1.4888527393341064,,,,3.125,,,,,,,,,
20676000,5169,4.0,,1.5054612159729004,,,,4.0,,,,,,,,,
20680000,5170,3.75,,1.4818179607391357,,,,3.75,,,,,,,,,
20684000,5171,3.75,,1.4407109022140503,,,,3.75,,,,,,,,,
20688000,5172,3.5,,1.3943309783935547,,,,3.5,,,,,,,,,
20692000,5173,3.375,,1.4538569450378418,,,,3.375,,,,,,,,,
20696000,5174,4.0,,1.4558566808700562,,,,4.0,,,,,,,,,
20700000,5175,2.875,,1.4440526962280273,,,,2.875,,,,,,,,,
20704000,5176,3.75,,1.4592076539993286,,,,3.75,,,,,,,,,
20708000,5177,4.0,,1.4395829439163208,,,,4.0,,,,,,,,,
20712000,5178,3.625,,1.5494310855865479,,,,3.625,,,,,,,,,
20716000,5179,4.0,,1.4995319843292236,,,,4.0,,,,,,,,,
20720000,5180,3.25,,1.4621292352676392,,,,3.25,,,,,,,,,
20724000,5181,3.75,,1.5344520807266235,,,,3.75,,,,,,,,,
20728000,5182,3.875,,1.487656831741333,,,,3.875,,,,,,,,,
20732000,5183,3.5,,1.4697420597076416,,,,3.5,,,,,,,,,
20736000,5184,4.125,,1.5004583597183228,,,,4.125,,,,,,,,,
20740000,5185,3.875,,1.4954853057861328,,,,3.875,,,,,,,,,
20744000,5186,4.125,,1.5582492351531982,,,,4.125,,,,,,,,,
20748000,5187,3.75,,1.5217185020446777,,,,3.75,,,,,,,,,
20752000,5188,3.875,,1.5651516914367676,,,,3.875,,,,,,,,,
20756000,5189,3.875,,1.519362449645996,,,,3.875,,,,,,,,,
20760000,5190,4.125,,1.5984838008880615,,,,4.125,,,,,,,,,
20764000,5191,4.0,,1.5343129634857178,,,,4.0,,,,,,,,,
20768000,5192,4.25,,1.5616321563720703,,,,4.25,,,,,,,,,
20772000,5193,3.75,,1.6406550407409668,,,,3.75,,,,,,,,,
20776000,5194,4.375,,1.5340666770935059,,,,4.375,,,,,,,,,
20780000,5195,4.25,,1.5772955417633057,,,,4.25,,,,,,,,,
20784000,5196,3.75,,1.565658688545227,,,,3.75,,,,,,,,,
20788000,5197,4.0,,1.5562025308609009,,,,4.0,,,,,,,,,
20792000,5198,4.125,,1.5531755685806274,,,,4.125,,,,,,,,,
20796000,5199,3.5,,1.6270732879638672,,,,3.5,,,,,,,,,
20800000,5200,3.875,,1.5692050457000732,,,,3.875,,,,,,,,,
20804000,5201,4.25,,1.6576056480407715,,,,4.25,,,,,,,,,
20808000,5202,4.375,,1.5582385063171387,,,,4.375,,,,,,,,,
20812000,5203,4.125,,1.6067678928375244,,,,4.125,,,,,,,,,
20816000,5204,3.625,,1.6920318603515625,,,,3.625,,,,,,,,,
20820000,5205,4.0,,1.686894178390503,,,,4.0,,,,,,,,,
20824000,5206,4.125,,1.66457200050354,,,,4.125,,,,,,,,,
20828000,5207,4.125,,1.692612648010254,,,,4.125,,,,,,,,,
20832000,5208,4.125,,1.680973768234253,,,,4.125,,,,,,,,,
20836000,5209,4.25,,1.6596670150756836,,,,4.25,,,,,,,,,
20840000,5210,4.375,,1.7124018669128418,,,,4.375,,,,,,,,,
20844000,5211,4.25,,1.5890369415283203,,,,4.25,,,,,,,,,
20848000,5212,3.625,,1.63974130153656,,,,3.625,,,,,,,,,
20852000,5213,3.5,,1.6368058919906616,,,,3.5,,,,,,,,,
20856000,5214,3.75,,1.6621625423431396,,,,3.75,,,,,,,,,
20860000,5215,3.625,,1.727236032485962,,,,3.625,,,,,,,,,
20864000,5216,3.875,,1.6815402507781982,,,,3.875,,,,,,,,,
20868000,5217,3.0,,1.698233723640442,,,,3.0,,,,,,,,,
20872000,5218,4.5,,1.6744141578674316,,,,4.5,,,,,,,,,
20876000,5219,3.625,,1.667409062385559,,,,3.625,,,,,,,,,
20880000,5220,3.625,,1.6613107919692993,,,,3.625,,,,,,,,,
20884000,5221,4.0,,1.7066740989685059,,,,4.0,,,,,,,,,
20888000,5222,2.625,,1.664076328277588,,,,2.625,,,,,,,,,
20892000,5223,4.0,,1.6255934238433838,,,,4.0,,,,,,,,,
20896000,5224,3.75,,1.6968270540237427,,,,3.75,,,,,,,,,
20900000,5225,4.125,,1.6517810821533203,,,,4.125,,,,,,,,,
20904000,5226,3.875,,1.64143705368042,,,,3.875,,,,,,,,,
20908000,5227,4.0,,1.6525039672851562,,,,4.0,,,,,,,,,
20912000,5228,3.75,,1.6931583881378174,,,,3.75,,,,,,,,,
20916000,5229,3.875,,1.6682466268539429,,,,3.875,,,,,,,,,
20920000,5230,3.375,,1.6803038120269775,,,,3.375,,,,,,,,,
20924000,5231,4.0,,1.6553609371185303,,,,4.0,,,,,,,,,
20928000,5232,2.75,,1.6835157871246338,,,,2.75,,,,,,,,,
20932000,5233,3.875,,1.717252492904663,,,,3.875,,,,,,,,,
20936000,5234,3.625,,1.6531412601470947,,,,3.625,,,,,,,,,
20940000,5235,3.875,,1.76493239402771,,,,3.875,,,,,,,,,
20944000,5236,3.75,,1.695363998413086,,,,3.75,,,,,,,,,
20948000,5237,3.75,,1.6891899108886719,,,,3.75,,,,,,,,,
20952000,5238,4.125,,1.733549952507019,,,,4.125,,,,,,,,,
20956000,5239,4.0,,1.6570613384246826,,,,4.0,,,,,,,,,
20960000,5240,3.375,,1.590475082397461,,,,3.375,,,,,,,,,
20964000,5241,3.0,,1.7055466175079346,,,,3.0,,,,,,,,,
20968000,5242,4.125,,1.696142554283142,,,,4.125,,,,,,,,,
20972000,5243,3.25,,1.7007343769073486,,,,3.25,,,,,,,,,
20976000,5244,3.625,,1.69647216796875,,,,3.625,,,,,,,,,
20980000,5245,3.875,,1.65061616897583,,,,3.875,,,,,,,,,
20984000,5246,3.625,,1.7121013402938843,,,,3.625,,,,,,,,,
20988000,5247,3.375,,1.7215063571929932,,,,3.375,,,,,,,,,
20992000,5248,4.0,,1.6986651420593262,,,,4.0,,,,,,,,,
20996000,5249,3.5,,1.6755387783050537,,,,3.5,,,,,,,,,
21000000,5250,4.125,,1.757389783859253,,,,4.125,,,,,,,,,
21004000,5251,2.5,,1.6719701290130615,,,,2.5,,,,,,,,,
21008000,5252,3.625,,1.7199515104293823,,,,3.625,,,,,,,,,
21012000,5253,3.5,,1.7258964776992798,,,,3.5,,,,,,,,,
21016000,5254,4.125,,1.7348203659057617,,,,4.125,,,,,,,,,
21020000,5255,3.375,,1.6820725202560425,,,,3.375,,,,,,,,,
21024000,5256,3.5,,1.7171238660812378,,,,3.5,,,,,,,,,
21028000,5257,3.75,,1.7223422527313232,,,,3.75,,,,,,,,,
21032000,5258,4.125,,1.7638641595840454,,,,4.125,,,,,,,,,
21036000,5259,4.375,,1.7062249183654785,,,,4.375,,,,,,,,,
21040000,5260,3.25,,1.7418054342269897,,,,3.25,,,,,,,,,
21044000,5261,4.125,,1.655427098274231,,,,4.125,,,,,,,,,
21048000,5262,3.75,,1.7895827293395996,,,,3.75,,,,,,,,,
21052000,5263,3.75,,1.6552537679672241,,,,3.75,,,,,,,,,
21056000,5264,3.875,,1.7087368965148926,,,,3.875,,,,,,,,,
21060000,5265,4.25,,1.793816328048706,,,,4.25,,,,,,,,,
21064000,5266,3.0,,1.718477725982666,,,,3.0,,,,,,,,,
21068000,5267,4.5,,1.703007698059082,,,,4.5,,,,,,,,,
21072000,5268,3.75,,1.7425249814987183,,,,3.75,,,,,,,,,
21076000,5269,3.625,,1.7248523235321045,,,,3.625,,,,,,,,,
21080000,5270,3.75,,1.7371852397918701,,,,3.75,,,,,,,,,
21084000,5271,4.125,,1.7743724584579468,,,,4.125,,,,,,,,,
21088000,5272,4.25,,1.7515296936035156,,,,4.25,,,,,,,,,
21092000,5273,4.0,,1.732506513595581,,,,4.0,,,,,,,,,
21096000,5274,3.75,,1.751116156578064,,,,3.75,,,,,,,,,
21100000,5275,4.0,,1.7168375253677368,,,,4.0,,,,,,,,,
21104000,5276,3.75,,1.7834217548370361,,,,3.75,,,,,,,,,
21108000,5277,4.375,,1.6582622528076172,,,,4.375,,,,,,,,,
21112000,5278,3.5,,1.7230095863342285,,,,3.5,,,,,,,,,
21116000,5279,3.75,,1.6948440074920654,,,,3.75,,,,,,,,,
21120000,5280,3.75,,1.7292475700378418,,,,3.75,,,,,,,,,
21124000,5281,3.875,,1.7739629745483398,,,,3.875,,,,,,,,,
21128000,5282,3.875,,1.8703827857971191,,,,3.875,,,,,,,,,
21132000,5283,3.625,,1.7655625343322754,,,,3.625,,,,,,,,,
21136000,5284,3.625,,1.7832610607147217,,,,3.625,,,,,,,,,
21140000,5285,3.25,,1.7989954948425293,,,,3.25,,,,,,,,,
21144000,5286,4.0,,1.698075294494629,,,,4.0,,,,,,,,,
21148000,5287,3.875,,1.716272234916687,,,,3.875,,,,,,,,,
21152000,5288,2.875,,1.7517662048339844,,,,2.875,,,,,,,,,
21156000,5289,4.375,,1.7559871673583984,,,,4.375,,,,,,,,,
21160000,5290,3.5,,1.761039137840271,,,,3.5,,,,,,,,,
21164000,5291,3.5,,1.759928822517395,,,,3.5,,,,,,,,,
21168000,5292,3.875,,1.769463300704956,,,,3.875,,,,,,,,,
21172000,5293,3.0,,1.7889467477798462,,,,3.0,,,,,,,,,
21176000,5294,3.75,,1.792604684829712,,,,3.75,,,,,,,,,
21180000,5295,3.5,,1.7817763090133667,,,,3.5,,,,,,,,,
21184000,5296,3.5,,1.7395280599594116,,,,3.5,,,,,,,,,
21188000,5297,4.0,,1.753937005996704,,,,4.0,,,,,,,,,
21192000,5298,2.625,,1.7783758640289307,,,,2.625,,,,,,,,,
21196000,5299,4.125,,1.8264966011047363,,,,4.125,,,,,,,,,
21200000,5300,3.75,,1.8437316417694092,,,,3.75,,,,,,,,,
21204000,5301,3.375,,1.7967050075531006,,,,3.375,,,,,,,,,
21208000,5302,3.875,,1.776599645614624,,,,3.875,,,,,,,,,
21212000,5303,3.875,,1.7346495389938354,,,,3.875,,,,,,,,,
21216000,5304,3.125,,1.830796480178833,,,,3.125,,,,,,,,,
21220000,5305,3.625,,1.7745862007141113,,,,3.625,,,,,,,,,
21224000,5306,3.375,,1.7688747644424438,,,,3.375,,,,,,,,,
21228000,5307,3.875,,1.8740047216415405,,,,3.875,,,,,,,,,
21232000,5308,4.0,,1.7978836297988892,,,,4.0,,,,,,,,,
21236000,5309,3.625,,1.7759976387023926,,,,3.625,,,,,,,,,
21240000,5310,3.875,,1.8063206672668457,,,,3.875,,,,,,,,,
21244000,5311,3.75,,1.7827866077423096,,,,3.75,,,,,,,,,
21248000,5312,3.75,,1.7740055322647095,,,,3.75,,,,,,,,,
21252000,5313,3.75,,1.7624911069869995,,,,3.75,,,,,,,,,
21256000,5314,3.375,,1.7683643102645874,,,,3.375,,,,,,,,,
21260000,5315,3.5,,1.7903046607971191,,,,3.5,,,,,,,,,
21264000,5316,3.375,,1.7827565670013428,,,,3.375,,,,,,,,,
21268000,5317,2.375,,1.7185373306274414,,,,2.375,,,,,,,,,
21272000,5318,4.125,,1.7758991718292236,,,,4.125,,,,,,,,,
21276000,5319,3.75,,1.7669386863708496,,,,3.75,,,,,,,,,
21280000,5320,3.0,,1.7929303646087646,,,,3.0,,,,,,,,,
21284000,5321,3.875,,1.7309799194335938,,,,3.875,,,,,,,,,
21288000,5322,3.5,,1.7116420269012451,,,,3.5,,,,,,,,,
21292000,5323,3.625,,1.7035984992980957,,,,3.625,,,,,,,,,
21296000,5324,4.0,,1.6852641105651855,,,,4.0,,,,,,,,,
21300000,5325,2.625,,1.7355523109436035,,,,2.625,,,,,,,,,
21304000,5326,3.5,,1.7190046310424805,,,,3.5,,,,,,,,,
21308000,5327,3.875,,1.7581520080566406,,,,3.875,,,,,,,,,
21312000,5328,3.875,,1.7540631294250488,,,,3.875,,,,,,,,,
21316000,5329,3.875,,1.764456033706665,,,,3.875,,,,,,,,,
21320000,5330,2.75,,1.7594711780548096,,,,2.75,,,,,,,,,
21324000,5331,4.0,,1.7389204502105713,,,,4.0,,,,,,,,,
21328000,5332,3.625,,1.7042326927185059,,,,3.625,,,,,,,,,
21332000,5333,3.0,,1.6952450275421143,,,,3.0,,,,,,,,,
21336000,5334,3.75,,1.7099475860595703,,,,3.75,,,,,,,,,
21340000,5335,4.375,,1.7841908931732178,,,,4.375,,,,,,,,,
21344000,5336,4.0,,1.7518901824951172,,,,4.0,,,,,,,,,
21348000,5337,3.875,,1.7255373001098633,,,,3.875,,,,,,,,,
21352000,5338,4.125,,1.7120258808135986,,,,4.125,,,,,,,,,
21356000,5339,4.0,,1.6997654438018799,,,,4.0,,,,,,,,,
21360000,5340,4.375,,1.711547613143921,,,,4.375,,,,,,,,,
21364000,5341,3.375,,1.74039626121521,,,,3.375,,,,,,,,,
21368000,5342,4.0,,1.7392370700836182,,,,4.0,,,,,,,,,
21372000,5343,3.875,,1.7571755647659302,,,,3.875,,,,,,,,,
21376000,5344,2.875,,1.7031657695770264,,,,2.875,,,,,,,,,
21380000,5345,4.125,,1.7293052673339844,,,,4.125,,,,,,,,,
21384000,5346,3.125,,1.6919444799423218,,,,3.125,,,,,,,,,
21388000,5347,3.875,,1.6779060363769531,,,,3.875,,,,,,,,,
21392000,5348,3.5,,1.7393550872802734,,,,3.5,,,,,,,,,
21396000,5349,4.0,,1.746826171875,,,,4.0,,,,,,,,,
21400000,5350,3.875,,1.7720996141433716,,,,3.875,,,,,,,,,
21404000,5351,3.625,,1.6951178312301636,,,,3.625,,,,,,,,,
21408000,5352,4.125,,1.7686868906021118,,,,4.125,,,,,,,,,
21412000,5353,3.5,,1.663543939590454,,,,3.5,,,,,,,,,
21416000,5354,2.625,,1.779691219329834,,,,2.625,,,,,,,,,
21420000,5355,3.875,,1.7553234100341797,,,,3.875,,,,,,,,,
21424000,5356,3.75,,1.7601134777069092,,,,3.75,,,,,,,,,
21428000,5357,4.125,,1.708441972732544,,,,4.125,,,,,,,,,
21432000,5358,3.5,,1.712475061416626,,,,3.5,,,,,,,,,
21436000,5359,3.75,,1.7128958702087402,,,,3.75,,,,,,,,,
21440000,5360,3.75,,1.7325289249420166,,,,3.75,,,,,,,,,
21444000,5361,4.375,,1.7574772834777832,,,,4.375,,,,,,,,,
21448000,5362,3.25,,1.727089762687683,,,,3.25,,,,,,,,,
21452000,5363,3.375,,1.6504294872283936,,,,3.375,,,,,,,,,
21456000,5364,2.375,,1.6880451440811157,,,,2.375,,,,,,,,,
21460000,5365,3.0,,1.7144358158111572,,,,3.0,,,,,,,,,
21464000,5366,3.5,,1.7078819274902344,,,,3.5,,,,,,,,,
21468000,5367,4.0,,1.6927556991577148,,,,4.0,,,,,,,,,
21472000,5368,3.25,,1.6367225646972656,,,,3.25,,,,,,,,,
21476000,5369,3.375,,1.725188136100769,,,,3.375,,,,,,,,,
21480000,5370,3.25,,1.7065876722335815,,,,3.25,,,,,,,,,
21484000,5371,3.75,,1.681814193725586,,,,3.75,,,,,,,,,
21488000,5372,3.25,,1.7366836071014404,,,,3.25,,,,,,,,,
21492000,5373,3.75,,1.6908529996871948,,,,3.75,,,,,,,,,
21496000,5374,3.0,,1.684788703918457,,,,3.0,,,,,,,,,
21500000,5375,2.875,,1.695367455482483,,,,2.875,,,,,,,,,
21504000,5376,3.375,,1.6523818969726562,,,,3.375,,,,,,,,,
21508000,5377,3.375,,1.7211730480194092,,,,3.375,,,,,,,,,
21512000,5378,2.125,,1.7278155088424683,,,,2.125,,,,,,,,,
21516000,5379,3.375,,1.6052913665771484,,,,3.375,,,,,,,,,
21520000,5380,3.375,,1.6343562602996826,,,,3.375,,,,,,,,,
21524000,5381,3.125,,1.7542035579681396,,,,3.125,,,,,,,,,
21528000,5382,4.0,,1.7635385990142822,,,,4.0,,,,,,,,,
21532000,5383,3.75,,1.7205778360366821,,,,3.75,,,,,,,,,
21536000,5384,3.875,,1.5905277729034424,,,,3.875,,,,,,,,,
21540000,5385,3.125,,1.620185375213623,,,,3.125,,,,,,,,,
21544000,5386,3.5,,1.6240119934082031,,,,3.5,,,,,,,,,
21548000,5387,2.25,,1.6438735723495483,,,,2.25,,,,,,,,,
21552000,5388,3.5,,1.6556270122528076,,,,3.5,,,,,,,,,
21556000,5389,3.375,,1.5922050476074219,,,,3.375,,,,,,,,,
21560000,5390,3.5,,1.6419832706451416,,,,3.5,,,,,,,,,
21564000,5391,3.625,,1.618187427520752,,,,3.625,,,,,,,,,
21568000,5392,2.75,,1.636643886566162,,,,2.75,,,,,,,,,
21572000,5393,4.125,,1.682149887084961,,,,4.125,,,,,,,,,
21576000,5394,4.125,,1.6968979835510254,,,,4.125,,,,,,,,,
21580000,5395,3.625,,1.637021541595459,,,,3.625,,,,,,,,,
21584000,5396,1.125,,1.6525663137435913,,,,1.125,,,,,,,,,
21588000,5397,3.375,,1.6351981163024902,,,,3.375,,,,,,,,,
21592000,5398,3.375,,1.657158613204956,,,,3.375,,,,,,,,,
21596000,5399,3.875,,1.5954504013061523,,,,3.875,,,,,,,,,
21600000,5400,3.0,,1.5845558643341064,,,,3.0,,,,,,,,,
21604000,5401,2.5,,1.6698639392852783,,,,2.5,,,,,,,,,
21608000,5402,3.375,,1.6614773273468018,,,,3.375,,,,,,,,,
21612000,5403,2.875,,1.6541352272033691,,,,2.875,,,,,,,,,
21616000,5404,3.5,,1.562894344329834,,,,3.5,,,,,,,,,
21620000,5405,3.625,,1.6035581827163696,,,,3.625,,,,,,,,,
21624000,5406,3.875,,1.583384394645691,,,,3.875,,,,,,,,,
21628000,5407,4.0,,1.5606820583343506,,,,4.0,,,,,,,,,
21632000,5408,2.875,,1.6122645139694214,,,,2.875,,,,,,,,,
21636000,5409,3.0,,1.606189489364624,,,,3.0,,,,,,,,,
21640000,5410,4.0,,1.6334636211395264,,,,4.0,,,,,,,,,
21644000,5411,3.5,,1.5908859968185425,,,,3.5,,,,,,,,,
21648000,5412,3.25,,1.6206541061401367,,,,3.25,,,,,,,,,
21652000,5413,4.125,,1.609492301940918,,,,4.125,,,,,,,,,
21656000,5414,2.875,,1.6399915218353271,,,,2.875,,,,,,,,,
21660000,5415,3.125,,1.5964558124542236,,,,3.125,,,,,,,,,
21664000,5416,3.0,,1.6519749164581299,,,,3.0,,,,,,,,,
21668000,5417,3.875,,1.6285629272460938,,,,3.875,,,,,,,,,
21672000,5418,3.625,,1.5996284484863281,,,,3.625,,,,,,,,,
21676000,5419,1.875,,1.5863338708877563,,,,1.875,,,,,,,,,
21680000,5420,3.125,,1.6174395084381104,,,,3.125,,,,,,,,,
21684000,5421,3.5,,1.5732173919677734,,,,3.5,,,,,,,,,
21688000,5422,2.875,,1.5799003839492798,,,,2.875,,,,,,,,,
21692000,5423,3.875,,1.5900050401687622,,,,3.875,,,,,,,,,
21696000,5424,3.25,,1.5970380306243896,,,,3.25,,,,,,,,,
21700000,5425,3.0,,1.6615628004074097,,,,3.0,,,,,,,,,
21704000,5426,3.75,,1.6055759191513062,,,,3.75,,,,,,,,,
21708000,5427,4.25,,1.609276533126831,,,,4.25,,,,,,,,,
21712000,5428,3.625,,1.5627994537353516,,,,3.625,,,,,,,,,
21716000,5429,3.625,,1.5494976043701172,,,,3.625,,,,,,,,,
21720000,5430,3.125,,1.588815689086914,,,,3.125,,,,,,,,,
21724000,5431,3.625,,1.6179472208023071,,,,3.625,,,,,,,,,
21728000,5432,4.125,,1.5996119976043701,,,,4.125,,,,,,,,,
21732000,5433,2.875,,1.5845776796340942,,,,2.875,,,,,,,,,
21736000,5434,3.375,,1.6115612983703613,,,,3.375,,,,,,,,,
21740000,5435,3.875,,1.5547866821289062,,,,3.875,,,,,,,,,
21744000,5436,3.375,,1.585288405418396,,,,3.375,,,,,,,,,
21748000,5437,3.875,,1.5974870920181274,,,,3.875,,,,,,,,,
21752000,5438,3.125,,1.6117639541625977,,,,3.125,,,,,,,,,
21756000,5439,3.125,,1.5872159004211426,,,,3.125,,,,,,,,,
21760000,5440,4.0,,1.5696499347686768,,,,4.0,,,,,,,,,
21764000,5441,3.75,,1.613945722579956,,,,3.75,,,,,,,,,
21768000,5442,3.625,,1.611208438873291,,,,3.625,,,,,,,,,
21772000,5443,3.5,,1.604195237159729,,,,3.5,,,,,,,,,
21776000,5444,4.0,,1.6085705757141113,,,,4.0,,,,,,,,,
21780000,5445,3.5,,1.5884493589401245,,,,3.5,,,,,,,,,
21784000,5446,3.25,,1.5774787664413452,,,,3.25,,,,,,,,,
21788000,5447,3.375,,1.5902379751205444,,,,3.375,,,,,,,,,
21792000,5448,4.0,,1.5884172916412354,,,,4.0,,,,,,,,,
21796000,5449,4.0,,1.573725700378418,,,,4.0,,,,,,,,,
21800000,5450,3.5,,1.562408685684204,,,,3.5,,,,,,,,,
21804000,5451,3.375,,1.5803180932998657,,,,3.375,,,,,,,,,
21808000,5452,1.75,,1.6033849716186523,,,,1.75,,,,,,,,,
21812000,5453,3.125,,1.6370749473571777,,,,3.125,,,,,,,,,
21816000,5454,3.5,,1.5636670589447021,,,,3.5,,,,,,,,,
21820000,5455,3.125,,1.5777537822723389,,,,3.125,,,,,,,,,
21824000,5456,4.0,,1.5888183116912842,,,,4.0,,,,,,,,,
21828000,5457,4.0,,1.5618617534637451,,,,4.0,,,,,,,,,
21832000,5458,3.5,,1.5533230304718018,,,,3.5,,,,,,,,,
21836000,5459,3.625,,1.509499430656433,,,,3.625,,,,,,,,,
21840000,5460,3.5,,1.5897926092147827,,,,3.5,,,,,,,,,
21844000,5461,3.875,,1.6584064960479736,,,,3.875,,,,,,,,,
21848000,5462,4.25,,1.5403814315795898,,,,4.25,,,,,,,,,
21852000,5463,3.875,,1.555969476699829,,,,3.875,,,,,,,,,
21856000,5464,3.25,,1.5659043788909912,,,,3.25,,,,,,,,,
21860000,5465,3.25,,1.571920394897461,,,,3.25,,,,,,,,,
21864000,5466,3.5,,1.5866978168487549,,,,3.5,,,,,,,,,
21868000,5467,3.375,,1.4722225666046143,,,,3.375,,,,,,,,,
21872000,5468,3.25,,1.5435678958892822,,,,3.25,,,,,,,,,
21876000,5469,3.625,,1.5729869604110718,,,,3.625,,,,,,,,,
21880000,5470,3.5,,1.576804280281067,,,,3.5,,,,,,,,,
21884000,5471,3.625,,1.5187246799468994,,,,3.625,,,,,,,,,
21888000,5472,3.625,,1.5975137948989868,,,,3.625,,,,,,,,,
21892000,5473,3.5,,1.5284101963043213,,,,3.5,,,,,,,,,
21896000,5474,3.875,,1.5990796089172363,,,,3.875,,,,,,,,,
21900000,5475,4.0,,1.5391442775726318,,,,4.0,,,,,,,,,
21904000,5476,3.5,,1.5958466529846191,,,,3.5,,,,,,,,,
21908000,5477,3.125,,1.5388237237930298,,,,3.125,,,,,,,,,
21912000,5478,3.75,,1.5521868467330933,,,,3.75,,,,,,,,,
21916000,5479,3.75,,1.503536343574524,,,,3.75,,,,,,,,,
21920000,5480,3.75,,1.524917721748352,,,,3.75,,,,,,,,,
21924000,5481,3.75,,1.5429496765136719,,,,3.75,,,,,,,,,
21928000,5482,3.75,,1.5270695686340332,,,,3.75,,,,,,,,,
21932000,5483,4.0,,1.6232852935791016,,,,4.0,,,,,,,,,
21936000,5484,3.25,,1.538489818572998,,,,3.25,,,,,,,,,
21940000,5485,4.0,,1.5523061752319336,,,,4.0,,,,,,,,,
21944000,5486,3.375,,1.567631483078003,,,,3.375,,,,,,,,,
21948000,5487,4.25,,1.5905781984329224,,,,4.25,,,,,,,,,
21952000,5488,3.25,,1.5893073081970215,,,,3.25,,,,,,,,,
21956000,5489,3.75,,1.4998377561569214,,,,3.75,,,,,,,,,
21960000,5490,3.625,,1.5332530736923218,,,,3.625,,,,,,,,,
21964000,5491,4.375,,1.5612905025482178,,,,4.375,,,,,,,,,
21968000,5492,3.75,,1.5866960287094116,,,,3.75,,,,,,,,,
21972000,5493,3.75,,1.5523927211761475,,,,3.75,,,,,,,,,
21976000,5494,3.75,,1.5470359325408936,,,,3.75,,,,,,,,,
21980000,5495,3.75,,1.6588549613952637,,,,3.75,,,,,,,,,
21984000,5496,3.125,,1.5001654624938965,,,,3.125,,,,,,,,,
21988000,5497,3.625,,1.533198356628418,,,,3.625,,,,,,,,,
21992000,5498,3.0,,1.4926838874816895,,,,3.0,,,,,,,,,
21996000,5499,3.625,,1.5594793558120728,,,,3.625,,,,,,,,,
22000000,5500,4.125,,1.5284074544906616,,,,4.125,,,,,,,,,
22004000,5501,3.875,,1.5896402597427368,,,,3.875,,,,,,,,,
22008000,5502,4.25,,1.5323001146316528,,,,4.25,,,,,,,,,
22012000,5503,4.0,,1.6076174974441528,,,,4.0,,,,,,,,,
22016000,5504,4.25,,1.5458528995513916,,,,4.25,,,,,,,,,
22020000,5505,3.5,,1.5708266496658325,,,,3.5,,,,,,,,,
22024000,5506,4.0,,1.5878103971481323,,,,4.0,,,,,,,,,
22028000,5507,4.375,,1.5873373746871948,,,,4.375,,,,,,,,,
22032000,5508,4.375,,1.5863983631134033,,,,4.375,,,,,,,,,
22036000,5509,3.375,,1.6028101444244385,,,,3.375,,,,,,,,,
22040000,5510,4.0,,1.6089894771575928,,,,4.0,,,,,,,,,
22044000,5511,3.875,,1.5889697074890137,,,,3.875,,,,,,,,,
22048000,5512,3.25,,1.5428204536437988,,,,3.25,,,,,,,,,
22052000,5513,3.25,,1.5896018743515015,,,,3.25,,,,,,,,,
22056000,5514,3.625,,1.6372251510620117,,,,3.625,,,,,,,,,
22060000,5515,3.75,,1.6504697799682617,,,,3.75,,,,,,,,,
22064000,5516,3.75,,1.5414109230041504,,,,3.75,,,,,,,,,
22068000,5517,3.625,,1.5832387208938599,,,,3.625,,,,,,,,,
22072000,5518,3.75,,1.5351052284240723,,,,3.75,,,,,,,,,
22076000,5519,3.5,,1.6311967372894287,,,,3.5,,,,,,,,,
22080000,5520,4.125,,1.5318248271942139,,,,4.125,,,,,,,,,
22084000,5521,3.25,,1.5668450593948364,,,,3.25,,,,,,,,,
22088000,5522,3.875,,1.61696457862854,,,,3.875,,,,,,,,,
22092000,5523,4.125,,1.648768663406372,,,,4.125,,,,,,,,,
22096000,5524,3.875,,1.6111724376678467,,,,3.875,,,,,,,,,
22100000,5525,4.125,,1.593149185180664,,,,4.125,,,,,,,,,
22104000,5526,3.5,,1.568488359451294,,,,3.5,,,,,,,,,
22108000,5527,2.875,,1.5847269296646118,,,,2.875,,,,,,,,,
22112000,5528,3.875,,1.5988776683807373,,,,3.875,,,,,,,,,
22116000,5529,3.875,,1.6064878702163696,,,,3.875,,,,,,,,,
22120000,5530,3.25,,1.6367013454437256,,,,3.25,,,,,,,,,
22124000,5531,3.125,,1.6382386684417725,,,,3.125,,,,,,,,,
22128000,5532,4.0,,1.5573170185089111,,,,4.0,,,,,,,,,
22132000,5533,4.0,,1.6109788417816162,,,,4.0,,,,,,,,,
22136000,5534,3.625,,1.5523102283477783,,,,3.625,,,,,,,,,
22140000,5535,3.0,,1.5590643882751465,,,,3.0,,,,,,,,,
22144000,5536,3.625,,1.5752335786819458,,,,3.625,,,,,,,,,
22148000,5537,4.125,,1.6292332410812378,,,,4.125,,,,,,,,,
22152000,5538,3.75,,1.6045993566513062,,,,3.75,,,,,,,,,
22156000,5539,3.625,,1.6436203718185425,,,,3.625,,,,,,,,,
22160000,5540,3.875,,1.6233718395233154,,,,3.875,,,,,,,,,
22164000,5541,3.75,,1.6562641859054565,,,,3.75,,,,,,,,,
22168000,5542,3.625,,1.5970500707626343,,,,3.625,,,,,,,,,
22172000,5543,3.75,,1.5705320835113525,,,,3.75,,,,,,,,,
22176000,5544,4.0,,1.6131608486175537,,,,4.0,,,,,,,,,
22180000,5545,3.5,,1.6210474967956543,,,,3.5,,,,,,,,,
22184000,5546,3.5,,1.6729356050491333,,,,3.5,,,,,,,,,
22188000,5547,4.0,,1.6330375671386719,,,,4.0,,,,,,,,,
22192000,5548,3.875,,1.6052494049072266,,,,3.875,,,,,,,,,
22196000,5549,3.5,,1.640580415725708,,,,3.5,,,,,,,,,
22200000,5550,4.25,,1.5842080116271973,,,,4.25,,,,,,,,,
22204000,5551,4.375,,1.6096235513687134,,,,4.375,,,,,,,,,
22208000,5552,3.375,,1.618049144744873,,,,3.375,,,,,,,,,
22212000,5553,3.75,,1.6553345918655396,,,,3.75,,,,,,,,,
22216000,5554,3.875,,1.6414545774459839,,,,3.875,,,,,,,,,
22220000,5555,3.875,,1.610548496246338,,,,3.875,,,,,,,,,
22224000,5556,3.125,,1.5886738300323486,,,,3.125,,,,,,,,,
22228000,5557,3.875,,1.603116750717163,,,,3.875,,,,,,,,,
22232000,5558,3.75,,1.611722469329834,,,,3.75,,,,,,,,,
22236000,5559,3.5,,1.6533671617507935,,,,3.5,,,,,,,,,
22240000,5560,4.25,,1.6422637701034546,,,,4.25,,,,,,,,,
22244000,5561,4.25,,1.5933024883270264,,,,4.25,,,,,,,,,
22248000,5562,4.125,,1.634458065032959,,,,4.125,,,,,,,,,
22252000,5563,3.375,,1.6332635879516602,,,,3.375,,,,,,,,,
22256000,5564,3.5,,1.6697771549224854,,,,3.5,,,,,,,,,
22260000,5565,3.625,,1.6070289611816406,,,,3.625,,,,,,,,,
22264000,5566,3.75,,1.6372122764587402,,,,3.75,,,,,,,,,
22268000,5567,3.125,,1.648961067199707,,,,3.125,,,,,,,,,
22272000,5568,4.0,,1.637859582901001,,,,4.0,,,,,,,,,
22276000,5569,3.875,,1.6237783432006836,,,,3.875,,,,,,,,,
22280000,5570,3.75,,1.621071457862854,,,,3.75,,,,,,,,,
22284000,5571,3.625,,1.6221504211425781,,,,3.625,,,,,,,,,
22288000,5572,3.75,,1.6454421281814575,,,,3.75,,,,,,,,,
22292000,5573,3.625,,1.615483283996582,,,,3.625,,,,,,,,,
22296000,5574,2.0,,1.613324761390686,,,,2.0,,,,,,,,,
22300000,5575,4.375,,1.6166911125183105,,,,4.375,,,,,,,,,
22304000,5576,2.875,,1.610144853591919,,,,2.875,,,,,,,,,
22308000,5577,4.125,,1.6100893020629883,,,,4.125,,,,,,,,,
22312000,5578,4.25,,1.699676752090454,,,,4.25,,,,,,,,,
22316000,5579,3.875,,1.6910548210144043,,,,3.875,,,,,,,,,
22320000,5580,3.375,,1.600135326385498,,,,3.375,,,,,,,,,
22324000,5581,3.75,,1.5771124362945557,,,,3.75,,,,,,,,,
22328000,5582,2.875,,1.6497242450714111,,,,2.875,,,,,,,,,
22332000,5583,4.125,,1.6451141834259033,,,,4.125,,,,,,,,,
22336000,5584,4.125,,1.634969711303711,,,,4.125,,,,,,,,,
22340000,5585,4.25,,1.7024646997451782,,,,4.25,,,,,,,,,
22344000,5586,3.625,,1.6059026718139648,,,,3.625,,,,,,,,,
22348000,5587,4.25,,1.6169617176055908,,,,4.25,,,,,,,,,
22352000,5588,4.5,,1.666395902633667,,,,4.5,,,,,,,,,
22356000,5589,3.75,,1.6642796993255615,,,,3.75,,,,,,,,,
22360000,5590,3.375,,1.6898733377456665,,,,3.375,,,,,,,,,
22364000,5591,4.375,,1.6693129539489746,,,,4.375,,,,,,,,,
22368000,5592,4.0,,1.6304246187210083,,,,4.0,,,,,,,,,
22372000,5593,4.0,,1.6454206705093384,,,,4.0,,,,,,,,,
22376000,5594,3.625,,1.6477617025375366,,,,3.625,,,,,,,,,
22380000,5595,4.0,,1.656679391860962,,,,4.0,,,,,,,,,
22384000,5596,3.625,,1.6241822242736816,,,,3.625,,,,,,,,,
22388000,5597,4.25,,1.6637754440307617,,,,4.25,,,,,,,,,
22392000,5598,3.75,,1.7115192413330078,,,,3.75,,,,,,,,,
22396000,5599,4.125,,1.6594337224960327,,,,4.125,,,,,,,,,
22400000,5600,3.875,,1.7012848854064941,,,,3.875,,,,,,,,,
22404000,5601,3.125,,1.635115623474121,,,,3.125,,,,,,,,,
22408000,5602,4.0,,1.674818754196167,,,,4.0,,,,,,,,,
22412000,5603,3.5,,1.689246416091919,,,,3.5,,,,,,,,,
22416000,5604,4.0,,1.6660172939300537,,,,4.0,,,,,,,,,
22420000,5605,4.375,,1.6266335248947144,,,,4.375,,,,,,,,,
22424000,5606,4.0,,1.6451773643493652,,,,4.0,,,,,,,,,
22428000,5607,4.125,,1.6513335704803467,,,,4.125,,,,,,,,,
22432000,5608,4.0,,1.6658289432525635,,,,4.0,,,,,,,,,
22436000,5609,4.0,,1.6761828660964966,,,,4.0,,,,,,,,,
22440000,5610,4.125,,1.6437335014343262,,,,4.125,,,,,,,,,
22444000,5611,3.75,,1.6219791173934937,,,,3.75,,,,,,,,,
22448000,5612,3.25,,1.622779130935669,,,,3.25,,,,,,,,,
22452000,5613,4.25,,1.678067684173584,,,,4.25,,,,,,,,,
22456000,5614,4.0,,1.7069222927093506,,,,4.0,,,,,,,,,
22460000,5615,4.125,,1.6066482067108154,,,,4.125,,,,,,,,,
22464000,5616,4.375,,1.6973087787628174,,,,4.375,,,,,,,,,
22468000,5617,4.125,,1.6586635112762451,,,,4.125,,,,,,,,,
22472000,5618,3.375,,1.7037243843078613,,,,3.375,,,,,,,,,
22476000,5619,3.75,,1.6315135955810547,,,,3.75,,,,,,,,,
22480000,5620,3.875,,1.6684143543243408,,,,3.875,,,,,,,,,
22484000,5621,3.75,,1.629227638244629,,,,3.75,,,,,,,,,
22488000,5622,3.625,,1.6674931049346924,,,,3.625,,,,,,,,,
22492000,5623,4.25,,1.6737382411956787,,,,4.25,,,,,,,,,
22496000,5624,3.75,,1.6582112312316895,,,,3.75,,,,,,,,,
22500000,5625,3.625,,1.668677568435669,,,,3.625,,,,,,,,,
22504000,5626,3.75,,1.6223607063293457,,,,3.75,,,,,,,,,
22508000,5627,3.875,,1.6669480800628662,,,,3.875,,,,,,,,,
22512000,5628,4.25,,1.6628845930099487,,,,4.25,,,,,,,,,
22516000,5629,3.875,,1.64187753200531,,,,3.875,,,,,,,,,
22520000,5630,4.125,,1.6974842548370361,,,,4.125,,,,,,,,,
22524000,5631,4.25,,1.6158080101013184,,,,4.25,,,,,,,,,
22528000,5632,2.75,,1.6593246459960938,,,,2.75,,,,,,,,,
22532000,5633,3.875,,1.684171438217163,,,,3.875,,,,,,,,,
22536000,5634,4.125,,1.6350510120391846,,,,4.125,,,,,,,,,
22540000,5635,4.0,,1.6528339385986328,,,,4.0,,,,,,,,,
22544000,5636,4.375,,1.6695902347564697,,,,4.375,,,,,,,,,
22548000,5637,3.25,,1.6170893907546997,,,,3.25,,,,,,,,,
22552000,5638,3.625,,1.604647159576416,,,,3.625,,,,,,,,,
22556000,5639,3.75,,1.6648809909820557,,,,3.75,,,,,,,,,
22560000,5640,3.75,,1.676795244216919,,,,3.75,,,,,,,,,
22564000,5641,4.5,,1.6744983196258545,,,,4.5,,,,,,,,,
22568000,5642,4.0,,1.6315515041351318,,,,4.0,,,,,,,,,
22572000,5643,4.125,,1.7102094888687134,,,,4.125,,,,,,,,,
22576000,5644,3.75,,1.6392946243286133,,,,3.75,,,,,,,,,
22580000,5645,4.125,,1.685823917388916,,,,4.125,,,,,,,,,
22584000,5646,3.625,,1.6898716688156128,,,,3.625,,,,,,,,,
22588000,5647,3.0,,1.6335936784744263,,,,3.0,,,,,,,,,
22592000,5648,3.625,,1.6390581130981445,,,,3.625,,,,,,,,,
22596000,5649,3.75,,1.689192533493042,,,,3.75,,,,,,,,,
22600000,5650,3.25,,1.6605613231658936,,,,3.25,,,,,,,,,
22604000,5651,3.875,,1.6277899742126465,,,,3.875,,,,,,,,,
22608000,5652,3.375,,1.6403390169143677,,,,3.375,,,,,,,,,
22612000,5653,4.0,,1.6792017221450806,,,,4.0,,,,,,,,,
22616000,5654,3.375,,1.6661858558654785,,,,3.375,,,,,,,,,
22620000,5655,3.625,,1.619869351387024,,,,3.625,,,,,,,,,
22624000,5656,3.125,,1.62078058719635,,,,3.125,,,,,,,,,
22628000,5657,3.75,,1.6494815349578857,,,,3.75,,,,,,,,,
22632000,5658,3.75,,1.6354506015777588,,,,3.75,,,,,,,,,
22636000,5659,3.375,,1.6936805248260498,,,,3.375,,,,,,,,,
22640000,5660,3.875,,1.6675126552581787,,,,3.875,,,,,,,,,
22644000,5661,3.125,,1.6174452304840088,,,,3.125,,,,,,,,,
22648000,5662,3.875,,1.6520212888717651,,,,3.875,,,,,,,,,
22652000,5663,3.75,,1.6751785278320312,,,,3.75,,,,,,,,,
22656000,5664,4.125,,1.700675368309021,,,,4.125,,,,,,,,,
22660000,5665,4.25,,1.5958924293518066,,,,4.25,,,,,,,,,
22664000,5666,3.75,,1.6474130153656006,,,,3.75,,,,,,,,,
22668000,5667,3.875,,1.6406528949737549,,,,3.875,,,,,,,,,
22672000,5668,4.0,,1.7097505331039429,,,,4.0,,,,,,,,,
22676000,5669,4.25,,1.5631694793701172,,,,4.25,,,,,,,,,
22680000,5670,4.0,,1.6082303524017334,,,,4.0,,,,,,,,,
22684000,5671,3.25,,1.6538623571395874,,,,3.25,,,,,,,,,
22688000,5672,3.25,,1.6672534942626953,,,,3.25,,,,,,,,,
22692000,5673,3.375,,1.6346356868743896,,,,3.375,,,,,,,,,
22696000,5674,4.0,,1.6874127388000488,,,,4.0,,,,,,,,,
22700000,5675,4.125,,1.6497197151184082,,,,4.125,,,,,,,,,
22704000,5676,3.625,,1.7271456718444824,,,,3.625,,,,,,,,,
22708000,5677,4.125,,1.6752396821975708,,,,4.125,,,,,,,,,
22712000,5678,3.875,,1.590874195098877,,,,3.875,,,,,,,,,
22716000,5679,3.875,,1.6283433437347412,,,,3.875,,,,,,,,,
22720000,5680,4.0,,1.6287620067596436,,,,4.0,,,,,,,,,
22724000,5681,3.875,,1.6613454818725586,,,,3.875,,,,,,,,,
22728000,5682,4.125,,1.68156099319458,,,,4.125,,,,,,,,,
22732000,5683,3.625,,1.6726016998291016,,,,3.625,,,,,,,,,
22736000,5684,3.5,,1.6798570156097412,,,,3.5,,,,,,,,,
22740000,5685,4.375,,1.6437509059906006,,,,4.375,,,,,,,,,
22744000,5686,4.125,,1.5892921686172485,,,,4.125,,,,,,,,,
22748000,5687,3.75,,1.603950023651123,,,,3.75,,,,,,,,,
22752000,5688,4.0,,1.5890827178955078,,,,4.0,,,,,,,,,
22756000,5689,3.125,,1.6634986400604248,,,,3.125,,,,,,,,,
22760000,5690,2.875,,1.6402759552001953,,,,2.875,,,,,,,,,
22764000,5691,4.0,,1.599567174911499,,,,4.0,,,,,,,,,
22768000,5692,3.875,,1.6735591888427734,,,,3.875,,,,,,,,,
22772000,5693,3.875,,1.553910493850708,,,,3.875,,,,,,,,,
22776000,5694,3.25,,1.6805557012557983,,,,3.25,,,,,,,,,
22780000,5695,3.875,,1.6618821620941162,,,,3.875,,,,,,,,,
22784000,5696,3.5,,1.6594610214233398,,,,3.5,,,,,,,,,
22788000,5697,2.5,,1.6229615211486816,,,,2.5,,,,,,,,,
22792000,5698,4.125,,1.5948880910873413,,,,4.125,,,,,,,,,
22796000,5699,3.375,,1.6319694519042969,,,,3.375,,,,,,,,,
22800000,5700,3.375,,1.6049580574035645,,,,3.375,,,,,,,,,
22804000,5701,1.75,,1.5935105085372925,,,,1.75,,,,,,,,,
22808000,5702,4.0,,1.6671620607376099,,,,4.0,,,,,,,,,
22812000,5703,4.125,,1.5852851867675781,,,,4.125,,,,,,,,,
22816000,5704,3.625,,1.6231508255004883,,,,3.625,,,,,,,,,
22820000,5705,3.875,,1.6080689430236816,,,,3.875,,,,,,,,,
22824000,5706,3.5,,1.6550464630126953,,,,3.5,,,,,,,,,
22828000,5707,3.5,,1.6439294815063477,,,,3.5,,,,,,,,,
22832000,5708,3.625,,1.578225016593933,,,,3.625,,,,,,,,,
22836000,5709,2.75,,1.6094499826431274,,,,2.75,,,,,,,,,
22840000,5710,3.5,,1.6305623054504395,,,,3.5,,,,,,,,,
22844000,5711,3.875,,1.6276456117630005,,,,3.875,,,,,,,,,
22848000,5712,4.375,,1.6349785327911377,,,,4.375,,,,,,,,,
22852000,5713,4.25,,1.619030475616455,,,,4.25,,,,,,,,,
22856000,5714,2.875,,1.6384594440460205,,,,2.875,,,,,,,,,
22860000,5715,3.375,,1.6052427291870117,,,,3.375,,,,,,,,,
22864000,5716,4.0,,1.5816593170166016,,,,4.0,,,,,,,,,
22868000,5717,3.375,,1.6103262901306152,,,,3.375,,,,,,,,,
22872000,5718,2.875,,1.6642030477523804,,,,2.875,,,,,,,,,
22876000,5719,3.75,,1.6039783954620361,,,,3.75,,,,,,,,,
22880000,5720,4.375,,1.5875649452209473,,,,4.375,,,,,,,,,
22884000,5721,1.625,,1.593761920928955,,,,1.625,,,,,,,,,
22888000,5722,3.75,,1.5550035238265991,,,,3.75,,,,,,,,,
22892000,5723,3.625,,1.643075942993164,,,,3.625,,,,,,,,,
22896000,5724,4.125,,1.6190400123596191,,,,4.125,,,,,,,,,
22900000,5725,2.625,,1.5702638626098633,,,,2.625,,,,,,,,,
22904000,5726,3.875,,1.5987355709075928,,,,3.875,,,,,,,,,
22908000,5727,3.25,,1.5220630168914795,,,,3.25,,,,,,,,,
22912000,5728,4.375,,1.5579254627227783,,,,4.375,,,,,,,,,
22916000,5729,3.125,,1.6084473133087158,,,,3.125,,,,,,,,,
22920000,5730,4.125,,1.665264368057251,,,,4.125,,,,,,,,,
22924000,5731,3.75,,1.5663657188415527,,,,3.75,,,,,,,,,
22928000,5732,4.125,,1.5497033596038818,,,,4.125,,,,,,,,,
22932000,5733,2.75,,1.6500306129455566,,,,2.75,,,,,,,,,
22936000,5734,3.5,,1.6021082401275635,,,,3.5,,,,,,,,,
22940000,5735,3.375,,1.6266965866088867,,,,3.375,,,,,,,,,
22944000,5736,3.0,,1.5770258903503418,,,,3.0,,,,,,,,,
22948000,5737,4.25,,1.586475133895874,,,,4.25,,,,,,,,,
22952000,5738,2.25,,1.572495937347412,,,,2.25,,,,,,,,,
22956000,5739,3.75,,1.5863866806030273,,,,3.75,,,,,,,,,
22960000,5740,2.75,,1.5321567058563232,,,,2.75,,,,,,,,,
22964000,5741,3.5,,1.5421842336654663,,,,3.5,,,,,,,,,
22968000,5742,4.0,,1.5680723190307617,,,,4.0,,,,,,,,,
22972000,5743,2.75,,1.5462862253189087,,,,2.75,,,,,,,,,
22976000,5744,3.875,,1.6400198936462402,,,,3.875,,,,,,,,,
22980000,5745,4.375,,1.5287426710128784,,,,4.375,,,,,,,,,
22984000,5746,4.5,,1.508634090423584,,,,4.5,,,,,,,,,
22988000,5747,3.0,,1.5603268146514893,,,,3.0,,,,,,,,,
22992000,5748,4.125,,1.5285509824752808,,,,4.125,,,,,,,,,
22996000,5749,3.625,,1.5281708240509033,,,,3.625,,,,,,,,,
23000000,5750,2.25,,1.555715560913086,,,,2.25,,,,,,,,,
23004000,5751,2.25,,1.5951217412948608,,,,2.25,,,,,,,,,
23008000,5752,3.5,,1.5852336883544922,,,,3.5,,,,,,,,,
23012000,5753,4.0,,1.5270419120788574,,,,4.0,,,,,,,,,
23016000,5754,3.375,,1.6025705337524414,,,,3.375,,,,,,,,,
23020000,5755,4.125,,1.6013603210449219,,,,4.125,,,,,,,,,
23024000,5756,4.125,,1.516209602355957,,,,4.125,,,,,,,,,
23028000,5757,3.375,,1.5460705757141113,,,,3.375,,,,,,,,,
23032000,5758,4.125,,1.4879181385040283,,,,4.125,,,,,,,,,
23036000,5759,3.5,,1.570452332496643,,,,3.5,,,,,,,,,
23040000,5760,2.125,,1.522410273551941,,,,2.125,,,,,,,,,
23044000,5761,3.625,,1.54433012008667,,,,3.625,,,,,,,,,
23048000,5762,3.75,,1.6017146110534668,,,,3.75,,,,,,,,,
23052000,5763,4.25,,1.5537960529327393,,,,4.25,,,,,,,,,
23056000,5764,3.625,,1.5393898487091064,,,,3.625,,,,,,,,,
23060000,5765,4.125,,1.4759687185287476,,,,4.125,,,,,,,,,
23064000,5766,4.0,,1.5164344310760498,,,,4.0,,,,,,,,,
23068000,5767,3.5,,1.5409014225006104,,,,3.5,,,,,,,,,
23072000,5768,2.75,,1.5379234552383423,,,,2.75,,,,,,,,,
23076000,5769,3.875,,1.528352975845337,,,,3.875,,,,,,,,,
23080000,5770,3.875,,1.5300123691558838,,,,3.875,,,,,,,,,
23084000,5771,3.875,,1.4501224756240845,,,,3.875,,,,,,,,,
23088000,5772,4.0,,1.5506837368011475,,,,4.0,,,,,,,,,
23092000,5773,4.25,,1.60752534866333,,,,4.25,,,,,,,,,
23096000,5774,3.875,,1.5414437055587769,,,,3.875,,,,,,,,,
23100000,5775,4.0,,1.5510679483413696,,,,4.0,,,,,,,,,
23104000,5776,3.625,,1.4931695461273193,,,,3.625,,,,,,,,,
23108000,5777,3.625,,1.5208868980407715,,,,3.625,,,,,,,,,
23112000,5778,3.875,,1.546586513519287,,,,3.875,,,,,,,,,
23116000,5779,2.5,,1.5240263938903809,,,,2.5,,,,,,,,,
23120000,5780,4.0,,1.5237503051757812,,,,4.0,,,,,,,,,
23124000,5781,4.0,,1.530304193496704,,,,4.0,,,,,,,,,
23128000,5782,4.125,,1.533158302307129,,,,4.125,,,,,,,,,
23132000,5783,4.25,,1.549978494644165,,,,4.25,,,,,,,,,
23136000,5784,4.0,,1.5799123048782349,,,,4.0,,,,,,,,,
23140000,5785,3.375,,1.5063345432281494,,,,3.375,,,,,,,,,
23144000,5786,4.0,,1.5195763111114502,,,,4.0,,,,,,,,,
23148000,5787,4.0,,1.6043949127197266,,,,4.0,,,,,,,,,
23152000,5788,3.5,,1.534915566444397,,,,3.5,,,,,,,,,
23156000,5789,4.125,,1.5411202907562256,,,,4.125,,,,,,,,,
23160000,5790,4.0,,1.5471984148025513,,,,4.0,,,,,,,,,
23164000,5791,4.0,,1.5578019618988037,,,,4.0,,,,,,,,,
23168000,5792,4.375,,1.507892370223999,,,,4.375,,,,,,,,,
23172000,5793,3.875,,1.5558665990829468,,,,3.875,,,,,,,,,
23176000,5794,4.0,,1.585649847984314,,,,4.0,,,,,,,,,
23180000,5795,3.5,,1.5659466981887817,,,,3.5,,,,,,,,,
23184000,5796,4.0,,1.4564120769500732,,,,4.0,,,,,,,,,
23188000,5797,3.75,,1.4853122234344482,,,,3.75,,,,,,,,,
23192000,5798,2.375,,1.5835065841674805,,,,2.375,,,,,,,,,
23196000,5799,3.875,,1.490304946899414,,,,3.875,,,,,,,,,
23200000,5800,3.625,,1.6456999778747559,,,,3.625,,,,,,,,,
23204000,5801,3.75,,1.5484209060668945,,,,3.75,,,,,,,,,
23208000,5802,3.75,,1.5276765823364258,,,,3.75,,,,,,,,,
23212000,5803,3.875,,1.540940284729004,,,,3.875,,,,,,,,,
23216000,5804,3.75,,1.5246883630752563,,,,3.75,,,,,,,,,
23220000,5805,4.0,,1.46169114112854,,,,4.0,,,,,,,,,
23224000,5806,3.0,,1.485141396522522,,,,3.0,,,,,,,,,
23228000,5807,3.375,,1.4927639961242676,,,,3.375,,,,,,,,,
23232000,5808,4.0,,1.6263049840927124,,,,4.0,,,,,,,,,
23236000,5809,4.125,,1.5614497661590576,,,,4.125,,,,,,,,,
23240000,5810,4.125,,1.5661975145339966,,,,4.125,,,,,,,,,
23244000,5811,3.875,,1.4773213863372803,,,,3.875,,,,,,,,,
23248000,5812,3.75,,1.48893404006958,,,,3.75,,,,,,,,,
23252000,5813,3.625,,1.4597907066345215,,,,3.625,,,,,,,,,
23256000,5814,4.125,,1.4405845403671265,,,,4.125,,,,,,,,,
23260000,5815,3.625,,1.4577077627182007,,,,3.625,,,,,,,,,
23264000,5816,4.125,,1.4817293882369995,,,,4.125,,,,,,,,,
23268000,5817,3.875,,1.5098652839660645,,,,3.875,,,,,,,,,
23272000,5818,4.125,,1.5648090839385986,,,,4.125,,,,,,,,,
23276000,5819,4.125,,1.4946770668029785,,,,4.125,,,,,,,,,
23280000,5820,4.0,,1.5162343978881836,,,,4.0,,,,,,,,,
23284000,5821,2.875,,1.5066609382629395,,,,2.875,,,,,,,,,
23288000,5822,3.75,,1.5047366619110107,,,,3.75,,,,,,,,,
23292000,5823,3.625,,1.4855563640594482,,,,3.625,,,,,,,,,
23296000,5824,4.125,,1.513132095336914,,,,4.125,,,,,,,,,
23300000,5825,3.875,,1.4703134298324585,,,,3.875,,,,,,,,,
23304000,5826,3.75,,1.5452661514282227,,,,3.75,,,,,,,,,
23308000,5827,3.625,,1.5410007238388062,,,,3.625,,,,,,,,,
23312000,5828,3.625,,1.5760793685913086,,,,3.625,,,,,,,,,
23316000,5829,3.625,,1.566777229309082,,,,3.625,,,,,,,,,
23320000,5830,4.125,,1.6053558588027954,,,,4.125,,,,,,,,,
23324000,5831,3.0,,1.5227582454681396,,,,3.0,,,,,,,,,
23328000,5832,3.75,,1.5779895782470703,,,,3.75,,,,,,,,,
23332000,5833,4.0,,1.564853310585022,,,,4.0,,,,,,,,,
23336000,5834,2.125,,1.557904601097107,,,,2.125,,,,,,,,,
23340000,5835,3.625,,1.4879686832427979,,,,3.625,,,,,,,,,
23344000,5836,4.0,,1.585875391960144,,,,4.0,,,,,,,,,
23348000,5837,3.25,,1.5534014701843262,,,,3.25,,,,,,,,,
23352000,5838,4.0,,1.5032970905303955,,,,4.0,,,,,,,,,
23356000,5839,4.125,,1.5531936883926392,,,,4.125,,,,,,,,,
23360000,5840,3.375,,1.5238778591156006,,,,3.375,,,,,,,,,
23364000,5841,4.125,,1.5411810874938965,,,,4.125,,,,,,,,,
23368000,5842,3.875,,1.565371036529541,,,,3.875,,,,,,,,,
23372000,5843,4.25,,1.534329891204834,,,,4.25,,,,,,,,,
23376000,5844,3.875,,1.524285078048706,,,,3.875,,,,,,,,,
23380000,5845,3.5,,1.538320779800415,,,,3.5,,,,,,,,,
23384000,5846,3.125,,1.4508286714553833,,,,3.125,,,,,,,,,
23388000,5847,4.0,,1.526932954788208,,,,4.0,,,,,,,,,
23392000,5848,3.125,,1.5476754903793335,,,,3.125,,,,,,,,,
23396000,5849,3.625,,1.5074613094329834,,,,3.625,,,,,,,,,
23400000,5850,4.0,,1.5406665802001953,,,,4.0,,,,,,,,,
23404000,5851,4.125,,1.5408650636672974,,,,4.125,,,,,,,,,
23408000,5852,4.125,,1.539477825164795,,,,4.125,,,,,,,,,
23412000,5853,3.875,,1.53775954246521,,,,3.875,,,,,,,,,
23416000,5854,3.75,,1.5261995792388916,,,,3.75,,,,,,,,,
23420000,5855,4.0,,1.5083452463150024,,,,4.0,,,,,,,,,
23424000,5856,3.875,,1.5512433052062988,,,,3.875,,,,,,,,,
23428000,5857,4.0,,1.529022216796875,,,,4.0,,,,,,,,,
23432000,5858,2.375,,1.5017991065979004,,,,2.375,,,,,,,,,
23436000,5859,3.625,,1.4973561763763428,,,,3.625,,,,,,,,,
23440000,5860,3.125,,1.5836739540100098,,,,3.125,,,,,,,,,
23444000,5861,4.125,,1.5450505018234253,,,,4.125,,,,,,,,,
23448000,5862,3.875,,1.4904001951217651,,,,3.875,,,,,,,,,
23452000,5863,4.0,,1.5600879192352295,,,,4.0,,,,,,,,,
23456000,5864,3.75,,1.5298564434051514,,,,3.75,,,,,,,,,
23460000,5865,4.25,,1.5589544773101807,,,,4.25,,,,,,,,,
23464000,5866,3.75,,1.543089747428894,,,,3.75,,,,,,,,,
23468000,5867,4.0,,1.4809346199035645,,,,4.0,,,,,,,,,
23472000,5868,4.0,,1.5273789167404175,,,,4.0,,,,,,,,,
23476000,5869,3.125,,1.5306224822998047,,,,3.125,,,,,,,,,
23480000,5870,3.625,,1.5586423873901367,,,,3.625,,,,,,,,,
23484000,5871,3.0,,1.6019922494888306,,,,3.0,,,,,,,,,
23488000,5872,3.625,,1.5401971340179443,,,,3.625,,,,,,,,,
23492000,5873,3.375,,1.523555040359497,,,,3.375,,,,,,,,,
23496000,5874,3.0,,1.465969443321228,,,,3.0,,,,,,,,,
23500000,5875,4.125,,1.4953856468200684,,,,4.125,,,,,,,,,
23504000,5876,3.75,,1.5504250526428223,,,,3.75,,,,,,,,,
23508000,5877,3.625,,1.5872013568878174,,,,3.625,,,,,,,,,
23512000,5878,2.375,,1.5349006652832031,,,,2.375,,,,,,,,,
23516000,5879,3.0,,1.5253403186798096,,,,3.0,,,,,,,,,
23520000,5880,3.375,,1.4944605827331543,,,,3.375,,,,,,,,,
23524000,5881,4.375,,1.523972511291504,,,,4.375,,,,,,,,,
23528000,5882,3.5,,1.4951705932617188,,,,3.5,,,,,,,,,
23532000,5883,2.875,,1.4883768558502197,,,,2.875,,,,,,,,,
23536000,5884,2.5,,1.5427939891815186,,,,2.5,,,,,,,,,
23540000,5885,3.125,,1.5478280782699585,,,,3.125,,,,,,,,,
23544000,5886,3.25,,1.5540058612823486,,,,3.25,,,,,,,,,
23548000,5887,4.375,,1.5620834827423096,,,,4.375,,,,,,,,,
23552000,5888,1.75,,1.5057446956634521,,,,1.75,,,,,,,,,
23556000,5889,3.75,,1.4567179679870605,,,,3.75,,,,,,,,,
23560000,5890,3.875,,1.5178899765014648,,,,3.875,,,,,,,,,
23564000,5891,3.75,,1.525738000869751,,,,3.75,,,,,,,,,
23568000,5892,2.875,,1.4932889938354492,,,,2.875,,,,,,,,,
23572000,5893,4.125,,1.5344465970993042,,,,4.125,,,,,,,,,
23576000,5894,3.75,,1.557588815689087,,,,3.75,,,,,,,,,
23580000,5895,3.25,,1.5872360467910767,,,,3.25,,,,,,,,,
23584000,5896,4.0,,1.5152921676635742,,,,4.0,,,,,,,,,
23588000,5897,3.75,,1.5333442687988281,,,,3.75,,,,,,,,,
23592000,5898,4.0,,1.5347142219543457,,,,4.0,,,,,,,,,
23596000,5899,3.25,,1.4889190196990967,,,,3.25,,,,,,,,,
23600000,5900,2.875,,1.4376349449157715,,,,2.875,,,,,,,,,
23604000,5901,3.5,,1.504494309425354,,,,3.5,,,,,,,,,
23608000,5902,3.875,,1.4816902875900269,,,,3.875,,,,,,,,,
23612000,5903,3.75,,1.5105347633361816,,,,3.75,,,,,,,,,
23616000,5904,3.0,,1.5270333290100098,,,,3.0,,,,,,,,,
23620000,5905,3.625,,1.553954005241394,,,,3.625,,,,,,,,,
23624000,5906,3.5,,1.529999017715454,,,,3.5,,,,,,,,,
23628000,5907,3.5,,1.4340393543243408,,,,3.5,,,,,,,,,
23632000,5908,3.875,,1.469799518585205,,,,3.875,,,,,,,,,
23636000,5909,3.75,,1.5175389051437378,,,,3.75,,,,,,,,,
23640000,5910,3.25,,1.4855979681015015,,,,3.25,,,,,,,,,
23644000,5911,3.625,,1.4922866821289062,,,,3.625,,,,,,,,,
23648000,5912,3.75,,1.53378427028656,,,,3.75,,,,,,,,,
23652000,5913,3.625,,1.4996798038482666,,,,3.625,,,,,,,,,
23656000,5914,3.875,,1.481886386871338,,,,3.875,,,,,,,,,
23660000,5915,3.0,,1.4722754955291748,,,,3.0,,,,,,,,,
23664000,5916,4.0,,1.4450922012329102,,,,4.0,,,,,,,,,
23668000,5917,3.5,,1.5152416229248047,,,,3.5,,,,,,,,,
23672000,5918,3.375,,1.5046995878219604,,,,3.375,,,,,,,,,
23676000,5919,3.375,,1.5360924005508423,,,,3.375,,,,,,,,,
23680000,5920,4.125,,1.4832860231399536,,,,4.125,,,,,,,,,
23684000,5921,4.125,,1.4593397378921509,,,,4.125,,,,,,,,,
23688000,5922,4.125,,1.529742956161499,,,,4.125,,,,,,,,,
23692000,5923,2.625,,1.4867722988128662,,,,2.625,,,,,,,,,
23696000,5924,4.5,,1.5292600393295288,,,,4.5,,,,,,,,,
23700000,5925,4.25,,1.475478172302246,,,,4.25,,,,,,,,,
23704000,5926,2.75,,1.4928487539291382,,,,2.75,,,,,,,,,
23708000,5927,3.375,,1.4386850595474243,,,,3.375,,,,,,,,,
23712000,5928,3.25,,1.4652854204177856,,,,3.25,,,,,,,,,
23716000,5929,3.875,,1.4794926643371582,,,,3.875,,,,,,,,,
23720000,5930,3.125,,1.4340627193450928,,,,3.125,,,,,,,,,
23724000,5931,3.125,,1.5185438394546509,,,,3.125,,,,,,,,,
23728000,5932,2.625,,1.4565949440002441,,,,2.625,,,,,,,,,
23732000,5933,3.625,,1.5105383396148682,,,,3.625,,,,,,,,,
23736000,5934,2.5,,1.4471747875213623,,,,2.5,,,,,,,,,
23740000,5935,2.875,,1.4316730499267578,,,,2.875,,,,,,,,,
23744000,5936,2.75,,1.4920637607574463,,,,2.75,,,,,,,,,
23748000,5937,3.75,,1.4728995561599731,,,,3.75,,,,,,,,,
23752000,5938,2.875,,1.4519275426864624,,,,2.875,,,,,,,,,
23756000,5939,3.25,,1.4215047359466553,,,,3.25,,,,,,,,,
23760000,5940,4.0,,1.4331495761871338,,,,4.0,,,,,,,,,
23764000,5941,2.125,,1.4761261940002441,,,,2.125,,,,,,,,,
23768000,5942,3.5,,1.4713597297668457,,,,3.5,,,,,,,,,
23772000,5943,2.75,,1.4776389598846436,,,,2.75,,,,,,,,,
23776000,5944,4.125,,1.453900694847107,,,,4.125,,,,,,,,,
23780000,5945,4.25,,1.4162324666976929,,,,4.25,,,,,,,,,
23784000,5946,3.625,,1.442831039428711,,,,3.625,,,,,,,,,
23788000,5947,4.375,,1.4595063924789429,,,,4.375,,,,,,,,,
23792000,5948,3.5,,1.461500644683838,,,,3.5,,,,,,,,,
23796000,5949,3.875,,1.4515938758850098,,,,3.875,,,,,,,,,
23800000,5950,3.625,,1.46519136428833,,,,3.625,,,,,,,,,
23804000,5951,3.75,,1.4574097394943237,,,,3.75,,,,,,,,,
23808000,5952,4.25,,1.4566004276275635,,,,4.25,,,,,,,,,
23812000,5953,3.375,,1.4226430654525757,,,,3.375,,,,,,,,,
23816000,5954,4.375,,1.4960378408432007,,,,4.375,,,,,,,,,
23820000,5955,3.75,,1.4900181293487549,,,,3.75,,,,,,,,,
23824000,5956,3.625,,1.4354135990142822,,,,3.625,,,,,,,,,
23828000,5957,4.375,,1.3818825483322144,,,,4.375,,,,,,,,,
23832000,5958,4.125,,1.3938958644866943,,,,4.125,,,,,,,,,
23836000,5959,4.125,,1.4530378580093384,,,,4.125,,,,,,,,,
23840000,5960,4.375,,1.4988577365875244,,,,4.375,,,,,,,,,
23844000,5961,4.25,,1.4720031023025513,,,,4.25,,,,,,,,,
23848000,5962,3.875,,1.4506194591522217,,,,3.875,,,,,,,,,
23852000,5963,3.625,,1.4312530755996704,,,,3.625,,,,,,,,,
23856000,5964,4.0,,1.466956377029419,,,,4.0,,,,,,,,,
23860000,5965,4.0,,1.448197841644287,,,,4.0,,,,,,,,,
23864000,5966,4.0,,1.507768154144287,,,,4.0,,,,,,,,,
23868000,5967,4.125,,1.4529647827148438,,,,4.125,,,,,,,,,
23872000,5968,3.75,,1.4378371238708496,,,,3.75,,,,,,,,,
23876000,5969,2.125,,1.4590872526168823,,,,2.125,,,,,,,,,
23880000,5970,3.875,,1.4484143257141113,,,,3.875,,,,,,,,,
23884000,5971,3.125,,1.5176972150802612,,,,3.125,,,,,,,,,
23888000,5972,4.0,,1.3830838203430176,,,,4.0,,,,,,,,,
23892000,5973,3.75,,1.4406625032424927,,,,3.75,,,,,,,,,
23896000,5974,4.25,,1.4556660652160645,,,,4.25,,,,,,,,,
23900000,5975,3.875,,1.4672889709472656,,,,3.875,,,,,,,,,
23904000,5976,3.625,,1.4376657009124756,,,,3.625,,,,,,,,,
23908000,5977,4.125,,1.4447487592697144,,,,4.125,,,,,,,,,
23912000,5978,4.125,,1.5037565231323242,,,,4.125,,,,,,,,,
23916000,5979,3.625,,1.4218394756317139,,,,3.625,,,,,,,,,
23920000,5980,3.75,,1.4629621505737305,,,,3.75,,,,,,,,,
23924000,5981,3.0,,1.472673773765564,,,,3.0,,,,,,,,,
23928000,5982,3.625,,1.476036548614502,,,,3.625,,,,,,,,,
23932000,5983,3.375,,1.45755934715271,,,,3.375,,,,,,,,,
23936000,5984,3.75,,1.4128050804138184,,,,3.75,,,,,,,,,
23940000,5985,4.0,,1.505660057067871,,,,4.0,,,,,,,,,
23944000,5986,2.875,,1.440680980682373,,,,2.875,,,,,,,,,
23948000,5987,4.125,,1.455549716949463,,,,4.125,,,,,,,,,
23952000,5988,4.0,,1.466040015220642,,,,4.0,,,,,,,,,
23956000,5989,4.125,,1.441762924194336,,,,4.125,,,,,,,,,
23960000,5990,3.625,,1.4236223697662354,,,,3.625,,,,,,,,,
23964000,5991,4.125,,1.4803353548049927,,,,4.125,,,,,,,,,
23968000,5992,3.75,,1.4318804740905762,,,,3.75,,,,,,,,,
23972000,5993,3.875,,1.4626686573028564,,,,3.875,,,,,,,,,
23976000,5994,4.125,,1.4627901315689087,,,,4.125,,,,,,,,,
23980000,5995,3.875,,1.4274518489837646,,,,3.875,,,,,,,,,
23984000,5996,4.125,,1.4699018001556396,,,,4.125,,,,,,,,,
23988000,5997,2.625,,1.4701422452926636,,,,2.625,,,,,,,,,
23992000,5998,4.25,,1.4841909408569336,,,,4.25,,,,,,,,,
23996000,5999,3.25,,1.5461868047714233,,,,3.25,,,,,,,,,
24000000,6000,3.75,,1.4705513715744019,,,,3.75,,,,,,,,,
24004000,6001,4.25,,1.3640050888061523,,,,4.25,,,,,,,,,
24008000,6002,4.125,,1.4851279258728027,,,,4.125,,,,,,,,,
24012000,6003,3.0,,1.5047484636306763,,,,3.0,,,,,,,,,
24016000,6004,3.875,,1.4927518367767334,,,,3.875,,,,,,,,,
24020000,6005,4.0,,1.452580213546753,,,,4.0,,,,,,,,,
24024000,6006,3.625,,1.4219151735305786,,,,3.625,,,,,,,,,
24028000,6007,3.75,,1.410184621810913,,,,3.75,,,,,,,,,
24032000,6008,4.0,,1.4466993808746338,,,,4.0,,,,,,,,,
24036000,6009,4.125,,1.4426425695419312,,,,4.125,,,,,,,,,
24040000,6010,4.0,,1.5076541900634766,,,,4.0,,,,,,,,,
24044000,6011,4.0,,1.486675500869751,,,,4.0,,,,,,,,,
24048000,6012,4.25,,1.4767502546310425,,,,4.25,,,,,,,,,
24052000,6013,3.875,,1.4529308080673218,,,,3.875,,,,,,,,,
24056000,6014,3.875,,1.5136122703552246,,,,3.875,,,,,,,,,
24060000,6015,4.25,,1.5081998109817505,,,,4.25,,,,,,,,,
24064000,6016,4.0,,1.480008840560913,,,,4.0,,,,,,,,,
24068000,6017,3.875,,1.5065038204193115,,,,3.875,,,,,,,,,
24072000,6018,3.875,,1.4557108879089355,,,,3.875,,,,,,,,,
24076000,6019,4.0,,1.4744277000427246,,,,4.0,,,,,,,,,
24080000,6020,3.375,,1.5602706670761108,,,,3.375,,,,,,,,,
24084000,6021,3.5,,1.4098658561706543,,,,3.5,,,,,,,,,
24088000,6022,3.875,,1.4120317697525024,,,,3.875,,,,,,,,,
24092000,6023,3.625,,1.4903736114501953,,,,3.625,,,,,,,,,
24096000,6024,2.625,,1.5221519470214844,,,,2.625,,,,,,,,,
24100000,6025,4.0,,1.525781512260437,,,,4.0,,,,,,,,,
24104000,6026,4.0,,1.5348351001739502,,,,4.0,,,,,,,,,
24108000,6027,3.5,,1.4488792419433594,,,,3.5,,,,,,,,,
24112000,6028,3.875,,1.5437393188476562,,,,3.875,,,,,,,,,
24116000,6029,4.25,,1.5066165924072266,,,,4.25,,,,,,,,,
24120000,6030,4.25,,1.4409656524658203,,,,4.25,,,,,,,,,
24124000,6031,3.875,,1.5073065757751465,,,,3.875,,,,,,,,,
24128000,6032,3.75,,1.551757574081421,,,,3.75,,,,,,,,,
24132000,6033,3.875,,1.4716377258300781,,,,3.875,,,,,,,,,
24136000,6034,3.875,,1.4924743175506592,,,,3.875,,,,,,,,,
24140000,6035,4.0,,1.5012931823730469,,,,4.0,,,,,,,,,
24144000,6036,3.625,,1.546273946762085,,,,3.625,,,,,,,,,
24148000,6037,3.875,,1.4638469219207764,,,,3.875,,,,,,,,,
24152000,6038,3.75,,1.506807565689087,,,,3.75,,,,,,,,,
24156000,6039,4.0,,1.5305132865905762,,,,4.0,,,,,,,,,
24160000,6040,3.75,,1.4665353298187256,,,,3.75,,,,,,,,,
24164000,6041,3.875,,1.476482629776001,,,,3.875,,,,,,,,,
24168000,6042,4.125,,1.4559742212295532,,,,4.125,,,,,,,,,
24172000,6043,3.5,,1.5188679695129395,,,,3.5,,,,,,,,,
24176000,6044,4.25,,1.5683631896972656,,,,4.25,,,,,,,,,
24180000,6045,3.25,,1.4973053932189941,,,,3.25,,,,,,,,,
24184000,6046,4.125,,1.4810595512390137,,,,4.125,,,,,,,,,
24188000,6047,3.875,,1.5221970081329346,,,,3.875,,,,,,,,,
24192000,6048,3.5,,1.5507256984710693,,,,3.5,,,,,,,,,
24196000,6049,3.0,,1.4423956871032715,,,,3.0,,,,,,,,,
24200000,6050,3.0,,1.4740068912506104,,,,3.0,,,,,,,,,
24204000,6051,3.625,,1.5251665115356445,,,,3.625,,,,,,,,,
24208000,6052,4.0,,1.4478590488433838,,,,4.0,,,,,,,,,
24212000,6053,3.875,,1.4656305313110352,,,,3.875,,,,,,,,,
24216000,6054,4.125,,1.4988017082214355,,,,4.125,,,,,,,,,
24220000,6055,4.0,,1.5404646396636963,,,,4.0,,,,,,,,,
24224000,6056,4.0,,1.532180666923523,,,,4.0,,,,,,,,,
24228000,6057,3.875,,1.49049711227417,,,,3.875,,,,,,,,,
24232000,6058,3.375,,1.5115547180175781,,,,3.375,,,,,,,,,
24236000,6059,1.25,,1.550516963005066,,,,1.25,,,,,,,,,
24240000,6060,3.25,,1.4900665283203125,,,,3.25,,,,,,,,,
24244000,6061,4.125,,1.4588706493377686,,,,4.125,,,,,,,,,
24248000,6062,4.0,,1.476410150527954,,,,4.0,,,,,,,,,
24252000,6063,3.875,,1.563730001449585,,,,3.875,,,,,,,,,
24256000,6064,3.75,,1.4779763221740723,,,,3.75,,,,,,,,,
24260000,6065,4.0,,1.5449259281158447,,,,4.0,,,,,,,,,
24264000,6066,4.125,,1.5185706615447998,,,,4.125,,,,,,,,,
24268000,6067,4.0,,1.5494539737701416,,,,4.0,,,,,,,,,
24272000,6068,3.75,,1.5069036483764648,,,,3.75,,,,,,,,,
24276000,6069,3.75,,1.5220634937286377,,,,3.75,,,,,,,,,
24280000,6070,3.125,,1.5322986841201782,,,,3.125,,,,,,,,,
24284000,6071,3.375,,1.5034606456756592,,,,3.375,,,,,,,,,
24288000,6072,3.25,,1.526275634765625,,,,3.25,,,,,,,,,
24292000,6073,4.0,,1.5015573501586914,,,,4.0,,,,,,,,,
24296000,6074,3.625,,1.527237892150879,,,,3.625,,,,,,,,,
24300000,6075,4.125,,1.5080960988998413,,,,4.125,,,,,,,,,
24304000,6076,4.0,,1.493475079536438,,,,4.0,,,,,,,,,
24308000,6077,3.875,,1.491275429725647,,,,3.875,,,,,,,,,
24312000,6078,4.125,,1.5031296014785767,,,,4.125,,,,,,,,,
24316000,6079,4.25,,1.5269697904586792,,,,4.25,,,,,,,,,
24320000,6080,4.125,,1.4958198070526123,,,,4.125,,,,,,,,,
24324000,6081,4.0,,1.561138391494751,,,,4.0,,,,,,,,,
24328000,6082,3.875,,1.5155692100524902,,,,3.875,,,,,,,,,
24332000,6083,3.75,,1.5238863229751587,,,,3.75,,,,,,,,,
24336000,6084,4.25,,1.4487810134887695,,,,4.25,,,,,,,,,
24340000,6085,3.5,,1.520195484161377,,,,3.5,,,,,,,,,
24344000,6086,4.0,,1.5649902820587158,,,,4.0,,,,,,,,,
24348000,6087,3.25,,1.5398328304290771,,,,3.25,,,,,,,,,
24352000,6088,4.125,,1.4569605588912964,,,,4.125,,,,,,,,,
24356000,6089,4.125,,1.451875925064087,,,,4.125,,,,,,,,,
24360000,6090,3.875,,1.5845004320144653,,,,3.875,,,,,,,,,
24364000,6091,3.875,,1.51889169216156,,,,3.875,,,,,,,,,
24368000,6092,3.75,,1.5240541696548462,,,,3.75,,,,,,,,,
24372000,6093,3.375,,1.4746028184890747,,,,3.375,,,,,,,,,
24376000,6094,3.875,,1.4629536867141724,,,,3.875,,,,,,,,,
24380000,6095,3.75,,1.5463275909423828,,,,3.75,,,,,,,,,
24384000,6096,4.125,,1.5365726947784424,,,,4.125,,,,,,,,,
24388000,6097,3.75,,1.5095257759094238,,,,3.75,,,,,,,,,
24392000,6098,4.0,,1.4689083099365234,,,,4.0,,,,,,,,,
24396000,6099,3.125,,1.4859366416931152,,,,3.125,,,,,,,,,
24400000,6100,4.125,,1.4836102724075317,,,,4.125,,,,,,,,,
24404000,6101,4.375,,1.515052080154419,,,,4.375,,,,,,,,,
24408000,6102,3.625,,1.4953794479370117,,,,3.625,,,,,,,,,
24412000,6103,4.125,,1.4719032049179077,,,,4.125,,,,,,,,,
24416000,6104,3.625,,1.5235960483551025,,,,3.625,,,,,,,,,
24420000,6105,4.125,,1.472796082496643,,,,4.125,,,,,,,,,
24424000,6106,3.875,,1.5120925903320312,,,,3.875,,,,,,,,,
24428000,6107,3.25,,1.5539977550506592,,,,3.25,,,,,,,,,
24432000,6108,4.0,,1.5384387969970703,,,,4.0,,,,,,,,,
24436000,6109,4.0,,1.5247366428375244,,,,4.0,,,,,,,,,
24440000,6110,3.5,,1.5136899948120117,,,,3.5,,,,,,,,,
24444000,6111,3.75,,1.462301254272461,,,,3.75,,,,,,,,,
24448000,6112,2.75,,1.4988911151885986,,,,2.75,,,,,,,,,
24452000,6113,3.875,,1.521235466003418,,,,3.875,,,,,,,,,
24456000,6114,2.25,,1.4926546812057495,,,,2.25,,,,,,,,,
24460000,6115,3.125,,1.4926475286483765,,,,3.125,,,,,,,,,
24464000,6116,3.875,,1.4803835153579712,,,,3.875,,,,,,,,,
24468000,6117,3.75,,1.4629977941513062,,,,3.75,,,,,,,,,
24472000,6118,3.5,,1.494384765625,,,,3.5,,,,,,,,,
24476000,6119,3.625,,1.5036861896514893,,,,3.625,,,,,,,,,
24480000,6120,3.125,,1.4660332202911377,,,,3.125,,,,,,,,,
24484000,6121,3.625,,1.4144827127456665,,,,3.625,,,,,,,,,
24488000,6122,3.375,,1.4420549869537354,,,,3.375,,,,,,,,,
24492000,6123,3.375,,1.5021958351135254,,,,3.375,,,,,,,,,
24496000,6124,3.5,,1.4497896432876587,,,,3.5,,,,,,,,,
24500000,6125,2.0,,1.4773361682891846,,,,2.0,,,,,,,,,
24504000,6126,3.875,,1.4373953342437744,,,,3.875,,,,,,,,,
24508000,6127,3.875,,1.446496605873108,,,,3.875,,,,,,,,,
24512000,6128,2.375,,1.4384106397628784,,,,2.375,,,,,,,,,
24516000,6129,4.25,,1.5050621032714844,,,,4.25,,,,,,,,,
24520000,6130,4.0,,1.5008536577224731,,,,4.0,,,,,,,,,
24524000,6131,4.0,,1.4595353603363037,,,,4.0,,,,,,,,,
24528000,6132,2.625,,1.4596788883209229,,,,2.625,,,,,,,,,
24532000,6133,4.125,,1.4370630979537964,,,,4.125,,,,,,,,,
24536000,6134,3.125,,1.4843380451202393,,,,3.125,,,,,,,,,
24540000,6135,3.875,,1.457247257232666,,,,3.875,,,,,,,,,
24544000,6136,4.125,,1.435883641242981,,,,4.125,,,,,,,,,
24548000,6137,4.0,,1.471950650215149,,,,4.0,,,,,,,,,
24552000,6138,4.0,,1.5004935264587402,,,,4.0,,,,,,,,,
24556000,6139,4.0,,1.4726340770721436,,,,4.0,,,,,,,,,
24560000,6140,3.875,,1.4300951957702637,,,,3.875,,,,,,,,,
24564000,6141,3.5,,1.431401014328003,,,,3.5,,,,,,,,,
24568000,6142,4.0,,1.5236527919769287,,,,4.0,,,,,,,,,
24572000,6143,3.0,,1.456517219543457,,,,3.0,,,,,,,,,
24576000,6144,3.875,,1.4281506538391113,,,,3.875,,,,,,,,,
24580000,6145,3.625,,1.4307868480682373,,,,3.625,,,,,,,,,
24584000,6146,3.5,,1.5130393505096436,,,,3.5,,,,,,,,,
24588000,6147,4.0,,1.460922122001648,,,,4.0,,,,,,,,,
24592000,6148,4.25,,1.5032217502593994,,,,4.25,,,,,,,,,
24596000,6149,3.875,,1.456944227218628,,,,3.875,,,,,,,,,
24600000,6150,3.625,,1.4015085697174072,,,,3.625,,,,,,,,,
24604000,6151,4.0,,1.4712591171264648,,,,4.0,,,,,,,,,
24608000,6152,3.5,,1.4499720335006714,,,,3.5,,,,,,,,,
24612000,6153,3.625,,1.4773108959197998,,,,3.625,,,,,,,,,
24616000,6154,4.125,,1.4375011920928955,,,,4.125,,,,,,,,,
24620000,6155,3.0,,1.457993984222412,,,,3.0,,,,,,,,,
24624000,6156,4.125,,1.4698395729064941,,,,4.125,,,,,,,,,
24628000,6157,4.0,,1.4689559936523438,,,,4.0,,,,,,,,,
24632000,6158,4.0,,1.4590882062911987,,,,4.0,,,,,,,,,
24636000,6159,4.25,,1.498578429222107,,,,4.25,,,,,,,,,
24640000,6160,3.875,,1.4968150854110718,,,,3.875,,,,,,,,,
24644000,6161,4.125,,1.463633418083191,,,,4.125,,,,,,,,,
24648000,6162,3.875,,1.433114767074585,,,,3.875,,,,,,,,,
24652000,6163,3.75,,1.502845048904419,,,,3.75,,,,,,,,,
24656000,6164,4.0,,1.4552819728851318,,,,4.0,,,,,,,,,
24660000,6165,3.25,,1.457369089126587,,,,3.25,,,,,,,,,
24664000,6166,3.25,,1.4741253852844238,,,,3.25,,,,,,,,,
24668000,6167,3.5,,1.5088844299316406,,,,3.5,,,,,,,,,
24672000,6168,4.125,,1.4446702003479004,,,,4.125,,,,,,,,,
24676000,6169,4.0,,1.4485149383544922,,,,4.0,,,,,,,,,
24680000,6170,3.5,,1.4311161041259766,,,,3.5,,,,,,,,,
24684000,6171,3.75,,1.4406983852386475,,,,3.75,,,,,,,,,
24688000,6172,2.125,,1.4549853801727295,,,,2.125,,,,,,,,,
24692000,6173,4.0,,1.4809236526489258,,,,4.0,,,,,,,,,
24696000,6174,3.625,,1.4308905601501465,,,,3.625,,,,,,,,,
24700000,6175,4.125,,1.4113317728042603,,,,4.125,,,,,,,,,
24704000,6176,3.625,,1.4290416240692139,,,,3.625,,,,,,,,,
24708000,6177,3.75,,1.4831615686416626,,,,3.75,,,,,,,,,
24712000,6178,2.875,,1.432834506034851,,,,2.875,,,,,,,,,
24716000,6179,4.25,,1.4335942268371582,,,,4.25,,,,,,,,,
24720000,6180,3.5,,1.4936161041259766,,,,3.5,,,,,,,,,
24724000,6181,3.0,,1.4606666564941406,,,,3.0,,,,,,,,,
24728000,6182,4.5,,1.4621129035949707,,,,4.5,,,,,,,,,
24732000,6183,3.5,,1.3950300216674805,,,,3.5,,,,,,,,,
24736000,6184,3.25,,1.41514253616333,,,,3.25,,,,,,,,,
24740000,6185,3.0,,1.4202015399932861,,,,3.0,,,,,,,,,
24744000,6186,4.125,,1.451875925064087,,,,4.125,,,,,,,,,
24748000,6187,3.25,,1.437934160232544,,,,3.25,,,,,,,,,
24752000,6188,4.0,,1.452659010887146,,,,4.0,,,,,,,,,
24756000,6189,4.125,,1.4287834167480469,,,,4.125,,,,,,,,,
24760000,6190,4.125,,1.424067735671997,,,,4.125,,,,,,,,,
24764000,6191,4.125,,1.447359323501587,,,,4.125,,,,,,,,,
24768000,6192,3.625,,1.4586052894592285,,,,3.625,,,,,,,,,
24772000,6193,3.75,,1.478928804397583,,,,3.75,,,,,,,,,
24776000,6194,4.0,,1.431029200553894,,,,4.0,,,,,,,,,
24780000,6195,3.875,,1.458411693572998,,,,3.875,,,,,,,,,
24784000,6196,1.75,,1.4644558429718018,,,,1.75,,,,,,,,,
24788000,6197,4.25,,1.4981677532196045,,,,4.25,,,,,,,,,
24792000,6198,2.0,,1.4913140535354614,,,,2.0,,,,,,,,,
24796000,6199,4.125,,1.4679152965545654,,,,4.125,,,,,,,,,
24800000,6200,2.625,,1.4080132246017456,,,,2.625,,,,,,,,,
24804000,6201,3.625,,1.4606285095214844,,,,3.625,,,,,,,,,
24808000,6202,3.5,,1.4674595594406128,,,,3.5,,,,,,,,,
24812000,6203,4.5,,1.45212721824646,,,,4.5,,,,,,,,,
24816000,6204,4.125,,1.4320931434631348,,,,4.125,,,,,,,,,
24820000,6205,3.625,,1.5045526027679443,,,,3.625,,,,,,,,,
24824000,6206,3.375,,1.4075415134429932,,,,3.375,,,,,,,,,
24828000,6207,4.125,,1.444350004196167,,,,4.125,,,,,,,,,
24832000,6208,3.875,,1.4288535118103027,,,,3.875,,,,,,,,,
24836000,6209,4.375,,1.4881199598312378,,,,4.375,,,,,,,,,
24840000,6210,4.0,,1.4200811386108398,,,,4.0,,,,,,,,,
24844000,6211,4.5,,1.4592416286468506,,,,4.5,,,,,,,,,
24848000,6212,4.125,,1.4722721576690674,,,,4.125,,,,,,,,,
24852000,6213,3.875,,1.5000582933425903,,,,3.875,,,,,,,,,
24856000,6214,3.75,,1.4756178855895996,,,,3.75,,,,,,,,,
24860000,6215,4.375,,1.4026862382888794,,,,4.375,,,,,,,,,
24864000,6216,3.125,,1.4569690227508545,,,,3.125,,,,,,,,,
24868000,6217,4.375,,1.493030071258545,,,,4.375,,,,,,,,,
24872000,6218,3.625,,1.5126808881759644,,,,3.625,,,,,,,,,
24876000,6219,3.25,,1.4646416902542114,,,,3.25,,,,,,,,,
24880000,6220,4.0,,1.3947422504425049,,,,4.0,,,,,,,,,
24884000,6221,2.625,,1.3902645111083984,,,,2.625,,,,,,,,,
24888000,6222,3.75,,1.4694931507110596,,,,3.75,,,,,,,,,
24892000,6223,3.75,,1.468934178352356,,,,3.75,,,,,,,,,
24896000,6224,4.0,,1.5175764560699463,,,,4.0,,,,,,,,,
24900000,6225,4.0,,1.450964093208313,,,,4.0,,,,,,,,,
24904000,6226,3.875,,1.4455389976501465,,,,3.875,,,,,,,,,
24908000,6227,3.5,,1.4519667625427246,,,,3.5,,,,,,,,,
24912000,6228,4.0,,1.4737735986709595,,,,4.0,,,,,,,,,
24916000,6229,3.375,,1.435171127319336,,,,3.375,,,,,,,,,
24920000,6230,4.25,,1.4701073169708252,,,,4.25,,,,,,,,,
24924000,6231,4.625,,1.4539097547531128,,,,4.625,,,,,,,,,
24928000,6232,3.625,,1.4702703952789307,,,,3.625,,,,,,,,,
24932000,6233,2.5,,1.3876900672912598,,,,2.5,,,,,,,,,
24936000,6234,4.0,,1.3979973793029785,,,,4.0,,,,,,,,,
24940000,6235,3.625,,1.446501612663269,,,,3.625,,,,,,,,,
24944000,6236,4.5,,1.4524483680725098,,,,4.5,,,,,,,,,
24948000,6237,3.625,,1.4906126260757446,,,,3.625,,,,,,,,,
24952000,6238,4.0,,1.4380780458450317,,,,4.0,,,,,,,,,
24956000,6239,3.75,,1.498191237449646,,,,3.75,,,,,,,,,
24960000,6240,4.25,,1.5185151100158691,,,,4.25,,,,,,,,,
24964000,6241,4.25,,1.4345017671585083,,,,4.25,,,,,,,,,
24968000,6242,4.125,,1.4166749715805054,,,,4.125,,,,,,,,,
24972000,6243,3.125,,1.4153025150299072,,,,3.125,,,,,,,,,
24976000,6244,3.875,,1.4694386720657349,,,,3.875,,,,,,,,,
24980000,6245,3.875,,1.4667874574661255,,,,3.875,,,,,,,,,
24984000,6246,3.625,,1.4410245418548584,,,,3.625,,,,,,,,,
24988000,6247,4.125,,1.5287342071533203,,,,4.125,,,,,,,,,
24992000,6248,3.375,,1.4646508693695068,,,,3.375,,,,,,,,,
24996000,6249,3.875,,1.4099974632263184,,,,3.875,,,,,,,,,
25000000,6250,3.875,,1.4519603252410889,,,,3.875,,,,,,,,,
25004000,6251,4.25,,1.4227182865142822,,,,4.25,,,,,,,,,
25008000,6252,3.5,,1.368320107460022,,,,3.5,,,,,,,,,
25012000,6253,3.875,,1.4368153810501099,,,,3.875,,,,,,,,,
25016000,6254,4.375,,1.4829288721084595,,,,4.375,,,,,,,,,
25020000,6255,3.5,,1.460014820098877,,,,3.5,,,,,,,,,
25024000,6256,3.25,,1.4602394104003906,,,,3.25,,,,,,,,,
25028000,6257,3.0,,1.5196149349212646,,,,3.0,,,,,,,,,
25032000,6258,4.25,,1.5006834268569946,,,,4.25,,,,,,,,,
25036000,6259,3.5,,1.501270055770874,,,,3.5,,,,,,,,,
25040000,6260,2.875,,1.4706006050109863,,,,2.875,,,,,,,,,
25044000,6261,3.875,,1.42459237575531,,,,3.875,,,,,,,,,
25048000,6262,3.625,,1.4888501167297363,,,,3.625,,,,,,,,,
25052000,6263,3.75,,1.44400155544281,,,,3.75,,,,,,,,,
25056000,6264,4.5,,1.498521327972412,,,,4.5,,,,,,,,,
25060000,6265,3.875,,1.4320327043533325,,,,3.875,,,,,,,,,
25064000,6266,3.625,,1.4940284490585327,,,,3.625,,,,,,,,,
25068000,6267,4.25,,1.4610583782196045,,,,4.25,,,,,,,,,
25072000,6268,3.875,,1.4781402349472046,,,,3.875,,,,,,,,,
25076000,6269,4.125,,1.4724538326263428,,,,4.125,,,,,,,,,
25080000,6270,4.5,,1.4710599184036255,,,,4.5,,,,,,,,,
25084000,6271,4.25,,1.4722137451171875,,,,4.25,,,,,,,,,
25088000,6272,4.375,,1.4936084747314453,,,,4.375,,,,,,,,,
25092000,6273,3.875,,1.4771811962127686,,,,3.875,,,,,,,,,
25096000,6274,3.125,,1.4312330484390259,,,,3.125,,,,,,,,,
25100000,6275,4.0,,1.4765948057174683,,,,4.0,,,,,,,,,
25104000,6276,3.25,,1.448176383972168,,,,3.25,,,,,,,,,
25108000,6277,4.0,,1.4606105089187622,,,,4.0,,,,,,,,,
25112000,6278,3.875,,1.5133881568908691,,,,3.875,,,,,,,,,
25116000,6279,3.625,,1.5093261003494263,,,,3.625,,,,,,,,,
25120000,6280,3.125,,1.488614797592163,,,,3.125,,,,,,,,,
25124000,6281,4.125,,1.4307303428649902,,,,4.125,,,,,,,,,
25128000,6282,4.125,,1.52020263671875,,,,4.125,,,,,,,,,
25132000,6283,4.125,,1.46832275390625,,,,4.125,,,,,,,,,
25136000,6284,3.25,,1.4320809841156006,,,,3.25,,,,,,,,,
25140000,6285,3.875,,1.4748499393463135,,,,3.875,,,,,,,,,
25144000,6286,4.25,,1.4574609994888306,,,,4.25,,,,,,,,,
25148000,6287,3.5,,1.4564412832260132,,,,3.5,,,,,,,,,
25152000,6288,4.125,,1.4877309799194336,,,,4.125,,,,,,,,,
25156000,6289,3.625,,1.4816703796386719,,,,3.625,,,,,,,,,
25160000,6290,4.0,,1.4729621410369873,,,,4.0,,,,,,,,,
25164000,6291,3.75,,1.4258657693862915,,,,3.75,,,,,,,,,
25168000,6292,3.75,,1.4297757148742676,,,,3.75,,,,,,,,,
25172000,6293,4.0,,1.451865792274475,,,,4.0,,,,,,,,,
25176000,6294,3.5,,1.5147593021392822,,,,3.5,,,,,,,,,
25180000,6295,3.75,,1.5598962306976318,,,,3.75,,,,,,,,,
25184000,6296,4.125,,1.4961793422698975,,,,4.125,,,,,,,,,
25188000,6297,3.5,,1.5294129848480225,,,,3.5,,,,,,,,,
25192000,6298,3.75,,1.509152889251709,,,,3.75,,,,,,,,,
25196000,6299,3.5,,1.515540361404419,,,,3.5,,,,,,,,,
25200000,6300,3.75,,1.4908570051193237,,,,3.75,,,,,,,,,
25204000,6301,4.0,,1.5397303104400635,,,,4.0,,,,,,,,,
25208000,6302,2.75,,1.4368853569030762,,,,2.75,,,,,,,,,
25212000,6303,3.75,,1.4277303218841553,,,,3.75,,,,,,,,,
25216000,6304,1.875,,1.4622008800506592,,,,1.875,,,,,,,,,
25220000,6305,3.875,,1.4819674491882324,,,,3.875,,,,,,,,,
25224000,6306,3.875,,1.4720380306243896,,,,3.875,,,,,,,,,
25228000,6307,4.0,,1.5070805549621582,,,,4.0,,,,,,,,,
25232000,6308,1.5,,1.3990757465362549,,,,1.5,,,,,,,,,
25236000,6309,3.75,,1.4203341007232666,,,,3.75,,,,,,,,,
25240000,6310,3.625,,1.440950870513916,,,,3.625,,,,,,,,,
25244000,6311,3.375,,1.4801534414291382,,,,3.375,,,,,,,,,
25248000,6312,4.25,,1.4696420431137085,,,,4.25,,,,,,,,,
25252000,6313,3.125,,1.5133912563323975,,,,3.125,,,,,,,,,
25256000,6314,4.0,,1.4737989902496338,,,,4.0,,,,,,,,,
25260000,6315,3.625,,1.4461318254470825,,,,3.625,,,,,,,,,
25264000,6316,3.75,,1.384345531463623,,,,3.75,,,,,,,,,
25268000,6317,3.5,,1.5073072910308838,,,,3.5,,,,,,,,,
25272000,6318,3.875,,1.485419750213623,,,,3.875,,,,,,,,,
25276000,6319,4.0,,1.4718647003173828,,,,4.0,,,,,,,,,
25280000,6320,4.0,,1.3839695453643799,,,,4.0,,,,,,,,,
25284000,6321,3.875,,1.4402657747268677,,,,3.875,,,,,,,,,
25288000,6322,3.5,,1.465651512145996,,,,3.5,,,,,,,,,
25292000,6323,3.25,,1.4871500730514526,,,,3.25,,,,,,,,,
25296000,6324,4.375,,1.4697775840759277,,,,4.375,,,,,,,,,
25300000,6325,3.5,,1.474686861038208,,,,3.5,,,,,,,,,
25304000,6326,3.375,,1.4940037727355957,,,,3.375,,,,,,,,,
25308000,6327,4.0,,1.4493918418884277,,,,4.0,,,,,,,,,
25312000,6328,3.625,,1.46050226688385,,,,3.625,,,,,,,,,
25316000,6329,3.875,,1.3990503549575806,,,,3.875,,,,,,,,,
25320000,6330,4.0,,1.4467825889587402,,,,4.0,,,,,,,,,
25324000,6331,4.0,,1.5122363567352295,,,,4.0,,,,,,,,,
25328000,6332,3.5,,1.523882508277893,,,,3.5,,,,,,,,,
25332000,6333,4.125,,1.424299716949463,,,,4.125,,,,,,,,,
25336000,6334,3.875,,1.4362070560455322,,,,3.875,,,,,,,,,
25340000,6335,4.25,,1.429704189300537,,,,4.25,,,,,,,,,
25344000,6336,3.75,,1.4529500007629395,,,,3.75,,,,,,,,,
25348000,6337,4.25,,1.4525094032287598,,,,4.25,,,,,,,,,
25352000,6338,4.625,,1.4713923931121826,,,,4.625,,,,,,,,,
25356000,6339,4.125,,1.4664192199707031,,,,4.125,,,,,,,,,
25360000,6340,4.0,,1.4899351596832275,,,,4.0,,,,,,,,,
25364000,6341,2.875,,1.4286106824874878,,,,2.875,,,,,,,,,
25368000,6342,3.75,,1.4231641292572021,,,,3.75,,,,,,,,,
25372000,6343,4.0,,1.4539740085601807,,,,4.0,,,,,,,,,
25376000,6344,4.0,,1.4887683391571045,,,,4.0,,,,,,,,,
25380000,6345,3.125,,1.4466969966888428,,,,3.125,,,,,,,,,
25384000,6346,2.625,,1.4006428718566895,,,,2.625,,,,,,,,,
25388000,6347,2.875,,1.3838787078857422,,,,2.875,,,,,,,,,
25392000,6348,3.75,,1.4603327512741089,,,,3.75,,,,,,,,,
25396000,6349,3.875,,1.4807641506195068,,,,3.875,,,,,,,,,
25400000,6350,3.875,,1.4263932704925537,,,,3.875,,,,,,,,,
25404000,6351,3.625,,1.445732593536377,,,,3.625,,,,,,,,,
25408000,6352,4.0,,1.3753286600112915,,,,4.0,,,,,,,,,
25412000,6353,3.25,,1.3691740036010742,,,,3.25,,,,,,,,,
25416000,6354,3.875,,1.4126588106155396,,,,3.875,,,,,,,,,
25420000,6355,3.75,,1.4024982452392578,,,,3.75,,,,,,,,,
25424000,6356,3.25,,1.4061201810836792,,,,3.25,,,,,,,,,
25428000,6357,2.125,,1.4291406869888306,,,,2.125,,,,,,,,,
25432000,6358,3.625,,1.4244070053100586,,,,3.625,,,,,,,,,
25436000,6359,4.625,,1.4646461009979248,,,,4.625,,,,,,,,,
25440000,6360,3.75,,1.3861494064331055,,,,3.75,,,,,,,,,
25444000,6361,3.5,,1.4071331024169922,,,,3.5,,,,,,,,,
25448000,6362,3.625,,1.366581916809082,,,,3.625,,,,,,,,,
25452000,6363,3.875,,1.427194595336914,,,,3.875,,,,,,,,,
25456000,6364,3.875,,1.3972408771514893,,,,3.875,,,,,,,,,
25460000,6365,3.0,,1.442159652709961,,,,3.0,,,,,,,,,
25464000,6366,4.125,,1.3806064128875732,,,,4.125,,,,,,,,,
25468000,6367,3.75,,1.3928375244140625,,,,3.75,,,,,,,,,
25472000,6368,3.625,,1.4735714197158813,,,,3.625,,,,,,,,,
25476000,6369,4.0,,1.4633982181549072,,,,4.0,,,,,,,,,
25480000,6370,3.875,,1.4324400424957275,,,,3.875,,,,,,,,,
25484000,6371,4.125,,1.3804879188537598,,,,4.125,,,,,,,,,
25488000,6372,3.75,,1.4437819719314575,,,,3.75,,,,,,,,,
25492000,6373,3.125,,1.4090951681137085,,,,3.125,,,,,,,,,
25496000,6374,3.75,,1.421668291091919,,,,3.75,,,,,,,,,
25500000,6375,4.25,,1.4146394729614258,,,,4.25,,,,,,,,,
25504000,6376,4.0,,1.4456877708435059,,,,4.0,,,,,,,,,
25508000,6377,3.75,,1.4087884426116943,,,,3.75,,,,,,,,,
25512000,6378,3.875,,1.4140915870666504,,,,3.875,,,,,,,,,
25516000,6379,3.75,,1.434668779373169,,,,3.75,,,,,,,,,
25520000,6380,3.375,,1.4017417430877686,,,,3.375,,,,,,,,,
25524000,6381,3.875,,1.4254772663116455,,,,3.875,,,,,,,,,
25528000,6382,4.125,,1.404514193534851,,,,4.125,,,,,,,,,
25532000,6383,3.25,,1.415938377380371,,,,3.25,,,,,,,,,
25536000,6384,3.5,,1.439254641532898,,,,3.5,,,,,,,,,
25540000,6385,4.5,,1.405456781387329,,,,4.5,,,,,,,,,
25544000,6386,2.375,,1.4279470443725586,,,,2.375,,,,,,,,,
25548000,6387,3.625,,1.436662197113037,,,,3.625,,,,,,,,,
25552000,6388,4.125,,1.3998278379440308,,,,4.125,,,,,,,,,
25556000,6389,3.625,,1.3890339136123657,,,,3.625,,,,,,,,,
25560000,6390,3.75,,1.4356073141098022,,,,3.75,,,,,,,,,
25564000,6391,3.125,,1.3988494873046875,,,,3.125,,,,,,,,,
25568000,6392,3.875,,1.382392406463623,,,,3.875,,,,,,,,,
25572000,6393,2.75,,1.428206205368042,,,,2.75,,,,,,,,,
25576000,6394,2.875,,1.4118095636367798,,,,2.875,,,,,,,,,
25580000,6395,3.625,,1.4071619510650635,,,,3.625,,,,,,,,,
25584000,6396,3.5,,1.3818830251693726,,,,3.5,,,,,,,,,
25588000,6397,4.0,,1.418599247932434,,,,4.0,,,,,,,,,
25592000,6398,4.125,,1.4310550689697266,,,,4.125,,,,,,,,,
25596000,6399,2.875,,1.3936741352081299,,,,2.875,,,,,,,,,
25600000,6400,3.5,,1.4020135402679443,,,,3.5,,,,,,,,,
25604000,6401,3.875,,1.328471064567566,,,,3.875,,,,,,,,,
25608000,6402,1.0,,1.348034143447876,,,,1.0,,,,,,,,,
25612000,6403,4.0,,1.4284698963165283,,,,4.0,,,,,,,,,
25616000,6404,3.125,,1.3704012632369995,,,,3.125,,,,,,,,,
25620000,6405,4.125,,1.3205547332763672,,,,4.125,,,,,,,,,
25624000,6406,3.875,,1.3745653629302979,,,,3.875,,,,,,,,,
25628000,6407,3.5,,1.3593415021896362,,,,3.5,,,,,,,,,
25632000,6408,1.625,,1.4140446186065674,,,,1.625,,,,,,,,,
25636000,6409,4.0,,1.3254375457763672,,,,4.0,,,,,,,,,
25640000,6410,4.0,,1.374746561050415,,,,4.0,,,,,,,,,
25644000,6411,3.375,,1.3213510513305664,,,,3.375,,,,,,,,,
25648000,6412,3.625,,1.399034023284912,,,,3.625,,,,,,,,,
25652000,6413,4.125,,1.3407713174819946,,,,4.125,,,,,,,,,
25656000,6414,4.125,,1.4090917110443115,,,,4.125,,,,,,,,,
25660000,6415,4.125,,1.4238035678863525,,,,4.125,,,,,,,,,
25664000,6416,3.125,,1.340277910232544,,,,3.125,,,,,,,,,
25668000,6417,4.25,,1.3600378036499023,,,,4.25,,,,,,,,,
25672000,6418,3.875,,1.371565580368042,,,,3.875,,,,,,,,,
25676000,6419,4.0,,1.3938040733337402,,,,4.0,,,,,,,,,
25680000,6420,4.125,,1.358298420906067,,,,4.125,,,,,,,,,
25684000,6421,4.25,,1.3268756866455078,,,,4.25,,,,,,,,,
25688000,6422,3.5,,1.3726446628570557,,,,3.5,,,,,,,,,
25692000,6423,3.875,,1.379196286201477,,,,3.875,,,,,,,,,
25696000,6424,3.5,,1.3340394496917725,,,,3.5,,,,,,,,,
25700000,6425,3.875,,1.382511019706726,,,,3.875,,,,,,,,,
25704000,6426,4.0,,1.3796496391296387,,,,4.0,,,,,,,,,
25708000,6427,3.375,,1.3372740745544434,,,,3.375,,,,,,,,,
25712000,6428,3.625,,1.362326979637146,,,,3.625,,,,,,,,,
25716000,6429,3.375,,1.4522862434387207,,,,3.375,,,,,,,,,
25720000,6430,4.125,,1.3583440780639648,,,,4.125,,,,,,,,,
25724000,6431,3.875,,1.3682674169540405,,,,3.875,,,,,,,,,
25728000,6432,3.75,,1.3560236692428589,,,,3.75,,,,,,,,,
25732000,6433,4.25,,1.3447374105453491,,,,4.25,,,,,,,,,
25736000,6434,4.0,,1.4618643522262573,,,,4.0,,,,,,,,,
25740000,6435,3.875,,1.407456636428833,,,,3.875,,,,,,,,,
25744000,6436,3.625,,1.3334062099456787,,,,3.625,,,,,,,,,
25748000,6437,3.25,,1.4130775928497314,,,,3.25,,,,,,,,,
25752000,6438,4.0,,1.4486219882965088,,,,4.0,,,,,,,,,
25756000,6439,2.625,,1.376878261566162,,,,2.625,,,,,,,,,
25760000,6440,3.625,,1.4034852981567383,,,,3.625,,,,,,,,,
25764000,6441,4.0,,1.339664101600647,,,,4.0,,,,,,,,,
25768000,6442,3.75,,1.381497859954834,,,,3.75,,,,,,,,,
25772000,6443,3.625,,1.4364573955535889,,,,3.625,,,,,,,,,
25776000,6444,4.125,,1.3444361686706543,,,,4.125,,,,,,,,,
25780000,6445,4.0,,1.4136147499084473,,,,4.0,,,,,,,,,
25784000,6446,3.625,,1.3914515972137451,,,,3.625,,,,,,,,,
25788000,6447,4.125,,1.395044207572937,,,,4.125,,,,,,,,,
25792000,6448,4.0,,1.3527474403381348,,,,4.0,,,,,,,,,
25796000,6449,4.375,,1.4143822193145752,,,,4.375,,,,,,,,,
25800000,6450,3.75,,1.3585782051086426,,,,3.75,,,,,,,,,
25804000,6451,4.0,,1.3612134456634521,,,,4.0,,,,,,,,,
25808000,6452,3.5,,1.3679559230804443,,,,3.5,,,,,,,,,
25812000,6453,2.875,,1.3621885776519775,,,,2.875,,,,,,,,,
25816000,6454,3.625,,1.3857080936431885,,,,3.625,,,,,,,,,
25820000,6455,3.5,,1.4626988172531128,,,,3.5,,,,,,,,,
25824000,6456,4.0,,1.3847846984863281,,,,4.0,,,,,,,,,
25828000,6457,4.0,,1.4227368831634521,,,,4.0,,,,,,,,,
25832000,6458,3.5,,1.393059253692627,,,,3.5,,,,,,,,,
25836000,6459,4.125,,1.4067846536636353,,,,4.125,,,,,,,,,
25840000,6460,3.25,,1.3052959442138672,,,,3.25,,,,,,,,,
25844000,6461,3.75,,1.303769826889038,,,,3.75,,,,,,,,,
25848000,6462,3.875,,1.397850513458252,,,,3.875,,,,,,,,,
25852000,6463,3.75,,1.3984943628311157,,,,3.75,,,,,,,,,
25856000,6464,3.875,,1.361413836479187,,,,3.875,,,,,,,,,
25860000,6465,3.875,,1.3757247924804688,,,,3.875,,,,,,,,,
25864000,6466,3.5,,1.3489402532577515,,,,3.5,,,,,,,,,
25868000,6467,2.5,,1.331179141998291,,,,2.5,,,,,,,,,
25872000,6468,4.125,,1.3936398029327393,,,,4.125,,,,,,,,,
25876000,6469,3.875,,1.3859131336212158,,,,3.875,,,,,,,,,
25880000,6470,3.75,,1.4082000255584717,,,,3.75,,,,,,,,,
25884000,6471,4.25,,1.3501924276351929,,,,4.25,,,,,,,,,
25888000,6472,3.0,,1.3692981004714966,,,,3.0,,,,,,,,,
25892000,6473,2.5,,1.3407758474349976,,,,2.5,,,,,,,,,
25896000,6474,3.75,,1.3795610666275024,,,,3.75,,,,,,,,,
25900000,6475,3.5,,1.386735200881958,,,,3.5,,,,,,,,,
25904000,6476,4.125,,1.3554036617279053,,,,4.125,,,,,,,,,
25908000,6477,3.875,,1.3663511276245117,,,,3.875,,,,,,,,,
25912000,6478,3.125,,1.4369099140167236,,,,3.125,,,,,,,,,
25916000,6479,3.875,,1.3385248184204102,,,,3.875,,,,,,,,,
25920000,6480,3.75,,1.416292428970337,,,,3.75,,,,,,,,,
25924000,6481,3.875,,1.4150724411010742,,,,3.875,,,,,,,,,
25928000,6482,2.875,,1.4089229106903076,,,,2.875,,,,,,,,,
25932000,6483,3.875,,1.382291316986084,,,,3.875,,,,,,,,,
25936000,6484,2.875,,1.332451581954956,,,,2.875,,,,,,,,,
25940000,6485,3.5,,1.315530776977539,,,,3.5,,,,,,,,,
25944000,6486,3.875,,1.3323071002960205,,,,3.875,,,,,,,,,
25948000,6487,3.625,,1.4041047096252441,,,,3.625,,,,,,,,,
25952000,6488,3.625,,1.296053171157837,,,,3.625,,,,,,,,,
25956000,6489,3.75,,1.371088981628418,,,,3.75,,,,,,,,,
25960000,6490,3.25,,1.3547589778900146,,,,3.25,,,,,,,,,
25964000,6491,3.5,,1.3414860963821411,,,,3.5,,,,,,,,,
25968000,6492,3.875,,1.3493977785110474,,,,3.875,,,,,,,,,
25972000,6493,3.0,,1.3895684480667114,,,,3.0,,,,,,,,,
25976000,6494,3.75,,1.3375601768493652,,,,3.75,,,,,,,,,
25980000,6495,3.125,,1.2994952201843262,,,,3.125,,,,,,,,,
25984000,6496,3.875,,1.3422176837921143,,,,3.875,,,,,,,,,
25988000,6497,4.25,,1.395531177520752,,,,4.25,,,,,,,,,
25992000,6498,3.75,,1.4081695079803467,,,,3.75,,,,,,,,,
25996000,6499,3.5,,1.3109564781188965,,,,3.5,,,,,,,,,
26000000,6500,4.25,,1.3771288394927979,,,,4.25,,,,,,,,,
26004000,6501,3.625,,1.3501603603363037,,,,3.625,,,,,,,,,
26008000,6502,4.0,,1.355858564376831,,,,4.0,,,,,,,,,
26012000,6503,4.125,,1.3216630220413208,,,,4.125,,,,,,,,,
26016000,6504,4.0,,1.3911030292510986,,,,4.0,,,,,,,,,
26020000,6505,4.125,,1.4081298112869263,,,,4.125,,,,,,,,,
26024000,6506,3.25,,1.3422718048095703,,,,3.25,,,,,,,,,
26028000,6507,4.0,,1.3674554824829102,,,,4.0,,,,,,,,,
26032000,6508,3.625,,1.3804967403411865,,,,3.625,,,,,,,,,
26036000,6509,4.0,,1.366762399673462,,,,4.0,,,,,,,,,
26040000,6510,3.75,,1.3806140422821045,,,,3.75,,,,,,,,,
26044000,6511,3.625,,1.4045990705490112,,,,3.625,,,,,,,,,
26048000,6512,3.375,,1.3670954704284668,,,,3.375,,,,,,,,,
26052000,6513,4.625,,1.339735746383667,,,,4.625,,,,,,,,,
26056000,6514,4.125,,1.3970578908920288,,,,4.125,,,,,,,,,
26060000,6515,3.125,,1.3431503772735596,,,,3.125,,,,,,,,,
26064000,6516,4.25,,1.3580964803695679,,,,4.25,,,,,,,,,
26068000,6517,3.625,,1.3068358898162842,,,,3.625,,,,,,,,,
26072000,6518,3.75,,1.3666493892669678,,,,3.75,,,,,,,,,
26076000,6519,2.125,,1.414638876914978,,,,2.125,,,,,,,,,
26080000,6520,3.375,,1.3430047035217285,,,,3.375,,,,,,,,,
26084000,6521,4.375,,1.321568489074707,,,,4.375,,,,,,,,,
26088000,6522,3.625,,1.4395679235458374,,,,3.625,,,,,,,,,
26092000,6523,3.25,,1.3100926876068115,,,,3.25,,,,,,,,,
26096000,6524,4.125,,1.322021245956421,,,,4.125,,,,,,,,,
26100000,6525,4.375,,1.3723273277282715,,,,4.375,,,,,,,,,
26104000,6526,3.875,,1.4134663343429565,,,,3.875,,,,,,,,,
26108000,6527,3.625,,1.3625741004943848,,,,3.625,,,,,,,,,
26112000,6528,3.75,,1.3735034465789795,,,,3.75,,,,,,,,,
26116000,6529,3.625,,1.348698616027832,,,,3.625,,,,,,,,,
26120000,6530,3.625,,1.3303730487823486,,,,3.625,,,,,,,,,
26124000,6531,4.0,,1.4152536392211914,,,,4.0,,,,,,,,,
26128000,6532,3.625,,1.3602033853530884,,,,3.625,,,,,,,,,
26132000,6533,3.0,,1.37032151222229,,,,3.0,,,,,,,,,
26136000,6534,4.375,,1.3573845624923706,,,,4.375,,,,,,,,,
26140000,6535,3.625,,1.4181606769561768,,,,3.625,,,,,,,,,
26144000,6536,4.0,,1.3849947452545166,,,,4.0,,,,,,,,,
26148000,6537,3.875,,1.3956849575042725,,,,3.875,,,,,,,,,
26152000,6538,3.875,,1.4465738534927368,,,,3.875,,,,,,,,,
26156000,6539,3.375,,1.4020261764526367,,,,3.375,,,,,,,,,
26160000,6540,2.75,,1.3662009239196777,,,,2.75,,,,,,,,,
26164000,6541,3.75,,1.3679864406585693,,,,3.75,,,,,,,,,
26168000,6542,2.75,,1.346841812133789,,,,2.75,,,,,,,,,
26172000,6543,3.25,,1.3884356021881104,,,,3.25,,,,,,,,,
26176000,6544,3.625,,1.4017837047576904,,,,3.625,,,,,,,,,
26180000,6545,2.5,,1.4155046939849854,,,,2.5,,,,,,,,,
26184000,6546,3.25,,1.3634672164916992,,,,3.25,,,,,,,,,
26188000,6547,2.625,,1.3636033535003662,,,,2.625,,,,,,,,,
26192000,6548,3.875,,1.4003593921661377,,,,3.875,,,,,,,,,
26196000,6549,3.75,,1.3382647037506104,,,,3.75,,,,,,,,,
26200000,6550,4.5,,1.4024298191070557,,,,4.5,,,,,,,,,
26204000,6551,3.125,,1.2845618724822998,,,,3.125,,,,,,,,,
26208000,6552,4.25,,1.2918767929077148,,,,4.25,,,,,,,,,
26212000,6553,3.625,,1.3579373359680176,,,,3.625,,,,,,,,,
26216000,6554,4.0,,1.3885059356689453,,,,4.0,,,,,,,,,
26220000,6555,4.125,,1.3900737762451172,,,,4.125,,,,,,,,,
26224000,6556,4.125,,1.368509292602539,,,,4.125,,,,,,,,,
26228000,6557,4.125,,1.4201558828353882,,,,4.125,,,,,,,,,
26232000,6558,2.875,,1.335026741027832,,,,2.875,,,,,,,,,
26236000,6559,3.875,,1.317744493484497,,,,3.875,,,,,,,,,
26240000,6560,2.75,,1.3259499073028564,,,,2.75,,,,,,,,,
26244000,6561,3.625,,1.3573808670043945,,,,3.625,,,,,,,,,
26248000,6562,4.125,,1.3433914184570312,,,,4.125,,,,,,,,,
26252000,6563,4.5,,1.3968455791473389,,,,4.5,,,,,,,,,
26256000,6564,4.0,,1.4219822883605957,,,,4.0,,,,,,,,,
26260000,6565,4.0,,1.4017326831817627,,,,4.0,,,,,,,,,
26264000,6566,4.0,,1.3636870384216309,,,,4.0,,,,,,,,,
26268000,6567,3.75,,1.3082332611083984,,,,3.75,,,,,,,,,
26272000,6568,3.875,,1.3916435241699219,,,,3.875,,,,,,,,,
26276000,6569,3.625,,1.3463873863220215,,,,3.625,,,,,,,,,
26280000,6570,4.0,,1.3204654455184937,,,,4.0,,,,,,,,,
26284000,6571,4.0,,1.3682879209518433,,,,4.0,,,,,,,,,
26288000,6572,4.0,,1.3585410118103027,,,,4.0,,,,,,,,,
26292000,6573,3.875,,1.3606032133102417,,,,3.875,,,,,,,,,
26296000,6574,4.125,,1.3942233324050903,,,,4.125,,,,,,,,,
26300000,6575,4.25,,1.4317790269851685,,,,4.25,,,,,,,,,
26304000,6576,3.625,,1.3033660650253296,,,,3.625,,,,,,,,,
26308000,6577,4.0,,1.345658779144287,,,,4.0,,,,,,,,,
26312000,6578,4.0,,1.3425194025039673,,,,4.0,,,,,,,,,
26316000,6579,3.875,,1.4086582660675049,,,,3.875,,,,,,,,,
26320000,6580,3.875,,1.4105569124221802,,,,3.875,,,,,,,,,
26324000,6581,4.125,,1.3179224729537964,,,,4.125,,,,,,,,,
26328000,6582,3.375,,1.3698902130126953,,,,3.375,,,,,,,,,
26332000,6583,4.125,,1.3776652812957764,,,,4.125,,,,,,,,,
26336000,6584,4.125,,1.4339618682861328,,,,4.125,,,,,,,,,
26340000,6585,4.125,,1.3824750185012817,,,,4.125,,,,,,,,,
26344000,6586,3.875,,1.371336817741394,,,,3.875,,,,,,,,,
26348000,6587,4.125,,1.421541690826416,,,,4.125,,,,,,,,,
26352000,6588,3.875,,1.4128698110580444,,,,3.875,,,,,,,,,
26356000,6589,3.625,,1.3291511535644531,,,,3.625,,,,,,,,,
26360000,6590,4.0,,1.353722333908081,,,,4.0,,,,,,,,,
26364000,6591,2.5,,1.3897595405578613,,,,2.5,,,,,,,,,
26368000,6592,4.125,,1.3474292755126953,,,,4.125,,,,,,,,,
26372000,6593,3.875,,1.4234917163848877,,,,3.875,,,,,,,,,
26376000,6594,3.75,,1.3739651441574097,,,,3.75,,,,,,,,,
26380000,6595,3.875,,1.3866944313049316,,,,3.875,,,,,,,,,
26384000,6596,3.625,,1.3936805725097656,,,,3.625,,,,,,,,,
26388000,6597,4.25,,1.3459389209747314,,,,4.25,,,,,,,,,
26392000,6598,3.75,,1.3570170402526855,,,,3.75,,,,,,,,,
26396000,6599,3.875,,1.3924449682235718,,,,3.875,,,,,,,,,
26400000,6600,4.125,,1.3814175128936768,,,,4.125,,,,,,,,,
26404000,6601,3.25,,1.2973546981811523,,,,3.25,,,,,,,,,
26408000,6602,3.25,,1.3875075578689575,,,,3.25,,,,,,,,,
26412000,6603,4.0,,1.3652864694595337,,,,4.0,,,,,,,,,
26416000,6604,3.875,,1.4227344989776611,,,,3.875,,,,,,,,,
26420000,6605,2.125,,1.399104356765747,,,,2.125,,,,,,,,,
26424000,6606,4.0,,1.3632400035858154,,,,4.0,,,,,,,,,
26428000,6607,3.25,,1.3271803855895996,,,,3.25,,,,,,,,,
26432000,6608,3.875,,1.2810485363006592,,,,3.875,,,,,,,,,
26436000,6609,3.875,,1.3178012371063232,,,,3.875,,,,,,,,,
26440000,6610,4.25,,1.4091851711273193,,,,4.25,,,,,,,,,
26444000,6611,4.0,,1.3729448318481445,,,,4.0,,,,,,,,,
26448000,6612,4.125,,1.4068164825439453,,,,4.125,,,,,,,,,
26452000,6613,4.25,,1.4402971267700195,,,,4.25,,,,,,,,,
26456000,6614,3.375,,1.373119592666626,,,,3.375,,,,,,,,,
26460000,6615,2.375,,1.3597126007080078,,,,2.375,,,,,,,,,
26464000,6616,3.25,,1.388665795326233,,,,3.25,,,,,,,,,
26468000,6617,2.875,,1.3676714897155762,,,,2.875,,,,,,,,,
26472000,6618,4.125,,1.3905028104782104,,,,4.125,,,,,,,,,
26476000,6619,4.125,,1.4223806858062744,,,,4.125,,,,,,,,,
26480000,6620,3.875,,1.438286542892456,,,,3.875,,,,,,,,,
26484000,6621,4.25,,1.4056867361068726,,,,4.25,,,,,,,,,
26488000,6622,3.875,,1.4102284908294678,,,,3.875,,,,,,,,,
26492000,6623,4.375,,1.3283791542053223,,,,4.375,,,,,,,,,
26496000,6624,4.0,,1.3902204036712646,,,,4.0,,,,,,,,,
26500000,6625,4.0,,1.3920104503631592,,,,4.0,,,,,,,,,
26504000,6626,3.875,,1.4062714576721191,,,,3.875,,,,,,,,,
26508000,6627,3.75,,1.370774745941162,,,,3.75,,,,,,,,,
26512000,6628,3.25,,1.3158994913101196,,,,3.25,,,,,,,,,
26516000,6629,4.0,,1.3996978998184204,,,,4.0,,,,,,,,,
26520000,6630,3.125,,1.4340344667434692,,,,3.125,,,,,,,,,
26524000,6631,3.875,,1.3930020332336426,,,,3.875,,,,,,,,,
26528000,6632,4.125,,1.4407542943954468,,,,4.125,,,,,,,,,
26532000,6633,3.875,,1.3905329704284668,,,,3.875,,,,,,,,,
26536000,6634,3.625,,1.3922340869903564,,,,3.625,,,,,,,,,
26540000,6635,4.0,,1.401863932609558,,,,4.0,,,,,,,,,
26544000,6636,2.5,,1.366397738456726,,,,2.5,,,,,,,,,
26548000,6637,3.625,,1.3501617908477783,,,,3.625,,,,,,,,,
26552000,6638,4.375,,1.3225646018981934,,,,4.375,,,,,,,,,
26556000,6639,3.75,,1.3784116506576538,,,,3.75,,,,,,,,,
26560000,6640,3.5,,1.4011399745941162,,,,3.5,,,,,,,,,
26564000,6641,3.75,,1.3442325592041016,,,,3.75,,,,,,,,,
26568000,6642,3.875,,1.269144058227539,,,,3.875,,,,,,,,,
26572000,6643,3.125,,1.3674120903015137,,,,3.125,,,,,,,,,
26576000,6644,3.875,,1.3554983139038086,,,,3.875,,,,,,,,,
26580000,6645,3.625,,1.375750184059143,,,,3.625,,,,,,,,,
26584000,6646,3.625,,1.3827264308929443,,,,3.625,,,,,,,,,
26588000,6647,3.5,,1.3771898746490479,,,,3.5,,,,,,,,,
26592000,6648,3.75,,1.4383164644241333,,,,3.75,,,,,,,,,
26596000,6649,3.875,,1.3580353260040283,,,,3.875,,,,,,,,,
26600000,6650,3.875,,1.2896177768707275,,,,3.875,,,,,,,,,
26604000,6651,3.5,,1.3689653873443604,,,,3.5,,,,,,,,,
26608000,6652,3.375,,1.3910353183746338,,,,3.375,,,,,,,,,
26612000,6653,3.75,,1.320336103439331,,,,3.75,,,,,,,,,
26616000,6654,3.875,,1.3581467866897583,,,,3.875,,,,,,,,,
26620000,6655,4.0,,1.3935059309005737,,,,4.0,,,,,,,,,
26624000,6656,3.5,,1.361682415008545,,,,3.5,,,,,,,,,
26628000,6657,3.125,,1.342484712600708,,,,3.125,,,,,,,,,
26632000,6658,4.0,,1.337778091430664,,,,4.0,,,,,,,,,
26636000,6659,3.25,,1.4043071269989014,,,,3.25,,,,,,,,,
26640000,6660,3.875,,1.3709956407546997,,,,3.875,,,,,,,,,
26644000,6661,3.75,,1.3592684268951416,,,,3.75,,,,,,,,,
26648000,6662,4.0,,1.3323190212249756,,,,4.0,,,,,,,,,
26652000,6663,4.125,,1.3673512935638428,,,,4.125,,,,,,,,,
26656000,6664,4.25,,1.3813804388046265,,,,4.25,,,,,,,,,
26660000,6665,3.375,,1.338191270828247,,,,3.375,,,,,,,,,
26664000,6666,4.0,,1.4042229652404785,,,,4.0,,,,,,,,,
26668000,6667,4.125,,1.3091566562652588,,,,4.125,,,,,,,,,
26672000,6668,3.875,,1.4040210247039795,,,,3.875,,,,,,,,,
26676000,6669,3.875,,1.3882051706314087,,,,3.875,,,,,,,,,
26680000,6670,3.25,,1.406846046447754,,,,3.25,,,,,,,,,
26684000,6671,3.375,,1.3549951314926147,,,,3.375,,,,,,,,,
26688000,6672,3.375,,1.4384626150131226,,,,3.375,,,,,,,,,
26692000,6673,3.25,,1.3283754587173462,,,,3.25,,,,,,,,,
26696000,6674,2.875,,1.3846231698989868,,,,2.875,,,,,,,,,
26700000,6675,3.875,,1.3924615383148193,,,,3.875,,,,,,,,,
26704000,6676,3.0,,1.342161774635315,,,,3.0,,,,,,,,,
26708000,6677,3.75,,1.3819210529327393,,,,3.75,,,,,,,,,
26712000,6678,2.75,,1.4202488660812378,,,,2.75,,,,,,,,,
26716000,6679,3.25,,1.377837896347046,,,,3.25,,,,,,,,,
26720000,6680,2.875,,1.4152483940124512,,,,2.875,,,,,,,,,
26724000,6681,1.5,,1.3653442859649658,,,,1.5,,,,,,,,,
26728000,6682,3.625,,1.3280558586120605,,,,3.625,,,,,,,,,
26732000,6683,3.75,,1.343794822692871,,,,3.75,,,,,,,,,
26736000,6684,4.0,,1.4237147569656372,,,,4.0,,,,,,,,,
26740000,6685,3.875,,1.3969616889953613,,,,3.875,,,,,,,,,
26744000,6686,3.625,,1.4082674980163574,,,,3.625,,,,,,,,,
26748000,6687,3.75,,1.3355841636657715,,,,3.75,,,,,,,,,
26752000,6688,2.375,,1.3431494235992432,,,,2.375,,,,,,,,,
26756000,6689,3.75,,1.3710718154907227,,,,3.75,,,,,,,,,
26760000,6690,3.25,,1.3547303676605225,,,,3.25,,,,,,,,,
26764000,6691,3.5,,1.4770268201828003,,,,3.5,,,,,,,,,
26768000,6692,3.625,,1.3427038192749023,,,,3.625,,,,,,,,,
26772000,6693,3.125,,1.319649577140808,,,,3.125,,,,,,,,,
26776000,6694,2.0,,1.365146279335022,,,,2.0,,,,,,,,,
26780000,6695,2.625,,1.3317679166793823,,,,2.625,,,,,,,,,
26784000,6696,1.875,,1.3148826360702515,,,,1.875,,,,,,,,,
26788000,6697,4.0,,1.252762794494629,,,,4.0,,,,,,,,,
26792000,6698,3.0,,1.3002326488494873,,,,3.0,,,,,,,,,
26796000,6699,3.125,,1.4023776054382324,,,,3.125,,,,,,,,,
26800000,6700,2.25,,1.3485417366027832,,,,2.25,,,,,,,,,
26804000,6701,3.625,,1.298192024230957,,,,3.625,,,,,,,,,
26808000,6702,3.375,,1.278332233428955,,,,3.375,,,,,,,,,
26812000,6703,3.375,,1.3179222345352173,,,,3.375,,,,,,,,,
26816000,6704,4.0,,1.3136744499206543,,,,4.0,,,,,,,,,
26820000,6705,4.25,,1.2790266275405884,,,,4.25,,,,,,,,,
26824000,6706,4.25,,1.2365065813064575,,,,4.25,,,,,,,,,
26828000,6707,4.25,,1.3413136005401611,,,,4.25,,,,,,,,,
26832000,6708,2.5,,1.365933895111084,,,,2.5,,,,,,,,,
26836000,6709,4.125,,1.3245127201080322,,,,4.125,,,,,,,,,
26840000,6710,3.625,,1.3183082342147827,,,,3.625,,,,,,,,,
26844000,6711,4.125,,1.2727301120758057,,,,4.125,,,,,,,,,
26848000,6712,4.25,,1.3165273666381836,,,,4.25,,,,,,,,,
26852000,6713,3.125,,1.2158114910125732,,,,3.125,,,,,,,,,
26856000,6714,4.0,,1.2925941944122314,,,,4.0,,,,,,,,,
26860000,6715,3.375,,1.312822937965393,,,,3.375,,,,,,,,,
26864000,6716,3.625,,1.2545926570892334,,,,3.625,,,,,,,,,
26868000,6717,3.5,,1.2837419509887695,,,,3.5,,,,,,,,,
26872000,6718,4.375,,1.391532301902771,,,,4.375,,,,,,,,,
26876000,6719,3.625,,1.3350526094436646,,,,3.625,,,,,,,,,
26880000,6720,3.75,,1.2920846939086914,,,,3.75,,,,,,,,,
26884000,6721,3.625,,1.2382326126098633,,,,3.625,,,,,,,,,
26888000,6722,3.5,,1.3461415767669678,,,,3.5,,,,,,,,,
26892000,6723,3.625,,1.3132977485656738,,,,3.625,,,,,,,,,
26896000,6724,3.5,,1.2893764972686768,,,,3.5,,,,,,,,,
26900000,6725,4.25,,1.3948609828948975,,,,4.25,,,,,,,,,
26904000,6726,3.25,,1.2756761312484741,,,,3.25,,,,,,,,,
26908000,6727,3.625,,1.2742676734924316,,,,3.625,,,,,,,,,
26912000,6728,4.0,,1.286272644996643,,,,4.0,,,,,,,,,
26916000,6729,3.5,,1.310743808746338,,,,3.5,,,,,,,,,
26920000,6730,4.25,,1.2823519706726074,,,,4.25,,,,,,,,,
26924000,6731,4.125,,1.3214564323425293,,,,4.125,,,,,,,,,
26928000,6732,3.125,,1.3104777336120605,,,,3.125,,,,,,,,,
26932000,6733,4.0,,1.3469884395599365,,,,4.0,,,,,,,,,
26936000,6734,3.75,,1.2832434177398682,,,,3.75,,,,,,,,,
26940000,6735,4.0,,1.3087282180786133,,,,4.0,,,,,,,,,
26944000,6736,2.875,,1.2935564517974854,,,,2.875,,,,,,,,,
26948000,6737,3.5,,1.2348952293395996,,,,3.5,,,,,,,,,
26952000,6738,3.75,,1.3425520658493042,,,,3.75,,,,,,,,,
26956000,6739,4.0,,1.2989912033081055,,,,4.0,,,,,,,,,
26960000,6740,4.375,,1.2890347242355347,,,,4.375,,,,,,,,,
26964000,6741,4.0,,1.2685351371765137,,,,4.0,,,,,,,,,
26968000,6742,4.125,,1.2630456686019897,,,,4.125,,,,,,,,,
26972000,6743,4.125,,1.244828462600708,,,,4.125,,,,,,,,,
26976000,6744,4.375,,1.3564170598983765,,,,4.375,,,,,,,,,
26980000,6745,2.375,,1.3321192264556885,,,,2.375,,,,,,,,,
26984000,6746,4.125,,1.226830005645752,,,,4.125,,,,,,,,,
26988000,6747,3.875,,1.327947735786438,,,,3.875,,,,,,,,,
26992000,6748,4.0,,1.3364036083221436,,,,4.0,,,,,,,,,
26996000,6749,3.625,,1.288025140762329,,,,3.625,,,,,,,,,
27000000,6750,3.625,,1.3204171657562256,,,,3.625,,,,,,,,,
27004000,6751,3.625,,1.2864422798156738,,,,3.625,,,,,,,,,
27008000,6752,3.25,,1.2595977783203125,,,,3.25,,,,,,,,,
27012000,6753,3.25,,1.28879714012146,,,,3.25,,,,,,,,,
27016000,6754,3.625,,1.240807294845581,,,,3.625,,,,,,,,,
27020000,6755,3.25,,1.2957203388214111,,,,3.25,,,,,,,,,
27024000,6756,4.0,,1.3472905158996582,,,,4.0,,,,,,,,,
27028000,6757,1.875,,1.2581589221954346,,,,1.875,,,,,,,,,
27032000,6758,4.375,,1.2311030626296997,,,,4.375,,,,,,,,,
27036000,6759,4.125,,1.283266305923462,,,,4.125,,,,,,,,,
27040000,6760,3.75,,1.320567011833191,,,,3.75,,,,,,,,,
27044000,6761,3.25,,1.270015001296997,,,,3.25,,,,,,,,,
27048000,6762,4.25,,1.2656114101409912,,,,4.25,,,,,,,,,
27052000,6763,3.125,,1.2681087255477905,,,,3.125,,,,,,,,,
27056000,6764,4.125,,1.2945994138717651,,,,4.125,,,,,,,,,
27060000,6765,3.875,,1.3259977102279663,,,,3.875,,,,,,,,,
27064000,6766,3.75,,1.3505542278289795,,,,3.75,,,,,,,,,
27068000,6767,4.0,,1.3476852178573608,,,,4.0,,,,,,,,,
27072000,6768,4.0,,1.242689847946167,,,,4.0,,,,,,,,,
27076000,6769,4.125,,1.2683038711547852,,,,4.125,,,,,,,,,
27080000,6770,3.875,,1.272082805633545,,,,3.875,,,,,,,,,
27084000,6771,4.0,,1.2170811891555786,,,,4.0,,,,,,,,,
27088000,6772,4.375,,1.2946559190750122,,,,4.375,,,,,,,,,
27092000,6773,4.0,,1.2845945358276367,,,,4.0,,,,,,,,,
27096000,6774,4.25,,1.3175809383392334,,,,4.25,,,,,,,,,
27100000,6775,4.0,,1.348839521408081,,,,4.0,,,,,,,,,
27104000,6776,3.75,,1.3405637741088867,,,,3.75,,,,,,,,,
27108000,6777,4.125,,1.3296171426773071,,,,4.125,,,,,,,,,
27112000,6778,3.125,,1.278111219406128,,,,3.125,,,,,,,,,
27116000,6779,3.625,,1.268426537513733,,,,3.625,,,,,,,,,
27120000,6780,4.5,,1.2916014194488525,,,,4.5,,,,,,,,,
27124000,6781,3.875,,1.3256341218948364,,,,3.875,,,,,,,,,
27128000,6782,3.5,,1.2754415273666382,,,,3.5,,,,,,,,,
27132000,6783,4.125,,1.3022176027297974,,,,4.125,,,,,,,,,
27136000,6784,4.0,,1.2749629020690918,,,,4.0,,,,,,,,,
27140000,6785,3.375,,1.3312101364135742,,,,3.375,,,,,,,,,
27144000,6786,3.875,,1.3703691959381104,,,,3.875,,,,,,,,,
27148000,6787,4.0,,1.3295092582702637,,,,4.0,,,,,,,,,
27152000,6788,4.125,,1.3413453102111816,,,,4.125,,,,,,,,,
27156000,6789,3.875,,1.3088663816452026,,,,3.875,,,,,,,,,
27160000,6790,3.875,,1.2792973518371582,,,,3.875,,,,,,,,,
27164000,6791,3.375,,1.2856497764587402,,,,3.375,,,,,,,,,
27168000,6792,4.0,,1.3079277276992798,,,,4.0,,,,,,,,,
27172000,6793,4.125,,1.3600314855575562,,,,4.125,,,,,,,,,
27176000,6794,3.625,,1.2684578895568848,,,,3.625,,,,,,,,,
27180000,6795,3.875,,1.2899813652038574,,,,3.875,,,,,,,,,
27184000,6796,4.125,,1.2995855808258057,,,,4.125,,,,,,,,,
27188000,6797,4.375,,1.333472728729248,,,,4.375,,,,,,,,,
27192000,6798,4.25,,1.3529329299926758,,,,4.25,,,,,,,,,
27196000,6799,4.0,,1.355126976966858,,,,4.0,,,,,,,,,
27200000,6800,3.625,,1.3334048986434937,,,,3.625,,,,,,,,,
27204000,6801,3.875,,1.3089431524276733,,,,3.875,,,,,,,,,
27208000,6802,3.875,,1.3086073398590088,,,,3.875,,,,,,,,,
27212000,6803,4.0,,1.3050212860107422,,,,4.0,,,,,,,,,
27216000,6804,3.75,,1.2561593055725098,,,,3.75,,,,,,,,,
27220000,6805,3.625,,1.3259365558624268,,,,3.625,,,,,,,,,
27224000,6806,3.125,,1.366308569908142,,,,3.125,,,,,,,,,
27228000,6807,3.875,,1.3867392539978027,,,,3.875,,,,,,,,,
27232000,6808,4.0,,1.3500933647155762,,,,4.0,,,,,,,,,
27236000,6809,4.125,,1.2926045656204224,,,,4.125,,,,,,,,,
27240000,6810,4.25,,1.325359582901001,,,,4.25,,,,,,,,,
27244000,6811,3.875,,1.281366229057312,,,,3.875,,,,,,,,,
27248000,6812,3.5,,1.3537356853485107,,,,3.5,,,,,,,,,
27252000,6813,2.875,,1.3292672634124756,,,,2.875,,,,,,,,,
27256000,6814,4.0,,1.3332149982452393,,,,4.0,,,,,,,,,
27260000,6815,3.5,,1.3189339637756348,,,,3.5,,,,,,,,,
27264000,6816,3.75,,1.3386062383651733,,,,3.75,,,,,,,,,
27268000,6817,3.25,,1.2779120206832886,,,,3.25,,,,,,,,,
27272000,6818,4.0,,1.2957756519317627,,,,4.0,,,,,,,,,
27276000,6819,3.5,,1.4237523078918457,,,,3.5,,,,,,,,,
27280000,6820,4.0,,1.3623058795928955,,,,4.0,,,,,,,,,
27284000,6821,3.5,,1.3638496398925781,,,,3.5,,,,,,,,,
27288000,6822,4.0,,1.3453185558319092,,,,4.0,,,,,,,,,
27292000,6823,4.25,,1.3567533493041992,,,,4.25,,,,,,,,,
27296000,6824,4.125,,1.3596937656402588,,,,4.125,,,,,,,,,
27300000,6825,4.0,,1.3501555919647217,,,,4.0,,,,,,,,,
27304000,6826,3.625,,1.315746784210205,,,,3.625,,,,,,,,,
27308000,6827,3.5,,1.3869590759277344,,,,3.5,,,,,,,,,
27312000,6828,4.0,,1.3492803573608398,,,,4.0,,,,,,,,,
27316000,6829,3.125,,1.327536702156067,,,,3.125,,,,,,,,,
27320000,6830,4.125,,1.3800604343414307,,,,4.125,,,,,,,,,
27324000,6831,3.5,,1.3896071910858154,,,,3.5,,,,,,,,,
27328000,6832,4.125,,1.3505936861038208,,,,4.125,,,,,,,,,
27332000,6833,3.125,,1.3801666498184204,,,,3.125,,,,,,,,,
27336000,6834,3.75,,1.4013102054595947,,,,3.75,,,,,,,,,
27340000,6835,2.375,,1.386817216873169,,,,2.375,,,,,,,,,
27344000,6836,3.625,,1.382148265838623,,,,3.625,,,,,,,,,
27348000,6837,3.75,,1.3625415563583374,,,,3.75,,,,,,,,,
27352000,6838,3.625,,1.3660664558410645,,,,3.625,,,,,,,,,
27356000,6839,3.75,,1.370934247970581,,,,3.75,,,,,,,,,
27360000,6840,3.75,,1.3686256408691406,,,,3.75,,,,,,,,,
27364000,6841,3.75,,1.3701655864715576,,,,3.75,,,,,,,,,
27368000,6842,3.5,,1.384749412536621,,,,3.5,,,,,,,,,
27372000,6843,3.5,,1.3191897869110107,,,,3.5,,,,,,,,,
27376000,6844,2.875,,1.3293206691741943,,,,2.875,,,,,,,,,
27380000,6845,3.75,,1.3685204982757568,,,,3.75,,,,,,,,,
27384000,6846,3.125,,1.3617167472839355,,,,3.125,,,,,,,,,
27388000,6847,3.75,,1.368351697921753,,,,3.75,,,,,,,,,
27392000,6848,3.75,,1.3567143678665161,,,,3.75,,,,,,,,,
27396000,6849,3.5,,1.405808448791504,,,,3.5,,,,,,,,,
27400000,6850,3.125,,1.3312435150146484,,,,3.125,,,,,,,,,
27404000,6851,2.75,,1.3769454956054688,,,,2.75,,,,,,,,,
27408000,6852,3.5,,1.3094706535339355,,,,3.5,,,,,,,,,
27412000,6853,3.75,,1.335045337677002,,,,3.75,,,,,,,,,
27416000,6854,3.75,,1.374778151512146,,,,3.75,,,,,,,,,
27420000,6855,4.25,,1.34773850440979,,,,4.25,,,,,,,,,
27424000,6856,3.125,,1.3961923122406006,,,,3.125,,,,,,,,,
27428000,6857,3.5,,1.3347009420394897,,,,3.5,,,,,,,,,
27432000,6858,3.0,,1.3205479383468628,,,,3.0,,,,,,,,,
27436000,6859,3.5,,1.338249683380127,,,,3.5,,,,,,,,,
27440000,6860,3.5,,1.3350895643234253,,,,3.5,,,,,,,,,
27444000,6861,2.625,,1.3281328678131104,,,,2.625,,,,,,,,,
27448000,6862,3.5,,1.33004891872406,,,,3.5,,,,,,,,,
27452000,6863,3.75,,1.3221027851104736,,,,3.75,,,,,,,,,
27456000,6864,2.625,,1.2917921543121338,,,,2.625,,,,,,,,,
27460000,6865,3.875,,1.345157504081726,,,,3.875,,,,,,,,,
27464000,6866,2.875,,1.3303065299987793,,,,2.875,,,,,,,,,
27468000,6867,3.0,,1.3651106357574463,,,,3.0,,,,,,,,,
27472000,6868,3.625,,1.3450347185134888,,,,3.625,,,,,,,,,
27476000,6869,2.75,,1.3102459907531738,,,,2.75,,,,,,,,,
27480000,6870,3.125,,1.311679482460022,,,,3.125,,,,,,,,,
27484000,6871,3.125,,1.2883484363555908,,,,3.125,,,,,,,,,
27488000,6872,3.375,,1.3040649890899658,,,,3.375,,,,,,,,,
27492000,6873,3.75,,1.3080986738204956,,,,3.75,,,,,,,,,
27496000,6874,2.125,,1.2898316383361816,,,,2.125,,,,,,,,,
27500000,6875,4.0,,1.323251485824585,,,,4.0,,,,,,,,,
27504000,6876,3.875,,1.3530242443084717,,,,3.875,,,,,,,,,
27508000,6877,3.25,,1.371969223022461,,,,3.25,,,,,,,,,
27512000,6878,3.875,,1.2551562786102295,,,,3.875,,,,,,,,,
27516000,6879,3.5,,1.3465601205825806,,,,3.5,,,,,,,,,
27520000,6880,4.0,,1.321918249130249,,,,4.0,,,,,,,,,
27524000,6881,3.5,,1.3373911380767822,,,,3.5,,,,,,,,,
27528000,6882,3.75,,1.2950159311294556,,,,3.75,,,,,,,,,
27532000,6883,3.875,,1.370176076889038,,,,3.875,,,,,,,,,
27536000,6884,3.625,,1.2874635457992554,,,,3.625,,,,,,,,,
27540000,6885,3.625,,1.274976372718811,,,,3.625,,,,,,,,,
27544000,6886,4.25,,1.294538140296936,,,,4.25,,,,,,,,,
27548000,6887,3.75,,1.3121272325515747,,,,3.75,,,,,,,,,
27552000,6888,2.75,,1.3431923389434814,,,,2.75,,,,,,,,,
27556000,6889,3.125,,1.305789589881897,,,,3.125,,,,,,,,,
27560000,6890,3.75,,1.347387433052063,,,,3.75,,,,,,,,,
27564000,6891,4.375,,1.3322899341583252,,,,4.375,,,,,,,,,
27568000,6892,4.125,,1.2760086059570312,,,,4.125,,,,,,,,,
27572000,6893,3.375,,1.2844643592834473,,,,3.375,,,,,,,,,
27576000,6894,3.625,,1.317136526107788,,,,3.625,,,,,,,,,
27580000,6895,4.0,,1.3450956344604492,,,,4.0,,,,,,,,,
27584000,6896,3.0,,1.3437325954437256,,,,3.0,,,,,,,,,
27588000,6897,4.125,,1.3122098445892334,,,,4.125,,,,,,,,,
27592000,6898,3.625,,1.3374269008636475,,,,3.625,,,,,,,,,
27596000,6899,4.125,,1.2492034435272217,,,,4.125,,,,,,,,,
27600000,6900,3.875,,1.2836064100265503,,,,3.875,,,,,,,,,
27604000,6901,3.5,,1.3403362035751343,,,,3.5,,,,,,,,,
27608000,6902,4.25,,1.3313655853271484,,,,4.25,,,,,,,,,
27612000,6903,2.5,,1.2583314180374146,,,,2.5,,,,,,,,,
27616000,6904,2.75,,1.2779734134674072,,,,2.75,,,,,,,,,
27620000,6905,4.125,,1.3252317905426025,,,,4.125,,,,,,,,,
27624000,6906,3.75,,1.2620530128479004,,,,3.75,,,,,,,,,
27628000,6907,4.125,,1.26515531539917,,,,4.125,,,,,,,,,
27632000,6908,3.375,,1.2586157321929932,,,,3.375,,,,,,,,,
27636000,6909,2.125,,1.3214740753173828,,,,2.125,,,,,,,,,
27640000,6910,3.875,,1.2649152278900146,,,,3.875,,,,,,,,,
27644000,6911,3.75,,1.2953081130981445,,,,3.75,,,,,,,,,
27648000,6912,4.0,,1.3720883131027222,,,,4.0,,,,,,,,,
27652000,6913,2.875,,1.3189561367034912,,,,2.875,,,,,,,,,
27656000,6914,3.75,,1.1933485269546509,,,,3.75,,,,,,,,,
27660000,6915,3.5,,1.2340439558029175,,,,3.5,,,,,,,,,
27664000,6916,3.0,,1.295528531074524,,,,3.0,,,,,,,,,
27668000,6917,4.125,,1.3256131410598755,,,,4.125,,,,,,,,,
27672000,6918,2.5,,1.3028366565704346,,,,2.5,,,,,,,,,
27676000,6919,3.75,,1.3681285381317139,,,,3.75,,,,,,,,,
27680000,6920,3.375,,1.2674646377563477,,,,3.375,,,,,,,,,
27684000,6921,3.375,,1.2660841941833496,,,,3.375,,,,,,,,,
27688000,6922,3.875,,1.274807333946228,,,,3.875,,,,,,,,,
27692000,6923,3.125,,1.2394120693206787,,,,3.125,,,,,,,,,
27696000,6924,3.0,,1.2162930965423584,,,,3.0,,,,,,,,,
27700000,6925,4.0,,1.3124796152114868,,,,4.0,,,,,,,,,
27704000,6926,3.875,,1.2768537998199463,,,,3.875,,,,,,,,,
27708000,6927,4.125,,1.26912260055542,,,,4.125,,,,,,,,,
27712000,6928,3.5,,1.2581334114074707,,,,3.5,,,,,,,,,
27716000,6929,3.125,,1.25685715675354,,,,3.125,,,,,,,,,
27720000,6930,4.125,,1.2402217388153076,,,,4.125,,,,,,,,,
27724000,6931,3.625,,1.323564887046814,,,,3.625,,,,,,,,,
27728000,6932,4.0,,1.2317819595336914,,,,4.0,,,,,,,,,
27732000,6933,4.125,,1.2833521366119385,,,,4.125,,,,,,,,,
27736000,6934,3.75,,1.2472379207611084,,,,3.75,,,,,,,,,
27740000,6935,3.375,,1.2579841613769531,,,,3.375,,,,,,,,,
27744000,6936,3.625,,1.2392683029174805,,,,3.625,,,,,,,,,
27748000,6937,3.5,,1.2543213367462158,,,,3.5,,,,,,,,,
27752000,6938,3.75,,1.2925026416778564,,,,3.75,,,,,,,,,
27756000,6939,3.375,,1.2758173942565918,,,,3.375,,,,,,,,,
27760000,6940,3.5,,1.2754721641540527,,,,3.5,,,,,,,,,
27764000,6941,3.0,,1.267646312713623,,,,3.0,,,,,,,,,
27768000,6942,4.0,,1.2613945007324219,,,,4.0,,,,,,,,,
27772000,6943,3.25,,1.2318956851959229,,,,3.25,,,,,,,,,
27776000,6944,3.5,,1.2259304523468018,,,,3.5,,,,,,,,,
27780000,6945,3.375,,1.243431806564331,,,,3.375,,,,,,,,,
27784000,6946,1.625,,1.2529571056365967,,,,1.625,,,,,,,,,
27788000,6947,2.875,,1.2277296781539917,,,,2.875,,,,,,,,,
27792000,6948,3.75,,1.2633123397827148,,,,3.75,,,,,,,,,
27796000,6949,3.0,,1.2237257957458496,,,,3.0,,,,,,,,,
27800000,6950,3.125,,1.1872448921203613,,,,3.125,,,,,,,,,
27804000,6951,3.125,,1.262983798980713,,,,3.125,,,,,,,,,
27808000,6952,3.25,,1.2200900316238403,,,,3.25,,,,,,,,,
27812000,6953,2.625,,1.1698256731033325,,,,2.625,,,,,,,,,
27816000,6954,4.0,,1.2355737686157227,,,,4.0,,,,,,,,,
27820000,6955,3.625,,1.224791407585144,,,,3.625,,,,,,,,,
27824000,6956,3.75,,1.2109904289245605,,,,3.75,,,,,,,,,
27828000,6957,4.125,,1.283017635345459,,,,4.125,,,,,,,,,
27832000,6958,3.5,,1.3202388286590576,,,,3.5,,,,,,,,,
27836000,6959,4.25,,1.24900221824646,,,,4.25,,,,,,,,,
27840000,6960,4.0,,1.2149226665496826,,,,4.0,,,,,,,,,
27844000,6961,3.625,,1.2478814125061035,,,,3.625,,,,,,,,,
27848000,6962,4.5,,1.2360055446624756,,,,4.5,,,,,,,,,
27852000,6963,3.5,,1.203230619430542,,,,3.5,,,,,,,,,
27856000,6964,4.625,,1.2086853981018066,,,,4.625,,,,,,,,,
27860000,6965,3.625,,1.2675427198410034,,,,3.625,,,,,,,,,
27864000,6966,3.625,,1.2813951969146729,,,,3.625,,,,,,,,,
27868000,6967,4.0,,1.2472500801086426,,,,4.0,,,,,,,,,
27872000,6968,3.5,,1.2340936660766602,,,,3.5,,,,,,,,,
27876000,6969,3.875,,1.2216414213180542,,,,3.875,,,,,,,,,
27880000,6970,3.5,,1.2595152854919434,,,,3.5,,,,,,,,,
27884000,6971,4.0,,1.301126480102539,,,,4.0,,,,,,,,,
27888000,6972,3.625,,1.2668125629425049,,,,3.625,,,,,,,,,
27892000,6973,4.125,,1.2587859630584717,,,,4.125,,,,,,,,,
27896000,6974,3.0,,1.270876169204712,,,,3.0,,,,,,,,,
27900000,6975,3.5,,1.2675354480743408,,,,3.5,,,,,,,,,
27904000,6976,3.0,,1.2684354782104492,,,,3.0,,,,,,,,,
27908000,6977,3.875,,1.2773715257644653,,,,3.875,,,,,,,,,
27912000,6978,3.5,,1.256188154220581,,,,3.5,,,,,,,,,
27916000,6979,4.375,,1.224195957183838,,,,4.375,,,,,,,,,
27920000,6980,4.0,,1.2387324571609497,,,,4.0,,,,,,,,,
27924000,6981,3.75,,1.2049775123596191,,,,3.75,,,,,,,,,
27928000,6982,3.75,,1.2774958610534668,,,,3.75,,,,,,,,,
27932000,6983,4.0,,1.2950751781463623,,,,4.0,,,,,,,,,
27936000,6984,4.0,,1.247544527053833,,,,4.0,,,,,,,,,
27940000,6985,3.75,,1.2475979328155518,,,,3.75,,,,,,,,,
27944000,6986,4.25,,1.2827026844024658,,,,4.25,,,,,,,,,
27948000,6987,3.625,,1.2847850322723389,,,,3.625,,,,,,,,,
27952000,6988,3.875,,1.2749898433685303,,,,3.875,,,,,,,,,
27956000,6989,3.125,,1.3000538349151611,,,,3.125,,,,,,,,,
27960000,6990,4.25,,1.2452834844589233,,,,4.25,,,,,,,,,
27964000,6991,2.875,,1.262570858001709,,,,2.875,,,,,,,,,
27968000,6992,3.75,,1.2786831855773926,,,,3.75,,,,,,,,,
27972000,6993,3.625,,1.2494242191314697,,,,3.625,,,,,,,,,
27976000,6994,3.75,,1.290369987487793,,,,3.75,,,,,,,,,
27980000,6995,4.0,,1.2027075290679932,,,,4.0,,,,,,,,,
27984000,6996,3.75,,1.2847239971160889,,,,3.75,,,,,,,,,
27988000,6997,4.0,,1.2711241245269775,,,,4.0,,,,,,,,,
27992000,6998,3.625,,1.2506215572357178,,,,3.625,,,,,,,,,
27996000,6999,3.875,,1.3450367450714111,,,,3.875,,,,,,,,,
28000000,7000,4.125,,1.3360600471496582,,,,4.125,,,,,,,,,
28004000,7001,4.0,,1.2667741775512695,,,,4.0,,,,,,,,,
28008000,7002,4.25,,1.2422682046890259,,,,4.25,,,,,,,,,
28012000,7003,3.125,,1.291645884513855,,,,3.125,,,,,,,,,
28016000,7004,4.25,,1.3387709856033325,,,,4.25,,,,,,,,,
28020000,7005,4.0,,1.284714698791504,,,,4.0,,,,,,,,,
28024000,7006,3.875,,1.268388032913208,,,,3.875,,,,,,,,,
28028000,7007,3.625,,1.2892886400222778,,,,3.625,,,,,,,,,
28032000,7008,3.75,,1.3022830486297607,,,,3.75,,,,,,,,,
28036000,7009,4.0,,1.2788891792297363,,,,4.0,,,,,,,,,
28040000,7010,3.625,,1.2875348329544067,,,,3.625,,,,,,,,,
28044000,7011,4.25,,1.283290147781372,,,,4.25,,,,,,,,,
28048000,7012,3.75,,1.2870583534240723,,,,3.75,,,,,,,,,
28052000,7013,3.625,,1.215259075164795,,,,3.625,,,,,,,,,
28056000,7014,3.75,,1.2987704277038574,,,,3.75,,,,,,,,,
28060000,7015,4.125,,1.3052690029144287,,,,4.125,,,,,,,,,
28064000,7016,3.875,,1.2862544059753418,,,,3.875,,,,,,,,,
28068000,7017,3.625,,1.2552871704101562,,,,3.625,,,,,,,,,
28072000,7018,4.25,,1.2836973667144775,,,,4.25,,,,,,,,,
28076000,7019,4.0,,1.2761898040771484,,,,4.0,,,,,,,,,
28080000,7020,4.25,,1.3110439777374268,,,,4.25,,,,,,,,,
28084000,7021,3.875,,1.2467387914657593,,,,3.875,,,,,,,,,
28088000,7022,3.375,,1.3384504318237305,,,,3.375,,,,,,,,,
28092000,7023,4.0,,1.3127648830413818,,,,4.0,,,,,,,,,
28096000,7024,4.125,,1.301619052886963,,,,4.125,,,,,,,,,
28100000,7025,4.0,,1.3185136318206787,,,,4.0,,,,,,,,,
28104000,7026,3.75,,1.2841639518737793,,,,3.75,,,,,,,,,
28108000,7027,3.875,,1.284483551979065,,,,3.875,,,,,,,,,
28112000,7028,3.875,,1.3091886043548584,,,,3.875,,,,,,,,,
28116000,7029,4.375,,1.2970678806304932,,,,4.375,,,,,,,,,
28120000,7030,3.625,,1.2642778158187866,,,,3.625,,,,,,,,,
28124000,7031,4.0,,1.3266563415527344,,,,4.0,,,,,,,,,
28128000,7032,3.75,,1.2551480531692505,,,,3.75,,,,,,,,,
28132000,7033,3.75,,1.274142861366272,,,,3.75,,,,,,,,,
28136000,7034,4.0,,1.347111463546753,,,,4.0,,,,,,,,,
28140000,7035,3.0,,1.2708714008331299,,,,3.0,,,,,,,,,
28144000,7036,4.125,,1.3111200332641602,,,,4.125,,,,,,,,,
28148000,7037,2.625,,1.288827896118164,,,,2.625,,,,,,,,,
28152000,7038,4.375,,1.3184236288070679,,,,4.375,,,,,,,,,
28156000,7039,3.5,,1.2975554466247559,,,,3.5,,,,,,,,,
28160000,7040,4.0,,1.2825556993484497,,,,4.0,,,,,,,,,
28164000,7041,4.125,,1.3550043106079102,,,,4.125,,,,,,,,,
28168000,7042,3.5,,1.3344175815582275,,,,3.5,,,,,,,,,
28172000,7043,3.625,,1.267635703086853,,,,3.625,,,,,,,,,
28176000,7044,3.75,,1.3473681211471558,,,,3.75,,,,,,,,,
28180000,7045,4.25,,1.2843912839889526,,,,4.25,,,,,,,,,
28184000,7046,3.625,,1.3492788076400757,,,,3.625,,,,,,,,,
28188000,7047,3.5,,1.2876980304718018,,,,3.5,,,,,,,,,
28192000,7048,3.625,,1.3516192436218262,,,,3.625,,,,,,,,,
28196000,7049,2.75,,1.2817366123199463,,,,2.75,,,,,,,,,
28200000,7050,2.75,,1.2889444828033447,,,,2.75,,,,,,,,,
28204000,7051,3.375,,1.264451026916504,,,,3.375,,,,,,,,,
28208000,7052,2.625,,1.2632248401641846,,,,2.625,,,,,,,,,
28212000,7053,2.375,,1.2656805515289307,,,,2.375,,,,,,,,,
28216000,7054,2.5,,1.3368695974349976,,,,2.5,,,,,,,,,
28220000,7055,2.625,,1.2971775531768799,,,,2.625,,,,,,,,,
28224000,7056,3.0,,1.3195579051971436,,,,3.0,,,,,,,,,
28228000,7057,1.875,,1.3035988807678223,,,,1.875,,,,,,,,,
28232000,7058,3.125,,1.3363401889801025,,,,3.125,,,,,,,,,
28236000,7059,1.625,,1.2900049686431885,,,,1.625,,,,,,,,,
28240000,7060,2.125,,1.26500403881073,,,,2.125,,,,,,,,,
28244000,7061,3.5,,1.2853474617004395,,,,3.5,,,,,,,,,
28248000,7062,3.375,,1.2090895175933838,,,,3.375,,,,,,,,,
28252000,7063,4.125,,1.258155345916748,,,,4.125,,,,,,,,,
28256000,7064,3.0,,1.2897627353668213,,,,3.0,,,,,,,,,
28260000,7065,3.125,,1.2627856731414795,,,,3.125,,,,,,,,,
28264000,7066,3.5,,1.2786505222320557,,,,3.5,,,,,,,,,
28268000,7067,3.375,,1.237500786781311,,,,3.375,,,,,,,,,
28272000,7068,2.375,,1.2898476123809814,,,,2.375,,,,,,,,,
28276000,7069,2.875,,1.2167038917541504,,,,2.875,,,,,,,,,
28280000,7070,0.75,,1.1975489854812622,,,,0.75,,,,,,,,,
28284000,7071,2.875,,1.213652491569519,,,,2.875,,,,,,,,,
28288000,7072,2.125,,1.2183148860931396,,,,2.125,,,,,,,,,
28292000,7073,3.75,,1.253019094467163,,,,3.75,,,,,,,,,
28296000,7074,1.25,,1.292905330657959,,,,1.25,,,,,,,,,
28300000,7075,3.0,,1.2531824111938477,,,,3.0,,,,,,,,,
28304000,7076,4.125,,1.1581257581710815,,,,4.125,,,,,,,,,
28308000,7077,3.0,,1.1691176891326904,,,,3.0,,,,,,,,,
28312000,7078,3.625,,1.2635661363601685,,,,3.625,,,,,,,,,
28316000,7079,3.625,,1.2613856792449951,,,,3.625,,,,,,,,,
28320000,7080,2.375,,1.2012958526611328,,,,2.375,,,,,,,,,
28324000,7081,3.25,,1.2092454433441162,,,,3.25,,,,,,,,,
28328000,7082,3.625,,1.251954197883606,,,,3.625,,,,,,,,,
28332000,7083,3.625,,1.2639104127883911,,,,3.625,,,,,,,,,
28336000,7084,4.25,,1.203789472579956,,,,4.25,,,,,,,,,
28340000,7085,3.875,,1.2348930835723877,,,,3.875,,,,,,,,,
28344000,7086,3.875,,1.2704018354415894,,,,3.875,,,,,,,,,
28348000,7087,3.875,,1.2292516231536865,,,,3.875,,,,,,,,,
28352000,7088,2.625,,1.1647181510925293,,,,2.625,,,,,,,,,
28356000,7089,3.75,,1.1693201065063477,,,,3.75,,,,,,,,,
28360000,7090,3.75,,1.2591824531555176,,,,3.75,,,,,,,,,
28364000,7091,3.375,,1.2470170259475708,,,,3.375,,,,,,,,,
28368000,7092,3.75,,1.2371859550476074,,,,3.75,,,,,,,,,
28372000,7093,4.0,,1.1882743835449219,,,,4.0,,,,,,,,,
28376000,7094,4.375,,1.1654471158981323,,,,4.375,,,,,,,,,
28380000,7095,4.125,,1.2222871780395508,,,,4.125,,,,,,,,,
28384000,7096,3.875,,1.215125560760498,,,,3.875,,,,,,,,,
28388000,7097,3.875,,1.254676342010498,,,,3.875,,,,,,,,,
28392000,7098,4.0,,1.2576828002929688,,,,4.0,,,,,,,,,
28396000,7099,4.0,,1.2751243114471436,,,,4.0,,,,,,,,,
28400000,7100,3.625,,1.1611638069152832,,,,3.625,,,,,,,,,
28404000,7101,4.125,,1.2237485647201538,,,,4.125,,,,,,,,,
28408000,7102,4.25,,1.2303040027618408,,,,4.25,,,,,,,,,
28412000,7103,2.875,,1.260068655014038,,,,2.875,,,,,,,,,
28416000,7104,4.0,,1.198925256729126,,,,4.0,,,,,,,,,
28420000,7105,3.375,,1.2076224088668823,,,,3.375,,,,,,,,,
28424000,7106,3.75,,1.221893072128296,,,,3.75,,,,,,,,,
28428000,7107,3.375,,1.274469017982483,,,,3.375,,,,,,,,,
28432000,7108,4.125,,1.2491947412490845,,,,4.125,,,,,,,,,
28436000,7109,4.0,,1.2489137649536133,,,,4.0,,,,,,,,,
28440000,7110,3.75,,1.2210109233856201,,,,3.75,,,,,,,,,
28444000,7111,4.0,,1.257319688796997,,,,4.0,,,,,,,,,
28448000,7112,3.25,,1.1973247528076172,,,,3.25,,,,,,,,,
28452000,7113,3.875,,1.1982752084732056,,,,3.875,,,,,,,,,
28456000,7114,4.125,,1.2471258640289307,,,,4.125,,,,,,,,,
28460000,7115,3.875,,1.238603115081787,,,,3.875,,,,,,,,,
28464000,7116,4.0,,1.2366442680358887,,,,4.0,,,,,,,,,
28468000,7117,3.875,,1.1744279861450195,,,,3.875,,,,,,,,,
28472000,7118,3.75,,1.2811368703842163,,,,3.75,,,,,,,,,
28476000,7119,4.125,,1.182557463645935,,,,4.125,,,,,,,,,
28480000,7120,4.0,,1.2280163764953613,,,,4.0,,,,,,,,,
28484000,7121,3.75,,1.2123314142227173,,,,3.75,,,,,,,,,
28488000,7122,3.875,,1.2003170251846313,,,,3.875,,,,,,,,,
28492000,7123,4.125,,1.2286036014556885,,,,4.125,,,,,,,,,
28496000,7124,4.0,,1.2669987678527832,,,,4.0,,,,,,,,,
28500000,7125,3.875,,1.2619750499725342,,,,3.875,,,,,,,,,
28504000,7126,3.25,,1.2151691913604736,,,,3.25,,,,,,,,,
28508000,7127,4.375,,1.1823188066482544,,,,4.375,,,,,,,,,
28512000,7128,4.0,,1.230193853378296,,,,4.0,,,,,,,,,
28516000,7129,3.25,,1.239414930343628,,,,3.25,,,,,,,,,
28520000,7130,3.5,,1.249097228050232,,,,3.5,,,,,,,,,
28524000,7131,4.0,,1.2406522035598755,,,,4.0,,,,,,,,,
28528000,7132,3.75,,1.182906985282898,,,,3.75,,,,,,,,,
28532000,7133,4.25,,1.231398582458496,,,,4.25,,,,,,,,,
28536000,7134,3.75,,1.2167932987213135,,,,3.75,,,,,,,,,
28540000,7135,3.75,,1.1893205642700195,,,,3.75,,,,,,,,,
28544000,7136,4.25,,1.2457828521728516,,,,4.25,,,,,,,,,
28548000,7137,3.75,,1.2049477100372314,,,,3.75,,,,,,,,,
28552000,7138,4.125,,1.220250129699707,,,,4.125,,,,,,,,,
28556000,7139,4.0,,1.2411916255950928,,,,4.0,,,,,,,,,
28560000,7140,3.875,,1.2648811340332031,,,,3.875,,,,,,,,,
28564000,7141,3.875,,1.2574832439422607,,,,3.875,,,,,,,,,
28568000,7142,4.125,,1.2472758293151855,,,,4.125,,,,,,,,,
28572000,7143,3.875,,1.219763159751892,,,,3.875,,,,,,,,,
28576000,7144,2.625,,1.1897915601730347,,,,2.625,,,,,,,,,
28580000,7145,4.25,,1.2455477714538574,,,,4.25,,,,,,,,,
28584000,7146,4.0,,1.2370175123214722,,,,4.0,,,,,,,,,
28588000,7147,3.625,,1.2327711582183838,,,,3.625,,,,,,,,,
28592000,7148,4.0,,1.1969361305236816,,,,4.0,,,,,,,,,
28596000,7149,3.875,,1.2115312814712524,,,,3.875,,,,,,,,,
28600000,7150,4.375,,1.2558741569519043,,,,4.375,,,,,,,,,
28604000,7151,4.0,,1.2367675304412842,,,,4.0,,,,,,,,,
28608000,7152,4.125,,1.2260555028915405,,,,4.125,,,,,,,,,
28612000,7153,4.0,,1.106931209564209,,,,4.0,,,,,,,,,
28616000,7154,4.0,,1.19831120967865,,,,4.0,,,,,,,,,
28620000,7155,3.25,,1.240424633026123,,,,3.25,,,,,,,,,
28624000,7156,3.125,,1.2016788721084595,,,,3.125,,,,,,,,,
28628000,7157,3.75,,1.216480016708374,,,,3.75,,,,,,,,,
28632000,7158,4.125,,1.2261598110198975,,,,4.125,,,,,,,,,
28636000,7159,3.75,,1.2719204425811768,,,,3.75,,,,,,,,,
28640000,7160,2.75,,1.2181968688964844,,,,2.75,,,,,,,,,
28644000,7161,4.0,,1.226439118385315,,,,4.0,,,,,,,,,
28648000,7162,3.75,,1.2535979747772217,,,,3.75,,,,,,,,,
28652000,7163,3.875,,1.2452826499938965,,,,3.875,,,,,,,,,
28656000,7164,3.875,,1.2203234434127808,,,,3.875,,,,,,,,,
28660000,7165,4.125,,1.2017927169799805,,,,4.125,,,,,,,,,
28664000,7166,3.125,,1.18711256980896,,,,3.125,,,,,,,,,
28668000,7167,4.375,,1.2572559118270874,,,,4.375,,,,,,,,,
28672000,7168,4.375,,1.2169092893600464,,,,4.375,,,,,,,,,
28676000,7169,4.0,,1.2868154048919678,,,,4.0,,,,,,,,,
28680000,7170,3.625,,1.235495686531067,,,,3.625,,,,,,,,,
28684000,7171,3.875,,1.1709623336791992,,,,3.875,,,,,,,,,
28688000,7172,4.125,,1.186980128288269,,,,4.125,,,,,,,,,
28692000,7173,3.75,,1.2056303024291992,,,,3.75,,,,,,,,,
28696000,7174,3.875,,1.2536303997039795,,,,3.875,,,,,,,,,
28700000,7175,4.0,,1.1690647602081299,,,,4.0,,,,,,,,,
28704000,7176,3.875,,1.2533026933670044,,,,3.875,,,,,,,,,
28708000,7177,3.875,,1.2463308572769165,,,,3.875,,,,,,,,,
28712000,7178,3.625,,1.1739907264709473,,,,3.625,,,,,,,,,
28716000,7179,4.0,,1.1492037773132324,,,,4.0,,,,,,,,,
28720000,7180,3.75,,1.2803664207458496,,,,3.75,,,,,,,,,
28724000,7181,3.5,,1.2721357345581055,,,,3.5,,,,,,,,,
28728000,7182,3.625,,1.2629868984222412,,,,3.625,,,,,,,,,
28732000,7183,3.5,,1.2486118078231812,,,,3.5,,,,,,,,,
28736000,7184,4.125,,1.2505096197128296,,,,4.125,,,,,,,,,
28740000,7185,4.0,,1.268749475479126,,,,4.0,,,,,,,,,
28744000,7186,3.75,,1.2904255390167236,,,,3.75,,,,,,,,,
28748000,7187,4.375,,1.3024530410766602,,,,4.375,,,,,,,,,
28752000,7188,3.75,,1.2573747634887695,,,,3.75,,,,,,,,,
28756000,7189,3.625,,1.2690010070800781,,,,3.625,,,,,,,,,
28760000,7190,3.75,,1.312988042831421,,,,3.75,,,,,,,,,
28764000,7191,4.125,,1.3026520013809204,,,,4.125,,,,,,,,,
28768000,7192,3.75,,1.2657437324523926,,,,3.75,,,,,,,,,
28772000,7193,3.625,,1.2300078868865967,,,,3.625,,,,,,,,,
28776000,7194,3.875,,1.2983860969543457,,,,3.875,,,,,,,,,
28780000,7195,3.5,,1.3070571422576904,,,,3.5,,,,,,,,,
28784000,7196,3.5,,1.285659670829773,,,,3.5,,,,,,,,,
28788000,7197,3.375,,1.280389428138733,,,,3.375,,,,,,,,,
28792000,7198,4.0,,1.2863311767578125,,,,4.0,,,,,,,,,
28796000,7199,3.875,,1.3276278972625732,,,,3.875,,,,,,,,,
28800000,7200,4.0,,1.3206565380096436,,,,4.0,,,,,,,,,
28804000,7201,4.375,,1.2665009498596191,,,,4.375,,,,,,,,,
28808000,7202,2.875,,1.2892160415649414,,,,2.875,,,,,,,,,
28812000,7203,4.0,,1.2991679906845093,,,,4.0,,,,,,,,,
28816000,7204,3.625,,1.2860416173934937,,,,3.625,,,,,,,,,
28820000,7205,3.125,,1.3094725608825684,,,,3.125,,,,,,,,,
28824000,7206,3.5,,1.2900370359420776,,,,3.5,,,,,,,,,
28828000,7207,4.0,,1.3437241315841675,,,,4.0,,,,,,,,,
28832000,7208,3.875,,1.3189001083374023,,,,3.875,,,,,,,,,
28836000,7209,3.5,,1.3070440292358398,,,,3.5,,,,,,,,,
28840000,7210,2.5,,1.316028118133545,,,,2.5,,,,,,,,,
28844000,7211,4.0,,1.2771097421646118,,,,4.0,,,,,,,,,
28848000,7212,4.0,,1.3100519180297852,,,,4.0,,,,,,,,,
28852000,7213,3.875,,1.3379874229431152,,,,3.875,,,,,,,,,
28856000,7214,3.125,,1.3518128395080566,,,,3.125,,,,,,,,,
28860000,7215,2.75,,1.3458733558654785,,,,2.75,,,,,,,,,
28864000,7216,3.875,,1.2924833297729492,,,,3.875,,,,,,,,,
28868000,7217,3.125,,1.2888208627700806,,,,3.125,,,,,,,,,
28872000,7218,3.75,,1.2898229360580444,,,,3.75,,,,,,,,,
28876000,7219,3.25,,1.2848496437072754,,,,3.25,,,,,,,,,
28880000,7220,4.0,,1.3071119785308838,,,,4.0,,,,,,,,,
28884000,7221,4.0,,1.2587378025054932,,,,4.0,,,,,,,,,
28888000,7222,3.375,,1.3143880367279053,,,,3.375,,,,,,,,,
28892000,7223,3.75,,1.2739936113357544,,,,3.75,,,,,,,,,
28896000,7224,4.125,,1.3354957103729248,,,,4.125,,,,,,,,,
28900000,7225,3.375,,1.3009252548217773,,,,3.375,,,,,,,,,
28904000,7226,3.875,,1.2610838413238525,,,,3.875,,,,,,,,,
28908000,7227,2.875,,1.2783440351486206,,,,2.875,,,,,,,,,
28912000,7228,3.625,,1.327122449874878,,,,3.625,,,,,,,,,
28916000,7229,3.5,,1.338395357131958,,,,3.5,,,,,,,,,
28920000,7230,3.75,,1.3528448343276978,,,,3.75,,,,,,,,,
28924000,7231,3.5,,1.31572687625885,,,,3.5,,,,,,,,,
28928000,7232,3.375,,1.2898117303848267,,,,3.375,,,,,,,,,
28932000,7233,3.0,,1.2817587852478027,,,,3.0,,,,,,,,,
28936000,7234,3.75,,1.2390835285186768,,,,3.75,,,,,,,,,
28940000,7235,3.375,,1.2923048734664917,,,,3.375,,,,,,,,,
28944000,7236,3.75,,1.314054250717163,,,,3.75,,,,,,,,,
28948000,7237,2.875,,1.285202980041504,,,,2.875,,,,,,,,,
28952000,7238,2.75,,1.2898480892181396,,,,2.75,,,,,,,,,
28956000,7239,2.25,,1.2691433429718018,,,,2.25,,,,,,,,,
28960000,7240,3.875,,1.2994370460510254,,,,3.875,,,,,,,,,
28964000,7241,2.875,,1.311321496963501,,,,2.875,,,,,,,,,
28968000,7242,3.0,,1.281813383102417,,,,3.0,,,,,,,,,
28972000,7243,3.0,,1.3418936729431152,,,,3.0,,,,,,,,,
28976000,7244,3.25,,1.2660138607025146,,,,3.25,,,,,,,,,
28980000,7245,3.25,,1.285404920578003,,,,3.25,,,,,,,,,
28984000,7246,3.375,,1.2656728029251099,,,,3.375,,,,,,,,,
28988000,7247,3.25,,1.2891793251037598,,,,3.25,,,,,,,,,
28992000,7248,3.25,,1.2289867401123047,,,,3.25,,,,,,,,,
28996000,7249,3.875,,1.2368123531341553,,,,3.875,,,,,,,,,
29000000,7250,3.5,,1.2693675756454468,,,,3.5,,,,,,,,,
29004000,7251,3.375,,1.2179768085479736,,,,3.375,,,,,,,,,
29008000,7252,4.0,,1.2347033023834229,,,,4.0,,,,,,,,,
29012000,7253,3.375,,1.2753676176071167,,,,3.375,,,,,,,,,
29016000,7254,3.75,,1.315805435180664,,,,3.75,,,,,,,,,
29020000,7255,4.375,,1.2956132888793945,,,,4.375,,,,,,,,,
29024000,7256,4.125,,1.287803292274475,,,,4.125,,,,,,,,,
29028000,7257,3.625,,1.2536475658416748,,,,3.625,,,,,,,,,
29032000,7258,3.75,,1.2333663702011108,,,,3.75,,,,,,,,,
29036000,7259,3.125,,1.2278571128845215,,,,3.125,,,,,,,,,
29040000,7260,3.375,,1.2435882091522217,,,,3.375,,,,,,,,,
29044000,7261,3.5,,1.2098796367645264,,,,3.5,,,,,,,,,
29048000,7262,3.5,,1.228188157081604,,,,3.5,,,,,,,,,
29052000,7263,2.375,,1.2452541589736938,,,,2.375,,,,,,,,,
29056000,7264,4.375,,1.2807579040527344,,,,4.375,,,,,,,,,
29060000,7265,3.0,,1.2821595668792725,,,,3.0,,,,,,,,,
29064000,7266,4.125,,1.2439608573913574,,,,4.125,,,,,,,,,
29068000,7267,3.25,,1.2168874740600586,,,,3.25,,,,,,,,,
29072000,7268,3.75,,1.2606381177902222,,,,3.75,,,,,,,,,
29076000,7269,3.25,,1.2315328121185303,,,,3.25,,,,,,,,,
29080000,7270,3.5,,1.259957194328308,,,,3.5,,,,,,,,,
29084000,7271,3.125,,1.2428860664367676,,,,3.125,,,,,,,,,
29088000,7272,2.5,,1.185221552848816,,,,2.5,,,,,,,,,
29092000,7273,2.75,,1.195088267326355,,,,2.75,,,,,,,,,
29096000,7274,3.0,,1.2167853116989136,,,,3.0,,,,,,,,,
29100000,7275,3.375,,1.2285826206207275,,,,3.375,,,,,,,,,
29104000,7276,4.0,,1.2666521072387695,,,,4.0,,,,,,,,,
29108000,7277,3.25,,1.2648757696151733,,,,3.25,,,,,,,,,
29112000,7278,3.375,,1.1974694728851318,,,,3.375,,,,,,,,,
29116000,7279,3.75,,1.25141441822052,,,,3.75,,,,,,,,,
29120000,7280,4.25,,1.2483068704605103,,,,4.25,,,,,,,,,
29124000,7281,3.875,,1.26743745803833,,,,3.875,,,,,,,,,
29128000,7282,4.125,,1.2244621515274048,,,,4.125,,,,,,,,,
29132000,7283,4.0,,1.2408294677734375,,,,4.0,,,,,,,,,
29136000,7284,4.375,,1.2415465116500854,,,,4.375,,,,,,,,,
29140000,7285,2.375,,1.2276443243026733,,,,2.375,,,,,,,,,
29144000,7286,4.0,,1.2176063060760498,,,,4.0,,,,,,,,,
29148000,7287,3.875,,1.2852435111999512,,,,3.875,,,,,,,,,
29152000,7288,4.125,,1.2156026363372803,,,,4.125,,,,,,,,,
29156000,7289,2.75,,1.216665506362915,,,,2.75,,,,,,,,,
29160000,7290,2.625,,1.258185863494873,,,,2.625,,,,,,,,,
29164000,7291,3.875,,1.234390139579773,,,,3.875,,,,,,,,,
29168000,7292,3.5,,1.2131361961364746,,,,3.5,,,,,,,,,
29172000,7293,4.375,,1.1941759586334229,,,,4.375,,,,,,,,,
29176000,7294,4.125,,1.2175226211547852,,,,4.125,,,,,,,,,
29180000,7295,3.625,,1.2709981203079224,,,,3.625,,,,,,,,,
29184000,7296,4.375,,1.2280874252319336,,,,4.375,,,,,,,,,
29188000,7297,3.625,,1.2306050062179565,,,,3.625,,,,,,,,,
29192000,7298,4.125,,1.2024130821228027,,,,4.125,,,,,,,,,
29196000,7299,3.75,,1.2998151779174805,,,,3.75,,,,,,,,,
29200000,7300,3.75,,1.2568774223327637,,,,3.75,,,,,,,,,
29204000,7301,4.0,,1.2265596389770508,,,,4.0,,,,,,,,,
29208000,7302,4.0,,1.2212920188903809,,,,4.0,,,,,,,,,
29212000,7303,4.125,,1.2533869743347168,,,,4.125,,,,,,,,,
29216000,7304,3.25,,1.219112515449524,,,,3.25,,,,,,,,,
29220000,7305,2.25,,1.2063318490982056,,,,2.25,,,,,,,,,
29224000,7306,3.875,,1.223535418510437,,,,3.875,,,,,,,,,
29228000,7307,3.75,,1.2348068952560425,,,,3.75,,,,,,,,,
29232000,7308,4.0,,1.2264564037322998,,,,4.0,,,,,,,,,
29236000,7309,4.25,,1.2302446365356445,,,,4.25,,,,,,,,,
29240000,7310,3.625,,1.2238019704818726,,,,3.625,,,,,,,,,
29244000,7311,3.625,,1.2141025066375732,,,,3.625,,,,,,,,,
29248000,7312,3.5,,1.2336704730987549,,,,3.5,,,,,,,,,
29252000,7313,3.625,,1.2406903505325317,,,,3.625,,,,,,,,,
29256000,7314,4.25,,1.2348300218582153,,,,4.25,,,,,,,,,
29260000,7315,3.25,,1.2652387619018555,,,,3.25,,,,,,,,,
29264000,7316,4.125,,1.2489452362060547,,,,4.125,,,,,,,,,
29268000,7317,3.5,,1.2676200866699219,,,,3.5,,,,,,,,,
29272000,7318,4.25,,1.2354090213775635,,,,4.25,,,,,,,,,
29276000,7319,2.75,,1.2043917179107666,,,,2.75,,,,,,,,,
29280000,7320,4.125,,1.263444423675537,,,,4.125,,,,,,,,,
29284000,7321,2.25,,1.2184889316558838,,,,2.25,,,,,,,,,
29288000,7322,4.0,,1.225527048110962,,,,4.0,,,,,,,,,
29292000,7323,4.25,,1.18111252784729,,,,4.25,,,,,,,,,
29296000,7324,4.0,,1.2720597982406616,,,,4.0,,,,,,,,,
29300000,7325,4.25,,1.2696802616119385,,,,4.25,,,,,,,,,
29304000,7326,4.0,,1.226416826248169,,,,4.0,,,,,,,,,
29308000,7327,4.0,,1.2163281440734863,,,,4.0,,,,,,,,,
29312000,7328,4.25,,1.2013778686523438,,,,4.25,,,,,,,,,
29316000,7329,4.25,,1.2865012884140015,,,,4.25,,,,,,,,,
29320000,7330,3.625,,1.2823491096496582,,,,3.625,,,,,,,,,
29324000,7331,4.0,,1.2391644716262817,,,,4.0,,,,,,,,,
29328000,7332,3.625,,1.2904789447784424,,,,3.625,,,,,,,,,
29332000,7333,3.75,,1.2251415252685547,,,,3.75,,,,,,,,,
29336000,7334,4.5,,1.221994400024414,,,,4.5,,,,,,,,,
29340000,7335,3.75,,1.238820195198059,,,,3.75,,,,,,,,,
29344000,7336,3.5,,1.2256221771240234,,,,3.5,,,,,,,,,
29348000,7337,4.0,,1.2357969284057617,,,,4.0,,,,,,,,,
29352000,7338,3.875,,1.236433506011963,,,,3.875,,,,,,,,,
29356000,7339,4.25,,1.2981207370758057,,,,4.25,,,,,,,,,
29360000,7340,3.875,,1.2701072692871094,,,,3.875,,,,,,,,,
29364000,7341,4.125,,1.2347900867462158,,,,4.125,,,,,,,,,
29368000,7342,3.875,,1.2493571043014526,,,,3.875,,,,,,,,,
29372000,7343,4.25,,1.3194580078125,,,,4.25,,,,,,,,,
29376000,7344,4.0,,1.3035533428192139,,,,4.0,,,,,,,,,
29380000,7345,4.375,,1.204660415649414,,,,4.375,,,,,,,,,
29384000,7346,4.125,,1.2520720958709717,,,,4.125,,,,,,,,,
29388000,7347,4.0,,1.2934452295303345,,,,4.0,,,,,,,,,
29392000,7348,3.875,,1.2432777881622314,,,,3.875,,,,,,,,,
29396000,7349,4.0,,1.213466763496399,,,,4.0,,,,,,,,,
29400000,7350,4.0,,1.2272489070892334,,,,4.0,,,,,,,,,
29404000,7351,4.25,,1.2722251415252686,,,,4.25,,,,,,,,,
29408000,7352,3.5,,1.2352477312088013,,,,3.5,,,,,,,,,
29412000,7353,3.125,,1.2772367000579834,,,,3.125,,,,,,,,,
29416000,7354,4.375,,1.2751212120056152,,,,4.375,,,,,,,,,
29420000,7355,4.125,,1.2748209238052368,,,,4.125,,,,,,,,,
29424000,7356,4.125,,1.2269595861434937,,,,4.125,,,,,,,,,
29428000,7357,4.25,,1.2796845436096191,,,,4.25,,,,,,,,,
29432000,7358,2.875,,1.2633213996887207,,,,2.875,,,,,,,,,
29436000,7359,3.875,,1.2470085620880127,,,,3.875,,,,,,,,,
29440000,7360,4.25,,1.310603380203247,,,,4.25,,,,,,,,,
29444000,7361,3.625,,1.3225016593933105,,,,3.625,,,,,,,,,
29448000,7362,3.75,,1.2825307846069336,,,,3.75,,,,,,,,,
29452000,7363,4.125,,1.1955235004425049,,,,4.125,,,,,,,,,
29456000,7364,3.625,,1.3399635553359985,,,,3.625,,,,,,,,,
29460000,7365,3.5,,1.2817267179489136,,,,3.5,,,,,,,,,
29464000,7366,3.125,,1.2178325653076172,,,,3.125,,,,,,,,,
29468000,7367,4.25,,1.248694658279419,,,,4.25,,,,,,,,,
29472000,7368,3.75,,1.2604165077209473,,,,3.75,,,,,,,,,
29476000,7369,4.125,,1.2959604263305664,,,,4.125,,,,,,,,,
29480000,7370,4.25,,1.303201675415039,,,,4.25,,,,,,,,,
29484000,7371,3.875,,1.2953661680221558,,,,3.875,,,,,,,,,
29488000,7372,3.875,,1.2547671794891357,,,,3.875,,,,,,,,,
29492000,7373,4.375,,1.2681074142456055,,,,4.375,,,,,,,,,
29496000,7374,4.125,,1.30927574634552,,,,4.125,,,,,,,,,
29500000,7375,3.875,,1.3073663711547852,,,,3.875,,,,,,,,,
29504000,7376,3.625,,1.2554724216461182,,,,3.625,,,,,,,,,
29508000,7377,4.125,,1.3152477741241455,,,,4.125,,,,,,,,,
29512000,7378,3.375,,1.3082759380340576,,,,3.375,,,,,,,,,
29516000,7379,3.625,,1.244047999382019,,,,3.625,,,,,,,,,
29520000,7380,4.0,,1.29355788230896,,,,4.0,,,,,,,,,
29524000,7381,3.75,,1.2708152532577515,,,,3.75,,,,,,,,,
29528000,7382,4.125,,1.2630672454833984,,,,4.125,,,,,,,,,
29532000,7383,3.625,,1.3019448518753052,,,,3.625,,,,,,,,,
29536000,7384,4.125,,1.3050975799560547,,,,4.125,,,,,,,,,
29540000,7385,3.125,,1.2993680238723755,,,,3.125,,,,,,,,,
29544000,7386,4.0,,1.2739681005477905,,,,4.0,,,,,,,,,
29548000,7387,3.5,,1.2736232280731201,,,,3.5,,,,,,,,,
29552000,7388,3.5,,1.2719446420669556,,,,3.5,,,,,,,,,
29556000,7389,3.25,,1.2586731910705566,,,,3.25,,,,,,,,,
29560000,7390,3.375,,1.286778211593628,,,,3.375,,,,,,,,,
29564000,7391,3.625,,1.3051207065582275,,,,3.625,,,,,,,,,
29568000,7392,3.75,,1.2698677778244019,,,,3.75,,,,,,,,,
29572000,7393,4.375,,1.2555217742919922,,,,4.375,,,,,,,,,
29576000,7394,3.875,,1.2902635335922241,,,,3.875,,,,,,,,,
29580000,7395,3.375,,1.2721493244171143,,,,3.375,,,,,,,,,
29584000,7396,4.0,,1.2983158826828003,,,,4.0,,,,,,,,,
29588000,7397,3.75,,1.2583177089691162,,,,3.75,,,,,,,,,
29592000,7398,2.875,,1.277140498161316,,,,2.875,,,,,,,,,
29596000,7399,2.75,,1.2514429092407227,,,,2.75,,,,,,,,,
29600000,7400,2.125,,1.2619266510009766,,,,2.125,,,,,,,,,
29604000,7401,2.875,,1.2842297554016113,,,,2.875,,,,,,,,,
29608000,7402,3.625,,1.3057332038879395,,,,3.625,,,,,,,,,
29612000,7403,3.75,,1.269120693206787,,,,3.75,,,,,,,,,
29616000,7404,4.375,,1.2880756855010986,,,,4.375,,,,,,,,,
29620000,7405,4.125,,1.3643672466278076,,,,4.125,,,,,,,,,
29624000,7406,4.125,,1.3259494304656982,,,,4.125,,,,,,,,,
29628000,7407,3.875,,1.2625958919525146,,,,3.875,,,,,,,,,
29632000,7408,3.5,,1.2537727355957031,,,,3.5,,,,,,,,,
29636000,7409,3.75,,1.2662780284881592,,,,3.75,,,,,,,,,
29640000,7410,3.625,,1.1860889196395874,,,,3.625,,,,,,,,,
29644000,7411,3.875,,1.2585475444793701,,,,3.875,,,,,,,,,
29648000,7412,3.5,,1.2990467548370361,,,,3.5,,,,,,,,,
29652000,7413,3.125,,1.2608885765075684,,,,3.125,,,,,,,,,
29656000,7414,3.75,,1.2552168369293213,,,,3.75,,,,,,,,,
29660000,7415,2.875,,1.2702531814575195,,,,2.875,,,,,,,,,
29664000,7416,3.75,,1.3145246505737305,,,,3.75,,,,,,,,,
29668000,7417,3.625,,1.2678942680358887,,,,3.625,,,,,,,,,
29672000,7418,2.875,,1.2552580833435059,,,,2.875,,,,,,,,,
29676000,7419,3.875,,1.2706093788146973,,,,3.875,,,,,,,,,
29680000,7420,3.75,,1.1964561939239502,,,,3.75,,,,,,,,,
29684000,7421,2.625,,1.2454578876495361,,,,2.625,,,,,,,,,
29688000,7422,3.25,,1.276275873184204,,,,3.25,,,,,,,,,
29692000,7423,3.25,,1.2765820026397705,,,,3.25,,,,,,,,,
29696000,7424,3.25,,1.1797406673431396,,,,3.25,,,,,,,,,
29700000,7425,3.375,,1.2319190502166748,,,,3.375,,,,,,,,,
29704000,7426,3.875,,1.2616236209869385,,,,3.875,,,,,,,,,
29708000,7427,3.375,,1.2682201862335205,,,,3.375,,,,,,,,,
29712000,7428,2.625,,1.2681875228881836,,,,2.625,,,,,,,,,
29716000,7429,4.25,,1.2254939079284668,,,,4.25,,,,,,,,,
29720000,7430,4.0,,1.2600703239440918,,,,4.0,,,,,,,,,
29724000,7431,4.0,,1.2750149965286255,,,,4.0,,,,,,,,,
29728000,7432,3.625,,1.2174798250198364,,,,3.625,,,,,,,,,
29732000,7433,3.375,,1.274323582649231,,,,3.375,,,,,,,,,
29736000,7434,4.0,,1.2790182828903198,,,,4.0,,,,,,,,,
29740000,7435,3.5,,1.2632372379302979,,,,3.5,,,,,,,,,
29744000,7436,4.25,,1.2256486415863037,,,,4.25,,,,,,,,,
29748000,7437,3.625,,1.2236769199371338,,,,3.625,,,,,,,,,
29752000,7438,4.125,,1.2231992483139038,,,,4.125,,,,,,,,,
29756000,7439,4.25,,1.2286640405654907,,,,4.25,,,,,,,,,
29760000,7440,4.0,,1.2127530574798584,,,,4.0,,,,,,,,,
29764000,7441,3.875,,1.2636771202087402,,,,3.875,,,,,,,,,
29768000,7442,3.875,,1.2593882083892822,,,,3.875,,,,,,,,,
29772000,7443,4.25,,1.2326784133911133,,,,4.25,,,,,,,,,
29776000,7444,4.375,,1.2501041889190674,,,,4.375,,,,,,,,,
29780000,7445,4.0,,1.268351435661316,,,,4.0,,,,,,,,,
29784000,7446,3.625,,1.2281181812286377,,,,3.625,,,,,,,,,
29788000,7447,4.125,,1.2383344173431396,,,,4.125,,,,,,,,,
29792000,7448,4.0,,1.2317085266113281,,,,4.0,,,,,,,,,
29796000,7449,3.75,,1.2775888442993164,,,,3.75,,,,,,,,,
29800000,7450,4.25,,1.2529118061065674,,,,4.25,,,,,,,,,
29804000,7451,4.0,,1.2865837812423706,,,,4.0,,,,,,,,,
29808000,7452,3.375,,1.2549573183059692,,,,3.375,,,,,,,,,
29812000,7453,4.125,,1.245151162147522,,,,4.125,,,,,,,,,
29816000,7454,3.125,,1.2847394943237305,,,,3.125,,,,,,,,,
29820000,7455,3.875,,1.223914623260498,,,,3.875,,,,,,,,,
29824000,7456,3.625,,1.2511231899261475,,,,3.625,,,,,,,,,
29828000,7457,3.25,,1.249306559562683,,,,3.25,,,,,,,,,
29832000,7458,4.0,,1.2130262851715088,,,,4.0,,,,,,,,,
29836000,7459,2.625,,1.1993014812469482,,,,2.625,,,,,,,,,
29840000,7460,3.25,,1.2597064971923828,,,,3.25,,,,,,,,,
29844000,7461,3.25,,1.295949101448059,,,,3.25,,,,,,,,,
29848000,7462,3.625,,1.2332377433776855,,,,3.625,,,,,,,,,
29852000,7463,3.875,,1.2075437307357788,,,,3.875,,,,,,,,,
29856000,7464,4.5,,1.2525783777236938,,,,4.5,,,,,,,,,
29860000,7465,3.75,,1.2431617975234985,,,,3.75,,,,,,,,,
29864000,7466,4.125,,1.2424324750900269,,,,4.125,,,,,,,,,
29868000,7467,3.875,,1.2196030616760254,,,,3.875,,,,,,,,,
29872000,7468,4.0,,1.260390043258667,,,,4.0,,,,,,,,,
29876000,7469,3.375,,1.1982084512710571,,,,3.375,,,,,,,,,
29880000,7470,3.25,,1.211259365081787,,,,3.25,,,,,,,,,
29884000,7471,3.75,,1.2255752086639404,,,,3.75,,,,,,,,,
29888000,7472,2.875,,1.1987926959991455,,,,2.875,,,,,,,,,
29892000,7473,4.125,,1.2049469947814941,,,,4.125,,,,,,,,,
29896000,7474,2.5,,1.201667070388794,,,,2.5,,,,,,,,,
29900000,7475,3.25,,1.1947261095046997,,,,3.25,,,,,,,,,
29904000,7476,3.25,,1.221031904220581,,,,3.25,,,,,,,,,
29908000,7477,4.0,,1.183428406715393,,,,4.0,,,,,,,,,
29912000,7478,3.75,,1.2388123273849487,,,,3.75,,,,,,,,,
29916000,7479,4.125,,1.2258551120758057,,,,4.125,,,,,,,,,
29920000,7480,4.0,,1.22055983543396,,,,4.0,,,,,,,,,
29924000,7481,2.125,,1.1892902851104736,,,,2.125,,,,,,,,,
29928000,7482,3.625,,1.2116203308105469,,,,3.625,,,,,,,,,
29932000,7483,1.75,,1.2309656143188477,,,,1.75,,,,,,,,,
29936000,7484,3.75,,1.1946675777435303,,,,3.75,,,,,,,,,
29940000,7485,3.625,,1.2146350145339966,,,,3.625,,,,,,,,,
29944000,7486,3.375,,1.151400089263916,,,,3.375,,,,,,,,,
29948000,7487,4.0,,1.2022336721420288,,,,4.0,,,,,,,,,
29952000,7488,3.625,,1.171534776687622,,,,3.625,,,,,,,,,
29956000,7489,3.75,,1.1873884201049805,,,,3.75,,,,,,,,,
29960000,7490,3.875,,1.2654846906661987,,,,3.875,,,,,,,,,
29964000,7491,3.625,,1.1800123453140259,,,,3.625,,,,,,,,,
29968000,7492,3.625,,1.1250739097595215,,,,3.625,,,,,,,,,
29972000,7493,3.125,,1.2761012315750122,,,,3.125,,,,,,,,,
29976000,7494,3.625,,1.223008632659912,,,,3.625,,,,,,,,,
29980000,7495,2.875,,1.1759274005889893,,,,2.875,,,,,,,,,
29984000,7496,4.25,,1.1643850803375244,,,,4.25,,,,,,,,,
29988000,7497,3.5,,1.2526254653930664,,,,3.5,,,,,,,,,
29992000,7498,3.25,,1.2280564308166504,,,,3.25,,,,,,,,,
29996000,7499,4.25,,1.2266038656234741,,,,4.25,,,,,,,,,
30000000,7500,3.0,,1.2124673128128052,,,,3.0,,,,,,,,,
