environment_steps,updates,mean_episode_returns,entropy,loss,actor_loss,value_loss,reward_std_mean,deliveries,block_rate,idle_rate,pickup_rate,deliveries_early,deliveries_mid,deliveries_late,block_early,block_mid,block_late
4000,1,0.375,,nan,,,,0.375,,,,,,,,,
8000,2,0.375,,nan,,,,0.375,,,,,,,,,
12000,3,0.125,,nan,,,,0.125,,,,,,,,,
16000,4,0.0,,1.112623691558838,,,,0.0,,,,,,,,,
20000,5,0.375,,1.298040509223938,,,,0.375,,,,,,,,,
24000,6,0.0,,0.7701265811920166,,,,0.0,,,,,,,,,
28000,7,0.0,,0.8352630138397217,,,,0.0,,,,,,,,,
32000,8,0.125,,1.2097477912902832,,,,0.125,,,,,,,,,
36000,9,0.0,,0.7459768056869507,,,,0.0,,,,,,,,,
40000,10,0.0,,0.6259239912033081,,,,0.0,,,,,,,,,
44000,11,0.0,,0.7364801168441772,,,,0.0,,,,,,,,,
48000,12,0.125,,0.5428115129470825,,,,0.125,,,,,,,,,
52000,13,0.25,,0.8973987698554993,,,,0.25,,,,,,,,,
56000,14,0.125,,0.8811913728713989,,,,0.125,,,,,,,,,
60000,15,0.125,,0.7525147199630737,,,,0.125,,,,,,,,,
64000,16,0.25,,1.1514577865600586,,,,0.25,,,,,,,,,
68000,17,0.0,,0.9124146699905396,,,,0.0,,,,,,,,,
72000,18,0.0,,0.9672848582267761,,,,0.0,,,,,,,,,
76000,19,0.0,,0.7750619649887085,,,,0.0,,,,,,,,,
80000,20,0.0,,0.8058591485023499,,,,0.0,,,,,,,,,
84000,21,0.0,,0.6627237796783447,,,,0.0,,,,,,,,,
88000,22,0.0,,0.6411720514297485,,,,0.0,,,,,,,,,
92000,23,0.0,,0.8630167841911316,,,,0.0,,,,,,,,,
96000,24,0.0,,0.677611231803894,,,,0.0,,,,,,,,,
100000,25,0.0,,0.5102723836898804,,,,0.0,,,,,,,,,
104000,26,0.125,,0.7377355098724365,,,,0.125,,,,,,,,,
108000,27,0.0,,0.7124996185302734,,,,0.0,,,,,,,,,
112000,28,0.125,,0.7878909111022949,,,,0.125,,,,,,,,,
116000,29,0.125,,0.8111937046051025,,,,0.125,,,,,,,,,
120000,30,0.0,,0.5735838413238525,,,,0.0,,,,,,,,,
124000,31,0.0,,0.6506158113479614,,,,0.0,,,,,,,,,
128000,32,0.5,,1.0860238075256348,,,,0.5,,,,,,,,,
132000,33,0.5,,0.7688165307044983,,,,0.5,,,,,,,,,
136000,34,0.75,,1.0652823448181152,,,,0.75,,,,,,,,,
140000,35,0.125,,0.8100047707557678,,,,0.125,,,,,,,,,
144000,36,0.25,,1.2138292789459229,,,,0.25,,,,,,,,,
148000,37,0.0,,1.0146172046661377,,,,0.0,,,,,,,,,
152000,38,0.25,,0.8100820779800415,,,,0.25,,,,,,,,,
156000,39,0.0,,1.3345553874969482,,,,0.0,,,,,,,,,
160000,40,0.0,,1.0038872957229614,,,,0.0,,,,,,,,,
164000,41,0.0,,1.3346726894378662,,,,0.0,,,,,,,,,
168000,42,0.0,,1.2428197860717773,,,,0.0,,,,,,,,,
172000,43,0.0,,1.345686674118042,,,,0.0,,,,,,,,,
176000,44,0.125,,1.0231139659881592,,,,0.125,,,,,,,,,
180000,45,0.125,,1.0509974956512451,,,,0.125,,,,,,,,,
184000,46,0.0,,1.1173244714736938,,,,0.0,,,,,,,,,
188000,47,0.0,,0.729389488697052,,,,0.0,,,,,,,,,
192000,48,0.0,,0.9101725220680237,,,,0.0,,,,,,,,,
196000,49,0.0,,0.7642975449562073,,,,0.0,,,,,,,,,
200000,50,0.375,,0.672373354434967,,,,0.375,,,,,,,,,
204000,51,0.125,,0.8187077641487122,,,,0.125,,,,,,,,,
208000,52,0.0,,1.1340341567993164,,,,0.0,,,,,,,,,
212000,53,0.0,,0.9221065044403076,,,,0.0,,,,,,,,,
216000,54,0.0,,0.4915470480918884,,,,0.0,,,,,,,,,
220000,55,0.0,,0.7759150266647339,,,,0.0,,,,,,,,,
224000,56,0.0,,0.6534661054611206,,,,0.0,,,,,,,,,
228000,57,0.0,,0.668099045753479,,,,0.0,,,,,,,,,
232000,58,0.0,,0.5770667791366577,,,,0.0,,,,,,,,,
236000,59,0.0,,0.5861793160438538,,,,0.0,,,,,,,,,
240000,60,0.0,,0.9214337468147278,,,,0.0,,,,,,,,,
244000,61,0.125,,0.939772367477417,,,,0.125,,,,,,,,,
248000,62,0.0,,0.5493004322052002,,,,0.0,,,,,,,,,
252000,63,0.0,,0.7630512714385986,,,,0.0,,,,,,,,,
256000,64,0.0,,0.6294175982475281,,,,0.0,,,,,,,,,
260000,65,0.25,,1.2119898796081543,,,,0.25,,,,,,,,,
264000,66,0.0,,0.9091132879257202,,,,0.0,,,,,,,,,
268000,67,0.0,,0.8870540857315063,,,,0.0,,,,,,,,,
272000,68,0.0,,0.757054328918457,,,,0.0,,,,,,,,,
276000,69,0.0,,1.298472285270691,,,,0.0,,,,,,,,,
280000,70,0.0,,0.5656993985176086,,,,0.0,,,,,,,,,
284000,71,0.0,,0.9216779470443726,,,,0.0,,,,,,,,,
288000,72,0.0,,0.8831045031547546,,,,0.0,,,,,,,,,
292000,73,0.0,,0.6611124873161316,,,,0.0,,,,,,,,,
296000,74,0.125,,0.6915884017944336,,,,0.125,,,,,,,,,
300000,75,0.125,,0.9872018098831177,,,,0.125,,,,,,,,,
304000,76,0.0,,0.7979009747505188,,,,0.0,,,,,,,,,
308000,77,0.0,,0.7273354530334473,,,,0.0,,,,,,,,,
312000,78,0.0,,0.5703675150871277,,,,0.0,,,,,,,,,
316000,79,0.0,,0.86967933177948,,,,0.0,,,,,,,,,
320000,80,0.0,,0.49068713188171387,,,,0.0,,,,,,,,,
324000,81,0.0,,0.9143708348274231,,,,0.0,,,,,,,,,
328000,82,0.0,,0.7006920576095581,,,,0.0,,,,,,,,,
332000,83,0.125,,0.8572046756744385,,,,0.125,,,,,,,,,
336000,84,0.0,,0.3648116886615753,,,,0.0,,,,,,,,,
340000,85,0.0,,0.7544009685516357,,,,0.0,,,,,,,,,
344000,86,0.0,,0.7000890970230103,,,,0.0,,,,,,,,,
348000,87,0.0,,0.6911956667900085,,,,0.0,,,,,,,,,
352000,88,0.0,,1.2201991081237793,,,,0.0,,,,,,,,,
356000,89,0.0,,0.5202181935310364,,,,0.0,,,,,,,,,
360000,90,0.0,,0.7117760181427002,,,,0.0,,,,,,,,,
364000,91,0.125,,0.6317178010940552,,,,0.125,,,,,,,,,
368000,92,0.0,,1.0158028602600098,,,,0.0,,,,,,,,,
372000,93,0.125,,0.6537100076675415,,,,0.125,,,,,,,,,
376000,94,0.0,,0.6189097166061401,,,,0.0,,,,,,,,,
380000,95,0.0,,0.7337865829467773,,,,0.0,,,,,,,,,
384000,96,0.0,,0.6931852102279663,,,,0.0,,,,,,,,,
388000,97,0.0,,0.471951425075531,,,,0.0,,,,,,,,,
392000,98,0.125,,0.6764099597930908,,,,0.125,,,,,,,,,
396000,99,0.125,,0.6836456060409546,,,,0.125,,,,,,,,,
400000,100,0.125,,0.8296182155609131,,,,0.125,,,,,,,,,
404000,101,0.0,,0.3943837881088257,,,,0.0,,,,,,,,,
408000,102,0.0,,0.8394460678100586,,,,0.0,,,,,,,,,
412000,103,0.0,,0.7523289918899536,,,,0.0,,,,,,,,,
416000,104,0.0,,0.5208191871643066,,,,0.0,,,,,,,,,
420000,105,0.125,,0.7388401031494141,,,,0.125,,,,,,,,,
424000,106,0.0,,0.73409104347229,,,,0.0,,,,,,,,,
428000,107,0.125,,0.592210590839386,,,,0.125,,,,,,,,,
432000,108,0.125,,0.5680416226387024,,,,0.125,,,,,,,,,
436000,109,0.125,,0.7278087139129639,,,,0.125,,,,,,,,,
440000,110,0.0,,0.8059390187263489,,,,0.0,,,,,,,,,
444000,111,0.0,,0.5945481061935425,,,,0.0,,,,,,,,,
448000,112,0.0,,1.202444314956665,,,,0.0,,,,,,,,,
452000,113,0.0,,0.8399855494499207,,,,0.0,,,,,,,,,
456000,114,0.0,,0.42650604248046875,,,,0.0,,,,,,,,,
460000,115,0.0,,0.5243231058120728,,,,0.0,,,,,,,,,
464000,116,0.0,,0.4918630123138428,,,,0.0,,,,,,,,,
468000,117,0.0,,0.5579265356063843,,,,0.0,,,,,,,,,
472000,118,0.0,,0.8445563316345215,,,,0.0,,,,,,,,,
476000,119,0.0,,0.7831206321716309,,,,0.0,,,,,,,,,
480000,120,0.0,,0.7907631397247314,,,,0.0,,,,,,,,,
484000,121,0.25,,0.5509138107299805,,,,0.25,,,,,,,,,
488000,122,0.25,,0.8510438799858093,,,,0.25,,,,,,,,,
492000,123,0.0,,0.4454196095466614,,,,0.0,,,,,,,,,
496000,124,0.0,,0.42468148469924927,,,,0.0,,,,,,,,,
500000,125,0.0,,0.5522881150245667,,,,0.0,,,,,,,,,
504000,126,0.0,,0.9222050905227661,,,,0.0,,,,,,,,,
508000,127,0.0,,0.8066506385803223,,,,0.0,,,,,,,,,
512000,128,0.0,,0.39456015825271606,,,,0.0,,,,,,,,,
516000,129,0.0,,0.5948057174682617,,,,0.0,,,,,,,,,
520000,130,0.0,,0.5798435211181641,,,,0.0,,,,,,,,,
524000,131,0.0,,0.7210403680801392,,,,0.0,,,,,,,,,
528000,132,0.0,,0.6534568071365356,,,,0.0,,,,,,,,,
532000,133,0.375,,0.652719259262085,,,,0.375,,,,,,,,,
536000,134,0.0,,0.41600704193115234,,,,0.0,,,,,,,,,
540000,135,0.125,,0.6935597658157349,,,,0.125,,,,,,,,,
544000,136,0.0,,0.565747082233429,,,,0.0,,,,,,,,,
548000,137,0.0,,0.5724976062774658,,,,0.0,,,,,,,,,
552000,138,0.0,,0.7768877148628235,,,,0.0,,,,,,,,,
556000,139,0.625,,0.49770471453666687,,,,0.625,,,,,,,,,
560000,140,0.125,,0.6265939474105835,,,,0.125,,,,,,,,,
564000,141,0.0,,0.9192662835121155,,,,0.0,,,,,,,,,
568000,142,0.0,,0.8513683080673218,,,,0.0,,,,,,,,,
572000,143,0.0,,1.1038607358932495,,,,0.0,,,,,,,,,
576000,144,0.0,,0.4549054503440857,,,,0.0,,,,,,,,,
580000,145,0.0,,0.8976762294769287,,,,0.0,,,,,,,,,
584000,146,0.0,,0.5833321809768677,,,,0.0,,,,,,,,,
588000,147,0.0,,0.532955527305603,,,,0.0,,,,,,,,,
592000,148,0.0,,0.6707672476768494,,,,0.0,,,,,,,,,
596000,149,0.0,,0.8035781383514404,,,,0.0,,,,,,,,,
600000,150,0.0,,0.2662426829338074,,,,0.0,,,,,,,,,
604000,151,0.25,,0.38072800636291504,,,,0.25,,,,,,,,,
608000,152,0.0,,0.9073678255081177,,,,0.0,,,,,,,,,
612000,153,0.0,,0.650027871131897,,,,0.0,,,,,,,,,
616000,154,0.0,,0.6479215025901794,,,,0.0,,,,,,,,,
620000,155,0.0,,0.8193714618682861,,,,0.0,,,,,,,,,
624000,156,0.125,,1.4132781028747559,,,,0.125,,,,,,,,,
628000,157,0.125,,0.4450336694717407,,,,0.125,,,,,,,,,
632000,158,0.0,,0.37736886739730835,,,,0.0,,,,,,,,,
636000,159,0.0,,0.28361213207244873,,,,0.0,,,,,,,,,
640000,160,0.0,,0.8251366019248962,,,,0.0,,,,,,,,,
644000,161,0.0,,0.6624310612678528,,,,0.0,,,,,,,,,
648000,162,0.25,,0.4787307679653168,,,,0.25,,,,,,,,,
652000,163,0.0,,0.16268059611320496,,,,0.0,,,,,,,,,
656000,164,0.0,,0.4506947696208954,,,,0.0,,,,,,,,,
660000,165,0.0,,0.4107919931411743,,,,0.0,,,,,,,,,
664000,166,0.0,,0.5486830472946167,,,,0.0,,,,,,,,,
668000,167,0.0,,0.16186118125915527,,,,0.0,,,,,,,,,
672000,168,0.125,,0.7381950616836548,,,,0.125,,,,,,,,,
676000,169,0.0,,0.5932340621948242,,,,0.0,,,,,,,,,
680000,170,0.0,,0.2689632177352905,,,,0.0,,,,,,,,,
684000,171,0.25,,0.4890245497226715,,,,0.25,,,,,,,,,
688000,172,0.25,,0.6652286052703857,,,,0.25,,,,,,,,,
692000,173,0.0,,0.26821815967559814,,,,0.0,,,,,,,,,
696000,174,0.0,,0.6499539613723755,,,,0.0,,,,,,,,,
700000,175,0.0,,0.32162854075431824,,,,0.0,,,,,,,,,
704000,176,0.0,,0.34875279664993286,,,,0.0,,,,,,,,,
708000,177,0.0,,0.3396477699279785,,,,0.0,,,,,,,,,
712000,178,0.0,,0.4388448894023895,,,,0.0,,,,,,,,,
716000,179,0.0,,0.6528173685073853,,,,0.0,,,,,,,,,
720000,180,0.0,,0.2665828466415405,,,,0.0,,,,,,,,,
724000,181,0.0,,0.35196053981781006,,,,0.0,,,,,,,,,
728000,182,0.0,,0.46837711334228516,,,,0.0,,,,,,,,,
732000,183,0.0,,0.29566407203674316,,,,0.0,,,,,,,,,
736000,184,0.0,,0.37621283531188965,,,,0.0,,,,,,,,,
740000,185,0.0,,0.6652957797050476,,,,0.0,,,,,,,,,
744000,186,0.125,,0.6562960147857666,,,,0.125,,,,,,,,,
748000,187,0.125,,0.947722852230072,,,,0.125,,,,,,,,,
752000,188,0.0,,0.2890282869338989,,,,0.0,,,,,,,,,
756000,189,0.25,,0.25115007162094116,,,,0.25,,,,,,,,,
760000,190,0.25,,1.0982301235198975,,,,0.25,,,,,,,,,
764000,191,0.0,,0.6093971133232117,,,,0.0,,,,,,,,,
768000,192,0.0,,0.1311231553554535,,,,0.0,,,,,,,,,
772000,193,0.0,,0.43327516317367554,,,,0.0,,,,,,,,,
776000,194,0.25,,0.6302295327186584,,,,0.25,,,,,,,,,
780000,195,0.125,,0.45825228095054626,,,,0.125,,,,,,,,,
784000,196,0.125,,0.44003525376319885,,,,0.125,,,,,,,,,
788000,197,0.0,,0.5827299356460571,,,,0.0,,,,,,,,,
792000,198,0.0,,0.7018390893936157,,,,0.0,,,,,,,,,
796000,199,0.0,,0.5584565997123718,,,,0.0,,,,,,,,,
800000,200,0.0,,0.8039302229881287,,,,0.0,,,,,,,,,
804000,201,0.0,,0.7197465896606445,,,,0.0,,,,,,,,,
808000,202,0.125,,0.5656694173812866,,,,0.125,,,,,,,,,
812000,203,0.0,,0.47667035460472107,,,,0.0,,,,,,,,,
816000,204,0.0,,0.4867244362831116,,,,0.0,,,,,,,,,
820000,205,0.0,,0.506723165512085,,,,0.0,,,,,,,,,
824000,206,0.0,,0.4457155466079712,,,,0.0,,,,,,,,,
828000,207,0.0,,0.4080773591995239,,,,0.0,,,,,,,,,
832000,208,0.0,,0.6382409334182739,,,,0.0,,,,,,,,,
836000,209,0.125,,0.7618721723556519,,,,0.125,,,,,,,,,
840000,210,0.0,,0.48771989345550537,,,,0.0,,,,,,,,,
844000,211,0.0,,0.4576951265335083,,,,0.0,,,,,,,,,
848000,212,0.0,,0.8831103444099426,,,,0.0,,,,,,,,,
852000,213,0.0,,0.41835588216781616,,,,0.0,,,,,,,,,
856000,214,0.0,,0.41050273180007935,,,,0.0,,,,,,,,,
860000,215,0.0,,0.29128000140190125,,,,0.0,,,,,,,,,
864000,216,0.0,,0.8065948486328125,,,,0.0,,,,,,,,,
868000,217,0.0,,0.44533079862594604,,,,0.0,,,,,,,,,
872000,218,0.25,,0.4926856756210327,,,,0.25,,,,,,,,,
876000,219,0.0,,0.7689134478569031,,,,0.0,,,,,,,,,
880000,220,0.0,,0.5951642990112305,,,,0.0,,,,,,,,,
884000,221,0.0,,0.5964066982269287,,,,0.0,,,,,,,,,
888000,222,0.0,,0.5318909883499146,,,,0.0,,,,,,,,,
892000,223,0.0,,0.25909751653671265,,,,0.0,,,,,,,,,
896000,224,0.0,,0.5776124000549316,,,,0.0,,,,,,,,,
900000,225,0.0,,0.8459911346435547,,,,0.0,,,,,,,,,
904000,226,0.0,,0.3594360947608948,,,,0.0,,,,,,,,,
908000,227,0.125,,0.5349734425544739,,,,0.125,,,,,,,,,
912000,228,0.125,,0.4065440893173218,,,,0.125,,,,,,,,,
916000,229,0.25,,1.1306620836257935,,,,0.25,,,,,,,,,
920000,230,0.125,,0.963178277015686,,,,0.125,,,,,,,,,
924000,231,0.0,,0.43404126167297363,,,,0.0,,,,,,,,,
928000,232,0.125,,0.45341813564300537,,,,0.125,,,,,,,,,
932000,233,0.125,,0.5247615575790405,,,,0.125,,,,,,,,,
936000,234,0.0,,1.097884178161621,,,,0.0,,,,,,,,,
940000,235,0.25,,0.8897383809089661,,,,0.25,,,,,,,,,
944000,236,0.125,,0.7216478586196899,,,,0.125,,,,,,,,,
948000,237,0.0,,0.46912699937820435,,,,0.0,,,,,,,,,
952000,238,0.125,,0.5384202003479004,,,,0.125,,,,,,,,,
956000,239,0.0,,0.7392472624778748,,,,0.0,,,,,,,,,
960000,240,0.0,,0.7576526999473572,,,,0.0,,,,,,,,,
964000,241,0.0,,0.9510207176208496,,,,0.0,,,,,,,,,
968000,242,0.0,,1.084597110748291,,,,0.0,,,,,,,,,
972000,243,0.0,,0.593654215335846,,,,0.0,,,,,,,,,
976000,244,0.0,,0.7350221872329712,,,,0.0,,,,,,,,,
980000,245,0.0,,0.8130653500556946,,,,0.0,,,,,,,,,
984000,246,0.125,,0.7024031281471252,,,,0.125,,,,,,,,,
988000,247,0.0,,0.669825553894043,,,,0.0,,,,,,,,,
992000,248,0.0,,0.3678210377693176,,,,0.0,,,,,,,,,
996000,249,0.125,,1.1188727617263794,,,,0.125,,,,,,,,,
1000000,250,0.125,,0.6519905924797058,,,,0.125,,,,,,,,,
1004000,251,0.0,,0.6777167916297913,,,,0.0,,,,,,,,,
1008000,252,0.375,,0.4284093379974365,,,,0.375,,,,,,,,,
1012000,253,0.0,,0.7966554760932922,,,,0.0,,,,,,,,,
1016000,254,0.0,,0.36216112971305847,,,,0.0,,,,,,,,,
1020000,255,0.0,,0.871369481086731,,,,0.0,,,,,,,,,
1024000,256,0.125,,0.41637009382247925,,,,0.125,,,,,,,,,
1028000,257,0.125,,0.8631596565246582,,,,0.125,,,,,,,,,
1032000,258,0.125,,0.6465646028518677,,,,0.125,,,,,,,,,
1036000,259,0.125,,0.5167810916900635,,,,0.125,,,,,,,,,
1040000,260,0.0,,0.9379874467849731,,,,0.0,,,,,,,,,
1044000,261,0.125,,0.3448391556739807,,,,0.125,,,,,,,,,
1048000,262,0.125,,0.62413090467453,,,,0.125,,,,,,,,,
1052000,263,0.125,,0.7915747165679932,,,,0.125,,,,,,,,,
1056000,264,0.0,,0.6701483726501465,,,,0.0,,,,,,,,,
1060000,265,0.0,,0.9924626350402832,,,,0.0,,,,,,,,,
1064000,266,0.125,,0.8233457803726196,,,,0.125,,,,,,,,,
1068000,267,0.0,,0.669797956943512,,,,0.0,,,,,,,,,
1072000,268,0.0,,0.9455397129058838,,,,0.0,,,,,,,,,
1076000,269,0.125,,0.9326151013374329,,,,0.125,,,,,,,,,
1080000,270,0.0,,0.5555834770202637,,,,0.0,,,,,,,,,
1084000,271,0.125,,0.7429152727127075,,,,0.125,,,,,,,,,
1088000,272,0.0,,0.48755311965942383,,,,0.0,,,,,,,,,
1092000,273,0.375,,0.40676149725914,,,,0.375,,,,,,,,,
1096000,274,0.0,,0.9576372504234314,,,,0.0,,,,,,,,,
1100000,275,0.25,,0.5636942982673645,,,,0.25,,,,,,,,,
1104000,276,0.0,,0.8546432852745056,,,,0.0,,,,,,,,,
1108000,277,0.0,,0.7935991883277893,,,,0.0,,,,,,,,,
1112000,278,0.375,,0.7642481327056885,,,,0.375,,,,,,,,,
1116000,279,0.125,,1.0697686672210693,,,,0.125,,,,,,,,,
1120000,280,0.125,,0.7426691055297852,,,,0.125,,,,,,,,,
1124000,281,0.125,,1.0328720808029175,,,,0.125,,,,,,,,,
1128000,282,0.0,,0.9787899851799011,,,,0.0,,,,,,,,,
1132000,283,0.0,,0.8240529298782349,,,,0.0,,,,,,,,,
1136000,284,0.125,,0.6796039938926697,,,,0.125,,,,,,,,,
1140000,285,0.0,,0.5174478888511658,,,,0.0,,,,,,,,,
1144000,286,0.375,,0.8026265501976013,,,,0.375,,,,,,,,,
1148000,287,0.0,,0.6742041110992432,,,,0.0,,,,,,,,,
1152000,288,0.125,,0.5136711597442627,,,,0.125,,,,,,,,,
1156000,289,0.125,,1.0030025243759155,,,,0.125,,,,,,,,,
1160000,290,0.0,,0.8097472786903381,,,,0.0,,,,,,,,,
1164000,291,0.0,,0.6682260036468506,,,,0.0,,,,,,,,,
1168000,292,0.125,,0.7870798110961914,,,,0.125,,,,,,,,,
1172000,293,0.0,,0.941274881362915,,,,0.0,,,,,,,,,
1176000,294,0.0,,0.9337049126625061,,,,0.0,,,,,,,,,
1180000,295,0.0,,1.0288636684417725,,,,0.0,,,,,,,,,
1184000,296,0.0,,0.36464932560920715,,,,0.0,,,,,,,,,
1188000,297,0.0,,1.2893457412719727,,,,0.0,,,,,,,,,
1192000,298,0.0,,0.756401777267456,,,,0.0,,,,,,,,,
1196000,299,0.125,,0.9044942855834961,,,,0.125,,,,,,,,,
1200000,300,0.0,,1.269423007965088,,,,0.0,,,,,,,,,
1204000,301,0.25,,1.086685061454773,,,,0.25,,,,,,,,,
1208000,302,0.0,,0.7438821792602539,,,,0.0,,,,,,,,,
1212000,303,0.25,,1.0067524909973145,,,,0.25,,,,,,,,,
1216000,304,0.25,,0.49576616287231445,,,,0.25,,,,,,,,,
1220000,305,0.0,,0.7898396253585815,,,,0.0,,,,,,,,,
1224000,306,0.0,,0.8271592855453491,,,,0.0,,,,,,,,,
1228000,307,0.0,,1.0924081802368164,,,,0.0,,,,,,,,,
1232000,308,0.125,,0.6983273029327393,,,,0.125,,,,,,,,,
1236000,309,0.0,,1.1267528533935547,,,,0.0,,,,,,,,,
1240000,310,0.0,,1.0653527975082397,,,,0.0,,,,,,,,,
1244000,311,0.0,,1.1401886940002441,,,,0.0,,,,,,,,,
1248000,312,0.0,,0.7550203800201416,,,,0.0,,,,,,,,,
1252000,313,0.0,,0.9749429225921631,,,,0.0,,,,,,,,,
1256000,314,0.0,,0.6707445383071899,,,,0.0,,,,,,,,,
1260000,315,0.0,,0.6555245518684387,,,,0.0,,,,,,,,,
1264000,316,0.125,,0.9667407274246216,,,,0.125,,,,,,,,,
1268000,317,0.125,,0.96135014295578,,,,0.125,,,,,,,,,
1272000,318,0.0,,0.4865342974662781,,,,0.0,,,,,,,,,
1276000,319,0.0,,0.9103936553001404,,,,0.0,,,,,,,,,
1280000,320,0.0,,1.3181108236312866,,,,0.0,,,,,,,,,
1284000,321,0.0,,0.7956874370574951,,,,0.0,,,,,,,,,
1288000,322,0.125,,0.6859011054039001,,,,0.125,,,,,,,,,
1292000,323,0.125,,1.1680197715759277,,,,0.125,,,,,,,,,
1296000,324,0.0,,1.035197138786316,,,,0.0,,,,,,,,,
1300000,325,0.125,,0.8932259678840637,,,,0.125,,,,,,,,,
1304000,326,0.125,,0.9242822527885437,,,,0.125,,,,,,,,,
1308000,327,0.125,,1.1716573238372803,,,,0.125,,,,,,,,,
1312000,328,0.0,,0.8017227053642273,,,,0.0,,,,,,,,,
1316000,329,0.0,,0.8076695799827576,,,,0.0,,,,,,,,,
1320000,330,0.125,,0.7461565732955933,,,,0.125,,,,,,,,,
1324000,331,0.0,,0.6224196553230286,,,,0.0,,,,,,,,,
1328000,332,0.125,,1.4935996532440186,,,,0.125,,,,,,,,,
1332000,333,0.25,,0.7942157983779907,,,,0.25,,,,,,,,,
1336000,334,0.125,,0.8706775903701782,,,,0.125,,,,,,,,,
1340000,335,0.0,,0.7264605760574341,,,,0.0,,,,,,,,,
1344000,336,0.25,,1.1198372840881348,,,,0.25,,,,,,,,,
1348000,337,0.375,,0.8083082437515259,,,,0.375,,,,,,,,,
1352000,338,0.0,,1.075242280960083,,,,0.0,,,,,,,,,
1356000,339,0.125,,1.1985368728637695,,,,0.125,,,,,,,,,
1360000,340,0.125,,0.8774139285087585,,,,0.125,,,,,,,,,
1364000,341,0.0,,1.4112787246704102,,,,0.0,,,,,,,,,
1368000,342,0.0,,1.074650764465332,,,,0.0,,,,,,,,,
1372000,343,0.125,,1.523017168045044,,,,0.125,,,,,,,,,
1376000,344,0.0,,0.6708504557609558,,,,0.0,,,,,,,,,
1380000,345,0.0,,0.9525414705276489,,,,0.0,,,,,,,,,
1384000,346,0.0,,1.0222606658935547,,,,0.0,,,,,,,,,
1388000,347,0.125,,0.6923098564147949,,,,0.125,,,,,,,,,
1392000,348,0.0,,0.8316823244094849,,,,0.0,,,,,,,,,
1396000,349,0.25,,1.0794692039489746,,,,0.25,,,,,,,,,
1400000,350,0.25,,0.9010767936706543,,,,0.25,,,,,,,,,
1404000,351,0.25,,1.1569609642028809,,,,0.25,,,,,,,,,
1408000,352,0.0,,1.3043856620788574,,,,0.0,,,,,,,,,
1412000,353,0.125,,0.5999161005020142,,,,0.125,,,,,,,,,
1416000,354,0.0,,1.3430171012878418,,,,0.0,,,,,,,,,
1420000,355,0.125,,0.8502317667007446,,,,0.125,,,,,,,,,
1424000,356,0.125,,1.1713459491729736,,,,0.125,,,,,,,,,
1428000,357,0.0,,1.1741849184036255,,,,0.0,,,,,,,,,
1432000,358,0.125,,0.9754876494407654,,,,0.125,,,,,,,,,
1436000,359,0.5,,0.6335641145706177,,,,0.5,,,,,,,,,
1440000,360,0.0,,0.9519044756889343,,,,0.0,,,,,,,,,
1444000,361,0.25,,1.3228570222854614,,,,0.25,,,,,,,,,
1448000,362,0.125,,1.0389829874038696,,,,0.125,,,,,,,,,
1452000,363,0.25,,1.641931176185608,,,,0.25,,,,,,,,,
1456000,364,0.0,,1.109713077545166,,,,0.0,,,,,,,,,
1460000,365,0.25,,1.2105883359909058,,,,0.25,,,,,,,,,
1464000,366,0.25,,0.9434387683868408,,,,0.25,,,,,,,,,
1468000,367,0.0,,0.7000982761383057,,,,0.0,,,,,,,,,
1472000,368,0.125,,1.2493152618408203,,,,0.125,,,,,,,,,
1476000,369,0.125,,1.335525631904602,,,,0.125,,,,,,,,,
1480000,370,0.375,,1.4276621341705322,,,,0.375,,,,,,,,,
1484000,371,0.25,,0.947986900806427,,,,0.25,,,,,,,,,
1488000,372,0.375,,1.2497196197509766,,,,0.375,,,,,,,,,
1492000,373,0.25,,1.0478436946868896,,,,0.25,,,,,,,,,
1496000,374,0.375,,1.3175809383392334,,,,0.375,,,,,,,,,
1500000,375,0.5,,1.628857135772705,,,,0.5,,,,,,,,,
1504000,376,0.25,,1.5737075805664062,,,,0.25,,,,,,,,,
1508000,377,0.25,,1.2056405544281006,,,,0.25,,,,,,,,,
1512000,378,0.125,,1.627591609954834,,,,0.125,,,,,,,,,
1516000,379,0.0,,1.3940739631652832,,,,0.0,,,,,,,,,
1520000,380,0.25,,1.4070661067962646,,,,0.25,,,,,,,,,
1524000,381,0.375,,1.356832504272461,,,,0.375,,,,,,,,,
1528000,382,0.0,,1.4687938690185547,,,,0.0,,,,,,,,,
1532000,383,0.375,,1.1844289302825928,,,,0.375,,,,,,,,,
1536000,384,0.0,,1.4592050313949585,,,,0.0,,,,,,,,,
1540000,385,0.125,,1.6166095733642578,,,,0.125,,,,,,,,,
1544000,386,0.125,,2.085994005203247,,,,0.125,,,,,,,,,
1548000,387,0.0,,1.9368999004364014,,,,0.0,,,,,,,,,
1552000,388,0.0,,1.2828569412231445,,,,0.0,,,,,,,,,
1556000,389,0.0,,1.4288653135299683,,,,0.0,,,,,,,,,
1560000,390,0.125,,1.524863600730896,,,,0.125,,,,,,,,,
1564000,391,0.125,,1.542197823524475,,,,0.125,,,,,,,,,
1568000,392,0.125,,1.4041767120361328,,,,0.125,,,,,,,,,
1572000,393,0.125,,1.8736317157745361,,,,0.125,,,,,,,,,
1576000,394,0.625,,1.4079954624176025,,,,0.625,,,,,,,,,
1580000,395,0.125,,1.7681574821472168,,,,0.125,,,,,,,,,
1584000,396,0.5,,1.6569310426712036,,,,0.5,,,,,,,,,
1588000,397,0.0,,1.414576530456543,,,,0.0,,,,,,,,,
1592000,398,0.25,,1.5124462842941284,,,,0.25,,,,,,,,,
1596000,399,0.125,,1.8672118186950684,,,,0.125,,,,,,,,,
1600000,400,0.25,,1.619554877281189,,,,0.25,,,,,,,,,
1604000,401,0.375,,1.6610796451568604,,,,0.375,,,,,,,,,
1608000,402,0.5,,1.752615213394165,,,,0.5,,,,,,,,,
1612000,403,0.25,,1.707310676574707,,,,0.25,,,,,,,,,
1616000,404,0.25,,1.624119520187378,,,,0.25,,,,,,,,,
1620000,405,0.0,,1.449855923652649,,,,0.0,,,,,,,,,
1624000,406,0.375,,1.397029161453247,,,,0.375,,,,,,,,,
1628000,407,0.125,,1.5354398488998413,,,,0.125,,,,,,,,,
1632000,408,0.125,,1.4342769384384155,,,,0.125,,,,,,,,,
1636000,409,0.0,,1.1952412128448486,,,,0.0,,,,,,,,,
1640000,410,0.0,,1.2759926319122314,,,,0.0,,,,,,,,,
1644000,411,0.0,,2.049088954925537,,,,0.0,,,,,,,,,
1648000,412,0.0,,1.427308440208435,,,,0.0,,,,,,,,,
1652000,413,0.125,,1.4494273662567139,,,,0.125,,,,,,,,,
1656000,414,0.125,,1.395658016204834,,,,0.125,,,,,,,,,
1660000,415,0.125,,1.2931625843048096,,,,0.125,,,,,,,,,
1664000,416,0.25,,1.4072601795196533,,,,0.25,,,,,,,,,
1668000,417,0.125,,1.5978400707244873,,,,0.125,,,,,,,,,
1672000,418,0.25,,1.4825880527496338,,,,0.25,,,,,,,,,
1676000,419,0.125,,1.2130026817321777,,,,0.125,,,,,,,,,
1680000,420,0.125,,1.6048169136047363,,,,0.125,,,,,,,,,
1684000,421,0.25,,2.0578715801239014,,,,0.25,,,,,,,,,
1688000,422,0.125,,1.899724006652832,,,,0.125,,,,,,,,,
1692000,423,0.0,,1.7975964546203613,,,,0.0,,,,,,,,,
1696000,424,0.375,,2.0354738235473633,,,,0.375,,,,,,,,,
1700000,425,0.0,,1.4232370853424072,,,,0.0,,,,,,,,,
1704000,426,0.0,,1.5297757387161255,,,,0.0,,,,,,,,,
1708000,427,0.0,,1.984099268913269,,,,0.0,,,,,,,,,
1712000,428,0.5,,1.2680988311767578,,,,0.5,,,,,,,,,
1716000,429,0.25,,2.101048469543457,,,,0.25,,,,,,,,,
1720000,430,0.375,,1.7732975482940674,,,,0.375,,,,,,,,,
1724000,431,0.25,,1.9400866031646729,,,,0.25,,,,,,,,,
1728000,432,0.375,,1.442803978919983,,,,0.375,,,,,,,,,
1732000,433,0.25,,1.2203946113586426,,,,0.25,,,,,,,,,
1736000,434,0.125,,1.3692569732666016,,,,0.125,,,,,,,,,
1740000,435,0.25,,1.8470804691314697,,,,0.25,,,,,,,,,
1744000,436,0.0,,1.884021282196045,,,,0.0,,,,,,,,,
1748000,437,0.125,,1.6248136758804321,,,,0.125,,,,,,,,,
1752000,438,0.25,,2.4269213676452637,,,,0.25,,,,,,,,,
1756000,439,0.125,,2.481055736541748,,,,0.125,,,,,,,,,
1760000,440,0.25,,1.9394854307174683,,,,0.25,,,,,,,,,
1764000,441,0.0,,2.3747572898864746,,,,0.0,,,,,,,,,
1768000,442,0.625,,1.947277545928955,,,,0.625,,,,,,,,,
1772000,443,0.125,,1.7980897426605225,,,,0.125,,,,,,,,,
1776000,444,0.125,,1.312258243560791,,,,0.125,,,,,,,,,
1780000,445,0.25,,1.4093735218048096,,,,0.25,,,,,,,,,
1784000,446,0.25,,1.3569763898849487,,,,0.25,,,,,,,,,
1788000,447,0.125,,1.8266555070877075,,,,0.125,,,,,,,,,
1792000,448,0.25,,1.847334384918213,,,,0.25,,,,,,,,,
1796000,449,0.5,,2.167963981628418,,,,0.5,,,,,,,,,
1800000,450,0.25,,1.7131102085113525,,,,0.25,,,,,,,,,
1804000,451,0.5,,2.3120627403259277,,,,0.5,,,,,,,,,
1808000,452,0.375,,1.807884693145752,,,,0.375,,,,,,,,,
1812000,453,0.125,,1.4437134265899658,,,,0.125,,,,,,,,,
1816000,454,0.0,,1.8322947025299072,,,,0.0,,,,,,,,,
1820000,455,0.375,,2.0214602947235107,,,,0.375,,,,,,,,,
1824000,456,0.0,,2.530130624771118,,,,0.0,,,,,,,,,
1828000,457,0.125,,1.9059171676635742,,,,0.125,,,,,,,,,
1832000,458,0.125,,1.7740881443023682,,,,0.125,,,,,,,,,
1836000,459,0.125,,1.8439353704452515,,,,0.125,,,,,,,,,
1840000,460,0.0,,1.7583638429641724,,,,0.0,,,,,,,,,
1844000,461,0.25,,1.9181063175201416,,,,0.25,,,,,,,,,
1848000,462,0.125,,1.6882750988006592,,,,0.125,,,,,,,,,
1852000,463,0.5,,2.285625457763672,,,,0.5,,,,,,,,,
1856000,464,0.125,,1.6528997421264648,,,,0.125,,,,,,,,,
1860000,465,0.25,,2.0016818046569824,,,,0.25,,,,,,,,,
1864000,466,0.25,,2.422390937805176,,,,0.25,,,,,,,,,
1868000,467,0.25,,1.5850918292999268,,,,0.25,,,,,,,,,
1872000,468,0.25,,1.8236488103866577,,,,0.25,,,,,,,,,
1876000,469,0.375,,1.8389153480529785,,,,0.375,,,,,,,,,
1880000,470,0.5,,1.6852890253067017,,,,0.5,,,,,,,,,
1884000,471,0.125,,1.8737024068832397,,,,0.125,,,,,,,,,
1888000,472,0.75,,1.9157480001449585,,,,0.75,,,,,,,,,
1892000,473,0.875,,2.36102032661438,,,,0.875,,,,,,,,,
1896000,474,0.25,,2.373215675354004,,,,0.25,,,,,,,,,
1900000,475,0.125,,1.7458314895629883,,,,0.125,,,,,,,,,
1904000,476,0.25,,2.714040994644165,,,,0.25,,,,,,,,,
1908000,477,0.125,,1.8268271684646606,,,,0.125,,,,,,,,,
1912000,478,0.25,,2.1384084224700928,,,,0.25,,,,,,,,,
1916000,479,0.5,,1.8858146667480469,,,,0.5,,,,,,,,,
1920000,480,0.25,,2.0862929821014404,,,,0.25,,,,,,,,,
1924000,481,0.125,,2.145942211151123,,,,0.125,,,,,,,,,
1928000,482,0.375,,1.9279406070709229,,,,0.375,,,,,,,,,
1932000,483,0.375,,2.344393491744995,,,,0.375,,,,,,,,,
1936000,484,0.25,,2.4956064224243164,,,,0.25,,,,,,,,,
1940000,485,0.375,,2.1001369953155518,,,,0.375,,,,,,,,,
1944000,486,0.125,,2.356271266937256,,,,0.125,,,,,,,,,
1948000,487,0.375,,1.9860961437225342,,,,0.375,,,,,,,,,
1952000,488,0.25,,2.7222418785095215,,,,0.25,,,,,,,,,
1956000,489,0.0,,2.7071640491485596,,,,0.0,,,,,,,,,
1960000,490,0.5,,2.22251558303833,,,,0.5,,,,,,,,,
1964000,491,0.125,,1.383223533630371,,,,0.125,,,,,,,,,
1968000,492,0.25,,1.7933179140090942,,,,0.25,,,,,,,,,
1972000,493,0.125,,2.2751009464263916,,,,0.125,,,,,,,,,
1976000,494,0.625,,1.9020684957504272,,,,0.625,,,,,,,,,
1980000,495,0.25,,1.3660855293273926,,,,0.25,,,,,,,,,
1984000,496,0.125,,2.546679973602295,,,,0.125,,,,,,,,,
1988000,497,0.0,,1.6917035579681396,,,,0.0,,,,,,,,,
1992000,498,0.125,,1.7038332223892212,,,,0.125,,,,,,,,,
1996000,499,0.5,,1.968773603439331,,,,0.5,,,,,,,,,
2000000,500,0.5,,1.8920074701309204,,,,0.5,,,,,,,,,
2004000,501,0.375,,2.1628527641296387,,,,0.375,,,,,,,,,
2008000,502,0.25,,2.043020725250244,,,,0.25,,,,,,,,,
2012000,503,0.375,,2.601996421813965,,,,0.375,,,,,,,,,
2016000,504,0.125,,1.8969125747680664,,,,0.125,,,,,,,,,
2020000,505,0.25,,1.7188246250152588,,,,0.25,,,,,,,,,
2024000,506,0.25,,2.176851987838745,,,,0.25,,,,,,,,,
2028000,507,0.375,,1.608086347579956,,,,0.375,,,,,,,,,
2032000,508,0.0,,1.733198642730713,,,,0.0,,,,,,,,,
2036000,509,0.25,,2.650545120239258,,,,0.25,,,,,,,,,
2040000,510,0.5,,2.1260902881622314,,,,0.5,,,,,,,,,
2044000,511,0.5,,2.1429131031036377,,,,0.5,,,,,,,,,
2048000,512,0.125,,2.1638126373291016,,,,0.125,,,,,,,,,
2052000,513,0.125,,2.3526344299316406,,,,0.125,,,,,,,,,
2056000,514,0.375,,2.1172754764556885,,,,0.375,,,,,,,,,
2060000,515,0.25,,2.356513023376465,,,,0.25,,,,,,,,,
2064000,516,0.375,,2.3019304275512695,,,,0.375,,,,,,,,,
2068000,517,0.5,,2.449166774749756,,,,0.5,,,,,,,,,
2072000,518,0.75,,2.5637245178222656,,,,0.75,,,,,,,,,
2076000,519,0.25,,2.142077922821045,,,,0.25,,,,,,,,,
2080000,520,0.625,,1.9748942852020264,,,,0.625,,,,,,,,,
2084000,521,0.625,,2.1361799240112305,,,,0.625,,,,,,,,,
2088000,522,0.125,,1.655059814453125,,,,0.125,,,,,,,,,
2092000,523,0.25,,1.8287185430526733,,,,0.25,,,,,,,,,
2096000,524,0.25,,2.428685188293457,,,,0.25,,,,,,,,,
2100000,525,0.25,,2.0310282707214355,,,,0.25,,,,,,,,,
2104000,526,0.5,,2.3125152587890625,,,,0.5,,,,,,,,,
2108000,527,0.25,,2.100123882293701,,,,0.25,,,,,,,,,
2112000,528,0.5,,2.6295530796051025,,,,0.5,,,,,,,,,
2116000,529,0.375,,1.813463568687439,,,,0.375,,,,,,,,,
2120000,530,0.75,,1.629744052886963,,,,0.75,,,,,,,,,
2124000,531,0.625,,2.1080217361450195,,,,0.625,,,,,,,,,
2128000,532,0.625,,2.277799129486084,,,,0.625,,,,,,,,,
2132000,533,0.375,,1.9690890312194824,,,,0.375,,,,,,,,,
2136000,534,0.75,,2.3211300373077393,,,,0.75,,,,,,,,,
2140000,535,0.375,,2.6357898712158203,,,,0.375,,,,,,,,,
2144000,536,0.25,,2.0414109230041504,,,,0.25,,,,,,,,,
2148000,537,0.75,,2.7984042167663574,,,,0.75,,,,,,,,,
2152000,538,0.625,,2.686225175857544,,,,0.625,,,,,,,,,
2156000,539,0.375,,2.9511470794677734,,,,0.375,,,,,,,,,
2160000,540,0.625,,2.420792579650879,,,,0.625,,,,,,,,,
2164000,541,0.625,,2.9894542694091797,,,,0.625,,,,,,,,,
2168000,542,0.25,,2.6848959922790527,,,,0.25,,,,,,,,,
2172000,543,0.625,,2.2001686096191406,,,,0.625,,,,,,,,,
2176000,544,0.375,,2.5642948150634766,,,,0.375,,,,,,,,,
2180000,545,0.5,,2.410045623779297,,,,0.5,,,,,,,,,
2184000,546,0.875,,2.621652126312256,,,,0.875,,,,,,,,,
2188000,547,0.625,,2.7150659561157227,,,,0.625,,,,,,,,,
2192000,548,0.25,,3.0821430683135986,,,,0.25,,,,,,,,,
2196000,549,0.625,,2.7294723987579346,,,,0.625,,,,,,,,,
2200000,550,0.5,,2.503796339035034,,,,0.5,,,,,,,,,
2204000,551,0.375,,2.634517192840576,,,,0.375,,,,,,,,,
2208000,552,0.625,,2.4664723873138428,,,,0.625,,,,,,,,,
2212000,553,0.625,,2.7174038887023926,,,,0.625,,,,,,,,,
2216000,554,0.25,,2.285269260406494,,,,0.25,,,,,,,,,
2220000,555,0.375,,2.594572067260742,,,,0.375,,,,,,,,,
2224000,556,0.5,,2.2919845581054688,,,,0.5,,,,,,,,,
2228000,557,0.125,,2.353832721710205,,,,0.125,,,,,,,,,
2232000,558,0.625,,2.51881742477417,,,,0.625,,,,,,,,,
2236000,559,0.625,,2.667921543121338,,,,0.625,,,,,,,,,
2240000,560,0.375,,2.2685301303863525,,,,0.375,,,,,,,,,
2244000,561,0.625,,2.731593370437622,,,,0.625,,,,,,,,,
2248000,562,0.625,,2.761148452758789,,,,0.625,,,,,,,,,
2252000,563,1.125,,2.840210199356079,,,,1.125,,,,,,,,,
2256000,564,0.75,,2.3985912799835205,,,,0.75,,,,,,,,,
2260000,565,0.625,,2.908327341079712,,,,0.625,,,,,,,,,
2264000,566,0.875,,2.894841194152832,,,,0.875,,,,,,,,,
2268000,567,0.25,,2.9079971313476562,,,,0.25,,,,,,,,,
2272000,568,0.875,,2.620619773864746,,,,0.875,,,,,,,,,
2276000,569,0.5,,2.351081132888794,,,,0.5,,,,,,,,,
2280000,570,1.375,,2.6509883403778076,,,,1.375,,,,,,,,,
2284000,571,0.625,,3.152515411376953,,,,0.625,,,,,,,,,
2288000,572,0.25,,2.4488911628723145,,,,0.25,,,,,,,,,
2292000,573,0.125,,3.147578239440918,,,,0.125,,,,,,,,,
2296000,574,0.75,,2.7442660331726074,,,,0.75,,,,,,,,,
2300000,575,1.0,,2.5159547328948975,,,,1.0,,,,,,,,,
2304000,576,0.625,,2.905167579650879,,,,0.625,,,,,,,,,
2308000,577,0.25,,3.230680227279663,,,,0.25,,,,,,,,,
2312000,578,0.875,,2.6094369888305664,,,,0.875,,,,,,,,,
2316000,579,1.0,,3.168551445007324,,,,1.0,,,,,,,,,
2320000,580,0.375,,3.7230751514434814,,,,0.375,,,,,,,,,
2324000,581,0.375,,2.7606050968170166,,,,0.375,,,,,,,,,
2328000,582,0.875,,2.745177745819092,,,,0.875,,,,,,,,,
2332000,583,0.75,,2.756793975830078,,,,0.75,,,,,,,,,
2336000,584,0.75,,2.680269241333008,,,,0.75,,,,,,,,,
2340000,585,0.625,,3.1670970916748047,,,,0.625,,,,,,,,,
2344000,586,0.5,,3.273442029953003,,,,0.5,,,,,,,,,
2348000,587,0.75,,2.8633155822753906,,,,0.75,,,,,,,,,
2352000,588,0.75,,3.6417386531829834,,,,0.75,,,,,,,,,
2356000,589,0.875,,2.567728042602539,,,,0.875,,,,,,,,,
2360000,590,0.5,,3.1994786262512207,,,,0.5,,,,,,,,,
2364000,591,0.25,,2.930755615234375,,,,0.25,,,,,,,,,
2368000,592,0.625,,2.9053585529327393,,,,0.625,,,,,,,,,
2372000,593,0.875,,3.125552177429199,,,,0.875,,,,,,,,,
2376000,594,0.875,,3.5469799041748047,,,,0.875,,,,,,,,,
2380000,595,1.625,,3.262690544128418,,,,1.625,,,,,,,,,
2384000,596,0.375,,3.1718692779541016,,,,0.375,,,,,,,,,
2388000,597,0.875,,2.583913564682007,,,,0.875,,,,,,,,,
2392000,598,1.375,,3.1075799465179443,,,,1.375,,,,,,,,,
2396000,599,1.5,,3.0628814697265625,,,,1.5,,,,,,,,,
2400000,600,1.375,,3.176727771759033,,,,1.375,,,,,,,,,
2404000,601,0.625,,3.366748571395874,,,,0.625,,,,,,,,,
2408000,602,1.125,,3.2716007232666016,,,,1.125,,,,,,,,,
2412000,603,0.625,,3.8534631729125977,,,,0.625,,,,,,,,,
2416000,604,1.0,,3.309948682785034,,,,1.0,,,,,,,,,
2420000,605,0.875,,3.4786808490753174,,,,0.875,,,,,,,,,
2424000,606,2.125,,3.918922185897827,,,,2.125,,,,,,,,,
2428000,607,0.5,,3.773301839828491,,,,0.5,,,,,,,,,
2432000,608,0.625,,3.3076624870300293,,,,0.625,,,,,,,,,
2436000,609,1.0,,3.962578296661377,,,,1.0,,,,,,,,,
2440000,610,1.5,,3.221344470977783,,,,1.5,,,,,,,,,
2444000,611,1.375,,3.8448007106781006,,,,1.375,,,,,,,,,
2448000,612,1.25,,3.499990940093994,,,,1.25,,,,,,,,,
2452000,613,1.375,,3.6007747650146484,,,,1.375,,,,,,,,,
2456000,614,1.125,,3.4032692909240723,,,,1.125,,,,,,,,,
2460000,615,1.75,,3.4296391010284424,,,,1.75,,,,,,,,,
2464000,616,1.25,,3.8752875328063965,,,,1.25,,,,,,,,,
2468000,617,1.625,,3.401498794555664,,,,1.625,,,,,,,,,
2472000,618,1.5,,3.78857159614563,,,,1.5,,,,,,,,,
2476000,619,1.5,,3.978397846221924,,,,1.5,,,,,,,,,
2480000,620,0.875,,3.62422776222229,,,,0.875,,,,,,,,,
2484000,621,1.625,,3.4836831092834473,,,,1.625,,,,,,,,,
2488000,622,1.875,,3.9570279121398926,,,,1.875,,,,,,,,,
2492000,623,2.25,,3.61167573928833,,,,2.25,,,,,,,,,
2496000,624,1.875,,3.6906328201293945,,,,1.875,,,,,,,,,
2500000,625,1.125,,4.6624627113342285,,,,1.125,,,,,,,,,
2504000,626,2.375,,3.789651870727539,,,,2.375,,,,,,,,,
2508000,627,1.875,,4.28867769241333,,,,1.875,,,,,,,,,
2512000,628,2.0,,3.9147682189941406,,,,2.0,,,,,,,,,
2516000,629,1.5,,4.755928039550781,,,,1.5,,,,,,,,,
2520000,630,1.375,,4.221850395202637,,,,1.375,,,,,,,,,
2524000,631,1.125,,3.8660452365875244,,,,1.125,,,,,,,,,
2528000,632,1.625,,4.468634605407715,,,,1.625,,,,,,,,,
2532000,633,1.25,,4.366696357727051,,,,1.25,,,,,,,,,
2536000,634,1.625,,4.3954668045043945,,,,1.625,,,,,,,,,
2540000,635,1.5,,4.329159736633301,,,,1.5,,,,,,,,,
2544000,636,1.125,,4.3439483642578125,,,,1.125,,,,,,,,,
2548000,637,1.625,,4.218819618225098,,,,1.625,,,,,,,,,
2552000,638,2.25,,4.855020523071289,,,,2.25,,,,,,,,,
2556000,639,1.625,,4.797671318054199,,,,1.625,,,,,,,,,
2560000,640,1.875,,4.152996063232422,,,,1.875,,,,,,,,,
2564000,641,0.875,,4.716098308563232,,,,0.875,,,,,,,,,
2568000,642,1.375,,4.9266252517700195,,,,1.375,,,,,,,,,
2572000,643,0.875,,4.456620216369629,,,,0.875,,,,,,,,,
2576000,644,1.75,,4.683796405792236,,,,1.75,,,,,,,,,
2580000,645,1.5,,4.768585205078125,,,,1.5,,,,,,,,,
2584000,646,2.0,,4.304764270782471,,,,2.0,,,,,,,,,
2588000,647,1.875,,4.882451057434082,,,,1.875,,,,,,,,,
2592000,648,1.375,,4.840476989746094,,,,1.375,,,,,,,,,
2596000,649,2.0,,4.6365132331848145,,,,2.0,,,,,,,,,
2600000,650,2.375,,4.604211807250977,,,,2.375,,,,,,,,,
2604000,651,1.5,,4.487739086151123,,,,1.5,,,,,,,,,
2608000,652,1.25,,4.840036392211914,,,,1.25,,,,,,,,,
2612000,653,1.625,,4.610823631286621,,,,1.625,,,,,,,,,
2616000,654,1.75,,4.697548866271973,,,,1.75,,,,,,,,,
2620000,655,2.0,,4.798394203186035,,,,2.0,,,,,,,,,
2624000,656,1.375,,4.7970356941223145,,,,1.375,,,,,,,,,
2628000,657,1.125,,4.303077220916748,,,,1.125,,,,,,,,,
2632000,658,1.625,,4.645682334899902,,,,1.625,,,,,,,,,
2636000,659,1.75,,4.7418036460876465,,,,1.75,,,,,,,,,
2640000,660,2.0,,4.8623528480529785,,,,2.0,,,,,,,,,
2644000,661,2.0,,4.870987892150879,,,,2.0,,,,,,,,,
2648000,662,1.25,,4.762558937072754,,,,1.25,,,,,,,,,
2652000,663,1.375,,4.650012493133545,,,,1.375,,,,,,,,,
2656000,664,1.375,,4.47153377532959,,,,1.375,,,,,,,,,
2660000,665,1.375,,4.666380405426025,,,,1.375,,,,,,,,,
2664000,666,1.25,,4.478492259979248,,,,1.25,,,,,,,,,
2668000,667,1.625,,4.899450302124023,,,,1.625,,,,,,,,,
2672000,668,1.625,,4.88337516784668,,,,1.625,,,,,,,,,
2676000,669,1.875,,4.4940571784973145,,,,1.875,,,,,,,,,
2680000,670,2.125,,4.931675910949707,,,,2.125,,,,,,,,,
2684000,671,1.75,,4.847353935241699,,,,1.75,,,,,,,,,
2688000,672,1.75,,4.778763771057129,,,,1.75,,,,,,,,,
2692000,673,1.25,,4.937628269195557,,,,1.25,,,,,,,,,
2696000,674,1.125,,4.602267265319824,,,,1.125,,,,,,,,,
2700000,675,1.25,,4.972405910491943,,,,1.25,,,,,,,,,
2704000,676,2.125,,5.13460636138916,,,,2.125,,,,,,,,,
2708000,677,1.625,,5.564613342285156,,,,1.625,,,,,,,,,
2712000,678,2.5,,4.598466873168945,,,,2.5,,,,,,,,,
2716000,679,1.5,,4.662799835205078,,,,1.5,,,,,,,,,
2720000,680,1.875,,4.797951698303223,,,,1.875,,,,,,,,,
2724000,681,1.75,,4.893069744110107,,,,1.75,,,,,,,,,
2728000,682,1.5,,5.096225738525391,,,,1.5,,,,,,,,,
2732000,683,1.625,,5.136843681335449,,,,1.625,,,,,,,,,
2736000,684,1.375,,5.078548431396484,,,,1.375,,,,,,,,,
2740000,685,1.75,,5.653332710266113,,,,1.75,,,,,,,,,
2744000,686,1.25,,5.183794021606445,,,,1.25,,,,,,,,,
2748000,687,2.25,,5.010948181152344,,,,2.25,,,,,,,,,
2752000,688,1.625,,5.076715469360352,,,,1.625,,,,,,,,,
2756000,689,2.5,,4.832894325256348,,,,2.5,,,,,,,,,
2760000,690,1.625,,5.509423732757568,,,,1.625,,,,,,,,,
2764000,691,2.25,,5.101666450500488,,,,2.25,,,,,,,,,
2768000,692,2.375,,4.724178314208984,,,,2.375,,,,,,,,,
2772000,693,2.875,,5.020894527435303,,,,2.875,,,,,,,,,
2776000,694,3.375,,5.479977130889893,,,,3.375,,,,,,,,,
2780000,695,2.125,,5.347529411315918,,,,2.125,,,,,,,,,
2784000,696,2.5,,5.791426658630371,,,,2.5,,,,,,,,,
2788000,697,2.25,,5.173173904418945,,,,2.25,,,,,,,,,
2792000,698,2.625,,5.269618034362793,,,,2.625,,,,,,,,,
2796000,699,3.375,,5.606902122497559,,,,3.375,,,,,,,,,
2800000,700,2.0,,5.357966423034668,,,,2.0,,,,,,,,,
2804000,701,2.125,,5.312664985656738,,,,2.125,,,,,,,,,
2808000,702,2.125,,4.883837699890137,,,,2.125,,,,,,,,,
2812000,703,2.875,,4.9981513023376465,,,,2.875,,,,,,,,,
2816000,704,2.75,,5.557864189147949,,,,2.75,,,,,,,,,
2820000,705,2.75,,5.394195556640625,,,,2.75,,,,,,,,,
2824000,706,3.25,,5.630466461181641,,,,3.25,,,,,,,,,
2828000,707,2.375,,5.479095935821533,,,,2.375,,,,,,,,,
2832000,708,2.125,,5.319057464599609,,,,2.125,,,,,,,,,
2836000,709,2.625,,5.893563747406006,,,,2.625,,,,,,,,,
2840000,710,1.75,,5.609158515930176,,,,1.75,,,,,,,,,
2844000,711,2.75,,5.347552299499512,,,,2.75,,,,,,,,,
2848000,712,2.875,,5.827669143676758,,,,2.875,,,,,,,,,
2852000,713,3.125,,5.531695365905762,,,,3.125,,,,,,,,,
2856000,714,4.125,,5.615861892700195,,,,4.125,,,,,,,,,
2860000,715,2.5,,5.003602981567383,,,,2.5,,,,,,,,,
2864000,716,4.0,,5.811034202575684,,,,4.0,,,,,,,,,
2868000,717,3.375,,5.761853218078613,,,,3.375,,,,,,,,,
2872000,718,1.875,,5.704770565032959,,,,1.875,,,,,,,,,
2876000,719,2.75,,5.3283820152282715,,,,2.75,,,,,,,,,
2880000,720,4.125,,5.673118591308594,,,,4.125,,,,,,,,,
2884000,721,3.25,,5.292243957519531,,,,3.25,,,,,,,,,
2888000,722,3.875,,5.43995475769043,,,,3.875,,,,,,,,,
2892000,723,3.125,,6.22630500793457,,,,3.125,,,,,,,,,
2896000,724,2.375,,5.667607307434082,,,,2.375,,,,,,,,,
2900000,725,2.5,,5.215597152709961,,,,2.5,,,,,,,,,
2904000,726,3.375,,5.513909339904785,,,,3.375,,,,,,,,,
2908000,727,3.625,,5.590040683746338,,,,3.625,,,,,,,,,
2912000,728,3.5,,5.597811698913574,,,,3.5,,,,,,,,,
2916000,729,4.0,,5.567137718200684,,,,4.0,,,,,,,,,
2920000,730,3.375,,5.581324577331543,,,,3.375,,,,,,,,,
2924000,731,4.25,,5.583222389221191,,,,4.25,,,,,,,,,
2928000,732,3.75,,5.366628646850586,,,,3.75,,,,,,,,,
2932000,733,3.625,,5.631596565246582,,,,3.625,,,,,,,,,
2936000,734,3.75,,5.9866623878479,,,,3.75,,,,,,,,,
2940000,735,3.625,,5.8557658195495605,,,,3.625,,,,,,,,,
2944000,736,3.5,,5.459339141845703,,,,3.5,,,,,,,,,
2948000,737,3.875,,5.511240482330322,,,,3.875,,,,,,,,,
2952000,738,4.375,,6.017611026763916,,,,4.375,,,,,,,,,
2956000,739,4.375,,5.918169021606445,,,,4.375,,,,,,,,,
2960000,740,2.75,,5.633565425872803,,,,2.75,,,,,,,,,
2964000,741,4.25,,5.612061977386475,,,,4.25,,,,,,,,,
2968000,742,3.75,,5.454100131988525,,,,3.75,,,,,,,,,
2972000,743,3.0,,5.26389217376709,,,,3.0,,,,,,,,,
2976000,744,3.0,,5.668468952178955,,,,3.0,,,,,,,,,
2980000,745,1.875,,5.554636001586914,,,,1.875,,,,,,,,,
2984000,746,3.625,,5.844485759735107,,,,3.625,,,,,,,,,
2988000,747,3.5,,5.751889705657959,,,,3.5,,,,,,,,,
2992000,748,4.125,,5.7256879806518555,,,,4.125,,,,,,,,,
2996000,749,3.625,,5.703027725219727,,,,3.625,,,,,,,,,
3000000,750,3.5,,5.69394588470459,,,,3.5,,,,,,,,,
3004000,751,3.625,,5.881600856781006,,,,3.625,,,,,,,,,
3008000,752,4.25,,6.1003570556640625,,,,4.25,,,,,,,,,
3012000,753,4.25,,5.824804306030273,,,,4.25,,,,,,,,,
3016000,754,4.125,,5.7469916343688965,,,,4.125,,,,,,,,,
3020000,755,2.875,,5.682014465332031,,,,2.875,,,,,,,,,
3024000,756,3.5,,5.349684238433838,,,,3.5,,,,,,,,,
3028000,757,4.125,,5.653303623199463,,,,4.125,,,,,,,,,
3032000,758,4.625,,5.892181396484375,,,,4.625,,,,,,,,,
3036000,759,4.5,,5.13679313659668,,,,4.5,,,,,,,,,
3040000,760,3.625,,6.015310764312744,,,,3.625,,,,,,,,,
3044000,761,4.625,,5.994302749633789,,,,4.625,,,,,,,,,
3048000,762,4.25,,5.494394779205322,,,,4.25,,,,,,,,,
3052000,763,3.875,,5.960396766662598,,,,3.875,,,,,,,,,
3056000,764,4.25,,5.286320686340332,,,,4.25,,,,,,,,,
3060000,765,3.0,,5.597889423370361,,,,3.0,,,,,,,,,
3064000,766,3.75,,5.366871356964111,,,,3.75,,,,,,,,,
3068000,767,3.5,,5.622710704803467,,,,3.5,,,,,,,,,
3072000,768,3.125,,5.927007675170898,,,,3.125,,,,,,,,,
3076000,769,4.125,,6.171682834625244,,,,4.125,,,,,,,,,
3080000,770,2.875,,5.341408729553223,,,,2.875,,,,,,,,,
3084000,771,5.0,,5.844648361206055,,,,5.0,,,,,,,,,
3088000,772,3.625,,5.810811519622803,,,,3.625,,,,,,,,,
3092000,773,3.75,,5.577184200286865,,,,3.75,,,,,,,,,
3096000,774,4.0,,5.492616653442383,,,,4.0,,,,,,,,,
3100000,775,5.125,,5.735333442687988,,,,5.125,,,,,,,,,
3104000,776,4.625,,5.6680588722229,,,,4.625,,,,,,,,,
3108000,777,4.0,,5.689483642578125,,,,4.0,,,,,,,,,
3112000,778,3.75,,5.519100189208984,,,,3.75,,,,,,,,,
3116000,779,5.0,,5.833709716796875,,,,5.0,,,,,,,,,
3120000,780,3.25,,5.683405876159668,,,,3.25,,,,,,,,,
3124000,781,4.75,,5.238794326782227,,,,4.75,,,,,,,,,
3128000,782,3.875,,5.564700126647949,,,,3.875,,,,,,,,,
3132000,783,3.375,,5.862855911254883,,,,3.375,,,,,,,,,
3136000,784,4.625,,5.297001838684082,,,,4.625,,,,,,,,,
3140000,785,3.125,,5.772581100463867,,,,3.125,,,,,,,,,
3144000,786,3.125,,5.482304096221924,,,,3.125,,,,,,,,,
3148000,787,3.0,,5.2688679695129395,,,,3.0,,,,,,,,,
3152000,788,4.375,,5.759602069854736,,,,4.375,,,,,,,,,
3156000,789,4.25,,5.671908378601074,,,,4.25,,,,,,,,,
3160000,790,4.375,,5.463886260986328,,,,4.375,,,,,,,,,
3164000,791,3.625,,5.24424934387207,,,,3.625,,,,,,,,,
3168000,792,4.125,,6.018610000610352,,,,4.125,,,,,,,,,
3172000,793,3.75,,5.090397834777832,,,,3.75,,,,,,,,,
3176000,794,3.375,,5.442100524902344,,,,3.375,,,,,,,,,
3180000,795,3.75,,5.608316421508789,,,,3.75,,,,,,,,,
3184000,796,3.125,,5.4763641357421875,,,,3.125,,,,,,,,,
3188000,797,3.25,,5.344499588012695,,,,3.25,,,,,,,,,
3192000,798,3.75,,5.706491947174072,,,,3.75,,,,,,,,,
3196000,799,4.625,,5.407462120056152,,,,4.625,,,,,,,,,
3200000,800,3.875,,5.474541664123535,,,,3.875,,,,,,,,,
3204000,801,2.75,,5.689095497131348,,,,2.75,,,,,,,,,
3208000,802,3.25,,5.5534844398498535,,,,3.25,,,,,,,,,
3212000,803,3.5,,5.393871307373047,,,,3.5,,,,,,,,,
3216000,804,2.375,,5.2715630531311035,,,,2.375,,,,,,,,,
3220000,805,3.5,,5.173733234405518,,,,3.5,,,,,,,,,
3224000,806,3.375,,5.253235816955566,,,,3.375,,,,,,,,,
3228000,807,4.125,,5.262241363525391,,,,4.125,,,,,,,,,
3232000,808,3.0,,5.391753196716309,,,,3.0,,,,,,,,,
3236000,809,3.0,,5.332586288452148,,,,3.0,,,,,,,,,
3240000,810,3.875,,5.303075790405273,,,,3.875,,,,,,,,,
3244000,811,3.5,,5.166382789611816,,,,3.5,,,,,,,,,
3248000,812,3.125,,5.434679985046387,,,,3.125,,,,,,,,,
3252000,813,3.25,,5.5113654136657715,,,,3.25,,,,,,,,,
3256000,814,3.5,,5.289252281188965,,,,3.5,,,,,,,,,
3260000,815,4.375,,5.155889511108398,,,,4.375,,,,,,,,,
3264000,816,2.625,,5.134748458862305,,,,2.625,,,,,,,,,
3268000,817,3.5,,5.3884501457214355,,,,3.5,,,,,,,,,
3272000,818,3.25,,5.054498195648193,,,,3.25,,,,,,,,,
3276000,819,2.625,,5.044716835021973,,,,2.625,,,,,,,,,
3280000,820,3.875,,5.047152996063232,,,,3.875,,,,,,,,,
3284000,821,2.625,,5.0541887283325195,,,,2.625,,,,,,,,,
3288000,822,3.375,,4.930111408233643,,,,3.375,,,,,,,,,
3292000,823,3.625,,4.844789028167725,,,,3.625,,,,,,,,,
3296000,824,3.25,,4.929837703704834,,,,3.25,,,,,,,,,
3300000,825,2.375,,5.19401216506958,,,,2.375,,,,,,,,,
3304000,826,2.875,,5.211768627166748,,,,2.875,,,,,,,,,
3308000,827,2.875,,4.865099906921387,,,,2.875,,,,,,,,,
3312000,828,3.5,,5.217601776123047,,,,3.5,,,,,,,,,
3316000,829,3.125,,5.044698715209961,,,,3.125,,,,,,,,,
3320000,830,2.375,,4.833911895751953,,,,2.375,,,,,,,,,
3324000,831,2.875,,4.820500373840332,,,,2.875,,,,,,,,,
3328000,832,3.375,,4.638514518737793,,,,3.375,,,,,,,,,
3332000,833,3.625,,4.8538007736206055,,,,3.625,,,,,,,,,
3336000,834,2.875,,4.8227996826171875,,,,2.875,,,,,,,,,
3340000,835,3.125,,4.822089195251465,,,,3.125,,,,,,,,,
3344000,836,3.375,,4.673088073730469,,,,3.375,,,,,,,,,
3348000,837,4.0,,4.937265396118164,,,,4.0,,,,,,,,,
3352000,838,3.75,,4.874791145324707,,,,3.75,,,,,,,,,
3356000,839,4.0,,4.810493469238281,,,,4.0,,,,,,,,,
3360000,840,3.75,,4.991480350494385,,,,3.75,,,,,,,,,
3364000,841,3.75,,4.644774436950684,,,,3.75,,,,,,,,,
3368000,842,3.75,,4.828418731689453,,,,3.75,,,,,,,,,
3372000,843,4.25,,4.522261619567871,,,,4.25,,,,,,,,,
3376000,844,3.625,,4.605924129486084,,,,3.625,,,,,,,,,
3380000,845,3.625,,4.789468765258789,,,,3.625,,,,,,,,,
3384000,846,3.5,,4.737537860870361,,,,3.5,,,,,,,,,
3388000,847,3.75,,4.531548976898193,,,,3.75,,,,,,,,,
3392000,848,3.875,,4.584918975830078,,,,3.875,,,,,,,,,
3396000,849,3.375,,4.675021171569824,,,,3.375,,,,,,,,,
3400000,850,3.875,,4.32034969329834,,,,3.875,,,,,,,,,
3404000,851,3.5,,4.519615173339844,,,,3.5,,,,,,,,,
3408000,852,3.375,,4.206106185913086,,,,3.375,,,,,,,,,
3412000,853,3.5,,4.344363212585449,,,,3.5,,,,,,,,,
3416000,854,3.0,,4.364154815673828,,,,3.0,,,,,,,,,
3420000,855,3.0,,4.217714309692383,,,,3.0,,,,,,,,,
3424000,856,4.125,,4.342715263366699,,,,4.125,,,,,,,,,
3428000,857,4.0,,4.426590919494629,,,,4.0,,,,,,,,,
3432000,858,4.25,,4.303248405456543,,,,4.25,,,,,,,,,
3436000,859,3.625,,4.357665061950684,,,,3.625,,,,,,,,,
3440000,860,4.5,,4.16980504989624,,,,4.5,,,,,,,,,
3444000,861,4.375,,4.3891377449035645,,,,4.375,,,,,,,,,
3448000,862,3.375,,4.287802696228027,,,,3.375,,,,,,,,,
3452000,863,4.125,,4.364161014556885,,,,4.125,,,,,,,,,
3456000,864,3.5,,4.149774074554443,,,,3.5,,,,,,,,,
3460000,865,4.625,,4.4449968338012695,,,,4.625,,,,,,,,,
3464000,866,3.75,,4.329010963439941,,,,3.75,,,,,,,,,
3468000,867,4.375,,4.356935501098633,,,,4.375,,,,,,,,,
3472000,868,3.5,,4.239535808563232,,,,3.5,,,,,,,,,
3476000,869,3.5,,4.267028331756592,,,,3.5,,,,,,,,,
3480000,870,3.75,,4.308543682098389,,,,3.75,,,,,,,,,
3484000,871,4.25,,4.154218673706055,,,,4.25,,,,,,,,,
3488000,872,3.25,,4.097743988037109,,,,3.25,,,,,,,,,
3492000,873,4.625,,4.080094337463379,,,,4.625,,,,,,,,,
3496000,874,3.375,,4.217651844024658,,,,3.375,,,,,,,,,
3500000,875,3.875,,4.148862838745117,,,,3.875,,,,,,,,,
3504000,876,3.75,,4.0085625648498535,,,,3.75,,,,,,,,,
3508000,877,4.125,,4.000409126281738,,,,4.125,,,,,,,,,
3512000,878,3.75,,4.076034069061279,,,,3.75,,,,,,,,,
3516000,879,3.5,,4.017789840698242,,,,3.5,,,,,,,,,
3520000,880,3.875,,4.032926559448242,,,,3.875,,,,,,,,,
3524000,881,3.875,,3.995629072189331,,,,3.875,,,,,,,,,
3528000,882,3.25,,3.8205409049987793,,,,3.25,,,,,,,,,
3532000,883,4.75,,3.9013137817382812,,,,4.75,,,,,,,,,
3536000,884,3.875,,3.9001657962799072,,,,3.875,,,,,,,,,
3540000,885,4.0,,3.8180084228515625,,,,4.0,,,,,,,,,
3544000,886,3.5,,3.903964042663574,,,,3.5,,,,,,,,,
3548000,887,4.25,,3.8113489151000977,,,,4.25,,,,,,,,,
3552000,888,4.125,,3.997166633605957,,,,4.125,,,,,,,,,
3556000,889,3.375,,4.049858093261719,,,,3.375,,,,,,,,,
3560000,890,3.75,,3.773616075515747,,,,3.75,,,,,,,,,
3564000,891,3.25,,3.940962791442871,,,,3.25,,,,,,,,,
3568000,892,4.0,,3.694277763366699,,,,4.0,,,,,,,,,
3572000,893,3.0,,3.771115779876709,,,,3.0,,,,,,,,,
3576000,894,3.5,,3.714714527130127,,,,3.5,,,,,,,,,
3580000,895,3.5,,3.6414289474487305,,,,3.5,,,,,,,,,
3584000,896,4.0,,3.9933359622955322,,,,4.0,,,,,,,,,
3588000,897,3.5,,3.6874232292175293,,,,3.5,,,,,,,,,
3592000,898,3.625,,3.7865004539489746,,,,3.625,,,,,,,,,
3596000,899,3.875,,3.8251266479492188,,,,3.875,,,,,,,,,
3600000,900,3.5,,3.8090977668762207,,,,3.5,,,,,,,,,
3604000,901,3.875,,3.5111541748046875,,,,3.875,,,,,,,,,
3608000,902,3.375,,3.5022025108337402,,,,3.375,,,,,,,,,
3612000,903,3.0,,3.4563088417053223,,,,3.0,,,,,,,,,
3616000,904,3.125,,3.5154285430908203,,,,3.125,,,,,,,,,
3620000,905,3.375,,3.486290454864502,,,,3.375,,,,,,,,,
3624000,906,2.25,,3.433032512664795,,,,2.25,,,,,,,,,
3628000,907,3.375,,3.561795711517334,,,,3.375,,,,,,,,,
3632000,908,3.75,,3.368091583251953,,,,3.75,,,,,,,,,
3636000,909,3.875,,3.3799281120300293,,,,3.875,,,,,,,,,
3640000,910,3.375,,3.5040783882141113,,,,3.375,,,,,,,,,
3644000,911,3.5,,3.5734262466430664,,,,3.5,,,,,,,,,
3648000,912,4.0,,3.4155972003936768,,,,4.0,,,,,,,,,
3652000,913,3.125,,3.5845415592193604,,,,3.125,,,,,,,,,
3656000,914,3.75,,3.2950921058654785,,,,3.75,,,,,,,,,
3660000,915,2.75,,3.5266876220703125,,,,2.75,,,,,,,,,
3664000,916,3.875,,3.290571689605713,,,,3.875,,,,,,,,,
3668000,917,4.875,,3.20177960395813,,,,4.875,,,,,,,,,
3672000,918,3.375,,3.2826409339904785,,,,3.375,,,,,,,,,
3676000,919,4.25,,3.3832788467407227,,,,4.25,,,,,,,,,
3680000,920,5.0,,3.344761848449707,,,,5.0,,,,,,,,,
3684000,921,3.125,,3.232799530029297,,,,3.125,,,,,,,,,
3688000,922,3.375,,3.387120246887207,,,,3.375,,,,,,,,,
3692000,923,3.5,,3.188506841659546,,,,3.5,,,,,,,,,
3696000,924,4.5,,3.2765603065490723,,,,4.5,,,,,,,,,
3700000,925,4.0,,3.3226797580718994,,,,4.0,,,,,,,,,
3704000,926,4.125,,3.224334239959717,,,,4.125,,,,,,,,,
3708000,927,4.0,,3.2285680770874023,,,,4.0,,,,,,,,,
3712000,928,3.625,,3.198664665222168,,,,3.625,,,,,,,,,
3716000,929,4.75,,3.087655544281006,,,,4.75,,,,,,,,,
3720000,930,4.125,,3.2636313438415527,,,,4.125,,,,,,,,,
3724000,931,3.875,,3.3217546939849854,,,,3.875,,,,,,,,,
3728000,932,3.875,,3.244964361190796,,,,3.875,,,,,,,,,
3732000,933,3.875,,3.227691888809204,,,,3.875,,,,,,,,,
3736000,934,3.875,,3.1780662536621094,,,,3.875,,,,,,,,,
3740000,935,3.875,,3.2090911865234375,,,,3.875,,,,,,,,,
3744000,936,4.625,,3.3742008209228516,,,,4.625,,,,,,,,,
3748000,937,3.5,,3.1682891845703125,,,,3.5,,,,,,,,,
3752000,938,4.75,,3.30442476272583,,,,4.75,,,,,,,,,
3756000,939,3.75,,3.317711591720581,,,,3.75,,,,,,,,,
3760000,940,3.625,,3.1341347694396973,,,,3.625,,,,,,,,,
3764000,941,3.75,,3.0414628982543945,,,,3.75,,,,,,,,,
3768000,942,3.375,,3.2756597995758057,,,,3.375,,,,,,,,,
3772000,943,3.75,,3.123570203781128,,,,3.75,,,,,,,,,
3776000,944,4.0,,3.0073461532592773,,,,4.0,,,,,,,,,
3780000,945,3.875,,3.1246471405029297,,,,3.875,,,,,,,,,
3784000,946,4.625,,3.0529282093048096,,,,4.625,,,,,,,,,
3788000,947,4.625,,3.1302809715270996,,,,4.625,,,,,,,,,
3792000,948,3.625,,3.146681308746338,,,,3.625,,,,,,,,,
3796000,949,4.375,,3.192544460296631,,,,4.375,,,,,,,,,
3800000,950,3.625,,3.1423652172088623,,,,3.625,,,,,,,,,
3804000,951,4.25,,3.0696396827697754,,,,4.25,,,,,,,,,
3808000,952,4.125,,3.077481269836426,,,,4.125,,,,,,,,,
3812000,953,4.25,,3.0557913780212402,,,,4.25,,,,,,,,,
3816000,954,4.375,,3.143232583999634,,,,4.375,,,,,,,,,
3820000,955,4.625,,3.130887031555176,,,,4.625,,,,,,,,,
3824000,956,3.5,,3.083902359008789,,,,3.5,,,,,,,,,
3828000,957,3.75,,3.0893173217773438,,,,3.75,,,,,,,,,
3832000,958,4.0,,3.0309512615203857,,,,4.0,,,,,,,,,
3836000,959,4.125,,3.121830940246582,,,,4.125,,,,,,,,,
3840000,960,4.0,,3.156680107116699,,,,4.0,,,,,,,,,
3844000,961,3.5,,3.2466580867767334,,,,3.5,,,,,,,,,
3848000,962,4.25,,2.973224401473999,,,,4.25,,,,,,,,,
3852000,963,3.375,,3.2188620567321777,,,,3.375,,,,,,,,,
3856000,964,4.0,,2.993663787841797,,,,4.0,,,,,,,,,
3860000,965,3.75,,3.058379888534546,,,,3.75,,,,,,,,,
3864000,966,4.25,,2.997509241104126,,,,4.25,,,,,,,,,
3868000,967,4.0,,3.184206962585449,,,,4.0,,,,,,,,,
3872000,968,3.75,,2.926018714904785,,,,3.75,,,,,,,,,
3876000,969,3.625,,3.041349411010742,,,,3.625,,,,,,,,,
3880000,970,4.125,,3.1211986541748047,,,,4.125,,,,,,,,,
3884000,971,3.375,,2.9472010135650635,,,,3.375,,,,,,,,,
3888000,972,3.75,,3.0558395385742188,,,,3.75,,,,,,,,,
3892000,973,4.0,,2.9608209133148193,,,,4.0,,,,,,,,,
3896000,974,3.5,,3.0526771545410156,,,,3.5,,,,,,,,,
3900000,975,4.0,,2.920779228210449,,,,4.0,,,,,,,,,
3904000,976,4.375,,2.964752197265625,,,,4.375,,,,,,,,,
3908000,977,3.625,,2.976271867752075,,,,3.625,,,,,,,,,
3912000,978,3.5,,3.0203638076782227,,,,3.5,,,,,,,,,
3916000,979,3.75,,2.96952223777771,,,,3.75,,,,,,,,,
3920000,980,4.25,,2.9491782188415527,,,,4.25,,,,,,,,,
3924000,981,3.5,,2.979785919189453,,,,3.5,,,,,,,,,
3928000,982,4.5,,3.0905632972717285,,,,4.5,,,,,,,,,
3932000,983,3.875,,2.926395893096924,,,,3.875,,,,,,,,,
3936000,984,2.875,,2.979851722717285,,,,2.875,,,,,,,,,
3940000,985,3.875,,2.821012258529663,,,,3.875,,,,,,,,,
3944000,986,3.5,,2.8550548553466797,,,,3.5,,,,,,,,,
3948000,987,3.375,,2.962679386138916,,,,3.375,,,,,,,,,
3952000,988,3.5,,2.8802523612976074,,,,3.5,,,,,,,,,
3956000,989,3.75,,2.958570957183838,,,,3.75,,,,,,,,,
3960000,990,4.375,,2.851938486099243,,,,4.375,,,,,,,,,
3964000,991,4.0,,2.859682083129883,,,,4.0,,,,,,,,,
3968000,992,3.0,,2.838331937789917,,,,3.0,,,,,,,,,
3972000,993,4.25,,2.847513198852539,,,,4.25,,,,,,,,,
3976000,994,3.75,,2.994802951812744,,,,3.75,,,,,,,,,
3980000,995,3.375,,2.672855854034424,,,,3.375,,,,,,,,,
3984000,996,4.125,,2.804950714111328,,,,4.125,,,,,,,,,
3988000,997,3.5,,2.8292348384857178,,,,3.5,,,,,,,,,
3992000,998,4.375,,2.8320963382720947,,,,4.375,,,,,,,,,
3996000,999,3.625,,2.9194564819335938,,,,3.625,,,,,,,,,
4000000,1000,3.625,,2.906449556350708,,,,3.625,,,,,,,,,
4004000,1001,4.0,,2.862687110900879,,,,4.0,,,,,,,,,
4008000,1002,5.0,,2.7102315425872803,,,,5.0,,,,,,,,,
4012000,1003,4.125,,2.9216630458831787,,,,4.125,,,,,,,,,
4016000,1004,4.0,,2.7651960849761963,,,,4.0,,,,,,,,,
4020000,1005,3.875,,2.8263633251190186,,,,3.875,,,,,,,,,
4024000,1006,4.125,,2.812709331512451,,,,4.125,,,,,,,,,
4028000,1007,3.0,,2.6938204765319824,,,,3.0,,,,,,,,,
4032000,1008,3.5,,2.731790542602539,,,,3.5,,,,,,,,,
4036000,1009,4.125,,2.691161632537842,,,,4.125,,,,,,,,,
4040000,1010,3.75,,2.852999210357666,,,,3.75,,,,,,,,,
4044000,1011,3.625,,2.8015410900115967,,,,3.625,,,,,,,,,
4048000,1012,4.375,,2.759213447570801,,,,4.375,,,,,,,,,
4052000,1013,3.875,,2.642258644104004,,,,3.875,,,,,,,,,
4056000,1014,3.0,,2.794224739074707,,,,3.0,,,,,,,,,
4060000,1015,3.875,,2.7832298278808594,,,,3.875,,,,,,,,,
4064000,1016,3.5,,2.753920793533325,,,,3.5,,,,,,,,,
4068000,1017,3.75,,2.6884140968322754,,,,3.75,,,,,,,,,
4072000,1018,3.625,,2.8049156665802,,,,3.625,,,,,,,,,
4076000,1019,4.125,,2.6468000411987305,,,,4.125,,,,,,,,,
4080000,1020,4.0,,2.859367847442627,,,,4.0,,,,,,,,,
4084000,1021,4.375,,2.6410231590270996,,,,4.375,,,,,,,,,
4088000,1022,3.75,,2.6940431594848633,,,,3.75,,,,,,,,,
4092000,1023,4.0,,2.596465587615967,,,,4.0,,,,,,,,,
4096000,1024,3.375,,2.726125717163086,,,,3.375,,,,,,,,,
4100000,1025,3.5,,2.594365119934082,,,,3.5,,,,,,,,,
4104000,1026,3.25,,2.5506138801574707,,,,3.25,,,,,,,,,
4108000,1027,3.125,,2.734292984008789,,,,3.125,,,,,,,,,
4112000,1028,3.125,,2.6039328575134277,,,,3.125,,,,,,,,,
4116000,1029,4.625,,2.5800719261169434,,,,4.625,,,,,,,,,
4120000,1030,3.875,,2.60343074798584,,,,3.875,,,,,,,,,
4124000,1031,3.0,,2.5771102905273438,,,,3.0,,,,,,,,,
4128000,1032,3.25,,2.6761996746063232,,,,3.25,,,,,,,,,
4132000,1033,3.25,,2.705981969833374,,,,3.25,,,,,,,,,
4136000,1034,3.875,,2.596677303314209,,,,3.875,,,,,,,,,
4140000,1035,3.25,,2.521998167037964,,,,3.25,,,,,,,,,
4144000,1036,3.75,,2.5852532386779785,,,,3.75,,,,,,,,,
4148000,1037,4.875,,2.477612018585205,,,,4.875,,,,,,,,,
4152000,1038,3.875,,2.4877495765686035,,,,3.875,,,,,,,,,
4156000,1039,4.125,,2.4908194541931152,,,,4.125,,,,,,,,,
4160000,1040,2.375,,2.585123300552368,,,,2.375,,,,,,,,,
4164000,1041,4.0,,2.5471224784851074,,,,4.0,,,,,,,,,
4168000,1042,3.5,,2.5232300758361816,,,,3.5,,,,,,,,,
4172000,1043,3.875,,2.543083667755127,,,,3.875,,,,,,,,,
4176000,1044,4.375,,2.58107328414917,,,,4.375,,,,,,,,,
4180000,1045,3.5,,2.465852737426758,,,,3.5,,,,,,,,,
4184000,1046,4.0,,2.5793368816375732,,,,4.0,,,,,,,,,
4188000,1047,3.75,,2.5069386959075928,,,,3.75,,,,,,,,,
4192000,1048,4.5,,2.56082820892334,,,,4.5,,,,,,,,,
4196000,1049,3.0,,2.5035195350646973,,,,3.0,,,,,,,,,
4200000,1050,4.0,,2.579951524734497,,,,4.0,,,,,,,,,
4204000,1051,4.125,,2.5594754219055176,,,,4.125,,,,,,,,,
4208000,1052,3.625,,2.452270984649658,,,,3.625,,,,,,,,,
4212000,1053,3.125,,2.46701979637146,,,,3.125,,,,,,,,,
4216000,1054,2.375,,2.350039005279541,,,,2.375,,,,,,,,,
4220000,1055,3.625,,2.3443708419799805,,,,3.625,,,,,,,,,
4224000,1056,4.0,,2.482964038848877,,,,4.0,,,,,,,,,
4228000,1057,3.625,,2.398491621017456,,,,3.625,,,,,,,,,
4232000,1058,3.0,,2.480572462081909,,,,3.0,,,,,,,,,
4236000,1059,5.0,,2.5074105262756348,,,,5.0,,,,,,,,,
4240000,1060,3.25,,2.3767776489257812,,,,3.25,,,,,,,,,
4244000,1061,3.875,,2.4120163917541504,,,,3.875,,,,,,,,,
4248000,1062,3.5,,2.399299144744873,,,,3.5,,,,,,,,,
4252000,1063,2.875,,2.435943841934204,,,,2.875,,,,,,,,,
4256000,1064,3.0,,2.4025633335113525,,,,3.0,,,,,,,,,
4260000,1065,4.625,,2.36272931098938,,,,4.625,,,,,,,,,
4264000,1066,3.125,,2.391779661178589,,,,3.125,,,,,,,,,
4268000,1067,3.75,,2.3676862716674805,,,,3.75,,,,,,,,,
4272000,1068,3.125,,2.3238017559051514,,,,3.125,,,,,,,,,
4276000,1069,3.625,,2.4061946868896484,,,,3.625,,,,,,,,,
4280000,1070,3.125,,2.378711700439453,,,,3.125,,,,,,,,,
4284000,1071,3.5,,2.3018574714660645,,,,3.5,,,,,,,,,
4288000,1072,3.25,,2.3783719539642334,,,,3.25,,,,,,,,,
4292000,1073,3.875,,2.3094818592071533,,,,3.875,,,,,,,,,
4296000,1074,4.125,,2.3079867362976074,,,,4.125,,,,,,,,,
4300000,1075,3.25,,2.2974190711975098,,,,3.25,,,,,,,,,
4304000,1076,3.125,,2.3240528106689453,,,,3.125,,,,,,,,,
4308000,1077,4.0,,2.371143341064453,,,,4.0,,,,,,,,,
4312000,1078,4.5,,2.3585023880004883,,,,4.5,,,,,,,,,
4316000,1079,3.5,,2.3714280128479004,,,,3.5,,,,,,,,,
4320000,1080,4.0,,2.171163558959961,,,,4.0,,,,,,,,,
4324000,1081,3.875,,2.215726852416992,,,,3.875,,,,,,,,,
4328000,1082,3.625,,2.2614099979400635,,,,3.625,,,,,,,,,
4332000,1083,3.75,,2.2749741077423096,,,,3.75,,,,,,,,,
4336000,1084,3.625,,2.189455509185791,,,,3.625,,,,,,,,,
4340000,1085,3.75,,2.2696151733398438,,,,3.75,,,,,,,,,
4344000,1086,3.75,,2.320786952972412,,,,3.75,,,,,,,,,
4348000,1087,3.375,,2.3478946685791016,,,,3.375,,,,,,,,,
4352000,1088,5.0,,2.1881651878356934,,,,5.0,,,,,,,,,
4356000,1089,4.0,,2.253150224685669,,,,4.0,,,,,,,,,
4360000,1090,4.125,,2.2537975311279297,,,,4.125,,,,,,,,,
4364000,1091,3.75,,2.2287421226501465,,,,3.75,,,,,,,,,
4368000,1092,4.25,,2.270301342010498,,,,4.25,,,,,,,,,
4372000,1093,4.25,,2.314279317855835,,,,4.25,,,,,,,,,
4376000,1094,4.75,,2.2291922569274902,,,,4.75,,,,,,,,,
4380000,1095,3.25,,2.190732955932617,,,,3.25,,,,,,,,,
4384000,1096,4.0,,2.2503409385681152,,,,4.0,,,,,,,,,
4388000,1097,3.625,,2.274110794067383,,,,3.625,,,,,,,,,
4392000,1098,4.375,,2.2316842079162598,,,,4.375,,,,,,,,,
4396000,1099,3.75,,2.2513949871063232,,,,3.75,,,,,,,,,
4400000,1100,3.25,,2.26078462600708,,,,3.25,,,,,,,,,
4404000,1101,4.5,,2.227921485900879,,,,4.5,,,,,,,,,
4408000,1102,3.875,,2.1871659755706787,,,,3.875,,,,,,,,,
4412000,1103,3.625,,2.2465200424194336,,,,3.625,,,,,,,,,
4416000,1104,4.0,,2.0876569747924805,,,,4.0,,,,,,,,,
4420000,1105,3.75,,2.3114826679229736,,,,3.75,,,,,,,,,
4424000,1106,5.125,,2.14138126373291,,,,5.125,,,,,,,,,
4428000,1107,3.125,,2.155550956726074,,,,3.125,,,,,,,,,
4432000,1108,4.0,,2.1571731567382812,,,,4.0,,,,,,,,,
4436000,1109,3.75,,2.176492929458618,,,,3.75,,,,,,,,,
4440000,1110,4.375,,2.2177348136901855,,,,4.375,,,,,,,,,
4444000,1111,4.5,,2.1933717727661133,,,,4.5,,,,,,,,,
4448000,1112,4.25,,2.165194272994995,,,,4.25,,,,,,,,,
4452000,1113,3.75,,2.1332449913024902,,,,3.75,,,,,,,,,
4456000,1114,3.25,,2.1247270107269287,,,,3.25,,,,,,,,,
4460000,1115,3.25,,2.225780487060547,,,,3.25,,,,,,,,,
4464000,1116,3.5,,2.198916435241699,,,,3.5,,,,,,,,,
4468000,1117,3.0,,2.1595826148986816,,,,3.0,,,,,,,,,
4472000,1118,3.875,,2.247750759124756,,,,3.875,,,,,,,,,
4476000,1119,3.0,,2.179853677749634,,,,3.0,,,,,,,,,
4480000,1120,3.875,,2.0992023944854736,,,,3.875,,,,,,,,,
4484000,1121,3.875,,2.0705509185791016,,,,3.875,,,,,,,,,
4488000,1122,3.5,,2.166214942932129,,,,3.5,,,,,,,,,
4492000,1123,4.125,,2.0889363288879395,,,,4.125,,,,,,,,,
4496000,1124,3.75,,2.096909523010254,,,,3.75,,,,,,,,,
4500000,1125,2.5,,2.2138872146606445,,,,2.5,,,,,,,,,
4504000,1126,3.625,,2.136348247528076,,,,3.625,,,,,,,,,
4508000,1127,3.875,,2.133167266845703,,,,3.875,,,,,,,,,
4512000,1128,4.5,,2.235013008117676,,,,4.5,,,,,,,,,
4516000,1129,4.125,,2.1341850757598877,,,,4.125,,,,,,,,,
4520000,1130,3.375,,2.0451624393463135,,,,3.375,,,,,,,,,
4524000,1131,3.125,,2.1654372215270996,,,,3.125,,,,,,,,,
4528000,1132,3.375,,2.1151790618896484,,,,3.375,,,,,,,,,
4532000,1133,2.875,,2.13425612449646,,,,2.875,,,,,,,,,
4536000,1134,3.375,,2.082822799682617,,,,3.375,,,,,,,,,
4540000,1135,4.0,,2.1043362617492676,,,,4.0,,,,,,,,,
4544000,1136,2.625,,2.053210735321045,,,,2.625,,,,,,,,,
4548000,1137,4.0,,2.0657145977020264,,,,4.0,,,,,,,,,
4552000,1138,3.125,,2.0113205909729004,,,,3.125,,,,,,,,,
4556000,1139,3.125,,2.0344443321228027,,,,3.125,,,,,,,,,
4560000,1140,4.0,,1.9952809810638428,,,,4.0,,,,,,,,,
4564000,1141,3.5,,2.143728256225586,,,,3.5,,,,,,,,,
4568000,1142,3.875,,2.099027156829834,,,,3.875,,,,,,,,,
4572000,1143,4.5,,2.078125476837158,,,,4.5,,,,,,,,,
4576000,1144,3.75,,2.067760944366455,,,,3.75,,,,,,,,,
4580000,1145,3.875,,2.0053768157958984,,,,3.875,,,,,,,,,
4584000,1146,3.875,,2.028203248977661,,,,3.875,,,,,,,,,
4588000,1147,4.125,,2.1712918281555176,,,,4.125,,,,,,,,,
4592000,1148,4.375,,2.0804901123046875,,,,4.375,,,,,,,,,
4596000,1149,3.375,,2.039316415786743,,,,3.375,,,,,,,,,
4600000,1150,3.875,,2.040088176727295,,,,3.875,,,,,,,,,
4604000,1151,3.75,,1.959775447845459,,,,3.75,,,,,,,,,
4608000,1152,4.5,,2.08331561088562,,,,4.5,,,,,,,,,
4612000,1153,3.5,,2.1491549015045166,,,,3.5,,,,,,,,,
4616000,1154,4.625,,2.01595401763916,,,,4.625,,,,,,,,,
4620000,1155,3.75,,2.075507402420044,,,,3.75,,,,,,,,,
4624000,1156,3.25,,1.96857488155365,,,,3.25,,,,,,,,,
4628000,1157,3.25,,2.0158917903900146,,,,3.25,,,,,,,,,
4632000,1158,4.125,,2.049379825592041,,,,4.125,,,,,,,,,
4636000,1159,3.125,,1.9340338706970215,,,,3.125,,,,,,,,,
4640000,1160,2.75,,2.0804896354675293,,,,2.75,,,,,,,,,
4644000,1161,3.75,,1.9854085445404053,,,,3.75,,,,,,,,,
4648000,1162,2.875,,1.8867425918579102,,,,2.875,,,,,,,,,
4652000,1163,3.25,,2.032536506652832,,,,3.25,,,,,,,,,
4656000,1164,3.625,,1.9968773126602173,,,,3.625,,,,,,,,,
4660000,1165,3.5,,2.042936325073242,,,,3.5,,,,,,,,,
4664000,1166,4.125,,1.9889731407165527,,,,4.125,,,,,,,,,
4668000,1167,3.5,,1.9108974933624268,,,,3.5,,,,,,,,,
4672000,1168,3.875,,2.0104434490203857,,,,3.875,,,,,,,,,
4676000,1169,3.875,,1.9728755950927734,,,,3.875,,,,,,,,,
4680000,1170,3.0,,1.9829024076461792,,,,3.0,,,,,,,,,
4684000,1171,3.75,,1.9321210384368896,,,,3.75,,,,,,,,,
4688000,1172,2.625,,2.08598256111145,,,,2.625,,,,,,,,,
4692000,1173,3.125,,1.8864233493804932,,,,3.125,,,,,,,,,
4696000,1174,3.125,,1.994197130203247,,,,3.125,,,,,,,,,
4700000,1175,3.875,,2.0356497764587402,,,,3.875,,,,,,,,,
4704000,1176,3.875,,1.9307141304016113,,,,3.875,,,,,,,,,
4708000,1177,3.875,,1.974990963935852,,,,3.875,,,,,,,,,
4712000,1178,4.0,,1.9040427207946777,,,,4.0,,,,,,,,,
4716000,1179,3.375,,1.9410159587860107,,,,3.375,,,,,,,,,
4720000,1180,3.875,,1.9210090637207031,,,,3.875,,,,,,,,,
4724000,1181,3.5,,1.9228030443191528,,,,3.5,,,,,,,,,
4728000,1182,4.5,,1.8387627601623535,,,,4.5,,,,,,,,,
4732000,1183,3.0,,1.951297402381897,,,,3.0,,,,,,,,,
4736000,1184,3.875,,2.035917282104492,,,,3.875,,,,,,,,,
4740000,1185,3.625,,2.0246148109436035,,,,3.625,,,,,,,,,
4744000,1186,3.875,,1.9514164924621582,,,,3.875,,,,,,,,,
4748000,1187,2.625,,1.9935979843139648,,,,2.625,,,,,,,,,
4752000,1188,2.625,,1.9356638193130493,,,,2.625,,,,,,,,,
4756000,1189,4.5,,1.951042652130127,,,,4.5,,,,,,,,,
4760000,1190,2.875,,1.9612622261047363,,,,2.875,,,,,,,,,
4764000,1191,3.75,,1.9123826026916504,,,,3.75,,,,,,,,,
4768000,1192,3.125,,1.9615920782089233,,,,3.125,,,,,,,,,
4772000,1193,3.75,,1.9878196716308594,,,,3.75,,,,,,,,,
4776000,1194,3.625,,1.8601329326629639,,,,3.625,,,,,,,,,
4780000,1195,3.75,,1.8963770866394043,,,,3.75,,,,,,,,,
4784000,1196,4.0,,1.8891170024871826,,,,4.0,,,,,,,,,
4788000,1197,4.375,,1.9858344793319702,,,,4.375,,,,,,,,,
4792000,1198,4.0,,1.9568560123443604,,,,4.0,,,,,,,,,
4796000,1199,4.375,,1.9469513893127441,,,,4.375,,,,,,,,,
4800000,1200,4.125,,1.935205101966858,,,,4.125,,,,,,,,,
4804000,1201,4.25,,1.9239168167114258,,,,4.25,,,,,,,,,
4808000,1202,3.625,,1.9353795051574707,,,,3.625,,,,,,,,,
4812000,1203,4.375,,1.9293357133865356,,,,4.375,,,,,,,,,
4816000,1204,3.875,,1.883115530014038,,,,3.875,,,,,,,,,
4820000,1205,4.0,,1.8655123710632324,,,,4.0,,,,,,,,,
4824000,1206,3.875,,1.9951221942901611,,,,3.875,,,,,,,,,
4828000,1207,3.25,,1.8677302598953247,,,,3.25,,,,,,,,,
4832000,1208,3.875,,1.9813839197158813,,,,3.875,,,,,,,,,
4836000,1209,4.125,,1.9238120317459106,,,,4.125,,,,,,,,,
4840000,1210,3.875,,1.917201280593872,,,,3.875,,,,,,,,,
4844000,1211,3.375,,1.9382349252700806,,,,3.375,,,,,,,,,
4848000,1212,4.0,,1.9235788583755493,,,,4.0,,,,,,,,,
4852000,1213,4.0,,1.8250247240066528,,,,4.0,,,,,,,,,
4856000,1214,3.75,,1.9235568046569824,,,,3.75,,,,,,,,,
4860000,1215,3.25,,1.954650640487671,,,,3.25,,,,,,,,,
4864000,1216,4.625,,1.900592565536499,,,,4.625,,,,,,,,,
4868000,1217,4.0,,1.8176116943359375,,,,4.0,,,,,,,,,
4872000,1218,3.125,,1.9188945293426514,,,,3.125,,,,,,,,,
4876000,1219,3.5,,1.884206771850586,,,,3.5,,,,,,,,,
4880000,1220,3.875,,1.8748843669891357,,,,3.875,,,,,,,,,
4884000,1221,4.0,,1.8757556676864624,,,,4.0,,,,,,,,,
4888000,1222,4.75,,1.8062742948532104,,,,4.75,,,,,,,,,
4892000,1223,3.875,,1.935271978378296,,,,3.875,,,,,,,,,
4896000,1224,2.875,,1.9597584009170532,,,,2.875,,,,,,,,,
4900000,1225,2.75,,1.8787457942962646,,,,2.75,,,,,,,,,
4904000,1226,4.75,,1.829925775527954,,,,4.75,,,,,,,,,
4908000,1227,3.25,,1.9246270656585693,,,,3.25,,,,,,,,,
4912000,1228,3.5,,1.868072271347046,,,,3.5,,,,,,,,,
4916000,1229,3.875,,1.7752609252929688,,,,3.875,,,,,,,,,
4920000,1230,4.25,,1.7922577857971191,,,,4.25,,,,,,,,,
4924000,1231,4.0,,1.7744908332824707,,,,4.0,,,,,,,,,
4928000,1232,3.5,,1.7969634532928467,,,,3.5,,,,,,,,,
4932000,1233,3.75,,1.7716290950775146,,,,3.75,,,,,,,,,
4936000,1234,3.625,,1.8873896598815918,,,,3.625,,,,,,,,,
4940000,1235,4.375,,1.7698829174041748,,,,4.375,,,,,,,,,
4944000,1236,3.0,,1.871957540512085,,,,3.0,,,,,,,,,
4948000,1237,4.125,,1.9406400918960571,,,,4.125,,,,,,,,,
4952000,1238,3.75,,1.8140729665756226,,,,3.75,,,,,,,,,
4956000,1239,3.75,,1.7923952341079712,,,,3.75,,,,,,,,,
4960000,1240,4.125,,1.7685670852661133,,,,4.125,,,,,,,,,
4964000,1241,3.5,,1.8352380990982056,,,,3.5,,,,,,,,,
4968000,1242,4.0,,1.74302077293396,,,,4.0,,,,,,,,,
4972000,1243,4.0,,1.7929389476776123,,,,4.0,,,,,,,,,
4976000,1244,4.125,,1.8420733213424683,,,,4.125,,,,,,,,,
4980000,1245,3.625,,1.864955186843872,,,,3.625,,,,,,,,,
4984000,1246,4.875,,1.7882239818572998,,,,4.875,,,,,,,,,
4988000,1247,4.0,,1.9277927875518799,,,,4.0,,,,,,,,,
4992000,1248,4.0,,1.7716903686523438,,,,4.0,,,,,,,,,
4996000,1249,4.125,,1.840392827987671,,,,4.125,,,,,,,,,
5000000,1250,3.5,,1.8267786502838135,,,,3.5,,,,,,,,,
5004000,1251,4.5,,1.8372447490692139,,,,4.5,,,,,,,,,
5008000,1252,2.625,,1.772174596786499,,,,2.625,,,,,,,,,
5012000,1253,3.75,,1.7889176607131958,,,,3.75,,,,,,,,,
5016000,1254,3.75,,1.8119699954986572,,,,3.75,,,,,,,,,
5020000,1255,4.5,,1.7629103660583496,,,,4.5,,,,,,,,,
5024000,1256,3.0,,1.7525608539581299,,,,3.0,,,,,,,,,
5028000,1257,3.875,,1.8335330486297607,,,,3.875,,,,,,,,,
5032000,1258,3.75,,1.8534514904022217,,,,3.75,,,,,,,,,
5036000,1259,3.875,,1.8284293413162231,,,,3.875,,,,,,,,,
5040000,1260,3.375,,1.8032339811325073,,,,3.375,,,,,,,,,
5044000,1261,4.5,,1.9431049823760986,,,,4.5,,,,,,,,,
5048000,1262,3.375,,1.7869768142700195,,,,3.375,,,,,,,,,
5052000,1263,3.25,,1.784891963005066,,,,3.25,,,,,,,,,
5056000,1264,3.25,,1.7641198635101318,,,,3.25,,,,,,,,,
5060000,1265,3.625,,1.7135043144226074,,,,3.625,,,,,,,,,
5064000,1266,3.25,,1.743312954902649,,,,3.25,,,,,,,,,
5068000,1267,4.0,,1.7968906164169312,,,,4.0,,,,,,,,,
5072000,1268,3.0,,1.7390170097351074,,,,3.0,,,,,,,,,
5076000,1269,3.875,,1.7474313974380493,,,,3.875,,,,,,,,,
5080000,1270,3.5,,1.8166561126708984,,,,3.5,,,,,,,,,
5084000,1271,3.5,,1.803862452507019,,,,3.5,,,,,,,,,
5088000,1272,3.5,,1.8655848503112793,,,,3.5,,,,,,,,,
5092000,1273,3.5,,1.7418811321258545,,,,3.5,,,,,,,,,
5096000,1274,3.125,,1.7787024974822998,,,,3.125,,,,,,,,,
5100000,1275,3.75,,1.8088927268981934,,,,3.75,,,,,,,,,
5104000,1276,3.625,,1.7780060768127441,,,,3.625,,,,,,,,,
5108000,1277,3.125,,1.7442541122436523,,,,3.125,,,,,,,,,
5112000,1278,3.25,,1.6790525913238525,,,,3.25,,,,,,,,,
5116000,1279,4.0,,1.8213746547698975,,,,4.0,,,,,,,,,
5120000,1280,3.875,,1.7852778434753418,,,,3.875,,,,,,,,,
5124000,1281,3.5,,1.7265108823776245,,,,3.5,,,,,,,,,
5128000,1282,4.0,,1.7531466484069824,,,,4.0,,,,,,,,,
5132000,1283,3.875,,1.7290680408477783,,,,3.875,,,,,,,,,
5136000,1284,3.5,,1.8018126487731934,,,,3.5,,,,,,,,,
5140000,1285,3.0,,1.7650761604309082,,,,3.0,,,,,,,,,
5144000,1286,2.75,,1.7553014755249023,,,,2.75,,,,,,,,,
5148000,1287,3.125,,1.8157943487167358,,,,3.125,,,,,,,,,
5152000,1288,4.625,,1.6981186866760254,,,,4.625,,,,,,,,,
5156000,1289,4.0,,1.7250378131866455,,,,4.0,,,,,,,,,
5160000,1290,3.75,,1.7264540195465088,,,,3.75,,,,,,,,,
5164000,1291,2.875,,1.810847282409668,,,,2.875,,,,,,,,,
5168000,1292,3.625,,1.7608979940414429,,,,3.625,,,,,,,,,
5172000,1293,4.25,,1.7746576070785522,,,,4.25,,,,,,,,,
5176000,1294,3.25,,1.727569580078125,,,,3.25,,,,,,,,,
5180000,1295,4.0,,1.7863655090332031,,,,4.0,,,,,,,,,
5184000,1296,3.75,,1.7659229040145874,,,,3.75,,,,,,,,,
5188000,1297,3.875,,1.7350870370864868,,,,3.875,,,,,,,,,
5192000,1298,4.0,,1.738792896270752,,,,4.0,,,,,,,,,
5196000,1299,2.875,,1.75798761844635,,,,2.875,,,,,,,,,
5200000,1300,3.5,,1.6614311933517456,,,,3.5,,,,,,,,,
5204000,1301,3.125,,1.7062292098999023,,,,3.125,,,,,,,,,
5208000,1302,3.75,,1.6412047147750854,,,,3.75,,,,,,,,,
5212000,1303,3.875,,1.8000179529190063,,,,3.875,,,,,,,,,
5216000,1304,3.625,,1.736177682876587,,,,3.625,,,,,,,,,
5220000,1305,3.125,,1.7476966381072998,,,,3.125,,,,,,,,,
5224000,1306,2.625,,1.6971505880355835,,,,2.625,,,,,,,,,
5228000,1307,3.125,,1.6933560371398926,,,,3.125,,,,,,,,,
5232000,1308,2.875,,1.6893019676208496,,,,2.875,,,,,,,,,
5236000,1309,4.125,,1.7069522142410278,,,,4.125,,,,,,,,,
5240000,1310,4.125,,1.6625860929489136,,,,4.125,,,,,,,,,
5244000,1311,4.375,,1.669779896736145,,,,4.375,,,,,,,,,
5248000,1312,3.125,,1.7509690523147583,,,,3.125,,,,,,,,,
5252000,1313,4.25,,1.7601020336151123,,,,4.25,,,,,,,,,
5256000,1314,3.5,,1.7623534202575684,,,,3.5,,,,,,,,,
5260000,1315,4.25,,1.6416516304016113,,,,4.25,,,,,,,,,
5264000,1316,3.25,,1.7439193725585938,,,,3.25,,,,,,,,,
5268000,1317,4.375,,1.7067859172821045,,,,4.375,,,,,,,,,
5272000,1318,2.875,,1.6666181087493896,,,,2.875,,,,,,,,,
5276000,1319,3.75,,1.6631840467453003,,,,3.75,,,,,,,,,
5280000,1320,3.0,,1.6644407510757446,,,,3.0,,,,,,,,,
5284000,1321,3.375,,1.702844500541687,,,,3.375,,,,,,,,,
5288000,1322,3.5,,1.6870135068893433,,,,3.5,,,,,,,,,
5292000,1323,3.625,,1.7240386009216309,,,,3.625,,,,,,,,,
5296000,1324,3.5,,1.7170048952102661,,,,3.5,,,,,,,,,
5300000,1325,4.125,,1.7591533660888672,,,,4.125,,,,,,,,,
5304000,1326,3.25,,1.679961085319519,,,,3.25,,,,,,,,,
5308000,1327,3.875,,1.6703205108642578,,,,3.875,,,,,,,,,
5312000,1328,5.0,,1.6300891637802124,,,,5.0,,,,,,,,,
5316000,1329,4.0,,1.5970876216888428,,,,4.0,,,,,,,,,
5320000,1330,4.0,,1.6737653017044067,,,,4.0,,,,,,,,,
5324000,1331,3.75,,1.6692967414855957,,,,3.75,,,,,,,,,
5328000,1332,3.75,,1.718719482421875,,,,3.75,,,,,,,,,
5332000,1333,4.0,,1.6812500953674316,,,,4.0,,,,,,,,,
5336000,1334,3.875,,1.6652648448944092,,,,3.875,,,,,,,,,
5340000,1335,3.375,,1.7181594371795654,,,,3.375,,,,,,,,,
5344000,1336,4.375,,1.6700708866119385,,,,4.375,,,,,,,,,
5348000,1337,3.375,,1.6631810665130615,,,,3.375,,,,,,,,,
5352000,1338,3.875,,1.6210483312606812,,,,3.875,,,,,,,,,
5356000,1339,4.125,,1.640287160873413,,,,4.125,,,,,,,,,
5360000,1340,3.875,,1.618318796157837,,,,3.875,,,,,,,,,
5364000,1341,3.5,,1.7365176677703857,,,,3.5,,,,,,,,,
5368000,1342,4.5,,1.6951887607574463,,,,4.5,,,,,,,,,
5372000,1343,4.625,,1.6978001594543457,,,,4.625,,,,,,,,,
5376000,1344,3.5,,1.6004998683929443,,,,3.5,,,,,,,,,
5380000,1345,5.0,,1.6579363346099854,,,,5.0,,,,,,,,,
5384000,1346,4.75,,1.6172478199005127,,,,4.75,,,,,,,,,
5388000,1347,3.375,,1.6160614490509033,,,,3.375,,,,,,,,,
5392000,1348,3.375,,1.7043447494506836,,,,3.375,,,,,,,,,
5396000,1349,3.625,,1.7634258270263672,,,,3.625,,,,,,,,,
5400000,1350,3.5,,1.7586450576782227,,,,3.5,,,,,,,,,
5404000,1351,3.625,,1.6449227333068848,,,,3.625,,,,,,,,,
5408000,1352,4.375,,1.7435245513916016,,,,4.375,,,,,,,,,
5412000,1353,3.5,,1.6012506484985352,,,,3.5,,,,,,,,,
5416000,1354,4.375,,1.715637445449829,,,,4.375,,,,,,,,,
5420000,1355,3.875,,1.6378095149993896,,,,3.875,,,,,,,,,
5424000,1356,4.0,,1.651878833770752,,,,4.0,,,,,,,,,
5428000,1357,3.625,,1.5899310111999512,,,,3.625,,,,,,,,,
5432000,1358,3.625,,1.6729376316070557,,,,3.625,,,,,,,,,
5436000,1359,3.875,,1.6640126705169678,,,,3.875,,,,,,,,,
5440000,1360,4.25,,1.6775851249694824,,,,4.25,,,,,,,,,
5444000,1361,4.0,,1.6888689994812012,,,,4.0,,,,,,,,,
5448000,1362,3.375,,1.670444130897522,,,,3.375,,,,,,,,,
5452000,1363,4.25,,1.6410503387451172,,,,4.25,,,,,,,,,
5456000,1364,3.375,,1.6873321533203125,,,,3.375,,,,,,,,,
5460000,1365,3.625,,1.5802712440490723,,,,3.625,,,,,,,,,
5464000,1366,4.125,,1.6657729148864746,,,,4.125,,,,,,,,,
5468000,1367,4.0,,1.676896333694458,,,,4.0,,,,,,,,,
5472000,1368,3.25,,1.6572229862213135,,,,3.25,,,,,,,,,
5476000,1369,3.375,,1.603637456893921,,,,3.375,,,,,,,,,
5480000,1370,3.375,,1.5803687572479248,,,,3.375,,,,,,,,,
5484000,1371,3.5,,1.6880452632904053,,,,3.5,,,,,,,,,
5488000,1372,3.75,,1.5755442380905151,,,,3.75,,,,,,,,,
5492000,1373,4.5,,1.6631429195404053,,,,4.5,,,,,,,,,
5496000,1374,3.75,,1.6165512800216675,,,,3.75,,,,,,,,,
5500000,1375,4.375,,1.6204307079315186,,,,4.375,,,,,,,,,
5504000,1376,4.5,,1.678236961364746,,,,4.5,,,,,,,,,
5508000,1377,4.0,,1.6613749265670776,,,,4.0,,,,,,,,,
5512000,1378,4.0,,1.509418249130249,,,,4.0,,,,,,,,,
5516000,1379,3.75,,1.5657984018325806,,,,3.75,,,,,,,,,
5520000,1380,3.625,,1.5066657066345215,,,,3.625,,,,,,,,,
5524000,1381,4.625,,1.6566208600997925,,,,4.625,,,,,,,,,
5528000,1382,3.875,,1.6824761629104614,,,,3.875,,,,,,,,,
5532000,1383,4.5,,1.6188633441925049,,,,4.5,,,,,,,,,
5536000,1384,3.75,,1.5573068857192993,,,,3.75,,,,,,,,,
5540000,1385,4.5,,1.5985020399093628,,,,4.5,,,,,,,,,
5544000,1386,3.625,,1.5470356941223145,,,,3.625,,,,,,,,,
5548000,1387,3.25,,1.6483643054962158,,,,3.25,,,,,,,,,
5552000,1388,4.5,,1.6110292673110962,,,,4.5,,,,,,,,,
5556000,1389,4.75,,1.6367462873458862,,,,4.75,,,,,,,,,
5560000,1390,3.75,,1.585532784461975,,,,3.75,,,,,,,,,
5564000,1391,4.75,,1.598585844039917,,,,4.75,,,,,,,,,
5568000,1392,4.25,,1.6014378070831299,,,,4.25,,,,,,,,,
5572000,1393,3.875,,1.6262903213500977,,,,3.875,,,,,,,,,
5576000,1394,4.125,,1.6694879531860352,,,,4.125,,,,,,,,,
5580000,1395,3.375,,1.6568148136138916,,,,3.375,,,,,,,,,
5584000,1396,3.625,,1.622917890548706,,,,3.625,,,,,,,,,
5588000,1397,3.75,,1.6050572395324707,,,,3.75,,,,,,,,,
5592000,1398,4.125,,1.6401755809783936,,,,4.125,,,,,,,,,
5596000,1399,3.625,,1.6368279457092285,,,,3.625,,,,,,,,,
5600000,1400,4.375,,1.7126924991607666,,,,4.375,,,,,,,,,
5604000,1401,4.375,,nan,,,,4.375,,,,,,,,,
5608000,1402,4.25,,nan,,,,4.25,,,,,,,,,
5612000,1403,4.25,,nan,,,,4.25,,,,,,,,,
5616000,1404,4.125,,1.781318187713623,,,,4.125,,,,,,,,,
5620000,1405,3.5,,1.792223572731018,,,,3.5,,,,,,,,,
5624000,1406,2.375,,1.6247557401657104,,,,2.375,,,,,,,,,
5628000,1407,4.25,,1.6637513637542725,,,,4.25,,,,,,,,,
5632000,1408,3.75,,1.6816620826721191,,,,3.75,,,,,,,,,
5636000,1409,2.625,,1.6180100440979004,,,,2.625,,,,,,,,,
5640000,1410,3.75,,1.64659583568573,,,,3.75,,,,,,,,,
5644000,1411,3.0,,1.5392730236053467,,,,3.0,,,,,,,,,
5648000,1412,2.75,,1.4637343883514404,,,,2.75,,,,,,,,,
5652000,1413,2.5,,1.5576019287109375,,,,2.5,,,,,,,,,
5656000,1414,3.375,,1.4749722480773926,,,,3.375,,,,,,,,,
5660000,1415,3.125,,1.4943339824676514,,,,3.125,,,,,,,,,
5664000,1416,2.75,,1.523353099822998,,,,2.75,,,,,,,,,
5668000,1417,2.875,,1.5041372776031494,,,,2.875,,,,,,,,,
5672000,1418,2.0,,1.42693030834198,,,,2.0,,,,,,,,,
5676000,1419,1.25,,1.4296177625656128,,,,1.25,,,,,,,,,
5680000,1420,2.375,,1.2822058200836182,,,,2.375,,,,,,,,,
5684000,1421,3.0,,1.3138065338134766,,,,3.0,,,,,,,,,
5688000,1422,2.875,,1.353840947151184,,,,2.875,,,,,,,,,
5692000,1423,3.375,,1.4291987419128418,,,,3.375,,,,,,,,,
5696000,1424,3.5,,1.4148788452148438,,,,3.5,,,,,,,,,
5700000,1425,3.125,,1.3293545246124268,,,,3.125,,,,,,,,,
5704000,1426,3.375,,1.4057953357696533,,,,3.375,,,,,,,,,
5708000,1427,3.875,,1.3527824878692627,,,,3.875,,,,,,,,,
5712000,1428,2.25,,1.3822330236434937,,,,2.25,,,,,,,,,
5716000,1429,4.0,,1.3694168329238892,,,,4.0,,,,,,,,,
5720000,1430,3.5,,1.4742960929870605,,,,3.5,,,,,,,,,
5724000,1431,2.375,,1.3827013969421387,,,,2.375,,,,,,,,,
5728000,1432,3.5,,1.4175469875335693,,,,3.5,,,,,,,,,
5732000,1433,4.125,,1.418407917022705,,,,4.125,,,,,,,,,
5736000,1434,4.25,,1.3946163654327393,,,,4.25,,,,,,,,,
5740000,1435,3.75,,1.4193446636199951,,,,3.75,,,,,,,,,
5744000,1436,4.25,,1.3646332025527954,,,,4.25,,,,,,,,,
5748000,1437,4.875,,1.3507542610168457,,,,4.875,,,,,,,,,
5752000,1438,4.125,,1.3263802528381348,,,,4.125,,,,,,,,,
5756000,1439,4.125,,1.3887996673583984,,,,4.125,,,,,,,,,
5760000,1440,4.625,,1.50067138671875,,,,4.625,,,,,,,,,
5764000,1441,3.875,,1.4259979724884033,,,,3.875,,,,,,,,,
5768000,1442,4.125,,1.504793643951416,,,,4.125,,,,,,,,,
5772000,1443,4.375,,1.400646448135376,,,,4.375,,,,,,,,,
5776000,1444,4.5,,1.4781363010406494,,,,4.5,,,,,,,,,
5780000,1445,4.375,,1.4229556322097778,,,,4.375,,,,,,,,,
5784000,1446,4.0,,1.4049464464187622,,,,4.0,,,,,,,,,
5788000,1447,4.25,,1.4672229290008545,,,,4.25,,,,,,,,,
5792000,1448,4.125,,1.5123112201690674,,,,4.125,,,,,,,,,
5796000,1449,4.625,,1.5972838401794434,,,,4.625,,,,,,,,,
5800000,1450,4.0,,1.516871690750122,,,,4.0,,,,,,,,,
5804000,1451,4.625,,1.4855968952178955,,,,4.625,,,,,,,,,
5808000,1452,4.875,,1.4877731800079346,,,,4.875,,,,,,,,,
5812000,1453,4.0,,1.472205638885498,,,,4.0,,,,,,,,,
5816000,1454,4.75,,1.5068168640136719,,,,4.75,,,,,,,,,
5820000,1455,3.375,,1.6048831939697266,,,,3.375,,,,,,,,,
5824000,1456,4.375,,1.5408329963684082,,,,4.375,,,,,,,,,
5828000,1457,3.625,,1.5217046737670898,,,,3.625,,,,,,,,,
5832000,1458,4.125,,1.5492966175079346,,,,4.125,,,,,,,,,
5836000,1459,4.0,,1.623708963394165,,,,4.0,,,,,,,,,
5840000,1460,3.25,,1.6328285932540894,,,,3.25,,,,,,,,,
5844000,1461,3.875,,1.5367372035980225,,,,3.875,,,,,,,,,
5848000,1462,4.375,,1.487036943435669,,,,4.375,,,,,,,,,
5852000,1463,3.875,,1.5045199394226074,,,,3.875,,,,,,,,,
5856000,1464,4.375,,1.5927937030792236,,,,4.375,,,,,,,,,
5860000,1465,4.5,,1.6005346775054932,,,,4.5,,,,,,,,,
5864000,1466,5.0,,1.5652079582214355,,,,5.0,,,,,,,,,
5868000,1467,5.375,,1.6141223907470703,,,,5.375,,,,,,,,,
5872000,1468,4.25,,1.5920451879501343,,,,4.25,,,,,,,,,
5876000,1469,4.0,,1.5096001625061035,,,,4.0,,,,,,,,,
5880000,1470,4.25,,1.5669662952423096,,,,4.25,,,,,,,,,
5884000,1471,4.125,,1.5917384624481201,,,,4.125,,,,,,,,,
5888000,1472,3.75,,1.5569140911102295,,,,3.75,,,,,,,,,
5892000,1473,4.625,,1.5928590297698975,,,,4.625,,,,,,,,,
5896000,1474,4.375,,1.552924394607544,,,,4.375,,,,,,,,,
5900000,1475,3.625,,1.5951460599899292,,,,3.625,,,,,,,,,
5904000,1476,5.125,,1.6140258312225342,,,,5.125,,,,,,,,,
5908000,1477,4.375,,1.6320561170578003,,,,4.375,,,,,,,,,
5912000,1478,5.125,,1.513110876083374,,,,5.125,,,,,,,,,
5916000,1479,3.875,,1.6137847900390625,,,,3.875,,,,,,,,,
5920000,1480,3.5,,1.6323606967926025,,,,3.5,,,,,,,,,
5924000,1481,4.375,,1.6012483835220337,,,,4.375,,,,,,,,,
5928000,1482,4.125,,1.565069556236267,,,,4.125,,,,,,,,,
5932000,1483,3.5,,1.5812537670135498,,,,3.5,,,,,,,,,
5936000,1484,3.625,,1.608867883682251,,,,3.625,,,,,,,,,
5940000,1485,5.25,,1.5830025672912598,,,,5.25,,,,,,,,,
5944000,1486,3.625,,1.5340111255645752,,,,3.625,,,,,,,,,
5948000,1487,4.5,,1.5786547660827637,,,,4.5,,,,,,,,,
5952000,1488,4.875,,1.586503505706787,,,,4.875,,,,,,,,,
5956000,1489,4.125,,1.6720415353775024,,,,4.125,,,,,,,,,
5960000,1490,3.625,,1.5704190731048584,,,,3.625,,,,,,,,,
5964000,1491,4.25,,1.599522590637207,,,,4.25,,,,,,,,,
5968000,1492,5.0,,1.573420524597168,,,,5.0,,,,,,,,,
5972000,1493,4.0,,1.6334164142608643,,,,4.0,,,,,,,,,
5976000,1494,5.125,,1.5755536556243896,,,,5.125,,,,,,,,,
5980000,1495,4.75,,1.6558575630187988,,,,4.75,,,,,,,,,
5984000,1496,3.5,,1.6041057109832764,,,,3.5,,,,,,,,,
5988000,1497,3.75,,1.6113755702972412,,,,3.75,,,,,,,,,
5992000,1498,4.125,,1.6606732606887817,,,,4.125,,,,,,,,,
5996000,1499,4.0,,1.5901744365692139,,,,4.0,,,,,,,,,
6000000,1500,3.75,,1.6881786584854126,,,,3.75,,,,,,,,,
6004000,1501,3.5,,1.600699543952942,,,,3.5,,,,,,,,,
6008000,1502,4.375,,1.6122219562530518,,,,4.375,,,,,,,,,
6012000,1503,3.0,,1.6075284481048584,,,,3.0,,,,,,,,,
6016000,1504,4.5,,1.6344563961029053,,,,4.5,,,,,,,,,
6020000,1505,3.75,,1.5588128566741943,,,,3.75,,,,,,,,,
6024000,1506,4.0,,1.6988377571105957,,,,4.0,,,,,,,,,
6028000,1507,4.375,,1.5950599908828735,,,,4.375,,,,,,,,,
6032000,1508,5.125,,1.5360740423202515,,,,5.125,,,,,,,,,
6036000,1509,5.875,,1.584756851196289,,,,5.875,,,,,,,,,
6040000,1510,5.125,,1.5870245695114136,,,,5.125,,,,,,,,,
6044000,1511,5.125,,1.6396857500076294,,,,5.125,,,,,,,,,
6048000,1512,4.375,,1.6241891384124756,,,,4.375,,,,,,,,,
6052000,1513,4.625,,1.6235672235488892,,,,4.625,,,,,,,,,
6056000,1514,4.25,,1.6922647953033447,,,,4.25,,,,,,,,,
6060000,1515,4.5,,1.5703015327453613,,,,4.5,,,,,,,,,
6064000,1516,4.875,,1.6641838550567627,,,,4.875,,,,,,,,,
6068000,1517,3.875,,1.6082789897918701,,,,3.875,,,,,,,,,
6072000,1518,4.25,,1.5585792064666748,,,,4.25,,,,,,,,,
6076000,1519,5.75,,1.5614807605743408,,,,5.75,,,,,,,,,
6080000,1520,4.25,,1.6093394756317139,,,,4.25,,,,,,,,,
6084000,1521,5.0,,1.6298277378082275,,,,5.0,,,,,,,,,
6088000,1522,5.375,,1.598813772201538,,,,5.375,,,,,,,,,
6092000,1523,4.625,,1.6332521438598633,,,,4.625,,,,,,,,,
6096000,1524,5.375,,1.6417887210845947,,,,5.375,,,,,,,,,
6100000,1525,5.875,,1.6859495639801025,,,,5.875,,,,,,,,,
6104000,1526,4.75,,1.6593928337097168,,,,4.75,,,,,,,,,
6108000,1527,5.0,,1.6359453201293945,,,,5.0,,,,,,,,,
6112000,1528,4.75,,1.5160882472991943,,,,4.75,,,,,,,,,
6116000,1529,5.25,,1.6713674068450928,,,,5.25,,,,,,,,,
6120000,1530,5.25,,1.7129446268081665,,,,5.25,,,,,,,,,
6124000,1531,4.75,,1.6878023147583008,,,,4.75,,,,,,,,,
6128000,1532,5.375,,1.6542607545852661,,,,5.375,,,,,,,,,
6132000,1533,6.25,,1.6424200534820557,,,,6.25,,,,,,,,,
6136000,1534,5.125,,1.6815402507781982,,,,5.125,,,,,,,,,
6140000,1535,4.375,,1.6331427097320557,,,,4.375,,,,,,,,,
6144000,1536,5.25,,1.7094610929489136,,,,5.25,,,,,,,,,
6148000,1537,3.75,,1.664553165435791,,,,3.75,,,,,,,,,
6152000,1538,4.375,,1.7538143396377563,,,,4.375,,,,,,,,,
6156000,1539,5.125,,1.6708340644836426,,,,5.125,,,,,,,,,
6160000,1540,6.375,,1.6961665153503418,,,,6.375,,,,,,,,,
6164000,1541,4.125,,1.744348406791687,,,,4.125,,,,,,,,,
6168000,1542,6.125,,1.7502142190933228,,,,6.125,,,,,,,,,
6172000,1543,4.125,,1.6275171041488647,,,,4.125,,,,,,,,,
6176000,1544,4.0,,1.6755585670471191,,,,4.0,,,,,,,,,
6180000,1545,4.75,,1.7595775127410889,,,,4.75,,,,,,,,,
6184000,1546,4.0,,1.762786865234375,,,,4.0,,,,,,,,,
6188000,1547,4.125,,1.7236627340316772,,,,4.125,,,,,,,,,
6192000,1548,5.0,,1.6795785427093506,,,,5.0,,,,,,,,,
6196000,1549,4.0,,1.759376049041748,,,,4.0,,,,,,,,,
6200000,1550,4.125,,1.723583459854126,,,,4.125,,,,,,,,,
6204000,1551,4.375,,1.81085205078125,,,,4.375,,,,,,,,,
6208000,1552,4.5,,1.7205660343170166,,,,4.5,,,,,,,,,
6212000,1553,4.625,,1.7290198802947998,,,,4.625,,,,,,,,,
6216000,1554,4.125,,1.7409350872039795,,,,4.125,,,,,,,,,
6220000,1555,4.5,,1.786541223526001,,,,4.5,,,,,,,,,
6224000,1556,4.625,,1.748166799545288,,,,4.625,,,,,,,,,
6228000,1557,4.125,,1.734073281288147,,,,4.125,,,,,,,,,
6232000,1558,5.0,,1.7724990844726562,,,,5.0,,,,,,,,,
6236000,1559,4.25,,1.706374168395996,,,,4.25,,,,,,,,,
6240000,1560,4.375,,1.7412092685699463,,,,4.375,,,,,,,,,
6244000,1561,4.5,,1.8307664394378662,,,,4.5,,,,,,,,,
6248000,1562,5.25,,1.7661442756652832,,,,5.25,,,,,,,,,
6252000,1563,4.25,,1.674256443977356,,,,4.25,,,,,,,,,
6256000,1564,4.125,,1.7383229732513428,,,,4.125,,,,,,,,,
6260000,1565,3.875,,1.8155218362808228,,,,3.875,,,,,,,,,
6264000,1566,4.125,,1.8116004467010498,,,,4.125,,,,,,,,,
6268000,1567,4.875,,1.7918428182601929,,,,4.875,,,,,,,,,
6272000,1568,4.625,,1.811260461807251,,,,4.625,,,,,,,,,
6276000,1569,4.25,,1.7406823635101318,,,,4.25,,,,,,,,,
6280000,1570,4.75,,1.7048530578613281,,,,4.75,,,,,,,,,
6284000,1571,5.75,,1.7829058170318604,,,,5.75,,,,,,,,,
6288000,1572,3.375,,1.8595330715179443,,,,3.375,,,,,,,,,
6292000,1573,5.375,,1.7683085203170776,,,,5.375,,,,,,,,,
6296000,1574,4.75,,1.8124868869781494,,,,4.75,,,,,,,,,
6300000,1575,3.25,,1.8254387378692627,,,,3.25,,,,,,,,,
6304000,1576,4.25,,1.7711207866668701,,,,4.25,,,,,,,,,
6308000,1577,4.875,,1.7802684307098389,,,,4.875,,,,,,,,,
6312000,1578,3.625,,1.7859936952590942,,,,3.625,,,,,,,,,
6316000,1579,4.5,,1.7663967609405518,,,,4.5,,,,,,,,,
6320000,1580,4.375,,1.7313430309295654,,,,4.375,,,,,,,,,
6324000,1581,5.125,,1.72221040725708,,,,5.125,,,,,,,,,
6328000,1582,4.875,,1.7623727321624756,,,,4.875,,,,,,,,,
6332000,1583,4.125,,1.7431769371032715,,,,4.125,,,,,,,,,
6336000,1584,5.25,,1.7729640007019043,,,,5.25,,,,,,,,,
6340000,1585,4.375,,1.727751612663269,,,,4.375,,,,,,,,,
6344000,1586,4.375,,1.6583733558654785,,,,4.375,,,,,,,,,
6348000,1587,3.75,,1.7729058265686035,,,,3.75,,,,,,,,,
6352000,1588,3.25,,1.7290470600128174,,,,3.25,,,,,,,,,
6356000,1589,4.25,,1.7150015830993652,,,,4.25,,,,,,,,,
6360000,1590,4.0,,1.69321608543396,,,,4.0,,,,,,,,,
6364000,1591,3.875,,1.762209415435791,,,,3.875,,,,,,,,,
6368000,1592,3.625,,1.7913084030151367,,,,3.625,,,,,,,,,
6372000,1593,3.25,,1.7119140625,,,,3.25,,,,,,,,,
6376000,1594,4.75,,1.792160153388977,,,,4.75,,,,,,,,,
6380000,1595,5.375,,1.6683155298233032,,,,5.375,,,,,,,,,
6384000,1596,3.875,,1.812995195388794,,,,3.875,,,,,,,,,
6388000,1597,3.25,,1.6919846534729004,,,,3.25,,,,,,,,,
6392000,1598,3.875,,1.812494158744812,,,,3.875,,,,,,,,,
6396000,1599,4.0,,1.7860443592071533,,,,4.0,,,,,,,,,
6400000,1600,4.5,,1.6714612245559692,,,,4.5,,,,,,,,,
6404000,1601,3.75,,1.6660321950912476,,,,3.75,,,,,,,,,
6408000,1602,4.75,,1.6776225566864014,,,,4.75,,,,,,,,,
6412000,1603,4.25,,1.6441601514816284,,,,4.25,,,,,,,,,
6416000,1604,3.25,,1.7369612455368042,,,,3.25,,,,,,,,,
6420000,1605,5.125,,1.6826672554016113,,,,5.125,,,,,,,,,
6424000,1606,3.75,,1.676987886428833,,,,3.75,,,,,,,,,
6428000,1607,4.5,,1.6672077178955078,,,,4.5,,,,,,,,,
6432000,1608,4.0,,1.720348834991455,,,,4.0,,,,,,,,,
6436000,1609,4.875,,1.676501750946045,,,,4.875,,,,,,,,,
6440000,1610,4.25,,1.671790599822998,,,,4.25,,,,,,,,,
6444000,1611,4.375,,1.8004412651062012,,,,4.375,,,,,,,,,
6448000,1612,4.625,,1.817687749862671,,,,4.625,,,,,,,,,
6452000,1613,4.625,,1.6781916618347168,,,,4.625,,,,,,,,,
6456000,1614,4.875,,1.6194589138031006,,,,4.875,,,,,,,,,
6460000,1615,4.625,,1.7324693202972412,,,,4.625,,,,,,,,,
6464000,1616,4.375,,1.685551404953003,,,,4.375,,,,,,,,,
6468000,1617,4.75,,1.770340919494629,,,,4.75,,,,,,,,,
6472000,1618,5.0,,1.7462646961212158,,,,5.0,,,,,,,,,
6476000,1619,4.125,,1.7457000017166138,,,,4.125,,,,,,,,,
6480000,1620,5.375,,1.6667495965957642,,,,5.375,,,,,,,,,
6484000,1621,4.125,,1.7564375400543213,,,,4.125,,,,,,,,,
6488000,1622,4.375,,1.6675137281417847,,,,4.375,,,,,,,,,
6492000,1623,4.5,,1.7994575500488281,,,,4.5,,,,,,,,,
6496000,1624,4.75,,1.6934771537780762,,,,4.75,,,,,,,,,
6500000,1625,4.25,,1.6982245445251465,,,,4.25,,,,,,,,,
6504000,1626,4.125,,1.6944431066513062,,,,4.125,,,,,,,,,
6508000,1627,4.625,,1.594747543334961,,,,4.625,,,,,,,,,
6512000,1628,4.375,,1.736340045928955,,,,4.375,,,,,,,,,
6516000,1629,4.625,,1.7229595184326172,,,,4.625,,,,,,,,,
6520000,1630,4.0,,1.7049267292022705,,,,4.0,,,,,,,,,
6524000,1631,5.0,,1.8042856454849243,,,,5.0,,,,,,,,,
6528000,1632,3.5,,1.729365587234497,,,,3.5,,,,,,,,,
6532000,1633,3.125,,1.77378249168396,,,,3.125,,,,,,,,,
6536000,1634,4.625,,1.758235216140747,,,,4.625,,,,,,,,,
6540000,1635,4.25,,1.713104009628296,,,,4.25,,,,,,,,,
6544000,1636,4.75,,1.7640410661697388,,,,4.75,,,,,,,,,
6548000,1637,4.375,,1.7161023616790771,,,,4.375,,,,,,,,,
6552000,1638,5.375,,1.704003095626831,,,,5.375,,,,,,,,,
6556000,1639,4.0,,1.6190547943115234,,,,4.0,,,,,,,,,
6560000,1640,3.875,,1.6566188335418701,,,,3.875,,,,,,,,,
6564000,1641,4.375,,1.629990816116333,,,,4.375,,,,,,,,,
6568000,1642,4.625,,1.6852037906646729,,,,4.625,,,,,,,,,
6572000,1643,3.625,,1.6615889072418213,,,,3.625,,,,,,,,,
6576000,1644,3.75,,1.7814667224884033,,,,3.75,,,,,,,,,
6580000,1645,4.875,,1.647326946258545,,,,4.875,,,,,,,,,
6584000,1646,4.5,,1.6955156326293945,,,,4.5,,,,,,,,,
6588000,1647,4.25,,1.692124843597412,,,,4.25,,,,,,,,,
6592000,1648,4.25,,1.7069685459136963,,,,4.25,,,,,,,,,
6596000,1649,4.125,,1.6905698776245117,,,,4.125,,,,,,,,,
6600000,1650,4.375,,1.5824335813522339,,,,4.375,,,,,,,,,
6604000,1651,4.125,,1.6011368036270142,,,,4.125,,,,,,,,,
6608000,1652,5.0,,1.6441479921340942,,,,5.0,,,,,,,,,
6612000,1653,4.875,,1.7163151502609253,,,,4.875,,,,,,,,,
6616000,1654,4.875,,1.571441888809204,,,,4.875,,,,,,,,,
6620000,1655,4.25,,1.6634804010391235,,,,4.25,,,,,,,,,
6624000,1656,3.625,,1.5083343982696533,,,,3.625,,,,,,,,,
6628000,1657,4.5,,1.5743372440338135,,,,4.5,,,,,,,,,
6632000,1658,4.75,,1.6674879789352417,,,,4.75,,,,,,,,,
6636000,1659,4.0,,1.6444865465164185,,,,4.0,,,,,,,,,
6640000,1660,5.25,,1.556647777557373,,,,5.25,,,,,,,,,
6644000,1661,3.5,,1.6662487983703613,,,,3.5,,,,,,,,,
6648000,1662,4.75,,1.6653616428375244,,,,4.75,,,,,,,,,
6652000,1663,4.0,,1.5599100589752197,,,,4.0,,,,,,,,,
6656000,1664,3.0,,1.6052781343460083,,,,3.0,,,,,,,,,
6660000,1665,5.0,,1.58750581741333,,,,5.0,,,,,,,,,
6664000,1666,5.625,,1.6850531101226807,,,,5.625,,,,,,,,,
6668000,1667,4.0,,1.5236473083496094,,,,4.0,,,,,,,,,
6672000,1668,5.25,,1.5924129486083984,,,,5.25,,,,,,,,,
6676000,1669,5.75,,1.5642075538635254,,,,5.75,,,,,,,,,
6680000,1670,4.125,,1.5693886280059814,,,,4.125,,,,,,,,,
6684000,1671,5.875,,1.656893014907837,,,,5.875,,,,,,,,,
6688000,1672,5.375,,1.6264240741729736,,,,5.375,,,,,,,,,
6692000,1673,5.375,,1.5511062145233154,,,,5.375,,,,,,,,,
6696000,1674,4.625,,1.5783188343048096,,,,4.625,,,,,,,,,
6700000,1675,4.375,,1.63179349899292,,,,4.375,,,,,,,,,
6704000,1676,4.625,,1.6475621461868286,,,,4.625,,,,,,,,,
6708000,1677,4.5,,1.5979020595550537,,,,4.5,,,,,,,,,
6712000,1678,4.625,,1.6163241863250732,,,,4.625,,,,,,,,,
6716000,1679,5.75,,1.5282223224639893,,,,5.75,,,,,,,,,
6720000,1680,4.25,,1.613564133644104,,,,4.25,,,,,,,,,
6724000,1681,5.25,,1.6340577602386475,,,,5.25,,,,,,,,,
6728000,1682,4.5,,1.5695559978485107,,,,4.5,,,,,,,,,
6732000,1683,4.125,,1.6796486377716064,,,,4.125,,,,,,,,,
6736000,1684,4.75,,1.641934871673584,,,,4.75,,,,,,,,,
6740000,1685,4.875,,1.6544909477233887,,,,4.875,,,,,,,,,
6744000,1686,4.125,,1.640455722808838,,,,4.125,,,,,,,,,
6748000,1687,4.5,,1.6584444046020508,,,,4.5,,,,,,,,,
6752000,1688,4.875,,1.6589715480804443,,,,4.875,,,,,,,,,
6756000,1689,4.875,,1.6556541919708252,,,,4.875,,,,,,,,,
6760000,1690,5.0,,1.5657107830047607,,,,5.0,,,,,,,,,
6764000,1691,4.0,,1.6264677047729492,,,,4.0,,,,,,,,,
6768000,1692,2.875,,1.619792103767395,,,,2.875,,,,,,,,,
6772000,1693,4.125,,1.6185853481292725,,,,4.125,,,,,,,,,
6776000,1694,4.5,,1.5701537132263184,,,,4.5,,,,,,,,,
6780000,1695,4.125,,1.60004723072052,,,,4.125,,,,,,,,,
6784000,1696,5.625,,1.5979081392288208,,,,5.625,,,,,,,,,
6788000,1697,5.125,,1.5765728950500488,,,,5.125,,,,,,,,,
6792000,1698,4.5,,1.6174111366271973,,,,4.5,,,,,,,,,
6796000,1699,4.5,,1.6441541910171509,,,,4.5,,,,,,,,,
6800000,1700,4.5,,1.551100254058838,,,,4.5,,,,,,,,,
6804000,1701,5.125,,1.5871145725250244,,,,5.125,,,,,,,,,
6808000,1702,5.0,,1.5321612358093262,,,,5.0,,,,,,,,,
6812000,1703,3.5,,1.602518081665039,,,,3.5,,,,,,,,,
6816000,1704,4.375,,1.612572431564331,,,,4.375,,,,,,,,,
6820000,1705,4.5,,1.6091387271881104,,,,4.5,,,,,,,,,
6824000,1706,4.5,,1.5353939533233643,,,,4.5,,,,,,,,,
6828000,1707,3.625,,1.604999303817749,,,,3.625,,,,,,,,,
6832000,1708,4.25,,1.4837926626205444,,,,4.25,,,,,,,,,
6836000,1709,1.875,,1.6205384731292725,,,,1.875,,,,,,,,,
6840000,1710,4.875,,1.6461355686187744,,,,4.875,,,,,,,,,
6844000,1711,4.0,,1.5883301496505737,,,,4.0,,,,,,,,,
6848000,1712,3.75,,1.521740436553955,,,,3.75,,,,,,,,,
6852000,1713,4.75,,1.5891211032867432,,,,4.75,,,,,,,,,
6856000,1714,5.125,,1.5074987411499023,,,,5.125,,,,,,,,,
6860000,1715,5.25,,1.5750601291656494,,,,5.25,,,,,,,,,
6864000,1716,4.625,,1.662118673324585,,,,4.625,,,,,,,,,
6868000,1717,3.875,,1.6131454706192017,,,,3.875,,,,,,,,,
6872000,1718,4.375,,1.6265612840652466,,,,4.375,,,,,,,,,
6876000,1719,4.625,,1.6242504119873047,,,,4.625,,,,,,,,,
6880000,1720,4.125,,1.563550591468811,,,,4.125,,,,,,,,,
6884000,1721,4.0,,1.5168542861938477,,,,4.0,,,,,,,,,
6888000,1722,4.875,,1.5991407632827759,,,,4.875,,,,,,,,,
6892000,1723,4.25,,1.5615876913070679,,,,4.25,,,,,,,,,
6896000,1724,4.5,,1.514017105102539,,,,4.5,,,,,,,,,
6900000,1725,3.625,,1.6066725254058838,,,,3.625,,,,,,,,,
6904000,1726,4.625,,1.5224382877349854,,,,4.625,,,,,,,,,
6908000,1727,4.125,,1.5189619064331055,,,,4.125,,,,,,,,,
6912000,1728,4.0,,1.557127833366394,,,,4.0,,,,,,,,,
6916000,1729,5.5,,1.5819981098175049,,,,5.5,,,,,,,,,
6920000,1730,5.375,,1.5548149347305298,,,,5.375,,,,,,,,,
6924000,1731,5.375,,1.6012088060379028,,,,5.375,,,,,,,,,
6928000,1732,3.625,,1.573285698890686,,,,3.625,,,,,,,,,
6932000,1733,4.875,,1.434065341949463,,,,4.875,,,,,,,,,
6936000,1734,4.75,,1.6104238033294678,,,,4.75,,,,,,,,,
6940000,1735,3.625,,1.5154783725738525,,,,3.625,,,,,,,,,
6944000,1736,3.75,,1.4806662797927856,,,,3.75,,,,,,,,,
6948000,1737,2.25,,1.5581958293914795,,,,2.25,,,,,,,,,
6952000,1738,2.75,,1.554161548614502,,,,2.75,,,,,,,,,
6956000,1739,2.875,,1.5199472904205322,,,,2.875,,,,,,,,,
6960000,1740,4.125,,1.5077133178710938,,,,4.125,,,,,,,,,
6964000,1741,3.0,,1.5008800029754639,,,,3.0,,,,,,,,,
6968000,1742,4.125,,1.4919997453689575,,,,4.125,,,,,,,,,
6972000,1743,3.875,,1.4830855131149292,,,,3.875,,,,,,,,,
6976000,1744,4.375,,1.584891438484192,,,,4.375,,,,,,,,,
6980000,1745,4.625,,1.4827556610107422,,,,4.625,,,,,,,,,
6984000,1746,5.5,,1.540700912475586,,,,5.5,,,,,,,,,
6988000,1747,4.125,,1.5269371271133423,,,,4.125,,,,,,,,,
6992000,1748,4.125,,1.475799798965454,,,,4.125,,,,,,,,,
6996000,1749,3.375,,1.4369018077850342,,,,3.375,,,,,,,,,
7000000,1750,4.75,,1.5459325313568115,,,,4.75,,,,,,,,,
7004000,1751,3.875,,1.5498687028884888,,,,3.875,,,,,,,,,
7008000,1752,4.0,,1.4648196697235107,,,,4.0,,,,,,,,,
7012000,1753,4.0,,1.5396804809570312,,,,4.0,,,,,,,,,
7016000,1754,4.0,,1.4712605476379395,,,,4.0,,,,,,,,,
7020000,1755,4.125,,1.4969751834869385,,,,4.125,,,,,,,,,
7024000,1756,4.75,,1.5279912948608398,,,,4.75,,,,,,,,,
7028000,1757,5.0,,1.4815678596496582,,,,5.0,,,,,,,,,
7032000,1758,4.5,,1.506571888923645,,,,4.5,,,,,,,,,
7036000,1759,4.125,,1.5026612281799316,,,,4.125,,,,,,,,,
7040000,1760,4.75,,1.441922664642334,,,,4.75,,,,,,,,,
7044000,1761,5.0,,1.533966302871704,,,,5.0,,,,,,,,,
7048000,1762,5.0,,1.548309564590454,,,,5.0,,,,,,,,,
7052000,1763,5.0,,1.6330580711364746,,,,5.0,,,,,,,,,
7056000,1764,5.5,,1.4860742092132568,,,,5.5,,,,,,,,,
7060000,1765,4.875,,1.5244574546813965,,,,4.875,,,,,,,,,
7064000,1766,4.875,,1.5212116241455078,,,,4.875,,,,,,,,,
7068000,1767,4.25,,1.5459532737731934,,,,4.25,,,,,,,,,
7072000,1768,4.875,,1.4863120317459106,,,,4.875,,,,,,,,,
7076000,1769,4.625,,1.534313678741455,,,,4.625,,,,,,,,,
7080000,1770,4.5,,1.5118862390518188,,,,4.5,,,,,,,,,
7084000,1771,3.25,,1.573462724685669,,,,3.25,,,,,,,,,
7088000,1772,5.0,,1.5205326080322266,,,,5.0,,,,,,,,,
7092000,1773,3.875,,1.4550883769989014,,,,3.875,,,,,,,,,
7096000,1774,4.75,,1.5481865406036377,,,,4.75,,,,,,,,,
7100000,1775,4.625,,1.5200304985046387,,,,4.625,,,,,,,,,
7104000,1776,5.5,,1.5198566913604736,,,,5.5,,,,,,,,,
7108000,1777,3.875,,1.516266107559204,,,,3.875,,,,,,,,,
7112000,1778,4.375,,1.5701950788497925,,,,4.375,,,,,,,,,
7116000,1779,4.625,,1.551374077796936,,,,4.625,,,,,,,,,
7120000,1780,4.875,,1.5592262744903564,,,,4.875,,,,,,,,,
7124000,1781,4.875,,1.494307279586792,,,,4.875,,,,,,,,,
7128000,1782,5.0,,1.5287129878997803,,,,5.0,,,,,,,,,
7132000,1783,4.0,,1.525570273399353,,,,4.0,,,,,,,,,
7136000,1784,5.125,,1.5678128004074097,,,,5.125,,,,,,,,,
7140000,1785,4.625,,1.474255084991455,,,,4.625,,,,,,,,,
7144000,1786,5.0,,1.486630916595459,,,,5.0,,,,,,,,,
7148000,1787,4.75,,1.428849697113037,,,,4.75,,,,,,,,,
7152000,1788,4.875,,1.4707003831863403,,,,4.875,,,,,,,,,
7156000,1789,4.875,,1.4703528881072998,,,,4.875,,,,,,,,,
7160000,1790,5.25,,1.5062832832336426,,,,5.25,,,,,,,,,
7164000,1791,5.0,,1.5844115018844604,,,,5.0,,,,,,,,,
7168000,1792,4.5,,1.470862865447998,,,,4.5,,,,,,,,,
7172000,1793,5.5,,1.4407676458358765,,,,5.5,,,,,,,,,
7176000,1794,5.625,,1.4764806032180786,,,,5.625,,,,,,,,,
7180000,1795,3.5,,1.4833818674087524,,,,3.5,,,,,,,,,
7184000,1796,3.75,,1.57587468624115,,,,3.75,,,,,,,,,
7188000,1797,5.0,,1.4369113445281982,,,,5.0,,,,,,,,,
7192000,1798,4.25,,1.4956634044647217,,,,4.25,,,,,,,,,
7196000,1799,3.375,,1.4956467151641846,,,,3.375,,,,,,,,,
7200000,1800,3.75,,1.4093854427337646,,,,3.75,,,,,,,,,
7204000,1801,4.0,,1.465087890625,,,,4.0,,,,,,,,,
7208000,1802,4.0,,1.5120396614074707,,,,4.0,,,,,,,,,
7212000,1803,4.0,,1.5151338577270508,,,,4.0,,,,,,,,,
7216000,1804,4.625,,1.5404397249221802,,,,4.625,,,,,,,,,
7220000,1805,4.5,,1.477582573890686,,,,4.5,,,,,,,,,
7224000,1806,3.375,,1.5306367874145508,,,,3.375,,,,,,,,,
7228000,1807,2.75,,1.4708422422409058,,,,2.75,,,,,,,,,
7232000,1808,4.25,,1.4715368747711182,,,,4.25,,,,,,,,,
7236000,1809,3.875,,1.5312244892120361,,,,3.875,,,,,,,,,
7240000,1810,4.0,,1.5308051109313965,,,,4.0,,,,,,,,,
7244000,1811,2.75,,1.5020558834075928,,,,2.75,,,,,,,,,
7248000,1812,4.0,,1.5088527202606201,,,,4.0,,,,,,,,,
7252000,1813,3.75,,1.5248295068740845,,,,3.75,,,,,,,,,
7256000,1814,4.375,,1.4531211853027344,,,,4.375,,,,,,,,,
7260000,1815,5.375,,1.3976895809173584,,,,5.375,,,,,,,,,
7264000,1816,3.25,,1.440647006034851,,,,3.25,,,,,,,,,
7268000,1817,3.875,,1.4411239624023438,,,,3.875,,,,,,,,,
7272000,1818,3.25,,1.4338223934173584,,,,3.25,,,,,,,,,
7276000,1819,4.375,,1.4604160785675049,,,,4.375,,,,,,,,,
7280000,1820,4.625,,1.4623886346817017,,,,4.625,,,,,,,,,
7284000,1821,3.875,,1.4133110046386719,,,,3.875,,,,,,,,,
7288000,1822,4.5,,1.4572738409042358,,,,4.5,,,,,,,,,
7292000,1823,3.625,,1.3783727884292603,,,,3.625,,,,,,,,,
7296000,1824,4.125,,1.4321109056472778,,,,4.125,,,,,,,,,
7300000,1825,3.0,,1.470916986465454,,,,3.0,,,,,,,,,
7304000,1826,4.875,,1.3758286237716675,,,,4.875,,,,,,,,,
7308000,1827,5.0,,1.5119566917419434,,,,5.0,,,,,,,,,
7312000,1828,4.875,,1.419623851776123,,,,4.875,,,,,,,,,
7316000,1829,4.75,,1.4260950088500977,,,,4.75,,,,,,,,,
7320000,1830,3.75,,1.4752265214920044,,,,3.75,,,,,,,,,
7324000,1831,4.375,,1.379610538482666,,,,4.375,,,,,,,,,
7328000,1832,5.5,,1.4050763845443726,,,,5.5,,,,,,,,,
7332000,1833,4.25,,1.499228596687317,,,,4.25,,,,,,,,,
7336000,1834,4.625,,1.4588923454284668,,,,4.625,,,,,,,,,
7340000,1835,4.375,,1.440917730331421,,,,4.375,,,,,,,,,
7344000,1836,4.875,,1.4036834239959717,,,,4.875,,,,,,,,,
7348000,1837,6.0,,1.4397765398025513,,,,6.0,,,,,,,,,
7352000,1838,5.125,,1.4193446636199951,,,,5.125,,,,,,,,,
7356000,1839,4.75,,1.4409098625183105,,,,4.75,,,,,,,,,
7360000,1840,4.0,,1.4917749166488647,,,,4.0,,,,,,,,,
7364000,1841,4.25,,1.3892693519592285,,,,4.25,,,,,,,,,
7368000,1842,4.625,,1.5058342218399048,,,,4.625,,,,,,,,,
7372000,1843,3.5,,1.4758872985839844,,,,3.5,,,,,,,,,
7376000,1844,5.5,,1.414798617362976,,,,5.5,,,,,,,,,
7380000,1845,5.0,,1.433048963546753,,,,5.0,,,,,,,,,
7384000,1846,3.75,,1.410560131072998,,,,3.75,,,,,,,,,
7388000,1847,4.625,,1.4061229228973389,,,,4.625,,,,,,,,,
7392000,1848,4.75,,1.4562039375305176,,,,4.75,,,,,,,,,
7396000,1849,4.75,,1.4546973705291748,,,,4.75,,,,,,,,,
7400000,1850,4.5,,1.4842941761016846,,,,4.5,,,,,,,,,
7404000,1851,5.0,,1.4714183807373047,,,,5.0,,,,,,,,,
7408000,1852,4.625,,1.4794734716415405,,,,4.625,,,,,,,,,
7412000,1853,4.625,,1.4518049955368042,,,,4.625,,,,,,,,,
7416000,1854,5.375,,1.4082756042480469,,,,5.375,,,,,,,,,
7420000,1855,4.375,,1.465954065322876,,,,4.375,,,,,,,,,
7424000,1856,5.25,,1.4385273456573486,,,,5.25,,,,,,,,,
7428000,1857,4.25,,1.4436442852020264,,,,4.25,,,,,,,,,
7432000,1858,4.25,,1.4765571355819702,,,,4.25,,,,,,,,,
7436000,1859,2.875,,1.4642271995544434,,,,2.875,,,,,,,,,
7440000,1860,4.75,,1.4025654792785645,,,,4.75,,,,,,,,,
7444000,1861,4.75,,1.4258455038070679,,,,4.75,,,,,,,,,
7448000,1862,4.25,,1.4223229885101318,,,,4.25,,,,,,,,,
7452000,1863,4.625,,1.539457082748413,,,,4.625,,,,,,,,,
7456000,1864,4.375,,1.505155086517334,,,,4.375,,,,,,,,,
7460000,1865,4.625,,1.5583444833755493,,,,4.625,,,,,,,,,
7464000,1866,5.125,,1.450465440750122,,,,5.125,,,,,,,,,
7468000,1867,4.75,,1.4702287912368774,,,,4.75,,,,,,,,,
7472000,1868,5.0,,1.403243899345398,,,,5.0,,,,,,,,,
7476000,1869,5.125,,1.5627261400222778,,,,5.125,,,,,,,,,
7480000,1870,4.5,,1.501632571220398,,,,4.5,,,,,,,,,
7484000,1871,2.75,,1.4834418296813965,,,,2.75,,,,,,,,,
7488000,1872,4.625,,1.4356720447540283,,,,4.625,,,,,,,,,
7492000,1873,4.25,,1.4663934707641602,,,,4.25,,,,,,,,,
7496000,1874,3.375,,1.5191664695739746,,,,3.375,,,,,,,,,
7500000,1875,4.125,,1.4220383167266846,,,,4.125,,,,,,,,,
7504000,1876,5.625,,1.5334341526031494,,,,5.625,,,,,,,,,
7508000,1877,4.75,,1.4707634449005127,,,,4.75,,,,,,,,,
7512000,1878,4.125,,1.329890251159668,,,,4.125,,,,,,,,,
7516000,1879,3.625,,1.4833911657333374,,,,3.625,,,,,,,,,
7520000,1880,4.25,,1.5988571643829346,,,,4.25,,,,,,,,,
7524000,1881,3.875,,1.4933030605316162,,,,3.875,,,,,,,,,
7528000,1882,4.75,,1.4554834365844727,,,,4.75,,,,,,,,,
7532000,1883,5.25,,1.5068836212158203,,,,5.25,,,,,,,,,
7536000,1884,4.375,,1.4742605686187744,,,,4.375,,,,,,,,,
7540000,1885,4.5,,1.480057716369629,,,,4.5,,,,,,,,,
7544000,1886,4.375,,1.5353455543518066,,,,4.375,,,,,,,,,
7548000,1887,4.125,,1.4619951248168945,,,,4.125,,,,,,,,,
7552000,1888,4.25,,1.3887972831726074,,,,4.25,,,,,,,,,
7556000,1889,4.625,,1.479184865951538,,,,4.625,,,,,,,,,
7560000,1890,4.625,,1.4240915775299072,,,,4.625,,,,,,,,,
7564000,1891,4.5,,1.4461748600006104,,,,4.5,,,,,,,,,
7568000,1892,3.125,,1.4160714149475098,,,,3.125,,,,,,,,,
7572000,1893,5.375,,1.4827731847763062,,,,5.375,,,,,,,,,
7576000,1894,4.875,,1.4128220081329346,,,,4.875,,,,,,,,,
7580000,1895,4.375,,1.4521312713623047,,,,4.375,,,,,,,,,
7584000,1896,3.625,,1.4580885171890259,,,,3.625,,,,,,,,,
7588000,1897,4.5,,1.431896448135376,,,,4.5,,,,,,,,,
7592000,1898,5.25,,1.4087692499160767,,,,5.25,,,,,,,,,
7596000,1899,4.625,,1.4515609741210938,,,,4.625,,,,,,,,,
7600000,1900,4.5,,1.4064449071884155,,,,4.5,,,,,,,,,
7604000,1901,6.25,,1.5179541110992432,,,,6.25,,,,,,,,,
7608000,1902,4.875,,1.440178632736206,,,,4.875,,,,,,,,,
7612000,1903,4.5,,1.4523389339447021,,,,4.5,,,,,,,,,
7616000,1904,5.0,,1.4626786708831787,,,,5.0,,,,,,,,,
7620000,1905,4.25,,1.460127830505371,,,,4.25,,,,,,,,,
7624000,1906,4.125,,1.5118374824523926,,,,4.125,,,,,,,,,
7628000,1907,4.5,,1.428056001663208,,,,4.5,,,,,,,,,
7632000,1908,4.625,,1.4733816385269165,,,,4.625,,,,,,,,,
7636000,1909,3.5,,1.4994537830352783,,,,3.5,,,,,,,,,
7640000,1910,5.375,,1.472740650177002,,,,5.375,,,,,,,,,
7644000,1911,3.625,,1.4851891994476318,,,,3.625,,,,,,,,,
7648000,1912,2.375,,1.494102120399475,,,,2.375,,,,,,,,,
7652000,1913,2.625,,1.5452003479003906,,,,2.625,,,,,,,,,
7656000,1914,3.875,,1.5018372535705566,,,,3.875,,,,,,,,,
7660000,1915,3.0,,1.4246872663497925,,,,3.0,,,,,,,,,
7664000,1916,2.875,,1.4279001951217651,,,,2.875,,,,,,,,,
7668000,1917,3.125,,1.4111143350601196,,,,3.125,,,,,,,,,
7672000,1918,3.25,,1.4682128429412842,,,,3.25,,,,,,,,,
7676000,1919,3.5,,1.4178380966186523,,,,3.5,,,,,,,,,
7680000,1920,5.125,,1.3750545978546143,,,,5.125,,,,,,,,,
7684000,1921,4.5,,1.3951777219772339,,,,4.5,,,,,,,,,
7688000,1922,4.5,,1.3319097757339478,,,,4.5,,,,,,,,,
7692000,1923,5.0,,1.476851463317871,,,,5.0,,,,,,,,,
7696000,1924,5.375,,1.3425703048706055,,,,5.375,,,,,,,,,
7700000,1925,4.25,,1.381193995475769,,,,4.25,,,,,,,,,
7704000,1926,5.5,,1.4108343124389648,,,,5.5,,,,,,,,,
7708000,1927,5.25,,1.4753681421279907,,,,5.25,,,,,,,,,
7712000,1928,4.75,,1.4732286930084229,,,,4.75,,,,,,,,,
7716000,1929,4.5,,1.4065171480178833,,,,4.5,,,,,,,,,
7720000,1930,4.375,,1.3852581977844238,,,,4.375,,,,,,,,,
7724000,1931,4.75,,1.4615386724472046,,,,4.75,,,,,,,,,
7728000,1932,4.0,,1.436279296875,,,,4.0,,,,,,,,,
7732000,1933,4.375,,1.503859043121338,,,,4.375,,,,,,,,,
7736000,1934,4.5,,1.4574848413467407,,,,4.5,,,,,,,,,
7740000,1935,5.875,,1.4564533233642578,,,,5.875,,,,,,,,,
7744000,1936,4.5,,1.4900306463241577,,,,4.5,,,,,,,,,
7748000,1937,4.875,,1.4518451690673828,,,,4.875,,,,,,,,,
7752000,1938,4.375,,1.4357869625091553,,,,4.375,,,,,,,,,
7756000,1939,4.875,,1.3594532012939453,,,,4.875,,,,,,,,,
7760000,1940,4.25,,1.4758546352386475,,,,4.25,,,,,,,,,
7764000,1941,4.125,,1.5317810773849487,,,,4.125,,,,,,,,,
7768000,1942,4.5,,1.5033292770385742,,,,4.5,,,,,,,,,
7772000,1943,3.5,,1.4661054611206055,,,,3.5,,,,,,,,,
7776000,1944,2.25,,1.4129277467727661,,,,2.25,,,,,,,,,
7780000,1945,3.0,,1.5022001266479492,,,,3.0,,,,,,,,,
7784000,1946,3.5,,1.4620347023010254,,,,3.5,,,,,,,,,
7788000,1947,4.25,,1.4655954837799072,,,,4.25,,,,,,,,,
7792000,1948,4.125,,1.4634602069854736,,,,4.125,,,,,,,,,
7796000,1949,4.25,,1.4173469543457031,,,,4.25,,,,,,,,,
7800000,1950,4.5,,1.4258322715759277,,,,4.5,,,,,,,,,
7804000,1951,5.5,,1.430448293685913,,,,5.5,,,,,,,,,
7808000,1952,3.5,,1.409195899963379,,,,3.5,,,,,,,,,
7812000,1953,3.5,,1.3497834205627441,,,,3.5,,,,,,,,,
7816000,1954,4.125,,1.4845051765441895,,,,4.125,,,,,,,,,
7820000,1955,3.25,,1.3026432991027832,,,,3.25,,,,,,,,,
7824000,1956,5.375,,1.4001274108886719,,,,5.375,,,,,,,,,
7828000,1957,5.25,,1.4551451206207275,,,,5.25,,,,,,,,,
7832000,1958,4.5,,1.4651483297348022,,,,4.5,,,,,,,,,
7836000,1959,4.875,,1.432253360748291,,,,4.875,,,,,,,,,
7840000,1960,3.875,,1.4672666788101196,,,,3.875,,,,,,,,,
7844000,1961,4.125,,1.4567310810089111,,,,4.125,,,,,,,,,
7848000,1962,3.375,,1.3746834993362427,,,,3.375,,,,,,,,,
7852000,1963,3.25,,1.3108370304107666,,,,3.25,,,,,,,,,
7856000,1964,3.5,,1.3222399950027466,,,,3.5,,,,,,,,,
7860000,1965,4.25,,1.4573066234588623,,,,4.25,,,,,,,,,
7864000,1966,4.5,,1.337029218673706,,,,4.5,,,,,,,,,
7868000,1967,2.0,,1.410544514656067,,,,2.0,,,,,,,,,
7872000,1968,4.625,,1.4256765842437744,,,,4.625,,,,,,,,,
7876000,1969,4.5,,1.3483669757843018,,,,4.5,,,,,,,,,
7880000,1970,3.0,,1.334040880203247,,,,3.0,,,,,,,,,
7884000,1971,2.375,,1.357409954071045,,,,2.375,,,,,,,,,
7888000,1972,2.25,,1.3307864665985107,,,,2.25,,,,,,,,,
7892000,1973,4.25,,1.3555042743682861,,,,4.25,,,,,,,,,
7896000,1974,3.375,,1.354794979095459,,,,3.375,,,,,,,,,
7900000,1975,3.375,,1.3649497032165527,,,,3.375,,,,,,,,,
7904000,1976,4.875,,1.3205657005310059,,,,4.875,,,,,,,,,
7908000,1977,4.375,,1.3280532360076904,,,,4.375,,,,,,,,,
7912000,1978,2.75,,1.427398920059204,,,,2.75,,,,,,,,,
7916000,1979,3.875,,1.3348031044006348,,,,3.875,,,,,,,,,
7920000,1980,4.375,,1.3328051567077637,,,,4.375,,,,,,,,,
7924000,1981,4.5,,1.4212154150009155,,,,4.5,,,,,,,,,
7928000,1982,4.875,,1.4577045440673828,,,,4.875,,,,,,,,,
7932000,1983,4.875,,1.5052523612976074,,,,4.875,,,,,,,,,
7936000,1984,4.875,,1.3269968032836914,,,,4.875,,,,,,,,,
7940000,1985,3.75,,1.3783869743347168,,,,3.75,,,,,,,,,
7944000,1986,3.75,,1.2656409740447998,,,,3.75,,,,,,,,,
7948000,1987,2.125,,1.2626301050186157,,,,2.125,,,,,,,,,
7952000,1988,3.375,,1.2770910263061523,,,,3.375,,,,,,,,,
7956000,1989,4.0,,1.3796727657318115,,,,4.0,,,,,,,,,
7960000,1990,4.375,,1.3443477153778076,,,,4.375,,,,,,,,,
7964000,1991,3.875,,1.4496793746948242,,,,3.875,,,,,,,,,
7968000,1992,2.875,,1.2773754596710205,,,,2.875,,,,,,,,,
7972000,1993,3.5,,1.3699482679367065,,,,3.5,,,,,,,,,
7976000,1994,2.375,,1.2488579750061035,,,,2.375,,,,,,,,,
7980000,1995,1.5,,1.2479050159454346,,,,1.5,,,,,,,,,
7984000,1996,3.875,,1.3055771589279175,,,,3.875,,,,,,,,,
7988000,1997,3.75,,1.3136286735534668,,,,3.75,,,,,,,,,
7992000,1998,3.75,,1.3410601615905762,,,,3.75,,,,,,,,,
7996000,1999,2.25,,1.3761838674545288,,,,2.25,,,,,,,,,
8000000,2000,2.375,,1.3097455501556396,,,,2.375,,,,,,,,,
