environment_steps,updates,mean_episode_returns,entropy,loss,actor_loss,value_loss,reward_std_mean,deliveries,block_rate,idle_rate,pickup_rate,deliveries_early,deliveries_mid,deliveries_late,block_early,block_mid,block_late
5000,1,0.0,1.1899096965789795,0.5629649758338928,0.4990285038948059,0.1278729885816574,0.0,0.0,0.0050999997183680534,0.13120000064373016,0.03610000014305115,0.0,0.0,0.0,0.006626506336033344,0.004819277208298445,0.0038690478540956974
10000,2,0.0,1.2889683246612549,-0.12587274610996246,-0.1592329740524292,0.06672045588493347,0.0,0.0,0.0050999997183680534,0.1335500031709671,0.0369499996304512,0.0,0.0,0.0,0.006475903559476137,0.003463855478912592,0.0053571430034935474
15000,3,0.0,1.2821370363235474,-0.20289666950702667,-0.2395068109035492,0.07322028279304504,0.0,0.0,0.0064999996684491634,0.1469999998807907,0.044999998062849045,0.0,0.0,0.0,0.007078313268721104,0.005722891539335251,0.0066964286379516125
20000,4,0.0,1.3010599613189697,0.4175279140472412,0.37250858545303345,0.09003865718841553,0.0,0.0,0.00559999980032444,0.17099998891353607,0.03894999995827675,0.0,0.0,0.0,0.006927710957825184,0.004819277208298445,0.005059523973613977
25000,5,0.0,1.342630386352539,-0.17877240478992462,-0.21059702336788177,0.0636492446064949,0.0,0.0,0.006599999964237213,0.20044998824596405,0.0328500010073185,0.0,0.0,0.0,0.005572289228439331,0.005873494315892458,0.008333333767950535
30000,6,0.0,1.379241943359375,-0.02840791642665863,-0.05766380578279495,0.058511778712272644,0.0,0.0,0.008549999445676804,0.2142999917268753,0.022549999877810478,0.0,0.0,0.0,0.00963855441659689,0.007981928065419197,0.008035714738070965
35000,7,0.0,1.4181437492370605,0.18821515142917633,0.15746618807315826,0.06149793416261673,0.0,0.0,0.008349999785423279,0.2659499943256378,0.02459999918937683,0.0,0.0,0.0,0.008132530376315117,0.008734939619898796,0.00818452425301075
40000,8,0.0,1.4302476644515991,-0.11370033025741577,-0.14306044578552246,0.058720238506793976,0.0,0.0,0.008999999612569809,0.2698499858379364,0.02694999985396862,0.0,0.0,0.0,0.006475903559476137,0.010993976145982742,0.009523809887468815
45000,9,0.0,1.4208786487579346,0.059300534427165985,0.029123231768608093,0.060354601591825485,0.0,0.0,0.012399999424815178,0.2272000014781952,0.02579999901354313,0.0,0.0,0.0,0.011596385389566422,0.012048193253576756,0.01354166679084301
50000,10,0.0,1.4622910022735596,0.04791656509041786,0.020273303613066673,0.05528652295470238,0.0,0.0,0.01529999915510416,0.2680000066757202,0.021199999377131462,0.0,0.0,0.0,0.014307228848338127,0.015813253819942474,0.01577381044626236
55000,11,0.0,1.4588117599487305,-0.014194292947649956,-0.04491216316819191,0.06143574044108391,0.0,0.0,0.021399999037384987,0.29234999418258667,0.033149998635053635,0.0,0.0,0.0,0.016867469996213913,0.02364457957446575,0.02366071566939354
60000,12,0.0,1.4787850379943848,0.06338391453027725,0.029562896117568016,0.06764204055070877,0.0,0.0,0.021699998527765274,0.30239999294281006,0.03659999743103981,0.0,0.0,0.0,0.017771083861589432,0.0186746995896101,0.02857143059372902
65000,13,0.0,1.4650664329528809,-0.016848895698785782,-0.05217493325471878,0.070652075111866,0.0,0.0,0.029099998995661736,0.27445000410079956,0.030049998313188553,0.0,0.0,0.0,0.023042168468236923,0.027259036898612976,0.03690476343035698
70000,14,0.0,1.4603180885314941,0.05777004361152649,0.021180488169193268,0.07317911088466644,0.0,0.0,0.04714999720454216,0.2551499903202057,0.02524999901652336,0.0,0.0,0.0,0.03795180842280388,0.0503012053668499,0.05312500149011612
75000,15,0.0,1.4098827838897705,0.015936018899083138,-0.020416555926203728,0.07270514965057373,0.0,0.0,0.05639999732375145,0.2175000011920929,0.03099999949336052,0.0,0.0,0.0,0.04563253000378609,0.06039156764745712,0.06309524178504944
80000,16,0.0,1.3464467525482178,0.046093255281448364,0.01000962033867836,0.07216726988554001,0.0,0.0,0.06589999794960022,0.18029999732971191,0.025750000029802322,0.0,0.0,0.0,0.05753012001514435,0.06792169064283371,0.0721726194024086
85000,17,0.0,1.2983258962631226,0.04691992327570915,0.009457356296479702,0.07492513209581375,0.0,0.0,0.07494999468326569,0.16775000095367432,0.038750000298023224,0.0,0.0,0.0,0.06295181065797806,0.08569277077913284,0.07619047909975052
90000,18,0.0,1.259169101715088,0.015264816582202911,-0.021907459944486618,0.07434455305337906,0.0,0.0,0.08244999498128891,0.16869999468326569,0.036649998277425766,0.0,0.0,0.0,0.07710843533277512,0.08057229220867157,0.08958333730697632
95000,19,0.0,1.2017285823822021,0.07900673151016235,0.04579474776983261,0.06642396003007889,0.0,0.0,0.10049999505281448,0.17090000212192535,0.033649999648332596,0.0,0.0,0.0,0.08975903689861298,0.10737951844930649,0.10431548207998276
100000,20,0.0,1.1135560274124146,0.01614254154264927,-0.01520165242254734,0.06268838793039322,0.0,0.0,0.1415499895811081,0.1496499925851822,0.022849999368190765,0.0,0.0,0.0,0.1447289139032364,0.14578314125537872,0.13422620296478271
105000,21,0.0,1.0823391675949097,0.04482061043381691,0.016612105071544647,0.056417010724544525,0.0,0.0,0.19694998860359192,0.12189999967813492,0.031599998474121094,0.0,0.0,0.0,0.18253012001514435,0.20873494446277618,0.19955357909202576
110000,22,0.0,1.0562167167663574,0.026460271328687668,0.0003138084430247545,0.052292924374341965,0.0,0.0,0.24534998834133148,0.11764999479055405,0.017749998718500137,0.0,0.0,0.0,0.23840361833572388,0.2608433663845062,0.23690477013587952
115000,23,0.0,1.025352954864502,0.012012206949293613,-0.010640081949532032,0.04530457779765129,0.0,0.0,0.3219499886035919,0.12004999816417694,0.026249999180436134,0.0,0.0,0.0,0.2971385717391968,0.3507530093193054,0.3180059790611267
120000,24,0.0,0.9741413593292236,0.029880233108997345,0.008361248299479485,0.04303796961903572,0.0,0.0,0.41574999690055847,0.11389999836683273,0.007449999917298555,0.0,0.0,0.0,0.40436747670173645,0.43493977189064026,0.4080357253551483
125000,25,0.0,0.9224927425384521,0.02132718823850155,0.0018587096128612757,0.038936957716941833,0.0,0.0,0.46014997363090515,0.08994999527931213,0.01484999991953373,0.0,0.0,0.0,0.4338855445384979,0.47891566157341003,0.4675595462322235
130000,26,0.0,0.9091718792915344,0.013721484690904617,-0.004458493087440729,0.03635995462536812,0.0,0.0,0.4726499915122986,0.08424999564886093,0.008799999952316284,0.0,0.0,0.0,0.43343374133110046,0.49051207304000854,0.4937500059604645
135000,27,0.0,0.8428695201873779,0.004155806265771389,-0.012740314938127995,0.03379224240779877,0.0,0.0,0.5745999813079834,0.0718500018119812,0.004799999762326479,0.0,0.0,0.0,0.5299698710441589,0.6016566157341003,0.5919643044471741
140000,28,0.0,0.8173791170120239,0.03530557081103325,0.01828705705702305,0.0340370275080204,0.0,0.0,0.5516999959945679,0.06655000150203705,0.007899999618530273,0.0,0.0,0.0,0.5167168974876404,0.5692771077156067,0.5688988566398621
145000,29,0.0,0.7416548728942871,0.0029070191085338593,-0.012843087315559387,0.03150021284818649,0.0,0.0,0.6383000016212463,0.059449996799230576,0.00494999997317791,0.0,0.0,0.0,0.6048192977905273,0.6448795199394226,0.6648809909820557
150000,30,0.0,0.7208183407783508,-0.00581052340567112,-0.022207362577319145,0.03279367834329605,0.0,0.0,0.6703999638557434,0.04580000042915344,0.002300000051036477,0.0,0.0,0.0,0.635994017124176,0.696234941482544,0.6788690686225891
155000,31,0.0,0.7715292572975159,0.024678898975253105,0.00785449706017971,0.03364880383014679,0.0,0.0,0.6714000105857849,0.04154999926686287,0.006899999920278788,0.0,0.0,0.0,0.6381024122238159,0.6971385478973389,0.6788690686225891
160000,32,0.0,0.7790916562080383,0.015977904200553894,0.0005922706332057714,0.030771266669034958,0.0,0.0,0.6342499852180481,0.04284999892115593,0.002199999988079071,0.0,0.0,0.0,0.6114457845687866,0.64503014087677,0.6461309790611267
165000,33,0.0,0.7975306510925293,-0.006093959324061871,-0.020206626504659653,0.028225334361195564,0.0,0.0,0.5857499837875366,0.04259999841451645,0.0064999996684491634,0.0,0.0,0.0,0.5480421781539917,0.6103915572166443,0.5986607074737549
170000,34,0.0,0.8453015685081482,0.008074319921433926,-0.007049807347357273,0.030248254537582397,0.0,0.0,0.5387499928474426,0.05419999733567238,0.006799999624490738,0.0,0.0,0.0,0.5158132910728455,0.5566264986991882,0.5437500476837158
175000,35,0.0,0.850187361240387,0.019336014986038208,0.005872710142284632,0.026926610618829727,0.0,0.0,0.46140000224113464,0.05855000019073486,0.0022499999031424522,0.0,0.0,0.0,0.44698795676231384,0.46596387028694153,0.47113096714019775
180000,36,0.0,0.8375155925750732,0.008689377456903458,-0.005901527125388384,0.02918180823326111,0.0,0.0,0.44404998421669006,0.05819999799132347,0.001999999862164259,0.0,0.0,0.0,0.42108434438705444,0.45240965485572815,0.45848214626312256
185000,37,0.0,0.8234454989433289,0.002111910842359066,-0.012610211037099361,0.029444243758916855,0.0,0.0,0.4518999755382538,0.060499999672174454,0.025100000202655792,0.0,0.0,0.0,0.42349398136138916,0.4674699008464813,0.4645833373069763
190000,38,0.0,0.8459222316741943,0.008700838312506676,-0.005880596116185188,0.029162868857383728,0.0,0.0,0.46230000257492065,0.06229999661445618,0.008549999445676804,0.0,0.0,0.0,0.4481927752494812,0.4724397659301758,0.46622025966644287
195000,39,0.0,0.8421691060066223,0.009838910773396492,-0.004648200701922178,0.028974223881959915,0.0,0.0,0.5318499803543091,0.07419999688863754,0.020999999716877937,0.0,0.0,0.0,0.5064759254455566,0.5442771315574646,0.5446428656578064
200000,40,0.0,0.9081314206123352,0.013227056711912155,-0.0008904601563699543,0.02823503315448761,0.0,0.0,0.5468999743461609,0.0819999948143959,0.005799999926239252,0.0,0.0,0.0,0.508734941482544,0.5665662884712219,0.5651785731315613
205000,41,0.0,0.9572499990463257,0.01203081477433443,-0.00174752960447222,0.027556689456105232,0.0,0.0,0.5550000071525574,0.12700000405311584,0.0026499999221414328,0.0,0.0,0.0,0.5486446022987366,0.5549699068069458,0.5613095164299011
210000,42,0.0,0.9780720472335815,-0.0036546876654028893,-0.018168719485402107,0.029028063639998436,0.0,0.0,0.4783499836921692,0.14090000092983246,0.004749999847263098,0.0,0.0,0.0,0.47861447930336,0.4826807379722595,0.47380954027175903
215000,43,0.0,1.0058813095092773,-0.0019171107560396194,-0.016956357285380363,0.030078493058681488,0.0,0.0,0.44749999046325684,0.15879999101161957,0.012000000104308128,0.0,0.0,0.0,0.43554216623306274,0.4560241103172302,0.4508928656578064
220000,44,0.0,0.9775660037994385,0.01121225394308567,-0.0038916273042559624,0.030207762494683266,0.0,0.0,0.4948499798774719,0.19499999284744263,0.014999999664723873,0.0,0.0,0.0,0.4734939932823181,0.4975903630256653,0.513244092464447
225000,45,0.0,0.997459352016449,0.011307436972856522,-0.0029780028853565454,0.028570879250764847,0.0,0.0,0.5092999935150146,0.18619999289512634,0.003700000001117587,0.0,0.0,0.0,0.49427711963653564,0.5198795199394226,0.5136904716491699
230000,46,0.0,1.0415258407592773,0.005119280889630318,-0.00896475464105606,0.028168071061372757,0.0,0.0,0.47644999623298645,0.2300499975681305,0.007799999788403511,0.0,0.0,0.0,0.4474397599697113,0.4855421781539917,0.49613097310066223
235000,47,0.0,1.0188260078430176,0.007277497556060553,-0.00680760620161891,0.028170207515358925,0.0,0.0,0.4542999863624573,0.26764997839927673,0.011299999430775642,0.0,0.0,0.0,0.4358433783054352,0.46521085500717163,0.4617559611797333
240000,48,0.0,1.0291109085083008,0.009522686712443829,-0.0036997953429818153,0.026444964110851288,0.0,0.0,0.4638499915599823,0.22874999046325684,0.00839999970048666,0.0,0.0,0.0,0.45451807975769043,0.478765070438385,0.4583333432674408
245000,49,0.0,1.0309714078903198,0.006905346177518368,-0.007480946369469166,0.028772585093975067,0.0,0.0,0.4092999994754791,0.20269998908042908,0.009549999609589577,0.0,0.0,0.0,0.39081326127052307,0.42484942078590393,0.412202388048172
250000,50,0.0,1.0400837659835815,-1.1322088539600372e-05,-0.014371116645634174,0.028719589114189148,0.0,0.0,0.3290500044822693,0.23804999887943268,0.006949999835342169,0.0,0.0,0.0,0.3233433663845062,0.3337349593639374,0.3300595283508301
255000,51,0.0,1.0493828058242798,0.0011440189555287361,-0.012115297839045525,0.02651863358914852,0.0,0.0,0.27754998207092285,0.24899999797344208,0.007199999876320362,0.0,0.0,0.0,0.2646084427833557,0.2837349474430084,0.2842262089252472
260000,52,0.0,1.0484974384307861,0.009904606267809868,-0.004123651888221502,0.028056517243385315,0.0,0.0,0.276449978351593,0.28404998779296875,0.00989999994635582,0.0,0.0,0.0,0.27710843086242676,0.2796686887741089,0.2726190686225891
265000,53,0.0,1.0041483640670776,0.017306063324213028,0.0028020842000842094,0.029007958248257637,0.0,0.0,0.30774998664855957,0.22199998795986176,0.012299999594688416,0.0,0.0,0.0,0.307981938123703,0.30768072605133057,0.3075892925262451
270000,54,0.0,1.005161166191101,0.011830044910311699,-0.0023151258938014507,0.028290340676903725,0.0,0.0,0.322299987077713,0.1777999997138977,0.0030499999411404133,0.0,0.0,0.0,0.316867470741272,0.32500001788139343,0.32500001788139343
275000,55,0.0,1.0097806453704834,0.0018984060734510422,-0.011571711860597134,0.02694023586809635,0.0,0.0,0.352649986743927,0.17679999768733978,0.0064999996684491634,0.0,0.0,0.0,0.3460843563079834,0.35798192024230957,0.3538690507411957
280000,56,0.0,0.9626673460006714,0.004787062294781208,-0.008421970531344414,0.026418065652251244,0.0,0.0,0.42925000190734863,0.1525000035762787,0.00484999967738986,0.0,0.0,0.0,0.41280120611190796,0.4415662884712219,0.4333333373069763
285000,57,0.0,0.8667072057723999,0.012098907493054867,-0.0025244627613574266,0.0292467400431633,0.0,0.0,0.5054999589920044,0.1107499971985817,0.005750000011175871,0.0,0.0,0.0,0.4990963935852051,0.5090361833572388,0.5083333253860474
290000,58,0.0,0.8741937279701233,0.01100509986281395,-0.002986037405207753,0.027982274070382118,0.0,0.0,0.5648499727249146,0.08464999496936798,0.0004999999655410647,0.0,0.0,0.0,0.5665662884712219,0.5707831382751465,0.5572916865348816
295000,59,0.0,0.8655114769935608,0.013091775588691235,-0.0015144835924729705,0.02921251766383648,0.0,0.0,0.5870499610900879,0.07009999454021454,0.003399999812245369,0.0,0.0,0.0,0.5865963697433472,0.5956325531005859,0.5790178775787354
300000,60,0.0,0.915840208530426,0.00178501196205616,-0.011887301690876484,0.027344627305865288,0.0,0.0,0.49334999918937683,0.08814999461174011,0.004799999762326479,0.0,0.0,0.0,0.4887048304080963,0.49352410435676575,0.4977678656578064
305000,61,0.0,0.9297845363616943,-0.0022084927186369896,-0.015179895795881748,0.025942806154489517,0.0,0.0,0.4274500012397766,0.09784999489784241,0.001500000013038516,0.0,0.0,0.0,0.4314759075641632,0.42966869473457336,0.42127978801727295
310000,62,0.0,0.9280556440353394,0.003645998425781727,-0.009658722206950188,0.02660944126546383,0.0,0.0,0.30820000171661377,0.13224999606609344,0.017349999397993088,0.0,0.0,0.0,0.3153614401817322,0.2996987998485565,0.3095238208770752
315000,63,0.0,0.9700204730033875,0.008276157081127167,-0.005277319345623255,0.02710695192217827,0.0,0.0,0.25874999165534973,0.15230000019073486,0.01964999921619892,0.0,0.0,0.0,0.26325300335884094,0.25572291016578674,0.25729167461395264
320000,64,0.0,1.0116645097732544,0.009320953860878944,-0.00521748885512352,0.02907688543200493,0.0,0.0,0.25029999017715454,0.18105000257492065,0.013399999588727951,0.0,0.0,0.0,0.2569277286529541,0.24728916585445404,0.24672619998455048
325000,65,0.0,1.0379679203033447,0.00719710486009717,-0.004512573126703501,0.02341935597360134,0.0,0.0,0.28125,0.24894998967647552,0.0005999999702908099,0.0,0.0,0.0,0.2765060365200043,0.2844879627227783,0.2827381193637848
330000,66,0.0,1.0474833250045776,0.009275490418076515,-0.004829412791877985,0.028209805488586426,0.0,0.0,0.27265000343322754,0.2718999981880188,0.013049999251961708,0.0,0.0,0.0,0.2828313410282135,0.2676204741001129,0.2675595283508301
335000,67,0.0,1.0391331911087036,0.009501365013420582,-0.002932371338829398,0.024867473170161247,0.0,0.0,0.26179999113082886,0.30239999294281006,0.010149999521672726,0.0,0.0,0.0,0.2612951993942261,0.26325300335884094,0.2608630955219269
340000,68,0.0,1.0250498056411743,0.011496556922793388,-0.003222772851586342,0.02943865954875946,0.0,0.0,0.25999999046325684,0.2615499794483185,0.012949999421834946,0.0,0.0,0.0,0.26792168617248535,0.25572291016578674,0.2563988268375397
345000,69,0.0,1.0233768224716187,0.01175012532621622,-0.0022011289838701487,0.02790250815451145,0.0,0.0,0.25380000472068787,0.2538999915122986,0.00044999999227002263,0.0,0.0,0.0,0.2567771077156067,0.2531626522541046,0.2514881193637848
350000,70,0.0,1.028347373008728,0.00652281753718853,-0.007235352881252766,0.02751634083688259,0.0,0.0,0.24914999306201935,0.2531999945640564,0.0018999999156221747,0.0,0.0,0.0,0.2591867446899414,0.2445783168077469,0.24375000596046448
355000,71,0.0,1.0473085641860962,0.004227218218147755,-0.008782558143138885,0.02601955272257328,0.0,0.0,0.27719998359680176,0.2587999999523163,0.006649999879300594,0.0,0.0,0.0,0.28930723667144775,0.27243977785110474,0.26994049549102783
360000,72,0.0,1.056185245513916,0.00434465054422617,-0.009707300923764706,0.02810390293598175,0.0,0.0,0.306549996137619,0.28224998712539673,0.010599999688565731,0.0,0.0,0.0,0.31430724263191223,0.30662649869918823,0.2988095283508301
365000,73,0.0,1.0409581661224365,0.0024644164368510246,-0.0122233210131526,0.029375474900007248,0.0,0.0,0.3325999975204468,0.27699998021125793,0.008249999955296516,0.0,0.0,0.0,0.35256025195121765,0.3179216980934143,0.3273809552192688
370000,74,0.0,1.00726318359375,0.003421480767428875,-0.009732281789183617,0.026307525113224983,0.0,0.0,0.365449994802475,0.21869999170303345,0.01599999889731407,0.0,0.0,0.0,0.3849397599697113,0.3629518151283264,0.34866073727607727
375000,75,0.0,0.9812195897102356,0.003340998664498329,-0.00985646154731512,0.0263949204236269,0.0,0.0,0.35064998269081116,0.1790499985218048,0.021949999034404755,0.0,0.0,0.0,0.3652108609676361,0.34412652254104614,0.3427083492279053
380000,76,0.0,0.9870345592498779,0.002064492553472519,-0.011493580415844917,0.027116145938634872,0.0,0.0,0.3805999755859375,0.14509999752044678,0.004999999888241291,0.0,0.0,0.0,0.3984939754009247,0.3683735132217407,0.375
385000,77,0.0,1.0017855167388916,0.005167700350284576,-0.008722483180463314,0.02778036706149578,0.0,0.0,0.37884998321533203,0.16349999606609344,0.004999999888241291,0.0,0.0,0.0,0.3894578516483307,0.3740963935852051,0.3730655014514923
390000,78,0.0,0.9938991665840149,0.011996854096651077,-0.002899791579693556,0.02979329228401184,0.0,0.0,0.4081999957561493,0.15604999661445618,0.012249999679625034,0.0,0.0,0.0,0.42183735966682434,0.403915673494339,0.39895835518836975
395000,79,0.0,0.9821208715438843,0.014694225043058395,0.0009384094155393541,0.027511632069945335,0.0,0.0,0.4405999779701233,0.16110000014305115,0.016449999064207077,0.0,0.0,0.0,0.4536144733428955,0.43268072605133057,0.4355655014514923
400000,80,0.0,1.0121992826461792,0.011389763094484806,-0.002551246667280793,0.02788201905786991,0.0,0.0,0.47689998149871826,0.17069999873638153,0.0050999997183680534,0.0,0.0,0.0,0.4879518151283264,0.4694277346134186,0.47336310148239136
405000,81,0.0,1.0568292140960693,0.009208106435835361,-0.0036137893330305815,0.025643792003393173,0.0,0.0,0.43879997730255127,0.21584999561309814,0.0038999998942017555,0.0,0.0,0.0,0.4489457905292511,0.4292168617248535,0.4382440745830536
410000,82,0.0,1.0376094579696655,0.00561913289129734,-0.007592055946588516,0.026422377675771713,0.0,0.0,0.3641499876976013,0.25130000710487366,0.01924999989569187,0.0,0.0,0.0,0.3733433783054352,0.35466867685317993,0.36443454027175903
415000,83,0.0,0.9573773145675659,0.008688779547810555,-0.0038602598942816257,0.025098079815506935,0.0,0.0,0.453249990940094,0.17994999885559082,0.006649999879300594,0.0,0.0,0.0,0.4611445963382721,0.44698795676231384,0.4516369104385376
420000,84,0.0,1.0035841464996338,0.005514328368008137,-0.008371839299798012,0.027772335335612297,0.0,0.0,0.46639999747276306,0.16349999606609344,0.008200000040233135,0.0,0.0,0.0,0.4778614640235901,0.4632530212402344,0.45818454027175903
425000,85,0.0,1.0297982692718506,0.009323252364993095,-0.00382808456197381,0.026302672922611237,0.0,0.0,0.48054999113082886,0.17379999160766602,0.003949999809265137,0.0,0.0,0.0,0.49442771077156067,0.4746988117694855,0.47261905670166016
430000,86,0.0,1.0182173252105713,0.010830724611878395,-0.00247186585329473,0.026605181396007538,0.0,0.0,0.4161999821662903,0.20189999043941498,0.008599999360740185,0.0,0.0,0.0,0.4201807379722595,0.41807228326797485,0.41041669249534607
435000,87,0.0,1.008483648300171,0.014301428571343422,0.0009728805162012577,0.026657097041606903,0.0,0.0,0.3670499920845032,0.1991499960422516,0.008700000122189522,0.0,0.0,0.0,0.3855421841144562,0.34789156913757324,0.36770835518836975
440000,88,0.0,1.0086939334869385,0.010824151337146759,-0.0021145003847777843,0.025877302512526512,0.0,0.0,0.3617499768733978,0.19094999134540558,0.013599999248981476,0.0,0.0,0.0,0.3710843324661255,0.36084339022636414,0.3534226417541504
445000,89,0.0,1.022910714149475,0.01069007720798254,-0.0017478003865107894,0.024875754490494728,0.0,0.0,0.3228999972343445,0.18744999170303345,0.006649999879300594,0.0,0.0,0.0,0.3293674886226654,0.31987953186035156,0.3194940686225891
450000,90,0.0,1.0400283336639404,0.008767533116042614,-0.0034316054079681635,0.024398276582360268,0.0,0.0,0.3015500009059906,0.23534999787807465,0.004299999680370092,0.0,0.0,0.0,0.3103915750980377,0.29608434438705444,0.29821428656578064
455000,91,0.0,1.0383130311965942,0.0065417177975177765,-0.006542555056512356,0.026168545708060265,0.0,0.0,0.2373499870300293,0.2980499863624573,0.018649999052286148,0.0,0.0,0.0,0.24864459037780762,0.228765070438385,0.23467262089252472
460000,92,0.0,1.014339804649353,0.010254263877868652,-0.0034751761704683304,0.027458880096673965,0.0,0.0,0.19900000095367432,0.38599997758865356,0.016200000420212746,0.0,0.0,0.0,0.19984939694404602,0.2073795199394226,0.18988095223903656
465000,93,0.0,1.0350944995880127,0.009926985017955303,-0.002976287854835391,0.025806546211242676,0.0,0.0,0.2475999891757965,0.42045000195503235,0.008750000037252903,0.0,0.0,0.0,0.24608434736728668,0.2516566216945648,0.24508929252624512
470000,94,0.0,1.043713092803955,0.007583291735500097,-0.00618347292765975,0.027533529326319695,0.0,0.0,0.2447499930858612,0.37424999475479126,0.005949999671429396,0.0,0.0,0.0,0.25195783376693726,0.24216867983341217,0.24017858505249023
475000,95,0.0,1.0192030668258667,0.013736207969486713,0.000507604971062392,0.026457205414772034,0.0,0.0,0.2599000036716461,0.4280499815940857,0.008299999870359898,0.0,0.0,0.0,0.2715361416339874,0.2545180916786194,0.2537202537059784
480000,96,0.0,0.996351420879364,0.017407720908522606,0.0033996549900621176,0.02801613137125969,0.0,0.0,0.29135000705718994,0.4699999988079071,0.006099999882280827,0.0,0.0,0.0,0.29924699664115906,0.28253012895584106,0.29226192831993103
485000,97,0.0,1.000955581665039,0.029277808964252472,0.015267115086317062,0.02802138961851597,0.0,0.0,0.3393999934196472,0.43324998021125793,0.012349999509751797,0.0,0.0,0.0,0.3484939932823181,0.33870482444763184,0.3311012089252472
490000,98,0.0,1.001621127128601,0.0225648395717144,0.008678553625941277,0.0277725700289011,0.0,0.0,0.2886999845504761,0.4778999984264374,0.006099999882280827,0.0,0.0,0.0,0.30075302720069885,0.2783132493495941,0.28705358505249023
495000,99,0.0,1.0033384561538696,0.022883977741003036,0.009541417472064495,0.026685122400522232,0.0,0.0,0.30994999408721924,0.4807499945163727,0.002099999925121665,0.0,0.0,0.0,0.32364457845687866,0.3063253164291382,0.30000001192092896
500000,100,0.0,1.0264275074005127,0.024389464408159256,0.010906239971518517,0.026966450735926628,0.0,0.0,0.31610000133514404,0.4770999848842621,9.999999747378752e-05,0.0,0.0,0.0,0.3218373656272888,0.3153614401817322,0.31116071343421936
505000,101,0.0,1.0325181484222412,0.025721704587340355,0.012855487875640392,0.025732433423399925,0.0,0.0,0.37059998512268066,0.37985000014305115,0.003949999809265137,0.0,0.0,0.0,0.3718373477458954,0.36611446738243103,0.3738095462322235
510000,102,0.0,1.0388890504837036,0.023639440536499023,0.01034117303788662,0.02659653313457966,0.0,0.0,0.4314499795436859,0.3025999963283539,0.009850000031292439,0.0,0.0,0.0,0.4405120611190796,0.42484942078590393,0.4290178716182709
515000,103,0.0,1.0312347412109375,0.02577182650566101,0.012942330911755562,0.02565898932516575,0.0,0.0,0.3990499973297119,0.3249000012874603,0.007949999533593655,0.0,0.0,0.0,0.3902108371257782,0.4018072485923767,0.4050595462322235
520000,104,0.0,1.0269469022750854,0.021622484549880028,0.008336531929671764,0.026571905240416527,0.0,0.0,0.32600000500679016,0.40299999713897705,0.005849999841302633,0.0,0.0,0.0,0.33719879388809204,0.3186747133731842,0.3221726417541504
525000,105,0.0,1.0011903047561646,0.021419871598482132,0.007978624664247036,0.026882493868470192,0.0,0.0,0.287200003862381,0.44669997692108154,0.0033499998971819878,0.0,0.0,0.0,0.2902108430862427,0.2837349474430084,0.2876488268375397
530000,106,0.0,0.9786877632141113,0.022127889096736908,0.009206894785165787,0.025841988623142242,0.0,0.0,0.2777499854564667,0.48524999618530273,0.00559999980032444,0.0,0.0,0.0,0.29231929779052734,0.2719879448413849,0.2690476179122925
535000,107,0.0,0.8803068399429321,0.01369529590010643,0.00017198103887494653,0.027046630159020424,0.0,0.0,0.24484999477863312,0.5486999750137329,0.007449999917298555,0.0,0.0,0.0,0.25647589564323425,0.2417168766260147,0.23645834624767303
540000,108,0.0,0.8734850287437439,0.013066967949271202,-0.00048378598876297474,0.027101507410407066,0.0,0.0,0.21494999527931213,0.6190499663352966,0.004399999976158142,0.0,0.0,0.0,0.22394578158855438,0.21475903689861298,0.20625001192092896
545000,109,0.0,0.9501134753227234,0.006098082754760981,-0.00748862000182271,0.02717340551316738,0.0,0.0,0.20464999973773956,0.6358000040054321,0.0024500000290572643,0.0,0.0,0.0,0.21445783972740173,0.19683735072612762,0.20267857611179352
550000,110,0.0,0.9858155250549316,0.014354498125612736,0.00173720542807132,0.025234585627913475,0.0,0.0,0.28619998693466187,0.5282999873161316,0.0038999998942017555,0.0,0.0,0.0,0.2989457845687866,0.28072288632392883,0.2790178656578064
555000,111,0.0,1.0064973831176758,0.001273580826818943,-0.012137145735323429,0.026821453124284744,0.0,0.0,0.31200000643730164,0.4867499768733978,0.005949999671429396,0.0,0.0,0.0,0.31897589564323425,0.31445783376693726,0.30267858505249023
560000,112,0.0,1.0231832265853882,0.007730071898549795,-0.00541047053411603,0.02628108486533165,0.0,0.0,0.37094998359680176,0.4103499948978424,4.999999873689376e-05,0.0,0.0,0.0,0.37454819679260254,0.3713855445384979,0.36696431040763855
565000,113,0.0,1.0039448738098145,0.011807085946202278,-0.0022347092162817717,0.028083590790629387,0.0,0.0,0.36089998483657837,0.40825000405311584,0.0030999998562037945,0.0,0.0,0.0,0.3566265106201172,0.35783132910728455,0.36815476417541504
570000,114,0.0,0.9734277129173279,0.016140945255756378,0.003532148664817214,0.02521759457886219,0.0,0.0,0.3139999806880951,0.4932999908924103,0.0011999999405816197,0.0,0.0,0.0,0.31882530450820923,0.3078313171863556,0.31532740592956543
575000,115,0.0,0.999390184879303,0.012183832004666328,-0.001615209155716002,0.027598083019256592,0.0,0.0,0.263949990272522,0.5192999839782715,0.00494999997317791,0.0,0.0,0.0,0.2674698829650879,0.2646084427833557,0.25982144474983215
580000,116,0.0,0.9970646500587463,0.022146187722682953,0.008447472006082535,0.027397429570555687,0.0,0.0,0.24319998919963837,0.5042999982833862,0.005849999841302633,0.0,0.0,0.0,0.24984940886497498,0.23885542154312134,0.24092262983322144
585000,117,0.0,1.0083273649215698,0.012572403065860271,0.000283916451735422,0.024576973170042038,0.0,0.0,0.2826499938964844,0.490449994802475,0.00559999980032444,0.0,0.0,0.0,0.2933734953403473,0.27635541558265686,0.2782738208770752
590000,118,0.0,1.0159361362457275,0.003741838037967682,-0.009689614176750183,0.02686290442943573,0.0,0.0,0.28329998254776,0.4790000021457672,0.005249999929219484,0.0,0.0,0.0,0.28072288632392883,0.2835843563079834,0.28556549549102783
595000,119,0.0,0.9771584868431091,0.005789577960968018,-0.007878702133893967,0.02733656018972397,0.0,0.0,0.31404998898506165,0.4603999853134155,0.008150000125169754,0.0,0.0,0.0,0.31295180320739746,0.3194277286529541,0.3098214268684387
600000,120,0.0,0.962581992149353,0.011697300709784031,-0.0010590179590508342,0.025512637570500374,0.0,0.0,0.3131999969482422,0.47360000014305115,0.002899999963119626,0.0,0.0,0.0,0.3194277286529541,0.316867470741272,0.30342262983322144
605000,121,0.0,0.9758456945419312,0.007307479623705149,-0.006228883285075426,0.02707272581756115,0.0,0.0,0.2974500060081482,0.4995499849319458,0.0031999999191612005,0.0,0.0,0.0,0.2941265106201172,0.29774096608161926,0.30044645071029663
610000,122,0.0,0.9808966517448425,0.015439174138009548,0.0025748328771442175,0.025728682056069374,0.0,0.0,0.3107999861240387,0.4730999767780304,0.008799999952316284,0.0,0.0,0.0,0.31987953186035156,0.3063253164291382,0.3062500059604645
615000,123,0.0,0.9882922768592834,0.015585883520543575,0.00183887779712677,0.02749401144683361,0.0,0.0,0.2709999978542328,0.48475000262260437,0.002899999963119626,0.0,0.0,0.0,0.28162652254104614,0.2650602459907532,0.2663690447807312
620000,124,0.0,0.9976793527603149,0.014815167523920536,0.0028572280425578356,0.023915879428386688,0.0,0.0,0.271699994802475,0.45329999923706055,0.011500000022351742,0.0,0.0,0.0,0.2668674886226654,0.26551204919815063,0.28258928656578064
625000,125,0.0,1.007623553276062,0.012139340862631798,-0.00044776685535907745,0.02517421543598175,0.0,0.0,0.22884999215602875,0.45350000262260437,0.009549999609589577,0.0,0.0,0.0,0.23840361833572388,0.21942771971225739,0.22872024774551392
630000,126,0.0,0.9942317008972168,0.01248124334961176,-0.0002704086364246905,0.025503303855657578,0.0,0.0,0.18709999322891235,0.4426499903202057,0.013100000098347664,0.0,0.0,0.0,0.18629518151283264,0.19111445546150208,0.18392857909202576
635000,127,0.0,0.9969943165779114,0.006182160694152117,-0.006167146842926741,0.024698615074157715,0.0,0.0,0.18599998950958252,0.4274500012397766,0.010649999603629112,0.0,0.0,0.0,0.1867469847202301,0.19021084904670715,0.18110120296478271
640000,128,0.0,0.9838003516197205,0.0013750242069363594,-0.011227107606828213,0.025204263627529144,0.0,0.0,0.17880000174045563,0.343099981546402,0.00925000011920929,0.0,0.0,0.0,0.18644578754901886,0.1784638613462448,0.17157739400863647
645000,129,0.0,1.0057371854782104,0.016218796372413635,0.0034588132984936237,0.025519967079162598,0.0,0.0,0.19089999794960022,0.31709998846054077,0.021549999713897705,0.0,0.0,0.0,0.1974397599697113,0.18463855981826782,0.19062501192092896
650000,130,0.0,1.036454439163208,0.01171018835157156,-0.00017451553139835596,0.023769408464431763,0.0,0.0,0.27684998512268066,0.27105000615119934,0.007599999662488699,0.0,0.0,0.0,0.2841867506504059,0.27078312635421753,0.2755952477455139
655000,131,0.0,1.0561527013778687,0.01265108585357666,-9.285354462917894e-05,0.025487879291176796,0.0,0.0,0.310699999332428,0.3227500021457672,0.006149999797344208,0.0,0.0,0.0,0.3164156675338745,0.3096385598182678,0.3061012029647827
660000,132,0.0,1.0237804651260376,0.007014945615082979,-0.00557700777426362,0.0251839067786932,0.0,0.0,0.3089999854564667,0.344650000333786,0.009649999439716339,0.0,0.0,0.0,0.3064759075641632,0.3132530152797699,0.3072916865348816
665000,133,0.0,1.0067089796066284,0.004094704054296017,-0.008364747278392315,0.024918902665376663,0.0,0.0,0.23194999992847443,0.3843500018119812,0.012949999421834946,0.0,0.0,0.0,0.23795181512832642,0.2295180708169937,0.2284226268529892
670000,134,0.0,1.0133118629455566,0.015392817556858063,0.0033531493972986937,0.02407933585345745,0.0,0.0,0.22914999723434448,0.3471499979496002,0.016200000420212746,0.0,0.0,0.0,0.2302710860967636,0.23644578456878662,0.22083334624767303
675000,135,0.0,1.035107970237732,0.012153695337474346,0.0005890052416361868,0.023129379376769066,0.0,0.0,0.2052999883890152,0.36134999990463257,0.010400000028312206,0.0,0.0,0.0,0.22048193216323853,0.19713856279850006,0.19836309552192688
680000,136,0.0,1.0329711437225342,0.010129600763320923,-0.0016361610032618046,0.02353152446448803,0.0,0.0,0.2759999930858612,0.350849986076355,0.005549999885261059,0.0,0.0,0.0,0.2805722951889038,0.27635541558265686,0.2711309492588043
685000,137,0.0,1.0190929174423218,0.012114457786083221,0.0002992423833347857,0.023630430921912193,0.0,0.0,0.3139999806880951,0.39184999465942383,0.006049999967217445,0.0,0.0,0.0,0.30828315019607544,0.3153614401817322,0.31830358505249023
690000,138,0.0,0.9824275970458984,0.0013167960569262505,-0.01133659202605486,0.02530677616596222,0.0,0.0,0.24929998815059662,0.4646499752998352,0.010950000025331974,0.0,0.0,0.0,0.24984940886497498,0.2516566216945648,0.24642857909202576
695000,139,0.0,0.9939274191856384,0.0018651625141501427,-0.009941646829247475,0.023613618686795235,0.0,0.0,0.2289000004529953,0.45364999771118164,0.005849999841302633,0.0,0.0,0.0,0.22500000894069672,0.23237952589988708,0.22931548953056335
700000,140,0.0,1.0057445764541626,0.017254894599318504,0.004867302719503641,0.0247751846909523,0.0,0.0,0.20579999685287476,0.47154998779296875,0.015449999831616879,0.0,0.0,0.0,0.22123494744300842,0.20105421543121338,0.19523809850215912
705000,141,0.0,1.030103325843811,0.0119467219337821,-0.0007644561701454222,0.0254223570227623,0.0,0.0,0.21364998817443848,0.39809998869895935,0.006399999838322401,0.0,0.0,0.0,0.21551205217838287,0.21295180916786194,0.21250000596046448
710000,142,0.0,1.0070255994796753,-0.001595083624124527,-0.014593401923775673,0.025996636599302292,0.0,0.0,0.20149999856948853,0.38865000009536743,0.010799999348819256,0.0,0.0,0.0,0.21250000596046448,0.19563253223896027,0.196428582072258
715000,143,0.0,1.0132426023483276,0.01599578931927681,0.003234168980270624,0.025523239746689796,0.0,0.0,0.243149995803833,0.3340499997138977,0.012799999676644802,0.0,0.0,0.0,0.2492469996213913,0.23810242116451263,0.24211309850215912
720000,144,0.0,1.0228158235549927,0.004742139019072056,-0.008127354085445404,0.02573898620903492,0.0,0.0,0.2308499962091446,0.3577999770641327,0.016599999740719795,0.0,0.0,0.0,0.24036145210266113,0.23057229816913605,0.221726194024086
725000,145,0.0,1.0359443426132202,0.004468140192329884,-0.008561690337955952,0.02605966106057167,0.0,0.0,0.26420000195503235,0.3852500021457672,0.006449999753385782,0.0,0.0,0.0,0.2677710950374603,0.25963854789733887,0.2651785910129547
730000,146,0.0,1.012943983078003,0.014657111838459969,0.0021225837990641594,0.02506905607879162,0.0,0.0,0.30124998092651367,0.423799991607666,0.0030999998562037945,0.0,0.0,0.0,0.3057228922843933,0.30075302720069885,0.2973214387893677
735000,147,0.0,1.018367052078247,0.015589994378387928,0.003093959763646126,0.024992069229483604,0.0,0.0,0.2822999954223633,0.4599999785423279,0.00279999990016222,0.0,0.0,0.0,0.2781626582145691,0.2841867506504059,0.2845238149166107
740000,148,0.0,1.0175656080245972,0.005070175509899855,-0.007730084005743265,0.02560051903128624,0.0,0.0,0.2859500050544739,0.44359999895095825,0.003449999960139394,0.0,0.0,0.0,0.28629517555236816,0.28765061497688293,0.2839285731315613
745000,149,0.0,1.0199638605117798,-0.0018376894295215607,-0.014209823682904243,0.024744268506765366,0.0,0.0,0.2724500000476837,0.4519999921321869,0.004650000017136335,0.0,0.0,0.0,0.27725905179977417,0.25963854789733887,0.28035715222358704
750000,150,0.0,1.0375159978866577,0.012223122641444206,-0.0005990462959744036,0.025644337758421898,0.0,0.0,0.287200003862381,0.41669997572898865,0.004100000020116568,0.0,0.0,0.0,0.29307228326797485,0.2874999940395355,0.28110119700431824
755000,151,0.0,1.0140349864959717,0.015608727000653744,0.003443527966737747,0.024330398067831993,0.0,0.0,0.3479499816894531,0.39499998092651367,0.0024500000290572643,0.0,0.0,0.0,0.3489457964897156,0.3561747074127197,0.3388392925262451
760000,152,0.0,1.0089917182922363,0.003961572423577309,-0.008688071742653847,0.02529928833246231,0.0,0.0,0.3712500035762787,0.4170999825000763,0.0016999999061226845,0.0,0.0,0.0,0.3721385598182678,0.38057228922843933,0.3611607253551483
765000,153,0.0,0.9944215416908264,0.0012741638347506523,-0.010996151715517044,0.024540631100535393,0.0,0.0,0.4242499768733978,0.37459999322891235,0.002149999840185046,0.0,0.0,0.0,0.4292168617248535,0.43253013491630554,0.41116073727607727
770000,154,0.0,0.9986667037010193,0.019954783841967583,0.007510103285312653,0.02488936111330986,0.0,0.0,0.4331499934196472,0.34575000405311584,0.0031500000040978193,0.0,0.0,0.0,0.42484942078590393,0.4483433961868286,0.4263392984867096
775000,155,0.0,0.9628039598464966,0.0035445978865027428,-0.007886579260230064,0.022862354293465614,0.0,0.0,0.4834999740123749,0.3140999972820282,0.0032999999821186066,0.0,0.0,0.0,0.48072290420532227,0.4891566336154938,0.480654776096344
780000,156,0.0,0.9665816426277161,-0.0024266457185149193,-0.014767685905098915,0.02468208037316799,0.0,0.0,0.4715999960899353,0.2979999780654907,0.002899999963119626,0.0,0.0,0.0,0.46611446142196655,0.4795180857181549,0.4691964387893677
785000,157,0.0,0.9546441435813904,0.024173647165298462,0.013085732236504555,0.022175829857587814,0.0,0.0,0.48284998536109924,0.288349986076355,0.001999999862164259,0.0,0.0,0.0,0.4769578278064728,0.4871987998485565,0.4843750298023224
790000,158,0.0,0.975261390209198,0.0018072398379445076,-0.01062378566712141,0.024862051010131836,0.0,0.0,0.51214998960495,0.29054999351501465,0.0006500000017695129,0.0,0.0,0.0,0.4868975877761841,0.5362951755523682,0.513244092464447
795000,159,0.0,1.0014886856079102,0.009082702919840813,-0.00356619106605649,0.02529778890311718,0.0,0.0,0.49834999442100525,0.3152499794960022,0.0004999999655410647,0.0,0.0,0.0,0.478765070438385,0.5058735013008118,0.5102678537368774
800000,160,0.0,0.9858920574188232,0.009553348645567894,-0.0028384176548570395,0.024783533066511154,0.0,0.0,0.4590499997138977,0.3325499892234802,0.002099999925121665,0.0,0.0,0.0,0.45015060901641846,0.46987953782081604,0.4571428894996643
805000,161,0.0,0.9546176791191101,0.004794576205313206,-0.006524380296468735,0.02263791300356388,0.0,0.0,0.3666499853134155,0.4200499951839447,0.003000000026077032,0.0,0.0,0.0,0.3603915870189667,0.3710843324661255,0.36845239996910095
810000,162,0.0,0.9953177571296692,0.013325567357242107,0.0008124717278406024,0.025026191025972366,0.0,0.0,0.30309998989105225,0.4387499988079071,0.0016999999061226845,0.0,0.0,0.0,0.2829819321632385,0.3162650763988495,0.30997025966644287
815000,163,0.0,1.0061352252960205,0.00014499202370643616,-0.012531166896224022,0.025352317839860916,0.0,0.0,0.32829999923706055,0.42170000076293945,0.0007999999797903001,0.0,0.0,0.0,0.3237951993942261,0.3385542333126068,0.3226190507411957
820000,164,0.0,1.0128060579299927,0.015210404992103577,0.003883016761392355,0.022654777392745018,0.0,0.0,0.3642500042915344,0.32854998111724854,0.00044999999227002263,0.0,0.0,0.0,0.35240963101387024,0.37756025791168213,0.36279764771461487
825000,165,0.0,0.9578148126602173,-0.0049656350165605545,-0.01716221496462822,0.02439315989613533,0.0,0.0,0.3490999937057495,0.38154998421669006,0.0016999999061226845,0.0,0.0,0.0,0.33268073201179504,0.3606927692890167,0.3538690507411957
830000,166,0.0,0.9836506843566895,0.022826174274086952,0.009822805412113667,0.02600673772394657,0.0,0.0,0.2756499946117401,0.4327999949455261,0.000699999975040555,0.0,0.0,0.0,0.26024097204208374,0.2942771017551422,0.27247023582458496
835000,167,0.0,0.8818302750587463,0.0006117802113294601,-0.0112433647736907,0.02371028997004032,0.0,0.0,0.2528499960899353,0.5164499878883362,0.001349999918602407,0.0,0.0,0.0,0.2516566216945648,0.25105422735214233,0.25580358505249023
840000,168,0.0,0.9068220257759094,0.007708659861236811,-0.004736104514449835,0.02488952875137329,0.0,0.0,0.22804999351501465,0.5388500094413757,0.0017499999376013875,0.0,0.0,0.0,0.2073795199394226,0.2477409690618515,0.22901786863803864
845000,169,0.0,0.97626131772995,0.015798166394233704,0.004817313980311155,0.02196170575916767,0.0,0.0,0.28769999742507935,0.43939998745918274,0.00139999995008111,0.0,0.0,0.0,0.28027108311653137,0.29246988892555237,0.29032739996910095
850000,170,0.0,0.9507267475128174,-0.002612234093248844,-0.014159856364130974,0.02309524454176426,0.0,0.0,0.28859999775886536,0.3971000015735626,0.0023499999660998583,0.0,0.0,0.0,0.2760542333126068,0.2981927692890167,0.29151785373687744
855000,171,0.0,0.9341519474983215,0.009032639674842358,-0.0033685278613120317,0.02480233460664749,0.0,0.0,0.3735499978065491,0.3779999911785126,0.0008999999845400453,0.0,0.0,0.0,0.34789156913757324,0.39081326127052307,0.38184526562690735
860000,172,0.0,0.9240745902061462,0.012204435653984547,2.6900481316260993e-05,0.024355070665478706,0.0,0.0,0.382099986076355,0.4284999966621399,0.0009499999578110874,0.0,0.0,0.0,0.3650602400302887,0.39367470145225525,0.38750001788139343
865000,173,0.0,0.9514285922050476,0.00256206002086401,-0.009187757037580013,0.023499634116888046,0.0,0.0,0.430649995803833,0.3608499765396118,0.0008999999845400453,0.0,0.0,0.0,0.4061747193336487,0.4445783197879791,0.44107145071029663
870000,174,0.0,0.8994208574295044,0.01650119014084339,0.004665341693907976,0.023671697825193405,0.0,0.0,0.3653999865055084,0.4165000021457672,0.001349999918602407,0.0,0.0,0.0,0.3551204800605774,0.3736445903778076,0.36741071939468384
875000,175,0.0,0.9002445936203003,0.019006742164492607,0.007897610776126385,0.022218262776732445,0.0,0.0,0.3430500030517578,0.4245999753475189,0.00139999995008111,0.0,0.0,0.0,0.3117469847202301,0.358132541179657,0.3590773940086365
880000,176,0.0,0.8246522545814514,-0.002886100672185421,-0.014277293346822262,0.02278238534927368,0.0,0.0,0.25644999742507935,0.5141000151634216,0.004249999765306711,0.0,0.0,0.0,0.2417168766260147,0.25572291016578674,0.27172619104385376
885000,177,0.0,0.8483169674873352,0.005869935266673565,-0.00633038766682148,0.02440064586699009,0.0,0.0,0.19739998877048492,0.5008499622344971,0.0016499999910593033,0.0,0.0,0.0,0.18343374133110046,0.20135542750358582,0.20729167759418488
890000,178,0.0,0.8551353216171265,0.025723371654748917,0.013403106480836868,0.024640530347824097,0.0,0.0,0.20809999108314514,0.518750011920929,0.0003499999875202775,0.0,0.0,0.0,0.19096386432647705,0.20331326127052307,0.22976191341876984
895000,179,0.0,0.7898146510124207,0.008602455258369446,-0.0031329109333455563,0.02347073145210743,0.0,0.0,0.20694999396800995,0.5997999906539917,0.0018999999156221747,0.0,0.0,0.0,0.193674698472023,0.205873504281044,0.22113096714019775
900000,180,0.0,0.7192604541778564,0.00292286928743124,-0.009550398215651512,0.024946535006165504,0.0,0.0,0.1618499904870987,0.6353499889373779,0.0008499999530613422,0.0,0.0,0.0,0.15512049198150635,0.15918675065040588,0.1711309552192688
905000,181,0.0,0.7956786155700684,0.006137417629361153,-0.006348474882543087,0.02497178502380848,0.0,0.0,0.18724998831748962,0.5793499946594238,0.001449999981559813,0.0,0.0,0.0,0.17515060305595398,0.18629518151283264,0.2001488208770752
910000,182,0.0,0.8709056377410889,0.013099697418510914,0.0011958297109231353,0.023807736113667488,0.0,0.0,0.20064999163150787,0.4894999861717224,0.0017999999690800905,0.0,0.0,0.0,0.1897590458393097,0.20090362429618835,0.21116071939468384
915000,183,0.0,0.9170730113983154,0.005541769787669182,-0.005814466625452042,0.022712472826242447,0.0,0.0,0.22659999132156372,0.38439998030662537,0.0016499999910593033,0.0,0.0,0.0,0.220933735370636,0.2293674796819687,0.22946429252624512
920000,184,0.0,0.8643245697021484,0.001055070199072361,-0.010717824101448059,0.02354578860104084,0.0,0.0,0.23834998905658722,0.4194999933242798,0.0017499999376013875,0.0,0.0,0.0,0.2387048304080963,0.2370481938123703,0.23928572237491608
925000,185,0.0,0.7862853407859802,0.02199152484536171,0.009252341464161873,0.025478368625044823,0.0,0.0,0.2295999974012375,0.5111500024795532,0.0005999999702908099,0.0,0.0,0.0,0.2233433723449707,0.220933735370636,0.24434524774551392
930000,186,0.0,0.7414789795875549,-0.0008506001904606819,-0.012669200077652931,0.0236371997743845,0.0,0.0,0.22509999573230743,0.5754500031471252,0.003499999875202775,0.0,0.0,0.0,0.2158132642507553,0.22740964591503143,0.23199406266212463
935000,187,0.0,0.8967519402503967,-0.001838437281548977,-0.013284432701766491,0.022891990840435028,0.0,0.0,0.24824999272823334,0.47049999237060547,0.0032499998342245817,0.0,0.0,0.0,0.24412651360034943,0.24683734774589539,0.2537202537059784
940000,188,0.0,0.8650372624397278,0.007874282076954842,-0.004254679661244154,0.024257924407720566,0.0,0.0,0.2320999950170517,0.4652499854564667,0.0044999998062849045,0.0,0.0,0.0,0.20903614163398743,0.23509036004543304,0.2519345283508301
945000,189,0.0,0.8701320290565491,0.0012903586030006409,-0.010790095664560795,0.02416090853512287,0.0,0.0,0.27504998445510864,0.43129998445510864,0.0036499998532235622,0.0,0.0,0.0,0.25963854789733887,0.27771085500717163,0.2876488268375397
950000,190,0.0,0.906682014465332,0.019772211089730263,0.007449404802173376,0.0246456116437912,0.0,0.0,0.2863999903202057,0.39399999380111694,0.0005499999970197678,0.0,0.0,0.0,0.2567771077156067,0.2986445724964142,0.3035714328289032
955000,191,0.0,0.9308347702026367,-0.01038483064621687,-0.022789306938648224,0.02480895258486271,0.0,0.0,0.2915000021457672,0.39649999141693115,0.00139999995008111,0.0,0.0,0.0,0.26265060901641846,0.30240964889526367,0.30922621488571167
960000,192,0.0,0.8100584745407104,0.03211352974176407,0.020025676116347313,0.024175703525543213,0.0,0.0,0.20414999127388,0.4986499845981598,0.0018999999156221747,0.0,0.0,0.0,0.20376506447792053,0.20286144316196442,0.20580357313156128
965000,193,0.0,0.7690907120704651,-0.0071126846596598625,-0.019343407824635506,0.024461446329951286,0.0,0.0,0.15969999134540558,0.5602499842643738,0.0019499999471008778,0.0,0.0,0.0,0.1516566276550293,0.16295181214809418,0.1644345372915268
970000,194,0.0,0.8767547607421875,0.011444248259067535,-0.00024059982388280332,0.023369695991277695,0.0,0.0,0.1912499964237213,0.5128999948501587,0.0016499999910593033,0.0,0.0,0.0,0.19021084904670715,0.18584337830543518,0.19761905074119568
975000,195,0.0,0.7097221612930298,0.009545251727104187,-0.0018203429644927382,0.02273118868470192,0.0,0.0,0.17979998886585236,0.6114499568939209,0.001999999862164259,0.0,0.0,0.0,0.17635542154312134,0.18177711963653564,0.18125000596046448
980000,196,0.0,0.7337037324905396,0.007595741655677557,-0.004175878595560789,0.023543240502476692,0.0,0.0,0.17624999582767487,0.6340999603271484,0.0030999998562037945,0.0,0.0,0.0,0.17138554155826569,0.17635542154312134,0.18095238506793976
985000,197,0.0,0.7189846634864807,-0.004231282509863377,-0.016375279054045677,0.0242879930883646,0.0,0.0,0.16794998943805695,0.6721499562263489,0.0007999999797903001,0.0,0.0,0.0,0.1608433723449707,0.1676204800605774,0.17529763281345367
990000,198,0.0,0.7780105471611023,0.02713591232895851,0.015037203207612038,0.024197418242692947,0.0,0.0,0.2541999816894531,0.5825999975204468,0.0015999999595806003,0.0,0.0,0.0,0.23975904285907745,0.262198805809021,0.26056548953056335
995000,199,0.0,0.8234173655509949,-0.008969660848379135,-0.02080688253045082,0.02367444336414337,0.0,0.0,0.2556000053882599,0.5322499871253967,0.0008999999845400453,0.0,0.0,0.0,0.24262048304080963,0.25737953186035156,0.2666666805744171
1000000,200,0.0,0.7874335646629333,0.021899553015828133,0.010036555118858814,0.023725995793938637,0.0,0.0,0.2194499969482422,0.5428499579429626,0.0016499999910593033,0.0,0.0,0.0,0.21250000596046448,0.2156626582145691,0.23005953431129456
1005000,201,0.0,0.7394239902496338,-0.003083784133195877,-0.01525170262902975,0.024335836991667747,0.0,0.0,0.15285000205039978,0.6461499929428101,0.001349999918602407,0.0,0.0,0.0,0.15180723369121552,0.14623494446277618,0.16041667759418488
1010000,202,0.0,0.7280198931694031,0.004417998716235161,-0.007058265618979931,0.022952528670430183,0.0,0.0,0.16174998879432678,0.6394000053405762,0.0006500000017695129,0.0,0.0,0.0,0.15496988594532013,0.1615963876247406,0.16860119998455048
1015000,203,0.0,0.7666345238685608,0.014859773218631744,0.0031841513700783253,0.023351244628429413,0.0,0.0,0.17784999310970306,0.6097999811172485,0.00029999998514540493,0.0,0.0,0.0,0.16129519045352936,0.18358434736728668,0.18854168057441711
1020000,204,0.0,0.8136704564094543,0.0004761042073369026,-0.01103342417627573,0.023019056767225266,0.0,0.0,0.20784999430179596,0.5429499745368958,0.002199999988079071,0.0,0.0,0.0,0.2012048214673996,0.21204820275306702,0.21026787161827087
1025000,205,0.0,0.7369527220726013,0.01337386667728424,0.001270692446269095,0.02420634776353836,0.0,0.0,0.2085999995470047,0.5540499687194824,0.0015499999281018972,0.0,0.0,0.0,0.20406627655029297,0.20451807975769043,0.21711310744285583
1030000,206,0.0,0.7595189213752747,-0.003108737990260124,-0.014614565297961235,0.02301165461540222,0.0,0.0,0.18969999253749847,0.5727499723434448,0.00039999998989515007,0.0,0.0,0.0,0.19307228922843933,0.18388554453849792,0.19211310148239136
1035000,207,0.0,0.7375156879425049,0.01238707173615694,3.1068419048096985e-05,0.024712007492780685,0.0,0.0,0.2157999873161316,0.5961499810218811,0.00019999999494757503,0.0,0.0,0.0,0.20481927692890167,0.22274096310138702,0.21979168057441711
1040000,208,0.0,0.8041940331459045,0.003596235066652298,-0.007373776286840439,0.021940022706985474,0.0,0.0,0.23919999599456787,0.5505499839782715,0.00029999998514540493,0.0,0.0,0.0,0.2370481938123703,0.24216867983341217,0.23839285969734192
1045000,209,0.0,0.7957999110221863,0.012506400234997272,0.001793999457731843,0.021424802020192146,0.0,0.0,0.22264999151229858,0.5612499713897705,0.0006500000017695129,0.0,0.0,0.0,0.22846385836601257,0.21686747670173645,0.22261905670166016
1050000,210,0.0,0.8229451179504395,0.004411025438457727,-0.007064627017825842,0.02295130491256714,0.0,0.0,0.2272000014781952,0.5356000065803528,0.0004999999655410647,0.0,0.0,0.0,0.21686747670173645,0.22695784270763397,0.23764881491661072
1055000,211,0.0,0.6838764548301697,0.005388680379837751,-0.006141474936157465,0.023060310631990433,0.0,0.0,0.14264999330043793,0.6372500061988831,0.0011999999405816197,0.0,0.0,0.0,0.14518073201179504,0.1471385508775711,0.13571429252624512
1060000,212,0.0,0.7741673588752747,0.010435360483825207,-0.0003424575843382627,0.021555636078119278,0.0,0.0,0.21175000071525574,0.5188499689102173,0.0010999999940395355,0.0,0.0,0.0,0.20406627655029297,0.21626506745815277,0.21488095819950104
1065000,213,0.0,0.786176860332489,0.004083817359060049,-0.007086257915943861,0.02234015055000782,0.0,0.0,0.23594999313354492,0.49984997510910034,0.0011999999405816197,0.0,0.0,0.0,0.2423192858695984,0.24051205813884735,0.22514881193637848
1070000,214,0.0,0.801409125328064,0.007923392578959465,-0.003317461349070072,0.022481707856059074,0.0,0.0,0.25429999828338623,0.4763999879360199,0.0007999999797903001,0.0,0.0,0.0,0.2516566216945648,0.26731929183006287,0.2440476268529892
1075000,215,0.0,0.7682957649230957,0.005944779608398676,-0.005982378032058477,0.023854315280914307,0.0,0.0,0.280599981546402,0.4505999982357025,0.001500000013038516,0.0,0.0,0.0,0.2909638583660126,0.28614458441734314,0.2648809552192688
1080000,216,0.0,0.7523145079612732,0.010306594893336296,-0.0010295684915035963,0.022672327235341072,0.0,0.0,0.28139999508857727,0.4804999828338623,0.0005999999702908099,0.0,0.0,0.0,0.2757530212402344,0.27725905179977417,0.29107144474983215
1085000,217,0.0,0.7951623797416687,0.010061279870569706,-0.001264813938178122,0.022652188315987587,0.0,0.0,0.2888999879360199,0.43849998712539673,0.0006500000017695129,0.0,0.0,0.0,0.295632541179657,0.29081326723098755,0.28035715222358704
1090000,218,0.0,0.8880563974380493,0.004542165901511908,-0.006413415540009737,0.02191116288304329,0.0,0.0,0.27844998240470886,0.36419999599456787,0.00014999999257270247,0.0,0.0,0.0,0.2820783257484436,0.28072288632392883,0.2726190686225891
1095000,219,0.0,0.7837685346603394,0.00518393749371171,-0.00637781759724021,0.02312351018190384,0.0,0.0,0.19254998862743378,0.4585999846458435,9.999999747378752e-05,0.0,0.0,0.0,0.18042169511318207,0.19412651658058167,0.20297619700431824
1100000,220,0.0,0.666683554649353,0.00913225207477808,-0.0013317626435309649,0.020928028970956802,0.0,0.0,0.16820000112056732,0.5216000080108643,0.0007999999797903001,0.0,0.0,0.0,0.17319276928901672,0.1653614491224289,0.16607142984867096
1105000,221,0.0,0.701393723487854,0.007674511056393385,-0.0037520513869822025,0.022853124886751175,0.0,0.0,0.15929999947547913,0.47209998965263367,0.002849999815225601,0.0,0.0,0.0,0.1677710860967636,0.15918675065040588,0.1510416716337204
1110000,222,0.0,0.7926525473594666,0.0013221800327301025,-0.010346591472625732,0.02333754301071167,0.0,0.0,0.1841999888420105,0.37084999680519104,0.00029999998514540493,0.0,0.0,0.0,0.18990963697433472,0.18042169511318207,0.1822916716337204
1115000,223,0.0,0.8374937176704407,0.01617462746798992,0.005041417665779591,0.022266419604420662,0.0,0.0,0.24994999170303345,0.3342999815940857,0.0005499999970197678,0.0,0.0,0.0,0.2546686828136444,0.24111446738243103,0.2540178596973419
1120000,224,0.0,0.8198928236961365,-0.00313397403806448,-0.01439184881746769,0.02251574955880642,0.0,0.0,0.2965500056743622,0.3123999834060669,0.0016499999910593033,0.0,0.0,0.0,0.2882530093193054,0.3010542094707489,0.3002976179122925
1125000,225,0.0,0.8190617561340332,-0.005479748360812664,-0.016178371384739876,0.021397246047854424,0.0,0.0,0.330049991607666,0.35929998755455017,0.000699999975040555,0.0,0.0,0.0,0.3207831382751465,0.33268073201179504,0.3366071581840515
1130000,226,0.0,0.8757029175758362,0.016529563814401627,0.005962134338915348,0.021134857088327408,0.0,0.0,0.34039998054504395,0.3401999771595001,0.0005499999970197678,0.0,0.0,0.0,0.3308734893798828,0.3399096429347992,0.35029762983322144
1135000,227,0.0,0.8326312303543091,-0.0023073460906744003,-0.013068261556327343,0.021521830931305885,0.0,0.0,0.2781499922275543,0.44349998235702515,0.001500000013038516,0.0,0.0,0.0,0.2858433723449707,0.2774096429347992,0.27127978205680847
1140000,228,0.0,0.8522807359695435,-0.00730646587908268,-0.0186688844114542,0.022724837064743042,0.0,0.0,0.2651999890804291,0.40789997577667236,0.00024999998277053237,0.0,0.0,0.0,0.25331324338912964,0.27078312635421753,0.27142858505249023
1145000,229,0.0,0.8669437170028687,0.015307653695344925,0.004432697780430317,0.021749911829829216,0.0,0.0,0.28349998593330383,0.3495499789714813,0.00019999999494757503,0.0,0.0,0.0,0.2828313410282135,0.2813253104686737,0.28630954027175903
1150000,230,0.0,0.7463058233261108,-0.006246086210012436,-0.018037447705864906,0.02358272299170494,0.0,0.0,0.18150000274181366,0.37529999017715454,0.0011500000255182385,0.0,0.0,0.0,0.19186747074127197,0.17560240626335144,0.1770833432674408
1155000,231,0.0,0.7909019589424133,-0.015871457755565643,-0.026812810450792313,0.021882707253098488,0.0,0.0,0.21044999361038208,0.3155999779701233,0.003449999960139394,0.0,0.0,0.0,0.20993976294994354,0.2079819291830063,0.21339286863803864
1160000,232,0.0,0.8393794894218445,0.0009925048798322678,-0.010107430629432201,0.02219987101852894,0.0,0.0,0.21139998733997345,0.3125,0.0011500000255182385,0.0,0.0,0.0,0.20918674767017365,0.21024097502231598,0.21473215520381927
1165000,233,0.0,0.8712923526763916,-0.002714809961616993,-0.013644207268953323,0.02185879461467266,0.0,0.0,0.23465000092983246,0.3244999945163727,0.0004999999655410647,0.0,0.0,0.0,0.23117470741271973,0.22680723667144775,0.24583333730697632
1170000,234,0.0,0.8886081576347351,0.0005346722900867462,-0.010212675668299198,0.02149469591677189,0.0,0.0,0.31825000047683716,0.3474999964237213,0.0038999998942017555,0.0,0.0,0.0,0.312349408864975,0.32816267013549805,0.3142857253551483
1175000,235,0.0,0.9151700735092163,-0.02004130184650421,-0.030723344534635544,0.021364087238907814,0.0,0.0,0.3429499864578247,0.3401999771595001,0.00024999998277053237,0.0,0.0,0.0,0.3293674886226654,0.3474397659301758,0.3519345223903656
1180000,236,0.0,0.9096807241439819,-0.06410792469978333,-0.07578719407320023,0.0233585387468338,0.0,0.0,0.33709999918937683,0.36739999055862427,0.000699999975040555,0.0,0.0,0.0,0.3155120611190796,0.33493977785110474,0.3605654835700989
1185000,237,0.0,0.8470259308815002,0.016851656138896942,0.006013667676597834,0.021675975993275642,0.0,0.0,0.2534500062465668,0.39945000410079956,0.0006500000017695129,0.0,0.0,0.0,0.25256025791168213,0.2591867446899414,0.24866072833538055
1190000,238,0.0,0.9269781112670898,0.08509615063667297,0.07359723001718521,0.022997848689556122,0.0,0.0,0.24229998886585236,0.38429999351501465,0.0008499999530613422,0.0,0.0,0.0,0.24819277226924896,0.2317771166563034,0.24687500298023224
1195000,239,0.0,0.8674134612083435,-0.05120384693145752,-0.06326764076948166,0.02412758581340313,0.0,0.0,0.18689998984336853,0.4722999930381775,0.0005999999702908099,0.0,0.0,0.0,0.1670180708169937,0.18403615057468414,0.20937500894069672
1200000,240,0.0,0.8457009792327881,0.050234369933605194,0.03930716961622238,0.021854402497410774,0.0,0.0,0.19280000030994415,0.5156499743461609,0.0016999999061226845,0.0,0.0,0.0,0.19804216921329498,0.18870481848716736,0.19166667759418488
1205000,241,0.0,0.8230658173561096,-0.028101153671741486,-0.039079051464796066,0.02195579558610916,0.0,0.0,0.16004998981952667,0.5369499921798706,0.0011999999405816197,0.0,0.0,0.0,0.16521084308624268,0.15602409839630127,0.15892857313156128
1210000,242,0.0,0.8538575172424316,0.0018727229908108711,-0.008405854925513268,0.020557155832648277,0.0,0.0,0.1574999988079071,0.538599967956543,0.00019999999494757503,0.0,0.0,0.0,0.16355422139167786,0.15572290122509003,0.1532738208770752
1215000,243,0.0,0.8289386630058289,0.010451754555106163,-0.00011650619126157835,0.02113652229309082,0.0,0.0,0.16009999811649323,0.6103999614715576,0.00029999998514540493,0.0,0.0,0.0,0.1638554185628891,0.16174699366092682,0.1547619104385376
1220000,244,0.0,0.8706527352333069,0.0026964377611875534,-0.008028833195567131,0.02145054191350937,0.0,0.0,0.18679998815059662,0.5643500089645386,0.000699999975040555,0.0,0.0,0.0,0.1790662705898285,0.1867469847202301,0.19449405372142792
1225000,245,0.0,0.9054819941520691,0.0176067091524601,0.006537334993481636,0.022138750180602074,0.0,0.0,0.21289999783039093,0.47699999809265137,0.0016999999061226845,0.0,0.0,0.0,0.19337350130081177,0.22771084308624268,0.21755953133106232
1230000,246,0.0,0.8239714503288269,0.0019735610112547874,-0.008389975875616074,0.020727073773741722,0.0,0.0,0.16839998960494995,0.5512999892234802,0.0023999998811632395,0.0,0.0,0.0,0.1655120551586151,0.17349398136138916,0.16622024774551392
1235000,247,0.0,0.9161574244499207,0.03264045715332031,0.022104747593402863,0.0210714153945446,0.0,0.0,0.2188500016927719,0.4587499797344208,0.00029999998514540493,0.0,0.0,0.0,0.2156626582145691,0.22439759969711304,0.2165178656578064
1240000,248,0.0,0.8924068212509155,-0.006614823825657368,-0.017269082367420197,0.021308517083525658,0.0,0.0,0.26464998722076416,0.48144999146461487,0.0005999999702908099,0.0,0.0,0.0,0.24141566455364227,0.26867470145225525,0.28363096714019775
1245000,249,0.0,0.8438280820846558,-0.006145898252725601,-0.016861869022250175,0.02143194153904915,0.0,0.0,0.27480000257492065,0.5195499658584595,0.00024999998277053237,0.0,0.0,0.0,0.2575301229953766,0.27771085500717163,0.2889881134033203
1250000,250,0.0,0.9432030916213989,0.022221457213163376,0.012065677903592587,0.02031155675649643,0.0,0.0,0.3728500008583069,0.42260000109672546,0.00019999999494757503,0.0,0.0,0.0,0.3590361475944519,0.3819277286529541,0.3775297701358795
1255000,251,0.0,0.9457845687866211,-0.010109586641192436,-0.02093222364783287,0.02164527401328087,0.0,0.0,0.3510499894618988,0.424699991941452,0.00029999998514540493,0.0,0.0,0.0,0.3308734893798828,0.3599397540092468,0.36220240592956543
1260000,252,0.0,0.8967875838279724,0.01333765871822834,0.0034292081836611032,0.01981690153479576,0.0,0.0,0.31915000081062317,0.43434998393058777,0.00029999998514540493,0.0,0.0,0.0,0.31129518151283264,0.3216867446899414,0.324404776096344
1265000,253,0.0,0.8942839503288269,0.05522553622722626,0.04433711618185043,0.021776841953396797,0.0,0.0,0.3227999806404114,0.4175499975681305,0.0010499999625608325,0.0,0.0,0.0,0.28855422139167786,0.33810243010520935,0.3415178656578064
1270000,254,0.0,0.8766272068023682,0.028073793277144432,0.016960255801677704,0.022227074950933456,0.0,0.0,0.28999999165534973,0.4343999922275543,0.0035500000230968,0.0,0.0,0.0,0.26581326127052307,0.295783132314682,0.30818453431129456
1275000,255,0.0,0.8433030843734741,0.0009365221485495567,-0.009819434955716133,0.02151191420853138,0.0,0.0,0.25189998745918274,0.43219998478889465,0.003499999875202775,0.0,0.0,0.0,0.23373495042324066,0.2522590458393097,0.26949405670166016
1280000,256,0.0,0.8064814209938049,0.01145820040255785,0.0013155334163457155,0.020285334438085556,0.0,0.0,0.24149999022483826,0.4416999816894531,0.0017999999690800905,0.0,0.0,0.0,0.2118975967168808,0.24759036302566528,0.26473215222358704
1285000,257,0.0,0.8471560478210449,0.0015610931441187859,-0.008813521824777126,0.020749229937791824,0.0,0.0,0.3425999879837036,0.4085499942302704,0.002849999815225601,0.0,0.0,0.0,0.3367469906806946,0.3468373417854309,0.3441964387893677
1290000,258,0.0,0.9314916729927063,0.00969248078763485,-0.0004430290136951953,0.020271020010113716,0.0,0.0,0.3822999894618988,0.3567499816417694,0.0011500000255182385,0.0,0.0,0.0,0.3477409780025482,0.3939759135246277,0.40491074323654175
1295000,259,0.0,0.8258126974105835,-0.012291193939745426,-0.023163212463259697,0.02174403704702854,0.0,0.0,0.3013499975204468,0.4746999740600586,0.00024999998277053237,0.0,0.0,0.0,0.2995482087135315,0.2950301170349121,0.30937501788139343
1300000,260,0.0,0.7967248558998108,0.01806439459323883,0.007619182579219341,0.02089042216539383,0.0,0.0,0.25759997963905334,0.542199969291687,0.0003499999875202775,0.0,0.0,0.0,0.25662651658058167,0.2536144554615021,0.26250001788139343
1305000,261,0.0,0.7667757272720337,0.0003645755350589752,-0.009457318112254143,0.019643787294626236,0.0,0.0,0.19614998996257782,0.569599986076355,0.0010499999625608325,0.0,0.0,0.0,0.17876505851745605,0.19698795676231384,0.21250000596046448
1310000,262,0.0,0.8127331733703613,0.007329496089369059,-0.002365248743444681,0.01938948966562748,0.0,0.0,0.20314998924732208,0.5393999814987183,0.00044999999227002263,0.0,0.0,0.0,0.1852409690618515,0.20617470145225525,0.21785715222358704
1315000,263,0.0,0.8879846334457397,0.010495654307305813,0.0010937751503661275,0.018803758546710014,0.0,0.0,0.1762000024318695,0.48539999127388,0.001999999862164259,0.0,0.0,0.0,0.17018072307109833,0.17786145210266113,0.18050596117973328
1320000,264,0.0,0.7710893750190735,0.0037364158779382706,-0.006725214421749115,0.02092326059937477,0.0,0.0,0.11789999902248383,0.5274999737739563,0.0010499999625608325,0.0,0.0,0.0,0.11024096608161926,0.11912650614976883,0.1242559552192688
1325000,265,0.0,0.7369898557662964,0.012726487591862679,0.002202195581048727,0.021048584952950478,0.0,0.0,0.11580000072717667,0.5622000098228455,0.0006500000017695129,0.0,0.0,0.0,0.10722891986370087,0.11792168766260147,0.12217262387275696
1330000,266,0.0,0.8133717775344849,0.006589510478079319,-0.0037675367202609777,0.02071409486234188,0.0,0.0,0.15209999680519104,0.534850001335144,0.0009999999310821295,0.0,0.0,0.0,0.14984939992427826,0.1554216891527176,0.1510416716337204
1335000,267,0.0,0.8246241211891174,-0.0006143627688288689,-0.011372193694114685,0.021515661850571632,0.0,0.0,0.17170000076293945,0.5626499652862549,0.000699999975040555,0.0,0.0,0.0,0.17033132910728455,0.1638554185628891,0.180803582072258
1340000,268,0.0,0.8626420497894287,0.014278175309300423,0.004022338893264532,0.020511671900749207,0.0,0.0,0.23639999330043793,0.5099999904632568,0.0006500000017695129,0.0,0.0,0.0,0.2295180708169937,0.2378012090921402,0.2418154925107956
1345000,269,0.0,0.8485081791877747,0.009998352266848087,-0.0007992935134097934,0.021595291793346405,0.0,0.0,0.23874999582767487,0.48944997787475586,0.0004999999655410647,0.0,0.0,0.0,0.2293674796819687,0.24201807379722595,0.2447916716337204
1350000,270,0.0,0.8753228187561035,0.007948946207761765,-0.003037869231775403,0.021973630413413048,0.0,0.0,0.28610000014305115,0.44064998626708984,0.000699999975040555,0.0,0.0,0.0,0.2676204741001129,0.2859939932823181,0.30446431040763855
1355000,271,0.0,0.8899629712104797,-0.020929016172885895,-0.03143803030252457,0.021018030121922493,0.0,0.0,0.2513499855995178,0.38484999537467957,0.00024999998277053237,0.0,0.0,0.0,0.2417168766260147,0.25587350130081177,0.2563988268375397
1360000,272,0.0,0.7408772706985474,-0.032471805810928345,-0.04280458763241768,0.020665563642978668,0.0,0.0,0.16404999792575836,0.47334998846054077,0.0018500000005587935,0.0,0.0,0.0,0.15512049198150635,0.16400602459907532,0.17291668057441711
1365000,273,0.0,0.9161259531974792,-0.06908637285232544,-0.07948928326368332,0.020805813372135162,0.0,0.0,0.23474998772144318,0.32349997758865356,0.003000000026077032,0.0,0.0,0.0,0.2278614491224289,0.24292169511318207,0.23348215222358704
1370000,274,0.0,0.7524484992027283,0.049256592988967896,0.03939220309257507,0.019728777930140495,0.0,0.0,0.19335000216960907,0.4662500023841858,0.0005499999970197678,0.0,0.0,0.0,0.1792168766260147,0.2019578367471695,0.19880953431129456
1375000,275,0.0,0.8402284979820251,-0.02687610685825348,-0.03733129799365997,0.020910384133458138,0.0,0.0,0.18619999289512634,0.4833499789237976,0.0015499999281018972,0.0,0.0,0.0,0.17364458739757538,0.19262048602104187,0.19226191937923431
1380000,276,0.0,0.7855792045593262,0.04469607025384903,0.03438442945480347,0.020623285323381424,0.0,0.0,0.19734999537467957,0.501800000667572,0.00014999999257270247,0.0,0.0,0.0,0.1951807290315628,0.1981927752494812,0.1986607164144516
1385000,277,0.0,0.7505520582199097,-0.03125984966754913,-0.0412660650908947,0.02001243084669113,0.0,0.0,0.15034998953342438,0.5548999905586243,0.0004999999655410647,0.0,0.0,0.0,0.1317771077156067,0.1546686738729477,0.1644345372915268
1390000,278,0.0,0.7833976149559021,0.034653376787900925,0.02381041832268238,0.02168591506779194,0.0,0.0,0.21050000190734863,0.5073999762535095,0.00014999999257270247,0.0,0.0,0.0,0.20316265523433685,0.21460843086242676,0.21369048953056335
1395000,279,0.0,0.8015374541282654,-0.01216859556734562,-0.021862352266907692,0.019387513399124146,0.0,0.0,0.3030499815940857,0.4673999845981598,0.0010999999940395355,0.0,0.0,0.0,0.2902108430862427,0.30240964889526367,0.31636905670166016
1400000,280,0.0,0.6860983371734619,0.014630278572440147,0.005450959783047438,0.018358638510107994,0.0,0.0,0.1952499896287918,0.5694499611854553,0.0003499999875202775,0.0,0.0,0.0,0.18704819679260254,0.19804216921329498,0.20059524476528168
1405000,281,0.0,0.7876451015472412,0.0004857610911130905,-0.008898559957742691,0.018768642097711563,0.0,0.0,0.2073500007390976,0.5539000034332275,0.0003499999875202775,0.0,0.0,0.0,0.19186747074127197,0.21746988594532013,0.21264882385730743
1410000,282,0.0,0.7079118490219116,0.013634794391691685,0.003889750689268112,0.019490087404847145,0.0,0.0,0.1766500025987625,0.5898500084877014,0.0003499999875202775,0.0,0.0,0.0,0.16400602459907532,0.18283133208751678,0.1830357164144516
1415000,283,0.0,0.7699525952339172,-0.0031918659806251526,-0.01344489399343729,0.020506056025624275,0.0,0.0,0.20674999058246613,0.5131499767303467,0.0005999999702908099,0.0,0.0,0.0,0.18117469549179077,0.21174699068069458,0.22708334028720856
1420000,284,0.0,0.7677773237228394,0.006496155634522438,-0.00311325304210186,0.019218817353248596,0.0,0.0,0.22624999284744263,0.5328499674797058,0.00019999999494757503,0.0,0.0,0.0,0.199698805809021,0.22756025195121765,0.2511904835700989
1425000,285,0.0,0.8498247861862183,-0.008910085074603558,-0.0192562323063612,0.02069229446351528,0.0,0.0,0.3075999915599823,0.4456999897956848,0.0004999999655410647,0.0,0.0,0.0,0.28478917479515076,0.3209337294101715,0.3169642984867096
1430000,286,0.0,0.7914752960205078,0.024843934923410416,0.01494562067091465,0.019796626642346382,0.0,0.0,0.24274998903274536,0.5403000116348267,0.00014999999257270247,0.0,0.0,0.0,0.2179216891527176,0.24954819679260254,0.26056548953056335
1435000,287,0.0,0.7160981297492981,-0.006525077857077122,-0.016165630891919136,0.01928110606968403,0.0,0.0,0.1506499946117401,0.5941999554634094,0.0003499999875202775,0.0,0.0,0.0,0.14307229220867157,0.14608433842658997,0.16264881193637848
1440000,288,0.0,0.7353059649467468,0.01763811521232128,0.007284874562174082,0.020706482231616974,0.0,0.0,0.1765500009059906,0.6164000034332275,9.999999747378752e-05,0.0,0.0,0.0,0.15918675065040588,0.18102410435676575,0.18928572535514832
1445000,289,0.0,0.7766045331954956,-0.006878869608044624,-0.016812298446893692,0.019866857677698135,0.0,0.0,0.1664000004529953,0.6075999736785889,0.00024999998277053237,0.0,0.0,0.0,0.1561747044324875,0.16792169213294983,0.17500001192092896
1450000,290,0.0,0.7208176851272583,0.0030753370374441147,-0.006994500756263733,0.020139675587415695,0.0,0.0,0.18689998984336853,0.6234999895095825,0.00039999998989515007,0.0,0.0,0.0,0.17319276928901672,0.18403615057468414,0.20327381789684296
1455000,291,0.0,0.6673405170440674,0.018348170444369316,0.008642631582915783,0.019411077722907066,0.0,0.0,0.1871500015258789,0.6351000070571899,4.999999873689376e-05,0.0,0.0,0.0,0.17801205813884735,0.18388554453849792,0.199404776096344
1460000,292,0.0,0.6180797219276428,-0.024882622063159943,-0.03541087731719017,0.021056510508060455,0.0,0.0,0.12389999628067017,0.7007499933242798,0.0003499999875202775,0.0,0.0,0.0,0.1265060305595398,0.11310241371393204,0.13199405372142792
1465000,293,0.0,0.6769159436225891,0.0025156172923743725,-0.007418428082019091,0.019868090748786926,0.0,0.0,0.12889999151229858,0.6935499906539917,0.0005999999702908099,0.0,0.0,0.0,0.11551205068826675,0.13599397242069244,0.13511905074119568
1470000,294,0.0,0.7097427845001221,0.07296832650899887,0.06300833821296692,0.019919972866773605,0.0,0.0,0.12415000051259995,0.6733999848365784,0.0006500000017695129,0.0,0.0,0.0,0.11475903540849686,0.12560240924358368,0.13199405372142792
1475000,295,0.0,0.6700546741485596,-0.036826297640800476,-0.04666023328900337,0.019667871296405792,0.0,0.0,0.11479999870061874,0.6830499768257141,0.00044999999227002263,0.0,0.0,0.0,0.11641566455364227,0.1143072322010994,0.11369048058986664
1480000,296,0.0,0.7042434215545654,-0.026236437261104584,-0.03652110695838928,0.020569337531924248,0.0,0.0,0.12174999713897705,0.6713500022888184,0.00039999998989515007,0.0,0.0,0.0,0.11792168766260147,0.11957831680774689,0.12767857313156128
1485000,297,0.0,0.7213356494903564,0.027725201100111008,0.01828133687376976,0.018887726590037346,0.0,0.0,0.13300000131130219,0.6740999817848206,0.000699999975040555,0.0,0.0,0.0,0.1402108520269394,0.12996987998485565,0.12886905670166016
1490000,298,0.0,0.8159923553466797,-0.011409479193389416,-0.020186858251690865,0.017554758116602898,0.0,0.0,0.1727999895811081,0.620199978351593,0.0033499998971819878,0.0,0.0,0.0,0.16400602459907532,0.17861446738243103,0.17574405670166016
1495000,299,0.0,0.7988799214363098,0.017467547208070755,0.007954848930239677,0.019025394693017006,0.0,0.0,0.19129998981952667,0.6137999892234802,0.0013000000035390258,0.0,0.0,0.0,0.17936746776103973,0.19307228922843933,0.20133928954601288
1500000,300,0.0,0.8125038146972656,0.033630773425102234,0.023934774100780487,0.019391994923353195,0.0,0.0,0.2133999913930893,0.559149980545044,0.0010499999625608325,0.0,0.0,0.0,0.21009036898612976,0.20918674767017365,0.22083334624767303
1505000,301,0.0,0.8000739216804504,-0.0010782461613416672,-0.01139081735163927,0.020625142380595207,0.0,0.0,0.1456499993801117,0.6062999963760376,0.0008499999530613422,0.0,0.0,0.0,0.1456325352191925,0.14668674767017365,0.14464285969734192
1510000,302,0.0,0.8715814352035522,0.0037239748053252697,-0.005629810970276594,0.018707571551203728,0.0,0.0,0.1911499947309494,0.5133000016212463,0.002849999815225601,0.0,0.0,0.0,0.18388554453849792,0.1950301229953766,0.19449405372142792
1515000,303,0.0,0.8443878889083862,-0.002716938965022564,-0.012679724022746086,0.019925570115447044,0.0,0.0,0.19579999148845673,0.5287500023841858,0.0005499999970197678,0.0,0.0,0.0,0.1730421781539917,0.1942771077156067,0.21979168057441711
1520000,304,0.0,0.8059110045433044,0.014195960015058517,0.0052579669281840324,0.01787598617374897,0.0,0.0,0.23025000095367432,0.5251500010490417,0.0015499999281018972,0.0,0.0,0.0,0.20707832276821136,0.2256024181842804,0.2577381134033203
1525000,305,0.0,0.8040823936462402,0.02049551159143448,0.011175265535712242,0.018640492111444473,0.0,0.0,0.21289999783039093,0.5605999827384949,0.00029999998514540493,0.0,0.0,0.0,0.1905120462179184,0.2188253104686737,0.2291666716337204
1530000,306,0.0,0.789921760559082,-0.00548181775957346,-0.015205226838588715,0.01944681815803051,0.0,0.0,0.21559999883174896,0.5941500067710876,0.001500000013038516,0.0,0.0,0.0,0.21445783972740173,0.21024097502231598,0.22202381491661072
1535000,307,0.0,0.8137497901916504,0.004147181753069162,-0.004695806186646223,0.01768597587943077,0.0,0.0,0.18320000171661377,0.5902000069618225,0.0010999999940395355,0.0,0.0,0.0,0.17259036004543304,0.1760542243719101,0.20074406266212463
1540000,308,0.0,0.8717119097709656,0.010038340464234352,0.0009123649215325713,0.018251951783895493,0.0,0.0,0.19824999570846558,0.5609999895095825,0.0003499999875202775,0.0,0.0,0.0,0.19307228922843933,0.20150603353977203,0.2001488208770752
1545000,309,0.0,0.914763867855072,-0.014826354570686817,-0.023976894095540047,0.01830107904970646,0.0,0.0,0.20999999344348907,0.5009999871253967,0.0015999999595806003,0.0,0.0,0.0,0.20105421543121338,0.2057228982448578,0.22306548058986664
1550000,310,0.0,0.9056933522224426,-0.00026127882301807404,-0.00970680546015501,0.018891053274273872,0.0,0.0,0.16740000247955322,0.4939499795436859,0.0017999999690800905,0.0,0.0,0.0,0.18027108907699585,0.15301205217838287,0.1688988208770752
1555000,311,0.0,0.9049919843673706,0.04521197825670242,0.03545145317912102,0.01952105388045311,0.0,0.0,0.19869999587535858,0.4299499988555908,0.0022499999031424522,0.0,0.0,0.0,0.182981938123703,0.19246987998485565,0.22038690745830536
1560000,312,0.0,0.8848834037780762,0.04083622992038727,0.030655529350042343,0.02036140114068985,0.0,0.0,0.22100000083446503,0.4047499895095825,0.003700000001117587,0.0,0.0,0.0,0.1966867446899414,0.21762049198150635,0.24836310744285583
1565000,313,0.0,0.9025619626045227,-0.018022794276475906,-0.027146242558956146,0.01824689656496048,0.0,0.0,0.31839999556541443,0.35899999737739563,0.0025499998591840267,0.0,0.0,0.0,0.31506025791168213,0.31370481848716736,0.3263393044471741
1570000,314,0.0,0.8407196998596191,-0.022524351254105568,-0.03139587491750717,0.017743047326803207,0.0,0.0,0.2717999815940857,0.43584999442100525,0.0026000000070780516,0.0,0.0,0.0,0.2689759135246277,0.27394577860832214,0.27247023582458496
1575000,315,0.0,0.8695786595344543,0.021235305815935135,0.01215304248034954,0.018164528533816338,0.0,0.0,0.24719999730587006,0.49004998803138733,0.0017499999376013875,0.0,0.0,0.0,0.25873494148254395,0.2521084249019623,0.2309523969888687
1580000,316,0.0,0.9120669960975647,0.0319250151515007,0.022575991228222847,0.01869805157184601,0.0,0.0,0.28094998002052307,0.4765999913215637,0.0012499999720603228,0.0,0.0,0.0,0.28222891688346863,0.279066264629364,0.2815476357936859
1585000,317,0.0,0.9074504375457764,0.029092704877257347,0.019973866641521454,0.018237676471471786,0.0,0.0,0.32170000672340393,0.4472000002861023,0.0016499999910593033,0.0,0.0,0.0,0.2865963876247406,0.32650601863861084,0.3516369163990021
1590000,318,0.0,0.8555402159690857,-0.006383512169122696,-0.01583821140229702,0.018909398466348648,0.0,0.0,0.35964998602867126,0.4293999969959259,0.003700000001117587,0.0,0.0,0.0,0.33870482444763184,0.35256025195121765,0.38735121488571167
1595000,319,0.0,0.912075936794281,0.011013628914952278,0.002556886989623308,0.016913484781980515,0.0,0.0,0.3695499897003174,0.383899986743927,0.004999999888241291,0.0,0.0,0.0,0.33960843086242676,0.3893072307109833,0.37961310148239136
1600000,320,0.0,0.9287071824073792,0.022999346256256104,0.01395871676504612,0.018081260845065117,0.0,0.0,0.32839998602867126,0.34759998321533203,0.008899999782443047,0.0,0.0,0.0,0.32349398732185364,0.33042168617248535,0.33125001192092896
1605000,321,0.0,0.931197464466095,-0.047043513506650925,-0.05649043619632721,0.01889384724199772,0.0,0.0,0.2447499930858612,0.374349981546402,0.009399999864399433,0.0,0.0,0.0,0.23900602757930756,0.2400602400302887,0.25505954027175903
1610000,322,0.0,0.8953226208686829,-0.10652025043964386,-0.11740518361330032,0.02176985889673233,0.0,0.0,0.1725499927997589,0.39969998598098755,0.006649999879300594,0.0,0.0,0.0,0.1775602400302887,0.1706325262784958,0.16949404776096344
1615000,323,0.0,0.8742465376853943,0.08640982210636139,0.07649309933185577,0.01983344368636608,0.0,0.0,0.15349999070167542,0.3886999785900116,0.007199999876320362,0.0,0.0,0.0,0.14668674767017365,0.15000000596046448,0.1636904776096344
1620000,324,0.0,0.889144241809845,-0.04912157729268074,-0.05887441337108612,0.01950567029416561,0.0,0.0,0.2188500016927719,0.32694998383522034,0.014800000004470348,0.0,0.0,0.0,0.21069277822971344,0.22500000894069672,0.22083334624767303
1625000,325,0.0,0.8659390211105347,0.024235235527157784,0.014812909997999668,0.01884465105831623,0.0,0.0,0.14739999175071716,0.3574499785900116,0.015149999409914017,0.0,0.0,0.0,0.15075302124023438,0.141716867685318,0.14970238506793976
1630000,326,0.0,0.8078882694244385,-0.015001431107521057,-0.023810653015971184,0.017618443816900253,0.0,0.0,0.11914999783039093,0.34049999713897705,0.026649998500943184,0.0,0.0,0.0,0.13162650167942047,0.11671686917543411,0.10922619700431824
1635000,327,0.0,0.8462362885475159,0.025729011744260788,0.016720226034522057,0.018017571419477463,0.0,0.0,0.17099998891353607,0.2943499982357025,0.02969999983906746,0.0,0.0,0.0,0.1737951785326004,0.16987952589988708,0.16934524476528168
1640000,328,0.0,0.8301165699958801,-0.010597997345030308,-0.019986800849437714,0.01877760700881481,0.0,0.0,0.18394999206066132,0.2918500006198883,0.022749999538064003,0.0,0.0,0.0,0.18253012001514435,0.18478916585445404,0.1845238208770752
1645000,329,0.0,0.8763577938079834,0.018879543989896774,0.009849844500422478,0.018059398978948593,0.0,0.0,0.14270000159740448,0.30789998173713684,0.007799999788403511,0.0,0.0,0.0,0.14894579350948334,0.13539156317710876,0.14375001192092896
1650000,330,0.0,0.7982385754585266,-0.002882794477045536,-0.012724800035357475,0.01968401111662388,0.0,0.0,0.08254999667406082,0.3933499753475189,0.013849999755620956,0.0,0.0,0.0,0.08524096757173538,0.07816265523433685,0.08422619104385376
1655000,331,0.0,0.8288014531135559,0.012728076428174973,0.0035427031107246876,0.018370747566223145,0.0,0.0,0.10125000029802322,0.44200000166893005,0.013049999251961708,0.0,0.0,0.0,0.11867470294237137,0.09322289377450943,0.09196428954601288
1660000,332,0.0,0.8508214354515076,-0.0017842026427388191,-0.010481569916009903,0.017394734546542168,0.0,0.0,0.10134999454021454,0.39104998111724854,0.014399999752640724,0.0,0.0,0.0,0.10993976145982742,0.09743975847959518,0.096726194024086
1665000,333,0.0,0.8384999632835388,0.008728917688131332,0.0003015579131897539,0.016854720190167427,0.0,0.0,0.08294999599456787,0.3478499948978424,0.012299999594688416,0.0,0.0,0.0,0.09352409839630127,0.07590361684560776,0.07946428656578064
1670000,334,0.0,0.8784205913543701,-0.006001930683851242,-0.0148819824680686,0.017760103568434715,0.0,0.0,0.09025000035762787,0.34219998121261597,0.008499999530613422,0.0,0.0,0.0,0.09698795527219772,0.0899096429347992,0.08392857760190964
1675000,335,0.0,0.8367514610290527,0.0052164290100336075,-0.003650779603049159,0.01773441769182682,0.0,0.0,0.13650000095367432,0.4372499883174896,0.009399999864399433,0.0,0.0,0.0,0.13975903391838074,0.13433735072612762,0.1354166716337204
1680000,336,0.0,0.8559327125549316,0.005884482525289059,-0.002788977697491646,0.01734692044556141,0.0,0.0,0.09319999814033508,0.48205000162124634,0.005150000099092722,0.0,0.0,0.0,0.11716867983341217,0.08569277077913284,0.07693452388048172
1685000,337,0.0,0.8821464776992798,-0.012014880776405334,-0.020606260746717453,0.017182759940624237,0.0,0.0,0.11239999532699585,0.45809999108314514,0.0030999998562037945,0.0,0.0,0.0,0.12635542452335358,0.10632530599832535,0.10461309552192688
1690000,338,0.0,0.8768435120582581,0.026169894263148308,0.017205283045768738,0.01792922243475914,0.0,0.0,0.09724999964237213,0.5192999839782715,0.002899999963119626,0.0,0.0,0.0,0.10737951844930649,0.094578318297863,0.08988095819950104
1695000,339,0.0,0.8412172794342041,-0.018521612510085106,-0.027658311650156975,0.018273398280143738,0.0,0.0,0.09259999543428421,0.513949990272522,0.006300000008195639,0.0,0.0,0.0,0.10165663063526154,0.08719879388809204,0.08898809552192688
1700000,340,0.0,0.9052124619483948,0.03947633132338524,0.030688365921378136,0.017575928941369057,0.0,0.0,0.13484999537467957,0.4081999957561493,0.008299999870359898,0.0,0.0,0.0,0.1501506119966507,0.12530121207237244,0.12916667759418488
1705000,341,0.0,0.8897997736930847,-0.007145038805902004,-0.016110558062791824,0.01793103851377964,0.0,0.0,0.11569999903440475,0.3801499903202057,0.011049999855458736,0.0,0.0,0.0,0.125,0.10933735221624374,0.11279762536287308
1710000,342,0.0,0.9013749957084656,-0.012234115973114967,-0.02144221030175686,0.018416188657283783,0.0,0.0,0.155349999666214,0.36294999718666077,0.015549999661743641,0.0,0.0,0.0,0.1676204800605774,0.15045180916786194,0.1480654776096344
1715000,343,0.0,0.9079597592353821,-0.0013561546802520752,-0.009881340898573399,0.017050372436642647,0.0,0.0,0.13429999351501465,0.4224499762058258,0.001999999862164259,0.0,0.0,0.0,0.15105421841144562,0.12996987998485565,0.1220238134264946
1720000,344,0.0,0.90599125623703,-0.007395770400762558,-0.016084790229797363,0.01737803965806961,0.0,0.0,0.12619999051094055,0.4932499825954437,0.00484999967738986,0.0,0.0,0.0,0.14141567051410675,0.11957831680774689,0.11770834028720856
1725000,345,0.0,0.8306230306625366,-0.017348961904644966,-0.026410851627588272,0.018123779445886612,0.0,0.0,0.14384999871253967,0.5151500105857849,0.004749999847263098,0.0,0.0,0.0,0.15361446142196655,0.1387048214673996,0.13928571343421936
1730000,346,0.0,0.8434700965881348,-0.029209079220891,-0.03811786323785782,0.01781756803393364,0.0,0.0,0.15719999372959137,0.5192499756813049,0.0072999997064471245,0.0,0.0,0.0,0.14382530748844147,0.15798193216323853,0.1696428656578064
1735000,347,0.0,0.8275230526924133,0.02041368931531906,0.012456034310162067,0.01591530814766884,0.0,0.0,0.14094999432563782,0.5532500147819519,0.0033499998971819878,0.0,0.0,0.0,0.1561747044324875,0.13162650167942047,0.13511905074119568
1740000,348,0.0,0.888164222240448,0.01102534495294094,0.002270398661494255,0.01750989258289337,0.0,0.0,0.2547999918460846,0.48739999532699585,0.002749999985098839,0.0,0.0,0.0,0.2606927752494812,0.2628012001514435,0.2410714328289032
1745000,349,0.0,0.8413516283035278,-0.05704938620328903,-0.06593640148639679,0.017774032428860664,0.0,0.0,0.27754998207092285,0.493399977684021,0.0029499998781830072,0.0,0.0,0.0,0.27259036898612976,0.2719879448413849,0.2879464328289032
1750000,350,0.0,0.8640612363815308,0.0035465694963932037,-0.005492088384926319,0.018077315762639046,0.0,0.0,0.282399982213974,0.48479998111724854,0.0038499999791383743,0.0,0.0,0.0,0.2781626582145691,0.2859939932823181,0.2830357253551483
1755000,351,0.0,0.7811970710754395,0.013027310371398926,0.004483843222260475,0.0170869342982769,0.0,0.0,0.13849999010562897,0.5833500027656555,0.0038999998942017555,0.0,0.0,0.0,0.15195783972740173,0.1341867446899414,0.1294642835855484
1760000,352,0.0,0.8180274963378906,-0.00015896931290626526,-0.007937145419418812,0.015556352213025093,0.0,0.0,0.17194999754428864,0.5622000098228455,0.007999999448657036,0.0,0.0,0.0,0.1745481938123703,0.16987952589988708,0.17142857611179352
1765000,353,0.0,0.78370201587677,0.00876513309776783,-0.000563494861125946,0.018657255917787552,0.0,0.0,0.11209999769926071,0.632349967956543,0.003399999812245369,0.0,0.0,0.0,0.12138554453849792,0.10888554155826569,0.10610119253396988
1770000,354,0.0,0.8150160908699036,0.007194089237600565,-0.0009702476090751588,0.01632867380976677,0.0,0.0,0.13854999840259552,0.6186999678611755,0.004050000105053186,0.0,0.0,0.0,0.1546686738729477,0.1317771077156067,0.12931548058986664
1775000,355,0.0,0.8760789632797241,0.0030341041274368763,-0.006166965235024691,0.018402138724923134,0.0,0.0,0.12409999966621399,0.5896999835968018,0.00774999987334013,0.0,0.0,0.0,0.1296686828136444,0.12680722773075104,0.11592262238264084
1780000,356,0.0,0.9354718327522278,0.006213936023414135,-0.0026862837839871645,0.01780043914914131,0.0,0.0,0.16894999146461487,0.5101999640464783,0.005049999803304672,0.0,0.0,0.0,0.17771084606647491,0.16114458441734314,0.16800595819950104
1785000,357,0.0,0.9105644226074219,-0.008505227044224739,-0.017122603952884674,0.01723475381731987,0.0,0.0,0.1476999968290329,0.41019999980926514,0.004600000102072954,0.0,0.0,0.0,0.16596385836601257,0.14352409541606903,0.13377976417541504
1790000,358,0.0,0.923751175403595,-0.05160190910100937,-0.06069890037178993,0.018193980678915977,0.0,0.0,0.15479999780654907,0.43924999237060547,0.00419999985024333,0.0,0.0,0.0,0.15903614461421967,0.1615963876247406,0.14389881491661072
1795000,359,0.0,0.9549775123596191,-0.07989278435707092,-0.08936289697885513,0.01894022896885872,0.0,0.0,0.1983499974012375,0.42754998803138733,0.004249999765306711,0.0,0.0,0.0,0.20391567051410675,0.20090362429618835,0.19032739102840424
1800000,360,0.0,0.938318133354187,0.05777144432067871,0.04966552555561066,0.016211841255426407,0.0,0.0,0.1889999955892563,0.4148999750614166,0.002149999840185046,0.0,0.0,0.0,0.20933735370635986,0.18734940886497498,0.17053571343421936
1805000,361,0.0,0.9051778316497803,-0.012772607617080212,-0.021522415801882744,0.017499616369605064,0.0,0.0,0.17970000207424164,0.406499981880188,0.004699999932199717,0.0,0.0,0.0,0.20150603353977203,0.17786145210266113,0.1599702388048172
1810000,362,0.0,0.8590890169143677,-0.04971955716609955,-0.05847097188234329,0.01750282756984234,0.0,0.0,0.1362999975681305,0.3723999857902527,0.009399999864399433,0.0,0.0,0.0,0.147891566157341,0.14216867089271545,0.1190476268529892
1815000,363,0.0,0.8928064107894897,0.06371314823627472,0.05521481856703758,0.016996655613183975,0.0,0.0,0.11774999648332596,0.44724997878074646,0.015350000001490116,0.0,0.0,0.0,0.12665662169456482,0.11611445993185043,0.11056548357009888
1820000,364,0.0,0.8775924444198608,-0.04050302132964134,-0.04906434938311577,0.017122657969594002,0.0,0.0,0.10034999996423721,0.4203999936580658,0.003999999724328518,0.0,0.0,0.0,0.11250000447034836,0.09713855385780334,0.0915178582072258
1825000,365,0.0,0.8827109932899475,0.020381029695272446,0.011919963173568249,0.016922131180763245,0.0,0.0,0.08129999786615372,0.36949998140335083,0.012149999849498272,0.0,0.0,0.0,0.09006024152040482,0.07996988296508789,0.07395833730697632
1830000,366,0.0,0.9771972298622131,0.021970119327306747,0.013456909917294979,0.017026418820023537,0.0,0.0,0.1197500005364418,0.3558499813079834,0.010599999688565731,0.0,0.0,0.0,0.1326807290315628,0.11912650614976883,0.10758928954601288
1835000,367,0.0,0.9881419539451599,-0.015276980586349964,-0.023175252601504326,0.015796544030308723,0.0,0.0,0.2017499953508377,0.3353999853134155,0.008049999363720417,0.0,0.0,0.0,0.2188253104686737,0.20331326127052307,0.18333333730697632
1840000,368,0.0,0.9309943914413452,0.01899396814405918,0.010672643780708313,0.016642648726701736,0.0,0.0,0.15439999103546143,0.4581499993801117,0.011899999342858791,0.0,0.0,0.0,0.16746988892555237,0.14909638464450836,0.14672619104385376
1845000,369,0.0,0.9247937202453613,0.016428783535957336,0.007977740839123726,0.016902083531022072,0.0,0.0,0.15584999322891235,0.5138999819755554,0.004249999765306711,0.0,0.0,0.0,0.17334337532520294,0.1525602489709854,0.14181548357009888
1850000,370,0.0,0.893828272819519,-0.007150136865675449,-0.015864916145801544,0.01742955856025219,0.0,0.0,0.12960000336170197,0.5733500123023987,0.004600000102072954,0.0,0.0,0.0,0.14969879388809204,0.12394578754901886,0.115327388048172
1855000,371,0.0,0.9284838438034058,0.011095484718680382,0.0027986899949610233,0.016593588516116142,0.0,0.0,0.13669998943805695,0.5360000133514404,0.00634999992325902,0.0,0.0,0.0,0.14894579350948334,0.1387048214673996,0.12261905521154404
1860000,372,0.0,0.9724075198173523,0.01820199191570282,0.009539781138300896,0.017324423417448997,0.0,0.0,0.21279999613761902,0.48420000076293945,0.00494999997317791,0.0,0.0,0.0,0.22123494744300842,0.20933735370635986,0.20788691937923431
1865000,373,0.0,0.9626097679138184,-0.013439557515084743,-0.021485980600118637,0.016092846170067787,0.0,0.0,0.21480000019073486,0.4553999900817871,0.009449999779462814,0.0,0.0,0.0,0.23644578456878662,0.20557229220867157,0.20252977311611176
1870000,374,0.0,1.0020089149475098,0.018566599115729332,0.010390566661953926,0.016352064907550812,0.0,0.0,0.18484999239444733,0.4104999899864197,0.006399999838322401,0.0,0.0,0.0,0.1920180767774582,0.1790662705898285,0.18348215520381927
1875000,375,0.0,1.0202724933624268,-0.022136572748422623,-0.030521469190716743,0.016769791021943092,0.0,0.0,0.1652499884366989,0.4189999997615814,0.008299999870359898,0.0,0.0,0.0,0.18012048304080963,0.16189759969711304,0.15386904776096344
1880000,376,0.0,1.0202363729476929,0.029042668640613556,0.020601075142621994,0.016883188858628273,0.0,0.0,0.10774999856948853,0.3583499789237976,0.00925000011920929,0.0,0.0,0.0,0.10587349534034729,0.10858433693647385,0.10877976566553116
1885000,377,0.0,0.9809548854827881,-0.009838107973337173,-0.01861673779785633,0.017557259649038315,0.0,0.0,0.14919999241828918,0.4076499938964844,0.008200000040233135,0.0,0.0,0.0,0.15105421841144562,0.14984939992427826,0.14672619104385376
1890000,378,0.0,0.9437053203582764,0.005868088454008102,-0.0028522880747914314,0.017440753057599068,0.0,0.0,0.1497499942779541,0.38165000081062317,0.011549999937415123,0.0,0.0,0.0,0.15722891688346863,0.1486445814371109,0.14345239102840424
1895000,379,0.0,0.9742513298988342,2.9804185032844543e-05,-0.007779329549521208,0.015618267469108105,0.0,0.0,0.15264999866485596,0.31735000014305115,0.01184999942779541,0.0,0.0,0.0,0.16099397838115692,0.1463855504989624,0.15059524774551392
1900000,380,0.0,0.9758591651916504,0.017110642045736313,0.008558479137718678,0.01710432581603527,0.0,0.0,0.1659500002861023,0.2662000060081482,0.008499999530613422,0.0,0.0,0.0,0.17484940588474274,0.16641566157341003,0.15669643878936768
1905000,381,0.0,0.9684358835220337,0.00884684082120657,0.0006693275063298643,0.01635502651333809,0.0,0.0,0.09479999542236328,0.291949987411499,0.01184999942779541,0.0,0.0,0.0,0.10301204770803452,0.08358433842658997,0.09776785969734192
1910000,382,0.0,0.9817646145820618,-0.00716120470315218,-0.01516367495059967,0.01600494049489498,0.0,0.0,0.11414999514818192,0.30524998903274536,0.010799999348819256,0.0,0.0,0.0,0.12710843980312347,0.11656627058982849,0.0989583358168602
1915000,383,0.0,1.0020424127578735,0.024276189506053925,0.01644372195005417,0.01566493511199951,0.0,0.0,0.09914999455213547,0.3199999928474426,0.005150000099092722,0.0,0.0,0.0,0.111295185983181,0.09563253074884415,0.09062500298023224
1920000,384,0.0,1.0056030750274658,-0.0082094082608819,-0.016379041597247124,0.016339266672730446,0.0,0.0,0.12469999492168427,0.36409997940063477,0.002899999963119626,0.0,0.0,0.0,0.14352409541606903,0.12183735519647598,0.10892857611179352
1925000,385,0.0,1.0161466598510742,-0.019649125635623932,-0.028276722878217697,0.01725519262254238,0.0,0.0,0.1952499896287918,0.34129998087882996,0.005450000055134296,0.0,0.0,0.0,0.2171686738729477,0.1914156675338745,0.17738096415996552
1930000,386,0.0,1.034558892250061,-0.03945794329047203,-0.04779721051454544,0.01667853258550167,0.0,0.0,0.17649999260902405,0.36364999413490295,0.0037999998312443495,0.0,0.0,0.0,0.19036145508289337,0.17138554155826569,0.16785715520381927
1935000,387,0.0,1.070396900177002,-0.10547856986522675,-0.1160757765173912,0.02119441144168377,0.0,0.0,0.18850000202655792,0.3484500050544739,0.00024999998277053237,0.0,0.0,0.0,0.21596385538578033,0.1798192858695984,0.16994048655033112
1940000,388,0.0,1.0554535388946533,-0.06627490371465683,-0.07461292296648026,0.0166760366410017,0.0,0.0,0.20215000212192535,0.3573499917984009,0.0037499999161809683,0.0,0.0,0.0,0.20677711069583893,0.20647591352462769,0.19330358505249023
1945000,389,0.0,1.0864444971084595,0.1426369696855545,0.13198095560073853,0.021312016993761063,0.0,0.0,0.2251499891281128,0.3299500048160553,0.0009499999578110874,0.0,0.0,0.0,0.21927711367607117,0.22650602459907532,0.22961311042308807
1950000,390,0.0,1.067795753479004,-0.09330002963542938,-0.10304128378629684,0.01948251575231552,0.0,0.0,0.24959999322891235,0.3489999771118164,0.0013000000035390258,0.0,0.0,0.0,0.26641565561294556,0.2484939843416214,0.23407739400863647
1955000,391,0.0,1.0371588468551636,0.07547739148139954,0.06645362079143524,0.018047533929347992,0.0,0.0,0.21249999105930328,0.33820000290870667,0.004299999680370092,0.0,0.0,0.0,0.19849398732185364,0.20376506447792053,0.23497024178504944
1960000,392,0.0,0.97303706407547,-0.044336557388305664,-0.05337181314826012,0.018070507794618607,0.0,0.0,0.26054999232292175,0.36249998211860657,0.007999999448657036,0.0,0.0,0.0,0.28027108311653137,0.24939759075641632,0.25208333134651184
1965000,393,0.0,1.0263397693634033,0.03376112878322601,0.025374673306941986,0.016772914677858353,0.0,0.0,0.22630000114440918,0.3026999831199646,0.00624999962747097,0.0,0.0,0.0,0.2347891628742218,0.22304217517375946,0.22113096714019775
1970000,394,0.0,1.006209135055542,-0.02494518645107746,-0.033126190304756165,0.016362007707357407,0.0,0.0,0.1987999975681305,0.36294999718666077,0.005249999929219484,0.0,0.0,0.0,0.21084338426589966,0.18960843980312347,0.19598214328289032
1975000,395,0.0,0.9672267436981201,0.013882387429475784,0.0055714864283800125,0.016621802002191544,0.0,0.0,0.18934999406337738,0.4092499911785126,0.0052999998442828655,0.0,0.0,0.0,0.1974397599697113,0.18403615057468414,0.18660715222358704
1980000,396,0.0,0.9718805551528931,-0.01470121182501316,-0.024083813652396202,0.018765203654766083,0.0,0.0,0.1936499923467636,0.45304998755455017,0.0036499998532235622,0.0,0.0,0.0,0.22665663063526154,0.18990963697433472,0.16473214328289032
1985000,397,0.0,1.063122272491455,0.02013329416513443,0.011799842119216919,0.016666902229189873,0.0,0.0,0.23704999685287476,0.3909499943256378,0.001449999981559813,0.0,0.0,0.0,0.2545180916786194,0.23207831382751465,0.224702388048172
1990000,398,0.0,1.0362522602081299,-0.0059425197541713715,-0.014375954866409302,0.01686687022447586,0.0,0.0,0.2300499975681305,0.4217499792575836,0.0018999999156221747,0.0,0.0,0.0,0.2515060305595398,0.22816266119480133,0.21071429550647736
1995000,399,0.0,1.0229828357696533,-0.0025017084553837776,-0.011415594257414341,0.017827771604061127,0.0,0.0,0.28395000100135803,0.41189998388290405,0.0013000000035390258,0.0,0.0,0.0,0.2986445724964142,0.2829819321632385,0.2703869044780731
2000000,400,0.0,0.9485579133033752,0.01042926125228405,0.0018417289247736335,0.017175065353512764,0.0,0.0,0.2662999927997589,0.4420499801635742,0.0029499998781830072,0.0,0.0,0.0,0.26581326127052307,0.2750000059604645,0.2581845223903656
2005000,401,0.0,0.985673189163208,-0.017182379961013794,-0.026424821466207504,0.01848488487303257,0.0,0.0,0.3033999800682068,0.44119998812675476,0.0015999999595806003,0.0,0.0,0.0,0.31054216623306274,0.29006025195121765,0.3095238208770752
2010000,402,0.0,0.9797757267951965,0.026334311813116074,0.017487915232777596,0.017692795023322105,0.0,0.0,0.2979999780654907,0.4613499939441681,0.0007999999797903001,0.0,0.0,0.0,0.3016566336154938,0.31054216623306274,0.2819940447807312
2015000,403,0.0,0.9912453889846802,-0.012524056248366833,-0.021254051476716995,0.017459990456700325,0.0,0.0,0.26205000281333923,0.4806499779224396,0.00039999998989515007,0.0,0.0,0.0,0.26340362429618835,0.26566267013549805,0.2571428716182709
2020000,404,0.0,0.9639943242073059,0.008807030506432056,-1.590576175658498e-05,0.01764587312936783,0.0,0.0,0.26510000228881836,0.43230000138282776,0.001500000013038516,0.0,0.0,0.0,0.2713855504989624,0.2659638524055481,0.25803571939468384
2025000,405,0.0,0.8637481927871704,0.02682105079293251,0.017807429656386375,0.01802724227309227,0.0,0.0,0.23604999482631683,0.5375499725341797,0.0010999999940395355,0.0,0.0,0.0,0.2522590458393097,0.2248494029045105,0.23110119998455048
2030000,406,0.0,0.8563226461410522,-0.027151409536600113,-0.03630010411143303,0.018297387287020683,0.0,0.0,0.2313999980688095,0.5700500011444092,0.0011999999405816197,0.0,0.0,0.0,0.22138555347919464,0.23674699664115906,0.23601190745830536
2035000,407,0.0,0.832890510559082,0.024368934333324432,0.016053905710577965,0.016630057245492935,0.0,0.0,0.1867000013589859,0.5611500144004822,0.0007999999797903001,0.0,0.0,0.0,0.18945783376693726,0.18810240924358368,0.18258929252624512
2040000,408,0.0,0.881087601184845,-0.011386740952730179,-0.019692005589604378,0.016610529273748398,0.0,0.0,0.2171499878168106,0.5537999868392944,0.0011500000255182385,0.0,0.0,0.0,0.22243976593017578,0.2180722951889038,0.21101191639900208
2045000,409,0.0,0.8478037714958191,0.010651002638041973,0.0019667118322104216,0.017368581146001816,0.0,0.0,0.19979999959468842,0.5924999713897705,0.0011999999405816197,0.0,0.0,0.0,0.2004518061876297,0.20406627655029297,0.1949404776096344
2050000,410,0.0,0.8695671558380127,-0.005300560966134071,-0.013536559417843819,0.016471996903419495,0.0,0.0,0.1473499983549118,0.6302499771118164,0.002050000010058284,0.0,0.0,0.0,0.15180723369121552,0.1426204890012741,0.14761905372142792
2055000,411,0.0,0.9533645510673523,0.0111848134547472,0.002243445487692952,0.017882736399769783,0.0,0.0,0.21194998919963837,0.5400499701499939,0.0013000000035390258,0.0,0.0,0.0,0.222590371966362,0.2088855504989624,0.20446428656578064
2060000,412,0.0,0.9829548597335815,-0.007833008654415607,-0.016021547839045525,0.016377078369259834,0.0,0.0,0.27574998140335083,0.4721499979496002,0.0017999999690800905,0.0,0.0,0.0,0.2515060305595398,0.28614458441734314,0.2894345223903656
2065000,413,0.0,1.0129218101501465,0.008307700976729393,2.478179885656573e-05,0.0165658388286829,0.0,0.0,0.2997500002384186,0.38169997930526733,0.0019499999471008778,0.0,0.0,0.0,0.2819277048110962,0.31069278717041016,0.3065476417541504
2070000,414,0.0,0.9447349309921265,0.004181065130978823,-0.0038900007493793964,0.01614213176071644,0.0,0.0,0.24184998869895935,0.4554999768733978,0.004699999932199717,0.0,0.0,0.0,0.22680723667144775,0.23674699664115906,0.26175597310066223
2075000,415,0.0,0.9688366651535034,-0.006056382320821285,-0.014740492217242718,0.017368219792842865,0.0,0.0,0.2505500018596649,0.43004998564720154,0.002899999963119626,0.0,0.0,0.0,0.2605421841144562,0.24909639358520508,0.24211309850215912
2080000,416,0.0,0.9153711795806885,0.0016578882932662964,-0.006919843144714832,0.017155462875962257,0.0,0.0,0.1841999888420105,0.5108000040054321,0.0016499999910593033,0.0,0.0,0.0,0.19487951695919037,0.18388554453849792,0.17395834624767303
2085000,417,0.0,0.924237072467804,0.012440547347068787,0.004030473995953798,0.01682014763355255,0.0,0.0,0.17114999890327454,0.5491999983787537,0.0031500000040978193,0.0,0.0,0.0,0.18313252925872803,0.17394578456878662,0.15654762089252472
2090000,418,0.0,0.8417642116546631,-0.013421883806586266,-0.02160785160958767,0.016371935606002808,0.0,0.0,0.14444999396800995,0.6092000007629395,0.0016999999061226845,0.0,0.0,0.0,0.15436747670173645,0.14382530748844147,0.13526786863803864
2095000,419,0.0,0.8819011449813843,-0.005388964898884296,-0.013652890920639038,0.016527852043509483,0.0,0.0,0.10349999368190765,0.6025999784469604,0.0023999998811632395,0.0,0.0,0.0,0.11837349832057953,0.09668675065040588,0.09553571790456772
2100000,420,0.0,0.7982997894287109,0.013412313535809517,0.005584930535405874,0.01565476693212986,0.0,0.0,0.08914999663829803,0.5860499739646912,0.0032499998342245817,0.0,0.0,0.0,0.08840361982584,0.0891566276550293,0.08988095819950104
2105000,421,0.0,0.8559841513633728,-0.004199559800326824,-0.01211764570325613,0.015836171805858612,0.0,0.0,0.11984999477863312,0.5974999666213989,0.0017499999376013875,0.0,0.0,0.0,0.1272590458393097,0.11475903540849686,0.1175595298409462
2110000,422,0.0,0.8502829670906067,-0.023062992841005325,-0.03110881894826889,0.01609165221452713,0.0,0.0,0.1241999939084053,0.5966500043869019,0.0009999999310821295,0.0,0.0,0.0,0.12906627357006073,0.12439759075641632,0.11919642984867096
2115000,423,0.0,0.95383220911026,0.007037100847810507,-0.001128030358813703,0.016330262646079063,0.0,0.0,0.14374999701976776,0.5554499626159668,0.00044999999227002263,0.0,0.0,0.0,0.15587349236011505,0.1454819291830063,0.13005952537059784
2120000,424,0.0,0.9142950773239136,0.015564098954200745,0.007665032055228949,0.015798134729266167,0.0,0.0,0.14869999885559082,0.550599992275238,0.0031500000040978193,0.0,0.0,0.0,0.14653614163398743,0.14668674767017365,0.15282738208770752
2125000,425,0.0,0.9700374007225037,0.009381317533552647,0.0014374976744875312,0.015887640416622162,0.0,0.0,0.19739998877048492,0.4761499762535095,0.0029499998781830072,0.0,0.0,0.0,0.1927710920572281,0.2019578367471695,0.19747024774551392
2130000,426,0.0,0.889572024345398,-0.003464141860604286,-0.011500206775963306,0.01607212983071804,0.0,0.0,0.1476999968290329,0.5277999639511108,0.0030999998562037945,0.0,0.0,0.0,0.16822288930416107,0.13855421543121338,0.13645833730697632
2135000,427,0.0,0.9091253876686096,-0.06799240410327911,-0.07646951079368591,0.016954220831394196,0.0,0.0,0.14059999585151672,0.5659999847412109,0.002699999837204814,0.0,0.0,0.0,0.14141567051410675,0.14924699068069458,0.13125000894069672
2140000,428,0.0,0.9212015271186829,-0.08390651643276215,-0.0925736203789711,0.01733420044183731,0.0,0.0,0.1469999998807907,0.5287500023841858,0.0023499999660998583,0.0,0.0,0.0,0.1525602489709854,0.14593373239040375,0.14255952835083008
2145000,429,0.0,0.9745396375656128,0.02854805812239647,0.02019939199090004,0.01669733226299286,0.0,0.0,0.2012999951839447,0.476749986410141,0.0022499999031424522,0.0,0.0,0.0,0.20783132314682007,0.19683735072612762,0.19925595819950104
2150000,430,0.0,0.9754621982574463,0.05004257708787918,0.041872669011354446,0.016339818015694618,0.0,0.0,0.21124999225139618,0.46674999594688416,0.002899999963119626,0.0,0.0,0.0,0.21250000596046448,0.20527109503746033,0.21592262387275696
2155000,431,0.0,0.9675419926643372,-0.02155420556664467,-0.029468266293406487,0.015828121453523636,0.0,0.0,0.24695000052452087,0.4323999881744385,0.0026499999221414328,0.0,0.0,0.0,0.25105422735214233,0.2521084249019623,0.23779763281345367
2160000,432,0.0,0.9934038519859314,-0.08261705935001373,-0.0914618968963623,0.01768968068063259,0.0,0.0,0.3325499892234802,0.3775499761104584,0.0013000000035390258,0.0,0.0,0.0,0.34322288632392883,0.3316265046596527,0.3229166865348816
2165000,433,0.0,0.9205970764160156,0.03276962786912918,0.024761788547039032,0.01601567678153515,0.0,0.0,0.27094998955726624,0.4620499908924103,0.0016499999910593033,0.0,0.0,0.0,0.2737951874732971,0.2719879448413849,0.2671131193637848
2170000,434,0.0,0.9334027171134949,0.03740474581718445,0.029409950599074364,0.01598958671092987,0.0,0.0,0.22899998724460602,0.5026000142097473,0.0025499998591840267,0.0,0.0,0.0,0.23569276928901672,0.21551205217838287,0.23571430146694183
2175000,435,0.0,0.9508980512619019,-0.06679967045783997,-0.07472343742847443,0.015847528353333473,0.0,0.0,0.264849990606308,0.4638499915599823,0.0010999999940395355,0.0,0.0,0.0,0.26566267013549805,0.2691265046596527,0.25982144474983215
2180000,436,0.0,0.9729212522506714,0.007492425385862589,-7.266998181876261e-06,0.014999384991824627,0.0,0.0,0.23399999737739563,0.4571499824523926,0.0025499998591840267,0.0,0.0,0.0,0.2201807200908661,0.23674699664115906,0.24494048953056335
2185000,437,0.0,1.0094552040100098,0.028886815533041954,0.0214670579880476,0.014839514158666134,0.0,0.0,0.2852499783039093,0.4194999933242798,0.0009999999310821295,0.0,0.0,0.0,0.29548192024230957,0.2759036123752594,0.28437501192092896
2190000,438,0.0,0.9829683303833008,-0.025583866983652115,-0.03373699635267258,0.016306258738040924,0.0,0.0,0.23889999091625214,0.4442499876022339,0.003000000026077032,0.0,0.0,0.0,0.24442771077156067,0.2308734953403473,0.24136905372142792
2195000,439,0.0,0.9728806614875793,0.01997424103319645,0.012060937471687794,0.01582660712301731,0.0,0.0,0.252949982881546,0.3747999966144562,0.005399999674409628,0.0,0.0,0.0,0.24427711963653564,0.2561747133731842,0.25833335518836975
2200000,440,0.0,0.9500408172607422,0.008367756381630898,0.0006680678925476968,0.01539937686175108,0.0,0.0,0.32545000314712524,0.34790000319480896,0.0026499999221414328,0.0,0.0,0.0,0.32424700260162354,0.31656625866889954,0.33541667461395264
2205000,441,0.0,1.0107007026672363,-0.02138068899512291,-0.028966737911105156,0.015172098763287067,0.0,0.0,0.3840499818325043,0.27994999289512634,0.001999999862164259,0.0,0.0,0.0,0.3641566336154938,0.3942771255970001,0.3936012089252472
2210000,442,0.0,0.9195058345794678,-0.0010411622934043407,-0.008411644026637077,0.014740963466465473,0.0,0.0,0.2942499816417694,0.3528999984264374,0.005699999630451202,0.0,0.0,0.0,0.3004518151283264,0.2951807379722595,0.287202388048172
2215000,443,0.0,0.9561228156089783,0.03173280134797096,0.023676544427871704,0.016112511977553368,0.0,0.0,0.34790000319480896,0.3242499828338623,0.004799999762326479,0.0,0.0,0.0,0.34578314423561096,0.353765070438385,0.3441964387893677
2220000,444,0.0,0.9471023082733154,-0.03178440034389496,-0.03918354958295822,0.014798295684158802,0.0,0.0,0.3576499819755554,0.3306500017642975,0.00484999967738986,0.0,0.0,0.0,0.3430722951889038,0.3620482087135315,0.36770835518836975
2225000,445,0.0,0.985490620136261,-0.04164363071322441,-0.04972236976027489,0.016157478094100952,0.0,0.0,0.4235000014305115,0.26479998230934143,0.0029499998781830072,0.0,0.0,0.0,0.4121988117694855,0.4283132553100586,0.42991071939468384
2230000,446,0.0,0.9265781044960022,0.01940305531024933,0.011870312504470348,0.01506548561155796,0.0,0.0,0.35964998602867126,0.3224499821662903,0.006149999797344208,0.0,0.0,0.0,0.35873493552207947,0.35557228326797485,0.3645833432674408
2235000,447,0.0,0.922206699848175,0.03736936300992966,0.029640700668096542,0.015457326546311378,0.0,0.0,0.3966499865055084,0.34915000200271606,0.006649999879300594,0.0,0.0,0.0,0.3909638524055481,0.40376508235931396,0.39523810148239136
2240000,448,0.0,0.9210026264190674,-0.011071539483964443,-0.018756065517663956,0.015369052067399025,0.0,0.0,0.29385000467300415,0.3893499970436096,0.012899999506771564,0.0,0.0,0.0,0.28780120611190796,0.3040662705898285,0.2897321581840515
2245000,449,0.0,0.9134796857833862,-0.026775311678647995,-0.03428950905799866,0.015028394758701324,0.0,0.0,0.1995999962091446,0.40709999203681946,0.019099999219179153,0.0,0.0,0.0,0.20602409541606903,0.19111445546150208,0.2016369104385376
2250000,450,0.0,0.9488925337791443,0.033666208386421204,0.026278264820575714,0.014775884337723255,0.0,0.0,0.1996999979019165,0.3929999768733978,0.012149999849498272,0.0,0.0,0.0,0.19728915393352509,0.1950301229953766,0.20669643580913544
2255000,451,0.0,0.8850341439247131,0.009829719550907612,0.002465387573465705,0.014728664420545101,0.0,0.0,0.1700499951839447,0.47839999198913574,0.01589999906718731,0.0,0.0,0.0,0.17740964889526367,0.16716867685317993,0.16562500596046448
2260000,452,0.0,0.9443783164024353,-0.04897136986255646,-0.05708901211619377,0.01623528078198433,0.0,0.0,0.1611499935388565,0.455049991607666,0.015850000083446503,0.0,0.0,0.0,0.16656626760959625,0.16129519045352936,0.15565477311611176
2265000,453,0.0,0.979910135269165,-0.004517639987170696,-0.012169103138148785,0.015302926301956177,0.0,0.0,0.1814499944448471,0.4533499777317047,0.008849999867379665,0.0,0.0,0.0,0.1921686828136444,0.18237952888011932,0.16994048655033112
2270000,454,0.0,0.9811632633209229,0.008749385364353657,0.0011914825299754739,0.015115804970264435,0.0,0.0,0.15594999492168427,0.4269999861717224,0.007949999533593655,0.0,0.0,0.0,0.17138554155826569,0.15120482444763184,0.14538690447807312
2275000,455,0.0,0.9238587617874146,-0.005833770148456097,-0.013328800909221172,0.014990061521530151,0.0,0.0,0.13529999554157257,0.43219998478889465,0.010900000110268593,0.0,0.0,0.0,0.14743976294994354,0.12846386432647705,0.13005952537059784
2280000,456,0.0,0.8940794467926025,0.004164667334407568,-0.0031501036137342453,0.014629541896283627,0.0,0.0,0.09014999866485596,0.41839998960494995,0.015949999913573265,0.0,0.0,0.0,0.10225903987884521,0.08855421841144562,0.07976190745830536
2285000,457,0.0,0.9094972610473633,0.00918020959943533,0.0018665519310161471,0.014627316035330296,0.0,0.0,0.13729999959468842,0.43789997696876526,0.005349999759346247,0.0,0.0,0.0,0.1509036123752594,0.13237951695919037,0.1287202388048172
2290000,458,0.0,0.9151419401168823,-0.024083659052848816,-0.03178944066166878,0.015411562286317348,0.0,0.0,0.13079999387264252,0.4754999876022339,0.002099999925121665,0.0,0.0,0.0,0.14668674767017365,0.12304217368364334,0.1227678582072258
2295000,459,0.0,0.9281235933303833,0.015210571698844433,0.007976319640874863,0.01446850411593914,0.0,0.0,0.15389999747276306,0.48764997720718384,0.0029499998781830072,0.0,0.0,0.0,0.16716867685317993,0.1524096429347992,0.14226190745830536
2300000,460,0.0,1.0147733688354492,0.03587086498737335,0.02829316258430481,0.015155407600104809,0.0,0.0,0.22259999811649323,0.4351999759674072,0.0009499999578110874,0.0,0.0,0.0,0.2316265106201172,0.21897590160369873,0.2172619104385376
2305000,461,0.0,0.939961314201355,0.042197324335575104,0.035436004400253296,0.013522636145353317,0.0,0.0,0.2382499873638153,0.4633999764919281,0.0005999999702908099,0.0,0.0,0.0,0.24879518151283264,0.22771084308624268,0.23824405670166016
2310000,462,0.0,0.8746294975280762,0.057529840618371964,0.04987607151269913,0.015307540073990822,0.0,0.0,0.18095000088214874,0.574999988079071,0.0018500000005587935,0.0,0.0,0.0,0.18870481848716736,0.18388554453849792,0.1703869104385376
2315000,463,0.0,0.9671175479888916,-0.006141775753349066,-0.013405492529273033,0.014527433551847935,0.0,0.0,0.2117999941110611,0.5122500061988831,0.002050000010058284,0.0,0.0,0.0,0.2186747044324875,0.20316265523433685,0.2135416716337204
2320000,464,0.0,1.0133200883865356,-0.05835197493433952,-0.06615375727415085,0.015603567473590374,0.0,0.0,0.21274998784065247,0.47494998574256897,0.002199999988079071,0.0,0.0,0.0,0.22198796272277832,0.20978915691375732,0.20654763281345367
2325000,465,0.0,1.0192018747329712,0.010099087841808796,0.002694213530048728,0.014809748157858849,0.0,0.0,0.24785000085830688,0.421099990606308,0.004699999932199717,0.0,0.0,0.0,0.2628012001514435,0.24668675661087036,0.23422619700431824
2330000,466,0.0,0.9693009257316589,0.011122969910502434,0.004277664236724377,0.013690612278878689,0.0,0.0,0.19119998812675476,0.4029499888420105,0.008849999867379665,0.0,0.0,0.0,0.20256024599075317,0.18539157509803772,0.18571428954601288
2335000,467,0.0,1.0077693462371826,-0.01109936274588108,-0.018445651978254318,0.0146925775334239,0.0,0.0,0.31630000472068787,0.290800005197525,0.005049999803304672,0.0,0.0,0.0,0.3125,0.3216867446899414,0.314732164144516
2340000,468,0.0,1.0173174142837524,-0.019554749131202698,-0.026848329231142998,0.014587161131203175,0.0,0.0,0.2775999903678894,0.29794999957084656,0.0030999998562037945,0.0,0.0,0.0,0.26250001788139343,0.2890060245990753,0.28125
2345000,469,0.0,0.9987257719039917,0.0014837929047644138,-0.005652132909744978,0.014271851629018784,0.0,0.0,0.26089999079704285,0.3018999993801117,0.0017499999376013875,0.0,0.0,0.0,0.2560240924358368,0.2644578516483307,0.2622023820877075
2350000,470,0.0,0.9029747843742371,0.017431532964110374,0.010376112535595894,0.014110839925706387,0.0,0.0,0.19984999299049377,0.39945000410079956,0.005249999929219484,0.0,0.0,0.0,0.1989457905292511,0.1944277137517929,0.206101194024086
2355000,471,0.0,0.9387706518173218,-0.018586650490760803,-0.026226896792650223,0.015280492603778839,0.0,0.0,0.18039999902248383,0.38979998230934143,0.00699999975040555,0.0,0.0,0.0,0.1792168766260147,0.18795181810855865,0.1741071492433548
2360000,472,0.0,0.9010915756225586,-0.024591917172074318,-0.03181550279259682,0.014447170309722424,0.0,0.0,0.15070000290870667,0.43654999136924744,0.002099999925121665,0.0,0.0,0.0,0.1501506119966507,0.14924699068069458,0.15267857909202576
2365000,473,0.0,0.8976123929023743,-0.007796772290021181,-0.014894832856953144,0.014196121133863926,0.0,0.0,0.19209998846054077,0.47714999318122864,0.002300000051036477,0.0,0.0,0.0,0.19337350130081177,0.189156636595726,0.19375000894069672
2370000,474,0.0,0.9317142367362976,0.02283908985555172,0.015389266423881054,0.014899646863341331,0.0,0.0,0.23124998807907104,0.4461499750614166,0.0026499999221414328,0.0,0.0,0.0,0.23734940588474274,0.2248494029045105,0.23154762387275696
2375000,475,0.0,0.9042459726333618,0.013707352802157402,0.006672222167253494,0.014070260338485241,0.0,0.0,0.2139499932527542,0.469899982213974,0.0038999998942017555,0.0,0.0,0.0,0.2111445814371109,0.21912650763988495,0.2116071581840515
2380000,476,0.0,0.9031659960746765,-0.008432971313595772,-0.015180157497525215,0.013494372367858887,0.0,0.0,0.16599999368190765,0.5017499923706055,0.001449999981559813,0.0,0.0,0.0,0.17183735966682434,0.16219879686832428,0.16398809850215912
2385000,477,0.0,0.8525353074073792,-0.013235330581665039,-0.020063890144228935,0.013657119125127792,0.0,0.0,0.16409999132156372,0.5793499946594238,0.002849999815225601,0.0,0.0,0.0,0.17093373835086823,0.16114458441734314,0.16026785969734192
2390000,478,0.0,0.9490787982940674,0.01551450602710247,0.008279011584818363,0.014470989815890789,0.0,0.0,0.19699999690055847,0.5277999639511108,0.0016999999061226845,0.0,0.0,0.0,0.19789156317710876,0.20030121505260468,0.19285714626312256
2395000,479,0.0,1.016180396080017,0.004283544607460499,-0.002489849692210555,0.013546789065003395,0.0,0.0,0.2553499937057495,0.40724998712539673,0.0019499999471008778,0.0,0.0,0.0,0.26039156317710876,0.25722891092300415,0.2485119104385376
2400000,480,0.0,0.970337450504303,0.007260499056428671,0.00043915098649449646,0.013642695732414722,0.0,0.0,0.2238999903202057,0.4368000030517578,0.002699999837204814,0.0,0.0,0.0,0.2195783108472824,0.22394578158855438,0.22812500596046448
2405000,481,0.0,0.9985275864601135,0.007994015701115131,0.0009105445351451635,0.014166942797601223,0.0,0.0,0.2390500009059906,0.35975000262260437,0.0038999998942017555,0.0,0.0,0.0,0.24021084606647491,0.23674699664115906,0.24017858505249023
2410000,482,0.0,1.0028266906738281,0.0007334472611546516,-0.00619686720892787,0.013860628940165043,0.0,0.0,0.19824999570846558,0.3537999987602234,0.0023999998811632395,0.0,0.0,0.0,0.20768073201179504,0.19262048602104187,0.19449405372142792
2415000,483,0.0,0.9924868941307068,-0.03320850059390068,-0.04068562015891075,0.014954241923987865,0.0,0.0,0.16189999878406525,0.4138000011444092,0.002699999837204814,0.0,0.0,0.0,0.17635542154312134,0.1585843414068222,0.15089286863803864
2420000,484,0.0,1.0132824182510376,-0.1731925904750824,-0.18402276933193207,0.021660346537828445,0.0,0.0,0.17509999871253967,0.4149499833583832,0.0023999998811632395,0.0,0.0,0.0,0.18734940886497498,0.16746988892555237,0.17053571343421936
2425000,485,0.0,0.9939820766448975,-0.06899617612361908,-0.07641531527042389,0.01483827456831932,0.0,0.0,0.1394999921321869,0.393449991941452,0.001500000013038516,0.0,0.0,0.0,0.1531626582145691,0.13885542750358582,0.12663690745830536
2430000,486,0.0,0.9432710409164429,0.10255245864391327,0.09436042606830597,0.01638406701385975,0.0,0.0,0.12559999525547028,0.4217499792575836,0.006099999882280827,0.0,0.0,0.0,0.13554216921329498,0.11897590756416321,0.12232143431901932
2435000,487,0.0,1.0278092622756958,-0.08089461922645569,-0.08845839649438858,0.015127550810575485,0.0,0.0,0.19999998807907104,0.3014499843120575,0.003399999812245369,0.0,0.0,0.0,0.20451807975769043,0.1921686828136444,0.20327381789684296
2440000,488,0.0,0.9341245889663696,0.030198702588677406,0.02329588495194912,0.013805636204779148,0.0,0.0,0.13289999961853027,0.37564998865127563,0.008049999363720417,0.0,0.0,0.0,0.13433735072612762,0.1302710920572281,0.13407738506793976
2445000,489,0.0,0.9786244034767151,0.03152899816632271,0.024469241499900818,0.014119511470198631,0.0,0.0,0.14909999072551727,0.41144999861717224,0.008549999445676804,0.0,0.0,0.0,0.15722891688346863,0.15120482444763184,0.13898810744285583
2450000,490,0.0,0.9601331949234009,-0.05703931674361229,-0.06396165490150452,0.013844674453139305,0.0,0.0,0.10965000092983246,0.3900499939918518,0.00904999952763319,0.0,0.0,0.0,0.11686747521162033,0.10481928288936615,0.10729166865348816
2455000,491,0.0,0.983683168888092,0.055979471653699875,0.04876456782221794,0.014429805800318718,0.0,0.0,0.120899997651577,0.39809998869895935,0.003999999724328518,0.0,0.0,0.0,0.12605421245098114,0.11641566455364227,0.12023810297250748
2460000,492,0.0,0.9779309034347534,-0.011913924477994442,-0.01865299604833126,0.013478143140673637,0.0,0.0,0.0989999994635582,0.4174499809741974,0.0066999997943639755,0.0,0.0,0.0,0.10632530599832535,0.09698795527219772,0.09375
2465000,493,0.0,1.0150587558746338,-0.020679622888565063,-0.027610575780272484,0.013861904852092266,0.0,0.0,0.12974999845027924,0.4043999910354614,0.006550000049173832,0.0,0.0,0.0,0.13524097204208374,0.12138554453849792,0.13258929550647736
2470000,494,0.0,1.020195484161377,0.03645520284771919,0.02963641844689846,0.013637569732964039,0.0,0.0,0.12915000319480896,0.3668999969959259,0.006399999838322401,0.0,0.0,0.0,0.13930723071098328,0.1219879537820816,0.12619048357009888
2475000,495,0.0,0.9805376529693604,-0.027017176151275635,-0.03404952213168144,0.01406469102948904,0.0,0.0,0.1107499971985817,0.4102499783039093,0.005849999841302633,0.0,0.0,0.0,0.11716867983341217,0.11114457994699478,0.10401786118745804
2480000,496,0.0,0.9649413824081421,0.012405815534293652,0.005706407595425844,0.013398815877735615,0.0,0.0,0.09144999831914902,0.46914997696876526,0.004399999976158142,0.0,0.0,0.0,0.09774096310138702,0.08734939992427826,0.0892857164144516
2485000,497,0.0,0.9994966387748718,0.011202925816178322,0.004741023760288954,0.012923803180456161,0.0,0.0,0.09025000035762787,0.4626999795436859,0.005849999841302633,0.0,0.0,0.0,0.09774096310138702,0.08087349683046341,0.09211309999227524
2490000,498,0.0,1.0016907453536987,-0.0075136576779186726,-0.014085973612964153,0.013144631870090961,0.0,0.0,0.08559999614953995,0.4569999873638153,0.007049999665468931,0.0,0.0,0.0,0.09518072754144669,0.08478915691375732,0.07693452388048172
2495000,499,0.0,1.033340573310852,0.008852632716298103,0.0025271051563322544,0.012651055119931698,0.0,0.0,0.1278499960899353,0.42944997549057007,0.0058999997563660145,0.0,0.0,0.0,0.14578314125537872,0.125,0.11294643580913544
2500000,500,0.0,1.07868230342865,0.0008535007946193218,-0.005855695344507694,0.013418392278254032,0.0,0.0,0.1555500030517578,0.3994999825954437,0.0015999999595806003,0.0,0.0,0.0,0.16972891986370087,0.1501506119966507,0.14687500894069672
2505000,501,0.0,1.1093997955322266,0.0005391426384449005,-0.005872021894901991,0.012822329066693783,0.0,0.0,0.26659998297691345,0.3201499879360199,0.0008999999845400453,0.0,0.0,0.0,0.2829819321632385,0.2653614580631256,0.25163692235946655
2510000,502,0.0,1.0929683446884155,0.002173142973333597,-0.004408772103488445,0.013163830153644085,0.0,0.0,0.22499999403953552,0.3391000032424927,0.0005999999702908099,0.0,0.0,0.0,0.23644578456878662,0.22695784270763397,0.21175596117973328
2515000,503,0.0,1.0716999769210815,0.0004036710597574711,-0.006077011115849018,0.012961364351212978,0.0,0.0,0.19544999301433563,0.32934999465942383,0.004249999765306711,0.0,0.0,0.0,0.2096385657787323,0.1905120462179184,0.18630953133106232
2520000,504,0.0,1.0727483034133911,0.001844415906816721,-0.004867645911872387,0.013424123637378216,0.0,0.0,0.2044999897480011,0.3570999801158905,0.0026000000070780516,0.0,0.0,0.0,0.23373495042324066,0.19307228922843933,0.18690477311611176
2525000,505,0.0,1.0190831422805786,0.0041364217177033424,-0.002491249702870846,0.013255342841148376,0.0,0.0,0.1586499959230423,0.39649999141693115,0.007549999747425318,0.0,0.0,0.0,0.166265070438385,0.15587349236011505,0.15386904776096344
2530000,506,0.0,1.0131763219833374,0.0022891201078891754,-0.004822049755603075,0.014222339726984501,0.0,0.0,0.187049999833107,0.4236999750137329,0.006399999838322401,0.0,0.0,0.0,0.19698795676231384,0.1897590458393097,0.17455357313156128
2535000,507,0.0,1.0034067630767822,-0.0004021902568638325,-0.007159042172133923,0.01351370383054018,0.0,0.0,0.22794999182224274,0.44929999113082886,0.004350000061094761,0.0,0.0,0.0,0.2507530152797699,0.2186747044324875,0.21458333730697632
2540000,508,0.0,1.041852593421936,0.0027864957228302956,-0.003831054549664259,0.013235100544989109,0.0,0.0,0.25529998540878296,0.44359999895095825,0.0017999999690800905,0.0,0.0,0.0,0.27545180916786194,0.25135543942451477,0.23928572237491608
2545000,509,0.0,1.0300315618515015,0.0016810349188745022,-0.004880103282630444,0.013122276403009892,0.0,0.0,0.2551499903202057,0.4168500006198883,0.0024500000290572643,0.0,0.0,0.0,0.2515060305595398,0.2567771077156067,0.2571428716182709
2550000,510,0.0,1.024119257926941,0.0027358760125935078,-0.004028170835226774,0.013528093695640564,0.0,0.0,0.23579999804496765,0.4077000021934509,0.00484999967738986,0.0,0.0,0.0,0.22575300931930542,0.23539157211780548,0.24613095819950104
2555000,511,0.0,0.9924167990684509,0.000861006323248148,-0.005526695866137743,0.012775404378771782,0.0,0.0,0.25014999508857727,0.38484999537467957,0.0050999997183680534,0.0,0.0,0.0,0.25135543942451477,0.24939759075641632,0.24970239400863647
2560000,512,0.0,1.011313796043396,0.001072656363248825,-0.005160342901945114,0.012465998530387878,0.0,0.0,0.2610499858856201,0.39499998092651367,0.004149999935179949,0.0,0.0,0.0,0.262198805809021,0.25421687960624695,0.2666666805744171
2565000,513,0.0,1.0047032833099365,0.0037769682239741087,-0.002941313898190856,0.01343656424432993,0.0,0.0,0.2175000011920929,0.39719998836517334,0.003700000001117587,0.0,0.0,0.0,0.22545181214809418,0.21475903689861298,0.21235120296478271
2570000,514,0.0,1.0163706541061401,-0.0011867391876876354,-0.00770543422549963,0.013037390075623989,0.0,0.0,0.1687999963760376,0.3957499861717224,0.005150000099092722,0.0,0.0,0.0,0.1692771166563034,0.1700301170349121,0.16711309552192688
2575000,515,0.0,1.0063127279281616,0.003880261443555355,-0.0030398168601095676,0.013840156607329845,0.0,0.0,0.1615999937057495,0.41999998688697815,0.003599999938160181,0.0,0.0,0.0,0.17409639060497284,0.15512049198150635,0.15565477311611176
2580000,516,0.0,1.022483229637146,-0.0018803821876645088,-0.008381753228604794,0.01300274208188057,0.0,0.0,0.1708499938249588,0.3888999819755554,0.0026000000070780516,0.0,0.0,0.0,0.17274096608161926,0.16521084308624268,0.17455357313156128
2585000,517,0.0,1.0337990522384644,0.00325676123611629,-0.0029988784808665514,0.012511279433965683,0.0,0.0,0.2125999927520752,0.3944999873638153,0.004399999976158142,0.0,0.0,0.0,0.20180723071098328,0.22319278120994568,0.2127976268529892
2590000,518,0.0,1.0498108863830566,-0.0009387475438416004,-0.007132330909371376,0.012387166731059551,0.0,0.0,0.20179998874664307,0.34599998593330383,0.004350000061094761,0.0,0.0,0.0,0.20707832276821136,0.2021084427833557,0.19627976417541504
2595000,519,0.0,1.0023540258407593,0.00530921621248126,-0.0010410529794171453,0.012700538150966167,0.0,0.0,0.1281999945640564,0.3655499815940857,0.005949999671429396,0.0,0.0,0.0,0.13358433544635773,0.12394578754901886,0.12708333134651184
2600000,520,0.0,1.0282171964645386,-0.002373897936195135,-0.008935372345149517,0.013122948817908764,0.0,0.0,0.15164999663829803,0.36675000190734863,0.004149999935179949,0.0,0.0,0.0,0.15813253819942474,0.14879518747329712,0.1480654776096344
2605000,521,0.0,1.0574872493743896,0.004855923820286989,-0.0017663253238424659,0.013244498521089554,0.0,0.0,0.23544999957084656,0.34779998660087585,0.0038499999791383743,0.0,0.0,0.0,0.23509036004543304,0.23659639060497284,0.23467262089252472
2610000,522,0.0,1.0146851539611816,-0.009865034371614456,-0.016210662201046944,0.012691255658864975,0.0,0.0,0.22454999387264252,0.32339999079704285,0.00279999990016222,0.0,0.0,0.0,0.2280120551586151,0.22756025195121765,0.21815477311611176
2615000,523,0.0,1.0070308446884155,0.012843726202845573,0.006556825712323189,0.012573800049722195,0.0,0.0,0.2284500002861023,0.2713499963283539,0.00559999980032444,0.0,0.0,0.0,0.21942771971225739,0.22680723667144775,0.23898810148239136
2620000,524,0.0,1.0186054706573486,-0.007190868258476257,-0.01395405549556017,0.013526374474167824,0.0,0.0,0.22219999134540558,0.2635999917984009,0.009149999357759953,0.0,0.0,0.0,0.22274096310138702,0.22168675065040588,0.22217263281345367
2625000,525,0.0,1.05305814743042,0.008780770003795624,0.002493498148396611,0.012574544176459312,0.0,0.0,0.26729997992515564,0.24089999496936798,0.004549999721348286,0.0,0.0,0.0,0.26475903391838074,0.26792168617248535,0.26919645071029663
2630000,526,0.0,1.0164926052093506,-0.004454605747014284,-0.010427177883684635,0.011945144273340702,0.0,0.0,0.18930000066757202,0.2742999792098999,0.005549999885261059,0.0,0.0,0.0,0.18313252925872803,0.19789156317710876,0.18690477311611176
2635000,527,0.0,1.0222913026809692,-0.0037305140867829323,-0.01006227731704712,0.012663526460528374,0.0,0.0,0.23479999601840973,0.2915000021457672,0.004799999762326479,0.0,0.0,0.0,0.22469879686832428,0.23614458739757538,0.24345238506793976
2640000,528,0.0,0.9845341444015503,0.017748329788446426,0.011666123755276203,0.012164412997663021,0.0,0.0,0.18975000083446503,0.33059999346733093,0.007400000002235174,0.0,0.0,0.0,0.18554216623306274,0.19036145508289337,0.19330358505249023
2645000,529,0.0,0.9654085636138916,-0.014594096690416336,-0.020938389003276825,0.012688584625720978,0.0,0.0,0.21744999289512634,0.31904998421669006,0.010699999518692493,0.0,0.0,0.0,0.21746988594532013,0.2180722951889038,0.21681548655033112
2650000,530,0.0,0.9732585549354553,0.011214697733521461,0.0049086990766227245,0.012611997313797474,0.0,0.0,0.32624998688697815,0.25360000133514404,0.005750000011175871,0.0,0.0,0.0,0.31054216623306274,0.3340361416339874,0.334077388048172
2655000,531,0.0,0.9128947257995605,-0.0023052291944622993,-0.008501659147441387,0.012392859905958176,0.0,0.0,0.3781999945640564,0.27764999866485596,0.004299999680370092,0.0,0.0,0.0,0.36385542154312134,0.38524097204208374,0.3854166865348816
2660000,532,0.0,0.9457176327705383,-0.0006957664154469967,-0.007059070281684399,0.012726607732474804,0.0,0.0,0.4071999788284302,0.28064998984336853,0.004050000105053186,0.0,0.0,0.0,0.374849408864975,0.4275602400302887,0.41904762387275696
2665000,533,0.0,0.9330493211746216,0.005576393101364374,-0.0004453132569324225,0.012043412774801254,0.0,0.0,0.2301499992609024,0.3294999897480011,0.005750000011175871,0.0,0.0,0.0,0.21204820275306702,0.23599398136138916,0.24226191639900208
2670000,534,0.0,0.9994896054267883,-0.0018108212389051914,-0.008055650629103184,0.012489658780395985,0.0,0.0,0.3072499930858612,0.27834999561309814,0.006049999967217445,0.0,0.0,0.0,0.28765061497688293,0.31762048602104187,0.31636905670166016
2675000,535,0.0,1.0522090196609497,-0.005919810850173235,-0.012013992294669151,0.012188362888991833,0.0,0.0,0.2791999876499176,0.2554999887943268,0.00494999997317791,0.0,0.0,0.0,0.26942771673202515,0.2813253104686737,0.2867559492588043
2680000,536,0.0,1.0276222229003906,0.011066965758800507,0.005008616950362921,0.012116696685552597,0.0,0.0,0.18434999883174896,0.29464998841285706,0.011299999430775642,0.0,0.0,0.0,0.17018072307109833,0.1905120462179184,0.19226191937923431
2685000,537,0.0,1.0633214712142944,-0.011349091306328773,-0.01761692762374878,0.012535672634840012,0.0,0.0,0.19259999692440033,0.2775999903678894,0.015149999409914017,0.0,0.0,0.0,0.17861446738243103,0.19804216921329498,0.20104166865348816
2690000,538,0.0,1.080897569656372,-0.014003392308950424,-0.019964605569839478,0.011922427453100681,0.0,0.0,0.20295000076293945,0.27434998750686646,0.018299998715519905,0.0,0.0,0.0,0.21129518747329712,0.2004518061876297,0.1971726268529892
2695000,539,0.0,1.0567057132720947,0.009808363392949104,0.003673704108223319,0.012269319035112858,0.0,0.0,0.18609999120235443,0.282399982213974,0.01834999956190586,0.0,0.0,0.0,0.1897590458393097,0.18283133208751678,0.18571428954601288
2700000,540,0.0,1.0409153699874878,-0.015680629760026932,-0.02161187119781971,0.011862481012940407,0.0,0.0,0.23889999091625214,0.31244999170303345,0.017349999397993088,0.0,0.0,0.0,0.23463855683803558,0.24503012001514435,0.23705357313156128
2705000,541,0.0,1.0505601167678833,-0.017700443044304848,-0.024128662422299385,0.012856438755989075,0.0,0.0,0.2883000075817108,0.28564998507499695,0.009949999861419201,0.0,0.0,0.0,0.28147590160369873,0.29292169213294983,0.2904762029647827
2710000,542,0.0,1.0398129224777222,-0.02067813277244568,-0.02680184878408909,0.01224743202328682,0.0,0.0,0.33969998359680176,0.2624000012874603,0.01759999990463257,0.0,0.0,0.0,0.3378012180328369,0.34352409839630127,0.3377976417541504
2715000,543,0.0,1.015989065170288,0.002648106077685952,-0.003329417435452342,0.011955047026276588,0.0,0.0,0.2968499958515167,0.2726999819278717,0.02579999901354313,0.0,0.0,0.0,0.28554216027259827,0.3054216802120209,0.2995535731315613
2720000,544,0.0,0.9995044469833374,0.01837100461125374,0.012217403389513493,0.012307203374803066,0.0,0.0,0.2584500014781952,0.27044999599456787,0.024299999698996544,0.0,0.0,0.0,0.24789157509803772,0.2605421841144562,0.2668154835700989
2725000,545,0.0,1.0067209005355835,-4.246830940246582e-07,-0.006391128990799189,0.012781408615410328,0.0,0.0,0.30140000581741333,0.2658500075340271,0.025599999353289604,0.0,0.0,0.0,0.2829819321632385,0.29984939098358154,0.3211309611797333
2730000,546,0.0,1.015286922454834,-0.0029944595880806446,-0.008659901097416878,0.011330883018672466,0.0,0.0,0.3349999785423279,0.2594499886035919,0.02759999968111515,0.0,0.0,0.0,0.3141566216945648,0.34096387028694153,0.349702388048172
2735000,547,0.0,0.9991163015365601,-0.0059625981375575066,-0.011958802118897438,0.011992407962679863,0.0,0.0,0.35624998807907104,0.24699999392032623,0.01640000008046627,0.0,0.0,0.0,0.33358433842658997,0.3643072247505188,0.37068453431129456
2740000,548,0.0,0.9597668647766113,-0.011706428602337837,-0.017708446830511093,0.012004036456346512,0.0,0.0,0.3910999894142151,0.25450000166893005,0.010400000028312206,0.0,0.0,0.0,0.3688253164291382,0.39668676257133484,0.40758928656578064
2745000,549,0.0,0.9377261400222778,-0.008569872938096523,-0.014412441290915012,0.011685136705636978,0.0,0.0,0.43389999866485596,0.26010000705718994,0.008150000125169754,0.0,0.0,0.0,0.4076807200908661,0.4343373477458954,0.4593750238418579
2750000,550,0.0,0.9620208740234375,-0.0035268249921500683,-0.00952517706900835,0.011996704153716564,0.0,0.0,0.3888999819755554,0.2870999872684479,0.008049999363720417,0.0,0.0,0.0,0.3567771017551422,0.39683735370635986,0.41279762983322144
2755000,551,0.0,1.0341684818267822,-0.030638985335826874,-0.0367015041410923,0.012125039473176003,0.0,0.0,0.3546999990940094,0.3192499876022339,0.004699999932199717,0.0,0.0,0.0,0.33433735370635986,0.3597891628742218,0.3697916865348816
2760000,552,0.0,0.9726833701133728,-0.03351437672972679,-0.03961888700723648,0.012209023348987103,0.0,0.0,0.2425999939441681,0.38374999165534973,0.011099999770522118,0.0,0.0,0.0,0.22575300931930542,0.24984940886497498,0.25208333134651184
2765000,553,0.0,1.0612150430679321,-0.008407489396631718,-0.01418138388544321,0.011547788977622986,0.0,0.0,0.305649995803833,0.3381499946117401,0.006550000049173832,0.0,0.0,0.0,0.28780120611190796,0.3179216980934143,0.31116071343421936
2770000,554,0.0,1.087744951248169,-0.021895937621593475,-0.028070030733942986,0.012348185293376446,0.0,0.0,0.27274999022483826,0.3462499976158142,0.011349999345839024,0.0,0.0,0.0,0.26250001788139343,0.28087350726127625,0.2748512029647827
2775000,555,0.0,1.1032503843307495,-0.0507429800927639,-0.056795310229063034,0.012104659341275692,0.0,0.0,0.25779998302459717,0.283050000667572,0.00925000011920929,0.0,0.0,0.0,0.2432228922843933,0.26942771673202515,0.2607142925262451
2780000,556,0.0,1.1011348962783813,-0.06546995788812637,-0.07189234346151352,0.01284476462751627,0.0,0.0,0.2915499806404114,0.23774999380111694,0.004999999888241291,0.0,0.0,0.0,0.2768072485923767,0.30060240626335144,0.2971726357936859
2785000,557,0.0,1.102212905883789,-0.051786500960588455,-0.05823510140180588,0.012897202745079994,0.0,0.0,0.27105000615119934,0.24069999158382416,0.009200000204145908,0.0,0.0,0.0,0.2545180916786194,0.2766566276550293,0.28184524178504944
2790000,558,0.0,1.1221559047698975,-0.04287932813167572,-0.04901798069477081,0.012277304194867611,0.0,0.0,0.21089999377727509,0.2574999928474426,0.007799999788403511,0.0,0.0,0.0,0.1950301229953766,0.21521085500717163,0.22232143580913544
2795000,559,0.0,1.1320544481277466,-0.026178700849413872,-0.03210730105638504,0.011857201345264912,0.0,0.0,0.19814999401569366,0.2860499918460846,0.008499999530613422,0.0,0.0,0.0,0.1959337443113327,0.19548192620277405,0.20297619700431824
2800000,560,0.0,1.1039427518844604,0.0012811566703021526,-0.004613123834133148,0.011788561008870602,0.0,0.0,0.1834999918937683,0.34984999895095825,0.012449999339878559,0.0,0.0,0.0,0.16897590458393097,0.18719880282878876,0.1941964328289032
2805000,561,0.0,1.1231344938278198,0.0001647663302719593,-0.005646670237183571,0.01162287313491106,0.0,0.0,0.2235499918460846,0.350600004196167,0.007899999618530273,0.0,0.0,0.0,0.21174699068069458,0.2233433723449707,0.23541668057441711
2810000,562,0.0,1.101109504699707,-0.020318323746323586,-0.026432884857058525,0.012229121290147305,0.0,0.0,0.18084999918937683,0.390749990940094,0.005349999759346247,0.0,0.0,0.0,0.17665663361549377,0.1798192858695984,0.1860119104385376
2815000,563,0.0,1.1132937669754028,-0.05301367864012718,-0.05929214507341385,0.012556931935250759,0.0,0.0,0.22589999437332153,0.4060499966144562,0.0036499998532235622,0.0,0.0,0.0,0.21551205217838287,0.22545181214809418,0.2366071492433548
2820000,564,0.0,1.0960856676101685,-0.07929211109876633,-0.08578994125127792,0.012995665892958641,0.0,0.0,0.19894999265670776,0.40574997663497925,0.0052999998442828655,0.0,0.0,0.0,0.1944277137517929,0.1966867446899414,0.20565477013587952
2825000,565,0.0,1.1033979654312134,0.003470583586022258,-0.002334465039893985,0.011610097251832485,0.0,0.0,0.17409999668598175,0.4161999821662903,0.010049999691545963,0.0,0.0,0.0,0.17394578456878662,0.17259036004543304,0.17574405670166016
2830000,566,0.0,1.1294411420822144,0.049263447523117065,0.04353082925081253,0.011465237475931644,0.0,0.0,0.24274998903274536,0.3519499897956848,0.008949999697506428,0.0,0.0,0.0,0.22454819083213806,0.2469879537820816,0.25654762983322144
2835000,567,0.0,1.0906774997711182,0.055406492203474045,0.04940162971615791,0.012009726837277412,0.0,0.0,0.20889998972415924,0.3146999776363373,0.006449999753385782,0.0,0.0,0.0,0.2057228982448578,0.21325302124023438,0.20773810148239136
2840000,568,0.0,1.101668357849121,-0.023846101015806198,-0.029475225135684013,0.011258246377110481,0.0,0.0,0.23809999227523804,0.3150999844074249,0.013049999251961708,0.0,0.0,0.0,0.2180722951889038,0.23388554155826569,0.26205357909202576
2845000,569,0.0,1.1059174537658691,-0.05300617218017578,-0.05900322273373604,0.011994103901088238,0.0,0.0,0.2777000069618225,0.26659998297691345,0.008899999782443047,0.0,0.0,0.0,0.2643072307109833,0.28539156913757324,0.28333333134651184
2850000,570,0.0,1.1021475791931152,0.003496206598356366,-0.0021361198741942644,0.011264652945101261,0.0,0.0,0.281499981880188,0.2514500021934509,0.012249999679625034,0.0,0.0,0.0,0.2677710950374603,0.2881024181842804,0.28854167461395264
2855000,571,0.0,1.082616925239563,0.023831307888031006,0.01763724721968174,0.012388119474053383,0.0,0.0,0.22179999947547913,0.28064998984336853,0.016099998727440834,0.0,0.0,0.0,0.22003012895584106,0.22575300931930542,0.21964286267757416
2860000,572,0.0,1.0832749605178833,0.008648858405649662,0.0028106116224080324,0.011676494032144547,0.0,0.0,0.19209998846054077,0.32144999504089355,0.011899999342858791,0.0,0.0,0.0,0.18960843980312347,0.18478916585445404,0.20178572833538055
2865000,573,0.0,1.0755895376205444,-0.03521633893251419,-0.04141663759946823,0.012400597333908081,0.0,0.0,0.16324999928474426,0.38464999198913574,0.007549999747425318,0.0,0.0,0.0,0.16731928288936615,0.15918675065040588,0.16324405372142792
2870000,574,0.0,1.0522271394729614,-0.03847957402467728,-0.04440734162926674,0.011855537071824074,0.0,0.0,0.12860000133514404,0.4372999966144562,0.01334999967366457,0.0,0.0,0.0,0.12846386432647705,0.12846386432647705,0.12886905670166016
2875000,575,0.0,1.0876330137252808,0.004447688814252615,-0.0011352706933394074,0.011165918782353401,0.0,0.0,0.13819999992847443,0.4340499937534332,0.010350000113248825,0.0,0.0,0.0,0.13990963995456696,0.13222892582416534,0.14241072535514832
2880000,576,0.0,1.1085419654846191,0.04271328076720238,0.03702230006456375,0.011381964199244976,0.0,0.0,0.19789999723434448,0.3998499810695648,0.011049999855458736,0.0,0.0,0.0,0.1981927752494812,0.20180723071098328,0.19375000894069672
2885000,577,0.0,1.0453364849090576,0.027625106275081635,0.02200453169643879,0.01124114915728569,0.0,0.0,0.14999999105930328,0.47244998812675476,0.019600000232458115,0.0,0.0,0.0,0.14728915691375732,0.15000000596046448,0.15267857909202576
2890000,578,0.0,0.9999556541442871,-0.021766284480690956,-0.02750375308096409,0.01147493813186884,0.0,0.0,0.11389999836683273,0.5270499587059021,0.026499999687075615,0.0,0.0,0.0,0.11686747521162033,0.11009036004543304,0.11473214626312256
2895000,579,0.0,1.0916608572006226,-0.009363416582345963,-0.014865288510918617,0.011003742925822735,0.0,0.0,0.1873999983072281,0.510699987411499,0.012949999421834946,0.0,0.0,0.0,0.18780121207237244,0.18539157509803772,0.1889881044626236
2900000,580,0.0,1.138222575187683,0.014449162408709526,0.008869467303156853,0.011159390211105347,0.0,0.0,0.23029999434947968,0.4384499788284302,0.011899999342858791,0.0,0.0,0.0,0.2355421781539917,0.23313254117965698,0.22232143580913544
2905000,581,0.0,1.1147042512893677,-0.010957667604088783,-0.01654769293963909,0.011180050671100616,0.0,0.0,0.2238999903202057,0.3637000024318695,0.022350000217556953,0.0,0.0,0.0,0.2325301319360733,0.21942771971225739,0.21979168057441711
2910000,582,0.0,1.1127533912658691,-0.0029331441037356853,-0.008724341168999672,0.011582394130527973,0.0,0.0,0.24819999933242798,0.3353999853134155,0.02044999971985817,0.0,0.0,0.0,0.2400602400302887,0.2531626522541046,0.25133928656578064
2915000,583,0.0,1.086060643196106,0.0007070372812449932,-0.004726216662675142,0.010866507887840271,0.0,0.0,0.2407499998807907,0.2942499816417694,0.03074999898672104,0.0,0.0,0.0,0.233283132314682,0.23509036004543304,0.2537202537059784
2920000,584,0.0,1.1046147346496582,0.010271770879626274,0.004729204345494509,0.01108513306826353,0.0,0.0,0.31654998660087585,0.25599998235702515,0.018449999392032623,0.0,0.0,0.0,0.30286145210266113,0.3237951993942261,0.3229166865348816
2925000,585,0.0,1.0951895713806152,0.029782164841890335,0.02412654645740986,0.011311236768960953,0.0,0.0,0.36479997634887695,0.2804499864578247,0.01614999957382679,0.0,0.0,0.0,0.35873493552207947,0.3596385717391968,0.37589287757873535
2930000,586,0.0,1.0733693838119507,0.06343421339988708,0.05720788985490799,0.012452644295990467,0.0,0.0,0.328249990940094,0.3206999897956848,0.013599999248981476,0.0,0.0,0.0,0.3155120611190796,0.34051206707954407,0.32872024178504944
2935000,587,0.0,1.1020780801773071,0.08860351145267487,0.08201102912425995,0.01318496372550726,0.0,0.0,0.3447999954223633,0.336899995803833,0.008299999870359898,0.0,0.0,0.0,0.3277108371257782,0.3515060245990753,0.35505953431129456
2940000,588,0.0,1.0982904434204102,0.0658307746052742,0.05976420268416405,0.012133141979575157,0.0,0.0,0.2906999886035919,0.3873499929904938,0.003999999724328518,0.0,0.0,0.0,0.28689759969711304,0.2942771017551422,0.2909226417541504
2945000,589,0.0,1.0952106714248657,-0.04102945327758789,-0.04658183455467224,0.011104758828878403,0.0,0.0,0.2085999995470047,0.390749990940094,0.010449999943375587,0.0,0.0,0.0,0.2081325352191925,0.21234939992427826,0.2053571492433548
2950000,590,0.0,1.1231881380081177,-0.042989179491996765,-0.04882301762700081,0.011667675338685513,0.0,0.0,0.21789999306201935,0.40625,0.006850000005215406,0.0,0.0,0.0,0.22981928288936615,0.21099397540092468,0.21294642984867096
2955000,591,0.0,1.1430928707122803,0.012564172968268394,0.006834240630269051,0.011459864675998688,0.0,0.0,0.21344999969005585,0.4008999764919281,0.007949999533593655,0.0,0.0,0.0,0.2233433723449707,0.20557229220867157,0.21145834028720856
2960000,592,0.0,1.140573263168335,0.03676099330186844,0.03114045411348343,0.011241074651479721,0.0,0.0,0.22884999215602875,0.3018999993801117,0.01529999915510416,0.0,0.0,0.0,0.2293674796819687,0.23132529854774475,0.22589287161827087
2965000,593,0.0,1.1456884145736694,-0.00891193188726902,-0.014374827034771442,0.010925790295004845,0.0,0.0,0.1826999932527542,0.2974500060081482,0.01939999870955944,0.0,0.0,0.0,0.19337350130081177,0.17771084606647491,0.1770833432674408
2970000,594,0.0,1.17586350440979,-0.045747872442007065,-0.05120118707418442,0.010906629264354706,0.0,0.0,0.18924999237060547,0.3337499797344208,0.009549999609589577,0.0,0.0,0.0,0.1966867446899414,0.18403615057468414,0.18705357611179352
2975000,595,0.0,1.1474454402923584,-0.024259308353066444,-0.029668642207980156,0.010818667709827423,0.0,0.0,0.18234999477863312,0.29269999265670776,0.017749998718500137,0.0,0.0,0.0,0.1784638613462448,0.1921686828136444,0.17648810148239136
2980000,596,0.0,1.153336524963379,0.020698433741927147,0.015280590392649174,0.010835685767233372,0.0,0.0,0.20819999277591705,0.2847999930381775,0.010449999943375587,0.0,0.0,0.0,0.20557229220867157,0.2043674737215042,0.21458333730697632
2985000,597,0.0,1.210660457611084,0.04458683729171753,0.03905854374170303,0.011056588031351566,0.0,0.0,0.23874999582767487,0.27889999747276306,0.0038999998942017555,0.0,0.0,0.0,0.2417168766260147,0.24337349832057953,0.23125000298023224
2990000,598,0.0,1.1416802406311035,0.03022729977965355,0.02492724545300007,0.01060011051595211,0.0,0.0,0.1784999966621399,0.20844998955726624,0.011399999260902405,0.0,0.0,0.0,0.17515060305595398,0.17710843682289124,0.18318453431129456
2995000,599,0.0,1.117188811302185,-0.029408805072307587,-0.03486969694495201,0.010921783745288849,0.0,0.0,0.18639999628067017,0.16949999332427979,0.020399998873472214,0.0,0.0,0.0,0.18719880282878876,0.18569277226924896,0.18630953133106232
3000000,600,0.0,1.136054277420044,-0.017170824110507965,-0.022320976480841637,0.010300303809344769,0.0,0.0,0.17464999854564667,0.14549998939037323,0.009750000201165676,0.0,0.0,0.0,0.16340361535549164,0.18162651360034943,0.17886905372142792
3005000,601,0.0,1.1872221231460571,-0.015209464356303215,-0.020144382491707802,0.009869837202131748,0.0,0.0,0.273499995470047,0.13689999282360077,0.010300000198185444,0.0,0.0,0.0,0.2682228982448578,0.274548202753067,0.27767857909202576
3010000,602,0.0,1.187125325202942,-0.015743330121040344,-0.02082252688705921,0.010158393532037735,0.0,0.0,0.2846499979496002,0.14329999685287476,0.00839999970048666,0.0,0.0,0.0,0.28855422139167786,0.28403615951538086,0.28139883279800415
3015000,603,0.0,1.1893693208694458,-0.02793041430413723,-0.033145248889923096,0.010429669171571732,0.0,0.0,0.2581000030040741,0.17944999039173126,0.011799999512732029,0.0,0.0,0.0,0.26701807975769043,0.25406625866889954,0.2532738149166107
3020000,604,0.0,1.1838452816009521,-0.04587489366531372,-0.05173001438379288,0.011710239574313164,0.0,0.0,0.27639999985694885,0.2235499918460846,0.012000000104308128,0.0,0.0,0.0,0.29006025195121765,0.2805722951889038,0.25877976417541504
3025000,605,0.0,1.2141629457473755,-0.04973553493618965,-0.055260300636291504,0.011049529537558556,0.0,0.0,0.2861499786376953,0.2535499930381775,0.013799999840557575,0.0,0.0,0.0,0.3025602400302887,0.2828313410282135,0.27321431040763855
3030000,606,0.0,1.1914653778076172,-0.015334557741880417,-0.020488344132900238,0.010307571850717068,0.0,0.0,0.24204999208450317,0.2500999867916107,0.017400000244379044,0.0,0.0,0.0,0.24984940886497498,0.23042169213294983,0.24583333730697632
3035000,607,0.0,1.1694029569625854,0.0008664741180837154,-0.004128496628254652,0.009989941492676735,0.0,0.0,0.22504998743534088,0.2312999963760376,0.010599999688565731,0.0,0.0,0.0,0.22003012895584106,0.22213855385780334,0.2328869104385376
3040000,608,0.0,1.1554471254348755,0.011470826342701912,0.006033751647919416,0.010874149389564991,0.0,0.0,0.1996999979019165,0.23594999313354492,0.027950000017881393,0.0,0.0,0.0,0.2004518061876297,0.19683735072612762,0.20178572833538055
3045000,609,0.0,1.182408332824707,-0.0005753273144364357,-0.005964653566479683,0.010778652504086494,0.0,0.0,0.2069999873638153,0.21654999256134033,0.006949999835342169,0.0,0.0,0.0,0.20707832276821136,0.21310241520404816,0.2008928656578064
3050000,610,0.0,1.2219083309173584,-0.01010100543498993,-0.015567205846309662,0.01093240175396204,0.0,0.0,0.2328999936580658,0.2202499955892563,0.019199999049305916,0.0,0.0,0.0,0.2370481938123703,0.2340361475944519,0.227678582072258
3055000,611,0.0,1.1717174053192139,-0.014615580439567566,-0.01965385116636753,0.010076542384922504,0.0,0.0,0.14174999296665192,0.22899998724460602,0.028449999168515205,0.0,0.0,0.0,0.143373504281044,0.1448795199394226,0.13705357909202576
3060000,612,0.0,1.1708769798278809,0.0026602817233651876,-0.0027019439730793238,0.010724451392889023,0.0,0.0,0.1152999997138977,0.2678000032901764,0.04334999993443489,0.0,0.0,0.0,0.1135542169213295,0.11536144465208054,0.11696428805589676
3065000,613,0.0,1.2015773057937622,0.0017171045765280724,-0.0031920927576720715,0.009818394668400288,0.0,0.0,0.14389999210834503,0.27619999647140503,0.02459999918937683,0.0,0.0,0.0,0.14141567051410675,0.14518073201179504,0.1450892984867096
3070000,614,0.0,1.2382726669311523,-0.04033615440130234,-0.045830853283405304,0.010989395901560783,0.0,0.0,0.2149999886751175,0.3030499815940857,0.010849999263882637,0.0,0.0,0.0,0.22650602459907532,0.2141566276550293,0.20446428656578064
3075000,615,0.0,1.254679799079895,-0.10072049498558044,-0.10701870918273926,0.012596432119607925,0.0,0.0,0.27489998936653137,0.3052999973297119,0.0016999999061226845,0.0,0.0,0.0,0.2935241162776947,0.2676204741001129,0.2636904716491699
3080000,616,0.0,1.2325716018676758,-0.08999168127775192,-0.09619724750518799,0.012411125935614109,0.0,0.0,0.18455000221729279,0.37459999322891235,0.00904999952763319,0.0,0.0,0.0,0.19096386432647705,0.18237952888011932,0.18035714328289032
3085000,617,0.0,1.2325507402420044,0.04944734275341034,0.04382363706827164,0.011247411370277405,0.0,0.0,0.13785000145435333,0.3688499927520752,0.016950000077486038,0.0,0.0,0.0,0.14292168617248535,0.1349397599697113,0.13571429252624512
3090000,618,0.0,1.253729224205017,0.0564073845744133,0.050827737897634506,0.011159295216202736,0.0,0.0,0.15934999287128448,0.31074997782707214,0.014699999243021011,0.0,0.0,0.0,0.17786145210266113,0.1524096429347992,0.14791667461395264
3095000,619,0.0,1.274000883102417,-0.06470902264118195,-0.07031024247407913,0.0112024350091815,0.0,0.0,0.15919999778270721,0.27254998683929443,0.017249999567866325,0.0,0.0,0.0,0.18328313529491425,0.15225903689861298,0.14226190745830536
3100000,620,0.0,1.2457458972930908,0.012232368811964989,0.006993806920945644,0.010477123782038689,0.0,0.0,0.17384999990463257,0.2724999785423279,0.013199999928474426,0.0,0.0,0.0,0.19397591054439545,0.16656626760959625,0.16116072237491608
3105000,621,0.0,1.2742304801940918,0.023392396047711372,0.018371017649769783,0.010042757727205753,0.0,0.0,0.23144999146461487,0.2798500061035156,0.011249999515712261,0.0,0.0,0.0,0.25557228922843933,0.22304217517375946,0.21592262387275696
3110000,622,0.0,1.2652759552001953,-0.04336635023355484,-0.048700589686632156,0.010668476112186909,0.0,0.0,0.1984499990940094,0.30949997901916504,0.007199999876320362,0.0,0.0,0.0,0.2004518061876297,0.20677711069583893,0.1882440596818924
3115000,623,0.0,1.262898325920105,0.023495007306337357,0.018541868776082993,0.009906275197863579,0.0,0.0,0.16374999284744263,0.3549000024795532,0.0018500000005587935,0.0,0.0,0.0,0.17289157211780548,0.15737952291965485,0.16101190447807312
3120000,624,0.0,1.246503233909607,-0.00022709695622324944,-0.005247614346444607,0.010041034780442715,0.0,0.0,0.15189999341964722,0.346699982881546,0.018950000405311584,0.0,0.0,0.0,0.15798193216323853,0.14834336936473846,0.14940476417541504
3125000,625,0.0,1.2522192001342773,-0.03991497680544853,-0.04498819634318352,0.010146437212824821,0.0,0.0,0.1525999903678894,0.3271999955177307,0.015699999406933784,0.0,0.0,0.0,0.16867470741271973,0.14909638464450836,0.14017857611179352
3130000,626,0.0,1.2232130765914917,0.014298686757683754,0.008947892114520073,0.010701588355004787,0.0,0.0,0.10199999809265137,0.2969000041484833,0.02410000003874302,0.0,0.0,0.0,0.11144578456878662,0.09894578158855438,0.09568452835083008
3135000,627,0.0,1.242592215538025,0.014530595391988754,0.009176354855298996,0.010708481073379517,0.0,0.0,0.1410999894142151,0.2574000060558319,0.026200000196695328,0.0,0.0,0.0,0.16039156913757324,0.13659638166427612,0.1264881044626236
3140000,628,0.0,1.2316182851791382,-0.00815032608807087,-0.012858833186328411,0.009417015127837658,0.0,0.0,0.1570499986410141,0.21279999613761902,0.0239499993622303,0.0,0.0,0.0,0.1792168766260147,0.15075302124023438,0.1413690596818924
3145000,629,0.0,1.2228347063064575,-0.0003490676172077656,-0.00547682773321867,0.010255520232021809,0.0,0.0,0.13005000352859497,0.21879999339580536,0.02929999865591526,0.0,0.0,0.0,0.14518073201179504,0.1212349459528923,0.12380953133106232
3150000,630,0.0,1.249491810798645,-0.008323146030306816,-0.013003002852201462,0.009359714575111866,0.0,0.0,0.2092999964952469,0.2491999864578247,0.0023999998811632395,0.0,0.0,0.0,0.22756025195121765,0.20466868579387665,0.19583334028720856
3155000,631,0.0,1.2235679626464844,0.010014728643000126,0.00500019546598196,0.010029066354036331,0.0,0.0,0.18334999680519104,0.23725000023841858,0.01730000041425228,0.0,0.0,0.0,0.19774097204208374,0.17424699664115906,0.17812500894069672
3160000,632,0.0,1.2287743091583252,-0.020855281502008438,-0.02533303201198578,0.008955499157309532,0.0,0.0,0.19894999265670776,0.2629999816417694,0.025849999859929085,0.0,0.0,0.0,0.2019578367471695,0.19789156317710876,0.19702382385730743
3165000,633,0.0,1.2083125114440918,0.009702958166599274,0.004941544961184263,0.009522825479507446,0.0,0.0,0.16920000314712524,0.28110000491142273,0.03594999760389328,0.0,0.0,0.0,0.16942770779132843,0.1814759075641632,0.15684524178504944
3170000,634,0.0,1.2363470792770386,0.008201315999031067,0.0029939627274870872,0.010414707474410534,0.0,0.0,0.1692499965429306,0.2935999929904938,0.025699999183416367,0.0,0.0,0.0,0.17259036004543304,0.1700301170349121,0.165178582072258
3175000,635,0.0,1.2610938549041748,-0.009338192641735077,-0.014331179670989513,0.009985974989831448,0.0,0.0,0.17989999055862427,0.2750000059604645,0.02174999937415123,0.0,0.0,0.0,0.18704819679260254,0.1792168766260147,0.17351190745830536
3180000,636,0.0,1.3013771772384644,-0.018933575600385666,-0.024241575971245766,0.010616002604365349,0.0,0.0,0.2101999968290329,0.24354998767375946,0.016750000417232513,0.0,0.0,0.0,0.23448795080184937,0.20301204919815063,0.19330358505249023
3185000,637,0.0,1.2772260904312134,0.0063365912064909935,0.0011343986261636019,0.010404384694993496,0.0,0.0,0.14315000176429749,0.260699987411499,0.03344999998807907,0.0,0.0,0.0,0.16280120611190796,0.13855421543121338,0.12827381491661072
3190000,638,0.0,1.2821078300476074,-0.002154629211872816,-0.006952983792871237,0.009596709161996841,0.0,0.0,0.17870000004768372,0.28004997968673706,0.019050000235438347,0.0,0.0,0.0,0.1867469847202301,0.17424699664115906,0.17514881491661072
3195000,639,0.0,1.303576111793518,-0.03344670683145523,-0.03844732046127319,0.010001223534345627,0.0,0.0,0.20604999363422394,0.2762500047683716,0.012550000101327896,0.0,0.0,0.0,0.2280120551586151,0.2034638524055481,0.18690477311611176
3200000,640,0.0,1.3009896278381348,-0.008349600248038769,-0.013383997604250908,0.010068794712424278,0.0,0.0,0.2248999923467636,0.2719999849796295,0.007849999703466892,0.0,0.0,0.0,0.2506024241447449,0.21972891688346863,0.2046131044626236
3205000,641,0.0,1.2746678590774536,-0.002563095185905695,-0.00723664928227663,0.009347108192741871,0.0,0.0,0.2076999992132187,0.26864999532699585,0.010749999433755875,0.0,0.0,0.0,0.22756025195121765,0.19879518449306488,0.19687500596046448
3210000,642,0.0,1.2417370080947876,-0.005385242402553558,-0.009807380847632885,0.008844276890158653,0.0,0.0,0.2304999977350235,0.29580000042915344,0.006649999879300594,0.0,0.0,0.0,0.24021084606647491,0.21837349236011505,0.2328869104385376
3215000,643,0.0,1.2727024555206299,-0.0017459937371313572,-0.006854028906673193,0.010216070339083672,0.0,0.0,0.29429998993873596,0.2985999882221222,0.005249999929219484,0.0,0.0,0.0,0.3225903809070587,0.2856927812099457,0.2748512029647827
3220000,644,0.0,1.2814170122146606,-0.009730638936161995,-0.014568135142326355,0.009674991481006145,0.0,0.0,0.1887499988079071,0.3388499915599823,0.009200000204145908,0.0,0.0,0.0,0.19638554751873016,0.18478916585445404,0.18511904776096344
3225000,645,0.0,1.278999924659729,-0.01742636226117611,-0.022286491468548775,0.00972025841474533,0.0,0.0,0.1723499894142151,0.30699998140335083,0.013499999418854713,0.0,0.0,0.0,0.182981938123703,0.16506023705005646,0.16904762387275696
3230000,646,0.0,1.301927089691162,-0.060801927000284195,-0.06616375595331192,0.0107236597687006,0.0,0.0,0.14499999582767487,0.2854499816894531,0.014299999922513962,0.0,0.0,0.0,0.15286144614219666,0.1426204890012741,0.13958333432674408
3235000,647,0.0,1.2679083347320557,-0.08649690449237823,-0.0921526551246643,0.011311503127217293,0.0,0.0,0.09245000034570694,0.30594998598098755,0.031199999153614044,0.0,0.0,0.0,0.1143072322010994,0.08599397540092468,0.07723214477300644
3240000,648,0.0,1.2668381929397583,-0.06401664018630981,-0.06948748975992203,0.010941692627966404,0.0,0.0,0.0840499997138977,0.2984499931335449,0.019099999219179153,0.0,0.0,0.0,0.11084337532520294,0.06972891837358475,0.07172619551420212
3245000,649,0.0,1.2278704643249512,0.04701702296733856,0.04169349744915962,0.010647051967680454,0.0,0.0,0.07440000027418137,0.3227999806404114,0.043049998581409454,0.0,0.0,0.0,0.08900602906942368,0.06927710771560669,0.06502976268529892
3250000,650,0.0,1.2551307678222656,0.004638799466192722,-0.00010940399079117924,0.009496406652033329,0.0,0.0,0.11229999363422394,0.3024999797344208,0.023499999195337296,0.0,0.0,0.0,0.1280120462179184,0.10346385836601257,0.10550595819950104
3255000,651,0.0,1.251055121421814,-0.00883634202182293,-0.013944230042397976,0.010215776972472668,0.0,0.0,0.14379999041557312,0.28345000743865967,0.023649999871850014,0.0,0.0,0.0,0.19081325829029083,0.12921686470508575,0.11175595968961716
3260000,652,0.0,1.2775007486343384,0.005971278063952923,0.0011835586046800017,0.009575438685715199,0.0,0.0,0.1428999900817871,0.28494998812675476,0.02579999901354313,0.0,0.0,0.0,0.16521084308624268,0.1296686828136444,0.133928582072258
3265000,653,0.0,1.2601288557052612,-0.01425529271364212,-0.019123472273349762,0.009736359119415283,0.0,0.0,0.14299999177455902,0.27834999561309814,0.028149999678134918,0.0,0.0,0.0,0.1576807200908661,0.14231927692890167,0.12916667759418488
3270000,654,0.0,1.294658899307251,-0.022087953984737396,-0.02694994956254959,0.009723993018269539,0.0,0.0,0.1581999957561493,0.234499990940094,0.026899999007582664,0.0,0.0,0.0,0.17620481550693512,0.15075302124023438,0.14776785671710968
3275000,655,0.0,1.2727388143539429,0.010570095852017403,0.005765056237578392,0.009610080160200596,0.0,0.0,0.12849999964237213,0.2170500010251999,0.03424999862909317,0.0,0.0,0.0,0.15225903689861298,0.12469879537820816,0.10877976566553116
3280000,656,0.0,1.2923964262008667,0.02865607477724552,0.023761283606290817,0.009789581410586834,0.0,0.0,0.14774999022483826,0.20555000007152557,0.033399999141693115,0.0,0.0,0.0,0.17409639060497284,0.14774096012115479,0.12172619253396988
3285000,657,0.0,1.2924154996871948,0.029998956248164177,0.025090504437685013,0.009816904552280903,0.0,0.0,0.14429999887943268,0.20829999446868896,0.022849999368190765,0.0,0.0,0.0,0.1677710860967636,0.14066265523433685,0.12470238655805588
3290000,658,0.0,1.2966704368591309,0.018858682364225388,0.013522164896130562,0.010673035867512226,0.0,0.0,0.1876000016927719,0.1934499889612198,0.009800000116229057,0.0,0.0,0.0,0.21174699068069458,0.18237952888011932,0.1688988208770752
3295000,659,0.0,1.2831522226333618,0.00926443375647068,0.004361763130873442,0.009805341251194477,0.0,0.0,0.1814499944448471,0.1789499968290329,0.02539999969303608,0.0,0.0,0.0,0.20331326127052307,0.17484940588474274,0.16636905074119568
3300000,660,0.0,1.2968956232070923,-0.01908057928085327,-0.02378118596971035,0.009401212446391582,0.0,0.0,0.1695999950170517,0.18414999544620514,0.005399999674409628,0.0,0.0,0.0,0.2019578367471695,0.1548192799091339,0.15223215520381927
3305000,661,0.0,1.2979369163513184,-0.05231737345457077,-0.05748438462615013,0.010334020480513573,0.0,0.0,0.16574999690055847,0.19464999437332153,0.004699999932199717,0.0,0.0,0.0,0.17936746776103973,0.16295181214809418,0.15505953133106232
3310000,662,0.0,1.2859808206558228,-0.07592374831438065,-0.08147527277469635,0.011103052645921707,0.0,0.0,0.1711999922990799,0.22299998998641968,0.008349999785423279,0.0,0.0,0.0,0.1882530152797699,0.16521084308624268,0.16026785969734192
3315000,663,0.0,1.2747679948806763,-0.02509842813014984,-0.03039754554629326,0.010598232969641685,0.0,0.0,0.18344999849796295,0.24664999544620514,0.010900000110268593,0.0,0.0,0.0,0.19457831978797913,0.17635542154312134,0.17946429550647736
3320000,664,0.0,1.2831827402114868,5.282741039991379e-05,-0.004670515190809965,0.009446685202419758,0.0,0.0,0.21265000104904175,0.21265000104904175,0.005450000055134296,0.0,0.0,0.0,0.22243976593017578,0.21295180916786194,0.20267857611179352
3325000,665,0.0,1.266019582748413,-0.005962117109447718,-0.010463541373610497,0.009002848528325558,0.0,0.0,0.15269999206066132,0.21754999458789825,0.012149999849498272,0.0,0.0,0.0,0.1668674796819687,0.13780121505260468,0.15342262387275696
3330000,666,0.0,1.2827359437942505,-0.014716871082782745,-0.01960582286119461,0.009777904488146305,0.0,0.0,0.13849999010562897,0.21435000002384186,0.002899999963119626,0.0,0.0,0.0,0.15918675065040588,0.13840362429618835,0.11815476417541504
3335000,667,0.0,1.286056399345398,-0.016752300783991814,-0.021164510399103165,0.008824418298900127,0.0,0.0,0.15230000019073486,0.21664999425411224,0.012899999506771564,0.0,0.0,0.0,0.15948794782161713,0.14849397540092468,0.14895834028720856
3340000,668,0.0,1.2524350881576538,-0.0027661467902362347,-0.007556325290352106,0.009580357000231743,0.0,0.0,0.20645000040531158,0.20229999721050262,0.01184999942779541,0.0,0.0,0.0,0.20903614163398743,0.20753012597560883,0.20282739400863647
3345000,669,0.0,1.222960114479065,0.015964452177286148,0.011342743411660194,0.009243417531251907,0.0,0.0,0.2134999930858612,0.18455000221729279,0.015149999409914017,0.0,0.0,0.0,0.22530120611190796,0.20602409541606903,0.20922619104385376
3350000,670,0.0,1.1861934661865234,-0.0027168341912329197,-0.007336173672229052,0.009238678961992264,0.0,0.0,0.2590999901294708,0.1610499918460846,0.020150000229477882,0.0,0.0,0.0,0.2608433663845062,0.2659638524055481,0.25059524178504944
3355000,671,0.0,1.21669602394104,-0.022084081545472145,-0.026662664487957954,0.009157164953649044,0.0,0.0,0.2683999836444855,0.13054999709129333,0.022099999710917473,0.0,0.0,0.0,0.27409639954566956,0.26716867089271545,0.26398810744285583
3360000,672,0.0,1.2084866762161255,-0.03758015111088753,-0.04235289990901947,0.00954549852758646,0.0,0.0,0.24274998903274536,0.12469999492168427,0.01679999940097332,0.0,0.0,0.0,0.2528614401817322,0.23885542154312134,0.2366071492433548
3365000,673,0.0,1.2208149433135986,-0.07284098863601685,-0.07812830805778503,0.010574636980891228,0.0,0.0,0.249549999833107,0.11379999667406082,0.011500000022351742,0.0,0.0,0.0,0.2584337294101715,0.24969880282878876,0.24062500894069672
3370000,674,0.0,1.2271275520324707,-0.05535207316279411,-0.060401879251003265,0.010099612176418304,0.0,0.0,0.23819999396800995,0.11885000020265579,0.017749998718500137,0.0,0.0,0.0,0.2240963876247406,0.24141566455364227,0.24895834922790527
3375000,675,0.0,1.247754454612732,-0.0029131388291716576,-0.007366363890469074,0.008906450122594833,0.0,0.0,0.24399998784065247,0.11944999545812607,0.006199999712407589,0.0,0.0,0.0,0.24683734774589539,0.2469879537820816,0.23824405670166016
3380000,676,0.0,1.270649790763855,0.03361574932932854,0.028947729617357254,0.009336036629974842,0.0,0.0,0.2008499950170517,0.1334500014781952,0.024699999019503593,0.0,0.0,0.0,0.19713856279850006,0.20240963995456696,0.20297619700431824
3385000,677,0.0,1.295517921447754,-0.0008426052518188953,-0.0054357596673071384,0.009186308830976486,0.0,0.0,0.18484999239444733,0.15974999964237213,0.026850000023841858,0.0,0.0,0.0,0.18554216623306274,0.18855422735214233,0.18050596117973328
3390000,678,0.0,1.3150207996368408,-0.02428014948964119,-0.028930654749274254,0.00930100865662098,0.0,0.0,0.18594999611377716,0.1711999922990799,0.015350000001490116,0.0,0.0,0.0,0.19759036600589752,0.181325301527977,0.17901785671710968
3395000,679,0.0,1.308661937713623,-0.016802681609988213,-0.021223561838269234,0.008841760456562042,0.0,0.0,0.1115499958395958,0.19169999659061432,0.0308499988168478,0.0,0.0,0.0,0.11596386134624481,0.10873494297266006,0.10997024178504944
3400000,680,0.0,1.333686351776123,-0.000348883680999279,-0.004878749139606953,0.009059730917215347,0.0,0.0,0.09709999710321426,0.23899999260902405,0.016249999403953552,0.0,0.0,0.0,0.10466867685317993,0.09292168915271759,0.09375
3405000,681,0.0,1.302276372909546,-0.008362874388694763,-0.012984862551093102,0.009243976324796677,0.0,0.0,0.09514999389648438,0.28014999628067017,0.020349999889731407,0.0,0.0,0.0,0.11114457994699478,0.09277108311653137,0.08169642835855484
3410000,682,0.0,1.297381043434143,-0.03398444876074791,-0.038587234914302826,0.009205572307109833,0.0,0.0,0.10814999788999557,0.30664998292922974,0.008449999615550041,0.0,0.0,0.0,0.12771084904670715,0.09698795527219772,0.09985119104385376
3415000,683,0.0,1.267561912536621,-0.039393048733472824,-0.043941397219896317,0.00909669604152441,0.0,0.0,0.07609999924898148,0.3227999806404114,0.022450000047683716,0.0,0.0,0.0,0.08945783227682114,0.06972891837358475,0.0691964328289032
3420000,684,0.0,1.289014220237732,-0.05102825537323952,-0.05583535134792328,0.009614194743335247,0.0,0.0,0.10239999741315842,0.3656499981880188,0.009750000201165676,0.0,0.0,0.0,0.13237951695919037,0.09171687066555023,0.0833333358168602
3425000,685,0.0,1.2734097242355347,-0.04887383431196213,-0.0534806065261364,0.009213547222316265,0.0,0.0,0.10349999368190765,0.34790000319480896,0.013299999758601189,0.0,0.0,0.0,0.11987952142953873,0.10105422139167786,0.08973214775323868
3430000,686,0.0,1.298867106437683,-0.03988254442811012,-0.044644393026828766,0.009523696266114712,0.0,0.0,0.12024999409914017,0.36309999227523804,0.014149999246001244,0.0,0.0,0.0,0.13900603353977203,0.11099398136138916,0.110863097012043
3435000,687,0.0,1.2774994373321533,-0.038957007229328156,-0.043633151799440384,0.009352289140224457,0.0,0.0,0.10354999452829361,0.3312999904155731,0.015149999409914017,0.0,0.0,0.0,0.11490964144468307,0.10271084308624268,0.09315476566553116
3440000,688,0.0,1.2739390134811401,-0.03806908056139946,-0.042674120515584946,0.009210079908370972,0.0,0.0,0.14339999854564667,0.30674999952316284,0.014049999415874481,0.0,0.0,0.0,0.1563253104686737,0.13509036600589752,0.13883928954601288
3445000,689,0.0,1.2991821765899658,-0.006205079145729542,-0.010848816484212875,0.009287474676966667,0.0,0.0,0.17069999873638153,0.2849999964237213,0.009200000204145908,0.0,0.0,0.0,0.19789156317710876,0.16445782780647278,0.15000000596046448
3450000,690,0.0,1.2619209289550781,-0.005199606530368328,-0.009783185087144375,0.009167157113552094,0.0,0.0,0.12915000319480896,0.23124998807907104,0.01979999989271164,0.0,0.0,0.0,0.14066265523433685,0.1212349459528923,0.12559524178504944
3455000,691,0.0,1.283799409866333,-0.015052419155836105,-0.01962456665933132,0.009144294075667858,0.0,0.0,0.15039999783039093,0.2235499918460846,0.02149999886751175,0.0,0.0,0.0,0.15677711367607117,0.14503012597560883,0.14940476417541504
3460000,692,0.0,1.2911025285720825,-0.028023049235343933,-0.03250465169548988,0.008963205851614475,0.0,0.0,0.18029999732971191,0.22179999947547913,0.011549999937415123,0.0,0.0,0.0,0.182981938123703,0.17861446738243103,0.1793154776096344
3465000,693,0.0,1.2633332014083862,0.0061882855370640755,0.001971513731405139,0.00843354407697916,0.0,0.0,0.17229999601840973,0.18594999611377716,0.022749999538064003,0.0,0.0,0.0,0.18478916585445404,0.1700301170349121,0.162202388048172
3470000,694,0.0,1.2650688886642456,0.02398722432553768,0.019589485600590706,0.008795478381216526,0.0,0.0,0.1700499951839447,0.16534999012947083,0.024249998852610588,0.0,0.0,0.0,0.17966867983341217,0.16445782780647278,0.16607142984867096
3475000,695,0.0,1.2612532377243042,0.010888732969760895,0.006328982301056385,0.009119502268731594,0.0,0.0,0.1983499974012375,0.17949999868869781,0.01809999905526638,0.0,0.0,0.0,0.2141566276550293,0.193674698472023,0.18735119700431824
3480000,696,0.0,1.271010160446167,-0.007694468833506107,-0.012181623838841915,0.008974310010671616,0.0,0.0,0.21069999039173126,0.19304999709129333,0.02499999850988388,0.0,0.0,0.0,0.21521085500717163,0.20481927692890167,0.212053582072258
3485000,697,0.0,1.2981165647506714,-0.05031939223408699,-0.05511678755283356,0.009594788774847984,0.0,0.0,0.2021999955177307,0.21175000071525574,0.016950000077486038,0.0,0.0,0.0,0.20557229220867157,0.2066265046596527,0.19449405372142792
3490000,698,0.0,1.2968968152999878,-0.15090110898017883,-0.1582903414964676,0.014778460375964642,0.0,0.0,0.18764999508857727,0.2386999875307083,0.008499999530613422,0.0,0.0,0.0,0.20256024599075317,0.18765060603618622,0.17291668057441711
3495000,699,0.0,1.2929115295410156,-0.07225047796964645,-0.07739733904600143,0.010293716564774513,0.0,0.0,0.15205000340938568,0.25589999556541443,0.016099998727440834,0.0,0.0,0.0,0.16490964591503143,0.14367470145225525,0.14761905372142792
3500000,700,0.0,1.2834149599075317,0.10210449993610382,0.09653347730636597,0.01114205177873373,0.0,0.0,0.13519999384880066,0.27434998750686646,0.0142000000923872,0.0,0.0,0.0,0.147891566157341,0.13313253223896027,0.12470238655805588
3505000,701,0.0,1.3078259229660034,-0.06211965158581734,-0.06705471873283386,0.00987013429403305,0.0,0.0,0.1506499946117401,0.3199999928474426,0.00774999987334013,0.0,0.0,0.0,0.17213855683803558,0.14201807975769043,0.13794642686843872
3510000,702,0.0,1.2862852811813354,0.010858464986085892,0.006575656123459339,0.00856561865657568,0.0,0.0,0.13759998977184296,0.3245999813079834,0.010300000198185444,0.0,0.0,0.0,0.14879518747329712,0.13328313827514648,0.13080357015132904
3515000,703,0.0,1.2604323625564575,0.004079907666891813,-0.000231084821280092,0.008621985092759132,0.0,0.0,0.09959999471902847,0.3719500005245209,0.014999999664723873,0.0,0.0,0.0,0.11310241371393204,0.10015060752630234,0.08571428805589676
3520000,704,0.0,1.2900452613830566,-0.027011645957827568,-0.031427014619112015,0.008830736391246319,0.0,0.0,0.14094999432563782,0.36629998683929443,0.00624999962747097,0.0,0.0,0.0,0.1516566276550293,0.12936747074127197,0.14181548357009888
3525000,705,0.0,1.2760902643203735,0.03405167907476425,0.029602989554405212,0.00889737717807293,0.0,0.0,0.14765000343322754,0.36504998803138733,0.006399999838322401,0.0,0.0,0.0,0.16807229816913605,0.13283133506774902,0.1421131044626236
3530000,706,0.0,1.2688815593719482,-0.03305996209383011,-0.03745792806148529,0.00879592914134264,0.0,0.0,0.1103999987244606,0.3649500012397766,0.012000000104308128,0.0,0.0,0.0,0.1150602400302887,0.1090361475944519,0.1071428582072258
3535000,707,0.0,1.2825777530670166,0.013715635053813457,0.009540854021906853,0.00834956206381321,0.0,0.0,0.11634999513626099,0.3572999835014343,0.01529999915510416,0.0,0.0,0.0,0.13659638166427612,0.10873494297266006,0.10386905074119568
3540000,708,0.0,1.315478801727295,-0.005323211196810007,-0.009564087726175785,0.008481753058731556,0.0,0.0,0.12629999220371246,0.3370499908924103,0.016249999403953552,0.0,0.0,0.0,0.13448795676231384,0.12228915840387344,0.12217262387275696
3545000,709,0.0,1.2958730459213257,-0.026522718369960785,-0.030923733487725258,0.00880203116685152,0.0,0.0,0.09964999556541443,0.2748499810695648,0.022599998861551285,0.0,0.0,0.0,0.11490964144468307,0.08840361982584,0.09568452835083008
3550000,710,0.0,1.3408783674240112,0.017924465239048004,0.013693450950086117,0.008462028577923775,0.0,0.0,0.14639998972415924,0.2513999938964844,0.011949999257922173,0.0,0.0,0.0,0.1585843414068222,0.14111445844173431,0.13958333432674408
3555000,711,0.0,1.3115332126617432,-0.006580852437764406,-0.010966013185679913,0.008770321495831013,0.0,0.0,0.12039999663829803,0.2296999990940094,0.026349999010562897,0.0,0.0,0.0,0.11731927841901779,0.11987952142953873,0.12395834177732468
3560000,712,0.0,1.3007652759552002,-0.018342874944210052,-0.02265447936952114,0.008623210713267326,0.0,0.0,0.1189499944448471,0.21284998953342438,0.03114999830722809,0.0,0.0,0.0,0.1212349459528923,0.12078313529491425,0.11488095670938492
3565000,713,0.0,1.335551142692566,-0.004895459394901991,-0.009233169257640839,0.008675419725477695,0.0,0.0,0.14145000278949738,0.2252499908208847,0.00930000003427267,0.0,0.0,0.0,0.1524096429347992,0.1356927752494812,0.13630953431129456
3570000,714,0.0,1.3333746194839478,0.00403805123642087,-0.00011698799062287435,0.008310078643262386,0.0,0.0,0.11710000038146973,0.234949991106987,0.019700000062584877,0.0,0.0,0.0,0.12289156764745712,0.1105421707034111,0.11785715073347092
3575000,715,0.0,1.331355094909668,-0.010476132854819298,-0.014452355913817883,0.007952445186674595,0.0,0.0,0.13729999959468842,0.23119999468326569,0.014449999667704105,0.0,0.0,0.0,0.1432228982448578,0.13599397242069244,0.13273809850215912
3580000,716,0.0,1.2964544296264648,-0.018408650532364845,-0.02279178984463215,0.008766277693212032,0.0,0.0,0.12725000083446503,0.23659999668598175,0.011649999767541885,0.0,0.0,0.0,0.13659638166427612,0.11807229369878769,0.12708333134651184
3585000,717,0.0,1.2994877099990845,-0.0020815967582166195,-0.006146071944385767,0.008128950372338295,0.0,0.0,0.11759999394416809,0.23384998738765717,0.013549999333918095,0.0,0.0,0.0,0.13554216921329498,0.11325301229953766,0.1041666716337204
3590000,718,0.0,1.3136954307556152,0.006446046754717827,0.002210704842582345,0.008470683358609676,0.0,0.0,0.12709999084472656,0.23234999179840088,0.00904999952763319,0.0,0.0,0.0,0.1554216891527176,0.12108433991670609,0.10505952686071396
3595000,719,0.0,1.3292005062103271,-0.006181757897138596,-0.010294122621417046,0.0082247294485569,0.0,0.0,0.13744999468326569,0.2685999870300293,0.007899999618530273,0.0,0.0,0.0,0.15361446142196655,0.12680722773075104,0.13199405372142792
3600000,720,0.0,1.313004970550537,-0.032384056597948074,-0.03649077191948891,0.008213428780436516,0.0,0.0,0.11984999477863312,0.2674500048160553,0.018050000071525574,0.0,0.0,0.0,0.1287650614976883,0.11927711218595505,0.1116071492433548
3605000,721,0.0,1.3195868730545044,-0.011401599273085594,-0.01545499823987484,0.008106797002255917,0.0,0.0,0.13109999895095825,0.24729999899864197,0.008750000037252903,0.0,0.0,0.0,0.13930723071098328,0.12545180320739746,0.12857143580913544
3610000,722,0.0,1.2978105545043945,0.01603216677904129,0.012114791199564934,0.007834749296307564,0.0,0.0,0.1156499981880188,0.2043999880552292,0.0182499997317791,0.0,0.0,0.0,0.1349397599697113,0.11009036004543304,0.10208334028720856
3615000,723,0.0,1.2944493293762207,-0.0024561681784689426,-0.0063867950811982155,0.007861253805458546,0.0,0.0,0.11024999618530273,0.17694999277591705,0.009449999779462814,0.0,0.0,0.0,0.12454819679260254,0.10271084308624268,0.10357142984867096
3620000,724,0.0,1.2732806205749512,-0.008530829101800919,-0.012437243945896626,0.007812830619513988,0.0,0.0,0.08114999532699585,0.16224999725818634,0.030399998649954796,0.0,0.0,0.0,0.0960843414068222,0.07259036600589752,0.07485119253396988
3625000,725,0.0,1.2940747737884521,-0.005906508304178715,-0.009669074788689613,0.0075251334346830845,0.0,0.0,0.08760000020265579,0.1907999962568283,0.036399997770786285,0.0,0.0,0.0,0.10090361535549164,0.08373494446277618,0.07827381044626236
3630000,726,0.0,1.314981460571289,0.005296011455357075,0.0015916175907477736,0.007408787962049246,0.0,0.0,0.12974999845027924,0.21719999611377716,0.02694999985396862,0.0,0.0,0.0,0.1501506119966507,0.12409638613462448,0.11517857760190964
3635000,727,0.0,1.2973554134368896,-0.009202475659549236,-0.013146894052624702,0.007888836786150932,0.0,0.0,0.13529999554157257,0.21609999239444733,0.026149999350309372,0.0,0.0,0.0,0.14503012597560883,0.13358433544635773,0.12738095223903656
3640000,728,0.0,1.2512418031692505,-0.04200425744056702,-0.04609253257513046,0.008176552131772041,0.0,0.0,0.13234999775886536,0.1915999948978424,0.0502999983727932,0.0,0.0,0.0,0.1394578367471695,0.12228915840387344,0.13526786863803864
3645000,729,0.0,1.2850241661071777,-0.03377262130379677,-0.03776933625340462,0.007993428036570549,0.0,0.0,0.13474999368190765,0.21525000035762787,0.033250000327825546,0.0,0.0,0.0,0.14156626164913177,0.12906627357006073,0.13363096117973328
3650000,730,0.0,1.2740579843521118,-0.024989143013954163,-0.029022930189967155,0.008067573420703411,0.0,0.0,0.10944999754428864,0.23025000095367432,0.03904999792575836,0.0,0.0,0.0,0.12469879537820816,0.10150602459907532,0.10223214328289032
3655000,731,0.0,1.3018395900726318,0.015331277623772621,0.011359494179487228,0.00794356781989336,0.0,0.0,0.12924998998641968,0.24199999868869781,0.01899999938905239,0.0,0.0,0.0,0.15045180916786194,0.1227409690618515,0.11473214626312256
3660000,732,0.0,1.3087877035140991,0.0037524537183344364,-0.0001314399705734104,0.007767787203192711,0.0,0.0,0.1302499920129776,0.2633499801158905,0.009949999861419201,0.0,0.0,0.0,0.1402108520269394,0.13072289526462555,0.11994048207998276
3665000,733,0.0,1.315703272819519,-0.021884750574827194,-0.02576143480837345,0.007753368001431227,0.0,0.0,0.13324999809265137,0.2861499786376953,0.028449999168515205,0.0,0.0,0.0,0.14367470145225525,0.1325301229953766,0.12366072088479996
3670000,734,0.0,1.3247379064559937,-0.057750679552555084,-0.06209807097911835,0.008694784715771675,0.0,0.0,0.1180499941110611,0.3017500042915344,0.0239499993622303,0.0,0.0,0.0,0.13358433544635773,0.1090361475944519,0.1116071492433548
3675000,735,0.0,1.3251991271972656,-0.06101570650935173,-0.06527689099311829,0.008522368967533112,0.0,0.0,0.09889999777078629,0.28505000472068787,0.014800000004470348,0.0,0.0,0.0,0.1120481938123703,0.09442771226167679,0.09032738208770752
3680000,736,0.0,1.3234903812408447,0.01392903458327055,0.010150043293833733,0.007557983044534922,0.0,0.0,0.09004999697208405,0.26350000500679016,0.016349999234080315,0.0,0.0,0.0,0.10692771524190903,0.08328313380479813,0.08005952835083008
3685000,737,0.0,1.3281761407852173,0.045892417430877686,0.041925493627786636,0.00793384574353695,0.0,0.0,0.08545000106096268,0.2188500016927719,0.010449999943375587,0.0,0.0,0.0,0.09623493999242783,0.08298192918300629,0.07723214477300644
3690000,738,0.0,1.3304102420806885,0.04619019478559494,0.04197924584150314,0.008421898819506168,0.0,0.0,0.10164999961853027,0.1910499930381775,0.012000000104308128,0.0,0.0,0.0,0.12063252925872803,0.09322289377450943,0.09122024476528168
3695000,739,0.0,1.3134173154830933,-0.008799287490546703,-0.012748001143336296,0.007897427305579185,0.0,0.0,0.13244999945163727,0.18060000240802765,0.014099999330937862,0.0,0.0,0.0,0.1539156585931778,0.11942771077156067,0.12410714477300644
3700000,740,0.0,1.3076035976409912,-0.04161339998245239,-0.04569832235574722,0.00816984474658966,0.0,0.0,0.12274999916553497,0.17819999158382416,0.02019999921321869,0.0,0.0,0.0,0.13734939694404602,0.11942771077156067,0.1116071492433548
3705000,741,0.0,1.317242980003357,-0.04124278947710991,-0.045112494379282,0.00773940933868289,0.0,0.0,0.11569999903440475,0.18949998915195465,0.012399999424815178,0.0,0.0,0.0,0.15075302124023438,0.09969879686832428,0.09687500447034836
3710000,742,0.0,1.3646763563156128,-0.036988481879234314,-0.040911346673965454,0.007845733314752579,0.0,0.0,0.14514999091625214,0.17880000174045563,0.01730000041425228,0.0,0.0,0.0,0.16039156913757324,0.14759036898612976,0.12767857313156128
3715000,743,0.0,1.321359634399414,-0.03405148908495903,-0.037930238991975784,0.0077574970200657845,0.0,0.0,0.11319999396800995,0.18074999749660492,0.009349999949336052,0.0,0.0,0.0,0.1295180767774582,0.11460843682289124,0.09568452835083008
3720000,744,0.0,1.3251949548721313,-0.022795312106609344,-0.02667144685983658,0.007752270437777042,0.0,0.0,0.13109999895095825,0.1809999942779541,0.007499999832361937,0.0,0.0,0.0,0.15286144614219666,0.11611445993185043,0.12440476566553116
3725000,745,0.0,1.3279824256896973,-0.023498672991991043,-0.02727295085787773,0.007548554800450802,0.0,0.0,0.125450000166893,0.1708499938249588,0.010099999606609344,0.0,0.0,0.0,0.1454819291830063,0.1135542169213295,0.11741071939468384
3730000,746,0.0,1.3285425901412964,-0.023852424696087837,-0.027436580508947372,0.0071683102287352085,0.0,0.0,0.1164499968290329,0.16884998977184296,0.014949999749660492,0.0,0.0,0.0,0.12816265225410461,0.11837349832057953,0.10297619551420212
3735000,747,0.0,1.3476966619491577,-0.01846310682594776,-0.022110087797045708,0.007293961942195892,0.0,0.0,0.11714999377727509,0.19539999961853027,0.0029499998781830072,0.0,0.0,0.0,0.12981927394866943,0.11671686917543411,0.10505952686071396
3740000,748,0.0,1.3519618511199951,-0.020791221410036087,-0.02449115552008152,0.007399868685752153,0.0,0.0,0.12709999084472656,0.2212499976158142,0.005200000014156103,0.0,0.0,0.0,0.14804217219352722,0.11822289228439331,0.11517857760190964
3745000,749,0.0,1.3307175636291504,-0.03507347032427788,-0.03897837921977043,0.007809815928339958,0.0,0.0,0.12964999675750732,0.24944999814033508,0.011699999682605267,0.0,0.0,0.0,0.14518073201179504,0.13057228922843933,0.11339285969734192
3750000,750,0.0,1.3297605514526367,-0.07008977979421616,-0.07429950684309006,0.008419448509812355,0.0,0.0,0.14364999532699585,0.24449999630451202,0.004299999680370092,0.0,0.0,0.0,0.1715361475944519,0.14593373239040375,0.113839291036129
3755000,751,0.0,1.3237124681472778,-0.0992363914847374,-0.10410688072443008,0.009740980342030525,0.0,0.0,0.1530499905347824,0.2557999789714813,0.0044999998062849045,0.0,0.0,0.0,0.18087349832057953,0.14367470145225525,0.13482142984867096
3760000,752,0.0,1.3176288604736328,-0.02818213403224945,-0.03206140920519829,0.0077585517428815365,0.0,0.0,0.14810000360012054,0.26499998569488525,0.007549999747425318,0.0,0.0,0.0,0.17018072307109833,0.13614457845687866,0.13809524476528168
3765000,753,0.0,1.3417541980743408,0.04341329261660576,0.03961014747619629,0.007606287952512503,0.0,0.0,0.17475000023841858,0.2692999839782715,0.004900000058114529,0.0,0.0,0.0,0.21099397540092468,0.17439758777618408,0.13928571343421936
3770000,754,0.0,1.314448595046997,0.019122088328003883,0.01547431293874979,0.007295550312846899,0.0,0.0,0.12014999985694885,0.3240499794483185,0.010400000028312206,0.0,0.0,0.0,0.13524097204208374,0.11009036004543304,0.11517857760190964
3775000,755,0.0,1.3513020277023315,-0.0342273972928524,-0.037886299192905426,0.007317806594073772,0.0,0.0,0.14630000293254852,0.29499998688697815,0.008049999363720417,0.0,0.0,0.0,0.1638554185628891,0.143373504281044,0.13184523582458496
3780000,756,0.0,1.3531078100204468,-0.04361250624060631,-0.04748912155628204,0.007753229234367609,0.0,0.0,0.14239999651908875,0.27425000071525574,0.000750000006519258,0.0,0.0,0.0,0.15346385538578033,0.14111445844173431,0.13273809850215912
3785000,757,0.0,1.3598992824554443,-0.010507841594517231,-0.014292536303400993,0.007569389883428812,0.0,0.0,0.17989999055862427,0.24969999492168427,0.011599999852478504,0.0,0.0,0.0,0.19322289526462555,0.1737951785326004,0.17276786267757416
3790000,758,0.0,1.345350980758667,-0.016165656968951225,-0.019858192652463913,0.007385071367025375,0.0,0.0,0.12729999423027039,0.2667999863624573,0.013100000098347664,0.0,0.0,0.0,0.14834336936473846,0.12063252925872803,0.1130952388048172
3795000,759,0.0,1.367998719215393,-0.02316177263855934,-0.026925072073936462,0.00752659747377038,0.0,0.0,0.12799999117851257,0.27105000615119934,0.009649999439716339,0.0,0.0,0.0,0.14382530748844147,0.12319277226924896,0.11711309850215912
3800000,760,0.0,1.3612351417541504,-0.0318310484290123,-0.035560932010412216,0.007459763903170824,0.0,0.0,0.11064999550580978,0.2852499783039093,0.018400000408291817,0.0,0.0,0.0,0.12816265225410461,0.10873494297266006,0.095238097012043
3805000,761,0.0,1.3406940698623657,-0.03902953490614891,-0.04286794736981392,0.0076768225990235806,0.0,0.0,0.09380000084638596,0.27594998478889465,0.011949999257922173,0.0,0.0,0.0,0.11551205068826675,0.08659638464450836,0.07946428656578064
3810000,762,0.0,1.3322105407714844,-0.014455251395702362,-0.018025873228907585,0.0071412427350878716,0.0,0.0,0.0969499945640564,0.29205000400543213,0.022699998691678047,0.0,0.0,0.0,0.11219879984855652,0.09126506000757217,0.08750000596046448
3815000,763,0.0,1.3629151582717896,-0.002988029969856143,-0.006607011426240206,0.0072379629127681255,0.0,0.0,0.1500999927520752,0.24744999408721924,0.0032999999821186066,0.0,0.0,0.0,0.1677710860967636,0.13975903391838074,0.1428571492433548
3820000,764,0.0,1.3322349786758423,-0.008326567709445953,-0.011999146081507206,0.007345156744122505,0.0,0.0,0.1366499960422516,0.23214998841285706,0.007400000002235174,0.0,0.0,0.0,0.15030120313167572,0.12710843980312347,0.13258929550647736
3825000,765,0.0,1.3404556512832642,-0.012252788990736008,-0.01594608649611473,0.007386595010757446,0.0,0.0,0.14159999787807465,0.20954999327659607,0.015799999237060547,0.0,0.0,0.0,0.15737952291965485,0.1310240924358368,0.13645833730697632
3830000,766,0.0,1.3451964855194092,0.007879909127950668,0.004190852399915457,0.007378113456070423,0.0,0.0,0.1116499975323677,0.20694999396800995,0.011799999512732029,0.0,0.0,0.0,0.12334337830543518,0.10602410137653351,0.1056547686457634
3835000,767,0.0,1.3546645641326904,0.00140934600494802,-0.0020689330995082855,0.006956558208912611,0.0,0.0,0.12839999794960022,0.21239998936653137,0.0018999999156221747,0.0,0.0,0.0,0.14201807975769043,0.12484940141439438,0.11845238506793976
3840000,768,0.0,1.3466764688491821,0.007954242639243603,0.004327897913753986,0.00725268991664052,0.0,0.0,0.14094999432563782,0.23804999887943268,0.007349999621510506,0.0,0.0,0.0,0.15948794782161713,0.14201807975769043,0.12157738208770752
3845000,769,0.0,1.3541808128356934,-0.009792381897568703,-0.013248009607195854,0.006911255419254303,0.0,0.0,0.15029999613761902,0.251800000667572,0.0035500000230968,0.0,0.0,0.0,0.16671687364578247,0.141716867685318,0.14255952835083008
3850000,770,0.0,1.3418277502059937,-0.033390481024980545,-0.03706355392932892,0.007346148602664471,0.0,0.0,0.13734999299049377,0.2434999942779541,0.007400000002235174,0.0,0.0,0.0,0.1638554185628891,0.13373494148254395,0.11473214626312256
3855000,771,0.0,1.3308534622192383,-0.09695300459861755,-0.10172677040100098,0.009547526016831398,0.0,0.0,0.10814999788999557,0.24374999105930328,0.009800000116229057,0.0,0.0,0.0,0.13734939694404602,0.09518072754144669,0.09211309999227524
3860000,772,0.0,1.3455827236175537,-0.18446297943592072,-0.1924414187669754,0.01595688797533512,0.0,0.0,0.12334999442100525,0.2386000007390976,0.0036499998532235622,0.0,0.0,0.0,0.14201807975769043,0.11400602757930756,0.11413691192865372
3865000,773,0.0,1.3472893238067627,0.10483281314373016,0.09988560527563095,0.009894413873553276,0.0,0.0,0.11109999567270279,0.25084999203681946,0.008949999697506428,0.0,0.0,0.0,0.12545180320739746,0.10331325232982635,0.10461309552192688
3870000,774,0.0,1.3222962617874146,-0.04764658212661743,-0.05144394561648369,0.007594726979732513,0.0,0.0,0.0925000011920929,0.23909999430179596,0.014099999330937862,0.0,0.0,0.0,0.11792168766260147,0.08493976294994354,0.07485119253396988
3875000,775,0.0,1.3565841913223267,0.020261887460947037,0.016747722402215004,0.007028328720480204,0.0,0.0,0.11574999988079071,0.2689000070095062,0.012949999421834946,0.0,0.0,0.0,0.13057228922843933,0.10843373835086823,0.10833333432674408
3880000,776,0.0,1.3420906066894531,-0.019439371302723885,-0.023107588291168213,0.007336434908211231,0.0,0.0,0.11814999580383301,0.3001999855041504,0.01425000000745058,0.0,0.0,0.0,0.13810241222381592,0.11159639060497284,0.1049107164144516
3885000,777,0.0,1.336780071258545,0.013427844271063805,0.009993000887334347,0.006869686767458916,0.0,0.0,0.11194999516010284,0.29124999046325684,0.010350000113248825,0.0,0.0,0.0,0.12259036302566528,0.10948795080184937,0.10386905074119568
3890000,778,0.0,1.3557339906692505,-0.014435065910220146,-0.01799958571791649,0.00712903868407011,0.0,0.0,0.12799999117851257,0.2676999866962433,0.008349999785423279,0.0,0.0,0.0,0.14081326127052307,0.1234939768910408,0.1197916716337204
3895000,779,0.0,1.3594801425933838,0.005622743628919125,0.0022034384310245514,0.006838609930127859,0.0,0.0,0.12299999594688416,0.2459999918937683,0.009599999524652958,0.0,0.0,0.0,0.14894579350948334,0.11039157211780548,0.10982143133878708
3900000,780,0.0,1.3389697074890137,-0.013143766671419144,-0.016671132296323776,0.0070547317154705524,0.0,0.0,0.13934999704360962,0.2438499927520752,0.012000000104308128,0.0,0.0,0.0,0.1576807200908661,0.13087350130081177,0.12961310148239136
3905000,781,0.0,1.3504449129104614,0.004217307083308697,0.0007081973599269986,0.00701821967959404,0.0,0.0,0.18445000052452087,0.24724999070167542,0.015249999240040779,0.0,0.0,0.0,0.19457831978797913,0.181325301527977,0.17752976715564728
3910000,782,0.0,1.3474024534225464,-0.0063036163337528706,-0.009668493643403053,0.0067297546193003654,0.0,0.0,0.20154999196529388,0.2462499886751175,0.00839999970048666,0.0,0.0,0.0,0.2280120551586151,0.193674698472023,0.18318453431129456
3915000,783,0.0,1.3877596855163574,-0.000626440392807126,-0.0038784213829785585,0.006503961980342865,0.0,0.0,0.2212499976158142,0.2442999929189682,0.006949999835342169,0.0,0.0,0.0,0.23960843682289124,0.216415673494339,0.20788691937923431
3920000,784,0.0,1.350563883781433,-0.005340817384421825,-0.00859770830720663,0.006513781379908323,0.0,0.0,0.1477999985218048,0.24809999763965607,0.01269999984651804,0.0,0.0,0.0,0.16204819083213806,0.1454819291830063,0.13601191341876984
3925000,785,0.0,1.3512458801269531,0.0007099178619682789,-0.0025819961447268724,0.006583828013390303,0.0,0.0,0.1327499896287918,0.2576499879360199,0.016899999231100082,0.0,0.0,0.0,0.14984939992427826,0.1364457905292511,0.11220238357782364
3930000,786,0.0,1.347018837928772,-0.008042000234127045,-0.011327264830470085,0.006570529658347368,0.0,0.0,0.10819999873638153,0.23629999160766602,0.011149999685585499,0.0,0.0,0.0,0.12816265225410461,0.10075301676988602,0.09583333879709244
3935000,787,0.0,1.3512758016586304,0.0060853296890854836,0.0030208502430468798,0.00612895842641592,0.0,0.0,0.11699999868869781,0.22419999539852142,0.013249999843537807,0.0,0.0,0.0,0.13313253223896027,0.11385542154312134,0.1041666716337204
3940000,788,0.0,1.353189468383789,-0.01748397946357727,-0.020875345915555954,0.006782734300941229,0.0,0.0,0.1342500001192093,0.1943499892950058,0.010049999691545963,0.0,0.0,0.0,0.1585843414068222,0.12771084904670715,0.11666667461395264
3945000,789,0.0,1.3453309535980225,0.007172195240855217,0.0039787981659173965,0.006386794615536928,0.0,0.0,0.10909999907016754,0.21095000207424164,0.01809999905526638,0.0,0.0,0.0,0.12545180320739746,0.10798192769289017,0.09404762089252472
3950000,790,0.0,1.362918496131897,-0.00112147256731987,-0.00440967595204711,0.006576406769454479,0.0,0.0,0.12700000405311584,0.2011999934911728,0.00904999952763319,0.0,0.0,0.0,0.14201807975769043,0.11987952142953873,0.11919642984867096
3955000,791,0.0,1.344806432723999,-0.018246134743094444,-0.021435104310512543,0.006377940531820059,0.0,0.0,0.10694999992847443,0.20714999735355377,0.012449999339878559,0.0,0.0,0.0,0.12786145508289337,0.09728915989398956,0.09583333879709244
3960000,792,0.0,1.3439263105392456,0.004187537357211113,0.0009809188777580857,0.006413236726075411,0.0,0.0,0.09959999471902847,0.20854999125003815,0.006149999797344208,0.0,0.0,0.0,0.11265060305595398,0.09036144614219666,0.09583333879709244
3965000,793,0.0,1.3210763931274414,0.00022556236945092678,-0.0029520841781049967,0.006355293095111847,0.0,0.0,0.07739999890327454,0.210999995470047,0.009649999439716339,0.0,0.0,0.0,0.09563253074884415,0.07228916138410568,0.06443452835083008
3970000,794,0.0,1.3150891065597534,-0.004054339602589607,-0.007211614865809679,0.006314550060778856,0.0,0.0,0.07319999486207962,0.20475000143051147,0.005649999715387821,0.0,0.0,0.0,0.08554217219352722,0.0724397599697113,0.0617559552192688
3975000,795,0.0,1.3227777481079102,-0.004057188052684069,-0.00691234739497304,0.005710318684577942,0.0,0.0,0.08909999579191208,0.1899999976158142,0.006799999624490738,0.0,0.0,0.0,0.10376506298780441,0.0838855430483818,0.07976190745830536
3980000,796,0.0,1.3285539150238037,-0.001776297576725483,-0.004804100841283798,0.0060556065291166306,0.0,0.0,0.10049999505281448,0.1920499950647354,0.020549999549984932,0.0,0.0,0.0,0.12771084904670715,0.09021084755659103,0.08377976715564728
3985000,797,0.0,1.3321093320846558,-0.015758121386170387,-0.018839914351701736,0.006163585465401411,0.0,0.0,0.11879999935626984,0.19689999520778656,0.0022499999031424522,0.0,0.0,0.0,0.1394578367471695,0.11671686917543411,0.1004464328289032
3990000,798,0.0,1.3095542192459106,0.002068384550511837,-0.0011762798530980945,0.006489328574389219,0.0,0.0,0.11424999684095383,0.22154998779296875,0.020499998703598976,0.0,0.0,0.0,0.13750000298023224,0.10120481997728348,0.1041666716337204
3995000,799,0.0,1.3165960311889648,-0.007881476543843746,-0.01096186414361,0.0061607747338712215,0.0,0.0,0.13154999911785126,0.21184998750686646,0.007400000002235174,0.0,0.0,0.0,0.1561747044324875,0.12243976444005966,0.11622024327516556
4000000,800,0.0,1.310107946395874,-0.022656461223959923,-0.025694122537970543,0.006075324025005102,0.0,0.0,0.1383499950170517,0.21194998919963837,0.008849999867379665,0.0,0.0,0.0,0.16430723667144775,0.131174698472023,0.1197916716337204
4005000,801,0.0,1.3132851123809814,-0.010064933449029922,-0.013042382895946503,0.005954897962510586,0.0,0.0,0.12159999459981918,0.25589999556541443,0.011649999767541885,0.0,0.0,0.0,0.14141567051410675,0.11792168766260147,0.1056547686457634
4010000,802,0.0,1.294113278388977,0.002487503457814455,-0.0005560840363614261,0.006087175104767084,0.0,0.0,0.1111999973654747,0.27719998359680176,0.00925000011920929,0.0,0.0,0.0,0.13855421543121338,0.102108433842659,0.09315476566553116
4015000,803,0.0,1.2977964878082275,-0.010264212265610695,-0.013221352361142635,0.005914279725402594,0.0,0.0,0.10714999586343765,0.284199982881546,0.007949999533593655,0.0,0.0,0.0,0.1325301229953766,0.10225903987884521,0.08690476417541504
4020000,804,0.0,1.2847695350646973,-0.018614353612065315,-0.021944845095276833,0.006660983897745609,0.0,0.0,0.09174999594688416,0.3212999999523163,0.013449999503791332,0.0,0.0,0.0,0.11159639060497284,0.09051205217838287,0.07336309552192688
4025000,805,0.0,1.3187577724456787,0.006186089012771845,0.002944236621260643,0.006483704783022404,0.0,0.0,0.15719999372959137,0.2756499946117401,0.012649999931454659,0.0,0.0,0.0,0.17168675363063812,0.15722891688346863,0.1428571492433548
4030000,806,0.0,1.3001470565795898,0.016648605465888977,0.01354741770774126,0.00620237598195672,0.0,0.0,0.12950000166893005,0.291049987077713,0.012000000104308128,0.0,0.0,0.0,0.1441265046596527,0.11972891539335251,0.12470238655805588
4035000,807,0.0,1.3118072748184204,0.029900584369897842,0.026676146313548088,0.006448876578360796,0.0,0.0,0.1627499908208847,0.2917499840259552,0.012000000104308128,0.0,0.0,0.0,0.17319276928901672,0.1516566276550293,0.16339285671710968
4040000,808,0.0,1.3386095762252808,0.015676015987992287,0.0123663991689682,0.006619235035032034,0.0,0.0,0.18809999525547028,0.2818499803543091,0.005699999630451202,0.0,0.0,0.0,0.2019578367471695,0.1814759075641632,0.18095238506793976
4045000,809,0.0,1.3271511793136597,0.004822621122002602,0.001701543340459466,0.006242156028747559,0.0,0.0,0.1768999993801117,0.31314998865127563,0.010149999521672726,0.0,0.0,0.0,0.18734940886497498,0.17891566455364227,0.16458334028720856
4050000,810,0.0,1.3464046716690063,-0.005366435274481773,-0.008549013175070286,0.0063651553355157375,0.0,0.0,0.16279999911785126,0.31369999051094055,0.007049999665468931,0.0,0.0,0.0,0.17394578456878662,0.16506023705005646,0.149553582072258
4055000,811,0.0,1.3306705951690674,-0.04292048141360283,-0.04633496329188347,0.0068289609625935555,0.0,0.0,0.14675000309944153,0.2756499946117401,0.011500000022351742,0.0,0.0,0.0,0.16340361535549164,0.13915662467479706,0.13779762387275696
4060000,812,0.0,1.3365356922149658,-0.07905489206314087,-0.08289229869842529,0.007674818392843008,0.0,0.0,0.18005000054836273,0.24219998717308044,0.0038499999791383743,0.0,0.0,0.0,0.19307228922843933,0.17876505851745605,0.16845238208770752
4065000,813,0.0,1.3511021137237549,-0.10269159078598022,-0.10705291479825974,0.00872264988720417,0.0,0.0,0.18015000224113464,0.22754999995231628,0.006949999835342169,0.0,0.0,0.0,0.18734940886497498,0.18087349832057953,0.17232143878936768
4070000,814,0.0,1.3230708837509155,-0.055722545832395554,-0.059111338108778,0.006777586415410042,0.0,0.0,0.14630000293254852,0.21899999678134918,0.011299999430775642,0.0,0.0,0.0,0.1539156585931778,0.13840362429618835,0.146577388048172
4075000,815,0.0,1.3389607667922974,0.044946033507585526,0.04172081872820854,0.006450432352721691,0.0,0.0,0.13394999504089355,0.21570000052452087,0.012849999591708183,0.0,0.0,0.0,0.14051204919815063,0.12665662169456482,0.1346726268529892
4080000,816,0.0,1.319115161895752,-0.01476541068404913,-0.01765216700732708,0.005773513112217188,0.0,0.0,0.08810000121593475,0.2470499873161316,0.016899999231100082,0.0,0.0,0.0,0.09518072754144669,0.08448795229196548,0.08467262238264084
4085000,817,0.0,1.3301728963851929,-0.0339997336268425,-0.03711782023310661,0.006236169952899218,0.0,0.0,0.10379999876022339,0.2708500027656555,0.015249999240040779,0.0,0.0,0.0,0.12003012001514435,0.0975903645157814,0.09389881044626236
4090000,818,0.0,1.3177162408828735,0.028546124696731567,0.025483988225460052,0.006124272011220455,0.0,0.0,0.10004999488592148,0.27379998564720154,0.016999999061226845,0.0,0.0,0.0,0.10993976145982742,0.09397590905427933,0.09627976268529892
4095000,819,0.0,1.3191322088241577,-0.019350716844201088,-0.02225809171795845,0.005814748350530863,0.0,0.0,0.13689999282360077,0.24789999425411224,0.019449999555945396,0.0,0.0,0.0,0.147891566157341,0.13237951695919037,0.13050596415996552
4100000,820,0.0,1.2979283332824707,-0.012779003009200096,-0.01578035205602646,0.0060026990249753,0.0,0.0,0.16094999015331268,0.219650000333786,0.02449999935925007,0.0,0.0,0.0,0.17680723965168,0.14954820275306702,0.15654762089252472
4105000,821,0.0,1.26863431930542,0.004284186288714409,0.0012408229522407055,0.006086727138608694,0.0,0.0,0.13875000178813934,0.19139999151229858,0.03154999762773514,0.0,0.0,0.0,0.1454819291830063,0.13433735072612762,0.13645833730697632
4110000,822,0.0,1.2764993906021118,-0.008052622899413109,-0.011206386610865593,0.006307526957243681,0.0,0.0,0.15744999051094055,0.18649999797344208,0.028549998998641968,0.0,0.0,0.0,0.16280120611190796,0.16280120611190796,0.14687500894069672
4115000,823,0.0,1.2519158124923706,-0.023043669760227203,-0.0260951928794384,0.006103047169744968,0.0,0.0,0.12574999034404755,0.19249999523162842,0.026200000196695328,0.0,0.0,0.0,0.13915662467479706,0.12063252925872803,0.1175595298409462
4120000,824,0.0,1.2591511011123657,-0.017363227903842926,-0.02042348124086857,0.0061205062083899975,0.0,0.0,0.10734999924898148,0.21324999630451202,0.04859999939799309,0.0,0.0,0.0,0.12259036302566528,0.10015060752630234,0.09940476715564728
4125000,825,0.0,1.2726340293884277,-0.020181167870759964,-0.023168396204710007,0.005974458064883947,0.0,0.0,0.14259999990463257,0.24804998934268951,0.0340999998152256,0.0,0.0,0.0,0.1548192799091339,0.13463856279850006,0.1383928656578064
4130000,826,0.0,1.2741857767105103,-0.004323809873312712,-0.007231165189296007,0.005814710631966591,0.0,0.0,0.147599995136261,0.2662000060081482,0.03529999777674675,0.0,0.0,0.0,0.16144578158855438,0.1441265046596527,0.13735119998455048
4135000,827,0.0,1.2743661403656006,-0.005579623393714428,-0.008657214231789112,0.006155182141810656,0.0,0.0,0.12815000116825104,0.27254998683929443,0.03395000100135803,0.0,0.0,0.0,0.14156626164913177,0.12620481848716736,0.1168154776096344
4140000,828,0.0,1.3218210935592651,-0.0034246621653437614,-0.006360299419611692,0.005871274508535862,0.0,0.0,0.1768999993801117,0.2728999853134155,0.004350000061094761,0.0,0.0,0.0,0.1944277137517929,0.17334337532520294,0.16309525072574615
4145000,829,0.0,1.3362529277801514,0.0024083470925688744,-0.00043151702266186476,0.005679727997630835,0.0,0.0,0.1675499975681305,0.2540000081062317,0.009949999861419201,0.0,0.0,0.0,0.182981938123703,0.15075302124023438,0.1688988208770752
4150000,830,0.0,1.3506007194519043,-0.0028673559427261353,-0.005776280537247658,0.005817849189043045,0.0,0.0,0.14504998922348022,0.24454998970031738,0.015049999579787254,0.0,0.0,0.0,0.16189759969711304,0.14066265523433685,0.13273809850215912
4155000,831,0.0,1.3525007963180542,-0.011597489938139915,-0.014460857957601547,0.005726735573261976,0.0,0.0,0.12680000066757202,0.24454998970031738,0.01119999960064888,0.0,0.0,0.0,0.13674698770046234,0.13087350130081177,0.11294643580913544
4160000,832,0.0,1.35828697681427,-0.019349807873368263,-0.022211944684386253,0.0057242740876972675,0.0,0.0,0.12529999017715454,0.22914999723434448,0.003999999724328518,0.0,0.0,0.0,0.13990963995456696,0.11972891539335251,0.11636905372142792
4165000,833,0.0,1.3563001155853271,-0.02404371090233326,-0.026989979669451714,0.005892536137253046,0.0,0.0,0.13249999284744263,0.23285000026226044,0.016649998724460602,0.0,0.0,0.0,0.15346385538578033,0.1319277137517929,0.112351194024086
4170000,834,0.0,1.3605642318725586,-0.045543257147073746,-0.04864385351538658,0.0062011959962546825,0.0,0.0,0.12894999980926514,0.249549999833107,0.021849999204277992,0.0,0.0,0.0,0.143373504281044,0.12018072605133057,0.12336309999227524
4175000,835,0.0,1.3840099573135376,-0.1242055743932724,-0.12897932529449463,0.009547497145831585,0.0,0.0,0.1197500005364418,0.26969999074935913,0.012399999424815178,0.0,0.0,0.0,0.13900603353977203,0.11370482295751572,0.10669643431901932
4180000,836,0.0,1.3541446924209595,-0.16672687232494354,-0.1730673760175705,0.01268099993467331,0.0,0.0,0.11549999564886093,0.29284998774528503,0.01249999925494194,0.0,0.0,0.0,0.12831325829029083,0.11234939843416214,0.10595238208770752
4185000,837,0.0,1.3596596717834473,0.11308134347200394,0.10867294669151306,0.008816791698336601,0.0,0.0,0.09425000101327896,0.28700000047683716,0.020649999380111694,0.0,0.0,0.0,0.11234939843416214,0.08659638464450836,0.08392857760190964
4190000,838,0.0,1.3695497512817383,-0.03190448135137558,-0.034904394298791885,0.005999826826155186,0.0,0.0,0.09589999914169312,0.26635000109672546,0.013650000095367432,0.0,0.0,0.0,0.10993976145982742,0.09367470443248749,0.08422619104385376
4195000,839,0.0,1.3414890766143799,-0.016530150547623634,-0.01946033351123333,0.005860366392880678,0.0,0.0,0.09259999543428421,0.25714999437332153,0.016999999061226845,0.0,0.0,0.0,0.1105421707034111,0.08448795229196548,0.08288690447807312
4200000,840,0.0,1.363551139831543,0.020487207919359207,0.017806105315685272,0.005362203344702721,0.0,0.0,0.12189999967813492,0.26534998416900635,0.010749999433755875,0.0,0.0,0.0,0.14653614163398743,0.1143072322010994,0.10505952686071396
4205000,841,0.0,1.327040433883667,-0.035993367433547974,-0.0387120395898819,0.005437347572296858,0.0,0.0,0.07564999908208847,0.2811499834060669,0.013749999925494194,0.0,0.0,0.0,0.08584337681531906,0.06987951695919037,0.07127976417541504
4210000,842,0.0,1.3245466947555542,0.026278181001544,0.02356252633035183,0.0054313107393682,0.0,0.0,0.07039999961853027,0.31849998235702515,0.014399999752640724,0.0,0.0,0.0,0.08042168617248535,0.06581325083971024,0.06502976268529892
4215000,843,0.0,1.3412495851516724,-0.030616840347647667,-0.03345734626054764,0.005681010894477367,0.0,0.0,0.0737999975681305,0.3138499855995178,0.01744999922811985,0.0,0.0,0.0,0.08719879388809204,0.06656626611948013,0.0677083358168602
4220000,844,0.0,1.3641815185546875,0.01773812808096409,0.01480085588991642,0.005874545779079199,0.0,0.0,0.08429999649524689,0.30274999141693115,0.015399999916553497,0.0,0.0,0.0,0.09367470443248749,0.08027108758687973,0.07901786267757416
4225000,845,0.0,1.3819093704223633,-0.01984202302992344,-0.02276826649904251,0.005852486938238144,0.0,0.0,0.10875000059604645,0.2667999863624573,0.009800000116229057,0.0,0.0,0.0,0.12756024301052094,0.102108433842659,0.096726194024086
4230000,846,0.0,1.3775670528411865,0.012672079727053642,0.009971664287149906,0.005400830414146185,0.0,0.0,0.12319999933242798,0.2498999983072281,0.010999999940395355,0.0,0.0,0.0,0.14397591352462769,0.12515060603618622,0.10074405372142792
4235000,847,0.0,1.3675038814544678,-0.01950802654027939,-0.02222461998462677,0.005433186888694763,0.0,0.0,0.11714999377727509,0.24199999868869781,0.008499999530613422,0.0,0.0,0.0,0.13734939694404602,0.10813253372907639,0.10610119253396988
4240000,848,0.0,1.3571298122406006,0.010506656020879745,0.00786637794226408,0.005280556157231331,0.0,0.0,0.12209999561309814,0.2184000015258789,0.012999999336898327,0.0,0.0,0.0,0.1402108520269394,0.11445783078670502,0.11175595968961716
4245000,849,0.0,1.352628469467163,-0.01300455629825592,-0.015660550445318222,0.005311987362802029,0.0,0.0,0.10449999570846558,0.2069000005722046,0.01679999940097332,0.0,0.0,0.0,0.1227409690618515,0.10466867685317993,0.0863095298409462
4250000,850,0.0,1.389480471611023,0.0006978991441428661,-0.0016989486757665873,0.004793695639818907,0.0,0.0,0.12119999527931213,0.19464999437332153,0.0032499998342245817,0.0,0.0,0.0,0.14442771673202515,0.10783132910728455,0.11145833879709244
4255000,851,0.0,1.3835768699645996,-0.01619272120296955,-0.018719026818871498,0.005052610300481319,0.0,0.0,0.11624999344348907,0.1854500025510788,0.003499999875202775,0.0,0.0,0.0,0.13674698770046234,0.10873494297266006,0.1034226194024086
4260000,852,0.0,1.401435375213623,-0.001970167038962245,-0.004594695754349232,0.0052490574307739735,0.0,0.0,0.1331000030040741,0.18930000066757202,0.011399999260902405,0.0,0.0,0.0,0.14834336936473846,0.13554216921329498,0.11562500149011612
4265000,853,0.0,1.3589718341827393,0.007299631834030151,0.004567394964396954,0.005464474204927683,0.0,0.0,0.08549999445676804,0.19659999012947083,0.017349999397993088,0.0,0.0,0.0,0.09954819828271866,0.07996988296508789,0.07708333432674408
4270000,854,0.0,1.3537981510162354,-0.020376265048980713,-0.023198677226901054,0.005644825752824545,0.0,0.0,0.07274999469518661,0.1895499974489212,0.0239499993622303,0.0,0.0,0.0,0.08870482444763184,0.07033132761716843,0.05937500298023224
4275000,855,0.0,1.3690589666366577,0.013173813000321388,0.010488402098417282,0.005370821338146925,0.0,0.0,0.0778999999165535,0.17919999361038208,0.022450000047683716,0.0,0.0,0.0,0.09186746925115585,0.06957831233739853,0.07232142984867096
4280000,856,0.0,1.346543312072754,-0.01612619310617447,-0.01871732994914055,0.005182275082916021,0.0,0.0,0.06974999606609344,0.17239999771118164,0.012349999509751797,0.0,0.0,0.0,0.08403614908456802,0.06295181065797806,0.06235119327902794
4285000,857,0.0,1.3656073808670044,-9.872950613498688e-06,-0.0026160702109336853,0.005212394520640373,0.0,0.0,0.07445000112056732,0.17469999194145203,0.01795000024139881,0.0,0.0,0.0,0.09262048453092575,0.06716867536306381,0.06369047611951828
4290000,858,0.0,1.400738000869751,-0.0029953496996313334,-0.005507457535713911,0.005024215672165155,0.0,0.0,0.1046999990940094,0.19784998893737793,0.007799999788403511,0.0,0.0,0.0,0.12334337830543518,0.09743975847959518,0.09345238655805588
4295000,859,0.0,1.3944039344787598,-0.008136012591421604,-0.010702625848352909,0.00513322651386261,0.0,0.0,0.11614999920129776,0.21684999763965607,0.013399999588727951,0.0,0.0,0.0,0.13222892582416534,0.11445783078670502,0.1019345298409462
4300000,860,0.0,1.3914270401000977,-0.004102322738617659,-0.0065946453250944614,0.004984645172953606,0.0,0.0,0.13414999842643738,0.23639999330043793,0.00559999980032444,0.0,0.0,0.0,0.14879518747329712,0.13358433544635773,0.12023810297250748
4305000,861,0.0,1.366676926612854,-0.016481522470712662,-0.019040344282984734,0.005117642693221569,0.0,0.0,0.14675000309944153,0.2512499988079071,0.009800000116229057,0.0,0.0,0.0,0.1653614491224289,0.14156626164913177,0.13348214328289032
4310000,862,0.0,1.3461942672729492,-0.0006994125433266163,-0.003459637053310871,0.00552044901996851,0.0,0.0,0.1667499989271164,0.2676999866962433,0.00419999985024333,0.0,0.0,0.0,0.19397591054439545,0.14984939992427826,0.15654762089252472
4315000,863,0.0,1.3522273302078247,-0.008707383647561073,-0.01141600776463747,0.005417247302830219,0.0,0.0,0.19769999384880066,0.30719998478889465,0.008150000125169754,0.0,0.0,0.0,0.2134036123752594,0.1950301229953766,0.18482144176959991
4320000,864,0.0,1.3495795726776123,-0.013743026182055473,-0.0163396205753088,0.005193187855184078,0.0,0.0,0.17444999516010284,0.3279999792575836,0.007449999917298555,0.0,0.0,0.0,0.18870481848716736,0.17334337532520294,0.1614583432674408
4325000,865,0.0,1.360365629196167,-0.0034788032062351704,-0.005959893576800823,0.004962180741131306,0.0,0.0,0.16014999151229858,0.34174999594688416,0.008200000040233135,0.0,0.0,0.0,0.17740964889526367,0.15301205217838287,0.15014880895614624
4330000,866,0.0,1.375788927078247,0.0027972941752523184,0.0001150085445260629,0.0053645712323486805,0.0,0.0,0.16134999692440033,0.3157999813556671,0.010350000113248825,0.0,0.0,0.0,0.17394578456878662,0.16265060007572174,0.14761905372142792
4335000,867,0.0,1.3766517639160156,-0.009607402607798576,-0.012137265875935555,0.005059727467596531,0.0,0.0,0.16224999725818634,0.2759999930858612,0.008899999782443047,0.0,0.0,0.0,0.17635542154312134,0.15948794782161713,0.1510416716337204
4340000,868,0.0,1.3713375329971313,-0.01891878992319107,-0.02142384834587574,0.00501011498272419,0.0,0.0,0.17274999618530273,0.2368999868631363,0.00989999994635582,0.0,0.0,0.0,0.19186747074127197,0.16490964591503143,0.16160714626312256
4345000,869,0.0,1.3682435750961304,-0.024073297157883644,-0.026578210294246674,0.005009826738387346,0.0,0.0,0.19489999115467072,0.19859999418258667,0.013650000095367432,0.0,0.0,0.0,0.2004518061876297,0.19171686470508575,0.19255952537059784
4350000,870,0.0,1.3468972444534302,-0.04565654695034027,-0.0484614335000515,0.0056097740307450294,0.0,0.0,0.17899999022483826,0.17045000195503235,0.017149999737739563,0.0,0.0,0.0,0.19352410733699799,0.1691265106201172,0.17440477013587952
4355000,871,0.0,1.3415521383285522,-0.03144486993551254,-0.033956434577703476,0.005023127421736717,0.0,0.0,0.16699999570846558,0.16869999468326569,0.027950000017881393,0.0,0.0,0.0,0.182981938123703,0.16054217517375946,0.15758928656578064
4360000,872,0.0,1.3549474477767944,-0.008802147582173347,-0.011378919705748558,0.005153543781489134,0.0,0.0,0.14954999089241028,0.1679999977350235,0.02199999988079071,0.0,0.0,0.0,0.17499999701976776,0.1371987909078598,0.13660715520381927
4365000,873,0.0,1.3478220701217651,-0.014218775555491447,-0.01675189658999443,0.005066243000328541,0.0,0.0,0.1273999959230423,0.1826999932527542,0.029199998825788498,0.0,0.0,0.0,0.13478915393352509,0.1289156675338745,0.11860119551420212
4370000,874,0.0,1.350216031074524,-0.023106884211301804,-0.025752946734428406,0.00529212411493063,0.0,0.0,0.10999999940395355,0.21649999916553497,0.020499998703598976,0.0,0.0,0.0,0.12183735519647598,0.11084337532520294,0.0974702388048172
4375000,875,0.0,1.3822489976882935,-0.03637832775712013,-0.03895824775099754,0.005159842781722546,0.0,0.0,0.1464499980211258,0.23304998874664307,0.01054999977350235,0.0,0.0,0.0,0.15496988594532013,0.14201807975769043,0.14241072535514832
4380000,876,0.0,1.3728997707366943,-0.057972438633441925,-0.06111651286482811,0.006288144737482071,0.0,0.0,0.16210000216960907,0.24354998767375946,0.012999999336898327,0.0,0.0,0.0,0.18102410435676575,0.15421687066555023,0.15119047462940216
4385000,877,0.0,1.3888401985168457,-0.09072192013263702,-0.09416533261537552,0.0068868305534124374,0.0,0.0,0.18310000002384186,0.24124999344348907,0.004299999680370092,0.0,0.0,0.0,0.20105421543121338,0.17816264927387238,0.17023810744285583
4390000,878,0.0,1.3424969911575317,-0.04621134698390961,-0.048895951360464096,0.005369212012737989,0.0,0.0,0.1392499953508377,0.27265000343322754,0.00969999935477972,0.0,0.0,0.0,0.15195783972740173,0.13930723071098328,0.12663690745830536
4395000,879,0.0,1.3470970392227173,0.011699032969772816,0.009129461832344532,0.005139142274856567,0.0,0.0,0.1513499915599823,0.3027999997138977,0.003999999724328518,0.0,0.0,0.0,0.16882529854774475,0.1524096429347992,0.13303571939468384
4400000,880,0.0,1.3445782661437988,-0.005717141088098288,-0.008258589543402195,0.005082896910607815,0.0,0.0,0.16425000131130219,0.3304999768733978,0.0064999996684491634,0.0,0.0,0.0,0.1822289228439331,0.15993976593017578,0.15074405074119568
4405000,881,0.0,1.3555271625518799,-0.03764031454920769,-0.04037902131676674,0.005477412138134241,0.0,0.0,0.15160000324249268,0.3429499864578247,0.003599999938160181,0.0,0.0,0.0,0.16054217517375946,0.15271084010601044,0.14166666567325592
4410000,882,0.0,1.358120083808899,0.0014246662613004446,-0.0011689262464642525,0.005187185015529394,0.0,0.0,0.1302499920129776,0.3445499837398529,0.006149999797344208,0.0,0.0,0.0,0.13810241222381592,0.1265060305595398,0.12619048357009888
4415000,883,0.0,1.3765467405319214,0.01982281170785427,0.01724139228463173,0.0051628402434289455,0.0,0.0,0.13679999113082886,0.2984499931335449,0.0012499999720603228,0.0,0.0,0.0,0.14427711069583893,0.13463856279850006,0.13154762983322144
4420000,884,0.0,1.3756779432296753,0.0014580974821001291,-0.000968066742643714,0.004852328449487686,0.0,0.0,0.1359499990940094,0.2782000005245209,0.006749999709427357,0.0,0.0,0.0,0.1516566276550293,0.12454819679260254,0.1316964328289032
4425000,885,0.0,1.366326093673706,-0.013071439228951931,-0.015442084521055222,0.004741291049867868,0.0,0.0,0.1343500018119812,0.27844998240470886,0.005349999759346247,0.0,0.0,0.0,0.1546686738729477,0.12319277226924896,0.12529762089252472
4430000,886,0.0,1.3887405395507812,-0.037703827023506165,-0.04016461595892906,0.004921577870845795,0.0,0.0,0.14999999105930328,0.2721499800682068,0.001349999918602407,0.0,0.0,0.0,0.16219879686832428,0.14849397540092468,0.13943453133106232
4435000,887,0.0,1.3859195709228516,-0.03208746016025543,-0.034723639488220215,0.005272358655929565,0.0,0.0,0.1424499899148941,0.27789998054504395,0.004350000061094761,0.0,0.0,0.0,0.15135543048381805,0.13840362429618835,0.1376488208770752
4440000,888,0.0,1.3670107126235962,-0.04560406133532524,-0.048215653747320175,0.005223186686635017,0.0,0.0,0.1281999945640564,0.2950499951839447,0.011899999342858791,0.0,0.0,0.0,0.1396084427833557,0.12635542452335358,0.11875000596046448
4445000,889,0.0,1.370356559753418,-0.03935685381293297,-0.04202786833047867,0.005342026706784964,0.0,0.0,0.16619999706745148,0.2899499833583832,0.0038499999791383743,0.0,0.0,0.0,0.1897590458393097,0.15301205217838287,0.15595239400863647
4450000,890,0.0,1.3639413118362427,-0.03849827125668526,-0.040926672518253326,0.004856803920120001,0.0,0.0,0.1808999925851822,0.2981500029563904,0.003449999960139394,0.0,0.0,0.0,0.20075301826000214,0.17801205813884735,0.16413691639900208
4455000,891,0.0,1.3645614385604858,-0.014436613768339157,-0.01674879528582096,0.0046243625693023205,0.0,0.0,0.173349991440773,0.320499986410141,0.0024500000290572643,0.0,0.0,0.0,0.18283133208751678,0.17319276928901672,0.16413691639900208
4460000,892,0.0,1.3567503690719604,-0.004837035201489925,-0.007032083813101053,0.004390097223222256,0.0,0.0,0.1428999900817871,0.33969998359680176,0.006799999624490738,0.0,0.0,0.0,0.15346385538578033,0.1426204890012741,0.13273809850215912
4465000,893,0.0,1.365874171257019,-0.018124818801879883,-0.020286349579691887,0.00432306295260787,0.0,0.0,0.13404999673366547,0.3140999972820282,0.0010999999940395355,0.0,0.0,0.0,0.14307229220867157,0.13328313827514648,0.12589286267757416
4470000,894,0.0,1.365798830986023,-0.06452934443950653,-0.06727736443281174,0.00549603346735239,0.0,0.0,0.13359999656677246,0.3112500011920929,0.005949999671429396,0.0,0.0,0.0,0.1456325352191925,0.1319277137517929,0.12336309999227524
4475000,895,0.0,1.364517331123352,-0.11482388526201248,-0.11884753406047821,0.008047298528254032,0.0,0.0,0.1400499939918518,0.31505000591278076,0.006599999964237213,0.0,0.0,0.0,0.1448795199394226,0.14277108013629913,0.13258929550647736
4480000,896,0.0,1.360151767730713,0.002358814934268594,-4.595107748173177e-05,0.004809531848877668,0.0,0.0,0.1310499906539917,0.2806999981403351,0.010900000110268593,0.0,0.0,0.0,0.13825301826000214,0.1289156675338745,0.12604166567325592
4485000,897,0.0,1.332093358039856,0.07288561016321182,0.06987638026475906,0.006018452811986208,0.0,0.0,0.11479999870061874,0.23819999396800995,0.022699998691678047,0.0,0.0,0.0,0.12304217368364334,0.11536144465208054,0.10610119253396988
4490000,898,0.0,1.291000247001648,-0.05916493758559227,-0.06204779073596001,0.00576570350676775,0.0,0.0,0.10130000114440918,0.20614999532699585,0.023349998518824577,0.0,0.0,0.0,0.1097891554236412,0.09969879686832428,0.0944940522313118
4495000,899,0.0,1.3243727684020996,0.011093164794147015,0.008660956285893917,0.004864416550844908,0.0,0.0,0.12105000019073486,0.1946999877691269,4.999999873689376e-05,0.0,0.0,0.0,0.13448795676231384,0.11777108907699585,0.11101190745830536
4500000,900,0.0,1.3504276275634766,0.0016907225362956524,-0.0007557349745184183,0.004892915021628141,0.0,0.0,0.13564999401569366,0.19325000047683716,0.018199998885393143,0.0,0.0,0.0,0.14653614163398743,0.1326807290315628,0.12782739102840424
4505000,901,0.0,1.3821492195129395,-0.0389433391392231,-0.04143485799431801,0.004983038175851107,0.0,0.0,0.16489998996257782,0.20565000176429749,0.009099999442696571,0.0,0.0,0.0,0.18509036302566528,0.16129519045352936,0.14851191639900208
4510000,902,0.0,1.3846029043197632,0.02624485082924366,0.02377397008240223,0.004941760096698999,0.0,0.0,0.1687999963760376,0.22564999759197235,0.020999999716877937,0.0,0.0,0.0,0.1730421781539917,0.16641566157341003,0.16696429252624512
4515000,903,0.0,1.4043246507644653,0.003637412330135703,0.0013408088125288486,0.004593207035213709,0.0,0.0,0.1660500019788742,0.2238999903202057,4.999999873689376e-05,0.0,0.0,0.0,0.1807228922843933,0.15978915989398956,0.1577381044626236
4520000,904,0.0,1.4187507629394531,-0.03680569678544998,-0.03918571025133133,0.004760023206472397,0.0,0.0,0.17799998819828033,0.2227499932050705,0.003700000001117587,0.0,0.0,0.0,0.19081325829029083,0.17439758777618408,0.1688988208770752
4525000,905,0.0,1.3864458799362183,0.004287566523998976,0.0018422034336254,0.004890726413577795,0.0,0.0,0.11434999853372574,0.21644999086856842,0.011349999345839024,0.0,0.0,0.0,0.13147591054439545,0.10602410137653351,0.1056547686457634
4530000,906,0.0,1.3885561227798462,0.004212294705212116,0.0020010345615446568,0.004422519821673632,0.0,0.0,0.1257999986410141,0.21414999663829803,0.009949999861419201,0.0,0.0,0.0,0.1409638524055481,0.12605421245098114,0.11056548357009888
4535000,907,0.0,1.4033123254776,-0.005210426170378923,-0.007495017256587744,0.004569182172417641,0.0,0.0,0.1716499924659729,0.18754999339580536,0.0,0.0,0.0,0.0,0.18463855981826782,0.17033132910728455,0.16011905670166016
4540000,908,0.0,1.3839237689971924,-0.01102452352643013,-0.013333179987967014,0.004617312457412481,0.0,0.0,0.14800000190734863,0.17854999005794525,0.01599999889731407,0.0,0.0,0.0,0.15331324934959412,0.14774096012115479,0.14300595223903656
4545000,909,0.0,1.3636038303375244,0.0005246738437563181,-0.0018348006997257471,0.00471894908696413,0.0,0.0,0.12584999203681946,0.19954998791217804,0.026750000193715096,0.0,0.0,0.0,0.14292168617248535,0.12033132463693619,0.11443452537059784
4550000,910,0.0,1.3783440589904785,-0.01307454239577055,-0.01542967651039362,0.0047102682292461395,0.0,0.0,0.13624998927116394,0.20089998841285706,0.00925000011920929,0.0,0.0,0.0,0.14518073201179504,0.1289156675338745,0.1346726268529892
4555000,911,0.0,1.3412262201309204,-0.01608477532863617,-0.018377866595983505,0.0045861839316785336,0.0,0.0,0.1363999992609024,0.2113499939441681,0.022199999541044235,0.0,0.0,0.0,0.14683735370635986,0.12665662169456482,0.13571429252624512
4560000,912,0.0,1.3524421453475952,-0.00831605028361082,-0.010648435913026333,0.0046647717244923115,0.0,0.0,0.20029999315738678,0.20589999854564667,0.012399999424815178,0.0,0.0,0.0,0.20602409541606903,0.20030121505260468,0.19464287161827087
4565000,913,0.0,1.3704702854156494,-0.0023093956988304853,-0.004539970774203539,0.004461150150746107,0.0,0.0,0.19629999995231628,0.22289998829364777,0.007849999703466892,0.0,0.0,0.0,0.20993976294994354,0.18810240924358368,0.19092263281345367
4570000,914,0.0,1.3705116510391235,0.0040909829549491405,0.0019452861743047833,0.004291393328458071,0.0,0.0,0.18394999206066132,0.22749999165534973,0.0064999996684491634,0.0,0.0,0.0,0.20406627655029297,0.1760542243719101,0.171875
4575000,915,0.0,1.3695671558380127,-0.005822119303047657,-0.008045484311878681,0.004446730483323336,0.0,0.0,0.19744999706745148,0.21959999203681946,0.0037999998312443495,0.0,0.0,0.0,0.21686747670173645,0.20632530748844147,0.16949404776096344
4580000,916,0.0,1.3733949661254883,-0.012487315572798252,-0.014597006142139435,0.004219380673021078,0.0,0.0,0.22439999878406525,0.21734999120235443,0.009549999609589577,0.0,0.0,0.0,0.23975904285907745,0.2141566276550293,0.21934524178504944
4585000,917,0.0,1.3844720125198364,-0.0298231840133667,-0.032097574323415756,0.004548780620098114,0.0,0.0,0.22614999115467072,0.22055000066757202,0.009499999694526196,0.0,0.0,0.0,0.245481938123703,0.216415673494339,0.21666666865348816
4590000,918,0.0,1.3960095643997192,-0.10229124873876572,-0.10566239804029465,0.006742303259670734,0.0,0.0,0.23204998672008514,0.21584999561309814,0.0023999998811632395,0.0,0.0,0.0,0.24201807379722595,0.22424699366092682,0.2299107164144516
4595000,919,0.0,1.4121404886245728,-0.09620121121406555,-0.09943124651908875,0.006460074335336685,0.0,0.0,0.22119998931884766,0.21239998936653137,0.005399999674409628,0.0,0.0,0.0,0.23885542154312134,0.21521085500717163,0.20967262983322144
4600000,920,0.0,1.4058774709701538,0.03318241238594055,0.030902834609150887,0.004559156484901905,0.0,0.0,0.15754999220371246,0.2248999923467636,0.005049999803304672,0.0,0.0,0.0,0.17680723965168,0.14954820275306702,0.14642857015132904
4605000,921,0.0,1.3890942335128784,0.07070686668157578,0.0677972063422203,0.00581931509077549,0.0,0.0,0.09894999861717224,0.2326499968767166,0.019449999555945396,0.0,0.0,0.0,0.10587349534034729,0.09638554602861404,0.09464286267757416
4610000,922,0.0,1.3959087133407593,-0.051161978393793106,-0.05369050055742264,0.005057043861597776,0.0,0.0,0.11034999787807465,0.2092999964952469,0.006749999709427357,0.0,0.0,0.0,0.11656627058982849,0.10647590458393097,0.10803572088479996
4615000,923,0.0,1.4103599786758423,-0.018243832513689995,-0.020419975742697716,0.00435228506103158,0.0,0.0,0.11819999665021896,0.20499999821186066,0.008949999697506428,0.0,0.0,0.0,0.12996987998485565,0.11114457994699478,0.11354167014360428
4620000,924,0.0,1.382886528968811,0.03376263380050659,0.031347282230854034,0.004830700810998678,0.0,0.0,0.10794999450445175,0.21409998834133148,0.014349999837577343,0.0,0.0,0.0,0.12078313529491425,0.10496988147497177,0.098214291036129
4625000,925,0.0,1.4011036157608032,-0.03399599716067314,-0.036307986825704575,0.0046239811927080154,0.0,0.0,0.12019999325275421,0.20499999821186066,0.020499998703598976,0.0,0.0,0.0,0.1319277137517929,0.11159639060497284,0.11711309850215912
4630000,926,0.0,1.3748159408569336,-0.006206221878528595,-0.008232261054217815,0.004052078351378441,0.0,0.0,0.09914999455213547,0.20160000026226044,0.01464999932795763,0.0,0.0,0.0,0.12018072605133057,0.09171687066555023,0.08571428805589676
4635000,927,0.0,1.3880536556243896,0.005602073855698109,0.003464736742898822,0.004274674691259861,0.0,0.0,0.09690000116825104,0.21344999969005585,0.01915000006556511,0.0,0.0,0.0,0.108283132314682,0.09442771226167679,0.08809524029493332
4640000,928,0.0,1.3781812191009521,-0.008185678161680698,-0.010205218568444252,0.0040390812791883945,0.0,0.0,0.07374999672174454,0.22104999423027039,0.02264999970793724,0.0,0.0,0.0,0.07951807230710983,0.07183735072612762,0.0699404776096344
4645000,929,0.0,1.3873841762542725,-0.022154245525598526,-0.02425280772149563,0.00419712346047163,0.0,0.0,0.08839999884366989,0.22634999454021454,0.013899999670684338,0.0,0.0,0.0,0.10512048751115799,0.08072289079427719,0.07946428656578064
4650000,930,0.0,1.4056729078292847,0.000996556133031845,-0.0011166862677782774,0.004226484801620245,0.0,0.0,0.11779999732971191,0.22325000166893005,0.004900000058114529,0.0,0.0,0.0,0.13900603353977203,0.10542169213294983,0.10907738655805588
4655000,931,0.0,1.3909469842910767,0.003969468176364899,0.0019995251204818487,0.003939886577427387,0.0,0.0,0.12870000302791595,0.2044999897480011,0.0005999999702908099,0.0,0.0,0.0,0.15120482444763184,0.12228915840387344,0.11279762536287308
4660000,932,0.0,1.3887790441513062,-0.008080163970589638,-0.010092554613947868,0.004024781286716461,0.0,0.0,0.15074999630451202,0.23889999091625214,0.009349999949336052,0.0,0.0,0.0,0.16219879686832428,0.14879518747329712,0.1413690596818924
4665000,933,0.0,1.3958487510681152,-0.002097900491207838,-0.004120042081922293,0.004044283181428909,0.0,0.0,0.1708499938249588,0.2649500072002411,0.00634999992325902,0.0,0.0,0.0,0.1912650614976883,0.1653614491224289,0.15610119700431824
4670000,934,0.0,1.3928836584091187,0.0034844386391341686,0.0015130332903936505,0.00394281093031168,0.0,0.0,0.18709999322891235,0.24914999306201935,0.006149999797344208,0.0,0.0,0.0,0.20843373239040375,0.1859939843416214,0.16711309552192688
4675000,935,0.0,1.4069048166275024,-0.002608121372759342,-0.0046591307036578655,0.004102018661797047,0.0,0.0,0.18599998950958252,0.22814999520778656,0.0008499999530613422,0.0,0.0,0.0,0.20165662467479706,0.18569277226924896,0.17083333432674408
4680000,936,0.0,1.3936960697174072,-0.01654268056154251,-0.018531469628214836,0.003977576270699501,0.0,0.0,0.1696999967098236,0.22064998745918274,0.007899999618530273,0.0,0.0,0.0,0.1882530152797699,0.16566266119480133,0.15535715222358704
4685000,937,0.0,1.4100724458694458,-0.01638871245086193,-0.018327152356505394,0.0038768791127949953,0.0,0.0,0.1776999980211258,0.22254998981952667,0.0052999998442828655,0.0,0.0,0.0,0.1897590458393097,0.17394578456878662,0.16949404776096344
4690000,938,0.0,1.4103028774261475,-0.011520194821059704,-0.013383843936026096,0.0037272986955940723,0.0,0.0,0.13454999029636383,0.241349995136261,0.010649999603629112,0.0,0.0,0.0,0.1426204890012741,0.12981927394866943,0.13125000894069672
4695000,939,0.0,1.3819715976715088,-0.034382376819849014,-0.036519329994916916,0.004273905418813229,0.0,0.0,0.08720000088214874,0.24379999935626984,0.018549999222159386,0.0,0.0,0.0,0.0975903645157814,0.08569277077913284,0.07842262089252472
4700000,940,0.0,1.379952311515808,-0.07034548372030258,-0.07288852334022522,0.005086076445877552,0.0,0.0,0.07440000027418137,0.2352999895811081,0.02384999953210354,0.0,0.0,0.0,0.07575301080942154,0.07756024599075317,0.0699404776096344
4705000,941,0.0,1.410801887512207,-0.08791004866361618,-0.09076449275016785,0.005708886776119471,0.0,0.0,0.08609999716281891,0.22179999947547913,0.01269999984651804,0.0,0.0,0.0,0.09563253074884415,0.08222891390323639,0.08050595223903656
4710000,942,0.0,1.4142448902130127,-0.00981329008936882,-0.011719654314219952,0.003812728449702263,0.0,0.0,0.09939999878406525,0.20479999482631683,0.016300000250339508,0.0,0.0,0.0,0.10587349534034729,0.09548193216323853,0.09687500447034836
4715000,943,0.0,1.4118196964263916,0.03613400086760521,0.03391104191541672,0.00444592023268342,0.0,0.0,0.11459999531507492,0.18524999916553497,0.008899999782443047,0.0,0.0,0.0,0.12680722773075104,0.11385542154312134,0.10327381640672684
4720000,944,0.0,1.4039790630340576,-0.0011101156705990434,-0.00301910936832428,0.003817987395450473,0.0,0.0,0.13159999251365662,0.17479999363422394,0.009599999524652958,0.0,0.0,0.0,0.14608433842658997,0.12710843980312347,0.12172619253396988
4725000,945,0.0,1.3969182968139648,-0.04068142920732498,-0.042784854769706726,0.004206849727779627,0.0,0.0,0.14585000276565552,0.16775000095367432,0.005499999970197678,0.0,0.0,0.0,0.16099397838115692,0.14292168617248535,0.13377976417541504
4730000,946,0.0,1.3942437171936035,-0.010831164196133614,-0.012787475250661373,0.0039126211777329445,0.0,0.0,0.179299995303154,0.1602499932050705,0.007249999791383743,0.0,0.0,0.0,0.19412651658058167,0.1745481938123703,0.16934524476528168
4735000,947,0.0,1.3780380487442017,0.003311889711767435,0.001356409047730267,0.00391096156090498,0.0,0.0,0.18469999730587006,0.14675000309944153,0.010049999691545963,0.0,0.0,0.0,0.1989457905292511,0.17665663361549377,0.1785714328289032
4740000,948,0.0,1.3733803033828735,-0.012971805408596992,-0.01497387234121561,0.004004132933914661,0.0,0.0,0.15834999084472656,0.1354999989271164,0.008349999785423279,0.0,0.0,0.0,0.17259036004543304,0.158433735370636,0.14419643580913544
4745000,949,0.0,1.3941867351531982,-0.023031262680888176,-0.025059683248400688,0.00405684020370245,0.0,0.0,0.16499999165534973,0.14694999158382416,0.0139999995008111,0.0,0.0,0.0,0.17183735966682434,0.16295181214809418,0.16026785969734192
4750000,950,0.0,1.397063136100769,-0.009310695342719555,-0.011270060203969479,0.00391872925683856,0.0,0.0,0.1408499926328659,0.1766500025987625,0.013249999843537807,0.0,0.0,0.0,0.15180723369121552,0.13448795676231384,0.13630953431129456
4755000,951,0.0,1.4164716005325317,-0.020841922610998154,-0.022688457742333412,0.0036930700298398733,0.0,0.0,0.17759999632835388,0.19224999845027924,0.011699999682605267,0.0,0.0,0.0,0.18493975698947906,0.17469879984855652,0.17321428656578064
4760000,952,0.0,1.4131474494934082,-0.04249153286218643,-0.04458898678421974,0.004194910172373056,0.0,0.0,0.15584999322891235,0.22609999775886536,0.011349999345839024,0.0,0.0,0.0,0.16506023705005646,0.15286144614219666,0.14970238506793976
4765000,953,0.0,1.4009883403778076,-0.05702248215675354,-0.05933628976345062,0.004627615679055452,0.0,0.0,0.1449500024318695,0.2635999917984009,0.009149999357759953,0.0,0.0,0.0,0.16024096310138702,0.13750000298023224,0.13720238208770752
4770000,954,0.0,1.3575940132141113,-0.02456819638609886,-0.026550590991973877,0.0039647892117500305,0.0,0.0,0.09934999793767929,0.2958499789237976,0.012149999849498272,0.0,0.0,0.0,0.10105422139167786,0.10000000149011612,0.09702381491661072
4775000,955,0.0,1.35458242893219,-0.0072096846997737885,-0.00913409236818552,0.00384881510399282,0.0,0.0,0.1216999962925911,0.3385999798774719,0.008150000125169754,0.0,0.0,0.0,0.12018072605133057,0.12710843980312347,0.11785715073347092
4780000,956,0.0,1.3387874364852905,0.007837355136871338,0.006027739029377699,0.0036192331463098526,0.0,0.0,0.0957999974489212,0.3401999771595001,0.008200000040233135,0.0,0.0,0.0,0.09849397838115692,0.09503012150526047,0.09389881044626236
4785000,957,0.0,1.364517092704773,-0.00701829744502902,-0.008892130106687546,0.003747665323317051,0.0,0.0,0.14589999616146088,0.3555999994277954,0.004549999721348286,0.0,0.0,0.0,0.15195783972740173,0.1418674737215042,0.14389881491661072
4790000,958,0.0,1.368674874305725,-0.02285502478480339,-0.024727120995521545,0.0037441912572830915,0.0,0.0,0.13660000264644623,0.3407000005245209,0.005249999929219484,0.0,0.0,0.0,0.15000000596046448,0.1402108520269394,0.1197916716337204
4795000,959,0.0,1.395351767539978,-0.03422953933477402,-0.036023546010255814,0.0035880133509635925,0.0,0.0,0.13724999129772186,0.32569998502731323,0.003499999875202775,0.0,0.0,0.0,0.15346385538578033,0.13373494148254395,0.12470238655805588
4800000,960,0.0,1.4086308479309082,-0.07390416413545609,-0.07622763514518738,0.004646936897188425,0.0,0.0,0.15105000138282776,0.290800005197525,0.0019499999471008778,0.0,0.0,0.0,0.16219879686832428,0.14819277822971344,0.1428571492433548
4805000,961,0.0,1.3929388523101807,-0.12266088277101517,-0.12630495429039001,0.007288143504410982,0.0,0.0,0.1370999962091446,0.24079999327659607,0.0013000000035390258,0.0,0.0,0.0,0.1554216891527176,0.12981927394866943,0.12619048357009888
4810000,962,0.0,1.3969160318374634,0.007247334346175194,0.005384545307606459,0.003725578309968114,0.0,0.0,0.14159999787807465,0.21445000171661377,0.006000000052154064,0.0,0.0,0.0,0.15301205217838287,0.13750000298023224,0.13437500596046448
4815000,963,0.0,1.3895982503890991,0.04519861191511154,0.04305112361907959,0.004294973332434893,0.0,0.0,0.14594998955726624,0.18029999732971191,0.009850000031292439,0.0,0.0,0.0,0.15948794782161713,0.1448795199394226,0.13363096117973328
4820000,964,0.0,1.3816851377487183,-0.05449768900871277,-0.056778695434331894,0.004562015645205975,0.0,0.0,0.11934999376535416,0.15479999780654907,0.011599999852478504,0.0,0.0,0.0,0.12710843980312347,0.11310241371393204,0.11785715073347092
4825000,965,0.0,1.3728857040405273,-0.0049500176683068275,-0.006780732423067093,0.003661429975181818,0.0,0.0,0.0925000011920929,0.1504499912261963,0.01809999905526638,0.0,0.0,0.0,0.09864457696676254,0.08975903689861298,0.08913690596818924
4830000,966,0.0,1.4036728143692017,0.03264389932155609,0.030599864199757576,0.004088066518306732,0.0,0.0,0.12389999628067017,0.15549999475479126,0.0032499998342245817,0.0,0.0,0.0,0.13222892582416534,0.1234939768910408,0.1160714328289032
4835000,967,0.0,1.3830130100250244,-0.04669065773487091,-0.04862699657678604,0.003872678382322192,0.0,0.0,0.11954999715089798,0.14270000159740448,0.015799999237060547,0.0,0.0,0.0,0.1296686828136444,0.11762048304080963,0.11145833879709244
4840000,968,0.0,1.4072825908660889,0.015113307163119316,0.013208250515162945,0.0038101125974208117,0.0,0.0,0.16384999454021454,0.16210000216960907,0.006399999838322401,0.0,0.0,0.0,0.18042169511318207,0.16114458441734314,0.15014880895614624
4845000,969,0.0,1.3973132371902466,-0.007644352503120899,-0.00941617600619793,0.003543646540492773,0.0,0.0,0.15569999814033508,0.17204999923706055,0.009149999357759953,0.0,0.0,0.0,0.16355422139167786,0.15105421841144562,0.1525297611951828
4850000,970,0.0,1.3971401453018188,-0.02345205470919609,-0.025233307853341103,0.003562506753951311,0.0,0.0,0.14309999346733093,0.18764999508857727,0.015549999661743641,0.0,0.0,0.0,0.1509036123752594,0.14126506447792053,0.13720238208770752
4855000,971,0.0,1.409757375717163,0.021287934854626656,0.019526146352291107,0.003523577470332384,0.0,0.0,0.1319499909877777,0.19589999318122864,0.005649999715387821,0.0,0.0,0.0,0.14909638464450836,0.1265060305595398,0.12038690596818924
4860000,972,0.0,1.4080634117126465,-0.020419154316186905,-0.02224411629140377,0.003649924648925662,0.0,0.0,0.12619999051094055,0.2048499882221222,0.012749999761581421,0.0,0.0,0.0,0.14066265523433685,0.11746988445520401,0.1205357164144516
4865000,973,0.0,1.4222556352615356,-0.02054636925458908,-0.022243477404117584,0.003394216066226363,0.0,0.0,0.12049999833106995,0.19679999351501465,0.005949999671429396,0.0,0.0,0.0,0.13810241222381592,0.11295180767774582,0.11056548357009888
4870000,974,0.0,1.4148759841918945,0.005171794909983873,0.0034572063013911247,0.0034291769843548536,0.0,0.0,0.09674999862909317,0.18410000205039978,0.005549999885261059,0.0,0.0,0.0,0.102108433842659,0.09518072754144669,0.0930059552192688
4875000,975,0.0,1.4229698181152344,0.002077107084915042,0.00035507354186847806,0.003444066969677806,0.0,0.0,0.11794999986886978,0.20399999618530273,0.00925000011920929,0.0,0.0,0.0,0.12786145508289337,0.11656627058982849,0.10952381044626236
4880000,976,0.0,1.416333556175232,-0.012692049145698547,-0.014448929578065872,0.0035137617960572243,0.0,0.0,0.12995000183582306,0.20964999496936798,0.010950000025331974,0.0,0.0,0.0,0.14111445844173431,0.12605421245098114,0.1227678582072258
4885000,977,0.0,1.4156194925308228,-0.004150440916419029,-0.005811972077935934,0.003323062788695097,0.0,0.0,0.12364999949932098,0.204599991440773,0.007949999533593655,0.0,0.0,0.0,0.1317771077156067,0.12078313529491425,0.11845238506793976
4890000,978,0.0,1.396288275718689,-0.006758802570402622,-0.008350133895874023,0.0031826624181121588,0.0,0.0,0.1075499951839447,0.20444999635219574,0.007499999832361937,0.0,0.0,0.0,0.12183735519647598,0.09743975847959518,0.1034226194024086
4895000,979,0.0,1.4063749313354492,-0.006251840386539698,-0.007777230814099312,0.003050781087949872,0.0,0.0,0.11789999902248383,0.2087000012397766,0.007499999832361937,0.0,0.0,0.0,0.13554216921329498,0.11219879984855652,0.10610119253396988
4900000,980,0.0,1.4041415452957153,-0.009492643177509308,-0.011183401569724083,0.003381516085937619,0.0,0.0,0.10260000079870224,0.21844999492168427,0.015099999494850636,0.0,0.0,0.0,0.11189759522676468,0.09819277375936508,0.09776785969734192
4905000,981,0.0,1.3963550329208374,-0.0012129135429859161,-0.003029084764420986,0.00363234244287014,0.0,0.0,0.0949999988079071,0.2219499945640564,0.022049998864531517,0.0,0.0,0.0,0.10858433693647385,0.08870482444763184,0.0877976194024086
4910000,982,0.0,1.405733585357666,-0.0017681773751974106,-0.0034704417921602726,0.003404528833925724,0.0,0.0,0.08754999935626984,0.21809999644756317,0.013049999251961708,0.0,0.0,0.0,0.11159639060497284,0.07259036600589752,0.07857143133878708
4915000,983,0.0,1.4092931747436523,-0.0025807004421949387,-0.004267583135515451,0.0033737653866410255,0.0,0.0,0.08469999581575394,0.2166999876499176,0.018149999901652336,0.0,0.0,0.0,0.09292168915271759,0.07906626909971237,0.08214285969734192
4920000,984,0.0,1.393643856048584,-0.023067407310009003,-0.024672474712133408,0.0032101364340633154,0.0,0.0,0.07759999483823776,0.20915000140666962,0.007199999876320362,0.0,0.0,0.0,0.08960843831300735,0.07484939694404602,0.0684523805975914
4925000,985,0.0,1.3833972215652466,-0.08053835481405258,-0.08291060477495193,0.004744499456137419,0.0,0.0,0.07959999889135361,0.20179998874664307,0.0037499999161809683,0.0,0.0,0.0,0.094578318297863,0.07259036600589752,0.07172619551420212
4930000,986,0.0,1.3868544101715088,-0.16093149781227112,-0.16573847830295563,0.00961395725607872,0.0,0.0,0.08704999834299088,0.20694999396800995,0.006099999882280827,0.0,0.0,0.0,0.10768072307109833,0.08072289079427719,0.0729166716337204
4935000,987,0.0,1.387694001197815,0.09144757688045502,0.08876055479049683,0.00537404278293252,0.0,0.0,0.08954999595880508,0.20504999160766602,0.006649999879300594,0.0,0.0,0.0,0.10271084308624268,0.08478915691375732,0.08125000447034836
4940000,988,0.0,1.4083976745605469,0.0008726554224267602,-0.0009888942586258054,0.003723099362105131,0.0,0.0,0.10064999759197235,0.2158999890089035,0.00764999957755208,0.0,0.0,0.0,0.11521084606647491,0.09653614461421967,0.09032738208770752
4945000,989,0.0,1.4129856824874878,-0.0661986768245697,-0.0683043822646141,0.0042114038951694965,0.0,0.0,0.1115499958395958,0.21040000021457672,0.008299999870359898,0.0,0.0,0.0,0.12921686470508575,0.11084337532520294,0.09479167312383652
4950000,990,0.0,1.4143134355545044,0.028120972216129303,0.02620815299451351,0.0038256384432315826,0.0,0.0,0.1233999952673912,0.21139998733997345,0.010849999263882637,0.0,0.0,0.0,0.13539156317710876,0.11490964144468307,0.11994048207998276
4955000,991,0.0,1.4128926992416382,-0.03918968141078949,-0.04095648601651192,0.0035336085129529238,0.0,0.0,0.1216999962925911,0.2069000005722046,0.009750000201165676,0.0,0.0,0.0,0.14457832276821136,0.11445783078670502,0.10625000298023224
4960000,992,0.0,1.4155648946762085,0.018043117597699165,0.016243930906057358,0.003598374081775546,0.0,0.0,0.14045000076293945,0.21679998934268951,0.011649999767541885,0.0,0.0,0.0,0.14503012597560883,0.1394578367471695,0.1369047611951828
4965000,993,0.0,1.409157633781433,-0.022733250632882118,-0.024433573707938194,0.0034006466157734394,0.0,0.0,0.12844999134540558,0.2415499985218048,0.02070000022649765,0.0,0.0,0.0,0.14352409541606903,0.12439759075641632,0.1175595298409462
4970000,994,0.0,1.4101394414901733,0.012144919484853745,0.010534006170928478,0.003221827559173107,0.0,0.0,0.13750000298023224,0.2585499882698059,0.022299999371170998,0.0,0.0,0.0,0.14698795974254608,0.13825301826000214,0.12738095223903656
4975000,995,0.0,1.3924241065979004,-0.01590736396610737,-0.017518719658255577,0.0032227125484496355,0.0,0.0,0.11544999480247498,0.2721000015735626,0.012899999506771564,0.0,0.0,0.0,0.12996987998485565,0.11340361833572388,0.10312500596046448
4980000,996,0.0,1.3855782747268677,0.008332304656505585,0.006745383143424988,0.0031738439574837685,0.0,0.0,0.12014999985694885,0.29679998755455017,0.012999999336898327,0.0,0.0,0.0,0.13313253223896027,0.11219879984855652,0.11517857760190964
4985000,997,0.0,1.3792372941970825,-0.02127065882086754,-0.022811125963926315,0.003080932889133692,0.0,0.0,0.12359999865293503,0.3018999993801117,0.010300000198185444,0.0,0.0,0.0,0.1432228982448578,0.11731927841901779,0.11041667312383652
4990000,998,0.0,1.366208553314209,0.016507979482412338,0.014931690879166126,0.0031525769736617804,0.0,0.0,0.10144999623298645,0.3151499927043915,0.022199999541044235,0.0,0.0,0.0,0.11762048304080963,0.09487952291965485,0.09196428954601288
4995000,999,0.0,1.3764692544937134,-0.02146364562213421,-0.023022780194878578,0.0031182703096419573,0.0,0.0,0.10814999788999557,0.3174999952316284,0.01979999989271164,0.0,0.0,0.0,0.12259036302566528,0.10617469996213913,0.09583333879709244
5000000,1000,0.0,1.396889567375183,0.0018502785824239254,0.00029536819783970714,0.0031098208855837584,0.0,0.0,0.12024999409914017,0.30994999408721924,0.02005000039935112,0.0,0.0,0.0,0.1302710920572281,0.11716867983341217,0.11339285969734192
5005000,1001,0.0,1.3714754581451416,0.003161711385473609,0.0015272742602974176,0.0032688742503523827,0.0,0.0,0.08859999477863312,0.2800999879837036,0.03799999877810478,0.0,0.0,0.0,0.09638554602861404,0.09141566604375839,0.078125
5010000,1002,0.0,1.395993709564209,-0.016170337796211243,-0.01784556917846203,0.0033504616003483534,0.0,0.0,0.12079999595880508,0.27309998869895935,0.032249998301267624,0.0,0.0,0.0,0.13222892582416534,0.11746988445520401,0.11279762536287308
5015000,1003,0.0,1.4049131870269775,0.0018212171271443367,0.00014162788284011185,0.0033591785468161106,0.0,0.0,0.13224999606609344,0.252949982881546,0.018299998715519905,0.0,0.0,0.0,0.14593373239040375,0.12756024301052094,0.12336309999227524
5020000,1004,0.0,1.4086382389068604,-0.003599327988922596,-0.005221201106905937,0.0032437460031360388,0.0,0.0,0.12754999101161957,0.23929999768733978,0.015599999576807022,0.0,0.0,0.0,0.1364457905292511,0.12394578754901886,0.12232143431901932
5025000,1005,0.0,1.411765217781067,-0.009652198292315006,-0.011333274655044079,0.003362152725458145,0.0,0.0,0.15299999713897705,0.22074998915195465,0.004650000017136335,0.0,0.0,0.0,0.1653614491224289,0.1531626582145691,0.140625
5030000,1006,0.0,1.4075239896774292,-0.007977272383868694,-0.00950693804770708,0.003059331327676773,0.0,0.0,0.1467999964952469,0.21934999525547028,0.008999999612569809,0.0,0.0,0.0,0.15813253819942474,0.14653614163398743,0.13586309552192688
5035000,1007,0.0,1.4144902229309082,-0.0002751380670815706,-0.001713629113510251,0.002876982092857361,0.0,0.0,0.1444000005722046,0.21924999356269836,0.007849999703466892,0.0,0.0,0.0,0.1655120551586151,0.14156626164913177,0.12633928656578064
5040000,1008,0.0,1.4169527292251587,-0.00643901526927948,-0.0077873715199530125,0.0026967122685164213,0.0,0.0,0.15234999358654022,0.21709999442100525,0.00904999952763319,0.0,0.0,0.0,0.1638554185628891,0.15451808273792267,0.13883928954601288
5045000,1009,0.0,1.41434907913208,-0.007538521662354469,-0.009041497483849525,0.0030059516429901123,0.0,0.0,0.16804999113082886,0.2053999900817871,0.016349999234080315,0.0,0.0,0.0,0.17951807379722595,0.16189759969711304,0.16279762983322144
5050000,1010,0.0,1.408098816871643,-0.006451374851167202,-0.007952782325446606,0.00300281448289752,0.0,0.0,0.1551000028848648,0.20029999315738678,0.006550000049173832,0.0,0.0,0.0,0.17424699664115906,0.15000000596046448,0.14122024178504944
5055000,1011,0.0,1.4066174030303955,-0.003026079386472702,-0.004518568050116301,0.0029849775601178408,0.0,0.0,0.17979998886585236,0.20669999718666077,0.003949999809265137,0.0,0.0,0.0,0.19849398732185364,0.1760542243719101,0.16502976417541504
5060000,1012,0.0,1.401785135269165,-0.005872437730431557,-0.007429365534335375,0.0031138553749769926,0.0,0.0,0.16165000200271606,0.20239999890327454,0.016049999743700027,0.0,0.0,0.0,0.1715361475944519,0.15993976593017578,0.15357144176959991
5065000,1013,0.0,1.398147702217102,-0.012309413403272629,-0.013905251398682594,0.0031916757579892874,0.0,0.0,0.15279999375343323,0.20709998905658722,0.01464999932795763,0.0,0.0,0.0,0.1561747044324875,0.1546686738729477,0.14761905372142792
5070000,1014,0.0,1.4027683734893799,-0.00022109458222985268,-0.0018343277042731643,0.003226466244086623,0.0,0.0,0.15604999661445618,0.21089999377727509,0.020099999383091927,0.0,0.0,0.0,0.16490964591503143,0.15135543048381805,0.15193453431129456
5075000,1015,0.0,1.4213296175003052,-0.00806942768394947,-0.00958122219890356,0.0030235894955694675,0.0,0.0,0.17659999430179596,0.20884999632835388,0.005200000014156103,0.0,0.0,0.0,0.18042169511318207,0.17740964889526367,0.17202381789684296
5080000,1016,0.0,1.429794430732727,-0.008863452821969986,-0.010315685532987118,0.0029044649563729763,0.0,0.0,0.16749998927116394,0.20544999837875366,0.014499999582767487,0.0,0.0,0.0,0.17801205813884735,0.16506023705005646,0.15952381491661072
5085000,1017,0.0,1.4289989471435547,0.0017551543423905969,0.00019294815137982368,0.0031244123820215464,0.0,0.0,0.13130000233650208,0.19939999282360077,0.010599999688565731,0.0,0.0,0.0,0.14307229220867157,0.1289156675338745,0.1220238134264946
5090000,1018,0.0,1.4347431659698486,-0.007607517298310995,-0.009058394469320774,0.0029017545748502016,0.0,0.0,0.1124499961733818,0.19245000183582306,0.005450000055134296,0.0,0.0,0.0,0.11807229369878769,0.10948795080184937,0.10982143133878708
5095000,1019,0.0,1.411966323852539,-0.020046669989824295,-0.02151118963956833,0.0029290381353348494,0.0,0.0,0.09205000102519989,0.18344999849796295,0.015249999240040779,0.0,0.0,0.0,0.10225903987884521,0.09006024152040482,0.08392857760190964
5100000,1020,0.0,1.4076259136199951,-0.0499521940946579,-0.05162903293967247,0.0033536741975694895,0.0,0.0,0.08354999870061874,0.17874999344348907,0.013399999588727951,0.0,0.0,0.0,0.09578313678503036,0.07801204919815063,0.07693452388048172
5105000,1021,0.0,1.4245147705078125,-0.04321761056780815,-0.044838208705186844,0.0032411948777735233,0.0,0.0,0.09629999846220016,0.18859998881816864,0.013799999840557575,0.0,0.0,0.0,0.10075301676988602,0.09533132612705231,0.09285714477300644
5110000,1022,0.0,1.4384486675262451,-0.014938706532120705,-0.01624208316206932,0.0026067530270665884,0.0,0.0,0.11549999564886093,0.2053999900817871,0.00764999957755208,0.0,0.0,0.0,0.12304217368364334,0.1120481938123703,0.11145833879709244
5115000,1023,0.0,1.4195914268493652,0.002443370409309864,0.0010478191543370485,0.002791102509945631,0.0,0.0,0.0982000008225441,0.21619999408721924,0.008849999867379665,0.0,0.0,0.0,0.11475903540849686,0.09141566604375839,0.0885416716337204
5120000,1024,0.0,1.425746202468872,0.005712186452001333,0.004268026445060968,0.002888319781050086,0.0,0.0,0.1225999966263771,0.23919999599456787,0.008349999785423279,0.0,0.0,0.0,0.1387048214673996,0.11912650614976883,0.1101190522313118
5125000,1025,0.0,1.4196232557296753,-0.0098684998229146,-0.01128761749714613,0.0028382353484630585,0.0,0.0,0.1579499989748001,0.24069999158382416,0.0012499999720603228,0.0,0.0,0.0,0.18719880282878876,0.15000000596046448,0.1369047611951828
5130000,1026,0.0,1.40949285030365,-0.03485426679253578,-0.03639013692736626,0.0030717398039996624,0.0,0.0,0.17294999957084656,0.23269999027252197,0.0030499999411404133,0.0,0.0,0.0,0.19849398732185364,0.16942770779132843,0.15119047462940216
5135000,1027,0.0,1.4229427576065063,-0.06356317549943924,-0.06546389311552048,0.003801428945735097,0.0,0.0,0.1699499934911728,0.22369998693466187,0.0033499998971819878,0.0,0.0,0.0,0.1822289228439331,0.17018072307109833,0.15758928656578064
5140000,1028,0.0,1.4215724468231201,-0.07776878774166107,-0.07985108345746994,0.004164595622569323,0.0,0.0,0.1525999903678894,0.21199999749660492,0.007549999747425318,0.0,0.0,0.0,0.16867470741271973,0.14277108013629913,0.14642857015132904
5145000,1029,0.0,1.4300894737243652,-0.03874979168176651,-0.04028989002108574,0.003080193419009447,0.0,0.0,0.16614998877048492,0.19409999251365662,0.004050000105053186,0.0,0.0,0.0,0.17484940588474274,0.1700301170349121,0.15372024476528168
5150000,1030,0.0,1.4267364740371704,0.019733097404241562,0.01826595328748226,0.0029342875350266695,0.0,0.0,0.15824998915195465,0.1871500015258789,0.006300000008195639,0.0,0.0,0.0,0.16521084308624268,0.15527108311653137,0.15431548655033112
5155000,1031,0.0,1.4284069538116455,0.005154903512448072,0.0036311927251517773,0.0030474215745925903,0.0,0.0,0.14334999024868011,0.1936499923467636,0.011899999342858791,0.0,0.0,0.0,0.15135543048381805,0.14231927692890167,0.13645833730697632
5160000,1032,0.0,1.4104434251785278,-0.025033013895154,-0.026427218690514565,0.0027884088922291994,0.0,0.0,0.11569999903440475,0.1813499927520752,0.015149999409914017,0.0,0.0,0.0,0.12921686470508575,0.11310241371393204,0.1049107164144516
5165000,1033,0.0,1.406033992767334,-0.01960122212767601,-0.02091066539287567,0.0026188883930444717,0.0,0.0,0.11989999562501907,0.19134999811649323,0.009850000031292439,0.0,0.0,0.0,0.13629518449306488,0.11295180767774582,0.11056548357009888
5170000,1034,0.0,1.3916374444961548,-0.011680033057928085,-0.012926001101732254,0.00249193562194705,0.0,0.0,0.13030000030994415,0.18614999949932098,0.0023999998811632395,0.0,0.0,0.0,0.14036144316196442,0.1289156675338745,0.12172619253396988
5175000,1035,0.0,1.3609153032302856,-0.024007171392440796,-0.02544238790869713,0.0028704314026981592,0.0,0.0,0.09344999492168427,0.19314999878406525,0.019199999049305916,0.0,0.0,0.0,0.1028614491224289,0.09262048453092575,0.08497024327516556
5180000,1036,0.0,1.3561002016067505,-0.040512312203645706,-0.041952237486839294,0.0028798533603549004,0.0,0.0,0.09209999442100525,0.1798499971628189,0.010849999263882637,0.0,0.0,0.0,0.11445783078670502,0.08162650465965271,0.0803571492433548
5185000,1037,0.0,1.3645422458648682,-0.025713514536619186,-0.02717827633023262,0.002929524751380086,0.0,0.0,0.0729999989271164,0.19094999134540558,0.014449999667704105,0.0,0.0,0.0,0.08177711069583893,0.07108433544635773,0.0662202388048172
5190000,1038,0.0,1.4089863300323486,0.00248439097777009,0.0011483780108392239,0.002672026166692376,0.0,0.0,0.09094999730587006,0.2090499997138977,0.00624999962747097,0.0,0.0,0.0,0.10512048751115799,0.08810240775346756,0.07976190745830536
5195000,1039,0.0,1.4138578176498413,-5.10562676936388e-05,-0.0014788591070100665,0.0028556056786328554,0.0,0.0,0.08839999884366989,0.22360000014305115,0.007400000002235174,0.0,0.0,0.0,0.10105422139167786,0.08478915691375732,0.07946428656578064
5200000,1040,0.0,1.4224765300750732,-0.01729162223637104,-0.018745798617601395,0.0029083515983074903,0.0,0.0,0.09989999979734421,0.24504999816417694,0.0,0.0,0.0,0.0,0.11265060305595398,0.09548193216323853,0.09166666865348816
5205000,1041,0.0,1.4298229217529297,-0.04766448587179184,-0.04919540509581566,0.0030618354212492704,0.0,0.0,0.11459999531507492,0.26170000433921814,0.0,0.0,0.0,0.0,0.13478915393352509,0.10647590458393097,0.1026785746216774
5210000,1042,0.0,1.418426275253296,-0.10485271364450455,-0.10743671655654907,0.0051680076867341995,0.0,0.0,0.13449999690055847,0.26170000433921814,0.003949999809265137,0.0,0.0,0.0,0.16069278120994568,0.12334337830543518,0.11964286118745804
5215000,1043,0.0,1.4260952472686768,-0.04612740874290466,-0.047666363418102264,0.003077913075685501,0.0,0.0,0.14000000059604645,0.2364499866962433,0.005450000055134296,0.0,0.0,0.0,0.1585843414068222,0.13448795676231384,0.12708333134651184
5220000,1044,0.0,1.4354318380355835,0.03497077524662018,0.03347942233085632,0.0029827074613422155,0.0,0.0,0.15645000338554382,0.2110999971628189,0.0018500000005587935,0.0,0.0,0.0,0.1722891628742218,0.1493975967168808,0.14776785671710968
5225000,1045,0.0,1.4182990789413452,0.005660055670887232,0.004325784742832184,0.0026685416232794523,0.0,0.0,0.12759999930858612,0.19894999265670776,0.00925000011920929,0.0,0.0,0.0,0.147891566157341,0.125,0.1101190522313118
5230000,1046,0.0,1.4263261556625366,-0.034282486885786057,-0.035714492201805115,0.0028640078380703926,0.0,0.0,0.1383499950170517,0.21079999208450317,0.014399999752640724,0.0,0.0,0.0,0.15813253819942474,0.12680722773075104,0.1302083432674408
5235000,1047,0.0,1.4333264827728271,0.010559330694377422,0.009151970036327839,0.002814721781760454,0.0,0.0,0.13359999656677246,0.219200000166893,0.008999999612569809,0.0,0.0,0.0,0.14367470145225525,0.13237951695919037,0.12485119700431824
5240000,1048,0.0,1.4203462600708008,0.008935471065342426,0.007546186447143555,0.0027785685379058123,0.0,0.0,0.11445000022649765,0.2171499878168106,0.009750000201165676,0.0,0.0,0.0,0.1272590458393097,0.10813253372907639,0.10803572088479996
5245000,1049,0.0,1.4077789783477783,-0.008511085994541645,-0.009855781681835651,0.0026893916074186563,0.0,0.0,0.09884999692440033,0.22209998965263367,0.026149999350309372,0.0,0.0,0.0,0.11219879984855652,0.09262048453092575,0.09181547909975052
5250000,1050,0.0,1.4221351146697998,-0.022504597902297974,-0.023878395557403564,0.0027475962415337563,0.0,0.0,0.11494999378919601,0.22084999084472656,0.012799999676644802,0.0,0.0,0.0,0.12680722773075104,0.11310241371393204,0.10505952686071396
5255000,1051,0.0,1.4218354225158691,-0.028524551540613174,-0.02988010086119175,0.002711098873987794,0.0,0.0,0.11374999582767487,0.2211499959230423,0.026750000193715096,0.0,0.0,0.0,0.1272590458393097,0.1075301244854927,0.10654762387275696
5260000,1052,0.0,1.4089796543121338,-0.018329333513975143,-0.019651852548122406,0.0026450366713106632,0.0,0.0,0.09290000051259995,0.22360000014305115,0.022450000047683716,0.0,0.0,0.0,0.10391566157341003,0.09006024152040482,0.0848214328289032
5265000,1053,0.0,1.4331132173538208,-0.02042890153825283,-0.021673541516065598,0.002489279955625534,0.0,0.0,0.12879998981952667,0.23469999432563782,0.01954999938607216,0.0,0.0,0.0,0.13765060901641846,0.12756024301052094,0.1212797686457634
5270000,1054,0.0,1.4216536283493042,-0.019622070714831352,-0.02099314145743847,0.0027421426493674517,0.0,0.0,0.11755000054836273,0.23399999737739563,0.02174999937415123,0.0,0.0,0.0,0.13433735072612762,0.10798192769289017,0.11041667312383652
5275000,1055,0.0,1.4295958280563354,-0.014073844999074936,-0.0153444679453969,0.0025412454269826412,0.0,0.0,0.14634999632835388,0.2402999997138977,0.014349999837577343,0.0,0.0,0.0,0.1608433723449707,0.14292168617248535,0.1354166716337204
5280000,1056,0.0,1.428524136543274,-0.005422355141490698,-0.0068063377402722836,0.0027679651975631714,0.0,0.0,0.15079998970031738,0.24594999849796295,0.006850000005215406,0.0,0.0,0.0,0.15512049198150635,0.15045180916786194,0.14687500894069672
5285000,1057,0.0,1.4133265018463135,-0.006358141079545021,-0.00756737170740962,0.0024184612557291985,0.0,0.0,0.13169999420642853,0.26295000314712524,0.011099999770522118,0.0,0.0,0.0,0.15346385538578033,0.1212349459528923,0.1205357164144516
5290000,1058,0.0,1.413264274597168,-0.0030472329817712307,-0.00430970499292016,0.002524944255128503,0.0,0.0,0.12444999814033508,0.2761499881744385,0.01119999960064888,0.0,0.0,0.0,0.13780121505260468,0.12033132463693619,0.115327388048172
5295000,1059,0.0,1.4177305698394775,-0.010918576270341873,-0.012219894677400589,0.0026026377454400063,0.0,0.0,0.149849995970726,0.2658500075340271,0.008049999363720417,0.0,0.0,0.0,0.1753012090921402,0.1371987909078598,0.13720238208770752
5300000,1060,0.0,1.4188549518585205,-0.027738584205508232,-0.029095565900206566,0.0027139647863805294,0.0,0.0,0.15680000185966492,0.25474998354911804,0.013499999418854713,0.0,0.0,0.0,0.170783132314682,0.14804217219352722,0.15163691341876984
5305000,1061,0.0,1.4330061674118042,-0.06230888515710831,-0.0639587864279747,0.00329980393871665,0.0,0.0,0.148499995470047,0.22974999248981476,0.010849999263882637,0.0,0.0,0.0,0.1668674796819687,0.14111445844173431,0.1376488208770752
5310000,1062,0.0,1.4332226514816284,-0.08728079497814178,-0.0894821360707283,0.0044026863761246204,0.0,0.0,0.1383499950170517,0.22064998745918274,0.015699999406933784,0.0,0.0,0.0,0.14954820275306702,0.13207831978797913,0.13348214328289032
5315000,1063,0.0,1.4327501058578491,-0.0750008225440979,-0.07687454670667648,0.0037474464625120163,0.0,0.0,0.1354999989271164,0.22029998898506165,0.014549999497830868,0.0,0.0,0.0,0.14216867089271545,0.13659638166427612,0.12782739102840424
5320000,1064,0.0,1.443986177444458,-0.023186443373560905,-0.024564659222960472,0.0027564314659684896,0.0,0.0,0.1286499947309494,0.21435000002384186,0.012349999509751797,0.0,0.0,0.0,0.1379518061876297,0.12243976444005966,0.12559524178504944
5325000,1065,0.0,1.427104115486145,0.012035136111080647,0.010709794238209724,0.0026506842114031315,0.0,0.0,0.10464999824762344,0.2130499929189682,0.016899999231100082,0.0,0.0,0.0,0.12153615057468414,0.09849397838115692,0.09404762089252472
5330000,1066,0.0,1.426798701286316,-0.004231415688991547,-0.0054626623168587685,0.002462493721395731,0.0,0.0,0.09200000017881393,0.2188500016927719,0.014449999667704105,0.0,0.0,0.0,0.10572289675474167,0.08704819530248642,0.0833333358168602
5335000,1067,0.0,1.4215179681777954,-0.016438279300928116,-0.017598414793610573,0.0023202707525342703,0.0,0.0,0.07829999923706055,0.2082500010728836,0.009599999524652958,0.0,0.0,0.0,0.08478915691375732,0.07228916138410568,0.07782738655805588
5340000,1068,0.0,1.4206576347351074,-0.03300022333860397,-0.03428671881556511,0.0025729876942932606,0.0,0.0,0.07270000129938126,0.20794999599456787,0.014800000004470348,0.0,0.0,0.0,0.07996988296508789,0.071686752140522,0.06651785969734192
5345000,1069,0.0,1.4214982986450195,-0.03472578525543213,-0.03599904105067253,0.002546511357650161,0.0,0.0,0.07874999940395355,0.20839999616146088,0.016599999740719795,0.0,0.0,0.0,0.09111446142196655,0.07665662467479706,0.06860119104385376
5350000,1070,0.0,1.4427070617675781,-0.06202631816267967,-0.06363658607006073,0.003220538143068552,0.0,0.0,0.10334999859333038,0.22589999437332153,0.011949999257922173,0.0,0.0,0.0,0.11174698919057846,0.0968373492360115,0.10148809850215912
5355000,1071,0.0,1.4232163429260254,-0.03414744883775711,-0.035470373928546906,0.002645847387611866,0.0,0.0,0.09894999861717224,0.24574999511241913,0.006749999709427357,0.0,0.0,0.0,0.1097891554236412,0.09864457696676254,0.0885416716337204
5360000,1072,0.0,1.4075716733932495,0.01590847037732601,0.014567079022526741,0.002682782243937254,0.0,0.0,0.08460000157356262,0.26694998145103455,0.01589999906718731,0.0,0.0,0.0,0.09653614461421967,0.08268072456121445,0.07470238208770752
5365000,1073,0.0,1.4111281633377075,0.007143057882785797,0.005918773822486401,0.0024485685862600803,0.0,0.0,0.08419999480247498,0.26694998145103455,0.011599999852478504,0.0,0.0,0.0,0.09638554602861404,0.0777108445763588,0.07857143133878708
5370000,1074,0.0,1.4017988443374634,-0.017894085496664047,-0.019129889085888863,0.0024716064799576998,0.0,0.0,0.09245000034570694,0.2474999874830246,0.014699999243021011,0.0,0.0,0.0,0.10240963846445084,0.08524096757173538,0.08973214775323868
5375000,1075,0.0,1.4053980112075806,-0.016016211360692978,-0.0172849353402853,0.002537447027862072,0.0,0.0,0.09854999929666519,0.24859999120235443,0.01054999977350235,0.0,0.0,0.0,0.11475903540849686,0.08975903689861298,0.09122024476528168
5380000,1076,0.0,1.4227899312973022,-0.01203687209635973,-0.013149737380445004,0.0022257305681705475,0.0,0.0,0.11749999970197678,0.2369999885559082,0.01119999960064888,0.0,0.0,0.0,0.13132530450820923,0.1158132553100586,0.10550595819950104
5385000,1077,0.0,1.4226605892181396,-0.006277032196521759,-0.007482029497623444,0.0024099943693727255,0.0,0.0,0.10759999603033066,0.21445000171661377,0.012550000101327896,0.0,0.0,0.0,0.11972891539335251,0.10542169213294983,0.09776785969734192
5390000,1078,0.0,1.4315134286880493,-0.009316636249423027,-0.010516277514398098,0.0023992834612727165,0.0,0.0,0.1189499944448471,0.20764999091625214,0.012899999506771564,0.0,0.0,0.0,0.1396084427833557,0.108283132314682,0.10907738655805588
5395000,1079,0.0,1.4352118968963623,-0.02556692063808441,-0.026722729206085205,0.002311618300154805,0.0,0.0,0.12204999476671219,0.20809999108314514,0.009649999439716339,0.0,0.0,0.0,0.14051204919815063,0.11746988445520401,0.10833333432674408
5400000,1080,0.0,1.4347237348556519,-0.0615612156689167,-0.06308086216449738,0.003039292059838772,0.0,0.0,0.1384499967098236,0.2040499895811081,0.00904999952763319,0.0,0.0,0.0,0.1486445814371109,0.13750000298023224,0.12931548058986664
5405000,1081,0.0,1.4133570194244385,-0.07021699845790863,-0.07201647013425827,0.003598941722884774,0.0,0.0,0.13875000178813934,0.2020999938249588,0.011399999260902405,0.0,0.0,0.0,0.1525602489709854,0.13674698770046234,0.12708333134651184
5410000,1082,0.0,1.414450764656067,-0.01135199423879385,-0.012516660615801811,0.0023293320555239916,0.0,0.0,0.13324999809265137,0.20029999315738678,0.015449999831616879,0.0,0.0,0.0,0.14367470145225525,0.13990963995456696,0.11636905372142792
5415000,1083,0.0,1.4341096878051758,0.020003877580165863,0.01875489577651024,0.002497962908819318,0.0,0.0,0.131400004029274,0.20739999413490295,0.010300000198185444,0.0,0.0,0.0,0.147891566157341,0.1257530152797699,0.12068452686071396
5420000,1084,0.0,1.4269362688064575,0.005669532343745232,0.004487259779125452,0.0023645448964089155,0.0,0.0,0.12559999525547028,0.2117999941110611,0.011249999515712261,0.0,0.0,0.0,0.14231927692890167,0.1219879537820816,0.11264881491661072
5425000,1085,0.0,1.4426732063293457,-0.005715805105865002,-0.006823102477937937,0.0022145945113152266,0.0,0.0,0.1233999952673912,0.22859999537467957,0.012000000104308128,0.0,0.0,0.0,0.13765060901641846,0.12138554453849792,0.11130952835083008
5430000,1086,0.0,1.4292060136795044,-0.016832813620567322,-0.017967328429222107,0.0022690303158015013,0.0,0.0,0.10525000095367432,0.22859999537467957,0.010649999603629112,0.0,0.0,0.0,0.12289156764745712,0.09789156913757324,0.09508928656578064
5435000,1087,0.0,1.4373352527618408,-0.017470285296440125,-0.018510568886995316,0.0020805688109248877,0.0,0.0,0.11384999752044678,0.23160000145435333,0.012649999931454659,0.0,0.0,0.0,0.125,0.10888554155826569,0.10773809999227524
5440000,1088,0.0,1.4449739456176758,-0.03791414946317673,-0.0391915962100029,0.0025548930279910564,0.0,0.0,0.12559999525547028,0.2366499900817871,0.014999999664723873,0.0,0.0,0.0,0.12981927394866943,0.12620481848716736,0.12083333730697632
5445000,1089,0.0,1.4433218240737915,-0.07748493552207947,-0.07927490770816803,0.0035799399483948946,0.0,0.0,0.1331000030040741,0.23914998769760132,0.013449999503791332,0.0,0.0,0.0,0.14156626164913177,0.12771084904670715,0.13005952537059784
5450000,1090,0.0,1.4373036623001099,-0.13970674574375153,-0.14310868084430695,0.006803868804126978,0.0,0.0,0.11794999986886978,0.2591499984264374,0.011349999345839024,0.0,0.0,0.0,0.13283133506774902,0.1143072322010994,0.10684524476528168
5455000,1091,0.0,1.425471305847168,0.1081174835562706,0.1053917333483696,0.005451501347124577,0.0,0.0,0.10044999420642853,0.2653999924659729,0.014699999243021011,0.0,0.0,0.0,0.10496988147497177,0.10316265374422073,0.09330357611179352
5460000,1092,0.0,1.439400553703308,-0.06372728198766708,-0.0652172863483429,0.0029800047632306814,0.0,0.0,0.12964999675750732,0.25,0.007549999747425318,0.0,0.0,0.0,0.14111445844173431,0.12771084904670715,0.12023810297250748
5465000,1093,0.0,1.4467884302139282,-0.11737822741270065,-0.12083452194929123,0.006912590004503727,0.0,0.0,0.14274999499320984,0.24219998717308044,0.010499999858438969,0.0,0.0,0.0,0.15662650763988495,0.14397591352462769,0.12782739102840424
5470000,1094,0.0,1.4366562366485596,0.13146576285362244,0.12801729142665863,0.0068969433195889,0.0,0.0,0.14010000228881836,0.22540000081062317,0.012149999849498272,0.0,0.0,0.0,0.1563253104686737,0.13463856279850006,0.1294642835855484
5475000,1095,0.0,1.4461376667022705,-0.0293362345546484,-0.030471229925751686,0.002269989810883999,0.0,0.0,0.15995000302791595,0.21599999070167542,0.0019499999471008778,0.0,0.0,0.0,0.18614457547664642,0.14834336936473846,0.14553572237491608
5480000,1096,0.0,1.4306608438491821,-0.06157587468624115,-0.06319063901901245,0.003229526337236166,0.0,0.0,0.12459999322891235,0.23104999959468842,0.016649998724460602,0.0,0.0,0.0,0.1349397599697113,0.12786145508289337,0.11116071790456772
5485000,1097,0.0,1.446077585220337,0.09503472596406937,0.09267392009496689,0.0047216108068823814,0.0,0.0,0.12244999408721924,0.23804999887943268,0.005649999715387821,0.0,0.0,0.0,0.1349397599697113,0.11807229369878769,0.11443452537059784
5490000,1098,0.0,1.4238859415054321,-0.030376432463526726,-0.031658370047807693,0.0025638751685619354,0.0,0.0,0.09559999406337738,0.2414499968290329,0.014999999664723873,0.0,0.0,0.0,0.09939759224653244,0.09382530301809311,0.09360119700431824
5495000,1099,0.0,1.448499321937561,-0.058379050344228745,-0.05992111563682556,0.003084133844822645,0.0,0.0,0.10639999806880951,0.24684999883174896,0.010400000028312206,0.0,0.0,0.0,0.10722891986370087,0.10933735221624374,0.1026785746216774
5500000,1100,0.0,1.4400590658187866,0.06389518082141876,0.06218912824988365,0.0034121086355298758,0.0,0.0,0.11679999530315399,0.23569999635219574,0.01964999921619892,0.0,0.0,0.0,0.12981927394866943,0.11777108907699585,0.10297619551420212
5505000,1101,0.0,1.446219801902771,-0.019247092306613922,-0.020340990275144577,0.002187794540077448,0.0,0.0,0.1331000030040741,0.2298000007867813,0.020349999889731407,0.0,0.0,0.0,0.13885542750358582,0.13614457845687866,0.12440476566553116
5510000,1102,0.0,1.4545016288757324,-0.04888790100812912,-0.05035338178277016,0.0029309652745723724,0.0,0.0,0.1569499969482422,0.21814998984336853,0.008299999870359898,0.0,0.0,0.0,0.16987952589988708,0.15993976593017578,0.14122024178504944
5515000,1103,0.0,1.446486473083496,0.03434041142463684,0.033032141625881195,0.0026165382005274296,0.0,0.0,0.1428000032901764,0.21514999866485596,0.010599999688565731,0.0,0.0,0.0,0.1516566276550293,0.13599397242069244,0.14077381789684296
5520000,1104,0.0,1.4543064832687378,0.002206607488915324,0.0010952465236186981,0.002222721930593252,0.0,0.0,0.14489999413490295,0.21040000021457672,0.009649999439716339,0.0,0.0,0.0,0.1509036123752594,0.14307229220867157,0.14077381789684296
5525000,1105,0.0,1.451554298400879,-0.034293632954359055,-0.03557080775499344,0.002554347040131688,0.0,0.0,0.1440500020980835,0.21169999241828918,0.010400000028312206,0.0,0.0,0.0,0.14984939992427826,0.14352409541606903,0.13883928954601288
5530000,1106,0.0,1.4406507015228271,0.00827321782708168,0.007059525232762098,0.002427385887131095,0.0,0.0,0.12084999680519104,0.20729999244213104,0.019299998879432678,0.0,0.0,0.0,0.1310240924358368,0.11686747521162033,0.11473214626312256
5535000,1107,0.0,1.43533194065094,0.0025929673574864864,0.0014955020742490888,0.0021949305664747953,0.0,0.0,0.1054999977350235,0.20549999177455902,0.01589999906718731,0.0,0.0,0.0,0.11144578456878662,0.10466867685317993,0.1004464328289032
5540000,1108,0.0,1.4457136392593384,-0.01784965954720974,-0.018929073587059975,0.002158826682716608,0.0,0.0,0.1293499916791916,0.21559999883174896,0.013299999758601189,0.0,0.0,0.0,0.14006024599075317,0.12921686470508575,0.11889881640672684
5545000,1109,0.0,1.4315834045410156,0.004757868126034737,0.0036436710506677628,0.002228394616395235,0.0,0.0,0.12825000286102295,0.22084999084472656,0.009649999439716339,0.0,0.0,0.0,0.13810241222381592,0.12560240924358368,0.12113095819950104
5550000,1110,0.0,1.4117467403411865,-0.007102397736161947,-0.00814394373446703,0.0020830919966101646,0.0,0.0,0.11634999513626099,0.2256999909877777,0.026750000193715096,0.0,0.0,0.0,0.1296686828136444,0.11762048304080963,0.1019345298409462
5555000,1111,0.0,1.430396318435669,-0.006511317566037178,-0.007555314339697361,0.0020879930816590786,0.0,0.0,0.13319998979568481,0.22145000100135803,0.016300000250339508,0.0,0.0,0.0,0.14743976294994354,0.1396084427833557,0.11279762536287308
5560000,1112,0.0,1.4358391761779785,-0.0037900591269135475,-0.004828918259590864,0.0020777182653546333,0.0,0.0,0.1347000002861023,0.20354999601840973,0.016950000077486038,0.0,0.0,0.0,0.13825301826000214,0.12605421245098114,0.13973215222358704
5565000,1113,0.0,1.4521160125732422,-0.005697071552276611,-0.006681770086288452,0.0019693970680236816,0.0,0.0,0.14504998922348022,0.20424999296665192,0.010300000198185444,0.0,0.0,0.0,0.15060241520404816,0.14623494446277618,0.1383928656578064
5570000,1114,0.0,1.4371997117996216,-0.005759629420936108,-0.0068663801066577435,0.0022135013714432716,0.0,0.0,0.11490000039339066,0.21024999022483826,0.009949999861419201,0.0,0.0,0.0,0.1265060305595398,0.11897590756416321,0.09940476715564728
5575000,1115,0.0,1.4357861280441284,-0.004727124236524105,-0.005818312522023916,0.002182376105338335,0.0,0.0,0.10724999755620956,0.2149999886751175,0.00989999994635582,0.0,0.0,0.0,0.1219879537820816,0.10105422139167786,0.09880952537059784
5580000,1116,0.0,1.4470523595809937,-0.005624004174023867,-0.006599734537303448,0.0019514609593898058,0.0,0.0,0.13474999368190765,0.2409999966621399,0.013949999585747719,0.0,0.0,0.0,0.1493975967168808,0.1242469921708107,0.13065476715564728
5585000,1117,0.0,1.4401816129684448,-0.0036512878723442554,-0.004622087813913822,0.0019415999995544553,0.0,0.0,0.11979999393224716,0.22739998996257782,0.010449999943375587,0.0,0.0,0.0,0.12771084904670715,0.11551205068826675,0.11622024327516556
5590000,1118,0.0,1.4604724645614624,-0.0029752899426966906,-0.003895948641002178,0.0018413172801956534,0.0,0.0,0.13454999029636383,0.22264999151229858,0.00634999992325902,0.0,0.0,0.0,0.14578314125537872,0.12861445546150208,0.12931548058986664
5595000,1119,0.0,1.4457883834838867,-0.00904572382569313,-0.010007272474467754,0.0019230975303798914,0.0,0.0,0.1237499937415123,0.22779999673366547,0.011099999770522118,0.0,0.0,0.0,0.1394578367471695,0.12153615057468414,0.11041667312383652
5600000,1120,0.0,1.4426138401031494,-0.0015070197405293584,-0.0025281966663897038,0.0020423538517206907,0.0,0.0,0.11879999935626984,0.2398499995470047,0.008499999530613422,0.0,0.0,0.0,0.13087350130081177,0.11234939843416214,0.11324404925107956
5605000,1121,0.0,1.4334348440170288,-0.008606678806245327,-0.009649096056818962,0.0020848342683166265,0.0,0.0,0.12244999408721924,0.2532999813556671,0.013249999843537807,0.0,0.0,0.0,0.13825301826000214,0.11777108907699585,0.11145833879709244
5610000,1122,0.0,1.4479527473449707,-0.004386120475828648,-0.00535081559792161,0.0019293904770165682,0.0,0.0,0.12469999492168427,0.24879999458789825,0.0030499999411404133,0.0,0.0,0.0,0.14277108013629913,0.11536144465208054,0.1160714328289032
5615000,1123,0.0,1.4340062141418457,-0.005042297765612602,-0.005989135708659887,0.0018936755368486047,0.0,0.0,0.11719999462366104,0.27195000648498535,0.013449999503791332,0.0,0.0,0.0,0.1326807290315628,0.10993976145982742,0.10907738655805588
5620000,1124,0.0,1.4252389669418335,-0.004111296497285366,-0.005159990396350622,0.002097387332469225,0.0,0.0,0.11599999666213989,0.2779499888420105,0.007149999961256981,0.0,0.0,0.0,0.12530121207237244,0.11852409690618515,0.10431548207998276
5625000,1125,0.0,1.4227628707885742,-0.004455750808119774,-0.005522903986275196,0.002134306589141488,0.0,0.0,0.12114999443292618,0.2857999801635742,0.008049999363720417,0.0,0.0,0.0,0.12936747074127197,0.12063252925872803,0.11354167014360428
5630000,1126,0.0,1.439463496208191,-0.01196865551173687,-0.013037116266787052,0.0021369217429310083,0.0,0.0,0.14684998989105225,0.28369998931884766,0.004749999847263098,0.0,0.0,0.0,0.16204819083213806,0.14382530748844147,0.13482142984867096
5635000,1127,0.0,1.4387660026550293,-0.0006908426876179874,-0.0016390724340453744,0.001896459492854774,0.0,0.0,0.16624999046325684,0.2509499788284302,0.010950000025331974,0.0,0.0,0.0,0.17861446738243103,0.16295181214809418,0.15729166567325592
5640000,1128,0.0,1.4468114376068115,-0.004725981503725052,-0.005694490857422352,0.0019370189402252436,0.0,0.0,0.17549999058246613,0.21204999089241028,0.0050999997183680534,0.0,0.0,0.0,0.19036145508289337,0.17033132910728455,0.1659226268529892
5645000,1129,0.0,1.4349925518035889,-0.011702897027134895,-0.012670821510255337,0.00193584815133363,0.0,0.0,0.14634999632835388,0.1910499930381775,0.011899999342858791,0.0,0.0,0.0,0.1539156585931778,0.13689759373664856,0.14821429550647736
5650000,1130,0.0,1.4282522201538086,-0.002323688240721822,-0.003283418482169509,0.0019194605993106961,0.0,0.0,0.11914999783039093,0.18904998898506165,0.015549999661743641,0.0,0.0,0.0,0.12605421245098114,0.12078313529491425,0.11071428656578064
5655000,1131,0.0,1.434458613395691,-0.009308244101703167,-0.010343930684030056,0.002071373863145709,0.0,0.0,0.1151999980211258,0.19489999115467072,0.017799999564886093,0.0,0.0,0.0,0.12364458292722702,0.10617469996213913,0.11577381193637848
5660000,1132,0.0,1.450056791305542,-0.011792841367423534,-0.012667465955018997,0.0017492499900981784,0.0,0.0,0.11719999462366104,0.19574999809265137,0.01145000010728836,0.0,0.0,0.0,0.12484940141439438,0.11882530152797699,0.10803572088479996
5665000,1133,0.0,1.447434425354004,-0.0009057458955794573,-0.0018195135053247213,0.001827535219490528,0.0,0.0,0.11479999870061874,0.2069999873638153,0.003449999960139394,0.0,0.0,0.0,0.12756024301052094,0.11566264927387238,0.10133928805589676
5670000,1134,0.0,1.4291613101959229,-0.008912211284041405,-0.009775782003998756,0.0017271419055759907,0.0,0.0,0.09039999544620514,0.22419999539852142,0.015799999237060547,0.0,0.0,0.0,0.09653614461421967,0.09231927990913391,0.08244048058986664
5675000,1135,0.0,1.4316372871398926,-0.007156857289373875,-0.008048798888921738,0.0017838834319263697,0.0,0.0,0.0778999999165535,0.22709999978542328,0.00969999935477972,0.0,0.0,0.0,0.09322289377450943,0.07454819232225418,0.06607142835855484
5680000,1136,0.0,1.4482465982437134,-0.0049550822004675865,-0.005872182082384825,0.0018341999966651201,0.0,0.0,0.09884999692440033,0.22509999573230743,0.007049999665468931,0.0,0.0,0.0,0.1120481938123703,0.09698795527219772,0.08764881640672684
5685000,1137,0.0,1.4358657598495483,-0.006386687979102135,-0.007246566005051136,0.00171975651755929,0.0,0.0,0.09964999556541443,0.2061999887228012,0.011549999937415123,0.0,0.0,0.0,0.11295180767774582,0.09216867387294769,0.09389881044626236
5690000,1138,0.0,1.4412405490875244,-0.0034874395933002234,-0.0044291079975664616,0.0018833369249477983,0.0,0.0,0.12424999475479126,0.19489999115467072,0.01145000010728836,0.0,0.0,0.0,0.13433735072612762,0.1234939768910408,0.11502976715564728
5695000,1139,0.0,1.4311823844909668,-0.01476127840578556,-0.015745598822832108,0.001968641532585025,0.0,0.0,0.12619999051094055,0.187950000166893,0.013249999843537807,0.0,0.0,0.0,0.1349397599697113,0.12093373388051987,0.1227678582072258
5700000,1140,0.0,1.4440116882324219,0.005470344331115484,0.004472706932574511,0.001995275029912591,0.0,0.0,0.1352500021457672,0.19634999334812164,0.015199999324977398,0.0,0.0,0.0,0.14216867089271545,0.13328313827514648,0.13035714626312256
5705000,1141,0.0,1.4366228580474854,-0.010814639739692211,-0.011795658618211746,0.001962038455531001,0.0,0.0,0.1290999948978424,0.20144999027252197,0.005499999970197678,0.0,0.0,0.0,0.14081326127052307,0.12409638613462448,0.12247024476528168
5710000,1142,0.0,1.41936457157135,-0.006545991636812687,-0.00746998330578208,0.0018479834543541074,0.0,0.0,0.11794999986886978,0.21194998919963837,0.0182499997317791,0.0,0.0,0.0,0.13012048602104187,0.12093373388051987,0.10297619551420212
5715000,1143,0.0,1.42389714717865,-0.006360175088047981,-0.007297666743397713,0.001874983194284141,0.0,0.0,0.11464999616146088,0.2407499998807907,0.01614999957382679,0.0,0.0,0.0,0.12710843980312347,0.11174698919057846,0.10520833730697632
5720000,1144,0.0,1.4196689128875732,-0.003814955707639456,-0.004776421003043652,0.0019229307072237134,0.0,0.0,0.11759999394416809,0.2336999922990799,0.012000000104308128,0.0,0.0,0.0,0.13448795676231384,0.11731927841901779,0.1011904776096344
5725000,1145,0.0,1.4155441522598267,-0.008656216785311699,-0.009652434848248959,0.0019924361258745193,0.0,0.0,0.11574999988079071,0.2532999813556671,0.018799999728798866,0.0,0.0,0.0,0.12183735519647598,0.11701807379722595,0.10848214477300644
5730000,1146,0.0,1.4375981092453003,-0.0165245421230793,-0.017494874075055122,0.0019406642531976104,0.0,0.0,0.1521499902009964,0.2530499994754791,0.009599999524652958,0.0,0.0,0.0,0.17183735966682434,0.14653614163398743,0.13824404776096344
5735000,1147,0.0,1.4393421411514282,-0.003327416256070137,-0.004214107990264893,0.0017733832355588675,0.0,0.0,0.1362999975681305,0.252949982881546,0.0025499998591840267,0.0,0.0,0.0,0.13990963995456696,0.14051204919815063,0.12857143580913544
5740000,1148,0.0,1.437971591949463,-0.009974315762519836,-0.01084335707128048,0.0017380835488438606,0.0,0.0,0.12439999729394913,0.25429999828338623,0.00624999962747097,0.0,0.0,0.0,0.1334337443113327,0.12605421245098114,0.113839291036129
5745000,1149,0.0,1.4284164905548096,-0.014322292990982533,-0.015212301164865494,0.0017800170462578535,0.0,0.0,0.11229999363422394,0.24644999206066132,0.012399999424815178,0.0,0.0,0.0,0.11927711218595505,0.11069277673959732,0.10699405521154404
5750000,1150,0.0,1.4403603076934814,0.0023532132618129253,0.0014433402102440596,0.0018197463359683752,0.0,0.0,0.11994999647140503,0.22999998927116394,0.008049999363720417,0.0,0.0,0.0,0.12996987998485565,0.11475903540849686,0.11517857760190964
5755000,1151,0.0,1.466616153717041,0.02957949787378311,0.02853887900710106,0.002081237966194749,0.0,0.0,0.14459998905658722,0.22859999537467957,0.004650000017136335,0.0,0.0,0.0,0.15737952291965485,0.13750000298023224,0.13898810744285583
5760000,1152,0.0,1.4450749158859253,0.019404573366045952,0.018499596044421196,0.0018099553417414427,0.0,0.0,0.11169999837875366,0.23555000126361847,0.010300000198185444,0.0,0.0,0.0,0.12183735519647598,0.1006024107336998,0.11264881491661072
5765000,1153,0.0,1.4519888162612915,-0.026967326179146767,-0.027805674821138382,0.0016766971675679088,0.0,0.0,0.11954999715089798,0.22849999368190765,0.01209999993443489,0.0,0.0,0.0,0.11972891539335251,0.11671686917543411,0.12217262387275696
5770000,1154,0.0,1.443307876586914,-0.022522203624248505,-0.0233467947691679,0.0016491805436089635,0.0,0.0,0.1343500018119812,0.2333499938249588,0.01209999993443489,0.0,0.0,0.0,0.14593373239040375,0.1302710920572281,0.12693452835083008
5775000,1155,0.0,1.4294579029083252,0.002150551415979862,0.0012588364770635962,0.0017834296450018883,0.0,0.0,0.1367499977350235,0.23874999582767487,0.015650000423192978,0.0,0.0,0.0,0.13765060901641846,0.1325301229953766,0.14002977311611176
5780000,1156,0.0,1.4261897802352905,-0.0034235818311572075,-0.0042674061842262745,0.001687648706138134,0.0,0.0,0.14469999074935913,0.2430499941110611,0.013049999251961708,0.0,0.0,0.0,0.15602409839630127,0.1441265046596527,0.13407738506793976
5785000,1157,0.0,1.4235535860061646,-0.008548612706363201,-0.009429914876818657,0.0017626035260036588,0.0,0.0,0.142099991440773,0.2556000053882599,0.016599999740719795,0.0,0.0,0.0,0.1531626582145691,0.14804217219352722,0.12529762089252472
5790000,1158,0.0,1.4280611276626587,-0.006456389091908932,-0.007326762191951275,0.0017407458508387208,0.0,0.0,0.15119999647140503,0.2572999894618988,0.00969999935477972,0.0,0.0,0.0,0.16039156913757324,0.1539156585931778,0.13943453133106232
5795000,1159,0.0,1.4221259355545044,-0.0049746050499379635,-0.005787643603980541,0.0016260768752545118,0.0,0.0,0.14434999227523804,0.2536499798297882,0.019449999555945396,0.0,0.0,0.0,0.14352409541606903,0.14683735370635986,0.14270833134651184
5800000,1160,0.0,1.4319047927856445,-0.023320786654949188,-0.024148304015398026,0.001655033091083169,0.0,0.0,0.16869999468326569,0.2581000030040741,0.010149999521672726,0.0,0.0,0.0,0.16972891986370087,0.16731928288936615,0.16904762387275696
5805000,1161,0.0,1.4269453287124634,-0.04456719756126404,-0.04563508927822113,0.0021357834339141846,0.0,0.0,0.16785000264644623,0.2678999900817871,0.008899999782443047,0.0,0.0,0.0,0.16716867685317993,0.17243976891040802,0.16398809850215912
5810000,1162,0.0,1.4199538230895996,-0.03957687318325043,-0.04053029417991638,0.0019068416440859437,0.0,0.0,0.1448500007390976,0.28474998474121094,0.02355000004172325,0.0,0.0,0.0,0.14216867089271545,0.15180723369121552,0.140625
5815000,1163,0.0,1.437455415725708,-0.029455555602908134,-0.030313579365611076,0.0017160477582365274,0.0,0.0,0.12474999576807022,0.2800000011920929,0.009099999442696571,0.0,0.0,0.0,0.12846386432647705,0.12665662169456482,0.11919642984867096
5820000,1164,0.0,1.430562138557434,-0.057981036603450775,-0.05913630127906799,0.0023105288855731487,0.0,0.0,0.10544999688863754,0.2601499855518341,0.021299999207258224,0.0,0.0,0.0,0.10677710920572281,0.10451807081699371,0.10505952686071396
5825000,1165,0.0,1.412988305091858,-0.02253846451640129,-0.02340301312506199,0.001729098497889936,0.0,0.0,0.09524999558925629,0.24444998800754547,0.0251499991863966,0.0,0.0,0.0,0.10030120611190796,0.0861445814371109,0.09925595670938492
5830000,1166,0.0,1.4339007139205933,-0.04273509979248047,-0.04380476847290993,0.0021393364295363426,0.0,0.0,0.13099999725818634,0.25429999828338623,0.015699999406933784,0.0,0.0,0.0,0.12484940141439438,0.1463855504989624,0.12187500298023224
5835000,1167,0.0,1.4381717443466187,-0.03912627324461937,-0.040153343230485916,0.00205414230003953,0.0,0.0,0.13249999284744263,0.23959998786449432,0.013100000098347664,0.0,0.0,0.0,0.131174698472023,0.12635542452335358,0.1398809552192688
5840000,1168,0.0,1.4330012798309326,-0.009853373281657696,-0.01068047620356083,0.001654206425882876,0.0,0.0,0.13750000298023224,0.23420000076293945,0.020749999210238457,0.0,0.0,0.0,0.13765060901641846,0.14036144316196442,0.13452380895614624
5845000,1169,0.0,1.4263917207717896,0.0012811768101528287,0.00043585911043919623,0.0016906354576349258,0.0,0.0,0.1107499971985817,0.2382499873638153,0.014349999837577343,0.0,0.0,0.0,0.11626506596803665,0.10948795080184937,0.10654762387275696
5850000,1170,0.0,1.4091167449951172,-0.009946493431925774,-0.010744420811533928,0.0015958556905388832,0.0,0.0,0.10384999960660934,0.23639999330043793,0.025599999353289604,0.0,0.0,0.0,0.10632530599832535,0.10542169213294983,0.09985119104385376
5855000,1171,0.0,1.4355318546295166,-0.014966041781008244,-0.015790943056344986,0.0016498019685968757,0.0,0.0,0.12919999659061432,0.23439998924732208,0.012349999509751797,0.0,0.0,0.0,0.12243976444005966,0.1295180767774582,0.13556547462940216
5860000,1172,0.0,1.4322333335876465,0.00019084522500634193,-0.0005700408946722746,0.001521772239357233,0.0,0.0,0.10655000060796738,0.23434999585151672,0.01464999932795763,0.0,0.0,0.0,0.10527108609676361,0.10271084308624268,0.1116071492433548
5865000,1173,0.0,1.4495456218719482,-0.0014459072845056653,-0.0021430302876979113,0.001394246006384492,0.0,0.0,0.11589999496936798,0.22769999504089355,0.010049999691545963,0.0,0.0,0.0,0.11987952142953873,0.11536144465208054,0.11250000447034836
5870000,1174,0.0,1.4451026916503906,-0.013882164843380451,-0.01464640162885189,0.0015284735709428787,0.0,0.0,0.12314999848604202,0.21104998886585236,0.011899999342858791,0.0,0.0,0.0,0.12289156764745712,0.1272590458393097,0.11934524029493332
5875000,1175,0.0,1.433953881263733,-0.020621318370103836,-0.02138335444033146,0.001524073421023786,0.0,0.0,0.11969999969005585,0.19349999725818634,0.011249999515712261,0.0,0.0,0.0,0.1227409690618515,0.11837349832057953,0.11800595372915268
5880000,1176,0.0,1.4506710767745972,-0.0484822578728199,-0.049466319382190704,0.0019681204576045275,0.0,0.0,0.14739999175071716,0.19624999165534973,0.010099999606609344,0.0,0.0,0.0,0.15963855385780334,0.13825301826000214,0.1443452388048172
5885000,1177,0.0,1.4344710111618042,-0.08286530524492264,-0.08446794003248215,0.0032052688766270876,0.0,0.0,0.11109999567270279,0.18264999985694885,0.007349999621510506,0.0,0.0,0.0,0.1242469921708107,0.10722891986370087,0.1019345298409462
5890000,1178,0.0,1.4297722578048706,-0.014492950402200222,-0.015293117612600327,0.0016003339551389217,0.0,0.0,0.10379999876022339,0.19699999690055847,0.008549999445676804,0.0,0.0,0.0,0.11234939843416214,0.09382530301809311,0.10520833730697632
5895000,1179,0.0,1.4494892358779907,0.04941532388329506,0.04812271147966385,0.002585228066891432,0.0,0.0,0.125900000333786,0.21389999985694885,0.0030999998562037945,0.0,0.0,0.0,0.13885542750358582,0.11942771077156067,0.11949405074119568
5900000,1180,0.0,1.4354966878890991,0.045772165060043335,0.04458124563097954,0.002381835598498583,0.0,0.0,0.10634999722242355,0.20704999566078186,0.012199999764561653,0.0,0.0,0.0,0.1227409690618515,0.10346385836601257,0.0930059552192688
5905000,1181,0.0,1.4364820718765259,-0.05111604556441307,-0.05215928331017494,0.0020864729303866625,0.0,0.0,0.10125000029802322,0.20884999632835388,0.0030999998562037945,0.0,0.0,0.0,0.11521084606647491,0.09578313678503036,0.09285714477300644
5910000,1182,0.0,1.4415972232818604,-0.044546373188495636,-0.04558248817920685,0.002072233473882079,0.0,0.0,0.10014999657869339,0.21364998817443848,0.003499999875202775,0.0,0.0,0.0,0.111295185983181,0.09969879686832428,0.08958333730697632
5915000,1183,0.0,1.4368292093276978,0.018574515357613564,0.017696157097816467,0.0017567150061950088,0.0,0.0,0.10634999722242355,0.2462499886751175,0.011500000022351742,0.0,0.0,0.0,0.11385542154312134,0.10271084308624268,0.10252976417541504
5920000,1184,0.0,1.4451793432235718,0.01839626207947731,0.017558733001351357,0.0016750572249293327,0.0,0.0,0.10729999840259552,0.26600000262260437,0.00559999980032444,0.0,0.0,0.0,0.11325301229953766,0.1028614491224289,0.10580357909202576
5925000,1185,0.0,1.4483649730682373,0.02253875322639942,0.021589286625385284,0.0018989323871210217,0.0,0.0,0.11499999463558197,0.2563999891281128,0.007499999832361937,0.0,0.0,0.0,0.12063252925872803,0.11250000447034836,0.11190476268529892
5930000,1186,0.0,1.446506142616272,0.03423737734556198,0.033257585018873215,0.0019595869816839695,0.0,0.0,0.12074999511241913,0.2592499852180481,0.008299999870359898,0.0,0.0,0.0,0.1296686828136444,0.12168674916028976,0.11101190745830536
5935000,1187,0.0,1.434049129486084,0.005557812750339508,0.004797713365405798,0.0015201985370367765,0.0,0.0,0.11099999397993088,0.25325000286102295,0.015949999913573265,0.0,0.0,0.0,0.12033132463693619,0.1097891554236412,0.10297619551420212
5940000,1188,0.0,1.4559389352798462,0.002347044413909316,0.0016150427982211113,0.0014640033477917314,0.0,0.0,0.12144999951124191,0.21789999306201935,0.008750000037252903,0.0,0.0,0.0,0.12033132463693619,0.11596386134624481,0.127976194024086
5945000,1189,0.0,1.4486712217330933,-0.0026777242310345173,-0.0033436152152717113,0.0013317819684743881,0.0,0.0,0.09869999438524246,0.20260000228881836,0.007049999665468931,0.0,0.0,0.0,0.10090361535549164,0.09879518300294876,0.09642857313156128
5950000,1190,0.0,1.4449694156646729,-0.015651877969503403,-0.01638251543045044,0.0014612753875553608,0.0,0.0,0.0872499942779541,0.20430000126361847,0.014599999412894249,0.0,0.0,0.0,0.09397590905427933,0.08162650465965271,0.08616071939468384
5955000,1191,0.0,1.4514687061309814,-0.025519905611872673,-0.02620551735162735,0.0013712247600778937,0.0,0.0,0.09474999457597733,0.2033499926328659,0.009599999524652958,0.0,0.0,0.0,0.10075301676988602,0.09487952291965485,0.08869048207998276
5960000,1192,0.0,1.4400347471237183,-0.032246436923742294,-0.03305380046367645,0.0016147245187312365,0.0,0.0,0.0989999994635582,0.19499999284744263,0.013599999248981476,0.0,0.0,0.0,0.10105422139167786,0.10075301676988602,0.095238097012043
5965000,1193,0.0,1.442832350730896,-0.022313177585601807,-0.023006824776530266,0.0013872936833649874,0.0,0.0,0.11184999346733093,0.19099999964237213,0.01614999957382679,0.0,0.0,0.0,0.11340361833572388,0.1120481938123703,0.1101190522313118
5970000,1194,0.0,1.4391109943389893,0.0050879716873168945,0.004427015315741301,0.0013219129759818316,0.0,0.0,0.11364999413490295,0.203249990940094,0.023149998858571053,0.0,0.0,0.0,0.11701807379722595,0.11912650614976883,0.1049107164144516
5975000,1195,0.0,1.452956199645996,-0.0004161074757575989,-0.0010393218835815787,0.0012464288156479597,0.0,0.0,0.11969999969005585,0.2098499983549118,0.0035500000230968,0.0,0.0,0.0,0.1265060305595398,0.11686747521162033,0.11577381193637848
5980000,1196,0.0,1.4378613233566284,-0.013729211874306202,-0.014400165528059006,0.0013419074239209294,0.0,0.0,0.11580000072717667,0.2170500010251999,0.01954999938607216,0.0,0.0,0.0,0.12740963697433472,0.11144578456878662,0.1086309552192688
5985000,1197,0.0,1.4403305053710938,-0.018593067303299904,-0.019247185438871384,0.0013082375517114997,0.0,0.0,0.1335500031709671,0.23240000009536743,0.014699999243021011,0.0,0.0,0.0,0.13915662467479706,0.1371987909078598,0.12440476566553116
5990000,1198,0.0,1.4482121467590332,-0.0253366157412529,-0.026106618344783783,0.0015400060219690204,0.0,0.0,0.1356000006198883,0.23954999446868896,0.005949999671429396,0.0,0.0,0.0,0.15075302124023438,0.13388554751873016,0.12232143431901932
5995000,1199,0.0,1.4446532726287842,-0.06266772747039795,-0.06380357593297958,0.0022716994863003492,0.0,0.0,0.13429999351501465,0.24149999022483826,0.007799999788403511,0.0,0.0,0.0,0.147891566157341,0.1341867446899414,0.12098214775323868
6000000,1200,0.0,1.4476419687271118,-0.059066981077194214,-0.06011144816875458,0.002088935114443302,0.0,0.0,0.13079999387264252,0.22269999980926514,0.012899999506771564,0.0,0.0,0.0,0.14728915691375732,0.12590362131595612,0.11934524029493332
6005000,1201,0.0,1.4488788843154907,-0.0006074529956094921,-0.0012396527454257011,0.0012643994996324182,0.0,0.0,0.14305000007152557,0.1996999979019165,0.005499999970197678,0.0,0.0,0.0,0.15286144614219666,0.14292168617248535,0.13348214328289032
6010000,1202,0.0,1.4435968399047852,0.006670341361314058,0.006011364050209522,0.0013179548550397158,0.0,0.0,0.13759998977184296,0.17669999599456787,0.0018999999156221747,0.0,0.0,0.0,0.1516566276550293,0.1341867446899414,0.12708333134651184
6015000,1203,0.0,1.4362120628356934,-0.005327917635440826,-0.005990670062601566,0.0013255046214908361,0.0,0.0,0.11914999783039093,0.18074999749660492,0.016850000247359276,0.0,0.0,0.0,0.1310240924358368,0.1090361475944519,0.11741071939468384
6020000,1204,0.0,1.4430513381958008,0.0037115963641554117,0.003121257061138749,0.0011806786060333252,0.0,0.0,0.11654999852180481,0.17889998853206635,0.017400000244379044,0.0,0.0,0.0,0.13012048602104187,0.11114457994699478,0.10848214477300644
6025000,1205,0.0,1.452446460723877,0.022010115906596184,0.021340396255254745,0.0013394395355135202,0.0,0.0,0.11684999614953995,0.1830499917268753,0.01549999974668026,0.0,0.0,0.0,0.12454819679260254,0.11310241371393204,0.11294643580913544
6030000,1206,0.0,1.4373633861541748,0.060798529535532,0.05945093184709549,0.00269519304856658,0.0,0.0,0.11204999685287476,0.20544999837875366,0.020899999886751175,0.0,0.0,0.0,0.12605421245098114,0.10662651062011719,0.10357142984867096
6035000,1207,0.0,1.4370635747909546,0.08947020769119263,0.08739247918128967,0.00415545329451561,0.0,0.0,0.10349999368190765,0.21660000085830688,0.010849999263882637,0.0,0.0,0.0,0.11626506596803665,0.09623493999242783,0.09806548058986664
6040000,1208,0.0,1.4302579164505005,-0.021230213344097137,-0.021921539679169655,0.001382653252221644,0.0,0.0,0.09459999948740005,0.21834999322891235,0.00624999962747097,0.0,0.0,0.0,0.10722891986370087,0.09036144614219666,0.0863095298409462
6045000,1209,0.0,1.4311968088150024,-0.04269478842616081,-0.04347145929932594,0.0015533395344391465,0.0,0.0,0.10920000076293945,0.21329998970031738,0.005849999841302633,0.0,0.0,0.0,0.12078313529491425,0.09879518300294876,0.10803572088479996
6050000,1210,0.0,1.4173088073730469,0.04791122302412987,0.04677161946892738,0.0022792057134211063,0.0,0.0,0.090549997985363,0.22414998710155487,0.002849999815225601,0.0,0.0,0.0,0.10240963846445084,0.08795180916786194,0.08139881491661072
6055000,1211,0.0,1.4121640920639038,-0.030804090201854706,-0.03161027282476425,0.0016123669920489192,0.0,0.0,0.08449999988079071,0.21934999525547028,0.00764999957755208,0.0,0.0,0.0,0.10075301676988602,0.07274096459150314,0.08005952835083008
6060000,1212,0.0,1.4098776578903198,0.01662912778556347,0.015893826261162758,0.0014706022338941693,0.0,0.0,0.08889999985694885,0.23354999721050262,0.007849999703466892,0.0,0.0,0.0,0.1090361475944519,0.07590361684560776,0.0818452388048172
6065000,1213,0.0,1.4144341945648193,-0.0007490094285458326,-0.001443275366909802,0.0013885318767279387,0.0,0.0,0.10454999655485153,0.25699999928474426,0.01184999942779541,0.0,0.0,0.0,0.11250000447034836,0.10406626760959625,0.09717262536287308
6070000,1214,0.0,1.433218240737915,-0.05235555022954941,-0.05336606130003929,0.0020210249349474907,0.0,0.0,0.1289999932050705,0.2575500011444092,0.007599999662488699,0.0,0.0,0.0,0.13674698770046234,0.12831325829029083,0.1220238134264946
6075000,1215,0.0,1.4262334108352661,0.039152175188064575,0.038111474364995956,0.002081403974443674,0.0,0.0,0.12969999015331268,0.25509998202323914,0.01209999993443489,0.0,0.0,0.0,0.14201807975769043,0.12168674916028976,0.12544643878936768
6080000,1216,0.0,1.4187406301498413,-0.037623316049575806,-0.03880346193909645,0.0023602936416864395,0.0,0.0,0.11984999477863312,0.2536499798297882,0.015350000001490116,0.0,0.0,0.0,0.1304216831922531,0.1105421707034111,0.11860119551420212
6085000,1217,0.0,1.4291009902954102,0.04048469290137291,0.039594244211912155,0.0017808981938287616,0.0,0.0,0.12919999659061432,0.24644999206066132,0.01759999990463257,0.0,0.0,0.0,0.1448795199394226,0.13237951695919037,0.11056548357009888
6090000,1218,0.0,1.4459532499313354,-0.01059222873300314,-0.01127243135124445,0.0013604059349745512,0.0,0.0,0.13729999959468842,0.22219999134540558,0.0050999997183680534,0.0,0.0,0.0,0.13855421543121338,0.14006024599075317,0.13333334028720856
6095000,1219,0.0,1.4470387697219849,-0.08475235849618912,-0.0863824188709259,0.003260119119659066,0.0,0.0,0.12559999525547028,0.22694998979568481,0.01614999957382679,0.0,0.0,0.0,0.12771084904670715,0.12469879537820816,0.12440476566553116
6100000,1220,0.0,1.4451416730880737,0.08001929521560669,0.07814674079418182,0.0037451148964464664,0.0,0.0,0.11649999767541885,0.2326499968767166,0.013949999585747719,0.0,0.0,0.0,0.12168674916028976,0.11611445993185043,0.11175595968961716
6105000,1221,0.0,1.4490573406219482,-0.07338277250528336,-0.07600977271795273,0.005253996700048447,0.0,0.0,0.12489999830722809,0.21924999356269836,0.003000000026077032,0.0,0.0,0.0,0.13162650167942047,0.12740963697433472,0.11577381193637848
6110000,1222,0.0,1.441902756690979,0.11058604717254639,0.1082478016614914,0.0046764882281422615,0.0,0.0,0.13214999437332153,0.21875,0.008750000037252903,0.0,0.0,0.0,0.14216867089271545,0.131174698472023,0.12321428954601288
6115000,1223,0.0,1.4369183778762817,-0.0940747857093811,-0.09696713835000992,0.005784699693322182,0.0,0.0,0.1403999924659729,0.234049990773201,0.00774999987334013,0.0,0.0,0.0,0.1509036123752594,0.13298192620277405,0.13735119998455048
6120000,1224,0.0,1.441679835319519,0.14316783845424652,0.13964642584323883,0.007042838726192713,0.0,0.0,0.155349999666214,0.23474998772144318,0.008200000040233135,0.0,0.0,0.0,0.17274096608161926,0.14879518747329712,0.14464285969734192
6125000,1225,0.0,1.442210078239441,-0.04357341304421425,-0.04461507499217987,0.0020833259914070368,0.0,0.0,0.1392499953508377,0.23524999618530273,0.0050999997183680534,0.0,0.0,0.0,0.15436747670173645,0.1402108520269394,0.12336309999227524
6130000,1226,0.0,1.4227849245071411,-0.08306149393320084,-0.08463717997074127,0.003151370445266366,0.0,0.0,0.1251000016927719,0.24284999072551727,0.01334999967366457,0.0,0.0,0.0,0.13524097204208374,0.12093373388051987,0.11919642984867096
6135000,1227,0.0,1.4397635459899902,0.07697952538728714,0.07551423460245132,0.002930575981736183,0.0,0.0,0.13165000081062317,0.24129998683929443,0.0071000000461936,0.0,0.0,0.0,0.13328313827514648,0.13478915393352509,0.12693452835083008
6140000,1228,0.0,1.4450095891952515,0.002887534908950329,0.0021631622221320868,0.0014487456064671278,0.0,0.0,0.14720000326633453,0.2390500009059906,0.009449999779462814,0.0,0.0,0.0,0.15286144614219666,0.14503012597560883,0.14375001192092896
6145000,1229,0.0,1.4410905838012695,-0.05931391194462776,-0.06055045500397682,0.0024730833247303963,0.0,0.0,0.13634999096393585,0.22849999368190765,0.01145000010728836,0.0,0.0,0.0,0.1447289139032364,0.13358433544635773,0.13080357015132904
6150000,1230,0.0,1.4421552419662476,0.011693336069583893,0.011051047593355179,0.0012845778837800026,0.0,0.0,0.14784999191761017,0.219200000166893,0.009800000116229057,0.0,0.0,0.0,0.14668674767017365,0.14307229220867157,0.15372024476528168
6155000,1231,0.0,1.4226166009902954,0.021320829167962074,0.020452748984098434,0.0017361609498038888,0.0,0.0,0.11969999969005585,0.19534999132156372,0.015049999579787254,0.0,0.0,0.0,0.12665662169456482,0.12168674916028976,0.110863097012043
6160000,1232,0.0,1.445992112159729,-0.02991892769932747,-0.030689433217048645,0.001541009871289134,0.0,0.0,0.14919999241828918,0.18219999969005585,0.016699999570846558,0.0,0.0,0.0,0.1463855504989624,0.15271084010601044,0.14851191639900208
6165000,1233,0.0,1.4432817697525024,-0.004372033290565014,-0.00497560016810894,0.0012071335222572088,0.0,0.0,0.13109999895095825,0.18359999358654022,0.009850000031292439,0.0,0.0,0.0,0.12620481848716736,0.13298192620277405,0.13407738506793976
6170000,1234,0.0,1.4240463972091675,0.009732665494084358,0.009082612581551075,0.0013001060578972101,0.0,0.0,0.11514999717473984,0.1871500015258789,0.02449999935925007,0.0,0.0,0.0,0.12680722773075104,0.11852409690618515,0.10029762238264084
6175000,1235,0.0,1.4195643663406372,-0.0177072212100029,-0.018332701176404953,0.0012509581865742803,0.0,0.0,0.12479999661445618,0.1777999997138977,0.02174999937415123,0.0,0.0,0.0,0.13057228922843933,0.1212349459528923,0.12261905521154404
6180000,1236,0.0,1.4072941541671753,-0.007780496496707201,-0.008399869315326214,0.0012387458700686693,0.0,0.0,0.10480000078678131,0.19314999878406525,0.027300000190734863,0.0,0.0,0.0,0.1097891554236412,0.10150602459907532,0.10312500596046448
6185000,1237,0.0,1.4363329410552979,0.002796479035168886,0.0022461593616753817,0.001100639346987009,0.0,0.0,0.13159999251365662,0.20064999163150787,0.010799999348819256,0.0,0.0,0.0,0.14156626164913177,0.1242469921708107,0.12901785969734192
6190000,1238,0.0,1.4360407590866089,-0.008577120490372181,-0.009146099910140038,0.0011379580246284604,0.0,0.0,0.1168999969959259,0.21754999458789825,0.011149999685585499,0.0,0.0,0.0,0.1242469921708107,0.11415662616491318,0.112351194024086
6195000,1239,0.0,1.4493576288223267,-0.005732202902436256,-0.0062909298576414585,0.0011174543760716915,0.0,0.0,0.11954999715089798,0.22554999589920044,0.009599999524652958,0.0,0.0,0.0,0.11671686917543411,0.11912650614976883,0.1227678582072258
6200000,1240,0.0,1.4469796419143677,-0.002434433437883854,-0.002967016538605094,0.00106516620144248,0.0,0.0,0.1148499995470047,0.22834999859333038,0.00930000003427267,0.0,0.0,0.0,0.11566264927387238,0.11325301229953766,0.11562500149011612
6205000,1241,0.0,1.4465597867965698,-0.009693277068436146,-0.010280567221343517,0.0011745804222300649,0.0,0.0,0.11419999599456787,0.22754999995231628,0.012000000104308128,0.0,0.0,0.0,0.12831325829029083,0.1028614491224289,0.11145833879709244
6210000,1242,0.0,1.4263548851013184,-0.0009483426110818982,-0.0015295827761292458,0.001162480330094695,0.0,0.0,0.0961499959230423,0.21889999508857727,0.01730000041425228,0.0,0.0,0.0,0.10466867685317993,0.09382530301809311,0.0900297686457634
6215000,1243,0.0,1.4443490505218506,-0.00850658304989338,-0.009054009802639484,0.001094853738322854,0.0,0.0,0.10899999737739563,0.20749999582767487,0.012600000016391277,0.0,0.0,0.0,0.10783132910728455,0.10466867685317993,0.11443452537059784
6220000,1244,0.0,1.4331589937210083,-0.003974159248173237,-0.004497848451137543,0.001047378173097968,0.0,0.0,0.09914999455213547,0.20054998993873596,0.023749999701976776,0.0,0.0,0.0,0.10301204770803452,0.1013554260134697,0.09315476566553116
6225000,1245,0.0,1.439052939414978,-0.006027711555361748,-0.006598788313567638,0.0011421532835811377,0.0,0.0,0.10254999995231628,0.21104998886585236,0.01954999938607216,0.0,0.0,0.0,0.10933735221624374,0.10075301676988602,0.09761904925107956
6230000,1246,0.0,1.4455255270004272,-0.005095211789011955,-0.005599854979664087,0.0010092867305502295,0.0,0.0,0.1152999997138977,0.20954999327659607,0.013449999503791332,0.0,0.0,0.0,0.12138554453849792,0.1128012090921402,0.11175595968961716
6235000,1247,0.0,1.4570889472961426,-0.004153438378125429,-0.004664445295929909,0.0010220140684396029,0.0,0.0,0.120899997651577,0.20520000159740448,0.0024500000290572643,0.0,0.0,0.0,0.12620481848716736,0.11731927841901779,0.11919642984867096
6240000,1248,0.0,1.4451050758361816,-0.006009271834045649,-0.006539312656968832,0.0010600819950923324,0.0,0.0,0.11344999819993973,0.21514999866485596,0.008949999697506428,0.0,0.0,0.0,0.12228915840387344,0.11174698919057846,0.1063988134264946
6245000,1249,0.0,1.4458974599838257,-0.0056654540821909904,-0.006166812963783741,0.001002717763185501,0.0,0.0,0.10414999723434448,0.22084999084472656,0.005699999630451202,0.0,0.0,0.0,0.11475903540849686,0.09698795527219772,0.10074405372142792
6250000,1250,0.0,1.4332196712493896,-0.004886551760137081,-0.0054080612026154995,0.0010430188849568367,0.0,0.0,0.10569999366998672,0.23259998857975006,0.013650000095367432,0.0,0.0,0.0,0.11460843682289124,0.10150602459907532,0.10104166716337204
6255000,1251,0.0,1.4302293062210083,-0.010218244045972824,-0.010799704119563103,0.00116292096208781,0.0,0.0,0.10539999604225159,0.2256999909877777,0.008899999782443047,0.0,0.0,0.0,0.11219879984855652,0.10316265374422073,0.10089286416769028
6260000,1252,0.0,1.430393934249878,-0.0002926969900727272,-0.0008155719260685146,0.0010457498719915748,0.0,0.0,0.10534999519586563,0.2352999895811081,0.018400000408291817,0.0,0.0,0.0,0.11265060305595398,0.10240963846445084,0.10104166716337204
6265000,1253,0.0,1.425607442855835,-0.014461823739111423,-0.015057502314448357,0.001191356685012579,0.0,0.0,0.10224999487400055,0.2289000004529953,0.014099999330937862,0.0,0.0,0.0,0.12018072605133057,0.09081325680017471,0.09583333879709244
6270000,1254,0.0,1.4343628883361816,0.0037163926754146814,0.003193680429831147,0.0010454244911670685,0.0,0.0,0.10899999737739563,0.19564999639987946,0.004399999976158142,0.0,0.0,0.0,0.11972891539335251,0.10677710920572281,0.10059524327516556
6275000,1255,0.0,1.4596564769744873,-0.014013967476785183,-0.014492603950202465,0.0009572723065502942,0.0,0.0,0.12239999324083328,0.19814999401569366,0.0029499998781830072,0.0,0.0,0.0,0.12334337830543518,0.12620481848716736,0.11770834028720856
6280000,1256,0.0,1.4333245754241943,0.002249897923320532,0.001755321049131453,0.0009891539812088013,0.0,0.0,0.10554999858140945,0.19669999182224274,0.027699999511241913,0.0,0.0,0.0,0.11084337532520294,0.11250000447034836,0.09345238655805588
6285000,1257,0.0,1.4340680837631226,-0.011756635271012783,-0.012264520861208439,0.001015770947560668,0.0,0.0,0.10740000009536743,0.2016499936580658,0.016899999231100082,0.0,0.0,0.0,0.1212349459528923,0.10481928288936615,0.09627976268529892
6290000,1258,0.0,1.4462673664093018,-0.0029661166481673717,-0.0034772513899952173,0.001022269600071013,0.0,0.0,0.12809999287128448,0.21074999868869781,0.010799999348819256,0.0,0.0,0.0,0.141716867685318,0.12786145508289337,0.11488095670938492
6295000,1259,0.0,1.4505980014801025,-0.010023633018136024,-0.010492918081581593,0.000938569544814527,0.0,0.0,0.14194999635219574,0.19824999570846558,0.006899999920278788,0.0,0.0,0.0,0.15210843086242676,0.1387048214673996,0.13511905074119568
6300000,1260,0.0,1.43839430809021,-0.0013510064454749227,-0.0018375730141997337,0.0009731330792419612,0.0,0.0,0.12469999492168427,0.21289999783039093,0.01334999967366457,0.0,0.0,0.0,0.13222892582416534,0.1212349459528923,0.12068452686071396
6305000,1261,0.0,1.4292926788330078,-0.007187223061919212,-0.007697903085500002,0.0010213596979156137,0.0,0.0,0.12044999748468399,0.22269999980926514,0.025499999523162842,0.0,0.0,0.0,0.13659638166427612,0.11250000447034836,0.112351194024086
6310000,1262,0.0,1.4302974939346313,-0.005303654354065657,-0.005782815627753735,0.0009583228966221213,0.0,0.0,0.11800000071525574,0.24274998903274536,0.016300000250339508,0.0,0.0,0.0,0.13012048602104187,0.11415662616491318,0.10982143133878708
6315000,1263,0.0,1.4279687404632568,-0.006511350627988577,-0.006967057473957539,0.000911413342691958,0.0,0.0,0.11354999989271164,0.26684999465942383,0.01719999872148037,0.0,0.0,0.0,0.11912650614976883,0.11385542154312134,0.10773809999227524
6320000,1264,0.0,1.4287029504776,-0.007961709052324295,-0.008457484655082226,0.0009915510891005397,0.0,0.0,0.11639999598264694,0.2849999964237213,0.017999999225139618,0.0,0.0,0.0,0.12319277226924896,0.10948795080184937,0.11651786416769028
6325000,1265,0.0,1.4264354705810547,-0.0047737727873027325,-0.005260174628347158,0.0009728040313348174,0.0,0.0,0.10414999723434448,0.2692500054836273,0.011099999770522118,0.0,0.0,0.0,0.10481928288936615,0.10707831382751465,0.10059524327516556
6330000,1266,0.0,1.4158897399902344,-0.00416704174131155,-0.00467311916872859,0.001012154622003436,0.0,0.0,0.09549999982118607,0.2678000032901764,0.030249999836087227,0.0,0.0,0.0,0.10858433693647385,0.08569277077913284,0.0922619104385376
6335000,1267,0.0,1.4306873083114624,-0.013548203743994236,-0.013996273279190063,0.0008961393032222986,0.0,0.0,0.09989999979734421,0.24814999103546143,0.020250000059604645,0.0,0.0,0.0,0.1090361475944519,0.09969879686832428,0.09107143431901932
6340000,1268,0.0,1.4348151683807373,0.0012638886692002416,0.00078155955998227,0.0009646582184359431,0.0,0.0,0.09229999780654907,0.23240000009536743,0.0066999997943639755,0.0,0.0,0.0,0.0998494029045105,0.09246987849473953,0.08467262238264084
6345000,1269,0.0,1.418483018875122,-0.011522422544658184,-0.012070303782820702,0.0010957632912322879,0.0,0.0,0.0810999944806099,0.22179999947547913,0.010649999603629112,0.0,0.0,0.0,0.09397590905427933,0.07786145061254501,0.07157738506793976
6350000,1270,0.0,1.4164483547210693,-0.0019429440144449472,-0.0025122356601059437,0.001138583174906671,0.0,0.0,0.09544999897480011,0.20960000157356262,0.010449999943375587,0.0,0.0,0.0,0.11882530152797699,0.09307228773832321,0.07470238208770752
6355000,1271,0.0,1.4100085496902466,-0.010017387568950653,-0.010522433556616306,0.0010100920917466283,0.0,0.0,0.10099999606609344,0.20919999480247498,0.012749999761581421,0.0,0.0,0.0,0.11686747521162033,0.09367470443248749,0.09255952388048172
6360000,1272,0.0,1.4210716485977173,-0.009216363541781902,-0.0097492765635252,0.0010658267419785261,0.0,0.0,0.1067499965429306,0.2150999903678894,0.013799999840557575,0.0,0.0,0.0,0.1135542169213295,0.10165663063526154,0.10505952686071396
6365000,1273,0.0,1.433143138885498,0.009105765260756016,0.008578791283071041,0.0010539480717852712,0.0,0.0,0.1116499975323677,0.2121499925851822,0.010149999521672726,0.0,0.0,0.0,0.12515060603618622,0.10722891986370087,0.1026785746216774
6370000,1274,0.0,1.4224056005477905,0.0007599645177833736,0.0003179086488671601,0.000884111737832427,0.0,0.0,0.09549999982118607,0.24014998972415924,0.016899999231100082,0.0,0.0,0.0,0.10798192769289017,0.09201807528734207,0.08660714328289032
6375000,1275,0.0,1.4256317615509033,-0.005461561493575573,-0.005910319276154041,0.0008975155651569366,0.0,0.0,0.08569999784231186,0.2378999888896942,0.0139999995008111,0.0,0.0,0.0,0.09412650763988495,0.0846385583281517,0.07842262089252472
6380000,1276,0.0,1.4169243574142456,-0.013480366207659245,-0.013957719318568707,0.0009547054069116712,0.0,0.0,0.09354999661445618,0.2410999983549118,0.02290000021457672,0.0,0.0,0.0,0.09894578158855438,0.09352409839630127,0.08824405074119568
6385000,1277,0.0,1.4274460077285767,0.002297464292496443,0.0018474055686965585,0.0009001172729767859,0.0,0.0,0.10875000059604645,0.23555000126361847,0.019449999555945396,0.0,0.0,0.0,0.108283132314682,0.11039157211780548,0.10758928954601288
6390000,1278,0.0,1.4205801486968994,-0.007545615546405315,-0.007997198961675167,0.0009031667723320425,0.0,0.0,0.11229999363422394,0.2399500012397766,0.023349998518824577,0.0,0.0,0.0,0.11867470294237137,0.1105421707034111,0.10773809999227524
6395000,1279,0.0,1.416918396949768,-0.011164482682943344,-0.011648300103843212,0.0009676342597231269,0.0,0.0,0.12409999966621399,0.22269999980926514,0.01939999870955944,0.0,0.0,0.0,0.1424698829650879,0.11822289228439331,0.11175595968961716
6400000,1280,0.0,1.4256525039672852,-0.01821308769285679,-0.018664706498384476,0.0009032384841702878,0.0,0.0,0.12879998981952667,0.2287999987602234,0.01795000024139881,0.0,0.0,0.0,0.1426204890012741,0.12515060603618622,0.11875000596046448
6405000,1281,0.0,1.423964500427246,-0.013424369506537914,-0.013885552994906902,0.0009223676170222461,0.0,0.0,0.124549999833107,0.23314999043941498,0.013799999840557575,0.0,0.0,0.0,0.14111445844173431,0.11822289228439331,0.11443452537059784
6410000,1282,0.0,1.3848025798797607,-0.011889124289155006,-0.01243390142917633,0.0010895546292886138,0.0,0.0,0.10004999488592148,0.27254998683929443,0.010950000025331974,0.0,0.0,0.0,0.11671686917543411,0.09563253074884415,0.08794642984867096
6415000,1283,0.0,1.4250035285949707,-0.0010946174152195454,-0.0015208936529234052,0.0008525525918230414,0.0,0.0,0.12825000286102295,0.25564998388290405,0.007799999788403511,0.0,0.0,0.0,0.13704819977283478,0.12530121207237244,0.12247024476528168
6420000,1284,0.0,1.4089962244033813,-0.01161072589457035,-0.012123567052185535,0.0010256828973069787,0.0,0.0,0.09959999471902847,0.25724998116493225,0.005450000055134296,0.0,0.0,0.0,0.12364458292722702,0.09006024152040482,0.08526785671710968
6425000,1285,0.0,1.4071707725524902,-0.012015297077596188,-0.012449569068849087,0.0008685438078828156,0.0,0.0,0.09724999964237213,0.25029999017715454,0.009200000204145908,0.0,0.0,0.0,0.1120481938123703,0.09231927990913391,0.08750000596046448
6430000,1286,0.0,1.417245626449585,-0.006258618552237749,-0.00664923619478941,0.0007812354597263038,0.0,0.0,0.08874999731779099,0.22019998729228973,0.005200000014156103,0.0,0.0,0.0,0.09126506000757217,0.09051205217838287,0.08452381193637848
6435000,1287,0.0,1.4250316619873047,0.00996079295873642,0.00953545980155468,0.0008506669546477497,0.0,0.0,0.09059999883174896,0.21329998970031738,0.00484999967738986,0.0,0.0,0.0,0.09051205217838287,0.09201807528734207,0.0892857164144516
6440000,1288,0.0,1.4227925539016724,0.013187854550778866,0.012692557647824287,0.0009905935730785131,0.0,0.0,0.09929999709129333,0.1996999979019165,0.008949999697506428,0.0,0.0,0.0,0.10587349534034729,0.10165663063526154,0.09047619253396988
6445000,1289,0.0,1.4253805875778198,0.004358249716460705,0.00391765683889389,0.0008811861625872552,0.0,0.0,0.10669999569654465,0.1936499923467636,0.010950000025331974,0.0,0.0,0.0,0.11686747521162033,0.10466867685317993,0.09866071492433548
6450000,1290,0.0,1.4193035364151,-0.01692046783864498,-0.017369430512189865,0.0008979265112429857,0.0,0.0,0.11144999414682388,0.1928499937057495,0.014499999582767487,0.0,0.0,0.0,0.12289156764745712,0.10180722922086716,0.10967262089252472
6455000,1291,0.0,1.4395473003387451,-0.030118528753519058,-0.03063248284161091,0.0010279070120304823,0.0,0.0,0.13109999895095825,0.2082500010728836,0.010499999858438969,0.0,0.0,0.0,0.14578314125537872,0.1219879537820816,0.12559524178504944
6460000,1292,0.0,1.438078761100769,-0.026639709249138832,-0.027130218222737312,0.0009810173651203513,0.0,0.0,0.1168999969959259,0.22280000150203705,0.008949999697506428,0.0,0.0,0.0,0.12620481848716736,0.11370482295751572,0.110863097012043
6465000,1293,0.0,1.4173060655593872,-0.025712482631206512,-0.02619778923690319,0.000970613444224,0.0,0.0,0.09179999679327011,0.2423499971628189,0.021250000223517418,0.0,0.0,0.0,0.10451807081699371,0.0891566276550293,0.0818452388048172
6470000,1294,0.0,1.392509937286377,-0.022527050226926804,-0.02318708412349224,0.0013200691901147366,0.0,0.0,0.08545000106096268,0.21604999899864197,0.012449999339878559,0.0,0.0,0.0,0.09051205217838287,0.08222891390323639,0.08363095670938492
6475000,1295,0.0,1.432639241218567,-0.05360865220427513,-0.05440499261021614,0.0015926831401884556,0.0,0.0,0.11959999799728394,0.21400000154972076,0.017249999567866325,0.0,0.0,0.0,0.1272590458393097,0.11897590756416321,0.11264881491661072
6480000,1296,0.0,1.4259089231491089,-0.01649368368089199,-0.016984866932034492,0.0009823674336075783,0.0,0.0,0.11389999836683273,0.19634999334812164,0.010199999436736107,0.0,0.0,0.0,0.12364458292722702,0.10843373835086823,0.10967262089252472
6485000,1297,0.0,1.423745036125183,0.03355740010738373,0.03281913325190544,0.0014765359228476882,0.0,0.0,0.11289999634027481,0.18594999611377716,0.006000000052154064,0.0,0.0,0.0,0.12063252925872803,0.11716867983341217,0.10104166716337204
6490000,1298,0.0,1.4235659837722778,-0.009961647912859917,-0.010360990650951862,0.0007986846030689776,0.0,0.0,0.10189999639987946,0.18834999203681946,0.010049999691545963,0.0,0.0,0.0,0.10948795080184937,0.10496988147497177,0.09136904776096344
6495000,1299,0.0,1.4360793828964233,-0.032897304743528366,-0.03343928977847099,0.001083968672901392,0.0,0.0,0.1034500002861023,0.202799990773201,0.0024999999441206455,0.0,0.0,0.0,0.10707831382751465,0.09954819828271866,0.10372024029493332
6500000,1300,0.0,1.4255435466766357,0.015096389688551426,0.014615960419178009,0.0009608587133698165,0.0,0.0,0.09414999932050705,0.22974999248981476,0.017099998891353607,0.0,0.0,0.0,0.10256024450063705,0.09533132612705231,0.08467262238264084
6505000,1301,0.0,1.4215683937072754,-0.0028556357137858868,-0.0032532752957195044,0.0007952789310365915,0.0,0.0,0.10099999606609344,0.25634998083114624,0.014599999412894249,0.0,0.0,0.0,0.11551205068826675,0.09081325680017471,0.096726194024086
6510000,1302,0.0,1.4240658283233643,-0.027872536331415176,-0.028359388932585716,0.0009737068903632462,0.0,0.0,0.10569999366998672,0.2554999887943268,0.013049999251961708,0.0,0.0,0.0,0.11566264927387238,0.10496988147497177,0.09657738357782364
6515000,1303,0.0,1.4225506782531738,8.272181730717421e-07,-0.0004251592617947608,0.0008519729599356651,0.0,0.0,0.09314999729394913,0.24689999222755432,0.02449999935925007,0.0,0.0,0.0,0.09924699366092682,0.09397590905427933,0.0863095298409462
6520000,1304,0.0,1.439793348312378,0.013052177615463734,0.012623373419046402,0.0008576085674576461,0.0,0.0,0.1014999970793724,0.212349995970726,0.016999999061226845,0.0,0.0,0.0,0.10557229071855545,0.10165663063526154,0.09732143580913544
6525000,1305,0.0,1.4296799898147583,-0.01233736053109169,-0.012702851556241512,0.0007309826905839145,0.0,0.0,0.10875000059604645,0.19624999165534973,0.015449999831616879,0.0,0.0,0.0,0.11475903540849686,0.10768072307109833,0.10386905074119568
6530000,1306,0.0,1.425628900527954,-0.0336885042488575,-0.03422343730926514,0.0010698646074160933,0.0,0.0,0.11494999378919601,0.1955999881029129,0.026249999180436134,0.0,0.0,0.0,0.12213855981826782,0.12168674916028976,0.1011904776096344
6535000,1307,0.0,1.4266623258590698,-0.008197225630283356,-0.008620679378509521,0.0008469066233374178,0.0,0.0,0.10584999620914459,0.19454999268054962,0.005499999970197678,0.0,0.0,0.0,0.11596386134624481,0.09743975847959518,0.1041666716337204
6540000,1308,0.0,1.451286792755127,0.002807032782584429,0.0024559367448091507,0.0007021919009275734,0.0,0.0,0.12520000338554382,0.20594999194145203,0.008449999615550041,0.0,0.0,0.0,0.13237951695919037,0.12334337830543518,0.11994048207998276
6545000,1309,0.0,1.4564294815063477,-0.01588243991136551,-0.01624840311706066,0.0007319255964830518,0.0,0.0,0.11874999850988388,0.22414998710155487,0.007899999618530273,0.0,0.0,0.0,0.1272590458393097,0.12078313529491425,0.10833333432674408
6550000,1310,0.0,1.4470202922821045,-0.042619869112968445,-0.04312919080257416,0.0010186433792114258,0.0,0.0,0.10689999908208847,0.23349998891353607,0.01145000010728836,0.0,0.0,0.0,0.11370482295751572,0.09849397838115692,0.10848214477300644
6555000,1311,0.0,1.436370849609375,-0.07644646614789963,-0.07756386697292328,0.0022348074708133936,0.0,0.0,0.09685000032186508,0.22989998757839203,0.007049999665468931,0.0,0.0,0.0,0.10421686619520187,0.09442771226167679,0.09196428954601288
6560000,1312,0.0,1.4546273946762085,-0.027131879702210426,-0.027554256841540337,0.000844753987621516,0.0,0.0,0.10839999467134476,0.23954999446868896,0.00839999970048666,0.0,0.0,0.0,0.11837349832057953,0.10677710920572281,0.10014881193637848
6565000,1313,0.0,1.4437980651855469,0.00879890937358141,0.008405996486544609,0.0007858258322812617,0.0,0.0,0.09924999624490738,0.24214999377727509,0.0018999999156221747,0.0,0.0,0.0,0.10602410137653351,0.10587349534034729,0.08601190894842148
6570000,1314,0.0,1.4335542917251587,0.026448769494891167,0.02595110423862934,0.0009953288827091455,0.0,0.0,0.10339999943971634,0.2613999843597412,0.013249999843537807,0.0,0.0,0.0,0.11475903540849686,0.10015060752630234,0.09538690745830536
6575000,1315,0.0,1.4206860065460205,0.015555139631032944,0.015125325880944729,0.0008596265688538551,0.0,0.0,0.09714999794960022,0.2685999870300293,0.017500000074505806,0.0,0.0,0.0,0.10617469996213913,0.09201807528734207,0.09330357611179352
6580000,1316,0.0,1.4091978073120117,-0.028390927240252495,-0.028845103457570076,0.0009083535987883806,0.0,0.0,0.08269999921321869,0.268449991941452,0.02019999921321869,0.0,0.0,0.0,0.07936747372150421,0.0831325352191925,0.0855654776096344
6585000,1317,0.0,1.422965168952942,-0.048803169280290604,-0.049436308443546295,0.0012662757653743029,0.0,0.0,0.08935000002384186,0.24974998831748962,0.014750000089406967,0.0,0.0,0.0,0.09804216772317886,0.085391566157341,0.08467262238264084
6590000,1318,0.0,1.4353587627410889,-0.02679237723350525,-0.027185101062059402,0.000785446260124445,0.0,0.0,0.0949999988079071,0.22769999504089355,0.014549999497830868,0.0,0.0,0.0,0.09954819828271866,0.09081325680017471,0.09464286267757416
6595000,1319,0.0,1.42653489112854,-0.001357707311399281,-0.0017382791265845299,0.0007611436885781586,0.0,0.0,0.08954999595880508,0.21119999885559082,0.012649999931454659,0.0,0.0,0.0,0.08795180916786194,0.09111446142196655,0.08958333730697632
6600000,1320,0.0,1.4178677797317505,-0.008407305926084518,-0.008788135834038258,0.0007616589427925646,0.0,0.0,0.09394999593496323,0.1859000027179718,0.009850000031292439,0.0,0.0,0.0,0.10301204770803452,0.09171687066555023,0.08720238506793976
6605000,1321,0.0,1.4040718078613281,-0.028033465147018433,-0.02851305529475212,0.0009591797715984285,0.0,0.0,0.08839999884366989,0.19679999351501465,0.023649999871850014,0.0,0.0,0.0,0.09578313678503036,0.08117470145225525,0.08824405074119568
6610000,1322,0.0,1.4399631023406982,-0.03709646686911583,-0.0376245342195034,0.0010561349336057901,0.0,0.0,0.12060000002384186,0.19714999198913574,0.005049999803304672,0.0,0.0,0.0,0.1349397599697113,0.11701807379722595,0.10997024178504944
6615000,1323,0.0,1.4097408056259155,-0.04053748771548271,-0.04109727218747139,0.0011195710394531488,0.0,0.0,0.08734999597072601,0.2277499884366989,0.016599999740719795,0.0,0.0,0.0,0.10768072307109833,0.08207831531763077,0.07247024029493332
6620000,1324,0.0,1.4300733804702759,-0.012198938988149166,-0.012529644183814526,0.0006614111480303109,0.0,0.0,0.09784999489784241,0.22999998927116394,0.007699999958276749,0.0,0.0,0.0,0.10783132910728455,0.08945783227682114,0.09627976268529892
6625000,1325,0.0,1.4209009408950806,0.006377124227583408,0.006008120719343424,0.0007380072493106127,0.0,0.0,0.09389999508857727,0.235849991440773,0.01334999967366457,0.0,0.0,0.0,0.10045181214809418,0.0891566276550293,0.09211309999227524
6630000,1326,0.0,1.4159886837005615,0.020643727853894234,0.020188340917229652,0.0009107723017223179,0.0,0.0,0.09389999508857727,0.24584999680519104,0.012249999679625034,0.0,0.0,0.0,0.10813253372907639,0.08780120313167572,0.08586309850215912
6635000,1327,0.0,1.4231611490249634,0.02355649508535862,0.023089895024895668,0.000933201692532748,0.0,0.0,0.10679999738931656,0.22699999809265137,0.008949999697506428,0.0,0.0,0.0,0.1204819306731224,0.1006024107336998,0.09940476715564728
6640000,1328,0.0,1.413663387298584,-0.007420825771987438,-0.007773153483867645,0.0007046552491374314,0.0,0.0,0.10349999368190765,0.22644999623298645,0.016999999061226845,0.0,0.0,0.0,0.11370482295751572,0.09743975847959518,0.09940476715564728
6645000,1329,0.0,1.4459069967269897,-0.04657399281859398,-0.04716463387012482,0.0011812824523076415,0.0,0.0,0.1197500005364418,0.22454999387264252,0.0031999999191612005,0.0,0.0,0.0,0.13704819977283478,0.11370482295751572,0.1086309552192688
6650000,1330,0.0,1.4377467632293701,-0.08853880316019058,-0.08986962586641312,0.0026616398245096207,0.0,0.0,0.10785000026226044,0.23269999027252197,0.0026000000070780516,0.0,0.0,0.0,0.11611445993185043,0.1090361475944519,0.09851191192865372
6655000,1331,0.0,1.439178466796875,-0.0005154984537512064,-0.0008168476051650941,0.0006026982446201146,0.0,0.0,0.10130000114440918,0.2287999987602234,0.013049999251961708,0.0,0.0,0.0,0.11069277673959732,0.09924699366092682,0.09404762089252472
6660000,1332,0.0,1.4058929681777954,0.01698744110763073,0.01648023910820484,0.0010144056286662817,0.0,0.0,0.08449999988079071,0.23544999957084656,0.01899999938905239,0.0,0.0,0.0,0.10165663063526154,0.07575301080942154,0.07619047909975052
6665000,1333,0.0,1.401637077331543,-0.04683609679341316,-0.04741128906607628,0.0011503827990964055,0.0,0.0,0.07880000025033951,0.2549999952316284,0.025599999353289604,0.0,0.0,0.0,0.08900602906942368,0.07048192620277405,0.07693452388048172
6670000,1334,0.0,1.4131526947021484,-0.03108518011868,-0.031526774168014526,0.0008831867016851902,0.0,0.0,0.08114999532699585,0.2239999920129776,0.013449999503791332,0.0,0.0,0.0,0.09021084755659103,0.07906626909971237,0.07425595819950104
6675000,1335,0.0,1.4187428951263428,0.02830982208251953,0.02779592201113701,0.001027800957672298,0.0,0.0,0.0851999968290329,0.21409998834133148,0.013499999418854713,0.0,0.0,0.0,0.08930723369121552,0.08147590607404709,0.0848214328289032
6680000,1336,0.0,1.4116981029510498,-0.026620101183652878,-0.027057500556111336,0.0008747999672777951,0.0,0.0,0.08034999668598175,0.21559999883174896,0.008150000125169754,0.0,0.0,0.0,0.08524096757173538,0.08132530003786087,0.07455357164144516
6685000,1337,0.0,1.4099429845809937,-0.025704937055706978,-0.026179848238825798,0.0009498229483142495,0.0,0.0,0.07364999502897263,0.22814999520778656,0.012899999506771564,0.0,0.0,0.0,0.08704819530248642,0.0640060231089592,0.0699404776096344
6690000,1338,0.0,1.4125220775604248,0.010393969714641571,0.009966402314603329,0.0008551341597922146,0.0,0.0,0.07885000109672546,0.25029999017715454,0.009649999439716339,0.0,0.0,0.0,0.07996988296508789,0.0777108445763588,0.0788690522313118
6695000,1339,0.0,1.4062602519989014,-0.011302857659757137,-0.011649456806480885,0.0006931989337317646,0.0,0.0,0.08590000122785568,0.2642499804496765,0.01964999921619892,0.0,0.0,0.0,0.09487952291965485,0.08509036153554916,0.07782738655805588
6700000,1340,0.0,1.415862798690796,-0.01494508795440197,-0.015250942669808865,0.000611709663644433,0.0,0.0,0.09674999862909317,0.26315000653266907,0.017149999737739563,0.0,0.0,0.0,0.1013554260134697,0.09231927990913391,0.09657738357782364
6705000,1341,0.0,1.4045443534851074,0.005518186371773481,0.005135036539286375,0.0007662998978048563,0.0,0.0,0.08864999562501907,0.2607499957084656,0.02005000039935112,0.0,0.0,0.0,0.09743975847959518,0.08177711069583893,0.08675595372915268
6710000,1342,0.0,1.4039781093597412,-0.008841761387884617,-0.00921617355197668,0.0007488241535611451,0.0,0.0,0.0921499952673912,0.25325000286102295,0.023000000044703484,0.0,0.0,0.0,0.09487952291965485,0.08509036153554916,0.09642857313156128
6715000,1343,0.0,1.396507978439331,-0.007900222204625607,-0.008277521468698978,0.0007545992848463356,0.0,0.0,0.08664999902248383,0.2451999932527542,0.017349999397993088,0.0,0.0,0.0,0.10090361535549164,0.08072289079427719,0.07842262089252472
6720000,1344,0.0,1.4111524820327759,-0.00023090641479939222,-0.0005586058250628412,0.0006553988205268979,0.0,0.0,0.0892999991774559,0.2295999974012375,0.01964999921619892,0.0,0.0,0.0,0.09518072754144669,0.08704819530248642,0.08571428805589676
6725000,1345,0.0,1.4126310348510742,0.02118047885596752,0.020664028823375702,0.0010329006472602487,0.0,0.0,0.08545000106096268,0.22484999895095825,0.01145000010728836,0.0,0.0,0.0,0.09653614461421967,0.07936747372150421,0.08050595223903656
6730000,1346,0.0,1.3884364366531372,-0.007795353885740042,-0.00813112873584032,0.0006715497584082186,0.0,0.0,0.06924999505281448,0.24079999327659607,0.03784999996423721,0.0,0.0,0.0,0.07213855534791946,0.06506024301052094,0.07053571939468384
6735000,1347,0.0,1.4183194637298584,-0.03646122291684151,-0.03690526634454727,0.0008880836539901793,0.0,0.0,0.085999995470047,0.25165000557899475,0.013199999928474426,0.0,0.0,0.0,0.09503012150526047,0.08027108758687973,0.08273810148239136
6740000,1348,0.0,1.4222691059112549,0.012249425053596497,0.011872122064232826,0.000754606444388628,0.0,0.0,0.10040000081062317,0.2590999901294708,0.007199999876320362,0.0,0.0,0.0,0.10527108609676361,0.09939759224653244,0.09657738357782364
6745000,1349,0.0,1.4298579692840576,0.008408740162849426,0.00810294784605503,0.0006115849246270955,0.0,0.0,0.10724999755620956,0.2515999972820282,0.012749999761581421,0.0,0.0,0.0,0.10783132910728455,0.1097891554236412,0.1041666716337204
6750000,1350,0.0,1.3997505903244019,-0.028116965666413307,-0.028558174148201942,0.0008824163232930005,0.0,0.0,0.08354999870061874,0.2433999925851822,0.008750000037252903,0.0,0.0,0.0,0.08644578605890274,0.07891566306352615,0.08526785671710968
6755000,1351,0.0,1.4178690910339355,0.00386009830981493,0.0035163797438144684,0.0006874371320009232,0.0,0.0,0.10740000009536743,0.2175999879837036,0.006899999920278788,0.0,0.0,0.0,0.11942771077156067,0.10376506298780441,0.09910714626312256
6760000,1352,0.0,1.429054856300354,0.0015122081385925412,0.0011720048496499658,0.0006804066360928118,0.0,0.0,0.11729999631643295,0.20385000109672546,0.015199999324977398,0.0,0.0,0.0,0.12560240924358368,0.11234939843416214,0.11398810148239136
6765000,1353,0.0,1.4177372455596924,-0.014542684890329838,-0.0148808928206563,0.0006764149875380099,0.0,0.0,0.11134999990463257,0.20419999957084656,0.014699999243021011,0.0,0.0,0.0,0.11521084606647491,0.11099398136138916,0.1078869104385376
6770000,1354,0.0,1.4212956428527832,-0.019827894866466522,-0.020144030451774597,0.0006322719855234027,0.0,0.0,0.09059999883174896,0.21629999577999115,0.013150000013411045,0.0,0.0,0.0,0.09427711367607117,0.0891566276550293,0.08839286118745804
6775000,1355,0.0,1.4203128814697266,-0.006341440603137016,-0.006607658229768276,0.0005324350204318762,0.0,0.0,0.07970000058412552,0.21809999644756317,0.016850000247359276,0.0,0.0,0.0,0.08358433842658997,0.07665662467479706,0.0788690522313118
6780000,1356,0.0,1.4097421169281006,-0.00540769612416625,-0.005678946152329445,0.0005424999981187284,0.0,0.0,0.07009999454021454,0.22540000081062317,0.014949999749660492,0.0,0.0,0.0,0.07274096459150314,0.06837349385023117,0.0691964328289032
6785000,1357,0.0,1.4188330173492432,-0.008247863501310349,-0.008508740924298763,0.0005217548459768295,0.0,0.0,0.07189999520778656,0.23359999060630798,0.008200000040233135,0.0,0.0,0.0,0.07786145061254501,0.07018072158098221,0.0677083358168602
6790000,1358,0.0,1.4200595617294312,-0.018933527171611786,-0.019219353795051575,0.0005716547020711005,0.0,0.0,0.0828000009059906,0.23009999096393585,0.010099999606609344,0.0,0.0,0.0,0.09141566604375839,0.08057229220867157,0.07648809999227524
6795000,1359,0.0,1.4238605499267578,-0.027114054188132286,-0.027454368770122528,0.0006806306773796678,0.0,0.0,0.09879999607801437,0.23384998738765717,0.011949999257922173,0.0,0.0,0.0,0.09864457696676254,0.10798192769289017,0.08988095819950104
6800000,1360,0.0,1.4250997304916382,-0.04622117429971695,-0.04674580693244934,0.0010492628207430243,0.0,0.0,0.09964999556541443,0.2471499890089035,0.007199999876320362,0.0,0.0,0.0,0.09743975847959518,0.10346385836601257,0.09806548058986664
6805000,1361,0.0,1.4112001657485962,-0.04506972059607506,-0.04562325030565262,0.0011070582550019026,0.0,0.0,0.09939999878406525,0.241799995303154,0.008700000122189522,0.0,0.0,0.0,0.11475903540849686,0.09623493999242783,0.08735119551420212
6810000,1362,0.0,1.4255387783050537,0.011126814410090446,0.010809000581502914,0.0006356275407597423,0.0,0.0,0.1099499985575676,0.2220499962568283,0.010649999603629112,0.0,0.0,0.0,0.1150602400302887,0.10406626760959625,0.11071428656578064
6815000,1363,0.0,1.4164296388626099,0.014271991327404976,0.013903960585594177,0.0007360612507909536,0.0,0.0,0.10170000046491623,0.19984999299049377,0.010350000113248825,0.0,0.0,0.0,0.10692771524190903,0.09789156913757324,0.10029762238264084
6820000,1364,0.0,1.4314212799072266,-0.002049991860985756,-0.002317683072760701,0.0005353821907192469,0.0,0.0,0.10249999910593033,0.19904999434947968,0.011049999855458736,0.0,0.0,0.0,0.10587349534034729,0.09789156913757324,0.10372024029493332
6825000,1365,0.0,1.4267131090164185,-0.018633129075169563,-0.018926510587334633,0.0005867641302756965,0.0,0.0,0.0940999984741211,0.19629999995231628,0.017999999225139618,0.0,0.0,0.0,0.09894578158855438,0.09789156913757324,0.0855654776096344
6830000,1366,0.0,1.4219437837600708,-0.02145448327064514,-0.021734759211540222,0.0005605531623587012,0.0,0.0,0.085999995470047,0.1939999908208847,0.00925000011920929,0.0,0.0,0.0,0.09231927990913391,0.0746987983584404,0.09092262387275696
6835000,1367,0.0,1.4183342456817627,-0.015263800509274006,-0.01551597099751234,0.0005043409182690084,0.0,0.0,0.08064999431371689,0.18914999067783356,0.009349999949336052,0.0,0.0,0.0,0.08734939992427826,0.08192770928144455,0.07276786118745804
6840000,1368,0.0,1.4195172786712646,-0.024307480081915855,-0.024609990417957306,0.0006050222436897457,0.0,0.0,0.08374999463558197,0.19689999520778656,0.017749998718500137,0.0,0.0,0.0,0.09051205217838287,0.08102409541606903,0.07976190745830536
6845000,1369,0.0,1.423797369003296,-0.056533217430114746,-0.0571909099817276,0.0013153876643627882,0.0,0.0,0.09160000085830688,0.20479999482631683,0.015599999576807022,0.0,0.0,0.0,0.10707831382751465,0.08554217219352722,0.08229167014360428
6850000,1370,0.0,1.4176912307739258,-0.0808262750506401,-0.08189388364553452,0.0021352169569581747,0.0,0.0,0.09824999421834946,0.22384999692440033,0.007349999621510506,0.0,0.0,0.0,0.1120481938123703,0.08930723369121552,0.09345238655805588
6855000,1371,0.0,1.4252092838287354,0.031593263149261475,0.031085697934031487,0.001015127869322896,0.0,0.0,0.10369999706745148,0.24819999933242798,0.010999999940395355,0.0,0.0,0.0,0.10512048751115799,0.10331325232982635,0.1026785746216774
6860000,1372,0.0,1.4357513189315796,0.010519326664507389,0.010218637064099312,0.000601379491854459,0.0,0.0,0.10714999586343765,0.2549000084400177,0.010099999606609344,0.0,0.0,0.0,0.1158132553100586,0.10391566157341003,0.10178571939468384
6865000,1373,0.0,1.4126496315002441,-0.03888407722115517,-0.03929455205798149,0.0008209525840356946,0.0,0.0,0.0807499960064888,0.25165000557899475,0.013100000098347664,0.0,0.0,0.0,0.085391566157341,0.07966867834329605,0.07723214477300644
6870000,1374,0.0,1.419542670249939,-0.022030074149370193,-0.022336961701512337,0.0006137769669294357,0.0,0.0,0.07809999585151672,0.24489998817443848,0.00925000011920929,0.0,0.0,0.0,0.0846385583281517,0.07349397987127304,0.07619047909975052
6875000,1375,0.0,1.4247549772262573,-0.010027915239334106,-0.010301873087882996,0.0005479159881360829,0.0,0.0,0.07649999856948853,0.2305999994277954,0.01054999977350235,0.0,0.0,0.0,0.08283133059740067,0.07033132761716843,0.07633928954601288
6880000,1376,0.0,1.4079620838165283,0.0003450535878073424,6.043004759703763e-05,0.0005692470585927367,0.0,0.0,0.07539999485015869,0.2219499945640564,0.01954999938607216,0.0,0.0,0.0,0.07740963995456696,0.0762048214673996,0.07261905074119568
6885000,1377,0.0,1.4062974452972412,-0.009394567459821701,-0.009698684327304363,0.0006082332693040371,0.0,0.0,0.08150000125169754,0.20454999804496765,0.017899999395012856,0.0,0.0,0.0,0.08975903689861298,0.07500000298023224,0.07976190745830536
6890000,1378,0.0,1.4322233200073242,-0.0047867875546216965,-0.005063486285507679,0.0005533969961106777,0.0,0.0,0.10379999876022339,0.20629999041557312,0.010400000028312206,0.0,0.0,0.0,0.10466867685317993,0.10542169213294983,0.10133928805589676
6895000,1379,0.0,1.423036813735962,0.002545526484027505,0.002289842115715146,0.0005113686202093959,0.0,0.0,0.09709999710321426,0.20374999940395355,0.00634999992325902,0.0,0.0,0.0,0.1097891554236412,0.09111446142196655,0.09047619253396988
6900000,1380,0.0,1.416593074798584,-0.004355159588158131,-0.004603137262165546,0.0004959555226378143,0.0,0.0,0.09609999507665634,0.2141999900341034,0.012949999421834946,0.0,0.0,0.0,0.10677710920572281,0.08659638464450836,0.09494047611951828
6905000,1381,0.0,1.4241173267364502,-0.014124632813036442,-0.014370251446962357,0.0004912377335131168,0.0,0.0,0.11180000007152557,0.22929999232292175,0.005849999841302633,0.0,0.0,0.0,0.11897590756416321,0.1120481938123703,0.10446429252624512
6910000,1382,0.0,1.420069694519043,-0.01079578511416912,-0.01103002019226551,0.0004684700397774577,0.0,0.0,0.10409999638795853,0.23754999041557312,0.005549999885261059,0.0,0.0,0.0,0.11987952142953873,0.09141566604375839,0.10104166716337204
6915000,1383,0.0,1.411302924156189,-0.0008964613662101328,-0.0011323069920763373,0.00047169122262857854,0.0,0.0,0.09754999727010727,0.2519499957561493,0.013849999755620956,0.0,0.0,0.0,0.1135542169213295,0.0906626507639885,0.0885416716337204
6920000,1384,0.0,1.4215164184570312,-0.007565237581729889,-0.007765012793242931,0.00039954998646862805,0.0,0.0,0.10080000013113022,0.23889999091625214,0.012000000104308128,0.0,0.0,0.0,0.10963855683803558,0.09653614461421967,0.09627976268529892
6925000,1385,0.0,1.4144071340560913,-0.01976022869348526,-0.020010340958833694,0.0005002254038117826,0.0,0.0,0.09594999998807907,0.2329999953508377,0.01915000006556511,0.0,0.0,0.0,0.10662651062011719,0.09337349236011505,0.08794642984867096
6930000,1386,0.0,1.4128673076629639,-0.04809810593724251,-0.04861756041646004,0.001038911403156817,0.0,0.0,0.08709999918937683,0.21279999613761902,0.008549999445676804,0.0,0.0,0.0,0.09126506000757217,0.08373494446277618,0.0863095298409462
6935000,1387,0.0,1.395950198173523,-0.05155337229371071,-0.052167460322380066,0.0012281733797863126,0.0,0.0,0.08214999735355377,0.20340000092983246,0.02345000021159649,0.0,0.0,0.0,0.09864457696676254,0.0746987983584404,0.07321428507566452
6940000,1388,0.0,1.398238182067871,-0.0053126197308301926,-0.005595413967967033,0.0005655882996506989,0.0,0.0,0.09075000137090683,0.20184999704360962,0.028349999338388443,0.0,0.0,0.0,0.10090361535549164,0.0876506045460701,0.08377976715564728
6945000,1389,0.0,1.4039922952651978,0.01590200699865818,0.015555227175354958,0.000693557842168957,0.0,0.0,0.08179999887943268,0.21239998936653137,0.01939999870955944,0.0,0.0,0.0,0.09201807528734207,0.07966867834329605,0.07380952686071396
6950000,1390,0.0,1.421571135520935,0.000844307360239327,0.0006122684571892023,0.0004640778061002493,0.0,0.0,0.09470000118017197,0.21594999730587006,0.008799999952316284,0.0,0.0,0.0,0.10256024450063705,0.08644578605890274,0.09508928656578064
6955000,1391,0.0,1.410886526107788,-0.017131973057985306,-0.017405826598405838,0.0005477082449942827,0.0,0.0,0.07894999533891678,0.23594999313354492,0.007400000002235174,0.0,0.0,0.0,0.08855421841144562,0.07123494148254395,0.07708333432674408
6960000,1392,0.0,1.4166886806488037,-0.006260248366743326,-0.006487694568932056,0.0004548925207927823,0.0,0.0,0.07959999889135361,0.23594999313354492,0.0026000000070780516,0.0,0.0,0.0,0.08569277077913284,0.08237951993942261,0.07083333283662796
6965000,1393,0.0,1.4210065603256226,-0.0038965765852481127,-0.004131617024540901,0.00047008070396259427,0.0,0.0,0.09434999525547028,0.24194999039173126,0.005649999715387821,0.0,0.0,0.0,0.10436747223138809,0.09036144614219666,0.08839286118745804
6970000,1394,0.0,1.4187278747558594,0.005892919842153788,0.005649366416037083,0.0004871065029874444,0.0,0.0,0.093299999833107,0.24854999780654907,0.011399999260902405,0.0,0.0,0.0,0.10692771524190903,0.08825301378965378,0.0848214328289032
6975000,1395,0.0,1.4218071699142456,0.04235350713133812,0.041692838072776794,0.0013213392812758684,0.0,0.0,0.10134999454021454,0.24754999577999115,0.005750000011175871,0.0,0.0,0.0,0.11159639060497284,0.0998494029045105,0.09270833432674408
6980000,1396,0.0,1.403874397277832,0.03993953391909599,0.039329033344984055,0.0012210001004859805,0.0,0.0,0.1030999943614006,0.2451999932527542,0.01054999977350235,0.0,0.0,0.0,0.12153615057468414,0.09623493999242783,0.09166666865348816
6985000,1397,0.0,1.423888921737671,-0.04369625449180603,-0.044158026576042175,0.0009235464967787266,0.0,0.0,0.13429999351501465,0.23314999043941498,0.007999999448657036,0.0,0.0,0.0,0.14216867089271545,0.12740963697433472,0.13333334028720856
6990000,1398,0.0,1.4130109548568726,-0.03408290445804596,-0.034477293491363525,0.0007887799292802811,0.0,0.0,0.12364999949932098,0.22454999387264252,0.008949999697506428,0.0,0.0,0.0,0.13930723071098328,0.1158132553100586,0.11592262238264084
6995000,1399,0.0,1.4147533178329468,0.015460333786904812,0.015104467049241066,0.0007117331260815263,0.0,0.0,0.10399999469518661,0.21490000188350677,0.009649999439716339,0.0,0.0,0.0,0.11009036004543304,0.10527108609676361,0.096726194024086
7000000,1400,0.0,1.43491530418396,0.015604453161358833,0.01528527494519949,0.0006383556756190956,0.0,0.0,0.1160999983549118,0.21144999563694,0.006149999797344208,0.0,0.0,0.0,0.12319277226924896,0.11174698919057846,0.11339285969734192
7005000,1401,0.0,1.4315385818481445,-0.010087721049785614,-0.010303374379873276,0.0004313067183829844,0.0,0.0,0.10399999469518661,0.2122499942779541,0.00774999987334013,0.0,0.0,0.0,0.10647590458393097,0.10225903987884521,0.10327381640672684
7010000,1402,0.0,1.421975016593933,-0.015528835356235504,-0.015733279287815094,0.0004088881250936538,0.0,0.0,0.08954999595880508,0.21024999022483826,0.011549999937415123,0.0,0.0,0.0,0.10120481997728348,0.08237951993942261,0.08511905372142792
7015000,1403,0.0,1.4274667501449585,-0.0001011228741845116,-0.00029370421543717384,0.0003851626825053245,0.0,0.0,0.08824999630451202,0.2199999988079071,0.007849999703466892,0.0,0.0,0.0,0.09156626462936401,0.08900602906942368,0.08422619104385376
7020000,1404,0.0,1.4288781881332397,-0.002408475149422884,-0.0025671289768069983,0.00031730765476822853,0.0,0.0,0.08765000104904175,0.22994999587535858,0.013150000013411045,0.0,0.0,0.0,0.09593373537063599,0.08524096757173538,0.0818452388048172
7025000,1405,0.0,1.4254214763641357,-0.006503816694021225,-0.006701957434415817,0.0003962812770623714,0.0,0.0,0.08940000087022781,0.24409998953342438,0.00989999994635582,0.0,0.0,0.0,0.09412650763988495,0.08719879388809204,0.08690476417541504
7030000,1406,0.0,1.419627070426941,-0.020486528053879738,-0.02073018066585064,0.0004873058060184121,0.0,0.0,0.08709999918937683,0.2533999979496002,0.010249999351799488,0.0,0.0,0.0,0.10180722922086716,0.08102409541606903,0.07857143133878708
7035000,1407,0.0,1.4123190641403198,-0.0547979399561882,-0.05541578307747841,0.0012356898514553905,0.0,0.0,0.08190000057220459,0.24914999306201935,0.00484999967738986,0.0,0.0,0.0,0.09743975847959518,0.07153614610433578,0.07678572088479996
7040000,1408,0.0,1.4249213933944702,-0.03854556381702423,-0.03894374147057533,0.0007963560638017952,0.0,0.0,0.0880500003695488,0.23294998705387115,0.0016999999061226845,0.0,0.0,0.0,0.10090361535549164,0.08343373984098434,0.07991071790456772
7045000,1409,0.0,1.41717529296875,0.016776051372289658,0.01648823171854019,0.0005756382015533745,0.0,0.0,0.09999999403953552,0.2255999892950058,0.006599999964237213,0.0,0.0,0.0,0.10963855683803558,0.09487952291965485,0.09553571790456772
7050000,1410,0.0,1.4269099235534668,0.02443142607808113,0.02408134937286377,0.0007001518388278782,0.0,0.0,0.1078999936580658,0.23474998772144318,0.006599999964237213,0.0,0.0,0.0,0.1212349459528923,0.09819277375936508,0.10431548207998276
7055000,1411,0.0,1.4158616065979004,0.0014310473343357444,0.0011794331949204206,0.0005032282788306475,0.0,0.0,0.09934999793767929,0.25619998574256897,0.006949999835342169,0.0,0.0,0.0,0.10662651062011719,0.09412650763988495,0.09732143580913544
7060000,1412,0.0,1.409831166267395,-0.03057493455708027,-0.03090706653892994,0.0006642622174695134,0.0,0.0,0.08684999495744705,0.2680499851703644,0.006149999797344208,0.0,0.0,0.0,0.10030120611190796,0.07906626909971237,0.08125000447034836
7065000,1413,0.0,1.408093810081482,-0.055318817496299744,-0.05587337538599968,0.0011091191554442048,0.0,0.0,0.07874999940395355,0.284199982881546,0.014949999749660492,0.0,0.0,0.0,0.09563253074884415,0.06822289526462555,0.07247024029493332
7070000,1414,0.0,1.4168074131011963,-0.053486160933971405,-0.05399779975414276,0.0010232808999717236,0.0,0.0,0.08630000054836273,0.28039997816085815,0.01795000024139881,0.0,0.0,0.0,0.09367470443248749,0.08222891390323639,0.08303571492433548
7075000,1415,0.0,1.4285839796066284,-0.0038767552468925714,-0.004118320997804403,0.00048313167644664645,0.0,0.0,0.10159999877214432,0.2561500072479248,0.017149999737739563,0.0,0.0,0.0,0.11099398136138916,0.10301204770803452,0.09092262387275696
7080000,1416,0.0,1.4316571950912476,0.00924278050661087,0.009002679027616978,0.0004802028997801244,0.0,0.0,0.11019999533891678,0.2147499918937683,0.0139999995008111,0.0,0.0,0.0,0.12364458292722702,0.10587349534034729,0.1011904776096344
7085000,1417,0.0,1.4317032098770142,-0.016959765926003456,-0.01724620908498764,0.0005728869582526386,0.0,0.0,0.11514999717473984,0.1923999935388565,0.010199999436736107,0.0,0.0,0.0,0.12394578754901886,0.11566264927387238,0.10595238208770752
7090000,1418,0.0,1.4252681732177734,-0.0028286962769925594,-0.003046763828024268,0.0004361351893749088,0.0,0.0,0.09889999777078629,0.18554998934268951,0.013249999843537807,0.0,0.0,0.0,0.10798192769289017,0.0975903645157814,0.09122024476528168
7095000,1419,0.0,1.4216628074645996,0.015250482596457005,0.014983153901994228,0.0005346582038328052,0.0,0.0,0.08069999516010284,0.18554998934268951,0.0251499991863966,0.0,0.0,0.0,0.08975903689861298,0.08072289079427719,0.07172619551420212
7100000,1420,0.0,1.4304155111312866,0.0031694865319877863,0.0029552611522376537,0.00042845067218877375,0.0,0.0,0.08869999647140503,0.19299998879432678,0.01589999906718731,0.0,0.0,0.0,0.09728915989398956,0.0831325352191925,0.08571428805589676
7105000,1421,0.0,1.4402551651000977,0.006247925106436014,0.0060278926976025105,0.0004400645266287029,0.0,0.0,0.10394999384880066,0.20269998908042908,0.008999999612569809,0.0,0.0,0.0,0.111295185983181,0.10692771524190903,0.09375
7110000,1422,0.0,1.4276793003082275,0.013769659213721752,0.013523013330996037,0.0004932925803586841,0.0,0.0,0.09910000115633011,0.2246999889612198,0.012999999336898327,0.0,0.0,0.0,0.10256024450063705,0.09698795527219772,0.09776785969734192
7115000,1423,0.0,1.4259449243545532,0.013329601846635342,0.013084333389997482,0.0004905377281829715,0.0,0.0,0.10844999551773071,0.2247999906539917,0.0038999998942017555,0.0,0.0,0.0,0.11250000447034836,0.10783132910728455,0.10505952686071396
7120000,1424,0.0,1.4321337938308716,0.009263587184250355,0.009054389782249928,0.0004183952114544809,0.0,0.0,0.10929999500513077,0.23469999432563782,0.00699999975040555,0.0,0.0,0.0,0.11400602757930756,0.10662651062011719,0.10729166865348816
7125000,1425,0.0,1.4175350666046143,-0.003980136010795832,-0.00414725998416543,0.00033424756838940084,0.0,0.0,0.10159999877214432,0.23804999887943268,0.013949999585747719,0.0,0.0,0.0,0.10918674618005753,0.09503012150526047,0.10059524327516556
7130000,1426,0.0,1.4200353622436523,-0.012096441350877285,-0.012261134572327137,0.0003293862391728908,0.0,0.0,0.10809999704360962,0.24174998700618744,0.013100000098347664,0.0,0.0,0.0,0.11114457994699478,0.108283132314682,0.1049107164144516
7135000,1427,0.0,1.4322872161865234,-0.041312817484140396,-0.0417131632566452,0.0008006948046386242,0.0,0.0,0.11454999446868896,0.24404999613761902,0.010400000028312206,0.0,0.0,0.0,0.11671686917543411,0.10933735221624374,0.1175595298409462
7140000,1428,0.0,1.4147841930389404,-0.03196650743484497,-0.03232511505484581,0.0007172119221650064,0.0,0.0,0.1002499982714653,0.2324499934911728,0.016850000247359276,0.0,0.0,0.0,0.10346385836601257,0.09819277375936508,0.09910714626312256
7145000,1429,0.0,1.4081134796142578,-0.017473319545388222,-0.017727673053741455,0.0005087053868919611,0.0,0.0,0.08889999985694885,0.23524999618530273,0.0210999995470047,0.0,0.0,0.0,0.09849397838115692,0.07966867834329605,0.0885416716337204
7150000,1430,0.0,1.4304119348526,-0.014995582401752472,-0.015185335651040077,0.00037950571277178824,0.0,0.0,0.09699999541044235,0.22294999659061432,0.0064999996684491634,0.0,0.0,0.0,0.10677710920572281,0.09412650763988495,0.09017857164144516
7155000,1431,0.0,1.4181087017059326,-0.05439211428165436,-0.05493706092238426,0.0010898896725848317,0.0,0.0,0.09449999779462814,0.22664999961853027,0.019099999219179153,0.0,0.0,0.0,0.094578318297863,0.09246987849473953,0.09642857313156128
7160000,1432,0.0,1.408433198928833,-0.03969815745949745,-0.04011727124452591,0.0008382247760891914,0.0,0.0,0.0913499966263771,0.21629999577999115,0.017349999397993088,0.0,0.0,0.0,0.09262048453092575,0.08493976294994354,0.09642857313156128
7165000,1433,0.0,1.4080936908721924,0.013274513185024261,0.012994661927223206,0.0005597019335255027,0.0,0.0,0.08944999426603317,0.22904999554157257,0.014499999582767487,0.0,0.0,0.0,0.10331325232982635,0.08132530003786087,0.08377976715564728
7170000,1434,0.0,1.4211664199829102,0.03726983070373535,0.03676040098071098,0.0010188614251092076,0.0,0.0,0.0986500009894371,0.23304998874664307,0.007549999747425318,0.0,0.0,0.0,0.10527108609676361,0.09201807528734207,0.09866071492433548
7175000,1435,0.0,1.4125882387161255,0.01566362753510475,0.015369013883173466,0.000589226430747658,0.0,0.0,0.08959999680519104,0.2374499887228012,0.009800000116229057,0.0,0.0,0.0,0.0960843414068222,0.0838855430483818,0.08883929252624512
7180000,1436,0.0,1.4092363119125366,-0.003287093946710229,-0.003530014306306839,0.0004858406027778983,0.0,0.0,0.08859999477863312,0.23104999959468842,0.01054999977350235,0.0,0.0,0.0,0.09713855385780334,0.08584337681531906,0.08288690447807312
7185000,1437,0.0,1.4044756889343262,-0.025910140946507454,-0.026193074882030487,0.000565868045669049,0.0,0.0,0.07814999669790268,0.23259998857975006,0.01529999915510416,0.0,0.0,0.0,0.08855421841144562,0.06942771375179291,0.07648809999227524
7190000,1438,0.0,1.424200177192688,-0.039353907108306885,-0.03967791795730591,0.0006480237934738398,0.0,0.0,0.09014999866485596,0.20179998874664307,0.011699999682605267,0.0,0.0,0.0,0.09352409839630127,0.08795180916786194,0.08898809552192688
7195000,1439,0.0,1.4167200326919556,-0.015896674245595932,-0.016128668561577797,0.00046398761332966387,0.0,0.0,0.08579999953508377,0.20205000042915344,0.019449999555945396,0.0,0.0,0.0,0.08328313380479813,0.08478915691375732,0.0892857164144516
7200000,1440,0.0,1.4079830646514893,0.007280078716576099,0.00705945398658514,0.00044124911073595285,0.0,0.0,0.08765000104904175,0.19099999964237213,0.019849998876452446,0.0,0.0,0.0,0.09186746925115585,0.08975903689861298,0.08139881491661072
7205000,1441,0.0,1.4057164192199707,0.010878421366214752,0.010613027028739452,0.0005307889077812433,0.0,0.0,0.09290000051259995,0.18914999067783356,0.023649999871850014,0.0,0.0,0.0,0.09698795527219772,0.08945783227682114,0.0922619104385376
7210000,1442,0.0,1.4122052192687988,-0.011939221061766148,-0.012147954665124416,0.00041746647912077606,0.0,0.0,0.09529999643564224,0.188400000333786,0.013949999585747719,0.0,0.0,0.0,0.10346385836601257,0.09277108311653137,0.08973214775323868
7215000,1443,0.0,1.402255654335022,-0.028862416744232178,-0.0291215181350708,0.000518201501108706,0.0,0.0,0.08814999461174011,0.20839999616146088,0.019500000402331352,0.0,0.0,0.0,0.09879518300294876,0.08524096757173538,0.08050595223903656
7220000,1444,0.0,1.4062327146530151,-0.034891266375780106,-0.035211216658353806,0.0006399028934538364,0.0,0.0,0.0904499962925911,0.22379998862743378,0.01425000000745058,0.0,0.0,0.0,0.09668675065040588,0.08900602906942368,0.08571428805589676
7225000,1445,0.0,1.4246735572814941,-0.02252107858657837,-0.02274704910814762,0.0004519414796959609,0.0,0.0,0.09019999951124191,0.2345999926328659,0.004249999765306711,0.0,0.0,0.0,0.09924699366092682,0.0868975892663002,0.08452381193637848
7230000,1446,0.0,1.4077916145324707,0.0074120694771409035,0.00721001485362649,0.0004041095671709627,0.0,0.0,0.08354999870061874,0.26144999265670776,0.00699999975040555,0.0,0.0,0.0,0.08840361982584,0.07816265523433685,0.0840773805975914
7235000,1447,0.0,1.3911439180374146,0.02709946036338806,0.02673426829278469,0.0007303858292289078,0.0,0.0,0.07005000114440918,0.28329998254776,0.01205000001937151,0.0,0.0,0.0,0.07274096459150314,0.06701807677745819,0.07038690894842148
7240000,1448,0.0,1.3982515335083008,0.015743227675557137,0.015466061420738697,0.0005543319275602698,0.0,0.0,0.09484999626874924,0.2846499979496002,0.012199999764561653,0.0,0.0,0.0,0.09427711367607117,0.09578313678503036,0.0944940522313118
7245000,1449,0.0,1.4112544059753418,-0.008261226117610931,-0.008479350246489048,0.0004362491599749774,0.0,0.0,0.09299999475479126,0.2756499946117401,0.012199999764561653,0.0,0.0,0.0,0.09894578158855438,0.09216867387294769,0.08794642984867096
7250000,1450,0.0,1.3880335092544556,-0.028752751648426056,-0.029038742184638977,0.0005719795008189976,0.0,0.0,0.08734999597072601,0.2722499966621399,0.02329999953508377,0.0,0.0,0.0,0.09397590905427933,0.08795180916786194,0.08020833879709244
7255000,1451,0.0,1.414216160774231,-0.05551566556096077,-0.05607829615473747,0.0011252604890614748,0.0,0.0,0.08904999494552612,0.24594999849796295,0.015099999494850636,0.0,0.0,0.0,0.09487952291965485,0.08584337681531906,0.08645834028720856
7260000,1452,0.0,1.4159330129623413,-0.04909159615635872,-0.049523621797561646,0.0008640510495752096,0.0,0.0,0.08284999430179596,0.2386999875307083,0.01899999938905239,0.0,0.0,0.0,0.09201807528734207,0.07650602608919144,0.08005952835083008
7265000,1453,0.0,1.387715458869934,-0.039814434945583344,-0.04015788435935974,0.0006868981290608644,0.0,0.0,0.06785000115633011,0.21819999814033508,0.023499999195337296,0.0,0.0,0.0,0.07484939694404602,0.06927710771560669,0.0595238134264946
7270000,1454,0.0,1.3947117328643799,-0.01051459088921547,-0.010768916457891464,0.0005086503806523979,0.0,0.0,0.07925000041723251,0.2082500010728836,0.02345000021159649,0.0,0.0,0.0,0.08192770928144455,0.08162650465965271,0.07425595819950104
7275000,1455,0.0,1.4292548894882202,0.008709286339581013,0.008474945090711117,0.00046868290519341826,0.0,0.0,0.10520000010728836,0.20260000228881836,0.010249999351799488,0.0,0.0,0.0,0.11566264927387238,0.09653614461421967,0.1034226194024086
7280000,1456,0.0,1.4226223230361938,-0.008424272760748863,-0.008618714287877083,0.00038888261769898236,0.0,0.0,0.09254999458789825,0.21514999866485596,0.016950000077486038,0.0,0.0,0.0,0.0968373492360115,0.09503012150526047,0.08586309850215912
7285000,1457,0.0,1.4223952293395996,-0.015238040126860142,-0.015424451790750027,0.0003728230658452958,0.0,0.0,0.09619999676942825,0.23070000112056732,0.022199999541044235,0.0,0.0,0.0,0.10481928288936615,0.0906626507639885,0.09315476566553116
7290000,1458,0.0,1.4223600625991821,-0.00828613992780447,-0.008486430160701275,0.0004005804075859487,0.0,0.0,0.08819999545812607,0.2364499866962433,0.012149999849498272,0.0,0.0,0.0,0.09503012150526047,0.0868975892663002,0.08273810148239136
7295000,1459,0.0,1.4308480024337769,-0.007375484332442284,-0.0075353230349719524,0.0003196773468516767,0.0,0.0,0.09914999455213547,0.2308499962091446,0.008700000122189522,0.0,0.0,0.0,0.10271084308624268,0.09442771226167679,0.10029762238264084
7300000,1460,0.0,1.427856206893921,-0.013197585940361023,-0.013369427062571049,0.000343681953381747,0.0,0.0,0.10449999570846558,0.24124999344348907,0.010799999348819256,0.0,0.0,0.0,0.10918674618005753,0.10180722922086716,0.10252976417541504
7305000,1461,0.0,1.4231611490249634,-0.024359334260225296,-0.024590257555246353,0.00046184667735360563,0.0,0.0,0.1136000007390976,0.2544499933719635,0.01184999942779541,0.0,0.0,0.0,0.1158132553100586,0.1128012090921402,0.11220238357782364
7310000,1462,0.0,1.4118212461471558,-0.03237675875425339,-0.03268120065331459,0.0006088847876526415,0.0,0.0,0.1119999960064888,0.24914999306201935,0.019349999725818634,0.0,0.0,0.0,0.11174698919057846,0.10557229071855545,0.11860119551420212
7315000,1463,0.0,1.4127568006515503,-0.009725550189614296,-0.009928244166076183,0.00040538847679272294,0.0,0.0,0.10624999552965164,0.23109999299049377,0.01759999990463257,0.0,0.0,0.0,0.10617469996213913,0.108283132314682,0.10431548207998276
7320000,1464,0.0,1.4125474691390991,-0.002809933852404356,-0.0030116362031549215,0.0004034044686704874,0.0,0.0,0.10664999485015869,0.21939998865127563,0.01924999989569187,0.0,0.0,0.0,0.11069277673959732,0.10933735221624374,0.10000000149011612
7325000,1465,0.0,1.4183639287948608,0.007077210582792759,0.006884516682475805,0.00038538812077604234,0.0,0.0,0.10499999672174454,0.20509999990463257,0.01874999888241291,0.0,0.0,0.0,0.10918674618005753,0.10045181214809418,0.10535714775323868
7330000,1466,0.0,1.4086458683013916,0.04166321083903313,0.041145242750644684,0.0010359394364058971,0.0,0.0,0.09629999846220016,0.20524999499320984,0.01425000000745058,0.0,0.0,0.0,0.1105421707034111,0.08659638464450836,0.09181547909975052
7335000,1467,0.0,1.4296661615371704,0.08359169214963913,0.08220600336790085,0.002771377097815275,0.0,0.0,0.10040000081062317,0.20864999294281006,0.010099999606609344,0.0,0.0,0.0,0.10030120611190796,0.10030120611190796,0.10059524327516556
7340000,1468,0.0,1.4287065267562866,0.006674898322671652,0.006483998149633408,0.0003818002005573362,0.0,0.0,0.10644999891519547,0.20719999074935913,0.008349999785423279,0.0,0.0,0.0,0.10572289675474167,0.10963855683803558,0.10401786118745804
7345000,1469,0.0,1.4414386749267578,-0.0701231062412262,-0.0708232894539833,0.0014003727119415998,0.0,0.0,0.11964999884366989,0.2110999971628189,0.002749999985098839,0.0,0.0,0.0,0.13057228922843933,0.1150602400302887,0.11339285969734192
7350000,1470,0.0,1.4359947443008423,0.017271222546696663,0.016763869673013687,0.0010147042339667678,0.0,0.0,0.10904999822378159,0.20729999244213104,0.005249999929219484,0.0,0.0,0.0,0.12635542452335358,0.0968373492360115,0.10401786118745804
7355000,1471,0.0,1.4345816373825073,-0.04332714527845383,-0.043681707233190536,0.0007091222796589136,0.0,0.0,0.1136000007390976,0.21239998936653137,0.007400000002235174,0.0,0.0,0.0,0.12108433991670609,0.10873494297266006,0.11101190745830536
7360000,1472,0.0,1.418218731880188,-0.020717129111289978,-0.020910169929265976,0.00038608291652053595,0.0,0.0,0.09839999675750732,0.22834999859333038,0.012349999509751797,0.0,0.0,0.0,0.10316265374422073,0.09096385538578033,0.10104166716337204
7365000,1473,0.0,1.412166714668274,0.014200755394995213,0.013946189545094967,0.0005091317580081522,0.0,0.0,0.09574999660253525,0.23680000007152557,0.017749998718500137,0.0,0.0,0.0,0.10527108609676361,0.09006024152040482,0.09196428954601288
7370000,1474,0.0,1.433205008506775,-0.018226420506834984,-0.01841532625257969,0.0003778123646043241,0.0,0.0,0.1124499961733818,0.23115000128746033,0.0024500000290572643,0.0,0.0,0.0,0.11972891539335251,0.111295185983181,0.1063988134264946
7375000,1475,0.0,1.4377912282943726,-0.013744456693530083,-0.013930117711424828,0.0003713220066856593,0.0,0.0,0.11184999346733093,0.22989998757839203,0.004799999762326479,0.0,0.0,0.0,0.1265060305595398,0.10737951844930649,0.10178571939468384
7380000,1476,0.0,1.4207673072814941,0.01764015108346939,0.01744113117456436,0.0003980406327173114,0.0,0.0,0.09274999797344208,0.24169999361038208,0.011099999770522118,0.0,0.0,0.0,0.1013554260134697,0.08599397540092468,0.09092262387275696
7385000,1477,0.0,1.4160817861557007,-0.012028742581605911,-0.012204921804368496,0.00035235920222476125,0.0,0.0,0.09094999730587006,0.24219998717308044,0.010649999603629112,0.0,0.0,0.0,0.10587349534034729,0.08448795229196548,0.082589291036129
7390000,1478,0.0,1.411038875579834,-0.018907656893134117,-0.019093547016382217,0.0003717820218298584,0.0,0.0,0.08619999885559082,0.2442999929189682,0.01614999957382679,0.0,0.0,0.0,0.10120481997728348,0.07650602608919144,0.08095238357782364
7395000,1479,0.0,1.4180700778961182,-0.0005186255439184606,-0.0006846974138170481,0.00033214373979717493,0.0,0.0,0.08124999701976776,0.23934999108314514,0.009499999694526196,0.0,0.0,0.0,0.09292168915271759,0.08087349683046341,0.07008928805589676
7400000,1480,0.0,1.4043794870376587,0.010176470503211021,0.009979094378650188,0.0003947518125642091,0.0,0.0,0.07559999823570251,0.24364998936653137,0.023149998858571053,0.0,0.0,0.0,0.08945783227682114,0.0709337368607521,0.06651785969734192
7405000,1481,0.0,1.3998396396636963,-0.009518696926534176,-0.009686226025223732,0.0003350578190293163,0.0,0.0,0.09064999967813492,0.2515999972820282,0.017349999397993088,0.0,0.0,0.0,0.09307228773832321,0.09051205217838287,0.08839286118745804
7410000,1482,0.0,1.426437497138977,-0.01950865425169468,-0.019679173827171326,0.00034104002406820655,0.0,0.0,0.11014999449253082,0.23510000109672546,0.00925000011920929,0.0,0.0,0.0,0.11731927841901779,0.1090361475944519,0.1041666716337204
7415000,1483,0.0,1.406002402305603,-0.03450578823685646,-0.034782201051712036,0.0005528255132958293,0.0,0.0,0.09519999474287033,0.2386000007390976,0.023649999871850014,0.0,0.0,0.0,0.10030120611190796,0.0899096429347992,0.09538690745830536
7420000,1484,0.0,1.4211633205413818,-0.04245251417160034,-0.04280615225434303,0.0007072793086990714,0.0,0.0,0.10494999587535858,0.23375000059604645,0.016599999740719795,0.0,0.0,0.0,0.11731927841901779,0.094578318297863,0.10297619551420212
7425000,1485,0.0,1.413260817527771,-0.018317721784114838,-0.01851685903966427,0.00039827340515330434,0.0,0.0,0.09784999489784241,0.22954998910427094,0.021549999713897705,0.0,0.0,0.0,0.10737951844930649,0.09442771226167679,0.09181547909975052
7430000,1486,0.0,1.399619460105896,0.006188519764691591,0.005989727098494768,0.0003975852741859853,0.0,0.0,0.0925000011920929,0.24114999175071716,0.03114999830722809,0.0,0.0,0.0,0.1013554260134697,0.09653614461421967,0.07976190745830536
7435000,1487,0.0,1.4198172092437744,0.022422799840569496,0.022124843671917915,0.0005959108239039779,0.0,0.0,0.09589999914169312,0.2506999969482422,0.01785000041127205,0.0,0.0,0.0,0.10813253372907639,0.09036144614219666,0.0892857164144516
7440000,1488,0.0,1.4053102731704712,0.040885236114263535,0.04031851887702942,0.0011334354057908058,0.0,0.0,0.08114999532699585,0.26319998502731323,0.02449999935925007,0.0,0.0,0.0,0.09246987849473953,0.07379518449306488,0.07723214477300644
7445000,1489,0.0,1.4064925909042358,0.044799644500017166,0.044211845844984055,0.0011755939340218902,0.0,0.0,0.08444999903440475,0.25415000319480896,0.019349999725818634,0.0,0.0,0.0,0.09262048453092575,0.08072289079427719,0.08005952835083008
7450000,1490,0.0,1.4104056358337402,-0.002441569697111845,-0.0025785972829908133,0.0002740551717579365,0.0,0.0,0.07580000162124634,0.24584999680519104,0.015949999913573265,0.0,0.0,0.0,0.0838855430483818,0.0731927752494812,0.07038690894842148
7455000,1491,0.0,1.4109258651733398,-0.028893768787384033,-0.029150011017918587,0.0005124837043695152,0.0,0.0,0.07739999890327454,0.24120000004768372,0.014750000089406967,0.0,0.0,0.0,0.08177711069583893,0.07966867834329605,0.07083333283662796
7460000,1492,0.0,1.4194257259368896,-0.011188738979399204,-0.011357812210917473,0.00033814660855568945,0.0,0.0,0.07714999467134476,0.22949999570846558,0.010400000028312206,0.0,0.0,0.0,0.08478915691375732,0.07304216921329498,0.0736607164144516
7465000,1493,0.0,1.4189319610595703,0.022678416222333908,0.022384420037269592,0.0005879935342818499,0.0,0.0,0.07819999754428864,0.2204499989748001,0.007199999876320362,0.0,0.0,0.0,0.08237951993942261,0.07981927692890167,0.07247024029493332
7470000,1494,0.0,1.4139872789382935,0.01625160314142704,0.01598041132092476,0.000542385270819068,0.0,0.0,0.0876999944448471,0.22579999268054962,0.01575000025331974,0.0,0.0,0.0,0.10195783525705338,0.08132530003786087,0.07991071790456772
7475000,1495,0.0,1.4294018745422363,-0.022441377863287926,-0.022630907595157623,0.00037905777571722865,0.0,0.0,0.08944999426603317,0.22459998726844788,0.011749999597668648,0.0,0.0,0.0,0.0975903645157814,0.08659638464450836,0.08422619104385376
7480000,1496,0.0,1.4281872510910034,-0.014931468293070793,-0.015080688521265984,0.0002984403108712286,0.0,0.0,0.09604999423027039,0.2296999990940094,0.020549999549984932,0.0,0.0,0.0,0.10271084308624268,0.09111446142196655,0.09434524178504944
7485000,1497,0.0,1.4227219820022583,0.005286087282001972,0.005139085464179516,0.00029400410130620003,0.0,0.0,0.08684999495744705,0.2381500005722046,0.018400000408291817,0.0,0.0,0.0,0.09412650763988495,0.08298192918300629,0.08348214626312256
7490000,1498,0.0,1.4404240846633911,0.004041973501443863,0.0039048835169523954,0.0002741804055403918,0.0,0.0,0.1059499979019165,0.24089999496936798,0.009599999524652958,0.0,0.0,0.0,0.11084337532520294,0.10316265374422073,0.10386905074119568
7495000,1499,0.0,1.4138643741607666,-0.00885685347020626,-0.008988815359771252,0.00026392328436486423,0.0,0.0,0.09290000051259995,0.2546499967575073,0.011349999345839024,0.0,0.0,0.0,0.1006024107336998,0.09051205217838287,0.08764881640672684
7500000,1500,0.0,1.4273388385772705,-0.035640887916088104,-0.03592614829540253,0.000570522912312299,0.0,0.0,0.11339999735355377,0.24644999206066132,0.013100000098347664,0.0,0.0,0.0,0.11686747521162033,0.11746988445520401,0.10595238208770752
7505000,1501,0.0,1.4164000749588013,-0.06242354214191437,-0.06304068118333817,0.0012342804111540318,0.0,0.0,0.10824999958276749,0.24149999022483826,0.014049999415874481,0.0,0.0,0.0,0.11701807379722595,0.09653614461421967,0.11116071790456772
7510000,1502,0.0,1.4408732652664185,-0.04379742220044136,-0.04409494623541832,0.0005950501072220504,0.0,0.0,0.10904999822378159,0.22369998693466187,0.006550000049173832,0.0,0.0,0.0,0.1150602400302887,0.10948795080184937,0.1026785746216774
7515000,1503,0.0,1.4293112754821777,-0.01505650207400322,-0.015246018767356873,0.0003790325135923922,0.0,0.0,0.1127999946475029,0.22464999556541443,0.016249999403953552,0.0,0.0,0.0,0.12168674916028976,0.11039157211780548,0.1063988134264946
7520000,1504,0.0,1.4282739162445068,0.0001880919880932197,1.8299484509043396e-05,0.0003395850071683526,0.0,0.0,0.0945499986410141,0.22360000014305115,0.013199999928474426,0.0,0.0,0.0,0.10346385836601257,0.0891566276550293,0.09107143431901932
7525000,1505,0.0,1.426908016204834,-0.00794939137995243,-0.008086161687970161,0.0002735410525929183,0.0,0.0,0.09685000032186508,0.22669999301433563,0.018050000071525574,0.0,0.0,0.0,0.10527108609676361,0.09307228773832321,0.0922619104385376
7530000,1506,0.0,1.4266153573989868,-0.017850035801529884,-0.018004601821303368,0.00030913023510947824,0.0,0.0,0.09309999644756317,0.23279999196529388,0.014149999246001244,0.0,0.0,0.0,0.10542169213294983,0.08599397540092468,0.08794642984867096
7535000,1507,0.0,1.407849907875061,-0.01020738109946251,-0.010365551337599754,0.0003163407673127949,0.0,0.0,0.08249999582767487,0.2513499855995178,0.02174999937415123,0.0,0.0,0.0,0.09397590905427933,0.0746987983584404,0.0788690522313118
7540000,1508,0.0,1.4236247539520264,0.005167119204998016,0.005015628878027201,0.0003029811196029186,0.0,0.0,0.09704999625682831,0.24534998834133148,0.017249999567866325,0.0,0.0,0.0,0.10662651062011719,0.09021084755659103,0.09434524178504944
7545000,1509,0.0,1.4228249788284302,-0.0012314171763136983,-0.0013595032505691051,0.00025617211940698326,0.0,0.0,0.09299999475479126,0.23979999125003815,0.017649998888373375,0.0,0.0,0.0,0.09578313678503036,0.09533132612705231,0.08794642984867096
7550000,1510,0.0,1.4219571352005005,-0.0054090311750769615,-0.005536246113479137,0.0002544303424656391,0.0,0.0,0.09364999830722809,0.22794999182224274,0.011749999597668648,0.0,0.0,0.0,0.09954819828271866,0.0868975892663002,0.0944940522313118
7555000,1511,0.0,1.4158763885498047,-0.012828001752495766,-0.012964228168129921,0.00027245268574915826,0.0,0.0,0.1013999953866005,0.22235000133514404,0.02329999953508377,0.0,0.0,0.0,0.10602410137653351,0.10075301676988602,0.0974702388048172
7560000,1512,0.0,1.4218425750732422,-0.010411898605525494,-0.010532793588936329,0.00024179079628083855,0.0,0.0,0.10984999686479568,0.23009999096393585,0.021299999207258224,0.0,0.0,0.0,0.11852409690618515,0.10301204770803452,0.10803572088479996
7565000,1513,0.0,1.4082732200622559,-0.0002997157571371645,-0.0004477420588955283,0.0002960526035167277,0.0,0.0,0.09465000033378601,0.2305999994277954,0.02864999882876873,0.0,0.0,0.0,0.09969879686832428,0.09081325680017471,0.09345238655805588
7570000,1514,0.0,1.414236068725586,-0.010397224687039852,-0.010558251291513443,0.0003220532671548426,0.0,0.0,0.08424999564886093,0.21584999561309814,0.012749999761581421,0.0,0.0,0.0,0.09307228773832321,0.08087349683046341,0.0788690522313118
7575000,1515,0.0,1.4203517436981201,-0.01564044877886772,-0.015780070796608925,0.00027924496680498123,0.0,0.0,0.08974999934434891,0.2268499881029129,0.01425000000745058,0.0,0.0,0.0,0.09653614461421967,0.0891566276550293,0.08363095670938492
7580000,1516,0.0,1.4147179126739502,-0.020793959498405457,-0.02097710222005844,0.00036628570524044335,0.0,0.0,0.08814999461174011,0.23429998755455017,0.012199999764561653,0.0,0.0,0.0,0.10768072307109833,0.07891566306352615,0.07797619700431824
7585000,1517,0.0,1.4140441417694092,-0.03625865653157234,-0.036568768322467804,0.0006202254444360733,0.0,0.0,0.09764999896287918,0.23704999685287476,0.01205000001937151,0.0,0.0,0.0,0.11039157211780548,0.08855421841144562,0.09404762089252472
7590000,1518,0.0,1.4242544174194336,-0.033133991062641144,-0.033387329429388046,0.0005066752783022821,0.0,0.0,0.1205499991774559,0.2357499897480011,0.015699999406933784,0.0,0.0,0.0,0.1310240924358368,0.12003012001514435,0.11071428656578064
7595000,1519,0.0,1.412428855895996,-0.023059608414769173,-0.02322695218026638,0.00033468674519099295,0.0,0.0,0.1054999977350235,0.23659999668598175,0.017649998888373375,0.0,0.0,0.0,0.11716867983341217,0.09939759224653244,0.10000000149011612
7600000,1520,0.0,1.4315611124038696,-0.037888411432504654,-0.038189563900232315,0.000602304469794035,0.0,0.0,0.11744999885559082,0.2320999950170517,0.008049999363720417,0.0,0.0,0.0,0.12530121207237244,0.11069277673959732,0.11636905372142792
7605000,1521,0.0,1.4258915185928345,-0.05274117738008499,-0.05320993438363075,0.0009375115041621029,0.0,0.0,0.11299999803304672,0.22759999334812164,0.006000000052154064,0.0,0.0,0.0,0.12304217368364334,0.10527108609676361,0.11071428656578064
7610000,1522,0.0,1.4363981485366821,-0.08357173949480057,-0.08453673869371414,0.0019299985142424703,0.0,0.0,0.11319999396800995,0.21854999661445618,0.004399999976158142,0.0,0.0,0.0,0.12740963697433472,0.108283132314682,0.10401786118745804
7615000,1523,0.0,1.4323277473449707,-0.05955946817994118,-0.06006062030792236,0.0010023070499300957,0.0,0.0,0.1115499958395958,0.2129499912261963,0.005549999885261059,0.0,0.0,0.0,0.1219879537820816,0.10451807081699371,0.10818453133106232
7620000,1524,0.0,1.4259556531906128,0.03818117454648018,0.03749033808708191,0.0013816715218126774,0.0,0.0,0.1116499975323677,0.22039999067783356,0.007899999618530273,0.0,0.0,0.0,0.11792168766260147,0.11084337532520294,0.10625000298023224
7625000,1525,0.0,1.4440314769744873,-0.04662696644663811,-0.04694748297333717,0.0006410354399122298,0.0,0.0,0.11684999614953995,0.23874999582767487,0.007449999917298555,0.0,0.0,0.0,0.12936747074127197,0.11250000447034836,0.10877976566553116
7630000,1526,0.0,1.4242404699325562,-0.014911143109202385,-0.015061113983392715,0.0002999420103151351,0.0,0.0,0.10644999891519547,0.2361999899148941,0.01730000041425228,0.0,0.0,0.0,0.11972891539335251,0.10225903987884521,0.0974702388048172
7635000,1527,0.0,1.4219516515731812,0.015719734132289886,0.015513064339756966,0.0004133385664317757,0.0,0.0,0.11404999345541,0.23889999091625214,0.016850000247359276,0.0,0.0,0.0,0.1242469921708107,0.10798192769289017,0.10997024178504944
7640000,1528,0.0,1.4257967472076416,-0.020481383427977562,-0.020667433738708496,0.00037209977745078504,0.0,0.0,0.13300000131130219,0.22624999284744263,0.010149999521672726,0.0,0.0,0.0,0.13373494148254395,0.12936747074127197,0.13586309552192688
7645000,1529,0.0,1.4201997518539429,-0.013085785321891308,-0.013271537609398365,0.0003715039056260139,0.0,0.0,0.12809999287128448,0.23149999976158142,0.012999999336898327,0.0,0.0,0.0,0.13539156317710876,0.11942771077156067,0.1294642835855484
7650000,1530,0.0,1.4222595691680908,0.003576860995963216,0.0034024419728666544,0.0003488379588816315,0.0,0.0,0.12064999341964722,0.22299998998641968,0.011049999855458736,0.0,0.0,0.0,0.1349397599697113,0.11250000447034836,0.1145833358168602
7655000,1531,0.0,1.4130955934524536,-0.0057753343135118484,-0.005932580679655075,0.00031449232483282685,0.0,0.0,0.10109999775886536,0.2462499886751175,0.013049999251961708,0.0,0.0,0.0,0.11475903540849686,0.09487952291965485,0.09375
7660000,1532,0.0,1.4010282754898071,-0.0025768352206796408,-0.0027108038775622845,0.00026793722645379603,0.0,0.0,0.07315000146627426,0.2523999810218811,0.01769999973475933,0.0,0.0,0.0,0.07439759373664856,0.07439759373664856,0.0706845298409462
7665000,1533,0.0,1.4122591018676758,-0.0013570991577580571,-0.0014863458927720785,0.0002584933827165514,0.0,0.0,0.08365000039339066,0.2447499930858612,0.015949999913573265,0.0,0.0,0.0,0.08448795229196548,0.08403614908456802,0.08244048058986664
7670000,1534,0.0,1.4035229682922363,-0.009733794257044792,-0.009896653704345226,0.0003257195930927992,0.0,0.0,0.08464999496936798,0.2398499995470047,0.01785000041127205,0.0,0.0,0.0,0.09171687066555023,0.07816265523433685,0.0840773805975914
7675000,1535,0.0,1.4321095943450928,-0.027956128120422363,-0.028149669989943504,0.00038708437932655215,0.0,0.0,0.12024999409914017,0.2227499932050705,0.013449999503791332,0.0,0.0,0.0,0.12906627357006073,0.11521084606647491,0.11651786416769028
7680000,1536,0.0,1.4210329055786133,-0.041446585208177567,-0.04177987575531006,0.000666582491248846,0.0,0.0,0.10544999688863754,0.2190999984741211,0.013899999670684338,0.0,0.0,0.0,0.11731927841901779,0.10180722922086716,0.09732143580913544
7685000,1537,0.0,1.4142247438430786,-0.029697218909859657,-0.029917092993855476,0.0004397470911499113,0.0,0.0,0.11054999381303787,0.20434999465942383,0.024049999192357063,0.0,0.0,0.0,0.11265060305595398,0.11370482295751572,0.10535714775323868
7690000,1538,0.0,1.407230257987976,-0.01188124343752861,-0.011996167711913586,0.00022984878160059452,0.0,0.0,0.09359999746084213,0.20854999125003815,0.02654999867081642,0.0,0.0,0.0,0.09969879686832428,0.09081325680017471,0.09032738208770752
7695000,1539,0.0,1.4142831563949585,-0.004088494461029768,-0.0041848719120025635,0.00019275493104942143,0.0,0.0,0.0802999958395958,0.21539999544620514,0.01575000025331974,0.0,0.0,0.0,0.08554217219352722,0.07786145061254501,0.07752976566553116
7700000,1540,0.0,1.4196200370788574,-0.001196289318613708,-0.0012963335029780865,0.000200088310521096,0.0,0.0,0.0851999968290329,0.21974998712539673,0.010649999603629112,0.0,0.0,0.0,0.09277108311653137,0.08358433842658997,0.07931547611951828
7705000,1541,0.0,1.4076718091964722,-0.009474311023950577,-0.009602271020412445,0.00025591993471607566,0.0,0.0,0.08989999443292618,0.22504998743534088,0.01899999938905239,0.0,0.0,0.0,0.09789156913757324,0.085391566157341,0.08645834028720856
7710000,1542,0.0,1.412782907485962,-0.006226501893252134,-0.00633400771766901,0.00021501159062609076,0.0,0.0,0.0908999964594841,0.23719999194145203,0.012749999761581421,0.0,0.0,0.0,0.0975903645157814,0.08524096757173538,0.08988095819950104
7715000,1543,0.0,1.4172565937042236,-0.008696804754436016,-0.008804229088127613,0.0002148481144104153,0.0,0.0,0.10639999806880951,0.24489998817443848,0.015699999406933784,0.0,0.0,0.0,0.11701807379722595,0.10768072307109833,0.09464286267757416
7720000,1544,0.0,1.4159377813339233,-0.015888607129454613,-0.016030538827180862,0.0002838621148839593,0.0,0.0,0.11634999513626099,0.23089998960494995,0.01614999957382679,0.0,0.0,0.0,0.12981927394866943,0.10948795080184937,0.10982143133878708
7725000,1545,0.0,1.4192038774490356,-0.02145582064986229,-0.02160491608083248,0.00029818934854120016,0.0,0.0,0.10624999552965164,0.2235499918460846,0.016349999234080315,0.0,0.0,0.0,0.11144578456878662,0.10000000149011612,0.10729166865348816
7730000,1546,0.0,1.414057731628418,-0.033314481377601624,-0.033556584268808365,0.0004842085181735456,0.0,0.0,0.10689999908208847,0.21939998865127563,0.019500000402331352,0.0,0.0,0.0,0.11731927841901779,0.10150602459907532,0.1019345298409462
7735000,1547,0.0,1.4216265678405762,-0.05531618744134903,-0.05579865723848343,0.0009649365092627704,0.0,0.0,0.10824999958276749,0.22419999539852142,0.01954999938607216,0.0,0.0,0.0,0.11611445993185043,0.102108433842659,0.10654762387275696
7740000,1548,0.0,1.414704442024231,-0.04267287999391556,-0.043003618717193604,0.0006614758167415857,0.0,0.0,0.09139999747276306,0.23279999196529388,0.02019999921321869,0.0,0.0,0.0,0.10271084308624268,0.08945783227682114,0.08214285969734192
7745000,1549,0.0,1.420785665512085,-0.0161456111818552,-0.01627805456519127,0.000264886359218508,0.0,0.0,0.09229999780654907,0.22679999470710754,0.02005000039935112,0.0,0.0,0.0,0.10105422139167786,0.09036144614219666,0.0855654776096344
7750000,1550,0.0,1.430371642112732,-0.02357257343828678,-0.023750610649585724,0.0003560757904779166,0.0,0.0,0.09874999523162842,0.2235499918460846,0.005649999715387821,0.0,0.0,0.0,0.10466867685317993,0.09713855385780334,0.0944940522313118
7755000,1551,0.0,1.4179449081420898,-0.060985177755355835,-0.06157824397087097,0.0011861318489536643,0.0,0.0,0.0832500010728836,0.22964999079704285,0.01464999932795763,0.0,0.0,0.0,0.09126506000757217,0.08057229220867157,0.07797619700431824
7760000,1552,0.0,1.4044418334960938,-0.047822680324316025,-0.04833848029375076,0.0010316033149138093,0.0,0.0,0.09084999561309814,0.22699999809265137,0.015850000083446503,0.0,0.0,0.0,0.09638554602861404,0.09051205217838287,0.08571428805589676
7765000,1553,0.0,1.3856465816497803,0.03433619439601898,0.033970076590776443,0.0007322393357753754,0.0,0.0,0.07225000113248825,0.21085000038146973,0.023499999195337296,0.0,0.0,0.0,0.0838855430483818,0.06777108460664749,0.06517857313156128
7770000,1554,0.0,1.4102717638015747,-0.007135833613574505,-0.007325895596295595,0.00038012355798855424,0.0,0.0,0.09155000001192093,0.23099999129772186,0.016300000250339508,0.0,0.0,0.0,0.10240963846445084,0.08704819530248642,0.08526785671710968
7775000,1555,0.0,1.4147515296936035,-0.037430234253406525,-0.03773500770330429,0.0006095441640354693,0.0,0.0,0.10494999587535858,0.2593500018119812,0.014399999752640724,0.0,0.0,0.0,0.11295180767774582,0.09638554602861404,0.10550595819950104
7780000,1556,0.0,1.4163435697555542,0.013225815258920193,0.013056700117886066,0.00033823077683337033,0.0,0.0,0.10619999468326569,0.27129998803138733,0.013599999248981476,0.0,0.0,0.0,0.11897590756416321,0.10316265374422073,0.09657738357782364
7785000,1557,0.0,1.4069873094558716,0.01817229948937893,0.017976149916648865,0.0003922980686184019,0.0,0.0,0.09094999730587006,0.26304998993873596,0.012649999931454659,0.0,0.0,0.0,0.09819277375936508,0.09096385538578033,0.08377976715564728
7790000,1558,0.0,1.4233566522598267,-0.002388149965554476,-0.002491073915734887,0.00020584787125699222,0.0,0.0,0.08739999681711197,0.23844999074935913,0.015350000001490116,0.0,0.0,0.0,0.09638554602861404,0.08147590607404709,0.08437500149011612
7795000,1559,0.0,1.405056357383728,-0.02010418102145195,-0.020260661840438843,0.0003129629185423255,0.0,0.0,0.07405000180006027,0.2162499874830246,0.011099999770522118,0.0,0.0,0.0,0.09036144614219666,0.0640060231089592,0.06785714626312256
7800000,1560,0.0,1.4174079895019531,0.00209430861286819,0.0019479539478197694,0.00029270921368151903,0.0,0.0,0.08514999598264694,0.19144999980926514,0.012649999931454659,0.0,0.0,0.0,0.09186746925115585,0.07816265523433685,0.08541666716337204
7805000,1561,0.0,1.4100475311279297,-0.0007330516818910837,-0.0008677206933498383,0.0002693380229175091,0.0,0.0,0.08569999784231186,0.20264999568462372,0.019199999049305916,0.0,0.0,0.0,0.09412650763988495,0.07951807230710983,0.08348214626312256
7810000,1562,0.0,1.4181495904922485,-0.016380585730075836,-0.016513362526893616,0.00026555481599643826,0.0,0.0,0.10089999437332153,0.21079999208450317,0.018149999901652336,0.0,0.0,0.0,0.11475903540849686,0.10346385836601257,0.08467262238264084
7815000,1563,0.0,1.4305793046951294,-0.006698708049952984,-0.006805227603763342,0.00021303952962625772,0.0,0.0,0.10719999670982361,0.21875,0.008150000125169754,0.0,0.0,0.0,0.11822289228439331,0.10195783525705338,0.10148809850215912
7820000,1564,0.0,1.4255454540252686,0.00959544163197279,0.009432991966605186,0.0003249000874347985,0.0,0.0,0.10399999469518661,0.23569999635219574,0.01719999872148037,0.0,0.0,0.0,0.11822289228439331,0.0990963876247406,0.09479167312383652
7825000,1565,0.0,1.4316532611846924,-0.014101311564445496,-0.014249959960579872,0.0002972973161377013,0.0,0.0,0.10969999432563782,0.24034999310970306,0.011699999682605267,0.0,0.0,0.0,0.12846386432647705,0.09924699366092682,0.10148809850215912
7830000,1566,0.0,1.4221439361572266,-0.019244682043790817,-0.019384685903787613,0.0002800080692395568,0.0,0.0,0.0940999984741211,0.25224998593330383,0.011299999430775642,0.0,0.0,0.0,0.10768072307109833,0.09021084755659103,0.08452381193637848
7835000,1567,0.0,1.4130843877792358,-0.003070458769798279,-0.00317203626036644,0.00020315477740950882,0.0,0.0,0.08909999579191208,0.25029999017715454,0.021150000393390656,0.0,0.0,0.0,0.09849397838115692,0.0861445814371109,0.08273810148239136
7840000,1568,0.0,1.4230608940124512,-0.0015514721162617207,-0.0016480338526889682,0.00019312335643917322,0.0,0.0,0.09709999710321426,0.24629999697208405,0.013949999585747719,0.0,0.0,0.0,0.11234939843416214,0.08524096757173538,0.09375
7845000,1569,0.0,1.42894446849823,-0.014785248786211014,-0.01490560732781887,0.0002407175925327465,0.0,0.0,0.10089999437332153,0.2425999939441681,0.012799999676644802,0.0,0.0,0.0,0.11265060305595398,0.09638554602861404,0.09375
7850000,1570,0.0,1.429597020149231,-0.02396097034215927,-0.02414703369140625,0.00037212728057056665,0.0,0.0,0.10244999825954437,0.24039998650550842,0.019700000062584877,0.0,0.0,0.0,0.10888554155826569,0.10421686619520187,0.09434524178504944
7855000,1571,0.0,1.4274044036865234,-0.04591429978609085,-0.046279050409793854,0.0007294990355148911,0.0,0.0,0.08209999650716782,0.24089999496936798,0.010849999263882637,0.0,0.0,0.0,0.08795180916786194,0.07831325381994247,0.08005952835083008
7860000,1572,0.0,1.4067763090133667,-0.05323613062500954,-0.053697533905506134,0.0009228048147633672,0.0,0.0,0.07229999452829361,0.23579999804496765,0.022099999710917473,0.0,0.0,0.0,0.07289157062768936,0.07183735072612762,0.0721726194024086
7865000,1573,0.0,1.4127283096313477,-0.023791750892996788,-0.02398344688117504,0.00038339351885952055,0.0,0.0,0.08024999499320984,0.2308499962091446,0.018649999052286148,0.0,0.0,0.0,0.08433735370635986,0.0777108445763588,0.07872024178504944
7870000,1574,0.0,1.4208126068115234,0.0017447295831516385,0.001595082925632596,0.0002992933732457459,0.0,0.0,0.10159999877214432,0.2402999997138977,0.01899999938905239,0.0,0.0,0.0,0.10783132910728455,0.10090361535549164,0.09613095968961716
7875000,1575,0.0,1.4205074310302734,-0.0063195303082466125,-0.006441245786845684,0.00024343117547687143,0.0,0.0,0.10009999573230743,0.23709999024868011,0.010900000110268593,0.0,0.0,0.0,0.10587349534034729,0.09698795527219772,0.0974702388048172
7880000,1576,0.0,1.4204952716827393,-0.01750609464943409,-0.01765577867627144,0.00029936974169686437,0.0,0.0,0.10480000078678131,0.2425999939441681,0.01860000006854534,0.0,0.0,0.0,0.1120481938123703,0.10768072307109833,0.09479167312383652
7885000,1577,0.0,1.4166133403778076,-0.01051086001098156,-0.010625476948916912,0.00022923397773411125,0.0,0.0,0.10404999554157257,0.22029998898506165,0.019050000235438347,0.0,0.0,0.0,0.11310241371393204,0.0990963876247406,0.10000000149011612
7890000,1578,0.0,1.4239405393600464,-0.010338138788938522,-0.010452059097588062,0.00022784006432630122,0.0,0.0,0.10759999603033066,0.2028999924659729,0.012299999594688416,0.0,0.0,0.0,0.12439759075641632,0.10346385836601257,0.09508928656578064
7895000,1579,0.0,1.4322503805160522,-0.01192212663590908,-0.0120452381670475,0.00024622378987260163,0.0,0.0,0.11879999935626984,0.1987999975681305,0.010449999943375587,0.0,0.0,0.0,0.13448795676231384,0.11039157211780548,0.1116071492433548
7900000,1580,0.0,1.4174857139587402,-0.02484518103301525,-0.024996420368552208,0.00030248030088841915,0.0,0.0,0.09769999980926514,0.20489999651908875,0.016249999403953552,0.0,0.0,0.0,0.10647590458393097,0.09382530301809311,0.09285714477300644
7905000,1581,0.0,1.4341506958007812,-0.0743180513381958,-0.07514403760433197,0.0016519710188731551,0.0,0.0,0.09924999624490738,0.20674999058246613,0.005849999841302633,0.0,0.0,0.0,0.1097891554236412,0.09171687066555023,0.09627976268529892
7910000,1582,0.0,1.3952583074569702,-0.040237151086330414,-0.040621835738420486,0.0007693722727708519,0.0,0.0,0.06719999760389328,0.22454999387264252,0.021299999207258224,0.0,0.0,0.0,0.07500000298023224,0.0617469884455204,0.06488095223903656
7915000,1583,0.0,1.4027923345565796,0.0419236458837986,0.04153303802013397,0.0007812189869582653,0.0,0.0,0.06994999945163727,0.2459999918937683,0.018849998712539673,0.0,0.0,0.0,0.07816265523433685,0.06189759075641632,0.06979166716337204
7920000,1584,0.0,1.4074029922485352,-0.01626700535416603,-0.016396941617131233,0.0002598737773951143,0.0,0.0,0.06785000115633011,0.2575500011444092,0.014099999330937862,0.0,0.0,0.0,0.07364457845687866,0.06882530450820923,0.06116071715950966
7925000,1585,0.0,1.416347861289978,-0.05314682796597481,-0.05359462648630142,0.0008955987868830562,0.0,0.0,0.07679999619722366,0.24014998972415924,0.011249999515712261,0.0,0.0,0.0,0.08885542303323746,0.06762048602104187,0.07395833730697632
7930000,1586,0.0,1.410861611366272,-0.00334080564789474,-0.0034746015444397926,0.00026759199681691825,0.0,0.0,0.08015000075101852,0.2342499941587448,0.013150000013411045,0.0,0.0,0.0,0.09472891688346863,0.07439759373664856,0.0714285746216774
7935000,1587,0.0,1.4165302515029907,0.022928114980459213,0.02270369417965412,0.00044884037924930453,0.0,0.0,0.07729999721050262,0.23819999396800995,0.014750000089406967,0.0,0.0,0.0,0.08524096757173538,0.07680723071098328,0.0699404776096344
7940000,1588,0.0,1.4103059768676758,-0.008167033083736897,-0.008263688534498215,0.00019331168732605875,0.0,0.0,0.08365000039339066,0.22614999115467072,0.019999999552965164,0.0,0.0,0.0,0.09216867387294769,0.08117470145225525,0.07767857611179352
7945000,1589,0.0,1.4197686910629272,-0.016877317801117897,-0.017009073868393898,0.00026351382257416844,0.0,0.0,0.0885000005364418,0.20799998939037323,0.010499999858438969,0.0,0.0,0.0,0.0960843414068222,0.08373494446277618,0.08571428805589676
7950000,1590,0.0,1.4164732694625854,0.011271602474153042,0.011118898168206215,0.00030540794250555336,0.0,0.0,0.09359999746084213,0.202799990773201,0.010049999691545963,0.0,0.0,0.0,0.10918674618005753,0.08524096757173538,0.08645834028720856
7955000,1591,0.0,1.4020365476608276,-0.016506677493453026,-0.01668466068804264,0.00035596705856733024,0.0,0.0,0.09404999762773514,0.21445000171661377,0.015350000001490116,0.0,0.0,0.0,0.10737951844930649,0.08493976294994354,0.08988095819950104
7960000,1592,0.0,1.4195935726165771,-0.013732876628637314,-0.013880214653909206,0.0002946769236586988,0.0,0.0,0.09439999610185623,0.21729999780654907,0.009149999357759953,0.0,0.0,0.0,0.108283132314682,0.09036144614219666,0.08467262238264084
7965000,1593,0.0,1.4140487909317017,-0.002793167484924197,-0.002917436184361577,0.0002485371951479465,0.0,0.0,0.09014999866485596,0.2190999984741211,0.009549999609589577,0.0,0.0,0.0,0.10542169213294983,0.085391566157341,0.07976190745830536
7970000,1594,0.0,1.4177753925323486,0.0008857493521645665,0.0007864920189604163,0.00019851462275255471,0.0,0.0,0.08789999783039093,0.21619999408721924,0.012600000016391277,0.0,0.0,0.0,0.09503012150526047,0.08343373984098434,0.08526785671710968
7975000,1595,0.0,1.4176276922225952,0.0069240182638168335,0.006805682089179754,0.00023667237837798893,0.0,0.0,0.08569999784231186,0.22094999253749847,0.014699999243021011,0.0,0.0,0.0,0.09171687066555023,0.08403614908456802,0.08139881491661072
7980000,1596,0.0,1.4215407371520996,-0.008870459161698818,-0.00896487571299076,0.00018883257871493697,0.0,0.0,0.07909999787807465,0.21130000054836273,0.01184999942779541,0.0,0.0,0.0,0.09021084755659103,0.07710843533277512,0.07008928805589676
7985000,1597,0.0,1.4292867183685303,-0.00945504754781723,-0.009557387791574001,0.0002046802401309833,0.0,0.0,0.09459999948740005,0.2207999974489212,0.01529999915510416,0.0,0.0,0.0,0.10030120611190796,0.08674699068069458,0.096726194024086
7990000,1598,0.0,1.4191001653671265,-0.00881712045520544,-0.008915930055081844,0.0001976184721570462,0.0,0.0,0.09459999948740005,0.21409998834133148,0.02630000002682209,0.0,0.0,0.0,0.10075301676988602,0.09231927990913391,0.0907738134264946
7995000,1599,0.0,1.432281255722046,-0.0007529537542723119,-0.0008358718478120863,0.0001658362161833793,0.0,0.0,0.10249999910593033,0.2146499902009964,0.016599999740719795,0.0,0.0,0.0,0.1075301244854927,0.10271084308624268,0.09732143580913544
8000000,1600,0.0,1.4194178581237793,-0.012141924351453781,-0.012232786044478416,0.00018172262934967875,0.0,0.0,0.0949999988079071,0.22174999117851257,0.01795000024139881,0.0,0.0,0.0,0.09533132612705231,0.09533132612705231,0.09434524178504944
8005000,1601,0.0,1.4330589771270752,-0.010249260812997818,-0.010346360504627228,0.00019419851014390588,0.0,0.0,0.10610000044107437,0.2317499965429306,0.00559999980032444,0.0,0.0,0.0,0.11521084606647491,0.09623493999242783,0.10684524476528168
8010000,1602,0.0,1.418957233428955,-0.017492711544036865,-0.01759079098701477,0.000196159424376674,0.0,0.0,0.09884999692440033,0.2397499978542328,0.01489999983459711,0.0,0.0,0.0,0.10617469996213913,0.09563253074884415,0.09479167312383652
8015000,1603,0.0,1.4317898750305176,-0.035214465111494064,-0.0354449637234211,0.00046100092004053295,0.0,0.0,0.09075000137090683,0.2483999878168106,0.006599999964237213,0.0,0.0,0.0,0.09668675065040588,0.08810240775346756,0.08750000596046448
8020000,1604,0.0,1.4152156114578247,-0.03458686172962189,-0.034854959696531296,0.0005361954681575298,0.0,0.0,0.08464999496936798,0.24399998784065247,0.010999999940395355,0.0,0.0,0.0,0.10090361535549164,0.07876506447792053,0.0744047611951828
8025000,1605,0.0,1.4116206169128418,0.014798416756093502,0.014641465619206429,0.0003139018372166902,0.0,0.0,0.08100000023841858,0.2595999836921692,0.011500000022351742,0.0,0.0,0.0,0.08795180916786194,0.07650602608919144,0.07857143133878708
8030000,1606,0.0,1.3914886713027954,0.03910593315958977,0.03869025036692619,0.0008313655853271484,0.0,0.0,0.07154999673366547,0.2590999901294708,0.022549999877810478,0.0,0.0,0.0,0.07213855534791946,0.07364457845687866,0.06889881193637848
8035000,1607,0.0,1.4007099866867065,0.016094200313091278,0.015925737097859383,0.00033692593569867313,0.0,0.0,0.07679999619722366,0.24744999408721924,0.021150000393390656,0.0,0.0,0.0,0.08012048155069351,0.0739457830786705,0.07633928954601288
8040000,1608,0.0,1.428100347518921,-0.03344669193029404,-0.03364476561546326,0.00039614937850274146,0.0,0.0,0.09584999829530716,0.228549987077713,0.010449999943375587,0.0,0.0,0.0,0.10240963846445084,0.09036144614219666,0.09479167312383652
8045000,1609,0.0,1.4222371578216553,-0.025169380009174347,-0.025321336463093758,0.0003039135772269219,0.0,0.0,0.09619999676942825,0.21649999916553497,0.010149999521672726,0.0,0.0,0.0,0.10165663063526154,0.09789156913757324,0.08913690596818924
8050000,1610,0.0,1.4177908897399902,0.010415527038276196,0.010291527025401592,0.000248000054853037,0.0,0.0,0.08734999597072601,0.20844998955726624,0.016300000250339508,0.0,0.0,0.0,0.09894578158855438,0.0846385583281517,0.07857143133878708
8055000,1611,0.0,1.4199097156524658,-0.005673792213201523,-0.005750101990997791,0.00015261948283296078,0.0,0.0,0.07705000042915344,0.21799999475479126,0.010400000028312206,0.0,0.0,0.0,0.08343373984098434,0.0769578292965889,0.07083333283662796
8060000,1612,0.0,1.4262070655822754,-0.014847273007035255,-0.014938851818442345,0.0001831576955737546,0.0,0.0,0.09139999747276306,0.22624999284744263,0.01205000001937151,0.0,0.0,0.0,0.10783132910728455,0.08207831531763077,0.08437500149011612
8065000,1613,0.0,1.4142630100250244,0.0009085042402148247,0.0007620034739375114,0.00029300153255462646,0.0,0.0,0.09375,0.23884999752044678,0.012199999764561653,0.0,0.0,0.0,0.10707831382751465,0.08749999850988388,0.08675595372915268
8070000,1614,0.0,1.4139071702957153,-0.00477523123845458,-0.004858825821429491,0.0001671890786383301,0.0,0.0,0.10529999434947968,0.24569998681545258,0.00989999994635582,0.0,0.0,0.0,0.11822289228439331,0.0998494029045105,0.09791667014360428
8075000,1615,0.0,1.4189010858535767,-0.010731585323810577,-0.010822556912899017,0.0001819438475649804,0.0,0.0,0.10144999623298645,0.24524998664855957,0.013899999670684338,0.0,0.0,0.0,0.11310241371393204,0.09774096310138702,0.09360119700431824
8080000,1616,0.0,1.4211145639419556,-0.02792808786034584,-0.028104268014431,0.00035236094845458865,0.0,0.0,0.10164999961853027,0.23399999737739563,0.008799999952316284,0.0,0.0,0.0,0.11144578456878662,0.09774096310138702,0.09583333879709244
8085000,1617,0.0,1.4197478294372559,-0.042840179055929184,-0.043156206607818604,0.0006320523098111153,0.0,0.0,0.0961499959230423,0.23184999823570251,0.019299998879432678,0.0,0.0,0.0,0.09472891688346863,0.09849397838115692,0.095238097012043
8090000,1618,0.0,1.414098858833313,-0.025110861286520958,-0.025269635021686554,0.0003175492165610194,0.0,0.0,0.09269999712705612,0.23389999568462372,0.011749999597668648,0.0,0.0,0.0,0.0983433723449707,0.08960843831300735,0.09017857164144516
8095000,1619,0.0,1.4141627550125122,0.010554329492151737,0.01043853722512722,0.00023158537806011736,0.0,0.0,0.08500000089406967,0.2316499948501587,0.016850000247359276,0.0,0.0,0.0,0.09322289377450943,0.08027108758687973,0.08154762536287308
8100000,1620,0.0,1.4112387895584106,0.03328011557459831,0.03296516090631485,0.0006299088709056377,0.0,0.0,0.08810000121593475,0.23089998960494995,0.018400000408291817,0.0,0.0,0.0,0.102108433842659,0.08644578605890274,0.0758928582072258
8105000,1621,0.0,1.404767394065857,0.025405237451195717,0.025195611640810966,0.00041925295954570174,0.0,0.0,0.07989999651908875,0.2386999875307083,0.02094999887049198,0.0,0.0,0.0,0.09186746925115585,0.07259036600589752,0.07529762387275696
8110000,1622,0.0,1.3989466428756714,0.007789978291839361,0.007674671709537506,0.00023061347019392997,0.0,0.0,0.08415000140666962,0.23729999363422394,0.020600000396370888,0.0,0.0,0.0,0.09879518300294876,0.07816265523433685,0.07559523731470108
8115000,1623,0.0,1.4149467945098877,-0.019159069284796715,-0.01927538588643074,0.0002326345129404217,0.0,0.0,0.09444999694824219,0.2451999932527542,0.017149999737739563,0.0,0.0,0.0,0.10602410137653351,0.09337349236011505,0.0840773805975914
8120000,1624,0.0,1.421110987663269,-0.04696290194988251,-0.04731481522321701,0.0007038235198706388,0.0,0.0,0.10544999688863754,0.23989999294281006,0.00989999994635582,0.0,0.0,0.0,0.1158132553100586,0.09879518300294876,0.10178571939468384
8125000,1625,0.0,1.4234551191329956,-0.07200506329536438,-0.07273819297552109,0.0014662579633295536,0.0,0.0,0.10305000096559525,0.23499999940395355,0.011149999685585499,0.0,0.0,0.0,0.11671686917543411,0.10180722922086716,0.0907738134264946
8130000,1626,0.0,1.408413290977478,-0.013767044059932232,-0.013889815658330917,0.000245542818447575,0.0,0.0,0.10574999451637268,0.22829999029636383,0.022549999877810478,0.0,0.0,0.0,0.111295185983181,0.10316265374422073,0.10282738506793976
8135000,1627,0.0,1.4092345237731934,0.031506914645433426,0.03121480718255043,0.000584217079449445,0.0,0.0,0.09489999711513519,0.24354998767375946,0.021900000050663948,0.0,0.0,0.0,0.10451807081699371,0.08810240775346756,0.09211309999227524
8140000,1628,0.0,1.4211151599884033,-0.0022059099283069372,-0.0022813582327216864,0.00015089668158907443,0.0,0.0,0.10019999742507935,0.23240000009536743,0.012600000016391277,0.0,0.0,0.0,0.1135542169213295,0.09397590905427933,0.09315476566553116
8145000,1629,0.0,1.4159945249557495,-0.03584166616201401,-0.03606254607439041,0.00044175790389999747,0.0,0.0,0.11034999787807465,0.22254998981952667,0.01834999956190586,0.0,0.0,0.0,0.11641566455364227,0.10737951844930649,0.10729166865348816
8150000,1630,0.0,1.4228079319000244,-0.0032286224886775017,-0.0033148399088531733,0.00017243465117644519,0.0,0.0,0.10764999687671661,0.21709999442100525,0.013199999928474426,0.0,0.0,0.0,0.12228915840387344,0.10256024450063705,0.098214291036129
8155000,1631,0.0,1.419579267501831,0.0007391212857328355,0.0006434081005863845,0.000191426370292902,0.0,0.0,0.10159999877214432,0.21319998800754547,0.0139999995008111,0.0,0.0,0.0,0.11656627058982849,0.1013554260134697,0.0870535746216774
8160000,1632,0.0,1.4254279136657715,-0.010812229476869106,-0.010927435010671616,0.00023041045642457902,0.0,0.0,0.09434999525547028,0.21130000054836273,0.004650000017136335,0.0,0.0,0.0,0.10015060752630234,0.09021084755659103,0.09270833432674408
8165000,1633,0.0,1.416949987411499,-0.009026654995977879,-0.00910887774080038,0.00016444556240458041,0.0,0.0,0.08214999735355377,0.23349998891353607,0.012299999594688416,0.0,0.0,0.0,0.0831325352191925,0.07740963995456696,0.08586309850215912
8170000,1634,0.0,1.410394549369812,-0.011324379593133926,-0.011397584341466427,0.0001464087254134938,0.0,0.0,0.08214999735355377,0.2345999926328659,0.01759999990463257,0.0,0.0,0.0,0.08749999850988388,0.08072289079427719,0.07827381044626236
8175000,1635,0.0,1.4077562093734741,-0.003934596199542284,-0.004022428300231695,0.00017566431779414415,0.0,0.0,0.07580000162124634,0.23684999346733093,0.013249999843537807,0.0,0.0,0.0,0.08418674767017365,0.06972891837358475,0.07351190596818924
8180000,1636,0.0,1.419927716255188,-0.002494212705641985,-0.002567123156040907,0.0001458211336284876,0.0,0.0,0.08609999716281891,0.23294998705387115,0.01054999977350235,0.0,0.0,0.0,0.09698795527219772,0.07876506447792053,0.082589291036129
8185000,1637,0.0,1.4262771606445312,-0.018280738964676857,-0.018381327390670776,0.00020117733220104128,0.0,0.0,0.10439999401569366,0.23420000076293945,0.008700000122189522,0.0,0.0,0.0,0.11415662616491318,0.09894578158855438,0.10014881193637848
8190000,1638,0.0,1.427896499633789,-0.00556695181876421,-0.005642847158014774,0.0001517904456704855,0.0,0.0,0.1136000007390976,0.23394998908042908,0.009949999861419201,0.0,0.0,0.0,0.13147591054439545,0.1075301244854927,0.1019345298409462
8195000,1639,0.0,1.4145866632461548,-0.003390563651919365,-0.0034881392493844032,0.0001951513986568898,0.0,0.0,0.10130000114440918,0.234949991106987,0.013299999758601189,0.0,0.0,0.0,0.10542169213294983,0.09939759224653244,0.09910714626312256
8200000,1640,0.0,1.434045672416687,-0.008763214573264122,-0.008844036608934402,0.00016164316912181675,0.0,0.0,0.1115499958395958,0.24204999208450317,0.015049999579787254,0.0,0.0,0.0,0.11641566455364227,0.10783132910728455,0.11041667312383652
8205000,1641,0.0,1.4276843070983887,-0.017251698300242424,-0.0173465758562088,0.00018975338025484234,0.0,0.0,0.08980000019073486,0.24139998853206635,0.012000000104308128,0.0,0.0,0.0,0.08810240775346756,0.09307228773832321,0.08824405074119568
8210000,1642,0.0,1.434781789779663,-0.03201766684651375,-0.03219851106405258,0.0003616896574385464,0.0,0.0,0.089649997651577,0.24689999222755432,0.015350000001490116,0.0,0.0,0.0,0.09533132612705231,0.08825301378965378,0.08541666716337204
8215000,1643,0.0,1.4316405057907104,-0.05839011073112488,-0.058871928602457047,0.0009636349277570844,0.0,0.0,0.09754999727010727,0.24824999272823334,0.018950000405311584,0.0,0.0,0.0,0.10240963846445084,0.0906626507639885,0.09955357760190964
8220000,1644,0.0,1.4327186346054077,-0.04104180261492729,-0.04129971191287041,0.000515821622684598,0.0,0.0,0.10849999636411667,0.23709999024868011,0.015799999237060547,0.0,0.0,0.0,0.10888554155826569,0.10798192769289017,0.1086309552192688
8225000,1645,0.0,1.413786768913269,-0.013474606908857822,-0.013562857173383236,0.0001765001507010311,0.0,0.0,0.08649999648332596,0.23829999566078186,0.024449998512864113,0.0,0.0,0.0,0.09262048453092575,0.0831325352191925,0.08377976715564728
8230000,1646,0.0,1.4180018901824951,0.011024553328752518,0.01090245135128498,0.000244204537011683,0.0,0.0,0.08720000088214874,0.23844999074935913,0.01889999955892563,0.0,0.0,0.0,0.08840361982584,0.08147590607404709,0.09166666865348816
8235000,1647,0.0,1.4193997383117676,-0.0010097695048898458,-0.0010843259515240788,0.00014911296602804214,0.0,0.0,0.09139999747276306,0.24094998836517334,0.015149999409914017,0.0,0.0,0.0,0.0998494029045105,0.08644578605890274,0.08794642984867096
8240000,1648,0.0,1.4234766960144043,-0.01776469685137272,-0.017865195870399475,0.00020099713583476841,0.0,0.0,0.09769999980926514,0.2321999967098236,0.019749999046325684,0.0,0.0,0.0,0.10045181214809418,0.10045181214809418,0.0922619104385376
8245000,1649,0.0,1.4015482664108276,-0.009237782098352909,-0.009346770122647285,0.0002179754665121436,0.0,0.0,0.08370000123977661,0.21819999814033508,0.023749999701976776,0.0,0.0,0.0,0.09262048453092575,0.07831325381994247,0.08020833879709244
8250000,1650,0.0,1.4254000186920166,-0.0026253443211317062,-0.002716482849791646,0.0001822770427679643,0.0,0.0,0.09484999626874924,0.217849999666214,0.005649999715387821,0.0,0.0,0.0,0.09774096310138702,0.09412650763988495,0.09270833432674408
8255000,1651,0.0,1.411734938621521,-0.009057603776454926,-0.009150727652013302,0.00018624731455929577,0.0,0.0,0.09874999523162842,0.21819999814033508,0.020600000396370888,0.0,0.0,0.0,0.10617469996213913,0.09668675065040588,0.09345238655805588
8260000,1652,0.0,1.4055397510528564,-0.009643295779824257,-0.00973217748105526,0.000177763809915632,0.0,0.0,0.0880500003695488,0.241799995303154,0.023000000044703484,0.0,0.0,0.0,0.08433735370635986,0.08554217219352722,0.09419643133878708
8265000,1653,0.0,1.4039841890335083,-0.010807997547090054,-0.010885319672524929,0.00015464496391359717,0.0,0.0,0.09569999575614929,0.24740000069141388,0.029999999329447746,0.0,0.0,0.0,0.09804216772317886,0.09186746925115585,0.09717262536287308
8270000,1654,0.0,1.410872220993042,-0.02255452796816826,-0.022680504247546196,0.00025195314083248377,0.0,0.0,0.08739999681711197,0.24605000019073486,0.01874999888241291,0.0,0.0,0.0,0.09969879686832428,0.08493976294994354,0.07767857611179352
8275000,1655,0.0,1.426047921180725,-0.023583972826600075,-0.02369976043701172,0.0002315742603968829,0.0,0.0,0.0892999991774559,0.24824999272823334,0.011249999515712261,0.0,0.0,0.0,0.09412650763988495,0.08795180916786194,0.08586309850215912
8280000,1656,0.0,1.4269640445709229,-0.02243858389556408,-0.02254360355436802,0.00021003899746574461,0.0,0.0,0.08559999614953995,0.2459999918937683,0.009449999779462814,0.0,0.0,0.0,0.09939759224653244,0.08237951993942261,0.0751488134264946
8285000,1657,0.0,1.4116299152374268,-0.015873683616518974,-0.015982545912265778,0.00021772536274511367,0.0,0.0,0.08344999700784683,0.2414499968290329,0.016300000250339508,0.0,0.0,0.0,0.09277108311653137,0.08012048155069351,0.07752976566553116
8290000,1658,0.0,1.409329891204834,-0.022763926535844803,-0.022881029173731804,0.00023420536308549345,0.0,0.0,0.0786999985575676,0.2365499883890152,0.013399999588727951,0.0,0.0,0.0,0.07981927692890167,0.07575301080942154,0.08050595223903656
8295000,1659,0.0,1.4144458770751953,-0.04509492218494415,-0.045414168387651443,0.0006384928710758686,0.0,0.0,0.07880000025033951,0.22689999639987946,0.01249999925494194,0.0,0.0,0.0,0.08524096757173538,0.0777108445763588,0.07351190596818924
8300000,1660,0.0,1.405099630355835,-0.04110563173890114,-0.04138088598847389,0.0005505119333975017,0.0,0.0,0.0738999992609024,0.21594999730587006,0.01899999938905239,0.0,0.0,0.0,0.08072289079427719,0.06972891837358475,0.07127976417541504
8305000,1661,0.0,1.4217978715896606,-0.0256329458206892,-0.025787541642785072,0.00030919251730665565,0.0,0.0,0.09730000048875809,0.20224998891353607,0.013499999418854713,0.0,0.0,0.0,0.10737951844930649,0.09156626462936401,0.0930059552192688
8310000,1662,0.0,1.414597988128662,-0.019322562962770462,-0.019453365355730057,0.00026160571724176407,0.0,0.0,0.09834999591112137,0.2012999951839447,0.022949999198317528,0.0,0.0,0.0,0.10692771524190903,0.0899096429347992,0.098214291036129
8315000,1663,0.0,1.412613034248352,-0.004294519778341055,-0.004371724557131529,0.00015440992137882859,0.0,0.0,0.09969999641180038,0.20534999668598175,0.02159999869763851,0.0,0.0,0.0,0.11144578456878662,0.0906626507639885,0.09702381491661072
8320000,1664,0.0,1.415901780128479,0.00014635242405347526,3.081235627178103e-05,0.0002310801501153037,0.0,0.0,0.10349999368190765,0.22119998931884766,0.020499998703598976,0.0,0.0,0.0,0.11867470294237137,0.09638554602861404,0.09553571790456772
8325000,1665,0.0,1.4134747982025146,-0.003499563317745924,-0.003580358112230897,0.00016158947255462408,0.0,0.0,0.08609999716281891,0.2405499964952469,0.015099999494850636,0.0,0.0,0.0,0.09141566604375839,0.08147590607404709,0.08541666716337204
8330000,1666,0.0,1.416427731513977,-0.01602274365723133,-0.01610059104859829,0.00015569596143905073,0.0,0.0,0.07919999957084656,0.2624499797821045,0.00930000003427267,0.0,0.0,0.0,0.08358433842658997,0.07861445844173431,0.07544643431901932
8335000,1667,0.0,1.4083412885665894,-0.03653056547045708,-0.03673958778381348,0.00041804512147791684,0.0,0.0,0.07964999973773956,0.2634499967098236,0.013599999248981476,0.0,0.0,0.0,0.08659638464450836,0.07530120760202408,0.07708333432674408
8340000,1668,0.0,1.424709677696228,-0.04585620388388634,-0.04614744335412979,0.0005824816762469709,0.0,0.0,0.10215000063180923,0.25540000200271606,0.013499999418854713,0.0,0.0,0.0,0.10662651062011719,0.10316265374422073,0.096726194024086
8345000,1669,0.0,1.4275474548339844,-0.021581945940852165,-0.0216690506786108,0.000174208777025342,0.0,0.0,0.1148499995470047,0.235849991440773,0.01269999984651804,0.0,0.0,0.0,0.12996987998485565,0.10888554155826569,0.10580357909202576
8350000,1670,0.0,1.4421733617782593,-0.011645635589957237,-0.011722172610461712,0.00015307471039704978,0.0,0.0,0.1310499906539917,0.20995000004768372,0.00969999935477972,0.0,0.0,0.0,0.13448795676231384,0.13057228922843933,0.12812501192092896
8355000,1671,0.0,1.4261583089828491,-0.005376220680773258,-0.005447679199278355,0.00014291696425061673,0.0,0.0,0.10969999432563782,0.2078000009059906,0.017549999058246613,0.0,0.0,0.0,0.11701807379722595,0.10707831382751465,0.10505952686071396
8360000,1672,0.0,1.420055866241455,-0.003109922166913748,-0.0031805620528757572,0.00014127983013167977,0.0,0.0,0.09704999625682831,0.20149999856948853,0.016699999570846558,0.0,0.0,0.0,0.10105422139167786,0.09382530301809311,0.09627976268529892
8365000,1673,0.0,1.4085124731063843,-0.01511567085981369,-0.015200010500848293,0.00016867932572495192,0.0,0.0,0.0810999944806099,0.20009998977184296,0.023749999701976776,0.0,0.0,0.0,0.08403614908456802,0.07996988296508789,0.07931547611951828
8370000,1674,0.0,1.4177690744400024,-0.029726436361670494,-0.029873551800847054,0.0002942293358501047,0.0,0.0,0.08339999616146088,0.20854999125003815,0.01614999957382679,0.0,0.0,0.0,0.0876506045460701,0.0831325352191925,0.07946428656578064
8375000,1675,0.0,1.4063124656677246,-0.050823502242565155,-0.05120878666639328,0.0007705725729465485,0.0,0.0,0.0832500010728836,0.23029999434947968,0.023899998515844345,0.0,0.0,0.0,0.08403614908456802,0.08147590607404709,0.08422619104385376
8380000,1676,0.0,1.4170095920562744,-0.05504829064011574,-0.05548108369112015,0.0008655879646539688,0.0,0.0,0.09514999389648438,0.23899999260902405,0.01939999870955944,0.0,0.0,0.0,0.10256024450063705,0.09126506000757217,0.09166666865348816
8385000,1677,0.0,1.424524188041687,0.003421203000470996,0.003346455981954932,0.0001494942553108558,0.0,0.0,0.1010499969124794,0.2423499971628189,0.01484999991953373,0.0,0.0,0.0,0.10587349534034729,0.0998494029045105,0.0974702388048172
8390000,1678,0.0,1.4300570487976074,0.031460314989089966,0.031186198815703392,0.0005482324631884694,0.0,0.0,0.10464999824762344,0.22809998691082,0.009800000116229057,0.0,0.0,0.0,0.11370482295751572,0.10496988147497177,0.09538690745830536
8395000,1679,0.0,1.4137415885925293,0.004320202860981226,0.004248268902301788,0.00014386759721674025,0.0,0.0,0.09489999711513519,0.22235000133514404,0.01549999974668026,0.0,0.0,0.0,0.1013554260134697,0.09292168915271759,0.09047619253396988
8400000,1680,0.0,1.4151685237884521,-0.02500864490866661,-0.025114508345723152,0.00021172761626075953,0.0,0.0,0.08899999409914017,0.22190000116825104,0.008499999530613422,0.0,0.0,0.0,0.09743975847959518,0.0868975892663002,0.08273810148239136
8405000,1681,0.0,1.4073693752288818,-0.010286809876561165,-0.010362954810261726,0.00015228975098580122,0.0,0.0,0.08709999918937683,0.22314999997615814,0.016950000077486038,0.0,0.0,0.0,0.09081325680017471,0.08554217219352722,0.08497024327516556
8410000,1682,0.0,1.4270035028457642,0.012728026136755943,0.01262122206389904,0.00021360818936955184,0.0,0.0,0.09594999998807907,0.22294999659061432,0.013949999585747719,0.0,0.0,0.0,0.10557229071855545,0.09382530301809311,0.0885416716337204
8415000,1683,0.0,1.4253437519073486,0.020713912323117256,0.02055271342396736,0.00032239637221209705,0.0,0.0,0.10019999742507935,0.22709999978542328,0.013299999758601189,0.0,0.0,0.0,0.10677710920572281,0.09698795527219772,0.09687500447034836
8420000,1684,0.0,1.4214383363723755,0.005953705403953791,0.0058821868151426315,0.0001430367847206071,0.0,0.0,0.08899999409914017,0.23349998891353607,0.01205000001937151,0.0,0.0,0.0,0.09864457696676254,0.08222891390323639,0.08616071939468384
8425000,1685,0.0,1.4238697290420532,-0.014613078907132149,-0.01468435488641262,0.0001425512891728431,0.0,0.0,0.08935000002384186,0.23729999363422394,0.010499999858438969,0.0,0.0,0.0,0.094578318297863,0.08825301378965378,0.08526785671710968
8430000,1686,0.0,1.4108375310897827,-0.018595945090055466,-0.018718190491199493,0.00024449123884551227,0.0,0.0,0.08259999752044678,0.24255000054836273,0.01614999957382679,0.0,0.0,0.0,0.0868975892663002,0.085391566157341,0.07559523731470108
8435000,1687,0.0,1.4172683954238892,-0.0029128913301974535,-0.0029763435013592243,0.00012690456060227007,0.0,0.0,0.08020000159740448,0.23429998755455017,0.009349999949336052,0.0,0.0,0.0,0.08704819530248642,0.07515060156583786,0.07842262089252472
8440000,1688,0.0,1.4245810508728027,0.010849823243916035,0.010752752423286438,0.00019414236885495484,0.0,0.0,0.09354999661445618,0.2276500016450882,0.011749999597668648,0.0,0.0,0.0,0.1028614491224289,0.08704819530248642,0.0907738134264946
8445000,1689,0.0,1.4262298345565796,0.019540734589099884,0.01939116232097149,0.0002991440996993333,0.0,0.0,0.09764999896287918,0.2244499921798706,0.013100000098347664,0.0,0.0,0.0,0.10993976145982742,0.09051205217838287,0.09255952388048172
8450000,1690,0.0,1.4082735776901245,0.038098547607660294,0.03774447366595268,0.0007081495132297277,0.0,0.0,0.08644999563694,0.23319999873638153,0.02070000022649765,0.0,0.0,0.0,0.09246987849473953,0.08674699068069458,0.08020833879709244
8455000,1691,0.0,1.41714608669281,0.05497894808650017,0.054375793784856796,0.0012063054600730538,0.0,0.0,0.08545000106096268,0.23844999074935913,0.01425000000745058,0.0,0.0,0.0,0.09292168915271759,0.08147590607404709,0.08199404925107956
8460000,1692,0.0,1.4187318086624146,0.01053058635443449,0.010442744009196758,0.00017568499606568366,0.0,0.0,0.09860000014305115,0.23249998688697815,0.01899999938905239,0.0,0.0,0.0,0.10527108609676361,0.09397590905427933,0.09657738357782364
8465000,1693,0.0,1.4306689500808716,-0.03744533285498619,-0.037677060812711716,0.00046345690498128533,0.0,0.0,0.11574999988079071,0.22014999389648438,0.014349999837577343,0.0,0.0,0.0,0.12319277226924896,0.10918674618005753,0.11488095670938492
8470000,1694,0.0,1.4273401498794556,-0.03645145148038864,-0.03667425364255905,0.0004456027818378061,0.0,0.0,0.1062999963760376,0.20659999549388885,0.013499999418854713,0.0,0.0,0.0,0.10843373835086823,0.09548193216323853,0.11488095670938492
8475000,1695,0.0,1.421396017074585,0.01102098822593689,0.010922832414507866,0.00019631237955763936,0.0,0.0,0.10164999961853027,0.20099999010562897,0.017400000244379044,0.0,0.0,0.0,0.10737951844930649,0.09804216772317886,0.09955357760190964
8480000,1696,0.0,1.427902340888977,0.008321726694703102,0.008206956088542938,0.00022954096493776888,0.0,0.0,0.11604999750852585,0.19804999232292175,0.013700000010430813,0.0,0.0,0.0,0.12063252925872803,0.11415662616491318,0.11339285969734192
8485000,1697,0.0,1.4158849716186523,-0.022910555824637413,-0.02301226370036602,0.00020341620256658643,0.0,0.0,0.09549999982118607,0.21490000188350677,0.017649998888373375,0.0,0.0,0.0,0.10301204770803452,0.0975903645157814,0.08601190894842148
8490000,1698,0.0,1.4082190990447998,-0.01860431395471096,-0.018697941675782204,0.00018725512200035155,0.0,0.0,0.09109999984502792,0.2361999899148941,0.021649999544024467,0.0,0.0,0.0,0.0990963876247406,0.0906626507639885,0.08363095670938492
8495000,1699,0.0,1.4133126735687256,-0.003947615623474121,-0.004007706418633461,0.00012018115376122296,0.0,0.0,0.093299999833107,0.24009999632835388,0.020250000059604645,0.0,0.0,0.0,0.09864457696676254,0.09126506000757217,0.0900297686457634
8500000,1700,0.0,1.4163765907287598,-0.0044431863352656364,-0.0045286063104867935,0.00017083995044231415,0.0,0.0,0.10704999417066574,0.24124999344348907,0.020499998703598976,0.0,0.0,0.0,0.11551205068826675,0.09849397838115692,0.1071428582072258
8505000,1701,0.0,1.4150137901306152,-0.007008225191384554,-0.007108859717845917,0.00020126928575336933,0.0,0.0,0.09025000035762787,0.24239999055862427,0.017149999737739563,0.0,0.0,0.0,0.0968373492360115,0.08569277077913284,0.08824405074119568
8510000,1702,0.0,1.4093468189239502,-0.007865414023399353,-0.007938481867313385,0.00014613635721616447,0.0,0.0,0.09189999848604202,0.2329999953508377,0.028049999848008156,0.0,0.0,0.0,0.0998494029045105,0.0891566276550293,0.08675595372915268
8515000,1703,0.0,1.4186975955963135,-0.006649691145867109,-0.006716201081871986,0.0001330197846982628,0.0,0.0,0.10520000010728836,0.2145499885082245,0.019349999725818634,0.0,0.0,0.0,0.10798192769289017,0.10481928288936615,0.10282738506793976
8520000,1704,0.0,1.427685260772705,-0.007502037100493908,-0.007556068245321512,0.0001080618822015822,0.0,0.0,0.10619999468326569,0.211899995803833,0.02149999886751175,0.0,0.0,0.0,0.11671686917543411,0.10436747223138809,0.09761904925107956
8525000,1705,0.0,1.4255938529968262,-0.001985126407817006,-0.0020405128598213196,0.00011077302769990638,0.0,0.0,0.10724999755620956,0.21409998834133148,0.022249998524785042,0.0,0.0,0.0,0.11852409690618515,0.10406626760959625,0.09925595670938492
8530000,1706,0.0,1.4305700063705444,-0.013549118302762508,-0.013619920238852501,0.00014160442515276372,0.0,0.0,0.11580000072717667,0.22190000116825104,0.021049998700618744,0.0,0.0,0.0,0.12530121207237244,0.11219879984855652,0.10997024178504944
8535000,1707,0.0,1.4258363246917725,-0.024912042543292046,-0.025014841929078102,0.0002056005469057709,0.0,0.0,0.09514999389648438,0.22789999842643738,0.012999999336898327,0.0,0.0,0.0,0.09939759224653244,0.09743975847959518,0.08869048207998276
8540000,1708,0.0,1.4289593696594238,-0.011391912586987019,-0.011454298160970211,0.00012477132258936763,0.0,0.0,0.08100000023841858,0.22804999351501465,0.009750000201165676,0.0,0.0,0.0,0.09533132612705231,0.07635542005300522,0.0714285746216774
8545000,1709,0.0,1.4261995553970337,0.0028642630204558372,0.0027932836674153805,0.00014195869152899832,0.0,0.0,0.07975000143051147,0.23959998786449432,0.011049999855458736,0.0,0.0,0.0,0.08629518002271652,0.07861445844173431,0.0744047611951828
8550000,1710,0.0,1.4156287908554077,0.008624285459518433,0.008551067672669888,0.00014643649046774954,0.0,0.0,0.07589999586343765,0.24534998834133148,0.02070000022649765,0.0,0.0,0.0,0.07710843533277512,0.07424698770046234,0.07633928954601288
8555000,1711,0.0,1.4330308437347412,0.01024268101900816,0.010170378722250462,0.0001446055102860555,0.0,0.0,0.0888499990105629,0.23979999125003815,0.012649999931454659,0.0,0.0,0.0,0.09743975847959518,0.08478915691375732,0.08437500149011612
8560000,1712,0.0,1.41712486743927,0.01901170238852501,0.018846886232495308,0.0003296336508356035,0.0,0.0,0.08914999663829803,0.22589999437332153,0.013100000098347664,0.0,0.0,0.0,0.09743975847959518,0.08659638464450836,0.08348214626312256
8565000,1713,0.0,1.4240131378173828,0.03237815946340561,0.032080188393592834,0.0005959407426416874,0.0,0.0,0.10254999995231628,0.2204499989748001,0.013899999670684338,0.0,0.0,0.0,0.10707831382751465,0.10045181214809418,0.10014881193637848
8570000,1714,0.0,1.4167711734771729,0.019937312230467796,0.01977134309709072,0.0003319371026009321,0.0,0.0,0.09600000083446503,0.22869999706745148,0.018549999222159386,0.0,0.0,0.0,0.10602410137653351,0.09352409839630127,0.0885416716337204
8575000,1715,0.0,1.4243791103363037,-0.01855323649942875,-0.018630342558026314,0.00015421320858877152,0.0,0.0,0.11169999837875366,0.22769999504089355,0.01575000025331974,0.0,0.0,0.0,0.12003012001514435,0.11039157211780548,0.10476190596818924
8580000,1716,0.0,1.4241777658462524,-0.03464790806174278,-0.034821487963199615,0.00034715671790763736,0.0,0.0,0.10614999383687973,0.2368999868631363,0.020150000229477882,0.0,0.0,0.0,0.10963855683803558,0.10406626760959625,0.10476190596818924
8585000,1717,0.0,1.428930401802063,-0.021052442491054535,-0.02115257829427719,0.00020027322170790285,0.0,0.0,0.09375,0.24899999797344208,0.02239999920129776,0.0,0.0,0.0,0.0968373492360115,0.09322289377450943,0.09122024476528168
8590000,1718,0.0,1.426035761833191,-0.009373968467116356,-0.009424939751625061,0.000101942838227842,0.0,0.0,0.09584999829530716,0.23884999752044678,0.02239999920129776,0.0,0.0,0.0,0.1120481938123703,0.08674699068069458,0.08883929252624512
8595000,1719,0.0,1.4331915378570557,-0.000765239994507283,-0.0008128663757815957,9.525274799671024e-05,0.0,0.0,0.09009999781847,0.23375000059604645,0.021800000220537186,0.0,0.0,0.0,0.094578318297863,0.09051205217838287,0.08526785671710968
8600000,1720,0.0,1.4219212532043457,-0.005471352022141218,-0.005529334768652916,0.00011596552940318361,0.0,0.0,0.09339999407529831,0.22209998965263367,0.023649999871850014,0.0,0.0,0.0,0.10707831382751465,0.08840361982584,0.0848214328289032
8605000,1721,0.0,1.438027262687683,-0.012719560414552689,-0.012783944606781006,0.00012876885011792183,0.0,0.0,0.10884999483823776,0.22334998846054077,0.018699999898672104,0.0,0.0,0.0,0.125,0.10030120611190796,0.10133928805589676
8610000,1722,0.0,1.4283738136291504,-0.021940983831882477,-0.02203214168548584,0.0001823175116442144,0.0,0.0,0.09679999947547913,0.22439999878406525,0.012600000016391277,0.0,0.0,0.0,0.10918674618005753,0.09352409839630127,0.0877976194024086
8615000,1723,0.0,1.4053624868392944,-0.030467066913843155,-0.030679889023303986,0.0004256453539710492,0.0,0.0,0.10215000063180923,0.23160000145435333,0.00930000003427267,0.0,0.0,0.0,0.11370482295751572,0.09412650763988495,0.09866071492433548
8620000,1724,0.0,1.4251631498336792,-0.03504084795713425,-0.03521227464079857,0.0003428544441703707,0.0,0.0,0.09939999878406525,0.2407499998807907,0.014299999922513962,0.0,0.0,0.0,0.11551205068826675,0.0868975892663002,0.09583333879709244
8625000,1725,0.0,1.423360824584961,-0.035905621945858,-0.03612770512700081,0.00044416816672310233,0.0,0.0,0.1059499979019165,0.23819999396800995,0.014949999749660492,0.0,0.0,0.0,0.12033132463693619,0.0990963876247406,0.09851191192865372
8630000,1726,0.0,1.417531132698059,-0.038604333996772766,-0.03884353116154671,0.00047839374747127295,0.0,0.0,0.0940999984741211,0.2293500006198883,0.01209999993443489,0.0,0.0,0.0,0.09487952291965485,0.09201807528734207,0.09538690745830536
8635000,1727,0.0,1.424946665763855,-0.03544704243540764,-0.035647936165332794,0.0004017858300358057,0.0,0.0,0.08810000121593475,0.21184998750686646,0.014099999330937862,0.0,0.0,0.0,0.09412650763988495,0.08524096757173538,0.08497024327516556
8640000,1728,0.0,1.4293955564498901,-0.036940377205610275,-0.03713778033852577,0.00039480795385316014,0.0,0.0,0.08754999935626984,0.2053999900817871,0.01874999888241291,0.0,0.0,0.0,0.09668675065040588,0.08493976294994354,0.081101194024086
8645000,1729,0.0,1.4121623039245605,-0.052427466958761215,-0.05278930440545082,0.000723675824701786,0.0,0.0,0.08460000157356262,0.2184000015258789,0.032499998807907104,0.0,0.0,0.0,0.09382530301809311,0.07756024599075317,0.08244048058986664
8650000,1730,0.0,1.4149526357650757,-0.03308815509080887,-0.033290088176727295,0.0004038625629618764,0.0,0.0,0.09905000030994415,0.22504998743534088,0.026099998503923416,0.0,0.0,0.0,0.10692771524190903,0.09051205217838287,0.099702388048172
8655000,1731,0.0,1.4131070375442505,0.013229425065219402,0.013094121590256691,0.00027060782304033637,0.0,0.0,0.09519999474287033,0.2378999888896942,0.018299998715519905,0.0,0.0,0.0,0.10165663063526154,0.09563253074884415,0.08839286118745804
8660000,1732,0.0,1.421138882637024,-0.0018975113052874804,-0.0019807445351034403,0.0001664663723204285,0.0,0.0,0.11694999784231186,0.2447499930858612,0.012999999336898327,0.0,0.0,0.0,0.12786145508289337,0.11626506596803665,0.10684524476528168
8665000,1733,0.0,1.4092426300048828,-0.0233319029211998,-0.023438476026058197,0.00021314792684279382,0.0,0.0,0.09989999979734421,0.2610499858856201,0.01679999940097332,0.0,0.0,0.0,0.11234939843416214,0.09563253074884415,0.09181547909975052
8670000,1734,0.0,1.4227718114852905,-0.008856924250721931,-0.008935363963246346,0.0001568794687045738,0.0,0.0,0.10080000013113022,0.24709999561309814,0.008049999363720417,0.0,0.0,0.0,0.10496988147497177,0.09864457696676254,0.09880952537059784
8675000,1735,0.0,1.427289605140686,-0.005471369717270136,-0.005523159168660641,0.00010357887367717922,0.0,0.0,0.09259999543428421,0.25075000524520874,0.009599999524652958,0.0,0.0,0.0,0.10406626760959625,0.0861445814371109,0.08764881640672684
8680000,1736,0.0,1.3991641998291016,-0.0027627276722341776,-0.002841695211827755,0.00015793497732374817,0.0,0.0,0.08020000159740448,0.2397499978542328,0.015850000083446503,0.0,0.0,0.0,0.08810240775346756,0.07996988296508789,0.07261905074119568
8685000,1737,0.0,1.4126906394958496,-0.004466680344194174,-0.004508455283939838,8.35499886306934e-05,0.0,0.0,0.08799999952316284,0.2129499912261963,0.023349998518824577,0.0,0.0,0.0,0.08855421841144562,0.09623493999242783,0.07931547611951828
8690000,1738,0.0,1.4318997859954834,-0.01154418382793665,-0.01158902607858181,8.96845813258551e-05,0.0,0.0,0.09144999831914902,0.19409999251365662,0.01054999977350235,0.0,0.0,0.0,0.10030120611190796,0.08403614908456802,0.0900297686457634
8695000,1739,0.0,1.4408149719238281,-0.019644714891910553,-0.019734425470232964,0.00017942166596185416,0.0,0.0,0.1123499944806099,0.1939999908208847,0.008599999360740185,0.0,0.0,0.0,0.11521084606647491,0.11340361833572388,0.10848214477300644
8700000,1740,0.0,1.42503023147583,-0.03103512153029442,-0.031182942911982536,0.00029564122087322176,0.0,0.0,0.0908999964594841,0.21124999225139618,0.010799999348819256,0.0,0.0,0.0,0.0968373492360115,0.08825301378965378,0.08764881640672684
8705000,1741,0.0,1.4247747659683228,-0.032922860234975815,-0.03308704122900963,0.0003283588448539376,0.0,0.0,0.10019999742507935,0.21889999508857727,0.009449999779462814,0.0,0.0,0.0,0.1105421707034111,0.0983433723449707,0.09181547909975052
8710000,1742,0.0,1.4190458059310913,-0.04339531064033508,-0.04367618262767792,0.0005617461865767837,0.0,0.0,0.09974999725818634,0.2238999903202057,0.016999999061226845,0.0,0.0,0.0,0.1075301244854927,0.09201807528734207,0.099702388048172
8715000,1743,0.0,1.4245409965515137,-0.04813127964735031,-0.04845098406076431,0.0006394106894731522,0.0,0.0,0.09489999711513519,0.2345999926328659,0.013650000095367432,0.0,0.0,0.0,0.10512048751115799,0.09201807528734207,0.08764881640672684
8720000,1744,0.0,1.4289793968200684,-0.004352515563368797,-0.0043952129781246185,8.539471309632063e-05,0.0,0.0,0.08919999748468399,0.23259998857975006,0.009399999864399433,0.0,0.0,0.0,0.0998494029045105,0.08358433842658997,0.08422619104385376
8725000,1745,0.0,1.4332759380340576,0.010599433444440365,0.010515376925468445,0.00016811395471449941,0.0,0.0,0.10099999606609344,0.23304998874664307,0.013049999251961708,0.0,0.0,0.0,0.11114457994699478,0.09939759224653244,0.09255952388048172
8730000,1746,0.0,1.4316589832305908,-0.006653543561697006,-0.006690734066069126,7.438144530169666e-05,0.0,0.0,0.09434999525547028,0.22369998693466187,0.020150000229477882,0.0,0.0,0.0,0.10451807081699371,0.09352409839630127,0.08511905372142792
8735000,1747,0.0,1.4318084716796875,-0.018656298518180847,-0.01871948130428791,0.0001263655285583809,0.0,0.0,0.09279999881982803,0.22299998998641968,0.018849998712539673,0.0,0.0,0.0,0.09322289377450943,0.09051205217838287,0.09464286267757416
8740000,1748,0.0,1.4258137941360474,-0.025374777615070343,-0.025493521243333817,0.00023748540843371302,0.0,0.0,0.09364999830722809,0.22739998996257782,0.019500000402331352,0.0,0.0,0.0,0.10647590458393097,0.08960843831300735,0.08497024327516556
8745000,1749,0.0,1.432364821434021,-0.042156316339969635,-0.0423961766064167,0.0004797226865775883,0.0,0.0,0.0982000008225441,0.21930000185966492,0.0139999995008111,0.0,0.0,0.0,0.10512048751115799,0.09337349236011505,0.09613095968961716
8750000,1750,0.0,1.4328277111053467,-0.04846944287419319,-0.04877813532948494,0.000617384968791157,0.0,0.0,0.10534999519586563,0.2214999943971634,0.013650000095367432,0.0,0.0,0.0,0.10963855683803558,0.10512048751115799,0.10133928805589676
8755000,1751,0.0,1.425196886062622,-0.03196026757359505,-0.03210572525858879,0.0002909174363594502,0.0,0.0,0.0969499945640564,0.22374999523162842,0.01834999956190586,0.0,0.0,0.0,0.10406626760959625,0.09277108311653137,0.09404762089252472
8760000,1752,0.0,1.425957202911377,-0.006351010408252478,-0.006400039419531822,9.805760782910511e-05,0.0,0.0,0.0989999994635582,0.23309999704360962,0.019899999722838402,0.0,0.0,0.0,0.10225903987884521,0.10045181214809418,0.09434524178504944
8765000,1753,0.0,1.4262017011642456,0.0023893576581031084,0.002326281275600195,0.0001261526340385899,0.0,0.0,0.09905000030994415,0.23025000095367432,0.015350000001490116,0.0,0.0,0.0,0.10527108609676361,0.09337349236011505,0.09851191192865372
8770000,1754,0.0,1.4399114847183228,0.001070961356163025,0.0010114915203303099,0.00011893956252606586,0.0,0.0,0.11490000039339066,0.22644999623298645,0.013650000095367432,0.0,0.0,0.0,0.12259036302566528,0.11114457994699478,0.11101190745830536
8775000,1755,0.0,1.4250283241271973,-0.006705400533974171,-0.006774230860173702,0.0001376609579892829,0.0,0.0,0.10554999858140945,0.22349999845027924,0.013849999755620956,0.0,0.0,0.0,0.10873494297266006,0.10632530599832535,0.10163690894842148
8780000,1756,0.0,1.42836594581604,-0.01987556740641594,-0.019951120018959045,0.00015110512322280556,0.0,0.0,0.10459999740123749,0.22209998965263367,0.016950000077486038,0.0,0.0,0.0,0.11762048304080963,0.10120481997728348,0.09508928656578064
8785000,1757,0.0,1.4217729568481445,-0.027640970423817635,-0.027766643092036247,0.0002513467625249177,0.0,0.0,0.09470000118017197,0.23115000128746033,0.015549999661743641,0.0,0.0,0.0,0.09623493999242783,0.09593373537063599,0.09196428954601288
8790000,1758,0.0,1.4228980541229248,-0.03851951286196709,-0.03870856389403343,0.00037810346111655235,0.0,0.0,0.09474999457597733,0.22094999253749847,0.025200000032782555,0.0,0.0,0.0,0.09894578158855438,0.09081325680017471,0.0944940522313118
8795000,1759,0.0,1.4313273429870605,-0.046152323484420776,-0.04642936959862709,0.0005540956626646221,0.0,0.0,0.10224999487400055,0.21594999730587006,0.022849999368190765,0.0,0.0,0.0,0.11521084606647491,0.09743975847959518,0.09419643133878708
8800000,1760,0.0,1.4215022325515747,-0.041949789971113205,-0.042196646332740784,0.0004937123158015311,0.0,0.0,0.09439999610185623,0.22529999911785126,0.014149999246001244,0.0,0.0,0.0,0.10496988147497177,0.08960843831300735,0.08869048207998276
8805000,1761,0.0,1.4153697490692139,-0.03255869075655937,-0.032702308148145676,0.0002872371696867049,0.0,0.0,0.0888499990105629,0.22675000131130219,0.022549999877810478,0.0,0.0,0.0,0.09819277375936508,0.08237951993942261,0.08601190894842148
8810000,1762,0.0,1.4140411615371704,-0.03474065288901329,-0.03491818159818649,0.00035505511914379895,0.0,0.0,0.1152999997138977,0.21660000085830688,0.021150000393390656,0.0,0.0,0.0,0.12560240924358368,0.10933735221624374,0.11101190745830536
8815000,1763,0.0,1.420661449432373,-0.039435070008039474,-0.03965262323617935,0.00043510732939466834,0.0,0.0,0.11479999870061874,0.2235499918460846,0.01964999921619892,0.0,0.0,0.0,0.1204819306731224,0.11445783078670502,0.10952381044626236
8820000,1764,0.0,1.4242579936981201,-0.00437296973541379,-0.004430724773555994,0.00011550984345376492,0.0,0.0,0.11814999580383301,0.2222999930381775,0.021649999544024467,0.0,0.0,0.0,0.12515060603618622,0.11701807379722595,0.112351194024086
8825000,1765,0.0,1.438805341720581,0.016875790432095528,0.01675654947757721,0.00023848174896556884,0.0,0.0,0.10289999842643738,0.21519999206066132,0.013499999418854713,0.0,0.0,0.0,0.11837349832057953,0.0975903645157814,0.09285714477300644
8830000,1766,0.0,1.4166642427444458,0.004968637600541115,0.0048804632388055325,0.00017634901450946927,0.0,0.0,0.10085000097751617,0.21939998865127563,0.0182499997317791,0.0,0.0,0.0,0.1105421707034111,0.102108433842659,0.0900297686457634
8835000,1767,0.0,1.4202138185501099,0.003382954513654113,0.0033222304191440344,0.00012144825450377539,0.0,0.0,0.09070000052452087,0.23555000126361847,0.023649999871850014,0.0,0.0,0.0,0.10527108609676361,0.08328313380479813,0.08363095670938492
8840000,1768,0.0,1.424912691116333,-0.005939914379268885,-0.006002739537507296,0.00012565046199597418,0.0,0.0,0.08569999784231186,0.23634999990463257,0.0139999995008111,0.0,0.0,0.0,0.08448795229196548,0.09036144614219666,0.08229167014360428
8845000,1769,0.0,1.4275104999542236,-0.013510997407138348,-0.01358440238982439,0.0001468103437218815,0.0,0.0,0.0880500003695488,0.22929999232292175,0.015149999409914017,0.0,0.0,0.0,0.09156626462936401,0.08524096757173538,0.08735119551420212
8850000,1770,0.0,1.4227583408355713,-0.036484356969594955,-0.036689408123493195,0.00041009977576322854,0.0,0.0,0.10529999434947968,0.23169998824596405,0.01850000023841858,0.0,0.0,0.0,0.10587349534034729,0.10662651062011719,0.1034226194024086
8855000,1771,0.0,1.424491047859192,-0.053209129720926285,-0.05358598381280899,0.0007537055062130094,0.0,0.0,0.11490000039339066,0.2236499935388565,0.029199998825788498,0.0,0.0,0.0,0.11942771077156067,0.11069277673959732,0.1145833358168602
8860000,1772,0.0,1.41722571849823,-0.0318470299243927,-0.03204622119665146,0.0003983790229540318,0.0,0.0,0.10439999401569366,0.22379998862743378,0.02279999852180481,0.0,0.0,0.0,0.10707831382751465,0.10015060752630234,0.10595238208770752
8865000,1773,0.0,1.412811517715454,-0.02735798805952072,-0.02748122438788414,0.00024647434474900365,0.0,0.0,0.09264999628067017,0.2293500006198883,0.026999998837709427,0.0,0.0,0.0,0.09819277375936508,0.08855421841144562,0.09122024476528168
8870000,1774,0.0,1.4182507991790771,-0.0231840331107378,-0.02327873185276985,0.00018939784786198288,0.0,0.0,0.08624999970197678,0.22325000166893005,0.019349999725818634,0.0,0.0,0.0,0.09111446142196655,0.08328313380479813,0.08437500149011612
8875000,1775,0.0,1.4283534288406372,-0.018849732354283333,-0.018915556371212006,0.00013164622941985726,0.0,0.0,0.09510000050067902,0.22394999861717224,0.020499998703598976,0.0,0.0,0.0,0.10030120611190796,0.09352409839630127,0.0915178582072258
8880000,1776,0.0,1.4276549816131592,-0.0069256918504834175,-0.006967472843825817,8.356227044714615e-05,0.0,0.0,0.1021999940276146,0.2248999923467636,0.021699998527765274,0.0,0.0,0.0,0.11415662616491318,0.09789156913757324,0.09464286267757416
8885000,1777,0.0,1.4311860799789429,-0.0013048810651525855,-0.0013519679196178913,9.417362161912024e-05,0.0,0.0,0.11149999499320984,0.22384999692440033,0.019999999552965164,0.0,0.0,0.0,0.1280120462179184,0.1006024107336998,0.10595238208770752
8890000,1778,0.0,1.4331378936767578,-0.0042047747410833836,-0.0042463853023946285,8.322124631376937e-05,0.0,0.0,0.11184999346733093,0.23044998943805695,0.02565000019967556,0.0,0.0,0.0,0.12018072605133057,0.10346385836601257,0.11190476268529892
8895000,1779,0.0,1.4275192022323608,-0.012703623622655869,-0.012760779820382595,0.00011431214807089418,0.0,0.0,0.10014999657869339,0.22864998877048492,0.020349999889731407,0.0,0.0,0.0,0.11460843682289124,0.09774096310138702,0.08824405074119568
8900000,1780,0.0,1.4345827102661133,-0.01855451799929142,-0.018614156171679497,0.00011927580635529011,0.0,0.0,0.09444999694824219,0.23204998672008514,0.010249999351799488,0.0,0.0,0.0,0.09713855385780334,0.09382530301809311,0.09241072088479996
8905000,1781,0.0,1.4293158054351807,-0.03104858659207821,-0.03118746168911457,0.00027774929185397923,0.0,0.0,0.0949999988079071,0.23804999887943268,0.015599999576807022,0.0,0.0,0.0,0.10165663063526154,0.09698795527219772,0.08645834028720856
8910000,1782,0.0,1.419460654258728,-0.05128851532936096,-0.05162817984819412,0.0006793318316340446,0.0,0.0,0.07719999551773071,0.23089998960494995,0.018149999901652336,0.0,0.0,0.0,0.0868975892663002,0.06852409988641739,0.07619047909975052
8915000,1783,0.0,1.412606954574585,-0.033050376921892166,-0.03322190046310425,0.00034304545260965824,0.0,0.0,0.0810999944806099,0.22784999012947083,0.01889999955892563,0.0,0.0,0.0,0.08509036153554916,0.08057229220867157,0.07767857611179352
8920000,1784,0.0,1.4277257919311523,-0.00599968945607543,-0.006048386450856924,9.739437518874183e-05,0.0,0.0,0.0921499952673912,0.22630000114440918,0.02199999988079071,0.0,0.0,0.0,0.10015060752630234,0.09186746925115585,0.08452381193637848
8925000,1785,0.0,1.4127874374389648,0.003587560961022973,0.003502247156575322,0.0001706275943433866,0.0,0.0,0.09889999777078629,0.2337999939918518,0.026750000193715096,0.0,0.0,0.0,0.10798192769289017,0.0975903645157814,0.09122024476528168
8930000,1786,0.0,1.4320544004440308,0.008760022930800915,0.008691102266311646,0.00013784164912067354,0.0,0.0,0.11854999512434006,0.2361999899148941,0.024550000205636024,0.0,0.0,0.0,0.12936747074127197,0.11762048304080963,0.10877976566553116
8935000,1787,0.0,1.429315209388733,0.012809447944164276,0.012691489420831203,0.00023591677017975599,0.0,0.0,0.11639999598264694,0.2325499951839447,0.019700000062584877,0.0,0.0,0.0,0.1272590458393097,0.11385542154312134,0.10818453133106232
8940000,1788,0.0,1.423657774925232,0.015001616440713406,0.014883416704833508,0.00023640033032279462,0.0,0.0,0.10920000076293945,0.22779999673366547,0.021250000223517418,0.0,0.0,0.0,0.11385542154312134,0.1090361475944519,0.10476190596818924
8945000,1789,0.0,1.4294934272766113,0.015932997688651085,0.015816563740372658,0.00023286799842026085,0.0,0.0,0.10489999502897263,0.2214999943971634,0.016349999234080315,0.0,0.0,0.0,0.10873494297266006,0.10466867685317993,0.10133928805589676
8950000,1790,0.0,1.4334368705749512,0.0027402332052588463,0.0026773668359965086,0.00012573263666126877,0.0,0.0,0.1051499992609024,0.23279999196529388,0.013049999251961708,0.0,0.0,0.0,0.11340361833572388,0.10075301676988602,0.10133928805589676
8955000,1791,0.0,1.4292696714401245,-0.015124824829399586,-0.015183532610535622,0.00011741577327484265,0.0,0.0,0.10554999858140945,0.23739999532699585,0.01874999888241291,0.0,0.0,0.0,0.111295185983181,0.10165663063526154,0.10372024029493332
8960000,1792,0.0,1.4280366897583008,-0.030017562210559845,-0.030134038999676704,0.00023295206483453512,0.0,0.0,0.1099499985575676,0.23539999127388,0.020499998703598976,0.0,0.0,0.0,0.11837349832057953,0.10722891986370087,0.10431548207998276
8965000,1793,0.0,1.4275543689727783,-0.048156753182411194,-0.048452701419591904,0.0005918999086134136,0.0,0.0,0.1200999990105629,0.22989998757839203,0.022099999710917473,0.0,0.0,0.0,0.1356927752494812,0.10737951844930649,0.11726190894842148
8970000,1794,0.0,1.4366471767425537,-0.05408644303679466,-0.05445505306124687,0.0007372167892754078,0.0,0.0,0.11634999513626099,0.22709999978542328,0.02239999920129776,0.0,0.0,0.0,0.12228915840387344,0.11611445993185043,0.11071428656578064
8975000,1795,0.0,1.4148032665252686,-0.013703511096537113,-0.013765648938715458,0.00012427539331838489,0.0,0.0,0.0989999994635582,0.23739999532699585,0.027400000020861626,0.0,0.0,0.0,0.10888554155826569,0.09442771226167679,0.09375
8980000,1796,0.0,1.4177944660186768,0.014426994137465954,0.0143332090228796,0.0001875700254458934,0.0,0.0,0.0986500009894371,0.25204998254776,0.025949999690055847,0.0,0.0,0.0,0.10572289675474167,0.09051205217838287,0.099702388048172
8985000,1797,0.0,1.412255048751831,0.015832683071494102,0.015702523291110992,0.0002603208413347602,0.0,0.0,0.09974999725818634,0.2563000023365021,0.022599998861551285,0.0,0.0,0.0,0.10180722922086716,0.10271084308624268,0.09479167312383652
8990000,1798,0.0,1.414023995399475,0.00843439158052206,0.008354411460459232,0.00015995993453543633,0.0,0.0,0.10399999469518661,0.24014998972415924,0.02565000019967556,0.0,0.0,0.0,0.1204819306731224,0.0990963876247406,0.09255952388048172
8995000,1799,0.0,1.417006254196167,-0.008413284085690975,-0.008465120568871498,0.00010367367212893441,0.0,0.0,0.10830000042915344,0.20969998836517334,0.02579999901354313,0.0,0.0,0.0,0.1234939768910408,0.1006024107336998,0.10089286416769028
9000000,1800,0.0,1.4230798482894897,-0.0228541512042284,-0.022941388189792633,0.0001744747132761404,0.0,0.0,0.1050499975681305,0.2061000019311905,0.028449999168515205,0.0,0.0,0.0,0.1105421707034111,0.10677710920572281,0.09791667014360428
9005000,1801,0.0,1.4323358535766602,-0.03859945759177208,-0.03879056125879288,0.0003822089929599315,0.0,0.0,0.10074999928474426,0.20804999768733978,0.02304999902844429,0.0,0.0,0.0,0.10195783525705338,0.10301204770803452,0.09732143580913544
9010000,1802,0.0,1.4308249950408936,-0.03380350396037102,-0.03396046906709671,0.00031392963137477636,0.0,0.0,0.10480000078678131,0.21209999918937683,0.022199999541044235,0.0,0.0,0.0,0.10557229071855545,0.10120481997728348,0.10758928954601288
9015000,1803,0.0,1.429709553718567,-0.01977558620274067,-0.019847847521305084,0.00014452195318881422,0.0,0.0,0.10979999601840973,0.22004999220371246,0.022299999371170998,0.0,0.0,0.0,0.11972891539335251,0.10888554155826569,0.10089286416769028
9020000,1804,0.0,1.4310394525527954,-0.007501150947064161,-0.007563010789453983,0.00012372012133710086,0.0,0.0,0.12325000017881393,0.21604999899864197,0.02384999953210354,0.0,0.0,0.0,0.12454819679260254,0.12364458292722702,0.12157738208770752
9025000,1805,0.0,1.4291716814041138,-0.0010834196582436562,-0.0011267111403867602,8.658294973429292e-05,0.0,0.0,0.12114999443292618,0.23479999601840973,0.02029999904334545,0.0,0.0,0.0,0.12454819679260254,0.11671686917543411,0.12217262387275696
9030000,1806,0.0,1.429925560951233,-0.004265292547643185,-0.004303022753447294,7.546068809460849e-05,0.0,0.0,0.10920000076293945,0.23389999568462372,0.020800000056624413,0.0,0.0,0.0,0.11385542154312134,0.10632530599832535,0.10744047909975052
9035000,1807,0.0,1.43147611618042,-0.008816218934953213,-0.008862155489623547,9.18726873351261e-05,0.0,0.0,0.10449999570846558,0.23179998993873596,0.019349999725818634,0.0,0.0,0.0,0.10722891986370087,0.10240963846445084,0.10386905074119568
9040000,1808,0.0,1.438610315322876,-0.00798362959176302,-0.00803061481565237,9.397105895914137e-05,0.0,0.0,0.11354999989271164,0.22864998877048492,0.017349999397993088,0.0,0.0,0.0,0.1227409690618515,0.11144578456878662,0.10654762387275696
9045000,1809,0.0,1.4361763000488281,-0.01109924353659153,-0.0111476955935359,9.690441947896034e-05,0.0,0.0,0.10305000096559525,0.23709999024868011,0.01769999973475933,0.0,0.0,0.0,0.11295180767774582,0.10677710920572281,0.08958333730697632
9050000,1810,0.0,1.431968092918396,-0.02779495343565941,-0.02789982780814171,0.00020974726066924632,0.0,0.0,0.09709999710321426,0.2402999997138977,0.02159999869763851,0.0,0.0,0.0,0.10617469996213913,0.09472891688346863,0.09047619253396988
9055000,1811,0.0,1.4178118705749512,-0.02998017519712448,-0.03015093319118023,0.00034151747240684927,0.0,0.0,0.0973999947309494,0.22509999573230743,0.017999999225139618,0.0,0.0,0.0,0.10512048751115799,0.0960843414068222,0.09107143431901932
9060000,1812,0.0,1.4247236251831055,-0.03461538627743721,-0.03477909415960312,0.0003274183545727283,0.0,0.0,0.10154999792575836,0.21994999051094055,0.021250000223517418,0.0,0.0,0.0,0.11144578456878662,0.09096385538578033,0.10223214328289032
9065000,1813,0.0,1.4233927726745605,-0.025655250996351242,-0.02575276419520378,0.00019502750365063548,0.0,0.0,0.10909999907016754,0.22419999539852142,0.021549999713897705,0.0,0.0,0.0,0.11445783078670502,0.11265060305595398,0.10029762238264084
9070000,1814,0.0,1.4270704984664917,-0.017458809539675713,-0.01755809411406517,0.0001985707931453362,0.0,0.0,0.12049999833106995,0.21859999001026154,0.017899999395012856,0.0,0.0,0.0,0.1257530152797699,0.12033132463693619,0.11547619849443436
9075000,1815,0.0,1.419898509979248,-0.021539313718676567,-0.02164219506084919,0.00020576252427417785,0.0,0.0,0.09889999777078629,0.2308499962091446,0.023099999874830246,0.0,0.0,0.0,0.10933735221624374,0.094578318297863,0.09285714477300644
9080000,1816,0.0,1.416471242904663,-0.03534660488367081,-0.035524994134902954,0.000356775097316131,0.0,0.0,0.09704999625682831,0.22899998724460602,0.02329999953508377,0.0,0.0,0.0,0.10301204770803452,0.09412650763988495,0.09404762089252472
9085000,1817,0.0,1.4110989570617676,-0.03652762621641159,-0.03670067712664604,0.0003461028973106295,0.0,0.0,0.0908999964594841,0.22454999387264252,0.026750000193715096,0.0,0.0,0.0,0.09728915989398956,0.08644578605890274,0.08898809552192688
9090000,1818,0.0,1.4239734411239624,-0.021707765758037567,-0.021781278774142265,0.0001470246206736192,0.0,0.0,0.10054999589920044,0.22564999759197235,0.022499999031424522,0.0,0.0,0.0,0.11039157211780548,0.09171687066555023,0.09955357760190964
9095000,1819,0.0,1.4393863677978516,-0.004541895817965269,-0.004578018095344305,7.224494765978307e-05,0.0,0.0,0.1152999997138977,0.2256999909877777,0.01964999921619892,0.0,0.0,0.0,0.12334337830543518,0.11626506596803665,0.1063988134264946
9100000,1820,0.0,1.429487705230713,0.005557497497648001,0.005501614883542061,0.00011176517000421882,0.0,0.0,0.10269999504089355,0.22714999318122864,0.024550000205636024,0.0,0.0,0.0,0.10195783525705338,0.10436747223138809,0.10178571939468384
9105000,1821,0.0,1.4285317659378052,0.008989707566797733,0.008921178989112377,0.0001370565441902727,0.0,0.0,0.10239999741315842,0.2240999937057495,0.02434999868273735,0.0,0.0,0.0,0.10993976145982742,0.1013554260134697,0.0959821492433548
9110000,1822,0.0,1.432939887046814,0.007735561579465866,0.007676307577639818,0.00011850807641167194,0.0,0.0,0.10539999604225159,0.2308499962091446,0.02654999867081642,0.0,0.0,0.0,0.10647590458393097,0.10617469996213913,0.10357142984867096
9115000,1823,0.0,1.4261443614959717,0.0046953484416007996,0.0046219490468502045,0.00014679841115139425,0.0,0.0,0.10189999639987946,0.2345999926328659,0.02604999952018261,0.0,0.0,0.0,0.11671686917543411,0.09231927990913391,0.096726194024086
9120000,1824,0.0,1.429901361465454,-0.004676482640206814,-0.004720397759228945,8.783015800872818e-05,0.0,0.0,0.10215000063180923,0.24159999191761017,0.022499999031424522,0.0,0.0,0.0,0.10993976145982742,0.10421686619520187,0.09241072088479996
9125000,1825,0.0,1.4345405101776123,-0.01800977811217308,-0.018089858815073967,0.00016015958681236953,0.0,0.0,0.10844999551773071,0.24629999697208405,0.01939999870955944,0.0,0.0,0.0,0.11099398136138916,0.108283132314682,0.10610119253396988
9130000,1826,0.0,1.4271008968353271,-0.03663383424282074,-0.03681587800383568,0.00036408682353794575,0.0,0.0,0.09584999829530716,0.2321999967098236,0.02979999966919422,0.0,0.0,0.0,0.10240963846445084,0.09201807528734207,0.09315476566553116
9135000,1827,0.0,1.4354248046875,-0.07386760413646698,-0.07454589754343033,0.001356590655632317,0.0,0.0,0.09645000100135803,0.21615000069141388,0.02539999969303608,0.0,0.0,0.0,0.11039157211780548,0.09246987849473953,0.08660714328289032
9140000,1828,0.0,1.4275119304656982,-0.043266505002975464,-0.043510302901268005,0.000487597833853215,0.0,0.0,0.10294999927282333,0.21199999749660492,0.026200000196695328,0.0,0.0,0.0,0.11340361833572388,0.09774096310138702,0.09776785969734192
9145000,1829,0.0,1.4251459836959839,0.0001744349574437365,0.0001368794619338587,7.511098374379799e-05,0.0,0.0,0.09674999862909317,0.22254998981952667,0.02824999950826168,0.0,0.0,0.0,0.11310241371393204,0.0960843414068222,0.08125000447034836
9150000,1830,0.0,1.4194494485855103,0.02698730118572712,0.02676568552851677,0.00044323052861727774,0.0,0.0,0.10215000063180923,0.22999998927116394,0.027149999514222145,0.0,0.0,0.0,0.10692771524190903,0.10256024450063705,0.09702381491661072
9155000,1831,0.0,1.4165310859680176,0.030401283875107765,0.03013206645846367,0.0005384335527196527,0.0,0.0,0.09884999692440033,0.2382499873638153,0.0251499991863966,0.0,0.0,0.0,0.11144578456878662,0.09277108311653137,0.09241072088479996
9160000,1832,0.0,1.430474042892456,-0.018639056012034416,-0.018707485869526863,0.00013685850717592984,0.0,0.0,0.1042499989271164,0.2470499873161316,0.021449999883770943,0.0,0.0,0.0,0.1135542169213295,0.09939759224653244,0.09985119104385376
9165000,1833,0.0,1.419679045677185,-0.03892631083726883,-0.03911394998431206,0.00037527468521147966,0.0,0.0,0.0912499949336052,0.24729999899864197,0.024449998512864113,0.0,0.0,0.0,0.0983433723449707,0.08840361982584,0.0870535746216774
9170000,1834,0.0,1.4251031875610352,-0.01137598603963852,-0.011414524167776108,7.707644545007497e-05,0.0,0.0,0.08664999902248383,0.22984999418258667,0.02694999985396862,0.0,0.0,0.0,0.09307228773832321,0.08237951993942261,0.08452381193637848
9175000,1835,0.0,1.4414657354354858,0.02199866995215416,0.021864958107471466,0.00026742430054582655,0.0,0.0,0.09799999743700027,0.24504999816417694,0.02214999869465828,0.0,0.0,0.0,0.1036144569516182,0.09653614461421967,0.09389881044626236
9180000,1836,0.0,1.426065444946289,0.017495274543762207,0.017378581687808037,0.00023338659957516938,0.0,0.0,0.09139999747276306,0.24664999544620514,0.025750000029802322,0.0,0.0,0.0,0.09487952291965485,0.0876506045460701,0.09166666865348816
9185000,1837,0.0,1.4255776405334473,-0.008872545324265957,-0.008946849964559078,0.00014860869850963354,0.0,0.0,0.1021999940276146,0.2389499992132187,0.0251499991863966,0.0,0.0,0.0,0.10783132910728455,0.09503012150526047,0.10372024029493332
9190000,1838,0.0,1.4232738018035889,-0.0324590727686882,-0.03260666877031326,0.0002951884816866368,0.0,0.0,0.10334999859333038,0.23434999585151672,0.024399999529123306,0.0,0.0,0.0,0.10963855683803558,0.0990963876247406,0.10133928805589676
9195000,1839,0.0,1.4219409227371216,-0.02359250746667385,-0.023677760735154152,0.00017050582391675562,0.0,0.0,0.10419999808073044,0.2287999987602234,0.027499999850988388,0.0,0.0,0.0,0.11475903540849686,0.10075301676988602,0.09717262536287308
9200000,1840,0.0,1.4391083717346191,-0.006550658494234085,-0.0066030896268785,0.00010486225801287219,0.0,0.0,0.11939999461174011,0.21594999730587006,0.01994999870657921,0.0,0.0,0.0,0.12756024301052094,0.11852409690618515,0.11220238357782364
9205000,1841,0.0,1.4272829294204712,0.005348328500986099,0.005279450211673975,0.00013775656407233328,0.0,0.0,0.11874999850988388,0.2113499939441681,0.02070000022649765,0.0,0.0,0.0,0.11867470294237137,0.12033132463693619,0.11726190894842148
9210000,1842,0.0,1.4245600700378418,0.0027505436446517706,0.0026952377520501614,0.00011061174882343039,0.0,0.0,0.11490000039339066,0.21834999322891235,0.021449999883770943,0.0,0.0,0.0,0.12590362131595612,0.11039157211780548,0.10848214477300644
9215000,1843,0.0,1.420788288116455,0.005228050518780947,0.005167887080460787,0.00012032723316224292,0.0,0.0,0.1043500006198883,0.22504998743534088,0.02410000003874302,0.0,0.0,0.0,0.10436747223138809,0.10150602459907532,0.1071428582072258
9220000,1844,0.0,1.4160175323486328,0.010394733399152756,0.010327241383492947,0.00013498382759280503,0.0,0.0,0.09354999661445618,0.23804999887943268,0.022350000217556953,0.0,0.0,0.0,0.09804216772317886,0.09337349236011505,0.0892857164144516
9225000,1845,0.0,1.4202802181243896,0.013867822475731373,0.01377581711858511,0.00018401107809040695,0.0,0.0,0.10354999452829361,0.2466999888420105,0.02369999885559082,0.0,0.0,0.0,0.108283132314682,0.102108433842659,0.10029762238264084
9230000,1846,0.0,1.4271177053451538,0.015018723905086517,0.014918024651706219,0.00020139917614869773,0.0,0.0,0.09919999539852142,0.24279999732971191,0.022549999877810478,0.0,0.0,0.0,0.10376506298780441,0.09653614461421967,0.09732143580913544
9235000,1847,0.0,1.416439175605774,0.012444944120943546,0.012355117127299309,0.00017965486040338874,0.0,0.0,0.09564999490976334,0.23044998943805695,0.026499999687075615,0.0,0.0,0.0,0.10015060752630234,0.0960843414068222,0.0907738134264946
9240000,1848,0.0,1.4216053485870361,0.006157320458441973,0.006086257286369801,0.0001421265333192423,0.0,0.0,0.10074999928474426,0.20499999821186066,0.027149999514222145,0.0,0.0,0.0,0.11159639060497284,0.09653614461421967,0.09419643133878708
9245000,1849,0.0,1.4248313903808594,0.012331818230450153,0.012235009111464024,0.00019361759768798947,0.0,0.0,0.09634999930858612,0.20194999873638153,0.024000000208616257,0.0,0.0,0.0,0.09969879686832428,0.0983433723449707,0.09107143431901932
9250000,1850,0.0,1.434483528137207,0.020669596269726753,0.020529920235276222,0.00027935183607041836,0.0,0.0,0.10704999417066574,0.2147499918937683,0.02459999918937683,0.0,0.0,0.0,0.11521084606647491,0.10451807081699371,0.10148809850215912
9255000,1851,0.0,1.430096983909607,0.004461572505533695,0.004410630092024803,0.00010188489977736026,0.0,0.0,0.11124999821186066,0.23079998791217804,0.022749999538064003,0.0,0.0,0.0,0.11716867983341217,0.10768072307109833,0.10892857611179352
9260000,1852,0.0,1.428341269493103,-0.011610831134021282,-0.011653642170131207,8.562185394112021e-05,0.0,0.0,0.11029999703168869,0.2414499968290329,0.026599999517202377,0.0,0.0,0.0,0.11084337532520294,0.11159639060497284,0.10848214477300644
9265000,1853,0.0,1.4288456439971924,-0.030189555138349533,-0.030317086726427078,0.00025506375823169947,0.0,0.0,0.10574999451637268,0.24319998919963837,0.024449998512864113,0.0,0.0,0.0,0.11250000447034836,0.1036144569516182,0.1011904776096344
9270000,1854,0.0,1.4276771545410156,-0.03232470899820328,-0.032459110021591187,0.00026879901997745037,0.0,0.0,0.10349999368190765,0.23719999194145203,0.02709999866783619,0.0,0.0,0.0,0.10813253372907639,0.10301204770803452,0.09940476715564728
9275000,1855,0.0,1.4320586919784546,-0.01723892241716385,-0.01729559898376465,0.00011335246381349862,0.0,0.0,0.10144999623298645,0.22894999384880066,0.023399999365210533,0.0,0.0,0.0,0.10271084308624268,0.0998494029045105,0.10178571939468384
9280000,1856,0.0,1.4244905710220337,-0.004653353709727526,-0.004689160268753767,7.161328539950773e-05,0.0,0.0,0.0953499972820282,0.22599999606609344,0.027549998834729195,0.0,0.0,0.0,0.09713855385780334,0.09246987849473953,0.09642857313156128
9285000,1857,0.0,1.4198495149612427,-0.002927695168182254,-0.00297370133921504,9.201240027323365e-05,0.0,0.0,0.10849999636411667,0.22074998915195465,0.03125,0.0,0.0,0.0,0.11762048304080963,0.10722891986370087,0.10074405372142792
9290000,1858,0.0,1.4415837526321411,-0.010049905627965927,-0.010094169527292252,8.852731116348878e-05,0.0,0.0,0.117249995470047,0.2206999957561493,0.022199999541044235,0.0,0.0,0.0,0.13313253223896027,0.11626506596803665,0.10252976417541504
9295000,1859,0.0,1.420555591583252,-0.021524939686059952,-0.02159625105559826,0.00014262193872127682,0.0,0.0,0.10054999589920044,0.22509999573230743,0.024899998679757118,0.0,0.0,0.0,0.10195783525705338,0.10180722922086716,0.09791667014360428
9300000,1860,0.0,1.4231936931610107,-0.031003588810563087,-0.03113645501434803,0.0002657305740285665,0.0,0.0,0.09640000015497208,0.23489999771118164,0.019749999046325684,0.0,0.0,0.0,0.09954819828271866,0.09307228773832321,0.09657738357782364
9305000,1861,0.0,1.4223697185516357,-0.04144526645541191,-0.041672851890325546,0.0004551694728434086,0.0,0.0,0.1050499975681305,0.25,0.022249998524785042,0.0,0.0,0.0,0.10722891986370087,0.11490964144468307,0.09315476566553116
9310000,1862,0.0,1.4330532550811768,-0.04757419228553772,-0.04785382002592087,0.0005592537927441299,0.0,0.0,0.1127999946475029,0.23514999449253082,0.021649999544024467,0.0,0.0,0.0,0.12439759075641632,0.10481928288936615,0.10922619700431824
9315000,1863,0.0,1.425162434577942,-0.03581034764647484,-0.03596651926636696,0.00031234574271366,0.0,0.0,0.10944999754428864,0.21875,0.02565000019967556,0.0,0.0,0.0,0.12183735519647598,0.09593373537063599,0.11056548357009888
9320000,1864,0.0,1.429603099822998,-0.019102321937680244,-0.019175471737980843,0.00014630066289100796,0.0,0.0,0.10824999958276749,0.22029998898506165,0.022699998691678047,0.0,0.0,0.0,0.11551205068826675,0.10707831382751465,0.10223214328289032
9325000,1865,0.0,1.42206871509552,-0.019810227677226067,-0.01988360844552517,0.0001467604306526482,0.0,0.0,0.11409999430179596,0.22499999403953552,0.02434999868273735,0.0,0.0,0.0,0.12756024301052094,0.11069277673959732,0.1041666716337204
9330000,1866,0.0,1.428318977355957,-0.03486769273877144,-0.03502802550792694,0.0003206625988241285,0.0,0.0,0.11019999533891678,0.2292499989271164,0.024699999019503593,0.0,0.0,0.0,0.11189759522676468,0.1075301244854927,0.11116071790456772
9335000,1867,0.0,1.4238866567611694,-0.0573127456009388,-0.05771949142217636,0.000813495134934783,0.0,0.0,0.09459999948740005,0.235849991440773,0.027149999514222145,0.0,0.0,0.0,0.09864457696676254,0.09322289377450943,0.09196428954601288
9340000,1868,0.0,1.4266479015350342,-0.041008271276950836,-0.041232507675886154,0.0004484763485379517,0.0,0.0,0.09354999661445618,0.23474998772144318,0.020800000056624413,0.0,0.0,0.0,0.10557229071855545,0.08885542303323746,0.0863095298409462
9345000,1869,0.0,1.4148802757263184,-0.016873132437467575,-0.01692471094429493,0.00010315721010556445,0.0,0.0,0.09775000065565109,0.23409999907016754,0.021800000220537186,0.0,0.0,0.0,0.1075301244854927,0.09533132612705231,0.09047619253396988
9350000,1870,0.0,1.4287375211715698,-0.013496368192136288,-0.013536816462874413,8.089646144071594e-05,0.0,0.0,0.12114999443292618,0.23834998905658722,0.024000000208616257,0.0,0.0,0.0,0.13448795676231384,0.11807229369878769,0.11101190745830536
9355000,1871,0.0,1.4244827032089233,-0.03560261428356171,-0.035760968923568726,0.00031671207398176193,0.0,0.0,0.12635000050067902,0.22384999692440033,0.02449999935925007,0.0,0.0,0.0,0.13584338128566742,0.12213855981826782,0.12113095819950104
9360000,1872,0.0,1.4226233959197998,-0.04721852019429207,-0.04750713333487511,0.0005772270960733294,0.0,0.0,0.10359999537467957,0.22579999268054962,0.027249999344348907,0.0,0.0,0.0,0.1075301244854927,0.09849397838115692,0.10476190596818924
9365000,1873,0.0,1.4292467832565308,-0.03366326913237572,-0.03380637615919113,0.0002862138790078461,0.0,0.0,0.1034500002861023,0.2329999953508377,0.026349999010562897,0.0,0.0,0.0,0.1135542169213295,0.0975903645157814,0.09925595670938492
9370000,1874,0.0,1.426754355430603,-0.008896710351109505,-0.008934157900512218,7.489434938179329e-05,0.0,0.0,0.09669999778270721,0.23070000112056732,0.025100000202655792,0.0,0.0,0.0,0.0983433723449707,0.09111446142196655,0.10059524327516556
9375000,1875,0.0,1.4312580823898315,0.002212595660239458,0.002165475394576788,9.424050949746743e-05,0.0,0.0,0.10464999824762344,0.24729999899864197,0.025049999356269836,0.0,0.0,0.0,0.11234939843416214,0.09518072754144669,0.1063988134264946
9380000,1876,0.0,1.424973726272583,0.00035120235406793654,0.00029185006860643625,0.00011870455637108535,0.0,0.0,0.09309999644756317,0.25439998507499695,0.02304999902844429,0.0,0.0,0.0,0.10256024450063705,0.09322289377450943,0.08363095670938492
9385000,1877,0.0,1.4288080930709839,0.007322181481868029,0.0072551146149635315,0.00013413377746473998,0.0,0.0,0.093299999833107,0.263949990272522,0.02355000004172325,0.0,0.0,0.0,0.09819277375936508,0.09713855385780334,0.08467262238264084
9390000,1878,0.0,1.4257402420043945,0.010022937320172787,0.009917532093822956,0.00021081136947032064,0.0,0.0,0.10094999521970749,0.2321999967098236,0.024899998679757118,0.0,0.0,0.0,0.10256024450063705,0.10271084308624268,0.09761904925107956
9395000,1879,0.0,1.4253915548324585,0.015589640475809574,0.015489861369132996,0.00019955866446252912,0.0,0.0,0.10154999792575836,0.22529999911785126,0.025849999859929085,0.0,0.0,0.0,0.10466867685317993,0.10783132910728455,0.0922619104385376
9400000,1880,0.0,1.423995852470398,0.02113536186516285,0.020996471866965294,0.00027778008370660245,0.0,0.0,0.10859999805688858,0.22819998860359192,0.03139999881386757,0.0,0.0,0.0,0.10843373835086823,0.111295185983181,0.10610119253396988
9405000,1881,0.0,1.437069058418274,0.008402190171182156,0.008334219455718994,0.0001359419256914407,0.0,0.0,0.11594999581575394,0.23184999823570251,0.023599999025464058,0.0,0.0,0.0,0.11731927841901779,0.11716867983341217,0.11339285969734192
9410000,1882,0.0,1.4275825023651123,-0.004228141158819199,-0.004261065740138292,6.584886432392523e-05,0.0,0.0,0.10875000059604645,0.22669999301433563,0.022099999710917473,0.0,0.0,0.0,0.11656627058982849,0.10933735221624374,0.1004464328289032
9415000,1883,0.0,1.4316593408584595,-0.015920063480734825,-0.015963446348905563,8.676644210936502e-05,0.0,0.0,0.09784999489784241,0.21894998848438263,0.021150000393390656,0.0,0.0,0.0,0.10798192769289017,0.09864457696676254,0.0870535746216774
9420000,1884,0.0,1.4327524900436401,-0.027585193514823914,-0.02770177461206913,0.00023316034639719874,0.0,0.0,0.10459999740123749,0.2207999974489212,0.020399998873472214,0.0,0.0,0.0,0.11460843682289124,0.09894578158855438,0.10029762238264084
9425000,1885,0.0,1.4317244291305542,-0.03337273746728897,-0.03352521359920502,0.0003049517108593136,0.0,0.0,0.10234999656677246,0.23279999196529388,0.020399998873472214,0.0,0.0,0.0,0.10632530599832535,0.10015060752630234,0.10059524327516556
9430000,1886,0.0,1.436660647392273,-0.046992696821689606,-0.04726108908653259,0.0005367847043089569,0.0,0.0,0.11654999852180481,0.23429998755455017,0.022450000047683716,0.0,0.0,0.0,0.1234939768910408,0.11521084606647491,0.11101190745830536
9435000,1887,0.0,1.433221459388733,-0.033475421369075775,-0.03362175077199936,0.0002926578454207629,0.0,0.0,0.11944999545812607,0.2364499866962433,0.024799998849630356,0.0,0.0,0.0,0.12168674916028976,0.12003012001514435,0.11666667461395264
9440000,1888,0.0,1.4334479570388794,-0.018404865637421608,-0.018481163308024406,0.00015259496285580099,0.0,0.0,0.11454999446868896,0.22739998996257782,0.024449998512864113,0.0,0.0,0.0,0.11641566455364227,0.1135542169213295,0.11369048058986664
9445000,1889,0.0,1.4349619150161743,0.0018055022228509188,0.0017666156636551023,7.777321297908202e-05,0.0,0.0,0.10639999806880951,0.2214999943971634,0.02279999852180481,0.0,0.0,0.0,0.11024096608161926,0.102108433842659,0.10684524476528168
9450000,1890,0.0,1.4345893859863281,0.001636063796468079,0.001593107939697802,8.591171354055405e-05,0.0,0.0,0.10474999994039536,0.22504998743534088,0.02094999887049198,0.0,0.0,0.0,0.10963855683803558,0.10165663063526154,0.10297619551420212
9455000,1891,0.0,1.4342349767684937,-0.0114701883867383,-0.01150290947407484,6.544308416778222e-05,0.0,0.0,0.10409999638795853,0.22654999792575836,0.02459999918937683,0.0,0.0,0.0,0.10692771524190903,0.10120481997728348,0.1041666716337204
9460000,1892,0.0,1.440887451171875,-0.014012167230248451,-0.014073534868657589,0.00012273566971998662,0.0,0.0,0.11059999465942383,0.23029999434947968,0.023599999025464058,0.0,0.0,0.0,0.11807229369878769,0.10722891986370087,0.10654762387275696
9465000,1893,0.0,1.4341320991516113,-0.005319392308592796,-0.0053838822059333324,0.00012897964916191995,0.0,0.0,0.1014999970793724,0.23279999196529388,0.025499999523162842,0.0,0.0,0.0,0.10301204770803452,0.1006024107336998,0.10089286416769028
9470000,1894,0.0,1.4153637886047363,-0.005902664270251989,-0.005973733961582184,0.00014213896065484732,0.0,0.0,0.08089999854564667,0.2350499927997589,0.03019999898970127,0.0,0.0,0.0,0.08117470145225525,0.08027108758687973,0.08125000447034836
9475000,1895,0.0,1.429405689239502,-0.010985392145812511,-0.011060922406613827,0.00015106047794688493,0.0,0.0,0.08839999884366989,0.2342499941587448,0.023599999025464058,0.0,0.0,0.0,0.09924699366092682,0.08433735370635986,0.08169642835855484
9480000,1896,0.0,1.431031346321106,-0.0190004650503397,-0.019066769629716873,0.00013261086132843047,0.0,0.0,0.0953499972820282,0.23914998769760132,0.02434999868273735,0.0,0.0,0.0,0.10045181214809418,0.09186746925115585,0.09375
9485000,1897,0.0,1.4313700199127197,-0.01783592812716961,-0.017915932461619377,0.00016000861069187522,0.0,0.0,0.09910000115633011,0.2337999939918518,0.02565000019967556,0.0,0.0,0.0,0.1036144569516182,0.0990963876247406,0.09464286267757416
9490000,1898,0.0,1.4327304363250732,-0.008696068078279495,-0.008727068081498146,6.200071948114783e-05,0.0,0.0,0.11394999921321869,0.22759999334812164,0.029249999672174454,0.0,0.0,0.0,0.12228915840387344,0.10858433693647385,0.11101190745830536
9495000,1899,0.0,1.4342355728149414,-0.005731713026762009,-0.00576129462569952,5.9163150581298396e-05,0.0,0.0,0.11994999647140503,0.23169998824596405,0.025999998673796654,0.0,0.0,0.0,0.12635542452335358,0.11852409690618515,0.11502976715564728
9500000,1900,0.0,1.4335373640060425,-0.0039617884904146194,-0.003991730976849794,5.9884921938646585e-05,0.0,0.0,0.11229999363422394,0.23709999024868011,0.02214999869465828,0.0,0.0,0.0,0.11731927841901779,0.11069277673959732,0.10892857611179352
9505000,1901,0.0,1.4279687404632568,-0.009420197457075119,-0.009465277194976807,9.015863906824961e-05,0.0,0.0,0.10619999468326569,0.23674999177455902,0.02264999970793724,0.0,0.0,0.0,0.11641566455364227,0.10557229071855545,0.096726194024086
9510000,1902,0.0,1.4365878105163574,-0.011285885237157345,-0.011315584182739258,5.9397934819571674e-05,0.0,0.0,0.1002499982714653,0.23674999177455902,0.025849999859929085,0.0,0.0,0.0,0.1036144569516182,0.10271084308624268,0.0944940522313118
9515000,1903,0.0,1.4266321659088135,-0.008547146804630756,-0.008584722876548767,7.515263132518157e-05,0.0,0.0,0.09335000067949295,0.2284500002861023,0.029600000008940697,0.0,0.0,0.0,0.09487952291965485,0.0846385583281517,0.1004464328289032
9520000,1904,0.0,1.4312818050384521,-0.008807270787656307,-0.008869515731930733,0.00012449028145056218,0.0,0.0,0.10099999606609344,0.2094999998807907,0.027499999850988388,0.0,0.0,0.0,0.10271084308624268,0.09623493999242783,0.10401786118745804
9525000,1905,0.0,1.4330089092254639,-0.013439111411571503,-0.01348196528851986,8.57080813148059e-05,0.0,0.0,0.09259999543428421,0.21559999883174896,0.026099998503923416,0.0,0.0,0.0,0.10165663063526154,0.09006024152040482,0.08616071939468384
9530000,1906,0.0,1.4328879117965698,-0.0250838790088892,-0.025168655440211296,0.0001695512473816052,0.0,0.0,0.09799999743700027,0.22169999778270721,0.02214999869465828,0.0,0.0,0.0,0.102108433842659,0.09954819828271866,0.09241072088479996
9535000,1907,0.0,1.4308569431304932,-0.030288349837064743,-0.030406512320041656,0.0002363264502491802,0.0,0.0,0.10274999588727951,0.23259998857975006,0.023899998515844345,0.0,0.0,0.0,0.10707831382751465,0.0990963876247406,0.10208334028720856
9540000,1908,0.0,1.4236862659454346,-0.054142557084560394,-0.05450335517525673,0.0007215967052616179,0.0,0.0,0.0997999981045723,0.243149995803833,0.021049998700618744,0.0,0.0,0.0,0.0998494029045105,0.10015060752630234,0.09940476715564728
9545000,1909,0.0,1.4296095371246338,-0.08660269528627396,-0.08752927929162979,0.001853173365816474,0.0,0.0,0.0982000008225441,0.23364999890327454,0.02384999953210354,0.0,0.0,0.0,0.10677710920572281,0.09412650763988495,0.09375
9550000,1910,0.0,1.4344072341918945,-0.056051984429359436,-0.05643799901008606,0.0007720277644693851,0.0,0.0,0.10029999911785126,0.234499990940094,0.025299999862909317,0.0,0.0,0.0,0.10572289675474167,0.0998494029045105,0.09538690745830536
9555000,1911,0.0,1.4310827255249023,0.0135769322514534,0.01348507683724165,0.00018371045007370412,0.0,0.0,0.1067499965429306,0.24204999208450317,0.02149999886751175,0.0,0.0,0.0,0.1150602400302887,0.10316265374422073,0.10208334028720856
9560000,1912,0.0,1.4411050081253052,0.0214732326567173,0.021343927830457687,0.0002586092450655997,0.0,0.0,0.12424999475479126,0.2336999922990799,0.022350000217556953,0.0,0.0,0.0,0.12846386432647705,0.1242469921708107,0.12008929252624512
9565000,1913,0.0,1.4301321506500244,-0.012434590607881546,-0.012487429194152355,0.0001056775072356686,0.0,0.0,0.12264999747276306,0.2240999937057495,0.023249998688697815,0.0,0.0,0.0,0.13674698770046234,0.11746988445520401,0.113839291036129
9570000,1914,0.0,1.4208165407180786,-0.02283920906484127,-0.022917447611689568,0.00015647862164769322,0.0,0.0,0.12494999915361404,0.2268499881029129,0.03139999881386757,0.0,0.0,0.0,0.12786145508289337,0.12469879537820816,0.12232143431901932
9575000,1915,0.0,1.431532621383667,-0.01139257661998272,-0.011428484693169594,7.181537512224168e-05,0.0,0.0,0.12204999476671219,0.21774999797344208,0.02914999984204769,0.0,0.0,0.0,0.13388554751873016,0.11656627058982849,0.11577381193637848
9580000,1916,0.0,1.4364267587661743,0.0005831306334584951,0.000544509501196444,7.724232273176312e-05,0.0,0.0,0.11084999889135361,0.2304999977350235,0.02565000019967556,0.0,0.0,0.0,0.11837349832057953,0.10165663063526154,0.11250000447034836
9585000,1917,0.0,1.426460862159729,-0.0027601749170571566,-0.0028012171387672424,8.20844725240022e-05,0.0,0.0,0.11209999769926071,0.2212499976158142,0.02419999986886978,0.0,0.0,0.0,0.12484940141439438,0.10557229071855545,0.10595238208770752
9590000,1918,0.0,1.4149093627929688,-0.00868452899158001,-0.008752073161303997,0.00013508927077054977,0.0,0.0,0.10619999468326569,0.22974999248981476,0.02554999850690365,0.0,0.0,0.0,0.11024096608161926,0.10391566157341003,0.10446429252624512
9595000,1919,0.0,1.4302124977111816,-0.007379196584224701,-0.007421012036502361,8.363115921383724e-05,0.0,0.0,0.10749999433755875,0.234049990773201,0.023099999874830246,0.0,0.0,0.0,0.11219879984855652,0.10737951844930649,0.10297619551420212
9600000,1920,0.0,1.423173427581787,-0.009796561673283577,-0.009864968247711658,0.00013681392010767013,0.0,0.0,0.11259999871253967,0.22109998762607574,0.024699999019503593,0.0,0.0,0.0,0.12183735519647598,0.10843373835086823,0.10758928954601288
9605000,1921,0.0,1.4245376586914062,-0.0062284814193844795,-0.006258126813918352,5.929109829594381e-05,0.0,0.0,0.11409999430179596,0.228549987077713,0.029249999672174454,0.0,0.0,0.0,0.11340361833572388,0.11415662616491318,0.11473214626312256
9610000,1922,0.0,1.429903507232666,-0.0056916940957307816,-0.005737468600273132,9.154861618299037e-05,0.0,0.0,0.10974999517202377,0.23524999618530273,0.024799998849630356,0.0,0.0,0.0,0.1143072322010994,0.1090361475944519,0.10595238208770752
9615000,1923,0.0,1.423251748085022,-0.005855385679751635,-0.005894593894481659,7.841658225515857e-05,0.0,0.0,0.09654999524354935,0.24869999289512634,0.023599999025464058,0.0,0.0,0.0,0.10376506298780441,0.09186746925115585,0.09404762089252472
9620000,1924,0.0,1.4196913242340088,-0.007857819087803364,-0.007891005836427212,6.637421756749973e-05,0.0,0.0,0.08784999698400497,0.25049999356269836,0.025849999859929085,0.0,0.0,0.0,0.0868975892663002,0.09307228773832321,0.08363095670938492
9625000,1925,0.0,1.430751085281372,-0.00961688719689846,-0.009646395221352577,5.901523763895966e-05,0.0,0.0,0.09394999593496323,0.24374999105930328,0.02484999969601631,0.0,0.0,0.0,0.09954819828271866,0.0906626507639885,0.09166666865348816
9630000,1926,0.0,1.438558578491211,-0.006970996502786875,-0.007009242195636034,7.649146573385224e-05,0.0,0.0,0.10854999721050262,0.2365499883890152,0.025599999353289604,0.0,0.0,0.0,0.12319277226924896,0.10271084308624268,0.09985119104385376
9635000,1927,0.0,1.4338736534118652,-0.008782340213656425,-0.00882062129676342,7.656204979866743e-05,0.0,0.0,0.10809999704360962,0.23479999601840973,0.02345000021159649,0.0,0.0,0.0,0.10873494297266006,0.10798192769289017,0.10758928954601288
9640000,1928,0.0,1.4357951879501343,-0.012146045453846455,-0.01217715535312891,6.221992953214794e-05,0.0,0.0,0.10659999400377274,0.23409999907016754,0.026099998503923416,0.0,0.0,0.0,0.10451807081699371,0.10572289675474167,0.10952381044626236
9645000,1929,0.0,1.4454740285873413,-0.009661373682320118,-0.009726914577186108,0.00013108173152431846,0.0,0.0,0.13159999251365662,0.22235000133514404,0.01889999955892563,0.0,0.0,0.0,0.1387048214673996,0.13132530450820923,0.12485119700431824
9650000,1930,0.0,1.4402034282684326,-0.0035414493177086115,-0.0035699072759598494,5.69160511076916e-05,0.0,0.0,0.11264999955892563,0.22495000064373016,0.023149998858571053,0.0,0.0,0.0,0.11536144465208054,0.11370482295751572,0.10892857611179352
9655000,1931,0.0,1.4349868297576904,-0.00012970973330084234,-0.0001708116033114493,8.22037472971715e-05,0.0,0.0,0.10794999450445175,0.22280000150203705,0.022549999877810478,0.0,0.0,0.0,0.11250000447034836,0.10421686619520187,0.1071428582072258
9660000,1932,0.0,1.427269697189331,-0.00603293813765049,-0.0060692098923027515,7.254392403410748e-05,0.0,0.0,0.09470000118017197,0.22754999995231628,0.02565000019967556,0.0,0.0,0.0,0.10557229071855545,0.0868975892663002,0.09166666865348816
9665000,1933,0.0,1.427829384803772,-0.0159334447234869,-0.015977220609784126,8.755044837016612e-05,0.0,0.0,0.09814999997615814,0.23354999721050262,0.027300000190734863,0.0,0.0,0.0,0.10843373835086823,0.0975903645157814,0.0885416716337204
9670000,1934,0.0,1.4289965629577637,-0.017209449782967567,-0.017252834513783455,8.676930156070739e-05,0.0,0.0,0.10049999505281448,0.23354999721050262,0.026499999687075615,0.0,0.0,0.0,0.1075301244854927,0.09412650763988495,0.09985119104385376
9675000,1935,0.0,1.4334118366241455,-0.01310659758746624,-0.013147247023880482,8.129796333378181e-05,0.0,0.0,0.10209999978542328,0.23064999282360077,0.026349999010562897,0.0,0.0,0.0,0.10587349534034729,0.10496988147497177,0.09553571790456772
9680000,1936,0.0,1.4341036081314087,-0.01499098725616932,-0.015026712790131569,7.145186827983707e-05,0.0,0.0,0.1087999939918518,0.234049990773201,0.02484999969601631,0.0,0.0,0.0,0.11656627058982849,0.10527108609676361,0.10461309552192688
9685000,1937,0.0,1.4292749166488647,-0.023788845166563988,-0.023869076743721962,0.00016046306700445712,0.0,0.0,0.11089999973773956,0.23259998857975006,0.02369999885559082,0.0,0.0,0.0,0.11912650614976883,0.10512048751115799,0.10848214477300644
9690000,1938,0.0,1.429571270942688,-0.04375495761632919,-0.04400842264294624,0.0005069326143711805,0.0,0.0,0.11584999412298203,0.2280000001192093,0.02084999904036522,0.0,0.0,0.0,0.1234939768910408,0.11250000447034836,0.1116071492433548
9695000,1939,0.0,1.4266064167022705,-0.05961576849222183,-0.06003975495696068,0.0008479732205159962,0.0,0.0,0.10499999672174454,0.212349995970726,0.019199999049305916,0.0,0.0,0.0,0.11174698919057846,0.10918674618005753,0.09419643133878708
9700000,1940,0.0,1.4260729551315308,-0.028737757354974747,-0.02884889394044876,0.00022227162844501436,0.0,0.0,0.1054999977350235,0.2219499945640564,0.021549999713897705,0.0,0.0,0.0,0.10798192769289017,0.10858433693647385,0.10000000149011612
9705000,1941,0.0,1.4305479526519775,0.010172885842621326,0.010097150690853596,0.00015147040539886802,0.0,0.0,0.1290999948978424,0.20969998836517334,0.022450000047683716,0.0,0.0,0.0,0.1319277137517929,0.12906627357006073,0.12633928656578064
9710000,1942,0.0,1.426815152168274,0.011749825440347195,0.011673866771161556,0.0001519171491963789,0.0,0.0,0.11140000075101852,0.20874999463558197,0.023899998515844345,0.0,0.0,0.0,0.1280120462179184,0.102108433842659,0.1041666716337204
9715000,1943,0.0,1.4345507621765137,-0.015349631197750568,-0.015385470353066921,7.167851435951889e-05,0.0,0.0,0.10164999961853027,0.21154999732971191,0.02290000021457672,0.0,0.0,0.0,0.11400602757930756,0.09397590905427933,0.09702381491661072
9720000,1944,0.0,1.4351911544799805,-0.02049102447926998,-0.020567119121551514,0.0001521880185464397,0.0,0.0,0.09600000083446503,0.22459998726844788,0.018699999898672104,0.0,0.0,0.0,0.10331325232982635,0.09487952291965485,0.08988095819950104
9725000,1945,0.0,1.4284394979476929,-0.0058509656228125095,-0.005880977027118206,6.002273585181683e-05,0.0,0.0,0.08949999511241913,0.23899999260902405,0.021949999034404755,0.0,0.0,0.0,0.09322289377450943,0.09322289377450943,0.08214285969734192
9730000,1946,0.0,1.4364027976989746,-6.304324779193848e-05,-9.659100760472938e-05,6.709552690153942e-05,0.0,0.0,0.09834999591112137,0.234949991106987,0.020649999380111694,0.0,0.0,0.0,0.10451807081699371,0.09653614461421967,0.09404762089252472
9735000,1947,0.0,1.4392720460891724,0.002250735182315111,0.0022154678590595722,7.053446461213753e-05,0.0,0.0,0.0969499945640564,0.23240000009536743,0.026599999517202377,0.0,0.0,0.0,0.10030120611190796,0.09337349236011505,0.09717262536287308
9740000,1948,0.0,1.428996205329895,-0.01039993204176426,-0.010465219616889954,0.00013057493197266012,0.0,0.0,0.09995000064373016,0.2321999967098236,0.02264999970793724,0.0,0.0,0.0,0.10150602459907532,0.10075301676988602,0.09761904925107956
9745000,1949,0.0,1.4366525411605835,-0.015180756337940693,-0.01522281114012003,8.410959708271548e-05,0.0,0.0,0.10305000096559525,0.23229999840259552,0.02604999952018261,0.0,0.0,0.0,0.10798192769289017,0.10195783525705338,0.09925595670938492
9750000,1950,0.0,1.4309579133987427,-0.012340676039457321,-0.012392010539770126,0.00010266870958730578,0.0,0.0,0.11449999362230301,0.23524999618530273,0.02434999868273735,0.0,0.0,0.0,0.11852409690618515,0.10768072307109833,0.11726190894842148
9755000,1951,0.0,1.4276946783065796,-0.00441009271889925,-0.004456827417016029,9.346955630462617e-05,0.0,0.0,0.10584999620914459,0.2356499880552292,0.024799998849630356,0.0,0.0,0.0,0.11942771077156067,0.0983433723449707,0.09985119104385376
9760000,1952,0.0,1.432442545890808,-0.0038824318908154964,-0.003916830290108919,6.879700958961621e-05,0.0,0.0,0.10194999724626541,0.23294998705387115,0.02199999988079071,0.0,0.0,0.0,0.10527108609676361,0.10572289675474167,0.09494047611951828
9765000,1953,0.0,1.4326742887496948,-0.007113139610737562,-0.007159761618822813,9.324433631263673e-05,0.0,0.0,0.10589999705553055,0.22224999964237213,0.021549999713897705,0.0,0.0,0.0,0.1075301244854927,0.10722891986370087,0.10297619551420212
9770000,1954,0.0,1.4247772693634033,-0.01268409937620163,-0.012737628072500229,0.0001070581201929599,0.0,0.0,0.09524999558925629,0.22059999406337738,0.024550000205636024,0.0,0.0,0.0,0.102108433842659,0.09307228773832321,0.09062500298023224
9775000,1955,0.0,1.430657982826233,-0.014065885916352272,-0.014108823612332344,8.587454067310318e-05,0.0,0.0,0.10130000114440918,0.21654999256134033,0.026200000196695328,0.0,0.0,0.0,0.10120481997728348,0.09713855385780334,0.10550595819950104
9780000,1956,0.0,1.4276214838027954,-0.016395065933465958,-0.01645030453801155,0.00011047664884245023,0.0,0.0,0.11394999921321869,0.22864998877048492,0.022849999368190765,0.0,0.0,0.0,0.11746988445520401,0.11837349832057953,0.10610119253396988
9785000,1957,0.0,1.4263010025024414,-0.012077739462256432,-0.012122903019189835,9.032768139149994e-05,0.0,0.0,0.11514999717473984,0.22579999268054962,0.022699998691678047,0.0,0.0,0.0,0.11912650614976883,0.11039157211780548,0.11592262238264084
9790000,1958,0.0,1.4418401718139648,-0.01318932231515646,-0.01322326622903347,6.788779865019023e-05,0.0,0.0,0.13199999928474426,0.21754999458789825,0.020749999210238457,0.0,0.0,0.0,0.141716867685318,0.13057228922843933,0.12380953133106232
9795000,1959,0.0,1.4333382844924927,-0.01867169886827469,-0.018720239400863647,9.70823602983728e-05,0.0,0.0,0.120899997651577,0.21764999628067017,0.021250000223517418,0.0,0.0,0.0,0.13373494148254395,0.11701807379722595,0.11205357313156128
9800000,1960,0.0,1.4362388849258423,-0.024024125188589096,-0.024097558110952377,0.00014686751819681376,0.0,0.0,0.11464999616146088,0.22094999253749847,0.021549999713897705,0.0,0.0,0.0,0.12183735519647598,0.1135542169213295,0.1086309552192688
9805000,1961,0.0,1.435907006263733,-0.02466711960732937,-0.02474130503833294,0.00014836971240583807,0.0,0.0,0.10464999824762344,0.22374999523162842,0.02499999850988388,0.0,0.0,0.0,0.11084337532520294,0.10481928288936615,0.09836310148239136
9810000,1962,0.0,1.4324182271957397,-0.026732582598924637,-0.026814384385943413,0.00016360258450731635,0.0,0.0,0.09964999556541443,0.22759999334812164,0.026599999517202377,0.0,0.0,0.0,0.11024096608161926,0.09307228773832321,0.09568452835083008
9815000,1963,0.0,1.432900071144104,-0.027056768536567688,-0.027143895626068115,0.0001742540771374479,0.0,0.0,0.09434999525547028,0.23749999701976776,0.026999998837709427,0.0,0.0,0.0,0.10391566157341003,0.08810240775346756,0.09107143431901932
9820000,1964,0.0,1.4266124963760376,-0.028155265375971794,-0.02826651558279991,0.00022249984613154083,0.0,0.0,0.09184999763965607,0.23420000076293945,0.022599998861551285,0.0,0.0,0.0,0.10105422139167786,0.08599397540092468,0.0885416716337204
9825000,1965,0.0,1.4258294105529785,-0.06004374846816063,-0.06049226596951485,0.0008970326161943376,0.0,0.0,0.10334999859333038,0.23064999282360077,0.025049999356269836,0.0,0.0,0.0,0.10496988147497177,0.10572289675474167,0.09940476715564728
9830000,1966,0.0,1.4314172267913818,-0.13037975132465363,-0.1325138658285141,0.0042682369239628315,0.0,0.0,0.11620000004768372,0.22794999182224274,0.02630000002682209,0.0,0.0,0.0,0.12710843980312347,0.12003012001514435,0.10163690894842148
9835000,1967,0.0,1.4287792444229126,-0.019907722249627113,-0.020037658512592316,0.00025987395201809704,0.0,0.0,0.11554999649524689,0.2342499941587448,0.029399998486042023,0.0,0.0,0.0,0.11611445993185043,0.11777108907699585,0.11279762536287308
9840000,1968,0.0,1.432458519935608,0.07633259892463684,0.07526890933513641,0.0021273766178637743,0.0,0.0,0.1282999962568283,0.2395000010728836,0.02905000001192093,0.0,0.0,0.0,0.13840362429618835,0.12590362131595612,0.12068452686071396
9845000,1969,0.0,1.430591344833374,-0.050236914306879044,-0.05060389265418053,0.000733955530449748,0.0,0.0,0.1266999989748001,0.23330000042915344,0.027699999511241913,0.0,0.0,0.0,0.12439759075641632,0.12469879537820816,0.130952388048172
9850000,1970,0.0,1.4307219982147217,-0.031084345653653145,-0.03123670630156994,0.0003047205973416567,0.0,0.0,0.11424999684095383,0.2324499934911728,0.022849999368190765,0.0,0.0,0.0,0.11897590756416321,0.11219879984855652,0.1116071492433548
9855000,1971,0.0,1.418532371520996,0.030526133254170418,0.030226055532693863,0.000600154628045857,0.0,0.0,0.10080000013113022,0.22724999487400055,0.022099999710917473,0.0,0.0,0.0,0.10783132910728455,0.09487952291965485,0.099702388048172
9860000,1972,0.0,1.431985855102539,-0.034311264753341675,-0.0344536229968071,0.00028471677796915174,0.0,0.0,0.10859999805688858,0.22244998812675476,0.023899998515844345,0.0,0.0,0.0,0.11370482295751572,0.10662651062011719,0.10550595819950104
9865000,1973,0.0,1.4331188201904297,-0.005376387853175402,-0.005416014697402716,7.925388490548357e-05,0.0,0.0,0.11400000005960464,0.22224999964237213,0.026750000193715096,0.0,0.0,0.0,0.11686747521162033,0.11024096608161926,0.11488095670938492
9870000,1974,0.0,1.4413928985595703,0.007664455566555262,0.007611758075654507,0.00010539493086980656,0.0,0.0,0.11874999850988388,0.23274999856948853,0.026799999177455902,0.0,0.0,0.0,0.12921686470508575,0.11536144465208054,0.11175595968961716
9875000,1975,0.0,1.4279547929763794,-0.023382583633065224,-0.02345975488424301,0.0001543442631373182,0.0,0.0,0.10419999808073044,0.2300499975681305,0.0284000001847744,0.0,0.0,0.0,0.11099398136138916,0.1006024107336998,0.10104166716337204
9880000,1976,0.0,1.4310364723205566,0.00888405553996563,0.008823182433843613,0.0001217461540363729,0.0,0.0,0.09784999489784241,0.22754999995231628,0.029899999499320984,0.0,0.0,0.0,0.0998494029045105,0.0998494029045105,0.09389881044626236
9885000,1977,0.0,1.4304399490356445,-0.014518599957227707,-0.014560097828507423,8.299620094476268e-05,0.0,0.0,0.11264999955892563,0.2133999913930893,0.028199998661875725,0.0,0.0,0.0,0.1242469921708107,0.10195783525705338,0.11175595968961716
9890000,1978,0.0,1.4348773956298828,-0.004173435736447573,-0.0042014652863144875,5.605871047009714e-05,0.0,0.0,0.11594999581575394,0.21679998934268951,0.02734999917447567,0.0,0.0,0.0,0.12213855981826782,0.11400602757930756,0.11175595968961716
9895000,1979,0.0,1.4374233484268188,-0.004868549294769764,-0.004894967656582594,5.283665450406261e-05,0.0,0.0,0.12109999358654022,0.2158999890089035,0.026999998837709427,0.0,0.0,0.0,0.12710843980312347,0.11551205068826675,0.12068452686071396
9900000,1980,0.0,1.4361120462417603,-0.009174334816634655,-0.009215887635946274,8.310598786920309e-05,0.0,0.0,0.10894999653100967,0.22029998898506165,0.02355000004172325,0.0,0.0,0.0,0.1128012090921402,0.10316265374422073,0.110863097012043
9905000,1981,0.0,1.4282962083816528,-0.0016637867083773017,-0.0017122532008215785,9.69330285442993e-05,0.0,0.0,0.10889999568462372,0.22624999284744263,0.024799998849630356,0.0,0.0,0.0,0.11114457994699478,0.10948795080184937,0.10610119253396988
9910000,1982,0.0,1.428470253944397,-0.009314198978245258,-0.009342307224869728,5.621606396744028e-05,0.0,0.0,0.11624999344348907,0.22864998877048492,0.02565000019967556,0.0,0.0,0.0,0.12515060603618622,0.1135542169213295,0.1101190522313118
9915000,1983,0.0,1.4313948154449463,-0.004934081342071295,-0.00495928106829524,5.0399779865983874e-05,0.0,0.0,0.1075499951839447,0.24479998648166656,0.026099998503923416,0.0,0.0,0.0,0.11942771077156067,0.09789156913757324,0.10535714775323868
9920000,1984,0.0,1.4378166198730469,-0.007096721325069666,-0.007124282885342836,5.512307325261645e-05,0.0,0.0,0.11089999973773956,0.23149999976158142,0.019600000232458115,0.0,0.0,0.0,0.11641566455364227,0.10843373835086823,0.1078869104385376
9925000,1985,0.0,1.436779499053955,-0.0076789529994130135,-0.007712821941822767,6.773763743694872e-05,0.0,0.0,0.11005000025033951,0.22344999015331268,0.01979999989271164,0.0,0.0,0.0,0.11671686917543411,0.10617469996213913,0.10729166865348816
9930000,1986,0.0,1.4448860883712769,-0.007000821642577648,-0.007023429498076439,4.52152598882094e-05,0.0,0.0,0.11404999345541,0.2292499989271164,0.01964999921619892,0.0,0.0,0.0,0.1204819306731224,0.10617469996213913,0.11547619849443436
9935000,1987,0.0,1.4253860712051392,-0.004953292198479176,-0.005008733365684748,0.00011088277824455872,0.0,0.0,0.10909999907016754,0.2398499995470047,0.023649999871850014,0.0,0.0,0.0,0.12108433991670609,0.10030120611190796,0.10595238208770752
9940000,1988,0.0,1.4325860738754272,-0.0072012003511190414,-0.0072510261088609695,9.965118078980595e-05,0.0,0.0,0.10769999772310257,0.24139998853206635,0.01979999989271164,0.0,0.0,0.0,0.11325301229953766,0.10316265374422073,0.10669643431901932
9945000,1989,0.0,1.4287952184677124,-0.004691095557063818,-0.00471856165677309,5.4932294005993754e-05,0.0,0.0,0.09019999951124191,0.24914999306201935,0.023399999365210533,0.0,0.0,0.0,0.09111446142196655,0.09487952291965485,0.08467262238264084
9950000,1990,0.0,1.4347788095474243,-0.008148632943630219,-0.008176760748028755,5.625503035844304e-05,0.0,0.0,0.09084999561309814,0.2423499971628189,0.020099999383091927,0.0,0.0,0.0,0.10256024450063705,0.08328313380479813,0.08675595372915268
9955000,1991,0.0,1.4368276596069336,-0.004320065025240183,-0.004347487352788448,5.484466964844614e-05,0.0,0.0,0.10864999890327454,0.2228499948978424,0.022099999710917473,0.0,0.0,0.0,0.11701807379722595,0.10662651062011719,0.10238095372915268
9960000,1992,0.0,1.4473062753677368,-0.008961040526628494,-0.008999647572636604,7.721360452705994e-05,0.0,0.0,0.13334999978542328,0.21059998869895935,0.02369999885559082,0.0,0.0,0.0,0.13704819977283478,0.13373494148254395,0.12931548058986664
9965000,1993,0.0,1.4454832077026367,-0.004751494619995356,-0.004775490146130323,4.799098314833827e-05,0.0,0.0,0.11374999582767487,0.2198999971151352,0.027400000020861626,0.0,0.0,0.0,0.11882530152797699,0.11385542154312134,0.1086309552192688
9970000,1994,0.0,1.4398040771484375,-0.005552357062697411,-0.0055747623555362225,4.4810250983573496e-05,0.0,0.0,0.11044999957084656,0.21619999408721924,0.027300000190734863,0.0,0.0,0.0,0.11551205068826675,0.1075301244854927,0.10833333432674408
9975000,1995,0.0,1.4327243566513062,-0.007973218336701393,-0.008001689799129963,5.694295032299124e-05,0.0,0.0,0.10294999927282333,0.2236499935388565,0.0279999990016222,0.0,0.0,0.0,0.1075301244854927,0.10165663063526154,0.099702388048172
9980000,1996,0.0,1.4448177814483643,-0.004353033844381571,-0.004379722289741039,5.337731636245735e-05,0.0,0.0,0.11604999750852585,0.21979999542236328,0.022599998861551285,0.0,0.0,0.0,0.11069277673959732,0.11837349832057953,0.1190476268529892
9985000,1997,0.0,1.4204062223434448,-0.00677676685154438,-0.006836523301899433,0.0001195130535052158,0.0,0.0,0.10649999976158142,0.23444999754428864,0.023749999701976776,0.0,0.0,0.0,0.11731927841901779,0.09894578158855438,0.10327381640672684
9990000,1998,0.0,1.4351669549942017,-0.01165391318500042,-0.011694640852510929,8.145510946633294e-05,0.0,0.0,0.10159999877214432,0.24194999039173126,0.022549999877810478,0.0,0.0,0.0,0.10813253372907639,0.10015060752630234,0.09657738357782364
9995000,1999,0.0,1.4260526895523071,-0.004747086204588413,-0.004781687632203102,6.920274609001353e-05,0.0,0.0,0.09919999539852142,0.24139998853206635,0.026249999180436134,0.0,0.0,0.0,0.10542169213294983,0.0998494029045105,0.09241072088479996
10000000,2000,0.0,1.434337854385376,-0.004812255501747131,-0.004835108760744333,4.5706834498560056e-05,0.0,0.0,0.09569999575614929,0.22589999437332153,0.022450000047683716,0.0,0.0,0.0,0.09141566604375839,0.09412650763988495,0.10148809850215912
10005000,2001,0.0,1.421562910079956,-0.00787432212382555,-0.00794051494449377,0.00013238498650025576,0.0,0.0,0.09769999980926514,0.22534999251365662,0.022499999031424522,0.0,0.0,0.0,0.09728915989398956,0.0975903645157814,0.098214291036129
10010000,2002,0.0,1.4375232458114624,-0.0063431160524487495,-0.006373217795044184,6.020317960064858e-05,0.0,0.0,0.1205499991774559,0.211899995803833,0.021549999713897705,0.0,0.0,0.0,0.12936747074127197,0.12138554453849792,0.11101190745830536
10015000,2003,0.0,1.4347022771835327,-0.0027652629651129246,-0.0027988944202661514,6.726277933921665e-05,0.0,0.0,0.11989999562501907,0.22109998762607574,0.023349998518824577,0.0,0.0,0.0,0.1280120462179184,0.12018072605133057,0.1116071492433548
10020000,2004,0.0,1.433877944946289,-0.004916791804134846,-0.004974263720214367,0.00011494407226564363,0.0,0.0,0.11669999361038208,0.22299998998641968,0.019600000232458115,0.0,0.0,0.0,0.1287650614976883,0.111295185983181,0.1101190522313118
10025000,2005,0.0,1.4326937198638916,-0.008370957337319851,-0.008406570181250572,7.122506212908775e-05,0.0,0.0,0.11369999498128891,0.2348499894142151,0.02474999986588955,0.0,0.0,0.0,0.12168674916028976,0.1120481938123703,0.10744047909975052
10030000,2006,0.0,1.4411005973815918,-0.011001287959516048,-0.011037100106477737,7.162441761465743e-05,0.0,0.0,0.10899999737739563,0.23544999957084656,0.021399999037384987,0.0,0.0,0.0,0.11009036004543304,0.1090361475944519,0.1078869104385376
10035000,2007,0.0,1.4290114641189575,-0.01061734464019537,-0.010655858553946018,7.702832954237238e-05,0.0,0.0,0.09769999980926514,0.23754999041557312,0.025599999353289604,0.0,0.0,0.0,0.1036144569516182,0.0968373492360115,0.09270833432674408
10040000,2008,0.0,1.4372780323028564,-0.005258926190435886,-0.005287241190671921,5.6629804021213204e-05,0.0,0.0,0.10164999961853027,0.22214999794960022,0.025599999353289604,0.0,0.0,0.0,0.10542169213294983,0.102108433842659,0.0974702388048172
10045000,2009,0.0,1.42495596408844,-0.004860083572566509,-0.004920311737805605,0.0001204563959618099,0.0,0.0,0.11089999973773956,0.21265000104904175,0.023599999025464058,0.0,0.0,0.0,0.11611445993185043,0.10933735221624374,0.10729166865348816
10050000,2010,0.0,1.4324465990066528,-0.005549781024456024,-0.005596629809588194,9.369719919050112e-05,0.0,0.0,0.124549999833107,0.22834999859333038,0.022350000217556953,0.0,0.0,0.0,0.13388554751873016,0.1227409690618515,0.11711309850215912
10055000,2011,0.0,1.4411062002182007,-0.012580014765262604,-0.012620929628610611,8.183047611964867e-05,0.0,0.0,0.1200999990105629,0.23009999096393585,0.02319999970495701,0.0,0.0,0.0,0.13539156317710876,0.11490964144468307,0.1101190522313118
10060000,2012,0.0,1.4385769367218018,-0.02507428452372551,-0.025154629722237587,0.0001606914447620511,0.0,0.0,0.09995000064373016,0.22664999961853027,0.023899998515844345,0.0,0.0,0.0,0.10496988147497177,0.09246987849473953,0.10238095372915268
10065000,2013,0.0,1.4262431859970093,-0.03218114376068115,-0.03231159597635269,0.0002609049843158573,0.0,0.0,0.09964999556541443,0.23809999227523804,0.025599999353289604,0.0,0.0,0.0,0.10030120611190796,0.09804216772317886,0.10059524327516556
10070000,2014,0.0,1.4293060302734375,-0.02325892262160778,-0.02334650233387947,0.000175159759237431,0.0,0.0,0.11059999465942383,0.23725000023841858,0.021800000220537186,0.0,0.0,0.0,0.11867470294237137,0.11159639060497284,0.10163690894842148
10075000,2015,0.0,1.429951548576355,-0.011824357323348522,-0.01185612939298153,6.354488141369075e-05,0.0,0.0,0.10785000026226044,0.24334999918937683,0.025599999353289604,0.0,0.0,0.0,0.10843373835086823,0.10000000149011612,0.11502976715564728
10080000,2016,0.0,1.4327961206436157,-0.004381974693387747,-0.004432118032127619,0.00010028676479123533,0.0,0.0,0.11869999766349792,0.23115000128746033,0.022599998861551285,0.0,0.0,0.0,0.12439759075641632,0.1120481938123703,0.11964286118745804
10085000,2017,0.0,1.4248408079147339,-0.004032880533486605,-0.004064122214913368,6.248344288906083e-05,0.0,0.0,0.1301499903202057,0.2092999964952469,0.02524999901652336,0.0,0.0,0.0,0.1379518061876297,0.12620481848716736,0.12633928656578064
10090000,2018,0.0,1.4324946403503418,-0.009751890785992146,-0.009790627285838127,7.747348718112335e-05,0.0,0.0,0.12565000355243683,0.204599991440773,0.026599999517202377,0.0,0.0,0.0,0.1334337443113327,0.12394578754901886,0.11964286118745804
10095000,2019,0.0,1.4312350749969482,-0.019667834043502808,-0.019723983481526375,0.00011229955998715013,0.0,0.0,0.11194999516010284,0.21769998967647552,0.028349999338388443,0.0,0.0,0.0,0.12228915840387344,0.10632530599832535,0.10729166865348816
10100000,2020,0.0,1.4360065460205078,-0.03423580154776573,-0.03437178209424019,0.0002719610056374222,0.0,0.0,0.10804999619722366,0.23179998993873596,0.025750000029802322,0.0,0.0,0.0,0.1158132553100586,0.11024096608161926,0.098214291036129
10105000,2021,0.0,1.4363433122634888,-0.03338325768709183,-0.03352648764848709,0.000286461494397372,0.0,0.0,0.11384999752044678,0.2248999923467636,0.02159999869763851,0.0,0.0,0.0,0.11701807379722595,0.11219879984855652,0.112351194024086
10110000,2022,0.0,1.4406789541244507,-0.0233770702034235,-0.02344372123479843,0.00013330129149835557,0.0,0.0,0.09964999556541443,0.2361999899148941,0.021699998527765274,0.0,0.0,0.0,0.10331325232982635,0.09804216772317886,0.09761904925107956
10115000,2023,0.0,1.4474706649780273,-0.02151971310377121,-0.021576503291726112,0.0001135816055466421,0.0,0.0,0.10379999876022339,0.23589999973773956,0.021949999034404755,0.0,0.0,0.0,0.1105421707034111,0.10421686619520187,0.096726194024086
10120000,2024,0.0,1.43536376953125,-0.026679949834942818,-0.02678687311708927,0.00021384682622738183,0.0,0.0,0.09995000064373016,0.23224999010562897,0.02345000021159649,0.0,0.0,0.0,0.0990963876247406,0.10346385836601257,0.09732143580913544
10125000,2025,0.0,1.4360443353652954,-0.032274432480335236,-0.032398778945207596,0.0002486960729584098,0.0,0.0,0.10419999808073044,0.22459998726844788,0.025349998846650124,0.0,0.0,0.0,0.10542169213294983,0.1036144569516182,0.10357142984867096
10130000,2026,0.0,1.4339789152145386,-0.03190704807639122,-0.03202969208359718,0.0002452906919643283,0.0,0.0,0.10574999451637268,0.2317499965429306,0.023000000044703484,0.0,0.0,0.0,0.10798192769289017,0.10963855683803558,0.099702388048172
10135000,2027,0.0,1.4405454397201538,-0.02703693136572838,-0.027125567197799683,0.0001772703544702381,0.0,0.0,0.10619999468326569,0.234949991106987,0.021800000220537186,0.0,0.0,0.0,0.11159639060497284,0.10496988147497177,0.10208334028720856
10140000,2028,0.0,1.4390016794204712,-0.014475901611149311,-0.01452102605253458,9.02488682186231e-05,0.0,0.0,0.11729999631643295,0.2264999896287918,0.021900000050663948,0.0,0.0,0.0,0.11731927841901779,0.11265060305595398,0.12187500298023224
10145000,2029,0.0,1.4553731679916382,-0.0052574994042515755,-0.005291139241307974,6.727982690790668e-05,0.0,0.0,0.12674999237060547,0.2244499921798706,0.01730000041425228,0.0,0.0,0.0,0.13313253223896027,0.12635542452335358,0.12083333730697632
10150000,2030,0.0,1.4379059076309204,-0.004415759816765785,-0.004443666897714138,5.581421282840893e-05,0.0,0.0,0.1123499944806099,0.21329998970031738,0.0284000001847744,0.0,0.0,0.0,0.11460843682289124,0.11490964144468307,0.10758928954601288
10155000,2031,0.0,1.4342503547668457,-0.012228432111442089,-0.012263219803571701,6.957534060347825e-05,0.0,0.0,0.09674999862909317,0.2061999887228012,0.028699999675154686,0.0,0.0,0.0,0.09623493999242783,0.10015060752630234,0.09389881044626236
10160000,2032,0.0,1.4284672737121582,-0.03107139840722084,-0.03119063377380371,0.00023847019474487752,0.0,0.0,0.09234999865293503,0.21319998800754547,0.027799999341368675,0.0,0.0,0.0,0.0906626507639885,0.09382530301809311,0.09255952388048172
10165000,2033,0.0,1.4352384805679321,-0.058614399284124374,-0.05904769152402878,0.0008665837813168764,0.0,0.0,0.10054999589920044,0.21849998831748962,0.021549999713897705,0.0,0.0,0.0,0.09849397838115692,0.09774096310138702,0.10535714775323868
10170000,2034,0.0,1.433485746383667,-0.025639556348323822,-0.025726409628987312,0.00017370616842526942,0.0,0.0,0.10714999586343765,0.23839999735355377,0.02319999970495701,0.0,0.0,0.0,0.11039157211780548,0.108283132314682,0.10282738506793976
10175000,2035,0.0,1.433699369430542,0.014848052524030209,0.014745201915502548,0.00020570210472214967,0.0,0.0,0.10364999622106552,0.23934999108314514,0.022549999877810478,0.0,0.0,0.0,0.10195783525705338,0.10572289675474167,0.10327381640672684
10180000,2036,0.0,1.4355744123458862,0.01756788231432438,0.01746285893023014,0.00021004604059271514,0.0,0.0,0.11229999363422394,0.22304999828338623,0.024799998849630356,0.0,0.0,0.0,0.12033132463693619,0.111295185983181,0.10535714775323868
10185000,2037,0.0,1.4403901100158691,-0.013986125588417053,-0.014032161794602871,9.207313996739686e-05,0.0,0.0,0.11759999394416809,0.2214999943971634,0.02384999953210354,0.0,0.0,0.0,0.12590362131595612,0.11340361833572388,0.11354167014360428
10190000,2038,0.0,1.4370200634002686,-0.031753454357385635,-0.031877171248197556,0.00024743747781030834,0.0,0.0,0.11095000058412552,0.2260499894618988,0.02384999953210354,0.0,0.0,0.0,0.11882530152797699,0.10993976145982742,0.1041666716337204
10195000,2039,0.0,1.441501498222351,-0.012848305515944958,-0.012895763851702213,9.491632954450324e-05,0.0,0.0,0.10644999891519547,0.23269999027252197,0.020600000396370888,0.0,0.0,0.0,0.11340361833572388,0.10602410137653351,0.10000000149011612
10200000,2040,0.0,1.4481234550476074,0.004637637175619602,0.004568292293697596,0.00013868963287677616,0.0,0.0,0.11134999990463257,0.21724998950958252,0.022249998524785042,0.0,0.0,0.0,0.1158132553100586,0.10557229071855545,0.11264881491661072
10205000,2041,0.0,1.4453155994415283,0.005510800052434206,0.005465865135192871,8.987016917672008e-05,0.0,0.0,0.10824999958276749,0.22495000064373016,0.02135000005364418,0.0,0.0,0.0,0.11972891539335251,0.10496988147497177,0.10014881193637848
10210000,2042,0.0,1.4431419372558594,-0.012249522842466831,-0.012284575030207634,7.010365516180173e-05,0.0,0.0,0.1070999950170517,0.2248999923467636,0.02135000005364418,0.0,0.0,0.0,0.10858433693647385,0.10527108609676361,0.10744047909975052
10215000,2043,0.0,1.4288151264190674,-0.022690976038575172,-0.02276642993092537,0.00015090720262378454,0.0,0.0,0.09634999930858612,0.23499999940395355,0.024000000208616257,0.0,0.0,0.0,0.09231927990913391,0.10240963846445084,0.09434524178504944
10220000,2044,0.0,1.437410831451416,-0.013262785971164703,-0.013297796249389648,7.001966150710359e-05,0.0,0.0,0.10364999622106552,0.2304999977350235,0.026349999010562897,0.0,0.0,0.0,0.1013554260134697,0.09924699366092682,0.11026786267757416
10225000,2045,0.0,1.4401500225067139,-0.0048128957860171795,-0.004852416925132275,7.90419289842248e-05,0.0,0.0,0.12184999883174896,0.22564999759197235,0.02174999937415123,0.0,0.0,0.0,0.1296686828136444,0.11867470294237137,0.11726190894842148
10230000,2046,0.0,1.4356826543807983,-0.0035507380962371826,-0.00358033599331975,5.919580871704966e-05,0.0,0.0,0.13284999132156372,0.21164999902248383,0.027249999344348907,0.0,0.0,0.0,0.12846386432647705,0.13298192620277405,0.13705357909202576
10235000,2047,0.0,1.4398043155670166,-0.00719583872705698,-0.007255078759044409,0.00011848008580273017,0.0,0.0,0.13239999115467072,0.21389999985694885,0.02474999986588955,0.0,0.0,0.0,0.13750000298023224,0.1302710920572281,0.1294642835855484
10240000,2048,0.0,1.4197020530700684,-0.013367058709263802,-0.013423444703221321,0.00011277218436589465,0.0,0.0,0.10659999400377274,0.228549987077713,0.02669999934732914,0.0,0.0,0.0,0.10602410137653351,0.1097891554236412,0.10401786118745804
10245000,2049,0.0,1.4408642053604126,-0.012957228347659111,-0.012985225766897202,5.5994132708292454e-05,0.0,0.0,0.10439999401569366,0.23204998672008514,0.022049998864531517,0.0,0.0,0.0,0.10316265374422073,0.10632530599832535,0.10372024029493332
10250000,2050,0.0,1.4337843656539917,-0.010247575119137764,-0.010280609130859375,6.606812530662864e-05,0.0,0.0,0.1018499955534935,0.24524998664855957,0.024650000035762787,0.0,0.0,0.0,0.10512048751115799,0.1036144569516182,0.09687500447034836
10255000,2051,0.0,1.4367923736572266,-0.010338661260902882,-0.010369271971285343,6.122151535237208e-05,0.0,0.0,0.10579999536275864,0.23519998788833618,0.027899999171495438,0.0,0.0,0.0,0.11174698919057846,0.1013554260134697,0.10431548207998276
10260000,2052,0.0,1.443921685218811,-0.011091351509094238,-0.011135958135128021,8.921285916585475e-05,0.0,0.0,0.11474999785423279,0.23330000042915344,0.028149999678134918,0.0,0.0,0.0,0.11822289228439331,0.11069277673959732,0.115327388048172
10265000,2053,0.0,1.433111310005188,-0.008838901296257973,-0.008891242556273937,0.00010468217806192115,0.0,0.0,0.11344999819993973,0.21525000035762787,0.020999999716877937,0.0,0.0,0.0,0.111295185983181,0.11475903540849686,0.11428572237491608
10270000,2054,0.0,1.4308990240097046,-0.0093305055052042,-0.00936442892998457,6.784655852243304e-05,0.0,0.0,0.1067499965429306,0.22179999947547913,0.02579999901354313,0.0,0.0,0.0,0.11069277673959732,0.10707831382751465,0.10252976417541504
10275000,2055,0.0,1.4276350736618042,-0.012186892330646515,-0.012232915498316288,9.204579691868275e-05,0.0,0.0,0.10774999856948853,0.23070000112056732,0.02199999988079071,0.0,0.0,0.0,0.10918674618005753,0.10918674618005753,0.1049107164144516
10280000,2056,0.0,1.4500651359558105,-0.016646545380353928,-0.01668817363679409,8.325531234731898e-05,0.0,0.0,0.10969999432563782,0.23279999196529388,0.020800000056624413,0.0,0.0,0.0,0.11611445993185043,0.10331325232982635,0.10967262089252472
10285000,2057,0.0,1.4461911916732788,-0.010222077369689941,-0.010255620814859867,6.708734144922346e-05,0.0,0.0,0.11474999785423279,0.22384999692440033,0.02199999988079071,0.0,0.0,0.0,0.1219879537820816,0.11219879984855652,0.1101190522313118
10290000,2058,0.0,1.437540054321289,0.004693558439612389,0.004653041251003742,8.103404252324253e-05,0.0,0.0,0.11180000007152557,0.21875,0.02979999966919422,0.0,0.0,0.0,0.11746988445520401,0.10948795080184937,0.10848214477300644
10295000,2059,0.0,1.4403126239776611,0.012655812315642834,0.012582715600728989,0.0001461937208659947,0.0,0.0,0.11549999564886093,0.2235499918460846,0.02554999850690365,0.0,0.0,0.0,0.11957831680774689,0.11325301229953766,0.11369048058986664
10300000,2060,0.0,1.4508650302886963,0.018477337434887886,0.018369071185588837,0.00021653300791513175,0.0,0.0,0.11934999376535416,0.2280000001192093,0.019849998876452446,0.0,0.0,0.0,0.12213855981826782,0.11611445993185043,0.1197916716337204
10305000,2061,0.0,1.4409011602401733,0.021586144343018532,0.021460382267832756,0.0002515247615519911,0.0,0.0,0.10999999940395355,0.24269999563694,0.019749999046325684,0.0,0.0,0.0,0.1128012090921402,0.1097891554236412,0.10744047909975052
10310000,2062,0.0,1.445950984954834,0.01410669181495905,0.014033799059689045,0.00014578500122297555,0.0,0.0,0.10174999386072159,0.24334999918937683,0.021849999204277992,0.0,0.0,0.0,0.10963855683803558,0.09879518300294876,0.09687500447034836
10315000,2063,0.0,1.451137661933899,0.011008481495082378,0.01094123162329197,0.0001345006312476471,0.0,0.0,0.11194999516010284,0.22824999690055847,0.018199998885393143,0.0,0.0,0.0,0.11039157211780548,0.10858433693647385,0.1168154776096344
10320000,2064,0.0,1.4442802667617798,0.018982497975230217,0.01888127438724041,0.00020244542974978685,0.0,0.0,0.11354999989271164,0.22179999947547913,0.0251499991863966,0.0,0.0,0.0,0.11370482295751572,0.11099398136138916,0.11592262238264084
10325000,2065,0.0,1.4395841360092163,0.025018557906150818,0.024862315505743027,0.00031248663435690105,0.0,0.0,0.11659999936819077,0.2122499942779541,0.029500000178813934,0.0,0.0,0.0,0.11656627058982849,0.11536144465208054,0.11785715073347092
10330000,2066,0.0,1.4402387142181396,0.022669650614261627,0.02253798209130764,0.0002633370750118047,0.0,0.0,0.11749999970197678,0.2155499905347824,0.026750000193715096,0.0,0.0,0.0,0.13373494148254395,0.10587349534034729,0.11294643580913544
10335000,2067,0.0,1.4335176944732666,0.012462790124118328,0.012391970492899418,0.000141639553476125,0.0,0.0,0.11504999548196793,0.22084999084472656,0.027300000190734863,0.0,0.0,0.0,0.11310241371393204,0.11611445993185043,0.11592262238264084
10340000,2068,0.0,1.4431548118591309,-0.005036394111812115,-0.00506636593490839,5.9943762607872486e-05,0.0,0.0,0.1251000016927719,0.2206999957561493,0.025349998846650124,0.0,0.0,0.0,0.13373494148254395,0.1204819306731224,0.12113095819950104
10345000,2069,0.0,1.4397656917572021,-0.026044603437185287,-0.026119055226445198,0.00014890391321387142,0.0,0.0,0.11184999346733093,0.22029998898506165,0.027149999514222145,0.0,0.0,0.0,0.11686747521162033,0.1075301244854927,0.11116071790456772
10350000,2070,0.0,1.4428784847259521,-0.03948502242565155,-0.03965001553297043,0.00032998889219015837,0.0,0.0,0.10244999825954437,0.22859999537467957,0.025849999859929085,0.0,0.0,0.0,0.1090361475944519,0.10120481997728348,0.09717262536287308
10355000,2071,0.0,1.4393812417984009,-0.029245903715491295,-0.02934301644563675,0.00019422451441641897,0.0,0.0,0.09380000084638596,0.23879998922348022,0.023149998858571053,0.0,0.0,0.0,0.10165663063526154,0.0876506045460701,0.09211309999227524
10360000,2072,0.0,1.4418805837631226,-0.014251058921217918,-0.014281593263149261,6.106832006480545e-05,0.0,0.0,0.09844999760389328,0.23899999260902405,0.023899998515844345,0.0,0.0,0.0,0.1013554260134697,0.09894578158855438,0.09508928656578064
10365000,2073,0.0,1.4447319507598877,-0.008590535260736942,-0.008613958954811096,4.68474900117144e-05,0.0,0.0,0.11514999717473984,0.234499990940094,0.02709999866783619,0.0,0.0,0.0,0.12289156764745712,0.11551205068826675,0.1071428582072258
10370000,2074,0.0,1.4410563707351685,-0.014652874320745468,-0.014712671749293804,0.00011959569383179769,0.0,0.0,0.11949999630451202,0.22439999878406525,0.02499999850988388,0.0,0.0,0.0,0.12484940141439438,0.12033132463693619,0.11339285969734192
10375000,2075,0.0,1.4385240077972412,-0.020466187968850136,-0.02052573300898075,0.00011908847955055535,0.0,0.0,0.11294999718666077,0.21244999766349792,0.028099998831748962,0.0,0.0,0.0,0.11295180767774582,0.10722891986370087,0.11860119551420212
10380000,2076,0.0,1.4400690793991089,-0.03079969249665737,-0.030928906053304672,0.00025842542527243495,0.0,0.0,0.1034500002861023,0.21694999933242798,0.022849999368190765,0.0,0.0,0.0,0.09578313678503036,0.10331325232982635,0.11116071790456772
10385000,2077,0.0,1.4339337348937988,-0.029155122116208076,-0.02925846539437771,0.0002066849119728431,0.0,0.0,0.11214999854564667,0.22474999725818634,0.021699998527765274,0.0,0.0,0.0,0.11325301229953766,0.11385542154312134,0.1093750074505806
10390000,2078,0.0,1.4399528503417969,-0.0271112360060215,-0.02720353938639164,0.00018460722640156746,0.0,0.0,0.12494999915361404,0.2309499979019165,0.02410000003874302,0.0,0.0,0.0,0.12680722773075104,0.11762048304080963,0.13035714626312256
10395000,2079,0.0,1.4401601552963257,-0.026744136586785316,-0.026828885078430176,0.00016949750715866685,0.0,0.0,0.11389999836683273,0.2263999879360199,0.02459999918937683,0.0,0.0,0.0,0.11385542154312134,0.11159639060497284,0.11622024327516556
10400000,2080,0.0,1.4417608976364136,-0.03207843750715256,-0.03221029415726662,0.0002637100114952773,0.0,0.0,0.10740000009536743,0.21124999225139618,0.025449998676776886,0.0,0.0,0.0,0.10632530599832535,0.10527108609676361,0.11056548357009888
10405000,2081,0.0,1.4368294477462769,-0.02939406782388687,-0.02950005978345871,0.0002119822020176798,0.0,0.0,0.10859999805688858,0.21734999120235443,0.02589999884366989,0.0,0.0,0.0,0.10858433693647385,0.11024096608161926,0.10699405521154404
10410000,2082,0.0,1.4417715072631836,-0.03800000995397568,-0.03817297890782356,0.00034594006137922406,0.0,0.0,0.12134999781847,0.2305999994277954,0.02264999970793724,0.0,0.0,0.0,0.1289156675338745,0.1128012090921402,0.12232143431901932
10415000,2083,0.0,1.443869709968567,-0.043004170060157776,-0.0432545505464077,0.0005007603322155774,0.0,0.0,0.12370000034570694,0.23549999296665192,0.020649999380111694,0.0,0.0,0.0,0.13704819977283478,0.11927711218595505,0.11488095670938492
10420000,2084,0.0,1.4383995532989502,-0.043805621564388275,-0.044034507125616074,0.000457768706837669,0.0,0.0,0.10839999467134476,0.22699999809265137,0.02135000005364418,0.0,0.0,0.0,0.10677710920572281,0.10662651062011719,0.11175595968961716
10425000,2085,0.0,1.437678575515747,-0.039903588593006134,-0.040085434913635254,0.00036369054578244686,0.0,0.0,0.10844999551773071,0.20789998769760132,0.02239999920129776,0.0,0.0,0.0,0.11475903540849686,0.0990963876247406,0.11145833879709244
10430000,2086,0.0,1.4397224187850952,-0.012986920773983002,-0.013022317551076412,7.079357601469383e-05,0.0,0.0,0.12219999730587006,0.20749999582767487,0.023249998688697815,0.0,0.0,0.0,0.12996987998485565,0.12228915840387344,0.11443452537059784
10435000,2087,0.0,1.4295527935028076,0.0052495053969323635,0.00517515791580081,0.0001486948021920398,0.0,0.0,0.1189499944448471,0.21729999780654907,0.020150000229477882,0.0,0.0,0.0,0.11475903540849686,0.12740963697433472,0.11473214626312256
10440000,2088,0.0,1.4358608722686768,-0.004567194264382124,-0.0045992606319487095,6.41326914774254e-05,0.0,0.0,0.11069999635219574,0.21184998750686646,0.027400000020861626,0.0,0.0,0.0,0.11400602757930756,0.11039157211780548,0.10773809999227524
10445000,2089,0.0,1.4525130987167358,-0.014205826446413994,-0.014246676117181778,8.170010551111773e-05,0.0,0.0,0.12014999985694885,0.1976500004529953,0.021849999204277992,0.0,0.0,0.0,0.125,0.1128012090921402,0.12261905521154404
10450000,2090,0.0,1.4442769289016724,-0.003867090679705143,-0.0038901702500879765,4.6159286284819245e-05,0.0,0.0,0.11714999377727509,0.20170000195503235,0.024299999698996544,0.0,0.0,0.0,0.11837349832057953,0.1135542169213295,0.11949405074119568
10455000,2091,0.0,1.4431487321853638,-0.0015222221845760942,-0.0015537330182269216,6.302166730165482e-05,0.0,0.0,0.10499999672174454,0.21689999103546143,0.02579999901354313,0.0,0.0,0.0,0.10798192769289017,0.10512048751115799,0.1019345298409462
10460000,2092,0.0,1.4347939491271973,-0.007934894412755966,-0.00798278022557497,9.577188757248223e-05,0.0,0.0,0.11095000058412552,0.22299998998641968,0.022450000047683716,0.0,0.0,0.0,0.11611445993185043,0.10512048751115799,0.1116071492433548
10465000,2093,0.0,1.4433101415634155,-0.01173261646181345,-0.0117646474391222,6.4061903685797e-05,0.0,0.0,0.1103999987244606,0.219650000333786,0.023149998858571053,0.0,0.0,0.0,0.11536144465208054,0.11084337532520294,0.10505952686071396
10470000,2094,0.0,1.4372942447662354,-0.010913735255599022,-0.010950811207294464,7.415254367515445e-05,0.0,0.0,0.11404999345541,0.22439999878406525,0.020600000396370888,0.0,0.0,0.0,0.1158132553100586,0.11611445993185043,0.11026786267757416
10475000,2095,0.0,1.4496779441833496,-0.014411475509405136,-0.014439650811254978,5.635114212054759e-05,0.0,0.0,0.1107499971985817,0.21409998834133148,0.02449999935925007,0.0,0.0,0.0,0.11385542154312134,0.11325301229953766,0.10520833730697632
10480000,2096,0.0,1.4422417879104614,-0.009481360204517841,-0.009509705938398838,5.6691384088480845e-05,0.0,0.0,0.11509999632835388,0.22429999709129333,0.024149999022483826,0.0,0.0,0.0,0.12304217368364334,0.10707831382751465,0.11517857760190964
10485000,2097,0.0,1.4522700309753418,-0.00981964636594057,-0.009850190952420235,6.10891220276244e-05,0.0,0.0,0.11479999870061874,0.23309999704360962,0.020800000056624413,0.0,0.0,0.0,0.12921686470508575,0.10888554155826569,0.1063988134264946
10490000,2098,0.0,1.432776689529419,-0.013013999909162521,-0.013055634684860706,8.327006798936054e-05,0.0,0.0,0.10974999517202377,0.2284500002861023,0.022949999198317528,0.0,0.0,0.0,0.11445783078670502,0.10557229071855545,0.10922619700431824
10495000,2099,0.0,1.4503799676895142,-0.01457490399479866,-0.014613021165132523,7.623514102306217e-05,0.0,0.0,0.1224999949336052,0.2215999960899353,0.021900000050663948,0.0,0.0,0.0,0.12665662169456482,0.12515060603618622,0.11577381193637848
10500000,2100,0.0,1.453000545501709,-0.0057654124684631824,-0.005796333309262991,6.184173980727792e-05,0.0,0.0,0.12629999220371246,0.2082500010728836,0.02019999921321869,0.0,0.0,0.0,0.12605421245098114,0.12560240924358368,0.1272321492433548
10505000,2101,0.0,1.4504146575927734,0.001748009235598147,0.0017128086183220148,7.040115451673046e-05,0.0,0.0,0.11424999684095383,0.2090499997138977,0.02719999849796295,0.0,0.0,0.0,0.11792168766260147,0.11671686917543411,0.10818453133106232
10510000,2102,0.0,1.4558470249176025,0.0004307762428652495,0.0003975456638727337,6.646117981290445e-05,0.0,0.0,0.11464999616146088,0.22104999423027039,0.020899999886751175,0.0,0.0,0.0,0.1105421707034111,0.11596386134624481,0.11741071939468384
10515000,2103,0.0,1.446508765220642,-0.007025967352092266,-0.00704997219145298,4.800983515451662e-05,0.0,0.0,0.11284999549388885,0.22014999389648438,0.02709999866783619,0.0,0.0,0.0,0.11807229369878769,0.11310241371393204,0.10744047909975052
10520000,2104,0.0,1.4422959089279175,-0.01634240336716175,-0.016386346891522408,8.788886043475941e-05,0.0,0.0,0.10729999840259552,0.22459998726844788,0.02319999970495701,0.0,0.0,0.0,0.10768072307109833,0.10873494297266006,0.10550595819950104
10525000,2105,0.0,1.4479740858078003,-0.03197954222559929,-0.03210059925913811,0.00024211243726313114,0.0,0.0,0.10599999874830246,0.22564999759197235,0.02094999887049198,0.0,0.0,0.0,0.11114457994699478,0.10481928288936615,0.10208334028720856
10530000,2106,0.0,1.4334619045257568,-0.07603059709072113,-0.07673061639070511,0.0014000441879034042,0.0,0.0,0.10489999502897263,0.22534999251365662,0.02264999970793724,0.0,0.0,0.0,0.10858433693647385,0.10120481997728348,0.1049107164144516
10535000,2107,0.0,1.4489989280700684,-0.13081037998199463,-0.132925882935524,0.004231016617268324,0.0,0.0,0.11914999783039093,0.22784999012947083,0.01994999870657921,0.0,0.0,0.0,0.12695783376693726,0.11641566455364227,0.11413691192865372
10540000,2108,0.0,1.4514148235321045,0.03637934476137161,0.03612836077809334,0.0005019663949497044,0.0,0.0,0.11194999516010284,0.2301499992609024,0.0210999995470047,0.0,0.0,0.0,0.11024096608161926,0.11084337532520294,0.11473214626312256
10545000,2109,0.0,1.4486252069473267,0.024292904883623123,0.024133464321494102,0.000318880018312484,0.0,0.0,0.09749999642372131,0.2194499969482422,0.025349998846650124,0.0,0.0,0.0,0.10331325232982635,0.09578313678503036,0.09345238655805588
10550000,2110,0.0,1.441550374031067,-0.06908097863197327,-0.06964191794395447,0.0011218711733818054,0.0,0.0,0.0961499959230423,0.20999999344348907,0.021199999377131462,0.0,0.0,0.0,0.09593373537063599,0.09939759224653244,0.09315476566553116
10555000,2111,0.0,1.458249568939209,0.036027856171131134,0.0357496440410614,0.0005564277525991201,0.0,0.0,0.11379999667406082,0.210099995136261,0.017799999564886093,0.0,0.0,0.0,0.12183735519647598,0.11234939843416214,0.10729166865348816
10560000,2112,0.0,1.448830246925354,-0.018558653071522713,-0.01862420327961445,0.0001310997031396255,0.0,0.0,0.10769999772310257,0.2268499881029129,0.025849999859929085,0.0,0.0,0.0,0.10677710920572281,0.10858433693647385,0.10773809999227524
10565000,2113,0.0,1.443261981010437,-0.027909545227885246,-0.02802729420363903,0.0002354972530156374,0.0,0.0,0.12309999763965607,0.241799995303154,0.021800000220537186,0.0,0.0,0.0,0.1317771077156067,0.12153615057468414,0.1160714328289032
10570000,2114,0.0,1.4533411264419556,0.017064379528164864,0.016955018043518066,0.00021872228535357863,0.0,0.0,0.12199999392032623,0.23349998891353607,0.02174999937415123,0.0,0.0,0.0,0.12213855981826782,0.11987952142953873,0.12395834177732468
10575000,2115,0.0,1.446440577507019,-0.026096947491168976,-0.02622530423104763,0.0002567138581071049,0.0,0.0,0.11384999752044678,0.22709999978542328,0.02214999869465828,0.0,0.0,0.0,0.11174698919057846,0.11475903540849686,0.11502976715564728
10580000,2116,0.0,1.449296474456787,0.007423978764563799,0.007365340366959572,0.00011727718083420768,0.0,0.0,0.11254999786615372,0.21014998853206635,0.022350000217556953,0.0,0.0,0.0,0.11566264927387238,0.11009036004543304,0.11190476268529892
10585000,2117,0.0,1.4440948963165283,-0.010362527333199978,-0.010398718528449535,7.238272519316524e-05,0.0,0.0,0.12584999203681946,0.22184999287128448,0.02319999970495701,0.0,0.0,0.0,0.12996987998485565,0.12695783376693726,0.12068452686071396
10590000,2118,0.0,1.4408209323883057,-0.012354650534689426,-0.012403835542500019,9.836936078500003e-05,0.0,0.0,0.12159999459981918,0.22709999978542328,0.022849999368190765,0.0,0.0,0.0,0.12996987998485565,0.11671686917543411,0.11815476417541504
10595000,2119,0.0,1.4464616775512695,0.0010484502417966723,0.0010099596111103892,7.698122499277815e-05,0.0,0.0,0.11814999580383301,0.22814999520778656,0.025999998673796654,0.0,0.0,0.0,0.12379518151283264,0.1150602400302887,0.11562500149011612
10600000,2120,0.0,1.447500228881836,-0.01363829430192709,-0.013672166503965855,6.774351641070098e-05,0.0,0.0,0.12019999325275421,0.21924999356269836,0.026099998503923416,0.0,0.0,0.0,0.12379518151283264,0.1135542169213295,0.12321428954601288
10605000,2121,0.0,1.4490829706192017,-0.0008211592794395983,-0.0008556874236091971,6.905629561515525e-05,0.0,0.0,0.12559999525547028,0.21324999630451202,0.021949999034404755,0.0,0.0,0.0,0.1280120462179184,0.12033132463693619,0.12842261791229248
10610000,2122,0.0,1.4502182006835938,-0.010612936690449715,-0.010658076964318752,9.028066415339708e-05,0.0,0.0,0.11755000054836273,0.219200000166893,0.02264999970793724,0.0,0.0,0.0,0.12379518151283264,0.11716867983341217,0.11175595968961716
10615000,2123,0.0,1.4369113445281982,-0.004858823027461767,-0.004893403500318527,6.91607128828764e-05,0.0,0.0,0.09950000047683716,0.2240999937057495,0.022299999371170998,0.0,0.0,0.0,0.10436747223138809,0.102108433842659,0.09211309999227524
10620000,2124,0.0,1.4438064098358154,-0.004285962320864201,-0.004320045001804829,6.816525274189189e-05,0.0,0.0,0.10529999434947968,0.22919999063014984,0.021699998527765274,0.0,0.0,0.0,0.10632530599832535,0.10406626760959625,0.10550595819950104
10625000,2125,0.0,1.441114902496338,-0.006768062710762024,-0.0068040769547224045,7.202829146990553e-05,0.0,0.0,0.11445000022649765,0.22664999961853027,0.02329999953508377,0.0,0.0,0.0,0.1219879537820816,0.1028614491224289,0.11845238506793976
10630000,2126,0.0,1.4423896074295044,-0.008094782009720802,-0.008122007362544537,5.4450796596938744e-05,0.0,0.0,0.12489999830722809,0.21449999511241913,0.026200000196695328,0.0,0.0,0.0,0.1289156675338745,0.1295180767774582,0.11636905372142792
10635000,2127,0.0,1.4491461515426636,-0.00610791752114892,-0.00613822927698493,6.0623853642027825e-05,0.0,0.0,0.13294999301433563,0.21844999492168427,0.024550000205636024,0.0,0.0,0.0,0.13599397242069244,0.1304216831922531,0.1324404776096344
10640000,2128,0.0,1.4468611478805542,-0.005674500484019518,-0.005705896764993668,6.279267836362123e-05,0.0,0.0,0.11469999700784683,0.22919999063014984,0.024399999529123306,0.0,0.0,0.0,0.11807229369878769,0.11039157211780548,0.11562500149011612
10645000,2129,0.0,1.4398607015609741,-0.010449442081153393,-0.010486798360943794,7.471247954526916e-05,0.0,0.0,0.11140000075101852,0.2244499921798706,0.026099998503923416,0.0,0.0,0.0,0.11490964144468307,0.11250000447034836,0.10684524476528168
10650000,2130,0.0,1.4468392133712769,-0.008838473819196224,-0.008867990225553513,5.9032070566900074e-05,0.0,0.0,0.11339999735355377,0.22954998910427094,0.025449998676776886,0.0,0.0,0.0,0.11566264927387238,0.1150602400302887,0.10952381044626236
10655000,2131,0.0,1.4565534591674805,-0.009645950049161911,-0.009679073467850685,6.624696106882766e-05,0.0,0.0,0.12504999339580536,0.23389999568462372,0.02304999902844429,0.0,0.0,0.0,0.13524097204208374,0.12484940141439438,0.11517857760190964
10660000,2132,0.0,1.4469341039657593,-0.010409660637378693,-0.010444276034832,6.9231100496836e-05,0.0,0.0,0.1127999946475029,0.23649999499320984,0.022749999538064003,0.0,0.0,0.0,0.1158132553100586,0.11039157211780548,0.11220238357782364
10665000,2133,0.0,1.4535399675369263,-0.006301611661911011,-0.006325946189463139,4.866862582275644e-05,0.0,0.0,0.11669999361038208,0.2305999994277954,0.023499999195337296,0.0,0.0,0.0,0.12138554453849792,0.1227409690618515,0.10610119253396988
10670000,2134,0.0,1.433652639389038,-0.006964158732444048,-0.00700138695538044,7.44566204957664e-05,0.0,0.0,0.1075499951839447,0.22369998693466187,0.025599999353289604,0.0,0.0,0.0,0.10737951844930649,0.1143072322010994,0.10104166716337204
10675000,2135,0.0,1.4447230100631714,-0.005014196038246155,-0.00504096457734704,5.3537300118478015e-05,0.0,0.0,0.11699999868869781,0.22049999237060547,0.02459999918937683,0.0,0.0,0.0,0.12816265225410461,0.11385542154312134,0.10907738655805588
10680000,2136,0.0,1.4407737255096436,-0.006641902960836887,-0.006669416557997465,5.502755448105745e-05,0.0,0.0,0.11180000007152557,0.22624999284744263,0.021800000220537186,0.0,0.0,0.0,0.12289156764745712,0.10662651062011719,0.10595238208770752
10685000,2137,0.0,1.4411530494689941,-0.0076598781161010265,-0.007694174535572529,6.859307177364826e-05,0.0,0.0,0.11134999990463257,0.23074999451637268,0.022249998524785042,0.0,0.0,0.0,0.1212349459528923,0.10993976145982742,0.10297619551420212
10690000,2138,0.0,1.439734935760498,-0.004882223438471556,-0.004917219281196594,6.999208562774584e-05,0.0,0.0,0.10209999978542328,0.22929999232292175,0.02159999869763851,0.0,0.0,0.0,0.10617469996213913,0.1013554260134697,0.09880952537059784
10695000,2139,0.0,1.4392468929290771,-0.005207100883126259,-0.0052275387570261955,4.0876169805414975e-05,0.0,0.0,0.10819999873638153,0.21854999661445618,0.025049999356269836,0.0,0.0,0.0,0.10768072307109833,0.11370482295751572,0.10327381640672684
10700000,2140,0.0,1.4615209102630615,-0.009194890037178993,-0.00922026950865984,5.0758109864545986e-05,0.0,0.0,0.13615000247955322,0.20274999737739563,0.018449999392032623,0.0,0.0,0.0,0.1402108520269394,0.1396084427833557,0.1287202388048172
10705000,2141,0.0,1.450050950050354,-0.003373053390532732,-0.0033980566076934338,5.000647797714919e-05,0.0,0.0,0.12409999966621399,0.21104998886585236,0.023399999365210533,0.0,0.0,0.0,0.12861445546150208,0.12545180320739746,0.1183035746216774
10710000,2142,0.0,1.452855110168457,-0.008125128224492073,-0.00815526582300663,6.027499330230057e-05,0.0,0.0,0.11209999769926071,0.21484999358654022,0.025599999353289604,0.0,0.0,0.0,0.11521084606647491,0.1105421707034111,0.11056548357009888
10715000,2143,0.0,1.4519933462142944,-0.004013583064079285,-0.004049043171107769,7.09202213329263e-05,0.0,0.0,0.10859999805688858,0.21869999170303345,0.02355000004172325,0.0,0.0,0.0,0.11972891539335251,0.10165663063526154,0.10446429252624512
10720000,2144,0.0,1.4324179887771606,-0.008528308942914009,-0.00856734812259674,7.807785732438788e-05,0.0,0.0,0.1006999984383583,0.2199999988079071,0.028749998658895493,0.0,0.0,0.0,0.10105422139167786,0.10120481997728348,0.09985119104385376
10725000,2145,0.0,1.4449306726455688,-0.004533637780696154,-0.0045651961117982864,6.311701145023108e-05,0.0,0.0,0.10965000092983246,0.22509999573230743,0.026850000023841858,0.0,0.0,0.0,0.12213855981826782,0.10346385836601257,0.1034226194024086
10730000,2146,0.0,1.439660906791687,-0.007441970054060221,-0.007479389663785696,7.48393649701029e-05,0.0,0.0,0.1042499989271164,0.22614999115467072,0.026099998503923416,0.0,0.0,0.0,0.10918674618005753,0.09713855385780334,0.1063988134264946
10735000,2147,0.0,1.443495273590088,-0.008864480070769787,-0.008900605142116547,7.225069566629827e-05,0.0,0.0,0.1103999987244606,0.2198999971151352,0.022749999538064003,0.0,0.0,0.0,0.11250000447034836,0.11460843682289124,0.1041666716337204
10740000,2148,0.0,1.439294695854187,-0.007524075917899609,-0.0075699081644415855,9.166462405119091e-05,0.0,0.0,0.11059999465942383,0.21284998953342438,0.017400000244379044,0.0,0.0,0.0,0.11099398136138916,0.11084337532520294,0.10997024178504944
10745000,2149,0.0,1.4509137868881226,-0.005225913133472204,-0.0052515072748064995,5.118819171912037e-05,0.0,0.0,0.11264999955892563,0.21729999780654907,0.021649999544024467,0.0,0.0,0.0,0.11777108907699585,0.11265060305595398,0.10758928954601288
10750000,2150,0.0,1.4438881874084473,-0.007172481156885624,-0.0072037223726511,6.248225690796971e-05,0.0,0.0,0.1318499892950058,0.21744999289512634,0.020600000396370888,0.0,0.0,0.0,0.14201807975769043,0.13147591054439545,0.12217262387275696
10755000,2151,0.0,1.4535143375396729,-0.005559930112212896,-0.005590663757175207,6.146732630440965e-05,0.0,0.0,0.1403999924659729,0.21754999458789825,0.022350000217556953,0.0,0.0,0.0,0.14698795974254608,0.13689759373664856,0.13735119998455048
10760000,2152,0.0,1.4478275775909424,-0.006996556185185909,-0.007025322411209345,5.7532426581019536e-05,0.0,0.0,0.12069999426603317,0.21664999425411224,0.0251499991863966,0.0,0.0,0.0,0.1257530152797699,0.1234939768910408,0.11294643580913544
10765000,2153,0.0,1.4484615325927734,-0.0057362779043614864,-0.005761769600212574,5.098335532238707e-05,0.0,0.0,0.10054999589920044,0.212349995970726,0.02264999970793724,0.0,0.0,0.0,0.10587349534034729,0.09954819828271866,0.09627976268529892
10770000,2154,0.0,1.4427111148834229,-0.006647671107202768,-0.006683986634016037,7.26308353478089e-05,0.0,0.0,0.10349999368190765,0.22224999964237213,0.022599998861551285,0.0,0.0,0.0,0.102108433842659,0.10165663063526154,0.10669643431901932
10775000,2155,0.0,1.4511663913726807,-0.004675936885178089,-0.004702981095761061,5.408807919593528e-05,0.0,0.0,0.11394999921321869,0.23804999887943268,0.021549999713897705,0.0,0.0,0.0,0.11822289228439331,0.10873494297266006,0.11488095670938492
10780000,2156,0.0,1.45132315158844,-0.00609630485996604,-0.006125112529844046,5.761530337622389e-05,0.0,0.0,0.11379999667406082,0.2409999966621399,0.024399999529123306,0.0,0.0,0.0,0.11295180767774582,0.11310241371393204,0.115327388048172
10785000,2157,0.0,1.444023847579956,-0.007294588256627321,-0.007331014610826969,7.285281753866002e-05,0.0,0.0,0.10509999841451645,0.22244998812675476,0.021199999377131462,0.0,0.0,0.0,0.10617469996213913,0.10165663063526154,0.10744047909975052
10790000,2158,0.0,1.4358062744140625,-0.010427890345454216,-0.010463996790349483,7.221325358841568e-05,0.0,0.0,0.09594999998807907,0.2202499955892563,0.02459999918937683,0.0,0.0,0.0,0.09231927990913391,0.0968373492360115,0.09866071492433548
10795000,2159,0.0,1.442610263824463,-0.010506792925298214,-0.010545393452048302,7.720084249740466e-05,0.0,0.0,0.09839999675750732,0.20919999480247498,0.026399999856948853,0.0,0.0,0.0,0.09849397838115692,0.09623493999242783,0.1004464328289032
10800000,2160,0.0,1.445804476737976,-0.008557426743209362,-0.008596384897828102,7.791652751620859e-05,0.0,0.0,0.12029999494552612,0.21310000121593475,0.02694999985396862,0.0,0.0,0.0,0.1097891554236412,0.12304217368364334,0.127976194024086
10805000,2161,0.0,1.4470534324645996,-0.013043968938291073,-0.013089367188513279,9.0796071162913e-05,0.0,0.0,0.11454999446868896,0.22119998931884766,0.024650000035762787,0.0,0.0,0.0,0.11716867983341217,0.1150602400302887,0.11145833879709244
10810000,2162,0.0,1.4427814483642578,-0.030453331768512726,-0.030564622953534126,0.00022258242825046182,0.0,0.0,0.11174999922513962,0.2395000010728836,0.02565000019967556,0.0,0.0,0.0,0.11611445993185043,0.10783132910728455,0.11130952835083008
10815000,2163,0.0,1.4559543132781982,-0.03510622680187225,-0.035252951085567474,0.0002934497897513211,0.0,0.0,0.11969999969005585,0.2268499881029129,0.022350000217556953,0.0,0.0,0.0,0.12394578754901886,0.12530121207237244,0.10997024178504944
10820000,2164,0.0,1.457193374633789,-0.022358553484082222,-0.02242225967347622,0.00012741134560201317,0.0,0.0,0.1143999993801117,0.23044998943805695,0.021800000220537186,0.0,0.0,0.0,0.12334337830543518,0.11009036004543304,0.10982143133878708
10825000,2165,0.0,1.447385311126709,-0.017925681546330452,-0.01798425242304802,0.00011714238644344732,0.0,0.0,0.12019999325275421,0.22304999828338623,0.019700000062584877,0.0,0.0,0.0,0.12530121207237244,0.11521084606647491,0.12008929252624512
10830000,2166,0.0,1.4542324542999268,-0.022697998210787773,-0.022767290472984314,0.00013858583406545222,0.0,0.0,0.12069999426603317,0.22019998729228973,0.02174999937415123,0.0,0.0,0.0,0.12936747074127197,0.11746988445520401,0.115327388048172
10835000,2167,0.0,1.4475507736206055,-0.013256912119686604,-0.013300019316375256,8.621520828455687e-05,0.0,0.0,0.12559999525547028,0.22784999012947083,0.02644999884068966,0.0,0.0,0.0,0.13599397242069244,0.1219879537820816,0.11889881640672684
10840000,2168,0.0,1.4626669883728027,-0.012611933052539825,-0.012645477429032326,6.708904402330518e-05,0.0,0.0,0.13349999487400055,0.21689999103546143,0.022949999198317528,0.0,0.0,0.0,0.13614457845687866,0.1319277137517929,0.1324404776096344
10845000,2169,0.0,1.4442898035049438,-0.023544540628790855,-0.023640694096684456,0.0001923052768688649,0.0,0.0,0.11620000004768372,0.2125999927520752,0.0170499999076128,0.0,0.0,0.0,0.11310241371393204,0.12183735519647598,0.11369048058986664
10850000,2170,0.0,1.4533189535140991,-0.013857587240636349,-0.013900353573262691,8.553267252864316e-05,0.0,0.0,0.11944999545812607,0.22779999673366547,0.018400000408291817,0.0,0.0,0.0,0.12590362131595612,0.11611445993185043,0.11636905372142792
10855000,2171,0.0,1.4546566009521484,-0.0031065025832504034,-0.0031455736607313156,7.814206765033305e-05,0.0,0.0,0.12905000150203705,0.22954998910427094,0.019199999049305916,0.0,0.0,0.0,0.13207831978797913,0.12213855981826782,0.13288691639900208
10860000,2172,0.0,1.4585210084915161,-0.001511156209744513,-0.0015509496442973614,7.958675996633247e-05,0.0,0.0,0.11879999935626984,0.219200000166893,0.020899999886751175,0.0,0.0,0.0,0.12484940141439438,0.11370482295751572,0.11785715073347092
10865000,2173,0.0,1.4579894542694092,-0.00605595950037241,-0.006086072884500027,6.022633897373453e-05,0.0,0.0,0.11885000020265579,0.20509999990463257,0.01964999921619892,0.0,0.0,0.0,0.12243976444005966,0.11611445993185043,0.11800595372915268
10870000,2174,0.0,1.446486234664917,-0.011192836798727512,-0.011239394545555115,9.311574831372127e-05,0.0,0.0,0.12349999696016312,0.19249999523162842,0.018199998885393143,0.0,0.0,0.0,0.12710843980312347,0.11867470294237137,0.12470238655805588
10875000,2175,0.0,1.4409887790679932,-0.009546276181936264,-0.009589461609721184,8.63716850290075e-05,0.0,0.0,0.10634999722242355,0.1914999932050705,0.022849999368190765,0.0,0.0,0.0,0.10888554155826569,0.1036144569516182,0.10654762387275696
10880000,2176,0.0,1.440446138381958,-0.010147632099688053,-0.01022205501794815,0.00014884599659126252,0.0,0.0,0.11079999804496765,0.19544999301433563,0.022450000047683716,0.0,0.0,0.0,0.12228915840387344,0.10707831382751465,0.10312500596046448
10885000,2177,0.0,1.4465856552124023,-0.014204323291778564,-0.014262116514146328,0.00011558706319192424,0.0,0.0,0.11699999868869781,0.20234999060630798,0.025999998673796654,0.0,0.0,0.0,0.11867470294237137,0.11701807379722595,0.115327388048172
10890000,2178,0.0,1.4503511190414429,-0.01733352057635784,-0.01738913170993328,0.00011122314754175022,0.0,0.0,0.11509999632835388,0.21059998869895935,0.020150000229477882,0.0,0.0,0.0,0.11837349832057953,0.11370482295751572,0.11324404925107956
10895000,2179,0.0,1.446234107017517,-0.025536062195897102,-0.025621727108955383,0.0001713304955046624,0.0,0.0,0.09259999543428421,0.2222999930381775,0.022299999371170998,0.0,0.0,0.0,0.10948795080184937,0.08358433842658997,0.0848214328289032
10900000,2180,0.0,1.447953701019287,-0.03174038976430893,-0.031874366104602814,0.0002679519820958376,0.0,0.0,0.1039000004529953,0.2236499935388565,0.02094999887049198,0.0,0.0,0.0,0.1120481938123703,0.10316265374422073,0.09657738357782364
10905000,2181,0.0,1.4421042203903198,-0.03449821472167969,-0.03463667258620262,0.00027691616560332477,0.0,0.0,0.11044999957084656,0.2333499938249588,0.02484999969601631,0.0,0.0,0.0,0.11114457994699478,0.11897590756416321,0.10133928805589676
10910000,2182,0.0,1.455649495124817,-0.023242497816681862,-0.023315388709306717,0.00014578136324416846,0.0,0.0,0.13165000081062317,0.22699999809265137,0.02174999937415123,0.0,0.0,0.0,0.13554216921329498,0.13132530450820923,0.12812501192092896
10915000,2183,0.0,1.4651827812194824,-0.00157443608622998,-0.0016054116422310472,6.195106107043102e-05,0.0,0.0,0.13729999959468842,0.20960000157356262,0.019449999555945396,0.0,0.0,0.0,0.13659638166427612,0.14201807975769043,0.13333334028720856
10920000,2184,0.0,1.4509865045547485,0.006809608079493046,0.0067551047541201115,0.00010900661436608061,0.0,0.0,0.11869999766349792,0.20514999330043793,0.017349999397993088,0.0,0.0,0.0,0.11777108907699585,0.11701807379722595,0.1212797686457634
10925000,2185,0.0,1.4482429027557373,-0.001465160632506013,-0.0015063979662954807,8.247462392318994e-05,0.0,0.0,0.1050499975681305,0.21559999883174896,0.023499999195337296,0.0,0.0,0.0,0.10587349534034729,0.10512048751115799,0.1041666716337204
10930000,2186,0.0,1.45547354221344,-0.012670335359871387,-0.012707940302789211,7.521053339587525e-05,0.0,0.0,0.09624999761581421,0.2263999879360199,0.024399999529123306,0.0,0.0,0.0,0.0998494029045105,0.09322289377450943,0.09568452835083008
10935000,2187,0.0,1.4441118240356445,-0.019639885053038597,-0.019725199788808823,0.00017062773986253887,0.0,0.0,0.1160999983549118,0.22100000083446503,0.021299999207258224,0.0,0.0,0.0,0.11325301229953766,0.11521084606647491,0.1197916716337204
10940000,2188,0.0,1.4538272619247437,-0.011390185914933681,-0.01143445074558258,8.853041072143242e-05,0.0,0.0,0.12379999458789825,0.23409999907016754,0.021449999883770943,0.0,0.0,0.0,0.12259036302566528,0.12243976444005966,0.12633928656578064
10945000,2189,0.0,1.4544405937194824,-0.00010036950698122382,-0.00013327784836292267,6.581669003935531e-05,0.0,0.0,0.12489999830722809,0.24059998989105225,0.020999999716877937,0.0,0.0,0.0,0.1326807290315628,0.12394578754901886,0.11815476417541504
10950000,2190,0.0,1.443412184715271,-0.004447380546480417,-0.004476309288293123,5.785742905572988e-05,0.0,0.0,0.11479999870061874,0.2451999932527542,0.020999999716877937,0.0,0.0,0.0,0.11987952142953873,0.11686747521162033,0.10773809999227524
10955000,2191,0.0,1.4443140029907227,-0.009257467463612556,-0.009291566908359528,6.819837290095165e-05,0.0,0.0,0.11189999431371689,0.23534999787807465,0.02554999850690365,0.0,0.0,0.0,0.11566264927387238,0.1097891554236412,0.11026786267757416
10960000,2192,0.0,1.4465298652648926,-0.008482412435114384,-0.00852813757956028,9.144969953922555e-05,0.0,0.0,0.11984999477863312,0.21764999628067017,0.02304999902844429,0.0,0.0,0.0,0.12394578754901886,0.12063252925872803,0.11502976715564728
10965000,2193,0.0,1.4490593671798706,-0.008770862594246864,-0.008809436112642288,7.714641833445057e-05,0.0,0.0,0.10659999400377274,0.2117999941110611,0.02345000021159649,0.0,0.0,0.0,0.10888554155826569,0.10798192769289017,0.10297619551420212
10970000,2194,0.0,1.4406585693359375,-0.013118426315486431,-0.013158679008483887,8.050470933085307e-05,0.0,0.0,0.09669999778270721,0.21279999613761902,0.025049999356269836,0.0,0.0,0.0,0.08795180916786194,0.108283132314682,0.09389881044626236
10975000,2195,0.0,1.447975993156433,-0.030420316383242607,-0.03053455799818039,0.0002284827351104468,0.0,0.0,0.10174999386072159,0.21559999883174896,0.021199999377131462,0.0,0.0,0.0,0.10692771524190903,0.0975903645157814,0.10074405372142792
10980000,2196,0.0,1.4417719841003418,-0.062088869512081146,-0.06253144145011902,0.000885143643245101,0.0,0.0,0.10414999723434448,0.228549987077713,0.024149999022483826,0.0,0.0,0.0,0.10888554155826569,0.09954819828271866,0.10401786118745804
10985000,2197,0.0,1.4460608959197998,-0.10753286629915237,-0.10891957581043243,0.002773418091237545,0.0,0.0,0.10474999994039536,0.23989999294281006,0.019349999725818634,0.0,0.0,0.0,0.09789156913757324,0.1105421707034111,0.10580357909202576
10990000,2198,0.0,1.4546303749084473,-0.08657056093215942,-0.08744532614946365,0.0017495257779955864,0.0,0.0,0.10234999656677246,0.2345999926328659,0.021800000220537186,0.0,0.0,0.0,0.102108433842659,0.10707831382751465,0.09791667014360428
10995000,2199,0.0,1.4503874778747559,0.05063068866729736,0.05018384009599686,0.0008936946396715939,0.0,0.0,0.12099999934434891,0.22029998898506165,0.025299999862909317,0.0,0.0,0.0,0.12093373388051987,0.12243976444005966,0.11964286118745804
11000000,2200,0.0,1.4525169134140015,0.007834495976567268,0.007764945738017559,0.00013910110283177346,0.0,0.0,0.12655000388622284,0.2259499877691269,0.023099999874830246,0.0,0.0,0.0,0.13403615355491638,0.12078313529491425,0.12485119700431824
11005000,2201,0.0,1.4503921270370483,-0.04875883087515831,-0.049044206738471985,0.0005707539385184646,0.0,0.0,0.10875000059604645,0.23759999871253967,0.02589999884366989,0.0,0.0,0.0,0.11385542154312134,0.10481928288936615,0.10758928954601288
11010000,2202,0.0,1.4501748085021973,0.013705173507332802,0.013621971942484379,0.00016640397370792925,0.0,0.0,0.09514999389648438,0.22419999539852142,0.016449999064207077,0.0,0.0,0.0,0.09789156913757324,0.0968373492360115,0.0907738134264946
11015000,2203,0.0,1.4495439529418945,-0.004579609259963036,-0.004611353389918804,6.348854367388412e-05,0.0,0.0,0.10569999366998672,0.23729999363422394,0.020349999889731407,0.0,0.0,0.0,0.10692771524190903,0.10647590458393097,0.10372024029493332
11020000,2204,0.0,1.4484405517578125,-0.015487615019083023,-0.015536949969828129,9.867025073617697e-05,0.0,0.0,0.11169999837875366,0.22944998741149902,0.018699999898672104,0.0,0.0,0.0,0.11295180767774582,0.11295180767774582,0.10922619700431824
11025000,2205,0.0,1.4508782625198364,0.010477780364453793,0.010407018475234509,0.00014152313815429807,0.0,0.0,0.12060000002384186,0.22169999778270721,0.01719999872148037,0.0,0.0,0.0,0.11882530152797699,0.11987952142953873,0.12306547909975052
11030000,2206,0.0,1.446133017539978,-0.021613100543618202,-0.021682605147361755,0.0001390078105032444,0.0,0.0,0.1368499994277954,0.2203499972820282,0.027249999344348907,0.0,0.0,0.0,0.13388554751873016,0.13990963995456696,0.13675595819950104
11035000,2207,0.0,1.4523898363113403,0.0008178294519893825,0.0007713154191151261,9.302802209276706e-05,0.0,0.0,0.12844999134540558,0.2223999947309494,0.026200000196695328,0.0,0.0,0.0,0.12153615057468414,0.13373494148254395,0.13005952537059784
11040000,2208,0.0,1.4527257680892944,-0.004151365254074335,-0.004193682223558426,8.463395352009684e-05,0.0,0.0,0.1136000007390976,0.22029998898506165,0.025750000029802322,0.0,0.0,0.0,0.10557229071855545,0.11716867983341217,0.11800595372915268
11045000,2209,0.0,1.4516593217849731,-0.012157129123806953,-0.012212087400257587,0.00010991653107339516,0.0,0.0,0.10449999570846558,0.21369999647140503,0.020349999889731407,0.0,0.0,0.0,0.1006024107336998,0.11099398136138916,0.1019345298409462
11050000,2210,0.0,1.4313794374465942,0.004868463147431612,0.0048168860375881195,0.00010315407416783273,0.0,0.0,0.10049999505281448,0.22214999794960022,0.027649998664855957,0.0,0.0,0.0,0.10090361535549164,0.09728915989398956,0.10327381640672684
11055000,2211,0.0,1.4503403902053833,-0.01333672646433115,-0.013366078957915306,5.870461245649494e-05,0.0,0.0,0.10589999705553055,0.21435000002384186,0.026149999350309372,0.0,0.0,0.0,0.10783132910728455,0.10150602459907532,0.10833333432674408
11060000,2212,0.0,1.4380122423171997,-0.012402896769344807,-0.012437735684216022,6.967856461415067e-05,0.0,0.0,0.10474999994039536,0.23079998791217804,0.02474999986588955,0.0,0.0,0.0,0.10391566157341003,0.11069277673959732,0.099702388048172
11065000,2213,0.0,1.4472943544387817,0.0032243486493825912,0.0031842426396906376,8.021196845220402e-05,0.0,0.0,0.10559999942779541,0.23629999160766602,0.022049998864531517,0.0,0.0,0.0,0.10692771524190903,0.1075301244854927,0.10238095372915268
11070000,2214,0.0,1.4580292701721191,-0.0063021439127624035,-0.006332268938422203,6.024977847118862e-05,0.0,0.0,0.11614999920129776,0.22734999656677246,0.020150000229477882,0.0,0.0,0.0,0.11219879984855652,0.11626506596803665,0.11994048207998276
11075000,2215,0.0,1.452471375465393,-0.019000712782144547,-0.01906200498342514,0.00012258448987267911,0.0,0.0,0.11535000056028366,0.21934999525547028,0.022049998864531517,0.0,0.0,0.0,0.11174698919057846,0.11626506596803665,0.11800595372915268
11080000,2216,0.0,1.4498658180236816,-0.006933546159416437,-0.0069611831568181515,5.527392931981012e-05,0.0,0.0,0.1070999950170517,0.21074999868869781,0.023000000044703484,0.0,0.0,0.0,0.10737951844930649,0.10647590458393097,0.10744047909975052
11085000,2217,0.0,1.4587689638137817,-0.0027404017746448517,-0.0027935151010751724,0.00010622646368574351,0.0,0.0,0.12780000269412994,0.19999998807907104,0.01425000000745058,0.0,0.0,0.0,0.12213855981826782,0.13072289526462555,0.13050596415996552
11090000,2218,0.0,1.443572759628296,-0.011472899466753006,-0.011525283567607403,0.00010476751049282029,0.0,0.0,0.11264999955892563,0.2188500016927719,0.01939999870955944,0.0,0.0,0.0,0.102108433842659,0.11295180767774582,0.1227678582072258
11095000,2219,0.0,1.4475266933441162,-0.007586692459881306,-0.00761461490765214,5.5845037422841415e-05,0.0,0.0,0.10474999994039536,0.2284500002861023,0.01979999989271164,0.0,0.0,0.0,0.102108433842659,0.10632530599832535,0.10580357909202576
11100000,2220,0.0,1.4566482305526733,-0.0031011358369141817,-0.0031345526222139597,6.683369429083541e-05,0.0,0.0,0.11445000022649765,0.23109999299049377,0.016699999570846558,0.0,0.0,0.0,0.10843373835086823,0.11385542154312134,0.12098214775323868
11105000,2221,0.0,1.4575207233428955,-0.008870753459632397,-0.008924366906285286,0.00010722773731686175,0.0,0.0,0.1298999935388565,0.22739998996257782,0.013899999670684338,0.0,0.0,0.0,0.12289156764745712,0.1387048214673996,0.12812501192092896
11110000,2222,0.0,1.456632137298584,-0.0030076964758336544,-0.0030448585748672485,7.432409620378166e-05,0.0,0.0,0.11284999549388885,0.2231999933719635,0.016349999234080315,0.0,0.0,0.0,0.10466867685317993,0.11400602757930756,0.1197916716337204
11115000,2223,0.0,1.4537345170974731,-0.00920296460390091,-0.00923734437674284,6.876033876324072e-05,0.0,0.0,0.1096000000834465,0.22974999248981476,0.02070000022649765,0.0,0.0,0.0,0.10692771524190903,0.10993976145982742,0.11190476268529892
11120000,2224,0.0,1.4583569765090942,-0.007122702896595001,-0.007159242872148752,7.307996565941721e-05,0.0,0.0,0.11904999613761902,0.21599999070167542,0.019749999046325684,0.0,0.0,0.0,0.11460843682289124,0.11671686917543411,0.1257440596818924
11125000,2225,0.0,1.450482964515686,-0.0023464334663003683,-0.0023822172079235315,7.156727224355564e-05,0.0,0.0,0.1123499944806099,0.2248999923467636,0.027899999171495438,0.0,0.0,0.0,0.10617469996213913,0.11536144465208054,0.11547619849443436
11130000,2226,0.0,1.4489924907684326,-0.008305802941322327,-0.0083379577845335,6.430995563277975e-05,0.0,0.0,0.11159999668598175,0.2276500016450882,0.026499999687075615,0.0,0.0,0.0,0.11265060305595398,0.11265060305595398,0.10952381044626236
11135000,2227,0.0,1.450393795967102,-0.009770996868610382,-0.009803715161979198,6.543570634676144e-05,0.0,0.0,0.10934999585151672,0.22104999423027039,0.023799998685717583,0.0,0.0,0.0,0.1158132553100586,0.10240963846445084,0.10982143133878708
11140000,2228,0.0,1.443092703819275,-0.0016965961549431086,-0.001745252520777285,9.731279715197161e-05,0.0,0.0,0.10354999452829361,0.22474999725818634,0.021649999544024467,0.0,0.0,0.0,0.09894578158855438,0.10677710920572281,0.1049107164144516
11145000,2229,0.0,1.4478840827941895,-0.008561822585761547,-0.008592615835368633,6.158646283438429e-05,0.0,0.0,0.10719999670982361,0.22839999198913574,0.021949999034404755,0.0,0.0,0.0,0.11144578456878662,0.1013554260134697,0.10877976566553116
11150000,2230,0.0,1.4472570419311523,-0.002329645212739706,-0.002364084357395768,6.887818744871765e-05,0.0,0.0,0.12124999612569809,0.22679999470710754,0.01850000023841858,0.0,0.0,0.0,0.12228915840387344,0.12605421245098114,0.11547619849443436
11155000,2231,0.0,1.4581140279769897,-0.006461046170443296,-0.0064989980310201645,7.590399764012545e-05,0.0,0.0,0.1359499990940094,0.2084999978542328,0.019199999049305916,0.0,0.0,0.0,0.14578314125537872,0.13328313827514648,0.12886905670166016
11160000,2232,0.0,1.4537022113800049,-0.010408169589936733,-0.01044954638928175,8.275450818473473e-05,0.0,0.0,0.11159999668598175,0.20739999413490295,0.02319999970495701,0.0,0.0,0.0,0.1128012090921402,0.11159639060497284,0.11041667312383652
11165000,2233,0.0,1.4599345922470093,-0.011193042621016502,-0.011238807812333107,9.153068822342902e-05,0.0,0.0,0.11535000056028366,0.20430000126361847,0.017349999397993088,0.0,0.0,0.0,0.10722891986370087,0.11536144465208054,0.12336309999227524
11170000,2234,0.0,1.4508605003356934,-0.006662062834948301,-0.006707552820444107,9.09803929971531e-05,0.0,0.0,0.11054999381303787,0.21079999208450317,0.019749999046325684,0.0,0.0,0.0,0.11144578456878662,0.11250000447034836,0.10773809999227524
11175000,2235,0.0,1.4465163946151733,-0.006245901808142662,-0.006279864814132452,6.792561907786876e-05,0.0,0.0,0.11499999463558197,0.22450000047683716,0.018950000405311584,0.0,0.0,0.0,0.11415662616491318,0.11566264927387238,0.11517857760190964
11180000,2236,0.0,1.4470595121383667,-0.009281819686293602,-0.009311598725616932,5.955818051006645e-05,0.0,0.0,0.1087999939918518,0.23549999296665192,0.020499998703598976,0.0,0.0,0.0,0.11024096608161926,0.11114457994699478,0.10505952686071396
11185000,2237,0.0,1.4479089975357056,-0.011510460637509823,-0.011548927053809166,7.693273801123723e-05,0.0,0.0,0.11739999800920486,0.2504499852657318,0.01994999870657921,0.0,0.0,0.0,0.11731927841901779,0.11746988445520401,0.11741071939468384
11190000,2238,0.0,1.4509565830230713,-0.009865588508546352,-0.009905578568577766,7.997982174856588e-05,0.0,0.0,0.11424999684095383,0.23989999294281006,0.021399999037384987,0.0,0.0,0.0,0.11144578456878662,0.11792168766260147,0.11339285969734192
11195000,2239,0.0,1.4513167142868042,-0.006206270772963762,-0.006239491514861584,6.644184759352356e-05,0.0,0.0,0.12134999781847,0.22614999115467072,0.021199999377131462,0.0,0.0,0.0,0.1204819306731224,0.12033132463693619,0.12321428954601288
11200000,2240,0.0,1.4524985551834106,-0.00853572878986597,-0.008562041446566582,5.26244257343933e-05,0.0,0.0,0.11634999513626099,0.22495000064373016,0.02474999986588955,0.0,0.0,0.0,0.11400602757930756,0.11219879984855652,0.1227678582072258
11205000,2241,0.0,1.4540542364120483,-0.0042088027112185955,-0.004238076042383909,5.854699338669889e-05,0.0,0.0,0.11044999957084656,0.2121499925851822,0.024449998512864113,0.0,0.0,0.0,0.1105421707034111,0.11084337532520294,0.10997024178504944
11210000,2242,0.0,1.4626762866973877,-0.007133677136152983,-0.007169944699853659,7.25348072592169e-05,0.0,0.0,0.12349999696016312,0.21220000088214874,0.0210999995470047,0.0,0.0,0.0,0.11731927841901779,0.1280120462179184,0.12514881789684296
11215000,2243,0.0,1.4583940505981445,-0.007454183418303728,-0.007485465612262487,6.256469350773841e-05,0.0,0.0,0.125,0.2137499898672104,0.020549999549984932,0.0,0.0,0.0,0.1257530152797699,0.12454819679260254,0.12470238655805588
11220000,2244,0.0,1.4564563035964966,-0.0033232886344194412,-0.0033612926490604877,7.60082621127367e-05,0.0,0.0,0.12479999661445618,0.21889999508857727,0.022699998691678047,0.0,0.0,0.0,0.11837349832057953,0.12846386432647705,0.12752977013587952
11225000,2245,0.0,1.4638794660568237,-0.009495080448687077,-0.009526902809739113,6.364543514791876e-05,0.0,0.0,0.125900000333786,0.2082500010728836,0.023599999025464058,0.0,0.0,0.0,0.12183735519647598,0.12469879537820816,0.13110119104385376
11230000,2246,0.0,1.4536770582199097,-0.009059695526957512,-0.00910857878625393,9.776681690709665e-05,0.0,0.0,0.11949999630451202,0.21249999105930328,0.018799999728798866,0.0,0.0,0.0,0.11686747521162033,0.12138554453849792,0.12023810297250748
11235000,2247,0.0,1.4567883014678955,-0.0033754012547433376,-0.0034158325288444757,8.086271554930136e-05,0.0,0.0,0.11254999786615372,0.20549999177455902,0.02149999886751175,0.0,0.0,0.0,0.11490964144468307,0.11039157211780548,0.112351194024086
11240000,2248,0.0,1.4632492065429688,-0.007373705506324768,-0.007403623778373003,5.983622031635605e-05,0.0,0.0,0.14034999907016754,0.2052999883890152,0.018950000405311584,0.0,0.0,0.0,0.14593373239040375,0.14457832276821136,0.13065476715564728
11245000,2249,0.0,1.4606307744979858,-0.00585234584286809,-0.005877840798348188,5.098959809402004e-05,0.0,0.0,0.13329999148845673,0.2170500010251999,0.02019999921321869,0.0,0.0,0.0,0.13990963995456696,0.12605421245098114,0.133928582072258
11250000,2250,0.0,1.4624128341674805,-0.008333580568432808,-0.008377084508538246,8.700877515366301e-05,0.0,0.0,0.12024999409914017,0.22344999015331268,0.01769999973475933,0.0,0.0,0.0,0.1219879537820816,0.11972891539335251,0.1190476268529892
11255000,2251,0.0,1.4590479135513306,-0.00919046625494957,-0.009231735952198505,8.253962732851505e-05,0.0,0.0,0.10904999822378159,0.22179999947547913,0.024899998679757118,0.0,0.0,0.0,0.11686747521162033,0.1075301244854927,0.10282738506793976
11260000,2252,0.0,1.4672755002975464,-0.005628474056720734,-0.005660644732415676,6.43409148324281e-05,0.0,0.0,0.11499999463558197,0.21574999392032623,0.019099999219179153,0.0,0.0,0.0,0.11265060305595398,0.11566264927387238,0.11666667461395264
11265000,2253,0.0,1.4569562673568726,-0.005246282555162907,-0.0052833533845841885,7.41412877687253e-05,0.0,0.0,0.1050499975681305,0.20944999158382416,0.025849999859929085,0.0,0.0,0.0,0.10150602459907532,0.10346385836601257,0.1101190522313118
11270000,2254,0.0,1.4523754119873047,-0.014373254962265491,-0.01442293357104063,9.935741400113329e-05,0.0,0.0,0.10669999569654465,0.21584999561309814,0.027400000020861626,0.0,0.0,0.0,0.10617469996213913,0.10963855683803558,0.10431548207998276
11275000,2255,0.0,1.4438412189483643,-0.027678726240992546,-0.027777910232543945,0.00019836905994452536,0.0,0.0,0.09954999387264252,0.20844998955726624,0.028099998831748962,0.0,0.0,0.0,0.10587349534034729,0.09563253074884415,0.09717262536287308
11280000,2256,0.0,1.4522552490234375,-0.06963557004928589,-0.07021056860685349,0.001149998977780342,0.0,0.0,0.1018499955534935,0.22084999084472656,0.020600000396370888,0.0,0.0,0.0,0.0990963876247406,0.10496988147497177,0.10148809850215912
11285000,2257,0.0,1.453214406967163,-0.15851101279258728,-0.16164244711399078,0.006262877490371466,0.0,0.0,0.10924999415874481,0.2295999974012375,0.021150000393390656,0.0,0.0,0.0,0.11174698919057846,0.11099398136138916,0.10505952686071396
11290000,2258,0.0,1.4319525957107544,0.0298638753592968,0.02968045510351658,0.0003668404242489487,0.0,0.0,0.09324999898672104,0.2438499927520752,0.023899998515844345,0.0,0.0,0.0,0.094578318297863,0.09171687066555023,0.09345238655805588
11295000,2259,0.0,1.4482346773147583,0.011094309389591217,0.011015664786100388,0.00015728978905826807,0.0,0.0,0.08204999566078186,0.23309999704360962,0.018149999901652336,0.0,0.0,0.0,0.08509036153554916,0.08177711069583893,0.07931547611951828
11300000,2260,0.0,1.410395860671997,-0.03740148991346359,-0.0375802107155323,0.0003574386646505445,0.0,0.0,0.055049996823072433,0.23680000007152557,0.021649999544024467,0.0,0.0,0.0,0.057981930673122406,0.0518072284758091,0.05535714328289032
11305000,2261,0.0,1.397997260093689,0.035148002207279205,0.03488365560770035,0.0005286929081194103,0.0,0.0,0.028749998658895493,0.2350499927997589,0.028149999678134918,0.0,0.0,0.0,0.03042168729007244,0.028012048453092575,0.02782738208770752
11310000,2262,0.0,1.418388843536377,-0.042523980140686035,-0.04273989051580429,0.0004318181308917701,0.0,0.0,0.0328500010073185,0.2612999975681305,0.02914999984204769,0.0,0.0,0.0,0.03253012150526047,0.03253012150526047,0.0334821455180645
11315000,2263,0.0,1.4284247159957886,0.019847175106406212,0.019721101969480515,0.0002521467686165124,0.0,0.0,0.045249998569488525,0.2639999985694885,0.026999998837709427,0.0,0.0,0.0,0.04472891613841057,0.04548192769289017,0.04553571715950966
11320000,2264,0.0,1.4322623014450073,-0.01670025661587715,-0.016744378954172134,8.82455351529643e-05,0.0,0.0,0.05184999853372574,0.25349998474121094,0.021949999034404755,0.0,0.0,0.0,0.05376506224274635,0.0487951822578907,0.05297619104385376
11325000,2265,0.0,1.44651460647583,-0.00951465219259262,-0.009543947875499725,5.8591627748683095e-05,0.0,0.0,0.0648999959230423,0.23285000026226044,0.01954999938607216,0.0,0.0,0.0,0.07078313082456589,0.059036146849393845,0.06488095223903656
11330000,2266,0.0,1.4525660276412964,-0.0010001121554523706,-0.001029344042763114,5.84636909479741e-05,0.0,0.0,0.0810999944806099,0.2289000004529953,0.022350000217556953,0.0,0.0,0.0,0.09487952291965485,0.0777108445763588,0.07083333283662796
11335000,2267,0.0,1.4621407985687256,-0.0126592256128788,-0.012691386975347996,6.432360532926396e-05,0.0,0.0,0.10314999520778656,0.21824999153614044,0.019199999049305916,0.0,0.0,0.0,0.10602410137653351,0.1090361475944519,0.0944940522313118
11340000,2268,0.0,1.4562863111495972,-0.0010362296598032117,-0.0010725499596446753,7.264061423484236e-05,0.0,0.0,0.11710000038146973,0.21799999475479126,0.019099999219179153,0.0,0.0,0.0,0.11957831680774689,0.1158132553100586,0.11592262238264084
11345000,2269,0.0,1.4520716667175293,-0.010134690441191196,-0.010173601098358631,7.78221437940374e-05,0.0,0.0,0.1232999935746193,0.21939998865127563,0.021849999204277992,0.0,0.0,0.0,0.1326807290315628,0.1204819306731224,0.1168154776096344
11350000,2270,0.0,1.4501785039901733,-0.0009954982670024037,-0.001028854981996119,6.67133936076425e-05,0.0,0.0,0.12584999203681946,0.21164999902248383,0.02094999887049198,0.0,0.0,0.0,0.12771084904670715,0.12665662169456482,0.12321428954601288
11355000,2271,0.0,1.4517818689346313,-0.010813859291374683,-0.010841979645192623,5.6241558922920376e-05,0.0,0.0,0.11270000040531158,0.20499999821186066,0.023249998688697815,0.0,0.0,0.0,0.1219879537820816,0.10376506298780441,0.112351194024086
11360000,2272,0.0,1.452561855316162,-0.006629245821386576,-0.006676264572888613,9.403747390024364e-05,0.0,0.0,0.10785000026226044,0.20224998891353607,0.02029999904334545,0.0,0.0,0.0,0.11521084606647491,0.1036144569516182,0.10476190596818924
11365000,2273,0.0,1.4575060606002808,-0.0030771722085773945,-0.003109513083472848,6.468162609962747e-05,0.0,0.0,0.10639999806880951,0.21324999630451202,0.022099999710917473,0.0,0.0,0.0,0.11551205068826675,0.10120481997728348,0.10252976417541504
11370000,2274,0.0,1.4614906311035156,-0.008627437986433506,-0.008666127920150757,7.738018030067906e-05,0.0,0.0,0.11274999380111694,0.210999995470047,0.02279999852180481,0.0,0.0,0.0,0.11084337532520294,0.11701807379722595,0.11041667312383652
11375000,2275,0.0,1.4665467739105225,-0.0036322595551609993,-0.003666488453745842,6.845799362054095e-05,0.0,0.0,0.11254999786615372,0.22184999287128448,0.021199999377131462,0.0,0.0,0.0,0.11310241371393204,0.10948795080184937,0.11502976715564728
11380000,2276,0.0,1.4606684446334839,-0.007974914275109768,-0.008016101084649563,8.237399742938578e-05,0.0,0.0,0.11769999563694,0.21939998865127563,0.01614999957382679,0.0,0.0,0.0,0.11927711218595505,0.11460843682289124,0.11919642984867096
11385000,2277,0.0,1.4529649019241333,-0.004006135277450085,-0.004058023914694786,0.00010377752187196165,0.0,0.0,0.1189499944448471,0.22214999794960022,0.01549999974668026,0.0,0.0,0.0,0.12243976444005966,0.11716867983341217,0.11726190894842148
11390000,2278,0.0,1.4574081897735596,-0.007923916913568974,-0.00795630645006895,6.477865827037022e-05,0.0,0.0,0.11339999735355377,0.21299999952316284,0.01860000006854534,0.0,0.0,0.0,0.11039157211780548,0.11566264927387238,0.11413691192865372
11395000,2279,0.0,1.4572559595108032,-0.0043304190039634705,-0.004378417041152716,9.599618351785466e-05,0.0,0.0,0.11899999529123306,0.21644999086856842,0.021649999544024467,0.0,0.0,0.0,0.12545180320739746,0.11370482295751572,0.11785715073347092
11400000,2280,0.0,1.4596607685089111,-0.008333619683980942,-0.008370003663003445,7.276879478013143e-05,0.0,0.0,0.11174999922513962,0.2223999947309494,0.02319999970495701,0.0,0.0,0.0,0.11370482295751572,0.11265060305595398,0.10892857611179352
11405000,2281,0.0,1.4486796855926514,-0.0057408856227993965,-0.005777241196483374,7.271075446624309e-05,0.0,0.0,0.10509999841451645,0.23285000026226044,0.02384999953210354,0.0,0.0,0.0,0.1013554260134697,0.11024096608161926,0.10372024029493332
11410000,2282,0.0,1.454526424407959,-0.005770897958427668,-0.0058017936535179615,6.17914556642063e-05,0.0,0.0,0.11249999701976776,0.23834998905658722,0.023000000044703484,0.0,0.0,0.0,0.11460843682289124,0.10918674618005753,0.11369048058986664
11415000,2283,0.0,1.453378677368164,-0.009020599536597729,-0.009053493849933147,6.578848115168512e-05,0.0,0.0,0.11979999393224716,0.2259499877691269,0.022549999877810478,0.0,0.0,0.0,0.12710843980312347,0.11626506596803665,0.1160714328289032
11420000,2284,0.0,1.4593387842178345,-0.008095772005617619,-0.008130243048071861,6.894270336488262e-05,0.0,0.0,0.13429999351501465,0.2122499942779541,0.018799999728798866,0.0,0.0,0.0,0.13283133506774902,0.14141567051410675,0.1287202388048172
11425000,2285,0.0,1.4539903402328491,-0.004296090453863144,-0.004330262541770935,6.834451050963253e-05,0.0,0.0,0.13644999265670776,0.2149999886751175,0.02070000022649765,0.0,0.0,0.0,0.13057228922843933,0.13915662467479706,0.13958333432674408
11430000,2286,0.0,1.4639636278152466,-0.007180687040090561,-0.0072062695398926735,5.1165316108381376e-05,0.0,0.0,0.13319998979568481,0.211899995803833,0.02019999921321869,0.0,0.0,0.0,0.13072289526462555,0.13539156317710876,0.13348214328289032
11435000,2287,0.0,1.4618690013885498,-0.0071974764578044415,-0.007221923675388098,4.8894708015723154e-05,0.0,0.0,0.12415000051259995,0.21005000174045563,0.02319999970495701,0.0,0.0,0.0,0.12439759075641632,0.11882530152797699,0.12916667759418488
11440000,2288,0.0,1.4573020935058594,-0.005745865870267153,-0.005778570659458637,6.540944741573185e-05,0.0,0.0,0.12364999949932098,0.2087000012397766,0.019749999046325684,0.0,0.0,0.0,0.11596386134624481,0.12710843980312347,0.12782739102840424
11445000,2289,0.0,1.4613029956817627,-0.006551444996148348,-0.00658530555665493,6.772087363060564e-05,0.0,0.0,0.1216999962925911,0.20879998803138733,0.01924999989569187,0.0,0.0,0.0,0.11746988445520401,0.12680722773075104,0.12083333730697632
11450000,2290,0.0,1.4525827169418335,-0.0043057831935584545,-0.0043366276659071445,6.168887921376154e-05,0.0,0.0,0.1237499937415123,0.21819999814033508,0.020250000059604645,0.0,0.0,0.0,0.12183735519647598,0.12740963697433472,0.1220238134264946
11455000,2291,0.0,1.4650275707244873,-0.011817164719104767,-0.011851876974105835,6.942436448298395e-05,0.0,0.0,0.12745000422000885,0.21144999563694,0.01924999989569187,0.0,0.0,0.0,0.12846386432647705,0.12635542452335358,0.12752977013587952
11460000,2292,0.0,1.4591104984283447,-0.005177139304578304,-0.005209274124354124,6.426998152164742e-05,0.0,0.0,0.11214999854564667,0.2227499932050705,0.019500000402331352,0.0,0.0,0.0,0.11641566455364227,0.1075301244854927,0.11250000447034836
11465000,2293,0.0,1.4615390300750732,-0.004249265417456627,-0.004276091232895851,5.3651296184398234e-05,0.0,0.0,0.11474999785423279,0.22010000050067902,0.022549999877810478,0.0,0.0,0.0,0.12213855981826782,0.1090361475944519,0.1130952388048172
11470000,2294,0.0,1.4576858282089233,-0.005604167468845844,-0.0056390357203781605,6.973640120122582e-05,0.0,0.0,0.11169999837875366,0.21974998712539673,0.019700000062584877,0.0,0.0,0.0,0.1105421707034111,0.10316265374422073,0.1212797686457634
11475000,2295,0.0,1.461699366569519,-0.009821523912250996,-0.009856140241026878,6.923249748069793e-05,0.0,0.0,0.10819999873638153,0.22519999742507935,0.022299999371170998,0.0,0.0,0.0,0.11340361833572388,0.10677710920572281,0.10446429252624512
11480000,2296,0.0,1.4491300582885742,-0.005562818143516779,-0.00559980096295476,7.396592263830826e-05,0.0,0.0,0.10849999636411667,0.22954998910427094,0.022699998691678047,0.0,0.0,0.0,0.10602410137653351,0.10948795080184937,0.10997024178504944
11485000,2297,0.0,1.4512875080108643,-0.004440253134816885,-0.004472726956009865,6.494732951978222e-05,0.0,0.0,0.10619999468326569,0.23199999332427979,0.02304999902844429,0.0,0.0,0.0,0.11490964144468307,0.1013554260134697,0.10238095372915268
11490000,2298,0.0,1.4592615365982056,-0.006681507918983698,-0.006713089533150196,6.316312646958977e-05,0.0,0.0,0.12434999644756317,0.2243499904870987,0.01964999921619892,0.0,0.0,0.0,0.12334337830543518,0.12394578754901886,0.1257440596818924
11495000,2299,0.0,1.4616875648498535,-0.007794019300490618,-0.00782613456249237,6.423086597351357e-05,0.0,0.0,0.1184999942779541,0.2102999985218048,0.019500000402331352,0.0,0.0,0.0,0.12078313529491425,0.11792168766260147,0.1168154776096344
11500000,2300,0.0,1.4612637758255005,-0.0047187721356749535,-0.004754010122269392,7.047624239930883e-05,0.0,0.0,0.11779999732971191,0.21899999678134918,0.020349999889731407,0.0,0.0,0.0,0.12484940141439438,0.11265060305595398,0.11592262238264084
11505000,2301,0.0,1.4554518461227417,-0.008378620259463787,-0.008412021212279797,6.680271326331422e-05,0.0,0.0,0.1078999936580658,0.21994999051094055,0.023000000044703484,0.0,0.0,0.0,0.10677710920572281,0.10888554155826569,0.10803572088479996
11510000,2302,0.0,1.451645851135254,-0.00839747954159975,-0.008443270809948444,9.158250759355724e-05,0.0,0.0,0.10954999923706055,0.22699999809265137,0.021900000050663948,0.0,0.0,0.0,0.10301204770803452,0.11295180767774582,0.11264881491661072
11515000,2303,0.0,1.4576308727264404,-0.005164444446563721,-0.0051992516964674,6.961485632928088e-05,0.0,0.0,0.11174999922513962,0.21764999628067017,0.022450000047683716,0.0,0.0,0.0,0.10993976145982742,0.11310241371393204,0.11220238357782364
11520000,2304,0.0,1.4535928964614868,-0.00599057087674737,-0.006033705081790686,8.626869384897873e-05,0.0,0.0,0.10574999451637268,0.21559999883174896,0.020150000229477882,0.0,0.0,0.0,0.09939759224653244,0.10587349534034729,0.11190476268529892
11525000,2305,0.0,1.4534269571304321,-0.011909675784409046,-0.011957809329032898,9.626770042814314e-05,0.0,0.0,0.11270000040531158,0.21994999051094055,0.018400000408291817,0.0,0.0,0.0,0.11265060305595398,0.11566264927387238,0.10982143133878708
11530000,2306,0.0,1.4554284811019897,-0.008132328279316425,-0.008173582144081593,8.250780956586823e-05,0.0,0.0,0.11249999701976776,0.2069999873638153,0.022099999710917473,0.0,0.0,0.0,0.11069277673959732,0.11521084606647491,0.1116071492433548
11535000,2307,0.0,1.4385735988616943,-0.007501427084207535,-0.007551356218755245,9.985861834138632e-05,0.0,0.0,0.10624999552965164,0.2155499905347824,0.019600000232458115,0.0,0.0,0.0,0.10617469996213913,0.10888554155826569,0.10372024029493332
11540000,2308,0.0,1.4582021236419678,-0.01152618508785963,-0.011564492247998714,7.661422569071874e-05,0.0,0.0,0.11734999716281891,0.21674999594688416,0.022249998524785042,0.0,0.0,0.0,0.11114457994699478,0.12093373388051987,0.11994048207998276
11545000,2309,0.0,1.4676891565322876,-0.012093974277377129,-0.012124499306082726,6.104983185650781e-05,0.0,0.0,0.12639999389648438,0.21254999935626984,0.018400000408291817,0.0,0.0,0.0,0.1310240924358368,0.1257530152797699,0.12247024476528168
11550000,2310,0.0,1.4567054510116577,-0.01200804952532053,-0.012044894509017467,7.368937804130837e-05,0.0,0.0,0.1233999952673912,0.2145499885082245,0.01915000006556511,0.0,0.0,0.0,0.12756024301052094,0.12259036302566528,0.12008929252624512
11555000,2311,0.0,1.4469064474105835,-0.014687229879200459,-0.014732390642166138,9.032101661432534e-05,0.0,0.0,0.12109999358654022,0.20329999923706055,0.018400000408291817,0.0,0.0,0.0,0.11957831680774689,0.12605421245098114,0.11770834028720856
11560000,2312,0.0,1.4522371292114258,-0.011416913941502571,-0.011456654407083988,7.948162965476513e-05,0.0,0.0,0.12799999117851257,0.2013999968767166,0.020999999716877937,0.0,0.0,0.0,0.13373494148254395,0.12304217368364334,0.1272321492433548
11565000,2313,0.0,1.4610493183135986,-0.005202742759138346,-0.00524569395929575,8.590260404162109e-05,0.0,0.0,0.13859999179840088,0.19864998757839203,0.016499999910593033,0.0,0.0,0.0,0.13900603353977203,0.14593373239040375,0.130952388048172
11570000,2314,0.0,1.4463037252426147,-0.0028072409331798553,-0.0028379946015775204,6.150734407128766e-05,0.0,0.0,0.12174999713897705,0.2028999924659729,0.022599998861551285,0.0,0.0,0.0,0.11596386134624481,0.12771084904670715,0.12157738208770752
11575000,2315,0.0,1.4555389881134033,-0.00203041173517704,-0.0020738609600812197,8.68983261170797e-05,0.0,0.0,0.1132499948143959,0.21199999749660492,0.019500000402331352,0.0,0.0,0.0,0.11566264927387238,0.11144578456878662,0.11264881491661072
11580000,2316,0.0,1.4506628513336182,-0.006242398172616959,-0.006284192204475403,8.358807099284604e-05,0.0,0.0,0.11329999566078186,0.21809999644756317,0.02174999937415123,0.0,0.0,0.0,0.11310241371393204,0.11701807379722595,0.10982143133878708
11585000,2317,0.0,1.4550890922546387,-0.011215394362807274,-0.011246819980442524,6.28518100711517e-05,0.0,0.0,0.11599999666213989,0.21459999680519104,0.021849999204277992,0.0,0.0,0.0,0.11852409690618515,0.11566264927387238,0.113839291036129
11590000,2318,0.0,1.4545923471450806,-0.01753889210522175,-0.017585529014468193,9.327308362117037e-05,0.0,0.0,0.11874999850988388,0.21660000085830688,0.02159999869763851,0.0,0.0,0.0,0.11837349832057953,0.11957831680774689,0.1183035746216774
11595000,2319,0.0,1.448438286781311,-0.02012208290398121,-0.020181886851787567,0.00011960740084759891,0.0,0.0,0.11989999562501907,0.22325000166893005,0.01899999938905239,0.0,0.0,0.0,0.12635542452335358,0.11536144465208054,0.11800595372915268
11600000,2320,0.0,1.461004614830017,-0.024451985955238342,-0.024538351222872734,0.00017272899276576936,0.0,0.0,0.12014999985694885,0.2220499962568283,0.01719999872148037,0.0,0.0,0.0,0.12243976444005966,0.1212349459528923,0.1168154776096344
11605000,2321,0.0,1.454207420349121,-0.03091941401362419,-0.031029867008328438,0.0002209074009442702,0.0,0.0,0.10989999771118164,0.21344999969005585,0.019050000235438347,0.0,0.0,0.0,0.10707831382751465,0.11536144465208054,0.10729166865348816
11610000,2322,0.0,1.4560067653656006,-0.027711819857358932,-0.027802513912320137,0.00018138642190024257,0.0,0.0,0.1151999980211258,0.20309999585151672,0.020349999889731407,0.0,0.0,0.0,0.11415662616491318,0.12033132463693619,0.11116071790456772
11615000,2323,0.0,1.456330418586731,-0.012163191102445126,-0.012199937365949154,7.349330553552136e-05,0.0,0.0,0.12039999663829803,0.20189999043941498,0.015799999237060547,0.0,0.0,0.0,0.12590362131595612,0.11912650614976883,0.11622024327516556
11620000,2324,0.0,1.4551644325256348,0.002622043713927269,0.0025597407948225737,0.00012460570724215358,0.0,0.0,0.11749999970197678,0.2016499936580658,0.019050000235438347,0.0,0.0,0.0,0.12364458292722702,0.11686747521162033,0.11205357313156128
11625000,2325,0.0,1.4526804685592651,-0.0036432193592190742,-0.00368734123185277,8.824395627016202e-05,0.0,0.0,0.1059499979019165,0.20629999041557312,0.018950000405311584,0.0,0.0,0.0,0.10888554155826569,0.10632530599832535,0.1026785746216774
11630000,2326,0.0,1.456648826599121,-0.01559511013329029,-0.01563849113881588,8.676111610839143e-05,0.0,0.0,0.1043500006198883,0.2048499882221222,0.01889999955892563,0.0,0.0,0.0,0.10557229071855545,0.10180722922086716,0.1056547686457634
11635000,2327,0.0,1.4522371292114258,-0.01708546094596386,-0.017137600108981133,0.00010427758388686925,0.0,0.0,0.10634999722242355,0.2264999896287918,0.016049999743700027,0.0,0.0,0.0,0.11400602757930756,0.10481928288936615,0.10029762238264084
11640000,2328,0.0,1.4472618103027344,-0.00795511994510889,-0.007991047576069832,7.18556038918905e-05,0.0,0.0,0.11214999854564667,0.23624999821186066,0.015199999324977398,0.0,0.0,0.0,0.1204819306731224,0.11370482295751572,0.10238095372915268
11645000,2329,0.0,1.4467731714248657,-0.004148737993091345,-0.00417534401640296,5.321218850440346e-05,0.0,0.0,0.11665000021457672,0.2382499873638153,0.017799999564886093,0.0,0.0,0.0,0.11656627058982849,0.11731927841901779,0.1160714328289032
11650000,2330,0.0,1.450298547744751,-0.0054763914085924625,-0.005511617287993431,7.045190432108939e-05,0.0,0.0,0.12600000202655792,0.2324499934911728,0.015599999576807022,0.0,0.0,0.0,0.12289156764745712,0.12620481848716736,0.12886905670166016
11655000,2331,0.0,1.4531747102737427,-0.007442161440849304,-0.007464891765266657,4.5460197725333273e-05,0.0,0.0,0.11819999665021896,0.20944999158382416,0.02019999921321869,0.0,0.0,0.0,0.11566264927387238,0.11987952142953873,0.1190476268529892
11660000,2332,0.0,1.4533294439315796,-0.012817959301173687,-0.012856180779635906,7.644311699550599e-05,0.0,0.0,0.11259999871253967,0.20499999821186066,0.018299998715519905,0.0,0.0,0.0,0.1105421707034111,0.11731927841901779,0.10997024178504944
11665000,2333,0.0,1.4615933895111084,-0.016430677846074104,-0.016471270471811295,8.118678670143709e-05,0.0,0.0,0.1136000007390976,0.19749999046325684,0.018199998885393143,0.0,0.0,0.0,0.11656627058982849,0.1128012090921402,0.11145833879709244
11670000,2334,0.0,1.467819094657898,-0.011033477261662483,-0.011069630272686481,7.230670598801225e-05,0.0,0.0,0.11759999394416809,0.2033499926328659,0.019700000062584877,0.0,0.0,0.0,0.1150602400302887,0.11957831680774689,0.11815476417541504
11675000,2335,0.0,1.466042160987854,-0.01198695320636034,-0.012040031142532825,0.00010615563223836944,0.0,0.0,0.121799997985363,0.21549999713897705,0.019449999555945396,0.0,0.0,0.0,0.12590362131595612,0.12213855981826782,0.11741071939468384
11680000,2336,0.0,1.4679969549179077,-0.014348889701068401,-0.014394384808838367,9.099058661377057e-05,0.0,0.0,0.12019999325275421,0.22004999220371246,0.014499999582767487,0.0,0.0,0.0,0.11445783078670502,0.12394578754901886,0.12217262387275696
11685000,2337,0.0,1.4652947187423706,-0.009429912082850933,-0.009469056501984596,7.82885545049794e-05,0.0,0.0,0.11354999989271164,0.21654999256134033,0.018050000071525574,0.0,0.0,0.0,0.11987952142953873,0.11716867983341217,0.10372024029493332
11690000,2338,0.0,1.4641226530075073,-0.005891312379390001,-0.005919137969613075,5.565131868934259e-05,0.0,0.0,0.10969999432563782,0.22839999198913574,0.018549999222159386,0.0,0.0,0.0,0.11626506596803665,0.1028614491224289,0.10997024178504944
11695000,2339,0.0,1.4601069688796997,-0.0043363566510379314,-0.0043698446825146675,6.697618664475158e-05,0.0,0.0,0.11739999800920486,0.22914999723434448,0.018299998715519905,0.0,0.0,0.0,0.125,0.11234939843416214,0.11488095670938492
11700000,2340,0.0,1.462516188621521,-0.005476236809045076,-0.005508781876415014,6.509052764158696e-05,0.0,0.0,0.12280000001192093,0.2312999963760376,0.024699999019503593,0.0,0.0,0.0,0.11882530152797699,0.1257530152797699,0.12380953133106232
11705000,2341,0.0,1.463247537612915,-0.0083303889259696,-0.008372354321181774,8.393002644879743e-05,0.0,0.0,0.12224999815225601,0.21824999153614044,0.0170499999076128,0.0,0.0,0.0,0.1227409690618515,0.12078313529491425,0.12321428954601288
11710000,2342,0.0,1.459977149963379,-0.0076009235344827175,-0.007629409432411194,5.6972250604303554e-05,0.0,0.0,0.12004999816417694,0.22339999675750732,0.02029999904334545,0.0,0.0,0.0,0.12168674916028976,0.12003012001514435,0.11845238506793976
11715000,2343,0.0,1.465779423713684,-0.01180390827357769,-0.011837925761938095,6.803437281632796e-05,0.0,0.0,0.12164999544620514,0.21979999542236328,0.016300000250339508,0.0,0.0,0.0,0.1158132553100586,0.12319277226924896,0.12589286267757416
11720000,2344,0.0,1.4607329368591309,-0.018887439742684364,-0.01893436163663864,9.38448283704929e-05,0.0,0.0,0.11814999580383301,0.2304999977350235,0.021250000223517418,0.0,0.0,0.0,0.11400602757930756,0.11731927841901779,0.12306547909975052
11725000,2345,0.0,1.45615553855896,-0.03071361593902111,-0.03082672320306301,0.00022621301468461752,0.0,0.0,0.11649999767541885,0.21684999763965607,0.023899998515844345,0.0,0.0,0.0,0.11596386134624481,0.1158132553100586,0.11770834028720856
11730000,2346,0.0,1.4556303024291992,-0.04969200864434242,-0.04996589198708534,0.0005477636004798114,0.0,0.0,0.12325000017881393,0.20669999718666077,0.025299999862909317,0.0,0.0,0.0,0.11942771077156067,0.12484940141439438,0.12544643878936768
11735000,2347,0.0,1.458626389503479,-0.06530297547578812,-0.06578758358955383,0.0009692157618701458,0.0,0.0,0.11979999393224716,0.20284999907016754,0.02290000021457672,0.0,0.0,0.0,0.11686747521162033,0.11536144465208054,0.12708333134651184
11740000,2348,0.0,1.4652987718582153,-0.044528886675834656,-0.04474871978163719,0.00043966545490548015,0.0,0.0,0.13419999182224274,0.19744999706745148,0.019999999552965164,0.0,0.0,0.0,0.14156626164913177,0.12439759075641632,0.13660715520381927
11745000,2349,0.0,1.449474811553955,0.008588289842009544,0.00850869994610548,0.00015918001008685678,0.0,0.0,0.1303499937057495,0.22859999537467957,0.022049998864531517,0.0,0.0,0.0,0.1287650614976883,0.1272590458393097,0.13497024774551392
11750000,2350,0.0,1.4564512968063354,0.029971882700920105,0.029769182205200195,0.0004054008750244975,0.0,0.0,0.12280000001192093,0.23104999959468842,0.01954999938607216,0.0,0.0,0.0,0.11927711218595505,0.12228915840387344,0.12678572535514832
11755000,2351,0.0,1.4658006429672241,0.011575301177799702,0.01150519959628582,0.00014020352682564408,0.0,0.0,0.11289999634027481,0.23119999468326569,0.019999999552965164,0.0,0.0,0.0,0.11370482295751572,0.11159639060497284,0.11339285969734192
11760000,2352,0.0,1.4597022533416748,-0.012746631167829037,-0.012780481949448586,6.77020798320882e-05,0.0,0.0,0.10080000013113022,0.22459998726844788,0.020349999889731407,0.0,0.0,0.0,0.10075301676988602,0.09487952291965485,0.10669643431901932
11765000,2353,0.0,1.4574440717697144,-0.022655682638287544,-0.022717991843819618,0.00012461960432119668,0.0,0.0,0.10284999758005142,0.210099995136261,0.024449998512864113,0.0,0.0,0.0,0.09954819828271866,0.10030120611190796,0.1086309552192688
11770000,2354,0.0,1.466878056526184,-0.004327160306274891,-0.004360967315733433,6.761372787877917e-05,0.0,0.0,0.11214999854564667,0.20919999480247498,0.01850000023841858,0.0,0.0,0.0,0.11611445993185043,0.1097891554236412,0.11056548357009888
11775000,2355,0.0,1.4524003267288208,0.000653887982480228,0.0006167981773614883,7.417966844514012e-05,0.0,0.0,0.11329999566078186,0.2078000009059906,0.026200000196695328,0.0,0.0,0.0,0.11897590756416321,0.11490964144468307,0.10610119253396988
11780000,2356,0.0,1.455317735671997,-0.00699857622385025,-0.007027809042483568,5.846526619279757e-05,0.0,0.0,0.11184999346733093,0.21564999222755432,0.02264999970793724,0.0,0.0,0.0,0.11189759522676468,0.11295180767774582,0.11071428656578064
11785000,2357,0.0,1.4587825536727905,-0.012097085826098919,-0.012143166735768318,9.216171019943431e-05,0.0,0.0,0.1225999966263771,0.2157999873161316,0.01979999989271164,0.0,0.0,0.0,0.11490964144468307,0.12560240924358368,0.1272321492433548
11790000,2358,0.0,1.4659792184829712,-0.006680052261799574,-0.006708544213324785,5.698357563233003e-05,0.0,0.0,0.12725000083446503,0.22064998745918274,0.019849998876452446,0.0,0.0,0.0,0.12740963697433472,0.1295180767774582,0.12485119700431824
11795000,2359,0.0,1.465936541557312,-0.005796970333904028,-0.005824926309287548,5.591219087364152e-05,0.0,0.0,0.12600000202655792,0.22360000014305115,0.01860000006854534,0.0,0.0,0.0,0.1265060305595398,0.12454819679260254,0.12693452835083008
11800000,2360,0.0,1.466542363166809,-0.007643172051757574,-0.007677210960537195,6.807823956478387e-05,0.0,0.0,0.11524999886751175,0.2300499975681305,0.016999999061226845,0.0,0.0,0.0,0.11626506596803665,0.10918674618005753,0.12023810297250748
11805000,2361,0.0,1.4672880172729492,-0.003740019863471389,-0.0037713798228651285,6.272001337492839e-05,0.0,0.0,0.11809999495744705,0.21570000052452087,0.018449999392032623,0.0,0.0,0.0,0.12138554453849792,0.11837349832057953,0.1145833358168602
11810000,2362,0.0,1.4612712860107422,-0.009257465600967407,-0.009299679659307003,8.44282258185558e-05,0.0,0.0,0.1241999939084053,0.20239999890327454,0.01795000024139881,0.0,0.0,0.0,0.1242469921708107,0.1219879537820816,0.12633928656578064
11815000,2363,0.0,1.4592902660369873,-0.008321382105350494,-0.008351328782737255,5.98935475863982e-05,0.0,0.0,0.12349999696016312,0.20309999585151672,0.020349999889731407,0.0,0.0,0.0,0.11912650614976883,0.12740963697433472,0.12395834177732468
11820000,2364,0.0,1.4572479724884033,-0.0030641560442745686,-0.00309515418484807,6.19960919721052e-05,0.0,0.0,0.11569999903440475,0.18930000066757202,0.020800000056624413,0.0,0.0,0.0,0.1135542169213295,0.12018072605133057,0.11339285969734192
11825000,2365,0.0,1.460644245147705,-0.008371270261704922,-0.008400165475904942,5.7790373830357566e-05,0.0,0.0,0.1193000003695488,0.19945000112056732,0.019349999725818634,0.0,0.0,0.0,0.11551205068826675,0.11927711218595505,0.12306547909975052
11830000,2366,0.0,1.4631072282791138,-0.012892685830593109,-0.012931167148053646,7.696241664234549e-05,0.0,0.0,0.12234999984502792,0.21529999375343323,0.021649999544024467,0.0,0.0,0.0,0.12228915840387344,0.12409638613462448,0.12068452686071396
11835000,2367,0.0,1.4589959383010864,-0.02144070714712143,-0.021507222205400467,0.0001330310187768191,0.0,0.0,0.12754999101161957,0.22029998898506165,0.020899999886751175,0.0,0.0,0.0,0.12319277226924896,0.13750000298023224,0.1220238134264946
11840000,2368,0.0,1.465688943862915,-0.047352854162454605,-0.047612711787223816,0.0005197168211452663,0.0,0.0,0.12474999576807022,0.22474999725818634,0.021299999207258224,0.0,0.0,0.0,0.11626506596803665,0.1272590458393097,0.13065476715564728
11845000,2369,0.0,1.4516102075576782,-0.06576289236545563,-0.06628825515508652,0.001050721388310194,0.0,0.0,0.11464999616146088,0.21130000054836273,0.02345000021159649,0.0,0.0,0.0,0.10948795080184937,0.1219879537820816,0.11250000447034836
11850000,2370,0.0,1.4596061706542969,-0.03960059955716133,-0.03977293521165848,0.0003446679620537907,0.0,0.0,0.1143999993801117,0.21774999797344208,0.02019999921321869,0.0,0.0,0.0,0.11009036004543304,0.11746988445520401,0.11562500149011612
11855000,2371,0.0,1.4591187238693237,0.0010752552188932896,0.0010372046381235123,7.610118336742744e-05,0.0,0.0,0.11809999495744705,0.22084999084472656,0.01759999990463257,0.0,0.0,0.0,0.11641566455364227,0.12364458292722702,0.11428572237491608
11860000,2372,0.0,1.4618990421295166,0.016753921285271645,0.016658077016472816,0.00019168903236277401,0.0,0.0,0.12029999494552612,0.2150999903678894,0.018649999052286148,0.0,0.0,0.0,0.11626506596803665,0.1296686828136444,0.11502976715564728
11865000,2373,0.0,1.4618847370147705,0.0003740114043466747,0.00034018640872091055,6.765000580344349e-05,0.0,0.0,0.11809999495744705,0.21299999952316284,0.022049998864531517,0.0,0.0,0.0,0.11762048304080963,0.11852409690618515,0.11815476417541504
11870000,2374,0.0,1.4594802856445312,-0.025601772591471672,-0.02568524144589901,0.000166936733876355,0.0,0.0,0.11459999531507492,0.20964999496936798,0.018649999052286148,0.0,0.0,0.0,0.1097891554236412,0.11490964144468307,0.1190476268529892
11875000,2375,0.0,1.4637327194213867,-0.036815449595451355,-0.0369802787899971,0.0003296559152659029,0.0,0.0,0.11854999512434006,0.21435000002384186,0.015350000001490116,0.0,0.0,0.0,0.10993976145982742,0.12665662169456482,0.1190476268529892
11880000,2376,0.0,1.4569162130355835,-0.031133711338043213,-0.031247075647115707,0.0002267298405058682,0.0,0.0,0.12144999951124191,0.22199998795986176,0.018950000405311584,0.0,0.0,0.0,0.11671686917543411,0.12469879537820816,0.12291666865348816
11885000,2377,0.0,1.4620208740234375,-0.013895457610487938,-0.013931767083704472,7.261855353135616e-05,0.0,0.0,0.11729999631643295,0.21599999070167542,0.022699998691678047,0.0,0.0,0.0,0.11882530152797699,0.11566264927387238,0.11741071939468384
11890000,2378,0.0,1.4549208879470825,-0.005541857797652483,-0.005583084188401699,8.245313802035525e-05,0.0,0.0,0.11140000075101852,0.23064999282360077,0.020499998703598976,0.0,0.0,0.0,0.11295180767774582,0.11295180767774582,0.10833333432674408
11895000,2379,0.0,1.4586490392684937,-0.006109290290623903,-0.006141251418739557,6.392258364940062e-05,0.0,0.0,0.11334999650716782,0.23309999704360962,0.02019999921321869,0.0,0.0,0.0,0.11521084606647491,0.1090361475944519,0.11577381193637848
11900000,2380,0.0,1.4559714794158936,-0.009106486104428768,-0.00914373155683279,7.449036638718098e-05,0.0,0.0,0.12629999220371246,0.23304998874664307,0.021849999204277992,0.0,0.0,0.0,0.11611445993185043,0.13810241222381592,0.12470238655805588
11905000,2381,0.0,1.4451777935028076,-0.003242464503273368,-0.003282571444287896,8.021389658097178e-05,0.0,0.0,0.1168999969959259,0.24049998819828033,0.02159999869763851,0.0,0.0,0.0,0.11626506596803665,0.11701807379722595,0.11741071939468384
11910000,2382,0.0,1.4629757404327393,-0.0047423625364899635,-0.004773691296577454,6.2657542002853e-05,0.0,0.0,0.11844999343156815,0.21389999985694885,0.021549999713897705,0.0,0.0,0.0,0.11611445993185043,0.11987952142953873,0.11934524029493332
11915000,2383,0.0,1.4592362642288208,-0.012624719180166721,-0.012660079635679722,7.072051812428981e-05,0.0,0.0,0.12139999866485596,0.20189999043941498,0.020800000056624413,0.0,0.0,0.0,0.11987952142953873,0.12319277226924896,0.12113095819950104
11920000,2384,0.0,1.4638142585754395,-0.01132951769977808,-0.011364925652742386,7.081551302690059e-05,0.0,0.0,0.12099999934434891,0.1946999877691269,0.01850000023841858,0.0,0.0,0.0,0.11882530152797699,0.12304217368364334,0.12113095819950104
11925000,2385,0.0,1.459261417388916,-0.009168045595288277,-0.009199094958603382,6.209796265466139e-05,0.0,0.0,0.11524999886751175,0.21204999089241028,0.020499998703598976,0.0,0.0,0.0,0.11415662616491318,0.11792168766260147,0.11369048058986664
11930000,2386,0.0,1.4551788568496704,-0.00863612163811922,-0.008669654838740826,6.706727435812354e-05,0.0,0.0,0.11354999989271164,0.22224999964237213,0.019050000235438347,0.0,0.0,0.0,0.11445783078670502,0.1143072322010994,0.11190476268529892
11935000,2387,0.0,1.4548797607421875,-0.01269247755408287,-0.012729676440358162,7.439853652613238e-05,0.0,0.0,0.1005999967455864,0.23929999768733978,0.023599999025464058,0.0,0.0,0.0,0.09713855385780334,0.10150602459907532,0.10312500596046448
11940000,2388,0.0,1.45859956741333,-0.020064368844032288,-0.02012067474424839,0.00011261028703302145,0.0,0.0,0.10664999485015869,0.24424999952316284,0.021049998700618744,0.0,0.0,0.0,0.10195783525705338,0.10240963846445084,0.11547619849443436
11945000,2389,0.0,1.4649698734283447,-0.03142639249563217,-0.031540777534246445,0.00022877125593367964,0.0,0.0,0.1075499951839447,0.2334499955177307,0.019749999046325684,0.0,0.0,0.0,0.10496988147497177,0.1097891554236412,0.1078869104385376
11950000,2390,0.0,1.462127447128296,-0.033907268196344376,-0.03405251353979111,0.0002904923749156296,0.0,0.0,0.11539999395608902,0.21329998970031738,0.01979999989271164,0.0,0.0,0.0,0.11566264927387238,0.11445783078670502,0.1160714328289032
11955000,2391,0.0,1.468381643295288,-0.023128032684326172,-0.023191291838884354,0.0001265176833840087,0.0,0.0,0.12019999325275421,0.2198999971151352,0.02279999852180481,0.0,0.0,0.0,0.1204819306731224,0.1158132553100586,0.1242559552192688
11960000,2392,0.0,1.4603633880615234,-0.016483766958117485,-0.016526561230421066,8.55874313856475e-05,0.0,0.0,0.13144999742507935,0.21194998919963837,0.01954999938607216,0.0,0.0,0.0,0.13509036600589752,0.12816265225410461,0.13110119104385376
11965000,2393,0.0,1.4657111167907715,-0.011452686972916126,-0.011488073505461216,7.077231566654518e-05,0.0,0.0,0.13085000216960907,0.21774999797344208,0.020250000059604645,0.0,0.0,0.0,0.13388554751873016,0.1272590458393097,0.13139881193637848
11970000,2394,0.0,1.4665409326553345,-0.0076201921328902245,-0.007648400031030178,5.641589086735621e-05,0.0,0.0,0.12074999511241913,0.2215999960899353,0.01964999921619892,0.0,0.0,0.0,0.12228915840387344,0.11882530152797699,0.12113095819950104
11975000,2395,0.0,1.4769222736358643,-0.005162244196981192,-0.0051919263787567616,5.9364232583902776e-05,0.0,0.0,0.12655000388622284,0.21435000002384186,0.015350000001490116,0.0,0.0,0.0,0.1304216831922531,0.1287650614976883,0.1205357164144516
11980000,2396,0.0,1.4788811206817627,-0.007693373132497072,-0.007723864633589983,6.098289304645732e-05,0.0,0.0,0.1152999997138977,0.22164998948574066,0.017349999397993088,0.0,0.0,0.0,0.11099398136138916,0.11942771077156067,0.11547619849443436
11985000,2397,0.0,1.470119833946228,-0.019488072022795677,-0.01954612322151661,0.00011610328510869294,0.0,0.0,0.11389999836683273,0.2202499955892563,0.016099998727440834,0.0,0.0,0.0,0.11144578456878662,0.11927711218595505,0.11101190745830536
11990000,2398,0.0,1.4721776247024536,-0.034343916922807693,-0.03448236733675003,0.000276900187600404,0.0,0.0,0.11095000058412552,0.21739999949932098,0.016999999061226845,0.0,0.0,0.0,0.10707831382751465,0.11731927841901779,0.10848214477300644
11995000,2399,0.0,1.466860055923462,-0.043267615139484406,-0.04347963631153107,0.0004240441194269806,0.0,0.0,0.12094999849796295,0.22624999284744263,0.014699999243021011,0.0,0.0,0.0,0.12439759075641632,0.11972891539335251,0.11875000596046448
12000000,2400,0.0,1.4668887853622437,-0.02581433579325676,-0.025900190696120262,0.00017170925275422633,0.0,0.0,0.1289999932050705,0.22414998710155487,0.010950000025331974,0.0,0.0,0.0,0.12319277226924896,0.1325301229953766,0.13125000894069672
12005000,2401,0.0,1.4605079889297485,-0.003412423422560096,-0.003444063011556864,6.327898154268041e-05,0.0,0.0,0.11574999988079071,0.241349995136261,0.012999999336898327,0.0,0.0,0.0,0.11731927841901779,0.11762048304080963,0.112351194024086
12010000,2402,0.0,1.462049961090088,0.0062217144295573235,0.006171027198433876,0.00010137450590264052,0.0,0.0,0.11315000057220459,0.24539999663829803,0.013449999503791332,0.0,0.0,0.0,0.11114457994699478,0.11852409690618515,0.10982143133878708
12015000,2403,0.0,1.4684619903564453,0.0024582562036812305,0.002412102883681655,9.230685100192204e-05,0.0,0.0,0.10969999432563782,0.22675000131130219,0.013100000098347664,0.0,0.0,0.0,0.10557229071855545,0.11189759522676468,0.1116071492433548
12020000,2404,0.0,1.4651038646697998,-0.012329906225204468,-0.012371371500194073,8.29306009109132e-05,0.0,0.0,0.11424999684095383,0.21175000071525574,0.016699999570846558,0.0,0.0,0.0,0.11686747521162033,0.10948795080184937,0.11636905372142792
12025000,2405,0.0,1.4608997106552124,-0.017797263339161873,-0.01784692332148552,9.932132525136694e-05,0.0,0.0,0.11719999462366104,0.21724998950958252,0.018299998715519905,0.0,0.0,0.0,0.11822289228439331,0.11641566455364227,0.11696428805589676
12030000,2406,0.0,1.4615761041641235,-0.01635044440627098,-0.016408773139119148,0.00011665848433040082,0.0,0.0,0.11800000071525574,0.22769999504089355,0.020250000059604645,0.0,0.0,0.0,0.11882530152797699,0.11746988445520401,0.11770834028720856
12035000,2407,0.0,1.4565176963806152,-0.008185631595551968,-0.00822434388101101,7.74241634644568e-05,0.0,0.0,0.11339999735355377,0.22454999387264252,0.02524999901652336,0.0,0.0,0.0,0.10873494297266006,0.11475903540849686,0.11666667461395264
12040000,2408,0.0,1.4622074365615845,-0.005258539691567421,-0.0052916198037564754,6.616040627704933e-05,0.0,0.0,0.11779999732971191,0.2126999944448471,0.022099999710917473,0.0,0.0,0.0,0.11340361833572388,0.12409638613462448,0.11592262238264084
12045000,2409,0.0,1.455009937286377,-0.009224023669958115,-0.009258074685931206,6.810157356085256e-05,0.0,0.0,0.10689999908208847,0.19724999368190765,0.022099999710917473,0.0,0.0,0.0,0.10512048751115799,0.10496988147497177,0.11056548357009888
12050000,2410,0.0,1.4610122442245483,-0.011759522370994091,-0.01178800780326128,5.697057713405229e-05,0.0,0.0,0.11095000058412552,0.20589999854564667,0.020250000059604645,0.0,0.0,0.0,0.111295185983181,0.10271084308624268,0.11875000596046448
12055000,2411,0.0,1.4537580013275146,-0.012171854265034199,-0.012223661877214909,0.00010361595923313871,0.0,0.0,0.11289999634027481,0.22664999961853027,0.011549999937415123,0.0,0.0,0.0,0.10451807081699371,0.11792168766260147,0.11622024327516556
12060000,2412,0.0,1.460057020187378,-0.014329495839774609,-0.01437366008758545,8.832885941956192e-05,0.0,0.0,0.11264999955892563,0.23044998943805695,0.012399999424815178,0.0,0.0,0.0,0.10873494297266006,0.11792168766260147,0.11130952835083008
12065000,2413,0.0,1.4620375633239746,-0.014344383962452412,-0.014379549771547318,7.033102156128734e-05,0.0,0.0,0.11059999465942383,0.23074999451637268,0.018950000405311584,0.0,0.0,0.0,0.10677710920572281,0.1120481938123703,0.11294643580913544
12070000,2414,0.0,1.45524001121521,-0.013674808666110039,-0.013730157166719437,0.00011069733591284603,0.0,0.0,0.11294999718666077,0.2280000001192093,0.015249999240040779,0.0,0.0,0.0,0.11159639060497284,0.11325301229953766,0.11398810148239136
12075000,2415,0.0,1.4646892547607422,-0.012747944332659245,-0.012786351144313812,7.681415445404127e-05,0.0,0.0,0.11499999463558197,0.22379998862743378,0.02304999902844429,0.0,0.0,0.0,0.11611445993185043,0.1120481938123703,0.1168154776096344
12080000,2416,0.0,1.4592657089233398,-0.012254159897565842,-0.012293266132473946,7.821157487342134e-05,0.0,0.0,0.11194999516010284,0.2170500010251999,0.02329999953508377,0.0,0.0,0.0,0.10737951844930649,0.11611445993185043,0.112351194024086
12085000,2417,0.0,1.4600332975387573,-0.010686795227229595,-0.010714120231568813,5.4649877711199224e-05,0.0,0.0,0.11969999969005585,0.21629999577999115,0.02070000022649765,0.0,0.0,0.0,0.11536144465208054,0.12409638613462448,0.11964286118745804
12090000,2418,0.0,1.4646191596984863,-0.006880366243422031,-0.006905680522322655,5.0628892495296896e-05,0.0,0.0,0.11354999989271164,0.22289998829364777,0.01954999938607216,0.0,0.0,0.0,0.11536144465208054,0.1120481938123703,0.11324404925107956
12095000,2419,0.0,1.4601629972457886,-0.007571659982204437,-0.007593024987727404,4.2729829146992415e-05,0.0,0.0,0.11549999564886093,0.21969999372959137,0.01939999870955944,0.0,0.0,0.0,0.11144578456878662,0.11325301229953766,0.12172619253396988
12100000,2420,0.0,1.461441159248352,-0.008493578992784023,-0.008525542914867401,6.392750219674781e-05,0.0,0.0,0.11809999495744705,0.22360000014305115,0.020649999380111694,0.0,0.0,0.0,0.11310241371393204,0.11852409690618515,0.12261905521154404
12105000,2421,0.0,1.451561689376831,-0.00900082103908062,-0.009034222923219204,6.680405931547284e-05,0.0,0.0,0.11099999397993088,0.22209998965263367,0.02474999986588955,0.0,0.0,0.0,0.10496988147497177,0.11822289228439331,0.10982143133878708
12110000,2422,0.0,1.47314453125,-0.003878646530210972,-0.003909775987267494,6.225873221410438e-05,0.0,0.0,0.12184999883174896,0.2179500013589859,0.019500000402331352,0.0,0.0,0.0,0.11671686917543411,0.1265060305595398,0.12232143431901932
12115000,2423,0.0,1.460052490234375,-0.0012307575671002269,-0.0012685931287705898,7.567123248009011e-05,0.0,0.0,0.1216999962925911,0.21869999170303345,0.01860000006854534,0.0,0.0,0.0,0.11777108907699585,0.12183735519647598,0.12544643878936768
12120000,2424,0.0,1.4571889638900757,-0.0019022409105673432,-0.0019454711582511663,8.646049536764622e-05,0.0,0.0,0.11789999902248383,0.22010000050067902,0.013899999670684338,0.0,0.0,0.0,0.11762048304080963,0.11566264927387238,0.12038690596818924
12125000,2425,0.0,1.457637906074524,-0.0024904548190534115,-0.0025292637292295694,7.761800225125626e-05,0.0,0.0,0.12189999967813492,0.2147499918937683,0.01785000041127205,0.0,0.0,0.0,0.11762048304080963,0.12981927394866943,0.1183035746216774
12130000,2426,0.0,1.460124135017395,-0.008853745646774769,-0.0088869109749794,6.632995791733265e-05,0.0,0.0,0.11764999479055405,0.22235000133514404,0.019999999552965164,0.0,0.0,0.0,0.11641566455364227,0.12003012001514435,0.11651786416769028
12135000,2427,0.0,1.4551705121994019,-0.016848821192979813,-0.016890207305550575,8.277215965790674e-05,0.0,0.0,0.12044999748468399,0.22094999253749847,0.02539999969303608,0.0,0.0,0.0,0.11626506596803665,0.125,0.12008929252624512
12140000,2428,0.0,1.46332848072052,-0.04150199517607689,-0.041695982217788696,0.00038797635352239013,0.0,0.0,0.1352500021457672,0.2126999944448471,0.015249999240040779,0.0,0.0,0.0,0.13855421543121338,0.13659638166427612,0.13065476715564728
12145000,2429,0.0,1.4645711183547974,-0.12343531847000122,-0.12527640163898468,0.0036821661051362753,0.0,0.0,0.12870000302791595,0.21514999866485596,0.01954999938607216,0.0,0.0,0.0,0.13162650167942047,0.1272590458393097,0.1272321492433548
12150000,2430,0.0,1.4738068580627441,-0.1453728973865509,-0.14796145260334015,0.0051771122962236404,0.0,0.0,0.12319999933242798,0.20179998874664307,0.017400000244379044,0.0,0.0,0.0,0.12018072605133057,0.1257530152797699,0.12366072088479996
12155000,2431,0.0,1.4658191204071045,0.12013732641935349,0.11802578717470169,0.004223075229674578,0.0,0.0,0.11879999935626984,0.23089998960494995,0.015850000083446503,0.0,0.0,0.0,0.11927711218595505,0.11972891539335251,0.11741071939468384
12160000,2432,0.0,1.4591310024261475,-0.10517212748527527,-0.10651089996099472,0.0026775412261486053,0.0,0.0,0.10649999976158142,0.2390500009059906,0.017899999395012856,0.0,0.0,0.0,0.10813253372907639,0.10271084308624268,0.1086309552192688
12165000,2433,0.0,1.397120475769043,0.0776890367269516,0.07682926952838898,0.0017195346299558878,0.0,0.0,0.13019999861717224,0.24529999494552612,0.013599999248981476,0.0,0.0,0.0,0.1289156675338745,0.1304216831922531,0.13125000894069672
12170000,2434,0.0,1.4363585710525513,-0.0648367777466774,-0.06534667313098907,0.0010197843657806516,0.0,0.0,0.13529999554157257,0.2746500074863434,0.02070000022649765,0.0,0.0,0.0,0.13463856279850006,0.1356927752494812,0.13556547462940216
12175000,2435,0.0,1.391617774963379,0.03689611703157425,0.03656047210097313,0.0006712933536618948,0.0,0.0,0.12334999442100525,0.2851499915122986,0.025599999353289604,0.0,0.0,0.0,0.11912650614976883,0.125,0.12589286267757416
12180000,2436,0.0,1.4198558330535889,-0.03842199966311455,-0.03860348463058472,0.0003629680722951889,0.0,0.0,0.12714999914169312,0.2592499852180481,0.023399999365210533,0.0,0.0,0.0,0.12710843980312347,0.12710843980312347,0.1272321492433548
12185000,2437,0.0,1.432716965675354,0.003980692010372877,0.00391020392999053,0.00014097616076469421,0.0,0.0,0.1256999969482422,0.2462499886751175,0.026149999350309372,0.0,0.0,0.0,0.12213855981826782,0.1272590458393097,0.12767857313156128
12190000,2438,0.0,1.4530377388000488,-0.011635825969278812,-0.011683839373290539,9.602655336493626e-05,0.0,0.0,0.13054999709129333,0.23319999873638153,0.02070000022649765,0.0,0.0,0.0,0.12439759075641632,0.13554216921329498,0.1316964328289032
12195000,2439,0.0,1.4578882455825806,-0.00801012571901083,-0.008050165139138699,8.00795532995835e-05,0.0,0.0,0.12409999966621399,0.2295999974012375,0.021449999883770943,0.0,0.0,0.0,0.11792168766260147,0.1287650614976883,0.12559524178504944
12200000,2440,0.0,1.4449031352996826,-0.0022559259086847305,-0.0023058191873133183,9.978674643207341e-05,0.0,0.0,0.1233999952673912,0.23214998841285706,0.019349999725818634,0.0,0.0,0.0,0.12033132463693619,0.12259036302566528,0.1272321492433548
12205000,2441,0.0,1.4502884149551392,-0.01398023683577776,-0.014023127034306526,8.578054985264316e-05,0.0,0.0,0.12759999930858612,0.22264999151229858,0.021150000393390656,0.0,0.0,0.0,0.12439759075641632,0.1287650614976883,0.12961310148239136
12210000,2442,0.0,1.4497816562652588,0.004840836860239506,0.004795650951564312,9.037227573571727e-05,0.0,0.0,0.1303499937057495,0.2011999934911728,0.0239499993622303,0.0,0.0,0.0,0.12409638613462448,0.13207831978797913,0.13482142984867096
12215000,2443,0.0,1.4546223878860474,-0.014302755706012249,-0.014347891323268414,9.027160558616742e-05,0.0,0.0,0.120899997651577,0.21175000071525574,0.02159999869763851,0.0,0.0,0.0,0.11837349832057953,0.12364458292722702,0.12068452686071396
12220000,2444,0.0,1.4646822214126587,0.006483986508101225,0.006417113356292248,0.00013374592526815832,0.0,0.0,0.120899997651577,0.19249999523162842,0.013049999251961708,0.0,0.0,0.0,0.1204819306731224,0.12108433991670609,0.12113095819950104
12225000,2445,0.0,1.4643409252166748,-0.019023166969418526,-0.0190783329308033,0.00011033043847419322,0.0,0.0,0.12150000035762787,0.20889998972415924,0.020250000059604645,0.0,0.0,0.0,0.11942771077156067,0.12756024301052094,0.1175595298409462
12230000,2446,0.0,1.4603404998779297,0.005561156664043665,0.005518149118870497,8.601522131357342e-05,0.0,0.0,0.1152999997138977,0.22235000133514404,0.022549999877810478,0.0,0.0,0.0,0.11837349832057953,0.1143072322010994,0.11324404925107956
12235000,2447,0.0,1.4579445123672485,-0.012292096391320229,-0.012348844669759274,0.00011349569103913382,0.0,0.0,0.1197500005364418,0.2356499880552292,0.018950000405311584,0.0,0.0,0.0,0.11837349832057953,0.11701807379722595,0.12380953133106232
12240000,2448,0.0,1.4573038816452026,-0.0014859591610729694,-0.0015168122481554747,6.17062469245866e-05,0.0,0.0,0.12274999916553497,0.2326499968767166,0.024650000035762787,0.0,0.0,0.0,0.12484940141439438,0.11867470294237137,0.12470238655805588
12245000,2449,0.0,1.4599108695983887,-0.005876942537724972,-0.005910960026085377,6.803538417443633e-05,0.0,0.0,0.1273999959230423,0.21819999814033508,0.018299998715519905,0.0,0.0,0.0,0.1387048214673996,0.12213855981826782,0.12142857909202576
12250000,2450,0.0,1.4600582122802734,-0.006196826230734587,-0.0062265545129776,5.9456539020175114e-05,0.0,0.0,0.12729999423027039,0.218299999833107,0.017899999395012856,0.0,0.0,0.0,0.12816265225410461,0.12590362131595612,0.12782739102840424
12255000,2451,0.0,1.4610124826431274,-0.0039593493565917015,-0.00400673970580101,9.478080028202385e-05,0.0,0.0,0.12584999203681946,0.20844998955726624,0.0142000000923872,0.0,0.0,0.0,0.12515060603618622,0.1227409690618515,0.12961310148239136
12260000,2452,0.0,1.4614944458007812,-0.006974366493523121,-0.007000430021435022,5.212665564613417e-05,0.0,0.0,0.11624999344348907,0.20864999294281006,0.020600000396370888,0.0,0.0,0.0,0.12183735519647598,0.11686747521162033,0.1101190522313118
12265000,2453,0.0,1.4672584533691406,-0.0038797042798250914,-0.003908880520612001,5.835232514073141e-05,0.0,0.0,0.11614999920129776,0.20774999260902405,0.018449999392032623,0.0,0.0,0.0,0.11400602757930756,0.11460843682289124,0.1197916716337204
12270000,2454,0.0,1.4705654382705688,-0.008286941796541214,-0.00831326749175787,5.2651601436082274e-05,0.0,0.0,0.10819999873638153,0.2102999985218048,0.023499999195337296,0.0,0.0,0.0,0.10421686619520187,0.10466867685317993,0.11562500149011612
12275000,2455,0.0,1.4677923917770386,-0.0030554202385246754,-0.003081728471443057,5.261641490506008e-05,0.0,0.0,0.10604999959468842,0.21284998953342438,0.028199998661875725,0.0,0.0,0.0,0.10451807081699371,0.10737951844930649,0.10625000298023224
12280000,2456,0.0,1.469300389289856,-0.0071835387498140335,-0.007216475438326597,6.587360985577106e-05,0.0,0.0,0.11369999498128891,0.21400000154972076,0.016999999061226845,0.0,0.0,0.0,0.10722891986370087,0.11656627058982849,0.11726190894842148
12285000,2457,0.0,1.4671441316604614,-0.004234543070197105,-0.004260523244738579,5.196036727284081e-05,0.0,0.0,0.11264999955892563,0.22214999794960022,0.022849999368190765,0.0,0.0,0.0,0.10572289675474167,0.11746988445520401,0.11473214626312256
12290000,2458,0.0,1.463738203048706,-0.005045336205512285,-0.0050737387500703335,5.6804939958965406e-05,0.0,0.0,0.117249995470047,0.23309999704360962,0.01860000006854534,0.0,0.0,0.0,0.1143072322010994,0.12289156764745712,0.1145833358168602
12295000,2459,0.0,1.4651068449020386,-0.006365221459418535,-0.006400481332093477,7.052005094010383e-05,0.0,0.0,0.12489999830722809,0.22384999692440033,0.012899999506771564,0.0,0.0,0.0,0.12620481848716736,0.12590362131595612,0.12261905521154404
12300000,2460,0.0,1.4578697681427002,-0.004347454756498337,-0.004378413315862417,6.191711145220324e-05,0.0,0.0,0.12014999985694885,0.2254999876022339,0.01549999974668026,0.0,0.0,0.0,0.12153615057468414,0.12093373388051987,0.11800595372915268
12305000,2461,0.0,1.4603407382965088,-0.007376361172646284,-0.007408906240016222,6.508990190923214e-05,0.0,0.0,0.1180499941110611,0.21804998815059662,0.01614999957382679,0.0,0.0,0.0,0.11701807379722595,0.1234939768910408,0.11369048058986664
12310000,2462,0.0,1.4714083671569824,-0.0051209223456680775,-0.005149560980498791,5.727730967919342e-05,0.0,0.0,0.1123499944806099,0.21139998733997345,0.01874999888241291,0.0,0.0,0.0,0.10993976145982742,0.10948795080184937,0.1175595298409462
12315000,2463,0.0,1.4720218181610107,-0.006872355006635189,-0.0068952650763094425,4.5820117520634085e-05,0.0,0.0,0.10824999958276749,0.21649999916553497,0.02019999921321869,0.0,0.0,0.0,0.10527108609676361,0.10798192769289017,0.11145833879709244
12320000,2464,0.0,1.4726383686065674,-0.005008429754525423,-0.005042869597673416,6.88794389134273e-05,0.0,0.0,0.11034999787807465,0.22379998862743378,0.014800000004470348,0.0,0.0,0.0,0.10647590458393097,0.11099398136138916,0.11354167014360428
12325000,2465,0.0,1.4611821174621582,-0.006253543309867382,-0.006288759410381317,7.043176447041333e-05,0.0,0.0,0.1054999977350235,0.241349995136261,0.01719999872148037,0.0,0.0,0.0,0.09849397838115692,0.11250000447034836,0.10550595819950104
12330000,2466,0.0,1.4680277109146118,-0.00603290693834424,-0.006074313540011644,8.281350164907053e-05,0.0,0.0,0.12559999525547028,0.22759999334812164,0.011949999257922173,0.0,0.0,0.0,0.12861445546150208,0.12469879537820816,0.1235119104385376
12335000,2467,0.0,1.4668331146240234,-0.005244827829301357,-0.005277756601572037,6.58572098473087e-05,0.0,0.0,0.13474999368190765,0.22544999420642853,0.011149999685585499,0.0,0.0,0.0,0.13147591054439545,0.13328313827514648,0.13943453133106232
12340000,2468,0.0,1.4681649208068848,-0.00624056113883853,-0.0062727858312428,6.444963219109923e-05,0.0,0.0,0.12809999287128448,0.2235499918460846,0.016699999570846558,0.0,0.0,0.0,0.12786145508289337,0.13057228922843933,0.12589286267757416
12345000,2469,0.0,1.4675050973892212,-0.006219166796654463,-0.006244495045393705,5.065656660008244e-05,0.0,0.0,0.12049999833106995,0.22214999794960022,0.021299999207258224,0.0,0.0,0.0,0.12515060603618622,0.12063252925872803,0.11577381193637848
12350000,2470,0.0,1.4724608659744263,-0.005749369505792856,-0.005773068871349096,4.7398680180776864e-05,0.0,0.0,0.11239999532699585,0.22224999964237213,0.022549999877810478,0.0,0.0,0.0,0.12018072605133057,0.11009036004543304,0.10699405521154404
12355000,2471,0.0,1.4766974449157715,-0.006490987725555897,-0.00651486637070775,4.775752313435078e-05,0.0,0.0,0.10799999535083771,0.22169999778270721,0.023499999195337296,0.0,0.0,0.0,0.11415662616491318,0.10572289675474167,0.1041666716337204
12360000,2472,0.0,1.468254804611206,-0.005256809759885073,-0.005283609498292208,5.359973874874413e-05,0.0,0.0,0.11389999836683273,0.21044999361038208,0.021949999034404755,0.0,0.0,0.0,0.11762048304080963,0.11626506596803665,0.1078869104385376
12365000,2473,0.0,1.4667680263519287,-0.006051596254110336,-0.006083650514483452,6.410871719708666e-05,0.0,0.0,0.11099999397993088,0.20454999804496765,0.023749999701976776,0.0,0.0,0.0,0.10617469996213913,0.11219879984855652,0.1145833358168602
12370000,2474,0.0,1.4663249254226685,-0.006501642055809498,-0.006527225952595472,5.116734973853454e-05,0.0,0.0,0.12079999595880508,0.20469999313354492,0.021699998527765274,0.0,0.0,0.0,0.11445783078670502,0.12379518151283264,0.12410714477300644
12375000,2475,0.0,1.47064208984375,-0.004641917999833822,-0.004670977126806974,5.8118090237258e-05,0.0,0.0,0.1274999976158142,0.2003999948501587,0.01334999967366457,0.0,0.0,0.0,0.12996987998485565,0.12394578754901886,0.12857143580913544
12380000,2476,0.0,1.4712358713150024,-0.006676744669675827,-0.006705818232148886,5.8147095842286944e-05,0.0,0.0,0.1294499933719635,0.20414999127388,0.01795000024139881,0.0,0.0,0.0,0.1302710920572281,0.12484940141439438,0.1331845223903656
12385000,2477,0.0,1.4718669652938843,-0.006195966619998217,-0.006230949889868498,6.996683805482462e-05,0.0,0.0,0.12309999763965607,0.20544999837875366,0.013499999418854713,0.0,0.0,0.0,0.12936747074127197,0.1242469921708107,0.11577381193637848
12390000,2478,0.0,1.4754124879837036,-0.004230287857353687,-0.0042612203396856785,6.18653793935664e-05,0.0,0.0,0.12619999051094055,0.2069000005722046,0.016200000420212746,0.0,0.0,0.0,0.12213855981826782,0.12394578754901886,0.1324404776096344
12395000,2479,0.0,1.4660718441009521,-0.008404351770877838,-0.008439573459327221,7.044267113087699e-05,0.0,0.0,0.12780000269412994,0.21404999494552612,0.0142000000923872,0.0,0.0,0.0,0.1227409690618515,0.12153615057468414,0.13898810744285583
12400000,2480,0.0,1.4647536277770996,-0.0035390115808695555,-0.003569964785128832,6.190653220983222e-05,0.0,0.0,0.11784999817609787,0.22339999675750732,0.018699999898672104,0.0,0.0,0.0,0.11792168766260147,0.11596386134624481,0.11964286118745804
12405000,2481,0.0,1.4684237241744995,-0.008679392747581005,-0.008707917295396328,5.704932118533179e-05,0.0,0.0,0.10525000095367432,0.22474999725818634,0.02410000003874302,0.0,0.0,0.0,0.10873494297266006,0.10662651062011719,0.1004464328289032
12410000,2482,0.0,1.4694263935089111,-0.006071285344660282,-0.006105273962020874,6.797692185500637e-05,0.0,0.0,0.10174999386072159,0.21664999425411224,0.02029999904334545,0.0,0.0,0.0,0.0960843414068222,0.10692771524190903,0.10223214328289032
12415000,2483,0.0,1.4652549028396606,-0.0054978616535663605,-0.005530897993594408,6.60724617773667e-05,0.0,0.0,0.10480000078678131,0.2106499969959259,0.01860000006854534,0.0,0.0,0.0,0.10647590458393097,0.10496988147497177,0.10297619551420212
12420000,2484,0.0,1.4654850959777832,-0.007854451425373554,-0.00788163859397173,5.437457366497256e-05,0.0,0.0,0.11054999381303787,0.2057499885559082,0.016999999061226845,0.0,0.0,0.0,0.1135542169213295,0.10572289675474167,0.112351194024086
12425000,2485,0.0,1.4696828126907349,-0.006900455802679062,-0.006933027412742376,6.514292908832431e-05,0.0,0.0,0.11755000054836273,0.20035000145435333,0.013399999588727951,0.0,0.0,0.0,0.11626506596803665,0.12259036302566528,0.113839291036129
12430000,2486,0.0,1.4608068466186523,-0.004537285305559635,-0.004568872507661581,6.317430234048516e-05,0.0,0.0,0.11289999634027481,0.20995000004768372,0.020150000229477882,0.0,0.0,0.0,0.11792168766260147,0.10707831382751465,0.11369048058986664
12435000,2487,0.0,1.4705493450164795,-0.007727193646132946,-0.007761542219668627,6.869730714242905e-05,0.0,0.0,0.12334999442100525,0.20385000109672546,0.014499999582767487,0.0,0.0,0.0,0.12228915840387344,0.12078313529491425,0.12693452835083008
12440000,2488,0.0,1.4611207246780396,-0.0048253703862428665,-0.004849184304475784,4.7628145694034174e-05,0.0,0.0,0.11584999412298203,0.20829999446868896,0.021699998527765274,0.0,0.0,0.0,0.12665662169456482,0.10632530599832535,0.1145833358168602
12445000,2489,0.0,1.4684085845947266,-0.00739181786775589,-0.007425264455378056,6.689282599836588e-05,0.0,0.0,0.11374999582767487,0.20409999787807465,0.01529999915510416,0.0,0.0,0.0,0.11731927841901779,0.11400602757930756,0.10997024178504944
12450000,2490,0.0,1.4584561586380005,-0.004770910833030939,-0.004793500993400812,4.5180593588156626e-05,0.0,0.0,0.10249999910593033,0.2158999890089035,0.023099999874830246,0.0,0.0,0.0,0.10225903987884521,0.10120481997728348,0.10401786118745804
12455000,2491,0.0,1.475616216659546,-0.007538992445915937,-0.007567190565168858,5.639600567519665e-05,0.0,0.0,0.11064999550580978,0.2131499946117401,0.013549999333918095,0.0,0.0,0.0,0.11641566455364227,0.11250000447034836,0.10312500596046448
12460000,2492,0.0,1.4668136835098267,-0.004773617722094059,-0.0047979955561459064,4.875543527305126e-05,0.0,0.0,0.11019999533891678,0.2235499918460846,0.01809999905526638,0.0,0.0,0.0,0.10993976145982742,0.10768072307109833,0.11294643580913544
12465000,2493,0.0,1.478201150894165,-0.006665666121989489,-0.0066938092932105064,5.6286644394276664e-05,0.0,0.0,0.11789999902248383,0.218299999833107,0.01785000041127205,0.0,0.0,0.0,0.11445783078670502,0.11912650614976883,0.12008929252624512
12470000,2494,0.0,1.46578848361969,-0.004046907648444176,-0.004078211262822151,6.260687223402783e-05,0.0,0.0,0.11679999530315399,0.22289998829364777,0.020499998703598976,0.0,0.0,0.0,0.11912650614976883,0.12379518151283264,0.10758928954601288
12475000,2495,0.0,1.4650707244873047,-0.007430326193571091,-0.007460688706487417,6.072529504308477e-05,0.0,0.0,0.1143999993801117,0.22145000100135803,0.023399999365210533,0.0,0.0,0.0,0.1158132553100586,0.11731927841901779,0.1101190522313118
12480000,2496,0.0,1.4709628820419312,-0.005238618701696396,-0.005270889028906822,6.454102549469098e-05,0.0,0.0,0.11209999769926071,0.21859999001026154,0.018649999052286148,0.0,0.0,0.0,0.11234939843416214,0.108283132314682,0.11562500149011612
12485000,2497,0.0,1.4721800088882446,-0.00827938411384821,-0.008307576179504395,5.638428046950139e-05,0.0,0.0,0.11629999428987503,0.20639999210834503,0.021049998700618744,0.0,0.0,0.0,0.11746988445520401,0.11852409690618515,0.11294643580913544
12490000,2498,0.0,1.4756702184677124,-0.005601056851446629,-0.005632536020129919,6.295836647041142e-05,0.0,0.0,0.11339999735355377,0.20924998819828033,0.016699999570846558,0.0,0.0,0.0,0.11084337532520294,0.11822289228439331,0.11116071790456772
12495000,2499,0.0,1.4713881015777588,-0.006784499157220125,-0.006807287223637104,4.557651118375361e-05,0.0,0.0,0.11005000025033951,0.20879998803138733,0.0210999995470047,0.0,0.0,0.0,0.10783132910728455,0.1090361475944519,0.11324404925107956
12500000,2500,0.0,1.4707434177398682,-0.004823537543416023,-0.004856399726122618,6.572431448148564e-05,0.0,0.0,0.1107499971985817,0.21040000021457672,0.01834999956190586,0.0,0.0,0.0,0.10030120611190796,0.11325301229953766,0.11860119551420212
12505000,2501,0.0,1.4741626977920532,-0.007956549525260925,-0.007985026575624943,5.695444269804284e-05,0.0,0.0,0.11144999414682388,0.2231999933719635,0.019099999219179153,0.0,0.0,0.0,0.10557229071855545,0.11174698919057846,0.11696428805589676
12510000,2502,0.0,1.4748789072036743,-0.0047571719624102116,-0.004786587320268154,5.883070843992755e-05,0.0,0.0,0.12539999186992645,0.2110999971628189,0.0239499993622303,0.0,0.0,0.0,0.11551205068826675,0.12921686470508575,0.13139881193637848
12515000,2503,0.0,1.4654988050460815,-0.006608382798731327,-0.006643772125244141,7.077864574966952e-05,0.0,0.0,0.12799999117851257,0.2141999900341034,0.020399998873472214,0.0,0.0,0.0,0.12183735519647598,0.12861445546150208,0.13348214328289032
12520000,2504,0.0,1.4738940000534058,-0.006256910972297192,-0.0062866234220564365,5.942505958955735e-05,0.0,0.0,0.12964999675750732,0.20134998857975006,0.02019999921321869,0.0,0.0,0.0,0.1257530152797699,0.13132530450820923,0.13184523582458496
12525000,2505,0.0,1.4730935096740723,-0.005572985857725143,-0.005601244512945414,5.651713581755757e-05,0.0,0.0,0.12459999322891235,0.1991499960422516,0.016049999743700027,0.0,0.0,0.0,0.11852409690618515,0.1257530152797699,0.1294642835855484
12530000,2506,0.0,1.478613018989563,-0.0063944607973098755,-0.006420507561415434,5.209371374803595e-05,0.0,0.0,0.11879999935626984,0.2020999938249588,0.017249999567866325,0.0,0.0,0.0,0.11641566455364227,0.11897590756416321,0.12098214775323868
12535000,2507,0.0,1.4710073471069336,-0.0058842315338552,-0.005918927025049925,6.939121522009373e-05,0.0,0.0,0.11904999613761902,0.20594999194145203,0.018849998712539673,0.0,0.0,0.0,0.12033132463693619,0.11942771077156067,0.11741071939468384
12540000,2508,0.0,1.4760695695877075,-0.005737085361033678,-0.005764042492955923,5.391462400439195e-05,0.0,0.0,0.11924999952316284,0.20594999194145203,0.016999999061226845,0.0,0.0,0.0,0.11325301229953766,0.11671686917543411,0.12767857313156128
12545000,2509,0.0,1.468779444694519,-0.005653162486851215,-0.005677980370819569,4.9635964387562126e-05,0.0,0.0,0.10734999924898148,0.21930000185966492,0.01964999921619892,0.0,0.0,0.0,0.10798192769289017,0.10768072307109833,0.1063988134264946
12550000,2510,0.0,1.464478850364685,-0.005414858926087618,-0.00544708501547575,6.44523388473317e-05,0.0,0.0,0.10700000077486038,0.22369998693466187,0.01899999938905239,0.0,0.0,0.0,0.10888554155826569,0.10692771524190903,0.10520833730697632
12555000,2511,0.0,1.4631876945495605,-0.007318626157939434,-0.007345579564571381,5.390670048655011e-05,0.0,0.0,0.11710000038146973,0.22074998915195465,0.013299999758601189,0.0,0.0,0.0,0.11536144465208054,0.11897590756416321,0.11696428805589676
12560000,2512,0.0,1.4715044498443604,-0.005715051665902138,-0.005738406907767057,4.6710822061868384e-05,0.0,0.0,0.13044999539852142,0.20424999296665192,0.012849999591708183,0.0,0.0,0.0,0.12831325829029083,0.13313253223896027,0.12991072237491608
12565000,2513,0.0,1.4595990180969238,-0.005915171932429075,-0.005953154526650906,7.596507202833891e-05,0.0,0.0,0.12034999579191208,0.20964999496936798,0.01939999870955944,0.0,0.0,0.0,0.12063252925872803,0.12018072605133057,0.12023810297250748
12570000,2514,0.0,1.4698759317398071,-0.006618548184633255,-0.006643899250775576,5.07024051330518e-05,0.0,0.0,0.11959999799728394,0.2003999948501587,0.017999999225139618,0.0,0.0,0.0,0.11340361833572388,0.1212349459528923,0.12410714477300644
12575000,2515,0.0,1.4800888299942017,-0.005556500982493162,-0.00558509910479188,5.719644104829058e-05,0.0,0.0,0.1221499964594841,0.20024999976158142,0.01759999990463257,0.0,0.0,0.0,0.11656627058982849,0.1272590458393097,0.12261905521154404
12580000,2516,0.0,1.4722559452056885,-0.00571413291618228,-0.005737561732530594,4.6857388952048495e-05,0.0,0.0,0.11149999499320984,0.20624999701976776,0.021800000220537186,0.0,0.0,0.0,0.11701807379722595,0.10632530599832535,0.11116071790456772
12585000,2517,0.0,1.462607502937317,-0.0090327775105834,-0.00905623845756054,4.692268339567818e-05,0.0,0.0,0.10939999669790268,0.21564999222755432,0.023649999871850014,0.0,0.0,0.0,0.10662651062011719,0.11009036004543304,0.11145833879709244
12590000,2518,0.0,1.4741473197937012,-0.006409047171473503,-0.006434259004890919,5.042352495365776e-05,0.0,0.0,0.11710000038146973,0.21344999969005585,0.021199999377131462,0.0,0.0,0.0,0.1204819306731224,0.11656627058982849,0.11428572237491608
12595000,2519,0.0,1.4853225946426392,-0.005250411108136177,-0.005274431314319372,4.8040354158729315e-05,0.0,0.0,0.1295499950647354,0.20944999158382416,0.01654999889433384,0.0,0.0,0.0,0.1287650614976883,0.1317771077156067,0.12812501192092896
12600000,2520,0.0,1.4727611541748047,-0.00759245315566659,-0.007614640519022942,4.437430834514089e-05,0.0,0.0,0.12014999985694885,0.2175000011920929,0.02419999986886978,0.0,0.0,0.0,0.12093373388051987,0.12108433991670609,0.11845238506793976
12605000,2521,0.0,1.479189395904541,-0.005360312759876251,-0.005386167671531439,5.170947770238854e-05,0.0,0.0,0.11924999952316284,0.2131499946117401,0.021900000050663948,0.0,0.0,0.0,0.12680722773075104,0.11460843682289124,0.11636905372142792
12610000,2522,0.0,1.480097770690918,-0.008096126839518547,-0.008136020042002201,7.978567737154663e-05,0.0,0.0,0.12799999117851257,0.20264999568462372,0.014049999415874481,0.0,0.0,0.0,0.12439759075641632,0.12635542452335358,0.1331845223903656
12615000,2523,0.0,1.4719815254211426,-0.004567114170640707,-0.004597029648721218,5.983093797112815e-05,0.0,0.0,0.1251000016927719,0.20499999821186066,0.018699999898672104,0.0,0.0,0.0,0.12635542452335358,0.12304217368364334,0.12589286267757416
12620000,2524,0.0,1.4724090099334717,-0.006661638151854277,-0.006687669083476067,5.2061412134207785e-05,0.0,0.0,0.12139999866485596,0.20714999735355377,0.018199998885393143,0.0,0.0,0.0,0.12108433991670609,0.11897590756416321,0.12410714477300644
12625000,2525,0.0,1.478317379951477,-0.008277527056634426,-0.008304302580654621,5.355128087103367e-05,0.0,0.0,0.12794999778270721,0.210549995303154,0.015850000083446503,0.0,0.0,0.0,0.12364458292722702,0.1317771077156067,0.12842261791229248
12630000,2526,0.0,1.4700106382369995,-0.0068776304833590984,-0.006910285912454128,6.53108800179325e-05,0.0,0.0,0.12399999797344208,0.21364998817443848,0.012899999506771564,0.0,0.0,0.0,0.12183735519647598,0.12756024301052094,0.12261905521154404
12635000,2527,0.0,1.4783086776733398,-0.00589069863781333,-0.0059187160804867744,5.6035260058706626e-05,0.0,0.0,0.11885000020265579,0.2141999900341034,0.01589999906718731,0.0,0.0,0.0,0.11912650614976883,0.12153615057468414,0.11592262238264084
12640000,2528,0.0,1.4724626541137695,-0.009169528260827065,-0.00920645147562027,7.384677155641839e-05,0.0,0.0,0.11464999616146088,0.20879998803138733,0.014299999922513962,0.0,0.0,0.0,0.1128012090921402,0.1204819306731224,0.11071428656578064
12645000,2529,0.0,1.4857759475708008,-0.007876870222389698,-0.00790457148104906,5.5401931604137644e-05,0.0,0.0,0.11759999394416809,0.21044999361038208,0.015049999579787254,0.0,0.0,0.0,0.11295180767774582,0.12018072605133057,0.11964286118745804
12650000,2530,0.0,1.4717761278152466,-0.006267415825277567,-0.006300436798483133,6.604211375815794e-05,0.0,0.0,0.1116499975323677,0.22199998795986176,0.015449999831616879,0.0,0.0,0.0,0.11250000447034836,0.11325301229953766,0.10922619700431824
12655000,2531,0.0,1.4791704416275024,-0.004140414297580719,-0.004169439431279898,5.804995817015879e-05,0.0,0.0,0.11315000057220459,0.22199998795986176,0.01850000023841858,0.0,0.0,0.0,0.11084337532520294,0.11024096608161926,0.1183035746216774
12660000,2532,0.0,1.4754393100738525,-0.0018641476053744555,-0.0018913699313998222,5.444455746328458e-05,0.0,0.0,0.10939999669790268,0.2230999916791916,0.02019999921321869,0.0,0.0,0.0,0.11460843682289124,0.10843373835086823,0.10520833730697632
12665000,2533,0.0,1.4804794788360596,-0.0034669083543121815,-0.003494017757475376,5.42190064152237e-05,0.0,0.0,0.10740000009536743,0.22374999523162842,0.018299998715519905,0.0,0.0,0.0,0.11265060305595398,0.10406626760959625,0.10550595819950104
12670000,2534,0.0,1.476267695426941,-0.008291732519865036,-0.008314631879329681,4.579913365887478e-05,0.0,0.0,0.09999999403953552,0.219650000333786,0.022049998864531517,0.0,0.0,0.0,0.10451807081699371,0.09623493999242783,0.09925595670938492
12675000,2535,0.0,1.4848493337631226,-0.0151015380397439,-0.01513708010315895,7.108353020157665e-05,0.0,0.0,0.11284999549388885,0.21674999594688416,0.01249999925494194,0.0,0.0,0.0,0.10677710920572281,0.11566264927387238,0.1160714328289032
12680000,2536,0.0,1.487238883972168,-0.008583231829106808,-0.008610835298895836,5.5207765399245545e-05,0.0,0.0,0.12319999933242798,0.21034999191761017,0.014099999330937862,0.0,0.0,0.0,0.11882530152797699,0.12620481848716736,0.12455357611179352
12685000,2537,0.0,1.4739505052566528,-0.00400309544056654,-0.004033625591546297,6.10604984103702e-05,0.0,0.0,0.12719999253749847,0.21289999783039093,0.019700000062584877,0.0,0.0,0.0,0.12243976444005966,0.1287650614976883,0.13035714626312256
12690000,2538,0.0,1.4864835739135742,-0.003986359108239412,-0.004014894831925631,5.707172749680467e-05,0.0,0.0,0.1289999932050705,0.21974998712539673,0.018149999901652336,0.0,0.0,0.0,0.12861445546150208,0.13087350130081177,0.12752977013587952
12695000,2539,0.0,1.4809424877166748,-0.007659974507987499,-0.007686771918088198,5.3594467317452654e-05,0.0,0.0,0.11704999953508377,0.22139999270439148,0.02019999921321869,0.0,0.0,0.0,0.11656627058982849,0.11716867983341217,0.11741071939468384
12700000,2540,0.0,1.4763257503509521,-0.017190374433994293,-0.017236873507499695,9.299819066654891e-05,0.0,0.0,0.11764999479055405,0.2142999917268753,0.01850000023841858,0.0,0.0,0.0,0.11822289228439331,0.12003012001514435,0.11473214626312256
12705000,2541,0.0,1.4738413095474243,-0.039604026824235916,-0.03977882117033005,0.0003495850833132863,0.0,0.0,0.11079999804496765,0.2101999968290329,0.020749999210238457,0.0,0.0,0.0,0.10346385836601257,0.1150602400302887,0.113839291036129
12710000,2542,0.0,1.4729474782943726,-0.04990193620324135,-0.050184495747089386,0.0005651221144944429,0.0,0.0,0.11524999886751175,0.20274999737739563,0.01640000008046627,0.0,0.0,0.0,0.11234939843416214,0.12078313529491425,0.11264881491661072
12715000,2543,0.0,1.4718055725097656,-0.02321838028728962,-0.02328662946820259,0.00013649860920850188,0.0,0.0,0.11959999799728394,0.19679999351501465,0.01889999955892563,0.0,0.0,0.0,0.11370482295751572,0.12560240924358368,0.11949405074119568
12720000,2544,0.0,1.473724603652954,-0.010450216941535473,-0.010480836033821106,6.123815546743572e-05,0.0,0.0,0.12639999389648438,0.19664999842643738,0.01640000008046627,0.0,0.0,0.0,0.1234939768910408,0.12168674916028976,0.133928582072258
12725000,2545,0.0,1.476251482963562,-0.01554911583662033,-0.015586590394377708,7.494911551475525e-05,0.0,0.0,0.12610000371932983,0.19689999520778656,0.01679999940097332,0.0,0.0,0.0,0.13072289526462555,0.12018072605133057,0.12738095223903656
12730000,2546,0.0,1.476278305053711,-0.02685653045773506,-0.026939019560813904,0.00016497919568791986,0.0,0.0,0.12399999797344208,0.20250000059604645,0.01795000024139881,0.0,0.0,0.0,0.11837349832057953,0.1265060305595398,0.12708333134651184
12735000,2547,0.0,1.4770296812057495,-0.04245257377624512,-0.04265761002898216,0.0004100703226868063,0.0,0.0,0.11549999564886093,0.21484999358654022,0.01759999990463257,0.0,0.0,0.0,0.1143072322010994,0.11822289228439331,0.11398810148239136
12740000,2548,0.0,1.4700456857681274,-0.0366896353662014,-0.03684514760971069,0.00031102343928068876,0.0,0.0,0.1285499930381775,0.2203499972820282,0.012899999506771564,0.0,0.0,0.0,0.1296686828136444,0.11942771077156067,0.13645833730697632
12745000,2549,0.0,1.4798508882522583,-0.01334095373749733,-0.013373867608606815,6.58285862300545e-05,0.0,0.0,0.1264999955892563,0.22055000066757202,0.014449999667704105,0.0,0.0,0.0,0.12289156764745712,0.12620481848716736,0.13035714626312256
12750000,2550,0.0,1.479801058769226,-0.0034162288065999746,-0.0034441063180565834,5.575496834353544e-05,0.0,0.0,0.12674999237060547,0.21764999628067017,0.01575000025331974,0.0,0.0,0.0,0.12379518151283264,0.13388554751873016,0.12261905521154404
12755000,2551,0.0,1.476211428642273,-0.0013352573150768876,-0.0013637265656143427,5.693844286724925e-05,0.0,0.0,0.11739999800920486,0.21040000021457672,0.018050000071525574,0.0,0.0,0.0,0.11716867983341217,0.11927711218595505,0.11577381193637848
12760000,2552,0.0,1.480149269104004,-0.0032016756013035774,-0.0032256082631647587,4.786548743140884e-05,0.0,0.0,0.11944999545812607,0.21584999561309814,0.018950000405311584,0.0,0.0,0.0,0.11490964144468307,0.12409638613462448,0.11934524029493332
12765000,2553,0.0,1.4792444705963135,-0.011922750622034073,-0.011960172094404697,7.484359230147675e-05,0.0,0.0,0.11919999867677689,0.21139998733997345,0.014149999246001244,0.0,0.0,0.0,0.12108433991670609,0.11611445993185043,0.12038690596818924
12770000,2554,0.0,1.4801464080810547,-0.02796167880296707,-0.028055943548679352,0.00018852924404200166,0.0,0.0,0.11934999376535416,0.2117999941110611,0.013100000098347664,0.0,0.0,0.0,0.11671686917543411,0.11822289228439331,0.12306547909975052
12775000,2555,0.0,1.4815447330474854,-0.037501316517591476,-0.037660129368305206,0.00031762741855345666,0.0,0.0,0.11840000003576279,0.20999999344348907,0.016699999570846558,0.0,0.0,0.0,0.11867470294237137,0.12078313529491425,0.11577381193637848
12780000,2556,0.0,1.4878287315368652,-0.023304346948862076,-0.02336816117167473,0.00012762747064698488,0.0,0.0,0.12154999375343323,0.20329999923706055,0.012749999761581421,0.0,0.0,0.0,0.1150602400302887,0.13072289526462555,0.11889881640672684
12785000,2557,0.0,1.4842685461044312,-0.008326839655637741,-0.008357700891792774,6.172238499857485e-05,0.0,0.0,0.1221499964594841,0.21014998853206635,0.013100000098347664,0.0,0.0,0.0,0.12033132463693619,0.125,0.12113095819950104
12790000,2558,0.0,1.481490969657898,-0.015768278390169144,-0.015815550461411476,9.454407700104639e-05,0.0,0.0,0.1278499960899353,0.2194499969482422,0.01915000006556511,0.0,0.0,0.0,0.12484940141439438,0.13433735072612762,0.12440476566553116
12795000,2559,0.0,1.4831007719039917,-0.02867802418768406,-0.028776613995432854,0.00019718021212611347,0.0,0.0,0.12239999324083328,0.21879999339580536,0.0139999995008111,0.0,0.0,0.0,0.11912650614976883,0.11701807379722595,0.130952388048172
12800000,2560,0.0,1.478072166442871,-0.03339757025241852,-0.03352654352784157,0.0002579493448138237,0.0,0.0,0.12039999663829803,0.22190000116825104,0.011099999770522118,0.0,0.0,0.0,0.11716867983341217,0.12213855981826782,0.12187500298023224
12805000,2561,0.0,1.4711318016052246,-0.0226038359105587,-0.022667299956083298,0.0001269287895411253,0.0,0.0,0.10529999434947968,0.22145000100135803,0.016200000420212746,0.0,0.0,0.0,0.10256024450063705,0.10045181214809418,0.11279762536287308
12810000,2562,0.0,1.4711220264434814,-0.0036925377789884806,-0.0037290023174136877,7.29290914023295e-05,0.0,0.0,0.11535000056028366,0.2333499938249588,0.0139999995008111,0.0,0.0,0.0,0.1158132553100586,0.11596386134624481,0.11428572237491608
12815000,2563,0.0,1.4819082021713257,0.004772022366523743,0.00472987350076437,8.4297927969601e-05,0.0,0.0,0.11784999817609787,0.2211499959230423,0.01589999906718731,0.0,0.0,0.0,0.11536144465208054,0.11701807379722595,0.12113095819950104
12820000,2564,0.0,1.4727859497070312,0.005839275661855936,0.005787318106740713,0.00010391517571406439,0.0,0.0,0.11445000022649765,0.21085000038146973,0.020399998873472214,0.0,0.0,0.0,0.108283132314682,0.11701807379722595,0.11800595372915268
12825000,2565,0.0,1.4645596742630005,-0.0022354023531079292,-0.002277982886880636,8.516103844158351e-05,0.0,0.0,0.11599999666213989,0.20179998874664307,0.016049999743700027,0.0,0.0,0.0,0.1158132553100586,0.10933735221624374,0.1227678582072258
12830000,2566,0.0,1.472588062286377,-0.010268562473356724,-0.010296209715306759,5.529358168132603e-05,0.0,0.0,0.11044999957084656,0.19694998860359192,0.01529999915510416,0.0,0.0,0.0,0.11159639060497284,0.11400602757930756,0.10580357909202576
12835000,2567,0.0,1.4720827341079712,-0.017336683347821236,-0.017383195459842682,9.302287799073383e-05,0.0,0.0,0.10655000060796738,0.2145499885082245,0.010300000198185444,0.0,0.0,0.0,0.11024096608161926,0.10813253372907639,0.10133928805589676
12840000,2568,0.0,1.4677163362503052,-0.017642375081777573,-0.01768333464860916,8.192002133000642e-05,0.0,0.0,0.1062999963760376,0.22254998981952667,0.016950000077486038,0.0,0.0,0.0,0.11295180767774582,0.10316265374422073,0.10282738506793976
12845000,2569,0.0,1.4690614938735962,-0.008397959172725677,-0.008425101637840271,5.428450458566658e-05,0.0,0.0,0.10254999995231628,0.23884999752044678,0.018299998715519905,0.0,0.0,0.0,0.11039157211780548,0.1028614491224289,0.0944940522313118
12850000,2570,0.0,1.4792044162750244,-0.004169711377471685,-0.004206931218504906,7.443926006089896e-05,0.0,0.0,0.11535000056028366,0.2312999963760376,0.014599999412894249,0.0,0.0,0.0,0.11807229369878769,0.1120481938123703,0.11592262238264084
12855000,2571,0.0,1.4782423973083496,-0.006309522781521082,-0.006335380952805281,5.171677912585437e-05,0.0,0.0,0.11344999819993973,0.2240999937057495,0.017999999225139618,0.0,0.0,0.0,0.11490964144468307,0.10858433693647385,0.1168154776096344
12860000,2572,0.0,1.476786494255066,-0.012842003256082535,-0.012886547483503819,8.908928430173546e-05,0.0,0.0,0.11449999362230301,0.21194998919963837,0.013199999928474426,0.0,0.0,0.0,0.10858433693647385,0.1090361475944519,0.1257440596818924
12865000,2573,0.0,1.4688057899475098,-0.017240148037672043,-0.017293332144618034,0.00010636846855049953,0.0,0.0,0.12029999494552612,0.2125999927520752,0.016300000250339508,0.0,0.0,0.0,0.11551205068826675,0.12078313529491425,0.12455357611179352
12870000,2574,0.0,1.4823747873306274,-0.022314153611660004,-0.022378256544470787,0.0001282047451240942,0.0,0.0,0.12364999949932098,0.19820000231266022,0.015650000423192978,0.0,0.0,0.0,0.11822289228439331,0.12304217368364334,0.12961310148239136
12875000,2575,0.0,1.468972086906433,-0.02474411390721798,-0.024827079847455025,0.0001659331755945459,0.0,0.0,0.125,0.20594999194145203,0.014599999412894249,0.0,0.0,0.0,0.11972891539335251,0.12560240924358368,0.12961310148239136
12880000,2576,0.0,1.4753066301345825,-0.033114008605480194,-0.03323587402701378,0.00024372906773351133,0.0,0.0,0.11624999344348907,0.22949999570846558,0.02329999953508377,0.0,0.0,0.0,0.10768072307109833,0.12033132463693619,0.12068452686071396
12885000,2577,0.0,1.468392252922058,-0.0452771820127964,-0.04550428315997124,0.00045420406968332827,0.0,0.0,0.11599999666213989,0.2348499894142151,0.014999999664723873,0.0,0.0,0.0,0.11159639060497284,0.11536144465208054,0.12098214775323868
12890000,2578,0.0,1.4775476455688477,-0.052225783467292786,-0.052533287554979324,0.0006150088156573474,0.0,0.0,0.1200999990105629,0.24159999191761017,0.015799999237060547,0.0,0.0,0.0,0.11325301229953766,0.12409638613462448,0.12291666865348816
12895000,2579,0.0,1.466644287109375,-0.031595297157764435,-0.031711023300886154,0.0002314551966264844,0.0,0.0,0.10884999483823776,0.2345999926328659,0.022299999371170998,0.0,0.0,0.0,0.10496988147497177,0.11099398136138916,0.11056548357009888
12900000,2580,0.0,1.4744569063186646,-0.006172909867018461,-0.006200296804308891,5.477378363138996e-05,0.0,0.0,0.11885000020265579,0.2248999923467636,0.0182499997317791,0.0,0.0,0.0,0.11792168766260147,0.1128012090921402,0.1257440596818924
12905000,2581,0.0,1.478752851486206,-0.0005396701744757593,-0.0005692209815606475,5.910161053179763e-05,0.0,0.0,0.12434999644756317,0.21574999392032623,0.019449999555945396,0.0,0.0,0.0,0.11852409690618515,0.12786145508289337,0.12663690745830536
12910000,2582,0.0,1.4803791046142578,-0.008709846064448357,-0.008739345706999302,5.899838652112521e-05,0.0,0.0,0.13109999895095825,0.2131499946117401,0.014449999667704105,0.0,0.0,0.0,0.12078313529491425,0.13147591054439545,0.14092262089252472
12915000,2583,0.0,1.4756898880004883,-0.01164693757891655,-0.011678079143166542,6.228267011465505e-05,0.0,0.0,0.13304999470710754,0.20995000004768372,0.017999999225139618,0.0,0.0,0.0,0.13584338128566742,0.12981927394866943,0.13348214328289032
12920000,2584,0.0,1.485121250152588,-0.012868491932749748,-0.012898976914584637,6.09706730756443e-05,0.0,0.0,0.13574999570846558,0.20604999363422394,0.015350000001490116,0.0,0.0,0.0,0.13162650167942047,0.13674698770046234,0.13883928954601288
12925000,2585,0.0,1.4760099649429321,-0.012276445515453815,-0.01231031771749258,6.774503708584234e-05,0.0,0.0,0.12489999830722809,0.2117999941110611,0.012000000104308128,0.0,0.0,0.0,0.12018072605133057,0.12560240924358368,0.12886905670166016
12930000,2586,0.0,1.475989580154419,-0.005758808925747871,-0.00578673230484128,5.5846536270109937e-05,0.0,0.0,0.11194999516010284,0.21869999170303345,0.019050000235438347,0.0,0.0,0.0,0.10737951844930649,0.11385542154312134,0.1145833358168602
12935000,2587,0.0,1.4748331308364868,-0.0023484383709728718,-0.0023738250602036715,5.0773433031281456e-05,0.0,0.0,0.09429999440908432,0.20684999227523804,0.018149999901652336,0.0,0.0,0.0,0.09277108311653137,0.09156626462936401,0.09851191192865372
12940000,2588,0.0,1.4760308265686035,-0.004398902878165245,-0.004422375466674566,4.694511881098151e-05,0.0,0.0,0.10569999366998672,0.21265000104904175,0.019299998879432678,0.0,0.0,0.0,0.10813253372907639,0.10240963846445084,0.10654762387275696
12945000,2589,0.0,1.4734306335449219,-0.009895608760416508,-0.009932463057339191,7.370910316240042e-05,0.0,0.0,0.11490000039339066,0.2044999897480011,0.020600000396370888,0.0,0.0,0.0,0.11340361833572388,0.12409638613462448,0.10729166865348816
12950000,2590,0.0,1.479864239692688,-0.013736139982938766,-0.013766973279416561,6.166632374515757e-05,0.0,0.0,0.11834999918937683,0.21044999361038208,0.016599999740719795,0.0,0.0,0.0,0.1150602400302887,0.11490964144468307,0.125
12955000,2591,0.0,1.4788745641708374,-0.013910428620874882,-0.013939812779426575,5.8768080634763464e-05,0.0,0.0,0.11539999395608902,0.21344999969005585,0.017149999737739563,0.0,0.0,0.0,0.11671686917543411,0.11701807379722595,0.11250000447034836
12960000,2592,0.0,1.4753882884979248,-0.01646297611296177,-0.016513323411345482,0.00010069629934150726,0.0,0.0,0.1148499995470047,0.22094999253749847,0.012799999676644802,0.0,0.0,0.0,0.1120481938123703,0.1097891554236412,0.12261905521154404
12965000,2593,0.0,1.4810785055160522,-0.014659606851637363,-0.014693726785480976,6.823966396041214e-05,0.0,0.0,0.11934999376535416,0.20879998803138733,0.012199999764561653,0.0,0.0,0.0,0.11731927841901779,0.11897590756416321,0.12172619253396988
12970000,2594,0.0,1.4755253791809082,-0.009035082533955574,-0.009060890413820744,5.1616465498227626e-05,0.0,0.0,0.11914999783039093,0.2024499922990799,0.014049999415874481,0.0,0.0,0.0,0.11777108907699585,0.12228915840387344,0.11741071939468384
12975000,2595,0.0,1.4794219732284546,-0.00875122845172882,-0.008775494061410427,4.8531834181630984e-05,0.0,0.0,0.11604999750852585,0.2009499967098236,0.020649999380111694,0.0,0.0,0.0,0.11159639060497284,0.11777108907699585,0.11875000596046448
12980000,2596,0.0,1.4854539632797241,-0.01273262593895197,-0.01276453211903572,6.381254934240133e-05,0.0,0.0,0.12029999494552612,0.20629999041557312,0.015599999576807022,0.0,0.0,0.0,0.1158132553100586,0.1227409690618515,0.12232143431901932
12985000,2597,0.0,1.4728842973709106,-0.02228332683444023,-0.022341281175613403,0.0001159081220976077,0.0,0.0,0.12524999678134918,0.2037999927997589,0.016999999061226845,0.0,0.0,0.0,0.11641566455364227,0.1296686828136444,0.12961310148239136
12990000,2598,0.0,1.4748462438583374,-0.04066166281700134,-0.04083998501300812,0.0003566429077181965,0.0,0.0,0.1274999976158142,0.2001499980688095,0.020899999886751175,0.0,0.0,0.0,0.12695783376693726,0.12454819679260254,0.130952388048172
12995000,2599,0.0,1.4882934093475342,-0.04529377445578575,-0.045521847903728485,0.00045614680857397616,0.0,0.0,0.1327499896287918,0.1936499923467636,0.011249999515712261,0.0,0.0,0.0,0.1257530152797699,0.1356927752494812,0.13675595819950104
13000000,2600,0.0,1.4833976030349731,-0.015602168627083302,-0.015642626211047173,8.09146513347514e-05,0.0,0.0,0.12559999525547028,0.21299999952316284,0.011500000022351742,0.0,0.0,0.0,0.11671686917543411,0.12680722773075104,0.1331845223903656
13005000,2601,0.0,1.4733452796936035,0.010928849689662457,0.010863268747925758,0.00013116149057168514,0.0,0.0,0.12129999697208405,0.22129999101161957,0.01850000023841858,0.0,0.0,0.0,0.11716867983341217,0.1227409690618515,0.12395834177732468
13010000,2602,0.0,1.4814770221710205,-0.0055376384407281876,-0.0055680363439023495,6.079550803406164e-05,0.0,0.0,0.12209999561309814,0.22269999980926514,0.00989999994635582,0.0,0.0,0.0,0.11867470294237137,0.12695783376693726,0.12068452686071396
13015000,2603,0.0,1.4664855003356934,-0.021004660055041313,-0.021061962470412254,0.00011460606765467674,0.0,0.0,0.11274999380111694,0.22049999237060547,0.01759999990463257,0.0,0.0,0.0,0.10948795080184937,0.11611445993185043,0.11264881491661072
13020000,2604,0.0,1.4787614345550537,-0.006441920064389706,-0.006474245339632034,6.465063779614866e-05,0.0,0.0,0.10984999686479568,0.218299999833107,0.014750000089406967,0.0,0.0,0.0,0.10768072307109833,0.10677710920572281,0.11502976715564728
13025000,2605,0.0,1.4715632200241089,0.00218459265306592,0.002149140927940607,7.090333383530378e-05,0.0,0.0,0.11969999969005585,0.21274998784065247,0.015249999240040779,0.0,0.0,0.0,0.11641566455364227,0.11852409690618515,0.12410714477300644
13030000,2606,0.0,1.4714419841766357,-0.003997370135039091,-0.004020826891064644,4.691346475738101e-05,0.0,0.0,0.12655000388622284,0.20884999632835388,0.015049999579787254,0.0,0.0,0.0,0.12771084904670715,0.12710843980312347,0.12485119700431824
13035000,2607,0.0,1.4802104234695435,-0.011365349404513836,-0.011393052525818348,5.540607889997773e-05,0.0,0.0,0.12735000252723694,0.21169999241828918,0.016899999231100082,0.0,0.0,0.0,0.12033132463693619,0.1287650614976883,0.13288691639900208
13040000,2608,0.0,1.4870727062225342,-0.021776538342237473,-0.021828453987836838,0.00010383050539530814,0.0,0.0,0.1342500001192093,0.21525000035762787,0.018449999392032623,0.0,0.0,0.0,0.12906627357006073,0.13750000298023224,0.1361607164144516
13045000,2609,0.0,1.4914605617523193,-0.035006389021873474,-0.03513682633638382,0.00026087454170919955,0.0,0.0,0.12244999408721924,0.2175000011920929,0.016750000417232513,0.0,0.0,0.0,0.11972891539335251,0.12439759075641632,0.12321428954601288
13050000,2610,0.0,1.4807683229446411,-0.03407800942659378,-0.0342024490237236,0.0002488825120963156,0.0,0.0,0.1111999973654747,0.20269998908042908,0.018699999898672104,0.0,0.0,0.0,0.11340361833572388,0.10783132910728455,0.112351194024086
13055000,2611,0.0,1.4872831106185913,-0.02867105044424534,-0.028760161250829697,0.00017822028894443065,0.0,0.0,0.1189499944448471,0.1947999894618988,0.01614999957382679,0.0,0.0,0.0,0.11942771077156067,0.11792168766260147,0.11949405074119568
13060000,2612,0.0,1.4807885885238647,-0.031549617648124695,-0.03166047856211662,0.00022172006720211357,0.0,0.0,0.12299999594688416,0.2081499993801117,0.019600000232458115,0.0,0.0,0.0,0.11972891539335251,0.12364458292722702,0.12559524178504944
13065000,2613,0.0,1.4754053354263306,-0.03481920808553696,-0.03495156764984131,0.00026471729506738484,0.0,0.0,0.11639999598264694,0.21869999170303345,0.020499998703598976,0.0,0.0,0.0,0.11445783078670502,0.1158132553100586,0.11889881640672684
13070000,2614,0.0,1.4735031127929688,-0.026356473565101624,-0.026434404775500298,0.0001558635412948206,0.0,0.0,0.1123499944806099,0.2235499918460846,0.019999999552965164,0.0,0.0,0.0,0.11385542154312134,0.11460843682289124,0.1086309552192688
13075000,2615,0.0,1.4753341674804688,-0.010320792905986309,-0.01034596562385559,5.034544301452115e-05,0.0,0.0,0.11409999430179596,0.22949999570846558,0.01484999991953373,0.0,0.0,0.0,0.10843373835086823,0.11490964144468307,0.11889881640672684
13080000,2616,0.0,1.4708738327026367,7.622682460350916e-05,4.717837509815581e-05,5.8096895372727886e-05,0.0,0.0,0.12014999985694885,0.23304998874664307,0.014049999415874481,0.0,0.0,0.0,0.11611445993185043,0.12394578754901886,0.12038690596818924
13085000,2617,0.0,1.4768404960632324,-0.0038447221741080284,-0.0038683698512613773,4.7295281547121704e-05,0.0,0.0,0.12269999831914902,0.21834999322891235,0.01599999889731407,0.0,0.0,0.0,0.11822289228439331,0.11912650614976883,0.13065476715564728
13090000,2618,0.0,1.481638789176941,-0.010949251241981983,-0.01097368635237217,4.887042450718582e-05,0.0,0.0,0.13109999895095825,0.19339999556541443,0.01529999915510416,0.0,0.0,0.0,0.13283133506774902,0.13539156317710876,0.12514881789684296
13095000,2619,0.0,1.477910041809082,-0.01902838423848152,-0.019077256321907043,9.774343925528228e-05,0.0,0.0,0.11885000020265579,0.18959999084472656,0.016349999234080315,0.0,0.0,0.0,0.11686747521162033,0.12228915840387344,0.11741071939468384
13100000,2620,0.0,1.478901743888855,-0.023914963006973267,-0.023978011682629585,0.0001260985736735165,0.0,0.0,0.11384999752044678,0.19679999351501465,0.015449999831616879,0.0,0.0,0.0,0.10466867685317993,0.12665662169456482,0.11026786267757416
13105000,2621,0.0,1.4651782512664795,-0.02004271373152733,-0.020092608407139778,9.97900715447031e-05,0.0,0.0,0.11309999972581863,0.21719999611377716,0.02019999921321869,0.0,0.0,0.0,0.1090361475944519,0.11671686917543411,0.11354167014360428
13110000,2622,0.0,1.4833354949951172,-0.017450198531150818,-0.017489885911345482,7.937580812722445e-05,0.0,0.0,0.1180499941110611,0.21564999222755432,0.015199999324977398,0.0,0.0,0.0,0.11852409690618515,0.12319277226924896,0.11250000447034836
13115000,2623,0.0,1.4868780374526978,-0.009888902306556702,-0.009919066913425922,6.032986493664794e-05,0.0,0.0,0.11840000003576279,0.20674999058246613,0.014399999752640724,0.0,0.0,0.0,0.11731927841901779,0.11822289228439331,0.11964286118745804
13120000,2624,0.0,1.4799000024795532,-0.010903775691986084,-0.010934002697467804,6.045371628715657e-05,0.0,0.0,0.1180499941110611,0.19839999079704285,0.013150000013411045,0.0,0.0,0.0,0.11551205068826675,0.11460843682289124,0.12395834177732468
13125000,2625,0.0,1.484360933303833,-0.01733064278960228,-0.0173695869743824,7.78890389483422e-05,0.0,0.0,0.11374999582767487,0.19539999961853027,0.013799999840557575,0.0,0.0,0.0,0.10888554155826569,0.10948795080184937,0.1227678582072258
13130000,2626,0.0,1.4836399555206299,-0.015052277594804764,-0.015085180290043354,6.580579065484926e-05,0.0,0.0,0.1189499944448471,0.20399999618530273,0.017400000244379044,0.0,0.0,0.0,0.11039157211780548,0.12394578754901886,0.12247024476528168
13135000,2627,0.0,1.475092887878418,-0.009187823161482811,-0.009218567050993443,6.14874588791281e-05,0.0,0.0,0.12825000286102295,0.2061999887228012,0.0170499999076128,0.0,0.0,0.0,0.12033132463693619,0.1302710920572281,0.13407738506793976
13140000,2628,0.0,1.4878394603729248,-0.002690192312002182,-0.00271542533300817,5.0466100219637156e-05,0.0,0.0,0.13544999063014984,0.19974999129772186,0.01614999957382679,0.0,0.0,0.0,0.1295180767774582,0.13298192620277405,0.14375001192092896
13145000,2629,0.0,1.4713594913482666,-1.7759342881618068e-05,-4.886186070507392e-05,6.220503564691171e-05,0.0,0.0,0.12069999426603317,0.21525000035762787,0.024550000205636024,0.0,0.0,0.0,0.12484940141439438,0.11596386134624481,0.1212797686457634
13150000,2630,0.0,1.4801570177078247,0.0006386805907823145,0.0006072004907764494,6.296024366747588e-05,0.0,0.0,0.11959999799728394,0.22214999794960022,0.022949999198317528,0.0,0.0,0.0,0.1128012090921402,0.12213855981826782,0.12380953133106232
13155000,2631,0.0,1.4827028512954712,-0.0032171672210097313,-0.0032438007183372974,5.326679820427671e-05,0.0,0.0,0.11964999884366989,0.22074998915195465,0.01425000000745058,0.0,0.0,0.0,0.11912650614976883,0.11972891539335251,0.12008929252624512
13160000,2632,0.0,1.4813168048858643,-0.008685934357345104,-0.008710711263120174,4.955465919920243e-05,0.0,0.0,0.11559999734163284,0.22394999861717224,0.01209999993443489,0.0,0.0,0.0,0.11265060305595398,0.11385542154312134,0.12023810297250748
13165000,2633,0.0,1.4847724437713623,-0.010078026913106441,-0.010104451328516006,5.284942744765431e-05,0.0,0.0,0.1132499948143959,0.22325000166893005,0.015449999831616879,0.0,0.0,0.0,0.10677710920572281,0.11852409690618515,0.11443452537059784
13170000,2634,0.0,1.4843165874481201,-0.01838035322725773,-0.018427593633532524,9.448051423532888e-05,0.0,0.0,0.11654999852180481,0.20969998836517334,0.017549999058246613,0.0,0.0,0.0,0.11716867983341217,0.11385542154312134,0.11860119551420212
13175000,2635,0.0,1.482695460319519,-0.04045978561043739,-0.04063306003808975,0.0003465484478510916,0.0,0.0,0.12429999560117722,0.21119999885559082,0.021900000050663948,0.0,0.0,0.0,0.1204819306731224,0.12635542452335358,0.12604166567325592
13180000,2636,0.0,1.4801621437072754,-0.09998981654644012,-0.10116316378116608,0.002346690744161606,0.0,0.0,0.11599999666213989,0.20170000195503235,0.019700000062584877,0.0,0.0,0.0,0.11234939843416214,0.11370482295751572,0.12187500298023224
13185000,2637,0.0,1.482667326927185,-0.10763178765773773,-0.10900925099849701,0.0027549215592443943,0.0,0.0,0.1224999949336052,0.19789999723434448,0.01899999938905239,0.0,0.0,0.0,0.1135542169213295,0.13012048602104187,0.12380953133106232
13190000,2638,0.0,1.4780123233795166,0.07332118600606918,0.07250966131687164,0.0016230513574555516,0.0,0.0,0.1099499985575676,0.21854999661445618,0.013549999333918095,0.0,0.0,0.0,0.111295185983181,0.10120481997728348,0.11726190894842148
13195000,2639,0.0,1.472483515739441,-0.026954568922519684,-0.02703646756708622,0.00016379758017137647,0.0,0.0,0.10769999772310257,0.21869999170303345,0.01785000041127205,0.0,0.0,0.0,0.1013554260134697,0.11219879984855652,0.10952381044626236
13200000,2640,0.0,1.483074426651001,-0.016520218923687935,-0.01657477766275406,0.00010911829303950071,0.0,0.0,0.11384999752044678,0.20565000176429749,0.014149999246001244,0.0,0.0,0.0,0.10421686619520187,0.11234939843416214,0.12485119700431824
13205000,2641,0.0,1.4832425117492676,0.017891256138682365,0.017767632380127907,0.00024724655668251216,0.0,0.0,0.1180499941110611,0.20829999446868896,0.013949999585747719,0.0,0.0,0.0,0.11295180767774582,0.11490964144468307,0.12619048357009888
13210000,2642,0.0,1.4712796211242676,-0.03654462844133377,-0.03670554235577583,0.00032183152507059276,0.0,0.0,0.11749999970197678,0.21424999833106995,0.014999999664723873,0.0,0.0,0.0,0.11370482295751572,0.11415662616491318,0.12455357611179352
13215000,2643,0.0,1.4833461046218872,0.020607464015483856,0.02048570290207863,0.0002435228816466406,0.0,0.0,0.11914999783039093,0.20304998755455017,0.016099998727440834,0.0,0.0,0.0,0.11521084606647491,0.11415662616491318,0.127976194024086
13220000,2644,0.0,1.480931043624878,-0.025690734386444092,-0.0257625263184309,0.00014358205953612924,0.0,0.0,0.12105000019073486,0.21644999086856842,0.018799999728798866,0.0,0.0,0.0,0.11731927841901779,0.11987952142953873,0.12589286267757416
13225000,2645,0.0,1.482222080230713,0.008132043294608593,0.008079001680016518,0.00010608288721414283,0.0,0.0,0.11759999394416809,0.22039999067783356,0.017899999395012856,0.0,0.0,0.0,0.11490964144468307,0.11897590756416321,0.11889881640672684
13230000,2646,0.0,1.4837260246276855,-0.017572548240423203,-0.01761258766055107,8.007839642232284e-05,0.0,0.0,0.11535000056028366,0.2287999987602234,0.016049999743700027,0.0,0.0,0.0,0.10737951844930649,0.11897590756416321,0.11964286118745804
13235000,2647,0.0,1.4776933193206787,-0.00017280525935348123,-0.00020084294374100864,5.6075379688991234e-05,0.0,0.0,0.10814999788999557,0.22419999539852142,0.022599998861551285,0.0,0.0,0.0,0.10963855683803558,0.10617469996213913,0.1086309552192688
13240000,2648,0.0,1.4784810543060303,-0.010397404432296753,-0.010427676141262054,6.054358891560696e-05,0.0,0.0,0.11569999903440475,0.21504999697208405,0.020250000059604645,0.0,0.0,0.0,0.1143072322010994,0.11566264927387238,0.11711309850215912
13245000,2649,0.0,1.4847692251205444,-0.004471892490983009,-0.0044953529722988605,4.6921297325752676e-05,0.0,0.0,0.11584999412298203,0.20809999108314514,0.01145000010728836,0.0,0.0,0.0,0.12033132463693619,0.11445783078670502,0.11279762536287308
13250000,2650,0.0,1.4874298572540283,-0.006814701948314905,-0.006836297456175089,4.319139043218456e-05,0.0,0.0,0.1050499975681305,0.21040000021457672,0.013049999251961708,0.0,0.0,0.0,0.10933735221624374,0.10527108609676361,0.10059524327516556
13255000,2651,0.0,1.4838439226150513,-0.007988153025507927,-0.008014481514692307,5.2657604101113975e-05,0.0,0.0,0.11189999431371689,0.22134999930858612,0.014099999330937862,0.0,0.0,0.0,0.1128012090921402,0.11340361833572388,0.10952381044626236
13260000,2652,0.0,1.4739904403686523,-0.001981712644919753,-0.0020070525351911783,5.0679991545621306e-05,0.0,0.0,0.11524999886751175,0.22744999825954437,0.011949999257922173,0.0,0.0,0.0,0.1120481938123703,0.11310241371393204,0.1205357164144516
13265000,2653,0.0,1.4787213802337646,-0.009470833465456963,-0.009500796906650066,5.992654405417852e-05,0.0,0.0,0.11749999970197678,0.21754999458789825,0.014349999837577343,0.0,0.0,0.0,0.11475903540849686,0.12213855981826782,0.11562500149011612
13270000,2654,0.0,1.4820789098739624,-0.0029831938445568085,-0.0030081842560321093,4.9980626499745995e-05,0.0,0.0,0.12719999253749847,0.21894998848438263,0.013949999585747719,0.0,0.0,0.0,0.12831325829029083,0.12846386432647705,0.12485119700431824
13275000,2655,0.0,1.4762893915176392,-0.010675139725208282,-0.010704560205340385,5.8841884310822934e-05,0.0,0.0,0.1127999946475029,0.2171499878168106,0.018799999728798866,0.0,0.0,0.0,0.10316265374422073,0.11174698919057846,0.12336309999227524
13280000,2656,0.0,1.4900190830230713,-0.0018872382352128625,-0.001911561586894095,4.864676884608343e-05,0.0,0.0,0.1197500005364418,0.21549999713897705,0.01575000025331974,0.0,0.0,0.0,0.12228915840387344,0.12394578754901886,0.1130952388048172
13285000,2657,0.0,1.4912946224212646,-0.010636135935783386,-0.010661196894943714,5.012264591641724e-05,0.0,0.0,0.12325000017881393,0.20009998977184296,0.013549999333918095,0.0,0.0,0.0,0.12259036302566528,0.12906627357006073,0.11815476417541504
13290000,2658,0.0,1.4798495769500732,-0.003094225889071822,-0.003115567611530423,4.268364136805758e-05,0.0,0.0,0.12004999816417694,0.1952499896287918,0.015949999913573265,0.0,0.0,0.0,0.12003012001514435,0.12304217368364334,0.11711309850215912
13295000,2659,0.0,1.4829095602035522,-0.00813352596014738,-0.008160757832229137,5.4463504056911916e-05,0.0,0.0,0.11744999885559082,0.20694999396800995,0.012999999336898327,0.0,0.0,0.0,0.12003012001514435,0.11746988445520401,0.11488095670938492
13300000,2660,0.0,1.4755542278289795,-0.0051012830808758736,-0.005124662537127733,4.675902164308354e-05,0.0,0.0,0.11584999412298203,0.20389999449253082,0.01744999922811985,0.0,0.0,0.0,0.10918674618005753,0.11867470294237137,0.11964286118745804
13305000,2661,0.0,1.484010100364685,-0.006592768710106611,-0.006614703219383955,4.386903310660273e-05,0.0,0.0,0.11499999463558197,0.20234999060630798,0.014299999922513962,0.0,0.0,0.0,0.11701807379722595,0.11250000447034836,0.11547619849443436
13310000,2662,0.0,1.4899977445602417,-0.0057358224876224995,-0.0057602012529969215,4.8757970944279805e-05,0.0,0.0,0.12529999017715454,0.21644999086856842,0.011500000022351742,0.0,0.0,0.0,0.12289156764745712,0.11882530152797699,0.13407738506793976
13315000,2663,0.0,1.4788074493408203,-0.005406623240560293,-0.00542793795466423,4.262959191692062e-05,0.0,0.0,0.11474999785423279,0.21899999678134918,0.016200000420212746,0.0,0.0,0.0,0.11009036004543304,0.11611445993185043,0.11800595372915268
13320000,2664,0.0,1.4828671216964722,-0.006799872033298016,-0.006829650141298771,5.955663800705224e-05,0.0,0.0,0.11864999681711197,0.2204499989748001,0.011799999512732029,0.0,0.0,0.0,0.1105421707034111,0.1295180767774582,0.11592262238264084
13325000,2665,0.0,1.4830371141433716,-0.0052983518689870834,-0.005322087090462446,4.747045386466198e-05,0.0,0.0,0.11299999803304672,0.21265000104904175,0.011949999257922173,0.0,0.0,0.0,0.11475903540849686,0.1128012090921402,0.11145833879709244
13330000,2666,0.0,1.4838138818740845,-0.0072224629111588,-0.0072452351450920105,4.554436236503534e-05,0.0,0.0,0.11259999871253967,0.20729999244213104,0.014399999752640724,0.0,0.0,0.0,0.11626506596803665,0.11084337532520294,0.11071428656578064
13335000,2667,0.0,1.4831125736236572,-0.004887509159743786,-0.004906774964183569,3.853182352031581e-05,0.0,0.0,0.1111999973654747,0.2137499898672104,0.01614999957382679,0.0,0.0,0.0,0.11490964144468307,0.1105421707034111,0.10818453133106232
13340000,2668,0.0,1.4888635873794556,-0.007838910445570946,-0.007860274985432625,4.2728654079837725e-05,0.0,0.0,0.10974999517202377,0.20809999108314514,0.015049999579787254,0.0,0.0,0.0,0.11024096608161926,0.10602410137653351,0.11294643580913544
13345000,2669,0.0,1.4901269674301147,-0.005313095636665821,-0.005336984992027283,4.777903814101592e-05,0.0,0.0,0.11604999750852585,0.20694999396800995,0.014999999664723873,0.0,0.0,0.0,0.1120481938123703,0.11987952142953873,0.11622024327516556
13350000,2670,0.0,1.487460732460022,-0.005664022173732519,-0.005685837473720312,4.363057087175548e-05,0.0,0.0,0.11844999343156815,0.21819999814033508,0.016499999910593033,0.0,0.0,0.0,0.10557229071855545,0.12003012001514435,0.12961310148239136
13355000,2671,0.0,1.4912093877792358,-0.00757715804502368,-0.007599877193570137,4.5438344386639073e-05,0.0,0.0,0.12389999628067017,0.2235499918460846,0.017799999564886093,0.0,0.0,0.0,0.11716867983341217,0.12213855981826782,0.13229167461395264
13360000,2672,0.0,1.4675801992416382,-0.007531726732850075,-0.007562974467873573,6.24952299403958e-05,0.0,0.0,0.12139999866485596,0.22829999029636383,0.02214999869465828,0.0,0.0,0.0,0.11144578456878662,0.11626506596803665,0.13630953431129456
13365000,2673,0.0,1.4859693050384521,-0.009546426124870777,-0.00957345962524414,5.406724085332826e-05,0.0,0.0,0.12789998948574066,0.2238999903202057,0.015399999916553497,0.0,0.0,0.0,0.1234939768910408,0.1317771077156067,0.12842261791229248
13370000,2674,0.0,1.4871113300323486,-0.005927575286477804,-0.0059505910612642765,4.603126217261888e-05,0.0,0.0,0.12044999748468399,0.20819999277591705,0.014449999667704105,0.0,0.0,0.0,0.11912650614976883,0.12078313529491425,0.12142857909202576
13375000,2675,0.0,1.4875916242599487,-0.006660267245024443,-0.006682578008621931,4.462142533157021e-05,0.0,0.0,0.11099999397993088,0.2089499980211258,0.018299998715519905,0.0,0.0,0.0,0.1028614491224289,0.11611445993185043,0.11398810148239136
13380000,2676,0.0,1.4832812547683716,-0.009143231436610222,-0.009166184812784195,4.5905904698884115e-05,0.0,0.0,0.11800000071525574,0.21754999458789825,0.01575000025331974,0.0,0.0,0.0,0.11295180767774582,0.12409638613462448,0.11696428805589676
13385000,2677,0.0,1.4843034744262695,-0.005904698744416237,-0.005926853511482477,4.430946137290448e-05,0.0,0.0,0.11559999734163284,0.21369999647140503,0.015350000001490116,0.0,0.0,0.0,0.11340361833572388,0.11445783078670502,0.11889881640672684
13390000,2678,0.0,1.4803968667984009,-0.006434811279177666,-0.006461075507104397,5.2528161177178845e-05,0.0,0.0,0.11149999499320984,0.22809998691082,0.01640000008046627,0.0,0.0,0.0,0.1036144569516182,0.11867470294237137,0.11220238357782364
13395000,2679,0.0,1.4813339710235596,-0.010156260803341866,-0.010181652382016182,5.078239337308332e-05,0.0,0.0,0.10999999940395355,0.21774999797344208,0.01889999955892563,0.0,0.0,0.0,0.11340361833572388,0.11295180767774582,0.10372024029493332
13400000,2680,0.0,1.4798583984375,-0.007713493425399065,-0.007742900867015123,5.88148323004134e-05,0.0,0.0,0.10554999858140945,0.2125999927520752,0.01809999905526638,0.0,0.0,0.0,0.09849397838115692,0.10768072307109833,0.11041667312383652
13405000,2681,0.0,1.4925342798233032,-0.005608865991234779,-0.005635382141917944,5.303210491547361e-05,0.0,0.0,0.11524999886751175,0.21804998815059662,0.01489999983459711,0.0,0.0,0.0,0.11852409690618515,0.1128012090921402,0.11443452537059784
13410000,2682,0.0,1.4868220090866089,-0.007174126338213682,-0.0071998946368694305,5.153659367351793e-05,0.0,0.0,0.1200999990105629,0.2150999903678894,0.014149999246001244,0.0,0.0,0.0,0.11912650614976883,0.11822289228439331,0.12291666865348816
13415000,2683,0.0,1.4872993230819702,-0.009681763127446175,-0.009704189375042915,4.4851971324533224e-05,0.0,0.0,0.1160999983549118,0.21249999105930328,0.014399999752640724,0.0,0.0,0.0,0.10858433693647385,0.12364458292722702,0.1160714328289032
13420000,2684,0.0,1.4863908290863037,-0.006905900780111551,-0.006931793875992298,5.178649735171348e-05,0.0,0.0,0.12204999476671219,0.21344999969005585,0.011349999345839024,0.0,0.0,0.0,0.11536144465208054,0.13072289526462555,0.12008929252624512
13425000,2685,0.0,1.4832115173339844,-0.006448563653975725,-0.006472273264080286,4.7418830945389345e-05,0.0,0.0,0.1241999939084053,0.210099995136261,0.0142000000923872,0.0,0.0,0.0,0.11731927841901779,0.1158132553100586,0.13928571343421936
13430000,2686,0.0,1.4750317335128784,-0.0066078901290893555,-0.006633024197071791,5.026805229135789e-05,0.0,0.0,0.12860000133514404,0.21169999241828918,0.016699999570846558,0.0,0.0,0.0,0.12590362131595612,0.13298192620277405,0.12693452835083008
13435000,2687,0.0,1.4825462102890015,-0.0052079069428145885,-0.005231370683759451,4.6927725634304807e-05,0.0,0.0,0.13224999606609344,0.20634999871253967,0.010849999263882637,0.0,0.0,0.0,0.1302710920572281,0.1364457905292511,0.13005952537059784
13440000,2688,0.0,1.4793701171875,-0.008183403871953487,-0.00820776168256998,4.871548662777059e-05,0.0,0.0,0.12004999816417694,0.21769998967647552,0.016899999231100082,0.0,0.0,0.0,0.1143072322010994,0.11777108907699585,0.127976194024086
13445000,2689,0.0,1.4861294031143188,-0.00794054102152586,-0.007971598766744137,6.211615982465446e-05,0.0,0.0,0.11889999359846115,0.21599999070167542,0.013150000013411045,0.0,0.0,0.0,0.10948795080184937,0.11671686917543411,0.13035714626312256
13450000,2690,0.0,1.4857648611068726,-0.003855803981423378,-0.003879162482917309,4.671723218052648e-05,0.0,0.0,0.10499999672174454,0.2292499989271164,0.013499999418854713,0.0,0.0,0.0,0.1028614491224289,0.10843373835086823,0.10372024029493332
13455000,2691,0.0,1.4849135875701904,-0.005642999429255724,-0.005670405458658934,5.4811869631521404e-05,0.0,0.0,0.11099999397993088,0.2252499908208847,0.013899999670684338,0.0,0.0,0.0,0.11415662616491318,0.10813253372907639,0.11071428656578064
13460000,2692,0.0,1.4848819971084595,-0.008566202595829964,-0.008587643504142761,4.2881762055912986e-05,0.0,0.0,0.11005000025033951,0.21734999120235443,0.013399999588727951,0.0,0.0,0.0,0.10737951844930649,0.11219879984855652,0.11056548357009888
13465000,2693,0.0,1.4837708473205566,-0.008992531336843967,-0.009021103382110596,5.7143446611007676e-05,0.0,0.0,0.12174999713897705,0.20149999856948853,0.0139999995008111,0.0,0.0,0.0,0.11686747521162033,0.12364458292722702,0.12470238655805588
13470000,2694,0.0,1.481669306755066,-0.013841533102095127,-0.013871788047254086,6.051001400919631e-05,0.0,0.0,0.12034999579191208,0.2133999913930893,0.012899999506771564,0.0,0.0,0.0,0.11626506596803665,0.11837349832057953,0.12633928656578064
13475000,2695,0.0,1.4757291078567505,-0.023145973682403564,-0.023205038160085678,0.00011812778393505141,0.0,0.0,0.12415000051259995,0.22094999253749847,0.017799999564886093,0.0,0.0,0.0,0.13162650167942047,0.12515060603618622,0.11577381193637848
13480000,2696,0.0,1.4767807722091675,-0.02650328166782856,-0.026582827791571617,0.00015909085050225258,0.0,0.0,0.12195000052452087,0.22104999423027039,0.018549999222159386,0.0,0.0,0.0,0.11867470294237137,0.1257530152797699,0.12142857909202576
13485000,2697,0.0,1.4843435287475586,-0.018369372934103012,-0.018419424071907997,0.00010010082769440487,0.0,0.0,0.13079999387264252,0.20115000009536743,0.007449999917298555,0.0,0.0,0.0,0.11882530152797699,0.1432228982448578,0.13035714626312256
13490000,2698,0.0,1.4883766174316406,-0.006331892218440771,-0.0063533359207212925,4.2887655581580475e-05,0.0,0.0,0.12919999659061432,0.20479999482631683,0.012149999849498272,0.0,0.0,0.0,0.1319277137517929,0.1265060305595398,0.12916667759418488
13495000,2699,0.0,1.4848263263702393,-0.002249865559861064,-0.002271654549986124,4.357778743724339e-05,0.0,0.0,0.1257999986410141,0.21149998903274536,0.012000000104308128,0.0,0.0,0.0,0.12243976444005966,0.13147591054439545,0.1235119104385376
13500000,2700,0.0,1.4816961288452148,-0.008528013713657856,-0.008551053702831268,4.6080505853751674e-05,0.0,0.0,0.1152999997138977,0.22544999420642853,0.012799999676644802,0.0,0.0,0.0,0.11219879984855652,0.11219879984855652,0.12142857909202576
13505000,2701,0.0,1.485243558883667,-0.008011898025870323,-0.008034034632146358,4.427281965035945e-05,0.0,0.0,0.11824999749660492,0.22209998965263367,0.011349999345839024,0.0,0.0,0.0,0.11912650614976883,0.11867470294237137,0.11696428805589676
13510000,2702,0.0,1.4794384241104126,-0.002433554735034704,-0.002459143055602908,5.11768703290727e-05,0.0,0.0,0.11844999343156815,0.2207999974489212,0.010900000110268593,0.0,0.0,0.0,0.11942771077156067,0.11219879984855652,0.12366072088479996
13515000,2703,0.0,1.4903484582901,-0.008331205695867538,-0.008351522497832775,4.0634084143675864e-05,0.0,0.0,0.12304999679327011,0.2098499983549118,0.010199999436736107,0.0,0.0,0.0,0.11822289228439331,0.12259036302566528,0.12827381491661072
13520000,2704,0.0,1.4927597045898438,-0.015169086866080761,-0.01520176324993372,6.53525348752737e-05,0.0,0.0,0.12754999101161957,0.1984499990940094,0.009499999694526196,0.0,0.0,0.0,0.13403615355491638,0.1289156675338745,0.1197916716337204
13525000,2705,0.0,1.4813657999038696,-0.023954784497618675,-0.024014929309487343,0.00012028846686007455,0.0,0.0,0.11769999563694,0.19904999434947968,0.021549999713897705,0.0,0.0,0.0,0.11521084606647491,0.12289156764745712,0.11502976715564728
13530000,2706,0.0,1.4885213375091553,-0.0417177714407444,-0.04190202057361603,0.00036850079777650535,0.0,0.0,0.121799997985363,0.19949999451637268,0.011349999345839024,0.0,0.0,0.0,0.11295180767774582,0.12996987998485565,0.12247024476528168
13535000,2707,0.0,1.49070143699646,-0.04994736239314079,-0.05021608620882034,0.0005374501924961805,0.0,0.0,0.11599999666213989,0.2101999968290329,0.017649998888373375,0.0,0.0,0.0,0.10873494297266006,0.12078313529491425,0.11845238506793976
13540000,2708,0.0,1.490240454673767,-0.03323020786046982,-0.03334730118513107,0.00023418647469952703,0.0,0.0,0.11169999837875366,0.22224999964237213,0.015199999324977398,0.0,0.0,0.0,0.10256024450063705,0.1143072322010994,0.11815476417541504
13545000,2709,0.0,1.4870429039001465,-0.01716330647468567,-0.01720747910439968,8.83458269527182e-05,0.0,0.0,0.11009999364614487,0.2186499983072281,0.013449999503791332,0.0,0.0,0.0,0.10045181214809418,0.11445783078670502,0.115327388048172
13550000,2710,0.0,1.4818129539489746,-0.018197843804955482,-0.018249884247779846,0.00010408186790300533,0.0,0.0,0.11400000005960464,0.22519999742507935,0.014049999415874481,0.0,0.0,0.0,0.11234939843416214,0.11325301229953766,0.11636905372142792
13555000,2711,0.0,1.489238977432251,-0.02671855315566063,-0.0268001276999712,0.00016314808453898877,0.0,0.0,0.12745000422000885,0.23154999315738678,0.011099999770522118,0.0,0.0,0.0,0.12484940141439438,0.125,0.1324404776096344
13560000,2712,0.0,1.483622431755066,-0.027812670916318893,-0.027898821979761124,0.00017230349476449192,0.0,0.0,0.1225999966263771,0.21149998903274536,0.00969999935477972,0.0,0.0,0.0,0.11822289228439331,0.1280120462179184,0.12157738208770752
13565000,2713,0.0,1.4902472496032715,-0.027197301387786865,-0.02727784961462021,0.00016109575517475605,0.0,0.0,0.12735000252723694,0.2087000012397766,0.01269999984651804,0.0,0.0,0.0,0.12756024301052094,0.12831325829029083,0.12619048357009888
13570000,2714,0.0,1.4839708805084229,-0.020721692591905594,-0.020770739763975143,9.809522452997044e-05,0.0,0.0,0.12729999423027039,0.20260000228881836,0.015549999661743641,0.0,0.0,0.0,0.12409638613462448,0.1317771077156067,0.12604166567325592
13575000,2715,0.0,1.4907879829406738,-0.021905336529016495,-0.021959338337183,0.00010800318705150858,0.0,0.0,0.1331000030040741,0.2012999951839447,0.01599999889731407,0.0,0.0,0.0,0.13207831978797913,0.1364457905292511,0.13080357015132904
13580000,2716,0.0,1.4915409088134766,-0.02158786915242672,-0.021639596670866013,0.00010345631744712591,0.0,0.0,0.14079999923706055,0.1936499923467636,0.013599999248981476,0.0,0.0,0.0,0.14006024599075317,0.14201807975769043,0.14032737910747528
13585000,2717,0.0,1.4827884435653687,-0.018720978870987892,-0.018767626956105232,9.32966431719251e-05,0.0,0.0,0.11800000071525574,0.20044998824596405,0.022249998524785042,0.0,0.0,0.0,0.11536144465208054,0.11807229369878769,0.1205357164144516
13590000,2718,0.0,1.4826353788375854,-0.011185779236257076,-0.011214087717235088,5.661668546963483e-05,0.0,0.0,0.1123499944806099,0.203699991106987,0.01484999991953373,0.0,0.0,0.0,0.1075301244854927,0.11716867983341217,0.112351194024086
13595000,2719,0.0,1.484382152557373,-0.0030976724810898304,-0.0031189541332423687,4.2563209717627615e-05,0.0,0.0,0.10934999585151672,0.204599991440773,0.015599999576807022,0.0,0.0,0.0,0.10451807081699371,0.11445783078670502,0.10907738655805588
13600000,2720,0.0,1.4869725704193115,0.0002587505732662976,0.00022182019893079996,7.386076322291046e-05,0.0,0.0,0.1124499961733818,0.20804999768733978,0.010999999940395355,0.0,0.0,0.0,0.10512048751115799,0.11686747521162033,0.115327388048172
13605000,2721,0.0,1.4878381490707397,-0.008416799828410149,-0.008435484021902084,3.7367994082160294e-05,0.0,0.0,0.11259999871253967,0.21164999902248383,0.02070000022649765,0.0,0.0,0.0,0.11084337532520294,0.11701807379722595,0.10997024178504944
13610000,2722,0.0,1.4931354522705078,-0.01284507755190134,-0.012873253785073757,5.6352328101638705e-05,0.0,0.0,0.11840000003576279,0.20719999074935913,0.011949999257922173,0.0,0.0,0.0,0.11596386134624481,0.11837349832057953,0.12083333730697632
13615000,2723,0.0,1.4892606735229492,-0.006949706003069878,-0.0069743674248456955,4.9323291023029014e-05,0.0,0.0,0.12209999561309814,0.21199999749660492,0.014800000004470348,0.0,0.0,0.0,0.1150602400302887,0.12213855981826782,0.12901785969734192
13620000,2724,0.0,1.4772675037384033,-0.004876971710473299,-0.004900265019387007,4.6586505050072446e-05,0.0,0.0,0.12134999781847,0.2206999957561493,0.01654999889433384,0.0,0.0,0.0,0.11460843682289124,0.12996987998485565,0.11949405074119568
13625000,2725,0.0,1.4898120164871216,-0.0064719198271632195,-0.006492394022643566,4.094806718057953e-05,0.0,0.0,0.1281999945640564,0.2202499955892563,0.012600000016391277,0.0,0.0,0.0,0.11912650614976883,0.12740963697433472,0.13794642686843872
13630000,2726,0.0,1.4895769357681274,-0.009589284658432007,-0.00961717776954174,5.578688796958886e-05,0.0,0.0,0.13300000131130219,0.2255999892950058,0.011249999515712261,0.0,0.0,0.0,0.12304217368364334,0.13403615355491638,0.14181548357009888
13635000,2727,0.0,1.488295316696167,-0.015148184262216091,-0.01518166158348322,6.695504271192476e-05,0.0,0.0,0.11859999597072601,0.2194499969482422,0.011249999515712261,0.0,0.0,0.0,0.12153615057468414,0.11731927841901779,0.11696428805589676
13640000,2728,0.0,1.4836091995239258,-0.020410453900694847,-0.020460421219468117,9.993350977310911e-05,0.0,0.0,0.10864999890327454,0.21139998733997345,0.010699999518692493,0.0,0.0,0.0,0.1036144569516182,0.11069277673959732,0.1116071492433548
13645000,2729,0.0,1.476314902305603,-0.036042582243680954,-0.03618384152650833,0.00028251955518499017,0.0,0.0,0.10544999688863754,0.22179999947547913,0.020399998873472214,0.0,0.0,0.0,0.09864457696676254,0.0983433723449707,0.11919642984867096
13650000,2730,0.0,1.4877322912216187,-0.06989110261201859,-0.07043682783842087,0.0010914548765867949,0.0,0.0,0.11304999887943268,0.2069999873638153,0.016850000247359276,0.0,0.0,0.0,0.10783132910728455,0.11340361833572388,0.11785715073347092
13655000,2731,0.0,1.4885308742523193,-0.061112456023693085,-0.06153014302253723,0.0008353764424100518,0.0,0.0,0.12484999746084213,0.20999999344348907,0.008899999782443047,0.0,0.0,0.0,0.11521084606647491,0.12861445546150208,0.13065476715564728
13660000,2732,0.0,1.4865745306015015,0.002315202495083213,0.002280387794598937,6.96295392117463e-05,0.0,0.0,0.11819999665021896,0.2033499926328659,0.0139999995008111,0.0,0.0,0.0,0.1150602400302887,0.11069277673959732,0.1287202388048172
13665000,2733,0.0,1.482244849205017,0.03237329423427582,0.03216831758618355,0.0004099546349607408,0.0,0.0,0.121799997985363,0.2053999900817871,0.013749999925494194,0.0,0.0,0.0,0.11701807379722595,0.12379518151283264,0.12455357611179352
13670000,2734,0.0,1.4881198406219482,0.005749610718339682,0.005712583661079407,7.405401265714318e-05,0.0,0.0,0.12604999542236328,0.20864999294281006,0.012000000104308128,0.0,0.0,0.0,0.11656627058982849,0.12906627357006073,0.1324404776096344
13675000,2735,0.0,1.485671877861023,-0.02111828699707985,-0.021167904138565063,9.923287143465132e-05,0.0,0.0,0.11649999767541885,0.210099995136261,0.015549999661743641,0.0,0.0,0.0,0.10632530599832535,0.11882530152797699,0.1242559552192688
13680000,2736,0.0,1.4902805089950562,-0.024619387462735176,-0.024683354422450066,0.00012793483620043844,0.0,0.0,0.12304999679327011,0.21924999356269836,0.008999999612569809,0.0,0.0,0.0,0.11295180767774582,0.12861445546150208,0.12752977013587952
13685000,2737,0.0,1.4917970895767212,-0.002150931628420949,-0.002177892718464136,5.392224556999281e-05,0.0,0.0,0.13654999434947968,0.2125999927520752,0.009599999524652958,0.0,0.0,0.0,0.12981927394866943,0.13584338128566742,0.14389881491661072
13690000,2738,0.0,1.4859967231750488,0.004491445142775774,0.004455058369785547,7.277361146407202e-05,0.0,0.0,0.11794999986886978,0.23154999315738678,0.013949999585747719,0.0,0.0,0.0,0.11024096608161926,0.12319277226924896,0.12038690596818924
13695000,2739,0.0,1.4920108318328857,-0.0030609597451984882,-0.0030839950777590275,4.607073060469702e-05,0.0,0.0,0.11499999463558197,0.22304999828338623,0.010749999433755875,0.0,0.0,0.0,0.10436747223138809,0.12168674916028976,0.11889881640672684
13700000,2740,0.0,1.485997200012207,-0.013090336695313454,-0.013118444941937923,5.621665695798583e-05,0.0,0.0,0.11445000022649765,0.20999999344348907,0.015599999576807022,0.0,0.0,0.0,0.11189759522676468,0.11746988445520401,0.11398810148239136
13705000,2741,0.0,1.4848495721817017,-0.014145491644740105,-0.01417434960603714,5.7715558796189725e-05,0.0,0.0,0.11899999529123306,0.1995999962091446,0.01184999942779541,0.0,0.0,0.0,0.111295185983181,0.11867470294237137,0.12693452835083008
13710000,2742,0.0,1.4845548868179321,-0.00799586996436119,-0.008017188869416714,4.263752998667769e-05,0.0,0.0,0.1233999952673912,0.21014998853206635,0.01575000025331974,0.0,0.0,0.0,0.11987952142953873,0.12033132463693619,0.12991072237491608
13715000,2743,0.0,1.4850597381591797,0.0003695561899803579,0.00034641267848201096,4.628701935871504e-05,0.0,0.0,0.1232999935746193,0.2069000005722046,0.014349999837577343,0.0,0.0,0.0,0.1120481938123703,0.12439759075641632,0.13333334028720856
13720000,2744,0.0,1.4911442995071411,-0.007289064582437277,-0.007313134614378214,4.81399692944251e-05,0.0,0.0,0.12444999814033508,0.2048499882221222,0.011599999852478504,0.0,0.0,0.0,0.11987952142953873,0.13147591054439545,0.1220238134264946
13725000,2745,0.0,1.4826312065124512,-0.013408641330897808,-0.013440596871078014,6.391192437149584e-05,0.0,0.0,0.11674999445676804,0.2141999900341034,0.017249999567866325,0.0,0.0,0.0,0.10542169213294983,0.11626506596803665,0.12842261791229248
13730000,2746,0.0,1.489810585975647,-0.011183908209204674,-0.011210762895643711,5.371007864596322e-05,0.0,0.0,0.12889999151229858,0.21310000121593475,0.011500000022351742,0.0,0.0,0.0,0.11882530152797699,0.1289156675338745,0.13883928954601288
13735000,2747,0.0,1.4827067852020264,-0.007683150470256805,-0.007703450508415699,4.059976345160976e-05,0.0,0.0,0.12134999781847,0.2179500013589859,0.017349999397993088,0.0,0.0,0.0,0.11475903540849686,0.12409638613462448,0.12514881789684296
13740000,2748,0.0,1.492069125175476,-0.0055067772045731544,-0.00552998436614871,4.6414657845161855e-05,0.0,0.0,0.11944999545812607,0.20559999346733093,0.008599999360740185,0.0,0.0,0.0,0.11099398136138916,0.12153615057468414,0.1257440596818924
13745000,2749,0.0,1.4853284358978271,-0.007129184901714325,-0.007154639344662428,5.090871491120197e-05,0.0,0.0,0.11584999412298203,0.2146499902009964,0.013799999840557575,0.0,0.0,0.0,0.10346385836601257,0.11777108907699585,0.12619048357009888
13750000,2750,0.0,1.4849927425384521,-0.010535559616982937,-0.010566337034106255,6.155399023555219e-05,0.0,0.0,0.12444999814033508,0.2061999887228012,0.012449999339878559,0.0,0.0,0.0,0.11234939843416214,0.13132530450820923,0.12961310148239136
13755000,2751,0.0,1.4878863096237183,-0.009941892698407173,-0.009968133643269539,5.2481100283330306e-05,0.0,0.0,0.12014999985694885,0.2170500010251999,0.011500000022351742,0.0,0.0,0.0,0.11009036004543304,0.12078313529491425,0.1294642835855484
13760000,2752,0.0,1.4831181764602661,-0.004743378609418869,-0.004768047947436571,4.9338465032633394e-05,0.0,0.0,0.12719999253749847,0.21329998970031738,0.011649999767541885,0.0,0.0,0.0,0.11822289228439331,0.12771084904670715,0.13556547462940216
13765000,2753,0.0,1.4828073978424072,-0.006807873025536537,-0.006827321369200945,3.8896443584235385e-05,0.0,0.0,0.1301499903202057,0.20600000023841858,0.013650000095367432,0.0,0.0,0.0,0.11987952142953873,0.13373494148254395,0.13675595819950104
13770000,2754,0.0,1.4835565090179443,-0.015213397331535816,-0.015246023423969746,6.525289791170508e-05,0.0,0.0,0.1297999918460846,0.21409998834133148,0.012349999509751797,0.0,0.0,0.0,0.1272590458393097,0.13825301826000214,0.12395834177732468
13775000,2755,0.0,1.4870871305465698,-0.01941116526722908,-0.019460568204522133,9.880696597974747e-05,0.0,0.0,0.11654999852180481,0.22254998981952667,0.013549999333918095,0.0,0.0,0.0,0.1120481938123703,0.11837349832057953,0.11919642984867096
13780000,2756,0.0,1.4803661108016968,-0.02540474198758602,-0.02548215351998806,0.00015482479648198932,0.0,0.0,0.10639999806880951,0.23684999346733093,0.015199999324977398,0.0,0.0,0.0,0.09804216772317886,0.10301204770803452,0.11800595372915268
13785000,2757,0.0,1.4821820259094238,-0.025271883234381676,-0.025336958467960358,0.00013014883734285831,0.0,0.0,0.10379999876022339,0.22804999351501465,0.022099999710917473,0.0,0.0,0.0,0.09804216772317886,0.10316265374422073,0.1101190522313118
13790000,2758,0.0,1.49233078956604,-0.019207438454031944,-0.019257081672549248,9.928527288138866e-05,0.0,0.0,0.12134999781847,0.21789999306201935,0.012000000104308128,0.0,0.0,0.0,0.111295185983181,0.1227409690618515,0.12991072237491608
13795000,2759,0.0,1.483548641204834,-0.009489327669143677,-0.009513159282505512,4.7663656005170196e-05,0.0,0.0,0.11744999885559082,0.21709999442100525,0.012349999509751797,0.0,0.0,0.0,0.10737951844930649,0.11340361833572388,0.13139881193637848
13800000,2760,0.0,1.4793108701705933,-0.011801202781498432,-0.01182910893112421,5.581309596891515e-05,0.0,0.0,0.11144999414682388,0.21364998817443848,0.010900000110268593,0.0,0.0,0.0,0.10346385836601257,0.11445783078670502,0.11636905372142792
13805000,2761,0.0,1.485679268836975,-0.017821356654167175,-0.01785939373075962,7.607488078065217e-05,0.0,0.0,0.10644999891519547,0.2175999879837036,0.012999999336898327,0.0,0.0,0.0,0.10105422139167786,0.11656627058982849,0.10178571939468384
13810000,2762,0.0,1.4897727966308594,-0.019463825970888138,-0.0195078793913126,8.810629515210167e-05,0.0,0.0,0.11879999935626984,0.22314999997615814,0.010849999263882637,0.0,0.0,0.0,0.11626506596803665,0.12138554453849792,0.11875000596046448
13815000,2763,0.0,1.4774714708328247,-0.019612276926636696,-0.019660066813230515,9.558060264680535e-05,0.0,0.0,0.12794999778270721,0.22010000050067902,0.018299998715519905,0.0,0.0,0.0,0.12319277226924896,0.12620481848716736,0.13437500596046448
13820000,2764,0.0,1.4771009683609009,-0.029504403471946716,-0.029593586921691895,0.00017836726328823715,0.0,0.0,0.12815000116825104,0.2090499997138977,0.019849998876452446,0.0,0.0,0.0,0.12545180320739746,0.1289156675338745,0.13005952537059784
13825000,2765,0.0,1.4959337711334229,-0.03507773205637932,-0.03520284965634346,0.00025023226044140756,0.0,0.0,0.11954999715089798,0.19759999215602875,0.010999999940395355,0.0,0.0,0.0,0.11460843682289124,0.12078313529491425,0.12321428954601288
13830000,2766,0.0,1.493825078010559,-0.02967476285994053,-0.029765715822577477,0.0001819068129407242,0.0,0.0,0.1184999942779541,0.20464999973773956,0.010799999348819256,0.0,0.0,0.0,0.11460843682289124,0.11792168766260147,0.12291666865348816
13835000,2767,0.0,1.488471269607544,-0.018370307981967926,-0.018409157171845436,7.769888907205313e-05,0.0,0.0,0.11180000007152557,0.21724998950958252,0.016200000420212746,0.0,0.0,0.0,0.10948795080184937,0.11099398136138916,0.11488095670938492
13840000,2768,0.0,1.4876118898391724,-0.011962744407355785,-0.011990105733275414,5.472219345392659e-05,0.0,0.0,0.10314999520778656,0.2202499955892563,0.016750000417232513,0.0,0.0,0.0,0.09397590905427933,0.10843373835086823,0.10699405521154404
13845000,2769,0.0,1.4815744161605835,-0.006188155151903629,-0.006210471969097853,4.463407822186127e-05,0.0,0.0,0.11704999953508377,0.21355000138282776,0.015099999494850636,0.0,0.0,0.0,0.10722891986370087,0.12093373388051987,0.12291666865348816
13850000,2770,0.0,1.4813109636306763,-0.0007204332505352795,-0.0007451926940120757,4.951893424731679e-05,0.0,0.0,0.11229999363422394,0.2094999998807907,0.019050000235438347,0.0,0.0,0.0,0.1028614491224289,0.12078313529491425,0.11324404925107956
13855000,2771,0.0,1.484163761138916,-0.0013263504952192307,-0.001350852777250111,4.90046659251675e-05,0.0,0.0,0.11909999698400497,0.21184998750686646,0.015799999237060547,0.0,0.0,0.0,0.11762048304080963,0.11325301229953766,0.12633928656578064
13860000,2772,0.0,1.4942667484283447,-0.003397727385163307,-0.003422270994633436,4.9087018851423636e-05,0.0,0.0,0.1273999959230423,0.21494999527931213,0.00865000020712614,0.0,0.0,0.0,0.11671686917543411,0.12861445546150208,0.13675595819950104
13865000,2773,0.0,1.488386631011963,-0.0065634301863610744,-0.006582766771316528,3.867284976877272e-05,0.0,0.0,0.11084999889135361,0.23179998993873596,0.014949999749660492,0.0,0.0,0.0,0.1150602400302887,0.102108433842659,0.115327388048172
13870000,2774,0.0,1.4888346195220947,-0.009146330878138542,-0.009168237447738647,4.381336475489661e-05,0.0,0.0,0.1078999936580658,0.2202499955892563,0.016049999743700027,0.0,0.0,0.0,0.09668675065040588,0.10798192769289017,0.11889881640672684
13875000,2775,0.0,1.4834750890731812,-0.009987886995077133,-0.010012549348175526,4.9324855353916064e-05,0.0,0.0,0.11134999990463257,0.2076999992132187,0.016349999234080315,0.0,0.0,0.0,0.10617469996213913,0.11099398136138916,0.1168154776096344
13880000,2776,0.0,1.4836329221725464,-0.012778019532561302,-0.012800907716155052,4.577716390485875e-05,0.0,0.0,0.11034999787807465,0.20645000040531158,0.020749999210238457,0.0,0.0,0.0,0.1013554260134697,0.11340361833572388,0.11622024327516556
13885000,2777,0.0,1.4935120344161987,-0.01682162471115589,-0.01685781590640545,7.2382295911666e-05,0.0,0.0,0.12494999915361404,0.20044998824596405,0.012000000104308128,0.0,0.0,0.0,0.11656627058982849,0.12319277226924896,0.13497024774551392
13890000,2778,0.0,1.4930484294891357,-0.01852126233279705,-0.01856389455497265,8.526431338395923e-05,0.0,0.0,0.11840000003576279,0.20104999840259552,0.012849999591708183,0.0,0.0,0.0,0.10587349534034729,0.1234939768910408,0.1257440596818924
13895000,2779,0.0,1.4873709678649902,-0.019024042412638664,-0.019064635038375854,8.118423284031451e-05,0.0,0.0,0.10849999636411667,0.22589999437332153,0.01759999990463257,0.0,0.0,0.0,0.09472891688346863,0.11370482295751572,0.11696428805589676
13900000,2780,0.0,1.490430474281311,-0.0145577946677804,-0.014585316181182861,5.5043372412910685e-05,0.0,0.0,0.11554999649524689,0.23884999752044678,0.01785000041127205,0.0,0.0,0.0,0.10963855683803558,0.12153615057468414,0.11547619849443436
13905000,2781,0.0,1.4945474863052368,-0.00802825391292572,-0.008054565638303757,5.2623556257458404e-05,0.0,0.0,0.13289999961853027,0.2220499962568283,0.01209999993443489,0.0,0.0,0.0,0.11596386134624481,0.1387048214673996,0.14389881491661072
13910000,2782,0.0,1.496923565864563,-0.006719421129673719,-0.0067382194101810455,3.759610262932256e-05,0.0,0.0,0.13384999334812164,0.21435000002384186,0.014499999582767487,0.0,0.0,0.0,0.12590362131595612,0.1394578367471695,0.1361607164144516
13915000,2783,0.0,1.4992315769195557,-0.014262556098401546,-0.014294024556875229,6.293612386798486e-05,0.0,0.0,0.12860000133514404,0.20704999566078186,0.015149999409914017,0.0,0.0,0.0,0.12484940141439438,0.1296686828136444,0.13125000894069672
13920000,2784,0.0,1.4951772689819336,-0.02402697131037712,-0.024092337116599083,0.0001307332859141752,0.0,0.0,0.12299999594688416,0.20639999210834503,0.01599999889731407,0.0,0.0,0.0,0.10466867685317993,0.12409638613462448,0.14002977311611176
13925000,2785,0.0,1.495413064956665,-0.04548479616641998,-0.045706406235694885,0.0004432207497302443,0.0,0.0,0.1103999987244606,0.22104999423027039,0.0142000000923872,0.0,0.0,0.0,0.0983433723449707,0.11340361833572388,0.11934524029493332
13930000,2786,0.0,1.487884759902954,-0.08717986196279526,-0.08805298805236816,0.0017462478717789054,0.0,0.0,0.10040000081062317,0.21894998848438263,0.01425000000745058,0.0,0.0,0.0,0.09021084755659103,0.10256024450063705,0.10833333432674408
13935000,2787,0.0,1.4821757078170776,-0.06848068535327911,-0.0690038800239563,0.0010463848011568189,0.0,0.0,0.10085000097751617,0.22339999675750732,0.0170499999076128,0.0,0.0,0.0,0.08493976294994354,0.10512048751115799,0.112351194024086
13940000,2788,0.0,1.4916781187057495,0.02535705827176571,0.025214701890945435,0.00028471293626353145,0.0,0.0,0.10679999738931656,0.2219499945640564,0.013799999840557575,0.0,0.0,0.0,0.09894578158855438,0.11219879984855652,0.10922619700431824
13945000,2789,0.0,1.4918802976608276,0.03018398955464363,0.029999462887644768,0.0003690551093313843,0.0,0.0,0.12274999916553497,0.21069999039173126,0.01654999889433384,0.0,0.0,0.0,0.11731927841901779,0.12469879537820816,0.12619048357009888
13950000,2790,0.0,1.49466073513031,-0.03116852045059204,-0.03127015382051468,0.00020326842786744237,0.0,0.0,0.11704999953508377,0.20674999058246613,0.016249999403953552,0.0,0.0,0.0,0.10165663063526154,0.12816265225410461,0.1212797686457634
13955000,2791,0.0,1.4898549318313599,-0.01997212879359722,-0.0200174730271101,9.068809595191851e-05,0.0,0.0,0.11719999462366104,0.20659999549388885,0.016099998727440834,0.0,0.0,0.0,0.12018072605133057,0.11912650614976883,0.112351194024086
13960000,2792,0.0,1.4915128946304321,0.007002662401646376,0.006953623611479998,9.807803144212812e-05,0.0,0.0,0.12479999661445618,0.20374999940395355,0.01054999977350235,0.0,0.0,0.0,0.11686747521162033,0.11777108907699585,0.13958333432674408
13965000,2793,0.0,1.4945687055587769,0.0038383195642381907,0.003803899744525552,6.883953756187111e-05,0.0,0.0,0.13740000128746033,0.2141999900341034,0.010300000198185444,0.0,0.0,0.0,0.14352409541606903,0.1356927752494812,0.13303571939468384
13970000,2794,0.0,1.4951575994491577,-0.010637027211487293,-0.010664672590792179,5.5291351600317284e-05,0.0,0.0,0.13234999775886536,0.2093999981880188,0.006099999882280827,0.0,0.0,0.0,0.12213855981826782,0.13704819977283478,0.13779762387275696
13975000,2795,0.0,1.4907653331756592,-0.009095756337046623,-0.009114246815443039,3.698051659739576e-05,0.0,0.0,0.10969999432563782,0.21779999136924744,0.015099999494850636,0.0,0.0,0.0,0.11114457994699478,0.10737951844930649,0.11056548357009888
13980000,2796,0.0,1.4899643659591675,-0.0026811230927705765,-0.0027046739123761654,4.710149733000435e-05,0.0,0.0,0.10864999890327454,0.21319998800754547,0.01334999967366457,0.0,0.0,0.0,0.10105422139167786,0.11490964144468307,0.10997024178504944
13985000,2797,0.0,1.4843350648880005,-0.009149820543825626,-0.009170005097985268,4.036836980958469e-05,0.0,0.0,0.1046999990940094,0.22659999132156372,0.01964999921619892,0.0,0.0,0.0,0.1028614491224289,0.10858433693647385,0.1026785746216774
13990000,2798,0.0,1.4916973114013672,-0.009559390135109425,-0.00958042312413454,4.2066152673214674e-05,0.0,0.0,0.11574999988079071,0.22814999520778656,0.01425000000745058,0.0,0.0,0.0,0.10677710920572281,0.11460843682289124,0.1257440596818924
13995000,2799,0.0,1.4951993227005005,-0.0029041131492704153,-0.002926285844296217,4.434547372511588e-05,0.0,0.0,0.11704999953508377,0.22235000133514404,0.010749999433755875,0.0,0.0,0.0,0.10692771524190903,0.11521084606647491,0.12886905670166016
14000000,2800,0.0,1.488738775253296,-0.008189154788851738,-0.008214731700718403,5.115369276609272e-05,0.0,0.0,0.1224999949336052,0.20995000004768372,0.014999999664723873,0.0,0.0,0.0,0.11415662616491318,0.1242469921708107,0.12901785969734192
14005000,2801,0.0,1.4883184432983398,-0.006196945905685425,-0.006216368637979031,3.884527177433483e-05,0.0,0.0,0.12084999680519104,0.21284998953342438,0.01954999938607216,0.0,0.0,0.0,0.11189759522676468,0.12484940141439438,0.1257440596818924
14010000,2802,0.0,1.4867457151412964,-0.006644376087933779,-0.0066660367883741856,4.33212480857037e-05,0.0,0.0,0.12219999730587006,0.21310000121593475,0.015399999916553497,0.0,0.0,0.0,0.11566264927387238,0.12213855981826782,0.1287202388048172
14015000,2803,0.0,1.4960112571716309,-0.012171386741101742,-0.012197526171803474,5.227929068496451e-05,0.0,0.0,0.12919999659061432,0.2243499904870987,0.011149999685585499,0.0,0.0,0.0,0.11972891539335251,0.13915662467479706,0.1287202388048172
14020000,2804,0.0,1.4943392276763916,-0.013348379172384739,-0.013374737463891506,5.2715997298946604e-05,0.0,0.0,0.11914999783039093,0.22384999692440033,0.012299999594688416,0.0,0.0,0.0,0.11385542154312134,0.12108433991670609,0.12247024476528168
14025000,2805,0.0,1.4908243417739868,-0.008509739302098751,-0.008533031679689884,4.658410034608096e-05,0.0,0.0,0.11344999819993973,0.2206999957561493,0.012550000101327896,0.0,0.0,0.0,0.1097891554236412,0.1120481938123703,0.11845238506793976
14030000,2806,0.0,1.4939501285552979,-0.004804691299796104,-0.004823349416255951,3.7316094676498324e-05,0.0,0.0,0.11629999428987503,0.2206999957561493,0.013100000098347664,0.0,0.0,0.0,0.11250000447034836,0.11536144465208054,0.12098214775323868
14035000,2807,0.0,1.4902827739715576,-0.006465309765189886,-0.006482946686446667,3.527405715431087e-05,0.0,0.0,0.11819999665021896,0.21584999561309814,0.014549999497830868,0.0,0.0,0.0,0.11641566455364227,0.11867470294237137,0.11949405074119568
14040000,2808,0.0,1.490579605102539,-0.012415610253810883,-0.012445781379938126,6.034289617673494e-05,0.0,0.0,0.10984999686479568,0.21404999494552612,0.016300000250339508,0.0,0.0,0.0,0.10240963846445084,0.11189759522676468,0.11517857760190964
14045000,2809,0.0,1.5006670951843262,-0.020499132573604584,-0.02054751291871071,9.676092304289341e-05,0.0,0.0,0.11679999530315399,0.21169999241828918,0.010950000025331974,0.0,0.0,0.0,0.11731927841901779,0.11867470294237137,0.11443452537059784
14050000,2810,0.0,1.4954612255096436,-0.026049265637993813,-0.026119830086827278,0.00014112763165030628,0.0,0.0,0.11214999854564667,0.21085000038146973,0.012899999506771564,0.0,0.0,0.0,0.10466867685317993,0.1097891554236412,0.12187500298023224
14055000,2811,0.0,1.4938554763793945,-0.019983014091849327,-0.020027942955493927,8.985792374005541e-05,0.0,0.0,0.11854999512434006,0.20639999210834503,0.013899999670684338,0.0,0.0,0.0,0.10722891986370087,0.12665662169456482,0.12172619253396988
14060000,2812,0.0,1.4913098812103271,-0.018603749573230743,-0.01864575780928135,8.401627565035596e-05,0.0,0.0,0.11109999567270279,0.20669999718666077,0.019999999552965164,0.0,0.0,0.0,0.10346385836601257,0.108283132314682,0.12142857909202576
14065000,2813,0.0,1.4870260953903198,-0.02470111846923828,-0.024773066863417625,0.00014389687567017972,0.0,0.0,0.12014999985694885,0.20029999315738678,0.013100000098347664,0.0,0.0,0.0,0.10496988147497177,0.12484940141439438,0.13050596415996552
14070000,2814,0.0,1.4887694120407104,-0.026224682107567787,-0.026305807754397392,0.00016225161380134523,0.0,0.0,0.1303499937057495,0.19269999861717224,0.011599999852478504,0.0,0.0,0.0,0.1265060305595398,0.1289156675338745,0.13556547462940216
14075000,2815,0.0,1.4909902811050415,-0.02204572968184948,-0.022099504247307777,0.000107550535176415,0.0,0.0,0.11869999766349792,0.20709998905658722,0.013399999588727951,0.0,0.0,0.0,0.11385542154312134,0.12304217368364334,0.11919642984867096
14080000,2816,0.0,1.4897682666778564,-0.027359653264284134,-0.027436818927526474,0.00015433222870342433,0.0,0.0,0.10909999907016754,0.22010000050067902,0.01809999905526638,0.0,0.0,0.0,0.10737951844930649,0.10933735221624374,0.11056548357009888
14085000,2817,0.0,1.493848443031311,-0.026339715346693993,-0.02641022950410843,0.00014102949353400618,0.0,0.0,0.12444999814033508,0.22634999454021454,0.010749999433755875,0.0,0.0,0.0,0.11987952142953873,0.12003012001514435,0.13333334028720856
14090000,2818,0.0,1.4872956275939941,-0.019842801615595818,-0.01988905668258667,9.25087442738004e-05,0.0,0.0,0.11189999431371689,0.2113499939441681,0.015399999916553497,0.0,0.0,0.0,0.1097891554236412,0.1120481938123703,0.113839291036129
14095000,2819,0.0,1.4897985458374023,-0.019631393253803253,-0.019681613892316818,0.00010044148075394332,0.0,0.0,0.1119999960064888,0.19954998791217804,0.013249999843537807,0.0,0.0,0.0,0.108283132314682,0.11551205068826675,0.11220238357782364
14100000,2820,0.0,1.4878946542739868,-0.024241171777248383,-0.024306096136569977,0.0001298471906920895,0.0,0.0,0.10785000026226044,0.19155000150203705,0.01054999977350235,0.0,0.0,0.0,0.09864457696676254,0.11340361833572388,0.11145833879709244
14105000,2821,0.0,1.49001944065094,-0.02187494747340679,-0.021924322471022606,9.875057003227994e-05,0.0,0.0,0.1119999960064888,0.20555000007152557,0.01575000025331974,0.0,0.0,0.0,0.10572289675474167,0.11340361833572388,0.1168154776096344
14110000,2822,0.0,1.4859209060668945,-0.016050292178988457,-0.016083357855677605,6.61299709463492e-05,0.0,0.0,0.11684999614953995,0.22749999165534973,0.017749998718500137,0.0,0.0,0.0,0.10647590458393097,0.12243976444005966,0.12157738208770752
14115000,2823,0.0,1.493756651878357,-0.016224397346377373,-0.016260672360658646,7.254965021274984e-05,0.0,0.0,0.12269999831914902,0.22495000064373016,0.012999999336898327,0.0,0.0,0.0,0.11340361833572388,0.12680722773075104,0.12782739102840424
14120000,2824,0.0,1.4961402416229248,-0.015293962322175503,-0.015325157903134823,6.23906817054376e-05,0.0,0.0,0.11809999495744705,0.20489999651908875,0.01425000000745058,0.0,0.0,0.0,0.10512048751115799,0.12409638613462448,0.125
14125000,2825,0.0,1.490938425064087,-0.0149450758472085,-0.014977491460740566,6.483109609689564e-05,0.0,0.0,0.10324999690055847,0.20074999332427979,0.01209999993443489,0.0,0.0,0.0,0.08855421841144562,0.10813253372907639,0.11294643580913544
14130000,2826,0.0,1.4836894273757935,-0.01915103942155838,-0.019199993461370468,9.790798503672704e-05,0.0,0.0,0.10484999418258667,0.20115000009536743,0.017349999397993088,0.0,0.0,0.0,0.09774096310138702,0.1120481938123703,0.10476190596818924
14135000,2827,0.0,1.4891239404678345,-0.018204981461167336,-0.018243808299303055,7.765432383166626e-05,0.0,0.0,0.12489999830722809,0.2020999938249588,0.013899999670684338,0.0,0.0,0.0,0.11069277673959732,0.12469879537820816,0.1391369104385376
14140000,2828,0.0,1.4930592775344849,-0.01046269666403532,-0.010487476363778114,4.9558799219084904e-05,0.0,0.0,0.13269999623298645,0.21079999208450317,0.010950000025331974,0.0,0.0,0.0,0.12003012001514435,0.13463856279850006,0.14330357313156128
14145000,2829,0.0,1.4878860712051392,4.6984969230834395e-06,-2.1849977201782167e-05,5.309694824973121e-05,0.0,0.0,0.1237499937415123,0.2268499881029129,0.01269999984651804,0.0,0.0,0.0,0.11069277673959732,0.12921686470508575,0.13125000894069672
14150000,2830,0.0,1.4945487976074219,0.003031189786270261,0.0029985045548528433,6.537060835398734e-05,0.0,0.0,0.11620000004768372,0.21239998936653137,0.01209999993443489,0.0,0.0,0.0,0.10963855683803558,0.12243976444005966,0.11651786416769028
14155000,2831,0.0,1.4928196668624878,-0.005478790961205959,-0.005503217224031687,4.885291855316609e-05,0.0,0.0,0.10884999483823776,0.20739999413490295,0.011049999855458736,0.0,0.0,0.0,0.09156626462936401,0.10948795080184937,0.12529762089252472
14160000,2832,0.0,1.4975367784500122,-0.016421066597104073,-0.016457855701446533,7.35773573978804e-05,0.0,0.0,0.11079999804496765,0.20684999227523804,0.009599999524652958,0.0,0.0,0.0,0.0960843414068222,0.11566264927387238,0.1205357164144516
14165000,2833,0.0,1.4970223903656006,-0.018995121121406555,-0.019036265090107918,8.228949445765465e-05,0.0,0.0,0.11364999413490295,0.21519999206066132,0.015399999916553497,0.0,0.0,0.0,0.1135542169213295,0.11445783078670502,0.11294643580913544
14170000,2834,0.0,1.496874213218689,-0.016403691843152046,-0.016439279541373253,7.117602945072576e-05,0.0,0.0,0.1253499984741211,0.2126999944448471,0.009449999779462814,0.0,0.0,0.0,0.11746988445520401,0.12590362131595612,0.13258929550647736
14175000,2835,0.0,1.4918221235275269,-0.014309830963611603,-0.014339758083224297,5.985390453133732e-05,0.0,0.0,0.12274999916553497,0.20909999310970306,0.011500000022351742,0.0,0.0,0.0,0.12033132463693619,0.12394578754901886,0.12395834177732468
14180000,2836,0.0,1.493343472480774,-0.008865131996572018,-0.008887190371751785,4.411609552334994e-05,0.0,0.0,0.12600000202655792,0.20579999685287476,0.012299999594688416,0.0,0.0,0.0,0.11551205068826675,0.11882530152797699,0.14345239102840424
14185000,2837,0.0,1.5005439519882202,-0.0037388743367046118,-0.0037587264087051153,3.970414036302827e-05,0.0,0.0,0.11959999799728394,0.21130000054836273,0.010099999606609344,0.0,0.0,0.0,0.1204819306731224,0.1143072322010994,0.12395834177732468
14190000,2838,0.0,1.4888306856155396,-0.005677524488419294,-0.005697727669030428,4.040616113343276e-05,0.0,0.0,0.1115499958395958,0.20565000176429749,0.013849999755620956,0.0,0.0,0.0,0.10542169213294983,0.11084337532520294,0.1183035746216774
14195000,2839,0.0,1.4954549074172974,-0.008750515058636665,-0.008773972280323505,4.6913879486965016e-05,0.0,0.0,0.1241999939084053,0.20645000040531158,0.011399999260902405,0.0,0.0,0.0,0.11671686917543411,0.13072289526462555,0.12514881789684296
14200000,2840,0.0,1.4918487071990967,-0.008709633722901344,-0.008729496970772743,3.9726102841086686e-05,0.0,0.0,0.12439999729394913,0.20264999568462372,0.011949999257922173,0.0,0.0,0.0,0.1150602400302887,0.13373494148254395,0.12440476566553116
14205000,2841,0.0,1.4982376098632812,-0.013455449603497982,-0.013486748561263084,6.259793735807762e-05,0.0,0.0,0.11764999479055405,0.20160000026226044,0.00865000020712614,0.0,0.0,0.0,0.10798192769289017,0.11596386134624481,0.12886905670166016
14210000,2842,0.0,1.4883971214294434,-0.024068191647529602,-0.024133844301104546,0.0001313042885158211,0.0,0.0,0.1042499989271164,0.2011999934911728,0.014599999412894249,0.0,0.0,0.0,0.09216867387294769,0.10798192769289017,0.11250000447034836
14215000,2843,0.0,1.4911085367202759,-0.04406628757715225,-0.04427003487944603,0.0004074911994393915,0.0,0.0,0.1124499961733818,0.21904999017715454,0.01589999906718731,0.0,0.0,0.0,0.09894578158855438,0.12379518151283264,0.1145833358168602
14220000,2844,0.0,1.4947195053100586,-0.07573620975017548,-0.07637882977724075,0.0012852465733885765,0.0,0.0,0.11939999461174011,0.21439999341964722,0.014099999330937862,0.0,0.0,0.0,0.11114457994699478,0.1204819306731224,0.1264881044626236
14225000,2845,0.0,1.4986518621444702,-0.0706680491566658,-0.07122398167848587,0.0011118663242086768,0.0,0.0,0.13019999861717224,0.22664999961853027,0.011899999342858791,0.0,0.0,0.0,0.12861445546150208,0.1326807290315628,0.12931548058986664
14230000,2846,0.0,1.4814800024032593,0.013799467124044895,0.013723078183829784,0.0001527773856651038,0.0,0.0,0.1115499958395958,0.21299999952316284,0.01759999990463257,0.0,0.0,0.0,0.09879518300294876,0.11987952142953873,0.11592262238264084
14235000,2847,0.0,1.4950019121170044,0.02759169042110443,0.027430687099695206,0.0003220080689061433,0.0,0.0,0.11219999939203262,0.20729999244213104,0.01640000008046627,0.0,0.0,0.0,0.10963855683803558,0.11415662616491318,0.11279762536287308
14240000,2848,0.0,1.496006727218628,-0.024438876658678055,-0.024504218250513077,0.00013068458065390587,0.0,0.0,0.11559999734163284,0.20709998905658722,0.012149999849498272,0.0,0.0,0.0,0.10963855683803558,0.11837349832057953,0.11875000596046448
14245000,2849,0.0,1.4898344278335571,-0.023398160934448242,-0.02346130646765232,0.00012628932017832994,0.0,0.0,0.1216999962925911,0.219200000166893,0.01785000041127205,0.0,0.0,0.0,0.11069277673959732,0.12469879537820816,0.12961310148239136
14250000,2850,0.0,1.4982149600982666,0.003664762247353792,0.00362768629565835,7.415178697556257e-05,0.0,0.0,0.11794999986886978,0.21164999902248383,0.013849999755620956,0.0,0.0,0.0,0.11219879984855652,0.11566264927387238,0.12589286267757416
14255000,2851,0.0,1.4909640550613403,0.0064917877316474915,0.006455292925238609,7.298956188606098e-05,0.0,0.0,0.11419999599456787,0.20624999701976776,0.01860000006854534,0.0,0.0,0.0,0.10843373835086823,0.11912650614976883,0.11502976715564728
14260000,2852,0.0,1.4927338361740112,-0.011193826794624329,-0.011213785037398338,3.9916503737913445e-05,0.0,0.0,0.11034999787807465,0.21119999885559082,0.01795000024139881,0.0,0.0,0.0,0.11009036004543304,0.11219879984855652,0.10877976566553116
14265000,2853,0.0,1.4982675313949585,-0.017417103052139282,-0.017454780638217926,7.535658369306475e-05,0.0,0.0,0.11649999767541885,0.21175000071525574,0.012349999509751797,0.0,0.0,0.0,0.108283132314682,0.12033132463693619,0.12083333730697632
14270000,2854,0.0,1.4975162744522095,-0.003233798313885927,-0.0032536936923861504,3.979064058512449e-05,0.0,0.0,0.11294999718666077,0.2089499980211258,0.014149999246001244,0.0,0.0,0.0,0.10632530599832535,0.10722891986370087,0.12514881789684296
14275000,2855,0.0,1.4896013736724854,-0.002197032328695059,-0.00222450727596879,5.4949665354797617e-05,0.0,0.0,0.11274999380111694,0.21435000002384186,0.01719999872148037,0.0,0.0,0.0,0.10451807081699371,0.11656627058982849,0.11711309850215912
14280000,2856,0.0,1.48778235912323,-0.010762130841612816,-0.010785546153783798,4.6830093197058886e-05,0.0,0.0,0.10869999974966049,0.2069000005722046,0.013249999843537807,0.0,0.0,0.0,0.10692771524190903,0.11024096608161926,0.10892857611179352
14285000,2857,0.0,1.4895172119140625,-0.003987753298133612,-0.004008326679468155,4.1147002775687724e-05,0.0,0.0,0.10554999858140945,0.20799998939037323,0.01489999983459711,0.0,0.0,0.0,0.10391566157341003,0.10677710920572281,0.10595238208770752
14290000,2858,0.0,1.4869213104248047,-0.005508964881300926,-0.005527511704713106,3.709335214807652e-05,0.0,0.0,0.11315000057220459,0.20909999310970306,0.014299999922513962,0.0,0.0,0.0,0.10768072307109833,0.11234939843416214,0.11934524029493332
14295000,2859,0.0,1.4961143732070923,-0.008249495178461075,-0.008267370983958244,3.5751127143157646e-05,0.0,0.0,0.11239999532699585,0.21660000085830688,0.01640000008046627,0.0,0.0,0.0,0.11069277673959732,0.11295180767774582,0.11354167014360428
14300000,2860,0.0,1.4933712482452393,-0.007868785411119461,-0.007888540625572205,3.9509985072072595e-05,0.0,0.0,0.10719999670982361,0.21609999239444733,0.010199999436736107,0.0,0.0,0.0,0.09969879686832428,0.10557229071855545,0.11622024327516556
14305000,2861,0.0,1.4892975091934204,-0.006728681735694408,-0.00675473315641284,5.2102717745583504e-05,0.0,0.0,0.1083499938249588,0.21344999969005585,0.010699999518692493,0.0,0.0,0.0,0.0998494029045105,0.11099398136138916,0.11413691192865372
14310000,2862,0.0,1.4909279346466064,-0.00607550423592329,-0.006098034325987101,4.5060569391353056e-05,0.0,0.0,0.11050000041723251,0.19990000128746033,0.016099998727440834,0.0,0.0,0.0,0.10150602459907532,0.10963855683803558,0.12023810297250748
14315000,2863,0.0,1.494667887687683,-0.007503143977373838,-0.0075256736017763615,4.505924880504608e-05,0.0,0.0,0.11744999885559082,0.20074999332427979,0.010999999940395355,0.0,0.0,0.0,0.1097891554236412,0.11701807379722595,0.12544643878936768
14320000,2864,0.0,1.4967567920684814,-0.008052914403378963,-0.008073951117694378,4.207353413221426e-05,0.0,0.0,0.1123499944806099,0.19849999248981476,0.008999999612569809,0.0,0.0,0.0,0.10632530599832535,0.11114457994699478,0.11949405074119568
14325000,2865,0.0,1.4936161041259766,-0.007634699810296297,-0.007653409615159035,3.7419180443976074e-05,0.0,0.0,0.11079999804496765,0.20399999618530273,0.015949999913573265,0.0,0.0,0.0,0.108283132314682,0.1143072322010994,0.10982143133878708
14330000,2866,0.0,1.4955132007598877,-0.008138841018080711,-0.008165912702679634,5.4143336456036195e-05,0.0,0.0,0.11535000056028366,0.21814998984336853,0.012000000104308128,0.0,0.0,0.0,0.10948795080184937,0.11686747521162033,0.11964286118745804
14335000,2867,0.0,1.4909130334854126,-0.003802946535870433,-0.0038241760339587927,4.2458796087885275e-05,0.0,0.0,0.10999999940395355,0.22819998860359192,0.013499999418854713,0.0,0.0,0.0,0.10376506298780441,0.11596386134624481,0.11026786267757416
14340000,2868,0.0,1.49214506149292,-0.00972115807235241,-0.00974386464804411,4.541389716905542e-05,0.0,0.0,0.10604999959468842,0.219650000333786,0.01924999989569187,0.0,0.0,0.0,0.09774096310138702,0.10542169213294983,0.11488095670938492
14345000,2869,0.0,1.4827778339385986,-0.008602925576269627,-0.008634638972580433,6.342642154777423e-05,0.0,0.0,0.10300000011920929,0.20659999549388885,0.017899999395012856,0.0,0.0,0.0,0.09246987849473953,0.10346385836601257,0.11294643580913544
14350000,2870,0.0,1.484384536743164,-0.007000362500548363,-0.007030329667031765,5.993398735881783e-05,0.0,0.0,0.11829999834299088,0.20069999992847443,0.016999999061226845,0.0,0.0,0.0,0.11415662616491318,0.11234939843416214,0.12827381491661072
14355000,2871,0.0,1.4973454475402832,-0.005383750889450312,-0.0054057142697274685,4.392714981804602e-05,0.0,0.0,0.1151999980211258,0.18895000219345093,0.015199999324977398,0.0,0.0,0.0,0.11265060305595398,0.11792168766260147,0.11502976715564728
14360000,2872,0.0,1.4949058294296265,-0.007069868501275778,-0.007090148515999317,4.056017496623099e-05,0.0,0.0,0.1124499961733818,0.1938999891281128,0.013249999843537807,0.0,0.0,0.0,0.10813253372907639,0.1135542169213295,0.11562500149011612
14365000,2873,0.0,1.4939959049224854,-0.006944822613149881,-0.006967491004616022,4.5336895709624514e-05,0.0,0.0,0.1099499985575676,0.2003999948501587,0.012600000016391277,0.0,0.0,0.0,0.1028614491224289,0.11310241371393204,0.113839291036129
14370000,2874,0.0,1.497957468032837,-0.006541986484080553,-0.006568663753569126,5.3354975534603e-05,0.0,0.0,0.11554999649524689,0.20009998977184296,0.010499999858438969,0.0,0.0,0.0,0.1075301244854927,0.11837349832057953,0.12068452686071396
14375000,2875,0.0,1.494671106338501,-0.006852182559669018,-0.006872162222862244,3.9959257264854386e-05,0.0,0.0,0.11129999905824661,0.21674999594688416,0.017349999397993088,0.0,0.0,0.0,0.11144578456878662,0.11159639060497284,0.110863097012043
14380000,2876,0.0,1.4950510263442993,-0.006361694075167179,-0.006381358951330185,3.9330141589744017e-05,0.0,0.0,0.11539999395608902,0.2276500016450882,0.009449999779462814,0.0,0.0,0.0,0.10813253372907639,0.11746988445520401,0.1205357164144516
14385000,2877,0.0,1.4988911151885986,-0.005801329854875803,-0.005818829871714115,3.500030652503483e-05,0.0,0.0,0.11559999734163284,0.23479999601840973,0.014299999922513962,0.0,0.0,0.0,0.10768072307109833,0.11987952142953873,0.11919642984867096
14390000,2878,0.0,1.4941856861114502,-0.00639170641079545,-0.0064130546525120735,4.2696228774730116e-05,0.0,0.0,0.1148499995470047,0.22314999997615814,0.013949999585747719,0.0,0.0,0.0,0.10632530599832535,0.11551205068826675,0.12261905521154404
14395000,2879,0.0,1.4995888471603394,-0.006284104194492102,-0.006308811716735363,4.941514634992927e-05,0.0,0.0,0.117249995470047,0.2082500010728836,0.01249999925494194,0.0,0.0,0.0,0.10918674618005753,0.12078313529491425,0.12172619253396988
14400000,2880,0.0,1.4940571784973145,-0.007153167389333248,-0.007171583361923695,3.683191607706249e-05,0.0,0.0,0.1124499961733818,0.2110999971628189,0.013299999758601189,0.0,0.0,0.0,0.10572289675474167,0.11445783078670502,0.11711309850215912
14405000,2881,0.0,1.4907329082489014,-0.007056703325361013,-0.007074262946844101,3.5118973755743355e-05,0.0,0.0,0.1148499995470047,0.20729999244213104,0.0142000000923872,0.0,0.0,0.0,0.10466867685317993,0.12078313529491425,0.1190476268529892
14410000,2882,0.0,1.4937033653259277,-0.004240864422172308,-0.004266237374395132,5.0745915359584615e-05,0.0,0.0,0.12610000371932983,0.21734999120235443,0.010799999348819256,0.0,0.0,0.0,0.1128012090921402,0.12816265225410461,0.13720238208770752
14415000,2883,0.0,1.4907418489456177,-0.008004052564501762,-0.00802734587341547,4.658747639041394e-05,0.0,0.0,0.12494999915361404,0.22864998877048492,0.00930000003427267,0.0,0.0,0.0,0.11445783078670502,0.13072289526462555,0.12961310148239136
14420000,2884,0.0,1.4950735569000244,-0.012505998834967613,-0.012529614381492138,4.7230856580426916e-05,0.0,0.0,0.11840000003576279,0.22739998996257782,0.011249999515712261,0.0,0.0,0.0,0.102108433842659,0.12740963697433472,0.12559524178504944
14425000,2885,0.0,1.4913252592086792,-0.011084145866334438,-0.011107212863862514,4.6134442527545616e-05,0.0,0.0,0.11354999989271164,0.2163499891757965,0.01334999967366457,0.0,0.0,0.0,0.11024096608161926,0.11159639060497284,0.11875000596046448
14430000,2886,0.0,1.4804320335388184,-0.01190670020878315,-0.011930583976209164,4.776744754053652e-05,0.0,0.0,0.10439999401569366,0.2004999965429306,0.01730000041425228,0.0,0.0,0.0,0.09051205217838287,0.10451807081699371,0.11800595372915268
14435000,2887,0.0,1.4965097904205322,-0.01099187508225441,-0.011014221236109734,4.46927260782104e-05,0.0,0.0,0.11424999684095383,0.19714999198913574,0.014049999415874481,0.0,0.0,0.0,0.10105422139167786,0.11867470294237137,0.12291666865348816
14440000,2888,0.0,1.493922233581543,-0.008584272116422653,-0.008615823462605476,6.310283060884103e-05,0.0,0.0,0.11504999548196793,0.2008499950170517,0.012849999591708183,0.0,0.0,0.0,0.1097891554236412,0.11536144465208054,0.11994048207998276
14445000,2889,0.0,1.4890722036361694,-0.005724306218326092,-0.005749247036874294,4.988178261555731e-05,0.0,0.0,0.11270000040531158,0.2110999971628189,0.015249999240040779,0.0,0.0,0.0,0.10557229071855545,0.12183735519647598,0.11071428656578064
14450000,2890,0.0,1.4970508813858032,-0.005538389552384615,-0.005556959193199873,3.7139390769880265e-05,0.0,0.0,0.1151999980211258,0.21649999916553497,0.01269999984651804,0.0,0.0,0.0,0.11370482295751572,0.11897590756416321,0.11294643580913544
14455000,2891,0.0,1.4908339977264404,-0.009570000693202019,-0.009593777358531952,4.755271220346913e-05,0.0,0.0,0.12074999511241913,0.22794999182224274,0.010199999436736107,0.0,0.0,0.0,0.11882530152797699,0.11957831680774689,0.12380953133106232
14460000,2892,0.0,1.4954251050949097,-0.013036148622632027,-0.013059881515800953,4.7465644456679e-05,0.0,0.0,0.12379999458789825,0.22369998693466187,0.010499999858438969,0.0,0.0,0.0,0.12093373388051987,0.11957831680774689,0.13080357015132904
14465000,2893,0.0,1.4912079572677612,-0.014071941375732422,-0.014100804924964905,5.7727396779228e-05,0.0,0.0,0.1136000007390976,0.22689999639987946,0.01679999940097332,0.0,0.0,0.0,0.10150602459907532,0.11686747521162033,0.12232143431901932
14470000,2894,0.0,1.4981144666671753,-0.01954484172165394,-0.019589005038142204,8.832827734295279e-05,0.0,0.0,0.11684999614953995,0.21599999070167542,0.0139999995008111,0.0,0.0,0.0,0.11144578456878662,0.12093373388051987,0.11815476417541504
14475000,2895,0.0,1.4903243780136108,-0.032844848930835724,-0.03295803815126419,0.00022637919755652547,0.0,0.0,0.11620000004768372,0.2195499986410141,0.018149999901652336,0.0,0.0,0.0,0.111295185983181,0.11671686917543411,0.1205357164144516
14480000,2896,0.0,1.4908010959625244,-0.07942181825637817,-0.08013765513896942,0.0014316719025373459,0.0,0.0,0.12219999730587006,0.20414999127388,0.014349999837577343,0.0,0.0,0.0,0.1128012090921402,0.11822289228439331,0.1354166716337204
14485000,2897,0.0,1.49221670627594,-0.13759265840053558,-0.13988368213176727,0.004582060966640711,0.0,0.0,0.11869999766349792,0.2008499950170517,0.012999999336898327,0.0,0.0,0.0,0.11837349832057953,0.12018072605133057,0.1175595298409462
14490000,2898,0.0,1.4967665672302246,0.05950581654906273,0.058954253792762756,0.001103122835047543,0.0,0.0,0.12094999849796295,0.1922999918460846,0.01464999932795763,0.0,0.0,0.0,0.11385542154312134,0.12289156764745712,0.12604166567325592
14495000,2899,0.0,1.496084451675415,-0.010603073053061962,-0.010632546618580818,5.8947120123775676e-05,0.0,0.0,0.11434999853372574,0.20964999496936798,0.015949999913573265,0.0,0.0,0.0,0.10647590458393097,0.11189759522676468,0.12455357611179352
14500000,2900,0.0,1.49461829662323,-0.0339973047375679,-0.034121304750442505,0.00024800177197903395,0.0,0.0,0.10509999841451645,0.21529999375343323,0.008299999870359898,0.0,0.0,0.0,0.09563253074884415,0.11219879984855652,0.10744047909975052
14505000,2901,0.0,1.4962399005889893,0.02912897989153862,0.028948023915290833,0.0003619130002334714,0.0,0.0,0.10619999468326569,0.20889998972415924,0.015249999240040779,0.0,0.0,0.0,0.09472891688346863,0.11475903540849686,0.10907738655805588
14510000,2902,0.0,1.4863367080688477,-0.04816977679729462,-0.04841793701052666,0.0004963167011737823,0.0,0.0,0.11479999870061874,0.19519999623298645,0.017349999397993088,0.0,0.0,0.0,0.10451807081699371,0.11822289228439331,0.12157738208770752
14515000,2903,0.0,1.4883434772491455,0.034199487417936325,0.03396741673350334,0.0004641432606149465,0.0,0.0,0.12389999628067017,0.19294999539852142,0.011699999682605267,0.0,0.0,0.0,0.12469879537820816,0.12138554453849792,0.12559524178504944
14520000,2904,0.0,1.4889699220657349,-0.040502555668354034,-0.040672726929187775,0.0003403452574275434,0.0,0.0,0.12939999997615814,0.19179999828338623,0.013150000013411045,0.0,0.0,0.0,0.11671686917543411,0.13147591054439545,0.1398809552192688
14525000,2905,0.0,1.492817759513855,0.019878452643752098,0.019774246960878372,0.00020841007062699646,0.0,0.0,0.13224999606609344,0.1985500007867813,0.010149999521672726,0.0,0.0,0.0,0.12816265225410461,0.1356927752494812,0.13288691639900208
14530000,2906,0.0,1.4962576627731323,-0.027238579466938972,-0.02731398306787014,0.0001508089480921626,0.0,0.0,0.1127999946475029,0.21609999239444733,0.01484999991953373,0.0,0.0,0.0,0.09969879686832428,0.11536144465208054,0.12321428954601288
14535000,2907,0.0,1.4985665082931519,0.011445877142250538,0.011387842707335949,0.00011606905172811821,0.0,0.0,0.10844999551773071,0.2137499898672104,0.010599999688565731,0.0,0.0,0.0,0.10015060752630234,0.11385542154312134,0.11130952835083008
14540000,2908,0.0,1.4939213991165161,-0.018655044957995415,-0.01869487203657627,7.965430995682254e-05,0.0,0.0,0.10449999570846558,0.21525000035762787,0.015399999916553497,0.0,0.0,0.0,0.0983433723449707,0.10873494297266006,0.1063988134264946
14545000,2909,0.0,1.496928095817566,0.0004904796369373798,0.0004663746221922338,4.8210087697952986e-05,0.0,0.0,0.11654999852180481,0.21324999630451202,0.011649999767541885,0.0,0.0,0.0,0.11310241371393204,0.11656627058982849,0.11994048207998276
14550000,2910,0.0,1.5011135339736938,-0.007726226933300495,-0.007744047325104475,3.564061626093462e-05,0.0,0.0,0.11620000004768372,0.21494999527931213,0.008999999612569809,0.0,0.0,0.0,0.10165663063526154,0.12454819679260254,0.12232143431901932
14555000,2911,0.0,1.504578709602356,-0.00867467187345028,-0.008695443160831928,4.1543400584487244e-05,0.0,0.0,0.11979999393224716,0.2146499902009964,0.008499999530613422,0.0,0.0,0.0,0.1120481938123703,0.12439759075641632,0.12291666865348816
14560000,2912,0.0,1.497705101966858,-0.002122008940204978,-0.0021442577708512545,4.449759580893442e-05,0.0,0.0,0.11064999550580978,0.22104999423027039,0.012349999509751797,0.0,0.0,0.0,0.10000000149011612,0.11536144465208054,0.11651786416769028
14565000,2913,0.0,1.4895943403244019,-0.00984479021281004,-0.009872340597212315,5.5101412726799026e-05,0.0,0.0,0.1103999987244606,0.22495000064373016,0.014800000004470348,0.0,0.0,0.0,0.10271084308624268,0.10843373835086823,0.11994048207998276
14570000,2914,0.0,1.4945130348205566,-0.0026173631194978952,-0.0026381290517747402,4.153182453592308e-05,0.0,0.0,0.1099499985575676,0.22154998779296875,0.020600000396370888,0.0,0.0,0.0,0.10165663063526154,0.11174698919057846,0.11636905372142792
14575000,2915,0.0,1.5012667179107666,-0.00920409057289362,-0.009225277230143547,4.237284520058893e-05,0.0,0.0,0.1116499975323677,0.21319998800754547,0.014149999246001244,0.0,0.0,0.0,0.10195783525705338,0.11777108907699585,0.11517857760190964
14580000,2916,0.0,1.498379111289978,-0.004345875233411789,-0.0043630655854940414,3.4380642318865284e-05,0.0,0.0,0.11490000039339066,0.2129499912261963,0.01575000025331974,0.0,0.0,0.0,0.102108433842659,0.11957831680774689,0.12291666865348816
14585000,2917,0.0,1.4995577335357666,-0.008760037831962109,-0.008780932053923607,4.178830567980185e-05,0.0,0.0,0.12664999067783356,0.20314998924732208,0.01249999925494194,0.0,0.0,0.0,0.11716867983341217,0.1325301229953766,0.1302083432674408
14590000,2918,0.0,1.4965429306030273,-0.004304995760321617,-0.004324236884713173,3.848191045108251e-05,0.0,0.0,0.11249999701976776,0.2157999873161316,0.01589999906718731,0.0,0.0,0.0,0.1013554260134697,0.10813253372907639,0.12782739102840424
14595000,2919,0.0,1.491887092590332,-0.007674951106309891,-0.007695082109421492,4.0261966205434874e-05,0.0,0.0,0.11140000075101852,0.22644999623298645,0.011299999430775642,0.0,0.0,0.0,0.09548193216323853,0.11611445993185043,0.12247024476528168
14600000,2920,0.0,1.4878889322280884,-0.003844234859570861,-0.003863545833155513,3.8622132706223056e-05,0.0,0.0,0.11899999529123306,0.2206999957561493,0.014999999664723873,0.0,0.0,0.0,0.11009036004543304,0.1227409690618515,0.12410714477300644
14605000,2921,0.0,1.492681860923767,-0.00813746452331543,-0.008158373646438122,4.1818297177087516e-05,0.0,0.0,0.11755000054836273,0.21469999849796295,0.014299999922513962,0.0,0.0,0.0,0.10632530599832535,0.12605421245098114,0.12023810297250748
14610000,2922,0.0,1.4952603578567505,-0.006018433719873428,-0.0060356734320521355,3.447968265390955e-05,0.0,0.0,0.11394999921321869,0.20874999463558197,0.01184999942779541,0.0,0.0,0.0,0.09713855385780334,0.11716867983341217,0.12738095223903656
14615000,2923,0.0,1.4954348802566528,-0.005481663625687361,-0.005498409736901522,3.349190956214443e-05,0.0,0.0,0.10989999771118164,0.20899999141693115,0.013199999928474426,0.0,0.0,0.0,0.10391566157341003,0.10647590458393097,0.11919642984867096
14620000,2924,0.0,1.4973281621932983,-0.007061982061713934,-0.007081316784024239,3.8669531932100654e-05,0.0,0.0,0.10785000026226044,0.20759999752044678,0.013150000013411045,0.0,0.0,0.0,0.10165663063526154,0.10617469996213913,0.11562500149011612
14625000,2925,0.0,1.4970009326934814,-0.005848704371601343,-0.005865196231752634,3.2983723940560594e-05,0.0,0.0,0.11184999346733093,0.20834998786449432,0.015249999240040779,0.0,0.0,0.0,0.09894578158855438,0.11551205068826675,0.12098214775323868
14630000,2926,0.0,1.500769853591919,-0.006199604831635952,-0.006226162426173687,5.3114894399186596e-05,0.0,0.0,0.12014999985694885,0.21299999952316284,0.009499999694526196,0.0,0.0,0.0,0.11551205068826675,0.12228915840387344,0.12261905521154404
14635000,2927,0.0,1.4943147897720337,-0.006629534997045994,-0.0066505661234259605,4.206254379823804e-05,0.0,0.0,0.11445000022649765,0.22779999673366547,0.008100000210106373,0.0,0.0,0.0,0.10376506298780441,0.12228915840387344,0.11726190894842148
14640000,2928,0.0,1.4982597827911377,-0.005227339919656515,-0.005247730296105146,4.078121128259227e-05,0.0,0.0,0.11549999564886093,0.23099999129772186,0.0072999997064471245,0.0,0.0,0.0,0.10783132910728455,0.12033132463693619,0.1183035746216774
14645000,2929,0.0,1.4949606657028198,-0.006631468888372183,-0.006649782415479422,3.662681774585508e-05,0.0,0.0,0.11879999935626984,0.22289998829364777,0.009949999861419201,0.0,0.0,0.0,0.10888554155826569,0.11792168766260147,0.1294642835855484
14650000,2930,0.0,1.5021376609802246,-0.007735341787338257,-0.007756659295409918,4.263467781129293e-05,0.0,0.0,0.12770000100135803,0.21209999918937683,0.010499999858438969,0.0,0.0,0.0,0.11822289228439331,0.13313253223896027,0.1316964328289032
14655000,2931,0.0,1.500936508178711,-0.009865903295576572,-0.009886645711958408,4.148501102463342e-05,0.0,0.0,0.12725000083446503,0.19394999742507935,0.01489999983459711,0.0,0.0,0.0,0.11671686917543411,0.12846386432647705,0.13645833730697632
14660000,2932,0.0,1.4999480247497559,-0.00408410606905818,-0.004107056185603142,4.590044409269467e-05,0.0,0.0,0.11580000072717667,0.1973000019788742,0.015549999661743641,0.0,0.0,0.0,0.1036144569516182,0.11746988445520401,0.12619048357009888
14665000,2933,0.0,1.4908194541931152,-0.008747453801333904,-0.00877360999584198,5.231255272519775e-05,0.0,0.0,0.11674999445676804,0.20960000157356262,0.010300000198185444,0.0,0.0,0.0,0.10647590458393097,0.11701807379722595,0.12663690745830536
14670000,2934,0.0,1.4913829565048218,-0.006954975426197052,-0.006978295743465424,4.6640772779937834e-05,0.0,0.0,0.11800000071525574,0.2166999876499176,0.011949999257922173,0.0,0.0,0.0,0.11219879984855652,0.12138554453849792,0.12038690596818924
14675000,2935,0.0,1.4980199337005615,-0.004666118882596493,-0.004686356987804174,4.047622132929973e-05,0.0,0.0,0.11665000021457672,0.2219499945640564,0.014999999664723873,0.0,0.0,0.0,0.1105421707034111,0.11867470294237137,0.12068452686071396
14680000,2936,0.0,1.4981153011322021,-0.007958120666444302,-0.00797935202717781,4.246208118274808e-05,0.0,0.0,0.11259999871253967,0.21459999680519104,0.00865000020712614,0.0,0.0,0.0,0.0983433723449707,0.11626506596803665,0.12306547909975052
14685000,2937,0.0,1.4969232082366943,-0.005149812903255224,-0.005172822158783674,4.6018161810934544e-05,0.0,0.0,0.11214999854564667,0.21814998984336853,0.011399999260902405,0.0,0.0,0.0,0.10692771524190903,0.11234939843416214,0.11711309850215912
14690000,2938,0.0,1.488089680671692,-0.007205877918750048,-0.007227395661175251,4.303507012082264e-05,0.0,0.0,0.11029999703168869,0.21514999866485596,0.01334999967366457,0.0,0.0,0.0,0.10015060752630234,0.1090361475944519,0.12157738208770752
14695000,2939,0.0,1.494590401649475,-0.01249217614531517,-0.01251982618123293,5.529986447072588e-05,0.0,0.0,0.1107499971985817,0.2074499875307083,0.009999999776482582,0.0,0.0,0.0,0.10813253372907639,0.11189759522676468,0.11220238357782364
14700000,2940,0.0,1.4930925369262695,-0.007147651165723801,-0.007164733484387398,3.416460822336376e-05,0.0,0.0,0.10904999822378159,0.21564999222755432,0.011749999597668648,0.0,0.0,0.0,0.10722891986370087,0.10662651062011719,0.11324404925107956
14705000,2941,0.0,1.4940202236175537,-0.004230024293065071,-0.00425163796171546,4.322763561503962e-05,0.0,0.0,0.10749999433755875,0.21904999017715454,0.010699999518692493,0.0,0.0,0.0,0.10843373835086823,0.10195783525705338,0.11205357313156128
14710000,2942,0.0,1.5006624460220337,-0.008503273129463196,-0.008524577133357525,4.260822606738657e-05,0.0,0.0,0.11014999449253082,0.22294999659061432,0.012000000104308128,0.0,0.0,0.0,0.10015060752630234,0.11310241371393204,0.11711309850215912
14715000,2943,0.0,1.4974340200424194,-0.005293939262628555,-0.005313797853887081,3.971760452259332e-05,0.0,0.0,0.10569999366998672,0.21984998881816864,0.010799999348819256,0.0,0.0,0.0,0.09487952291965485,0.1105421707034111,0.1116071492433548
14720000,2944,0.0,1.4978268146514893,-0.006229290273040533,-0.006250046193599701,4.1511964809615165e-05,0.0,0.0,0.10159999877214432,0.21089999377727509,0.012349999509751797,0.0,0.0,0.0,0.094578318297863,0.10602410137653351,0.1041666716337204
14725000,2945,0.0,1.4912229776382446,-0.006802225485444069,-0.006823473144322634,4.249560515745543e-05,0.0,0.0,0.1143999993801117,0.20844998955726624,0.013849999755620956,0.0,0.0,0.0,0.10512048751115799,0.12334337830543518,0.11473214626312256
14730000,2946,0.0,1.5021685361862183,-0.007431657984852791,-0.007459001615643501,5.468713425216265e-05,0.0,0.0,0.13384999334812164,0.20499999821186066,0.010999999940395355,0.0,0.0,0.0,0.1317771077156067,0.12996987998485565,0.13973215222358704
14735000,2947,0.0,1.500702142715454,-0.006595158483833075,-0.006614824291318655,3.933125117328018e-05,0.0,0.0,0.11979999393224716,0.20749999582767487,0.013249999843537807,0.0,0.0,0.0,0.111295185983181,0.11746988445520401,0.13050596415996552
14740000,2948,0.0,1.4909101724624634,-0.006189328618347645,-0.006211009807884693,4.3362673750380054e-05,0.0,0.0,0.10339999943971634,0.21734999120235443,0.01425000000745058,0.0,0.0,0.0,0.1013554260134697,0.10617469996213913,0.1026785746216774
14745000,2949,0.0,1.4998230934143066,-0.008821972645819187,-0.008847342804074287,5.0740960432449356e-05,0.0,0.0,0.11914999783039093,0.21364998817443848,0.006599999964237213,0.0,0.0,0.0,0.11174698919057846,0.1257530152797699,0.11994048207998276
14750000,2950,0.0,1.5010194778442383,-0.00692124105989933,-0.006945601664483547,4.872092540608719e-05,0.0,0.0,0.11759999394416809,0.21514999866485596,0.008949999697506428,0.0,0.0,0.0,0.11099398136138916,0.1150602400302887,0.12663690745830536
14755000,2951,0.0,1.494978666305542,-0.0063813901506364346,-0.006406005471944809,4.9230311560677364e-05,0.0,0.0,0.10319999605417252,0.22349999845027924,0.011399999260902405,0.0,0.0,0.0,0.09548193216323853,0.1075301244854927,0.10654762387275696
14760000,2952,0.0,1.4934251308441162,-0.009329572319984436,-0.00935350637882948,4.786733188666403e-05,0.0,0.0,0.10429999977350235,0.22659999132156372,0.011599999852478504,0.0,0.0,0.0,0.1006024107336998,0.10632530599832535,0.10595238208770752
14765000,2953,0.0,1.507813811302185,-0.008719501085579395,-0.008741375058889389,4.3748324969783425e-05,0.0,0.0,0.12039999663829803,0.21959999203681946,0.006099999882280827,0.0,0.0,0.0,0.11882530152797699,0.11716867983341217,0.12514881789684296
14770000,2954,0.0,1.4905531406402588,-0.00375548773445189,-0.003777571488171816,4.416749288793653e-05,0.0,0.0,0.10949999839067459,0.2130499929189682,0.0142000000923872,0.0,0.0,0.0,0.10391566157341003,0.10873494297266006,0.11577381193637848
14775000,2955,0.0,1.5016855001449585,-0.008198902010917664,-0.008219391107559204,4.097729834029451e-05,0.0,0.0,0.11864999681711197,0.19714999198913574,0.010449999943375587,0.0,0.0,0.0,0.1120481938123703,0.11340361833572388,0.13035714626312256
14780000,2956,0.0,1.4938392639160156,-0.0053834267891943455,-0.0054048397578299046,4.28260063927155e-05,0.0,0.0,0.11784999817609787,0.20565000176429749,0.015699999406933784,0.0,0.0,0.0,0.10692771524190903,0.11641566455364227,0.13005952537059784
14785000,2957,0.0,1.500333547592163,-0.005869776010513306,-0.005892699118703604,4.5846361899748445e-05,0.0,0.0,0.12195000052452087,0.21310000121593475,0.010699999518692493,0.0,0.0,0.0,0.11370482295751572,0.11942771077156067,0.13258929550647736
14790000,2958,0.0,1.5049372911453247,-0.006869746837764978,-0.006900947540998459,6.240110087674111e-05,0.0,0.0,0.10655000060796738,0.21615000069141388,0.011349999345839024,0.0,0.0,0.0,0.10225903987884521,0.10542169213294983,0.11190476268529892
14795000,2959,0.0,1.5005208253860474,-0.0058692703023552895,-0.00589225348085165,4.596607686835341e-05,0.0,0.0,0.0940999984741211,0.2228499948978424,0.010350000113248825,0.0,0.0,0.0,0.08719879388809204,0.09819277375936508,0.09687500447034836
14800000,2960,0.0,1.5032713413238525,-0.006711773108690977,-0.006737066432833672,5.058674651081674e-05,0.0,0.0,0.10740000009536743,0.22544999420642853,0.010400000028312206,0.0,0.0,0.0,0.09728915989398956,0.10587349534034729,0.11889881640672684
14805000,2961,0.0,1.4908721446990967,-0.004992048721760511,-0.005017529241740704,5.096059976494871e-05,0.0,0.0,0.10839999467134476,0.22724999487400055,0.012749999761581421,0.0,0.0,0.0,0.09322289377450943,0.11551205068826675,0.11636905372142792
14810000,2962,0.0,1.5001863241195679,-0.005779789295047522,-0.005805511958897114,5.144557871972211e-05,0.0,0.0,0.1116499975323677,0.22145000100135803,0.010199999436736107,0.0,0.0,0.0,0.09924699366092682,0.1158132553100586,0.1197916716337204
14815000,2963,0.0,1.4996615648269653,-0.01039193570613861,-0.010417774319648743,5.1677059673238546e-05,0.0,0.0,0.10769999772310257,0.21734999120235443,0.007849999703466892,0.0,0.0,0.0,0.10015060752630234,0.10783132910728455,0.11502976715564728
14820000,2964,0.0,1.496549129486084,-0.007779433857649565,-0.00780613673850894,5.3405594371724874e-05,0.0,0.0,0.10319999605417252,0.20614999532699585,0.009599999524652958,0.0,0.0,0.0,0.09021084755659103,0.11009036004543304,0.10922619700431824
14825000,2965,0.0,1.4873385429382324,-0.004775401204824448,-0.004800590220838785,5.037826849729754e-05,0.0,0.0,0.09645000100135803,0.211899995803833,0.01529999915510416,0.0,0.0,0.0,0.09006024152040482,0.10000000149011612,0.09925595670938492
14830000,2966,0.0,1.4921985864639282,-0.006400465965270996,-0.006428323220461607,5.571487417910248e-05,0.0,0.0,0.11509999632835388,0.21050000190734863,0.010400000028312206,0.0,0.0,0.0,0.10496988147497177,0.11957831680774689,0.12068452686071396
14835000,2967,0.0,1.4793757200241089,-0.008729434572160244,-0.008765948005020618,7.302718586288393e-05,0.0,0.0,0.09690000116825104,0.2139499932527542,0.010300000198185444,0.0,0.0,0.0,0.09367470443248749,0.10496988147497177,0.09211309999227524
14840000,2968,0.0,1.482739806175232,-0.01673506759107113,-0.016784965991973877,9.979791502701119e-05,0.0,0.0,0.09719999879598618,0.21199999749660492,0.008249999955296516,0.0,0.0,0.0,0.0983433723449707,0.09954819828271866,0.09375
14845000,2969,0.0,1.4791984558105469,-0.015041881240904331,-0.015091213397681713,9.866512846201658e-05,0.0,0.0,0.09529999643564224,0.21424999833106995,0.005249999929219484,0.0,0.0,0.0,0.09728915989398956,0.09849397838115692,0.09017857164144516
14850000,2970,0.0,1.4805344343185425,-0.011090606451034546,-0.011130178347229958,7.914462184999138e-05,0.0,0.0,0.09075000137090683,0.23314999043941498,0.007149999961256981,0.0,0.0,0.0,0.09036144614219666,0.08734939992427826,0.0944940522313118
14855000,2971,0.0,1.483047604560852,-0.006770088337361813,-0.0068200863897800446,9.999602480093017e-05,0.0,0.0,0.10439999401569366,0.23474998772144318,0.008249999955296516,0.0,0.0,0.0,0.09939759224653244,0.11882530152797699,0.09508928656578064
14860000,2972,0.0,1.4752522706985474,-0.008283593691885471,-0.008327143266797066,8.709986286703497e-05,0.0,0.0,0.09874999523162842,0.2232999950647354,0.010950000025331974,0.0,0.0,0.0,0.09246987849473953,0.10963855683803558,0.09419643133878708
14865000,2973,0.0,1.4756826162338257,-0.004854749888181686,-0.004886135924607515,6.277182546909899e-05,0.0,0.0,0.09910000115633011,0.20414999127388,0.017249999567866325,0.0,0.0,0.0,0.09638554602861404,0.09292168915271759,0.1078869104385376
14870000,2974,0.0,1.471569299697876,-0.0063046677969396114,-0.00633801007643342,6.668477726634592e-05,0.0,0.0,0.09404999762773514,0.20944999158382416,0.014949999749660492,0.0,0.0,0.0,0.09969879686832428,0.10195783525705338,0.08065476268529892
14875000,2975,0.0,1.465272068977356,-0.008838651701807976,-0.008877485990524292,7.766945054754615e-05,0.0,0.0,0.09879999607801437,0.22509999573230743,0.010049999691545963,0.0,0.0,0.0,0.108283132314682,0.09487952291965485,0.09330357611179352
14880000,2976,0.0,1.4848707914352417,-0.005924410652369261,-0.005949925631284714,5.102967406855896e-05,0.0,0.0,0.10254999995231628,0.23399999737739563,0.011699999682605267,0.0,0.0,0.0,0.10120481997728348,0.10572289675474167,0.10074405372142792
14885000,2977,0.0,1.4736968278884888,-0.006891620811074972,-0.006931260693818331,7.927936530904844e-05,0.0,0.0,0.08834999799728394,0.23534999787807465,0.009649999439716339,0.0,0.0,0.0,0.0983433723449707,0.08870482444763184,0.078125
14890000,2978,0.0,1.4767894744873047,-0.008426887914538383,-0.008454832248389721,5.58891479158774e-05,0.0,0.0,0.09269999712705612,0.22049999237060547,0.016349999234080315,0.0,0.0,0.0,0.09006024152040482,0.09713855385780334,0.09092262387275696
14895000,2979,0.0,1.4832154512405396,-0.015466754324734211,-0.015502908267080784,7.230741903185844e-05,0.0,0.0,0.10799999535083771,0.20714999735355377,0.008449999615550041,0.0,0.0,0.0,0.10542169213294983,0.11144578456878662,0.1071428582072258
14900000,2980,0.0,1.4791958332061768,-0.008297874592244625,-0.008327098563313484,5.8447723858989775e-05,0.0,0.0,0.09304999560117722,0.20704999566078186,0.0142000000923872,0.0,0.0,0.0,0.10090361535549164,0.0975903645157814,0.08080357313156128
14905000,2981,0.0,1.4677255153656006,-0.0037985604722052813,-0.0038386289961636066,8.013709157239646e-05,0.0,0.0,0.08754999935626984,0.21334999799728394,0.013799999840557575,0.0,0.0,0.0,0.09789156913757324,0.09021084755659103,0.07470238208770752
14910000,2982,0.0,1.4731647968292236,-0.006971118506044149,-0.007009017746895552,7.579879456898198e-05,0.0,0.0,0.09629999846220016,0.21660000085830688,0.00484999967738986,0.0,0.0,0.0,0.10195783525705338,0.10331325232982635,0.08377976715564728
14915000,2983,0.0,1.4782207012176514,-0.005544927436858416,-0.0055688293650746346,4.780400558956899e-05,0.0,0.0,0.09394999593496323,0.23009999096393585,0.011149999685585499,0.0,0.0,0.0,0.10376506298780441,0.08569277077913284,0.09241072088479996
14920000,2984,0.0,1.4879074096679688,-0.006336286664009094,-0.00636134622618556,5.011901885154657e-05,0.0,0.0,0.09704999625682831,0.21824999153614044,0.012849999591708183,0.0,0.0,0.0,0.09262048453092575,0.10466867685317993,0.09389881044626236
14925000,2985,0.0,1.4933078289031982,-0.006416302639991045,-0.006438221782445908,4.3838179408339784e-05,0.0,0.0,0.11044999957084656,0.20804999768733978,0.013849999755620956,0.0,0.0,0.0,0.11234939843416214,0.1097891554236412,0.10922619700431824
14930000,2986,0.0,1.4833048582077026,-0.006642293184995651,-0.006678752135485411,7.291808287845924e-05,0.0,0.0,0.10599999874830246,0.20344999432563782,0.016850000247359276,0.0,0.0,0.0,0.11716867983341217,0.10301204770803452,0.09791667014360428
14935000,2987,0.0,1.4683831930160522,-0.005635704379528761,-0.005689726211130619,0.00010804373596329242,0.0,0.0,0.09574999660253525,0.2066499888896942,0.01054999977350235,0.0,0.0,0.0,0.08945783227682114,0.10496988147497177,0.09285714477300644
14940000,2988,0.0,1.4675390720367432,-0.007172045763581991,-0.007215964142233133,8.783719385974109e-05,0.0,0.0,0.08824999630451202,0.2239999920129776,0.013299999758601189,0.0,0.0,0.0,0.09412650763988495,0.1013554260134697,0.06949405372142792
14945000,2989,0.0,1.479566216468811,-0.008963173255324364,-0.0089909378439188,5.552967559196986e-05,0.0,0.0,0.09889999777078629,0.2364499866962433,0.009750000201165676,0.0,0.0,0.0,0.10421686619520187,0.09969879686832428,0.09285714477300644
14950000,2990,0.0,1.4714953899383545,-0.008808617480099201,-0.008838375099003315,5.951520142843947e-05,0.0,0.0,0.09224999696016312,0.2389499992132187,0.012349999509751797,0.0,0.0,0.0,0.10030120611190796,0.102108433842659,0.07455357164144516
14955000,2991,0.0,1.4718884229660034,-0.006824844516813755,-0.006860857829451561,7.202619599411264e-05,0.0,0.0,0.10339999943971634,0.2369999885559082,0.007999999448657036,0.0,0.0,0.0,0.0975903645157814,0.10918674618005753,0.1034226194024086
14960000,2992,0.0,1.4795304536819458,-0.009313157759606838,-0.009336715564131737,4.7116249334067106e-05,0.0,0.0,0.10474999994039536,0.22294999659061432,0.012399999424815178,0.0,0.0,0.0,0.09427711367607117,0.10858433693647385,0.11130952835083008
14965000,2993,0.0,1.49420964717865,-0.012565113604068756,-0.012590352445840836,5.047795639256947e-05,0.0,0.0,0.12084999680519104,0.19769999384880066,0.007799999788403511,0.0,0.0,0.0,0.1158132553100586,0.11822289228439331,0.12842261791229248
14970000,2994,0.0,1.468479037284851,-0.016114866361021996,-0.01616784743964672,0.00010596235370030627,0.0,0.0,0.11064999550580978,0.20739999413490295,0.009399999864399433,0.0,0.0,0.0,0.11445783078670502,0.11551205068826675,0.10208334028720856
14975000,2995,0.0,1.4720678329467773,-0.02043088711798191,-0.020494073629379272,0.0001263712183572352,0.0,0.0,0.10579999536275864,0.20844998955726624,0.010400000028312206,0.0,0.0,0.0,0.11250000447034836,0.11009036004543304,0.09494047611951828
14980000,2996,0.0,1.4621632099151611,-0.01697450876235962,-0.017032472416758537,0.0001159278690465726,0.0,0.0,0.09674999862909317,0.2211499959230423,0.00624999962747097,0.0,0.0,0.0,0.11460843682289124,0.09352409839630127,0.08229167014360428
14985000,2997,0.0,1.4504884481430054,-0.009429979138076305,-0.0094677759334445,7.559353252872825e-05,0.0,0.0,0.09685000032186508,0.23384998738765717,0.009399999864399433,0.0,0.0,0.0,0.11325301229953766,0.09728915989398956,0.08020833879709244
14990000,2998,0.0,1.4782298803329468,-0.002186687896028161,-0.002213767496868968,5.4159423598321155e-05,0.0,0.0,0.10984999686479568,0.22599999606609344,0.012799999676644802,0.0,0.0,0.0,0.10963855683803558,0.1090361475944519,0.110863097012043
14995000,2999,0.0,1.4657995700836182,-0.005277305841445923,-0.005303836893290281,5.306172897689976e-05,0.0,0.0,0.10009999573230743,0.2324499934911728,0.008049999363720417,0.0,0.0,0.0,0.11837349832057953,0.09292168915271759,0.08913690596818924
15000000,3000,0.0,1.4709725379943848,-0.01232528779655695,-0.012361839413642883,7.310281944228336e-05,0.0,0.0,0.09189999848604202,0.21930000185966492,0.011549999937415123,0.0,0.0,0.0,0.09623493999242783,0.09789156913757324,0.08169642835855484
15005000,3001,0.0,1.4638733863830566,-0.015545687638223171,-0.015600927174091339,0.00011047870793845505,0.0,0.0,0.07844999432563782,0.2150999903678894,0.009599999524652958,0.0,0.0,0.0,0.09171687066555023,0.0769578292965889,0.06681548058986664
15010000,3002,0.0,1.4467103481292725,-0.012744849547743797,-0.01280218455940485,0.0001146699651144445,0.0,0.0,0.08855000138282776,0.21359999477863312,0.006899999920278788,0.0,0.0,0.0,0.09216867387294769,0.09382530301809311,0.07976190745830536
15015000,3003,0.0,1.4727132320404053,-0.007145496550947428,-0.007175002247095108,5.9011017583543435e-05,0.0,0.0,0.10164999961853027,0.21445000171661377,0.011799999512732029,0.0,0.0,0.0,0.10933735221624374,0.11024096608161926,0.0855654776096344
15020000,3004,0.0,1.4798271656036377,-0.0023488346487283707,-0.0023762506898492575,5.483214772539213e-05,0.0,0.0,0.09484999626874924,0.2334499955177307,0.0170499999076128,0.0,0.0,0.0,0.0868975892663002,0.10271084308624268,0.09494047611951828
15025000,3005,0.0,1.4789578914642334,-0.005777333397418261,-0.0057989126071333885,4.315841943025589e-05,0.0,0.0,0.09234999865293503,0.2252499908208847,0.013849999755620956,0.0,0.0,0.0,0.08448795229196548,0.09578313678503036,0.096726194024086
15030000,3006,0.0,1.4740543365478516,-0.01609496772289276,-0.016136409714818,8.28844858915545e-05,0.0,0.0,0.09494999796152115,0.21074999868869781,0.008549999445676804,0.0,0.0,0.0,0.094578318297863,0.09668675065040588,0.09360119700431824
15035000,3007,0.0,1.4524418115615845,-0.02768084965646267,-0.02779753878712654,0.00023337756283581257,0.0,0.0,0.10864999890327454,0.22049999237060547,0.00699999975040555,0.0,0.0,0.0,0.11069277673959732,0.11716867983341217,0.098214291036129
15040000,3008,0.0,1.47575843334198,-0.08958110958337784,-0.09050850570201874,0.0018547927029430866,0.0,0.0,0.11649999767541885,0.21660000085830688,0.015799999237060547,0.0,0.0,0.0,0.11189759522676468,0.11265060305595398,0.12485119700431824
15045000,3009,0.0,1.478371262550354,-0.13409008085727692,-0.13624775409698486,0.004315360449254513,0.0,0.0,0.1026499941945076,0.21570000052452087,0.014049999415874481,0.0,0.0,0.0,0.102108433842659,0.10406626760959625,0.10178571939468384
15050000,3010,0.0,1.4746094942092896,0.08279909938573837,0.08180557936429977,0.0019870344549417496,0.0,0.0,0.09324999898672104,0.21754999458789825,0.00969999935477972,0.0,0.0,0.0,0.10030120611190796,0.08734939992427826,0.09211309999227524
15055000,3011,0.0,1.4694972038269043,-0.0572945810854435,-0.057663291692733765,0.0007374216802418232,0.0,0.0,0.08760000020265579,0.21504999697208405,0.014499999582767487,0.0,0.0,0.0,0.0968373492360115,0.07846385985612869,0.08750000596046448
15060000,3012,0.0,1.458560585975647,0.029128266498446465,0.028942199423909187,0.0003721340617630631,0.0,0.0,0.09465000033378601,0.21414999663829803,0.012550000101327896,0.0,0.0,0.0,0.09548193216323853,0.10090361535549164,0.08764881640672684
15065000,3013,0.0,1.4593126773834229,-0.03182033821940422,-0.03194476291537285,0.0002488511090632528,0.0,0.0,0.09439999610185623,0.21644999086856842,0.007349999621510506,0.0,0.0,0.0,0.09954819828271866,0.10692771524190903,0.07693452388048172
15070000,3014,0.0,1.4724587202072144,0.02184080146253109,0.021705634891986847,0.0002703341015148908,0.0,0.0,0.09974999725818634,0.21819999814033508,0.007899999618530273,0.0,0.0,0.0,0.10090361535549164,0.10150602459907532,0.09687500447034836
15075000,3015,0.0,1.4707826375961304,-0.03185947239398956,-0.03197955712676048,0.00024016882525756955,0.0,0.0,0.09759999811649323,0.22869999706745148,0.010599999688565731,0.0,0.0,0.0,0.09894578158855438,0.1036144569516182,0.09032738208770752
15080000,3016,0.0,1.4860944747924805,0.01834181696176529,0.018236853182315826,0.00020992630743421614,0.0,0.0,0.10889999568462372,0.2300499975681305,0.008899999782443047,0.0,0.0,0.0,0.1090361475944519,0.11144578456878662,0.10625000298023224
15085000,3017,0.0,1.4791502952575684,-0.02682676538825035,-0.026908721774816513,0.0001639134279685095,0.0,0.0,0.10319999605417252,0.211899995803833,0.013449999503791332,0.0,0.0,0.0,0.09126506000757217,0.11536144465208054,0.10297619551420212
15090000,3018,0.0,1.4649430513381958,0.009833037853240967,0.009762412868440151,0.00014125082816462964,0.0,0.0,0.10949999839067459,0.19954998791217804,0.00774999987334013,0.0,0.0,0.0,0.111295185983181,0.10813253372907639,0.10907738655805588
15095000,3019,0.0,1.4821574687957764,-0.018881313502788544,-0.01892872340977192,9.481912275077775e-05,0.0,0.0,0.11524999886751175,0.20029999315738678,0.009649999439716339,0.0,0.0,0.0,0.11144578456878662,0.1242469921708107,0.1101190522313118
15100000,3020,0.0,1.4559807777404785,0.0025514152366667986,0.002484728815034032,0.00013337265409063548,0.0,0.0,0.10999999940395355,0.21930000185966492,0.007400000002235174,0.0,0.0,0.0,0.10813253372907639,0.12545180320739746,0.09657738357782364
15105000,3021,0.0,1.45327627658844,-0.013466157019138336,-0.013527684845030308,0.0001230550551554188,0.0,0.0,0.09914999455213547,0.23754999041557312,0.007199999876320362,0.0,0.0,0.0,0.10843373835086823,0.10888554155826569,0.0803571492433548
15110000,3022,0.0,1.4680641889572144,-0.0012538079172372818,-0.0012852372601628304,6.285874405875802e-05,0.0,0.0,0.09649999439716339,0.22644999623298645,0.009949999861419201,0.0,0.0,0.0,0.09277108311653137,0.0960843414068222,0.10059524327516556
15115000,3023,0.0,1.4820640087127686,-0.008687213063240051,-0.008711718954145908,4.901178181171417e-05,0.0,0.0,0.08935000002384186,0.2260499894618988,0.009499999694526196,0.0,0.0,0.0,0.08147590607404709,0.0990963876247406,0.08750000596046448
15120000,3024,0.0,1.468027114868164,-0.005338521674275398,-0.005383552983403206,9.006224718177691e-05,0.0,0.0,0.09339999407529831,0.21809999644756317,0.009850000031292439,0.0,0.0,0.0,0.0975903645157814,0.10240963846445084,0.0803571492433548
15125000,3025,0.0,1.4648557901382446,-0.0062979585491120815,-0.006332897115498781,6.987687083892524e-05,0.0,0.0,0.09075000137090683,0.21449999511241913,0.011949999257922173,0.0,0.0,0.0,0.08734939992427826,0.09713855385780334,0.0877976194024086
15130000,3026,0.0,1.4477200508117676,-0.006094909738749266,-0.006156902760267258,0.00012398591206874698,0.0,0.0,0.08889999985694885,0.23104999959468842,0.008249999955296516,0.0,0.0,0.0,0.08298192918300629,0.10015060752630234,0.08363095670938492
15135000,3027,0.0,1.4711700677871704,-0.004201430361717939,-0.004228093661367893,5.332634464139119e-05,0.0,0.0,0.11514999717473984,0.2142999917268753,0.011599999852478504,0.0,0.0,0.0,0.11792168766260147,0.12093373388051987,0.10669643431901932
15140000,3028,0.0,1.4760822057724,-0.00791197456419468,-0.007942426949739456,6.090520400903188e-05,0.0,0.0,0.12394999712705612,0.20409999787807465,0.007999999448657036,0.0,0.0,0.0,0.12906627357006073,0.13313253223896027,0.10982143133878708
15145000,3029,0.0,1.4556621313095093,-0.003926847595721483,-0.003966950811445713,8.020652603590861e-05,0.0,0.0,0.10830000042915344,0.22089999914169312,0.008150000125169754,0.0,0.0,0.0,0.12078313529491425,0.10391566157341003,0.10029762238264084
15150000,3030,0.0,1.4671798944473267,-0.006775818299502134,-0.006815090775489807,7.854527211748064e-05,0.0,0.0,0.09269999712705612,0.22174999117851257,0.009800000116229057,0.0,0.0,0.0,0.09563253074884415,0.10692771524190903,0.07574404776096344
15155000,3031,0.0,1.4546828269958496,-0.005591917783021927,-0.005635899491608143,8.796320616966113e-05,0.0,0.0,0.08704999834299088,0.21930000185966492,0.013049999251961708,0.0,0.0,0.0,0.08749999850988388,0.08569277077913284,0.08794642984867096
15160000,3032,0.0,1.4891220331192017,-0.004236442036926746,-0.0042566717602312565,4.045966124976985e-05,0.0,0.0,0.10204999893903732,0.21114999055862427,0.016699999570846558,0.0,0.0,0.0,0.09578313678503036,0.11084337532520294,0.09955357760190964
15165000,3033,0.0,1.4906551837921143,-0.008491456508636475,-0.00851842574775219,5.393850733526051e-05,0.0,0.0,0.11209999769926071,0.20909999310970306,0.012849999591708183,0.0,0.0,0.0,0.10873494297266006,0.12108433991670609,0.10654762387275696
15170000,3034,0.0,1.46181058883667,-0.0047497013583779335,-0.004792055580765009,8.470804459648207e-05,0.0,0.0,0.09404999762773514,0.21609999239444733,0.011500000022351742,0.0,0.0,0.0,0.09503012150526047,0.10195783525705338,0.08526785671710968
15175000,3035,0.0,1.469129204750061,-0.007130540441721678,-0.007162850815802813,6.46203407086432e-05,0.0,0.0,0.09654999524354935,0.20854999125003815,0.012999999336898327,0.0,0.0,0.0,0.08674699068069458,0.10195783525705338,0.10089286416769028
15180000,3036,0.0,1.4843966960906982,-0.005476759746670723,-0.00550338439643383,5.3249692427925766e-05,0.0,0.0,0.10614999383687973,0.20444999635219574,0.013049999251961708,0.0,0.0,0.0,0.09804216772317886,0.11882530152797699,0.10163690894842148
15185000,3037,0.0,1.4750398397445679,-0.005779016762971878,-0.0058073303662240505,5.662731564370915e-05,0.0,0.0,0.10004999488592148,0.2133999913930893,0.013249999843537807,0.0,0.0,0.0,0.10105422139167786,0.1013554260134697,0.09776785969734192
15190000,3038,0.0,1.4573482275009155,-0.0059191822074353695,-0.005952443461865187,6.652290903730318e-05,0.0,0.0,0.10339999943971634,0.2207999974489212,0.014999999664723873,0.0,0.0,0.0,0.10737951844930649,0.11114457994699478,0.09181547909975052
15195000,3039,0.0,1.4659247398376465,-0.005708018783479929,-0.005736785475164652,5.753316872869618e-05,0.0,0.0,0.10989999771118164,0.23115000128746033,0.0139999995008111,0.0,0.0,0.0,0.11189759522676468,0.11310241371393204,0.10476190596818924
15200000,3040,0.0,1.488871693611145,-0.005829975940287113,-0.0058531491085886955,4.634628930944018e-05,0.0,0.0,0.11445000022649765,0.2179500013589859,0.014800000004470348,0.0,0.0,0.0,0.1013554260134697,0.1227409690618515,0.11919642984867096
15205000,3041,0.0,1.4737874269485474,-0.006541684735566378,-0.006581082008779049,7.879489567130804e-05,0.0,0.0,0.10884999483823776,0.2106499969959259,0.01489999983459711,0.0,0.0,0.0,0.11159639060497284,0.1128012090921402,0.10223214328289032
15210000,3042,0.0,1.4693539142608643,-0.00582327414304018,-0.005849935580044985,5.3322833991842344e-05,0.0,0.0,0.10334999859333038,0.21774999797344208,0.01809999905526638,0.0,0.0,0.0,0.10165663063526154,0.1158132553100586,0.09270833432674408
15215000,3043,0.0,1.4564276933670044,-0.006367658264935017,-0.0064177014864981174,0.00010008666140493006,0.0,0.0,0.09589999914169312,0.21939998865127563,0.01145000010728836,0.0,0.0,0.0,0.09774096310138702,0.10030120611190796,0.08973214775323868
15220000,3044,0.0,1.4589070081710815,-0.005293964873999357,-0.005338799208402634,8.966846507973969e-05,0.0,0.0,0.10174999386072159,0.2126999944448471,0.01054999977350235,0.0,0.0,0.0,0.10481928288936615,0.10963855683803558,0.09092262387275696
15225000,3045,0.0,1.4682972431182861,-0.005829379428178072,-0.005862497724592686,6.62367237964645e-05,0.0,0.0,0.10339999943971634,0.2097499966621399,0.012249999679625034,0.0,0.0,0.0,0.10632530599832535,0.11009036004543304,0.09389881044626236
15230000,3046,0.0,1.482984185218811,-0.0057825325056910515,-0.005804161541163921,4.32577908213716e-05,0.0,0.0,0.1189499944448471,0.20594999194145203,0.0066999997943639755,0.0,0.0,0.0,0.1150602400302887,0.12710843980312347,0.11473214626312256
15235000,3047,0.0,1.4740444421768188,-0.004883471876382828,-0.004915344994515181,6.374584336299449e-05,0.0,0.0,0.10649999976158142,0.21869999170303345,0.011349999345839024,0.0,0.0,0.0,0.10722891986370087,0.11370482295751572,0.09866071492433548
15240000,3048,0.0,1.4689706563949585,-0.005952166859060526,-0.006000738125294447,9.714240877656266e-05,0.0,0.0,0.09704999625682831,0.2175000011920929,0.011299999430775642,0.0,0.0,0.0,0.09277108311653137,0.10602410137653351,0.09241072088479996
15245000,3049,0.0,1.4643821716308594,-0.006085775792598724,-0.006114553660154343,5.755609163315967e-05,0.0,0.0,0.09905000030994415,0.22405000030994415,0.0142000000923872,0.0,0.0,0.0,0.10737951844930649,0.10391566157341003,0.08601190894842148
15250000,3050,0.0,1.4782129526138306,-0.006072860676795244,-0.00610134843736887,5.697506639990024e-05,0.0,0.0,0.1043500006198883,0.2239999920129776,0.009399999864399433,0.0,0.0,0.0,0.10632530599832535,0.11611445993185043,0.0907738134264946
15255000,3051,0.0,1.462273359298706,-0.006443716585636139,-0.006483737844973803,8.004218398127705e-05,0.0,0.0,0.09934999793767929,0.23249998688697815,0.010599999688565731,0.0,0.0,0.0,0.09563253074884415,0.10647590458393097,0.0959821492433548
15260000,3052,0.0,1.4719220399856567,-0.005773666314780712,-0.005805203225463629,6.307395233307034e-05,0.0,0.0,0.10949999839067459,0.22369998693466187,0.010849999263882637,0.0,0.0,0.0,0.1135542169213295,0.10692771524190903,0.10803572088479996
15265000,3053,0.0,1.485166311264038,-0.006418522447347641,-0.0064409817568957806,4.491882646107115e-05,0.0,0.0,0.10589999705553055,0.21529999375343323,0.011599999852478504,0.0,0.0,0.0,0.10045181214809418,0.1158132553100586,0.10148809850215912
15270000,3054,0.0,1.478355884552002,-0.006283235270529985,-0.006307416595518589,4.836257721763104e-05,0.0,0.0,0.0925000011920929,0.2137499898672104,0.011099999770522118,0.0,0.0,0.0,0.08810240775346756,0.09804216772317886,0.09136904776096344
15275000,3055,0.0,1.4774525165557861,-0.007456270977854729,-0.007479827851057053,4.711408473667689e-05,0.0,0.0,0.09724999964237213,0.20819999277591705,0.011049999855458736,0.0,0.0,0.0,0.09638554602861404,0.09156626462936401,0.10372024029493332
15280000,3056,0.0,1.4986200332641602,-0.0054630558006465435,-0.005481354426592588,3.659688445623033e-05,0.0,0.0,0.10649999976158142,0.20514999330043793,0.017899999395012856,0.0,0.0,0.0,0.08493976294994354,0.11189759522676468,0.12247024476528168
15285000,3057,0.0,1.4794739484786987,-0.006406232714653015,-0.006432920694351196,5.3375897550722584e-05,0.0,0.0,0.10294999927282333,0.2255999892950058,0.01489999983459711,0.0,0.0,0.0,0.08945783227682114,0.111295185983181,0.10803572088479996
15290000,3058,0.0,1.4580988883972168,-0.006557171232998371,-0.006601553410291672,8.876431093085557e-05,0.0,0.0,0.09950000047683716,0.2190999984741211,0.008849999867379665,0.0,0.0,0.0,0.09894578158855438,0.10707831382751465,0.09255952388048172
15295000,3059,0.0,1.473836064338684,-0.006085682660341263,-0.006116921082139015,6.247717828955501e-05,0.0,0.0,0.09649999439716339,0.23510000109672546,0.010350000113248825,0.0,0.0,0.0,0.08780120313167572,0.1105421707034111,0.09122024476528168
15300000,3060,0.0,1.4791923761367798,-0.005895369220525026,-0.005922986660152674,5.523456638911739e-05,0.0,0.0,0.1021999940276146,0.22939999401569366,0.011099999770522118,0.0,0.0,0.0,0.09277108311653137,0.11189759522676468,0.1019345298409462
15305000,3061,0.0,1.4708921909332275,-0.006763090845197439,-0.006793757434934378,6.13336160313338e-05,0.0,0.0,0.09730000048875809,0.22769999504089355,0.010350000113248825,0.0,0.0,0.0,0.08222891390323639,0.10948795080184937,0.10014881193637848
15310000,3062,0.0,1.4724329710006714,-0.004911402240395546,-0.004943808075040579,6.481178570538759e-05,0.0,0.0,0.0965999960899353,0.21584999561309814,0.01599999889731407,0.0,0.0,0.0,0.08403614908456802,0.09954819828271866,0.10610119253396988
15315000,3063,0.0,1.4462999105453491,-0.007191595621407032,-0.007253874558955431,0.00012455809337552637,0.0,0.0,0.09099999815225601,0.22789999842643738,0.01209999993443489,0.0,0.0,0.0,0.08674699068069458,0.10090361535549164,0.08541666716337204
15320000,3064,0.0,1.4379509687423706,-0.0031986457761377096,-0.003249475732445717,0.00010166003630729392,0.0,0.0,0.09434999525547028,0.2414499968290329,0.00764999957755208,0.0,0.0,0.0,0.10316265374422073,0.09126506000757217,0.08869048207998276
15325000,3065,0.0,1.4536998271942139,-0.008970078080892563,-0.009018328040838242,9.650038555264473e-05,0.0,0.0,0.08699999749660492,0.25110000371932983,0.009449999779462814,0.0,0.0,0.0,0.08975903689861298,0.09879518300294876,0.07261905074119568
15330000,3066,0.0,1.4260092973709106,-0.0123220793902874,-0.012404930777847767,0.00016570312436670065,0.0,0.0,0.08309999853372574,0.26635000109672546,0.009850000031292439,0.0,0.0,0.0,0.07816265523433685,0.09728915989398956,0.07395833730697632
15335000,3067,0.0,1.4201838970184326,-0.007025443948805332,-0.007080158684402704,0.00010942935477942228,0.0,0.0,0.07840000092983246,0.2522999942302704,0.01119999960064888,0.0,0.0,0.0,0.09352409839630127,0.08222891390323639,0.05967262014746666
15340000,3068,0.0,1.450571894645691,-0.00404750369489193,-0.004083225037902594,7.144307164708152e-05,0.0,0.0,0.1107499971985817,0.21739999949932098,0.00904999952763319,0.0,0.0,0.0,0.12108433991670609,0.11415662616491318,0.09717262536287308
15345000,3069,0.0,1.4619337320327759,-0.008203797973692417,-0.008246928453445435,8.626030466984957e-05,0.0,0.0,0.10324999690055847,0.21389999985694885,0.01269999984651804,0.0,0.0,0.0,0.10090361535549164,0.10948795080184937,0.09940476715564728
15350000,3070,0.0,1.4717779159545898,-0.0066210078075528145,-0.006653715390712023,6.541555922012776e-05,0.0,0.0,0.10199999809265137,0.21654999256134033,0.01249999925494194,0.0,0.0,0.0,0.10045181214809418,0.10542169213294983,0.10014881193637848
15355000,3071,0.0,1.4597052335739136,-0.00367428339086473,-0.0037081725895404816,6.77783609717153e-05,0.0,0.0,0.09574999660253525,0.24609999358654022,0.0072999997064471245,0.0,0.0,0.0,0.09894578158855438,0.10075301676988602,0.08764881640672684
15360000,3072,0.0,1.464676856994629,-0.008194902911782265,-0.008231816813349724,7.382724288618192e-05,0.0,0.0,0.09995000064373016,0.23804999887943268,0.009599999524652958,0.0,0.0,0.0,0.10406626760959625,0.10240963846445084,0.09345238655805588
15365000,3073,0.0,1.4725866317749023,-0.007113249972462654,-0.007137779146432877,4.905876994598657e-05,0.0,0.0,0.09470000118017197,0.22869999706745148,0.014049999415874481,0.0,0.0,0.0,0.09819277375936508,0.10225903987884521,0.08377976715564728
15370000,3074,0.0,1.4588909149169922,-0.004515353590250015,-0.004545016214251518,5.932529893470928e-05,0.0,0.0,0.08954999595880508,0.22369998693466187,0.011549999937415123,0.0,0.0,0.0,0.10421686619520187,0.09578313678503036,0.06889881193637848
15375000,3075,0.0,1.4596104621887207,-0.00757632777094841,-0.0076131862588226795,7.371651736320928e-05,0.0,0.0,0.09889999777078629,0.20789998769760132,0.010599999688565731,0.0,0.0,0.0,0.10918674618005753,0.10256024450063705,0.08511905372142792
15380000,3076,0.0,1.4560461044311523,-0.007433817721903324,-0.007471122778952122,7.460979395546019e-05,0.0,0.0,0.09854999929666519,0.20679999887943268,0.008899999782443047,0.0,0.0,0.0,0.11385542154312134,0.10346385836601257,0.07857143133878708
15385000,3077,0.0,1.4733325242996216,-0.0054547786712646484,-0.005481313914060593,5.3070878493599594e-05,0.0,0.0,0.10599999874830246,0.20804999768733978,0.005049999803304672,0.0,0.0,0.0,0.09819277375936508,0.1128012090921402,0.10699405521154404
15390000,3078,0.0,1.4790966510772705,-0.0067163803614676,-0.0067421309649944305,5.1500872359611094e-05,0.0,0.0,0.11259999871253967,0.21184998750686646,0.010400000028312206,0.0,0.0,0.0,0.10527108609676361,0.12063252925872803,0.11190476268529892
15395000,3079,0.0,1.4843858480453491,-0.011356186121702194,-0.011394726112484932,7.70802071201615e-05,0.0,0.0,0.1277499943971634,0.210099995136261,0.006850000005215406,0.0,0.0,0.0,0.12364458292722702,0.13554216921329498,0.12410714477300644
15400000,3080,0.0,1.4663501977920532,-0.00942326057702303,-0.009460965171456337,7.540904334746301e-05,0.0,0.0,0.1103999987244606,0.21619999408721924,0.0142000000923872,0.0,0.0,0.0,0.11490964144468307,0.1204819306731224,0.0959821492433548
15405000,3081,0.0,1.4589853286743164,-0.009936516173183918,-0.009981230832636356,8.94288532435894e-05,0.0,0.0,0.09354999661445618,0.21814998984336853,0.01209999993443489,0.0,0.0,0.0,0.09036144614219666,0.10888554155826569,0.08154762536287308
15410000,3082,0.0,1.4708874225616455,-0.012181524187326431,-0.012217266485095024,7.148400618461892e-05,0.0,0.0,0.1022999957203865,0.20579999685287476,0.011249999515712261,0.0,0.0,0.0,0.0868975892663002,0.11250000447034836,0.10744047909975052
15415000,3083,0.0,1.4654994010925293,-0.011316941119730473,-0.011345649138092995,5.741638960898854e-05,0.0,0.0,0.1062999963760376,0.20329999923706055,0.00969999935477972,0.0,0.0,0.0,0.09518072754144669,0.1120481938123703,0.1116071492433548
15420000,3084,0.0,1.46011483669281,-0.00946174468845129,-0.009496976621448994,7.046377140795812e-05,0.0,0.0,0.09844999760389328,0.21329998970031738,0.01119999960064888,0.0,0.0,0.0,0.10783132910728455,0.10512048751115799,0.082589291036129
15425000,3085,0.0,1.4697790145874023,-0.006675702054053545,-0.006706458982080221,6.151368143036962e-05,0.0,0.0,0.10254999995231628,0.21959999203681946,0.009999999776482582,0.0,0.0,0.0,0.09021084755659103,0.11144578456878662,0.10595238208770752
15430000,3086,0.0,1.451279878616333,-0.00595807796344161,-0.006017621140927076,0.00011908597662113607,0.0,0.0,0.10064999759197235,0.22064998745918274,0.012299999594688416,0.0,0.0,0.0,0.11807229369878769,0.10662651062011719,0.07752976566553116
15435000,3087,0.0,1.4526180028915405,-0.007791994605213404,-0.007853825576603413,0.00012366204464342445,0.0,0.0,0.10244999825954437,0.2295999974012375,0.011549999937415123,0.0,0.0,0.0,0.11144578456878662,0.11084337532520294,0.08526785671710968
15440000,3088,0.0,1.4727425575256348,-0.01269467081874609,-0.012720705941319466,5.207015055930242e-05,0.0,0.0,0.10130000114440918,0.22869999706745148,0.015699999406933784,0.0,0.0,0.0,0.09548193216323853,0.11521084606647491,0.09330357611179352
15445000,3089,0.0,1.4812755584716797,-0.009849902242422104,-0.009880869649350643,6.193486478878185e-05,0.0,0.0,0.10745000094175339,0.2298000007867813,0.013849999755620956,0.0,0.0,0.0,0.10271084308624268,0.11686747521162033,0.10282738506793976
15450000,3090,0.0,1.4698309898376465,-0.009124520234763622,-0.009165646508336067,8.225213241530582e-05,0.0,0.0,0.09324999898672104,0.22414998710155487,0.011299999430775642,0.0,0.0,0.0,0.09036144614219666,0.10662651062011719,0.08288690447807312
15455000,3091,0.0,1.4386825561523438,-0.0036994183901697397,-0.0037715001963078976,0.00014416380145121366,0.0,0.0,0.07954999804496765,0.22109998762607574,0.013449999503791332,0.0,0.0,0.0,0.09036144614219666,0.08930723369121552,0.05922619253396988
15460000,3092,0.0,1.4420380592346191,-0.0035695030819624662,-0.003628515638411045,0.0001180252293124795,0.0,0.0,0.07524999976158142,0.22614999115467072,0.013049999251961708,0.0,0.0,0.0,0.07274096459150314,0.07996988296508789,0.07306548207998276
15465000,3093,0.0,1.4681187868118286,-0.0079191317781806,-0.007946381345391273,5.4498766985489056e-05,0.0,0.0,0.1013999953866005,0.21949999034404755,0.009399999864399433,0.0,0.0,0.0,0.09472891688346863,0.10496988147497177,0.10446429252624512
15470000,3094,0.0,1.4378931522369385,-0.012095766142010689,-0.012136995792388916,8.245892968261614e-05,0.0,0.0,0.08779999613761902,0.24039998650550842,0.008700000122189522,0.0,0.0,0.0,0.09578313678503036,0.09593373537063599,0.07187500596046448
15475000,3095,0.0,1.436899185180664,-0.019314460456371307,-0.019391855224967003,0.00015478780551347882,0.0,0.0,0.09749999642372131,0.2325499951839447,0.011500000022351742,0.0,0.0,0.0,0.111295185983181,0.10225903987884521,0.07916667312383652
15480000,3096,0.0,1.4630775451660156,-0.024434665217995644,-0.024506499990820885,0.0001436681777704507,0.0,0.0,0.11614999920129776,0.21424999833106995,0.008999999612569809,0.0,0.0,0.0,0.12469879537820816,0.11852409690618515,0.10535714775323868
15485000,3097,0.0,1.4726502895355225,-0.025687964633107185,-0.025768382474780083,0.0001608347665751353,0.0,0.0,0.1132499948143959,0.2074499875307083,0.007349999621510506,0.0,0.0,0.0,0.10256024450063705,0.11716867983341217,0.11994048207998276
15490000,3098,0.0,1.456659197807312,-0.03114597499370575,-0.031261954456567764,0.00023195742687676102,0.0,0.0,0.08999999612569809,0.21679998934268951,0.011099999770522118,0.0,0.0,0.0,0.08885542303323746,0.09939759224653244,0.0818452388048172
15495000,3099,0.0,1.4527148008346558,-0.031187191605567932,-0.03130607679486275,0.0002377686178078875,0.0,0.0,0.08895000070333481,0.22789999842643738,0.008499999530613422,0.0,0.0,0.0,0.09216867387294769,0.09322289377450943,0.08154762536287308
15500000,3100,0.0,1.458297610282898,-0.02441026270389557,-0.024482257664203644,0.00014398880011867732,0.0,0.0,0.09234999865293503,0.23594999313354492,0.010099999606609344,0.0,0.0,0.0,0.09111446142196655,0.09698795527219772,0.08898809552192688
15505000,3101,0.0,1.4652069807052612,-0.011529774405062199,-0.011565114371478558,7.068006379995495e-05,0.0,0.0,0.10749999433755875,0.24644999206066132,0.014449999667704105,0.0,0.0,0.0,0.10647590458393097,0.108283132314682,0.10773809999227524
15510000,3102,0.0,1.4558706283569336,-0.0005223086336627603,-0.0005595046677626669,7.439206819981337e-05,0.0,0.0,0.08469999581575394,0.23555000126361847,0.009649999439716339,0.0,0.0,0.0,0.07906626909971237,0.0975903645157814,0.07752976566553116
15515000,3103,0.0,1.4509758949279785,-0.0033773125614970922,-0.0034213487524539232,8.807218546280637e-05,0.0,0.0,0.08694999665021896,0.21329998970031738,0.011249999515712261,0.0,0.0,0.0,0.09171687066555023,0.0906626507639885,0.07857143133878708
15520000,3104,0.0,1.4428126811981201,-0.00936743151396513,-0.009410582482814789,8.63024324644357e-05,0.0,0.0,0.08624999970197678,0.20364999771118164,0.012649999931454659,0.0,0.0,0.0,0.08870482444763184,0.08945783227682114,0.08065476268529892
15525000,3105,0.0,1.4677318334579468,-0.014720798470079899,-0.014755877666175365,7.015916344244033e-05,0.0,0.0,0.0965999960899353,0.20834998786449432,0.01184999942779541,0.0,0.0,0.0,0.10030120611190796,0.09472891688346863,0.09479167312383652
15530000,3106,0.0,1.426838994026184,-0.006930522620677948,-0.006976424250751734,9.180318011203781e-05,0.0,0.0,0.09184999763965607,0.2369999885559082,0.00839999970048666,0.0,0.0,0.0,0.1036144569516182,0.0899096429347992,0.08214285969734192
15535000,3107,0.0,1.4703806638717651,-2.6029225409729406e-05,-5.686171061825007e-05,6.166497041704133e-05,0.0,0.0,0.10779999941587448,0.24650000035762787,0.01205000001937151,0.0,0.0,0.0,0.10617469996213913,0.10888554155826569,0.10833333432674408
15540000,3108,0.0,1.4587938785552979,0.0014357133768498898,0.0013980750227347016,7.527681736974046e-05,0.0,0.0,0.1013999953866005,0.25769999623298645,0.01119999960064888,0.0,0.0,0.0,0.10271084308624268,0.10692771524190903,0.09464286267757416
15545000,3109,0.0,1.4708982706069946,-0.003353888401761651,-0.0033787887077778578,4.980065568815917e-05,0.0,0.0,0.09504999965429306,0.22999998927116394,0.01489999983459711,0.0,0.0,0.0,0.0899096429347992,0.09774096310138702,0.0974702388048172
15550000,3110,0.0,1.4302184581756592,-0.011452089063823223,-0.01150859147310257,0.00011300391633994877,0.0,0.0,0.07604999840259552,0.2317499965429306,0.010449999943375587,0.0,0.0,0.0,0.08584337681531906,0.08072289079427719,0.0617559552192688
15555000,3111,0.0,1.4334489107131958,-0.012364855967462063,-0.012426692992448807,0.0001236744865309447,0.0,0.0,0.09115000069141388,0.23104999959468842,0.008200000040233135,0.0,0.0,0.0,0.09593373537063599,0.1006024107336998,0.07708333432674408
15560000,3112,0.0,1.4057027101516724,-0.009522675536572933,-0.009599783457815647,0.00015421507123392075,0.0,0.0,0.08744999766349792,0.2451999932527542,0.007999999448657036,0.0,0.0,0.0,0.10572289675474167,0.09216867387294769,0.0647321417927742
15565000,3113,0.0,1.4456980228424072,-0.011144747957587242,-0.011188032105565071,8.656918362248689e-05,0.0,0.0,0.09429999440908432,0.24719999730587006,0.0170499999076128,0.0,0.0,0.0,0.10451807081699371,0.09789156913757324,0.08065476268529892
15570000,3114,0.0,1.442984700202942,-0.01712518185377121,-0.01718917489051819,0.000127987761516124,0.0,0.0,0.09544999897480011,0.24139998853206635,0.008249999955296516,0.0,0.0,0.0,0.10346385836601257,0.10331325232982635,0.07976190745830536
15575000,3115,0.0,1.4420727491378784,-0.03281240910291672,-0.032954197376966476,0.00028357619885355234,0.0,0.0,0.09699999541044235,0.23144999146461487,0.010649999603629112,0.0,0.0,0.0,0.09111446142196655,0.10933735221624374,0.09062500298023224
15580000,3116,0.0,1.4215590953826904,-0.08555575460195541,-0.08642621338367462,0.0017409127904102206,0.0,0.0,0.07934999465942383,0.23054999113082886,0.012399999424815178,0.0,0.0,0.0,0.08569277077913284,0.08734939992427826,0.06517857313156128
15585000,3117,0.0,1.4027329683303833,-0.10517768561840057,-0.10656535625457764,0.0027753375470638275,0.0,0.0,0.0807499960064888,0.2357499897480011,0.010149999521672726,0.0,0.0,0.0,0.10271084308624268,0.07966867834329605,0.06011905148625374
15590000,3118,0.0,1.4492518901824951,0.06289325654506683,0.06223117560148239,0.0013241663109511137,0.0,0.0,0.09075000137090683,0.2097499966621399,0.00839999970048666,0.0,0.0,0.0,0.09713855385780334,0.09653614461421967,0.07872024178504944
15595000,3119,0.0,1.4436837434768677,-0.028311315923929214,-0.02844770811498165,0.00027278412017039955,0.0,0.0,0.0802999958395958,0.21604999899864197,0.009649999439716339,0.0,0.0,0.0,0.08524096757173538,0.09036144614219666,0.065476194024086
15600000,3120,0.0,1.4340031147003174,0.002945296000689268,0.0028785502072423697,0.00013349180517252535,0.0,0.0,0.07369999587535858,0.23269999027252197,0.008750000037252903,0.0,0.0,0.0,0.0876506045460701,0.07409638911485672,0.0595238134264946
15605000,3121,0.0,1.455387830734253,-1.05682120192796e-05,-7.363061740761623e-05,0.00012612481077667326,0.0,0.0,0.09129999577999115,0.21439999341964722,0.01205000001937151,0.0,0.0,0.0,0.1075301244854927,0.09728915989398956,0.06934524327516556
15610000,3122,0.0,1.4473457336425781,-0.013704968616366386,-0.013752853497862816,9.576891898177564e-05,0.0,0.0,0.08569999784231186,0.21469999849796295,0.013399999588727951,0.0,0.0,0.0,0.09442771226167679,0.08283133059740067,0.07991071790456772
15615000,3123,0.0,1.4586730003356934,0.0034391165245324373,0.0033868071623146534,0.00010461851343279704,0.0,0.0,0.09649999439716339,0.21525000035762787,0.011949999257922173,0.0,0.0,0.0,0.09563253074884415,0.10466867685317993,0.0892857164144516
15620000,3124,0.0,1.4379607439041138,-0.015273848548531532,-0.015349282883107662,0.00015086910570971668,0.0,0.0,0.08675000071525574,0.21435000002384186,0.013249999843537807,0.0,0.0,0.0,0.0906626507639885,0.09487952291965485,0.07485119253396988
15625000,3125,0.0,1.4452528953552246,0.002044943394139409,0.0019973795861005783,9.512739052297547e-05,0.0,0.0,0.08344999700784683,0.21005000174045563,0.007499999832361937,0.0,0.0,0.0,0.08960843831300735,0.09412650763988495,0.06681548058986664
15630000,3126,0.0,1.4356080293655396,-0.009908024221658707,-0.00995191652327776,8.778419578447938e-05,0.0,0.0,0.0771000012755394,0.21459999680519104,0.007199999876320362,0.0,0.0,0.0,0.08704819530248642,0.0739457830786705,0.07038690894842148
15635000,3127,0.0,1.4470975399017334,-0.00265131494961679,-0.0026899268850684166,7.722373266005889e-05,0.0,0.0,0.08504999428987503,0.2342499941587448,0.008999999612569809,0.0,0.0,0.0,0.09021084755659103,0.09623493999242783,0.06889881193637848
15640000,3128,0.0,1.4461086988449097,-0.007538051810115576,-0.007580952253192663,8.580049325246364e-05,0.0,0.0,0.09549999982118607,0.24844999611377716,0.009349999949336052,0.0,0.0,0.0,0.10466867685317993,0.10421686619520187,0.07782738655805588
15645000,3129,0.0,1.4575210809707642,-0.00695711188018322,-0.006999953184276819,8.56828992255032e-05,0.0,0.0,0.10419999808073044,0.249099999666214,0.011049999855458736,0.0,0.0,0.0,0.11024096608161926,0.11641566455364227,0.08616071939468384
15650000,3130,0.0,1.4158979654312134,-0.002131139859557152,-0.0022196739446371794,0.00017706837388686836,0.0,0.0,0.07880000025033951,0.2528499960899353,0.012449999339878559,0.0,0.0,0.0,0.09277108311653137,0.07906626909971237,0.0647321417927742
15655000,3131,0.0,1.4218425750732422,-0.009936739690601826,-0.009997984394431114,0.00012248920393176377,0.0,0.0,0.08715000003576279,0.2186499983072281,0.013249999843537807,0.0,0.0,0.0,0.08930723369121552,0.09638554602861404,0.0758928582072258
15660000,3132,0.0,1.4259167909622192,-0.004143333062529564,-0.004207434132695198,0.00012820212577935308,0.0,0.0,0.08940000087022781,0.2138499915599823,0.006949999835342169,0.0,0.0,0.0,0.10737951844930649,0.08825301378965378,0.07276786118745804
15665000,3133,0.0,1.4373236894607544,-0.004581178538501263,-0.004640499595552683,0.0001186419467558153,0.0,0.0,0.08784999698400497,0.22424998879432678,0.012550000101327896,0.0,0.0,0.0,0.1013554260134697,0.08509036153554916,0.07723214477300644
15670000,3134,0.0,1.4113394021987915,-0.0114508755505085,-0.011539927683770657,0.00017810378631111234,0.0,0.0,0.08349999785423279,0.2599000036716461,0.006149999797344208,0.0,0.0,0.0,0.1006024107336998,0.09442771226167679,0.0558035746216774
15675000,3135,0.0,1.4502941370010376,-0.0018125250935554504,-0.001863335375674069,0.00010162064427277073,0.0,0.0,0.1006999984383583,0.2462499886751175,0.012449999339878559,0.0,0.0,0.0,0.10662651062011719,0.10376506298780441,0.09181547909975052
15680000,3136,0.0,1.4601106643676758,-0.009023047983646393,-0.009064662270247936,8.322790381498635e-05,0.0,0.0,0.08524999767541885,0.22199998795986176,0.014999999664723873,0.0,0.0,0.0,0.08147590607404709,0.08960843831300735,0.08467262238264084
15685000,3137,0.0,1.4221374988555908,-0.0022190846502780914,-0.002284133806824684,0.0001300981530221179,0.0,0.0,0.06094999983906746,0.2268499881029129,0.021549999713897705,0.0,0.0,0.0,0.06686747074127197,0.06656626611948013,0.04955357313156128
15690000,3138,0.0,1.4309149980545044,-0.00676988298073411,-0.006875789258629084,0.00021181273041293025,0.0,0.0,0.0811999961733818,0.2328999936580658,0.013049999251961708,0.0,0.0,0.0,0.09578313678503036,0.085391566157341,0.06264881044626236
15695000,3139,0.0,1.4364951848983765,-0.006549253594130278,-0.006634887307882309,0.00017126742750406265,0.0,0.0,0.09314999729394913,0.22824999690055847,0.01184999942779541,0.0,0.0,0.0,0.09774096310138702,0.10873494297266006,0.07321428507566452
15700000,3140,0.0,1.4521484375,-0.0033165214117616415,-0.003357542445883155,8.204187906812876e-05,0.0,0.0,0.10409999638795853,0.21615000069141388,0.009649999439716339,0.0,0.0,0.0,0.11250000447034836,0.10256024450063705,0.09732143580913544
15705000,3141,0.0,1.443931221961975,-0.008105086162686348,-0.00815566722303629,0.00010116122575709596,0.0,0.0,0.08779999613761902,0.2219499945640564,0.010449999943375587,0.0,0.0,0.0,0.10436747223138809,0.08795180916786194,0.07127976417541504
15710000,3142,0.0,1.4162570238113403,-0.002125527011230588,-0.002203199313953519,0.000155344809172675,0.0,0.0,0.0828000009059906,0.23600000143051147,0.009800000116229057,0.0,0.0,0.0,0.09954819828271866,0.08433735370635986,0.0647321417927742
15715000,3143,0.0,1.4325658082962036,-0.008081484586000443,-0.008131539449095726,0.0001001099226414226,0.0,0.0,0.08879999816417694,0.218299999833107,0.011649999767541885,0.0,0.0,0.0,0.09352409839630127,0.09171687066555023,0.08125000447034836
15720000,3144,0.0,1.4136167764663696,-0.0029807076789438725,-0.003048910293728113,0.00013640512770507485,0.0,0.0,0.08374999463558197,0.22139999270439148,0.011649999767541885,0.0,0.0,0.0,0.09638554602861404,0.09503012150526047,0.06011905148625374
15725000,3145,0.0,1.4424034357070923,-0.008977310732007027,-0.009041509591042995,0.00012839828559663147,0.0,0.0,0.0851999968290329,0.22199998795986176,0.010099999606609344,0.0,0.0,0.0,0.09051205217838287,0.09518072754144669,0.07008928805589676
15730000,3146,0.0,1.4237751960754395,-0.0067179095931351185,-0.006790549494326115,0.0001452801370760426,0.0,0.0,0.07904999703168869,0.24824999272823334,0.012749999761581421,0.0,0.0,0.0,0.09322289377450943,0.079216867685318,0.06488095223903656
15735000,3147,0.0,1.4400306940078735,-0.004612292163074017,-0.004668348468840122,0.00011211258970433846,0.0,0.0,0.08529999852180481,0.23399999737739563,0.010350000113248825,0.0,0.0,0.0,0.09698795527219772,0.0968373492360115,0.06235119327902794
15740000,3148,0.0,1.442570447921753,-0.007022662553936243,-0.007072799373418093,0.00010027331882156432,0.0,0.0,0.08994999527931213,0.23549999296665192,0.008849999867379665,0.0,0.0,0.0,0.10843373835086823,0.09548193216323853,0.0662202388048172
15745000,3149,0.0,1.4303556680679321,-0.005702480208128691,-0.0057665519416332245,0.00012814361252821982,0.0,0.0,0.0750499963760376,0.2326499968767166,0.010499999858438969,0.0,0.0,0.0,0.08825301378965378,0.07951807230710983,0.05758928880095482
15750000,3150,0.0,1.4080616235733032,-0.0031694008503109217,-0.0032400256022810936,0.00014124964945949614,0.0,0.0,0.08214999735355377,0.2423499971628189,0.0038999998942017555,0.0,0.0,0.0,0.102108433842659,0.09397590905427933,0.05074404925107956
15755000,3151,0.0,1.4274015426635742,-0.0057427119463682175,-0.005802767816931009,0.00012011193757643923,0.0,0.0,0.0840499997138977,0.2590000033378601,0.00989999994635582,0.0,0.0,0.0,0.09804216772317886,0.09262048453092575,0.0617559552192688
15760000,3152,0.0,1.4413889646530151,-0.005662240087985992,-0.0057267723605036736,0.0001290641084779054,0.0,0.0,0.08269999921321869,0.2591499984264374,0.012600000016391277,0.0,0.0,0.0,0.08719879388809204,0.085391566157341,0.07559523731470108
15765000,3153,0.0,1.4090242385864258,-0.011403350159525871,-0.011515220627188683,0.00022374052787199616,0.0,0.0,0.0731000006198883,0.2637999951839447,0.01145000010728836,0.0,0.0,0.0,0.07861445844173431,0.08268072456121445,0.05818452686071396
15770000,3154,0.0,1.405527949333191,-0.003487741807475686,-0.0035968474112451077,0.00021821101836394519,0.0,0.0,0.07885000109672546,0.2423499971628189,0.007449999917298555,0.0,0.0,0.0,0.08629518002271652,0.08554217219352722,0.06488095223903656
15775000,3155,0.0,1.3917620182037354,-0.0018726851558312774,-0.0019884067587554455,0.00023144316219259053,0.0,0.0,0.07734999805688858,0.234499990940094,0.00925000011920929,0.0,0.0,0.0,0.10316265374422073,0.07063253223896027,0.05848214402794838
15780000,3156,0.0,1.379262924194336,-0.007847748696804047,-0.007944595068693161,0.00019369320943951607,0.0,0.0,0.07169999927282333,0.24034999310970306,0.00624999962747097,0.0,0.0,0.0,0.09774096310138702,0.0731927752494812,0.04449404776096344
15785000,3157,0.0,1.4054425954818726,-0.013552865013480186,-0.013621794991195202,0.0001378606102662161,0.0,0.0,0.08959999680519104,0.2166999876499176,0.012799999676644802,0.0,0.0,0.0,0.10587349534034729,0.08825301378965378,0.07485119253396988
15790000,3158,0.0,1.4274282455444336,-0.0018228280823677778,-0.0018720029620453715,9.834968659561127e-05,0.0,0.0,0.1059499979019165,0.20749999582767487,0.009549999609589577,0.0,0.0,0.0,0.11415662616491318,0.11656627058982849,0.08735119551420212
15795000,3159,0.0,1.4373217821121216,-0.004015231505036354,-0.00406687892973423,0.00010329465294489637,0.0,0.0,0.09115000069141388,0.22169999778270721,0.017099998891353607,0.0,0.0,0.0,0.10271084308624268,0.09743975847959518,0.07351190596818924
15800000,3160,0.0,1.4254200458526611,-0.005507367197424173,-0.005605567246675491,0.00019639974925667048,0.0,0.0,0.08644999563694,0.22294999659061432,0.007899999618530273,0.0,0.0,0.0,0.09427711367607117,0.09533132612705231,0.0699404776096344
15805000,3161,0.0,1.3846101760864258,-0.009081369265913963,-0.009228158742189407,0.00029357970925047994,0.0,0.0,0.058399997651576996,0.23774999380111694,0.016349999234080315,0.0,0.0,0.0,0.07033132761716843,0.06370481848716736,0.04136905074119568
15810000,3162,0.0,1.4071866273880005,-0.018611397594213486,-0.01871892809867859,0.00021506272605620325,0.0,0.0,0.06599999964237213,0.2406499981880188,0.015350000001490116,0.0,0.0,0.0,0.07334337383508682,0.07018072158098221,0.05461309850215912
15815000,3163,0.0,1.3935911655426025,-0.015321706421673298,-0.015465847216546535,0.0002882813278120011,0.0,0.0,0.06830000132322311,0.2584500014781952,0.010400000028312206,0.0,0.0,0.0,0.08524096757173538,0.07228916138410568,0.0476190485060215
15820000,3164,0.0,1.3661731481552124,-0.01961536332964897,-0.019852986559271812,0.00047524814726784825,0.0,0.0,0.06870000064373016,0.26729997992515564,0.011699999682605267,0.0,0.0,0.0,0.09081325680017471,0.07033132761716843,0.04523809626698494
15825000,3165,0.0,1.3653203248977661,-0.05949125811457634,-0.06005706638097763,0.0011316153686493635,0.0,0.0,0.06334999948740005,0.2708500027656555,0.008100000210106373,0.0,0.0,0.0,0.07906626909971237,0.06204819306731224,0.0491071455180645
15830000,3166,0.0,1.383878469467163,-0.014946572482585907,-0.01516574714332819,0.0004383483901619911,0.0,0.0,0.07254999876022339,0.2681500017642975,0.007199999876320362,0.0,0.0,0.0,0.09427711367607117,0.07259036600589752,0.05104167014360428
15835000,3167,0.0,1.402583122253418,0.012745052576065063,0.012568761594593525,0.0003525812062434852,0.0,0.0,0.07319999486207962,0.23510000109672546,0.00904999952763319,0.0,0.0,0.0,0.08343373984098434,0.08704819530248642,0.04940476268529892
15840000,3168,0.0,1.3895689249038696,-0.012003268115222454,-0.012188682332634926,0.0003708285803440958,0.0,0.0,0.07784999907016754,0.23349998891353607,0.0058999997563660145,0.0,0.0,0.0,0.094578318297863,0.07846385985612869,0.06071428954601288
15845000,3169,0.0,1.3788892030715942,-0.009676020592451096,-0.009832754731178284,0.0003134678700007498,0.0,0.0,0.07874999940395355,0.24764999747276306,0.005450000055134296,0.0,0.0,0.0,0.09849397838115692,0.0777108445763588,0.0602678582072258
15850000,3170,0.0,1.3896182775497437,0.0033077094703912735,0.0031576065812259912,0.00030020560370758176,0.0,0.0,0.07999999821186066,0.241799995303154,0.006749999709427357,0.0,0.0,0.0,0.10737951844930649,0.079216867685318,0.05372023954987526
15855000,3171,0.0,1.3599379062652588,-0.0016207309672608972,-0.0017593295779079199,0.0002771971339825541,0.0,0.0,0.07135000079870224,0.2603999972343445,0.013299999758601189,0.0,0.0,0.0,0.09879518300294876,0.06656626611948013,0.04895833507180214
15860000,3172,0.0,1.4174526929855347,-0.01025684829801321,-0.010363605804741383,0.00021351482428144664,0.0,0.0,0.0831499993801117,0.24069999158382416,0.015049999579787254,0.0,0.0,0.0,0.10165663063526154,0.0846385583281517,0.06339286267757416
15865000,3173,0.0,1.380803108215332,-0.0003749211900867522,-0.0005260492907837033,0.00030225623049773276,0.0,0.0,0.06024999916553497,0.2777999937534332,0.013150000013411045,0.0,0.0,0.0,0.08569277077913284,0.05225903540849686,0.04300595447421074
15870000,3174,0.0,1.3974922895431519,-0.004478816874325275,-0.004615199752151966,0.0002727657847572118,0.0,0.0,0.06435000151395798,0.2606000006198883,0.008899999782443047,0.0,0.0,0.0,0.0746987983584404,0.06777108460664749,0.05074404925107956
15875000,3175,0.0,1.3954882621765137,-0.009886842221021652,-0.010055694729089737,0.00033770574373193085,0.0,0.0,0.07864999771118164,0.23854999244213104,0.010649999603629112,0.0,0.0,0.0,0.09367470443248749,0.08283133059740067,0.05967262014746666
15880000,3176,0.0,1.3919936418533325,-0.007067534141242504,-0.007173159625381231,0.0002112508227583021,0.0,0.0,0.06340000033378601,0.20749999582767487,0.012949999421834946,0.0,0.0,0.0,0.08162650465965271,0.05737951770424843,0.0513392873108387
15885000,3177,0.0,1.39768385887146,-0.0060234395787119865,-0.006134372670203447,0.0002218663867097348,0.0,0.0,0.08614999800920486,0.2016499936580658,0.00930000003427267,0.0,0.0,0.0,0.11024096608161926,0.08132530003786087,0.06711310148239136
15890000,3178,0.0,1.402872085571289,-0.008881757035851479,-0.009008041583001614,0.0002525695599615574,0.0,0.0,0.08949999511241913,0.21324999630451202,0.00484999967738986,0.0,0.0,0.0,0.10602410137653351,0.08795180916786194,0.07470238208770752
15895000,3179,0.0,1.3574548959732056,-0.010596522130072117,-0.01086041983217001,0.0005277961608953774,0.0,0.0,0.07454999536275864,0.24584999680519104,0.00969999935477972,0.0,0.0,0.0,0.0868975892663002,0.06490963697433472,0.07187500596046448
15900000,3180,0.0,1.3855067491531372,0.003505092579871416,0.0032551779877394438,0.0004998294170945883,0.0,0.0,0.07649999856948853,0.23694999516010284,0.011249999515712261,0.0,0.0,0.0,0.09668675065040588,0.07635542005300522,0.05669642984867096
15905000,3181,0.0,1.3850845098495483,0.0032912835013121367,0.0030854588840156794,0.00041164911817759275,0.0,0.0,0.06844999641180038,0.22145000100135803,0.010849999263882637,0.0,0.0,0.0,0.08704819530248642,0.0647590383887291,0.05372023954987526
15910000,3182,0.0,1.3804688453674316,-0.015994932502508163,-0.016161825507879257,0.0003337853995617479,0.0,0.0,0.06669999659061432,0.20544999837875366,0.01249999925494194,0.0,0.0,0.0,0.09728915989398956,0.06430722773075104,0.03883928805589676
15915000,3183,0.0,1.3632192611694336,-0.08374378830194473,-0.08494983613491058,0.002412092871963978,0.0,0.0,0.07315000146627426,0.2149999886751175,0.00839999970048666,0.0,0.0,0.0,0.11370482295751572,0.05783132463693619,0.04821428656578064
15920000,3184,0.0,1.3511135578155518,-0.0653858333826065,-0.06615329533815384,0.001534926937893033,0.0,0.0,0.07129999995231628,0.24199999868869781,0.016750000417232513,0.0,0.0,0.0,0.09518072754144669,0.06987951695919037,0.0491071455180645
15925000,3185,0.0,1.35090970993042,0.07056812942028046,0.06949245184659958,0.002151351422071457,0.0,0.0,0.07355000078678131,0.27410000562667847,0.007049999665468931,0.0,0.0,0.0,0.10316265374422073,0.07078313082456589,0.04702381044626236
15930000,3186,0.0,1.3847852945327759,-0.06087436154484749,-0.06143055856227875,0.0011123941512778401,0.0,0.0,0.0872499942779541,0.2611500024795532,0.008599999360740185,0.0,0.0,0.0,0.10963855683803558,0.08448795229196548,0.06785714626312256
15935000,3187,0.0,1.3622469902038574,0.03144330531358719,0.031100591644644737,0.0006854253588244319,0.0,0.0,0.06424999982118607,0.24489998817443848,0.010799999348819256,0.0,0.0,0.0,0.09713855385780334,0.05692771077156067,0.03898809850215912
15940000,3188,0.0,1.328074336051941,-0.032214872539043427,-0.032613761723041534,0.0007977806963026524,0.0,0.0,0.07414999604225159,0.2730499804019928,0.011500000022351742,0.0,0.0,0.0,0.1036144569516182,0.06867469847202301,0.05044643208384514
15945000,3189,0.0,1.3181644678115845,0.01461224164813757,0.014235848560929298,0.0007527866400778294,0.0,0.0,0.06839999556541443,0.2809999883174896,0.01205000001937151,0.0,0.0,0.0,0.09337349236011505,0.06430722773075104,0.04776785895228386
15950000,3190,0.0,1.331424355506897,-0.013509616255760193,-0.013837862759828568,0.0006564921932294965,0.0,0.0,0.07149999588727951,0.2839999794960022,0.009949999861419201,0.0,0.0,0.0,0.08012048155069351,0.07289157062768936,0.06160714477300644
15955000,3191,0.0,1.3284521102905273,-0.003942317329347134,-0.004300709348171949,0.000716784386895597,0.0,0.0,0.07665000110864639,0.2782000005245209,0.004600000102072954,0.0,0.0,0.0,0.09487952291965485,0.0846385583281517,0.05074404925107956
15960000,3192,0.0,1.357535481452942,-0.005970844067633152,-0.006125659681856632,0.0003096308500971645,0.0,0.0,0.07129999995231628,0.22709999978542328,0.004249999765306711,0.0,0.0,0.0,0.0876506045460701,0.06852409988641739,0.05788690596818924
15965000,3193,0.0,1.3667824268341064,-0.0040777092799544334,-0.004228978417813778,0.0003025379264727235,0.0,0.0,0.08094999939203262,0.2324499934911728,0.012299999594688416,0.0,0.0,0.0,0.08810240775346756,0.09141566604375839,0.06354166567325592
15970000,3194,0.0,1.3541451692581177,-0.0032466610427945852,-0.0034551925491541624,0.00041706289630383253,0.0,0.0,0.0778999999165535,0.24740000069141388,0.015350000001490116,0.0,0.0,0.0,0.10105422139167786,0.0831325352191925,0.049851194024086
15975000,3195,0.0,1.3587709665298462,-0.01033336017280817,-0.010509463027119637,0.0003522062033880502,0.0,0.0,0.07844999432563782,0.2746500074863434,0.008999999612569809,0.0,0.0,0.0,0.09096385538578033,0.0777108445763588,0.06681548058986664
15980000,3196,0.0,1.3460198640823364,-0.000873771496117115,-0.0011061785044148564,0.0004648140456993133,0.0,0.0,0.0819999948143959,0.29225000739097595,0.0035500000230968,0.0,0.0,0.0,0.1075301244854927,0.07289157062768936,0.06577381491661072
15985000,3197,0.0,1.3191337585449219,-0.00800628773868084,-0.008352651260793209,0.0006927267531864345,0.0,0.0,0.06300000101327896,0.2968499958515167,0.01249999925494194,0.0,0.0,0.0,0.08147590607404709,0.06114457920193672,0.04657738283276558
15990000,3198,0.0,1.3607466220855713,-0.002744352212175727,-0.0029683501925319433,0.00044799575698561966,0.0,0.0,0.05900000035762787,0.27664998173713684,0.0071000000461936,0.0,0.0,0.0,0.07304216921329498,0.06009036302566528,0.04404762014746666
15995000,3199,0.0,1.3267356157302856,-0.008749855682253838,-0.009060530923306942,0.0006213510641828179,0.0,0.0,0.06589999794960022,0.2820499837398529,0.007349999621510506,0.0,0.0,0.0,0.08719879388809204,0.06234939768910408,0.048363097012043
16000000,3200,0.0,1.3261610269546509,-0.0002480063703842461,-0.0005259384051896632,0.0005558640696108341,0.0,0.0,0.06790000200271606,0.27744999527931213,0.012349999509751797,0.0,0.0,0.0,0.0876506045460701,0.0754518061876297,0.0409226194024086
16005000,3201,0.0,1.2997236251831055,-0.011039805598556995,-0.011310108937323093,0.0005406063282862306,0.0,0.0,0.06094999983906746,0.2689499855041504,0.010300000198185444,0.0,0.0,0.0,0.09367470443248749,0.05737951770424843,0.03214285895228386
16010000,3202,0.0,1.3190631866455078,-0.0021208517719060183,-0.0022934572771191597,0.0003452110104262829,0.0,0.0,0.06014999747276306,0.2777000069618225,0.011299999430775642,0.0,0.0,0.0,0.08930723369121552,0.04984939843416214,0.04151785746216774
16015000,3203,0.0,1.3300726413726807,-0.006919787265360355,-0.007118764333426952,0.0003979538450948894,0.0,0.0,0.05714999884366989,0.2793499827384949,0.012149999849498272,0.0,0.0,0.0,0.07816265523433685,0.053463857620954514,0.04002976417541504
16020000,3204,0.0,1.308501958847046,-0.0038364953361451626,-0.0041037132032215595,0.0005344359087757766,0.0,0.0,0.05219999700784683,0.2981500029563904,0.006899999920278788,0.0,0.0,0.0,0.07500000298023224,0.05587349459528923,0.0260416679084301
16025000,3205,0.0,1.3257120847702026,-0.004271470010280609,-0.00451604463160038,0.0004891494754701853,0.0,0.0,0.05859999731183052,0.30254998803138733,0.0037999998312443495,0.0,0.0,0.0,0.08795180916786194,0.0510542169213295,0.03705357387661934
16030000,3206,0.0,1.3076801300048828,-0.005403351970016956,-0.005679626949131489,0.0005525501328520477,0.0,0.0,0.07090000063180923,0.3055499792098999,0.006850000005215406,0.0,0.0,0.0,0.08298192918300629,0.08087349683046341,0.0491071455180645
16035000,3207,0.0,1.314440131187439,-0.005712396930903196,-0.0059387702494859695,0.00045274620060808957,0.0,0.0,0.062449999153614044,0.2983500063419342,0.009349999949336052,0.0,0.0,0.0,0.08042168617248535,0.0662650614976883,0.0409226194024086
16040000,3208,0.0,1.3236664533615112,-0.004724412225186825,-0.004981755744665861,0.0005146872135810554,0.0,0.0,0.07575000077486038,0.2793999910354614,0.008449999615550041,0.0,0.0,0.0,0.10331325232982635,0.06807228922843933,0.05610119178891182
16045000,3209,0.0,1.3299181461334229,-0.004997359588742256,-0.005243347026407719,0.0004919747007079422,0.0,0.0,0.07499999552965164,0.26019999384880066,0.012899999506771564,0.0,0.0,0.0,0.1013554260134697,0.07213855534791946,0.05178571492433548
16050000,3210,0.0,1.340786337852478,-0.004884697962552309,-0.005061258561909199,0.00035312099498696625,0.0,0.0,0.0702499970793724,0.26489999890327454,0.008349999785423279,0.0,0.0,0.0,0.09186746925115585,0.07274096459150314,0.04642857238650322
16055000,3211,0.0,1.350989580154419,-0.006045210640877485,-0.00626018550246954,0.0004299500724300742,0.0,0.0,0.07199999690055847,0.28174999356269836,0.0052999998442828655,0.0,0.0,0.0,0.08704819530248642,0.08222891390323639,0.04702381044626236
16060000,3212,0.0,1.3377571105957031,-0.004890697542577982,-0.0051274909637868404,0.00047358640586026013,0.0,0.0,0.05959999933838844,0.30094999074935913,0.008100000210106373,0.0,0.0,0.0,0.0831325352191925,0.0495481938123703,0.04627976194024086
16065000,3213,0.0,1.3186668157577515,-0.005031579174101353,-0.005310738459229469,0.0005583188612945378,0.0,0.0,0.06334999948740005,0.3063499927520752,0.010900000110268593,0.0,0.0,0.0,0.085391566157341,0.06189759075641632,0.04300595447421074
16070000,3214,0.0,1.3125773668289185,-0.005601465702056885,-0.005899724084883928,0.0005965169984847307,0.0,0.0,0.06870000064373016,0.289249986410141,0.00865000020712614,0.0,0.0,0.0,0.08554217219352722,0.06641566753387451,0.0543154776096344
16075000,3215,0.0,1.2360825538635254,-0.03503577038645744,-0.03561069071292877,0.0011498437961563468,0.0,0.0,0.07284999638795853,0.31619998812675476,0.007799999788403511,0.0,0.0,0.0,0.09141566604375839,0.06506024301052094,0.06220238283276558
16080000,3216,0.0,1.3314708471298218,0.015869803726673126,0.0156133146956563,0.0005129771307110786,0.0,0.0,0.06799999624490738,0.26639997959136963,0.009999999776482582,0.0,0.0,0.0,0.07560241222381592,0.0754518061876297,0.05312500149011612
16085000,3217,0.0,1.3303216695785522,-0.021711315959692,-0.02191006764769554,0.0003975016006734222,0.0,0.0,0.06509999930858612,0.28119999170303345,0.007249999791383743,0.0,0.0,0.0,0.07228916138410568,0.07078313082456589,0.05238095298409462
16090000,3218,0.0,1.302584171295166,0.007928523235023022,0.0076427161693573,0.0005716150044463575,0.0,0.0,0.06504999846220016,0.28450000286102295,0.0066999997943639755,0.0,0.0,0.0,0.08478915691375732,0.0647590383887291,0.04583333432674408
16095000,3219,0.0,1.2798386812210083,-0.0015051866648718715,-0.0018264707177877426,0.0006425681640394032,0.0,0.0,0.0543999969959259,0.2825999855995178,0.0139999995008111,0.0,0.0,0.0,0.06280120462179184,0.05496988072991371,0.04553571715950966
16100000,3220,0.0,1.2882050275802612,-0.019824668765068054,-0.020144643262028694,0.0006399497506208718,0.0,0.0,0.05079999938607216,0.27789998054504395,0.013449999503791332,0.0,0.0,0.0,0.0609939768910408,0.05617469921708107,0.03541666641831398
16105000,3221,0.0,1.2352200746536255,0.003541452344506979,0.0030832544434815645,0.0009163960348814726,0.0,0.0,0.058799996972084045,0.2930999994277954,0.009149999357759953,0.0,0.0,0.0,0.08448795229196548,0.052710846066474915,0.0394345261156559
16110000,3222,0.0,1.2854167222976685,-0.013371540233492851,-0.013730707578361034,0.0007183353882282972,0.0,0.0,0.0742499977350235,0.25380000472068787,0.010350000113248825,0.0,0.0,0.0,0.08177711069583893,0.08373494446277618,0.05744047835469246
16115000,3223,0.0,1.2949581146240234,-0.005717731546610594,-0.006018580868840218,0.0006016986444592476,0.0,0.0,0.07774999737739563,0.26635000109672546,0.007899999618530273,0.0,0.0,0.0,0.1013554260134697,0.07635542005300522,0.0558035746216774
16120000,3224,0.0,1.2850251197814941,-0.005527956876903772,-0.005908743012696505,0.0007615722715854645,0.0,0.0,0.07750000059604645,0.2741999924182892,0.006799999624490738,0.0,0.0,0.0,0.09969879686832428,0.0769578292965889,0.05610119178891182
16125000,3225,0.0,1.2646719217300415,-0.012734162621200085,-0.013127544894814491,0.0007867640815675259,0.0,0.0,0.07364999502897263,0.2992999851703644,0.006049999967217445,0.0,0.0,0.0,0.09262048453092575,0.07183735072612762,0.05669642984867096
16130000,3226,0.0,1.298193097114563,-0.004796106833964586,-0.005091576837003231,0.0005909398896619678,0.0,0.0,0.06780000030994415,0.3107999861240387,0.007599999662488699,0.0,0.0,0.0,0.08734939992427826,0.0655120462179184,0.05074404925107956
16135000,3227,0.0,1.289741039276123,0.0018724878318607807,0.0015484719770029187,0.0006480317679233849,0.0,0.0,0.060750000178813934,0.3292999863624573,0.004799999762326479,0.0,0.0,0.0,0.08343373984098434,0.058132532984018326,0.0409226194024086
16140000,3228,0.0,1.3080171346664429,-0.013073679991066456,-0.013320577330887318,0.0004937950288876891,0.0,0.0,0.060750000178813934,0.30914998054504395,0.00559999980032444,0.0,0.0,0.0,0.07680723071098328,0.0632530152797699,0.0424107164144516
16145000,3229,0.0,1.3148707151412964,0.0037241827230900526,0.0034325041342526674,0.0005833573522977531,0.0,0.0,0.0559999980032444,0.2985999882221222,0.005549999885261059,0.0,0.0,0.0,0.08057229220867157,0.0510542169213295,0.03660714253783226
16150000,3230,0.0,1.2913579940795898,-0.017247771844267845,-0.017513567581772804,0.0005315928137861192,0.0,0.0,0.05429999902844429,0.2622999846935272,0.00624999962747097,0.0,0.0,0.0,0.08524096757173538,0.04216867685317993,0.0357142873108387
16155000,3231,0.0,1.301327109336853,0.0060866582207381725,0.0057569220662117004,0.000659472425468266,0.0,0.0,0.06129999831318855,0.24754999577999115,0.01145000010728836,0.0,0.0,0.0,0.07816265523433685,0.058433737605810165,0.04747023805975914
16160000,3232,0.0,1.2605730295181274,-0.0059056575410068035,-0.006301327142864466,0.0007913395529612899,0.0,0.0,0.06404999643564224,0.27515000104904175,0.009649999439716339,0.0,0.0,0.0,0.0769578292965889,0.059487953782081604,0.0558035746216774
16165000,3233,0.0,1.3014551401138306,-0.004918560851365328,-0.005240789148956537,0.0006444563623517752,0.0,0.0,0.08534999936819077,0.2678000032901764,0.006649999879300594,0.0,0.0,0.0,0.10496988147497177,0.07966867834329605,0.07157738506793976
16170000,3234,0.0,1.2920305728912354,0.0028936394955962896,0.002534325234591961,0.0007186284638009965,0.0,0.0,0.08614999800920486,0.2917499840259552,0.007999999448657036,0.0,0.0,0.0,0.12786145508289337,0.07801204919815063,0.05297619104385376
16175000,3235,0.0,1.3100333213806152,-0.010153223760426044,-0.01044540572911501,0.0005843638209626079,0.0,0.0,0.08190000057220459,0.28654998540878296,0.008999999612569809,0.0,0.0,0.0,0.10376506298780441,0.07861445844173431,0.06354166567325592
16180000,3236,0.0,1.3040286302566528,0.0005362582160159945,0.0002313087461516261,0.0006098989979363978,0.0,0.0,0.05954999849200249,0.27605000138282776,0.014299999922513962,0.0,0.0,0.0,0.08780120313167572,0.053162652999162674,0.0379464291036129
16185000,3237,0.0,1.2642589807510376,-0.037457067519426346,-0.03804091736674309,0.0011677026050165296,0.0,0.0,0.06624999642372131,0.2807999849319458,0.01209999993443489,0.0,0.0,0.0,0.08253011852502823,0.04819277301430702,0.06800595670938492
16190000,3238,0.0,1.3562891483306885,-0.0008293445571325719,-0.0010193373309448361,0.0003799855476245284,0.0,0.0,0.04714999720454216,0.24699999392032623,0.015149999409914017,0.0,0.0,0.0,0.05557228997349739,0.04277108609676361,0.0431547649204731
16195000,3239,0.0,1.3054583072662354,0.014630950056016445,0.014247042126953602,0.0007678152178414166,0.0,0.0,0.05574999749660492,0.26829999685287476,0.008349999785423279,0.0,0.0,0.0,0.07680723071098328,0.04593373462557793,0.0446428582072258
16200000,3240,0.0,1.294006586074829,-0.019915267825126648,-0.02023409679532051,0.0006376595119945705,0.0,0.0,0.0494999997317791,0.2940499782562256,0.008499999530613422,0.0,0.0,0.0,0.07756024599075317,0.039909638464450836,0.03125
16205000,3241,0.0,1.2959269285202026,0.004471386782824993,0.0041650994680821896,0.0006125746294856071,0.0,0.0,0.0543999969959259,0.28610000014305115,0.007799999788403511,0.0,0.0,0.0,0.0709337368607521,0.05090361461043358,0.04151785746216774
16210000,3242,0.0,1.2363481521606445,0.019005054607987404,0.01848772168159485,0.0010346644558012486,0.0,0.0,0.04554999992251396,0.30959999561309814,0.005450000055134296,0.0,0.0,0.0,0.06536144763231277,0.035391565412282944,0.03601190447807312
16215000,3243,0.0,1.2675179243087769,0.02058841474354267,0.020118800923228264,0.0009392285137437284,0.0,0.0,0.05289999768137932,0.31984999775886536,0.008100000210106373,0.0,0.0,0.0,0.08042168617248535,0.0381024107336998,0.04032738134264946
16220000,3244,0.0,1.2627620697021484,-0.010061194188892841,-0.010541236959397793,0.0009600853663869202,0.0,0.0,0.06759999692440033,0.3128499984741211,0.005249999929219484,0.0,0.0,0.0,0.08554217219352722,0.053313255310058594,0.063988097012043
16225000,3245,0.0,1.2963306903839111,-0.017595145851373672,-0.01801401935517788,0.00083774677477777,0.0,0.0,0.06594999879598618,0.2975499927997589,0.00559999980032444,0.0,0.0,0.0,0.09231927990913391,0.05060240998864174,0.0550595261156559
16230000,3246,0.0,1.3210411071777344,0.0032911875750869513,0.002988785970956087,0.0006048031500540674,0.0,0.0,0.06825000047683716,0.26639997959136963,0.008200000040233135,0.0,0.0,0.0,0.09156626462936401,0.06611446291208267,0.04732143133878708
16235000,3247,0.0,1.3128986358642578,-0.003802492981776595,-0.0041286274790763855,0.0006522690528072417,0.0,0.0,0.06159999966621399,0.2793499827384949,0.01054999977350235,0.0,0.0,0.0,0.06716867536306381,0.06731928139925003,0.05044643208384514
16240000,3248,0.0,1.2413649559020996,-0.021242035552859306,-0.02176252007484436,0.0010409675305709243,0.0,0.0,0.05274999886751175,0.31174999475479126,0.005399999674409628,0.0,0.0,0.0,0.07635542005300522,0.04397590458393097,0.03809523954987526
16245000,3249,0.0,1.2687897682189941,-0.04568828269839287,-0.0464172437787056,0.0014579201815649867,0.0,0.0,0.06729999929666519,0.29580000042915344,0.007400000002235174,0.0,0.0,0.0,0.08599397540092468,0.06716867536306381,0.04895833507180214
16250000,3250,0.0,1.2646416425704956,-0.03526255860924721,-0.03590412065386772,0.0012831233907490969,0.0,0.0,0.057749997824430466,0.30699998140335083,0.00904999952763319,0.0,0.0,0.0,0.07650602608919144,0.0480421707034111,0.04880952462553978
16255000,3251,0.0,1.2100118398666382,-0.01926182396709919,-0.019839704036712646,0.0011557615362107754,0.0,0.0,0.06399999558925629,0.32099997997283936,0.005399999674409628,0.0,0.0,0.0,0.07996988296508789,0.05421686917543411,0.05788690596818924
16260000,3252,0.0,1.243060827255249,-0.006200910080224276,-0.00664187828078866,0.0008819362265057862,0.0,0.0,0.06319999694824219,0.3337000012397766,0.011649999767541885,0.0,0.0,0.0,0.08478915691375732,0.04789156839251518,0.05699405074119568
16265000,3253,0.0,1.2133255004882812,0.035495806485414505,0.034708719700574875,0.0015741768293082714,0.0,0.0,0.09209999442100525,0.33104997873306274,0.00484999967738986,0.0,0.0,0.0,0.10301204770803452,0.07484939694404602,0.09836310148239136
16270000,3254,0.0,1.2180335521697998,0.05275120958685875,0.051692839711904526,0.0021167376544326544,0.0,0.0,0.09619999676942825,0.3234499990940094,0.005699999630451202,0.0,0.0,0.0,0.0968373492360115,0.09156626462936401,0.10014881193637848
16275000,3255,0.0,1.1738874912261963,-0.021728498861193657,-0.022268861532211304,0.0010807246435433626,0.0,0.0,0.06364999711513519,0.3363499939441681,0.005549999885261059,0.0,0.0,0.0,0.08885542303323746,0.052560243755578995,0.04970238357782364
16280000,3256,0.0,1.2512480020523071,0.010568683035671711,0.010141334496438503,0.0008546973112970591,0.0,0.0,0.0803999975323677,0.29464998841285706,0.006850000005215406,0.0,0.0,0.0,0.0754518061876297,0.06490963697433472,0.10059524327516556
16285000,3257,0.0,1.2331371307373047,-0.0038107754662632942,-0.004321219399571419,0.001020887866616249,0.0,0.0,0.09079999476671219,0.27219998836517334,0.0038999998942017555,0.0,0.0,0.0,0.09367470443248749,0.08253011852502823,0.09613095968961716
16290000,3258,0.0,1.2325798273086548,-0.013142147101461887,-0.013649223372340202,0.001014151843264699,0.0,0.0,0.08585000038146973,0.29729998111724854,0.004900000058114529,0.0,0.0,0.0,0.09593373537063599,0.07635542005300522,0.08526785671710968
16295000,3259,0.0,1.222023367881775,0.007580830715596676,0.007091043516993523,0.0009795739315450191,0.0,0.0,0.10399999469518661,0.3062500059604645,0.00634999992325902,0.0,0.0,0.0,0.0975903645157814,0.07530120760202408,0.13869048655033112
16300000,3260,0.0,1.2628288269042969,-0.013399006798863411,-0.013872405514121056,0.0009467975469306111,0.0,0.0,0.1005999967455864,0.2687000036239624,0.004549999721348286,0.0,0.0,0.0,0.1097891554236412,0.07861445844173431,0.11324404925107956
16305000,3261,0.0,1.24056077003479,0.0036082740407437086,0.0031485334038734436,0.00091948127374053,0.0,0.0,0.08864999562501907,0.28224998712539673,0.007449999917298555,0.0,0.0,0.0,0.1105421707034111,0.07259036600589752,0.08288690447807312
16310000,3262,0.0,1.2288380861282349,-0.010656498372554779,-0.011111591942608356,0.0009101880714297295,0.0,0.0,0.09155000001192093,0.29319998621940613,0.0064999996684491634,0.0,0.0,0.0,0.08704819530248642,0.07981927692890167,0.10758928954601288
16315000,3263,0.0,1.2007427215576172,0.0008760190103203058,0.0003801252169068903,0.000991787645034492,0.0,0.0,0.08574999868869781,0.3178499937057495,0.008049999363720417,0.0,0.0,0.0,0.09774096310138702,0.05045180767774582,0.10877976566553116
16320000,3264,0.0,1.2336832284927368,-0.0074150762520730495,-0.007920751348137856,0.0010113498428836465,0.0,0.0,0.09714999794960022,0.29589998722076416,0.005150000099092722,0.0,0.0,0.0,0.10436747223138809,0.09262048453092575,0.0944940522313118
16325000,3265,0.0,1.1900044679641724,0.0032518089283257723,0.0027436367236077785,0.0010163444094359875,0.0,0.0,0.09299999475479126,0.3171499967575073,0.008449999615550041,0.0,0.0,0.0,0.10406626760959625,0.06144578382372856,0.11324404925107956
16330000,3266,0.0,1.2399203777313232,-0.018582254648208618,-0.01916634850203991,0.0011681877076625824,0.0,0.0,0.09070000052452087,0.2793499827384949,0.006749999709427357,0.0,0.0,0.0,0.08885542303323746,0.06671687215566635,0.11622024327516556
16335000,3267,0.0,1.231868863105774,0.005479949526488781,0.005079662427306175,0.0008005737327039242,0.0,0.0,0.06385000050067902,0.3357499837875366,0.009800000116229057,0.0,0.0,0.0,0.07228916138410568,0.05602409690618515,0.0632440522313118
16340000,3268,0.0,1.2363033294677734,-0.011833900585770607,-0.012333831749856472,0.0009998632594943047,0.0,0.0,0.08639999479055405,0.28974997997283936,0.00930000003427267,0.0,0.0,0.0,0.06822289526462555,0.0640060231089592,0.1264881044626236
16345000,3269,0.0,1.203599452972412,-0.009827956557273865,-0.010370436124503613,0.0010849598329514265,0.0,0.0,0.08974999934434891,0.26664999127388,0.007449999917298555,0.0,0.0,0.0,0.0662650614976883,0.07228916138410568,0.1302083432674408
16350000,3270,0.0,1.2092783451080322,0.004669741727411747,0.003967694938182831,0.0014040932292118669,0.0,0.0,0.12725000083446503,0.22164998948574066,0.004999999888241291,0.0,0.0,0.0,0.08358433842658997,0.09337349236011505,0.2038690596818924
16355000,3271,0.0,1.2207696437835693,0.0019423381891101599,0.0013935533352196217,0.0010975698241963983,0.0,0.0,0.10759999603033066,0.2378999888896942,0.00699999975040555,0.0,0.0,0.0,0.08524096757173538,0.10843373835086823,0.12886905670166016
16360000,3272,0.0,1.2015939950942993,-0.006865419447422028,-0.007398954592645168,0.0010670707561075687,0.0,0.0,0.13300000131130219,0.25029999017715454,0.008249999955296516,0.0,0.0,0.0,0.09126506000757217,0.10662651062011719,0.20029762387275696
16365000,3273,0.0,1.1887104511260986,-0.012338048778474331,-0.01300478633493185,0.0013334756949916482,0.0,0.0,0.16210000216960907,0.2259499877691269,0.004650000017136335,0.0,0.0,0.0,0.1028614491224289,0.1426204890012741,0.23988096415996552
16370000,3274,0.0,1.2086042165756226,-0.007535258773714304,-0.0080778319388628,0.0010851466795429587,0.0,0.0,0.13374999165534973,0.24699999392032623,0.005200000014156103,0.0,0.0,0.0,0.08087349683046341,0.1418674737215042,0.17797619104385376
16375000,3275,0.0,1.1850457191467285,-0.0035272198729217052,-0.004097266122698784,0.0011400922667235136,0.0,0.0,0.12839999794960022,0.25529998540878296,0.003000000026077032,0.0,0.0,0.0,0.08027108758687973,0.10271084308624268,0.20133928954601288
16380000,3276,0.0,1.1922721862792969,-0.008005984127521515,-0.008520797826349735,0.0010296277469024062,0.0,0.0,0.14524999260902405,0.23844999074935913,0.004299999680370092,0.0,0.0,0.0,0.07063253223896027,0.1036144569516182,0.2601190507411957
16385000,3277,0.0,1.1758252382278442,-0.005164526402950287,-0.005711034405976534,0.0010930158896371722,0.0,0.0,0.13519999384880066,0.25404998660087585,0.007999999448657036,0.0,0.0,0.0,0.05647590383887291,0.12003012001514435,0.22797620296478271
16390000,3278,0.0,1.1681572198867798,-0.028663650155067444,-0.029374461621046066,0.0014216233976185322,0.0,0.0,0.16740000247955322,0.25450000166893005,0.004900000058114529,0.0,0.0,0.0,0.06009036302566528,0.1691265106201172,0.27172619104385376
16395000,3279,0.0,1.1962215900421143,-0.021560117602348328,-0.022143861278891563,0.001167486421763897,0.0,0.0,0.1509999930858612,0.2777999937534332,0.005399999674409628,0.0,0.0,0.0,0.09578313678503036,0.15361446142196655,0.20297619700431824
16400000,3280,0.0,1.2132292985916138,0.006565873511135578,0.0060485959984362125,0.0010345546761527658,0.0,0.0,0.17915000021457672,0.2361999899148941,0.0035500000230968,0.0,0.0,0.0,0.09548193216323853,0.17725904285907745,0.2636904716491699
16405000,3281,0.0,1.191717505455017,0.002680432517081499,0.002176843583583832,0.001007177634164691,0.0,0.0,0.1253499984741211,0.2475999891757965,0.0037999998312443495,0.0,0.0,0.0,0.07680723071098328,0.09939759224653244,0.19895833730697632
16410000,3282,0.0,1.2531020641326904,-0.012067914940416813,-0.012521136552095413,0.0009064436890184879,0.0,0.0,0.11149999499320984,0.23510000109672546,0.0058999997563660145,0.0,0.0,0.0,0.06987951695919037,0.08960843831300735,0.17425595223903656
16415000,3283,0.0,1.1953989267349243,0.0038197841495275497,0.003276779782027006,0.0010860085021704435,0.0,0.0,0.16174998879432678,0.21594999730587006,0.006599999964237213,0.0,0.0,0.0,0.071686752140522,0.1447289139032364,0.2675595283508301
16420000,3284,0.0,1.2167954444885254,-0.0008853900362737477,-0.0013188811717554927,0.00086698227096349,0.0,0.0,0.11864999681711197,0.2434999942779541,0.005499999970197678,0.0,0.0,0.0,0.07304216921329498,0.09096385538578033,0.19107143580913544
16425000,3285,0.0,1.1696038246154785,-0.0658661350607872,-0.0669698491692543,0.002207424957305193,0.0,0.0,0.15905000269412994,0.25564998388290405,0.003499999875202775,0.0,0.0,0.0,0.08448795229196548,0.14051204919815063,0.2510416805744171
16430000,3286,0.0,1.1499284505844116,-0.06519965827465057,-0.06637875735759735,0.002358196536079049,0.0,0.0,0.14845000207424164,0.2797499895095825,0.00494999997317791,0.0,0.0,0.0,0.09698795527219772,0.13825301826000214,0.20937500894069672
16435000,3287,0.0,1.1828745603561401,0.03930990397930145,0.038583215326070786,0.0014533755602315068,0.0,0.0,0.11624999344348907,0.3222000002861023,0.005949999671429396,0.0,0.0,0.0,0.08554217219352722,0.10256024450063705,0.16011905670166016
16440000,3288,0.0,1.165157437324524,-0.03696664795279503,-0.03764602914452553,0.0013587636640295386,0.0,0.0,0.18424999713897705,0.26019999384880066,0.002849999815225601,0.0,0.0,0.0,0.08900602906942368,0.205873504281044,0.2569940686225891
16445000,3289,0.0,1.153439998626709,0.01938568241894245,0.01877116970717907,0.0012290248414501548,0.0,0.0,0.12834998965263367,0.3093999922275543,0.005750000011175871,0.0,0.0,0.0,0.09231927990913391,0.12846386432647705,0.16383929550647736
16450000,3290,0.0,1.140423059463501,-0.020894408226013184,-0.021486898884177208,0.0011849796865135431,0.0,0.0,0.14675000309944153,0.3146999776363373,0.0036499998532235622,0.0,0.0,0.0,0.09292168915271759,0.15075302124023438,0.19598214328289032
16455000,3291,0.0,1.1422303915023804,0.019042877480387688,0.018319249153137207,0.0014472572365775704,0.0,0.0,0.18504999577999115,0.2854999899864197,0.00419999985024333,0.0,0.0,0.0,0.09231927990913391,0.20768073201179504,0.25431549549102783
16460000,3292,0.0,1.123180866241455,-0.019380375742912292,-0.01990978606045246,0.0010588205186650157,0.0,0.0,0.10749999433755875,0.33695000410079956,0.006899999920278788,0.0,0.0,0.0,0.08930723369121552,0.09367470443248749,0.1391369104385376
16465000,3293,0.0,1.204665184020996,-0.0058994293212890625,-0.006375687196850777,0.0009525154018774629,0.0,0.0,0.16094999015331268,0.2239999920129776,0.006749999709427357,0.0,0.0,0.0,0.08418674767017365,0.16295181214809418,0.23482143878936768
16470000,3294,0.0,1.163381814956665,0.00302702933549881,0.0024372641928493977,0.001179530518129468,0.0,0.0,0.1643500030040741,0.23544999957084656,0.00839999970048666,0.0,0.0,0.0,0.08840361982584,0.15045180916786194,0.25312501192092896
16475000,3295,0.0,1.2301867008209229,-0.01567102037370205,-0.01610390655696392,0.0008657712023705244,0.0,0.0,0.10300000011920929,0.23229999840259552,0.006899999920278788,0.0,0.0,0.0,0.0754518061876297,0.07424698770046234,0.15863095223903656
16480000,3296,0.0,1.1850847005844116,0.006971859373152256,0.006492490880191326,0.0009587371605448425,0.0,0.0,0.10875000059604645,0.23524999618530273,0.006949999835342169,0.0,0.0,0.0,0.08524096757173538,0.09352409839630127,0.14702381193637848
16485000,3297,0.0,1.1715960502624512,-0.012138149701058865,-0.012677088379859924,0.0010778781725093722,0.0,0.0,0.2044999897480011,0.2069000005722046,0.006099999882280827,0.0,0.0,0.0,0.10647590458393097,0.21219879388809204,0.29375001788139343
16490000,3298,0.0,1.1670445203781128,0.0029233726672828197,0.00237271492369473,0.0011013157200068235,0.0,0.0,0.14634999632835388,0.23834998905658722,0.0044999998062849045,0.0,0.0,0.0,0.09503012150526047,0.15813253819942474,0.18541666865348816
16495000,3299,0.0,1.1255052089691162,-0.009739021770656109,-0.010365783236920834,0.0012535233981907368,0.0,0.0,0.17344999313354492,0.2656500041484833,0.005200000014156103,0.0,0.0,0.0,0.10466867685317993,0.19021084904670715,0.22485120594501495
16500000,3300,0.0,1.1164114475250244,-0.0038019963540136814,-0.00452953577041626,0.001455078599974513,0.0,0.0,0.19094999134540558,0.23389999568462372,0.004399999976158142,0.0,0.0,0.0,0.10406626760959625,0.2156626582145691,0.25238096714019775
16505000,3301,0.0,1.1058340072631836,-0.005088789854198694,-0.005767472088336945,0.0013573647011071444,0.0,0.0,0.1561499983072281,0.24929998815059662,0.006949999835342169,0.0,0.0,0.0,0.09216867387294769,0.15903614461421967,0.2165178656578064
16510000,3302,0.0,1.094529151916504,-0.006693379022181034,-0.007375268265604973,0.0013637786032631993,0.0,0.0,0.17954999208450317,0.27094998955726624,0.005649999715387821,0.0,0.0,0.0,0.11837349832057953,0.19789156317710876,0.22187501192092896
16515000,3303,0.0,1.1409589052200317,-0.013035905547440052,-0.013679873198270798,0.0012879354180768132,0.0,0.0,0.17009998857975006,0.2645999789237976,0.005750000011175871,0.0,0.0,0.0,0.11716867983341217,0.1655120551586151,0.2269345372915268
16520000,3304,0.0,1.1371558904647827,0.0065946318209171295,0.006020020693540573,0.0011492222547531128,0.0,0.0,0.14204999804496765,0.33249998092651367,0.00494999997317791,0.0,0.0,0.0,0.1075301244854927,0.131174698472023,0.18690477311611176
16525000,3305,0.0,1.17684006690979,-0.012899737805128098,-0.013536009937524796,0.001272544264793396,0.0,0.0,0.1445000022649765,0.29045000672340393,0.006199999712407589,0.0,0.0,0.0,0.09096385538578033,0.15150602161884308,0.190476194024086
16530000,3306,0.0,1.1403782367706299,0.009024436585605145,0.008375468663871288,0.001297935377806425,0.0,0.0,0.15484999120235443,0.3146999776363373,0.00419999985024333,0.0,0.0,0.0,0.11295180767774582,0.17183735966682434,0.17946429550647736
16535000,3307,0.0,1.1299477815628052,-0.010766400955617428,-0.011337011121213436,0.001141220796853304,0.0,0.0,0.11229999363422394,0.3675999939441681,0.0035500000230968,0.0,0.0,0.0,0.08900602906942368,0.10271084308624268,0.14479167759418488
16540000,3308,0.0,1.165747880935669,-0.010864404030144215,-0.011471644975244999,0.0012144815409556031,0.0,0.0,0.1538499891757965,0.30994999408721924,0.004749999847263098,0.0,0.0,0.0,0.10948795080184937,0.15451808273792267,0.19702382385730743
16545000,3309,0.0,1.1452686786651611,-0.00021775084314867854,-0.0007768993964418769,0.0011182971065863967,0.0,0.0,0.13619999587535858,0.3279999792575836,0.00494999997317791,0.0,0.0,0.0,0.08644578605890274,0.13915662467479706,0.18244048953056335
16550000,3310,0.0,1.1976706981658936,-0.007509565446525812,-0.008117495104670525,0.0012158594327047467,0.0,0.0,0.1459999978542328,0.2713499963283539,0.005649999715387821,0.0,0.0,0.0,0.09743975847959518,0.14668674767017365,0.19330358505249023
16555000,3311,0.0,1.1755495071411133,-0.004575049504637718,-0.0050972760654985905,0.0010444526560604572,0.0,0.0,0.12844999134540558,0.2929999828338623,0.007499999832361937,0.0,0.0,0.0,0.09713855385780334,0.10000000149011612,0.1875
16560000,3312,0.0,1.220212459564209,-0.0023880410008132458,-0.0029546550940722227,0.0011332279536873102,0.0,0.0,0.1445000022649765,0.2673499882221222,0.006850000005215406,0.0,0.0,0.0,0.09879518300294876,0.1456325352191925,0.18854168057441711
16565000,3313,0.0,1.172921061515808,-0.00382528780028224,-0.004466353449970484,0.001282131066545844,0.0,0.0,0.15264999866485596,0.3242499828338623,0.004299999680370092,0.0,0.0,0.0,0.10783132910728455,0.16129519045352936,0.18839286267757416
16570000,3314,0.0,1.1595288515090942,-0.0018323339754715562,-0.0024429887998849154,0.0012213096488267183,0.0,0.0,0.12079999595880508,0.3271999955177307,0.006149999797344208,0.0,0.0,0.0,0.08298192918300629,0.11521084606647491,0.1636904776096344
16575000,3315,0.0,1.1760361194610596,-0.011990978382527828,-0.012676669284701347,0.0013713825028389692,0.0,0.0,0.10499999672174454,0.31584998965263367,0.007249999791383743,0.0,0.0,0.0,0.07003012299537659,0.0983433723449707,0.14613096415996552
16580000,3316,0.0,1.1412452459335327,-0.0038547194562852383,-0.0045014796778559685,0.0012935203267261386,0.0,0.0,0.11429999768733978,0.34584999084472656,0.007049999665468931,0.0,0.0,0.0,0.07891566306352615,0.10888554155826569,0.15461310744285583
16585000,3317,0.0,1.1245392560958862,-0.0036017238162457943,-0.004168555606156588,0.001133663346990943,0.0,0.0,0.11499999463558197,0.3771499991416931,0.00559999980032444,0.0,0.0,0.0,0.08298192918300629,0.10963855683803558,0.15193453431129456
16590000,3318,0.0,1.1562488079071045,-0.00020276865689083934,-0.0008524013101123273,0.001299265306442976,0.0,0.0,0.13204999268054962,0.3471499979496002,0.00624999962747097,0.0,0.0,0.0,0.10572289675474167,0.14683735370635986,0.14345239102840424
16595000,3319,0.0,1.1056103706359863,-0.021919891238212585,-0.02267773449420929,0.0015156849985942245,0.0,0.0,0.12234999984502792,0.3739999830722809,0.005150000099092722,0.0,0.0,0.0,0.08825301378965378,0.12153615057468414,0.15684524178504944
16600000,3320,0.0,1.118462324142456,-0.030266523361206055,-0.031124358996748924,0.0017156711546704173,0.0,0.0,0.11629999428987503,0.3787499964237213,0.004650000017136335,0.0,0.0,0.0,0.09021084755659103,0.1212349459528923,0.13720238208770752
16605000,3321,0.0,1.1235171556472778,0.00038990096072666347,-0.00020159778068773448,0.001182997482828796,0.0,0.0,0.11024999618530273,0.36069998145103455,0.006300000008195639,0.0,0.0,0.0,0.09864457696676254,0.11475903540849686,0.11726190894842148
16610000,3322,0.0,1.0813732147216797,0.019048918038606644,0.018301719799637794,0.0014943976420909166,0.0,0.0,0.12600000202655792,0.3676999807357788,0.003399999812245369,0.0,0.0,0.0,0.10406626760959625,0.11867470294237137,0.15491071343421936
16615000,3323,0.0,1.0979965925216675,0.004399493336677551,0.003705773502588272,0.0013874395517632365,0.0,0.0,0.11949999630451202,0.368149995803833,0.003700000001117587,0.0,0.0,0.0,0.09879518300294876,0.11762048304080963,0.14181548357009888
16620000,3324,0.0,1.128968358039856,-0.014897235669195652,-0.015554796904325485,0.0013151231687515974,0.0,0.0,0.10734999924898148,0.37254998087882996,0.006199999712407589,0.0,0.0,0.0,0.07680723071098328,0.11475903540849686,0.1302083432674408
16625000,3325,0.0,1.119704008102417,-0.00534883001819253,-0.005978408269584179,0.0012591563863679767,0.0,0.0,0.10700000077486038,0.3643999993801117,0.006550000049173832,0.0,0.0,0.0,0.07289157062768936,0.10406626760959625,0.143601194024086
16630000,3326,0.0,1.1182937622070312,0.004101107362657785,0.003429468022659421,0.0013432784471660852,0.0,0.0,0.10080000013113022,0.35644999146461487,0.009449999779462814,0.0,0.0,0.0,0.07680723071098328,0.10662651062011719,0.11875000596046448
16635000,3327,0.0,1.127672553062439,-0.012814970687031746,-0.013508046045899391,0.0013861504849046469,0.0,0.0,0.10659999400377274,0.33434998989105225,0.002849999815225601,0.0,0.0,0.0,0.08132530003786087,0.11189759522676468,0.12633928656578064
16640000,3328,0.0,1.0961947441101074,0.004441349301487207,0.0038016512989997864,0.0012793962378054857,0.0,0.0,0.10429999977350235,0.34459999203681946,0.0031999999191612005,0.0,0.0,0.0,0.07981927692890167,0.11671686917543411,0.11622024327516556
16645000,3329,0.0,1.0860038995742798,-0.004166681785136461,-0.0047494093887507915,0.0011654550908133388,0.0,0.0,0.08935000002384186,0.33799999952316284,0.006399999838322401,0.0,0.0,0.0,0.08373494446277618,0.08072289079427719,0.1034226194024086
16650000,3330,0.0,1.111099123954773,-0.0006197837647050619,-0.001278074225410819,0.0013165809214115143,0.0,0.0,0.1241999939084053,0.3310000002384186,0.00559999980032444,0.0,0.0,0.0,0.10165663063526154,0.12454819679260254,0.14613096415996552
16655000,3331,0.0,1.0480273962020874,-0.004736768081784248,-0.005427329335361719,0.0013811223907396197,0.0,0.0,0.125900000333786,0.31804999709129333,0.005949999671429396,0.0,0.0,0.0,0.10662651062011719,0.12831325829029083,0.14255952835083008
16660000,3332,0.0,1.045785903930664,-0.0012286240234971046,-0.0018645370146259665,0.0012718260986730456,0.0,0.0,0.11169999837875366,0.3379499912261963,0.004449999891221523,0.0,0.0,0.0,0.07966867834329605,0.1234939768910408,0.1316964328289032
16665000,3333,0.0,1.0981308221817017,-0.003403192386031151,-0.00400484399870038,0.0012033031089231372,0.0,0.0,0.10769999772310257,0.34709998965263367,0.005249999929219484,0.0,0.0,0.0,0.07816265523433685,0.11174698919057846,0.13288691639900208
16670000,3334,0.0,1.0998440980911255,-0.014601191505789757,-0.015150981023907661,0.001099579967558384,0.0,0.0,0.1010499969124794,0.3482999801635742,0.004449999891221523,0.0,0.0,0.0,0.0746987983584404,0.10512048751115799,0.12306547909975052
16675000,3335,0.0,1.0963367223739624,0.01461076457053423,0.013920318335294724,0.0013808922376483679,0.0,0.0,0.11509999632835388,0.35545000433921814,0.0052999998442828655,0.0,0.0,0.0,0.07213855534791946,0.12530121207237244,0.14747025072574615
16680000,3336,0.0,1.1198210716247559,-0.003357103792950511,-0.003990815952420235,0.0012674243189394474,0.0,0.0,0.10864999890327454,0.31074997782707214,0.004249999765306711,0.0,0.0,0.0,0.0662650614976883,0.11069277673959732,0.14851191639900208
16685000,3337,0.0,1.097029685974121,-0.005449965596199036,-0.00605499604716897,0.0012100604362785816,0.0,0.0,0.13075000047683716,0.3641499876976013,0.00419999985024333,0.0,0.0,0.0,0.09126506000757217,0.12590362131595612,0.17455357313156128
16690000,3338,0.0,1.1341311931610107,-0.00986754335463047,-0.010448511689901352,0.0011619370197877288,0.0,0.0,0.12815000116825104,0.361299991607666,0.0030999998562037945,0.0,0.0,0.0,0.07891566306352615,0.14006024599075317,0.16502976417541504
16695000,3339,0.0,1.0646618604660034,-0.02697482332587242,-0.027683991938829422,0.001418337575159967,0.0,0.0,0.12319999933242798,0.3813999891281128,0.005699999630451202,0.0,0.0,0.0,0.08885542303323746,0.12740963697433472,0.15297619998455048
16700000,3340,0.0,1.0944322347640991,-0.021534854546189308,-0.022189807146787643,0.0013099064817652106,0.0,0.0,0.11924999952316284,0.3463999927043915,0.005200000014156103,0.0,0.0,0.0,0.08087349683046341,0.12560240924358368,0.15089286863803864
16705000,3341,0.0,1.0923393964767456,0.0124410605058074,0.011784479953348637,0.0013131615705788136,0.0,0.0,0.13609999418258667,0.31804999709129333,0.00930000003427267,0.0,0.0,0.0,0.08027108758687973,0.14427711069583893,0.18318453431129456
16710000,3342,0.0,1.0906269550323486,0.0009474091930314898,0.0002637737197801471,0.0013672709465026855,0.0,0.0,0.16165000200271606,0.3267499804496765,0.003700000001117587,0.0,0.0,0.0,0.10632530599832535,0.17048193514347076,0.2075892984867096
16715000,3343,0.0,1.077614426612854,-0.016595305874943733,-0.01720944233238697,0.0012282716343179345,0.0,0.0,0.13044999539852142,0.3434000015258789,0.005249999929219484,0.0,0.0,0.0,0.08644578605890274,0.15135543048381805,0.1532738208770752
16720000,3344,0.0,1.0625966787338257,-0.002425011247396469,-0.003025621874257922,0.0012012212537229061,0.0,0.0,0.12174999713897705,0.37404999136924744,0.007849999703466892,0.0,0.0,0.0,0.07951807230710983,0.13448795676231384,0.15089286863803864
16725000,3345,0.0,1.0913115739822388,-0.0029013105668127537,-0.003479144535958767,0.0011556679382920265,0.0,0.0,0.10289999842643738,0.3473999798297882,0.009449999779462814,0.0,0.0,0.0,0.07725904136896133,0.1128012090921402,0.11845238506793976
16730000,3346,0.0,1.0698212385177612,-0.004478071350604296,-0.005089030135422945,0.0012219175696372986,0.0,0.0,0.08370000123977661,0.37369999289512634,0.00774999987334013,0.0,0.0,0.0,0.05406626686453819,0.0868975892663002,0.10982143133878708
16735000,3347,0.0,1.0797383785247803,-0.012128087691962719,-0.01270377542823553,0.001151375938206911,0.0,0.0,0.09389999508857727,0.3536999821662903,0.010049999691545963,0.0,0.0,0.0,0.071686752140522,0.09096385538578033,0.11875000596046448
16740000,3348,0.0,1.1311243772506714,-0.027373408898711205,-0.028137054294347763,0.0015272920718416572,0.0,0.0,0.12529999017715454,0.29839998483657837,0.011799999512732029,0.0,0.0,0.0,0.05722891539335251,0.141716867685318,0.1763392984867096
16745000,3349,0.0,1.0364646911621094,-0.11262460798025131,-0.11499308794736862,0.0047369543462991714,0.0,0.0,0.13774999976158142,0.3225499987602234,0.010999999940395355,0.0,0.0,0.0,0.09246987849473953,0.15662650763988495,0.16383929550647736
16750000,3350,0.0,1.1022474765777588,0.03681819513440132,0.03593667969107628,0.0017630290240049362,0.0,0.0,0.1394999921321869,0.32739999890327454,0.013299999758601189,0.0,0.0,0.0,0.11340361833572388,0.1486445814371109,0.15625
16755000,3351,0.0,1.0903750658035278,-0.06030815467238426,-0.06131397560238838,0.002011641627177596,0.0,0.0,0.1116499975323677,0.3028999865055084,0.01575000025331974,0.0,0.0,0.0,0.08042168617248535,0.1396084427833557,0.11488095670938492
16760000,3352,0.0,1.1082589626312256,0.05709182098507881,0.056003276258707047,0.0021770924795418978,0.0,0.0,0.1143999993801117,0.29789999127388,0.012550000101327896,0.0,0.0,0.0,0.0846385583281517,0.11265060305595398,0.14553572237491608
16765000,3353,0.0,1.1212714910507202,-0.04232054576277733,-0.04320615902543068,0.00177122897002846,0.0,0.0,0.12555000185966492,0.2541999816894531,0.0139999995008111,0.0,0.0,0.0,0.07996988296508789,0.13358433544635773,0.16264881193637848
16770000,3354,0.0,1.0985232591629028,0.006126174703240395,0.0054701208136975765,0.0013121076626703143,0.0,0.0,0.13095000386238098,0.29919999837875366,0.010149999521672726,0.0,0.0,0.0,0.09503012150526047,0.14518073201179504,0.15238095819950104
16775000,3355,0.0,1.0847349166870117,0.009086293168365955,0.008502413518726826,0.0011677590664476156,0.0,0.0,0.09860000014305115,0.3429499864578247,0.010799999348819256,0.0,0.0,0.0,0.08072289079427719,0.11009036004543304,0.1049107164144516
16780000,3356,0.0,1.1158894300460815,-0.024468593299388885,-0.025107797235250473,0.0012784063583239913,0.0,0.0,0.12359999865293503,0.3061999976634979,0.01924999989569187,0.0,0.0,0.0,0.08749999850988388,0.12831325829029083,0.15461310744285583
16785000,3357,0.0,1.1216845512390137,0.015193297527730465,0.014518404379487038,0.0013497861800715327,0.0,0.0,0.1350499987602234,0.2728999853134155,0.012249999679625034,0.0,0.0,0.0,0.1105421707034111,0.12816265225410461,0.16607142984867096
16790000,3358,0.0,1.0925425291061401,-0.017313333228230476,-0.017900265753269196,0.0011738650500774384,0.0,0.0,0.14045000076293945,0.303849995136261,0.014049999415874481,0.0,0.0,0.0,0.09156626462936401,0.15361446142196655,0.17574405670166016
16795000,3359,0.0,1.119494080543518,-0.00128090544603765,-0.0018108178628608584,0.0010598248336464167,0.0,0.0,0.11924999952316284,0.30379998683929443,0.019449999555945396,0.0,0.0,0.0,0.08283133059740067,0.13975903391838074,0.13497024774551392
16800000,3360,0.0,1.0714585781097412,0.0008095801458694041,0.0001610095932846889,0.0012971410760656,0.0,0.0,0.10610000044107437,0.3591499924659729,0.013700000010430813,0.0,0.0,0.0,0.08478915691375732,0.0983433723449707,0.13482142984867096
16805000,3361,0.0,1.0753777027130127,-0.006851325277239084,-0.00742866937071085,0.0011546884197741747,0.0,0.0,0.11374999582767487,0.3468499779701233,0.0239499993622303,0.0,0.0,0.0,0.09713855385780334,0.11987952142953873,0.12410714477300644
16810000,3362,0.0,1.099666714668274,-0.007126121316105127,-0.007768486626446247,0.0012847307370975614,0.0,0.0,0.09104999899864197,0.3549000024795532,0.019500000402331352,0.0,0.0,0.0,0.06084337458014488,0.09231927990913391,0.11964286118745804
16815000,3363,0.0,1.0751874446868896,0.0028950669802725315,0.0022587599232792854,0.001272614230401814,0.0,0.0,0.1067499965429306,0.37439998984336853,0.012399999424815178,0.0,0.0,0.0,0.08057229220867157,0.12078313529491425,0.11875000596046448
16820000,3364,0.0,1.0759289264678955,-0.008538033813238144,-0.00913398340344429,0.0011918999953195453,0.0,0.0,0.08729999512434006,0.3928000032901764,0.01529999915510416,0.0,0.0,0.0,0.06837349385023117,0.09262048453092575,0.10074405372142792
16825000,3365,0.0,1.0441112518310547,-0.0024034189991652966,-0.003015141235664487,0.0012234447058290243,0.0,0.0,0.10189999639987946,0.3640500009059906,0.02434999868273735,0.0,0.0,0.0,0.09518072754144669,0.10722891986370087,0.10327381640672684
16830000,3366,0.0,1.0690902471542358,-0.0013811989920213819,-0.0019283669535070658,0.0010943359229713678,0.0,0.0,0.08559999614953995,0.34984999895095825,0.03099999949336052,0.0,0.0,0.0,0.08283133059740067,0.09021084755659103,0.08377976715564728
16835000,3367,0.0,1.0827819108963013,-0.009750212542712688,-0.010321981273591518,0.0011435366468504071,0.0,0.0,0.10454999655485153,0.33629998564720154,0.02824999950826168,0.0,0.0,0.0,0.0906626507639885,0.10813253372907639,0.11473214626312256
16840000,3368,0.0,1.1234840154647827,0.003738295752555132,0.0031537332106381655,0.0011691252002492547,0.0,0.0,0.08754999935626984,0.30695000290870667,0.02914999984204769,0.0,0.0,0.0,0.07861445844173431,0.0861445814371109,0.09776785969734192
16845000,3369,0.0,1.1265517473220825,-0.009742997586727142,-0.01037638820707798,0.001266780775040388,0.0,0.0,0.10159999877214432,0.2918500006198883,0.015049999579787254,0.0,0.0,0.0,0.08162650465965271,0.1075301244854927,0.11547619849443436
16850000,3370,0.0,1.1204134225845337,-0.0008317704196088016,-0.0014966194285079837,0.0013296980177983642,0.0,0.0,0.11939999461174011,0.3255999982357025,0.01640000008046627,0.0,0.0,0.0,0.085391566157341,0.12996987998485565,0.14255952835083008
16855000,3371,0.0,1.069732427597046,-0.005908460356295109,-0.0065399701707065105,0.0012630198616534472,0.0,0.0,0.12139999866485596,0.3946000039577484,0.016649998724460602,0.0,0.0,0.0,0.10406626760959625,0.13433735072612762,0.1257440596818924
16860000,3372,0.0,1.0779941082000732,-0.004632652271538973,-0.005261708050966263,0.0012581116752699018,0.0,0.0,0.12049999833106995,0.39135000109672546,0.011949999257922173,0.0,0.0,0.0,0.09216867387294769,0.12981927394866943,0.13928571343421936
16865000,3373,0.0,1.057382345199585,-0.00038098491495475173,-0.0010256406385451555,0.0012893114471808076,0.0,0.0,0.11499999463558197,0.4318999946117401,0.009999999776482582,0.0,0.0,0.0,0.10722891986370087,0.11656627058982849,0.12113095819950104
16870000,3374,0.0,1.0626863241195679,-0.010195579379796982,-0.01080925203859806,0.0012273446191102266,0.0,0.0,0.09829999506473541,0.45009997487068176,0.00969999935477972,0.0,0.0,0.0,0.08328313380479813,0.10120481997728348,0.11026786267757416
16875000,3375,0.0,1.0841261148452759,0.0005088957259431481,-0.0002155742549803108,0.0014489400200545788,0.0,0.0,0.10539999604225159,0.4235000014305115,0.010049999691545963,0.0,0.0,0.0,0.08222891390323639,0.12003012001514435,0.113839291036129
16880000,3376,0.0,1.0235613584518433,-0.0071153538301587105,-0.007706372067332268,0.0011820363579317927,0.0,0.0,0.10799999535083771,0.4107999801635742,0.010849999263882637,0.0,0.0,0.0,0.08719879388809204,0.11671686917543411,0.11994048207998276
16885000,3377,0.0,1.0636268854141235,0.0013294639065861702,0.0007321927114389837,0.0011945425067096949,0.0,0.0,0.10734999924898148,0.4359999895095825,0.006649999879300594,0.0,0.0,0.0,0.10391566157341003,0.10677710920572281,0.11130952835083008
16890000,3378,0.0,1.0560379028320312,-0.009017826057970524,-0.009593812748789787,0.0011519738472998142,0.0,0.0,0.14079999923706055,0.40860000252723694,0.008249999955296516,0.0,0.0,0.0,0.10256024450063705,0.14759036898612976,0.171875
16895000,3379,0.0,1.0377296209335327,0.0023304361384361982,0.001714504905976355,0.0012318625813350081,0.0,0.0,0.1282999962568283,0.4293999969959259,0.008899999782443047,0.0,0.0,0.0,0.10346385836601257,0.13448795676231384,0.14672619104385376
16900000,3380,0.0,1.036179542541504,-0.009959210641682148,-0.010544615797698498,0.0011708101956173778,0.0,0.0,0.1229499951004982,0.41234999895095825,0.00839999970048666,0.0,0.0,0.0,0.09201807528734207,0.125,0.15148809552192688
16905000,3381,0.0,1.0933287143707275,-0.0004986312123946846,-0.0011785129318013787,0.0013597634388133883,0.0,0.0,0.11879999935626984,0.38839998841285706,0.008799999952316284,0.0,0.0,0.0,0.10256024450063705,0.13162650167942047,0.12217262387275696
16910000,3382,0.0,1.078467607498169,-0.004267477430403233,-0.004852648824453354,0.001170343137346208,0.0,0.0,0.0929500013589859,0.376149982213974,0.017149999737739563,0.0,0.0,0.0,0.06355421990156174,0.10512048751115799,0.10997024178504944
16915000,3383,0.0,1.0786736011505127,-0.002415649127215147,-0.002986679319292307,0.001142060267738998,0.0,0.0,0.09414999932050705,0.3402499854564667,0.01860000006854534,0.0,0.0,0.0,0.07063253223896027,0.09668675065040588,0.11488095670938492
16920000,3384,0.0,1.1023482084274292,-0.008266538381576538,-0.008838810957968235,0.001144544337876141,0.0,0.0,0.12204999476671219,0.3308500051498413,0.014699999243021011,0.0,0.0,0.0,0.09442771226167679,0.1456325352191925,0.12604166567325592
16925000,3385,0.0,1.0958940982818604,-0.0016214260831475258,-0.002222813665866852,0.0012027750490233302,0.0,0.0,0.13779999315738678,0.34129998087882996,0.015850000083446503,0.0,0.0,0.0,0.11686747521162033,0.14533132314682007,0.1510416716337204
16930000,3386,0.0,1.1280707120895386,-0.004596003796905279,-0.005146343261003494,0.001100679044611752,0.0,0.0,0.11389999836683273,0.3276499807834625,0.015699999406933784,0.0,0.0,0.0,0.10030120611190796,0.1227409690618515,0.11860119551420212
16935000,3387,0.0,1.1119792461395264,-0.004092023707926273,-0.004633765202015638,0.0010834827553480864,0.0,0.0,0.11354999989271164,0.3344999849796295,0.019299998879432678,0.0,0.0,0.0,0.10271084308624268,0.12243976444005966,0.11547619849443436
16940000,3388,0.0,1.1740832328796387,-0.0009696473716758192,-0.00147913524415344,0.0010189757449552417,0.0,0.0,0.08715000003576279,0.3200500011444092,0.026999998837709427,0.0,0.0,0.0,0.06701807677745819,0.10512048751115799,0.0892857164144516
16945000,3389,0.0,1.0979355573654175,-0.0058168675750494,-0.006398221477866173,0.0011627080384641886,0.0,0.0,0.08669999986886978,0.3566499948501587,0.02019999921321869,0.0,0.0,0.0,0.059337351471185684,0.10421686619520187,0.09642857313156128
16950000,3390,0.0,1.1325372457504272,-0.002997033763676882,-0.00360917579382658,0.0012242839438840747,0.0,0.0,0.09229999780654907,0.3536500036716461,0.01795000024139881,0.0,0.0,0.0,0.07740963995456696,0.10030120611190796,0.09910714626312256
16955000,3391,0.0,1.132685899734497,-0.003706706687808037,-0.004322645254433155,0.0012318772496655583,0.0,0.0,0.1042499989271164,0.33294999599456787,0.012199999764561653,0.0,0.0,0.0,0.08433735370635986,0.10948795080184937,0.11875000596046448
16960000,3392,0.0,1.1238685846328735,-0.006582214962691069,-0.0072708469815552235,0.0013772641541436315,0.0,0.0,0.11624999344348907,0.3425999879837036,0.013399999588727951,0.0,0.0,0.0,0.09743975847959518,0.1219879537820816,0.12916667759418488
16965000,3393,0.0,1.1038103103637695,-0.00046160182682797313,-0.0010848130332306027,0.0012464224128052592,0.0,0.0,0.12444999814033508,0.36344999074935913,0.01334999967366457,0.0,0.0,0.0,0.10587349534034729,0.12936747074127197,0.13794642686843872
16970000,3394,0.0,1.092307209968567,-0.007222312502563,-0.007766690570861101,0.0010887559037655592,0.0,0.0,0.09284999966621399,0.3718000054359436,0.013499999418854713,0.0,0.0,0.0,0.0861445814371109,0.08975903689861298,0.10252976417541504
16975000,3395,0.0,1.0651075839996338,-0.0065588937141001225,-0.00707371486350894,0.0010296426480636,0.0,0.0,0.07090000063180923,0.40834999084472656,0.01964999921619892,0.0,0.0,0.0,0.06069277226924896,0.0724397599697113,0.07946428656578064
16980000,3396,0.0,1.1009145975112915,-0.002376419957727194,-0.00288811675272882,0.001023393590003252,0.0,0.0,0.09354999661445618,0.39489999413490295,0.01489999983459711,0.0,0.0,0.0,0.08147590607404709,0.08749999850988388,0.11145833879709244
16985000,3397,0.0,1.0518125295639038,-0.00013065995881333947,-0.0006725797429680824,0.001083839568309486,0.0,0.0,0.08304999768733978,0.4277999997138977,0.01679999940097332,0.0,0.0,0.0,0.08478915691375732,0.08569277077913284,0.07872024178504944
16990000,3398,0.0,1.0731526613235474,-0.014543894678354263,-0.015165862627327442,0.0012439354322850704,0.0,0.0,0.09304999560117722,0.37105000019073486,0.024949999526143074,0.0,0.0,0.0,0.08719879388809204,0.09367470443248749,0.098214291036129
16995000,3399,0.0,1.0605658292770386,-0.005704836454242468,-0.006336156278848648,0.001262639882043004,0.0,0.0,0.10639999806880951,0.33889999985694885,0.02319999970495701,0.0,0.0,0.0,0.08704819530248642,0.11325301229953766,0.11875000596046448
17000000,3400,0.0,1.086785078048706,-0.004528583958745003,-0.00508923688903451,0.0011213053949177265,0.0,0.0,0.09584999829530716,0.3439500033855438,0.029999999329447746,0.0,0.0,0.0,0.07996988296508789,0.09487952291965485,0.11250000447034836
17005000,3401,0.0,1.0842297077178955,0.0037494886200875044,0.0031666632276028395,0.001165650668554008,0.0,0.0,0.10144999623298645,0.33924999833106995,0.019449999555945396,0.0,0.0,0.0,0.07515060156583786,0.1105421707034111,0.11845238506793976
17010000,3402,0.0,1.0931124687194824,-0.01127481646835804,-0.011852322146296501,0.0011550105409696698,0.0,0.0,0.10544999688863754,0.3550499975681305,0.01549999974668026,0.0,0.0,0.0,0.08403614908456802,0.11746988445520401,0.11473214626312256
17015000,3403,0.0,1.0920737981796265,-0.006879597902297974,-0.007493960205465555,0.0012287246063351631,0.0,0.0,0.10134999454021454,0.33044999837875366,0.02019999921321869,0.0,0.0,0.0,0.08674699068069458,0.10421686619520187,0.11294643580913544
17020000,3404,0.0,1.0747956037521362,0.004539128392934799,0.003925890661776066,0.0012264756951481104,0.0,0.0,0.09950000047683716,0.3313499987125397,0.021699998527765274,0.0,0.0,0.0,0.09337349236011505,0.10316265374422073,0.1019345298409462
17025000,3405,0.0,1.063342809677124,-0.005636506713926792,-0.006185879930853844,0.001098746433854103,0.0,0.0,0.08760000020265579,0.32234999537467957,0.02384999953210354,0.0,0.0,0.0,0.07590361684560776,0.0838855430483818,0.10282738506793976
17030000,3406,0.0,1.1038439273834229,-0.01555288303643465,-0.01613985002040863,0.0011739343171939254,0.0,0.0,0.09779999405145645,0.30699998140335083,0.023799998685717583,0.0,0.0,0.0,0.08373494446277618,0.09427711367607117,0.11517857760190964
17035000,3407,0.0,1.1111629009246826,0.004802985582500696,0.0041869827546179295,0.0012320056557655334,0.0,0.0,0.10239999741315842,0.3382999897003174,0.01795000024139881,0.0,0.0,0.0,0.09653614461421967,0.11174698919057846,0.0989583358168602
17040000,3408,0.0,1.1140100955963135,-0.008667035959661007,-0.00926119089126587,0.0011883092811331153,0.0,0.0,0.12105000019073486,0.3598499894142151,0.016049999743700027,0.0,0.0,0.0,0.11174698919057846,0.13298192620277405,0.11845238506793976
17045000,3409,0.0,1.1367353200912476,-0.005634217523038387,-0.0062612020410597324,0.0012539688032120466,0.0,0.0,0.11209999769926071,0.36069998145103455,0.01834999956190586,0.0,0.0,0.0,0.09894578158855438,0.11972891539335251,0.1175595298409462
17050000,3410,0.0,1.1478095054626465,-0.009146426804363728,-0.009774773381650448,0.0012566931545734406,0.0,0.0,0.08739999681711197,0.3337499797344208,0.020749999210238457,0.0,0.0,0.0,0.0769578292965889,0.08704819530248642,0.09806548058986664
17055000,3411,0.0,1.1682881116867065,-0.00014550989726558328,-0.0006840453715994954,0.0010770709486678243,0.0,0.0,0.09004999697208405,0.33274999260902405,0.02644999884068966,0.0,0.0,0.0,0.07936747372150421,0.0975903645157814,0.09315476566553116
17060000,3412,0.0,1.1473324298858643,-0.004961289465427399,-0.005513153504580259,0.0011037285439670086,0.0,0.0,0.12034999579191208,0.33319997787475586,0.025849999859929085,0.0,0.0,0.0,0.10662651062011719,0.12033132463693619,0.133928582072258
17065000,3413,0.0,1.141231656074524,-0.01002250425517559,-0.010616596788167953,0.0011881852988153696,0.0,0.0,0.13849999010562897,0.3121500015258789,0.026399999856948853,0.0,0.0,0.0,0.11551205068826675,0.14518073201179504,0.15461310744285583
17070000,3414,0.0,1.1338763236999512,0.0038691898807883263,0.00326590146869421,0.0012065767077729106,0.0,0.0,0.1582999974489212,0.3057999908924103,0.027799999341368675,0.0,0.0,0.0,0.11731927841901779,0.17590361833572388,0.18139882385730743
17075000,3415,0.0,1.1219905614852905,-0.004821393173187971,-0.005359221715480089,0.0010756573174148798,0.0,0.0,0.1293499916791916,0.313649982213974,0.03164999932050705,0.0,0.0,0.0,0.09472891688346863,0.1396084427833557,0.15342262387275696
17080000,3416,0.0,1.0921648740768433,-0.013240113854408264,-0.01378580555319786,0.0010913839796558022,0.0,0.0,0.1277499943971634,0.3480999767780304,0.026899999007582664,0.0,0.0,0.0,0.09743975847959518,0.13614457845687866,0.14940476417541504
17085000,3417,0.0,1.1150732040405273,0.0026449495926499367,0.0021477744448930025,0.0009943501790985465,0.0,0.0,0.13369999825954437,0.3432999849319458,0.02604999952018261,0.0,0.0,0.0,0.10090361535549164,0.147891566157341,0.15208333730697632
17090000,3418,0.0,1.1274847984313965,-0.0057019987143576145,-0.006275159772485495,0.0011463224655017257,0.0,0.0,0.12919999659061432,0.3527999818325043,0.021900000050663948,0.0,0.0,0.0,0.0891566276550293,0.14518073201179504,0.15297619998455048
17095000,3419,0.0,1.152525544166565,-0.012411369942128658,-0.013016332872211933,0.001209926325827837,0.0,0.0,0.12680000066757202,0.34014999866485596,0.023000000044703484,0.0,0.0,0.0,0.10436747223138809,0.12710843980312347,0.14866071939468384
17100000,3420,0.0,1.1369789838790894,-0.0021831511985510588,-0.0027563516050577164,0.0011464006965979934,0.0,0.0,0.10924999415874481,0.3199000060558319,0.031199999153614044,0.0,0.0,0.0,0.0831325352191925,0.11536144465208054,0.12901785969734192
17105000,3421,0.0,1.157283067703247,0.005411067511886358,0.004834165796637535,0.0011538037797436118,0.0,0.0,0.09489999711513519,0.3147999942302704,0.03819999843835831,0.0,0.0,0.0,0.09246987849473953,0.09307228773832321,0.09910714626312256
17110000,3422,0.0,1.1214643716812134,0.0034652873873710632,0.002838040003553033,0.0012544948840513825,0.0,0.0,0.09299999475479126,0.3017999827861786,0.03669999912381172,0.0,0.0,0.0,0.07500000298023224,0.1006024107336998,0.10327381640672684
17115000,3423,0.0,1.1157525777816772,-0.010018308646976948,-0.010621733032166958,0.0012068490032106638,0.0,0.0,0.09809999912977219,0.30344998836517334,0.03759999945759773,0.0,0.0,0.0,0.08283133059740067,0.10572289675474167,0.1056547686457634
17120000,3424,0.0,1.1076385974884033,-0.011427813209593296,-0.012056036852300167,0.001256447285413742,0.0,0.0,0.1285499930381775,0.31665000319480896,0.024949999526143074,0.0,0.0,0.0,0.11852409690618515,0.1364457905292511,0.13065476715564728
17125000,3425,0.0,1.0877110958099365,-0.03794290870428085,-0.03878982365131378,0.0016938283806666732,0.0,0.0,0.13769999146461487,0.33309999108314514,0.026649998500943184,0.0,0.0,0.0,0.13840362429618835,0.13780121505260468,0.1369047611951828
17130000,3426,0.0,1.0777130126953125,-0.13657402992248535,-0.13963055610656738,0.006113043054938316,0.0,0.0,0.11339999735355377,0.3188999891281128,0.017899999395012856,0.0,0.0,0.0,0.11039157211780548,0.12138554453849792,0.10848214477300644
17135000,3427,0.0,1.0733931064605713,0.08078442513942719,0.07927824556827545,0.003012357745319605,0.0,0.0,0.13840000331401825,0.30169999599456787,0.02539999969303608,0.0,0.0,0.0,0.0983433723449707,0.1546686738729477,0.16190476715564728
17140000,3428,0.0,1.0479445457458496,-0.06429760903120041,-0.06544778496026993,0.0023003448732197285,0.0,0.0,0.10859999805688858,0.35599997639656067,0.022849999368190765,0.0,0.0,0.0,0.09503012150526047,0.11822289228439331,0.11250000447034836
17145000,3429,0.0,1.068701148033142,0.05570182576775551,0.054611168801784515,0.0021813150960952044,0.0,0.0,0.10579999536275864,0.3693999946117401,0.025999998673796654,0.0,0.0,0.0,0.09743975847959518,0.11069277673959732,0.10922619700431824
17150000,3430,0.0,1.1111257076263428,-0.029457703232765198,-0.030184973031282425,0.001454538549296558,0.0,0.0,0.1282999962568283,0.33809998631477356,0.019299998879432678,0.0,0.0,0.0,0.10542169213294983,0.1334337443113327,0.1458333432674408
17155000,3431,0.0,1.1132270097732544,-0.015877431258559227,-0.016522828489542007,0.0012907945783808827,0.0,0.0,0.1362999975681305,0.3431999981403351,0.02304999902844429,0.0,0.0,0.0,0.10150602459907532,0.16144578158855438,0.1458333432674408
17160000,3432,0.0,1.091784954071045,0.023327510803937912,0.02259545773267746,0.0014641074230894446,0.0,0.0,0.1054999977350235,0.37485000491142273,0.024699999019503593,0.0,0.0,0.0,0.09006024152040482,0.09879518300294876,0.12738095223903656
17165000,3433,0.0,1.1253219842910767,-0.025658495724201202,-0.026337819173932076,0.0013586468994617462,0.0,0.0,0.1440500020980835,0.3447999954223633,0.02484999969601631,0.0,0.0,0.0,0.10150602459907532,0.16295181214809418,0.1674107164144516
17170000,3434,0.0,1.1557421684265137,-0.0018372682388871908,-0.0024501546286046505,0.0012257727794349194,0.0,0.0,0.16174998879432678,0.3109999895095825,0.018199998885393143,0.0,0.0,0.0,0.13087350130081177,0.16430723667144775,0.1897321492433548
17175000,3435,0.0,1.12635338306427,0.006207578349858522,0.0055864243768155575,0.0012423080625012517,0.0,0.0,0.14980000257492065,0.3266499936580658,0.033900000154972076,0.0,0.0,0.0,0.10331325232982635,0.16581325232982635,0.17991071939468384
17180000,3436,0.0,1.1337660551071167,-0.01760479249060154,-0.01829405687749386,0.001378529705107212,0.0,0.0,0.11404999345541,0.3066999912261963,0.03519999980926514,0.0,0.0,0.0,0.08599397540092468,0.1219879537820816,0.133928582072258
17185000,3437,0.0,1.1291829347610474,0.004254438448697329,0.0036263635847717524,0.0012561498442664742,0.0,0.0,0.11229999363422394,0.2934499979019165,0.0328500010073185,0.0,0.0,0.0,0.08810240775346756,0.11912650614976883,0.1294642835855484
17190000,3438,0.0,1.1349583864212036,-0.004405014216899872,-0.005012772977352142,0.0012155171716585755,0.0,0.0,0.10274999588727951,0.2936500012874603,0.02774999849498272,0.0,0.0,0.0,0.08222891390323639,0.09743975847959518,0.12827381491661072
17195000,3439,0.0,1.125860333442688,-0.007965262979269028,-0.008638984523713589,0.001347443088889122,0.0,0.0,0.13509999215602875,0.27410000562667847,0.016449999064207077,0.0,0.0,0.0,0.11039157211780548,0.13734939694404602,0.15729166567325592
17200000,3440,0.0,1.1214053630828857,-0.00010492024011909962,-0.0008312213467434049,0.0014526022132486105,0.0,0.0,0.1577499955892563,0.25669997930526733,0.016049999743700027,0.0,0.0,0.0,0.13313253223896027,0.16129519045352936,0.1785714328289032
17205000,3441,0.0,1.1341094970703125,-0.00849975273013115,-0.009177936241030693,0.0013563665561378002,0.0,0.0,0.1704999953508377,0.2703000009059906,0.02135000005364418,0.0,0.0,0.0,0.12786145508289337,0.17620481550693512,0.20699405670166016
17210000,3442,0.0,1.101557970046997,-0.0006598305772058666,-0.0012256238842383027,0.0011315866140648723,0.0,0.0,0.11459999531507492,0.321399986743927,0.021900000050663948,0.0,0.0,0.0,0.09442771226167679,0.11957831680774689,0.12961310148239136
17215000,3443,0.0,1.141168236732483,-0.007811337243765593,-0.008437014184892178,0.0012513539986684918,0.0,0.0,0.12204999476671219,0.29589998722076416,0.026149999350309372,0.0,0.0,0.0,0.09487952291965485,0.13162650167942047,0.13943453133106232
17220000,3444,0.0,1.1113730669021606,0.0002493377833161503,-0.0003877546114381403,0.0012741847895085812,0.0,0.0,0.11584999412298203,0.3201499879360199,0.03254999965429306,0.0,0.0,0.0,0.09337349236011505,0.12921686470508575,0.12485119700431824
17225000,3445,0.0,1.105219841003418,-0.007340849842876196,-0.007948815822601318,0.0012159320758655667,0.0,0.0,0.10429999977350235,0.3017500042915344,0.030299998819828033,0.0,0.0,0.0,0.08283133059740067,0.11686747521162033,0.1130952388048172
17230000,3446,0.0,1.1069097518920898,-0.0020319244358688593,-0.002700302517041564,0.0013367560459300876,0.0,0.0,0.06939999759197235,0.2853499948978424,0.0340999998152256,0.0,0.0,0.0,0.06671687215566635,0.06957831233739853,0.07187500596046448
17235000,3447,0.0,1.0659818649291992,-0.006006938870996237,-0.006593252532184124,0.0011726272059604526,0.0,0.0,0.07925000041723251,0.33184999227523804,0.045499999076128006,0.0,0.0,0.0,0.08403614908456802,0.08072289079427719,0.07306548207998276
17240000,3448,0.0,1.0922355651855469,-0.0031876862049102783,-0.0037766059394925833,0.0011778392363339663,0.0,0.0,0.07660000026226044,0.33765000104904175,0.028699999675154686,0.0,0.0,0.0,0.06927710771560669,0.08087349683046341,0.079613097012043
17245000,3449,0.0,1.0965261459350586,-0.005556763615459204,-0.0061256904155015945,0.0011378536000847816,0.0,0.0,0.10144999623298645,0.37469998002052307,0.023000000044703484,0.0,0.0,0.0,0.09533132612705231,0.11159639060497284,0.0974702388048172
17250000,3450,0.0,1.0765913724899292,-0.0032763101626187563,-0.003858858486637473,0.0011650967644527555,0.0,0.0,0.07535000145435333,0.40094998478889465,0.01994999870657921,0.0,0.0,0.0,0.08042168617248535,0.0754518061876297,0.07023809850215912
17255000,3451,0.0,1.1202948093414307,-0.006234281230717897,-0.006835710722953081,0.0012028587516397238,0.0,0.0,0.08174999803304672,0.3718999922275543,0.02084999904036522,0.0,0.0,0.0,0.08207831531763077,0.08554217219352722,0.07767857611179352
17260000,3452,0.0,1.1152886152267456,-0.0005824913969263434,-0.0011324891820549965,0.001099995570257306,0.0,0.0,0.09375,0.349700003862381,0.028699999675154686,0.0,0.0,0.0,0.094578318297863,0.10858433693647385,0.07827381044626236
17265000,3453,0.0,1.1083358526229858,-0.007347699720412493,-0.00796253141015768,0.0012296632630750537,0.0,0.0,0.07679999619722366,0.335349977016449,0.03334999829530716,0.0,0.0,0.0,0.059337351471185684,0.08147590607404709,0.08943452686071396
17270000,3454,0.0,1.1117373704910278,0.0005682929768227041,-7.22457843949087e-05,0.0012810775078833103,0.0,0.0,0.10159999877214432,0.3391000032424927,0.035499997437000275,0.0,0.0,0.0,0.09201807528734207,0.11536144465208054,0.0974702388048172
17275000,3455,0.0,1.1264019012451172,-0.009739863686263561,-0.010350987315177917,0.0012222478399053216,0.0,0.0,0.08635000139474869,0.32249999046325684,0.03519999980926514,0.0,0.0,0.0,0.07816265523433685,0.08433735370635986,0.09642857313156128
17280000,3456,0.0,1.097883701324463,-0.0009331163018941879,-0.0015856975223869085,0.0013051624409854412,0.0,0.0,0.0986500009894371,0.34584999084472656,0.03929999843239784,0.0,0.0,0.0,0.10542169213294983,0.09563253074884415,0.09494047611951828
17285000,3457,0.0,1.0930488109588623,-0.00564585579559207,-0.006281506270170212,0.0012713009491562843,0.0,0.0,0.08635000139474869,0.3621000051498413,0.031099999323487282,0.0,0.0,0.0,0.10075301676988602,0.08509036153554916,0.07336309552192688
17290000,3458,0.0,1.0674548149108887,-0.00468289852142334,-0.005269135348498821,0.0011724740033969283,0.0,0.0,0.07714999467134476,0.4028500020503998,0.022499999031424522,0.0,0.0,0.0,0.08870482444763184,0.07364457845687866,0.0691964328289032
17295000,3459,0.0,1.1010172367095947,-0.0030813305638730526,-0.003678802400827408,0.0011949434410780668,0.0,0.0,0.07840000092983246,0.4199499785900116,0.024650000035762787,0.0,0.0,0.0,0.08207831531763077,0.07484939694404602,0.07827381044626236
17300000,3460,0.0,1.1154087781906128,-0.004433716181665659,-0.0049761636182665825,0.001084894873201847,0.0,0.0,0.1021999940276146,0.3932499885559082,0.029199998825788498,0.0,0.0,0.0,0.09262048453092575,0.09969879686832428,0.11413691192865372
17305000,3461,0.0,1.116821050643921,-0.0062803709879517555,-0.006874473299831152,0.001188204507343471,0.0,0.0,0.10684999823570251,0.3639499843120575,0.029600000008940697,0.0,0.0,0.0,0.0968373492360115,0.10888554155826569,0.11473214626312256
17310000,3462,0.0,1.098636507987976,-0.003261387115344405,-0.0038789394311606884,0.0012351047480478883,0.0,0.0,0.0912499949336052,0.3561500012874603,0.026649998500943184,0.0,0.0,0.0,0.0777108445763588,0.09578313678503036,0.10014881193637848
17315000,3463,0.0,1.0800790786743164,-0.0042916336096823215,-0.004924205597490072,0.001265144208446145,0.0,0.0,0.0823500007390976,0.3434999883174896,0.02329999953508377,0.0,0.0,0.0,0.06897590309381485,0.0838855430483818,0.09404762089252472
17320000,3464,0.0,1.0499215126037598,-0.0010194545611739159,-0.0016304291784763336,0.0012219491181895137,0.0,0.0,0.08229999989271164,0.32804998755455017,0.027300000190734863,0.0,0.0,0.0,0.07680723071098328,0.08403614908456802,0.08601190894842148
17325000,3465,0.0,1.0695850849151611,-0.01020285114645958,-0.010796369053423405,0.0011870351154357195,0.0,0.0,0.1050499975681305,0.27184998989105225,0.03309999778866768,0.0,0.0,0.0,0.08584337681531906,0.11490964144468307,0.11428572237491608
17330000,3466,0.0,1.0451105833053589,0.009930641390383244,0.009289570152759552,0.0012821421260014176,0.0,0.0,0.11514999717473984,0.2637999951839447,0.039400000125169754,0.0,0.0,0.0,0.10768072307109833,0.11957831680774689,0.11815476417541504
17335000,3467,0.0,1.0812945365905762,-0.019139425829052925,-0.019779173657298088,0.0012794954236596823,0.0,0.0,0.12109999358654022,0.25540000200271606,0.03814999759197235,0.0,0.0,0.0,0.12033132463693619,0.1287650614976883,0.11428572237491608
17340000,3468,0.0,1.0834406614303589,0.006202648393809795,0.005584043450653553,0.0012372100027278066,0.0,0.0,0.12069999426603317,0.2842999994754791,0.04364999756217003,0.0,0.0,0.0,0.10165663063526154,0.13750000298023224,0.12291666865348816
17345000,3469,0.0,1.0605303049087524,-0.015009122900664806,-0.01567479595541954,0.0013313463423401117,0.0,0.0,0.10769999772310257,0.30504998564720154,0.040449999272823334,0.0,0.0,0.0,0.0998494029045105,0.11219879984855652,0.11101190745830536
17350000,3470,0.0,1.0655441284179688,0.006657831370830536,0.00607204670086503,0.001171569456346333,0.0,0.0,0.08924999833106995,0.3337499797344208,0.03424999862909317,0.0,0.0,0.0,0.07379518449306488,0.09352409839630127,0.10029762238264084
17355000,3471,0.0,1.062698245048523,-0.011128727346658707,-0.011759934015572071,0.0012624138034880161,0.0,0.0,0.08914999663829803,0.37439998984336853,0.024949999526143074,0.0,0.0,0.0,0.07590361684560776,0.10105422139167786,0.09047619253396988
17360000,3472,0.0,1.0742396116256714,-0.0008626276976428926,-0.0014290102990344167,0.0011327652027830482,0.0,0.0,0.08649999648332596,0.3875499963760376,0.01939999870955944,0.0,0.0,0.0,0.08027108758687973,0.08042168617248535,0.09866071492433548
17365000,3473,0.0,1.1280895471572876,-0.008790645748376846,-0.009370435029268265,0.0011595792602747679,0.0,0.0,0.10480000078678131,0.3422499895095825,0.022699998691678047,0.0,0.0,0.0,0.0831325352191925,0.10436747223138809,0.12663690745830536
17370000,3474,0.0,1.0999984741210938,0.002648118184879422,0.002055045682936907,0.0011861451203003526,0.0,0.0,0.11639999598264694,0.3444499969482422,0.032749999314546585,0.0,0.0,0.0,0.1006024107336998,0.12063252925872803,0.12782739102840424
17375000,3475,0.0,1.1026450395584106,-0.007125855423510075,-0.007700455375015736,0.0011492003686726093,0.0,0.0,0.10804999619722366,0.3349500000476837,0.03644999861717224,0.0,0.0,0.0,0.09081325680017471,0.10813253372907639,0.125
17380000,3476,0.0,1.1161305904388428,-0.00790960993617773,-0.008541258051991463,0.0012632969301193953,0.0,0.0,0.10454999655485153,0.30344998836517334,0.046949997544288635,0.0,0.0,0.0,0.07530120760202408,0.11867470294237137,0.11949405074119568
17385000,3477,0.0,1.14130699634552,-0.001779858022928238,-0.002389617031440139,0.00121951790060848,0.0,0.0,0.09034999459981918,0.28540000319480896,0.046549998223781586,0.0,0.0,0.0,0.079216867685318,0.09593373537063599,0.09583333879709244
17390000,3478,0.0,1.1113128662109375,-0.004198038950562477,-0.004834563005715609,0.0012730483431369066,0.0,0.0,0.08339999616146088,0.26374998688697815,0.043800000101327896,0.0,0.0,0.0,0.06159638613462448,0.08554217219352722,0.10282738506793976
17395000,3479,0.0,1.1031160354614258,-0.01577562838792801,-0.01645931415259838,0.0013673700159415603,0.0,0.0,0.06435000151395798,0.271699994802475,0.04084999859333038,0.0,0.0,0.0,0.06385542452335358,0.0632530152797699,0.06592261791229248
17400000,3480,0.0,1.0981076955795288,-0.004006781615316868,-0.004653427749872208,0.001293292618356645,0.0,0.0,0.06644999980926514,0.30584999918937683,0.03114999830722809,0.0,0.0,0.0,0.07183735072612762,0.06340361386537552,0.06413690745830536
17405000,3481,0.0,1.0970498323440552,-0.004143319558352232,-0.004810390993952751,0.0013341429876163602,0.0,0.0,0.056449998170137405,0.3234499990940094,0.02889999933540821,0.0,0.0,0.0,0.06460843235254288,0.053313255310058594,0.05148809775710106
17410000,3482,0.0,1.094051718711853,-0.0017715985886752605,-0.002371087670326233,0.0011989781633019447,0.0,0.0,0.04904999956488609,0.37254998087882996,0.02345000021159649,0.0,0.0,0.0,0.06972891837358475,0.04246988147497177,0.03511904925107956
17415000,3483,0.0,1.0912498235702515,-0.009744495153427124,-0.010354630649089813,0.001220271224156022,0.0,0.0,0.047849997878074646,0.36069998145103455,0.025949999690055847,0.0,0.0,0.0,0.06265060603618622,0.0373493991792202,0.04360119253396988
17420000,3484,0.0,1.0983061790466309,-0.0008654969278723001,-0.0014794686576351523,0.0012279434595257044,0.0,0.0,0.06004999950528145,0.3621000051498413,0.027400000020861626,0.0,0.0,0.0,0.07123494148254395,0.059638556092977524,0.04940476268529892
17425000,3485,0.0,1.0721598863601685,-0.006965170614421368,-0.007589948829263449,0.0012495560804381967,0.0,0.0,0.05509999766945839,0.3771999776363373,0.024149999022483826,0.0,0.0,0.0,0.05617469921708107,0.05542168766260147,0.05372023954987526
17430000,3486,0.0,1.1018427610397339,0.006404506042599678,0.005752550903707743,0.0013039098121225834,0.0,0.0,0.07864999771118164,0.34059998393058777,0.0251499991863966,0.0,0.0,0.0,0.08704819530248642,0.06972891837358475,0.07916667312383652
17435000,3487,0.0,1.0994360446929932,0.014638644643127918,0.013969247229397297,0.0013387954095378518,0.0,0.0,0.09449999779462814,0.3165999948978424,0.021900000050663948,0.0,0.0,0.0,0.09743975847959518,0.08900602906942368,0.09702381491661072
17440000,3488,0.0,1.0666073560714722,0.004213444888591766,0.003590761451050639,0.0012453672243282199,0.0,0.0,0.08254999667406082,0.33444997668266296,0.023000000044703484,0.0,0.0,0.0,0.08358433842658997,0.0876506045460701,0.07648809999227524
17445000,3489,0.0,1.069880485534668,0.028783492743968964,0.028010031208395958,0.001546922605484724,0.0,0.0,0.07114999741315842,0.32545000314712524,0.03435000032186508,0.0,0.0,0.0,0.06641566753387451,0.06792169064283371,0.07901786267757416
17450000,3490,0.0,1.076991081237793,0.07802248746156693,0.07654030621051788,0.002964362967759371,0.0,0.0,0.05929999798536301,0.3356499969959259,0.04405000060796738,0.0,0.0,0.0,0.059036146849393845,0.06611446291208267,0.0528273843228817
17455000,3491,0.0,1.1019771099090576,-0.02664978615939617,-0.027370749041438103,0.0014419250655919313,0.0,0.0,0.05745000019669533,0.3106499910354614,0.032349999994039536,0.0,0.0,0.0,0.06641566753387451,0.059638556092977524,0.04642857238650322
17460000,3492,0.0,1.0911670923233032,-0.008871548809111118,-0.009590528905391693,0.0014379610074684024,0.0,0.0,0.07589999586343765,0.3024500012397766,0.035099998116493225,0.0,0.0,0.0,0.0762048214673996,0.08825301378965378,0.06339286267757416
17465000,3493,0.0,1.0588104724884033,0.03697299584746361,0.03602687269449234,0.0018922490999102592,0.0,0.0,0.0969499945640564,0.3105999827384949,0.04554999992251396,0.0,0.0,0.0,0.07424698770046234,0.09668675065040588,0.11964286118745804
17470000,3494,0.0,1.0855177640914917,-0.05550519376993179,-0.05658453330397606,0.0021586811635643244,0.0,0.0,0.0872499942779541,0.27410000562667847,0.05544999986886978,0.0,0.0,0.0,0.07500000298023224,0.10120481997728348,0.0855654776096344
17475000,3495,0.0,1.0709009170532227,0.028383634984493256,0.02750486321747303,0.001757544232532382,0.0,0.0,0.08275000005960464,0.2941499948501587,0.04364999756217003,0.0,0.0,0.0,0.09006024152040482,0.07801204919815063,0.08020833879709244
17480000,3496,0.0,1.0933786630630493,-0.030884278938174248,-0.031686585396528244,0.0016046140808612108,0.0,0.0,0.09099999815225601,0.28610000014305115,0.04944999888539314,0.0,0.0,0.0,0.08207831531763077,0.09563253074884415,0.095238097012043
17485000,3497,0.0,1.081634521484375,0.01609729416668415,0.015347457490861416,0.001499675097875297,0.0,0.0,0.1039000004529953,0.2948499917984009,0.040449999272823334,0.0,0.0,0.0,0.0891566276550293,0.10391566157341003,0.11845238506793976
17490000,3498,0.0,1.075320839881897,-0.02298104763031006,-0.02360069751739502,0.0012392994249239564,0.0,0.0,0.09619999676942825,0.28859999775886536,0.05834999680519104,0.0,0.0,0.0,0.07816265523433685,0.08975903689861298,0.12038690596818924
17495000,3499,0.0,1.0658304691314697,0.012615745887160301,0.011959709227085114,0.0013120732037350535,0.0,0.0,0.08294999599456787,0.30719998478889465,0.047199998050928116,0.0,0.0,0.0,0.06942771375179291,0.08825301378965378,0.09107143431901932
17500000,3500,0.0,1.0827974081039429,-0.0160831231623888,-0.016715431585907936,0.0012646160321310163,0.0,0.0,0.07769999653100967,0.2926499843597412,0.05415000021457672,0.0,0.0,0.0,0.06521084159612656,0.08192770928144455,0.08586309850215912
17505000,3501,0.0,1.0626899003982544,0.005246352404356003,0.00457955664023757,0.0013335914118215442,0.0,0.0,0.05920000001788139,0.305649995803833,0.04164999723434448,0.0,0.0,0.0,0.06611446291208267,0.0602409653365612,0.0513392873108387
17510000,3502,0.0,1.0126395225524902,-0.005790247581899166,-0.006479003932327032,0.0013775122351944447,0.0,0.0,0.07244999706745148,0.3545999825000763,0.04519999772310257,0.0,0.0,0.0,0.07364457845687866,0.0769578292965889,0.06681548058986664
17515000,3503,0.0,1.0100363492965698,-0.002394444542005658,-0.0030269636772572994,0.0012650382705032825,0.0,0.0,0.07644999772310257,0.38179999589920044,0.03924999758601189,0.0,0.0,0.0,0.07801204919815063,0.07364457845687866,0.07767857611179352
17520000,3504,0.0,1.0564987659454346,-0.007023760583251715,-0.007647709455341101,0.001247897744178772,0.0,0.0,0.06475000083446503,0.40619999170303345,0.02759999968111515,0.0,0.0,0.0,0.0899096429347992,0.05587349459528923,0.04866071790456772
17525000,3505,0.0,0.9678055644035339,-0.009328333660960197,-0.01010194793343544,0.001547227962873876,0.0,0.0,0.04594999924302101,0.4761499762535095,0.031199999153614044,0.0,0.0,0.0,0.06460843235254288,0.04216867685317993,0.03125
17530000,3506,0.0,1.0250589847564697,7.196370279416442e-05,-0.0006313691847026348,0.0014066657749935985,0.0,0.0,0.052549999207258224,0.44964998960494995,0.02889999933540821,0.0,0.0,0.0,0.0769578292965889,0.0365963876247406,0.04419643059372902
17535000,3507,0.0,0.9946216344833374,0.0011432545725256205,0.00044046115363016725,0.0014055869542062283,0.0,0.0,0.05719999969005585,0.4440999925136566,0.032600000500679016,0.0,0.0,0.0,0.0640060231089592,0.05722891539335251,0.05044643208384514
17540000,3508,0.0,1.023560881614685,-0.0019587003625929356,-0.002565014874562621,0.0012126292567700148,0.0,0.0,0.060750000178813934,0.40834999084472656,0.0523499995470047,0.0,0.0,0.0,0.06039156764745712,0.05015060305595398,0.07157738506793976
17545000,3509,0.0,1.0298998355865479,-0.005039426032453775,-0.005697391927242279,0.0013159319059923291,0.0,0.0,0.06209999695420265,0.3981499969959259,0.045049998909235,0.0,0.0,0.0,0.06521084159612656,0.06084337458014488,0.0602678582072258
17550000,3510,0.0,1.0625925064086914,-0.006509509403258562,-0.007130892015993595,0.001242765341885388,0.0,0.0,0.06549999862909317,0.3757999837398529,0.041099999099969864,0.0,0.0,0.0,0.07454819232225418,0.06445783376693726,0.05758928880095482
17555000,3511,0.0,0.9983782768249512,0.011482253670692444,0.010793971829116344,0.0013765632174909115,0.0,0.0,0.04704999923706055,0.40849998593330383,0.053050000220537186,0.0,0.0,0.0,0.04789156839251518,0.04789156839251518,0.0453869067132473
17560000,3512,0.0,0.9900245070457458,-0.016701001673936844,-0.017340997233986855,0.0012799924006685615,0.0,0.0,0.06449999660253525,0.4291999936103821,0.039799999445676804,0.0,0.0,0.0,0.06701807677745819,0.06490963697433472,0.06160714477300644
17565000,3513,0.0,1.0126019716262817,0.004598826635628939,0.003947916906327009,0.0013018192257732153,0.0,0.0,0.06119999662041664,0.4368000030517578,0.02759999968111515,0.0,0.0,0.0,0.07063253223896027,0.052710846066474915,0.0602678582072258
17570000,3514,0.0,1.017817497253418,-0.008447709493339062,-0.009038169868290424,0.0011809207499027252,0.0,0.0,0.0669500008225441,0.42419999837875366,0.030499998480081558,0.0,0.0,0.0,0.07575301080942154,0.06415662914514542,0.0610119067132473
17575000,3515,0.0,1.0152480602264404,-0.010593920946121216,-0.011242360807955265,0.0012968790251761675,0.0,0.0,0.056599996984004974,0.4106999933719635,0.04189999774098396,0.0,0.0,0.0,0.06897590309381485,0.0518072284758091,0.0491071455180645
17580000,3516,0.0,1.018464207649231,0.00540310749784112,0.004763168282806873,0.0012798787793144584,0.0,0.0,0.033299997448921204,0.39389997720718384,0.042399998754262924,0.0,0.0,0.0,0.04186747223138809,0.03207831457257271,0.0260416679084301
17585000,3517,0.0,1.0387322902679443,-0.01298402901738882,-0.013642053119838238,0.001316047622822225,0.0,0.0,0.04374999925494194,0.3797000050544739,0.03635000064969063,0.0,0.0,0.0,0.0609939768910408,0.04246988147497177,0.02797619067132473
17590000,3518,0.0,1.0408718585968018,-0.005347675643861294,-0.005944042466580868,0.0011927332961931825,0.0,0.0,0.05869999900460243,0.36504998803138733,0.04735000059008598,0.0,0.0,0.0,0.06340361386537552,0.05632530152797699,0.05639881268143654
17595000,3519,0.0,1.0564957857131958,-0.011090125888586044,-0.011769122444093227,0.001357993925921619,0.0,0.0,0.05130000039935112,0.3326999843120575,0.0616999976336956,0.0,0.0,0.0,0.0602409653365612,0.05075301229953766,0.04300595447421074
17600000,3520,0.0,1.0660009384155273,-0.010710643604397774,-0.011468618176877499,0.0015159485628828406,0.0,0.0,0.0856499969959259,0.31584998965263367,0.05260000005364418,0.0,0.0,0.0,0.07740963995456696,0.0960843414068222,0.08348214626312256
17605000,3521,0.0,1.0506019592285156,0.0030767417047172785,0.002408917061984539,0.001335649169050157,0.0,0.0,0.09569999575614929,0.34084999561309814,0.04594999924302101,0.0,0.0,0.0,0.0831325352191925,0.09141566604375839,0.112351194024086
17610000,3522,0.0,1.0385841131210327,-0.013370257802307606,-0.014081637375056744,0.0014227597275748849,0.0,0.0,0.08269999921321869,0.38454997539520264,0.031599998474121094,0.0,0.0,0.0,0.08358433842658997,0.07996988296508789,0.08452381193637848
17615000,3523,0.0,1.0189995765686035,0.010892749764025211,0.01017107255756855,0.0014433539472520351,0.0,0.0,0.08504999428987503,0.42054998874664307,0.0328500010073185,0.0,0.0,0.0,0.06822289526462555,0.09397590905427933,0.09285714477300644
17620000,3524,0.0,1.0087076425552368,0.008848147466778755,0.008079689927399158,0.0015369149623438716,0.0,0.0,0.0856499969959259,0.4522499740123749,0.02994999848306179,0.0,0.0,0.0,0.07364457845687866,0.09262048453092575,0.09062500298023224
17625000,3525,0.0,1.0370582342147827,0.0006437397096306086,-9.981765470001847e-05,0.0014871146995574236,0.0,0.0,0.09049999713897705,0.4236999750137329,0.026499999687075615,0.0,0.0,0.0,0.0662650614976883,0.09382530301809311,0.11116071790456772
17630000,3526,0.0,1.0541820526123047,-0.009028946049511433,-0.009703882969915867,0.0013498737243935466,0.0,0.0,0.07724999636411667,0.40424999594688416,0.03034999966621399,0.0,0.0,0.0,0.052861448377370834,0.09292168915271759,0.08586309850215912
17635000,3527,0.0,1.089247465133667,-0.015476075001060963,-0.016166986897587776,0.001381824491545558,0.0,0.0,0.07894999533891678,0.3590500056743622,0.033149998635053635,0.0,0.0,0.0,0.07138554006814957,0.08358433842658997,0.0818452388048172
17640000,3528,0.0,1.047831654548645,-0.01935456693172455,-0.02014717273414135,0.001585210906341672,0.0,0.0,0.06864999979734421,0.34834998846054077,0.032099999487400055,0.0,0.0,0.0,0.05135542154312134,0.0746987983584404,0.07976190745830536
17645000,3529,0.0,1.0881094932556152,-0.01612270250916481,-0.016868308186531067,0.001491211703978479,0.0,0.0,0.0791499987244606,0.3352999985218048,0.032499998807907104,0.0,0.0,0.0,0.079216867685318,0.07756024599075317,0.08065476268529892
17650000,3530,0.0,1.0958459377288818,-0.011649430729448795,-0.012329411692917347,0.0013599619269371033,0.0,0.0,0.05209999904036522,0.32359999418258667,0.03215000033378601,0.0,0.0,0.0,0.06310240924358368,0.0495481938123703,0.04375000298023224
17655000,3531,0.0,1.0925036668777466,0.02395053394138813,0.023186946287751198,0.0015271753072738647,0.0,0.0,0.05794999748468399,0.33660000562667847,0.041099999099969864,0.0,0.0,0.0,0.06942771375179291,0.05165662616491318,0.0528273843228817
17660000,3532,0.0,1.112466812133789,-0.003913056571036577,-0.004488708917051554,0.0011513043427839875,0.0,0.0,0.05714999884366989,0.3102499842643738,0.037299998104572296,0.0,0.0,0.0,0.06340361386537552,0.05707831308245659,0.05104167014360428
17665000,3533,0.0,1.0987447500228882,-0.03916430473327637,-0.04000024497509003,0.001671878038905561,0.0,0.0,0.07099999487400055,0.3215499818325043,0.035999998450279236,0.0,0.0,0.0,0.07018072158098221,0.0609939768910408,0.08169642835855484
17670000,3534,0.0,1.0967003107070923,-0.0038904251996427774,-0.004536512307822704,0.001292174099944532,0.0,0.0,0.05959999933838844,0.3312000036239624,0.03280000016093254,0.0,0.0,0.0,0.06430722773075104,0.05557228997349739,0.05892857536673546
17675000,3535,0.0,1.0911269187927246,0.011547207832336426,0.010873092338442802,0.0013482308713719249,0.0,0.0,0.05689999833703041,0.36844998598098755,0.033299997448921204,0.0,0.0,0.0,0.06671687215566635,0.05045180767774582,0.0535714291036129
17680000,3536,0.0,1.0807000398635864,-0.013587519526481628,-0.01413651742041111,0.001097995787858963,0.0,0.0,0.04854999855160713,0.4021499752998352,0.02889999933540821,0.0,0.0,0.0,0.05737951770424843,0.046234939247369766,0.04211309552192688
17685000,3537,0.0,1.1458548307418823,-0.0065169185400009155,-0.007129488978534937,0.001225140644237399,0.0,0.0,0.07169999927282333,0.37164998054504395,0.022949999198317528,0.0,0.0,0.0,0.07123494148254395,0.07951807230710983,0.06443452835083008
17690000,3538,0.0,1.1097841262817383,0.012397794052958488,0.011732527054846287,0.0013305345783010125,0.0,0.0,0.050850000232458115,0.3476499915122986,0.028349999338388443,0.0,0.0,0.0,0.052861448377370834,0.05632530152797699,0.04345238208770752
17695000,3539,0.0,1.093485951423645,-0.01365856733173132,-0.014281796291470528,0.0012464587343856692,0.0,0.0,0.03545000031590462,0.34860000014305115,0.02539999969303608,0.0,0.0,0.0,0.0518072284758091,0.029367471113801003,0.0252976194024086
17700000,3540,0.0,1.0801640748977661,0.009661574847996235,0.009045042097568512,0.0012330657336860895,0.0,0.0,0.040950000286102295,0.3744499981403351,0.029349999502301216,0.0,0.0,0.0,0.05677710846066475,0.03795180842280388,0.0282738097012043
17705000,3541,0.0,1.0811630487442017,-0.014520145021378994,-0.0151836471632123,0.0013270049821585417,0.0,0.0,0.04490000009536743,0.3543500006198883,0.022499999031424522,0.0,0.0,0.0,0.05436747148633003,0.041114456951618195,0.03928571566939354
17710000,3542,0.0,1.0184171199798584,-0.006256794556975365,-0.00683793006464839,0.0011622713645920157,0.0,0.0,0.04405000060796738,0.41795000433921814,0.031099999323487282,0.0,0.0,0.0,0.059638556092977524,0.040813252329826355,0.03184523805975914
17715000,3543,0.0,1.047052264213562,-0.0004682733560912311,-0.0011245938949286938,0.0013126410776749253,0.0,0.0,0.06689999997615814,0.4152500033378601,0.0279999990016222,0.0,0.0,0.0,0.07530120760202408,0.06942771375179291,0.05610119178891182
17720000,3544,0.0,1.0341840982437134,-0.011837038211524487,-0.012486910447478294,0.0012997448211535811,0.0,0.0,0.05790000036358833,0.4394499957561493,0.029899999499320984,0.0,0.0,0.0,0.07650602608919144,0.05045180767774582,0.046875
17725000,3545,0.0,1.0776969194412231,-0.0189946498721838,-0.019593505188822746,0.0011977109825238585,0.0,0.0,0.055399999022483826,0.39469999074935913,0.039799999445676804,0.0,0.0,0.0,0.059186749160289764,0.059186749160289764,0.04791666939854622
17730000,3546,0.0,1.0415314435958862,-0.008047252893447876,-0.008714020252227783,0.0013335344847291708,0.0,0.0,0.06729999929666519,0.40359997749328613,0.03384999930858612,0.0,0.0,0.0,0.06310240924358368,0.06882530450820923,0.0699404776096344
17735000,3547,0.0,1.040571689605713,-0.014902752824127674,-0.015579946339130402,0.0013543864479288459,0.0,0.0,0.04984999820590019,0.38234999775886536,0.03655000030994415,0.0,0.0,0.0,0.05376506224274635,0.0487951822578907,0.04702381044626236
17740000,3548,0.0,1.053128957748413,-0.02740040235221386,-0.028067152947187424,0.001333502703346312,0.0,0.0,0.04439999908208847,0.3718999922275543,0.0340999998152256,0.0,0.0,0.0,0.05015060305595398,0.04743976145982742,0.0357142873108387
17745000,3549,0.0,1.0513972043991089,-0.04110413417220116,-0.04194025322794914,0.0016722348518669605,0.0,0.0,0.04934999719262123,0.37514999508857727,0.03994999825954437,0.0,0.0,0.0,0.04322289302945137,0.05587349459528923,0.04895833507180214
17750000,3550,0.0,1.0318658351898193,-0.026362305507063866,-0.027033159509301186,0.0013417090522125363,0.0,0.0,0.04999999701976776,0.3653999865055084,0.046299997717142105,0.0,0.0,0.0,0.04563253000378609,0.05572289228439331,0.04866071790456772
17755000,3551,0.0,1.0253344774246216,-0.012542578391730785,-0.013236681930720806,0.0013882071943953633,0.0,0.0,0.05590000003576279,0.38795000314712524,0.032749999314546585,0.0,0.0,0.0,0.06144578382372856,0.05647590383887291,0.049851194024086
17760000,3552,0.0,1.0719410181045532,-0.0538136251270771,-0.05486102029681206,0.002094788011163473,0.0,0.0,0.056849997490644455,0.337149977684021,0.05089999735355377,0.0,0.0,0.0,0.059186749160289764,0.06069277226924896,0.05074404925107956
17765000,3553,0.0,1.017626166343689,-0.037709955126047134,-0.03851219266653061,0.0016044769436120987,0.0,0.0,0.031849998980760574,0.36864998936653137,0.038750000298023224,0.0,0.0,0.0,0.039909638464450836,0.03162650763988495,0.02410714328289032
17770000,3554,0.0,1.0591706037521362,0.03215418756008148,0.03127339854836464,0.0017615817487239838,0.0,0.0,0.0510999970138073,0.3591499924659729,0.031300000846385956,0.0,0.0,0.0,0.058132532984018326,0.0510542169213295,0.04419643059372902
17775000,3555,0.0,1.0657089948654175,-0.03419658914208412,-0.0349254347383976,0.0014576927060261369,0.0,0.0,0.06309999525547028,0.3678499758243561,0.03384999930858612,0.0,0.0,0.0,0.06701807677745819,0.06144578382372856,0.06086309626698494
17780000,3556,0.0,1.0471652746200562,0.013662854209542274,0.01297394372522831,0.0013778203865513206,0.0,0.0,0.06234999746084213,0.3950499892234802,0.032349999994039536,0.0,0.0,0.0,0.07334337383508682,0.06159638613462448,0.05223214626312256
17785000,3557,0.0,1.058701992034912,-0.00642802519723773,-0.007085351273417473,0.0013146522687748075,0.0,0.0,0.07509999722242355,0.373199999332428,0.03139999881386757,0.0,0.0,0.0,0.08629518002271652,0.06566265225410461,0.07336309552192688
17790000,3558,0.0,1.0901604890823364,-0.007984110154211521,-0.00858528632670641,0.0012023525778204203,0.0,0.0,0.06809999793767929,0.3463499844074249,0.029500000178813934,0.0,0.0,0.0,0.07500000298023224,0.0602409653365612,0.06904762238264084
17795000,3559,0.0,1.078342080116272,0.013507803902029991,0.012850718572735786,0.0013141705421730876,0.0,0.0,0.07750000059604645,0.3607499897480011,0.031700000166893005,0.0,0.0,0.0,0.08373494446277618,0.07725904136896133,0.07157738506793976
17800000,3560,0.0,1.1134761571884155,-0.023871025070548058,-0.02445370703935623,0.0011653621913865209,0.0,0.0,0.08834999799728394,0.34894999861717224,0.039799999445676804,0.0,0.0,0.0,0.07560241222381592,0.10000000149011612,0.08943452686071396
17805000,3561,0.0,1.0652267932891846,0.001472371630370617,0.0008304576622322202,0.0012838280526921153,0.0,0.0,0.0568000003695488,0.37654998898506165,0.03779999911785126,0.0,0.0,0.0,0.0632530152797699,0.05677710846066475,0.05044643208384514
17810000,3562,0.0,1.0813977718353271,-0.0011804921086877584,-0.0017535531660541892,0.0011461221147328615,0.0,0.0,0.047199998050928116,0.34139999747276306,0.03319999948143959,0.0,0.0,0.0,0.058433737605810165,0.04171686992049217,0.04151785746216774
17815000,3563,0.0,1.0799205303192139,-0.012093435972929,-0.012681386433541775,0.0011759016197174788,0.0,0.0,0.045399997383356094,0.35089999437332153,0.034699998795986176,0.0,0.0,0.0,0.0625,0.03719879686832428,0.03660714253783226
17820000,3564,0.0,1.058975338935852,0.016527872532606125,0.015815043821930885,0.0014256571885198355,0.0,0.0,0.057499997317790985,0.3787499964237213,0.03319999948143959,0.0,0.0,0.0,0.06460843235254288,0.0510542169213295,0.05684524029493332
17825000,3565,0.0,1.1012942790985107,-0.017912644892930984,-0.018489932641386986,0.001154575846157968,0.0,0.0,0.04959999769926071,0.34004998207092285,0.03374999761581421,0.0,0.0,0.0,0.06506024301052094,0.05075301229953766,0.03318452462553978
17830000,3566,0.0,1.0356879234313965,-0.008367839269340038,-0.00900276005268097,0.0012698423815891147,0.0,0.0,0.033549997955560684,0.36605000495910645,0.040699999779462814,0.0,0.0,0.0,0.03915662690997124,0.03132530301809311,0.03020833432674408
17835000,3567,0.0,1.0181634426116943,-0.0008835213375277817,-0.0014986272435635328,0.0012302118120715022,0.0,0.0,0.03009999915957451,0.38144999742507935,0.03884999826550484,0.0,0.0,0.0,0.046234939247369766,0.021536145359277725,0.02261904813349247
17840000,3568,0.0,1.0306838750839233,0.00222664512693882,0.0016022019553929567,0.0012488864595070481,0.0,0.0,0.03350000083446503,0.37610000371932983,0.03199999779462814,0.0,0.0,0.0,0.05768072232604027,0.02484939806163311,0.01815476268529892
17845000,3569,0.0,1.0257232189178467,0.0016744001768529415,0.0009673380409367383,0.0014141242718324065,0.0,0.0,0.03989999741315842,0.38554999232292175,0.025449998676776886,0.0,0.0,0.0,0.05150602385401726,0.0381024107336998,0.03020833432674408
17850000,3570,0.0,1.0330893993377686,-0.0050351424142718315,-0.005671647842973471,0.0012730112066492438,0.0,0.0,0.04189999774098396,0.42114999890327454,0.03229999914765358,0.0,0.0,0.0,0.06204819306731224,0.03207831457257271,0.03169643133878708
17855000,3571,0.0,1.0810682773590088,-0.005144589114934206,-0.005731886252760887,0.0011745939264073968,0.0,0.0,0.04724999889731407,0.3906500041484833,0.02734999917447567,0.0,0.0,0.0,0.06521084159612656,0.040512047708034515,0.03616071492433548
17860000,3572,0.0,1.0835542678833008,-0.003080771304666996,-0.003695020917803049,0.001228499342687428,0.0,0.0,0.04879999905824661,0.3894999921321869,0.027899999171495438,0.0,0.0,0.0,0.06310240924358368,0.05045180767774582,0.03303571417927742
17865000,3573,0.0,1.045996069908142,-0.0030809189192950726,-0.0036852918565273285,0.0012087458744645119,0.0,0.0,0.04619999974966049,0.42684999108314514,0.03579999879002571,0.0,0.0,0.0,0.05376506224274635,0.04442771151661873,0.04047619178891182
17870000,3574,0.0,1.0910308361053467,-0.009759880602359772,-0.010359481908380985,0.0011992022627964616,0.0,0.0,0.03959999978542328,0.382999986410141,0.028749998658895493,0.0,0.0,0.0,0.05195783078670502,0.03253012150526047,0.03437500074505806
17875000,3575,0.0,1.0775725841522217,-0.011068656109273434,-0.011600538156926632,0.0010637638624757528,0.0,0.0,0.044449999928474426,0.37860000133514404,0.03969999775290489,0.0,0.0,0.0,0.04909638687968254,0.05150602385401726,0.03288690745830536
17880000,3576,0.0,1.066167950630188,-0.0007037814357317984,-0.00130086624994874,0.0011941696284338832,0.0,0.0,0.0604499988257885,0.3501499891281128,0.05874999985098839,0.0,0.0,0.0,0.06867469847202301,0.05617469921708107,0.0565476194024086
17885000,3577,0.0,1.0996626615524292,0.006162125617265701,0.005576062016189098,0.0011721267364919186,0.0,0.0,0.09384999424219131,0.32804998755455017,0.044499997049570084,0.0,0.0,0.0,0.08975903689861298,0.07951807230710983,0.11205357313156128
17890000,3578,0.0,1.0554221868515015,-0.014679504558444023,-0.015322748571634293,0.0012864883756265044,0.0,0.0,0.044449999928474426,0.38179999589920044,0.04690000042319298,0.0,0.0,0.0,0.0510542169213295,0.03930722922086716,0.04300595447421074
17895000,3579,0.0,1.1299973726272583,-0.0432027168571949,-0.04404293745756149,0.0016804406186565757,0.0,0.0,0.06529999524354935,0.3278999924659729,0.03539999946951866,0.0,0.0,0.0,0.06234939768910408,0.0655120462179184,0.06800595670938492
17900000,3580,0.0,1.085249423980713,-0.02501920983195305,-0.025643080472946167,0.0012477405834943056,0.0,0.0,0.038750000298023224,0.3490999937057495,0.053199999034404755,0.0,0.0,0.0,0.04457831382751465,0.027409639209508896,0.04419643059372902
17905000,3581,0.0,1.0906810760498047,-0.01171308197081089,-0.0123083321377635,0.0011905009159818292,0.0,0.0,0.034299999475479126,0.34264999628067017,0.05484999716281891,0.0,0.0,0.0,0.04743976145982742,0.027560241520404816,0.02797619067132473
17910000,3582,0.0,1.1052722930908203,0.015400749631226063,0.014737529680132866,0.0013264392036944628,0.0,0.0,0.044849999248981476,0.31004998087882996,0.05635000020265579,0.0,0.0,0.0,0.05436747148633003,0.04322289302945137,0.03705357387661934
17915000,3583,0.0,1.0961271524429321,0.0020106560550630093,0.0014338010223582387,0.001153710181824863,0.0,0.0,0.050599999725818634,0.2900499999523163,0.055949997156858444,0.0,0.0,0.0,0.0647590383887291,0.041265059262514114,0.04583333432674408
17920000,3584,0.0,1.0878487825393677,-0.005326996557414532,-0.005935216322541237,0.001216439064592123,0.0,0.0,0.0604499988257885,0.2561500072479248,0.0669500008225441,0.0,0.0,0.0,0.05768072232604027,0.06596385687589645,0.05773809924721718
17925000,3585,0.0,1.067870855331421,-0.012248598970472813,-0.012799758464097977,0.0011023191036656499,0.0,0.0,0.062199998646974564,0.2716499865055084,0.07580000162124634,0.0,0.0,0.0,0.06204819306731224,0.06370481848716736,0.06086309626698494
17930000,3586,0.0,1.0383232831954956,-0.025211801752448082,-0.025858605280518532,0.0012936060084030032,0.0,0.0,0.0442500002682209,0.29899999499320984,0.07494999468326569,0.0,0.0,0.0,0.0480421707034111,0.03795180842280388,0.04672619327902794
17935000,3587,0.0,1.083385705947876,-0.012055746279656887,-0.0126486262306571,0.0011857603676617146,0.0,0.0,0.08009999990463257,0.3018999993801117,0.052549999207258224,0.0,0.0,0.0,0.07680723071098328,0.08493976294994354,0.07857143133878708
17940000,3588,0.0,1.0764528512954712,0.014850149862468243,0.014220290817320347,0.0012597177410498261,0.0,0.0,0.07824999839067459,0.2939999997615814,0.05374999716877937,0.0,0.0,0.0,0.07198795676231384,0.08283133059740067,0.07991071790456772
17945000,3589,0.0,1.0853855609893799,-0.011413834989070892,-0.011923879384994507,0.0010200879769399762,0.0,0.0,0.05729999765753746,0.31290000677108765,0.044599998742341995,0.0,0.0,0.0,0.06310240924358368,0.06039156764745712,0.04851190745830536
17950000,3590,0.0,1.0775952339172363,-0.013812815770506859,-0.014436903409659863,0.001248176209628582,0.0,0.0,0.052549999207258224,0.3209500014781952,0.04845000058412552,0.0,0.0,0.0,0.05451807379722595,0.04924698919057846,0.05386904999613762
17955000,3591,0.0,1.0353983640670776,0.007369221653789282,0.006675968877971172,0.0013865052023902535,0.0,0.0,0.03914999961853027,0.3727499842643738,0.045099999755620956,0.0,0.0,0.0,0.04367469996213913,0.0373493991792202,0.0364583358168602
17960000,3592,0.0,1.0458989143371582,0.05878102406859398,0.05760965496301651,0.002342735882848501,0.0,0.0,0.04309999942779541,0.3630499839782715,0.03244999796152115,0.0,0.0,0.0,0.04262048378586769,0.04548192769289017,0.04122024029493332
17965000,3593,0.0,1.0708057880401611,0.031006213277578354,0.030193321406841278,0.0016257850220426917,0.0,0.0,0.02969999983906746,0.343999981880188,0.03344999998807907,0.0,0.0,0.0,0.04156626760959625,0.02469879575073719,0.02291666716337204
17970000,3594,0.0,1.0625308752059937,-0.05144612863659859,-0.05238058418035507,0.0018689094576984644,0.0,0.0,0.020549999549984932,0.3557499945163727,0.04024999961256981,0.0,0.0,0.0,0.03117469884455204,0.015963856130838394,0.01458333432674408
17975000,3595,0.0,1.1139816045761108,0.010493979789316654,0.009830049239099026,0.0013278613332659006,0.0,0.0,0.035099998116493225,0.2851499915122986,0.03150000050663948,0.0,0.0,0.0,0.04412650689482689,0.03222891688346863,0.0290178582072258
17980000,3596,0.0,1.1262198686599731,0.00038133381167426705,-0.00024408282479271293,0.00125083327293396,0.0,0.0,0.03019999898970127,0.28974997997283936,0.0348999984562397,0.0,0.0,0.0,0.040963854640722275,0.028463855385780334,0.02127976343035698
17985000,3597,0.0,1.1739680767059326,-0.01819547265768051,-0.018791234120726585,0.0011915232753381133,0.0,0.0,0.03199999779462814,0.2824999988079071,0.04360000044107437,0.0,0.0,0.0,0.046234939247369766,0.028765060007572174,0.02113095298409462
17990000,3598,0.0,1.134453296661377,0.029516544193029404,0.028741905465722084,0.0015492772217839956,0.0,0.0,0.028299998492002487,0.28759998083114624,0.04479999840259552,0.0,0.0,0.0,0.03795180842280388,0.03102409653365612,0.01607142947614193
17995000,3599,0.0,1.1272622346878052,-0.03450724855065346,-0.03522771969437599,0.001440941239707172,0.0,0.0,0.03219999745488167,0.288349986076355,0.04839999973773956,0.0,0.0,0.0,0.0388554222881794,0.03132530301809311,0.02648809552192688
18000000,3600,0.0,1.1222853660583496,0.02349911257624626,0.022773228585720062,0.001451769843697548,0.0,0.0,0.04580000042915344,0.29954999685287476,0.04919999837875366,0.0,0.0,0.0,0.052409641444683075,0.046686746180057526,0.03839286044239998
18005000,3601,0.0,1.1300816535949707,-0.03274236619472504,-0.03341016173362732,0.0013355943374335766,0.0,0.0,0.03969999775290489,0.3305499851703644,0.04910000041127205,0.0,0.0,0.0,0.04924698919057846,0.034638553857803345,0.03526785969734192
18010000,3602,0.0,1.143487811088562,0.017665455117821693,0.01698649488389492,0.0013579222140833735,0.0,0.0,0.04924999922513962,0.32475000619888306,0.031849998980760574,0.0,0.0,0.0,0.059789158403873444,0.05436747148633003,0.03377976268529892
18015000,3603,0.0,1.147018313407898,-0.019701596349477768,-0.020290547981858253,0.0011779016349464655,0.0,0.0,0.06549999862909317,0.328249990940094,0.029899999499320984,0.0,0.0,0.0,0.0739457830786705,0.059337351471185684,0.0632440522313118
18020000,3604,0.0,1.166824221611023,0.0010760691948235035,0.0005172215169295669,0.0011176952393725514,0.0,0.0,0.06960000097751617,0.3215499818325043,0.027300000190734863,0.0,0.0,0.0,0.0739457830786705,0.06716867536306381,0.0677083358168602
18025000,3605,0.0,1.1490328311920166,-0.008076023310422897,-0.008572138845920563,0.0009922303725033998,0.0,0.0,0.044449999928474426,0.34244999289512634,0.035499997437000275,0.0,0.0,0.0,0.04789156839251518,0.04819277301430702,0.03735119104385376
18030000,3606,0.0,1.107407808303833,-0.0032432102598249912,-0.0037953283172100782,0.0011042362311854959,0.0,0.0,0.03849999979138374,0.3950499892234802,0.03480000048875809,0.0,0.0,0.0,0.046686746180057526,0.04277108609676361,0.02619047649204731
18035000,3607,0.0,1.0972516536712646,0.0005942924763076007,1.1878203622472938e-05,0.0011648285435512662,0.0,0.0,0.034849997609853745,0.38909998536109924,0.03164999932050705,0.0,0.0,0.0,0.046837352216243744,0.033734939992427826,0.02410714328289032
18040000,3608,0.0,1.133806586265564,-0.0033551715314388275,-0.003912647720426321,0.0011149522615596652,0.0,0.0,0.04544999822974205,0.3402499854564667,0.033549997955560684,0.0,0.0,0.0,0.06159638613462448,0.03825301304459572,0.03660714253783226
18045000,3609,0.0,1.1267906427383423,-0.011131892912089825,-0.011697718873620033,0.0011316514573991299,0.0,0.0,0.04519999772310257,0.3215000033378601,0.03464999794960022,0.0,0.0,0.0,0.05496988072991371,0.05406626686453819,0.02678571455180645
18050000,3610,0.0,1.1197659969329834,-0.005054722540080547,-0.00564950704574585,0.001189568778499961,0.0,0.0,0.03724999725818634,0.3042999804019928,0.033399999141693115,0.0,0.0,0.0,0.04759036377072334,0.04246988147497177,0.02187500149011612
18055000,3611,0.0,1.0929762125015259,0.008291613310575485,0.007645990699529648,0.0012912461534142494,0.0,0.0,0.03215000033378601,0.3259499967098236,0.03139999881386757,0.0,0.0,0.0,0.04593373462557793,0.02996988035738468,0.02068452537059784
18060000,3612,0.0,1.0973023176193237,0.006948014721274376,0.006369337905198336,0.0011573540978133678,0.0,0.0,0.034449998289346695,0.3537999987602234,0.03294999897480011,0.0,0.0,0.0,0.04969879612326622,0.03132530301809311,0.02247023954987526
18065000,3613,0.0,1.1245702505111694,-0.0036467581521719694,-0.004195890389382839,0.0010982643580064178,0.0,0.0,0.03674999997019768,0.34109997749328613,0.03240000084042549,0.0,0.0,0.0,0.05451807379722595,0.03207831457257271,0.02380952425301075
18070000,3614,0.0,1.0701314210891724,-0.02061905898153782,-0.021263428032398224,0.00128873810172081,0.0,0.0,0.027799999341368675,0.33649998903274536,0.03749999776482582,0.0,0.0,0.0,0.04472891613841057,0.026355423033237457,0.012500000186264515
18075000,3615,0.0,1.1479706764221191,-0.03305957466363907,-0.03375004976987839,0.001380952657200396,0.0,0.0,0.04535000026226044,0.2897000014781952,0.03754999861121178,0.0,0.0,0.0,0.06807228922843933,0.04337349534034729,0.02485119178891182
18080000,3616,0.0,1.155773639678955,0.027466386556625366,0.02678423374891281,0.0013643043348565698,0.0,0.0,0.036249998956918716,0.268449991941452,0.031049998477101326,0.0,0.0,0.0,0.04156626760959625,0.040361445397138596,0.02693452499806881
18085000,3617,0.0,1.1913626194000244,-0.029011644423007965,-0.029666882008314133,0.001310473307967186,0.0,0.0,0.044199999421834946,0.26170000433921814,0.039799999445676804,0.0,0.0,0.0,0.052861448377370834,0.04849397763609886,0.03139881044626236
18090000,3618,0.0,1.1249433755874634,0.017720123752951622,0.017065351828932762,0.0013095451286062598,0.0,0.0,0.0348999984562397,0.32455000281333923,0.04519999772310257,0.0,0.0,0.0,0.047138556838035583,0.033734939992427826,0.02395833469927311
18095000,3619,0.0,1.1214706897735596,-0.004702682141214609,-0.005285948049277067,0.0011665316997095942,0.0,0.0,0.035099998116493225,0.32199999690055847,0.04699999839067459,0.0,0.0,0.0,0.05361445993185043,0.027560241520404816,0.02425595372915268
18100000,3620,0.0,1.1552067995071411,-0.003726935014128685,-0.00426843948662281,0.0010830091778188944,0.0,0.0,0.04295000061392784,0.29670000076293945,0.04454999789595604,0.0,0.0,0.0,0.04743976145982742,0.04382530227303505,0.03764881193637848
18105000,3621,0.0,1.1340467929840088,0.00900750607252121,0.00845011230558157,0.0011147873010486364,0.0,0.0,0.04274999722838402,0.2846499979496002,0.04189999774098396,0.0,0.0,0.0,0.05421686917543411,0.04262048378586769,0.03154762089252472
18110000,3622,0.0,1.1571993827819824,-0.012940645217895508,-0.013472388498485088,0.0010634857462719083,0.0,0.0,0.04339999705553055,0.2768999934196472,0.04554999992251396,0.0,0.0,0.0,0.058885544538497925,0.03614458069205284,0.03526785969734192
18115000,3623,0.0,1.1210427284240723,0.003262943821027875,0.002720021642744541,0.0010858444729819894,0.0,0.0,0.026850000023841858,0.29999998211860657,0.05040000006556511,0.0,0.0,0.0,0.03945783153176308,0.020030120387673378,0.02113095298409462
18120000,3624,0.0,1.164717197418213,-0.003406710457056761,-0.003953739069402218,0.0010940572246909142,0.0,0.0,0.03884999826550484,0.274399995803833,0.03909999877214432,0.0,0.0,0.0,0.05225903540849686,0.040361445397138596,0.02410714328289032
18125000,3625,0.0,1.1859476566314697,-0.005455450154840946,-0.005942626390606165,0.000974352820776403,0.0,0.0,0.04755000025033951,0.27950000762939453,0.0466499999165535,0.0,0.0,0.0,0.059186749160289764,0.05195783078670502,0.03169643133878708
18130000,3626,0.0,1.1639610528945923,0.002089841291308403,0.0015968236839398742,0.0009860353311523795,0.0,0.0,0.05444999784231186,0.2915000021457672,0.05754999816417694,0.0,0.0,0.0,0.06792169064283371,0.05120481923222542,0.04434524103999138
18135000,3627,0.0,1.1235952377319336,-0.014211039990186691,-0.014720418490469456,0.0010187574662268162,0.0,0.0,0.04535000026226044,0.3039499819278717,0.04984999820590019,0.0,0.0,0.0,0.05376506224274635,0.03674698993563652,0.04553571715950966
18140000,3628,0.0,1.1110360622406006,0.006151274312287569,0.005599846597760916,0.0011028556618839502,0.0,0.0,0.05419999733567238,0.3139999806880951,0.044599998742341995,0.0,0.0,0.0,0.07153614610433578,0.04969879612326622,0.04151785746216774
18145000,3629,0.0,1.1145490407943726,0.004063218832015991,0.003499005688354373,0.0011284261709079146,0.0,0.0,0.055549997836351395,0.3215999901294708,0.05065000057220459,0.0,0.0,0.0,0.07289157062768936,0.04774096608161926,0.0461309552192688
18150000,3630,0.0,1.1513479948043823,-0.010782194323837757,-0.011310532689094543,0.0010566760320216417,0.0,0.0,0.07660000026226044,0.30069997906684875,0.04479999840259552,0.0,0.0,0.0,0.0846385583281517,0.07605421543121338,0.0691964328289032
18155000,3631,0.0,1.1602811813354492,-0.0045541394501924515,-0.00505340239033103,0.000998525763861835,0.0,0.0,0.07485000044107437,0.29580000042915344,0.04609999805688858,0.0,0.0,0.0,0.08162650465965271,0.07981927692890167,0.0632440522313118
18160000,3632,0.0,1.1708012819290161,-0.00910844188183546,-0.009588256478309631,0.0009596296004019678,0.0,0.0,0.05415000021457672,0.2766999900341034,0.06324999779462814,0.0,0.0,0.0,0.05557228997349739,0.052409641444683075,0.05446428805589676
18165000,3633,0.0,1.1629834175109863,-0.0032614520750939846,-0.0037491172552108765,0.0009753303020261228,0.0,0.0,0.043699998408555984,0.2678000032901764,0.0575999990105629,0.0,0.0,0.0,0.0503012053668499,0.04382530227303505,0.03705357387661934
18170000,3634,0.0,1.1561408042907715,0.02525405026972294,0.02462940104305744,0.0012493000831454992,0.0,0.0,0.043449997901916504,0.287200003862381,0.05900000035762787,0.0,0.0,0.0,0.04563253000378609,0.03780120611190796,0.046875
18175000,3635,0.0,1.1546515226364136,0.00028177298372611403,-0.00024234846932813525,0.0010482429061084986,0.0,0.0,0.051649998873472214,0.30550000071525574,0.05700000002980232,0.0,0.0,0.0,0.04774096608161926,0.05768072232604027,0.04955357313156128
18180000,3636,0.0,1.1380243301391602,-0.030609454959630966,-0.031304821372032166,0.0013907309621572495,0.0,0.0,0.0645499974489212,0.3146999776363373,0.04189999774098396,0.0,0.0,0.0,0.06837349385023117,0.06867469847202301,0.05669642984867096
18185000,3637,0.0,1.1540733575820923,0.011566609144210815,0.010970069095492363,0.0011930804466828704,0.0,0.0,0.0674000009894371,0.3249499797821045,0.04569999873638153,0.0,0.0,0.0,0.059337351471185684,0.07740963995456696,0.065476194024086
18190000,3638,0.0,1.1355338096618652,0.008452221751213074,0.007927591912448406,0.0010492593282833695,0.0,0.0,0.053999997675418854,0.35189998149871826,0.04820000007748604,0.0,0.0,0.0,0.06039156764745712,0.052710846066474915,0.04895833507180214
18195000,3639,0.0,1.1686373949050903,-0.01957104168832302,-0.020122690126299858,0.0011032968759536743,0.0,0.0,0.04769999906420708,0.3127000033855438,0.03824999928474426,0.0,0.0,0.0,0.05015060305595398,0.05406626686453819,0.03898809850215912
18200000,3640,0.0,1.1446236371994019,0.0185492392629385,0.017987653613090515,0.0011231726966798306,0.0,0.0,0.037299998104572296,0.30934998393058777,0.05649999901652336,0.0,0.0,0.0,0.03840361535549164,0.03855421766638756,0.0349702388048172
18205000,3641,0.0,1.1537095308303833,-0.02053036540746689,-0.021145662292838097,0.0012305923737585545,0.0,0.0,0.029749998822808266,0.29490000009536743,0.050999999046325684,0.0,0.0,0.0,0.03313253074884415,0.026204820722341537,0.02991071529686451
18210000,3642,0.0,1.147164225578308,-0.01563170552253723,-0.016173727810382843,0.0010840434115380049,0.0,0.0,0.025849999859929085,0.3089999854564667,0.06414999812841415,0.0,0.0,0.0,0.03027108497917652,0.02590361423790455,0.02142857201397419
18215000,3643,0.0,1.145119547843933,0.008269392885267735,0.0077055953443050385,0.0011275953147560358,0.0,0.0,0.02944999933242798,0.29819998145103455,0.06509999930858612,0.0,0.0,0.0,0.04307229071855545,0.021987952291965485,0.02336309663951397
18220000,3644,0.0,1.1584925651550293,9.466108167544007e-05,-0.0004680459969677031,0.0011254141572862864,0.0,0.0,0.03199999779462814,0.28439998626708984,0.0551999993622303,0.0,0.0,0.0,0.04292168840765953,0.02500000037252903,0.02812500111758709
18225000,3645,0.0,1.1296120882034302,-0.024401649832725525,-0.025059878826141357,0.0013164590345695615,0.0,0.0,0.023799998685717583,0.289000004529953,0.058149997144937515,0.0,0.0,0.0,0.03840361535549164,0.020481927320361137,0.0126488097012043
18230000,3646,0.0,1.1792349815368652,0.009930509142577648,0.009402052499353886,0.0010569131700322032,0.0,0.0,0.04414999857544899,0.29934999346733093,0.04829999804496765,0.0,0.0,0.0,0.0609939768910408,0.03629518300294876,0.03526785969734192
18235000,3647,0.0,1.1793880462646484,0.0010456598829478025,0.0005308452527970076,0.00102962926030159,0.0,0.0,0.043949998915195465,0.305899977684021,0.04814999923110008,0.0,0.0,0.0,0.06521084159612656,0.03674698993563652,0.03005952574312687
18240000,3648,0.0,1.1610933542251587,-0.01958482526242733,-0.02016577310860157,0.0011618944117799401,0.0,0.0,0.04439999908208847,0.3179999887943268,0.04969999939203262,0.0,0.0,0.0,0.06957831233739853,0.033584337681531906,0.03020833432674408
18245000,3649,0.0,1.1550257205963135,-0.006466316059231758,-0.0070197307504713535,0.0011068298481404781,0.0,0.0,0.03814999759197235,0.3274499773979187,0.049149997532367706,0.0,0.0,0.0,0.053463857620954514,0.03042168729007244,0.03065476380288601
18250000,3650,0.0,1.1858830451965332,0.020098237320780754,0.019457031041383743,0.001282412908039987,0.0,0.0,0.043049998581409454,0.3264999985694885,0.03869999945163727,0.0,0.0,0.0,0.047138556838035583,0.04472891613841057,0.03735119104385376
18255000,3651,0.0,1.1708931922912598,-0.024858903139829636,-0.025446372106671333,0.0011749378172680736,0.0,0.0,0.03604999929666519,0.3334999978542328,0.03830000013113022,0.0,0.0,0.0,0.0388554222881794,0.0381024107336998,0.03125
18260000,3652,0.0,1.168314814567566,-0.027243144810199738,-0.02786828577518463,0.001250280998647213,0.0,0.0,0.030150000005960464,0.3330499827861786,0.04024999961256981,0.0,0.0,0.0,0.03237951919436455,0.027409639209508896,0.03065476380288601
18265000,3653,0.0,1.1642075777053833,0.032325051724910736,0.0316668301820755,0.001316446578130126,0.0,0.0,0.034449998289346695,0.33009999990463257,0.043949998915195465,0.0,0.0,0.0,0.0373493991792202,0.0365963876247406,0.02946428768336773
18270000,3654,0.0,1.1657265424728394,0.005183244589716196,0.00462605943903327,0.0011143699521198869,0.0,0.0,0.05374999716877937,0.3471499979496002,0.04024999961256981,0.0,0.0,0.0,0.059186749160289764,0.058283135294914246,0.0438988097012043
18275000,3655,0.0,1.1836498975753784,0.05190373957157135,0.05067463964223862,0.002458200789988041,0.0,0.0,0.06909999996423721,0.32284998893737793,0.03545000031590462,0.0,0.0,0.0,0.07213855534791946,0.0762048214673996,0.05907738208770752
18280000,3656,0.0,1.2029073238372803,-0.06617716699838638,-0.06727344542741776,0.002192559652030468,0.0,0.0,0.06525000184774399,0.31349998712539673,0.037699997425079346,0.0,0.0,0.0,0.06942771375179291,0.07590361684560776,0.0505952388048172
18285000,3657,0.0,1.1604431867599487,0.030546320602297783,0.029745008796453476,0.0016026246594265103,0.0,0.0,0.050850000232458115,0.3270999789237976,0.0458499975502491,0.0,0.0,0.0,0.06009036302566528,0.0503012053668499,0.04226190596818924
18290000,3658,0.0,1.1770273447036743,-0.011283092200756073,-0.01188602577894926,0.00120586808770895,0.0,0.0,0.04989999905228615,0.33914998173713684,0.04625000059604645,0.0,0.0,0.0,0.05587349459528923,0.04939759150147438,0.04449404776096344
18295000,3659,0.0,1.1777509450912476,-0.01831609569489956,-0.018864400684833527,0.001096608699299395,0.0,0.0,0.04600000008940697,0.3001500070095062,0.04820000007748604,0.0,0.0,0.0,0.0487951822578907,0.05135542154312134,0.0379464291036129
18300000,3660,0.0,1.1489484310150146,0.01427476853132248,0.013638908043503761,0.0012717206263914704,0.0,0.0,0.038599997758865356,0.31119999289512634,0.06159999966621399,0.0,0.0,0.0,0.0487951822578907,0.03915662690997124,0.02797619067132473
18305000,3661,0.0,1.1778972148895264,-0.020899798721075058,-0.021481726318597794,0.0011638562427833676,0.0,0.0,0.044349998235702515,0.2826499938964844,0.048899997025728226,0.0,0.0,0.0,0.053463857620954514,0.05060240998864174,0.02916666865348816
18310000,3662,0.0,1.1593376398086548,0.013003921136260033,0.012479773722589016,0.0010482945945113897,0.0,0.0,0.03374999761581421,0.29440000653266907,0.05069999769330025,0.0,0.0,0.0,0.040512047708034515,0.03750000149011612,0.02336309663951397
18315000,3663,0.0,1.166835904121399,-0.013861803337931633,-0.014358162879943848,0.000992718618363142,0.0,0.0,0.0405999980866909,0.3057999908924103,0.052799999713897705,0.0,0.0,0.0,0.046987954527139664,0.03825301304459572,0.03660714253783226
18320000,3664,0.0,1.1793532371520996,-0.0002854665508493781,-0.000803967472165823,0.0010370018426328897,0.0,0.0,0.0466499999165535,0.29580000042915344,0.04975000023841858,0.0,0.0,0.0,0.05466867610812187,0.04412650689482689,0.04122024029493332
18325000,3665,0.0,1.1943695545196533,-0.011931098066270351,-0.01243009977042675,0.0009980028262361884,0.0,0.0,0.04814999923110008,0.2732499837875366,0.05914999917149544,0.0,0.0,0.0,0.05587349459528923,0.04759036377072334,0.04107142984867096
18330000,3666,0.0,1.1936911344528198,-0.0007701512658968568,-0.0012656707549467683,0.000991038978099823,0.0,0.0,0.050200000405311584,0.26499998569488525,0.05374999716877937,0.0,0.0,0.0,0.05557228997349739,0.04984939843416214,0.04523809626698494
18335000,3667,0.0,1.1754921674728394,-0.01138425711542368,-0.011844819411635399,0.00092112529091537,0.0,0.0,0.03819999843835831,0.27594998478889465,0.05094999819993973,0.0,0.0,0.0,0.04533132538199425,0.03704819455742836,0.03229166939854622
18340000,3668,0.0,1.1628578901290894,0.007392469793558121,0.00688756862655282,0.0010098018683493137,0.0,0.0,0.033649999648332596,0.2849999964237213,0.046949997544288635,0.0,0.0,0.0,0.040210843086242676,0.035391565412282944,0.02544642984867096
18345000,3669,0.0,1.181279182434082,-0.016000427305698395,-0.016480889171361923,0.0009609241387806833,0.0,0.0,0.033149998635053635,0.28094998002052307,0.05119999870657921,0.0,0.0,0.0,0.04969879612326622,0.026204820722341537,0.02366071566939354
18350000,3670,0.0,1.1766387224197388,-0.001737835118547082,-0.0022341643925756216,0.0009926584316417575,0.0,0.0,0.03415000066161156,0.30425000190734863,0.04639999940991402,0.0,0.0,0.0,0.04352409765124321,0.029367471113801003,0.02961309626698494
18355000,3671,0.0,1.1365996599197388,-0.011779134161770344,-0.012276342138648033,0.000994415138848126,0.0,0.0,0.029649998992681503,0.34689998626708984,0.04820000007748604,0.0,0.0,0.0,0.04503012076020241,0.028012048453092575,0.01607142947614193
18360000,3672,0.0,1.1599289178848267,-0.011589075438678265,-0.012102867476642132,0.0010275840759277344,0.0,0.0,0.03334999829530716,0.35189998149871826,0.043800000101327896,0.0,0.0,0.0,0.05075301229953766,0.02424698881804943,0.02514881081879139
18365000,3673,0.0,1.1930338144302368,0.006245342083275318,0.005768999923020601,0.0009526839712634683,0.0,0.0,0.03974999859929085,0.3402499854564667,0.045899998396635056,0.0,0.0,0.0,0.053463857620954514,0.0381024107336998,0.02782738208770752
18370000,3674,0.0,1.1648367643356323,-0.024751586839556694,-0.025255633518099785,0.0010080925421789289,0.0,0.0,0.03790000081062317,0.3243499994277954,0.043800000101327896,0.0,0.0,0.0,0.0472891591489315,0.035391565412282944,0.03110119141638279
18375000,3675,0.0,1.1790260076522827,0.02698567695915699,0.026392802596092224,0.0011857474455609918,0.0,0.0,0.04194999858736992,0.29170000553131104,0.04189999774098396,0.0,0.0,0.0,0.05000000074505806,0.03689759224653244,0.03898809850215912
18380000,3676,0.0,1.1618449687957764,-0.02101052924990654,-0.021526820957660675,0.001032582251355052,0.0,0.0,0.03714999929070473,0.2999500036239624,0.041600000113248825,0.0,0.0,0.0,0.047138556838035583,0.03855421766638756,0.02589285746216774
18385000,3677,0.0,1.1581028699874878,0.012856260873377323,0.012302173301577568,0.0011081756092607975,0.0,0.0,0.024399999529123306,0.29614999890327454,0.046549998223781586,0.0,0.0,0.0,0.035090360790491104,0.019879518076777458,0.01830357126891613
18390000,3678,0.0,1.1601977348327637,0.014092945493757725,0.013589082285761833,0.0010077266488224268,0.0,0.0,0.02459999918937683,0.28894999623298645,0.06390000134706497,0.0,0.0,0.0,0.03644578531384468,0.020933736115694046,0.01651785708963871
18395000,3679,0.0,1.1669763326644897,-0.010004518553614616,-0.010481484234333038,0.0009539320017211139,0.0,0.0,0.02410000003874302,0.27410000562667847,0.06554999947547913,0.0,0.0,0.0,0.034789156168699265,0.02484939806163311,0.012797619216144085
18400000,3680,0.0,1.1584246158599854,-0.0022657066583633423,-0.0027145922649651766,0.0008977710385806859,0.0,0.0,0.025999998673796654,0.2759999930858612,0.06960000097751617,0.0,0.0,0.0,0.03569277003407478,0.022891566157341003,0.01949404925107956
18405000,3681,0.0,1.1696051359176636,0.007219091989099979,0.006766838021576405,0.0009045075275935233,0.0,0.0,0.028599999845027924,0.2825999855995178,0.06594999879598618,0.0,0.0,0.0,0.046536143869161606,0.021536145359277725,0.01785714365541935
18410000,3682,0.0,1.1882673501968384,-0.01897488161921501,-0.01946735754609108,0.0009849531343206763,0.0,0.0,0.03669999912381172,0.27684998512268066,0.06260000169277191,0.0,0.0,0.0,0.05135542154312134,0.03057228960096836,0.0282738097012043
18415000,3683,0.0,1.1529245376586914,-0.005461812950670719,-0.005925746634602547,0.0009278677753172815,0.0,0.0,0.02329999953508377,0.29604998230934143,0.0661499947309494,0.0,0.0,0.0,0.0373493991792202,0.017018072307109833,0.015625
18420000,3684,0.0,1.1344369649887085,0.0038148127496242523,0.003313790075480938,0.0010020454647019506,0.0,0.0,0.021150000393390656,0.306799978017807,0.06209999695420265,0.0,0.0,0.0,0.035542167723178864,0.016114458441734314,0.011904762126505375
18425000,3685,0.0,1.1225876808166504,0.001863179262727499,0.001347739133052528,0.001030880375765264,0.0,0.0,0.017249999567866325,0.31360000371932983,0.05130000039935112,0.0,0.0,0.0,0.026807229965925217,0.0150602413341403,0.00997023843228817
18430000,3686,0.0,1.1577374935150146,-0.010613186284899712,-0.011115191504359245,0.001004011370241642,0.0,0.0,0.029749998822808266,0.32259997725486755,0.049799997359514236,0.0,0.0,0.0,0.03750000149011612,0.02575301192700863,0.0260416679084301
18435000,3687,0.0,1.1731798648834229,-0.02295999974012375,-0.023435188457369804,0.0009503770852461457,0.0,0.0,0.029249999672174454,0.30664998292922974,0.04904999956488609,0.0,0.0,0.0,0.040813252329826355,0.027560241520404816,0.01949404925107956
18440000,3688,0.0,1.1970274448394775,0.010707605630159378,0.010221034288406372,0.0009731417521834373,0.0,0.0,0.033549997955560684,0.2886500060558319,0.046949997544288635,0.0,0.0,0.0,0.03765060380101204,0.033283133059740067,0.0297619067132473
18445000,3689,0.0,1.1661291122436523,0.024814099073410034,0.024080902338027954,0.0014663919573649764,0.0,0.0,0.020549999549984932,0.2980499863624573,0.06424999982118607,0.0,0.0,0.0,0.03599397838115692,0.017018072307109833,0.00877976231276989
18450000,3690,0.0,1.166373372077942,-0.07247751951217651,-0.0735316351056099,0.0021082237362861633,0.0,0.0,0.024149999022483826,0.3060999810695648,0.06019999831914902,0.0,0.0,0.0,0.034638553857803345,0.02469879575073719,0.01324404776096344
18455000,3691,0.0,1.1561906337738037,0.013213599100708961,0.012632676400244236,0.0011618445860221982,0.0,0.0,0.02369999885559082,0.3357999920845032,0.06354999542236328,0.0,0.0,0.0,0.03117469884455204,0.02560240961611271,0.014434524811804295
18460000,3692,0.0,1.1794469356536865,-0.026947354897856712,-0.027457313612103462,0.0010199180105701089,0.0,0.0,0.032999999821186066,0.33480000495910645,0.05974999815225601,0.0,0.0,0.0,0.046837352216243744,0.033885542303323746,0.01845238171517849
18465000,3693,0.0,1.2002969980239868,-0.00844074971973896,-0.008914054371416569,0.0009466090123169124,0.0,0.0,0.04164999723434448,0.3234499990940094,0.043549999594688416,0.0,0.0,0.0,0.05527108535170555,0.03840361535549164,0.03139881044626236
18470000,3694,0.0,1.1920404434204102,-0.012819123454391956,-0.013252481818199158,0.0008667159709148109,0.0,0.0,0.04064999893307686,0.3177499771118164,0.050850000232458115,0.0,0.0,0.0,0.05542168766260147,0.034638553857803345,0.0319940485060215
18475000,3695,0.0,1.2060294151306152,0.00755876861512661,0.007149416022002697,0.0008187056519091129,0.0,0.0,0.04854999855160713,0.29919999837875366,0.04414999857544899,0.0,0.0,0.0,0.057981930673122406,0.05120481923222542,0.03660714253783226
18480000,3696,0.0,1.1962777376174927,-0.00400265958160162,-0.004451920744031668,0.0008985223830677569,0.0,0.0,0.03924999758601189,0.2992500066757202,0.054749999195337296,0.0,0.0,0.0,0.046837352216243744,0.03674698993563652,0.0342261902987957
18485000,3697,0.0,1.1554690599441528,-0.008936787024140358,-0.009421851485967636,0.0009701293893158436,0.0,0.0,0.027549998834729195,0.3102000057697296,0.04639999940991402,0.0,0.0,0.0,0.033734939992427826,0.02454819343984127,0.02440476231276989
18490000,3698,0.0,1.1790673732757568,-0.004027321469038725,-0.004497130401432514,0.0009396175155416131,0.0,0.0,0.03150000050663948,0.29214999079704285,0.04334999993443489,0.0,0.0,0.0,0.040512047708034515,0.03057228960096836,0.02351190522313118
18495000,3699,0.0,1.2089651823043823,0.012523474171757698,0.012064196169376373,0.000918556354008615,0.0,0.0,0.04674999788403511,0.2708999812602997,0.03449999913573265,0.0,0.0,0.0,0.05135542154312134,0.04969879612326622,0.03928571566939354
18500000,3700,0.0,1.1977448463439941,-0.013586074113845825,-0.014043543487787247,0.0009149385150521994,0.0,0.0,0.03790000081062317,0.2878499925136566,0.047849997878074646,0.0,0.0,0.0,0.04231927916407585,0.03765060380101204,0.03377976268529892
18505000,3701,0.0,1.1691681146621704,-0.024101221933960915,-0.024639299139380455,0.0010761534795165062,0.0,0.0,0.03504999727010727,0.27204999327659607,0.04054999724030495,0.0,0.0,0.0,0.04774096608161926,0.034939758479595184,0.02261904813349247
18510000,3702,0.0,1.1933536529541016,-0.02515336684882641,-0.0256494227796793,0.0009921110467985272,0.0,0.0,0.03219999745488167,0.2736999988555908,0.050200000405311584,0.0,0.0,0.0,0.034939758479595184,0.03117469884455204,0.03050595335662365
18515000,3703,0.0,1.1939406394958496,0.038625169545412064,0.03797797113656998,0.00129439786542207,0.0,0.0,0.034699998795986176,0.2816999852657318,0.046799998730421066,0.0,0.0,0.0,0.04186747223138809,0.029367471113801003,0.03288690745830536
18520000,3704,0.0,1.1905336380004883,-0.0029239857103675604,-0.0033835559152066708,0.0009191405843012035,0.0,0.0,0.0364999994635582,0.2903499901294708,0.05139999836683273,0.0,0.0,0.0,0.039909638464450836,0.03750000149011612,0.03214285895228386
18525000,3705,0.0,1.2016505002975464,0.039861466735601425,0.038823291659355164,0.0020763485226780176,0.0,0.0,0.03384999930858612,0.30184999108314514,0.05454999953508377,0.0,0.0,0.0,0.040662650018930435,0.03222891688346863,0.02872023917734623
18530000,3706,0.0,1.1432511806488037,-0.057692911475896835,-0.05873719975352287,0.002088577952235937,0.0,0.0,0.024000000208616257,0.33319997787475586,0.058649998158216476,0.0,0.0,0.0,0.03072289191186428,0.015813253819942474,0.02544642984867096
18535000,3707,0.0,1.189523696899414,0.01081086602061987,0.010221046395599842,0.0011796398321166635,0.0,0.0,0.039650000631809235,0.3177499771118164,0.049149997532367706,0.0,0.0,0.0,0.05090361461043358,0.033584337681531906,0.03452381119132042
18540000,3708,0.0,1.1967778205871582,0.008973916992545128,0.008390601724386215,0.0011666304199025035,0.0,0.0,0.048249997198581696,0.31584998965263367,0.044449999928474426,0.0,0.0,0.0,0.04201807454228401,0.05466867610812187,0.04806547984480858
18545000,3709,0.0,1.2007675170898438,-0.03007352538406849,-0.030596623197197914,0.001046196324750781,0.0,0.0,0.03790000081062317,0.3144499957561493,0.04829999804496765,0.0,0.0,0.0,0.04216867685317993,0.040060240775346756,0.03154762089252472
18550000,3710,0.0,1.153727650642395,0.0216180719435215,0.02106550522148609,0.0011051326291635633,0.0,0.0,0.03399999812245369,0.321150004863739,0.04814999923110008,0.0,0.0,0.0,0.04307229071855545,0.03132530301809311,0.02767857164144516
18555000,3711,0.0,1.1866326332092285,-0.029230283573269844,-0.029789220541715622,0.0011178730055689812,0.0,0.0,0.045049998909235,0.26819998025894165,0.039799999445676804,0.0,0.0,0.0,0.047138556838035583,0.04367469996213913,0.04434524103999138
18560000,3712,0.0,1.1723662614822388,0.030127596110105515,0.0295391958206892,0.0011768024414777756,0.0,0.0,0.0393499992787838,0.2616499960422516,0.04124999791383743,0.0,0.0,0.0,0.04216867685317993,0.03945783153176308,0.0364583358168602
18565000,3713,0.0,1.209258794784546,-0.027445117011666298,-0.027961919084191322,0.001033603330142796,0.0,0.0,0.04429999738931656,0.24899999797344208,0.03370000049471855,0.0,0.0,0.0,0.05135542154312134,0.04759036377072334,0.03407738357782364
18570000,3714,0.0,1.199991226196289,0.011071349494159222,0.010584203526377678,0.0009742911788634956,0.0,0.0,0.046549998223781586,0.2616499960422516,0.03720000013709068,0.0,0.0,0.0,0.06460843235254288,0.04216867685317993,0.03303571417927742
18575000,3715,0.0,1.195992350578308,-0.014911055564880371,-0.015360519289970398,0.0008989277412183583,0.0,0.0,0.04519999772310257,0.26729997992515564,0.03985000029206276,0.0,0.0,0.0,0.05466867610812187,0.04171686992049217,0.03928571566939354
18580000,3716,0.0,1.182965636253357,0.00472502363845706,0.004291410092264414,0.0008672267431393266,0.0,0.0,0.0401499979197979,0.28529998660087585,0.040699999779462814,0.0,0.0,0.0,0.04834337532520294,0.03945783153176308,0.032738097012043
18585000,3717,0.0,1.2127478122711182,-0.014586713165044785,-0.015008200891315937,0.0008429759764112532,0.0,0.0,0.05079999938607216,0.28564998507499695,0.033399999141693115,0.0,0.0,0.0,0.06069277226924896,0.04894578456878662,0.04285714402794838
18590000,3718,0.0,1.192777156829834,0.005628810729831457,0.0051869358867406845,0.0008837497443892062,0.0,0.0,0.04054999724030495,0.29954999685287476,0.03720000013709068,0.0,0.0,0.0,0.05391566455364227,0.03780120611190796,0.03005952574312687
18595000,3719,0.0,1.1588753461837769,-0.010830865241587162,-0.01124547142535448,0.0008292125421576202,0.0,0.0,0.029999999329447746,0.3005499839782715,0.04794999957084656,0.0,0.0,0.0,0.03915662690997124,0.023042168468236923,0.02782738208770752
18600000,3720,0.0,1.1788694858551025,-0.002895009471103549,-0.0032854187302291393,0.0007808185182511806,0.0,0.0,0.031599998474121094,0.31094998121261597,0.04154999926686287,0.0,0.0,0.0,0.03689759224653244,0.03207831457257271,0.02589285746216774
18605000,3721,0.0,1.1994566917419434,-0.004289750009775162,-0.004662230610847473,0.0007449607946909964,0.0,0.0,0.03189999982714653,0.30584999918937683,0.05974999815225601,0.0,0.0,0.0,0.03825301304459572,0.029367471113801003,0.02812500111758709
18610000,3722,0.0,1.2084956169128418,-0.011225150898098946,-0.011642595753073692,0.0008348895935341716,0.0,0.0,0.05104999989271164,0.3203999996185303,0.04800000041723251,0.0,0.0,0.0,0.0609939768910408,0.05481927841901779,0.03750000149011612
18615000,3723,0.0,1.2044748067855835,0.005915510002523661,0.0054672169499099255,0.0008965859888121486,0.0,0.0,0.04270000010728836,0.3122999966144562,0.05954999849200249,0.0,0.0,0.0,0.05436747148633003,0.03750000149011612,0.03630952537059784
18620000,3724,0.0,1.205771803855896,-0.010656698606908321,-0.01106230914592743,0.0008112202631309628,0.0,0.0,0.0328500010073185,0.2964499890804291,0.06144999712705612,0.0,0.0,0.0,0.04216867685317993,0.03102409653365612,0.02544642984867096
18625000,3725,0.0,1.2272648811340332,-0.013198782689869404,-0.013586199842393398,0.0007748334901407361,0.0,0.0,0.0471000000834465,0.2821999788284302,0.059049997478723526,0.0,0.0,0.0,0.05451807379722595,0.04743976145982742,0.0394345261156559
18630000,3726,0.0,1.2040095329284668,-0.005106066819280386,-0.005485967267304659,0.0007598010706715286,0.0,0.0,0.028349999338388443,0.29074999690055847,0.06390000134706497,0.0,0.0,0.0,0.03268072381615639,0.027409639209508896,0.02500000037252903
18635000,3727,0.0,1.2159405946731567,-0.002713520312681794,-0.0031184901017695665,0.0008099395781755447,0.0,0.0,0.03824999928474426,0.29659998416900635,0.061149999499320984,0.0,0.0,0.0,0.04141566529870033,0.04442771151661873,0.0290178582072258
18640000,3728,0.0,1.206446647644043,-0.0025339825078845024,-0.0028945994563400745,0.0007212337222881615,0.0,0.0,0.03240000084042549,0.28974997997283936,0.05884999781847,0.0,0.0,0.0,0.0373493991792202,0.0308734942227602,0.0290178582072258
18645000,3729,0.0,1.2205572128295898,0.0004746744525618851,6.202754593687132e-05,0.0008252938278019428,0.0,0.0,0.030700000002980232,0.2877500057220459,0.06144999712705612,0.0,0.0,0.0,0.03042168729007244,0.03795180842280388,0.02380952425301075
18650000,3730,0.0,1.1936593055725098,0.01765596680343151,0.017108343541622162,0.0010952478041872382,0.0,0.0,0.02329999953508377,0.30774998664855957,0.055149998515844345,0.0,0.0,0.0,0.033433735370635986,0.016265060752630234,0.02023809589445591
18655000,3731,0.0,1.1917921304702759,0.002257963642477989,0.001785332802683115,0.0009452614467591047,0.0,0.0,0.025699999183416367,0.3100999891757965,0.054899998009204865,0.0,0.0,0.0,0.03057228960096836,0.022138554602861404,0.02440476231276989
18660000,3732,0.0,1.1979384422302246,-0.033082108944654465,-0.033610209822654724,0.0010561990784481168,0.0,0.0,0.03134999796748161,0.3006500005722046,0.05404999852180481,0.0,0.0,0.0,0.04563253000378609,0.02530120499432087,0.02321428619325161
18665000,3733,0.0,1.185219168663025,-0.017960429191589355,-0.01840883679687977,0.0008968139300122857,0.0,0.0,0.030899999663233757,0.2945999801158905,0.056699998676776886,0.0,0.0,0.0,0.04518072307109833,0.03177710995078087,0.01592261902987957
18670000,3734,0.0,1.2015459537506104,0.008297313936054707,0.007895128801465034,0.0008043708512559533,0.0,0.0,0.04084999859333038,0.2744999825954437,0.04574999958276749,0.0,0.0,0.0,0.053012050688266754,0.03870481997728348,0.03095238283276558
18675000,3735,0.0,1.1928155422210693,0.007429344579577446,0.007018752861768007,0.0008211838430725038,0.0,0.0,0.029099998995661736,0.27605000138282776,0.045499999076128006,0.0,0.0,0.0,0.05361445993185043,0.020933736115694046,0.01294642873108387
18680000,3736,0.0,1.2133514881134033,-0.0013974164612591267,-0.0017574557568877935,0.0007200787076726556,0.0,0.0,0.04189999774098396,0.29205000400543213,0.03584999963641167,0.0,0.0,0.0,0.05391566455364227,0.034337349236011505,0.03750000149011612
18685000,3737,0.0,1.1993306875228882,0.004423523787409067,0.0040389420464634895,0.0007691637729294598,0.0,0.0,0.030249999836087227,0.3233499825000763,0.04879999905824661,0.0,0.0,0.0,0.03644578531384468,0.03057228960096836,0.02380952425301075
18690000,3738,0.0,1.1713128089904785,-0.026069700717926025,-0.0265659112483263,0.0009924194309860468,0.0,0.0,0.03280000016093254,0.3553999960422516,0.05849999934434891,0.0,0.0,0.0,0.0503012053668499,0.02545180730521679,0.02276785857975483
18695000,3739,0.0,1.1584911346435547,0.020004164427518845,0.019542952999472618,0.0009224225068464875,0.0,0.0,0.021699998527765274,0.38624998927116394,0.055299997329711914,0.0,0.0,0.0,0.03840361535549164,0.016265060752630234,0.01056547649204731
18700000,3740,0.0,1.1890004873275757,-0.014651408419013023,-0.015066874213516712,0.0008309315307997167,0.0,0.0,0.021649999544024467,0.3643999993801117,0.05339999869465828,0.0,0.0,0.0,0.027560241520404816,0.01972891576588154,0.01770833320915699
18705000,3741,0.0,1.197943091392517,-0.02446959912776947,-0.024873685091733932,0.0008081708801910281,0.0,0.0,0.023899998515844345,0.3357499837875366,0.04639999940991402,0.0,0.0,0.0,0.034487951546907425,0.021084338426589966,0.01622023805975914
18710000,3742,0.0,1.1924759149551392,0.004865627270191908,0.0044733453541994095,0.0007845642394386232,0.0,0.0,0.022099999710917473,0.30924999713897705,0.047849997878074646,0.0,0.0,0.0,0.027108434587717056,0.023192770779132843,0.01607142947614193
18715000,3743,0.0,1.2002167701721191,0.007401464972645044,0.00703626312315464,0.0007304038153961301,0.0,0.0,0.02329999953508377,0.29635000228881836,0.044599998742341995,0.0,0.0,0.0,0.03192771226167679,0.019879518076777458,0.01815476268529892
18720000,3744,0.0,1.1807950735092163,-0.020460711792111397,-0.02087360993027687,0.0008257959270849824,0.0,0.0,0.02669999934732914,0.28224998712539673,0.05354999750852585,0.0,0.0,0.0,0.03795180842280388,0.023343373090028763,0.01889880932867527
18725000,3745,0.0,1.192908525466919,-0.0038087167777121067,-0.004197966773062944,0.0007784999907016754,0.0,0.0,0.020549999549984932,0.2662000060081482,0.05024999752640724,0.0,0.0,0.0,0.03162650763988495,0.014608434401452541,0.01547619141638279
18730000,3746,0.0,1.1942722797393799,-0.012876232154667377,-0.013289578258991241,0.0008266923832707107,0.0,0.0,0.023349998518824577,0.28689998388290405,0.0551999993622303,0.0,0.0,0.0,0.029367471113801003,0.02515060268342495,0.015625
18735000,3747,0.0,1.1829148530960083,-0.025579292327165604,-0.026057293638586998,0.0009560008766129613,0.0,0.0,0.01924999989569187,0.29429998993873596,0.07109999656677246,0.0,0.0,0.0,0.033584337681531906,0.014156626537442207,0.010119047947227955
18740000,3748,0.0,1.2079839706420898,-0.023328615352511406,-0.023722346872091293,0.0007874623406678438,0.0,0.0,0.029099998995661736,0.2678999900817871,0.06264999508857727,0.0,0.0,0.0,0.03900602459907532,0.02454819343984127,0.02380952425301075
18745000,3749,0.0,1.1939226388931274,0.01506523322314024,0.014661156572401524,0.0008081535343080759,0.0,0.0,0.021049998700618744,0.26704999804496765,0.07954999804496765,0.0,0.0,0.0,0.026355423033237457,0.020030120387673378,0.01681547611951828
18750000,3750,0.0,1.2020115852355957,0.005797445308417082,0.005402806214988232,0.0007892784778960049,0.0,0.0,0.03514999896287918,0.2830999791622162,0.07339999824762344,0.0,0.0,0.0,0.04743976145982742,0.028765060007572174,0.02931547723710537
18755000,3751,0.0,1.206571102142334,-0.032362040132284164,-0.03284665569663048,0.0009692285093478858,0.0,0.0,0.03629999980330467,0.30124998092651367,0.07135000079870224,0.0,0.0,0.0,0.052560243755578995,0.03147590532898903,0.02500000037252903
18760000,3752,0.0,1.1884046792984009,0.02541055902838707,0.024843838065862656,0.00113344204146415,0.0,0.0,0.038100000470876694,0.29444998502731323,0.0559999980032444,0.0,0.0,0.0,0.04427710920572281,0.03795180842280388,0.03214285895228386
18765000,3753,0.0,1.1956971883773804,-0.04395219311118126,-0.04451574757695198,0.0011271055554971099,0.0,0.0,0.027899999171495438,0.3026999831199646,0.0478999987244606,0.0,0.0,0.0,0.04262048378586769,0.022439759224653244,0.01875000074505806
18770000,3754,0.0,1.2174748182296753,-0.004914965480566025,-0.005346646998077631,0.0008633631514385343,0.0,0.0,0.03994999825954437,0.3040499985218048,0.03949999809265137,0.0,0.0,0.0,0.040963854640722275,0.04337349534034729,0.03556547686457634
18775000,3755,0.0,1.185428500175476,0.010494210757315159,0.010054709389805794,0.0008790033170953393,0.0,0.0,0.029199998825788498,0.35349997878074646,0.045399997383356094,0.0,0.0,0.0,0.03900602459907532,0.029367471113801003,0.0193452388048172
18780000,3756,0.0,1.193651556968689,0.007350234314799309,0.006791242863982916,0.0011179832508787513,0.0,0.0,0.02914999984204769,0.34759998321533203,0.055649999529123306,0.0,0.0,0.0,0.034487951546907425,0.028162650763988495,0.02485119178891182
18785000,3757,0.0,1.1847312450408936,-0.01588772051036358,-0.016283150762319565,0.000790860562119633,0.0,0.0,0.027649998664855957,0.31349998712539673,0.05874999985098839,0.0,0.0,0.0,0.03765060380101204,0.02364457957446575,0.02172619104385376
18790000,3758,0.0,1.2012251615524292,-0.012654888443648815,-0.013135958462953568,0.0009621406206861138,0.0,0.0,0.028199998661875725,0.27664998173713684,0.046799998730421066,0.0,0.0,0.0,0.03177710995078087,0.028614457696676254,0.02425595372915268
18795000,3759,0.0,1.2324433326721191,-0.021667610853910446,-0.022083455696702003,0.0008316903840750456,0.0,0.0,0.043800000101327896,0.25040000677108765,0.03830000013113022,0.0,0.0,0.0,0.053313255310058594,0.041114456951618195,0.03705357387661934
18800000,3760,0.0,1.2235573530197144,0.00030113779939711094,-8.500117837684229e-05,0.0007722779409959912,0.0,0.0,0.04580000042915344,0.26455000042915344,0.04924999922513962,0.0,0.0,0.0,0.05557228997349739,0.04548192769289017,0.0364583358168602
18805000,3761,0.0,1.242842435836792,-0.015360495075583458,-0.015699533745646477,0.0006780769908800721,0.0,0.0,0.056699998676776886,0.25669997930526733,0.051249999552965164,0.0,0.0,0.0,0.06009036302566528,0.059337351471185684,0.05074404925107956
18810000,3762,0.0,1.2350780963897705,-0.00419485941529274,-0.004565802402794361,0.0007418861496262252,0.0,0.0,0.0674000009894371,0.26100000739097595,0.05289999768137932,0.0,0.0,0.0,0.07063253223896027,0.07018072158098221,0.06145833432674408
18815000,3763,0.0,1.2613296508789062,-0.006625360809266567,-0.006974250543862581,0.0006977794109843671,0.0,0.0,0.06334999948740005,0.25804999470710754,0.052400000393390656,0.0,0.0,0.0,0.06927710771560669,0.059789158403873444,0.0610119067132473
18820000,3764,0.0,1.247124195098877,-0.0016353989485651255,-0.001988861709833145,0.0007069254643283784,0.0,0.0,0.05654999986290932,0.27364999055862427,0.04544999822974205,0.0,0.0,0.0,0.05662650614976883,0.0662650614976883,0.046875
18825000,3765,0.0,1.2329325675964355,-0.0019079371122643352,-0.002277560532093048,0.0007392468978650868,0.0,0.0,0.0478999987244606,0.28279998898506165,0.045249998569488525,0.0,0.0,0.0,0.05421686917543411,0.04894578456878662,0.04062500223517418
18830000,3766,0.0,1.2399648427963257,-0.010772822424769402,-0.011194932274520397,0.0008442201651632786,0.0,0.0,0.04569999873638153,0.26100000739097595,0.048249997198581696,0.0,0.0,0.0,0.052710846066474915,0.046234939247369766,0.03824404999613762
18835000,3767,0.0,1.2452644109725952,0.006003027316182852,0.005646235309541225,0.0007135841879062355,0.0,0.0,0.045249998569488525,0.2535499930381775,0.05444999784231186,0.0,0.0,0.0,0.05421686917543411,0.03900602459907532,0.04255952686071396
18840000,3768,0.0,1.2506532669067383,-0.013274336233735085,-0.013674752786755562,0.0008008338627405465,0.0,0.0,0.049799997359514236,0.24934999644756317,0.055049996823072433,0.0,0.0,0.0,0.05225903540849686,0.053463857620954514,0.04375000298023224
18845000,3769,0.0,1.2308788299560547,0.011824840679764748,0.011433860287070274,0.000781961134634912,0.0,0.0,0.060999996960163116,0.27434998750686646,0.0616999976336956,0.0,0.0,0.0,0.06159638613462448,0.06054216995835304,0.06086309626698494
18850000,3770,0.0,1.222715139389038,0.001613185042515397,0.001244681072421372,0.0007370080566033721,0.0,0.0,0.06030000001192093,0.28919997811317444,0.05979999899864197,0.0,0.0,0.0,0.07349397987127304,0.05466867610812187,0.0528273843228817
18855000,3771,0.0,1.2132126092910767,-0.016091816127300262,-0.01643223688006401,0.0006808401085436344,0.0,0.0,0.05065000057220459,0.31439998745918274,0.04515000060200691,0.0,0.0,0.0,0.058584339916706085,0.04548192769289017,0.04791666939854622
18860000,3772,0.0,1.2045332193374634,0.002224457450211048,0.0018883929587900639,0.0006721288664266467,0.0,0.0,0.03655000030994415,0.3299500048160553,0.055049996823072433,0.0,0.0,0.0,0.040963854640722275,0.033584337681531906,0.03511904925107956
18865000,3773,0.0,1.2192524671554565,0.007009237539023161,0.0066809989511966705,0.0006564771756529808,0.0,0.0,0.04374999925494194,0.3028999865055084,0.042799998074769974,0.0,0.0,0.0,0.052409641444683075,0.039608433842659,0.03928571566939354
18870000,3774,0.0,1.2303909063339233,0.01649182289838791,0.016097694635391235,0.0007882583304308355,0.0,0.0,0.046949997544288635,0.27309998869895935,0.04490000009536743,0.0,0.0,0.0,0.053313255310058594,0.04894578456878662,0.0386904776096344
18875000,3775,0.0,1.2394986152648926,-0.0023389975540339947,-0.002709890715777874,0.0007417863816954195,0.0,0.0,0.06154999881982803,0.2547000050544739,0.045399997383356094,0.0,0.0,0.0,0.07334337383508682,0.06265060603618622,0.04880952462553978
18880000,3776,0.0,1.2308788299560547,0.01627814956009388,0.015855984762310982,0.0008443293627351522,0.0,0.0,0.04919999837875366,0.24834999442100525,0.05065000057220459,0.0,0.0,0.0,0.05225903540849686,0.05496988072991371,0.04047619178891182
18885000,3777,0.0,1.2100040912628174,0.001773372059687972,0.0014271842082962394,0.0006923757609911263,0.0,0.0,0.03864999860525131,0.2574999928474426,0.05284999683499336,0.0,0.0,0.0,0.05150602385401726,0.03689759224653244,0.02767857164144516
18890000,3778,0.0,1.198506236076355,-0.01183972880244255,-0.012190376408398151,0.0007012958521954715,0.0,0.0,0.03240000084042549,0.2620999813079834,0.05104999989271164,0.0,0.0,0.0,0.03855421766638756,0.029518073424696922,0.02916666865348816
18895000,3779,0.0,1.2066847085952759,-0.0235787034034729,-0.02394910156726837,0.0007407963857986033,0.0,0.0,0.040950000286102295,0.2760999798774719,0.048249997198581696,0.0,0.0,0.0,0.05150602385401726,0.03719879686832428,0.0342261902987957
18900000,3780,0.0,1.2139638662338257,-0.006060111336410046,-0.006360184401273727,0.0006001456640660763,0.0,0.0,0.04779999703168869,0.29330000281333923,0.04625000059604645,0.0,0.0,0.0,0.04969879612326622,0.04864457994699478,0.04508928582072258
18905000,3781,0.0,1.1956156492233276,0.014980866573750973,0.014558391645550728,0.0008449493907392025,0.0,0.0,0.037299998104572296,0.330949991941452,0.051899999380111694,0.0,0.0,0.0,0.03825301304459572,0.03825301304459572,0.03541666641831398
18910000,3782,0.0,1.220518708229065,-0.01046458724886179,-0.01084295567125082,0.000756737485062331,0.0,0.0,0.03879999741911888,0.32819998264312744,0.05174999684095383,0.0,0.0,0.0,0.04201807454228401,0.04352409765124321,0.03095238283276558
18915000,3783,0.0,1.2243772745132446,0.01632872223854065,0.015878872945904732,0.0008996982360258698,0.0,0.0,0.033250000327825546,0.3287999927997589,0.05364999920129776,0.0,0.0,0.0,0.03629518300294876,0.034789156168699265,0.02872023917734623
18920000,3784,0.0,1.1997301578521729,-0.035384662449359894,-0.035927947610616684,0.0010865686926990747,0.0,0.0,0.04189999774098396,0.3156999945640564,0.06054999679327011,0.0,0.0,0.0,0.04216867685317993,0.03840361535549164,0.04508928582072258
18925000,3785,0.0,1.2004060745239258,-0.013856567442417145,-0.014414431527256966,0.001115727354772389,0.0,0.0,0.03139999881386757,0.305899977684021,0.05824999883770943,0.0,0.0,0.0,0.04262048378586769,0.029819278046488762,0.02187500149011612
18930000,3786,0.0,1.2195576429367065,-0.030432790517807007,-0.03098932094871998,0.001113062258809805,0.0,0.0,0.03529999777674675,0.2913999855518341,0.04714999720454216,0.0,0.0,0.0,0.046536143869161606,0.028313253074884415,0.03110119141638279
18935000,3787,0.0,1.2084792852401733,-0.04357632249593735,-0.044640012085437775,0.002127379411831498,0.0,0.0,0.028549998998641968,0.2942499816417694,0.05130000039935112,0.0,0.0,0.0,0.034789156168699265,0.028463855385780334,0.02247023954987526
18940000,3788,0.0,1.215421199798584,0.04822955280542374,0.04741637781262398,0.0016263535944744945,0.0,0.0,0.023799998685717583,0.2732499837875366,0.07129999995231628,0.0,0.0,0.0,0.03072289191186428,0.021536145359277725,0.01919643022119999
18945000,3789,0.0,1.2160180807113647,-0.05225761607289314,-0.05306888371706009,0.0016225352883338928,0.0,0.0,0.027699999511241913,0.28014999628067017,0.07499999552965164,0.0,0.0,0.0,0.034939758479595184,0.02515060268342495,0.0230654776096344
18950000,3790,0.0,1.2248746156692505,0.01711583323776722,0.01658782549202442,0.0010560156079009175,0.0,0.0,0.03635000064969063,0.27204999327659607,0.07374999672174454,0.0,0.0,0.0,0.05000000074505806,0.03268072381615639,0.02648809552192688
18955000,3791,0.0,1.195976972579956,-0.0033421521075069904,-0.003762167179957032,0.0008400299120694399,0.0,0.0,0.022849999368190765,0.28509998321533203,0.06529999524354935,0.0,0.0,0.0,0.03253012150526047,0.01927710883319378,0.01681547611951828
18960000,3792,0.0,1.1885921955108643,-0.008101597428321838,-0.008573132567107677,0.0009430699865333736,0.0,0.0,0.020600000396370888,0.29099997878074646,0.0637499988079071,0.0,0.0,0.0,0.028012048453092575,0.01807229034602642,0.01577381044626236
18965000,3793,0.0,1.1883095502853394,0.013352769427001476,0.012937209568917751,0.0008311192505061626,0.0,0.0,0.022450000047683716,0.32304999232292175,0.05739999935030937,0.0,0.0,0.0,0.03102409653365612,0.022740963846445084,0.013690476305782795
18970000,3794,0.0,1.1894948482513428,-0.01697061024606228,-0.017415683716535568,0.0008901478722691536,0.0,0.0,0.03350000083446503,0.34894999861717224,0.05469999834895134,0.0,0.0,0.0,0.034487951546907425,0.03704819455742836,0.0290178582072258
18975000,3795,0.0,1.178556203842163,0.008326660841703415,0.007898435927927494,0.0008564501767978072,0.0,0.0,0.03215000033378601,0.3594000041484833,0.0575999990105629,0.0,0.0,0.0,0.035542167723178864,0.03057228960096836,0.03035714477300644
18980000,3796,0.0,1.1999846696853638,-0.010071378201246262,-0.010501604527235031,0.0008604524191468954,0.0,0.0,0.037299998104572296,0.31700000166893005,0.050999999046325684,0.0,0.0,0.0,0.046234939247369766,0.03298192843794823,0.032738097012043
18985000,3797,0.0,1.212735891342163,0.010168616659939289,0.009789437986910343,0.0007583578117191792,0.0,0.0,0.033149998635053635,0.2797499895095825,0.05480000004172325,0.0,0.0,0.0,0.0381024107336998,0.029367471113801003,0.0319940485060215
18990000,3798,0.0,1.2229549884796143,-0.008927907794713974,-0.009250768460333347,0.0006457219715230167,0.0,0.0,0.03545000031590462,0.29304999113082886,0.05374999716877937,0.0,0.0,0.0,0.03207831457257271,0.03629518300294876,0.0379464291036129
18995000,3799,0.0,1.2118542194366455,-0.0011821365915238857,-0.001504235086031258,0.0006441971054300666,0.0,0.0,0.028999999165534973,0.30320000648498535,0.06804999709129333,0.0,0.0,0.0,0.03750000149011612,0.028463855385780334,0.02113095298409462
19000000,3800,0.0,1.207679033279419,-0.014000951312482357,-0.014332007616758347,0.0006621134234592319,0.0,0.0,0.03179999813437462,0.30664998292922974,0.06790000200271606,0.0,0.0,0.0,0.046837352216243744,0.027108434587717056,0.02157738246023655
19005000,3801,0.0,1.223154067993164,-0.012260239571332932,-0.012586585246026516,0.0006526904762722552,0.0,0.0,0.030549999326467514,0.29819998145103455,0.0685499981045723,0.0,0.0,0.0,0.04442771151661873,0.0308734942227602,0.01651785708963871
19010000,3802,0.0,1.2036972045898438,-0.0004810285463463515,-0.0008522035204805434,0.0007423499482683837,0.0,0.0,0.0364999994635582,0.31299999356269836,0.06364999711513519,0.0,0.0,0.0,0.03840361535549164,0.03780120611190796,0.03333333507180214
19015000,3803,0.0,1.2343356609344482,0.013205139897763729,0.01287341769784689,0.0006634435267187655,0.0,0.0,0.040699999779462814,0.29729998111724854,0.050999999046325684,0.0,0.0,0.0,0.05120481923222542,0.04141566529870033,0.02961309626698494
19020000,3804,0.0,1.2172988653182983,-0.005842845421284437,-0.0061931428499519825,0.0007005945080891252,0.0,0.0,0.029399998486042023,0.3155499994754791,0.05534999817609787,0.0,0.0,0.0,0.03629518300294876,0.029367471113801003,0.02261904813349247
19025000,3805,0.0,1.2215029001235962,0.0062529100105166435,0.0059290858916938305,0.000647648295853287,0.0,0.0,0.02565000019967556,0.30570000410079956,0.0625,0.0,0.0,0.0,0.02605421654880047,0.028313253074884415,0.02261904813349247
19030000,3806,0.0,1.241936445236206,0.014597535133361816,0.014150319620966911,0.000894430500920862,0.0,0.0,0.033149998635053635,0.27904999256134033,0.05009999871253967,0.0,0.0,0.0,0.03930722922086716,0.029367471113801003,0.03080357238650322
19035000,3807,0.0,1.2431433200836182,-0.045321956276893616,-0.04585403949022293,0.0010641649132594466,0.0,0.0,0.042149998247623444,0.26614999771118164,0.0478999987244606,0.0,0.0,0.0,0.04864457994699478,0.04442771151661873,0.0334821455180645
19040000,3808,0.0,1.241314172744751,0.048785582184791565,0.047741781920194626,0.0020875984337180853,0.0,0.0,0.03525000065565109,0.26784998178482056,0.05694999918341637,0.0,0.0,0.0,0.040361445397138596,0.035240963101387024,0.03020833432674408
19045000,3809,0.0,1.2425024509429932,-0.013989049009978771,-0.014532438479363918,0.0010867791716009378,0.0,0.0,0.03644999861717224,0.28049999475479126,0.05844999849796295,0.0,0.0,0.0,0.03855421766638756,0.035391565412282944,0.03541666641831398
19050000,3810,0.0,1.2361137866973877,-0.007989651523530483,-0.008436103351414204,0.0008929037139751017,0.0,0.0,0.041099999099969864,0.2840999960899353,0.051500000059604645,0.0,0.0,0.0,0.04337349534034729,0.040512047708034515,0.0394345261156559
19055000,3811,0.0,1.2538788318634033,-0.02010861225426197,-0.0206016656011343,0.0009861062280833721,0.0,0.0,0.048650000244379044,0.2829499840736389,0.040950000286102295,0.0,0.0,0.0,0.05436747148633003,0.04849397763609886,0.0431547649204731
19060000,3812,0.0,1.2384532690048218,0.03327705338597298,0.03273935616016388,0.001075396896339953,0.0,0.0,0.04975000023841858,0.2940499782562256,0.04194999858736992,0.0,0.0,0.0,0.05421686917543411,0.046385541558265686,0.04866071790456772
19065000,3813,0.0,1.230721116065979,-0.03256763145327568,-0.03310118243098259,0.0010671012569218874,0.0,0.0,0.041099999099969864,0.30614998936653137,0.055549997836351395,0.0,0.0,0.0,0.04984939843416214,0.03689759224653244,0.03660714253783226
19070000,3814,0.0,1.2418417930603027,0.030600080266594887,0.030082182958722115,0.0010357958963140845,0.0,0.0,0.055649999529123306,0.3031499981880188,0.0429999977350235,0.0,0.0,0.0,0.05768072232604027,0.05060240998864174,0.05863095447421074
19075000,3815,0.0,1.2478349208831787,-0.021438682451844215,-0.021875830367207527,0.0008742940844967961,0.0,0.0,0.06324999779462814,0.27379998564720154,0.04690000042319298,0.0,0.0,0.0,0.06310240924358368,0.06762048602104187,0.05907738208770752
19080000,3816,0.0,1.2264620065689087,0.009333077818155289,0.008991796523332596,0.0006825618329457939,0.0,0.0,0.06830000132322311,0.28325000405311584,0.04569999873638153,0.0,0.0,0.0,0.07274096459150314,0.07500000298023224,0.0572916679084301
19085000,3817,0.0,1.2263507843017578,-0.008808257058262825,-0.009122815914452076,0.0006291179452091455,0.0,0.0,0.06404999643564224,0.28450000286102295,0.048899997025728226,0.0,0.0,0.0,0.07981927692890167,0.05647590383887291,0.05595238134264946
19090000,3818,0.0,1.2043448686599731,-0.003990188241004944,-0.004323339089751244,0.0006663021049462259,0.0,0.0,0.046049997210502625,0.3005499839782715,0.04999999701976776,0.0,0.0,0.0,0.053012050688266754,0.046837352216243744,0.03839286044239998
19095000,3819,0.0,1.2364741563796997,-0.0023029411677271128,-0.002675382187590003,0.0007448818651027977,0.0,0.0,0.054349999874830246,0.2740499973297119,0.045399997383356094,0.0,0.0,0.0,0.05542168766260147,0.0609939768910408,0.04672619327902794
19100000,3820,0.0,1.2233728170394897,-0.0011709716636687517,-0.0014742729254066944,0.0006066025816835463,0.0,0.0,0.056599996984004974,0.27300000190734863,0.0458499975502491,0.0,0.0,0.0,0.05557228997349739,0.05361445993185043,0.06056547909975052
19105000,3821,0.0,1.2304424047470093,0.002340814797207713,0.0020276906434446573,0.0006262481911107898,0.0,0.0,0.05979999899864197,0.27719998359680176,0.04674999788403511,0.0,0.0,0.0,0.06581325083971024,0.059036146849393845,0.05461309850215912
19110000,3822,0.0,1.2232075929641724,-0.012497499585151672,-0.012834548950195312,0.0006740984972566366,0.0,0.0,0.048899997025728226,0.2899499833583832,0.052799999713897705,0.0,0.0,0.0,0.05165662616491318,0.04969879612326622,0.0453869067132473
19115000,3823,0.0,1.2381306886672974,0.009237267076969147,0.008871999569237232,0.00073053571395576,0.0,0.0,0.033900000154972076,0.29295000433921814,0.050999999046325684,0.0,0.0,0.0,0.04186747223138809,0.03207831457257271,0.02782738208770752
19120000,3824,0.0,1.2247376441955566,-0.013372503221035004,-0.01370900496840477,0.0006730029708705842,0.0,0.0,0.04270000010728836,0.3090499937534332,0.05574999749660492,0.0,0.0,0.0,0.03855421766638756,0.0487951822578907,0.04077381268143654
19125000,3825,0.0,1.2261629104614258,-0.011950690299272537,-0.012315044179558754,0.0007287068874575198,0.0,0.0,0.04194999858736992,0.31139999628067017,0.0575999990105629,0.0,0.0,0.0,0.04593373462557793,0.04307229071855545,0.03690476343035698
19130000,3826,0.0,1.216810703277588,0.006277801934629679,0.005965787917375565,0.0006240278016775846,0.0,0.0,0.0377499982714653,0.30219998955726624,0.07395000010728836,0.0,0.0,0.0,0.04789156839251518,0.03569277003407478,0.0297619067132473
19135000,3827,0.0,1.1857662200927734,0.016141369938850403,0.01579057238996029,0.000701595563441515,0.0,0.0,0.03374999761581421,0.31794998049736023,0.08914999663829803,0.0,0.0,0.0,0.04171686992049217,0.033885542303323746,0.02574404887855053
19140000,3828,0.0,1.1934248208999634,-0.010203393176198006,-0.010537596419453621,0.000668406777549535,0.0,0.0,0.034949999302625656,0.30859997868537903,0.07829999923706055,0.0,0.0,0.0,0.041114456951618195,0.034487951546907425,0.02931547723710537
19145000,3829,0.0,1.2200772762298584,0.007884451188147068,0.007585286628454924,0.0005983288865536451,0.0,0.0,0.030399998649954796,0.27639999985694885,0.06504999846220016,0.0,0.0,0.0,0.034036144614219666,0.03072289191186428,0.02648809552192688
19150000,3830,0.0,1.2356382608413696,-0.006870544049888849,-0.00718001089990139,0.000618934107478708,0.0,0.0,0.044999998062849045,0.2751999795436859,0.06084999814629555,0.0,0.0,0.0,0.04819277301430702,0.0472891591489315,0.03958333656191826
19155000,3831,0.0,1.233818531036377,-0.031177064403891563,-0.03161413595080376,0.0008741439669393003,0.0,0.0,0.055799998342990875,0.2874999940395355,0.057749997824430466,0.0,0.0,0.0,0.059036146849393845,0.06234939768910408,0.0461309552192688
19160000,3832,0.0,1.2394710779190063,0.058454424142837524,0.05753384903073311,0.0018411517376080155,0.0,0.0,0.05204999819397926,0.284199982881546,0.06444999575614929,0.0,0.0,0.0,0.05587349459528923,0.05617469921708107,0.04419643059372902
19165000,3833,0.0,1.2626513242721558,-0.05977338179945946,-0.06049802154302597,0.001449280302040279,0.0,0.0,0.04084999859333038,0.26054999232292175,0.0702499970793724,0.0,0.0,0.0,0.03704819455742836,0.039608433842659,0.04583333432674408
19170000,3834,0.0,1.2428792715072632,0.01646076887845993,0.016001269221305847,0.0009189981501549482,0.0,0.0,0.0320499986410141,0.2602999806404114,0.07204999774694443,0.0,0.0,0.0,0.029668675735592842,0.03117469884455204,0.03526785969734192
19175000,3835,0.0,1.2518329620361328,0.019224368035793304,0.018548259511590004,0.001352217048406601,0.0,0.0,0.033299997448921204,0.24584999680519104,0.06255000084638596,0.0,0.0,0.0,0.03147590532898903,0.033283133059740067,0.03511904925107956
19180000,3836,0.0,1.2396467924118042,-0.013791024684906006,-0.014235244132578373,0.0008884388953447342,0.0,0.0,0.05714999884366989,0.26934999227523804,0.04834999889135361,0.0,0.0,0.0,0.053463857620954514,0.06054216995835304,0.05744047835469246
19185000,3837,0.0,1.2466188669204712,-0.015857836231589317,-0.01626007631421089,0.0008044791757129133,0.0,0.0,0.05614999681711197,0.3051999807357788,0.043150000274181366,0.0,0.0,0.0,0.05632530152797699,0.059036146849393845,0.05312500149011612
19190000,3838,0.0,1.2289764881134033,0.014015451073646545,0.013638091273605824,0.0007547198329120874,0.0,0.0,0.04939999803900719,0.34244999289512634,0.04724999889731407,0.0,0.0,0.0,0.0510542169213295,0.04939759150147438,0.04776785895228386
19195000,3839,0.0,1.2366894483566284,-0.013974669389426708,-0.014302096329629421,0.0006548546371050179,0.0,0.0,0.04339999705553055,0.34579998254776,0.04820000007748604,0.0,0.0,0.0,0.03855421766638756,0.04743976145982742,0.04419643059372902
19200000,3840,0.0,1.2177842855453491,0.0026343681383877993,0.002298021921887994,0.00067269237479195,0.0,0.0,0.03804999962449074,0.35534998774528503,0.05909999832510948,0.0,0.0,0.0,0.04352409765124321,0.03750000149011612,0.03318452462553978
19205000,3841,0.0,1.23934006690979,-0.008986037224531174,-0.009301671758294106,0.0006312690093182027,0.0,0.0,0.053999997675418854,0.30094999074935913,0.04839999973773956,0.0,0.0,0.0,0.05768072232604027,0.046837352216243744,0.05744047835469246
19210000,3842,0.0,1.2168160676956177,-0.0007757009007036686,-0.001101311412639916,0.0006512210238724947,0.0,0.0,0.05654999986290932,0.27799999713897705,0.057499997317790985,0.0,0.0,0.0,0.05662650614976883,0.06009036302566528,0.05297619104385376
19215000,3843,0.0,1.202620029449463,-0.02553003840148449,-0.025934627279639244,0.000809176592156291,0.0,0.0,0.03914999961853027,0.23964999616146088,0.06515000015497208,0.0,0.0,0.0,0.035542167723178864,0.03915662690997124,0.04270833358168602
19220000,3844,0.0,1.2014353275299072,0.015721343457698822,0.015367492102086544,0.0007077041082084179,0.0,0.0,0.04230000078678131,0.21599999070167542,0.07514999806880951,0.0,0.0,0.0,0.04518072307109833,0.04593373462557793,0.03586309775710106
19225000,3845,0.0,1.199091911315918,-0.013866601511836052,-0.014214587397873402,0.0006959719466976821,0.0,0.0,0.03215000033378601,0.21244999766349792,0.08034999668598175,0.0,0.0,0.0,0.040210843086242676,0.03102409653365612,0.0252976194024086
19230000,3846,0.0,1.199532389640808,-0.005348972510546446,-0.005676466505974531,0.0006549876998178661,0.0,0.0,0.02929999865591526,0.21789999306201935,0.08294999599456787,0.0,0.0,0.0,0.03569277003407478,0.028463855385780334,0.02380952425301075
19235000,3847,0.0,1.1990313529968262,0.00809340737760067,0.007748323492705822,0.0006901683518663049,0.0,0.0,0.025949999690055847,0.23474998772144318,0.07395000010728836,0.0,0.0,0.0,0.027861446142196655,0.02575301192700863,0.02425595372915268
19240000,3848,0.0,1.2112743854522705,0.0053426059894263744,0.005042072851210833,0.0006010665674693882,0.0,0.0,0.04205000028014183,0.25404998660087585,0.07824999839067459,0.0,0.0,0.0,0.0388554222881794,0.04518072307109833,0.04211309552192688
19245000,3849,0.0,1.1890432834625244,-0.011074360460042953,-0.011366351507604122,0.0005839820951223373,0.0,0.0,0.0340999998152256,0.2777999937534332,0.08214999735355377,0.0,0.0,0.0,0.03253012150526047,0.03102409653365612,0.0386904776096344
19250000,3850,0.0,1.211117148399353,-0.003271714085713029,-0.0035149722825735807,0.0004865165683440864,0.0,0.0,0.03644999861717224,0.27239999175071716,0.07674999535083771,0.0,0.0,0.0,0.039759036153554916,0.03298192843794823,0.03660714253783226
19255000,3851,0.0,1.2031677961349487,-0.004970441106706858,-0.005253443028777838,0.0005660036695189774,0.0,0.0,0.03244999796152115,0.26919999718666077,0.08464999496936798,0.0,0.0,0.0,0.0365963876247406,0.03057228960096836,0.03020833432674408
19260000,3852,0.0,1.2035350799560547,-0.013939316384494305,-0.014231850393116474,0.0005850679008290172,0.0,0.0,0.02785000018775463,0.2591499984264374,0.08389999717473984,0.0,0.0,0.0,0.034186746925115585,0.02996988035738468,0.01949404925107956
19265000,3853,0.0,1.209547758102417,-0.01149433758109808,-0.011773139238357544,0.0005576040712185204,0.0,0.0,0.02579999901354313,0.2728999853134155,0.07674999535083771,0.0,0.0,0.0,0.02424698881804943,0.021536145359277725,0.03154762089252472
19270000,3854,0.0,1.22940993309021,-0.007260230835527182,-0.007527098525315523,0.0005337356706149876,0.0,0.0,0.03280000016093254,0.27425000071525574,0.07729999721050262,0.0,0.0,0.0,0.04307229071855545,0.02996988035738468,0.02544642984867096
19275000,3855,0.0,1.2233108282089233,-0.015420537441968918,-0.015717949718236923,0.0005948253092356026,0.0,0.0,0.031300000846385956,0.2633499801158905,0.07575000077486038,0.0,0.0,0.0,0.03855421766638756,0.028012048453092575,0.02738095261156559
19280000,3856,0.0,1.2528033256530762,-0.03480003401637077,-0.03519463539123535,0.0007892021676525474,0.0,0.0,0.04429999738931656,0.2594499886035919,0.06745000183582306,0.0,0.0,0.0,0.04909638687968254,0.04593373462557793,0.0379464291036129
19285000,3857,0.0,1.2496081590652466,0.016009293496608734,0.015627935528755188,0.0007627143058925867,0.0,0.0,0.04559999704360962,0.2916499972343445,0.0637499988079071,0.0,0.0,0.0,0.04894578456878662,0.04578313231468201,0.04211309552192688
19290000,3858,0.0,1.250511884689331,-0.019623039290308952,-0.019909074530005455,0.00057207205099985,0.0,0.0,0.04699999839067459,0.29714998602867126,0.05924999713897705,0.0,0.0,0.0,0.05120481923222542,0.0510542169213295,0.03883928805589676
19295000,3859,0.0,1.2267671823501587,-0.002238966291770339,-0.0025040125474333763,0.0005300923949107528,0.0,0.0,0.04295000061392784,0.29054999351501465,0.04834999889135361,0.0,0.0,0.0,0.046987954527139664,0.039909638464450836,0.04196428880095482
19300000,3860,0.0,1.2146633863449097,0.005981786642223597,0.005697194021195173,0.0005691855330951512,0.0,0.0,0.029899999499320984,0.2640500068664551,0.04574999958276749,0.0,0.0,0.0,0.03042168729007244,0.028012048453092575,0.03125
19305000,3861,0.0,1.231412410736084,-0.0010775098344311118,-0.0013524172827601433,0.0005498148966580629,0.0,0.0,0.038750000298023224,0.2368999868631363,0.05494999885559082,0.0,0.0,0.0,0.03945783153176308,0.04412650689482689,0.032738097012043
19310000,3862,0.0,1.2538681030273438,-0.00840434804558754,-0.008677602745592594,0.0005465094582177699,0.0,0.0,0.05274999886751175,0.23919999599456787,0.047849997878074646,0.0,0.0,0.0,0.05195783078670502,0.052560243755578995,0.05372023954987526
19315000,3863,0.0,1.2380430698394775,-0.0021227679681032896,-0.0024015416856855154,0.0005575473769567907,0.0,0.0,0.048499997705221176,0.26089999079704285,0.060099996626377106,0.0,0.0,0.0,0.05466867610812187,0.0510542169213295,0.03988095372915268
19320000,3864,0.0,1.2327741384506226,-0.008521501906216145,-0.008791252970695496,0.0005395021289587021,0.0,0.0,0.03724999725818634,0.27584999799728394,0.06269999593496323,0.0,0.0,0.0,0.039909638464450836,0.03689759224653244,0.0349702388048172
19325000,3865,0.0,1.2167168855667114,-0.019078634679317474,-0.019429659470915794,0.0007020485354587436,0.0,0.0,0.05284999683499336,0.2859500050544739,0.05204999819397926,0.0,0.0,0.0,0.057981930673122406,0.04969879612326622,0.05089285969734192
19330000,3866,0.0,1.2311984300613403,0.029078440740704536,0.028624901548027992,0.000907077977899462,0.0,0.0,0.04544999822974205,0.29159998893737793,0.046049997210502625,0.0,0.0,0.0,0.04864457994699478,0.04171686992049217,0.04598214477300644
19335000,3867,0.0,1.2153905630111694,-0.01814822107553482,-0.018607622012495995,0.0009188014082610607,0.0,0.0,0.040699999779462814,0.29649999737739563,0.04169999808073044,0.0,0.0,0.0,0.04864457994699478,0.039759036153554916,0.03377976268529892
19340000,3868,0.0,1.209511160850525,0.01423436589539051,0.01385496836155653,0.0007587946602143347,0.0,0.0,0.038100000470876694,0.2955999970436096,0.04649999737739563,0.0,0.0,0.0,0.04277108609676361,0.03569277003407478,0.03586309775710106
19345000,3869,0.0,1.2171454429626465,-0.029194360598921776,-0.02975649945437908,0.0011242766631767154,0.0,0.0,0.04334999993443489,0.31314998865127563,0.040449999272823334,0.0,0.0,0.0,0.04939759150147438,0.0388554222881794,0.04181547835469246
19350000,3870,0.0,1.20801842212677,0.04178055375814438,0.04099312052130699,0.0015748677542433143,0.0,0.0,0.04209999740123749,0.3098999857902527,0.05649999901652336,0.0,0.0,0.0,0.0480421707034111,0.04186747223138809,0.0364583358168602
19355000,3871,0.0,1.2368086576461792,-0.04944296553730965,-0.050275299698114395,0.0016646664589643478,0.0,0.0,0.05199999734759331,0.2926499843597412,0.05299999937415123,0.0,0.0,0.0,0.04186747223138809,0.05210843309760094,0.06190476566553116
19360000,3872,0.0,1.2467305660247803,0.0319448821246624,0.031373459845781326,0.0011428442085161805,0.0,0.0,0.04645000025629997,0.27730000019073486,0.05549999698996544,0.0,0.0,0.0,0.04427710920572281,0.05135542154312134,0.04375000298023224
19365000,3873,0.0,1.23896324634552,-0.03404354304075241,-0.0346224419772625,0.001157798687927425,0.0,0.0,0.05094999819993973,0.2784999907016754,0.05134999752044678,0.0,0.0,0.0,0.04864457994699478,0.052710846066474915,0.05148809775710106
19370000,3874,0.0,1.2491644620895386,0.022774700075387955,0.022347912192344666,0.0008535751258023083,0.0,0.0,0.05415000021457672,0.2754499912261963,0.05745000019669533,0.0,0.0,0.0,0.05632530152797699,0.05707831308245659,0.0491071455180645
19375000,3875,0.0,1.2204862833023071,-0.009348144754767418,-0.009740096516907215,0.0007839030586183071,0.0,0.0,0.04874999821186066,0.3172999918460846,0.060999996960163116,0.0,0.0,0.0,0.04322289302945137,0.04864457994699478,0.0543154776096344
19380000,3876,0.0,1.2258949279785156,0.00348793831653893,0.003148644231259823,0.0006785881123505533,0.0,0.0,0.042500000447034836,0.31200000643730164,0.051249999552965164,0.0,0.0,0.0,0.04216867685317993,0.046686746180057526,0.0386904776096344
19385000,3877,0.0,1.218495488166809,0.00024383512209169567,-7.970809383550659e-05,0.0006470864173024893,0.0,0.0,0.034949999302625656,0.29694998264312744,0.057099997997283936,0.0,0.0,0.0,0.03674698993563652,0.033885542303323746,0.0342261902987957
19390000,3878,0.0,1.2022383213043213,-0.008748560212552547,-0.009055201895534992,0.0006132834241725504,0.0,0.0,0.030899999663233757,0.2857999801635742,0.0616999976336956,0.0,0.0,0.0,0.03719879686832428,0.026807229965925217,0.02872023917734623
19395000,3879,0.0,1.2092835903167725,0.004646540619432926,0.004348815884441137,0.0005954495281912386,0.0,0.0,0.03680000081658363,0.29999998211860657,0.05484999716281891,0.0,0.0,0.0,0.03569277003407478,0.04307229071855545,0.03169643133878708
19400000,3880,0.0,1.1969263553619385,-0.008632713928818703,-0.008943081833422184,0.0006207365076988935,0.0,0.0,0.022599998861551285,0.3032499849796295,0.06119999662041664,0.0,0.0,0.0,0.026656627655029297,0.022590361535549164,0.0186011902987957
19405000,3881,0.0,1.2228666543960571,0.0008068246534094214,0.0004926305846311152,0.0006283881957642734,0.0,0.0,0.024799998849630356,0.28029999136924744,0.06300000101327896,0.0,0.0,0.0,0.028915662318468094,0.022740963846445084,0.02276785857975483
19410000,3882,0.0,1.2153024673461914,-0.0038597374223172665,-0.004155370872467756,0.0005912671331316233,0.0,0.0,0.03294999897480011,0.2721000015735626,0.05779999867081642,0.0,0.0,0.0,0.03795180842280388,0.027560241520404816,0.03333333507180214
19415000,3883,0.0,1.2224299907684326,-0.0011810616124421358,-0.0014231648528948426,0.0004842063644900918,0.0,0.0,0.03920000046491623,0.29249998927116394,0.054499998688697815,0.0,0.0,0.0,0.04774096608161926,0.034487951546907425,0.03541666641831398
19420000,3884,0.0,1.2261923551559448,-0.014679128304123878,-0.014968822710216045,0.0005793892778456211,0.0,0.0,0.033549997955560684,0.27535000443458557,0.06989999860525131,0.0,0.0,0.0,0.04759036377072334,0.03042168729007244,0.02276785857975483
19425000,3885,0.0,1.2146586179733276,0.003107786877080798,0.002825874602422118,0.0005638243746943772,0.0,0.0,0.027300000190734863,0.3025999963283539,0.06714999675750732,0.0,0.0,0.0,0.02996988035738468,0.026204820722341537,0.02574404887855053
19430000,3886,0.0,1.2172069549560547,0.011816448532044888,0.011516377329826355,0.0006001415313221514,0.0,0.0,0.031849998980760574,0.3079499900341034,0.06279999762773514,0.0,0.0,0.0,0.03765060380101204,0.03042168729007244,0.02752976305782795
19435000,3887,0.0,1.2377041578292847,-0.0023443475365638733,-0.0026060882955789566,0.0005234815180301666,0.0,0.0,0.03869999945163727,0.28849998116493225,0.06004999950528145,0.0,0.0,0.0,0.04352409765124321,0.035542167723178864,0.03705357387661934
19440000,3888,0.0,1.2506173849105835,-0.005210951901972294,-0.005459541454911232,0.000497178640216589,0.0,0.0,0.04129999876022339,0.2862499952316284,0.051899999380111694,0.0,0.0,0.0,0.04789156839251518,0.04292168840765953,0.03318452462553978
19445000,3889,0.0,1.258970856666565,-0.0011243410408496857,-0.00140865589492023,0.0005686296499334276,0.0,0.0,0.03824999928474426,0.28129997849464417,0.06439999490976334,0.0,0.0,0.0,0.039759036153554916,0.03719879686832428,0.03779761865735054
19450000,3890,0.0,1.2509441375732422,-0.004348742309957743,-0.004598903935402632,0.0005003231926821172,0.0,0.0,0.039650000631809235,0.2839999794960022,0.06459999829530716,0.0,0.0,0.0,0.040963854640722275,0.04367469996213913,0.03437500074505806
19455000,3891,0.0,1.2484050989151,-0.01688201166689396,-0.017179083079099655,0.0005941431154496968,0.0,0.0,0.03969999775290489,0.2943499982357025,0.06839999556541443,0.0,0.0,0.0,0.03915662690997124,0.04457831382751465,0.03541666641831398
19460000,3892,0.0,1.2425189018249512,-0.013315442018210888,-0.013624832965433598,0.000618782767560333,0.0,0.0,0.04645000025629997,0.302949994802475,0.07129999995231628,0.0,0.0,0.0,0.05496988072991371,0.03930722922086716,0.04508928582072258
19465000,3893,0.0,1.2497755289077759,-0.003657642286270857,-0.00392193254083395,0.0005285803345032036,0.0,0.0,0.040699999779462814,0.3017500042915344,0.0726500004529953,0.0,0.0,0.0,0.046837352216243744,0.033433735370635986,0.04181547835469246
19470000,3894,0.0,1.236792802810669,0.008278167806565762,0.008026384748518467,0.0005035662325099111,0.0,0.0,0.037450000643730164,0.31424999237060547,0.06994999945163727,0.0,0.0,0.0,0.035240963101387024,0.04246988147497177,0.03467262163758278
19475000,3895,0.0,1.2310550212860107,-0.004529043100774288,-0.004764812998473644,0.00047154026105999947,0.0,0.0,0.03739999979734421,0.2994000017642975,0.07829999923706055,0.0,0.0,0.0,0.04171686992049217,0.03674698993563652,0.03377976268529892
19480000,3896,0.0,1.2247172594070435,-0.021769607439637184,-0.022082431241869926,0.00062564731342718,0.0,0.0,0.03929999843239784,0.2700999975204468,0.07535000145435333,0.0,0.0,0.0,0.04457831382751465,0.0365963876247406,0.03675595298409462
19485000,3897,0.0,1.2126230001449585,0.011861477047204971,0.011565829627215862,0.0005912939086556435,0.0,0.0,0.043049998581409454,0.2576499879360199,0.07249999791383743,0.0,0.0,0.0,0.04487951844930649,0.04292168840765953,0.04136905074119568
19490000,3898,0.0,1.2436294555664062,-0.00280170701444149,-0.0030784839764237404,0.0005535539239645004,0.0,0.0,0.04405000060796738,0.24574999511241913,0.06849999725818634,0.0,0.0,0.0,0.04834337532520294,0.03945783153176308,0.04434524103999138
19495000,3899,0.0,1.247835397720337,-0.033285025507211685,-0.03364062309265137,0.0007111919112503529,0.0,0.0,0.03894999995827675,0.24924999475479126,0.0694499984383583,0.0,0.0,0.0,0.04397590458393097,0.040361445397138596,0.03258928656578064
19500000,3900,0.0,1.235755205154419,-0.01951075904071331,-0.019788604229688644,0.0005556915421038866,0.0,0.0,0.032600000500679016,0.2690500020980835,0.09034999459981918,0.0,0.0,0.0,0.03765060380101204,0.03268072381615639,0.02752976305782795
19505000,3901,0.0,1.2632099390029907,0.014138499274849892,0.013872180134057999,0.0005326379905454814,0.0,0.0,0.05004999786615372,0.27254998683929443,0.06790000200271606,0.0,0.0,0.0,0.053463857620954514,0.05015060305595398,0.04657738283276558
19510000,3902,0.0,1.272843360900879,-0.006617514416575432,-0.006861901842057705,0.0004887750255875289,0.0,0.0,0.044849999248981476,0.2775000035762787,0.06830000132322311,0.0,0.0,0.0,0.04322289302945137,0.046234939247369766,0.04508928582072258
19515000,3903,0.0,1.2746554613113403,-0.006462383549660444,-0.006721540819853544,0.0005183141329325736,0.0,0.0,0.04254999756813049,0.27629998326301575,0.06419999897480011,0.0,0.0,0.0,0.04262048378586769,0.04457831382751465,0.04047619178891182
19520000,3904,0.0,1.2723838090896606,0.03600933775305748,0.0353606678545475,0.0012973379343748093,0.0,0.0,0.040699999779462814,0.2457999885082245,0.07204999774694443,0.0,0.0,0.0,0.04171686992049217,0.04337349534034729,0.03705357387661934
19525000,3905,0.0,1.2694103717803955,-0.04839799553155899,-0.049155570566654205,0.0015151475090533495,0.0,0.0,0.035999998450279236,0.24244999885559082,0.07319999486207962,0.0,0.0,0.0,0.03222891688346863,0.03569277003407478,0.04002976417541504
19530000,3906,0.0,1.2574269771575928,0.021384386345744133,0.020973490551114082,0.0008217901922762394,0.0,0.0,0.027400000020861626,0.2458999902009964,0.07795000076293945,0.0,0.0,0.0,0.028915662318468094,0.027710843831300735,0.02559523843228817
19535000,3907,0.0,1.2567006349563599,-0.00153636047616601,-0.0018867194885388017,0.0007007180247455835,0.0,0.0,0.032899998128414154,0.24914999306201935,0.07674999535083771,0.0,0.0,0.0,0.03614458069205284,0.03268072381615639,0.02991071529686451
19540000,3908,0.0,1.2603257894515991,-0.03436307981610298,-0.03475358337163925,0.0007810049573890865,0.0,0.0,0.0320499986410141,0.24174998700618744,0.08034999668598175,0.0,0.0,0.0,0.03313253074884415,0.03162650763988495,0.03139881044626236
19545000,3909,0.0,1.2464029788970947,0.02255912683904171,0.02215535007417202,0.0008075518417172134,0.0,0.0,0.041099999099969864,0.2745499908924103,0.08399999886751175,0.0,0.0,0.0,0.04442771151661873,0.04262048378586769,0.03630952537059784
19550000,3910,0.0,1.2436327934265137,-0.02090494893491268,-0.02117709070444107,0.0005442820256575942,0.0,0.0,0.034699998795986176,0.29809999465942383,0.07919999957084656,0.0,0.0,0.0,0.04307229071855545,0.03117469884455204,0.02991071529686451
19555000,3911,0.0,1.2544194459915161,0.00830854382365942,0.008019247092306614,0.0005785931134596467,0.0,0.0,0.037450000643730164,0.31610000133514404,0.07124999910593033,0.0,0.0,0.0,0.035391565412282944,0.035090360790491104,0.04181547835469246
19560000,3912,0.0,1.272983193397522,-0.014767737127840519,-0.01498767826706171,0.0004398827441036701,0.0,0.0,0.03879999741911888,0.29624998569488525,0.06174999848008156,0.0,0.0,0.0,0.040963854640722275,0.03644578531384468,0.03898809850215912
19565000,3913,0.0,1.2616724967956543,0.0029075643979012966,0.0026631979271769524,0.0004887329414486885,0.0,0.0,0.0364999994635582,0.27515000104904175,0.055949997156858444,0.0,0.0,0.0,0.0388554222881794,0.03765060380101204,0.03303571417927742
19570000,3914,0.0,1.26604425907135,-0.0077036116272211075,-0.007918630726635456,0.0004300381988286972,0.0,0.0,0.03474999964237213,0.2671999931335449,0.052299998700618744,0.0,0.0,0.0,0.04352409765124321,0.03268072381615639,0.02812500111758709
19575000,3915,0.0,1.2817412614822388,-0.0013690246269106865,-0.0016013880958780646,0.0004647269961424172,0.0,0.0,0.04924999922513962,0.2576499879360199,0.04580000042915344,0.0,0.0,0.0,0.04789156839251518,0.05195783078670502,0.04791666939854622
19580000,3916,0.0,1.263284683227539,0.004552803933620453,0.004303316120058298,0.0004989758599549532,0.0,0.0,0.04339999705553055,0.250900000333786,0.060499999672174454,0.0,0.0,0.0,0.04924698919057846,0.039759036153554916,0.04122024029493332
19585000,3917,0.0,1.2722736597061157,-0.00807957723736763,-0.008322864770889282,0.0004865746304858476,0.0,0.0,0.03884999826550484,0.2561500072479248,0.06269999593496323,0.0,0.0,0.0,0.04533132538199425,0.041265059262514114,0.03005952574312687
19590000,3918,0.0,1.2701125144958496,0.0007766016060486436,0.0005427649593912065,0.0004676733515225351,0.0,0.0,0.0401499979197979,0.2505500018596649,0.07045000046491623,0.0,0.0,0.0,0.04457831382751465,0.040512047708034515,0.03541666641831398
19595000,3919,0.0,1.2773479223251343,-0.008039474487304688,-0.0082929078489542,0.0005068670143373311,0.0,0.0,0.04114999994635582,0.26034998893737793,0.05974999815225601,0.0,0.0,0.0,0.04472891613841057,0.039608433842659,0.03913690522313118
19600000,3920,0.0,1.2788022756576538,-0.0030004139989614487,-0.003234528237953782,0.00046822824515402317,0.0,0.0,0.04569999873638153,0.24469999969005585,0.05810000002384186,0.0,0.0,0.0,0.04231927916407585,0.05165662616491318,0.0431547649204731
19605000,3921,0.0,1.2521876096725464,-0.02139529027044773,-0.02166788838803768,0.0005451951292343438,0.0,0.0,0.031700000166893005,0.27535000443458557,0.06650000065565109,0.0,0.0,0.0,0.03915662690997124,0.028765060007572174,0.02723214402794838
19610000,3922,0.0,1.2471281290054321,0.0027896855026483536,0.0025495414156466722,0.0004802882904186845,0.0,0.0,0.030399998649954796,0.29884999990463257,0.07434999942779541,0.0,0.0,0.0,0.0301204826682806,0.026656627655029297,0.03437500074505806
19615000,3923,0.0,1.234238624572754,-0.005554357077926397,-0.005806208122521639,0.0005037022638134658,0.0,0.0,0.029099998995661736,0.31235000491142273,0.06655000150203705,0.0,0.0,0.0,0.03298192843794823,0.027409639209508896,0.02693452499806881
19620000,3924,0.0,1.2609968185424805,-0.0014744237996637821,-0.0017049901653081179,0.0004611327894963324,0.0,0.0,0.03384999930858612,0.2888999879360199,0.06549999862909317,0.0,0.0,0.0,0.03780120611190796,0.033885542303323746,0.02991071529686451
19625000,3925,0.0,1.239485502243042,-0.000545733782928437,-0.0007801799802109599,0.0004688923654612154,0.0,0.0,0.03350000083446503,0.2737500071525574,0.07434999942779541,0.0,0.0,0.0,0.034036144614219666,0.034789156168699265,0.03169643133878708
19630000,3926,0.0,1.2399901151657104,-0.015519379638135433,-0.0157632976770401,0.00048783558304421604,0.0,0.0,0.031849998980760574,0.2601499855518341,0.06030000001192093,0.0,0.0,0.0,0.03614458069205284,0.03298192843794823,0.02648809552192688
19635000,3927,0.0,1.2502636909484863,0.0005177658749744296,0.0002822421956807375,0.0004710473003797233,0.0,0.0,0.03370000049471855,0.23524999618530273,0.055049996823072433,0.0,0.0,0.0,0.03147590532898903,0.035240963101387024,0.03437500074505806
19640000,3928,0.0,1.255756139755249,-0.0016270390478894114,-0.0018779992824420333,0.0005019204691052437,0.0,0.0,0.046549998223781586,0.22984999418258667,0.0645499974489212,0.0,0.0,0.0,0.04533132538199425,0.04984939843416214,0.04449404776096344
19645000,3929,0.0,1.249216079711914,-0.021547554060816765,-0.021831855177879333,0.0005686009535565972,0.0,0.0,0.04984999820590019,0.2551499903202057,0.06714999675750732,0.0,0.0,0.0,0.04171686992049217,0.05632530152797699,0.05148809775710106
19650000,3930,0.0,1.2442374229431152,-0.0035319204907864332,-0.003734167432412505,0.0004044937086291611,0.0,0.0,0.04454999789595604,0.2870999872684479,0.08114999532699585,0.0,0.0,0.0,0.047138556838035583,0.04352409765124321,0.04300595447421074
19655000,3931,0.0,1.2529346942901611,0.03209374099969864,0.03155988082289696,0.001067722332663834,0.0,0.0,0.04834999889135361,0.2906000018119812,0.08424999564886093,0.0,0.0,0.0,0.052861448377370834,0.046987954527139664,0.04523809626698494
19660000,3932,0.0,1.2663218975067139,-0.029522772878408432,-0.029799269512295723,0.0005529950722120702,0.0,0.0,0.04699999839067459,0.2786499857902527,0.07279999554157257,0.0,0.0,0.0,0.0510542169213295,0.046084336936473846,0.0438988097012043
19665000,3933,0.0,1.243743896484375,-0.009224044159054756,-0.009425526484847069,0.000402963807573542,0.0,0.0,0.03680000081658363,0.26214998960494995,0.0867999941110611,0.0,0.0,0.0,0.040361445397138596,0.034337349236011505,0.0357142873108387
19670000,3934,0.0,1.2458463907241821,-3.590006963349879e-05,-0.000291923905024305,0.0005120476707816124,0.0,0.0,0.039799999445676804,0.2583499848842621,0.07724999636411667,0.0,0.0,0.0,0.0388554222881794,0.040963854640722275,0.03958333656191826
19675000,3935,0.0,1.2746367454528809,-0.010986479930579662,-0.011241169646382332,0.0005093793733976781,0.0,0.0,0.04839999973773956,0.25759997963905334,0.06960000097751617,0.0,0.0,0.0,0.04819277301430702,0.04969879612326622,0.04732143133878708
19680000,3936,0.0,1.2639148235321045,0.002462669275701046,0.0022006274666637182,0.0005240835598669946,0.0,0.0,0.0377499982714653,0.2516999840736389,0.09104999899864197,0.0,0.0,0.0,0.033283133059740067,0.0472891591489315,0.032738097012043
19685000,3937,0.0,1.26223623752594,-0.004429651889950037,-0.004672333598136902,0.00048536297981627285,0.0,0.0,0.03584999963641167,0.2653999924659729,0.08514999598264694,0.0,0.0,0.0,0.03253012150526047,0.03930722922086716,0.0357142873108387
19690000,3938,0.0,1.2413326501846313,-0.012747413478791714,-0.01300798449665308,0.0005211424431763589,0.0,0.0,0.030150000005960464,0.28634998202323914,0.08689999580383301,0.0,0.0,0.0,0.03313253074884415,0.03042168729007244,0.02693452499806881
19695000,3939,0.0,1.2431577444076538,-0.008196888491511345,-0.00844635535031557,0.0004989340668544173,0.0,0.0,0.03999999910593033,0.30274999141693115,0.08419999480247498,0.0,0.0,0.0,0.04518072307109833,0.041114456951618195,0.03377976268529892
19700000,3940,0.0,1.2381259202957153,-0.038499873131513596,-0.03890470042824745,0.0008096565725281835,0.0,0.0,0.03215000033378601,0.3041499853134155,0.08145000040531158,0.0,0.0,0.0,0.03298192843794823,0.035542167723178864,0.02797619067132473
19705000,3941,0.0,1.2351596355438232,-0.013051047921180725,-0.013302445411682129,0.0005027957959100604,0.0,0.0,0.03199999779462814,0.3137499988079071,0.0794999971985817,0.0,0.0,0.0,0.03207831457257271,0.035090360790491104,0.02886904962360859
19710000,3942,0.0,1.2429119348526,0.01099698431789875,0.0106932008638978,0.0006075678393244743,0.0,0.0,0.030549999326467514,0.31404998898506165,0.07739999890327454,0.0,0.0,0.0,0.03253012150526047,0.03027108497917652,0.02886904962360859
19715000,3943,0.0,1.2588202953338623,-0.002484484575688839,-0.002714004134759307,0.0004590389144141227,0.0,0.0,0.03754999861121178,0.28509998321533203,0.07119999825954437,0.0,0.0,0.0,0.035843376070261,0.04231927916407585,0.03452381119132042
19720000,3944,0.0,1.2516800165176392,-0.028355462476611137,-0.028640203177928925,0.0005694797146134079,0.0,0.0,0.04064999893307686,0.27730000019073486,0.07095000147819519,0.0,0.0,0.0,0.04141566529870033,0.039608433842659,0.0409226194024086
19725000,3945,0.0,1.2527353763580322,0.024769484996795654,0.024455491453409195,0.000627985573373735,0.0,0.0,0.03949999809265137,0.27869999408721924,0.06260000169277191,0.0,0.0,0.0,0.04322289302945137,0.04382530227303505,0.03154762089252472
19730000,3946,0.0,1.254192590713501,-0.007461212109774351,-0.00773253757506609,0.0005426506977528334,0.0,0.0,0.04839999973773956,0.26704999804496765,0.06509999930858612,0.0,0.0,0.0,0.05015060305595398,0.04743976145982742,0.0476190485060215
19735000,3947,0.0,1.2545011043548584,0.005135280080139637,0.004914936609566212,0.00044068697025068104,0.0,0.0,0.04205000028014183,0.260699987411499,0.07229999452829361,0.0,0.0,0.0,0.04563253000378609,0.04156626760959625,0.03898809850215912
19740000,3948,0.0,1.2521984577178955,-0.016383420675992966,-0.01661684736609459,0.00046685428242199123,0.0,0.0,0.038750000298023224,0.26045000553131104,0.07714999467134476,0.0,0.0,0.0,0.03614458069205284,0.040813252329826355,0.03928571566939354
19745000,3949,0.0,1.2503726482391357,0.009432108141481876,0.009152783080935478,0.0005586506449617445,0.0,0.0,0.022849999368190765,0.26385000348091125,0.08244999498128891,0.0,0.0,0.0,0.023493977263569832,0.020933736115694046,0.02410714328289032
19750000,3950,0.0,1.2487930059432983,-0.03667912259697914,-0.037031400948762894,0.0007045594975352287,0.0,0.0,0.024000000208616257,0.27379998564720154,0.08760000020265579,0.0,0.0,0.0,0.02424698881804943,0.02575301192700863,0.02202381007373333
19755000,3951,0.0,1.2489792108535767,0.005361150484532118,0.0051063247956335545,0.0005096512613818049,0.0,0.0,0.03374999761581421,0.2925499975681305,0.08729999512434006,0.0,0.0,0.0,0.034337349236011505,0.0365963876247406,0.03035714477300644
19760000,3952,0.0,1.2694125175476074,-0.0018307300051674247,-0.002122224075719714,0.000582988141104579,0.0,0.0,0.0458499975502491,0.29854997992515564,0.07649999856948853,0.0,0.0,0.0,0.039909638464450836,0.05120481923222542,0.04642857238650322
19765000,3953,0.0,1.244276523590088,-0.013116223737597466,-0.01343894749879837,0.0006454481044784188,0.0,0.0,0.05374999716877937,0.2930999994277954,0.08064999431371689,0.0,0.0,0.0,0.047138556838035583,0.05602409690618515,0.0580357164144516
19770000,3954,0.0,1.2619690895080566,0.003893089247867465,0.003611817955970764,0.0005625426420010626,0.0,0.0,0.03644999861717224,0.26545000076293945,0.07535000145435333,0.0,0.0,0.0,0.03689759224653244,0.03870481997728348,0.03377976268529892
19775000,3955,0.0,1.2715859413146973,0.008521046489477158,0.008301702328026295,0.000438687507994473,0.0,0.0,0.04104999825358391,0.25360000133514404,0.07409999519586563,0.0,0.0,0.0,0.03719879686832428,0.04201807454228401,0.0438988097012043
19780000,3956,0.0,1.2638237476348877,-0.0043049524538218975,-0.004498659633100033,0.00038741473690606654,0.0,0.0,0.03754999861121178,0.26455000042915344,0.07625000178813934,0.0,0.0,0.0,0.03855421766638756,0.04367469996213913,0.03050595335662365
19785000,3957,0.0,1.2928646802902222,-0.008948455564677715,-0.009154144674539566,0.0004113779868930578,0.0,0.0,0.04600000008940697,0.25279998779296875,0.06199999898672104,0.0,0.0,0.0,0.03870481997728348,0.0495481938123703,0.04970238357782364
19790000,3958,0.0,1.2557716369628906,-0.04329190403223038,-0.043769195675849915,0.0009545805514790118,0.0,0.0,0.05354999750852585,0.27195000648498535,0.08174999803304672,0.0,0.0,0.0,0.046987954527139664,0.06039156764745712,0.05327381193637848
19795000,3959,0.0,1.267797827720642,0.036993760615587234,0.036547575145959854,0.0008923685527406633,0.0,0.0,0.04814999923110008,0.25779998302459717,0.06759999692440033,0.0,0.0,0.0,0.04186747223138809,0.04834337532520294,0.05416666716337204
19800000,3960,0.0,1.267067790031433,-0.005745805334299803,-0.0060214512050151825,0.0005512920906767249,0.0,0.0,0.04309999942779541,0.24809999763965607,0.07225000113248825,0.0,0.0,0.0,0.03719879686832428,0.0510542169213295,0.04107142984867096
19805000,3961,0.0,1.2541402578353882,0.004400755278766155,0.004159790929406881,0.0004819289897568524,0.0,0.0,0.038100000470876694,0.26080000400543213,0.07970000058412552,0.0,0.0,0.0,0.033885542303323746,0.04503012076020241,0.03541666641831398
19810000,3962,0.0,1.252388834953308,-0.004769216291606426,-0.004970225505530834,0.0004020187770947814,0.0,0.0,0.031700000166893005,0.263949990272522,0.07660000026226044,0.0,0.0,0.0,0.02575301192700863,0.03132530301809311,0.0379464291036129
19815000,3963,0.0,1.2388067245483398,-0.003739658510312438,-0.003964649047702551,0.0004499810456763953,0.0,0.0,0.03500000014901161,0.2765499949455261,0.062449999153614044,0.0,0.0,0.0,0.034186746925115585,0.03629518300294876,0.03452381119132042
19820000,3964,0.0,1.2266765832901,-0.032208915799856186,-0.032486990094184875,0.0005561515572480857,0.0,0.0,0.03034999966621399,0.2981500029563904,0.06234999746084213,0.0,0.0,0.0,0.033885542303323746,0.03313253074884415,0.02410714328289032
19825000,3965,0.0,1.2547938823699951,-0.023133670911192894,-0.023392196744680405,0.0005170525400899351,0.0,0.0,0.04634999856352806,0.2761499881744385,0.059849999845027924,0.0,0.0,0.0,0.05135542154312134,0.041114456951618195,0.04657738283276558
19830000,3966,0.0,1.2751884460449219,-0.0032133543863892555,-0.00341796875,0.0004092284943908453,0.0,0.0,0.04309999942779541,0.290149986743927,0.05639999732375145,0.0,0.0,0.0,0.04864457994699478,0.04231927916407585,0.03839286044239998
19835000,3967,0.0,1.2646335363388062,0.019216865301132202,0.018816469237208366,0.000800792477093637,0.0,0.0,0.04154999926686287,0.2992500066757202,0.06159999966621399,0.0,0.0,0.0,0.04292168840765953,0.035391565412282944,0.04627976194024086
19840000,3968,0.0,1.2669857740402222,-0.0422549806535244,-0.042645566165447235,0.0007811697432771325,0.0,0.0,0.03319999948143959,0.305899977684021,0.0701499953866005,0.0,0.0,0.0,0.029518073424696922,0.029367471113801003,0.04062500223517418
19845000,3969,0.0,1.2550617456436157,0.033668916672468185,0.03320842981338501,0.0009209772106260061,0.0,0.0,0.028699999675154686,0.29944998025894165,0.08639999479055405,0.0,0.0,0.0,0.027409639209508896,0.02560240961611271,0.03303571417927742
19850000,3970,0.0,1.2628016471862793,-0.03548795357346535,-0.035818811506032944,0.0006617173785343766,0.0,0.0,0.03684999793767929,0.2806999981403351,0.08675000071525574,0.0,0.0,0.0,0.03614458069205284,0.035542167723178864,0.03883928805589676
19855000,3971,0.0,1.2531750202178955,0.01689128391444683,0.016610555350780487,0.0005614578840322793,0.0,0.0,0.03219999745488167,0.27744999527931213,0.09034999459981918,0.0,0.0,0.0,0.0308734942227602,0.034186746925115585,0.03154762089252472
19860000,3972,0.0,1.2680169343948364,-0.005237766075879335,-0.005439138971269131,0.0004027454415336251,0.0,0.0,0.03240000084042549,0.2425999939441681,0.09194999933242798,0.0,0.0,0.0,0.03268072381615639,0.03027108497917652,0.0342261902987957
19865000,3973,0.0,1.2757068872451782,-0.020423226058483124,-0.02065286412835121,0.00045927645987831056,0.0,0.0,0.05454999953508377,0.22784999012947083,0.05874999985098839,0.0,0.0,0.0,0.05195783078670502,0.05225903540849686,0.05937500298023224
19870000,3974,0.0,1.2710702419281006,0.024804122745990753,0.024479258805513382,0.0006497262511402369,0.0,0.0,0.07764999568462372,0.24674999713897705,0.06769999861717224,0.0,0.0,0.0,0.071686752140522,0.0762048214673996,0.08497024327516556
19875000,3975,0.0,1.2986094951629639,-0.03190862759947777,-0.03227584809064865,0.0007344440673477948,0.0,0.0,0.07074999809265137,0.24609999358654022,0.06960000097751617,0.0,0.0,0.0,0.053463857620954514,0.08283133059740067,0.0758928582072258
19880000,3976,0.0,1.2972396612167358,0.03440988436341286,0.03403964638710022,0.0007404758362099528,0.0,0.0,0.056699998676776886,0.25540000200271606,0.07580000162124634,0.0,0.0,0.0,0.052560243755578995,0.05225903540849686,0.06517857313156128
19885000,3977,0.0,1.2923762798309326,-0.022380828857421875,-0.022710518911480904,0.0006593810976482928,0.0,0.0,0.045649997889995575,0.2509499788284302,0.08034999668598175,0.0,0.0,0.0,0.052861448377370834,0.03930722922086716,0.04479166865348816
19890000,3978,0.0,1.2981462478637695,0.01361946202814579,0.013360891491174698,0.0005171404918655753,0.0,0.0,0.056849997490644455,0.2487499862909317,0.06709999591112137,0.0,0.0,0.0,0.05512048304080963,0.05632530152797699,0.05907738208770752
19895000,3979,0.0,1.28110933303833,-0.0069053140468895435,-0.007150909397751093,0.0004911909927614033,0.0,0.0,0.05004999786615372,0.262800008058548,0.07499999552965164,0.0,0.0,0.0,0.04337349534034729,0.05451807379722595,0.05223214626312256
19900000,3980,0.0,1.28497314453125,-0.0002844746340997517,-0.000459586939541623,0.00035022463998757303,0.0,0.0,0.052949998527765274,0.25334998965263367,0.07485000044107437,0.0,0.0,0.0,0.05000000074505806,0.04864457994699478,0.06011905148625374
19905000,3981,0.0,1.2833776473999023,-0.002892010612413287,-0.0030968606006354094,0.00040970000554807484,0.0,0.0,0.06814999878406525,0.24435000121593475,0.07454999536275864,0.0,0.0,0.0,0.06701807677745819,0.0625,0.07485119253396988
19910000,3982,0.0,1.2776392698287964,-0.004610350355505943,-0.00481042405590415,0.0004001478082500398,0.0,0.0,0.06504999846220016,0.23999999463558197,0.0729999989271164,0.0,0.0,0.0,0.06009036302566528,0.07003012299537659,0.06502976268529892
19915000,3983,0.0,1.2919166088104248,-0.010071569122374058,-0.010262588039040565,0.0003820369893219322,0.0,0.0,0.06390000134706497,0.24494999647140503,0.06780000030994415,0.0,0.0,0.0,0.05542168766260147,0.06942771375179291,0.06681548058986664
19920000,3984,0.0,1.298114538192749,-0.003517051227390766,-0.003693521022796631,0.0003529397363308817,0.0,0.0,0.05745000019669533,0.2552500069141388,0.06574999541044235,0.0,0.0,0.0,0.04774096608161926,0.05602409690618515,0.0684523805975914
19925000,3985,0.0,1.2990854978561401,-0.005186079069972038,-0.0053904312662780285,0.00040870392695069313,0.0,0.0,0.065700002014637,0.2601499855518341,0.06224999949336052,0.0,0.0,0.0,0.052560243755578995,0.06340361386537552,0.08095238357782364
19930000,3986,0.0,1.2918882369995117,-0.0044354661367833614,-0.004610337782651186,0.00034974334994331,0.0,0.0,0.05884999781847,0.26919999718666077,0.07729999721050262,0.0,0.0,0.0,0.046385541558265686,0.06370481848716736,0.06636904925107956
19935000,3987,0.0,1.2876849174499512,-0.004014925099909306,-0.0042000687681138515,0.0003702871617861092,0.0,0.0,0.055649999529123306,0.27570000290870667,0.08514999598264694,0.0,0.0,0.0,0.04201807454228401,0.0647590383887291,0.06011905148625374
19940000,3988,0.0,1.2831083536148071,0.0037186339031904936,0.0035601546987891197,0.0003169584088027477,0.0,0.0,0.04234999790787697,0.2829499840736389,0.08810000121593475,0.0,0.0,0.0,0.03689759224653244,0.04337349534034729,0.04672619327902794
19945000,3989,0.0,1.2762937545776367,-0.015099924989044666,-0.01528041623532772,0.00036098272539675236,0.0,0.0,0.04414999857544899,0.2745499908924103,0.09474999457597733,0.0,0.0,0.0,0.04487951844930649,0.04397590458393097,0.04360119253396988
19950000,3990,0.0,1.286220908164978,-0.0023027453571558,-0.002491672057658434,0.0003778531972784549,0.0,0.0,0.0478999987244606,0.25804999470710754,0.07679999619722366,0.0,0.0,0.0,0.04186747223138809,0.04759036377072334,0.05416666716337204
19955000,3991,0.0,1.289814829826355,0.0012368799652904272,0.0010438190074637532,0.0003861218283418566,0.0,0.0,0.04309999942779541,0.25450000166893005,0.06399999558925629,0.0,0.0,0.0,0.035240963101387024,0.04171686992049217,0.05223214626312256
19960000,3992,0.0,1.2832664251327515,-0.02037627063691616,-0.020616862922906876,0.00048118329141288996,0.0,0.0,0.044999998062849045,0.26614999771118164,0.06504999846220016,0.0,0.0,0.0,0.04352409765124321,0.05165662616491318,0.03988095372915268
19965000,3993,0.0,1.2905720472335815,0.007705363444983959,0.007487352006137371,0.0004360233142506331,0.0,0.0,0.039650000631809235,0.25849997997283936,0.07159999758005142,0.0,0.0,0.0,0.034939758479595184,0.041114456951618195,0.04285714402794838
19970000,3994,0.0,1.2800477743148804,0.0013350609224289656,0.0011476895306259394,0.0003747427253983915,0.0,0.0,0.034449998289346695,0.27699998021125793,0.07819999754428864,0.0,0.0,0.0,0.03674698993563652,0.035542167723178864,0.03110119141638279
19975000,3995,0.0,1.2883607149124146,-0.01005979161709547,-0.010232132859528065,0.00034468245576135814,0.0,0.0,0.030949998646974564,0.28459998965263367,0.08069999516010284,0.0,0.0,0.0,0.03162650763988495,0.033584337681531906,0.02767857164144516
19980000,3996,0.0,1.282113790512085,-0.009658439084887505,-0.00986044853925705,0.00040401838487014174,0.0,0.0,0.037049997597932816,0.2946999967098236,0.0786999985575676,0.0,0.0,0.0,0.040963854640722275,0.03704819455742836,0.03318452462553978
19985000,3997,0.0,1.2823337316513062,-0.0014806714607402682,-0.0016802302561700344,0.00039911759085953236,0.0,0.0,0.0429999977350235,0.27879998087882996,0.0737999975681305,0.0,0.0,0.0,0.039909638464450836,0.04246988147497177,0.04657738283276558
19990000,3998,0.0,1.273977518081665,-0.007455093320459127,-0.0076415762305259705,0.0003729660820681602,0.0,0.0,0.03460000082850456,0.25894999504089355,0.08659999817609787,0.0,0.0,0.0,0.034939758479595184,0.041114456951618195,0.02782738208770752
19995000,3999,0.0,1.2698032855987549,-0.020119167864322662,-0.02036277763545513,0.00048722102656029165,0.0,0.0,0.029349999502301216,0.2438499927520752,0.09049999713897705,0.0,0.0,0.0,0.029819278046488762,0.028915662318468094,0.02931547723710537
20000000,4000,0.0,1.2827593088150024,-0.02363061159849167,-0.02389032579958439,0.0005194268305785954,0.0,0.0,0.03294999897480011,0.24869999289512634,0.08244999498128891,0.0,0.0,0.0,0.0373493991792202,0.0308734942227602,0.03065476380288601
