E0614 08:40:09.906223    1929 cuda_executor.cc:1526] Could not get kernel mode driver version: (INVALID_ARGUMENT: Version does not match the format X.Y.Z)
E0614 08:40:09.932381    1887 cuda_executor.cc:1526] Could not get kernel mode driver version: (INVALID_ARGUMENT: Version does not match the format X.Y.Z)
algo=ia2c (centralised_critic=False, use_ppo=False, use_rnn=True)
env=rware-tiny-4ag  parallel_envs=10 time_limit=500  updates=4000  (steps/update=5000)  seed=0
run-dir=runs/ia2c_tiny-4ag_seed0  chunk=100 updates/save  max_to_keep=5
live per-update log (return / deliveries / blocked% / idle% / entropy) follows; watch entropy — a fast drop toward 0 means exploration collapse:

  upd    0 | return    0.100 | deliv   0.10 | blocked  2.2% | idle 27.8% | ent 1.430
  upd    1 | return    0.100 | deliv   0.10 | blocked  3.1% | idle 32.1% | ent 1.450
  upd    2 | return    0.000 | deliv   0.00 | blocked  3.4% | idle 32.5% | ent 1.447
  upd    3 | return    0.200 | deliv   0.20 | blocked  4.1% | idle 26.7% | ent 1.476
  upd    4 | return    0.200 | deliv   0.20 | blocked  5.6% | idle 28.9% | ent 1.463
  upd    5 | return    0.300 | deliv   0.30 | blocked  7.5% | idle 28.7% | ent 1.461
  upd    6 | return    0.100 | deliv   0.10 | blocked  8.3% | idle 25.3% | ent 1.471
  upd    7 | return    0.300 | deliv   0.30 | blocked 12.2% | idle 25.5% | ent 1.434
  upd    8 | return    0.300 | deliv   0.30 | blocked 14.0% | idle 24.3% | ent 1.420
  upd    9 | return    0.200 | deliv   0.20 | blocked 16.6% | idle 22.2% | ent 1.388
  upd   10 | return    0.200 | deliv   0.20 | blocked 19.4% | idle 20.3% | ent 1.345
  upd   11 | return    0.400 | deliv   0.40 | blocked 23.4% | idle 18.4% | ent 1.282
  upd   12 | return    0.400 | deliv   0.40 | blocked 24.6% | idle 16.8% | ent 1.250
  upd   13 | return    0.700 | deliv   0.70 | blocked 29.0% | idle 15.2% | ent 1.213
  upd   14 | return    0.500 | deliv   0.50 | blocked 24.8% | idle 13.6% | ent 1.229
  upd   15 | return    0.200 | deliv   0.20 | blocked 26.8% | idle 13.5% | ent 1.247
  upd   16 | return    0.000 | deliv   0.00 | blocked 25.0% | idle 12.1% | ent 1.235
  upd   17 | return    0.400 | deliv   0.40 | blocked 24.0% | idle 12.5% | ent 1.258
  upd   18 | return    0.400 | deliv   0.40 | blocked 23.4% | idle 11.4% | ent 1.235
  upd   19 | return    0.000 | deliv   0.00 | blocked 20.7% | idle 12.3% | ent 1.309
  upd   20 | return    0.400 | deliv   0.40 | blocked 17.9% | idle 11.3% | ent 1.291
  upd   21 | return    0.200 | deliv   0.20 | blocked 16.1% | idle 12.7% | ent 1.352
  upd   22 | return    0.300 | deliv   0.30 | blocked 17.6% | idle 12.3% | ent 1.313
  upd   23 | return    0.200 | deliv   0.20 | blocked 14.5% | idle 12.3% | ent 1.340
  upd   24 | return    0.100 | deliv   0.10 | blocked 14.6% | idle 11.8% | ent 1.336
  upd   25 | return    0.100 | deliv   0.10 | blocked 14.1% | idle 13.0% | ent 1.378
  upd   26 | return    0.000 | deliv   0.00 | blocked 11.0% | idle 13.0% | ent 1.382
  upd   27 | return    0.000 | deliv   0.00 | blocked 13.7% | idle 14.3% | ent 1.396
  upd   28 | return    0.100 | deliv   0.10 | blocked 11.5% | idle 14.4% | ent 1.413
  upd   29 | return    0.000 | deliv   0.00 | blocked 12.0% | idle 13.7% | ent 1.392
  upd   30 | return    0.100 | deliv   0.10 | blocked 13.4% | idle 14.6% | ent 1.401
  upd   31 | return    0.200 | deliv   0.20 | blocked 12.9% | idle 14.8% | ent 1.424
  upd   32 | return    0.000 | deliv   0.00 | blocked 12.3% | idle 14.5% | ent 1.412
  upd   33 | return    0.100 | deliv   0.10 | blocked 12.2% | idle 15.2% | ent 1.415
  upd   34 | return    0.200 | deliv   0.20 | blocked 11.6% | idle 14.9% | ent 1.407
  upd   35 | return    0.000 | deliv   0.00 | blocked 13.9% | idle 15.2% | ent 1.414
  upd   36 | return    0.200 | deliv   0.20 | blocked 14.3% | idle 14.7% | ent 1.392
  upd   37 | return    0.200 | deliv   0.20 | blocked 17.5% | idle 13.3% | ent 1.324
  upd   38 | return    0.100 | deliv   0.10 | blocked 14.8% | idle 15.1% | ent 1.398
  upd   39 | return    0.100 | deliv   0.10 | blocked 20.0% | idle 13.1% | ent 1.313
  upd   40 | return    0.100 | deliv   0.10 | blocked 18.7% | idle 12.8% | ent 1.296
  upd   41 | return    0.000 | deliv   0.00 | blocked 18.1% | idle 12.9% | ent 1.319
  upd   42 | return    0.000 | deliv   0.00 | blocked 13.8% | idle 14.3% | ent 1.367
  upd   43 | return    0.100 | deliv   0.10 | blocked 12.5% | idle 14.8% | ent 1.410
  upd   44 | return    0.300 | deliv   0.30 | blocked 14.7% | idle 14.2% | ent 1.368
  upd   45 | return    0.200 | deliv   0.20 | blocked 15.2% | idle 13.6% | ent 1.325
  upd   46 | return    0.300 | deliv   0.30 | blocked 15.6% | idle 13.4% | ent 1.324
  upd   47 | return    0.100 | deliv   0.10 | blocked 14.6% | idle 13.9% | ent 1.342
  upd   48 | return    0.200 | deliv   0.20 | blocked 13.8% | idle 14.1% | ent 1.332
  upd   49 | return    0.100 | deliv   0.10 | blocked 14.7% | idle 13.6% | ent 1.333
  upd   50 | return    0.100 | deliv   0.10 | blocked 13.6% | idle 13.8% | ent 1.322
  upd   51 | return    0.200 | deliv   0.20 | blocked 11.5% | idle 13.4% | ent 1.343
  upd   52 | return    0.000 | deliv   0.00 | blocked 12.1% | idle 13.2% | ent 1.308
  upd   53 | return    0.200 | deliv   0.20 | blocked 12.7% | idle 13.3% | ent 1.309
  upd   54 | return    0.100 | deliv   0.10 | blocked  9.5% | idle 13.7% | ent 1.351
  upd   55 | return    0.100 | deliv   0.10 | blocked 10.2% | idle 13.8% | ent 1.343
  upd   56 | return    0.300 | deliv   0.30 | blocked 11.9% | idle 13.0% | ent 1.302
  upd   57 | return    0.000 | deliv   0.00 | blocked 10.3% | idle 14.3% | ent 1.328
  upd   58 | return    0.100 | deliv   0.10 | blocked 11.4% | idle 12.8% | ent 1.308
  upd   59 | return    0.100 | deliv   0.10 | blocked  9.7% | idle 13.7% | ent 1.317
  upd   60 | return    0.100 | deliv   0.10 | blocked 10.1% | idle 13.7% | ent 1.337
  upd   61 | return    0.200 | deliv   0.20 | blocked 10.4% | idle 13.7% | ent 1.343
  upd   62 | return    0.100 | deliv   0.10 | blocked  9.8% | idle 13.8% | ent 1.337
  upd   63 | return    0.000 | deliv   0.00 | blocked  8.9% | idle 14.1% | ent 1.354
  upd   64 | return    0.200 | deliv   0.20 | blocked  9.2% | idle 15.0% | ent 1.351
  upd   65 | return    0.100 | deliv   0.10 | blocked  8.8% | idle 15.0% | ent 1.359
  upd   66 | return    0.100 | deliv   0.10 | blocked 10.1% | idle 13.9% | ent 1.348
  upd   67 | return    0.100 | deliv   0.10 | blocked  9.9% | idle 14.2% | ent 1.331
  upd   68 | return    0.000 | deliv   0.00 | blocked  9.3% | idle 14.2% | ent 1.347
  upd   69 | return    0.000 | deliv   0.00 | blocked 10.7% | idle 14.7% | ent 1.335
  upd   70 | return    0.100 | deliv   0.10 | blocked  9.4% | idle 14.7% | ent 1.345
  upd   71 | return    0.000 | deliv   0.00 | blocked  9.6% | idle 15.0% | ent 1.364
  upd   72 | return    0.100 | deliv   0.10 | blocked 11.3% | idle 14.0% | ent 1.337
  upd   73 | return    0.200 | deliv   0.20 | blocked 11.2% | idle 14.0% | ent 1.333
  upd   74 | return    0.000 | deliv   0.00 | blocked 12.2% | idle 14.0% | ent 1.312
  upd   75 | return    0.100 | deliv   0.10 | blocked 11.4% | idle 14.0% | ent 1.320
  upd   76 | return    0.000 | deliv   0.00 | blocked 11.2% | idle 14.6% | ent 1.329
  upd   77 | return    0.100 | deliv   0.10 | blocked 11.2% | idle 14.8% | ent 1.316
  upd   78 | return    0.100 | deliv   0.10 | blocked 11.9% | idle 14.3% | ent 1.319
  upd   79 | return    0.000 | deliv   0.00 | blocked 10.9% | idle 15.0% | ent 1.336
  upd   80 | return    0.000 | deliv   0.00 | blocked 11.9% | idle 14.9% | ent 1.322
  upd   81 | return    0.000 | deliv   0.00 | blocked 11.8% | idle 14.8% | ent 1.316
  upd   82 | return    0.200 | deliv   0.20 | blocked 13.4% | idle 15.8% | ent 1.309
  upd   83 | return    0.000 | deliv   0.00 | blocked 12.0% | idle 15.6% | ent 1.320
  upd   84 | return    0.000 | deliv   0.00 | blocked 13.1% | idle 15.6% | ent 1.302
  upd   85 | return    0.000 | deliv   0.00 | blocked 14.5% | idle 15.7% | ent 1.276
  upd   86 | return    0.000 | deliv   0.00 | blocked 15.6% | idle 15.9% | ent 1.295
  upd   87 | return    0.100 | deliv   0.10 | blocked 15.4% | idle 15.5% | ent 1.268
  upd   88 | return    0.000 | deliv   0.00 | blocked 16.7% | idle 15.5% | ent 1.244
  upd   89 | return    0.100 | deliv   0.10 | blocked 16.4% | idle 16.3% | ent 1.266
  upd   90 | return    0.000 | deliv   0.00 | blocked 16.2% | idle 16.5% | ent 1.269
  upd   91 | return    0.000 | deliv   0.00 | blocked 16.4% | idle 16.5% | ent 1.259
  upd   92 | return    0.000 | deliv   0.00 | blocked 14.6% | idle 18.0% | ent 1.269
  upd   93 | return    0.100 | deliv   0.10 | blocked 15.2% | idle 18.0% | ent 1.269
  upd   94 | return    0.000 | deliv   0.00 | blocked 16.7% | idle 17.7% | ent 1.266
  upd   95 | return    0.000 | deliv   0.00 | blocked 14.4% | idle 17.7% | ent 1.265
  upd   96 | return    0.000 | deliv   0.00 | blocked 13.0% | idle 18.9% | ent 1.286
  upd   97 | return    0.100 | deliv   0.10 | blocked 14.1% | idle 18.7% | ent 1.259
  upd   98 | return    0.000 | deliv   0.00 | blocked 13.5% | idle 18.5% | ent 1.261
  upd   99 | return    0.200 | deliv   0.20 | blocked 13.9% | idle 18.2% | ent 1.229
  upd  100 | return    0.000 | deliv   0.00 | blocked 12.6% | idle 18.6% | ent 1.270
  upd  101 | return    0.000 | deliv   0.00 | blocked 11.4% | idle 18.8% | ent 1.269
  upd  102 | return    0.200 | deliv   0.20 | blocked 11.2% | idle 18.2% | ent 1.258
  upd  103 | return    0.000 | deliv   0.00 | blocked 11.1% | idle 18.8% | ent 1.278
  upd  104 | return    0.000 | deliv   0.00 | blocked 10.1% | idle 19.2% | ent 1.286
  upd  105 | return    0.100 | deliv   0.10 | blocked 10.3% | idle 19.1% | ent 1.260
  upd  106 | return    0.000 | deliv   0.00 | blocked 10.3% | idle 19.3% | ent 1.287
  upd  107 | return    0.000 | deliv   0.00 | blocked 10.7% | idle 19.8% | ent 1.271
  upd  108 | return    0.100 | deliv   0.10 | blocked 10.8% | idle 19.7% | ent 1.284
  upd  109 | return    0.100 | deliv   0.10 | blocked 10.8% | idle 19.9% | ent 1.285
  upd  110 | return    0.000 | deliv   0.00 | blocked 11.3% | idle 20.4% | ent 1.273
  upd  111 | return    0.000 | deliv   0.00 | blocked 10.9% | idle 21.2% | ent 1.279
  upd  112 | return    0.000 | deliv   0.00 | blocked 11.4% | idle 20.9% | ent 1.256
  upd  113 | return    0.000 | deliv   0.00 | blocked 11.9% | idle 21.5% | ent 1.284
  upd  114 | return    0.100 | deliv   0.10 | blocked 10.8% | idle 21.2% | ent 1.276
  upd  115 | return    0.000 | deliv   0.00 | blocked 10.8% | idle 22.1% | ent 1.294
  upd  116 | return    0.000 | deliv   0.00 | blocked 11.4% | idle 22.4% | ent 1.287
  upd  117 | return    0.000 | deliv   0.00 | blocked 12.0% | idle 22.5% | ent 1.272
  upd  118 | return    0.000 | deliv   0.00 | blocked 10.4% | idle 22.4% | ent 1.286
  upd  119 | return    0.000 | deliv   0.00 | blocked 11.7% | idle 22.8% | ent 1.282
  upd  120 | return    0.000 | deliv   0.00 | blocked 14.4% | idle 21.9% | ent 1.275
  upd  121 | return    0.000 | deliv   0.00 | blocked 12.7% | idle 22.3% | ent 1.288
  upd  122 | return    0.000 | deliv   0.00 | blocked 12.6% | idle 22.5% | ent 1.283
  upd  123 | return    0.000 | deliv   0.00 | blocked 13.3% | idle 22.0% | ent 1.285
  upd  124 | return    0.000 | deliv   0.00 | blocked 12.9% | idle 22.4% | ent 1.294
  upd  125 | return    0.000 | deliv   0.00 | blocked 13.2% | idle 22.9% | ent 1.285
  upd  126 | return    0.000 | deliv   0.00 | blocked 13.2% | idle 22.6% | ent 1.286
  upd  127 | return    0.000 | deliv   0.00 | blocked 12.7% | idle 21.9% | ent 1.297
  upd  128 | return    0.000 | deliv   0.00 | blocked 12.7% | idle 23.6% | ent 1.317
  upd  129 | return    0.000 | deliv   0.00 | blocked 14.8% | idle 21.8% | ent 1.260
  upd  130 | return    0.000 | deliv   0.00 | blocked 13.4% | idle 22.9% | ent 1.316
  upd  131 | return    0.000 | deliv   0.00 | blocked 13.3% | idle 22.2% | ent 1.309
  upd  132 | return    0.000 | deliv   0.00 | blocked 12.9% | idle 22.3% | ent 1.311
  upd  133 | return    0.000 | deliv   0.00 | blocked 13.8% | idle 22.8% | ent 1.319
  upd  134 | return    0.000 | deliv   0.00 | blocked 14.9% | idle 22.7% | ent 1.286
  upd  135 | return    0.000 | deliv   0.00 | blocked 14.7% | idle 21.7% | ent 1.297
  upd  136 | return    0.000 | deliv   0.00 | blocked 14.0% | idle 22.7% | ent 1.285
  upd  137 | return    0.000 | deliv   0.00 | blocked 14.5% | idle 22.6% | ent 1.306
  upd  138 | return    0.000 | deliv   0.00 | blocked 12.5% | idle 23.6% | ent 1.328
  upd  139 | return    0.000 | deliv   0.00 | blocked 14.0% | idle 23.1% | ent 1.315
  upd  140 | return    0.000 | deliv   0.00 | blocked 12.9% | idle 23.9% | ent 1.327
  upd  141 | return    0.000 | deliv   0.00 | blocked 13.0% | idle 23.7% | ent 1.330
  upd  142 | return    0.000 | deliv   0.00 | blocked 13.1% | idle 24.5% | ent 1.322
  upd  143 | return    0.000 | deliv   0.00 | blocked 13.1% | idle 25.1% | ent 1.322
  upd  144 | return    0.000 | deliv   0.00 | blocked 12.5% | idle 23.9% | ent 1.331
  upd  145 | return    0.100 | deliv   0.10 | blocked 14.5% | idle 24.6% | ent 1.289
  upd  146 | return    0.000 | deliv   0.00 | blocked 14.6% | idle 24.6% | ent 1.306
  upd  147 | return    0.000 | deliv   0.00 | blocked 15.2% | idle 24.5% | ent 1.277
  upd  148 | return    0.000 | deliv   0.00 | blocked 13.5% | idle 25.5% | ent 1.301
  upd  149 | return    0.000 | deliv   0.00 | blocked 15.4% | idle 25.7% | ent 1.306
  upd  150 | return    0.000 | deliv   0.00 | blocked 14.4% | idle 26.4% | ent 1.331
  upd  151 | return    0.000 | deliv   0.00 | blocked 17.2% | idle 24.9% | ent 1.293
  upd  152 | return    0.000 | deliv   0.00 | blocked 14.5% | idle 26.5% | ent 1.300
  upd  153 | return    0.000 | deliv   0.00 | blocked 14.2% | idle 25.4% | ent 1.291
  upd  154 | return    0.000 | deliv   0.00 | blocked 14.9% | idle 26.3% | ent 1.293
  upd  155 | return    0.000 | deliv   0.00 | blocked 14.3% | idle 26.1% | ent 1.303
  upd  156 | return    0.000 | deliv   0.00 | blocked 14.6% | idle 25.5% | ent 1.306
  upd  157 | return    0.000 | deliv   0.00 | blocked 16.8% | idle 25.4% | ent 1.270
  upd  158 | return    0.000 | deliv   0.00 | blocked 15.1% | idle 25.3% | ent 1.292
  upd  159 | return    0.000 | deliv   0.00 | blocked 16.4% | idle 25.8% | ent 1.314
  upd  160 | return    0.000 | deliv   0.00 | blocked 16.4% | idle 25.0% | ent 1.268
  upd  161 | return    0.000 | deliv   0.00 | blocked 15.8% | idle 25.9% | ent 1.278
  upd  162 | return    0.000 | deliv   0.00 | blocked 15.8% | idle 27.2% | ent 1.302
  upd  163 | return    0.000 | deliv   0.00 | blocked 19.4% | idle 25.8% | ent 1.259
  upd  164 | return    0.000 | deliv   0.00 | blocked 18.8% | idle 26.3% | ent 1.279
  upd  165 | return    0.000 | deliv   0.00 | blocked 18.0% | idle 26.9% | ent 1.295
  upd  166 | return    0.000 | deliv   0.00 | blocked 18.9% | idle 27.2% | ent 1.284
  upd  167 | return    0.000 | deliv   0.00 | blocked 19.9% | idle 27.0% | ent 1.254
  upd  168 | return    0.000 | deliv   0.00 | blocked 18.0% | idle 27.7% | ent 1.285
  upd  169 | return    0.000 | deliv   0.00 | blocked 18.5% | idle 27.7% | ent 1.283
  upd  170 | return    0.000 | deliv   0.00 | blocked 19.2% | idle 27.3% | ent 1.275
  upd  171 | return    0.000 | deliv   0.00 | blocked 19.6% | idle 27.6% | ent 1.273
  upd  172 | return    0.000 | deliv   0.00 | blocked 19.5% | idle 27.3% | ent 1.274
  upd  173 | return    0.000 | deliv   0.00 | blocked 18.2% | idle 27.8% | ent 1.255
  upd  174 | return    0.000 | deliv   0.00 | blocked 17.5% | idle 27.7% | ent 1.274
  upd  175 | return    0.000 | deliv   0.00 | blocked 17.9% | idle 28.0% | ent 1.268
  upd  176 | return    0.000 | deliv   0.00 | blocked 18.0% | idle 27.0% | ent 1.262
  upd  177 | return    0.000 | deliv   0.00 | blocked 17.9% | idle 26.6% | ent 1.237
  upd  178 | return    0.000 | deliv   0.00 | blocked 19.2% | idle 28.5% | ent 1.260
  upd  179 | return    0.000 | deliv   0.00 | blocked 19.0% | idle 28.3% | ent 1.272
  upd  180 | return    0.000 | deliv   0.00 | blocked 18.2% | idle 28.8% | ent 1.286
  upd  181 | return    0.000 | deliv   0.00 | blocked 17.1% | idle 28.2% | ent 1.275
  upd  182 | return    0.000 | deliv   0.00 | blocked 18.3% | idle 29.3% | ent 1.265
  upd  183 | return    0.000 | deliv   0.00 | blocked 18.0% | idle 27.9% | ent 1.258
  upd  184 | return    0.000 | deliv   0.00 | blocked 16.9% | idle 28.7% | ent 1.250
  upd  185 | return    0.000 | deliv   0.00 | blocked 17.6% | idle 28.6% | ent 1.254
  upd  186 | return    0.000 | deliv   0.00 | blocked 18.2% | idle 28.7% | ent 1.262
  upd  187 | return    0.000 | deliv   0.00 | blocked 18.8% | idle 27.8% | ent 1.267
  upd  188 | return    0.000 | deliv   0.00 | blocked 21.2% | idle 26.8% | ent 1.229
  upd  189 | return    0.000 | deliv   0.00 | blocked 18.5% | idle 27.7% | ent 1.239
  upd  190 | return    0.000 | deliv   0.00 | blocked 18.4% | idle 27.0% | ent 1.273
  upd  191 | return    0.000 | deliv   0.00 | blocked 21.3% | idle 26.4% | ent 1.237
  upd  192 | return    0.100 | deliv   0.10 | blocked 19.7% | idle 25.6% | ent 1.237
  upd  193 | return    0.000 | deliv   0.00 | blocked 21.2% | idle 25.6% | ent 1.245
  upd  194 | return    0.000 | deliv   0.00 | blocked 21.0% | idle 25.8% | ent 1.233
  upd  195 | return    0.000 | deliv   0.00 | blocked 20.3% | idle 26.4% | ent 1.250
  upd  196 | return    0.000 | deliv   0.00 | blocked 21.2% | idle 25.5% | ent 1.238
  upd  197 | return    0.000 | deliv   0.00 | blocked 20.7% | idle 24.1% | ent 1.215
  upd  198 | return    0.000 | deliv   0.00 | blocked 21.2% | idle 23.4% | ent 1.208
  upd  199 | return    0.000 | deliv   0.00 | blocked 18.5% | idle 24.0% | ent 1.217
  upd  200 | return    0.000 | deliv   0.00 | blocked 19.1% | idle 24.2% | ent 1.232
  upd  201 | return    0.000 | deliv   0.00 | blocked 20.3% | idle 23.1% | ent 1.185
  upd  202 | return    0.000 | deliv   0.00 | blocked 20.5% | idle 22.5% | ent 1.196
  upd  203 | return    0.000 | deliv   0.00 | blocked 19.3% | idle 22.8% | ent 1.203
  upd  204 | return    0.000 | deliv   0.00 | blocked 19.2% | idle 23.0% | ent 1.217
  upd  205 | return    0.000 | deliv   0.00 | blocked 18.5% | idle 23.3% | ent 1.218
  upd  206 | return    0.000 | deliv   0.00 | blocked 17.8% | idle 22.8% | ent 1.212
  upd  207 | return    0.000 | deliv   0.00 | blocked 16.6% | idle 23.7% | ent 1.226
  upd  208 | return    0.000 | deliv   0.00 | blocked 16.1% | idle 23.8% | ent 1.213
  upd  209 | return    0.000 | deliv   0.00 | blocked 15.7% | idle 23.8% | ent 1.233
  upd  210 | return    0.000 | deliv   0.00 | blocked 17.8% | idle 23.8% | ent 1.215
  upd  211 | return    0.000 | deliv   0.00 | blocked 16.8% | idle 24.0% | ent 1.213
  upd  212 | return    0.000 | deliv   0.00 | blocked 16.6% | idle 23.5% | ent 1.204
  upd  213 | return    0.000 | deliv   0.00 | blocked 16.8% | idle 23.9% | ent 1.201
  upd  214 | return    0.000 | deliv   0.00 | blocked 16.6% | idle 24.9% | ent 1.242
  upd  215 | return    0.000 | deliv   0.00 | blocked 15.8% | idle 25.8% | ent 1.234
  upd  216 | return    0.000 | deliv   0.00 | blocked 15.3% | idle 24.1% | ent 1.195
  upd  217 | return    0.000 | deliv   0.00 | blocked 15.9% | idle 24.2% | ent 1.214
  upd  218 | return    0.000 | deliv   0.00 | blocked 14.4% | idle 25.3% | ent 1.196
  upd  219 | return    0.000 | deliv   0.00 | blocked 16.9% | idle 24.6% | ent 1.228
  upd  220 | return    0.000 | deliv   0.00 | blocked 14.5% | idle 26.1% | ent 1.230
  upd  221 | return    0.000 | deliv   0.00 | blocked 16.1% | idle 25.7% | ent 1.208
  upd  222 | return    0.000 | deliv   0.00 | blocked 14.8% | idle 26.2% | ent 1.206
  upd  223 | return    0.000 | deliv   0.00 | blocked 16.3% | idle 26.9% | ent 1.237
  upd  224 | return    0.000 | deliv   0.00 | blocked 15.5% | idle 27.4% | ent 1.210
  upd  225 | return    0.000 | deliv   0.00 | blocked 17.8% | idle 25.4% | ent 1.214
  upd  226 | return    0.000 | deliv   0.00 | blocked 16.0% | idle 25.9% | ent 1.231
  upd  227 | return    0.000 | deliv   0.00 | blocked 17.8% | idle 26.2% | ent 1.208
  upd  228 | return    0.000 | deliv   0.00 | blocked 16.9% | idle 26.9% | ent 1.235
  upd  229 | return    0.000 | deliv   0.00 | blocked 15.2% | idle 27.3% | ent 1.236
  upd  230 | return    0.000 | deliv   0.00 | blocked 17.1% | idle 27.2% | ent 1.211
  upd  231 | return    0.000 | deliv   0.00 | blocked 18.4% | idle 26.6% | ent 1.204
  upd  232 | return    0.000 | deliv   0.00 | blocked 17.0% | idle 26.0% | ent 1.238
  upd  233 | return    0.000 | deliv   0.00 | blocked 17.3% | idle 26.0% | ent 1.193
  upd  234 | return    0.000 | deliv   0.00 | blocked 17.8% | idle 27.5% | ent 1.232
  upd  235 | return    0.000 | deliv   0.00 | blocked 18.0% | idle 26.0% | ent 1.201
  upd  236 | return    0.000 | deliv   0.00 | blocked 17.0% | idle 26.4% | ent 1.191
  upd  237 | return    0.000 | deliv   0.00 | blocked 19.5% | idle 27.1% | ent 1.203
  upd  238 | return    0.000 | deliv   0.00 | blocked 15.5% | idle 28.1% | ent 1.238
  upd  239 | return    0.000 | deliv   0.00 | blocked 19.4% | idle 26.4% | ent 1.201
  upd  240 | return    0.000 | deliv   0.00 | blocked 17.9% | idle 27.4% | ent 1.212
  upd  241 | return    0.000 | deliv   0.00 | blocked 19.1% | idle 26.7% | ent 1.201
  upd  242 | return    0.000 | deliv   0.00 | blocked 19.4% | idle 27.7% | ent 1.217
  upd  243 | return    0.000 | deliv   0.00 | blocked 20.2% | idle 27.8% | ent 1.213
  upd  244 | return    0.000 | deliv   0.00 | blocked 19.8% | idle 27.5% | ent 1.215
  upd  245 | return    0.000 | deliv   0.00 | blocked 18.4% | idle 27.1% | ent 1.206
  upd  246 | return    0.000 | deliv   0.00 | blocked 19.1% | idle 27.9% | ent 1.222
  upd  247 | return    0.100 | deliv   0.10 | blocked 20.1% | idle 27.4% | ent 1.239
  upd  248 | return    0.000 | deliv   0.00 | blocked 20.2% | idle 26.9% | ent 1.231
  upd  249 | return    0.000 | deliv   0.00 | blocked 18.3% | idle 27.5% | ent 1.210
  upd  250 | return    0.000 | deliv   0.00 | blocked 20.4% | idle 27.2% | ent 1.191
  upd  251 | return    0.000 | deliv   0.00 | blocked 18.8% | idle 27.8% | ent 1.226
  upd  252 | return    0.000 | deliv   0.00 | blocked 17.3% | idle 28.0% | ent 1.190
  upd  253 | return    0.000 | deliv   0.00 | blocked 14.2% | idle 30.1% | ent 1.246
  upd  254 | return    0.000 | deliv   0.00 | blocked 15.8% | idle 29.1% | ent 1.211
  upd  255 | return    0.000 | deliv   0.00 | blocked 17.7% | idle 27.1% | ent 1.191
  upd  256 | return    0.000 | deliv   0.00 | blocked 15.1% | idle 28.9% | ent 1.201
  upd  257 | return    0.000 | deliv   0.00 | blocked 21.8% | idle 27.2% | ent 1.204
  upd  258 | return    0.000 | deliv   0.00 | blocked 20.1% | idle 26.7% | ent 1.193
  upd  259 | return    0.000 | deliv   0.00 | blocked 16.5% | idle 27.7% | ent 1.187
  upd  260 | return    0.000 | deliv   0.00 | blocked 17.6% | idle 28.1% | ent 1.188
  upd  261 | return    0.000 | deliv   0.00 | blocked 17.4% | idle 27.8% | ent 1.206
  upd  262 | return    0.000 | deliv   0.00 | blocked 17.9% | idle 28.5% | ent 1.207
  upd  263 | return    0.000 | deliv   0.00 | blocked 21.6% | idle 26.4% | ent 1.208
  upd  264 | return    0.000 | deliv   0.00 | blocked 19.0% | idle 27.0% | ent 1.203
  upd  265 | return    0.000 | deliv   0.00 | blocked 20.0% | idle 26.4% | ent 1.192
  upd  266 | return    0.000 | deliv   0.00 | blocked 23.2% | idle 26.8% | ent 1.177
  upd  267 | return    0.000 | deliv   0.00 | blocked 21.7% | idle 25.9% | ent 1.196
  upd  268 | return    0.000 | deliv   0.00 | blocked 19.8% | idle 27.6% | ent 1.200
  upd  269 | return    0.000 | deliv   0.00 | blocked 24.5% | idle 24.0% | ent 1.171
  upd  270 | return    0.000 | deliv   0.00 | blocked 23.0% | idle 26.3% | ent 1.200
  upd  271 | return    0.000 | deliv   0.00 | blocked 21.9% | idle 25.6% | ent 1.213
  upd  272 | return    0.000 | deliv   0.00 | blocked 23.5% | idle 26.1% | ent 1.215
  upd  273 | return    0.000 | deliv   0.00 | blocked 22.5% | idle 25.7% | ent 1.207
  upd  274 | return    0.000 | deliv   0.00 | blocked 26.7% | idle 22.9% | ent 1.166
  upd  275 | return    0.000 | deliv   0.00 | blocked 27.7% | idle 23.0% | ent 1.193
  upd  276 | return    0.000 | deliv   0.00 | blocked 25.3% | idle 23.3% | ent 1.206
  upd  277 | return    0.000 | deliv   0.00 | blocked 29.6% | idle 22.7% | ent 1.175
  upd  278 | return    0.000 | deliv   0.00 | blocked 27.7% | idle 22.3% | ent 1.187
  upd  279 | return    0.000 | deliv   0.00 | blocked 29.6% | idle 21.0% | ent 1.180
  upd  280 | return    0.000 | deliv   0.00 | blocked 26.2% | idle 22.4% | ent 1.172
  upd  281 | return    0.000 | deliv   0.00 | blocked 21.4% | idle 24.8% | ent 1.197
  upd  282 | return    0.000 | deliv   0.00 | blocked 26.7% | idle 22.9% | ent 1.200
  upd  283 | return    0.000 | deliv   0.00 | blocked 22.4% | idle 24.0% | ent 1.166
  upd  284 | return    0.000 | deliv   0.00 | blocked 24.3% | idle 22.5% | ent 1.169
  upd  285 | return    0.000 | deliv   0.00 | blocked 22.7% | idle 24.8% | ent 1.174
  upd  286 | return    0.000 | deliv   0.00 | blocked 25.5% | idle 22.1% | ent 1.196
  upd  287 | return    0.000 | deliv   0.00 | blocked 21.3% | idle 24.6% | ent 1.195
  upd  288 | return    0.000 | deliv   0.00 | blocked 19.5% | idle 25.8% | ent 1.206
  upd  289 | return    0.000 | deliv   0.00 | blocked 22.8% | idle 24.6% | ent 1.184
  upd  290 | return    0.000 | deliv   0.00 | blocked 18.3% | idle 26.7% | ent 1.202
  upd  291 | return    0.000 | deliv   0.00 | blocked 18.9% | idle 25.3% | ent 1.194
  upd  292 | return    0.000 | deliv   0.00 | blocked 18.3% | idle 25.5% | ent 1.203
  upd  293 | return    0.000 | deliv   0.00 | blocked 20.9% | idle 23.8% | ent 1.221
  upd  294 | return    0.000 | deliv   0.00 | blocked 19.1% | idle 25.5% | ent 1.202
  upd  295 | return    0.000 | deliv   0.00 | blocked 19.6% | idle 24.8% | ent 1.193
  upd  296 | return    0.000 | deliv   0.00 | blocked 17.9% | idle 26.4% | ent 1.193
  upd  297 | return    0.000 | deliv   0.00 | blocked 17.0% | idle 27.1% | ent 1.195
  upd  298 | return    0.000 | deliv   0.00 | blocked 18.2% | idle 26.1% | ent 1.195
  upd  299 | return    0.000 | deliv   0.00 | blocked 20.5% | idle 25.7% | ent 1.200
  upd  300 | return    0.000 | deliv   0.00 | blocked 15.3% | idle 28.4% | ent 1.206
  upd  301 | return    0.000 | deliv   0.00 | blocked 19.7% | idle 25.2% | ent 1.184
  upd  302 | return    0.000 | deliv   0.00 | blocked 16.2% | idle 28.0% | ent 1.197
  upd  303 | return    0.000 | deliv   0.00 | blocked 17.1% | idle 28.3% | ent 1.187
  upd  304 | return    0.000 | deliv   0.00 | blocked 18.4% | idle 28.7% | ent 1.179
  upd  305 | return    0.000 | deliv   0.00 | blocked 19.0% | idle 26.3% | ent 1.206
  upd  306 | return    0.000 | deliv   0.00 | blocked 21.7% | idle 25.3% | ent 1.220
  upd  307 | return    0.000 | deliv   0.00 | blocked 17.2% | idle 29.3% | ent 1.174
  upd  308 | return    0.000 | deliv   0.00 | blocked 17.8% | idle 27.9% | ent 1.201
  upd  309 | return    0.000 | deliv   0.00 | blocked 19.1% | idle 27.4% | ent 1.203
  upd  310 | return    0.000 | deliv   0.00 | blocked 19.5% | idle 26.8% | ent 1.208
  upd  311 | return    0.000 | deliv   0.00 | blocked 20.3% | idle 27.1% | ent 1.193
  upd  312 | return    0.000 | deliv   0.00 | blocked 20.5% | idle 26.8% | ent 1.188
  upd  313 | return    0.000 | deliv   0.00 | blocked 19.9% | idle 26.4% | ent 1.161
  upd  314 | return    0.000 | deliv   0.00 | blocked 20.4% | idle 27.8% | ent 1.198
  upd  315 | return    0.000 | deliv   0.00 | blocked 21.9% | idle 27.3% | ent 1.162
  upd  316 | return    0.000 | deliv   0.00 | blocked 20.4% | idle 27.4% | ent 1.205
  upd  317 | return    0.000 | deliv   0.00 | blocked 20.3% | idle 27.4% | ent 1.213
  upd  318 | return    0.000 | deliv   0.00 | blocked 20.3% | idle 29.0% | ent 1.196
  upd  319 | return    0.000 | deliv   0.00 | blocked 19.8% | idle 28.2% | ent 1.159
  upd  320 | return    0.000 | deliv   0.00 | blocked 21.1% | idle 28.9% | ent 1.159
  upd  321 | return    0.000 | deliv   0.00 | blocked 21.4% | idle 28.1% | ent 1.180
  upd  322 | return    0.000 | deliv   0.00 | blocked 18.5% | idle 29.9% | ent 1.169
  upd  323 | return    0.000 | deliv   0.00 | blocked 21.4% | idle 28.0% | ent 1.182
  upd  324 | return    0.000 | deliv   0.00 | blocked 18.6% | idle 29.7% | ent 1.184
  upd  325 | return    0.000 | deliv   0.00 | blocked 19.7% | idle 29.0% | ent 1.194
  upd  326 | return    0.000 | deliv   0.00 | blocked 22.0% | idle 27.7% | ent 1.185
  upd  327 | return    0.000 | deliv   0.00 | blocked 16.9% | idle 31.6% | ent 1.157
  upd  328 | return    0.000 | deliv   0.00 | blocked 17.2% | idle 29.9% | ent 1.200
  upd  329 | return    0.000 | deliv   0.00 | blocked 16.0% | idle 32.0% | ent 1.162
  upd  330 | return    0.000 | deliv   0.00 | blocked 16.8% | idle 30.9% | ent 1.181
  upd  331 | return    0.000 | deliv   0.00 | blocked 15.5% | idle 33.4% | ent 1.141
  upd  332 | return    0.000 | deliv   0.00 | blocked 19.6% | idle 28.2% | ent 1.169
  upd  333 | return    0.000 | deliv   0.00 | blocked 18.9% | idle 29.4% | ent 1.168
  upd  334 | return    0.000 | deliv   0.00 | blocked 18.3% | idle 29.1% | ent 1.156
  upd  335 | return    0.000 | deliv   0.00 | blocked 18.9% | idle 30.0% | ent 1.159
  upd  336 | return    0.000 | deliv   0.00 | blocked 18.8% | idle 27.9% | ent 1.157
  upd  337 | return    0.000 | deliv   0.00 | blocked 18.9% | idle 29.4% | ent 1.153
  upd  338 | return    0.000 | deliv   0.00 | blocked 16.6% | idle 30.9% | ent 1.168
  upd  339 | return    0.000 | deliv   0.00 | blocked 18.6% | idle 29.8% | ent 1.130
  upd  340 | return    0.000 | deliv   0.00 | blocked 18.8% | idle 29.2% | ent 1.130
  upd  341 | return    0.000 | deliv   0.00 | blocked 16.8% | idle 30.0% | ent 1.176
  upd  342 | return    0.000 | deliv   0.00 | blocked 15.8% | idle 30.5% | ent 1.168
  upd  343 | return    0.000 | deliv   0.00 | blocked 16.0% | idle 29.6% | ent 1.185
  upd  344 | return    0.100 | deliv   0.10 | blocked 15.4% | idle 30.7% | ent 1.144
  upd  345 | return    0.000 | deliv   0.00 | blocked 18.2% | idle 28.7% | ent 1.153
  upd  346 | return    0.000 | deliv   0.00 | blocked 16.1% | idle 30.6% | ent 1.145
  upd  347 | return    0.000 | deliv   0.00 | blocked 18.0% | idle 28.8% | ent 1.160
  upd  348 | return    0.000 | deliv   0.00 | blocked 15.9% | idle 29.9% | ent 1.163
  upd  349 | return    0.000 | deliv   0.00 | blocked 13.1% | idle 31.9% | ent 1.161
  upd  350 | return    0.000 | deliv   0.00 | blocked 14.9% | idle 30.1% | ent 1.167
  upd  351 | return    0.000 | deliv   0.00 | blocked 15.2% | idle 28.7% | ent 1.186
  upd  352 | return    0.000 | deliv   0.00 | blocked 15.1% | idle 29.7% | ent 1.154
  upd  353 | return    0.000 | deliv   0.00 | blocked 13.8% | idle 30.6% | ent 1.164
  upd  354 | return    0.000 | deliv   0.00 | blocked 14.2% | idle 30.8% | ent 1.139
  upd  355 | return    0.000 | deliv   0.00 | blocked 18.4% | idle 28.1% | ent 1.144
  upd  356 | return    0.000 | deliv   0.00 | blocked 17.2% | idle 28.2% | ent 1.167
  upd  357 | return    0.000 | deliv   0.00 | blocked 14.9% | idle 30.9% | ent 1.177
  upd  358 | return    0.000 | deliv   0.00 | blocked 17.0% | idle 29.5% | ent 1.159
  upd  359 | return    0.000 | deliv   0.00 | blocked 16.2% | idle 30.2% | ent 1.135
  upd  360 | return    0.000 | deliv   0.00 | blocked 16.9% | idle 27.0% | ent 1.174
  upd  361 | return    0.000 | deliv   0.00 | blocked 14.9% | idle 31.4% | ent 1.150
  upd  362 | return    0.000 | deliv   0.00 | blocked 17.3% | idle 27.5% | ent 1.177
  upd  363 | return    0.000 | deliv   0.00 | blocked 17.3% | idle 28.5% | ent 1.159
  upd  364 | return    0.000 | deliv   0.00 | blocked 15.9% | idle 30.8% | ent 1.144
  upd  365 | return    0.000 | deliv   0.00 | blocked 14.7% | idle 30.7% | ent 1.164
  upd  366 | return    0.000 | deliv   0.00 | blocked 17.9% | idle 27.9% | ent 1.147
  upd  367 | return    0.000 | deliv   0.00 | blocked 16.2% | idle 29.6% | ent 1.166
  upd  368 | return    0.000 | deliv   0.00 | blocked 18.8% | idle 28.2% | ent 1.148
  upd  369 | return    0.000 | deliv   0.00 | blocked 17.9% | idle 29.4% | ent 1.155
  upd  370 | return    0.000 | deliv   0.00 | blocked 17.3% | idle 28.3% | ent 1.167
  upd  371 | return    0.000 | deliv   0.00 | blocked 20.1% | idle 25.9% | ent 1.152
  upd  372 | return    0.000 | deliv   0.00 | blocked 18.8% | idle 26.7% | ent 1.167
  upd  373 | return    0.000 | deliv   0.00 | blocked 19.2% | idle 26.6% | ent 1.141
  upd  374 | return    0.000 | deliv   0.00 | blocked 17.6% | idle 28.6% | ent 1.132
  upd  375 | return    0.000 | deliv   0.00 | blocked 15.5% | idle 30.4% | ent 1.152
  upd  376 | return    0.000 | deliv   0.00 | blocked 18.6% | idle 27.8% | ent 1.142
  upd  377 | return    0.000 | deliv   0.00 | blocked 18.6% | idle 25.7% | ent 1.124
  upd  378 | return    0.000 | deliv   0.00 | blocked 14.7% | idle 29.7% | ent 1.133
  upd  379 | return    0.000 | deliv   0.00 | blocked 14.6% | idle 29.5% | ent 1.146
  upd  380 | return    0.000 | deliv   0.00 | blocked 17.8% | idle 27.6% | ent 1.137
  upd  381 | return    0.000 | deliv   0.00 | blocked 15.9% | idle 27.6% | ent 1.163
  upd  382 | return    0.000 | deliv   0.00 | blocked 14.9% | idle 28.9% | ent 1.149
  upd  383 | return    0.000 | deliv   0.00 | blocked 15.0% | idle 29.1% | ent 1.143
  upd  384 | return    0.000 | deliv   0.00 | blocked 14.7% | idle 30.1% | ent 1.142
  upd  385 | return    0.000 | deliv   0.00 | blocked 18.2% | idle 27.7% | ent 1.143
  upd  386 | return    0.000 | deliv   0.00 | blocked 13.5% | idle 29.1% | ent 1.165
  upd  387 | return    0.000 | deliv   0.00 | blocked 15.7% | idle 27.4% | ent 1.146
  upd  388 | return    0.000 | deliv   0.00 | blocked 19.4% | idle 25.6% | ent 1.118
  upd  389 | return    0.000 | deliv   0.00 | blocked 17.8% | idle 26.0% | ent 1.150
  upd  390 | return    0.000 | deliv   0.00 | blocked 13.3% | idle 26.8% | ent 1.149
  upd  391 | return    0.000 | deliv   0.00 | blocked 17.0% | idle 27.8% | ent 1.135
  upd  392 | return    0.000 | deliv   0.00 | blocked 15.9% | idle 27.2% | ent 1.129
  upd  393 | return    0.000 | deliv   0.00 | blocked 15.6% | idle 27.9% | ent 1.159
  upd  394 | return    0.000 | deliv   0.00 | blocked 15.2% | idle 29.3% | ent 1.159
  upd  395 | return    0.000 | deliv   0.00 | blocked 14.2% | idle 28.0% | ent 1.129
  upd  396 | return    0.000 | deliv   0.00 | blocked 15.0% | idle 29.2% | ent 1.155
  upd  397 | return    0.000 | deliv   0.00 | blocked 14.8% | idle 29.0% | ent 1.146
  upd  398 | return    0.000 | deliv   0.00 | blocked 18.7% | idle 26.2% | ent 1.117
  upd  399 | return    0.000 | deliv   0.00 | blocked 17.1% | idle 27.2% | ent 1.146
  upd  400 | return    0.000 | deliv   0.00 | blocked 14.4% | idle 27.6% | ent 1.141
  upd  401 | return    0.000 | deliv   0.00 | blocked 13.4% | idle 30.5% | ent 1.166
  upd  402 | return    0.000 | deliv   0.00 | blocked 16.0% | idle 28.7% | ent 1.158
  upd  403 | return    0.000 | deliv   0.00 | blocked 13.5% | idle 30.1% | ent 1.133
  upd  404 | return    0.000 | deliv   0.00 | blocked 17.3% | idle 27.1% | ent 1.181
  upd  405 | return    0.000 | deliv   0.00 | blocked 14.6% | idle 28.2% | ent 1.146
  upd  406 | return    0.000 | deliv   0.00 | blocked 13.8% | idle 29.3% | ent 1.152
  upd  407 | return    0.000 | deliv   0.00 | blocked 12.4% | idle 31.7% | ent 1.155
  upd  408 | return    0.000 | deliv   0.00 | blocked 14.1% | idle 31.6% | ent 1.145
  upd  409 | return    0.000 | deliv   0.00 | blocked 14.6% | idle 30.1% | ent 1.181
  upd  410 | return    0.000 | deliv   0.00 | blocked 17.4% | idle 26.6% | ent 1.183
  upd  411 | return    0.000 | deliv   0.00 | blocked 10.2% | idle 34.7% | ent 1.134
  upd  412 | return    0.000 | deliv   0.00 | blocked 16.1% | idle 29.1% | ent 1.144
  upd  413 | return    0.000 | deliv   0.00 | blocked 11.7% | idle 31.6% | ent 1.161
  upd  414 | return    0.000 | deliv   0.00 | blocked 14.8% | idle 31.5% | ent 1.151
  upd  415 | return    0.000 | deliv   0.00 | blocked 16.0% | idle 30.3% | ent 1.143
  upd  416 | return    0.000 | deliv   0.00 | blocked 17.5% | idle 29.1% | ent 1.148
  upd  417 | return    0.000 | deliv   0.00 | blocked 15.3% | idle 31.2% | ent 1.169
  upd  418 | return    0.000 | deliv   0.00 | blocked 14.0% | idle 31.4% | ent 1.151
  upd  419 | return    0.000 | deliv   0.00 | blocked 14.5% | idle 30.4% | ent 1.164
  upd  420 | return    0.000 | deliv   0.00 | blocked 17.0% | idle 31.8% | ent 1.140
  upd  421 | return    0.000 | deliv   0.00 | blocked 16.5% | idle 28.1% | ent 1.181
  upd  422 | return    0.000 | deliv   0.00 | blocked 15.6% | idle 31.4% | ent 1.150
  upd  423 | return    0.000 | deliv   0.00 | blocked 21.7% | idle 26.2% | ent 1.147
  upd  424 | return    0.000 | deliv   0.00 | blocked 13.5% | idle 33.6% | ent 1.140
  upd  425 | return    0.000 | deliv   0.00 | blocked 15.9% | idle 31.0% | ent 1.147
  upd  426 | return    0.000 | deliv   0.00 | blocked 17.5% | idle 28.4% | ent 1.166
  upd  427 | return    0.000 | deliv   0.00 | blocked 15.6% | idle 29.0% | ent 1.116
  upd  428 | return    0.000 | deliv   0.00 | blocked 15.8% | idle 28.8% | ent 1.158
  upd  429 | return    0.000 | deliv   0.00 | blocked 17.2% | idle 28.9% | ent 1.144
  upd  430 | return    0.000 | deliv   0.00 | blocked 15.5% | idle 31.2% | ent 1.131
  upd  431 | return    0.000 | deliv   0.00 | blocked 12.8% | idle 31.6% | ent 1.142
  upd  432 | return    0.000 | deliv   0.00 | blocked 15.9% | idle 29.8% | ent 1.136
  upd  433 | return    0.000 | deliv   0.00 | blocked 14.4% | idle 29.8% | ent 1.128
  upd  434 | return    0.000 | deliv   0.00 | blocked 13.1% | idle 30.3% | ent 1.145
  upd  435 | return    0.000 | deliv   0.00 | blocked 12.2% | idle 31.9% | ent 1.118
  upd  436 | return    0.100 | deliv   0.10 | blocked 10.7% | idle 30.9% | ent 1.118
  upd  437 | return    0.000 | deliv   0.00 | blocked 14.7% | idle 30.5% | ent 1.125
  upd  438 | return    0.000 | deliv   0.00 | blocked 12.7% | idle 27.5% | ent 1.161
  upd  439 | return    0.000 | deliv   0.00 | blocked 13.2% | idle 30.2% | ent 1.124
  upd  440 | return    0.000 | deliv   0.00 | blocked 10.8% | idle 32.1% | ent 1.105
  upd  441 | return    0.000 | deliv   0.00 | blocked 14.1% | idle 29.3% | ent 1.114
  upd  442 | return    0.000 | deliv   0.00 | blocked 12.5% | idle 29.8% | ent 1.117
  upd  443 | return    0.000 | deliv   0.00 | blocked 12.0% | idle 32.8% | ent 1.084
  upd  444 | return    0.000 | deliv   0.00 | blocked 11.3% | idle 31.0% | ent 1.114
  upd  445 | return    0.000 | deliv   0.00 | blocked 11.3% | idle 32.0% | ent 1.086
  upd  446 | return    0.000 | deliv   0.00 | blocked 14.1% | idle 28.7% | ent 1.115
  upd  447 | return    0.000 | deliv   0.00 | blocked 15.9% | idle 27.8% | ent 1.119
  upd  448 | return    0.000 | deliv   0.00 | blocked 14.2% | idle 28.3% | ent 1.088
  upd  449 | return    0.000 | deliv   0.00 | blocked 16.1% | idle 27.8% | ent 1.104
  upd  450 | return    0.000 | deliv   0.00 | blocked 14.8% | idle 28.3% | ent 1.079
  upd  451 | return    0.000 | deliv   0.00 | blocked 15.5% | idle 29.0% | ent 1.078
  upd  452 | return    0.000 | deliv   0.00 | blocked 12.6% | idle 29.9% | ent 1.074
  upd  453 | return    0.000 | deliv   0.00 | blocked 12.8% | idle 30.8% | ent 1.072
  upd  454 | return    0.000 | deliv   0.00 | blocked 11.2% | idle 30.4% | ent 1.096
  upd  455 | return    0.000 | deliv   0.00 | blocked 11.9% | idle 30.3% | ent 1.080
  upd  456 | return    0.000 | deliv   0.00 | blocked 11.5% | idle 30.7% | ent 1.032
  upd  457 | return    0.000 | deliv   0.00 | blocked 14.5% | idle 27.9% | ent 1.062
  upd  458 | return    0.000 | deliv   0.00 | blocked 12.5% | idle 28.7% | ent 1.054
  upd  459 | return    0.000 | deliv   0.00 | blocked 11.5% | idle 29.4% | ent 1.055
  upd  460 | return    0.000 | deliv   0.00 | blocked 14.4% | idle 27.2% | ent 1.054
  upd  461 | return    0.000 | deliv   0.00 | blocked 12.6% | idle 28.0% | ent 1.037
  upd  462 | return    0.000 | deliv   0.00 | blocked 11.2% | idle 30.3% | ent 1.046
  upd  463 | return    0.000 | deliv   0.00 | blocked 11.0% | idle 27.7% | ent 1.022
  upd  464 | return    0.000 | deliv   0.00 | blocked 10.7% | idle 30.2% | ent 1.028
  upd  465 | return    0.000 | deliv   0.00 | blocked 10.1% | idle 30.3% | ent 1.020
  upd  466 | return    0.000 | deliv   0.00 | blocked  8.5% | idle 31.6% | ent 1.016
  upd  467 | return    0.000 | deliv   0.00 | blocked  9.4% | idle 29.2% | ent 1.000
  upd  468 | return    0.000 | deliv   0.00 | blocked  7.2% | idle 32.9% | ent 0.996
  upd  469 | return    0.000 | deliv   0.00 | blocked  8.2% | idle 30.1% | ent 0.970
  upd  470 | return    0.000 | deliv   0.00 | blocked  6.0% | idle 32.6% | ent 0.958
  upd  471 | return    0.000 | deliv   0.00 | blocked  6.7% | idle 34.9% | ent 0.944
  upd  472 | return    0.000 | deliv   0.00 | blocked  7.1% | idle 30.9% | ent 0.952
  upd  473 | return    0.000 | deliv   0.00 | blocked  5.4% | idle 37.3% | ent 0.949
  upd  474 | return    0.000 | deliv   0.00 | blocked  7.5% | idle 30.0% | ent 0.945
  upd  475 | return    0.000 | deliv   0.00 | blocked  5.2% | idle 34.4% | ent 0.919
  upd  476 | return    0.000 | deliv   0.00 | blocked  7.5% | idle 31.1% | ent 0.926
  upd  477 | return    0.000 | deliv   0.00 | blocked  7.1% | idle 30.7% | ent 0.914
  upd  478 | return    0.000 | deliv   0.00 | blocked  6.1% | idle 31.4% | ent 0.922
  upd  479 | return    0.000 | deliv   0.00 | blocked  5.6% | idle 34.2% | ent 0.891
  upd  480 | return    0.000 | deliv   0.00 | blocked  7.5% | idle 32.5% | ent 0.900
  upd  481 | return    0.000 | deliv   0.00 | blocked  6.1% | idle 30.7% | ent 0.873
  upd  482 | return    0.000 | deliv   0.00 | blocked  5.7% | idle 32.8% | ent 0.884
  upd  483 | return    0.000 | deliv   0.00 | blocked  6.8% | idle 33.9% | ent 0.901
  upd  484 | return    0.000 | deliv   0.00 | blocked  7.9% | idle 30.8% | ent 0.877
  upd  485 | return    0.000 | deliv   0.00 | blocked  6.0% | idle 32.7% | ent 0.870
  upd  486 | return    0.000 | deliv   0.00 | blocked  5.8% | idle 35.1% | ent 0.867
  upd  487 | return    0.000 | deliv   0.00 | blocked  5.7% | idle 34.1% | ent 0.848
  upd  488 | return    0.000 | deliv   0.00 | blocked  5.3% | idle 34.1% | ent 0.846
  upd  489 | return    0.000 | deliv   0.00 | blocked  5.6% | idle 36.0% | ent 0.869
  upd  490 | return    0.000 | deliv   0.00 | blocked  6.8% | idle 36.1% | ent 0.875
  upd  491 | return    0.000 | deliv   0.00 | blocked  5.3% | idle 37.2% | ent 0.870
  upd  492 | return    0.000 | deliv   0.00 | blocked  6.2% | idle 37.1% | ent 0.867
  upd  493 | return    0.000 | deliv   0.00 | blocked  5.1% | idle 36.5% | ent 0.859
  upd  494 | return    0.000 | deliv   0.00 | blocked  7.8% | idle 37.4% | ent 0.876
  upd  495 | return    0.000 | deliv   0.00 | blocked  8.5% | idle 34.5% | ent 0.869
  upd  496 | return    0.000 | deliv   0.00 | blocked  6.5% | idle 37.6% | ent 0.831
  upd  497 | return    0.000 | deliv   0.00 | blocked  4.6% | idle 40.6% | ent 0.832
  upd  498 | return    0.000 | deliv   0.00 | blocked  7.4% | idle 35.2% | ent 0.846
  upd  499 | return    0.000 | deliv   0.00 | blocked  5.8% | idle 37.2% | ent 0.845
  upd  500 | return    0.000 | deliv   0.00 | blocked  6.0% | idle 38.4% | ent 0.848
  upd  501 | return    0.000 | deliv   0.00 | blocked  5.1% | idle 38.9% | ent 0.829
  upd  502 | return    0.000 | deliv   0.00 | blocked  7.6% | idle 37.8% | ent 0.861
  upd  503 | return    0.000 | deliv   0.00 | blocked  5.3% | idle 39.4% | ent 0.823
  upd  504 | return    0.000 | deliv   0.00 | blocked  6.5% | idle 39.2% | ent 0.847
  upd  505 | return    0.000 | deliv   0.00 | blocked  6.3% | idle 38.4% | ent 0.829
  upd  506 | return    0.000 | deliv   0.00 | blocked  5.5% | idle 43.0% | ent 0.839
  upd  507 | return    0.000 | deliv   0.00 | blocked  6.2% | idle 39.3% | ent 0.830
  upd  508 | return    0.000 | deliv   0.00 | blocked  5.2% | idle 43.7% | ent 0.840
  upd  509 | return    0.000 | deliv   0.00 | blocked  6.1% | idle 38.9% | ent 0.839
  upd  510 | return    0.000 | deliv   0.00 | blocked  8.7% | idle 36.3% | ent 0.844
  upd  511 | return    0.000 | deliv   0.00 | blocked  7.8% | idle 40.8% | ent 0.853
  upd  512 | return    0.000 | deliv   0.00 | blocked  6.3% | idle 40.4% | ent 0.815
  upd  513 | return    0.000 | deliv   0.00 | blocked  4.6% | idle 43.8% | ent 0.815
  upd  514 | return    0.000 | deliv   0.00 | blocked  5.9% | idle 42.8% | ent 0.833
  upd  515 | return    0.000 | deliv   0.00 | blocked  4.7% | idle 44.2% | ent 0.820
  upd  516 | return    0.000 | deliv   0.00 | blocked  4.8% | idle 44.1% | ent 0.815
  upd  517 | return    0.000 | deliv   0.00 | blocked  5.5% | idle 43.2% | ent 0.826
  upd  518 | return    0.000 | deliv   0.00 | blocked  4.8% | idle 45.9% | ent 0.829
  upd  519 | return    0.100 | deliv   0.10 | blocked  6.9% | idle 41.8% | ent 0.835
  upd  520 | return    0.000 | deliv   0.00 | blocked  7.8% | idle 42.2% | ent 0.822
  upd  521 | return    0.000 | deliv   0.00 | blocked  9.1% | idle 39.2% | ent 0.838
  upd  522 | return    0.000 | deliv   0.00 | blocked 11.1% | idle 37.9% | ent 0.834
  upd  523 | return    0.000 | deliv   0.00 | blocked 11.7% | idle 39.4% | ent 0.827
  upd  524 | return    0.100 | deliv   0.10 | blocked 11.4% | idle 36.9% | ent 0.837
  upd  525 | return    0.000 | deliv   0.00 | blocked 10.4% | idle 37.3% | ent 0.830
  upd  526 | return    0.000 | deliv   0.00 | blocked 15.4% | idle 32.3% | ent 0.827
  upd  527 | return    0.000 | deliv   0.00 | blocked 10.5% | idle 38.3% | ent 0.816
  upd  528 | return    0.000 | deliv   0.00 | blocked 10.1% | idle 38.0% | ent 0.840
  upd  529 | return    0.000 | deliv   0.00 | blocked  8.3% | idle 39.0% | ent 0.837
  upd  530 | return    0.000 | deliv   0.00 | blocked  8.9% | idle 37.5% | ent 0.818
  upd  531 | return    0.000 | deliv   0.00 | blocked 10.1% | idle 37.7% | ent 0.841
  upd  532 | return    0.000 | deliv   0.00 | blocked  7.2% | idle 41.2% | ent 0.817
  upd  533 | return    0.000 | deliv   0.00 | blocked  8.3% | idle 39.6% | ent 0.829
  upd  534 | return    0.000 | deliv   0.00 | blocked  6.4% | idle 40.1% | ent 0.820
  upd  535 | return    0.000 | deliv   0.00 | blocked  7.9% | idle 38.7% | ent 0.823
  upd  536 | return    0.000 | deliv   0.00 | blocked  6.1% | idle 42.9% | ent 0.810
  upd  537 | return    0.000 | deliv   0.00 | blocked  5.5% | idle 40.9% | ent 0.811
  upd  538 | return    0.000 | deliv   0.00 | blocked  4.7% | idle 42.0% | ent 0.817
  upd  539 | return    0.000 | deliv   0.00 | blocked  3.5% | idle 43.0% | ent 0.814
  upd  540 | return    0.000 | deliv   0.00 | blocked  3.8% | idle 43.4% | ent 0.790
  upd  541 | return    0.000 | deliv   0.00 | blocked  4.0% | idle 42.2% | ent 0.804
  upd  542 | return    0.000 | deliv   0.00 | blocked  4.6% | idle 42.3% | ent 0.806
  upd  543 | return    0.000 | deliv   0.00 | blocked  3.8% | idle 44.1% | ent 0.788
  upd  544 | return    0.000 | deliv   0.00 | blocked  4.3% | idle 41.9% | ent 0.791
  upd  545 | return    0.000 | deliv   0.00 | blocked  4.4% | idle 45.5% | ent 0.824
  upd  546 | return    0.000 | deliv   0.00 | blocked  4.6% | idle 42.0% | ent 0.793
  upd  547 | return    0.000 | deliv   0.00 | blocked  5.2% | idle 41.1% | ent 0.819
  upd  548 | return    0.000 | deliv   0.00 | blocked  4.5% | idle 40.3% | ent 0.797
  upd  549 | return    0.000 | deliv   0.00 | blocked  3.7% | idle 41.0% | ent 0.802
  upd  550 | return    0.000 | deliv   0.00 | blocked  4.3% | idle 43.7% | ent 0.800
  upd  551 | return    0.000 | deliv   0.00 | blocked  5.5% | idle 39.6% | ent 0.823
  upd  552 | return    0.000 | deliv   0.00 | blocked  3.8% | idle 40.9% | ent 0.806
  upd  553 | return    0.000 | deliv   0.00 | blocked  4.8% | idle 38.7% | ent 0.802
  upd  554 | return    0.000 | deliv   0.00 | blocked  6.8% | idle 39.4% | ent 0.790
  upd  555 | return    0.000 | deliv   0.00 | blocked  6.9% | idle 40.8% | ent 0.798
  upd  556 | return    0.000 | deliv   0.00 | blocked  4.3% | idle 44.5% | ent 0.797
  upd  557 | return    0.000 | deliv   0.00 | blocked  4.3% | idle 45.6% | ent 0.811
  upd  558 | return    0.000 | deliv   0.00 | blocked  4.2% | idle 44.7% | ent 0.812
  upd  559 | return    0.000 | deliv   0.00 | blocked  6.1% | idle 42.2% | ent 0.840
  upd  560 | return    0.000 | deliv   0.00 | blocked  5.1% | idle 41.9% | ent 0.829
  upd  561 | return    0.000 | deliv   0.00 | blocked  4.6% | idle 42.7% | ent 0.814
  upd  562 | return    0.000 | deliv   0.00 | blocked  4.3% | idle 45.5% | ent 0.819
  upd  563 | return    0.000 | deliv   0.00 | blocked  5.1% | idle 43.4% | ent 0.808
  upd  564 | return    0.000 | deliv   0.00 | blocked  5.9% | idle 43.4% | ent 0.818
  upd  565 | return    0.000 | deliv   0.00 | blocked  4.2% | idle 46.7% | ent 0.817
  upd  566 | return    0.000 | deliv   0.00 | blocked  5.2% | idle 44.6% | ent 0.823
  upd  567 | return    0.000 | deliv   0.00 | blocked  6.6% | idle 45.9% | ent 0.819
  upd  568 | return    0.000 | deliv   0.00 | blocked  4.7% | idle 46.9% | ent 0.814
  upd  569 | return    0.000 | deliv   0.00 | blocked  5.3% | idle 45.3% | ent 0.807
  upd  570 | return    0.000 | deliv   0.00 | blocked  5.7% | idle 45.5% | ent 0.830
  upd  571 | return    0.000 | deliv   0.00 | blocked  6.2% | idle 44.8% | ent 0.829
  upd  572 | return    0.000 | deliv   0.00 | blocked  5.9% | idle 45.9% | ent 0.812
  upd  573 | return    0.000 | deliv   0.00 | blocked  5.9% | idle 46.0% | ent 0.814
  upd  574 | return    0.000 | deliv   0.00 | blocked  6.0% | idle 44.6% | ent 0.835
  upd  575 | return    0.000 | deliv   0.00 | blocked  6.3% | idle 43.7% | ent 0.835
  upd  576 | return    0.000 | deliv   0.00 | blocked  5.4% | idle 45.1% | ent 0.822
  upd  577 | return    0.000 | deliv   0.00 | blocked  7.0% | idle 42.4% | ent 0.839
  upd  578 | return    0.000 | deliv   0.00 | blocked  6.6% | idle 43.9% | ent 0.835
  upd  579 | return    0.000 | deliv   0.00 | blocked  5.5% | idle 46.2% | ent 0.817
  upd  580 | return    0.000 | deliv   0.00 | blocked  4.7% | idle 45.2% | ent 0.822
  upd  581 | return    0.000 | deliv   0.00 | blocked  5.6% | idle 43.3% | ent 0.813
  upd  582 | return    0.100 | deliv   0.10 | blocked  5.8% | idle 41.5% | ent 0.840
  upd  583 | return    0.000 | deliv   0.00 | blocked  6.7% | idle 39.5% | ent 0.798
  upd  584 | return    0.000 | deliv   0.00 | blocked  8.6% | idle 41.2% | ent 0.836
  upd  585 | return    0.000 | deliv   0.00 | blocked 10.5% | idle 40.0% | ent 0.837
  upd  586 | return    0.000 | deliv   0.00 | blocked 10.7% | idle 37.6% | ent 0.825
  upd  587 | return    0.000 | deliv   0.00 | blocked 11.5% | idle 37.1% | ent 0.809
  upd  588 | return    0.100 | deliv   0.10 | blocked 11.3% | idle 38.6% | ent 0.822
  upd  589 | return    0.000 | deliv   0.00 | blocked 12.5% | idle 35.0% | ent 0.831
  upd  590 | return    0.000 | deliv   0.00 | blocked 13.1% | idle 39.0% | ent 0.805
  upd  591 | return    0.000 | deliv   0.00 | blocked 14.2% | idle 35.1% | ent 0.820
  upd  592 | return    0.000 | deliv   0.00 | blocked 15.3% | idle 34.2% | ent 0.788
  upd  593 | return    0.100 | deliv   0.10 | blocked 12.8% | idle 36.5% | ent 0.828
  upd  594 | return    0.000 | deliv   0.00 | blocked 16.4% | idle 34.0% | ent 0.838
  upd  595 | return    0.000 | deliv   0.00 | blocked 13.5% | idle 36.0% | ent 0.828
  upd  596 | return    0.000 | deliv   0.00 | blocked 15.5% | idle 36.2% | ent 0.806
  upd  597 | return    0.000 | deliv   0.00 | blocked 13.7% | idle 35.6% | ent 0.825
  upd  598 | return    0.000 | deliv   0.00 | blocked 12.4% | idle 36.4% | ent 0.839
  upd  599 | return    0.000 | deliv   0.00 | blocked 10.8% | idle 36.6% | ent 0.848
  upd  600 | return    0.000 | deliv   0.00 | blocked  9.3% | idle 38.6% | ent 0.847
  upd  601 | return    0.000 | deliv   0.00 | blocked 12.2% | idle 35.1% | ent 0.855
  upd  602 | return    0.000 | deliv   0.00 | blocked 10.1% | idle 36.3% | ent 0.840
  upd  603 | return    0.000 | deliv   0.00 | blocked 10.4% | idle 37.2% | ent 0.851
  upd  604 | return    0.000 | deliv   0.00 | blocked  9.5% | idle 35.6% | ent 0.856
  upd  605 | return    0.000 | deliv   0.00 | blocked 10.2% | idle 34.9% | ent 0.873
  upd  606 | return    0.000 | deliv   0.00 | blocked 10.7% | idle 33.7% | ent 0.851
  upd  607 | return    0.000 | deliv   0.00 | blocked 10.5% | idle 35.3% | ent 0.858
  upd  608 | return    0.000 | deliv   0.00 | blocked  8.0% | idle 35.3% | ent 0.838
  upd  609 | return    0.000 | deliv   0.00 | blocked  7.9% | idle 36.5% | ent 0.854
  upd  610 | return    0.000 | deliv   0.00 | blocked  7.0% | idle 35.0% | ent 0.847
  upd  611 | return    0.000 | deliv   0.00 | blocked  7.6% | idle 36.0% | ent 0.852
  upd  612 | return    0.000 | deliv   0.00 | blocked  7.6% | idle 36.8% | ent 0.842
  upd  613 | return    0.000 | deliv   0.00 | blocked  6.9% | idle 36.2% | ent 0.826
  upd  614 | return    0.000 | deliv   0.00 | blocked  7.3% | idle 35.1% | ent 0.864
  upd  615 | return    0.000 | deliv   0.00 | blocked  6.3% | idle 34.9% | ent 0.838
  upd  616 | return    0.000 | deliv   0.00 | blocked  6.9% | idle 37.9% | ent 0.829
  upd  617 | return    0.000 | deliv   0.00 | blocked  7.8% | idle 37.3% | ent 0.842
  upd  618 | return    0.000 | deliv   0.00 | blocked  6.1% | idle 36.7% | ent 0.820
  upd  619 | return    0.000 | deliv   0.00 | blocked  6.0% | idle 37.9% | ent 0.817
  upd  620 | return    0.000 | deliv   0.00 | blocked  7.3% | idle 38.6% | ent 0.841
  upd  621 | return    0.000 | deliv   0.00 | blocked  6.8% | idle 37.4% | ent 0.847
  upd  622 | return    0.000 | deliv   0.00 | blocked  5.2% | idle 41.4% | ent 0.838
  upd  623 | return    0.000 | deliv   0.00 | blocked  5.5% | idle 41.5% | ent 0.822
  upd  624 | return    0.000 | deliv   0.00 | blocked  6.9% | idle 40.7% | ent 0.843
  upd  625 | return    0.000 | deliv   0.00 | blocked  4.8% | idle 43.9% | ent 0.835
  upd  626 | return    0.000 | deliv   0.00 | blocked  5.6% | idle 44.3% | ent 0.817
  upd  627 | return    0.000 | deliv   0.00 | blocked  6.5% | idle 42.6% | ent 0.823
  upd  628 | return    0.000 | deliv   0.00 | blocked  5.9% | idle 43.2% | ent 0.843
  upd  629 | return    0.000 | deliv   0.00 | blocked  6.7% | idle 40.9% | ent 0.842
  upd  630 | return    0.000 | deliv   0.00 | blocked  6.1% | idle 45.9% | ent 0.840
  upd  631 | return    0.000 | deliv   0.00 | blocked  5.6% | idle 46.7% | ent 0.818
  upd  632 | return    0.100 | deliv   0.10 | blocked  6.2% | idle 43.3% | ent 0.854
  upd  633 | return    0.000 | deliv   0.00 | blocked  7.4% | idle 43.0% | ent 0.863
  upd  634 | return    0.000 | deliv   0.00 | blocked  8.3% | idle 40.5% | ent 0.866
  upd  635 | return    0.000 | deliv   0.00 | blocked  7.6% | idle 43.6% | ent 0.869
  upd  636 | return    0.000 | deliv   0.00 | blocked  8.0% | idle 44.3% | ent 0.866
  upd  637 | return    0.000 | deliv   0.00 | blocked 10.1% | idle 42.6% | ent 0.866
  upd  638 | return    0.000 | deliv   0.00 | blocked  8.9% | idle 45.7% | ent 0.866
  upd  639 | return    0.000 | deliv   0.00 | blocked  7.7% | idle 46.6% | ent 0.850
  upd  640 | return    0.000 | deliv   0.00 | blocked 11.3% | idle 43.5% | ent 0.848
  upd  641 | return    0.000 | deliv   0.00 | blocked 10.3% | idle 44.0% | ent 0.842
  upd  642 | return    0.000 | deliv   0.00 | blocked  8.6% | idle 47.3% | ent 0.828
  upd  643 | return    0.000 | deliv   0.00 | blocked  8.4% | idle 46.8% | ent 0.851
  upd  644 | return    0.000 | deliv   0.00 | blocked 10.3% | idle 45.0% | ent 0.853
  upd  645 | return    0.000 | deliv   0.00 | blocked  8.1% | idle 46.6% | ent 0.854
  upd  646 | return    0.000 | deliv   0.00 | blocked  9.2% | idle 45.4% | ent 0.843
  upd  647 | return    0.000 | deliv   0.00 | blocked  8.6% | idle 46.6% | ent 0.852
  upd  648 | return    0.000 | deliv   0.00 | blocked  8.5% | idle 45.9% | ent 0.865
  upd  649 | return    0.000 | deliv   0.00 | blocked  7.7% | idle 45.8% | ent 0.823
  upd  650 | return    0.000 | deliv   0.00 | blocked  9.5% | idle 42.4% | ent 0.836
  upd  651 | return    0.000 | deliv   0.00 | blocked 10.5% | idle 41.6% | ent 0.838
  upd  652 | return    0.000 | deliv   0.00 | blocked  9.7% | idle 42.2% | ent 0.828
  upd  653 | return    0.000 | deliv   0.00 | blocked  7.1% | idle 45.1% | ent 0.818
  upd  654 | return    0.000 | deliv   0.00 | blocked  8.3% | idle 43.2% | ent 0.856
  upd  655 | return    0.000 | deliv   0.00 | blocked  9.7% | idle 42.4% | ent 0.856
  upd  656 | return    0.000 | deliv   0.00 | blocked  9.7% | idle 40.6% | ent 0.847
  upd  657 | return    0.000 | deliv   0.00 | blocked  7.8% | idle 40.7% | ent 0.844
  upd  658 | return    0.100 | deliv   0.10 | blocked  7.6% | idle 40.6% | ent 0.857
  upd  659 | return    0.000 | deliv   0.00 | blocked  9.4% | idle 40.0% | ent 0.852
  upd  660 | return    0.000 | deliv   0.00 | blocked 14.2% | idle 35.5% | ent 0.832
  upd  661 | return    0.000 | deliv   0.00 | blocked 13.9% | idle 36.8% | ent 0.847
  upd  662 | return    0.000 | deliv   0.00 | blocked 10.7% | idle 37.1% | ent 0.826
  upd  663 | return    0.000 | deliv   0.00 | blocked 13.6% | idle 37.4% | ent 0.852
  upd  664 | return    0.000 | deliv   0.00 | blocked 15.3% | idle 36.3% | ent 0.828
  upd  665 | return    0.000 | deliv   0.00 | blocked 14.6% | idle 38.9% | ent 0.801
  upd  666 | return    0.000 | deliv   0.00 | blocked 16.0% | idle 35.0% | ent 0.796
  upd  667 | return    0.100 | deliv   0.10 | blocked 17.5% | idle 35.9% | ent 0.807
  upd  668 | return    0.000 | deliv   0.00 | blocked 20.5% | idle 33.5% | ent 0.784
  upd  669 | return    0.000 | deliv   0.00 | blocked 13.4% | idle 36.7% | ent 0.825
  upd  670 | return    0.000 | deliv   0.00 | blocked 10.9% | idle 37.1% | ent 0.870
  upd  671 | return    0.100 | deliv   0.10 | blocked  8.6% | idle 38.8% | ent 0.839
  upd  672 | return    0.000 | deliv   0.00 | blocked  7.6% | idle 39.9% | ent 0.842
  upd  673 | return    0.000 | deliv   0.00 | blocked  8.8% | idle 40.7% | ent 0.846
  upd  674 | return    0.100 | deliv   0.10 | blocked  7.8% | idle 39.4% | ent 0.841
  upd  675 | return    0.100 | deliv   0.10 | blocked  7.1% | idle 42.0% | ent 0.838
  upd  676 | return    0.000 | deliv   0.00 | blocked 10.8% | idle 37.5% | ent 0.836
  upd  677 | return    0.000 | deliv   0.00 | blocked  8.3% | idle 40.9% | ent 0.829
  upd  678 | return    0.000 | deliv   0.00 | blocked 10.6% | idle 38.3% | ent 0.854
  upd  679 | return    0.000 | deliv   0.00 | blocked 12.6% | idle 37.0% | ent 0.870
  upd  680 | return    0.000 | deliv   0.00 | blocked 11.8% | idle 38.3% | ent 0.840
  upd  681 | return    0.000 | deliv   0.00 | blocked 11.8% | idle 36.6% | ent 0.884
  upd  682 | return    0.000 | deliv   0.00 | blocked 13.0% | idle 39.1% | ent 0.894
  upd  683 | return    0.000 | deliv   0.00 | blocked 12.7% | idle 38.0% | ent 0.871
  upd  684 | return    0.000 | deliv   0.00 | blocked 14.1% | idle 37.9% | ent 0.880
  upd  685 | return    0.000 | deliv   0.00 | blocked 13.8% | idle 38.8% | ent 0.876
  upd  686 | return    0.000 | deliv   0.00 | blocked 16.7% | idle 37.8% | ent 0.817
  upd  687 | return    0.000 | deliv   0.00 | blocked 14.0% | idle 40.3% | ent 0.851
  upd  688 | return    0.100 | deliv   0.10 | blocked 13.7% | idle 38.9% | ent 0.835
  upd  689 | return    0.000 | deliv   0.00 | blocked 15.9% | idle 35.5% | ent 0.857
  upd  690 | return    0.000 | deliv   0.00 | blocked 16.2% | idle 37.9% | ent 0.866
  upd  691 | return    0.000 | deliv   0.00 | blocked 18.4% | idle 35.9% | ent 0.886
  upd  692 | return    0.000 | deliv   0.00 | blocked 15.9% | idle 35.4% | ent 0.853
  upd  693 | return    0.000 | deliv   0.00 | blocked 14.4% | idle 38.9% | ent 0.850
  upd  694 | return    0.000 | deliv   0.00 | blocked 16.8% | idle 36.4% | ent 0.853
  upd  695 | return    0.000 | deliv   0.00 | blocked 15.4% | idle 34.8% | ent 0.865
  upd  696 | return    0.000 | deliv   0.00 | blocked 19.4% | idle 33.2% | ent 0.835
  upd  697 | return    0.100 | deliv   0.10 | blocked 18.0% | idle 33.2% | ent 0.863
  upd  698 | return    0.000 | deliv   0.00 | blocked 20.6% | idle 30.4% | ent 0.860
  upd  699 | return    0.000 | deliv   0.00 | blocked 17.4% | idle 30.8% | ent 0.831
  upd  700 | return    0.000 | deliv   0.00 | blocked 16.0% | idle 31.9% | ent 0.878
  upd  701 | return    0.000 | deliv   0.00 | blocked 14.0% | idle 33.4% | ent 0.857
  upd  702 | return    0.000 | deliv   0.00 | blocked 11.1% | idle 35.3% | ent 0.874
  upd  703 | return    0.100 | deliv   0.10 | blocked 13.0% | idle 32.4% | ent 0.871
  upd  704 | return    0.000 | deliv   0.00 | blocked 11.1% | idle 35.0% | ent 0.873
  upd  705 | return    0.000 | deliv   0.00 | blocked 13.9% | idle 33.9% | ent 0.840
  upd  706 | return    0.000 | deliv   0.00 | blocked 11.1% | idle 36.1% | ent 0.862
  upd  707 | return    0.000 | deliv   0.00 | blocked 14.1% | idle 32.6% | ent 0.834
  upd  708 | return    0.000 | deliv   0.00 | blocked 11.6% | idle 36.3% | ent 0.839
  upd  709 | return    0.000 | deliv   0.00 | blocked  8.4% | idle 37.6% | ent 0.877
  upd  710 | return    0.000 | deliv   0.00 | blocked 13.5% | idle 34.8% | ent 0.823
  upd  711 | return    0.200 | deliv   0.20 | blocked 13.3% | idle 33.3% | ent 0.812
  upd  712 | return    0.000 | deliv   0.00 | blocked 13.3% | idle 31.7% | ent 0.831
  upd  713 | return    0.000 | deliv   0.00 | blocked 12.2% | idle 35.3% | ent 0.808
  upd  714 | return    0.100 | deliv   0.10 | blocked 13.4% | idle 33.7% | ent 0.782
  upd  715 | return    0.000 | deliv   0.00 | blocked 13.9% | idle 31.9% | ent 0.808
  upd  716 | return    0.000 | deliv   0.00 | blocked 10.6% | idle 33.7% | ent 0.847
  upd  717 | return    0.000 | deliv   0.00 | blocked 11.3% | idle 32.1% | ent 0.851
  upd  718 | return    0.000 | deliv   0.00 | blocked 11.0% | idle 33.5% | ent 0.860
  upd  719 | return    0.100 | deliv   0.10 | blocked 11.4% | idle 33.6% | ent 0.849
  upd  720 | return    0.000 | deliv   0.00 | blocked 10.6% | idle 33.2% | ent 0.891
  upd  721 | return    0.000 | deliv   0.00 | blocked 10.8% | idle 35.7% | ent 0.909
  upd  722 | return    0.300 | deliv   0.30 | blocked 13.4% | idle 31.0% | ent 0.897
  upd  723 | return    0.000 | deliv   0.00 | blocked 14.5% | idle 30.0% | ent 0.915
  upd  724 | return    0.200 | deliv   0.20 | blocked 15.2% | idle 27.5% | ent 0.910
  upd  725 | return    0.000 | deliv   0.00 | blocked 13.8% | idle 27.9% | ent 0.956
  upd  726 | return    0.000 | deliv   0.00 | blocked 14.7% | idle 24.2% | ent 0.943
  upd  727 | return    0.100 | deliv   0.10 | blocked 17.0% | idle 20.5% | ent 0.930
  upd  728 | return    0.000 | deliv   0.00 | blocked 21.4% | idle 19.1% | ent 0.937
  upd  729 | return    0.000 | deliv   0.00 | blocked 21.6% | idle 21.4% | ent 0.939
  upd  730 | return    0.000 | deliv   0.00 | blocked 24.6% | idle 17.9% | ent 0.901
  upd  731 | return    0.200 | deliv   0.20 | blocked 26.3% | idle 16.7% | ent 0.882
  upd  732 | return    0.300 | deliv   0.30 | blocked 31.7% | idle 13.1% | ent 0.825
  upd  733 | return    0.200 | deliv   0.20 | blocked 33.2% | idle 12.7% | ent 0.781
  upd  734 | return    0.300 | deliv   0.30 | blocked 39.8% | idle 10.5% | ent 0.720
  upd  735 | return    0.300 | deliv   0.30 | blocked 45.8% | idle  7.8% | ent 0.656
  upd  736 | return    0.000 | deliv   0.00 | blocked 49.1% | idle  9.5% | ent 0.656
  upd  737 | return    0.000 | deliv   0.00 | blocked 51.4% | idle  9.8% | ent 0.619
  upd  738 | return    0.000 | deliv   0.00 | blocked 51.0% | idle  9.8% | ent 0.628
  upd  739 | return    0.000 | deliv   0.00 | blocked 57.2% | idle  7.7% | ent 0.559
  upd  740 | return    0.000 | deliv   0.00 | blocked 59.2% | idle  8.7% | ent 0.533
  upd  741 | return    0.200 | deliv   0.20 | blocked 54.2% | idle 11.6% | ent 0.519
  upd  742 | return    0.000 | deliv   0.00 | blocked 50.8% | idle 13.6% | ent 0.547
  upd  743 | return    0.100 | deliv   0.10 | blocked 43.8% | idle 18.4% | ent 0.611
  upd  744 | return    0.200 | deliv   0.20 | blocked 38.1% | idle 24.0% | ent 0.629
  upd  745 | return    0.100 | deliv   0.10 | blocked 36.3% | idle 25.6% | ent 0.561
  upd  746 | return    0.100 | deliv   0.10 | blocked 24.8% | idle 33.6% | ent 0.661
  upd  747 | return    0.000 | deliv   0.00 | blocked 30.4% | idle 32.5% | ent 0.582
  upd  748 | return    0.100 | deliv   0.10 | blocked 19.8% | idle 37.3% | ent 0.625
  upd  749 | return    0.000 | deliv   0.00 | blocked 19.7% | idle 39.4% | ent 0.628
  upd  750 | return    0.000 | deliv   0.00 | blocked 25.4% | idle 34.9% | ent 0.601
  upd  751 | return    0.000 | deliv   0.00 | blocked 14.8% | idle 39.7% | ent 0.655
  upd  752 | return    0.000 | deliv   0.00 | blocked 17.4% | idle 36.8% | ent 0.625
  upd  753 | return    0.000 | deliv   0.00 | blocked 18.0% | idle 34.9% | ent 0.626
  upd  754 | return    0.100 | deliv   0.10 | blocked 21.5% | idle 30.6% | ent 0.622
  upd  755 | return    0.000 | deliv   0.00 | blocked 14.6% | idle 33.0% | ent 0.680
  upd  756 | return    0.000 | deliv   0.00 | blocked 16.9% | idle 34.7% | ent 0.662
  upd  757 | return    0.000 | deliv   0.00 | blocked 10.8% | idle 33.5% | ent 0.692
  upd  758 | return    0.000 | deliv   0.00 | blocked 11.0% | idle 30.2% | ent 0.682
  upd  759 | return    0.100 | deliv   0.10 | blocked 13.0% | idle 28.0% | ent 0.685
  upd  760 | return    0.100 | deliv   0.10 | blocked 11.2% | idle 28.4% | ent 0.690
  upd  761 | return    0.000 | deliv   0.00 | blocked 12.4% | idle 24.4% | ent 0.687
  upd  762 | return    0.000 | deliv   0.00 | blocked  8.9% | idle 26.0% | ent 0.685
  upd  763 | return    0.100 | deliv   0.10 | blocked 13.4% | idle 23.6% | ent 0.659
  upd  764 | return    0.100 | deliv   0.10 | blocked 14.2% | idle 21.1% | ent 0.663
  upd  765 | return    0.200 | deliv   0.20 | blocked 10.9% | idle 22.0% | ent 0.670
  upd  766 | return    0.000 | deliv   0.00 | blocked  9.6% | idle 23.3% | ent 0.695
  upd  767 | return    0.000 | deliv   0.00 | blocked 11.2% | idle 19.8% | ent 0.662
  upd  768 | return    0.000 | deliv   0.00 | blocked  8.5% | idle 20.5% | ent 0.701
  upd  769 | return    0.100 | deliv   0.10 | blocked  9.6% | idle 21.2% | ent 0.710
  upd  770 | return    0.100 | deliv   0.10 | blocked  9.8% | idle 17.7% | ent 0.705
  upd  771 | return    0.100 | deliv   0.10 | blocked  8.8% | idle 19.0% | ent 0.721
  upd  772 | return    0.100 | deliv   0.10 | blocked 10.7% | idle 15.7% | ent 0.731
  upd  773 | return    0.400 | deliv   0.40 | blocked  8.7% | idle 17.5% | ent 0.720
  upd  774 | return    0.000 | deliv   0.00 | blocked 13.0% | idle 16.2% | ent 0.701
  upd  775 | return    0.100 | deliv   0.10 | blocked 17.9% | idle 13.8% | ent 0.667
  upd  776 | return    0.100 | deliv   0.10 | blocked 15.5% | idle 15.3% | ent 0.662
  upd  777 | return    0.300 | deliv   0.30 | blocked 22.6% | idle 13.5% | ent 0.640
  upd  778 | return    0.300 | deliv   0.30 | blocked 23.6% | idle 12.1% | ent 0.651
  upd  779 | return    0.300 | deliv   0.30 | blocked 26.0% | idle 10.0% | ent 0.639
  upd  780 | return    0.100 | deliv   0.10 | blocked 24.1% | idle 10.6% | ent 0.635
  upd  781 | return    0.500 | deliv   0.50 | blocked 31.7% | idle  9.7% | ent 0.600
  upd  782 | return    0.000 | deliv   0.00 | blocked 31.3% | idle  9.1% | ent 0.595
  upd  783 | return    0.100 | deliv   0.10 | blocked 33.6% | idle  9.1% | ent 0.586
  upd  784 | return    0.100 | deliv   0.10 | blocked 37.3% | idle  5.5% | ent 0.549
  upd  785 | return    0.100 | deliv   0.10 | blocked 36.7% | idle  6.5% | ent 0.567
  upd  786 | return    0.000 | deliv   0.00 | blocked 47.4% | idle  5.4% | ent 0.504
  upd  787 | return    0.200 | deliv   0.20 | blocked 47.8% | idle  4.0% | ent 0.509
  upd  788 | return    0.100 | deliv   0.10 | blocked 58.6% | idle  3.1% | ent 0.440
  upd  789 | return    0.000 | deliv   0.00 | blocked 64.3% | idle  2.6% | ent 0.407
  upd  790 | return    0.000 | deliv   0.00 | blocked 61.7% | idle  3.1% | ent 0.412
  upd  791 | return    0.100 | deliv   0.10 | blocked 62.8% | idle  2.8% | ent 0.411
  upd  792 | return    0.200 | deliv   0.20 | blocked 65.5% | idle  3.3% | ent 0.398
  upd  793 | return    0.000 | deliv   0.00 | blocked 61.3% | idle  3.1% | ent 0.433
  upd  794 | return    0.100 | deliv   0.10 | blocked 65.9% | idle  2.3% | ent 0.405
  upd  795 | return    0.000 | deliv   0.00 | blocked 63.0% | idle  3.1% | ent 0.418
  upd  796 | return    0.000 | deliv   0.00 | blocked 73.0% | idle  1.5% | ent 0.414
  upd  797 | return    0.000 | deliv   0.00 | blocked 62.7% | idle  2.3% | ent 0.455
  upd  798 | return    0.100 | deliv   0.10 | blocked 66.3% | idle  2.9% | ent 0.462
  upd  799 | return    0.100 | deliv   0.10 | blocked 57.7% | idle  3.4% | ent 0.512
  upd  800 | return    0.200 | deliv   0.20 | blocked 64.7% | idle  1.9% | ent 0.491
  upd  801 | return    0.100 | deliv   0.10 | blocked 59.7% | idle  2.9% | ent 0.533
  upd  802 | return    0.100 | deliv   0.10 | blocked 64.4% | idle  2.1% | ent 0.551
  upd  803 | return    0.100 | deliv   0.10 | blocked 60.6% | idle  2.9% | ent 0.568
  upd  804 | return    0.000 | deliv   0.00 | blocked 60.6% | idle  3.4% | ent 0.544
  upd  805 | return    0.100 | deliv   0.10 | blocked 61.9% | idle  2.3% | ent 0.538
  upd  806 | return    0.200 | deliv   0.20 | blocked 56.8% | idle  3.0% | ent 0.561
  upd  807 | return    0.200 | deliv   0.20 | blocked 55.1% | idle  2.6% | ent 0.592
  upd  808 | return    0.400 | deliv   0.40 | blocked 44.1% | idle  4.4% | ent 0.665
  upd  809 | return    0.400 | deliv   0.40 | blocked 54.3% | idle  1.8% | ent 0.612
  upd  810 | return    0.000 | deliv   0.00 | blocked 40.2% | idle  2.9% | ent 0.662
  upd  811 | return    0.100 | deliv   0.10 | blocked 40.6% | idle  3.0% | ent 0.674
  upd  812 | return    0.100 | deliv   0.10 | blocked 34.6% | idle  3.1% | ent 0.692
  upd  813 | return    0.100 | deliv   0.10 | blocked 40.2% | idle  2.0% | ent 0.670
  upd  814 | return    0.100 | deliv   0.10 | blocked 35.8% | idle  2.3% | ent 0.666
  upd  815 | return    0.200 | deliv   0.20 | blocked 37.6% | idle  1.9% | ent 0.652
  upd  816 | return    0.000 | deliv   0.00 | blocked 29.8% | idle  2.2% | ent 0.682
  upd  817 | return    0.300 | deliv   0.30 | blocked 34.1% | idle  2.3% | ent 0.693
  upd  818 | return    0.100 | deliv   0.10 | blocked 33.1% | idle  1.8% | ent 0.689
  upd  819 | return    0.000 | deliv   0.00 | blocked 29.6% | idle  2.0% | ent 0.672
  upd  820 | return    0.200 | deliv   0.20 | blocked 29.5% | idle  2.5% | ent 0.713
  upd  821 | return    0.100 | deliv   0.10 | blocked 30.3% | idle  2.0% | ent 0.701
  upd  822 | return    0.400 | deliv   0.40 | blocked 31.2% | idle  2.1% | ent 0.703
  upd  823 | return    0.200 | deliv   0.20 | blocked 32.3% | idle  1.9% | ent 0.681
  upd  824 | return    0.200 | deliv   0.20 | blocked 33.1% | idle  2.2% | ent 0.677
  upd  825 | return    0.300 | deliv   0.30 | blocked 36.5% | idle  1.4% | ent 0.635
  upd  826 | return    0.000 | deliv   0.00 | blocked 39.1% | idle  2.0% | ent 0.631
  upd  827 | return    0.200 | deliv   0.20 | blocked 39.4% | idle  2.0% | ent 0.612
  upd  828 | return    0.100 | deliv   0.10 | blocked 40.0% | idle  1.7% | ent 0.601
  upd  829 | return    0.100 | deliv   0.10 | blocked 37.9% | idle  1.5% | ent 0.590
  upd  830 | return    0.000 | deliv   0.00 | blocked 36.1% | idle  2.0% | ent 0.612
  upd  831 | return    0.100 | deliv   0.10 | blocked 40.1% | idle  1.8% | ent 0.591
  upd  832 | return    0.100 | deliv   0.10 | blocked 40.2% | idle  2.3% | ent 0.584
  upd  833 | return    0.100 | deliv   0.10 | blocked 42.6% | idle  1.5% | ent 0.572
  upd  834 | return    0.000 | deliv   0.00 | blocked 44.3% | idle  1.6% | ent 0.563
  upd  835 | return    0.200 | deliv   0.20 | blocked 43.3% | idle  2.5% | ent 0.575
  upd  836 | return    0.100 | deliv   0.10 | blocked 45.5% | idle  1.1% | ent 0.512
  upd  837 | return    0.100 | deliv   0.10 | blocked 45.7% | idle  1.3% | ent 0.512
  upd  838 | return    0.000 | deliv   0.00 | blocked 41.5% | idle  2.4% | ent 0.546
  upd  839 | return    0.000 | deliv   0.00 | blocked 49.9% | idle  1.8% | ent 0.497
  upd  840 | return    0.000 | deliv   0.00 | blocked 53.8% | idle  1.6% | ent 0.493
  upd  841 | return    0.000 | deliv   0.00 | blocked 53.3% | idle  1.7% | ent 0.483
  upd  842 | return    0.000 | deliv   0.00 | blocked 51.2% | idle  1.7% | ent 0.483
  upd  843 | return    0.100 | deliv   0.10 | blocked 55.1% | idle  1.9% | ent 0.469
  upd  844 | return    0.000 | deliv   0.00 | blocked 58.3% | idle  1.1% | ent 0.427
  upd  845 | return    0.000 | deliv   0.00 | blocked 56.4% | idle  2.0% | ent 0.447
  upd  846 | return    0.000 | deliv   0.00 | blocked 57.2% | idle  1.8% | ent 0.426
  upd  847 | return    0.300 | deliv   0.30 | blocked 60.3% | idle  1.6% | ent 0.415
  upd  848 | return    0.100 | deliv   0.10 | blocked 56.6% | idle  2.3% | ent 0.440
  upd  849 | return    0.100 | deliv   0.10 | blocked 59.7% | idle  1.8% | ent 0.440
  upd  850 | return    0.200 | deliv   0.20 | blocked 54.0% | idle  2.1% | ent 0.495
  upd  851 | return    0.000 | deliv   0.00 | blocked 46.7% | idle  2.4% | ent 0.534
  upd  852 | return    0.200 | deliv   0.20 | blocked 45.4% | idle  3.3% | ent 0.579
  upd  853 | return    0.100 | deliv   0.10 | blocked 41.4% | idle  2.8% | ent 0.607
  upd  854 | return    0.100 | deliv   0.10 | blocked 40.4% | idle  2.2% | ent 0.647
  upd  855 | return    0.000 | deliv   0.00 | blocked 31.1% | idle  2.3% | ent 0.692
  upd  856 | return    0.200 | deliv   0.20 | blocked 27.5% | idle  3.3% | ent 0.745
  upd  857 | return    0.000 | deliv   0.00 | blocked 24.3% | idle  4.3% | ent 0.778
  upd  858 | return    0.300 | deliv   0.30 | blocked 22.6% | idle  4.2% | ent 0.786
  upd  859 | return    0.100 | deliv   0.10 | blocked 24.7% | idle  4.2% | ent 0.787
  upd  860 | return    0.300 | deliv   0.30 | blocked 28.6% | idle  2.7% | ent 0.754
  upd  861 | return    0.000 | deliv   0.00 | blocked 31.4% | idle  3.1% | ent 0.750
  upd  862 | return    0.300 | deliv   0.30 | blocked 34.4% | idle  1.5% | ent 0.709
  upd  863 | return    0.200 | deliv   0.20 | blocked 37.7% | idle  2.7% | ent 0.709
  upd  864 | return    0.300 | deliv   0.30 | blocked 42.9% | idle  2.1% | ent 0.655
  upd  865 | return    0.300 | deliv   0.30 | blocked 47.4% | idle  1.6% | ent 0.630
  upd  866 | return    0.400 | deliv   0.40 | blocked 48.9% | idle  1.4% | ent 0.635
  upd  867 | return    0.100 | deliv   0.10 | blocked 48.7% | idle  1.1% | ent 0.645
  upd  868 | return    0.100 | deliv   0.10 | blocked 48.1% | idle  1.6% | ent 0.677
  upd  869 | return    0.100 | deliv   0.10 | blocked 48.2% | idle  1.0% | ent 0.689
  upd  870 | return    0.100 | deliv   0.10 | blocked 45.9% | idle  1.2% | ent 0.707
  upd  871 | return    0.100 | deliv   0.10 | blocked 48.8% | idle  1.3% | ent 0.719
  upd  872 | return    0.400 | deliv   0.40 | blocked 46.8% | idle  1.4% | ent 0.730
  upd  873 | return    0.200 | deliv   0.20 | blocked 48.3% | idle  0.9% | ent 0.724
  upd  874 | return    0.200 | deliv   0.20 | blocked 49.8% | idle  1.2% | ent 0.718
  upd  875 | return    0.200 | deliv   0.20 | blocked 52.1% | idle  0.7% | ent 0.666
  upd  876 | return    0.100 | deliv   0.10 | blocked 53.5% | idle  0.9% | ent 0.619
  upd  877 | return    0.100 | deliv   0.10 | blocked 64.9% | idle  0.6% | ent 0.539
  upd  878 | return    0.100 | deliv   0.10 | blocked 68.0% | idle  0.7% | ent 0.480
  upd  879 | return    0.000 | deliv   0.00 | blocked 72.6% | idle  0.5% | ent 0.415
  upd  880 | return    0.200 | deliv   0.20 | blocked 72.6% | idle  0.2% | ent 0.372
  upd  881 | return    0.000 | deliv   0.00 | blocked 77.4% | idle  0.2% | ent 0.340
  upd  882 | return    0.000 | deliv   0.00 | blocked 79.3% | idle  0.3% | ent 0.308
  upd  883 | return    0.000 | deliv   0.00 | blocked 81.8% | idle  0.1% | ent 0.265
  upd  884 | return    0.100 | deliv   0.10 | blocked 80.9% | idle  0.3% | ent 0.265
  upd  885 | return    0.000 | deliv   0.00 | blocked 84.6% | idle  0.2% | ent 0.244
  upd  886 | return    0.000 | deliv   0.00 | blocked 87.2% | idle  0.3% | ent 0.228
  upd  887 | return    0.000 | deliv   0.00 | blocked 85.2% | idle  0.2% | ent 0.226
  upd  888 | return    0.100 | deliv   0.10 | blocked 86.8% | idle  0.2% | ent 0.205
  upd  889 | return    0.000 | deliv   0.00 | blocked 85.0% | idle  0.2% | ent 0.206
  upd  890 | return    0.000 | deliv   0.00 | blocked 87.1% | idle  0.1% | ent 0.191
  upd  891 | return    0.000 | deliv   0.00 | blocked 86.9% | idle  0.2% | ent 0.182
  upd  892 | return    0.000 | deliv   0.00 | blocked 89.9% | idle  0.1% | ent 0.165
  upd  893 | return    0.000 | deliv   0.00 | blocked 90.4% | idle  0.2% | ent 0.163
  upd  894 | return    0.000 | deliv   0.00 | blocked 88.9% | idle  0.2% | ent 0.161
  upd  895 | return    0.000 | deliv   0.00 | blocked 90.4% | idle  0.2% | ent 0.159
  upd  896 | return    0.000 | deliv   0.00 | blocked 89.0% | idle  0.2% | ent 0.148
  upd  897 | return    0.000 | deliv   0.00 | blocked 92.4% | idle  0.1% | ent 0.134
  upd  898 | return    0.100 | deliv   0.10 | blocked 87.8% | idle  0.1% | ent 0.143
  upd  899 | return    0.000 | deliv   0.00 | blocked 91.8% | idle  0.1% | ent 0.140
  upd  900 | return    0.000 | deliv   0.00 | blocked 88.8% | idle  0.2% | ent 0.143
  upd  901 | return    0.000 | deliv   0.00 | blocked 92.2% | idle  0.1% | ent 0.127
  upd  902 | return    0.000 | deliv   0.00 | blocked 91.2% | idle  0.2% | ent 0.137
  upd  903 | return    0.000 | deliv   0.00 | blocked 92.3% | idle  0.1% | ent 0.128
  upd  904 | return    0.000 | deliv   0.00 | blocked 91.6% | idle  0.1% | ent 0.130
  upd  905 | return    0.000 | deliv   0.00 | blocked 89.7% | idle  0.3% | ent 0.139
  upd  906 | return    0.000 | deliv   0.00 | blocked 89.6% | idle  0.2% | ent 0.132
  upd  907 | return    0.000 | deliv   0.00 | blocked 92.2% | idle  0.2% | ent 0.133
  upd  908 | return    0.000 | deliv   0.00 | blocked 87.7% | idle  0.2% | ent 0.136
  upd  909 | return    0.000 | deliv   0.00 | blocked 87.5% | idle  0.3% | ent 0.150
  upd  910 | return    0.100 | deliv   0.10 | blocked 91.6% | idle  0.3% | ent 0.136
  upd  911 | return    0.000 | deliv   0.00 | blocked 91.0% | idle  0.2% | ent 0.147
  upd  912 | return    0.000 | deliv   0.00 | blocked 91.7% | idle  0.2% | ent 0.140
  upd  913 | return    0.000 | deliv   0.00 | blocked 86.9% | idle  0.6% | ent 0.179
  upd  914 | return    0.000 | deliv   0.00 | blocked 88.6% | idle  0.3% | ent 0.155
  upd  915 | return    0.000 | deliv   0.00 | blocked 85.9% | idle  0.7% | ent 0.189
  upd  916 | return    0.000 | deliv   0.00 | blocked 84.7% | idle  0.4% | ent 0.177
  upd  917 | return    0.200 | deliv   0.20 | blocked 86.2% | idle  0.8% | ent 0.194
  upd  918 | return    0.000 | deliv   0.00 | blocked 83.9% | idle  0.9% | ent 0.205
  upd  919 | return    0.000 | deliv   0.00 | blocked 88.3% | idle  0.5% | ent 0.187
  upd  920 | return    0.000 | deliv   0.00 | blocked 86.0% | idle  0.5% | ent 0.193
  upd  921 | return    0.000 | deliv   0.00 | blocked 81.4% | idle  1.0% | ent 0.210
  upd  922 | return    0.000 | deliv   0.00 | blocked 83.1% | idle  1.1% | ent 0.223
  upd  923 | return    0.000 | deliv   0.00 | blocked 84.1% | idle  1.0% | ent 0.206
  upd  924 | return    0.000 | deliv   0.00 | blocked 82.6% | idle  1.0% | ent 0.209
  upd  925 | return    0.000 | deliv   0.00 | blocked 88.6% | idle  0.3% | ent 0.177
  upd  926 | return    0.000 | deliv   0.00 | blocked 84.8% | idle  0.8% | ent 0.193
  upd  927 | return    0.100 | deliv   0.10 | blocked 86.1% | idle  0.7% | ent 0.200
  upd  928 | return    0.000 | deliv   0.00 | blocked 75.9% | idle  2.5% | ent 0.277
  upd  929 | return    0.000 | deliv   0.00 | blocked 86.4% | idle  0.4% | ent 0.188
  upd  930 | return    0.000 | deliv   0.00 | blocked 86.5% | idle  0.6% | ent 0.200
  upd  931 | return    0.100 | deliv   0.10 | blocked 80.7% | idle  1.5% | ent 0.241
  upd  932 | return    0.100 | deliv   0.10 | blocked 83.4% | idle  1.1% | ent 0.234
  upd  933 | return    0.000 | deliv   0.00 | blocked 83.6% | idle  1.3% | ent 0.243
  upd  934 | return    0.000 | deliv   0.00 | blocked 81.3% | idle  1.3% | ent 0.245
  upd  935 | return    0.100 | deliv   0.10 | blocked 73.0% | idle  2.5% | ent 0.301
  upd  936 | return    0.000 | deliv   0.00 | blocked 72.4% | idle  2.4% | ent 0.308
  upd  937 | return    0.000 | deliv   0.00 | blocked 79.0% | idle  2.2% | ent 0.299
  upd  938 | return    0.000 | deliv   0.00 | blocked 76.8% | idle  2.4% | ent 0.317
  upd  939 | return    0.100 | deliv   0.10 | blocked 71.1% | idle  3.3% | ent 0.365
  upd  940 | return    0.000 | deliv   0.00 | blocked 71.2% | idle  3.1% | ent 0.363
  upd  941 | return    0.000 | deliv   0.00 | blocked 77.8% | idle  1.6% | ent 0.335
  upd  942 | return    0.100 | deliv   0.10 | blocked 70.5% | idle  2.2% | ent 0.355
  upd  943 | return    0.000 | deliv   0.00 | blocked 69.7% | idle  2.5% | ent 0.364
  upd  944 | return    0.000 | deliv   0.00 | blocked 72.2% | idle  2.0% | ent 0.370
  upd  945 | return    0.000 | deliv   0.00 | blocked 70.2% | idle  2.6% | ent 0.390
  upd  946 | return    0.000 | deliv   0.00 | blocked 67.3% | idle  3.0% | ent 0.392
  upd  947 | return    0.000 | deliv   0.00 | blocked 72.8% | idle  2.2% | ent 0.375
  upd  948 | return    0.100 | deliv   0.10 | blocked 65.5% | idle  3.4% | ent 0.401
  upd  949 | return    0.000 | deliv   0.00 | blocked 67.8% | idle  3.2% | ent 0.406
  upd  950 | return    0.100 | deliv   0.10 | blocked 72.5% | idle  1.7% | ent 0.360
  upd  951 | return    0.100 | deliv   0.10 | blocked 72.1% | idle  2.2% | ent 0.373
  upd  952 | return    0.000 | deliv   0.00 | blocked 70.5% | idle  2.6% | ent 0.391
  upd  953 | return    0.000 | deliv   0.00 | blocked 69.5% | idle  2.6% | ent 0.403
  upd  954 | return    0.000 | deliv   0.00 | blocked 69.7% | idle  2.5% | ent 0.399
  upd  955 | return    0.000 | deliv   0.00 | blocked 70.4% | idle  2.0% | ent 0.380
  upd  956 | return    0.100 | deliv   0.10 | blocked 72.0% | idle  2.2% | ent 0.399
  upd  957 | return    0.100 | deliv   0.10 | blocked 69.0% | idle  2.0% | ent 0.395
  upd  958 | return    0.000 | deliv   0.00 | blocked 68.9% | idle  2.3% | ent 0.418
  upd  959 | return    0.100 | deliv   0.10 | blocked 64.6% | idle  2.8% | ent 0.446
  upd  960 | return    0.000 | deliv   0.00 | blocked 73.1% | idle  1.0% | ent 0.425
  upd  961 | return    0.100 | deliv   0.10 | blocked 61.2% | idle  2.7% | ent 0.501
  upd  962 | return    0.000 | deliv   0.00 | blocked 58.9% | idle  2.7% | ent 0.529
  upd  963 | return    0.000 | deliv   0.00 | blocked 64.1% | idle  0.7% | ent 0.513
  upd  964 | return    0.000 | deliv   0.00 | blocked 53.1% | idle  3.3% | ent 0.575
  upd  965 | return    0.000 | deliv   0.00 | blocked 48.9% | idle  4.2% | ent 0.605
  upd  966 | return    0.200 | deliv   0.20 | blocked 54.1% | idle  2.5% | ent 0.584
  upd  967 | return    0.100 | deliv   0.10 | blocked 48.9% | idle  3.8% | ent 0.612
  upd  968 | return    0.200 | deliv   0.20 | blocked 43.9% | idle  4.9% | ent 0.668
  upd  969 | return    0.100 | deliv   0.10 | blocked 43.8% | idle  3.9% | ent 0.697
  upd  970 | return    0.100 | deliv   0.10 | blocked 40.5% | idle  3.5% | ent 0.720
  upd  971 | return    0.000 | deliv   0.00 | blocked 40.6% | idle  4.7% | ent 0.745
  upd  972 | return    0.300 | deliv   0.30 | blocked 39.4% | idle  4.5% | ent 0.756
  upd  973 | return    0.200 | deliv   0.20 | blocked 47.3% | idle  2.6% | ent 0.723
  upd  974 | return    0.000 | deliv   0.00 | blocked 45.2% | idle  3.6% | ent 0.711
  upd  975 | return    0.000 | deliv   0.00 | blocked 42.4% | idle  5.2% | ent 0.697
  upd  976 | return    0.100 | deliv   0.10 | blocked 48.2% | idle  4.2% | ent 0.663
  upd  977 | return    0.000 | deliv   0.00 | blocked 50.9% | idle  4.5% | ent 0.626
  upd  978 | return    0.100 | deliv   0.10 | blocked 59.5% | idle  2.7% | ent 0.565
  upd  979 | return    0.000 | deliv   0.00 | blocked 56.2% | idle  4.4% | ent 0.570
  upd  980 | return    0.100 | deliv   0.10 | blocked 58.7% | idle  3.7% | ent 0.531
  upd  981 | return    0.000 | deliv   0.00 | blocked 60.0% | idle  4.0% | ent 0.510
  upd  982 | return    0.300 | deliv   0.30 | blocked 67.7% | idle  3.1% | ent 0.462
  upd  983 | return    0.200 | deliv   0.20 | blocked 66.3% | idle  3.7% | ent 0.467
  upd  984 | return    0.100 | deliv   0.10 | blocked 64.3% | idle  4.0% | ent 0.502
  upd  985 | return    0.000 | deliv   0.00 | blocked 64.7% | idle  5.2% | ent 0.501
  upd  986 | return    0.100 | deliv   0.10 | blocked 67.0% | idle  4.0% | ent 0.480
  upd  987 | return    0.100 | deliv   0.10 | blocked 66.8% | idle  4.0% | ent 0.476
  upd  988 | return    0.000 | deliv   0.00 | blocked 71.4% | idle  2.7% | ent 0.456
  upd  989 | return    0.100 | deliv   0.10 | blocked 67.3% | idle  4.0% | ent 0.497
  upd  990 | return    0.000 | deliv   0.00 | blocked 65.2% | idle  4.1% | ent 0.505
  upd  991 | return    0.000 | deliv   0.00 | blocked 67.3% | idle  3.4% | ent 0.512
  upd  992 | return    0.200 | deliv   0.20 | blocked 62.7% | idle  4.2% | ent 0.557
  upd  993 | return    0.000 | deliv   0.00 | blocked 67.6% | idle  2.2% | ent 0.536
  upd  994 | return    0.100 | deliv   0.10 | blocked 63.9% | idle  2.8% | ent 0.557
  upd  995 | return    0.000 | deliv   0.00 | blocked 62.2% | idle  3.5% | ent 0.570
  upd  996 | return    0.100 | deliv   0.10 | blocked 62.2% | idle  3.4% | ent 0.587
  upd  997 | return    0.000 | deliv   0.00 | blocked 60.5% | idle  3.0% | ent 0.598
  upd  998 | return    0.200 | deliv   0.20 | blocked 55.8% | idle  5.0% | ent 0.621
  upd  999 | return    0.000 | deliv   0.00 | blocked 45.2% | idle  6.7% | ent 0.682
  upd 1000 | return    0.000 | deliv   0.00 | blocked 49.7% | idle  5.4% | ent 0.675
  upd 1001 | return    0.200 | deliv   0.20 | blocked 40.7% | idle  7.5% | ent 0.717
  upd 1002 | return    0.400 | deliv   0.40 | blocked 46.4% | idle  5.5% | ent 0.700
  upd 1003 | return    0.200 | deliv   0.20 | blocked 41.9% | idle  5.7% | ent 0.738
  upd 1004 | return    0.100 | deliv   0.10 | blocked 35.7% | idle  8.3% | ent 0.768
  upd 1005 | return    0.300 | deliv   0.30 | blocked 36.9% | idle  6.4% | ent 0.745
  upd 1006 | return    0.000 | deliv   0.00 | blocked 34.8% | idle  9.6% | ent 0.756
  upd 1007 | return    0.100 | deliv   0.10 | blocked 34.2% | idle  9.8% | ent 0.756
  upd 1008 | return    0.100 | deliv   0.10 | blocked 36.6% | idle  6.6% | ent 0.748
  upd 1009 | return    0.100 | deliv   0.10 | blocked 35.0% | idle  9.5% | ent 0.754
  upd 1010 | return    0.200 | deliv   0.20 | blocked 31.7% | idle 12.3% | ent 0.761
  upd 1011 | return    0.400 | deliv   0.40 | blocked 37.6% | idle  7.2% | ent 0.704
  upd 1012 | return    0.100 | deliv   0.10 | blocked 35.7% | idle  9.7% | ent 0.691
  upd 1013 | return    0.000 | deliv   0.00 | blocked 38.8% | idle 10.0% | ent 0.665
  upd 1014 | return    0.200 | deliv   0.20 | blocked 39.6% | idle 12.0% | ent 0.663
  upd 1015 | return    0.100 | deliv   0.10 | blocked 38.5% | idle 11.2% | ent 0.667
  upd 1016 | return    0.300 | deliv   0.30 | blocked 37.2% | idle 13.1% | ent 0.667
  upd 1017 | return    0.100 | deliv   0.10 | blocked 34.9% | idle 14.8% | ent 0.670
  upd 1018 | return    0.100 | deliv   0.10 | blocked 34.6% | idle 15.8% | ent 0.672
  upd 1019 | return    0.000 | deliv   0.00 | blocked 39.0% | idle 12.3% | ent 0.643
  upd 1020 | return    0.300 | deliv   0.30 | blocked 36.5% | idle 14.1% | ent 0.657
  upd 1021 | return    0.100 | deliv   0.10 | blocked 36.4% | idle 17.4% | ent 0.648
  upd 1022 | return    0.200 | deliv   0.20 | blocked 40.0% | idle 16.4% | ent 0.614
  upd 1023 | return    0.000 | deliv   0.00 | blocked 40.7% | idle 15.6% | ent 0.620
  upd 1024 | return    0.000 | deliv   0.00 | blocked 41.2% | idle 16.6% | ent 0.631
  upd 1025 | return    0.000 | deliv   0.00 | blocked 39.4% | idle 16.8% | ent 0.655
  upd 1026 | return    0.300 | deliv   0.30 | blocked 36.0% | idle 19.9% | ent 0.629
  upd 1027 | return    0.000 | deliv   0.00 | blocked 41.8% | idle 16.6% | ent 0.595
  upd 1028 | return    0.000 | deliv   0.00 | blocked 39.4% | idle 20.2% | ent 0.575
  upd 1029 | return    0.000 | deliv   0.00 | blocked 45.4% | idle 17.9% | ent 0.570
  upd 1030 | return    0.300 | deliv   0.30 | blocked 45.3% | idle 17.4% | ent 0.553
  upd 1031 | return    0.000 | deliv   0.00 | blocked 47.5% | idle 19.4% | ent 0.514
  upd 1032 | return    0.000 | deliv   0.00 | blocked 51.9% | idle 15.9% | ent 0.473
  upd 1033 | return    0.000 | deliv   0.00 | blocked 59.6% | idle 13.8% | ent 0.455
  upd 1034 | return    0.000 | deliv   0.00 | blocked 54.2% | idle 17.0% | ent 0.477
  upd 1035 | return    0.000 | deliv   0.00 | blocked 61.9% | idle 11.9% | ent 0.450
  upd 1036 | return    0.100 | deliv   0.10 | blocked 54.8% | idle 17.2% | ent 0.434
  upd 1037 | return    0.000 | deliv   0.00 | blocked 64.1% | idle 12.3% | ent 0.412
  upd 1038 | return    0.000 | deliv   0.00 | blocked 60.1% | idle 14.6% | ent 0.428
  upd 1039 | return    0.100 | deliv   0.10 | blocked 60.9% | idle 12.3% | ent 0.400
  upd 1040 | return    0.000 | deliv   0.00 | blocked 53.5% | idle 18.3% | ent 0.435
  upd 1041 | return    0.000 | deliv   0.00 | blocked 55.2% | idle 16.6% | ent 0.434
  upd 1042 | return    0.100 | deliv   0.10 | blocked 57.3% | idle 11.7% | ent 0.433
  upd 1043 | return    0.100 | deliv   0.10 | blocked 57.4% | idle 15.2% | ent 0.426
  upd 1044 | return    0.100 | deliv   0.10 | blocked 55.6% | idle 16.6% | ent 0.431
  upd 1045 | return    0.000 | deliv   0.00 | blocked 54.2% | idle 17.2% | ent 0.426
  upd 1046 | return    0.000 | deliv   0.00 | blocked 51.9% | idle 18.8% | ent 0.444
  upd 1047 | return    0.100 | deliv   0.10 | blocked 57.1% | idle 14.1% | ent 0.410
  upd 1048 | return    0.000 | deliv   0.00 | blocked 54.6% | idle 15.0% | ent 0.430
  upd 1049 | return    0.000 | deliv   0.00 | blocked 59.2% | idle 11.4% | ent 0.405
  upd 1050 | return    0.000 | deliv   0.00 | blocked 59.0% | idle 12.6% | ent 0.405
  upd 1051 | return    0.100 | deliv   0.10 | blocked 47.9% | idle 20.1% | ent 0.449
  upd 1052 | return    0.100 | deliv   0.10 | blocked 49.6% | idle 18.7% | ent 0.441
  upd 1053 | return    0.000 | deliv   0.00 | blocked 44.0% | idle 20.4% | ent 0.463
  upd 1054 | return    0.000 | deliv   0.00 | blocked 42.3% | idle 23.0% | ent 0.453
  upd 1055 | return    0.100 | deliv   0.10 | blocked 46.0% | idle 16.7% | ent 0.457
  upd 1056 | return    0.100 | deliv   0.10 | blocked 41.1% | idle 21.7% | ent 0.508
  upd 1057 | return    0.000 | deliv   0.00 | blocked 37.9% | idle 24.8% | ent 0.518
  upd 1058 | return    0.100 | deliv   0.10 | blocked 36.0% | idle 25.4% | ent 0.509
  upd 1059 | return    0.200 | deliv   0.20 | blocked 35.1% | idle 22.5% | ent 0.557
  upd 1060 | return    0.100 | deliv   0.10 | blocked 33.8% | idle 23.2% | ent 0.548
  upd 1061 | return    0.000 | deliv   0.00 | blocked 37.9% | idle 18.4% | ent 0.539
  upd 1062 | return    0.100 | deliv   0.10 | blocked 33.5% | idle 25.7% | ent 0.548
  upd 1063 | return    0.100 | deliv   0.10 | blocked 35.9% | idle 22.2% | ent 0.548
  upd 1064 | return    0.100 | deliv   0.10 | blocked 32.9% | idle 25.0% | ent 0.558
  upd 1065 | return    0.100 | deliv   0.10 | blocked 38.0% | idle 20.8% | ent 0.549
  upd 1066 | return    0.100 | deliv   0.10 | blocked 30.1% | idle 29.2% | ent 0.610
  upd 1067 | return    0.200 | deliv   0.20 | blocked 35.5% | idle 22.9% | ent 0.539
  upd 1068 | return    0.200 | deliv   0.20 | blocked 34.8% | idle 27.7% | ent 0.553
  upd 1069 | return    0.100 | deliv   0.10 | blocked 36.8% | idle 23.5% | ent 0.563
  upd 1070 | return    0.100 | deliv   0.10 | blocked 35.1% | idle 25.4% | ent 0.558
  upd 1071 | return    0.100 | deliv   0.10 | blocked 36.7% | idle 25.8% | ent 0.572
  upd 1072 | return    0.000 | deliv   0.00 | blocked 35.9% | idle 27.1% | ent 0.562
  upd 1073 | return    0.100 | deliv   0.10 | blocked 35.3% | idle 28.0% | ent 0.575
  upd 1074 | return    0.200 | deliv   0.20 | blocked 34.0% | idle 29.0% | ent 0.554
  upd 1075 | return    0.000 | deliv   0.00 | blocked 33.0% | idle 27.6% | ent 0.603
  upd 1076 | return    0.200 | deliv   0.20 | blocked 34.0% | idle 25.5% | ent 0.587
  upd 1077 | return    0.100 | deliv   0.10 | blocked 35.0% | idle 23.1% | ent 0.622
  upd 1078 | return    0.200 | deliv   0.20 | blocked 36.7% | idle 21.0% | ent 0.571
  upd 1079 | return    0.100 | deliv   0.10 | blocked 34.7% | idle 26.0% | ent 0.622
  upd 1080 | return    0.200 | deliv   0.20 | blocked 36.5% | idle 23.6% | ent 0.596
  upd 1081 | return    0.000 | deliv   0.00 | blocked 33.3% | idle 24.3% | ent 0.640
  upd 1082 | return    0.000 | deliv   0.00 | blocked 35.2% | idle 20.9% | ent 0.646
  upd 1083 | return    0.200 | deliv   0.20 | blocked 31.2% | idle 21.0% | ent 0.674
  upd 1084 | return    0.200 | deliv   0.20 | blocked 28.6% | idle 20.0% | ent 0.700
  upd 1085 | return    0.100 | deliv   0.10 | blocked 30.3% | idle 17.0% | ent 0.674
  upd 1086 | return    0.100 | deliv   0.10 | blocked 30.1% | idle 18.9% | ent 0.706
  upd 1087 | return    0.400 | deliv   0.40 | blocked 30.5% | idle 16.1% | ent 0.709
  upd 1088 | return    0.000 | deliv   0.00 | blocked 27.9% | idle 22.4% | ent 0.734
  upd 1089 | return    0.000 | deliv   0.00 | blocked 29.1% | idle 22.0% | ent 0.721
  upd 1090 | return    0.000 | deliv   0.00 | blocked 30.8% | idle 21.1% | ent 0.693
  upd 1091 | return    0.100 | deliv   0.10 | blocked 32.8% | idle 21.5% | ent 0.647
  upd 1092 | return    0.000 | deliv   0.00 | blocked 35.2% | idle 19.4% | ent 0.641
  upd 1093 | return    0.000 | deliv   0.00 | blocked 37.7% | idle 17.7% | ent 0.598
  upd 1094 | return    0.000 | deliv   0.00 | blocked 41.8% | idle 18.9% | ent 0.554
  upd 1095 | return    0.000 | deliv   0.00 | blocked 46.2% | idle 15.5% | ent 0.536
  upd 1096 | return    0.200 | deliv   0.20 | blocked 51.4% | idle 13.2% | ent 0.487
  upd 1097 | return    0.000 | deliv   0.00 | blocked 50.2% | idle 16.2% | ent 0.476
  upd 1098 | return    0.000 | deliv   0.00 | blocked 57.0% | idle 12.7% | ent 0.427
  upd 1099 | return    0.000 | deliv   0.00 | blocked 56.8% | idle 13.3% | ent 0.423
  upd 1100 | return    0.000 | deliv   0.00 | blocked 56.4% | idle 12.4% | ent 0.456
  upd 1101 | return    0.100 | deliv   0.10 | blocked 59.0% | idle 13.9% | ent 0.389
  upd 1102 | return    0.100 | deliv   0.10 | blocked 63.8% | idle 11.8% | ent 0.351
  upd 1103 | return    0.000 | deliv   0.00 | blocked 58.4% | idle 14.4% | ent 0.427
  upd 1104 | return    0.000 | deliv   0.00 | blocked 55.7% | idle 14.8% | ent 0.450
  upd 1105 | return    0.000 | deliv   0.00 | blocked 55.9% | idle 13.4% | ent 0.438
  upd 1106 | return    0.000 | deliv   0.00 | blocked 58.4% | idle 13.4% | ent 0.410
  upd 1107 | return    0.000 | deliv   0.00 | blocked 59.1% | idle 13.5% | ent 0.401
  upd 1108 | return    0.000 | deliv   0.00 | blocked 55.5% | idle 14.4% | ent 0.452
  upd 1109 | return    0.000 | deliv   0.00 | blocked 51.6% | idle 16.7% | ent 0.452
  upd 1110 | return    0.000 | deliv   0.00 | blocked 54.0% | idle 15.9% | ent 0.446
  upd 1111 | return    0.000 | deliv   0.00 | blocked 58.3% | idle 14.2% | ent 0.380
  upd 1112 | return    0.000 | deliv   0.00 | blocked 52.6% | idle 13.6% | ent 0.442
  upd 1113 | return    0.000 | deliv   0.00 | blocked 56.9% | idle 16.1% | ent 0.397
  upd 1114 | return    0.000 | deliv   0.00 | blocked 52.8% | idle 15.4% | ent 0.444
  upd 1115 | return    0.000 | deliv   0.00 | blocked 52.7% | idle 15.6% | ent 0.461
  upd 1116 | return    0.000 | deliv   0.00 | blocked 54.5% | idle 16.1% | ent 0.414
  upd 1117 | return    0.200 | deliv   0.20 | blocked 50.2% | idle 17.5% | ent 0.474
  upd 1118 | return    0.100 | deliv   0.10 | blocked 54.3% | idle 14.3% | ent 0.434
  upd 1119 | return    0.200 | deliv   0.20 | blocked 50.4% | idle 15.8% | ent 0.462
  upd 1120 | return    0.100 | deliv   0.10 | blocked 49.5% | idle 15.1% | ent 0.475
  upd 1121 | return    0.100 | deliv   0.10 | blocked 45.3% | idle 19.5% | ent 0.450
  upd 1122 | return    0.100 | deliv   0.10 | blocked 42.1% | idle 18.2% | ent 0.527
  upd 1123 | return    0.000 | deliv   0.00 | blocked 40.9% | idle 16.1% | ent 0.541
  upd 1124 | return    0.100 | deliv   0.10 | blocked 40.5% | idle 17.1% | ent 0.520
  upd 1125 | return    0.000 | deliv   0.00 | blocked 38.1% | idle 18.4% | ent 0.576
  upd 1126 | return    0.000 | deliv   0.00 | blocked 33.6% | idle 18.7% | ent 0.607
  upd 1127 | return    0.300 | deliv   0.30 | blocked 33.3% | idle 17.7% | ent 0.592
  upd 1128 | return    0.100 | deliv   0.10 | blocked 28.0% | idle 17.7% | ent 0.625
  upd 1129 | return    0.200 | deliv   0.20 | blocked 29.5% | idle 19.3% | ent 0.650
  upd 1130 | return    0.300 | deliv   0.30 | blocked 27.1% | idle 17.8% | ent 0.701
  upd 1131 | return    0.200 | deliv   0.20 | blocked 27.3% | idle 19.7% | ent 0.742
  upd 1132 | return    0.000 | deliv   0.00 | blocked 26.5% | idle 17.6% | ent 0.755
  upd 1133 | return    0.200 | deliv   0.20 | blocked 24.1% | idle 18.6% | ent 0.767
  upd 1134 | return    0.200 | deliv   0.20 | blocked 24.2% | idle 19.0% | ent 0.800
  upd 1135 | return    0.000 | deliv   0.00 | blocked 22.8% | idle 20.2% | ent 0.805
  upd 1136 | return    0.200 | deliv   0.20 | blocked 22.5% | idle 21.0% | ent 0.791
  upd 1137 | return    0.000 | deliv   0.00 | blocked 23.3% | idle 19.3% | ent 0.812
  upd 1138 | return    0.200 | deliv   0.20 | blocked 24.3% | idle 19.9% | ent 0.782
  upd 1139 | return    0.200 | deliv   0.20 | blocked 25.2% | idle 19.6% | ent 0.825
  upd 1140 | return    0.300 | deliv   0.30 | blocked 25.9% | idle 18.9% | ent 0.776
  upd 1141 | return    0.000 | deliv   0.00 | blocked 30.3% | idle 18.3% | ent 0.801
  upd 1142 | return    0.000 | deliv   0.00 | blocked 29.4% | idle 18.8% | ent 0.756
  upd 1143 | return    0.100 | deliv   0.10 | blocked 29.5% | idle 18.5% | ent 0.757
  upd 1144 | return    0.000 | deliv   0.00 | blocked 28.3% | idle 20.9% | ent 0.805
  upd 1145 | return    0.100 | deliv   0.10 | blocked 31.1% | idle 19.0% | ent 0.776
  upd 1146 | return    0.100 | deliv   0.10 | blocked 35.0% | idle 17.8% | ent 0.687
  upd 1147 | return    0.000 | deliv   0.00 | blocked 34.4% | idle 22.4% | ent 0.710
  upd 1148 | return    0.100 | deliv   0.10 | blocked 33.0% | idle 21.1% | ent 0.752
  upd 1149 | return    0.000 | deliv   0.00 | blocked 35.7% | idle 22.6% | ent 0.702
  upd 1150 | return    0.200 | deliv   0.20 | blocked 39.9% | idle 19.1% | ent 0.660
  upd 1151 | return    0.300 | deliv   0.30 | blocked 38.3% | idle 20.8% | ent 0.699
  upd 1152 | return    0.100 | deliv   0.10 | blocked 38.1% | idle 23.0% | ent 0.682
  upd 1153 | return    0.100 | deliv   0.10 | blocked 41.0% | idle 20.7% | ent 0.609
  upd 1154 | return    0.000 | deliv   0.00 | blocked 42.9% | idle 20.5% | ent 0.620
  upd 1155 | return    0.000 | deliv   0.00 | blocked 37.1% | idle 22.2% | ent 0.707
  upd 1156 | return    0.000 | deliv   0.00 | blocked 42.6% | idle 20.2% | ent 0.657
  upd 1157 | return    0.000 | deliv   0.00 | blocked 39.4% | idle 22.0% | ent 0.678
  upd 1158 | return    0.200 | deliv   0.20 | blocked 49.4% | idle 14.7% | ent 0.562
  upd 1159 | return    0.100 | deliv   0.10 | blocked 43.6% | idle 20.5% | ent 0.635
  upd 1160 | return    0.100 | deliv   0.10 | blocked 40.4% | idle 23.5% | ent 0.661
  upd 1161 | return    0.000 | deliv   0.00 | blocked 42.0% | idle 22.4% | ent 0.622
  upd 1162 | return    0.100 | deliv   0.10 | blocked 43.5% | idle 20.9% | ent 0.625
  upd 1163 | return    0.100 | deliv   0.10 | blocked 41.9% | idle 20.8% | ent 0.629
  upd 1164 | return    0.000 | deliv   0.00 | blocked 40.8% | idle 22.0% | ent 0.703
  upd 1165 | return    0.100 | deliv   0.10 | blocked 39.1% | idle 22.5% | ent 0.621
  upd 1166 | return    0.000 | deliv   0.00 | blocked 38.0% | idle 24.3% | ent 0.713
  upd 1167 | return    0.100 | deliv   0.10 | blocked 41.6% | idle 23.8% | ent 0.696
  upd 1168 | return    0.000 | deliv   0.00 | blocked 40.8% | idle 23.3% | ent 0.709
  upd 1169 | return    0.100 | deliv   0.10 | blocked 39.1% | idle 21.7% | ent 0.662
  upd 1170 | return    0.100 | deliv   0.10 | blocked 36.9% | idle 24.3% | ent 0.725
  upd 1171 | return    0.000 | deliv   0.00 | blocked 36.3% | idle 24.9% | ent 0.739
  upd 1172 | return    0.100 | deliv   0.10 | blocked 33.5% | idle 27.2% | ent 0.769
  upd 1173 | return    0.000 | deliv   0.00 | blocked 38.2% | idle 21.6% | ent 0.726
  upd 1174 | return    0.000 | deliv   0.00 | blocked 36.6% | idle 23.7% | ent 0.756
  upd 1175 | return    0.100 | deliv   0.10 | blocked 37.4% | idle 21.7% | ent 0.760
  upd 1176 | return    0.000 | deliv   0.00 | blocked 34.4% | idle 24.1% | ent 0.778
  upd 1177 | return    0.100 | deliv   0.10 | blocked 34.7% | idle 24.3% | ent 0.772
  upd 1178 | return    0.200 | deliv   0.20 | blocked 32.8% | idle 23.3% | ent 0.791
  upd 1179 | return    0.000 | deliv   0.00 | blocked 36.0% | idle 19.9% | ent 0.780
  upd 1180 | return    0.300 | deliv   0.30 | blocked 35.4% | idle 20.7% | ent 0.808
  upd 1181 | return    0.200 | deliv   0.20 | blocked 38.6% | idle 16.9% | ent 0.733
  upd 1182 | return    0.300 | deliv   0.30 | blocked 32.2% | idle 19.1% | ent 0.747
  upd 1183 | return    0.400 | deliv   0.40 | blocked 31.5% | idle 18.8% | ent 0.765
  upd 1184 | return    0.200 | deliv   0.20 | blocked 33.4% | idle 16.4% | ent 0.749
  upd 1185 | return    0.400 | deliv   0.40 | blocked 29.1% | idle 20.9% | ent 0.786
  upd 1186 | return    0.200 | deliv   0.20 | blocked 35.1% | idle 17.9% | ent 0.734
  upd 1187 | return    0.200 | deliv   0.20 | blocked 33.0% | idle 19.4% | ent 0.756
  upd 1188 | return    0.200 | deliv   0.20 | blocked 38.5% | idle 18.3% | ent 0.787
  upd 1189 | return    0.000 | deliv   0.00 | blocked 40.6% | idle 17.6% | ent 0.794
  upd 1190 | return    0.200 | deliv   0.20 | blocked 38.2% | idle 17.9% | ent 0.776
  upd 1191 | return    0.000 | deliv   0.00 | blocked 39.7% | idle 17.0% | ent 0.830
  upd 1192 | return    0.200 | deliv   0.20 | blocked 38.0% | idle 17.0% | ent 0.859
  upd 1193 | return    0.000 | deliv   0.00 | blocked 41.6% | idle 15.5% | ent 0.879
  upd 1194 | return    0.000 | deliv   0.00 | blocked 38.4% | idle 16.2% | ent 0.868
  upd 1195 | return    0.100 | deliv   0.10 | blocked 38.4% | idle 15.8% | ent 0.874
  upd 1196 | return    0.200 | deliv   0.20 | blocked 35.4% | idle 16.7% | ent 0.871
  upd 1197 | return    0.300 | deliv   0.30 | blocked 36.6% | idle 15.7% | ent 0.877
  upd 1198 | return    0.100 | deliv   0.10 | blocked 36.8% | idle 18.0% | ent 0.859
  upd 1199 | return    0.200 | deliv   0.20 | blocked 36.4% | idle 16.1% | ent 0.860
  upd 1200 | return    0.500 | deliv   0.50 | blocked 37.9% | idle 16.6% | ent 0.786
  upd 1201 | return    0.200 | deliv   0.20 | blocked 37.0% | idle 19.8% | ent 0.740
  upd 1202 | return    0.000 | deliv   0.00 | blocked 39.3% | idle 14.9% | ent 0.760
  upd 1203 | return    0.000 | deliv   0.00 | blocked 35.0% | idle 17.7% | ent 0.776
  upd 1204 | return    0.000 | deliv   0.00 | blocked 33.2% | idle 16.8% | ent 0.793
  upd 1205 | return    0.200 | deliv   0.20 | blocked 29.4% | idle 16.3% | ent 0.709
  upd 1206 | return    0.100 | deliv   0.10 | blocked 29.2% | idle 17.7% | ent 0.755
  upd 1207 | return    0.500 | deliv   0.50 | blocked 27.8% | idle 11.7% | ent 0.674
  upd 1208 | return    0.100 | deliv   0.10 | blocked 25.7% | idle 14.4% | ent 0.697
  upd 1209 | return    0.000 | deliv   0.00 | blocked 25.3% | idle 13.5% | ent 0.746
  upd 1210 | return    0.400 | deliv   0.40 | blocked 22.8% | idle 14.8% | ent 0.786
  upd 1211 | return    0.000 | deliv   0.00 | blocked 23.8% | idle 17.8% | ent 0.785
  upd 1212 | return    0.100 | deliv   0.10 | blocked 23.2% | idle 16.2% | ent 0.756
  upd 1213 | return    0.200 | deliv   0.20 | blocked 22.8% | idle 17.3% | ent 0.798
  upd 1214 | return    0.000 | deliv   0.00 | blocked 23.9% | idle 16.3% | ent 0.792
  upd 1215 | return    0.200 | deliv   0.20 | blocked 23.5% | idle 20.0% | ent 0.824
  upd 1216 | return    0.000 | deliv   0.00 | blocked 23.6% | idle 20.3% | ent 0.802
  upd 1217 | return    0.000 | deliv   0.00 | blocked 25.1% | idle 23.4% | ent 0.831
  upd 1218 | return    0.200 | deliv   0.20 | blocked 22.6% | idle 25.4% | ent 0.815
  upd 1219 | return    0.200 | deliv   0.20 | blocked 26.3% | idle 19.9% | ent 0.775
  upd 1220 | return    0.100 | deliv   0.10 | blocked 25.0% | idle 21.8% | ent 0.777
  upd 1221 | return    0.300 | deliv   0.30 | blocked 27.6% | idle 20.0% | ent 0.772
  upd 1222 | return    0.200 | deliv   0.20 | blocked 28.3% | idle 21.7% | ent 0.776
  upd 1223 | return    0.000 | deliv   0.00 | blocked 32.2% | idle 23.7% | ent 0.800
  upd 1224 | return    0.200 | deliv   0.20 | blocked 32.2% | idle 23.5% | ent 0.771
  upd 1225 | return    0.300 | deliv   0.30 | blocked 33.1% | idle 21.5% | ent 0.752
  upd 1226 | return    0.000 | deliv   0.00 | blocked 30.5% | idle 26.3% | ent 0.701
  upd 1227 | return    0.000 | deliv   0.00 | blocked 32.3% | idle 26.0% | ent 0.732
  upd 1228 | return    0.100 | deliv   0.10 | blocked 35.2% | idle 23.7% | ent 0.677
  upd 1229 | return    0.100 | deliv   0.10 | blocked 33.8% | idle 26.2% | ent 0.644
  upd 1230 | return    0.200 | deliv   0.20 | blocked 33.8% | idle 26.4% | ent 0.652
  upd 1231 | return    0.100 | deliv   0.10 | blocked 35.2% | idle 26.0% | ent 0.625
  upd 1232 | return    0.100 | deliv   0.10 | blocked 37.4% | idle 26.1% | ent 0.603
  upd 1233 | return    0.000 | deliv   0.00 | blocked 37.1% | idle 28.4% | ent 0.647
  upd 1234 | return    0.200 | deliv   0.20 | blocked 36.3% | idle 23.1% | ent 0.546
  upd 1235 | return    0.300 | deliv   0.30 | blocked 33.8% | idle 28.8% | ent 0.602
  upd 1236 | return    0.100 | deliv   0.10 | blocked 37.4% | idle 27.4% | ent 0.562
  upd 1237 | return    0.300 | deliv   0.30 | blocked 34.3% | idle 26.6% | ent 0.565
  upd 1238 | return    0.000 | deliv   0.00 | blocked 38.0% | idle 24.0% | ent 0.571
  upd 1239 | return    0.500 | deliv   0.50 | blocked 38.1% | idle 25.1% | ent 0.562
  upd 1240 | return    0.200 | deliv   0.20 | blocked 38.9% | idle 25.3% | ent 0.592
  upd 1241 | return    0.000 | deliv   0.00 | blocked 37.4% | idle 25.9% | ent 0.585
  upd 1242 | return    0.100 | deliv   0.10 | blocked 36.1% | idle 28.4% | ent 0.626
  upd 1243 | return    0.100 | deliv   0.10 | blocked 36.3% | idle 27.0% | ent 0.531
  upd 1244 | return    0.100 | deliv   0.10 | blocked 40.0% | idle 23.0% | ent 0.554
  upd 1245 | return    0.400 | deliv   0.40 | blocked 38.9% | idle 20.3% | ent 0.515
  upd 1246 | return    0.300 | deliv   0.30 | blocked 41.2% | idle 18.5% | ent 0.512
  upd 1247 | return    0.100 | deliv   0.10 | blocked 38.2% | idle 21.5% | ent 0.553
  upd 1248 | return    0.100 | deliv   0.10 | blocked 38.7% | idle 21.4% | ent 0.569
  upd 1249 | return    0.400 | deliv   0.40 | blocked 37.4% | idle 17.7% | ent 0.534
  upd 1250 | return    0.400 | deliv   0.40 | blocked 36.6% | idle 21.8% | ent 0.577
  upd 1251 | return    0.000 | deliv   0.00 | blocked 32.7% | idle 23.2% | ent 0.669
  upd 1252 | return    0.200 | deliv   0.20 | blocked 33.3% | idle 17.7% | ent 0.561
  upd 1253 | return    0.500 | deliv   0.50 | blocked 30.4% | idle 17.3% | ent 0.601
  upd 1254 | return    0.300 | deliv   0.30 | blocked 29.5% | idle 14.5% | ent 0.584
  upd 1255 | return    0.300 | deliv   0.30 | blocked 27.5% | idle 13.9% | ent 0.607
  upd 1256 | return    0.100 | deliv   0.10 | blocked 28.0% | idle 17.6% | ent 0.639
  upd 1257 | return    0.500 | deliv   0.50 | blocked 27.8% | idle 15.0% | ent 0.634
  upd 1258 | return    0.200 | deliv   0.20 | blocked 28.7% | idle 14.3% | ent 0.604
  upd 1259 | return    0.400 | deliv   0.40 | blocked 27.3% | idle 17.6% | ent 0.657
  upd 1260 | return    0.000 | deliv   0.00 | blocked 31.8% | idle 15.1% | ent 0.624
  upd 1261 | return    0.300 | deliv   0.30 | blocked 33.3% | idle 16.4% | ent 0.632
  upd 1262 | return    0.200 | deliv   0.20 | blocked 34.6% | idle 17.2% | ent 0.634
  upd 1263 | return    0.200 | deliv   0.20 | blocked 32.6% | idle 20.6% | ent 0.688
  upd 1264 | return    0.200 | deliv   0.20 | blocked 32.6% | idle 21.5% | ent 0.678
  upd 1265 | return    0.200 | deliv   0.20 | blocked 33.9% | idle 21.0% | ent 0.683
  upd 1266 | return    0.200 | deliv   0.20 | blocked 36.0% | idle 17.1% | ent 0.660
  upd 1267 | return    0.200 | deliv   0.20 | blocked 34.7% | idle 20.3% | ent 0.726
  upd 1268 | return    0.000 | deliv   0.00 | blocked 36.5% | idle 18.1% | ent 0.698
  upd 1269 | return    0.400 | deliv   0.40 | blocked 36.2% | idle 18.4% | ent 0.708
  upd 1270 | return    0.400 | deliv   0.40 | blocked 34.1% | idle 20.3% | ent 0.682
  upd 1271 | return    0.500 | deliv   0.50 | blocked 35.0% | idle 23.1% | ent 0.731
  upd 1272 | return    0.400 | deliv   0.40 | blocked 37.9% | idle 18.7% | ent 0.658
  upd 1273 | return    0.400 | deliv   0.40 | blocked 37.4% | idle 18.5% | ent 0.641
  upd 1274 | return    0.100 | deliv   0.10 | blocked 35.5% | idle 21.7% | ent 0.670
  upd 1275 | return    0.500 | deliv   0.50 | blocked 39.8% | idle 16.5% | ent 0.597
  upd 1276 | return    0.400 | deliv   0.40 | blocked 42.5% | idle 16.6% | ent 0.561
  upd 1277 | return    0.500 | deliv   0.50 | blocked 40.5% | idle 19.5% | ent 0.592
  upd 1278 | return    0.400 | deliv   0.40 | blocked 42.0% | idle 17.0% | ent 0.515
  upd 1279 | return    0.200 | deliv   0.20 | blocked 43.2% | idle 17.1% | ent 0.532
  upd 1280 | return    0.300 | deliv   0.30 | blocked 45.4% | idle 16.7% | ent 0.496
  upd 1281 | return    0.200 | deliv   0.20 | blocked 47.9% | idle 12.5% | ent 0.440
  upd 1282 | return    0.300 | deliv   0.30 | blocked 48.8% | idle 11.6% | ent 0.431
  upd 1283 | return    0.400 | deliv   0.40 | blocked 49.1% | idle 15.1% | ent 0.468
  upd 1284 | return    0.200 | deliv   0.20 | blocked 51.1% | idle 10.8% | ent 0.409
  upd 1285 | return    0.300 | deliv   0.30 | blocked 53.6% | idle  9.8% | ent 0.401
  upd 1286 | return    0.200 | deliv   0.20 | blocked 49.9% | idle 16.2% | ent 0.501
  upd 1287 | return    0.300 | deliv   0.30 | blocked 48.8% | idle 11.5% | ent 0.468
  upd 1288 | return    0.100 | deliv   0.10 | blocked 45.8% | idle 13.7% | ent 0.501
  upd 1289 | return    0.200 | deliv   0.20 | blocked 42.4% | idle 15.8% | ent 0.550
  upd 1290 | return    0.500 | deliv   0.50 | blocked 41.7% | idle 14.4% | ent 0.545
  upd 1291 | return    0.900 | deliv   0.90 | blocked 39.4% | idle 15.0% | ent 0.568
  upd 1292 | return    0.500 | deliv   0.50 | blocked 35.7% | idle 16.3% | ent 0.628
  upd 1293 | return    0.700 | deliv   0.70 | blocked 30.3% | idle 15.9% | ent 0.665
  upd 1294 | return    0.200 | deliv   0.20 | blocked 27.4% | idle 13.2% | ent 0.651
  upd 1295 | return    0.500 | deliv   0.50 | blocked 25.7% | idle 12.7% | ent 0.669
  upd 1296 | return    0.500 | deliv   0.50 | blocked 25.5% | idle  7.2% | ent 0.648
  upd 1297 | return    0.600 | deliv   0.60 | blocked 22.0% | idle 13.5% | ent 0.697
  upd 1298 | return    0.400 | deliv   0.40 | blocked 21.1% | idle 13.8% | ent 0.692
  upd 1299 | return    0.400 | deliv   0.40 | blocked 22.8% | idle  7.9% | ent 0.658
  upd 1300 | return    0.100 | deliv   0.10 | blocked 21.7% | idle 10.0% | ent 0.683
  upd 1301 | return    0.300 | deliv   0.30 | blocked 22.2% | idle 11.9% | ent 0.693
  upd 1302 | return    0.900 | deliv   0.90 | blocked 20.3% | idle 16.3% | ent 0.695
  upd 1303 | return    0.700 | deliv   0.70 | blocked 18.3% | idle 15.8% | ent 0.718
  upd 1304 | return    0.300 | deliv   0.30 | blocked 19.1% | idle 15.9% | ent 0.725
  upd 1305 | return    0.500 | deliv   0.50 | blocked 19.6% | idle 17.5% | ent 0.726
  upd 1306 | return    0.600 | deliv   0.60 | blocked 19.4% | idle 14.8% | ent 0.721
  upd 1307 | return    0.100 | deliv   0.10 | blocked 19.8% | idle 17.3% | ent 0.726
  upd 1308 | return    0.500 | deliv   0.50 | blocked 20.6% | idle 16.7% | ent 0.712
  upd 1309 | return    0.600 | deliv   0.60 | blocked 21.8% | idle 17.6% | ent 0.710
  upd 1310 | return    0.500 | deliv   0.50 | blocked 26.1% | idle 22.9% | ent 0.730
  upd 1311 | return    0.500 | deliv   0.50 | blocked 25.8% | idle 26.1% | ent 0.728
  upd 1312 | return    0.200 | deliv   0.20 | blocked 28.3% | idle 25.0% | ent 0.731
  upd 1313 | return    0.300 | deliv   0.30 | blocked 33.8% | idle 20.0% | ent 0.690
  upd 1314 | return    0.600 | deliv   0.60 | blocked 36.6% | idle 21.2% | ent 0.687
  upd 1315 | return    0.500 | deliv   0.50 | blocked 35.0% | idle 19.9% | ent 0.730
  upd 1316 | return    0.400 | deliv   0.40 | blocked 38.7% | idle 18.4% | ent 0.709
  upd 1317 | return    0.600 | deliv   0.60 | blocked 38.2% | idle 19.9% | ent 0.745
  upd 1318 | return    0.100 | deliv   0.10 | blocked 40.7% | idle 16.9% | ent 0.728
  upd 1319 | return    0.300 | deliv   0.30 | blocked 42.7% | idle 15.8% | ent 0.723
  upd 1320 | return    0.500 | deliv   0.50 | blocked 47.3% | idle 15.0% | ent 0.719
  upd 1321 | return    0.300 | deliv   0.30 | blocked 43.5% | idle 14.6% | ent 0.744
  upd 1322 | return    0.200 | deliv   0.20 | blocked 46.0% | idle 14.2% | ent 0.747
  upd 1323 | return    0.400 | deliv   0.40 | blocked 45.3% | idle 13.7% | ent 0.795
  upd 1324 | return    0.000 | deliv   0.00 | blocked 48.5% | idle 11.1% | ent 0.669
  upd 1325 | return    0.400 | deliv   0.40 | blocked 47.7% | idle 10.6% | ent 0.677
  upd 1326 | return    0.100 | deliv   0.10 | blocked 45.9% | idle 11.7% | ent 0.744
  upd 1327 | return    0.300 | deliv   0.30 | blocked 47.0% | idle 10.2% | ent 0.648
  upd 1328 | return    0.100 | deliv   0.10 | blocked 44.9% | idle 12.5% | ent 0.682
  upd 1329 | return    0.400 | deliv   0.40 | blocked 45.9% | idle 11.0% | ent 0.670
  upd 1330 | return    0.400 | deliv   0.40 | blocked 48.0% | idle 11.2% | ent 0.679
  upd 1331 | return    0.300 | deliv   0.30 | blocked 43.8% | idle 13.7% | ent 0.747
  upd 1332 | return    0.300 | deliv   0.30 | blocked 44.7% | idle 13.0% | ent 0.699
  upd 1333 | return    0.300 | deliv   0.30 | blocked 40.6% | idle 15.4% | ent 0.708
  upd 1334 | return    0.200 | deliv   0.20 | blocked 47.3% | idle 12.8% | ent 0.593
  upd 1335 | return    0.400 | deliv   0.40 | blocked 39.2% | idle 16.4% | ent 0.679
  upd 1336 | return    0.400 | deliv   0.40 | blocked 40.3% | idle 16.9% | ent 0.700
  upd 1337 | return    0.400 | deliv   0.40 | blocked 46.2% | idle 13.5% | ent 0.602
  upd 1338 | return    0.300 | deliv   0.30 | blocked 40.3% | idle 18.8% | ent 0.685
  upd 1339 | return    0.600 | deliv   0.60 | blocked 45.1% | idle 14.1% | ent 0.571
  upd 1340 | return    0.400 | deliv   0.40 | blocked 44.2% | idle 17.7% | ent 0.636
  upd 1341 | return    0.200 | deliv   0.20 | blocked 35.4% | idle 21.8% | ent 0.758
  upd 1342 | return    0.500 | deliv   0.50 | blocked 44.4% | idle 14.7% | ent 0.567
  upd 1343 | return    0.300 | deliv   0.30 | blocked 37.6% | idle 21.1% | ent 0.730
  upd 1344 | return    0.100 | deliv   0.10 | blocked 44.8% | idle 15.7% | ent 0.650
  upd 1345 | return    0.100 | deliv   0.10 | blocked 42.2% | idle 16.1% | ent 0.660
  upd 1346 | return    0.300 | deliv   0.30 | blocked 41.6% | idle 13.9% | ent 0.648
  upd 1347 | return    0.200 | deliv   0.20 | blocked 41.0% | idle 16.0% | ent 0.701
  upd 1348 | return    0.400 | deliv   0.40 | blocked 42.1% | idle 14.0% | ent 0.655
  upd 1349 | return    0.400 | deliv   0.40 | blocked 44.0% | idle 12.1% | ent 0.644
  upd 1350 | return    0.400 | deliv   0.40 | blocked 46.3% | idle 11.3% | ent 0.609
  upd 1351 | return    0.300 | deliv   0.30 | blocked 46.4% | idle  8.6% | ent 0.578
  upd 1352 | return    0.300 | deliv   0.30 | blocked 42.6% | idle 10.3% | ent 0.661
  upd 1353 | return    0.500 | deliv   0.50 | blocked 43.1% | idle 12.0% | ent 0.665
  upd 1354 | return    0.800 | deliv   0.80 | blocked 42.0% | idle  8.3% | ent 0.589
  upd 1355 | return    0.000 | deliv   0.00 | blocked 37.4% | idle 11.2% | ent 0.629
  upd 1356 | return    0.800 | deliv   0.80 | blocked 37.9% | idle  9.6% | ent 0.605
  upd 1357 | return    0.600 | deliv   0.60 | blocked 36.6% | idle  9.1% | ent 0.613
  upd 1358 | return    0.900 | deliv   0.90 | blocked 32.6% | idle 13.1% | ent 0.720
  upd 1359 | return    0.800 | deliv   0.80 | blocked 31.2% | idle  6.9% | ent 0.639
  upd 1360 | return    0.800 | deliv   0.80 | blocked 29.0% | idle  6.9% | ent 0.663
  upd 1361 | return    0.700 | deliv   0.70 | blocked 27.5% | idle 10.2% | ent 0.755
  upd 1362 | return    0.500 | deliv   0.50 | blocked 28.7% | idle  9.2% | ent 0.769
  upd 1363 | return    0.600 | deliv   0.60 | blocked 28.8% | idle  9.4% | ent 0.755
  upd 1364 | return    1.000 | deliv   1.00 | blocked 29.4% | idle  5.3% | ent 0.687
  upd 1365 | return    0.400 | deliv   0.40 | blocked 27.8% | idle  9.4% | ent 0.722
  upd 1366 | return    0.700 | deliv   0.70 | blocked 31.6% | idle  7.6% | ent 0.746
  upd 1367 | return    0.200 | deliv   0.20 | blocked 31.5% | idle  6.7% | ent 0.681
  upd 1368 | return    0.700 | deliv   0.70 | blocked 34.2% | idle  6.9% | ent 0.663
  upd 1369 | return    0.700 | deliv   0.70 | blocked 36.1% | idle  7.7% | ent 0.698
  upd 1370 | return    0.300 | deliv   0.30 | blocked 39.8% | idle  7.1% | ent 0.601
  upd 1371 | return    1.200 | deliv   1.20 | blocked 44.0% | idle  8.7% | ent 0.622
  upd 1372 | return    0.400 | deliv   0.40 | blocked 48.1% | idle  8.5% | ent 0.624
  upd 1373 | return    0.400 | deliv   0.40 | blocked 47.8% | idle 10.4% | ent 0.630
  upd 1374 | return    0.400 | deliv   0.40 | blocked 53.3% | idle  9.1% | ent 0.611
  upd 1375 | return    0.600 | deliv   0.60 | blocked 55.2% | idle 11.0% | ent 0.672
  upd 1376 | return    0.400 | deliv   0.40 | blocked 56.6% | idle  9.9% | ent 0.605
  upd 1377 | return    0.300 | deliv   0.30 | blocked 57.3% | idle  9.1% | ent 0.550
  upd 1378 | return    0.700 | deliv   0.70 | blocked 53.6% | idle 11.3% | ent 0.656
  upd 1379 | return    0.700 | deliv   0.70 | blocked 60.0% | idle  8.6% | ent 0.551
  upd 1380 | return    0.400 | deliv   0.40 | blocked 56.8% | idle 10.1% | ent 0.593
  upd 1381 | return    0.200 | deliv   0.20 | blocked 55.3% | idle  8.8% | ent 0.524
  upd 1382 | return    0.400 | deliv   0.40 | blocked 49.7% | idle  8.9% | ent 0.538
  upd 1383 | return    0.500 | deliv   0.50 | blocked 47.8% | idle 10.6% | ent 0.609
  upd 1384 | return    0.200 | deliv   0.20 | blocked 46.1% | idle  9.6% | ent 0.537
  upd 1385 | return    0.500 | deliv   0.50 | blocked 46.2% | idle  8.4% | ent 0.532
  upd 1386 | return    0.600 | deliv   0.60 | blocked 49.3% | idle  8.4% | ent 0.551
  upd 1387 | return    0.400 | deliv   0.40 | blocked 47.0% | idle 10.2% | ent 0.612
  upd 1388 | return    0.100 | deliv   0.10 | blocked 46.5% | idle 10.4% | ent 0.628
  upd 1389 | return    0.400 | deliv   0.40 | blocked 44.1% | idle  9.3% | ent 0.556
  upd 1390 | return    0.700 | deliv   0.70 | blocked 45.5% | idle  8.2% | ent 0.564
  upd 1391 | return    0.600 | deliv   0.60 | blocked 41.7% | idle  9.5% | ent 0.583
  upd 1392 | return    0.500 | deliv   0.50 | blocked 41.2% | idle  9.4% | ent 0.592
  upd 1393 | return    0.500 | deliv   0.50 | blocked 41.9% | idle  8.8% | ent 0.593
  upd 1394 | return    0.800 | deliv   0.80 | blocked 40.5% | idle  9.4% | ent 0.587
  upd 1395 | return    0.500 | deliv   0.50 | blocked 37.9% | idle 10.5% | ent 0.639
  upd 1396 | return    0.300 | deliv   0.30 | blocked 40.9% | idle  8.0% | ent 0.582
  upd 1397 | return    0.500 | deliv   0.50 | blocked 40.7% | idle  5.9% | ent 0.545
  upd 1398 | return    0.700 | deliv   0.70 | blocked 43.7% | idle  6.5% | ent 0.551
  upd 1399 | return    0.400 | deliv   0.40 | blocked 47.4% | idle  7.2% | ent 0.567
  upd 1400 | return    0.800 | deliv   0.80 | blocked 45.7% | idle  7.2% | ent 0.567
  upd 1401 | return    0.800 | deliv   0.80 | blocked 46.8% | idle  8.3% | ent 0.624
  upd 1402 | return    0.700 | deliv   0.70 | blocked 45.6% | idle  7.1% | ent 0.593
  upd 1403 | return    1.100 | deliv   1.10 | blocked 47.5% | idle  6.6% | ent 0.549
  upd 1404 | return    0.900 | deliv   0.90 | blocked 46.4% | idle  6.9% | ent 0.557
  upd 1405 | return    0.700 | deliv   0.70 | blocked 43.5% | idle  8.4% | ent 0.631
  upd 1406 | return    1.100 | deliv   1.10 | blocked 41.7% | idle  6.6% | ent 0.631
  upd 1407 | return    1.000 | deliv   1.00 | blocked 42.6% | idle  4.3% | ent 0.599
  upd 1408 | return    0.700 | deliv   0.70 | blocked 44.7% | idle  6.8% | ent 0.659
  upd 1409 | return    1.000 | deliv   1.00 | blocked 42.8% | idle  5.8% | ent 0.661
  upd 1410 | return    0.600 | deliv   0.60 | blocked 41.0% | idle  5.2% | ent 0.649
  upd 1411 | return    0.600 | deliv   0.60 | blocked 41.8% | idle  6.5% | ent 0.655
  upd 1412 | return    1.000 | deliv   1.00 | blocked 44.7% | idle  6.3% | ent 0.628
  upd 1413 | return    0.700 | deliv   0.70 | blocked 47.4% | idle  6.3% | ent 0.616
  upd 1414 | return    0.400 | deliv   0.40 | blocked 52.3% | idle  6.8% | ent 0.643
  upd 1415 | return    0.400 | deliv   0.40 | blocked 53.2% | idle  6.9% | ent 0.595
  upd 1416 | return    0.700 | deliv   0.70 | blocked 49.9% | idle  3.8% | ent 0.510
  upd 1417 | return    0.500 | deliv   0.50 | blocked 53.8% | idle  6.7% | ent 0.617
  upd 1418 | return    1.100 | deliv   1.10 | blocked 54.1% | idle  6.0% | ent 0.566
  upd 1419 | return    1.000 | deliv   1.00 | blocked 55.6% | idle  5.5% | ent 0.547
  upd 1420 | return    0.400 | deliv   0.40 | blocked 49.2% | idle  4.4% | ent 0.518
  upd 1421 | return    1.100 | deliv   1.10 | blocked 52.8% | idle  5.6% | ent 0.545
  upd 1422 | return    0.900 | deliv   0.90 | blocked 49.3% | idle  6.0% | ent 0.570
  upd 1423 | return    0.700 | deliv   0.70 | blocked 43.9% | idle  4.6% | ent 0.536
  upd 1424 | return    0.700 | deliv   0.70 | blocked 42.3% | idle  6.9% | ent 0.633
  upd 1425 | return    1.000 | deliv   1.00 | blocked 37.2% | idle  4.8% | ent 0.560
  upd 1426 | return    0.800 | deliv   0.80 | blocked 38.3% | idle  4.0% | ent 0.539
  upd 1427 | return    1.100 | deliv   1.10 | blocked 38.7% | idle  4.5% | ent 0.560
  upd 1428 | return    1.400 | deliv   1.40 | blocked 39.3% | idle  4.6% | ent 0.531
  upd 1429 | return    0.900 | deliv   0.90 | blocked 37.8% | idle  5.4% | ent 0.566
  upd 1430 | return    1.000 | deliv   1.00 | blocked 47.1% | idle  4.1% | ent 0.531
  upd 1431 | return    1.000 | deliv   1.00 | blocked 47.6% | idle  3.8% | ent 0.582
  upd 1432 | return    0.600 | deliv   0.60 | blocked 56.1% | idle  3.6% | ent 0.651
  upd 1433 | return    0.700 | deliv   0.70 | blocked 49.3% | idle  4.6% | ent 0.725
  upd 1434 | return    1.300 | deliv   1.30 | blocked 48.9% | idle  3.8% | ent 0.707
  upd 1435 | return    0.800 | deliv   0.80 | blocked 49.7% | idle  3.3% | ent 0.711
  upd 1436 | return    1.300 | deliv   1.30 | blocked 46.4% | idle  3.8% | ent 0.637
  upd 1437 | return    0.700 | deliv   0.70 | blocked 42.2% | idle  3.0% | ent 0.570
  upd 1438 | return    0.800 | deliv   0.80 | blocked 37.9% | idle  2.7% | ent 0.596
  upd 1439 | return    0.600 | deliv   0.60 | blocked 34.5% | idle  1.7% | ent 0.606
  upd 1440 | return    0.900 | deliv   0.90 | blocked 38.9% | idle  1.6% | ent 0.605
  upd 1441 | return    0.800 | deliv   0.80 | blocked 39.7% | idle  2.0% | ent 0.596
  upd 1442 | return    0.300 | deliv   0.30 | blocked 43.9% | idle  2.9% | ent 0.561
  upd 1443 | return    0.900 | deliv   0.90 | blocked 45.5% | idle  4.1% | ent 0.538
  upd 1444 | return    0.600 | deliv   0.60 | blocked 50.3% | idle  4.4% | ent 0.533
  upd 1445 | return    0.500 | deliv   0.50 | blocked 55.5% | idle  2.8% | ent 0.446
  upd 1446 | return    1.200 | deliv   1.20 | blocked 54.2% | idle  4.1% | ent 0.450
  upd 1447 | return    1.200 | deliv   1.20 | blocked 57.7% | idle  3.9% | ent 0.493
  upd 1448 | return    0.300 | deliv   0.30 | blocked 57.0% | idle  5.2% | ent 0.561
  upd 1449 | return    0.600 | deliv   0.60 | blocked 56.2% | idle  5.8% | ent 0.542
  upd 1450 | return    0.700 | deliv   0.70 | blocked 58.0% | idle  5.8% | ent 0.565
  upd 1451 | return    0.800 | deliv   0.80 | blocked 55.6% | idle  5.0% | ent 0.541
  upd 1452 | return    0.300 | deliv   0.30 | blocked 56.2% | idle  6.5% | ent 0.576
  upd 1453 | return    0.900 | deliv   0.90 | blocked 54.9% | idle  3.6% | ent 0.463
  upd 1454 | return    1.300 | deliv   1.30 | blocked 52.8% | idle  2.5% | ent 0.384
  upd 1455 | return    0.800 | deliv   0.80 | blocked 57.3% | idle  3.2% | ent 0.417
  upd 1456 | return    1.500 | deliv   1.50 | blocked 50.6% | idle  2.4% | ent 0.376
  upd 1457 | return    0.700 | deliv   0.70 | blocked 48.1% | idle  4.8% | ent 0.449
  upd 1458 | return    0.400 | deliv   0.40 | blocked 47.4% | idle  4.6% | ent 0.449
  upd 1459 | return    1.200 | deliv   1.20 | blocked 44.3% | idle  2.3% | ent 0.397
  upd 1460 | return    0.800 | deliv   0.80 | blocked 43.8% | idle  4.1% | ent 0.498
  upd 1461 | return    0.800 | deliv   0.80 | blocked 43.8% | idle  4.8% | ent 0.509
  upd 1462 | return    0.800 | deliv   0.80 | blocked 48.3% | idle  2.5% | ent 0.460
  upd 1463 | return    0.600 | deliv   0.60 | blocked 45.3% | idle  4.6% | ent 0.492
  upd 1464 | return    0.500 | deliv   0.50 | blocked 50.4% | idle  3.8% | ent 0.477
  upd 1465 | return    0.800 | deliv   0.80 | blocked 54.4% | idle  5.2% | ent 0.462
  upd 1466 | return    1.400 | deliv   1.40 | blocked 50.4% | idle  2.5% | ent 0.433
  upd 1467 | return    0.800 | deliv   0.80 | blocked 51.6% | idle  5.9% | ent 0.549
  upd 1468 | return    0.600 | deliv   0.60 | blocked 51.4% | idle  3.9% | ent 0.522
  upd 1469 | return    0.700 | deliv   0.70 | blocked 53.3% | idle  3.3% | ent 0.524
  upd 1470 | return    0.900 | deliv   0.90 | blocked 50.4% | idle  3.2% | ent 0.513
  upd 1471 | return    1.700 | deliv   1.70 | blocked 50.1% | idle  3.3% | ent 0.507
  upd 1472 | return    0.400 | deliv   0.40 | blocked 49.3% | idle  4.4% | ent 0.549
  upd 1473 | return    0.900 | deliv   0.90 | blocked 50.9% | idle  2.0% | ent 0.455
  upd 1474 | return    0.400 | deliv   0.40 | blocked 53.5% | idle  3.3% | ent 0.480
  upd 1475 | return    1.200 | deliv   1.20 | blocked 50.3% | idle  4.9% | ent 0.553
  upd 1476 | return    1.300 | deliv   1.30 | blocked 52.4% | idle  2.7% | ent 0.440
  upd 1477 | return    0.900 | deliv   0.90 | blocked 47.7% | idle  4.3% | ent 0.498
  upd 1478 | return    0.900 | deliv   0.90 | blocked 51.6% | idle  2.1% | ent 0.405
  upd 1479 | return    1.500 | deliv   1.50 | blocked 48.3% | idle  3.7% | ent 0.435
  upd 1480 | return    0.300 | deliv   0.30 | blocked 51.7% | idle  1.6% | ent 0.351
  upd 1481 | return    0.800 | deliv   0.80 | blocked 49.7% | idle  4.2% | ent 0.421
  upd 1482 | return    0.700 | deliv   0.70 | blocked 56.0% | idle  3.1% | ent 0.410
  upd 1483 | return    0.700 | deliv   0.70 | blocked 61.5% | idle  2.9% | ent 0.376
  upd 1484 | return    0.500 | deliv   0.50 | blocked 60.2% | idle  2.3% | ent 0.338
  upd 1485 | return    1.000 | deliv   1.00 | blocked 61.4% | idle  2.1% | ent 0.328
  upd 1486 | return    0.500 | deliv   0.50 | blocked 60.4% | idle  3.9% | ent 0.393
  upd 1487 | return    1.000 | deliv   1.00 | blocked 63.8% | idle  3.6% | ent 0.363
  upd 1488 | return    1.100 | deliv   1.10 | blocked 66.9% | idle  2.5% | ent 0.357
  upd 1489 | return    1.000 | deliv   1.00 | blocked 67.0% | idle  1.9% | ent 0.298
  upd 1490 | return    1.100 | deliv   1.10 | blocked 68.8% | idle  2.2% | ent 0.322
  upd 1491 | return    1.300 | deliv   1.30 | blocked 61.8% | idle  3.5% | ent 0.390
  upd 1492 | return    0.400 | deliv   0.40 | blocked 57.1% | idle  2.3% | ent 0.385
  upd 1493 | return    1.000 | deliv   1.00 | blocked 44.7% | idle  2.8% | ent 0.459
  upd 1494 | return    0.800 | deliv   0.80 | blocked 36.8% | idle  1.8% | ent 0.474
  upd 1495 | return    0.700 | deliv   0.70 | blocked 33.0% | idle  2.7% | ent 0.558
  upd 1496 | return    1.000 | deliv   1.00 | blocked 32.3% | idle  1.9% | ent 0.539
  upd 1497 | return    1.200 | deliv   1.20 | blocked 35.6% | idle  2.5% | ent 0.547
  upd 1498 | return    0.600 | deliv   0.60 | blocked 34.3% | idle  1.5% | ent 0.532
  upd 1499 | return    1.500 | deliv   1.50 | blocked 32.1% | idle  4.7% | ent 0.638
  upd 1500 | return    0.900 | deliv   0.90 | blocked 39.9% | idle  2.0% | ent 0.528
ERROR:absl:[process=0] Failed to run 4 Handler Commit operations or the Commit callback in background save thread, directory: /mnt/c/Users/user1/projects/jax_marl3/runs/ia2c_tiny-4ag_seed0/checkpoints/1500
Traceback (most recent call last):
  File "/home/user1/miniconda3/envs/jax_env_1/lib/python3.11/site-packages/orbax/checkpoint/_src/checkpointers/async_checkpointer.py", line 229, in _thread_func
    _background_wait_for_commit_futures(
  File "/home/user1/miniconda3/envs/jax_env_1/lib/python3.11/site-packages/orbax/checkpoint/_src/checkpointers/async_checkpointer.py", line 132, in _background_wait_for_commit_futures
    on_commit_callback()
  File "/home/user1/miniconda3/envs/jax_env_1/lib/python3.11/site-packages/orbax/checkpoint/_src/checkpointers/async_checkpointer.py", line 411, in _callback
    self._handler.finalize(tmpdir.get())
  File "/home/user1/miniconda3/envs/jax_env_1/lib/python3.11/site-packages/orbax/checkpoint/_src/handlers/composite_checkpoint_handler.py", line 1047, in finalize
    asyncio_utils.run_sync(
  File "/home/user1/miniconda3/envs/jax_env_1/lib/python3.11/site-packages/orbax/checkpoint/_src/asyncio_utils.py", line 50, in run_sync
    return asyncio.run(coro)
           ^^^^^^^^^^^^^^^^^
  File "/home/user1/miniconda3/envs/jax_env_1/lib/python3.11/asyncio/runners.py", line 190, in run
    return runner.run(main)
           ^^^^^^^^^^^^^^^^
  File "/home/user1/miniconda3/envs/jax_env_1/lib/python3.11/asyncio/runners.py", line 118, in run
    return self._loop.run_until_complete(task)
           ^^^^^^^^^^^^^^^^^^^^^^^^^^^^^^^^^^^
  File "/home/user1/miniconda3/envs/jax_env_1/lib/python3.11/asyncio/base_events.py", line 654, in run_until_complete
    return future.result()
           ^^^^^^^^^^^^^^^
  File "/home/user1/miniconda3/envs/jax_env_1/lib/python3.11/site-packages/orbax/checkpoint/_src/path/atomicity.py", line 555, in finalize
    await async_path.rename(self._tmp_path, self._final_path)
  File "/home/user1/miniconda3/envs/jax_env_1/lib/python3.11/site-packages/orbax/checkpoint/_src/path/async_path.py", line 109, in rename
    return await asyncio.to_thread(src.rename, dst)
           ^^^^^^^^^^^^^^^^^^^^^^^^^^^^^^^^^^^^^^^^
  File "/home/user1/miniconda3/envs/jax_env_1/lib/python3.11/asyncio/threads.py", line 25, in to_thread
    return await loop.run_in_executor(None, func_call)
           ^^^^^^^^^^^^^^^^^^^^^^^^^^^^^^^^^^^^^^^^^^^
  File "/home/user1/miniconda3/envs/jax_env_1/lib/python3.11/concurrent/futures/thread.py", line 58, in run
    result = self.fn(*self.args, **self.kwargs)
             ^^^^^^^^^^^^^^^^^^^^^^^^^^^^^^^^^^
  File "/home/user1/miniconda3/envs/jax_env_1/lib/python3.11/site-packages/etils/epath/gpath.py", line 273, in rename
    backend.rename(self._path_str, os.fspath(target))
  File "/home/user1/miniconda3/envs/jax_env_1/lib/python3.11/site-packages/etils/epath/backend.py", line 214, in rename
    os.rename(path, dst)
PermissionError: [Errno 13] Permission denied: '/mnt/c/Users/user1/projects/jax_marl3/runs/ia2c_tiny-4ag_seed0/checkpoints/1500.orbax-checkpoint-tmp/default.orbax-checkpoint-tmp' -> '/mnt/c/Users/user1/projects/jax_marl3/runs/ia2c_tiny-4ag_seed0/checkpoints/1500.orbax-checkpoint-tmp/default'
  upd 1501 | return    1.100 | deliv   1.10 | blocked 46.3% | idle  1.3% | ent 0.463
  upd 1502 | return    1.000 | deliv   1.00 | blocked 49.6% | idle  2.5% | ent 0.500
  upd 1503 | return    0.700 | deliv   0.70 | blocked 58.0% | idle  2.6% | ent 0.481
  upd 1504 | return    0.700 | deliv   0.70 | blocked 57.6% | idle  2.6% | ent 0.454
  upd 1505 | return    0.700 | deliv   0.70 | blocked 61.4% | idle  1.7% | ent 0.370
  upd 1506 | return    0.800 | deliv   0.80 | blocked 63.7% | idle  1.7% | ent 0.370
  upd 1507 | return    0.900 | deliv   0.90 | blocked 60.0% | idle  1.9% | ent 0.341
  upd 1508 | return    1.000 | deliv   1.00 | blocked 64.1% | idle  2.0% | ent 0.331
  upd 1509 | return    0.600 | deliv   0.60 | blocked 64.0% | idle  2.1% | ent 0.372
  upd 1510 | return    1.000 | deliv   1.00 | blocked 58.3% | idle  2.5% | ent 0.365
  upd 1511 | return    1.500 | deliv   1.50 | blocked 52.7% | idle  1.8% | ent 0.319
  upd 1512 | return    0.800 | deliv   0.80 | blocked 58.6% | idle  2.0% | ent 0.358
  upd 1513 | return    1.000 | deliv   1.00 | blocked 55.3% | idle  2.5% | ent 0.386
  upd 1514 | return    0.900 | deliv   0.90 | blocked 54.3% | idle  1.4% | ent 0.334
  upd 1515 | return    1.100 | deliv   1.10 | blocked 53.9% | idle  1.3% | ent 0.309
  upd 1516 | return    0.300 | deliv   0.30 | blocked 49.3% | idle  1.4% | ent 0.303
  upd 1517 | return    0.700 | deliv   0.70 | blocked 51.1% | idle  3.5% | ent 0.381
  upd 1518 | return    1.200 | deliv   1.20 | blocked 46.7% | idle  2.0% | ent 0.350
  upd 1519 | return    1.300 | deliv   1.30 | blocked 50.6% | idle  2.9% | ent 0.367
  upd 1520 | return    0.700 | deliv   0.70 | blocked 51.3% | idle  2.6% | ent 0.374
  upd 1521 | return    0.700 | deliv   0.70 | blocked 55.0% | idle  3.4% | ent 0.412
  upd 1522 | return    1.000 | deliv   1.00 | blocked 53.2% | idle  2.0% | ent 0.370
  upd 1523 | return    0.800 | deliv   0.80 | blocked 49.0% | idle  1.8% | ent 0.388
  upd 1524 | return    1.600 | deliv   1.60 | blocked 55.5% | idle  2.8% | ent 0.451
  upd 1525 | return    1.100 | deliv   1.10 | blocked 53.6% | idle  3.7% | ent 0.516
  upd 1526 | return    0.900 | deliv   0.90 | blocked 53.9% | idle  4.3% | ent 0.587
  upd 1527 | return    1.100 | deliv   1.10 | blocked 49.6% | idle  3.7% | ent 0.633
  upd 1528 | return    0.600 | deliv   0.60 | blocked 53.7% | idle  3.7% | ent 0.615
  upd 1529 | return    1.400 | deliv   1.40 | blocked 54.3% | idle  2.3% | ent 0.530
  upd 1530 | return    0.700 | deliv   0.70 | blocked 51.1% | idle  2.0% | ent 0.465
  upd 1531 | return    1.100 | deliv   1.10 | blocked 52.6% | idle  2.3% | ent 0.423
  upd 1532 | return    1.300 | deliv   1.30 | blocked 52.8% | idle  2.0% | ent 0.423
  upd 1533 | return    0.800 | deliv   0.80 | blocked 45.7% | idle  2.5% | ent 0.429
  upd 1534 | return    1.500 | deliv   1.50 | blocked 45.0% | idle  0.5% | ent 0.337
  upd 1535 | return    1.200 | deliv   1.20 | blocked 43.5% | idle  1.1% | ent 0.382
  upd 1536 | return    0.500 | deliv   0.50 | blocked 45.7% | idle  2.8% | ent 0.425
  upd 1537 | return    1.300 | deliv   1.30 | blocked 48.1% | idle  1.1% | ent 0.342
  upd 1538 | return    1.800 | deliv   1.80 | blocked 46.5% | idle  1.3% | ent 0.374
  upd 1539 | return    0.600 | deliv   0.60 | blocked 54.1% | idle  0.8% | ent 0.323
  upd 1540 | return    1.300 | deliv   1.30 | blocked 53.3% | idle  1.6% | ent 0.346
  upd 1541 | return    1.500 | deliv   1.50 | blocked 59.6% | idle  1.0% | ent 0.301
  upd 1542 | return    1.100 | deliv   1.10 | blocked 63.5% | idle  0.9% | ent 0.289
  upd 1543 | return    1.400 | deliv   1.40 | blocked 65.8% | idle  0.8% | ent 0.277
  upd 1544 | return    1.100 | deliv   1.10 | blocked 67.6% | idle  1.2% | ent 0.310
  upd 1545 | return    1.100 | deliv   1.10 | blocked 71.4% | idle  1.1% | ent 0.326
  upd 1546 | return    0.900 | deliv   0.90 | blocked 67.6% | idle  0.8% | ent 0.304
  upd 1547 | return    0.600 | deliv   0.60 | blocked 69.4% | idle  0.8% | ent 0.322
  upd 1548 | return    1.200 | deliv   1.20 | blocked 63.2% | idle  0.5% | ent 0.271
  upd 1549 | return    0.700 | deliv   0.70 | blocked 67.1% | idle  1.5% | ent 0.346
  upd 1550 | return    0.800 | deliv   0.80 | blocked 64.0% | idle  1.6% | ent 0.347
  upd 1551 | return    0.800 | deliv   0.80 | blocked 64.5% | idle  1.1% | ent 0.307
  upd 1552 | return    1.500 | deliv   1.50 | blocked 56.8% | idle  0.8% | ent 0.279
  upd 1553 | return    1.200 | deliv   1.20 | blocked 55.0% | idle  1.2% | ent 0.295
  upd 1554 | return    1.000 | deliv   1.00 | blocked 52.8% | idle  0.7% | ent 0.268
  upd 1555 | return    1.000 | deliv   1.00 | blocked 52.6% | idle  0.8% | ent 0.276
  upd 1556 | return    1.300 | deliv   1.30 | blocked 54.4% | idle  1.0% | ent 0.297
  upd 1557 | return    1.100 | deliv   1.10 | blocked 50.8% | idle  1.2% | ent 0.305
  upd 1558 | return    0.500 | deliv   0.50 | blocked 52.1% | idle  1.3% | ent 0.331
  upd 1559 | return    1.600 | deliv   1.60 | blocked 53.3% | idle  0.4% | ent 0.270
  upd 1560 | return    0.900 | deliv   0.90 | blocked 54.5% | idle  0.9% | ent 0.304
  upd 1561 | return    1.100 | deliv   1.10 | blocked 58.5% | idle  0.7% | ent 0.283
  upd 1562 | return    1.200 | deliv   1.20 | blocked 61.7% | idle  1.0% | ent 0.276
  upd 1563 | return    1.300 | deliv   1.30 | blocked 65.0% | idle  1.3% | ent 0.312
  upd 1564 | return    1.400 | deliv   1.40 | blocked 64.6% | idle  1.7% | ent 0.338
  upd 1565 | return    1.300 | deliv   1.30 | blocked 62.4% | idle  0.9% | ent 0.293
  upd 1566 | return    1.200 | deliv   1.20 | blocked 62.2% | idle  0.8% | ent 0.295
  upd 1567 | return    0.700 | deliv   0.70 | blocked 67.0% | idle  0.4% | ent 0.264
  upd 1568 | return    1.100 | deliv   1.10 | blocked 66.3% | idle  0.7% | ent 0.272
  upd 1569 | return    1.000 | deliv   1.00 | blocked 70.3% | idle  0.6% | ent 0.272
  upd 1570 | return    1.400 | deliv   1.40 | blocked 59.5% | idle  0.9% | ent 0.308
  upd 1571 | return    1.600 | deliv   1.60 | blocked 60.5% | idle  0.9% | ent 0.299
  upd 1572 | return    1.300 | deliv   1.30 | blocked 59.2% | idle  1.2% | ent 0.342
  upd 1573 | return    0.600 | deliv   0.60 | blocked 51.4% | idle  1.2% | ent 0.357
  upd 1574 | return    1.200 | deliv   1.20 | blocked 51.6% | idle  0.6% | ent 0.317
  upd 1575 | return    1.100 | deliv   1.10 | blocked 49.3% | idle  1.0% | ent 0.349
  upd 1576 | return    1.400 | deliv   1.40 | blocked 46.9% | idle  0.9% | ent 0.358
  upd 1577 | return    1.200 | deliv   1.20 | blocked 49.2% | idle  0.8% | ent 0.375
  upd 1578 | return    0.700 | deliv   0.70 | blocked 49.6% | idle  0.6% | ent 0.336
  upd 1579 | return    1.100 | deliv   1.10 | blocked 51.1% | idle  1.2% | ent 0.400
  upd 1580 | return    1.700 | deliv   1.70 | blocked 50.4% | idle  0.7% | ent 0.355
  upd 1581 | return    1.300 | deliv   1.30 | blocked 56.0% | idle  0.9% | ent 0.389
  upd 1582 | return    1.400 | deliv   1.40 | blocked 52.9% | idle  0.8% | ent 0.396
  upd 1583 | return    1.000 | deliv   1.00 | blocked 62.1% | idle  1.2% | ent 0.431
  upd 1584 | return    1.600 | deliv   1.60 | blocked 59.2% | idle  0.8% | ent 0.357
  upd 1585 | return    0.600 | deliv   0.60 | blocked 59.9% | idle  1.3% | ent 0.396
  upd 1586 | return    1.200 | deliv   1.20 | blocked 61.9% | idle  0.9% | ent 0.341
  upd 1587 | return    1.000 | deliv   1.00 | blocked 64.9% | idle  0.7% | ent 0.325
  upd 1588 | return    1.000 | deliv   1.00 | blocked 57.1% | idle  0.3% | ent 0.274
  upd 1589 | return    0.700 | deliv   0.70 | blocked 51.8% | idle  0.6% | ent 0.283
  upd 1590 | return    1.200 | deliv   1.20 | blocked 53.3% | idle  0.5% | ent 0.274
  upd 1591 | return    1.200 | deliv   1.20 | blocked 52.6% | idle  0.6% | ent 0.294
  upd 1592 | return    0.900 | deliv   0.90 | blocked 52.9% | idle  0.4% | ent 0.269
  upd 1593 | return    1.700 | deliv   1.70 | blocked 51.6% | idle  0.5% | ent 0.308
  upd 1594 | return    1.700 | deliv   1.70 | blocked 49.8% | idle  0.2% | ent 0.272
  upd 1595 | return    1.100 | deliv   1.10 | blocked 50.0% | idle  0.2% | ent 0.281
  upd 1596 | return    1.200 | deliv   1.20 | blocked 52.7% | idle  0.4% | ent 0.312
  upd 1597 | return    1.500 | deliv   1.50 | blocked 54.0% | idle  0.3% | ent 0.351
  upd 1598 | return    2.000 | deliv   2.00 | blocked 52.5% | idle  1.0% | ent 0.446
  upd 1599 | return    1.300 | deliv   1.30 | blocked 52.7% | idle  0.5% | ent 0.454
ERROR:absl:[process=0][thread=MainThread][step=1500][wait_until_finished] Save Finalize thread (save_finalize) failed.
Traceback (most recent call last):
  File "/home/user1/miniconda3/envs/jax_env_1/lib/python3.11/site-packages/orbax/checkpoint/checkpoint_manager.py", line 2031, in wait_until_finished
    self._finalize_thread.get_not_none().join()
  File "/home/user1/miniconda3/envs/jax_env_1/lib/python3.11/site-packages/orbax/checkpoint/checkpoint_manager.py", line 165, in join
    raise self.exception
  File "/home/user1/miniconda3/envs/jax_env_1/lib/python3.11/site-packages/orbax/checkpoint/checkpoint_manager.py", line 152, in run
    super().run()
  File "/home/user1/miniconda3/envs/jax_env_1/lib/python3.11/threading.py", line 982, in run
    self._target(*self._args, **self._kwargs)
  File "/home/user1/miniconda3/envs/jax_env_1/lib/python3.11/site-packages/orbax/checkpoint/checkpoint_manager.py", line 2126, in _finalize
    self._wait_for_checkpointers()
  File "/home/user1/miniconda3/envs/jax_env_1/lib/python3.11/site-packages/orbax/checkpoint/checkpoint_manager.py", line 1987, in _wait_for_checkpointers
    self._checkpointer.wait_until_finished()  # pytype: disable=attribute-error
    ^^^^^^^^^^^^^^^^^^^^^^^^^^^^^^^^^^^^^^^^
  File "/home/user1/miniconda3/envs/jax_env_1/lib/python3.11/site-packages/orbax/checkpoint/_src/checkpointers/async_checkpointer.py", line 589, in wait_until_finished
    self._async_manager.wait_until_finished()
  File "/home/user1/miniconda3/envs/jax_env_1/lib/python3.11/site-packages/orbax/checkpoint/_src/checkpointers/async_checkpointer.py", line 296, in wait_until_finished
    self.check_for_errors()
  File "/home/user1/miniconda3/envs/jax_env_1/lib/python3.11/site-packages/orbax/checkpoint/_src/checkpointers/async_checkpointer.py", line 271, in check_for_errors
    raise exception  # pylint: disable=raising-bad-type
    ^^^^^^^^^^^^^^^
  File "/home/user1/miniconda3/envs/jax_env_1/lib/python3.11/site-packages/orbax/checkpoint/_src/checkpointers/async_checkpointer.py", line 229, in _thread_func
    _background_wait_for_commit_futures(
  File "/home/user1/miniconda3/envs/jax_env_1/lib/python3.11/site-packages/orbax/checkpoint/_src/checkpointers/async_checkpointer.py", line 132, in _background_wait_for_commit_futures
    on_commit_callback()
  File "/home/user1/miniconda3/envs/jax_env_1/lib/python3.11/site-packages/orbax/checkpoint/_src/checkpointers/async_checkpointer.py", line 411, in _callback
    self._handler.finalize(tmpdir.get())
  File "/home/user1/miniconda3/envs/jax_env_1/lib/python3.11/site-packages/orbax/checkpoint/_src/handlers/composite_checkpoint_handler.py", line 1047, in finalize
    asyncio_utils.run_sync(
  File "/home/user1/miniconda3/envs/jax_env_1/lib/python3.11/site-packages/orbax/checkpoint/_src/asyncio_utils.py", line 50, in run_sync
    return asyncio.run(coro)
           ^^^^^^^^^^^^^^^^^
  File "/home/user1/miniconda3/envs/jax_env_1/lib/python3.11/asyncio/runners.py", line 190, in run
    return runner.run(main)
           ^^^^^^^^^^^^^^^^
  File "/home/user1/miniconda3/envs/jax_env_1/lib/python3.11/asyncio/runners.py", line 118, in run
    return self._loop.run_until_complete(task)
           ^^^^^^^^^^^^^^^^^^^^^^^^^^^^^^^^^^^
  File "/home/user1/miniconda3/envs/jax_env_1/lib/python3.11/asyncio/base_events.py", line 654, in run_until_complete
    return future.result()
           ^^^^^^^^^^^^^^^
  File "/home/user1/miniconda3/envs/jax_env_1/lib/python3.11/site-packages/orbax/checkpoint/_src/path/atomicity.py", line 555, in finalize
    await async_path.rename(self._tmp_path, self._final_path)
  File "/home/user1/miniconda3/envs/jax_env_1/lib/python3.11/site-packages/orbax/checkpoint/_src/path/async_path.py", line 109, in rename
    return await asyncio.to_thread(src.rename, dst)
           ^^^^^^^^^^^^^^^^^^^^^^^^^^^^^^^^^^^^^^^^
  File "/home/user1/miniconda3/envs/jax_env_1/lib/python3.11/asyncio/threads.py", line 25, in to_thread
    return await loop.run_in_executor(None, func_call)
           ^^^^^^^^^^^^^^^^^^^^^^^^^^^^^^^^^^^^^^^^^^^
  File "/home/user1/miniconda3/envs/jax_env_1/lib/python3.11/concurrent/futures/thread.py", line 58, in run
    result = self.fn(*self.args, **self.kwargs)
             ^^^^^^^^^^^^^^^^^^^^^^^^^^^^^^^^^^
  File "/home/user1/miniconda3/envs/jax_env_1/lib/python3.11/site-packages/etils/epath/gpath.py", line 273, in rename
    backend.rename(self._path_str, os.fspath(target))
  File "/home/user1/miniconda3/envs/jax_env_1/lib/python3.11/site-packages/etils/epath/backend.py", line 214, in rename
    os.rename(path, dst)
PermissionError: [Errno 13] Permission denied: '/mnt/c/Users/user1/projects/jax_marl3/runs/ia2c_tiny-4ag_seed0/checkpoints/1500.orbax-checkpoint-tmp/default.orbax-checkpoint-tmp' -> '/mnt/c/Users/user1/projects/jax_marl3/runs/ia2c_tiny-4ag_seed0/checkpoints/1500.orbax-checkpoint-tmp/default'
Traceback (most recent call last):
  File "<frozen runpy>", line 198, in _run_module_as_main
  File "<frozen runpy>", line 88, in _run_code
  File "/mnt/c/Users/user1/projects/jax_marl3/scripts/train_mappo.py", line 260, in <module>
    main()
  File "/mnt/c/Users/user1/projects/jax_marl3/scripts/train_mappo.py", line 224, in main
    mgr.save(upd, carry, smoothed_return=ema)
  File "/mnt/c/Users/user1/projects/jax_marl3/algorithms/checkpoint.py", line 61, in save
    self._mgr.save(
  File "/home/user1/miniconda3/envs/jax_env_1/lib/python3.11/site-packages/orbax/checkpoint/checkpoint_manager.py", line 1445, in save
    self.wait_until_finished()
  File "/home/user1/miniconda3/envs/jax_env_1/lib/python3.11/site-packages/orbax/checkpoint/checkpoint_manager.py", line 2031, in wait_until_finished
    self._finalize_thread.get_not_none().join()
  File "/home/user1/miniconda3/envs/jax_env_1/lib/python3.11/site-packages/orbax/checkpoint/checkpoint_manager.py", line 165, in join
    raise self.exception
  File "/home/user1/miniconda3/envs/jax_env_1/lib/python3.11/site-packages/orbax/checkpoint/checkpoint_manager.py", line 152, in run
    super().run()
  File "/home/user1/miniconda3/envs/jax_env_1/lib/python3.11/threading.py", line 982, in run
    self._target(*self._args, **self._kwargs)
  File "/home/user1/miniconda3/envs/jax_env_1/lib/python3.11/site-packages/orbax/checkpoint/checkpoint_manager.py", line 2126, in _finalize
    self._wait_for_checkpointers()
  File "/home/user1/miniconda3/envs/jax_env_1/lib/python3.11/site-packages/orbax/checkpoint/checkpoint_manager.py", line 1987, in _wait_for_checkpointers
    self._checkpointer.wait_until_finished()  # pytype: disable=attribute-error
    ^^^^^^^^^^^^^^^^^^^^^^^^^^^^^^^^^^^^^^^^
  File "/home/user1/miniconda3/envs/jax_env_1/lib/python3.11/site-packages/orbax/checkpoint/_src/checkpointers/async_checkpointer.py", line 589, in wait_until_finished
    self._async_manager.wait_until_finished()
  File "/home/user1/miniconda3/envs/jax_env_1/lib/python3.11/site-packages/orbax/checkpoint/_src/checkpointers/async_checkpointer.py", line 296, in wait_until_finished
    self.check_for_errors()
  File "/home/user1/miniconda3/envs/jax_env_1/lib/python3.11/site-packages/orbax/checkpoint/_src/checkpointers/async_checkpointer.py", line 271, in check_for_errors
    raise exception  # pylint: disable=raising-bad-type
    ^^^^^^^^^^^^^^^
  File "/home/user1/miniconda3/envs/jax_env_1/lib/python3.11/site-packages/orbax/checkpoint/_src/checkpointers/async_checkpointer.py", line 229, in _thread_func
    _background_wait_for_commit_futures(
  File "/home/user1/miniconda3/envs/jax_env_1/lib/python3.11/site-packages/orbax/checkpoint/_src/checkpointers/async_checkpointer.py", line 132, in _background_wait_for_commit_futures
    on_commit_callback()
  File "/home/user1/miniconda3/envs/jax_env_1/lib/python3.11/site-packages/orbax/checkpoint/_src/checkpointers/async_checkpointer.py", line 411, in _callback
    self._handler.finalize(tmpdir.get())
  File "/home/user1/miniconda3/envs/jax_env_1/lib/python3.11/site-packages/orbax/checkpoint/_src/handlers/composite_checkpoint_handler.py", line 1047, in finalize
    asyncio_utils.run_sync(
  File "/home/user1/miniconda3/envs/jax_env_1/lib/python3.11/site-packages/orbax/checkpoint/_src/asyncio_utils.py", line 50, in run_sync
    return asyncio.run(coro)
           ^^^^^^^^^^^^^^^^^
  File "/home/user1/miniconda3/envs/jax_env_1/lib/python3.11/asyncio/runners.py", line 190, in run
    return runner.run(main)
           ^^^^^^^^^^^^^^^^
  File "/home/user1/miniconda3/envs/jax_env_1/lib/python3.11/asyncio/runners.py", line 118, in run
    return self._loop.run_until_complete(task)
           ^^^^^^^^^^^^^^^^^^^^^^^^^^^^^^^^^^^
  File "/home/user1/miniconda3/envs/jax_env_1/lib/python3.11/asyncio/base_events.py", line 654, in run_until_complete
    return future.result()
           ^^^^^^^^^^^^^^^
  File "/home/user1/miniconda3/envs/jax_env_1/lib/python3.11/site-packages/orbax/checkpoint/_src/path/atomicity.py", line 555, in finalize
    await async_path.rename(self._tmp_path, self._final_path)
  File "/home/user1/miniconda3/envs/jax_env_1/lib/python3.11/site-packages/orbax/checkpoint/_src/path/async_path.py", line 109, in rename
    return await asyncio.to_thread(src.rename, dst)
           ^^^^^^^^^^^^^^^^^^^^^^^^^^^^^^^^^^^^^^^^
  File "/home/user1/miniconda3/envs/jax_env_1/lib/python3.11/asyncio/threads.py", line 25, in to_thread
    return await loop.run_in_executor(None, func_call)
           ^^^^^^^^^^^^^^^^^^^^^^^^^^^^^^^^^^^^^^^^^^^
  File "/home/user1/miniconda3/envs/jax_env_1/lib/python3.11/concurrent/futures/thread.py", line 58, in run
    result = self.fn(*self.args, **self.kwargs)
             ^^^^^^^^^^^^^^^^^^^^^^^^^^^^^^^^^^
  File "/home/user1/miniconda3/envs/jax_env_1/lib/python3.11/site-packages/etils/epath/gpath.py", line 273, in rename
    backend.rename(self._path_str, os.fspath(target))
  File "/home/user1/miniconda3/envs/jax_env_1/lib/python3.11/site-packages/etils/epath/backend.py", line 214, in rename
    os.rename(path, dst)
PermissionError: [Errno 13] Permission denied: '/mnt/c/Users/user1/projects/jax_marl3/runs/ia2c_tiny-4ag_seed0/checkpoints/1500.orbax-checkpoint-tmp/default.orbax-checkpoint-tmp' -> '/mnt/c/Users/user1/projects/jax_marl3/runs/ia2c_tiny-4ag_seed0/checkpoints/1500.orbax-checkpoint-tmp/default'
