E0613 00:01:58.031783   15499 cuda_executor.cc:1526] Could not get kernel mode driver version: (INVALID_ARGUMENT: Version does not match the format X.Y.Z)
E0613 00:01:58.045836   15457 cuda_executor.cc:1526] Could not get kernel mode driver version: (INVALID_ARGUMENT: Version does not match the format X.Y.Z)
algo=ia2c (centralised_critic=False, use_ppo=False, use_rnn=True)
env=rware-tiny-4ag  parallel_envs=10 time_limit=500  updates=4000  (steps/update=5000)  seed=2
run-dir=runs/ia2c_tiny-4ag_seed2  chunk=100 updates/save  max_to_keep=5
live per-update log (return / deliveries / blocked% / idle% / entropy) follows; watch entropy — a fast drop toward 0 means exploration collapse:

  [replay @ update 0] return 0.00  deliveries 0  -> runs/ia2c_tiny-4ag_seed2/replays/replay_upd000000_s0.npz
  upd    0 | return    0.000 | deliv   0.00 | blocked  3.7% | idle  6.1% | ent 1.469
  upd    1 | return    0.400 | deliv   0.40 | blocked  2.9% | idle  4.8% | ent 1.468
  upd    2 | return    0.200 | deliv   0.20 | blocked  4.9% | idle  4.8% | ent 1.461
  upd    3 | return    0.200 | deliv   0.20 | blocked  5.1% | idle  4.3% | ent 1.439
  upd    4 | return    0.200 | deliv   0.20 | blocked  7.4% | idle  4.8% | ent 1.430
  upd    5 | return    0.100 | deliv   0.10 | blocked  7.7% | idle  4.1% | ent 1.379
  upd    6 | return    0.000 | deliv   0.00 | blocked 10.9% | idle  4.7% | ent 1.353
  upd    7 | return    0.600 | deliv   0.60 | blocked 12.7% | idle  4.1% | ent 1.296
  upd    8 | return    0.100 | deliv   0.10 | blocked 15.5% | idle  4.3% | ent 1.257
  upd    9 | return    0.100 | deliv   0.10 | blocked 19.6% | idle  3.7% | ent 1.204
  upd   10 | return    0.200 | deliv   0.20 | blocked 20.7% | idle  3.2% | ent 1.152
  upd   11 | return    0.000 | deliv   0.00 | blocked 23.8% | idle  3.4% | ent 1.113
  upd   12 | return    0.400 | deliv   0.40 | blocked 24.8% | idle  3.2% | ent 1.075
  upd   13 | return    0.000 | deliv   0.00 | blocked 25.6% | idle  3.0% | ent 1.030
  upd   14 | return    0.600 | deliv   0.60 | blocked 28.9% | idle  2.6% | ent 0.964
  upd   15 | return    0.300 | deliv   0.30 | blocked 30.2% | idle  2.8% | ent 0.973
  upd   16 | return    0.700 | deliv   0.70 | blocked 29.9% | idle  2.4% | ent 0.922
  upd   17 | return    0.300 | deliv   0.30 | blocked 28.7% | idle  2.2% | ent 0.931
  upd   18 | return    0.200 | deliv   0.20 | blocked 29.5% | idle  2.4% | ent 0.935
  upd   19 | return    0.500 | deliv   0.50 | blocked 27.9% | idle  2.2% | ent 0.937
  upd   20 | return    0.300 | deliv   0.30 | blocked 26.0% | idle  2.2% | ent 0.945
  upd   21 | return    0.500 | deliv   0.50 | blocked 26.2% | idle  2.1% | ent 0.964
  upd   22 | return    0.400 | deliv   0.40 | blocked 24.8% | idle  1.8% | ent 0.936
  upd   23 | return    0.500 | deliv   0.50 | blocked 25.5% | idle  1.7% | ent 0.936
  upd   24 | return    0.000 | deliv   0.00 | blocked 24.1% | idle  2.0% | ent 0.962
  upd   25 | return    0.300 | deliv   0.30 | blocked 25.2% | idle  1.7% | ent 0.954
  upd   26 | return    0.200 | deliv   0.20 | blocked 24.0% | idle  1.7% | ent 0.972
  upd   27 | return    0.400 | deliv   0.40 | blocked 22.6% | idle  1.6% | ent 0.970
  upd   28 | return    0.400 | deliv   0.40 | blocked 22.0% | idle  1.5% | ent 0.993
  upd   29 | return    0.400 | deliv   0.40 | blocked 22.0% | idle  1.4% | ent 0.987
  upd   30 | return    0.200 | deliv   0.20 | blocked 22.2% | idle  1.6% | ent 1.007
  upd   31 | return    0.200 | deliv   0.20 | blocked 22.6% | idle  1.5% | ent 0.997
  upd   32 | return    0.400 | deliv   0.40 | blocked 24.4% | idle  1.4% | ent 0.998
  upd   33 | return    0.300 | deliv   0.30 | blocked 25.7% | idle  1.3% | ent 0.984
  upd   34 | return    0.400 | deliv   0.40 | blocked 27.7% | idle  1.2% | ent 0.971
  upd   35 | return    0.700 | deliv   0.70 | blocked 29.4% | idle  1.2% | ent 0.950
  upd   36 | return    0.000 | deliv   0.00 | blocked 32.0% | idle  1.1% | ent 0.928
  upd   37 | return    0.600 | deliv   0.60 | blocked 33.6% | idle  1.2% | ent 0.907
  upd   38 | return    0.500 | deliv   0.50 | blocked 34.5% | idle  1.1% | ent 0.910
  upd   39 | return    0.200 | deliv   0.20 | blocked 33.6% | idle  1.1% | ent 0.928
  upd   40 | return    0.200 | deliv   0.20 | blocked 31.6% | idle  1.1% | ent 0.957
  upd   41 | return    0.300 | deliv   0.30 | blocked 33.3% | idle  1.2% | ent 0.966
  upd   42 | return    0.700 | deliv   0.70 | blocked 32.0% | idle  1.1% | ent 0.956
  upd   43 | return    0.700 | deliv   0.70 | blocked 33.5% | idle  0.9% | ent 0.986
  upd   44 | return    0.500 | deliv   0.50 | blocked 32.7% | idle  1.0% | ent 1.011
  upd   45 | return    0.000 | deliv   0.00 | blocked 30.3% | idle  1.2% | ent 1.056
  upd   46 | return    0.300 | deliv   0.30 | blocked 29.6% | idle  0.9% | ent 1.041
  upd   47 | return    0.100 | deliv   0.10 | blocked 27.8% | idle  0.9% | ent 1.065
  upd   48 | return    0.500 | deliv   0.50 | blocked 25.6% | idle  1.2% | ent 1.086
  upd   49 | return    0.400 | deliv   0.40 | blocked 26.8% | idle  1.0% | ent 1.078
  upd   50 | return    0.200 | deliv   0.20 | blocked 26.7% | idle  1.0% | ent 1.059
  upd   51 | return    0.500 | deliv   0.50 | blocked 27.1% | idle  1.0% | ent 1.050
  upd   52 | return    0.300 | deliv   0.30 | blocked 30.5% | idle  1.0% | ent 1.030
  upd   53 | return    0.200 | deliv   0.20 | blocked 31.0% | idle  1.1% | ent 1.002
  upd   54 | return    0.100 | deliv   0.10 | blocked 35.2% | idle  0.9% | ent 0.968
  upd   55 | return    0.200 | deliv   0.20 | blocked 35.6% | idle  0.8% | ent 0.921
  upd   56 | return    0.400 | deliv   0.40 | blocked 39.0% | idle  0.8% | ent 0.897
  upd   57 | return    0.400 | deliv   0.40 | blocked 41.5% | idle  0.8% | ent 0.856
  upd   58 | return    0.200 | deliv   0.20 | blocked 41.5% | idle  0.8% | ent 0.826
  upd   59 | return    0.100 | deliv   0.10 | blocked 44.9% | idle  0.6% | ent 0.754
  upd   60 | return    0.000 | deliv   0.00 | blocked 46.8% | idle  0.7% | ent 0.762
  upd   61 | return    0.200 | deliv   0.20 | blocked 46.9% | idle  0.6% | ent 0.744
  upd   62 | return    0.200 | deliv   0.20 | blocked 48.1% | idle  0.6% | ent 0.734
  upd   63 | return    0.000 | deliv   0.00 | blocked 46.9% | idle  0.5% | ent 0.754
  upd   64 | return    0.100 | deliv   0.10 | blocked 44.7% | idle  0.6% | ent 0.772
  upd   65 | return    0.200 | deliv   0.20 | blocked 45.2% | idle  0.6% | ent 0.776
  upd   66 | return    0.300 | deliv   0.30 | blocked 40.8% | idle  0.7% | ent 0.829
  upd   67 | return    0.100 | deliv   0.10 | blocked 38.1% | idle  0.6% | ent 0.859
  upd   68 | return    0.000 | deliv   0.00 | blocked 34.5% | idle  0.8% | ent 0.908
  upd   69 | return    0.000 | deliv   0.00 | blocked 32.8% | idle  0.8% | ent 0.928
  upd   70 | return    0.200 | deliv   0.20 | blocked 30.9% | idle  0.8% | ent 0.937
  upd   71 | return    0.000 | deliv   0.00 | blocked 30.8% | idle  0.7% | ent 0.938
  upd   72 | return    0.100 | deliv   0.10 | blocked 27.5% | idle  0.7% | ent 0.945
  upd   73 | return    0.100 | deliv   0.10 | blocked 26.6% | idle  0.7% | ent 0.934
  upd   74 | return    0.000 | deliv   0.00 | blocked 25.4% | idle  0.7% | ent 0.942
  upd   75 | return    0.100 | deliv   0.10 | blocked 24.9% | idle  0.8% | ent 0.944
  upd   76 | return    0.000 | deliv   0.00 | blocked 22.9% | idle  0.7% | ent 0.908
  upd   77 | return    0.000 | deliv   0.00 | blocked 22.8% | idle  0.6% | ent 0.912
  upd   78 | return    0.000 | deliv   0.00 | blocked 21.9% | idle  0.8% | ent 0.923
  upd   79 | return    0.100 | deliv   0.10 | blocked 21.6% | idle  0.7% | ent 0.918
  upd   80 | return    0.200 | deliv   0.20 | blocked 20.8% | idle  0.7% | ent 0.903
  upd   81 | return    0.000 | deliv   0.00 | blocked 20.8% | idle  0.7% | ent 0.902
  upd   82 | return    0.100 | deliv   0.10 | blocked 20.3% | idle  0.7% | ent 0.902
  upd   83 | return    0.000 | deliv   0.00 | blocked 20.7% | idle  0.8% | ent 0.880
  upd   84 | return    0.100 | deliv   0.10 | blocked 21.6% | idle  0.8% | ent 0.894
  upd   85 | return    0.100 | deliv   0.10 | blocked 22.4% | idle  0.8% | ent 0.892
  upd   86 | return    0.000 | deliv   0.00 | blocked 24.4% | idle  0.7% | ent 0.909
  upd   87 | return    0.000 | deliv   0.00 | blocked 27.1% | idle  0.7% | ent 0.907
  upd   88 | return    0.000 | deliv   0.00 | blocked 29.1% | idle  0.8% | ent 0.906
  upd   89 | return    0.100 | deliv   0.10 | blocked 31.4% | idle  0.7% | ent 0.881
  upd   90 | return    0.100 | deliv   0.10 | blocked 32.5% | idle  0.8% | ent 0.906
  upd   91 | return    0.200 | deliv   0.20 | blocked 35.9% | idle  0.6% | ent 0.854
  upd   92 | return    0.100 | deliv   0.10 | blocked 36.5% | idle  0.7% | ent 0.852
  upd   93 | return    0.000 | deliv   0.00 | blocked 38.5% | idle  0.6% | ent 0.850
  upd   94 | return    0.000 | deliv   0.00 | blocked 41.9% | idle  0.6% | ent 0.813
  upd   95 | return    0.000 | deliv   0.00 | blocked 41.2% | idle  0.7% | ent 0.821
  upd   96 | return    0.000 | deliv   0.00 | blocked 44.4% | idle  0.6% | ent 0.774
  upd   97 | return    0.100 | deliv   0.10 | blocked 45.8% | idle  0.6% | ent 0.783
  upd   98 | return    0.000 | deliv   0.00 | blocked 48.1% | idle  0.5% | ent 0.739
  upd   99 | return    0.100 | deliv   0.10 | blocked 47.7% | idle  0.5% | ent 0.741
  [replay @ update 100] return 0.00  deliveries 0  -> runs/ia2c_tiny-4ag_seed2/replays/replay_upd000100_s0.npz
  upd  100 | return    0.100 | deliv   0.10 | blocked 48.8% | idle  0.5% | ent 0.737
  upd  101 | return    0.100 | deliv   0.10 | blocked 50.6% | idle  0.6% | ent 0.710
  upd  102 | return    0.100 | deliv   0.10 | blocked 49.6% | idle  0.4% | ent 0.715
  upd  103 | return    0.000 | deliv   0.00 | blocked 53.4% | idle  0.5% | ent 0.691
  upd  104 | return    0.000 | deliv   0.00 | blocked 53.6% | idle  0.5% | ent 0.690
  upd  105 | return    0.000 | deliv   0.00 | blocked 53.0% | idle  0.5% | ent 0.670
  upd  106 | return    0.100 | deliv   0.10 | blocked 56.5% | idle  0.5% | ent 0.642
  upd  107 | return    0.100 | deliv   0.10 | blocked 56.2% | idle  0.5% | ent 0.650
  upd  108 | return    0.000 | deliv   0.00 | blocked 57.6% | idle  0.6% | ent 0.629
  upd  109 | return    0.000 | deliv   0.00 | blocked 58.7% | idle  0.4% | ent 0.620
  upd  110 | return    0.000 | deliv   0.00 | blocked 61.8% | idle  0.4% | ent 0.580
  upd  111 | return    0.000 | deliv   0.00 | blocked 63.7% | idle  0.4% | ent 0.560
  upd  112 | return    0.000 | deliv   0.00 | blocked 62.0% | idle  0.4% | ent 0.566
  upd  113 | return    0.000 | deliv   0.00 | blocked 63.2% | idle  0.4% | ent 0.559
  upd  114 | return    0.000 | deliv   0.00 | blocked 64.9% | idle  0.3% | ent 0.561
  upd  115 | return    0.000 | deliv   0.00 | blocked 66.5% | idle  0.4% | ent 0.535
  upd  116 | return    0.100 | deliv   0.10 | blocked 66.3% | idle  0.3% | ent 0.534
  upd  117 | return    0.000 | deliv   0.00 | blocked 67.0% | idle  0.4% | ent 0.535
  upd  118 | return    0.000 | deliv   0.00 | blocked 66.7% | idle  0.3% | ent 0.531
  upd  119 | return    0.100 | deliv   0.10 | blocked 67.9% | idle  0.4% | ent 0.533
  upd  120 | return    0.100 | deliv   0.10 | blocked 68.2% | idle  0.5% | ent 0.533
  upd  121 | return    0.100 | deliv   0.10 | blocked 67.3% | idle  0.4% | ent 0.543
  upd  122 | return    0.000 | deliv   0.00 | blocked 67.7% | idle  0.4% | ent 0.529
  upd  123 | return    0.000 | deliv   0.00 | blocked 69.6% | idle  0.4% | ent 0.526
  upd  124 | return    0.000 | deliv   0.00 | blocked 67.4% | idle  0.4% | ent 0.546
  upd  125 | return    0.100 | deliv   0.10 | blocked 68.7% | idle  0.5% | ent 0.533
  upd  126 | return    0.100 | deliv   0.10 | blocked 72.8% | idle  0.2% | ent 0.506
  upd  127 | return    0.000 | deliv   0.00 | blocked 72.5% | idle  0.3% | ent 0.495
  upd  128 | return    0.000 | deliv   0.00 | blocked 75.1% | idle  0.3% | ent 0.472
  upd  129 | return    0.100 | deliv   0.10 | blocked 75.1% | idle  0.3% | ent 0.463
  upd  130 | return    0.000 | deliv   0.00 | blocked 74.1% | idle  0.3% | ent 0.480
  upd  131 | return    0.000 | deliv   0.00 | blocked 73.5% | idle  0.3% | ent 0.488
  upd  132 | return    0.000 | deliv   0.00 | blocked 74.6% | idle  0.3% | ent 0.488
  upd  133 | return    0.000 | deliv   0.00 | blocked 75.1% | idle  0.4% | ent 0.476
  upd  134 | return    0.000 | deliv   0.00 | blocked 74.5% | idle  0.4% | ent 0.486
  upd  135 | return    0.000 | deliv   0.00 | blocked 74.4% | idle  0.4% | ent 0.501
  upd  136 | return    0.000 | deliv   0.00 | blocked 73.1% | idle  0.4% | ent 0.502
  upd  137 | return    0.100 | deliv   0.10 | blocked 74.2% | idle  0.4% | ent 0.492
  upd  138 | return    0.000 | deliv   0.00 | blocked 72.9% | idle  0.4% | ent 0.514
  upd  139 | return    0.100 | deliv   0.10 | blocked 73.4% | idle  0.4% | ent 0.509
  upd  140 | return    0.000 | deliv   0.00 | blocked 76.0% | idle  0.3% | ent 0.486
  upd  141 | return    0.000 | deliv   0.00 | blocked 72.8% | idle  0.3% | ent 0.523
  upd  142 | return    0.000 | deliv   0.00 | blocked 74.7% | idle  0.4% | ent 0.491
  upd  143 | return    0.000 | deliv   0.00 | blocked 75.5% | idle  0.4% | ent 0.484
  upd  144 | return    0.000 | deliv   0.00 | blocked 76.6% | idle  0.3% | ent 0.459
  upd  145 | return    0.100 | deliv   0.10 | blocked 79.2% | idle  0.3% | ent 0.436
  upd  146 | return    0.000 | deliv   0.00 | blocked 79.2% | idle  0.3% | ent 0.441
  upd  147 | return    0.000 | deliv   0.00 | blocked 77.3% | idle  0.3% | ent 0.453
  upd  148 | return    0.000 | deliv   0.00 | blocked 78.9% | idle  0.3% | ent 0.446
  upd  149 | return    0.000 | deliv   0.00 | blocked 73.3% | idle  0.4% | ent 0.466
  upd  150 | return    0.000 | deliv   0.00 | blocked 79.3% | idle  0.3% | ent 0.428
  upd  151 | return    0.000 | deliv   0.00 | blocked 79.2% | idle  0.3% | ent 0.429
  upd  152 | return    0.000 | deliv   0.00 | blocked 76.5% | idle  0.3% | ent 0.440
  upd  153 | return    0.000 | deliv   0.00 | blocked 78.1% | idle  0.3% | ent 0.422
  upd  154 | return    0.000 | deliv   0.00 | blocked 81.2% | idle  0.3% | ent 0.401
  upd  155 | return    0.000 | deliv   0.00 | blocked 80.3% | idle  0.2% | ent 0.391
  upd  156 | return    0.000 | deliv   0.00 | blocked 82.5% | idle  0.2% | ent 0.370
  upd  157 | return    0.000 | deliv   0.00 | blocked 81.8% | idle  0.3% | ent 0.363
  upd  158 | return    0.000 | deliv   0.00 | blocked 81.3% | idle  0.3% | ent 0.368
  upd  159 | return    0.000 | deliv   0.00 | blocked 81.3% | idle  0.3% | ent 0.359
  upd  160 | return    0.000 | deliv   0.00 | blocked 84.1% | idle  0.2% | ent 0.331
  upd  161 | return    0.100 | deliv   0.10 | blocked 85.4% | idle  0.2% | ent 0.308
  upd  162 | return    0.000 | deliv   0.00 | blocked 82.8% | idle  0.2% | ent 0.357
  upd  163 | return    0.000 | deliv   0.00 | blocked 81.5% | idle  0.3% | ent 0.385
  upd  164 | return    0.000 | deliv   0.00 | blocked 81.5% | idle  0.2% | ent 0.391
  upd  165 | return    0.000 | deliv   0.00 | blocked 78.8% | idle  0.3% | ent 0.422
  upd  166 | return    0.100 | deliv   0.10 | blocked 78.4% | idle  0.3% | ent 0.423
  upd  167 | return    0.000 | deliv   0.00 | blocked 74.6% | idle  0.3% | ent 0.497
  upd  168 | return    0.100 | deliv   0.10 | blocked 64.7% | idle  0.4% | ent 0.639
  upd  169 | return    0.000 | deliv   0.00 | blocked 61.5% | idle  0.4% | ent 0.672
  upd  170 | return    0.000 | deliv   0.00 | blocked 54.8% | idle  0.5% | ent 0.731
  upd  171 | return    0.100 | deliv   0.10 | blocked 50.9% | idle  0.6% | ent 0.788
  upd  172 | return    0.000 | deliv   0.00 | blocked 46.5% | idle  0.5% | ent 0.816
  upd  173 | return    0.000 | deliv   0.00 | blocked 41.2% | idle  0.5% | ent 0.844
  upd  174 | return    0.100 | deliv   0.10 | blocked 39.1% | idle  0.5% | ent 0.867
  upd  175 | return    0.100 | deliv   0.10 | blocked 37.9% | idle  0.6% | ent 0.879
  upd  176 | return    0.000 | deliv   0.00 | blocked 39.6% | idle  0.5% | ent 0.846
  upd  177 | return    0.100 | deliv   0.10 | blocked 37.8% | idle  0.6% | ent 0.873
  upd  178 | return    0.000 | deliv   0.00 | blocked 40.6% | idle  0.4% | ent 0.838
  upd  179 | return    0.000 | deliv   0.00 | blocked 43.9% | idle  0.5% | ent 0.815
  upd  180 | return    0.200 | deliv   0.20 | blocked 43.1% | idle  0.6% | ent 0.822
  upd  181 | return    0.000 | deliv   0.00 | blocked 50.0% | idle  0.4% | ent 0.778
  upd  182 | return    0.000 | deliv   0.00 | blocked 50.1% | idle  0.4% | ent 0.775
  upd  183 | return    0.000 | deliv   0.00 | blocked 54.7% | idle  0.4% | ent 0.706
  upd  184 | return    0.000 | deliv   0.00 | blocked 60.4% | idle  0.3% | ent 0.668
  upd  185 | return    0.000 | deliv   0.00 | blocked 60.7% | idle  0.3% | ent 0.663
  upd  186 | return    0.000 | deliv   0.00 | blocked 67.1% | idle  0.3% | ent 0.576
  upd  187 | return    0.000 | deliv   0.00 | blocked 72.0% | idle  0.3% | ent 0.527
  upd  188 | return    0.000 | deliv   0.00 | blocked 74.0% | idle  0.3% | ent 0.487
  upd  189 | return    0.000 | deliv   0.00 | blocked 75.5% | idle  0.2% | ent 0.465
  upd  190 | return    0.000 | deliv   0.00 | blocked 76.7% | idle  0.2% | ent 0.451
  upd  191 | return    0.000 | deliv   0.00 | blocked 81.1% | idle  0.2% | ent 0.390
  upd  192 | return    0.000 | deliv   0.00 | blocked 82.7% | idle  0.1% | ent 0.371
  upd  193 | return    0.000 | deliv   0.00 | blocked 81.5% | idle  0.2% | ent 0.380
  upd  194 | return    0.000 | deliv   0.00 | blocked 81.1% | idle  0.2% | ent 0.361
  upd  195 | return    0.100 | deliv   0.10 | blocked 83.5% | idle  0.2% | ent 0.348
  upd  196 | return    0.000 | deliv   0.00 | blocked 85.8% | idle  0.1% | ent 0.315
  upd  197 | return    0.000 | deliv   0.00 | blocked 86.3% | idle  0.2% | ent 0.289
  upd  198 | return    0.000 | deliv   0.00 | blocked 89.0% | idle  0.1% | ent 0.250
  upd  199 | return    0.000 | deliv   0.00 | blocked 88.5% | idle  0.1% | ent 0.253
  [replay @ update 200] return 0.00  deliveries 0  -> runs/ia2c_tiny-4ag_seed2/replays/replay_upd000200_s0.npz
  upd  200 | return    0.000 | deliv   0.00 | blocked 90.3% | idle  0.1% | ent 0.221
  upd  201 | return    0.000 | deliv   0.00 | blocked 90.0% | idle  0.1% | ent 0.228
  upd  202 | return    0.000 | deliv   0.00 | blocked 89.0% | idle  0.1% | ent 0.214
  upd  203 | return    0.000 | deliv   0.00 | blocked 91.7% | idle  0.1% | ent 0.187
  upd  204 | return    0.000 | deliv   0.00 | blocked 90.7% | idle  0.1% | ent 0.197
  upd  205 | return    0.000 | deliv   0.00 | blocked 91.5% | idle  0.2% | ent 0.181
  upd  206 | return    0.000 | deliv   0.00 | blocked 90.1% | idle  0.1% | ent 0.198
  upd  207 | return    0.000 | deliv   0.00 | blocked 90.1% | idle  0.1% | ent 0.202
  upd  208 | return    0.000 | deliv   0.00 | blocked 90.8% | idle  0.1% | ent 0.179
  upd  209 | return    0.000 | deliv   0.00 | blocked 91.4% | idle  0.1% | ent 0.182
  upd  210 | return    0.000 | deliv   0.00 | blocked 90.6% | idle  0.1% | ent 0.196
  upd  211 | return    0.000 | deliv   0.00 | blocked 91.4% | idle  0.1% | ent 0.186
  upd  212 | return    0.000 | deliv   0.00 | blocked 91.2% | idle  0.2% | ent 0.183
  upd  213 | return    0.000 | deliv   0.00 | blocked 91.1% | idle  0.1% | ent 0.188
  upd  214 | return    0.000 | deliv   0.00 | blocked 91.5% | idle  0.1% | ent 0.187
  upd  215 | return    0.000 | deliv   0.00 | blocked 91.4% | idle  0.1% | ent 0.185
  upd  216 | return    0.000 | deliv   0.00 | blocked 90.7% | idle  0.1% | ent 0.189
  upd  217 | return    0.100 | deliv   0.10 | blocked 90.6% | idle  0.1% | ent 0.194
  upd  218 | return    0.000 | deliv   0.00 | blocked 90.7% | idle  0.1% | ent 0.208
  upd  219 | return    0.000 | deliv   0.00 | blocked 89.7% | idle  0.1% | ent 0.221
  upd  220 | return    0.000 | deliv   0.00 | blocked 90.2% | idle  0.1% | ent 0.219
  upd  221 | return    0.000 | deliv   0.00 | blocked 88.7% | idle  0.1% | ent 0.252
  upd  222 | return    0.000 | deliv   0.00 | blocked 88.3% | idle  0.2% | ent 0.275
  upd  223 | return    0.000 | deliv   0.00 | blocked 88.0% | idle  0.2% | ent 0.276
  upd  224 | return    0.000 | deliv   0.00 | blocked 87.5% | idle  0.1% | ent 0.288
  upd  225 | return    0.000 | deliv   0.00 | blocked 86.7% | idle  0.1% | ent 0.300
  upd  226 | return    0.000 | deliv   0.00 | blocked 85.3% | idle  0.2% | ent 0.322
  upd  227 | return    0.000 | deliv   0.00 | blocked 85.7% | idle  0.1% | ent 0.325
  upd  228 | return    0.000 | deliv   0.00 | blocked 85.2% | idle  0.2% | ent 0.335
  upd  229 | return    0.000 | deliv   0.00 | blocked 84.6% | idle  0.2% | ent 0.354
  upd  230 | return    0.000 | deliv   0.00 | blocked 83.8% | idle  0.2% | ent 0.361
  upd  231 | return    0.000 | deliv   0.00 | blocked 83.6% | idle  0.2% | ent 0.364
  upd  232 | return    0.100 | deliv   0.10 | blocked 83.4% | idle  0.2% | ent 0.366
  upd  233 | return    0.000 | deliv   0.00 | blocked 83.3% | idle  0.1% | ent 0.365
  upd  234 | return    0.000 | deliv   0.00 | blocked 82.0% | idle  0.2% | ent 0.386
  upd  235 | return    0.000 | deliv   0.00 | blocked 84.0% | idle  0.1% | ent 0.374
  upd  236 | return    0.000 | deliv   0.00 | blocked 83.1% | idle  0.2% | ent 0.387
  upd  237 | return    0.000 | deliv   0.00 | blocked 82.5% | idle  0.3% | ent 0.398
  upd  238 | return    0.000 | deliv   0.00 | blocked 82.0% | idle  0.2% | ent 0.405
  upd  239 | return    0.000 | deliv   0.00 | blocked 82.1% | idle  0.2% | ent 0.400
  upd  240 | return    0.100 | deliv   0.10 | blocked 80.4% | idle  0.2% | ent 0.408
  upd  241 | return    0.000 | deliv   0.00 | blocked 81.3% | idle  0.2% | ent 0.413
  upd  242 | return    0.000 | deliv   0.00 | blocked 81.2% | idle  0.2% | ent 0.412
  upd  243 | return    0.000 | deliv   0.00 | blocked 81.0% | idle  0.3% | ent 0.411
  upd  244 | return    0.000 | deliv   0.00 | blocked 80.2% | idle  0.2% | ent 0.414
  upd  245 | return    0.000 | deliv   0.00 | blocked 81.2% | idle  0.2% | ent 0.406
  upd  246 | return    0.000 | deliv   0.00 | blocked 81.3% | idle  0.1% | ent 0.414
  upd  247 | return    0.000 | deliv   0.00 | blocked 82.2% | idle  0.2% | ent 0.398
  upd  248 | return    0.000 | deliv   0.00 | blocked 81.9% | idle  0.2% | ent 0.408
  upd  249 | return    0.000 | deliv   0.00 | blocked 80.3% | idle  0.2% | ent 0.421
  upd  250 | return    0.000 | deliv   0.00 | blocked 81.4% | idle  0.2% | ent 0.416
  upd  251 | return    0.000 | deliv   0.00 | blocked 80.9% | idle  0.2% | ent 0.414
  upd  252 | return    0.000 | deliv   0.00 | blocked 81.5% | idle  0.2% | ent 0.403
  upd  253 | return    0.100 | deliv   0.10 | blocked 80.6% | idle  0.2% | ent 0.421
  upd  254 | return    0.000 | deliv   0.00 | blocked 82.8% | idle  0.2% | ent 0.392
  upd  255 | return    0.000 | deliv   0.00 | blocked 82.2% | idle  0.2% | ent 0.396
  upd  256 | return    0.000 | deliv   0.00 | blocked 81.5% | idle  0.2% | ent 0.377
  upd  257 | return    0.100 | deliv   0.10 | blocked 82.9% | idle  0.2% | ent 0.376
  upd  258 | return    0.000 | deliv   0.00 | blocked 84.5% | idle  0.2% | ent 0.358
  upd  259 | return    0.000 | deliv   0.00 | blocked 83.4% | idle  0.2% | ent 0.368
  upd  260 | return    0.000 | deliv   0.00 | blocked 85.1% | idle  0.2% | ent 0.341
  upd  261 | return    0.000 | deliv   0.00 | blocked 85.9% | idle  0.2% | ent 0.329
  upd  262 | return    0.000 | deliv   0.00 | blocked 86.0% | idle  0.2% | ent 0.329
  upd  263 | return    0.000 | deliv   0.00 | blocked 86.9% | idle  0.2% | ent 0.309
  upd  264 | return    0.000 | deliv   0.00 | blocked 85.7% | idle  0.2% | ent 0.323
  upd  265 | return    0.000 | deliv   0.00 | blocked 86.9% | idle  0.2% | ent 0.316
  upd  266 | return    0.000 | deliv   0.00 | blocked 86.2% | idle  0.2% | ent 0.313
  upd  267 | return    0.100 | deliv   0.10 | blocked 86.0% | idle  0.2% | ent 0.301
  upd  268 | return    0.000 | deliv   0.00 | blocked 86.0% | idle  0.2% | ent 0.320
  upd  269 | return    0.000 | deliv   0.00 | blocked 86.0% | idle  0.2% | ent 0.319
  upd  270 | return    0.000 | deliv   0.00 | blocked 86.1% | idle  0.2% | ent 0.323
  upd  271 | return    0.000 | deliv   0.00 | blocked 86.0% | idle  0.1% | ent 0.316
  upd  272 | return    0.000 | deliv   0.00 | blocked 86.3% | idle  0.1% | ent 0.313
  upd  273 | return    0.000 | deliv   0.00 | blocked 86.6% | idle  0.2% | ent 0.316
  upd  274 | return    0.000 | deliv   0.00 | blocked 86.1% | idle  0.2% | ent 0.312
  upd  275 | return    0.000 | deliv   0.00 | blocked 85.3% | idle  0.3% | ent 0.334
  upd  276 | return    0.000 | deliv   0.00 | blocked 85.7% | idle  0.2% | ent 0.330
  upd  277 | return    0.000 | deliv   0.00 | blocked 85.5% | idle  0.2% | ent 0.332
  upd  278 | return    0.000 | deliv   0.00 | blocked 84.7% | idle  0.2% | ent 0.350
  upd  279 | return    0.100 | deliv   0.10 | blocked 85.9% | idle  0.2% | ent 0.330
  upd  280 | return    0.000 | deliv   0.00 | blocked 84.0% | idle  0.2% | ent 0.361
  upd  281 | return    0.000 | deliv   0.00 | blocked 84.3% | idle  0.2% | ent 0.365
  upd  282 | return    0.000 | deliv   0.00 | blocked 83.3% | idle  0.2% | ent 0.387
  upd  283 | return    0.000 | deliv   0.00 | blocked 82.5% | idle  0.3% | ent 0.392
  upd  284 | return    0.000 | deliv   0.00 | blocked 81.1% | idle  0.3% | ent 0.434
  upd  285 | return    0.100 | deliv   0.10 | blocked 79.4% | idle  0.2% | ent 0.434
  upd  286 | return    0.000 | deliv   0.00 | blocked 80.2% | idle  0.3% | ent 0.435
  upd  287 | return    0.000 | deliv   0.00 | blocked 80.5% | idle  0.3% | ent 0.438
  upd  288 | return    0.000 | deliv   0.00 | blocked 79.6% | idle  0.2% | ent 0.444
  upd  289 | return    0.000 | deliv   0.00 | blocked 80.2% | idle  0.2% | ent 0.446
  upd  290 | return    0.100 | deliv   0.10 | blocked 79.2% | idle  0.2% | ent 0.459
  upd  291 | return    0.000 | deliv   0.00 | blocked 79.7% | idle  0.2% | ent 0.471
  upd  292 | return    0.100 | deliv   0.10 | blocked 76.4% | idle  0.3% | ent 0.513
  upd  293 | return    0.000 | deliv   0.00 | blocked 76.1% | idle  0.3% | ent 0.526
  upd  294 | return    0.000 | deliv   0.00 | blocked 76.0% | idle  0.3% | ent 0.530
  upd  295 | return    0.000 | deliv   0.00 | blocked 75.0% | idle  0.3% | ent 0.543
  upd  296 | return    0.000 | deliv   0.00 | blocked 73.1% | idle  0.3% | ent 0.574
  upd  297 | return    0.000 | deliv   0.00 | blocked 72.7% | idle  0.3% | ent 0.579
  upd  298 | return    0.000 | deliv   0.00 | blocked 72.2% | idle  0.4% | ent 0.591
  upd  299 | return    0.000 | deliv   0.00 | blocked 71.8% | idle  0.4% | ent 0.602
  [replay @ update 300] return 0.00  deliveries 0  -> runs/ia2c_tiny-4ag_seed2/replays/replay_upd000300_s0.npz
  upd  300 | return    0.000 | deliv   0.00 | blocked 71.7% | idle  0.4% | ent 0.600
  upd  301 | return    0.000 | deliv   0.00 | blocked 69.5% | idle  0.4% | ent 0.631
  upd  302 | return    0.000 | deliv   0.00 | blocked 69.0% | idle  0.4% | ent 0.638
  upd  303 | return    0.000 | deliv   0.00 | blocked 69.5% | idle  0.4% | ent 0.646
  upd  304 | return    0.000 | deliv   0.00 | blocked 68.3% | idle  0.3% | ent 0.660
  upd  305 | return    0.000 | deliv   0.00 | blocked 67.6% | idle  0.4% | ent 0.666
  upd  306 | return    0.000 | deliv   0.00 | blocked 66.4% | idle  0.4% | ent 0.671
  upd  307 | return    0.000 | deliv   0.00 | blocked 66.5% | idle  0.5% | ent 0.680
  upd  308 | return    0.100 | deliv   0.10 | blocked 66.3% | idle  0.4% | ent 0.672
  upd  309 | return    0.000 | deliv   0.00 | blocked 63.2% | idle  0.4% | ent 0.720
  upd  310 | return    0.000 | deliv   0.00 | blocked 61.7% | idle  0.4% | ent 0.718
  upd  311 | return    0.000 | deliv   0.00 | blocked 60.4% | idle  0.5% | ent 0.740
  upd  312 | return    0.100 | deliv   0.10 | blocked 60.0% | idle  0.5% | ent 0.753
  upd  313 | return    0.000 | deliv   0.00 | blocked 61.8% | idle  0.4% | ent 0.738
  upd  314 | return    0.000 | deliv   0.00 | blocked 62.4% | idle  0.4% | ent 0.714
  upd  315 | return    0.000 | deliv   0.00 | blocked 64.3% | idle  0.4% | ent 0.714
  upd  316 | return    0.000 | deliv   0.00 | blocked 65.7% | idle  0.5% | ent 0.681
  upd  317 | return    0.100 | deliv   0.10 | blocked 66.4% | idle  0.4% | ent 0.675
  upd  318 | return    0.000 | deliv   0.00 | blocked 68.9% | idle  0.3% | ent 0.642
  upd  319 | return    0.000 | deliv   0.00 | blocked 70.8% | idle  0.3% | ent 0.628
  upd  320 | return    0.000 | deliv   0.00 | blocked 73.1% | idle  0.3% | ent 0.594
  upd  321 | return    0.000 | deliv   0.00 | blocked 73.7% | idle  0.4% | ent 0.582
  upd  322 | return    0.000 | deliv   0.00 | blocked 73.7% | idle  0.3% | ent 0.571
  upd  323 | return    0.100 | deliv   0.10 | blocked 74.7% | idle  0.4% | ent 0.560
  upd  324 | return    0.000 | deliv   0.00 | blocked 76.6% | idle  0.3% | ent 0.537
  upd  325 | return    0.000 | deliv   0.00 | blocked 76.9% | idle  0.3% | ent 0.530
  upd  326 | return    0.000 | deliv   0.00 | blocked 77.4% | idle  0.3% | ent 0.523
  upd  327 | return    0.000 | deliv   0.00 | blocked 77.5% | idle  0.2% | ent 0.522
  upd  328 | return    0.000 | deliv   0.00 | blocked 77.0% | idle  0.2% | ent 0.512
  upd  329 | return    0.000 | deliv   0.00 | blocked 76.2% | idle  0.2% | ent 0.512
  upd  330 | return    0.000 | deliv   0.00 | blocked 77.4% | idle  0.2% | ent 0.519
  upd  331 | return    0.000 | deliv   0.00 | blocked 77.4% | idle  0.2% | ent 0.524
  upd  332 | return    0.000 | deliv   0.00 | blocked 76.7% | idle  0.3% | ent 0.536
  upd  333 | return    0.000 | deliv   0.00 | blocked 76.1% | idle  0.2% | ent 0.539
  upd  334 | return    0.100 | deliv   0.10 | blocked 75.4% | idle  0.4% | ent 0.545
  upd  335 | return    0.000 | deliv   0.00 | blocked 73.6% | idle  0.3% | ent 0.587
  upd  336 | return    0.000 | deliv   0.00 | blocked 71.5% | idle  0.3% | ent 0.616
  upd  337 | return    0.000 | deliv   0.00 | blocked 67.1% | idle  0.3% | ent 0.647
  upd  338 | return    0.000 | deliv   0.00 | blocked 67.7% | idle  0.3% | ent 0.683
  upd  339 | return    0.000 | deliv   0.00 | blocked 65.8% | idle  0.3% | ent 0.710
  upd  340 | return    0.000 | deliv   0.00 | blocked 63.3% | idle  0.5% | ent 0.724
  upd  341 | return    0.000 | deliv   0.00 | blocked 60.6% | idle  0.5% | ent 0.756
  upd  342 | return    0.000 | deliv   0.00 | blocked 61.2% | idle  0.4% | ent 0.753
  upd  343 | return    0.000 | deliv   0.00 | blocked 59.0% | idle  0.5% | ent 0.789
  upd  344 | return    0.000 | deliv   0.00 | blocked 57.4% | idle  0.4% | ent 0.800
  upd  345 | return    0.000 | deliv   0.00 | blocked 55.4% | idle  0.5% | ent 0.816
  upd  346 | return    0.000 | deliv   0.00 | blocked 54.3% | idle  0.5% | ent 0.841
  upd  347 | return    0.000 | deliv   0.00 | blocked 54.0% | idle  0.5% | ent 0.848
  upd  348 | return    0.000 | deliv   0.00 | blocked 53.5% | idle  0.6% | ent 0.858
  upd  349 | return    0.000 | deliv   0.00 | blocked 50.5% | idle  0.6% | ent 0.877
  upd  350 | return    0.000 | deliv   0.00 | blocked 50.9% | idle  0.5% | ent 0.871
  upd  351 | return    0.000 | deliv   0.00 | blocked 49.3% | idle  0.6% | ent 0.891
  upd  352 | return    0.000 | deliv   0.00 | blocked 47.3% | idle  0.5% | ent 0.915
  upd  353 | return    0.000 | deliv   0.00 | blocked 46.8% | idle  0.6% | ent 0.907
  upd  354 | return    0.000 | deliv   0.00 | blocked 47.1% | idle  0.6% | ent 0.925
  upd  355 | return    0.000 | deliv   0.00 | blocked 45.2% | idle  0.6% | ent 0.935
  upd  356 | return    0.100 | deliv   0.10 | blocked 44.6% | idle  0.6% | ent 0.932
  upd  357 | return    0.000 | deliv   0.00 | blocked 47.2% | idle  0.7% | ent 0.927
  upd  358 | return    0.000 | deliv   0.00 | blocked 49.6% | idle  0.6% | ent 0.903
  upd  359 | return    0.000 | deliv   0.00 | blocked 51.5% | idle  0.6% | ent 0.898
  upd  360 | return    0.000 | deliv   0.00 | blocked 52.5% | idle  0.8% | ent 0.883
  upd  361 | return    0.000 | deliv   0.00 | blocked 53.4% | idle  0.6% | ent 0.870
  upd  362 | return    0.000 | deliv   0.00 | blocked 55.2% | idle  0.8% | ent 0.872
  upd  363 | return    0.000 | deliv   0.00 | blocked 56.2% | idle  0.6% | ent 0.860
  upd  364 | return    0.000 | deliv   0.00 | blocked 57.3% | idle  0.7% | ent 0.849
  upd  365 | return    0.000 | deliv   0.00 | blocked 57.2% | idle  0.6% | ent 0.840
  upd  366 | return    0.000 | deliv   0.00 | blocked 58.5% | idle  0.7% | ent 0.841
  upd  367 | return    0.000 | deliv   0.00 | blocked 58.7% | idle  0.7% | ent 0.840
  upd  368 | return    0.100 | deliv   0.10 | blocked 59.8% | idle  0.6% | ent 0.835
  upd  369 | return    0.000 | deliv   0.00 | blocked 60.5% | idle  0.6% | ent 0.826
  upd  370 | return    0.000 | deliv   0.00 | blocked 61.1% | idle  0.7% | ent 0.809
  upd  371 | return    0.000 | deliv   0.00 | blocked 62.3% | idle  0.6% | ent 0.795
  upd  372 | return    0.000 | deliv   0.00 | blocked 62.3% | idle  0.7% | ent 0.802
  upd  373 | return    0.000 | deliv   0.00 | blocked 62.3% | idle  0.7% | ent 0.812
  upd  374 | return    0.000 | deliv   0.00 | blocked 62.9% | idle  0.7% | ent 0.808
  upd  375 | return    0.000 | deliv   0.00 | blocked 63.0% | idle  0.7% | ent 0.798
  upd  376 | return    0.000 | deliv   0.00 | blocked 62.8% | idle  0.6% | ent 0.815
  upd  377 | return    0.000 | deliv   0.00 | blocked 62.8% | idle  0.7% | ent 0.825
  upd  378 | return    0.000 | deliv   0.00 | blocked 63.8% | idle  0.7% | ent 0.799
  upd  379 | return    0.000 | deliv   0.00 | blocked 62.2% | idle  0.8% | ent 0.844
  upd  380 | return    0.000 | deliv   0.00 | blocked 62.0% | idle  0.8% | ent 0.846
  upd  381 | return    0.000 | deliv   0.00 | blocked 61.1% | idle  0.9% | ent 0.837
  upd  382 | return    0.000 | deliv   0.00 | blocked 61.0% | idle  1.0% | ent 0.863
  upd  383 | return    0.000 | deliv   0.00 | blocked 59.7% | idle  1.0% | ent 0.883
  upd  384 | return    0.000 | deliv   0.00 | blocked 58.5% | idle  1.0% | ent 0.902
  upd  385 | return    0.000 | deliv   0.00 | blocked 56.9% | idle  1.1% | ent 0.914
  upd  386 | return    0.000 | deliv   0.00 | blocked 55.4% | idle  0.9% | ent 0.941
  upd  387 | return    0.000 | deliv   0.00 | blocked 54.5% | idle  1.1% | ent 0.949
  upd  388 | return    0.100 | deliv   0.10 | blocked 54.2% | idle  1.0% | ent 0.972
  upd  389 | return    0.000 | deliv   0.00 | blocked 53.3% | idle  1.0% | ent 0.969
  upd  390 | return    0.000 | deliv   0.00 | blocked 50.7% | idle  1.1% | ent 0.989
  upd  391 | return    0.100 | deliv   0.10 | blocked 51.9% | idle  1.1% | ent 0.983
  upd  392 | return    0.000 | deliv   0.00 | blocked 51.5% | idle  1.3% | ent 1.021
  upd  393 | return    0.000 | deliv   0.00 | blocked 49.8% | idle  1.8% | ent 1.057
  upd  394 | return    0.000 | deliv   0.00 | blocked 49.6% | idle  1.9% | ent 1.071
  upd  395 | return    0.000 | deliv   0.00 | blocked 47.4% | idle  2.5% | ent 1.090
  upd  396 | return    0.100 | deliv   0.10 | blocked 46.1% | idle  2.7% | ent 1.105
  upd  397 | return    0.000 | deliv   0.00 | blocked 43.2% | idle  3.3% | ent 1.138
  upd  398 | return    0.000 | deliv   0.00 | blocked 40.0% | idle  3.7% | ent 1.152
  upd  399 | return    0.000 | deliv   0.00 | blocked 37.7% | idle  3.9% | ent 1.172
  [replay @ update 400] return 0.00  deliveries 0  -> runs/ia2c_tiny-4ag_seed2/replays/replay_upd000400_s0.npz
  upd  400 | return    0.100 | deliv   0.10 | blocked 35.1% | idle  4.3% | ent 1.174
  upd  401 | return    0.100 | deliv   0.10 | blocked 36.5% | idle  4.8% | ent 1.178
  upd  402 | return    0.000 | deliv   0.00 | blocked 38.8% | idle  4.9% | ent 1.156
  upd  403 | return    0.000 | deliv   0.00 | blocked 43.1% | idle  4.4% | ent 1.123
  upd  404 | return    0.000 | deliv   0.00 | blocked 48.1% | idle  4.3% | ent 1.089
  upd  405 | return    0.100 | deliv   0.10 | blocked 50.7% | idle  3.8% | ent 1.051
  upd  406 | return    0.000 | deliv   0.00 | blocked 53.7% | idle  3.8% | ent 1.007
  upd  407 | return    0.000 | deliv   0.00 | blocked 56.4% | idle  3.6% | ent 0.974
  upd  408 | return    0.000 | deliv   0.00 | blocked 59.4% | idle  3.6% | ent 0.937
  upd  409 | return    0.100 | deliv   0.10 | blocked 61.3% | idle  3.2% | ent 0.898
  upd  410 | return    0.000 | deliv   0.00 | blocked 59.4% | idle  3.6% | ent 0.955
  upd  411 | return    0.000 | deliv   0.00 | blocked 57.9% | idle  3.7% | ent 0.995
  upd  412 | return    0.000 | deliv   0.00 | blocked 56.7% | idle  4.1% | ent 1.024
  upd  413 | return    0.000 | deliv   0.00 | blocked 54.0% | idle  4.3% | ent 1.070
  upd  414 | return    0.100 | deliv   0.10 | blocked 52.3% | idle  4.7% | ent 1.091
  upd  415 | return    0.000 | deliv   0.00 | blocked 51.7% | idle  4.7% | ent 1.111
  upd  416 | return    0.000 | deliv   0.00 | blocked 49.6% | idle  4.7% | ent 1.134
  upd  417 | return    0.000 | deliv   0.00 | blocked 46.4% | idle  5.3% | ent 1.182
  upd  418 | return    0.100 | deliv   0.10 | blocked 45.1% | idle  5.4% | ent 1.184
  upd  419 | return    0.200 | deliv   0.20 | blocked 43.8% | idle  5.4% | ent 1.199
  upd  420 | return    0.000 | deliv   0.00 | blocked 37.0% | idle  6.8% | ent 1.280
  upd  421 | return    0.000 | deliv   0.00 | blocked 29.8% | idle  9.3% | ent 1.352
  upd  422 | return    0.000 | deliv   0.00 | blocked 23.1% | idle 11.3% | ent 1.373
  upd  423 | return    0.000 | deliv   0.00 | blocked 19.6% | idle 12.6% | ent 1.354
  upd  424 | return    0.000 | deliv   0.00 | blocked 15.1% | idle 13.4% | ent 1.327
  upd  425 | return    0.000 | deliv   0.00 | blocked 13.2% | idle 15.0% | ent 1.297
  upd  426 | return    0.300 | deliv   0.30 | blocked 11.5% | idle 15.9% | ent 1.272
  upd  427 | return    0.000 | deliv   0.00 | blocked 11.7% | idle 17.8% | ent 1.288
  upd  428 | return    0.100 | deliv   0.10 | blocked 12.1% | idle 21.2% | ent 1.308
  upd  429 | return    0.000 | deliv   0.00 | blocked 10.1% | idle 24.2% | ent 1.288
  upd  430 | return    0.000 | deliv   0.00 | blocked  9.8% | idle 26.3% | ent 1.290
  upd  431 | return    0.000 | deliv   0.00 | blocked  8.9% | idle 28.8% | ent 1.273
  upd  432 | return    0.100 | deliv   0.10 | blocked  8.7% | idle 31.3% | ent 1.248
  upd  433 | return    0.000 | deliv   0.00 | blocked  7.8% | idle 36.1% | ent 1.244
  upd  434 | return    0.100 | deliv   0.10 | blocked  7.8% | idle 41.7% | ent 1.239
  upd  435 | return    0.000 | deliv   0.00 | blocked  7.6% | idle 45.7% | ent 1.237
  upd  436 | return    0.100 | deliv   0.10 | blocked  7.7% | idle 49.1% | ent 1.215
  upd  437 | return    0.200 | deliv   0.20 | blocked  8.7% | idle 46.8% | ent 1.241
  upd  438 | return    0.000 | deliv   0.00 | blocked  9.6% | idle 47.8% | ent 1.242
  upd  439 | return    0.000 | deliv   0.00 | blocked 11.5% | idle 48.7% | ent 1.230
  upd  440 | return    0.100 | deliv   0.10 | blocked 13.0% | idle 47.9% | ent 1.229
  upd  441 | return    0.000 | deliv   0.00 | blocked 15.7% | idle 48.0% | ent 1.242
  upd  442 | return    0.100 | deliv   0.10 | blocked 18.6% | idle 47.4% | ent 1.248
  upd  443 | return    0.000 | deliv   0.00 | blocked 21.4% | idle 45.9% | ent 1.253
  upd  444 | return    0.000 | deliv   0.00 | blocked 24.5% | idle 43.7% | ent 1.257
  upd  445 | return    0.000 | deliv   0.00 | blocked 27.9% | idle 41.8% | ent 1.252
  upd  446 | return    0.000 | deliv   0.00 | blocked 30.7% | idle 40.1% | ent 1.248
  upd  447 | return    0.100 | deliv   0.10 | blocked 34.6% | idle 37.4% | ent 1.230
  upd  448 | return    0.100 | deliv   0.10 | blocked 37.6% | idle 34.5% | ent 1.223
  upd  449 | return    0.000 | deliv   0.00 | blocked 41.9% | idle 31.1% | ent 1.199
  upd  450 | return    0.000 | deliv   0.00 | blocked 44.7% | idle 28.3% | ent 1.186
  upd  451 | return    0.000 | deliv   0.00 | blocked 46.3% | idle 26.9% | ent 1.164
  upd  452 | return    0.100 | deliv   0.10 | blocked 48.7% | idle 24.0% | ent 1.135
  upd  453 | return    0.000 | deliv   0.00 | blocked 51.3% | idle 21.3% | ent 1.121
  upd  454 | return    0.000 | deliv   0.00 | blocked 53.6% | idle 18.5% | ent 1.087
  upd  455 | return    0.000 | deliv   0.00 | blocked 55.8% | idle 16.1% | ent 1.039
  upd  456 | return    0.100 | deliv   0.10 | blocked 56.2% | idle 14.0% | ent 1.005
  upd  457 | return    0.000 | deliv   0.00 | blocked 56.6% | idle 13.7% | ent 1.014
  upd  458 | return    0.100 | deliv   0.10 | blocked 55.7% | idle 12.4% | ent 1.006
  upd  459 | return    0.100 | deliv   0.10 | blocked 54.5% | idle 11.2% | ent 1.005
  upd  460 | return    0.000 | deliv   0.00 | blocked 54.0% | idle 10.6% | ent 1.012
  upd  461 | return    0.000 | deliv   0.00 | blocked 53.8% | idle 10.1% | ent 1.017
  upd  462 | return    0.000 | deliv   0.00 | blocked 52.8% | idle  9.3% | ent 1.004
  upd  463 | return    0.000 | deliv   0.00 | blocked 52.7% | idle  8.1% | ent 0.992
  upd  464 | return    0.000 | deliv   0.00 | blocked 51.6% | idle  8.3% | ent 1.011
  upd  465 | return    0.100 | deliv   0.10 | blocked 51.5% | idle  8.1% | ent 1.026
  upd  466 | return    0.000 | deliv   0.00 | blocked 46.7% | idle  8.5% | ent 1.051
  upd  467 | return    0.100 | deliv   0.10 | blocked 42.5% | idle  8.5% | ent 1.071
  upd  468 | return    0.000 | deliv   0.00 | blocked 39.8% | idle  8.7% | ent 1.095
  upd  469 | return    0.100 | deliv   0.10 | blocked 38.3% | idle  8.7% | ent 1.108
  upd  470 | return    0.000 | deliv   0.00 | blocked 36.2% | idle  8.9% | ent 1.104
  upd  471 | return    0.000 | deliv   0.00 | blocked 35.1% | idle  9.2% | ent 1.118
  upd  472 | return    0.000 | deliv   0.00 | blocked 35.4% | idle  9.3% | ent 1.121
  upd  473 | return    0.100 | deliv   0.10 | blocked 31.7% | idle  9.3% | ent 1.107
  upd  474 | return    0.000 | deliv   0.00 | blocked 33.1% | idle  8.8% | ent 1.118
  upd  475 | return    0.000 | deliv   0.00 | blocked 33.0% | idle  9.1% | ent 1.109
  upd  476 | return    0.000 | deliv   0.00 | blocked 33.0% | idle  9.1% | ent 1.116
  upd  477 | return    0.000 | deliv   0.00 | blocked 33.4% | idle  9.0% | ent 1.124
  upd  478 | return    0.100 | deliv   0.10 | blocked 33.2% | idle  9.0% | ent 1.109
  upd  479 | return    0.000 | deliv   0.00 | blocked 34.1% | idle  9.0% | ent 1.113
  upd  480 | return    0.000 | deliv   0.00 | blocked 36.0% | idle  8.8% | ent 1.092
  upd  481 | return    0.000 | deliv   0.00 | blocked 36.6% | idle  8.5% | ent 1.085
  upd  482 | return    0.000 | deliv   0.00 | blocked 36.7% | idle  8.4% | ent 1.070
  upd  483 | return    0.000 | deliv   0.00 | blocked 38.5% | idle  8.4% | ent 1.069
  upd  484 | return    0.000 | deliv   0.00 | blocked 39.8% | idle  8.6% | ent 1.069
  upd  485 | return    0.000 | deliv   0.00 | blocked 38.8% | idle  8.0% | ent 1.046
  upd  486 | return    0.000 | deliv   0.00 | blocked 40.8% | idle  8.6% | ent 1.058
  upd  487 | return    0.100 | deliv   0.10 | blocked 41.3% | idle  8.2% | ent 1.044
  upd  488 | return    0.000 | deliv   0.00 | blocked 41.2% | idle  8.1% | ent 1.039
  upd  489 | return    0.000 | deliv   0.00 | blocked 42.0% | idle  7.6% | ent 1.019
  upd  490 | return    0.000 | deliv   0.00 | blocked 43.0% | idle  7.8% | ent 1.021
  upd  491 | return    0.100 | deliv   0.10 | blocked 44.9% | idle  7.0% | ent 0.996
  upd  492 | return    0.000 | deliv   0.00 | blocked 45.1% | idle  7.0% | ent 0.993
  upd  493 | return    0.000 | deliv   0.00 | blocked 44.6% | idle  6.8% | ent 0.984
  upd  494 | return    0.000 | deliv   0.00 | blocked 44.5% | idle  6.4% | ent 0.970
  upd  495 | return    0.000 | deliv   0.00 | blocked 46.2% | idle  6.9% | ent 0.983
  upd  496 | return    0.000 | deliv   0.00 | blocked 44.4% | idle  6.8% | ent 0.969
  upd  497 | return    0.100 | deliv   0.10 | blocked 45.9% | idle  6.5% | ent 0.972
  upd  498 | return    0.000 | deliv   0.00 | blocked 43.9% | idle  6.4% | ent 0.988
  upd  499 | return    0.000 | deliv   0.00 | blocked 43.5% | idle  6.7% | ent 1.002
  [replay @ update 500] return 0.00  deliveries 0  -> runs/ia2c_tiny-4ag_seed2/replays/replay_upd000500_s0.npz
  upd  500 | return    0.000 | deliv   0.00 | blocked 42.1% | idle  6.8% | ent 1.026
  upd  501 | return    0.000 | deliv   0.00 | blocked 41.0% | idle  6.7% | ent 1.029
  upd  502 | return    0.000 | deliv   0.00 | blocked 38.8% | idle  6.7% | ent 1.030
  upd  503 | return    0.000 | deliv   0.00 | blocked 38.7% | idle  6.7% | ent 1.048
  upd  504 | return    0.000 | deliv   0.00 | blocked 38.2% | idle  6.5% | ent 1.049
  upd  505 | return    0.000 | deliv   0.00 | blocked 35.1% | idle  6.3% | ent 1.044
  upd  506 | return    0.000 | deliv   0.00 | blocked 35.0% | idle  6.8% | ent 1.067
  upd  507 | return    0.000 | deliv   0.00 | blocked 35.5% | idle  6.9% | ent 1.074
  upd  508 | return    0.000 | deliv   0.00 | blocked 35.0% | idle  6.9% | ent 1.083
  upd  509 | return    0.000 | deliv   0.00 | blocked 34.7% | idle  6.7% | ent 1.080
  upd  510 | return    0.000 | deliv   0.00 | blocked 32.8% | idle  7.2% | ent 1.082
  upd  511 | return    0.000 | deliv   0.00 | blocked 33.0% | idle  6.5% | ent 1.076
  upd  512 | return    0.000 | deliv   0.00 | blocked 32.6% | idle  7.0% | ent 1.086
  upd  513 | return    0.000 | deliv   0.00 | blocked 33.0% | idle  6.5% | ent 1.077
  upd  514 | return    0.000 | deliv   0.00 | blocked 32.7% | idle  6.4% | ent 1.085
  upd  515 | return    0.100 | deliv   0.10 | blocked 32.2% | idle  7.1% | ent 1.096
  upd  516 | return    0.100 | deliv   0.10 | blocked 34.1% | idle  6.3% | ent 1.082
  upd  517 | return    0.000 | deliv   0.00 | blocked 33.5% | idle  6.4% | ent 1.056
  upd  518 | return    0.000 | deliv   0.00 | blocked 35.6% | idle  6.5% | ent 1.069
  upd  519 | return    0.000 | deliv   0.00 | blocked 36.0% | idle  6.6% | ent 1.060
  upd  520 | return    0.000 | deliv   0.00 | blocked 35.2% | idle  6.8% | ent 1.049
  upd  521 | return    0.000 | deliv   0.00 | blocked 36.7% | idle  6.5% | ent 1.043
  upd  522 | return    0.000 | deliv   0.00 | blocked 38.1% | idle  6.6% | ent 1.058
  upd  523 | return    0.100 | deliv   0.10 | blocked 37.6% | idle  6.6% | ent 1.041
  upd  524 | return    0.100 | deliv   0.10 | blocked 38.5% | idle  6.3% | ent 1.019
  upd  525 | return    0.000 | deliv   0.00 | blocked 37.9% | idle  6.6% | ent 1.026
  upd  526 | return    0.000 | deliv   0.00 | blocked 36.9% | idle  6.3% | ent 1.018
  upd  527 | return    0.000 | deliv   0.00 | blocked 37.7% | idle  5.8% | ent 1.021
  upd  528 | return    0.000 | deliv   0.00 | blocked 36.4% | idle  5.6% | ent 1.009
  upd  529 | return    0.200 | deliv   0.20 | blocked 35.9% | idle  5.2% | ent 1.019
  upd  530 | return    0.000 | deliv   0.00 | blocked 36.6% | idle  5.7% | ent 1.030
  upd  531 | return    0.000 | deliv   0.00 | blocked 36.5% | idle  5.5% | ent 1.007
  upd  532 | return    0.000 | deliv   0.00 | blocked 36.1% | idle  5.0% | ent 0.990
  upd  533 | return    0.100 | deliv   0.10 | blocked 37.3% | idle  5.6% | ent 1.025
  upd  534 | return    0.000 | deliv   0.00 | blocked 36.4% | idle  5.9% | ent 1.018
  upd  535 | return    0.000 | deliv   0.00 | blocked 34.3% | idle  5.4% | ent 0.999
  upd  536 | return    0.000 | deliv   0.00 | blocked 35.5% | idle  5.4% | ent 1.011
  upd  537 | return    0.000 | deliv   0.00 | blocked 34.4% | idle  5.5% | ent 1.012
  upd  538 | return    0.000 | deliv   0.00 | blocked 33.6% | idle  4.9% | ent 0.997
  upd  539 | return    0.100 | deliv   0.10 | blocked 33.3% | idle  5.7% | ent 1.032
  upd  540 | return    0.100 | deliv   0.10 | blocked 31.8% | idle  5.0% | ent 1.019
  upd  541 | return    0.000 | deliv   0.00 | blocked 30.0% | idle  5.0% | ent 1.024
  upd  542 | return    0.100 | deliv   0.10 | blocked 31.0% | idle  4.6% | ent 1.016
  upd  543 | return    0.000 | deliv   0.00 | blocked 31.3% | idle  4.1% | ent 0.988
  upd  544 | return    0.000 | deliv   0.00 | blocked 31.2% | idle  3.9% | ent 0.978
  upd  545 | return    0.000 | deliv   0.00 | blocked 32.1% | idle  3.9% | ent 0.978
  upd  546 | return    0.000 | deliv   0.00 | blocked 33.5% | idle  3.8% | ent 0.974
  upd  547 | return    0.100 | deliv   0.10 | blocked 32.4% | idle  3.6% | ent 0.949
  upd  548 | return    0.000 | deliv   0.00 | blocked 31.0% | idle  3.9% | ent 0.968
  upd  549 | return    0.100 | deliv   0.10 | blocked 32.3% | idle  3.3% | ent 0.960
  upd  550 | return    0.000 | deliv   0.00 | blocked 30.8% | idle  3.2% | ent 0.951
  upd  551 | return    0.100 | deliv   0.10 | blocked 28.9% | idle  3.1% | ent 0.945
  upd  552 | return    0.100 | deliv   0.10 | blocked 29.5% | idle  2.7% | ent 0.960
  upd  553 | return    0.000 | deliv   0.00 | blocked 30.8% | idle  2.8% | ent 0.948
  upd  554 | return    0.000 | deliv   0.00 | blocked 32.1% | idle  2.6% | ent 0.948
  upd  555 | return    0.100 | deliv   0.10 | blocked 32.3% | idle  2.4% | ent 0.923
  upd  556 | return    0.000 | deliv   0.00 | blocked 35.6% | idle  2.6% | ent 0.910
  upd  557 | return    0.000 | deliv   0.00 | blocked 39.5% | idle  2.3% | ent 0.875
  upd  558 | return    0.000 | deliv   0.00 | blocked 40.6% | idle  2.1% | ent 0.853
  upd  559 | return    0.100 | deliv   0.10 | blocked 42.8% | idle  2.0% | ent 0.834
  upd  560 | return    0.000 | deliv   0.00 | blocked 44.4% | idle  2.0% | ent 0.805
  upd  561 | return    0.000 | deliv   0.00 | blocked 47.6% | idle  1.9% | ent 0.803
  upd  562 | return    0.000 | deliv   0.00 | blocked 47.1% | idle  1.9% | ent 0.800
  upd  563 | return    0.000 | deliv   0.00 | blocked 47.8% | idle  1.9% | ent 0.781
  upd  564 | return    0.000 | deliv   0.00 | blocked 49.5% | idle  1.9% | ent 0.772
  upd  565 | return    0.200 | deliv   0.20 | blocked 48.8% | idle  1.9% | ent 0.767
  upd  566 | return    0.000 | deliv   0.00 | blocked 49.8% | idle  1.7% | ent 0.726
  upd  567 | return    0.000 | deliv   0.00 | blocked 53.0% | idle  2.0% | ent 0.717
  upd  568 | return    0.100 | deliv   0.10 | blocked 53.5% | idle  1.8% | ent 0.696
  upd  569 | return    0.100 | deliv   0.10 | blocked 56.0% | idle  1.6% | ent 0.659
  upd  570 | return    0.100 | deliv   0.10 | blocked 58.7% | idle  1.7% | ent 0.645
  upd  571 | return    0.000 | deliv   0.00 | blocked 59.1% | idle  1.8% | ent 0.626
  upd  572 | return    0.100 | deliv   0.10 | blocked 59.1% | idle  1.7% | ent 0.603
  upd  573 | return    0.100 | deliv   0.10 | blocked 60.7% | idle  1.7% | ent 0.594
  upd  574 | return    0.000 | deliv   0.00 | blocked 60.2% | idle  1.5% | ent 0.594
  upd  575 | return    0.000 | deliv   0.00 | blocked 60.3% | idle  1.5% | ent 0.604
  upd  576 | return    0.000 | deliv   0.00 | blocked 59.4% | idle  1.6% | ent 0.611
  upd  577 | return    0.000 | deliv   0.00 | blocked 58.3% | idle  1.7% | ent 0.620
  upd  578 | return    0.100 | deliv   0.10 | blocked 58.6% | idle  1.5% | ent 0.622
  upd  579 | return    0.000 | deliv   0.00 | blocked 53.7% | idle  1.7% | ent 0.671
  upd  580 | return    0.000 | deliv   0.00 | blocked 52.1% | idle  1.6% | ent 0.692
  upd  581 | return    0.000 | deliv   0.00 | blocked 48.6% | idle  1.8% | ent 0.733
  upd  582 | return    0.200 | deliv   0.20 | blocked 46.7% | idle  1.6% | ent 0.766
  upd  583 | return    0.000 | deliv   0.00 | blocked 45.0% | idle  2.0% | ent 0.777
  upd  584 | return    0.100 | deliv   0.10 | blocked 42.0% | idle  1.9% | ent 0.784
  upd  585 | return    0.100 | deliv   0.10 | blocked 43.1% | idle  1.9% | ent 0.798
  upd  586 | return    0.100 | deliv   0.10 | blocked 40.3% | idle  2.2% | ent 0.800
  upd  587 | return    0.000 | deliv   0.00 | blocked 38.7% | idle  2.0% | ent 0.788
  upd  588 | return    0.000 | deliv   0.00 | blocked 40.7% | idle  1.9% | ent 0.799
  upd  589 | return    0.100 | deliv   0.10 | blocked 38.1% | idle  2.0% | ent 0.798
  upd  590 | return    0.000 | deliv   0.00 | blocked 38.8% | idle  2.1% | ent 0.819
  upd  591 | return    0.300 | deliv   0.30 | blocked 40.1% | idle  1.8% | ent 0.797
  upd  592 | return    0.100 | deliv   0.10 | blocked 36.7% | idle  1.7% | ent 0.807
  upd  593 | return    0.100 | deliv   0.10 | blocked 34.1% | idle  1.8% | ent 0.836
  upd  594 | return    0.000 | deliv   0.00 | blocked 30.0% | idle  2.0% | ent 0.866
  upd  595 | return    0.000 | deliv   0.00 | blocked 28.2% | idle  1.8% | ent 0.865
  upd  596 | return    0.300 | deliv   0.30 | blocked 26.1% | idle  2.0% | ent 0.887
  upd  597 | return    0.400 | deliv   0.40 | blocked 20.1% | idle  1.9% | ent 0.897
  upd  598 | return    0.100 | deliv   0.10 | blocked 17.4% | idle  1.6% | ent 0.897
  upd  599 | return    0.200 | deliv   0.20 | blocked 16.8% | idle  1.8% | ent 0.908
  [replay @ update 600] return 0.00  deliveries 0  -> runs/ia2c_tiny-4ag_seed2/replays/replay_upd000600_s0.npz
  upd  600 | return    0.000 | deliv   0.00 | blocked 17.5% | idle  1.7% | ent 0.914
  upd  601 | return    0.000 | deliv   0.00 | blocked 20.2% | idle  1.8% | ent 0.938
  upd  602 | return    0.000 | deliv   0.00 | blocked 21.3% | idle  1.9% | ent 0.942
  upd  603 | return    0.100 | deliv   0.10 | blocked 23.8% | idle  1.5% | ent 0.950
  upd  604 | return    0.100 | deliv   0.10 | blocked 25.4% | idle  1.8% | ent 0.962
  upd  605 | return    0.100 | deliv   0.10 | blocked 26.3% | idle  1.9% | ent 0.957
  upd  606 | return    0.100 | deliv   0.10 | blocked 26.3% | idle  1.9% | ent 0.960
  upd  607 | return    0.100 | deliv   0.10 | blocked 29.5% | idle  1.5% | ent 0.940
  upd  608 | return    0.000 | deliv   0.00 | blocked 33.2% | idle  1.6% | ent 0.928
  upd  609 | return    0.000 | deliv   0.00 | blocked 35.1% | idle  1.6% | ent 0.920
  upd  610 | return    0.000 | deliv   0.00 | blocked 37.1% | idle  1.6% | ent 0.909
  upd  611 | return    0.000 | deliv   0.00 | blocked 38.2% | idle  1.5% | ent 0.887
  upd  612 | return    0.300 | deliv   0.30 | blocked 41.9% | idle  1.4% | ent 0.870
  upd  613 | return    0.000 | deliv   0.00 | blocked 42.4% | idle  1.5% | ent 0.876
  upd  614 | return    0.000 | deliv   0.00 | blocked 42.4% | idle  1.5% | ent 0.879
  upd  615 | return    0.100 | deliv   0.10 | blocked 42.7% | idle  1.6% | ent 0.884
  upd  616 | return    0.000 | deliv   0.00 | blocked 43.8% | idle  1.5% | ent 0.878
  upd  617 | return    0.100 | deliv   0.10 | blocked 44.5% | idle  1.4% | ent 0.878
  upd  618 | return    0.100 | deliv   0.10 | blocked 43.8% | idle  1.6% | ent 0.889
  upd  619 | return    0.200 | deliv   0.20 | blocked 40.8% | idle  1.5% | ent 0.908
  upd  620 | return    0.200 | deliv   0.20 | blocked 44.5% | idle  1.5% | ent 0.880
  upd  621 | return    0.200 | deliv   0.20 | blocked 47.6% | idle  1.3% | ent 0.833
  upd  622 | return    0.200 | deliv   0.20 | blocked 47.3% | idle  1.4% | ent 0.860
  upd  623 | return    0.000 | deliv   0.00 | blocked 48.6% | idle  1.5% | ent 0.855
  upd  624 | return    0.100 | deliv   0.10 | blocked 49.7% | idle  1.5% | ent 0.854
  upd  625 | return    0.100 | deliv   0.10 | blocked 52.0% | idle  1.4% | ent 0.850
  upd  626 | return    0.200 | deliv   0.20 | blocked 49.3% | idle  1.5% | ent 0.869
  upd  627 | return    0.100 | deliv   0.10 | blocked 40.6% | idle  1.8% | ent 0.971
  upd  628 | return    0.400 | deliv   0.40 | blocked 36.8% | idle  1.6% | ent 1.023
  upd  629 | return    0.000 | deliv   0.00 | blocked 31.1% | idle  2.0% | ent 1.070
  upd  630 | return    0.000 | deliv   0.00 | blocked 27.4% | idle  1.8% | ent 1.128
  upd  631 | return    0.400 | deliv   0.40 | blocked 25.5% | idle  2.0% | ent 1.145
  upd  632 | return    0.100 | deliv   0.10 | blocked 21.2% | idle  2.0% | ent 1.172
  upd  633 | return    0.200 | deliv   0.20 | blocked 17.6% | idle  1.9% | ent 1.182
  upd  634 | return    0.300 | deliv   0.30 | blocked 18.1% | idle  1.7% | ent 1.163
  upd  635 | return    0.400 | deliv   0.40 | blocked 16.8% | idle  1.7% | ent 1.146
  upd  636 | return    0.500 | deliv   0.50 | blocked 14.0% | idle  1.8% | ent 1.155
  upd  637 | return    0.000 | deliv   0.00 | blocked 13.1% | idle  1.6% | ent 1.152
  upd  638 | return    0.200 | deliv   0.20 | blocked 11.5% | idle  1.7% | ent 1.139
  upd  639 | return    0.200 | deliv   0.20 | blocked 12.0% | idle  1.6% | ent 1.135
  upd  640 | return    0.100 | deliv   0.10 | blocked 13.6% | idle  1.6% | ent 1.134
  upd  641 | return    0.400 | deliv   0.40 | blocked 17.3% | idle  1.4% | ent 1.124
  upd  642 | return    0.200 | deliv   0.20 | blocked 19.7% | idle  1.6% | ent 1.106
  upd  643 | return    0.100 | deliv   0.10 | blocked 24.4% | idle  1.5% | ent 1.080
  upd  644 | return    0.000 | deliv   0.00 | blocked 27.2% | idle  1.2% | ent 1.035
  upd  645 | return    0.100 | deliv   0.10 | blocked 31.4% | idle  1.2% | ent 1.034
  upd  646 | return    0.400 | deliv   0.40 | blocked 34.1% | idle  1.1% | ent 0.964
  upd  647 | return    0.200 | deliv   0.20 | blocked 39.1% | idle  0.9% | ent 0.887
  upd  648 | return    0.100 | deliv   0.10 | blocked 40.0% | idle  0.9% | ent 0.892
  upd  649 | return    0.100 | deliv   0.10 | blocked 38.3% | idle  0.9% | ent 0.906
  upd  650 | return    0.300 | deliv   0.30 | blocked 39.3% | idle  0.7% | ent 0.882
  upd  651 | return    0.600 | deliv   0.60 | blocked 36.9% | idle  0.8% | ent 0.897
  upd  652 | return    0.200 | deliv   0.20 | blocked 37.1% | idle  0.7% | ent 0.880
  upd  653 | return    0.100 | deliv   0.10 | blocked 32.4% | idle  0.6% | ent 0.885
  upd  654 | return    0.200 | deliv   0.20 | blocked 33.6% | idle  0.6% | ent 0.878
  upd  655 | return    0.200 | deliv   0.20 | blocked 35.1% | idle  0.7% | ent 0.859
  upd  656 | return    0.300 | deliv   0.30 | blocked 38.4% | idle  0.5% | ent 0.809
  upd  657 | return    0.100 | deliv   0.10 | blocked 39.2% | idle  0.7% | ent 0.799
  upd  658 | return    0.100 | deliv   0.10 | blocked 39.6% | idle  0.5% | ent 0.780
  upd  659 | return    0.100 | deliv   0.10 | blocked 42.1% | idle  0.5% | ent 0.770
  upd  660 | return    0.000 | deliv   0.00 | blocked 42.0% | idle  0.5% | ent 0.757
  upd  661 | return    0.100 | deliv   0.10 | blocked 43.8% | idle  0.5% | ent 0.719
  upd  662 | return    0.100 | deliv   0.10 | blocked 42.8% | idle  0.5% | ent 0.741
  upd  663 | return    0.200 | deliv   0.20 | blocked 41.8% | idle  0.5% | ent 0.724
  upd  664 | return    0.200 | deliv   0.20 | blocked 44.1% | idle  0.5% | ent 0.689
  upd  665 | return    0.200 | deliv   0.20 | blocked 46.7% | idle  0.4% | ent 0.678
  upd  666 | return    0.300 | deliv   0.30 | blocked 46.6% | idle  0.4% | ent 0.675
  upd  667 | return    0.400 | deliv   0.40 | blocked 37.0% | idle  0.5% | ent 0.724
  upd  668 | return    0.100 | deliv   0.10 | blocked 31.0% | idle  0.6% | ent 0.750
  upd  669 | return    0.100 | deliv   0.10 | blocked 25.5% | idle  0.6% | ent 0.776
  upd  670 | return    0.200 | deliv   0.20 | blocked 23.0% | idle  0.6% | ent 0.775
  upd  671 | return    0.300 | deliv   0.30 | blocked 20.3% | idle  0.6% | ent 0.782
  upd  672 | return    0.000 | deliv   0.00 | blocked 18.5% | idle  0.5% | ent 0.794
  upd  673 | return    0.500 | deliv   0.50 | blocked 16.6% | idle  0.6% | ent 0.787
  upd  674 | return    0.100 | deliv   0.10 | blocked 14.2% | idle  0.6% | ent 0.776
  upd  675 | return    0.500 | deliv   0.50 | blocked 12.2% | idle  0.6% | ent 0.752
  upd  676 | return    0.200 | deliv   0.20 | blocked 11.8% | idle  0.6% | ent 0.767
  upd  677 | return    0.300 | deliv   0.30 | blocked 14.8% | idle  0.5% | ent 0.780
  upd  678 | return    0.000 | deliv   0.00 | blocked 21.5% | idle  0.6% | ent 0.776
  upd  679 | return    0.400 | deliv   0.40 | blocked 26.7% | idle  0.5% | ent 0.763
  upd  680 | return    0.100 | deliv   0.10 | blocked 29.0% | idle  0.7% | ent 0.747
  upd  681 | return    0.200 | deliv   0.20 | blocked 35.0% | idle  0.7% | ent 0.735
  upd  682 | return    0.100 | deliv   0.10 | blocked 38.9% | idle  0.7% | ent 0.707
  upd  683 | return    0.300 | deliv   0.30 | blocked 46.4% | idle  0.6% | ent 0.660
  upd  684 | return    0.200 | deliv   0.20 | blocked 42.6% | idle  0.7% | ent 0.689
  upd  685 | return    0.100 | deliv   0.10 | blocked 43.4% | idle  0.7% | ent 0.695
  upd  686 | return    0.100 | deliv   0.10 | blocked 43.7% | idle  0.7% | ent 0.695
  upd  687 | return    0.200 | deliv   0.20 | blocked 43.6% | idle  0.7% | ent 0.683
  upd  688 | return    0.100 | deliv   0.10 | blocked 41.5% | idle  0.7% | ent 0.716
  upd  689 | return    0.100 | deliv   0.10 | blocked 38.9% | idle  0.8% | ent 0.749
  upd  690 | return    0.100 | deliv   0.10 | blocked 39.8% | idle  0.8% | ent 0.749
  upd  691 | return    0.200 | deliv   0.20 | blocked 33.9% | idle  0.8% | ent 0.777
  upd  692 | return    0.200 | deliv   0.20 | blocked 29.6% | idle  0.9% | ent 0.817
  upd  693 | return    0.400 | deliv   0.40 | blocked 28.3% | idle  0.9% | ent 0.818
  upd  694 | return    0.000 | deliv   0.00 | blocked 19.4% | idle  0.8% | ent 0.837
  upd  695 | return    0.000 | deliv   0.00 | blocked 15.0% | idle  0.8% | ent 0.806
  upd  696 | return    0.400 | deliv   0.40 | blocked 15.2% | idle  0.8% | ent 0.809
  upd  697 | return    0.200 | deliv   0.20 | blocked 10.7% | idle  0.8% | ent 0.812
  upd  698 | return    0.200 | deliv   0.20 | blocked 13.0% | idle  1.0% | ent 0.824
  upd  699 | return    0.300 | deliv   0.30 | blocked 12.1% | idle  0.8% | ent 0.784
  [replay @ update 700] return 0.00  deliveries 0  -> runs/ia2c_tiny-4ag_seed2/replays/replay_upd000700_s0.npz
  upd  700 | return    0.400 | deliv   0.40 | blocked 16.8% | idle  0.7% | ent 0.817
  upd  701 | return    0.100 | deliv   0.10 | blocked 16.4% | idle  0.9% | ent 0.833
  upd  702 | return    0.100 | deliv   0.10 | blocked 20.2% | idle  0.9% | ent 0.817
  upd  703 | return    0.300 | deliv   0.30 | blocked 23.6% | idle  0.7% | ent 0.819
  upd  704 | return    0.100 | deliv   0.10 | blocked 26.4% | idle  0.8% | ent 0.815
  upd  705 | return    0.200 | deliv   0.20 | blocked 32.1% | idle  0.8% | ent 0.798
  upd  706 | return    0.200 | deliv   0.20 | blocked 35.5% | idle  0.7% | ent 0.768
  upd  707 | return    0.000 | deliv   0.00 | blocked 36.5% | idle  0.8% | ent 0.768
  upd  708 | return    0.500 | deliv   0.50 | blocked 40.5% | idle  0.6% | ent 0.742
  upd  709 | return    0.100 | deliv   0.10 | blocked 40.1% | idle  0.7% | ent 0.758
  upd  710 | return    0.200 | deliv   0.20 | blocked 36.6% | idle  0.7% | ent 0.753
  upd  711 | return    0.500 | deliv   0.50 | blocked 39.0% | idle  0.6% | ent 0.758
  upd  712 | return    0.200 | deliv   0.20 | blocked 42.9% | idle  0.7% | ent 0.749
  upd  713 | return    0.000 | deliv   0.00 | blocked 47.2% | idle  0.7% | ent 0.711
  upd  714 | return    0.400 | deliv   0.40 | blocked 48.8% | idle  0.7% | ent 0.684
  upd  715 | return    0.200 | deliv   0.20 | blocked 45.5% | idle  0.8% | ent 0.708
  upd  716 | return    0.000 | deliv   0.00 | blocked 47.1% | idle  0.7% | ent 0.690
  upd  717 | return    0.100 | deliv   0.10 | blocked 42.1% | idle  0.8% | ent 0.718
  upd  718 | return    0.200 | deliv   0.20 | blocked 42.3% | idle  0.9% | ent 0.722
  upd  719 | return    0.200 | deliv   0.20 | blocked 41.0% | idle  0.9% | ent 0.719
  upd  720 | return    0.600 | deliv   0.60 | blocked 40.8% | idle  1.1% | ent 0.725
  upd  721 | return    0.200 | deliv   0.20 | blocked 43.8% | idle  1.0% | ent 0.710
  upd  722 | return    0.100 | deliv   0.10 | blocked 40.4% | idle  1.1% | ent 0.748
  upd  723 | return    0.400 | deliv   0.40 | blocked 35.7% | idle  1.1% | ent 0.769
  upd  724 | return    0.500 | deliv   0.50 | blocked 29.9% | idle  1.3% | ent 0.817
  upd  725 | return    0.300 | deliv   0.30 | blocked 28.2% | idle  1.1% | ent 0.812
  upd  726 | return    0.300 | deliv   0.30 | blocked 20.1% | idle  1.1% | ent 0.854
  upd  727 | return    0.500 | deliv   0.50 | blocked 16.5% | idle  1.3% | ent 0.875
  upd  728 | return    0.500 | deliv   0.50 | blocked 17.6% | idle  1.1% | ent 0.896
  upd  729 | return    0.100 | deliv   0.10 | blocked 15.5% | idle  1.4% | ent 0.898
  upd  730 | return    0.200 | deliv   0.20 | blocked 15.3% | idle  1.3% | ent 0.895
  upd  731 | return    0.200 | deliv   0.20 | blocked 13.0% | idle  1.4% | ent 0.894
  upd  732 | return    0.800 | deliv   0.80 | blocked 15.9% | idle  1.5% | ent 0.877
  upd  733 | return    0.400 | deliv   0.40 | blocked 19.9% | idle  1.3% | ent 0.893
  upd  734 | return    0.200 | deliv   0.20 | blocked 25.4% | idle  1.1% | ent 0.864
  upd  735 | return    0.600 | deliv   0.60 | blocked 32.3% | idle  1.0% | ent 0.810
  upd  736 | return    0.500 | deliv   0.50 | blocked 35.3% | idle  1.1% | ent 0.799
  upd  737 | return    0.400 | deliv   0.40 | blocked 37.6% | idle  0.9% | ent 0.754
  upd  738 | return    0.100 | deliv   0.10 | blocked 37.6% | idle  0.9% | ent 0.724
  upd  739 | return    0.000 | deliv   0.00 | blocked 47.4% | idle  0.8% | ent 0.695
  upd  740 | return    0.300 | deliv   0.30 | blocked 53.5% | idle  0.8% | ent 0.629
  upd  741 | return    0.100 | deliv   0.10 | blocked 50.3% | idle  0.6% | ent 0.608
  upd  742 | return    0.000 | deliv   0.00 | blocked 56.4% | idle  0.7% | ent 0.594
  upd  743 | return    0.300 | deliv   0.30 | blocked 58.5% | idle  0.6% | ent 0.544
  upd  744 | return    0.000 | deliv   0.00 | blocked 58.3% | idle  0.7% | ent 0.554
  upd  745 | return    0.000 | deliv   0.00 | blocked 60.5% | idle  0.6% | ent 0.533
  upd  746 | return    0.200 | deliv   0.20 | blocked 63.2% | idle  0.6% | ent 0.526
  upd  747 | return    0.000 | deliv   0.00 | blocked 61.1% | idle  0.6% | ent 0.515
  upd  748 | return    0.000 | deliv   0.00 | blocked 64.2% | idle  0.6% | ent 0.518
  upd  749 | return    0.100 | deliv   0.10 | blocked 62.7% | idle  0.6% | ent 0.522
  upd  750 | return    0.000 | deliv   0.00 | blocked 62.4% | idle  0.5% | ent 0.488
  upd  751 | return    0.100 | deliv   0.10 | blocked 57.7% | idle  0.6% | ent 0.509
  upd  752 | return    0.100 | deliv   0.10 | blocked 63.4% | idle  0.5% | ent 0.482
  upd  753 | return    0.100 | deliv   0.10 | blocked 61.9% | idle  0.5% | ent 0.479
  upd  754 | return    0.100 | deliv   0.10 | blocked 64.5% | idle  0.5% | ent 0.479
  upd  755 | return    0.300 | deliv   0.30 | blocked 69.2% | idle  0.4% | ent 0.467
  upd  756 | return    0.000 | deliv   0.00 | blocked 62.6% | idle  0.6% | ent 0.526
  upd  757 | return    0.200 | deliv   0.20 | blocked 63.7% | idle  0.5% | ent 0.497
  upd  758 | return    0.000 | deliv   0.00 | blocked 59.3% | idle  0.6% | ent 0.484
  upd  759 | return    0.100 | deliv   0.10 | blocked 61.5% | idle  0.6% | ent 0.549
  upd  760 | return    0.300 | deliv   0.30 | blocked 57.4% | idle  0.5% | ent 0.548
  upd  761 | return    0.400 | deliv   0.40 | blocked 59.1% | idle  0.6% | ent 0.555
  upd  762 | return    0.200 | deliv   0.20 | blocked 56.6% | idle  0.6% | ent 0.564
  upd  763 | return    0.200 | deliv   0.20 | blocked 56.8% | idle  0.5% | ent 0.593
  upd  764 | return    0.100 | deliv   0.10 | blocked 56.3% | idle  0.7% | ent 0.644
  upd  765 | return    0.400 | deliv   0.40 | blocked 49.2% | idle  0.8% | ent 0.664
  upd  766 | return    0.400 | deliv   0.40 | blocked 47.3% | idle  0.7% | ent 0.678
  upd  767 | return    0.100 | deliv   0.10 | blocked 50.6% | idle  0.8% | ent 0.708
  upd  768 | return    0.200 | deliv   0.20 | blocked 47.2% | idle  0.9% | ent 0.708
  upd  769 | return    0.200 | deliv   0.20 | blocked 46.7% | idle  0.9% | ent 0.750
  upd  770 | return    0.300 | deliv   0.30 | blocked 45.1% | idle  1.0% | ent 0.783
  upd  771 | return    0.000 | deliv   0.00 | blocked 39.9% | idle  1.0% | ent 0.825
  upd  772 | return    0.100 | deliv   0.10 | blocked 36.2% | idle  1.0% | ent 0.840
  upd  773 | return    0.100 | deliv   0.10 | blocked 31.5% | idle  1.0% | ent 0.884
  upd  774 | return    0.100 | deliv   0.10 | blocked 29.3% | idle  1.1% | ent 0.912
  upd  775 | return    0.300 | deliv   0.30 | blocked 24.9% | idle  1.2% | ent 0.950
  upd  776 | return    0.200 | deliv   0.20 | blocked 23.2% | idle  1.3% | ent 0.955
  upd  777 | return    0.100 | deliv   0.10 | blocked 19.5% | idle  1.1% | ent 0.947
  upd  778 | return    0.300 | deliv   0.30 | blocked 16.1% | idle  1.2% | ent 0.950
  upd  779 | return    0.500 | deliv   0.50 | blocked 14.0% | idle  1.2% | ent 0.960
  upd  780 | return    0.100 | deliv   0.10 | blocked 13.4% | idle  1.2% | ent 0.980
  upd  781 | return    0.600 | deliv   0.60 | blocked 14.9% | idle  1.2% | ent 0.985
  upd  782 | return    0.200 | deliv   0.20 | blocked 14.8% | idle  1.3% | ent 0.993
  upd  783 | return    0.400 | deliv   0.40 | blocked 13.0% | idle  1.3% | ent 0.992
  upd  784 | return    0.300 | deliv   0.30 | blocked 12.9% | idle  1.2% | ent 0.982
  upd  785 | return    0.300 | deliv   0.30 | blocked 12.1% | idle  1.2% | ent 0.962
  upd  786 | return    0.100 | deliv   0.10 | blocked 14.5% | idle  1.2% | ent 0.942
  upd  787 | return    0.400 | deliv   0.40 | blocked 14.8% | idle  1.3% | ent 0.952
  upd  788 | return    0.100 | deliv   0.10 | blocked 14.3% | idle  1.0% | ent 0.923
  upd  789 | return    0.700 | deliv   0.70 | blocked 15.9% | idle  1.0% | ent 0.910
  upd  790 | return    0.400 | deliv   0.40 | blocked 18.9% | idle  0.9% | ent 0.920
  upd  791 | return    0.400 | deliv   0.40 | blocked 17.4% | idle  1.1% | ent 0.904
  upd  792 | return    0.300 | deliv   0.30 | blocked 20.1% | idle  1.0% | ent 0.909
  upd  793 | return    0.100 | deliv   0.10 | blocked 20.9% | idle  0.9% | ent 0.891
  upd  794 | return    0.300 | deliv   0.30 | blocked 24.8% | idle  1.2% | ent 0.896
  upd  795 | return    0.200 | deliv   0.20 | blocked 25.1% | idle  1.0% | ent 0.875
  upd  796 | return    0.300 | deliv   0.30 | blocked 26.8% | idle  0.9% | ent 0.881
  upd  797 | return    0.400 | deliv   0.40 | blocked 26.7% | idle  1.1% | ent 0.884
  upd  798 | return    0.400 | deliv   0.40 | blocked 27.3% | idle  1.0% | ent 0.840
  upd  799 | return    0.500 | deliv   0.50 | blocked 30.7% | idle  1.0% | ent 0.868
  [replay @ update 800] return 0.00  deliveries 0  -> runs/ia2c_tiny-4ag_seed2/replays/replay_upd000800_s0.npz
  upd  800 | return    0.400 | deliv   0.40 | blocked 29.3% | idle  1.0% | ent 0.836
  upd  801 | return    0.200 | deliv   0.20 | blocked 28.9% | idle  1.1% | ent 0.866
  upd  802 | return    0.000 | deliv   0.00 | blocked 27.5% | idle  0.9% | ent 0.871
  upd  803 | return    0.100 | deliv   0.10 | blocked 30.5% | idle  1.0% | ent 0.845
  upd  804 | return    0.000 | deliv   0.00 | blocked 27.7% | idle  0.9% | ent 0.871
  upd  805 | return    0.100 | deliv   0.10 | blocked 29.8% | idle  0.9% | ent 0.849
  upd  806 | return    0.300 | deliv   0.30 | blocked 30.9% | idle  0.9% | ent 0.819
  upd  807 | return    0.200 | deliv   0.20 | blocked 32.0% | idle  0.8% | ent 0.839
  upd  808 | return    0.200 | deliv   0.20 | blocked 32.3% | idle  0.9% | ent 0.827
  upd  809 | return    0.100 | deliv   0.10 | blocked 29.8% | idle  0.9% | ent 0.832
  upd  810 | return    0.200 | deliv   0.20 | blocked 29.2% | idle  0.9% | ent 0.835
  upd  811 | return    0.300 | deliv   0.30 | blocked 27.2% | idle  0.9% | ent 0.843
  upd  812 | return    0.300 | deliv   0.30 | blocked 24.8% | idle  0.9% | ent 0.831
  upd  813 | return    0.200 | deliv   0.20 | blocked 26.6% | idle  1.1% | ent 0.850
  upd  814 | return    0.300 | deliv   0.30 | blocked 25.0% | idle  0.9% | ent 0.842
  upd  815 | return    0.200 | deliv   0.20 | blocked 24.6% | idle  0.9% | ent 0.841
  upd  816 | return    0.400 | deliv   0.40 | blocked 29.5% | idle  0.9% | ent 0.828
  upd  817 | return    0.200 | deliv   0.20 | blocked 29.1% | idle  1.0% | ent 0.856
  upd  818 | return    0.000 | deliv   0.00 | blocked 30.1% | idle  0.7% | ent 0.805
  upd  819 | return    0.700 | deliv   0.70 | blocked 35.4% | idle  1.0% | ent 0.787
  upd  820 | return    0.100 | deliv   0.10 | blocked 32.7% | idle  0.8% | ent 0.805
  upd  821 | return    0.300 | deliv   0.30 | blocked 36.0% | idle  1.0% | ent 0.821
  upd  822 | return    0.300 | deliv   0.30 | blocked 37.7% | idle  0.9% | ent 0.800
  upd  823 | return    0.200 | deliv   0.20 | blocked 37.5% | idle  1.0% | ent 0.815
  upd  824 | return    0.100 | deliv   0.10 | blocked 38.0% | idle  0.9% | ent 0.813
  upd  825 | return    0.400 | deliv   0.40 | blocked 36.0% | idle  1.0% | ent 0.785
  upd  826 | return    0.300 | deliv   0.30 | blocked 33.4% | idle  1.0% | ent 0.838
  upd  827 | return    0.200 | deliv   0.20 | blocked 33.7% | idle  1.0% | ent 0.834
  upd  828 | return    0.400 | deliv   0.40 | blocked 31.2% | idle  1.0% | ent 0.837
  upd  829 | return    0.200 | deliv   0.20 | blocked 26.9% | idle  1.0% | ent 0.871
  upd  830 | return    0.700 | deliv   0.70 | blocked 28.2% | idle  1.0% | ent 0.846
  upd  831 | return    0.300 | deliv   0.30 | blocked 24.4% | idle  1.1% | ent 0.869
  upd  832 | return    0.100 | deliv   0.10 | blocked 23.0% | idle  1.1% | ent 0.868
  upd  833 | return    0.600 | deliv   0.60 | blocked 22.5% | idle  1.1% | ent 0.858
  upd  834 | return    0.500 | deliv   0.50 | blocked 23.8% | idle  1.0% | ent 0.893
  upd  835 | return    0.500 | deliv   0.50 | blocked 22.4% | idle  1.1% | ent 0.869
  upd  836 | return    0.500 | deliv   0.50 | blocked 22.8% | idle  1.1% | ent 0.877
  upd  837 | return    0.400 | deliv   0.40 | blocked 23.2% | idle  1.0% | ent 0.856
  upd  838 | return    0.600 | deliv   0.60 | blocked 21.7% | idle  1.1% | ent 0.888
  upd  839 | return    0.400 | deliv   0.40 | blocked 25.4% | idle  1.0% | ent 0.854
  upd  840 | return    0.700 | deliv   0.70 | blocked 22.2% | idle  1.0% | ent 0.887
  upd  841 | return    0.400 | deliv   0.40 | blocked 25.2% | idle  1.2% | ent 0.864
  upd  842 | return    0.200 | deliv   0.20 | blocked 26.3% | idle  1.2% | ent 0.879
  upd  843 | return    0.400 | deliv   0.40 | blocked 27.5% | idle  1.1% | ent 0.845
  upd  844 | return    0.200 | deliv   0.20 | blocked 29.2% | idle  1.2% | ent 0.834
  upd  845 | return    0.700 | deliv   0.70 | blocked 28.0% | idle  1.2% | ent 0.833
  upd  846 | return    0.300 | deliv   0.30 | blocked 30.8% | idle  1.1% | ent 0.822
  upd  847 | return    0.200 | deliv   0.20 | blocked 35.7% | idle  1.2% | ent 0.788
  upd  848 | return    0.300 | deliv   0.30 | blocked 42.6% | idle  0.9% | ent 0.729
  upd  849 | return    0.300 | deliv   0.30 | blocked 40.0% | idle  0.9% | ent 0.706
  upd  850 | return    0.400 | deliv   0.40 | blocked 45.8% | idle  1.0% | ent 0.697
  upd  851 | return    0.800 | deliv   0.80 | blocked 50.2% | idle  0.9% | ent 0.673
  upd  852 | return    0.000 | deliv   0.00 | blocked 45.7% | idle  1.0% | ent 0.702
  upd  853 | return    0.100 | deliv   0.10 | blocked 48.4% | idle  1.2% | ent 0.706
  upd  854 | return    0.700 | deliv   0.70 | blocked 48.8% | idle  0.9% | ent 0.719
  upd  855 | return    0.400 | deliv   0.40 | blocked 54.5% | idle  0.9% | ent 0.676
  upd  856 | return    0.300 | deliv   0.30 | blocked 46.4% | idle  1.0% | ent 0.737
  upd  857 | return    0.200 | deliv   0.20 | blocked 54.9% | idle  1.0% | ent 0.675
  upd  858 | return    0.100 | deliv   0.10 | blocked 40.8% | idle  1.0% | ent 0.663
  upd  859 | return    0.800 | deliv   0.80 | blocked 47.1% | idle  1.1% | ent 0.721
  upd  860 | return    0.300 | deliv   0.30 | blocked 43.1% | idle  0.9% | ent 0.697
  upd  861 | return    0.900 | deliv   0.90 | blocked 44.5% | idle  1.0% | ent 0.728
  upd  862 | return    0.200 | deliv   0.20 | blocked 42.5% | idle  1.0% | ent 0.711
  upd  863 | return    0.600 | deliv   0.60 | blocked 45.3% | idle  1.1% | ent 0.724
  upd  864 | return    0.100 | deliv   0.10 | blocked 45.0% | idle  1.1% | ent 0.724
  upd  865 | return    0.600 | deliv   0.60 | blocked 43.8% | idle  1.0% | ent 0.729
  upd  866 | return    0.500 | deliv   0.50 | blocked 36.3% | idle  1.0% | ent 0.731
  upd  867 | return    0.600 | deliv   0.60 | blocked 41.9% | idle  1.0% | ent 0.761
  upd  868 | return    0.400 | deliv   0.40 | blocked 35.4% | idle  1.1% | ent 0.767
  upd  869 | return    0.500 | deliv   0.50 | blocked 37.1% | idle  1.2% | ent 0.777
  upd  870 | return    0.400 | deliv   0.40 | blocked 33.6% | idle  1.2% | ent 0.823
  upd  871 | return    0.600 | deliv   0.60 | blocked 30.9% | idle  1.1% | ent 0.792
  upd  872 | return    0.500 | deliv   0.50 | blocked 30.2% | idle  1.3% | ent 0.827
  upd  873 | return    0.700 | deliv   0.70 | blocked 25.5% | idle  1.4% | ent 0.831
  upd  874 | return    0.200 | deliv   0.20 | blocked 21.5% | idle  1.6% | ent 0.863
  upd  875 | return    0.400 | deliv   0.40 | blocked 22.0% | idle  1.8% | ent 0.890
  upd  876 | return    0.500 | deliv   0.50 | blocked 21.9% | idle  1.7% | ent 0.869
  upd  877 | return    0.300 | deliv   0.30 | blocked 22.0% | idle  1.6% | ent 0.843
  upd  878 | return    0.600 | deliv   0.60 | blocked 19.5% | idle  1.9% | ent 0.905
  upd  879 | return    0.800 | deliv   0.80 | blocked 17.2% | idle  2.3% | ent 0.928
  upd  880 | return    0.300 | deliv   0.30 | blocked 12.4% | idle  2.0% | ent 0.897
  upd  881 | return    0.500 | deliv   0.50 | blocked 16.0% | idle  2.4% | ent 0.924
  upd  882 | return    0.700 | deliv   0.70 | blocked 14.0% | idle  2.3% | ent 0.928
  upd  883 | return    1.000 | deliv   1.00 | blocked 16.1% | idle  2.4% | ent 0.899
  upd  884 | return    1.000 | deliv   1.00 | blocked 18.3% | idle  2.3% | ent 0.939
  upd  885 | return    0.700 | deliv   0.70 | blocked 18.6% | idle  2.1% | ent 0.932
  upd  886 | return    0.500 | deliv   0.50 | blocked 17.6% | idle  2.2% | ent 0.915
  upd  887 | return    0.400 | deliv   0.40 | blocked 16.4% | idle  2.0% | ent 0.899
  upd  888 | return    0.600 | deliv   0.60 | blocked 15.1% | idle  2.0% | ent 0.914
  upd  889 | return    0.800 | deliv   0.80 | blocked 17.7% | idle  1.9% | ent 0.900
  upd  890 | return    0.600 | deliv   0.60 | blocked 16.3% | idle  1.8% | ent 0.873
  upd  891 | return    0.200 | deliv   0.20 | blocked 12.2% | idle  1.4% | ent 0.865
  upd  892 | return    0.100 | deliv   0.10 | blocked 12.6% | idle  1.6% | ent 0.863
  upd  893 | return    0.400 | deliv   0.40 | blocked 13.9% | idle  1.4% | ent 0.835
  upd  894 | return    0.400 | deliv   0.40 | blocked 14.1% | idle  1.3% | ent 0.827
  upd  895 | return    0.400 | deliv   0.40 | blocked 13.5% | idle  1.2% | ent 0.817
  upd  896 | return    0.600 | deliv   0.60 | blocked 14.6% | idle  1.0% | ent 0.797
  upd  897 | return    0.400 | deliv   0.40 | blocked 13.9% | idle  1.0% | ent 0.794
  upd  898 | return    0.300 | deliv   0.30 | blocked 17.6% | idle  1.2% | ent 0.809
  upd  899 | return    0.200 | deliv   0.20 | blocked 20.1% | idle  1.1% | ent 0.804
  [replay @ update 900] return 0.00  deliveries 0  -> runs/ia2c_tiny-4ag_seed2/replays/replay_upd000900_s0.npz
  upd  900 | return    0.900 | deliv   0.90 | blocked 24.2% | idle  0.9% | ent 0.776
  upd  901 | return    0.900 | deliv   0.90 | blocked 26.0% | idle  0.8% | ent 0.732
  upd  902 | return    0.700 | deliv   0.70 | blocked 30.0% | idle  0.7% | ent 0.717
  upd  903 | return    0.800 | deliv   0.80 | blocked 33.9% | idle  0.8% | ent 0.708
  upd  904 | return    0.200 | deliv   0.20 | blocked 32.5% | idle  0.7% | ent 0.730
  upd  905 | return    0.800 | deliv   0.80 | blocked 39.6% | idle  0.6% | ent 0.704
  upd  906 | return    0.300 | deliv   0.30 | blocked 40.5% | idle  0.7% | ent 0.734
  upd  907 | return    0.200 | deliv   0.20 | blocked 36.5% | idle  0.7% | ent 0.740
  upd  908 | return    0.400 | deliv   0.40 | blocked 34.4% | idle  0.5% | ent 0.738
  upd  909 | return    0.400 | deliv   0.40 | blocked 37.4% | idle  0.8% | ent 0.756
  upd  910 | return    0.100 | deliv   0.10 | blocked 32.8% | idle  0.6% | ent 0.772
  upd  911 | return    0.600 | deliv   0.60 | blocked 32.7% | idle  0.7% | ent 0.795
  upd  912 | return    0.800 | deliv   0.80 | blocked 31.5% | idle  0.7% | ent 0.814
  upd  913 | return    0.600 | deliv   0.60 | blocked 31.2% | idle  0.7% | ent 0.803
  upd  914 | return    1.000 | deliv   1.00 | blocked 26.9% | idle  0.7% | ent 0.842
  upd  915 | return    0.700 | deliv   0.70 | blocked 25.3% | idle  0.7% | ent 0.861
  upd  916 | return    0.600 | deliv   0.60 | blocked 20.2% | idle  0.8% | ent 0.913
  upd  917 | return    0.600 | deliv   0.60 | blocked 19.0% | idle  0.8% | ent 0.881
  upd  918 | return    0.900 | deliv   0.90 | blocked 19.0% | idle  0.7% | ent 0.898
  upd  919 | return    0.600 | deliv   0.60 | blocked 20.2% | idle  0.8% | ent 0.897
  upd  920 | return    0.800 | deliv   0.80 | blocked 19.8% | idle  1.0% | ent 0.925
  upd  921 | return    1.300 | deliv   1.30 | blocked 19.7% | idle  0.9% | ent 0.902
  upd  922 | return    0.500 | deliv   0.50 | blocked 16.6% | idle  1.0% | ent 0.910
  upd  923 | return    0.600 | deliv   0.60 | blocked 19.6% | idle  1.2% | ent 0.920
  upd  924 | return    1.100 | deliv   1.10 | blocked 23.5% | idle  1.2% | ent 0.932
  upd  925 | return    0.400 | deliv   0.40 | blocked 22.1% | idle  1.4% | ent 0.919
  upd  926 | return    0.600 | deliv   0.60 | blocked 23.6% | idle  1.2% | ent 0.882
  upd  927 | return    0.600 | deliv   0.60 | blocked 25.9% | idle  1.3% | ent 0.865
  upd  928 | return    0.700 | deliv   0.70 | blocked 26.2% | idle  1.2% | ent 0.856
  upd  929 | return    1.200 | deliv   1.20 | blocked 27.3% | idle  1.4% | ent 0.872
  upd  930 | return    0.700 | deliv   0.70 | blocked 28.0% | idle  1.2% | ent 0.843
  upd  931 | return    0.800 | deliv   0.80 | blocked 31.2% | idle  1.3% | ent 0.791
  upd  932 | return    0.400 | deliv   0.40 | blocked 26.3% | idle  1.3% | ent 0.826
  upd  933 | return    0.300 | deliv   0.30 | blocked 25.9% | idle  1.0% | ent 0.764
  upd  934 | return    0.300 | deliv   0.30 | blocked 28.1% | idle  1.2% | ent 0.819
  upd  935 | return    0.300 | deliv   0.30 | blocked 29.4% | idle  1.3% | ent 0.794
  upd  936 | return    0.600 | deliv   0.60 | blocked 30.0% | idle  1.4% | ent 0.847
  upd  937 | return    0.500 | deliv   0.50 | blocked 30.0% | idle  1.2% | ent 0.785
  upd  938 | return    0.600 | deliv   0.60 | blocked 29.0% | idle  1.1% | ent 0.742
  upd  939 | return    0.800 | deliv   0.80 | blocked 29.3% | idle  1.2% | ent 0.754
  upd  940 | return    0.600 | deliv   0.60 | blocked 25.7% | idle  1.1% | ent 0.738
  upd  941 | return    0.800 | deliv   0.80 | blocked 30.0% | idle  1.2% | ent 0.793
  upd  942 | return    0.800 | deliv   0.80 | blocked 26.8% | idle  1.2% | ent 0.792
  upd  943 | return    0.900 | deliv   0.90 | blocked 22.5% | idle  1.2% | ent 0.787
  upd  944 | return    1.100 | deliv   1.10 | blocked 20.1% | idle  1.3% | ent 0.818
  upd  945 | return    0.500 | deliv   0.50 | blocked 21.1% | idle  1.3% | ent 0.844
  upd  946 | return    0.200 | deliv   0.20 | blocked 17.1% | idle  1.4% | ent 0.832
  upd  947 | return    0.700 | deliv   0.70 | blocked 14.5% | idle  1.4% | ent 0.867
  upd  948 | return    1.100 | deliv   1.10 | blocked 13.3% | idle  1.5% | ent 0.844
  upd  949 | return    0.900 | deliv   0.90 | blocked 13.6% | idle  1.7% | ent 0.886
  upd  950 | return    0.600 | deliv   0.60 | blocked 12.3% | idle  1.7% | ent 0.878
  upd  951 | return    0.800 | deliv   0.80 | blocked 11.9% | idle  1.4% | ent 0.856
  upd  952 | return    0.600 | deliv   0.60 | blocked 14.6% | idle  1.4% | ent 0.837
  upd  953 | return    0.900 | deliv   0.90 | blocked 15.0% | idle  1.3% | ent 0.816
  upd  954 | return    0.500 | deliv   0.50 | blocked 17.3% | idle  1.1% | ent 0.787
  upd  955 | return    1.100 | deliv   1.10 | blocked 24.2% | idle  1.6% | ent 0.805
  upd  956 | return    0.400 | deliv   0.40 | blocked 22.1% | idle  1.3% | ent 0.762
  upd  957 | return    0.300 | deliv   0.30 | blocked 24.0% | idle  1.2% | ent 0.792
  upd  958 | return    0.600 | deliv   0.60 | blocked 21.5% | idle  1.1% | ent 0.765
  upd  959 | return    0.400 | deliv   0.40 | blocked 26.1% | idle  1.1% | ent 0.755
  upd  960 | return    0.300 | deliv   0.30 | blocked 24.3% | idle  0.9% | ent 0.706
  upd  961 | return    1.500 | deliv   1.50 | blocked 23.3% | idle  0.9% | ent 0.705
  upd  962 | return    1.000 | deliv   1.00 | blocked 24.0% | idle  1.1% | ent 0.724
  upd  963 | return    0.800 | deliv   0.80 | blocked 21.9% | idle  1.1% | ent 0.767
  upd  964 | return    0.700 | deliv   0.70 | blocked 20.8% | idle  1.2% | ent 0.801
  upd  965 | return    1.500 | deliv   1.50 | blocked 16.7% | idle  1.0% | ent 0.796
  upd  966 | return    1.100 | deliv   1.10 | blocked 13.2% | idle  1.2% | ent 0.802
  upd  967 | return    0.900 | deliv   0.90 | blocked 12.1% | idle  1.0% | ent 0.776
  upd  968 | return    0.500 | deliv   0.50 | blocked  9.4% | idle  0.9% | ent 0.786
  upd  969 | return    0.800 | deliv   0.80 | blocked 12.1% | idle  1.0% | ent 0.788
  upd  970 | return    0.500 | deliv   0.50 | blocked 10.2% | idle  0.9% | ent 0.759
  upd  971 | return    1.200 | deliv   1.20 | blocked  9.9% | idle  0.9% | ent 0.796
  upd  972 | return    0.900 | deliv   0.90 | blocked 12.3% | idle  1.0% | ent 0.785
  upd  973 | return    1.000 | deliv   1.00 | blocked 10.1% | idle  0.9% | ent 0.750
  upd  974 | return    0.500 | deliv   0.50 | blocked 12.1% | idle  0.8% | ent 0.750
  upd  975 | return    1.100 | deliv   1.10 | blocked 11.9% | idle  0.9% | ent 0.747
  upd  976 | return    1.100 | deliv   1.10 | blocked 11.3% | idle  0.8% | ent 0.722
  upd  977 | return    0.700 | deliv   0.70 | blocked 15.1% | idle  0.9% | ent 0.746
  upd  978 | return    0.800 | deliv   0.80 | blocked 14.8% | idle  0.8% | ent 0.742
  upd  979 | return    0.700 | deliv   0.70 | blocked 15.2% | idle  0.9% | ent 0.716
  upd  980 | return    1.200 | deliv   1.20 | blocked 16.4% | idle  0.9% | ent 0.710
  upd  981 | return    0.700 | deliv   0.70 | blocked 16.4% | idle  0.8% | ent 0.698
  upd  982 | return    0.500 | deliv   0.50 | blocked 20.3% | idle  0.8% | ent 0.714
  upd  983 | return    0.700 | deliv   0.70 | blocked 20.7% | idle  1.0% | ent 0.691
  upd  984 | return    1.300 | deliv   1.30 | blocked 23.8% | idle  1.0% | ent 0.713
  upd  985 | return    1.100 | deliv   1.10 | blocked 21.2% | idle  0.8% | ent 0.683
  upd  986 | return    1.000 | deliv   1.00 | blocked 20.1% | idle  0.7% | ent 0.659
  upd  987 | return    0.200 | deliv   0.20 | blocked 24.4% | idle  0.9% | ent 0.658
  upd  988 | return    1.000 | deliv   1.00 | blocked 23.2% | idle  0.8% | ent 0.649
  upd  989 | return    0.800 | deliv   0.80 | blocked 25.0% | idle  0.9% | ent 0.647
  upd  990 | return    1.100 | deliv   1.10 | blocked 28.2% | idle  0.9% | ent 0.649
  upd  991 | return    0.800 | deliv   0.80 | blocked 24.4% | idle  0.9% | ent 0.670
  upd  992 | return    1.500 | deliv   1.50 | blocked 29.3% | idle  0.9% | ent 0.635
  upd  993 | return    1.500 | deliv   1.50 | blocked 25.7% | idle  0.9% | ent 0.644
  upd  994 | return    1.000 | deliv   1.00 | blocked 33.2% | idle  0.7% | ent 0.611
  upd  995 | return    0.600 | deliv   0.60 | blocked 29.2% | idle  0.7% | ent 0.611
  upd  996 | return    1.500 | deliv   1.50 | blocked 32.1% | idle  0.8% | ent 0.578
  upd  997 | return    1.400 | deliv   1.40 | blocked 32.2% | idle  0.7% | ent 0.622
  upd  998 | return    0.900 | deliv   0.90 | blocked 33.6% | idle  0.5% | ent 0.584
  upd  999 | return    0.700 | deliv   0.70 | blocked 35.0% | idle  0.8% | ent 0.602
  [replay @ update 1000] return 0.00  deliveries 0  -> runs/ia2c_tiny-4ag_seed2/replays/replay_upd001000_s0.npz
  upd 1000 | return    0.600 | deliv   0.60 | blocked 33.2% | idle  0.8% | ent 0.629
  upd 1001 | return    0.900 | deliv   0.90 | blocked 30.6% | idle  0.8% | ent 0.634
  upd 1002 | return    0.900 | deliv   0.90 | blocked 29.2% | idle  0.8% | ent 0.633
  upd 1003 | return    1.100 | deliv   1.10 | blocked 25.4% | idle  0.9% | ent 0.645
  upd 1004 | return    1.200 | deliv   1.20 | blocked 18.5% | idle  0.8% | ent 0.668
  upd 1005 | return    0.700 | deliv   0.70 | blocked 16.9% | idle  0.8% | ent 0.676
  upd 1006 | return    1.600 | deliv   1.60 | blocked 15.3% | idle  0.8% | ent 0.677
  upd 1007 | return    0.800 | deliv   0.80 | blocked 12.4% | idle  0.8% | ent 0.693
  upd 1008 | return    1.800 | deliv   1.80 | blocked 14.3% | idle  0.8% | ent 0.697
  upd 1009 | return    0.800 | deliv   0.80 | blocked 10.0% | idle  0.8% | ent 0.670
  upd 1010 | return    1.600 | deliv   1.60 | blocked 17.0% | idle  0.9% | ent 0.690
  upd 1011 | return    1.300 | deliv   1.30 | blocked 13.7% | idle  0.9% | ent 0.686
  upd 1012 | return    1.100 | deliv   1.10 | blocked 13.5% | idle  0.7% | ent 0.633
  upd 1013 | return    1.200 | deliv   1.20 | blocked 14.0% | idle  0.6% | ent 0.627
  upd 1014 | return    0.700 | deliv   0.70 | blocked 15.3% | idle  0.6% | ent 0.628
  upd 1015 | return    1.000 | deliv   1.00 | blocked 14.0% | idle  0.7% | ent 0.650
  upd 1016 | return    1.100 | deliv   1.10 | blocked 14.8% | idle  0.7% | ent 0.643
  upd 1017 | return    0.500 | deliv   0.50 | blocked 10.9% | idle  0.5% | ent 0.616
  upd 1018 | return    1.200 | deliv   1.20 | blocked 11.8% | idle  0.5% | ent 0.617
  upd 1019 | return    0.800 | deliv   0.80 | blocked 12.2% | idle  0.7% | ent 0.660
  upd 1020 | return    1.200 | deliv   1.20 | blocked 10.5% | idle  0.6% | ent 0.663
  upd 1021 | return    0.700 | deliv   0.70 | blocked 10.0% | idle  0.6% | ent 0.657
  upd 1022 | return    1.200 | deliv   1.20 | blocked  8.4% | idle  0.6% | ent 0.648
  upd 1023 | return    1.100 | deliv   1.10 | blocked  8.0% | idle  0.5% | ent 0.648
  upd 1024 | return    1.300 | deliv   1.30 | blocked  7.1% | idle  0.5% | ent 0.655
  upd 1025 | return    0.800 | deliv   0.80 | blocked  7.6% | idle  0.6% | ent 0.653
  upd 1026 | return    1.900 | deliv   1.90 | blocked  8.2% | idle  0.6% | ent 0.645
  upd 1027 | return    1.100 | deliv   1.10 | blocked  8.1% | idle  0.5% | ent 0.645
  upd 1028 | return    1.000 | deliv   1.00 | blocked  7.9% | idle  0.5% | ent 0.629
  upd 1029 | return    1.000 | deliv   1.00 | blocked  8.8% | idle  0.5% | ent 0.632
  upd 1030 | return    1.100 | deliv   1.10 | blocked  9.0% | idle  0.5% | ent 0.606
  upd 1031 | return    0.700 | deliv   0.70 | blocked  9.8% | idle  0.4% | ent 0.582
  upd 1032 | return    1.000 | deliv   1.00 | blocked 10.3% | idle  0.5% | ent 0.599
  upd 1033 | return    1.800 | deliv   1.80 | blocked 11.1% | idle  0.5% | ent 0.603
  upd 1034 | return    1.300 | deliv   1.30 | blocked 10.3% | idle  0.4% | ent 0.596
  upd 1035 | return    1.100 | deliv   1.10 | blocked 10.6% | idle  0.5% | ent 0.604
  upd 1036 | return    1.600 | deliv   1.60 | blocked 11.3% | idle  0.6% | ent 0.626
  upd 1037 | return    1.100 | deliv   1.10 | blocked 10.9% | idle  0.5% | ent 0.625
  upd 1038 | return    0.900 | deliv   0.90 | blocked  9.7% | idle  0.5% | ent 0.607
  upd 1039 | return    1.700 | deliv   1.70 | blocked 10.2% | idle  0.5% | ent 0.620
  upd 1040 | return    1.400 | deliv   1.40 | blocked  9.9% | idle  0.6% | ent 0.622
  upd 1041 | return    1.700 | deliv   1.70 | blocked  9.7% | idle  0.4% | ent 0.609
  upd 1042 | return    1.000 | deliv   1.00 | blocked 10.1% | idle  0.6% | ent 0.623
  upd 1043 | return    1.300 | deliv   1.30 | blocked  9.3% | idle  0.6% | ent 0.620
  upd 1044 | return    1.200 | deliv   1.20 | blocked  9.1% | idle  0.6% | ent 0.647
  upd 1045 | return    1.200 | deliv   1.20 | blocked  8.4% | idle  0.7% | ent 0.634
  upd 1046 | return    1.400 | deliv   1.40 | blocked  8.8% | idle  0.6% | ent 0.623
  upd 1047 | return    1.300 | deliv   1.30 | blocked  9.7% | idle  0.6% | ent 0.672
  upd 1048 | return    0.900 | deliv   0.90 | blocked  8.5% | idle  0.6% | ent 0.650
  upd 1049 | return    1.400 | deliv   1.40 | blocked  8.4% | idle  0.6% | ent 0.670
  upd 1050 | return    1.700 | deliv   1.70 | blocked  8.3% | idle  0.6% | ent 0.688
  upd 1051 | return    1.600 | deliv   1.60 | blocked  7.2% | idle  0.5% | ent 0.670
  upd 1052 | return    0.700 | deliv   0.70 | blocked  7.6% | idle  0.6% | ent 0.702
  upd 1053 | return    1.000 | deliv   1.00 | blocked  7.2% | idle  0.6% | ent 0.689
  upd 1054 | return    1.900 | deliv   1.90 | blocked  6.8% | idle  0.6% | ent 0.687
  upd 1055 | return    1.600 | deliv   1.60 | blocked  8.8% | idle  0.7% | ent 0.688
  upd 1056 | return    2.600 | deliv   2.60 | blocked  8.6% | idle  0.5% | ent 0.643
  upd 1057 | return    1.900 | deliv   1.90 | blocked  9.0% | idle  0.4% | ent 0.611
  upd 1058 | return    0.800 | deliv   0.80 | blocked  9.3% | idle  0.5% | ent 0.583
  upd 1059 | return    1.300 | deliv   1.30 | blocked 11.0% | idle  0.5% | ent 0.557
  upd 1060 | return    1.300 | deliv   1.30 | blocked 11.3% | idle  0.3% | ent 0.535
  upd 1061 | return    1.000 | deliv   1.00 | blocked 10.6% | idle  0.3% | ent 0.524
  upd 1062 | return    1.400 | deliv   1.40 | blocked 10.5% | idle  0.3% | ent 0.526
  upd 1063 | return    2.000 | deliv   2.00 | blocked  8.4% | idle  0.4% | ent 0.577
  upd 1064 | return    2.100 | deliv   2.10 | blocked  7.1% | idle  0.3% | ent 0.595
  upd 1065 | return    1.200 | deliv   1.20 | blocked  6.1% | idle  0.4% | ent 0.643
  upd 1066 | return    1.700 | deliv   1.70 | blocked  5.8% | idle  0.5% | ent 0.692
  upd 1067 | return    1.200 | deliv   1.20 | blocked  5.8% | idle  0.4% | ent 0.707
  upd 1068 | return    1.800 | deliv   1.80 | blocked  4.4% | idle  0.5% | ent 0.716
  upd 1069 | return    0.800 | deliv   0.80 | blocked  4.4% | idle  0.5% | ent 0.703
  upd 1070 | return    1.200 | deliv   1.20 | blocked  4.8% | idle  0.5% | ent 0.740
  upd 1071 | return    2.000 | deliv   2.00 | blocked  5.9% | idle  0.5% | ent 0.718
  upd 1072 | return    1.900 | deliv   1.90 | blocked  6.5% | idle  0.5% | ent 0.681
  upd 1073 | return    2.000 | deliv   2.00 | blocked  8.0% | idle  0.4% | ent 0.633
  upd 1074 | return    1.300 | deliv   1.30 | blocked  9.9% | idle  0.3% | ent 0.559
  upd 1075 | return    0.900 | deliv   0.90 | blocked 10.8% | idle  0.3% | ent 0.518
  upd 1076 | return    1.200 | deliv   1.20 | blocked 14.3% | idle  0.2% | ent 0.495
  upd 1077 | return    1.500 | deliv   1.50 | blocked 19.8% | idle  0.2% | ent 0.494
  upd 1078 | return    1.000 | deliv   1.00 | blocked 16.5% | idle  0.3% | ent 0.484
  upd 1079 | return    1.400 | deliv   1.40 | blocked 19.8% | idle  0.3% | ent 0.481
  upd 1080 | return    1.200 | deliv   1.20 | blocked 18.9% | idle  0.3% | ent 0.499
  upd 1081 | return    1.300 | deliv   1.30 | blocked 16.5% | idle  0.3% | ent 0.514
  upd 1082 | return    1.300 | deliv   1.30 | blocked 12.7% | idle  0.3% | ent 0.515
  upd 1083 | return    1.300 | deliv   1.30 | blocked 10.3% | idle  0.4% | ent 0.573
  upd 1084 | return    1.900 | deliv   1.90 | blocked  8.6% | idle  0.4% | ent 0.626
  upd 1085 | return    1.900 | deliv   1.90 | blocked  6.6% | idle  0.4% | ent 0.666
  upd 1086 | return    1.200 | deliv   1.20 | blocked  5.8% | idle  0.4% | ent 0.699
  upd 1087 | return    1.300 | deliv   1.30 | blocked  4.6% | idle  0.6% | ent 0.698
  upd 1088 | return    1.100 | deliv   1.10 | blocked  4.1% | idle  0.5% | ent 0.700
  upd 1089 | return    1.600 | deliv   1.60 | blocked  4.5% | idle  0.5% | ent 0.701
  upd 1090 | return    1.500 | deliv   1.50 | blocked  4.4% | idle  0.5% | ent 0.697
  upd 1091 | return    1.100 | deliv   1.10 | blocked  4.9% | idle  0.6% | ent 0.688
  upd 1092 | return    2.000 | deliv   2.00 | blocked  6.0% | idle  0.5% | ent 0.687
  upd 1093 | return    1.600 | deliv   1.60 | blocked  5.1% | idle  0.5% | ent 0.663
  upd 1094 | return    1.200 | deliv   1.20 | blocked  6.4% | idle  0.5% | ent 0.655
  upd 1095 | return    2.600 | deliv   2.60 | blocked  5.5% | idle  0.4% | ent 0.601
  upd 1096 | return    2.500 | deliv   2.50 | blocked  7.0% | idle  0.4% | ent 0.620
  upd 1097 | return    2.100 | deliv   2.10 | blocked  8.5% | idle  0.5% | ent 0.599
  upd 1098 | return    1.700 | deliv   1.70 | blocked  7.1% | idle  0.4% | ent 0.577
  upd 1099 | return    1.300 | deliv   1.30 | blocked  8.4% | idle  0.5% | ent 0.593
  [replay @ update 1100] return 0.00  deliveries 0  -> runs/ia2c_tiny-4ag_seed2/replays/replay_upd001100_s0.npz
  upd 1100 | return    2.000 | deliv   2.00 | blocked  7.6% | idle  0.4% | ent 0.599
  upd 1101 | return    1.500 | deliv   1.50 | blocked  7.2% | idle  0.5% | ent 0.605
  upd 1102 | return    2.200 | deliv   2.20 | blocked  8.5% | idle  0.5% | ent 0.635
  upd 1103 | return    1.200 | deliv   1.20 | blocked  7.5% | idle  0.6% | ent 0.648
  upd 1104 | return    1.800 | deliv   1.80 | blocked  6.6% | idle  0.6% | ent 0.678
  upd 1105 | return    2.300 | deliv   2.30 | blocked  6.9% | idle  0.7% | ent 0.684
  upd 1106 | return    2.700 | deliv   2.70 | blocked  7.0% | idle  0.7% | ent 0.693
  upd 1107 | return    2.300 | deliv   2.30 | blocked  6.6% | idle  0.8% | ent 0.712
  upd 1108 | return    2.400 | deliv   2.40 | blocked  6.9% | idle  0.5% | ent 0.699
  upd 1109 | return    1.800 | deliv   1.80 | blocked  6.4% | idle  0.6% | ent 0.710
  upd 1110 | return    1.100 | deliv   1.10 | blocked  6.6% | idle  0.6% | ent 0.724
  upd 1111 | return    2.400 | deliv   2.40 | blocked  6.5% | idle  0.6% | ent 0.710
  upd 1112 | return    2.200 | deliv   2.20 | blocked  7.5% | idle  0.6% | ent 0.710
  upd 1113 | return    1.200 | deliv   1.20 | blocked  6.7% | idle  0.5% | ent 0.709
  upd 1114 | return    1.400 | deliv   1.40 | blocked  5.6% | idle  0.5% | ent 0.698
  upd 1115 | return    1.500 | deliv   1.50 | blocked  6.5% | idle  0.6% | ent 0.704
  upd 1116 | return    1.700 | deliv   1.70 | blocked  7.2% | idle  0.5% | ent 0.695
  upd 1117 | return    2.500 | deliv   2.50 | blocked  7.6% | idle  0.5% | ent 0.700
  upd 1118 | return    2.400 | deliv   2.40 | blocked  6.2% | idle  0.5% | ent 0.702
  upd 1119 | return    1.000 | deliv   1.00 | blocked  5.4% | idle  0.5% | ent 0.727
  upd 1120 | return    2.700 | deliv   2.70 | blocked  7.1% | idle  0.6% | ent 0.714
  upd 1121 | return    1.700 | deliv   1.70 | blocked  6.1% | idle  0.5% | ent 0.736
  upd 1122 | return    2.000 | deliv   2.00 | blocked  6.7% | idle  0.5% | ent 0.726
  upd 1123 | return    2.000 | deliv   2.00 | blocked  7.3% | idle  0.6% | ent 0.726
  upd 1124 | return    1.900 | deliv   1.90 | blocked  8.2% | idle  0.5% | ent 0.727
  upd 1125 | return    3.200 | deliv   3.20 | blocked  7.3% | idle  0.5% | ent 0.725
  upd 1126 | return    2.300 | deliv   2.30 | blocked  7.9% | idle  0.4% | ent 0.703
  upd 1127 | return    1.700 | deliv   1.70 | blocked  8.3% | idle  0.5% | ent 0.707
  upd 1128 | return    2.000 | deliv   2.00 | blocked  8.7% | idle  0.4% | ent 0.702
  upd 1129 | return    2.200 | deliv   2.20 | blocked  7.9% | idle  0.5% | ent 0.695
  upd 1130 | return    1.800 | deliv   1.80 | blocked  7.2% | idle  0.5% | ent 0.710
  upd 1131 | return    2.400 | deliv   2.40 | blocked  6.4% | idle  0.5% | ent 0.701
  upd 1132 | return    2.300 | deliv   2.30 | blocked  6.9% | idle  0.4% | ent 0.707
  upd 1133 | return    2.800 | deliv   2.80 | blocked  6.8% | idle  0.4% | ent 0.688
  upd 1134 | return    1.900 | deliv   1.90 | blocked  6.2% | idle  0.5% | ent 0.696
  upd 1135 | return    2.600 | deliv   2.60 | blocked  6.8% | idle  0.5% | ent 0.677
  upd 1136 | return    2.100 | deliv   2.10 | blocked  6.6% | idle  0.4% | ent 0.676
  upd 1137 | return    1.800 | deliv   1.80 | blocked  5.9% | idle  0.4% | ent 0.672
  upd 1138 | return    2.900 | deliv   2.90 | blocked  6.1% | idle  0.4% | ent 0.654
  upd 1139 | return    2.200 | deliv   2.20 | blocked  7.4% | idle  0.4% | ent 0.632
  upd 1140 | return    1.600 | deliv   1.60 | blocked  7.2% | idle  0.4% | ent 0.631
  upd 1141 | return    2.000 | deliv   2.00 | blocked  7.8% | idle  0.4% | ent 0.623
  upd 1142 | return    2.900 | deliv   2.90 | blocked  7.7% | idle  0.5% | ent 0.611
  upd 1143 | return    2.600 | deliv   2.60 | blocked  7.0% | idle  0.5% | ent 0.628
  upd 1144 | return    1.500 | deliv   1.50 | blocked  6.6% | idle  0.4% | ent 0.635
  upd 1145 | return    1.900 | deliv   1.90 | blocked  6.7% | idle  0.4% | ent 0.646
  upd 1146 | return    2.200 | deliv   2.20 | blocked  7.3% | idle  0.5% | ent 0.639
  upd 1147 | return    1.600 | deliv   1.60 | blocked  6.7% | idle  0.5% | ent 0.668
  upd 1148 | return    2.900 | deliv   2.90 | blocked  6.6% | idle  0.5% | ent 0.677
  upd 1149 | return    2.300 | deliv   2.30 | blocked  6.6% | idle  0.5% | ent 0.694
  upd 1150 | return    2.300 | deliv   2.30 | blocked  6.6% | idle  0.6% | ent 0.703
  upd 1151 | return    2.900 | deliv   2.90 | blocked  7.3% | idle  0.5% | ent 0.701
  upd 1152 | return    2.400 | deliv   2.40 | blocked  6.3% | idle  0.6% | ent 0.704
  upd 1153 | return    2.000 | deliv   2.00 | blocked  6.0% | idle  0.7% | ent 0.700
  upd 1154 | return    2.600 | deliv   2.60 | blocked  6.6% | idle  0.5% | ent 0.687
  upd 1155 | return    3.100 | deliv   3.10 | blocked  6.3% | idle  0.6% | ent 0.680
  upd 1156 | return    1.900 | deliv   1.90 | blocked  6.6% | idle  0.5% | ent 0.681
  upd 1157 | return    2.400 | deliv   2.40 | blocked  6.6% | idle  0.5% | ent 0.681
  upd 1158 | return    2.200 | deliv   2.20 | blocked  6.0% | idle  0.4% | ent 0.681
  upd 1159 | return    3.100 | deliv   3.10 | blocked  6.4% | idle  0.4% | ent 0.672
  upd 1160 | return    1.800 | deliv   1.80 | blocked  6.2% | idle  0.4% | ent 0.678
  upd 1161 | return    2.900 | deliv   2.90 | blocked  5.6% | idle  0.5% | ent 0.661
  upd 1162 | return    2.900 | deliv   2.90 | blocked  5.2% | idle  0.4% | ent 0.673
  upd 1163 | return    1.900 | deliv   1.90 | blocked  5.7% | idle  0.6% | ent 0.678
  upd 1164 | return    2.400 | deliv   2.40 | blocked  5.6% | idle  0.5% | ent 0.669
  upd 1165 | return    3.700 | deliv   3.70 | blocked  6.1% | idle  0.4% | ent 0.658
  upd 1166 | return    3.300 | deliv   3.30 | blocked  6.1% | idle  0.5% | ent 0.673
  upd 1167 | return    3.400 | deliv   3.40 | blocked  6.1% | idle  0.4% | ent 0.674
  upd 1168 | return    1.700 | deliv   1.70 | blocked  6.8% | idle  0.5% | ent 0.681
  upd 1169 | return    2.600 | deliv   2.60 | blocked  6.6% | idle  0.5% | ent 0.682
  upd 1170 | return    3.300 | deliv   3.30 | blocked  6.2% | idle  0.6% | ent 0.679
  upd 1171 | return    3.300 | deliv   3.30 | blocked  6.9% | idle  0.5% | ent 0.672
  upd 1172 | return    1.800 | deliv   1.80 | blocked  7.0% | idle  0.5% | ent 0.688
  upd 1173 | return    2.100 | deliv   2.10 | blocked  6.4% | idle  0.5% | ent 0.686
  upd 1174 | return    2.600 | deliv   2.60 | blocked  6.7% | idle  0.5% | ent 0.681
  upd 1175 | return    3.200 | deliv   3.20 | blocked  7.9% | idle  0.4% | ent 0.663
  upd 1176 | return    3.200 | deliv   3.20 | blocked  6.6% | idle  0.5% | ent 0.669
  upd 1177 | return    2.500 | deliv   2.50 | blocked  6.9% | idle  0.5% | ent 0.672
  upd 1178 | return    2.800 | deliv   2.80 | blocked  6.2% | idle  0.5% | ent 0.672
  upd 1179 | return    2.800 | deliv   2.80 | blocked  6.5% | idle  0.5% | ent 0.671
  upd 1180 | return    3.500 | deliv   3.50 | blocked  5.9% | idle  0.5% | ent 0.654
  upd 1181 | return    2.600 | deliv   2.60 | blocked  4.6% | idle  0.5% | ent 0.670
  upd 1182 | return    3.800 | deliv   3.80 | blocked  5.7% | idle  0.5% | ent 0.662
  upd 1183 | return    3.800 | deliv   3.80 | blocked  6.1% | idle  0.5% | ent 0.668
  upd 1184 | return    3.000 | deliv   3.00 | blocked  6.4% | idle  0.4% | ent 0.675
  upd 1185 | return    1.700 | deliv   1.70 | blocked  5.9% | idle  0.5% | ent 0.681
  upd 1186 | return    3.900 | deliv   3.90 | blocked  7.1% | idle  0.5% | ent 0.681
  upd 1187 | return    2.400 | deliv   2.40 | blocked  6.6% | idle  0.4% | ent 0.684
  upd 1188 | return    3.000 | deliv   3.00 | blocked  7.8% | idle  0.4% | ent 0.689
  upd 1189 | return    2.500 | deliv   2.50 | blocked  6.8% | idle  0.5% | ent 0.709
  upd 1190 | return    3.100 | deliv   3.10 | blocked  6.2% | idle  0.6% | ent 0.713
  upd 1191 | return    2.300 | deliv   2.30 | blocked  6.7% | idle  0.5% | ent 0.731
  upd 1192 | return    2.800 | deliv   2.80 | blocked  7.4% | idle  0.5% | ent 0.728
  upd 1193 | return    2.600 | deliv   2.60 | blocked  6.9% | idle  0.5% | ent 0.742
  upd 1194 | return    3.200 | deliv   3.20 | blocked  6.8% | idle  0.5% | ent 0.736
  upd 1195 | return    2.400 | deliv   2.40 | blocked  7.5% | idle  0.5% | ent 0.726
  upd 1196 | return    2.100 | deliv   2.10 | blocked  7.1% | idle  0.5% | ent 0.714
  upd 1197 | return    3.400 | deliv   3.40 | blocked  7.2% | idle  0.4% | ent 0.702
  upd 1198 | return    3.500 | deliv   3.50 | blocked  7.8% | idle  0.4% | ent 0.683
  upd 1199 | return    3.000 | deliv   3.00 | blocked  7.0% | idle  0.5% | ent 0.674
  [replay @ update 1200] return 1.00  deliveries 1  -> runs/ia2c_tiny-4ag_seed2/replays/replay_upd001200_s0.npz
  upd 1200 | return    2.800 | deliv   2.80 | blocked  6.8% | idle  0.4% | ent 0.662
  upd 1201 | return    2.900 | deliv   2.90 | blocked  7.6% | idle  0.4% | ent 0.648
  upd 1202 | return    3.600 | deliv   3.60 | blocked  7.0% | idle  0.5% | ent 0.652
  upd 1203 | return    2.200 | deliv   2.20 | blocked  6.5% | idle  0.4% | ent 0.653
  upd 1204 | return    3.400 | deliv   3.40 | blocked  7.0% | idle  0.5% | ent 0.645
  upd 1205 | return    3.300 | deliv   3.30 | blocked  6.9% | idle  0.3% | ent 0.643
  upd 1206 | return    3.100 | deliv   3.10 | blocked  7.0% | idle  0.4% | ent 0.650
  upd 1207 | return    3.300 | deliv   3.30 | blocked  7.0% | idle  0.4% | ent 0.651
  upd 1208 | return    3.100 | deliv   3.10 | blocked  6.9% | idle  0.4% | ent 0.660
  upd 1209 | return    2.900 | deliv   2.90 | blocked  8.1% | idle  0.5% | ent 0.651
  upd 1210 | return    3.400 | deliv   3.40 | blocked  7.0% | idle  0.5% | ent 0.649
  upd 1211 | return    3.900 | deliv   3.90 | blocked  6.9% | idle  0.4% | ent 0.638
  upd 1212 | return    4.000 | deliv   4.00 | blocked  7.1% | idle  0.4% | ent 0.645
  upd 1213 | return    3.400 | deliv   3.40 | blocked  8.4% | idle  0.4% | ent 0.647
  upd 1214 | return    2.500 | deliv   2.50 | blocked  7.1% | idle  0.4% | ent 0.649
  upd 1215 | return    3.000 | deliv   3.00 | blocked  7.8% | idle  0.5% | ent 0.656
  upd 1216 | return    2.000 | deliv   2.00 | blocked  8.2% | idle  0.4% | ent 0.664
  upd 1217 | return    4.700 | deliv   4.70 | blocked  8.9% | idle  0.4% | ent 0.650
  upd 1218 | return    2.600 | deliv   2.60 | blocked  7.1% | idle  0.5% | ent 0.669
  upd 1219 | return    2.400 | deliv   2.40 | blocked  5.9% | idle  0.4% | ent 0.682
  upd 1220 | return    3.300 | deliv   3.30 | blocked  5.8% | idle  0.5% | ent 0.692
  upd 1221 | return    3.000 | deliv   3.00 | blocked  4.8% | idle  0.5% | ent 0.693
  upd 1222 | return    3.300 | deliv   3.30 | blocked  5.7% | idle  0.5% | ent 0.678
  upd 1223 | return    3.300 | deliv   3.30 | blocked  5.4% | idle  0.5% | ent 0.679
  upd 1224 | return    3.900 | deliv   3.90 | blocked  6.1% | idle  0.4% | ent 0.671
  upd 1225 | return    2.500 | deliv   2.50 | blocked  5.8% | idle  0.4% | ent 0.663
  upd 1226 | return    3.200 | deliv   3.20 | blocked  5.4% | idle  0.3% | ent 0.656
  upd 1227 | return    3.300 | deliv   3.30 | blocked  5.2% | idle  0.3% | ent 0.647
  upd 1228 | return    2.800 | deliv   2.80 | blocked  5.9% | idle  0.3% | ent 0.652
  upd 1229 | return    3.200 | deliv   3.20 | blocked  6.1% | idle  0.3% | ent 0.648
  upd 1230 | return    3.200 | deliv   3.20 | blocked  6.0% | idle  0.4% | ent 0.645
  upd 1231 | return    3.500 | deliv   3.50 | blocked  7.4% | idle  0.4% | ent 0.634
  upd 1232 | return    4.100 | deliv   4.10 | blocked  7.2% | idle  0.4% | ent 0.619
  upd 1233 | return    3.600 | deliv   3.60 | blocked  8.1% | idle  0.4% | ent 0.648
  upd 1234 | return    2.800 | deliv   2.80 | blocked  7.6% | idle  0.5% | ent 0.657
  upd 1235 | return    2.000 | deliv   2.00 | blocked  6.6% | idle  0.4% | ent 0.676
  upd 1236 | return    2.800 | deliv   2.80 | blocked  6.4% | idle  0.4% | ent 0.681
  upd 1237 | return    2.600 | deliv   2.60 | blocked  5.1% | idle  0.4% | ent 0.688
  upd 1238 | return    3.500 | deliv   3.50 | blocked  6.6% | idle  0.5% | ent 0.668
  upd 1239 | return    4.500 | deliv   4.50 | blocked  5.5% | idle  0.4% | ent 0.650
  upd 1240 | return    2.700 | deliv   2.70 | blocked  5.6% | idle  0.4% | ent 0.660
  upd 1241 | return    3.400 | deliv   3.40 | blocked  5.7% | idle  0.4% | ent 0.643
  upd 1242 | return    3.900 | deliv   3.90 | blocked  6.5% | idle  0.4% | ent 0.635
  upd 1243 | return    3.100 | deliv   3.10 | blocked  8.9% | idle  0.3% | ent 0.621
  upd 1244 | return    3.200 | deliv   3.20 | blocked  7.2% | idle  0.3% | ent 0.613
  upd 1245 | return    2.800 | deliv   2.80 | blocked 10.1% | idle  0.4% | ent 0.591
  upd 1246 | return    3.500 | deliv   3.50 | blocked  8.0% | idle  0.3% | ent 0.592
  upd 1247 | return    2.600 | deliv   2.60 | blocked  8.4% | idle  0.4% | ent 0.596
  upd 1248 | return    4.000 | deliv   4.00 | blocked  8.5% | idle  0.3% | ent 0.577
  upd 1249 | return    3.600 | deliv   3.60 | blocked  8.1% | idle  0.3% | ent 0.584
  upd 1250 | return    3.300 | deliv   3.30 | blocked  7.8% | idle  0.3% | ent 0.606
  upd 1251 | return    3.900 | deliv   3.90 | blocked  6.5% | idle  0.3% | ent 0.612
  upd 1252 | return    3.000 | deliv   3.00 | blocked  5.7% | idle  0.3% | ent 0.625
  upd 1253 | return    3.900 | deliv   3.90 | blocked  5.4% | idle  0.3% | ent 0.645
  upd 1254 | return    3.100 | deliv   3.10 | blocked  7.0% | idle  0.3% | ent 0.659
  upd 1255 | return    2.200 | deliv   2.20 | blocked  5.4% | idle  0.3% | ent 0.679
  upd 1256 | return    3.300 | deliv   3.30 | blocked  5.8% | idle  0.3% | ent 0.667
  upd 1257 | return    4.100 | deliv   4.10 | blocked  5.5% | idle  0.3% | ent 0.670
  upd 1258 | return    2.300 | deliv   2.30 | blocked  5.6% | idle  0.3% | ent 0.679
  upd 1259 | return    3.900 | deliv   3.90 | blocked  5.1% | idle  0.3% | ent 0.663
  upd 1260 | return    4.000 | deliv   4.00 | blocked  6.0% | idle  0.4% | ent 0.650
  upd 1261 | return    4.200 | deliv   4.20 | blocked  7.8% | idle  0.3% | ent 0.629
  upd 1262 | return    4.700 | deliv   4.70 | blocked  6.6% | idle  0.3% | ent 0.614
  upd 1263 | return    4.200 | deliv   4.20 | blocked  6.7% | idle  0.3% | ent 0.603
  upd 1264 | return    3.600 | deliv   3.60 | blocked  6.0% | idle  0.3% | ent 0.588
  upd 1265 | return    3.400 | deliv   3.40 | blocked  7.6% | idle  0.3% | ent 0.560
  upd 1266 | return    3.800 | deliv   3.80 | blocked  6.5% | idle  0.4% | ent 0.559
  upd 1267 | return    4.100 | deliv   4.10 | blocked  7.6% | idle  0.2% | ent 0.557
  upd 1268 | return    4.200 | deliv   4.20 | blocked  7.5% | idle  0.3% | ent 0.553
  upd 1269 | return    4.600 | deliv   4.60 | blocked  7.1% | idle  0.3% | ent 0.584
  upd 1270 | return    4.200 | deliv   4.20 | blocked  7.2% | idle  0.4% | ent 0.590
  upd 1271 | return    4.300 | deliv   4.30 | blocked  6.8% | idle  0.2% | ent 0.594
  upd 1272 | return    4.300 | deliv   4.30 | blocked  8.2% | idle  0.3% | ent 0.590
  upd 1273 | return    3.100 | deliv   3.10 | blocked  7.9% | idle  0.3% | ent 0.619
  upd 1274 | return    3.500 | deliv   3.50 | blocked  7.5% | idle  0.4% | ent 0.628
  upd 1275 | return    4.100 | deliv   4.10 | blocked  7.4% | idle  0.3% | ent 0.642
  upd 1276 | return    3.900 | deliv   3.90 | blocked  7.0% | idle  0.3% | ent 0.627
  upd 1277 | return    4.900 | deliv   4.90 | blocked  7.0% | idle  0.4% | ent 0.625
  upd 1278 | return    4.200 | deliv   4.20 | blocked  7.1% | idle  0.4% | ent 0.638
  upd 1279 | return    4.500 | deliv   4.50 | blocked  8.8% | idle  0.3% | ent 0.622
  upd 1280 | return    3.900 | deliv   3.90 | blocked  7.1% | idle  0.4% | ent 0.646
  upd 1281 | return    3.900 | deliv   3.90 | blocked  8.2% | idle  0.3% | ent 0.652
  upd 1282 | return    3.000 | deliv   3.00 | blocked  5.9% | idle  0.3% | ent 0.656
  upd 1283 | return    6.000 | deliv   6.00 | blocked  8.4% | idle  0.3% | ent 0.609
  upd 1284 | return    3.600 | deliv   3.60 | blocked  7.0% | idle  0.3% | ent 0.628
  upd 1285 | return    5.000 | deliv   5.00 | blocked  7.4% | idle  0.3% | ent 0.605
  upd 1286 | return    4.200 | deliv   4.20 | blocked  8.7% | idle  0.2% | ent 0.595
  upd 1287 | return    2.800 | deliv   2.80 | blocked  6.6% | idle  0.3% | ent 0.602
  upd 1288 | return    3.300 | deliv   3.30 | blocked  7.9% | idle  0.3% | ent 0.580
  upd 1289 | return    4.700 | deliv   4.70 | blocked  7.6% | idle  0.4% | ent 0.570
  upd 1290 | return    3.100 | deliv   3.10 | blocked  7.9% | idle  0.2% | ent 0.575
  upd 1291 | return    3.300 | deliv   3.30 | blocked  8.3% | idle  0.3% | ent 0.593
  upd 1292 | return    4.100 | deliv   4.10 | blocked  7.6% | idle  0.4% | ent 0.595
  upd 1293 | return    5.800 | deliv   5.80 | blocked  7.0% | idle  0.3% | ent 0.575
  upd 1294 | return    3.700 | deliv   3.70 | blocked  7.5% | idle  0.3% | ent 0.599
  upd 1295 | return    4.600 | deliv   4.60 | blocked  7.5% | idle  0.3% | ent 0.606
  upd 1296 | return    3.000 | deliv   3.00 | blocked  9.6% | idle  0.3% | ent 0.622
  upd 1297 | return    2.100 | deliv   2.10 | blocked  6.3% | idle  0.3% | ent 0.633
  upd 1298 | return    4.500 | deliv   4.50 | blocked  7.5% | idle  0.4% | ent 0.625
  upd 1299 | return    4.900 | deliv   4.90 | blocked  6.5% | idle  0.3% | ent 0.629
  [replay @ update 1300] return 2.00  deliveries 2  -> runs/ia2c_tiny-4ag_seed2/replays/replay_upd001300_s0.npz
  upd 1300 | return    5.400 | deliv   5.40 | blocked  7.2% | idle  0.3% | ent 0.621
  upd 1301 | return    3.500 | deliv   3.50 | blocked  6.8% | idle  0.4% | ent 0.630
  upd 1302 | return    4.300 | deliv   4.30 | blocked  6.5% | idle  0.4% | ent 0.617
  upd 1303 | return    2.900 | deliv   2.90 | blocked  5.9% | idle  0.3% | ent 0.622
  upd 1304 | return    4.000 | deliv   4.00 | blocked  6.1% | idle  0.4% | ent 0.606
  upd 1305 | return    3.800 | deliv   3.80 | blocked  6.6% | idle  0.3% | ent 0.600
  upd 1306 | return    4.700 | deliv   4.70 | blocked  7.4% | idle  0.3% | ent 0.597
  upd 1307 | return    3.400 | deliv   3.40 | blocked  5.9% | idle  0.4% | ent 0.599
  upd 1308 | return    3.400 | deliv   3.40 | blocked  8.6% | idle  0.4% | ent 0.594
  upd 1309 | return    4.300 | deliv   4.30 | blocked  7.0% | idle  0.4% | ent 0.578
  upd 1310 | return    2.900 | deliv   2.90 | blocked  7.3% | idle  0.3% | ent 0.596
  upd 1311 | return    3.300 | deliv   3.30 | blocked  7.4% | idle  0.3% | ent 0.595
  upd 1312 | return    5.000 | deliv   5.00 | blocked  7.1% | idle  0.3% | ent 0.592
  upd 1313 | return    5.200 | deliv   5.20 | blocked  6.7% | idle  0.3% | ent 0.573
  upd 1314 | return    3.500 | deliv   3.50 | blocked  9.8% | idle  0.3% | ent 0.587
  upd 1315 | return    4.300 | deliv   4.30 | blocked  6.5% | idle  0.3% | ent 0.606
  upd 1316 | return    5.000 | deliv   5.00 | blocked 10.0% | idle  0.4% | ent 0.591
  upd 1317 | return    3.100 | deliv   3.10 | blocked  8.5% | idle  0.3% | ent 0.623
  upd 1318 | return    4.800 | deliv   4.80 | blocked  7.5% | idle  0.4% | ent 0.612
  upd 1319 | return    4.600 | deliv   4.60 | blocked  5.6% | idle  0.4% | ent 0.612
  upd 1320 | return    4.500 | deliv   4.50 | blocked  6.8% | idle  0.3% | ent 0.610
  upd 1321 | return    4.500 | deliv   4.50 | blocked  7.7% | idle  0.3% | ent 0.622
  upd 1322 | return    3.600 | deliv   3.60 | blocked  7.9% | idle  0.3% | ent 0.614
  upd 1323 | return    3.900 | deliv   3.90 | blocked  8.9% | idle  0.2% | ent 0.604
  upd 1324 | return    2.900 | deliv   2.90 | blocked 11.4% | idle  0.3% | ent 0.605
  upd 1325 | return    4.900 | deliv   4.90 | blocked  6.5% | idle  0.3% | ent 0.604
  upd 1326 | return    4.000 | deliv   4.00 | blocked  8.5% | idle  0.2% | ent 0.605
  upd 1327 | return    3.400 | deliv   3.40 | blocked  9.1% | idle  0.3% | ent 0.598
  upd 1328 | return    4.200 | deliv   4.20 | blocked  6.9% | idle  0.2% | ent 0.581
  upd 1329 | return    3.400 | deliv   3.40 | blocked  9.9% | idle  0.3% | ent 0.590
  upd 1330 | return    2.700 | deliv   2.70 | blocked 19.9% | idle  0.2% | ent 0.536
  upd 1331 | return    4.300 | deliv   4.30 | blocked  8.4% | idle  0.3% | ent 0.570
  upd 1332 | return    4.900 | deliv   4.90 | blocked  7.4% | idle  0.2% | ent 0.554
  upd 1333 | return    2.600 | deliv   2.60 | blocked 16.7% | idle  0.2% | ent 0.539
  upd 1334 | return    3.800 | deliv   3.80 | blocked 12.2% | idle  0.3% | ent 0.535
  upd 1335 | return    4.200 | deliv   4.20 | blocked 11.9% | idle  0.2% | ent 0.529
  upd 1336 | return    5.200 | deliv   5.20 | blocked  8.7% | idle  0.3% | ent 0.524
  upd 1337 | return    5.000 | deliv   5.00 | blocked 10.0% | idle  0.3% | ent 0.540
  upd 1338 | return    3.200 | deliv   3.20 | blocked  8.1% | idle  0.2% | ent 0.555
  upd 1339 | return    3.500 | deliv   3.50 | blocked 10.1% | idle  0.3% | ent 0.551
  upd 1340 | return    3.800 | deliv   3.80 | blocked 13.6% | idle  0.2% | ent 0.550
  upd 1341 | return    5.500 | deliv   5.50 | blocked  9.9% | idle  0.2% | ent 0.569
  upd 1342 | return    5.500 | deliv   5.50 | blocked  9.5% | idle  0.4% | ent 0.599
  upd 1343 | return    4.100 | deliv   4.10 | blocked 11.9% | idle  0.3% | ent 0.619
  upd 1344 | return    4.700 | deliv   4.70 | blocked 11.2% | idle  0.4% | ent 0.621
  upd 1345 | return    5.200 | deliv   5.20 | blocked  9.8% | idle  0.2% | ent 0.579
  upd 1346 | return    3.000 | deliv   3.00 | blocked 10.0% | idle  0.3% | ent 0.604
  upd 1347 | return    4.200 | deliv   4.20 | blocked  9.6% | idle  0.3% | ent 0.581
  upd 1348 | return    3.800 | deliv   3.80 | blocked  9.3% | idle  0.2% | ent 0.549
  upd 1349 | return    2.800 | deliv   2.80 | blocked  9.2% | idle  0.2% | ent 0.569
  upd 1350 | return    4.900 | deliv   4.90 | blocked 10.8% | idle  0.2% | ent 0.506
  upd 1351 | return    4.700 | deliv   4.70 | blocked  9.0% | idle  0.2% | ent 0.562
  upd 1352 | return    3.600 | deliv   3.60 | blocked 10.7% | idle  0.2% | ent 0.560
  upd 1353 | return    5.100 | deliv   5.10 | blocked 10.1% | idle  0.2% | ent 0.555
  upd 1354 | return    4.000 | deliv   4.00 | blocked  9.8% | idle  0.4% | ent 0.559
  upd 1355 | return    3.700 | deliv   3.70 | blocked  8.6% | idle  0.2% | ent 0.582
  upd 1356 | return    5.100 | deliv   5.10 | blocked  9.6% | idle  0.3% | ent 0.564
  upd 1357 | return    4.200 | deliv   4.20 | blocked 16.2% | idle  0.3% | ent 0.531
  upd 1358 | return    3.400 | deliv   3.40 | blocked  9.5% | idle  0.2% | ent 0.575
  upd 1359 | return    2.800 | deliv   2.80 | blocked  8.4% | idle  0.2% | ent 0.578
  upd 1360 | return    3.100 | deliv   3.10 | blocked  8.6% | idle  0.3% | ent 0.558
  upd 1361 | return    5.900 | deliv   5.90 | blocked 12.8% | idle  0.2% | ent 0.510
  upd 1362 | return    3.800 | deliv   3.80 | blocked 12.2% | idle  0.3% | ent 0.507
  upd 1363 | return    3.600 | deliv   3.60 | blocked 14.2% | idle  0.2% | ent 0.500
  upd 1364 | return    4.400 | deliv   4.40 | blocked 12.3% | idle  0.2% | ent 0.492
  upd 1365 | return    4.900 | deliv   4.90 | blocked 10.5% | idle  0.2% | ent 0.523
  upd 1366 | return    3.100 | deliv   3.10 | blocked  9.2% | idle  0.3% | ent 0.536
  upd 1367 | return    5.100 | deliv   5.10 | blocked  7.5% | idle  0.3% | ent 0.546
  upd 1368 | return    4.800 | deliv   4.80 | blocked 11.0% | idle  0.2% | ent 0.555
  upd 1369 | return    4.000 | deliv   4.00 | blocked  7.8% | idle  0.3% | ent 0.570
  upd 1370 | return    4.000 | deliv   4.00 | blocked  7.6% | idle  0.4% | ent 0.583
  upd 1371 | return    3.800 | deliv   3.80 | blocked 10.2% | idle  0.3% | ent 0.584
  upd 1372 | return    4.100 | deliv   4.10 | blocked  6.6% | idle  0.4% | ent 0.591
  upd 1373 | return    5.200 | deliv   5.20 | blocked 15.4% | idle  0.3% | ent 0.578
  upd 1374 | return    3.800 | deliv   3.80 | blocked  7.5% | idle  0.4% | ent 0.618
  upd 1375 | return    3.600 | deliv   3.60 | blocked  6.7% | idle  0.4% | ent 0.636
  upd 1376 | return    3.800 | deliv   3.80 | blocked  6.4% | idle  0.4% | ent 0.639
  upd 1377 | return    4.400 | deliv   4.40 | blocked  6.4% | idle  0.4% | ent 0.634
  upd 1378 | return    3.200 | deliv   3.20 | blocked  6.7% | idle  0.4% | ent 0.640
  upd 1379 | return    4.000 | deliv   4.00 | blocked  7.4% | idle  0.4% | ent 0.629
  upd 1380 | return    4.900 | deliv   4.90 | blocked 13.2% | idle  0.3% | ent 0.593
  upd 1381 | return    4.600 | deliv   4.60 | blocked 10.2% | idle  0.3% | ent 0.586
  upd 1382 | return    3.600 | deliv   3.60 | blocked  8.4% | idle  0.3% | ent 0.568
  upd 1383 | return    3.600 | deliv   3.60 | blocked 13.5% | idle  0.2% | ent 0.534
  upd 1384 | return    4.500 | deliv   4.50 | blocked 10.2% | idle  0.3% | ent 0.517
  upd 1385 | return    3.100 | deliv   3.10 | blocked 13.8% | idle  0.3% | ent 0.492
  upd 1386 | return    3.200 | deliv   3.20 | blocked 12.2% | idle  0.2% | ent 0.486
  upd 1387 | return    3.400 | deliv   3.40 | blocked 16.8% | idle  0.2% | ent 0.489
  upd 1388 | return    5.300 | deliv   5.30 | blocked 16.0% | idle  0.3% | ent 0.469
  upd 1389 | return    4.200 | deliv   4.20 | blocked 14.8% | idle  0.2% | ent 0.462
  upd 1390 | return    4.400 | deliv   4.40 | blocked 10.8% | idle  0.2% | ent 0.493
  upd 1391 | return    4.600 | deliv   4.60 | blocked 15.3% | idle  0.2% | ent 0.481
  upd 1392 | return    3.700 | deliv   3.70 | blocked  9.6% | idle  0.2% | ent 0.496
  upd 1393 | return    4.700 | deliv   4.70 | blocked 12.8% | idle  0.2% | ent 0.483
  upd 1394 | return    3.700 | deliv   3.70 | blocked 21.7% | idle  0.3% | ent 0.479
  upd 1395 | return    3.500 | deliv   3.50 | blocked 15.7% | idle  0.3% | ent 0.502
  upd 1396 | return    3.200 | deliv   3.20 | blocked 10.0% | idle  0.3% | ent 0.519
  upd 1397 | return    3.000 | deliv   3.00 | blocked 10.3% | idle  0.3% | ent 0.537
  upd 1398 | return    3.800 | deliv   3.80 | blocked  8.1% | idle  0.3% | ent 0.532
  upd 1399 | return    4.500 | deliv   4.50 | blocked 10.6% | idle  0.3% | ent 0.531
  [replay @ update 1400] return 1.00  deliveries 1  -> runs/ia2c_tiny-4ag_seed2/replays/replay_upd001400_s0.npz
  upd 1400 | return    5.300 | deliv   5.30 | blocked 14.2% | idle  0.3% | ent 0.517
  upd 1401 | return    4.500 | deliv   4.50 | blocked  9.0% | idle  0.3% | ent 0.531
  upd 1402 | return    3.800 | deliv   3.80 | blocked 12.6% | idle  0.2% | ent 0.518
  upd 1403 | return    4.300 | deliv   4.30 | blocked 10.0% | idle  0.3% | ent 0.521
  upd 1404 | return    4.200 | deliv   4.20 | blocked 13.1% | idle  0.3% | ent 0.521
  upd 1405 | return    3.900 | deliv   3.90 | blocked 11.3% | idle  0.3% | ent 0.526
  upd 1406 | return    4.300 | deliv   4.30 | blocked 11.7% | idle  0.3% | ent 0.530
  upd 1407 | return    5.500 | deliv   5.50 | blocked 12.5% | idle  0.3% | ent 0.521
  upd 1408 | return    3.800 | deliv   3.80 | blocked 10.3% | idle  0.3% | ent 0.536
  upd 1409 | return    3.200 | deliv   3.20 | blocked  8.7% | idle  0.3% | ent 0.561
  upd 1410 | return    2.900 | deliv   2.90 | blocked  9.5% | idle  0.4% | ent 0.558
  upd 1411 | return    2.800 | deliv   2.80 | blocked  7.4% | idle  0.4% | ent 0.568
  upd 1412 | return    4.700 | deliv   4.70 | blocked  9.9% | idle  0.3% | ent 0.554
  upd 1413 | return    2.900 | deliv   2.90 | blocked 14.1% | idle  0.3% | ent 0.545
  upd 1414 | return    5.000 | deliv   5.00 | blocked 13.2% | idle  0.2% | ent 0.539
  upd 1415 | return    4.000 | deliv   4.00 | blocked 18.0% | idle  0.2% | ent 0.524
  upd 1416 | return    1.700 | deliv   1.70 | blocked 14.1% | idle  0.3% | ent 0.528
  upd 1417 | return    4.300 | deliv   4.30 | blocked 10.9% | idle  0.2% | ent 0.512
  upd 1418 | return    3.300 | deliv   3.30 | blocked 10.2% | idle  0.3% | ent 0.511
  upd 1419 | return    5.900 | deliv   5.90 | blocked 15.0% | idle  0.3% | ent 0.508
  upd 1420 | return    3.100 | deliv   3.10 | blocked 14.2% | idle  0.3% | ent 0.489
  upd 1421 | return    5.400 | deliv   5.40 | blocked 14.8% | idle  0.4% | ent 0.493
  upd 1422 | return    3.700 | deliv   3.70 | blocked 14.2% | idle  0.3% | ent 0.469
  upd 1423 | return    4.900 | deliv   4.90 | blocked 10.9% | idle  0.2% | ent 0.478
  upd 1424 | return    5.200 | deliv   5.20 | blocked 10.8% | idle  0.3% | ent 0.487
  upd 1425 | return    4.100 | deliv   4.10 | blocked 10.6% | idle  0.3% | ent 0.499
  upd 1426 | return    5.800 | deliv   5.80 | blocked 10.7% | idle  0.2% | ent 0.492
  upd 1427 | return    4.100 | deliv   4.10 | blocked 12.4% | idle  0.3% | ent 0.510
  upd 1428 | return    4.300 | deliv   4.30 | blocked 10.8% | idle  0.2% | ent 0.519
  upd 1429 | return    3.900 | deliv   3.90 | blocked  8.5% | idle  0.2% | ent 0.526
  upd 1430 | return    4.900 | deliv   4.90 | blocked  7.0% | idle  0.2% | ent 0.516
  upd 1431 | return    4.200 | deliv   4.20 | blocked 13.6% | idle  0.3% | ent 0.504
  upd 1432 | return    4.400 | deliv   4.40 | blocked  7.2% | idle  0.3% | ent 0.511
  upd 1433 | return    4.600 | deliv   4.60 | blocked  7.3% | idle  0.2% | ent 0.483
  upd 1434 | return    3.500 | deliv   3.50 | blocked  8.3% | idle  0.2% | ent 0.491
  upd 1435 | return    3.300 | deliv   3.30 | blocked 10.3% | idle  0.2% | ent 0.483
  upd 1436 | return    3.600 | deliv   3.60 | blocked  8.6% | idle  0.2% | ent 0.483
  upd 1437 | return    4.500 | deliv   4.50 | blocked 10.3% | idle  0.2% | ent 0.491
  upd 1438 | return    4.000 | deliv   4.00 | blocked 11.1% | idle  0.2% | ent 0.466
  upd 1439 | return    4.500 | deliv   4.50 | blocked 11.0% | idle  0.2% | ent 0.485
  upd 1440 | return    3.800 | deliv   3.80 | blocked 12.2% | idle  0.2% | ent 0.508
  upd 1441 | return    4.300 | deliv   4.30 | blocked 10.2% | idle  0.3% | ent 0.500
  upd 1442 | return    2.000 | deliv   2.00 | blocked  9.5% | idle  0.2% | ent 0.480
  upd 1443 | return    4.400 | deliv   4.40 | blocked  8.6% | idle  0.2% | ent 0.484
  upd 1444 | return    3.600 | deliv   3.60 | blocked  9.1% | idle  0.1% | ent 0.479
  upd 1445 | return    3.300 | deliv   3.30 | blocked 20.8% | idle  0.2% | ent 0.443
  upd 1446 | return    3.300 | deliv   3.30 | blocked 13.5% | idle  0.2% | ent 0.455
  upd 1447 | return    4.200 | deliv   4.20 | blocked 14.1% | idle  0.2% | ent 0.478
  upd 1448 | return    4.800 | deliv   4.80 | blocked  8.9% | idle  0.2% | ent 0.489
  upd 1449 | return    3.900 | deliv   3.90 | blocked 10.9% | idle  0.2% | ent 0.463
  upd 1450 | return    4.300 | deliv   4.30 | blocked 11.2% | idle  0.2% | ent 0.493
  upd 1451 | return    5.100 | deliv   5.10 | blocked 11.0% | idle  0.2% | ent 0.499
  upd 1452 | return    1.900 | deliv   1.90 | blocked  9.5% | idle  0.2% | ent 0.481
  upd 1453 | return    2.600 | deliv   2.60 | blocked  7.9% | idle  0.2% | ent 0.488
  upd 1454 | return    4.400 | deliv   4.40 | blocked  8.6% | idle  0.2% | ent 0.488
  upd 1455 | return    4.300 | deliv   4.30 | blocked  7.7% | idle  0.2% | ent 0.484
  upd 1456 | return    4.200 | deliv   4.20 | blocked  9.7% | idle  0.2% | ent 0.483
  upd 1457 | return    4.000 | deliv   4.00 | blocked 10.4% | idle  0.2% | ent 0.463
  upd 1458 | return    5.000 | deliv   5.00 | blocked  9.2% | idle  0.2% | ent 0.463
  upd 1459 | return    4.500 | deliv   4.50 | blocked  9.2% | idle  0.2% | ent 0.459
  upd 1460 | return    4.400 | deliv   4.40 | blocked 10.2% | idle  0.2% | ent 0.443
  upd 1461 | return    3.500 | deliv   3.50 | blocked 10.6% | idle  0.1% | ent 0.441
  upd 1462 | return    4.000 | deliv   4.00 | blocked 12.8% | idle  0.2% | ent 0.445
  upd 1463 | return    4.300 | deliv   4.30 | blocked 10.6% | idle  0.1% | ent 0.445
  upd 1464 | return    4.100 | deliv   4.10 | blocked 10.4% | idle  0.2% | ent 0.447
  upd 1465 | return    3.700 | deliv   3.70 | blocked 10.5% | idle  0.2% | ent 0.442
  upd 1466 | return    6.000 | deliv   6.00 | blocked 10.0% | idle  0.2% | ent 0.451
  upd 1467 | return    3.600 | deliv   3.60 | blocked 14.5% | idle  0.2% | ent 0.429
  upd 1468 | return    2.700 | deliv   2.70 | blocked 11.5% | idle  0.2% | ent 0.455
  upd 1469 | return    4.000 | deliv   4.00 | blocked 10.7% | idle  0.2% | ent 0.452
  upd 1470 | return    4.100 | deliv   4.10 | blocked 11.2% | idle  0.1% | ent 0.466
  upd 1471 | return    3.900 | deliv   3.90 | blocked 11.4% | idle  0.2% | ent 0.444
  upd 1472 | return    5.200 | deliv   5.20 | blocked 11.7% | idle  0.2% | ent 0.477
  upd 1473 | return    6.300 | deliv   6.30 | blocked 10.7% | idle  0.2% | ent 0.442
  upd 1474 | return    2.300 | deliv   2.30 | blocked 11.9% | idle  0.2% | ent 0.433
  upd 1475 | return    6.000 | deliv   6.00 | blocked 12.6% | idle  0.2% | ent 0.453
  upd 1476 | return    4.100 | deliv   4.10 | blocked 10.4% | idle  0.2% | ent 0.436
  upd 1477 | return    3.400 | deliv   3.40 | blocked 13.1% | idle  0.1% | ent 0.436
  upd 1478 | return    4.000 | deliv   4.00 | blocked 14.0% | idle  0.1% | ent 0.425
  upd 1479 | return    4.900 | deliv   4.90 | blocked 14.4% | idle  0.1% | ent 0.427
  upd 1480 | return    4.000 | deliv   4.00 | blocked 12.0% | idle  0.1% | ent 0.448
  upd 1481 | return    3.700 | deliv   3.70 | blocked 10.9% | idle  0.1% | ent 0.442
  upd 1482 | return    3.500 | deliv   3.50 | blocked 10.8% | idle  0.1% | ent 0.433
  upd 1483 | return    3.800 | deliv   3.80 | blocked 10.8% | idle  0.2% | ent 0.446
  upd 1484 | return    2.600 | deliv   2.60 | blocked 16.7% | idle  0.1% | ent 0.414
  upd 1485 | return    5.200 | deliv   5.20 | blocked 14.8% | idle  0.1% | ent 0.422
  upd 1486 | return    3.700 | deliv   3.70 | blocked 10.5% | idle  0.1% | ent 0.420
  upd 1487 | return    3.300 | deliv   3.30 | blocked  8.4% | idle  0.1% | ent 0.446
  upd 1488 | return    4.000 | deliv   4.00 | blocked  7.7% | idle  0.2% | ent 0.458
  upd 1489 | return    6.100 | deliv   6.10 | blocked  9.2% | idle  0.1% | ent 0.451
  upd 1490 | return    5.500 | deliv   5.50 | blocked 11.8% | idle  0.1% | ent 0.450
  upd 1491 | return    3.900 | deliv   3.90 | blocked 10.7% | idle  0.1% | ent 0.444
  upd 1492 | return    5.200 | deliv   5.20 | blocked 10.7% | idle  0.1% | ent 0.459
  upd 1493 | return    4.000 | deliv   4.00 | blocked 10.3% | idle  0.1% | ent 0.464
  upd 1494 | return    3.700 | deliv   3.70 | blocked 17.0% | idle  0.1% | ent 0.455
  upd 1495 | return    4.500 | deliv   4.50 | blocked 14.9% | idle  0.1% | ent 0.459
  upd 1496 | return    3.800 | deliv   3.80 | blocked 16.7% | idle  0.1% | ent 0.448
  upd 1497 | return    3.900 | deliv   3.90 | blocked 16.9% | idle  0.2% | ent 0.451
  upd 1498 | return    3.500 | deliv   3.50 | blocked 19.0% | idle  0.1% | ent 0.462
  upd 1499 | return    4.600 | deliv   4.60 | blocked 22.7% | idle  0.2% | ent 0.435
  [replay @ update 1500] return 1.00  deliveries 1  -> runs/ia2c_tiny-4ag_seed2/replays/replay_upd001500_s0.npz
  upd 1500 | return    4.600 | deliv   4.60 | blocked 13.6% | idle  0.1% | ent 0.475
  upd 1501 | return    4.200 | deliv   4.20 | blocked 17.0% | idle  0.2% | ent 0.460
  upd 1502 | return    3.900 | deliv   3.90 | blocked 17.2% | idle  0.1% | ent 0.467
  upd 1503 | return    4.800 | deliv   4.80 | blocked 17.9% | idle  0.1% | ent 0.467
  upd 1504 | return    4.200 | deliv   4.20 | blocked 19.6% | idle  0.1% | ent 0.447
  upd 1505 | return    1.900 | deliv   1.90 | blocked 14.0% | idle  0.1% | ent 0.430
  upd 1506 | return    3.300 | deliv   3.30 | blocked 17.6% | idle  0.1% | ent 0.411
  upd 1507 | return    4.200 | deliv   4.20 | blocked 17.3% | idle  0.1% | ent 0.394
  upd 1508 | return    3.900 | deliv   3.90 | blocked 14.7% | idle  0.1% | ent 0.432
  upd 1509 | return    4.800 | deliv   4.80 | blocked 17.3% | idle  0.2% | ent 0.442
  upd 1510 | return    3.500 | deliv   3.50 | blocked 13.8% | idle  0.1% | ent 0.443
  upd 1511 | return    2.500 | deliv   2.50 | blocked 15.0% | idle  0.1% | ent 0.428
  upd 1512 | return    3.500 | deliv   3.50 | blocked 25.9% | idle  0.1% | ent 0.404
  upd 1513 | return    3.900 | deliv   3.90 | blocked 24.7% | idle  0.1% | ent 0.423
  upd 1514 | return    4.100 | deliv   4.10 | blocked 25.2% | idle  0.1% | ent 0.411
  upd 1515 | return    3.200 | deliv   3.20 | blocked 22.9% | idle  0.1% | ent 0.426
  upd 1516 | return    3.300 | deliv   3.30 | blocked 20.6% | idle  0.1% | ent 0.432
  upd 1517 | return    4.600 | deliv   4.60 | blocked 25.0% | idle  0.1% | ent 0.416
  upd 1518 | return    4.000 | deliv   4.00 | blocked 20.1% | idle  0.1% | ent 0.426
  upd 1519 | return    3.000 | deliv   3.00 | blocked 15.5% | idle  0.2% | ent 0.444
  upd 1520 | return    4.200 | deliv   4.20 | blocked 11.3% | idle  0.2% | ent 0.460
  upd 1521 | return    4.500 | deliv   4.50 | blocked 13.4% | idle  0.1% | ent 0.452
  upd 1522 | return    3.700 | deliv   3.70 | blocked 14.5% | idle  0.2% | ent 0.451
  upd 1523 | return    4.400 | deliv   4.40 | blocked 14.5% | idle  0.1% | ent 0.451
  upd 1524 | return    2.900 | deliv   2.90 | blocked 15.3% | idle  0.2% | ent 0.419
  upd 1525 | return    3.400 | deliv   3.40 | blocked 14.1% | idle  0.1% | ent 0.445
  upd 1526 | return    4.300 | deliv   4.30 | blocked 14.4% | idle  0.2% | ent 0.430
  upd 1527 | return    5.000 | deliv   5.00 | blocked 17.0% | idle  0.1% | ent 0.440
  upd 1528 | return    4.900 | deliv   4.90 | blocked 18.1% | idle  0.1% | ent 0.423
  upd 1529 | return    4.000 | deliv   4.00 | blocked 20.2% | idle  0.1% | ent 0.401
  upd 1530 | return    3.300 | deliv   3.30 | blocked 16.9% | idle  0.1% | ent 0.390
  upd 1531 | return    4.700 | deliv   4.70 | blocked 16.4% | idle  0.1% | ent 0.397
  upd 1532 | return    3.800 | deliv   3.80 | blocked 20.1% | idle  0.1% | ent 0.402
  upd 1533 | return    4.100 | deliv   4.10 | blocked 15.2% | idle  0.1% | ent 0.402
  upd 1534 | return    2.800 | deliv   2.80 | blocked 12.4% | idle  0.1% | ent 0.390
  upd 1535 | return    4.000 | deliv   4.00 | blocked 16.0% | idle  0.1% | ent 0.399
  upd 1536 | return    3.800 | deliv   3.80 | blocked 11.8% | idle  0.2% | ent 0.410
  upd 1537 | return    4.400 | deliv   4.40 | blocked 13.9% | idle  0.2% | ent 0.418
  upd 1538 | return    5.200 | deliv   5.20 | blocked 12.6% | idle  0.1% | ent 0.454
  upd 1539 | return    3.400 | deliv   3.40 | blocked 12.1% | idle  0.2% | ent 0.461
  upd 1540 | return    4.500 | deliv   4.50 | blocked 11.6% | idle  0.1% | ent 0.444
  upd 1541 | return    3.400 | deliv   3.40 | blocked 14.4% | idle  0.2% | ent 0.446
  upd 1542 | return    3.700 | deliv   3.70 | blocked 12.8% | idle  0.1% | ent 0.467
  upd 1543 | return    3.400 | deliv   3.40 | blocked 13.8% | idle  0.1% | ent 0.423
  upd 1544 | return    2.900 | deliv   2.90 | blocked 15.4% | idle  0.1% | ent 0.436
  upd 1545 | return    4.400 | deliv   4.40 | blocked 20.5% | idle  0.2% | ent 0.418
  upd 1546 | return    3.500 | deliv   3.50 | blocked 25.1% | idle  0.1% | ent 0.363
  upd 1547 | return    3.300 | deliv   3.30 | blocked 20.9% | idle  0.1% | ent 0.376
  upd 1548 | return    3.100 | deliv   3.10 | blocked 26.3% | idle  0.1% | ent 0.335
  upd 1549 | return    2.500 | deliv   2.50 | blocked 24.0% | idle  0.0% | ent 0.332
  upd 1550 | return    2.600 | deliv   2.60 | blocked 25.7% | idle  0.1% | ent 0.334
  upd 1551 | return    3.700 | deliv   3.70 | blocked 19.5% | idle  0.1% | ent 0.364
  upd 1552 | return    4.300 | deliv   4.30 | blocked 19.2% | idle  0.1% | ent 0.360
  upd 1553 | return    3.900 | deliv   3.90 | blocked 19.3% | idle  0.1% | ent 0.367
  upd 1554 | return    2.500 | deliv   2.50 | blocked 16.2% | idle  0.1% | ent 0.365
  upd 1555 | return    3.600 | deliv   3.60 | blocked 20.3% | idle  0.1% | ent 0.344
  upd 1556 | return    3.400 | deliv   3.40 | blocked 17.1% | idle  0.1% | ent 0.368
  upd 1557 | return    5.000 | deliv   5.00 | blocked 21.0% | idle  0.1% | ent 0.342
  upd 1558 | return    3.300 | deliv   3.30 | blocked 20.8% | idle  0.1% | ent 0.358
  upd 1559 | return    3.000 | deliv   3.00 | blocked 22.5% | idle  0.1% | ent 0.352
  upd 1560 | return    3.700 | deliv   3.70 | blocked 18.9% | idle  0.1% | ent 0.377
  upd 1561 | return    3.700 | deliv   3.70 | blocked 17.6% | idle  0.1% | ent 0.380
  upd 1562 | return    4.200 | deliv   4.20 | blocked 18.1% | idle  0.1% | ent 0.351
  upd 1563 | return    4.000 | deliv   4.00 | blocked 22.5% | idle  0.1% | ent 0.399
  upd 1564 | return    3.500 | deliv   3.50 | blocked 19.2% | idle  0.1% | ent 0.391
  upd 1565 | return    4.600 | deliv   4.60 | blocked 16.4% | idle  0.1% | ent 0.397
  upd 1566 | return    2.300 | deliv   2.30 | blocked 13.2% | idle  0.1% | ent 0.389
  upd 1567 | return    4.300 | deliv   4.30 | blocked 15.3% | idle  0.1% | ent 0.426
  upd 1568 | return    4.500 | deliv   4.50 | blocked 16.2% | idle  0.1% | ent 0.412
  upd 1569 | return    4.800 | deliv   4.80 | blocked 17.3% | idle  0.1% | ent 0.418
  upd 1570 | return    4.400 | deliv   4.40 | blocked 17.5% | idle  0.1% | ent 0.423
  upd 1571 | return    3.800 | deliv   3.80 | blocked 22.5% | idle  0.1% | ent 0.372
  upd 1572 | return    4.100 | deliv   4.10 | blocked 16.9% | idle  0.1% | ent 0.371
  upd 1573 | return    4.600 | deliv   4.60 | blocked 18.3% | idle  0.1% | ent 0.403
  upd 1574 | return    4.300 | deliv   4.30 | blocked 25.1% | idle  0.1% | ent 0.363
  upd 1575 | return    3.700 | deliv   3.70 | blocked 18.4% | idle  0.1% | ent 0.359
  upd 1576 | return    3.600 | deliv   3.60 | blocked 20.4% | idle  0.1% | ent 0.385
  upd 1577 | return    4.200 | deliv   4.20 | blocked 21.6% | idle  0.1% | ent 0.360
  upd 1578 | return    4.100 | deliv   4.10 | blocked 19.6% | idle  0.1% | ent 0.393
  upd 1579 | return    3.600 | deliv   3.60 | blocked 20.4% | idle  0.1% | ent 0.384
  upd 1580 | return    3.200 | deliv   3.20 | blocked 22.6% | idle  0.1% | ent 0.386
  upd 1581 | return    3.400 | deliv   3.40 | blocked 19.2% | idle  0.1% | ent 0.393
  upd 1582 | return    2.500 | deliv   2.50 | blocked 15.5% | idle  0.1% | ent 0.395
  upd 1583 | return    3.000 | deliv   3.00 | blocked 23.0% | idle  0.1% | ent 0.390
  upd 1584 | return    2.900 | deliv   2.90 | blocked 19.4% | idle  0.1% | ent 0.379
  upd 1585 | return    3.400 | deliv   3.40 | blocked 21.2% | idle  0.1% | ent 0.370
  upd 1586 | return    3.500 | deliv   3.50 | blocked 24.1% | idle  0.1% | ent 0.366
  upd 1587 | return    3.400 | deliv   3.40 | blocked 25.4% | idle  0.1% | ent 0.344
  upd 1588 | return    4.100 | deliv   4.10 | blocked 25.4% | idle  0.1% | ent 0.349
  upd 1589 | return    4.000 | deliv   4.00 | blocked 26.7% | idle  0.1% | ent 0.367
  upd 1590 | return    2.800 | deliv   2.80 | blocked 23.6% | idle  0.1% | ent 0.360
  upd 1591 | return    4.500 | deliv   4.50 | blocked 27.1% | idle  0.1% | ent 0.366
  upd 1592 | return    3.000 | deliv   3.00 | blocked 25.0% | idle  0.1% | ent 0.346
  upd 1593 | return    3.300 | deliv   3.30 | blocked 26.3% | idle  0.1% | ent 0.369
  upd 1594 | return    4.700 | deliv   4.70 | blocked 27.8% | idle  0.1% | ent 0.339
  upd 1595 | return    3.400 | deliv   3.40 | blocked 27.8% | idle  0.1% | ent 0.331
  upd 1596 | return    3.100 | deliv   3.10 | blocked 28.0% | idle  0.1% | ent 0.334
  upd 1597 | return    2.300 | deliv   2.30 | blocked 33.9% | idle  0.1% | ent 0.273
  upd 1598 | return    3.900 | deliv   3.90 | blocked 30.9% | idle  0.1% | ent 0.345
  upd 1599 | return    3.700 | deliv   3.70 | blocked 27.1% | idle  0.1% | ent 0.344
  [replay @ update 1600] return 3.00  deliveries 3  -> runs/ia2c_tiny-4ag_seed2/replays/replay_upd001600_s0.npz
  upd 1600 | return    3.500 | deliv   3.50 | blocked 28.0% | idle  0.1% | ent 0.345
  upd 1601 | return    2.200 | deliv   2.20 | blocked 28.1% | idle  0.1% | ent 0.342
  upd 1602 | return    3.600 | deliv   3.60 | blocked 24.7% | idle  0.1% | ent 0.347
  upd 1603 | return    3.600 | deliv   3.60 | blocked 30.8% | idle  0.1% | ent 0.350
  upd 1604 | return    4.000 | deliv   4.00 | blocked 22.9% | idle  0.1% | ent 0.366
  upd 1605 | return    3.700 | deliv   3.70 | blocked 25.1% | idle  0.1% | ent 0.360
  upd 1606 | return    3.600 | deliv   3.60 | blocked 20.3% | idle  0.1% | ent 0.385
  upd 1607 | return    2.900 | deliv   2.90 | blocked 25.2% | idle  0.1% | ent 0.353
  upd 1608 | return    2.400 | deliv   2.40 | blocked 25.5% | idle  0.1% | ent 0.311
  upd 1609 | return    3.300 | deliv   3.30 | blocked 31.4% | idle  0.1% | ent 0.329
  upd 1610 | return    2.500 | deliv   2.50 | blocked 32.3% | idle  0.1% | ent 0.299
  upd 1611 | return    1.900 | deliv   1.90 | blocked 43.3% | idle  0.1% | ent 0.272
  upd 1612 | return    3.100 | deliv   3.10 | blocked 37.4% | idle  0.1% | ent 0.270
  upd 1613 | return    1.700 | deliv   1.70 | blocked 35.6% | idle  0.1% | ent 0.280
  upd 1614 | return    1.800 | deliv   1.80 | blocked 34.3% | idle  0.1% | ent 0.279
  upd 1615 | return    2.600 | deliv   2.60 | blocked 38.9% | idle  0.1% | ent 0.261
  upd 1616 | return    1.300 | deliv   1.30 | blocked 39.6% | idle  0.1% | ent 0.246
  upd 1617 | return    2.300 | deliv   2.30 | blocked 35.7% | idle  0.1% | ent 0.282
  upd 1618 | return    2.300 | deliv   2.30 | blocked 36.6% | idle  0.1% | ent 0.264
  upd 1619 | return    2.500 | deliv   2.50 | blocked 33.5% | idle  0.1% | ent 0.305
  upd 1620 | return    1.600 | deliv   1.60 | blocked 38.1% | idle  0.1% | ent 0.279
  upd 1621 | return    1.800 | deliv   1.80 | blocked 37.9% | idle  0.1% | ent 0.282
  upd 1622 | return    2.700 | deliv   2.70 | blocked 28.4% | idle  0.1% | ent 0.335
  upd 1623 | return    3.200 | deliv   3.20 | blocked 38.0% | idle  0.1% | ent 0.289
  upd 1624 | return    2.600 | deliv   2.60 | blocked 22.5% | idle  0.1% | ent 0.347
  upd 1625 | return    3.600 | deliv   3.60 | blocked 32.3% | idle  0.1% | ent 0.325
  upd 1626 | return    2.300 | deliv   2.30 | blocked 31.5% | idle  0.1% | ent 0.313
  upd 1627 | return    2.900 | deliv   2.90 | blocked 36.1% | idle  0.1% | ent 0.296
  upd 1628 | return    2.800 | deliv   2.80 | blocked 35.4% | idle  0.1% | ent 0.312
  upd 1629 | return    3.900 | deliv   3.90 | blocked 29.7% | idle  0.1% | ent 0.336
  upd 1630 | return    2.100 | deliv   2.10 | blocked 38.7% | idle  0.1% | ent 0.310
  upd 1631 | return    2.700 | deliv   2.70 | blocked 27.3% | idle  0.1% | ent 0.350
  upd 1632 | return    2.700 | deliv   2.70 | blocked 21.5% | idle  0.1% | ent 0.360
  upd 1633 | return    3.400 | deliv   3.40 | blocked 20.3% | idle  0.1% | ent 0.389
  upd 1634 | return    4.400 | deliv   4.40 | blocked 21.0% | idle  0.1% | ent 0.384
  upd 1635 | return    4.000 | deliv   4.00 | blocked 19.9% | idle  0.1% | ent 0.403
  upd 1636 | return    2.500 | deliv   2.50 | blocked 21.4% | idle  0.1% | ent 0.373
  upd 1637 | return    3.000 | deliv   3.00 | blocked 21.0% | idle  0.1% | ent 0.389
  upd 1638 | return    2.900 | deliv   2.90 | blocked 23.0% | idle  0.1% | ent 0.393
  upd 1639 | return    2.800 | deliv   2.80 | blocked 18.6% | idle  0.1% | ent 0.386
  upd 1640 | return    2.800 | deliv   2.80 | blocked 17.1% | idle  0.1% | ent 0.398
  upd 1641 | return    3.600 | deliv   3.60 | blocked 17.6% | idle  0.1% | ent 0.404
  upd 1642 | return    2.600 | deliv   2.60 | blocked 20.7% | idle  0.1% | ent 0.384
  upd 1643 | return    3.800 | deliv   3.80 | blocked 22.7% | idle  0.1% | ent 0.382
  upd 1644 | return    2.800 | deliv   2.80 | blocked 16.7% | idle  0.1% | ent 0.386
  upd 1645 | return    2.400 | deliv   2.40 | blocked 19.2% | idle  0.1% | ent 0.353
  upd 1646 | return    3.200 | deliv   3.20 | blocked 16.7% | idle  0.1% | ent 0.374
  upd 1647 | return    4.000 | deliv   4.00 | blocked 18.1% | idle  0.1% | ent 0.373
  upd 1648 | return    3.400 | deliv   3.40 | blocked 17.4% | idle  0.1% | ent 0.369
  upd 1649 | return    4.600 | deliv   4.60 | blocked 19.4% | idle  0.1% | ent 0.362
  upd 1650 | return    3.200 | deliv   3.20 | blocked 14.1% | idle  0.1% | ent 0.375
  upd 1651 | return    3.500 | deliv   3.50 | blocked 17.7% | idle  0.1% | ent 0.358
  upd 1652 | return    3.900 | deliv   3.90 | blocked 18.6% | idle  0.1% | ent 0.371
  upd 1653 | return    4.200 | deliv   4.20 | blocked 18.0% | idle  0.1% | ent 0.366
  upd 1654 | return    3.900 | deliv   3.90 | blocked 15.2% | idle  0.1% | ent 0.375
  upd 1655 | return    2.200 | deliv   2.20 | blocked 17.5% | idle  0.1% | ent 0.379
  upd 1656 | return    3.800 | deliv   3.80 | blocked 17.9% | idle  0.1% | ent 0.376
  upd 1657 | return    3.500 | deliv   3.50 | blocked 17.4% | idle  0.1% | ent 0.396
  upd 1658 | return    4.100 | deliv   4.10 | blocked 15.2% | idle  0.1% | ent 0.389
  upd 1659 | return    3.800 | deliv   3.80 | blocked 20.4% | idle  0.1% | ent 0.394
  upd 1660 | return    2.800 | deliv   2.80 | blocked 14.2% | idle  0.1% | ent 0.389
  upd 1661 | return    4.000 | deliv   4.00 | blocked 20.5% | idle  0.1% | ent 0.370
  upd 1662 | return    4.200 | deliv   4.20 | blocked 14.1% | idle  0.1% | ent 0.402
  upd 1663 | return    2.200 | deliv   2.20 | blocked 15.9% | idle  0.1% | ent 0.361
  upd 1664 | return    4.700 | deliv   4.70 | blocked 25.9% | idle  0.0% | ent 0.373
  upd 1665 | return    3.800 | deliv   3.80 | blocked 16.9% | idle  0.1% | ent 0.372
  upd 1666 | return    4.200 | deliv   4.20 | blocked 19.6% | idle  0.0% | ent 0.366
  upd 1667 | return    3.600 | deliv   3.60 | blocked 15.4% | idle  0.1% | ent 0.379
  upd 1668 | return    4.300 | deliv   4.30 | blocked 16.2% | idle  0.1% | ent 0.382
  upd 1669 | return    2.800 | deliv   2.80 | blocked 14.9% | idle  0.1% | ent 0.376
  upd 1670 | return    5.700 | deliv   5.70 | blocked 15.8% | idle  0.1% | ent 0.416
  upd 1671 | return    4.000 | deliv   4.00 | blocked 17.2% | idle  0.1% | ent 0.394
  upd 1672 | return    3.700 | deliv   3.70 | blocked 12.8% | idle  0.1% | ent 0.389
  upd 1673 | return    4.100 | deliv   4.10 | blocked 14.4% | idle  0.1% | ent 0.408
  upd 1674 | return    6.000 | deliv   6.00 | blocked 18.6% | idle  0.1% | ent 0.432
  upd 1675 | return    4.100 | deliv   4.10 | blocked 15.7% | idle  0.1% | ent 0.411
  upd 1676 | return    3.800 | deliv   3.80 | blocked 11.7% | idle  0.1% | ent 0.409
  upd 1677 | return    5.000 | deliv   5.00 | blocked 13.8% | idle  0.1% | ent 0.413
  upd 1678 | return    4.300 | deliv   4.30 | blocked 15.9% | idle  0.1% | ent 0.423
  upd 1679 | return    3.900 | deliv   3.90 | blocked 12.1% | idle  0.1% | ent 0.444
  upd 1680 | return    4.400 | deliv   4.40 | blocked 12.9% | idle  0.1% | ent 0.419
  upd 1681 | return    6.000 | deliv   6.00 | blocked 11.5% | idle  0.1% | ent 0.434
  upd 1682 | return    3.900 | deliv   3.90 | blocked 12.6% | idle  0.0% | ent 0.389
  upd 1683 | return    4.000 | deliv   4.00 | blocked 17.6% | idle  0.1% | ent 0.371
  upd 1684 | return    3.100 | deliv   3.10 | blocked 21.0% | idle  0.1% | ent 0.348
  upd 1685 | return    4.600 | deliv   4.60 | blocked 15.3% | idle  0.1% | ent 0.375
  upd 1686 | return    3.700 | deliv   3.70 | blocked 23.9% | idle  0.1% | ent 0.348
  upd 1687 | return    4.900 | deliv   4.90 | blocked 13.0% | idle  0.1% | ent 0.358
  upd 1688 | return    3.700 | deliv   3.70 | blocked 16.7% | idle  0.1% | ent 0.360
  upd 1689 | return    3.800 | deliv   3.80 | blocked 17.9% | idle  0.0% | ent 0.343
  upd 1690 | return    4.100 | deliv   4.10 | blocked 12.6% | idle  0.1% | ent 0.371
  upd 1691 | return    4.300 | deliv   4.30 | blocked 10.7% | idle  0.1% | ent 0.368
  upd 1692 | return    4.600 | deliv   4.60 | blocked 10.8% | idle  0.1% | ent 0.371
  upd 1693 | return    3.000 | deliv   3.00 | blocked 14.4% | idle  0.1% | ent 0.326
  upd 1694 | return    5.100 | deliv   5.10 | blocked 10.0% | idle  0.1% | ent 0.381
  upd 1695 | return    4.600 | deliv   4.60 | blocked  9.2% | idle  0.1% | ent 0.380
  upd 1696 | return    2.800 | deliv   2.80 | blocked 10.0% | idle  0.1% | ent 0.378
  upd 1697 | return    3.200 | deliv   3.20 | blocked 12.2% | idle  0.1% | ent 0.372
  upd 1698 | return    2.900 | deliv   2.90 | blocked 14.5% | idle  0.0% | ent 0.357
  upd 1699 | return    5.000 | deliv   5.00 | blocked 14.4% | idle  0.1% | ent 0.399
  [replay @ update 1700] return 2.00  deliveries 2  -> runs/ia2c_tiny-4ag_seed2/replays/replay_upd001700_s0.npz
  upd 1700 | return    5.000 | deliv   5.00 | blocked 16.3% | idle  0.0% | ent 0.381
  upd 1701 | return    5.100 | deliv   5.10 | blocked 10.5% | idle  0.1% | ent 0.380
  upd 1702 | return    4.900 | deliv   4.90 | blocked 12.2% | idle  0.1% | ent 0.354
  upd 1703 | return    3.100 | deliv   3.10 | blocked 13.4% | idle  0.0% | ent 0.339
  upd 1704 | return    4.000 | deliv   4.00 | blocked 11.5% | idle  0.0% | ent 0.327
  upd 1705 | return    3.700 | deliv   3.70 | blocked 16.0% | idle  0.0% | ent 0.296
  upd 1706 | return    3.700 | deliv   3.70 | blocked 18.1% | idle  0.1% | ent 0.320
  upd 1707 | return    3.500 | deliv   3.50 | blocked 15.4% | idle  0.1% | ent 0.294
  upd 1708 | return    2.500 | deliv   2.50 | blocked 15.6% | idle  0.1% | ent 0.296
  upd 1709 | return    4.100 | deliv   4.10 | blocked 15.9% | idle  0.1% | ent 0.313
  upd 1710 | return    3.700 | deliv   3.70 | blocked 29.3% | idle  0.1% | ent 0.262
  upd 1711 | return    5.000 | deliv   5.00 | blocked 15.5% | idle  0.1% | ent 0.356
  upd 1712 | return    2.600 | deliv   2.60 | blocked 19.6% | idle  0.0% | ent 0.304
  upd 1713 | return    3.600 | deliv   3.60 | blocked 16.2% | idle  0.1% | ent 0.347
  upd 1714 | return    4.300 | deliv   4.30 | blocked 15.7% | idle  0.1% | ent 0.336
  upd 1715 | return    4.500 | deliv   4.50 | blocked 15.1% | idle  0.1% | ent 0.400
  upd 1716 | return    4.300 | deliv   4.30 | blocked 20.6% | idle  0.1% | ent 0.366
  upd 1717 | return    2.700 | deliv   2.70 | blocked 11.5% | idle  0.1% | ent 0.369
  upd 1718 | return    4.000 | deliv   4.00 | blocked 17.4% | idle  0.1% | ent 0.335
  upd 1719 | return    2.900 | deliv   2.90 | blocked 21.0% | idle  0.1% | ent 0.328
  upd 1720 | return    4.000 | deliv   4.00 | blocked 14.0% | idle  0.1% | ent 0.350
  upd 1721 | return    4.700 | deliv   4.70 | blocked 14.3% | idle  0.1% | ent 0.337
  upd 1722 | return    3.300 | deliv   3.30 | blocked 19.9% | idle  0.1% | ent 0.329
  upd 1723 | return    4.500 | deliv   4.50 | blocked 10.9% | idle  0.1% | ent 0.358
  upd 1724 | return    4.800 | deliv   4.80 | blocked 11.6% | idle  0.1% | ent 0.348
  upd 1725 | return    3.600 | deliv   3.60 | blocked 10.8% | idle  0.0% | ent 0.342
  upd 1726 | return    3.000 | deliv   3.00 | blocked 10.0% | idle  0.1% | ent 0.352
  upd 1727 | return    3.600 | deliv   3.60 | blocked  9.3% | idle  0.1% | ent 0.339
  upd 1728 | return    3.600 | deliv   3.60 | blocked  9.2% | idle  0.0% | ent 0.350
  upd 1729 | return    4.400 | deliv   4.40 | blocked 15.8% | idle  0.1% | ent 0.355
  upd 1730 | return    4.700 | deliv   4.70 | blocked 11.5% | idle  0.0% | ent 0.358
  upd 1731 | return    3.300 | deliv   3.30 | blocked 11.0% | idle  0.1% | ent 0.351
  upd 1732 | return    4.300 | deliv   4.30 | blocked 11.9% | idle  0.1% | ent 0.360
  upd 1733 | return    4.600 | deliv   4.60 | blocked 20.5% | idle  0.1% | ent 0.353
  upd 1734 | return    4.700 | deliv   4.70 | blocked 14.0% | idle  0.0% | ent 0.357
  upd 1735 | return    3.700 | deliv   3.70 | blocked  9.6% | idle  0.1% | ent 0.372
  upd 1736 | return    3.300 | deliv   3.30 | blocked 17.5% | idle  0.1% | ent 0.349
  upd 1737 | return    4.500 | deliv   4.50 | blocked 14.0% | idle  0.1% | ent 0.386
  upd 1738 | return    5.500 | deliv   5.50 | blocked 13.7% | idle  0.1% | ent 0.401
  upd 1739 | return    2.400 | deliv   2.40 | blocked 13.1% | idle  0.1% | ent 0.383
  upd 1740 | return    3.300 | deliv   3.30 | blocked 13.9% | idle  0.1% | ent 0.401
  upd 1741 | return    2.900 | deliv   2.90 | blocked 14.7% | idle  0.1% | ent 0.410
  upd 1742 | return    2.300 | deliv   2.30 | blocked 19.2% | idle  0.1% | ent 0.357
  upd 1743 | return    2.700 | deliv   2.70 | blocked 17.2% | idle  0.1% | ent 0.387
  upd 1744 | return    2.300 | deliv   2.30 | blocked 19.5% | idle  0.1% | ent 0.368
  upd 1745 | return    4.400 | deliv   4.40 | blocked 20.8% | idle  0.1% | ent 0.344
  upd 1746 | return    3.000 | deliv   3.00 | blocked 17.7% | idle  0.1% | ent 0.335
  upd 1747 | return    4.600 | deliv   4.60 | blocked 22.3% | idle  0.1% | ent 0.360
  upd 1748 | return    3.800 | deliv   3.80 | blocked 19.7% | idle  0.0% | ent 0.341
  upd 1749 | return    4.500 | deliv   4.50 | blocked 27.7% | idle  0.1% | ent 0.361
  upd 1750 | return    3.500 | deliv   3.50 | blocked 15.5% | idle  0.1% | ent 0.378
  upd 1751 | return    4.600 | deliv   4.60 | blocked 12.3% | idle  0.1% | ent 0.359
  upd 1752 | return    3.500 | deliv   3.50 | blocked 15.5% | idle  0.1% | ent 0.374
  upd 1753 | return    2.700 | deliv   2.70 | blocked 13.4% | idle  0.1% | ent 0.382
  upd 1754 | return    5.100 | deliv   5.10 | blocked 10.4% | idle  0.1% | ent 0.398
  upd 1755 | return    4.500 | deliv   4.50 | blocked 17.8% | idle  0.1% | ent 0.391
  upd 1756 | return    4.600 | deliv   4.60 | blocked 11.7% | idle  0.1% | ent 0.433
  upd 1757 | return    3.400 | deliv   3.40 | blocked 13.2% | idle  0.1% | ent 0.392
  upd 1758 | return    5.800 | deliv   5.80 | blocked 12.5% | idle  0.1% | ent 0.440
  upd 1759 | return    4.000 | deliv   4.00 | blocked 10.7% | idle  0.1% | ent 0.393
  upd 1760 | return    4.200 | deliv   4.20 | blocked 10.0% | idle  0.1% | ent 0.433
  upd 1761 | return    4.500 | deliv   4.50 | blocked  8.8% | idle  0.2% | ent 0.428
  upd 1762 | return    4.200 | deliv   4.20 | blocked 19.9% | idle  0.1% | ent 0.394
  upd 1763 | return    4.300 | deliv   4.30 | blocked 10.0% | idle  0.1% | ent 0.407
  upd 1764 | return    3.200 | deliv   3.20 | blocked 15.3% | idle  0.1% | ent 0.400
  upd 1765 | return    4.600 | deliv   4.60 | blocked 12.5% | idle  0.1% | ent 0.407
  upd 1766 | return    2.700 | deliv   2.70 | blocked 15.8% | idle  0.0% | ent 0.384
  upd 1767 | return    4.000 | deliv   4.00 | blocked 13.2% | idle  0.1% | ent 0.388
  upd 1768 | return    4.600 | deliv   4.60 | blocked 13.6% | idle  0.1% | ent 0.389
  upd 1769 | return    3.500 | deliv   3.50 | blocked 18.2% | idle  0.0% | ent 0.346
  upd 1770 | return    4.000 | deliv   4.00 | blocked 12.7% | idle  0.1% | ent 0.376
  upd 1771 | return    3.900 | deliv   3.90 | blocked 16.0% | idle  0.1% | ent 0.370
  upd 1772 | return    3.400 | deliv   3.40 | blocked 28.1% | idle  0.1% | ent 0.360
  upd 1773 | return    4.700 | deliv   4.70 | blocked 17.2% | idle  0.1% | ent 0.357
  upd 1774 | return    3.100 | deliv   3.10 | blocked 13.1% | idle  0.0% | ent 0.344
  upd 1775 | return    3.300 | deliv   3.30 | blocked 12.4% | idle  0.1% | ent 0.364
  upd 1776 | return    3.400 | deliv   3.40 | blocked 18.7% | idle  0.1% | ent 0.360
  upd 1777 | return    3.900 | deliv   3.90 | blocked 11.5% | idle  0.1% | ent 0.359
  upd 1778 | return    3.300 | deliv   3.30 | blocked 25.1% | idle  0.1% | ent 0.330
  upd 1779 | return    3.100 | deliv   3.10 | blocked 12.3% | idle  0.1% | ent 0.397
  upd 1780 | return    4.400 | deliv   4.40 | blocked 12.5% | idle  0.1% | ent 0.402
  upd 1781 | return    3.900 | deliv   3.90 | blocked 14.7% | idle  0.0% | ent 0.425
  upd 1782 | return    2.700 | deliv   2.70 | blocked 13.1% | idle  0.0% | ent 0.379
  upd 1783 | return    3.000 | deliv   3.00 | blocked  9.5% | idle  0.1% | ent 0.423
  upd 1784 | return    4.400 | deliv   4.40 | blocked 14.3% | idle  0.1% | ent 0.432
  upd 1785 | return    2.600 | deliv   2.60 | blocked 13.0% | idle  0.1% | ent 0.411
  upd 1786 | return    2.900 | deliv   2.90 | blocked 21.8% | idle  0.0% | ent 0.379
  upd 1787 | return    4.900 | deliv   4.90 | blocked 17.7% | idle  0.1% | ent 0.465
  upd 1788 | return    3.500 | deliv   3.50 | blocked 11.3% | idle  0.1% | ent 0.441
  upd 1789 | return    3.800 | deliv   3.80 | blocked 10.1% | idle  0.1% | ent 0.461
  upd 1790 | return    2.600 | deliv   2.60 | blocked  9.1% | idle  0.1% | ent 0.424
  upd 1791 | return    3.500 | deliv   3.50 | blocked 15.8% | idle  0.1% | ent 0.423
  upd 1792 | return    4.600 | deliv   4.60 | blocked 12.8% | idle  0.1% | ent 0.467
  upd 1793 | return    4.200 | deliv   4.20 | blocked 11.5% | idle  0.1% | ent 0.433
  upd 1794 | return    2.900 | deliv   2.90 | blocked 17.6% | idle  0.1% | ent 0.404
  upd 1795 | return    3.200 | deliv   3.20 | blocked 15.8% | idle  0.1% | ent 0.369
  upd 1796 | return    3.800 | deliv   3.80 | blocked 24.5% | idle  0.1% | ent 0.346
  upd 1797 | return    4.200 | deliv   4.20 | blocked 13.8% | idle  0.1% | ent 0.360
  upd 1798 | return    4.500 | deliv   4.50 | blocked 19.7% | idle  0.1% | ent 0.319
  upd 1799 | return    3.700 | deliv   3.70 | blocked 15.1% | idle  0.1% | ent 0.338
  [replay @ update 1800] return 2.00  deliveries 2  -> runs/ia2c_tiny-4ag_seed2/replays/replay_upd001800_s0.npz
  upd 1800 | return    4.200 | deliv   4.20 | blocked 22.1% | idle  0.1% | ent 0.315
  upd 1801 | return    4.200 | deliv   4.20 | blocked 15.5% | idle  0.1% | ent 0.341
  upd 1802 | return    3.500 | deliv   3.50 | blocked 21.8% | idle  0.1% | ent 0.298
  upd 1803 | return    2.900 | deliv   2.90 | blocked 22.8% | idle  0.1% | ent 0.305
  upd 1804 | return    3.300 | deliv   3.30 | blocked 15.6% | idle  0.0% | ent 0.295
  upd 1805 | return    4.200 | deliv   4.20 | blocked 13.8% | idle  0.0% | ent 0.306
  upd 1806 | return    4.800 | deliv   4.80 | blocked 24.7% | idle  0.0% | ent 0.302
  upd 1807 | return    4.400 | deliv   4.40 | blocked 17.1% | idle  0.1% | ent 0.306
  upd 1808 | return    5.800 | deliv   5.80 | blocked 18.5% | idle  0.1% | ent 0.306
  upd 1809 | return    4.000 | deliv   4.00 | blocked 16.8% | idle  0.1% | ent 0.329
  upd 1810 | return    5.000 | deliv   5.00 | blocked 18.3% | idle  0.1% | ent 0.342
  upd 1811 | return    4.100 | deliv   4.10 | blocked 21.9% | idle  0.0% | ent 0.340
  upd 1812 | return    4.800 | deliv   4.80 | blocked 25.3% | idle  0.1% | ent 0.370
  upd 1813 | return    3.400 | deliv   3.40 | blocked 21.4% | idle  0.1% | ent 0.358
  upd 1814 | return    4.400 | deliv   4.40 | blocked 12.9% | idle  0.1% | ent 0.414
  upd 1815 | return    3.900 | deliv   3.90 | blocked 18.3% | idle  0.1% | ent 0.429
  upd 1816 | return    3.800 | deliv   3.80 | blocked 16.9% | idle  0.1% | ent 0.442
  upd 1817 | return    2.400 | deliv   2.40 | blocked  9.4% | idle  0.1% | ent 0.413
  upd 1818 | return    3.900 | deliv   3.90 | blocked 18.4% | idle  0.1% | ent 0.473
  upd 1819 | return    4.500 | deliv   4.50 | blocked 14.0% | idle  0.1% | ent 0.460
  upd 1820 | return    4.200 | deliv   4.20 | blocked 16.9% | idle  0.1% | ent 0.459
  upd 1821 | return    3.200 | deliv   3.20 | blocked 10.4% | idle  0.1% | ent 0.425
  upd 1822 | return    5.000 | deliv   5.00 | blocked 20.4% | idle  0.1% | ent 0.422
  upd 1823 | return    4.200 | deliv   4.20 | blocked 20.6% | idle  0.1% | ent 0.405
  upd 1824 | return    3.000 | deliv   3.00 | blocked 13.4% | idle  0.1% | ent 0.351
  upd 1825 | return    3.800 | deliv   3.80 | blocked 17.4% | idle  0.1% | ent 0.393
  upd 1826 | return    4.300 | deliv   4.30 | blocked 16.7% | idle  0.1% | ent 0.373
  upd 1827 | return    3.900 | deliv   3.90 | blocked 20.4% | idle  0.1% | ent 0.333
  upd 1828 | return    3.500 | deliv   3.50 | blocked 14.6% | idle  0.1% | ent 0.348
  upd 1829 | return    5.000 | deliv   5.00 | blocked 19.8% | idle  0.1% | ent 0.365
  upd 1830 | return    4.000 | deliv   4.00 | blocked 16.4% | idle  0.0% | ent 0.334
  upd 1831 | return    3.000 | deliv   3.00 | blocked 31.4% | idle  0.0% | ent 0.288
  upd 1832 | return    2.800 | deliv   2.80 | blocked 23.2% | idle  0.0% | ent 0.294
  upd 1833 | return    2.600 | deliv   2.60 | blocked 15.9% | idle  0.1% | ent 0.315
  upd 1834 | return    3.800 | deliv   3.80 | blocked 17.2% | idle  0.0% | ent 0.345
  upd 1835 | return    2.500 | deliv   2.50 | blocked 13.3% | idle  0.0% | ent 0.319
  upd 1836 | return    4.000 | deliv   4.00 | blocked 21.8% | idle  0.1% | ent 0.315
  upd 1837 | return    5.000 | deliv   5.00 | blocked 13.9% | idle  0.0% | ent 0.350
  upd 1838 | return    4.000 | deliv   4.00 | blocked 18.1% | idle  0.0% | ent 0.329
  upd 1839 | return    3.100 | deliv   3.10 | blocked 14.5% | idle  0.0% | ent 0.317
  upd 1840 | return    2.200 | deliv   2.20 | blocked 21.1% | idle  0.1% | ent 0.300
  upd 1841 | return    2.600 | deliv   2.60 | blocked 11.3% | idle  0.1% | ent 0.338
  upd 1842 | return    2.500 | deliv   2.50 | blocked 19.4% | idle  0.1% | ent 0.317
  upd 1843 | return    2.800 | deliv   2.80 | blocked 22.8% | idle  0.0% | ent 0.327
  upd 1844 | return    3.500 | deliv   3.50 | blocked 23.7% | idle  0.1% | ent 0.377
  upd 1845 | return    3.400 | deliv   3.40 | blocked 20.0% | idle  0.1% | ent 0.361
  upd 1846 | return    4.000 | deliv   4.00 | blocked 20.4% | idle  0.1% | ent 0.389
  upd 1847 | return    4.800 | deliv   4.80 | blocked 12.8% | idle  0.1% | ent 0.421
  upd 1848 | return    3.600 | deliv   3.60 | blocked 14.2% | idle  0.1% | ent 0.412
  upd 1849 | return    5.500 | deliv   5.50 | blocked  9.8% | idle  0.1% | ent 0.441
  upd 1850 | return    4.000 | deliv   4.00 | blocked 14.9% | idle  0.1% | ent 0.392
  upd 1851 | return    2.700 | deliv   2.70 | blocked 14.4% | idle  0.1% | ent 0.368
  upd 1852 | return    3.100 | deliv   3.10 | blocked 11.5% | idle  0.1% | ent 0.393
  upd 1853 | return    4.300 | deliv   4.30 | blocked 10.2% | idle  0.1% | ent 0.420
  upd 1854 | return    3.900 | deliv   3.90 | blocked 17.7% | idle  0.1% | ent 0.395
  upd 1855 | return    3.800 | deliv   3.80 | blocked 11.9% | idle  0.1% | ent 0.388
  upd 1856 | return    4.600 | deliv   4.60 | blocked 18.9% | idle  0.1% | ent 0.391
  upd 1857 | return    3.900 | deliv   3.90 | blocked  8.5% | idle  0.0% | ent 0.372
  upd 1858 | return    3.400 | deliv   3.40 | blocked 15.1% | idle  0.1% | ent 0.366
  upd 1859 | return    3.900 | deliv   3.90 | blocked 10.5% | idle  0.1% | ent 0.375
  upd 1860 | return    4.100 | deliv   4.10 | blocked 20.7% | idle  0.1% | ent 0.345
  upd 1861 | return    4.200 | deliv   4.20 | blocked 19.0% | idle  0.1% | ent 0.347
  upd 1862 | return    5.700 | deliv   5.70 | blocked 14.3% | idle  0.1% | ent 0.363
  upd 1863 | return    2.700 | deliv   2.70 | blocked 10.6% | idle  0.0% | ent 0.347
  upd 1864 | return    4.400 | deliv   4.40 | blocked 14.1% | idle  0.1% | ent 0.338
  upd 1865 | return    4.800 | deliv   4.80 | blocked 18.8% | idle  0.0% | ent 0.301
  upd 1866 | return    2.600 | deliv   2.60 | blocked 19.6% | idle  0.0% | ent 0.317
  upd 1867 | return    3.200 | deliv   3.20 | blocked 14.8% | idle  0.1% | ent 0.335
  upd 1868 | return    3.400 | deliv   3.40 | blocked 23.4% | idle  0.1% | ent 0.333
  upd 1869 | return    4.400 | deliv   4.40 | blocked 16.7% | idle  0.1% | ent 0.338
  upd 1870 | return    5.000 | deliv   5.00 | blocked 19.2% | idle  0.1% | ent 0.364
  upd 1871 | return    3.900 | deliv   3.90 | blocked 18.1% | idle  0.1% | ent 0.339
  upd 1872 | return    4.400 | deliv   4.40 | blocked 15.3% | idle  0.1% | ent 0.373
  upd 1873 | return    3.100 | deliv   3.10 | blocked 18.4% | idle  0.1% | ent 0.350
  upd 1874 | return    4.400 | deliv   4.40 | blocked 16.8% | idle  0.1% | ent 0.404
  upd 1875 | return    3.400 | deliv   3.40 | blocked 15.6% | idle  0.1% | ent 0.383
  upd 1876 | return    4.200 | deliv   4.20 | blocked 11.3% | idle  0.1% | ent 0.439
  upd 1877 | return    2.900 | deliv   2.90 | blocked 23.0% | idle  0.1% | ent 0.363
  upd 1878 | return    4.400 | deliv   4.40 | blocked 15.3% | idle  0.1% | ent 0.408
  upd 1879 | return    3.100 | deliv   3.10 | blocked 19.6% | idle  0.1% | ent 0.368
  upd 1880 | return    3.500 | deliv   3.50 | blocked  7.8% | idle  0.1% | ent 0.419
  upd 1881 | return    4.400 | deliv   4.40 | blocked 14.1% | idle  0.1% | ent 0.434
  upd 1882 | return    4.800 | deliv   4.80 | blocked 13.1% | idle  0.0% | ent 0.453
  upd 1883 | return    3.700 | deliv   3.70 | blocked 13.2% | idle  0.1% | ent 0.395
  upd 1884 | return    4.000 | deliv   4.00 | blocked 18.2% | idle  0.1% | ent 0.397
  upd 1885 | return    3.400 | deliv   3.40 | blocked 11.6% | idle  0.1% | ent 0.422
  upd 1886 | return    3.200 | deliv   3.20 | blocked 17.2% | idle  0.1% | ent 0.393
  upd 1887 | return    2.700 | deliv   2.70 | blocked 12.8% | idle  0.1% | ent 0.373
  upd 1888 | return    4.000 | deliv   4.00 | blocked 19.0% | idle  0.1% | ent 0.368
  upd 1889 | return    3.700 | deliv   3.70 | blocked 11.7% | idle  0.1% | ent 0.377
  upd 1890 | return    4.600 | deliv   4.60 | blocked 18.9% | idle  0.1% | ent 0.375
  upd 1891 | return    4.400 | deliv   4.40 | blocked 14.4% | idle  0.0% | ent 0.350
  upd 1892 | return    4.900 | deliv   4.90 | blocked 12.8% | idle  0.1% | ent 0.362
  upd 1893 | return    3.700 | deliv   3.70 | blocked 17.3% | idle  0.1% | ent 0.356
  upd 1894 | return    3.300 | deliv   3.30 | blocked 21.8% | idle  0.0% | ent 0.341
  upd 1895 | return    4.400 | deliv   4.40 | blocked 18.1% | idle  0.0% | ent 0.369
  upd 1896 | return    3.900 | deliv   3.90 | blocked 15.1% | idle  0.2% | ent 0.410
  upd 1897 | return    5.100 | deliv   5.10 | blocked 12.4% | idle  0.1% | ent 0.410
  upd 1898 | return    3.600 | deliv   3.60 | blocked 12.8% | idle  0.1% | ent 0.384
  upd 1899 | return    4.700 | deliv   4.70 | blocked 18.1% | idle  0.1% | ent 0.392
  [replay @ update 1900] return 2.00  deliveries 2  -> runs/ia2c_tiny-4ag_seed2/replays/replay_upd001900_s0.npz
  upd 1900 | return    4.200 | deliv   4.20 | blocked 15.3% | idle  0.1% | ent 0.399
  upd 1901 | return    2.900 | deliv   2.90 | blocked 20.1% | idle  0.1% | ent 0.366
  upd 1902 | return    4.000 | deliv   4.00 | blocked  8.7% | idle  0.1% | ent 0.411
  upd 1903 | return    3.400 | deliv   3.40 | blocked 18.0% | idle  0.0% | ent 0.370
  upd 1904 | return    5.000 | deliv   5.00 | blocked 12.7% | idle  0.1% | ent 0.418
  upd 1905 | return    3.200 | deliv   3.20 | blocked 15.0% | idle  0.2% | ent 0.404
  upd 1906 | return    3.500 | deliv   3.50 | blocked 14.5% | idle  0.1% | ent 0.372
  upd 1907 | return    3.700 | deliv   3.70 | blocked 11.5% | idle  0.1% | ent 0.386
  upd 1908 | return    2.300 | deliv   2.30 | blocked  8.6% | idle  0.1% | ent 0.377
  upd 1909 | return    3.200 | deliv   3.20 | blocked  9.9% | idle  0.1% | ent 0.357
  upd 1910 | return    3.300 | deliv   3.30 | blocked 21.1% | idle  0.1% | ent 0.403
  upd 1911 | return    3.300 | deliv   3.30 | blocked 20.5% | idle  0.1% | ent 0.365
  upd 1912 | return    4.100 | deliv   4.10 | blocked 15.9% | idle  0.1% | ent 0.400
  upd 1913 | return    3.000 | deliv   3.00 | blocked 25.4% | idle  0.1% | ent 0.339
  upd 1914 | return    3.100 | deliv   3.10 | blocked 23.5% | idle  0.0% | ent 0.356
  upd 1915 | return    3.900 | deliv   3.90 | blocked 18.0% | idle  0.0% | ent 0.382
  upd 1916 | return    2.500 | deliv   2.50 | blocked 14.2% | idle  0.1% | ent 0.376
  upd 1917 | return    3.600 | deliv   3.60 | blocked 12.2% | idle  0.0% | ent 0.353
  upd 1918 | return    3.800 | deliv   3.80 | blocked 20.6% | idle  0.1% | ent 0.383
  upd 1919 | return    2.500 | deliv   2.50 | blocked 29.4% | idle  0.1% | ent 0.321
  upd 1920 | return    4.700 | deliv   4.70 | blocked 20.0% | idle  0.1% | ent 0.372
  upd 1921 | return    4.200 | deliv   4.20 | blocked  8.7% | idle  0.1% | ent 0.417
  upd 1922 | return    5.500 | deliv   5.50 | blocked 19.0% | idle  0.1% | ent 0.366
  upd 1923 | return    2.900 | deliv   2.90 | blocked 16.4% | idle  0.1% | ent 0.346
  upd 1924 | return    4.100 | deliv   4.10 | blocked 15.2% | idle  0.1% | ent 0.407
  upd 1925 | return    4.000 | deliv   4.00 | blocked 17.3% | idle  0.1% | ent 0.373
  upd 1926 | return    3.400 | deliv   3.40 | blocked 19.2% | idle  0.1% | ent 0.324
  upd 1927 | return    4.000 | deliv   4.00 | blocked 11.6% | idle  0.1% | ent 0.367
  upd 1928 | return    3.600 | deliv   3.60 | blocked 19.5% | idle  0.1% | ent 0.376
  upd 1929 | return    3.400 | deliv   3.40 | blocked 14.1% | idle  0.1% | ent 0.363
  upd 1930 | return    3.400 | deliv   3.40 | blocked 13.8% | idle  0.1% | ent 0.392
  upd 1931 | return    3.600 | deliv   3.60 | blocked 20.6% | idle  0.1% | ent 0.338
  upd 1932 | return    4.300 | deliv   4.30 | blocked 16.0% | idle  0.1% | ent 0.365
  upd 1933 | return    2.500 | deliv   2.50 | blocked 23.2% | idle  0.1% | ent 0.322
  upd 1934 | return    3.800 | deliv   3.80 | blocked 12.1% | idle  0.1% | ent 0.354
  upd 1935 | return    4.200 | deliv   4.20 | blocked 18.9% | idle  0.0% | ent 0.362
  upd 1936 | return    3.100 | deliv   3.10 | blocked 14.1% | idle  0.1% | ent 0.364
  upd 1937 | return    3.500 | deliv   3.50 | blocked 16.0% | idle  0.1% | ent 0.359
  upd 1938 | return    5.700 | deliv   5.70 | blocked 12.5% | idle  0.1% | ent 0.406
  upd 1939 | return    4.400 | deliv   4.40 | blocked 22.6% | idle  0.1% | ent 0.343
  upd 1940 | return    4.200 | deliv   4.20 | blocked  8.7% | idle  0.1% | ent 0.365
  upd 1941 | return    3.900 | deliv   3.90 | blocked 11.0% | idle  0.1% | ent 0.396
  upd 1942 | return    3.300 | deliv   3.30 | blocked  9.1% | idle  0.2% | ent 0.427
  upd 1943 | return    3.400 | deliv   3.40 | blocked 11.2% | idle  0.2% | ent 0.402
  upd 1944 | return    3.000 | deliv   3.00 | blocked 14.3% | idle  0.1% | ent 0.392
  upd 1945 | return    4.800 | deliv   4.80 | blocked 12.3% | idle  0.1% | ent 0.450
  upd 1946 | return    3.500 | deliv   3.50 | blocked 13.5% | idle  0.1% | ent 0.366
  upd 1947 | return    4.000 | deliv   4.00 | blocked 11.2% | idle  0.2% | ent 0.410
  upd 1948 | return    4.400 | deliv   4.40 | blocked 10.7% | idle  0.1% | ent 0.429
  upd 1949 | return    3.700 | deliv   3.70 | blocked 14.3% | idle  0.1% | ent 0.398
  upd 1950 | return    4.100 | deliv   4.10 | blocked 10.0% | idle  0.2% | ent 0.415
  upd 1951 | return    3.700 | deliv   3.70 | blocked  8.7% | idle  0.1% | ent 0.364
  upd 1952 | return    6.100 | deliv   6.10 | blocked 10.2% | idle  0.1% | ent 0.395
  upd 1953 | return    3.700 | deliv   3.70 | blocked 14.6% | idle  0.1% | ent 0.355
  upd 1954 | return    4.200 | deliv   4.20 | blocked 16.0% | idle  0.1% | ent 0.338
  upd 1955 | return    3.200 | deliv   3.20 | blocked 15.4% | idle  0.1% | ent 0.321
  upd 1956 | return    4.200 | deliv   4.20 | blocked 13.2% | idle  0.1% | ent 0.341
  upd 1957 | return    4.400 | deliv   4.40 | blocked 18.0% | idle  0.1% | ent 0.342
  upd 1958 | return    4.400 | deliv   4.40 | blocked 21.2% | idle  0.1% | ent 0.322
  upd 1959 | return    3.200 | deliv   3.20 | blocked  8.1% | idle  0.1% | ent 0.368
  upd 1960 | return    4.000 | deliv   4.00 | blocked  8.5% | idle  0.1% | ent 0.409
  upd 1961 | return    3.200 | deliv   3.20 | blocked 16.5% | idle  0.2% | ent 0.380
  upd 1962 | return    3.500 | deliv   3.50 | blocked 19.6% | idle  0.1% | ent 0.366
  upd 1963 | return    4.300 | deliv   4.30 | blocked 12.4% | idle  0.1% | ent 0.421
  upd 1964 | return    4.100 | deliv   4.10 | blocked 12.2% | idle  0.1% | ent 0.417
  upd 1965 | return    3.400 | deliv   3.40 | blocked 13.8% | idle  0.1% | ent 0.397
  upd 1966 | return    4.000 | deliv   4.00 | blocked  8.2% | idle  0.2% | ent 0.425
  upd 1967 | return    3.100 | deliv   3.10 | blocked  9.8% | idle  0.1% | ent 0.418
  upd 1968 | return    3.500 | deliv   3.50 | blocked 13.9% | idle  0.1% | ent 0.382
  upd 1969 | return    3.300 | deliv   3.30 | blocked 11.7% | idle  0.1% | ent 0.402
  upd 1970 | return    5.000 | deliv   5.00 | blocked 12.6% | idle  0.1% | ent 0.388
  upd 1971 | return    4.700 | deliv   4.70 | blocked 12.4% | idle  0.1% | ent 0.402
  upd 1972 | return    4.500 | deliv   4.50 | blocked 10.4% | idle  0.1% | ent 0.396
  upd 1973 | return    4.700 | deliv   4.70 | blocked  9.6% | idle  0.2% | ent 0.399
  upd 1974 | return    3.200 | deliv   3.20 | blocked 12.9% | idle  0.1% | ent 0.374
  upd 1975 | return    3.600 | deliv   3.60 | blocked 18.5% | idle  0.1% | ent 0.348
  upd 1976 | return    4.100 | deliv   4.10 | blocked 13.2% | idle  0.1% | ent 0.341
  upd 1977 | return    3.700 | deliv   3.70 | blocked 15.2% | idle  0.1% | ent 0.355
  upd 1978 | return    4.200 | deliv   4.20 | blocked 14.2% | idle  0.2% | ent 0.383
  upd 1979 | return    4.900 | deliv   4.90 | blocked 11.1% | idle  0.3% | ent 0.425
  upd 1980 | return    4.600 | deliv   4.60 | blocked  9.5% | idle  0.2% | ent 0.412
  upd 1981 | return    4.100 | deliv   4.10 | blocked 14.4% | idle  0.2% | ent 0.398
  upd 1982 | return    3.600 | deliv   3.60 | blocked 15.5% | idle  0.2% | ent 0.367
  upd 1983 | return    3.600 | deliv   3.60 | blocked  7.5% | idle  0.2% | ent 0.419
  upd 1984 | return    4.100 | deliv   4.10 | blocked  6.1% | idle  0.2% | ent 0.449
  upd 1985 | return    2.700 | deliv   2.70 | blocked 17.7% | idle  0.1% | ent 0.396
  upd 1986 | return    4.100 | deliv   4.10 | blocked  9.3% | idle  0.2% | ent 0.448
  upd 1987 | return    4.000 | deliv   4.00 | blocked  8.5% | idle  0.2% | ent 0.458
  upd 1988 | return    5.700 | deliv   5.70 | blocked 11.6% | idle  0.2% | ent 0.459
  upd 1989 | return    4.700 | deliv   4.70 | blocked 13.4% | idle  0.2% | ent 0.409
  upd 1990 | return    4.200 | deliv   4.20 | blocked 15.2% | idle  0.2% | ent 0.413
  upd 1991 | return    6.100 | deliv   6.10 | blocked  8.2% | idle  0.2% | ent 0.462
  upd 1992 | return    4.500 | deliv   4.50 | blocked 17.6% | idle  0.2% | ent 0.382
  upd 1993 | return    5.500 | deliv   5.50 | blocked 22.9% | idle  0.1% | ent 0.380
  upd 1994 | return    4.100 | deliv   4.10 | blocked 14.5% | idle  0.1% | ent 0.343
  upd 1995 | return    4.700 | deliv   4.70 | blocked  9.9% | idle  0.1% | ent 0.376
  upd 1996 | return    4.300 | deliv   4.30 | blocked 13.8% | idle  0.1% | ent 0.393
  upd 1997 | return    3.500 | deliv   3.50 | blocked  9.5% | idle  0.1% | ent 0.394
  upd 1998 | return    3.800 | deliv   3.80 | blocked  8.2% | idle  0.2% | ent 0.386
  upd 1999 | return    3.200 | deliv   3.20 | blocked 12.1% | idle  0.1% | ent 0.355
  [replay @ update 2000] return 4.00  deliveries 4  -> runs/ia2c_tiny-4ag_seed2/replays/replay_upd002000_s0.npz
  upd 2000 | return    3.600 | deliv   3.60 | blocked 11.6% | idle  0.2% | ent 0.380
  upd 2001 | return    4.000 | deliv   4.00 | blocked  9.6% | idle  0.1% | ent 0.364
  upd 2002 | return    6.500 | deliv   6.50 | blocked 14.3% | idle  0.2% | ent 0.396
  upd 2003 | return    4.100 | deliv   4.10 | blocked 14.2% | idle  0.2% | ent 0.378
  upd 2004 | return    3.800 | deliv   3.80 | blocked 18.3% | idle  0.1% | ent 0.351
  upd 2005 | return    3.500 | deliv   3.50 | blocked  7.6% | idle  0.1% | ent 0.387
  upd 2006 | return    3.600 | deliv   3.60 | blocked 11.4% | idle  0.1% | ent 0.389
  upd 2007 | return    4.000 | deliv   4.00 | blocked  7.0% | idle  0.2% | ent 0.397
  upd 2008 | return    2.900 | deliv   2.90 | blocked 12.0% | idle  0.1% | ent 0.359
  upd 2009 | return    3.100 | deliv   3.10 | blocked 22.6% | idle  0.2% | ent 0.340
  upd 2010 | return    3.900 | deliv   3.90 | blocked  9.6% | idle  0.1% | ent 0.396
  upd 2011 | return    4.800 | deliv   4.80 | blocked 11.0% | idle  0.1% | ent 0.384
  upd 2012 | return    5.400 | deliv   5.40 | blocked 12.2% | idle  0.1% | ent 0.391
  upd 2013 | return    4.000 | deliv   4.00 | blocked  9.1% | idle  0.1% | ent 0.417
  upd 2014 | return    4.700 | deliv   4.70 | blocked 16.2% | idle  0.1% | ent 0.385
  upd 2015 | return    2.100 | deliv   2.10 | blocked 11.8% | idle  0.1% | ent 0.366
  upd 2016 | return    4.500 | deliv   4.50 | blocked  8.4% | idle  0.1% | ent 0.414
  upd 2017 | return    3.800 | deliv   3.80 | blocked 14.6% | idle  0.1% | ent 0.394
  upd 2018 | return    3.600 | deliv   3.60 | blocked 19.2% | idle  0.1% | ent 0.395
  upd 2019 | return    4.700 | deliv   4.70 | blocked 14.1% | idle  0.2% | ent 0.435
  upd 2020 | return    4.600 | deliv   4.60 | blocked  9.7% | idle  0.2% | ent 0.410
  upd 2021 | return    4.200 | deliv   4.20 | blocked 16.2% | idle  0.1% | ent 0.412
  upd 2022 | return    3.900 | deliv   3.90 | blocked 25.4% | idle  0.1% | ent 0.348
  upd 2023 | return    5.200 | deliv   5.20 | blocked  7.3% | idle  0.2% | ent 0.421
  upd 2024 | return    2.900 | deliv   2.90 | blocked 15.7% | idle  0.1% | ent 0.368
  upd 2025 | return    4.400 | deliv   4.40 | blocked 11.3% | idle  0.1% | ent 0.408
  upd 2026 | return    3.100 | deliv   3.10 | blocked 18.0% | idle  0.2% | ent 0.360
  upd 2027 | return    3.500 | deliv   3.50 | blocked 13.5% | idle  0.1% | ent 0.385
  upd 2028 | return    4.300 | deliv   4.30 | blocked 17.3% | idle  0.2% | ent 0.393
  upd 2029 | return    3.100 | deliv   3.10 | blocked  9.1% | idle  0.2% | ent 0.406
  upd 2030 | return    4.500 | deliv   4.50 | blocked 12.1% | idle  0.2% | ent 0.414
  upd 2031 | return    4.400 | deliv   4.40 | blocked 22.6% | idle  0.1% | ent 0.369
  upd 2032 | return    4.100 | deliv   4.10 | blocked 15.8% | idle  0.2% | ent 0.388
  upd 2033 | return    3.700 | deliv   3.70 | blocked 10.7% | idle  0.2% | ent 0.406
  upd 2034 | return    3.300 | deliv   3.30 | blocked 15.5% | idle  0.1% | ent 0.357
  upd 2035 | return    4.300 | deliv   4.30 | blocked 11.8% | idle  0.2% | ent 0.435
  upd 2036 | return    4.200 | deliv   4.20 | blocked  8.0% | idle  0.2% | ent 0.406
  upd 2037 | return    4.000 | deliv   4.00 | blocked 10.5% | idle  0.2% | ent 0.415
  upd 2038 | return    3.800 | deliv   3.80 | blocked 13.9% | idle  0.1% | ent 0.402
  upd 2039 | return    2.900 | deliv   2.90 | blocked 17.2% | idle  0.1% | ent 0.366
  upd 2040 | return    4.100 | deliv   4.10 | blocked 14.3% | idle  0.1% | ent 0.396
  upd 2041 | return    4.700 | deliv   4.70 | blocked  6.8% | idle  0.1% | ent 0.434
  upd 2042 | return    3.700 | deliv   3.70 | blocked 14.1% | idle  0.1% | ent 0.398
  upd 2043 | return    4.100 | deliv   4.10 | blocked  9.6% | idle  0.1% | ent 0.363
  upd 2044 | return    4.500 | deliv   4.50 | blocked 17.3% | idle  0.1% | ent 0.349
  upd 2045 | return    3.700 | deliv   3.70 | blocked 11.6% | idle  0.1% | ent 0.347
  upd 2046 | return    4.300 | deliv   4.30 | blocked 20.6% | idle  0.1% | ent 0.330
  upd 2047 | return    3.500 | deliv   3.50 | blocked 16.3% | idle  0.1% | ent 0.317
  upd 2048 | return    4.000 | deliv   4.00 | blocked 17.3% | idle  0.1% | ent 0.333
  upd 2049 | return    3.300 | deliv   3.30 | blocked 19.9% | idle  0.1% | ent 0.347
  upd 2050 | return    4.200 | deliv   4.20 | blocked 14.2% | idle  0.1% | ent 0.383
  upd 2051 | return    3.200 | deliv   3.20 | blocked  9.4% | idle  0.1% | ent 0.383
  upd 2052 | return    3.800 | deliv   3.80 | blocked 14.5% | idle  0.1% | ent 0.357
  upd 2053 | return    3.800 | deliv   3.80 | blocked 16.0% | idle  0.0% | ent 0.348
  upd 2054 | return    4.400 | deliv   4.40 | blocked 18.7% | idle  0.1% | ent 0.370
  upd 2055 | return    4.000 | deliv   4.00 | blocked 24.4% | idle  0.1% | ent 0.350
  upd 2056 | return    4.500 | deliv   4.50 | blocked 13.8% | idle  0.1% | ent 0.369
  upd 2057 | return    4.600 | deliv   4.60 | blocked 12.9% | idle  0.1% | ent 0.383
  upd 2058 | return    3.300 | deliv   3.30 | blocked 25.5% | idle  0.1% | ent 0.326
  upd 2059 | return    4.600 | deliv   4.60 | blocked 13.2% | idle  0.1% | ent 0.363
  upd 2060 | return    4.200 | deliv   4.20 | blocked 11.5% | idle  0.1% | ent 0.372
  upd 2061 | return    3.600 | deliv   3.60 | blocked 17.3% | idle  0.1% | ent 0.354
  upd 2062 | return    5.200 | deliv   5.20 | blocked 15.3% | idle  0.1% | ent 0.377
  upd 2063 | return    4.800 | deliv   4.80 | blocked 18.1% | idle  0.1% | ent 0.343
  upd 2064 | return    2.900 | deliv   2.90 | blocked 12.7% | idle  0.1% | ent 0.345
  upd 2065 | return    4.100 | deliv   4.10 | blocked 11.5% | idle  0.1% | ent 0.356
  upd 2066 | return    3.600 | deliv   3.60 | blocked 15.3% | idle  0.1% | ent 0.383
  upd 2067 | return    3.700 | deliv   3.70 | blocked 11.5% | idle  0.1% | ent 0.375
  upd 2068 | return    5.000 | deliv   5.00 | blocked  9.1% | idle  0.1% | ent 0.397
  upd 2069 | return    4.300 | deliv   4.30 | blocked  7.3% | idle  0.2% | ent 0.394
  upd 2070 | return    4.700 | deliv   4.70 | blocked  8.4% | idle  0.1% | ent 0.373
  upd 2071 | return    3.800 | deliv   3.80 | blocked  7.3% | idle  0.2% | ent 0.407
  upd 2072 | return    5.700 | deliv   5.70 | blocked 12.3% | idle  0.1% | ent 0.393
  upd 2073 | return    3.400 | deliv   3.40 | blocked 16.4% | idle  0.1% | ent 0.375
  upd 2074 | return    4.200 | deliv   4.20 | blocked 13.3% | idle  0.1% | ent 0.387
  upd 2075 | return    3.300 | deliv   3.30 | blocked 14.0% | idle  0.1% | ent 0.377
  upd 2076 | return    2.900 | deliv   2.90 | blocked  8.9% | idle  0.1% | ent 0.371
  upd 2077 | return    3.800 | deliv   3.80 | blocked 15.5% | idle  0.1% | ent 0.357
  upd 2078 | return    1.400 | deliv   1.40 | blocked 10.0% | idle  0.0% | ent 0.336
  upd 2079 | return    3.200 | deliv   3.20 | blocked 12.3% | idle  0.1% | ent 0.360
  upd 2080 | return    3.300 | deliv   3.30 | blocked 16.0% | idle  0.1% | ent 0.346
  upd 2081 | return    2.200 | deliv   2.20 | blocked 10.8% | idle  0.1% | ent 0.341
  upd 2082 | return    2.600 | deliv   2.60 | blocked 15.5% | idle  0.1% | ent 0.332
  upd 2083 | return    3.900 | deliv   3.90 | blocked 12.6% | idle  0.1% | ent 0.339
  upd 2084 | return    3.100 | deliv   3.10 | blocked 14.8% | idle  0.1% | ent 0.334
  upd 2085 | return    3.700 | deliv   3.70 | blocked 16.0% | idle  0.1% | ent 0.338
  upd 2086 | return    5.600 | deliv   5.60 | blocked 19.2% | idle  0.1% | ent 0.338
  upd 2087 | return    5.400 | deliv   5.40 | blocked 14.5% | idle  0.1% | ent 0.365
  upd 2088 | return    2.900 | deliv   2.90 | blocked 12.6% | idle  0.2% | ent 0.358
  upd 2089 | return    4.400 | deliv   4.40 | blocked 11.7% | idle  0.1% | ent 0.387
  upd 2090 | return    3.000 | deliv   3.00 | blocked 12.9% | idle  0.1% | ent 0.369
  upd 2091 | return    3.800 | deliv   3.80 | blocked 13.6% | idle  0.2% | ent 0.362
  upd 2092 | return    3.900 | deliv   3.90 | blocked  8.2% | idle  0.2% | ent 0.412
  upd 2093 | return    4.100 | deliv   4.10 | blocked 21.6% | idle  0.1% | ent 0.360
  upd 2094 | return    5.100 | deliv   5.10 | blocked 10.0% | idle  0.1% | ent 0.384
  upd 2095 | return    5.000 | deliv   5.00 | blocked 10.2% | idle  0.1% | ent 0.396
  upd 2096 | return    3.300 | deliv   3.30 | blocked 14.9% | idle  0.1% | ent 0.394
  upd 2097 | return    5.300 | deliv   5.30 | blocked  7.2% | idle  0.1% | ent 0.477
  upd 2098 | return    3.000 | deliv   3.00 | blocked 13.3% | idle  0.1% | ent 0.394
  upd 2099 | return    3.900 | deliv   3.90 | blocked  9.5% | idle  0.1% | ent 0.423
  [replay @ update 2100] return 1.00  deliveries 1  -> runs/ia2c_tiny-4ag_seed2/replays/replay_upd002100_s0.npz
  upd 2100 | return    4.300 | deliv   4.30 | blocked  7.3% | idle  0.1% | ent 0.449
  upd 2101 | return    3.500 | deliv   3.50 | blocked  8.7% | idle  0.1% | ent 0.430
  upd 2102 | return    2.900 | deliv   2.90 | blocked 13.2% | idle  0.1% | ent 0.380
  upd 2103 | return    4.500 | deliv   4.50 | blocked  7.2% | idle  0.1% | ent 0.440
  upd 2104 | return    4.200 | deliv   4.20 | blocked 11.7% | idle  0.1% | ent 0.405
  upd 2105 | return    5.200 | deliv   5.20 | blocked 13.7% | idle  0.1% | ent 0.365
  upd 2106 | return    4.600 | deliv   4.60 | blocked 13.4% | idle  0.1% | ent 0.400
  upd 2107 | return    3.900 | deliv   3.90 | blocked 19.2% | idle  0.1% | ent 0.339
  upd 2108 | return    4.200 | deliv   4.20 | blocked 27.1% | idle  0.1% | ent 0.304
  upd 2109 | return    3.600 | deliv   3.60 | blocked 10.8% | idle  0.1% | ent 0.353
  upd 2110 | return    3.000 | deliv   3.00 | blocked 13.1% | idle  0.1% | ent 0.324
  upd 2111 | return    4.500 | deliv   4.50 | blocked 11.5% | idle  0.1% | ent 0.384
  upd 2112 | return    4.100 | deliv   4.10 | blocked 10.1% | idle  0.2% | ent 0.396
  upd 2113 | return    4.300 | deliv   4.30 | blocked 14.5% | idle  0.1% | ent 0.392
  upd 2114 | return    4.700 | deliv   4.70 | blocked  7.8% | idle  0.1% | ent 0.415
  upd 2115 | return    4.100 | deliv   4.10 | blocked 10.3% | idle  0.1% | ent 0.393
  upd 2116 | return    4.700 | deliv   4.70 | blocked 13.8% | idle  0.1% | ent 0.394
  upd 2117 | return    4.900 | deliv   4.90 | blocked 13.0% | idle  0.1% | ent 0.404
  upd 2118 | return    3.500 | deliv   3.50 | blocked  8.3% | idle  0.2% | ent 0.409
  upd 2119 | return    4.100 | deliv   4.10 | blocked  9.8% | idle  0.1% | ent 0.407
  upd 2120 | return    4.100 | deliv   4.10 | blocked 13.2% | idle  0.1% | ent 0.413
  upd 2121 | return    4.600 | deliv   4.60 | blocked 10.6% | idle  0.1% | ent 0.398
  upd 2122 | return    4.500 | deliv   4.50 | blocked 16.7% | idle  0.1% | ent 0.415
  upd 2123 | return    3.100 | deliv   3.10 | blocked 15.9% | idle  0.1% | ent 0.393
  upd 2124 | return    4.300 | deliv   4.30 | blocked 21.3% | idle  0.1% | ent 0.403
  upd 2125 | return    3.500 | deliv   3.50 | blocked 25.0% | idle  0.1% | ent 0.376
  upd 2126 | return    6.600 | deliv   6.60 | blocked  9.7% | idle  0.2% | ent 0.464
  upd 2127 | return    3.200 | deliv   3.20 | blocked  9.1% | idle  0.1% | ent 0.381
  upd 2128 | return    2.300 | deliv   2.30 | blocked 17.3% | idle  0.1% | ent 0.329
  upd 2129 | return    4.600 | deliv   4.60 | blocked 12.3% | idle  0.1% | ent 0.396
  upd 2130 | return    2.500 | deliv   2.50 | blocked 28.7% | idle  0.1% | ent 0.285
  upd 2131 | return    4.300 | deliv   4.30 | blocked 21.0% | idle  0.1% | ent 0.328
  upd 2132 | return    3.200 | deliv   3.20 | blocked 25.3% | idle  0.1% | ent 0.317
  upd 2133 | return    3.900 | deliv   3.90 | blocked 12.7% | idle  0.1% | ent 0.312
  upd 2134 | return    3.700 | deliv   3.70 | blocked 15.9% | idle  0.0% | ent 0.318
  upd 2135 | return    4.500 | deliv   4.50 | blocked 18.1% | idle  0.1% | ent 0.333
  upd 2136 | return    3.400 | deliv   3.40 | blocked 19.1% | idle  0.1% | ent 0.306
  upd 2137 | return    5.700 | deliv   5.70 | blocked 16.6% | idle  0.1% | ent 0.313
  upd 2138 | return    5.200 | deliv   5.20 | blocked 12.2% | idle  0.1% | ent 0.312
  upd 2139 | return    3.800 | deliv   3.80 | blocked 13.7% | idle  0.1% | ent 0.335
  upd 2140 | return    3.200 | deliv   3.20 | blocked 11.6% | idle  0.1% | ent 0.344
  upd 2141 | return    5.100 | deliv   5.10 | blocked 18.0% | idle  0.1% | ent 0.347
  upd 2142 | return    3.000 | deliv   3.00 | blocked 13.8% | idle  0.1% | ent 0.347
  upd 2143 | return    4.700 | deliv   4.70 | blocked 12.3% | idle  0.1% | ent 0.359
  upd 2144 | return    3.100 | deliv   3.10 | blocked  6.6% | idle  0.1% | ent 0.375
  upd 2145 | return    3.400 | deliv   3.40 | blocked  6.3% | idle  0.1% | ent 0.375
  upd 2146 | return    3.700 | deliv   3.70 | blocked 14.9% | idle  0.1% | ent 0.336
  upd 2147 | return    3.900 | deliv   3.90 | blocked 20.9% | idle  0.1% | ent 0.331
  upd 2148 | return    4.100 | deliv   4.10 | blocked  8.3% | idle  0.1% | ent 0.380
  upd 2149 | return    4.800 | deliv   4.80 | blocked  5.9% | idle  0.1% | ent 0.374
  upd 2150 | return    3.400 | deliv   3.40 | blocked  7.3% | idle  0.1% | ent 0.378
  upd 2151 | return    5.700 | deliv   5.70 | blocked 13.1% | idle  0.1% | ent 0.378
  upd 2152 | return    4.700 | deliv   4.70 | blocked  9.9% | idle  0.1% | ent 0.356
  upd 2153 | return    4.100 | deliv   4.10 | blocked  7.9% | idle  0.1% | ent 0.367
  upd 2154 | return    5.300 | deliv   5.30 | blocked 16.2% | idle  0.1% | ent 0.335
  upd 2155 | return    3.200 | deliv   3.20 | blocked 12.9% | idle  0.1% | ent 0.349
  upd 2156 | return    3.600 | deliv   3.60 | blocked 11.9% | idle  0.1% | ent 0.366
  upd 2157 | return    4.800 | deliv   4.80 | blocked  8.7% | idle  0.1% | ent 0.364
  upd 2158 | return    4.900 | deliv   4.90 | blocked 10.6% | idle  0.1% | ent 0.350
  upd 2159 | return    2.700 | deliv   2.70 | blocked 18.5% | idle  0.1% | ent 0.294
  upd 2160 | return    2.600 | deliv   2.60 | blocked 12.7% | idle  0.1% | ent 0.331
  upd 2161 | return    2.600 | deliv   2.60 | blocked 13.9% | idle  0.1% | ent 0.295
  upd 2162 | return    4.200 | deliv   4.20 | blocked 10.7% | idle  0.1% | ent 0.361
  upd 2163 | return    3.100 | deliv   3.10 | blocked 23.6% | idle  0.0% | ent 0.298
  upd 2164 | return    3.800 | deliv   3.80 | blocked  8.1% | idle  0.1% | ent 0.344
  upd 2165 | return    4.500 | deliv   4.50 | blocked 16.9% | idle  0.1% | ent 0.338
  upd 2166 | return    4.700 | deliv   4.70 | blocked 14.3% | idle  0.1% | ent 0.352
  upd 2167 | return    3.900 | deliv   3.90 | blocked  9.7% | idle  0.1% | ent 0.390
  upd 2168 | return    2.700 | deliv   2.70 | blocked  8.0% | idle  0.1% | ent 0.368
  upd 2169 | return    3.200 | deliv   3.20 | blocked  7.5% | idle  0.1% | ent 0.380
  upd 2170 | return    3.700 | deliv   3.70 | blocked 10.8% | idle  0.1% | ent 0.366
  upd 2171 | return    3.200 | deliv   3.20 | blocked 12.1% | idle  0.1% | ent 0.358
  upd 2172 | return    4.600 | deliv   4.60 | blocked 14.0% | idle  0.1% | ent 0.373
  upd 2173 | return    3.700 | deliv   3.70 | blocked  8.0% | idle  0.0% | ent 0.391
  upd 2174 | return    3.800 | deliv   3.80 | blocked 13.7% | idle  0.1% | ent 0.420
  upd 2175 | return    4.200 | deliv   4.20 | blocked  8.8% | idle  0.1% | ent 0.390
  upd 2176 | return    3.800 | deliv   3.80 | blocked 10.9% | idle  0.1% | ent 0.410
  upd 2177 | return    3.100 | deliv   3.10 | blocked  8.5% | idle  0.1% | ent 0.390
  upd 2178 | return    3.900 | deliv   3.90 | blocked 16.4% | idle  0.2% | ent 0.400
  upd 2179 | return    4.400 | deliv   4.40 | blocked 11.6% | idle  0.1% | ent 0.403
  upd 2180 | return    4.500 | deliv   4.50 | blocked 11.8% | idle  0.1% | ent 0.414
  upd 2181 | return    4.100 | deliv   4.10 | blocked  9.9% | idle  0.1% | ent 0.381
  upd 2182 | return    4.100 | deliv   4.10 | blocked 14.0% | idle  0.1% | ent 0.387
  upd 2183 | return    4.000 | deliv   4.00 | blocked 12.9% | idle  0.0% | ent 0.365
  upd 2184 | return    3.500 | deliv   3.50 | blocked  7.8% | idle  0.1% | ent 0.358
  upd 2185 | return    4.400 | deliv   4.40 | blocked 17.5% | idle  0.1% | ent 0.331
  upd 2186 | return    3.100 | deliv   3.10 | blocked  7.1% | idle  0.1% | ent 0.382
  upd 2187 | return    6.200 | deliv   6.20 | blocked  7.9% | idle  0.1% | ent 0.367
  upd 2188 | return    4.700 | deliv   4.70 | blocked 11.4% | idle  0.1% | ent 0.374
  upd 2189 | return    4.000 | deliv   4.00 | blocked 16.0% | idle  0.1% | ent 0.341
  upd 2190 | return    4.300 | deliv   4.30 | blocked 17.0% | idle  0.1% | ent 0.346
  upd 2191 | return    4.400 | deliv   4.40 | blocked 13.4% | idle  0.1% | ent 0.371
  upd 2192 | return    5.200 | deliv   5.20 | blocked 10.1% | idle  0.1% | ent 0.396
  upd 2193 | return    3.200 | deliv   3.20 | blocked 10.9% | idle  0.1% | ent 0.377
  upd 2194 | return    5.000 | deliv   5.00 | blocked  8.5% | idle  0.1% | ent 0.437
  upd 2195 | return    5.500 | deliv   5.50 | blocked  8.8% | idle  0.1% | ent 0.402
  upd 2196 | return    4.300 | deliv   4.30 | blocked  9.5% | idle  0.1% | ent 0.385
  upd 2197 | return    4.100 | deliv   4.10 | blocked 19.3% | idle  0.1% | ent 0.377
  upd 2198 | return    3.700 | deliv   3.70 | blocked 20.8% | idle  0.1% | ent 0.378
  upd 2199 | return    4.900 | deliv   4.90 | blocked 10.0% | idle  0.1% | ent 0.421
ERROR:absl:[process=0] Failed to run 4 Handler Commit operations or the Commit callback in background save thread, directory: /mnt/c/Users/user1/projects/jax_marl3/runs/ia2c_tiny-4ag_seed2/checkpoints/2100
Traceback (most recent call last):
  File "/home/user1/miniconda3/envs/jax_env_1/lib/python3.11/site-packages/orbax/checkpoint/_src/futures/future.py", line 198, in result
    f.result(timeout=get_remaining_time(start, timeout))
  File "/home/user1/miniconda3/envs/jax_env_1/lib/python3.11/site-packages/orbax/checkpoint/_src/futures/future.py", line 506, in result
    return self._f.result(timeout=timeout)
           ^^^^^^^^^^^^^^^^^^^^^^^^^^^^^^^
  File "/home/user1/miniconda3/envs/jax_env_1/lib/python3.11/site-packages/orbax/checkpoint/_src/futures/future.py", line 442, in result
    return self._t.result(timeout=timeout)
           ^^^^^^^^^^^^^^^^^^^^^^^^^^^^^^^
  File "/home/user1/miniconda3/envs/jax_env_1/lib/python3.11/site-packages/orbax/checkpoint/_src/futures/future.py", line 391, in result
    self.join(timeout=timeout)
  File "/home/user1/miniconda3/envs/jax_env_1/lib/python3.11/site-packages/orbax/checkpoint/_src/futures/future.py", line 384, in join
    raise TimeoutError(
TimeoutError: Thread write_metadata_after_commits did not complete within 1199.9999611377716 seconds.

The above exception was the direct cause of the following exception:

Traceback (most recent call last):
  File "/home/user1/miniconda3/envs/jax_env_1/lib/python3.11/site-packages/orbax/checkpoint/_src/futures/future.py", line 198, in result
    f.result(timeout=get_remaining_time(start, timeout))
  File "/home/user1/miniconda3/envs/jax_env_1/lib/python3.11/site-packages/orbax/checkpoint/_src/futures/future.py", line 200, in result
    raise TimeoutError(
TimeoutError: ChainedFuture completed 0/1 futures but timed out after 1200.00 seconds.

The above exception was the direct cause of the following exception:

Traceback (most recent call last):
  File "/home/user1/miniconda3/envs/jax_env_1/lib/python3.11/site-packages/orbax/checkpoint/_src/checkpointers/async_checkpointer.py", line 229, in _thread_func
    _background_wait_for_commit_futures(
  File "/home/user1/miniconda3/envs/jax_env_1/lib/python3.11/site-packages/orbax/checkpoint/_src/checkpointers/async_checkpointer.py", line 86, in _background_wait_for_commit_futures
    future.ChainedFuture(commit_futures, cb=lambda: None).result(
  File "/home/user1/miniconda3/envs/jax_env_1/lib/python3.11/site-packages/orbax/checkpoint/_src/futures/future.py", line 200, in result
    raise TimeoutError(
TimeoutError: ChainedFuture completed 2/4 futures but timed out after 1200.00 seconds.
ERROR:absl:[process=0][thread=MainThread][step=2100][wait_until_finished] Save Finalize thread (save_finalize) failed.
Traceback (most recent call last):
  File "/home/user1/miniconda3/envs/jax_env_1/lib/python3.11/site-packages/orbax/checkpoint/_src/futures/future.py", line 198, in result
    f.result(timeout=get_remaining_time(start, timeout))
  File "/home/user1/miniconda3/envs/jax_env_1/lib/python3.11/site-packages/orbax/checkpoint/_src/futures/future.py", line 506, in result
    return self._f.result(timeout=timeout)
           ^^^^^^^^^^^^^^^^^^^^^^^^^^^^^^^
  File "/home/user1/miniconda3/envs/jax_env_1/lib/python3.11/site-packages/orbax/checkpoint/_src/futures/future.py", line 442, in result
    return self._t.result(timeout=timeout)
           ^^^^^^^^^^^^^^^^^^^^^^^^^^^^^^^
  File "/home/user1/miniconda3/envs/jax_env_1/lib/python3.11/site-packages/orbax/checkpoint/_src/futures/future.py", line 391, in result
    self.join(timeout=timeout)
  File "/home/user1/miniconda3/envs/jax_env_1/lib/python3.11/site-packages/orbax/checkpoint/_src/futures/future.py", line 384, in join
    raise TimeoutError(
TimeoutError: Thread write_metadata_after_commits did not complete within 1199.9999611377716 seconds.

The above exception was the direct cause of the following exception:

Traceback (most recent call last):
  File "/home/user1/miniconda3/envs/jax_env_1/lib/python3.11/site-packages/orbax/checkpoint/_src/futures/future.py", line 198, in result
    f.result(timeout=get_remaining_time(start, timeout))
  File "/home/user1/miniconda3/envs/jax_env_1/lib/python3.11/site-packages/orbax/checkpoint/_src/futures/future.py", line 200, in result
    raise TimeoutError(
TimeoutError: ChainedFuture completed 0/1 futures but timed out after 1200.00 seconds.

The above exception was the direct cause of the following exception:

Traceback (most recent call last):
  File "/home/user1/miniconda3/envs/jax_env_1/lib/python3.11/site-packages/orbax/checkpoint/checkpoint_manager.py", line 2031, in wait_until_finished
    self._finalize_thread.get_not_none().join()
  File "/home/user1/miniconda3/envs/jax_env_1/lib/python3.11/site-packages/orbax/checkpoint/checkpoint_manager.py", line 165, in join
    raise self.exception
  File "/home/user1/miniconda3/envs/jax_env_1/lib/python3.11/site-packages/orbax/checkpoint/checkpoint_manager.py", line 152, in run
    super().run()
  File "/home/user1/miniconda3/envs/jax_env_1/lib/python3.11/threading.py", line 982, in run
    self._target(*self._args, **self._kwargs)
  File "/home/user1/miniconda3/envs/jax_env_1/lib/python3.11/site-packages/orbax/checkpoint/checkpoint_manager.py", line 2126, in _finalize
    self._wait_for_checkpointers()
  File "/home/user1/miniconda3/envs/jax_env_1/lib/python3.11/site-packages/orbax/checkpoint/checkpoint_manager.py", line 1987, in _wait_for_checkpointers
    self._checkpointer.wait_until_finished()  # pytype: disable=attribute-error
    ^^^^^^^^^^^^^^^^^^^^^^^^^^^^^^^^^^^^^^^^
  File "/home/user1/miniconda3/envs/jax_env_1/lib/python3.11/site-packages/orbax/checkpoint/_src/checkpointers/async_checkpointer.py", line 589, in wait_until_finished
    self._async_manager.wait_until_finished()
  File "/home/user1/miniconda3/envs/jax_env_1/lib/python3.11/site-packages/orbax/checkpoint/_src/checkpointers/async_checkpointer.py", line 296, in wait_until_finished
    self.check_for_errors()
  File "/home/user1/miniconda3/envs/jax_env_1/lib/python3.11/site-packages/orbax/checkpoint/_src/checkpointers/async_checkpointer.py", line 271, in check_for_errors
    raise exception  # pylint: disable=raising-bad-type
    ^^^^^^^^^^^^^^^
  File "/home/user1/miniconda3/envs/jax_env_1/lib/python3.11/site-packages/orbax/checkpoint/_src/checkpointers/async_checkpointer.py", line 229, in _thread_func
    _background_wait_for_commit_futures(
  File "/home/user1/miniconda3/envs/jax_env_1/lib/python3.11/site-packages/orbax/checkpoint/_src/checkpointers/async_checkpointer.py", line 86, in _background_wait_for_commit_futures
    future.ChainedFuture(commit_futures, cb=lambda: None).result(
  File "/home/user1/miniconda3/envs/jax_env_1/lib/python3.11/site-packages/orbax/checkpoint/_src/futures/future.py", line 200, in result
    raise TimeoutError(
TimeoutError: ChainedFuture completed 2/4 futures but timed out after 1200.00 seconds.
Traceback (most recent call last):
  File "/home/user1/miniconda3/envs/jax_env_1/lib/python3.11/site-packages/orbax/checkpoint/_src/futures/future.py", line 198, in result
    f.result(timeout=get_remaining_time(start, timeout))
  File "/home/user1/miniconda3/envs/jax_env_1/lib/python3.11/site-packages/orbax/checkpoint/_src/futures/future.py", line 506, in result
    return self._f.result(timeout=timeout)
           ^^^^^^^^^^^^^^^^^^^^^^^^^^^^^^^
  File "/home/user1/miniconda3/envs/jax_env_1/lib/python3.11/site-packages/orbax/checkpoint/_src/futures/future.py", line 442, in result
    return self._t.result(timeout=timeout)
           ^^^^^^^^^^^^^^^^^^^^^^^^^^^^^^^
  File "/home/user1/miniconda3/envs/jax_env_1/lib/python3.11/site-packages/orbax/checkpoint/_src/futures/future.py", line 391, in result
    self.join(timeout=timeout)
  File "/home/user1/miniconda3/envs/jax_env_1/lib/python3.11/site-packages/orbax/checkpoint/_src/futures/future.py", line 384, in join
    raise TimeoutError(
TimeoutError: Thread write_metadata_after_commits did not complete within 1199.9999611377716 seconds.

The above exception was the direct cause of the following exception:

Traceback (most recent call last):
  File "/home/user1/miniconda3/envs/jax_env_1/lib/python3.11/site-packages/orbax/checkpoint/_src/futures/future.py", line 198, in result
    f.result(timeout=get_remaining_time(start, timeout))
  File "/home/user1/miniconda3/envs/jax_env_1/lib/python3.11/site-packages/orbax/checkpoint/_src/futures/future.py", line 200, in result
    raise TimeoutError(
TimeoutError: ChainedFuture completed 0/1 futures but timed out after 1200.00 seconds.

The above exception was the direct cause of the following exception:

Traceback (most recent call last):
  File "<frozen runpy>", line 198, in _run_module_as_main
  File "<frozen runpy>", line 88, in _run_code
  File "/mnt/c/Users/user1/projects/jax_marl3/scripts/train_mappo.py", line 260, in <module>
    main()
  File "/mnt/c/Users/user1/projects/jax_marl3/scripts/train_mappo.py", line 224, in main
    mgr.save(upd, carry, smoothed_return=ema)
  File "/mnt/c/Users/user1/projects/jax_marl3/algorithms/checkpoint.py", line 61, in save
    self._mgr.save(
  File "/home/user1/miniconda3/envs/jax_env_1/lib/python3.11/site-packages/orbax/checkpoint/checkpoint_manager.py", line 1445, in save
    self.wait_until_finished()
  File "/home/user1/miniconda3/envs/jax_env_1/lib/python3.11/site-packages/orbax/checkpoint/checkpoint_manager.py", line 2031, in wait_until_finished
    self._finalize_thread.get_not_none().join()
  File "/home/user1/miniconda3/envs/jax_env_1/lib/python3.11/site-packages/orbax/checkpoint/checkpoint_manager.py", line 165, in join
    raise self.exception
  File "/home/user1/miniconda3/envs/jax_env_1/lib/python3.11/site-packages/orbax/checkpoint/checkpoint_manager.py", line 152, in run
    super().run()
  File "/home/user1/miniconda3/envs/jax_env_1/lib/python3.11/threading.py", line 982, in run
    self._target(*self._args, **self._kwargs)
  File "/home/user1/miniconda3/envs/jax_env_1/lib/python3.11/site-packages/orbax/checkpoint/checkpoint_manager.py", line 2126, in _finalize
    self._wait_for_checkpointers()
  File "/home/user1/miniconda3/envs/jax_env_1/lib/python3.11/site-packages/orbax/checkpoint/checkpoint_manager.py", line 1987, in _wait_for_checkpointers
    self._checkpointer.wait_until_finished()  # pytype: disable=attribute-error
    ^^^^^^^^^^^^^^^^^^^^^^^^^^^^^^^^^^^^^^^^
  File "/home/user1/miniconda3/envs/jax_env_1/lib/python3.11/site-packages/orbax/checkpoint/_src/checkpointers/async_checkpointer.py", line 589, in wait_until_finished
    self._async_manager.wait_until_finished()
  File "/home/user1/miniconda3/envs/jax_env_1/lib/python3.11/site-packages/orbax/checkpoint/_src/checkpointers/async_checkpointer.py", line 296, in wait_until_finished
    self.check_for_errors()
  File "/home/user1/miniconda3/envs/jax_env_1/lib/python3.11/site-packages/orbax/checkpoint/_src/checkpointers/async_checkpointer.py", line 271, in check_for_errors
    raise exception  # pylint: disable=raising-bad-type
    ^^^^^^^^^^^^^^^
  File "/home/user1/miniconda3/envs/jax_env_1/lib/python3.11/site-packages/orbax/checkpoint/_src/checkpointers/async_checkpointer.py", line 229, in _thread_func
    _background_wait_for_commit_futures(
  File "/home/user1/miniconda3/envs/jax_env_1/lib/python3.11/site-packages/orbax/checkpoint/_src/checkpointers/async_checkpointer.py", line 86, in _background_wait_for_commit_futures
    future.ChainedFuture(commit_futures, cb=lambda: None).result(
  File "/home/user1/miniconda3/envs/jax_env_1/lib/python3.11/site-packages/orbax/checkpoint/_src/futures/future.py", line 200, in result
    raise TimeoutError(
TimeoutError: ChainedFuture completed 2/4 futures but timed out after 1200.00 seconds.
ERROR:absl:[process=0][thread=write_metadata_after_commits][operation_id=21] _SignalingThread.run() raised an exception: cannot schedule new futures after shutdown
Traceback (most recent call last):
  File "/home/user1/miniconda3/envs/jax_env_1/lib/python3.11/site-packages/orbax/checkpoint/_src/futures/future.py", line 356, in run
    super().run()
  File "/home/user1/miniconda3/envs/jax_env_1/lib/python3.11/threading.py", line 982, in run
    self._target(*self._args, **self._kwargs)
  File "/home/user1/miniconda3/envs/jax_env_1/lib/python3.11/site-packages/orbax/checkpoint/_src/futures/future.py", line 318, in _target_setting_result
    self._result = target()
                   ^^^^^^^^
  File "/home/user1/miniconda3/envs/jax_env_1/lib/python3.11/site-packages/orbax/checkpoint/_src/futures/future.py", line 435, in <lambda>
    target=lambda: asyncio_utils.run_sync(coro),
                   ^^^^^^^^^^^^^^^^^^^^^^^^^^^^
  File "/home/user1/miniconda3/envs/jax_env_1/lib/python3.11/site-packages/orbax/checkpoint/_src/asyncio_utils.py", line 50, in run_sync
    return asyncio.run(coro)
           ^^^^^^^^^^^^^^^^^
  File "/home/user1/miniconda3/envs/jax_env_1/lib/python3.11/asyncio/runners.py", line 190, in run
    return runner.run(main)
           ^^^^^^^^^^^^^^^^
  File "/home/user1/miniconda3/envs/jax_env_1/lib/python3.11/asyncio/runners.py", line 118, in run
    return self._loop.run_until_complete(task)
           ^^^^^^^^^^^^^^^^^^^^^^^^^^^^^^^^^^^
  File "/home/user1/miniconda3/envs/jax_env_1/lib/python3.11/asyncio/base_events.py", line 654, in run_until_complete
    return future.result()
           ^^^^^^^^^^^^^^^
  File "/home/user1/miniconda3/envs/jax_env_1/lib/python3.11/site-packages/orbax/checkpoint/_src/handlers/base_pytree_checkpoint_handler.py", line 1251, in _write_metadata_after_commits
    await asyncio.to_thread(commit_future.result)
  File "/home/user1/miniconda3/envs/jax_env_1/lib/python3.11/asyncio/threads.py", line 25, in to_thread
    return await loop.run_in_executor(None, func_call)
                 ^^^^^^^^^^^^^^^^^^^^^^^^^^^^^^^^^^^^^
  File "/home/user1/miniconda3/envs/jax_env_1/lib/python3.11/asyncio/base_events.py", line 830, in run_in_executor
    executor.submit(func, *args), loop=self)
    ^^^^^^^^^^^^^^^^^^^^^^^^^^^^
  File "/home/user1/miniconda3/envs/jax_env_1/lib/python3.11/concurrent/futures/thread.py", line 167, in submit
    raise RuntimeError('cannot schedule new futures after shutdown')
RuntimeError: cannot schedule new futures after shutdown
