E0614 00:51:54.171492     452 cuda_executor.cc:1526] Could not get kernel mode driver version: (INVALID_ARGUMENT: Version does not match the format X.Y.Z)
E0614 00:51:54.190415     407 cuda_executor.cc:1526] Could not get kernel mode driver version: (INVALID_ARGUMENT: Version does not match the format X.Y.Z)
algo=ia2c (centralised_critic=False, use_ppo=False, use_rnn=True)
env=rware-tiny-4ag  parallel_envs=10 time_limit=500  updates=4000  (steps/update=5000)  seed=2
run-dir=runs/ia2c_tiny-4ag_seed2  chunk=100 updates/save  max_to_keep=5
resumed from checkpoint step 2000 (latest) (10,000,000 env steps)
live per-update log (return / deliveries / blocked% / idle% / entropy) follows; watch entropy — a fast drop toward 0 means exploration collapse:

  [replay @ update 2000] return 4.00  deliveries 4  -> runs/ia2c_tiny-4ag_seed2/replays/replay_upd002000_s0.npz
  upd 2000 | return    3.600 | deliv   3.60 | blocked 11.6% | idle  0.2% | ent 0.380
  upd 2001 | return    4.000 | deliv   4.00 | blocked  9.6% | idle  0.1% | ent 0.364
  upd 2002 | return    6.400 | deliv   6.40 | blocked 14.7% | idle  0.2% | ent 0.385
  upd 2003 | return    4.400 | deliv   4.40 | blocked 14.6% | idle  0.2% | ent 0.390
  upd 2004 | return    4.200 | deliv   4.20 | blocked 10.7% | idle  0.1% | ent 0.375
  upd 2005 | return    2.900 | deliv   2.90 | blocked  8.2% | idle  0.1% | ent 0.382
  upd 2006 | return    3.300 | deliv   3.30 | blocked 11.6% | idle  0.1% | ent 0.390
  upd 2007 | return    5.000 | deliv   5.00 | blocked  7.0% | idle  0.2% | ent 0.410
  upd 2008 | return    2.900 | deliv   2.90 | blocked  8.5% | idle  0.1% | ent 0.358
  upd 2009 | return    2.700 | deliv   2.70 | blocked 22.2% | idle  0.1% | ent 0.324
  upd 2010 | return    4.200 | deliv   4.20 | blocked  8.1% | idle  0.2% | ent 0.413
  upd 2011 | return    4.300 | deliv   4.30 | blocked 16.7% | idle  0.1% | ent 0.383
  upd 2012 | return    5.400 | deliv   5.40 | blocked 13.9% | idle  0.2% | ent 0.452
  upd 2013 | return    3.900 | deliv   3.90 | blocked 18.1% | idle  0.2% | ent 0.395
  upd 2014 | return    4.700 | deliv   4.70 | blocked 15.7% | idle  0.2% | ent 0.414
  upd 2015 | return    2.400 | deliv   2.40 | blocked 14.8% | idle  0.2% | ent 0.367
  upd 2016 | return    4.400 | deliv   4.40 | blocked  7.3% | idle  0.2% | ent 0.427
  upd 2017 | return    3.400 | deliv   3.40 | blocked 13.3% | idle  0.2% | ent 0.403
  upd 2018 | return    3.400 | deliv   3.40 | blocked 17.6% | idle  0.2% | ent 0.405
  upd 2019 | return    4.400 | deliv   4.40 | blocked 13.0% | idle  0.2% | ent 0.421
  upd 2020 | return    4.300 | deliv   4.30 | blocked  9.3% | idle  0.1% | ent 0.393
  upd 2021 | return    3.700 | deliv   3.70 | blocked 18.2% | idle  0.1% | ent 0.379
  upd 2022 | return    4.100 | deliv   4.10 | blocked 18.6% | idle  0.1% | ent 0.359
  upd 2023 | return    4.700 | deliv   4.70 | blocked 13.6% | idle  0.1% | ent 0.364
  upd 2024 | return    2.100 | deliv   2.10 | blocked 14.9% | idle  0.1% | ent 0.366
  upd 2025 | return    3.200 | deliv   3.20 | blocked 17.1% | idle  0.1% | ent 0.327
  upd 2026 | return    3.900 | deliv   3.90 | blocked 14.9% | idle  0.2% | ent 0.363
  upd 2027 | return    3.200 | deliv   3.20 | blocked 22.2% | idle  0.0% | ent 0.314
  upd 2028 | return    4.600 | deliv   4.60 | blocked 18.6% | idle  0.1% | ent 0.358
  upd 2029 | return    4.300 | deliv   4.30 | blocked  8.3% | idle  0.1% | ent 0.406
  upd 2030 | return    3.500 | deliv   3.50 | blocked  8.4% | idle  0.1% | ent 0.393
  upd 2031 | return    4.000 | deliv   4.00 | blocked 20.9% | idle  0.2% | ent 0.345
  upd 2032 | return    3.800 | deliv   3.80 | blocked 17.4% | idle  0.1% | ent 0.374
  upd 2033 | return    4.500 | deliv   4.50 | blocked 11.9% | idle  0.1% | ent 0.385
  upd 2034 | return    2.700 | deliv   2.70 | blocked 12.9% | idle  0.2% | ent 0.370
  upd 2035 | return    4.100 | deliv   4.10 | blocked 13.1% | idle  0.1% | ent 0.394
  upd 2036 | return    4.200 | deliv   4.20 | blocked  9.5% | idle  0.1% | ent 0.393
  upd 2037 | return    3.500 | deliv   3.50 | blocked 11.9% | idle  0.1% | ent 0.408
  upd 2038 | return    5.700 | deliv   5.70 | blocked 13.2% | idle  0.2% | ent 0.390
  upd 2039 | return    3.900 | deliv   3.90 | blocked 16.8% | idle  0.2% | ent 0.413
  upd 2040 | return    4.300 | deliv   4.30 | blocked 14.3% | idle  0.1% | ent 0.425
  upd 2041 | return    4.900 | deliv   4.90 | blocked 12.5% | idle  0.2% | ent 0.468
  upd 2042 | return    5.000 | deliv   5.00 | blocked 10.4% | idle  0.3% | ent 0.472
  upd 2043 | return    3.300 | deliv   3.30 | blocked  8.5% | idle  0.2% | ent 0.428
  upd 2044 | return    4.200 | deliv   4.20 | blocked  7.6% | idle  0.2% | ent 0.457
  upd 2045 | return    5.100 | deliv   5.10 | blocked  9.7% | idle  0.2% | ent 0.467
  upd 2046 | return    3.100 | deliv   3.10 | blocked 12.8% | idle  0.1% | ent 0.408
  upd 2047 | return    2.800 | deliv   2.80 | blocked 16.5% | idle  0.1% | ent 0.376
  upd 2048 | return    3.300 | deliv   3.30 | blocked 14.3% | idle  0.1% | ent 0.368
  upd 2049 | return    4.600 | deliv   4.60 | blocked 18.5% | idle  0.1% | ent 0.365
  upd 2050 | return    3.200 | deliv   3.20 | blocked 15.4% | idle  0.1% | ent 0.358
  upd 2051 | return    3.700 | deliv   3.70 | blocked 18.8% | idle  0.1% | ent 0.377
  upd 2052 | return    3.100 | deliv   3.10 | blocked 18.2% | idle  0.1% | ent 0.335
  upd 2053 | return    4.300 | deliv   4.30 | blocked 12.6% | idle  0.2% | ent 0.413
  upd 2054 | return    4.200 | deliv   4.20 | blocked 12.3% | idle  0.2% | ent 0.429
  upd 2055 | return    2.700 | deliv   2.70 | blocked 15.4% | idle  0.2% | ent 0.404
  upd 2056 | return    4.000 | deliv   4.00 | blocked  9.8% | idle  0.2% | ent 0.419
  upd 2057 | return    5.200 | deliv   5.20 | blocked 10.9% | idle  0.2% | ent 0.446
  upd 2058 | return    2.700 | deliv   2.70 | blocked 23.0% | idle  0.1% | ent 0.345
  upd 2059 | return    3.800 | deliv   3.80 | blocked 14.4% | idle  0.1% | ent 0.399
  upd 2060 | return    3.500 | deliv   3.50 | blocked 11.1% | idle  0.1% | ent 0.433
  upd 2061 | return    3.900 | deliv   3.90 | blocked 14.8% | idle  0.2% | ent 0.453
  upd 2062 | return    3.800 | deliv   3.80 | blocked 13.8% | idle  0.2% | ent 0.408
  upd 2063 | return    4.000 | deliv   4.00 | blocked 13.3% | idle  0.2% | ent 0.403
  upd 2064 | return    3.300 | deliv   3.30 | blocked 11.6% | idle  0.2% | ent 0.406
  upd 2065 | return    4.600 | deliv   4.60 | blocked 11.3% | idle  0.1% | ent 0.395
  upd 2066 | return    3.800 | deliv   3.80 | blocked 12.7% | idle  0.1% | ent 0.415
  upd 2067 | return    3.100 | deliv   3.10 | blocked  7.9% | idle  0.1% | ent 0.404
  upd 2068 | return    4.600 | deliv   4.60 | blocked  6.5% | idle  0.2% | ent 0.423
  upd 2069 | return    4.100 | deliv   4.10 | blocked  6.7% | idle  0.1% | ent 0.392
  upd 2070 | return    4.300 | deliv   4.30 | blocked  8.0% | idle  0.1% | ent 0.417
  upd 2071 | return    4.300 | deliv   4.30 | blocked 13.9% | idle  0.1% | ent 0.379
  upd 2072 | return    5.400 | deliv   5.40 | blocked 12.4% | idle  0.1% | ent 0.375
  upd 2073 | return    3.200 | deliv   3.20 | blocked 18.4% | idle  0.1% | ent 0.353
  upd 2074 | return    4.300 | deliv   4.30 | blocked 10.3% | idle  0.1% | ent 0.381
  upd 2075 | return    3.300 | deliv   3.30 | blocked 13.4% | idle  0.2% | ent 0.373
  upd 2076 | return    3.200 | deliv   3.20 | blocked  8.6% | idle  0.1% | ent 0.355
  upd 2077 | return    4.200 | deliv   4.20 | blocked 14.8% | idle  0.1% | ent 0.362
  upd 2078 | return    2.900 | deliv   2.90 | blocked 11.9% | idle  0.1% | ent 0.336
  upd 2079 | return    4.300 | deliv   4.30 | blocked 10.9% | idle  0.1% | ent 0.378
  upd 2080 | return    3.800 | deliv   3.80 | blocked 18.3% | idle  0.1% | ent 0.353
  upd 2081 | return    2.600 | deliv   2.60 | blocked 12.9% | idle  0.1% | ent 0.355
  upd 2082 | return    2.300 | deliv   2.30 | blocked 25.2% | idle  0.1% | ent 0.315
  upd 2083 | return    3.500 | deliv   3.50 | blocked 10.6% | idle  0.1% | ent 0.394
  upd 2084 | return    3.100 | deliv   3.10 | blocked 17.6% | idle  0.1% | ent 0.342
  upd 2085 | return    4.300 | deliv   4.30 | blocked 10.8% | idle  0.1% | ent 0.387
  upd 2086 | return    4.700 | deliv   4.70 | blocked  9.9% | idle  0.2% | ent 0.401
  upd 2087 | return    4.600 | deliv   4.60 | blocked 16.7% | idle  0.2% | ent 0.393
  upd 2088 | return    3.400 | deliv   3.40 | blocked 16.5% | idle  0.1% | ent 0.372
  upd 2089 | return    4.200 | deliv   4.20 | blocked  9.2% | idle  0.1% | ent 0.395
  upd 2090 | return    3.200 | deliv   3.20 | blocked 14.1% | idle  0.1% | ent 0.378
  upd 2091 | return    3.900 | deliv   3.90 | blocked 18.0% | idle  0.1% | ent 0.355
  upd 2092 | return    3.300 | deliv   3.30 | blocked 10.1% | idle  0.1% | ent 0.375
  upd 2093 | return    3.500 | deliv   3.50 | blocked 14.6% | idle  0.1% | ent 0.400
  upd 2094 | return    6.500 | deliv   6.50 | blocked 10.8% | idle  0.2% | ent 0.423
  upd 2095 | return    4.000 | deliv   4.00 | blocked 16.2% | idle  0.1% | ent 0.392
  upd 2096 | return    6.000 | deliv   6.00 | blocked  6.1% | idle  0.2% | ent 0.458
  upd 2097 | return    5.200 | deliv   5.20 | blocked  7.7% | idle  0.1% | ent 0.429
  upd 2098 | return    4.100 | deliv   4.10 | blocked 16.6% | idle  0.1% | ent 0.384
  upd 2099 | return    3.400 | deliv   3.40 | blocked  8.1% | idle  0.1% | ent 0.409
WARNING:absl:Attempted to create temporary directory /mnt/c/Users/user1/projects/jax_marl3/runs/ia2c_tiny-4ag_seed2/checkpoints/2100.orbax-checkpoint-tmp which already exists. Removing existing directory since it is not finalized.
  [replay @ update 2100] return 3.00  deliveries 3  -> runs/ia2c_tiny-4ag_seed2/replays/replay_upd002100_s0.npz
  upd 2100 | return    3.600 | deliv   3.60 | blocked 12.7% | idle  0.1% | ent 0.410
  upd 2101 | return    4.000 | deliv   4.00 | blocked  8.5% | idle  0.1% | ent 0.409
  upd 2102 | return    3.800 | deliv   3.80 | blocked  7.1% | idle  0.1% | ent 0.418
  upd 2103 | return    4.400 | deliv   4.40 | blocked  7.7% | idle  0.1% | ent 0.438
  upd 2104 | return    4.100 | deliv   4.10 | blocked  5.7% | idle  0.1% | ent 0.407
  upd 2105 | return    4.600 | deliv   4.60 | blocked  7.7% | idle  0.1% | ent 0.418
  upd 2106 | return    4.000 | deliv   4.00 | blocked 13.0% | idle  0.1% | ent 0.396
  upd 2107 | return    3.900 | deliv   3.90 | blocked 10.8% | idle  0.1% | ent 0.396
  upd 2108 | return    5.300 | deliv   5.30 | blocked 15.2% | idle  0.1% | ent 0.367
  upd 2109 | return    3.200 | deliv   3.20 | blocked  7.8% | idle  0.1% | ent 0.368
  upd 2110 | return    2.400 | deliv   2.40 | blocked 13.2% | idle  0.0% | ent 0.328
  upd 2111 | return    5.000 | deliv   5.00 | blocked 11.8% | idle  0.1% | ent 0.374
  upd 2112 | return    3.700 | deliv   3.70 | blocked  7.9% | idle  0.1% | ent 0.375
  upd 2113 | return    4.500 | deliv   4.50 | blocked 11.6% | idle  0.1% | ent 0.394
  upd 2114 | return    3.400 | deliv   3.40 | blocked 12.2% | idle  0.1% | ent 0.367
  upd 2115 | return    4.500 | deliv   4.50 | blocked  9.4% | idle  0.1% | ent 0.385
  upd 2116 | return    5.200 | deliv   5.20 | blocked 12.2% | idle  0.1% | ent 0.360
  upd 2117 | return    4.400 | deliv   4.40 | blocked 13.5% | idle  0.1% | ent 0.365
  upd 2118 | return    4.500 | deliv   4.50 | blocked 14.4% | idle  0.1% | ent 0.352
  upd 2119 | return    3.900 | deliv   3.90 | blocked 17.1% | idle  0.0% | ent 0.338
  upd 2120 | return    4.200 | deliv   4.20 | blocked 15.3% | idle  0.1% | ent 0.362
  upd 2121 | return    4.300 | deliv   4.30 | blocked 10.8% | idle  0.1% | ent 0.362
  upd 2122 | return    5.200 | deliv   5.20 | blocked 12.4% | idle  0.1% | ent 0.381
  upd 2123 | return    4.300 | deliv   4.30 | blocked 13.3% | idle  0.1% | ent 0.371
  upd 2124 | return    5.600 | deliv   5.60 | blocked 20.8% | idle  0.1% | ent 0.351
  upd 2125 | return    5.000 | deliv   5.00 | blocked 26.0% | idle  0.1% | ent 0.328
  upd 2126 | return    5.400 | deliv   5.40 | blocked 12.8% | idle  0.1% | ent 0.384
  upd 2127 | return    3.900 | deliv   3.90 | blocked 11.9% | idle  0.1% | ent 0.364
  upd 2128 | return    1.600 | deliv   1.60 | blocked 13.1% | idle  0.1% | ent 0.347
  upd 2129 | return    3.700 | deliv   3.70 | blocked 13.0% | idle  0.1% | ent 0.396
  upd 2130 | return    3.200 | deliv   3.20 | blocked 22.9% | idle  0.2% | ent 0.338
  upd 2131 | return    4.600 | deliv   4.60 | blocked 13.9% | idle  0.1% | ent 0.391
  upd 2132 | return    3.100 | deliv   3.10 | blocked 19.7% | idle  0.1% | ent 0.350
  upd 2133 | return    3.900 | deliv   3.90 | blocked 10.5% | idle  0.1% | ent 0.330
  upd 2134 | return    3.800 | deliv   3.80 | blocked 14.4% | idle  0.1% | ent 0.359
  upd 2135 | return    5.400 | deliv   5.40 | blocked 11.2% | idle  0.1% | ent 0.416
  upd 2136 | return    4.100 | deliv   4.10 | blocked 12.5% | idle  0.1% | ent 0.369
  upd 2137 | return    4.700 | deliv   4.70 | blocked  7.5% | idle  0.2% | ent 0.395
  upd 2138 | return    3.800 | deliv   3.80 | blocked 12.5% | idle  0.1% | ent 0.348
  upd 2139 | return    4.000 | deliv   4.00 | blocked 15.5% | idle  0.1% | ent 0.335
  upd 2140 | return    3.100 | deliv   3.10 | blocked 13.6% | idle  0.1% | ent 0.366
  upd 2141 | return    5.100 | deliv   5.10 | blocked 15.6% | idle  0.2% | ent 0.389
  upd 2142 | return    2.800 | deliv   2.80 | blocked 10.8% | idle  0.1% | ent 0.371
  upd 2143 | return    3.800 | deliv   3.80 | blocked 14.9% | idle  0.2% | ent 0.376
  upd 2144 | return    3.700 | deliv   3.70 | blocked  9.8% | idle  0.1% | ent 0.380
  upd 2145 | return    3.300 | deliv   3.30 | blocked 10.5% | idle  0.1% | ent 0.339
  upd 2146 | return    4.300 | deliv   4.30 | blocked 12.5% | idle  0.2% | ent 0.392
  upd 2147 | return    4.100 | deliv   4.10 | blocked 16.3% | idle  0.1% | ent 0.383
  upd 2148 | return    3.600 | deliv   3.60 | blocked 10.6% | idle  0.1% | ent 0.383
  upd 2149 | return    3.500 | deliv   3.50 | blocked  7.7% | idle  0.1% | ent 0.383
  upd 2150 | return    3.400 | deliv   3.40 | blocked  8.2% | idle  0.1% | ent 0.397
  upd 2151 | return    4.300 | deliv   4.30 | blocked 19.2% | idle  0.1% | ent 0.356
  upd 2152 | return    3.500 | deliv   3.50 | blocked 14.8% | idle  0.1% | ent 0.376
  upd 2153 | return    4.000 | deliv   4.00 | blocked  8.1% | idle  0.1% | ent 0.403
  upd 2154 | return    4.400 | deliv   4.40 | blocked 11.4% | idle  0.2% | ent 0.395
  upd 2155 | return    3.200 | deliv   3.20 | blocked 10.1% | idle  0.2% | ent 0.406
  upd 2156 | return    3.600 | deliv   3.60 | blocked 15.0% | idle  0.1% | ent 0.369
  upd 2157 | return    3.600 | deliv   3.60 | blocked  5.2% | idle  0.2% | ent 0.416
  upd 2158 | return    4.900 | deliv   4.90 | blocked  7.5% | idle  0.1% | ent 0.398
  upd 2159 | return    2.500 | deliv   2.50 | blocked 25.1% | idle  0.1% | ent 0.328
  upd 2160 | return    2.800 | deliv   2.80 | blocked  7.6% | idle  0.1% | ent 0.409
  upd 2161 | return    2.700 | deliv   2.70 | blocked 12.1% | idle  0.1% | ent 0.357
  upd 2162 | return    4.200 | deliv   4.20 | blocked 14.2% | idle  0.2% | ent 0.362
  upd 2163 | return    3.100 | deliv   3.10 | blocked 25.9% | idle  0.1% | ent 0.348
  upd 2164 | return    4.600 | deliv   4.60 | blocked 14.9% | idle  0.1% | ent 0.339
  upd 2165 | return    4.100 | deliv   4.10 | blocked 12.5% | idle  0.2% | ent 0.355
  upd 2166 | return    4.400 | deliv   4.40 | blocked 15.3% | idle  0.2% | ent 0.369
  upd 2167 | return    4.100 | deliv   4.10 | blocked 14.3% | idle  0.1% | ent 0.354
  upd 2168 | return    3.500 | deliv   3.50 | blocked 11.5% | idle  0.2% | ent 0.393
  upd 2169 | return    3.100 | deliv   3.10 | blocked  8.1% | idle  0.2% | ent 0.416
  upd 2170 | return    4.200 | deliv   4.20 | blocked  9.3% | idle  0.1% | ent 0.402
  upd 2171 | return    2.800 | deliv   2.80 | blocked 13.5% | idle  0.2% | ent 0.382
  upd 2172 | return    4.600 | deliv   4.60 | blocked 12.3% | idle  0.2% | ent 0.404
  upd 2173 | return    4.400 | deliv   4.40 | blocked 13.9% | idle  0.2% | ent 0.409
  upd 2174 | return    3.500 | deliv   3.50 | blocked  8.2% | idle  0.2% | ent 0.444
  upd 2175 | return    4.500 | deliv   4.50 | blocked 10.5% | idle  0.2% | ent 0.402
  upd 2176 | return    4.400 | deliv   4.40 | blocked  5.8% | idle  0.3% | ent 0.455
  upd 2177 | return    3.900 | deliv   3.90 | blocked  6.9% | idle  0.2% | ent 0.418
  upd 2178 | return    4.200 | deliv   4.20 | blocked 10.2% | idle  0.3% | ent 0.426
  upd 2179 | return    4.700 | deliv   4.70 | blocked 10.4% | idle  0.3% | ent 0.447
  upd 2180 | return    3.800 | deliv   3.80 | blocked  9.0% | idle  0.1% | ent 0.405
  upd 2181 | return    3.500 | deliv   3.50 | blocked 12.8% | idle  0.1% | ent 0.389
  upd 2182 | return    4.800 | deliv   4.80 | blocked  9.6% | idle  0.2% | ent 0.422
  upd 2183 | return    4.200 | deliv   4.20 | blocked 13.9% | idle  0.2% | ent 0.386
  upd 2184 | return    2.900 | deliv   2.90 | blocked  7.7% | idle  0.1% | ent 0.360
  upd 2185 | return    3.400 | deliv   3.40 | blocked 10.0% | idle  0.1% | ent 0.366
  upd 2186 | return    3.700 | deliv   3.70 | blocked  8.0% | idle  0.2% | ent 0.415
  upd 2187 | return    4.700 | deliv   4.70 | blocked  6.6% | idle  0.2% | ent 0.408
  upd 2188 | return    5.100 | deliv   5.10 | blocked  8.3% | idle  0.2% | ent 0.443
  upd 2189 | return    4.300 | deliv   4.30 | blocked 13.0% | idle  0.1% | ent 0.361
  upd 2190 | return    4.500 | deliv   4.50 | blocked  8.6% | idle  0.2% | ent 0.385
  upd 2191 | return    4.300 | deliv   4.30 | blocked 16.9% | idle  0.1% | ent 0.361
  upd 2192 | return    4.100 | deliv   4.10 | blocked 11.1% | idle  0.2% | ent 0.378
  upd 2193 | return    4.500 | deliv   4.50 | blocked  9.3% | idle  0.1% | ent 0.385
  upd 2194 | return    4.800 | deliv   4.80 | blocked 12.0% | idle  0.1% | ent 0.386
  upd 2195 | return    3.400 | deliv   3.40 | blocked 12.3% | idle  0.2% | ent 0.363
  upd 2196 | return    4.500 | deliv   4.50 | blocked  8.4% | idle  0.2% | ent 0.391
  upd 2197 | return    5.600 | deliv   5.60 | blocked 12.5% | idle  0.1% | ent 0.372
  upd 2198 | return    3.300 | deliv   3.30 | blocked 24.5% | idle  0.1% | ent 0.320
  upd 2199 | return    4.500 | deliv   4.50 | blocked 10.4% | idle  0.1% | ent 0.355
  [replay @ update 2200] return 1.00  deliveries 1  -> runs/ia2c_tiny-4ag_seed2/replays/replay_upd002200_s0.npz
  upd 2200 | return    4.500 | deliv   4.50 | blocked 15.5% | idle  0.1% | ent 0.369
  upd 2201 | return    3.900 | deliv   3.90 | blocked 15.1% | idle  0.1% | ent 0.321
  upd 2202 | return    5.400 | deliv   5.40 | blocked 18.9% | idle  0.2% | ent 0.358
  upd 2203 | return    5.300 | deliv   5.30 | blocked  9.2% | idle  0.1% | ent 0.382
  upd 2204 | return    4.400 | deliv   4.40 | blocked 10.5% | idle  0.2% | ent 0.404
  upd 2205 | return    6.300 | deliv   6.30 | blocked  9.7% | idle  0.1% | ent 0.388
  upd 2206 | return    5.100 | deliv   5.10 | blocked  9.3% | idle  0.1% | ent 0.361
  upd 2207 | return    3.700 | deliv   3.70 | blocked  8.0% | idle  0.1% | ent 0.370
  upd 2208 | return    4.600 | deliv   4.60 | blocked  8.5% | idle  0.2% | ent 0.387
  upd 2209 | return    5.600 | deliv   5.60 | blocked 10.1% | idle  0.2% | ent 0.398
  upd 2210 | return    5.000 | deliv   5.00 | blocked  7.9% | idle  0.1% | ent 0.374
  upd 2211 | return    4.400 | deliv   4.40 | blocked 22.9% | idle  0.1% | ent 0.314
  upd 2212 | return    2.900 | deliv   2.90 | blocked 18.4% | idle  0.1% | ent 0.313
  upd 2213 | return    3.900 | deliv   3.90 | blocked 13.2% | idle  0.1% | ent 0.361
  upd 2214 | return    3.200 | deliv   3.20 | blocked 22.5% | idle  0.1% | ent 0.301
  upd 2215 | return    3.300 | deliv   3.30 | blocked 15.8% | idle  0.1% | ent 0.328
  upd 2216 | return    3.200 | deliv   3.20 | blocked 18.2% | idle  0.2% | ent 0.337
  upd 2217 | return    3.600 | deliv   3.60 | blocked 13.7% | idle  0.1% | ent 0.340
  upd 2218 | return    5.900 | deliv   5.90 | blocked 18.8% | idle  0.1% | ent 0.336
  upd 2219 | return    2.400 | deliv   2.40 | blocked 16.9% | idle  0.1% | ent 0.298
  upd 2220 | return    4.800 | deliv   4.80 | blocked 16.8% | idle  0.1% | ent 0.332
  upd 2221 | return    5.200 | deliv   5.20 | blocked  7.2% | idle  0.1% | ent 0.393
  upd 2222 | return    5.300 | deliv   5.30 | blocked 16.3% | idle  0.1% | ent 0.359
  upd 2223 | return    3.900 | deliv   3.90 | blocked 13.5% | idle  0.2% | ent 0.358
  upd 2224 | return    3.900 | deliv   3.90 | blocked 12.7% | idle  0.2% | ent 0.386
  upd 2225 | return    3.600 | deliv   3.60 | blocked 10.8% | idle  0.2% | ent 0.375
  upd 2226 | return    4.200 | deliv   4.20 | blocked  6.7% | idle  0.2% | ent 0.436
  upd 2227 | return    4.900 | deliv   4.90 | blocked  6.4% | idle  0.1% | ent 0.446
  upd 2228 | return    5.700 | deliv   5.70 | blocked 13.7% | idle  0.1% | ent 0.415
  upd 2229 | return    3.500 | deliv   3.50 | blocked  9.5% | idle  0.1% | ent 0.421
  upd 2230 | return    4.500 | deliv   4.50 | blocked 17.1% | idle  0.1% | ent 0.392
  upd 2231 | return    4.400 | deliv   4.40 | blocked  6.7% | idle  0.2% | ent 0.407
  upd 2232 | return    5.000 | deliv   5.00 | blocked 12.1% | idle  0.1% | ent 0.371
  upd 2233 | return    2.500 | deliv   2.50 | blocked 11.9% | idle  0.1% | ent 0.371
  upd 2234 | return    4.100 | deliv   4.10 | blocked 12.1% | idle  0.2% | ent 0.367
  upd 2235 | return    4.200 | deliv   4.20 | blocked  8.6% | idle  0.1% | ent 0.366
  upd 2236 | return    2.800 | deliv   2.80 | blocked  9.7% | idle  0.1% | ent 0.337
  upd 2237 | return    4.200 | deliv   4.20 | blocked 14.2% | idle  0.1% | ent 0.326
  upd 2238 | return    5.100 | deliv   5.10 | blocked  8.4% | idle  0.1% | ent 0.361
  upd 2239 | return    5.600 | deliv   5.60 | blocked 16.0% | idle  0.1% | ent 0.345
  upd 2240 | return    3.200 | deliv   3.20 | blocked 10.8% | idle  0.1% | ent 0.303
  upd 2241 | return    4.100 | deliv   4.10 | blocked 12.2% | idle  0.1% | ent 0.322
  upd 2242 | return    4.100 | deliv   4.10 | blocked 12.7% | idle  0.2% | ent 0.344
  upd 2243 | return    5.800 | deliv   5.80 | blocked 13.1% | idle  0.1% | ent 0.332
  upd 2244 | return    4.600 | deliv   4.60 | blocked 22.0% | idle  0.1% | ent 0.276
  upd 2245 | return    3.700 | deliv   3.70 | blocked 15.2% | idle  0.1% | ent 0.315
  upd 2246 | return    3.900 | deliv   3.90 | blocked  8.7% | idle  0.1% | ent 0.335
  upd 2247 | return    4.500 | deliv   4.50 | blocked  7.5% | idle  0.2% | ent 0.376
  upd 2248 | return    6.300 | deliv   6.30 | blocked 13.2% | idle  0.1% | ent 0.345
  upd 2249 | return    5.500 | deliv   5.50 | blocked  7.5% | idle  0.1% | ent 0.364
  upd 2250 | return    4.700 | deliv   4.70 | blocked  7.6% | idle  0.1% | ent 0.365
  upd 2251 | return    3.900 | deliv   3.90 | blocked 13.6% | idle  0.2% | ent 0.354
  upd 2252 | return    5.900 | deliv   5.90 | blocked  8.6% | idle  0.1% | ent 0.353
  upd 2253 | return    4.800 | deliv   4.80 | blocked  6.7% | idle  0.1% | ent 0.347
  upd 2254 | return    5.100 | deliv   5.10 | blocked 11.9% | idle  0.1% | ent 0.393
  upd 2255 | return    2.400 | deliv   2.40 | blocked 15.0% | idle  0.2% | ent 0.354
  upd 2256 | return    2.200 | deliv   2.20 | blocked 10.0% | idle  0.2% | ent 0.370
  upd 2257 | return    5.000 | deliv   5.00 | blocked  8.6% | idle  0.2% | ent 0.371
  upd 2258 | return    4.500 | deliv   4.50 | blocked 10.6% | idle  0.1% | ent 0.368
  upd 2259 | return    3.900 | deliv   3.90 | blocked  8.9% | idle  0.1% | ent 0.381
  upd 2260 | return    5.100 | deliv   5.10 | blocked  7.4% | idle  0.1% | ent 0.402
  upd 2261 | return    3.100 | deliv   3.10 | blocked 15.2% | idle  0.1% | ent 0.336
  upd 2262 | return    4.700 | deliv   4.70 | blocked 16.4% | idle  0.2% | ent 0.367
  upd 2263 | return    2.800 | deliv   2.80 | blocked 16.3% | idle  0.1% | ent 0.314
  upd 2264 | return    4.100 | deliv   4.10 | blocked 12.4% | idle  0.2% | ent 0.376
  upd 2265 | return    2.800 | deliv   2.80 | blocked 16.8% | idle  0.1% | ent 0.334
  upd 2266 | return    4.500 | deliv   4.50 | blocked 22.0% | idle  0.1% | ent 0.333
  upd 2267 | return    3.900 | deliv   3.90 | blocked 21.9% | idle  0.1% | ent 0.310
  upd 2268 | return    5.800 | deliv   5.80 | blocked 20.2% | idle  0.2% | ent 0.359
  upd 2269 | return    4.700 | deliv   4.70 | blocked 17.0% | idle  0.1% | ent 0.339
  upd 2270 | return    3.100 | deliv   3.10 | blocked  9.3% | idle  0.1% | ent 0.332
  upd 2271 | return    3.600 | deliv   3.60 | blocked 10.1% | idle  0.2% | ent 0.360
  upd 2272 | return    4.400 | deliv   4.40 | blocked 16.4% | idle  0.2% | ent 0.342
  upd 2273 | return    3.000 | deliv   3.00 | blocked 17.8% | idle  0.1% | ent 0.341
  upd 2274 | return    3.300 | deliv   3.30 | blocked 12.7% | idle  0.2% | ent 0.352
  upd 2275 | return    4.500 | deliv   4.50 | blocked 18.2% | idle  0.1% | ent 0.357
  upd 2276 | return    3.900 | deliv   3.90 | blocked 13.8% | idle  0.1% | ent 0.348
  upd 2277 | return    4.200 | deliv   4.20 | blocked  9.7% | idle  0.2% | ent 0.370
  upd 2278 | return    3.700 | deliv   3.70 | blocked  8.2% | idle  0.1% | ent 0.372
  upd 2279 | return    4.600 | deliv   4.60 | blocked  7.5% | idle  0.2% | ent 0.363
  upd 2280 | return    4.200 | deliv   4.20 | blocked 10.4% | idle  0.2% | ent 0.348
  upd 2281 | return    4.600 | deliv   4.60 | blocked  5.7% | idle  0.1% | ent 0.378
  upd 2282 | return    2.700 | deliv   2.70 | blocked  8.8% | idle  0.1% | ent 0.336
  upd 2283 | return    4.500 | deliv   4.50 | blocked  6.3% | idle  0.1% | ent 0.363
  upd 2284 | return    5.600 | deliv   5.60 | blocked  8.9% | idle  0.1% | ent 0.368
  upd 2285 | return    2.800 | deliv   2.80 | blocked 12.4% | idle  0.1% | ent 0.341
  upd 2286 | return    5.200 | deliv   5.20 | blocked  7.7% | idle  0.1% | ent 0.349
  upd 2287 | return    4.200 | deliv   4.20 | blocked 10.5% | idle  0.1% | ent 0.347
  upd 2288 | return    5.100 | deliv   5.10 | blocked  8.1% | idle  0.2% | ent 0.373
  upd 2289 | return    4.700 | deliv   4.70 | blocked 10.5% | idle  0.1% | ent 0.332
  upd 2290 | return    5.400 | deliv   5.40 | blocked  9.2% | idle  0.2% | ent 0.354
  upd 2291 | return    2.700 | deliv   2.70 | blocked 11.2% | idle  0.1% | ent 0.309
  upd 2292 | return    4.600 | deliv   4.60 | blocked 11.6% | idle  0.1% | ent 0.316
  upd 2293 | return    6.200 | deliv   6.20 | blocked 10.6% | idle  0.2% | ent 0.332
  upd 2294 | return    4.300 | deliv   4.30 | blocked 11.1% | idle  0.1% | ent 0.325
  upd 2295 | return    5.700 | deliv   5.70 | blocked 15.9% | idle  0.1% | ent 0.298
  upd 2296 | return    5.200 | deliv   5.20 | blocked 14.2% | idle  0.1% | ent 0.327
  upd 2297 | return    4.100 | deliv   4.10 | blocked 14.8% | idle  0.1% | ent 0.274
  upd 2298 | return    4.200 | deliv   4.20 | blocked 17.0% | idle  0.1% | ent 0.278
  upd 2299 | return    4.800 | deliv   4.80 | blocked 11.0% | idle  0.1% | ent 0.299
  [replay @ update 2300] return 2.00  deliveries 2  -> runs/ia2c_tiny-4ag_seed2/replays/replay_upd002300_s0.npz
  upd 2300 | return    2.900 | deliv   2.90 | blocked 18.9% | idle  0.1% | ent 0.281
  upd 2301 | return    3.600 | deliv   3.60 | blocked 18.0% | idle  0.1% | ent 0.279
  upd 2302 | return    7.200 | deliv   7.20 | blocked 12.6% | idle  0.1% | ent 0.338
  upd 2303 | return    3.400 | deliv   3.40 | blocked 10.5% | idle  0.1% | ent 0.301
  upd 2304 | return    5.100 | deliv   5.10 | blocked 15.3% | idle  0.1% | ent 0.322
  upd 2305 | return    3.600 | deliv   3.60 | blocked  8.8% | idle  0.1% | ent 0.363
  upd 2306 | return    4.000 | deliv   4.00 | blocked 10.4% | idle  0.1% | ent 0.334
  upd 2307 | return    4.400 | deliv   4.40 | blocked 12.8% | idle  0.1% | ent 0.338
  upd 2308 | return    7.000 | deliv   7.00 | blocked  9.9% | idle  0.1% | ent 0.365
  upd 2309 | return    4.100 | deliv   4.10 | blocked 12.3% | idle  0.1% | ent 0.334
  upd 2310 | return    3.800 | deliv   3.80 | blocked 11.5% | idle  0.1% | ent 0.338
  upd 2311 | return    3.600 | deliv   3.60 | blocked 10.4% | idle  0.1% | ent 0.353
  upd 2312 | return    5.200 | deliv   5.20 | blocked  9.6% | idle  0.1% | ent 0.354
  upd 2313 | return    3.100 | deliv   3.10 | blocked 13.2% | idle  0.1% | ent 0.324
  upd 2314 | return    4.400 | deliv   4.40 | blocked  9.3% | idle  0.1% | ent 0.347
  upd 2315 | return    5.200 | deliv   5.20 | blocked  8.9% | idle  0.1% | ent 0.351
  upd 2316 | return    3.500 | deliv   3.50 | blocked 20.9% | idle  0.0% | ent 0.288
  upd 2317 | return    4.100 | deliv   4.10 | blocked  9.2% | idle  0.2% | ent 0.353
  upd 2318 | return    5.400 | deliv   5.40 | blocked  9.4% | idle  0.1% | ent 0.331
  upd 2319 | return    4.800 | deliv   4.80 | blocked 12.7% | idle  0.1% | ent 0.311
  upd 2320 | return    3.000 | deliv   3.00 | blocked  9.6% | idle  0.1% | ent 0.310
  upd 2321 | return    5.200 | deliv   5.20 | blocked 10.7% | idle  0.1% | ent 0.327
  upd 2322 | return    5.100 | deliv   5.10 | blocked 11.2% | idle  0.1% | ent 0.318
  upd 2323 | return    3.400 | deliv   3.40 | blocked 10.4% | idle  0.1% | ent 0.304
  upd 2324 | return    5.200 | deliv   5.20 | blocked 13.1% | idle  0.1% | ent 0.332
  upd 2325 | return    6.400 | deliv   6.40 | blocked  9.5% | idle  0.1% | ent 0.357
  upd 2326 | return    3.600 | deliv   3.60 | blocked 10.6% | idle  0.1% | ent 0.329
  upd 2327 | return    3.600 | deliv   3.60 | blocked  8.9% | idle  0.2% | ent 0.350
  upd 2328 | return    3.600 | deliv   3.60 | blocked  8.9% | idle  0.1% | ent 0.344
  upd 2329 | return    4.000 | deliv   4.00 | blocked  8.3% | idle  0.1% | ent 0.355
  upd 2330 | return    4.500 | deliv   4.50 | blocked 11.6% | idle  0.1% | ent 0.322
  upd 2331 | return    5.100 | deliv   5.10 | blocked  7.8% | idle  0.1% | ent 0.377
  upd 2332 | return    5.600 | deliv   5.60 | blocked  8.4% | idle  0.1% | ent 0.348
  upd 2333 | return    5.400 | deliv   5.40 | blocked  9.8% | idle  0.2% | ent 0.356
  upd 2334 | return    5.000 | deliv   5.00 | blocked  7.7% | idle  0.2% | ent 0.364
  upd 2335 | return    5.600 | deliv   5.60 | blocked  9.4% | idle  0.1% | ent 0.362
  upd 2336 | return    2.900 | deliv   2.90 | blocked  7.8% | idle  0.1% | ent 0.343
  upd 2337 | return    5.700 | deliv   5.70 | blocked 10.8% | idle  0.1% | ent 0.327
  upd 2338 | return    3.500 | deliv   3.50 | blocked  8.7% | idle  0.0% | ent 0.312
  upd 2339 | return    3.400 | deliv   3.40 | blocked  8.4% | idle  0.1% | ent 0.313
  upd 2340 | return    3.600 | deliv   3.60 | blocked  9.8% | idle  0.1% | ent 0.326
  upd 2341 | return    4.100 | deliv   4.10 | blocked 14.9% | idle  0.1% | ent 0.301
  upd 2342 | return    4.000 | deliv   4.00 | blocked 11.6% | idle  0.1% | ent 0.329
  upd 2343 | return    5.200 | deliv   5.20 | blocked  8.4% | idle  0.1% | ent 0.320
  upd 2344 | return    2.600 | deliv   2.60 | blocked  9.3% | idle  0.1% | ent 0.290
  upd 2345 | return    4.400 | deliv   4.40 | blocked 16.1% | idle  0.1% | ent 0.309
  upd 2346 | return    4.300 | deliv   4.30 | blocked 10.1% | idle  0.1% | ent 0.339
  upd 2347 | return    3.400 | deliv   3.40 | blocked 11.5% | idle  0.1% | ent 0.326
  upd 2348 | return    3.600 | deliv   3.60 | blocked 14.0% | idle  0.1% | ent 0.313
  upd 2349 | return    5.100 | deliv   5.10 | blocked  8.4% | idle  0.1% | ent 0.350
  upd 2350 | return    2.300 | deliv   2.30 | blocked 11.3% | idle  0.1% | ent 0.300
  upd 2351 | return    5.100 | deliv   5.10 | blocked  8.5% | idle  0.2% | ent 0.355
  upd 2352 | return    3.800 | deliv   3.80 | blocked  8.4% | idle  0.1% | ent 0.355
  upd 2353 | return    5.200 | deliv   5.20 | blocked  8.4% | idle  0.2% | ent 0.378
  upd 2354 | return    4.100 | deliv   4.10 | blocked  7.3% | idle  0.1% | ent 0.354
  upd 2355 | return    5.400 | deliv   5.40 | blocked  7.3% | idle  0.1% | ent 0.367
  upd 2356 | return    4.700 | deliv   4.70 | blocked  6.0% | idle  0.2% | ent 0.395
  upd 2357 | return    4.200 | deliv   4.20 | blocked  5.7% | idle  0.1% | ent 0.386
  upd 2358 | return    5.100 | deliv   5.10 | blocked  7.2% | idle  0.1% | ent 0.370
  upd 2359 | return    5.400 | deliv   5.40 | blocked  5.1% | idle  0.1% | ent 0.370
  upd 2360 | return    4.500 | deliv   4.50 | blocked  5.3% | idle  0.1% | ent 0.388
  upd 2361 | return    3.600 | deliv   3.60 | blocked  6.7% | idle  0.1% | ent 0.333
  upd 2362 | return    4.100 | deliv   4.10 | blocked  6.8% | idle  0.1% | ent 0.339
  upd 2363 | return    7.000 | deliv   7.00 | blocked  9.2% | idle  0.1% | ent 0.358
  upd 2364 | return    4.400 | deliv   4.40 | blocked  9.2% | idle  0.1% | ent 0.327
  upd 2365 | return    3.200 | deliv   3.20 | blocked  6.4% | idle  0.1% | ent 0.330
  upd 2366 | return    5.100 | deliv   5.10 | blocked  8.0% | idle  0.2% | ent 0.350
  upd 2367 | return    4.300 | deliv   4.30 | blocked  7.0% | idle  0.1% | ent 0.349
  upd 2368 | return    4.900 | deliv   4.90 | blocked  7.8% | idle  0.1% | ent 0.341
  upd 2369 | return    3.900 | deliv   3.90 | blocked  7.6% | idle  0.1% | ent 0.335
  upd 2370 | return    4.200 | deliv   4.20 | blocked  7.2% | idle  0.1% | ent 0.339
  upd 2371 | return    4.300 | deliv   4.30 | blocked  8.0% | idle  0.1% | ent 0.342
  upd 2372 | return    5.000 | deliv   5.00 | blocked  6.2% | idle  0.1% | ent 0.364
  upd 2373 | return    3.900 | deliv   3.90 | blocked  6.9% | idle  0.0% | ent 0.329
  upd 2374 | return    4.000 | deliv   4.00 | blocked  6.2% | idle  0.1% | ent 0.326
  upd 2375 | return    4.400 | deliv   4.40 | blocked  7.5% | idle  0.1% | ent 0.347
  upd 2376 | return    4.600 | deliv   4.60 | blocked  5.8% | idle  0.2% | ent 0.372
  upd 2377 | return    3.600 | deliv   3.60 | blocked  6.8% | idle  0.2% | ent 0.364
  upd 2378 | return    4.900 | deliv   4.90 | blocked  6.8% | idle  0.2% | ent 0.376
  upd 2379 | return    4.000 | deliv   4.00 | blocked  5.0% | idle  0.1% | ent 0.340
  upd 2380 | return    4.400 | deliv   4.40 | blocked  7.1% | idle  0.1% | ent 0.327
  upd 2381 | return    3.700 | deliv   3.70 | blocked  6.0% | idle  0.1% | ent 0.347
  upd 2382 | return    4.200 | deliv   4.20 | blocked  5.3% | idle  0.1% | ent 0.368
  upd 2383 | return    3.000 | deliv   3.00 | blocked  6.0% | idle  0.1% | ent 0.337
  upd 2384 | return    6.300 | deliv   6.30 | blocked  5.8% | idle  0.2% | ent 0.379
  upd 2385 | return    4.800 | deliv   4.80 | blocked  6.6% | idle  0.1% | ent 0.360
  upd 2386 | return    4.600 | deliv   4.60 | blocked  9.1% | idle  0.2% | ent 0.361
  upd 2387 | return    5.000 | deliv   5.00 | blocked  6.3% | idle  0.1% | ent 0.368
  upd 2388 | return    3.800 | deliv   3.80 | blocked  6.5% | idle  0.1% | ent 0.358
  upd 2389 | return    5.000 | deliv   5.00 | blocked  5.5% | idle  0.2% | ent 0.371
  upd 2390 | return    2.700 | deliv   2.70 | blocked  6.4% | idle  0.2% | ent 0.360
  upd 2391 | return    3.500 | deliv   3.50 | blocked  5.3% | idle  0.1% | ent 0.344
  upd 2392 | return    4.700 | deliv   4.70 | blocked  6.1% | idle  0.2% | ent 0.346
  upd 2393 | return    5.600 | deliv   5.60 | blocked  4.2% | idle  0.2% | ent 0.364
  upd 2394 | return    4.300 | deliv   4.30 | blocked  5.2% | idle  0.2% | ent 0.376
  upd 2395 | return    3.500 | deliv   3.50 | blocked  5.7% | idle  0.1% | ent 0.321
  upd 2396 | return    5.000 | deliv   5.00 | blocked  5.0% | idle  0.1% | ent 0.361
  upd 2397 | return    4.900 | deliv   4.90 | blocked  6.3% | idle  0.2% | ent 0.363
  upd 2398 | return    4.000 | deliv   4.00 | blocked  5.3% | idle  0.1% | ent 0.351
  upd 2399 | return    4.000 | deliv   4.00 | blocked  4.9% | idle  0.1% | ent 0.370
  [replay @ update 2400] return 3.00  deliveries 3  -> runs/ia2c_tiny-4ag_seed2/replays/replay_upd002400_s0.npz
  upd 2400 | return    4.900 | deliv   4.90 | blocked  6.5% | idle  0.1% | ent 0.336
  upd 2401 | return    4.300 | deliv   4.30 | blocked  6.1% | idle  0.1% | ent 0.360
  upd 2402 | return    3.700 | deliv   3.70 | blocked  6.6% | idle  0.1% | ent 0.335
  upd 2403 | return    4.800 | deliv   4.80 | blocked  5.9% | idle  0.1% | ent 0.376
  upd 2404 | return    3.900 | deliv   3.90 | blocked  6.1% | idle  0.0% | ent 0.338
  upd 2405 | return    3.900 | deliv   3.90 | blocked  6.4% | idle  0.2% | ent 0.391
  upd 2406 | return    5.300 | deliv   5.30 | blocked  5.7% | idle  0.1% | ent 0.379
  upd 2407 | return    2.400 | deliv   2.40 | blocked  6.2% | idle  0.2% | ent 0.370
  upd 2408 | return    3.500 | deliv   3.50 | blocked  8.1% | idle  0.1% | ent 0.333
  upd 2409 | return    4.400 | deliv   4.40 | blocked  9.6% | idle  0.1% | ent 0.317
  upd 2410 | return    5.300 | deliv   5.30 | blocked  8.0% | idle  0.1% | ent 0.373
  upd 2411 | return    4.100 | deliv   4.10 | blocked  6.6% | idle  0.2% | ent 0.345
  upd 2412 | return    4.200 | deliv   4.20 | blocked  7.6% | idle  0.1% | ent 0.360
  upd 2413 | return    5.000 | deliv   5.00 | blocked 10.5% | idle  0.2% | ent 0.377
  upd 2414 | return    3.900 | deliv   3.90 | blocked  6.4% | idle  0.1% | ent 0.380
  upd 2415 | return    2.700 | deliv   2.70 | blocked  6.8% | idle  0.1% | ent 0.335
  upd 2416 | return    3.400 | deliv   3.40 | blocked  7.4% | idle  0.2% | ent 0.373
  upd 2417 | return    3.700 | deliv   3.70 | blocked  5.1% | idle  0.1% | ent 0.353
  upd 2418 | return    4.200 | deliv   4.20 | blocked  5.5% | idle  0.1% | ent 0.381
  upd 2419 | return    4.300 | deliv   4.30 | blocked  4.8% | idle  0.2% | ent 0.424
  upd 2420 | return    3.200 | deliv   3.20 | blocked  4.5% | idle  0.1% | ent 0.389
  upd 2421 | return    5.000 | deliv   5.00 | blocked  4.3% | idle  0.2% | ent 0.387
  upd 2422 | return    3.100 | deliv   3.10 | blocked  5.0% | idle  0.1% | ent 0.393
  upd 2423 | return    5.400 | deliv   5.40 | blocked  4.4% | idle  0.2% | ent 0.402
  upd 2424 | return    7.100 | deliv   7.10 | blocked  4.0% | idle  0.1% | ent 0.410
  upd 2425 | return    5.700 | deliv   5.70 | blocked  5.3% | idle  0.2% | ent 0.437
  upd 2426 | return    4.000 | deliv   4.00 | blocked  3.8% | idle  0.3% | ent 0.420
  upd 2427 | return    3.400 | deliv   3.40 | blocked  5.4% | idle  0.1% | ent 0.385
  upd 2428 | return    4.000 | deliv   4.00 | blocked  6.3% | idle  0.1% | ent 0.387
  upd 2429 | return    3.400 | deliv   3.40 | blocked  6.4% | idle  0.1% | ent 0.367
  upd 2430 | return    3.800 | deliv   3.80 | blocked  9.8% | idle  0.1% | ent 0.358
  upd 2431 | return    4.500 | deliv   4.50 | blocked  7.0% | idle  0.2% | ent 0.380
  upd 2432 | return    5.300 | deliv   5.30 | blocked  8.0% | idle  0.2% | ent 0.349
  upd 2433 | return    2.600 | deliv   2.60 | blocked  9.4% | idle  0.1% | ent 0.338
  upd 2434 | return    5.900 | deliv   5.90 | blocked  7.5% | idle  0.2% | ent 0.380
  upd 2435 | return    5.800 | deliv   5.80 | blocked  6.0% | idle  0.2% | ent 0.375
  upd 2436 | return    5.000 | deliv   5.00 | blocked  8.8% | idle  0.1% | ent 0.357
  upd 2437 | return    4.700 | deliv   4.70 | blocked  8.4% | idle  0.1% | ent 0.344
  upd 2438 | return    6.200 | deliv   6.20 | blocked  7.5% | idle  0.1% | ent 0.361
  upd 2439 | return    3.900 | deliv   3.90 | blocked  6.8% | idle  0.1% | ent 0.349
  upd 2440 | return    5.300 | deliv   5.30 | blocked  8.5% | idle  0.1% | ent 0.353
  upd 2441 | return    3.200 | deliv   3.20 | blocked  6.3% | idle  0.1% | ent 0.364
  upd 2442 | return    4.200 | deliv   4.20 | blocked  8.1% | idle  0.1% | ent 0.334
  upd 2443 | return    4.700 | deliv   4.70 | blocked  5.4% | idle  0.1% | ent 0.338
  upd 2444 | return    3.400 | deliv   3.40 | blocked  5.2% | idle  0.1% | ent 0.329
  upd 2445 | return    5.600 | deliv   5.60 | blocked  6.4% | idle  0.1% | ent 0.343
  upd 2446 | return    5.700 | deliv   5.70 | blocked  5.2% | idle  0.1% | ent 0.371
  upd 2447 | return    4.600 | deliv   4.60 | blocked  4.6% | idle  0.1% | ent 0.336
  upd 2448 | return    2.800 | deliv   2.80 | blocked  4.6% | idle  0.1% | ent 0.324
  upd 2449 | return    4.200 | deliv   4.20 | blocked  5.0% | idle  0.0% | ent 0.322
  upd 2450 | return    5.500 | deliv   5.50 | blocked  5.2% | idle  0.1% | ent 0.350
  upd 2451 | return    3.800 | deliv   3.80 | blocked  5.7% | idle  0.1% | ent 0.307
  upd 2452 | return    3.000 | deliv   3.00 | blocked  5.4% | idle  0.1% | ent 0.331
  upd 2453 | return    3.900 | deliv   3.90 | blocked  6.3% | idle  0.1% | ent 0.352
  upd 2454 | return    4.500 | deliv   4.50 | blocked  6.1% | idle  0.1% | ent 0.344
  upd 2455 | return    5.200 | deliv   5.20 | blocked  5.8% | idle  0.1% | ent 0.364
  upd 2456 | return    3.400 | deliv   3.40 | blocked  6.4% | idle  0.1% | ent 0.341
  upd 2457 | return    5.300 | deliv   5.30 | blocked  7.7% | idle  0.1% | ent 0.381
  upd 2458 | return    5.600 | deliv   5.60 | blocked  5.5% | idle  0.2% | ent 0.365
  upd 2459 | return    4.700 | deliv   4.70 | blocked  7.0% | idle  0.1% | ent 0.382
  upd 2460 | return    5.600 | deliv   5.60 | blocked  7.4% | idle  0.0% | ent 0.387
  upd 2461 | return    5.400 | deliv   5.40 | blocked  6.0% | idle  0.1% | ent 0.418
  upd 2462 | return    4.600 | deliv   4.60 | blocked 11.3% | idle  0.1% | ent 0.391
  upd 2463 | return    3.200 | deliv   3.20 | blocked  8.5% | idle  0.1% | ent 0.395
  upd 2464 | return    3.200 | deliv   3.20 | blocked  6.8% | idle  0.1% | ent 0.392
  upd 2465 | return    4.000 | deliv   4.00 | blocked  6.2% | idle  0.1% | ent 0.384
  upd 2466 | return    3.100 | deliv   3.10 | blocked  8.1% | idle  0.1% | ent 0.390
  upd 2467 | return    5.100 | deliv   5.10 | blocked  8.7% | idle  0.2% | ent 0.396
  upd 2468 | return    4.200 | deliv   4.20 | blocked  8.0% | idle  0.1% | ent 0.357
  upd 2469 | return    4.500 | deliv   4.50 | blocked  6.2% | idle  0.1% | ent 0.391
  upd 2470 | return    3.300 | deliv   3.30 | blocked  6.9% | idle  0.1% | ent 0.367
  upd 2471 | return    4.900 | deliv   4.90 | blocked  5.8% | idle  0.1% | ent 0.408
  upd 2472 | return    4.000 | deliv   4.00 | blocked  7.1% | idle  0.1% | ent 0.366
  upd 2473 | return    4.400 | deliv   4.40 | blocked  7.1% | idle  0.1% | ent 0.390
  upd 2474 | return    6.500 | deliv   6.50 | blocked  6.7% | idle  0.1% | ent 0.365
  upd 2475 | return    4.600 | deliv   4.60 | blocked  5.4% | idle  0.1% | ent 0.377
  upd 2476 | return    4.400 | deliv   4.40 | blocked  5.1% | idle  0.1% | ent 0.358
  upd 2477 | return    5.700 | deliv   5.70 | blocked  4.9% | idle  0.1% | ent 0.383
  upd 2478 | return    2.700 | deliv   2.70 | blocked  5.1% | idle  0.1% | ent 0.346
  upd 2479 | return    4.000 | deliv   4.00 | blocked  4.8% | idle  0.1% | ent 0.358
  upd 2480 | return    6.400 | deliv   6.40 | blocked  5.3% | idle  0.1% | ent 0.374
  upd 2481 | return    6.600 | deliv   6.60 | blocked  5.7% | idle  0.1% | ent 0.355
  upd 2482 | return    4.300 | deliv   4.30 | blocked  4.1% | idle  0.1% | ent 0.376
  upd 2483 | return    3.400 | deliv   3.40 | blocked  5.2% | idle  0.0% | ent 0.341
  upd 2484 | return    4.700 | deliv   4.70 | blocked  5.0% | idle  0.1% | ent 0.370
  upd 2485 | return    5.000 | deliv   5.00 | blocked  5.3% | idle  0.1% | ent 0.370
  upd 2486 | return    6.100 | deliv   6.10 | blocked  6.5% | idle  0.1% | ent 0.367
  upd 2487 | return    3.700 | deliv   3.70 | blocked  5.3% | idle  0.1% | ent 0.367
  upd 2488 | return    3.100 | deliv   3.10 | blocked  4.7% | idle  0.1% | ent 0.326
  upd 2489 | return    4.800 | deliv   4.80 | blocked  5.0% | idle  0.1% | ent 0.375
  upd 2490 | return    5.000 | deliv   5.00 | blocked  7.2% | idle  0.1% | ent 0.346
  upd 2491 | return    5.900 | deliv   5.90 | blocked  4.8% | idle  0.1% | ent 0.384
  upd 2492 | return    6.500 | deliv   6.50 | blocked  5.6% | idle  0.2% | ent 0.400
  upd 2493 | return    3.900 | deliv   3.90 | blocked  5.2% | idle  0.1% | ent 0.364
  upd 2494 | return    3.800 | deliv   3.80 | blocked  5.3% | idle  0.1% | ent 0.356
  upd 2495 | return    4.100 | deliv   4.10 | blocked  5.7% | idle  0.1% | ent 0.366
  upd 2496 | return    5.000 | deliv   5.00 | blocked  6.4% | idle  0.1% | ent 0.381
  upd 2497 | return    4.900 | deliv   4.90 | blocked  5.9% | idle  0.1% | ent 0.366
  upd 2498 | return    3.700 | deliv   3.70 | blocked  6.7% | idle  0.1% | ent 0.383
  upd 2499 | return    3.600 | deliv   3.60 | blocked  7.0% | idle  0.1% | ent 0.371
  [replay @ update 2500] return 3.00  deliveries 3  -> runs/ia2c_tiny-4ag_seed2/replays/replay_upd002500_s0.npz
  upd 2500 | return    4.000 | deliv   4.00 | blocked  7.6% | idle  0.1% | ent 0.332
  upd 2501 | return    4.300 | deliv   4.30 | blocked  8.6% | idle  0.1% | ent 0.362
  upd 2502 | return    3.200 | deliv   3.20 | blocked  7.5% | idle  0.1% | ent 0.360
  upd 2503 | return    5.400 | deliv   5.40 | blocked  8.4% | idle  0.1% | ent 0.372
  upd 2504 | return    2.900 | deliv   2.90 | blocked  8.6% | idle  0.1% | ent 0.332
  upd 2505 | return    3.900 | deliv   3.90 | blocked  9.5% | idle  0.1% | ent 0.319
  upd 2506 | return    5.600 | deliv   5.60 | blocked  8.6% | idle  0.0% | ent 0.340
  upd 2507 | return    4.000 | deliv   4.00 | blocked  9.2% | idle  0.1% | ent 0.346
  upd 2508 | return    4.200 | deliv   4.20 | blocked  7.1% | idle  0.0% | ent 0.335
  upd 2509 | return    3.900 | deliv   3.90 | blocked  5.8% | idle  0.1% | ent 0.365
  upd 2510 | return    3.200 | deliv   3.20 | blocked  5.6% | idle  0.1% | ent 0.370
  upd 2511 | return    4.400 | deliv   4.40 | blocked  5.3% | idle  0.1% | ent 0.396
  upd 2512 | return    4.000 | deliv   4.00 | blocked  5.2% | idle  0.0% | ent 0.381
  upd 2513 | return    3.300 | deliv   3.30 | blocked  5.9% | idle  0.1% | ent 0.374
  upd 2514 | return    4.800 | deliv   4.80 | blocked  5.4% | idle  0.1% | ent 0.388
  upd 2515 | return    5.000 | deliv   5.00 | blocked  4.7% | idle  0.1% | ent 0.397
  upd 2516 | return    3.800 | deliv   3.80 | blocked  4.6% | idle  0.1% | ent 0.389
  upd 2517 | return    2.800 | deliv   2.80 | blocked  6.0% | idle  0.1% | ent 0.354
  upd 2518 | return    4.700 | deliv   4.70 | blocked  5.3% | idle  0.1% | ent 0.394
  upd 2519 | return    5.400 | deliv   5.40 | blocked  7.4% | idle  0.1% | ent 0.367
  upd 2520 | return    3.800 | deliv   3.80 | blocked 11.0% | idle  0.0% | ent 0.338
  upd 2521 | return    4.400 | deliv   4.40 | blocked 11.4% | idle  0.1% | ent 0.344
  upd 2522 | return    4.700 | deliv   4.70 | blocked 17.3% | idle  0.1% | ent 0.332
  upd 2523 | return    4.400 | deliv   4.40 | blocked 14.2% | idle  0.1% | ent 0.332
  upd 2524 | return    5.800 | deliv   5.80 | blocked 12.8% | idle  0.1% | ent 0.357
  upd 2525 | return    4.100 | deliv   4.10 | blocked 12.9% | idle  0.1% | ent 0.334
  upd 2526 | return    4.900 | deliv   4.90 | blocked 11.6% | idle  0.1% | ent 0.362
  upd 2527 | return    4.700 | deliv   4.70 | blocked  8.3% | idle  0.1% | ent 0.368
  upd 2528 | return    7.100 | deliv   7.10 | blocked  7.9% | idle  0.1% | ent 0.382
  upd 2529 | return    5.300 | deliv   5.30 | blocked 10.2% | idle  0.1% | ent 0.361
  upd 2530 | return    3.300 | deliv   3.30 | blocked  7.9% | idle  0.1% | ent 0.334
  upd 2531 | return    4.900 | deliv   4.90 | blocked  9.6% | idle  0.1% | ent 0.379
  upd 2532 | return    4.600 | deliv   4.60 | blocked 13.3% | idle  0.1% | ent 0.352
  upd 2533 | return    4.200 | deliv   4.20 | blocked 10.9% | idle  0.0% | ent 0.334
  upd 2534 | return    4.500 | deliv   4.50 | blocked  7.9% | idle  0.1% | ent 0.367
  upd 2535 | return    5.200 | deliv   5.20 | blocked 13.0% | idle  0.1% | ent 0.340
  upd 2536 | return    3.800 | deliv   3.80 | blocked  9.0% | idle  0.1% | ent 0.377
  upd 2537 | return    6.500 | deliv   6.50 | blocked 10.2% | idle  0.1% | ent 0.343
  upd 2538 | return    3.700 | deliv   3.70 | blocked  9.6% | idle  0.1% | ent 0.359
  upd 2539 | return    5.200 | deliv   5.20 | blocked  9.6% | idle  0.0% | ent 0.341
  upd 2540 | return    2.700 | deliv   2.70 | blocked 11.4% | idle  0.0% | ent 0.311
  upd 2541 | return    4.300 | deliv   4.30 | blocked  8.1% | idle  0.1% | ent 0.327
  upd 2542 | return    2.500 | deliv   2.50 | blocked  8.2% | idle  0.1% | ent 0.336
  upd 2543 | return    4.700 | deliv   4.70 | blocked  6.1% | idle  0.1% | ent 0.357
  upd 2544 | return    4.400 | deliv   4.40 | blocked  5.7% | idle  0.1% | ent 0.359
  upd 2545 | return    4.400 | deliv   4.40 | blocked  4.7% | idle  0.0% | ent 0.333
  upd 2546 | return    5.200 | deliv   5.20 | blocked  5.1% | idle  0.1% | ent 0.372
  upd 2547 | return    5.200 | deliv   5.20 | blocked  5.2% | idle  0.1% | ent 0.360
  upd 2548 | return    4.600 | deliv   4.60 | blocked  5.3% | idle  0.1% | ent 0.361
  upd 2549 | return    3.700 | deliv   3.70 | blocked  5.9% | idle  0.1% | ent 0.343
  upd 2550 | return    5.200 | deliv   5.20 | blocked  5.5% | idle  0.0% | ent 0.349
  upd 2551 | return    5.200 | deliv   5.20 | blocked  6.2% | idle  0.1% | ent 0.353
  upd 2552 | return    3.900 | deliv   3.90 | blocked  7.4% | idle  0.1% | ent 0.351
  upd 2553 | return    4.800 | deliv   4.80 | blocked  7.7% | idle  0.1% | ent 0.342
  upd 2554 | return    4.300 | deliv   4.30 | blocked  8.6% | idle  0.1% | ent 0.327
  upd 2555 | return    4.600 | deliv   4.60 | blocked 12.6% | idle  0.1% | ent 0.324
  upd 2556 | return    4.200 | deliv   4.20 | blocked 14.4% | idle  0.1% | ent 0.338
  upd 2557 | return    4.800 | deliv   4.80 | blocked 13.3% | idle  0.1% | ent 0.329
  upd 2558 | return    5.600 | deliv   5.60 | blocked 10.4% | idle  0.1% | ent 0.353
  upd 2559 | return    5.100 | deliv   5.10 | blocked 11.2% | idle  0.1% | ent 0.341
  upd 2560 | return    5.700 | deliv   5.70 | blocked  7.7% | idle  0.1% | ent 0.345
  upd 2561 | return    4.200 | deliv   4.20 | blocked  8.2% | idle  0.1% | ent 0.345
  upd 2562 | return    4.800 | deliv   4.80 | blocked  6.9% | idle  0.1% | ent 0.379
  upd 2563 | return    6.200 | deliv   6.20 | blocked  7.1% | idle  0.1% | ent 0.375
  upd 2564 | return    3.700 | deliv   3.70 | blocked  7.3% | idle  0.1% | ent 0.350
  upd 2565 | return    4.500 | deliv   4.50 | blocked  5.7% | idle  0.1% | ent 0.376
  upd 2566 | return    5.400 | deliv   5.40 | blocked  5.5% | idle  0.1% | ent 0.379
  upd 2567 | return    4.500 | deliv   4.50 | blocked  5.3% | idle  0.1% | ent 0.375
  upd 2568 | return    4.000 | deliv   4.00 | blocked  6.3% | idle  0.1% | ent 0.380
  upd 2569 | return    3.900 | deliv   3.90 | blocked  5.6% | idle  0.1% | ent 0.362
  upd 2570 | return    4.500 | deliv   4.50 | blocked  4.8% | idle  0.1% | ent 0.372
  upd 2571 | return    3.900 | deliv   3.90 | blocked  5.9% | idle  0.1% | ent 0.363
  upd 2572 | return    3.900 | deliv   3.90 | blocked  4.7% | idle  0.1% | ent 0.358
  upd 2573 | return    6.400 | deliv   6.40 | blocked  4.4% | idle  0.1% | ent 0.404
  upd 2574 | return    4.100 | deliv   4.10 | blocked  5.8% | idle  0.1% | ent 0.356
  upd 2575 | return    3.800 | deliv   3.80 | blocked  5.4% | idle  0.1% | ent 0.352
  upd 2576 | return    3.900 | deliv   3.90 | blocked  6.4% | idle  0.1% | ent 0.356
  upd 2577 | return    3.300 | deliv   3.30 | blocked  7.5% | idle  0.1% | ent 0.340
  upd 2578 | return    4.900 | deliv   4.90 | blocked  6.6% | idle  0.0% | ent 0.360
  upd 2579 | return    4.000 | deliv   4.00 | blocked  6.8% | idle  0.1% | ent 0.350
  upd 2580 | return    4.400 | deliv   4.40 | blocked  6.4% | idle  0.1% | ent 0.337
  upd 2581 | return    3.500 | deliv   3.50 | blocked  6.1% | idle  0.0% | ent 0.348
  upd 2582 | return    4.000 | deliv   4.00 | blocked  7.0% | idle  0.1% | ent 0.338
  upd 2583 | return    3.300 | deliv   3.30 | blocked  7.6% | idle  0.1% | ent 0.329
  upd 2584 | return    5.100 | deliv   5.10 | blocked  7.3% | idle  0.1% | ent 0.330
  upd 2585 | return    4.100 | deliv   4.10 | blocked  5.6% | idle  0.1% | ent 0.360
  upd 2586 | return    3.800 | deliv   3.80 | blocked  6.7% | idle  0.1% | ent 0.347
  upd 2587 | return    4.700 | deliv   4.70 | blocked  6.7% | idle  0.1% | ent 0.344
  upd 2588 | return    2.900 | deliv   2.90 | blocked  5.9% | idle  0.1% | ent 0.339
  upd 2589 | return    4.900 | deliv   4.90 | blocked  6.1% | idle  0.1% | ent 0.361
  upd 2590 | return    5.900 | deliv   5.90 | blocked  6.4% | idle  0.1% | ent 0.368
  upd 2591 | return    5.800 | deliv   5.80 | blocked  5.5% | idle  0.1% | ent 0.347
  upd 2592 | return    5.300 | deliv   5.30 | blocked  6.9% | idle  0.1% | ent 0.331
  upd 2593 | return    4.000 | deliv   4.00 | blocked  7.0% | idle  0.0% | ent 0.327
  upd 2594 | return    4.900 | deliv   4.90 | blocked  7.1% | idle  0.1% | ent 0.331
  upd 2595 | return    3.200 | deliv   3.20 | blocked  6.7% | idle  0.0% | ent 0.335
  upd 2596 | return    6.100 | deliv   6.10 | blocked  5.3% | idle  0.1% | ent 0.351
  upd 2597 | return    5.200 | deliv   5.20 | blocked  5.5% | idle  0.1% | ent 0.347
  upd 2598 | return    4.100 | deliv   4.10 | blocked  5.3% | idle  0.1% | ent 0.341
  upd 2599 | return    4.500 | deliv   4.50 | blocked  5.1% | idle  0.1% | ent 0.354
  [replay @ update 2600] return 3.00  deliveries 3  -> runs/ia2c_tiny-4ag_seed2/replays/replay_upd002600_s0.npz
  upd 2600 | return    4.200 | deliv   4.20 | blocked  4.7% | idle  0.1% | ent 0.333
  upd 2601 | return    5.500 | deliv   5.50 | blocked  4.5% | idle  0.1% | ent 0.358
  upd 2602 | return    3.900 | deliv   3.90 | blocked  4.3% | idle  0.1% | ent 0.344
  upd 2603 | return    3.800 | deliv   3.80 | blocked  5.4% | idle  0.1% | ent 0.332
  upd 2604 | return    3.100 | deliv   3.10 | blocked  5.5% | idle  0.1% | ent 0.326
  upd 2605 | return    4.700 | deliv   4.70 | blocked  5.8% | idle  0.1% | ent 0.345
  upd 2606 | return    4.300 | deliv   4.30 | blocked  6.3% | idle  0.1% | ent 0.330
  upd 2607 | return    6.200 | deliv   6.20 | blocked  6.1% | idle  0.1% | ent 0.338
  upd 2608 | return    5.200 | deliv   5.20 | blocked  6.6% | idle  0.1% | ent 0.331
  upd 2609 | return    4.900 | deliv   4.90 | blocked  5.6% | idle  0.1% | ent 0.360
  upd 2610 | return    3.300 | deliv   3.30 | blocked  8.1% | idle  0.0% | ent 0.334
  upd 2611 | return    4.100 | deliv   4.10 | blocked  8.7% | idle  0.1% | ent 0.330
  upd 2612 | return    4.900 | deliv   4.90 | blocked  5.8% | idle  0.1% | ent 0.336
  upd 2613 | return    4.800 | deliv   4.80 | blocked 11.7% | idle  0.1% | ent 0.339
  upd 2614 | return    4.600 | deliv   4.60 | blocked  8.5% | idle  0.1% | ent 0.358
  upd 2615 | return    2.700 | deliv   2.70 | blocked  8.0% | idle  0.1% | ent 0.316
  upd 2616 | return    4.300 | deliv   4.30 | blocked  5.7% | idle  0.1% | ent 0.337
  upd 2617 | return    4.900 | deliv   4.90 | blocked  7.1% | idle  0.1% | ent 0.316
  upd 2618 | return    6.600 | deliv   6.60 | blocked  5.6% | idle  0.1% | ent 0.350
  upd 2619 | return    4.100 | deliv   4.10 | blocked  7.7% | idle  0.1% | ent 0.325
  upd 2620 | return    5.800 | deliv   5.80 | blocked  7.5% | idle  0.0% | ent 0.337
  upd 2621 | return    5.900 | deliv   5.90 | blocked  6.3% | idle  0.1% | ent 0.362
  upd 2622 | return    5.000 | deliv   5.00 | blocked  5.7% | idle  0.0% | ent 0.345
  upd 2623 | return    3.800 | deliv   3.80 | blocked  5.3% | idle  0.1% | ent 0.334
  upd 2624 | return    5.000 | deliv   5.00 | blocked  5.5% | idle  0.1% | ent 0.350
  upd 2625 | return    4.600 | deliv   4.60 | blocked  4.5% | idle  0.1% | ent 0.342
  upd 2626 | return    4.100 | deliv   4.10 | blocked  4.9% | idle  0.1% | ent 0.346
  upd 2627 | return    3.000 | deliv   3.00 | blocked  4.8% | idle  0.1% | ent 0.357
  upd 2628 | return    3.900 | deliv   3.90 | blocked  6.2% | idle  0.0% | ent 0.319
  upd 2629 | return    4.900 | deliv   4.90 | blocked  5.2% | idle  0.1% | ent 0.349
  upd 2630 | return    3.300 | deliv   3.30 | blocked  5.0% | idle  0.0% | ent 0.343
  upd 2631 | return    4.800 | deliv   4.80 | blocked  5.1% | idle  0.1% | ent 0.332
  upd 2632 | return    4.600 | deliv   4.60 | blocked  4.6% | idle  0.1% | ent 0.347
  upd 2633 | return    4.100 | deliv   4.10 | blocked  4.4% | idle  0.1% | ent 0.345
  upd 2634 | return    4.300 | deliv   4.30 | blocked  5.4% | idle  0.1% | ent 0.331
  upd 2635 | return    4.400 | deliv   4.40 | blocked  5.4% | idle  0.0% | ent 0.321
  upd 2636 | return    6.000 | deliv   6.00 | blocked  5.7% | idle  0.0% | ent 0.342
  upd 2637 | return    2.900 | deliv   2.90 | blocked  6.2% | idle  0.0% | ent 0.312
  upd 2638 | return    3.200 | deliv   3.20 | blocked  5.5% | idle  0.0% | ent 0.316
  upd 2639 | return    3.600 | deliv   3.60 | blocked  5.1% | idle  0.0% | ent 0.326
  upd 2640 | return    4.600 | deliv   4.60 | blocked  5.4% | idle  0.1% | ent 0.333
  upd 2641 | return    5.000 | deliv   5.00 | blocked  5.1% | idle  0.0% | ent 0.329
  upd 2642 | return    3.000 | deliv   3.00 | blocked  4.6% | idle  0.1% | ent 0.337
  upd 2643 | return    5.500 | deliv   5.50 | blocked  5.7% | idle  0.1% | ent 0.333
  upd 2644 | return    3.600 | deliv   3.60 | blocked  6.9% | idle  0.0% | ent 0.310
  upd 2645 | return    5.300 | deliv   5.30 | blocked  8.1% | idle  0.0% | ent 0.310
  upd 2646 | return    5.500 | deliv   5.50 | blocked  5.0% | idle  0.1% | ent 0.343
  upd 2647 | return    4.100 | deliv   4.10 | blocked  4.2% | idle  0.1% | ent 0.342
  upd 2648 | return    3.900 | deliv   3.90 | blocked  5.2% | idle  0.1% | ent 0.327
  upd 2649 | return    4.600 | deliv   4.60 | blocked  5.1% | idle  0.0% | ent 0.329
  upd 2650 | return    5.200 | deliv   5.20 | blocked  4.6% | idle  0.0% | ent 0.318
  upd 2651 | return    5.100 | deliv   5.10 | blocked  4.8% | idle  0.1% | ent 0.338
  upd 2652 | return    3.800 | deliv   3.80 | blocked  4.8% | idle  0.0% | ent 0.342
  upd 2653 | return    3.900 | deliv   3.90 | blocked  4.5% | idle  0.1% | ent 0.350
  upd 2654 | return    5.100 | deliv   5.10 | blocked  5.0% | idle  0.1% | ent 0.325
  upd 2655 | return    5.100 | deliv   5.10 | blocked  4.1% | idle  0.1% | ent 0.341
  upd 2656 | return    3.600 | deliv   3.60 | blocked  4.7% | idle  0.1% | ent 0.339
  upd 2657 | return    5.200 | deliv   5.20 | blocked  3.9% | idle  0.1% | ent 0.358
  upd 2658 | return    3.400 | deliv   3.40 | blocked  4.6% | idle  0.0% | ent 0.324
  upd 2659 | return    3.100 | deliv   3.10 | blocked  3.9% | idle  0.1% | ent 0.341
  upd 2660 | return    3.300 | deliv   3.30 | blocked  4.1% | idle  0.1% | ent 0.340
  upd 2661 | return    4.600 | deliv   4.60 | blocked  4.0% | idle  0.1% | ent 0.330
  upd 2662 | return    5.700 | deliv   5.70 | blocked  4.7% | idle  0.1% | ent 0.328
  upd 2663 | return    5.200 | deliv   5.20 | blocked  3.9% | idle  0.0% | ent 0.329
  upd 2664 | return    7.400 | deliv   7.40 | blocked  4.7% | idle  0.1% | ent 0.332
  upd 2665 | return    4.600 | deliv   4.60 | blocked  5.2% | idle  0.1% | ent 0.314
  upd 2666 | return    3.700 | deliv   3.70 | blocked  5.2% | idle  0.0% | ent 0.314
  upd 2667 | return    5.200 | deliv   5.20 | blocked  4.4% | idle  0.0% | ent 0.331
  upd 2668 | return    3.700 | deliv   3.70 | blocked  4.2% | idle  0.1% | ent 0.338
  upd 2669 | return    3.700 | deliv   3.70 | blocked  4.2% | idle  0.0% | ent 0.331
  upd 2670 | return    5.200 | deliv   5.20 | blocked  5.8% | idle  0.1% | ent 0.330
  upd 2671 | return    6.000 | deliv   6.00 | blocked  4.8% | idle  0.0% | ent 0.325
  upd 2672 | return    3.900 | deliv   3.90 | blocked  4.9% | idle  0.0% | ent 0.302
  upd 2673 | return    6.000 | deliv   6.00 | blocked  6.4% | idle  0.1% | ent 0.314
  upd 2674 | return    3.000 | deliv   3.00 | blocked  4.5% | idle  0.0% | ent 0.320
  upd 2675 | return    4.300 | deliv   4.30 | blocked  4.8% | idle  0.1% | ent 0.312
  upd 2676 | return    3.100 | deliv   3.10 | blocked  4.5% | idle  0.1% | ent 0.324
  upd 2677 | return    3.900 | deliv   3.90 | blocked  4.6% | idle  0.1% | ent 0.330
  upd 2678 | return    5.300 | deliv   5.30 | blocked  4.7% | idle  0.1% | ent 0.332
  upd 2679 | return    4.100 | deliv   4.10 | blocked  4.5% | idle  0.0% | ent 0.338
  upd 2680 | return    4.100 | deliv   4.10 | blocked  5.5% | idle  0.0% | ent 0.331
  upd 2681 | return    3.700 | deliv   3.70 | blocked  5.1% | idle  0.1% | ent 0.310
  upd 2682 | return    5.400 | deliv   5.40 | blocked  5.1% | idle  0.1% | ent 0.342
  upd 2683 | return    6.000 | deliv   6.00 | blocked  4.4% | idle  0.1% | ent 0.322
  upd 2684 | return    4.100 | deliv   4.10 | blocked  4.7% | idle  0.1% | ent 0.335
  upd 2685 | return    5.000 | deliv   5.00 | blocked  5.1% | idle  0.1% | ent 0.326
  upd 2686 | return    3.900 | deliv   3.90 | blocked  5.4% | idle  0.1% | ent 0.306
  upd 2687 | return    5.500 | deliv   5.50 | blocked  4.8% | idle  0.1% | ent 0.329
  upd 2688 | return    3.200 | deliv   3.20 | blocked  5.0% | idle  0.0% | ent 0.324
  upd 2689 | return    5.400 | deliv   5.40 | blocked  4.6% | idle  0.1% | ent 0.353
  upd 2690 | return    4.400 | deliv   4.40 | blocked  4.6% | idle  0.1% | ent 0.345
  upd 2691 | return    3.700 | deliv   3.70 | blocked  4.4% | idle  0.0% | ent 0.336
  upd 2692 | return    4.800 | deliv   4.80 | blocked  5.0% | idle  0.0% | ent 0.332
  upd 2693 | return    6.000 | deliv   6.00 | blocked  4.1% | idle  0.0% | ent 0.329
  upd 2694 | return    4.100 | deliv   4.10 | blocked  4.8% | idle  0.1% | ent 0.340
  upd 2695 | return    5.600 | deliv   5.60 | blocked  5.0% | idle  0.0% | ent 0.337
  upd 2696 | return    3.100 | deliv   3.10 | blocked  4.3% | idle  0.0% | ent 0.329
  upd 2697 | return    5.000 | deliv   5.00 | blocked  5.6% | idle  0.0% | ent 0.312
  upd 2698 | return    5.000 | deliv   5.00 | blocked  4.6% | idle  0.1% | ent 0.336
  upd 2699 | return    5.300 | deliv   5.30 | blocked  5.1% | idle  0.1% | ent 0.326
  [replay @ update 2700] return 2.00  deliveries 2  -> runs/ia2c_tiny-4ag_seed2/replays/replay_upd002700_s0.npz
  upd 2700 | return    2.400 | deliv   2.40 | blocked  4.2% | idle  0.0% | ent 0.304
  upd 2701 | return    4.800 | deliv   4.80 | blocked  5.4% | idle  0.1% | ent 0.321
  upd 2702 | return    2.300 | deliv   2.30 | blocked  4.1% | idle  0.1% | ent 0.306
  upd 2703 | return    4.000 | deliv   4.00 | blocked  5.2% | idle  0.0% | ent 0.328
  upd 2704 | return    4.500 | deliv   4.50 | blocked  4.9% | idle  0.1% | ent 0.338
  upd 2705 | return    3.900 | deliv   3.90 | blocked  4.9% | idle  0.0% | ent 0.334
  upd 2706 | return    4.000 | deliv   4.00 | blocked  3.9% | idle  0.1% | ent 0.344
  upd 2707 | return    3.600 | deliv   3.60 | blocked  4.9% | idle  0.1% | ent 0.318
  upd 2708 | return    4.300 | deliv   4.30 | blocked  3.6% | idle  0.0% | ent 0.324
  upd 2709 | return    5.100 | deliv   5.10 | blocked  3.9% | idle  0.1% | ent 0.345
  upd 2710 | return    4.200 | deliv   4.20 | blocked  4.4% | idle  0.0% | ent 0.332
  upd 2711 | return    5.300 | deliv   5.30 | blocked  4.0% | idle  0.1% | ent 0.359
  upd 2712 | return    3.400 | deliv   3.40 | blocked  4.7% | idle  0.0% | ent 0.328
  upd 2713 | return    2.700 | deliv   2.70 | blocked  4.7% | idle  0.0% | ent 0.315
  upd 2714 | return    4.900 | deliv   4.90 | blocked  4.8% | idle  0.0% | ent 0.313
  upd 2715 | return    5.000 | deliv   5.00 | blocked  4.7% | idle  0.1% | ent 0.319
  upd 2716 | return    3.400 | deliv   3.40 | blocked  4.6% | idle  0.0% | ent 0.300
  upd 2717 | return    5.800 | deliv   5.80 | blocked  5.1% | idle  0.1% | ent 0.313
  upd 2718 | return    6.000 | deliv   6.00 | blocked  3.9% | idle  0.0% | ent 0.319
  upd 2719 | return    4.200 | deliv   4.20 | blocked  3.7% | idle  0.1% | ent 0.311
  upd 2720 | return    5.000 | deliv   5.00 | blocked  4.0% | idle  0.0% | ent 0.307
  upd 2721 | return    5.700 | deliv   5.70 | blocked  3.9% | idle  0.1% | ent 0.303
  upd 2722 | return    6.100 | deliv   6.10 | blocked  4.4% | idle  0.1% | ent 0.298
  upd 2723 | return    5.400 | deliv   5.40 | blocked  4.0% | idle  0.0% | ent 0.287
  upd 2724 | return    6.200 | deliv   6.20 | blocked  3.9% | idle  0.0% | ent 0.325
  upd 2725 | return    5.100 | deliv   5.10 | blocked  4.4% | idle  0.1% | ent 0.330
  upd 2726 | return    6.700 | deliv   6.70 | blocked  4.0% | idle  0.1% | ent 0.340
  upd 2727 | return    6.900 | deliv   6.90 | blocked  3.6% | idle  0.1% | ent 0.342
  upd 2728 | return    5.700 | deliv   5.70 | blocked  3.7% | idle  0.1% | ent 0.356
  upd 2729 | return    6.800 | deliv   6.80 | blocked  4.0% | idle  0.1% | ent 0.376
  upd 2730 | return    5.500 | deliv   5.50 | blocked  3.4% | idle  0.1% | ent 0.366
  upd 2731 | return    7.000 | deliv   7.00 | blocked  4.1% | idle  0.1% | ent 0.359
  upd 2732 | return    7.700 | deliv   7.70 | blocked  2.8% | idle  0.1% | ent 0.351
  upd 2733 | return    6.600 | deliv   6.60 | blocked  3.4% | idle  0.1% | ent 0.341
  upd 2734 | return    8.200 | deliv   8.20 | blocked  5.4% | idle  0.2% | ent 0.348
  upd 2735 | return    7.600 | deliv   7.60 | blocked  5.5% | idle  0.1% | ent 0.315
  upd 2736 | return    8.400 | deliv   8.40 | blocked  9.9% | idle  0.1% | ent 0.355
  upd 2737 | return    9.000 | deliv   9.00 | blocked  5.5% | idle  0.1% | ent 0.371
  upd 2738 | return    9.600 | deliv   9.60 | blocked  6.3% | idle  0.1% | ent 0.365
  upd 2739 | return    8.200 | deliv   8.20 | blocked  4.7% | idle  0.1% | ent 0.388
  upd 2740 | return    8.400 | deliv   8.40 | blocked  5.7% | idle  0.1% | ent 0.352
  upd 2741 | return    7.900 | deliv   7.90 | blocked  5.2% | idle  0.1% | ent 0.364
  upd 2742 | return    8.900 | deliv   8.90 | blocked  5.2% | idle  0.1% | ent 0.326
  upd 2743 | return    7.000 | deliv   7.00 | blocked  5.6% | idle  0.1% | ent 0.374
  upd 2744 | return    6.300 | deliv   6.30 | blocked  5.2% | idle  0.1% | ent 0.383
  upd 2745 | return    7.900 | deliv   7.90 | blocked  5.3% | idle  0.1% | ent 0.331
  upd 2746 | return   10.700 | deliv  10.70 | blocked  7.4% | idle  0.1% | ent 0.372
  upd 2747 | return   11.000 | deliv  11.00 | blocked  9.9% | idle  0.1% | ent 0.361
  upd 2748 | return    8.300 | deliv   8.30 | blocked  7.6% | idle  0.2% | ent 0.408
  upd 2749 | return    8.900 | deliv   8.90 | blocked  5.8% | idle  0.1% | ent 0.404
  upd 2750 | return   10.300 | deliv  10.30 | blocked  8.5% | idle  0.2% | ent 0.448
  upd 2751 | return    8.000 | deliv   8.00 | blocked  6.1% | idle  0.1% | ent 0.436
  upd 2752 | return    8.700 | deliv   8.70 | blocked  5.0% | idle  0.2% | ent 0.460
  upd 2753 | return    8.200 | deliv   8.20 | blocked  4.3% | idle  0.1% | ent 0.460
  upd 2754 | return   10.000 | deliv  10.00 | blocked  4.9% | idle  0.2% | ent 0.436
  upd 2755 | return    9.900 | deliv   9.90 | blocked  4.7% | idle  0.2% | ent 0.413
  upd 2756 | return    8.800 | deliv   8.80 | blocked  4.2% | idle  0.2% | ent 0.411
  upd 2757 | return   10.500 | deliv  10.50 | blocked  6.3% | idle  0.2% | ent 0.422
  upd 2758 | return    8.200 | deliv   8.20 | blocked  5.7% | idle  0.2% | ent 0.383
  upd 2759 | return   11.000 | deliv  11.00 | blocked  4.4% | idle  0.2% | ent 0.403
  upd 2760 | return    7.300 | deliv   7.30 | blocked  4.7% | idle  0.1% | ent 0.357
  upd 2761 | return    9.400 | deliv   9.40 | blocked  6.5% | idle  0.2% | ent 0.381
  upd 2762 | return    8.700 | deliv   8.70 | blocked  5.0% | idle  0.2% | ent 0.378
  upd 2763 | return    8.900 | deliv   8.90 | blocked  5.0% | idle  0.2% | ent 0.389
  upd 2764 | return   10.500 | deliv  10.50 | blocked  5.1% | idle  0.1% | ent 0.364
  upd 2765 | return    9.200 | deliv   9.20 | blocked  3.9% | idle  0.2% | ent 0.387
  upd 2766 | return    9.300 | deliv   9.30 | blocked  4.3% | idle  0.1% | ent 0.360
  upd 2767 | return    9.600 | deliv   9.60 | blocked  5.9% | idle  0.1% | ent 0.402
  upd 2768 | return    8.400 | deliv   8.40 | blocked  4.1% | idle  0.1% | ent 0.393
  upd 2769 | return    8.300 | deliv   8.30 | blocked  5.7% | idle  0.2% | ent 0.406
  upd 2770 | return    8.100 | deliv   8.10 | blocked  6.4% | idle  0.1% | ent 0.340
  upd 2771 | return    8.700 | deliv   8.70 | blocked  6.3% | idle  0.1% | ent 0.391
  upd 2772 | return   12.300 | deliv  12.30 | blocked  6.1% | idle  0.1% | ent 0.370
  upd 2773 | return   10.400 | deliv  10.40 | blocked  4.8% | idle  0.1% | ent 0.409
  upd 2774 | return   10.800 | deliv  10.80 | blocked  6.0% | idle  0.1% | ent 0.394
  upd 2775 | return    8.300 | deliv   8.30 | blocked  5.5% | idle  0.1% | ent 0.393
  upd 2776 | return   10.900 | deliv  10.90 | blocked  6.1% | idle  0.1% | ent 0.390
  upd 2777 | return    6.500 | deliv   6.50 | blocked  6.8% | idle  0.1% | ent 0.382
  upd 2778 | return    9.700 | deliv   9.70 | blocked  4.2% | idle  0.1% | ent 0.406
  upd 2779 | return    7.900 | deliv   7.90 | blocked  4.5% | idle  0.2% | ent 0.344
  upd 2780 | return   10.500 | deliv  10.50 | blocked  5.1% | idle  0.1% | ent 0.414
  upd 2781 | return   10.100 | deliv  10.10 | blocked  6.4% | idle  0.1% | ent 0.381
  upd 2782 | return   10.500 | deliv  10.50 | blocked  6.0% | idle  0.2% | ent 0.401
  upd 2783 | return    8.900 | deliv   8.90 | blocked  5.2% | idle  0.2% | ent 0.377
  upd 2784 | return    9.900 | deliv   9.90 | blocked  5.1% | idle  0.1% | ent 0.398
  upd 2785 | return    9.600 | deliv   9.60 | blocked  5.1% | idle  0.1% | ent 0.394
  upd 2786 | return    9.300 | deliv   9.30 | blocked  3.1% | idle  0.1% | ent 0.380
  upd 2787 | return    9.700 | deliv   9.70 | blocked  4.9% | idle  0.1% | ent 0.393
  upd 2788 | return    9.100 | deliv   9.10 | blocked  4.9% | idle  0.1% | ent 0.370
  upd 2789 | return    9.200 | deliv   9.20 | blocked  4.6% | idle  0.1% | ent 0.379
  upd 2790 | return    7.600 | deliv   7.60 | blocked  4.2% | idle  0.1% | ent 0.372
  upd 2791 | return    9.600 | deliv   9.60 | blocked  2.7% | idle  0.1% | ent 0.403
  upd 2792 | return    8.200 | deliv   8.20 | blocked  4.0% | idle  0.1% | ent 0.383
  upd 2793 | return   10.400 | deliv  10.40 | blocked  3.8% | idle  0.1% | ent 0.392
  upd 2794 | return    8.400 | deliv   8.40 | blocked  3.9% | idle  0.1% | ent 0.343
  upd 2795 | return    9.600 | deliv   9.60 | blocked  4.5% | idle  0.2% | ent 0.402
  upd 2796 | return    9.000 | deliv   9.00 | blocked  3.4% | idle  0.2% | ent 0.370
  upd 2797 | return   10.800 | deliv  10.80 | blocked  4.0% | idle  0.2% | ent 0.387
  upd 2798 | return    9.200 | deliv   9.20 | blocked  5.0% | idle  0.2% | ent 0.337
  upd 2799 | return    9.200 | deliv   9.20 | blocked  5.0% | idle  0.1% | ent 0.358
  [replay @ update 2800] return 5.00  deliveries 5  -> runs/ia2c_tiny-4ag_seed2/replays/replay_upd002800_s0.npz
  upd 2800 | return   11.000 | deliv  11.00 | blocked  3.9% | idle  0.1% | ent 0.360
  upd 2801 | return    9.400 | deliv   9.40 | blocked  4.6% | idle  0.2% | ent 0.362
  upd 2802 | return    7.600 | deliv   7.60 | blocked  2.8% | idle  0.1% | ent 0.349
  upd 2803 | return   10.000 | deliv  10.00 | blocked  3.1% | idle  0.2% | ent 0.407
  upd 2804 | return    9.800 | deliv   9.80 | blocked  4.5% | idle  0.1% | ent 0.364
  upd 2805 | return    8.300 | deliv   8.30 | blocked  3.2% | idle  0.1% | ent 0.394
  upd 2806 | return    8.100 | deliv   8.10 | blocked  3.6% | idle  0.2% | ent 0.425
  upd 2807 | return   10.300 | deliv  10.30 | blocked  3.8% | idle  0.1% | ent 0.376
  upd 2808 | return    9.900 | deliv   9.90 | blocked  4.2% | idle  0.2% | ent 0.371
  upd 2809 | return    8.800 | deliv   8.80 | blocked  6.9% | idle  0.1% | ent 0.334
  upd 2810 | return   10.300 | deliv  10.30 | blocked  5.5% | idle  0.1% | ent 0.373
  upd 2811 | return    9.400 | deliv   9.40 | blocked  3.9% | idle  0.1% | ent 0.331
  upd 2812 | return   11.100 | deliv  11.10 | blocked  4.1% | idle  0.1% | ent 0.370
  upd 2813 | return    8.500 | deliv   8.50 | blocked  4.3% | idle  0.1% | ent 0.381
  upd 2814 | return   11.400 | deliv  11.40 | blocked  3.0% | idle  0.1% | ent 0.365
  upd 2815 | return    9.800 | deliv   9.80 | blocked  3.9% | idle  0.1% | ent 0.359
  upd 2816 | return    9.900 | deliv   9.90 | blocked  3.5% | idle  0.1% | ent 0.377
  upd 2817 | return    9.000 | deliv   9.00 | blocked  3.8% | idle  0.1% | ent 0.380
  upd 2818 | return    8.900 | deliv   8.90 | blocked  5.3% | idle  0.1% | ent 0.409
  upd 2819 | return   10.000 | deliv  10.00 | blocked  4.9% | idle  0.1% | ent 0.387
  upd 2820 | return   11.100 | deliv  11.10 | blocked  3.6% | idle  0.1% | ent 0.365
  upd 2821 | return    8.900 | deliv   8.90 | blocked  4.6% | idle  0.1% | ent 0.375
  upd 2822 | return   11.600 | deliv  11.60 | blocked  4.8% | idle  0.1% | ent 0.365
  upd 2823 | return   12.700 | deliv  12.70 | blocked  4.2% | idle  0.1% | ent 0.382
  upd 2824 | return    9.700 | deliv   9.70 | blocked  3.7% | idle  0.1% | ent 0.351
  upd 2825 | return   11.200 | deliv  11.20 | blocked  5.1% | idle  0.1% | ent 0.401
  upd 2826 | return   12.000 | deliv  12.00 | blocked  3.9% | idle  0.1% | ent 0.384
  upd 2827 | return    8.600 | deliv   8.60 | blocked  3.5% | idle  0.1% | ent 0.367
  upd 2828 | return   12.000 | deliv  12.00 | blocked  3.5% | idle  0.1% | ent 0.364
  upd 2829 | return   12.600 | deliv  12.60 | blocked  5.0% | idle  0.1% | ent 0.374
  upd 2830 | return   12.100 | deliv  12.10 | blocked  4.0% | idle  0.1% | ent 0.357
  upd 2831 | return   10.000 | deliv  10.00 | blocked  3.8% | idle  0.1% | ent 0.344
  upd 2832 | return   11.800 | deliv  11.80 | blocked  6.1% | idle  0.2% | ent 0.353
  upd 2833 | return   10.200 | deliv  10.20 | blocked  3.4% | idle  0.1% | ent 0.346
  upd 2834 | return   12.800 | deliv  12.80 | blocked  4.9% | idle  0.1% | ent 0.381
  upd 2835 | return    9.900 | deliv   9.90 | blocked  3.6% | idle  0.1% | ent 0.343
  upd 2836 | return   11.700 | deliv  11.70 | blocked  4.2% | idle  0.1% | ent 0.374
  upd 2837 | return   11.800 | deliv  11.80 | blocked  3.6% | idle  0.2% | ent 0.392
  upd 2838 | return   10.100 | deliv  10.10 | blocked  4.7% | idle  0.1% | ent 0.392
  upd 2839 | return    9.400 | deliv   9.40 | blocked  4.6% | idle  0.1% | ent 0.419
  upd 2840 | return   10.100 | deliv  10.10 | blocked  3.4% | idle  0.1% | ent 0.419
  upd 2841 | return    9.500 | deliv   9.50 | blocked  3.5% | idle  0.1% | ent 0.371
  upd 2842 | return   11.800 | deliv  11.80 | blocked  4.5% | idle  0.1% | ent 0.409
  upd 2843 | return    8.900 | deliv   8.90 | blocked  3.0% | idle  0.1% | ent 0.370
  upd 2844 | return   12.900 | deliv  12.90 | blocked  4.2% | idle  0.1% | ent 0.399
  upd 2845 | return   10.600 | deliv  10.60 | blocked  5.8% | idle  0.1% | ent 0.350
  upd 2846 | return   13.500 | deliv  13.50 | blocked  3.8% | idle  0.1% | ent 0.354
  upd 2847 | return   11.800 | deliv  11.80 | blocked  4.9% | idle  0.1% | ent 0.331
  upd 2848 | return   12.600 | deliv  12.60 | blocked  3.7% | idle  0.1% | ent 0.358
  upd 2849 | return   11.700 | deliv  11.70 | blocked  5.3% | idle  0.1% | ent 0.332
  upd 2850 | return   11.600 | deliv  11.60 | blocked  3.1% | idle  0.1% | ent 0.340
  upd 2851 | return   11.400 | deliv  11.40 | blocked  2.5% | idle  0.1% | ent 0.355
  upd 2852 | return   12.100 | deliv  12.10 | blocked  2.7% | idle  0.1% | ent 0.377
  upd 2853 | return   10.100 | deliv  10.10 | blocked  3.4% | idle  0.1% | ent 0.425
  upd 2854 | return    9.300 | deliv   9.30 | blocked  3.7% | idle  0.1% | ent 0.428
  upd 2855 | return   10.400 | deliv  10.40 | blocked  3.2% | idle  0.1% | ent 0.436
  upd 2856 | return    7.800 | deliv   7.80 | blocked  3.0% | idle  0.1% | ent 0.425
  upd 2857 | return   10.200 | deliv  10.20 | blocked  4.4% | idle  0.1% | ent 0.447
  upd 2858 | return   11.700 | deliv  11.70 | blocked  3.6% | idle  0.1% | ent 0.423
  upd 2859 | return   13.200 | deliv  13.20 | blocked  4.0% | idle  0.1% | ent 0.397
  upd 2860 | return   12.400 | deliv  12.40 | blocked  4.6% | idle  0.1% | ent 0.349
  upd 2861 | return   11.700 | deliv  11.70 | blocked  4.9% | idle  0.0% | ent 0.354
  upd 2862 | return   11.500 | deliv  11.50 | blocked  4.5% | idle  0.0% | ent 0.297
  upd 2863 | return   12.300 | deliv  12.30 | blocked  4.9% | idle  0.1% | ent 0.310
  upd 2864 | return   10.800 | deliv  10.80 | blocked  6.8% | idle  0.1% | ent 0.316
  upd 2865 | return   11.800 | deliv  11.80 | blocked  6.2% | idle  0.1% | ent 0.331
  upd 2866 | return   12.900 | deliv  12.90 | blocked  4.3% | idle  0.0% | ent 0.352
  upd 2867 | return   13.500 | deliv  13.50 | blocked  4.3% | idle  0.1% | ent 0.386
  upd 2868 | return   12.400 | deliv  12.40 | blocked  3.4% | idle  0.1% | ent 0.380
  upd 2869 | return   11.500 | deliv  11.50 | blocked  4.8% | idle  0.1% | ent 0.422
  upd 2870 | return   10.600 | deliv  10.60 | blocked  3.4% | idle  0.1% | ent 0.414
  upd 2871 | return   12.500 | deliv  12.50 | blocked  3.5% | idle  0.1% | ent 0.423
  upd 2872 | return   12.000 | deliv  12.00 | blocked  4.1% | idle  0.1% | ent 0.421
  upd 2873 | return   13.400 | deliv  13.40 | blocked  4.2% | idle  0.1% | ent 0.405
  upd 2874 | return   11.300 | deliv  11.30 | blocked  3.8% | idle  0.1% | ent 0.391
  upd 2875 | return   12.400 | deliv  12.40 | blocked  4.3% | idle  0.1% | ent 0.397
  upd 2876 | return   12.700 | deliv  12.70 | blocked  5.2% | idle  0.1% | ent 0.409
  upd 2877 | return   11.400 | deliv  11.40 | blocked  5.7% | idle  0.1% | ent 0.378
  upd 2878 | return   14.400 | deliv  14.40 | blocked  6.5% | idle  0.1% | ent 0.369
  upd 2879 | return   11.900 | deliv  11.90 | blocked  3.7% | idle  0.0% | ent 0.356
  upd 2880 | return   12.000 | deliv  12.00 | blocked  8.1% | idle  0.2% | ent 0.414
  upd 2881 | return   13.400 | deliv  13.40 | blocked  3.8% | idle  0.1% | ent 0.377
  upd 2882 | return   12.200 | deliv  12.20 | blocked  3.4% | idle  0.1% | ent 0.390
  upd 2883 | return   14.900 | deliv  14.90 | blocked  3.1% | idle  0.1% | ent 0.383
  upd 2884 | return   15.100 | deliv  15.10 | blocked  4.5% | idle  0.1% | ent 0.397
  upd 2885 | return   13.700 | deliv  13.70 | blocked  4.2% | idle  0.1% | ent 0.404
  upd 2886 | return   11.700 | deliv  11.70 | blocked  4.2% | idle  0.1% | ent 0.402
  upd 2887 | return   11.200 | deliv  11.20 | blocked  3.8% | idle  0.1% | ent 0.402
  upd 2888 | return   13.000 | deliv  13.00 | blocked  3.7% | idle  0.2% | ent 0.425
  upd 2889 | return   14.200 | deliv  14.20 | blocked  4.8% | idle  0.2% | ent 0.412
  upd 2890 | return   11.700 | deliv  11.70 | blocked  4.8% | idle  0.1% | ent 0.395
  upd 2891 | return   14.300 | deliv  14.30 | blocked  4.0% | idle  0.1% | ent 0.398
  upd 2892 | return   10.300 | deliv  10.30 | blocked  2.7% | idle  0.1% | ent 0.395
  upd 2893 | return   11.700 | deliv  11.70 | blocked  3.2% | idle  0.1% | ent 0.395
  upd 2894 | return   11.900 | deliv  11.90 | blocked  4.0% | idle  0.2% | ent 0.387
  upd 2895 | return   11.500 | deliv  11.50 | blocked  3.4% | idle  0.1% | ent 0.371
  upd 2896 | return   12.600 | deliv  12.60 | blocked  3.6% | idle  0.1% | ent 0.381
  upd 2897 | return   13.000 | deliv  13.00 | blocked  4.1% | idle  0.1% | ent 0.394
  upd 2898 | return   10.300 | deliv  10.30 | blocked  3.9% | idle  0.2% | ent 0.396
  upd 2899 | return   12.800 | deliv  12.80 | blocked  3.6% | idle  0.1% | ent 0.389
  [replay @ update 2900] return 14.00  deliveries 14  -> runs/ia2c_tiny-4ag_seed2/replays/replay_upd002900_s0.npz
  upd 2900 | return   12.400 | deliv  12.40 | blocked  2.6% | idle  0.1% | ent 0.389
  upd 2901 | return   13.200 | deliv  13.20 | blocked  3.9% | idle  0.0% | ent 0.367
  upd 2902 | return   11.400 | deliv  11.40 | blocked  4.2% | idle  0.1% | ent 0.360
  upd 2903 | return   12.100 | deliv  12.10 | blocked  3.2% | idle  0.1% | ent 0.347
  upd 2904 | return   13.400 | deliv  13.40 | blocked  4.0% | idle  0.1% | ent 0.343
  upd 2905 | return   12.900 | deliv  12.90 | blocked  4.1% | idle  0.1% | ent 0.355
  upd 2906 | return   12.600 | deliv  12.60 | blocked  3.0% | idle  0.1% | ent 0.337
  upd 2907 | return   13.400 | deliv  13.40 | blocked  3.4% | idle  0.1% | ent 0.374
  upd 2908 | return   13.200 | deliv  13.20 | blocked  2.4% | idle  0.1% | ent 0.362
  upd 2909 | return   12.700 | deliv  12.70 | blocked  3.7% | idle  0.2% | ent 0.397
  upd 2910 | return   11.600 | deliv  11.60 | blocked  3.0% | idle  0.1% | ent 0.389
  upd 2911 | return   11.500 | deliv  11.50 | blocked  3.2% | idle  0.1% | ent 0.384
  upd 2912 | return   11.600 | deliv  11.60 | blocked  3.5% | idle  0.1% | ent 0.362
  upd 2913 | return   12.700 | deliv  12.70 | blocked  3.6% | idle  0.1% | ent 0.358
  upd 2914 | return   11.300 | deliv  11.30 | blocked  3.8% | idle  0.2% | ent 0.359
  upd 2915 | return   11.500 | deliv  11.50 | blocked  3.6% | idle  0.1% | ent 0.344
  upd 2916 | return    9.100 | deliv   9.10 | blocked  3.1% | idle  0.1% | ent 0.359
  upd 2917 | return   13.400 | deliv  13.40 | blocked  4.2% | idle  0.2% | ent 0.371
  upd 2918 | return   13.400 | deliv  13.40 | blocked  6.0% | idle  0.1% | ent 0.364
  upd 2919 | return   11.500 | deliv  11.50 | blocked  6.5% | idle  0.1% | ent 0.355
  upd 2920 | return   12.700 | deliv  12.70 | blocked  4.4% | idle  0.1% | ent 0.359
  upd 2921 | return   12.500 | deliv  12.50 | blocked  5.4% | idle  0.1% | ent 0.343
  upd 2922 | return   13.500 | deliv  13.50 | blocked  4.4% | idle  0.1% | ent 0.338
  upd 2923 | return   12.400 | deliv  12.40 | blocked  3.7% | idle  0.1% | ent 0.329
  upd 2924 | return   11.900 | deliv  11.90 | blocked  5.1% | idle  0.1% | ent 0.326
  upd 2925 | return   10.900 | deliv  10.90 | blocked  3.6% | idle  0.1% | ent 0.319
  upd 2926 | return   11.100 | deliv  11.10 | blocked  3.7% | idle  0.1% | ent 0.320
  upd 2927 | return   11.000 | deliv  11.00 | blocked  2.8% | idle  0.1% | ent 0.356
  upd 2928 | return   10.700 | deliv  10.70 | blocked  3.9% | idle  0.1% | ent 0.326
  upd 2929 | return   12.300 | deliv  12.30 | blocked  3.7% | idle  0.1% | ent 0.310
  upd 2930 | return   11.700 | deliv  11.70 | blocked  2.9% | idle  0.1% | ent 0.328
  upd 2931 | return   12.300 | deliv  12.30 | blocked  2.7% | idle  0.1% | ent 0.334
  upd 2932 | return   12.000 | deliv  12.00 | blocked  6.3% | idle  0.0% | ent 0.312
  upd 2933 | return   12.600 | deliv  12.60 | blocked  3.0% | idle  0.1% | ent 0.322
  upd 2934 | return   12.000 | deliv  12.00 | blocked  3.7% | idle  0.1% | ent 0.311
  upd 2935 | return   11.900 | deliv  11.90 | blocked  3.7% | idle  0.1% | ent 0.313
  upd 2936 | return   12.300 | deliv  12.30 | blocked  4.1% | idle  0.1% | ent 0.295
  upd 2937 | return   14.500 | deliv  14.50 | blocked  5.1% | idle  0.1% | ent 0.340
  upd 2938 | return   13.100 | deliv  13.10 | blocked  5.3% | idle  0.1% | ent 0.321
  upd 2939 | return   12.400 | deliv  12.40 | blocked  4.5% | idle  0.1% | ent 0.310
  upd 2940 | return   12.700 | deliv  12.70 | blocked  4.1% | idle  0.1% | ent 0.322
  upd 2941 | return   12.800 | deliv  12.80 | blocked  3.8% | idle  0.1% | ent 0.319
  upd 2942 | return    9.600 | deliv   9.60 | blocked  4.9% | idle  0.1% | ent 0.302
  upd 2943 | return   13.200 | deliv  13.20 | blocked  4.5% | idle  0.1% | ent 0.319
  upd 2944 | return   12.400 | deliv  12.40 | blocked  5.1% | idle  0.1% | ent 0.314
  upd 2945 | return    9.300 | deliv   9.30 | blocked  3.8% | idle  0.1% | ent 0.320
  upd 2946 | return   11.300 | deliv  11.30 | blocked  4.1% | idle  0.1% | ent 0.321
  upd 2947 | return   12.000 | deliv  12.00 | blocked  5.9% | idle  0.1% | ent 0.286
  upd 2948 | return   11.600 | deliv  11.60 | blocked  3.6% | idle  0.1% | ent 0.274
  upd 2949 | return   12.100 | deliv  12.10 | blocked  4.5% | idle  0.1% | ent 0.321
  upd 2950 | return   13.800 | deliv  13.80 | blocked  4.8% | idle  0.1% | ent 0.314
  upd 2951 | return   13.300 | deliv  13.30 | blocked  3.8% | idle  0.1% | ent 0.308
  upd 2952 | return   13.100 | deliv  13.10 | blocked  3.2% | idle  0.1% | ent 0.319
  upd 2953 | return   14.600 | deliv  14.60 | blocked  3.0% | idle  0.0% | ent 0.322
  upd 2954 | return   14.300 | deliv  14.30 | blocked  4.6% | idle  0.1% | ent 0.342
  upd 2955 | return   14.900 | deliv  14.90 | blocked  4.7% | idle  0.1% | ent 0.312
  upd 2956 | return   11.000 | deliv  11.00 | blocked  3.0% | idle  0.1% | ent 0.307
  upd 2957 | return   12.400 | deliv  12.40 | blocked  3.7% | idle  0.1% | ent 0.306
  upd 2958 | return   11.100 | deliv  11.10 | blocked  4.6% | idle  0.1% | ent 0.303
  upd 2959 | return   13.100 | deliv  13.10 | blocked  3.7% | idle  0.1% | ent 0.321
  upd 2960 | return   11.900 | deliv  11.90 | blocked  3.3% | idle  0.1% | ent 0.304
  upd 2961 | return   13.500 | deliv  13.50 | blocked  4.1% | idle  0.2% | ent 0.299
  upd 2962 | return   13.900 | deliv  13.90 | blocked  5.2% | idle  0.1% | ent 0.283
  upd 2963 | return   12.100 | deliv  12.10 | blocked  9.0% | idle  0.1% | ent 0.333
  upd 2964 | return   14.600 | deliv  14.60 | blocked  6.0% | idle  0.1% | ent 0.304
  upd 2965 | return   12.400 | deliv  12.40 | blocked  5.3% | idle  0.1% | ent 0.336
  upd 2966 | return   13.200 | deliv  13.20 | blocked  4.3% | idle  0.1% | ent 0.324
  upd 2967 | return   13.700 | deliv  13.70 | blocked  5.3% | idle  0.1% | ent 0.347
  upd 2968 | return   13.400 | deliv  13.40 | blocked  5.1% | idle  0.1% | ent 0.333
  upd 2969 | return   13.400 | deliv  13.40 | blocked  7.9% | idle  0.1% | ent 0.322
  upd 2970 | return   12.900 | deliv  12.90 | blocked  4.3% | idle  0.1% | ent 0.330
  upd 2971 | return   13.200 | deliv  13.20 | blocked  4.3% | idle  0.1% | ent 0.328
  upd 2972 | return   14.000 | deliv  14.00 | blocked  3.5% | idle  0.1% | ent 0.333
  upd 2973 | return   14.300 | deliv  14.30 | blocked  4.1% | idle  0.1% | ent 0.326
  upd 2974 | return   14.200 | deliv  14.20 | blocked  3.0% | idle  0.1% | ent 0.337
  upd 2975 | return   15.400 | deliv  15.40 | blocked  4.0% | idle  0.1% | ent 0.305
  upd 2976 | return   13.600 | deliv  13.60 | blocked  3.8% | idle  0.1% | ent 0.311
  upd 2977 | return   11.800 | deliv  11.80 | blocked  3.9% | idle  0.1% | ent 0.296
  upd 2978 | return   13.000 | deliv  13.00 | blocked  4.1% | idle  0.1% | ent 0.308
  upd 2979 | return   14.500 | deliv  14.50 | blocked  4.6% | idle  0.1% | ent 0.295
  upd 2980 | return   14.900 | deliv  14.90 | blocked  5.5% | idle  0.1% | ent 0.317
  upd 2981 | return   12.800 | deliv  12.80 | blocked  4.1% | idle  0.1% | ent 0.316
  upd 2982 | return   15.600 | deliv  15.60 | blocked  5.2% | idle  0.1% | ent 0.332
  upd 2983 | return   12.900 | deliv  12.90 | blocked  3.4% | idle  0.1% | ent 0.311
  upd 2984 | return   13.600 | deliv  13.60 | blocked  4.3% | idle  0.1% | ent 0.313
  upd 2985 | return   16.500 | deliv  16.50 | blocked  6.7% | idle  0.1% | ent 0.337
  upd 2986 | return   13.400 | deliv  13.40 | blocked  7.2% | idle  0.1% | ent 0.334
  upd 2987 | return   13.900 | deliv  13.90 | blocked  4.6% | idle  0.1% | ent 0.302
  upd 2988 | return   14.100 | deliv  14.10 | blocked  3.7% | idle  0.1% | ent 0.308
  upd 2989 | return   14.500 | deliv  14.50 | blocked  4.9% | idle  0.1% | ent 0.316
  upd 2990 | return   13.600 | deliv  13.60 | blocked  4.2% | idle  0.1% | ent 0.321
  upd 2991 | return   14.500 | deliv  14.50 | blocked  3.4% | idle  0.1% | ent 0.306
  upd 2992 | return   13.000 | deliv  13.00 | blocked  5.0% | idle  0.1% | ent 0.353
  upd 2993 | return   13.100 | deliv  13.10 | blocked  3.8% | idle  0.1% | ent 0.334
  upd 2994 | return   13.800 | deliv  13.80 | blocked  4.6% | idle  0.1% | ent 0.323
  upd 2995 | return   12.600 | deliv  12.60 | blocked  5.9% | idle  0.1% | ent 0.341
  upd 2996 | return   12.500 | deliv  12.50 | blocked  4.7% | idle  0.1% | ent 0.331
  upd 2997 | return   14.100 | deliv  14.10 | blocked  4.5% | idle  0.1% | ent 0.317
  upd 2998 | return   15.400 | deliv  15.40 | blocked  4.8% | idle  0.1% | ent 0.334
  upd 2999 | return   13.600 | deliv  13.60 | blocked  4.7% | idle  0.1% | ent 0.305
  [replay @ update 3000] return 13.00  deliveries 13  -> runs/ia2c_tiny-4ag_seed2/replays/replay_upd003000_s0.npz
  upd 3000 | return   15.900 | deliv  15.90 | blocked  6.5% | idle  0.0% | ent 0.297
  upd 3001 | return   13.200 | deliv  13.20 | blocked  4.5% | idle  0.1% | ent 0.313
  upd 3002 | return   16.200 | deliv  16.20 | blocked  6.2% | idle  0.1% | ent 0.301
  upd 3003 | return   15.800 | deliv  15.80 | blocked  4.4% | idle  0.1% | ent 0.288
  upd 3004 | return   14.100 | deliv  14.10 | blocked  3.5% | idle  0.0% | ent 0.279
  upd 3005 | return   16.200 | deliv  16.20 | blocked  5.1% | idle  0.0% | ent 0.308
  upd 3006 | return   13.500 | deliv  13.50 | blocked  4.6% | idle  0.0% | ent 0.301
  upd 3007 | return   14.700 | deliv  14.70 | blocked  3.2% | idle  0.1% | ent 0.317
  upd 3008 | return   13.300 | deliv  13.30 | blocked  3.9% | idle  0.1% | ent 0.325
  upd 3009 | return   14.400 | deliv  14.40 | blocked  3.4% | idle  0.1% | ent 0.329
  upd 3010 | return   15.700 | deliv  15.70 | blocked  4.5% | idle  0.1% | ent 0.319
  upd 3011 | return   14.000 | deliv  14.00 | blocked  4.3% | idle  0.2% | ent 0.341
  upd 3012 | return   11.300 | deliv  11.30 | blocked  6.2% | idle  0.1% | ent 0.333
  upd 3013 | return   14.700 | deliv  14.70 | blocked  9.0% | idle  0.1% | ent 0.356
  upd 3014 | return   13.000 | deliv  13.00 | blocked  7.4% | idle  0.1% | ent 0.340
  upd 3015 | return   14.600 | deliv  14.60 | blocked  6.1% | idle  0.1% | ent 0.321
  upd 3016 | return   13.900 | deliv  13.90 | blocked  6.8% | idle  0.1% | ent 0.322
  upd 3017 | return   16.300 | deliv  16.30 | blocked  5.2% | idle  0.1% | ent 0.303
  upd 3018 | return   15.200 | deliv  15.20 | blocked  5.0% | idle  0.1% | ent 0.318
  upd 3019 | return   14.000 | deliv  14.00 | blocked  4.4% | idle  0.1% | ent 0.306
  upd 3020 | return   16.400 | deliv  16.40 | blocked  4.7% | idle  0.1% | ent 0.307
  upd 3021 | return   14.700 | deliv  14.70 | blocked  6.7% | idle  0.1% | ent 0.318
  upd 3022 | return   14.000 | deliv  14.00 | blocked  4.6% | idle  0.1% | ent 0.288
  upd 3023 | return   13.500 | deliv  13.50 | blocked  7.4% | idle  0.1% | ent 0.311
  upd 3024 | return   16.100 | deliv  16.10 | blocked  5.9% | idle  0.1% | ent 0.306
  upd 3025 | return   13.600 | deliv  13.60 | blocked  6.5% | idle  0.1% | ent 0.306
  upd 3026 | return   13.400 | deliv  13.40 | blocked  5.9% | idle  0.1% | ent 0.308
  upd 3027 | return   15.300 | deliv  15.30 | blocked  5.4% | idle  0.1% | ent 0.298
  upd 3028 | return   14.500 | deliv  14.50 | blocked  5.2% | idle  0.1% | ent 0.309
  upd 3029 | return   15.400 | deliv  15.40 | blocked  5.1% | idle  0.1% | ent 0.294
  upd 3030 | return   13.200 | deliv  13.20 | blocked  5.8% | idle  0.1% | ent 0.292
  upd 3031 | return   12.400 | deliv  12.40 | blocked  5.9% | idle  0.1% | ent 0.319
  upd 3032 | return   13.600 | deliv  13.60 | blocked  4.9% | idle  0.1% | ent 0.318
  upd 3033 | return   11.600 | deliv  11.60 | blocked  3.1% | idle  0.1% | ent 0.307
  upd 3034 | return   12.100 | deliv  12.10 | blocked  3.4% | idle  0.1% | ent 0.323
  upd 3035 | return   15.300 | deliv  15.30 | blocked  5.8% | idle  0.1% | ent 0.295
  upd 3036 | return   11.600 | deliv  11.60 | blocked  6.9% | idle  0.1% | ent 0.302
  upd 3037 | return   13.800 | deliv  13.80 | blocked  4.2% | idle  0.1% | ent 0.311
  upd 3038 | return   13.900 | deliv  13.90 | blocked  3.8% | idle  0.1% | ent 0.302
  upd 3039 | return   13.200 | deliv  13.20 | blocked  4.3% | idle  0.1% | ent 0.317
  upd 3040 | return   14.700 | deliv  14.70 | blocked  6.3% | idle  0.1% | ent 0.314
  upd 3041 | return   11.700 | deliv  11.70 | blocked  6.0% | idle  0.1% | ent 0.340
  upd 3042 | return   13.000 | deliv  13.00 | blocked  5.1% | idle  0.1% | ent 0.319
  upd 3043 | return   14.800 | deliv  14.80 | blocked  7.5% | idle  0.1% | ent 0.328
  upd 3044 | return   13.800 | deliv  13.80 | blocked  5.2% | idle  0.1% | ent 0.319
  upd 3045 | return   12.900 | deliv  12.90 | blocked  5.4% | idle  0.1% | ent 0.299
  upd 3046 | return   14.000 | deliv  14.00 | blocked  5.5% | idle  0.1% | ent 0.325
  upd 3047 | return   16.700 | deliv  16.70 | blocked  6.7% | idle  0.2% | ent 0.320
  upd 3048 | return   16.300 | deliv  16.30 | blocked  6.1% | idle  0.1% | ent 0.323
  upd 3049 | return   13.800 | deliv  13.80 | blocked  4.9% | idle  0.1% | ent 0.320
  upd 3050 | return   15.400 | deliv  15.40 | blocked  6.0% | idle  0.1% | ent 0.342
  upd 3051 | return   15.400 | deliv  15.40 | blocked  9.1% | idle  0.0% | ent 0.345
  upd 3052 | return   11.300 | deliv  11.30 | blocked  7.3% | idle  0.1% | ent 0.351
  upd 3053 | return   16.200 | deliv  16.20 | blocked  6.9% | idle  0.1% | ent 0.332
  upd 3054 | return   12.600 | deliv  12.60 | blocked  6.6% | idle  0.1% | ent 0.334
  upd 3055 | return   14.400 | deliv  14.40 | blocked  8.5% | idle  0.1% | ent 0.347
  upd 3056 | return   11.600 | deliv  11.60 | blocked 12.8% | idle  0.1% | ent 0.352
  upd 3057 | return   15.500 | deliv  15.50 | blocked  7.9% | idle  0.0% | ent 0.309
  upd 3058 | return   14.000 | deliv  14.00 | blocked 10.1% | idle  0.1% | ent 0.319
  upd 3059 | return   14.800 | deliv  14.80 | blocked  7.2% | idle  0.1% | ent 0.305
  upd 3060 | return   14.700 | deliv  14.70 | blocked  9.5% | idle  0.1% | ent 0.301
  upd 3061 | return   13.300 | deliv  13.30 | blocked  8.0% | idle  0.1% | ent 0.303
  upd 3062 | return   14.700 | deliv  14.70 | blocked  7.1% | idle  0.1% | ent 0.305
  upd 3063 | return   12.100 | deliv  12.10 | blocked  8.8% | idle  0.1% | ent 0.293
  upd 3064 | return   14.600 | deliv  14.60 | blocked  8.5% | idle  0.1% | ent 0.284
  upd 3065 | return   12.700 | deliv  12.70 | blocked  7.6% | idle  0.1% | ent 0.310
  upd 3066 | return   14.700 | deliv  14.70 | blocked  7.1% | idle  0.1% | ent 0.310
  upd 3067 | return   15.700 | deliv  15.70 | blocked  8.7% | idle  0.1% | ent 0.315
  upd 3068 | return   14.400 | deliv  14.40 | blocked  9.8% | idle  0.0% | ent 0.312
  upd 3069 | return   12.500 | deliv  12.50 | blocked  9.7% | idle  0.0% | ent 0.309
  upd 3070 | return   14.900 | deliv  14.90 | blocked  7.0% | idle  0.1% | ent 0.288
  upd 3071 | return   14.900 | deliv  14.90 | blocked  9.0% | idle  0.1% | ent 0.285
  upd 3072 | return   15.000 | deliv  15.00 | blocked  8.0% | idle  0.1% | ent 0.264
  upd 3073 | return   13.600 | deliv  13.60 | blocked  6.4% | idle  0.1% | ent 0.291
  upd 3074 | return   14.300 | deliv  14.30 | blocked  8.3% | idle  0.1% | ent 0.310
  upd 3075 | return   16.600 | deliv  16.60 | blocked  7.5% | idle  0.1% | ent 0.298
  upd 3076 | return   15.100 | deliv  15.10 | blocked  6.6% | idle  0.1% | ent 0.302
  upd 3077 | return   13.200 | deliv  13.20 | blocked  7.3% | idle  0.1% | ent 0.321
  upd 3078 | return   14.100 | deliv  14.10 | blocked  7.2% | idle  0.1% | ent 0.331
  upd 3079 | return   15.500 | deliv  15.50 | blocked  6.9% | idle  0.0% | ent 0.338
  upd 3080 | return   15.600 | deliv  15.60 | blocked  7.3% | idle  0.1% | ent 0.330
  upd 3081 | return   16.000 | deliv  16.00 | blocked  9.4% | idle  0.0% | ent 0.343
  upd 3082 | return   14.900 | deliv  14.90 | blocked  6.6% | idle  0.1% | ent 0.335
  upd 3083 | return   15.300 | deliv  15.30 | blocked  6.9% | idle  0.1% | ent 0.324
  upd 3084 | return   14.400 | deliv  14.40 | blocked  9.9% | idle  0.1% | ent 0.334
  upd 3085 | return   16.300 | deliv  16.30 | blocked  7.4% | idle  0.1% | ent 0.326
  upd 3086 | return   12.800 | deliv  12.80 | blocked  7.4% | idle  0.1% | ent 0.322
  upd 3087 | return   12.100 | deliv  12.10 | blocked  7.4% | idle  0.1% | ent 0.316
  upd 3088 | return   13.200 | deliv  13.20 | blocked  6.6% | idle  0.1% | ent 0.285
  upd 3089 | return   13.800 | deliv  13.80 | blocked  6.9% | idle  0.1% | ent 0.313
  upd 3090 | return   15.700 | deliv  15.70 | blocked 10.5% | idle  0.1% | ent 0.320
  upd 3091 | return   13.000 | deliv  13.00 | blocked  7.0% | idle  0.1% | ent 0.328
  upd 3092 | return   15.100 | deliv  15.10 | blocked 10.6% | idle  0.1% | ent 0.346
  upd 3093 | return   12.800 | deliv  12.80 | blocked  7.6% | idle  0.1% | ent 0.307
  upd 3094 | return   15.700 | deliv  15.70 | blocked  9.3% | idle  0.1% | ent 0.324
  upd 3095 | return   15.900 | deliv  15.90 | blocked 10.3% | idle  0.0% | ent 0.314
  upd 3096 | return   15.500 | deliv  15.50 | blocked 13.1% | idle  0.1% | ent 0.334
  upd 3097 | return   14.100 | deliv  14.10 | blocked 11.3% | idle  0.1% | ent 0.329
  upd 3098 | return   16.100 | deliv  16.10 | blocked 12.2% | idle  0.1% | ent 0.304
  upd 3099 | return   14.900 | deliv  14.90 | blocked 13.5% | idle  0.1% | ent 0.307
  [replay @ update 3100] return 15.00  deliveries 15  -> runs/ia2c_tiny-4ag_seed2/replays/replay_upd003100_s0.npz
  upd 3100 | return   14.800 | deliv  14.80 | blocked 16.3% | idle  0.1% | ent 0.311
  upd 3101 | return   14.800 | deliv  14.80 | blocked 12.3% | idle  0.1% | ent 0.320
  upd 3102 | return   13.700 | deliv  13.70 | blocked 11.5% | idle  0.0% | ent 0.337
  upd 3103 | return   11.300 | deliv  11.30 | blocked 11.6% | idle  0.1% | ent 0.322
  upd 3104 | return   14.900 | deliv  14.90 | blocked  9.6% | idle  0.1% | ent 0.313
  upd 3105 | return   15.100 | deliv  15.10 | blocked 13.0% | idle  0.0% | ent 0.299
  upd 3106 | return   15.400 | deliv  15.40 | blocked 12.3% | idle  0.1% | ent 0.307
  upd 3107 | return   14.700 | deliv  14.70 | blocked 10.4% | idle  0.1% | ent 0.301
  upd 3108 | return   16.800 | deliv  16.80 | blocked  9.9% | idle  0.1% | ent 0.305
  upd 3109 | return   15.200 | deliv  15.20 | blocked  9.3% | idle  0.1% | ent 0.317
  upd 3110 | return   12.100 | deliv  12.10 | blocked  7.8% | idle  0.1% | ent 0.307
  upd 3111 | return   13.900 | deliv  13.90 | blocked  7.0% | idle  0.1% | ent 0.338
  upd 3112 | return   14.800 | deliv  14.80 | blocked  9.0% | idle  0.0% | ent 0.331
  upd 3113 | return   15.600 | deliv  15.60 | blocked  7.2% | idle  0.1% | ent 0.306
  upd 3114 | return   14.400 | deliv  14.40 | blocked  7.6% | idle  0.1% | ent 0.329
  upd 3115 | return   14.300 | deliv  14.30 | blocked  6.7% | idle  0.1% | ent 0.332
  upd 3116 | return   14.500 | deliv  14.50 | blocked  6.1% | idle  0.1% | ent 0.320
  upd 3117 | return   12.700 | deliv  12.70 | blocked  8.2% | idle  0.1% | ent 0.338
  upd 3118 | return   13.700 | deliv  13.70 | blocked  5.2% | idle  0.0% | ent 0.295
  upd 3119 | return   14.400 | deliv  14.40 | blocked  5.3% | idle  0.0% | ent 0.293
  upd 3120 | return   14.300 | deliv  14.30 | blocked 10.0% | idle  0.1% | ent 0.328
  upd 3121 | return   13.500 | deliv  13.50 | blocked  6.7% | idle  0.1% | ent 0.321
  upd 3122 | return   13.500 | deliv  13.50 | blocked  9.3% | idle  0.1% | ent 0.315
  upd 3123 | return   12.900 | deliv  12.90 | blocked 10.2% | idle  0.0% | ent 0.282
  upd 3124 | return   13.200 | deliv  13.20 | blocked  7.6% | idle  0.1% | ent 0.317
  upd 3125 | return   15.900 | deliv  15.90 | blocked  7.1% | idle  0.0% | ent 0.296
  upd 3126 | return   15.800 | deliv  15.80 | blocked  8.9% | idle  0.1% | ent 0.302
  upd 3127 | return   14.500 | deliv  14.50 | blocked 10.1% | idle  0.1% | ent 0.325
  upd 3128 | return   15.800 | deliv  15.80 | blocked  5.7% | idle  0.1% | ent 0.314
  upd 3129 | return   16.600 | deliv  16.60 | blocked  6.7% | idle  0.1% | ent 0.321
  upd 3130 | return   14.600 | deliv  14.60 | blocked  4.9% | idle  0.1% | ent 0.324
  upd 3131 | return   15.400 | deliv  15.40 | blocked  6.2% | idle  0.1% | ent 0.321
  upd 3132 | return   14.400 | deliv  14.40 | blocked  7.5% | idle  0.0% | ent 0.315
  upd 3133 | return   15.000 | deliv  15.00 | blocked  6.4% | idle  0.0% | ent 0.324
  upd 3134 | return   13.200 | deliv  13.20 | blocked  6.4% | idle  0.1% | ent 0.316
  upd 3135 | return   17.200 | deliv  17.20 | blocked  8.7% | idle  0.0% | ent 0.306
  upd 3136 | return   15.100 | deliv  15.10 | blocked  9.6% | idle  0.0% | ent 0.317
  upd 3137 | return   15.500 | deliv  15.50 | blocked  9.5% | idle  0.0% | ent 0.313
  upd 3138 | return   14.600 | deliv  14.60 | blocked  7.3% | idle  0.0% | ent 0.315
  upd 3139 | return   14.500 | deliv  14.50 | blocked  7.3% | idle  0.1% | ent 0.309
  upd 3140 | return   14.100 | deliv  14.10 | blocked  6.2% | idle  0.0% | ent 0.326
  upd 3141 | return   13.200 | deliv  13.20 | blocked  6.8% | idle  0.0% | ent 0.316
  upd 3142 | return   14.600 | deliv  14.60 | blocked  6.5% | idle  0.0% | ent 0.332
  upd 3143 | return   16.300 | deliv  16.30 | blocked  7.8% | idle  0.1% | ent 0.330
  upd 3144 | return   14.400 | deliv  14.40 | blocked  5.2% | idle  0.1% | ent 0.358
  upd 3145 | return   14.500 | deliv  14.50 | blocked  4.4% | idle  0.1% | ent 0.367
  upd 3146 | return   14.400 | deliv  14.40 | blocked  5.0% | idle  0.1% | ent 0.343
  upd 3147 | return   17.700 | deliv  17.70 | blocked  6.3% | idle  0.1% | ent 0.343
  upd 3148 | return   15.300 | deliv  15.30 | blocked  7.6% | idle  0.1% | ent 0.331
  upd 3149 | return   15.200 | deliv  15.20 | blocked  5.5% | idle  0.1% | ent 0.316
  upd 3150 | return   15.100 | deliv  15.10 | blocked  5.9% | idle  0.0% | ent 0.304
  upd 3151 | return   16.500 | deliv  16.50 | blocked  5.9% | idle  0.1% | ent 0.286
  upd 3152 | return   16.300 | deliv  16.30 | blocked  9.7% | idle  0.0% | ent 0.263
  upd 3153 | return   15.300 | deliv  15.30 | blocked  6.3% | idle  0.0% | ent 0.275
  upd 3154 | return   12.000 | deliv  12.00 | blocked  7.1% | idle  0.1% | ent 0.293
  upd 3155 | return   14.700 | deliv  14.70 | blocked  6.9% | idle  0.1% | ent 0.292
  upd 3156 | return   14.400 | deliv  14.40 | blocked  5.4% | idle  0.1% | ent 0.300
  upd 3157 | return   10.500 | deliv  10.50 | blocked  8.7% | idle  0.0% | ent 0.338
  upd 3158 | return   13.700 | deliv  13.70 | blocked  7.1% | idle  0.1% | ent 0.318
  upd 3159 | return   11.700 | deliv  11.70 | blocked  7.7% | idle  0.0% | ent 0.351
  upd 3160 | return   11.500 | deliv  11.50 | blocked  8.7% | idle  0.1% | ent 0.378
  upd 3161 | return   13.100 | deliv  13.10 | blocked  6.7% | idle  0.1% | ent 0.384
  upd 3162 | return   15.100 | deliv  15.10 | blocked  5.8% | idle  0.1% | ent 0.351
  upd 3163 | return   14.200 | deliv  14.20 | blocked  6.8% | idle  0.1% | ent 0.349
  upd 3164 | return   12.600 | deliv  12.60 | blocked  7.2% | idle  0.1% | ent 0.376
  upd 3165 | return   13.600 | deliv  13.60 | blocked  5.5% | idle  0.1% | ent 0.365
  upd 3166 | return   12.100 | deliv  12.10 | blocked  5.8% | idle  0.1% | ent 0.357
  upd 3167 | return   15.100 | deliv  15.10 | blocked  5.3% | idle  0.1% | ent 0.317
  upd 3168 | return   14.800 | deliv  14.80 | blocked  6.0% | idle  0.1% | ent 0.319
  upd 3169 | return   14.700 | deliv  14.70 | blocked  7.1% | idle  0.0% | ent 0.311
  upd 3170 | return   15.100 | deliv  15.10 | blocked  6.8% | idle  0.1% | ent 0.288
  upd 3171 | return   16.800 | deliv  16.80 | blocked  6.3% | idle  0.1% | ent 0.308
  upd 3172 | return   14.600 | deliv  14.60 | blocked  5.3% | idle  0.0% | ent 0.314
  upd 3173 | return   13.600 | deliv  13.60 | blocked  5.0% | idle  0.1% | ent 0.319
  upd 3174 | return   14.400 | deliv  14.40 | blocked  7.0% | idle  0.1% | ent 0.305
  upd 3175 | return   11.800 | deliv  11.80 | blocked  5.9% | idle  0.0% | ent 0.329
  upd 3176 | return   14.100 | deliv  14.10 | blocked  7.1% | idle  0.1% | ent 0.309
  upd 3177 | return   11.300 | deliv  11.30 | blocked  4.8% | idle  0.1% | ent 0.312
  upd 3178 | return   13.600 | deliv  13.60 | blocked  5.1% | idle  0.1% | ent 0.322
  upd 3179 | return   11.600 | deliv  11.60 | blocked  5.0% | idle  0.1% | ent 0.326
  upd 3180 | return   16.600 | deliv  16.60 | blocked  5.5% | idle  0.1% | ent 0.319
  upd 3181 | return   12.000 | deliv  12.00 | blocked  5.9% | idle  0.1% | ent 0.326
  upd 3182 | return   15.800 | deliv  15.80 | blocked  7.9% | idle  0.0% | ent 0.319
  upd 3183 | return   14.900 | deliv  14.90 | blocked  7.7% | idle  0.1% | ent 0.312
  upd 3184 | return   15.500 | deliv  15.50 | blocked  9.3% | idle  0.1% | ent 0.313
  upd 3185 | return   16.300 | deliv  16.30 | blocked  7.2% | idle  0.1% | ent 0.297
  upd 3186 | return   14.500 | deliv  14.50 | blocked  9.0% | idle  0.0% | ent 0.307
  upd 3187 | return   11.800 | deliv  11.80 | blocked  6.1% | idle  0.1% | ent 0.336
  upd 3188 | return   13.700 | deliv  13.70 | blocked  6.7% | idle  0.0% | ent 0.314
  upd 3189 | return   13.700 | deliv  13.70 | blocked  5.7% | idle  0.1% | ent 0.323
  upd 3190 | return   15.200 | deliv  15.20 | blocked  4.6% | idle  0.1% | ent 0.338
  upd 3191 | return   15.800 | deliv  15.80 | blocked  4.8% | idle  0.0% | ent 0.336
  upd 3192 | return   14.300 | deliv  14.30 | blocked  6.0% | idle  0.1% | ent 0.342
  upd 3193 | return   15.100 | deliv  15.10 | blocked  5.0% | idle  0.1% | ent 0.331
  upd 3194 | return   16.600 | deliv  16.60 | blocked  5.3% | idle  0.1% | ent 0.324
  upd 3195 | return   14.600 | deliv  14.60 | blocked  6.2% | idle  0.0% | ent 0.333
  upd 3196 | return   12.100 | deliv  12.10 | blocked  4.0% | idle  0.1% | ent 0.351
  upd 3197 | return   12.600 | deliv  12.60 | blocked  5.1% | idle  0.1% | ent 0.340
  upd 3198 | return   12.700 | deliv  12.70 | blocked  7.1% | idle  0.0% | ent 0.344
  upd 3199 | return   15.100 | deliv  15.10 | blocked  7.7% | idle  0.0% | ent 0.337
  [replay @ update 3200] return 13.00  deliveries 13  -> runs/ia2c_tiny-4ag_seed2/replays/replay_upd003200_s0.npz
  upd 3200 | return   12.600 | deliv  12.60 | blocked  5.3% | idle  0.1% | ent 0.364
  upd 3201 | return   13.000 | deliv  13.00 | blocked  7.0% | idle  0.0% | ent 0.344
  upd 3202 | return   11.700 | deliv  11.70 | blocked  9.0% | idle  0.1% | ent 0.346
  upd 3203 | return   13.100 | deliv  13.10 | blocked  5.6% | idle  0.1% | ent 0.344
  upd 3204 | return   17.900 | deliv  17.90 | blocked  6.6% | idle  0.0% | ent 0.316
  upd 3205 | return   14.000 | deliv  14.00 | blocked  4.4% | idle  0.1% | ent 0.333
  upd 3206 | return   16.200 | deliv  16.20 | blocked  4.9% | idle  0.1% | ent 0.309
  upd 3207 | return   15.900 | deliv  15.90 | blocked  4.1% | idle  0.1% | ent 0.331
  upd 3208 | return   11.300 | deliv  11.30 | blocked  8.7% | idle  0.1% | ent 0.338
  upd 3209 | return   13.300 | deliv  13.30 | blocked  5.1% | idle  0.1% | ent 0.329
  upd 3210 | return   18.400 | deliv  18.40 | blocked  5.1% | idle  0.1% | ent 0.309
  upd 3211 | return   14.900 | deliv  14.90 | blocked  4.5% | idle  0.1% | ent 0.322
  upd 3212 | return   14.700 | deliv  14.70 | blocked  4.1% | idle  0.1% | ent 0.327
  upd 3213 | return   16.700 | deliv  16.70 | blocked  6.4% | idle  0.1% | ent 0.319
  upd 3214 | return   14.300 | deliv  14.30 | blocked  4.1% | idle  0.0% | ent 0.324
  upd 3215 | return   12.900 | deliv  12.90 | blocked  3.6% | idle  0.1% | ent 0.343
  upd 3216 | return   14.900 | deliv  14.90 | blocked  4.2% | idle  0.1% | ent 0.332
  upd 3217 | return   16.200 | deliv  16.20 | blocked  4.5% | idle  0.0% | ent 0.317
  upd 3218 | return   13.300 | deliv  13.30 | blocked  4.1% | idle  0.0% | ent 0.325
  upd 3219 | return   18.500 | deliv  18.50 | blocked  5.5% | idle  0.1% | ent 0.317
  upd 3220 | return   14.100 | deliv  14.10 | blocked  5.0% | idle  0.1% | ent 0.335
  upd 3221 | return   15.200 | deliv  15.20 | blocked  5.0% | idle  0.1% | ent 0.320
  upd 3222 | return   12.700 | deliv  12.70 | blocked  5.0% | idle  0.0% | ent 0.328
  upd 3223 | return   13.100 | deliv  13.10 | blocked  5.7% | idle  0.1% | ent 0.317
  upd 3224 | return   17.000 | deliv  17.00 | blocked  5.7% | idle  0.0% | ent 0.298
  upd 3225 | return   14.100 | deliv  14.10 | blocked  5.7% | idle  0.0% | ent 0.297
  upd 3226 | return   14.700 | deliv  14.70 | blocked  6.0% | idle  0.0% | ent 0.297
  upd 3227 | return   15.400 | deliv  15.40 | blocked  5.0% | idle  0.1% | ent 0.297
  upd 3228 | return   17.400 | deliv  17.40 | blocked  4.6% | idle  0.0% | ent 0.273
  upd 3229 | return   16.200 | deliv  16.20 | blocked  5.4% | idle  0.0% | ent 0.270
  upd 3230 | return   13.500 | deliv  13.50 | blocked  5.7% | idle  0.1% | ent 0.294
  upd 3231 | return   14.800 | deliv  14.80 | blocked  5.4% | idle  0.0% | ent 0.281
  upd 3232 | return   16.500 | deliv  16.50 | blocked  5.6% | idle  0.0% | ent 0.286
  upd 3233 | return   18.100 | deliv  18.10 | blocked  5.4% | idle  0.1% | ent 0.284
  upd 3234 | return   16.600 | deliv  16.60 | blocked 10.4% | idle  0.0% | ent 0.279
  upd 3235 | return   14.900 | deliv  14.90 | blocked  5.6% | idle  0.1% | ent 0.300
  upd 3236 | return   13.900 | deliv  13.90 | blocked  5.7% | idle  0.0% | ent 0.305
  upd 3237 | return   14.000 | deliv  14.00 | blocked  5.1% | idle  0.0% | ent 0.306
  upd 3238 | return   15.800 | deliv  15.80 | blocked  5.2% | idle  0.0% | ent 0.316
  upd 3239 | return   17.900 | deliv  17.90 | blocked  4.6% | idle  0.1% | ent 0.315
  upd 3240 | return   17.800 | deliv  17.80 | blocked  4.4% | idle  0.0% | ent 0.308
  upd 3241 | return   15.200 | deliv  15.20 | blocked  4.3% | idle  0.1% | ent 0.314
  upd 3242 | return   14.200 | deliv  14.20 | blocked  4.3% | idle  0.1% | ent 0.321
  upd 3243 | return   16.500 | deliv  16.50 | blocked  5.4% | idle  0.1% | ent 0.316
  upd 3244 | return   15.200 | deliv  15.20 | blocked  5.0% | idle  0.1% | ent 0.325
  upd 3245 | return   13.400 | deliv  13.40 | blocked  4.2% | idle  0.1% | ent 0.319
  upd 3246 | return   16.600 | deliv  16.60 | blocked  5.7% | idle  0.0% | ent 0.300
  upd 3247 | return   14.900 | deliv  14.90 | blocked  8.7% | idle  0.0% | ent 0.300
  upd 3248 | return   15.000 | deliv  15.00 | blocked  4.5% | idle  0.1% | ent 0.317
  upd 3249 | return   14.000 | deliv  14.00 | blocked  4.1% | idle  0.0% | ent 0.298
  upd 3250 | return   14.800 | deliv  14.80 | blocked  4.6% | idle  0.0% | ent 0.307
  upd 3251 | return   11.800 | deliv  11.80 | blocked  4.4% | idle  0.1% | ent 0.296
  upd 3252 | return   15.400 | deliv  15.40 | blocked  4.0% | idle  0.0% | ent 0.311
  upd 3253 | return   15.100 | deliv  15.10 | blocked  4.1% | idle  0.0% | ent 0.293
  upd 3254 | return   15.700 | deliv  15.70 | blocked  4.3% | idle  0.1% | ent 0.313
  upd 3255 | return   12.500 | deliv  12.50 | blocked  4.0% | idle  0.0% | ent 0.308
  upd 3256 | return   17.000 | deliv  17.00 | blocked  4.3% | idle  0.0% | ent 0.305
  upd 3257 | return   14.400 | deliv  14.40 | blocked  7.1% | idle  0.1% | ent 0.318
  upd 3258 | return   14.200 | deliv  14.20 | blocked  4.4% | idle  0.1% | ent 0.312
  upd 3259 | return   14.700 | deliv  14.70 | blocked  4.4% | idle  0.1% | ent 0.310
  upd 3260 | return   13.900 | deliv  13.90 | blocked  7.5% | idle  0.0% | ent 0.318
  upd 3261 | return   15.800 | deliv  15.80 | blocked  5.2% | idle  0.1% | ent 0.305
  upd 3262 | return   16.300 | deliv  16.30 | blocked  5.5% | idle  0.1% | ent 0.298
  upd 3263 | return   13.700 | deliv  13.70 | blocked  4.7% | idle  0.0% | ent 0.312
  upd 3264 | return   17.500 | deliv  17.50 | blocked  5.2% | idle  0.0% | ent 0.283
  upd 3265 | return   13.400 | deliv  13.40 | blocked  5.7% | idle  0.0% | ent 0.291
  upd 3266 | return   16.600 | deliv  16.60 | blocked  5.3% | idle  0.0% | ent 0.275
  upd 3267 | return   17.800 | deliv  17.80 | blocked  5.3% | idle  0.0% | ent 0.261
  upd 3268 | return   17.200 | deliv  17.20 | blocked  5.1% | idle  0.0% | ent 0.275
  upd 3269 | return   17.500 | deliv  17.50 | blocked  5.1% | idle  0.0% | ent 0.263
  upd 3270 | return   17.100 | deliv  17.10 | blocked  5.1% | idle  0.0% | ent 0.262
  upd 3271 | return   18.000 | deliv  18.00 | blocked  4.5% | idle  0.0% | ent 0.267
  upd 3272 | return   13.500 | deliv  13.50 | blocked  4.8% | idle  0.0% | ent 0.283
  upd 3273 | return   14.800 | deliv  14.80 | blocked  5.6% | idle  0.0% | ent 0.279
  upd 3274 | return   14.900 | deliv  14.90 | blocked  4.0% | idle  0.0% | ent 0.289
  upd 3275 | return   14.700 | deliv  14.70 | blocked  3.4% | idle  0.0% | ent 0.289
  upd 3276 | return   14.200 | deliv  14.20 | blocked  4.0% | idle  0.1% | ent 0.295
  upd 3277 | return   15.200 | deliv  15.20 | blocked  3.2% | idle  0.0% | ent 0.292
  upd 3278 | return   16.300 | deliv  16.30 | blocked  4.4% | idle  0.1% | ent 0.289
  upd 3279 | return   15.800 | deliv  15.80 | blocked  4.7% | idle  0.0% | ent 0.285
  upd 3280 | return   16.100 | deliv  16.10 | blocked  5.2% | idle  0.0% | ent 0.280
  upd 3281 | return   15.100 | deliv  15.10 | blocked  5.1% | idle  0.0% | ent 0.276
  upd 3282 | return   14.700 | deliv  14.70 | blocked  4.6% | idle  0.0% | ent 0.292
  upd 3283 | return   16.000 | deliv  16.00 | blocked  5.5% | idle  0.0% | ent 0.271
  upd 3284 | return   14.300 | deliv  14.30 | blocked  4.4% | idle  0.1% | ent 0.283
  upd 3285 | return   15.600 | deliv  15.60 | blocked  5.3% | idle  0.1% | ent 0.287
  upd 3286 | return   13.600 | deliv  13.60 | blocked  5.4% | idle  0.0% | ent 0.286
  upd 3287 | return   16.400 | deliv  16.40 | blocked  5.4% | idle  0.1% | ent 0.281
  upd 3288 | return   16.400 | deliv  16.40 | blocked  4.2% | idle  0.1% | ent 0.299
  upd 3289 | return   13.900 | deliv  13.90 | blocked  5.2% | idle  0.0% | ent 0.300
  upd 3290 | return   14.000 | deliv  14.00 | blocked  4.9% | idle  0.0% | ent 0.299
  upd 3291 | return   16.000 | deliv  16.00 | blocked  5.2% | idle  0.0% | ent 0.291
  upd 3292 | return   15.200 | deliv  15.20 | blocked  4.6% | idle  0.0% | ent 0.292
  upd 3293 | return   17.100 | deliv  17.10 | blocked  5.8% | idle  0.0% | ent 0.292
  upd 3294 | return   18.600 | deliv  18.60 | blocked  4.8% | idle  0.1% | ent 0.281
  upd 3295 | return   17.800 | deliv  17.80 | blocked  6.1% | idle  0.0% | ent 0.289
  upd 3296 | return   18.800 | deliv  18.80 | blocked  6.2% | idle  0.0% | ent 0.279
  upd 3297 | return   14.500 | deliv  14.50 | blocked  5.1% | idle  0.0% | ent 0.287
  upd 3298 | return   15.900 | deliv  15.90 | blocked  5.3% | idle  0.0% | ent 0.293
  upd 3299 | return   16.400 | deliv  16.40 | blocked  5.3% | idle  0.0% | ent 0.286
  [replay @ update 3300] return 11.00  deliveries 11  -> runs/ia2c_tiny-4ag_seed2/replays/replay_upd003300_s0.npz
  upd 3300 | return   12.100 | deliv  12.10 | blocked  6.6% | idle  0.0% | ent 0.306
  upd 3301 | return   14.400 | deliv  14.40 | blocked  3.9% | idle  0.1% | ent 0.307
  upd 3302 | return   16.700 | deliv  16.70 | blocked  4.0% | idle  0.0% | ent 0.288
  upd 3303 | return   16.900 | deliv  16.90 | blocked  8.5% | idle  0.0% | ent 0.289
  upd 3304 | return   16.600 | deliv  16.60 | blocked  4.0% | idle  0.0% | ent 0.279
  upd 3305 | return   17.300 | deliv  17.30 | blocked  4.0% | idle  0.1% | ent 0.299
  upd 3306 | return   16.400 | deliv  16.40 | blocked  6.2% | idle  0.0% | ent 0.291
  upd 3307 | return   18.200 | deliv  18.20 | blocked  4.1% | idle  0.1% | ent 0.288
  upd 3308 | return   17.300 | deliv  17.30 | blocked  4.2% | idle  0.0% | ent 0.291
  upd 3309 | return   14.900 | deliv  14.90 | blocked  6.9% | idle  0.0% | ent 0.291
  upd 3310 | return   17.700 | deliv  17.70 | blocked  4.8% | idle  0.0% | ent 0.292
  upd 3311 | return   16.300 | deliv  16.30 | blocked  5.1% | idle  0.0% | ent 0.297
  upd 3312 | return   16.400 | deliv  16.40 | blocked  5.4% | idle  0.0% | ent 0.284
  upd 3313 | return   15.500 | deliv  15.50 | blocked  5.8% | idle  0.0% | ent 0.316
  upd 3314 | return   16.300 | deliv  16.30 | blocked  5.5% | idle  0.0% | ent 0.296
  upd 3315 | return   15.000 | deliv  15.00 | blocked  4.8% | idle  0.1% | ent 0.321
  upd 3316 | return   14.700 | deliv  14.70 | blocked  5.2% | idle  0.1% | ent 0.313
  upd 3317 | return   15.200 | deliv  15.20 | blocked  4.6% | idle  0.0% | ent 0.309
  upd 3318 | return   13.200 | deliv  13.20 | blocked  4.0% | idle  0.0% | ent 0.316
  upd 3319 | return   14.400 | deliv  14.40 | blocked  6.4% | idle  0.0% | ent 0.319
  upd 3320 | return   16.000 | deliv  16.00 | blocked  4.8% | idle  0.0% | ent 0.315
  upd 3321 | return   15.700 | deliv  15.70 | blocked  4.0% | idle  0.0% | ent 0.302
  upd 3322 | return   15.300 | deliv  15.30 | blocked  4.3% | idle  0.0% | ent 0.309
  upd 3323 | return   14.000 | deliv  14.00 | blocked  4.8% | idle  0.0% | ent 0.303
  upd 3324 | return   16.600 | deliv  16.60 | blocked  4.4% | idle  0.0% | ent 0.292
  upd 3325 | return   16.400 | deliv  16.40 | blocked  3.7% | idle  0.0% | ent 0.288
  upd 3326 | return   14.100 | deliv  14.10 | blocked  4.7% | idle  0.0% | ent 0.303
  upd 3327 | return   14.900 | deliv  14.90 | blocked  4.2% | idle  0.0% | ent 0.301
  upd 3328 | return   16.700 | deliv  16.70 | blocked  4.5% | idle  0.0% | ent 0.279
  upd 3329 | return   16.600 | deliv  16.60 | blocked  4.7% | idle  0.0% | ent 0.285
  upd 3330 | return   15.100 | deliv  15.10 | blocked  4.3% | idle  0.1% | ent 0.297
  upd 3331 | return   13.600 | deliv  13.60 | blocked  4.0% | idle  0.0% | ent 0.299
  upd 3332 | return   15.300 | deliv  15.30 | blocked  3.6% | idle  0.0% | ent 0.291
  upd 3333 | return   15.000 | deliv  15.00 | blocked  4.0% | idle  0.1% | ent 0.295
  upd 3334 | return   15.000 | deliv  15.00 | blocked  4.1% | idle  0.1% | ent 0.291
  upd 3335 | return   15.300 | deliv  15.30 | blocked  3.7% | idle  0.0% | ent 0.295
  upd 3336 | return   17.400 | deliv  17.40 | blocked  3.6% | idle  0.0% | ent 0.292
  upd 3337 | return   16.900 | deliv  16.90 | blocked  3.4% | idle  0.1% | ent 0.303
  upd 3338 | return   13.200 | deliv  13.20 | blocked  3.5% | idle  0.0% | ent 0.303
  upd 3339 | return   14.600 | deliv  14.60 | blocked  4.0% | idle  0.1% | ent 0.303
  upd 3340 | return   17.300 | deliv  17.30 | blocked  4.1% | idle  0.1% | ent 0.291
  upd 3341 | return   14.400 | deliv  14.40 | blocked  3.9% | idle  0.1% | ent 0.299
  upd 3342 | return   16.000 | deliv  16.00 | blocked  4.4% | idle  0.0% | ent 0.292
  upd 3343 | return   15.200 | deliv  15.20 | blocked  4.9% | idle  0.0% | ent 0.280
  upd 3344 | return   13.700 | deliv  13.70 | blocked  4.8% | idle  0.0% | ent 0.279
  upd 3345 | return   17.000 | deliv  17.00 | blocked  4.5% | idle  0.0% | ent 0.267
  upd 3346 | return   17.100 | deliv  17.10 | blocked  4.7% | idle  0.0% | ent 0.272
  upd 3347 | return   17.700 | deliv  17.70 | blocked  4.6% | idle  0.0% | ent 0.259
  upd 3348 | return   16.500 | deliv  16.50 | blocked  4.4% | idle  0.1% | ent 0.254
  upd 3349 | return   16.800 | deliv  16.80 | blocked  4.6% | idle  0.0% | ent 0.265
  upd 3350 | return   18.300 | deliv  18.30 | blocked  4.7% | idle  0.0% | ent 0.253
  upd 3351 | return   16.600 | deliv  16.60 | blocked  3.7% | idle  0.1% | ent 0.264
  upd 3352 | return   18.200 | deliv  18.20 | blocked  4.1% | idle  0.0% | ent 0.267
  upd 3353 | return   17.900 | deliv  17.90 | blocked  4.7% | idle  0.0% | ent 0.264
  upd 3354 | return   18.000 | deliv  18.00 | blocked  5.6% | idle  0.0% | ent 0.281
  upd 3355 | return   14.500 | deliv  14.50 | blocked  4.1% | idle  0.0% | ent 0.297
  upd 3356 | return   14.200 | deliv  14.20 | blocked  4.8% | idle  0.0% | ent 0.298
  upd 3357 | return   17.300 | deliv  17.30 | blocked  3.9% | idle  0.0% | ent 0.288
  upd 3358 | return   17.300 | deliv  17.30 | blocked  4.7% | idle  0.0% | ent 0.298
  upd 3359 | return   16.800 | deliv  16.80 | blocked  4.0% | idle  0.0% | ent 0.302
  upd 3360 | return   14.300 | deliv  14.30 | blocked  4.1% | idle  0.0% | ent 0.305
  upd 3361 | return   15.500 | deliv  15.50 | blocked  4.3% | idle  0.0% | ent 0.315
  upd 3362 | return   15.700 | deliv  15.70 | blocked  4.7% | idle  0.0% | ent 0.301
  upd 3363 | return   13.600 | deliv  13.60 | blocked  6.9% | idle  0.0% | ent 0.304
  upd 3364 | return   18.900 | deliv  18.90 | blocked  5.0% | idle  0.0% | ent 0.285
  upd 3365 | return   16.500 | deliv  16.50 | blocked  4.1% | idle  0.0% | ent 0.299
  upd 3366 | return   16.000 | deliv  16.00 | blocked  4.7% | idle  0.0% | ent 0.285
  upd 3367 | return   17.900 | deliv  17.90 | blocked  4.2% | idle  0.0% | ent 0.279
  upd 3368 | return   18.100 | deliv  18.10 | blocked  5.7% | idle  0.0% | ent 0.264
  upd 3369 | return   14.700 | deliv  14.70 | blocked  5.8% | idle  0.0% | ent 0.270
  upd 3370 | return   12.700 | deliv  12.70 | blocked  6.1% | idle  0.1% | ent 0.286
  upd 3371 | return   15.000 | deliv  15.00 | blocked  6.9% | idle  0.0% | ent 0.268
  upd 3372 | return   14.000 | deliv  14.00 | blocked  6.3% | idle  0.0% | ent 0.259
  upd 3373 | return   15.100 | deliv  15.10 | blocked  9.4% | idle  0.0% | ent 0.258
  upd 3374 | return   15.900 | deliv  15.90 | blocked  4.3% | idle  0.0% | ent 0.265
  upd 3375 | return   16.300 | deliv  16.30 | blocked  4.1% | idle  0.1% | ent 0.270
  upd 3376 | return   17.100 | deliv  17.10 | blocked  4.9% | idle  0.1% | ent 0.257
  upd 3377 | return   16.600 | deliv  16.60 | blocked  5.0% | idle  0.0% | ent 0.259
  upd 3378 | return   14.500 | deliv  14.50 | blocked  4.3% | idle  0.0% | ent 0.276
  upd 3379 | return   19.600 | deliv  19.60 | blocked  5.3% | idle  0.0% | ent 0.263
  upd 3380 | return   17.800 | deliv  17.80 | blocked  4.4% | idle  0.0% | ent 0.266
  upd 3381 | return   15.400 | deliv  15.40 | blocked  5.8% | idle  0.0% | ent 0.276
  upd 3382 | return   17.300 | deliv  17.30 | blocked  4.4% | idle  0.0% | ent 0.266
  upd 3383 | return   13.600 | deliv  13.60 | blocked  4.1% | idle  0.0% | ent 0.281
  upd 3384 | return   18.700 | deliv  18.70 | blocked  5.3% | idle  0.0% | ent 0.263
  upd 3385 | return   16.100 | deliv  16.10 | blocked  3.7% | idle  0.0% | ent 0.278
  upd 3386 | return   13.100 | deliv  13.10 | blocked  4.6% | idle  0.0% | ent 0.288
  upd 3387 | return   14.900 | deliv  14.90 | blocked  4.6% | idle  0.0% | ent 0.281
  upd 3388 | return   16.300 | deliv  16.30 | blocked  4.5% | idle  0.0% | ent 0.272
  upd 3389 | return   13.200 | deliv  13.20 | blocked  4.5% | idle  0.0% | ent 0.283
  upd 3390 | return   16.200 | deliv  16.20 | blocked  9.4% | idle  0.0% | ent 0.268
  upd 3391 | return   15.900 | deliv  15.90 | blocked  4.6% | idle  0.1% | ent 0.277
  upd 3392 | return   17.600 | deliv  17.60 | blocked  7.9% | idle  0.0% | ent 0.261
  upd 3393 | return   15.900 | deliv  15.90 | blocked  5.4% | idle  0.0% | ent 0.264
  upd 3394 | return   16.400 | deliv  16.40 | blocked  4.6% | idle  0.0% | ent 0.245
  upd 3395 | return   16.700 | deliv  16.70 | blocked  4.6% | idle  0.0% | ent 0.254
  upd 3396 | return   15.400 | deliv  15.40 | blocked  4.6% | idle  0.1% | ent 0.277
  upd 3397 | return   14.000 | deliv  14.00 | blocked  4.6% | idle  0.1% | ent 0.273
  upd 3398 | return   17.800 | deliv  17.80 | blocked  5.1% | idle  0.1% | ent 0.270
  upd 3399 | return   17.100 | deliv  17.10 | blocked  4.9% | idle  0.1% | ent 0.269
  [replay @ update 3400] return 17.00  deliveries 17  -> runs/ia2c_tiny-4ag_seed2/replays/replay_upd003400_s0.npz
  upd 3400 | return   16.800 | deliv  16.80 | blocked  4.5% | idle  0.0% | ent 0.268
  upd 3401 | return   15.700 | deliv  15.70 | blocked  5.1% | idle  0.0% | ent 0.275
  upd 3402 | return   17.900 | deliv  17.90 | blocked  4.1% | idle  0.0% | ent 0.264
  upd 3403 | return   17.700 | deliv  17.70 | blocked  4.1% | idle  0.0% | ent 0.268
  upd 3404 | return   14.900 | deliv  14.90 | blocked  4.9% | idle  0.0% | ent 0.278
  upd 3405 | return   14.200 | deliv  14.20 | blocked  4.6% | idle  0.0% | ent 0.286
  upd 3406 | return   15.000 | deliv  15.00 | blocked  4.0% | idle  0.1% | ent 0.287
  upd 3407 | return   19.100 | deliv  19.10 | blocked  5.0% | idle  0.0% | ent 0.278
  upd 3408 | return   19.100 | deliv  19.10 | blocked  7.5% | idle  0.0% | ent 0.269
  upd 3409 | return   20.000 | deliv  20.00 | blocked  4.8% | idle  0.0% | ent 0.257
  upd 3410 | return   17.000 | deliv  17.00 | blocked  4.5% | idle  0.0% | ent 0.258
  upd 3411 | return   15.700 | deliv  15.70 | blocked  5.1% | idle  0.0% | ent 0.262
  upd 3412 | return   17.100 | deliv  17.10 | blocked  5.4% | idle  0.0% | ent 0.254
  upd 3413 | return   18.100 | deliv  18.10 | blocked  5.2% | idle  0.0% | ent 0.252
  upd 3414 | return   17.400 | deliv  17.40 | blocked  4.9% | idle  0.0% | ent 0.260
  upd 3415 | return   17.400 | deliv  17.40 | blocked  4.9% | idle  0.0% | ent 0.256
  upd 3416 | return   15.700 | deliv  15.70 | blocked  4.8% | idle  0.0% | ent 0.264
  upd 3417 | return   17.300 | deliv  17.30 | blocked  9.2% | idle  0.0% | ent 0.265
  upd 3418 | return   16.000 | deliv  16.00 | blocked  4.7% | idle  0.0% | ent 0.269
  upd 3419 | return   13.600 | deliv  13.60 | blocked  4.6% | idle  0.0% | ent 0.278
  upd 3420 | return   14.800 | deliv  14.80 | blocked  8.1% | idle  0.1% | ent 0.284
  upd 3421 | return   14.800 | deliv  14.80 | blocked  4.1% | idle  0.1% | ent 0.289
  upd 3422 | return   13.600 | deliv  13.60 | blocked  4.2% | idle  0.0% | ent 0.290
  upd 3423 | return   17.800 | deliv  17.80 | blocked  4.4% | idle  0.0% | ent 0.279
  upd 3424 | return   15.900 | deliv  15.90 | blocked  4.8% | idle  0.1% | ent 0.282
  upd 3425 | return   18.100 | deliv  18.10 | blocked  5.2% | idle  0.0% | ent 0.272
  upd 3426 | return   15.500 | deliv  15.50 | blocked  4.8% | idle  0.1% | ent 0.286
  upd 3427 | return   15.800 | deliv  15.80 | blocked  4.5% | idle  0.0% | ent 0.281
  upd 3428 | return   17.400 | deliv  17.40 | blocked  4.7% | idle  0.0% | ent 0.268
  upd 3429 | return   18.600 | deliv  18.60 | blocked  4.8% | idle  0.0% | ent 0.272
  upd 3430 | return   16.700 | deliv  16.70 | blocked  4.3% | idle  0.0% | ent 0.268
  upd 3431 | return   17.800 | deliv  17.80 | blocked  5.1% | idle  0.0% | ent 0.264
  upd 3432 | return   16.200 | deliv  16.20 | blocked  4.5% | idle  0.0% | ent 0.258
  upd 3433 | return   16.500 | deliv  16.50 | blocked  5.2% | idle  0.0% | ent 0.256
  upd 3434 | return   15.300 | deliv  15.30 | blocked  6.2% | idle  0.0% | ent 0.247
  upd 3435 | return   17.300 | deliv  17.30 | blocked  5.1% | idle  0.0% | ent 0.250
  upd 3436 | return   17.300 | deliv  17.30 | blocked  5.5% | idle  0.0% | ent 0.254
  upd 3437 | return   15.700 | deliv  15.70 | blocked  4.5% | idle  0.0% | ent 0.263
  upd 3438 | return   15.500 | deliv  15.50 | blocked  4.5% | idle  0.0% | ent 0.269
  upd 3439 | return   17.200 | deliv  17.20 | blocked  4.0% | idle  0.0% | ent 0.258
  upd 3440 | return   14.400 | deliv  14.40 | blocked  4.4% | idle  0.0% | ent 0.261
  upd 3441 | return   14.400 | deliv  14.40 | blocked  4.0% | idle  0.1% | ent 0.267
  upd 3442 | return   15.700 | deliv  15.70 | blocked  4.5% | idle  0.0% | ent 0.260
  upd 3443 | return   16.700 | deliv  16.70 | blocked  4.4% | idle  0.0% | ent 0.257
  upd 3444 | return   17.800 | deliv  17.80 | blocked  4.4% | idle  0.0% | ent 0.259
  upd 3445 | return   16.000 | deliv  16.00 | blocked  3.7% | idle  0.0% | ent 0.260
  upd 3446 | return   16.200 | deliv  16.20 | blocked  4.6% | idle  0.0% | ent 0.262
  upd 3447 | return   15.600 | deliv  15.60 | blocked  4.5% | idle  0.0% | ent 0.269
  upd 3448 | return   18.700 | deliv  18.70 | blocked  4.8% | idle  0.0% | ent 0.268
  upd 3449 | return   15.400 | deliv  15.40 | blocked  5.5% | idle  0.0% | ent 0.273
  upd 3450 | return   15.200 | deliv  15.20 | blocked  5.2% | idle  0.0% | ent 0.265
  upd 3451 | return   16.100 | deliv  16.10 | blocked  6.5% | idle  0.0% | ent 0.267
  upd 3452 | return   16.800 | deliv  16.80 | blocked  5.8% | idle  0.0% | ent 0.273
  upd 3453 | return   15.800 | deliv  15.80 | blocked  7.5% | idle  0.0% | ent 0.285
  upd 3454 | return   16.100 | deliv  16.10 | blocked  6.3% | idle  0.0% | ent 0.289
  upd 3455 | return   16.300 | deliv  16.30 | blocked  5.7% | idle  0.1% | ent 0.283
  upd 3456 | return   18.900 | deliv  18.90 | blocked  6.1% | idle  0.0% | ent 0.270
  upd 3457 | return   13.100 | deliv  13.10 | blocked  5.8% | idle  0.0% | ent 0.291
  upd 3458 | return   15.900 | deliv  15.90 | blocked  6.1% | idle  0.0% | ent 0.272
  upd 3459 | return   16.200 | deliv  16.20 | blocked  5.8% | idle  0.0% | ent 0.270
  upd 3460 | return   17.400 | deliv  17.40 | blocked  5.0% | idle  0.0% | ent 0.271
  upd 3461 | return   15.300 | deliv  15.30 | blocked  6.4% | idle  0.0% | ent 0.262
  upd 3462 | return   14.800 | deliv  14.80 | blocked  5.6% | idle  0.0% | ent 0.264
  upd 3463 | return   17.500 | deliv  17.50 | blocked  5.6% | idle  0.1% | ent 0.249
  upd 3464 | return   16.300 | deliv  16.30 | blocked  4.8% | idle  0.0% | ent 0.261
  upd 3465 | return   19.200 | deliv  19.20 | blocked  7.2% | idle  0.1% | ent 0.253
  upd 3466 | return   16.100 | deliv  16.10 | blocked  4.7% | idle  0.0% | ent 0.267
  upd 3467 | return   16.200 | deliv  16.20 | blocked  4.8% | idle  0.0% | ent 0.270
  upd 3468 | return   16.100 | deliv  16.10 | blocked  6.2% | idle  0.0% | ent 0.256
  upd 3469 | return   17.400 | deliv  17.40 | blocked  4.1% | idle  0.0% | ent 0.262
  upd 3470 | return   18.800 | deliv  18.80 | blocked  4.9% | idle  0.0% | ent 0.263
  upd 3471 | return   15.300 | deliv  15.30 | blocked  7.5% | idle  0.0% | ent 0.271
  upd 3472 | return   18.100 | deliv  18.10 | blocked  5.8% | idle  0.0% | ent 0.252
  upd 3473 | return   16.400 | deliv  16.40 | blocked  4.6% | idle  0.0% | ent 0.266
  upd 3474 | return   17.600 | deliv  17.60 | blocked  4.5% | idle  0.0% | ent 0.250
  upd 3475 | return   16.700 | deliv  16.70 | blocked  4.6% | idle  0.1% | ent 0.264
  upd 3476 | return   17.800 | deliv  17.80 | blocked  3.5% | idle  0.0% | ent 0.258
  upd 3477 | return   16.000 | deliv  16.00 | blocked  5.5% | idle  0.0% | ent 0.270
  upd 3478 | return   18.200 | deliv  18.20 | blocked  5.4% | idle  0.1% | ent 0.264
  upd 3479 | return   16.300 | deliv  16.30 | blocked  6.3% | idle  0.0% | ent 0.269
  upd 3480 | return   16.300 | deliv  16.30 | blocked  4.7% | idle  0.0% | ent 0.284
  upd 3481 | return   14.000 | deliv  14.00 | blocked  4.4% | idle  0.0% | ent 0.299
  upd 3482 | return   15.800 | deliv  15.80 | blocked  4.5% | idle  0.0% | ent 0.300
  upd 3483 | return   16.400 | deliv  16.40 | blocked  4.1% | idle  0.1% | ent 0.304
  upd 3484 | return   17.100 | deliv  17.10 | blocked  5.0% | idle  0.0% | ent 0.282
  upd 3485 | return   14.800 | deliv  14.80 | blocked  4.1% | idle  0.1% | ent 0.308
  upd 3486 | return   17.400 | deliv  17.40 | blocked  4.0% | idle  0.0% | ent 0.285
  upd 3487 | return   15.100 | deliv  15.10 | blocked  3.9% | idle  0.1% | ent 0.307
  upd 3488 | return   14.200 | deliv  14.20 | blocked  7.2% | idle  0.0% | ent 0.285
  upd 3489 | return   16.700 | deliv  16.70 | blocked  4.1% | idle  0.1% | ent 0.285
  upd 3490 | return   17.300 | deliv  17.30 | blocked  4.0% | idle  0.0% | ent 0.273
  upd 3491 | return   20.400 | deliv  20.40 | blocked  5.8% | idle  0.0% | ent 0.260
  upd 3492 | return   17.700 | deliv  17.70 | blocked  4.8% | idle  0.0% | ent 0.262
  upd 3493 | return   15.400 | deliv  15.40 | blocked  4.0% | idle  0.0% | ent 0.268
  upd 3494 | return   15.500 | deliv  15.50 | blocked  5.3% | idle  0.0% | ent 0.271
  upd 3495 | return   20.900 | deliv  20.90 | blocked  5.3% | idle  0.0% | ent 0.254
  upd 3496 | return   16.100 | deliv  16.10 | blocked  5.1% | idle  0.0% | ent 0.277
  upd 3497 | return   16.000 | deliv  16.00 | blocked  4.7% | idle  0.0% | ent 0.274
  upd 3498 | return   17.800 | deliv  17.80 | blocked  5.3% | idle  0.1% | ent 0.277
  upd 3499 | return   16.500 | deliv  16.50 | blocked  9.0% | idle  0.1% | ent 0.272
  [replay @ update 3500] return 11.00  deliveries 11  -> runs/ia2c_tiny-4ag_seed2/replays/replay_upd003500_s0.npz
  upd 3500 | return   17.100 | deliv  17.10 | blocked 10.4% | idle  0.0% | ent 0.270
  upd 3501 | return   21.300 | deliv  21.30 | blocked  5.6% | idle  0.0% | ent 0.265
  upd 3502 | return   16.800 | deliv  16.80 | blocked  5.2% | idle  0.0% | ent 0.281
  upd 3503 | return   15.900 | deliv  15.90 | blocked  4.7% | idle  0.0% | ent 0.276
  upd 3504 | return   19.900 | deliv  19.90 | blocked  5.3% | idle  0.0% | ent 0.269
  upd 3505 | return   16.600 | deliv  16.60 | blocked  5.0% | idle  0.0% | ent 0.286
  upd 3506 | return   19.500 | deliv  19.50 | blocked  4.5% | idle  0.0% | ent 0.266
  upd 3507 | return   18.700 | deliv  18.70 | blocked  4.7% | idle  0.0% | ent 0.268
  upd 3508 | return   12.500 | deliv  12.50 | blocked  6.1% | idle  0.0% | ent 0.288
  upd 3509 | return   18.200 | deliv  18.20 | blocked  4.0% | idle  0.0% | ent 0.269
  upd 3510 | return   17.500 | deliv  17.50 | blocked  4.6% | idle  0.0% | ent 0.269
  upd 3511 | return   18.900 | deliv  18.90 | blocked  4.4% | idle  0.0% | ent 0.257
  upd 3512 | return   19.400 | deliv  19.40 | blocked  5.2% | idle  0.0% | ent 0.253
  upd 3513 | return   17.600 | deliv  17.60 | blocked  5.6% | idle  0.0% | ent 0.265
  upd 3514 | return   17.500 | deliv  17.50 | blocked  4.5% | idle  0.0% | ent 0.260
  upd 3515 | return   19.500 | deliv  19.50 | blocked  5.7% | idle  0.0% | ent 0.262
  upd 3516 | return   16.300 | deliv  16.30 | blocked  4.2% | idle  0.0% | ent 0.259
  upd 3517 | return   20.200 | deliv  20.20 | blocked  5.0% | idle  0.0% | ent 0.236
  upd 3518 | return   18.800 | deliv  18.80 | blocked  5.9% | idle  0.0% | ent 0.250
  upd 3519 | return   16.900 | deliv  16.90 | blocked  4.6% | idle  0.0% | ent 0.257
  upd 3520 | return   18.700 | deliv  18.70 | blocked  5.4% | idle  0.0% | ent 0.263
  upd 3521 | return   17.400 | deliv  17.40 | blocked  4.5% | idle  0.0% | ent 0.275
  upd 3522 | return   16.600 | deliv  16.60 | blocked  5.3% | idle  0.0% | ent 0.273
  upd 3523 | return   16.400 | deliv  16.40 | blocked  6.9% | idle  0.0% | ent 0.264
  upd 3524 | return   15.700 | deliv  15.70 | blocked  5.3% | idle  0.0% | ent 0.276
  upd 3525 | return   17.400 | deliv  17.40 | blocked  6.2% | idle  0.0% | ent 0.268
  upd 3526 | return   19.700 | deliv  19.70 | blocked  6.0% | idle  0.0% | ent 0.244
  upd 3527 | return   16.900 | deliv  16.90 | blocked  6.6% | idle  0.0% | ent 0.256
  upd 3528 | return   18.200 | deliv  18.20 | blocked  4.6% | idle  0.0% | ent 0.259
  upd 3529 | return   17.400 | deliv  17.40 | blocked  5.8% | idle  0.0% | ent 0.252
  upd 3530 | return   16.600 | deliv  16.60 | blocked  4.7% | idle  0.0% | ent 0.256
  upd 3531 | return   19.900 | deliv  19.90 | blocked  8.6% | idle  0.0% | ent 0.238
  upd 3532 | return   17.800 | deliv  17.80 | blocked  5.8% | idle  0.1% | ent 0.249
  upd 3533 | return   17.400 | deliv  17.40 | blocked  6.1% | idle  0.1% | ent 0.258
  upd 3534 | return   20.000 | deliv  20.00 | blocked  5.9% | idle  0.0% | ent 0.244
  upd 3535 | return   17.700 | deliv  17.70 | blocked  6.1% | idle  0.0% | ent 0.254
  upd 3536 | return   14.000 | deliv  14.00 | blocked  9.9% | idle  0.1% | ent 0.284
  upd 3537 | return   17.200 | deliv  17.20 | blocked  7.3% | idle  0.0% | ent 0.266
  upd 3538 | return   17.800 | deliv  17.80 | blocked  5.3% | idle  0.1% | ent 0.261
  upd 3539 | return   13.400 | deliv  13.40 | blocked  4.1% | idle  0.0% | ent 0.300
  upd 3540 | return   15.900 | deliv  15.90 | blocked  4.3% | idle  0.0% | ent 0.273
  upd 3541 | return   18.200 | deliv  18.20 | blocked  6.1% | idle  0.0% | ent 0.267
  upd 3542 | return   17.100 | deliv  17.10 | blocked  7.6% | idle  0.0% | ent 0.277
  upd 3543 | return   19.800 | deliv  19.80 | blocked  4.8% | idle  0.0% | ent 0.263
  upd 3544 | return   17.500 | deliv  17.50 | blocked  4.5% | idle  0.1% | ent 0.276
  upd 3545 | return   14.900 | deliv  14.90 | blocked  8.4% | idle  0.0% | ent 0.285
  upd 3546 | return   16.500 | deliv  16.50 | blocked  4.5% | idle  0.0% | ent 0.286
  upd 3547 | return   14.400 | deliv  14.40 | blocked  4.7% | idle  0.1% | ent 0.290
  upd 3548 | return   18.400 | deliv  18.40 | blocked  4.4% | idle  0.0% | ent 0.272
  upd 3549 | return   17.200 | deliv  17.20 | blocked  4.9% | idle  0.1% | ent 0.275
  upd 3550 | return   18.600 | deliv  18.60 | blocked  5.8% | idle  0.1% | ent 0.268
  upd 3551 | return   17.700 | deliv  17.70 | blocked  6.0% | idle  0.1% | ent 0.254
  upd 3552 | return   16.400 | deliv  16.40 | blocked  4.6% | idle  0.1% | ent 0.280
  upd 3553 | return   17.700 | deliv  17.70 | blocked  5.1% | idle  0.0% | ent 0.255
  upd 3554 | return   16.100 | deliv  16.10 | blocked  4.5% | idle  0.0% | ent 0.247
  upd 3555 | return   18.800 | deliv  18.80 | blocked  5.1% | idle  0.0% | ent 0.235
  upd 3556 | return   16.800 | deliv  16.80 | blocked  5.1% | idle  0.0% | ent 0.253
  upd 3557 | return   18.900 | deliv  18.90 | blocked  5.6% | idle  0.0% | ent 0.240
  upd 3558 | return   19.200 | deliv  19.20 | blocked  7.3% | idle  0.0% | ent 0.247
  upd 3559 | return   18.900 | deliv  18.90 | blocked  4.9% | idle  0.0% | ent 0.248
  upd 3560 | return   16.100 | deliv  16.10 | blocked  4.8% | idle  0.0% | ent 0.266
  upd 3561 | return   16.200 | deliv  16.20 | blocked  5.3% | idle  0.0% | ent 0.269
  upd 3562 | return   20.500 | deliv  20.50 | blocked  5.2% | idle  0.0% | ent 0.253
  upd 3563 | return   18.300 | deliv  18.30 | blocked  4.7% | idle  0.0% | ent 0.264
  upd 3564 | return   18.000 | deliv  18.00 | blocked  5.1% | idle  0.0% | ent 0.271
  upd 3565 | return   15.900 | deliv  15.90 | blocked  4.6% | idle  0.0% | ent 0.284
  upd 3566 | return   18.300 | deliv  18.30 | blocked  5.5% | idle  0.1% | ent 0.283
  upd 3567 | return   14.300 | deliv  14.30 | blocked  4.6% | idle  0.0% | ent 0.293
  upd 3568 | return   17.800 | deliv  17.80 | blocked  4.8% | idle  0.0% | ent 0.271
  upd 3569 | return   17.000 | deliv  17.00 | blocked  8.2% | idle  0.1% | ent 0.264
  upd 3570 | return   19.300 | deliv  19.30 | blocked  5.6% | idle  0.0% | ent 0.252
  upd 3571 | return   18.800 | deliv  18.80 | blocked  5.9% | idle  0.0% | ent 0.239
  upd 3572 | return   20.800 | deliv  20.80 | blocked  7.2% | idle  0.0% | ent 0.231
  upd 3573 | return   18.100 | deliv  18.10 | blocked  6.0% | idle  0.0% | ent 0.242
  upd 3574 | return   19.600 | deliv  19.60 | blocked  6.6% | idle  0.0% | ent 0.235
  upd 3575 | return   18.500 | deliv  18.50 | blocked  7.1% | idle  0.0% | ent 0.245
  upd 3576 | return   18.600 | deliv  18.60 | blocked  5.1% | idle  0.0% | ent 0.245
  upd 3577 | return   16.800 | deliv  16.80 | blocked  5.5% | idle  0.0% | ent 0.261
  upd 3578 | return   16.300 | deliv  16.30 | blocked  5.5% | idle  0.0% | ent 0.274
  upd 3579 | return   18.200 | deliv  18.20 | blocked  5.5% | idle  0.0% | ent 0.269
  upd 3580 | return   15.600 | deliv  15.60 | blocked  5.3% | idle  0.0% | ent 0.270
  upd 3581 | return   16.700 | deliv  16.70 | blocked  4.8% | idle  0.0% | ent 0.275
  upd 3582 | return   16.200 | deliv  16.20 | blocked  4.7% | idle  0.0% | ent 0.280
  upd 3583 | return   16.700 | deliv  16.70 | blocked  4.3% | idle  0.1% | ent 0.284
  upd 3584 | return   19.500 | deliv  19.50 | blocked  4.5% | idle  0.1% | ent 0.260
  upd 3585 | return   15.800 | deliv  15.80 | blocked  5.4% | idle  0.0% | ent 0.276
  upd 3586 | return   19.200 | deliv  19.20 | blocked  5.7% | idle  0.0% | ent 0.249
  upd 3587 | return   17.000 | deliv  17.00 | blocked  6.6% | idle  0.0% | ent 0.263
  upd 3588 | return   21.700 | deliv  21.70 | blocked  6.3% | idle  0.0% | ent 0.243
  upd 3589 | return   17.400 | deliv  17.40 | blocked  5.3% | idle  0.0% | ent 0.260
  upd 3590 | return   16.900 | deliv  16.90 | blocked  5.9% | idle  0.0% | ent 0.250
  upd 3591 | return   19.500 | deliv  19.50 | blocked  5.8% | idle  0.0% | ent 0.235
  upd 3592 | return   18.000 | deliv  18.00 | blocked  6.2% | idle  0.0% | ent 0.246
  upd 3593 | return   15.300 | deliv  15.30 | blocked  5.3% | idle  0.0% | ent 0.247
  upd 3594 | return   15.100 | deliv  15.10 | blocked  5.2% | idle  0.0% | ent 0.244
  upd 3595 | return   18.200 | deliv  18.20 | blocked  5.6% | idle  0.0% | ent 0.235
  upd 3596 | return   17.700 | deliv  17.70 | blocked  5.7% | idle  0.0% | ent 0.233
  upd 3597 | return   14.800 | deliv  14.80 | blocked  5.3% | idle  0.0% | ent 0.234
  upd 3598 | return   17.400 | deliv  17.40 | blocked  5.1% | idle  0.0% | ent 0.240
  upd 3599 | return   15.500 | deliv  15.50 | blocked  5.6% | idle  0.0% | ent 0.252
  [replay @ update 3600] return 25.00  deliveries 25  -> runs/ia2c_tiny-4ag_seed2/replays/replay_upd003600_s0.npz
  upd 3600 | return   19.000 | deliv  19.00 | blocked  5.2% | idle  0.0% | ent 0.241
  upd 3601 | return   19.000 | deliv  19.00 | blocked  6.5% | idle  0.0% | ent 0.250
  upd 3602 | return   18.700 | deliv  18.70 | blocked  6.9% | idle  0.0% | ent 0.249
  upd 3603 | return   19.000 | deliv  19.00 | blocked  5.4% | idle  0.0% | ent 0.244
  upd 3604 | return   18.900 | deliv  18.90 | blocked  4.4% | idle  0.0% | ent 0.252
  upd 3605 | return   18.200 | deliv  18.20 | blocked  5.1% | idle  0.0% | ent 0.252
  upd 3606 | return   17.600 | deliv  17.60 | blocked  4.1% | idle  0.0% | ent 0.256
  upd 3607 | return   18.100 | deliv  18.10 | blocked  4.1% | idle  0.0% | ent 0.253
  upd 3608 | return   18.400 | deliv  18.40 | blocked  4.7% | idle  0.0% | ent 0.253
  upd 3609 | return   19.300 | deliv  19.30 | blocked  3.8% | idle  0.0% | ent 0.246
  upd 3610 | return   20.400 | deliv  20.40 | blocked  3.5% | idle  0.0% | ent 0.250
  upd 3611 | return   18.700 | deliv  18.70 | blocked  3.4% | idle  0.0% | ent 0.252
  upd 3612 | return   17.300 | deliv  17.30 | blocked  3.8% | idle  0.0% | ent 0.244
  upd 3613 | return   18.100 | deliv  18.10 | blocked  7.4% | idle  0.0% | ent 0.240
  upd 3614 | return   19.800 | deliv  19.80 | blocked  4.0% | idle  0.0% | ent 0.231
  upd 3615 | return   17.400 | deliv  17.40 | blocked  4.3% | idle  0.0% | ent 0.233
  upd 3616 | return   20.100 | deliv  20.10 | blocked  5.0% | idle  0.0% | ent 0.217
  upd 3617 | return   21.500 | deliv  21.50 | blocked  5.0% | idle  0.0% | ent 0.217
  upd 3618 | return   16.700 | deliv  16.70 | blocked  5.0% | idle  0.0% | ent 0.229
  upd 3619 | return   17.200 | deliv  17.20 | blocked  9.4% | idle  0.0% | ent 0.220
  upd 3620 | return   17.000 | deliv  17.00 | blocked  5.4% | idle  0.0% | ent 0.224
  upd 3621 | return   19.000 | deliv  19.00 | blocked  5.3% | idle  0.0% | ent 0.221
  upd 3622 | return   16.500 | deliv  16.50 | blocked  4.3% | idle  0.0% | ent 0.236
  upd 3623 | return   16.600 | deliv  16.60 | blocked  4.8% | idle  0.0% | ent 0.240
  upd 3624 | return   19.400 | deliv  19.40 | blocked  4.5% | idle  0.0% | ent 0.240
  upd 3625 | return   18.700 | deliv  18.70 | blocked  5.0% | idle  0.0% | ent 0.249
  upd 3626 | return   16.500 | deliv  16.50 | blocked  4.2% | idle  0.0% | ent 0.260
  upd 3627 | return   17.100 | deliv  17.10 | blocked  4.8% | idle  0.0% | ent 0.255
  upd 3628 | return   17.500 | deliv  17.50 | blocked  4.5% | idle  0.0% | ent 0.250
  upd 3629 | return   17.400 | deliv  17.40 | blocked  4.3% | idle  0.0% | ent 0.255
  upd 3630 | return   13.700 | deliv  13.70 | blocked  4.4% | idle  0.0% | ent 0.270
  upd 3631 | return   18.000 | deliv  18.00 | blocked  5.8% | idle  0.0% | ent 0.239
  upd 3632 | return   17.600 | deliv  17.60 | blocked  4.9% | idle  0.0% | ent 0.243
  upd 3633 | return   17.500 | deliv  17.50 | blocked  6.2% | idle  0.0% | ent 0.234
  upd 3634 | return   20.400 | deliv  20.40 | blocked  6.6% | idle  0.0% | ent 0.219
  upd 3635 | return   21.200 | deliv  21.20 | blocked  7.0% | idle  0.0% | ent 0.204
  upd 3636 | return   18.800 | deliv  18.80 | blocked  9.5% | idle  0.0% | ent 0.208
  upd 3637 | return   18.400 | deliv  18.40 | blocked  6.4% | idle  0.0% | ent 0.203
  upd 3638 | return   20.200 | deliv  20.20 | blocked  7.6% | idle  0.0% | ent 0.200
  upd 3639 | return   18.300 | deliv  18.30 | blocked  6.0% | idle  0.0% | ent 0.199
  upd 3640 | return   17.600 | deliv  17.60 | blocked  6.0% | idle  0.0% | ent 0.202
  upd 3641 | return   17.400 | deliv  17.40 | blocked  5.4% | idle  0.0% | ent 0.207
  upd 3642 | return   18.100 | deliv  18.10 | blocked  6.1% | idle  0.0% | ent 0.204
  upd 3643 | return   17.800 | deliv  17.80 | blocked  5.5% | idle  0.0% | ent 0.209
  upd 3644 | return   16.800 | deliv  16.80 | blocked  4.4% | idle  0.0% | ent 0.222
  upd 3645 | return   20.000 | deliv  20.00 | blocked  4.6% | idle  0.0% | ent 0.217
  upd 3646 | return   17.600 | deliv  17.60 | blocked  4.9% | idle  0.0% | ent 0.218
  upd 3647 | return   15.600 | deliv  15.60 | blocked  4.3% | idle  0.0% | ent 0.231
  upd 3648 | return   16.900 | deliv  16.90 | blocked  4.0% | idle  0.0% | ent 0.230
  upd 3649 | return   19.800 | deliv  19.80 | blocked  4.3% | idle  0.0% | ent 0.231
  upd 3650 | return   17.200 | deliv  17.20 | blocked  4.2% | idle  0.0% | ent 0.232
  upd 3651 | return   19.100 | deliv  19.10 | blocked  4.9% | idle  0.0% | ent 0.231
  upd 3652 | return   17.700 | deliv  17.70 | blocked  4.7% | idle  0.0% | ent 0.238
  upd 3653 | return   17.000 | deliv  17.00 | blocked  4.6% | idle  0.0% | ent 0.242
  upd 3654 | return   14.900 | deliv  14.90 | blocked  5.2% | idle  0.0% | ent 0.250
  upd 3655 | return   23.700 | deliv  23.70 | blocked  6.1% | idle  0.0% | ent 0.215
  upd 3656 | return   17.100 | deliv  17.10 | blocked  6.2% | idle  0.0% | ent 0.231
  upd 3657 | return   15.400 | deliv  15.40 | blocked  5.2% | idle  0.0% | ent 0.226
  upd 3658 | return   17.100 | deliv  17.10 | blocked  5.6% | idle  0.0% | ent 0.227
  upd 3659 | return   18.400 | deliv  18.40 | blocked  5.7% | idle  0.0% | ent 0.216
  upd 3660 | return   17.200 | deliv  17.20 | blocked  6.3% | idle  0.0% | ent 0.221
  upd 3661 | return   16.200 | deliv  16.20 | blocked  6.0% | idle  0.0% | ent 0.224
  upd 3662 | return   18.400 | deliv  18.40 | blocked  7.9% | idle  0.0% | ent 0.218
  upd 3663 | return   19.300 | deliv  19.30 | blocked  6.0% | idle  0.0% | ent 0.213
  upd 3664 | return   17.900 | deliv  17.90 | blocked  6.0% | idle  0.0% | ent 0.222
  upd 3665 | return   16.300 | deliv  16.30 | blocked  6.4% | idle  0.0% | ent 0.224
  upd 3666 | return   18.400 | deliv  18.40 | blocked  5.3% | idle  0.0% | ent 0.221
  upd 3667 | return   19.700 | deliv  19.70 | blocked  4.6% | idle  0.0% | ent 0.219
  upd 3668 | return   19.300 | deliv  19.30 | blocked  4.9% | idle  0.0% | ent 0.219
  upd 3669 | return   18.300 | deliv  18.30 | blocked  4.4% | idle  0.0% | ent 0.218
  upd 3670 | return   17.400 | deliv  17.40 | blocked  4.5% | idle  0.0% | ent 0.221
  upd 3671 | return   17.700 | deliv  17.70 | blocked  5.4% | idle  0.0% | ent 0.218
  upd 3672 | return   14.300 | deliv  14.30 | blocked  4.1% | idle  0.0% | ent 0.227
  upd 3673 | return   14.200 | deliv  14.20 | blocked  5.0% | idle  0.0% | ent 0.222
  upd 3674 | return   19.100 | deliv  19.10 | blocked  5.4% | idle  0.0% | ent 0.213
  upd 3675 | return   15.900 | deliv  15.90 | blocked  4.7% | idle  0.0% | ent 0.219
  upd 3676 | return   18.800 | deliv  18.80 | blocked  5.5% | idle  0.0% | ent 0.210
  upd 3677 | return   17.200 | deliv  17.20 | blocked  4.3% | idle  0.0% | ent 0.227
  upd 3678 | return   15.700 | deliv  15.70 | blocked  4.1% | idle  0.0% | ent 0.237
  upd 3679 | return   16.900 | deliv  16.90 | blocked  4.1% | idle  0.0% | ent 0.244
  upd 3680 | return   18.000 | deliv  18.00 | blocked  4.1% | idle  0.0% | ent 0.235
  upd 3681 | return   18.300 | deliv  18.30 | blocked  3.6% | idle  0.0% | ent 0.244
  upd 3682 | return   17.800 | deliv  17.80 | blocked  3.4% | idle  0.0% | ent 0.243
  upd 3683 | return   18.100 | deliv  18.10 | blocked  3.4% | idle  0.0% | ent 0.230
  upd 3684 | return   17.700 | deliv  17.70 | blocked  3.5% | idle  0.0% | ent 0.234
  upd 3685 | return   20.000 | deliv  20.00 | blocked  3.4% | idle  0.0% | ent 0.214
  upd 3686 | return   20.100 | deliv  20.10 | blocked  3.4% | idle  0.0% | ent 0.209
  upd 3687 | return   18.400 | deliv  18.40 | blocked  3.6% | idle  0.0% | ent 0.218
  upd 3688 | return   17.900 | deliv  17.90 | blocked  4.0% | idle  0.0% | ent 0.211
  upd 3689 | return   16.600 | deliv  16.60 | blocked  4.1% | idle  0.0% | ent 0.207
  upd 3690 | return   17.600 | deliv  17.60 | blocked  4.8% | idle  0.0% | ent 0.205
  upd 3691 | return   16.800 | deliv  16.80 | blocked  4.8% | idle  0.0% | ent 0.205
  upd 3692 | return   19.500 | deliv  19.50 | blocked  4.7% | idle  0.0% | ent 0.203
  upd 3693 | return   17.500 | deliv  17.50 | blocked  4.8% | idle  0.0% | ent 0.202
  upd 3694 | return   18.800 | deliv  18.80 | blocked  5.7% | idle  0.0% | ent 0.208
  upd 3695 | return   19.100 | deliv  19.10 | blocked  4.8% | idle  0.0% | ent 0.209
  upd 3696 | return   17.600 | deliv  17.60 | blocked  5.0% | idle  0.0% | ent 0.209
  upd 3697 | return   16.100 | deliv  16.10 | blocked  4.8% | idle  0.0% | ent 0.220
  upd 3698 | return   18.000 | deliv  18.00 | blocked  5.2% | idle  0.0% | ent 0.215
  upd 3699 | return   20.100 | deliv  20.10 | blocked  5.0% | idle  0.0% | ent 0.216
  [replay @ update 3700] return 12.00  deliveries 12  -> runs/ia2c_tiny-4ag_seed2/replays/replay_upd003700_s0.npz
  upd 3700 | return   20.000 | deliv  20.00 | blocked  5.6% | idle  0.0% | ent 0.210
  upd 3701 | return   18.800 | deliv  18.80 | blocked  5.4% | idle  0.0% | ent 0.217
  upd 3702 | return   18.000 | deliv  18.00 | blocked  5.5% | idle  0.0% | ent 0.218
  upd 3703 | return   19.300 | deliv  19.30 | blocked  5.5% | idle  0.0% | ent 0.217
  upd 3704 | return   16.800 | deliv  16.80 | blocked  4.9% | idle  0.0% | ent 0.227
  upd 3705 | return   19.400 | deliv  19.40 | blocked  6.5% | idle  0.0% | ent 0.213
  upd 3706 | return   18.400 | deliv  18.40 | blocked  5.6% | idle  0.0% | ent 0.211
  upd 3707 | return   18.500 | deliv  18.50 | blocked  5.5% | idle  0.0% | ent 0.219
  upd 3708 | return   18.400 | deliv  18.40 | blocked  5.7% | idle  0.0% | ent 0.204
  upd 3709 | return   20.500 | deliv  20.50 | blocked  5.6% | idle  0.0% | ent 0.201
  upd 3710 | return   19.900 | deliv  19.90 | blocked  6.0% | idle  0.0% | ent 0.203
  upd 3711 | return   19.000 | deliv  19.00 | blocked  4.6% | idle  0.0% | ent 0.206
  upd 3712 | return   18.200 | deliv  18.20 | blocked  5.0% | idle  0.0% | ent 0.199
  upd 3713 | return   17.900 | deliv  17.90 | blocked  4.1% | idle  0.0% | ent 0.199
  upd 3714 | return   17.700 | deliv  17.70 | blocked  4.2% | idle  0.0% | ent 0.198
  upd 3715 | return   17.900 | deliv  17.90 | blocked  4.2% | idle  0.0% | ent 0.197
  upd 3716 | return   18.300 | deliv  18.30 | blocked  4.0% | idle  0.0% | ent 0.200
  upd 3717 | return   18.700 | deliv  18.70 | blocked  4.3% | idle  0.0% | ent 0.204
  upd 3718 | return   17.300 | deliv  17.30 | blocked  8.2% | idle  0.0% | ent 0.211
  upd 3719 | return   17.300 | deliv  17.30 | blocked  4.2% | idle  0.0% | ent 0.204
  upd 3720 | return   15.000 | deliv  15.00 | blocked  5.0% | idle  0.0% | ent 0.204
  upd 3721 | return   19.600 | deliv  19.60 | blocked  4.8% | idle  0.0% | ent 0.200
  upd 3722 | return   17.400 | deliv  17.40 | blocked  4.6% | idle  0.0% | ent 0.212
  upd 3723 | return   17.500 | deliv  17.50 | blocked  4.8% | idle  0.0% | ent 0.210
  upd 3724 | return   18.700 | deliv  18.70 | blocked  4.1% | idle  0.0% | ent 0.206
  upd 3725 | return   19.100 | deliv  19.10 | blocked  5.4% | idle  0.0% | ent 0.211
  upd 3726 | return   18.500 | deliv  18.50 | blocked  5.2% | idle  0.0% | ent 0.213
  upd 3727 | return   16.700 | deliv  16.70 | blocked  5.9% | idle  0.0% | ent 0.214
  upd 3728 | return   16.700 | deliv  16.70 | blocked  6.0% | idle  0.0% | ent 0.223
  upd 3729 | return   20.500 | deliv  20.50 | blocked  7.3% | idle  0.0% | ent 0.209
  upd 3730 | return   19.100 | deliv  19.10 | blocked  9.2% | idle  0.0% | ent 0.200
  upd 3731 | return   18.600 | deliv  18.60 | blocked  7.3% | idle  0.0% | ent 0.208
  upd 3732 | return   20.400 | deliv  20.40 | blocked  6.0% | idle  0.0% | ent 0.204
  upd 3733 | return   20.800 | deliv  20.80 | blocked  7.0% | idle  0.0% | ent 0.201
  upd 3734 | return   16.400 | deliv  16.40 | blocked  5.8% | idle  0.0% | ent 0.204
  upd 3735 | return   17.600 | deliv  17.60 | blocked  5.5% | idle  0.0% | ent 0.200
  upd 3736 | return   19.300 | deliv  19.30 | blocked  5.5% | idle  0.0% | ent 0.203
  upd 3737 | return   19.800 | deliv  19.80 | blocked  5.9% | idle  0.0% | ent 0.193
  upd 3738 | return   20.200 | deliv  20.20 | blocked  5.9% | idle  0.0% | ent 0.197
  upd 3739 | return   18.400 | deliv  18.40 | blocked  5.8% | idle  0.0% | ent 0.200
  upd 3740 | return   17.100 | deliv  17.10 | blocked  5.6% | idle  0.0% | ent 0.191
  upd 3741 | return   17.900 | deliv  17.90 | blocked  5.8% | idle  0.0% | ent 0.192
  upd 3742 | return   19.000 | deliv  19.00 | blocked  5.8% | idle  0.0% | ent 0.190
  upd 3743 | return   21.800 | deliv  21.80 | blocked  6.0% | idle  0.0% | ent 0.185
  upd 3744 | return   18.700 | deliv  18.70 | blocked  5.2% | idle  0.0% | ent 0.199
  upd 3745 | return   20.500 | deliv  20.50 | blocked  5.2% | idle  0.0% | ent 0.199
  upd 3746 | return   16.300 | deliv  16.30 | blocked  4.8% | idle  0.0% | ent 0.208
  upd 3747 | return   18.700 | deliv  18.70 | blocked  5.2% | idle  0.0% | ent 0.202
  upd 3748 | return   16.700 | deliv  16.70 | blocked  4.8% | idle  0.0% | ent 0.210
  upd 3749 | return   21.100 | deliv  21.10 | blocked  5.2% | idle  0.0% | ent 0.198
  upd 3750 | return   19.500 | deliv  19.50 | blocked  4.5% | idle  0.0% | ent 0.206
  upd 3751 | return   19.200 | deliv  19.20 | blocked  5.0% | idle  0.0% | ent 0.205
  upd 3752 | return   20.300 | deliv  20.30 | blocked  5.4% | idle  0.0% | ent 0.203
  upd 3753 | return   19.200 | deliv  19.20 | blocked  5.2% | idle  0.0% | ent 0.198
  upd 3754 | return   20.100 | deliv  20.10 | blocked  4.9% | idle  0.0% | ent 0.199
  upd 3755 | return   21.100 | deliv  21.10 | blocked  4.8% | idle  0.0% | ent 0.201
  upd 3756 | return   20.100 | deliv  20.10 | blocked  5.9% | idle  0.0% | ent 0.201
  upd 3757 | return   18.400 | deliv  18.40 | blocked  5.1% | idle  0.0% | ent 0.205
  upd 3758 | return   19.100 | deliv  19.10 | blocked  4.9% | idle  0.0% | ent 0.205
  upd 3759 | return   18.000 | deliv  18.00 | blocked  5.3% | idle  0.0% | ent 0.212
  upd 3760 | return   18.900 | deliv  18.90 | blocked  4.9% | idle  0.0% | ent 0.206
  upd 3761 | return   21.400 | deliv  21.40 | blocked  5.9% | idle  0.0% | ent 0.200
  upd 3762 | return   18.800 | deliv  18.80 | blocked  5.8% | idle  0.0% | ent 0.206
  upd 3763 | return   19.200 | deliv  19.20 | blocked  6.2% | idle  0.0% | ent 0.202
  upd 3764 | return   15.500 | deliv  15.50 | blocked  5.4% | idle  0.0% | ent 0.207
  upd 3765 | return   18.300 | deliv  18.30 | blocked  6.0% | idle  0.0% | ent 0.193
  upd 3766 | return   16.600 | deliv  16.60 | blocked  5.6% | idle  0.0% | ent 0.198
  upd 3767 | return   15.900 | deliv  15.90 | blocked  5.9% | idle  0.0% | ent 0.202
  upd 3768 | return   19.700 | deliv  19.70 | blocked  5.3% | idle  0.0% | ent 0.196
  upd 3769 | return   14.300 | deliv  14.30 | blocked  5.0% | idle  0.0% | ent 0.211
  upd 3770 | return   17.000 | deliv  17.00 | blocked  4.9% | idle  0.0% | ent 0.212
  upd 3771 | return   18.900 | deliv  18.90 | blocked  4.4% | idle  0.0% | ent 0.205
  upd 3772 | return   18.400 | deliv  18.40 | blocked  5.0% | idle  0.0% | ent 0.205
  upd 3773 | return   16.700 | deliv  16.70 | blocked  3.8% | idle  0.0% | ent 0.205
  upd 3774 | return   19.600 | deliv  19.60 | blocked  4.3% | idle  0.0% | ent 0.203
  upd 3775 | return   18.600 | deliv  18.60 | blocked  5.2% | idle  0.0% | ent 0.205
  upd 3776 | return   16.500 | deliv  16.50 | blocked  4.5% | idle  0.0% | ent 0.203
  upd 3777 | return   18.800 | deliv  18.80 | blocked  4.9% | idle  0.0% | ent 0.202
  upd 3778 | return   17.800 | deliv  17.80 | blocked  4.3% | idle  0.0% | ent 0.198
  upd 3779 | return   18.200 | deliv  18.20 | blocked  6.1% | idle  0.0% | ent 0.201
  upd 3780 | return   16.300 | deliv  16.30 | blocked  4.7% | idle  0.0% | ent 0.204
  upd 3781 | return   16.200 | deliv  16.20 | blocked  5.5% | idle  0.0% | ent 0.206
  upd 3782 | return   18.400 | deliv  18.40 | blocked  5.3% | idle  0.0% | ent 0.201
  upd 3783 | return   19.900 | deliv  19.90 | blocked  5.9% | idle  0.0% | ent 0.205
  upd 3784 | return   18.100 | deliv  18.10 | blocked  5.0% | idle  0.0% | ent 0.200
  upd 3785 | return   17.700 | deliv  17.70 | blocked  5.0% | idle  0.0% | ent 0.193
  upd 3786 | return   19.000 | deliv  19.00 | blocked  5.4% | idle  0.0% | ent 0.194
  upd 3787 | return   17.900 | deliv  17.90 | blocked  4.8% | idle  0.0% | ent 0.193
  upd 3788 | return   17.000 | deliv  17.00 | blocked  4.9% | idle  0.0% | ent 0.198
  upd 3789 | return   19.000 | deliv  19.00 | blocked  4.7% | idle  0.0% | ent 0.195
  upd 3790 | return   17.900 | deliv  17.90 | blocked  5.2% | idle  0.0% | ent 0.192
  upd 3791 | return   20.600 | deliv  20.60 | blocked  4.1% | idle  0.0% | ent 0.185
  upd 3792 | return   21.600 | deliv  21.60 | blocked  5.2% | idle  0.0% | ent 0.188
  upd 3793 | return   20.400 | deliv  20.40 | blocked  4.9% | idle  0.0% | ent 0.187
  upd 3794 | return   19.500 | deliv  19.50 | blocked  4.4% | idle  0.0% | ent 0.190
  upd 3795 | return   22.000 | deliv  22.00 | blocked  4.1% | idle  0.0% | ent 0.189
  upd 3796 | return   19.900 | deliv  19.90 | blocked  4.0% | idle  0.0% | ent 0.191
  upd 3797 | return   17.000 | deliv  17.00 | blocked  5.0% | idle  0.0% | ent 0.194
  upd 3798 | return   20.700 | deliv  20.70 | blocked  5.8% | idle  0.0% | ent 0.190
  upd 3799 | return   19.900 | deliv  19.90 | blocked 10.7% | idle  0.0% | ent 0.187
  [replay @ update 3800] return 25.00  deliveries 25  -> runs/ia2c_tiny-4ag_seed2/replays/replay_upd003800_s0.npz
  upd 3800 | return   17.900 | deliv  17.90 | blocked  5.4% | idle  0.0% | ent 0.185
  upd 3801 | return   19.200 | deliv  19.20 | blocked  7.1% | idle  0.0% | ent 0.186
  upd 3802 | return   18.700 | deliv  18.70 | blocked  6.7% | idle  0.0% | ent 0.183
  upd 3803 | return   20.500 | deliv  20.50 | blocked  5.8% | idle  0.0% | ent 0.186
  upd 3804 | return   17.600 | deliv  17.60 | blocked  7.2% | idle  0.0% | ent 0.198
  upd 3805 | return   18.200 | deliv  18.20 | blocked  5.6% | idle  0.0% | ent 0.199
  upd 3806 | return   18.600 | deliv  18.60 | blocked  7.4% | idle  0.0% | ent 0.201
  upd 3807 | return   20.300 | deliv  20.30 | blocked  4.7% | idle  0.0% | ent 0.207
  upd 3808 | return   19.200 | deliv  19.20 | blocked  4.8% | idle  0.0% | ent 0.205
  upd 3809 | return   19.400 | deliv  19.40 | blocked  4.6% | idle  0.0% | ent 0.202
  upd 3810 | return   19.300 | deliv  19.30 | blocked  4.4% | idle  0.0% | ent 0.199
  upd 3811 | return   19.100 | deliv  19.10 | blocked  4.2% | idle  0.0% | ent 0.198
  upd 3812 | return   18.300 | deliv  18.30 | blocked  3.7% | idle  0.0% | ent 0.199
  upd 3813 | return   19.900 | deliv  19.90 | blocked  5.8% | idle  0.0% | ent 0.194
  upd 3814 | return   18.700 | deliv  18.70 | blocked  4.6% | idle  0.0% | ent 0.199
  upd 3815 | return   19.600 | deliv  19.60 | blocked  4.5% | idle  0.0% | ent 0.195
  upd 3816 | return   17.000 | deliv  17.00 | blocked  3.0% | idle  0.0% | ent 0.193
  upd 3817 | return   20.000 | deliv  20.00 | blocked  3.6% | idle  0.0% | ent 0.184
  upd 3818 | return   21.000 | deliv  21.00 | blocked  4.4% | idle  0.0% | ent 0.183
  upd 3819 | return   20.700 | deliv  20.70 | blocked  4.7% | idle  0.0% | ent 0.184
  upd 3820 | return   18.900 | deliv  18.90 | blocked  4.7% | idle  0.0% | ent 0.185
  upd 3821 | return   19.500 | deliv  19.50 | blocked  4.7% | idle  0.0% | ent 0.185
  upd 3822 | return   20.300 | deliv  20.30 | blocked  5.8% | idle  0.0% | ent 0.182
  upd 3823 | return   21.100 | deliv  21.10 | blocked  5.2% | idle  0.0% | ent 0.182
  upd 3824 | return   20.600 | deliv  20.60 | blocked  4.6% | idle  0.0% | ent 0.180
  upd 3825 | return   18.300 | deliv  18.30 | blocked  6.3% | idle  0.0% | ent 0.181
  upd 3826 | return   18.100 | deliv  18.10 | blocked  4.2% | idle  0.0% | ent 0.176
  upd 3827 | return   19.900 | deliv  19.90 | blocked  5.5% | idle  0.0% | ent 0.174
  upd 3828 | return   22.900 | deliv  22.90 | blocked  6.1% | idle  0.0% | ent 0.178
  upd 3829 | return   18.500 | deliv  18.50 | blocked  4.1% | idle  0.0% | ent 0.185
  upd 3830 | return   21.200 | deliv  21.20 | blocked  4.9% | idle  0.0% | ent 0.182
  upd 3831 | return   21.300 | deliv  21.30 | blocked  5.3% | idle  0.0% | ent 0.186
  upd 3832 | return   16.500 | deliv  16.50 | blocked  4.3% | idle  0.0% | ent 0.191
  upd 3833 | return   19.600 | deliv  19.60 | blocked  4.9% | idle  0.0% | ent 0.184
  upd 3834 | return   22.100 | deliv  22.10 | blocked  4.8% | idle  0.0% | ent 0.194
  upd 3835 | return   21.700 | deliv  21.70 | blocked  6.0% | idle  0.0% | ent 0.190
  upd 3836 | return   21.100 | deliv  21.10 | blocked  5.9% | idle  0.0% | ent 0.188
  upd 3837 | return   19.700 | deliv  19.70 | blocked  6.0% | idle  0.0% | ent 0.192
  upd 3838 | return   22.800 | deliv  22.80 | blocked  4.8% | idle  0.0% | ent 0.181
  upd 3839 | return   25.300 | deliv  25.30 | blocked  4.9% | idle  0.0% | ent 0.176
  upd 3840 | return   20.500 | deliv  20.50 | blocked  5.8% | idle  0.0% | ent 0.182
  upd 3841 | return   19.300 | deliv  19.30 | blocked  5.4% | idle  0.0% | ent 0.182
  upd 3842 | return   21.000 | deliv  21.00 | blocked  5.2% | idle  0.0% | ent 0.180
  upd 3843 | return   18.600 | deliv  18.60 | blocked  6.3% | idle  0.0% | ent 0.187
  upd 3844 | return   18.100 | deliv  18.10 | blocked  6.3% | idle  0.0% | ent 0.186
  upd 3845 | return   19.900 | deliv  19.90 | blocked  7.2% | idle  0.0% | ent 0.188
  upd 3846 | return   18.200 | deliv  18.20 | blocked  7.1% | idle  0.0% | ent 0.192
  upd 3847 | return   17.900 | deliv  17.90 | blocked  5.8% | idle  0.0% | ent 0.189
  upd 3848 | return   21.200 | deliv  21.20 | blocked  6.2% | idle  0.0% | ent 0.189
  upd 3849 | return   20.000 | deliv  20.00 | blocked  5.5% | idle  0.0% | ent 0.194
  upd 3850 | return   20.500 | deliv  20.50 | blocked  6.0% | idle  0.0% | ent 0.193
  upd 3851 | return   19.300 | deliv  19.30 | blocked  5.4% | idle  0.0% | ent 0.193
  upd 3852 | return   15.900 | deliv  15.90 | blocked  5.6% | idle  0.0% | ent 0.201
  upd 3853 | return   18.800 | deliv  18.80 | blocked  4.7% | idle  0.0% | ent 0.194
  upd 3854 | return   21.500 | deliv  21.50 | blocked  4.7% | idle  0.0% | ent 0.184
  upd 3855 | return   17.700 | deliv  17.70 | blocked  5.6% | idle  0.0% | ent 0.179
  upd 3856 | return   18.300 | deliv  18.30 | blocked  5.3% | idle  0.0% | ent 0.178
  upd 3857 | return   18.300 | deliv  18.30 | blocked  7.8% | idle  0.0% | ent 0.178
  upd 3858 | return   21.300 | deliv  21.30 | blocked  6.7% | idle  0.0% | ent 0.175
  upd 3859 | return   22.800 | deliv  22.80 | blocked  7.4% | idle  0.0% | ent 0.172
  upd 3860 | return   21.800 | deliv  21.80 | blocked  5.8% | idle  0.0% | ent 0.178
  upd 3861 | return   20.000 | deliv  20.00 | blocked  4.4% | idle  0.0% | ent 0.181
  upd 3862 | return   21.500 | deliv  21.50 | blocked  4.2% | idle  0.0% | ent 0.181
  upd 3863 | return   22.100 | deliv  22.10 | blocked  3.9% | idle  0.0% | ent 0.181
  upd 3864 | return   22.200 | deliv  22.20 | blocked  3.6% | idle  0.0% | ent 0.188
  upd 3865 | return   23.000 | deliv  23.00 | blocked  3.1% | idle  0.0% | ent 0.185
  upd 3866 | return   18.700 | deliv  18.70 | blocked  3.4% | idle  0.0% | ent 0.190
  upd 3867 | return   22.400 | deliv  22.40 | blocked  3.4% | idle  0.0% | ent 0.181
  upd 3868 | return   20.300 | deliv  20.30 | blocked  3.2% | idle  0.0% | ent 0.177
  upd 3869 | return   20.400 | deliv  20.40 | blocked  4.2% | idle  0.0% | ent 0.178
  upd 3870 | return   20.700 | deliv  20.70 | blocked  3.9% | idle  0.0% | ent 0.171
  upd 3871 | return   20.600 | deliv  20.60 | blocked  4.8% | idle  0.0% | ent 0.180
  upd 3872 | return   21.600 | deliv  21.60 | blocked  5.1% | idle  0.0% | ent 0.178
  upd 3873 | return   21.900 | deliv  21.90 | blocked  6.0% | idle  0.0% | ent 0.168
  upd 3874 | return   22.200 | deliv  22.20 | blocked  7.3% | idle  0.0% | ent 0.179
  upd 3875 | return   20.200 | deliv  20.20 | blocked  8.7% | idle  0.0% | ent 0.175
  upd 3876 | return   20.800 | deliv  20.80 | blocked 10.0% | idle  0.0% | ent 0.166
  upd 3877 | return   19.500 | deliv  19.50 | blocked  9.6% | idle  0.0% | ent 0.168
  upd 3878 | return   20.800 | deliv  20.80 | blocked 11.6% | idle  0.0% | ent 0.190
  upd 3879 | return   23.100 | deliv  23.10 | blocked  9.6% | idle  0.0% | ent 0.171
  upd 3880 | return   20.800 | deliv  20.80 | blocked  5.8% | idle  0.0% | ent 0.169
  upd 3881 | return   20.900 | deliv  20.90 | blocked  6.0% | idle  0.0% | ent 0.178
  upd 3882 | return   21.400 | deliv  21.40 | blocked  6.1% | idle  0.0% | ent 0.179
  upd 3883 | return   18.300 | deliv  18.30 | blocked  4.4% | idle  0.0% | ent 0.176
  upd 3884 | return   20.900 | deliv  20.90 | blocked  4.2% | idle  0.0% | ent 0.174
  upd 3885 | return   20.900 | deliv  20.90 | blocked  4.6% | idle  0.0% | ent 0.177
  upd 3886 | return   21.200 | deliv  21.20 | blocked  3.8% | idle  0.0% | ent 0.177
  upd 3887 | return   20.900 | deliv  20.90 | blocked  4.5% | idle  0.0% | ent 0.173
  upd 3888 | return   22.800 | deliv  22.80 | blocked  4.8% | idle  0.0% | ent 0.165
  upd 3889 | return   18.900 | deliv  18.90 | blocked  6.1% | idle  0.0% | ent 0.165
  upd 3890 | return   21.800 | deliv  21.80 | blocked  7.0% | idle  0.0% | ent 0.165
  upd 3891 | return   22.900 | deliv  22.90 | blocked  5.3% | idle  0.0% | ent 0.157
  upd 3892 | return   22.200 | deliv  22.20 | blocked  6.0% | idle  0.0% | ent 0.159
  upd 3893 | return   22.200 | deliv  22.20 | blocked  7.5% | idle  0.0% | ent 0.156
  upd 3894 | return   22.900 | deliv  22.90 | blocked  7.9% | idle  0.0% | ent 0.157
  upd 3895 | return   20.100 | deliv  20.10 | blocked  7.3% | idle  0.0% | ent 0.160
  upd 3896 | return   20.800 | deliv  20.80 | blocked  6.5% | idle  0.0% | ent 0.163
  upd 3897 | return   23.200 | deliv  23.20 | blocked  5.7% | idle  0.0% | ent 0.158
  upd 3898 | return   23.400 | deliv  23.40 | blocked  5.5% | idle  0.0% | ent 0.160
  upd 3899 | return   23.800 | deliv  23.80 | blocked  4.6% | idle  0.0% | ent 0.160
  [replay @ update 3900] return 30.00  deliveries 30  -> runs/ia2c_tiny-4ag_seed2/replays/replay_upd003900_s0.npz
  upd 3900 | return   22.400 | deliv  22.40 | blocked  3.9% | idle  0.0% | ent 0.160
  upd 3901 | return   20.400 | deliv  20.40 | blocked  4.5% | idle  0.0% | ent 0.163
  upd 3902 | return   26.200 | deliv  26.20 | blocked  5.4% | idle  0.0% | ent 0.160
  upd 3903 | return   23.200 | deliv  23.20 | blocked  5.7% | idle  0.0% | ent 0.162
  upd 3904 | return   24.800 | deliv  24.80 | blocked  5.6% | idle  0.0% | ent 0.161
  upd 3905 | return   25.500 | deliv  25.50 | blocked  5.3% | idle  0.0% | ent 0.161
  upd 3906 | return   21.800 | deliv  21.80 | blocked  7.4% | idle  0.0% | ent 0.166
  upd 3907 | return   24.000 | deliv  24.00 | blocked  6.0% | idle  0.0% | ent 0.161
  upd 3908 | return   26.900 | deliv  26.90 | blocked  5.9% | idle  0.0% | ent 0.160
  upd 3909 | return   25.500 | deliv  25.50 | blocked  7.2% | idle  0.0% | ent 0.158
  upd 3910 | return   19.400 | deliv  19.40 | blocked  5.6% | idle  0.0% | ent 0.163
  upd 3911 | return   21.000 | deliv  21.00 | blocked  7.3% | idle  0.0% | ent 0.168
  upd 3912 | return   22.100 | deliv  22.10 | blocked  5.9% | idle  0.0% | ent 0.163
  upd 3913 | return   21.500 | deliv  21.50 | blocked  7.2% | idle  0.0% | ent 0.171
  upd 3914 | return   21.500 | deliv  21.50 | blocked  5.2% | idle  0.0% | ent 0.167
  upd 3915 | return   21.700 | deliv  21.70 | blocked  5.3% | idle  0.0% | ent 0.165
  upd 3916 | return   24.000 | deliv  24.00 | blocked  6.9% | idle  0.0% | ent 0.163
  upd 3917 | return   20.100 | deliv  20.10 | blocked  6.9% | idle  0.0% | ent 0.174
  upd 3918 | return   20.300 | deliv  20.30 | blocked  7.2% | idle  0.0% | ent 0.172
  upd 3919 | return   20.300 | deliv  20.30 | blocked  7.4% | idle  0.0% | ent 0.173
  upd 3920 | return   22.300 | deliv  22.30 | blocked  7.2% | idle  0.0% | ent 0.165
  upd 3921 | return   24.200 | deliv  24.20 | blocked  9.0% | idle  0.0% | ent 0.167
  upd 3922 | return   22.700 | deliv  22.70 | blocked  6.4% | idle  0.0% | ent 0.166
  upd 3923 | return   24.700 | deliv  24.70 | blocked  6.7% | idle  0.0% | ent 0.160
  upd 3924 | return   21.700 | deliv  21.70 | blocked  6.2% | idle  0.0% | ent 0.167
  upd 3925 | return   21.700 | deliv  21.70 | blocked  6.4% | idle  0.0% | ent 0.166
  upd 3926 | return   20.300 | deliv  20.30 | blocked  6.8% | idle  0.0% | ent 0.178
  upd 3927 | return   21.800 | deliv  21.80 | blocked  5.0% | idle  0.0% | ent 0.162
  upd 3928 | return   23.300 | deliv  23.30 | blocked  7.9% | idle  0.0% | ent 0.165
  upd 3929 | return   26.600 | deliv  26.60 | blocked  6.1% | idle  0.0% | ent 0.165
  upd 3930 | return   24.900 | deliv  24.90 | blocked  6.1% | idle  0.0% | ent 0.154
  upd 3931 | return   24.600 | deliv  24.60 | blocked  9.2% | idle  0.0% | ent 0.162
  upd 3932 | return   27.800 | deliv  27.80 | blocked  6.2% | idle  0.0% | ent 0.153
  upd 3933 | return   27.400 | deliv  27.40 | blocked  4.7% | idle  0.0% | ent 0.148
  upd 3934 | return   22.400 | deliv  22.40 | blocked  8.1% | idle  0.0% | ent 0.158
  upd 3935 | return   22.500 | deliv  22.50 | blocked  8.2% | idle  0.0% | ent 0.167
  upd 3936 | return   21.700 | deliv  21.70 | blocked  5.8% | idle  0.0% | ent 0.152
  upd 3937 | return   21.800 | deliv  21.80 | blocked  5.8% | idle  0.0% | ent 0.160
  upd 3938 | return   23.400 | deliv  23.40 | blocked  6.3% | idle  0.0% | ent 0.161
  upd 3939 | return   22.200 | deliv  22.20 | blocked  5.2% | idle  0.0% | ent 0.157
  upd 3940 | return   19.900 | deliv  19.90 | blocked  4.1% | idle  0.0% | ent 0.156
  upd 3941 | return   19.500 | deliv  19.50 | blocked  6.6% | idle  0.0% | ent 0.169
  upd 3942 | return   18.000 | deliv  18.00 | blocked  7.4% | idle  0.0% | ent 0.173
  upd 3943 | return   23.300 | deliv  23.30 | blocked  6.0% | idle  0.0% | ent 0.165
  upd 3944 | return   22.900 | deliv  22.90 | blocked  5.4% | idle  0.0% | ent 0.156
  upd 3945 | return   21.500 | deliv  21.50 | blocked  5.4% | idle  0.0% | ent 0.162
  upd 3946 | return   24.100 | deliv  24.10 | blocked  7.9% | idle  0.0% | ent 0.161
  upd 3947 | return   25.200 | deliv  25.20 | blocked  7.2% | idle  0.0% | ent 0.160
  upd 3948 | return   25.100 | deliv  25.10 | blocked  6.6% | idle  0.0% | ent 0.160
  upd 3949 | return   22.800 | deliv  22.80 | blocked  5.7% | idle  0.0% | ent 0.163
  upd 3950 | return   22.300 | deliv  22.30 | blocked  4.8% | idle  0.0% | ent 0.158
  upd 3951 | return   21.700 | deliv  21.70 | blocked  6.0% | idle  0.0% | ent 0.153
  upd 3952 | return   24.600 | deliv  24.60 | blocked  7.1% | idle  0.0% | ent 0.156
  upd 3953 | return   22.700 | deliv  22.70 | blocked  6.1% | idle  0.0% | ent 0.156
  upd 3954 | return   23.900 | deliv  23.90 | blocked  4.5% | idle  0.0% | ent 0.153
  upd 3955 | return   20.400 | deliv  20.40 | blocked 10.5% | idle  0.0% | ent 0.166
  upd 3956 | return   24.400 | deliv  24.40 | blocked  5.4% | idle  0.0% | ent 0.155
  upd 3957 | return   25.100 | deliv  25.10 | blocked  7.0% | idle  0.0% | ent 0.159
  upd 3958 | return   22.700 | deliv  22.70 | blocked 10.9% | idle  0.0% | ent 0.169
  upd 3959 | return   24.500 | deliv  24.50 | blocked  9.0% | idle  0.0% | ent 0.168
  upd 3960 | return   21.400 | deliv  21.40 | blocked 14.3% | idle  0.0% | ent 0.190
  upd 3961 | return   26.200 | deliv  26.20 | blocked  9.5% | idle  0.0% | ent 0.164
  upd 3962 | return   20.800 | deliv  20.80 | blocked 14.8% | idle  0.0% | ent 0.180
  upd 3963 | return   26.300 | deliv  26.30 | blocked  6.1% | idle  0.0% | ent 0.168
  upd 3964 | return   25.900 | deliv  25.90 | blocked  5.2% | idle  0.0% | ent 0.170
  upd 3965 | return   23.900 | deliv  23.90 | blocked  4.4% | idle  0.0% | ent 0.166
  upd 3966 | return   24.700 | deliv  24.70 | blocked  4.7% | idle  0.0% | ent 0.171
  upd 3967 | return   25.200 | deliv  25.20 | blocked  5.7% | idle  0.0% | ent 0.170
  upd 3968 | return   24.000 | deliv  24.00 | blocked  6.2% | idle  0.0% | ent 0.165
  upd 3969 | return   26.500 | deliv  26.50 | blocked  7.7% | idle  0.0% | ent 0.156
  upd 3970 | return   23.900 | deliv  23.90 | blocked  8.8% | idle  0.0% | ent 0.158
  upd 3971 | return   28.900 | deliv  28.90 | blocked  7.3% | idle  0.0% | ent 0.151
  upd 3972 | return   25.900 | deliv  25.90 | blocked  9.5% | idle  0.0% | ent 0.153
  upd 3973 | return   23.100 | deliv  23.10 | blocked 10.2% | idle  0.0% | ent 0.162
  upd 3974 | return   23.800 | deliv  23.80 | blocked  7.7% | idle  0.0% | ent 0.155
  upd 3975 | return   23.100 | deliv  23.10 | blocked 13.1% | idle  0.0% | ent 0.165
  upd 3976 | return   24.200 | deliv  24.20 | blocked  7.7% | idle  0.0% | ent 0.148
  upd 3977 | return   25.500 | deliv  25.50 | blocked  7.8% | idle  0.0% | ent 0.154
  upd 3978 | return   24.500 | deliv  24.50 | blocked  7.2% | idle  0.0% | ent 0.153
  upd 3979 | return   25.500 | deliv  25.50 | blocked  7.7% | idle  0.0% | ent 0.155
  upd 3980 | return   25.500 | deliv  25.50 | blocked  6.3% | idle  0.0% | ent 0.163
  upd 3981 | return   21.900 | deliv  21.90 | blocked  6.3% | idle  0.0% | ent 0.167
  upd 3982 | return   26.900 | deliv  26.90 | blocked  5.5% | idle  0.0% | ent 0.158
  upd 3983 | return   25.100 | deliv  25.10 | blocked  7.6% | idle  0.0% | ent 0.157
  upd 3984 | return   25.800 | deliv  25.80 | blocked  7.2% | idle  0.0% | ent 0.166
  upd 3985 | return   24.300 | deliv  24.30 | blocked 11.0% | idle  0.0% | ent 0.166
  upd 3986 | return   23.500 | deliv  23.50 | blocked 11.4% | idle  0.0% | ent 0.177
  upd 3987 | return   24.200 | deliv  24.20 | blocked 17.1% | idle  0.0% | ent 0.167
  upd 3988 | return   22.600 | deliv  22.60 | blocked 17.6% | idle  0.0% | ent 0.159
  upd 3989 | return   20.800 | deliv  20.80 | blocked 21.6% | idle  0.0% | ent 0.164
  upd 3990 | return   21.000 | deliv  21.00 | blocked 21.3% | idle  0.0% | ent 0.167
  upd 3991 | return   23.300 | deliv  23.30 | blocked 15.1% | idle  0.0% | ent 0.156
  upd 3992 | return   21.500 | deliv  21.50 | blocked 13.9% | idle  0.0% | ent 0.172
  upd 3993 | return   26.800 | deliv  26.80 | blocked  5.7% | idle  0.0% | ent 0.156
  upd 3994 | return   24.500 | deliv  24.50 | blocked  8.6% | idle  0.0% | ent 0.156
  upd 3995 | return   24.500 | deliv  24.50 | blocked  5.6% | idle  0.0% | ent 0.155
  upd 3996 | return   24.200 | deliv  24.20 | blocked  7.5% | idle  0.0% | ent 0.154
  upd 3997 | return   25.200 | deliv  25.20 | blocked  5.5% | idle  0.0% | ent 0.150
  upd 3998 | return   25.800 | deliv  25.80 | blocked  6.8% | idle  0.0% | ent 0.137
  upd 3999 | return   24.000 | deliv  24.00 | blocked 13.8% | idle  0.0% | ent 0.139
  [replay @ update 4000] return 31.00  deliveries 31  -> runs/ia2c_tiny-4ag_seed2/replays/replay_upd004000_s0.npz

ran 2000 updates (10,000,000 env steps) in 741.1s  (13,494 steps/s)
checkpoints -> runs/ia2c_tiny-4ag_seed2/checkpoints  (latest=4000, best=4000)   metrics -> runs/ia2c_tiny-4ag_seed2/results.csv
