E0612 22:33:23.491862   13141 cuda_executor.cc:1526] Could not get kernel mode driver version: (INVALID_ARGUMENT: Version does not match the format X.Y.Z)
E0612 22:33:23.508828   13099 cuda_executor.cc:1526] Could not get kernel mode driver version: (INVALID_ARGUMENT: Version does not match the format X.Y.Z)
algo=ippo (centralised_critic=False, use_ppo=True, use_rnn=True)
env=rware-tiny-4ag  parallel_envs=10 time_limit=500  updates=4000  (steps/update=5000)  seed=2
run-dir=runs/ippo_tiny-4ag_seed2  chunk=100 updates/save  max_to_keep=5
live per-update log (return / deliveries / blocked% / idle% / entropy) follows; watch entropy — a fast drop toward 0 means exploration collapse:

  [replay @ update 0] return 0.00  deliveries 0  -> runs/ippo_tiny-4ag_seed2/replays/replay_upd000000_s0.npz
  upd    0 | return    0.000 | deliv   0.00 | blocked  3.7% | idle  6.1% | ent 1.449
  upd    1 | return    0.300 | deliv   0.30 | blocked  4.1% | idle  4.9% | ent 1.448
  upd    2 | return    0.000 | deliv   0.00 | blocked  5.6% | idle  4.5% | ent 1.450
  upd    3 | return    0.200 | deliv   0.20 | blocked  5.4% | idle  4.1% | ent 1.457
  upd    4 | return    0.300 | deliv   0.30 | blocked  7.1% | idle  3.3% | ent 1.442
  upd    5 | return    0.400 | deliv   0.40 | blocked 10.5% | idle  3.0% | ent 1.390
  upd    6 | return    0.300 | deliv   0.30 | blocked 13.7% | idle  2.9% | ent 1.370
  upd    7 | return    0.400 | deliv   0.40 | blocked 16.7% | idle  2.1% | ent 1.257
  upd    8 | return    0.300 | deliv   0.30 | blocked 22.0% | idle  1.7% | ent 1.229
  upd    9 | return    0.400 | deliv   0.40 | blocked 25.3% | idle  1.6% | ent 1.178
  upd   10 | return    0.200 | deliv   0.20 | blocked 29.2% | idle  1.3% | ent 1.132
  upd   11 | return    0.100 | deliv   0.10 | blocked 32.4% | idle  1.5% | ent 1.096
  upd   12 | return    0.500 | deliv   0.50 | blocked 36.1% | idle  1.2% | ent 1.071
  upd   13 | return    0.300 | deliv   0.30 | blocked 37.4% | idle  1.1% | ent 1.138
  upd   14 | return    0.100 | deliv   0.10 | blocked 31.2% | idle  1.2% | ent 1.111
  upd   15 | return    0.500 | deliv   0.50 | blocked 35.8% | idle  0.9% | ent 1.046
  upd   16 | return    0.400 | deliv   0.40 | blocked 37.6% | idle  0.9% | ent 1.060
  upd   17 | return    0.400 | deliv   0.40 | blocked 35.2% | idle  0.7% | ent 1.059
  upd   18 | return    0.400 | deliv   0.40 | blocked 36.8% | idle  0.6% | ent 0.910
  upd   19 | return    0.100 | deliv   0.10 | blocked 46.1% | idle  0.7% | ent 0.967
  upd   20 | return    0.400 | deliv   0.40 | blocked 45.1% | idle  0.7% | ent 1.002
  upd   21 | return    0.100 | deliv   0.10 | blocked 45.0% | idle  0.8% | ent 0.906
  upd   22 | return    0.200 | deliv   0.20 | blocked 50.3% | idle  0.8% | ent 0.888
  upd   23 | return    0.000 | deliv   0.00 | blocked 51.1% | idle  0.8% | ent 0.910
  upd   24 | return    0.200 | deliv   0.20 | blocked 49.5% | idle  0.8% | ent 0.999
  upd   25 | return    0.100 | deliv   0.10 | blocked 44.5% | idle  0.8% | ent 1.055
  upd   26 | return    0.200 | deliv   0.20 | blocked 44.5% | idle  0.9% | ent 1.004
  upd   27 | return    0.000 | deliv   0.00 | blocked 49.7% | idle  0.8% | ent 0.925
  upd   28 | return    0.000 | deliv   0.00 | blocked 53.3% | idle  0.7% | ent 0.846
  upd   29 | return    0.200 | deliv   0.20 | blocked 58.2% | idle  0.7% | ent 0.729
  upd   30 | return    0.400 | deliv   0.40 | blocked 70.4% | idle  0.5% | ent 0.616
  upd   31 | return    0.000 | deliv   0.00 | blocked 63.0% | idle  0.6% | ent 0.750
  upd   32 | return    0.300 | deliv   0.30 | blocked 60.9% | idle  0.6% | ent 0.800
  upd   33 | return    0.000 | deliv   0.00 | blocked 62.6% | idle  0.6% | ent 0.706
  upd   34 | return    0.100 | deliv   0.10 | blocked 65.8% | idle  0.5% | ent 0.727
  upd   35 | return    0.200 | deliv   0.20 | blocked 61.3% | idle  0.6% | ent 0.759
  upd   36 | return    0.200 | deliv   0.20 | blocked 56.6% | idle  0.7% | ent 0.820
  upd   37 | return    0.200 | deliv   0.20 | blocked 58.4% | idle  0.7% | ent 0.737
  upd   38 | return    0.100 | deliv   0.10 | blocked 60.6% | idle  0.6% | ent 0.818
  upd   39 | return    0.000 | deliv   0.00 | blocked 61.5% | idle  0.9% | ent 0.740
  upd   40 | return    0.200 | deliv   0.20 | blocked 64.0% | idle  0.9% | ent 0.713
  upd   41 | return    0.200 | deliv   0.20 | blocked 65.3% | idle  1.2% | ent 0.820
  upd   42 | return    0.100 | deliv   0.10 | blocked 59.9% | idle  1.5% | ent 0.849
  upd   43 | return    0.000 | deliv   0.00 | blocked 60.7% | idle  1.2% | ent 0.764
  upd   44 | return    0.200 | deliv   0.20 | blocked 64.7% | idle  1.2% | ent 0.752
  upd   45 | return    0.000 | deliv   0.00 | blocked 62.7% | idle  1.0% | ent 0.732
  upd   46 | return    0.000 | deliv   0.00 | blocked 66.9% | idle  0.9% | ent 0.678
  upd   47 | return    0.000 | deliv   0.00 | blocked 65.5% | idle  0.9% | ent 0.672
  upd   48 | return    0.000 | deliv   0.00 | blocked 70.3% | idle  0.7% | ent 0.595
  upd   49 | return    0.000 | deliv   0.00 | blocked 72.0% | idle  0.7% | ent 0.567
  upd   50 | return    0.000 | deliv   0.00 | blocked 75.6% | idle  0.7% | ent 0.542
  upd   51 | return    0.000 | deliv   0.00 | blocked 75.0% | idle  0.5% | ent 0.528
  upd   52 | return    0.000 | deliv   0.00 | blocked 79.3% | idle  0.4% | ent 0.456
  upd   53 | return    0.100 | deliv   0.10 | blocked 77.6% | idle  0.7% | ent 0.531
  upd   54 | return    0.000 | deliv   0.00 | blocked 78.6% | idle  0.5% | ent 0.437
  upd   55 | return    0.000 | deliv   0.00 | blocked 81.3% | idle  0.4% | ent 0.399
  upd   56 | return    0.000 | deliv   0.00 | blocked 82.4% | idle  0.3% | ent 0.381
  upd   57 | return    0.000 | deliv   0.00 | blocked 84.4% | idle  0.3% | ent 0.385
  upd   58 | return    0.000 | deliv   0.00 | blocked 84.0% | idle  0.3% | ent 0.377
  upd   59 | return    0.000 | deliv   0.00 | blocked 84.6% | idle  0.3% | ent 0.366
  upd   60 | return    0.000 | deliv   0.00 | blocked 82.6% | idle  0.3% | ent 0.407
  upd   61 | return    0.000 | deliv   0.00 | blocked 83.1% | idle  0.4% | ent 0.387
  upd   62 | return    0.000 | deliv   0.00 | blocked 84.2% | idle  0.3% | ent 0.369
  upd   63 | return    0.100 | deliv   0.10 | blocked 83.8% | idle  0.3% | ent 0.356
  upd   64 | return    0.000 | deliv   0.00 | blocked 87.2% | idle  0.4% | ent 0.276
  upd   65 | return    0.000 | deliv   0.00 | blocked 88.7% | idle  0.2% | ent 0.274
  upd   66 | return    0.000 | deliv   0.00 | blocked 88.8% | idle  0.2% | ent 0.259
  upd   67 | return    0.000 | deliv   0.00 | blocked 88.1% | idle  0.2% | ent 0.286
  upd   68 | return    0.000 | deliv   0.00 | blocked 88.2% | idle  0.2% | ent 0.295
  upd   69 | return    0.000 | deliv   0.00 | blocked 87.6% | idle  0.2% | ent 0.320
  upd   70 | return    0.000 | deliv   0.00 | blocked 86.4% | idle  0.3% | ent 0.350
  upd   71 | return    0.000 | deliv   0.00 | blocked 84.2% | idle  0.3% | ent 0.392
  upd   72 | return    0.000 | deliv   0.00 | blocked 83.2% | idle  0.2% | ent 0.435
  upd   73 | return    0.000 | deliv   0.00 | blocked 81.1% | idle  0.4% | ent 0.462
  upd   74 | return    0.000 | deliv   0.00 | blocked 78.5% | idle  0.3% | ent 0.503
  upd   75 | return    0.000 | deliv   0.00 | blocked 76.5% | idle  0.3% | ent 0.527
  upd   76 | return    0.000 | deliv   0.00 | blocked 75.8% | idle  0.4% | ent 0.530
  upd   77 | return    0.100 | deliv   0.10 | blocked 76.6% | idle  0.3% | ent 0.540
  upd   78 | return    0.100 | deliv   0.10 | blocked 74.3% | idle  0.4% | ent 0.552
  upd   79 | return    0.000 | deliv   0.00 | blocked 74.2% | idle  0.4% | ent 0.551
  upd   80 | return    0.000 | deliv   0.00 | blocked 75.5% | idle  0.4% | ent 0.546
  upd   81 | return    0.000 | deliv   0.00 | blocked 75.9% | idle  0.3% | ent 0.509
  upd   82 | return    0.000 | deliv   0.00 | blocked 79.1% | idle  0.3% | ent 0.502
  upd   83 | return    0.000 | deliv   0.00 | blocked 75.8% | idle  0.4% | ent 0.564
  upd   84 | return    0.000 | deliv   0.00 | blocked 72.6% | idle  0.3% | ent 0.569
  upd   85 | return    0.000 | deliv   0.00 | blocked 74.2% | idle  0.4% | ent 0.540
  upd   86 | return    0.000 | deliv   0.00 | blocked 76.7% | idle  0.4% | ent 0.525
  upd   87 | return    0.000 | deliv   0.00 | blocked 77.0% | idle  0.4% | ent 0.480
  upd   88 | return    0.000 | deliv   0.00 | blocked 81.4% | idle  0.3% | ent 0.421
  upd   89 | return    0.000 | deliv   0.00 | blocked 82.2% | idle  0.4% | ent 0.446
  upd   90 | return    0.000 | deliv   0.00 | blocked 79.0% | idle  0.4% | ent 0.499
  upd   91 | return    0.000 | deliv   0.00 | blocked 79.5% | idle  0.5% | ent 0.479
  upd   92 | return    0.000 | deliv   0.00 | blocked 78.8% | idle  0.5% | ent 0.497
  upd   93 | return    0.100 | deliv   0.10 | blocked 77.6% | idle  0.5% | ent 0.584
  upd   94 | return    0.000 | deliv   0.00 | blocked 77.0% | idle  0.6% | ent 0.492
  upd   95 | return    0.000 | deliv   0.00 | blocked 80.4% | idle  0.5% | ent 0.474
  upd   96 | return    0.000 | deliv   0.00 | blocked 79.7% | idle  0.5% | ent 0.468
  upd   97 | return    0.000 | deliv   0.00 | blocked 78.5% | idle  0.4% | ent 0.480
  upd   98 | return    0.000 | deliv   0.00 | blocked 77.9% | idle  0.5% | ent 0.557
  upd   99 | return    0.000 | deliv   0.00 | blocked 76.0% | idle  0.6% | ent 0.598
  [replay @ update 100] return 0.00  deliveries 0  -> runs/ippo_tiny-4ag_seed2/replays/replay_upd000100_s0.npz
  upd  100 | return    0.100 | deliv   0.10 | blocked 69.5% | idle  0.8% | ent 0.690
  upd  101 | return    0.000 | deliv   0.00 | blocked 64.4% | idle  1.1% | ent 0.672
  upd  102 | return    0.100 | deliv   0.10 | blocked 69.9% | idle  0.9% | ent 0.511
  upd  103 | return    0.000 | deliv   0.00 | blocked 79.8% | idle  0.8% | ent 0.485
  upd  104 | return    0.000 | deliv   0.00 | blocked 80.0% | idle  0.8% | ent 0.539
  upd  105 | return    0.000 | deliv   0.00 | blocked 77.5% | idle  0.9% | ent 0.527
  upd  106 | return    0.000 | deliv   0.00 | blocked 78.2% | idle  0.9% | ent 0.538
  upd  107 | return    0.000 | deliv   0.00 | blocked 76.5% | idle  0.8% | ent 0.576
  upd  108 | return    0.000 | deliv   0.00 | blocked 74.1% | idle  1.0% | ent 0.613
  upd  109 | return    0.000 | deliv   0.00 | blocked 72.6% | idle  1.1% | ent 0.618
  upd  110 | return    0.100 | deliv   0.10 | blocked 71.7% | idle  1.2% | ent 0.671
  upd  111 | return    0.000 | deliv   0.00 | blocked 66.7% | idle  1.5% | ent 0.686
  upd  112 | return    0.000 | deliv   0.00 | blocked 68.3% | idle  1.6% | ent 0.660
  upd  113 | return    0.000 | deliv   0.00 | blocked 67.9% | idle  1.8% | ent 0.711
  upd  114 | return    0.000 | deliv   0.00 | blocked 68.3% | idle  2.2% | ent 0.728
  upd  115 | return    0.000 | deliv   0.00 | blocked 68.6% | idle  2.8% | ent 0.697
  upd  116 | return    0.100 | deliv   0.10 | blocked 70.1% | idle  3.1% | ent 0.733
  upd  117 | return    0.000 | deliv   0.00 | blocked 69.6% | idle  3.1% | ent 0.668
  upd  118 | return    0.000 | deliv   0.00 | blocked 73.8% | idle  2.5% | ent 0.599
  upd  119 | return    0.000 | deliv   0.00 | blocked 75.9% | idle  2.3% | ent 0.591
  upd  120 | return    0.000 | deliv   0.00 | blocked 76.9% | idle  2.4% | ent 0.581
  upd  121 | return    0.000 | deliv   0.00 | blocked 78.2% | idle  2.2% | ent 0.574
  upd  122 | return    0.000 | deliv   0.00 | blocked 75.0% | idle  2.2% | ent 0.611
  upd  123 | return    0.000 | deliv   0.00 | blocked 73.7% | idle  2.5% | ent 0.670
  upd  124 | return    0.000 | deliv   0.00 | blocked 72.5% | idle  2.9% | ent 0.708
  upd  125 | return    0.000 | deliv   0.00 | blocked 69.4% | idle  3.3% | ent 0.767
  upd  126 | return    0.000 | deliv   0.00 | blocked 67.4% | idle  3.6% | ent 0.862
  upd  127 | return    0.000 | deliv   0.00 | blocked 61.5% | idle  4.3% | ent 0.935
  upd  128 | return    0.000 | deliv   0.00 | blocked 55.9% | idle  5.3% | ent 0.998
  upd  129 | return    0.000 | deliv   0.00 | blocked 53.1% | idle  6.8% | ent 1.065
  upd  130 | return    0.000 | deliv   0.00 | blocked 51.1% | idle  7.9% | ent 1.089
  upd  131 | return    0.000 | deliv   0.00 | blocked 49.1% | idle  8.6% | ent 1.077
  upd  132 | return    0.000 | deliv   0.00 | blocked 50.8% | idle  9.5% | ent 1.085
  upd  133 | return    0.000 | deliv   0.00 | blocked 51.8% | idle 10.3% | ent 1.131
  upd  134 | return    0.000 | deliv   0.00 | blocked 48.6% | idle 12.1% | ent 1.215
  upd  135 | return    0.100 | deliv   0.10 | blocked 41.2% | idle 14.8% | ent 1.316
  upd  136 | return    0.000 | deliv   0.00 | blocked 34.0% | idle 16.2% | ent 1.280
  upd  137 | return    0.000 | deliv   0.00 | blocked 40.2% | idle 16.1% | ent 1.247
  upd  138 | return    0.000 | deliv   0.00 | blocked 43.6% | idle 16.6% | ent 1.215
  upd  139 | return    0.000 | deliv   0.00 | blocked 44.7% | idle 19.1% | ent 1.217
  upd  140 | return    0.000 | deliv   0.00 | blocked 43.3% | idle 22.7% | ent 1.248
  upd  141 | return    0.000 | deliv   0.00 | blocked 40.3% | idle 26.5% | ent 1.249
  upd  142 | return    0.000 | deliv   0.00 | blocked 40.3% | idle 27.5% | ent 1.241
  upd  143 | return    0.000 | deliv   0.00 | blocked 39.1% | idle 29.0% | ent 1.241
  upd  144 | return    0.000 | deliv   0.00 | blocked 40.1% | idle 26.3% | ent 1.228
  upd  145 | return    0.000 | deliv   0.00 | blocked 38.0% | idle 30.4% | ent 1.240
  upd  146 | return    0.000 | deliv   0.00 | blocked 32.0% | idle 37.2% | ent 1.237
  upd  147 | return    0.000 | deliv   0.00 | blocked 30.0% | idle 37.9% | ent 1.204
  upd  148 | return    0.000 | deliv   0.00 | blocked 31.0% | idle 39.9% | ent 1.198
  upd  149 | return    0.000 | deliv   0.00 | blocked 29.6% | idle 41.6% | ent 1.201
  upd  150 | return    0.000 | deliv   0.00 | blocked 30.6% | idle 40.7% | ent 1.222
  upd  151 | return    0.000 | deliv   0.00 | blocked 28.9% | idle 36.6% | ent 1.228
  upd  152 | return    0.000 | deliv   0.00 | blocked 29.9% | idle 35.4% | ent 1.245
  upd  153 | return    0.000 | deliv   0.00 | blocked 29.0% | idle 35.4% | ent 1.242
  upd  154 | return    0.000 | deliv   0.00 | blocked 27.0% | idle 36.8% | ent 1.255
  upd  155 | return    0.000 | deliv   0.00 | blocked 27.9% | idle 33.4% | ent 1.252
  upd  156 | return    0.000 | deliv   0.00 | blocked 28.0% | idle 30.3% | ent 1.252
  upd  157 | return    0.000 | deliv   0.00 | blocked 28.5% | idle 28.5% | ent 1.241
  upd  158 | return    0.000 | deliv   0.00 | blocked 31.0% | idle 26.5% | ent 1.236
  upd  159 | return    0.000 | deliv   0.00 | blocked 29.9% | idle 26.2% | ent 1.230
  upd  160 | return    0.000 | deliv   0.00 | blocked 24.5% | idle 31.2% | ent 1.223
  upd  161 | return    0.000 | deliv   0.00 | blocked 22.9% | idle 32.5% | ent 1.214
  upd  162 | return    0.000 | deliv   0.00 | blocked 24.0% | idle 35.2% | ent 1.209
  upd  163 | return    0.000 | deliv   0.00 | blocked 24.4% | idle 37.2% | ent 1.195
  upd  164 | return    0.000 | deliv   0.00 | blocked 27.0% | idle 37.5% | ent 1.202
  upd  165 | return    0.000 | deliv   0.00 | blocked 31.0% | idle 31.5% | ent 1.200
  upd  166 | return    0.000 | deliv   0.00 | blocked 37.1% | idle 25.5% | ent 1.163
  upd  167 | return    0.000 | deliv   0.00 | blocked 43.5% | idle 20.1% | ent 1.116
  upd  168 | return    0.000 | deliv   0.00 | blocked 45.7% | idle 16.1% | ent 1.112
  upd  169 | return    0.000 | deliv   0.00 | blocked 45.2% | idle 15.0% | ent 1.133
  upd  170 | return    0.000 | deliv   0.00 | blocked 39.3% | idle 16.0% | ent 1.168
  upd  171 | return    0.000 | deliv   0.00 | blocked 32.4% | idle 18.1% | ent 1.183
  upd  172 | return    0.000 | deliv   0.00 | blocked 27.2% | idle 20.1% | ent 1.184
  upd  173 | return    0.000 | deliv   0.00 | blocked 25.4% | idle 24.1% | ent 1.181
  upd  174 | return    0.100 | deliv   0.10 | blocked 24.8% | idle 25.5% | ent 1.157
  upd  175 | return    0.000 | deliv   0.00 | blocked 25.0% | idle 28.1% | ent 1.162
  upd  176 | return    0.000 | deliv   0.00 | blocked 24.0% | idle 24.8% | ent 1.147
  upd  177 | return    0.000 | deliv   0.00 | blocked 26.9% | idle 22.3% | ent 1.135
  upd  178 | return    0.000 | deliv   0.00 | blocked 23.4% | idle 19.9% | ent 1.116
  upd  179 | return    0.000 | deliv   0.00 | blocked 25.1% | idle 18.7% | ent 1.095
  upd  180 | return    0.100 | deliv   0.10 | blocked 28.7% | idle 16.6% | ent 1.091
  upd  181 | return    0.000 | deliv   0.00 | blocked 27.7% | idle 15.5% | ent 1.092
  upd  182 | return    0.300 | deliv   0.30 | blocked 23.1% | idle 14.9% | ent 1.067
  upd  183 | return    0.000 | deliv   0.00 | blocked 27.7% | idle  8.9% | ent 0.990
  upd  184 | return    0.000 | deliv   0.00 | blocked 27.9% | idle  6.8% | ent 0.986
  upd  185 | return    0.000 | deliv   0.00 | blocked 27.2% | idle  6.5% | ent 0.992
  upd  186 | return    0.200 | deliv   0.20 | blocked 26.7% | idle  6.5% | ent 0.968
  upd  187 | return    0.000 | deliv   0.00 | blocked 26.9% | idle  5.9% | ent 0.946
  upd  188 | return    0.100 | deliv   0.10 | blocked 29.7% | idle  5.9% | ent 0.924
  upd  189 | return    0.000 | deliv   0.00 | blocked 27.5% | idle  6.9% | ent 0.919
  upd  190 | return    0.000 | deliv   0.00 | blocked 24.7% | idle  7.3% | ent 0.951
  upd  191 | return    0.000 | deliv   0.00 | blocked 26.9% | idle  9.5% | ent 0.935
  upd  192 | return    0.000 | deliv   0.00 | blocked 21.6% | idle  9.5% | ent 0.926
  upd  193 | return    0.000 | deliv   0.00 | blocked 23.2% | idle 11.2% | ent 0.907
  upd  194 | return    0.000 | deliv   0.00 | blocked 22.8% | idle  9.5% | ent 0.873
  upd  195 | return    0.000 | deliv   0.00 | blocked 19.2% | idle  8.5% | ent 0.830
  upd  196 | return    0.000 | deliv   0.00 | blocked 17.2% | idle  8.3% | ent 0.809
  upd  197 | return    0.100 | deliv   0.10 | blocked 14.9% | idle  8.6% | ent 0.833
  upd  198 | return    0.000 | deliv   0.00 | blocked 16.3% | idle  9.8% | ent 0.814
  upd  199 | return    0.000 | deliv   0.00 | blocked 15.2% | idle  9.8% | ent 0.781
  [replay @ update 200] return 0.00  deliveries 0  -> runs/ippo_tiny-4ag_seed2/replays/replay_upd000200_s0.npz
  upd  200 | return    0.000 | deliv   0.00 | blocked 14.0% | idle  9.1% | ent 0.742
  upd  201 | return    0.100 | deliv   0.10 | blocked 13.6% | idle  8.0% | ent 0.766
  upd  202 | return    0.000 | deliv   0.00 | blocked 15.3% | idle  8.6% | ent 0.776
  upd  203 | return    0.000 | deliv   0.00 | blocked 12.9% | idle  9.0% | ent 0.766
  upd  204 | return    0.000 | deliv   0.00 | blocked 11.8% | idle 10.1% | ent 0.779
  upd  205 | return    0.000 | deliv   0.00 | blocked  9.6% | idle  9.6% | ent 0.744
  upd  206 | return    0.000 | deliv   0.00 | blocked  8.0% | idle 10.5% | ent 0.743
  upd  207 | return    0.100 | deliv   0.10 | blocked  7.4% | idle 11.3% | ent 0.765
  upd  208 | return    0.000 | deliv   0.00 | blocked 10.3% | idle 18.1% | ent 0.793
  upd  209 | return    0.000 | deliv   0.00 | blocked  7.3% | idle 14.8% | ent 0.719
  upd  210 | return    0.200 | deliv   0.20 | blocked  7.0% | idle 13.5% | ent 0.687
  upd  211 | return    0.100 | deliv   0.10 | blocked 11.1% | idle 13.4% | ent 0.666
  upd  212 | return    0.000 | deliv   0.00 | blocked 10.3% | idle 11.6% | ent 0.625
  upd  213 | return    0.100 | deliv   0.10 | blocked  8.2% | idle  9.0% | ent 0.616
  upd  214 | return    0.100 | deliv   0.10 | blocked  9.8% | idle  7.5% | ent 0.632
  upd  215 | return    0.000 | deliv   0.00 | blocked 12.4% | idle  6.9% | ent 0.576
  upd  216 | return    0.100 | deliv   0.10 | blocked  9.0% | idle  5.6% | ent 0.533
  upd  217 | return    0.000 | deliv   0.00 | blocked  9.1% | idle  5.0% | ent 0.557
  upd  218 | return    0.000 | deliv   0.00 | blocked  9.9% | idle  4.2% | ent 0.538
  upd  219 | return    0.000 | deliv   0.00 | blocked  7.4% | idle  3.4% | ent 0.486
  upd  220 | return    0.000 | deliv   0.00 | blocked  8.2% | idle  2.7% | ent 0.487
  upd  221 | return    0.000 | deliv   0.00 | blocked  5.6% | idle  2.4% | ent 0.464
  upd  222 | return    0.100 | deliv   0.10 | blocked  4.1% | idle  2.3% | ent 0.468
  upd  223 | return    0.000 | deliv   0.00 | blocked  5.2% | idle  2.7% | ent 0.476
  upd  224 | return    0.200 | deliv   0.20 | blocked  4.8% | idle  2.4% | ent 0.506
  upd  225 | return    0.000 | deliv   0.00 | blocked  8.3% | idle  2.3% | ent 0.531
  upd  226 | return    0.100 | deliv   0.10 | blocked 14.1% | idle  2.1% | ent 0.511
  upd  227 | return    0.000 | deliv   0.00 | blocked  5.9% | idle  1.6% | ent 0.423
  upd  228 | return    0.000 | deliv   0.00 | blocked  5.2% | idle  2.0% | ent 0.395
  upd  229 | return    0.000 | deliv   0.00 | blocked  4.0% | idle  1.9% | ent 0.368
  upd  230 | return    0.000 | deliv   0.00 | blocked  4.3% | idle  1.8% | ent 0.373
  upd  231 | return    0.000 | deliv   0.00 | blocked  3.8% | idle  2.3% | ent 0.369
  upd  232 | return    0.000 | deliv   0.00 | blocked  3.5% | idle  2.7% | ent 0.353
  upd  233 | return    0.000 | deliv   0.00 | blocked  3.3% | idle  2.5% | ent 0.356
  upd  234 | return    0.100 | deliv   0.10 | blocked  2.6% | idle  2.7% | ent 0.346
  upd  235 | return    0.000 | deliv   0.00 | blocked  3.7% | idle  4.0% | ent 0.371
  upd  236 | return    0.100 | deliv   0.10 | blocked  3.4% | idle  3.3% | ent 0.366
  upd  237 | return    0.000 | deliv   0.00 | blocked  3.8% | idle  3.1% | ent 0.317
  upd  238 | return    0.100 | deliv   0.10 | blocked  2.9% | idle  3.3% | ent 0.328
  upd  239 | return    0.200 | deliv   0.20 | blocked  2.8% | idle  2.7% | ent 0.316
  upd  240 | return    0.000 | deliv   0.00 | blocked  2.9% | idle  1.9% | ent 0.246
  upd  241 | return    0.000 | deliv   0.00 | blocked  1.5% | idle  1.6% | ent 0.263
  upd  242 | return    0.000 | deliv   0.00 | blocked  1.4% | idle  2.2% | ent 0.285
  upd  243 | return    0.000 | deliv   0.00 | blocked  2.5% | idle  2.1% | ent 0.302
  upd  244 | return    0.000 | deliv   0.00 | blocked  2.5% | idle  1.7% | ent 0.289
  upd  245 | return    0.000 | deliv   0.00 | blocked  1.6% | idle  3.2% | ent 0.321
  upd  246 | return    0.000 | deliv   0.00 | blocked  1.5% | idle  2.6% | ent 0.289
  upd  247 | return    0.000 | deliv   0.00 | blocked  1.8% | idle  3.0% | ent 0.303
  upd  248 | return    0.100 | deliv   0.10 | blocked  2.5% | idle  5.2% | ent 0.398
  upd  249 | return    0.200 | deliv   0.20 | blocked  3.4% | idle  5.4% | ent 0.439
  upd  250 | return    0.000 | deliv   0.00 | blocked  2.2% | idle  5.5% | ent 0.334
  upd  251 | return    0.000 | deliv   0.00 | blocked  3.0% | idle  3.7% | ent 0.340
  upd  252 | return    0.100 | deliv   0.10 | blocked  1.3% | idle  3.4% | ent 0.342
  upd  253 | return    0.000 | deliv   0.00 | blocked  1.8% | idle  4.9% | ent 0.379
  upd  254 | return    0.000 | deliv   0.00 | blocked  2.6% | idle  6.1% | ent 0.427
  upd  255 | return    0.100 | deliv   0.10 | blocked  2.1% | idle  5.5% | ent 0.398
  upd  256 | return    0.200 | deliv   0.20 | blocked  3.7% | idle  6.1% | ent 0.439
  upd  257 | return    0.000 | deliv   0.00 | blocked  5.8% | idle  5.8% | ent 0.428
  upd  258 | return    0.000 | deliv   0.00 | blocked  2.5% | idle  5.4% | ent 0.349
  upd  259 | return    0.100 | deliv   0.10 | blocked  2.4% | idle  3.6% | ent 0.355
  upd  260 | return    0.000 | deliv   0.00 | blocked  4.7% | idle  7.2% | ent 0.431
  upd  261 | return    0.000 | deliv   0.00 | blocked  3.5% | idle  6.5% | ent 0.415
  upd  262 | return    0.000 | deliv   0.00 | blocked  4.6% | idle  7.7% | ent 0.456
  upd  263 | return    0.200 | deliv   0.20 | blocked  4.0% | idle  9.4% | ent 0.445
  upd  264 | return    0.000 | deliv   0.00 | blocked  2.7% | idle  6.4% | ent 0.379
  upd  265 | return    0.100 | deliv   0.10 | blocked  1.9% | idle  6.1% | ent 0.378
  upd  266 | return    0.000 | deliv   0.00 | blocked  2.4% | idle  8.1% | ent 0.414
  upd  267 | return    0.100 | deliv   0.10 | blocked  2.4% | idle  8.5% | ent 0.424
  upd  268 | return    0.100 | deliv   0.10 | blocked  3.6% | idle  9.6% | ent 0.494
  upd  269 | return    0.000 | deliv   0.00 | blocked  5.6% | idle 12.4% | ent 0.594
  upd  270 | return    0.100 | deliv   0.10 | blocked  7.4% | idle 12.2% | ent 0.681
  upd  271 | return    0.000 | deliv   0.00 | blocked  6.6% | idle 19.0% | ent 0.770
  upd  272 | return    0.200 | deliv   0.20 | blocked  6.7% | idle 18.2% | ent 0.742
  upd  273 | return    0.100 | deliv   0.10 | blocked  3.0% | idle 15.1% | ent 0.635
  upd  274 | return    0.000 | deliv   0.00 | blocked  5.7% | idle 10.4% | ent 0.608
  upd  275 | return    0.000 | deliv   0.00 | blocked  3.9% | idle  8.0% | ent 0.497
  upd  276 | return    0.100 | deliv   0.10 | blocked  3.2% | idle  6.5% | ent 0.449
  upd  277 | return    0.000 | deliv   0.00 | blocked  6.2% | idle  7.5% | ent 0.508
  upd  278 | return    0.000 | deliv   0.00 | blocked  4.3% | idle  7.6% | ent 0.498
  upd  279 | return    0.000 | deliv   0.00 | blocked  3.5% | idle  6.7% | ent 0.474
  upd  280 | return    0.200 | deliv   0.20 | blocked  3.2% | idle  5.4% | ent 0.467
  upd  281 | return    0.000 | deliv   0.00 | blocked  2.8% | idle  9.5% | ent 0.531
  upd  282 | return    0.000 | deliv   0.00 | blocked  1.5% | idle 13.0% | ent 0.563
  upd  283 | return    0.000 | deliv   0.00 | blocked  1.0% | idle 12.7% | ent 0.527
  upd  284 | return    0.100 | deliv   0.10 | blocked  1.8% | idle 13.4% | ent 0.567
  upd  285 | return    0.000 | deliv   0.00 | blocked  1.3% | idle 17.0% | ent 0.613
  upd  286 | return    0.000 | deliv   0.00 | blocked  1.3% | idle 15.9% | ent 0.633
  upd  287 | return    0.100 | deliv   0.10 | blocked  1.3% | idle 16.9% | ent 0.654
  upd  288 | return    0.000 | deliv   0.00 | blocked  1.3% | idle 14.9% | ent 0.588
  upd  289 | return    0.000 | deliv   0.00 | blocked  1.6% | idle 14.6% | ent 0.612
  upd  290 | return    0.000 | deliv   0.00 | blocked  1.0% | idle 12.5% | ent 0.549
  upd  291 | return    0.100 | deliv   0.10 | blocked  1.2% | idle 11.0% | ent 0.547
  upd  292 | return    0.000 | deliv   0.00 | blocked  1.3% | idle 11.0% | ent 0.540
  upd  293 | return    0.100 | deliv   0.10 | blocked  1.9% | idle 10.0% | ent 0.545
  upd  294 | return    0.100 | deliv   0.10 | blocked  1.9% | idle 11.6% | ent 0.566
  upd  295 | return    0.000 | deliv   0.00 | blocked  1.4% | idle  9.7% | ent 0.451
  upd  296 | return    0.000 | deliv   0.00 | blocked  0.8% | idle  9.8% | ent 0.427
  upd  297 | return    0.000 | deliv   0.00 | blocked  0.5% | idle  9.2% | ent 0.394
  upd  298 | return    0.200 | deliv   0.20 | blocked  0.9% | idle  8.7% | ent 0.483
  upd  299 | return    0.000 | deliv   0.00 | blocked  1.2% | idle 16.6% | ent 0.544
  [replay @ update 300] return 0.00  deliveries 0  -> runs/ippo_tiny-4ag_seed2/replays/replay_upd000300_s0.npz
  upd  300 | return    0.200 | deliv   0.20 | blocked  1.1% | idle 16.1% | ent 0.524
  upd  301 | return    0.000 | deliv   0.00 | blocked  0.7% | idle 15.2% | ent 0.399
  upd  302 | return    0.000 | deliv   0.00 | blocked  0.9% | idle 12.3% | ent 0.377
  upd  303 | return    0.100 | deliv   0.10 | blocked  1.1% | idle 10.7% | ent 0.368
  upd  304 | return    0.100 | deliv   0.10 | blocked  2.7% | idle  8.5% | ent 0.441
  upd  305 | return    0.000 | deliv   0.00 | blocked  1.7% | idle 12.2% | ent 0.439
  upd  306 | return    0.100 | deliv   0.10 | blocked  1.9% | idle 13.0% | ent 0.436
  upd  307 | return    0.000 | deliv   0.00 | blocked  0.8% | idle  9.1% | ent 0.365
  upd  308 | return    0.100 | deliv   0.10 | blocked  0.4% | idle  9.6% | ent 0.368
  upd  309 | return    0.300 | deliv   0.30 | blocked  0.7% | idle 10.0% | ent 0.445
  upd  310 | return    0.100 | deliv   0.10 | blocked  2.5% | idle 13.8% | ent 0.477
  upd  311 | return    0.100 | deliv   0.10 | blocked  1.4% | idle 15.0% | ent 0.467
  upd  312 | return    0.000 | deliv   0.00 | blocked  2.9% | idle 11.2% | ent 0.420
  upd  313 | return    0.000 | deliv   0.00 | blocked  5.0% | idle 11.9% | ent 0.444
  upd  314 | return    0.200 | deliv   0.20 | blocked  6.4% | idle 10.5% | ent 0.439
  upd  315 | return    0.000 | deliv   0.00 | blocked  7.3% | idle 10.1% | ent 0.474
  upd  316 | return    0.000 | deliv   0.00 | blocked  3.8% | idle  7.6% | ent 0.404
  upd  317 | return    0.100 | deliv   0.10 | blocked  5.4% | idle  7.0% | ent 0.413
  upd  318 | return    0.000 | deliv   0.00 | blocked  5.6% | idle  8.1% | ent 0.458
  upd  319 | return    0.100 | deliv   0.10 | blocked  5.3% | idle  8.4% | ent 0.457
  upd  320 | return    0.100 | deliv   0.10 | blocked  3.1% | idle  8.0% | ent 0.385
  upd  321 | return    0.000 | deliv   0.00 | blocked  2.7% | idle  6.6% | ent 0.350
  upd  322 | return    0.000 | deliv   0.00 | blocked  1.4% | idle  5.8% | ent 0.295
  upd  323 | return    0.200 | deliv   0.20 | blocked  2.7% | idle  6.1% | ent 0.341
  upd  324 | return    0.000 | deliv   0.00 | blocked  3.2% | idle  4.6% | ent 0.294
  upd  325 | return    0.000 | deliv   0.00 | blocked  3.7% | idle  4.2% | ent 0.301
  upd  326 | return    0.000 | deliv   0.00 | blocked  3.1% | idle  4.3% | ent 0.294
  upd  327 | return    0.100 | deliv   0.10 | blocked  3.9% | idle  4.3% | ent 0.308
  upd  328 | return    0.000 | deliv   0.00 | blocked  4.6% | idle  4.2% | ent 0.318
  upd  329 | return    0.000 | deliv   0.00 | blocked  1.7% | idle  4.0% | ent 0.280
  upd  330 | return    0.100 | deliv   0.10 | blocked  1.8% | idle  4.4% | ent 0.292
  upd  331 | return    0.000 | deliv   0.00 | blocked  1.5% | idle  4.2% | ent 0.284
  upd  332 | return    0.100 | deliv   0.10 | blocked  2.3% | idle  4.7% | ent 0.333
  upd  333 | return    0.000 | deliv   0.00 | blocked  2.6% | idle  5.1% | ent 0.335
  upd  334 | return    0.100 | deliv   0.10 | blocked  2.3% | idle  5.9% | ent 0.356
  upd  335 | return    0.200 | deliv   0.20 | blocked  1.3% | idle  5.4% | ent 0.324
  upd  336 | return    0.100 | deliv   0.10 | blocked  3.3% | idle  5.0% | ent 0.403
  upd  337 | return    0.300 | deliv   0.30 | blocked  5.8% | idle  5.1% | ent 0.423
  upd  338 | return    0.100 | deliv   0.10 | blocked  4.8% | idle  4.8% | ent 0.427
  upd  339 | return    0.100 | deliv   0.10 | blocked  4.0% | idle  4.6% | ent 0.415
  upd  340 | return    0.000 | deliv   0.00 | blocked  4.3% | idle  5.0% | ent 0.426
  upd  341 | return    0.100 | deliv   0.10 | blocked  2.6% | idle  4.2% | ent 0.386
  upd  342 | return    0.000 | deliv   0.00 | blocked  4.7% | idle  4.4% | ent 0.457
  upd  343 | return    0.300 | deliv   0.30 | blocked  7.4% | idle  4.2% | ent 0.473
  upd  344 | return    0.000 | deliv   0.00 | blocked  9.2% | idle  4.3% | ent 0.467
  upd  345 | return    0.200 | deliv   0.20 | blocked  8.0% | idle  3.4% | ent 0.426
  upd  346 | return    0.000 | deliv   0.00 | blocked  7.3% | idle  4.6% | ent 0.456
  upd  347 | return    0.200 | deliv   0.20 | blocked  6.0% | idle  3.9% | ent 0.416
  upd  348 | return    0.100 | deliv   0.10 | blocked  4.2% | idle  4.8% | ent 0.395
  upd  349 | return    0.200 | deliv   0.20 | blocked  5.9% | idle  4.4% | ent 0.422
  upd  350 | return    0.100 | deliv   0.10 | blocked  7.8% | idle  4.1% | ent 0.450
  upd  351 | return    0.400 | deliv   0.40 | blocked  7.5% | idle  4.4% | ent 0.454
  upd  352 | return    0.000 | deliv   0.00 | blocked  7.0% | idle  3.7% | ent 0.352
  upd  353 | return    0.100 | deliv   0.10 | blocked  4.4% | idle  3.8% | ent 0.300
  upd  354 | return    0.000 | deliv   0.00 | blocked  3.8% | idle  3.4% | ent 0.294
  upd  355 | return    0.100 | deliv   0.10 | blocked  5.7% | idle  3.0% | ent 0.289
  upd  356 | return    0.000 | deliv   0.00 | blocked  2.7% | idle  3.7% | ent 0.261
  upd  357 | return    0.100 | deliv   0.10 | blocked  2.2% | idle  4.5% | ent 0.291
  upd  358 | return    0.000 | deliv   0.00 | blocked  2.1% | idle  4.9% | ent 0.310
  upd  359 | return    0.100 | deliv   0.10 | blocked  2.7% | idle  5.3% | ent 0.326
  upd  360 | return    0.100 | deliv   0.10 | blocked  5.1% | idle  4.9% | ent 0.370
  upd  361 | return    0.100 | deliv   0.10 | blocked  5.4% | idle  5.4% | ent 0.364
  upd  362 | return    0.100 | deliv   0.10 | blocked  7.1% | idle  6.9% | ent 0.465
  upd  363 | return    0.000 | deliv   0.00 | blocked  6.9% | idle  7.5% | ent 0.482
  upd  364 | return    0.000 | deliv   0.00 | blocked  4.1% | idle  9.3% | ent 0.516
  upd  365 | return    0.000 | deliv   0.00 | blocked  3.7% | idle  9.6% | ent 0.492
  upd  366 | return    0.100 | deliv   0.10 | blocked  3.2% | idle 11.3% | ent 0.537
  upd  367 | return    0.100 | deliv   0.10 | blocked  4.7% | idle 11.4% | ent 0.516
  upd  368 | return    0.200 | deliv   0.20 | blocked  4.1% | idle  8.9% | ent 0.472
  upd  369 | return    0.500 | deliv   0.50 | blocked  5.1% | idle  8.6% | ent 0.520
  upd  370 | return    0.200 | deliv   0.20 | blocked  4.5% | idle  9.8% | ent 0.481
  upd  371 | return    0.100 | deliv   0.10 | blocked  7.4% | idle  9.4% | ent 0.463
  upd  372 | return    0.000 | deliv   0.00 | blocked  3.7% | idle 10.6% | ent 0.461
  upd  373 | return    0.100 | deliv   0.10 | blocked  7.1% | idle  8.2% | ent 0.441
  upd  374 | return    0.000 | deliv   0.00 | blocked  3.7% | idle  9.4% | ent 0.461
  upd  375 | return    0.000 | deliv   0.00 | blocked  3.8% | idle 10.6% | ent 0.518
  upd  376 | return    0.200 | deliv   0.20 | blocked  5.8% | idle 11.6% | ent 0.542
  upd  377 | return    0.100 | deliv   0.10 | blocked  4.2% | idle 13.2% | ent 0.563
  upd  378 | return    0.300 | deliv   0.30 | blocked  4.9% | idle 15.3% | ent 0.549
  upd  379 | return    0.200 | deliv   0.20 | blocked  4.1% | idle 18.2% | ent 0.628
  upd  380 | return    0.000 | deliv   0.00 | blocked  4.0% | idle 19.0% | ent 0.602
  upd  381 | return    0.000 | deliv   0.00 | blocked  3.5% | idle 18.2% | ent 0.584
  upd  382 | return    0.300 | deliv   0.30 | blocked  3.7% | idle 16.4% | ent 0.515
  upd  383 | return    0.200 | deliv   0.20 | blocked  4.4% | idle 11.8% | ent 0.441
  upd  384 | return    0.200 | deliv   0.20 | blocked  4.1% | idle 11.7% | ent 0.534
  upd  385 | return    0.400 | deliv   0.40 | blocked  3.9% | idle 13.6% | ent 0.467
  upd  386 | return    0.200 | deliv   0.20 | blocked  5.8% | idle  9.1% | ent 0.445
  upd  387 | return    0.000 | deliv   0.00 | blocked  2.5% | idle 10.7% | ent 0.429
  upd  388 | return    0.200 | deliv   0.20 | blocked  5.1% | idle 10.8% | ent 0.448
  upd  389 | return    0.300 | deliv   0.30 | blocked  6.4% | idle 10.3% | ent 0.488
  upd  390 | return    0.100 | deliv   0.10 | blocked  2.2% | idle 13.5% | ent 0.468
  upd  391 | return    0.000 | deliv   0.00 | blocked  3.8% | idle 15.3% | ent 0.533
  upd  392 | return    0.200 | deliv   0.20 | blocked  7.7% | idle 13.9% | ent 0.550
  upd  393 | return    0.100 | deliv   0.10 | blocked  2.9% | idle 18.6% | ent 0.541
  upd  394 | return    0.100 | deliv   0.10 | blocked  3.8% | idle 20.3% | ent 0.595
  upd  395 | return    0.200 | deliv   0.20 | blocked  3.2% | idle 21.1% | ent 0.594
  upd  396 | return    0.200 | deliv   0.20 | blocked  3.9% | idle 19.0% | ent 0.564
  upd  397 | return    0.100 | deliv   0.10 | blocked  4.5% | idle 22.7% | ent 0.609
  upd  398 | return    0.100 | deliv   0.10 | blocked  2.6% | idle 22.8% | ent 0.559
  upd  399 | return    0.100 | deliv   0.10 | blocked  8.3% | idle 15.2% | ent 0.569
  [replay @ update 400] return 0.00  deliveries 0  -> runs/ippo_tiny-4ag_seed2/replays/replay_upd000400_s0.npz
  upd  400 | return    0.100 | deliv   0.10 | blocked  4.6% | idle 21.4% | ent 0.615
  upd  401 | return    0.000 | deliv   0.00 | blocked  7.7% | idle 23.0% | ent 0.642
  upd  402 | return    0.100 | deliv   0.10 | blocked  9.6% | idle 21.3% | ent 0.638
  upd  403 | return    0.000 | deliv   0.00 | blocked  8.8% | idle 28.6% | ent 0.687
  upd  404 | return    0.100 | deliv   0.10 | blocked  8.0% | idle 28.8% | ent 0.631
  upd  405 | return    0.000 | deliv   0.00 | blocked  5.0% | idle 33.2% | ent 0.705
  upd  406 | return    0.300 | deliv   0.30 | blocked  5.5% | idle 35.0% | ent 0.680
  upd  407 | return    0.000 | deliv   0.00 | blocked 10.0% | idle 28.7% | ent 0.651
  upd  408 | return    0.100 | deliv   0.10 | blocked  8.8% | idle 34.0% | ent 0.691
  upd  409 | return    0.000 | deliv   0.00 | blocked  7.5% | idle 34.2% | ent 0.696
  upd  410 | return    0.100 | deliv   0.10 | blocked  8.8% | idle 37.1% | ent 0.672
  upd  411 | return    0.200 | deliv   0.20 | blocked  5.6% | idle 33.8% | ent 0.648
  upd  412 | return    0.100 | deliv   0.10 | blocked  8.6% | idle 30.4% | ent 0.598
  upd  413 | return    0.200 | deliv   0.20 | blocked  9.5% | idle 26.4% | ent 0.607
  upd  414 | return    0.000 | deliv   0.00 | blocked  6.9% | idle 27.2% | ent 0.623
  upd  415 | return    0.200 | deliv   0.20 | blocked  8.3% | idle 29.6% | ent 0.653
  upd  416 | return    0.000 | deliv   0.00 | blocked 10.1% | idle 27.8% | ent 0.597
  upd  417 | return    0.200 | deliv   0.20 | blocked  4.8% | idle 34.5% | ent 0.632
  upd  418 | return    0.000 | deliv   0.00 | blocked  7.8% | idle 35.0% | ent 0.642
  upd  419 | return    0.300 | deliv   0.30 | blocked  4.7% | idle 38.1% | ent 0.651
  upd  420 | return    0.000 | deliv   0.00 | blocked  8.5% | idle 40.5% | ent 0.662
  upd  421 | return    0.000 | deliv   0.00 | blocked  9.4% | idle 46.4% | ent 0.634
  upd  422 | return    0.100 | deliv   0.10 | blocked 10.4% | idle 47.2% | ent 0.653
  upd  423 | return    0.200 | deliv   0.20 | blocked  8.1% | idle 47.6% | ent 0.650
  upd  424 | return    0.200 | deliv   0.20 | blocked  7.9% | idle 42.9% | ent 0.665
  upd  425 | return    0.100 | deliv   0.10 | blocked 14.7% | idle 32.2% | ent 0.635
  upd  426 | return    0.000 | deliv   0.00 | blocked  6.3% | idle 33.3% | ent 0.649
  upd  427 | return    0.000 | deliv   0.00 | blocked  6.2% | idle 35.1% | ent 0.654
  upd  428 | return    0.000 | deliv   0.00 | blocked 11.5% | idle 29.9% | ent 0.651
  upd  429 | return    0.200 | deliv   0.20 | blocked 13.1% | idle 30.0% | ent 0.606
  upd  430 | return    0.200 | deliv   0.20 | blocked  9.2% | idle 31.8% | ent 0.592
  upd  431 | return    0.100 | deliv   0.10 | blocked 13.7% | idle 33.5% | ent 0.641
  upd  432 | return    0.000 | deliv   0.00 | blocked 15.6% | idle 35.8% | ent 0.637
  upd  433 | return    0.100 | deliv   0.10 | blocked 20.3% | idle 34.7% | ent 0.617
  upd  434 | return    0.000 | deliv   0.00 | blocked  8.8% | idle 38.6% | ent 0.688
  upd  435 | return    0.000 | deliv   0.00 | blocked 17.3% | idle 34.8% | ent 0.576
  upd  436 | return    0.100 | deliv   0.10 | blocked 14.8% | idle 37.7% | ent 0.579
  upd  437 | return    0.500 | deliv   0.50 | blocked 14.0% | idle 37.5% | ent 0.597
  upd  438 | return    0.500 | deliv   0.50 | blocked 14.1% | idle 44.7% | ent 0.593
  upd  439 | return    0.100 | deliv   0.10 | blocked 10.3% | idle 51.7% | ent 0.629
  upd  440 | return    0.200 | deliv   0.20 | blocked 16.3% | idle 43.0% | ent 0.620
  upd  441 | return    0.300 | deliv   0.30 | blocked  6.6% | idle 56.1% | ent 0.573
  upd  442 | return    0.000 | deliv   0.00 | blocked 12.7% | idle 51.3% | ent 0.571
  upd  443 | return    0.300 | deliv   0.30 | blocked 17.5% | idle 51.5% | ent 0.517
  upd  444 | return    0.200 | deliv   0.20 | blocked 23.1% | idle 48.5% | ent 0.521
  upd  445 | return    0.300 | deliv   0.30 | blocked 19.7% | idle 50.1% | ent 0.560
  upd  446 | return    0.100 | deliv   0.10 | blocked 19.8% | idle 50.6% | ent 0.563
  upd  447 | return    0.000 | deliv   0.00 | blocked 21.5% | idle 44.4% | ent 0.560
  upd  448 | return    0.100 | deliv   0.10 | blocked 16.0% | idle 49.0% | ent 0.596
  upd  449 | return    0.100 | deliv   0.10 | blocked 16.9% | idle 50.4% | ent 0.605
  upd  450 | return    0.100 | deliv   0.10 | blocked 17.9% | idle 49.7% | ent 0.582
  upd  451 | return    0.000 | deliv   0.00 | blocked 14.3% | idle 47.3% | ent 0.622
  upd  452 | return    0.100 | deliv   0.10 | blocked 15.2% | idle 48.3% | ent 0.610
  upd  453 | return    0.100 | deliv   0.10 | blocked 17.2% | idle 47.8% | ent 0.598
  upd  454 | return    0.200 | deliv   0.20 | blocked 20.7% | idle 49.3% | ent 0.522
  upd  455 | return    0.100 | deliv   0.10 | blocked 17.3% | idle 57.2% | ent 0.506
  upd  456 | return    0.000 | deliv   0.00 | blocked 15.0% | idle 63.1% | ent 0.486
  upd  457 | return    0.100 | deliv   0.10 | blocked 20.0% | idle 58.2% | ent 0.512
  upd  458 | return    0.200 | deliv   0.20 | blocked 14.6% | idle 64.2% | ent 0.471
  upd  459 | return    0.100 | deliv   0.10 | blocked 19.9% | idle 56.5% | ent 0.506
  upd  460 | return    0.100 | deliv   0.10 | blocked 20.3% | idle 59.0% | ent 0.463
  upd  461 | return    0.200 | deliv   0.20 | blocked 25.6% | idle 51.2% | ent 0.494
  upd  462 | return    0.200 | deliv   0.20 | blocked 25.3% | idle 52.2% | ent 0.475
  upd  463 | return    0.200 | deliv   0.20 | blocked 19.6% | idle 61.6% | ent 0.430
  upd  464 | return    0.100 | deliv   0.10 | blocked 15.5% | idle 57.7% | ent 0.501
  upd  465 | return    0.400 | deliv   0.40 | blocked 15.3% | idle 64.5% | ent 0.423
  upd  466 | return    0.100 | deliv   0.10 | blocked 15.1% | idle 63.7% | ent 0.441
  upd  467 | return    0.200 | deliv   0.20 | blocked 15.4% | idle 62.8% | ent 0.479
  upd  468 | return    0.100 | deliv   0.10 | blocked 15.5% | idle 58.8% | ent 0.495
  upd  469 | return    0.100 | deliv   0.10 | blocked 10.1% | idle 67.3% | ent 0.522
  upd  470 | return    0.400 | deliv   0.40 | blocked 20.4% | idle 54.3% | ent 0.535
  upd  471 | return    0.300 | deliv   0.30 | blocked 17.4% | idle 58.2% | ent 0.471
  upd  472 | return    0.100 | deliv   0.10 | blocked 17.8% | idle 64.4% | ent 0.446
  upd  473 | return    0.200 | deliv   0.20 | blocked 16.2% | idle 65.2% | ent 0.447
  upd  474 | return    0.400 | deliv   0.40 | blocked 18.6% | idle 58.8% | ent 0.513
  upd  475 | return    0.500 | deliv   0.50 | blocked 22.1% | idle 59.8% | ent 0.471
  upd  476 | return    0.200 | deliv   0.20 | blocked 18.9% | idle 61.1% | ent 0.485
  upd  477 | return    0.200 | deliv   0.20 | blocked 19.4% | idle 59.9% | ent 0.539
  upd  478 | return    0.400 | deliv   0.40 | blocked 23.1% | idle 52.1% | ent 0.525
  upd  479 | return    0.100 | deliv   0.10 | blocked 12.9% | idle 61.9% | ent 0.593
  upd  480 | return    0.300 | deliv   0.30 | blocked 13.4% | idle 60.5% | ent 0.590
  upd  481 | return    0.000 | deliv   0.00 | blocked 26.5% | idle 47.7% | ent 0.569
  upd  482 | return    0.200 | deliv   0.20 | blocked 19.1% | idle 54.9% | ent 0.563
  upd  483 | return    0.300 | deliv   0.30 | blocked 23.3% | idle 44.8% | ent 0.519
  upd  484 | return    0.100 | deliv   0.10 | blocked 19.3% | idle 51.7% | ent 0.556
  upd  485 | return    0.500 | deliv   0.50 | blocked 21.2% | idle 51.8% | ent 0.614
  upd  486 | return    0.200 | deliv   0.20 | blocked 17.6% | idle 54.5% | ent 0.589
  upd  487 | return    0.400 | deliv   0.40 | blocked 26.6% | idle 39.2% | ent 0.610
  upd  488 | return    0.500 | deliv   0.50 | blocked 21.4% | idle 44.2% | ent 0.591
  upd  489 | return    0.200 | deliv   0.20 | blocked 21.3% | idle 45.8% | ent 0.615
  upd  490 | return    0.700 | deliv   0.70 | blocked 25.0% | idle 46.5% | ent 0.613
  upd  491 | return    0.400 | deliv   0.40 | blocked 23.1% | idle 47.7% | ent 0.552
  upd  492 | return    0.300 | deliv   0.30 | blocked 28.5% | idle 43.7% | ent 0.619
  upd  493 | return    0.200 | deliv   0.20 | blocked 26.6% | idle 44.7% | ent 0.601
  upd  494 | return    0.300 | deliv   0.30 | blocked 25.9% | idle 43.4% | ent 0.632
  upd  495 | return    0.300 | deliv   0.30 | blocked 28.3% | idle 44.3% | ent 0.590
  upd  496 | return    0.200 | deliv   0.20 | blocked 37.5% | idle 37.5% | ent 0.568
  upd  497 | return    0.500 | deliv   0.50 | blocked 38.6% | idle 32.9% | ent 0.575
  upd  498 | return    0.100 | deliv   0.10 | blocked 29.7% | idle 37.4% | ent 0.663
  upd  499 | return    0.300 | deliv   0.30 | blocked 21.5% | idle 49.5% | ent 0.659
  [replay @ update 500] return 0.00  deliveries 0  -> runs/ippo_tiny-4ag_seed2/replays/replay_upd000500_s0.npz
  upd  500 | return    0.700 | deliv   0.70 | blocked 33.0% | idle 32.2% | ent 0.686
  upd  501 | return    0.500 | deliv   0.50 | blocked 23.9% | idle 38.7% | ent 0.692
  upd  502 | return    0.600 | deliv   0.60 | blocked 23.6% | idle 42.1% | ent 0.680
  upd  503 | return    0.600 | deliv   0.60 | blocked 24.8% | idle 41.5% | ent 0.705
  upd  504 | return    0.500 | deliv   0.50 | blocked 29.1% | idle 36.1% | ent 0.714
  upd  505 | return    0.300 | deliv   0.30 | blocked 25.4% | idle 40.2% | ent 0.690
  upd  506 | return    0.300 | deliv   0.30 | blocked 26.0% | idle 39.7% | ent 0.694
  upd  507 | return    0.400 | deliv   0.40 | blocked 21.5% | idle 44.5% | ent 0.686
  upd  508 | return    0.500 | deliv   0.50 | blocked 26.1% | idle 40.4% | ent 0.658
  upd  509 | return    0.500 | deliv   0.50 | blocked 27.1% | idle 42.1% | ent 0.599
  upd  510 | return    0.600 | deliv   0.60 | blocked 24.5% | idle 47.6% | ent 0.585
  upd  511 | return    0.300 | deliv   0.30 | blocked 27.5% | idle 43.1% | ent 0.609
  upd  512 | return    0.400 | deliv   0.40 | blocked 22.1% | idle 51.2% | ent 0.611
  upd  513 | return    0.400 | deliv   0.40 | blocked 29.9% | idle 37.9% | ent 0.653
  upd  514 | return    0.600 | deliv   0.60 | blocked 33.9% | idle 35.1% | ent 0.631
  upd  515 | return    0.800 | deliv   0.80 | blocked 19.4% | idle 36.9% | ent 0.709
  upd  516 | return    0.600 | deliv   0.60 | blocked 21.2% | idle 37.6% | ent 0.725
  upd  517 | return    0.700 | deliv   0.70 | blocked 25.6% | idle 27.9% | ent 0.728
  upd  518 | return    0.200 | deliv   0.20 | blocked 18.9% | idle 32.0% | ent 0.688
  upd  519 | return    0.400 | deliv   0.40 | blocked 26.0% | idle 26.3% | ent 0.677
  upd  520 | return    0.600 | deliv   0.60 | blocked 38.6% | idle 20.7% | ent 0.605
  upd  521 | return    0.500 | deliv   0.50 | blocked 27.2% | idle 32.8% | ent 0.700
  upd  522 | return    0.600 | deliv   0.60 | blocked 36.6% | idle 24.0% | ent 0.628
  upd  523 | return    0.700 | deliv   0.70 | blocked 30.4% | idle 26.8% | ent 0.670
  upd  524 | return    0.500 | deliv   0.50 | blocked 24.9% | idle 30.0% | ent 0.681
  upd  525 | return    0.600 | deliv   0.60 | blocked 35.5% | idle 27.8% | ent 0.629
  upd  526 | return    0.500 | deliv   0.50 | blocked 26.9% | idle 25.9% | ent 0.657
  upd  527 | return    0.600 | deliv   0.60 | blocked 29.1% | idle 31.6% | ent 0.680
  upd  528 | return    0.600 | deliv   0.60 | blocked 33.2% | idle 30.0% | ent 0.627
  upd  529 | return    0.600 | deliv   0.60 | blocked 26.8% | idle 34.1% | ent 0.593
  upd  530 | return    0.500 | deliv   0.50 | blocked 27.5% | idle 35.6% | ent 0.545
  upd  531 | return    0.300 | deliv   0.30 | blocked 33.1% | idle 35.9% | ent 0.632
  upd  532 | return    0.300 | deliv   0.30 | blocked 21.5% | idle 44.1% | ent 0.641
  upd  533 | return    0.200 | deliv   0.20 | blocked 23.7% | idle 41.4% | ent 0.635
  upd  534 | return    0.500 | deliv   0.50 | blocked 25.5% | idle 37.1% | ent 0.691
  upd  535 | return    0.800 | deliv   0.80 | blocked 32.0% | idle 33.2% | ent 0.621
  upd  536 | return    0.500 | deliv   0.50 | blocked 29.9% | idle 32.8% | ent 0.618
  upd  537 | return    0.700 | deliv   0.70 | blocked 27.5% | idle 34.4% | ent 0.615
  upd  538 | return    0.600 | deliv   0.60 | blocked 37.7% | idle 27.7% | ent 0.583
  upd  539 | return    0.300 | deliv   0.30 | blocked 33.3% | idle 33.3% | ent 0.605
  upd  540 | return    0.500 | deliv   0.50 | blocked 25.7% | idle 33.0% | ent 0.658
  upd  541 | return    0.500 | deliv   0.50 | blocked 35.7% | idle 32.2% | ent 0.588
  upd  542 | return    0.300 | deliv   0.30 | blocked 26.3% | idle 33.9% | ent 0.622
  upd  543 | return    0.600 | deliv   0.60 | blocked 23.5% | idle 32.1% | ent 0.648
  upd  544 | return    0.600 | deliv   0.60 | blocked 37.0% | idle 29.6% | ent 0.578
  upd  545 | return    0.600 | deliv   0.60 | blocked 22.3% | idle 35.8% | ent 0.608
  upd  546 | return    0.800 | deliv   0.80 | blocked 24.0% | idle 38.6% | ent 0.671
  upd  547 | return    0.800 | deliv   0.80 | blocked 37.4% | idle 26.5% | ent 0.635
  upd  548 | return    0.400 | deliv   0.40 | blocked 23.5% | idle 36.1% | ent 0.723
  upd  549 | return    0.900 | deliv   0.90 | blocked 31.8% | idle 26.7% | ent 0.665
  upd  550 | return    0.400 | deliv   0.40 | blocked 19.9% | idle 33.7% | ent 0.710
  upd  551 | return    0.600 | deliv   0.60 | blocked 28.7% | idle 25.7% | ent 0.620
  upd  552 | return    0.400 | deliv   0.40 | blocked 38.7% | idle 22.1% | ent 0.592
  upd  553 | return    0.500 | deliv   0.50 | blocked 28.5% | idle 36.1% | ent 0.565
  upd  554 | return    0.900 | deliv   0.90 | blocked 38.0% | idle 25.2% | ent 0.664
  upd  555 | return    0.700 | deliv   0.70 | blocked 24.6% | idle 35.4% | ent 0.705
  upd  556 | return    0.400 | deliv   0.40 | blocked 24.6% | idle 35.2% | ent 0.682
  upd  557 | return    0.400 | deliv   0.40 | blocked 23.8% | idle 36.3% | ent 0.685
  upd  558 | return    0.400 | deliv   0.40 | blocked 24.3% | idle 34.4% | ent 0.637
  upd  559 | return    0.600 | deliv   0.60 | blocked 29.6% | idle 29.6% | ent 0.650
  upd  560 | return    0.600 | deliv   0.60 | blocked 26.2% | idle 33.2% | ent 0.670
  upd  561 | return    0.300 | deliv   0.30 | blocked 18.9% | idle 39.9% | ent 0.641
  upd  562 | return    0.400 | deliv   0.40 | blocked 26.7% | idle 35.4% | ent 0.716
  upd  563 | return    0.600 | deliv   0.60 | blocked 24.5% | idle 34.8% | ent 0.711
  upd  564 | return    1.000 | deliv   1.00 | blocked 21.9% | idle 34.8% | ent 0.722
  upd  565 | return    1.000 | deliv   1.00 | blocked 25.6% | idle 31.7% | ent 0.695
  upd  566 | return    1.100 | deliv   1.10 | blocked 23.0% | idle 29.9% | ent 0.696
  upd  567 | return    0.800 | deliv   0.80 | blocked 15.1% | idle 34.2% | ent 0.746
  upd  568 | return    1.100 | deliv   1.10 | blocked 17.6% | idle 32.2% | ent 0.709
  upd  569 | return    0.500 | deliv   0.50 | blocked 19.7% | idle 36.1% | ent 0.709
  upd  570 | return    0.800 | deliv   0.80 | blocked 12.7% | idle 38.9% | ent 0.728
  upd  571 | return    0.800 | deliv   0.80 | blocked 17.1% | idle 35.7% | ent 0.662
  upd  572 | return    1.100 | deliv   1.10 | blocked 25.9% | idle 32.4% | ent 0.638
  upd  573 | return    0.600 | deliv   0.60 | blocked 19.1% | idle 38.6% | ent 0.716
  upd  574 | return    0.900 | deliv   0.90 | blocked 24.3% | idle 35.5% | ent 0.649
  upd  575 | return    1.000 | deliv   1.00 | blocked 24.2% | idle 35.7% | ent 0.686
  upd  576 | return    0.600 | deliv   0.60 | blocked 25.8% | idle 32.9% | ent 0.631
  upd  577 | return    1.000 | deliv   1.00 | blocked 17.8% | idle 45.3% | ent 0.693
  upd  578 | return    0.600 | deliv   0.60 | blocked 21.8% | idle 41.1% | ent 0.674
  upd  579 | return    0.800 | deliv   0.80 | blocked 18.7% | idle 44.7% | ent 0.676
  upd  580 | return    0.400 | deliv   0.40 | blocked 19.1% | idle 41.9% | ent 0.682
  upd  581 | return    1.100 | deliv   1.10 | blocked 19.1% | idle 39.0% | ent 0.656
  upd  582 | return    0.700 | deliv   0.70 | blocked 22.5% | idle 39.0% | ent 0.682
  upd  583 | return    0.600 | deliv   0.60 | blocked 24.7% | idle 39.1% | ent 0.712
  upd  584 | return    0.900 | deliv   0.90 | blocked 19.0% | idle 43.7% | ent 0.678
  upd  585 | return    0.600 | deliv   0.60 | blocked 18.6% | idle 47.2% | ent 0.637
  upd  586 | return    1.200 | deliv   1.20 | blocked 28.8% | idle 39.9% | ent 0.652
  upd  587 | return    1.000 | deliv   1.00 | blocked 20.5% | idle 43.5% | ent 0.661
  upd  588 | return    1.100 | deliv   1.10 | blocked 16.7% | idle 38.1% | ent 0.665
  upd  589 | return    0.600 | deliv   0.60 | blocked 16.6% | idle 36.0% | ent 0.645
  upd  590 | return    0.700 | deliv   0.70 | blocked 29.6% | idle 30.8% | ent 0.625
  upd  591 | return    1.100 | deliv   1.10 | blocked 23.5% | idle 30.7% | ent 0.648
  upd  592 | return    1.000 | deliv   1.00 | blocked 26.5% | idle 31.8% | ent 0.629
  upd  593 | return    0.500 | deliv   0.50 | blocked 28.9% | idle 31.2% | ent 0.609
  upd  594 | return    0.700 | deliv   0.70 | blocked 28.9% | idle 28.9% | ent 0.659
  upd  595 | return    1.000 | deliv   1.00 | blocked 26.6% | idle 33.8% | ent 0.693
  upd  596 | return    0.800 | deliv   0.80 | blocked 10.6% | idle 44.3% | ent 0.703
  upd  597 | return    1.200 | deliv   1.20 | blocked 25.6% | idle 31.8% | ent 0.694
  upd  598 | return    0.800 | deliv   0.80 | blocked 12.6% | idle 40.7% | ent 0.704
  upd  599 | return    0.800 | deliv   0.80 | blocked 10.4% | idle 37.6% | ent 0.729
  [replay @ update 600] return 0.00  deliveries 0  -> runs/ippo_tiny-4ag_seed2/replays/replay_upd000600_s0.npz
  upd  600 | return    0.800 | deliv   0.80 | blocked 11.9% | idle 35.1% | ent 0.742
  upd  601 | return    1.000 | deliv   1.00 | blocked 19.1% | idle 30.9% | ent 0.739
  upd  602 | return    0.600 | deliv   0.60 | blocked 15.0% | idle 34.6% | ent 0.736
  upd  603 | return    0.500 | deliv   0.50 | blocked  6.1% | idle 38.0% | ent 0.721
  upd  604 | return    0.600 | deliv   0.60 | blocked 10.2% | idle 35.0% | ent 0.697
  upd  605 | return    0.900 | deliv   0.90 | blocked 13.2% | idle 31.1% | ent 0.680
  upd  606 | return    0.700 | deliv   0.70 | blocked  9.5% | idle 30.6% | ent 0.683
  upd  607 | return    0.400 | deliv   0.40 | blocked 10.5% | idle 32.5% | ent 0.735
  upd  608 | return    0.500 | deliv   0.50 | blocked 12.1% | idle 33.7% | ent 0.738
  upd  609 | return    0.700 | deliv   0.70 | blocked  7.4% | idle 35.0% | ent 0.724
  upd  610 | return    0.800 | deliv   0.80 | blocked  6.9% | idle 32.4% | ent 0.695
  upd  611 | return    0.800 | deliv   0.80 | blocked 10.7% | idle 34.5% | ent 0.687
  upd  612 | return    0.500 | deliv   0.50 | blocked  9.6% | idle 26.7% | ent 0.634
  upd  613 | return    0.500 | deliv   0.50 | blocked  3.8% | idle 25.3% | ent 0.617
  upd  614 | return    0.700 | deliv   0.70 | blocked  7.5% | idle 23.3% | ent 0.641
  upd  615 | return    0.700 | deliv   0.70 | blocked 13.0% | idle 26.0% | ent 0.665
  upd  616 | return    0.900 | deliv   0.90 | blocked  6.1% | idle 23.8% | ent 0.679
  upd  617 | return    0.800 | deliv   0.80 | blocked 12.8% | idle 31.6% | ent 0.700
  upd  618 | return    1.200 | deliv   1.20 | blocked 10.7% | idle 28.1% | ent 0.618
  upd  619 | return    0.800 | deliv   0.80 | blocked  6.9% | idle 34.3% | ent 0.685
  upd  620 | return    0.500 | deliv   0.50 | blocked  3.4% | idle 27.5% | ent 0.661
  upd  621 | return    0.800 | deliv   0.80 | blocked  4.2% | idle 28.0% | ent 0.658
  upd  622 | return    1.000 | deliv   1.00 | blocked  9.9% | idle 28.6% | ent 0.727
  upd  623 | return    0.900 | deliv   0.90 | blocked 12.4% | idle 24.4% | ent 0.748
  upd  624 | return    1.100 | deliv   1.10 | blocked  9.2% | idle 27.0% | ent 0.742
  upd  625 | return    0.800 | deliv   0.80 | blocked 11.4% | idle 27.3% | ent 0.778
  upd  626 | return    0.700 | deliv   0.70 | blocked 11.6% | idle 28.2% | ent 0.738
  upd  627 | return    0.800 | deliv   0.80 | blocked 12.3% | idle 31.8% | ent 0.692
  upd  628 | return    0.700 | deliv   0.70 | blocked  5.6% | idle 34.7% | ent 0.754
  upd  629 | return    0.900 | deliv   0.90 | blocked 14.5% | idle 27.3% | ent 0.768
  upd  630 | return    0.500 | deliv   0.50 | blocked  3.9% | idle 34.5% | ent 0.748
  upd  631 | return    0.700 | deliv   0.70 | blocked  7.6% | idle 30.4% | ent 0.715
  upd  632 | return    0.600 | deliv   0.60 | blocked 10.4% | idle 31.6% | ent 0.813
  upd  633 | return    1.200 | deliv   1.20 | blocked  9.3% | idle 30.9% | ent 0.787
  upd  634 | return    1.100 | deliv   1.10 | blocked 11.8% | idle 27.3% | ent 0.713
  upd  635 | return    0.800 | deliv   0.80 | blocked 14.4% | idle 24.1% | ent 0.666
  upd  636 | return    1.300 | deliv   1.30 | blocked 19.1% | idle 26.4% | ent 0.740
  upd  637 | return    0.600 | deliv   0.60 | blocked 12.2% | idle 28.5% | ent 0.780
  upd  638 | return    0.600 | deliv   0.60 | blocked 10.2% | idle 26.3% | ent 0.756
  upd  639 | return    0.800 | deliv   0.80 | blocked 10.2% | idle 25.3% | ent 0.739
  upd  640 | return    0.500 | deliv   0.50 | blocked  9.7% | idle 26.6% | ent 0.752
  upd  641 | return    0.600 | deliv   0.60 | blocked  6.3% | idle 23.8% | ent 0.671
  upd  642 | return    0.500 | deliv   0.50 | blocked 16.2% | idle 21.3% | ent 0.654
  upd  643 | return    1.000 | deliv   1.00 | blocked  8.4% | idle 22.3% | ent 0.635
  upd  644 | return    0.700 | deliv   0.70 | blocked 14.8% | idle 20.5% | ent 0.645
  upd  645 | return    0.800 | deliv   0.80 | blocked  6.6% | idle 21.4% | ent 0.647
  upd  646 | return    0.500 | deliv   0.50 | blocked  8.1% | idle 21.3% | ent 0.678
  upd  647 | return    1.000 | deliv   1.00 | blocked 15.2% | idle 20.9% | ent 0.670
  upd  648 | return    1.400 | deliv   1.40 | blocked 17.4% | idle 16.1% | ent 0.613
  upd  649 | return    1.100 | deliv   1.10 | blocked  7.2% | idle 18.3% | ent 0.660
  upd  650 | return    0.900 | deliv   0.90 | blocked 14.7% | idle 19.3% | ent 0.620
  upd  651 | return    1.700 | deliv   1.70 | blocked 13.1% | idle 15.5% | ent 0.666
  upd  652 | return    0.800 | deliv   0.80 | blocked 10.2% | idle 22.0% | ent 0.719
  upd  653 | return    0.300 | deliv   0.30 | blocked  9.3% | idle 18.8% | ent 0.625
  upd  654 | return    0.600 | deliv   0.60 | blocked  8.9% | idle 23.1% | ent 0.724
  upd  655 | return    1.100 | deliv   1.10 | blocked  9.5% | idle 28.4% | ent 0.754
  upd  656 | return    1.000 | deliv   1.00 | blocked 18.2% | idle 21.3% | ent 0.702
  upd  657 | return    1.000 | deliv   1.00 | blocked 16.5% | idle 21.0% | ent 0.695
  upd  658 | return    0.500 | deliv   0.50 | blocked 12.5% | idle 27.4% | ent 0.703
  upd  659 | return    1.000 | deliv   1.00 | blocked 10.3% | idle 31.4% | ent 0.775
  upd  660 | return    0.700 | deliv   0.70 | blocked 17.1% | idle 25.3% | ent 0.649
  upd  661 | return    0.700 | deliv   0.70 | blocked 10.2% | idle 28.7% | ent 0.714
  upd  662 | return    0.900 | deliv   0.90 | blocked 11.2% | idle 31.6% | ent 0.765
  upd  663 | return    0.600 | deliv   0.60 | blocked 22.1% | idle 28.2% | ent 0.536
  upd  664 | return    0.700 | deliv   0.70 | blocked 13.0% | idle 32.6% | ent 0.667
  upd  665 | return    0.500 | deliv   0.50 | blocked  7.9% | idle 37.6% | ent 0.695
  upd  666 | return    0.600 | deliv   0.60 | blocked  7.6% | idle 43.1% | ent 0.725
  upd  667 | return    0.900 | deliv   0.90 | blocked 10.8% | idle 40.6% | ent 0.670
  upd  668 | return    0.600 | deliv   0.60 | blocked 17.3% | idle 40.7% | ent 0.728
  upd  669 | return    0.700 | deliv   0.70 | blocked  9.5% | idle 42.6% | ent 0.652
  upd  670 | return    0.400 | deliv   0.40 | blocked  9.3% | idle 39.7% | ent 0.675
  upd  671 | return    0.600 | deliv   0.60 | blocked 20.7% | idle 34.7% | ent 0.612
  upd  672 | return    1.300 | deliv   1.30 | blocked 20.6% | idle 35.4% | ent 0.675
  upd  673 | return    1.400 | deliv   1.40 | blocked 14.3% | idle 38.1% | ent 0.710
  upd  674 | return    0.600 | deliv   0.60 | blocked 19.7% | idle 37.1% | ent 0.620
  upd  675 | return    1.400 | deliv   1.40 | blocked 17.2% | idle 36.6% | ent 0.653
  upd  676 | return    0.500 | deliv   0.50 | blocked 12.6% | idle 39.2% | ent 0.618
  upd  677 | return    1.000 | deliv   1.00 | blocked 15.7% | idle 38.0% | ent 0.667
  upd  678 | return    1.000 | deliv   1.00 | blocked 13.8% | idle 36.7% | ent 0.709
  upd  679 | return    0.900 | deliv   0.90 | blocked 11.1% | idle 37.0% | ent 0.590
  upd  680 | return    1.000 | deliv   1.00 | blocked 13.4% | idle 33.2% | ent 0.630
  upd  681 | return    1.100 | deliv   1.10 | blocked 13.0% | idle 30.1% | ent 0.660
  upd  682 | return    0.900 | deliv   0.90 | blocked  9.5% | idle 40.7% | ent 0.750
  upd  683 | return    1.100 | deliv   1.10 | blocked 12.6% | idle 36.0% | ent 0.699
  upd  684 | return    1.000 | deliv   1.00 | blocked 11.5% | idle 35.1% | ent 0.700
  upd  685 | return    0.900 | deliv   0.90 | blocked  4.9% | idle 44.7% | ent 0.743
  upd  686 | return    1.100 | deliv   1.10 | blocked 14.7% | idle 34.4% | ent 0.623
  upd  687 | return    0.900 | deliv   0.90 | blocked 22.1% | idle 33.5% | ent 0.635
  upd  688 | return    0.600 | deliv   0.60 | blocked  7.7% | idle 35.0% | ent 0.640
  upd  689 | return    1.300 | deliv   1.30 | blocked 19.1% | idle 29.8% | ent 0.664
  upd  690 | return    0.700 | deliv   0.70 | blocked 14.3% | idle 31.0% | ent 0.652
  upd  691 | return    1.300 | deliv   1.30 | blocked 15.8% | idle 31.5% | ent 0.595
  upd  692 | return    1.000 | deliv   1.00 | blocked 12.4% | idle 35.9% | ent 0.717
  upd  693 | return    0.800 | deliv   0.80 | blocked 16.6% | idle 30.4% | ent 0.619
  upd  694 | return    0.500 | deliv   0.50 | blocked 11.2% | idle 38.6% | ent 0.708
  upd  695 | return    1.000 | deliv   1.00 | blocked 23.6% | idle 29.8% | ent 0.594
  upd  696 | return    0.800 | deliv   0.80 | blocked 13.5% | idle 41.9% | ent 0.645
  upd  697 | return    1.100 | deliv   1.10 | blocked 15.1% | idle 38.5% | ent 0.608
  upd  698 | return    1.200 | deliv   1.20 | blocked  7.1% | idle 42.0% | ent 0.703
  upd  699 | return    0.300 | deliv   0.30 | blocked  9.0% | idle 42.1% | ent 0.681
  [replay @ update 700] return 0.00  deliveries 0  -> runs/ippo_tiny-4ag_seed2/replays/replay_upd000700_s0.npz
  upd  700 | return    0.900 | deliv   0.90 | blocked  8.6% | idle 40.6% | ent 0.656
  upd  701 | return    0.700 | deliv   0.70 | blocked  6.6% | idle 36.1% | ent 0.630
  upd  702 | return    0.700 | deliv   0.70 | blocked 15.2% | idle 35.2% | ent 0.645
  upd  703 | return    1.400 | deliv   1.40 | blocked 12.4% | idle 25.3% | ent 0.630
  upd  704 | return    0.800 | deliv   0.80 | blocked  7.8% | idle 32.5% | ent 0.658
  upd  705 | return    0.900 | deliv   0.90 | blocked 10.2% | idle 25.8% | ent 0.616
  upd  706 | return    0.500 | deliv   0.50 | blocked  4.9% | idle 35.3% | ent 0.699
  upd  707 | return    0.900 | deliv   0.90 | blocked  6.8% | idle 30.3% | ent 0.647
  upd  708 | return    1.600 | deliv   1.60 | blocked 13.2% | idle 28.6% | ent 0.690
  upd  709 | return    0.500 | deliv   0.50 | blocked  6.9% | idle 34.9% | ent 0.725
  upd  710 | return    1.100 | deliv   1.10 | blocked 11.9% | idle 30.1% | ent 0.682
  upd  711 | return    1.200 | deliv   1.20 | blocked  7.7% | idle 27.9% | ent 0.594
  upd  712 | return    0.300 | deliv   0.30 | blocked  8.8% | idle 19.5% | ent 0.535
  upd  713 | return    0.900 | deliv   0.90 | blocked 11.4% | idle 15.5% | ent 0.518
  upd  714 | return    0.700 | deliv   0.70 | blocked 15.7% | idle 13.0% | ent 0.511
  upd  715 | return    1.300 | deliv   1.30 | blocked  7.1% | idle 13.6% | ent 0.495
  upd  716 | return    1.000 | deliv   1.00 | blocked  9.1% | idle 12.1% | ent 0.468
  upd  717 | return    1.300 | deliv   1.30 | blocked  8.9% | idle 12.0% | ent 0.509
  upd  718 | return    1.100 | deliv   1.10 | blocked 18.3% | idle 10.2% | ent 0.399
  upd  719 | return    0.700 | deliv   0.70 | blocked  4.6% | idle  9.2% | ent 0.418
  upd  720 | return    0.700 | deliv   0.70 | blocked  8.8% | idle  8.5% | ent 0.420
  upd  721 | return    1.100 | deliv   1.10 | blocked 12.3% | idle 10.1% | ent 0.448
  upd  722 | return    0.700 | deliv   0.70 | blocked  5.7% | idle 10.5% | ent 0.469
  upd  723 | return    0.600 | deliv   0.60 | blocked 11.5% | idle 10.4% | ent 0.445
  upd  724 | return    1.400 | deliv   1.40 | blocked 12.8% | idle 11.6% | ent 0.473
  upd  725 | return    0.500 | deliv   0.50 | blocked  5.2% | idle 14.0% | ent 0.530
  upd  726 | return    1.000 | deliv   1.00 | blocked  6.4% | idle 12.5% | ent 0.471
  upd  727 | return    1.300 | deliv   1.30 | blocked  7.2% | idle 12.8% | ent 0.480
  upd  728 | return    1.000 | deliv   1.00 | blocked  7.9% | idle 11.5% | ent 0.449
  upd  729 | return    0.400 | deliv   0.40 | blocked  9.2% | idle 15.5% | ent 0.504
  upd  730 | return    0.900 | deliv   0.90 | blocked  9.7% | idle 14.7% | ent 0.498
  upd  731 | return    1.600 | deliv   1.60 | blocked 11.5% | idle 18.3% | ent 0.573
  upd  732 | return    1.000 | deliv   1.00 | blocked  4.3% | idle 17.4% | ent 0.522
  upd  733 | return    1.400 | deliv   1.40 | blocked  7.4% | idle 21.0% | ent 0.566
  upd  734 | return    0.800 | deliv   0.80 | blocked  5.8% | idle 28.2% | ent 0.622
  upd  735 | return    1.100 | deliv   1.10 | blocked  7.2% | idle 25.2% | ent 0.560
  upd  736 | return    1.100 | deliv   1.10 | blocked  7.6% | idle 23.5% | ent 0.533
  upd  737 | return    1.200 | deliv   1.20 | blocked 10.2% | idle 24.0% | ent 0.546
  upd  738 | return    0.500 | deliv   0.50 | blocked  6.8% | idle 26.7% | ent 0.551
  upd  739 | return    0.600 | deliv   0.60 | blocked  5.1% | idle 23.8% | ent 0.544
  upd  740 | return    0.700 | deliv   0.70 | blocked  6.6% | idle 19.1% | ent 0.472
  upd  741 | return    1.100 | deliv   1.10 | blocked  7.3% | idle 20.0% | ent 0.535
  upd  742 | return    1.200 | deliv   1.20 | blocked  8.4% | idle 19.4% | ent 0.530
  upd  743 | return    1.200 | deliv   1.20 | blocked 11.9% | idle 19.9% | ent 0.550
  upd  744 | return    1.100 | deliv   1.10 | blocked  5.4% | idle 23.4% | ent 0.503
  upd  745 | return    0.700 | deliv   0.70 | blocked  5.1% | idle 26.4% | ent 0.563
  upd  746 | return    0.800 | deliv   0.80 | blocked  6.7% | idle 26.2% | ent 0.577
  upd  747 | return    1.000 | deliv   1.00 | blocked 16.7% | idle 22.0% | ent 0.481
  upd  748 | return    0.800 | deliv   0.80 | blocked  4.1% | idle 25.7% | ent 0.535
  upd  749 | return    1.400 | deliv   1.40 | blocked  8.8% | idle 21.0% | ent 0.460
  upd  750 | return    1.100 | deliv   1.10 | blocked  6.2% | idle 17.5% | ent 0.471
  upd  751 | return    1.500 | deliv   1.50 | blocked  8.4% | idle 15.1% | ent 0.463
  upd  752 | return    0.900 | deliv   0.90 | blocked  4.2% | idle 17.9% | ent 0.498
  upd  753 | return    0.700 | deliv   0.70 | blocked  4.5% | idle 15.8% | ent 0.453
  upd  754 | return    1.200 | deliv   1.20 | blocked  9.5% | idle 16.6% | ent 0.450
  upd  755 | return    1.100 | deliv   1.10 | blocked  4.0% | idle 16.5% | ent 0.430
  upd  756 | return    1.000 | deliv   1.00 | blocked  5.2% | idle 16.0% | ent 0.448
  upd  757 | return    1.200 | deliv   1.20 | blocked  6.5% | idle 15.0% | ent 0.416
  upd  758 | return    0.900 | deliv   0.90 | blocked  8.1% | idle 17.6% | ent 0.454
  upd  759 | return    0.900 | deliv   0.90 | blocked  5.9% | idle 14.3% | ent 0.444
  upd  760 | return    1.000 | deliv   1.00 | blocked  7.2% | idle 10.1% | ent 0.345
  upd  761 | return    1.200 | deliv   1.20 | blocked 10.4% | idle 11.5% | ent 0.399
  upd  762 | return    1.200 | deliv   1.20 | blocked 12.5% | idle 10.2% | ent 0.372
  upd  763 | return    1.000 | deliv   1.00 | blocked  7.8% | idle 11.1% | ent 0.413
  upd  764 | return    1.100 | deliv   1.10 | blocked 10.3% | idle 12.1% | ent 0.410
  upd  765 | return    0.400 | deliv   0.40 | blocked  5.0% | idle 12.8% | ent 0.448
  upd  766 | return    1.100 | deliv   1.10 | blocked  6.9% | idle 12.1% | ent 0.415
  upd  767 | return    0.500 | deliv   0.50 | blocked  3.1% | idle 14.6% | ent 0.452
  upd  768 | return    1.200 | deliv   1.20 | blocked  5.5% | idle 17.1% | ent 0.500
  upd  769 | return    0.800 | deliv   0.80 | blocked  8.2% | idle 16.3% | ent 0.428
  upd  770 | return    1.400 | deliv   1.40 | blocked  7.4% | idle 20.5% | ent 0.489
  upd  771 | return    0.400 | deliv   0.40 | blocked  3.7% | idle 24.3% | ent 0.543
  upd  772 | return    1.000 | deliv   1.00 | blocked  2.8% | idle 21.2% | ent 0.511
  upd  773 | return    0.700 | deliv   0.70 | blocked  3.9% | idle 18.9% | ent 0.448
  upd  774 | return    1.000 | deliv   1.00 | blocked 10.8% | idle 22.2% | ent 0.531
  upd  775 | return    1.200 | deliv   1.20 | blocked  3.0% | idle 25.4% | ent 0.550
  upd  776 | return    1.000 | deliv   1.00 | blocked  5.9% | idle 22.2% | ent 0.482
  upd  777 | return    0.900 | deliv   0.90 | blocked  1.9% | idle 27.4% | ent 0.561
  upd  778 | return    1.200 | deliv   1.20 | blocked  3.9% | idle 25.3% | ent 0.558
  upd  779 | return    0.900 | deliv   0.90 | blocked  6.2% | idle 22.9% | ent 0.505
  upd  780 | return    1.100 | deliv   1.10 | blocked  5.5% | idle 19.7% | ent 0.477
  upd  781 | return    1.200 | deliv   1.20 | blocked  7.2% | idle 22.2% | ent 0.569
  upd  782 | return    1.000 | deliv   1.00 | blocked  5.9% | idle 22.2% | ent 0.547
  upd  783 | return    1.600 | deliv   1.60 | blocked 10.8% | idle 21.2% | ent 0.486
  upd  784 | return    1.100 | deliv   1.10 | blocked  7.1% | idle 26.4% | ent 0.571
  upd  785 | return    0.800 | deliv   0.80 | blocked  7.2% | idle 21.4% | ent 0.475
  upd  786 | return    0.900 | deliv   0.90 | blocked  5.0% | idle 24.3% | ent 0.547
  upd  787 | return    1.000 | deliv   1.00 | blocked  2.9% | idle 24.2% | ent 0.545
  upd  788 | return    0.600 | deliv   0.60 | blocked  4.2% | idle 24.5% | ent 0.564
  upd  789 | return    1.400 | deliv   1.40 | blocked  6.9% | idle 24.5% | ent 0.519
  upd  790 | return    1.500 | deliv   1.50 | blocked  7.0% | idle 24.6% | ent 0.542
  upd  791 | return    1.600 | deliv   1.60 | blocked  7.6% | idle 24.4% | ent 0.542
  upd  792 | return    1.200 | deliv   1.20 | blocked  4.6% | idle 22.7% | ent 0.544
  upd  793 | return    0.700 | deliv   0.70 | blocked  1.6% | idle 23.6% | ent 0.524
  upd  794 | return    1.400 | deliv   1.40 | blocked  6.1% | idle 25.6% | ent 0.530
  upd  795 | return    1.300 | deliv   1.30 | blocked 14.4% | idle 21.5% | ent 0.483
  upd  796 | return    1.100 | deliv   1.10 | blocked  6.2% | idle 25.9% | ent 0.550
  upd  797 | return    0.900 | deliv   0.90 | blocked  2.9% | idle 28.5% | ent 0.578
  upd  798 | return    1.000 | deliv   1.00 | blocked  2.1% | idle 27.2% | ent 0.564
  upd  799 | return    0.800 | deliv   0.80 | blocked  6.6% | idle 26.6% | ent 0.551
  [replay @ update 800] return 0.00  deliveries 0  -> runs/ippo_tiny-4ag_seed2/replays/replay_upd000800_s0.npz
  upd  800 | return    1.100 | deliv   1.10 | blocked  5.7% | idle 28.5% | ent 0.567
  upd  801 | return    0.800 | deliv   0.80 | blocked  6.9% | idle 27.0% | ent 0.564
  upd  802 | return    1.100 | deliv   1.10 | blocked  1.5% | idle 29.7% | ent 0.586
  upd  803 | return    1.600 | deliv   1.60 | blocked  5.6% | idle 26.4% | ent 0.556
  upd  804 | return    0.900 | deliv   0.90 | blocked  4.0% | idle 28.3% | ent 0.563
  upd  805 | return    1.500 | deliv   1.50 | blocked  7.2% | idle 23.4% | ent 0.563
  upd  806 | return    1.000 | deliv   1.00 | blocked  7.8% | idle 23.9% | ent 0.532
  upd  807 | return    0.600 | deliv   0.60 | blocked 10.3% | idle 24.8% | ent 0.528
  upd  808 | return    1.300 | deliv   1.30 | blocked 13.7% | idle 23.8% | ent 0.519
  upd  809 | return    1.300 | deliv   1.30 | blocked  7.7% | idle 24.2% | ent 0.524
  upd  810 | return    1.700 | deliv   1.70 | blocked 10.8% | idle 21.5% | ent 0.523
  upd  811 | return    1.100 | deliv   1.10 | blocked 11.4% | idle 23.1% | ent 0.514
  upd  812 | return    0.700 | deliv   0.70 | blocked  6.2% | idle 24.2% | ent 0.526
  upd  813 | return    1.300 | deliv   1.30 | blocked 14.9% | idle 26.1% | ent 0.520
  upd  814 | return    1.000 | deliv   1.00 | blocked 15.8% | idle 27.2% | ent 0.521
  upd  815 | return    0.600 | deliv   0.60 | blocked  7.1% | idle 35.0% | ent 0.565
  upd  816 | return    0.500 | deliv   0.50 | blocked  7.9% | idle 35.3% | ent 0.549
  upd  817 | return    1.100 | deliv   1.10 | blocked 15.5% | idle 34.4% | ent 0.517
  upd  818 | return    1.300 | deliv   1.30 | blocked  9.0% | idle 36.8% | ent 0.524
  upd  819 | return    1.200 | deliv   1.20 | blocked 10.0% | idle 40.2% | ent 0.535
  upd  820 | return    1.400 | deliv   1.40 | blocked  7.4% | idle 46.5% | ent 0.568
  upd  821 | return    0.700 | deliv   0.70 | blocked 15.9% | idle 43.8% | ent 0.473
  upd  822 | return    1.100 | deliv   1.10 | blocked 10.7% | idle 44.4% | ent 0.554
  upd  823 | return    1.100 | deliv   1.10 | blocked  5.7% | idle 46.4% | ent 0.586
  upd  824 | return    1.100 | deliv   1.10 | blocked  6.8% | idle 44.3% | ent 0.568
  upd  825 | return    1.000 | deliv   1.00 | blocked  3.7% | idle 44.0% | ent 0.579
  upd  826 | return    0.700 | deliv   0.70 | blocked  4.2% | idle 42.6% | ent 0.579
  upd  827 | return    0.600 | deliv   0.60 | blocked  6.1% | idle 37.7% | ent 0.519
  upd  828 | return    0.800 | deliv   0.80 | blocked 10.1% | idle 35.3% | ent 0.500
  upd  829 | return    0.600 | deliv   0.60 | blocked  8.8% | idle 38.0% | ent 0.527
  upd  830 | return    1.900 | deliv   1.90 | blocked 11.9% | idle 35.0% | ent 0.524
  upd  831 | return    1.300 | deliv   1.30 | blocked 14.4% | idle 35.8% | ent 0.540
  upd  832 | return    1.100 | deliv   1.10 | blocked  6.4% | idle 33.8% | ent 0.554
  upd  833 | return    1.200 | deliv   1.20 | blocked  9.3% | idle 32.4% | ent 0.570
  upd  834 | return    0.800 | deliv   0.80 | blocked  8.7% | idle 35.4% | ent 0.583
  upd  835 | return    1.400 | deliv   1.40 | blocked  3.5% | idle 34.3% | ent 0.558
  upd  836 | return    1.200 | deliv   1.20 | blocked  4.3% | idle 34.1% | ent 0.570
  upd  837 | return    0.800 | deliv   0.80 | blocked  9.2% | idle 35.8% | ent 0.556
  upd  838 | return    1.000 | deliv   1.00 | blocked  7.1% | idle 40.8% | ent 0.574
  upd  839 | return    1.000 | deliv   1.00 | blocked 15.4% | idle 38.3% | ent 0.503
  upd  840 | return    1.500 | deliv   1.50 | blocked  9.8% | idle 40.5% | ent 0.513
  upd  841 | return    0.900 | deliv   0.90 | blocked  5.8% | idle 44.6% | ent 0.537
  upd  842 | return    1.000 | deliv   1.00 | blocked  4.9% | idle 47.2% | ent 0.520
  upd  843 | return    1.100 | deliv   1.10 | blocked  8.4% | idle 49.5% | ent 0.544
  upd  844 | return    1.000 | deliv   1.00 | blocked  7.8% | idle 49.0% | ent 0.502
  upd  845 | return    1.700 | deliv   1.70 | blocked 18.2% | idle 44.4% | ent 0.455
  upd  846 | return    1.100 | deliv   1.10 | blocked  4.8% | idle 58.9% | ent 0.489
  upd  847 | return    0.800 | deliv   0.80 | blocked  3.0% | idle 54.4% | ent 0.499
  upd  848 | return    1.400 | deliv   1.40 | blocked  6.6% | idle 50.1% | ent 0.471
  upd  849 | return    1.200 | deliv   1.20 | blocked  3.9% | idle 57.0% | ent 0.483
  upd  850 | return    1.200 | deliv   1.20 | blocked 11.8% | idle 50.2% | ent 0.458
  upd  851 | return    0.900 | deliv   0.90 | blocked  6.5% | idle 52.8% | ent 0.448
  upd  852 | return    0.400 | deliv   0.40 | blocked 12.9% | idle 52.9% | ent 0.428
  upd  853 | return    0.700 | deliv   0.70 | blocked  7.1% | idle 55.1% | ent 0.483
  upd  854 | return    1.200 | deliv   1.20 | blocked  7.1% | idle 55.6% | ent 0.494
  upd  855 | return    1.000 | deliv   1.00 | blocked  2.1% | idle 57.8% | ent 0.491
  upd  856 | return    0.900 | deliv   0.90 | blocked 10.9% | idle 54.1% | ent 0.401
  upd  857 | return    0.600 | deliv   0.60 | blocked  2.8% | idle 59.6% | ent 0.431
  upd  858 | return    0.900 | deliv   0.90 | blocked  4.0% | idle 54.8% | ent 0.419
  upd  859 | return    0.900 | deliv   0.90 | blocked  3.3% | idle 60.7% | ent 0.446
  upd  860 | return    1.300 | deliv   1.30 | blocked  2.9% | idle 69.9% | ent 0.412
  upd  861 | return    1.500 | deliv   1.50 | blocked  4.4% | idle 67.2% | ent 0.403
  upd  862 | return    1.000 | deliv   1.00 | blocked  7.6% | idle 66.0% | ent 0.342
  upd  863 | return    1.100 | deliv   1.10 | blocked  2.3% | idle 68.8% | ent 0.360
  upd  864 | return    0.900 | deliv   0.90 | blocked  2.7% | idle 67.2% | ent 0.348
  upd  865 | return    1.200 | deliv   1.20 | blocked  5.2% | idle 71.1% | ent 0.374
  upd  866 | return    0.700 | deliv   0.70 | blocked  1.7% | idle 69.9% | ent 0.344
  upd  867 | return    1.100 | deliv   1.10 | blocked  8.8% | idle 70.2% | ent 0.278
  upd  868 | return    0.900 | deliv   0.90 | blocked  7.4% | idle 69.7% | ent 0.296
  upd  869 | return    1.400 | deliv   1.40 | blocked  9.6% | idle 64.5% | ent 0.293
  upd  870 | return    1.100 | deliv   1.10 | blocked  4.3% | idle 71.4% | ent 0.281
  upd  871 | return    0.900 | deliv   0.90 | blocked  6.7% | idle 77.7% | ent 0.269
  upd  872 | return    0.900 | deliv   0.90 | blocked  9.7% | idle 73.4% | ent 0.242
  upd  873 | return    0.900 | deliv   0.90 | blocked  7.0% | idle 73.7% | ent 0.203
  upd  874 | return    0.400 | deliv   0.40 | blocked 11.3% | idle 66.9% | ent 0.203
  upd  875 | return    0.800 | deliv   0.80 | blocked  5.3% | idle 72.3% | ent 0.273
  upd  876 | return    1.100 | deliv   1.10 | blocked  2.7% | idle 77.7% | ent 0.293
  upd  877 | return    0.800 | deliv   0.80 | blocked  1.8% | idle 73.5% | ent 0.308
  upd  878 | return    0.900 | deliv   0.90 | blocked  1.6% | idle 72.5% | ent 0.315
  upd  879 | return    1.300 | deliv   1.30 | blocked  2.4% | idle 70.8% | ent 0.412
  upd  880 | return    0.700 | deliv   0.70 | blocked  2.9% | idle 72.2% | ent 0.389
  upd  881 | return    1.000 | deliv   1.00 | blocked  3.1% | idle 68.4% | ent 0.416
  upd  882 | return    0.800 | deliv   0.80 | blocked  3.5% | idle 72.0% | ent 0.402
  upd  883 | return    1.100 | deliv   1.10 | blocked 10.0% | idle 65.1% | ent 0.413
  upd  884 | return    1.500 | deliv   1.50 | blocked  5.4% | idle 66.1% | ent 0.483
  upd  885 | return    1.000 | deliv   1.00 | blocked 10.5% | idle 63.1% | ent 0.425
  upd  886 | return    1.200 | deliv   1.20 | blocked  5.0% | idle 63.1% | ent 0.494
  upd  887 | return    1.000 | deliv   1.00 | blocked 11.7% | idle 59.5% | ent 0.442
  upd  888 | return    1.000 | deliv   1.00 | blocked  8.2% | idle 62.3% | ent 0.437
  upd  889 | return    0.800 | deliv   0.80 | blocked  1.6% | idle 67.3% | ent 0.417
  upd  890 | return    0.800 | deliv   0.80 | blocked  1.5% | idle 69.1% | ent 0.463
  upd  891 | return    0.800 | deliv   0.80 | blocked  8.3% | idle 60.9% | ent 0.428
  upd  892 | return    0.700 | deliv   0.70 | blocked  2.4% | idle 68.8% | ent 0.454
  upd  893 | return    1.100 | deliv   1.10 | blocked  5.8% | idle 65.7% | ent 0.428
  upd  894 | return    0.900 | deliv   0.90 | blocked  0.5% | idle 71.2% | ent 0.429
  upd  895 | return    1.000 | deliv   1.00 | blocked  4.9% | idle 65.5% | ent 0.407
  upd  896 | return    0.900 | deliv   0.90 | blocked  7.9% | idle 64.2% | ent 0.378
  upd  897 | return    1.200 | deliv   1.20 | blocked  5.7% | idle 66.2% | ent 0.449
  upd  898 | return    1.000 | deliv   1.00 | blocked  4.8% | idle 70.7% | ent 0.412
  upd  899 | return    0.800 | deliv   0.80 | blocked  1.0% | idle 72.7% | ent 0.393
  [replay @ update 900] return 0.00  deliveries 0  -> runs/ippo_tiny-4ag_seed2/replays/replay_upd000900_s0.npz
  upd  900 | return    1.300 | deliv   1.30 | blocked  0.7% | idle 76.7% | ent 0.465
  upd  901 | return    1.600 | deliv   1.60 | blocked  4.0% | idle 62.5% | ent 0.519
  upd  902 | return    1.400 | deliv   1.40 | blocked 13.6% | idle 55.7% | ent 0.477
  upd  903 | return    1.300 | deliv   1.30 | blocked  1.1% | idle 67.6% | ent 0.498
  upd  904 | return    0.900 | deliv   0.90 | blocked  3.9% | idle 63.7% | ent 0.520
  upd  905 | return    1.600 | deliv   1.60 | blocked  6.3% | idle 63.4% | ent 0.497
  upd  906 | return    0.800 | deliv   0.80 | blocked  6.7% | idle 67.1% | ent 0.460
  upd  907 | return    1.000 | deliv   1.00 | blocked  2.4% | idle 67.9% | ent 0.471
  upd  908 | return    1.000 | deliv   1.00 | blocked 16.7% | idle 58.2% | ent 0.397
  upd  909 | return    0.700 | deliv   0.70 | blocked  2.6% | idle 67.5% | ent 0.507
  upd  910 | return    0.400 | deliv   0.40 | blocked  1.0% | idle 73.1% | ent 0.466
  upd  911 | return    1.200 | deliv   1.20 | blocked  3.2% | idle 68.0% | ent 0.480
  upd  912 | return    1.100 | deliv   1.10 | blocked  3.0% | idle 66.9% | ent 0.442
  upd  913 | return    1.400 | deliv   1.40 | blocked  7.6% | idle 69.0% | ent 0.468
  upd  914 | return    0.900 | deliv   0.90 | blocked  6.6% | idle 66.9% | ent 0.460
  upd  915 | return    1.400 | deliv   1.40 | blocked 10.4% | idle 62.4% | ent 0.422
  upd  916 | return    0.500 | deliv   0.50 | blocked  7.0% | idle 69.6% | ent 0.396
  upd  917 | return    0.600 | deliv   0.60 | blocked  7.8% | idle 69.4% | ent 0.405
  upd  918 | return    1.300 | deliv   1.30 | blocked  2.3% | idle 74.5% | ent 0.413
  upd  919 | return    0.900 | deliv   0.90 | blocked  6.8% | idle 70.6% | ent 0.429
  upd  920 | return    0.800 | deliv   0.80 | blocked  5.9% | idle 75.1% | ent 0.397
  upd  921 | return    1.500 | deliv   1.50 | blocked  9.6% | idle 65.4% | ent 0.445
  upd  922 | return    1.500 | deliv   1.50 | blocked 10.6% | idle 65.9% | ent 0.418
  upd  923 | return    0.800 | deliv   0.80 | blocked  1.7% | idle 74.7% | ent 0.434
  upd  924 | return    1.400 | deliv   1.40 | blocked  4.1% | idle 70.6% | ent 0.460
  upd  925 | return    1.200 | deliv   1.20 | blocked  5.1% | idle 73.8% | ent 0.424
  upd  926 | return    1.000 | deliv   1.00 | blocked  6.4% | idle 71.6% | ent 0.433
  upd  927 | return    0.900 | deliv   0.90 | blocked  3.4% | idle 67.1% | ent 0.498
  upd  928 | return    1.100 | deliv   1.10 | blocked 16.8% | idle 58.6% | ent 0.451
  upd  929 | return    1.100 | deliv   1.10 | blocked 13.0% | idle 59.7% | ent 0.477
  upd  930 | return    0.900 | deliv   0.90 | blocked 15.2% | idle 56.3% | ent 0.487
  upd  931 | return    0.800 | deliv   0.80 | blocked 19.6% | idle 46.4% | ent 0.499
  upd  932 | return    0.700 | deliv   0.70 | blocked 10.8% | idle 54.2% | ent 0.531
  upd  933 | return    1.000 | deliv   1.00 | blocked 15.0% | idle 44.1% | ent 0.516
  upd  934 | return    0.700 | deliv   0.70 | blocked  7.9% | idle 55.9% | ent 0.506
  upd  935 | return    0.900 | deliv   0.90 | blocked 11.5% | idle 55.2% | ent 0.510
  upd  936 | return    0.500 | deliv   0.50 | blocked  8.9% | idle 62.6% | ent 0.497
  upd  937 | return    1.200 | deliv   1.20 | blocked  7.6% | idle 52.1% | ent 0.529
  upd  938 | return    0.500 | deliv   0.50 | blocked  5.9% | idle 62.4% | ent 0.489
  upd  939 | return    1.000 | deliv   1.00 | blocked 12.4% | idle 59.2% | ent 0.471
  upd  940 | return    0.700 | deliv   0.70 | blocked 10.3% | idle 63.4% | ent 0.446
  upd  941 | return    0.700 | deliv   0.70 | blocked  5.4% | idle 56.5% | ent 0.500
  upd  942 | return    1.000 | deliv   1.00 | blocked  3.9% | idle 62.9% | ent 0.490
  upd  943 | return    1.200 | deliv   1.20 | blocked  9.2% | idle 56.5% | ent 0.499
  upd  944 | return    1.600 | deliv   1.60 | blocked  3.2% | idle 64.8% | ent 0.499
  upd  945 | return    1.200 | deliv   1.20 | blocked  2.5% | idle 65.4% | ent 0.509
  upd  946 | return    0.600 | deliv   0.60 | blocked  3.1% | idle 63.2% | ent 0.536
  upd  947 | return    1.300 | deliv   1.30 | blocked  2.2% | idle 62.1% | ent 0.572
  upd  948 | return    1.400 | deliv   1.40 | blocked  9.7% | idle 50.7% | ent 0.545
  upd  949 | return    0.600 | deliv   0.60 | blocked  5.9% | idle 54.8% | ent 0.585
  upd  950 | return    1.000 | deliv   1.00 | blocked  1.0% | idle 57.3% | ent 0.600
  upd  951 | return    1.000 | deliv   1.00 | blocked  9.7% | idle 50.9% | ent 0.571
  upd  952 | return    0.900 | deliv   0.90 | blocked  4.9% | idle 53.8% | ent 0.581
  upd  953 | return    1.100 | deliv   1.10 | blocked  4.0% | idle 56.7% | ent 0.581
  upd  954 | return    1.000 | deliv   1.00 | blocked  8.3% | idle 52.9% | ent 0.554
  upd  955 | return    0.900 | deliv   0.90 | blocked  1.8% | idle 52.6% | ent 0.626
  upd  956 | return    1.000 | deliv   1.00 | blocked  5.6% | idle 46.4% | ent 0.616
  upd  957 | return    1.000 | deliv   1.00 | blocked  1.8% | idle 54.0% | ent 0.615
  upd  958 | return    1.000 | deliv   1.00 | blocked  4.9% | idle 44.6% | ent 0.604
  upd  959 | return    1.100 | deliv   1.10 | blocked  3.7% | idle 40.7% | ent 0.597
  upd  960 | return    0.900 | deliv   0.90 | blocked  4.4% | idle 30.8% | ent 0.572
  upd  961 | return    1.900 | deliv   1.90 | blocked  3.0% | idle 32.1% | ent 0.595
  upd  962 | return    1.000 | deliv   1.00 | blocked  2.7% | idle 32.2% | ent 0.588
  upd  963 | return    0.600 | deliv   0.60 | blocked  3.5% | idle 32.7% | ent 0.564
  upd  964 | return    1.200 | deliv   1.20 | blocked  5.2% | idle 30.7% | ent 0.568
  upd  965 | return    1.100 | deliv   1.10 | blocked  4.6% | idle 30.7% | ent 0.562
  upd  966 | return    0.600 | deliv   0.60 | blocked  5.1% | idle 29.1% | ent 0.564
  upd  967 | return    0.500 | deliv   0.50 | blocked  5.3% | idle 27.5% | ent 0.530
  upd  968 | return    0.400 | deliv   0.40 | blocked  6.6% | idle 31.8% | ent 0.585
  upd  969 | return    1.200 | deliv   1.20 | blocked  2.4% | idle 36.0% | ent 0.602
  upd  970 | return    0.900 | deliv   0.90 | blocked  5.9% | idle 35.2% | ent 0.584
  upd  971 | return    1.500 | deliv   1.50 | blocked 11.4% | idle 31.0% | ent 0.548
  upd  972 | return    1.200 | deliv   1.20 | blocked  5.9% | idle 36.2% | ent 0.585
  upd  973 | return    1.100 | deliv   1.10 | blocked  8.9% | idle 34.5% | ent 0.580
  upd  974 | return    1.200 | deliv   1.20 | blocked 10.4% | idle 31.2% | ent 0.517
  upd  975 | return    1.600 | deliv   1.60 | blocked  1.2% | idle 38.9% | ent 0.596
  upd  976 | return    1.800 | deliv   1.80 | blocked  2.4% | idle 33.1% | ent 0.550
  upd  977 | return    1.000 | deliv   1.00 | blocked  3.0% | idle 27.7% | ent 0.547
  upd  978 | return    0.700 | deliv   0.70 | blocked  6.3% | idle 25.9% | ent 0.525
  upd  979 | return    1.300 | deliv   1.30 | blocked  5.7% | idle 24.0% | ent 0.485
  upd  980 | return    1.300 | deliv   1.30 | blocked 13.7% | idle 18.5% | ent 0.496
  upd  981 | return    1.100 | deliv   1.10 | blocked  2.9% | idle 23.5% | ent 0.543
  upd  982 | return    1.100 | deliv   1.10 | blocked  2.2% | idle 22.3% | ent 0.505
  upd  983 | return    0.800 | deliv   0.80 | blocked  1.9% | idle 22.8% | ent 0.505
  upd  984 | return    1.600 | deliv   1.60 | blocked  2.6% | idle 20.5% | ent 0.521
  upd  985 | return    1.100 | deliv   1.10 | blocked  4.8% | idle 22.3% | ent 0.531
  upd  986 | return    0.700 | deliv   0.70 | blocked 14.0% | idle 16.9% | ent 0.438
  upd  987 | return    1.700 | deliv   1.70 | blocked  7.7% | idle 22.8% | ent 0.540
  upd  988 | return    0.900 | deliv   0.90 | blocked  9.1% | idle 21.4% | ent 0.475
  upd  989 | return    1.200 | deliv   1.20 | blocked  3.8% | idle 23.6% | ent 0.529
  upd  990 | return    0.800 | deliv   0.80 | blocked 10.1% | idle 23.2% | ent 0.493
  upd  991 | return    1.100 | deliv   1.10 | blocked 10.6% | idle 23.6% | ent 0.512
  upd  992 | return    1.400 | deliv   1.40 | blocked  3.6% | idle 25.3% | ent 0.538
  upd  993 | return    1.400 | deliv   1.40 | blocked 13.3% | idle 28.0% | ent 0.525
  upd  994 | return    0.900 | deliv   0.90 | blocked  7.6% | idle 19.5% | ent 0.433
  upd  995 | return    1.200 | deliv   1.20 | blocked  3.9% | idle 22.6% | ent 0.481
  upd  996 | return    1.300 | deliv   1.30 | blocked 19.0% | idle 14.4% | ent 0.394
  upd  997 | return    1.200 | deliv   1.20 | blocked  7.8% | idle 17.4% | ent 0.472
  upd  998 | return    0.800 | deliv   0.80 | blocked  9.8% | idle 19.1% | ent 0.489
  upd  999 | return    0.900 | deliv   0.90 | blocked 13.5% | idle 18.3% | ent 0.483
  [replay @ update 1000] return 0.00  deliveries 0  -> runs/ippo_tiny-4ag_seed2/replays/replay_upd001000_s0.npz
  upd 1000 | return    1.200 | deliv   1.20 | blocked  5.8% | idle 21.2% | ent 0.535
  upd 1001 | return    0.900 | deliv   0.90 | blocked  5.2% | idle 25.8% | ent 0.564
  upd 1002 | return    1.100 | deliv   1.10 | blocked  7.8% | idle 23.8% | ent 0.545
  upd 1003 | return    1.000 | deliv   1.00 | blocked  4.2% | idle 27.1% | ent 0.597
  upd 1004 | return    0.900 | deliv   0.90 | blocked  7.5% | idle 27.8% | ent 0.569
  upd 1005 | return    1.000 | deliv   1.00 | blocked  2.2% | idle 33.3% | ent 0.614
  upd 1006 | return    1.400 | deliv   1.40 | blocked  7.5% | idle 34.1% | ent 0.603
  upd 1007 | return    1.400 | deliv   1.40 | blocked  3.0% | idle 42.9% | ent 0.641
  upd 1008 | return    1.100 | deliv   1.10 | blocked 12.6% | idle 41.4% | ent 0.582
  upd 1009 | return    1.200 | deliv   1.20 | blocked  3.0% | idle 44.1% | ent 0.636
  upd 1010 | return    1.900 | deliv   1.90 | blocked  3.9% | idle 47.0% | ent 0.607
  upd 1011 | return    1.700 | deliv   1.70 | blocked  3.5% | idle 42.1% | ent 0.613
  upd 1012 | return    1.300 | deliv   1.30 | blocked  7.2% | idle 32.4% | ent 0.562
  upd 1013 | return    1.800 | deliv   1.80 | blocked  3.2% | idle 29.3% | ent 0.551
  upd 1014 | return    1.000 | deliv   1.00 | blocked  6.5% | idle 24.7% | ent 0.534
  upd 1015 | return    1.500 | deliv   1.50 | blocked  7.0% | idle 20.7% | ent 0.502
  upd 1016 | return    1.500 | deliv   1.50 | blocked  5.3% | idle 19.6% | ent 0.501
  upd 1017 | return    0.900 | deliv   0.90 | blocked  4.7% | idle 21.5% | ent 0.531
  upd 1018 | return    1.400 | deliv   1.40 | blocked  6.8% | idle 21.1% | ent 0.495
  upd 1019 | return    0.700 | deliv   0.70 | blocked  1.2% | idle 31.1% | ent 0.561
  upd 1020 | return    1.100 | deliv   1.10 | blocked 11.2% | idle 31.8% | ent 0.558
  upd 1021 | return    1.500 | deliv   1.50 | blocked  5.0% | idle 31.9% | ent 0.583
  upd 1022 | return    1.600 | deliv   1.60 | blocked  3.1% | idle 30.9% | ent 0.608
  upd 1023 | return    1.200 | deliv   1.20 | blocked  5.2% | idle 27.4% | ent 0.531
  upd 1024 | return    1.100 | deliv   1.10 | blocked  6.3% | idle 26.6% | ent 0.529
  upd 1025 | return    1.000 | deliv   1.00 | blocked  0.7% | idle 36.5% | ent 0.624
  upd 1026 | return    1.900 | deliv   1.90 | blocked  6.5% | idle 29.6% | ent 0.558
  upd 1027 | return    1.000 | deliv   1.00 | blocked  4.1% | idle 34.6% | ent 0.591
  upd 1028 | return    1.000 | deliv   1.00 | blocked  2.7% | idle 33.6% | ent 0.587
  upd 1029 | return    1.200 | deliv   1.20 | blocked  4.0% | idle 30.8% | ent 0.567
  upd 1030 | return    1.100 | deliv   1.10 | blocked 13.9% | idle 23.0% | ent 0.493
  upd 1031 | return    1.400 | deliv   1.40 | blocked  8.0% | idle 19.2% | ent 0.431
  upd 1032 | return    1.400 | deliv   1.40 | blocked  5.9% | idle 25.2% | ent 0.530
  upd 1033 | return    1.400 | deliv   1.40 | blocked  3.9% | idle 25.5% | ent 0.534
  upd 1034 | return    1.600 | deliv   1.60 | blocked  6.6% | idle 20.7% | ent 0.466
  upd 1035 | return    1.600 | deliv   1.60 | blocked  6.5% | idle 19.6% | ent 0.483
  upd 1036 | return    1.500 | deliv   1.50 | blocked 16.1% | idle 20.7% | ent 0.486
  upd 1037 | return    1.100 | deliv   1.10 | blocked  8.4% | idle 26.2% | ent 0.538
  upd 1038 | return    0.900 | deliv   0.90 | blocked  9.9% | idle 24.5% | ent 0.525
  upd 1039 | return    1.400 | deliv   1.40 | blocked  5.1% | idle 26.8% | ent 0.547
  upd 1040 | return    1.300 | deliv   1.30 | blocked  3.3% | idle 29.7% | ent 0.558
  upd 1041 | return    0.900 | deliv   0.90 | blocked 10.0% | idle 25.0% | ent 0.516
  upd 1042 | return    1.200 | deliv   1.20 | blocked  4.1% | idle 27.4% | ent 0.551
  upd 1043 | return    1.000 | deliv   1.00 | blocked  7.5% | idle 27.1% | ent 0.544
  upd 1044 | return    1.300 | deliv   1.30 | blocked 10.5% | idle 29.4% | ent 0.548
  upd 1045 | return    1.500 | deliv   1.50 | blocked  5.5% | idle 35.2% | ent 0.596
  upd 1046 | return    1.200 | deliv   1.20 | blocked  7.5% | idle 40.3% | ent 0.597
  upd 1047 | return    1.500 | deliv   1.50 | blocked  6.1% | idle 38.0% | ent 0.596
  upd 1048 | return    1.300 | deliv   1.30 | blocked  9.4% | idle 35.6% | ent 0.565
  upd 1049 | return    1.200 | deliv   1.20 | blocked  0.7% | idle 40.3% | ent 0.625
  upd 1050 | return    1.600 | deliv   1.60 | blocked  9.8% | idle 37.3% | ent 0.580
  upd 1051 | return    1.200 | deliv   1.20 | blocked  1.6% | idle 39.3% | ent 0.601
  upd 1052 | return    1.300 | deliv   1.30 | blocked  8.4% | idle 34.4% | ent 0.575
  upd 1053 | return    1.000 | deliv   1.00 | blocked 11.1% | idle 31.7% | ent 0.569
  upd 1054 | return    1.100 | deliv   1.10 | blocked  7.8% | idle 34.0% | ent 0.564
  upd 1055 | return    1.000 | deliv   1.00 | blocked  4.6% | idle 31.4% | ent 0.571
  upd 1056 | return    1.800 | deliv   1.80 | blocked  7.0% | idle 27.0% | ent 0.548
  upd 1057 | return    1.400 | deliv   1.40 | blocked  6.6% | idle 24.5% | ent 0.529
  upd 1058 | return    1.100 | deliv   1.10 | blocked 11.5% | idle 25.2% | ent 0.505
  upd 1059 | return    1.200 | deliv   1.20 | blocked 11.1% | idle 24.0% | ent 0.510
  upd 1060 | return    1.400 | deliv   1.40 | blocked 11.9% | idle 20.9% | ent 0.483
  upd 1061 | return    1.600 | deliv   1.60 | blocked 11.3% | idle 17.3% | ent 0.409
  upd 1062 | return    1.000 | deliv   1.00 | blocked 18.2% | idle 13.4% | ent 0.364
  upd 1063 | return    1.400 | deliv   1.40 | blocked 10.8% | idle 11.9% | ent 0.356
  upd 1064 | return    1.300 | deliv   1.30 | blocked  7.2% | idle 13.6% | ent 0.396
  upd 1065 | return    1.200 | deliv   1.20 | blocked 24.2% | idle 10.0% | ent 0.331
  upd 1066 | return    1.100 | deliv   1.10 | blocked  5.9% | idle 12.3% | ent 0.388
  upd 1067 | return    0.900 | deliv   0.90 | blocked 15.1% | idle 12.3% | ent 0.359
  upd 1068 | return    1.900 | deliv   1.90 | blocked 10.3% | idle 12.9% | ent 0.378
  upd 1069 | return    1.100 | deliv   1.10 | blocked  8.5% | idle 13.5% | ent 0.407
  upd 1070 | return    1.000 | deliv   1.00 | blocked 10.1% | idle 14.1% | ent 0.419
  upd 1071 | return    1.300 | deliv   1.30 | blocked 15.1% | idle 14.3% | ent 0.398
  upd 1072 | return    1.300 | deliv   1.30 | blocked 13.4% | idle 14.4% | ent 0.396
  upd 1073 | return    1.800 | deliv   1.80 | blocked 12.3% | idle 13.4% | ent 0.415
  upd 1074 | return    1.200 | deliv   1.20 | blocked 13.5% | idle 13.9% | ent 0.393
  upd 1075 | return    1.200 | deliv   1.20 | blocked  6.6% | idle 15.5% | ent 0.428
  upd 1076 | return    1.000 | deliv   1.00 | blocked  5.0% | idle 16.9% | ent 0.491
  upd 1077 | return    1.400 | deliv   1.40 | blocked 15.6% | idle 17.2% | ent 0.450
  upd 1078 | return    1.100 | deliv   1.10 | blocked  8.6% | idle 20.8% | ent 0.474
  upd 1079 | return    0.900 | deliv   0.90 | blocked 12.8% | idle 17.6% | ent 0.439
  upd 1080 | return    1.200 | deliv   1.20 | blocked 13.5% | idle 19.5% | ent 0.430
  upd 1081 | return    1.200 | deliv   1.20 | blocked  7.2% | idle 14.6% | ent 0.375
  upd 1082 | return    1.200 | deliv   1.20 | blocked 14.5% | idle 10.8% | ent 0.349
  upd 1083 | return    1.600 | deliv   1.60 | blocked 12.7% | idle 10.9% | ent 0.355
  upd 1084 | return    1.000 | deliv   1.00 | blocked 16.0% | idle 11.6% | ent 0.357
  upd 1085 | return    1.400 | deliv   1.40 | blocked  9.4% | idle 12.1% | ent 0.384
  upd 1086 | return    1.300 | deliv   1.30 | blocked 10.4% | idle 15.0% | ent 0.421
  upd 1087 | return    1.100 | deliv   1.10 | blocked  5.2% | idle 17.3% | ent 0.472
  upd 1088 | return    0.900 | deliv   0.90 | blocked  8.4% | idle 24.0% | ent 0.548
  upd 1089 | return    1.100 | deliv   1.10 | blocked  4.9% | idle 26.2% | ent 0.530
  upd 1090 | return    2.000 | deliv   2.00 | blocked 11.0% | idle 21.7% | ent 0.472
  upd 1091 | return    1.600 | deliv   1.60 | blocked  2.1% | idle 26.1% | ent 0.525
  upd 1092 | return    1.500 | deliv   1.50 | blocked  5.3% | idle 24.2% | ent 0.501
  upd 1093 | return    1.300 | deliv   1.30 | blocked  8.7% | idle 20.7% | ent 0.472
  upd 1094 | return    1.500 | deliv   1.50 | blocked  7.6% | idle 21.0% | ent 0.467
  upd 1095 | return    2.000 | deliv   2.00 | blocked  9.9% | idle 20.9% | ent 0.445
  upd 1096 | return    1.500 | deliv   1.50 | blocked 16.2% | idle 13.6% | ent 0.377
  upd 1097 | return    1.500 | deliv   1.50 | blocked  8.3% | idle 17.4% | ent 0.473
  upd 1098 | return    1.100 | deliv   1.10 | blocked 12.2% | idle 22.2% | ent 0.493
  upd 1099 | return    1.600 | deliv   1.60 | blocked  9.8% | idle 21.6% | ent 0.459
  [replay @ update 1100] return 0.00  deliveries 0  -> runs/ippo_tiny-4ag_seed2/replays/replay_upd001100_s0.npz
  upd 1100 | return    1.300 | deliv   1.30 | blocked 10.2% | idle 19.9% | ent 0.448
  upd 1101 | return    1.400 | deliv   1.40 | blocked 14.6% | idle 17.2% | ent 0.407
  upd 1102 | return    1.400 | deliv   1.40 | blocked 16.9% | idle 15.3% | ent 0.364
  upd 1103 | return    1.100 | deliv   1.10 | blocked 16.0% | idle 17.1% | ent 0.416
  upd 1104 | return    0.800 | deliv   0.80 | blocked  9.6% | idle 15.2% | ent 0.404
  upd 1105 | return    1.200 | deliv   1.20 | blocked  8.0% | idle 15.7% | ent 0.424
  upd 1106 | return    1.000 | deliv   1.00 | blocked 10.6% | idle 14.2% | ent 0.400
  upd 1107 | return    1.500 | deliv   1.50 | blocked  9.7% | idle 16.3% | ent 0.416
  upd 1108 | return    1.500 | deliv   1.50 | blocked  9.4% | idle 18.2% | ent 0.435
  upd 1109 | return    1.100 | deliv   1.10 | blocked  9.2% | idle 16.5% | ent 0.439
  upd 1110 | return    0.500 | deliv   0.50 | blocked  8.1% | idle 19.9% | ent 0.502
  upd 1111 | return    1.300 | deliv   1.30 | blocked 10.0% | idle 21.9% | ent 0.515
  upd 1112 | return    1.500 | deliv   1.50 | blocked  9.5% | idle 24.6% | ent 0.548
  upd 1113 | return    0.900 | deliv   0.90 | blocked 13.2% | idle 24.6% | ent 0.518
  upd 1114 | return    1.200 | deliv   1.20 | blocked 11.1% | idle 29.4% | ent 0.550
  upd 1115 | return    1.100 | deliv   1.10 | blocked  7.6% | idle 35.6% | ent 0.582
  upd 1116 | return    1.400 | deliv   1.40 | blocked 14.5% | idle 31.6% | ent 0.529
  upd 1117 | return    2.000 | deliv   2.00 | blocked  7.8% | idle 39.0% | ent 0.600
  upd 1118 | return    2.000 | deliv   2.00 | blocked  8.0% | idle 37.6% | ent 0.588
  upd 1119 | return    1.400 | deliv   1.40 | blocked  9.0% | idle 35.4% | ent 0.574
  upd 1120 | return    1.800 | deliv   1.80 | blocked  5.7% | idle 27.6% | ent 0.539
  upd 1121 | return    1.300 | deliv   1.30 | blocked 11.5% | idle 25.9% | ent 0.522
  upd 1122 | return    0.800 | deliv   0.80 | blocked 21.9% | idle 22.6% | ent 0.442
  upd 1123 | return    1.000 | deliv   1.00 | blocked  8.7% | idle 27.6% | ent 0.506
  upd 1124 | return    0.700 | deliv   0.70 | blocked  7.3% | idle 22.8% | ent 0.465
  upd 1125 | return    1.200 | deliv   1.20 | blocked 12.7% | idle 20.1% | ent 0.441
  upd 1126 | return    1.600 | deliv   1.60 | blocked 10.5% | idle 20.0% | ent 0.463
  upd 1127 | return    1.400 | deliv   1.40 | blocked  5.3% | idle 21.7% | ent 0.490
  upd 1128 | return    1.100 | deliv   1.10 | blocked  7.4% | idle 20.7% | ent 0.495
  upd 1129 | return    1.400 | deliv   1.40 | blocked 11.6% | idle 20.4% | ent 0.509
  upd 1130 | return    1.400 | deliv   1.40 | blocked 12.9% | idle 24.3% | ent 0.507
  upd 1131 | return    1.500 | deliv   1.50 | blocked  9.6% | idle 28.5% | ent 0.574
  upd 1132 | return    1.900 | deliv   1.90 | blocked  7.5% | idle 32.4% | ent 0.595
  upd 1133 | return    1.000 | deliv   1.00 | blocked 16.9% | idle 26.1% | ent 0.502
  upd 1134 | return    1.500 | deliv   1.50 | blocked  5.1% | idle 32.5% | ent 0.579
  upd 1135 | return    1.400 | deliv   1.40 | blocked  6.0% | idle 28.7% | ent 0.518
  upd 1136 | return    1.700 | deliv   1.70 | blocked  7.3% | idle 30.9% | ent 0.546
  upd 1137 | return    1.100 | deliv   1.10 | blocked  6.1% | idle 25.9% | ent 0.529
  upd 1138 | return    2.300 | deliv   2.30 | blocked 13.1% | idle 21.6% | ent 0.473
  upd 1139 | return    1.000 | deliv   1.00 | blocked 11.3% | idle 22.2% | ent 0.493
  upd 1140 | return    1.700 | deliv   1.70 | blocked  3.0% | idle 20.9% | ent 0.501
  upd 1141 | return    1.100 | deliv   1.10 | blocked 12.4% | idle 18.2% | ent 0.469
  upd 1142 | return    2.000 | deliv   2.00 | blocked 15.6% | idle 19.0% | ent 0.470
  upd 1143 | return    1.400 | deliv   1.40 | blocked  6.0% | idle 27.0% | ent 0.559
  upd 1144 | return    0.900 | deliv   0.90 | blocked  8.9% | idle 26.2% | ent 0.538
  upd 1145 | return    1.200 | deliv   1.20 | blocked  4.9% | idle 34.0% | ent 0.623
  upd 1146 | return    1.100 | deliv   1.10 | blocked 12.9% | idle 32.2% | ent 0.571
  upd 1147 | return    0.900 | deliv   0.90 | blocked  6.4% | idle 40.5% | ent 0.627
  upd 1148 | return    1.400 | deliv   1.40 | blocked 13.2% | idle 37.7% | ent 0.578
  upd 1149 | return    1.300 | deliv   1.30 | blocked  5.1% | idle 41.2% | ent 0.614
  upd 1150 | return    1.800 | deliv   1.80 | blocked  7.7% | idle 42.1% | ent 0.612
  upd 1151 | return    1.400 | deliv   1.40 | blocked  7.6% | idle 43.4% | ent 0.584
  upd 1152 | return    1.400 | deliv   1.40 | blocked  3.2% | idle 51.1% | ent 0.645
  upd 1153 | return    0.700 | deliv   0.70 | blocked  7.7% | idle 47.2% | ent 0.594
  upd 1154 | return    1.100 | deliv   1.10 | blocked 11.0% | idle 47.3% | ent 0.569
  upd 1155 | return    1.200 | deliv   1.20 | blocked 18.0% | idle 42.8% | ent 0.555
  upd 1156 | return    1.500 | deliv   1.50 | blocked  5.1% | idle 49.6% | ent 0.601
  upd 1157 | return    1.100 | deliv   1.10 | blocked  6.1% | idle 44.7% | ent 0.599
  upd 1158 | return    1.300 | deliv   1.30 | blocked 10.1% | idle 44.6% | ent 0.579
  upd 1159 | return    2.400 | deliv   2.40 | blocked  3.6% | idle 47.9% | ent 0.624
  upd 1160 | return    1.600 | deliv   1.60 | blocked 12.2% | idle 40.7% | ent 0.575
  upd 1161 | return    1.900 | deliv   1.90 | blocked 11.2% | idle 45.6% | ent 0.560
  upd 1162 | return    1.200 | deliv   1.20 | blocked  9.8% | idle 53.9% | ent 0.544
  upd 1163 | return    1.300 | deliv   1.30 | blocked 12.5% | idle 51.7% | ent 0.565
  upd 1164 | return    1.300 | deliv   1.30 | blocked  7.6% | idle 52.6% | ent 0.607
  upd 1165 | return    1.500 | deliv   1.50 | blocked  1.6% | idle 46.4% | ent 0.595
  upd 1166 | return    1.300 | deliv   1.30 | blocked 13.3% | idle 44.1% | ent 0.561
  upd 1167 | return    1.300 | deliv   1.30 | blocked  5.6% | idle 49.4% | ent 0.619
  upd 1168 | return    0.900 | deliv   0.90 | blocked  5.2% | idle 49.8% | ent 0.616
  upd 1169 | return    0.700 | deliv   0.70 | blocked 15.8% | idle 41.8% | ent 0.560
  upd 1170 | return    1.100 | deliv   1.10 | blocked 17.4% | idle 38.4% | ent 0.525
  upd 1171 | return    1.500 | deliv   1.50 | blocked  3.6% | idle 44.0% | ent 0.629
  upd 1172 | return    1.800 | deliv   1.80 | blocked  2.7% | idle 43.3% | ent 0.634
  upd 1173 | return    1.500 | deliv   1.50 | blocked  7.6% | idle 44.3% | ent 0.610
  upd 1174 | return    1.800 | deliv   1.80 | blocked 10.9% | idle 43.4% | ent 0.589
  upd 1175 | return    1.900 | deliv   1.90 | blocked  7.7% | idle 42.6% | ent 0.572
  upd 1176 | return    1.700 | deliv   1.70 | blocked  7.4% | idle 37.7% | ent 0.578
  upd 1177 | return    1.000 | deliv   1.00 | blocked 15.3% | idle 27.1% | ent 0.478
  upd 1178 | return    2.200 | deliv   2.20 | blocked  0.6% | idle 34.9% | ent 0.585
  upd 1179 | return    1.800 | deliv   1.80 | blocked  2.7% | idle 26.1% | ent 0.518
  upd 1180 | return    2.200 | deliv   2.20 | blocked 10.5% | idle 19.4% | ent 0.456
  upd 1181 | return    1.800 | deliv   1.80 | blocked  4.0% | idle 18.2% | ent 0.437
  upd 1182 | return    2.100 | deliv   2.10 | blocked  6.6% | idle 12.6% | ent 0.377
  upd 1183 | return    1.800 | deliv   1.80 | blocked  5.4% | idle 16.3% | ent 0.447
  upd 1184 | return    1.600 | deliv   1.60 | blocked  6.7% | idle 16.4% | ent 0.473
  upd 1185 | return    0.900 | deliv   0.90 | blocked 10.2% | idle 14.8% | ent 0.423
  upd 1186 | return    1.500 | deliv   1.50 | blocked  9.9% | idle 20.2% | ent 0.494
  upd 1187 | return    1.300 | deliv   1.30 | blocked  8.3% | idle 21.5% | ent 0.491
  upd 1188 | return    1.600 | deliv   1.60 | blocked 13.3% | idle 20.0% | ent 0.440
  upd 1189 | return    1.400 | deliv   1.40 | blocked 11.3% | idle 18.2% | ent 0.424
  upd 1190 | return    1.400 | deliv   1.40 | blocked  6.8% | idle 15.6% | ent 0.422
  upd 1191 | return    1.200 | deliv   1.20 | blocked  5.0% | idle 16.4% | ent 0.450
  upd 1192 | return    1.500 | deliv   1.50 | blocked  5.5% | idle 17.1% | ent 0.455
  upd 1193 | return    1.200 | deliv   1.20 | blocked  7.6% | idle 21.1% | ent 0.504
  upd 1194 | return    1.300 | deliv   1.30 | blocked 10.1% | idle 24.2% | ent 0.509
  upd 1195 | return    1.800 | deliv   1.80 | blocked  0.5% | idle 26.7% | ent 0.554
  upd 1196 | return    0.700 | deliv   0.70 | blocked 13.0% | idle 22.3% | ent 0.492
  upd 1197 | return    2.100 | deliv   2.10 | blocked  7.3% | idle 21.3% | ent 0.501
  upd 1198 | return    1.700 | deliv   1.70 | blocked  9.3% | idle 22.3% | ent 0.511
  upd 1199 | return    1.000 | deliv   1.00 | blocked 12.0% | idle 28.3% | ent 0.535
  [replay @ update 1200] return 0.00  deliveries 0  -> runs/ippo_tiny-4ag_seed2/replays/replay_upd001200_s0.npz
  upd 1200 | return    1.900 | deliv   1.90 | blocked  9.1% | idle 26.5% | ent 0.551
  upd 1201 | return    1.200 | deliv   1.20 | blocked 10.5% | idle 24.8% | ent 0.523
  upd 1202 | return    1.400 | deliv   1.40 | blocked  9.2% | idle 29.5% | ent 0.569
  upd 1203 | return    1.200 | deliv   1.20 | blocked 11.9% | idle 29.5% | ent 0.529
  upd 1204 | return    2.100 | deliv   2.10 | blocked  6.4% | idle 38.7% | ent 0.593
  upd 1205 | return    1.800 | deliv   1.80 | blocked  2.9% | idle 45.4% | ent 0.616
  upd 1206 | return    1.900 | deliv   1.90 | blocked 16.3% | idle 38.3% | ent 0.550
  upd 1207 | return    1.100 | deliv   1.10 | blocked  5.8% | idle 45.2% | ent 0.608
  upd 1208 | return    1.700 | deliv   1.70 | blocked  8.1% | idle 39.2% | ent 0.555
  upd 1209 | return    1.600 | deliv   1.60 | blocked  9.6% | idle 40.6% | ent 0.561
  upd 1210 | return    1.500 | deliv   1.50 | blocked 14.1% | idle 41.0% | ent 0.579
  upd 1211 | return    1.600 | deliv   1.60 | blocked  8.4% | idle 42.1% | ent 0.587
  upd 1212 | return    1.900 | deliv   1.90 | blocked 12.3% | idle 36.8% | ent 0.542
  upd 1213 | return    1.600 | deliv   1.60 | blocked  7.8% | idle 44.2% | ent 0.556
  upd 1214 | return    1.900 | deliv   1.90 | blocked  8.2% | idle 48.1% | ent 0.584
  upd 1215 | return    1.400 | deliv   1.40 | blocked 10.2% | idle 50.8% | ent 0.543
  upd 1216 | return    1.300 | deliv   1.30 | blocked  3.3% | idle 55.3% | ent 0.552
  upd 1217 | return    1.500 | deliv   1.50 | blocked  5.0% | idle 53.1% | ent 0.565
  upd 1218 | return    1.000 | deliv   1.00 | blocked  5.0% | idle 48.8% | ent 0.592
  upd 1219 | return    1.400 | deliv   1.40 | blocked  2.7% | idle 47.3% | ent 0.605
  upd 1220 | return    1.300 | deliv   1.30 | blocked  8.0% | idle 42.1% | ent 0.554
  upd 1221 | return    1.000 | deliv   1.00 | blocked  3.6% | idle 44.1% | ent 0.599
  upd 1222 | return    1.500 | deliv   1.50 | blocked  9.5% | idle 37.2% | ent 0.564
  upd 1223 | return    1.700 | deliv   1.70 | blocked  9.5% | idle 32.2% | ent 0.550
  upd 1224 | return    1.800 | deliv   1.80 | blocked 11.6% | idle 32.5% | ent 0.535
  upd 1225 | return    1.400 | deliv   1.40 | blocked  1.0% | idle 32.6% | ent 0.558
  upd 1226 | return    1.400 | deliv   1.40 | blocked  7.4% | idle 26.1% | ent 0.500
  upd 1227 | return    1.400 | deliv   1.40 | blocked  4.9% | idle 22.6% | ent 0.489
  upd 1228 | return    1.100 | deliv   1.10 | blocked 10.7% | idle 20.4% | ent 0.461
  upd 1229 | return    1.800 | deliv   1.80 | blocked  5.2% | idle 22.2% | ent 0.503
  upd 1230 | return    1.600 | deliv   1.60 | blocked  8.5% | idle 21.5% | ent 0.490
  upd 1231 | return    1.500 | deliv   1.50 | blocked 15.4% | idle 20.7% | ent 0.447
  upd 1232 | return    1.400 | deliv   1.40 | blocked 11.5% | idle 19.3% | ent 0.445
  upd 1233 | return    1.500 | deliv   1.50 | blocked 10.3% | idle 19.8% | ent 0.468
  upd 1234 | return    1.300 | deliv   1.30 | blocked 11.9% | idle 17.3% | ent 0.432
  upd 1235 | return    0.500 | deliv   0.50 | blocked  3.6% | idle 24.8% | ent 0.523
  upd 1236 | return    1.300 | deliv   1.30 | blocked  5.0% | idle 25.9% | ent 0.554
  upd 1237 | return    1.200 | deliv   1.20 | blocked 12.0% | idle 28.2% | ent 0.522
  upd 1238 | return    1.400 | deliv   1.40 | blocked  7.6% | idle 23.3% | ent 0.479
  upd 1239 | return    1.800 | deliv   1.80 | blocked 13.7% | idle 20.6% | ent 0.447
  upd 1240 | return    1.000 | deliv   1.00 | blocked  8.6% | idle 18.0% | ent 0.423
  upd 1241 | return    1.600 | deliv   1.60 | blocked  5.3% | idle 17.4% | ent 0.445
  upd 1242 | return    1.500 | deliv   1.50 | blocked  4.4% | idle 18.1% | ent 0.489
  upd 1243 | return    0.700 | deliv   0.70 | blocked  5.3% | idle 19.3% | ent 0.472
  upd 1244 | return    1.100 | deliv   1.10 | blocked  7.9% | idle 19.2% | ent 0.465
  upd 1245 | return    2.200 | deliv   2.20 | blocked  4.9% | idle 21.4% | ent 0.521
  upd 1246 | return    1.000 | deliv   1.00 | blocked 12.9% | idle 23.3% | ent 0.495
  upd 1247 | return    1.100 | deliv   1.10 | blocked  5.2% | idle 25.7% | ent 0.516
  upd 1248 | return    2.000 | deliv   2.00 | blocked  8.6% | idle 22.9% | ent 0.494
  upd 1249 | return    1.400 | deliv   1.40 | blocked  3.2% | idle 25.3% | ent 0.508
  upd 1250 | return    1.500 | deliv   1.50 | blocked  8.4% | idle 23.9% | ent 0.504
  upd 1251 | return    1.500 | deliv   1.50 | blocked 15.8% | idle 20.2% | ent 0.464
  upd 1252 | return    1.700 | deliv   1.70 | blocked  5.1% | idle 23.0% | ent 0.508
  upd 1253 | return    1.500 | deliv   1.50 | blocked  4.9% | idle 22.3% | ent 0.503
  upd 1254 | return    1.200 | deliv   1.20 | blocked  7.4% | idle 25.9% | ent 0.528
  upd 1255 | return    1.100 | deliv   1.10 | blocked  4.9% | idle 31.0% | ent 0.575
  upd 1256 | return    1.800 | deliv   1.80 | blocked  9.6% | idle 27.2% | ent 0.513
  upd 1257 | return    1.000 | deliv   1.00 | blocked  7.4% | idle 28.4% | ent 0.521
  upd 1258 | return    1.300 | deliv   1.30 | blocked  5.1% | idle 28.3% | ent 0.528
  upd 1259 | return    1.200 | deliv   1.20 | blocked  7.7% | idle 27.0% | ent 0.518
  upd 1260 | return    1.300 | deliv   1.30 | blocked  9.9% | idle 25.5% | ent 0.515
  upd 1261 | return    1.400 | deliv   1.40 | blocked  1.5% | idle 27.7% | ent 0.551
  upd 1262 | return    1.800 | deliv   1.80 | blocked  5.6% | idle 23.9% | ent 0.524
  upd 1263 | return    1.600 | deliv   1.60 | blocked  5.5% | idle 25.5% | ent 0.530
  upd 1264 | return    1.300 | deliv   1.30 | blocked  5.8% | idle 26.2% | ent 0.545
  upd 1265 | return    1.000 | deliv   1.00 | blocked  8.2% | idle 27.7% | ent 0.548
  upd 1266 | return    1.500 | deliv   1.50 | blocked  8.6% | idle 31.0% | ent 0.591
  upd 1267 | return    1.100 | deliv   1.10 | blocked  3.2% | idle 39.5% | ent 0.636
  upd 1268 | return    1.800 | deliv   1.80 | blocked  5.9% | idle 41.2% | ent 0.603
  upd 1269 | return    1.900 | deliv   1.90 | blocked  9.0% | idle 37.8% | ent 0.582
  upd 1270 | return    1.600 | deliv   1.60 | blocked  3.2% | idle 47.7% | ent 0.620
  upd 1271 | return    1.500 | deliv   1.50 | blocked 12.2% | idle 31.7% | ent 0.548
  upd 1272 | return    1.200 | deliv   1.20 | blocked  1.8% | idle 32.1% | ent 0.598
  upd 1273 | return    1.000 | deliv   1.00 | blocked  6.3% | idle 36.3% | ent 0.588
  upd 1274 | return    1.100 | deliv   1.10 | blocked 10.1% | idle 35.8% | ent 0.544
  upd 1275 | return    1.500 | deliv   1.50 | blocked  6.7% | idle 37.3% | ent 0.580
  upd 1276 | return    1.500 | deliv   1.50 | blocked  9.6% | idle 36.1% | ent 0.553
  upd 1277 | return    1.800 | deliv   1.80 | blocked  4.7% | idle 33.0% | ent 0.562
  upd 1278 | return    1.200 | deliv   1.20 | blocked 13.9% | idle 24.4% | ent 0.476
  upd 1279 | return    1.500 | deliv   1.50 | blocked 14.4% | idle 18.7% | ent 0.455
  upd 1280 | return    1.600 | deliv   1.60 | blocked  8.1% | idle 21.5% | ent 0.517
  upd 1281 | return    1.300 | deliv   1.30 | blocked  3.3% | idle 25.1% | ent 0.533
  upd 1282 | return    1.400 | deliv   1.40 | blocked  5.6% | idle 20.8% | ent 0.491
  upd 1283 | return    1.500 | deliv   1.50 | blocked  6.1% | idle 18.8% | ent 0.456
  upd 1284 | return    1.900 | deliv   1.90 | blocked 12.4% | idle 17.4% | ent 0.445
  upd 1285 | return    1.400 | deliv   1.40 | blocked  7.6% | idle 17.2% | ent 0.448
  upd 1286 | return    1.300 | deliv   1.30 | blocked  5.9% | idle 18.5% | ent 0.487
  upd 1287 | return    1.500 | deliv   1.50 | blocked  7.9% | idle 19.3% | ent 0.434
  upd 1288 | return    1.200 | deliv   1.20 | blocked 14.8% | idle 13.1% | ent 0.386
  upd 1289 | return    1.600 | deliv   1.60 | blocked  1.4% | idle 15.3% | ent 0.418
  upd 1290 | return    1.400 | deliv   1.40 | blocked  7.3% | idle 10.8% | ent 0.375
  upd 1291 | return    1.500 | deliv   1.50 | blocked  7.3% | idle 11.1% | ent 0.327
  upd 1292 | return    1.300 | deliv   1.30 | blocked  5.5% | idle 12.0% | ent 0.354
  upd 1293 | return    1.600 | deliv   1.60 | blocked  9.3% | idle 11.3% | ent 0.380
  upd 1294 | return    1.700 | deliv   1.70 | blocked  3.4% | idle 11.2% | ent 0.383
  upd 1295 | return    1.300 | deliv   1.30 | blocked 10.3% | idle 11.1% | ent 0.358
  upd 1296 | return    1.200 | deliv   1.20 | blocked  9.9% | idle 11.0% | ent 0.377
  upd 1297 | return    0.800 | deliv   0.80 | blocked  7.9% | idle 11.6% | ent 0.397
  upd 1298 | return    2.400 | deliv   2.40 | blocked 17.2% | idle 10.6% | ent 0.357
  upd 1299 | return    1.200 | deliv   1.20 | blocked 12.4% | idle 15.6% | ent 0.438
  [replay @ update 1300] return 0.00  deliveries 0  -> runs/ippo_tiny-4ag_seed2/replays/replay_upd001300_s0.npz
  upd 1300 | return    1.400 | deliv   1.40 | blocked  6.0% | idle 15.8% | ent 0.435
  upd 1301 | return    1.500 | deliv   1.50 | blocked  7.0% | idle 18.7% | ent 0.492
  upd 1302 | return    1.700 | deliv   1.70 | blocked  3.1% | idle 18.2% | ent 0.410
  upd 1303 | return    1.300 | deliv   1.30 | blocked 14.8% | idle 14.4% | ent 0.375
  upd 1304 | return    1.100 | deliv   1.10 | blocked 12.0% | idle 13.3% | ent 0.394
  upd 1305 | return    1.300 | deliv   1.30 | blocked 11.5% | idle 14.2% | ent 0.422
  upd 1306 | return    1.400 | deliv   1.40 | blocked  6.5% | idle 16.4% | ent 0.406
  upd 1307 | return    1.100 | deliv   1.10 | blocked  5.7% | idle 16.8% | ent 0.425
  upd 1308 | return    1.200 | deliv   1.20 | blocked  7.9% | idle 13.8% | ent 0.378
  upd 1309 | return    1.300 | deliv   1.30 | blocked 10.4% | idle 13.7% | ent 0.370
  upd 1310 | return    1.100 | deliv   1.10 | blocked  6.6% | idle 13.2% | ent 0.387
  upd 1311 | return    1.100 | deliv   1.10 | blocked  9.5% | idle  9.8% | ent 0.338
  upd 1312 | return    1.500 | deliv   1.50 | blocked 16.9% | idle 13.9% | ent 0.394
  upd 1313 | return    1.000 | deliv   1.00 | blocked 21.6% | idle 13.5% | ent 0.380
  upd 1314 | return    1.100 | deliv   1.10 | blocked 19.6% | idle 13.2% | ent 0.382
  upd 1315 | return    1.200 | deliv   1.20 | blocked  7.0% | idle 16.8% | ent 0.432
  upd 1316 | return    1.200 | deliv   1.20 | blocked 12.0% | idle 14.8% | ent 0.392
  upd 1317 | return    1.200 | deliv   1.20 | blocked 12.0% | idle 16.0% | ent 0.429
  upd 1318 | return    2.000 | deliv   2.00 | blocked  5.1% | idle 15.5% | ent 0.392
  upd 1319 | return    1.400 | deliv   1.40 | blocked  8.2% | idle 14.7% | ent 0.389
  upd 1320 | return    1.600 | deliv   1.60 | blocked  2.6% | idle 14.1% | ent 0.373
  upd 1321 | return    1.300 | deliv   1.30 | blocked 12.0% | idle  9.5% | ent 0.312
  upd 1322 | return    1.400 | deliv   1.40 | blocked 11.1% | idle 16.6% | ent 0.413
  upd 1323 | return    1.300 | deliv   1.30 | blocked  7.9% | idle 14.1% | ent 0.315
  upd 1324 | return    1.600 | deliv   1.60 | blocked  5.5% | idle  9.8% | ent 0.296
  upd 1325 | return    1.500 | deliv   1.50 | blocked 10.0% | idle  9.7% | ent 0.301
  upd 1326 | return    1.900 | deliv   1.90 | blocked 14.7% | idle  6.7% | ent 0.250
  upd 1327 | return    1.400 | deliv   1.40 | blocked  7.4% | idle  6.8% | ent 0.261
  upd 1328 | return    1.400 | deliv   1.40 | blocked 13.3% | idle  9.7% | ent 0.314
  upd 1329 | return    1.300 | deliv   1.30 | blocked  2.7% | idle  9.1% | ent 0.300
  upd 1330 | return    1.500 | deliv   1.50 | blocked  3.2% | idle  9.1% | ent 0.306
  upd 1331 | return    1.600 | deliv   1.60 | blocked  8.5% | idle  7.2% | ent 0.268
  upd 1332 | return    1.500 | deliv   1.50 | blocked 10.5% | idle  7.3% | ent 0.273
  upd 1333 | return    1.600 | deliv   1.60 | blocked  9.2% | idle  7.6% | ent 0.305
  upd 1334 | return    1.300 | deliv   1.30 | blocked  1.8% | idle 10.6% | ent 0.330
  upd 1335 | return    1.600 | deliv   1.60 | blocked 11.5% | idle  9.0% | ent 0.301
  upd 1336 | return    2.100 | deliv   2.10 | blocked  9.9% | idle  7.5% | ent 0.280
  upd 1337 | return    1.700 | deliv   1.70 | blocked 16.0% | idle  6.3% | ent 0.251
  upd 1338 | return    1.600 | deliv   1.60 | blocked 13.4% | idle  8.1% | ent 0.317
  upd 1339 | return    1.500 | deliv   1.50 | blocked  9.6% | idle  9.9% | ent 0.324
  upd 1340 | return    0.900 | deliv   0.90 | blocked 16.3% | idle  8.0% | ent 0.302
  upd 1341 | return    1.700 | deliv   1.70 | blocked  9.7% | idle  8.5% | ent 0.292
  upd 1342 | return    1.500 | deliv   1.50 | blocked  8.0% | idle  9.7% | ent 0.307
  upd 1343 | return    1.200 | deliv   1.20 | blocked 12.9% | idle  7.8% | ent 0.295
  upd 1344 | return    1.300 | deliv   1.30 | blocked 15.2% | idle  8.7% | ent 0.303
  upd 1345 | return    1.900 | deliv   1.90 | blocked  4.9% | idle 11.2% | ent 0.359
  upd 1346 | return    1.200 | deliv   1.20 | blocked  6.9% | idle 10.6% | ent 0.369
  upd 1347 | return    1.600 | deliv   1.60 | blocked  8.5% | idle 10.9% | ent 0.360
  upd 1348 | return    2.100 | deliv   2.10 | blocked 15.3% | idle 10.8% | ent 0.355
  upd 1349 | return    1.300 | deliv   1.30 | blocked  5.1% | idle 11.8% | ent 0.370
  upd 1350 | return    1.400 | deliv   1.40 | blocked 10.8% | idle 13.5% | ent 0.403
  upd 1351 | return    2.200 | deliv   2.20 | blocked  5.8% | idle 14.5% | ent 0.457
  upd 1352 | return    1.300 | deliv   1.30 | blocked  4.3% | idle 17.1% | ent 0.420
  upd 1353 | return    1.300 | deliv   1.30 | blocked  6.4% | idle 15.0% | ent 0.391
  upd 1354 | return    1.500 | deliv   1.50 | blocked 10.4% | idle 13.6% | ent 0.396
  upd 1355 | return    1.200 | deliv   1.20 | blocked  9.8% | idle 16.2% | ent 0.436
  upd 1356 | return    1.700 | deliv   1.70 | blocked  5.8% | idle 14.9% | ent 0.415
  upd 1357 | return    2.100 | deliv   2.10 | blocked  3.9% | idle 16.8% | ent 0.488
  upd 1358 | return    1.300 | deliv   1.30 | blocked 13.1% | idle 18.0% | ent 0.485
  upd 1359 | return    1.200 | deliv   1.20 | blocked  5.2% | idle 26.4% | ent 0.571
  upd 1360 | return    1.000 | deliv   1.00 | blocked 15.1% | idle 26.1% | ent 0.509
  upd 1361 | return    1.400 | deliv   1.40 | blocked  4.0% | idle 25.3% | ent 0.548
  upd 1362 | return    1.800 | deliv   1.80 | blocked  1.7% | idle 29.6% | ent 0.580
  upd 1363 | return    1.000 | deliv   1.00 | blocked 15.0% | idle 31.1% | ent 0.548
  upd 1364 | return    1.100 | deliv   1.10 | blocked  7.0% | idle 35.2% | ent 0.578
  upd 1365 | return    1.500 | deliv   1.50 | blocked  6.8% | idle 34.0% | ent 0.557
  upd 1366 | return    1.100 | deliv   1.10 | blocked  1.9% | idle 35.2% | ent 0.585
  upd 1367 | return    1.200 | deliv   1.20 | blocked 16.4% | idle 30.5% | ent 0.505
  upd 1368 | return    1.000 | deliv   1.00 | blocked 18.7% | idle 32.2% | ent 0.492
  upd 1369 | return    1.500 | deliv   1.50 | blocked 20.3% | idle 30.9% | ent 0.473
  upd 1370 | return    1.200 | deliv   1.20 | blocked 13.4% | idle 34.1% | ent 0.498
  upd 1371 | return    1.100 | deliv   1.10 | blocked 17.3% | idle 31.1% | ent 0.500
  upd 1372 | return    1.300 | deliv   1.30 | blocked 14.1% | idle 35.5% | ent 0.529
  upd 1373 | return    1.500 | deliv   1.50 | blocked 10.2% | idle 28.1% | ent 0.488
  upd 1374 | return    1.000 | deliv   1.00 | blocked 12.6% | idle 35.0% | ent 0.517
  upd 1375 | return    1.200 | deliv   1.20 | blocked  6.8% | idle 33.5% | ent 0.565
  upd 1376 | return    1.300 | deliv   1.30 | blocked 13.3% | idle 30.8% | ent 0.501
  upd 1377 | return    2.200 | deliv   2.20 | blocked  5.7% | idle 28.8% | ent 0.527
  upd 1378 | return    1.500 | deliv   1.50 | blocked  3.2% | idle 33.3% | ent 0.561
  upd 1379 | return    1.200 | deliv   1.20 | blocked  3.6% | idle 29.4% | ent 0.548
  upd 1380 | return    1.800 | deliv   1.80 | blocked  8.0% | idle 26.2% | ent 0.494
  upd 1381 | return    1.300 | deliv   1.30 | blocked  7.6% | idle 24.8% | ent 0.517
  upd 1382 | return    1.600 | deliv   1.60 | blocked 11.8% | idle 24.6% | ent 0.523
  upd 1383 | return    1.600 | deliv   1.60 | blocked  9.6% | idle 23.1% | ent 0.467
  upd 1384 | return    2.000 | deliv   2.00 | blocked  4.1% | idle 24.6% | ent 0.525
  upd 1385 | return    1.800 | deliv   1.80 | blocked  5.0% | idle 20.8% | ent 0.477
  upd 1386 | return    0.900 | deliv   0.90 | blocked  7.7% | idle 19.8% | ent 0.483
  upd 1387 | return    1.800 | deliv   1.80 | blocked 10.7% | idle 19.1% | ent 0.485
  upd 1388 | return    1.900 | deliv   1.90 | blocked  8.5% | idle 22.9% | ent 0.532
  upd 1389 | return    1.600 | deliv   1.60 | blocked  6.4% | idle 23.8% | ent 0.535
  upd 1390 | return    1.700 | deliv   1.70 | blocked  6.2% | idle 23.6% | ent 0.542
  upd 1391 | return    1.400 | deliv   1.40 | blocked  8.1% | idle 26.9% | ent 0.547
  upd 1392 | return    1.600 | deliv   1.60 | blocked  7.9% | idle 27.9% | ent 0.534
  upd 1393 | return    1.400 | deliv   1.40 | blocked 16.4% | idle 25.1% | ent 0.491
  upd 1394 | return    1.600 | deliv   1.60 | blocked  4.0% | idle 25.2% | ent 0.514
  upd 1395 | return    1.700 | deliv   1.70 | blocked 10.7% | idle 21.5% | ent 0.486
  upd 1396 | return    1.400 | deliv   1.40 | blocked  7.3% | idle 21.4% | ent 0.499
  upd 1397 | return    1.200 | deliv   1.20 | blocked  6.1% | idle 24.2% | ent 0.546
  upd 1398 | return    1.600 | deliv   1.60 | blocked  3.5% | idle 26.7% | ent 0.560
  upd 1399 | return    1.800 | deliv   1.80 | blocked  2.9% | idle 27.1% | ent 0.488
  [replay @ update 1400] return 1.00  deliveries 1  -> runs/ippo_tiny-4ag_seed2/replays/replay_upd001400_s0.npz
  upd 1400 | return    1.500 | deliv   1.50 | blocked  7.3% | idle 18.4% | ent 0.446
  upd 1401 | return    1.800 | deliv   1.80 | blocked  7.0% | idle 19.4% | ent 0.454
  upd 1402 | return    1.700 | deliv   1.70 | blocked 10.6% | idle 18.2% | ent 0.456
  upd 1403 | return    1.100 | deliv   1.10 | blocked  4.0% | idle 21.9% | ent 0.491
  upd 1404 | return    1.900 | deliv   1.90 | blocked  3.0% | idle 19.5% | ent 0.472
  upd 1405 | return    1.000 | deliv   1.00 | blocked  7.5% | idle 22.1% | ent 0.507
  upd 1406 | return    1.800 | deliv   1.80 | blocked  8.2% | idle 20.3% | ent 0.459
  upd 1407 | return    1.400 | deliv   1.40 | blocked 10.7% | idle 17.2% | ent 0.419
  upd 1408 | return    2.200 | deliv   2.20 | blocked  4.6% | idle 23.5% | ent 0.517
  upd 1409 | return    1.400 | deliv   1.40 | blocked  4.0% | idle 18.0% | ent 0.440
  upd 1410 | return    1.700 | deliv   1.70 | blocked  3.7% | idle 18.7% | ent 0.458
  upd 1411 | return    2.000 | deliv   2.00 | blocked  3.5% | idle 22.0% | ent 0.507
  upd 1412 | return    1.300 | deliv   1.30 | blocked  6.8% | idle 22.3% | ent 0.524
  upd 1413 | return    1.300 | deliv   1.30 | blocked  8.3% | idle 21.7% | ent 0.507
  upd 1414 | return    1.800 | deliv   1.80 | blocked  6.9% | idle 22.5% | ent 0.523
  upd 1415 | return    1.700 | deliv   1.70 | blocked  3.0% | idle 27.6% | ent 0.590
  upd 1416 | return    1.200 | deliv   1.20 | blocked  3.8% | idle 34.0% | ent 0.574
  upd 1417 | return    2.000 | deliv   2.00 | blocked  8.0% | idle 29.2% | ent 0.550
  upd 1418 | return    1.200 | deliv   1.20 | blocked  9.4% | idle 29.0% | ent 0.548
  upd 1419 | return    1.600 | deliv   1.60 | blocked  8.4% | idle 31.0% | ent 0.580
  upd 1420 | return    1.200 | deliv   1.20 | blocked 14.1% | idle 33.3% | ent 0.527
  upd 1421 | return    1.400 | deliv   1.40 | blocked 13.2% | idle 30.6% | ent 0.535
  upd 1422 | return    1.100 | deliv   1.10 | blocked  9.4% | idle 35.7% | ent 0.574
  upd 1423 | return    1.900 | deliv   1.90 | blocked  7.3% | idle 33.3% | ent 0.561
  upd 1424 | return    1.300 | deliv   1.30 | blocked 18.7% | idle 27.5% | ent 0.474
  upd 1425 | return    1.500 | deliv   1.50 | blocked  2.3% | idle 29.1% | ent 0.549
  upd 1426 | return    1.600 | deliv   1.60 | blocked  9.4% | idle 29.1% | ent 0.552
  upd 1427 | return    1.600 | deliv   1.60 | blocked  7.7% | idle 30.0% | ent 0.557
  upd 1428 | return    2.200 | deliv   2.20 | blocked  3.3% | idle 32.8% | ent 0.581
  upd 1429 | return    1.300 | deliv   1.30 | blocked  8.4% | idle 33.0% | ent 0.561
  upd 1430 | return    1.400 | deliv   1.40 | blocked 12.1% | idle 26.6% | ent 0.530
  upd 1431 | return    1.600 | deliv   1.60 | blocked 10.5% | idle 25.3% | ent 0.528
  upd 1432 | return    1.100 | deliv   1.10 | blocked  9.5% | idle 31.4% | ent 0.562
  upd 1433 | return    1.400 | deliv   1.40 | blocked  7.5% | idle 29.4% | ent 0.563
  upd 1434 | return    1.600 | deliv   1.60 | blocked  7.2% | idle 30.0% | ent 0.553
  upd 1435 | return    2.000 | deliv   2.00 | blocked  5.5% | idle 31.4% | ent 0.554
  upd 1436 | return    2.000 | deliv   2.00 | blocked  6.2% | idle 34.7% | ent 0.573
  upd 1437 | return    1.800 | deliv   1.80 | blocked 10.0% | idle 27.2% | ent 0.519
  upd 1438 | return    1.300 | deliv   1.30 | blocked  3.5% | idle 34.8% | ent 0.575
  upd 1439 | return    1.300 | deliv   1.30 | blocked  3.0% | idle 40.2% | ent 0.624
  upd 1440 | return    1.800 | deliv   1.80 | blocked 11.2% | idle 39.8% | ent 0.554
  upd 1441 | return    1.900 | deliv   1.90 | blocked  4.5% | idle 52.4% | ent 0.599
  upd 1442 | return    1.200 | deliv   1.20 | blocked  0.8% | idle 60.9% | ent 0.557
  upd 1443 | return    1.600 | deliv   1.60 | blocked  3.8% | idle 56.1% | ent 0.567
  upd 1444 | return    1.200 | deliv   1.20 | blocked  8.3% | idle 53.3% | ent 0.558
  upd 1445 | return    1.600 | deliv   1.60 | blocked 16.7% | idle 46.5% | ent 0.534
  upd 1446 | return    1.000 | deliv   1.00 | blocked 10.6% | idle 40.5% | ent 0.519
  upd 1447 | return    2.100 | deliv   2.10 | blocked  8.5% | idle 42.7% | ent 0.567
  upd 1448 | return    1.700 | deliv   1.70 | blocked  5.2% | idle 50.6% | ent 0.595
  upd 1449 | return    1.600 | deliv   1.60 | blocked  9.2% | idle 47.8% | ent 0.518
  upd 1450 | return    1.500 | deliv   1.50 | blocked 18.9% | idle 47.8% | ent 0.487
  upd 1451 | return    1.900 | deliv   1.90 | blocked  8.2% | idle 52.1% | ent 0.553
  upd 1452 | return    1.100 | deliv   1.10 | blocked  8.2% | idle 52.6% | ent 0.555
  upd 1453 | return    1.300 | deliv   1.30 | blocked  6.7% | idle 51.3% | ent 0.548
  upd 1454 | return    1.100 | deliv   1.10 | blocked  6.2% | idle 55.2% | ent 0.556
  upd 1455 | return    1.600 | deliv   1.60 | blocked  5.7% | idle 54.7% | ent 0.547
  upd 1456 | return    1.200 | deliv   1.20 | blocked  5.7% | idle 60.2% | ent 0.532
  upd 1457 | return    1.500 | deliv   1.50 | blocked 10.6% | idle 53.5% | ent 0.568
  upd 1458 | return    2.000 | deliv   2.00 | blocked  8.3% | idle 56.1% | ent 0.564
  upd 1459 | return    1.900 | deliv   1.90 | blocked 10.4% | idle 49.4% | ent 0.516
  upd 1460 | return    1.700 | deliv   1.70 | blocked  6.1% | idle 54.9% | ent 0.539
  upd 1461 | return    1.300 | deliv   1.30 | blocked  8.0% | idle 53.8% | ent 0.522
  upd 1462 | return    1.500 | deliv   1.50 | blocked  4.5% | idle 56.2% | ent 0.578
  upd 1463 | return    1.600 | deliv   1.60 | blocked  0.5% | idle 59.2% | ent 0.614
  upd 1464 | return    1.500 | deliv   1.50 | blocked  5.5% | idle 52.5% | ent 0.494
  upd 1465 | return    1.300 | deliv   1.30 | blocked 10.6% | idle 53.7% | ent 0.487
  upd 1466 | return    1.600 | deliv   1.60 | blocked  8.8% | idle 61.4% | ent 0.495
  upd 1467 | return    1.500 | deliv   1.50 | blocked  7.3% | idle 66.6% | ent 0.427
  upd 1468 | return    1.200 | deliv   1.20 | blocked  1.6% | idle 68.0% | ent 0.389
  upd 1469 | return    1.700 | deliv   1.70 | blocked  4.4% | idle 73.7% | ent 0.403
  upd 1470 | return    1.300 | deliv   1.30 | blocked 10.6% | idle 65.6% | ent 0.312
  upd 1471 | return    1.500 | deliv   1.50 | blocked  5.7% | idle 73.8% | ent 0.344
  upd 1472 | return    1.900 | deliv   1.90 | blocked 10.9% | idle 66.9% | ent 0.334
  upd 1473 | return    1.400 | deliv   1.40 | blocked 18.1% | idle 64.2% | ent 0.333
  upd 1474 | return    0.600 | deliv   0.60 | blocked  9.4% | idle 66.5% | ent 0.320
  upd 1475 | return    1.900 | deliv   1.90 | blocked  7.0% | idle 64.2% | ent 0.417
  upd 1476 | return    1.600 | deliv   1.60 | blocked  2.9% | idle 72.1% | ent 0.330
  upd 1477 | return    0.600 | deliv   0.60 | blocked 10.0% | idle 71.1% | ent 0.292
  upd 1478 | return    1.600 | deliv   1.60 | blocked 14.0% | idle 69.4% | ent 0.296
  upd 1479 | return    1.800 | deliv   1.80 | blocked 16.9% | idle 65.1% | ent 0.281
  upd 1480 | return    2.000 | deliv   2.00 | blocked  5.4% | idle 68.3% | ent 0.312
  upd 1481 | return    1.500 | deliv   1.50 | blocked  6.9% | idle 74.1% | ent 0.301
  upd 1482 | return    1.800 | deliv   1.80 | blocked  9.6% | idle 69.7% | ent 0.302
  upd 1483 | return    1.000 | deliv   1.00 | blocked  9.6% | idle 66.2% | ent 0.280
  upd 1484 | return    0.800 | deliv   0.80 | blocked  9.7% | idle 71.3% | ent 0.273
  upd 1485 | return    2.300 | deliv   2.30 | blocked 13.1% | idle 66.3% | ent 0.339
  upd 1486 | return    1.000 | deliv   1.00 | blocked 13.5% | idle 63.4% | ent 0.324
  upd 1487 | return    1.900 | deliv   1.90 | blocked 17.0% | idle 58.9% | ent 0.364
  upd 1488 | return    1.300 | deliv   1.30 | blocked 15.3% | idle 62.7% | ent 0.325
  upd 1489 | return    1.700 | deliv   1.70 | blocked  6.4% | idle 70.3% | ent 0.392
  upd 1490 | return    1.800 | deliv   1.80 | blocked  9.5% | idle 67.5% | ent 0.363
  upd 1491 | return    1.200 | deliv   1.20 | blocked  8.5% | idle 67.3% | ent 0.331
  upd 1492 | return    1.200 | deliv   1.20 | blocked 11.9% | idle 70.5% | ent 0.298
  upd 1493 | return    2.000 | deliv   2.00 | blocked 13.4% | idle 66.5% | ent 0.316
  upd 1494 | return    1.700 | deliv   1.70 | blocked 12.3% | idle 69.8% | ent 0.320
  upd 1495 | return    1.100 | deliv   1.10 | blocked 16.1% | idle 63.1% | ent 0.308
  upd 1496 | return    1.700 | deliv   1.70 | blocked  6.6% | idle 68.3% | ent 0.335
  upd 1497 | return    1.700 | deliv   1.70 | blocked 15.8% | idle 66.0% | ent 0.347
  upd 1498 | return    1.700 | deliv   1.70 | blocked 12.7% | idle 64.0% | ent 0.339
  upd 1499 | return    1.600 | deliv   1.60 | blocked 13.3% | idle 64.7% | ent 0.359
  [replay @ update 1500] return 0.00  deliveries 0  -> runs/ippo_tiny-4ag_seed2/replays/replay_upd001500_s0.npz
  upd 1500 | return    1.700 | deliv   1.70 | blocked  5.7% | idle 69.0% | ent 0.414
  upd 1501 | return    1.400 | deliv   1.40 | blocked 12.0% | idle 60.3% | ent 0.411
  upd 1502 | return    1.800 | deliv   1.80 | blocked 11.9% | idle 61.5% | ent 0.446
  upd 1503 | return    1.600 | deliv   1.60 | blocked 15.5% | idle 61.1% | ent 0.413
  upd 1504 | return    1.300 | deliv   1.30 | blocked  5.2% | idle 67.1% | ent 0.447
  upd 1505 | return    0.800 | deliv   0.80 | blocked 12.1% | idle 55.9% | ent 0.418
  upd 1506 | return    2.200 | deliv   2.20 | blocked  8.9% | idle 56.4% | ent 0.478
  upd 1507 | return    1.400 | deliv   1.40 | blocked  8.3% | idle 54.2% | ent 0.419
  upd 1508 | return    2.000 | deliv   2.00 | blocked  9.8% | idle 55.2% | ent 0.489
  upd 1509 | return    1.800 | deliv   1.80 | blocked 11.4% | idle 56.0% | ent 0.482
  upd 1510 | return    1.500 | deliv   1.50 | blocked  7.5% | idle 56.0% | ent 0.492
  upd 1511 | return    1.000 | deliv   1.00 | blocked  7.5% | idle 59.1% | ent 0.464
  upd 1512 | return    1.600 | deliv   1.60 | blocked 15.3% | idle 48.7% | ent 0.473
  upd 1513 | return    1.800 | deliv   1.80 | blocked  3.0% | idle 54.2% | ent 0.537
  upd 1514 | return    1.300 | deliv   1.30 | blocked 12.6% | idle 56.3% | ent 0.499
  upd 1515 | return    1.400 | deliv   1.40 | blocked  5.7% | idle 56.2% | ent 0.547
  upd 1516 | return    1.400 | deliv   1.40 | blocked  5.8% | idle 52.1% | ent 0.544
  upd 1517 | return    2.200 | deliv   2.20 | blocked  9.4% | idle 49.3% | ent 0.533
  upd 1518 | return    1.100 | deliv   1.10 | blocked  8.2% | idle 56.8% | ent 0.542
  upd 1519 | return    1.100 | deliv   1.10 | blocked  7.8% | idle 56.3% | ent 0.528
  upd 1520 | return    1.900 | deliv   1.90 | blocked  3.7% | idle 55.1% | ent 0.559
  upd 1521 | return    1.800 | deliv   1.80 | blocked  3.6% | idle 57.9% | ent 0.493
  upd 1522 | return    1.600 | deliv   1.60 | blocked 18.1% | idle 51.6% | ent 0.424
  upd 1523 | return    1.700 | deliv   1.70 | blocked 11.8% | idle 60.2% | ent 0.416
  upd 1524 | return    1.200 | deliv   1.20 | blocked  9.5% | idle 62.7% | ent 0.407
  upd 1525 | return    1.200 | deliv   1.20 | blocked 13.9% | idle 61.7% | ent 0.335
  upd 1526 | return    1.400 | deliv   1.40 | blocked 14.5% | idle 64.6% | ent 0.349
  upd 1527 | return    2.300 | deliv   2.30 | blocked  4.3% | idle 77.3% | ent 0.376
  upd 1528 | return    1.200 | deliv   1.20 | blocked  9.4% | idle 69.7% | ent 0.337
  upd 1529 | return    1.500 | deliv   1.50 | blocked  6.1% | idle 71.4% | ent 0.337
  upd 1530 | return    1.000 | deliv   1.00 | blocked  5.9% | idle 72.4% | ent 0.370
  upd 1531 | return    1.700 | deliv   1.70 | blocked  4.0% | idle 75.5% | ent 0.370
  upd 1532 | return    2.100 | deliv   2.10 | blocked  4.0% | idle 73.7% | ent 0.437
  upd 1533 | return    1.900 | deliv   1.90 | blocked  7.1% | idle 63.6% | ent 0.504
  upd 1534 | return    1.300 | deliv   1.30 | blocked  3.5% | idle 58.6% | ent 0.459
  upd 1535 | return    1.600 | deliv   1.60 | blocked  6.8% | idle 56.9% | ent 0.496
  upd 1536 | return    2.100 | deliv   2.10 | blocked  4.8% | idle 54.2% | ent 0.525
  upd 1537 | return    1.700 | deliv   1.70 | blocked  6.3% | idle 52.5% | ent 0.535
  upd 1538 | return    2.100 | deliv   2.10 | blocked 10.0% | idle 53.1% | ent 0.516
  upd 1539 | return    1.400 | deliv   1.40 | blocked  8.2% | idle 48.5% | ent 0.487
  upd 1540 | return    1.500 | deliv   1.50 | blocked  5.3% | idle 50.9% | ent 0.522
  upd 1541 | return    1.400 | deliv   1.40 | blocked  8.5% | idle 51.9% | ent 0.538
  upd 1542 | return    1.400 | deliv   1.40 | blocked 12.4% | idle 48.0% | ent 0.518
  upd 1543 | return    1.300 | deliv   1.30 | blocked  6.4% | idle 48.0% | ent 0.518
  upd 1544 | return    1.300 | deliv   1.30 | blocked  6.5% | idle 46.6% | ent 0.519
  upd 1545 | return    1.900 | deliv   1.90 | blocked 12.7% | idle 39.6% | ent 0.527
  upd 1546 | return    1.200 | deliv   1.20 | blocked 22.9% | idle 32.4% | ent 0.461
  upd 1547 | return    1.500 | deliv   1.50 | blocked  7.6% | idle 33.6% | ent 0.515
  upd 1548 | return    1.800 | deliv   1.80 | blocked 10.6% | idle 30.1% | ent 0.506
  upd 1549 | return    1.300 | deliv   1.30 | blocked  9.4% | idle 37.5% | ent 0.538
  upd 1550 | return    1.600 | deliv   1.60 | blocked 14.5% | idle 30.8% | ent 0.466
  upd 1551 | return    1.900 | deliv   1.90 | blocked  4.9% | idle 33.1% | ent 0.531
  upd 1552 | return    1.800 | deliv   1.80 | blocked 14.1% | idle 27.0% | ent 0.488
  upd 1553 | return    2.200 | deliv   2.20 | blocked 21.1% | idle 22.7% | ent 0.441
  upd 1554 | return    1.400 | deliv   1.40 | blocked 10.5% | idle 26.4% | ent 0.537
  upd 1555 | return    1.500 | deliv   1.50 | blocked  9.7% | idle 25.4% | ent 0.518
  upd 1556 | return    1.800 | deliv   1.80 | blocked 12.4% | idle 27.7% | ent 0.525
  upd 1557 | return    1.900 | deliv   1.90 | blocked  8.0% | idle 24.4% | ent 0.510
  upd 1558 | return    1.400 | deliv   1.40 | blocked 17.2% | idle 24.5% | ent 0.504
  upd 1559 | return    1.100 | deliv   1.10 | blocked 11.6% | idle 27.4% | ent 0.517
  upd 1560 | return    1.800 | deliv   1.80 | blocked 17.1% | idle 22.0% | ent 0.512
  upd 1561 | return    1.600 | deliv   1.60 | blocked 13.0% | idle 29.8% | ent 0.561
  upd 1562 | return    1.900 | deliv   1.90 | blocked 16.4% | idle 27.3% | ent 0.517
  upd 1563 | return    1.200 | deliv   1.20 | blocked  9.7% | idle 40.7% | ent 0.550
  upd 1564 | return    1.000 | deliv   1.00 | blocked 15.3% | idle 36.0% | ent 0.497
  upd 1565 | return    1.800 | deliv   1.80 | blocked  6.9% | idle 40.4% | ent 0.576
  upd 1566 | return    1.000 | deliv   1.00 | blocked 12.8% | idle 37.3% | ent 0.556
  upd 1567 | return    1.000 | deliv   1.00 | blocked  9.9% | idle 38.1% | ent 0.521
  upd 1568 | return    1.200 | deliv   1.20 | blocked  8.2% | idle 40.4% | ent 0.535
  upd 1569 | return    2.000 | deliv   2.00 | blocked  6.4% | idle 39.1% | ent 0.561
  upd 1570 | return    2.100 | deliv   2.10 | blocked  2.4% | idle 43.0% | ent 0.594
  upd 1571 | return    1.400 | deliv   1.40 | blocked 16.0% | idle 39.0% | ent 0.554
  upd 1572 | return    1.600 | deliv   1.60 | blocked  9.5% | idle 38.2% | ent 0.550
  upd 1573 | return    1.900 | deliv   1.90 | blocked 11.8% | idle 36.6% | ent 0.568
  upd 1574 | return    1.200 | deliv   1.20 | blocked 12.5% | idle 43.0% | ent 0.557
  upd 1575 | return    1.800 | deliv   1.80 | blocked  7.3% | idle 48.8% | ent 0.588
  upd 1576 | return    1.100 | deliv   1.10 | blocked  7.7% | idle 51.8% | ent 0.544
  upd 1577 | return    1.500 | deliv   1.50 | blocked 11.1% | idle 53.0% | ent 0.528
  upd 1578 | return    1.600 | deliv   1.60 | blocked 10.1% | idle 51.7% | ent 0.524
  upd 1579 | return    1.400 | deliv   1.40 | blocked 13.5% | idle 52.7% | ent 0.474
  upd 1580 | return    1.700 | deliv   1.70 | blocked 15.3% | idle 52.0% | ent 0.508
  upd 1581 | return    1.300 | deliv   1.30 | blocked  7.2% | idle 63.0% | ent 0.498
  upd 1582 | return    1.100 | deliv   1.10 | blocked 16.5% | idle 52.0% | ent 0.440
  upd 1583 | return    1.600 | deliv   1.60 | blocked 13.3% | idle 57.3% | ent 0.395
  upd 1584 | return    2.300 | deliv   2.30 | blocked  3.9% | idle 69.8% | ent 0.421
  upd 1585 | return    2.300 | deliv   2.30 | blocked  6.6% | idle 70.5% | ent 0.416
  upd 1586 | return    1.800 | deliv   1.80 | blocked 11.9% | idle 62.7% | ent 0.380
  upd 1587 | return    1.100 | deliv   1.10 | blocked 14.2% | idle 63.8% | ent 0.436
  upd 1588 | return    2.000 | deliv   2.00 | blocked  8.5% | idle 62.9% | ent 0.457
  upd 1589 | return    1.700 | deliv   1.70 | blocked 14.0% | idle 60.4% | ent 0.489
  upd 1590 | return    1.200 | deliv   1.20 | blocked  9.9% | idle 62.1% | ent 0.484
  upd 1591 | return    1.500 | deliv   1.50 | blocked  9.4% | idle 65.8% | ent 0.478
  upd 1592 | return    1.300 | deliv   1.30 | blocked 15.0% | idle 55.9% | ent 0.487
  upd 1593 | return    1.300 | deliv   1.30 | blocked 10.7% | idle 54.0% | ent 0.542
  upd 1594 | return    1.700 | deliv   1.70 | blocked  6.3% | idle 53.0% | ent 0.580
  upd 1595 | return    1.800 | deliv   1.80 | blocked  7.9% | idle 47.7% | ent 0.584
  upd 1596 | return    1.500 | deliv   1.50 | blocked  7.4% | idle 47.3% | ent 0.568
  upd 1597 | return    1.600 | deliv   1.60 | blocked 12.7% | idle 38.4% | ent 0.534
  upd 1598 | return    2.100 | deliv   2.10 | blocked  4.3% | idle 45.8% | ent 0.614
  upd 1599 | return    1.500 | deliv   1.50 | blocked 10.3% | idle 40.5% | ent 0.576
  [replay @ update 1600] return 1.00  deliveries 1  -> runs/ippo_tiny-4ag_seed2/replays/replay_upd001600_s0.npz
  upd 1600 | return    1.400 | deliv   1.40 | blocked 10.8% | idle 34.6% | ent 0.558
  upd 1601 | return    1.600 | deliv   1.60 | blocked  9.6% | idle 29.8% | ent 0.519
  upd 1602 | return    1.400 | deliv   1.40 | blocked  5.7% | idle 28.9% | ent 0.547
  upd 1603 | return    1.300 | deliv   1.30 | blocked 20.1% | idle 22.6% | ent 0.470
  upd 1604 | return    1.900 | deliv   1.90 | blocked  5.6% | idle 25.3% | ent 0.526
  upd 1605 | return    1.400 | deliv   1.40 | blocked 12.7% | idle 22.6% | ent 0.475
  upd 1606 | return    1.800 | deliv   1.80 | blocked  2.8% | idle 32.8% | ent 0.561
  upd 1607 | return    1.800 | deliv   1.80 | blocked  4.8% | idle 29.8% | ent 0.531
  upd 1608 | return    1.500 | deliv   1.50 | blocked  8.3% | idle 30.7% | ent 0.516
  upd 1609 | return    1.900 | deliv   1.90 | blocked  6.8% | idle 25.4% | ent 0.498
  upd 1610 | return    1.100 | deliv   1.10 | blocked 11.9% | idle 25.8% | ent 0.504
  upd 1611 | return    1.300 | deliv   1.30 | blocked 17.5% | idle 21.5% | ent 0.484
  upd 1612 | return    1.700 | deliv   1.70 | blocked 13.9% | idle 22.6% | ent 0.465
  upd 1613 | return    1.600 | deliv   1.60 | blocked 14.2% | idle 20.1% | ent 0.444
  upd 1614 | return    1.500 | deliv   1.50 | blocked 10.1% | idle 21.1% | ent 0.444
  upd 1615 | return    1.800 | deliv   1.80 | blocked  5.3% | idle 18.8% | ent 0.424
  upd 1616 | return    2.100 | deliv   2.10 | blocked  0.7% | idle 18.7% | ent 0.417
  upd 1617 | return    1.700 | deliv   1.70 | blocked  2.8% | idle 12.8% | ent 0.356
  upd 1618 | return    1.300 | deliv   1.30 | blocked  2.3% | idle 13.4% | ent 0.391
  upd 1619 | return    1.800 | deliv   1.80 | blocked  2.5% | idle 13.5% | ent 0.391
  upd 1620 | return    1.300 | deliv   1.30 | blocked  6.5% | idle 14.9% | ent 0.429
  upd 1621 | return    1.200 | deliv   1.20 | blocked  7.6% | idle 17.8% | ent 0.440
  upd 1622 | return    1.900 | deliv   1.90 | blocked  5.6% | idle 16.7% | ent 0.444
  upd 1623 | return    1.700 | deliv   1.70 | blocked  3.0% | idle 18.4% | ent 0.452
  upd 1624 | return    1.500 | deliv   1.50 | blocked  2.9% | idle 18.8% | ent 0.486
  upd 1625 | return    2.100 | deliv   2.10 | blocked  2.6% | idle 20.3% | ent 0.504
  upd 1626 | return    1.300 | deliv   1.30 | blocked  7.9% | idle 23.0% | ent 0.488
  upd 1627 | return    2.000 | deliv   2.00 | blocked  6.5% | idle 22.1% | ent 0.493
  upd 1628 | return    1.300 | deliv   1.30 | blocked  0.7% | idle 27.7% | ent 0.561
  upd 1629 | return    2.400 | deliv   2.40 | blocked  1.0% | idle 25.4% | ent 0.553
  upd 1630 | return    1.100 | deliv   1.10 | blocked 13.8% | idle 21.5% | ent 0.483
  upd 1631 | return    1.100 | deliv   1.10 | blocked 11.8% | idle 21.8% | ent 0.485
  upd 1632 | return    1.400 | deliv   1.40 | blocked 11.2% | idle 22.0% | ent 0.504
  upd 1633 | return    1.400 | deliv   1.40 | blocked 12.6% | idle 22.1% | ent 0.521
  upd 1634 | return    2.000 | deliv   2.00 | blocked  6.7% | idle 24.8% | ent 0.537
  upd 1635 | return    1.300 | deliv   1.30 | blocked 14.0% | idle 23.2% | ent 0.518
  upd 1636 | return    1.100 | deliv   1.10 | blocked 12.0% | idle 22.5% | ent 0.516
  upd 1637 | return    1.100 | deliv   1.10 | blocked 16.2% | idle 21.7% | ent 0.518
  upd 1638 | return    1.700 | deliv   1.70 | blocked  9.0% | idle 23.0% | ent 0.506
  upd 1639 | return    1.200 | deliv   1.20 | blocked 19.8% | idle 20.7% | ent 0.486
  upd 1640 | return    1.500 | deliv   1.50 | blocked  4.0% | idle 24.2% | ent 0.519
  upd 1641 | return    1.400 | deliv   1.40 | blocked 14.2% | idle 21.1% | ent 0.484
  upd 1642 | return    1.600 | deliv   1.60 | blocked 14.5% | idle 22.8% | ent 0.491
  upd 1643 | return    1.700 | deliv   1.70 | blocked  4.9% | idle 23.3% | ent 0.492
  upd 1644 | return    1.300 | deliv   1.30 | blocked  3.3% | idle 19.2% | ent 0.475
  upd 1645 | return    1.300 | deliv   1.30 | blocked 15.0% | idle 18.1% | ent 0.432
  upd 1646 | return    1.400 | deliv   1.40 | blocked 12.4% | idle 19.0% | ent 0.447
  upd 1647 | return    1.400 | deliv   1.40 | blocked  5.0% | idle 22.5% | ent 0.492
  upd 1648 | return    1.900 | deliv   1.90 | blocked  4.8% | idle 22.0% | ent 0.503
  upd 1649 | return    1.300 | deliv   1.30 | blocked  6.3% | idle 26.2% | ent 0.547
  upd 1650 | return    1.100 | deliv   1.10 | blocked  6.6% | idle 27.8% | ent 0.572
  upd 1651 | return    1.400 | deliv   1.40 | blocked  9.0% | idle 27.4% | ent 0.559
  upd 1652 | return    1.100 | deliv   1.10 | blocked 15.3% | idle 27.3% | ent 0.518
  upd 1653 | return    2.200 | deliv   2.20 | blocked  6.3% | idle 32.9% | ent 0.570
  upd 1654 | return    1.800 | deliv   1.80 | blocked  0.4% | idle 33.7% | ent 0.561
  upd 1655 | return    1.300 | deliv   1.30 | blocked  9.8% | idle 27.4% | ent 0.513
  upd 1656 | return    1.500 | deliv   1.50 | blocked  4.5% | idle 25.5% | ent 0.507
  upd 1657 | return    2.100 | deliv   2.10 | blocked  4.0% | idle 21.4% | ent 0.477
  upd 1658 | return    1.500 | deliv   1.50 | blocked  1.1% | idle 21.1% | ent 0.481
  upd 1659 | return    1.900 | deliv   1.90 | blocked 10.7% | idle 14.8% | ent 0.400
  upd 1660 | return    1.500 | deliv   1.50 | blocked  7.4% | idle 15.5% | ent 0.440
  upd 1661 | return    1.400 | deliv   1.40 | blocked 11.7% | idle 19.0% | ent 0.452
  upd 1662 | return    1.600 | deliv   1.60 | blocked 10.3% | idle 16.1% | ent 0.442
  upd 1663 | return    1.300 | deliv   1.30 | blocked  7.7% | idle 15.9% | ent 0.440
  upd 1664 | return    2.100 | deliv   2.10 | blocked 12.3% | idle 17.8% | ent 0.462
  upd 1665 | return    1.400 | deliv   1.40 | blocked 12.6% | idle 18.5% | ent 0.453
  upd 1666 | return    1.900 | deliv   1.90 | blocked  4.6% | idle 16.7% | ent 0.445
  upd 1667 | return    2.200 | deliv   2.20 | blocked  5.5% | idle 18.1% | ent 0.464
  upd 1668 | return    2.300 | deliv   2.30 | blocked 14.2% | idle 17.8% | ent 0.462
  upd 1669 | return    1.500 | deliv   1.50 | blocked 14.2% | idle 21.6% | ent 0.475
  upd 1670 | return    1.400 | deliv   1.40 | blocked 22.4% | idle 21.9% | ent 0.465
  upd 1671 | return    1.000 | deliv   1.00 | blocked 19.3% | idle 23.2% | ent 0.479
  upd 1672 | return    1.400 | deliv   1.40 | blocked 15.9% | idle 21.4% | ent 0.482
  upd 1673 | return    1.300 | deliv   1.30 | blocked 12.8% | idle 27.2% | ent 0.543
  upd 1674 | return    1.500 | deliv   1.50 | blocked 17.5% | idle 21.5% | ent 0.490
  upd 1675 | return    2.100 | deliv   2.10 | blocked 13.4% | idle 22.8% | ent 0.506
  upd 1676 | return    1.600 | deliv   1.60 | blocked 16.3% | idle 27.6% | ent 0.544
  upd 1677 | return    2.200 | deliv   2.20 | blocked 17.7% | idle 26.7% | ent 0.502
  upd 1678 | return    1.600 | deliv   1.60 | blocked 13.5% | idle 33.4% | ent 0.542
  upd 1679 | return    2.100 | deliv   2.10 | blocked 10.7% | idle 34.8% | ent 0.556
  upd 1680 | return    1.800 | deliv   1.80 | blocked 22.4% | idle 35.5% | ent 0.486
  upd 1681 | return    2.200 | deliv   2.20 | blocked 20.2% | idle 33.3% | ent 0.515
  upd 1682 | return    1.600 | deliv   1.60 | blocked 14.5% | idle 36.4% | ent 0.533
  upd 1683 | return    1.400 | deliv   1.40 | blocked 21.2% | idle 37.0% | ent 0.499
  upd 1684 | return    1.300 | deliv   1.30 | blocked 11.1% | idle 42.2% | ent 0.557
  upd 1685 | return    1.100 | deliv   1.10 | blocked 22.5% | idle 39.7% | ent 0.482
  upd 1686 | return    1.900 | deliv   1.90 | blocked  7.0% | idle 46.4% | ent 0.589
  upd 1687 | return    1.800 | deliv   1.80 | blocked 12.1% | idle 42.3% | ent 0.542
  upd 1688 | return    2.100 | deliv   2.10 | blocked  4.6% | idle 47.8% | ent 0.544
  upd 1689 | return    1.100 | deliv   1.10 | blocked 14.1% | idle 46.1% | ent 0.505
  upd 1690 | return    1.700 | deliv   1.70 | blocked 11.1% | idle 50.0% | ent 0.490
  upd 1691 | return    1.200 | deliv   1.20 | blocked  9.9% | idle 55.1% | ent 0.469
  upd 1692 | return    1.300 | deliv   1.30 | blocked  7.5% | idle 51.4% | ent 0.451
  upd 1693 | return    1.900 | deliv   1.90 | blocked  5.9% | idle 57.5% | ent 0.490
  upd 1694 | return    1.300 | deliv   1.30 | blocked 16.7% | idle 47.2% | ent 0.475
  upd 1695 | return    1.400 | deliv   1.40 | blocked  7.1% | idle 56.9% | ent 0.525
  upd 1696 | return    1.300 | deliv   1.30 | blocked 11.2% | idle 45.5% | ent 0.526
  upd 1697 | return    1.400 | deliv   1.40 | blocked 15.4% | idle 43.1% | ent 0.494
  upd 1698 | return    1.800 | deliv   1.80 | blocked  8.0% | idle 46.2% | ent 0.514
  upd 1699 | return    1.700 | deliv   1.70 | blocked  8.4% | idle 44.4% | ent 0.524
  [replay @ update 1700] return 0.00  deliveries 0  -> runs/ippo_tiny-4ag_seed2/replays/replay_upd001700_s0.npz
  upd 1700 | return    1.200 | deliv   1.20 | blocked 24.7% | idle 37.2% | ent 0.456
  upd 1701 | return    1.400 | deliv   1.40 | blocked  9.8% | idle 50.0% | ent 0.569
  upd 1702 | return    1.300 | deliv   1.30 | blocked 12.6% | idle 46.6% | ent 0.518
  upd 1703 | return    1.600 | deliv   1.60 | blocked  9.5% | idle 50.0% | ent 0.561
  upd 1704 | return    1.600 | deliv   1.60 | blocked  5.5% | idle 55.8% | ent 0.553
  upd 1705 | return    1.400 | deliv   1.40 | blocked 10.3% | idle 47.8% | ent 0.545
  upd 1706 | return    1.900 | deliv   1.90 | blocked  7.6% | idle 48.6% | ent 0.548
  upd 1707 | return    1.200 | deliv   1.20 | blocked  5.2% | idle 48.8% | ent 0.514
  upd 1708 | return    1.500 | deliv   1.50 | blocked 13.4% | idle 51.5% | ent 0.444
  upd 1709 | return    1.300 | deliv   1.30 | blocked 10.0% | idle 57.6% | ent 0.463
  upd 1710 | return    1.900 | deliv   1.90 | blocked  9.5% | idle 59.4% | ent 0.449
  upd 1711 | return    1.400 | deliv   1.40 | blocked 17.1% | idle 51.0% | ent 0.426
  upd 1712 | return    1.700 | deliv   1.70 | blocked  9.8% | idle 52.5% | ent 0.469
  upd 1713 | return    1.500 | deliv   1.50 | blocked 12.4% | idle 58.3% | ent 0.447
  upd 1714 | return    1.400 | deliv   1.40 | blocked 13.6% | idle 60.0% | ent 0.410
  upd 1715 | return    2.100 | deliv   2.10 | blocked  3.3% | idle 65.7% | ent 0.449
  upd 1716 | return    1.200 | deliv   1.20 | blocked  9.3% | idle 61.2% | ent 0.394
  upd 1717 | return    1.100 | deliv   1.10 | blocked 10.6% | idle 59.0% | ent 0.424
  upd 1718 | return    1.800 | deliv   1.80 | blocked  5.3% | idle 66.4% | ent 0.442
  upd 1719 | return    1.900 | deliv   1.90 | blocked  4.9% | idle 65.2% | ent 0.470
  upd 1720 | return    1.700 | deliv   1.70 | blocked  2.4% | idle 69.2% | ent 0.470
  upd 1721 | return    1.400 | deliv   1.40 | blocked  8.8% | idle 60.3% | ent 0.479
  upd 1722 | return    1.300 | deliv   1.30 | blocked 11.3% | idle 56.1% | ent 0.473
  upd 1723 | return    2.000 | deliv   2.00 | blocked  6.4% | idle 54.3% | ent 0.555
  upd 1724 | return    1.700 | deliv   1.70 | blocked 12.9% | idle 49.5% | ent 0.526
  upd 1725 | return    1.800 | deliv   1.80 | blocked  4.2% | idle 48.7% | ent 0.569
  upd 1726 | return    2.000 | deliv   2.00 | blocked  9.4% | idle 43.2% | ent 0.568
  upd 1727 | return    1.300 | deliv   1.30 | blocked  7.5% | idle 46.7% | ent 0.523
  upd 1728 | return    1.500 | deliv   1.50 | blocked  4.8% | idle 52.2% | ent 0.537
  upd 1729 | return    1.700 | deliv   1.70 | blocked  8.9% | idle 58.2% | ent 0.511
  upd 1730 | return    2.000 | deliv   2.00 | blocked 10.1% | idle 50.6% | ent 0.517
  upd 1731 | return    1.500 | deliv   1.50 | blocked 19.2% | idle 47.7% | ent 0.503
  upd 1732 | return    2.000 | deliv   2.00 | blocked  8.9% | idle 50.7% | ent 0.561
  upd 1733 | return    1.700 | deliv   1.70 | blocked 16.1% | idle 45.6% | ent 0.549
  upd 1734 | return    1.600 | deliv   1.60 | blocked 10.8% | idle 44.3% | ent 0.555
  upd 1735 | return    1.400 | deliv   1.40 | blocked 14.2% | idle 37.1% | ent 0.504
  upd 1736 | return    2.200 | deliv   2.20 | blocked  4.3% | idle 49.3% | ent 0.598
  upd 1737 | return    1.800 | deliv   1.80 | blocked 10.7% | idle 47.4% | ent 0.565
  upd 1738 | return    2.100 | deliv   2.10 | blocked  6.5% | idle 44.7% | ent 0.571
  upd 1739 | return    2.000 | deliv   2.00 | blocked  6.9% | idle 44.1% | ent 0.565
  upd 1740 | return    2.000 | deliv   2.00 | blocked  8.7% | idle 42.4% | ent 0.572
  upd 1741 | return    1.200 | deliv   1.20 | blocked 14.2% | idle 38.8% | ent 0.500
  upd 1742 | return    1.500 | deliv   1.50 | blocked 16.1% | idle 40.1% | ent 0.516
  upd 1743 | return    1.700 | deliv   1.70 | blocked  6.6% | idle 42.1% | ent 0.573
  upd 1744 | return    1.400 | deliv   1.40 | blocked  5.4% | idle 43.9% | ent 0.582
  upd 1745 | return    1.300 | deliv   1.30 | blocked 14.1% | idle 40.3% | ent 0.529
  upd 1746 | return    1.600 | deliv   1.60 | blocked  8.0% | idle 42.0% | ent 0.565
  upd 1747 | return    1.700 | deliv   1.70 | blocked  9.7% | idle 39.9% | ent 0.556
  upd 1748 | return    0.900 | deliv   0.90 | blocked  9.3% | idle 42.4% | ent 0.533
  upd 1749 | return    1.800 | deliv   1.80 | blocked  8.2% | idle 36.8% | ent 0.544
  upd 1750 | return    2.100 | deliv   2.10 | blocked  4.5% | idle 39.9% | ent 0.581
  upd 1751 | return    1.200 | deliv   1.20 | blocked  3.7% | idle 42.7% | ent 0.588
  upd 1752 | return    1.800 | deliv   1.80 | blocked  5.3% | idle 47.6% | ent 0.597
  upd 1753 | return    1.600 | deliv   1.60 | blocked  7.7% | idle 45.2% | ent 0.565
  upd 1754 | return    1.600 | deliv   1.60 | blocked 12.7% | idle 39.4% | ent 0.556
  upd 1755 | return    1.500 | deliv   1.50 | blocked 18.8% | idle 33.5% | ent 0.507
  upd 1756 | return    1.800 | deliv   1.80 | blocked  8.3% | idle 45.2% | ent 0.552
  upd 1757 | return    1.300 | deliv   1.30 | blocked  9.3% | idle 46.4% | ent 0.556
  upd 1758 | return    1.900 | deliv   1.90 | blocked 12.8% | idle 47.6% | ent 0.537
  upd 1759 | return    1.500 | deliv   1.50 | blocked 11.8% | idle 49.6% | ent 0.549
  upd 1760 | return    1.900 | deliv   1.90 | blocked 10.0% | idle 45.1% | ent 0.533
  upd 1761 | return    1.600 | deliv   1.60 | blocked  7.4% | idle 53.2% | ent 0.559
  upd 1762 | return    1.700 | deliv   1.70 | blocked 10.5% | idle 50.6% | ent 0.545
  upd 1763 | return    2.100 | deliv   2.10 | blocked  8.5% | idle 50.8% | ent 0.552
  upd 1764 | return    0.900 | deliv   0.90 | blocked 17.7% | idle 46.3% | ent 0.514
  upd 1765 | return    2.200 | deliv   2.20 | blocked  7.3% | idle 49.6% | ent 0.563
  upd 1766 | return    1.400 | deliv   1.40 | blocked 13.4% | idle 48.4% | ent 0.537
  upd 1767 | return    1.500 | deliv   1.50 | blocked 17.7% | idle 45.8% | ent 0.499
  upd 1768 | return    1.700 | deliv   1.70 | blocked  7.7% | idle 50.8% | ent 0.539
  upd 1769 | return    1.400 | deliv   1.40 | blocked  7.6% | idle 55.8% | ent 0.521
  upd 1770 | return    1.700 | deliv   1.70 | blocked  9.1% | idle 50.3% | ent 0.535
  upd 1771 | return    1.600 | deliv   1.60 | blocked 12.2% | idle 49.0% | ent 0.517
  upd 1772 | return    1.900 | deliv   1.90 | blocked  1.9% | idle 54.6% | ent 0.560
  upd 1773 | return    1.500 | deliv   1.50 | blocked  5.8% | idle 56.8% | ent 0.560
  upd 1774 | return    2.200 | deliv   2.20 | blocked  3.9% | idle 53.1% | ent 0.592
  upd 1775 | return    1.200 | deliv   1.20 | blocked  5.5% | idle 52.9% | ent 0.579
  upd 1776 | return    1.400 | deliv   1.40 | blocked  5.5% | idle 45.3% | ent 0.578
  upd 1777 | return    1.500 | deliv   1.50 | blocked  3.4% | idle 45.6% | ent 0.538
  upd 1778 | return    1.300 | deliv   1.30 | blocked  7.2% | idle 44.1% | ent 0.583
  upd 1779 | return    1.500 | deliv   1.50 | blocked  3.1% | idle 42.2% | ent 0.584
  upd 1780 | return    1.700 | deliv   1.70 | blocked  3.3% | idle 41.0% | ent 0.570
  upd 1781 | return    1.700 | deliv   1.70 | blocked  6.8% | idle 38.8% | ent 0.557
  upd 1782 | return    1.500 | deliv   1.50 | blocked  2.6% | idle 44.1% | ent 0.553
  upd 1783 | return    1.400 | deliv   1.40 | blocked  5.5% | idle 41.5% | ent 0.537
  upd 1784 | return    1.700 | deliv   1.70 | blocked  6.5% | idle 48.5% | ent 0.539
  upd 1785 | return    1.100 | deliv   1.10 | blocked  8.7% | idle 47.6% | ent 0.509
  upd 1786 | return    1.600 | deliv   1.60 | blocked  5.3% | idle 53.1% | ent 0.489
  upd 1787 | return    1.700 | deliv   1.70 | blocked  1.0% | idle 62.6% | ent 0.483
  upd 1788 | return    1.700 | deliv   1.70 | blocked 12.2% | idle 53.7% | ent 0.432
  upd 1789 | return    1.200 | deliv   1.20 | blocked 13.0% | idle 59.3% | ent 0.421
  upd 1790 | return    1.400 | deliv   1.40 | blocked  5.6% | idle 64.6% | ent 0.448
  upd 1791 | return    1.900 | deliv   1.90 | blocked  3.3% | idle 63.2% | ent 0.441
  upd 1792 | return    1.800 | deliv   1.80 | blocked  5.0% | idle 58.1% | ent 0.468
  upd 1793 | return    1.600 | deliv   1.60 | blocked  1.0% | idle 72.4% | ent 0.459
  upd 1794 | return    1.500 | deliv   1.50 | blocked  1.2% | idle 73.3% | ent 0.437
  upd 1795 | return    1.400 | deliv   1.40 | blocked  8.5% | idle 65.3% | ent 0.396
  upd 1796 | return    1.700 | deliv   1.70 | blocked  8.5% | idle 63.3% | ent 0.392
  upd 1797 | return    1.400 | deliv   1.40 | blocked 10.0% | idle 64.1% | ent 0.369
  upd 1798 | return    1.700 | deliv   1.70 | blocked  6.6% | idle 64.7% | ent 0.435
  upd 1799 | return    1.500 | deliv   1.50 | blocked  8.0% | idle 60.9% | ent 0.480
  [replay @ update 1800] return 1.00  deliveries 1  -> runs/ippo_tiny-4ag_seed2/replays/replay_upd001800_s0.npz
  upd 1800 | return    1.900 | deliv   1.90 | blocked  7.4% | idle 57.7% | ent 0.512
  upd 1801 | return    2.000 | deliv   2.00 | blocked 11.4% | idle 56.9% | ent 0.511
  upd 1802 | return    2.000 | deliv   2.00 | blocked  9.8% | idle 52.1% | ent 0.552
  upd 1803 | return    1.900 | deliv   1.90 | blocked  2.0% | idle 57.7% | ent 0.601
  upd 1804 | return    1.600 | deliv   1.60 | blocked 12.4% | idle 43.3% | ent 0.525
  upd 1805 | return    1.900 | deliv   1.90 | blocked  8.0% | idle 41.4% | ent 0.568
  upd 1806 | return    2.300 | deliv   2.30 | blocked  5.4% | idle 42.6% | ent 0.590
  upd 1807 | return    1.500 | deliv   1.50 | blocked  8.6% | idle 36.7% | ent 0.536
  upd 1808 | return    2.100 | deliv   2.10 | blocked  5.4% | idle 43.9% | ent 0.596
  upd 1809 | return    2.200 | deliv   2.20 | blocked  5.1% | idle 42.3% | ent 0.555
  upd 1810 | return    1.500 | deliv   1.50 | blocked  4.3% | idle 41.1% | ent 0.534
  upd 1811 | return    1.300 | deliv   1.30 | blocked  9.5% | idle 40.2% | ent 0.548
  upd 1812 | return    2.300 | deliv   2.30 | blocked  5.5% | idle 35.3% | ent 0.559
  upd 1813 | return    1.300 | deliv   1.30 | blocked  8.0% | idle 35.6% | ent 0.539
  upd 1814 | return    1.800 | deliv   1.80 | blocked  8.9% | idle 32.5% | ent 0.522
  upd 1815 | return    1.400 | deliv   1.40 | blocked 11.0% | idle 29.7% | ent 0.513
  upd 1816 | return    1.900 | deliv   1.90 | blocked 13.6% | idle 27.8% | ent 0.477
  upd 1817 | return    1.000 | deliv   1.00 | blocked 20.5% | idle 26.9% | ent 0.463
  upd 1818 | return    1.600 | deliv   1.60 | blocked 17.5% | idle 26.2% | ent 0.479
  upd 1819 | return    1.200 | deliv   1.20 | blocked  8.7% | idle 30.1% | ent 0.542
  upd 1820 | return    1.500 | deliv   1.50 | blocked 12.6% | idle 26.8% | ent 0.467
  upd 1821 | return    1.400 | deliv   1.40 | blocked 16.0% | idle 22.9% | ent 0.475
  upd 1822 | return    2.000 | deliv   2.00 | blocked 17.8% | idle 21.4% | ent 0.430
  upd 1823 | return    1.400 | deliv   1.40 | blocked 20.9% | idle 23.7% | ent 0.461
  upd 1824 | return    1.100 | deliv   1.10 | blocked 11.9% | idle 27.7% | ent 0.498
  upd 1825 | return    1.900 | deliv   1.90 | blocked 17.1% | idle 24.4% | ent 0.465
  upd 1826 | return    1.900 | deliv   1.90 | blocked  8.8% | idle 31.5% | ent 0.518
  upd 1827 | return    1.100 | deliv   1.10 | blocked  9.0% | idle 29.9% | ent 0.513
  upd 1828 | return    1.400 | deliv   1.40 | blocked 21.8% | idle 23.7% | ent 0.438
  upd 1829 | return    2.000 | deliv   2.00 | blocked 13.4% | idle 24.1% | ent 0.475
  upd 1830 | return    1.400 | deliv   1.40 | blocked 10.0% | idle 26.3% | ent 0.486
  upd 1831 | return    1.700 | deliv   1.70 | blocked 14.6% | idle 20.9% | ent 0.418
  upd 1832 | return    1.400 | deliv   1.40 | blocked 11.6% | idle 23.8% | ent 0.488
  upd 1833 | return    0.700 | deliv   0.70 | blocked 25.2% | idle 21.5% | ent 0.438
  upd 1834 | return    1.200 | deliv   1.20 | blocked 12.4% | idle 25.0% | ent 0.471
  upd 1835 | return    1.700 | deliv   1.70 | blocked 12.5% | idle 26.8% | ent 0.490
  upd 1836 | return    1.600 | deliv   1.60 | blocked 10.2% | idle 25.5% | ent 0.482
  upd 1837 | return    1.700 | deliv   1.70 | blocked 14.7% | idle 20.4% | ent 0.457
  upd 1838 | return    1.500 | deliv   1.50 | blocked 12.0% | idle 26.0% | ent 0.504
  upd 1839 | return    1.700 | deliv   1.70 | blocked 11.1% | idle 26.6% | ent 0.493
  upd 1840 | return    1.600 | deliv   1.60 | blocked 23.5% | idle 21.6% | ent 0.417
  upd 1841 | return    1.500 | deliv   1.50 | blocked 12.4% | idle 26.9% | ent 0.495
  upd 1842 | return    1.400 | deliv   1.40 | blocked 22.2% | idle 21.4% | ent 0.424
  upd 1843 | return    1.600 | deliv   1.60 | blocked 11.3% | idle 26.1% | ent 0.488
  upd 1844 | return    1.700 | deliv   1.70 | blocked  7.4% | idle 25.0% | ent 0.511
  upd 1845 | return    1.800 | deliv   1.80 | blocked 14.4% | idle 25.1% | ent 0.475
  upd 1846 | return    1.900 | deliv   1.90 | blocked 16.0% | idle 20.6% | ent 0.420
  upd 1847 | return    2.100 | deliv   2.10 | blocked  5.2% | idle 20.6% | ent 0.437
  upd 1848 | return    1.400 | deliv   1.40 | blocked 16.7% | idle 19.7% | ent 0.417
  upd 1849 | return    1.800 | deliv   1.80 | blocked  8.2% | idle 18.1% | ent 0.429
  upd 1850 | return    2.000 | deliv   2.00 | blocked 13.2% | idle 21.4% | ent 0.478
  upd 1851 | return    1.700 | deliv   1.70 | blocked  9.7% | idle 21.5% | ent 0.480
  upd 1852 | return    1.700 | deliv   1.70 | blocked 13.0% | idle 23.9% | ent 0.481
  upd 1853 | return    1.100 | deliv   1.10 | blocked 15.5% | idle 26.0% | ent 0.488
  upd 1854 | return    2.000 | deliv   2.00 | blocked 11.1% | idle 28.0% | ent 0.525
  upd 1855 | return    1.700 | deliv   1.70 | blocked  6.5% | idle 32.7% | ent 0.569
  upd 1856 | return    1.800 | deliv   1.80 | blocked 12.0% | idle 28.7% | ent 0.511
  upd 1857 | return    1.200 | deliv   1.20 | blocked 12.0% | idle 32.6% | ent 0.538
  upd 1858 | return    1.900 | deliv   1.90 | blocked 11.2% | idle 28.7% | ent 0.498
  upd 1859 | return    1.600 | deliv   1.60 | blocked 10.1% | idle 36.4% | ent 0.553
  upd 1860 | return    1.600 | deliv   1.60 | blocked 15.1% | idle 32.4% | ent 0.482
  upd 1861 | return    2.100 | deliv   2.10 | blocked 10.5% | idle 29.9% | ent 0.515
  upd 1862 | return    1.400 | deliv   1.40 | blocked 15.0% | idle 34.6% | ent 0.505
  upd 1863 | return    1.500 | deliv   1.50 | blocked 18.1% | idle 34.2% | ent 0.486
  upd 1864 | return    1.600 | deliv   1.60 | blocked  6.6% | idle 40.8% | ent 0.574
  upd 1865 | return    1.900 | deliv   1.90 | blocked  9.7% | idle 31.2% | ent 0.500
  upd 1866 | return    1.300 | deliv   1.30 | blocked 29.3% | idle 30.9% | ent 0.447
  upd 1867 | return    1.400 | deliv   1.40 | blocked 15.5% | idle 35.1% | ent 0.486
  upd 1868 | return    1.500 | deliv   1.50 | blocked 12.3% | idle 41.5% | ent 0.493
  upd 1869 | return    2.000 | deliv   2.00 | blocked  9.0% | idle 43.6% | ent 0.525
  upd 1870 | return    1.600 | deliv   1.60 | blocked  8.0% | idle 51.9% | ent 0.542
  upd 1871 | return    1.400 | deliv   1.40 | blocked  3.4% | idle 56.5% | ent 0.544
  upd 1872 | return    1.700 | deliv   1.70 | blocked  9.4% | idle 50.0% | ent 0.534
  upd 1873 | return    1.600 | deliv   1.60 | blocked 13.1% | idle 46.7% | ent 0.495
  upd 1874 | return    1.900 | deliv   1.90 | blocked  6.9% | idle 48.0% | ent 0.516
  upd 1875 | return    1.600 | deliv   1.60 | blocked  8.1% | idle 52.2% | ent 0.519
  upd 1876 | return    2.000 | deliv   2.00 | blocked 17.7% | idle 40.1% | ent 0.495
  upd 1877 | return    1.900 | deliv   1.90 | blocked 19.5% | idle 40.8% | ent 0.475
  upd 1878 | return    1.800 | deliv   1.80 | blocked 10.4% | idle 44.0% | ent 0.532
  upd 1879 | return    1.600 | deliv   1.60 | blocked  6.7% | idle 46.9% | ent 0.495
  upd 1880 | return    2.100 | deliv   2.10 | blocked  5.2% | idle 51.7% | ent 0.543
  upd 1881 | return    2.300 | deliv   2.30 | blocked  7.8% | idle 49.8% | ent 0.555
  upd 1882 | return    1.600 | deliv   1.60 | blocked 15.8% | idle 41.6% | ent 0.528
  upd 1883 | return    1.900 | deliv   1.90 | blocked  0.3% | idle 58.4% | ent 0.564
  upd 1884 | return    1.400 | deliv   1.40 | blocked  5.7% | idle 47.5% | ent 0.541
  upd 1885 | return    1.700 | deliv   1.70 | blocked  2.6% | idle 52.1% | ent 0.553
  upd 1886 | return    1.800 | deliv   1.80 | blocked  7.3% | idle 54.7% | ent 0.515
  upd 1887 | return    1.600 | deliv   1.60 | blocked  7.1% | idle 54.5% | ent 0.528
  upd 1888 | return    1.700 | deliv   1.70 | blocked 10.1% | idle 52.4% | ent 0.527
  upd 1889 | return    2.000 | deliv   2.00 | blocked 15.7% | idle 45.7% | ent 0.457
  upd 1890 | return    2.000 | deliv   2.00 | blocked  7.9% | idle 48.3% | ent 0.553
  upd 1891 | return    1.500 | deliv   1.50 | blocked 10.5% | idle 47.0% | ent 0.526
  upd 1892 | return    2.000 | deliv   2.00 | blocked  3.9% | idle 43.6% | ent 0.570
  upd 1893 | return    1.700 | deliv   1.70 | blocked  9.5% | idle 37.9% | ent 0.535
  upd 1894 | return    1.100 | deliv   1.10 | blocked 13.7% | idle 35.5% | ent 0.512
  upd 1895 | return    1.300 | deliv   1.30 | blocked 14.7% | idle 32.9% | ent 0.507
  upd 1896 | return    1.500 | deliv   1.50 | blocked  7.5% | idle 28.8% | ent 0.490
  upd 1897 | return    1.700 | deliv   1.70 | blocked  5.5% | idle 27.6% | ent 0.501
  upd 1898 | return    1.200 | deliv   1.20 | blocked 10.3% | idle 27.3% | ent 0.500
  upd 1899 | return    1.200 | deliv   1.20 | blocked 10.4% | idle 28.9% | ent 0.509
  [replay @ update 1900] return 0.00  deliveries 0  -> runs/ippo_tiny-4ag_seed2/replays/replay_upd001900_s0.npz
  upd 1900 | return    1.800 | deliv   1.80 | blocked  6.0% | idle 27.4% | ent 0.508
  upd 1901 | return    1.300 | deliv   1.30 | blocked  7.8% | idle 30.3% | ent 0.522
  upd 1902 | return    1.400 | deliv   1.40 | blocked  2.9% | idle 32.0% | ent 0.529
  upd 1903 | return    1.800 | deliv   1.80 | blocked  6.1% | idle 33.8% | ent 0.574
  upd 1904 | return    1.100 | deliv   1.10 | blocked  3.9% | idle 34.2% | ent 0.562
  upd 1905 | return    1.500 | deliv   1.50 | blocked 14.7% | idle 29.5% | ent 0.510
  upd 1906 | return    1.600 | deliv   1.60 | blocked  4.3% | idle 31.6% | ent 0.550
  upd 1907 | return    1.700 | deliv   1.70 | blocked 12.4% | idle 29.6% | ent 0.498
  upd 1908 | return    0.900 | deliv   0.90 | blocked 10.1% | idle 30.0% | ent 0.516
  upd 1909 | return    1.200 | deliv   1.20 | blocked  9.2% | idle 24.5% | ent 0.462
  upd 1910 | return    1.200 | deliv   1.20 | blocked  8.2% | idle 25.6% | ent 0.497
  upd 1911 | return    1.600 | deliv   1.60 | blocked  5.4% | idle 21.2% | ent 0.452
  upd 1912 | return    1.900 | deliv   1.90 | blocked  7.7% | idle 19.7% | ent 0.443
  upd 1913 | return    1.300 | deliv   1.30 | blocked 10.3% | idle 19.9% | ent 0.448
  upd 1914 | return    1.800 | deliv   1.80 | blocked 14.2% | idle 20.6% | ent 0.468
  upd 1915 | return    2.200 | deliv   2.20 | blocked  1.7% | idle 26.8% | ent 0.522
  upd 1916 | return    1.600 | deliv   1.60 | blocked 11.6% | idle 19.5% | ent 0.417
  upd 1917 | return    2.000 | deliv   2.00 | blocked 13.9% | idle 16.8% | ent 0.378
  upd 1918 | return    1.800 | deliv   1.80 | blocked  5.4% | idle 18.6% | ent 0.394
  upd 1919 | return    1.400 | deliv   1.40 | blocked 10.6% | idle 14.9% | ent 0.392
  upd 1920 | return    1.700 | deliv   1.70 | blocked  8.9% | idle 15.5% | ent 0.409
  upd 1921 | return    1.700 | deliv   1.70 | blocked 17.5% | idle 17.2% | ent 0.401
  upd 1922 | return    2.200 | deliv   2.20 | blocked 10.5% | idle 23.4% | ent 0.466
  upd 1923 | return    1.500 | deliv   1.50 | blocked 12.2% | idle 22.3% | ent 0.428
  upd 1924 | return    2.300 | deliv   2.30 | blocked 15.2% | idle 20.5% | ent 0.431
  upd 1925 | return    1.900 | deliv   1.90 | blocked 16.2% | idle 20.8% | ent 0.465
  upd 1926 | return    1.900 | deliv   1.90 | blocked  5.6% | idle 27.8% | ent 0.507
  upd 1927 | return    1.200 | deliv   1.20 | blocked 14.5% | idle 26.5% | ent 0.493
  upd 1928 | return    2.000 | deliv   2.00 | blocked  7.9% | idle 26.7% | ent 0.496
  upd 1929 | return    2.400 | deliv   2.40 | blocked  7.8% | idle 29.0% | ent 0.526
  upd 1930 | return    1.900 | deliv   1.90 | blocked 12.6% | idle 30.0% | ent 0.467
  upd 1931 | return    1.900 | deliv   1.90 | blocked  3.4% | idle 37.5% | ent 0.550
  upd 1932 | return    1.800 | deliv   1.80 | blocked 15.0% | idle 35.7% | ent 0.483
  upd 1933 | return    1.000 | deliv   1.00 | blocked 13.7% | idle 44.1% | ent 0.463
  upd 1934 | return    2.000 | deliv   2.00 | blocked 11.0% | idle 42.3% | ent 0.496
  upd 1935 | return    2.100 | deliv   2.10 | blocked 15.2% | idle 43.5% | ent 0.498
  upd 1936 | return    1.300 | deliv   1.30 | blocked 16.5% | idle 40.7% | ent 0.462
  upd 1937 | return    1.600 | deliv   1.60 | blocked 10.2% | idle 43.4% | ent 0.479
  upd 1938 | return    1.600 | deliv   1.60 | blocked  6.9% | idle 48.1% | ent 0.477
  upd 1939 | return    1.600 | deliv   1.60 | blocked 12.3% | idle 49.8% | ent 0.474
  upd 1940 | return    1.800 | deliv   1.80 | blocked  5.1% | idle 50.8% | ent 0.429
  upd 1941 | return    2.100 | deliv   2.10 | blocked  4.5% | idle 56.4% | ent 0.480
  upd 1942 | return    1.100 | deliv   1.10 | blocked 19.6% | idle 55.4% | ent 0.398
  upd 1943 | return    2.000 | deliv   2.00 | blocked 13.6% | idle 46.0% | ent 0.438
  upd 1944 | return    1.100 | deliv   1.10 | blocked 17.2% | idle 48.1% | ent 0.384
  upd 1945 | return    1.400 | deliv   1.40 | blocked 21.0% | idle 50.9% | ent 0.405
  upd 1946 | return    1.500 | deliv   1.50 | blocked 14.3% | idle 52.9% | ent 0.456
  upd 1947 | return    1.900 | deliv   1.90 | blocked  6.2% | idle 58.9% | ent 0.477
  upd 1948 | return    2.200 | deliv   2.20 | blocked 10.3% | idle 51.7% | ent 0.495
  upd 1949 | return    1.800 | deliv   1.80 | blocked  6.4% | idle 48.9% | ent 0.457
  upd 1950 | return    1.800 | deliv   1.80 | blocked 14.7% | idle 49.8% | ent 0.453
  upd 1951 | return    1.400 | deliv   1.40 | blocked 13.5% | idle 57.0% | ent 0.396
  upd 1952 | return    1.800 | deliv   1.80 | blocked  4.3% | idle 60.4% | ent 0.458
  upd 1953 | return    1.600 | deliv   1.60 | blocked  8.4% | idle 54.9% | ent 0.440
  upd 1954 | return    2.100 | deliv   2.10 | blocked  2.0% | idle 64.0% | ent 0.488
  upd 1955 | return    1.300 | deliv   1.30 | blocked 12.8% | idle 53.1% | ent 0.407
  upd 1956 | return    1.900 | deliv   1.90 | blocked 13.0% | idle 53.7% | ent 0.442
  upd 1957 | return    2.100 | deliv   2.10 | blocked  5.3% | idle 57.4% | ent 0.470
  upd 1958 | return    1.800 | deliv   1.80 | blocked  0.4% | idle 67.5% | ent 0.496
  upd 1959 | return    1.800 | deliv   1.80 | blocked  6.0% | idle 54.4% | ent 0.486
  upd 1960 | return    1.700 | deliv   1.70 | blocked 13.8% | idle 51.6% | ent 0.480
  upd 1961 | return    1.600 | deliv   1.60 | blocked  5.4% | idle 51.3% | ent 0.488
  upd 1962 | return    1.700 | deliv   1.70 | blocked 11.3% | idle 46.5% | ent 0.464
  upd 1963 | return    2.100 | deliv   2.10 | blocked  9.0% | idle 44.5% | ent 0.526
  upd 1964 | return    1.700 | deliv   1.70 | blocked 10.9% | idle 40.6% | ent 0.530
  upd 1965 | return    1.400 | deliv   1.40 | blocked  7.1% | idle 45.4% | ent 0.544
  upd 1966 | return    1.600 | deliv   1.60 | blocked  8.6% | idle 41.5% | ent 0.518
  upd 1967 | return    1.400 | deliv   1.40 | blocked  7.3% | idle 39.5% | ent 0.527
  upd 1968 | return    1.500 | deliv   1.50 | blocked  4.7% | idle 45.2% | ent 0.558
  upd 1969 | return    1.200 | deliv   1.20 | blocked  5.7% | idle 42.6% | ent 0.506
  upd 1970 | return    1.800 | deliv   1.80 | blocked  5.1% | idle 39.1% | ent 0.536
  upd 1971 | return    1.700 | deliv   1.70 | blocked  2.8% | idle 38.1% | ent 0.573
  upd 1972 | return    1.400 | deliv   1.40 | blocked  5.4% | idle 37.6% | ent 0.545
  upd 1973 | return    1.100 | deliv   1.10 | blocked  8.8% | idle 43.9% | ent 0.553
  upd 1974 | return    1.800 | deliv   1.80 | blocked  5.3% | idle 36.0% | ent 0.545
  upd 1975 | return    1.300 | deliv   1.30 | blocked  9.3% | idle 36.4% | ent 0.508
  upd 1976 | return    1.500 | deliv   1.50 | blocked 12.2% | idle 21.8% | ent 0.434
  upd 1977 | return    1.900 | deliv   1.90 | blocked 10.4% | idle 22.5% | ent 0.450
  upd 1978 | return    1.500 | deliv   1.50 | blocked  7.1% | idle 26.3% | ent 0.486
  upd 1979 | return    2.400 | deliv   2.40 | blocked  9.7% | idle 23.3% | ent 0.479
  upd 1980 | return    1.800 | deliv   1.80 | blocked  7.4% | idle 28.9% | ent 0.507
  upd 1981 | return    1.500 | deliv   1.50 | blocked  0.6% | idle 34.1% | ent 0.546
  upd 1982 | return    1.800 | deliv   1.80 | blocked  3.8% | idle 33.2% | ent 0.515
  upd 1983 | return    1.700 | deliv   1.70 | blocked  4.9% | idle 35.2% | ent 0.536
  upd 1984 | return    1.700 | deliv   1.70 | blocked 13.7% | idle 33.1% | ent 0.486
  upd 1985 | return    1.800 | deliv   1.80 | blocked  9.5% | idle 38.3% | ent 0.536
  upd 1986 | return    1.700 | deliv   1.70 | blocked  4.1% | idle 35.2% | ent 0.525
  upd 1987 | return    1.600 | deliv   1.60 | blocked 13.9% | idle 31.5% | ent 0.475
  upd 1988 | return    1.800 | deliv   1.80 | blocked 18.4% | idle 29.9% | ent 0.465
  upd 1989 | return    1.600 | deliv   1.60 | blocked  7.2% | idle 28.3% | ent 0.462
  upd 1990 | return    1.800 | deliv   1.80 | blocked 10.4% | idle 31.0% | ent 0.488
  upd 1991 | return    1.400 | deliv   1.40 | blocked  9.0% | idle 34.1% | ent 0.503
  upd 1992 | return    1.300 | deliv   1.30 | blocked  9.3% | idle 38.3% | ent 0.528
  upd 1993 | return    2.300 | deliv   2.30 | blocked 10.1% | idle 33.5% | ent 0.513
  upd 1994 | return    2.300 | deliv   2.30 | blocked  6.1% | idle 34.7% | ent 0.517
  upd 1995 | return    2.200 | deliv   2.20 | blocked  9.3% | idle 30.5% | ent 0.497
  upd 1996 | return    1.200 | deliv   1.20 | blocked 12.0% | idle 33.3% | ent 0.495
  upd 1997 | return    1.400 | deliv   1.40 | blocked  4.2% | idle 43.0% | ent 0.549
  upd 1998 | return    1.900 | deliv   1.90 | blocked  5.0% | idle 39.9% | ent 0.556
  upd 1999 | return    1.600 | deliv   1.60 | blocked  9.6% | idle 30.5% | ent 0.465
  [replay @ update 2000] return 0.00  deliveries 0  -> runs/ippo_tiny-4ag_seed2/replays/replay_upd002000_s0.npz
  upd 2000 | return    1.000 | deliv   1.00 | blocked  3.3% | idle 34.6% | ent 0.539
  upd 2001 | return    1.300 | deliv   1.30 | blocked 10.5% | idle 33.9% | ent 0.490
  upd 2002 | return    2.200 | deliv   2.20 | blocked  4.0% | idle 26.2% | ent 0.484
  upd 2003 | return    1.800 | deliv   1.80 | blocked  9.0% | idle 32.3% | ent 0.523
  upd 2004 | return    2.000 | deliv   2.00 | blocked  4.9% | idle 26.7% | ent 0.501
  upd 2005 | return    1.400 | deliv   1.40 | blocked  9.2% | idle 30.1% | ent 0.519
  upd 2006 | return    1.500 | deliv   1.50 | blocked  8.2% | idle 29.7% | ent 0.506
  upd 2007 | return    1.800 | deliv   1.80 | blocked 16.5% | idle 23.2% | ent 0.448
  upd 2008 | return    1.600 | deliv   1.60 | blocked  8.1% | idle 35.9% | ent 0.536
  upd 2009 | return    1.400 | deliv   1.40 | blocked  4.0% | idle 38.6% | ent 0.544
  upd 2010 | return    1.900 | deliv   1.90 | blocked 16.0% | idle 31.7% | ent 0.470
  upd 2011 | return    1.700 | deliv   1.70 | blocked  3.6% | idle 35.2% | ent 0.536
  upd 2012 | return    2.200 | deliv   2.20 | blocked 10.0% | idle 31.2% | ent 0.535
  upd 2013 | return    1.900 | deliv   1.90 | blocked  9.7% | idle 31.5% | ent 0.507
  upd 2014 | return    1.300 | deliv   1.30 | blocked 10.6% | idle 28.3% | ent 0.491
  upd 2015 | return    1.200 | deliv   1.20 | blocked  5.3% | idle 32.8% | ent 0.525
  upd 2016 | return    1.600 | deliv   1.60 | blocked  7.4% | idle 29.9% | ent 0.532
  upd 2017 | return    1.500 | deliv   1.50 | blocked  5.2% | idle 33.2% | ent 0.530
  upd 2018 | return    1.500 | deliv   1.50 | blocked 11.1% | idle 33.2% | ent 0.530
  upd 2019 | return    2.000 | deliv   2.00 | blocked  8.4% | idle 29.7% | ent 0.513
  upd 2020 | return    1.600 | deliv   1.60 | blocked  5.5% | idle 36.8% | ent 0.516
  upd 2021 | return    2.100 | deliv   2.10 | blocked  2.9% | idle 41.9% | ent 0.591
  upd 2022 | return    1.300 | deliv   1.30 | blocked  5.0% | idle 46.2% | ent 0.538
  upd 2023 | return    1.400 | deliv   1.40 | blocked 10.1% | idle 39.8% | ent 0.499
  upd 2024 | return    1.100 | deliv   1.10 | blocked 13.3% | idle 29.7% | ent 0.472
  upd 2025 | return    1.200 | deliv   1.20 | blocked 13.8% | idle 36.1% | ent 0.502
  upd 2026 | return    1.600 | deliv   1.60 | blocked  5.0% | idle 38.5% | ent 0.520
  upd 2027 | return    1.900 | deliv   1.90 | blocked  2.9% | idle 32.0% | ent 0.518
  upd 2028 | return    1.700 | deliv   1.70 | blocked  9.5% | idle 33.4% | ent 0.510
  upd 2029 | return    2.200 | deliv   2.20 | blocked  1.0% | idle 33.5% | ent 0.521
  upd 2030 | return    1.500 | deliv   1.50 | blocked  2.9% | idle 40.1% | ent 0.546
  upd 2031 | return    1.900 | deliv   1.90 | blocked  6.1% | idle 21.5% | ent 0.431
  upd 2032 | return    1.700 | deliv   1.70 | blocked 12.2% | idle 29.8% | ent 0.479
  upd 2033 | return    1.500 | deliv   1.50 | blocked 11.5% | idle 22.3% | ent 0.449
  upd 2034 | return    1.600 | deliv   1.60 | blocked  0.7% | idle 23.8% | ent 0.465
  upd 2035 | return    2.000 | deliv   2.00 | blocked  1.6% | idle 25.5% | ent 0.498
  upd 2036 | return    1.300 | deliv   1.30 | blocked 11.3% | idle 20.5% | ent 0.438
  upd 2037 | return    2.000 | deliv   2.00 | blocked  4.7% | idle 26.0% | ent 0.511
  upd 2038 | return    1.700 | deliv   1.70 | blocked 15.4% | idle 24.6% | ent 0.452
  upd 2039 | return    1.700 | deliv   1.70 | blocked  4.1% | idle 30.9% | ent 0.525
  upd 2040 | return    1.500 | deliv   1.50 | blocked  6.4% | idle 29.2% | ent 0.491
  upd 2041 | return    1.900 | deliv   1.90 | blocked  5.1% | idle 30.3% | ent 0.517
  upd 2042 | return    1.700 | deliv   1.70 | blocked  7.3% | idle 26.8% | ent 0.490
  upd 2043 | return    1.300 | deliv   1.30 | blocked  9.6% | idle 23.3% | ent 0.446
  upd 2044 | return    2.100 | deliv   2.10 | blocked  9.6% | idle 23.4% | ent 0.465
  upd 2045 | return    1.600 | deliv   1.60 | blocked 10.0% | idle 30.8% | ent 0.501
  upd 2046 | return    1.400 | deliv   1.40 | blocked 12.5% | idle 27.6% | ent 0.453
  upd 2047 | return    1.400 | deliv   1.40 | blocked  3.8% | idle 32.3% | ent 0.508
  upd 2048 | return    1.800 | deliv   1.80 | blocked  3.6% | idle 33.3% | ent 0.501
  upd 2049 | return    1.800 | deliv   1.80 | blocked  4.2% | idle 31.8% | ent 0.506
  upd 2050 | return    1.400 | deliv   1.40 | blocked 11.0% | idle 34.6% | ent 0.494
  upd 2051 | return    1.500 | deliv   1.50 | blocked  7.6% | idle 31.9% | ent 0.502
  upd 2052 | return    1.300 | deliv   1.30 | blocked 15.0% | idle 29.7% | ent 0.449
  upd 2053 | return    1.800 | deliv   1.80 | blocked  7.6% | idle 35.2% | ent 0.530
  upd 2054 | return    1.800 | deliv   1.80 | blocked  7.1% | idle 31.4% | ent 0.479
  upd 2055 | return    1.600 | deliv   1.60 | blocked  7.8% | idle 27.2% | ent 0.490
  upd 2056 | return    2.300 | deliv   2.30 | blocked  7.9% | idle 24.1% | ent 0.485
  upd 2057 | return    2.000 | deliv   2.00 | blocked  4.9% | idle 26.4% | ent 0.468
  upd 2058 | return    1.500 | deliv   1.50 | blocked  1.7% | idle 25.2% | ent 0.490
  upd 2059 | return    1.700 | deliv   1.70 | blocked  8.0% | idle 26.4% | ent 0.495
  upd 2060 | return    1.700 | deliv   1.70 | blocked  8.6% | idle 24.1% | ent 0.470
  upd 2061 | return    1.500 | deliv   1.50 | blocked 13.2% | idle 23.1% | ent 0.446
  upd 2062 | return    1.600 | deliv   1.60 | blocked  8.1% | idle 22.8% | ent 0.464
  upd 2063 | return    1.500 | deliv   1.50 | blocked  9.0% | idle 25.8% | ent 0.457
  upd 2064 | return    1.900 | deliv   1.90 | blocked  6.6% | idle 24.0% | ent 0.455
  upd 2065 | return    1.700 | deliv   1.70 | blocked  8.6% | idle 25.0% | ent 0.455
  upd 2066 | return    1.800 | deliv   1.80 | blocked 10.5% | idle 22.5% | ent 0.464
  upd 2067 | return    1.700 | deliv   1.70 | blocked  8.6% | idle 28.1% | ent 0.519
  upd 2068 | return    2.000 | deliv   2.00 | blocked  3.0% | idle 22.9% | ent 0.458
  upd 2069 | return    1.800 | deliv   1.80 | blocked 13.6% | idle 22.7% | ent 0.458
  upd 2070 | return    1.900 | deliv   1.90 | blocked  7.6% | idle 24.1% | ent 0.500
  upd 2071 | return    1.700 | deliv   1.70 | blocked 15.0% | idle 22.7% | ent 0.436
  upd 2072 | return    1.600 | deliv   1.60 | blocked 15.5% | idle 25.5% | ent 0.492
  upd 2073 | return    1.800 | deliv   1.80 | blocked 16.4% | idle 24.3% | ent 0.469
  upd 2074 | return    1.400 | deliv   1.40 | blocked 10.0% | idle 34.1% | ent 0.518
  upd 2075 | return    1.300 | deliv   1.30 | blocked 12.2% | idle 35.5% | ent 0.533
  upd 2076 | return    1.700 | deliv   1.70 | blocked  8.1% | idle 39.3% | ent 0.528
  upd 2077 | return    1.400 | deliv   1.40 | blocked 14.0% | idle 33.5% | ent 0.505
  upd 2078 | return    0.900 | deliv   0.90 | blocked  6.4% | idle 38.4% | ent 0.530
  upd 2079 | return    1.700 | deliv   1.70 | blocked  1.7% | idle 38.5% | ent 0.562
  upd 2080 | return    1.900 | deliv   1.90 | blocked 10.2% | idle 37.3% | ent 0.522
  upd 2081 | return    1.000 | deliv   1.00 | blocked 14.9% | idle 44.3% | ent 0.485
  upd 2082 | return    1.800 | deliv   1.80 | blocked 11.5% | idle 42.1% | ent 0.519
  upd 2083 | return    1.400 | deliv   1.40 | blocked  4.4% | idle 53.8% | ent 0.510
  upd 2084 | return    1.200 | deliv   1.20 | blocked 10.9% | idle 48.2% | ent 0.484
  upd 2085 | return    2.600 | deliv   2.60 | blocked  6.2% | idle 55.7% | ent 0.545
  upd 2086 | return    2.000 | deliv   2.00 | blocked 11.3% | idle 48.4% | ent 0.500
  upd 2087 | return    1.700 | deliv   1.70 | blocked  5.3% | idle 54.3% | ent 0.564
  upd 2088 | return    1.500 | deliv   1.50 | blocked 12.2% | idle 45.1% | ent 0.498
  upd 2089 | return    2.100 | deliv   2.10 | blocked  4.9% | idle 46.0% | ent 0.551
  upd 2090 | return    1.200 | deliv   1.20 | blocked  7.9% | idle 39.2% | ent 0.511
  upd 2091 | return    1.600 | deliv   1.60 | blocked  7.5% | idle 36.7% | ent 0.498
  upd 2092 | return    1.400 | deliv   1.40 | blocked  7.9% | idle 42.8% | ent 0.541
  upd 2093 | return    1.400 | deliv   1.40 | blocked  8.7% | idle 39.1% | ent 0.490
  upd 2094 | return    1.500 | deliv   1.50 | blocked 11.9% | idle 39.0% | ent 0.509
  upd 2095 | return    1.600 | deliv   1.60 | blocked  4.4% | idle 38.7% | ent 0.555
  upd 2096 | return    1.300 | deliv   1.30 | blocked 11.5% | idle 28.9% | ent 0.482
  upd 2097 | return    1.900 | deliv   1.90 | blocked  5.0% | idle 38.6% | ent 0.577
  upd 2098 | return    2.100 | deliv   2.10 | blocked  6.6% | idle 29.5% | ent 0.514
  upd 2099 | return    1.500 | deliv   1.50 | blocked  8.0% | idle 26.2% | ent 0.479
  [replay @ update 2100] return 0.00  deliveries 0  -> runs/ippo_tiny-4ag_seed2/replays/replay_upd002100_s0.npz
  upd 2100 | return    2.000 | deliv   2.00 | blocked  7.7% | idle 31.5% | ent 0.533
  upd 2101 | return    1.500 | deliv   1.50 | blocked  5.3% | idle 37.3% | ent 0.562
  upd 2102 | return    1.500 | deliv   1.50 | blocked  7.7% | idle 42.3% | ent 0.545
  upd 2103 | return    2.200 | deliv   2.20 | blocked  3.4% | idle 48.2% | ent 0.540
  upd 2104 | return    2.000 | deliv   2.00 | blocked  6.9% | idle 40.4% | ent 0.544
  upd 2105 | return    1.700 | deliv   1.70 | blocked  7.5% | idle 40.7% | ent 0.546
  upd 2106 | return    1.800 | deliv   1.80 | blocked  3.1% | idle 47.0% | ent 0.585
  upd 2107 | return    1.700 | deliv   1.70 | blocked  0.8% | idle 51.2% | ent 0.576
  upd 2108 | return    1.800 | deliv   1.80 | blocked  5.7% | idle 46.0% | ent 0.550
  upd 2109 | return    1.800 | deliv   1.80 | blocked  6.1% | idle 42.2% | ent 0.562
  upd 2110 | return    1.200 | deliv   1.20 | blocked  3.5% | idle 39.1% | ent 0.536
  upd 2111 | return    1.200 | deliv   1.20 | blocked 10.7% | idle 33.4% | ent 0.511
  upd 2112 | return    1.300 | deliv   1.30 | blocked 13.5% | idle 29.4% | ent 0.484
  upd 2113 | return    1.700 | deliv   1.70 | blocked 21.1% | idle 27.8% | ent 0.462
  upd 2114 | return    1.200 | deliv   1.20 | blocked 13.6% | idle 37.1% | ent 0.465
  upd 2115 | return    1.600 | deliv   1.60 | blocked  8.4% | idle 45.1% | ent 0.514
  upd 2116 | return    2.000 | deliv   2.00 | blocked 11.6% | idle 41.1% | ent 0.506
  upd 2117 | return    1.900 | deliv   1.90 | blocked  9.5% | idle 48.9% | ent 0.545
  upd 2118 | return    1.200 | deliv   1.20 | blocked 11.8% | idle 40.5% | ent 0.484
  upd 2119 | return    1.900 | deliv   1.90 | blocked  8.5% | idle 37.2% | ent 0.524
  upd 2120 | return    1.900 | deliv   1.90 | blocked  6.8% | idle 43.6% | ent 0.565
  upd 2121 | return    2.000 | deliv   2.00 | blocked  5.3% | idle 47.8% | ent 0.546
  upd 2122 | return    2.100 | deliv   2.10 | blocked 14.0% | idle 38.7% | ent 0.524
  upd 2123 | return    1.400 | deliv   1.40 | blocked 12.6% | idle 40.9% | ent 0.535
  upd 2124 | return    1.700 | deliv   1.70 | blocked  8.8% | idle 35.1% | ent 0.528
  upd 2125 | return    1.500 | deliv   1.50 | blocked 11.9% | idle 28.7% | ent 0.477
  upd 2126 | return    1.600 | deliv   1.60 | blocked 13.5% | idle 21.9% | ent 0.450
  upd 2127 | return    1.700 | deliv   1.70 | blocked 12.8% | idle 25.2% | ent 0.495
  upd 2128 | return    1.500 | deliv   1.50 | blocked  7.5% | idle 27.8% | ent 0.504
  upd 2129 | return    1.600 | deliv   1.60 | blocked 15.2% | idle 24.9% | ent 0.477
  upd 2130 | return    1.200 | deliv   1.20 | blocked  9.1% | idle 32.1% | ent 0.529
  upd 2131 | return    1.800 | deliv   1.80 | blocked 13.8% | idle 30.5% | ent 0.509
  upd 2132 | return    1.400 | deliv   1.40 | blocked 12.4% | idle 29.0% | ent 0.494
  upd 2133 | return    1.500 | deliv   1.50 | blocked 12.9% | idle 29.7% | ent 0.477
  upd 2134 | return    1.400 | deliv   1.40 | blocked 10.3% | idle 34.2% | ent 0.528
  upd 2135 | return    1.500 | deliv   1.50 | blocked 14.7% | idle 32.2% | ent 0.496
  upd 2136 | return    1.700 | deliv   1.70 | blocked  5.4% | idle 37.9% | ent 0.553
  upd 2137 | return    2.100 | deliv   2.10 | blocked  5.1% | idle 39.7% | ent 0.545
  upd 2138 | return    1.700 | deliv   1.70 | blocked  5.1% | idle 41.7% | ent 0.525
  upd 2139 | return    1.000 | deliv   1.00 | blocked 16.4% | idle 43.0% | ent 0.454
  upd 2140 | return    2.100 | deliv   2.10 | blocked  4.7% | idle 62.4% | ent 0.491
  upd 2141 | return    2.200 | deliv   2.20 | blocked  8.0% | idle 56.6% | ent 0.511
  upd 2142 | return    1.700 | deliv   1.70 | blocked  5.2% | idle 58.2% | ent 0.514
  upd 2143 | return    2.400 | deliv   2.40 | blocked  2.8% | idle 60.2% | ent 0.539
  upd 2144 | return    1.500 | deliv   1.50 | blocked  3.8% | idle 50.8% | ent 0.563
  upd 2145 | return    1.400 | deliv   1.40 | blocked 13.8% | idle 47.5% | ent 0.516
  upd 2146 | return    1.100 | deliv   1.10 | blocked 17.6% | idle 40.3% | ent 0.493
  upd 2147 | return    2.200 | deliv   2.20 | blocked  1.3% | idle 44.3% | ent 0.582
  upd 2148 | return    1.400 | deliv   1.40 | blocked 12.5% | idle 34.3% | ent 0.518
  upd 2149 | return    1.200 | deliv   1.20 | blocked  4.2% | idle 31.1% | ent 0.510
  upd 2150 | return    1.600 | deliv   1.60 | blocked  7.1% | idle 26.2% | ent 0.495
  upd 2151 | return    2.200 | deliv   2.20 | blocked  5.7% | idle 26.8% | ent 0.508
  upd 2152 | return    1.700 | deliv   1.70 | blocked  5.4% | idle 26.1% | ent 0.486
  upd 2153 | return    1.400 | deliv   1.40 | blocked  9.9% | idle 23.4% | ent 0.461
  upd 2154 | return    1.600 | deliv   1.60 | blocked  9.9% | idle 22.5% | ent 0.443
  upd 2155 | return    1.800 | deliv   1.80 | blocked  4.9% | idle 21.8% | ent 0.437
  upd 2156 | return    1.800 | deliv   1.80 | blocked  3.7% | idle 18.9% | ent 0.446
  upd 2157 | return    1.500 | deliv   1.50 | blocked  4.8% | idle 24.6% | ent 0.500
  upd 2158 | return    1.500 | deliv   1.50 | blocked 10.8% | idle 26.3% | ent 0.505
  upd 2159 | return    1.800 | deliv   1.80 | blocked  8.4% | idle 23.5% | ent 0.456
  upd 2160 | return    1.400 | deliv   1.40 | blocked  3.7% | idle 34.3% | ent 0.549
  upd 2161 | return    1.700 | deliv   1.70 | blocked  5.9% | idle 36.0% | ent 0.516
  upd 2162 | return    1.600 | deliv   1.60 | blocked 13.3% | idle 38.6% | ent 0.520
  upd 2163 | return    1.900 | deliv   1.90 | blocked  7.2% | idle 47.5% | ent 0.551
  upd 2164 | return    1.400 | deliv   1.40 | blocked 14.9% | idle 41.9% | ent 0.506
  upd 2165 | return    1.700 | deliv   1.70 | blocked 11.6% | idle 39.5% | ent 0.523
  upd 2166 | return    1.200 | deliv   1.20 | blocked 15.1% | idle 37.6% | ent 0.512
  upd 2167 | return    1.600 | deliv   1.60 | blocked 12.0% | idle 36.5% | ent 0.540
  upd 2168 | return    1.500 | deliv   1.50 | blocked  8.7% | idle 41.0% | ent 0.558
  upd 2169 | return    1.400 | deliv   1.40 | blocked  7.4% | idle 39.2% | ent 0.527
  upd 2170 | return    0.800 | deliv   0.80 | blocked 24.9% | idle 37.3% | ent 0.459
  upd 2171 | return    1.300 | deliv   1.30 | blocked 21.3% | idle 42.0% | ent 0.464
  upd 2172 | return    1.400 | deliv   1.40 | blocked  8.5% | idle 59.4% | ent 0.416
  upd 2173 | return    1.600 | deliv   1.60 | blocked 13.5% | idle 51.7% | ent 0.415
  upd 2174 | return    1.600 | deliv   1.60 | blocked 17.4% | idle 55.0% | ent 0.390
  upd 2175 | return    1.900 | deliv   1.90 | blocked 23.3% | idle 49.1% | ent 0.365
  upd 2176 | return    2.400 | deliv   2.40 | blocked  8.6% | idle 60.4% | ent 0.378
  upd 2177 | return    1.100 | deliv   1.10 | blocked 18.9% | idle 54.2% | ent 0.332
  upd 2178 | return    2.300 | deliv   2.30 | blocked  7.6% | idle 68.1% | ent 0.373
  upd 2179 | return    1.600 | deliv   1.60 | blocked  6.8% | idle 68.9% | ent 0.381
  upd 2180 | return    1.500 | deliv   1.50 | blocked 17.8% | idle 57.9% | ent 0.376
  upd 2181 | return    1.100 | deliv   1.10 | blocked 21.1% | idle 48.5% | ent 0.363
  upd 2182 | return    1.700 | deliv   1.70 | blocked 21.0% | idle 48.9% | ent 0.370
  upd 2183 | return    1.000 | deliv   1.00 | blocked 30.2% | idle 46.8% | ent 0.304
  upd 2184 | return    1.300 | deliv   1.30 | blocked 28.6% | idle 54.1% | ent 0.308
  upd 2185 | return    1.700 | deliv   1.70 | blocked 17.7% | idle 59.4% | ent 0.383
  upd 2186 | return    1.500 | deliv   1.50 | blocked 25.9% | idle 45.1% | ent 0.393
  upd 2187 | return    2.000 | deliv   2.00 | blocked 24.5% | idle 46.1% | ent 0.423
  upd 2188 | return    1.700 | deliv   1.70 | blocked 29.0% | idle 40.8% | ent 0.391
  upd 2189 | return    1.300 | deliv   1.30 | blocked 25.9% | idle 46.9% | ent 0.377
  upd 2190 | return    1.300 | deliv   1.30 | blocked 26.9% | idle 50.9% | ent 0.355
  upd 2191 | return    1.900 | deliv   1.90 | blocked 26.0% | idle 50.4% | ent 0.393
  upd 2192 | return    1.600 | deliv   1.60 | blocked 23.2% | idle 52.9% | ent 0.395
  upd 2193 | return    1.500 | deliv   1.50 | blocked 23.7% | idle 45.6% | ent 0.430
  upd 2194 | return    1.800 | deliv   1.80 | blocked 23.8% | idle 45.0% | ent 0.419
  upd 2195 | return    1.400 | deliv   1.40 | blocked 23.5% | idle 45.0% | ent 0.445
  upd 2196 | return    1.800 | deliv   1.80 | blocked 20.0% | idle 44.2% | ent 0.450
  upd 2197 | return    1.800 | deliv   1.80 | blocked 29.0% | idle 46.6% | ent 0.360
  upd 2198 | return    1.500 | deliv   1.50 | blocked 32.2% | idle 42.3% | ent 0.360
  upd 2199 | return    1.300 | deliv   1.30 | blocked 28.6% | idle 42.7% | ent 0.391
  [replay @ update 2200] return 1.00  deliveries 1  -> runs/ippo_tiny-4ag_seed2/replays/replay_upd002200_s0.npz
  upd 2200 | return    2.100 | deliv   2.10 | blocked 29.2% | idle 41.2% | ent 0.383
  upd 2201 | return    1.800 | deliv   1.80 | blocked 36.4% | idle 42.7% | ent 0.297
  upd 2202 | return    1.100 | deliv   1.10 | blocked 34.4% | idle 47.3% | ent 0.298
  upd 2203 | return    1.900 | deliv   1.90 | blocked 29.7% | idle 46.7% | ent 0.381
  upd 2204 | return    2.000 | deliv   2.00 | blocked 37.0% | idle 42.4% | ent 0.322
  upd 2205 | return    1.900 | deliv   1.90 | blocked 42.5% | idle 39.6% | ent 0.281
  upd 2206 | return    2.100 | deliv   2.10 | blocked 36.1% | idle 43.5% | ent 0.314
  upd 2207 | return    1.500 | deliv   1.50 | blocked 37.8% | idle 40.0% | ent 0.285
  upd 2208 | return    1.800 | deliv   1.80 | blocked 31.1% | idle 43.5% | ent 0.358
  upd 2209 | return    2.000 | deliv   2.00 | blocked 32.3% | idle 40.7% | ent 0.373
  upd 2210 | return    1.500 | deliv   1.50 | blocked 24.4% | idle 40.3% | ent 0.386
  upd 2211 | return    2.000 | deliv   2.00 | blocked 25.9% | idle 37.7% | ent 0.428
  upd 2212 | return    1.700 | deliv   1.70 | blocked 28.1% | idle 36.3% | ent 0.411
  upd 2213 | return    1.700 | deliv   1.70 | blocked 35.7% | idle 29.5% | ent 0.364
  upd 2214 | return    1.800 | deliv   1.80 | blocked 26.7% | idle 38.1% | ent 0.424
  upd 2215 | return    1.300 | deliv   1.30 | blocked 31.1% | idle 35.7% | ent 0.387
  upd 2216 | return    1.300 | deliv   1.30 | blocked 30.3% | idle 28.9% | ent 0.383
  upd 2217 | return    2.200 | deliv   2.20 | blocked 33.8% | idle 26.8% | ent 0.387
  upd 2218 | return    2.600 | deliv   2.60 | blocked 24.3% | idle 29.1% | ent 0.439
  upd 2219 | return    1.500 | deliv   1.50 | blocked 34.7% | idle 25.2% | ent 0.357
  upd 2220 | return    1.800 | deliv   1.80 | blocked 18.7% | idle 39.5% | ent 0.409
  upd 2221 | return    2.000 | deliv   2.00 | blocked 28.4% | idle 29.3% | ent 0.392
  upd 2222 | return    1.700 | deliv   1.70 | blocked 25.8% | idle 32.3% | ent 0.406
  upd 2223 | return    2.300 | deliv   2.30 | blocked 26.1% | idle 27.4% | ent 0.404
  upd 2224 | return    1.800 | deliv   1.80 | blocked 33.1% | idle 24.2% | ent 0.377
  upd 2225 | return    1.800 | deliv   1.80 | blocked 32.6% | idle 23.9% | ent 0.389
  upd 2226 | return    1.400 | deliv   1.40 | blocked 38.5% | idle 18.1% | ent 0.340
  upd 2227 | return    1.400 | deliv   1.40 | blocked 30.7% | idle 20.6% | ent 0.387
  upd 2228 | return    1.200 | deliv   1.20 | blocked 40.9% | idle 16.2% | ent 0.307
  upd 2229 | return    1.400 | deliv   1.40 | blocked 39.9% | idle 15.4% | ent 0.312
  upd 2230 | return    2.000 | deliv   2.00 | blocked 30.5% | idle 17.5% | ent 0.358
  upd 2231 | return    1.800 | deliv   1.80 | blocked 28.3% | idle 19.6% | ent 0.387
  upd 2232 | return    1.800 | deliv   1.80 | blocked 21.5% | idle 23.1% | ent 0.421
  upd 2233 | return    1.700 | deliv   1.70 | blocked 34.7% | idle 17.6% | ent 0.353
  upd 2234 | return    1.600 | deliv   1.60 | blocked 41.2% | idle 19.3% | ent 0.322
  upd 2235 | return    2.100 | deliv   2.10 | blocked 21.7% | idle 30.1% | ent 0.444
  upd 2236 | return    0.900 | deliv   0.90 | blocked 44.1% | idle 21.9% | ent 0.332
  upd 2237 | return    1.900 | deliv   1.90 | blocked 31.9% | idle 26.5% | ent 0.389
  upd 2238 | return    1.700 | deliv   1.70 | blocked 29.1% | idle 32.3% | ent 0.425
  upd 2239 | return    1.600 | deliv   1.60 | blocked 31.4% | idle 29.8% | ent 0.404
  upd 2240 | return    0.800 | deliv   0.80 | blocked 23.7% | idle 30.1% | ent 0.461
  upd 2241 | return    1.700 | deliv   1.70 | blocked 27.3% | idle 22.1% | ent 0.371
  upd 2242 | return    1.300 | deliv   1.30 | blocked 35.6% | idle 18.0% | ent 0.342
  upd 2243 | return    2.400 | deliv   2.40 | blocked 22.5% | idle 24.3% | ent 0.447
  upd 2244 | return    1.800 | deliv   1.80 | blocked 24.3% | idle 26.9% | ent 0.445
  upd 2245 | return    1.400 | deliv   1.40 | blocked 21.1% | idle 23.2% | ent 0.405
  upd 2246 | return    1.900 | deliv   1.90 | blocked 22.0% | idle 18.6% | ent 0.380
  upd 2247 | return    1.300 | deliv   1.30 | blocked 20.8% | idle 18.4% | ent 0.406
  upd 2248 | return    1.800 | deliv   1.80 | blocked 17.7% | idle 19.4% | ent 0.414
  upd 2249 | return    1.800 | deliv   1.80 | blocked 20.3% | idle 16.3% | ent 0.377
  upd 2250 | return    1.600 | deliv   1.60 | blocked 23.5% | idle 18.3% | ent 0.413
  upd 2251 | return    1.000 | deliv   1.00 | blocked 30.2% | idle 17.5% | ent 0.377
  upd 2252 | return    1.500 | deliv   1.50 | blocked 65.2% | idle  2.6% | ent 0.182
  upd 2253 | return    1.400 | deliv   1.40 | blocked 66.2% | idle  0.8% | ent 0.162
  upd 2254 | return    1.800 | deliv   1.80 | blocked 67.9% | idle  0.0% | ent 0.151
  upd 2255 | return    1.300 | deliv   1.30 | blocked 73.2% | idle  0.0% | ent 0.136
  upd 2256 | return    1.500 | deliv   1.50 | blocked 72.7% | idle  0.7% | ent 0.142
  upd 2257 | return    1.500 | deliv   1.50 | blocked 71.0% | idle  0.7% | ent 0.155
  upd 2258 | return    2.000 | deliv   2.00 | blocked 67.1% | idle  0.0% | ent 0.157
  upd 2259 | return    2.600 | deliv   2.60 | blocked 66.9% | idle  0.0% | ent 0.162
  upd 2260 | return    2.000 | deliv   2.00 | blocked 64.4% | idle  0.0% | ent 0.132
  upd 2261 | return    1.300 | deliv   1.30 | blocked 74.0% | idle  0.0% | ent 0.122
  upd 2262 | return    2.900 | deliv   2.90 | blocked 59.3% | idle  0.0% | ent 0.161
  upd 2263 | return    1.700 | deliv   1.70 | blocked 68.6% | idle  0.0% | ent 0.128
  upd 2264 | return    2.400 | deliv   2.40 | blocked 66.5% | idle  0.0% | ent 0.140
  upd 2265 | return    1.700 | deliv   1.70 | blocked 69.4% | idle  0.0% | ent 0.120
  upd 2266 | return    1.500 | deliv   1.50 | blocked 72.5% | idle  0.0% | ent 0.115
  upd 2267 | return    2.000 | deliv   2.00 | blocked 69.6% | idle  0.0% | ent 0.121
  upd 2268 | return    2.100 | deliv   2.10 | blocked 67.9% | idle  0.0% | ent 0.130
  upd 2269 | return    2.100 | deliv   2.10 | blocked 66.7% | idle  0.0% | ent 0.137
  upd 2270 | return    1.600 | deliv   1.60 | blocked 71.9% | idle  0.0% | ent 0.118
  upd 2271 | return    1.600 | deliv   1.60 | blocked 72.7% | idle  0.0% | ent 0.120
  upd 2272 | return    1.800 | deliv   1.80 | blocked 72.4% | idle  0.0% | ent 0.120
  upd 2273 | return    2.000 | deliv   2.00 | blocked 68.1% | idle  0.0% | ent 0.150
  upd 2274 | return    1.400 | deliv   1.40 | blocked 67.8% | idle  0.0% | ent 0.144
  upd 2275 | return    1.800 | deliv   1.80 | blocked 64.7% | idle  0.1% | ent 0.161
  upd 2276 | return    1.400 | deliv   1.40 | blocked 74.2% | idle  0.0% | ent 0.122
  upd 2277 | return    1.800 | deliv   1.80 | blocked 73.7% | idle  0.0% | ent 0.139
  upd 2278 | return    2.300 | deliv   2.30 | blocked 69.7% | idle  0.0% | ent 0.151
  upd 2279 | return    1.400 | deliv   1.40 | blocked 72.1% | idle  0.0% | ent 0.130
  upd 2280 | return    1.600 | deliv   1.60 | blocked 75.3% | idle  0.0% | ent 0.132
  upd 2281 | return    2.000 | deliv   2.00 | blocked 72.0% | idle  0.0% | ent 0.150
  upd 2282 | return    1.600 | deliv   1.60 | blocked 77.4% | idle  0.0% | ent 0.105
  upd 2283 | return    2.200 | deliv   2.20 | blocked 73.1% | idle  0.0% | ent 0.142
  upd 2284 | return    2.200 | deliv   2.20 | blocked 74.0% | idle  0.0% | ent 0.126
  upd 2285 | return    1.800 | deliv   1.80 | blocked 78.3% | idle  0.0% | ent 0.110
  upd 2286 | return    1.700 | deliv   1.70 | blocked 83.4% | idle  0.0% | ent 0.097
  upd 2287 | return    2.200 | deliv   2.20 | blocked 81.1% | idle  0.0% | ent 0.101
  upd 2288 | return    1.600 | deliv   1.60 | blocked 80.0% | idle  0.0% | ent 0.093
  upd 2289 | return    1.500 | deliv   1.50 | blocked 85.3% | idle  0.0% | ent 0.085
  upd 2290 | return    2.100 | deliv   2.10 | blocked 83.2% | idle  0.0% | ent 0.101
  upd 2291 | return    1.100 | deliv   1.10 | blocked 90.8% | idle  0.0% | ent 0.071
  upd 2292 | return    1.500 | deliv   1.50 | blocked 86.8% | idle  0.0% | ent 0.088
  upd 2293 | return    2.600 | deliv   2.60 | blocked 76.2% | idle  0.0% | ent 0.138
  upd 2294 | return    2.000 | deliv   2.00 | blocked 81.4% | idle  0.0% | ent 0.092
  upd 2295 | return    1.700 | deliv   1.70 | blocked 82.4% | idle  0.0% | ent 0.095
  upd 2296 | return    1.900 | deliv   1.90 | blocked 84.4% | idle  0.0% | ent 0.107
  upd 2297 | return    1.700 | deliv   1.70 | blocked 83.0% | idle  0.0% | ent 0.115
  upd 2298 | return    1.400 | deliv   1.40 | blocked 84.5% | idle  0.0% | ent 0.097
  upd 2299 | return    2.000 | deliv   2.00 | blocked 80.6% | idle  0.0% | ent 0.116
  [replay @ update 2300] return 1.00  deliveries 1  -> runs/ippo_tiny-4ag_seed2/replays/replay_upd002300_s0.npz
  upd 2300 | return    1.200 | deliv   1.20 | blocked 84.7% | idle  0.0% | ent 0.106
  upd 2301 | return    1.800 | deliv   1.80 | blocked 77.1% | idle  0.0% | ent 0.116
  upd 2302 | return    1.600 | deliv   1.60 | blocked 85.9% | idle  0.0% | ent 0.079
  upd 2303 | return    2.000 | deliv   2.00 | blocked 82.4% | idle  0.0% | ent 0.087
  upd 2304 | return    1.600 | deliv   1.60 | blocked 83.2% | idle  0.0% | ent 0.094
  upd 2305 | return    1.400 | deliv   1.40 | blocked 87.0% | idle  0.0% | ent 0.081
  upd 2306 | return    1.300 | deliv   1.30 | blocked 88.4% | idle  0.0% | ent 0.079
  upd 2307 | return    2.000 | deliv   2.00 | blocked 83.6% | idle  0.0% | ent 0.087
  upd 2308 | return    2.200 | deliv   2.20 | blocked 83.7% | idle  0.0% | ent 0.087
  upd 2309 | return    1.900 | deliv   1.90 | blocked 86.8% | idle  0.0% | ent 0.077
  upd 2310 | return    1.500 | deliv   1.50 | blocked 80.9% | idle  0.0% | ent 0.101
  upd 2311 | return    1.500 | deliv   1.50 | blocked 87.3% | idle  0.0% | ent 0.067
  upd 2312 | return    2.500 | deliv   2.50 | blocked 79.7% | idle  0.0% | ent 0.101
  upd 2313 | return    1.500 | deliv   1.50 | blocked 86.0% | idle  0.0% | ent 0.068
  upd 2314 | return    1.600 | deliv   1.60 | blocked 87.8% | idle  0.0% | ent 0.056
  upd 2315 | return    1.600 | deliv   1.60 | blocked 89.0% | idle  0.0% | ent 0.073
  upd 2316 | return    1.100 | deliv   1.10 | blocked 88.1% | idle  0.0% | ent 0.069
  upd 2317 | return    2.300 | deliv   2.30 | blocked 84.3% | idle  0.0% | ent 0.089
  upd 2318 | return    2.300 | deliv   2.30 | blocked 83.4% | idle  0.0% | ent 0.092
  upd 2319 | return    2.000 | deliv   2.00 | blocked 83.8% | idle  0.0% | ent 0.089
  upd 2320 | return    1.100 | deliv   1.10 | blocked 87.1% | idle  0.0% | ent 0.073
  upd 2321 | return    2.100 | deliv   2.10 | blocked 83.1% | idle  0.0% | ent 0.097
  upd 2322 | return    1.500 | deliv   1.50 | blocked 85.3% | idle  0.0% | ent 0.096
  upd 2323 | return    1.200 | deliv   1.20 | blocked 82.1% | idle  0.0% | ent 0.098
  upd 2324 | return    1.800 | deliv   1.80 | blocked 80.1% | idle  0.0% | ent 0.113
  upd 2325 | return    2.100 | deliv   2.10 | blocked 76.3% | idle  0.0% | ent 0.109
  upd 2326 | return    1.300 | deliv   1.30 | blocked 86.8% | idle  0.0% | ent 0.083
  upd 2327 | return    2.200 | deliv   2.20 | blocked 83.5% | idle  0.0% | ent 0.085
  upd 2328 | return    1.900 | deliv   1.90 | blocked 84.6% | idle  0.0% | ent 0.087
  upd 2329 | return    1.700 | deliv   1.70 | blocked 80.5% | idle  0.0% | ent 0.077
  upd 2330 | return    1.700 | deliv   1.70 | blocked 87.1% | idle  0.0% | ent 0.078
  upd 2331 | return    2.200 | deliv   2.20 | blocked 80.8% | idle  0.0% | ent 0.076
  upd 2332 | return    2.100 | deliv   2.10 | blocked 86.8% | idle  0.0% | ent 0.068
  upd 2333 | return    2.000 | deliv   2.00 | blocked 88.9% | idle  0.0% | ent 0.052
  upd 2334 | return    1.900 | deliv   1.90 | blocked 87.6% | idle  0.0% | ent 0.072
  upd 2335 | return    1.700 | deliv   1.70 | blocked 83.7% | idle  0.0% | ent 0.054
  upd 2336 | return    1.900 | deliv   1.90 | blocked 88.3% | idle  0.0% | ent 0.072
  upd 2337 | return    1.700 | deliv   1.70 | blocked 84.7% | idle  0.0% | ent 0.075
  upd 2338 | return    1.500 | deliv   1.50 | blocked 86.4% | idle  0.0% | ent 0.057
  upd 2339 | return    1.300 | deliv   1.30 | blocked 89.9% | idle  0.0% | ent 0.040
  upd 2340 | return    1.500 | deliv   1.50 | blocked 86.5% | idle  0.0% | ent 0.062
  upd 2341 | return    1.700 | deliv   1.70 | blocked 80.1% | idle  0.0% | ent 0.079
  upd 2342 | return    1.800 | deliv   1.80 | blocked 88.3% | idle  0.0% | ent 0.059
  upd 2343 | return    1.700 | deliv   1.70 | blocked 87.9% | idle  0.0% | ent 0.070
  upd 2344 | return    1.600 | deliv   1.60 | blocked 89.8% | idle  0.0% | ent 0.058
  upd 2345 | return    2.100 | deliv   2.10 | blocked 84.5% | idle  0.0% | ent 0.083
  upd 2346 | return    1.300 | deliv   1.30 | blocked 88.7% | idle  0.0% | ent 0.062
  upd 2347 | return    1.300 | deliv   1.30 | blocked 86.8% | idle  0.2% | ent 0.059
  upd 2348 | return    1.700 | deliv   1.70 | blocked 89.9% | idle  0.0% | ent 0.050
  upd 2349 | return    2.000 | deliv   2.00 | blocked 86.3% | idle  0.0% | ent 0.076
  upd 2350 | return    1.400 | deliv   1.40 | blocked 92.4% | idle  0.0% | ent 0.042
  upd 2351 | return    2.500 | deliv   2.50 | blocked 81.1% | idle  0.0% | ent 0.089
  upd 2352 | return    1.000 | deliv   1.00 | blocked 82.5% | idle  0.0% | ent 0.073
  upd 2353 | return    1.300 | deliv   1.30 | blocked 87.5% | idle  0.0% | ent 0.071
  upd 2354 | return    2.200 | deliv   2.20 | blocked 79.4% | idle  0.0% | ent 0.098
  upd 2355 | return    2.000 | deliv   2.00 | blocked 85.4% | idle  0.3% | ent 0.066
  upd 2356 | return    2.700 | deliv   2.70 | blocked 77.2% | idle  0.0% | ent 0.106
  upd 2357 | return    1.700 | deliv   1.70 | blocked 88.9% | idle  0.0% | ent 0.067
  upd 2358 | return    2.400 | deliv   2.40 | blocked 79.7% | idle  0.0% | ent 0.123
  upd 2359 | return    2.200 | deliv   2.20 | blocked 77.2% | idle  0.0% | ent 0.111
  upd 2360 | return    2.800 | deliv   2.80 | blocked 72.6% | idle  0.0% | ent 0.121
  upd 2361 | return    2.500 | deliv   2.50 | blocked 67.7% | idle  0.0% | ent 0.135
  upd 2362 | return    3.200 | deliv   3.20 | blocked 38.7% | idle  0.0% | ent 0.217
  upd 2363 | return    4.100 | deliv   4.10 | blocked 39.2% | idle  0.0% | ent 0.211
  upd 2364 | return    3.900 | deliv   3.90 | blocked 23.6% | idle  0.0% | ent 0.234
  upd 2365 | return    3.500 | deliv   3.50 | blocked 21.1% | idle  0.0% | ent 0.260
  upd 2366 | return    3.200 | deliv   3.20 | blocked 17.8% | idle  0.0% | ent 0.258
  upd 2367 | return    3.400 | deliv   3.40 | blocked 14.5% | idle  0.0% | ent 0.258
  upd 2368 | return    4.400 | deliv   4.40 | blocked 16.1% | idle  0.1% | ent 0.279
  upd 2369 | return    2.300 | deliv   2.30 | blocked 20.3% | idle  0.0% | ent 0.225
  upd 2370 | return    3.500 | deliv   3.50 | blocked 29.8% | idle  0.0% | ent 0.212
  upd 2371 | return    3.100 | deliv   3.10 | blocked 24.1% | idle  0.0% | ent 0.271
  upd 2372 | return    2.800 | deliv   2.80 | blocked 24.8% | idle  0.0% | ent 0.269
  upd 2373 | return    3.200 | deliv   3.20 | blocked 30.9% | idle  0.0% | ent 0.209
  upd 2374 | return    2.800 | deliv   2.80 | blocked 31.3% | idle  0.0% | ent 0.231
  upd 2375 | return    2.900 | deliv   2.90 | blocked 29.7% | idle  0.0% | ent 0.203
  upd 2376 | return    3.300 | deliv   3.30 | blocked 32.4% | idle  0.0% | ent 0.234
  upd 2377 | return    2.400 | deliv   2.40 | blocked 33.1% | idle  0.0% | ent 0.229
  upd 2378 | return    2.900 | deliv   2.90 | blocked 35.7% | idle  0.0% | ent 0.185
  upd 2379 | return    1.700 | deliv   1.70 | blocked 40.1% | idle  0.0% | ent 0.244
  upd 2380 | return    2.100 | deliv   2.10 | blocked 38.9% | idle  0.0% | ent 0.236
  upd 2381 | return    3.000 | deliv   3.00 | blocked 39.8% | idle  0.1% | ent 0.222
  upd 2382 | return    1.800 | deliv   1.80 | blocked 43.1% | idle  0.1% | ent 0.234
  upd 2383 | return    1.900 | deliv   1.90 | blocked 48.8% | idle  0.1% | ent 0.229
  upd 2384 | return    2.600 | deliv   2.60 | blocked 39.3% | idle  0.0% | ent 0.211
  upd 2385 | return    2.700 | deliv   2.70 | blocked 49.2% | idle  0.0% | ent 0.198
  upd 2386 | return    2.800 | deliv   2.80 | blocked 43.8% | idle  0.0% | ent 0.225
  upd 2387 | return    1.900 | deliv   1.90 | blocked 51.4% | idle  0.0% | ent 0.209
  upd 2388 | return    1.900 | deliv   1.90 | blocked 51.3% | idle  0.1% | ent 0.223
  upd 2389 | return    2.800 | deliv   2.80 | blocked 49.1% | idle  0.1% | ent 0.191
  upd 2390 | return    2.200 | deliv   2.20 | blocked 50.2% | idle  0.2% | ent 0.209
  upd 2391 | return    2.100 | deliv   2.10 | blocked 63.2% | idle  0.0% | ent 0.180
  upd 2392 | return    2.400 | deliv   2.40 | blocked 56.1% | idle  0.1% | ent 0.211
  upd 2393 | return    2.200 | deliv   2.20 | blocked 57.2% | idle  0.1% | ent 0.218
  upd 2394 | return    2.200 | deliv   2.20 | blocked 55.1% | idle  0.2% | ent 0.201
  upd 2395 | return    2.400 | deliv   2.40 | blocked 67.9% | idle  0.2% | ent 0.140
  upd 2396 | return    3.500 | deliv   3.50 | blocked 52.7% | idle  0.2% | ent 0.221
  upd 2397 | return    2.100 | deliv   2.10 | blocked 62.5% | idle  0.1% | ent 0.168
  upd 2398 | return    2.500 | deliv   2.50 | blocked 59.5% | idle  0.2% | ent 0.203
  upd 2399 | return    3.000 | deliv   3.00 | blocked 56.3% | idle  0.2% | ent 0.231
  [replay @ update 2400] return 1.00  deliveries 1  -> runs/ippo_tiny-4ag_seed2/replays/replay_upd002400_s0.npz
  upd 2400 | return    2.600 | deliv   2.60 | blocked 55.5% | idle  0.2% | ent 0.201
  upd 2401 | return    2.400 | deliv   2.40 | blocked 63.7% | idle  0.3% | ent 0.174
  upd 2402 | return    2.400 | deliv   2.40 | blocked 71.5% | idle  0.2% | ent 0.146
  upd 2403 | return    2.700 | deliv   2.70 | blocked 54.9% | idle  0.4% | ent 0.207
  upd 2404 | return    2.300 | deliv   2.30 | blocked 57.1% | idle  0.2% | ent 0.208
  upd 2405 | return    3.100 | deliv   3.10 | blocked 59.2% | idle  0.1% | ent 0.164
  upd 2406 | return    3.100 | deliv   3.10 | blocked 53.8% | idle  0.1% | ent 0.189
  upd 2407 | return    2.100 | deliv   2.10 | blocked 55.5% | idle  0.1% | ent 0.193
  upd 2408 | return    2.700 | deliv   2.70 | blocked 49.2% | idle  0.2% | ent 0.208
  upd 2409 | return    2.600 | deliv   2.60 | blocked 47.9% | idle  0.1% | ent 0.227
  upd 2410 | return    3.100 | deliv   3.10 | blocked 44.7% | idle  0.3% | ent 0.224
  upd 2411 | return    3.900 | deliv   3.90 | blocked 47.0% | idle  0.3% | ent 0.239
  upd 2412 | return    2.700 | deliv   2.70 | blocked 46.0% | idle  0.2% | ent 0.250
  upd 2413 | return    4.600 | deliv   4.60 | blocked 39.0% | idle  0.4% | ent 0.271
  upd 2414 | return    4.500 | deliv   4.50 | blocked 36.7% | idle  0.4% | ent 0.269
  upd 2415 | return    1.900 | deliv   1.90 | blocked 40.1% | idle  0.3% | ent 0.271
  upd 2416 | return    2.900 | deliv   2.90 | blocked 42.9% | idle  0.3% | ent 0.234
  upd 2417 | return    3.700 | deliv   3.70 | blocked 38.1% | idle  0.2% | ent 0.262
  upd 2418 | return    3.700 | deliv   3.70 | blocked 43.0% | idle  0.3% | ent 0.239
  upd 2419 | return    3.000 | deliv   3.00 | blocked 37.6% | idle  0.3% | ent 0.265
  upd 2420 | return    3.300 | deliv   3.30 | blocked 36.6% | idle  0.2% | ent 0.249
  upd 2421 | return    3.300 | deliv   3.30 | blocked 34.3% | idle  0.5% | ent 0.274
  upd 2422 | return    3.200 | deliv   3.20 | blocked 32.8% | idle  0.2% | ent 0.244
  upd 2423 | return    3.500 | deliv   3.50 | blocked 35.0% | idle  0.5% | ent 0.295
  upd 2424 | return    3.500 | deliv   3.50 | blocked 41.1% | idle  0.4% | ent 0.251
  upd 2425 | return    3.400 | deliv   3.40 | blocked 33.7% | idle  0.3% | ent 0.266
  upd 2426 | return    2.000 | deliv   2.00 | blocked 46.8% | idle  0.3% | ent 0.234
  upd 2427 | return    3.100 | deliv   3.10 | blocked 40.1% | idle  0.4% | ent 0.245
  upd 2428 | return    2.500 | deliv   2.50 | blocked 42.6% | idle  0.4% | ent 0.236
  upd 2429 | return    3.700 | deliv   3.70 | blocked 38.9% | idle  0.2% | ent 0.233
  upd 2430 | return    3.500 | deliv   3.50 | blocked 33.9% | idle  0.4% | ent 0.247
  upd 2431 | return    3.600 | deliv   3.60 | blocked 37.5% | idle  0.5% | ent 0.246
  upd 2432 | return    3.500 | deliv   3.50 | blocked 34.2% | idle  0.5% | ent 0.263
  upd 2433 | return    2.900 | deliv   2.90 | blocked 41.1% | idle  0.3% | ent 0.235
  upd 2434 | return    4.000 | deliv   4.00 | blocked 38.0% | idle  0.3% | ent 0.245
  upd 2435 | return    2.700 | deliv   2.70 | blocked 29.7% | idle  0.3% | ent 0.273
  upd 2436 | return    2.800 | deliv   2.80 | blocked 40.1% | idle  0.4% | ent 0.250
  upd 2437 | return    3.000 | deliv   3.00 | blocked 35.8% | idle  0.3% | ent 0.244
  upd 2438 | return    3.600 | deliv   3.60 | blocked 32.1% | idle  0.5% | ent 0.287
  upd 2439 | return    1.800 | deliv   1.80 | blocked 33.7% | idle  1.2% | ent 0.244
  upd 2440 | return    2.700 | deliv   2.70 | blocked 33.9% | idle  0.2% | ent 0.255
  upd 2441 | return    3.000 | deliv   3.00 | blocked 32.0% | idle  1.1% | ent 0.231
  upd 2442 | return    2.500 | deliv   2.50 | blocked 32.4% | idle  0.2% | ent 0.250
  upd 2443 | return    3.000 | deliv   3.00 | blocked 39.3% | idle  0.1% | ent 0.215
  upd 2444 | return    2.600 | deliv   2.60 | blocked 35.4% | idle  0.4% | ent 0.262
  upd 2445 | return    3.200 | deliv   3.20 | blocked 29.4% | idle  0.2% | ent 0.262
  upd 2446 | return    3.300 | deliv   3.30 | blocked 29.7% | idle  0.2% | ent 0.244
  upd 2447 | return    3.500 | deliv   3.50 | blocked 30.5% | idle  0.2% | ent 0.257
  upd 2448 | return    2.400 | deliv   2.40 | blocked 33.8% | idle  0.3% | ent 0.245
  upd 2449 | return    3.700 | deliv   3.70 | blocked 29.3% | idle  0.2% | ent 0.274
  upd 2450 | return    3.200 | deliv   3.20 | blocked 25.9% | idle  0.3% | ent 0.257
  upd 2451 | return    2.900 | deliv   2.90 | blocked 28.2% | idle  0.1% | ent 0.253
  upd 2452 | return    2.300 | deliv   2.30 | blocked 34.2% | idle  0.5% | ent 0.251
  upd 2453 | return    3.100 | deliv   3.10 | blocked 27.2% | idle  0.2% | ent 0.270
  upd 2454 | return    2.900 | deliv   2.90 | blocked 26.9% | idle  1.1% | ent 0.252
  upd 2455 | return    3.800 | deliv   3.80 | blocked 32.8% | idle  0.6% | ent 0.263
  upd 2456 | return    3.000 | deliv   3.00 | blocked 25.0% | idle  1.0% | ent 0.211
  upd 2457 | return    3.000 | deliv   3.00 | blocked 24.6% | idle  0.1% | ent 0.245
  upd 2458 | return    2.800 | deliv   2.80 | blocked 23.0% | idle  0.0% | ent 0.235
  upd 2459 | return    2.900 | deliv   2.90 | blocked 30.6% | idle  0.1% | ent 0.209
  upd 2460 | return    2.300 | deliv   2.30 | blocked 32.8% | idle  0.0% | ent 0.201
  upd 2461 | return    3.000 | deliv   3.00 | blocked 27.2% | idle  0.0% | ent 0.218
  upd 2462 | return    3.000 | deliv   3.00 | blocked 30.3% | idle  0.0% | ent 0.206
  upd 2463 | return    3.700 | deliv   3.70 | blocked 28.1% | idle  0.1% | ent 0.214
  upd 2464 | return    3.300 | deliv   3.30 | blocked 33.1% | idle  0.0% | ent 0.198
  upd 2465 | return    2.700 | deliv   2.70 | blocked 30.5% | idle  0.0% | ent 0.201
  upd 2466 | return    2.800 | deliv   2.80 | blocked 34.5% | idle  0.0% | ent 0.199
  upd 2467 | return    2.600 | deliv   2.60 | blocked 27.6% | idle  0.1% | ent 0.220
  upd 2468 | return    2.800 | deliv   2.80 | blocked 32.2% | idle  0.0% | ent 0.208
  upd 2469 | return    2.900 | deliv   2.90 | blocked 31.3% | idle  0.0% | ent 0.217
  upd 2470 | return    2.000 | deliv   2.00 | blocked 34.1% | idle  0.0% | ent 0.210
  upd 2471 | return    3.500 | deliv   3.50 | blocked 31.3% | idle  0.2% | ent 0.223
  upd 2472 | return    2.200 | deliv   2.20 | blocked 31.0% | idle  0.1% | ent 0.219
  upd 2473 | return    2.400 | deliv   2.40 | blocked 32.0% | idle  0.0% | ent 0.207
  upd 2474 | return    3.000 | deliv   3.00 | blocked 34.5% | idle  0.1% | ent 0.209
  upd 2475 | return    3.400 | deliv   3.40 | blocked 31.8% | idle  0.1% | ent 0.205
  upd 2476 | return    2.600 | deliv   2.60 | blocked 33.0% | idle  0.1% | ent 0.199
  upd 2477 | return    3.400 | deliv   3.40 | blocked 29.0% | idle  0.1% | ent 0.232
  upd 2478 | return    3.100 | deliv   3.10 | blocked 31.0% | idle  1.3% | ent 0.235
  upd 2479 | return    3.000 | deliv   3.00 | blocked 29.1% | idle  0.4% | ent 0.248
  upd 2480 | return    2.800 | deliv   2.80 | blocked 37.5% | idle  0.5% | ent 0.244
  upd 2481 | return    3.200 | deliv   3.20 | blocked 32.2% | idle  1.0% | ent 0.217
  upd 2482 | return    2.700 | deliv   2.70 | blocked 32.6% | idle  0.6% | ent 0.256
  upd 2483 | return    2.100 | deliv   2.10 | blocked 32.7% | idle  0.2% | ent 0.217
  upd 2484 | return    3.600 | deliv   3.60 | blocked 29.1% | idle  2.1% | ent 0.267
  upd 2485 | return    3.000 | deliv   3.00 | blocked 28.8% | idle  0.2% | ent 0.217
  upd 2486 | return    2.200 | deliv   2.20 | blocked 30.1% | idle  0.4% | ent 0.227
  upd 2487 | return    3.000 | deliv   3.00 | blocked 32.5% | idle  1.6% | ent 0.271
  upd 2488 | return    3.300 | deliv   3.30 | blocked 31.1% | idle  0.5% | ent 0.256
  upd 2489 | return    3.300 | deliv   3.30 | blocked 29.2% | idle  3.8% | ent 0.258
  upd 2490 | return    2.300 | deliv   2.30 | blocked 30.2% | idle  0.9% | ent 0.244
  upd 2491 | return    3.200 | deliv   3.20 | blocked 28.7% | idle  3.7% | ent 0.315
  upd 2492 | return    4.000 | deliv   4.00 | blocked 29.6% | idle  2.9% | ent 0.290
  upd 2493 | return    3.200 | deliv   3.20 | blocked 28.1% | idle  0.3% | ent 0.233
  upd 2494 | return    2.400 | deliv   2.40 | blocked 33.2% | idle  0.7% | ent 0.221
  upd 2495 | return    2.500 | deliv   2.50 | blocked 37.5% | idle  0.4% | ent 0.257
  upd 2496 | return    2.100 | deliv   2.10 | blocked 29.4% | idle  1.5% | ent 0.254
  upd 2497 | return    4.200 | deliv   4.20 | blocked 21.3% | idle  2.1% | ent 0.286
  upd 2498 | return    3.400 | deliv   3.40 | blocked 24.6% | idle  1.1% | ent 0.263
  upd 2499 | return    3.000 | deliv   3.00 | blocked 24.8% | idle  0.3% | ent 0.259
  [replay @ update 2500] return 1.00  deliveries 1  -> runs/ippo_tiny-4ag_seed2/replays/replay_upd002500_s0.npz
  upd 2500 | return    3.000 | deliv   3.00 | blocked 30.2% | idle  1.7% | ent 0.290
  upd 2501 | return    4.500 | deliv   4.50 | blocked 27.4% | idle  3.6% | ent 0.312
  upd 2502 | return    2.100 | deliv   2.10 | blocked 27.0% | idle  1.1% | ent 0.262
  upd 2503 | return    3.900 | deliv   3.90 | blocked 27.0% | idle  1.7% | ent 0.306
  upd 2504 | return    2.500 | deliv   2.50 | blocked 27.8% | idle  1.5% | ent 0.290
  upd 2505 | return    2.400 | deliv   2.40 | blocked 28.1% | idle  1.6% | ent 0.310
  upd 2506 | return    3.600 | deliv   3.60 | blocked 30.9% | idle  0.8% | ent 0.281
  upd 2507 | return    2.700 | deliv   2.70 | blocked 26.1% | idle  0.9% | ent 0.276
  upd 2508 | return    3.600 | deliv   3.60 | blocked 18.7% | idle  0.4% | ent 0.250
  upd 2509 | return    3.500 | deliv   3.50 | blocked 26.4% | idle  0.5% | ent 0.272
  upd 2510 | return    3.600 | deliv   3.60 | blocked 23.6% | idle  2.1% | ent 0.281
  upd 2511 | return    3.700 | deliv   3.70 | blocked 23.5% | idle  5.6% | ent 0.321
  upd 2512 | return    2.900 | deliv   2.90 | blocked 27.5% | idle  0.8% | ent 0.265
  upd 2513 | return    3.000 | deliv   3.00 | blocked 21.3% | idle  3.8% | ent 0.299
  upd 2514 | return    3.200 | deliv   3.20 | blocked 25.8% | idle  3.9% | ent 0.346
  upd 2515 | return    3.500 | deliv   3.50 | blocked 22.4% | idle  3.7% | ent 0.327
  upd 2516 | return    4.000 | deliv   4.00 | blocked 18.9% | idle  4.3% | ent 0.283
  upd 2517 | return    2.900 | deliv   2.90 | blocked 17.4% | idle  1.1% | ent 0.281
  upd 2518 | return    2.800 | deliv   2.80 | blocked 18.1% | idle  2.1% | ent 0.330
  upd 2519 | return    2.700 | deliv   2.70 | blocked 15.2% | idle  2.9% | ent 0.344
  upd 2520 | return    3.100 | deliv   3.10 | blocked 16.6% | idle  3.0% | ent 0.307
  upd 2521 | return    2.700 | deliv   2.70 | blocked 19.1% | idle  2.7% | ent 0.298
  upd 2522 | return    3.800 | deliv   3.80 | blocked 16.9% | idle  2.9% | ent 0.265
  upd 2523 | return    3.300 | deliv   3.30 | blocked 21.4% | idle  4.8% | ent 0.340
  upd 2524 | return    2.600 | deliv   2.60 | blocked 28.2% | idle  0.7% | ent 0.288
  upd 2525 | return    3.500 | deliv   3.50 | blocked 20.7% | idle  2.8% | ent 0.297
  upd 2526 | return    3.200 | deliv   3.20 | blocked 23.2% | idle  5.1% | ent 0.322
  upd 2527 | return    2.700 | deliv   2.70 | blocked 20.2% | idle  2.0% | ent 0.275
  upd 2528 | return    4.200 | deliv   4.20 | blocked 21.0% | idle  0.9% | ent 0.299
  upd 2529 | return    3.800 | deliv   3.80 | blocked 24.8% | idle  4.3% | ent 0.317
  upd 2530 | return    3.000 | deliv   3.00 | blocked 25.1% | idle  0.4% | ent 0.288
  upd 2531 | return    3.900 | deliv   3.90 | blocked 19.6% | idle  3.7% | ent 0.354
  upd 2532 | return    4.200 | deliv   4.20 | blocked 19.0% | idle  2.1% | ent 0.299
  upd 2533 | return    2.500 | deliv   2.50 | blocked 27.4% | idle  0.5% | ent 0.260
  upd 2534 | return    3.000 | deliv   3.00 | blocked 14.1% | idle  1.5% | ent 0.319
  upd 2535 | return    2.500 | deliv   2.50 | blocked 20.3% | idle  0.2% | ent 0.274
  upd 2536 | return    2.500 | deliv   2.50 | blocked 22.6% | idle  0.6% | ent 0.308
  upd 2537 | return    4.200 | deliv   4.20 | blocked 18.0% | idle  0.7% | ent 0.304
  upd 2538 | return    3.200 | deliv   3.20 | blocked 16.2% | idle  0.4% | ent 0.302
  upd 2539 | return    4.000 | deliv   4.00 | blocked 22.9% | idle  0.6% | ent 0.281
  upd 2540 | return    2.200 | deliv   2.20 | blocked 19.2% | idle  0.9% | ent 0.300
  upd 2541 | return    4.000 | deliv   4.00 | blocked 20.8% | idle  2.4% | ent 0.325
  upd 2542 | return    3.000 | deliv   3.00 | blocked 16.4% | idle  0.3% | ent 0.292
  upd 2543 | return    3.700 | deliv   3.70 | blocked 18.4% | idle  1.6% | ent 0.301
  upd 2544 | return    3.200 | deliv   3.20 | blocked 16.7% | idle  1.4% | ent 0.322
  upd 2545 | return    3.600 | deliv   3.60 | blocked 15.1% | idle  0.3% | ent 0.291
  upd 2546 | return    3.600 | deliv   3.60 | blocked 20.2% | idle  3.5% | ent 0.327
  upd 2547 | return    3.300 | deliv   3.30 | blocked 18.9% | idle  1.0% | ent 0.287
  upd 2548 | return    2.900 | deliv   2.90 | blocked 12.3% | idle  0.2% | ent 0.243
  upd 2549 | return    2.900 | deliv   2.90 | blocked 13.2% | idle  2.1% | ent 0.309
  upd 2550 | return    3.500 | deliv   3.50 | blocked 16.4% | idle  1.8% | ent 0.307
  upd 2551 | return    5.000 | deliv   5.00 | blocked 15.6% | idle  0.7% | ent 0.290
  upd 2552 | return    3.400 | deliv   3.40 | blocked 23.1% | idle  0.5% | ent 0.272
  upd 2553 | return    2.900 | deliv   2.90 | blocked 14.4% | idle  0.5% | ent 0.309
  upd 2554 | return    3.400 | deliv   3.40 | blocked 15.6% | idle  0.5% | ent 0.278
  upd 2555 | return    3.400 | deliv   3.40 | blocked 12.2% | idle  0.5% | ent 0.298
  upd 2556 | return    3.400 | deliv   3.40 | blocked 11.9% | idle  1.4% | ent 0.275
  upd 2557 | return    2.300 | deliv   2.30 | blocked 15.7% | idle  0.2% | ent 0.276
  upd 2558 | return    2.900 | deliv   2.90 | blocked 19.1% | idle  0.4% | ent 0.274
  upd 2559 | return    3.100 | deliv   3.10 | blocked 16.9% | idle  0.5% | ent 0.296
  upd 2560 | return    4.000 | deliv   4.00 | blocked 15.8% | idle  1.2% | ent 0.297
  upd 2561 | return    2.900 | deliv   2.90 | blocked 14.5% | idle  0.6% | ent 0.298
  upd 2562 | return    3.800 | deliv   3.80 | blocked 12.0% | idle  1.0% | ent 0.274
  upd 2563 | return    2.800 | deliv   2.80 | blocked 16.2% | idle  3.7% | ent 0.309
  upd 2564 | return    2.700 | deliv   2.70 | blocked 10.2% | idle  0.2% | ent 0.263
  upd 2565 | return    2.700 | deliv   2.70 | blocked 14.8% | idle  0.2% | ent 0.255
  upd 2566 | return    3.600 | deliv   3.60 | blocked 19.0% | idle  2.1% | ent 0.295
  upd 2567 | return    2.900 | deliv   2.90 | blocked 14.8% | idle  1.4% | ent 0.315
  upd 2568 | return    4.500 | deliv   4.50 | blocked 13.0% | idle  0.4% | ent 0.283
  upd 2569 | return    3.500 | deliv   3.50 | blocked 11.7% | idle  0.5% | ent 0.292
  upd 2570 | return    4.000 | deliv   4.00 | blocked 13.5% | idle  0.4% | ent 0.278
  upd 2571 | return    3.800 | deliv   3.80 | blocked 17.3% | idle  0.6% | ent 0.283
  upd 2572 | return    4.000 | deliv   4.00 | blocked 13.5% | idle  1.8% | ent 0.294
  upd 2573 | return    3.700 | deliv   3.70 | blocked 15.8% | idle  0.6% | ent 0.303
  upd 2574 | return    3.800 | deliv   3.80 | blocked 12.9% | idle  0.5% | ent 0.280
  upd 2575 | return    2.800 | deliv   2.80 | blocked 19.2% | idle  0.2% | ent 0.264
  upd 2576 | return    3.900 | deliv   3.90 | blocked 10.1% | idle  0.3% | ent 0.263
  upd 2577 | return    3.000 | deliv   3.00 | blocked 15.1% | idle  0.3% | ent 0.256
  upd 2578 | return    4.400 | deliv   4.40 | blocked 14.2% | idle  0.3% | ent 0.271
  upd 2579 | return    3.800 | deliv   3.80 | blocked  9.5% | idle  0.1% | ent 0.263
  upd 2580 | return    3.200 | deliv   3.20 | blocked 11.5% | idle  1.6% | ent 0.298
  upd 2581 | return    3.200 | deliv   3.20 | blocked 13.4% | idle  0.2% | ent 0.261
  upd 2582 | return    3.700 | deliv   3.70 | blocked 11.4% | idle  0.9% | ent 0.291
  upd 2583 | return    3.300 | deliv   3.30 | blocked 13.5% | idle  1.7% | ent 0.307
  upd 2584 | return    3.200 | deliv   3.20 | blocked 13.6% | idle  0.3% | ent 0.276
  upd 2585 | return    3.400 | deliv   3.40 | blocked 12.4% | idle  1.3% | ent 0.287
  upd 2586 | return    3.400 | deliv   3.40 | blocked 13.6% | idle  1.7% | ent 0.335
  upd 2587 | return    2.500 | deliv   2.50 | blocked 14.4% | idle  0.4% | ent 0.291
  upd 2588 | return    3.400 | deliv   3.40 | blocked  8.8% | idle  0.7% | ent 0.295
  upd 2589 | return    3.200 | deliv   3.20 | blocked 10.4% | idle  1.6% | ent 0.308
  upd 2590 | return    3.200 | deliv   3.20 | blocked 11.0% | idle  0.4% | ent 0.285
  upd 2591 | return    3.600 | deliv   3.60 | blocked 12.3% | idle  1.1% | ent 0.323
  upd 2592 | return    3.700 | deliv   3.70 | blocked 10.5% | idle  0.2% | ent 0.270
  upd 2593 | return    2.700 | deliv   2.70 | blocked 13.3% | idle  0.2% | ent 0.283
  upd 2594 | return    3.000 | deliv   3.00 | blocked 12.0% | idle  0.3% | ent 0.267
  upd 2595 | return    3.700 | deliv   3.70 | blocked 11.5% | idle  0.2% | ent 0.262
  upd 2596 | return    4.300 | deliv   4.30 | blocked 12.8% | idle  1.2% | ent 0.243
  upd 2597 | return    3.400 | deliv   3.40 | blocked 14.1% | idle  0.3% | ent 0.265
  upd 2598 | return    3.300 | deliv   3.30 | blocked 12.8% | idle  0.4% | ent 0.265
  upd 2599 | return    3.500 | deliv   3.50 | blocked 12.3% | idle  0.3% | ent 0.253
  [replay @ update 2600] return 2.00  deliveries 2  -> runs/ippo_tiny-4ag_seed2/replays/replay_upd002600_s0.npz
  upd 2600 | return    3.500 | deliv   3.50 | blocked 13.7% | idle  0.2% | ent 0.277
  upd 2601 | return    4.200 | deliv   4.20 | blocked 13.8% | idle  0.1% | ent 0.262
  upd 2602 | return    3.000 | deliv   3.00 | blocked 17.9% | idle  0.1% | ent 0.271
  upd 2603 | return    3.500 | deliv   3.50 | blocked 12.7% | idle  0.5% | ent 0.278
  upd 2604 | return    3.000 | deliv   3.00 | blocked 15.2% | idle  0.3% | ent 0.276
  upd 2605 | return    4.100 | deliv   4.10 | blocked 13.4% | idle  0.3% | ent 0.305
  upd 2606 | return    3.500 | deliv   3.50 | blocked 10.8% | idle  1.0% | ent 0.288
  upd 2607 | return    3.700 | deliv   3.70 | blocked 12.6% | idle  0.2% | ent 0.270
  upd 2608 | return    3.400 | deliv   3.40 | blocked  9.4% | idle  0.2% | ent 0.261
  upd 2609 | return    4.400 | deliv   4.40 | blocked 15.2% | idle  0.3% | ent 0.282
  upd 2610 | return    3.400 | deliv   3.40 | blocked 10.0% | idle  0.2% | ent 0.265
  upd 2611 | return    3.500 | deliv   3.50 | blocked 12.6% | idle  0.3% | ent 0.291
  upd 2612 | return    3.800 | deliv   3.80 | blocked 11.2% | idle  0.4% | ent 0.273
  upd 2613 | return    4.000 | deliv   4.00 | blocked 10.1% | idle  1.0% | ent 0.308
  upd 2614 | return    4.700 | deliv   4.70 | blocked  9.9% | idle  0.1% | ent 0.265
  upd 2615 | return    3.000 | deliv   3.00 | blocked 10.3% | idle  1.4% | ent 0.283
  upd 2616 | return    3.500 | deliv   3.50 | blocked  9.9% | idle  0.3% | ent 0.268
  upd 2617 | return    3.600 | deliv   3.60 | blocked 10.4% | idle  0.2% | ent 0.271
  upd 2618 | return    4.100 | deliv   4.10 | blocked  9.7% | idle  0.3% | ent 0.294
  upd 2619 | return    2.900 | deliv   2.90 | blocked 10.9% | idle  0.2% | ent 0.268
  upd 2620 | return    4.100 | deliv   4.10 | blocked 17.0% | idle  1.2% | ent 0.291
  upd 2621 | return    3.900 | deliv   3.90 | blocked 14.7% | idle  1.0% | ent 0.323
  upd 2622 | return    5.000 | deliv   5.00 | blocked 15.9% | idle  0.0% | ent 0.261
  upd 2623 | return    3.900 | deliv   3.90 | blocked 14.8% | idle  0.1% | ent 0.244
  upd 2624 | return    3.200 | deliv   3.20 | blocked 14.3% | idle  0.2% | ent 0.250
  upd 2625 | return    4.000 | deliv   4.00 | blocked 15.3% | idle  0.2% | ent 0.269
  upd 2626 | return    3.700 | deliv   3.70 | blocked 13.9% | idle  0.1% | ent 0.256
  upd 2627 | return    3.600 | deliv   3.60 | blocked 12.7% | idle  0.2% | ent 0.266
  upd 2628 | return    3.500 | deliv   3.50 | blocked 13.4% | idle  0.2% | ent 0.242
  upd 2629 | return    4.200 | deliv   4.20 | blocked 14.7% | idle  0.2% | ent 0.278
  upd 2630 | return    3.000 | deliv   3.00 | blocked 11.9% | idle  0.0% | ent 0.243
  upd 2631 | return    4.500 | deliv   4.50 | blocked 17.5% | idle  0.1% | ent 0.256
  upd 2632 | return    2.700 | deliv   2.70 | blocked 15.9% | idle  0.1% | ent 0.265
  upd 2633 | return    3.600 | deliv   3.60 | blocked 11.0% | idle  0.3% | ent 0.272
  upd 2634 | return    4.200 | deliv   4.20 | blocked 13.9% | idle  0.2% | ent 0.282
  upd 2635 | return    3.300 | deliv   3.30 | blocked 16.2% | idle  0.4% | ent 0.282
  upd 2636 | return    4.700 | deliv   4.70 | blocked 15.6% | idle  0.2% | ent 0.265
  upd 2637 | return    3.000 | deliv   3.00 | blocked 17.8% | idle  0.0% | ent 0.256
  upd 2638 | return    3.300 | deliv   3.30 | blocked 13.9% | idle  0.3% | ent 0.267
  upd 2639 | return    3.100 | deliv   3.10 | blocked 10.6% | idle  0.4% | ent 0.254
  upd 2640 | return    3.100 | deliv   3.10 | blocked 14.2% | idle  0.2% | ent 0.270
  upd 2641 | return    4.100 | deliv   4.10 | blocked 16.7% | idle  0.2% | ent 0.285
  upd 2642 | return    3.300 | deliv   3.30 | blocked 17.0% | idle  0.2% | ent 0.277
  upd 2643 | return    4.000 | deliv   4.00 | blocked 14.0% | idle  0.3% | ent 0.281
  upd 2644 | return    4.100 | deliv   4.10 | blocked 12.4% | idle  0.3% | ent 0.280
  upd 2645 | return    3.300 | deliv   3.30 | blocked 17.8% | idle  0.1% | ent 0.257
  upd 2646 | return    4.000 | deliv   4.00 | blocked 16.7% | idle  0.2% | ent 0.242
  upd 2647 | return    3.600 | deliv   3.60 | blocked 17.0% | idle  0.2% | ent 0.245
  upd 2648 | return    2.400 | deliv   2.40 | blocked 10.8% | idle  0.1% | ent 0.265
  upd 2649 | return    3.700 | deliv   3.70 | blocked 13.7% | idle  0.1% | ent 0.267
  upd 2650 | return    4.400 | deliv   4.40 | blocked 14.7% | idle  0.8% | ent 0.266
  upd 2651 | return    4.800 | deliv   4.80 | blocked 18.3% | idle  0.3% | ent 0.259
  upd 2652 | return    3.000 | deliv   3.00 | blocked 14.4% | idle  1.3% | ent 0.273
  upd 2653 | return    3.800 | deliv   3.80 | blocked 12.7% | idle  0.1% | ent 0.250
  upd 2654 | return    4.400 | deliv   4.40 | blocked 13.8% | idle  0.4% | ent 0.262
  upd 2655 | return    3.500 | deliv   3.50 | blocked 15.2% | idle  0.2% | ent 0.262
  upd 2656 | return    3.900 | deliv   3.90 | blocked 16.8% | idle  0.1% | ent 0.254
  upd 2657 | return    4.200 | deliv   4.20 | blocked 18.1% | idle  0.4% | ent 0.277
  upd 2658 | return    3.400 | deliv   3.40 | blocked 13.3% | idle  1.0% | ent 0.265
  upd 2659 | return    3.500 | deliv   3.50 | blocked 14.2% | idle  0.9% | ent 0.234
  upd 2660 | return    3.200 | deliv   3.20 | blocked 19.1% | idle  0.1% | ent 0.227
  upd 2661 | return    3.800 | deliv   3.80 | blocked 15.9% | idle  1.0% | ent 0.263
  upd 2662 | return    3.800 | deliv   3.80 | blocked 17.3% | idle  0.2% | ent 0.262
  upd 2663 | return    3.500 | deliv   3.50 | blocked 17.6% | idle  0.2% | ent 0.232
  upd 2664 | return    4.800 | deliv   4.80 | blocked 18.9% | idle  0.2% | ent 0.245
  upd 2665 | return    4.200 | deliv   4.20 | blocked 18.3% | idle  0.1% | ent 0.227
  upd 2666 | return    3.400 | deliv   3.40 | blocked 17.0% | idle  0.1% | ent 0.233
  upd 2667 | return    3.700 | deliv   3.70 | blocked 15.1% | idle  0.1% | ent 0.247
  upd 2668 | return    3.200 | deliv   3.20 | blocked 18.2% | idle  0.1% | ent 0.248
  upd 2669 | return    3.100 | deliv   3.10 | blocked 21.8% | idle  0.2% | ent 0.238
  upd 2670 | return    4.200 | deliv   4.20 | blocked 19.6% | idle  0.1% | ent 0.250
  upd 2671 | return    5.000 | deliv   5.00 | blocked 21.5% | idle  0.2% | ent 0.244
  upd 2672 | return    4.100 | deliv   4.10 | blocked 14.2% | idle  0.2% | ent 0.245
  upd 2673 | return    3.500 | deliv   3.50 | blocked 14.6% | idle  0.2% | ent 0.229
  upd 2674 | return    3.400 | deliv   3.40 | blocked 15.8% | idle  0.2% | ent 0.226
  upd 2675 | return    3.900 | deliv   3.90 | blocked 12.1% | idle  0.2% | ent 0.244
  upd 2676 | return    3.300 | deliv   3.30 | blocked 11.5% | idle  0.2% | ent 0.236
  upd 2677 | return    4.300 | deliv   4.30 | blocked 13.8% | idle  0.1% | ent 0.240
  upd 2678 | return    3.500 | deliv   3.50 | blocked 13.9% | idle  0.2% | ent 0.243
  upd 2679 | return    2.700 | deliv   2.70 | blocked 15.9% | idle  0.1% | ent 0.253
  upd 2680 | return    3.200 | deliv   3.20 | blocked 14.1% | idle  0.1% | ent 0.229
  upd 2681 | return    4.600 | deliv   4.60 | blocked 18.7% | idle  0.1% | ent 0.229
  upd 2682 | return    5.400 | deliv   5.40 | blocked 18.3% | idle  0.2% | ent 0.228
  upd 2683 | return    3.400 | deliv   3.40 | blocked 18.1% | idle  0.2% | ent 0.236
  upd 2684 | return    3.700 | deliv   3.70 | blocked 14.1% | idle  0.1% | ent 0.213
  upd 2685 | return    5.000 | deliv   5.00 | blocked 19.8% | idle  0.1% | ent 0.219
  upd 2686 | return    3.800 | deliv   3.80 | blocked 16.1% | idle  0.1% | ent 0.214
  upd 2687 | return    3.700 | deliv   3.70 | blocked 17.2% | idle  0.1% | ent 0.226
  upd 2688 | return    3.200 | deliv   3.20 | blocked 20.0% | idle  0.0% | ent 0.224
  upd 2689 | return    4.300 | deliv   4.30 | blocked 18.3% | idle  0.1% | ent 0.232
  upd 2690 | return    4.000 | deliv   4.00 | blocked 18.7% | idle  0.1% | ent 0.220
  upd 2691 | return    3.700 | deliv   3.70 | blocked 16.1% | idle  0.1% | ent 0.214
  upd 2692 | return    3.200 | deliv   3.20 | blocked 12.5% | idle  0.1% | ent 0.211
  upd 2693 | return    4.400 | deliv   4.40 | blocked 14.1% | idle  0.1% | ent 0.223
  upd 2694 | return    3.600 | deliv   3.60 | blocked 17.5% | idle  0.0% | ent 0.217
  upd 2695 | return    4.000 | deliv   4.00 | blocked 17.1% | idle  0.1% | ent 0.224
  upd 2696 | return    2.700 | deliv   2.70 | blocked 17.7% | idle  0.1% | ent 0.220
  upd 2697 | return    4.700 | deliv   4.70 | blocked 18.9% | idle  0.1% | ent 0.220
  upd 2698 | return    4.700 | deliv   4.70 | blocked 17.5% | idle  0.1% | ent 0.231
  upd 2699 | return    2.700 | deliv   2.70 | blocked 17.7% | idle  0.0% | ent 0.227
  [replay @ update 2700] return 1.00  deliveries 1  -> runs/ippo_tiny-4ag_seed2/replays/replay_upd002700_s0.npz
  upd 2700 | return    3.100 | deliv   3.10 | blocked 15.6% | idle  0.1% | ent 0.213
  upd 2701 | return    4.000 | deliv   4.00 | blocked 17.7% | idle  0.0% | ent 0.198
  upd 2702 | return    3.000 | deliv   3.00 | blocked 16.9% | idle  0.1% | ent 0.227
  upd 2703 | return    3.700 | deliv   3.70 | blocked 13.6% | idle  0.1% | ent 0.222
  upd 2704 | return    4.400 | deliv   4.40 | blocked 17.2% | idle  0.1% | ent 0.218
  upd 2705 | return    4.300 | deliv   4.30 | blocked 20.0% | idle  0.0% | ent 0.200
  upd 2706 | return    4.200 | deliv   4.20 | blocked 21.6% | idle  0.0% | ent 0.182
  upd 2707 | return    3.600 | deliv   3.60 | blocked 14.9% | idle  0.0% | ent 0.200
  upd 2708 | return    2.500 | deliv   2.50 | blocked 19.2% | idle  0.0% | ent 0.193
  upd 2709 | return    4.800 | deliv   4.80 | blocked 18.5% | idle  0.1% | ent 0.212
  upd 2710 | return    3.700 | deliv   3.70 | blocked 22.0% | idle  0.0% | ent 0.186
  upd 2711 | return    4.000 | deliv   4.00 | blocked 16.8% | idle  0.0% | ent 0.207
  upd 2712 | return    4.000 | deliv   4.00 | blocked 18.3% | idle  0.0% | ent 0.219
  upd 2713 | return    2.900 | deliv   2.90 | blocked 15.8% | idle  0.0% | ent 0.211
  upd 2714 | return    3.900 | deliv   3.90 | blocked 16.9% | idle  0.0% | ent 0.198
  upd 2715 | return    3.900 | deliv   3.90 | blocked 17.4% | idle  0.1% | ent 0.222
  upd 2716 | return    3.600 | deliv   3.60 | blocked 17.2% | idle  0.0% | ent 0.207
  upd 2717 | return    4.000 | deliv   4.00 | blocked 14.6% | idle  0.1% | ent 0.225
  upd 2718 | return    3.600 | deliv   3.60 | blocked 20.4% | idle  0.1% | ent 0.218
  upd 2719 | return    4.500 | deliv   4.50 | blocked 19.7% | idle  0.0% | ent 0.211
  upd 2720 | return    4.200 | deliv   4.20 | blocked 17.9% | idle  0.0% | ent 0.197
  upd 2721 | return    3.500 | deliv   3.50 | blocked 18.7% | idle  0.0% | ent 0.219
  upd 2722 | return    4.600 | deliv   4.60 | blocked 20.3% | idle  0.0% | ent 0.208
  upd 2723 | return    3.400 | deliv   3.40 | blocked 22.1% | idle  0.1% | ent 0.206
  upd 2724 | return    4.300 | deliv   4.30 | blocked 19.7% | idle  0.1% | ent 0.217
  upd 2725 | return    4.700 | deliv   4.70 | blocked 21.5% | idle  0.1% | ent 0.193
  upd 2726 | return    4.600 | deliv   4.60 | blocked 22.5% | idle  0.1% | ent 0.226
  upd 2727 | return    5.200 | deliv   5.20 | blocked 21.6% | idle  0.1% | ent 0.207
  upd 2728 | return    3.400 | deliv   3.40 | blocked 18.0% | idle  0.0% | ent 0.203
  upd 2729 | return    4.600 | deliv   4.60 | blocked 21.1% | idle  0.0% | ent 0.220
  upd 2730 | return    4.600 | deliv   4.60 | blocked 18.9% | idle  0.1% | ent 0.177
  upd 2731 | return    5.300 | deliv   5.30 | blocked 18.3% | idle  0.1% | ent 0.199
  upd 2732 | return    4.000 | deliv   4.00 | blocked 15.1% | idle  0.1% | ent 0.206
  upd 2733 | return    3.700 | deliv   3.70 | blocked 19.6% | idle  0.0% | ent 0.182
  upd 2734 | return    3.300 | deliv   3.30 | blocked 15.9% | idle  0.0% | ent 0.184
  upd 2735 | return    3.200 | deliv   3.20 | blocked 19.7% | idle  0.0% | ent 0.200
  upd 2736 | return    4.700 | deliv   4.70 | blocked 21.8% | idle  0.1% | ent 0.201
  upd 2737 | return    3.400 | deliv   3.40 | blocked 21.1% | idle  0.0% | ent 0.207
  upd 2738 | return    4.500 | deliv   4.50 | blocked 21.2% | idle  0.1% | ent 0.216
  upd 2739 | return    4.300 | deliv   4.30 | blocked 19.6% | idle  0.1% | ent 0.192
  upd 2740 | return    2.900 | deliv   2.90 | blocked 20.9% | idle  0.1% | ent 0.197
  upd 2741 | return    5.000 | deliv   5.00 | blocked 20.6% | idle  0.0% | ent 0.200
  upd 2742 | return    4.200 | deliv   4.20 | blocked 16.9% | idle  0.0% | ent 0.201
  upd 2743 | return    4.600 | deliv   4.60 | blocked 22.9% | idle  0.0% | ent 0.172
  upd 2744 | return    3.200 | deliv   3.20 | blocked 17.5% | idle  0.0% | ent 0.216
  upd 2745 | return    3.700 | deliv   3.70 | blocked 20.3% | idle  0.0% | ent 0.186
  upd 2746 | return    4.400 | deliv   4.40 | blocked 19.5% | idle  0.1% | ent 0.202
  upd 2747 | return    4.500 | deliv   4.50 | blocked 22.9% | idle  0.0% | ent 0.193
  upd 2748 | return    3.700 | deliv   3.70 | blocked 21.8% | idle  0.0% | ent 0.205
  upd 2749 | return    3.700 | deliv   3.70 | blocked 18.4% | idle  0.1% | ent 0.195
  upd 2750 | return    5.400 | deliv   5.40 | blocked 20.5% | idle  0.0% | ent 0.216
  upd 2751 | return    4.200 | deliv   4.20 | blocked 17.3% | idle  0.0% | ent 0.193
  upd 2752 | return    3.800 | deliv   3.80 | blocked 19.6% | idle  0.0% | ent 0.220
  upd 2753 | return    4.300 | deliv   4.30 | blocked 21.4% | idle  0.0% | ent 0.205
  upd 2754 | return    3.500 | deliv   3.50 | blocked 19.9% | idle  0.0% | ent 0.219
  upd 2755 | return    4.700 | deliv   4.70 | blocked 20.1% | idle  0.0% | ent 0.202
  upd 2756 | return    3.600 | deliv   3.60 | blocked 22.7% | idle  0.0% | ent 0.213
  upd 2757 | return    4.300 | deliv   4.30 | blocked 24.7% | idle  0.1% | ent 0.215
  upd 2758 | return    4.400 | deliv   4.40 | blocked 20.9% | idle  0.0% | ent 0.204
  upd 2759 | return    5.300 | deliv   5.30 | blocked 21.6% | idle  0.1% | ent 0.203
  upd 2760 | return    3.300 | deliv   3.30 | blocked 24.3% | idle  0.0% | ent 0.206
  upd 2761 | return    3.200 | deliv   3.20 | blocked 15.9% | idle  0.0% | ent 0.226
  upd 2762 | return    4.400 | deliv   4.40 | blocked 17.7% | idle  0.0% | ent 0.210
  upd 2763 | return    5.500 | deliv   5.50 | blocked 21.2% | idle  0.0% | ent 0.197
  upd 2764 | return    4.300 | deliv   4.30 | blocked 17.1% | idle  0.0% | ent 0.217
  upd 2765 | return    3.800 | deliv   3.80 | blocked 11.7% | idle  0.0% | ent 0.218
  upd 2766 | return    4.600 | deliv   4.60 | blocked 20.6% | idle  0.0% | ent 0.208
  upd 2767 | return    3.600 | deliv   3.60 | blocked 15.8% | idle  0.1% | ent 0.229
  upd 2768 | return    4.100 | deliv   4.10 | blocked 17.2% | idle  0.1% | ent 0.221
  upd 2769 | return    4.200 | deliv   4.20 | blocked 18.0% | idle  0.1% | ent 0.205
  upd 2770 | return    3.800 | deliv   3.80 | blocked 20.9% | idle  0.0% | ent 0.195
  upd 2771 | return    3.200 | deliv   3.20 | blocked 15.5% | idle  0.1% | ent 0.216
  upd 2772 | return    4.800 | deliv   4.80 | blocked 23.4% | idle  0.0% | ent 0.207
  upd 2773 | return    3.800 | deliv   3.80 | blocked 18.2% | idle  0.0% | ent 0.190
  upd 2774 | return    4.900 | deliv   4.90 | blocked 15.3% | idle  0.0% | ent 0.213
  upd 2775 | return    3.300 | deliv   3.30 | blocked 18.2% | idle  0.0% | ent 0.209
  upd 2776 | return    4.500 | deliv   4.50 | blocked 23.6% | idle  0.0% | ent 0.221
  upd 2777 | return    2.900 | deliv   2.90 | blocked 16.5% | idle  0.0% | ent 0.218
  upd 2778 | return    3.600 | deliv   3.60 | blocked 14.3% | idle  0.0% | ent 0.214
  upd 2779 | return    4.400 | deliv   4.40 | blocked 20.6% | idle  0.1% | ent 0.223
  upd 2780 | return    4.400 | deliv   4.40 | blocked 20.2% | idle  0.1% | ent 0.211
  upd 2781 | return    4.700 | deliv   4.70 | blocked 18.1% | idle  0.1% | ent 0.215
  upd 2782 | return    2.900 | deliv   2.90 | blocked 16.3% | idle  0.0% | ent 0.196
  upd 2783 | return    4.300 | deliv   4.30 | blocked 19.9% | idle  0.1% | ent 0.202
  upd 2784 | return    4.700 | deliv   4.70 | blocked 23.6% | idle  0.1% | ent 0.183
  upd 2785 | return    4.700 | deliv   4.70 | blocked 20.6% | idle  0.0% | ent 0.207
  upd 2786 | return    4.300 | deliv   4.30 | blocked 21.4% | idle  0.0% | ent 0.202
  upd 2787 | return    4.100 | deliv   4.10 | blocked 19.6% | idle  0.1% | ent 0.212
  upd 2788 | return    4.600 | deliv   4.60 | blocked 16.3% | idle  0.1% | ent 0.230
  upd 2789 | return    4.200 | deliv   4.20 | blocked 20.7% | idle  0.0% | ent 0.192
  upd 2790 | return    4.000 | deliv   4.00 | blocked 20.8% | idle  0.0% | ent 0.166
  upd 2791 | return    4.300 | deliv   4.30 | blocked 23.4% | idle  0.1% | ent 0.196
  upd 2792 | return    3.200 | deliv   3.20 | blocked 22.9% | idle  0.0% | ent 0.196
  upd 2793 | return    4.000 | deliv   4.00 | blocked 19.1% | idle  0.0% | ent 0.205
  upd 2794 | return    3.000 | deliv   3.00 | blocked 20.8% | idle  0.0% | ent 0.217
  upd 2795 | return    3.600 | deliv   3.60 | blocked 23.7% | idle  0.0% | ent 0.200
  upd 2796 | return    3.500 | deliv   3.50 | blocked 21.3% | idle  0.0% | ent 0.203
  upd 2797 | return    3.600 | deliv   3.60 | blocked 18.2% | idle  0.0% | ent 0.214
  upd 2798 | return    4.100 | deliv   4.10 | blocked 22.7% | idle  0.1% | ent 0.208
  upd 2799 | return    5.500 | deliv   5.50 | blocked 21.7% | idle  0.0% | ent 0.218
  [replay @ update 2800] return 5.00  deliveries 5  -> runs/ippo_tiny-4ag_seed2/replays/replay_upd002800_s0.npz
  upd 2800 | return    4.800 | deliv   4.80 | blocked 19.2% | idle  0.2% | ent 0.246
  upd 2801 | return    4.400 | deliv   4.40 | blocked 21.9% | idle  0.1% | ent 0.230
  upd 2802 | return    3.500 | deliv   3.50 | blocked 19.7% | idle  0.0% | ent 0.232
  upd 2803 | return    4.000 | deliv   4.00 | blocked 16.4% | idle  0.1% | ent 0.233
  upd 2804 | return    5.600 | deliv   5.60 | blocked 15.3% | idle  0.1% | ent 0.237
  upd 2805 | return    3.000 | deliv   3.00 | blocked 13.9% | idle  0.0% | ent 0.239
  upd 2806 | return    3.200 | deliv   3.20 | blocked 21.3% | idle  0.1% | ent 0.241
  upd 2807 | return    3.800 | deliv   3.80 | blocked 19.5% | idle  0.0% | ent 0.230
  upd 2808 | return    4.100 | deliv   4.10 | blocked 20.8% | idle  0.0% | ent 0.223
  upd 2809 | return    3.500 | deliv   3.50 | blocked 21.7% | idle  0.0% | ent 0.233
  upd 2810 | return    4.500 | deliv   4.50 | blocked 19.9% | idle  0.0% | ent 0.224
  upd 2811 | return    4.000 | deliv   4.00 | blocked 25.6% | idle  0.0% | ent 0.221
  upd 2812 | return    3.800 | deliv   3.80 | blocked 20.4% | idle  0.3% | ent 0.233
  upd 2813 | return    3.600 | deliv   3.60 | blocked 20.1% | idle  0.1% | ent 0.248
  upd 2814 | return    3.700 | deliv   3.70 | blocked 17.6% | idle  0.1% | ent 0.231
  upd 2815 | return    4.300 | deliv   4.30 | blocked 19.0% | idle  0.0% | ent 0.210
  upd 2816 | return    3.700 | deliv   3.70 | blocked 19.9% | idle  0.1% | ent 0.222
  upd 2817 | return    3.800 | deliv   3.80 | blocked 21.2% | idle  0.0% | ent 0.212
  upd 2818 | return    3.800 | deliv   3.80 | blocked 22.2% | idle  0.1% | ent 0.256
  upd 2819 | return    4.300 | deliv   4.30 | blocked 20.5% | idle  0.1% | ent 0.236
  upd 2820 | return    4.400 | deliv   4.40 | blocked 20.0% | idle  0.0% | ent 0.227
  upd 2821 | return    3.600 | deliv   3.60 | blocked 15.9% | idle  0.1% | ent 0.228
  upd 2822 | return    3.600 | deliv   3.60 | blocked 23.0% | idle  0.0% | ent 0.225
  upd 2823 | return    3.400 | deliv   3.40 | blocked 24.8% | idle  0.1% | ent 0.228
  upd 2824 | return    5.000 | deliv   5.00 | blocked 19.9% | idle  0.0% | ent 0.226
  upd 2825 | return    3.800 | deliv   3.80 | blocked 19.6% | idle  0.1% | ent 0.227
  upd 2826 | return    4.400 | deliv   4.40 | blocked 24.4% | idle  0.1% | ent 0.232
  upd 2827 | return    3.400 | deliv   3.40 | blocked 14.5% | idle  0.0% | ent 0.234
  upd 2828 | return    4.100 | deliv   4.10 | blocked 18.7% | idle  0.1% | ent 0.236
  upd 2829 | return    4.100 | deliv   4.10 | blocked 12.9% | idle  0.0% | ent 0.256
  upd 2830 | return    4.600 | deliv   4.60 | blocked 21.9% | idle  0.0% | ent 0.246
  upd 2831 | return    4.100 | deliv   4.10 | blocked 14.9% | idle  0.1% | ent 0.260
  upd 2832 | return    4.300 | deliv   4.30 | blocked 19.8% | idle  0.1% | ent 0.238
  upd 2833 | return    4.900 | deliv   4.90 | blocked 14.5% | idle  0.0% | ent 0.233
  upd 2834 | return    3.300 | deliv   3.30 | blocked 16.7% | idle  0.1% | ent 0.246
  upd 2835 | return    3.900 | deliv   3.90 | blocked 17.7% | idle  0.0% | ent 0.230
  upd 2836 | return    5.100 | deliv   5.10 | blocked 17.1% | idle  0.0% | ent 0.241
  upd 2837 | return    5.700 | deliv   5.70 | blocked 20.9% | idle  0.1% | ent 0.230
  upd 2838 | return    3.900 | deliv   3.90 | blocked 19.8% | idle  0.0% | ent 0.218
  upd 2839 | return    4.100 | deliv   4.10 | blocked 22.8% | idle  0.0% | ent 0.240
  upd 2840 | return    3.100 | deliv   3.10 | blocked 24.0% | idle  0.0% | ent 0.230
  upd 2841 | return    3.800 | deliv   3.80 | blocked 19.9% | idle  0.0% | ent 0.252
  upd 2842 | return    4.600 | deliv   4.60 | blocked 20.3% | idle  0.0% | ent 0.225
  upd 2843 | return    3.600 | deliv   3.60 | blocked 14.8% | idle  0.1% | ent 0.219
  upd 2844 | return    4.500 | deliv   4.50 | blocked 22.0% | idle  0.1% | ent 0.225
  upd 2845 | return    4.400 | deliv   4.40 | blocked 17.2% | idle  0.0% | ent 0.238
  upd 2846 | return    3.800 | deliv   3.80 | blocked 21.8% | idle  0.1% | ent 0.224
  upd 2847 | return    4.000 | deliv   4.00 | blocked 15.9% | idle  0.0% | ent 0.220
  upd 2848 | return    5.000 | deliv   5.00 | blocked 22.3% | idle  0.0% | ent 0.213
  upd 2849 | return    4.200 | deliv   4.20 | blocked 24.7% | idle  0.0% | ent 0.215
  upd 2850 | return    4.200 | deliv   4.20 | blocked 24.2% | idle  0.0% | ent 0.201
  upd 2851 | return    4.700 | deliv   4.70 | blocked 25.3% | idle  0.0% | ent 0.210
  upd 2852 | return    4.800 | deliv   4.80 | blocked 16.0% | idle  0.0% | ent 0.248
  upd 2853 | return    3.200 | deliv   3.20 | blocked 25.6% | idle  0.0% | ent 0.211
  upd 2854 | return    4.200 | deliv   4.20 | blocked 20.1% | idle  0.0% | ent 0.210
  upd 2855 | return    3.800 | deliv   3.80 | blocked 17.4% | idle  0.0% | ent 0.217
  upd 2856 | return    3.800 | deliv   3.80 | blocked 21.3% | idle  0.0% | ent 0.219
  upd 2857 | return    3.500 | deliv   3.50 | blocked 15.8% | idle  0.1% | ent 0.234
  upd 2858 | return    4.300 | deliv   4.30 | blocked 20.1% | idle  0.0% | ent 0.229
  upd 2859 | return    4.600 | deliv   4.60 | blocked 23.1% | idle  0.0% | ent 0.226
  upd 2860 | return    4.100 | deliv   4.10 | blocked 19.0% | idle  0.0% | ent 0.212
  upd 2861 | return    4.700 | deliv   4.70 | blocked 22.6% | idle  0.0% | ent 0.216
  upd 2862 | return    5.900 | deliv   5.90 | blocked 20.3% | idle  0.1% | ent 0.220
  upd 2863 | return    3.300 | deliv   3.30 | blocked 19.1% | idle  0.0% | ent 0.249
  upd 2864 | return    4.100 | deliv   4.10 | blocked 25.6% | idle  0.0% | ent 0.217
  upd 2865 | return    3.700 | deliv   3.70 | blocked 24.1% | idle  0.0% | ent 0.223
  upd 2866 | return    4.600 | deliv   4.60 | blocked 19.8% | idle  0.1% | ent 0.242
  upd 2867 | return    4.300 | deliv   4.30 | blocked 21.3% | idle  0.1% | ent 0.248
  upd 2868 | return    5.500 | deliv   5.50 | blocked 22.3% | idle  0.0% | ent 0.222
  upd 2869 | return    3.400 | deliv   3.40 | blocked 18.9% | idle  0.0% | ent 0.262
  upd 2870 | return    3.200 | deliv   3.20 | blocked 17.3% | idle  0.0% | ent 0.249
  upd 2871 | return    3.700 | deliv   3.70 | blocked 19.6% | idle  0.0% | ent 0.247
  upd 2872 | return    3.700 | deliv   3.70 | blocked 20.4% | idle  0.0% | ent 0.242
  upd 2873 | return    3.400 | deliv   3.40 | blocked 24.3% | idle  0.0% | ent 0.227
  upd 2874 | return    4.600 | deliv   4.60 | blocked 24.5% | idle  0.0% | ent 0.246
  upd 2875 | return    2.500 | deliv   2.50 | blocked 18.8% | idle  0.0% | ent 0.244
  upd 2876 | return    4.300 | deliv   4.30 | blocked 24.9% | idle  0.0% | ent 0.242
  upd 2877 | return    4.200 | deliv   4.20 | blocked 23.1% | idle  0.0% | ent 0.213
  upd 2878 | return    3.700 | deliv   3.70 | blocked 20.7% | idle  0.0% | ent 0.231
  upd 2879 | return    5.900 | deliv   5.90 | blocked 22.4% | idle  0.0% | ent 0.236
  upd 2880 | return    5.300 | deliv   5.30 | blocked 21.3% | idle  0.0% | ent 0.221
  upd 2881 | return    3.400 | deliv   3.40 | blocked 16.2% | idle  0.0% | ent 0.237
  upd 2882 | return    3.700 | deliv   3.70 | blocked 20.6% | idle  0.0% | ent 0.229
  upd 2883 | return    2.100 | deliv   2.10 | blocked 17.1% | idle  0.0% | ent 0.230
  upd 2884 | return    4.000 | deliv   4.00 | blocked 17.7% | idle  0.0% | ent 0.236
  upd 2885 | return    3.300 | deliv   3.30 | blocked 21.3% | idle  0.0% | ent 0.222
  upd 2886 | return    4.000 | deliv   4.00 | blocked 21.3% | idle  0.0% | ent 0.233
  upd 2887 | return    3.200 | deliv   3.20 | blocked 19.5% | idle  0.0% | ent 0.237
  upd 2888 | return    4.400 | deliv   4.40 | blocked 23.4% | idle  0.0% | ent 0.215
  upd 2889 | return    5.600 | deliv   5.60 | blocked 16.4% | idle  0.0% | ent 0.229
  upd 2890 | return    4.200 | deliv   4.20 | blocked 17.8% | idle  0.0% | ent 0.244
  upd 2891 | return    5.600 | deliv   5.60 | blocked 19.7% | idle  0.0% | ent 0.235
  upd 2892 | return    3.700 | deliv   3.70 | blocked 19.9% | idle  0.0% | ent 0.233
  upd 2893 | return    4.100 | deliv   4.10 | blocked 17.0% | idle  0.0% | ent 0.231
  upd 2894 | return    4.100 | deliv   4.10 | blocked 18.3% | idle  0.0% | ent 0.230
  upd 2895 | return    4.800 | deliv   4.80 | blocked 19.1% | idle  0.0% | ent 0.233
  upd 2896 | return    4.000 | deliv   4.00 | blocked 20.6% | idle  0.0% | ent 0.230
  upd 2897 | return    5.200 | deliv   5.20 | blocked 23.6% | idle  0.0% | ent 0.250
  upd 2898 | return    4.900 | deliv   4.90 | blocked 21.1% | idle  0.8% | ent 0.238
  upd 2899 | return    4.600 | deliv   4.60 | blocked 18.7% | idle  0.0% | ent 0.230
  [replay @ update 2900] return 6.00  deliveries 6  -> runs/ippo_tiny-4ag_seed2/replays/replay_upd002900_s0.npz
  upd 2900 | return    4.200 | deliv   4.20 | blocked 20.2% | idle  0.0% | ent 0.238
  upd 2901 | return    4.100 | deliv   4.10 | blocked 21.5% | idle  0.0% | ent 0.227
  upd 2902 | return    3.200 | deliv   3.20 | blocked 19.9% | idle  0.0% | ent 0.226
  upd 2903 | return    4.600 | deliv   4.60 | blocked 20.2% | idle  0.0% | ent 0.227
  upd 2904 | return    3.600 | deliv   3.60 | blocked 19.5% | idle  0.0% | ent 0.228
  upd 2905 | return    3.800 | deliv   3.80 | blocked 20.8% | idle  0.0% | ent 0.234
  upd 2906 | return    4.900 | deliv   4.90 | blocked 20.5% | idle  0.0% | ent 0.237
  upd 2907 | return    4.500 | deliv   4.50 | blocked 21.1% | idle  0.0% | ent 0.236
  upd 2908 | return    4.400 | deliv   4.40 | blocked 20.2% | idle  0.0% | ent 0.221
  upd 2909 | return    4.500 | deliv   4.50 | blocked 23.3% | idle  0.1% | ent 0.240
  upd 2910 | return    4.300 | deliv   4.30 | blocked 23.2% | idle  0.0% | ent 0.245
  upd 2911 | return    3.900 | deliv   3.90 | blocked 20.7% | idle  0.0% | ent 0.229
  upd 2912 | return    4.400 | deliv   4.40 | blocked 17.2% | idle  0.5% | ent 0.239
  upd 2913 | return    5.000 | deliv   5.00 | blocked 19.7% | idle  0.0% | ent 0.243
  upd 2914 | return    5.000 | deliv   5.00 | blocked 19.0% | idle  0.0% | ent 0.217
  upd 2915 | return    2.800 | deliv   2.80 | blocked 16.0% | idle  0.0% | ent 0.253
  upd 2916 | return    3.300 | deliv   3.30 | blocked 16.9% | idle  0.4% | ent 0.231
  upd 2917 | return    4.700 | deliv   4.70 | blocked 19.3% | idle  0.0% | ent 0.238
  upd 2918 | return    4.100 | deliv   4.10 | blocked 12.6% | idle  0.1% | ent 0.246
  upd 2919 | return    5.000 | deliv   5.00 | blocked 16.4% | idle  0.0% | ent 0.236
  upd 2920 | return    4.400 | deliv   4.40 | blocked 18.3% | idle  0.0% | ent 0.220
  upd 2921 | return    5.200 | deliv   5.20 | blocked 15.2% | idle  0.0% | ent 0.253
  upd 2922 | return    4.500 | deliv   4.50 | blocked 15.8% | idle  0.0% | ent 0.248
  upd 2923 | return    3.100 | deliv   3.10 | blocked 19.9% | idle  0.0% | ent 0.247
  upd 2924 | return    3.800 | deliv   3.80 | blocked 17.0% | idle  0.0% | ent 0.246
  upd 2925 | return    4.800 | deliv   4.80 | blocked 15.7% | idle  0.1% | ent 0.269
  upd 2926 | return    4.700 | deliv   4.70 | blocked 17.0% | idle  0.0% | ent 0.249
  upd 2927 | return    4.000 | deliv   4.00 | blocked 16.7% | idle  0.0% | ent 0.240
  upd 2928 | return    3.300 | deliv   3.30 | blocked 17.2% | idle  0.0% | ent 0.234
  upd 2929 | return    4.000 | deliv   4.00 | blocked 17.6% | idle  0.0% | ent 0.234
  upd 2930 | return    4.300 | deliv   4.30 | blocked 18.1% | idle  0.0% | ent 0.236
  upd 2931 | return    3.300 | deliv   3.30 | blocked 15.7% | idle  0.0% | ent 0.237
  upd 2932 | return    7.400 | deliv   7.40 | blocked 17.8% | idle  0.0% | ent 0.246
  upd 2933 | return    4.600 | deliv   4.60 | blocked 21.1% | idle  0.0% | ent 0.238
  upd 2934 | return    4.500 | deliv   4.50 | blocked 20.9% | idle  0.1% | ent 0.233
  upd 2935 | return    4.100 | deliv   4.10 | blocked 20.4% | idle  0.0% | ent 0.254
  upd 2936 | return    4.000 | deliv   4.00 | blocked 21.9% | idle  0.0% | ent 0.240
  upd 2937 | return    5.300 | deliv   5.30 | blocked 18.5% | idle  0.0% | ent 0.246
  upd 2938 | return    5.500 | deliv   5.50 | blocked 15.1% | idle  0.0% | ent 0.258
  upd 2939 | return    3.800 | deliv   3.80 | blocked 15.8% | idle  0.0% | ent 0.248
  upd 2940 | return    4.300 | deliv   4.30 | blocked 16.0% | idle  0.0% | ent 0.249
  upd 2941 | return    5.800 | deliv   5.80 | blocked 12.2% | idle  0.0% | ent 0.262
  upd 2942 | return    3.200 | deliv   3.20 | blocked 19.4% | idle  0.0% | ent 0.256
  upd 2943 | return    5.200 | deliv   5.20 | blocked 12.2% | idle  0.0% | ent 0.259
  upd 2944 | return    6.000 | deliv   6.00 | blocked 15.3% | idle  0.0% | ent 0.252
  upd 2945 | return    4.200 | deliv   4.20 | blocked 14.4% | idle  0.0% | ent 0.251
  upd 2946 | return    5.700 | deliv   5.70 | blocked 17.5% | idle  0.0% | ent 0.242
  upd 2947 | return    4.100 | deliv   4.10 | blocked 18.3% | idle  0.0% | ent 0.255
  upd 2948 | return    5.300 | deliv   5.30 | blocked 14.5% | idle  0.0% | ent 0.268
  upd 2949 | return    4.800 | deliv   4.80 | blocked 17.3% | idle  0.0% | ent 0.277
  upd 2950 | return    4.700 | deliv   4.70 | blocked 13.8% | idle  0.0% | ent 0.260
  upd 2951 | return    2.900 | deliv   2.90 | blocked 13.1% | idle  0.0% | ent 0.248
  upd 2952 | return    5.100 | deliv   5.10 | blocked 14.4% | idle  0.0% | ent 0.276
  upd 2953 | return    4.500 | deliv   4.50 | blocked 14.0% | idle  0.0% | ent 0.274
  upd 2954 | return    4.200 | deliv   4.20 | blocked  9.4% | idle  0.0% | ent 0.284
  upd 2955 | return    5.400 | deliv   5.40 | blocked 11.3% | idle  0.1% | ent 0.274
  upd 2956 | return    3.700 | deliv   3.70 | blocked 16.3% | idle  0.0% | ent 0.263
  upd 2957 | return    4.100 | deliv   4.10 | blocked 17.1% | idle  0.0% | ent 0.262
  upd 2958 | return    4.100 | deliv   4.10 | blocked 20.2% | idle  0.0% | ent 0.276
  upd 2959 | return    4.200 | deliv   4.20 | blocked 11.9% | idle  0.0% | ent 0.264
  upd 2960 | return    4.800 | deliv   4.80 | blocked 17.2% | idle  0.0% | ent 0.267
  upd 2961 | return    4.300 | deliv   4.30 | blocked 14.9% | idle  0.0% | ent 0.263
  upd 2962 | return    5.800 | deliv   5.80 | blocked 16.3% | idle  0.0% | ent 0.272
  upd 2963 | return    4.300 | deliv   4.30 | blocked 16.1% | idle  0.0% | ent 0.241
  upd 2964 | return    5.400 | deliv   5.40 | blocked 16.7% | idle  0.0% | ent 0.257
  upd 2965 | return    5.300 | deliv   5.30 | blocked 18.2% | idle  0.0% | ent 0.263
  upd 2966 | return    4.700 | deliv   4.70 | blocked 16.5% | idle  0.0% | ent 0.270
  upd 2967 | return    4.500 | deliv   4.50 | blocked 17.0% | idle  0.0% | ent 0.262
  upd 2968 | return    5.000 | deliv   5.00 | blocked 17.4% | idle  0.0% | ent 0.289
  upd 2969 | return    3.800 | deliv   3.80 | blocked 16.4% | idle  0.0% | ent 0.260
  upd 2970 | return    4.700 | deliv   4.70 | blocked 16.0% | idle  0.0% | ent 0.260
  upd 2971 | return    5.300 | deliv   5.30 | blocked 14.5% | idle  0.1% | ent 0.268
  upd 2972 | return    5.100 | deliv   5.10 | blocked 14.6% | idle  0.0% | ent 0.298
  upd 2973 | return    4.400 | deliv   4.40 | blocked 14.7% | idle  0.0% | ent 0.262
  upd 2974 | return    5.100 | deliv   5.10 | blocked 15.4% | idle  0.0% | ent 0.267
  upd 2975 | return    4.400 | deliv   4.40 | blocked 14.8% | idle  0.0% | ent 0.257
  upd 2976 | return    4.300 | deliv   4.30 | blocked 15.4% | idle  0.0% | ent 0.267
  upd 2977 | return    4.900 | deliv   4.90 | blocked 14.3% | idle  0.0% | ent 0.243
  upd 2978 | return    5.300 | deliv   5.30 | blocked 13.5% | idle  0.0% | ent 0.268
  upd 2979 | return    3.800 | deliv   3.80 | blocked 14.4% | idle  0.0% | ent 0.248
  upd 2980 | return    5.100 | deliv   5.10 | blocked 14.5% | idle  0.0% | ent 0.252
  upd 2981 | return    6.900 | deliv   6.90 | blocked 13.4% | idle  0.0% | ent 0.256
  upd 2982 | return    3.600 | deliv   3.60 | blocked 14.8% | idle  0.0% | ent 0.258
  upd 2983 | return    4.100 | deliv   4.10 | blocked 14.8% | idle  0.0% | ent 0.247
  upd 2984 | return    4.200 | deliv   4.20 | blocked 13.9% | idle  0.0% | ent 0.243
  upd 2985 | return    4.900 | deliv   4.90 | blocked 14.7% | idle  0.0% | ent 0.240
  upd 2986 | return    5.000 | deliv   5.00 | blocked 18.4% | idle  0.0% | ent 0.231
  upd 2987 | return    4.600 | deliv   4.60 | blocked 15.4% | idle  0.0% | ent 0.226
  upd 2988 | return    3.800 | deliv   3.80 | blocked 16.0% | idle  0.0% | ent 0.234
  upd 2989 | return    4.700 | deliv   4.70 | blocked 13.4% | idle  0.0% | ent 0.243
  upd 2990 | return    4.400 | deliv   4.40 | blocked 14.2% | idle  0.0% | ent 0.235
  upd 2991 | return    4.200 | deliv   4.20 | blocked 14.1% | idle  0.0% | ent 0.246
  upd 2992 | return    4.600 | deliv   4.60 | blocked 14.1% | idle  0.0% | ent 0.219
  upd 2993 | return    4.300 | deliv   4.30 | blocked 14.6% | idle  0.0% | ent 0.230
  upd 2994 | return    5.000 | deliv   5.00 | blocked 14.8% | idle  0.0% | ent 0.229
  upd 2995 | return    5.400 | deliv   5.40 | blocked 20.1% | idle  0.0% | ent 0.242
  upd 2996 | return    4.400 | deliv   4.40 | blocked 15.5% | idle  0.0% | ent 0.232
  upd 2997 | return    5.600 | deliv   5.60 | blocked 17.7% | idle  0.0% | ent 0.231
  upd 2998 | return    5.700 | deliv   5.70 | blocked 14.8% | idle  0.0% | ent 0.215
  upd 2999 | return    5.400 | deliv   5.40 | blocked 16.2% | idle  0.0% | ent 0.217
  [replay @ update 3000] return 1.00  deliveries 1  -> runs/ippo_tiny-4ag_seed2/replays/replay_upd003000_s0.npz
  upd 3000 | return    6.000 | deliv   6.00 | blocked 18.8% | idle  0.0% | ent 0.225
  upd 3001 | return    3.700 | deliv   3.70 | blocked 14.3% | idle  0.0% | ent 0.218
  upd 3002 | return    5.600 | deliv   5.60 | blocked 17.4% | idle  0.0% | ent 0.219
  upd 3003 | return    3.600 | deliv   3.60 | blocked 17.6% | idle  0.0% | ent 0.210
  upd 3004 | return    4.200 | deliv   4.20 | blocked 18.2% | idle  0.0% | ent 0.251
  upd 3005 | return    4.800 | deliv   4.80 | blocked 14.9% | idle  0.0% | ent 0.224
  upd 3006 | return    4.900 | deliv   4.90 | blocked 13.7% | idle  0.0% | ent 0.243
  upd 3007 | return    4.000 | deliv   4.00 | blocked 16.5% | idle  0.0% | ent 0.237
  upd 3008 | return    3.500 | deliv   3.50 | blocked 13.6% | idle  0.0% | ent 0.245
  upd 3009 | return    4.400 | deliv   4.40 | blocked 16.5% | idle  0.0% | ent 0.238
  upd 3010 | return    3.800 | deliv   3.80 | blocked 15.6% | idle  0.0% | ent 0.249
  upd 3011 | return    4.700 | deliv   4.70 | blocked 16.9% | idle  0.0% | ent 0.244
  upd 3012 | return    4.500 | deliv   4.50 | blocked 16.8% | idle  0.0% | ent 0.261
  upd 3013 | return    6.300 | deliv   6.30 | blocked 15.1% | idle  0.0% | ent 0.242
  upd 3014 | return    4.000 | deliv   4.00 | blocked 14.4% | idle  0.0% | ent 0.253
  upd 3015 | return    4.500 | deliv   4.50 | blocked 14.9% | idle  0.0% | ent 0.260
  upd 3016 | return    5.400 | deliv   5.40 | blocked 17.3% | idle  0.0% | ent 0.278
  upd 3017 | return    6.700 | deliv   6.70 | blocked 14.9% | idle  0.0% | ent 0.260
  upd 3018 | return    5.500 | deliv   5.50 | blocked 13.8% | idle  0.0% | ent 0.264
  upd 3019 | return    5.900 | deliv   5.90 | blocked 14.5% | idle  0.0% | ent 0.265
  upd 3020 | return    6.700 | deliv   6.70 | blocked 13.2% | idle  0.0% | ent 0.263
  upd 3021 | return    4.700 | deliv   4.70 | blocked 12.2% | idle  0.0% | ent 0.259
  upd 3022 | return    7.000 | deliv   7.00 | blocked 11.1% | idle  0.0% | ent 0.271
  upd 3023 | return    5.000 | deliv   5.00 | blocked 10.6% | idle  0.0% | ent 0.242
  upd 3024 | return    6.500 | deliv   6.50 | blocked 10.3% | idle  0.0% | ent 0.246
  upd 3025 | return    6.400 | deliv   6.40 | blocked 11.9% | idle  0.0% | ent 0.245
  upd 3026 | return    3.400 | deliv   3.40 | blocked 13.2% | idle  0.0% | ent 0.254
  upd 3027 | return    4.700 | deliv   4.70 | blocked 13.0% | idle  0.0% | ent 0.244
  upd 3028 | return    4.600 | deliv   4.60 | blocked 13.4% | idle  0.0% | ent 0.265
  upd 3029 | return    5.200 | deliv   5.20 | blocked 12.1% | idle  0.0% | ent 0.242
  upd 3030 | return    4.000 | deliv   4.00 | blocked 16.3% | idle  0.0% | ent 0.259
  upd 3031 | return    4.300 | deliv   4.30 | blocked 13.4% | idle  0.0% | ent 0.239
  upd 3032 | return    4.400 | deliv   4.40 | blocked 12.4% | idle  0.0% | ent 0.244
  upd 3033 | return    5.300 | deliv   5.30 | blocked 12.4% | idle  0.0% | ent 0.238
  upd 3034 | return    3.200 | deliv   3.20 | blocked 13.5% | idle  0.0% | ent 0.238
  upd 3035 | return    4.300 | deliv   4.30 | blocked 13.5% | idle  0.0% | ent 0.236
  upd 3036 | return    5.100 | deliv   5.10 | blocked 17.1% | idle  0.0% | ent 0.258
  upd 3037 | return    5.900 | deliv   5.90 | blocked 14.2% | idle  0.0% | ent 0.248
  upd 3038 | return    4.400 | deliv   4.40 | blocked 15.0% | idle  0.0% | ent 0.228
  upd 3039 | return    3.400 | deliv   3.40 | blocked 15.0% | idle  0.0% | ent 0.224
  upd 3040 | return    5.100 | deliv   5.10 | blocked 19.6% | idle  0.0% | ent 0.230
  upd 3041 | return    3.400 | deliv   3.40 | blocked 15.6% | idle  0.0% | ent 0.236
  upd 3042 | return    5.100 | deliv   5.10 | blocked 13.9% | idle  0.0% | ent 0.245
  upd 3043 | return    5.800 | deliv   5.80 | blocked 18.2% | idle  0.0% | ent 0.254
  upd 3044 | return    3.300 | deliv   3.30 | blocked 16.1% | idle  0.0% | ent 0.245
  upd 3045 | return    5.200 | deliv   5.20 | blocked 18.6% | idle  0.0% | ent 0.256
  upd 3046 | return    5.000 | deliv   5.00 | blocked 16.6% | idle  0.0% | ent 0.259
  upd 3047 | return    4.700 | deliv   4.70 | blocked 18.1% | idle  0.0% | ent 0.251
  upd 3048 | return    4.600 | deliv   4.60 | blocked 14.0% | idle  0.0% | ent 0.260
  upd 3049 | return    3.800 | deliv   3.80 | blocked 13.5% | idle  0.0% | ent 0.257
  upd 3050 | return    4.500 | deliv   4.50 | blocked 12.5% | idle  0.0% | ent 0.236
  upd 3051 | return    4.100 | deliv   4.10 | blocked 14.2% | idle  0.0% | ent 0.255
  upd 3052 | return    4.300 | deliv   4.30 | blocked 10.6% | idle  0.0% | ent 0.241
  upd 3053 | return    4.500 | deliv   4.50 | blocked 14.4% | idle  0.0% | ent 0.267
  upd 3054 | return    3.400 | deliv   3.40 | blocked 13.8% | idle  0.0% | ent 0.239
  upd 3055 | return    5.100 | deliv   5.10 | blocked 11.4% | idle  0.0% | ent 0.244
  upd 3056 | return    4.200 | deliv   4.20 | blocked 12.2% | idle  0.0% | ent 0.247
  upd 3057 | return    3.800 | deliv   3.80 | blocked 12.7% | idle  0.0% | ent 0.241
  upd 3058 | return    4.000 | deliv   4.00 | blocked  9.8% | idle  0.0% | ent 0.243
  upd 3059 | return    4.600 | deliv   4.60 | blocked 11.6% | idle  0.0% | ent 0.250
  upd 3060 | return    4.700 | deliv   4.70 | blocked 13.6% | idle  0.0% | ent 0.251
  upd 3061 | return    4.300 | deliv   4.30 | blocked 13.6% | idle  0.0% | ent 0.239
  upd 3062 | return    4.100 | deliv   4.10 | blocked 11.8% | idle  0.0% | ent 0.233
  upd 3063 | return    5.400 | deliv   5.40 | blocked  9.6% | idle  0.0% | ent 0.220
  upd 3064 | return    4.600 | deliv   4.60 | blocked 11.3% | idle  0.0% | ent 0.227
  upd 3065 | return    4.300 | deliv   4.30 | blocked 11.4% | idle  0.0% | ent 0.220
  upd 3066 | return    5.100 | deliv   5.10 | blocked 13.1% | idle  0.0% | ent 0.229
  upd 3067 | return    5.300 | deliv   5.30 | blocked 14.1% | idle  0.0% | ent 0.236
  upd 3068 | return    4.100 | deliv   4.10 | blocked 13.9% | idle  0.0% | ent 0.232
  upd 3069 | return    5.500 | deliv   5.50 | blocked 17.4% | idle  0.0% | ent 0.225
  upd 3070 | return    3.300 | deliv   3.30 | blocked 15.1% | idle  0.0% | ent 0.227
  upd 3071 | return    4.400 | deliv   4.40 | blocked 13.9% | idle  0.0% | ent 0.221
  upd 3072 | return    5.100 | deliv   5.10 | blocked 15.8% | idle  0.0% | ent 0.216
  upd 3073 | return    4.200 | deliv   4.20 | blocked 16.8% | idle  0.0% | ent 0.212
  upd 3074 | return    4.800 | deliv   4.80 | blocked 17.7% | idle  0.0% | ent 0.199
  upd 3075 | return    4.100 | deliv   4.10 | blocked 14.8% | idle  0.0% | ent 0.202
  upd 3076 | return    5.000 | deliv   5.00 | blocked 14.2% | idle  0.0% | ent 0.197
  upd 3077 | return    4.800 | deliv   4.80 | blocked 17.7% | idle  0.0% | ent 0.195
  upd 3078 | return    5.500 | deliv   5.50 | blocked 15.9% | idle  0.0% | ent 0.200
  upd 3079 | return    5.300 | deliv   5.30 | blocked 19.2% | idle  0.0% | ent 0.185
  upd 3080 | return    6.300 | deliv   6.30 | blocked 19.8% | idle  0.0% | ent 0.230
  upd 3081 | return    4.600 | deliv   4.60 | blocked 20.2% | idle  0.0% | ent 0.182
  upd 3082 | return    4.300 | deliv   4.30 | blocked 14.1% | idle  0.0% | ent 0.217
  upd 3083 | return    5.200 | deliv   5.20 | blocked 21.1% | idle  0.0% | ent 0.187
  upd 3084 | return    5.300 | deliv   5.30 | blocked 14.5% | idle  0.0% | ent 0.217
  upd 3085 | return    6.400 | deliv   6.40 | blocked 16.2% | idle  0.0% | ent 0.199
  upd 3086 | return    4.700 | deliv   4.70 | blocked 13.3% | idle  0.0% | ent 0.209
  upd 3087 | return    5.400 | deliv   5.40 | blocked 10.8% | idle  0.0% | ent 0.201
  upd 3088 | return    4.200 | deliv   4.20 | blocked 10.7% | idle  0.0% | ent 0.210
  upd 3089 | return    4.400 | deliv   4.40 | blocked 15.5% | idle  0.0% | ent 0.188
  upd 3090 | return    5.200 | deliv   5.20 | blocked 16.5% | idle  0.0% | ent 0.200
  upd 3091 | return    3.200 | deliv   3.20 | blocked 15.8% | idle  0.0% | ent 0.193
  upd 3092 | return    5.700 | deliv   5.70 | blocked 18.7% | idle  0.0% | ent 0.208
  upd 3093 | return    5.500 | deliv   5.50 | blocked 14.4% | idle  0.0% | ent 0.205
  upd 3094 | return    5.900 | deliv   5.90 | blocked 14.3% | idle  0.0% | ent 0.195
  upd 3095 | return    4.000 | deliv   4.00 | blocked 12.3% | idle  0.0% | ent 0.197
  upd 3096 | return    4.600 | deliv   4.60 | blocked 14.1% | idle  0.0% | ent 0.200
  upd 3097 | return    4.400 | deliv   4.40 | blocked 14.2% | idle  0.0% | ent 0.184
  upd 3098 | return    4.800 | deliv   4.80 | blocked 10.9% | idle  0.0% | ent 0.192
  upd 3099 | return    4.900 | deliv   4.90 | blocked 10.1% | idle  0.0% | ent 0.199
  [replay @ update 3100] return 1.00  deliveries 1  -> runs/ippo_tiny-4ag_seed2/replays/replay_upd003100_s0.npz
  upd 3100 | return    4.700 | deliv   4.70 | blocked 13.6% | idle  0.0% | ent 0.204
  upd 3101 | return    5.900 | deliv   5.90 | blocked  9.8% | idle  0.0% | ent 0.211
  upd 3102 | return    3.700 | deliv   3.70 | blocked 11.5% | idle  0.0% | ent 0.200
  upd 3103 | return    4.400 | deliv   4.40 | blocked 10.8% | idle  0.0% | ent 0.203
  upd 3104 | return    4.500 | deliv   4.50 | blocked 12.7% | idle  0.0% | ent 0.195
  upd 3105 | return    4.800 | deliv   4.80 | blocked 10.4% | idle  0.0% | ent 0.208
  upd 3106 | return    4.400 | deliv   4.40 | blocked  8.2% | idle  0.0% | ent 0.210
  upd 3107 | return    7.300 | deliv   7.30 | blocked 11.7% | idle  0.0% | ent 0.214
  upd 3108 | return    4.400 | deliv   4.40 | blocked 11.0% | idle  0.0% | ent 0.207
  upd 3109 | return    5.500 | deliv   5.50 | blocked 15.0% | idle  0.0% | ent 0.220
  upd 3110 | return    4.100 | deliv   4.10 | blocked 11.9% | idle  0.0% | ent 0.220
  upd 3111 | return    4.400 | deliv   4.40 | blocked 12.0% | idle  0.0% | ent 0.214
  upd 3112 | return    6.000 | deliv   6.00 | blocked  9.6% | idle  0.0% | ent 0.213
  upd 3113 | return    4.500 | deliv   4.50 | blocked 11.5% | idle  0.0% | ent 0.225
  upd 3114 | return    5.300 | deliv   5.30 | blocked 13.2% | idle  0.0% | ent 0.220
  upd 3115 | return    5.500 | deliv   5.50 | blocked 10.9% | idle  0.0% | ent 0.222
  upd 3116 | return    5.400 | deliv   5.40 | blocked 14.5% | idle  0.0% | ent 0.219
  upd 3117 | return    4.700 | deliv   4.70 | blocked 10.8% | idle  0.0% | ent 0.221
  upd 3118 | return    5.300 | deliv   5.30 | blocked 11.2% | idle  0.0% | ent 0.230
  upd 3119 | return    4.900 | deliv   4.90 | blocked 11.1% | idle  0.0% | ent 0.246
  upd 3120 | return    5.100 | deliv   5.10 | blocked 14.8% | idle  0.0% | ent 0.234
  upd 3121 | return    4.000 | deliv   4.00 | blocked 15.3% | idle  0.0% | ent 0.267
  upd 3122 | return    4.300 | deliv   4.30 | blocked  8.6% | idle  0.1% | ent 0.273
  upd 3123 | return    6.400 | deliv   6.40 | blocked 11.6% | idle  0.0% | ent 0.258
  upd 3124 | return    7.000 | deliv   7.00 | blocked 10.3% | idle  0.0% | ent 0.261
  upd 3125 | return    5.300 | deliv   5.30 | blocked 10.7% | idle  0.0% | ent 0.258
  upd 3126 | return    6.000 | deliv   6.00 | blocked  8.8% | idle  0.0% | ent 0.261
  upd 3127 | return    3.400 | deliv   3.40 | blocked  9.0% | idle  0.0% | ent 0.257
  upd 3128 | return    6.100 | deliv   6.10 | blocked  9.8% | idle  0.0% | ent 0.278
  upd 3129 | return    6.000 | deliv   6.00 | blocked  9.4% | idle  0.0% | ent 0.269
  upd 3130 | return    4.700 | deliv   4.70 | blocked  8.6% | idle  0.0% | ent 0.270
  upd 3131 | return    5.800 | deliv   5.80 | blocked  8.3% | idle  0.0% | ent 0.271
  upd 3132 | return    5.100 | deliv   5.10 | blocked  8.8% | idle  0.0% | ent 0.257
  upd 3133 | return    4.400 | deliv   4.40 | blocked  8.4% | idle  0.0% | ent 0.243
  upd 3134 | return    4.500 | deliv   4.50 | blocked  8.7% | idle  0.0% | ent 0.253
  upd 3135 | return    5.100 | deliv   5.10 | blocked  8.6% | idle  0.0% | ent 0.262
  upd 3136 | return    5.500 | deliv   5.50 | blocked  9.4% | idle  0.0% | ent 0.251
  upd 3137 | return    4.800 | deliv   4.80 | blocked 12.5% | idle  0.0% | ent 0.258
  upd 3138 | return    4.700 | deliv   4.70 | blocked 11.5% | idle  0.0% | ent 0.281
  upd 3139 | return    5.800 | deliv   5.80 | blocked 12.3% | idle  0.0% | ent 0.275
  upd 3140 | return    4.800 | deliv   4.80 | blocked 11.0% | idle  0.0% | ent 0.245
  upd 3141 | return    5.400 | deliv   5.40 | blocked 11.1% | idle  0.0% | ent 0.239
  upd 3142 | return    6.600 | deliv   6.60 | blocked 13.0% | idle  0.0% | ent 0.266
  upd 3143 | return    6.700 | deliv   6.70 | blocked 12.7% | idle  0.0% | ent 0.256
  upd 3144 | return    5.000 | deliv   5.00 | blocked 10.0% | idle  0.0% | ent 0.242
  upd 3145 | return    4.800 | deliv   4.80 | blocked  9.4% | idle  0.0% | ent 0.225
  upd 3146 | return    2.900 | deliv   2.90 | blocked 10.7% | idle  0.0% | ent 0.234
  upd 3147 | return    6.300 | deliv   6.30 | blocked 12.8% | idle  0.0% | ent 0.258
  upd 3148 | return    5.100 | deliv   5.10 | blocked 13.4% | idle  0.0% | ent 0.249
  upd 3149 | return    4.900 | deliv   4.90 | blocked 13.4% | idle  0.0% | ent 0.261
  upd 3150 | return    5.200 | deliv   5.20 | blocked 12.5% | idle  0.0% | ent 0.248
  upd 3151 | return    7.500 | deliv   7.50 | blocked 14.9% | idle  0.0% | ent 0.253
  upd 3152 | return    6.500 | deliv   6.50 | blocked 12.2% | idle  0.0% | ent 0.228
  upd 3153 | return    5.000 | deliv   5.00 | blocked  9.8% | idle  0.0% | ent 0.226
  upd 3154 | return    5.500 | deliv   5.50 | blocked 13.5% | idle  0.0% | ent 0.240
  upd 3155 | return    4.700 | deliv   4.70 | blocked 11.4% | idle  0.0% | ent 0.234
  upd 3156 | return    3.900 | deliv   3.90 | blocked 13.8% | idle  0.0% | ent 0.229
  upd 3157 | return    3.800 | deliv   3.80 | blocked 11.6% | idle  0.0% | ent 0.228
  upd 3158 | return    5.000 | deliv   5.00 | blocked 13.3% | idle  0.0% | ent 0.238
  upd 3159 | return    2.900 | deliv   2.90 | blocked 10.6% | idle  0.0% | ent 0.230
  upd 3160 | return    5.600 | deliv   5.60 | blocked 11.4% | idle  0.0% | ent 0.258
  upd 3161 | return    5.000 | deliv   5.00 | blocked 12.6% | idle  0.0% | ent 0.229
  upd 3162 | return    3.700 | deliv   3.70 | blocked 16.2% | idle  0.0% | ent 0.248
  upd 3163 | return    4.800 | deliv   4.80 | blocked 15.4% | idle  0.0% | ent 0.220
  upd 3164 | return    5.100 | deliv   5.10 | blocked 17.4% | idle  0.0% | ent 0.258
  upd 3165 | return    4.500 | deliv   4.50 | blocked 14.7% | idle  0.0% | ent 0.223
  upd 3166 | return    3.500 | deliv   3.50 | blocked 13.0% | idle  0.0% | ent 0.248
  upd 3167 | return    6.600 | deliv   6.60 | blocked 13.6% | idle  0.0% | ent 0.246
  upd 3168 | return    6.000 | deliv   6.00 | blocked 16.1% | idle  0.0% | ent 0.252
  upd 3169 | return    4.300 | deliv   4.30 | blocked 15.2% | idle  0.0% | ent 0.224
  upd 3170 | return    4.900 | deliv   4.90 | blocked 13.7% | idle  0.0% | ent 0.233
  upd 3171 | return    5.400 | deliv   5.40 | blocked 11.5% | idle  0.0% | ent 0.220
  upd 3172 | return    6.200 | deliv   6.20 | blocked 14.1% | idle  0.0% | ent 0.234
  upd 3173 | return    6.000 | deliv   6.00 | blocked 17.8% | idle  0.0% | ent 0.234
  upd 3174 | return    5.000 | deliv   5.00 | blocked 14.6% | idle  0.0% | ent 0.237
  upd 3175 | return    3.900 | deliv   3.90 | blocked 11.4% | idle  0.0% | ent 0.217
  upd 3176 | return    5.000 | deliv   5.00 | blocked 10.8% | idle  0.0% | ent 0.222
  upd 3177 | return    4.000 | deliv   4.00 | blocked 12.8% | idle  0.0% | ent 0.211
  upd 3178 | return    3.900 | deliv   3.90 | blocked 12.4% | idle  0.0% | ent 0.240
  upd 3179 | return    4.600 | deliv   4.60 | blocked 14.6% | idle  0.1% | ent 0.225
  upd 3180 | return    4.300 | deliv   4.30 | blocked 13.9% | idle  0.0% | ent 0.216
  upd 3181 | return    5.500 | deliv   5.50 | blocked 13.3% | idle  0.0% | ent 0.213
  upd 3182 | return    4.800 | deliv   4.80 | blocked 14.5% | idle  0.0% | ent 0.209
  upd 3183 | return    6.500 | deliv   6.50 | blocked 21.1% | idle  0.0% | ent 0.223
  upd 3184 | return    3.900 | deliv   3.90 | blocked 19.2% | idle  0.0% | ent 0.226
  upd 3185 | return    5.600 | deliv   5.60 | blocked 16.9% | idle  0.0% | ent 0.217
  upd 3186 | return    3.100 | deliv   3.10 | blocked 17.7% | idle  0.0% | ent 0.241
  upd 3187 | return    2.900 | deliv   2.90 | blocked 16.2% | idle  0.0% | ent 0.225
  upd 3188 | return    4.300 | deliv   4.30 | blocked 15.7% | idle  0.0% | ent 0.224
  upd 3189 | return    5.200 | deliv   5.20 | blocked 17.0% | idle  0.0% | ent 0.227
  upd 3190 | return    4.700 | deliv   4.70 | blocked 17.2% | idle  0.0% | ent 0.242
  upd 3191 | return    4.800 | deliv   4.80 | blocked 15.6% | idle  0.0% | ent 0.240
  upd 3192 | return    5.200 | deliv   5.20 | blocked 15.4% | idle  0.0% | ent 0.224
  upd 3193 | return    5.300 | deliv   5.30 | blocked 15.0% | idle  0.0% | ent 0.234
  upd 3194 | return    4.900 | deliv   4.90 | blocked 14.1% | idle  0.0% | ent 0.219
  upd 3195 | return    5.100 | deliv   5.10 | blocked 14.7% | idle  0.0% | ent 0.238
  upd 3196 | return    5.500 | deliv   5.50 | blocked 15.3% | idle  0.0% | ent 0.217
  upd 3197 | return    4.400 | deliv   4.40 | blocked 18.6% | idle  0.0% | ent 0.216
  upd 3198 | return    5.400 | deliv   5.40 | blocked 16.6% | idle  0.0% | ent 0.229
  upd 3199 | return    5.200 | deliv   5.20 | blocked 15.9% | idle  0.0% | ent 0.240
  [replay @ update 3200] return 2.00  deliveries 2  -> runs/ippo_tiny-4ag_seed2/replays/replay_upd003200_s0.npz
  upd 3200 | return    6.000 | deliv   6.00 | blocked 17.1% | idle  0.0% | ent 0.267
  upd 3201 | return    3.500 | deliv   3.50 | blocked 16.4% | idle  0.0% | ent 0.241
  upd 3202 | return    4.800 | deliv   4.80 | blocked 17.0% | idle  0.2% | ent 0.245
  upd 3203 | return    4.900 | deliv   4.90 | blocked 14.8% | idle  0.0% | ent 0.231
  upd 3204 | return    5.200 | deliv   5.20 | blocked 13.9% | idle  0.0% | ent 0.237
  upd 3205 | return    4.900 | deliv   4.90 | blocked 13.2% | idle  0.1% | ent 0.262
  upd 3206 | return    4.800 | deliv   4.80 | blocked 12.5% | idle  0.0% | ent 0.239
  upd 3207 | return    5.000 | deliv   5.00 | blocked 12.0% | idle  0.0% | ent 0.232
  upd 3208 | return    4.400 | deliv   4.40 | blocked 10.2% | idle  0.0% | ent 0.254
  upd 3209 | return    4.800 | deliv   4.80 | blocked  9.6% | idle  0.0% | ent 0.248
  upd 3210 | return    6.000 | deliv   6.00 | blocked 11.1% | idle  0.0% | ent 0.247
  upd 3211 | return    5.100 | deliv   5.10 | blocked 11.0% | idle  0.0% | ent 0.260
  upd 3212 | return    4.200 | deliv   4.20 | blocked  9.5% | idle  0.0% | ent 0.225
  upd 3213 | return    6.700 | deliv   6.70 | blocked 13.7% | idle  0.0% | ent 0.232
  upd 3214 | return    5.300 | deliv   5.30 | blocked 10.5% | idle  0.0% | ent 0.220
  upd 3215 | return    4.500 | deliv   4.50 | blocked 10.5% | idle  0.0% | ent 0.228
  upd 3216 | return    5.400 | deliv   5.40 | blocked 12.0% | idle  0.0% | ent 0.249
  upd 3217 | return    5.200 | deliv   5.20 | blocked 10.1% | idle  0.0% | ent 0.223
  upd 3218 | return    3.100 | deliv   3.10 | blocked 11.2% | idle  0.0% | ent 0.225
  upd 3219 | return    4.800 | deliv   4.80 | blocked 15.1% | idle  0.0% | ent 0.259
  upd 3220 | return    5.100 | deliv   5.10 | blocked 13.7% | idle  0.0% | ent 0.238
  upd 3221 | return    4.700 | deliv   4.70 | blocked 12.1% | idle  0.0% | ent 0.235
  upd 3222 | return    5.200 | deliv   5.20 | blocked 12.4% | idle  0.0% | ent 0.226
  upd 3223 | return    4.400 | deliv   4.40 | blocked 11.1% | idle  0.0% | ent 0.225
  upd 3224 | return    5.400 | deliv   5.40 | blocked 12.1% | idle  0.0% | ent 0.257
  upd 3225 | return    5.700 | deliv   5.70 | blocked 14.0% | idle  0.0% | ent 0.254
  upd 3226 | return    4.900 | deliv   4.90 | blocked 14.6% | idle  0.0% | ent 0.260
  upd 3227 | return    4.800 | deliv   4.80 | blocked 13.0% | idle  0.0% | ent 0.238
  upd 3228 | return    3.400 | deliv   3.40 | blocked 12.9% | idle  0.0% | ent 0.210
  upd 3229 | return    3.600 | deliv   3.60 | blocked 12.4% | idle  0.0% | ent 0.218
  upd 3230 | return    4.300 | deliv   4.30 | blocked 13.3% | idle  0.0% | ent 0.229
  upd 3231 | return    5.600 | deliv   5.60 | blocked 15.7% | idle  0.0% | ent 0.246
  upd 3232 | return    6.600 | deliv   6.60 | blocked 15.1% | idle  0.0% | ent 0.246
  upd 3233 | return    4.900 | deliv   4.90 | blocked 14.5% | idle  0.0% | ent 0.244
  upd 3234 | return    5.300 | deliv   5.30 | blocked 13.8% | idle  0.0% | ent 0.237
  upd 3235 | return    4.200 | deliv   4.20 | blocked 12.9% | idle  0.0% | ent 0.212
  upd 3236 | return    3.200 | deliv   3.20 | blocked 14.4% | idle  0.0% | ent 0.216
  upd 3237 | return    5.900 | deliv   5.90 | blocked 15.5% | idle  0.0% | ent 0.239
  upd 3238 | return    4.200 | deliv   4.20 | blocked 16.1% | idle  0.0% | ent 0.238
  upd 3239 | return    4.900 | deliv   4.90 | blocked 17.0% | idle  0.1% | ent 0.268
  upd 3240 | return    4.900 | deliv   4.90 | blocked 14.7% | idle  0.0% | ent 0.215
  upd 3241 | return    4.400 | deliv   4.40 | blocked 15.9% | idle  0.1% | ent 0.279
  upd 3242 | return    4.500 | deliv   4.50 | blocked 18.2% | idle  0.0% | ent 0.256
  upd 3243 | return    4.700 | deliv   4.70 | blocked 18.4% | idle  0.0% | ent 0.243
  upd 3244 | return    4.800 | deliv   4.80 | blocked 17.3% | idle  0.1% | ent 0.281
  upd 3245 | return    5.100 | deliv   5.10 | blocked 17.2% | idle  0.1% | ent 0.243
  upd 3246 | return    4.500 | deliv   4.50 | blocked 17.8% | idle  0.0% | ent 0.243
  upd 3247 | return    5.400 | deliv   5.40 | blocked 16.8% | idle  0.0% | ent 0.268
  upd 3248 | return    4.600 | deliv   4.60 | blocked 14.0% | idle  0.0% | ent 0.255
  upd 3249 | return    4.600 | deliv   4.60 | blocked 13.5% | idle  0.1% | ent 0.237
  upd 3250 | return    5.400 | deliv   5.40 | blocked 16.6% | idle  0.1% | ent 0.270
  upd 3251 | return    5.500 | deliv   5.50 | blocked 16.2% | idle  0.1% | ent 0.261
  upd 3252 | return    5.300 | deliv   5.30 | blocked 12.2% | idle  0.0% | ent 0.248
  upd 3253 | return    4.400 | deliv   4.40 | blocked 12.2% | idle  0.0% | ent 0.237
  upd 3254 | return    4.600 | deliv   4.60 | blocked 12.1% | idle  0.0% | ent 0.260
  upd 3255 | return    3.700 | deliv   3.70 | blocked  9.5% | idle  0.0% | ent 0.219
  upd 3256 | return    5.800 | deliv   5.80 | blocked  9.8% | idle  0.0% | ent 0.224
  upd 3257 | return    4.900 | deliv   4.90 | blocked 11.6% | idle  0.0% | ent 0.235
  upd 3258 | return    6.100 | deliv   6.10 | blocked 11.3% | idle  0.0% | ent 0.228
  upd 3259 | return    4.200 | deliv   4.20 | blocked 10.6% | idle  0.0% | ent 0.227
  upd 3260 | return    3.900 | deliv   3.90 | blocked 10.2% | idle  0.0% | ent 0.237
  upd 3261 | return    5.800 | deliv   5.80 | blocked 10.6% | idle  0.0% | ent 0.226
  upd 3262 | return    3.900 | deliv   3.90 | blocked  9.7% | idle  0.0% | ent 0.230
  upd 3263 | return    4.700 | deliv   4.70 | blocked  9.3% | idle  0.0% | ent 0.225
  upd 3264 | return    4.100 | deliv   4.10 | blocked  9.7% | idle  0.0% | ent 0.230
  upd 3265 | return    4.000 | deliv   4.00 | blocked  9.7% | idle  0.0% | ent 0.202
  upd 3266 | return    4.700 | deliv   4.70 | blocked 10.5% | idle  0.0% | ent 0.226
  upd 3267 | return    4.600 | deliv   4.60 | blocked  9.8% | idle  0.0% | ent 0.240
  upd 3268 | return    4.800 | deliv   4.80 | blocked 12.3% | idle  0.1% | ent 0.240
  upd 3269 | return    4.500 | deliv   4.50 | blocked 13.3% | idle  0.0% | ent 0.249
  upd 3270 | return    3.400 | deliv   3.40 | blocked 11.6% | idle  0.0% | ent 0.219
  upd 3271 | return    5.700 | deliv   5.70 | blocked 13.6% | idle  0.1% | ent 0.249
  upd 3272 | return    5.200 | deliv   5.20 | blocked 13.2% | idle  0.1% | ent 0.232
  upd 3273 | return    5.800 | deliv   5.80 | blocked 12.7% | idle  0.1% | ent 0.235
  upd 3274 | return    5.300 | deliv   5.30 | blocked 10.1% | idle  0.0% | ent 0.231
  upd 3275 | return    4.200 | deliv   4.20 | blocked  9.5% | idle  0.1% | ent 0.215
  upd 3276 | return    5.700 | deliv   5.70 | blocked 10.9% | idle  0.1% | ent 0.241
  upd 3277 | return    4.300 | deliv   4.30 | blocked  9.7% | idle  0.1% | ent 0.204
  upd 3278 | return    3.600 | deliv   3.60 | blocked 11.9% | idle  0.0% | ent 0.213
  upd 3279 | return    4.900 | deliv   4.90 | blocked 10.2% | idle  0.1% | ent 0.214
  upd 3280 | return    4.300 | deliv   4.30 | blocked  9.8% | idle  0.1% | ent 0.250
  upd 3281 | return    4.700 | deliv   4.70 | blocked  9.7% | idle  0.1% | ent 0.205
  upd 3282 | return    5.300 | deliv   5.30 | blocked  9.7% | idle  0.1% | ent 0.206
  upd 3283 | return    5.800 | deliv   5.80 | blocked  9.2% | idle  0.1% | ent 0.227
  upd 3284 | return    4.400 | deliv   4.40 | blocked  8.8% | idle  0.1% | ent 0.205
  upd 3285 | return    5.200 | deliv   5.20 | blocked  8.8% | idle  0.0% | ent 0.227
  upd 3286 | return    5.700 | deliv   5.70 | blocked 11.1% | idle  0.1% | ent 0.231
  upd 3287 | return    4.800 | deliv   4.80 | blocked 10.1% | idle  0.0% | ent 0.211
  upd 3288 | return    5.700 | deliv   5.70 | blocked 11.4% | idle  0.0% | ent 0.221
  upd 3289 | return    4.800 | deliv   4.80 | blocked 12.0% | idle  0.0% | ent 0.214
  upd 3290 | return    5.800 | deliv   5.80 | blocked 11.7% | idle  0.0% | ent 0.228
  upd 3291 | return    4.200 | deliv   4.20 | blocked 13.1% | idle  0.1% | ent 0.217
  upd 3292 | return    3.100 | deliv   3.10 | blocked 13.3% | idle  0.0% | ent 0.209
  upd 3293 | return    6.400 | deliv   6.40 | blocked 11.2% | idle  0.1% | ent 0.224
  upd 3294 | return    5.600 | deliv   5.60 | blocked  9.0% | idle  0.1% | ent 0.219
  upd 3295 | return    4.600 | deliv   4.60 | blocked 10.4% | idle  0.1% | ent 0.225
  upd 3296 | return    4.900 | deliv   4.90 | blocked 10.3% | idle  0.1% | ent 0.206
  upd 3297 | return    3.100 | deliv   3.10 | blocked 10.0% | idle  0.0% | ent 0.187
  upd 3298 | return    6.200 | deliv   6.20 | blocked 10.3% | idle  0.1% | ent 0.225
  upd 3299 | return    5.300 | deliv   5.30 | blocked 11.8% | idle  0.0% | ent 0.195
  [replay @ update 3300] return 3.00  deliveries 3  -> runs/ippo_tiny-4ag_seed2/replays/replay_upd003300_s0.npz
  upd 3300 | return    6.800 | deliv   6.80 | blocked 10.6% | idle  0.1% | ent 0.202
  upd 3301 | return    4.000 | deliv   4.00 | blocked 11.2% | idle  0.1% | ent 0.194
  upd 3302 | return    5.400 | deliv   5.40 | blocked 10.3% | idle  0.0% | ent 0.194
  upd 3303 | return    5.200 | deliv   5.20 | blocked  9.6% | idle  0.0% | ent 0.180
  upd 3304 | return    5.000 | deliv   5.00 | blocked 10.2% | idle  0.0% | ent 0.194
  upd 3305 | return    3.800 | deliv   3.80 | blocked 11.0% | idle  0.0% | ent 0.187
  upd 3306 | return    3.500 | deliv   3.50 | blocked 10.3% | idle  0.0% | ent 0.176
  upd 3307 | return    4.900 | deliv   4.90 | blocked 10.5% | idle  0.0% | ent 0.197
  upd 3308 | return    5.700 | deliv   5.70 | blocked 10.7% | idle  0.0% | ent 0.197
  upd 3309 | return    4.700 | deliv   4.70 | blocked  9.8% | idle  0.0% | ent 0.199
  upd 3310 | return    4.600 | deliv   4.60 | blocked 10.1% | idle  0.0% | ent 0.194
  upd 3311 | return    4.700 | deliv   4.70 | blocked  8.8% | idle  0.0% | ent 0.211
  upd 3312 | return    5.500 | deliv   5.50 | blocked 10.3% | idle  0.1% | ent 0.221
  upd 3313 | return    4.900 | deliv   4.90 | blocked  9.9% | idle  0.1% | ent 0.211
  upd 3314 | return    5.500 | deliv   5.50 | blocked  9.9% | idle  0.1% | ent 0.219
  upd 3315 | return    4.900 | deliv   4.90 | blocked 11.3% | idle  0.0% | ent 0.193
  upd 3316 | return    8.400 | deliv   8.40 | blocked 10.7% | idle  0.0% | ent 0.199
  upd 3317 | return    6.400 | deliv   6.40 | blocked 11.9% | idle  0.0% | ent 0.189
  upd 3318 | return    5.700 | deliv   5.70 | blocked 13.0% | idle  0.1% | ent 0.193
  upd 3319 | return    5.800 | deliv   5.80 | blocked 14.0% | idle  0.1% | ent 0.213
  upd 3320 | return    3.600 | deliv   3.60 | blocked 13.3% | idle  0.1% | ent 0.231
  upd 3321 | return    6.200 | deliv   6.20 | blocked 12.6% | idle  0.2% | ent 0.260
  upd 3322 | return    3.500 | deliv   3.50 | blocked 13.4% | idle  0.1% | ent 0.209
  upd 3323 | return    5.900 | deliv   5.90 | blocked 15.4% | idle  0.1% | ent 0.242
  upd 3324 | return    3.800 | deliv   3.80 | blocked 15.1% | idle  0.0% | ent 0.200
  upd 3325 | return    5.400 | deliv   5.40 | blocked 12.9% | idle  0.1% | ent 0.216
  upd 3326 | return    6.800 | deliv   6.80 | blocked 14.8% | idle  0.0% | ent 0.212
  upd 3327 | return    6.100 | deliv   6.10 | blocked 13.9% | idle  0.1% | ent 0.200
  upd 3328 | return    6.700 | deliv   6.70 | blocked 11.7% | idle  0.0% | ent 0.183
  upd 3329 | return    5.700 | deliv   5.70 | blocked 12.3% | idle  0.0% | ent 0.199
  upd 3330 | return    4.100 | deliv   4.10 | blocked 11.3% | idle  0.0% | ent 0.191
  upd 3331 | return    4.500 | deliv   4.50 | blocked 11.5% | idle  0.0% | ent 0.189
  upd 3332 | return    5.700 | deliv   5.70 | blocked 12.1% | idle  0.0% | ent 0.189
  upd 3333 | return    5.600 | deliv   5.60 | blocked 11.7% | idle  0.1% | ent 0.201
  upd 3334 | return    5.300 | deliv   5.30 | blocked 11.7% | idle  0.1% | ent 0.180
  upd 3335 | return    5.100 | deliv   5.10 | blocked 11.6% | idle  0.0% | ent 0.191
  upd 3336 | return    4.000 | deliv   4.00 | blocked 10.7% | idle  0.0% | ent 0.181
  upd 3337 | return    5.800 | deliv   5.80 | blocked 12.8% | idle  0.0% | ent 0.195
  upd 3338 | return    4.700 | deliv   4.70 | blocked 11.8% | idle  0.0% | ent 0.200
  upd 3339 | return    3.300 | deliv   3.30 | blocked 14.6% | idle  0.0% | ent 0.207
  upd 3340 | return    4.900 | deliv   4.90 | blocked 12.1% | idle  0.1% | ent 0.191
  upd 3341 | return    4.000 | deliv   4.00 | blocked 13.5% | idle  0.1% | ent 0.196
  upd 3342 | return    5.300 | deliv   5.30 | blocked 11.8% | idle  0.1% | ent 0.203
  upd 3343 | return    6.800 | deliv   6.80 | blocked 11.7% | idle  0.1% | ent 0.210
  upd 3344 | return    5.100 | deliv   5.10 | blocked 12.8% | idle  0.1% | ent 0.203
  upd 3345 | return    5.400 | deliv   5.40 | blocked 14.1% | idle  0.0% | ent 0.193
  upd 3346 | return    3.800 | deliv   3.80 | blocked 13.0% | idle  0.0% | ent 0.196
  upd 3347 | return    7.200 | deliv   7.20 | blocked 11.6% | idle  0.1% | ent 0.207
  upd 3348 | return    5.700 | deliv   5.70 | blocked 11.5% | idle  0.1% | ent 0.204
  upd 3349 | return    4.400 | deliv   4.40 | blocked 12.0% | idle  0.1% | ent 0.219
  upd 3350 | return    6.600 | deliv   6.60 | blocked 10.2% | idle  0.1% | ent 0.208
  upd 3351 | return    5.400 | deliv   5.40 | blocked  9.6% | idle  0.2% | ent 0.227
  upd 3352 | return    4.000 | deliv   4.00 | blocked 12.2% | idle  0.1% | ent 0.226
  upd 3353 | return    4.500 | deliv   4.50 | blocked 11.9% | idle  0.1% | ent 0.220
  upd 3354 | return    3.900 | deliv   3.90 | blocked 12.1% | idle  0.0% | ent 0.216
  upd 3355 | return    6.500 | deliv   6.50 | blocked 11.2% | idle  0.2% | ent 0.218
  upd 3356 | return    5.500 | deliv   5.50 | blocked  9.5% | idle  0.2% | ent 0.221
  upd 3357 | return    6.600 | deliv   6.60 | blocked 11.1% | idle  0.2% | ent 0.218
  upd 3358 | return    5.300 | deliv   5.30 | blocked 10.6% | idle  0.3% | ent 0.219
  upd 3359 | return    4.700 | deliv   4.70 | blocked 12.0% | idle  0.1% | ent 0.188
  upd 3360 | return    6.300 | deliv   6.30 | blocked 10.4% | idle  0.2% | ent 0.203
  upd 3361 | return    5.400 | deliv   5.40 | blocked  9.7% | idle  0.2% | ent 0.190
  upd 3362 | return    6.600 | deliv   6.60 | blocked 10.5% | idle  0.2% | ent 0.207
  upd 3363 | return    4.300 | deliv   4.30 | blocked  9.9% | idle  0.3% | ent 0.199
  upd 3364 | return    6.200 | deliv   6.20 | blocked 11.2% | idle  0.2% | ent 0.211
  upd 3365 | return    5.100 | deliv   5.10 | blocked 11.4% | idle  0.1% | ent 0.210
  upd 3366 | return    4.500 | deliv   4.50 | blocked 10.0% | idle  0.1% | ent 0.188
  upd 3367 | return    6.100 | deliv   6.10 | blocked 10.2% | idle  0.3% | ent 0.218
  upd 3368 | return    6.200 | deliv   6.20 | blocked  9.9% | idle  0.3% | ent 0.213
  upd 3369 | return    4.300 | deliv   4.30 | blocked 10.2% | idle  0.2% | ent 0.200
  upd 3370 | return    5.100 | deliv   5.10 | blocked 10.7% | idle  0.3% | ent 0.207
  upd 3371 | return    4.100 | deliv   4.10 | blocked  9.7% | idle  0.3% | ent 0.211
  upd 3372 | return    4.500 | deliv   4.50 | blocked 10.3% | idle  0.1% | ent 0.191
  upd 3373 | return    5.800 | deliv   5.80 | blocked 10.0% | idle  0.3% | ent 0.230
  upd 3374 | return    4.500 | deliv   4.50 | blocked 11.0% | idle  0.1% | ent 0.211
  upd 3375 | return    5.400 | deliv   5.40 | blocked 12.5% | idle  0.2% | ent 0.236
  upd 3376 | return    7.100 | deliv   7.10 | blocked  9.3% | idle  0.3% | ent 0.225
  upd 3377 | return    5.500 | deliv   5.50 | blocked  9.2% | idle  0.2% | ent 0.215
  upd 3378 | return    5.500 | deliv   5.50 | blocked 11.4% | idle  0.5% | ent 0.232
  upd 3379 | return    6.100 | deliv   6.10 | blocked 12.2% | idle  0.6% | ent 0.240
  upd 3380 | return    7.100 | deliv   7.10 | blocked 10.7% | idle  0.5% | ent 0.246
  upd 3381 | return    6.200 | deliv   6.20 | blocked 12.3% | idle  0.6% | ent 0.232
  upd 3382 | return    5.900 | deliv   5.90 | blocked  8.6% | idle  0.2% | ent 0.219
  upd 3383 | return    5.100 | deliv   5.10 | blocked 12.2% | idle  0.3% | ent 0.211
  upd 3384 | return    5.000 | deliv   5.00 | blocked 11.5% | idle  0.3% | ent 0.222
  upd 3385 | return    5.300 | deliv   5.30 | blocked 11.2% | idle  0.1% | ent 0.207
  upd 3386 | return    2.900 | deliv   2.90 | blocked 12.3% | idle  0.1% | ent 0.201
  upd 3387 | return    3.400 | deliv   3.40 | blocked 11.5% | idle  0.1% | ent 0.219
  upd 3388 | return    6.200 | deliv   6.20 | blocked 10.9% | idle  0.1% | ent 0.228
  upd 3389 | return    6.300 | deliv   6.30 | blocked 10.6% | idle  0.1% | ent 0.222
  upd 3390 | return    3.800 | deliv   3.80 | blocked  8.3% | idle  0.0% | ent 0.213
  upd 3391 | return    6.800 | deliv   6.80 | blocked  8.8% | idle  0.2% | ent 0.234
  upd 3392 | return    6.500 | deliv   6.50 | blocked 10.7% | idle  0.0% | ent 0.193
  upd 3393 | return    5.900 | deliv   5.90 | blocked 10.7% | idle  0.1% | ent 0.197
  upd 3394 | return    5.100 | deliv   5.10 | blocked  9.9% | idle  0.0% | ent 0.193
  upd 3395 | return    5.200 | deliv   5.20 | blocked 10.2% | idle  0.0% | ent 0.193
  upd 3396 | return    3.900 | deliv   3.90 | blocked 10.4% | idle  0.0% | ent 0.205
  upd 3397 | return    3.100 | deliv   3.10 | blocked  9.7% | idle  0.0% | ent 0.188
  upd 3398 | return    5.100 | deliv   5.10 | blocked 10.0% | idle  0.0% | ent 0.197
  upd 3399 | return    4.500 | deliv   4.50 | blocked  8.2% | idle  0.0% | ent 0.186
  [replay @ update 3400] return 4.00  deliveries 4  -> runs/ippo_tiny-4ag_seed2/replays/replay_upd003400_s0.npz
  upd 3400 | return    3.900 | deliv   3.90 | blocked  9.3% | idle  0.0% | ent 0.196
  upd 3401 | return    5.000 | deliv   5.00 | blocked  9.7% | idle  0.0% | ent 0.207
  upd 3402 | return    5.600 | deliv   5.60 | blocked 10.7% | idle  0.0% | ent 0.209
  upd 3403 | return    4.400 | deliv   4.40 | blocked 10.5% | idle  0.0% | ent 0.199
  upd 3404 | return    5.700 | deliv   5.70 | blocked 10.5% | idle  0.0% | ent 0.210
  upd 3405 | return    4.500 | deliv   4.50 | blocked 11.4% | idle  0.0% | ent 0.192
  upd 3406 | return    3.800 | deliv   3.80 | blocked  9.9% | idle  0.0% | ent 0.208
  upd 3407 | return    5.500 | deliv   5.50 | blocked  9.5% | idle  0.0% | ent 0.195
  upd 3408 | return    6.100 | deliv   6.10 | blocked  7.1% | idle  0.0% | ent 0.216
  upd 3409 | return    6.400 | deliv   6.40 | blocked  8.1% | idle  0.0% | ent 0.200
  upd 3410 | return    4.600 | deliv   4.60 | blocked  8.9% | idle  0.0% | ent 0.207
  upd 3411 | return    3.100 | deliv   3.10 | blocked  7.9% | idle  0.0% | ent 0.202
  upd 3412 | return    4.200 | deliv   4.20 | blocked  6.4% | idle  0.0% | ent 0.200
  upd 3413 | return    4.800 | deliv   4.80 | blocked 10.2% | idle  0.0% | ent 0.204
  upd 3414 | return    5.400 | deliv   5.40 | blocked  8.1% | idle  0.0% | ent 0.201
  upd 3415 | return    6.100 | deliv   6.10 | blocked 10.2% | idle  0.1% | ent 0.217
  upd 3416 | return    4.100 | deliv   4.10 | blocked 11.9% | idle  0.0% | ent 0.204
  upd 3417 | return    6.400 | deliv   6.40 | blocked  9.1% | idle  0.0% | ent 0.216
  upd 3418 | return    3.900 | deliv   3.90 | blocked 10.8% | idle  0.0% | ent 0.199
  upd 3419 | return    3.500 | deliv   3.50 | blocked 11.1% | idle  0.0% | ent 0.194
  upd 3420 | return    3.000 | deliv   3.00 | blocked 10.9% | idle  0.0% | ent 0.211
  upd 3421 | return    4.200 | deliv   4.20 | blocked 10.6% | idle  0.0% | ent 0.195
  upd 3422 | return    4.000 | deliv   4.00 | blocked  8.7% | idle  0.0% | ent 0.198
  upd 3423 | return    5.600 | deliv   5.60 | blocked 11.8% | idle  0.0% | ent 0.202
  upd 3424 | return    4.500 | deliv   4.50 | blocked 10.2% | idle  0.0% | ent 0.202
  upd 3425 | return    4.900 | deliv   4.90 | blocked 12.2% | idle  0.0% | ent 0.185
  upd 3426 | return    3.900 | deliv   3.90 | blocked 12.9% | idle  0.0% | ent 0.185
  upd 3427 | return    4.800 | deliv   4.80 | blocked 12.3% | idle  0.0% | ent 0.176
  upd 3428 | return    5.700 | deliv   5.70 | blocked 14.2% | idle  0.1% | ent 0.197
  upd 3429 | return    4.000 | deliv   4.00 | blocked 13.1% | idle  0.0% | ent 0.189
  upd 3430 | return    6.000 | deliv   6.00 | blocked 14.6% | idle  0.1% | ent 0.211
  upd 3431 | return    6.600 | deliv   6.60 | blocked 14.0% | idle  0.1% | ent 0.206
  upd 3432 | return    6.900 | deliv   6.90 | blocked 13.4% | idle  0.1% | ent 0.196
  upd 3433 | return    7.100 | deliv   7.10 | blocked 12.2% | idle  0.0% | ent 0.189
  upd 3434 | return    5.000 | deliv   5.00 | blocked 12.5% | idle  0.1% | ent 0.201
  upd 3435 | return    7.000 | deliv   7.00 | blocked 13.9% | idle  0.1% | ent 0.186
  upd 3436 | return    6.700 | deliv   6.70 | blocked 13.4% | idle  0.0% | ent 0.179
  upd 3437 | return    6.700 | deliv   6.70 | blocked 16.0% | idle  0.0% | ent 0.193
  upd 3438 | return    4.700 | deliv   4.70 | blocked 14.4% | idle  0.0% | ent 0.183
  upd 3439 | return    4.800 | deliv   4.80 | blocked 16.9% | idle  0.0% | ent 0.171
  upd 3440 | return    4.500 | deliv   4.50 | blocked 16.1% | idle  0.0% | ent 0.175
  upd 3441 | return    4.000 | deliv   4.00 | blocked 15.7% | idle  0.0% | ent 0.175
  upd 3442 | return    5.400 | deliv   5.40 | blocked 16.2% | idle  0.0% | ent 0.170
  upd 3443 | return    4.600 | deliv   4.60 | blocked 16.2% | idle  0.0% | ent 0.167
  upd 3444 | return    4.500 | deliv   4.50 | blocked 12.6% | idle  0.0% | ent 0.176
  upd 3445 | return    3.700 | deliv   3.70 | blocked 12.4% | idle  0.1% | ent 0.178
  upd 3446 | return    7.400 | deliv   7.40 | blocked 14.3% | idle  0.0% | ent 0.167
  upd 3447 | return    4.600 | deliv   4.60 | blocked 13.0% | idle  0.1% | ent 0.176
  upd 3448 | return    5.300 | deliv   5.30 | blocked 13.2% | idle  0.1% | ent 0.172
  upd 3449 | return    6.500 | deliv   6.50 | blocked 12.3% | idle  0.1% | ent 0.164
  upd 3450 | return    6.300 | deliv   6.30 | blocked 11.8% | idle  0.0% | ent 0.167
  upd 3451 | return    4.700 | deliv   4.70 | blocked 13.7% | idle  0.1% | ent 0.174
  upd 3452 | return    7.000 | deliv   7.00 | blocked 12.1% | idle  0.2% | ent 0.210
  upd 3453 | return    4.700 | deliv   4.70 | blocked 11.8% | idle  0.1% | ent 0.171
  upd 3454 | return    5.500 | deliv   5.50 | blocked 12.5% | idle  0.2% | ent 0.179
  upd 3455 | return    6.100 | deliv   6.10 | blocked 15.0% | idle  0.1% | ent 0.176
  upd 3456 | return    7.700 | deliv   7.70 | blocked 12.2% | idle  0.1% | ent 0.178
  upd 3457 | return    4.200 | deliv   4.20 | blocked 14.0% | idle  0.1% | ent 0.147
  upd 3458 | return    6.600 | deliv   6.60 | blocked 16.5% | idle  0.0% | ent 0.160
  upd 3459 | return    4.700 | deliv   4.70 | blocked 11.8% | idle  0.1% | ent 0.166
  upd 3460 | return    4.800 | deliv   4.80 | blocked 12.6% | idle  0.1% | ent 0.174
  upd 3461 | return    5.400 | deliv   5.40 | blocked  9.4% | idle  0.1% | ent 0.199
  upd 3462 | return    6.300 | deliv   6.30 | blocked 13.4% | idle  0.1% | ent 0.172
  upd 3463 | return    4.700 | deliv   4.70 | blocked 10.8% | idle  0.0% | ent 0.162
  upd 3464 | return    5.400 | deliv   5.40 | blocked 13.1% | idle  0.0% | ent 0.133
  upd 3465 | return    6.400 | deliv   6.40 | blocked 12.5% | idle  0.0% | ent 0.151
  upd 3466 | return    5.800 | deliv   5.80 | blocked 13.8% | idle  0.0% | ent 0.142
  upd 3467 | return    5.500 | deliv   5.50 | blocked 14.0% | idle  0.1% | ent 0.177
  upd 3468 | return    4.100 | deliv   4.10 | blocked 14.1% | idle  0.0% | ent 0.152
  upd 3469 | return    8.200 | deliv   8.20 | blocked 14.2% | idle  0.0% | ent 0.138
  upd 3470 | return    5.700 | deliv   5.70 | blocked 14.8% | idle  0.0% | ent 0.141
  upd 3471 | return    5.000 | deliv   5.00 | blocked 14.0% | idle  0.0% | ent 0.142
  upd 3472 | return    6.100 | deliv   6.10 | blocked 15.5% | idle  0.0% | ent 0.129
  upd 3473 | return    7.000 | deliv   7.00 | blocked 13.6% | idle  0.0% | ent 0.122
  upd 3474 | return    5.700 | deliv   5.70 | blocked 14.1% | idle  0.0% | ent 0.130
  upd 3475 | return    3.700 | deliv   3.70 | blocked 14.0% | idle  0.0% | ent 0.132
  upd 3476 | return    5.500 | deliv   5.50 | blocked 15.3% | idle  0.0% | ent 0.145
  upd 3477 | return    6.300 | deliv   6.30 | blocked 12.2% | idle  0.0% | ent 0.139
  upd 3478 | return    6.300 | deliv   6.30 | blocked 11.0% | idle  0.0% | ent 0.137
  upd 3479 | return    5.500 | deliv   5.50 | blocked 11.5% | idle  0.0% | ent 0.143
  upd 3480 | return    6.400 | deliv   6.40 | blocked 10.7% | idle  0.0% | ent 0.140
  upd 3481 | return    5.400 | deliv   5.40 | blocked  9.6% | idle  0.0% | ent 0.154
  upd 3482 | return    3.700 | deliv   3.70 | blocked  8.7% | idle  0.0% | ent 0.151
  upd 3483 | return    7.200 | deliv   7.20 | blocked  9.1% | idle  0.0% | ent 0.157
  upd 3484 | return    5.700 | deliv   5.70 | blocked  6.7% | idle  0.0% | ent 0.144
  upd 3485 | return    4.800 | deliv   4.80 | blocked  6.0% | idle  0.0% | ent 0.164
  upd 3486 | return    5.700 | deliv   5.70 | blocked  9.9% | idle  0.0% | ent 0.140
  upd 3487 | return    5.100 | deliv   5.10 | blocked  6.6% | idle  0.1% | ent 0.162
  upd 3488 | return    4.400 | deliv   4.40 | blocked  5.8% | idle  0.0% | ent 0.157
  upd 3489 | return    5.700 | deliv   5.70 | blocked  5.2% | idle  0.0% | ent 0.163
  upd 3490 | return    6.400 | deliv   6.40 | blocked  4.1% | idle  0.1% | ent 0.174
  upd 3491 | return    7.500 | deliv   7.50 | blocked  7.3% | idle  0.0% | ent 0.153
  upd 3492 | return    4.600 | deliv   4.60 | blocked  7.4% | idle  0.1% | ent 0.154
  upd 3493 | return    6.100 | deliv   6.10 | blocked 10.6% | idle  0.1% | ent 0.153
  upd 3494 | return    3.300 | deliv   3.30 | blocked  4.6% | idle  0.0% | ent 0.148
  upd 3495 | return    3.500 | deliv   3.50 | blocked  7.2% | idle  0.0% | ent 0.124
  upd 3496 | return    4.900 | deliv   4.90 | blocked  8.4% | idle  0.0% | ent 0.121
  upd 3497 | return    7.400 | deliv   7.40 | blocked  7.2% | idle  0.0% | ent 0.125
  upd 3498 | return    7.600 | deliv   7.60 | blocked  9.1% | idle  0.0% | ent 0.151
  upd 3499 | return    5.600 | deliv   5.60 | blocked  6.4% | idle  0.0% | ent 0.136
  [replay @ update 3500] return 3.00  deliveries 3  -> runs/ippo_tiny-4ag_seed2/replays/replay_upd003500_s0.npz
  upd 3500 | return    4.900 | deliv   4.90 | blocked  8.3% | idle  0.0% | ent 0.098
  upd 3501 | return    5.600 | deliv   5.60 | blocked  5.5% | idle  0.0% | ent 0.122
  upd 3502 | return    5.000 | deliv   5.00 | blocked  7.6% | idle  0.0% | ent 0.122
  upd 3503 | return    5.600 | deliv   5.60 | blocked  5.0% | idle  0.0% | ent 0.130
  upd 3504 | return    5.600 | deliv   5.60 | blocked  5.1% | idle  0.2% | ent 0.197
  upd 3505 | return    6.500 | deliv   6.50 | blocked  3.3% | idle  0.1% | ent 0.139
  upd 3506 | return    7.600 | deliv   7.60 | blocked  3.2% | idle  0.1% | ent 0.158
  upd 3507 | return    7.500 | deliv   7.50 | blocked  5.1% | idle  0.2% | ent 0.222
  upd 3508 | return    5.400 | deliv   5.40 | blocked  4.3% | idle  0.0% | ent 0.170
  upd 3509 | return    4.600 | deliv   4.60 | blocked  3.8% | idle  0.1% | ent 0.167
  upd 3510 | return    6.300 | deliv   6.30 | blocked  4.6% | idle  0.0% | ent 0.145
  upd 3511 | return    4.300 | deliv   4.30 | blocked  4.6% | idle  0.1% | ent 0.154
  upd 3512 | return    4.900 | deliv   4.90 | blocked  3.8% | idle  0.0% | ent 0.160
  upd 3513 | return    4.000 | deliv   4.00 | blocked  3.4% | idle  0.1% | ent 0.158
  upd 3514 | return    4.600 | deliv   4.60 | blocked  3.8% | idle  0.1% | ent 0.190
  upd 3515 | return    4.400 | deliv   4.40 | blocked  4.6% | idle  0.1% | ent 0.165
  upd 3516 | return    4.600 | deliv   4.60 | blocked  5.8% | idle  0.1% | ent 0.170
  upd 3517 | return    6.800 | deliv   6.80 | blocked  5.5% | idle  0.1% | ent 0.180
  upd 3518 | return    5.100 | deliv   5.10 | blocked  4.6% | idle  0.1% | ent 0.160
  upd 3519 | return    4.200 | deliv   4.20 | blocked  3.8% | idle  0.1% | ent 0.161
  upd 3520 | return    5.400 | deliv   5.40 | blocked  2.8% | idle  0.0% | ent 0.179
  upd 3521 | return    4.800 | deliv   4.80 | blocked  3.7% | idle  0.1% | ent 0.171
  upd 3522 | return    5.300 | deliv   5.30 | blocked  3.2% | idle  0.2% | ent 0.197
  upd 3523 | return    5.800 | deliv   5.80 | blocked  3.1% | idle  0.1% | ent 0.210
  upd 3524 | return    6.100 | deliv   6.10 | blocked  3.9% | idle  0.0% | ent 0.173
  upd 3525 | return    5.000 | deliv   5.00 | blocked  3.2% | idle  0.1% | ent 0.191
  upd 3526 | return    4.300 | deliv   4.30 | blocked  3.1% | idle  0.1% | ent 0.191
  upd 3527 | return    5.900 | deliv   5.90 | blocked  4.9% | idle  0.0% | ent 0.171
  upd 3528 | return    4.800 | deliv   4.80 | blocked  4.1% | idle  0.1% | ent 0.175
  upd 3529 | return    5.200 | deliv   5.20 | blocked  4.1% | idle  0.0% | ent 0.197
  upd 3530 | return    6.500 | deliv   6.50 | blocked  3.6% | idle  0.0% | ent 0.190
  upd 3531 | return    5.200 | deliv   5.20 | blocked  3.6% | idle  0.0% | ent 0.188
  upd 3532 | return    6.200 | deliv   6.20 | blocked  4.7% | idle  0.1% | ent 0.177
  upd 3533 | return    5.200 | deliv   5.20 | blocked  7.1% | idle  0.0% | ent 0.174
  upd 3534 | return    4.200 | deliv   4.20 | blocked  3.8% | idle  0.0% | ent 0.155
  upd 3535 | return    5.400 | deliv   5.40 | blocked  4.4% | idle  0.0% | ent 0.161
  upd 3536 | return    6.700 | deliv   6.70 | blocked  5.5% | idle  0.1% | ent 0.176
  upd 3537 | return    6.900 | deliv   6.90 | blocked  4.6% | idle  0.1% | ent 0.173
  upd 3538 | return    6.500 | deliv   6.50 | blocked  5.7% | idle  0.0% | ent 0.159
  upd 3539 | return    4.800 | deliv   4.80 | blocked  4.1% | idle  0.0% | ent 0.169
  upd 3540 | return    3.100 | deliv   3.10 | blocked  3.3% | idle  0.0% | ent 0.145
  upd 3541 | return    4.600 | deliv   4.60 | blocked  3.6% | idle  0.0% | ent 0.144
  upd 3542 | return    7.000 | deliv   7.00 | blocked  3.5% | idle  0.0% | ent 0.157
  upd 3543 | return    6.000 | deliv   6.00 | blocked  3.8% | idle  0.0% | ent 0.145
  upd 3544 | return    5.800 | deliv   5.80 | blocked  6.4% | idle  0.0% | ent 0.147
  upd 3545 | return    4.800 | deliv   4.80 | blocked  3.6% | idle  0.0% | ent 0.170
  upd 3546 | return    4.600 | deliv   4.60 | blocked  3.3% | idle  0.0% | ent 0.165
  upd 3547 | return    5.500 | deliv   5.50 | blocked  3.6% | idle  0.0% | ent 0.169
  upd 3548 | return    4.500 | deliv   4.50 | blocked  4.2% | idle  0.0% | ent 0.176
  upd 3549 | return    5.800 | deliv   5.80 | blocked  3.2% | idle  0.0% | ent 0.174
  upd 3550 | return    7.200 | deliv   7.20 | blocked  3.0% | idle  0.0% | ent 0.179
  upd 3551 | return    5.700 | deliv   5.70 | blocked  2.9% | idle  0.0% | ent 0.180
  upd 3552 | return    5.300 | deliv   5.30 | blocked  3.5% | idle  0.0% | ent 0.141
  upd 3553 | return    6.200 | deliv   6.20 | blocked  2.6% | idle  0.0% | ent 0.171
  upd 3554 | return    5.300 | deliv   5.30 | blocked  2.7% | idle  0.0% | ent 0.180
  upd 3555 | return    4.500 | deliv   4.50 | blocked  2.8% | idle  0.1% | ent 0.169
  upd 3556 | return    5.000 | deliv   5.00 | blocked  4.1% | idle  0.0% | ent 0.160
  upd 3557 | return    6.100 | deliv   6.10 | blocked  4.0% | idle  0.0% | ent 0.175
  upd 3558 | return    4.800 | deliv   4.80 | blocked  3.1% | idle  0.0% | ent 0.179
  upd 3559 | return    5.000 | deliv   5.00 | blocked  2.8% | idle  0.1% | ent 0.179
  upd 3560 | return    4.900 | deliv   4.90 | blocked  3.2% | idle  0.0% | ent 0.170
  upd 3561 | return    5.900 | deliv   5.90 | blocked  2.8% | idle  0.0% | ent 0.174
  upd 3562 | return    7.600 | deliv   7.60 | blocked  3.1% | idle  0.0% | ent 0.173
  upd 3563 | return    5.200 | deliv   5.20 | blocked  3.0% | idle  0.0% | ent 0.155
  upd 3564 | return    5.100 | deliv   5.10 | blocked  3.2% | idle  0.0% | ent 0.163
  upd 3565 | return    4.300 | deliv   4.30 | blocked  3.9% | idle  0.0% | ent 0.153
  upd 3566 | return    4.800 | deliv   4.80 | blocked  3.4% | idle  0.0% | ent 0.142
  upd 3567 | return    6.600 | deliv   6.60 | blocked  2.7% | idle  0.0% | ent 0.156
  upd 3568 | return    4.700 | deliv   4.70 | blocked  3.2% | idle  0.0% | ent 0.140
  upd 3569 | return    4.600 | deliv   4.60 | blocked  3.0% | idle  0.0% | ent 0.141
  upd 3570 | return    4.600 | deliv   4.60 | blocked  3.5% | idle  0.0% | ent 0.140
  upd 3571 | return    6.300 | deliv   6.30 | blocked  5.8% | idle  0.0% | ent 0.149
  upd 3572 | return    4.800 | deliv   4.80 | blocked  2.9% | idle  0.0% | ent 0.146
  upd 3573 | return    5.100 | deliv   5.10 | blocked  3.1% | idle  0.0% | ent 0.136
  upd 3574 | return    7.700 | deliv   7.70 | blocked  3.0% | idle  0.0% | ent 0.149
  upd 3575 | return    6.200 | deliv   6.20 | blocked  2.4% | idle  0.0% | ent 0.150
  upd 3576 | return    4.300 | deliv   4.30 | blocked  2.7% | idle  0.1% | ent 0.159
  upd 3577 | return    5.900 | deliv   5.90 | blocked  2.2% | idle  0.1% | ent 0.163
  upd 3578 | return    4.900 | deliv   4.90 | blocked  3.3% | idle  0.0% | ent 0.151
  upd 3579 | return    5.600 | deliv   5.60 | blocked  3.3% | idle  0.0% | ent 0.138
  upd 3580 | return    6.100 | deliv   6.10 | blocked  3.4% | idle  0.0% | ent 0.139
  upd 3581 | return    5.200 | deliv   5.20 | blocked  2.8% | idle  0.0% | ent 0.161
  upd 3582 | return    4.700 | deliv   4.70 | blocked  3.6% | idle  0.0% | ent 0.158
  upd 3583 | return    5.700 | deliv   5.70 | blocked  3.2% | idle  0.0% | ent 0.153
  upd 3584 | return    5.400 | deliv   5.40 | blocked  2.9% | idle  0.0% | ent 0.166
  upd 3585 | return    4.100 | deliv   4.10 | blocked  3.0% | idle  0.0% | ent 0.143
  upd 3586 | return    4.900 | deliv   4.90 | blocked  2.7% | idle  0.0% | ent 0.157
  upd 3587 | return    3.300 | deliv   3.30 | blocked  3.7% | idle  0.0% | ent 0.121
  upd 3588 | return    7.300 | deliv   7.30 | blocked  3.0% | idle  0.0% | ent 0.145
  upd 3589 | return    3.900 | deliv   3.90 | blocked  2.5% | idle  0.0% | ent 0.140
  upd 3590 | return    6.300 | deliv   6.30 | blocked  3.1% | idle  0.0% | ent 0.153
  upd 3591 | return    6.000 | deliv   6.00 | blocked  2.8% | idle  0.0% | ent 0.159
  upd 3592 | return    4.800 | deliv   4.80 | blocked  2.4% | idle  0.0% | ent 0.182
  upd 3593 | return    4.400 | deliv   4.40 | blocked  3.5% | idle  0.0% | ent 0.156
  upd 3594 | return    5.100 | deliv   5.10 | blocked  2.7% | idle  0.0% | ent 0.167
  upd 3595 | return    4.900 | deliv   4.90 | blocked  2.8% | idle  0.0% | ent 0.153
  upd 3596 | return    5.500 | deliv   5.50 | blocked  3.1% | idle  0.0% | ent 0.164
  upd 3597 | return    5.200 | deliv   5.20 | blocked  2.6% | idle  0.0% | ent 0.171
  upd 3598 | return    6.600 | deliv   6.60 | blocked  3.3% | idle  0.0% | ent 0.154
  upd 3599 | return    4.800 | deliv   4.80 | blocked  3.6% | idle  0.0% | ent 0.157
  [replay @ update 3600] return 1.00  deliveries 1  -> runs/ippo_tiny-4ag_seed2/replays/replay_upd003600_s0.npz
  upd 3600 | return    3.700 | deliv   3.70 | blocked  3.8% | idle  0.0% | ent 0.124
  upd 3601 | return    6.200 | deliv   6.20 | blocked  3.4% | idle  0.0% | ent 0.144
  upd 3602 | return    7.500 | deliv   7.50 | blocked  3.6% | idle  0.0% | ent 0.148
  upd 3603 | return    5.800 | deliv   5.80 | blocked  4.4% | idle  0.0% | ent 0.125
  upd 3604 | return    6.700 | deliv   6.70 | blocked  3.9% | idle  0.0% | ent 0.138
  upd 3605 | return    5.700 | deliv   5.70 | blocked  3.5% | idle  0.0% | ent 0.153
  upd 3606 | return    5.700 | deliv   5.70 | blocked  3.4% | idle  0.0% | ent 0.141
  upd 3607 | return    4.000 | deliv   4.00 | blocked  3.6% | idle  0.0% | ent 0.128
  upd 3608 | return    5.000 | deliv   5.00 | blocked  3.4% | idle  0.0% | ent 0.146
  upd 3609 | return    5.000 | deliv   5.00 | blocked  3.8% | idle  0.0% | ent 0.144
  upd 3610 | return    4.000 | deliv   4.00 | blocked  4.2% | idle  0.0% | ent 0.112
  upd 3611 | return    7.500 | deliv   7.50 | blocked  3.0% | idle  0.0% | ent 0.142
  upd 3612 | return    5.700 | deliv   5.70 | blocked  3.9% | idle  0.0% | ent 0.119
  upd 3613 | return    4.700 | deliv   4.70 | blocked  3.8% | idle  0.0% | ent 0.127
  upd 3614 | return    3.700 | deliv   3.70 | blocked  3.1% | idle  0.0% | ent 0.139
  upd 3615 | return    4.000 | deliv   4.00 | blocked  3.0% | idle  0.0% | ent 0.128
  upd 3616 | return    6.900 | deliv   6.90 | blocked  3.8% | idle  0.0% | ent 0.127
  upd 3617 | return    5.100 | deliv   5.10 | blocked  3.6% | idle  0.0% | ent 0.127
  upd 3618 | return    5.100 | deliv   5.10 | blocked  4.1% | idle  0.0% | ent 0.119
  upd 3619 | return    4.900 | deliv   4.90 | blocked  3.4% | idle  0.0% | ent 0.123
  upd 3620 | return    6.600 | deliv   6.60 | blocked  3.3% | idle  0.0% | ent 0.134
  upd 3621 | return    7.100 | deliv   7.10 | blocked  3.6% | idle  0.0% | ent 0.129
  upd 3622 | return    5.500 | deliv   5.50 | blocked  2.7% | idle  0.0% | ent 0.132
  upd 3623 | return    2.800 | deliv   2.80 | blocked  3.2% | idle  0.0% | ent 0.125
  upd 3624 | return    4.000 | deliv   4.00 | blocked  2.5% | idle  0.0% | ent 0.147
  upd 3625 | return    4.500 | deliv   4.50 | blocked  2.6% | idle  0.0% | ent 0.144
  upd 3626 | return    6.000 | deliv   6.00 | blocked  3.0% | idle  0.0% | ent 0.150
  upd 3627 | return    5.700 | deliv   5.70 | blocked  2.5% | idle  0.0% | ent 0.150
  upd 3628 | return    6.300 | deliv   6.30 | blocked  2.9% | idle  0.0% | ent 0.159
  upd 3629 | return    4.100 | deliv   4.10 | blocked  2.5% | idle  0.0% | ent 0.133
  upd 3630 | return    7.100 | deliv   7.10 | blocked  1.7% | idle  0.0% | ent 0.166
  upd 3631 | return    6.700 | deliv   6.70 | blocked  2.2% | idle  0.0% | ent 0.139
  upd 3632 | return    3.900 | deliv   3.90 | blocked  1.9% | idle  0.0% | ent 0.142
  upd 3633 | return    3.300 | deliv   3.30 | blocked  2.5% | idle  0.0% | ent 0.119
  upd 3634 | return    3.700 | deliv   3.70 | blocked  1.9% | idle  0.0% | ent 0.143
  upd 3635 | return    4.900 | deliv   4.90 | blocked  2.1% | idle  0.0% | ent 0.135
  upd 3636 | return    5.000 | deliv   5.00 | blocked  2.1% | idle  0.0% | ent 0.149
  upd 3637 | return    6.600 | deliv   6.60 | blocked  2.8% | idle  0.0% | ent 0.136
  upd 3638 | return    7.900 | deliv   7.90 | blocked  2.3% | idle  0.0% | ent 0.135
  upd 3639 | return    6.000 | deliv   6.00 | blocked  3.0% | idle  0.0% | ent 0.142
  upd 3640 | return    5.800 | deliv   5.80 | blocked  1.8% | idle  0.0% | ent 0.149
  upd 3641 | return    4.000 | deliv   4.00 | blocked  1.9% | idle  0.0% | ent 0.128
  upd 3642 | return    4.500 | deliv   4.50 | blocked  1.8% | idle  0.0% | ent 0.147
  upd 3643 | return    6.500 | deliv   6.50 | blocked  2.0% | idle  0.0% | ent 0.159
  upd 3644 | return    5.600 | deliv   5.60 | blocked  2.3% | idle  0.0% | ent 0.149
  upd 3645 | return    5.500 | deliv   5.50 | blocked  2.0% | idle  0.0% | ent 0.155
  upd 3646 | return    5.800 | deliv   5.80 | blocked  2.6% | idle  0.0% | ent 0.139
  upd 3647 | return    5.800 | deliv   5.80 | blocked  1.9% | idle  0.0% | ent 0.154
  upd 3648 | return    4.300 | deliv   4.30 | blocked  2.4% | idle  0.0% | ent 0.124
  upd 3649 | return    6.700 | deliv   6.70 | blocked  2.3% | idle  0.0% | ent 0.137
  upd 3650 | return    6.300 | deliv   6.30 | blocked  2.2% | idle  0.0% | ent 0.143
  upd 3651 | return    5.300 | deliv   5.30 | blocked  3.0% | idle  0.0% | ent 0.136
  upd 3652 | return    4.800 | deliv   4.80 | blocked  1.9% | idle  0.0% | ent 0.140
  upd 3653 | return    5.500 | deliv   5.50 | blocked  2.0% | idle  0.0% | ent 0.132
  upd 3654 | return    7.300 | deliv   7.30 | blocked  2.1% | idle  0.0% | ent 0.136
  upd 3655 | return    6.500 | deliv   6.50 | blocked  2.7% | idle  0.0% | ent 0.124
  upd 3656 | return    7.500 | deliv   7.50 | blocked  2.3% | idle  0.0% | ent 0.135
  upd 3657 | return    3.600 | deliv   3.60 | blocked  2.0% | idle  0.0% | ent 0.125
  upd 3658 | return    5.000 | deliv   5.00 | blocked  2.1% | idle  0.0% | ent 0.147
  upd 3659 | return    5.500 | deliv   5.50 | blocked  2.4% | idle  0.0% | ent 0.128
  upd 3660 | return    5.300 | deliv   5.30 | blocked  2.1% | idle  0.0% | ent 0.139
  upd 3661 | return    4.500 | deliv   4.50 | blocked  2.1% | idle  0.0% | ent 0.133
  upd 3662 | return    6.000 | deliv   6.00 | blocked  2.6% | idle  0.0% | ent 0.145
  upd 3663 | return    5.700 | deliv   5.70 | blocked  1.8% | idle  0.0% | ent 0.135
  upd 3664 | return    4.500 | deliv   4.50 | blocked  1.8% | idle  0.0% | ent 0.125
  upd 3665 | return    3.600 | deliv   3.60 | blocked  1.8% | idle  0.0% | ent 0.140
  upd 3666 | return    7.100 | deliv   7.10 | blocked  2.2% | idle  0.0% | ent 0.141
  upd 3667 | return    7.200 | deliv   7.20 | blocked  2.0% | idle  0.0% | ent 0.143
  upd 3668 | return    4.300 | deliv   4.30 | blocked  1.7% | idle  0.0% | ent 0.128
  upd 3669 | return    6.200 | deliv   6.20 | blocked  1.5% | idle  0.0% | ent 0.124
  upd 3670 | return    4.500 | deliv   4.50 | blocked  1.8% | idle  0.0% | ent 0.128
  upd 3671 | return    5.600 | deliv   5.60 | blocked  1.8% | idle  0.0% | ent 0.146
  upd 3672 | return    5.300 | deliv   5.30 | blocked  1.8% | idle  0.0% | ent 0.131
  upd 3673 | return    4.400 | deliv   4.40 | blocked  1.9% | idle  0.0% | ent 0.127
  upd 3674 | return    3.900 | deliv   3.90 | blocked  1.9% | idle  0.0% | ent 0.121
  upd 3675 | return    5.100 | deliv   5.10 | blocked  2.1% | idle  0.0% | ent 0.139
  upd 3676 | return    5.100 | deliv   5.10 | blocked  2.3% | idle  0.0% | ent 0.124
  upd 3677 | return    4.500 | deliv   4.50 | blocked  1.5% | idle  0.0% | ent 0.123
  upd 3678 | return    6.800 | deliv   6.80 | blocked  3.5% | idle  0.0% | ent 0.118
  upd 3679 | return    4.300 | deliv   4.30 | blocked  2.4% | idle  0.0% | ent 0.121
  upd 3680 | return    4.000 | deliv   4.00 | blocked  2.0% | idle  0.0% | ent 0.116
  upd 3681 | return    3.700 | deliv   3.70 | blocked  1.6% | idle  0.0% | ent 0.121
  upd 3682 | return    4.400 | deliv   4.40 | blocked  1.8% | idle  0.0% | ent 0.123
  upd 3683 | return    4.300 | deliv   4.30 | blocked  2.8% | idle  0.0% | ent 0.109
  upd 3684 | return    6.800 | deliv   6.80 | blocked  4.1% | idle  0.0% | ent 0.123
  upd 3685 | return    5.200 | deliv   5.20 | blocked  2.3% | idle  0.0% | ent 0.132
  upd 3686 | return    4.400 | deliv   4.40 | blocked  1.9% | idle  0.0% | ent 0.126
  upd 3687 | return    6.100 | deliv   6.10 | blocked  2.8% | idle  0.0% | ent 0.126
  upd 3688 | return    5.800 | deliv   5.80 | blocked  1.9% | idle  0.0% | ent 0.122
  upd 3689 | return    7.000 | deliv   7.00 | blocked  3.6% | idle  0.0% | ent 0.123
  upd 3690 | return    6.100 | deliv   6.10 | blocked  2.6% | idle  0.0% | ent 0.118
  upd 3691 | return    4.600 | deliv   4.60 | blocked  2.7% | idle  0.0% | ent 0.128
  upd 3692 | return    4.500 | deliv   4.50 | blocked  2.4% | idle  0.0% | ent 0.129
  upd 3693 | return    3.900 | deliv   3.90 | blocked  1.9% | idle  0.0% | ent 0.125
  upd 3694 | return    6.700 | deliv   6.70 | blocked  2.3% | idle  0.0% | ent 0.121
  upd 3695 | return    5.000 | deliv   5.00 | blocked  2.0% | idle  0.0% | ent 0.124
  upd 3696 | return    7.400 | deliv   7.40 | blocked  2.1% | idle  0.0% | ent 0.130
  upd 3697 | return    3.600 | deliv   3.60 | blocked  1.6% | idle  0.0% | ent 0.130
  upd 3698 | return    5.300 | deliv   5.30 | blocked  3.1% | idle  0.1% | ent 0.141
  upd 3699 | return    5.100 | deliv   5.10 | blocked  2.0% | idle  0.0% | ent 0.130
  [replay @ update 3700] return 3.00  deliveries 3  -> runs/ippo_tiny-4ag_seed2/replays/replay_upd003700_s0.npz
  upd 3700 | return    6.000 | deliv   6.00 | blocked  1.7% | idle  0.0% | ent 0.124
  upd 3701 | return    3.600 | deliv   3.60 | blocked  1.2% | idle  0.0% | ent 0.122
  upd 3702 | return    4.700 | deliv   4.70 | blocked  2.6% | idle  0.0% | ent 0.123
  upd 3703 | return    6.200 | deliv   6.20 | blocked  2.2% | idle  0.0% | ent 0.150
  upd 3704 | return    4.900 | deliv   4.90 | blocked  2.0% | idle  0.0% | ent 0.122
  upd 3705 | return    3.900 | deliv   3.90 | blocked  2.2% | idle  0.1% | ent 0.126
  upd 3706 | return    5.200 | deliv   5.20 | blocked  1.9% | idle  0.0% | ent 0.136
  upd 3707 | return    6.900 | deliv   6.90 | blocked  2.2% | idle  0.0% | ent 0.133
  upd 3708 | return    6.100 | deliv   6.10 | blocked  2.6% | idle  0.0% | ent 0.125
  upd 3709 | return    4.500 | deliv   4.50 | blocked  2.2% | idle  0.0% | ent 0.130
  upd 3710 | return    6.000 | deliv   6.00 | blocked  2.1% | idle  0.0% | ent 0.136
  upd 3711 | return    4.200 | deliv   4.20 | blocked  2.2% | idle  0.0% | ent 0.124
  upd 3712 | return    5.500 | deliv   5.50 | blocked  2.3% | idle  0.1% | ent 0.126
  upd 3713 | return    5.800 | deliv   5.80 | blocked  1.8% | idle  0.1% | ent 0.130
  upd 3714 | return    5.300 | deliv   5.30 | blocked  3.0% | idle  0.1% | ent 0.129
  upd 3715 | return    6.200 | deliv   6.20 | blocked  2.3% | idle  0.1% | ent 0.131
  upd 3716 | return    5.500 | deliv   5.50 | blocked  2.5% | idle  0.0% | ent 0.140
  upd 3717 | return    7.100 | deliv   7.10 | blocked  3.1% | idle  0.0% | ent 0.117
  upd 3718 | return    7.300 | deliv   7.30 | blocked  2.7% | idle  0.1% | ent 0.141
  upd 3719 | return    4.500 | deliv   4.50 | blocked  2.5% | idle  0.0% | ent 0.148
  upd 3720 | return    4.500 | deliv   4.50 | blocked  2.5% | idle  0.0% | ent 0.130
  upd 3721 | return    7.400 | deliv   7.40 | blocked  2.8% | idle  0.1% | ent 0.150
  upd 3722 | return    5.600 | deliv   5.60 | blocked  2.1% | idle  0.0% | ent 0.141
  upd 3723 | return    6.800 | deliv   6.80 | blocked  2.7% | idle  0.0% | ent 0.135
  upd 3724 | return    6.300 | deliv   6.30 | blocked  2.2% | idle  0.0% | ent 0.130
  upd 3725 | return    6.300 | deliv   6.30 | blocked  2.6% | idle  0.0% | ent 0.136
  upd 3726 | return    5.500 | deliv   5.50 | blocked  2.1% | idle  0.0% | ent 0.136
  upd 3727 | return    4.300 | deliv   4.30 | blocked  2.0% | idle  0.0% | ent 0.137
  upd 3728 | return    4.100 | deliv   4.10 | blocked  2.1% | idle  0.0% | ent 0.138
  upd 3729 | return    5.400 | deliv   5.40 | blocked  1.9% | idle  0.0% | ent 0.135
  upd 3730 | return    5.600 | deliv   5.60 | blocked  2.1% | idle  0.0% | ent 0.126
  upd 3731 | return    5.300 | deliv   5.30 | blocked  1.9% | idle  0.0% | ent 0.120
  upd 3732 | return    5.400 | deliv   5.40 | blocked  2.0% | idle  0.0% | ent 0.144
  upd 3733 | return    5.100 | deliv   5.10 | blocked  2.3% | idle  0.0% | ent 0.143
  upd 3734 | return    4.700 | deliv   4.70 | blocked  1.9% | idle  0.1% | ent 0.150
  upd 3735 | return    5.400 | deliv   5.40 | blocked  2.0% | idle  0.0% | ent 0.124
  upd 3736 | return    6.800 | deliv   6.80 | blocked  1.9% | idle  0.0% | ent 0.126
  upd 3737 | return    4.300 | deliv   4.30 | blocked  1.6% | idle  0.0% | ent 0.123
  upd 3738 | return    5.600 | deliv   5.60 | blocked  1.5% | idle  0.0% | ent 0.125
  upd 3739 | return    4.200 | deliv   4.20 | blocked  2.3% | idle  0.0% | ent 0.118
  upd 3740 | return    4.400 | deliv   4.40 | blocked  1.7% | idle  0.0% | ent 0.127
  upd 3741 | return    4.700 | deliv   4.70 | blocked  1.9% | idle  0.1% | ent 0.122
  upd 3742 | return    6.600 | deliv   6.60 | blocked  2.0% | idle  0.0% | ent 0.133
  upd 3743 | return    6.400 | deliv   6.40 | blocked  2.1% | idle  0.0% | ent 0.132
  upd 3744 | return    4.500 | deliv   4.50 | blocked  2.2% | idle  0.0% | ent 0.116
  upd 3745 | return    5.000 | deliv   5.00 | blocked  1.8% | idle  0.0% | ent 0.120
  upd 3746 | return    5.000 | deliv   5.00 | blocked  2.2% | idle  0.0% | ent 0.121
  upd 3747 | return    7.400 | deliv   7.40 | blocked  2.0% | idle  0.0% | ent 0.128
  upd 3748 | return    4.900 | deliv   4.90 | blocked  1.7% | idle  0.0% | ent 0.112
  upd 3749 | return    5.900 | deliv   5.90 | blocked  1.9% | idle  0.0% | ent 0.129
  upd 3750 | return    4.700 | deliv   4.70 | blocked  2.7% | idle  0.0% | ent 0.122
  upd 3751 | return    4.900 | deliv   4.90 | blocked  2.6% | idle  0.0% | ent 0.122
  upd 3752 | return    5.900 | deliv   5.90 | blocked  2.7% | idle  0.0% | ent 0.116
  upd 3753 | return    5.300 | deliv   5.30 | blocked  2.0% | idle  0.0% | ent 0.123
  upd 3754 | return    4.900 | deliv   4.90 | blocked  2.4% | idle  0.0% | ent 0.116
  upd 3755 | return    5.300 | deliv   5.30 | blocked  2.5% | idle  0.0% | ent 0.124
  upd 3756 | return    5.500 | deliv   5.50 | blocked  2.7% | idle  0.0% | ent 0.109
  upd 3757 | return    4.200 | deliv   4.20 | blocked  2.0% | idle  0.0% | ent 0.102
  upd 3758 | return    5.600 | deliv   5.60 | blocked  2.4% | idle  0.0% | ent 0.120
  upd 3759 | return    4.900 | deliv   4.90 | blocked  2.0% | idle  0.0% | ent 0.103
  upd 3760 | return    4.500 | deliv   4.50 | blocked  2.4% | idle  0.0% | ent 0.104
  upd 3761 | return    6.900 | deliv   6.90 | blocked  2.9% | idle  0.1% | ent 0.119
  upd 3762 | return    5.800 | deliv   5.80 | blocked  1.8% | idle  0.1% | ent 0.124
  upd 3763 | return    7.100 | deliv   7.10 | blocked  2.6% | idle  0.0% | ent 0.102
  upd 3764 | return    3.100 | deliv   3.10 | blocked  1.7% | idle  0.0% | ent 0.104
  upd 3765 | return    7.500 | deliv   7.50 | blocked  2.5% | idle  0.0% | ent 0.117
  upd 3766 | return    4.000 | deliv   4.00 | blocked  2.0% | idle  0.0% | ent 0.116
  upd 3767 | return    4.200 | deliv   4.20 | blocked  2.0% | idle  0.0% | ent 0.105
  upd 3768 | return    5.800 | deliv   5.80 | blocked  2.7% | idle  0.0% | ent 0.105
  upd 3769 | return    4.500 | deliv   4.50 | blocked  2.2% | idle  0.0% | ent 0.091
  upd 3770 | return    6.500 | deliv   6.50 | blocked  2.6% | idle  0.1% | ent 0.108
  upd 3771 | return    5.200 | deliv   5.20 | blocked  2.5% | idle  0.1% | ent 0.131
  upd 3772 | return    5.600 | deliv   5.60 | blocked  2.4% | idle  0.1% | ent 0.116
  upd 3773 | return    4.600 | deliv   4.60 | blocked  2.4% | idle  0.0% | ent 0.121
  upd 3774 | return    5.200 | deliv   5.20 | blocked  3.9% | idle  0.0% | ent 0.116
  upd 3775 | return    8.400 | deliv   8.40 | blocked  2.9% | idle  0.0% | ent 0.129
  upd 3776 | return    5.500 | deliv   5.50 | blocked  2.3% | idle  0.0% | ent 0.133
  upd 3777 | return    6.200 | deliv   6.20 | blocked  2.9% | idle  0.1% | ent 0.118
  upd 3778 | return    5.700 | deliv   5.70 | blocked  2.6% | idle  0.0% | ent 0.128
  upd 3779 | return    5.500 | deliv   5.50 | blocked  2.2% | idle  0.1% | ent 0.130
  upd 3780 | return    5.300 | deliv   5.30 | blocked  2.2% | idle  0.0% | ent 0.120
  upd 3781 | return    5.600 | deliv   5.60 | blocked  2.7% | idle  0.1% | ent 0.133
  upd 3782 | return    5.800 | deliv   5.80 | blocked  2.1% | idle  0.0% | ent 0.142
  upd 3783 | return    4.600 | deliv   4.60 | blocked  2.4% | idle  0.0% | ent 0.116
  upd 3784 | return    5.500 | deliv   5.50 | blocked  2.4% | idle  0.0% | ent 0.122
  upd 3785 | return    8.400 | deliv   8.40 | blocked  2.9% | idle  0.1% | ent 0.149
  upd 3786 | return    5.200 | deliv   5.20 | blocked  2.6% | idle  0.0% | ent 0.128
  upd 3787 | return    5.900 | deliv   5.90 | blocked  2.6% | idle  0.1% | ent 0.138
  upd 3788 | return    5.400 | deliv   5.40 | blocked  2.6% | idle  0.0% | ent 0.121
  upd 3789 | return    4.700 | deliv   4.70 | blocked  2.6% | idle  0.1% | ent 0.123
  upd 3790 | return    4.300 | deliv   4.30 | blocked  2.4% | idle  0.1% | ent 0.115
  upd 3791 | return    6.200 | deliv   6.20 | blocked  2.9% | idle  0.0% | ent 0.113
  upd 3792 | return    5.400 | deliv   5.40 | blocked  1.9% | idle  0.0% | ent 0.131
  upd 3793 | return    7.000 | deliv   7.00 | blocked  1.7% | idle  0.0% | ent 0.122
  upd 3794 | return    4.600 | deliv   4.60 | blocked  2.0% | idle  0.0% | ent 0.122
  upd 3795 | return    4.100 | deliv   4.10 | blocked  2.4% | idle  0.0% | ent 0.116
  upd 3796 | return    4.900 | deliv   4.90 | blocked  2.2% | idle  0.0% | ent 0.119
  upd 3797 | return    5.900 | deliv   5.90 | blocked  2.0% | idle  0.0% | ent 0.123
  upd 3798 | return    5.800 | deliv   5.80 | blocked  2.6% | idle  0.0% | ent 0.124
  upd 3799 | return    4.600 | deliv   4.60 | blocked  2.0% | idle  0.0% | ent 0.114
  [replay @ update 3800] return 3.00  deliveries 3  -> runs/ippo_tiny-4ag_seed2/replays/replay_upd003800_s0.npz
  upd 3800 | return    3.400 | deliv   3.40 | blocked  2.2% | idle  0.0% | ent 0.118
  upd 3801 | return    4.000 | deliv   4.00 | blocked  2.1% | idle  0.0% | ent 0.119
  upd 3802 | return    5.200 | deliv   5.20 | blocked  2.0% | idle  0.0% | ent 0.126
  upd 3803 | return    6.100 | deliv   6.10 | blocked  1.8% | idle  0.0% | ent 0.102
  upd 3804 | return    4.700 | deliv   4.70 | blocked  2.0% | idle  0.0% | ent 0.113
  upd 3805 | return    4.500 | deliv   4.50 | blocked  1.6% | idle  0.0% | ent 0.115
  upd 3806 | return    5.100 | deliv   5.10 | blocked  1.8% | idle  0.0% | ent 0.116
  upd 3807 | return    6.800 | deliv   6.80 | blocked  2.2% | idle  0.0% | ent 0.116
  upd 3808 | return    4.500 | deliv   4.50 | blocked  1.8% | idle  0.0% | ent 0.103
  upd 3809 | return    5.900 | deliv   5.90 | blocked  1.6% | idle  0.0% | ent 0.112
  upd 3810 | return    5.100 | deliv   5.10 | blocked  2.6% | idle  0.1% | ent 0.128
  upd 3811 | return    4.800 | deliv   4.80 | blocked  1.5% | idle  0.0% | ent 0.124
  upd 3812 | return    3.600 | deliv   3.60 | blocked  1.7% | idle  0.0% | ent 0.112
  upd 3813 | return    6.000 | deliv   6.00 | blocked  1.8% | idle  0.0% | ent 0.122
  upd 3814 | return    4.500 | deliv   4.50 | blocked  1.8% | idle  0.0% | ent 0.115
  upd 3815 | return    5.800 | deliv   5.80 | blocked  2.3% | idle  0.0% | ent 0.125
  upd 3816 | return    5.800 | deliv   5.80 | blocked  1.6% | idle  0.0% | ent 0.113
  upd 3817 | return    5.400 | deliv   5.40 | blocked  1.8% | idle  0.0% | ent 0.106
  upd 3818 | return    5.300 | deliv   5.30 | blocked  2.1% | idle  0.0% | ent 0.132
  upd 3819 | return    6.900 | deliv   6.90 | blocked  2.0% | idle  0.0% | ent 0.123
  upd 3820 | return    4.900 | deliv   4.90 | blocked  1.8% | idle  0.0% | ent 0.120
  upd 3821 | return    3.700 | deliv   3.70 | blocked  1.5% | idle  0.1% | ent 0.119
  upd 3822 | return    6.200 | deliv   6.20 | blocked  1.6% | idle  0.1% | ent 0.134
  upd 3823 | return    4.500 | deliv   4.50 | blocked  1.6% | idle  0.1% | ent 0.131
  upd 3824 | return    4.600 | deliv   4.60 | blocked  1.5% | idle  0.0% | ent 0.131
  upd 3825 | return    6.000 | deliv   6.00 | blocked  1.8% | idle  0.0% | ent 0.153
  upd 3826 | return    6.200 | deliv   6.20 | blocked  1.3% | idle  0.2% | ent 0.137
  upd 3827 | return    4.000 | deliv   4.00 | blocked  1.5% | idle  0.2% | ent 0.142
  upd 3828 | return    4.200 | deliv   4.20 | blocked  1.5% | idle  0.0% | ent 0.116
  upd 3829 | return    5.500 | deliv   5.50 | blocked  1.7% | idle  0.1% | ent 0.145
  upd 3830 | return    4.800 | deliv   4.80 | blocked  1.3% | idle  0.0% | ent 0.127
  upd 3831 | return    5.900 | deliv   5.90 | blocked  1.8% | idle  0.0% | ent 0.132
  upd 3832 | return    5.200 | deliv   5.20 | blocked  2.1% | idle  0.1% | ent 0.124
  upd 3833 | return    4.700 | deliv   4.70 | blocked  2.1% | idle  0.1% | ent 0.118
  upd 3834 | return    4.900 | deliv   4.90 | blocked  2.4% | idle  0.2% | ent 0.134
  upd 3835 | return    5.500 | deliv   5.50 | blocked  2.4% | idle  0.0% | ent 0.132
  upd 3836 | return    6.900 | deliv   6.90 | blocked  2.3% | idle  0.2% | ent 0.153
  upd 3837 | return    5.200 | deliv   5.20 | blocked  1.7% | idle  0.1% | ent 0.127
  upd 3838 | return    4.400 | deliv   4.40 | blocked  2.0% | idle  0.1% | ent 0.120
  upd 3839 | return    6.200 | deliv   6.20 | blocked  1.9% | idle  0.1% | ent 0.124
  upd 3840 | return    6.000 | deliv   6.00 | blocked  1.7% | idle  0.1% | ent 0.126
  upd 3841 | return    4.000 | deliv   4.00 | blocked  2.1% | idle  0.1% | ent 0.122
  upd 3842 | return    5.200 | deliv   5.20 | blocked  2.1% | idle  0.2% | ent 0.120
  upd 3843 | return    5.500 | deliv   5.50 | blocked  2.4% | idle  0.4% | ent 0.127
  upd 3844 | return    5.800 | deliv   5.80 | blocked  2.0% | idle  0.1% | ent 0.113
  upd 3845 | return    5.400 | deliv   5.40 | blocked  2.3% | idle  1.2% | ent 0.143
  upd 3846 | return    5.000 | deliv   5.00 | blocked  2.4% | idle  1.9% | ent 0.152
  upd 3847 | return    4.600 | deliv   4.60 | blocked  2.0% | idle  0.3% | ent 0.120
  upd 3848 | return    6.600 | deliv   6.60 | blocked  2.1% | idle  0.2% | ent 0.125
  upd 3849 | return    4.900 | deliv   4.90 | blocked  2.0% | idle  1.2% | ent 0.133
  upd 3850 | return    3.500 | deliv   3.50 | blocked  1.8% | idle  0.5% | ent 0.116
  upd 3851 | return    7.500 | deliv   7.50 | blocked  2.1% | idle  0.7% | ent 0.146
  upd 3852 | return    5.600 | deliv   5.60 | blocked  1.7% | idle  0.7% | ent 0.139
  upd 3853 | return    4.000 | deliv   4.00 | blocked  1.7% | idle  0.0% | ent 0.123
  upd 3854 | return    5.500 | deliv   5.50 | blocked  1.6% | idle  0.4% | ent 0.135
  upd 3855 | return    4.100 | deliv   4.10 | blocked  2.1% | idle  0.2% | ent 0.129
  upd 3856 | return    5.200 | deliv   5.20 | blocked  1.7% | idle  0.0% | ent 0.120
  upd 3857 | return    5.200 | deliv   5.20 | blocked  1.8% | idle  0.0% | ent 0.132
  upd 3858 | return    6.600 | deliv   6.60 | blocked  2.0% | idle  0.0% | ent 0.122
  upd 3859 | return    5.100 | deliv   5.10 | blocked  1.9% | idle  0.2% | ent 0.127
  upd 3860 | return    4.000 | deliv   4.00 | blocked  1.4% | idle  0.0% | ent 0.112
  upd 3861 | return    5.000 | deliv   5.00 | blocked  1.7% | idle  1.0% | ent 0.144
  upd 3862 | return    5.500 | deliv   5.50 | blocked  1.9% | idle  0.9% | ent 0.131
  upd 3863 | return    4.800 | deliv   4.80 | blocked  1.7% | idle  0.6% | ent 0.117
  upd 3864 | return    4.000 | deliv   4.00 | blocked  2.1% | idle  0.1% | ent 0.122
  upd 3865 | return    4.900 | deliv   4.90 | blocked  1.5% | idle  0.1% | ent 0.126
  upd 3866 | return    6.000 | deliv   6.00 | blocked  1.9% | idle  0.3% | ent 0.117
  upd 3867 | return    5.500 | deliv   5.50 | blocked  1.7% | idle  0.0% | ent 0.118
  upd 3868 | return    6.000 | deliv   6.00 | blocked  2.1% | idle  0.9% | ent 0.127
  upd 3869 | return    7.500 | deliv   7.50 | blocked  2.0% | idle  0.0% | ent 0.142
  upd 3870 | return    4.900 | deliv   4.90 | blocked  1.6% | idle  2.7% | ent 0.139
  upd 3871 | return    4.500 | deliv   4.50 | blocked  1.7% | idle  0.9% | ent 0.150
  upd 3872 | return    6.800 | deliv   6.80 | blocked  1.8% | idle  1.9% | ent 0.144
  upd 3873 | return    6.000 | deliv   6.00 | blocked  2.0% | idle  0.0% | ent 0.120
  upd 3874 | return    5.100 | deliv   5.10 | blocked  1.5% | idle  0.0% | ent 0.136
  upd 3875 | return    6.600 | deliv   6.60 | blocked  1.8% | idle  0.5% | ent 0.144
  upd 3876 | return    3.700 | deliv   3.70 | blocked  1.5% | idle  0.0% | ent 0.122
  upd 3877 | return    3.700 | deliv   3.70 | blocked  1.3% | idle  0.7% | ent 0.130
  upd 3878 | return    6.200 | deliv   6.20 | blocked  2.1% | idle  0.1% | ent 0.133
  upd 3879 | return    6.800 | deliv   6.80 | blocked  2.7% | idle  1.5% | ent 0.158
  upd 3880 | return    5.500 | deliv   5.50 | blocked  1.6% | idle  1.3% | ent 0.139
  upd 3881 | return    5.900 | deliv   5.90 | blocked  1.8% | idle  1.1% | ent 0.135
  upd 3882 | return    5.400 | deliv   5.40 | blocked  1.6% | idle  0.1% | ent 0.109
  upd 3883 | return    4.100 | deliv   4.10 | blocked  1.9% | idle  0.0% | ent 0.112
  upd 3884 | return    4.800 | deliv   4.80 | blocked  1.5% | idle  0.0% | ent 0.112
  upd 3885 | return    6.900 | deliv   6.90 | blocked  2.1% | idle  0.2% | ent 0.123
  upd 3886 | return    4.600 | deliv   4.60 | blocked  1.4% | idle  0.0% | ent 0.124
  upd 3887 | return    4.800 | deliv   4.80 | blocked  1.9% | idle  0.7% | ent 0.151
  upd 3888 | return    5.400 | deliv   5.40 | blocked  1.7% | idle  0.0% | ent 0.130
  upd 3889 | return    4.800 | deliv   4.80 | blocked  1.5% | idle  0.6% | ent 0.132
  upd 3890 | return    6.200 | deliv   6.20 | blocked  2.1% | idle  0.0% | ent 0.113
  upd 3891 | return    4.300 | deliv   4.30 | blocked  1.6% | idle  0.2% | ent 0.125
  upd 3892 | return    5.000 | deliv   5.00 | blocked  1.5% | idle  1.3% | ent 0.162
  upd 3893 | return    5.100 | deliv   5.10 | blocked  1.7% | idle  0.3% | ent 0.124
  upd 3894 | return    4.000 | deliv   4.00 | blocked  1.7% | idle  0.0% | ent 0.116
  upd 3895 | return    5.500 | deliv   5.50 | blocked  1.7% | idle  0.0% | ent 0.122
  upd 3896 | return    4.900 | deliv   4.90 | blocked  1.9% | idle  0.3% | ent 0.121
  upd 3897 | return    5.100 | deliv   5.10 | blocked  1.8% | idle  0.5% | ent 0.142
  upd 3898 | return    5.800 | deliv   5.80 | blocked  2.3% | idle  0.4% | ent 0.127
  upd 3899 | return    7.800 | deliv   7.80 | blocked  1.8% | idle  0.4% | ent 0.136
  [replay @ update 3900] return 4.00  deliveries 4  -> runs/ippo_tiny-4ag_seed2/replays/replay_upd003900_s0.npz
  upd 3900 | return    6.000 | deliv   6.00 | blocked  1.7% | idle  0.4% | ent 0.134
  upd 3901 | return    3.600 | deliv   3.60 | blocked  1.8% | idle  0.0% | ent 0.116
  upd 3902 | return    5.500 | deliv   5.50 | blocked  2.4% | idle  0.0% | ent 0.132
  upd 3903 | return    5.700 | deliv   5.70 | blocked  1.8% | idle  0.0% | ent 0.111
  upd 3904 | return    6.200 | deliv   6.20 | blocked  1.8% | idle  0.0% | ent 0.114
  upd 3905 | return    6.600 | deliv   6.60 | blocked  2.1% | idle  0.0% | ent 0.133
  upd 3906 | return    5.200 | deliv   5.20 | blocked  2.1% | idle  0.3% | ent 0.146
  upd 3907 | return    4.500 | deliv   4.50 | blocked  2.1% | idle  0.2% | ent 0.119
  upd 3908 | return    6.600 | deliv   6.60 | blocked  2.4% | idle  0.0% | ent 0.120
  upd 3909 | return    5.800 | deliv   5.80 | blocked  2.9% | idle  0.8% | ent 0.153
  upd 3910 | return    4.300 | deliv   4.30 | blocked  2.5% | idle  0.3% | ent 0.141
  upd 3911 | return    5.900 | deliv   5.90 | blocked  2.5% | idle  0.1% | ent 0.127
  upd 3912 | return    5.100 | deliv   5.10 | blocked  2.5% | idle  0.3% | ent 0.132
  upd 3913 | return    6.100 | deliv   6.10 | blocked  3.0% | idle  0.3% | ent 0.136
  upd 3914 | return    3.500 | deliv   3.50 | blocked  2.3% | idle  0.3% | ent 0.126
  upd 3915 | return    6.600 | deliv   6.60 | blocked  2.7% | idle  0.0% | ent 0.123
  upd 3916 | return    5.500 | deliv   5.50 | blocked  2.4% | idle  0.0% | ent 0.111
  upd 3917 | return    3.700 | deliv   3.70 | blocked  2.4% | idle  0.2% | ent 0.129
  upd 3918 | return    4.300 | deliv   4.30 | blocked  2.5% | idle  0.2% | ent 0.121
  upd 3919 | return    4.400 | deliv   4.40 | blocked  2.3% | idle  0.0% | ent 0.122
  upd 3920 | return    6.900 | deliv   6.90 | blocked  2.9% | idle  0.1% | ent 0.121
  upd 3921 | return    5.100 | deliv   5.10 | blocked  2.6% | idle  0.0% | ent 0.118
  upd 3922 | return    4.700 | deliv   4.70 | blocked  1.8% | idle  0.1% | ent 0.112
  upd 3923 | return    5.400 | deliv   5.40 | blocked  2.0% | idle  0.0% | ent 0.122
  upd 3924 | return    4.000 | deliv   4.00 | blocked  1.4% | idle  0.0% | ent 0.119
  upd 3925 | return    6.200 | deliv   6.20 | blocked  1.9% | idle  0.1% | ent 0.128
  upd 3926 | return    5.300 | deliv   5.30 | blocked  1.9% | idle  0.0% | ent 0.127
  upd 3927 | return    5.900 | deliv   5.90 | blocked  1.6% | idle  0.1% | ent 0.141
  upd 3928 | return    5.300 | deliv   5.30 | blocked  1.6% | idle  0.0% | ent 0.119
  upd 3929 | return    4.400 | deliv   4.40 | blocked  1.6% | idle  0.2% | ent 0.125
  upd 3930 | return    4.400 | deliv   4.40 | blocked  1.7% | idle  0.0% | ent 0.127
  upd 3931 | return    6.200 | deliv   6.20 | blocked  1.7% | idle  0.1% | ent 0.128
  upd 3932 | return    3.900 | deliv   3.90 | blocked  1.8% | idle  0.3% | ent 0.126
  upd 3933 | return    5.900 | deliv   5.90 | blocked  1.8% | idle  0.3% | ent 0.132
  upd 3934 | return    5.900 | deliv   5.90 | blocked  1.7% | idle  0.4% | ent 0.150
  upd 3935 | return    5.300 | deliv   5.30 | blocked  1.9% | idle  0.2% | ent 0.130
  upd 3936 | return    5.600 | deliv   5.60 | blocked  2.4% | idle  0.2% | ent 0.136
  upd 3937 | return    6.200 | deliv   6.20 | blocked  1.8% | idle  0.3% | ent 0.133
  upd 3938 | return    6.100 | deliv   6.10 | blocked  1.5% | idle  0.2% | ent 0.129
  upd 3939 | return    6.500 | deliv   6.50 | blocked  2.1% | idle  0.0% | ent 0.130
  upd 3940 | return    5.200 | deliv   5.20 | blocked  2.8% | idle  0.3% | ent 0.136
  upd 3941 | return    4.100 | deliv   4.10 | blocked  1.6% | idle  0.0% | ent 0.121
  upd 3942 | return    3.700 | deliv   3.70 | blocked  1.7% | idle  0.1% | ent 0.132
  upd 3943 | return    5.900 | deliv   5.90 | blocked  2.6% | idle  0.3% | ent 0.137
  upd 3944 | return    4.000 | deliv   4.00 | blocked  1.4% | idle  0.1% | ent 0.135
  upd 3945 | return    5.700 | deliv   5.70 | blocked  2.4% | idle  0.0% | ent 0.131
  upd 3946 | return    6.500 | deliv   6.50 | blocked  2.3% | idle  0.0% | ent 0.131
  upd 3947 | return    6.500 | deliv   6.50 | blocked  2.2% | idle  0.2% | ent 0.134
  upd 3948 | return    5.900 | deliv   5.90 | blocked  2.1% | idle  0.0% | ent 0.127
  upd 3949 | return    5.200 | deliv   5.20 | blocked  1.9% | idle  0.1% | ent 0.127
  upd 3950 | return    7.100 | deliv   7.10 | blocked  2.2% | idle  0.0% | ent 0.132
  upd 3951 | return    5.000 | deliv   5.00 | blocked  2.0% | idle  0.0% | ent 0.118
  upd 3952 | return    6.800 | deliv   6.80 | blocked  1.8% | idle  0.2% | ent 0.140
  upd 3953 | return    6.200 | deliv   6.20 | blocked  2.1% | idle  0.1% | ent 0.134
  upd 3954 | return    4.000 | deliv   4.00 | blocked  1.5% | idle  0.1% | ent 0.124
  upd 3955 | return    4.900 | deliv   4.90 | blocked  1.9% | idle  0.0% | ent 0.108
  upd 3956 | return    6.700 | deliv   6.70 | blocked  2.2% | idle  0.1% | ent 0.123
  upd 3957 | return    4.200 | deliv   4.20 | blocked  1.3% | idle  0.2% | ent 0.126
  upd 3958 | return    5.100 | deliv   5.10 | blocked  1.5% | idle  0.1% | ent 0.115
  upd 3959 | return    4.200 | deliv   4.20 | blocked  1.6% | idle  0.0% | ent 0.119
  upd 3960 | return    5.700 | deliv   5.70 | blocked  2.8% | idle  0.1% | ent 0.127
  upd 3961 | return    5.600 | deliv   5.60 | blocked  2.0% | idle  0.0% | ent 0.108
  upd 3962 | return    4.200 | deliv   4.20 | blocked  2.1% | idle  0.0% | ent 0.114
  upd 3963 | return    5.100 | deliv   5.10 | blocked  1.7% | idle  0.0% | ent 0.116
  upd 3964 | return    3.500 | deliv   3.50 | blocked  1.4% | idle  0.1% | ent 0.124
  upd 3965 | return    4.300 | deliv   4.30 | blocked  1.4% | idle  0.0% | ent 0.119
  upd 3966 | return    5.100 | deliv   5.10 | blocked  1.5% | idle  0.0% | ent 0.126
  upd 3967 | return    6.100 | deliv   6.10 | blocked  1.6% | idle  0.1% | ent 0.126
  upd 3968 | return    5.600 | deliv   5.60 | blocked  1.9% | idle  0.0% | ent 0.121
  upd 3969 | return    3.500 | deliv   3.50 | blocked  1.3% | idle  0.0% | ent 0.117
  upd 3970 | return    5.800 | deliv   5.80 | blocked  1.6% | idle  0.0% | ent 0.127
  upd 3971 | return    5.300 | deliv   5.30 | blocked  2.0% | idle  0.0% | ent 0.131
  upd 3972 | return    6.400 | deliv   6.40 | blocked  1.8% | idle  0.0% | ent 0.121
  upd 3973 | return    5.900 | deliv   5.90 | blocked  2.4% | idle  0.1% | ent 0.138
  upd 3974 | return    5.200 | deliv   5.20 | blocked  1.9% | idle  0.3% | ent 0.152
  upd 3975 | return    4.100 | deliv   4.10 | blocked  1.5% | idle  0.1% | ent 0.160
  upd 3976 | return    5.800 | deliv   5.80 | blocked  1.5% | idle  0.1% | ent 0.152
  upd 3977 | return    5.000 | deliv   5.00 | blocked  1.6% | idle  0.0% | ent 0.149
  upd 3978 | return    5.400 | deliv   5.40 | blocked  1.5% | idle  0.1% | ent 0.143
  upd 3979 | return    3.600 | deliv   3.60 | blocked  1.2% | idle  0.0% | ent 0.132
  upd 3980 | return    5.600 | deliv   5.60 | blocked  1.7% | idle  0.0% | ent 0.134
  upd 3981 | return    5.700 | deliv   5.70 | blocked  1.6% | idle  0.0% | ent 0.132
  upd 3982 | return    5.400 | deliv   5.40 | blocked  1.8% | idle  0.0% | ent 0.142
  upd 3983 | return    6.900 | deliv   6.90 | blocked  1.9% | idle  0.0% | ent 0.156
  upd 3984 | return    8.300 | deliv   8.30 | blocked  2.0% | idle  0.0% | ent 0.141
  upd 3985 | return    4.400 | deliv   4.40 | blocked  1.8% | idle  0.0% | ent 0.147
  upd 3986 | return    4.900 | deliv   4.90 | blocked  1.2% | idle  0.1% | ent 0.151
  upd 3987 | return    4.100 | deliv   4.10 | blocked  1.4% | idle  0.2% | ent 0.154
  upd 3988 | return    7.300 | deliv   7.30 | blocked  2.6% | idle  0.7% | ent 0.192
  upd 3989 | return    6.400 | deliv   6.40 | blocked  1.5% | idle  0.1% | ent 0.149
  upd 3990 | return    4.600 | deliv   4.60 | blocked  1.8% | idle  0.4% | ent 0.175
  upd 3991 | return    5.600 | deliv   5.60 | blocked  1.7% | idle  0.1% | ent 0.150
  upd 3992 | return    6.200 | deliv   6.20 | blocked  1.8% | idle  0.3% | ent 0.167
  upd 3993 | return    5.200 | deliv   5.20 | blocked  1.6% | idle  0.2% | ent 0.151
  upd 3994 | return    6.400 | deliv   6.40 | blocked  1.8% | idle  0.2% | ent 0.166
  upd 3995 | return    4.200 | deliv   4.20 | blocked  1.2% | idle  0.1% | ent 0.156
  upd 3996 | return    5.400 | deliv   5.40 | blocked  1.6% | idle  0.1% | ent 0.160
  upd 3997 | return    6.500 | deliv   6.50 | blocked  1.8% | idle  0.1% | ent 0.172
  upd 3998 | return    4.100 | deliv   4.10 | blocked  1.5% | idle  0.2% | ent 0.166
  upd 3999 | return    5.900 | deliv   5.90 | blocked  1.6% | idle  0.2% | ent 0.164
  [replay @ update 4000] return 4.00  deliveries 4  -> runs/ippo_tiny-4ag_seed2/replays/replay_upd004000_s0.npz

ran 4000 updates (20,000,000 env steps) in 5577.1s  (3,586 steps/s)
checkpoints -> runs/ippo_tiny-4ag_seed2/checkpoints  (latest=4000, best=3800)   metrics -> runs/ippo_tiny-4ag_seed2/results.csv
