E0602 22:37:41.946430     450 cuda_executor.cc:1526] Could not get kernel mode driver version: (INVALID_ARGUMENT: Version does not match the format X.Y.Z)
E0602 22:37:41.968346     401 cuda_executor.cc:1526] Could not get kernel mode driver version: (INVALID_ARGUMENT: Version does not match the format X.Y.Z)
algo=maa2c (centralised_critic=True, use_ppo=False)
env=rware-tiny-4ag  parallel_envs=10 time_limit=500  updates=1000  (steps/update=5000)  seed=2
run-dir=runs/maa2c_tiny-4ag_seed2  chunk=100 updates/save  max_to_keep=5
live per-update log (return / deliveries / blocked% / idle% / entropy) follows; watch entropy — a fast drop toward 0 means exploration collapse:

  upd    0 | return    0.000 | deliv   0.00 | blocked  3.7% | idle  6.1% | ent 1.469
  upd    1 | return    0.200 | deliv   0.20 | blocked  4.3% | idle  4.6% | ent 1.474
  upd    2 | return    0.100 | deliv   0.10 | blocked  5.0% | idle  5.0% | ent 1.468
  upd    3 | return    0.100 | deliv   0.10 | blocked  5.8% | idle  4.6% | ent 1.455
  upd    4 | return    0.100 | deliv   0.10 | blocked  6.0% | idle  4.6% | ent 1.451
  upd    5 | return    0.400 | deliv   0.40 | blocked  7.5% | idle  4.4% | ent 1.425
  upd    6 | return    0.300 | deliv   0.30 | blocked  8.4% | idle  3.9% | ent 1.396
  upd    7 | return    0.400 | deliv   0.40 | blocked 10.4% | idle  4.6% | ent 1.392
  upd    8 | return    0.300 | deliv   0.30 | blocked 13.0% | idle  3.9% | ent 1.343
  upd    9 | return    0.200 | deliv   0.20 | blocked 13.6% | idle  4.4% | ent 1.342
  upd   10 | return    0.300 | deliv   0.30 | blocked 13.3% | idle  3.4% | ent 1.310
  upd   11 | return    0.300 | deliv   0.30 | blocked 15.7% | idle  3.6% | ent 1.295
  upd   12 | return    0.400 | deliv   0.40 | blocked 17.2% | idle  3.4% | ent 1.270
  upd   13 | return    0.400 | deliv   0.40 | blocked 17.9% | idle  3.2% | ent 1.230
  upd   14 | return    0.200 | deliv   0.20 | blocked 20.3% | idle  3.3% | ent 1.180
  upd   15 | return    0.200 | deliv   0.20 | blocked 21.7% | idle  3.1% | ent 1.154
  upd   16 | return    0.200 | deliv   0.20 | blocked 23.6% | idle  2.9% | ent 1.109
  upd   17 | return    0.200 | deliv   0.20 | blocked 26.1% | idle  2.6% | ent 1.048
  upd   18 | return    0.100 | deliv   0.10 | blocked 26.9% | idle  2.5% | ent 1.015
  upd   19 | return    0.200 | deliv   0.20 | blocked 30.5% | idle  2.4% | ent 0.970
  upd   20 | return    0.200 | deliv   0.20 | blocked 31.0% | idle  2.8% | ent 0.958
  upd   21 | return    0.400 | deliv   0.40 | blocked 33.8% | idle  2.1% | ent 0.875
  upd   22 | return    0.200 | deliv   0.20 | blocked 38.7% | idle  2.0% | ent 0.835
  upd   23 | return    0.100 | deliv   0.10 | blocked 37.3% | idle  2.0% | ent 0.859
  upd   24 | return    0.500 | deliv   0.50 | blocked 37.4% | idle  2.2% | ent 0.844
  upd   25 | return    0.300 | deliv   0.30 | blocked 37.7% | idle  2.0% | ent 0.840
  upd   26 | return    0.400 | deliv   0.40 | blocked 41.0% | idle  1.9% | ent 0.810
  upd   27 | return    0.400 | deliv   0.40 | blocked 40.1% | idle  1.6% | ent 0.788
  upd   28 | return    0.200 | deliv   0.20 | blocked 39.7% | idle  1.5% | ent 0.811
  upd   29 | return    0.300 | deliv   0.30 | blocked 36.2% | idle  1.8% | ent 0.856
  upd   30 | return    0.300 | deliv   0.30 | blocked 40.5% | idle  1.5% | ent 0.817
  upd   31 | return    0.500 | deliv   0.50 | blocked 36.1% | idle  1.8% | ent 0.849
  upd   32 | return    0.200 | deliv   0.20 | blocked 35.7% | idle  1.7% | ent 0.861
  upd   33 | return    0.300 | deliv   0.30 | blocked 32.2% | idle  1.7% | ent 0.869
  upd   34 | return    0.300 | deliv   0.30 | blocked 32.9% | idle  1.7% | ent 0.893
  upd   35 | return    0.300 | deliv   0.30 | blocked 32.0% | idle  1.5% | ent 0.905
  upd   36 | return    0.700 | deliv   0.70 | blocked 30.2% | idle  1.5% | ent 0.913
  upd   37 | return    0.000 | deliv   0.00 | blocked 27.8% | idle  1.7% | ent 0.942
  upd   38 | return    0.600 | deliv   0.60 | blocked 27.7% | idle  1.2% | ent 0.937
  upd   39 | return    0.200 | deliv   0.20 | blocked 23.5% | idle  1.7% | ent 0.995
  upd   40 | return    0.100 | deliv   0.10 | blocked 21.1% | idle  1.8% | ent 1.017
  upd   41 | return    0.500 | deliv   0.50 | blocked 21.6% | idle  1.8% | ent 1.028
  upd   42 | return    0.200 | deliv   0.20 | blocked 20.7% | idle  1.7% | ent 1.009
  upd   43 | return    0.800 | deliv   0.80 | blocked 22.2% | idle  1.7% | ent 0.996
  upd   44 | return    0.600 | deliv   0.60 | blocked 24.4% | idle  1.6% | ent 0.949
  upd   45 | return    0.200 | deliv   0.20 | blocked 29.7% | idle  1.3% | ent 0.879
  upd   46 | return    0.300 | deliv   0.30 | blocked 30.2% | idle  1.3% | ent 0.843
  upd   47 | return    0.200 | deliv   0.20 | blocked 32.8% | idle  1.3% | ent 0.808
  upd   48 | return    0.300 | deliv   0.30 | blocked 32.1% | idle  1.4% | ent 0.790
  upd   49 | return    0.400 | deliv   0.40 | blocked 34.1% | idle  1.4% | ent 0.763
  upd   50 | return    0.200 | deliv   0.20 | blocked 38.4% | idle  1.0% | ent 0.715
  upd   51 | return    0.000 | deliv   0.00 | blocked 34.8% | idle  1.3% | ent 0.738
  upd   52 | return    0.600 | deliv   0.60 | blocked 37.9% | idle  0.9% | ent 0.716
  upd   53 | return    0.300 | deliv   0.30 | blocked 37.5% | idle  1.1% | ent 0.726
  upd   54 | return    0.300 | deliv   0.30 | blocked 35.1% | idle  1.1% | ent 0.741
  upd   55 | return    0.200 | deliv   0.20 | blocked 34.8% | idle  0.8% | ent 0.711
  upd   56 | return    0.300 | deliv   0.30 | blocked 36.3% | idle  1.0% | ent 0.725
  upd   57 | return    0.400 | deliv   0.40 | blocked 32.8% | idle  1.1% | ent 0.769
  upd   58 | return    0.000 | deliv   0.00 | blocked 32.0% | idle  1.1% | ent 0.754
  upd   59 | return    0.100 | deliv   0.10 | blocked 33.7% | idle  0.8% | ent 0.742
  upd   60 | return    0.900 | deliv   0.90 | blocked 30.9% | idle  1.0% | ent 0.765
  upd   61 | return    0.200 | deliv   0.20 | blocked 32.8% | idle  1.0% | ent 0.747
  upd   62 | return    0.100 | deliv   0.10 | blocked 31.6% | idle  0.9% | ent 0.743
  upd   63 | return    0.200 | deliv   0.20 | blocked 33.1% | idle  0.9% | ent 0.747
  upd   64 | return    0.200 | deliv   0.20 | blocked 31.0% | idle  1.0% | ent 0.747
  upd   65 | return    0.600 | deliv   0.60 | blocked 33.4% | idle  1.0% | ent 0.746
  upd   66 | return    0.300 | deliv   0.30 | blocked 28.7% | idle  1.1% | ent 0.784
  upd   67 | return    0.400 | deliv   0.40 | blocked 28.2% | idle  1.0% | ent 0.784
  upd   68 | return    0.100 | deliv   0.10 | blocked 30.1% | idle  1.0% | ent 0.786
  upd   69 | return    0.200 | deliv   0.20 | blocked 28.7% | idle  1.0% | ent 0.803
  upd   70 | return    0.200 | deliv   0.20 | blocked 28.7% | idle  1.0% | ent 0.799
  upd   71 | return    0.500 | deliv   0.50 | blocked 26.7% | idle  1.4% | ent 0.838
  upd   72 | return    0.100 | deliv   0.10 | blocked 28.9% | idle  1.2% | ent 0.807
  upd   73 | return    0.500 | deliv   0.50 | blocked 30.2% | idle  1.2% | ent 0.797
  upd   74 | return    0.400 | deliv   0.40 | blocked 29.9% | idle  0.9% | ent 0.786
  upd   75 | return    0.200 | deliv   0.20 | blocked 31.3% | idle  0.9% | ent 0.785
  upd   76 | return    0.300 | deliv   0.30 | blocked 25.7% | idle  1.2% | ent 0.821
  upd   77 | return    0.100 | deliv   0.10 | blocked 29.3% | idle  1.1% | ent 0.787
  upd   78 | return    0.300 | deliv   0.30 | blocked 30.4% | idle  0.9% | ent 0.772
  upd   79 | return    0.600 | deliv   0.60 | blocked 29.5% | idle  0.8% | ent 0.779
  upd   80 | return    0.100 | deliv   0.10 | blocked 32.5% | idle  0.8% | ent 0.755
  upd   81 | return    0.600 | deliv   0.60 | blocked 32.7% | idle  0.9% | ent 0.758
  upd   82 | return    0.300 | deliv   0.30 | blocked 33.6% | idle  0.9% | ent 0.746
  upd   83 | return    0.300 | deliv   0.30 | blocked 28.8% | idle  1.1% | ent 0.779
  upd   84 | return    0.300 | deliv   0.30 | blocked 28.4% | idle  1.2% | ent 0.793
  upd   85 | return    0.100 | deliv   0.10 | blocked 29.7% | idle  1.1% | ent 0.784
  upd   86 | return    0.200 | deliv   0.20 | blocked 28.9% | idle  1.0% | ent 0.784
  upd   87 | return    0.200 | deliv   0.20 | blocked 29.2% | idle  1.0% | ent 0.790
  upd   88 | return    0.500 | deliv   0.50 | blocked 28.4% | idle  0.9% | ent 0.782
  upd   89 | return    0.400 | deliv   0.40 | blocked 27.9% | idle  1.0% | ent 0.779
  upd   90 | return    0.200 | deliv   0.20 | blocked 27.6% | idle  0.8% | ent 0.778
  upd   91 | return    0.300 | deliv   0.30 | blocked 29.6% | idle  0.7% | ent 0.757
  upd   92 | return    0.400 | deliv   0.40 | blocked 28.2% | idle  0.7% | ent 0.755
  upd   93 | return    0.400 | deliv   0.40 | blocked 29.8% | idle  0.7% | ent 0.754
  upd   94 | return    0.500 | deliv   0.50 | blocked 29.1% | idle  0.7% | ent 0.753
  upd   95 | return    0.500 | deliv   0.50 | blocked 28.1% | idle  0.9% | ent 0.772
  upd   96 | return    0.200 | deliv   0.20 | blocked 27.3% | idle  0.7% | ent 0.761
  upd   97 | return    0.500 | deliv   0.50 | blocked 24.7% | idle  0.7% | ent 0.797
  upd   98 | return    0.200 | deliv   0.20 | blocked 26.6% | idle  0.8% | ent 0.786
  upd   99 | return    0.400 | deliv   0.40 | blocked 23.5% | idle  0.7% | ent 0.817
[commentary @ update 100]
  deliveries/episode ~0.3 ~   team return ~0.30 ~
  contention (forward-blocked) 27.8% ~   idle 1.8%
  barely any deliveries yet across the episode (early 0.1 / mid 0.1 / late 0.1)
  upd  100 | return    0.400 | deliv   0.40 | blocked 21.9% | idle  0.7% | ent 0.823
  upd  101 | return    0.200 | deliv   0.20 | blocked 22.6% | idle  0.8% | ent 0.831
  upd  102 | return    0.500 | deliv   0.50 | blocked 21.9% | idle  0.7% | ent 0.825
  upd  103 | return    0.600 | deliv   0.60 | blocked 22.3% | idle  0.8% | ent 0.831
  upd  104 | return    0.100 | deliv   0.10 | blocked 19.9% | idle  0.8% | ent 0.853
  upd  105 | return    0.100 | deliv   0.10 | blocked 21.8% | idle  0.7% | ent 0.827
  upd  106 | return    0.500 | deliv   0.50 | blocked 23.1% | idle  0.7% | ent 0.820
  upd  107 | return    0.300 | deliv   0.30 | blocked 21.9% | idle  0.8% | ent 0.831
  upd  108 | return    0.200 | deliv   0.20 | blocked 24.2% | idle  0.8% | ent 0.811
  upd  109 | return    0.500 | deliv   0.50 | blocked 27.2% | idle  0.6% | ent 0.795
  upd  110 | return    0.200 | deliv   0.20 | blocked 26.7% | idle  0.7% | ent 0.782
  upd  111 | return    0.100 | deliv   0.10 | blocked 29.2% | idle  0.6% | ent 0.751
  upd  112 | return    0.200 | deliv   0.20 | blocked 31.1% | idle  0.5% | ent 0.728
  upd  113 | return    0.400 | deliv   0.40 | blocked 32.8% | idle  0.6% | ent 0.700
  upd  114 | return    0.200 | deliv   0.20 | blocked 34.1% | idle  0.5% | ent 0.678
  upd  115 | return    0.100 | deliv   0.10 | blocked 39.2% | idle  0.5% | ent 0.645
  upd  116 | return    0.200 | deliv   0.20 | blocked 37.7% | idle  0.4% | ent 0.634
  upd  117 | return    0.400 | deliv   0.40 | blocked 38.7% | idle  0.6% | ent 0.619
  upd  118 | return    0.000 | deliv   0.00 | blocked 41.3% | idle  0.5% | ent 0.600
  upd  119 | return    0.200 | deliv   0.20 | blocked 37.6% | idle  0.7% | ent 0.637
  upd  120 | return    0.300 | deliv   0.30 | blocked 42.2% | idle  0.6% | ent 0.599
  upd  121 | return    0.000 | deliv   0.00 | blocked 40.3% | idle  0.5% | ent 0.600
  upd  122 | return    0.400 | deliv   0.40 | blocked 41.1% | idle  0.5% | ent 0.603
  upd  123 | return    0.400 | deliv   0.40 | blocked 37.8% | idle  0.6% | ent 0.620
  upd  124 | return    0.100 | deliv   0.10 | blocked 39.1% | idle  0.4% | ent 0.597
  upd  125 | return    0.000 | deliv   0.00 | blocked 40.2% | idle  0.6% | ent 0.599
  upd  126 | return    0.100 | deliv   0.10 | blocked 40.8% | idle  0.4% | ent 0.596
  upd  127 | return    0.300 | deliv   0.30 | blocked 40.1% | idle  0.6% | ent 0.607
  upd  128 | return    0.100 | deliv   0.10 | blocked 43.1% | idle  0.4% | ent 0.579
  upd  129 | return    0.100 | deliv   0.10 | blocked 39.6% | idle  0.6% | ent 0.600
  upd  130 | return    0.300 | deliv   0.30 | blocked 40.9% | idle  0.5% | ent 0.583
  upd  131 | return    0.000 | deliv   0.00 | blocked 42.3% | idle  0.5% | ent 0.579
  upd  132 | return    0.300 | deliv   0.30 | blocked 41.1% | idle  0.4% | ent 0.582
  upd  133 | return    0.200 | deliv   0.20 | blocked 41.9% | idle  0.5% | ent 0.579
  upd  134 | return    0.400 | deliv   0.40 | blocked 41.0% | idle  0.5% | ent 0.583
  upd  135 | return    0.100 | deliv   0.10 | blocked 38.4% | idle  0.6% | ent 0.614
  upd  136 | return    0.100 | deliv   0.10 | blocked 35.1% | idle  0.5% | ent 0.636
  upd  137 | return    0.200 | deliv   0.20 | blocked 31.0% | idle  0.7% | ent 0.681
  upd  138 | return    0.100 | deliv   0.10 | blocked 34.0% | idle  0.4% | ent 0.660
  upd  139 | return    0.000 | deliv   0.00 | blocked 33.8% | idle  0.6% | ent 0.669
  upd  140 | return    0.300 | deliv   0.30 | blocked 30.2% | idle  0.6% | ent 0.686
  upd  141 | return    0.200 | deliv   0.20 | blocked 28.5% | idle  0.5% | ent 0.701
  upd  142 | return    0.200 | deliv   0.20 | blocked 26.9% | idle  0.6% | ent 0.713
  upd  143 | return    0.000 | deliv   0.00 | blocked 23.7% | idle  0.7% | ent 0.726
  upd  144 | return    0.300 | deliv   0.30 | blocked 26.9% | idle  0.5% | ent 0.704
  upd  145 | return    0.100 | deliv   0.10 | blocked 26.5% | idle  0.6% | ent 0.719
  upd  146 | return    0.200 | deliv   0.20 | blocked 25.6% | idle  0.6% | ent 0.725
  upd  147 | return    0.100 | deliv   0.10 | blocked 25.0% | idle  0.6% | ent 0.736
  upd  148 | return    0.300 | deliv   0.30 | blocked 25.4% | idle  0.7% | ent 0.751
  upd  149 | return    0.200 | deliv   0.20 | blocked 25.0% | idle  0.7% | ent 0.737
  upd  150 | return    0.000 | deliv   0.00 | blocked 29.9% | idle  0.5% | ent 0.707
  upd  151 | return    0.200 | deliv   0.20 | blocked 28.2% | idle  0.5% | ent 0.714
  upd  152 | return    0.100 | deliv   0.10 | blocked 29.3% | idle  0.6% | ent 0.718
  upd  153 | return    0.100 | deliv   0.10 | blocked 27.5% | idle  0.5% | ent 0.715
  upd  154 | return    0.100 | deliv   0.10 | blocked 30.0% | idle  0.5% | ent 0.694
  upd  155 | return    0.300 | deliv   0.30 | blocked 29.1% | idle  0.5% | ent 0.705
  upd  156 | return    0.100 | deliv   0.10 | blocked 27.7% | idle  0.6% | ent 0.709
  upd  157 | return    0.200 | deliv   0.20 | blocked 28.2% | idle  0.6% | ent 0.714
  upd  158 | return    0.100 | deliv   0.10 | blocked 29.0% | idle  0.5% | ent 0.704
  upd  159 | return    0.300 | deliv   0.30 | blocked 27.8% | idle  0.5% | ent 0.713
  upd  160 | return    0.200 | deliv   0.20 | blocked 28.8% | idle  0.4% | ent 0.702
  upd  161 | return    0.300 | deliv   0.30 | blocked 32.2% | idle  0.5% | ent 0.681
  upd  162 | return    0.100 | deliv   0.10 | blocked 29.5% | idle  0.6% | ent 0.689
  upd  163 | return    0.200 | deliv   0.20 | blocked 34.4% | idle  0.5% | ent 0.655
  upd  164 | return    0.000 | deliv   0.00 | blocked 35.4% | idle  0.5% | ent 0.666
  upd  165 | return    0.000 | deliv   0.00 | blocked 35.0% | idle  0.5% | ent 0.668
  upd  166 | return    0.200 | deliv   0.20 | blocked 34.2% | idle  0.5% | ent 0.677
  upd  167 | return    0.100 | deliv   0.10 | blocked 34.2% | idle  0.3% | ent 0.668
  upd  168 | return    0.100 | deliv   0.10 | blocked 30.0% | idle  0.6% | ent 0.696
  upd  169 | return    0.000 | deliv   0.00 | blocked 31.0% | idle  0.5% | ent 0.686
  upd  170 | return    0.100 | deliv   0.10 | blocked 30.8% | idle  0.6% | ent 0.703
  upd  171 | return    0.300 | deliv   0.30 | blocked 33.6% | idle  0.5% | ent 0.682
  upd  172 | return    0.400 | deliv   0.40 | blocked 32.6% | idle  0.5% | ent 0.686
  upd  173 | return    0.100 | deliv   0.10 | blocked 36.2% | idle  0.4% | ent 0.677
  upd  174 | return    0.200 | deliv   0.20 | blocked 33.6% | idle  0.5% | ent 0.693
  upd  175 | return    0.300 | deliv   0.30 | blocked 30.6% | idle  0.5% | ent 0.709
  upd  176 | return    0.200 | deliv   0.20 | blocked 33.5% | idle  0.4% | ent 0.704
  upd  177 | return    0.200 | deliv   0.20 | blocked 30.0% | idle  0.5% | ent 0.728
  upd  178 | return    0.200 | deliv   0.20 | blocked 33.6% | idle  0.3% | ent 0.727
  upd  179 | return    0.200 | deliv   0.20 | blocked 31.2% | idle  0.5% | ent 0.732
  upd  180 | return    0.100 | deliv   0.10 | blocked 29.2% | idle  0.6% | ent 0.758
  upd  181 | return    0.400 | deliv   0.40 | blocked 29.8% | idle  0.5% | ent 0.763
  upd  182 | return    0.100 | deliv   0.10 | blocked 30.0% | idle  0.5% | ent 0.770
  upd  183 | return    0.200 | deliv   0.20 | blocked 28.3% | idle  0.6% | ent 0.784
  upd  184 | return    0.100 | deliv   0.10 | blocked 29.0% | idle  0.5% | ent 0.791
  upd  185 | return    0.100 | deliv   0.10 | blocked 28.2% | idle  0.5% | ent 0.801
  upd  186 | return    0.300 | deliv   0.30 | blocked 29.2% | idle  0.5% | ent 0.809
  upd  187 | return    0.200 | deliv   0.20 | blocked 24.9% | idle  0.5% | ent 0.835
  upd  188 | return    0.200 | deliv   0.20 | blocked 25.2% | idle  0.6% | ent 0.833
  upd  189 | return    0.000 | deliv   0.00 | blocked 24.0% | idle  0.4% | ent 0.834
  upd  190 | return    0.200 | deliv   0.20 | blocked 23.3% | idle  0.6% | ent 0.849
  upd  191 | return    0.000 | deliv   0.00 | blocked 24.3% | idle  0.4% | ent 0.840
  upd  192 | return    0.200 | deliv   0.20 | blocked 22.8% | idle  0.4% | ent 0.818
  upd  193 | return    0.100 | deliv   0.10 | blocked 26.0% | idle  0.6% | ent 0.822
  upd  194 | return    0.100 | deliv   0.10 | blocked 26.2% | idle  0.5% | ent 0.794
  upd  195 | return    0.000 | deliv   0.00 | blocked 30.6% | idle  0.5% | ent 0.778
  upd  196 | return    0.000 | deliv   0.00 | blocked 32.2% | idle  0.4% | ent 0.779
  upd  197 | return    0.000 | deliv   0.00 | blocked 31.1% | idle  0.4% | ent 0.768
  upd  198 | return    0.000 | deliv   0.00 | blocked 33.5% | idle  0.3% | ent 0.757
  upd  199 | return    0.300 | deliv   0.30 | blocked 31.5% | idle  0.4% | ent 0.763
[commentary @ update 200]
  deliveries/episode ~0.2 ▼   team return ~0.18 ▼
  contention (forward-blocked) 31.2% ▲   idle 0.5%
  barely any deliveries yet across the episode (early 0.1 / mid 0.1 / late 0.1)
  upd  200 | return    0.200 | deliv   0.20 | blocked 33.2% | idle  0.4% | ent 0.747
  upd  201 | return    0.200 | deliv   0.20 | blocked 35.0% | idle  0.5% | ent 0.742
  upd  202 | return    0.000 | deliv   0.00 | blocked 35.1% | idle  0.5% | ent 0.723
  upd  203 | return    0.200 | deliv   0.20 | blocked 38.2% | idle  0.4% | ent 0.706
  upd  204 | return    0.000 | deliv   0.00 | blocked 41.3% | idle  0.4% | ent 0.692
  upd  205 | return    0.000 | deliv   0.00 | blocked 36.3% | idle  0.5% | ent 0.706
  upd  206 | return    0.300 | deliv   0.30 | blocked 34.4% | idle  0.5% | ent 0.711
  upd  207 | return    0.100 | deliv   0.10 | blocked 38.6% | idle  0.5% | ent 0.706
  upd  208 | return    0.100 | deliv   0.10 | blocked 38.1% | idle  0.5% | ent 0.717
  upd  209 | return    0.100 | deliv   0.10 | blocked 34.6% | idle  0.6% | ent 0.735
  upd  210 | return    0.100 | deliv   0.10 | blocked 36.3% | idle  0.5% | ent 0.749
  upd  211 | return    0.000 | deliv   0.00 | blocked 33.7% | idle  0.6% | ent 0.771
  upd  212 | return    0.100 | deliv   0.10 | blocked 31.5% | idle  0.6% | ent 0.797
  upd  213 | return    0.100 | deliv   0.10 | blocked 33.0% | idle  0.6% | ent 0.802
  upd  214 | return    0.000 | deliv   0.00 | blocked 30.4% | idle  0.5% | ent 0.817
  upd  215 | return    0.100 | deliv   0.10 | blocked 28.8% | idle  0.6% | ent 0.830
  upd  216 | return    0.300 | deliv   0.30 | blocked 29.5% | idle  0.5% | ent 0.844
  upd  217 | return    0.000 | deliv   0.00 | blocked 29.1% | idle  0.6% | ent 0.872
  upd  218 | return    0.000 | deliv   0.00 | blocked 26.4% | idle  0.7% | ent 0.891
  upd  219 | return    0.100 | deliv   0.10 | blocked 23.4% | idle  0.7% | ent 0.911
  upd  220 | return    0.200 | deliv   0.20 | blocked 20.5% | idle  0.7% | ent 0.927
  upd  221 | return    0.100 | deliv   0.10 | blocked 20.4% | idle  0.7% | ent 0.953
  upd  222 | return    0.000 | deliv   0.00 | blocked 19.4% | idle  0.8% | ent 0.953
  upd  223 | return    0.000 | deliv   0.00 | blocked 19.3% | idle  0.8% | ent 0.963
  upd  224 | return    0.100 | deliv   0.10 | blocked 18.1% | idle  0.7% | ent 0.954
  upd  225 | return    0.000 | deliv   0.00 | blocked 17.1% | idle  0.8% | ent 0.967
  upd  226 | return    0.000 | deliv   0.00 | blocked 17.8% | idle  0.8% | ent 0.975
  upd  227 | return    0.000 | deliv   0.00 | blocked 17.5% | idle  0.7% | ent 0.992
  upd  228 | return    0.200 | deliv   0.20 | blocked 15.9% | idle  0.9% | ent 0.984
  upd  229 | return    0.000 | deliv   0.00 | blocked 15.6% | idle  0.8% | ent 0.971
  upd  230 | return    0.200 | deliv   0.20 | blocked 15.5% | idle  0.8% | ent 0.984
  upd  231 | return    0.100 | deliv   0.10 | blocked 14.8% | idle  0.9% | ent 0.974
  upd  232 | return    0.000 | deliv   0.00 | blocked 16.2% | idle  0.9% | ent 0.971
  upd  233 | return    0.000 | deliv   0.00 | blocked 16.8% | idle  0.7% | ent 0.985
  upd  234 | return    0.000 | deliv   0.00 | blocked 15.0% | idle  0.8% | ent 0.978
  upd  235 | return    0.100 | deliv   0.10 | blocked 13.7% | idle  0.7% | ent 0.972
  upd  236 | return    0.200 | deliv   0.20 | blocked 15.0% | idle  0.7% | ent 0.979
  upd  237 | return    0.000 | deliv   0.00 | blocked 15.4% | idle  0.8% | ent 0.980
  upd  238 | return    0.200 | deliv   0.20 | blocked 16.7% | idle  0.7% | ent 0.991
  upd  239 | return    0.300 | deliv   0.30 | blocked 17.4% | idle  0.7% | ent 0.985
  upd  240 | return    0.200 | deliv   0.20 | blocked 17.6% | idle  0.7% | ent 0.972
  upd  241 | return    0.100 | deliv   0.10 | blocked 21.6% | idle  0.7% | ent 0.975
  upd  242 | return    0.000 | deliv   0.00 | blocked 25.7% | idle  0.7% | ent 0.950
  upd  243 | return    0.000 | deliv   0.00 | blocked 26.4% | idle  0.7% | ent 0.921
  upd  244 | return    0.100 | deliv   0.10 | blocked 28.1% | idle  0.5% | ent 0.903
  upd  245 | return    0.100 | deliv   0.10 | blocked 32.7% | idle  0.7% | ent 0.887
  upd  246 | return    0.100 | deliv   0.10 | blocked 34.1% | idle  0.4% | ent 0.861
  upd  247 | return    0.000 | deliv   0.00 | blocked 39.4% | idle  0.5% | ent 0.829
  upd  248 | return    0.400 | deliv   0.40 | blocked 37.6% | idle  0.6% | ent 0.824
  upd  249 | return    0.000 | deliv   0.00 | blocked 39.3% | idle  0.5% | ent 0.805
  upd  250 | return    0.000 | deliv   0.00 | blocked 37.7% | idle  0.5% | ent 0.805
  upd  251 | return    0.100 | deliv   0.10 | blocked 42.3% | idle  0.5% | ent 0.794
  upd  252 | return    0.200 | deliv   0.20 | blocked 41.1% | idle  0.5% | ent 0.795
  upd  253 | return    0.200 | deliv   0.20 | blocked 37.4% | idle  0.4% | ent 0.796
  upd  254 | return    0.000 | deliv   0.00 | blocked 42.5% | idle  0.5% | ent 0.762
  upd  255 | return    0.300 | deliv   0.30 | blocked 42.7% | idle  0.4% | ent 0.750
  upd  256 | return    0.100 | deliv   0.10 | blocked 47.5% | idle  0.4% | ent 0.714
  upd  257 | return    0.300 | deliv   0.30 | blocked 46.5% | idle  0.4% | ent 0.702
  upd  258 | return    0.000 | deliv   0.00 | blocked 48.5% | idle  0.5% | ent 0.691
  upd  259 | return    0.000 | deliv   0.00 | blocked 50.4% | idle  0.4% | ent 0.670
  upd  260 | return    0.000 | deliv   0.00 | blocked 50.8% | idle  0.4% | ent 0.663
  upd  261 | return    0.000 | deliv   0.00 | blocked 51.2% | idle  0.3% | ent 0.653
  upd  262 | return    0.100 | deliv   0.10 | blocked 49.9% | idle  0.3% | ent 0.650
  upd  263 | return    0.100 | deliv   0.10 | blocked 53.3% | idle  0.4% | ent 0.649
  upd  264 | return    0.100 | deliv   0.10 | blocked 51.0% | idle  0.4% | ent 0.660
  upd  265 | return    0.100 | deliv   0.10 | blocked 50.6% | idle  0.4% | ent 0.665
  upd  266 | return    0.000 | deliv   0.00 | blocked 52.5% | idle  0.4% | ent 0.659
  upd  267 | return    0.200 | deliv   0.20 | blocked 52.7% | idle  0.3% | ent 0.661
  upd  268 | return    0.100 | deliv   0.10 | blocked 49.9% | idle  0.4% | ent 0.681
  upd  269 | return    0.000 | deliv   0.00 | blocked 49.3% | idle  0.4% | ent 0.676
  upd  270 | return    0.100 | deliv   0.10 | blocked 52.8% | idle  0.4% | ent 0.674
  upd  271 | return    0.000 | deliv   0.00 | blocked 50.5% | idle  0.3% | ent 0.671
  upd  272 | return    0.000 | deliv   0.00 | blocked 52.2% | idle  0.4% | ent 0.668
  upd  273 | return    0.000 | deliv   0.00 | blocked 54.1% | idle  0.4% | ent 0.663
  upd  274 | return    0.000 | deliv   0.00 | blocked 54.6% | idle  0.3% | ent 0.656
  upd  275 | return    0.000 | deliv   0.00 | blocked 53.3% | idle  0.4% | ent 0.663
  upd  276 | return    0.000 | deliv   0.00 | blocked 51.2% | idle  0.3% | ent 0.672
  upd  277 | return    0.000 | deliv   0.00 | blocked 52.5% | idle  0.4% | ent 0.671
  upd  278 | return    0.200 | deliv   0.20 | blocked 50.1% | idle  0.4% | ent 0.679
  upd  279 | return    0.000 | deliv   0.00 | blocked 49.7% | idle  0.4% | ent 0.699
  upd  280 | return    0.000 | deliv   0.00 | blocked 49.9% | idle  0.4% | ent 0.710
  upd  281 | return    0.100 | deliv   0.10 | blocked 50.7% | idle  0.4% | ent 0.720
  upd  282 | return    0.000 | deliv   0.00 | blocked 46.6% | idle  0.4% | ent 0.741
  upd  283 | return    0.100 | deliv   0.10 | blocked 47.2% | idle  0.4% | ent 0.745
  upd  284 | return    0.000 | deliv   0.00 | blocked 47.4% | idle  0.4% | ent 0.753
  upd  285 | return    0.400 | deliv   0.40 | blocked 44.4% | idle  0.5% | ent 0.768
  upd  286 | return    0.100 | deliv   0.10 | blocked 44.8% | idle  0.4% | ent 0.753
  upd  287 | return    0.000 | deliv   0.00 | blocked 46.3% | idle  0.4% | ent 0.733
  upd  288 | return    0.100 | deliv   0.10 | blocked 48.7% | idle  0.4% | ent 0.718
  upd  289 | return    0.000 | deliv   0.00 | blocked 48.4% | idle  0.3% | ent 0.709
  upd  290 | return    0.200 | deliv   0.20 | blocked 50.3% | idle  0.4% | ent 0.697
  upd  291 | return    0.000 | deliv   0.00 | blocked 49.5% | idle  0.4% | ent 0.683
  upd  292 | return    0.100 | deliv   0.10 | blocked 51.7% | idle  0.3% | ent 0.661
  upd  293 | return    0.100 | deliv   0.10 | blocked 52.7% | idle  0.3% | ent 0.643
  upd  294 | return    0.000 | deliv   0.00 | blocked 52.7% | idle  0.4% | ent 0.645
  upd  295 | return    0.000 | deliv   0.00 | blocked 52.4% | idle  0.3% | ent 0.651
  upd  296 | return    0.000 | deliv   0.00 | blocked 52.8% | idle  0.3% | ent 0.654
  upd  297 | return    0.000 | deliv   0.00 | blocked 54.2% | idle  0.3% | ent 0.654
  upd  298 | return    0.200 | deliv   0.20 | blocked 51.1% | idle  0.4% | ent 0.669
  upd  299 | return    0.000 | deliv   0.00 | blocked 51.8% | idle  0.3% | ent 0.669
[commentary @ update 300]
  deliveries/episode ~0.1 ▼   team return ~0.08 ▼
  contention (forward-blocked) 37.7% ▲   idle 0.5%
  barely any deliveries yet across the episode (early 0.0 / mid 0.0 / late 0.0)
  upd  300 | return    0.200 | deliv   0.20 | blocked 51.5% | idle  0.3% | ent 0.676
  upd  301 | return    0.000 | deliv   0.00 | blocked 51.5% | idle  0.4% | ent 0.697
  upd  302 | return    0.000 | deliv   0.00 | blocked 47.2% | idle  0.4% | ent 0.728
  upd  303 | return    0.000 | deliv   0.00 | blocked 46.7% | idle  0.4% | ent 0.740
  upd  304 | return    0.000 | deliv   0.00 | blocked 47.8% | idle  0.3% | ent 0.764
  upd  305 | return    0.200 | deliv   0.20 | blocked 45.1% | idle  0.4% | ent 0.783
  upd  306 | return    0.100 | deliv   0.10 | blocked 41.0% | idle  0.4% | ent 0.794
  upd  307 | return    0.100 | deliv   0.10 | blocked 41.9% | idle  0.5% | ent 0.808
  upd  308 | return    0.000 | deliv   0.00 | blocked 45.1% | idle  0.4% | ent 0.797
  upd  309 | return    0.000 | deliv   0.00 | blocked 44.8% | idle  0.4% | ent 0.796
  upd  310 | return    0.000 | deliv   0.00 | blocked 44.5% | idle  0.4% | ent 0.797
  upd  311 | return    0.000 | deliv   0.00 | blocked 42.6% | idle  0.4% | ent 0.798
  upd  312 | return    0.000 | deliv   0.00 | blocked 44.7% | idle  0.4% | ent 0.796
  upd  313 | return    0.000 | deliv   0.00 | blocked 43.8% | idle  0.4% | ent 0.800
  upd  314 | return    0.100 | deliv   0.10 | blocked 43.8% | idle  0.4% | ent 0.801
  upd  315 | return    0.100 | deliv   0.10 | blocked 45.1% | idle  0.5% | ent 0.799
  upd  316 | return    0.000 | deliv   0.00 | blocked 47.1% | idle  0.5% | ent 0.805
  upd  317 | return    0.000 | deliv   0.00 | blocked 44.2% | idle  0.5% | ent 0.802
  upd  318 | return    0.000 | deliv   0.00 | blocked 45.5% | idle  0.5% | ent 0.807
  upd  319 | return    0.000 | deliv   0.00 | blocked 43.3% | idle  0.5% | ent 0.815
  upd  320 | return    0.000 | deliv   0.00 | blocked 43.8% | idle  0.5% | ent 0.812
  upd  321 | return    0.000 | deliv   0.00 | blocked 43.7% | idle  0.5% | ent 0.819
  upd  322 | return    0.000 | deliv   0.00 | blocked 40.9% | idle  0.5% | ent 0.827
  upd  323 | return    0.000 | deliv   0.00 | blocked 41.9% | idle  0.5% | ent 0.837
  upd  324 | return    0.100 | deliv   0.10 | blocked 43.0% | idle  0.6% | ent 0.841
  upd  325 | return    0.200 | deliv   0.20 | blocked 43.9% | idle  0.6% | ent 0.831
  upd  326 | return    0.200 | deliv   0.20 | blocked 44.3% | idle  0.5% | ent 0.830
  upd  327 | return    0.200 | deliv   0.20 | blocked 43.3% | idle  0.5% | ent 0.824
  upd  328 | return    0.000 | deliv   0.00 | blocked 45.2% | idle  0.4% | ent 0.815
  upd  329 | return    0.000 | deliv   0.00 | blocked 41.5% | idle  0.5% | ent 0.813
  upd  330 | return    0.100 | deliv   0.10 | blocked 44.4% | idle  0.4% | ent 0.813
  upd  331 | return    0.000 | deliv   0.00 | blocked 44.6% | idle  0.5% | ent 0.806
  upd  332 | return    0.100 | deliv   0.10 | blocked 42.3% | idle  0.4% | ent 0.814
  upd  333 | return    0.000 | deliv   0.00 | blocked 45.0% | idle  0.4% | ent 0.809
  upd  334 | return    0.300 | deliv   0.30 | blocked 44.3% | idle  0.4% | ent 0.802
  upd  335 | return    0.100 | deliv   0.10 | blocked 44.7% | idle  0.5% | ent 0.823
  upd  336 | return    0.100 | deliv   0.10 | blocked 43.1% | idle  0.5% | ent 0.837
  upd  337 | return    0.100 | deliv   0.10 | blocked 41.9% | idle  0.5% | ent 0.842
  upd  338 | return    0.000 | deliv   0.00 | blocked 41.0% | idle  0.5% | ent 0.839
  upd  339 | return    0.100 | deliv   0.10 | blocked 41.7% | idle  0.5% | ent 0.842
  upd  340 | return    0.200 | deliv   0.20 | blocked 42.1% | idle  0.5% | ent 0.822
  upd  341 | return    0.200 | deliv   0.20 | blocked 44.0% | idle  0.5% | ent 0.817
  upd  342 | return    0.000 | deliv   0.00 | blocked 43.0% | idle  0.4% | ent 0.825
  upd  343 | return    0.300 | deliv   0.30 | blocked 44.6% | idle  0.5% | ent 0.828
  upd  344 | return    0.100 | deliv   0.10 | blocked 42.5% | idle  0.5% | ent 0.809
  upd  345 | return    0.300 | deliv   0.30 | blocked 45.1% | idle  0.4% | ent 0.806
  upd  346 | return    0.000 | deliv   0.00 | blocked 45.6% | idle  0.5% | ent 0.808
  upd  347 | return    0.200 | deliv   0.20 | blocked 45.3% | idle  0.5% | ent 0.808
  upd  348 | return    0.300 | deliv   0.30 | blocked 47.7% | idle  0.5% | ent 0.794
  upd  349 | return    0.100 | deliv   0.10 | blocked 47.1% | idle  0.6% | ent 0.788
  upd  350 | return    0.200 | deliv   0.20 | blocked 49.4% | idle  0.3% | ent 0.761
  upd  351 | return    0.100 | deliv   0.10 | blocked 52.2% | idle  0.4% | ent 0.747
  upd  352 | return    0.100 | deliv   0.10 | blocked 51.4% | idle  0.4% | ent 0.733
  upd  353 | return    0.000 | deliv   0.00 | blocked 53.7% | idle  0.5% | ent 0.705
  upd  354 | return    0.000 | deliv   0.00 | blocked 56.9% | idle  0.4% | ent 0.678
  upd  355 | return    0.100 | deliv   0.10 | blocked 59.7% | idle  0.3% | ent 0.656
  upd  356 | return    0.400 | deliv   0.40 | blocked 58.9% | idle  0.3% | ent 0.642
  upd  357 | return    0.000 | deliv   0.00 | blocked 58.3% | idle  0.5% | ent 0.677
  upd  358 | return    0.000 | deliv   0.00 | blocked 57.0% | idle  0.5% | ent 0.702
  upd  359 | return    0.000 | deliv   0.00 | blocked 56.9% | idle  0.5% | ent 0.727
  upd  360 | return    0.300 | deliv   0.30 | blocked 56.0% | idle  0.7% | ent 0.748
  upd  361 | return    0.200 | deliv   0.20 | blocked 50.2% | idle  0.6% | ent 0.806
  upd  362 | return    0.100 | deliv   0.10 | blocked 45.6% | idle  0.9% | ent 0.852
  upd  363 | return    0.000 | deliv   0.00 | blocked 43.7% | idle  0.7% | ent 0.880
  upd  364 | return    0.000 | deliv   0.00 | blocked 43.2% | idle  0.9% | ent 0.913
  upd  365 | return    0.200 | deliv   0.20 | blocked 39.5% | idle  0.9% | ent 0.939
  upd  366 | return    0.200 | deliv   0.20 | blocked 38.5% | idle  1.1% | ent 0.952
  upd  367 | return    0.000 | deliv   0.00 | blocked 36.0% | idle  0.9% | ent 0.957
  upd  368 | return    0.100 | deliv   0.10 | blocked 36.7% | idle  1.1% | ent 0.969
  upd  369 | return    0.000 | deliv   0.00 | blocked 34.3% | idle  1.1% | ent 0.982
  upd  370 | return    0.200 | deliv   0.20 | blocked 32.4% | idle  1.1% | ent 0.979
  upd  371 | return    0.000 | deliv   0.00 | blocked 33.9% | idle  1.2% | ent 0.988
  upd  372 | return    0.100 | deliv   0.10 | blocked 33.5% | idle  1.2% | ent 0.987
  upd  373 | return    0.100 | deliv   0.10 | blocked 33.5% | idle  1.1% | ent 0.977
  upd  374 | return    0.200 | deliv   0.20 | blocked 35.0% | idle  1.0% | ent 0.967
  upd  375 | return    0.000 | deliv   0.00 | blocked 31.1% | idle  1.2% | ent 0.957
  upd  376 | return    0.000 | deliv   0.00 | blocked 33.2% | idle  1.3% | ent 0.993
  upd  377 | return    0.100 | deliv   0.10 | blocked 31.7% | idle  1.2% | ent 0.996
  upd  378 | return    0.200 | deliv   0.20 | blocked 30.2% | idle  1.4% | ent 0.979
  upd  379 | return    0.000 | deliv   0.00 | blocked 31.5% | idle  1.7% | ent 0.989
  upd  380 | return    0.000 | deliv   0.00 | blocked 30.9% | idle  1.5% | ent 0.995
  upd  381 | return    0.100 | deliv   0.10 | blocked 31.0% | idle  1.9% | ent 0.990
  upd  382 | return    0.000 | deliv   0.00 | blocked 31.3% | idle  1.8% | ent 1.010
  upd  383 | return    0.200 | deliv   0.20 | blocked 28.7% | idle  1.7% | ent 1.000
  upd  384 | return    0.000 | deliv   0.00 | blocked 30.6% | idle  1.9% | ent 0.995
  upd  385 | return    0.200 | deliv   0.20 | blocked 30.6% | idle  1.9% | ent 0.984
  upd  386 | return    0.100 | deliv   0.10 | blocked 35.0% | idle  1.7% | ent 0.975
  upd  387 | return    0.000 | deliv   0.00 | blocked 37.8% | idle  1.8% | ent 0.940
  upd  388 | return    0.200 | deliv   0.20 | blocked 41.7% | idle  1.8% | ent 0.913
  upd  389 | return    0.000 | deliv   0.00 | blocked 46.2% | idle  1.9% | ent 0.877
  upd  390 | return    0.000 | deliv   0.00 | blocked 47.6% | idle  1.9% | ent 0.833
  upd  391 | return    0.200 | deliv   0.20 | blocked 49.5% | idle  1.8% | ent 0.792
  upd  392 | return    0.100 | deliv   0.10 | blocked 54.6% | idle  1.8% | ent 0.754
  upd  393 | return    0.000 | deliv   0.00 | blocked 56.4% | idle  1.9% | ent 0.724
  upd  394 | return    0.100 | deliv   0.10 | blocked 58.0% | idle  1.6% | ent 0.698
  upd  395 | return    0.000 | deliv   0.00 | blocked 61.4% | idle  1.5% | ent 0.666
  upd  396 | return    0.100 | deliv   0.10 | blocked 62.8% | idle  1.4% | ent 0.638
  upd  397 | return    0.000 | deliv   0.00 | blocked 64.7% | idle  1.7% | ent 0.609
  upd  398 | return    0.100 | deliv   0.10 | blocked 65.2% | idle  1.4% | ent 0.590
  upd  399 | return    0.100 | deliv   0.10 | blocked 66.3% | idle  1.5% | ent 0.580
[commentary @ update 400]
  deliveries/episode ~0.1 ▼   team return ~0.09 ▼
  contention (forward-blocked) 44.5% ▲   idle 0.8%
  barely any deliveries yet across the episode (early 0.0 / mid 0.0 / late 0.0)
  upd  400 | return    0.200 | deliv   0.20 | blocked 64.5% | idle  1.7% | ent 0.581
  upd  401 | return    0.000 | deliv   0.00 | blocked 64.5% | idle  1.9% | ent 0.624
  upd  402 | return    0.100 | deliv   0.10 | blocked 60.3% | idle  2.0% | ent 0.659
  upd  403 | return    0.000 | deliv   0.00 | blocked 59.8% | idle  2.2% | ent 0.695
  upd  404 | return    0.000 | deliv   0.00 | blocked 58.8% | idle  2.3% | ent 0.729
  upd  405 | return    0.400 | deliv   0.40 | blocked 56.9% | idle  2.5% | ent 0.751
  upd  406 | return    0.000 | deliv   0.00 | blocked 55.6% | idle  2.5% | ent 0.775
  upd  407 | return    0.100 | deliv   0.10 | blocked 54.3% | idle  2.9% | ent 0.798
  upd  408 | return    0.200 | deliv   0.20 | blocked 51.5% | idle  2.7% | ent 0.819
  upd  409 | return    0.300 | deliv   0.30 | blocked 52.3% | idle  3.0% | ent 0.816
  upd  410 | return    0.400 | deliv   0.40 | blocked 54.2% | idle  2.6% | ent 0.807
  upd  411 | return    0.300 | deliv   0.30 | blocked 53.1% | idle  2.3% | ent 0.815
  upd  412 | return    0.200 | deliv   0.20 | blocked 52.5% | idle  2.6% | ent 0.830
  upd  413 | return    0.200 | deliv   0.20 | blocked 52.6% | idle  2.6% | ent 0.822
  upd  414 | return    0.200 | deliv   0.20 | blocked 49.9% | idle  2.7% | ent 0.840
  upd  415 | return    0.200 | deliv   0.20 | blocked 49.1% | idle  2.8% | ent 0.858
  upd  416 | return    0.000 | deliv   0.00 | blocked 47.9% | idle  3.0% | ent 0.889
  upd  417 | return    0.100 | deliv   0.10 | blocked 45.4% | idle  3.0% | ent 0.907
  upd  418 | return    0.200 | deliv   0.20 | blocked 45.4% | idle  3.2% | ent 0.917
  upd  419 | return    0.100 | deliv   0.10 | blocked 40.6% | idle  2.9% | ent 0.914
  upd  420 | return    0.000 | deliv   0.00 | blocked 42.8% | idle  3.0% | ent 0.932
  upd  421 | return    0.000 | deliv   0.00 | blocked 43.0% | idle  2.9% | ent 0.929
  upd  422 | return    0.100 | deliv   0.10 | blocked 41.1% | idle  3.1% | ent 0.937
  upd  423 | return    0.000 | deliv   0.00 | blocked 43.1% | idle  2.7% | ent 0.935
  upd  424 | return    0.100 | deliv   0.10 | blocked 40.4% | idle  2.6% | ent 0.933
  upd  425 | return    0.000 | deliv   0.00 | blocked 40.1% | idle  2.5% | ent 0.939
  upd  426 | return    0.000 | deliv   0.00 | blocked 39.6% | idle  2.6% | ent 0.940
  upd  427 | return    0.000 | deliv   0.00 | blocked 37.5% | idle  2.3% | ent 0.935
  upd  428 | return    0.000 | deliv   0.00 | blocked 38.9% | idle  2.2% | ent 0.939
  upd  429 | return    0.100 | deliv   0.10 | blocked 38.0% | idle  2.2% | ent 0.923
  upd  430 | return    0.100 | deliv   0.10 | blocked 35.8% | idle  2.2% | ent 0.935
  upd  431 | return    0.000 | deliv   0.00 | blocked 36.7% | idle  2.0% | ent 0.931
  upd  432 | return    0.000 | deliv   0.00 | blocked 34.9% | idle  2.3% | ent 0.937
  upd  433 | return    0.100 | deliv   0.10 | blocked 35.1% | idle  2.0% | ent 0.946
  upd  434 | return    0.000 | deliv   0.00 | blocked 33.7% | idle  2.2% | ent 0.934
  upd  435 | return    0.000 | deliv   0.00 | blocked 34.5% | idle  2.2% | ent 0.946
  upd  436 | return    0.000 | deliv   0.00 | blocked 35.9% | idle  2.5% | ent 0.958
  upd  437 | return    0.000 | deliv   0.00 | blocked 34.3% | idle  2.2% | ent 0.955
  upd  438 | return    0.100 | deliv   0.10 | blocked 34.2% | idle  2.4% | ent 0.958
  upd  439 | return    0.000 | deliv   0.00 | blocked 34.8% | idle  2.6% | ent 0.953
  upd  440 | return    0.100 | deliv   0.10 | blocked 34.1% | idle  2.4% | ent 0.940
  upd  441 | return    0.000 | deliv   0.00 | blocked 35.8% | idle  2.7% | ent 0.955
  upd  442 | return    0.000 | deliv   0.00 | blocked 35.0% | idle  2.8% | ent 0.964
  upd  443 | return    0.100 | deliv   0.10 | blocked 35.5% | idle  2.5% | ent 0.955
  upd  444 | return    0.100 | deliv   0.10 | blocked 33.2% | idle  2.6% | ent 0.958
  upd  445 | return    0.000 | deliv   0.00 | blocked 31.3% | idle  2.5% | ent 0.961
  upd  446 | return    0.100 | deliv   0.10 | blocked 31.3% | idle  2.8% | ent 0.976
  upd  447 | return    0.000 | deliv   0.00 | blocked 29.9% | idle  2.5% | ent 0.965
  upd  448 | return    0.200 | deliv   0.20 | blocked 29.9% | idle  2.6% | ent 0.986
  upd  449 | return    0.000 | deliv   0.00 | blocked 28.9% | idle  2.6% | ent 0.975
  upd  450 | return    0.300 | deliv   0.30 | blocked 31.0% | idle  2.5% | ent 0.969
  upd  451 | return    0.100 | deliv   0.10 | blocked 26.7% | idle  2.4% | ent 0.971
  upd  452 | return    0.100 | deliv   0.10 | blocked 25.7% | idle  2.4% | ent 0.974
  upd  453 | return    0.000 | deliv   0.00 | blocked 24.4% | idle  2.3% | ent 0.981
  upd  454 | return    0.000 | deliv   0.00 | blocked 22.6% | idle  2.0% | ent 0.970
  upd  455 | return    0.100 | deliv   0.10 | blocked 22.1% | idle  2.1% | ent 0.962
  upd  456 | return    0.000 | deliv   0.00 | blocked 21.5% | idle  2.1% | ent 0.965
  upd  457 | return    0.100 | deliv   0.10 | blocked 20.5% | idle  2.0% | ent 0.964
  upd  458 | return    0.100 | deliv   0.10 | blocked 17.0% | idle  2.3% | ent 0.949
  upd  459 | return    0.100 | deliv   0.10 | blocked 16.0% | idle  2.4% | ent 0.941
  upd  460 | return    0.000 | deliv   0.00 | blocked 16.5% | idle  2.6% | ent 0.967
  upd  461 | return    0.000 | deliv   0.00 | blocked 17.1% | idle  2.6% | ent 0.976
  upd  462 | return    0.000 | deliv   0.00 | blocked 15.9% | idle  2.9% | ent 0.969
  upd  463 | return    0.200 | deliv   0.20 | blocked 16.7% | idle  3.0% | ent 0.969
  upd  464 | return    0.000 | deliv   0.00 | blocked 15.0% | idle  3.2% | ent 0.981
  upd  465 | return    0.100 | deliv   0.10 | blocked 16.4% | idle  3.6% | ent 0.988
  upd  466 | return    0.200 | deliv   0.20 | blocked 15.6% | idle  3.7% | ent 0.978
  upd  467 | return    0.000 | deliv   0.00 | blocked 18.0% | idle  4.2% | ent 1.004
  upd  468 | return    0.000 | deliv   0.00 | blocked 17.2% | idle  4.0% | ent 1.000
  upd  469 | return    0.100 | deliv   0.10 | blocked 19.7% | idle  4.5% | ent 1.031
  upd  470 | return    0.000 | deliv   0.00 | blocked 20.7% | idle  4.5% | ent 1.044
  upd  471 | return    0.100 | deliv   0.10 | blocked 23.4% | idle  4.6% | ent 1.046
  upd  472 | return    0.100 | deliv   0.10 | blocked 24.1% | idle  4.7% | ent 1.054
  upd  473 | return    0.100 | deliv   0.10 | blocked 24.8% | idle  5.0% | ent 1.042
  upd  474 | return    0.000 | deliv   0.00 | blocked 25.1% | idle  5.0% | ent 1.059
  upd  475 | return    0.300 | deliv   0.30 | blocked 25.1% | idle  5.5% | ent 1.050
  upd  476 | return    0.000 | deliv   0.00 | blocked 28.5% | idle  5.5% | ent 1.064
  upd  477 | return    0.100 | deliv   0.10 | blocked 29.8% | idle  5.5% | ent 1.061
  upd  478 | return    0.200 | deliv   0.20 | blocked 30.1% | idle  5.4% | ent 1.041
  upd  479 | return    0.000 | deliv   0.00 | blocked 32.4% | idle  5.6% | ent 1.055
  upd  480 | return    0.100 | deliv   0.10 | blocked 32.8% | idle  5.1% | ent 1.036
  upd  481 | return    0.100 | deliv   0.10 | blocked 33.7% | idle  5.6% | ent 1.050
  upd  482 | return    0.100 | deliv   0.10 | blocked 33.2% | idle  5.3% | ent 1.035
  upd  483 | return    0.200 | deliv   0.20 | blocked 34.8% | idle  5.4% | ent 1.040
  upd  484 | return    0.000 | deliv   0.00 | blocked 30.2% | idle  5.5% | ent 1.039
  upd  485 | return    0.100 | deliv   0.10 | blocked 29.3% | idle  5.5% | ent 1.059
  upd  486 | return    0.000 | deliv   0.00 | blocked 29.9% | idle  5.6% | ent 1.064
  upd  487 | return    0.000 | deliv   0.00 | blocked 28.6% | idle  5.5% | ent 1.053
  upd  488 | return    0.000 | deliv   0.00 | blocked 26.8% | idle  5.0% | ent 1.030
  upd  489 | return    0.000 | deliv   0.00 | blocked 27.8% | idle  5.4% | ent 1.059
  upd  490 | return    0.000 | deliv   0.00 | blocked 26.9% | idle  5.6% | ent 1.071
  upd  491 | return    0.100 | deliv   0.10 | blocked 26.1% | idle  5.2% | ent 1.061
  upd  492 | return    0.100 | deliv   0.10 | blocked 26.9% | idle  5.0% | ent 1.060
  upd  493 | return    0.100 | deliv   0.10 | blocked 26.4% | idle  5.1% | ent 1.048
  upd  494 | return    0.000 | deliv   0.00 | blocked 28.5% | idle  4.9% | ent 1.039
  upd  495 | return    0.000 | deliv   0.00 | blocked 29.9% | idle  5.1% | ent 1.043
  upd  496 | return    0.100 | deliv   0.10 | blocked 29.8% | idle  4.9% | ent 1.033
  upd  497 | return    0.000 | deliv   0.00 | blocked 30.1% | idle  5.2% | ent 1.051
  upd  498 | return    0.100 | deliv   0.10 | blocked 31.4% | idle  4.4% | ent 1.032
  upd  499 | return    0.000 | deliv   0.00 | blocked 32.3% | idle  5.0% | ent 1.045
[commentary @ update 500]
  deliveries/episode ~0.1 ▼   team return ~0.08 ▼
  contention (forward-blocked) 34.0% ▲   idle 3.4%
  barely any deliveries yet across the episode (early 0.0 / mid 0.0 / late 0.0)
  upd  500 | return    0.200 | deliv   0.20 | blocked 29.8% | idle  4.6% | ent 1.027
  upd  501 | return    0.200 | deliv   0.20 | blocked 31.4% | idle  4.3% | ent 1.023
  upd  502 | return    0.000 | deliv   0.00 | blocked 32.1% | idle  4.3% | ent 1.020
  upd  503 | return    0.100 | deliv   0.10 | blocked 34.8% | idle  4.1% | ent 1.019
  upd  504 | return    0.000 | deliv   0.00 | blocked 34.1% | idle  3.9% | ent 1.004
  upd  505 | return    0.000 | deliv   0.00 | blocked 37.2% | idle  3.5% | ent 0.997
  upd  506 | return    0.100 | deliv   0.10 | blocked 36.2% | idle  3.8% | ent 0.992
  upd  507 | return    0.000 | deliv   0.00 | blocked 37.2% | idle  3.6% | ent 0.978
  upd  508 | return    0.100 | deliv   0.10 | blocked 38.8% | idle  3.6% | ent 0.977
  upd  509 | return    0.000 | deliv   0.00 | blocked 37.2% | idle  3.4% | ent 0.963
  upd  510 | return    0.000 | deliv   0.00 | blocked 38.1% | idle  4.0% | ent 0.981
  upd  511 | return    0.000 | deliv   0.00 | blocked 38.7% | idle  3.9% | ent 0.974
  upd  512 | return    0.100 | deliv   0.10 | blocked 39.5% | idle  3.8% | ent 0.978
  upd  513 | return    0.200 | deliv   0.20 | blocked 38.1% | idle  4.3% | ent 0.992
  upd  514 | return    0.100 | deliv   0.10 | blocked 34.9% | idle  4.6% | ent 1.024
  upd  515 | return    0.200 | deliv   0.20 | blocked 33.6% | idle  4.7% | ent 1.020
  upd  516 | return    0.100 | deliv   0.10 | blocked 32.9% | idle  4.7% | ent 1.020
  upd  517 | return    0.100 | deliv   0.10 | blocked 29.1% | idle  5.1% | ent 1.026
  upd  518 | return    0.000 | deliv   0.00 | blocked 26.5% | idle  6.3% | ent 1.070
  upd  519 | return    0.100 | deliv   0.10 | blocked 23.6% | idle  6.9% | ent 1.101
  upd  520 | return    0.200 | deliv   0.20 | blocked 20.7% | idle  7.7% | ent 1.094
  upd  521 | return    0.100 | deliv   0.10 | blocked 20.4% | idle  8.5% | ent 1.119
  upd  522 | return    0.200 | deliv   0.20 | blocked 18.0% | idle  8.9% | ent 1.123
  upd  523 | return    0.000 | deliv   0.00 | blocked 18.1% | idle  9.6% | ent 1.118
  upd  524 | return    0.000 | deliv   0.00 | blocked 16.7% | idle  9.6% | ent 1.121
  upd  525 | return    0.000 | deliv   0.00 | blocked 16.0% | idle  9.4% | ent 1.103
  upd  526 | return    0.100 | deliv   0.10 | blocked 16.3% | idle 10.4% | ent 1.139
  upd  527 | return    0.000 | deliv   0.00 | blocked 16.0% | idle 10.4% | ent 1.137
  upd  528 | return    0.100 | deliv   0.10 | blocked 14.3% | idle 10.5% | ent 1.122
  upd  529 | return    0.100 | deliv   0.10 | blocked 15.2% | idle 10.6% | ent 1.141
  upd  530 | return    0.200 | deliv   0.20 | blocked 15.0% | idle 10.0% | ent 1.118
  upd  531 | return    0.000 | deliv   0.00 | blocked 15.5% | idle 11.0% | ent 1.135
  upd  532 | return    0.000 | deliv   0.00 | blocked 15.7% | idle 11.1% | ent 1.159
  upd  533 | return    0.200 | deliv   0.20 | blocked 15.3% | idle 11.2% | ent 1.144
  upd  534 | return    0.100 | deliv   0.10 | blocked 15.3% | idle 11.5% | ent 1.171
  upd  535 | return    0.000 | deliv   0.00 | blocked 16.8% | idle 10.8% | ent 1.160
  upd  536 | return    0.400 | deliv   0.40 | blocked 18.1% | idle 10.8% | ent 1.160
  upd  537 | return    0.100 | deliv   0.10 | blocked 19.6% | idle 11.4% | ent 1.175
  upd  538 | return    0.000 | deliv   0.00 | blocked 18.7% | idle 10.8% | ent 1.173
  upd  539 | return    0.100 | deliv   0.10 | blocked 21.4% | idle 11.4% | ent 1.200
  upd  540 | return    0.200 | deliv   0.20 | blocked 23.7% | idle 10.5% | ent 1.190
  upd  541 | return    0.100 | deliv   0.10 | blocked 23.9% | idle 10.8% | ent 1.207
  upd  542 | return    0.100 | deliv   0.10 | blocked 26.2% | idle 10.2% | ent 1.195
  upd  543 | return    0.200 | deliv   0.20 | blocked 26.4% | idle  9.7% | ent 1.186
  upd  544 | return    0.000 | deliv   0.00 | blocked 27.9% | idle  9.3% | ent 1.191
  upd  545 | return    0.200 | deliv   0.20 | blocked 29.4% | idle  8.6% | ent 1.160
  upd  546 | return    0.000 | deliv   0.00 | blocked 31.6% | idle  8.1% | ent 1.161
  upd  547 | return    0.200 | deliv   0.20 | blocked 34.0% | idle  7.2% | ent 1.136
  upd  548 | return    0.100 | deliv   0.10 | blocked 35.0% | idle  6.4% | ent 1.087
  upd  549 | return    0.200 | deliv   0.20 | blocked 40.0% | idle  5.7% | ent 1.066
  upd  550 | return    0.000 | deliv   0.00 | blocked 41.2% | idle  5.1% | ent 1.045
  upd  551 | return    0.100 | deliv   0.10 | blocked 40.4% | idle  4.4% | ent 1.008
  upd  552 | return    0.100 | deliv   0.10 | blocked 42.0% | idle  4.2% | ent 0.998
  upd  553 | return    0.000 | deliv   0.00 | blocked 43.1% | idle  4.0% | ent 0.997
  upd  554 | return    0.200 | deliv   0.20 | blocked 43.8% | idle  3.5% | ent 0.967
  upd  555 | return    0.000 | deliv   0.00 | blocked 44.6% | idle  3.3% | ent 0.955
  upd  556 | return    0.100 | deliv   0.10 | blocked 44.9% | idle  3.2% | ent 0.942
  upd  557 | return    0.000 | deliv   0.00 | blocked 45.6% | idle  2.9% | ent 0.938
  upd  558 | return    0.000 | deliv   0.00 | blocked 44.9% | idle  2.8% | ent 0.920
  upd  559 | return    0.100 | deliv   0.10 | blocked 44.2% | idle  2.9% | ent 0.927
  upd  560 | return    0.000 | deliv   0.00 | blocked 44.8% | idle  2.5% | ent 0.911
  upd  561 | return    0.200 | deliv   0.20 | blocked 47.5% | idle  2.4% | ent 0.907
  upd  562 | return    0.100 | deliv   0.10 | blocked 46.8% | idle  2.5% | ent 0.907
  upd  563 | return    0.000 | deliv   0.00 | blocked 47.8% | idle  2.2% | ent 0.894
  upd  564 | return    0.000 | deliv   0.00 | blocked 47.4% | idle  2.4% | ent 0.910
  upd  565 | return    0.000 | deliv   0.00 | blocked 44.7% | idle  2.3% | ent 0.905
  upd  566 | return    0.100 | deliv   0.10 | blocked 44.4% | idle  2.3% | ent 0.904
  upd  567 | return    0.100 | deliv   0.10 | blocked 43.3% | idle  2.3% | ent 0.923
  upd  568 | return    0.100 | deliv   0.10 | blocked 43.8% | idle  2.2% | ent 0.914
  upd  569 | return    0.000 | deliv   0.00 | blocked 44.5% | idle  2.2% | ent 0.922
  upd  570 | return    0.000 | deliv   0.00 | blocked 43.8% | idle  2.1% | ent 0.907
  upd  571 | return    0.100 | deliv   0.10 | blocked 45.1% | idle  2.1% | ent 0.909
  upd  572 | return    0.100 | deliv   0.10 | blocked 42.5% | idle  2.2% | ent 0.916
  upd  573 | return    0.100 | deliv   0.10 | blocked 43.2% | idle  2.1% | ent 0.907
  upd  574 | return    0.100 | deliv   0.10 | blocked 43.9% | idle  2.1% | ent 0.903
  upd  575 | return    0.000 | deliv   0.00 | blocked 46.1% | idle  2.0% | ent 0.895
  upd  576 | return    0.000 | deliv   0.00 | blocked 44.8% | idle  2.0% | ent 0.893
  upd  577 | return    0.200 | deliv   0.20 | blocked 46.0% | idle  2.1% | ent 0.882
  upd  578 | return    0.100 | deliv   0.10 | blocked 46.3% | idle  1.7% | ent 0.865
  upd  579 | return    0.000 | deliv   0.00 | blocked 46.9% | idle  2.0% | ent 0.896
  upd  580 | return    0.000 | deliv   0.00 | blocked 45.1% | idle  1.9% | ent 0.902
  upd  581 | return    0.000 | deliv   0.00 | blocked 44.3% | idle  2.1% | ent 0.918
  upd  582 | return    0.000 | deliv   0.00 | blocked 43.8% | idle  1.9% | ent 0.929
  upd  583 | return    0.000 | deliv   0.00 | blocked 42.3% | idle  2.2% | ent 0.934
  upd  584 | return    0.000 | deliv   0.00 | blocked 42.4% | idle  2.0% | ent 0.919
  upd  585 | return    0.200 | deliv   0.20 | blocked 41.7% | idle  2.1% | ent 0.958
  upd  586 | return    0.200 | deliv   0.20 | blocked 41.7% | idle  2.1% | ent 0.966
  upd  587 | return    0.100 | deliv   0.10 | blocked 38.3% | idle  2.5% | ent 0.972
  upd  588 | return    0.100 | deliv   0.10 | blocked 37.2% | idle  2.3% | ent 0.987
  upd  589 | return    0.300 | deliv   0.30 | blocked 36.1% | idle  2.4% | ent 0.990
  upd  590 | return    0.100 | deliv   0.10 | blocked 34.2% | idle  2.5% | ent 1.007
  upd  591 | return    0.000 | deliv   0.00 | blocked 31.8% | idle  2.4% | ent 1.019
  upd  592 | return    0.000 | deliv   0.00 | blocked 29.9% | idle  2.5% | ent 1.030
  upd  593 | return    0.000 | deliv   0.00 | blocked 29.1% | idle  2.5% | ent 1.037
  upd  594 | return    0.200 | deliv   0.20 | blocked 28.1% | idle  2.6% | ent 1.029
  upd  595 | return    0.100 | deliv   0.10 | blocked 28.0% | idle  2.6% | ent 1.021
  upd  596 | return    0.400 | deliv   0.40 | blocked 28.5% | idle  2.5% | ent 1.027
  upd  597 | return    0.200 | deliv   0.20 | blocked 27.5% | idle  2.5% | ent 1.015
  upd  598 | return    0.000 | deliv   0.00 | blocked 25.3% | idle  2.6% | ent 1.015
  upd  599 | return    0.100 | deliv   0.10 | blocked 25.7% | idle  2.7% | ent 1.029
[commentary @ update 600]
  deliveries/episode ~0.1 ▼   team return ~0.09 ▼
  contention (forward-blocked) 33.6% ▲   idle 5.1%
  barely any deliveries yet across the episode (early 0.1 / mid 0.0 / late 0.0)
  upd  600 | return    0.000 | deliv   0.00 | blocked 24.6% | idle  3.0% | ent 1.023
  upd  601 | return    0.300 | deliv   0.30 | blocked 23.6% | idle  2.5% | ent 1.013
  upd  602 | return    0.100 | deliv   0.10 | blocked 24.3% | idle  3.1% | ent 1.029
  upd  603 | return    0.200 | deliv   0.20 | blocked 21.4% | idle  3.0% | ent 1.019
  upd  604 | return    0.100 | deliv   0.10 | blocked 21.7% | idle  2.9% | ent 1.013
  upd  605 | return    0.000 | deliv   0.00 | blocked 19.9% | idle  3.3% | ent 1.030
  upd  606 | return    0.000 | deliv   0.00 | blocked 19.2% | idle  3.4% | ent 1.016
  upd  607 | return    0.100 | deliv   0.10 | blocked 17.7% | idle  3.4% | ent 0.996
  upd  608 | return    0.100 | deliv   0.10 | blocked 18.0% | idle  3.1% | ent 0.988
  upd  609 | return    0.000 | deliv   0.00 | blocked 17.3% | idle  3.1% | ent 0.984
  upd  610 | return    0.000 | deliv   0.00 | blocked 18.1% | idle  3.2% | ent 1.006
  upd  611 | return    0.100 | deliv   0.10 | blocked 19.0% | idle  3.1% | ent 0.996
  upd  612 | return    0.100 | deliv   0.10 | blocked 17.8% | idle  3.2% | ent 0.993
  upd  613 | return    0.000 | deliv   0.00 | blocked 16.7% | idle  3.2% | ent 0.972
  upd  614 | return    0.000 | deliv   0.00 | blocked 17.1% | idle  3.1% | ent 0.986
  upd  615 | return    0.100 | deliv   0.10 | blocked 18.1% | idle  3.0% | ent 0.984
  upd  616 | return    0.100 | deliv   0.10 | blocked 18.4% | idle  3.0% | ent 0.998
  upd  617 | return    0.200 | deliv   0.20 | blocked 17.5% | idle  2.8% | ent 0.974
  upd  618 | return    0.100 | deliv   0.10 | blocked 16.7% | idle  3.1% | ent 0.974
  upd  619 | return    0.100 | deliv   0.10 | blocked 13.0% | idle  3.3% | ent 0.974
  upd  620 | return    0.100 | deliv   0.10 | blocked 12.1% | idle  3.2% | ent 0.951
  upd  621 | return    0.300 | deliv   0.30 | blocked 12.2% | idle  3.2% | ent 0.961
  upd  622 | return    0.100 | deliv   0.10 | blocked 11.9% | idle  3.3% | ent 0.958
  upd  623 | return    0.200 | deliv   0.20 | blocked 12.5% | idle  3.6% | ent 0.980
  upd  624 | return    0.200 | deliv   0.20 | blocked 12.3% | idle  3.9% | ent 0.987
  upd  625 | return    0.100 | deliv   0.10 | blocked 13.8% | idle  4.1% | ent 1.041
  upd  626 | return    0.300 | deliv   0.30 | blocked 14.4% | idle  4.0% | ent 1.047
  upd  627 | return    0.100 | deliv   0.10 | blocked 12.9% | idle  4.0% | ent 1.023
  upd  628 | return    0.100 | deliv   0.10 | blocked 15.9% | idle  3.5% | ent 1.050
  upd  629 | return    0.100 | deliv   0.10 | blocked 17.7% | idle  3.8% | ent 1.074
  upd  630 | return    0.000 | deliv   0.00 | blocked 17.8% | idle  3.6% | ent 1.091
  upd  631 | return    0.200 | deliv   0.20 | blocked 20.9% | idle  3.4% | ent 1.091
  upd  632 | return    0.000 | deliv   0.00 | blocked 22.1% | idle  3.6% | ent 1.103
  upd  633 | return    0.200 | deliv   0.20 | blocked 24.3% | idle  3.6% | ent 1.110
  upd  634 | return    0.100 | deliv   0.10 | blocked 24.1% | idle  3.6% | ent 1.119
  upd  635 | return    0.000 | deliv   0.00 | blocked 27.1% | idle  3.2% | ent 1.093
  upd  636 | return    0.200 | deliv   0.20 | blocked 27.7% | idle  3.5% | ent 1.115
  upd  637 | return    0.300 | deliv   0.30 | blocked 31.8% | idle  3.3% | ent 1.099
  upd  638 | return    0.000 | deliv   0.00 | blocked 30.6% | idle  3.6% | ent 1.101
  upd  639 | return    0.000 | deliv   0.00 | blocked 32.4% | idle  3.5% | ent 1.085
  upd  640 | return    0.100 | deliv   0.10 | blocked 33.1% | idle  3.3% | ent 1.084
  upd  641 | return    0.200 | deliv   0.20 | blocked 34.1% | idle  3.3% | ent 1.076
  upd  642 | return    0.100 | deliv   0.10 | blocked 35.9% | idle  3.6% | ent 1.096
  upd  643 | return    0.000 | deliv   0.00 | blocked 34.8% | idle  3.8% | ent 1.113
  upd  644 | return    0.000 | deliv   0.00 | blocked 32.8% | idle  3.4% | ent 1.104
  upd  645 | return    0.100 | deliv   0.10 | blocked 33.7% | idle  3.5% | ent 1.120
  upd  646 | return    0.200 | deliv   0.20 | blocked 34.4% | idle  3.4% | ent 1.110
  upd  647 | return    0.000 | deliv   0.00 | blocked 34.3% | idle  3.3% | ent 1.099
  upd  648 | return    0.000 | deliv   0.00 | blocked 34.6% | idle  3.3% | ent 1.111
  upd  649 | return    0.000 | deliv   0.00 | blocked 33.3% | idle  3.3% | ent 1.112
  upd  650 | return    0.000 | deliv   0.00 | blocked 31.9% | idle  3.5% | ent 1.118
  upd  651 | return    0.300 | deliv   0.30 | blocked 32.2% | idle  3.7% | ent 1.120
  upd  652 | return    0.200 | deliv   0.20 | blocked 33.3% | idle  3.6% | ent 1.132
  upd  653 | return    0.200 | deliv   0.20 | blocked 32.3% | idle  3.4% | ent 1.131
  upd  654 | return    0.000 | deliv   0.00 | blocked 31.0% | idle  3.3% | ent 1.123
  upd  655 | return    0.100 | deliv   0.10 | blocked 32.8% | idle  3.6% | ent 1.116
  upd  656 | return    0.100 | deliv   0.10 | blocked 33.3% | idle  3.3% | ent 1.094
  upd  657 | return    0.000 | deliv   0.00 | blocked 33.0% | idle  3.3% | ent 1.094
  upd  658 | return    0.200 | deliv   0.20 | blocked 34.8% | idle  2.9% | ent 1.056
  upd  659 | return    0.000 | deliv   0.00 | blocked 33.4% | idle  3.6% | ent 1.090
  upd  660 | return    0.200 | deliv   0.20 | blocked 34.1% | idle  3.9% | ent 1.099
  upd  661 | return    0.000 | deliv   0.00 | blocked 33.0% | idle  4.2% | ent 1.102
  upd  662 | return    0.100 | deliv   0.10 | blocked 34.4% | idle  5.2% | ent 1.121
  upd  663 | return    0.200 | deliv   0.20 | blocked 34.2% | idle  5.3% | ent 1.120
  upd  664 | return    0.100 | deliv   0.10 | blocked 32.7% | idle  6.5% | ent 1.153
  upd  665 | return    0.000 | deliv   0.00 | blocked 33.6% | idle  7.7% | ent 1.187
  upd  666 | return    0.100 | deliv   0.10 | blocked 30.6% | idle  9.3% | ent 1.210
  upd  667 | return    0.300 | deliv   0.30 | blocked 30.1% | idle 10.3% | ent 1.214
  upd  668 | return    0.000 | deliv   0.00 | blocked 30.2% | idle 11.6% | ent 1.240
  upd  669 | return    0.000 | deliv   0.00 | blocked 26.8% | idle 13.6% | ent 1.271
  upd  670 | return    0.100 | deliv   0.10 | blocked 27.3% | idle 15.4% | ent 1.287
  upd  671 | return    0.300 | deliv   0.30 | blocked 25.6% | idle 16.8% | ent 1.298
  upd  672 | return    0.300 | deliv   0.30 | blocked 26.5% | idle 17.4% | ent 1.307
  upd  673 | return    0.100 | deliv   0.10 | blocked 26.6% | idle 17.3% | ent 1.312
  upd  674 | return    0.200 | deliv   0.20 | blocked 27.4% | idle 16.2% | ent 1.293
  upd  675 | return    0.000 | deliv   0.00 | blocked 28.1% | idle 15.5% | ent 1.293
  upd  676 | return    0.200 | deliv   0.20 | blocked 28.2% | idle 15.3% | ent 1.291
  upd  677 | return    0.100 | deliv   0.10 | blocked 27.7% | idle 14.6% | ent 1.291
  upd  678 | return    0.000 | deliv   0.00 | blocked 27.9% | idle 13.6% | ent 1.266
  upd  679 | return    0.400 | deliv   0.40 | blocked 29.4% | idle 12.4% | ent 1.253
  upd  680 | return    0.100 | deliv   0.10 | blocked 27.8% | idle 12.2% | ent 1.274
  upd  681 | return    0.200 | deliv   0.20 | blocked 28.2% | idle 10.7% | ent 1.243
  upd  682 | return    0.000 | deliv   0.00 | blocked 28.9% | idle 10.2% | ent 1.249
  upd  683 | return    0.200 | deliv   0.20 | blocked 30.9% | idle  9.0% | ent 1.216
  upd  684 | return    0.200 | deliv   0.20 | blocked 32.1% | idle  8.0% | ent 1.192
  upd  685 | return    0.100 | deliv   0.10 | blocked 29.5% | idle  7.8% | ent 1.201
  upd  686 | return    0.500 | deliv   0.50 | blocked 33.7% | idle  6.6% | ent 1.144
  upd  687 | return    0.300 | deliv   0.30 | blocked 34.9% | idle  5.7% | ent 1.110
  upd  688 | return    0.100 | deliv   0.10 | blocked 33.7% | idle  5.6% | ent 1.128
  upd  689 | return    0.700 | deliv   0.70 | blocked 34.4% | idle  4.9% | ent 1.067
  upd  690 | return    0.000 | deliv   0.00 | blocked 36.1% | idle  4.3% | ent 1.067
  upd  691 | return    0.100 | deliv   0.10 | blocked 38.8% | idle  4.0% | ent 1.030
  upd  692 | return    0.300 | deliv   0.30 | blocked 42.7% | idle  3.6% | ent 0.986
  upd  693 | return    0.000 | deliv   0.00 | blocked 42.7% | idle  3.1% | ent 0.963
  upd  694 | return    0.200 | deliv   0.20 | blocked 44.3% | idle  2.7% | ent 0.925
  upd  695 | return    0.100 | deliv   0.10 | blocked 44.6% | idle  2.9% | ent 0.937
  upd  696 | return    0.000 | deliv   0.00 | blocked 43.2% | idle  3.0% | ent 0.925
  upd  697 | return    0.300 | deliv   0.30 | blocked 45.6% | idle  2.5% | ent 0.900
  upd  698 | return    0.200 | deliv   0.20 | blocked 45.1% | idle  2.5% | ent 0.891
  upd  699 | return    0.000 | deliv   0.00 | blocked 44.8% | idle  2.5% | ent 0.900
[commentary @ update 700]
  deliveries/episode ~0.1 ▼   team return ~0.12 ▼
  contention (forward-blocked) 27.8% ▼   idle 5.5%
  barely any deliveries yet across the episode (early 0.1 / mid 0.0 / late 0.0)
  upd  700 | return    0.200 | deliv   0.20 | blocked 44.1% | idle  2.3% | ent 0.892
  upd  701 | return    0.000 | deliv   0.00 | blocked 44.4% | idle  2.6% | ent 0.918
  upd  702 | return    0.100 | deliv   0.10 | blocked 45.1% | idle  2.5% | ent 0.901
  upd  703 | return    0.300 | deliv   0.30 | blocked 44.5% | idle  2.5% | ent 0.907
  upd  704 | return    0.100 | deliv   0.10 | blocked 43.7% | idle  2.4% | ent 0.895
  upd  705 | return    0.200 | deliv   0.20 | blocked 45.9% | idle  2.4% | ent 0.867
  upd  706 | return    0.100 | deliv   0.10 | blocked 47.8% | idle  2.1% | ent 0.846
  upd  707 | return    0.000 | deliv   0.00 | blocked 49.5% | idle  2.0% | ent 0.827
  upd  708 | return    0.100 | deliv   0.10 | blocked 48.7% | idle  2.0% | ent 0.808
  upd  709 | return    0.100 | deliv   0.10 | blocked 47.9% | idle  1.9% | ent 0.805
  upd  710 | return    0.300 | deliv   0.30 | blocked 51.1% | idle  2.0% | ent 0.809
  upd  711 | return    0.000 | deliv   0.00 | blocked 51.4% | idle  1.9% | ent 0.807
  upd  712 | return    0.100 | deliv   0.10 | blocked 51.2% | idle  1.7% | ent 0.774
  upd  713 | return    0.100 | deliv   0.10 | blocked 51.1% | idle  1.9% | ent 0.806
  upd  714 | return    0.000 | deliv   0.00 | blocked 49.7% | idle  1.9% | ent 0.786
  upd  715 | return    0.100 | deliv   0.10 | blocked 50.1% | idle  1.8% | ent 0.789
  upd  716 | return    0.000 | deliv   0.00 | blocked 50.1% | idle  1.9% | ent 0.813
  upd  717 | return    0.000 | deliv   0.00 | blocked 49.5% | idle  2.1% | ent 0.832
  upd  718 | return    0.000 | deliv   0.00 | blocked 47.0% | idle  2.1% | ent 0.822
  upd  719 | return    0.100 | deliv   0.10 | blocked 45.7% | idle  2.3% | ent 0.842
  upd  720 | return    0.100 | deliv   0.10 | blocked 44.4% | idle  2.7% | ent 0.872
  upd  721 | return    0.200 | deliv   0.20 | blocked 41.8% | idle  2.7% | ent 0.909
  upd  722 | return    0.200 | deliv   0.20 | blocked 41.6% | idle  2.7% | ent 0.892
  upd  723 | return    0.100 | deliv   0.10 | blocked 39.3% | idle  2.7% | ent 0.927
  upd  724 | return    0.100 | deliv   0.10 | blocked 38.5% | idle  2.9% | ent 0.930
  upd  725 | return    0.000 | deliv   0.00 | blocked 38.3% | idle  3.2% | ent 0.952
  upd  726 | return    0.200 | deliv   0.20 | blocked 38.4% | idle  2.9% | ent 0.933
  upd  727 | return    0.300 | deliv   0.30 | blocked 36.5% | idle  3.2% | ent 0.921
  upd  728 | return    0.300 | deliv   0.30 | blocked 36.5% | idle  3.3% | ent 0.957
  upd  729 | return    0.100 | deliv   0.10 | blocked 35.9% | idle  3.3% | ent 0.943
  upd  730 | return    0.000 | deliv   0.00 | blocked 35.2% | idle  3.2% | ent 0.955
  upd  731 | return    0.100 | deliv   0.10 | blocked 34.2% | idle  3.4% | ent 0.968
  upd  732 | return    0.100 | deliv   0.10 | blocked 34.6% | idle  3.5% | ent 0.958
  upd  733 | return    0.000 | deliv   0.00 | blocked 32.9% | idle  3.5% | ent 0.973
  upd  734 | return    0.000 | deliv   0.00 | blocked 30.7% | idle  4.3% | ent 1.029
  upd  735 | return    0.000 | deliv   0.00 | blocked 31.8% | idle  4.0% | ent 1.005
  upd  736 | return    0.000 | deliv   0.00 | blocked 29.6% | idle  4.6% | ent 1.053
  upd  737 | return    0.100 | deliv   0.10 | blocked 28.5% | idle  4.1% | ent 1.008
  upd  738 | return    0.000 | deliv   0.00 | blocked 28.3% | idle  4.4% | ent 1.023
  upd  739 | return    0.000 | deliv   0.00 | blocked 26.6% | idle  5.0% | ent 1.060
  upd  740 | return    0.300 | deliv   0.30 | blocked 29.6% | idle  3.8% | ent 0.989
  upd  741 | return    0.100 | deliv   0.10 | blocked 27.0% | idle  5.3% | ent 1.079
  upd  742 | return    0.300 | deliv   0.30 | blocked 22.7% | idle  5.6% | ent 1.097
  upd  743 | return    0.100 | deliv   0.10 | blocked 23.2% | idle  5.7% | ent 1.085
  upd  744 | return    0.200 | deliv   0.20 | blocked 22.6% | idle  6.3% | ent 1.101
  upd  745 | return    0.100 | deliv   0.10 | blocked 23.4% | idle  5.8% | ent 1.108
  upd  746 | return    0.300 | deliv   0.30 | blocked 25.6% | idle  6.1% | ent 1.100
  upd  747 | return    0.200 | deliv   0.20 | blocked 29.2% | idle  4.9% | ent 1.044
  upd  748 | return    0.100 | deliv   0.10 | blocked 30.7% | idle  4.3% | ent 1.018
  upd  749 | return    0.100 | deliv   0.10 | blocked 32.0% | idle  4.0% | ent 0.989
  upd  750 | return    0.100 | deliv   0.10 | blocked 35.5% | idle  3.7% | ent 0.975
  upd  751 | return    0.000 | deliv   0.00 | blocked 36.8% | idle  3.7% | ent 0.979
  upd  752 | return    0.100 | deliv   0.10 | blocked 39.4% | idle  3.1% | ent 0.923
  upd  753 | return    0.000 | deliv   0.00 | blocked 41.8% | idle  2.8% | ent 0.912
  upd  754 | return    0.100 | deliv   0.10 | blocked 41.3% | idle  2.5% | ent 0.870
  upd  755 | return    0.100 | deliv   0.10 | blocked 46.3% | idle  2.1% | ent 0.823
  upd  756 | return    0.100 | deliv   0.10 | blocked 42.6% | idle  2.4% | ent 0.851
  upd  757 | return    0.000 | deliv   0.00 | blocked 45.0% | idle  2.2% | ent 0.835
  upd  758 | return    0.200 | deliv   0.20 | blocked 44.7% | idle  1.9% | ent 0.825
  upd  759 | return    0.000 | deliv   0.00 | blocked 41.7% | idle  2.3% | ent 0.868
  upd  760 | return    0.000 | deliv   0.00 | blocked 42.3% | idle  2.0% | ent 0.833
  upd  761 | return    0.000 | deliv   0.00 | blocked 44.1% | idle  2.1% | ent 0.864
  upd  762 | return    0.100 | deliv   0.10 | blocked 41.0% | idle  2.4% | ent 0.881
  upd  763 | return    0.100 | deliv   0.10 | blocked 41.0% | idle  2.3% | ent 0.880
  upd  764 | return    0.100 | deliv   0.10 | blocked 40.0% | idle  2.3% | ent 0.877
  upd  765 | return    0.100 | deliv   0.10 | blocked 38.5% | idle  2.5% | ent 0.876
  upd  766 | return    0.200 | deliv   0.20 | blocked 38.2% | idle  2.5% | ent 0.889
  upd  767 | return    0.000 | deliv   0.00 | blocked 35.7% | idle  2.6% | ent 0.929
  upd  768 | return    0.000 | deliv   0.00 | blocked 36.5% | idle  2.7% | ent 0.938
  upd  769 | return    0.200 | deliv   0.20 | blocked 35.9% | idle  2.7% | ent 0.924
  upd  770 | return    0.300 | deliv   0.30 | blocked 34.8% | idle  3.1% | ent 0.964
  upd  771 | return    0.200 | deliv   0.20 | blocked 36.0% | idle  3.0% | ent 0.948
  upd  772 | return    0.100 | deliv   0.10 | blocked 36.3% | idle  3.0% | ent 0.929
  upd  773 | return    0.000 | deliv   0.00 | blocked 33.0% | idle  3.2% | ent 0.982
  upd  774 | return    0.300 | deliv   0.30 | blocked 33.6% | idle  2.8% | ent 0.948
  upd  775 | return    0.100 | deliv   0.10 | blocked 34.3% | idle  3.7% | ent 1.012
  upd  776 | return    0.000 | deliv   0.00 | blocked 33.8% | idle  3.5% | ent 1.003
  upd  777 | return    0.200 | deliv   0.20 | blocked 35.6% | idle  3.4% | ent 0.979
  upd  778 | return    0.100 | deliv   0.10 | blocked 32.4% | idle  3.5% | ent 0.971
  upd  779 | return    0.100 | deliv   0.10 | blocked 34.0% | idle  3.4% | ent 0.972
  upd  780 | return    0.300 | deliv   0.30 | blocked 34.0% | idle  3.5% | ent 1.016
  upd  781 | return    0.100 | deliv   0.10 | blocked 31.3% | idle  3.7% | ent 1.002
  upd  782 | return    0.100 | deliv   0.10 | blocked 31.2% | idle  3.9% | ent 1.033
  upd  783 | return    0.000 | deliv   0.00 | blocked 30.0% | idle  3.8% | ent 1.020
  upd  784 | return    0.300 | deliv   0.30 | blocked 28.5% | idle  4.0% | ent 1.033
  upd  785 | return    0.300 | deliv   0.30 | blocked 28.7% | idle  4.3% | ent 1.041
  upd  786 | return    0.200 | deliv   0.20 | blocked 28.6% | idle  4.2% | ent 1.055
  upd  787 | return    0.200 | deliv   0.20 | blocked 28.7% | idle  4.3% | ent 1.036
  upd  788 | return    0.200 | deliv   0.20 | blocked 31.4% | idle  3.8% | ent 1.006
  upd  789 | return    0.100 | deliv   0.10 | blocked 28.5% | idle  4.6% | ent 1.056
  upd  790 | return    0.000 | deliv   0.00 | blocked 29.2% | idle  3.7% | ent 1.010
  upd  791 | return    0.000 | deliv   0.00 | blocked 27.9% | idle  4.0% | ent 1.028
  upd  792 | return    0.200 | deliv   0.20 | blocked 26.3% | idle  3.6% | ent 0.997
  upd  793 | return    0.200 | deliv   0.20 | blocked 27.5% | idle  3.6% | ent 1.007
  upd  794 | return    0.100 | deliv   0.10 | blocked 25.7% | idle  4.1% | ent 1.015
  upd  795 | return    0.100 | deliv   0.10 | blocked 25.3% | idle  3.8% | ent 1.023
  upd  796 | return    0.200 | deliv   0.20 | blocked 26.4% | idle  3.5% | ent 1.000
  upd  797 | return    0.100 | deliv   0.10 | blocked 27.4% | idle  4.0% | ent 1.012
  upd  798 | return    0.200 | deliv   0.20 | blocked 24.4% | idle  4.1% | ent 1.027
  upd  799 | return    0.100 | deliv   0.10 | blocked 24.6% | idle  3.7% | ent 1.003
[commentary @ update 800]
  deliveries/episode ~0.1 ▼   team return ~0.12 ▼
  contention (forward-blocked) 36.5% ▲   idle 3.3%
  barely any deliveries yet across the episode (early 0.1 / mid 0.0 / late 0.0)
  upd  800 | return    0.300 | deliv   0.30 | blocked 24.3% | idle  4.1% | ent 1.000
  upd  801 | return    0.200 | deliv   0.20 | blocked 22.1% | idle  4.2% | ent 1.045
  upd  802 | return    0.100 | deliv   0.10 | blocked 21.2% | idle  4.1% | ent 1.031
  upd  803 | return    0.200 | deliv   0.20 | blocked 20.3% | idle  4.8% | ent 1.071
  upd  804 | return    0.000 | deliv   0.00 | blocked 21.2% | idle  4.4% | ent 1.056
  upd  805 | return    0.200 | deliv   0.20 | blocked 20.5% | idle  4.7% | ent 1.057
  upd  806 | return    0.300 | deliv   0.30 | blocked 22.0% | idle  4.7% | ent 1.056
  upd  807 | return    0.100 | deliv   0.10 | blocked 20.2% | idle  5.3% | ent 1.086
  upd  808 | return    0.100 | deliv   0.10 | blocked 20.5% | idle  5.1% | ent 1.077
  upd  809 | return    0.200 | deliv   0.20 | blocked 18.2% | idle  5.4% | ent 1.057
  upd  810 | return    0.700 | deliv   0.70 | blocked 20.6% | idle  5.5% | ent 1.060
  upd  811 | return    0.000 | deliv   0.00 | blocked 23.0% | idle  6.0% | ent 1.100
  upd  812 | return    0.100 | deliv   0.10 | blocked 23.1% | idle  5.2% | ent 1.014
  upd  813 | return    0.200 | deliv   0.20 | blocked 27.8% | idle  5.5% | ent 1.048
  upd  814 | return    0.300 | deliv   0.30 | blocked 29.3% | idle  5.5% | ent 1.033
  upd  815 | return    0.000 | deliv   0.00 | blocked 29.7% | idle  6.1% | ent 1.030
  upd  816 | return    0.100 | deliv   0.10 | blocked 33.9% | idle  5.2% | ent 0.980
  upd  817 | return    0.200 | deliv   0.20 | blocked 35.2% | idle  5.3% | ent 0.974
  upd  818 | return    0.000 | deliv   0.00 | blocked 36.0% | idle  4.6% | ent 0.927
  upd  819 | return    0.200 | deliv   0.20 | blocked 39.6% | idle  5.5% | ent 0.951
  upd  820 | return    0.400 | deliv   0.40 | blocked 39.7% | idle  5.3% | ent 0.923
  upd  821 | return    0.000 | deliv   0.00 | blocked 40.5% | idle  5.2% | ent 0.904
  upd  822 | return    0.200 | deliv   0.20 | blocked 43.9% | idle  5.5% | ent 0.881
  upd  823 | return    0.200 | deliv   0.20 | blocked 46.2% | idle  5.5% | ent 0.866
  upd  824 | return    0.100 | deliv   0.10 | blocked 45.1% | idle  6.1% | ent 0.880
  upd  825 | return    0.300 | deliv   0.30 | blocked 45.6% | idle  6.6% | ent 0.886
  upd  826 | return    0.000 | deliv   0.00 | blocked 44.4% | idle  7.4% | ent 0.886
  upd  827 | return    0.200 | deliv   0.20 | blocked 43.6% | idle  9.3% | ent 0.957
  upd  828 | return    0.300 | deliv   0.30 | blocked 43.2% | idle  9.3% | ent 0.911
  upd  829 | return    0.000 | deliv   0.00 | blocked 41.2% | idle 10.1% | ent 0.949
  upd  830 | return    0.300 | deliv   0.30 | blocked 42.9% | idle  9.8% | ent 0.900
  upd  831 | return    0.200 | deliv   0.20 | blocked 41.9% | idle 10.6% | ent 0.930
  upd  832 | return    0.200 | deliv   0.20 | blocked 36.4% | idle 13.0% | ent 1.012
  upd  833 | return    0.200 | deliv   0.20 | blocked 37.1% | idle 13.4% | ent 1.032
  upd  834 | return    0.200 | deliv   0.20 | blocked 33.4% | idle 15.1% | ent 1.078
  upd  835 | return    0.200 | deliv   0.20 | blocked 33.9% | idle 14.6% | ent 1.039
  upd  836 | return    0.400 | deliv   0.40 | blocked 32.0% | idle 15.7% | ent 1.059
  upd  837 | return    0.300 | deliv   0.30 | blocked 30.3% | idle 15.6% | ent 1.068
  upd  838 | return    0.400 | deliv   0.40 | blocked 34.3% | idle 14.4% | ent 1.019
  upd  839 | return    0.100 | deliv   0.10 | blocked 34.5% | idle 13.6% | ent 1.027
  upd  840 | return    0.300 | deliv   0.30 | blocked 34.4% | idle 12.5% | ent 0.993
  upd  841 | return    0.300 | deliv   0.30 | blocked 35.1% | idle 12.5% | ent 1.009
  upd  842 | return    0.100 | deliv   0.10 | blocked 35.9% | idle  9.9% | ent 0.959
  upd  843 | return    0.500 | deliv   0.50 | blocked 32.7% | idle  9.1% | ent 0.978
  upd  844 | return    0.000 | deliv   0.00 | blocked 37.2% | idle  6.7% | ent 0.913
  upd  845 | return    0.300 | deliv   0.30 | blocked 34.5% | idle  5.6% | ent 0.871
  upd  846 | return    0.100 | deliv   0.10 | blocked 37.0% | idle  5.0% | ent 0.864
  upd  847 | return    0.100 | deliv   0.10 | blocked 38.6% | idle  4.7% | ent 0.855
  upd  848 | return    0.000 | deliv   0.00 | blocked 36.9% | idle  4.1% | ent 0.876
  upd  849 | return    0.200 | deliv   0.20 | blocked 36.5% | idle  3.1% | ent 0.807
  upd  850 | return    0.100 | deliv   0.10 | blocked 37.3% | idle  3.5% | ent 0.844
  upd  851 | return    0.200 | deliv   0.20 | blocked 35.5% | idle  2.8% | ent 0.815
  upd  852 | return    0.000 | deliv   0.00 | blocked 34.7% | idle  3.0% | ent 0.834
  upd  853 | return    0.100 | deliv   0.10 | blocked 34.7% | idle  3.5% | ent 0.853
  upd  854 | return    0.200 | deliv   0.20 | blocked 33.1% | idle  3.0% | ent 0.849
  upd  855 | return    0.100 | deliv   0.10 | blocked 30.9% | idle  3.3% | ent 0.869
  upd  856 | return    0.100 | deliv   0.10 | blocked 27.8% | idle  2.7% | ent 0.851
  upd  857 | return    0.000 | deliv   0.00 | blocked 30.9% | idle  2.9% | ent 0.867
  upd  858 | return    0.100 | deliv   0.10 | blocked 26.3% | idle  2.6% | ent 0.842
  upd  859 | return    0.000 | deliv   0.00 | blocked 28.1% | idle  2.6% | ent 0.883
  upd  860 | return    0.000 | deliv   0.00 | blocked 26.2% | idle  2.7% | ent 0.873
  upd  861 | return    0.100 | deliv   0.10 | blocked 25.5% | idle  2.6% | ent 0.882
  upd  862 | return    0.100 | deliv   0.10 | blocked 24.4% | idle  2.6% | ent 0.854
  upd  863 | return    0.100 | deliv   0.10 | blocked 22.2% | idle  2.4% | ent 0.861
  upd  864 | return    0.000 | deliv   0.00 | blocked 22.4% | idle  2.2% | ent 0.860
  upd  865 | return    0.300 | deliv   0.30 | blocked 24.1% | idle  1.5% | ent 0.804
  upd  866 | return    0.000 | deliv   0.00 | blocked 21.1% | idle  1.7% | ent 0.814
  upd  867 | return    0.200 | deliv   0.20 | blocked 20.7% | idle  1.8% | ent 0.826
  upd  868 | return    0.100 | deliv   0.10 | blocked 21.5% | idle  1.8% | ent 0.819
  upd  869 | return    0.200 | deliv   0.20 | blocked 21.0% | idle  1.6% | ent 0.804
  upd  870 | return    0.000 | deliv   0.00 | blocked 21.6% | idle  1.4% | ent 0.797
  upd  871 | return    0.200 | deliv   0.20 | blocked 21.6% | idle  1.6% | ent 0.822
  upd  872 | return    0.000 | deliv   0.00 | blocked 22.7% | idle  1.4% | ent 0.807
  upd  873 | return    0.200 | deliv   0.20 | blocked 22.6% | idle  1.3% | ent 0.806
  upd  874 | return    0.000 | deliv   0.00 | blocked 23.5% | idle  1.1% | ent 0.788
  upd  875 | return    0.000 | deliv   0.00 | blocked 24.5% | idle  1.1% | ent 0.797
  upd  876 | return    0.100 | deliv   0.10 | blocked 26.1% | idle  0.9% | ent 0.797
  upd  877 | return    0.000 | deliv   0.00 | blocked 27.5% | idle  0.9% | ent 0.799
  upd  878 | return    0.200 | deliv   0.20 | blocked 28.8% | idle  0.7% | ent 0.781
  upd  879 | return    0.000 | deliv   0.00 | blocked 29.3% | idle  0.8% | ent 0.783
  upd  880 | return    0.000 | deliv   0.00 | blocked 30.7% | idle  0.7% | ent 0.791
  upd  881 | return    0.000 | deliv   0.00 | blocked 28.2% | idle  0.7% | ent 0.772
  upd  882 | return    0.000 | deliv   0.00 | blocked 29.0% | idle  0.7% | ent 0.771
  upd  883 | return    0.000 | deliv   0.00 | blocked 30.9% | idle  0.6% | ent 0.772
  upd  884 | return    0.000 | deliv   0.00 | blocked 30.0% | idle  0.6% | ent 0.766
  upd  885 | return    0.000 | deliv   0.00 | blocked 30.5% | idle  0.6% | ent 0.773
  upd  886 | return    0.100 | deliv   0.10 | blocked 30.6% | idle  0.6% | ent 0.764
  upd  887 | return    0.000 | deliv   0.00 | blocked 31.0% | idle  0.6% | ent 0.761
  upd  888 | return    0.000 | deliv   0.00 | blocked 30.5% | idle  0.6% | ent 0.769
  upd  889 | return    0.000 | deliv   0.00 | blocked 30.4% | idle  0.4% | ent 0.761
  upd  890 | return    0.000 | deliv   0.00 | blocked 30.8% | idle  0.5% | ent 0.758
  upd  891 | return    0.000 | deliv   0.00 | blocked 30.6% | idle  0.5% | ent 0.758
  upd  892 | return    0.000 | deliv   0.00 | blocked 32.4% | idle  0.5% | ent 0.768
  upd  893 | return    0.000 | deliv   0.00 | blocked 31.3% | idle  0.4% | ent 0.754
  upd  894 | return    0.000 | deliv   0.00 | blocked 29.6% | idle  0.4% | ent 0.743
  upd  895 | return    0.000 | deliv   0.00 | blocked 33.1% | idle  0.5% | ent 0.744
  upd  896 | return    0.000 | deliv   0.00 | blocked 31.4% | idle  0.4% | ent 0.747
  upd  897 | return    0.000 | deliv   0.00 | blocked 32.3% | idle  0.4% | ent 0.741
  upd  898 | return    0.000 | deliv   0.00 | blocked 32.3% | idle  0.5% | ent 0.736
  upd  899 | return    0.000 | deliv   0.00 | blocked 31.7% | idle  0.5% | ent 0.732
[commentary @ update 900]
  deliveries/episode ~0.1 ▼   team return ~0.12 ▼
  contention (forward-blocked) 30.7% ▼   idle 4.5%
  barely any deliveries yet across the episode (early 0.1 / mid 0.0 / late 0.0)
  upd  900 | return    0.100 | deliv   0.10 | blocked 32.7% | idle  0.4% | ent 0.734
  upd  901 | return    0.000 | deliv   0.00 | blocked 34.1% | idle  0.4% | ent 0.741
  upd  902 | return    0.000 | deliv   0.00 | blocked 33.6% | idle  0.4% | ent 0.734
  upd  903 | return    0.000 | deliv   0.00 | blocked 33.9% | idle  0.4% | ent 0.728
  upd  904 | return    0.100 | deliv   0.10 | blocked 34.2% | idle  0.3% | ent 0.715
  upd  905 | return    0.000 | deliv   0.00 | blocked 34.1% | idle  0.3% | ent 0.730
  upd  906 | return    0.000 | deliv   0.00 | blocked 34.8% | idle  0.4% | ent 0.716
  upd  907 | return    0.000 | deliv   0.00 | blocked 34.4% | idle  0.5% | ent 0.730
  upd  908 | return    0.000 | deliv   0.00 | blocked 34.3% | idle  0.3% | ent 0.727
  upd  909 | return    0.000 | deliv   0.00 | blocked 36.1% | idle  0.5% | ent 0.736
  upd  910 | return    0.000 | deliv   0.00 | blocked 33.6% | idle  0.4% | ent 0.732
  upd  911 | return    0.000 | deliv   0.00 | blocked 33.0% | idle  0.5% | ent 0.723
  upd  912 | return    0.000 | deliv   0.00 | blocked 34.0% | idle  0.4% | ent 0.737
  upd  913 | return    0.100 | deliv   0.10 | blocked 32.6% | idle  0.4% | ent 0.717
  upd  914 | return    0.000 | deliv   0.00 | blocked 32.7% | idle  0.4% | ent 0.720
  upd  915 | return    0.000 | deliv   0.00 | blocked 33.6% | idle  0.5% | ent 0.724
  upd  916 | return    0.000 | deliv   0.00 | blocked 32.3% | idle  0.4% | ent 0.723
  upd  917 | return    0.000 | deliv   0.00 | blocked 34.4% | idle  0.4% | ent 0.717
  upd  918 | return    0.000 | deliv   0.00 | blocked 34.9% | idle  0.4% | ent 0.719
  upd  919 | return    0.200 | deliv   0.20 | blocked 34.4% | idle  0.4% | ent 0.711
  upd  920 | return    0.000 | deliv   0.00 | blocked 32.6% | idle  0.5% | ent 0.720
  upd  921 | return    0.000 | deliv   0.00 | blocked 33.5% | idle  0.4% | ent 0.713
  upd  922 | return    0.000 | deliv   0.00 | blocked 32.0% | idle  0.4% | ent 0.716
  upd  923 | return    0.000 | deliv   0.00 | blocked 31.1% | idle  0.6% | ent 0.722
  upd  924 | return    0.000 | deliv   0.00 | blocked 31.2% | idle  0.5% | ent 0.727
  upd  925 | return    0.000 | deliv   0.00 | blocked 27.9% | idle  0.6% | ent 0.733
  upd  926 | return    0.100 | deliv   0.10 | blocked 28.6% | idle  0.5% | ent 0.708
  upd  927 | return    0.000 | deliv   0.00 | blocked 31.1% | idle  0.7% | ent 0.750
  upd  928 | return    0.100 | deliv   0.10 | blocked 29.1% | idle  0.6% | ent 0.715
  upd  929 | return    0.000 | deliv   0.00 | blocked 28.6% | idle  0.7% | ent 0.736
  upd  930 | return    0.000 | deliv   0.00 | blocked 28.7% | idle  0.7% | ent 0.723
  upd  931 | return    0.000 | deliv   0.00 | blocked 26.4% | idle  0.6% | ent 0.713
  upd  932 | return    0.100 | deliv   0.10 | blocked 28.2% | idle  0.7% | ent 0.723
  upd  933 | return    0.100 | deliv   0.10 | blocked 25.9% | idle  0.6% | ent 0.714
  upd  934 | return    0.000 | deliv   0.00 | blocked 28.0% | idle  0.6% | ent 0.716
  upd  935 | return    0.000 | deliv   0.00 | blocked 27.7% | idle  0.8% | ent 0.737
  upd  936 | return    0.000 | deliv   0.00 | blocked 26.2% | idle  0.8% | ent 0.738
  upd  937 | return    0.100 | deliv   0.10 | blocked 25.2% | idle  0.8% | ent 0.732
  upd  938 | return    0.200 | deliv   0.20 | blocked 29.3% | idle  0.7% | ent 0.738
  upd  939 | return    0.100 | deliv   0.10 | blocked 27.2% | idle  0.8% | ent 0.732
  upd  940 | return    0.200 | deliv   0.20 | blocked 28.0% | idle  0.8% | ent 0.728
  upd  941 | return    0.000 | deliv   0.00 | blocked 25.8% | idle  0.7% | ent 0.747
  upd  942 | return    0.100 | deliv   0.10 | blocked 26.7% | idle  0.7% | ent 0.727
  upd  943 | return    0.300 | deliv   0.30 | blocked 30.9% | idle  0.8% | ent 0.744
  upd  944 | return    0.200 | deliv   0.20 | blocked 29.4% | idle  0.8% | ent 0.726
  upd  945 | return    0.000 | deliv   0.00 | blocked 26.3% | idle  0.8% | ent 0.712
  upd  946 | return    0.100 | deliv   0.10 | blocked 24.3% | idle  1.0% | ent 0.730
  upd  947 | return    0.200 | deliv   0.20 | blocked 25.5% | idle  0.9% | ent 0.728
  upd  948 | return    0.200 | deliv   0.20 | blocked 22.6% | idle  0.9% | ent 0.753
  upd  949 | return    0.100 | deliv   0.10 | blocked 17.5% | idle  0.8% | ent 0.711
  upd  950 | return    0.100 | deliv   0.10 | blocked 20.0% | idle  1.0% | ent 0.753
  upd  951 | return    0.100 | deliv   0.10 | blocked 17.1% | idle  0.9% | ent 0.737
  upd  952 | return    0.200 | deliv   0.20 | blocked 18.4% | idle  1.1% | ent 0.736
  upd  953 | return    0.100 | deliv   0.10 | blocked 18.8% | idle  1.0% | ent 0.759
  upd  954 | return    0.100 | deliv   0.10 | blocked 18.7% | idle  1.0% | ent 0.767
  upd  955 | return    0.000 | deliv   0.00 | blocked 18.4% | idle  1.2% | ent 0.792
  upd  956 | return    0.000 | deliv   0.00 | blocked 17.9% | idle  1.3% | ent 0.771
  upd  957 | return    0.000 | deliv   0.00 | blocked 16.4% | idle  1.2% | ent 0.740
  upd  958 | return    0.000 | deliv   0.00 | blocked 19.6% | idle  1.1% | ent 0.769
  upd  959 | return    0.100 | deliv   0.10 | blocked 16.9% | idle  1.0% | ent 0.743
  upd  960 | return    0.100 | deliv   0.10 | blocked 19.2% | idle  1.0% | ent 0.774
  upd  961 | return    0.300 | deliv   0.30 | blocked 18.7% | idle  1.2% | ent 0.804
  upd  962 | return    0.000 | deliv   0.00 | blocked 18.9% | idle  1.4% | ent 0.801
  upd  963 | return    0.100 | deliv   0.10 | blocked 19.4% | idle  1.3% | ent 0.780
  upd  964 | return    0.100 | deliv   0.10 | blocked 20.1% | idle  1.2% | ent 0.796
  upd  965 | return    0.400 | deliv   0.40 | blocked 20.8% | idle  1.5% | ent 0.816
  upd  966 | return    0.000 | deliv   0.00 | blocked 17.9% | idle  1.5% | ent 0.810
  upd  967 | return    0.100 | deliv   0.10 | blocked 22.6% | idle  1.5% | ent 0.790
  upd  968 | return    0.000 | deliv   0.00 | blocked 21.9% | idle  1.6% | ent 0.843
  upd  969 | return    0.200 | deliv   0.20 | blocked 21.2% | idle  1.5% | ent 0.808
  upd  970 | return    0.200 | deliv   0.20 | blocked 21.4% | idle  1.8% | ent 0.838
  upd  971 | return    0.300 | deliv   0.30 | blocked 21.3% | idle  1.8% | ent 0.840
  upd  972 | return    0.300 | deliv   0.30 | blocked 22.5% | idle  1.6% | ent 0.802
  upd  973 | return    0.200 | deliv   0.20 | blocked 22.6% | idle  2.1% | ent 0.862
  upd  974 | return    0.100 | deliv   0.10 | blocked 24.4% | idle  2.0% | ent 0.842
  upd  975 | return    0.200 | deliv   0.20 | blocked 23.3% | idle  1.9% | ent 0.833
  upd  976 | return    0.400 | deliv   0.40 | blocked 23.1% | idle  1.9% | ent 0.838
  upd  977 | return    0.300 | deliv   0.30 | blocked 25.5% | idle  2.2% | ent 0.856
  upd  978 | return    0.300 | deliv   0.30 | blocked 25.3% | idle  2.2% | ent 0.863
  upd  979 | return    0.200 | deliv   0.20 | blocked 28.5% | idle  2.1% | ent 0.840
  upd  980 | return    0.200 | deliv   0.20 | blocked 25.2% | idle  2.4% | ent 0.863
  upd  981 | return    0.100 | deliv   0.10 | blocked 29.7% | idle  2.0% | ent 0.853
  upd  982 | return    0.100 | deliv   0.10 | blocked 28.8% | idle  1.9% | ent 0.836
  upd  983 | return    0.000 | deliv   0.00 | blocked 28.1% | idle  2.4% | ent 0.867
  upd  984 | return    0.100 | deliv   0.10 | blocked 31.3% | idle  2.0% | ent 0.855
  upd  985 | return    0.100 | deliv   0.10 | blocked 32.4% | idle  2.0% | ent 0.841
  upd  986 | return    0.000 | deliv   0.00 | blocked 30.8% | idle  1.7% | ent 0.826
  upd  987 | return    0.200 | deliv   0.20 | blocked 35.4% | idle  1.7% | ent 0.809
  upd  988 | return    0.100 | deliv   0.10 | blocked 33.7% | idle  2.0% | ent 0.850
  upd  989 | return    0.400 | deliv   0.40 | blocked 39.1% | idle  1.4% | ent 0.782
  upd  990 | return    0.200 | deliv   0.20 | blocked 34.0% | idle  1.6% | ent 0.823
  upd  991 | return    0.200 | deliv   0.20 | blocked 33.3% | idle  1.9% | ent 0.832
  upd  992 | return    0.000 | deliv   0.00 | blocked 30.2% | idle  1.9% | ent 0.856
  upd  993 | return    0.100 | deliv   0.10 | blocked 29.0% | idle  1.9% | ent 0.861
  upd  994 | return    0.100 | deliv   0.10 | blocked 29.4% | idle  1.7% | ent 0.869
  upd  995 | return    0.100 | deliv   0.10 | blocked 30.2% | idle  1.7% | ent 0.832
  upd  996 | return    0.100 | deliv   0.10 | blocked 25.3% | idle  2.2% | ent 0.877
  upd  997 | return    0.100 | deliv   0.10 | blocked 25.6% | idle  2.0% | ent 0.872
  upd  998 | return    0.000 | deliv   0.00 | blocked 24.4% | idle  2.4% | ent 0.876
  upd  999 | return    0.100 | deliv   0.10 | blocked 22.9% | idle  2.4% | ent 0.871
[commentary @ update 1000]
  deliveries/episode ~0.1 ▼   team return ~0.10 ▼
  contention (forward-blocked) 27.3% ▼   idle 1.1%
  barely any deliveries yet across the episode (early 0.1 / mid 0.0 / late 0.0)

ran 1000 updates (5,000,000 env steps) in 363.1s  (13,769 steps/s)
checkpoints -> runs/maa2c_tiny-4ag_seed2/checkpoints  (latest=800, best=100)   metrics -> runs/maa2c_tiny-4ag_seed2/results.csv
E0602 22:50:11.322350    1447 cuda_executor.cc:1526] Could not get kernel mode driver version: (INVALID_ARGUMENT: Version does not match the format X.Y.Z)
E0602 22:50:11.336558    1404 cuda_executor.cc:1526] Could not get kernel mode driver version: (INVALID_ARGUMENT: Version does not match the format X.Y.Z)
algo=maa2c (centralised_critic=True, use_ppo=False)
env=rware-tiny-4ag  parallel_envs=10 time_limit=500  updates=3000  (steps/update=5000)  seed=2
run-dir=runs/maa2c_tiny-4ag_seed2  chunk=100 updates/save  max_to_keep=5
resumed from checkpoint step 800 (latest) (4,000,000 env steps)
live per-update log (return / deliveries / blocked% / idle% / entropy) follows; watch entropy — a fast drop toward 0 means exploration collapse:

  upd  800 | return    0.300 | deliv   0.30 | blocked 24.3% | idle  4.1% | ent 1.000
  upd  801 | return    0.200 | deliv   0.20 | blocked 22.1% | idle  4.2% | ent 1.045
  upd  802 | return    0.100 | deliv   0.10 | blocked 21.2% | idle  4.1% | ent 1.031
  upd  803 | return    0.200 | deliv   0.20 | blocked 20.3% | idle  4.8% | ent 1.071
  upd  804 | return    0.000 | deliv   0.00 | blocked 21.2% | idle  4.4% | ent 1.056
  upd  805 | return    0.200 | deliv   0.20 | blocked 20.5% | idle  4.7% | ent 1.057
  upd  806 | return    0.300 | deliv   0.30 | blocked 22.1% | idle  4.7% | ent 1.052
  upd  807 | return    0.100 | deliv   0.10 | blocked 20.5% | idle  5.2% | ent 1.081
  upd  808 | return    0.100 | deliv   0.10 | blocked 20.9% | idle  4.9% | ent 1.066
  upd  809 | return    0.200 | deliv   0.20 | blocked 18.3% | idle  5.4% | ent 1.064
  upd  810 | return    0.400 | deliv   0.40 | blocked 20.5% | idle  5.7% | ent 1.073
  upd  811 | return    0.100 | deliv   0.10 | blocked 22.9% | idle  5.5% | ent 1.082
  upd  812 | return    0.300 | deliv   0.30 | blocked 21.9% | idle  5.2% | ent 1.038
  upd  813 | return    0.100 | deliv   0.10 | blocked 25.5% | idle  6.2% | ent 1.094
  upd  814 | return    0.500 | deliv   0.50 | blocked 26.5% | idle  6.4% | ent 1.096
  upd  815 | return    0.000 | deliv   0.00 | blocked 24.8% | idle  6.9% | ent 1.089
  upd  816 | return    0.200 | deliv   0.20 | blocked 27.5% | idle  6.9% | ent 1.095
  upd  817 | return    0.200 | deliv   0.20 | blocked 26.3% | idle  7.0% | ent 1.116
  upd  818 | return    0.100 | deliv   0.10 | blocked 26.2% | idle  6.6% | ent 1.106
  upd  819 | return    0.200 | deliv   0.20 | blocked 25.3% | idle  6.9% | ent 1.125
  upd  820 | return    0.300 | deliv   0.30 | blocked 24.7% | idle  6.7% | ent 1.110
  upd  821 | return    0.400 | deliv   0.40 | blocked 25.9% | idle  6.0% | ent 1.086
  upd  822 | return    0.100 | deliv   0.10 | blocked 24.2% | idle  6.8% | ent 1.127
  upd  823 | return    0.300 | deliv   0.30 | blocked 25.8% | idle  6.5% | ent 1.118
  upd  824 | return    0.400 | deliv   0.40 | blocked 25.1% | idle  6.4% | ent 1.125
  upd  825 | return    0.300 | deliv   0.30 | blocked 23.6% | idle  5.6% | ent 1.085
  upd  826 | return    0.000 | deliv   0.00 | blocked 22.5% | idle  6.7% | ent 1.127
  upd  827 | return    0.100 | deliv   0.10 | blocked 21.5% | idle  7.3% | ent 1.156
  upd  828 | return    0.300 | deliv   0.30 | blocked 18.7% | idle  8.2% | ent 1.169
  upd  829 | return    0.100 | deliv   0.10 | blocked 19.6% | idle  7.8% | ent 1.175
  upd  830 | return    0.100 | deliv   0.10 | blocked 19.2% | idle  7.7% | ent 1.167
  upd  831 | return    0.200 | deliv   0.20 | blocked 19.1% | idle  7.8% | ent 1.179
  upd  832 | return    0.200 | deliv   0.20 | blocked 18.2% | idle  7.7% | ent 1.182
  upd  833 | return    0.100 | deliv   0.10 | blocked 17.2% | idle  7.8% | ent 1.204
  upd  834 | return    0.100 | deliv   0.10 | blocked 18.7% | idle  6.7% | ent 1.167
  upd  835 | return    0.500 | deliv   0.50 | blocked 20.4% | idle  6.6% | ent 1.149
  upd  836 | return    0.400 | deliv   0.40 | blocked 20.8% | idle  6.6% | ent 1.166
  upd  837 | return    0.200 | deliv   0.20 | blocked 16.9% | idle  7.7% | ent 1.207
  upd  838 | return    0.200 | deliv   0.20 | blocked 22.4% | idle  6.0% | ent 1.128
  upd  839 | return    0.100 | deliv   0.10 | blocked 20.3% | idle  6.1% | ent 1.133
  upd  840 | return    0.300 | deliv   0.30 | blocked 20.6% | idle  6.0% | ent 1.130
  upd  841 | return    0.100 | deliv   0.10 | blocked 19.8% | idle  5.7% | ent 1.139
  upd  842 | return    0.100 | deliv   0.10 | blocked 21.9% | idle  4.8% | ent 1.111
  upd  843 | return    0.100 | deliv   0.10 | blocked 18.1% | idle  5.4% | ent 1.161
  upd  844 | return    0.400 | deliv   0.40 | blocked 21.6% | idle  4.1% | ent 1.106
  upd  845 | return    0.300 | deliv   0.30 | blocked 20.9% | idle  3.8% | ent 1.082
  upd  846 | return    0.200 | deliv   0.20 | blocked 21.3% | idle  4.2% | ent 1.090
  upd  847 | return    0.100 | deliv   0.10 | blocked 20.9% | idle  4.3% | ent 1.112
  upd  848 | return    0.200 | deliv   0.20 | blocked 22.9% | idle  3.5% | ent 1.089
  upd  849 | return    0.500 | deliv   0.50 | blocked 22.7% | idle  3.8% | ent 1.067
  upd  850 | return    0.200 | deliv   0.20 | blocked 24.5% | idle  3.9% | ent 1.088
  upd  851 | return    0.800 | deliv   0.80 | blocked 25.7% | idle  3.3% | ent 1.066
  upd  852 | return    0.000 | deliv   0.00 | blocked 24.6% | idle  4.3% | ent 1.119
  upd  853 | return    0.200 | deliv   0.20 | blocked 24.9% | idle  3.6% | ent 1.058
  upd  854 | return    0.300 | deliv   0.30 | blocked 26.9% | idle  2.9% | ent 1.008
  upd  855 | return    0.300 | deliv   0.30 | blocked 24.2% | idle  3.8% | ent 1.097
  upd  856 | return    0.000 | deliv   0.00 | blocked 23.7% | idle  3.6% | ent 1.084
  upd  857 | return    0.000 | deliv   0.00 | blocked 24.9% | idle  3.8% | ent 1.073
  upd  858 | return    0.200 | deliv   0.20 | blocked 22.8% | idle  3.8% | ent 1.052
  upd  859 | return    0.300 | deliv   0.30 | blocked 25.8% | idle  3.5% | ent 1.053
  upd  860 | return    0.100 | deliv   0.10 | blocked 29.3% | idle  3.2% | ent 1.008
  upd  861 | return    0.600 | deliv   0.60 | blocked 30.6% | idle  3.7% | ent 1.023
  upd  862 | return    0.500 | deliv   0.50 | blocked 27.6% | idle  3.8% | ent 1.026
  upd  863 | return    0.400 | deliv   0.40 | blocked 33.6% | idle  3.4% | ent 0.973
  upd  864 | return    0.100 | deliv   0.10 | blocked 33.4% | idle  3.8% | ent 0.971
  upd  865 | return    0.100 | deliv   0.10 | blocked 37.7% | idle  3.5% | ent 0.916
  upd  866 | return    0.100 | deliv   0.10 | blocked 39.7% | idle  3.4% | ent 0.904
  upd  867 | return    0.300 | deliv   0.30 | blocked 42.8% | idle  3.0% | ent 0.865
  upd  868 | return    0.300 | deliv   0.30 | blocked 41.6% | idle  3.0% | ent 0.857
  upd  869 | return    0.300 | deliv   0.30 | blocked 38.5% | idle  3.6% | ent 0.854
  upd  870 | return    0.100 | deliv   0.10 | blocked 39.7% | idle  3.5% | ent 0.893
  upd  871 | return    0.500 | deliv   0.50 | blocked 38.1% | idle  4.1% | ent 0.892
  upd  872 | return    0.500 | deliv   0.50 | blocked 36.9% | idle  4.4% | ent 0.884
  upd  873 | return    1.100 | deliv   1.10 | blocked 40.7% | idle  4.6% | ent 0.891
  upd  874 | return    0.200 | deliv   0.20 | blocked 40.7% | idle  5.5% | ent 0.904
  upd  875 | return    0.300 | deliv   0.30 | blocked 36.8% | idle  5.8% | ent 0.895
  upd  876 | return    0.300 | deliv   0.30 | blocked 36.6% | idle  7.5% | ent 0.959
  upd  877 | return    0.100 | deliv   0.10 | blocked 37.9% | idle  6.5% | ent 0.902
  upd  878 | return    0.200 | deliv   0.20 | blocked 36.6% | idle  7.7% | ent 0.956
  upd  879 | return    0.400 | deliv   0.40 | blocked 35.3% | idle  7.8% | ent 0.961
  upd  880 | return    0.300 | deliv   0.30 | blocked 36.6% | idle  7.6% | ent 0.953
  upd  881 | return    0.400 | deliv   0.40 | blocked 34.8% | idle  8.9% | ent 0.976
  upd  882 | return    0.300 | deliv   0.30 | blocked 32.6% | idle  9.2% | ent 0.985
  upd  883 | return    0.500 | deliv   0.50 | blocked 34.4% | idle  8.6% | ent 0.970
  upd  884 | return    0.500 | deliv   0.50 | blocked 32.8% | idle  9.1% | ent 0.993
  upd  885 | return    0.700 | deliv   0.70 | blocked 31.2% | idle  9.0% | ent 0.977
  upd  886 | return    0.400 | deliv   0.40 | blocked 34.3% | idle  7.6% | ent 0.952
  upd  887 | return    0.300 | deliv   0.30 | blocked 32.1% | idle  8.9% | ent 1.001
  upd  888 | return    0.300 | deliv   0.30 | blocked 31.5% | idle  8.0% | ent 0.992
  upd  889 | return    0.200 | deliv   0.20 | blocked 34.5% | idle  7.5% | ent 0.958
  upd  890 | return    0.000 | deliv   0.00 | blocked 33.7% | idle  7.0% | ent 0.946
  upd  891 | return    0.100 | deliv   0.10 | blocked 33.9% | idle  6.9% | ent 0.959
  upd  892 | return    0.200 | deliv   0.20 | blocked 29.9% | idle  6.9% | ent 0.988
  upd  893 | return    0.100 | deliv   0.10 | blocked 35.6% | idle  5.5% | ent 0.917
  upd  894 | return    0.100 | deliv   0.10 | blocked 34.6% | idle  5.1% | ent 0.897
  upd  895 | return    0.100 | deliv   0.10 | blocked 33.5% | idle  4.8% | ent 0.890
  upd  896 | return    0.000 | deliv   0.00 | blocked 34.0% | idle  4.3% | ent 0.868
  upd  897 | return    0.000 | deliv   0.00 | blocked 33.5% | idle  4.7% | ent 0.904
  upd  898 | return    0.300 | deliv   0.30 | blocked 33.2% | idle  4.9% | ent 0.911
  upd  899 | return    0.100 | deliv   0.10 | blocked 34.3% | idle  4.2% | ent 0.873
[commentary @ update 900]
  deliveries/episode ~0.2 ~   team return ~0.24 ~
  contention (forward-blocked) 27.5% ~   idle 5.6%
  barely any deliveries yet across the episode (early 0.1 / mid 0.1 / late 0.1)
  upd  900 | return    0.200 | deliv   0.20 | blocked 31.1% | idle  4.4% | ent 0.892
  upd  901 | return    0.300 | deliv   0.30 | blocked 34.6% | idle  3.9% | ent 0.875
  upd  902 | return    0.300 | deliv   0.30 | blocked 32.4% | idle  3.8% | ent 0.885
  upd  903 | return    0.100 | deliv   0.10 | blocked 30.6% | idle  5.0% | ent 0.918
  upd  904 | return    0.200 | deliv   0.20 | blocked 29.2% | idle  5.4% | ent 0.927
  upd  905 | return    0.000 | deliv   0.00 | blocked 26.3% | idle  6.4% | ent 0.954
  upd  906 | return    0.000 | deliv   0.00 | blocked 22.6% | idle  7.3% | ent 0.999
  upd  907 | return    0.400 | deliv   0.40 | blocked 26.9% | idle  5.7% | ent 0.908
  upd  908 | return    0.400 | deliv   0.40 | blocked 23.4% | idle  6.5% | ent 0.936
  upd  909 | return    0.200 | deliv   0.20 | blocked 19.8% | idle  8.4% | ent 0.992
  upd  910 | return    0.000 | deliv   0.00 | blocked 20.3% | idle  7.6% | ent 0.942
  upd  911 | return    0.100 | deliv   0.10 | blocked 20.6% | idle  7.2% | ent 0.963
  upd  912 | return    0.600 | deliv   0.60 | blocked 19.6% | idle  7.5% | ent 0.947
  upd  913 | return    0.100 | deliv   0.10 | blocked 18.7% | idle  6.7% | ent 0.893
  upd  914 | return    0.100 | deliv   0.10 | blocked 18.6% | idle  7.2% | ent 0.908
  upd  915 | return    0.200 | deliv   0.20 | blocked 16.1% | idle  7.2% | ent 0.920
  upd  916 | return    0.100 | deliv   0.10 | blocked 16.9% | idle  8.9% | ent 0.967
  upd  917 | return    0.100 | deliv   0.10 | blocked 15.8% | idle  7.7% | ent 0.926
  upd  918 | return    0.800 | deliv   0.80 | blocked 19.6% | idle  6.8% | ent 0.921
  upd  919 | return    0.200 | deliv   0.20 | blocked 15.7% | idle  9.0% | ent 1.013
  upd  920 | return    0.200 | deliv   0.20 | blocked 16.1% | idle  7.2% | ent 0.924
  upd  921 | return    0.800 | deliv   0.80 | blocked 16.4% | idle  6.6% | ent 0.917
  upd  922 | return    0.900 | deliv   0.90 | blocked 15.4% | idle  8.2% | ent 0.972
  upd  923 | return    0.300 | deliv   0.30 | blocked 18.9% | idle  7.4% | ent 0.987
  upd  924 | return    0.200 | deliv   0.20 | blocked 16.9% | idle 10.2% | ent 1.050
  upd  925 | return    0.500 | deliv   0.50 | blocked 18.6% | idle  9.4% | ent 1.018
  upd  926 | return    0.100 | deliv   0.10 | blocked 19.6% | idle 10.9% | ent 1.059
  upd  927 | return    0.400 | deliv   0.40 | blocked 23.5% | idle  9.0% | ent 1.020
  upd  928 | return    0.400 | deliv   0.40 | blocked 21.1% | idle 11.1% | ent 1.055
  upd  929 | return    0.500 | deliv   0.50 | blocked 26.3% | idle  8.7% | ent 0.996
  upd  930 | return    0.500 | deliv   0.50 | blocked 24.2% | idle 12.4% | ent 1.070
  upd  931 | return    0.400 | deliv   0.40 | blocked 24.3% | idle 12.6% | ent 1.071
  upd  932 | return    0.600 | deliv   0.60 | blocked 24.1% | idle 13.5% | ent 1.086
  upd  933 | return    0.400 | deliv   0.40 | blocked 21.4% | idle 17.6% | ent 1.199
  upd  934 | return    0.300 | deliv   0.30 | blocked 24.6% | idle 14.8% | ent 1.124
  upd  935 | return    0.000 | deliv   0.00 | blocked 22.6% | idle 15.8% | ent 1.086
  upd  936 | return    0.100 | deliv   0.10 | blocked 25.6% | idle 14.3% | ent 1.052
  upd  937 | return    0.500 | deliv   0.50 | blocked 27.9% | idle 13.4% | ent 1.008
  upd  938 | return    0.000 | deliv   0.00 | blocked 28.0% | idle 15.1% | ent 1.027
  upd  939 | return    0.600 | deliv   0.60 | blocked 31.7% | idle 13.9% | ent 0.970
  upd  940 | return    0.600 | deliv   0.60 | blocked 28.6% | idle 14.0% | ent 0.990
  upd  941 | return    0.400 | deliv   0.40 | blocked 30.8% | idle 13.6% | ent 1.005
  upd  942 | return    0.300 | deliv   0.30 | blocked 27.7% | idle 15.1% | ent 1.033
  upd  943 | return    0.700 | deliv   0.70 | blocked 35.5% | idle  9.6% | ent 0.903
  upd  944 | return    0.600 | deliv   0.60 | blocked 32.0% | idle 12.3% | ent 0.940
  upd  945 | return    0.000 | deliv   0.00 | blocked 32.6% | idle 11.4% | ent 0.958
  upd  946 | return    0.100 | deliv   0.10 | blocked 31.4% | idle 12.4% | ent 0.986
  upd  947 | return    0.500 | deliv   0.50 | blocked 30.7% | idle 10.8% | ent 0.972
  upd  948 | return    0.700 | deliv   0.70 | blocked 31.8% | idle  9.9% | ent 0.941
  upd  949 | return    0.200 | deliv   0.20 | blocked 30.6% | idle  9.7% | ent 0.947
  upd  950 | return    0.300 | deliv   0.30 | blocked 28.7% | idle 10.3% | ent 0.979
  upd  951 | return    0.500 | deliv   0.50 | blocked 29.6% | idle  9.1% | ent 0.926
  upd  952 | return    0.200 | deliv   0.20 | blocked 28.4% | idle 11.1% | ent 0.951
  upd  953 | return    0.500 | deliv   0.50 | blocked 36.2% | idle  8.2% | ent 0.898
  upd  954 | return    0.100 | deliv   0.10 | blocked 32.7% | idle  9.6% | ent 0.931
  upd  955 | return    0.300 | deliv   0.30 | blocked 31.7% | idle  9.7% | ent 0.914
  upd  956 | return    0.400 | deliv   0.40 | blocked 36.5% | idle  8.0% | ent 0.847
  upd  957 | return    0.100 | deliv   0.10 | blocked 33.2% | idle 10.1% | ent 0.909
  upd  958 | return    0.400 | deliv   0.40 | blocked 33.3% | idle 10.1% | ent 0.897
  upd  959 | return    0.300 | deliv   0.30 | blocked 31.9% | idle 10.8% | ent 0.901
  upd  960 | return    0.200 | deliv   0.20 | blocked 34.5% | idle 11.0% | ent 0.920
  upd  961 | return    0.300 | deliv   0.30 | blocked 29.5% | idle 11.8% | ent 0.936
  upd  962 | return    0.400 | deliv   0.40 | blocked 37.0% | idle  9.4% | ent 0.842
  upd  963 | return    0.300 | deliv   0.30 | blocked 32.4% | idle 12.5% | ent 0.889
  upd  964 | return    0.000 | deliv   0.00 | blocked 31.9% | idle 12.4% | ent 0.887
  upd  965 | return    0.300 | deliv   0.30 | blocked 32.6% | idle 12.7% | ent 0.882
  upd  966 | return    0.400 | deliv   0.40 | blocked 33.3% | idle 11.7% | ent 0.876
  upd  967 | return    0.100 | deliv   0.10 | blocked 31.1% | idle 12.5% | ent 0.862
  upd  968 | return    0.100 | deliv   0.10 | blocked 29.9% | idle 13.3% | ent 0.898
  upd  969 | return    0.400 | deliv   0.40 | blocked 28.6% | idle 14.1% | ent 0.903
  upd  970 | return    0.700 | deliv   0.70 | blocked 27.1% | idle 15.7% | ent 0.938
  upd  971 | return    0.500 | deliv   0.50 | blocked 31.7% | idle 12.3% | ent 0.905
  upd  972 | return    0.400 | deliv   0.40 | blocked 29.7% | idle 12.6% | ent 0.871
  upd  973 | return    0.400 | deliv   0.40 | blocked 30.2% | idle 15.1% | ent 0.930
  upd  974 | return    0.400 | deliv   0.40 | blocked 31.5% | idle 13.3% | ent 0.897
  upd  975 | return    0.500 | deliv   0.50 | blocked 28.1% | idle 14.6% | ent 0.906
  upd  976 | return    0.800 | deliv   0.80 | blocked 28.2% | idle 12.6% | ent 0.873
  upd  977 | return    0.300 | deliv   0.30 | blocked 32.8% | idle 13.0% | ent 0.881
  upd  978 | return    0.700 | deliv   0.70 | blocked 35.8% | idle 11.8% | ent 0.884
  upd  979 | return    0.500 | deliv   0.50 | blocked 33.4% | idle 11.7% | ent 0.833
  upd  980 | return    0.600 | deliv   0.60 | blocked 36.6% | idle 10.2% | ent 0.819
  upd  981 | return    0.500 | deliv   0.50 | blocked 37.8% | idle 10.4% | ent 0.821
  upd  982 | return    0.300 | deliv   0.30 | blocked 33.7% | idle 10.5% | ent 0.801
  upd  983 | return    0.300 | deliv   0.30 | blocked 33.9% | idle  9.3% | ent 0.760
  upd  984 | return    0.300 | deliv   0.30 | blocked 35.7% | idle  8.6% | ent 0.786
  upd  985 | return    0.400 | deliv   0.40 | blocked 37.6% | idle  8.0% | ent 0.797
  upd  986 | return    0.100 | deliv   0.10 | blocked 33.6% | idle 10.5% | ent 0.830
  upd  987 | return    0.300 | deliv   0.30 | blocked 37.2% | idle  7.6% | ent 0.803
  upd  988 | return    0.700 | deliv   0.70 | blocked 31.3% | idle  8.7% | ent 0.815
  upd  989 | return    0.600 | deliv   0.60 | blocked 33.1% | idle  7.8% | ent 0.829
  upd  990 | return    0.300 | deliv   0.30 | blocked 27.8% | idle  8.6% | ent 0.855
  upd  991 | return    0.500 | deliv   0.50 | blocked 28.4% | idle 10.1% | ent 0.884
  upd  992 | return    0.600 | deliv   0.60 | blocked 27.3% | idle  8.9% | ent 0.900
  upd  993 | return    0.800 | deliv   0.80 | blocked 27.9% | idle  8.4% | ent 0.903
  upd  994 | return    0.500 | deliv   0.50 | blocked 25.2% | idle  8.6% | ent 0.867
  upd  995 | return    0.300 | deliv   0.30 | blocked 30.9% | idle  6.7% | ent 0.876
  upd  996 | return    0.700 | deliv   0.70 | blocked 27.1% | idle  8.0% | ent 0.869
  upd  997 | return    0.600 | deliv   0.60 | blocked 28.3% | idle  6.7% | ent 0.862
  upd  998 | return    0.400 | deliv   0.40 | blocked 26.0% | idle  8.8% | ent 0.900
  upd  999 | return    0.400 | deliv   0.40 | blocked 28.1% | idle  9.2% | ent 0.930
[commentary @ update 1000]
  deliveries/episode ~0.4 ▲   team return ~0.36 ▲
  contention (forward-blocked) 28.0% ▲   idle 10.1%
  barely any deliveries yet across the episode (early 0.2 / mid 0.1 / late 0.1)
  upd 1000 | return    0.300 | deliv   0.30 | blocked 28.2% | idle  8.2% | ent 0.890
  upd 1001 | return    0.600 | deliv   0.60 | blocked 25.2% | idle  9.6% | ent 0.934
  upd 1002 | return    0.400 | deliv   0.40 | blocked 31.6% | idle  6.3% | ent 0.871
  upd 1003 | return    0.300 | deliv   0.30 | blocked 28.6% | idle  8.7% | ent 0.896
  upd 1004 | return    0.500 | deliv   0.50 | blocked 32.6% | idle  7.9% | ent 0.887
  upd 1005 | return    0.500 | deliv   0.50 | blocked 30.6% | idle  8.4% | ent 0.888
  upd 1006 | return    0.600 | deliv   0.60 | blocked 30.0% | idle  8.2% | ent 0.878
  upd 1007 | return    0.400 | deliv   0.40 | blocked 28.4% | idle  8.1% | ent 0.895
  upd 1008 | return    1.000 | deliv   1.00 | blocked 28.3% | idle  7.0% | ent 0.862
  upd 1009 | return    0.900 | deliv   0.90 | blocked 24.8% | idle 10.4% | ent 0.926
  upd 1010 | return    0.500 | deliv   0.50 | blocked 26.9% | idle  9.0% | ent 0.898
  upd 1011 | return    0.400 | deliv   0.40 | blocked 28.0% | idle  8.5% | ent 0.879
  upd 1012 | return    0.900 | deliv   0.90 | blocked 29.5% | idle  8.8% | ent 0.874
  upd 1013 | return    0.800 | deliv   0.80 | blocked 34.1% | idle  7.8% | ent 0.863
  upd 1014 | return    0.600 | deliv   0.60 | blocked 34.1% | idle  8.3% | ent 0.832
  upd 1015 | return    0.500 | deliv   0.50 | blocked 33.0% | idle  9.1% | ent 0.819
  upd 1016 | return    0.400 | deliv   0.40 | blocked 33.1% | idle  9.1% | ent 0.813
  upd 1017 | return    0.400 | deliv   0.40 | blocked 28.8% | idle  8.3% | ent 0.786
  upd 1018 | return    0.400 | deliv   0.40 | blocked 31.4% | idle  9.4% | ent 0.815
  upd 1019 | return    0.300 | deliv   0.30 | blocked 30.6% | idle  7.3% | ent 0.774
  upd 1020 | return    0.500 | deliv   0.50 | blocked 29.0% | idle  8.8% | ent 0.869
  upd 1021 | return    0.800 | deliv   0.80 | blocked 23.6% | idle  8.2% | ent 0.842
  upd 1022 | return    0.600 | deliv   0.60 | blocked 23.8% | idle  8.4% | ent 0.885
  upd 1023 | return    0.600 | deliv   0.60 | blocked 22.5% | idle  7.6% | ent 0.881
  upd 1024 | return    0.500 | deliv   0.50 | blocked 18.9% | idle  6.2% | ent 0.815
  upd 1025 | return    0.500 | deliv   0.50 | blocked 19.3% | idle  6.9% | ent 0.859
  upd 1026 | return    1.000 | deliv   1.00 | blocked 22.6% | idle  6.5% | ent 0.887
  upd 1027 | return    0.700 | deliv   0.70 | blocked 27.2% | idle  4.8% | ent 0.815
  upd 1028 | return    1.000 | deliv   1.00 | blocked 30.3% | idle  4.2% | ent 0.783
  upd 1029 | return    0.700 | deliv   0.70 | blocked 32.0% | idle  4.5% | ent 0.759
  upd 1030 | return    0.200 | deliv   0.20 | blocked 33.5% | idle  5.8% | ent 0.804
  upd 1031 | return    0.400 | deliv   0.40 | blocked 38.6% | idle  4.7% | ent 0.753
  upd 1032 | return    0.200 | deliv   0.20 | blocked 36.9% | idle  6.0% | ent 0.797
  upd 1033 | return    0.300 | deliv   0.30 | blocked 41.6% | idle  5.1% | ent 0.743
  upd 1034 | return    0.200 | deliv   0.20 | blocked 37.7% | idle  6.0% | ent 0.800
  upd 1035 | return    0.300 | deliv   0.30 | blocked 35.6% | idle  6.1% | ent 0.814
  upd 1036 | return    0.500 | deliv   0.50 | blocked 41.2% | idle  4.8% | ent 0.763
  upd 1037 | return    0.600 | deliv   0.60 | blocked 38.9% | idle  6.0% | ent 0.828
  upd 1038 | return    0.300 | deliv   0.30 | blocked 33.2% | idle  6.1% | ent 0.862
  upd 1039 | return    0.300 | deliv   0.30 | blocked 36.0% | idle  5.0% | ent 0.796
  upd 1040 | return    0.200 | deliv   0.20 | blocked 32.7% | idle  5.5% | ent 0.840
  upd 1041 | return    0.700 | deliv   0.70 | blocked 33.6% | idle  3.9% | ent 0.790
  upd 1042 | return    0.300 | deliv   0.30 | blocked 26.8% | idle  5.8% | ent 0.851
  upd 1043 | return    0.100 | deliv   0.10 | blocked 30.6% | idle  4.1% | ent 0.769
  upd 1044 | return    0.600 | deliv   0.60 | blocked 30.6% | idle  2.9% | ent 0.706
  upd 1045 | return    0.800 | deliv   0.80 | blocked 28.9% | idle  2.7% | ent 0.742
  upd 1046 | return    0.800 | deliv   0.80 | blocked 27.1% | idle  3.5% | ent 0.774
  upd 1047 | return    0.500 | deliv   0.50 | blocked 30.3% | idle  3.3% | ent 0.811
  upd 1048 | return    0.600 | deliv   0.60 | blocked 29.2% | idle  2.4% | ent 0.731
  upd 1049 | return    0.500 | deliv   0.50 | blocked 30.0% | idle  2.3% | ent 0.743
  upd 1050 | return    0.900 | deliv   0.90 | blocked 27.1% | idle  2.4% | ent 0.793
  upd 1051 | return    0.600 | deliv   0.60 | blocked 23.1% | idle  2.9% | ent 0.806
  upd 1052 | return    0.600 | deliv   0.60 | blocked 21.6% | idle  3.4% | ent 0.814
  upd 1053 | return    0.500 | deliv   0.50 | blocked 17.7% | idle  4.3% | ent 0.843
  upd 1054 | return    0.900 | deliv   0.90 | blocked 15.3% | idle  5.6% | ent 0.864
  upd 1055 | return    0.700 | deliv   0.70 | blocked 14.5% | idle  6.4% | ent 0.921
  upd 1056 | return    0.900 | deliv   0.90 | blocked 13.4% | idle  8.1% | ent 1.042
  upd 1057 | return    0.600 | deliv   0.60 | blocked  9.5% | idle  9.4% | ent 1.059
  upd 1058 | return    0.700 | deliv   0.70 | blocked  9.3% | idle 10.9% | ent 1.119
  upd 1059 | return    0.800 | deliv   0.80 | blocked  7.0% | idle 12.1% | ent 1.052
  upd 1060 | return    0.800 | deliv   0.80 | blocked  7.9% | idle 13.4% | ent 1.131
  upd 1061 | return    0.900 | deliv   0.90 | blocked 10.5% | idle 11.2% | ent 1.122
  upd 1062 | return    1.300 | deliv   1.30 | blocked 13.2% | idle  9.3% | ent 1.082
  upd 1063 | return    0.800 | deliv   0.80 | blocked 14.7% | idle  7.9% | ent 0.987
  upd 1064 | return    0.600 | deliv   0.60 | blocked 20.6% | idle  4.7% | ent 0.900
  upd 1065 | return    0.700 | deliv   0.70 | blocked 20.0% | idle  4.3% | ent 0.842
  upd 1066 | return    0.500 | deliv   0.50 | blocked 24.0% | idle  3.8% | ent 0.846
  upd 1067 | return    0.400 | deliv   0.40 | blocked 25.0% | idle  3.6% | ent 0.841
  upd 1068 | return    0.700 | deliv   0.70 | blocked 23.4% | idle  3.4% | ent 0.802
  upd 1069 | return    0.200 | deliv   0.20 | blocked 21.9% | idle  3.0% | ent 0.803
  upd 1070 | return    0.800 | deliv   0.80 | blocked 25.2% | idle  2.7% | ent 0.783
  upd 1071 | return    0.700 | deliv   0.70 | blocked 22.9% | idle  3.0% | ent 0.806
  upd 1072 | return    0.800 | deliv   0.80 | blocked 23.0% | idle  2.5% | ent 0.763
  upd 1073 | return    0.600 | deliv   0.60 | blocked 25.0% | idle  2.1% | ent 0.763
  upd 1074 | return    0.500 | deliv   0.50 | blocked 24.0% | idle  3.2% | ent 0.779
  upd 1075 | return    0.300 | deliv   0.30 | blocked 21.4% | idle  1.8% | ent 0.701
  upd 1076 | return    0.600 | deliv   0.60 | blocked 21.6% | idle  2.4% | ent 0.728
  upd 1077 | return    1.100 | deliv   1.10 | blocked 23.4% | idle  3.0% | ent 0.788
  upd 1078 | return    0.200 | deliv   0.20 | blocked 20.8% | idle  3.4% | ent 0.778
  upd 1079 | return    0.200 | deliv   0.20 | blocked 17.7% | idle  3.6% | ent 0.740
  upd 1080 | return    0.500 | deliv   0.50 | blocked 16.3% | idle  5.1% | ent 0.790
  upd 1081 | return    0.600 | deliv   0.60 | blocked 15.0% | idle  5.5% | ent 0.802
  upd 1082 | return    0.700 | deliv   0.70 | blocked 14.2% | idle  6.9% | ent 0.832
  upd 1083 | return    1.000 | deliv   1.00 | blocked 14.4% | idle  5.7% | ent 0.789
  upd 1084 | return    0.800 | deliv   0.80 | blocked 14.6% | idle  4.8% | ent 0.796
  upd 1085 | return    1.100 | deliv   1.10 | blocked 13.1% | idle  5.8% | ent 0.791
  upd 1086 | return    0.900 | deliv   0.90 | blocked 14.2% | idle  5.1% | ent 0.788
  upd 1087 | return    0.400 | deliv   0.40 | blocked 18.4% | idle  5.8% | ent 0.844
  upd 1088 | return    0.500 | deliv   0.50 | blocked 18.3% | idle  4.9% | ent 0.825
  upd 1089 | return    0.600 | deliv   0.60 | blocked 19.0% | idle  5.3% | ent 0.859
  upd 1090 | return    0.700 | deliv   0.70 | blocked 18.8% | idle  5.7% | ent 0.877
  upd 1091 | return    1.200 | deliv   1.20 | blocked 20.4% | idle  5.0% | ent 0.858
  upd 1092 | return    1.000 | deliv   1.00 | blocked 19.6% | idle  4.5% | ent 0.865
  upd 1093 | return    1.000 | deliv   1.00 | blocked 17.3% | idle  5.5% | ent 0.880
  upd 1094 | return    0.700 | deliv   0.70 | blocked 17.6% | idle  5.8% | ent 0.922
  upd 1095 | return    0.900 | deliv   0.90 | blocked 17.6% | idle  5.3% | ent 0.893
  upd 1096 | return    1.000 | deliv   1.00 | blocked 15.0% | idle  5.5% | ent 0.880
  upd 1097 | return    0.700 | deliv   0.70 | blocked 15.3% | idle  5.7% | ent 0.895
  upd 1098 | return    1.000 | deliv   1.00 | blocked 13.9% | idle  5.4% | ent 0.899
  upd 1099 | return    0.600 | deliv   0.60 | blocked 11.4% | idle  5.3% | ent 0.866
[commentary @ update 1100]
  deliveries/episode ~0.6 ▲   team return ~0.62 ▲
  contention (forward-blocked) 24.1% ▼   idle 5.9%
  throughput is weighted toward the early of the episode (early 0.4 / mid 0.1 / late 0.1)
  upd 1100 | return    0.900 | deliv   0.90 | blocked 11.4% | idle  4.9% | ent 0.865
  upd 1101 | return    0.700 | deliv   0.70 | blocked 10.0% | idle  5.1% | ent 0.835
  upd 1102 | return    0.900 | deliv   0.90 | blocked  9.9% | idle  4.2% | ent 0.798
  upd 1103 | return    0.700 | deliv   0.70 | blocked 10.0% | idle  5.2% | ent 0.879
  upd 1104 | return    1.000 | deliv   1.00 | blocked  8.0% | idle  4.0% | ent 0.804
  upd 1105 | return    0.900 | deliv   0.90 | blocked  7.6% | idle  4.8% | ent 0.879
  upd 1106 | return    1.000 | deliv   1.00 | blocked  6.3% | idle  5.1% | ent 0.872
  upd 1107 | return    1.400 | deliv   1.40 | blocked  6.4% | idle  4.5% | ent 0.830
  upd 1108 | return    1.500 | deliv   1.50 | blocked  7.0% | idle  4.8% | ent 0.876
  upd 1109 | return    0.700 | deliv   0.70 | blocked  6.2% | idle  4.4% | ent 0.840
  upd 1110 | return    0.600 | deliv   0.60 | blocked  9.0% | idle  5.3% | ent 0.873
  upd 1111 | return    0.600 | deliv   0.60 | blocked 10.0% | idle  5.0% | ent 0.843
  upd 1112 | return    1.100 | deliv   1.10 | blocked  8.4% | idle  4.1% | ent 0.758
  upd 1113 | return    0.700 | deliv   0.70 | blocked  9.2% | idle  3.1% | ent 0.666
  upd 1114 | return    1.100 | deliv   1.10 | blocked 15.9% | idle  3.8% | ent 0.707
  upd 1115 | return    0.500 | deliv   0.50 | blocked 17.8% | idle  3.4% | ent 0.650
  upd 1116 | return    0.400 | deliv   0.40 | blocked 22.9% | idle  2.6% | ent 0.630
  upd 1117 | return    1.000 | deliv   1.00 | blocked 27.4% | idle  2.1% | ent 0.593
  upd 1118 | return    0.700 | deliv   0.70 | blocked 37.0% | idle  1.7% | ent 0.575
  upd 1119 | return    0.900 | deliv   0.90 | blocked 37.8% | idle  1.5% | ent 0.574
  upd 1120 | return    0.600 | deliv   0.60 | blocked 37.9% | idle  1.8% | ent 0.579
  upd 1121 | return    0.400 | deliv   0.40 | blocked 36.0% | idle  1.7% | ent 0.575
  upd 1122 | return    0.200 | deliv   0.20 | blocked 36.8% | idle  1.5% | ent 0.581
  upd 1123 | return    0.400 | deliv   0.40 | blocked 36.2% | idle  1.7% | ent 0.593
  upd 1124 | return    0.600 | deliv   0.60 | blocked 33.3% | idle  1.8% | ent 0.594
  upd 1125 | return    1.000 | deliv   1.00 | blocked 37.5% | idle  1.8% | ent 0.615
  upd 1126 | return    0.400 | deliv   0.40 | blocked 32.0% | idle  1.4% | ent 0.602
  upd 1127 | return    0.700 | deliv   0.70 | blocked 31.0% | idle  1.7% | ent 0.643
  upd 1128 | return    0.500 | deliv   0.50 | blocked 30.5% | idle  1.7% | ent 0.661
  upd 1129 | return    0.800 | deliv   0.80 | blocked 30.2% | idle  1.7% | ent 0.661
  upd 1130 | return    0.400 | deliv   0.40 | blocked 27.8% | idle  1.5% | ent 0.649
  upd 1131 | return    0.400 | deliv   0.40 | blocked 24.9% | idle  1.5% | ent 0.692
  upd 1132 | return    0.700 | deliv   0.70 | blocked 24.3% | idle  1.6% | ent 0.681
  upd 1133 | return    0.500 | deliv   0.50 | blocked 22.8% | idle  1.9% | ent 0.730
  upd 1134 | return    0.600 | deliv   0.60 | blocked 20.9% | idle  1.6% | ent 0.690
  upd 1135 | return    0.800 | deliv   0.80 | blocked 18.9% | idle  1.6% | ent 0.691
  upd 1136 | return    0.500 | deliv   0.50 | blocked 21.0% | idle  2.0% | ent 0.758
  upd 1137 | return    0.400 | deliv   0.40 | blocked 18.1% | idle  1.8% | ent 0.736
  upd 1138 | return    0.800 | deliv   0.80 | blocked 14.2% | idle  1.9% | ent 0.694
  upd 1139 | return    1.300 | deliv   1.30 | blocked 15.2% | idle  2.2% | ent 0.772
  upd 1140 | return    0.800 | deliv   0.80 | blocked 12.8% | idle  2.3% | ent 0.747
  upd 1141 | return    0.900 | deliv   0.90 | blocked 13.0% | idle  2.0% | ent 0.764
  upd 1142 | return    0.600 | deliv   0.60 | blocked 11.1% | idle  2.0% | ent 0.715
  upd 1143 | return    0.800 | deliv   0.80 | blocked 12.8% | idle  2.0% | ent 0.792
  upd 1144 | return    0.600 | deliv   0.60 | blocked  9.9% | idle  1.8% | ent 0.692
  upd 1145 | return    0.400 | deliv   0.40 | blocked  9.9% | idle  2.4% | ent 0.765
  upd 1146 | return    0.900 | deliv   0.90 | blocked 10.0% | idle  2.0% | ent 0.733
  upd 1147 | return    0.500 | deliv   0.50 | blocked 11.7% | idle  2.1% | ent 0.781
  upd 1148 | return    0.700 | deliv   0.70 | blocked 12.6% | idle  2.1% | ent 0.772
  upd 1149 | return    0.300 | deliv   0.30 | blocked 13.5% | idle  2.0% | ent 0.787
  upd 1150 | return    0.600 | deliv   0.60 | blocked 13.9% | idle  1.9% | ent 0.786
  upd 1151 | return    0.400 | deliv   0.40 | blocked 13.1% | idle  2.4% | ent 0.828
  upd 1152 | return    0.600 | deliv   0.60 | blocked 13.0% | idle  2.7% | ent 0.796
  upd 1153 | return    0.300 | deliv   0.30 | blocked 12.7% | idle  2.6% | ent 0.793
  upd 1154 | return    0.300 | deliv   0.30 | blocked 14.3% | idle  1.9% | ent 0.797
  upd 1155 | return    0.500 | deliv   0.50 | blocked 13.6% | idle  2.9% | ent 0.820
  upd 1156 | return    0.200 | deliv   0.20 | blocked 14.9% | idle  2.4% | ent 0.815
  upd 1157 | return    0.500 | deliv   0.50 | blocked 13.8% | idle  2.6% | ent 0.802
  upd 1158 | return    0.500 | deliv   0.50 | blocked 15.7% | idle  1.7% | ent 0.769
  upd 1159 | return    0.900 | deliv   0.90 | blocked 17.6% | idle  1.7% | ent 0.765
  upd 1160 | return    0.600 | deliv   0.60 | blocked 15.5% | idle  1.6% | ent 0.740
  upd 1161 | return    0.300 | deliv   0.30 | blocked 13.7% | idle  1.6% | ent 0.707
  upd 1162 | return    0.400 | deliv   0.40 | blocked 14.5% | idle  1.5% | ent 0.720
  upd 1163 | return    0.300 | deliv   0.30 | blocked 13.9% | idle  1.4% | ent 0.679
  upd 1164 | return    0.700 | deliv   0.70 | blocked 13.0% | idle  1.2% | ent 0.683
  upd 1165 | return    0.500 | deliv   0.50 | blocked 12.7% | idle  1.3% | ent 0.700
  upd 1166 | return    0.900 | deliv   0.90 | blocked 11.3% | idle  1.1% | ent 0.654
  upd 1167 | return    0.900 | deliv   0.90 | blocked 11.9% | idle  1.1% | ent 0.683
  upd 1168 | return    0.600 | deliv   0.60 | blocked 11.6% | idle  1.1% | ent 0.641
  upd 1169 | return    0.400 | deliv   0.40 | blocked 12.1% | idle  1.1% | ent 0.671
  upd 1170 | return    0.600 | deliv   0.60 | blocked 12.0% | idle  1.0% | ent 0.641
  upd 1171 | return    0.900 | deliv   0.90 | blocked 13.2% | idle  1.2% | ent 0.689
  upd 1172 | return    0.700 | deliv   0.70 | blocked 12.5% | idle  0.8% | ent 0.619
  upd 1173 | return    0.500 | deliv   0.50 | blocked 14.9% | idle  1.1% | ent 0.693
  upd 1174 | return    0.700 | deliv   0.70 | blocked 16.7% | idle  1.2% | ent 0.711
  upd 1175 | return    0.900 | deliv   0.90 | blocked 16.4% | idle  0.9% | ent 0.663
  upd 1176 | return    0.600 | deliv   0.60 | blocked 17.6% | idle  1.2% | ent 0.704
  upd 1177 | return    0.300 | deliv   0.30 | blocked 17.5% | idle  1.0% | ent 0.666
  upd 1178 | return    0.600 | deliv   0.60 | blocked 20.1% | idle  0.8% | ent 0.673
  upd 1179 | return    0.700 | deliv   0.70 | blocked 20.2% | idle  0.9% | ent 0.654
  upd 1180 | return    0.700 | deliv   0.70 | blocked 20.5% | idle  0.9% | ent 0.639
  upd 1181 | return    0.900 | deliv   0.90 | blocked 23.4% | idle  0.9% | ent 0.697
  upd 1182 | return    0.600 | deliv   0.60 | blocked 22.8% | idle  0.7% | ent 0.684
  upd 1183 | return    0.700 | deliv   0.70 | blocked 22.3% | idle  0.9% | ent 0.683
  upd 1184 | return    0.500 | deliv   0.50 | blocked 23.2% | idle  0.8% | ent 0.700
  upd 1185 | return    0.700 | deliv   0.70 | blocked 23.3% | idle  0.7% | ent 0.705
  upd 1186 | return    1.100 | deliv   1.10 | blocked 23.8% | idle  0.9% | ent 0.722
  upd 1187 | return    0.400 | deliv   0.40 | blocked 23.6% | idle  0.6% | ent 0.704
  upd 1188 | return    0.500 | deliv   0.50 | blocked 26.4% | idle  0.6% | ent 0.712
  upd 1189 | return    0.500 | deliv   0.50 | blocked 24.0% | idle  0.7% | ent 0.714
  upd 1190 | return    0.900 | deliv   0.90 | blocked 25.2% | idle  1.0% | ent 0.719
  upd 1191 | return    0.300 | deliv   0.30 | blocked 25.4% | idle  0.8% | ent 0.734
  upd 1192 | return    0.700 | deliv   0.70 | blocked 21.9% | idle  0.7% | ent 0.706
  upd 1193 | return    0.700 | deliv   0.70 | blocked 23.4% | idle  0.8% | ent 0.764
  upd 1194 | return    0.700 | deliv   0.70 | blocked 20.9% | idle  0.9% | ent 0.731
  upd 1195 | return    1.100 | deliv   1.10 | blocked 21.2% | idle  0.9% | ent 0.732
  upd 1196 | return    0.900 | deliv   0.90 | blocked 19.0% | idle  0.9% | ent 0.713
  upd 1197 | return    0.700 | deliv   0.70 | blocked 21.9% | idle  0.9% | ent 0.721
  upd 1198 | return    0.700 | deliv   0.70 | blocked 20.4% | idle  0.8% | ent 0.707
  upd 1199 | return    0.700 | deliv   0.70 | blocked 21.4% | idle  0.8% | ent 0.699
[commentary @ update 1200]
  deliveries/episode ~0.7 ▲   team return ~0.67 ▲
  contention (forward-blocked) 18.3% ▼   idle 2.0%
  throughput is weighted toward the early of the episode (early 0.5 / mid 0.1 / late 0.1)
  upd 1200 | return    0.700 | deliv   0.70 | blocked 21.7% | idle  0.8% | ent 0.738
  upd 1201 | return    0.500 | deliv   0.50 | blocked 20.1% | idle  1.0% | ent 0.739
  upd 1202 | return    0.900 | deliv   0.90 | blocked 21.7% | idle  0.9% | ent 0.726
  upd 1203 | return    0.500 | deliv   0.50 | blocked 16.9% | idle  0.9% | ent 0.712
  upd 1204 | return    1.300 | deliv   1.30 | blocked 18.7% | idle  1.1% | ent 0.742
  upd 1205 | return    1.000 | deliv   1.00 | blocked 17.4% | idle  1.1% | ent 0.749
  upd 1206 | return    0.800 | deliv   0.80 | blocked 17.0% | idle  1.6% | ent 0.766
  upd 1207 | return    1.300 | deliv   1.30 | blocked 14.4% | idle  1.6% | ent 0.755
  upd 1208 | return    0.800 | deliv   0.80 | blocked 16.9% | idle  1.6% | ent 0.744
  upd 1209 | return    0.700 | deliv   0.70 | blocked 12.5% | idle  2.1% | ent 0.725
  upd 1210 | return    0.900 | deliv   0.90 | blocked 14.9% | idle  2.6% | ent 0.739
  upd 1211 | return    0.400 | deliv   0.40 | blocked 14.2% | idle  2.8% | ent 0.732
  upd 1212 | return    0.900 | deliv   0.90 | blocked 16.0% | idle  2.4% | ent 0.732
  upd 1213 | return    0.700 | deliv   0.70 | blocked 13.9% | idle  2.8% | ent 0.776
  upd 1214 | return    0.500 | deliv   0.50 | blocked 14.2% | idle  2.8% | ent 0.756
  upd 1215 | return    1.100 | deliv   1.10 | blocked 13.8% | idle  3.0% | ent 0.772
  upd 1216 | return    0.600 | deliv   0.60 | blocked 11.9% | idle  3.1% | ent 0.803
  upd 1217 | return    0.500 | deliv   0.50 | blocked 12.9% | idle  2.4% | ent 0.728
  upd 1218 | return    1.400 | deliv   1.40 | blocked 15.5% | idle  3.4% | ent 0.827
  upd 1219 | return    0.900 | deliv   0.90 | blocked 12.1% | idle  3.0% | ent 0.769
  upd 1220 | return    0.700 | deliv   0.70 | blocked 15.2% | idle  2.6% | ent 0.783
  upd 1221 | return    1.000 | deliv   1.00 | blocked 14.1% | idle  3.1% | ent 0.803
  upd 1222 | return    0.700 | deliv   0.70 | blocked 15.1% | idle  3.1% | ent 0.760
  upd 1223 | return    1.400 | deliv   1.40 | blocked 14.3% | idle  2.9% | ent 0.725
  upd 1224 | return    0.900 | deliv   0.90 | blocked 12.1% | idle  2.3% | ent 0.661
  upd 1225 | return    0.700 | deliv   0.70 | blocked 12.7% | idle  2.4% | ent 0.679
  upd 1226 | return    0.900 | deliv   0.90 | blocked 14.9% | idle  2.5% | ent 0.668
  upd 1227 | return    0.800 | deliv   0.80 | blocked 15.2% | idle  2.4% | ent 0.665
  upd 1228 | return    1.000 | deliv   1.00 | blocked 14.6% | idle  2.1% | ent 0.636
  upd 1229 | return    0.600 | deliv   0.60 | blocked 15.3% | idle  1.7% | ent 0.599
  upd 1230 | return    0.900 | deliv   0.90 | blocked 19.7% | idle  2.3% | ent 0.649
  upd 1231 | return    0.300 | deliv   0.30 | blocked 14.9% | idle  1.7% | ent 0.592
  upd 1232 | return    0.900 | deliv   0.90 | blocked 13.6% | idle  1.9% | ent 0.600
  upd 1233 | return    0.700 | deliv   0.70 | blocked 13.9% | idle  1.7% | ent 0.615
  upd 1234 | return    0.200 | deliv   0.20 | blocked 12.2% | idle  1.9% | ent 0.629
  upd 1235 | return    0.400 | deliv   0.40 | blocked 13.1% | idle  1.8% | ent 0.660
  upd 1236 | return    0.500 | deliv   0.50 | blocked 13.2% | idle  1.8% | ent 0.620
  upd 1237 | return    0.800 | deliv   0.80 | blocked 13.9% | idle  2.0% | ent 0.657
  upd 1238 | return    1.100 | deliv   1.10 | blocked 12.5% | idle  1.7% | ent 0.581
  upd 1239 | return    0.900 | deliv   0.90 | blocked 12.6% | idle  1.8% | ent 0.613
  upd 1240 | return    0.600 | deliv   0.60 | blocked 12.3% | idle  1.8% | ent 0.620
  upd 1241 | return    1.000 | deliv   1.00 | blocked 10.9% | idle  1.6% | ent 0.577
  upd 1242 | return    1.600 | deliv   1.60 | blocked 12.6% | idle  1.6% | ent 0.593
  upd 1243 | return    0.900 | deliv   0.90 | blocked 13.0% | idle  2.0% | ent 0.624
  upd 1244 | return    1.300 | deliv   1.30 | blocked 12.7% | idle  2.4% | ent 0.645
  upd 1245 | return    0.600 | deliv   0.60 | blocked 11.2% | idle  2.2% | ent 0.613
  upd 1246 | return    1.200 | deliv   1.20 | blocked 12.2% | idle  2.1% | ent 0.642
  upd 1247 | return    0.300 | deliv   0.30 | blocked 15.7% | idle  2.3% | ent 0.699
  upd 1248 | return    1.000 | deliv   1.00 | blocked 15.8% | idle  2.0% | ent 0.683
  upd 1249 | return    1.000 | deliv   1.00 | blocked 16.5% | idle  2.2% | ent 0.666
  upd 1250 | return    0.600 | deliv   0.60 | blocked 15.2% | idle  2.4% | ent 0.704
  upd 1251 | return    0.800 | deliv   0.80 | blocked 12.2% | idle  2.0% | ent 0.627
  upd 1252 | return    0.900 | deliv   0.90 | blocked 13.5% | idle  2.2% | ent 0.679
  upd 1253 | return    1.000 | deliv   1.00 | blocked 12.5% | idle  2.1% | ent 0.685
  upd 1254 | return    0.700 | deliv   0.70 | blocked 10.8% | idle  2.2% | ent 0.684
  upd 1255 | return    0.100 | deliv   0.10 | blocked 10.7% | idle  1.9% | ent 0.651
  upd 1256 | return    0.500 | deliv   0.50 | blocked  8.2% | idle  2.3% | ent 0.651
  upd 1257 | return    0.500 | deliv   0.50 | blocked  9.7% | idle  2.1% | ent 0.691
  upd 1258 | return    0.200 | deliv   0.20 | blocked  7.1% | idle  2.1% | ent 0.634
  upd 1259 | return    0.100 | deliv   0.10 | blocked  7.6% | idle  1.8% | ent 0.626
  upd 1260 | return    0.800 | deliv   0.80 | blocked 10.1% | idle  2.4% | ent 0.700
  upd 1261 | return    1.100 | deliv   1.10 | blocked  9.1% | idle  2.2% | ent 0.693
  upd 1262 | return    1.000 | deliv   1.00 | blocked  8.8% | idle  1.6% | ent 0.674
  upd 1263 | return    1.000 | deliv   1.00 | blocked  9.9% | idle  1.6% | ent 0.716
  upd 1264 | return    0.600 | deliv   0.60 | blocked  8.7% | idle  1.4% | ent 0.660
  upd 1265 | return    0.000 | deliv   0.00 | blocked  9.4% | idle  1.4% | ent 0.637
  upd 1266 | return    0.400 | deliv   0.40 | blocked 10.4% | idle  1.3% | ent 0.665
  upd 1267 | return    0.900 | deliv   0.90 | blocked 12.3% | idle  1.2% | ent 0.698
  upd 1268 | return    0.900 | deliv   0.90 | blocked  9.8% | idle  1.3% | ent 0.661
  upd 1269 | return    0.700 | deliv   0.70 | blocked 11.4% | idle  1.2% | ent 0.708
  upd 1270 | return    1.100 | deliv   1.10 | blocked 11.2% | idle  1.0% | ent 0.667
  upd 1271 | return    1.000 | deliv   1.00 | blocked 13.2% | idle  1.2% | ent 0.741
  upd 1272 | return    1.100 | deliv   1.10 | blocked 11.9% | idle  1.3% | ent 0.690
  upd 1273 | return    0.800 | deliv   0.80 | blocked 12.7% | idle  1.3% | ent 0.694
  upd 1274 | return    0.300 | deliv   0.30 | blocked 12.1% | idle  1.3% | ent 0.739
  upd 1275 | return    0.700 | deliv   0.70 | blocked 11.1% | idle  1.4% | ent 0.714
  upd 1276 | return    0.600 | deliv   0.60 | blocked 12.0% | idle  1.6% | ent 0.738
  upd 1277 | return    0.700 | deliv   0.70 | blocked 12.5% | idle  1.5% | ent 0.764
  upd 1278 | return    0.700 | deliv   0.70 | blocked  9.1% | idle  1.4% | ent 0.655
  upd 1279 | return    1.000 | deliv   1.00 | blocked 10.7% | idle  1.7% | ent 0.786
  upd 1280 | return    0.700 | deliv   0.70 | blocked 10.3% | idle  1.6% | ent 0.711
  upd 1281 | return    0.900 | deliv   0.90 | blocked  8.2% | idle  1.8% | ent 0.699
  upd 1282 | return    0.900 | deliv   0.90 | blocked  8.5% | idle  1.5% | ent 0.702
  upd 1283 | return    1.100 | deliv   1.10 | blocked  9.2% | idle  1.6% | ent 0.733
  upd 1284 | return    1.400 | deliv   1.40 | blocked  7.0% | idle  1.4% | ent 0.768
  upd 1285 | return    1.400 | deliv   1.40 | blocked  8.0% | idle  1.6% | ent 0.761
  upd 1286 | return    1.000 | deliv   1.00 | blocked  9.8% | idle  1.7% | ent 0.772
  upd 1287 | return    1.000 | deliv   1.00 | blocked  9.8% | idle  1.6% | ent 0.781
  upd 1288 | return    0.600 | deliv   0.60 | blocked 10.4% | idle  1.5% | ent 0.739
  upd 1289 | return    1.200 | deliv   1.20 | blocked 11.6% | idle  1.7% | ent 0.737
  upd 1290 | return    1.100 | deliv   1.10 | blocked 14.5% | idle  1.9% | ent 0.816
  upd 1291 | return    0.800 | deliv   0.80 | blocked 13.9% | idle  1.5% | ent 0.736
  upd 1292 | return    0.500 | deliv   0.50 | blocked 16.6% | idle  1.7% | ent 0.738
  upd 1293 | return    1.300 | deliv   1.30 | blocked 16.1% | idle  1.7% | ent 0.754
  upd 1294 | return    0.600 | deliv   0.60 | blocked 17.3% | idle  1.6% | ent 0.711
  upd 1295 | return    1.000 | deliv   1.00 | blocked 15.1% | idle  1.5% | ent 0.698
  upd 1296 | return    0.700 | deliv   0.70 | blocked 16.1% | idle  1.8% | ent 0.716
  upd 1297 | return    0.700 | deliv   0.70 | blocked 17.7% | idle  1.9% | ent 0.807
  upd 1298 | return    1.400 | deliv   1.40 | blocked 15.3% | idle  2.0% | ent 0.715
  upd 1299 | return    1.300 | deliv   1.30 | blocked 16.5% | idle  1.9% | ent 0.749
[commentary @ update 1300]
  deliveries/episode ~0.8 ▲   team return ~0.82 ▲
  contention (forward-blocked) 13.1% ▼   idle 1.9%
  throughput is weighted toward the early of the episode (early 0.6 / mid 0.1 / late 0.1)
  upd 1300 | return    1.200 | deliv   1.20 | blocked 15.8% | idle  2.0% | ent 0.794
  upd 1301 | return    1.400 | deliv   1.40 | blocked 17.9% | idle  2.1% | ent 0.804
  upd 1302 | return    0.800 | deliv   0.80 | blocked 13.8% | idle  2.3% | ent 0.814
  upd 1303 | return    0.800 | deliv   0.80 | blocked 12.3% | idle  2.3% | ent 0.789
  upd 1304 | return    1.100 | deliv   1.10 | blocked 14.3% | idle  2.2% | ent 0.794
  upd 1305 | return    1.800 | deliv   1.80 | blocked 14.3% | idle  2.3% | ent 0.811
  upd 1306 | return    1.300 | deliv   1.30 | blocked 14.1% | idle  2.5% | ent 0.795
  upd 1307 | return    1.400 | deliv   1.40 | blocked 14.4% | idle  2.0% | ent 0.767
  upd 1308 | return    0.600 | deliv   0.60 | blocked 12.7% | idle  1.8% | ent 0.686
  upd 1309 | return    1.700 | deliv   1.70 | blocked 15.6% | idle  1.8% | ent 0.708
  upd 1310 | return    1.300 | deliv   1.30 | blocked 15.1% | idle  1.4% | ent 0.633
  upd 1311 | return    1.000 | deliv   1.00 | blocked 19.1% | idle  1.4% | ent 0.641
  upd 1312 | return    1.200 | deliv   1.20 | blocked 18.3% | idle  1.6% | ent 0.668
  upd 1313 | return    1.600 | deliv   1.60 | blocked 19.1% | idle  1.4% | ent 0.633
  upd 1314 | return    0.800 | deliv   0.80 | blocked 19.6% | idle  1.5% | ent 0.613
  upd 1315 | return    0.700 | deliv   0.70 | blocked 19.6% | idle  1.4% | ent 0.597
  upd 1316 | return    0.700 | deliv   0.70 | blocked 22.1% | idle  1.4% | ent 0.590
  upd 1317 | return    0.800 | deliv   0.80 | blocked 19.4% | idle  1.2% | ent 0.566
  upd 1318 | return    1.600 | deliv   1.60 | blocked 17.1% | idle  1.1% | ent 0.549
  upd 1319 | return    1.000 | deliv   1.00 | blocked 15.6% | idle  1.1% | ent 0.550
  upd 1320 | return    1.000 | deliv   1.00 | blocked 14.9% | idle  0.9% | ent 0.526
  upd 1321 | return    0.700 | deliv   0.70 | blocked 17.5% | idle  1.0% | ent 0.563
  upd 1322 | return    0.600 | deliv   0.60 | blocked 16.6% | idle  1.2% | ent 0.586
  upd 1323 | return    0.800 | deliv   0.80 | blocked 12.5% | idle  1.0% | ent 0.539
  upd 1324 | return    0.900 | deliv   0.90 | blocked 14.9% | idle  1.0% | ent 0.578
  upd 1325 | return    1.100 | deliv   1.10 | blocked 13.0% | idle  1.1% | ent 0.595
  upd 1326 | return    1.500 | deliv   1.50 | blocked 13.4% | idle  1.1% | ent 0.626
  upd 1327 | return    0.800 | deliv   0.80 | blocked 12.3% | idle  1.1% | ent 0.622
  upd 1328 | return    1.200 | deliv   1.20 | blocked 12.7% | idle  1.2% | ent 0.649
  upd 1329 | return    1.000 | deliv   1.00 | blocked 11.4% | idle  1.1% | ent 0.598
  upd 1330 | return    0.500 | deliv   0.50 | blocked  8.3% | idle  1.2% | ent 0.590
  upd 1331 | return    0.900 | deliv   0.90 | blocked  8.3% | idle  1.2% | ent 0.651
  upd 1332 | return    0.700 | deliv   0.70 | blocked  8.5% | idle  1.2% | ent 0.643
  upd 1333 | return    1.300 | deliv   1.30 | blocked 10.8% | idle  1.4% | ent 0.725
  upd 1334 | return    1.100 | deliv   1.10 | blocked  9.7% | idle  1.3% | ent 0.670
  upd 1335 | return    1.300 | deliv   1.30 | blocked  8.3% | idle  1.3% | ent 0.654
  upd 1336 | return    1.000 | deliv   1.00 | blocked  9.1% | idle  1.3% | ent 0.671
  upd 1337 | return    0.800 | deliv   0.80 | blocked  7.4% | idle  1.2% | ent 0.606
  upd 1338 | return    0.900 | deliv   0.90 | blocked  9.8% | idle  1.3% | ent 0.700
  upd 1339 | return    1.000 | deliv   1.00 | blocked  8.8% | idle  1.3% | ent 0.683
  upd 1340 | return    0.900 | deliv   0.90 | blocked 10.6% | idle  1.1% | ent 0.656
  upd 1341 | return    0.900 | deliv   0.90 | blocked 11.2% | idle  1.2% | ent 0.658
  upd 1342 | return    1.400 | deliv   1.40 | blocked 11.4% | idle  1.5% | ent 0.673
  upd 1343 | return    0.600 | deliv   0.60 | blocked 12.0% | idle  1.3% | ent 0.639
  upd 1344 | return    1.000 | deliv   1.00 | blocked 10.3% | idle  1.3% | ent 0.648
  upd 1345 | return    1.200 | deliv   1.20 | blocked 11.6% | idle  1.4% | ent 0.656
  upd 1346 | return    0.500 | deliv   0.50 | blocked 10.8% | idle  1.3% | ent 0.605
  upd 1347 | return    0.900 | deliv   0.90 | blocked 12.6% | idle  1.2% | ent 0.664
  upd 1348 | return    0.700 | deliv   0.70 | blocked 10.6% | idle  1.5% | ent 0.637
  upd 1349 | return    0.800 | deliv   0.80 | blocked 10.4% | idle  1.4% | ent 0.638
  upd 1350 | return    0.600 | deliv   0.60 | blocked 10.6% | idle  1.6% | ent 0.695
  upd 1351 | return    1.300 | deliv   1.30 | blocked 11.0% | idle  1.4% | ent 0.677
  upd 1352 | return    0.700 | deliv   0.70 | blocked 11.6% | idle  1.8% | ent 0.735
  upd 1353 | return    1.100 | deliv   1.10 | blocked  9.5% | idle  1.8% | ent 0.706
  upd 1354 | return    0.700 | deliv   0.70 | blocked  8.2% | idle  1.9% | ent 0.701
  upd 1355 | return    0.900 | deliv   0.90 | blocked  8.7% | idle  2.0% | ent 0.739
  upd 1356 | return    1.200 | deliv   1.20 | blocked  6.9% | idle  2.0% | ent 0.730
  upd 1357 | return    1.400 | deliv   1.40 | blocked  7.0% | idle  1.9% | ent 0.732
  upd 1358 | return    0.500 | deliv   0.50 | blocked  6.0% | idle  1.8% | ent 0.658
  upd 1359 | return    1.600 | deliv   1.60 | blocked  7.4% | idle  2.1% | ent 0.716
  upd 1360 | return    0.700 | deliv   0.70 | blocked  6.9% | idle  2.0% | ent 0.692
  upd 1361 | return    1.100 | deliv   1.10 | blocked  7.1% | idle  1.8% | ent 0.651
  upd 1362 | return    0.800 | deliv   0.80 | blocked  7.3% | idle  1.7% | ent 0.639
  upd 1363 | return    0.800 | deliv   0.80 | blocked  6.2% | idle  1.8% | ent 0.608
  upd 1364 | return    0.600 | deliv   0.60 | blocked  7.2% | idle  1.8% | ent 0.620
  upd 1365 | return    1.000 | deliv   1.00 | blocked  8.0% | idle  1.7% | ent 0.640
  upd 1366 | return    0.900 | deliv   0.90 | blocked  7.4% | idle  1.6% | ent 0.611
  upd 1367 | return    1.300 | deliv   1.30 | blocked  6.8% | idle  1.5% | ent 0.519
  upd 1368 | return    0.800 | deliv   0.80 | blocked  7.0% | idle  1.6% | ent 0.543
  upd 1369 | return    0.700 | deliv   0.70 | blocked  7.9% | idle  1.4% | ent 0.509
  upd 1370 | return    1.000 | deliv   1.00 | blocked  8.7% | idle  1.6% | ent 0.565
  upd 1371 | return    0.700 | deliv   0.70 | blocked  7.8% | idle  1.8% | ent 0.517
  upd 1372 | return    1.100 | deliv   1.10 | blocked  9.3% | idle  1.4% | ent 0.489
  upd 1373 | return    1.700 | deliv   1.70 | blocked 11.7% | idle  1.7% | ent 0.530
  upd 1374 | return    1.500 | deliv   1.50 | blocked 14.3% | idle  2.0% | ent 0.580
  upd 1375 | return    0.700 | deliv   0.70 | blocked 13.8% | idle  1.7% | ent 0.547
  upd 1376 | return    0.600 | deliv   0.60 | blocked 13.3% | idle  1.6% | ent 0.534
  upd 1377 | return    0.900 | deliv   0.90 | blocked 14.7% | idle  1.8% | ent 0.579
  upd 1378 | return    0.600 | deliv   0.60 | blocked 13.4% | idle  1.9% | ent 0.543
  upd 1379 | return    0.800 | deliv   0.80 | blocked 13.1% | idle  1.7% | ent 0.524
  upd 1380 | return    0.800 | deliv   0.80 | blocked 12.5% | idle  1.7% | ent 0.514
  upd 1381 | return    1.000 | deliv   1.00 | blocked 12.7% | idle  1.8% | ent 0.551
  upd 1382 | return    0.400 | deliv   0.40 | blocked 11.7% | idle  1.9% | ent 0.556
  upd 1383 | return    0.800 | deliv   0.80 | blocked 10.1% | idle  1.6% | ent 0.525
  upd 1384 | return    0.800 | deliv   0.80 | blocked 10.5% | idle  1.5% | ent 0.522
  upd 1385 | return    0.700 | deliv   0.70 | blocked 11.1% | idle  1.4% | ent 0.561
  upd 1386 | return    0.600 | deliv   0.60 | blocked  8.4% | idle  1.5% | ent 0.541
  upd 1387 | return    0.800 | deliv   0.80 | blocked 10.3% | idle  1.5% | ent 0.594
  upd 1388 | return    1.200 | deliv   1.20 | blocked  9.2% | idle  1.6% | ent 0.619
  upd 1389 | return    0.600 | deliv   0.60 | blocked  8.5% | idle  1.3% | ent 0.582
  upd 1390 | return    0.900 | deliv   0.90 | blocked  7.7% | idle  1.3% | ent 0.600
  upd 1391 | return    1.300 | deliv   1.30 | blocked  7.5% | idle  1.3% | ent 0.625
  upd 1392 | return    1.200 | deliv   1.20 | blocked  6.5% | idle  1.5% | ent 0.636
  upd 1393 | return    1.000 | deliv   1.00 | blocked  5.8% | idle  1.6% | ent 0.594
  upd 1394 | return    0.800 | deliv   0.80 | blocked  7.1% | idle  1.6% | ent 0.656
  upd 1395 | return    0.700 | deliv   0.70 | blocked  6.0% | idle  1.2% | ent 0.553
  upd 1396 | return    0.900 | deliv   0.90 | blocked  7.6% | idle  1.3% | ent 0.602
  upd 1397 | return    0.800 | deliv   0.80 | blocked  8.9% | idle  1.6% | ent 0.660
  upd 1398 | return    1.100 | deliv   1.10 | blocked  8.0% | idle  1.4% | ent 0.637
  upd 1399 | return    1.500 | deliv   1.50 | blocked  7.7% | idle  1.4% | ent 0.598
[commentary @ update 1400]
  deliveries/episode ~1.0 ▲   team return ~0.97 ▲
  contention (forward-blocked) 11.3% ▼   idle 1.5%
  throughput is weighted toward the early of the episode (early 0.7 / mid 0.2 / late 0.1)
  upd 1400 | return    1.300 | deliv   1.30 | blocked  6.6% | idle  1.6% | ent 0.571
  upd 1401 | return    1.100 | deliv   1.10 | blocked  4.9% | idle  1.1% | ent 0.506
  upd 1402 | return    0.900 | deliv   0.90 | blocked  8.6% | idle  1.4% | ent 0.625
  upd 1403 | return    1.300 | deliv   1.30 | blocked  7.1% | idle  1.5% | ent 0.595
  upd 1404 | return    1.400 | deliv   1.40 | blocked  8.2% | idle  1.5% | ent 0.587
  upd 1405 | return    0.600 | deliv   0.60 | blocked  7.6% | idle  1.5% | ent 0.594
  upd 1406 | return    1.800 | deliv   1.80 | blocked  8.5% | idle  1.7% | ent 0.652
  upd 1407 | return    1.100 | deliv   1.10 | blocked  7.4% | idle  1.5% | ent 0.592
  upd 1408 | return    1.600 | deliv   1.60 | blocked  9.3% | idle  1.7% | ent 0.624
  upd 1409 | return    1.500 | deliv   1.50 | blocked  6.9% | idle  1.5% | ent 0.568
  upd 1410 | return    1.800 | deliv   1.80 | blocked 10.9% | idle  1.6% | ent 0.675
  upd 1411 | return    1.100 | deliv   1.10 | blocked  8.9% | idle  1.5% | ent 0.592
  upd 1412 | return    1.000 | deliv   1.00 | blocked  9.9% | idle  1.8% | ent 0.627
  upd 1413 | return    1.400 | deliv   1.40 | blocked 10.8% | idle  1.4% | ent 0.619
  upd 1414 | return    1.300 | deliv   1.30 | blocked  9.7% | idle  1.3% | ent 0.614
  upd 1415 | return    1.500 | deliv   1.50 | blocked 12.3% | idle  1.4% | ent 0.636
  upd 1416 | return    0.900 | deliv   0.90 | blocked 10.8% | idle  1.3% | ent 0.601
  upd 1417 | return    1.500 | deliv   1.50 | blocked 12.8% | idle  1.4% | ent 0.592
  upd 1418 | return    1.100 | deliv   1.10 | blocked 11.1% | idle  1.8% | ent 0.618
  upd 1419 | return    1.600 | deliv   1.60 | blocked 10.7% | idle  1.6% | ent 0.559
  upd 1420 | return    0.900 | deliv   0.90 | blocked 10.9% | idle  1.3% | ent 0.546
  upd 1421 | return    1.200 | deliv   1.20 | blocked 13.8% | idle  1.3% | ent 0.547
  upd 1422 | return    1.100 | deliv   1.10 | blocked 12.6% | idle  1.2% | ent 0.536
  upd 1423 | return    1.100 | deliv   1.10 | blocked 12.0% | idle  1.1% | ent 0.480
  upd 1424 | return    1.100 | deliv   1.10 | blocked 11.4% | idle  1.0% | ent 0.471
  upd 1425 | return    1.100 | deliv   1.10 | blocked 17.0% | idle  1.1% | ent 0.520
  upd 1426 | return    1.500 | deliv   1.50 | blocked 14.2% | idle  1.1% | ent 0.509
  upd 1427 | return    1.100 | deliv   1.10 | blocked 13.9% | idle  0.9% | ent 0.483
  upd 1428 | return    1.100 | deliv   1.10 | blocked 15.4% | idle  1.1% | ent 0.534
  upd 1429 | return    0.700 | deliv   0.70 | blocked 15.2% | idle  1.0% | ent 0.521
  upd 1430 | return    1.500 | deliv   1.50 | blocked 15.1% | idle  1.0% | ent 0.536
  upd 1431 | return    1.400 | deliv   1.40 | blocked 15.3% | idle  1.1% | ent 0.541
  upd 1432 | return    1.300 | deliv   1.30 | blocked 13.6% | idle  1.0% | ent 0.544
  upd 1433 | return    0.800 | deliv   0.80 | blocked 13.8% | idle  0.9% | ent 0.548
  upd 1434 | return    1.100 | deliv   1.10 | blocked 11.8% | idle  1.2% | ent 0.593
  upd 1435 | return    1.400 | deliv   1.40 | blocked 14.6% | idle  1.0% | ent 0.610
  upd 1436 | return    1.300 | deliv   1.30 | blocked 14.8% | idle  1.2% | ent 0.642
  upd 1437 | return    1.100 | deliv   1.10 | blocked 12.1% | idle  1.4% | ent 0.630
  upd 1438 | return    1.700 | deliv   1.70 | blocked 12.3% | idle  1.2% | ent 0.617
  upd 1439 | return    1.000 | deliv   1.00 | blocked 10.6% | idle  1.2% | ent 0.632
  upd 1440 | return    0.600 | deliv   0.60 | blocked 10.6% | idle  1.2% | ent 0.611
  upd 1441 | return    1.300 | deliv   1.30 | blocked 10.7% | idle  1.2% | ent 0.599
  upd 1442 | return    0.700 | deliv   0.70 | blocked 11.4% | idle  1.2% | ent 0.648
  upd 1443 | return    1.200 | deliv   1.20 | blocked 12.0% | idle  1.2% | ent 0.597
  upd 1444 | return    1.200 | deliv   1.20 | blocked  9.8% | idle  1.1% | ent 0.549
  upd 1445 | return    1.200 | deliv   1.20 | blocked 10.9% | idle  1.3% | ent 0.609
  upd 1446 | return    0.900 | deliv   0.90 | blocked 11.7% | idle  1.2% | ent 0.564
  upd 1447 | return    1.400 | deliv   1.40 | blocked 13.5% | idle  1.2% | ent 0.622
  upd 1448 | return    1.400 | deliv   1.40 | blocked 10.6% | idle  1.2% | ent 0.546
  upd 1449 | return    1.500 | deliv   1.50 | blocked 14.2% | idle  1.3% | ent 0.622
  upd 1450 | return    0.800 | deliv   0.80 | blocked 11.7% | idle  1.2% | ent 0.538
  upd 1451 | return    0.600 | deliv   0.60 | blocked 10.5% | idle  1.2% | ent 0.522
  upd 1452 | return    0.400 | deliv   0.40 | blocked 10.3% | idle  1.3% | ent 0.617
  upd 1453 | return    0.700 | deliv   0.70 | blocked 12.4% | idle  1.4% | ent 0.648
  upd 1454 | return    1.100 | deliv   1.10 | blocked 10.5% | idle  1.3% | ent 0.665
  upd 1455 | return    0.800 | deliv   0.80 | blocked  8.7% | idle  1.4% | ent 0.604
  upd 1456 | return    1.800 | deliv   1.80 | blocked 10.2% | idle  1.5% | ent 0.679
  upd 1457 | return    1.300 | deliv   1.30 | blocked 12.0% | idle  1.3% | ent 0.682
  upd 1458 | return    1.300 | deliv   1.30 | blocked  9.7% | idle  1.4% | ent 0.639
  upd 1459 | return    2.400 | deliv   2.40 | blocked 10.9% | idle  1.4% | ent 0.681
  upd 1460 | return    1.300 | deliv   1.30 | blocked  7.2% | idle  1.1% | ent 0.580
  upd 1461 | return    1.600 | deliv   1.60 | blocked 10.5% | idle  1.4% | ent 0.718
  upd 1462 | return    2.000 | deliv   2.00 | blocked  9.6% | idle  1.2% | ent 0.649
  upd 1463 | return    2.100 | deliv   2.10 | blocked 10.3% | idle  1.2% | ent 0.694
  upd 1464 | return    1.400 | deliv   1.40 | blocked 10.9% | idle  1.3% | ent 0.691
  upd 1465 | return    2.100 | deliv   2.10 | blocked 10.8% | idle  1.1% | ent 0.676
  upd 1466 | return    1.200 | deliv   1.20 | blocked  9.4% | idle  1.1% | ent 0.631
  upd 1467 | return    1.300 | deliv   1.30 | blocked 11.2% | idle  1.3% | ent 0.700
  upd 1468 | return    1.300 | deliv   1.30 | blocked 10.3% | idle  1.2% | ent 0.688
  upd 1469 | return    1.400 | deliv   1.40 | blocked  7.3% | idle  1.0% | ent 0.582
  upd 1470 | return    1.900 | deliv   1.90 | blocked  8.9% | idle  1.0% | ent 0.644
  upd 1471 | return    1.600 | deliv   1.60 | blocked  8.6% | idle  1.1% | ent 0.650
  upd 1472 | return    1.000 | deliv   1.00 | blocked  8.5% | idle  1.2% | ent 0.646
  upd 1473 | return    1.300 | deliv   1.30 | blocked 10.2% | idle  1.1% | ent 0.665
  upd 1474 | return    0.600 | deliv   0.60 | blocked  8.5% | idle  1.2% | ent 0.671
  upd 1475 | return    1.300 | deliv   1.30 | blocked  7.3% | idle  0.9% | ent 0.604
  upd 1476 | return    0.900 | deliv   0.90 | blocked 10.3% | idle  1.1% | ent 0.661
  upd 1477 | return    0.500 | deliv   0.50 | blocked 10.1% | idle  1.0% | ent 0.647
  upd 1478 | return    1.400 | deliv   1.40 | blocked 10.1% | idle  1.1% | ent 0.648
  upd 1479 | return    1.200 | deliv   1.20 | blocked  9.4% | idle  0.9% | ent 0.619
  upd 1480 | return    1.200 | deliv   1.20 | blocked  9.4% | idle  1.0% | ent 0.621
  upd 1481 | return    0.800 | deliv   0.80 | blocked  9.1% | idle  0.9% | ent 0.607
  upd 1482 | return    2.000 | deliv   2.00 | blocked  8.3% | idle  0.8% | ent 0.565
  upd 1483 | return    0.800 | deliv   0.80 | blocked  9.5% | idle  1.0% | ent 0.623
  upd 1484 | return    0.500 | deliv   0.50 | blocked  8.4% | idle  1.0% | ent 0.588
  upd 1485 | return    1.200 | deliv   1.20 | blocked  9.0% | idle  1.1% | ent 0.621
  upd 1486 | return    0.700 | deliv   0.70 | blocked  8.8% | idle  1.2% | ent 0.645
  upd 1487 | return    1.900 | deliv   1.90 | blocked  9.6% | idle  1.0% | ent 0.642
  upd 1488 | return    1.000 | deliv   1.00 | blocked 10.0% | idle  1.2% | ent 0.687
  upd 1489 | return    0.900 | deliv   0.90 | blocked 10.1% | idle  1.0% | ent 0.661
  upd 1490 | return    1.900 | deliv   1.90 | blocked  7.9% | idle  1.0% | ent 0.621
  upd 1491 | return    0.600 | deliv   0.60 | blocked  6.8% | idle  1.1% | ent 0.594
  upd 1492 | return    0.800 | deliv   0.80 | blocked  7.5% | idle  1.0% | ent 0.645
  upd 1493 | return    1.300 | deliv   1.30 | blocked  6.5% | idle  0.9% | ent 0.582
  upd 1494 | return    1.000 | deliv   1.00 | blocked  7.6% | idle  1.1% | ent 0.637
  upd 1495 | return    1.100 | deliv   1.10 | blocked  7.1% | idle  1.1% | ent 0.639
  upd 1496 | return    1.200 | deliv   1.20 | blocked  7.3% | idle  1.3% | ent 0.662
  upd 1497 | return    1.200 | deliv   1.20 | blocked  6.1% | idle  1.2% | ent 0.572
  upd 1498 | return    1.600 | deliv   1.60 | blocked  8.9% | idle  1.3% | ent 0.652
  upd 1499 | return    1.500 | deliv   1.50 | blocked  7.8% | idle  1.3% | ent 0.617
[commentary @ update 1500]
  deliveries/episode ~1.2 ▲   team return ~1.22 ▲
  contention (forward-blocked) 10.3% ▼   idle 1.2%
  throughput is weighted toward the early of the episode (early 0.9 / mid 0.2 / late 0.2)
  upd 1500 | return    1.500 | deliv   1.50 | blocked  7.1% | idle  1.4% | ent 0.616
  upd 1501 | return    1.000 | deliv   1.00 | blocked  8.7% | idle  1.3% | ent 0.658
  upd 1502 | return    1.400 | deliv   1.40 | blocked  7.3% | idle  1.5% | ent 0.658
  upd 1503 | return    1.400 | deliv   1.40 | blocked  8.4% | idle  1.5% | ent 0.642
  upd 1504 | return    1.100 | deliv   1.10 | blocked  7.3% | idle  1.4% | ent 0.621
  upd 1505 | return    0.900 | deliv   0.90 | blocked  7.9% | idle  1.6% | ent 0.669
  upd 1506 | return    1.600 | deliv   1.60 | blocked  8.0% | idle  1.6% | ent 0.636
  upd 1507 | return    2.000 | deliv   2.00 | blocked  7.1% | idle  1.4% | ent 0.671
  upd 1508 | return    2.100 | deliv   2.10 | blocked  8.5% | idle  1.7% | ent 0.711
  upd 1509 | return    2.700 | deliv   2.70 | blocked  7.7% | idle  1.7% | ent 0.693
  upd 1510 | return    1.000 | deliv   1.00 | blocked  6.5% | idle  2.0% | ent 0.742
  upd 1511 | return    1.800 | deliv   1.80 | blocked  5.8% | idle  1.9% | ent 0.760
  upd 1512 | return    2.100 | deliv   2.10 | blocked  7.1% | idle  2.1% | ent 0.768
  upd 1513 | return    2.000 | deliv   2.00 | blocked  5.4% | idle  1.7% | ent 0.745
  upd 1514 | return    1.600 | deliv   1.60 | blocked  4.6% | idle  1.8% | ent 0.722
  upd 1515 | return    1.000 | deliv   1.00 | blocked  6.0% | idle  1.6% | ent 0.718
  upd 1516 | return    1.400 | deliv   1.40 | blocked  6.8% | idle  1.7% | ent 0.738
  upd 1517 | return    2.200 | deliv   2.20 | blocked  6.4% | idle  1.4% | ent 0.653
  upd 1518 | return    1.400 | deliv   1.40 | blocked  7.9% | idle  1.6% | ent 0.662
  upd 1519 | return    1.800 | deliv   1.80 | blocked  7.2% | idle  1.5% | ent 0.639
  upd 1520 | return    2.000 | deliv   2.00 | blocked  7.9% | idle  1.3% | ent 0.638
  upd 1521 | return    0.900 | deliv   0.90 | blocked  6.9% | idle  1.4% | ent 0.600
  upd 1522 | return    2.200 | deliv   2.20 | blocked  7.6% | idle  1.3% | ent 0.588
  upd 1523 | return    1.800 | deliv   1.80 | blocked  9.1% | idle  1.4% | ent 0.610
  upd 1524 | return    1.100 | deliv   1.10 | blocked  8.8% | idle  1.3% | ent 0.597
  upd 1525 | return    0.800 | deliv   0.80 | blocked  9.2% | idle  1.3% | ent 0.546
  upd 1526 | return    1.000 | deliv   1.00 | blocked  8.3% | idle  1.1% | ent 0.548
  upd 1527 | return    2.300 | deliv   2.30 | blocked 11.3% | idle  1.4% | ent 0.588
  upd 1528 | return    0.700 | deliv   0.70 | blocked  8.1% | idle  1.0% | ent 0.521
  upd 1529 | return    1.100 | deliv   1.10 | blocked  8.6% | idle  1.2% | ent 0.541
  upd 1530 | return    0.700 | deliv   0.70 | blocked  9.2% | idle  1.3% | ent 0.582
  upd 1531 | return    0.800 | deliv   0.80 | blocked  7.9% | idle  1.4% | ent 0.571
  upd 1532 | return    1.500 | deliv   1.50 | blocked  8.5% | idle  1.2% | ent 0.603
  upd 1533 | return    1.100 | deliv   1.10 | blocked  6.5% | idle  1.3% | ent 0.567
  upd 1534 | return    1.600 | deliv   1.60 | blocked  5.5% | idle  1.0% | ent 0.538
  upd 1535 | return    2.300 | deliv   2.30 | blocked  6.3% | idle  1.3% | ent 0.550
  upd 1536 | return    1.500 | deliv   1.50 | blocked  6.4% | idle  1.5% | ent 0.601
  upd 1537 | return    1.200 | deliv   1.20 | blocked  6.8% | idle  1.3% | ent 0.595
  upd 1538 | return    1.900 | deliv   1.90 | blocked  6.1% | idle  1.3% | ent 0.598
  upd 1539 | return    1.300 | deliv   1.30 | blocked  4.9% | idle  1.3% | ent 0.582
  upd 1540 | return    1.600 | deliv   1.60 | blocked  7.3% | idle  1.2% | ent 0.611
  upd 1541 | return    0.500 | deliv   0.50 | blocked  6.4% | idle  1.3% | ent 0.630
  upd 1542 | return    1.000 | deliv   1.00 | blocked  5.5% | idle  1.3% | ent 0.581
  upd 1543 | return    1.700 | deliv   1.70 | blocked  5.6% | idle  1.3% | ent 0.624
  upd 1544 | return    1.600 | deliv   1.60 | blocked  8.2% | idle  1.3% | ent 0.666
  upd 1545 | return    1.800 | deliv   1.80 | blocked  8.2% | idle  1.4% | ent 0.661
  upd 1546 | return    1.300 | deliv   1.30 | blocked  6.6% | idle  1.1% | ent 0.593
  upd 1547 | return    1.100 | deliv   1.10 | blocked  8.1% | idle  1.2% | ent 0.629
  upd 1548 | return    1.000 | deliv   1.00 | blocked  7.1% | idle  1.2% | ent 0.626
  upd 1549 | return    1.900 | deliv   1.90 | blocked  4.8% | idle  1.0% | ent 0.586
  upd 1550 | return    1.200 | deliv   1.20 | blocked  8.2% | idle  1.1% | ent 0.614
  upd 1551 | return    1.900 | deliv   1.90 | blocked  8.0% | idle  1.3% | ent 0.633
  upd 1552 | return    2.100 | deliv   2.10 | blocked  9.4% | idle  1.4% | ent 0.679
  upd 1553 | return    1.300 | deliv   1.30 | blocked  7.0% | idle  1.0% | ent 0.580
  upd 1554 | return    1.300 | deliv   1.30 | blocked 10.3% | idle  1.3% | ent 0.656
  upd 1555 | return    1.900 | deliv   1.90 | blocked  9.4% | idle  1.3% | ent 0.600
  upd 1556 | return    1.300 | deliv   1.30 | blocked  8.4% | idle  0.9% | ent 0.568
  upd 1557 | return    1.700 | deliv   1.70 | blocked 10.7% | idle  1.2% | ent 0.579
  upd 1558 | return    1.500 | deliv   1.50 | blocked 10.4% | idle  1.1% | ent 0.587
  upd 1559 | return    1.500 | deliv   1.50 | blocked  9.8% | idle  1.1% | ent 0.577
  upd 1560 | return    2.000 | deliv   2.00 | blocked  9.2% | idle  1.0% | ent 0.556
  upd 1561 | return    1.800 | deliv   1.80 | blocked 11.2% | idle  1.2% | ent 0.602
  upd 1562 | return    1.300 | deliv   1.30 | blocked 12.1% | idle  1.0% | ent 0.546
  upd 1563 | return    1.400 | deliv   1.40 | blocked 10.9% | idle  1.0% | ent 0.538
  upd 1564 | return    0.800 | deliv   0.80 | blocked 12.1% | idle  1.1% | ent 0.560
  upd 1565 | return    1.400 | deliv   1.40 | blocked 12.4% | idle  1.3% | ent 0.543
  upd 1566 | return    1.000 | deliv   1.00 | blocked 12.9% | idle  1.1% | ent 0.526
  upd 1567 | return    1.300 | deliv   1.30 | blocked 13.0% | idle  1.0% | ent 0.525
  upd 1568 | return    0.900 | deliv   0.90 | blocked 12.7% | idle  1.0% | ent 0.505
  upd 1569 | return    1.500 | deliv   1.50 | blocked 12.8% | idle  1.2% | ent 0.548
  upd 1570 | return    1.200 | deliv   1.20 | blocked 13.7% | idle  1.3% | ent 0.535
  upd 1571 | return    1.300 | deliv   1.30 | blocked 14.9% | idle  1.2% | ent 0.551
  upd 1572 | return    1.000 | deliv   1.00 | blocked 15.2% | idle  1.2% | ent 0.541
  upd 1573 | return    1.400 | deliv   1.40 | blocked 17.2% | idle  1.2% | ent 0.566
  upd 1574 | return    0.900 | deliv   0.90 | blocked 13.2% | idle  1.2% | ent 0.554
  upd 1575 | return    0.600 | deliv   0.60 | blocked 13.8% | idle  1.3% | ent 0.574
  upd 1576 | return    1.000 | deliv   1.00 | blocked 12.6% | idle  1.2% | ent 0.541
  upd 1577 | return    1.000 | deliv   1.00 | blocked 12.0% | idle  1.3% | ent 0.573
  upd 1578 | return    1.000 | deliv   1.00 | blocked 12.0% | idle  1.2% | ent 0.589
  upd 1579 | return    0.700 | deliv   0.70 | blocked  9.8% | idle  1.1% | ent 0.571
  upd 1580 | return    1.400 | deliv   1.40 | blocked  9.2% | idle  1.2% | ent 0.616
  upd 1581 | return    1.200 | deliv   1.20 | blocked  9.4% | idle  1.5% | ent 0.658
  upd 1582 | return    1.000 | deliv   1.00 | blocked  7.9% | idle  1.2% | ent 0.594
  upd 1583 | return    1.300 | deliv   1.30 | blocked  6.6% | idle  1.4% | ent 0.618
  upd 1584 | return    1.300 | deliv   1.30 | blocked  6.9% | idle  1.4% | ent 0.666
  upd 1585 | return    1.500 | deliv   1.50 | blocked  7.8% | idle  1.3% | ent 0.623
  upd 1586 | return    0.900 | deliv   0.90 | blocked  7.8% | idle  1.5% | ent 0.655
  upd 1587 | return    1.300 | deliv   1.30 | blocked  5.5% | idle  1.5% | ent 0.641
  upd 1588 | return    1.600 | deliv   1.60 | blocked  5.1% | idle  1.2% | ent 0.558
  upd 1589 | return    0.900 | deliv   0.90 | blocked  6.2% | idle  1.6% | ent 0.659
  upd 1590 | return    1.600 | deliv   1.60 | blocked  6.4% | idle  1.5% | ent 0.690
  upd 1591 | return    2.300 | deliv   2.30 | blocked  7.5% | idle  1.4% | ent 0.653
  upd 1592 | return    1.600 | deliv   1.60 | blocked  6.5% | idle  1.6% | ent 0.647
  upd 1593 | return    2.100 | deliv   2.10 | blocked  8.2% | idle  1.5% | ent 0.655
  upd 1594 | return    2.000 | deliv   2.00 | blocked  8.9% | idle  1.7% | ent 0.717
  upd 1595 | return    1.700 | deliv   1.70 | blocked  8.6% | idle  1.8% | ent 0.711
  upd 1596 | return    1.600 | deliv   1.60 | blocked  9.7% | idle  1.5% | ent 0.710
  upd 1597 | return    1.000 | deliv   1.00 | blocked  7.6% | idle  1.4% | ent 0.706
  upd 1598 | return    1.700 | deliv   1.70 | blocked 10.1% | idle  1.7% | ent 0.734
  upd 1599 | return    1.700 | deliv   1.70 | blocked 10.5% | idle  1.7% | ent 0.695
[commentary @ update 1600]
  deliveries/episode ~1.4 ▲   team return ~1.42 ▲
  contention (forward-blocked) 8.7% ▼   idle 1.3%
  throughput is weighted toward the early of the episode (early 1.0 / mid 0.3 / late 0.2)
  upd 1600 | return    1.600 | deliv   1.60 | blocked 10.8% | idle  1.5% | ent 0.685
  upd 1601 | return    2.000 | deliv   2.00 | blocked 11.8% | idle  1.9% | ent 0.730
  upd 1602 | return    1.100 | deliv   1.10 | blocked 10.6% | idle  1.8% | ent 0.721
  upd 1603 | return    1.900 | deliv   1.90 | blocked 12.1% | idle  1.8% | ent 0.666
  upd 1604 | return    1.900 | deliv   1.90 | blocked 13.4% | idle  1.6% | ent 0.671
  upd 1605 | return    1.200 | deliv   1.20 | blocked 15.0% | idle  1.8% | ent 0.677
  upd 1606 | return    1.500 | deliv   1.50 | blocked 14.2% | idle  1.5% | ent 0.635
  upd 1607 | return    1.200 | deliv   1.20 | blocked 14.0% | idle  1.3% | ent 0.587
  upd 1608 | return    1.100 | deliv   1.10 | blocked 14.3% | idle  1.6% | ent 0.635
  upd 1609 | return    1.900 | deliv   1.90 | blocked 14.2% | idle  1.6% | ent 0.586
  upd 1610 | return    1.300 | deliv   1.30 | blocked 14.9% | idle  1.8% | ent 0.595
  upd 1611 | return    1.200 | deliv   1.20 | blocked 13.9% | idle  1.8% | ent 0.610
  upd 1612 | return    1.300 | deliv   1.30 | blocked 14.9% | idle  1.6% | ent 0.611
  upd 1613 | return    1.300 | deliv   1.30 | blocked 12.6% | idle  1.4% | ent 0.569
  upd 1614 | return    1.700 | deliv   1.70 | blocked 12.8% | idle  1.4% | ent 0.611
  upd 1615 | return    1.500 | deliv   1.50 | blocked 12.3% | idle  1.7% | ent 0.646
  upd 1616 | return    1.700 | deliv   1.70 | blocked 12.3% | idle  2.0% | ent 0.696
  upd 1617 | return    1.500 | deliv   1.50 | blocked 10.3% | idle  1.5% | ent 0.611
  upd 1618 | return    1.300 | deliv   1.30 | blocked 11.8% | idle  1.4% | ent 0.656
  upd 1619 | return    1.500 | deliv   1.50 | blocked 10.3% | idle  1.5% | ent 0.677
  upd 1620 | return    1.100 | deliv   1.10 | blocked 11.1% | idle  1.3% | ent 0.662
  upd 1621 | return    0.900 | deliv   0.90 | blocked 11.8% | idle  1.2% | ent 0.633
  upd 1622 | return    1.500 | deliv   1.50 | blocked 11.4% | idle  1.2% | ent 0.605
  upd 1623 | return    1.100 | deliv   1.10 | blocked 10.0% | idle  1.0% | ent 0.562
  upd 1624 | return    1.100 | deliv   1.10 | blocked 10.9% | idle  0.8% | ent 0.570
  upd 1625 | return    1.500 | deliv   1.50 | blocked  9.8% | idle  0.8% | ent 0.563
  upd 1626 | return    1.000 | deliv   1.00 | blocked  9.9% | idle  1.1% | ent 0.596
  upd 1627 | return    1.600 | deliv   1.60 | blocked 10.2% | idle  1.0% | ent 0.586
  upd 1628 | return    1.600 | deliv   1.60 | blocked 10.9% | idle  0.9% | ent 0.616
  upd 1629 | return    1.800 | deliv   1.80 | blocked 10.9% | idle  0.9% | ent 0.632
  upd 1630 | return    1.300 | deliv   1.30 | blocked  8.3% | idle  0.8% | ent 0.598
  upd 1631 | return    1.800 | deliv   1.80 | blocked 10.1% | idle  1.0% | ent 0.670
  upd 1632 | return    1.900 | deliv   1.90 | blocked  7.9% | idle  1.1% | ent 0.662
  upd 1633 | return    1.800 | deliv   1.80 | blocked  8.7% | idle  1.0% | ent 0.691
  upd 1634 | return    1.500 | deliv   1.50 | blocked  7.8% | idle  0.8% | ent 0.660
  upd 1635 | return    1.200 | deliv   1.20 | blocked  5.9% | idle  0.8% | ent 0.684
  upd 1636 | return    0.700 | deliv   0.70 | blocked  6.8% | idle  1.0% | ent 0.747
  upd 1637 | return    1.400 | deliv   1.40 | blocked  4.9% | idle  0.9% | ent 0.673
  upd 1638 | return    1.500 | deliv   1.50 | blocked  6.3% | idle  1.0% | ent 0.743
  upd 1639 | return    1.200 | deliv   1.20 | blocked  5.4% | idle  0.9% | ent 0.735
  upd 1640 | return    1.200 | deliv   1.20 | blocked  4.7% | idle  0.9% | ent 0.690
  upd 1641 | return    1.400 | deliv   1.40 | blocked  5.3% | idle  0.9% | ent 0.679
  upd 1642 | return    0.800 | deliv   0.80 | blocked  5.6% | idle  0.8% | ent 0.626
  upd 1643 | return    2.500 | deliv   2.50 | blocked  7.3% | idle  0.8% | ent 0.682
  upd 1644 | return    1.300 | deliv   1.30 | blocked  9.3% | idle  0.9% | ent 0.662
  upd 1645 | return    1.500 | deliv   1.50 | blocked 11.5% | idle  0.7% | ent 0.636
  upd 1646 | return    1.700 | deliv   1.70 | blocked 13.0% | idle  0.6% | ent 0.571
  upd 1647 | return    1.800 | deliv   1.80 | blocked 15.5% | idle  0.8% | ent 0.543
  upd 1648 | return    0.800 | deliv   0.80 | blocked 12.2% | idle  0.7% | ent 0.514
  upd 1649 | return    1.200 | deliv   1.20 | blocked 14.7% | idle  0.7% | ent 0.519
  upd 1650 | return    0.400 | deliv   0.40 | blocked 14.5% | idle  0.5% | ent 0.493
  upd 1651 | return    0.800 | deliv   0.80 | blocked 15.5% | idle  0.6% | ent 0.494
  upd 1652 | return    0.500 | deliv   0.50 | blocked 14.7% | idle  0.5% | ent 0.505
  upd 1653 | return    1.400 | deliv   1.40 | blocked 13.6% | idle  0.7% | ent 0.530
  upd 1654 | return    1.200 | deliv   1.20 | blocked 13.1% | idle  0.7% | ent 0.532
  upd 1655 | return    0.700 | deliv   0.70 | blocked 11.1% | idle  0.7% | ent 0.549
  upd 1656 | return    1.400 | deliv   1.40 | blocked  8.9% | idle  0.7% | ent 0.545
  upd 1657 | return    0.700 | deliv   0.70 | blocked  8.7% | idle  0.8% | ent 0.571
  upd 1658 | return    0.800 | deliv   0.80 | blocked  7.2% | idle  0.7% | ent 0.584
  upd 1659 | return    1.500 | deliv   1.50 | blocked  5.8% | idle  0.8% | ent 0.572
  upd 1660 | return    1.500 | deliv   1.50 | blocked  8.0% | idle  1.0% | ent 0.675
  upd 1661 | return    1.400 | deliv   1.40 | blocked  4.6% | idle  0.9% | ent 0.566
  upd 1662 | return    2.100 | deliv   2.10 | blocked  5.5% | idle  0.9% | ent 0.650
  upd 1663 | return    1.000 | deliv   1.00 | blocked  6.8% | idle  1.0% | ent 0.667
  upd 1664 | return    1.300 | deliv   1.30 | blocked  5.8% | idle  0.9% | ent 0.656
  upd 1665 | return    0.800 | deliv   0.80 | blocked  6.3% | idle  1.1% | ent 0.676
  upd 1666 | return    1.800 | deliv   1.80 | blocked  5.6% | idle  0.8% | ent 0.629
  upd 1667 | return    1.800 | deliv   1.80 | blocked  6.8% | idle  0.9% | ent 0.656
  upd 1668 | return    1.300 | deliv   1.30 | blocked  5.5% | idle  0.9% | ent 0.626
  upd 1669 | return    1.300 | deliv   1.30 | blocked  6.2% | idle  1.0% | ent 0.628
  upd 1670 | return    1.800 | deliv   1.80 | blocked  8.1% | idle  1.1% | ent 0.667
  upd 1671 | return    0.900 | deliv   0.90 | blocked  8.0% | idle  0.9% | ent 0.629
  upd 1672 | return    1.200 | deliv   1.20 | blocked  8.3% | idle  1.2% | ent 0.662
  upd 1673 | return    1.700 | deliv   1.70 | blocked  9.0% | idle  1.0% | ent 0.630
  upd 1674 | return    2.600 | deliv   2.60 | blocked  7.2% | idle  0.9% | ent 0.602
  upd 1675 | return    1.500 | deliv   1.50 | blocked  7.2% | idle  0.8% | ent 0.581
  upd 1676 | return    1.600 | deliv   1.60 | blocked  9.8% | idle  1.0% | ent 0.629
  upd 1677 | return    1.900 | deliv   1.90 | blocked  8.3% | idle  0.8% | ent 0.556
  upd 1678 | return    1.600 | deliv   1.60 | blocked  8.4% | idle  0.8% | ent 0.570
  upd 1679 | return    1.900 | deliv   1.90 | blocked  9.4% | idle  0.9% | ent 0.573
  upd 1680 | return    1.200 | deliv   1.20 | blocked  9.0% | idle  0.9% | ent 0.554
  upd 1681 | return    2.400 | deliv   2.40 | blocked 10.5% | idle  0.8% | ent 0.580
  upd 1682 | return    2.900 | deliv   2.90 | blocked 11.2% | idle  0.8% | ent 0.564
  upd 1683 | return    1.700 | deliv   1.70 | blocked  9.1% | idle  0.8% | ent 0.556
  upd 1684 | return    0.900 | deliv   0.90 | blocked 11.0% | idle  1.0% | ent 0.597
  upd 1685 | return    1.200 | deliv   1.20 | blocked  7.9% | idle  0.9% | ent 0.554
  upd 1686 | return    1.700 | deliv   1.70 | blocked  9.7% | idle  1.0% | ent 0.594
  upd 1687 | return    1.800 | deliv   1.80 | blocked  8.3% | idle  0.7% | ent 0.538
  upd 1688 | return    1.700 | deliv   1.70 | blocked  9.7% | idle  0.6% | ent 0.537
  upd 1689 | return    1.400 | deliv   1.40 | blocked  9.6% | idle  0.9% | ent 0.555
  upd 1690 | return    1.400 | deliv   1.40 | blocked  9.8% | idle  0.8% | ent 0.527
  upd 1691 | return    1.500 | deliv   1.50 | blocked 10.9% | idle  0.7% | ent 0.537
  upd 1692 | return    1.200 | deliv   1.20 | blocked  9.7% | idle  0.7% | ent 0.494
  upd 1693 | return    1.500 | deliv   1.50 | blocked 10.9% | idle  0.8% | ent 0.511
  upd 1694 | return    1.600 | deliv   1.60 | blocked  9.0% | idle  0.6% | ent 0.497
  upd 1695 | return    1.400 | deliv   1.40 | blocked 10.2% | idle  0.7% | ent 0.494
  upd 1696 | return    1.200 | deliv   1.20 | blocked  9.4% | idle  0.9% | ent 0.532
  upd 1697 | return    1.500 | deliv   1.50 | blocked  8.9% | idle  0.9% | ent 0.509
  upd 1698 | return    0.800 | deliv   0.80 | blocked  9.8% | idle  0.9% | ent 0.522
  upd 1699 | return    1.900 | deliv   1.90 | blocked  9.1% | idle  0.7% | ent 0.506
[commentary @ update 1700]
  deliveries/episode ~1.4 ▲   team return ~1.43 ▲
  contention (forward-blocked) 9.9% ▼   idle 1.0%
  throughput is weighted toward the early of the episode (early 1.0 / mid 0.2 / late 0.2)
  upd 1700 | return    1.800 | deliv   1.80 | blocked 11.5% | idle  0.9% | ent 0.531
  upd 1701 | return    1.600 | deliv   1.60 | blocked  9.0% | idle  0.8% | ent 0.519
  upd 1702 | return    1.700 | deliv   1.70 | blocked  9.9% | idle  0.8% | ent 0.544
  upd 1703 | return    0.600 | deliv   0.60 | blocked 11.5% | idle  0.9% | ent 0.571
  upd 1704 | return    1.800 | deliv   1.80 | blocked 10.0% | idle  1.0% | ent 0.579
  upd 1705 | return    1.900 | deliv   1.90 | blocked  9.8% | idle  1.0% | ent 0.570
  upd 1706 | return    1.000 | deliv   1.00 | blocked  9.4% | idle  1.0% | ent 0.583
  upd 1707 | return    1.700 | deliv   1.70 | blocked 10.9% | idle  1.0% | ent 0.579
  upd 1708 | return    1.800 | deliv   1.80 | blocked  9.5% | idle  1.1% | ent 0.596
  upd 1709 | return    2.200 | deliv   2.20 | blocked 11.7% | idle  1.0% | ent 0.584
  upd 1710 | return    1.900 | deliv   1.90 | blocked  9.7% | idle  1.1% | ent 0.565
  upd 1711 | return    2.300 | deliv   2.30 | blocked 10.3% | idle  1.1% | ent 0.555
  upd 1712 | return    1.300 | deliv   1.30 | blocked 11.0% | idle  1.0% | ent 0.555
  upd 1713 | return    1.500 | deliv   1.50 | blocked 11.0% | idle  1.1% | ent 0.574
  upd 1714 | return    1.700 | deliv   1.70 | blocked 13.5% | idle  1.3% | ent 0.612
  upd 1715 | return    1.300 | deliv   1.30 | blocked  9.5% | idle  1.1% | ent 0.550
  upd 1716 | return    1.500 | deliv   1.50 | blocked 10.8% | idle  1.3% | ent 0.564
  upd 1717 | return    0.700 | deliv   0.70 | blocked 11.9% | idle  1.3% | ent 0.594
  upd 1718 | return    2.200 | deliv   2.20 | blocked  9.8% | idle  1.2% | ent 0.547
  upd 1719 | return    1.500 | deliv   1.50 | blocked 13.3% | idle  1.0% | ent 0.544
  upd 1720 | return    1.400 | deliv   1.40 | blocked  9.8% | idle  1.1% | ent 0.550
  upd 1721 | return    1.300 | deliv   1.30 | blocked 12.7% | idle  1.3% | ent 0.574
  upd 1722 | return    1.300 | deliv   1.30 | blocked 13.1% | idle  1.4% | ent 0.578
  upd 1723 | return    1.700 | deliv   1.70 | blocked 11.2% | idle  1.3% | ent 0.568
  upd 1724 | return    1.200 | deliv   1.20 | blocked  9.0% | idle  1.1% | ent 0.542
  upd 1725 | return    1.600 | deliv   1.60 | blocked 10.3% | idle  1.3% | ent 0.593
  upd 1726 | return    1.000 | deliv   1.00 | blocked 10.1% | idle  1.4% | ent 0.616
  upd 1727 | return    0.900 | deliv   0.90 | blocked  9.6% | idle  1.2% | ent 0.614
  upd 1728 | return    2.100 | deliv   2.10 | blocked 10.1% | idle  1.4% | ent 0.641
  upd 1729 | return    1.100 | deliv   1.10 | blocked  8.6% | idle  1.2% | ent 0.627
  upd 1730 | return    1.700 | deliv   1.70 | blocked  9.3% | idle  1.2% | ent 0.621
  upd 1731 | return    1.100 | deliv   1.10 | blocked  8.9% | idle  1.4% | ent 0.652
  upd 1732 | return    2.300 | deliv   2.30 | blocked  9.2% | idle  1.2% | ent 0.645
  upd 1733 | return    1.300 | deliv   1.30 | blocked  7.5% | idle  1.7% | ent 0.665
  upd 1734 | return    1.200 | deliv   1.20 | blocked  8.9% | idle  1.4% | ent 0.684
  upd 1735 | return    0.600 | deliv   0.60 | blocked  8.4% | idle  1.7% | ent 0.711
  upd 1736 | return    2.700 | deliv   2.70 | blocked  7.6% | idle  1.7% | ent 0.729
  upd 1737 | return    1.100 | deliv   1.10 | blocked  8.2% | idle  1.8% | ent 0.718
  upd 1738 | return    2.500 | deliv   2.50 | blocked  5.3% | idle  1.6% | ent 0.663
  upd 1739 | return    2.300 | deliv   2.30 | blocked  7.6% | idle  1.9% | ent 0.724
  upd 1740 | return    1.600 | deliv   1.60 | blocked  8.7% | idle  1.8% | ent 0.789
  upd 1741 | return    0.600 | deliv   0.60 | blocked  8.6% | idle  1.9% | ent 0.762
  upd 1742 | return    1.000 | deliv   1.00 | blocked  8.3% | idle  1.9% | ent 0.767
  upd 1743 | return    1.500 | deliv   1.50 | blocked  8.4% | idle  1.9% | ent 0.787
  upd 1744 | return    1.600 | deliv   1.60 | blocked  7.8% | idle  1.8% | ent 0.776
  upd 1745 | return    2.000 | deliv   2.00 | blocked  8.7% | idle  1.6% | ent 0.757
  upd 1746 | return    1.200 | deliv   1.20 | blocked  8.4% | idle  1.7% | ent 0.808
  upd 1747 | return    2.000 | deliv   2.00 | blocked  6.4% | idle  1.6% | ent 0.743
  upd 1748 | return    1.100 | deliv   1.10 | blocked  6.6% | idle  1.5% | ent 0.759
  upd 1749 | return    1.500 | deliv   1.50 | blocked  6.9% | idle  1.5% | ent 0.757
  upd 1750 | return    1.500 | deliv   1.50 | blocked  6.5% | idle  1.5% | ent 0.777
  upd 1751 | return    1.200 | deliv   1.20 | blocked  6.9% | idle  1.8% | ent 0.801
  upd 1752 | return    2.100 | deliv   2.10 | blocked  8.0% | idle  1.6% | ent 0.833
  upd 1753 | return    1.300 | deliv   1.30 | blocked  6.8% | idle  1.8% | ent 0.813
  upd 1754 | return    1.800 | deliv   1.80 | blocked  6.5% | idle  1.5% | ent 0.770
  upd 1755 | return    1.900 | deliv   1.90 | blocked  7.1% | idle  1.5% | ent 0.802
  upd 1756 | return    1.400 | deliv   1.40 | blocked  7.4% | idle  1.7% | ent 0.821
  upd 1757 | return    1.700 | deliv   1.70 | blocked  6.9% | idle  1.5% | ent 0.784
  upd 1758 | return    2.100 | deliv   2.10 | blocked  7.7% | idle  1.3% | ent 0.781
  upd 1759 | return    1.700 | deliv   1.70 | blocked  8.7% | idle  1.3% | ent 0.788
  upd 1760 | return    1.600 | deliv   1.60 | blocked  8.6% | idle  1.2% | ent 0.752
  upd 1761 | return    1.500 | deliv   1.50 | blocked  8.1% | idle  1.2% | ent 0.733
  upd 1762 | return    1.400 | deliv   1.40 | blocked 11.9% | idle  1.2% | ent 0.767
  upd 1763 | return    2.100 | deliv   2.10 | blocked 12.1% | idle  1.3% | ent 0.739
  upd 1764 | return    1.300 | deliv   1.30 | blocked 12.7% | idle  1.2% | ent 0.728
  upd 1765 | return    2.000 | deliv   2.00 | blocked 11.4% | idle  1.0% | ent 0.677
  upd 1766 | return    1.200 | deliv   1.20 | blocked 14.0% | idle  1.2% | ent 0.683
  upd 1767 | return    1.800 | deliv   1.80 | blocked 11.7% | idle  1.2% | ent 0.697
  upd 1768 | return    0.900 | deliv   0.90 | blocked 13.5% | idle  1.2% | ent 0.719
  upd 1769 | return    1.300 | deliv   1.30 | blocked 11.8% | idle  0.9% | ent 0.690
  upd 1770 | return    2.000 | deliv   2.00 | blocked 16.5% | idle  1.1% | ent 0.733
  upd 1771 | return    1.800 | deliv   1.80 | blocked 11.7% | idle  1.2% | ent 0.739
  upd 1772 | return    1.600 | deliv   1.60 | blocked 10.9% | idle  1.3% | ent 0.745
  upd 1773 | return    1.700 | deliv   1.70 | blocked 13.7% | idle  1.4% | ent 0.771
  upd 1774 | return    2.200 | deliv   2.20 | blocked 10.8% | idle  1.4% | ent 0.746
  upd 1775 | return    1.900 | deliv   1.90 | blocked 12.3% | idle  1.4% | ent 0.756
  upd 1776 | return    1.700 | deliv   1.70 | blocked 13.4% | idle  1.3% | ent 0.724
  upd 1777 | return    1.900 | deliv   1.90 | blocked 12.9% | idle  1.6% | ent 0.746
  upd 1778 | return    1.900 | deliv   1.90 | blocked 13.3% | idle  1.6% | ent 0.747
  upd 1779 | return    1.500 | deliv   1.50 | blocked 13.0% | idle  1.6% | ent 0.749
  upd 1780 | return    2.200 | deliv   2.20 | blocked 12.6% | idle  1.5% | ent 0.753
  upd 1781 | return    2.000 | deliv   2.00 | blocked 10.2% | idle  1.6% | ent 0.747
  upd 1782 | return    1.800 | deliv   1.80 | blocked 12.0% | idle  2.0% | ent 0.811
  upd 1783 | return    1.000 | deliv   1.00 | blocked 10.6% | idle  1.9% | ent 0.778
  upd 1784 | return    1.600 | deliv   1.60 | blocked 12.2% | idle  2.0% | ent 0.814
  upd 1785 | return    0.900 | deliv   0.90 | blocked  9.9% | idle  2.2% | ent 0.809
  upd 1786 | return    1.700 | deliv   1.70 | blocked 11.7% | idle  2.0% | ent 0.823
  upd 1787 | return    2.200 | deliv   2.20 | blocked 10.9% | idle  1.9% | ent 0.789
  upd 1788 | return    2.100 | deliv   2.10 | blocked 10.8% | idle  2.3% | ent 0.810
  upd 1789 | return    1.600 | deliv   1.60 | blocked 10.0% | idle  2.2% | ent 0.822
  upd 1790 | return    1.800 | deliv   1.80 | blocked  9.3% | idle  2.1% | ent 0.795
  upd 1791 | return    1.800 | deliv   1.80 | blocked 10.5% | idle  2.3% | ent 0.817
  upd 1792 | return    1.400 | deliv   1.40 | blocked  9.7% | idle  2.1% | ent 0.782
  upd 1793 | return    1.400 | deliv   1.40 | blocked  9.7% | idle  2.1% | ent 0.794
  upd 1794 | return    1.500 | deliv   1.50 | blocked  9.0% | idle  2.1% | ent 0.786
  upd 1795 | return    1.600 | deliv   1.60 | blocked  9.1% | idle  2.2% | ent 0.788
  upd 1796 | return    2.300 | deliv   2.30 | blocked  8.0% | idle  1.8% | ent 0.761
  upd 1797 | return    2.200 | deliv   2.20 | blocked  9.5% | idle  1.8% | ent 0.799
  upd 1798 | return    2.000 | deliv   2.00 | blocked  8.7% | idle  1.8% | ent 0.794
  upd 1799 | return    0.700 | deliv   0.70 | blocked  8.2% | idle  2.0% | ent 0.840
[commentary @ update 1800]
  deliveries/episode ~1.6 ▲   team return ~1.60 ▲
  contention (forward-blocked) 10.0% ▼   idle 1.5%
  throughput is weighted toward the early of the episode (early 1.2 / mid 0.3 / late 0.2)
  upd 1800 | return    1.600 | deliv   1.60 | blocked  6.9% | idle  1.8% | ent 0.809
  upd 1801 | return    1.000 | deliv   1.00 | blocked  7.3% | idle  1.8% | ent 0.829
  upd 1802 | return    2.700 | deliv   2.70 | blocked  6.7% | idle  1.8% | ent 0.826
  upd 1803 | return    1.200 | deliv   1.20 | blocked  6.9% | idle  1.9% | ent 0.835
  upd 1804 | return    2.200 | deliv   2.20 | blocked  5.8% | idle  1.8% | ent 0.811
  upd 1805 | return    1.700 | deliv   1.70 | blocked  6.4% | idle  1.8% | ent 0.788
  upd 1806 | return    2.500 | deliv   2.50 | blocked  6.3% | idle  1.8% | ent 0.854
  upd 1807 | return    1.600 | deliv   1.60 | blocked  5.3% | idle  1.8% | ent 0.844
  upd 1808 | return    2.500 | deliv   2.50 | blocked  6.9% | idle  1.8% | ent 0.861
  upd 1809 | return    2.200 | deliv   2.20 | blocked  6.2% | idle  1.5% | ent 0.818
  upd 1810 | return    1.600 | deliv   1.60 | blocked  5.0% | idle  1.7% | ent 0.810
  upd 1811 | return    2.500 | deliv   2.50 | blocked  5.8% | idle  1.6% | ent 0.851
  upd 1812 | return    1.400 | deliv   1.40 | blocked  5.8% | idle  1.5% | ent 0.844
  upd 1813 | return    1.800 | deliv   1.80 | blocked  6.1% | idle  1.5% | ent 0.824
  upd 1814 | return    1.900 | deliv   1.90 | blocked  6.2% | idle  1.5% | ent 0.840
  upd 1815 | return    1.900 | deliv   1.90 | blocked  6.1% | idle  1.3% | ent 0.842
  upd 1816 | return    2.500 | deliv   2.50 | blocked  5.2% | idle  1.3% | ent 0.799
  upd 1817 | return    1.500 | deliv   1.50 | blocked  5.9% | idle  1.5% | ent 0.856
  upd 1818 | return    2.000 | deliv   2.00 | blocked  6.5% | idle  1.3% | ent 0.801
  upd 1819 | return    2.100 | deliv   2.10 | blocked  5.3% | idle  1.4% | ent 0.846
  upd 1820 | return    1.700 | deliv   1.70 | blocked  5.8% | idle  1.2% | ent 0.800
  upd 1821 | return    1.300 | deliv   1.30 | blocked  6.0% | idle  1.2% | ent 0.834
  upd 1822 | return    3.100 | deliv   3.10 | blocked  7.7% | idle  1.4% | ent 0.832
  upd 1823 | return    2.000 | deliv   2.00 | blocked  6.7% | idle  1.0% | ent 0.757
  upd 1824 | return    2.200 | deliv   2.20 | blocked  7.8% | idle  1.2% | ent 0.801
  upd 1825 | return    2.500 | deliv   2.50 | blocked  7.1% | idle  1.0% | ent 0.728
  upd 1826 | return    2.400 | deliv   2.40 | blocked  8.4% | idle  0.9% | ent 0.771
  upd 1827 | return    1.800 | deliv   1.80 | blocked  7.4% | idle  0.9% | ent 0.739
  upd 1828 | return    2.100 | deliv   2.10 | blocked  7.3% | idle  0.8% | ent 0.748
  upd 1829 | return    2.600 | deliv   2.60 | blocked  7.8% | idle  0.8% | ent 0.723
  upd 1830 | return    1.600 | deliv   1.60 | blocked  7.1% | idle  0.9% | ent 0.723
  upd 1831 | return    3.400 | deliv   3.40 | blocked  7.7% | idle  0.7% | ent 0.711
  upd 1832 | return    1.800 | deliv   1.80 | blocked  7.8% | idle  0.7% | ent 0.716
  upd 1833 | return    1.500 | deliv   1.50 | blocked  8.2% | idle  0.7% | ent 0.711
  upd 1834 | return    1.100 | deliv   1.10 | blocked  7.9% | idle  0.8% | ent 0.706
  upd 1835 | return    1.300 | deliv   1.30 | blocked  9.6% | idle  0.7% | ent 0.709
  upd 1836 | return    1.400 | deliv   1.40 | blocked  8.2% | idle  0.7% | ent 0.671
  upd 1837 | return    1.800 | deliv   1.80 | blocked  7.4% | idle  0.5% | ent 0.619
  upd 1838 | return    1.500 | deliv   1.50 | blocked  8.7% | idle  0.5% | ent 0.632
  upd 1839 | return    1.500 | deliv   1.50 | blocked  8.1% | idle  0.6% | ent 0.640
  upd 1840 | return    1.200 | deliv   1.20 | blocked  8.6% | idle  0.6% | ent 0.647
  upd 1841 | return    1.200 | deliv   1.20 | blocked  7.2% | idle  0.7% | ent 0.661
  upd 1842 | return    0.700 | deliv   0.70 | blocked  7.0% | idle  0.7% | ent 0.697
  upd 1843 | return    1.500 | deliv   1.50 | blocked  6.4% | idle  0.8% | ent 0.710
  upd 1844 | return    1.600 | deliv   1.60 | blocked  5.6% | idle  0.8% | ent 0.709
  upd 1845 | return    1.600 | deliv   1.60 | blocked  7.4% | idle  0.6% | ent 0.763
  upd 1846 | return    2.000 | deliv   2.00 | blocked  5.0% | idle  0.8% | ent 0.755
  upd 1847 | return    2.400 | deliv   2.40 | blocked  5.7% | idle  0.6% | ent 0.782
  upd 1848 | return    1.800 | deliv   1.80 | blocked  4.8% | idle  0.8% | ent 0.764
  upd 1849 | return    2.300 | deliv   2.30 | blocked  6.0% | idle  0.7% | ent 0.774
  upd 1850 | return    2.600 | deliv   2.60 | blocked  5.9% | idle  0.7% | ent 0.815
  upd 1851 | return    1.500 | deliv   1.50 | blocked  5.2% | idle  0.7% | ent 0.806
  upd 1852 | return    1.000 | deliv   1.00 | blocked  4.8% | idle  0.6% | ent 0.726
  upd 1853 | return    1.400 | deliv   1.40 | blocked  6.3% | idle  0.7% | ent 0.807
  upd 1854 | return    2.800 | deliv   2.80 | blocked  4.9% | idle  0.7% | ent 0.757
  upd 1855 | return    1.900 | deliv   1.90 | blocked  7.0% | idle  0.8% | ent 0.789
  upd 1856 | return    2.700 | deliv   2.70 | blocked  5.5% | idle  0.8% | ent 0.765
  upd 1857 | return    2.000 | deliv   2.00 | blocked  6.4% | idle  0.7% | ent 0.782
  upd 1858 | return    2.800 | deliv   2.80 | blocked  6.1% | idle  0.8% | ent 0.724
  upd 1859 | return    2.100 | deliv   2.10 | blocked  4.9% | idle  0.7% | ent 0.699
  upd 1860 | return    2.300 | deliv   2.30 | blocked  6.0% | idle  0.7% | ent 0.717
  upd 1861 | return    2.100 | deliv   2.10 | blocked  5.9% | idle  0.8% | ent 0.743
  upd 1862 | return    1.600 | deliv   1.60 | blocked  7.1% | idle  0.6% | ent 0.710
  upd 1863 | return    2.500 | deliv   2.50 | blocked  7.7% | idle  0.8% | ent 0.749
  upd 1864 | return    2.100 | deliv   2.10 | blocked  8.0% | idle  0.7% | ent 0.733
  upd 1865 | return    2.500 | deliv   2.50 | blocked  7.8% | idle  0.7% | ent 0.710
  upd 1866 | return    1.200 | deliv   1.20 | blocked  7.3% | idle  0.6% | ent 0.704
  upd 1867 | return    1.700 | deliv   1.70 | blocked  7.0% | idle  0.6% | ent 0.702
  upd 1868 | return    1.700 | deliv   1.70 | blocked  7.0% | idle  0.7% | ent 0.709
  upd 1869 | return    2.300 | deliv   2.30 | blocked  7.6% | idle  0.7% | ent 0.676
  upd 1870 | return    2.600 | deliv   2.60 | blocked  8.4% | idle  0.6% | ent 0.697
  upd 1871 | return    2.000 | deliv   2.00 | blocked  8.5% | idle  0.6% | ent 0.695
  upd 1872 | return    3.100 | deliv   3.10 | blocked  6.8% | idle  0.7% | ent 0.642
  upd 1873 | return    1.800 | deliv   1.80 | blocked  8.8% | idle  0.6% | ent 0.671
  upd 1874 | return    2.500 | deliv   2.50 | blocked  8.1% | idle  0.6% | ent 0.643
  upd 1875 | return    2.100 | deliv   2.10 | blocked  9.0% | idle  0.6% | ent 0.617
  upd 1876 | return    2.300 | deliv   2.30 | blocked  7.8% | idle  0.5% | ent 0.610
  upd 1877 | return    2.500 | deliv   2.50 | blocked  8.4% | idle  0.5% | ent 0.561
  upd 1878 | return    2.100 | deliv   2.10 | blocked  8.8% | idle  0.5% | ent 0.607
  upd 1879 | return    1.500 | deliv   1.50 | blocked  7.6% | idle  0.7% | ent 0.616
  upd 1880 | return    1.600 | deliv   1.60 | blocked  7.9% | idle  0.5% | ent 0.576
  upd 1881 | return    3.200 | deliv   3.20 | blocked  8.4% | idle  0.5% | ent 0.601
  upd 1882 | return    2.400 | deliv   2.40 | blocked  7.5% | idle  0.5% | ent 0.601
  upd 1883 | return    2.700 | deliv   2.70 | blocked  8.2% | idle  0.5% | ent 0.637
  upd 1884 | return    1.900 | deliv   1.90 | blocked  7.6% | idle  0.5% | ent 0.640
  upd 1885 | return    2.400 | deliv   2.40 | blocked  8.0% | idle  0.7% | ent 0.658
  upd 1886 | return    2.500 | deliv   2.50 | blocked  8.1% | idle  0.5% | ent 0.666
  upd 1887 | return    2.500 | deliv   2.50 | blocked  6.5% | idle  0.7% | ent 0.675
  upd 1888 | return    2.000 | deliv   2.00 | blocked  7.8% | idle  0.6% | ent 0.696
  upd 1889 | return    2.500 | deliv   2.50 | blocked  6.7% | idle  0.6% | ent 0.652
  upd 1890 | return    2.300 | deliv   2.30 | blocked  6.4% | idle  0.6% | ent 0.697
  upd 1891 | return    2.500 | deliv   2.50 | blocked  7.4% | idle  0.6% | ent 0.720
  upd 1892 | return    2.700 | deliv   2.70 | blocked  6.0% | idle  0.5% | ent 0.693
  upd 1893 | return    1.600 | deliv   1.60 | blocked  6.8% | idle  0.4% | ent 0.694
  upd 1894 | return    2.600 | deliv   2.60 | blocked  5.6% | idle  0.5% | ent 0.697
  upd 1895 | return    2.700 | deliv   2.70 | blocked  5.1% | idle  0.6% | ent 0.679
  upd 1896 | return    2.100 | deliv   2.10 | blocked  5.1% | idle  0.5% | ent 0.673
  upd 1897 | return    1.800 | deliv   1.80 | blocked  5.3% | idle  0.6% | ent 0.688
  upd 1898 | return    2.700 | deliv   2.70 | blocked  5.7% | idle  0.5% | ent 0.721
  upd 1899 | return    2.400 | deliv   2.40 | blocked  6.3% | idle  0.6% | ent 0.703
[commentary @ update 1900]
  deliveries/episode ~2.0 ▲   team return ~2.04 ▲
  contention (forward-blocked) 6.9% ▼   idle 0.9%
  throughput is weighted toward the early of the episode (early 1.4 / mid 0.4 / late 0.2)
  upd 1900 | return    2.500 | deliv   2.50 | blocked  5.7% | idle  0.5% | ent 0.716
  upd 1901 | return    1.300 | deliv   1.30 | blocked  7.0% | idle  0.6% | ent 0.714
  upd 1902 | return    2.900 | deliv   2.90 | blocked  6.9% | idle  0.5% | ent 0.714
  upd 1903 | return    1.900 | deliv   1.90 | blocked  8.4% | idle  0.5% | ent 0.708
  upd 1904 | return    3.200 | deliv   3.20 | blocked  8.9% | idle  0.6% | ent 0.711
  upd 1905 | return    1.400 | deliv   1.40 | blocked  8.7% | idle  0.6% | ent 0.716
  upd 1906 | return    1.000 | deliv   1.00 | blocked  8.6% | idle  0.6% | ent 0.712
  upd 1907 | return    3.000 | deliv   3.00 | blocked  9.9% | idle  0.6% | ent 0.707
  upd 1908 | return    1.600 | deliv   1.60 | blocked  9.6% | idle  0.5% | ent 0.708
  upd 1909 | return    2.300 | deliv   2.30 | blocked 11.2% | idle  0.6% | ent 0.704
  upd 1910 | return    1.800 | deliv   1.80 | blocked 11.2% | idle  0.5% | ent 0.661
  upd 1911 | return    3.000 | deliv   3.00 | blocked 13.8% | idle  0.5% | ent 0.689
  upd 1912 | return    3.300 | deliv   3.30 | blocked 11.0% | idle  0.6% | ent 0.641
  upd 1913 | return    2.500 | deliv   2.50 | blocked 12.7% | idle  0.5% | ent 0.643
  upd 1914 | return    2.100 | deliv   2.10 | blocked 10.5% | idle  0.5% | ent 0.631
  upd 1915 | return    2.300 | deliv   2.30 | blocked 12.3% | idle  0.5% | ent 0.664
  upd 1916 | return    1.300 | deliv   1.30 | blocked 11.3% | idle  0.6% | ent 0.663
  upd 1917 | return    2.000 | deliv   2.00 | blocked 13.5% | idle  0.7% | ent 0.704
  upd 1918 | return    2.300 | deliv   2.30 | blocked 11.2% | idle  0.7% | ent 0.681
  upd 1919 | return    2.900 | deliv   2.90 | blocked 11.3% | idle  0.7% | ent 0.697
  upd 1920 | return    2.200 | deliv   2.20 | blocked  9.6% | idle  0.7% | ent 0.678
  upd 1921 | return    2.100 | deliv   2.10 | blocked 11.0% | idle  0.7% | ent 0.720
  upd 1922 | return    2.900 | deliv   2.90 | blocked  9.0% | idle  0.6% | ent 0.676
  upd 1923 | return    2.100 | deliv   2.10 | blocked  8.9% | idle  0.8% | ent 0.711
  upd 1924 | return    2.500 | deliv   2.50 | blocked  9.5% | idle  0.8% | ent 0.706
  upd 1925 | return    2.400 | deliv   2.40 | blocked  8.9% | idle  0.8% | ent 0.702
  upd 1926 | return    1.900 | deliv   1.90 | blocked  9.5% | idle  0.8% | ent 0.732
  upd 1927 | return    1.300 | deliv   1.30 | blocked  9.6% | idle  0.8% | ent 0.704
  upd 1928 | return    1.700 | deliv   1.70 | blocked  9.1% | idle  0.8% | ent 0.694
  upd 1929 | return    2.800 | deliv   2.80 | blocked 10.3% | idle  0.8% | ent 0.721
  upd 1930 | return    2.000 | deliv   2.00 | blocked  9.0% | idle  0.6% | ent 0.700
  upd 1931 | return    2.300 | deliv   2.30 | blocked 11.2% | idle  0.6% | ent 0.733
  upd 1932 | return    2.400 | deliv   2.40 | blocked 11.9% | idle  0.7% | ent 0.716
  upd 1933 | return    2.800 | deliv   2.80 | blocked 11.5% | idle  0.6% | ent 0.705
  upd 1934 | return    3.400 | deliv   3.40 | blocked 12.7% | idle  0.7% | ent 0.713
  upd 1935 | return    2.600 | deliv   2.60 | blocked 12.2% | idle  0.6% | ent 0.669
  upd 1936 | return    2.700 | deliv   2.70 | blocked 11.4% | idle  0.8% | ent 0.697
  upd 1937 | return    1.900 | deliv   1.90 | blocked 14.3% | idle  0.7% | ent 0.754
  upd 1938 | return    2.000 | deliv   2.00 | blocked 10.3% | idle  0.6% | ent 0.688
  upd 1939 | return    2.800 | deliv   2.80 | blocked 12.2% | idle  0.7% | ent 0.740
  upd 1940 | return    2.100 | deliv   2.10 | blocked 11.5% | idle  0.7% | ent 0.721
  upd 1941 | return    1.500 | deliv   1.50 | blocked 11.2% | idle  0.7% | ent 0.730
  upd 1942 | return    1.200 | deliv   1.20 | blocked 11.7% | idle  0.8% | ent 0.729
  upd 1943 | return    1.600 | deliv   1.60 | blocked 10.0% | idle  0.5% | ent 0.699
  upd 1944 | return    2.200 | deliv   2.20 | blocked 10.7% | idle  0.6% | ent 0.730
  upd 1945 | return    2.100 | deliv   2.10 | blocked 12.7% | idle  0.7% | ent 0.767
  upd 1946 | return    1.500 | deliv   1.50 | blocked 11.1% | idle  0.6% | ent 0.726
  upd 1947 | return    3.300 | deliv   3.30 | blocked 12.0% | idle  0.7% | ent 0.733
  upd 1948 | return    1.600 | deliv   1.60 | blocked  9.8% | idle  0.5% | ent 0.707
  upd 1949 | return    2.400 | deliv   2.40 | blocked 11.5% | idle  0.7% | ent 0.764
  upd 1950 | return    1.700 | deliv   1.70 | blocked 10.3% | idle  0.8% | ent 0.718
  upd 1951 | return    2.500 | deliv   2.50 | blocked 11.2% | idle  0.7% | ent 0.716
  upd 1952 | return    3.500 | deliv   3.50 | blocked 11.2% | idle  0.8% | ent 0.747
  upd 1953 | return    2.000 | deliv   2.00 | blocked  9.7% | idle  0.7% | ent 0.749
  upd 1954 | return    1.800 | deliv   1.80 | blocked  8.8% | idle  0.6% | ent 0.728
  upd 1955 | return    1.700 | deliv   1.70 | blocked 10.0% | idle  0.7% | ent 0.747
  upd 1956 | return    3.400 | deliv   3.40 | blocked  8.6% | idle  0.6% | ent 0.725
  upd 1957 | return    3.800 | deliv   3.80 | blocked  9.5% | idle  0.7% | ent 0.754
  upd 1958 | return    2.900 | deliv   2.90 | blocked  9.3% | idle  0.6% | ent 0.745
  upd 1959 | return    2.500 | deliv   2.50 | blocked  8.6% | idle  0.6% | ent 0.737
  upd 1960 | return    2.700 | deliv   2.70 | blocked  8.8% | idle  0.5% | ent 0.714
  upd 1961 | return    2.100 | deliv   2.10 | blocked  8.3% | idle  0.6% | ent 0.724
  upd 1962 | return    2.500 | deliv   2.50 | blocked  8.1% | idle  0.7% | ent 0.721
  upd 1963 | return    2.600 | deliv   2.60 | blocked  8.2% | idle  0.6% | ent 0.740
  upd 1964 | return    2.400 | deliv   2.40 | blocked  8.0% | idle  0.6% | ent 0.744
  upd 1965 | return    2.000 | deliv   2.00 | blocked  7.9% | idle  0.6% | ent 0.746
  upd 1966 | return    2.600 | deliv   2.60 | blocked  7.7% | idle  0.5% | ent 0.738
  upd 1967 | return    2.100 | deliv   2.10 | blocked  7.8% | idle  0.5% | ent 0.746
  upd 1968 | return    2.400 | deliv   2.40 | blocked  8.8% | idle  0.6% | ent 0.730
  upd 1969 | return    1.600 | deliv   1.60 | blocked  7.9% | idle  0.5% | ent 0.715
  upd 1970 | return    2.800 | deliv   2.80 | blocked  7.6% | idle  0.4% | ent 0.690
  upd 1971 | return    2.900 | deliv   2.90 | blocked  8.3% | idle  0.5% | ent 0.725
  upd 1972 | return    2.000 | deliv   2.00 | blocked  7.6% | idle  0.5% | ent 0.723
  upd 1973 | return    2.800 | deliv   2.80 | blocked  7.6% | idle  0.5% | ent 0.715
  upd 1974 | return    2.800 | deliv   2.80 | blocked  7.5% | idle  0.5% | ent 0.698
  upd 1975 | return    2.500 | deliv   2.50 | blocked  7.1% | idle  0.4% | ent 0.696
  upd 1976 | return    2.400 | deliv   2.40 | blocked  5.7% | idle  0.4% | ent 0.679
  upd 1977 | return    3.400 | deliv   3.40 | blocked  6.0% | idle  0.4% | ent 0.665
  upd 1978 | return    2.300 | deliv   2.30 | blocked  5.7% | idle  0.5% | ent 0.685
  upd 1979 | return    3.300 | deliv   3.30 | blocked  4.9% | idle  0.3% | ent 0.647
  upd 1980 | return    2.800 | deliv   2.80 | blocked  6.7% | idle  0.4% | ent 0.639
  upd 1981 | return    3.600 | deliv   3.60 | blocked  7.2% | idle  0.4% | ent 0.633
  upd 1982 | return    2.800 | deliv   2.80 | blocked  6.5% | idle  0.3% | ent 0.645
  upd 1983 | return    3.200 | deliv   3.20 | blocked  8.0% | idle  0.4% | ent 0.680
  upd 1984 | return    2.600 | deliv   2.60 | blocked  8.7% | idle  0.4% | ent 0.673
  upd 1985 | return    3.300 | deliv   3.30 | blocked 10.7% | idle  0.3% | ent 0.653
  upd 1986 | return    2.400 | deliv   2.40 | blocked 10.3% | idle  0.3% | ent 0.626
  upd 1987 | return    1.500 | deliv   1.50 | blocked 10.1% | idle  0.4% | ent 0.624
  upd 1988 | return    3.700 | deliv   3.70 | blocked 11.6% | idle  0.4% | ent 0.616
  upd 1989 | return    3.200 | deliv   3.20 | blocked 11.1% | idle  0.4% | ent 0.587
  upd 1990 | return    3.400 | deliv   3.40 | blocked 11.6% | idle  0.4% | ent 0.592
  upd 1991 | return    2.800 | deliv   2.80 | blocked 10.8% | idle  0.3% | ent 0.591
  upd 1992 | return    1.800 | deliv   1.80 | blocked  9.1% | idle  0.3% | ent 0.599
  upd 1993 | return    2.700 | deliv   2.70 | blocked 11.9% | idle  0.4% | ent 0.609
  upd 1994 | return    2.500 | deliv   2.50 | blocked 11.1% | idle  0.4% | ent 0.633
  upd 1995 | return    3.000 | deliv   3.00 | blocked  9.2% | idle  0.3% | ent 0.634
  upd 1996 | return    2.800 | deliv   2.80 | blocked  8.7% | idle  0.3% | ent 0.668
  upd 1997 | return    2.400 | deliv   2.40 | blocked  8.6% | idle  0.4% | ent 0.685
  upd 1998 | return    2.700 | deliv   2.70 | blocked  7.9% | idle  0.4% | ent 0.669
  upd 1999 | return    2.800 | deliv   2.80 | blocked  9.5% | idle  0.3% | ent 0.693
[commentary @ update 2000]
  deliveries/episode ~2.4 ▲   team return ~2.43 ▲
  contention (forward-blocked) 9.6% ▼   idle 0.6%
  throughput is weighted toward the early of the episode (early 1.6 / mid 0.5 / late 0.3)
  upd 2000 | return    1.800 | deliv   1.80 | blocked 10.4% | idle  0.4% | ent 0.736
  upd 2001 | return    1.900 | deliv   1.90 | blocked  8.7% | idle  0.4% | ent 0.688
  upd 2002 | return    3.300 | deliv   3.30 | blocked  9.3% | idle  0.3% | ent 0.696
  upd 2003 | return    3.100 | deliv   3.10 | blocked 11.2% | idle  0.4% | ent 0.703
  upd 2004 | return    3.600 | deliv   3.60 | blocked  9.1% | idle  0.4% | ent 0.693
  upd 2005 | return    2.900 | deliv   2.90 | blocked  8.9% | idle  0.5% | ent 0.723
  upd 2006 | return    2.200 | deliv   2.20 | blocked  8.7% | idle  0.2% | ent 0.689
  upd 2007 | return    3.400 | deliv   3.40 | blocked  7.2% | idle  0.3% | ent 0.631
  upd 2008 | return    2.400 | deliv   2.40 | blocked  8.8% | idle  0.3% | ent 0.685
  upd 2009 | return    2.900 | deliv   2.90 | blocked  6.3% | idle  0.3% | ent 0.632
  upd 2010 | return    3.100 | deliv   3.10 | blocked  6.7% | idle  0.3% | ent 0.630
  upd 2011 | return    2.300 | deliv   2.30 | blocked  6.9% | idle  0.4% | ent 0.615
  upd 2012 | return    4.200 | deliv   4.20 | blocked  5.8% | idle  0.3% | ent 0.535
  upd 2013 | return    3.000 | deliv   3.00 | blocked  7.2% | idle  0.3% | ent 0.574
  upd 2014 | return    3.000 | deliv   3.00 | blocked  5.0% | idle  0.4% | ent 0.594
  upd 2015 | return    1.600 | deliv   1.60 | blocked  6.4% | idle  0.4% | ent 0.617
  upd 2016 | return    2.300 | deliv   2.30 | blocked  9.0% | idle  0.3% | ent 0.580
  upd 2017 | return    2.500 | deliv   2.50 | blocked  7.4% | idle  0.4% | ent 0.604
  upd 2018 | return    2.500 | deliv   2.50 | blocked  9.5% | idle  0.3% | ent 0.598
  upd 2019 | return    2.300 | deliv   2.30 | blocked  6.9% | idle  0.4% | ent 0.588
  upd 2020 | return    2.100 | deliv   2.10 | blocked  6.8% | idle  0.3% | ent 0.552
  upd 2021 | return    1.900 | deliv   1.90 | blocked 10.4% | idle  0.4% | ent 0.555
  upd 2022 | return    2.200 | deliv   2.20 | blocked  8.1% | idle  0.3% | ent 0.533
  upd 2023 | return    2.400 | deliv   2.40 | blocked  8.0% | idle  0.3% | ent 0.579
  upd 2024 | return    1.500 | deliv   1.50 | blocked  7.9% | idle  0.4% | ent 0.607
  upd 2025 | return    2.400 | deliv   2.40 | blocked  6.6% | idle  0.5% | ent 0.588
  upd 2026 | return    2.400 | deliv   2.40 | blocked  8.7% | idle  0.4% | ent 0.508
  upd 2027 | return    2.500 | deliv   2.50 | blocked  8.4% | idle  0.4% | ent 0.563
  upd 2028 | return    2.600 | deliv   2.60 | blocked  9.0% | idle  0.3% | ent 0.533
  upd 2029 | return    2.600 | deliv   2.60 | blocked  9.2% | idle  0.4% | ent 0.504
  upd 2030 | return    1.200 | deliv   1.20 | blocked  9.9% | idle  0.3% | ent 0.498
  upd 2031 | return    2.700 | deliv   2.70 | blocked  9.8% | idle  0.4% | ent 0.550
  upd 2032 | return    2.600 | deliv   2.60 | blocked  8.9% | idle  0.3% | ent 0.528
  upd 2033 | return    2.400 | deliv   2.40 | blocked  9.8% | idle  0.4% | ent 0.527
  upd 2034 | return    1.800 | deliv   1.80 | blocked  7.8% | idle  0.4% | ent 0.564
  upd 2035 | return    2.400 | deliv   2.40 | blocked 12.6% | idle  0.3% | ent 0.485
  upd 2036 | return    2.500 | deliv   2.50 | blocked  9.0% | idle  0.3% | ent 0.534
  upd 2037 | return    2.600 | deliv   2.60 | blocked  7.4% | idle  0.4% | ent 0.549
  upd 2038 | return    2.700 | deliv   2.70 | blocked  8.5% | idle  0.3% | ent 0.502
  upd 2039 | return    1.700 | deliv   1.70 | blocked  7.5% | idle  0.3% | ent 0.550
  upd 2040 | return    2.100 | deliv   2.10 | blocked  7.7% | idle  0.3% | ent 0.532
  upd 2041 | return    2.400 | deliv   2.40 | blocked  7.7% | idle  0.3% | ent 0.484
  upd 2042 | return    2.400 | deliv   2.40 | blocked 11.2% | idle  0.3% | ent 0.509
  upd 2043 | return    1.800 | deliv   1.80 | blocked  7.3% | idle  0.4% | ent 0.567
  upd 2044 | return    2.200 | deliv   2.20 | blocked  7.0% | idle  0.3% | ent 0.558
  upd 2045 | return    2.300 | deliv   2.30 | blocked  6.0% | idle  0.2% | ent 0.408
  upd 2046 | return    2.500 | deliv   2.50 | blocked  7.7% | idle  0.4% | ent 0.458
  upd 2047 | return    1.600 | deliv   1.60 | blocked  6.1% | idle  0.4% | ent 0.525
  upd 2048 | return    2.300 | deliv   2.30 | blocked  5.2% | idle  0.3% | ent 0.506
  upd 2049 | return    2.500 | deliv   2.50 | blocked  6.3% | idle  0.2% | ent 0.425
  upd 2050 | return    1.400 | deliv   1.40 | blocked  7.0% | idle  0.4% | ent 0.545
  upd 2051 | return    2.500 | deliv   2.50 | blocked  5.3% | idle  0.4% | ent 0.490
  upd 2052 | return    2.000 | deliv   2.00 | blocked  5.1% | idle  0.3% | ent 0.446
  upd 2053 | return    2.200 | deliv   2.20 | blocked  7.1% | idle  0.4% | ent 0.505
  upd 2054 | return    2.000 | deliv   2.00 | blocked  7.0% | idle  0.4% | ent 0.579
  upd 2055 | return    2.200 | deliv   2.20 | blocked  7.0% | idle  0.3% | ent 0.481
  upd 2056 | return    2.200 | deliv   2.20 | blocked  7.1% | idle  0.4% | ent 0.539
  upd 2057 | return    3.200 | deliv   3.20 | blocked  7.6% | idle  0.5% | ent 0.563
  upd 2058 | return    2.900 | deliv   2.90 | blocked 11.6% | idle  0.4% | ent 0.514
  upd 2059 | return    2.800 | deliv   2.80 | blocked 12.7% | idle  0.4% | ent 0.559
  upd 2060 | return    1.700 | deliv   1.70 | blocked  8.5% | idle  0.4% | ent 0.574
  upd 2061 | return    1.900 | deliv   1.90 | blocked  9.3% | idle  0.4% | ent 0.581
  upd 2062 | return    2.800 | deliv   2.80 | blocked 11.8% | idle  0.3% | ent 0.533
  upd 2063 | return    3.300 | deliv   3.30 | blocked  9.8% | idle  0.5% | ent 0.579
  upd 2064 | return    2.700 | deliv   2.70 | blocked 10.6% | idle  0.4% | ent 0.552
  upd 2065 | return    1.900 | deliv   1.90 | blocked  7.2% | idle  0.4% | ent 0.517
  upd 2066 | return    1.900 | deliv   1.90 | blocked  8.0% | idle  0.3% | ent 0.527
  upd 2067 | return    2.200 | deliv   2.20 | blocked  9.1% | idle  0.3% | ent 0.508
  upd 2068 | return    2.700 | deliv   2.70 | blocked  9.5% | idle  0.3% | ent 0.535
  upd 2069 | return    2.200 | deliv   2.20 | blocked  8.4% | idle  0.3% | ent 0.525
  upd 2070 | return    2.300 | deliv   2.30 | blocked  5.0% | idle  0.2% | ent 0.471
  upd 2071 | return    2.400 | deliv   2.40 | blocked  6.5% | idle  0.2% | ent 0.435
  upd 2072 | return    2.000 | deliv   2.00 | blocked  4.9% | idle  0.3% | ent 0.417
  upd 2073 | return    2.200 | deliv   2.20 | blocked  4.6% | idle  0.3% | ent 0.397
  upd 2074 | return    1.800 | deliv   1.80 | blocked  4.9% | idle  0.3% | ent 0.479
  upd 2075 | return    2.300 | deliv   2.30 | blocked  3.9% | idle  0.3% | ent 0.433
  upd 2076 | return    1.500 | deliv   1.50 | blocked  4.6% | idle  0.2% | ent 0.428
  upd 2077 | return    1.900 | deliv   1.90 | blocked  4.2% | idle  0.3% | ent 0.374
  upd 2078 | return    1.600 | deliv   1.60 | blocked  3.5% | idle  0.3% | ent 0.534
  upd 2079 | return    1.700 | deliv   1.70 | blocked  5.5% | idle  0.3% | ent 0.517
  upd 2080 | return    2.600 | deliv   2.60 | blocked  5.5% | idle  0.3% | ent 0.432
  upd 2081 | return    1.500 | deliv   1.50 | blocked  6.4% | idle  0.4% | ent 0.556
  upd 2082 | return    1.900 | deliv   1.90 | blocked  5.2% | idle  0.4% | ent 0.544
  upd 2083 | return    2.200 | deliv   2.20 | blocked  7.3% | idle  0.5% | ent 0.534
  upd 2084 | return    1.700 | deliv   1.70 | blocked  8.1% | idle  0.3% | ent 0.476
  upd 2085 | return    2.900 | deliv   2.90 | blocked  5.6% | idle  0.4% | ent 0.553
  upd 2086 | return    2.700 | deliv   2.70 | blocked  9.0% | idle  0.3% | ent 0.529
  upd 2087 | return    2.800 | deliv   2.80 | blocked  5.2% | idle  0.4% | ent 0.521
  upd 2088 | return    2.300 | deliv   2.30 | blocked  8.2% | idle  0.4% | ent 0.507
  upd 2089 | return    2.400 | deliv   2.40 | blocked  6.8% | idle  0.3% | ent 0.463
  upd 2090 | return    2.100 | deliv   2.10 | blocked  7.3% | idle  0.3% | ent 0.463
  upd 2091 | return    2.200 | deliv   2.20 | blocked  5.1% | idle  0.4% | ent 0.517
  upd 2092 | return    2.100 | deliv   2.10 | blocked  6.1% | idle  0.4% | ent 0.500
  upd 2093 | return    2.100 | deliv   2.10 | blocked  5.6% | idle  0.4% | ent 0.498
  upd 2094 | return    2.500 | deliv   2.50 | blocked  3.8% | idle  0.3% | ent 0.498
  upd 2095 | return    1.800 | deliv   1.80 | blocked  5.5% | idle  0.4% | ent 0.541
  upd 2096 | return    2.500 | deliv   2.50 | blocked  5.7% | idle  0.3% | ent 0.475
  upd 2097 | return    1.800 | deliv   1.80 | blocked  6.9% | idle  0.4% | ent 0.527
  upd 2098 | return    1.900 | deliv   1.90 | blocked  5.1% | idle  0.3% | ent 0.546
  upd 2099 | return    1.500 | deliv   1.50 | blocked  6.6% | idle  0.6% | ent 0.665
[commentary @ update 2100]
  deliveries/episode ~2.3 ▲   team return ~2.31 ▲
  contention (forward-blocked) 7.5% ▼   idle 0.4%
  throughput is weighted toward the early of the episode (early 1.5 / mid 0.5 / late 0.4)
  upd 2100 | return    3.000 | deliv   3.00 | blocked  5.3% | idle  0.3% | ent 0.537
  upd 2101 | return    2.200 | deliv   2.20 | blocked  4.4% | idle  0.2% | ent 0.539
  upd 2102 | return    4.000 | deliv   4.00 | blocked  5.2% | idle  0.4% | ent 0.536
  upd 2103 | return    2.800 | deliv   2.80 | blocked  6.0% | idle  0.3% | ent 0.575
  upd 2104 | return    2.200 | deliv   2.20 | blocked  6.1% | idle  0.3% | ent 0.575
  upd 2105 | return    3.600 | deliv   3.60 | blocked  6.9% | idle  0.3% | ent 0.566
  upd 2106 | return    3.000 | deliv   3.00 | blocked  5.8% | idle  0.3% | ent 0.589
  upd 2107 | return    2.700 | deliv   2.70 | blocked  6.4% | idle  0.4% | ent 0.603
  upd 2108 | return    3.200 | deliv   3.20 | blocked  5.4% | idle  0.4% | ent 0.620
  upd 2109 | return    3.300 | deliv   3.30 | blocked  8.9% | idle  0.4% | ent 0.659
  upd 2110 | return    1.800 | deliv   1.80 | blocked  8.3% | idle  0.4% | ent 0.690
  upd 2111 | return    3.700 | deliv   3.70 | blocked  5.8% | idle  0.3% | ent 0.623
  upd 2112 | return    2.400 | deliv   2.40 | blocked  7.3% | idle  0.5% | ent 0.642
  upd 2113 | return    2.800 | deliv   2.80 | blocked  6.1% | idle  0.3% | ent 0.536
  upd 2114 | return    1.800 | deliv   1.80 | blocked  5.4% | idle  0.3% | ent 0.573
  upd 2115 | return    2.100 | deliv   2.10 | blocked  5.7% | idle  0.5% | ent 0.624
  upd 2116 | return    2.400 | deliv   2.40 | blocked  5.9% | idle  0.3% | ent 0.588
  upd 2117 | return    3.400 | deliv   3.40 | blocked  5.6% | idle  0.3% | ent 0.544
  upd 2118 | return    2.100 | deliv   2.10 | blocked  6.3% | idle  0.3% | ent 0.573
  upd 2119 | return    2.100 | deliv   2.10 | blocked  5.9% | idle  0.3% | ent 0.607
  upd 2120 | return    2.700 | deliv   2.70 | blocked  7.5% | idle  0.3% | ent 0.634
  upd 2121 | return    2.700 | deliv   2.70 | blocked  6.5% | idle  0.3% | ent 0.572
  upd 2122 | return    3.300 | deliv   3.30 | blocked  8.8% | idle  0.3% | ent 0.527
  upd 2123 | return    2.600 | deliv   2.60 | blocked  4.8% | idle  0.4% | ent 0.621
  upd 2124 | return    3.000 | deliv   3.00 | blocked  7.4% | idle  0.4% | ent 0.590
  upd 2125 | return    2.500 | deliv   2.50 | blocked  5.7% | idle  0.3% | ent 0.536
  upd 2126 | return    3.000 | deliv   3.00 | blocked  6.4% | idle  0.3% | ent 0.495
  upd 2127 | return    1.600 | deliv   1.60 | blocked  5.9% | idle  0.4% | ent 0.587
  upd 2128 | return    1.600 | deliv   1.60 | blocked  5.2% | idle  0.4% | ent 0.650
  upd 2129 | return    2.500 | deliv   2.50 | blocked  6.8% | idle  0.3% | ent 0.494
  upd 2130 | return    2.300 | deliv   2.30 | blocked  5.5% | idle  0.5% | ent 0.550
  upd 2131 | return    3.000 | deliv   3.00 | blocked  5.6% | idle  0.4% | ent 0.443
  upd 2132 | return    2.400 | deliv   2.40 | blocked  6.2% | idle  0.3% | ent 0.566
  upd 2133 | return    2.600 | deliv   2.60 | blocked  3.9% | idle  0.4% | ent 0.581
  upd 2134 | return    2.800 | deliv   2.80 | blocked  3.0% | idle  0.3% | ent 0.501
  upd 2135 | return    2.200 | deliv   2.20 | blocked  4.7% | idle  0.3% | ent 0.480
  upd 2136 | return    2.600 | deliv   2.60 | blocked  3.5% | idle  0.3% | ent 0.495
  upd 2137 | return    2.700 | deliv   2.70 | blocked  4.7% | idle  0.3% | ent 0.442
  upd 2138 | return    2.600 | deliv   2.60 | blocked  5.2% | idle  0.3% | ent 0.447
  upd 2139 | return    1.600 | deliv   1.60 | blocked  4.9% | idle  0.4% | ent 0.527
  upd 2140 | return    2.400 | deliv   2.40 | blocked  6.5% | idle  0.3% | ent 0.532
  upd 2141 | return    2.000 | deliv   2.00 | blocked  8.7% | idle  0.3% | ent 0.365
  upd 2142 | return    2.000 | deliv   2.00 | blocked  5.5% | idle  0.4% | ent 0.565
  upd 2143 | return    3.200 | deliv   3.20 | blocked  5.5% | idle  0.4% | ent 0.415
  upd 2144 | return    2.200 | deliv   2.20 | blocked  5.8% | idle  0.4% | ent 0.510
  upd 2145 | return    2.000 | deliv   2.00 | blocked  7.3% | idle  0.3% | ent 0.482
  upd 2146 | return    2.200 | deliv   2.20 | blocked  5.4% | idle  0.3% | ent 0.405
  upd 2147 | return    2.900 | deliv   2.90 | blocked  7.9% | idle  0.3% | ent 0.413
  upd 2148 | return    1.900 | deliv   1.90 | blocked  6.3% | idle  0.3% | ent 0.471
  upd 2149 | return    1.800 | deliv   1.80 | blocked  5.2% | idle  0.3% | ent 0.469
  upd 2150 | return    1.700 | deliv   1.70 | blocked  7.0% | idle  0.3% | ent 0.471
  upd 2151 | return    2.100 | deliv   2.10 | blocked 12.1% | idle  0.3% | ent 0.382
  upd 2152 | return    1.900 | deliv   1.90 | blocked  4.9% | idle  0.3% | ent 0.490
  upd 2153 | return    1.900 | deliv   1.90 | blocked  8.0% | idle  0.3% | ent 0.450
  upd 2154 | return    2.600 | deliv   2.60 | blocked  6.6% | idle  0.3% | ent 0.409
  upd 2155 | return    1.700 | deliv   1.70 | blocked  7.5% | idle  0.4% | ent 0.489
  upd 2156 | return    2.300 | deliv   2.30 | blocked  7.8% | idle  0.3% | ent 0.454
  upd 2157 | return    2.000 | deliv   2.00 | blocked  7.7% | idle  0.3% | ent 0.442
  upd 2158 | return    2.200 | deliv   2.20 | blocked  5.8% | idle  0.3% | ent 0.415
  upd 2159 | return    2.200 | deliv   2.20 | blocked  6.2% | idle  0.3% | ent 0.411
  upd 2160 | return    1.400 | deliv   1.40 | blocked  4.5% | idle  0.4% | ent 0.458
  upd 2161 | return    1.800 | deliv   1.80 | blocked  3.6% | idle  0.3% | ent 0.365
  upd 2162 | return    2.000 | deliv   2.00 | blocked  4.5% | idle  0.3% | ent 0.352
  upd 2163 | return    1.800 | deliv   1.80 | blocked  2.7% | idle  0.3% | ent 0.332
  upd 2164 | return    1.800 | deliv   1.80 | blocked  3.0% | idle  0.3% | ent 0.374
  upd 2165 | return    2.200 | deliv   2.20 | blocked  3.1% | idle  0.2% | ent 0.315
  upd 2166 | return    1.700 | deliv   1.70 | blocked  3.4% | idle  0.2% | ent 0.338
  upd 2167 | return    1.900 | deliv   1.90 | blocked  3.2% | idle  0.2% | ent 0.358
  upd 2168 | return    1.800 | deliv   1.80 | blocked  3.8% | idle  0.2% | ent 0.393
  upd 2169 | return    1.800 | deliv   1.80 | blocked  2.8% | idle  0.2% | ent 0.328
  upd 2170 | return    1.300 | deliv   1.30 | blocked  3.5% | idle  0.3% | ent 0.448
  upd 2171 | return    2.200 | deliv   2.20 | blocked  5.0% | idle  0.3% | ent 0.388
  upd 2172 | return    1.700 | deliv   1.70 | blocked  4.5% | idle  0.3% | ent 0.448
  upd 2173 | return    2.200 | deliv   2.20 | blocked  3.7% | idle  0.2% | ent 0.429
  upd 2174 | return    1.700 | deliv   1.70 | blocked  8.3% | idle  0.3% | ent 0.490
  upd 2175 | return    2.600 | deliv   2.60 | blocked  7.4% | idle  0.3% | ent 0.518
  upd 2176 | return    2.500 | deliv   2.50 | blocked  7.7% | idle  0.3% | ent 0.519
  upd 2177 | return    2.100 | deliv   2.10 | blocked  7.5% | idle  0.3% | ent 0.513
  upd 2178 | return    2.800 | deliv   2.80 | blocked  6.9% | idle  0.3% | ent 0.478
  upd 2179 | return    1.700 | deliv   1.70 | blocked  9.3% | idle  0.3% | ent 0.517
  upd 2180 | return    2.800 | deliv   2.80 | blocked  6.3% | idle  0.3% | ent 0.503
  upd 2181 | return    1.900 | deliv   1.90 | blocked  8.9% | idle  0.3% | ent 0.565
  upd 2182 | return    1.500 | deliv   1.50 | blocked  8.1% | idle  0.3% | ent 0.575
  upd 2183 | return    1.800 | deliv   1.80 | blocked 10.6% | idle  0.3% | ent 0.520
  upd 2184 | return    1.900 | deliv   1.90 | blocked 10.1% | idle  0.3% | ent 0.521
  upd 2185 | return    2.000 | deliv   2.00 | blocked 10.1% | idle  0.4% | ent 0.511
  upd 2186 | return    2.100 | deliv   2.10 | blocked 10.6% | idle  0.3% | ent 0.515
  upd 2187 | return    3.500 | deliv   3.50 | blocked 13.3% | idle  0.3% | ent 0.528
  upd 2188 | return    2.500 | deliv   2.50 | blocked  9.5% | idle  0.3% | ent 0.538
  upd 2189 | return    2.600 | deliv   2.60 | blocked 15.0% | idle  0.3% | ent 0.509
  upd 2190 | return    2.300 | deliv   2.30 | blocked 14.5% | idle  0.4% | ent 0.498
  upd 2191 | return    3.100 | deliv   3.10 | blocked 13.1% | idle  0.3% | ent 0.482
  upd 2192 | return    2.400 | deliv   2.40 | blocked 15.3% | idle  0.4% | ent 0.576
  upd 2193 | return    2.100 | deliv   2.10 | blocked 13.3% | idle  0.4% | ent 0.548
  upd 2194 | return    3.800 | deliv   3.80 | blocked 10.5% | idle  0.2% | ent 0.509
  upd 2195 | return    2.800 | deliv   2.80 | blocked 14.2% | idle  0.3% | ent 0.501
  upd 2196 | return    3.000 | deliv   3.00 | blocked 16.0% | idle  0.3% | ent 0.506
  upd 2197 | return    3.300 | deliv   3.30 | blocked 10.5% | idle  0.3% | ent 0.521
  upd 2198 | return    2.900 | deliv   2.90 | blocked  9.4% | idle  0.2% | ent 0.549
  upd 2199 | return    3.300 | deliv   3.30 | blocked 10.0% | idle  0.3% | ent 0.596
[commentary @ update 2200]
  deliveries/episode ~2.4 ▲   team return ~2.39 ▲
  contention (forward-blocked) 7.0% ▼   idle 0.3%
  throughput is weighted toward the early of the episode (early 1.5 / mid 0.5 / late 0.3)
  upd 2200 | return    3.600 | deliv   3.60 | blocked  9.0% | idle  0.3% | ent 0.521
  upd 2201 | return    3.500 | deliv   3.50 | blocked  8.8% | idle  0.3% | ent 0.534
  upd 2202 | return    3.200 | deliv   3.20 | blocked  6.5% | idle  0.3% | ent 0.521
  upd 2203 | return    2.600 | deliv   2.60 | blocked  6.0% | idle  0.2% | ent 0.500
  upd 2204 | return    3.200 | deliv   3.20 | blocked  4.6% | idle  0.3% | ent 0.554
  upd 2205 | return    2.700 | deliv   2.70 | blocked  5.8% | idle  0.4% | ent 0.484
  upd 2206 | return    2.200 | deliv   2.20 | blocked  5.0% | idle  0.3% | ent 0.525
  upd 2207 | return    1.700 | deliv   1.70 | blocked  5.1% | idle  0.4% | ent 0.621
  upd 2208 | return    1.800 | deliv   1.80 | blocked  4.3% | idle  0.3% | ent 0.503
  upd 2209 | return    2.800 | deliv   2.80 | blocked  4.2% | idle  0.3% | ent 0.498
  upd 2210 | return    2.600 | deliv   2.60 | blocked  3.8% | idle  0.2% | ent 0.491
  upd 2211 | return    2.100 | deliv   2.10 | blocked  4.8% | idle  0.3% | ent 0.500
  upd 2212 | return    2.100 | deliv   2.10 | blocked  6.4% | idle  0.4% | ent 0.555
  upd 2213 | return    2.900 | deliv   2.90 | blocked  5.8% | idle  0.3% | ent 0.561
  upd 2214 | return    2.300 | deliv   2.30 | blocked  4.6% | idle  0.3% | ent 0.467
  upd 2215 | return    1.600 | deliv   1.60 | blocked  5.8% | idle  0.3% | ent 0.641
  upd 2216 | return    1.600 | deliv   1.60 | blocked  5.0% | idle  0.3% | ent 0.529
  upd 2217 | return    2.200 | deliv   2.20 | blocked  4.3% | idle  0.2% | ent 0.470
  upd 2218 | return    2.000 | deliv   2.00 | blocked  3.4% | idle  0.2% | ent 0.428
  upd 2219 | return    1.600 | deliv   1.60 | blocked  4.5% | idle  0.4% | ent 0.523
  upd 2220 | return    1.800 | deliv   1.80 | blocked  4.9% | idle  0.2% | ent 0.397
  upd 2221 | return    2.400 | deliv   2.40 | blocked  2.9% | idle  0.3% | ent 0.413
  upd 2222 | return    2.100 | deliv   2.10 | blocked  3.4% | idle  0.2% | ent 0.392
  upd 2223 | return    2.400 | deliv   2.40 | blocked  3.0% | idle  0.2% | ent 0.337
  upd 2224 | return    1.900 | deliv   1.90 | blocked  4.1% | idle  0.2% | ent 0.381
  upd 2225 | return    1.800 | deliv   1.80 | blocked  5.5% | idle  0.2% | ent 0.326
  upd 2226 | return    2.100 | deliv   2.10 | blocked  2.4% | idle  0.2% | ent 0.372
  upd 2227 | return    1.800 | deliv   1.80 | blocked  4.3% | idle  0.2% | ent 0.327
  upd 2228 | return    2.200 | deliv   2.20 | blocked  5.0% | idle  0.2% | ent 0.318
  upd 2229 | return    2.000 | deliv   2.00 | blocked  5.6% | idle  0.2% | ent 0.353
  upd 2230 | return    2.200 | deliv   2.20 | blocked  4.7% | idle  0.3% | ent 0.301
  upd 2231 | return    1.900 | deliv   1.90 | blocked  4.7% | idle  0.2% | ent 0.282
  upd 2232 | return    1.900 | deliv   1.90 | blocked  4.0% | idle  0.2% | ent 0.274
  upd 2233 | return    2.000 | deliv   2.00 | blocked  4.9% | idle  0.3% | ent 0.372
  upd 2234 | return    1.800 | deliv   1.80 | blocked  3.7% | idle  0.2% | ent 0.321
  upd 2235 | return    1.800 | deliv   1.80 | blocked  4.5% | idle  0.2% | ent 0.307
  upd 2236 | return    2.000 | deliv   2.00 | blocked  1.9% | idle  0.2% | ent 0.351
  upd 2237 | return    1.500 | deliv   1.50 | blocked  4.8% | idle  0.2% | ent 0.348
  upd 2238 | return    2.000 | deliv   2.00 | blocked  2.9% | idle  0.2% | ent 0.317
  upd 2239 | return    2.000 | deliv   2.00 | blocked  5.1% | idle  0.3% | ent 0.346
  upd 2240 | return    1.100 | deliv   1.10 | blocked  6.5% | idle  0.4% | ent 0.503
  upd 2241 | return    2.000 | deliv   2.00 | blocked  4.8% | idle  0.3% | ent 0.412
  upd 2242 | return    2.900 | deliv   2.90 | blocked  5.1% | idle  0.4% | ent 0.443
  upd 2243 | return    2.100 | deliv   2.10 | blocked  5.7% | idle  0.2% | ent 0.421
  upd 2244 | return    1.800 | deliv   1.80 | blocked  4.3% | idle  0.4% | ent 0.485
  upd 2245 | return    1.600 | deliv   1.60 | blocked  6.6% | idle  0.3% | ent 0.378
  upd 2246 | return    1.900 | deliv   1.90 | blocked  5.7% | idle  0.3% | ent 0.411
  upd 2247 | return    1.300 | deliv   1.30 | blocked  4.1% | idle  0.3% | ent 0.458
  upd 2248 | return    2.100 | deliv   2.10 | blocked  6.1% | idle  0.3% | ent 0.386
  upd 2249 | return    1.500 | deliv   1.50 | blocked  5.1% | idle  0.3% | ent 0.457
  upd 2250 | return    2.400 | deliv   2.40 | blocked  6.4% | idle  0.2% | ent 0.368
  upd 2251 | return    1.600 | deliv   1.60 | blocked  6.4% | idle  0.3% | ent 0.456
  upd 2252 | return    1.800 | deliv   1.80 | blocked  5.2% | idle  0.2% | ent 0.404
  upd 2253 | return    1.600 | deliv   1.60 | blocked  4.4% | idle  0.3% | ent 0.407
  upd 2254 | return    2.300 | deliv   2.30 | blocked  4.4% | idle  0.2% | ent 0.337
  upd 2255 | return    1.400 | deliv   1.40 | blocked  5.4% | idle  0.3% | ent 0.371
  upd 2256 | return    1.700 | deliv   1.70 | blocked  3.8% | idle  0.2% | ent 0.358
  upd 2257 | return    1.800 | deliv   1.80 | blocked  4.7% | idle  0.2% | ent 0.310
  upd 2258 | return    2.200 | deliv   2.20 | blocked  3.5% | idle  0.2% | ent 0.252
  upd 2259 | return    2.300 | deliv   2.30 | blocked  3.3% | idle  0.2% | ent 0.279
  upd 2260 | return    2.300 | deliv   2.30 | blocked  5.2% | idle  0.3% | ent 0.293
  upd 2261 | return    1.800 | deliv   1.80 | blocked  2.3% | idle  0.2% | ent 0.298
  upd 2262 | return    1.900 | deliv   1.90 | blocked  3.3% | idle  0.2% | ent 0.282
  upd 2263 | return    1.400 | deliv   1.40 | blocked  4.0% | idle  0.3% | ent 0.310
  upd 2264 | return    1.700 | deliv   1.70 | blocked  4.1% | idle  0.2% | ent 0.345
  upd 2265 | return    1.800 | deliv   1.80 | blocked  2.4% | idle  0.2% | ent 0.314
  upd 2266 | return    2.000 | deliv   2.00 | blocked  5.2% | idle  0.2% | ent 0.322
  upd 2267 | return    1.700 | deliv   1.70 | blocked  4.6% | idle  0.3% | ent 0.340
  upd 2268 | return    2.100 | deliv   2.10 | blocked  3.6% | idle  0.2% | ent 0.295
  upd 2269 | return    1.600 | deliv   1.60 | blocked  2.7% | idle  0.2% | ent 0.299
  upd 2270 | return    1.900 | deliv   1.90 | blocked  3.9% | idle  0.3% | ent 0.387
  upd 2271 | return    1.300 | deliv   1.30 | blocked  3.3% | idle  0.2% | ent 0.386
  upd 2272 | return    1.900 | deliv   1.90 | blocked  3.6% | idle  0.3% | ent 0.385
  upd 2273 | return    1.900 | deliv   1.90 | blocked  3.7% | idle  0.3% | ent 0.433
  upd 2274 | return    1.700 | deliv   1.70 | blocked  3.4% | idle  0.4% | ent 0.512
  upd 2275 | return    2.000 | deliv   2.00 | blocked  4.9% | idle  0.3% | ent 0.384
  upd 2276 | return    2.100 | deliv   2.10 | blocked  4.9% | idle  0.3% | ent 0.510
  upd 2277 | return    1.500 | deliv   1.50 | blocked  5.1% | idle  0.5% | ent 0.503
  upd 2278 | return    2.300 | deliv   2.30 | blocked  6.5% | idle  0.3% | ent 0.463
  upd 2279 | return    1.800 | deliv   1.80 | blocked  5.0% | idle  0.4% | ent 0.554
  upd 2280 | return    2.500 | deliv   2.50 | blocked  4.7% | idle  0.4% | ent 0.504
  upd 2281 | return    1.700 | deliv   1.70 | blocked  5.8% | idle  0.4% | ent 0.526
  upd 2282 | return    1.700 | deliv   1.70 | blocked  5.4% | idle  0.5% | ent 0.564
  upd 2283 | return    2.400 | deliv   2.40 | blocked  4.3% | idle  0.3% | ent 0.438
  upd 2284 | return    2.200 | deliv   2.20 | blocked  5.3% | idle  0.3% | ent 0.416
  upd 2285 | return    2.200 | deliv   2.20 | blocked  5.4% | idle  0.4% | ent 0.577
  upd 2286 | return    2.200 | deliv   2.20 | blocked  6.1% | idle  0.5% | ent 0.494
  upd 2287 | return    1.900 | deliv   1.90 | blocked  4.3% | idle  0.4% | ent 0.521
  upd 2288 | return    2.400 | deliv   2.40 | blocked  1.5% | idle  0.3% | ent 0.409
  upd 2289 | return    1.800 | deliv   1.80 | blocked  3.5% | idle  0.3% | ent 0.440
  upd 2290 | return    2.000 | deliv   2.00 | blocked  2.1% | idle  0.3% | ent 0.287
  upd 2291 | return    1.900 | deliv   1.90 | blocked  1.7% | idle  0.3% | ent 0.435
  upd 2292 | return    1.700 | deliv   1.70 | blocked  3.4% | idle  0.3% | ent 0.330
  upd 2293 | return    2.100 | deliv   2.10 | blocked  2.2% | idle  0.3% | ent 0.267
  upd 2294 | return    1.500 | deliv   1.50 | blocked  2.0% | idle  0.4% | ent 0.404
  upd 2295 | return    2.200 | deliv   2.20 | blocked  2.4% | idle  0.4% | ent 0.364
  upd 2296 | return    1.800 | deliv   1.80 | blocked  1.8% | idle  0.2% | ent 0.277
  upd 2297 | return    2.200 | deliv   2.20 | blocked  2.0% | idle  0.3% | ent 0.315
  upd 2298 | return    1.600 | deliv   1.60 | blocked  4.9% | idle  0.3% | ent 0.360
  upd 2299 | return    2.300 | deliv   2.30 | blocked  2.3% | idle  0.3% | ent 0.327
[commentary @ update 2300]
  deliveries/episode ~2.0 ▲   team return ~2.02 ▲
  contention (forward-blocked) 4.4% ▼   idle 0.3%
  throughput is weighted toward the early of the episode (early 1.5 / mid 0.3 / late 0.2)
  upd 2300 | return    1.500 | deliv   1.50 | blocked  2.0% | idle  0.5% | ent 0.421
  upd 2301 | return    1.500 | deliv   1.50 | blocked  3.1% | idle  0.5% | ent 0.466
  upd 2302 | return    1.700 | deliv   1.70 | blocked  2.0% | idle  0.3% | ent 0.339
  upd 2303 | return    2.300 | deliv   2.30 | blocked  2.8% | idle  0.3% | ent 0.416
  upd 2304 | return    1.800 | deliv   1.80 | blocked  2.9% | idle  0.3% | ent 0.342
  upd 2305 | return    1.800 | deliv   1.80 | blocked  3.6% | idle  0.3% | ent 0.423
  upd 2306 | return    1.700 | deliv   1.70 | blocked  2.1% | idle  0.4% | ent 0.462
  upd 2307 | return    2.100 | deliv   2.10 | blocked  2.4% | idle  0.3% | ent 0.380
  upd 2308 | return    2.100 | deliv   2.10 | blocked  4.8% | idle  0.4% | ent 0.417
  upd 2309 | return    2.500 | deliv   2.50 | blocked  4.7% | idle  0.3% | ent 0.351
  upd 2310 | return    2.300 | deliv   2.30 | blocked  3.6% | idle  0.3% | ent 0.366
  upd 2311 | return    1.900 | deliv   1.90 | blocked  3.8% | idle  0.3% | ent 0.362
  upd 2312 | return    2.100 | deliv   2.10 | blocked  3.1% | idle  0.3% | ent 0.339
  upd 2313 | return    1.400 | deliv   1.40 | blocked  4.4% | idle  0.4% | ent 0.439
  upd 2314 | return    1.500 | deliv   1.50 | blocked  4.6% | idle  0.4% | ent 0.481
  upd 2315 | return    1.600 | deliv   1.60 | blocked  4.9% | idle  0.4% | ent 0.473
  upd 2316 | return    2.200 | deliv   2.20 | blocked  7.1% | idle  0.4% | ent 0.445
  upd 2317 | return    2.200 | deliv   2.20 | blocked  3.9% | idle  0.3% | ent 0.359
  upd 2318 | return    2.300 | deliv   2.30 | blocked  6.3% | idle  0.4% | ent 0.446
  upd 2319 | return    2.300 | deliv   2.30 | blocked  5.5% | idle  0.3% | ent 0.390
  upd 2320 | return    1.400 | deliv   1.40 | blocked  3.7% | idle  0.4% | ent 0.428
  upd 2321 | return    2.000 | deliv   2.00 | blocked  3.5% | idle  0.4% | ent 0.417
  upd 2322 | return    1.900 | deliv   1.90 | blocked  4.0% | idle  0.3% | ent 0.378
  upd 2323 | return    1.400 | deliv   1.40 | blocked  4.3% | idle  0.5% | ent 0.429
  upd 2324 | return    1.700 | deliv   1.70 | blocked  4.1% | idle  0.4% | ent 0.370
  upd 2325 | return    2.100 | deliv   2.10 | blocked  2.8% | idle  0.3% | ent 0.315
  upd 2326 | return    1.500 | deliv   1.50 | blocked  2.6% | idle  0.4% | ent 0.414
  upd 2327 | return    2.400 | deliv   2.40 | blocked  1.7% | idle  0.2% | ent 0.275
  upd 2328 | return    1.400 | deliv   1.40 | blocked  2.0% | idle  0.3% | ent 0.384
  upd 2329 | return    1.700 | deliv   1.70 | blocked  2.5% | idle  0.2% | ent 0.334
  upd 2330 | return    1.500 | deliv   1.50 | blocked  2.7% | idle  0.5% | ent 0.359
  upd 2331 | return    2.100 | deliv   2.10 | blocked  2.6% | idle  0.2% | ent 0.325
  upd 2332 | return    2.000 | deliv   2.00 | blocked  4.1% | idle  0.4% | ent 0.371
  upd 2333 | return    1.700 | deliv   1.70 | blocked  3.9% | idle  0.3% | ent 0.302
  upd 2334 | return    1.600 | deliv   1.60 | blocked  3.9% | idle  0.3% | ent 0.360
  upd 2335 | return    2.100 | deliv   2.10 | blocked  4.7% | idle  0.4% | ent 0.393
  upd 2336 | return    1.900 | deliv   1.90 | blocked  6.8% | idle  0.5% | ent 0.446
  upd 2337 | return    2.300 | deliv   2.30 | blocked  4.5% | idle  0.3% | ent 0.341
  upd 2338 | return    1.700 | deliv   1.70 | blocked  8.0% | idle  0.5% | ent 0.489
  upd 2339 | return    2.800 | deliv   2.80 | blocked  8.2% | idle  0.5% | ent 0.492
  upd 2340 | return    2.100 | deliv   2.10 | blocked  9.8% | idle  0.5% | ent 0.470
  upd 2341 | return    2.500 | deliv   2.50 | blocked  7.8% | idle  0.4% | ent 0.425
  upd 2342 | return    2.500 | deliv   2.50 | blocked  7.5% | idle  0.4% | ent 0.420
  upd 2343 | return    2.500 | deliv   2.50 | blocked  6.0% | idle  0.4% | ent 0.410
  upd 2344 | return    1.900 | deliv   1.90 | blocked  7.1% | idle  0.4% | ent 0.498
  upd 2345 | return    2.700 | deliv   2.70 | blocked  5.5% | idle  0.3% | ent 0.393
  upd 2346 | return    2.800 | deliv   2.80 | blocked  4.0% | idle  0.3% | ent 0.296
  upd 2347 | return    1.600 | deliv   1.60 | blocked  7.2% | idle  0.5% | ent 0.458
  upd 2348 | return    2.600 | deliv   2.60 | blocked  7.4% | idle  0.3% | ent 0.369
  upd 2349 | return    2.400 | deliv   2.40 | blocked  7.4% | idle  0.3% | ent 0.441
  upd 2350 | return    2.600 | deliv   2.60 | blocked  9.5% | idle  0.4% | ent 0.446
  upd 2351 | return    2.700 | deliv   2.70 | blocked  5.5% | idle  0.3% | ent 0.346
  upd 2352 | return    2.000 | deliv   2.00 | blocked  7.4% | idle  0.4% | ent 0.393
  upd 2353 | return    2.500 | deliv   2.50 | blocked  6.1% | idle  0.3% | ent 0.431
  upd 2354 | return    2.500 | deliv   2.50 | blocked  9.4% | idle  0.3% | ent 0.414
  upd 2355 | return    2.500 | deliv   2.50 | blocked  8.7% | idle  0.4% | ent 0.501
  upd 2356 | return    2.500 | deliv   2.50 | blocked  5.9% | idle  0.3% | ent 0.401
  upd 2357 | return    1.900 | deliv   1.90 | blocked  6.9% | idle  0.4% | ent 0.397
  upd 2358 | return    2.500 | deliv   2.50 | blocked  4.8% | idle  0.3% | ent 0.333
  upd 2359 | return    2.700 | deliv   2.70 | blocked  6.4% | idle  0.4% | ent 0.393
  upd 2360 | return    2.700 | deliv   2.70 | blocked  6.3% | idle  0.4% | ent 0.371
  upd 2361 | return    1.600 | deliv   1.60 | blocked  8.3% | idle  0.4% | ent 0.416
  upd 2362 | return    2.400 | deliv   2.40 | blocked  5.9% | idle  0.3% | ent 0.370
  upd 2363 | return    1.800 | deliv   1.80 | blocked  8.0% | idle  0.4% | ent 0.347
  upd 2364 | return    2.100 | deliv   2.10 | blocked  7.7% | idle  0.4% | ent 0.381
  upd 2365 | return    2.400 | deliv   2.40 | blocked  6.0% | idle  0.4% | ent 0.373
  upd 2366 | return    2.000 | deliv   2.00 | blocked  8.0% | idle  0.5% | ent 0.408
  upd 2367 | return    2.000 | deliv   2.00 | blocked  7.2% | idle  0.5% | ent 0.415
  upd 2368 | return    2.100 | deliv   2.10 | blocked  4.6% | idle  0.3% | ent 0.318
  upd 2369 | return    1.700 | deliv   1.70 | blocked  5.9% | idle  0.5% | ent 0.419
  upd 2370 | return    1.900 | deliv   1.90 | blocked  4.8% | idle  0.4% | ent 0.346
  upd 2371 | return    1.700 | deliv   1.70 | blocked  6.5% | idle  0.3% | ent 0.371
  upd 2372 | return    1.800 | deliv   1.80 | blocked  6.6% | idle  0.3% | ent 0.367
  upd 2373 | return    1.800 | deliv   1.80 | blocked  6.8% | idle  0.4% | ent 0.412
  upd 2374 | return    2.000 | deliv   2.00 | blocked  6.2% | idle  0.5% | ent 0.429
  upd 2375 | return    2.400 | deliv   2.40 | blocked  5.2% | idle  0.3% | ent 0.356
  upd 2376 | return    1.800 | deliv   1.80 | blocked  5.8% | idle  0.4% | ent 0.383
  upd 2377 | return    1.700 | deliv   1.70 | blocked  6.6% | idle  0.4% | ent 0.408
  upd 2378 | return    1.700 | deliv   1.70 | blocked  6.0% | idle  0.3% | ent 0.383
  upd 2379 | return    1.700 | deliv   1.70 | blocked  7.0% | idle  0.4% | ent 0.403
  upd 2380 | return    2.400 | deliv   2.40 | blocked  8.7% | idle  0.4% | ent 0.402
  upd 2381 | return    2.400 | deliv   2.40 | blocked  8.9% | idle  0.3% | ent 0.417
  upd 2382 | return    1.900 | deliv   1.90 | blocked  8.2% | idle  0.5% | ent 0.455
  upd 2383 | return    2.100 | deliv   2.10 | blocked  7.7% | idle  0.4% | ent 0.407
  upd 2384 | return    2.600 | deliv   2.60 | blocked  8.1% | idle  0.5% | ent 0.447
  upd 2385 | return    2.300 | deliv   2.30 | blocked  7.4% | idle  0.4% | ent 0.413
  upd 2386 | return    2.000 | deliv   2.00 | blocked 10.7% | idle  0.5% | ent 0.419
  upd 2387 | return    2.300 | deliv   2.30 | blocked  7.7% | idle  0.6% | ent 0.486
  upd 2388 | return    1.800 | deliv   1.80 | blocked  9.8% | idle  0.4% | ent 0.473
  upd 2389 | return    2.200 | deliv   2.20 | blocked  9.4% | idle  0.5% | ent 0.434
  upd 2390 | return    2.400 | deliv   2.40 | blocked  9.1% | idle  0.4% | ent 0.384
  upd 2391 | return    1.700 | deliv   1.70 | blocked  9.0% | idle  0.3% | ent 0.367
  upd 2392 | return    2.300 | deliv   2.30 | blocked  5.6% | idle  0.3% | ent 0.342
  upd 2393 | return    2.300 | deliv   2.30 | blocked  8.1% | idle  0.5% | ent 0.384
  upd 2394 | return    1.900 | deliv   1.90 | blocked  8.3% | idle  0.4% | ent 0.447
  upd 2395 | return    2.400 | deliv   2.40 | blocked  6.6% | idle  0.5% | ent 0.451
  upd 2396 | return    2.400 | deliv   2.40 | blocked 10.2% | idle  0.4% | ent 0.376
  upd 2397 | return    2.800 | deliv   2.80 | blocked  9.9% | idle  0.3% | ent 0.388
  upd 2398 | return    2.500 | deliv   2.50 | blocked  9.1% | idle  0.4% | ent 0.387
  upd 2399 | return    3.400 | deliv   3.40 | blocked 11.8% | idle  0.4% | ent 0.416
[commentary @ update 2400]
  deliveries/episode ~2.1 ▲   team return ~2.09 ▲
  contention (forward-blocked) 6.0% ▼   idle 0.4%
  throughput is weighted toward the early of the episode (early 1.5 / mid 0.3 / late 0.2)
  upd 2400 | return    2.700 | deliv   2.70 | blocked  9.8% | idle  0.4% | ent 0.481
  upd 2401 | return    2.200 | deliv   2.20 | blocked 10.3% | idle  0.5% | ent 0.445
  upd 2402 | return    2.700 | deliv   2.70 | blocked  9.0% | idle  0.5% | ent 0.450
  upd 2403 | return    2.400 | deliv   2.40 | blocked  9.0% | idle  0.4% | ent 0.403
  upd 2404 | return    2.100 | deliv   2.10 | blocked 11.0% | idle  0.4% | ent 0.424
  upd 2405 | return    2.100 | deliv   2.10 | blocked  9.4% | idle  0.4% | ent 0.435
  upd 2406 | return    2.300 | deliv   2.30 | blocked  8.1% | idle  0.4% | ent 0.414
  upd 2407 | return    2.000 | deliv   2.00 | blocked  5.6% | idle  0.5% | ent 0.464
  upd 2408 | return    1.700 | deliv   1.70 | blocked  4.3% | idle  0.4% | ent 0.420
  upd 2409 | return    1.900 | deliv   1.90 | blocked  4.9% | idle  0.4% | ent 0.391
  upd 2410 | return    1.600 | deliv   1.60 | blocked  4.3% | idle  0.3% | ent 0.355
  upd 2411 | return    2.200 | deliv   2.20 | blocked  3.5% | idle  0.4% | ent 0.372
  upd 2412 | return    2.600 | deliv   2.60 | blocked  2.9% | idle  0.4% | ent 0.327
  upd 2413 | return    2.200 | deliv   2.20 | blocked  3.6% | idle  0.4% | ent 0.337
  upd 2414 | return    2.200 | deliv   2.20 | blocked  3.1% | idle  0.5% | ent 0.403
  upd 2415 | return    1.100 | deliv   1.10 | blocked  4.5% | idle  0.5% | ent 0.509
  upd 2416 | return    2.400 | deliv   2.40 | blocked  2.4% | idle  0.5% | ent 0.396
  upd 2417 | return    2.100 | deliv   2.10 | blocked  1.8% | idle  0.4% | ent 0.350
  upd 2418 | return    1.700 | deliv   1.70 | blocked  3.2% | idle  0.6% | ent 0.408
  upd 2419 | return    2.000 | deliv   2.00 | blocked  3.0% | idle  0.5% | ent 0.397
  upd 2420 | return    2.300 | deliv   2.30 | blocked  3.8% | idle  0.5% | ent 0.391
  upd 2421 | return    2.400 | deliv   2.40 | blocked  2.9% | idle  0.4% | ent 0.360
  upd 2422 | return    1.800 | deliv   1.80 | blocked  3.0% | idle  0.5% | ent 0.331
  upd 2423 | return    1.900 | deliv   1.90 | blocked  5.9% | idle  0.6% | ent 0.401
  upd 2424 | return    1.900 | deliv   1.90 | blocked  3.9% | idle  0.4% | ent 0.313
  upd 2425 | return    1.900 | deliv   1.90 | blocked  5.6% | idle  0.4% | ent 0.361
  upd 2426 | return    1.700 | deliv   1.70 | blocked  5.5% | idle  0.5% | ent 0.435
  upd 2427 | return    1.800 | deliv   1.80 | blocked  5.9% | idle  0.5% | ent 0.438
  upd 2428 | return    2.100 | deliv   2.10 | blocked 10.1% | idle  0.7% | ent 0.469
  upd 2429 | return    2.000 | deliv   2.00 | blocked  9.2% | idle  0.5% | ent 0.410
  upd 2430 | return    2.700 | deliv   2.70 | blocked  6.6% | idle  0.5% | ent 0.375
  upd 2431 | return    1.300 | deliv   1.30 | blocked  8.0% | idle  0.6% | ent 0.401
  upd 2432 | return    2.100 | deliv   2.10 | blocked  9.0% | idle  0.6% | ent 0.385
  upd 2433 | return    2.800 | deliv   2.80 | blocked  7.9% | idle  0.6% | ent 0.452
  upd 2434 | return    2.600 | deliv   2.60 | blocked  7.0% | idle  0.4% | ent 0.456
  upd 2435 | return    2.900 | deliv   2.90 | blocked 10.7% | idle  0.6% | ent 0.507
  upd 2436 | return    2.100 | deliv   2.10 | blocked 10.1% | idle  0.7% | ent 0.563
  upd 2437 | return    2.800 | deliv   2.80 | blocked  9.6% | idle  0.6% | ent 0.502
  upd 2438 | return    3.600 | deliv   3.60 | blocked 13.2% | idle  0.5% | ent 0.440
  upd 2439 | return    2.000 | deliv   2.00 | blocked  9.4% | idle  0.6% | ent 0.471
  upd 2440 | return    2.600 | deliv   2.60 | blocked 10.7% | idle  0.6% | ent 0.452
  upd 2441 | return    2.100 | deliv   2.10 | blocked  8.5% | idle  0.6% | ent 0.502
  upd 2442 | return    2.300 | deliv   2.30 | blocked  8.8% | idle  0.7% | ent 0.524
  upd 2443 | return    2.600 | deliv   2.60 | blocked  7.9% | idle  0.5% | ent 0.440
  upd 2444 | return    2.500 | deliv   2.50 | blocked  7.0% | idle  0.8% | ent 0.559
  upd 2445 | return    2.000 | deliv   2.00 | blocked  9.9% | idle  0.5% | ent 0.432
  upd 2446 | return    2.200 | deliv   2.20 | blocked 11.0% | idle  0.5% | ent 0.407
  upd 2447 | return    2.300 | deliv   2.30 | blocked  5.4% | idle  0.7% | ent 0.446
  upd 2448 | return    2.200 | deliv   2.20 | blocked  4.5% | idle  0.8% | ent 0.442
  upd 2449 | return    2.500 | deliv   2.50 | blocked  4.0% | idle  0.7% | ent 0.405
  upd 2450 | return    2.500 | deliv   2.50 | blocked  3.5% | idle  0.5% | ent 0.335
  upd 2451 | return    1.900 | deliv   1.90 | blocked  2.8% | idle  0.5% | ent 0.351
  upd 2452 | return    2.100 | deliv   2.10 | blocked  4.5% | idle  0.7% | ent 0.495
  upd 2453 | return    1.700 | deliv   1.70 | blocked  3.4% | idle  0.5% | ent 0.373
  upd 2454 | return    1.600 | deliv   1.60 | blocked  4.8% | idle  0.7% | ent 0.493
  upd 2455 | return    2.200 | deliv   2.20 | blocked  4.7% | idle  0.6% | ent 0.349
  upd 2456 | return    2.200 | deliv   2.20 | blocked  4.8% | idle  0.8% | ent 0.498
  upd 2457 | return    2.800 | deliv   2.80 | blocked  5.0% | idle  0.6% | ent 0.481
  upd 2458 | return    2.700 | deliv   2.70 | blocked  5.1% | idle  0.8% | ent 0.476
  upd 2459 | return    2.700 | deliv   2.70 | blocked  5.5% | idle  0.6% | ent 0.458
  upd 2460 | return    2.800 | deliv   2.80 | blocked  5.9% | idle  0.6% | ent 0.420
  upd 2461 | return    3.100 | deliv   3.10 | blocked  5.1% | idle  0.5% | ent 0.388
  upd 2462 | return    3.700 | deliv   3.70 | blocked  7.3% | idle  0.6% | ent 0.482
  upd 2463 | return    3.000 | deliv   3.00 | blocked 10.2% | idle  0.8% | ent 0.524
  upd 2464 | return    2.900 | deliv   2.90 | blocked 10.5% | idle  0.8% | ent 0.568
  upd 2465 | return    2.700 | deliv   2.70 | blocked 15.6% | idle  0.8% | ent 0.592
  upd 2466 | return    2.500 | deliv   2.50 | blocked 16.7% | idle  0.9% | ent 0.595
  upd 2467 | return    3.800 | deliv   3.80 | blocked 19.1% | idle  0.8% | ent 0.611
  upd 2468 | return    3.500 | deliv   3.50 | blocked 19.4% | idle  0.9% | ent 0.577
  upd 2469 | return    3.300 | deliv   3.30 | blocked 21.2% | idle  0.9% | ent 0.613
  upd 2470 | return    3.500 | deliv   3.50 | blocked 20.4% | idle  0.9% | ent 0.590
  upd 2471 | return    3.300 | deliv   3.30 | blocked 23.1% | idle  0.9% | ent 0.578
  upd 2472 | return    2.700 | deliv   2.70 | blocked 21.1% | idle  0.8% | ent 0.533
  upd 2473 | return    3.200 | deliv   3.20 | blocked 19.7% | idle  0.8% | ent 0.538
  upd 2474 | return    3.500 | deliv   3.50 | blocked 18.4% | idle  0.7% | ent 0.532
  upd 2475 | return    2.400 | deliv   2.40 | blocked 19.3% | idle  0.9% | ent 0.527
  upd 2476 | return    3.900 | deliv   3.90 | blocked 18.8% | idle  0.7% | ent 0.531
  upd 2477 | return    3.600 | deliv   3.60 | blocked 15.8% | idle  0.7% | ent 0.499
  upd 2478 | return    3.500 | deliv   3.50 | blocked 13.2% | idle  0.7% | ent 0.482
  upd 2479 | return    3.500 | deliv   3.50 | blocked 12.4% | idle  0.7% | ent 0.499
  upd 2480 | return    3.300 | deliv   3.30 | blocked 14.0% | idle  0.7% | ent 0.536
  upd 2481 | return    3.300 | deliv   3.30 | blocked 12.9% | idle  0.8% | ent 0.502
  upd 2482 | return    3.000 | deliv   3.00 | blocked 10.7% | idle  0.7% | ent 0.499
  upd 2483 | return    2.200 | deliv   2.20 | blocked 12.5% | idle  0.7% | ent 0.546
  upd 2484 | return    3.000 | deliv   3.00 | blocked 11.8% | idle  0.9% | ent 0.544
  upd 2485 | return    3.300 | deliv   3.30 | blocked 14.7% | idle  0.7% | ent 0.583
  upd 2486 | return    3.000 | deliv   3.00 | blocked 11.1% | idle  0.7% | ent 0.515
  upd 2487 | return    3.400 | deliv   3.40 | blocked 12.0% | idle  0.7% | ent 0.525
  upd 2488 | return    2.500 | deliv   2.50 | blocked 15.9% | idle  0.8% | ent 0.613
  upd 2489 | return    3.300 | deliv   3.30 | blocked 10.6% | idle  0.7% | ent 0.506
  upd 2490 | return    2.900 | deliv   2.90 | blocked 13.9% | idle  0.7% | ent 0.578
  upd 2491 | return    3.300 | deliv   3.30 | blocked 11.5% | idle  0.6% | ent 0.485
  upd 2492 | return    3.100 | deliv   3.10 | blocked 11.1% | idle  0.7% | ent 0.427
  upd 2493 | return    3.000 | deliv   3.00 | blocked 11.2% | idle  0.7% | ent 0.540
  upd 2494 | return    1.700 | deliv   1.70 | blocked 13.6% | idle  0.8% | ent 0.569
  upd 2495 | return    2.100 | deliv   2.10 | blocked 11.1% | idle  0.8% | ent 0.551
  upd 2496 | return    2.900 | deliv   2.90 | blocked 10.2% | idle  0.5% | ent 0.449
  upd 2497 | return    4.100 | deliv   4.10 | blocked  7.1% | idle  0.6% | ent 0.432
  upd 2498 | return    3.100 | deliv   3.10 | blocked  7.6% | idle  0.4% | ent 0.445
  upd 2499 | return    3.100 | deliv   3.10 | blocked  8.7% | idle  0.6% | ent 0.470
[commentary @ update 2500]
  deliveries/episode ~2.6 ▲   team return ~2.57 ▲
  contention (forward-blocked) 9.3% ▼   idle 0.6%
  throughput is weighted toward the early of the episode (early 1.9 / mid 0.4 / late 0.3)
  upd 2500 | return    3.000 | deliv   3.00 | blocked  5.9% | idle  0.6% | ent 0.491
  upd 2501 | return    2.300 | deliv   2.30 | blocked 10.2% | idle  0.4% | ent 0.395
  upd 2502 | return    2.800 | deliv   2.80 | blocked  8.0% | idle  0.6% | ent 0.495
  upd 2503 | return    3.400 | deliv   3.40 | blocked  6.5% | idle  0.4% | ent 0.408
  upd 2504 | return    2.500 | deliv   2.50 | blocked  7.7% | idle  0.8% | ent 0.549
  upd 2505 | return    2.000 | deliv   2.00 | blocked  7.6% | idle  0.7% | ent 0.438
  upd 2506 | return    3.400 | deliv   3.40 | blocked  6.4% | idle  0.4% | ent 0.332
  upd 2507 | return    2.700 | deliv   2.70 | blocked  5.9% | idle  0.6% | ent 0.442
  upd 2508 | return    2.600 | deliv   2.60 | blocked  7.3% | idle  0.6% | ent 0.422
  upd 2509 | return    2.400 | deliv   2.40 | blocked  6.0% | idle  0.6% | ent 0.401
  upd 2510 | return    2.400 | deliv   2.40 | blocked  4.6% | idle  0.5% | ent 0.318
  upd 2511 | return    2.000 | deliv   2.00 | blocked  5.6% | idle  0.5% | ent 0.339
  upd 2512 | return    3.400 | deliv   3.40 | blocked  5.0% | idle  0.4% | ent 0.327
  upd 2513 | return    1.700 | deliv   1.70 | blocked  8.1% | idle  0.6% | ent 0.418
  upd 2514 | return    3.000 | deliv   3.00 | blocked  6.0% | idle  0.4% | ent 0.375
  upd 2515 | return    3.000 | deliv   3.00 | blocked  7.4% | idle  0.7% | ent 0.428
  upd 2516 | return    2.300 | deliv   2.30 | blocked  9.5% | idle  0.5% | ent 0.413
  upd 2517 | return    2.500 | deliv   2.50 | blocked  6.4% | idle  0.6% | ent 0.459
  upd 2518 | return    2.200 | deliv   2.20 | blocked 10.1% | idle  0.7% | ent 0.513
  upd 2519 | return    2.800 | deliv   2.80 | blocked 10.1% | idle  0.7% | ent 0.444
  upd 2520 | return    2.700 | deliv   2.70 | blocked 11.1% | idle  0.8% | ent 0.585
  upd 2521 | return    2.900 | deliv   2.90 | blocked 12.6% | idle  0.6% | ent 0.429
  upd 2522 | return    2.700 | deliv   2.70 | blocked  9.7% | idle  0.7% | ent 0.454
  upd 2523 | return    2.200 | deliv   2.20 | blocked 10.1% | idle  0.7% | ent 0.426
  upd 2524 | return    2.700 | deliv   2.70 | blocked 11.1% | idle  0.7% | ent 0.479
  upd 2525 | return    2.800 | deliv   2.80 | blocked  7.0% | idle  0.6% | ent 0.500
  upd 2526 | return    2.500 | deliv   2.50 | blocked  8.2% | idle  0.5% | ent 0.367
  upd 2527 | return    2.000 | deliv   2.00 | blocked  9.9% | idle  0.4% | ent 0.372
  upd 2528 | return    3.200 | deliv   3.20 | blocked  6.3% | idle  0.3% | ent 0.347
  upd 2529 | return    1.900 | deliv   1.90 | blocked  9.4% | idle  0.5% | ent 0.394
  upd 2530 | return    2.000 | deliv   2.00 | blocked  5.4% | idle  0.5% | ent 0.383
  upd 2531 | return    2.700 | deliv   2.70 | blocked  5.8% | idle  0.4% | ent 0.371
  upd 2532 | return    2.100 | deliv   2.10 | blocked  4.9% | idle  0.4% | ent 0.391
  upd 2533 | return    1.700 | deliv   1.70 | blocked  5.3% | idle  0.5% | ent 0.370
  upd 2534 | return    1.400 | deliv   1.40 | blocked  5.5% | idle  0.5% | ent 0.405
  upd 2535 | return    2.200 | deliv   2.20 | blocked  4.4% | idle  0.5% | ent 0.352
  upd 2536 | return    2.100 | deliv   2.10 | blocked  6.1% | idle  0.5% | ent 0.356
  upd 2537 | return    2.400 | deliv   2.40 | blocked  4.8% | idle  0.4% | ent 0.352
  upd 2538 | return    2.300 | deliv   2.30 | blocked  5.0% | idle  0.4% | ent 0.324
  upd 2539 | return    2.000 | deliv   2.00 | blocked  4.6% | idle  0.3% | ent 0.337
  upd 2540 | return    0.900 | deliv   0.90 | blocked  6.0% | idle  0.6% | ent 0.435
  upd 2541 | return    1.900 | deliv   1.90 | blocked  4.5% | idle  0.5% | ent 0.361
  upd 2542 | return    1.400 | deliv   1.40 | blocked  4.6% | idle  0.6% | ent 0.349
  upd 2543 | return    2.000 | deliv   2.00 | blocked  4.8% | idle  0.4% | ent 0.322
  upd 2544 | return    2.800 | deliv   2.80 | blocked  3.5% | idle  0.3% | ent 0.256
  upd 2545 | return    2.100 | deliv   2.10 | blocked  6.0% | idle  0.4% | ent 0.325
  upd 2546 | return    2.100 | deliv   2.10 | blocked  4.2% | idle  0.5% | ent 0.347
  upd 2547 | return    2.100 | deliv   2.10 | blocked  4.9% | idle  0.4% | ent 0.317
  upd 2548 | return    2.000 | deliv   2.00 | blocked  5.2% | idle  0.6% | ent 0.442
  upd 2549 | return    2.400 | deliv   2.40 | blocked  5.1% | idle  0.5% | ent 0.334
  upd 2550 | return    2.700 | deliv   2.70 | blocked  6.0% | idle  0.6% | ent 0.385
  upd 2551 | return    2.200 | deliv   2.20 | blocked  6.0% | idle  0.5% | ent 0.360
  upd 2552 | return    1.600 | deliv   1.60 | blocked  4.3% | idle  0.6% | ent 0.357
  upd 2553 | return    1.800 | deliv   1.80 | blocked  4.6% | idle  0.4% | ent 0.309
  upd 2554 | return    2.600 | deliv   2.60 | blocked  5.4% | idle  0.4% | ent 0.317
  upd 2555 | return    2.300 | deliv   2.30 | blocked  4.7% | idle  0.4% | ent 0.328
  upd 2556 | return    2.000 | deliv   2.00 | blocked  5.3% | idle  0.7% | ent 0.415
  upd 2557 | return    1.600 | deliv   1.60 | blocked  7.8% | idle  0.7% | ent 0.419
  upd 2558 | return    2.400 | deliv   2.40 | blocked  4.4% | idle  0.5% | ent 0.334
  upd 2559 | return    2.700 | deliv   2.70 | blocked  5.7% | idle  0.4% | ent 0.337
  upd 2560 | return    2.000 | deliv   2.00 | blocked  7.0% | idle  0.4% | ent 0.314
  upd 2561 | return    2.200 | deliv   2.20 | blocked  8.0% | idle  0.7% | ent 0.458
  upd 2562 | return    1.700 | deliv   1.70 | blocked  9.0% | idle  0.9% | ent 0.457
  upd 2563 | return    3.200 | deliv   3.20 | blocked  8.2% | idle  0.7% | ent 0.458
  upd 2564 | return    2.400 | deliv   2.40 | blocked 12.2% | idle  0.8% | ent 0.548
  upd 2565 | return    2.800 | deliv   2.80 | blocked 13.9% | idle  0.8% | ent 0.563
  upd 2566 | return    3.800 | deliv   3.80 | blocked 13.9% | idle  0.7% | ent 0.546
  upd 2567 | return    3.300 | deliv   3.30 | blocked 13.3% | idle  0.7% | ent 0.497
  upd 2568 | return    3.600 | deliv   3.60 | blocked 14.7% | idle  0.8% | ent 0.560
  upd 2569 | return    3.400 | deliv   3.40 | blocked 15.3% | idle  0.7% | ent 0.521
  upd 2570 | return    3.700 | deliv   3.70 | blocked 14.1% | idle  0.9% | ent 0.570
  upd 2571 | return    2.800 | deliv   2.80 | blocked 16.6% | idle  0.8% | ent 0.582
  upd 2572 | return    3.300 | deliv   3.30 | blocked 15.9% | idle  0.9% | ent 0.533
  upd 2573 | return    4.400 | deliv   4.40 | blocked 16.0% | idle  0.8% | ent 0.521
  upd 2574 | return    2.300 | deliv   2.30 | blocked 16.8% | idle  0.8% | ent 0.543
  upd 2575 | return    3.800 | deliv   3.80 | blocked 15.1% | idle  0.9% | ent 0.584
  upd 2576 | return    3.100 | deliv   3.10 | blocked 18.7% | idle  0.9% | ent 0.563
  upd 2577 | return    2.700 | deliv   2.70 | blocked 17.4% | idle  1.1% | ent 0.621
  upd 2578 | return    4.300 | deliv   4.30 | blocked 15.8% | idle  1.0% | ent 0.569
  upd 2579 | return    3.000 | deliv   3.00 | blocked 16.3% | idle  0.9% | ent 0.550
  upd 2580 | return    3.600 | deliv   3.60 | blocked 18.3% | idle  0.9% | ent 0.609
  upd 2581 | return    3.000 | deliv   3.00 | blocked 18.5% | idle  0.9% | ent 0.572
  upd 2582 | return    3.500 | deliv   3.50 | blocked 18.5% | idle  1.1% | ent 0.579
  upd 2583 | return    2.300 | deliv   2.30 | blocked 20.1% | idle  1.0% | ent 0.551
  upd 2584 | return    3.300 | deliv   3.30 | blocked 19.0% | idle  1.1% | ent 0.584
  upd 2585 | return    3.000 | deliv   3.00 | blocked 15.6% | idle  0.9% | ent 0.587
  upd 2586 | return    3.400 | deliv   3.40 | blocked 17.8% | idle  0.7% | ent 0.469
  upd 2587 | return    2.400 | deliv   2.40 | blocked 14.0% | idle  1.0% | ent 0.530
  upd 2588 | return    2.000 | deliv   2.00 | blocked 15.0% | idle  0.7% | ent 0.491
  upd 2589 | return    2.400 | deliv   2.40 | blocked 14.8% | idle  0.6% | ent 0.423
  upd 2590 | return    2.800 | deliv   2.80 | blocked 12.7% | idle  0.9% | ent 0.478
  upd 2591 | return    2.200 | deliv   2.20 | blocked 15.0% | idle  0.5% | ent 0.390
  upd 2592 | return    2.200 | deliv   2.20 | blocked 12.7% | idle  0.5% | ent 0.406
  upd 2593 | return    2.600 | deliv   2.60 | blocked  7.2% | idle  0.7% | ent 0.424
  upd 2594 | return    2.400 | deliv   2.40 | blocked 11.9% | idle  0.5% | ent 0.408
  upd 2595 | return    2.800 | deliv   2.80 | blocked 14.1% | idle  0.7% | ent 0.418
  upd 2596 | return    2.700 | deliv   2.70 | blocked 12.3% | idle  0.6% | ent 0.387
  upd 2597 | return    2.500 | deliv   2.50 | blocked 11.6% | idle  0.4% | ent 0.337
  upd 2598 | return    1.700 | deliv   1.70 | blocked 13.5% | idle  0.7% | ent 0.404
  upd 2599 | return    2.800 | deliv   2.80 | blocked 12.4% | idle  0.5% | ent 0.313
[commentary @ update 2600]
  deliveries/episode ~2.6 ▲   team return ~2.56 ▲
  contention (forward-blocked) 9.7% ▼   idle 0.6%
  throughput is weighted toward the early of the episode (early 1.9 / mid 0.4 / late 0.3)
  upd 2600 | return    2.500 | deliv   2.50 | blocked 10.9% | idle  0.5% | ent 0.358
  upd 2601 | return    2.500 | deliv   2.50 | blocked 14.6% | idle  0.5% | ent 0.332
  upd 2602 | return    2.300 | deliv   2.30 | blocked  6.7% | idle  0.6% | ent 0.395
  upd 2603 | return    2.200 | deliv   2.20 | blocked  7.6% | idle  0.5% | ent 0.402
  upd 2604 | return    2.400 | deliv   2.40 | blocked  5.6% | idle  0.5% | ent 0.325
  upd 2605 | return    1.700 | deliv   1.70 | blocked  9.9% | idle  0.5% | ent 0.340
  upd 2606 | return    2.000 | deliv   2.00 | blocked  6.9% | idle  0.4% | ent 0.316
  upd 2607 | return    1.800 | deliv   1.80 | blocked  6.7% | idle  0.4% | ent 0.315
  upd 2608 | return    1.600 | deliv   1.60 | blocked  6.8% | idle  0.5% | ent 0.357
  upd 2609 | return    2.300 | deliv   2.30 | blocked  6.4% | idle  0.5% | ent 0.371
  upd 2610 | return    1.600 | deliv   1.60 | blocked  4.7% | idle  0.6% | ent 0.336
  upd 2611 | return    1.800 | deliv   1.80 | blocked  4.5% | idle  0.5% | ent 0.338
  upd 2612 | return    1.500 | deliv   1.50 | blocked  4.3% | idle  0.6% | ent 0.409
  upd 2613 | return    2.200 | deliv   2.20 | blocked  6.2% | idle  0.4% | ent 0.264
  upd 2614 | return    1.800 | deliv   1.80 | blocked  3.5% | idle  0.5% | ent 0.370
  upd 2615 | return    2.000 | deliv   2.00 | blocked  3.5% | idle  0.6% | ent 0.353
  upd 2616 | return    1.600 | deliv   1.60 | blocked  8.7% | idle  0.8% | ent 0.441
  upd 2617 | return    2.200 | deliv   2.20 | blocked  3.6% | idle  0.5% | ent 0.343
  upd 2618 | return    2.500 | deliv   2.50 | blocked  3.4% | idle  0.5% | ent 0.323
  upd 2619 | return    1.900 | deliv   1.90 | blocked  4.3% | idle  0.5% | ent 0.369
  upd 2620 | return    2.900 | deliv   2.90 | blocked  3.5% | idle  0.5% | ent 0.280
  upd 2621 | return    2.000 | deliv   2.00 | blocked  3.8% | idle  0.5% | ent 0.320
  upd 2622 | return    2.100 | deliv   2.10 | blocked  3.7% | idle  0.5% | ent 0.310
  upd 2623 | return    1.900 | deliv   1.90 | blocked  4.7% | idle  0.5% | ent 0.346
  upd 2624 | return    1.400 | deliv   1.40 | blocked  5.5% | idle  0.6% | ent 0.385
  upd 2625 | return    2.100 | deliv   2.10 | blocked  4.2% | idle  0.6% | ent 0.347
  upd 2626 | return    2.000 | deliv   2.00 | blocked  4.3% | idle  0.6% | ent 0.400
  upd 2627 | return    1.700 | deliv   1.70 | blocked  7.4% | idle  0.7% | ent 0.490
  upd 2628 | return    2.300 | deliv   2.30 | blocked  4.2% | idle  0.4% | ent 0.361
  upd 2629 | return    2.600 | deliv   2.60 | blocked  4.0% | idle  0.5% | ent 0.350
  upd 2630 | return    2.000 | deliv   2.00 | blocked  8.5% | idle  0.5% | ent 0.463
  upd 2631 | return    2.100 | deliv   2.10 | blocked 10.6% | idle  0.6% | ent 0.394
  upd 2632 | return    2.100 | deliv   2.10 | blocked 12.2% | idle  0.6% | ent 0.478
  upd 2633 | return    2.800 | deliv   2.80 | blocked  7.1% | idle  0.5% | ent 0.425
  upd 2634 | return    2.500 | deliv   2.50 | blocked  7.6% | idle  0.6% | ent 0.461
  upd 2635 | return    2.500 | deliv   2.50 | blocked 12.5% | idle  0.7% | ent 0.482
  upd 2636 | return    3.100 | deliv   3.10 | blocked  9.7% | idle  0.4% | ent 0.404
  upd 2637 | return    3.100 | deliv   3.10 | blocked  9.9% | idle  0.5% | ent 0.473
  upd 2638 | return    2.100 | deliv   2.10 | blocked 10.6% | idle  0.7% | ent 0.513
  upd 2639 | return    2.400 | deliv   2.40 | blocked 11.3% | idle  0.6% | ent 0.463
  upd 2640 | return    2.600 | deliv   2.60 | blocked  9.8% | idle  0.5% | ent 0.408
  upd 2641 | return    2.700 | deliv   2.70 | blocked  8.6% | idle  0.4% | ent 0.355
  upd 2642 | return    1.800 | deliv   1.80 | blocked 12.2% | idle  0.5% | ent 0.468
  upd 2643 | return    2.500 | deliv   2.50 | blocked  9.7% | idle  0.4% | ent 0.371
  upd 2644 | return    2.100 | deliv   2.10 | blocked 12.1% | idle  0.6% | ent 0.420
  upd 2645 | return    2.300 | deliv   2.30 | blocked  8.7% | idle  0.4% | ent 0.403
  upd 2646 | return    2.400 | deliv   2.40 | blocked  6.8% | idle  0.4% | ent 0.322
  upd 2647 | return    2.200 | deliv   2.20 | blocked  9.8% | idle  0.4% | ent 0.347
  upd 2648 | return    2.000 | deliv   2.00 | blocked 10.4% | idle  0.5% | ent 0.408
  upd 2649 | return    2.200 | deliv   2.20 | blocked  7.1% | idle  0.5% | ent 0.345
  upd 2650 | return    1.800 | deliv   1.80 | blocked  8.1% | idle  0.6% | ent 0.356
  upd 2651 | return    2.200 | deliv   2.20 | blocked 12.0% | idle  0.4% | ent 0.352
  upd 2652 | return    2.000 | deliv   2.00 | blocked 10.3% | idle  0.4% | ent 0.333
  upd 2653 | return    2.300 | deliv   2.30 | blocked  7.4% | idle  0.5% | ent 0.349
  upd 2654 | return    2.200 | deliv   2.20 | blocked  8.3% | idle  0.5% | ent 0.409
  upd 2655 | return    2.300 | deliv   2.30 | blocked  9.4% | idle  0.6% | ent 0.435
  upd 2656 | return    2.100 | deliv   2.10 | blocked  8.5% | idle  0.5% | ent 0.373
  upd 2657 | return    2.100 | deliv   2.10 | blocked  9.4% | idle  0.5% | ent 0.338
  upd 2658 | return    2.500 | deliv   2.50 | blocked  9.6% | idle  0.6% | ent 0.411
  upd 2659 | return    2.100 | deliv   2.10 | blocked 11.1% | idle  0.5% | ent 0.437
  upd 2660 | return    2.200 | deliv   2.20 | blocked  9.4% | idle  0.5% | ent 0.391
  upd 2661 | return    2.300 | deliv   2.30 | blocked  7.2% | idle  0.5% | ent 0.406
  upd 2662 | return    2.400 | deliv   2.40 | blocked  8.5% | idle  0.6% | ent 0.390
  upd 2663 | return    3.000 | deliv   3.00 | blocked  8.4% | idle  0.7% | ent 0.407
  upd 2664 | return    2.000 | deliv   2.00 | blocked 11.9% | idle  0.8% | ent 0.501
  upd 2665 | return    2.700 | deliv   2.70 | blocked  7.1% | idle  0.6% | ent 0.419
  upd 2666 | return    1.600 | deliv   1.60 | blocked  9.7% | idle  0.5% | ent 0.425
  upd 2667 | return    2.300 | deliv   2.30 | blocked  6.4% | idle  0.6% | ent 0.370
  upd 2668 | return    2.500 | deliv   2.50 | blocked  6.2% | idle  0.7% | ent 0.405
  upd 2669 | return    1.900 | deliv   1.90 | blocked  8.9% | idle  0.7% | ent 0.408
  upd 2670 | return    2.200 | deliv   2.20 | blocked  4.7% | idle  0.7% | ent 0.429
  upd 2671 | return    3.100 | deliv   3.10 | blocked  7.3% | idle  0.5% | ent 0.359
  upd 2672 | return    2.100 | deliv   2.10 | blocked  8.6% | idle  0.7% | ent 0.365
  upd 2673 | return    2.600 | deliv   2.60 | blocked  8.1% | idle  0.6% | ent 0.365
  upd 2674 | return    1.700 | deliv   1.70 | blocked  9.5% | idle  0.6% | ent 0.421
  upd 2675 | return    2.600 | deliv   2.60 | blocked  8.7% | idle  0.5% | ent 0.314
  upd 2676 | return    2.600 | deliv   2.60 | blocked  5.9% | idle  0.7% | ent 0.430
  upd 2677 | return    2.900 | deliv   2.90 | blocked  6.8% | idle  0.5% | ent 0.426
  upd 2678 | return    2.400 | deliv   2.40 | blocked  8.1% | idle  0.4% | ent 0.368
  upd 2679 | return    2.700 | deliv   2.70 | blocked  7.5% | idle  0.5% | ent 0.403
  upd 2680 | return    1.900 | deliv   1.90 | blocked 10.4% | idle  0.5% | ent 0.390
  upd 2681 | return    2.500 | deliv   2.50 | blocked  4.9% | idle  0.6% | ent 0.410
  upd 2682 | return    2.700 | deliv   2.70 | blocked 10.6% | idle  0.4% | ent 0.316
  upd 2683 | return    2.600 | deliv   2.60 | blocked  8.6% | idle  0.6% | ent 0.403
  upd 2684 | return    1.400 | deliv   1.40 | blocked 10.9% | idle  0.6% | ent 0.449
  upd 2685 | return    3.200 | deliv   3.20 | blocked  9.1% | idle  0.4% | ent 0.391
  upd 2686 | return    1.900 | deliv   1.90 | blocked 11.3% | idle  0.7% | ent 0.427
  upd 2687 | return    2.700 | deliv   2.70 | blocked 12.7% | idle  0.6% | ent 0.380
  upd 2688 | return    2.000 | deliv   2.00 | blocked  7.1% | idle  0.7% | ent 0.553
  upd 2689 | return    3.700 | deliv   3.70 | blocked  9.9% | idle  0.6% | ent 0.447
  upd 2690 | return    2.400 | deliv   2.40 | blocked 10.3% | idle  0.7% | ent 0.469
  upd 2691 | return    2.000 | deliv   2.00 | blocked  7.9% | idle  0.8% | ent 0.541
  upd 2692 | return    2.900 | deliv   2.90 | blocked  7.2% | idle  0.6% | ent 0.459
  upd 2693 | return    3.200 | deliv   3.20 | blocked  9.5% | idle  0.5% | ent 0.381
  upd 2694 | return    2.800 | deliv   2.80 | blocked  8.5% | idle  0.6% | ent 0.458
  upd 2695 | return    2.600 | deliv   2.60 | blocked  9.1% | idle  0.6% | ent 0.440
  upd 2696 | return    2.100 | deliv   2.10 | blocked  7.8% | idle  0.7% | ent 0.478
  upd 2697 | return    3.100 | deliv   3.10 | blocked  7.5% | idle  0.4% | ent 0.348
  upd 2698 | return    2.800 | deliv   2.80 | blocked  6.8% | idle  0.6% | ent 0.392
  upd 2699 | return    1.700 | deliv   1.70 | blocked  8.6% | idle  0.7% | ent 0.429
[commentary @ update 2700]
  deliveries/episode ~2.3 ▲   team return ~2.29 ▲
  contention (forward-blocked) 8.0% ▼   idle 0.6%
  throughput is weighted toward the early of the episode (early 1.8 / mid 0.3 / late 0.2)
  upd 2700 | return    2.400 | deliv   2.40 | blocked  8.6% | idle  0.7% | ent 0.393
  upd 2701 | return    2.500 | deliv   2.50 | blocked  4.6% | idle  0.6% | ent 0.432
  upd 2702 | return    1.900 | deliv   1.90 | blocked  6.2% | idle  0.8% | ent 0.424
  upd 2703 | return    2.100 | deliv   2.10 | blocked  6.8% | idle  0.5% | ent 0.369
  upd 2704 | return    2.300 | deliv   2.30 | blocked  4.6% | idle  0.4% | ent 0.321
  upd 2705 | return    2.100 | deliv   2.10 | blocked  9.1% | idle  0.6% | ent 0.400
  upd 2706 | return    1.900 | deliv   1.90 | blocked  9.4% | idle  0.5% | ent 0.383
  upd 2707 | return    1.800 | deliv   1.80 | blocked  7.7% | idle  0.5% | ent 0.426
  upd 2708 | return    1.800 | deliv   1.80 | blocked  7.7% | idle  0.6% | ent 0.406
  upd 2709 | return    2.400 | deliv   2.40 | blocked  8.8% | idle  0.4% | ent 0.298
  upd 2710 | return    1.500 | deliv   1.50 | blocked  9.6% | idle  0.5% | ent 0.373
  upd 2711 | return    3.200 | deliv   3.20 | blocked  8.0% | idle  0.5% | ent 0.329
  upd 2712 | return    2.300 | deliv   2.30 | blocked  7.4% | idle  0.5% | ent 0.345
  upd 2713 | return    2.800 | deliv   2.80 | blocked  8.3% | idle  0.5% | ent 0.432
  upd 2714 | return    2.500 | deliv   2.50 | blocked  8.8% | idle  0.6% | ent 0.418
  upd 2715 | return    2.200 | deliv   2.20 | blocked 10.3% | idle  0.5% | ent 0.392
  upd 2716 | return    2.500 | deliv   2.50 | blocked  6.6% | idle  0.5% | ent 0.396
  upd 2717 | return    3.600 | deliv   3.60 | blocked  6.7% | idle  0.6% | ent 0.433
  upd 2718 | return    2.200 | deliv   2.20 | blocked  9.6% | idle  0.5% | ent 0.431
  upd 2719 | return    2.500 | deliv   2.50 | blocked  8.2% | idle  0.5% | ent 0.360
  upd 2720 | return    2.100 | deliv   2.10 | blocked  8.7% | idle  0.6% | ent 0.365
  upd 2721 | return    2.100 | deliv   2.10 | blocked  6.3% | idle  0.6% | ent 0.386
  upd 2722 | return    2.800 | deliv   2.80 | blocked  6.6% | idle  0.5% | ent 0.362
  upd 2723 | return    2.100 | deliv   2.10 | blocked  8.3% | idle  0.4% | ent 0.378
  upd 2724 | return    2.500 | deliv   2.50 | blocked  7.6% | idle  0.4% | ent 0.339
  upd 2725 | return    2.500 | deliv   2.50 | blocked  5.8% | idle  0.4% | ent 0.304
  upd 2726 | return    2.800 | deliv   2.80 | blocked  7.1% | idle  0.3% | ent 0.361
  upd 2727 | return    2.700 | deliv   2.70 | blocked  9.0% | idle  0.4% | ent 0.314
  upd 2728 | return    2.300 | deliv   2.30 | blocked 10.5% | idle  0.6% | ent 0.473
  upd 2729 | return    2.000 | deliv   2.00 | blocked  7.9% | idle  0.5% | ent 0.433
  upd 2730 | return    2.800 | deliv   2.80 | blocked  8.1% | idle  0.5% | ent 0.405
  upd 2731 | return    3.100 | deliv   3.10 | blocked  8.8% | idle  0.6% | ent 0.422
  upd 2732 | return    3.200 | deliv   3.20 | blocked  8.3% | idle  0.4% | ent 0.453
  upd 2733 | return    2.400 | deliv   2.40 | blocked  9.4% | idle  0.5% | ent 0.466
  upd 2734 | return    3.100 | deliv   3.10 | blocked  7.7% | idle  0.5% | ent 0.487
  upd 2735 | return    2.200 | deliv   2.20 | blocked  7.4% | idle  0.4% | ent 0.358
  upd 2736 | return    3.100 | deliv   3.10 | blocked  9.0% | idle  0.5% | ent 0.453
  upd 2737 | return    2.300 | deliv   2.30 | blocked 10.8% | idle  0.5% | ent 0.487
  upd 2738 | return    2.200 | deliv   2.20 | blocked 14.6% | idle  0.4% | ent 0.453
  upd 2739 | return    3.700 | deliv   3.70 | blocked  8.9% | idle  0.5% | ent 0.499
  upd 2740 | return    3.300 | deliv   3.30 | blocked  9.9% | idle  0.4% | ent 0.483
  upd 2741 | return    4.000 | deliv   4.00 | blocked 14.0% | idle  0.5% | ent 0.542
  upd 2742 | return    3.100 | deliv   3.10 | blocked 16.3% | idle  0.6% | ent 0.534
  upd 2743 | return    4.100 | deliv   4.10 | blocked 16.9% | idle  0.5% | ent 0.618
  upd 2744 | return    3.000 | deliv   3.00 | blocked 19.7% | idle  0.6% | ent 0.648
  upd 2745 | return    3.500 | deliv   3.50 | blocked 21.1% | idle  0.5% | ent 0.593
  upd 2746 | return    4.300 | deliv   4.30 | blocked 19.4% | idle  0.5% | ent 0.648
  upd 2747 | return    4.900 | deliv   4.90 | blocked 20.3% | idle  0.6% | ent 0.588
  upd 2748 | return    3.200 | deliv   3.20 | blocked 19.2% | idle  0.5% | ent 0.623
  upd 2749 | return    4.400 | deliv   4.40 | blocked 17.9% | idle  0.5% | ent 0.637
  upd 2750 | return    3.400 | deliv   3.40 | blocked 15.9% | idle  0.7% | ent 0.690
  upd 2751 | return    3.000 | deliv   3.00 | blocked 16.3% | idle  0.5% | ent 0.644
  upd 2752 | return    3.100 | deliv   3.10 | blocked 12.8% | idle  0.5% | ent 0.658
  upd 2753 | return    3.800 | deliv   3.80 | blocked 10.4% | idle  0.6% | ent 0.556
  upd 2754 | return    3.400 | deliv   3.40 | blocked 10.5% | idle  0.4% | ent 0.560
  upd 2755 | return    3.000 | deliv   3.00 | blocked 10.4% | idle  0.5% | ent 0.579
  upd 2756 | return    4.200 | deliv   4.20 | blocked 10.5% | idle  0.5% | ent 0.586
  upd 2757 | return    4.200 | deliv   4.20 | blocked  7.8% | idle  0.4% | ent 0.479
  upd 2758 | return    2.200 | deliv   2.20 | blocked  8.9% | idle  0.6% | ent 0.563
  upd 2759 | return    2.800 | deliv   2.80 | blocked  7.5% | idle  0.4% | ent 0.371
  upd 2760 | return    2.200 | deliv   2.20 | blocked  8.4% | idle  0.4% | ent 0.472
  upd 2761 | return    2.500 | deliv   2.50 | blocked  6.7% | idle  0.5% | ent 0.508
  upd 2762 | return    2.300 | deliv   2.30 | blocked  8.3% | idle  0.3% | ent 0.313
  upd 2763 | return    2.400 | deliv   2.40 | blocked  5.7% | idle  0.3% | ent 0.355
  upd 2764 | return    2.600 | deliv   2.60 | blocked  6.4% | idle  0.3% | ent 0.397
  upd 2765 | return    2.600 | deliv   2.60 | blocked  8.6% | idle  0.3% | ent 0.401
  upd 2766 | return    1.800 | deliv   1.80 | blocked  6.6% | idle  0.4% | ent 0.423
  upd 2767 | return    2.000 | deliv   2.00 | blocked  7.5% | idle  0.4% | ent 0.465
  upd 2768 | return    2.700 | deliv   2.70 | blocked  4.3% | idle  0.3% | ent 0.336
  upd 2769 | return    1.900 | deliv   1.90 | blocked  7.3% | idle  0.3% | ent 0.314
  upd 2770 | return    2.300 | deliv   2.30 | blocked  5.5% | idle  0.3% | ent 0.364
  upd 2771 | return    2.200 | deliv   2.20 | blocked  5.5% | idle  0.3% | ent 0.337
  upd 2772 | return    2.100 | deliv   2.10 | blocked  4.6% | idle  0.2% | ent 0.258
  upd 2773 | return    2.700 | deliv   2.70 | blocked  4.0% | idle  0.3% | ent 0.288
  upd 2774 | return    2.400 | deliv   2.40 | blocked  5.9% | idle  0.2% | ent 0.251
  upd 2775 | return    2.100 | deliv   2.10 | blocked  6.3% | idle  0.3% | ent 0.300
  upd 2776 | return    2.100 | deliv   2.10 | blocked  6.7% | idle  0.3% | ent 0.311
  upd 2777 | return    1.400 | deliv   1.40 | blocked  7.1% | idle  0.4% | ent 0.389
  upd 2778 | return    2.400 | deliv   2.40 | blocked  5.3% | idle  0.2% | ent 0.331
  upd 2779 | return    2.900 | deliv   2.90 | blocked  6.2% | idle  0.3% | ent 0.287
  upd 2780 | return    2.600 | deliv   2.60 | blocked  4.7% | idle  0.2% | ent 0.289
  upd 2781 | return    2.800 | deliv   2.80 | blocked  3.4% | idle  0.2% | ent 0.267
  upd 2782 | return    2.300 | deliv   2.30 | blocked  5.9% | idle  0.4% | ent 0.345
  upd 2783 | return    2.100 | deliv   2.10 | blocked  5.3% | idle  0.2% | ent 0.326
  upd 2784 | return    2.700 | deliv   2.70 | blocked  9.9% | idle  0.2% | ent 0.257
  upd 2785 | return    2.700 | deliv   2.70 | blocked  6.5% | idle  0.2% | ent 0.271
  upd 2786 | return    2.400 | deliv   2.40 | blocked  4.1% | idle  0.2% | ent 0.250
  upd 2787 | return    2.700 | deliv   2.70 | blocked  4.2% | idle  0.2% | ent 0.249
  upd 2788 | return    2.600 | deliv   2.60 | blocked  5.2% | idle  0.2% | ent 0.226
  upd 2789 | return    2.300 | deliv   2.30 | blocked  7.6% | idle  0.2% | ent 0.299
  upd 2790 | return    2.100 | deliv   2.10 | blocked  7.0% | idle  0.3% | ent 0.300
  upd 2791 | return    2.200 | deliv   2.20 | blocked  6.0% | idle  0.1% | ent 0.221
  upd 2792 | return    1.800 | deliv   1.80 | blocked  5.7% | idle  0.2% | ent 0.268
  upd 2793 | return    1.800 | deliv   1.80 | blocked  5.1% | idle  0.2% | ent 0.236
  upd 2794 | return    2.000 | deliv   2.00 | blocked  5.6% | idle  0.3% | ent 0.313
  upd 2795 | return    2.200 | deliv   2.20 | blocked  3.6% | idle  0.3% | ent 0.279
  upd 2796 | return    1.700 | deliv   1.70 | blocked  5.3% | idle  0.3% | ent 0.261
  upd 2797 | return    1.600 | deliv   1.60 | blocked  6.9% | idle  0.3% | ent 0.262
  upd 2798 | return    1.700 | deliv   1.70 | blocked  6.9% | idle  0.2% | ent 0.236
  upd 2799 | return    2.300 | deliv   2.30 | blocked  4.6% | idle  0.3% | ent 0.264
[commentary @ update 2800]
  deliveries/episode ~2.6 ▲   team return ~2.60 ▲
  contention (forward-blocked) 8.5% ▼   idle 0.4%
  throughput is weighted toward the early of the episode (early 2.0 / mid 0.3 / late 0.2)
  upd 2800 | return    2.100 | deliv   2.10 | blocked  6.4% | idle  0.2% | ent 0.229
  upd 2801 | return    1.700 | deliv   1.70 | blocked  6.2% | idle  0.3% | ent 0.303
  upd 2802 | return    2.000 | deliv   2.00 | blocked  4.7% | idle  0.3% | ent 0.263
  upd 2803 | return    1.700 | deliv   1.70 | blocked  6.3% | idle  0.3% | ent 0.291
  upd 2804 | return    2.000 | deliv   2.00 | blocked  6.6% | idle  0.2% | ent 0.255
  upd 2805 | return    1.300 | deliv   1.30 | blocked  5.5% | idle  0.4% | ent 0.360
  upd 2806 | return    2.300 | deliv   2.30 | blocked  4.4% | idle  0.3% | ent 0.258
  upd 2807 | return    1.900 | deliv   1.90 | blocked  5.6% | idle  0.3% | ent 0.322
  upd 2808 | return    1.900 | deliv   1.90 | blocked  6.1% | idle  0.3% | ent 0.265
  upd 2809 | return    2.000 | deliv   2.00 | blocked  4.9% | idle  0.4% | ent 0.302
  upd 2810 | return    2.600 | deliv   2.60 | blocked  3.6% | idle  0.3% | ent 0.260
  upd 2811 | return    1.800 | deliv   1.80 | blocked  5.6% | idle  0.2% | ent 0.293
  upd 2812 | return    2.100 | deliv   2.10 | blocked  6.4% | idle  0.3% | ent 0.319
  upd 2813 | return    1.700 | deliv   1.70 | blocked  6.7% | idle  0.4% | ent 0.356
  upd 2814 | return    2.200 | deliv   2.20 | blocked  7.3% | idle  0.3% | ent 0.275
  upd 2815 | return    2.200 | deliv   2.20 | blocked  5.2% | idle  0.3% | ent 0.322
  upd 2816 | return    1.900 | deliv   1.90 | blocked  5.9% | idle  0.4% | ent 0.355
  upd 2817 | return    2.000 | deliv   2.00 | blocked  4.8% | idle  0.4% | ent 0.309
  upd 2818 | return    1.900 | deliv   1.90 | blocked  5.8% | idle  0.5% | ent 0.353
  upd 2819 | return    3.000 | deliv   3.00 | blocked  4.3% | idle  0.3% | ent 0.275
  upd 2820 | return    1.900 | deliv   1.90 | blocked  6.8% | idle  0.4% | ent 0.321
  upd 2821 | return    2.800 | deliv   2.80 | blocked  6.8% | idle  0.4% | ent 0.331
  upd 2822 | return    2.800 | deliv   2.80 | blocked  5.3% | idle  0.3% | ent 0.326
  upd 2823 | return    2.100 | deliv   2.10 | blocked  8.1% | idle  0.4% | ent 0.367
  upd 2824 | return    2.200 | deliv   2.20 | blocked  6.6% | idle  0.4% | ent 0.363
  upd 2825 | return    2.200 | deliv   2.20 | blocked  7.1% | idle  0.4% | ent 0.373
  upd 2826 | return    3.100 | deliv   3.10 | blocked  6.5% | idle  0.4% | ent 0.379
  upd 2827 | return    3.900 | deliv   3.90 | blocked  5.3% | idle  0.4% | ent 0.368
  upd 2828 | return    2.800 | deliv   2.80 | blocked  8.8% | idle  0.5% | ent 0.401
  upd 2829 | return    2.600 | deliv   2.60 | blocked  9.9% | idle  0.4% | ent 0.471
  upd 2830 | return    2.900 | deliv   2.90 | blocked  9.9% | idle  0.3% | ent 0.348
  upd 2831 | return    2.600 | deliv   2.60 | blocked  9.8% | idle  0.4% | ent 0.362
  upd 2832 | return    2.800 | deliv   2.80 | blocked 11.2% | idle  0.4% | ent 0.348
  upd 2833 | return    2.500 | deliv   2.50 | blocked 11.7% | idle  0.5% | ent 0.425
  upd 2834 | return    2.900 | deliv   2.90 | blocked 11.2% | idle  0.4% | ent 0.379
  upd 2835 | return    2.900 | deliv   2.90 | blocked  9.8% | idle  0.3% | ent 0.415
  upd 2836 | return    3.100 | deliv   3.10 | blocked  8.4% | idle  0.3% | ent 0.309
  upd 2837 | return    3.000 | deliv   3.00 | blocked 10.8% | idle  0.4% | ent 0.374
  upd 2838 | return    1.900 | deliv   1.90 | blocked 14.8% | idle  0.5% | ent 0.424
  upd 2839 | return    2.200 | deliv   2.20 | blocked 11.0% | idle  0.3% | ent 0.370
  upd 2840 | return    2.700 | deliv   2.70 | blocked 10.8% | idle  0.3% | ent 0.397
  upd 2841 | return    1.800 | deliv   1.80 | blocked  9.4% | idle  0.2% | ent 0.311
  upd 2842 | return    2.800 | deliv   2.80 | blocked 11.0% | idle  0.4% | ent 0.387
  upd 2843 | return    2.800 | deliv   2.80 | blocked 12.8% | idle  0.4% | ent 0.392
  upd 2844 | return    2.700 | deliv   2.70 | blocked  9.8% | idle  0.2% | ent 0.312
  upd 2845 | return    3.200 | deliv   3.20 | blocked  8.4% | idle  0.4% | ent 0.355
  upd 2846 | return    2.800 | deliv   2.80 | blocked 11.7% | idle  0.4% | ent 0.338
  upd 2847 | return    2.200 | deliv   2.20 | blocked 10.3% | idle  0.3% | ent 0.320
  upd 2848 | return    2.200 | deliv   2.20 | blocked 13.5% | idle  0.3% | ent 0.366
  upd 2849 | return    2.600 | deliv   2.60 | blocked 10.9% | idle  0.3% | ent 0.362
  upd 2850 | return    2.400 | deliv   2.40 | blocked 10.8% | idle  0.3% | ent 0.294
  upd 2851 | return    2.300 | deliv   2.30 | blocked 11.2% | idle  0.3% | ent 0.356
  upd 2852 | return    3.400 | deliv   3.40 | blocked 12.7% | idle  0.2% | ent 0.378
  upd 2853 | return    3.500 | deliv   3.50 | blocked 10.0% | idle  0.3% | ent 0.348
  upd 2854 | return    2.300 | deliv   2.30 | blocked 14.6% | idle  0.4% | ent 0.427
  upd 2855 | return    2.600 | deliv   2.60 | blocked 14.6% | idle  0.4% | ent 0.470
  upd 2856 | return    2.400 | deliv   2.40 | blocked 13.4% | idle  0.4% | ent 0.449
  upd 2857 | return    2.800 | deliv   2.80 | blocked 13.0% | idle  0.5% | ent 0.507
  upd 2858 | return    2.100 | deliv   2.10 | blocked 16.9% | idle  0.4% | ent 0.515
  upd 2859 | return    3.000 | deliv   3.00 | blocked 10.3% | idle  0.3% | ent 0.360
  upd 2860 | return    3.200 | deliv   3.20 | blocked 10.2% | idle  0.3% | ent 0.365
  upd 2861 | return    2.700 | deliv   2.70 | blocked  7.0% | idle  0.2% | ent 0.299
  upd 2862 | return    2.400 | deliv   2.40 | blocked 10.3% | idle  0.3% | ent 0.387
  upd 2863 | return    2.700 | deliv   2.70 | blocked  8.0% | idle  0.4% | ent 0.414
  upd 2864 | return    2.800 | deliv   2.80 | blocked  5.7% | idle  0.3% | ent 0.382
  upd 2865 | return    2.000 | deliv   2.00 | blocked  7.9% | idle  0.3% | ent 0.368
  upd 2866 | return    2.200 | deliv   2.20 | blocked  8.5% | idle  0.3% | ent 0.390
  upd 2867 | return    2.500 | deliv   2.50 | blocked  6.5% | idle  0.3% | ent 0.373
  upd 2868 | return    2.200 | deliv   2.20 | blocked  7.5% | idle  0.3% | ent 0.382
  upd 2869 | return    1.700 | deliv   1.70 | blocked  7.9% | idle  0.3% | ent 0.388
  upd 2870 | return    2.600 | deliv   2.60 | blocked 10.3% | idle  0.3% | ent 0.377
  upd 2871 | return    2.400 | deliv   2.40 | blocked  8.6% | idle  0.3% | ent 0.420
  upd 2872 | return    2.500 | deliv   2.50 | blocked  7.7% | idle  0.3% | ent 0.400
  upd 2873 | return    3.300 | deliv   3.30 | blocked  8.4% | idle  0.3% | ent 0.432
  upd 2874 | return    3.300 | deliv   3.30 | blocked  9.0% | idle  0.3% | ent 0.411
  upd 2875 | return    2.500 | deliv   2.50 | blocked 13.6% | idle  0.4% | ent 0.493
  upd 2876 | return    3.000 | deliv   3.00 | blocked 14.2% | idle  0.3% | ent 0.454
  upd 2877 | return    2.700 | deliv   2.70 | blocked 17.9% | idle  0.3% | ent 0.409
  upd 2878 | return    4.400 | deliv   4.40 | blocked 16.3% | idle  0.3% | ent 0.512
  upd 2879 | return    4.300 | deliv   4.30 | blocked 14.8% | idle  0.4% | ent 0.491
  upd 2880 | return    3.400 | deliv   3.40 | blocked 14.8% | idle  0.4% | ent 0.483
  upd 2881 | return    3.000 | deliv   3.00 | blocked 17.0% | idle  0.4% | ent 0.523
  upd 2882 | return    3.000 | deliv   3.00 | blocked 18.2% | idle  0.4% | ent 0.505
  upd 2883 | return    2.500 | deliv   2.50 | blocked 21.1% | idle  0.4% | ent 0.551
  upd 2884 | return    2.900 | deliv   2.90 | blocked 18.9% | idle  0.5% | ent 0.545
  upd 2885 | return    3.500 | deliv   3.50 | blocked 18.7% | idle  0.5% | ent 0.500
  upd 2886 | return    1.900 | deliv   1.90 | blocked 18.8% | idle  0.5% | ent 0.555
  upd 2887 | return    2.800 | deliv   2.80 | blocked 20.9% | idle  0.4% | ent 0.505
  upd 2888 | return    4.500 | deliv   4.50 | blocked 15.3% | idle  0.3% | ent 0.421
  upd 2889 | return    4.000 | deliv   4.00 | blocked 13.0% | idle  0.3% | ent 0.434
  upd 2890 | return    3.200 | deliv   3.20 | blocked 20.4% | idle  0.4% | ent 0.474
  upd 2891 | return    3.900 | deliv   3.90 | blocked 14.7% | idle  0.3% | ent 0.411
  upd 2892 | return    3.500 | deliv   3.50 | blocked 13.2% | idle  0.4% | ent 0.484
  upd 2893 | return    2.000 | deliv   2.00 | blocked 15.4% | idle  0.5% | ent 0.467
  upd 2894 | return    3.200 | deliv   3.20 | blocked 14.7% | idle  0.4% | ent 0.520
  upd 2895 | return    3.400 | deliv   3.40 | blocked 15.0% | idle  0.5% | ent 0.509
  upd 2896 | return    1.900 | deliv   1.90 | blocked 13.7% | idle  0.4% | ent 0.504
  upd 2897 | return    2.800 | deliv   2.80 | blocked 12.2% | idle  0.4% | ent 0.461
  upd 2898 | return    2.800 | deliv   2.80 | blocked 14.6% | idle  0.6% | ent 0.590
  upd 2899 | return    2.900 | deliv   2.90 | blocked 11.4% | idle  0.4% | ent 0.527
[commentary @ update 2900]
  deliveries/episode ~2.6 ▲   team return ~2.63 ▲
  contention (forward-blocked) 10.5% ▼   idle 0.4%
  throughput is weighted toward the early of the episode (early 2.1 / mid 0.3 / late 0.2)
  upd 2900 | return    3.000 | deliv   3.00 | blocked 13.0% | idle  0.5% | ent 0.556
  upd 2901 | return    2.800 | deliv   2.80 | blocked 10.9% | idle  0.5% | ent 0.557
  upd 2902 | return    3.700 | deliv   3.70 | blocked 10.7% | idle  0.4% | ent 0.517
  upd 2903 | return    3.200 | deliv   3.20 | blocked 10.2% | idle  0.5% | ent 0.534
  upd 2904 | return    2.100 | deliv   2.10 | blocked  7.9% | idle  0.4% | ent 0.493
  upd 2905 | return    2.400 | deliv   2.40 | blocked  8.9% | idle  0.4% | ent 0.495
  upd 2906 | return    3.600 | deliv   3.60 | blocked 11.4% | idle  0.4% | ent 0.460
  upd 2907 | return    4.200 | deliv   4.20 | blocked 10.8% | idle  0.6% | ent 0.551
  upd 2908 | return    3.300 | deliv   3.30 | blocked 10.8% | idle  0.6% | ent 0.603
  upd 2909 | return    2.800 | deliv   2.80 | blocked 12.7% | idle  0.5% | ent 0.572
  upd 2910 | return    2.700 | deliv   2.70 | blocked  8.5% | idle  0.8% | ent 0.618
  upd 2911 | return    3.000 | deliv   3.00 | blocked 10.6% | idle  0.6% | ent 0.592
  upd 2912 | return    4.100 | deliv   4.10 | blocked  8.4% | idle  0.6% | ent 0.609
  upd 2913 | return    4.200 | deliv   4.20 | blocked  7.4% | idle  0.6% | ent 0.613
  upd 2914 | return    3.300 | deliv   3.30 | blocked  8.4% | idle  0.6% | ent 0.544
  upd 2915 | return    2.900 | deliv   2.90 | blocked  8.4% | idle  0.5% | ent 0.567
  upd 2916 | return    2.900 | deliv   2.90 | blocked  7.9% | idle  0.6% | ent 0.570
  upd 2917 | return    4.000 | deliv   4.00 | blocked 11.0% | idle  0.4% | ent 0.476
  upd 2918 | return    3.400 | deliv   3.40 | blocked  8.8% | idle  0.4% | ent 0.448
  upd 2919 | return    2.600 | deliv   2.60 | blocked  9.8% | idle  0.6% | ent 0.491
  upd 2920 | return    3.000 | deliv   3.00 | blocked  9.8% | idle  0.5% | ent 0.486
  upd 2921 | return    2.400 | deliv   2.40 | blocked  6.6% | idle  0.4% | ent 0.473
  upd 2922 | return    4.100 | deliv   4.10 | blocked  9.6% | idle  0.4% | ent 0.402
  upd 2923 | return    2.500 | deliv   2.50 | blocked  7.8% | idle  0.4% | ent 0.409
  upd 2924 | return    2.700 | deliv   2.70 | blocked  8.3% | idle  0.5% | ent 0.416
  upd 2925 | return    3.900 | deliv   3.90 | blocked  8.3% | idle  0.4% | ent 0.431
  upd 2926 | return    3.000 | deliv   3.00 | blocked  7.6% | idle  0.4% | ent 0.473
  upd 2927 | return    3.400 | deliv   3.40 | blocked  6.3% | idle  0.3% | ent 0.457
  upd 2928 | return    3.400 | deliv   3.40 | blocked  6.6% | idle  0.4% | ent 0.505
  upd 2929 | return    4.100 | deliv   4.10 | blocked  8.0% | idle  0.4% | ent 0.416
  upd 2930 | return    3.400 | deliv   3.40 | blocked  8.0% | idle  0.6% | ent 0.522
  upd 2931 | return    2.500 | deliv   2.50 | blocked  8.2% | idle  0.6% | ent 0.497
  upd 2932 | return    3.600 | deliv   3.60 | blocked  8.6% | idle  0.3% | ent 0.395
  upd 2933 | return    3.600 | deliv   3.60 | blocked  4.7% | idle  0.4% | ent 0.467
  upd 2934 | return    3.900 | deliv   3.90 | blocked  7.9% | idle  0.6% | ent 0.563
  upd 2935 | return    4.000 | deliv   4.00 | blocked  8.3% | idle  0.5% | ent 0.552
  upd 2936 | return    3.800 | deliv   3.80 | blocked  9.4% | idle  0.5% | ent 0.573
  upd 2937 | return    3.200 | deliv   3.20 | blocked  8.7% | idle  0.5% | ent 0.598
  upd 2938 | return    3.600 | deliv   3.60 | blocked  9.8% | idle  0.4% | ent 0.507
  upd 2939 | return    3.200 | deliv   3.20 | blocked  9.8% | idle  0.6% | ent 0.601
  upd 2940 | return    3.000 | deliv   3.00 | blocked  9.9% | idle  0.6% | ent 0.609
  upd 2941 | return    3.700 | deliv   3.70 | blocked 11.1% | idle  0.6% | ent 0.538
  upd 2942 | return    2.500 | deliv   2.50 | blocked 11.9% | idle  0.7% | ent 0.586
  upd 2943 | return    5.300 | deliv   5.30 | blocked 10.7% | idle  0.6% | ent 0.606
  upd 2944 | return    4.600 | deliv   4.60 | blocked 12.1% | idle  0.5% | ent 0.557
  upd 2945 | return    2.200 | deliv   2.20 | blocked 13.5% | idle  0.5% | ent 0.584
  upd 2946 | return    4.500 | deliv   4.50 | blocked 13.9% | idle  0.6% | ent 0.564
  upd 2947 | return    2.600 | deliv   2.60 | blocked 12.1% | idle  0.6% | ent 0.574
  upd 2948 | return    4.100 | deliv   4.10 | blocked 13.3% | idle  0.5% | ent 0.551
  upd 2949 | return    3.700 | deliv   3.70 | blocked 12.6% | idle  0.5% | ent 0.553
  upd 2950 | return    4.100 | deliv   4.10 | blocked 13.1% | idle  0.5% | ent 0.552
  upd 2951 | return    3.500 | deliv   3.50 | blocked 12.2% | idle  0.5% | ent 0.558
  upd 2952 | return    4.800 | deliv   4.80 | blocked 13.5% | idle  0.5% | ent 0.527
  upd 2953 | return    2.900 | deliv   2.90 | blocked 10.8% | idle  0.4% | ent 0.538
  upd 2954 | return    4.700 | deliv   4.70 | blocked  9.4% | idle  0.5% | ent 0.553
  upd 2955 | return    4.100 | deliv   4.10 | blocked  9.1% | idle  0.6% | ent 0.522
  upd 2956 | return    3.500 | deliv   3.50 | blocked 13.1% | idle  0.6% | ent 0.546
  upd 2957 | return    4.400 | deliv   4.40 | blocked 12.6% | idle  0.6% | ent 0.530
  upd 2958 | return    3.700 | deliv   3.70 | blocked 12.2% | idle  0.6% | ent 0.566
  upd 2959 | return    3.800 | deliv   3.80 | blocked  9.8% | idle  0.5% | ent 0.521
  upd 2960 | return    3.600 | deliv   3.60 | blocked 12.0% | idle  0.7% | ent 0.536
  upd 2961 | return    4.500 | deliv   4.50 | blocked 12.3% | idle  0.6% | ent 0.513
  upd 2962 | return    5.200 | deliv   5.20 | blocked  9.8% | idle  0.5% | ent 0.509
  upd 2963 | return    3.300 | deliv   3.30 | blocked 13.6% | idle  0.5% | ent 0.526
  upd 2964 | return    3.200 | deliv   3.20 | blocked  8.8% | idle  0.7% | ent 0.523
  upd 2965 | return    3.200 | deliv   3.20 | blocked  8.4% | idle  0.5% | ent 0.536
  upd 2966 | return    3.400 | deliv   3.40 | blocked 10.3% | idle  0.6% | ent 0.534
  upd 2967 | return    3.800 | deliv   3.80 | blocked 10.4% | idle  0.5% | ent 0.530
  upd 2968 | return    3.600 | deliv   3.60 | blocked  9.8% | idle  0.5% | ent 0.532
  upd 2969 | return    3.500 | deliv   3.50 | blocked  9.2% | idle  0.5% | ent 0.567
  upd 2970 | return    4.300 | deliv   4.30 | blocked  9.8% | idle  0.5% | ent 0.526
  upd 2971 | return    3.800 | deliv   3.80 | blocked  8.6% | idle  0.6% | ent 0.546
  upd 2972 | return    3.800 | deliv   3.80 | blocked 13.4% | idle  0.5% | ent 0.543
  upd 2973 | return    3.700 | deliv   3.70 | blocked  9.9% | idle  0.5% | ent 0.551
  upd 2974 | return    3.800 | deliv   3.80 | blocked  9.8% | idle  0.6% | ent 0.557
  upd 2975 | return    3.100 | deliv   3.10 | blocked 11.1% | idle  0.5% | ent 0.555
  upd 2976 | return    3.700 | deliv   3.70 | blocked 11.1% | idle  0.5% | ent 0.561
  upd 2977 | return    3.000 | deliv   3.00 | blocked 12.5% | idle  0.6% | ent 0.607
  upd 2978 | return    4.000 | deliv   4.00 | blocked 12.2% | idle  0.6% | ent 0.544
  upd 2979 | return    3.000 | deliv   3.00 | blocked 13.5% | idle  0.4% | ent 0.501
  upd 2980 | return    3.000 | deliv   3.00 | blocked 12.6% | idle  0.6% | ent 0.552
  upd 2981 | return    4.400 | deliv   4.40 | blocked 12.9% | idle  0.5% | ent 0.587
  upd 2982 | return    3.200 | deliv   3.20 | blocked 12.2% | idle  0.5% | ent 0.588
  upd 2983 | return    4.600 | deliv   4.60 | blocked 12.5% | idle  0.5% | ent 0.611
  upd 2984 | return    2.500 | deliv   2.50 | blocked 14.8% | idle  0.4% | ent 0.646
  upd 2985 | return    3.600 | deliv   3.60 | blocked 11.6% | idle  0.5% | ent 0.585
  upd 2986 | return    5.200 | deliv   5.20 | blocked 12.0% | idle  0.4% | ent 0.637
  upd 2987 | return    4.400 | deliv   4.40 | blocked 11.5% | idle  0.5% | ent 0.644
  upd 2988 | return    4.200 | deliv   4.20 | blocked 12.6% | idle  0.5% | ent 0.621
  upd 2989 | return    4.000 | deliv   4.00 | blocked 13.7% | idle  0.6% | ent 0.687
  upd 2990 | return    3.100 | deliv   3.10 | blocked 11.6% | idle  0.6% | ent 0.672
  upd 2991 | return    3.900 | deliv   3.90 | blocked 15.6% | idle  0.5% | ent 0.719
  upd 2992 | return    3.600 | deliv   3.60 | blocked 15.9% | idle  0.6% | ent 0.675
  upd 2993 | return    3.900 | deliv   3.90 | blocked 16.8% | idle  0.5% | ent 0.664
  upd 2994 | return    3.700 | deliv   3.70 | blocked 17.4% | idle  0.6% | ent 0.697
  upd 2995 | return    3.500 | deliv   3.50 | blocked 16.8% | idle  0.6% | ent 0.681
  upd 2996 | return    3.400 | deliv   3.40 | blocked 18.5% | idle  0.5% | ent 0.680
  upd 2997 | return    4.200 | deliv   4.20 | blocked 15.6% | idle  0.5% | ent 0.665
  upd 2998 | return    4.100 | deliv   4.10 | blocked 18.8% | idle  0.6% | ent 0.649
  upd 2999 | return    4.200 | deliv   4.20 | blocked 18.0% | idle  0.5% | ent 0.648
[commentary @ update 3000]
  deliveries/episode ~3.6 ▲   team return ~3.57 ▲
  contention (forward-blocked) 11.0% ▼   idle 0.5%
  throughput is weighted toward the early of the episode (early 2.9 / mid 0.5 / late 0.2)

ran 2200 updates (11,000,000 env steps) in 898.8s  (12,239 steps/s)
checkpoints -> runs/maa2c_tiny-4ag_seed2/checkpoints  (latest=3000, best=3000)   metrics -> runs/maa2c_tiny-4ag_seed2/results.csv
