E0612 19:16:11.398704    2695 cuda_executor.cc:1526] Could not get kernel mode driver version: (INVALID_ARGUMENT: Version does not match the format X.Y.Z)
E0612 19:16:11.415257    2653 cuda_executor.cc:1526] Could not get kernel mode driver version: (INVALID_ARGUMENT: Version does not match the format X.Y.Z)
algo=mappo (centralised_critic=True, use_ppo=True, use_rnn=True)
env=rware-tiny-4ag  parallel_envs=10 time_limit=500  updates=10000  (steps/update=5000)  seed=2
run-dir=runs/mappo_evo_tiny-4ag_seed2  chunk=100 updates/save  max_to_keep=5
live per-update log (return / deliveries / blocked% / idle% / entropy) follows; watch entropy — a fast drop toward 0 means exploration collapse:

  [replay @ update 0] return 0.00  deliveries 0  -> runs/mappo_evo_tiny-4ag_seed2/replays/replay_upd000000_s0.npz
  upd    0 | return    0.000 | deliv   0.00 | blocked  3.7% | idle  6.1% | ent 1.460
  upd    1 | return    0.300 | deliv   0.30 | blocked  4.2% | idle  4.3% | ent 1.443
  upd    2 | return    0.300 | deliv   0.30 | blocked  4.5% | idle  3.8% | ent 1.434
  upd    3 | return    0.200 | deliv   0.20 | blocked  7.6% | idle  2.4% | ent 1.405
  upd    4 | return    0.100 | deliv   0.10 | blocked  9.6% | idle  2.8% | ent 1.379
  upd    5 | return    0.700 | deliv   0.70 | blocked 10.1% | idle  2.3% | ent 1.308
  upd    6 | return    0.200 | deliv   0.20 | blocked 12.3% | idle  2.4% | ent 1.308
  upd    7 | return    0.200 | deliv   0.20 | blocked 14.6% | idle  2.0% | ent 1.264
  upd    8 | return    0.500 | deliv   0.50 | blocked 16.3% | idle  1.6% | ent 1.175
  upd    9 | return    0.100 | deliv   0.10 | blocked 20.4% | idle  1.3% | ent 1.114
  upd   10 | return    0.200 | deliv   0.20 | blocked 21.8% | idle  1.0% | ent 1.124
  upd   11 | return    0.200 | deliv   0.20 | blocked 17.9% | idle  1.2% | ent 1.193
  upd   12 | return    0.100 | deliv   0.10 | blocked 14.9% | idle  1.0% | ent 1.227
  upd   13 | return    0.600 | deliv   0.60 | blocked 12.0% | idle  1.1% | ent 1.199
  upd   14 | return    0.200 | deliv   0.20 | blocked 18.9% | idle  1.1% | ent 1.180
  upd   15 | return    0.300 | deliv   0.30 | blocked 14.8% | idle  1.2% | ent 1.176
  upd   16 | return    0.400 | deliv   0.40 | blocked 13.2% | idle  0.9% | ent 1.088
  upd   17 | return    0.100 | deliv   0.10 | blocked 21.1% | idle  0.7% | ent 0.924
  upd   18 | return    0.500 | deliv   0.50 | blocked 26.7% | idle  0.6% | ent 0.917
  upd   19 | return    0.300 | deliv   0.30 | blocked 28.7% | idle  0.6% | ent 0.937
  upd   20 | return    0.200 | deliv   0.20 | blocked 24.4% | idle  0.8% | ent 0.940
  upd   21 | return    0.700 | deliv   0.70 | blocked 25.6% | idle  0.8% | ent 0.929
  upd   22 | return    0.100 | deliv   0.10 | blocked 26.8% | idle  0.8% | ent 0.938
  upd   23 | return    0.500 | deliv   0.50 | blocked 27.0% | idle  0.8% | ent 0.895
  upd   24 | return    0.200 | deliv   0.20 | blocked 25.0% | idle  0.8% | ent 0.892
  upd   25 | return    0.600 | deliv   0.60 | blocked 27.9% | idle  0.6% | ent 0.836
  upd   26 | return    0.400 | deliv   0.40 | blocked 26.1% | idle  0.7% | ent 0.885
  upd   27 | return    0.000 | deliv   0.00 | blocked 26.3% | idle  0.7% | ent 0.885
  upd   28 | return    0.300 | deliv   0.30 | blocked 23.6% | idle  0.6% | ent 0.920
  upd   29 | return    0.300 | deliv   0.30 | blocked 19.9% | idle  0.8% | ent 0.926
  upd   30 | return    0.500 | deliv   0.50 | blocked 22.8% | idle  0.6% | ent 0.896
  upd   31 | return    0.300 | deliv   0.30 | blocked 20.9% | idle  0.6% | ent 0.901
  upd   32 | return    0.100 | deliv   0.10 | blocked 25.5% | idle  0.7% | ent 0.836
  upd   33 | return    0.300 | deliv   0.30 | blocked 27.9% | idle  0.6% | ent 0.761
  upd   34 | return    0.500 | deliv   0.50 | blocked 36.4% | idle  0.5% | ent 0.621
  upd   35 | return    0.200 | deliv   0.20 | blocked 46.3% | idle  0.4% | ent 0.542
  upd   36 | return    0.000 | deliv   0.00 | blocked 52.6% | idle  0.5% | ent 0.482
  upd   37 | return    0.300 | deliv   0.30 | blocked 55.6% | idle  0.4% | ent 0.446
  upd   38 | return    0.200 | deliv   0.20 | blocked 58.2% | idle  0.3% | ent 0.477
  upd   39 | return    0.100 | deliv   0.10 | blocked 52.2% | idle  0.5% | ent 0.517
  upd   40 | return    0.000 | deliv   0.00 | blocked 52.0% | idle  0.4% | ent 0.517
  upd   41 | return    0.400 | deliv   0.40 | blocked 49.4% | idle  0.5% | ent 0.562
  upd   42 | return    0.100 | deliv   0.10 | blocked 45.2% | idle  0.6% | ent 0.570
  upd   43 | return    0.300 | deliv   0.30 | blocked 41.2% | idle  0.6% | ent 0.568
  upd   44 | return    0.100 | deliv   0.10 | blocked 47.1% | idle  0.7% | ent 0.526
  upd   45 | return    0.200 | deliv   0.20 | blocked 47.8% | idle  0.5% | ent 0.496
  upd   46 | return    0.100 | deliv   0.10 | blocked 49.5% | idle  0.5% | ent 0.531
  upd   47 | return    0.100 | deliv   0.10 | blocked 45.9% | idle  0.5% | ent 0.514
  upd   48 | return    0.200 | deliv   0.20 | blocked 53.4% | idle  0.5% | ent 0.468
  upd   49 | return    0.400 | deliv   0.40 | blocked 47.5% | idle  0.4% | ent 0.490
  upd   50 | return    0.200 | deliv   0.20 | blocked 53.8% | idle  0.5% | ent 0.503
  upd   51 | return    0.200 | deliv   0.20 | blocked 45.7% | idle  0.5% | ent 0.521
  upd   52 | return    0.300 | deliv   0.30 | blocked 49.0% | idle  0.5% | ent 0.509
  upd   53 | return    0.300 | deliv   0.30 | blocked 43.6% | idle  0.6% | ent 0.515
  upd   54 | return    0.100 | deliv   0.10 | blocked 52.2% | idle  0.4% | ent 0.458
  upd   55 | return    0.100 | deliv   0.10 | blocked 57.6% | idle  0.3% | ent 0.433
  upd   56 | return    0.100 | deliv   0.10 | blocked 53.6% | idle  0.3% | ent 0.473
  upd   57 | return    0.300 | deliv   0.30 | blocked 57.6% | idle  0.3% | ent 0.478
  upd   58 | return    0.100 | deliv   0.10 | blocked 52.5% | idle  0.3% | ent 0.513
  upd   59 | return    0.300 | deliv   0.30 | blocked 54.6% | idle  0.3% | ent 0.516
  upd   60 | return    0.300 | deliv   0.30 | blocked 51.8% | idle  0.3% | ent 0.528
  upd   61 | return    0.000 | deliv   0.00 | blocked 53.0% | idle  0.3% | ent 0.510
  upd   62 | return    0.100 | deliv   0.10 | blocked 53.4% | idle  0.3% | ent 0.503
  upd   63 | return    0.100 | deliv   0.10 | blocked 52.0% | idle  0.3% | ent 0.505
  upd   64 | return    0.000 | deliv   0.00 | blocked 59.7% | idle  0.2% | ent 0.439
  upd   65 | return    0.300 | deliv   0.30 | blocked 60.1% | idle  0.3% | ent 0.511
  upd   66 | return    0.100 | deliv   0.10 | blocked 49.4% | idle  0.4% | ent 0.595
  upd   67 | return    0.300 | deliv   0.30 | blocked 45.9% | idle  0.3% | ent 0.615
  upd   68 | return    0.200 | deliv   0.20 | blocked 40.5% | idle  0.4% | ent 0.616
  upd   69 | return    0.100 | deliv   0.10 | blocked 44.9% | idle  0.4% | ent 0.607
  upd   70 | return    0.200 | deliv   0.20 | blocked 40.3% | idle  0.4% | ent 0.614
  upd   71 | return    0.000 | deliv   0.00 | blocked 38.3% | idle  0.6% | ent 0.610
  upd   72 | return    0.000 | deliv   0.00 | blocked 36.3% | idle  0.4% | ent 0.615
  upd   73 | return    0.100 | deliv   0.10 | blocked 42.2% | idle  0.5% | ent 0.604
  upd   74 | return    0.300 | deliv   0.30 | blocked 42.4% | idle  0.3% | ent 0.657
  upd   75 | return    0.100 | deliv   0.10 | blocked 32.1% | idle  0.5% | ent 0.679
  upd   76 | return    0.500 | deliv   0.50 | blocked 35.8% | idle  0.5% | ent 0.615
  upd   77 | return    0.200 | deliv   0.20 | blocked 40.8% | idle  0.6% | ent 0.647
  upd   78 | return    0.000 | deliv   0.00 | blocked 43.3% | idle  0.5% | ent 0.586
  upd   79 | return    0.200 | deliv   0.20 | blocked 41.9% | idle  0.5% | ent 0.629
  upd   80 | return    0.400 | deliv   0.40 | blocked 37.0% | idle  0.5% | ent 0.665
  upd   81 | return    0.300 | deliv   0.30 | blocked 32.9% | idle  0.4% | ent 0.644
  upd   82 | return    0.300 | deliv   0.30 | blocked 42.8% | idle  0.3% | ent 0.626
  upd   83 | return    0.500 | deliv   0.50 | blocked 34.8% | idle  0.5% | ent 0.661
  upd   84 | return    0.300 | deliv   0.30 | blocked 34.6% | idle  0.5% | ent 0.611
  upd   85 | return    0.300 | deliv   0.30 | blocked 46.9% | idle  0.3% | ent 0.626
  upd   86 | return    0.000 | deliv   0.00 | blocked 38.0% | idle  0.3% | ent 0.629
  upd   87 | return    0.100 | deliv   0.10 | blocked 44.2% | idle  0.4% | ent 0.587
  upd   88 | return    0.100 | deliv   0.10 | blocked 46.7% | idle  0.3% | ent 0.544
  upd   89 | return    0.100 | deliv   0.10 | blocked 55.6% | idle  0.2% | ent 0.567
  upd   90 | return    0.100 | deliv   0.10 | blocked 44.2% | idle  0.3% | ent 0.653
  upd   91 | return    0.000 | deliv   0.00 | blocked 42.9% | idle  0.4% | ent 0.642
  upd   92 | return    0.100 | deliv   0.10 | blocked 42.5% | idle  0.4% | ent 0.642
  upd   93 | return    0.200 | deliv   0.20 | blocked 46.6% | idle  0.4% | ent 0.696
  upd   94 | return    0.100 | deliv   0.10 | blocked 36.1% | idle  0.5% | ent 0.745
  upd   95 | return    0.400 | deliv   0.40 | blocked 36.3% | idle  0.5% | ent 0.786
  upd   96 | return    0.300 | deliv   0.30 | blocked 32.3% | idle  0.5% | ent 0.709
  upd   97 | return    0.400 | deliv   0.40 | blocked 42.0% | idle  0.4% | ent 0.661
  upd   98 | return    0.100 | deliv   0.10 | blocked 51.5% | idle  0.3% | ent 0.607
  upd   99 | return    0.000 | deliv   0.00 | blocked 51.4% | idle  0.3% | ent 0.577
  [replay @ update 100] return 0.00  deliveries 0  -> runs/mappo_evo_tiny-4ag_seed2/replays/replay_upd000100_s0.npz
  upd  100 | return    0.100 | deliv   0.10 | blocked 58.6% | idle  0.2% | ent 0.513
  upd  101 | return    0.000 | deliv   0.00 | blocked 60.3% | idle  0.3% | ent 0.475
  upd  102 | return    0.300 | deliv   0.30 | blocked 62.6% | idle  0.2% | ent 0.482
  upd  103 | return    0.100 | deliv   0.10 | blocked 64.7% | idle  0.3% | ent 0.484
  upd  104 | return    0.000 | deliv   0.00 | blocked 58.1% | idle  0.2% | ent 0.526
  upd  105 | return    0.200 | deliv   0.20 | blocked 60.8% | idle  0.2% | ent 0.509
  upd  106 | return    0.000 | deliv   0.00 | blocked 57.4% | idle  0.3% | ent 0.506
  upd  107 | return    0.300 | deliv   0.30 | blocked 63.2% | idle  0.2% | ent 0.494
  upd  108 | return    0.300 | deliv   0.30 | blocked 60.4% | idle  0.3% | ent 0.566
  upd  109 | return    0.100 | deliv   0.10 | blocked 53.6% | idle  0.3% | ent 0.553
  upd  110 | return    0.100 | deliv   0.10 | blocked 56.5% | idle  0.3% | ent 0.554
  upd  111 | return    0.200 | deliv   0.20 | blocked 56.2% | idle  0.2% | ent 0.612
  upd  112 | return    0.200 | deliv   0.20 | blocked 45.9% | idle  0.3% | ent 0.717
  upd  113 | return    0.100 | deliv   0.10 | blocked 40.1% | idle  0.4% | ent 0.725
  upd  114 | return    0.000 | deliv   0.00 | blocked 39.6% | idle  0.4% | ent 0.739
  upd  115 | return    0.200 | deliv   0.20 | blocked 41.8% | idle  0.3% | ent 0.735
  upd  116 | return    0.200 | deliv   0.20 | blocked 42.0% | idle  0.3% | ent 0.680
  upd  117 | return    0.300 | deliv   0.30 | blocked 47.6% | idle  0.3% | ent 0.715
  upd  118 | return    0.300 | deliv   0.30 | blocked 42.1% | idle  0.3% | ent 0.703
  upd  119 | return    0.100 | deliv   0.10 | blocked 42.5% | idle  0.3% | ent 0.737
  upd  120 | return    0.000 | deliv   0.00 | blocked 35.6% | idle  0.3% | ent 0.774
  upd  121 | return    0.000 | deliv   0.00 | blocked 30.4% | idle  0.3% | ent 0.791
  upd  122 | return    0.000 | deliv   0.00 | blocked 28.8% | idle  0.3% | ent 0.799
  upd  123 | return    0.300 | deliv   0.30 | blocked 22.5% | idle  0.4% | ent 0.799
  upd  124 | return    0.200 | deliv   0.20 | blocked 24.8% | idle  0.4% | ent 0.774
  upd  125 | return    0.100 | deliv   0.10 | blocked 38.5% | idle  0.3% | ent 0.745
  upd  126 | return    0.100 | deliv   0.10 | blocked 41.9% | idle  0.2% | ent 0.741
  upd  127 | return    0.000 | deliv   0.00 | blocked 41.8% | idle  0.2% | ent 0.681
  upd  128 | return    0.000 | deliv   0.00 | blocked 50.3% | idle  0.2% | ent 0.626
  upd  129 | return    0.000 | deliv   0.00 | blocked 57.0% | idle  0.2% | ent 0.582
  upd  130 | return    0.000 | deliv   0.00 | blocked 57.6% | idle  0.2% | ent 0.574
  upd  131 | return    0.100 | deliv   0.10 | blocked 53.2% | idle  0.2% | ent 0.614
  upd  132 | return    0.000 | deliv   0.00 | blocked 54.1% | idle  0.1% | ent 0.590
  upd  133 | return    0.000 | deliv   0.00 | blocked 56.3% | idle  0.2% | ent 0.609
  upd  134 | return    0.000 | deliv   0.00 | blocked 55.7% | idle  0.2% | ent 0.620
  upd  135 | return    0.000 | deliv   0.00 | blocked 54.1% | idle  0.2% | ent 0.629
  upd  136 | return    0.000 | deliv   0.00 | blocked 52.3% | idle  0.2% | ent 0.661
  upd  137 | return    0.000 | deliv   0.00 | blocked 46.6% | idle  0.3% | ent 0.702
  upd  138 | return    0.200 | deliv   0.20 | blocked 44.4% | idle  0.2% | ent 0.731
  upd  139 | return    0.100 | deliv   0.10 | blocked 41.8% | idle  0.3% | ent 0.732
  upd  140 | return    0.000 | deliv   0.00 | blocked 40.7% | idle  0.3% | ent 0.790
  upd  141 | return    0.000 | deliv   0.00 | blocked 36.5% | idle  0.4% | ent 0.821
  upd  142 | return    0.100 | deliv   0.10 | blocked 34.9% | idle  0.5% | ent 0.835
  upd  143 | return    0.100 | deliv   0.10 | blocked 29.2% | idle  0.5% | ent 0.810
  upd  144 | return    0.100 | deliv   0.10 | blocked 35.5% | idle  0.4% | ent 0.765
  upd  145 | return    0.100 | deliv   0.10 | blocked 40.1% | idle  0.5% | ent 0.762
  upd  146 | return    0.000 | deliv   0.00 | blocked 40.7% | idle  0.4% | ent 0.786
  upd  147 | return    0.200 | deliv   0.20 | blocked 38.9% | idle  0.6% | ent 0.831
  upd  148 | return    0.100 | deliv   0.10 | blocked 34.8% | idle  0.6% | ent 0.806
  upd  149 | return    0.100 | deliv   0.10 | blocked 40.9% | idle  0.6% | ent 0.779
  upd  150 | return    0.100 | deliv   0.10 | blocked 42.1% | idle  0.4% | ent 0.784
  upd  151 | return    0.000 | deliv   0.00 | blocked 37.9% | idle  0.5% | ent 0.812
  upd  152 | return    0.000 | deliv   0.00 | blocked 37.2% | idle  0.6% | ent 0.837
  upd  153 | return    0.000 | deliv   0.00 | blocked 32.6% | idle  0.7% | ent 0.881
  upd  154 | return    0.500 | deliv   0.50 | blocked 28.3% | idle  0.9% | ent 0.859
  upd  155 | return    0.000 | deliv   0.00 | blocked 29.8% | idle  0.6% | ent 0.870
  upd  156 | return    0.000 | deliv   0.00 | blocked 33.3% | idle  0.6% | ent 0.831
  upd  157 | return    0.200 | deliv   0.20 | blocked 35.0% | idle  0.5% | ent 0.882
  upd  158 | return    0.300 | deliv   0.30 | blocked 30.6% | idle  0.5% | ent 0.788
  upd  159 | return    0.100 | deliv   0.10 | blocked 37.0% | idle  0.6% | ent 0.840
  upd  160 | return    0.100 | deliv   0.10 | blocked 34.2% | idle  0.7% | ent 0.874
  upd  161 | return    0.100 | deliv   0.10 | blocked 31.2% | idle  0.5% | ent 0.901
  upd  162 | return    0.100 | deliv   0.10 | blocked 28.8% | idle  0.7% | ent 0.915
  upd  163 | return    0.000 | deliv   0.00 | blocked 25.9% | idle  0.8% | ent 0.939
  upd  164 | return    0.000 | deliv   0.00 | blocked 22.3% | idle  0.9% | ent 0.941
  upd  165 | return    0.300 | deliv   0.30 | blocked 21.4% | idle  0.9% | ent 0.905
  upd  166 | return    0.300 | deliv   0.30 | blocked 26.6% | idle  0.7% | ent 0.920
  upd  167 | return    0.000 | deliv   0.00 | blocked 23.0% | idle  0.9% | ent 0.920
  upd  168 | return    0.100 | deliv   0.10 | blocked 25.1% | idle  0.8% | ent 0.899
  upd  169 | return    0.100 | deliv   0.10 | blocked 27.6% | idle  0.7% | ent 0.898
  upd  170 | return    0.000 | deliv   0.00 | blocked 25.5% | idle  0.7% | ent 0.910
  upd  171 | return    0.100 | deliv   0.10 | blocked 21.2% | idle  1.0% | ent 0.921
  upd  172 | return    0.000 | deliv   0.00 | blocked 17.4% | idle  1.0% | ent 0.925
  upd  173 | return    0.000 | deliv   0.00 | blocked 17.7% | idle  1.1% | ent 0.936
  upd  174 | return    0.000 | deliv   0.00 | blocked 15.7% | idle  1.5% | ent 0.953
  upd  175 | return    0.200 | deliv   0.20 | blocked 14.5% | idle  1.6% | ent 0.964
  upd  176 | return    0.200 | deliv   0.20 | blocked 16.0% | idle  1.8% | ent 0.978
  upd  177 | return    0.000 | deliv   0.00 | blocked 20.3% | idle  1.6% | ent 0.954
  upd  178 | return    0.100 | deliv   0.10 | blocked 20.9% | idle  1.3% | ent 0.946
  upd  179 | return    0.200 | deliv   0.20 | blocked 19.8% | idle  1.6% | ent 0.952
  upd  180 | return    0.100 | deliv   0.10 | blocked 16.9% | idle  1.7% | ent 0.962
  upd  181 | return    0.000 | deliv   0.00 | blocked 17.6% | idle  2.0% | ent 0.983
  upd  182 | return    0.000 | deliv   0.00 | blocked 17.2% | idle  2.4% | ent 0.984
  upd  183 | return    0.100 | deliv   0.10 | blocked 15.5% | idle  2.2% | ent 0.941
  upd  184 | return    0.000 | deliv   0.00 | blocked 12.0% | idle  2.1% | ent 0.971
  upd  185 | return    0.000 | deliv   0.00 | blocked 13.1% | idle  1.9% | ent 0.978
  upd  186 | return    0.100 | deliv   0.10 | blocked 14.2% | idle  2.1% | ent 0.971
  upd  187 | return    0.100 | deliv   0.10 | blocked 14.8% | idle  1.9% | ent 0.962
  upd  188 | return    0.100 | deliv   0.10 | blocked 17.5% | idle  1.6% | ent 0.959
  upd  189 | return    0.000 | deliv   0.00 | blocked 20.4% | idle  1.3% | ent 0.945
  upd  190 | return    0.100 | deliv   0.10 | blocked 22.6% | idle  1.3% | ent 0.957
  upd  191 | return    0.200 | deliv   0.20 | blocked 20.0% | idle  1.1% | ent 0.941
  upd  192 | return    0.000 | deliv   0.00 | blocked 17.6% | idle  1.3% | ent 0.941
  upd  193 | return    0.000 | deliv   0.00 | blocked 16.6% | idle  1.4% | ent 0.951
  upd  194 | return    0.100 | deliv   0.10 | blocked 15.4% | idle  1.5% | ent 0.974
  upd  195 | return    0.000 | deliv   0.00 | blocked 16.6% | idle  1.5% | ent 0.974
  upd  196 | return    0.000 | deliv   0.00 | blocked 18.0% | idle  1.5% | ent 0.975
  upd  197 | return    0.100 | deliv   0.10 | blocked 18.2% | idle  1.5% | ent 0.964
  upd  198 | return    0.100 | deliv   0.10 | blocked 16.5% | idle  1.6% | ent 0.998
  upd  199 | return    0.000 | deliv   0.00 | blocked 16.9% | idle  1.6% | ent 0.986
  [replay @ update 200] return 0.00  deliveries 0  -> runs/mappo_evo_tiny-4ag_seed2/replays/replay_upd000200_s0.npz
  upd  200 | return    0.000 | deliv   0.00 | blocked 18.4% | idle  1.5% | ent 0.966
  upd  201 | return    0.300 | deliv   0.30 | blocked 19.2% | idle  1.5% | ent 0.973
  upd  202 | return    0.100 | deliv   0.10 | blocked 17.4% | idle  2.0% | ent 0.990
  upd  203 | return    0.100 | deliv   0.10 | blocked 18.7% | idle  1.8% | ent 0.979
  upd  204 | return    0.000 | deliv   0.00 | blocked 17.4% | idle  2.0% | ent 1.001
  upd  205 | return    0.100 | deliv   0.10 | blocked 16.7% | idle  2.2% | ent 0.994
  upd  206 | return    0.100 | deliv   0.10 | blocked 16.4% | idle  2.3% | ent 1.024
  upd  207 | return    0.200 | deliv   0.20 | blocked 17.5% | idle  2.5% | ent 1.002
  upd  208 | return    0.100 | deliv   0.10 | blocked 13.9% | idle  3.4% | ent 1.048
  upd  209 | return    0.200 | deliv   0.20 | blocked 18.2% | idle  3.1% | ent 1.026
  upd  210 | return    0.000 | deliv   0.00 | blocked 25.0% | idle  2.8% | ent 1.005
  upd  211 | return    0.200 | deliv   0.20 | blocked 23.0% | idle  2.9% | ent 0.998
  upd  212 | return    0.000 | deliv   0.00 | blocked 21.0% | idle  3.5% | ent 1.023
  upd  213 | return    0.400 | deliv   0.40 | blocked 26.8% | idle  3.6% | ent 1.017
  upd  214 | return    0.500 | deliv   0.50 | blocked 26.8% | idle  2.7% | ent 0.995
  upd  215 | return    0.100 | deliv   0.10 | blocked 29.3% | idle  2.4% | ent 0.948
  upd  216 | return    0.000 | deliv   0.00 | blocked 31.0% | idle  2.0% | ent 0.979
  upd  217 | return    0.100 | deliv   0.10 | blocked 26.8% | idle  2.5% | ent 0.999
  upd  218 | return    0.100 | deliv   0.10 | blocked 26.9% | idle  2.6% | ent 1.000
  upd  219 | return    0.100 | deliv   0.10 | blocked 27.6% | idle  3.1% | ent 0.991
  upd  220 | return    0.200 | deliv   0.20 | blocked 30.8% | idle  3.1% | ent 0.931
  upd  221 | return    0.200 | deliv   0.20 | blocked 34.1% | idle  2.8% | ent 0.924
  upd  222 | return    0.100 | deliv   0.10 | blocked 32.0% | idle  3.3% | ent 0.941
  upd  223 | return    0.300 | deliv   0.30 | blocked 34.4% | idle  2.1% | ent 0.870
  upd  224 | return    0.000 | deliv   0.00 | blocked 34.3% | idle  2.2% | ent 0.929
  upd  225 | return    0.100 | deliv   0.10 | blocked 32.1% | idle  2.4% | ent 0.935
  upd  226 | return    0.000 | deliv   0.00 | blocked 30.7% | idle  2.1% | ent 0.930
  upd  227 | return    0.400 | deliv   0.40 | blocked 32.3% | idle  1.6% | ent 0.924
  upd  228 | return    0.000 | deliv   0.00 | blocked 30.3% | idle  2.6% | ent 0.943
  upd  229 | return    0.100 | deliv   0.10 | blocked 31.8% | idle  2.7% | ent 0.967
  upd  230 | return    0.100 | deliv   0.10 | blocked 31.8% | idle  2.9% | ent 0.959
  upd  231 | return    0.000 | deliv   0.00 | blocked 29.8% | idle  3.1% | ent 0.939
  upd  232 | return    0.300 | deliv   0.30 | blocked 31.1% | idle  2.9% | ent 0.911
  upd  233 | return    0.000 | deliv   0.00 | blocked 36.0% | idle  3.1% | ent 0.939
  upd  234 | return    0.200 | deliv   0.20 | blocked 35.9% | idle  3.6% | ent 0.978
  upd  235 | return    0.100 | deliv   0.10 | blocked 35.1% | idle  4.6% | ent 1.005
  upd  236 | return    0.400 | deliv   0.40 | blocked 30.4% | idle  4.9% | ent 0.996
  upd  237 | return    0.200 | deliv   0.20 | blocked 35.3% | idle  4.2% | ent 0.933
  upd  238 | return    0.100 | deliv   0.10 | blocked 34.2% | idle  4.1% | ent 0.975
  upd  239 | return    0.100 | deliv   0.10 | blocked 38.9% | idle  4.5% | ent 0.927
  upd  240 | return    0.400 | deliv   0.40 | blocked 41.0% | idle  4.3% | ent 0.952
  upd  241 | return    0.300 | deliv   0.30 | blocked 38.9% | idle  5.0% | ent 0.866
  upd  242 | return    0.000 | deliv   0.00 | blocked 43.3% | idle  4.2% | ent 0.893
  upd  243 | return    0.000 | deliv   0.00 | blocked 39.8% | idle  4.3% | ent 0.928
  upd  244 | return    0.100 | deliv   0.10 | blocked 39.9% | idle  4.0% | ent 0.925
  upd  245 | return    0.000 | deliv   0.00 | blocked 35.3% | idle  4.7% | ent 0.974
  upd  246 | return    0.100 | deliv   0.10 | blocked 34.2% | idle  4.7% | ent 0.961
  upd  247 | return    0.000 | deliv   0.00 | blocked 39.0% | idle  4.4% | ent 0.927
  upd  248 | return    0.000 | deliv   0.00 | blocked 36.7% | idle  4.1% | ent 0.912
  upd  249 | return    0.000 | deliv   0.00 | blocked 42.9% | idle  3.8% | ent 0.896
  upd  250 | return    0.200 | deliv   0.20 | blocked 41.7% | idle  3.9% | ent 0.891
  upd  251 | return    0.400 | deliv   0.40 | blocked 41.8% | idle  3.4% | ent 0.840
  upd  252 | return    0.100 | deliv   0.10 | blocked 42.7% | idle  3.7% | ent 0.828
  upd  253 | return    0.200 | deliv   0.20 | blocked 45.2% | idle  3.3% | ent 0.783
  upd  254 | return    0.100 | deliv   0.10 | blocked 48.2% | idle  3.4% | ent 0.779
  upd  255 | return    0.100 | deliv   0.10 | blocked 44.9% | idle  3.2% | ent 0.771
  upd  256 | return    0.100 | deliv   0.10 | blocked 48.3% | idle  3.3% | ent 0.793
  upd  257 | return    0.100 | deliv   0.10 | blocked 44.7% | idle  3.7% | ent 0.820
  upd  258 | return    0.200 | deliv   0.20 | blocked 45.7% | idle  4.1% | ent 0.843
  upd  259 | return    0.100 | deliv   0.10 | blocked 46.4% | idle  4.5% | ent 0.875
  upd  260 | return    0.000 | deliv   0.00 | blocked 44.1% | idle  4.2% | ent 0.868
  upd  261 | return    0.100 | deliv   0.10 | blocked 41.0% | idle  3.7% | ent 0.857
  upd  262 | return    0.000 | deliv   0.00 | blocked 37.3% | idle  4.6% | ent 0.891
  upd  263 | return    0.200 | deliv   0.20 | blocked 43.4% | idle  4.3% | ent 0.916
  upd  264 | return    0.000 | deliv   0.00 | blocked 39.5% | idle  4.7% | ent 0.982
  upd  265 | return    0.700 | deliv   0.70 | blocked 34.8% | idle  5.2% | ent 0.936
  upd  266 | return    0.100 | deliv   0.10 | blocked 37.5% | idle  4.5% | ent 0.904
  upd  267 | return    0.200 | deliv   0.20 | blocked 35.8% | idle  6.0% | ent 1.000
  upd  268 | return    0.300 | deliv   0.30 | blocked 34.1% | idle  5.7% | ent 1.001
  upd  269 | return    0.200 | deliv   0.20 | blocked 32.4% | idle  6.9% | ent 1.007
  upd  270 | return    0.000 | deliv   0.00 | blocked 32.8% | idle  7.1% | ent 0.982
  upd  271 | return    0.400 | deliv   0.40 | blocked 32.6% | idle  7.2% | ent 0.953
  upd  272 | return    0.000 | deliv   0.00 | blocked 34.1% | idle  7.0% | ent 0.991
  upd  273 | return    0.100 | deliv   0.10 | blocked 36.5% | idle  5.9% | ent 0.964
  upd  274 | return    0.100 | deliv   0.10 | blocked 33.6% | idle  5.1% | ent 0.907
  upd  275 | return    0.100 | deliv   0.10 | blocked 32.8% | idle  5.4% | ent 0.921
  upd  276 | return    0.100 | deliv   0.10 | blocked 35.9% | idle  6.1% | ent 1.001
  upd  277 | return    0.000 | deliv   0.00 | blocked 32.1% | idle  6.4% | ent 0.970
  upd  278 | return    0.300 | deliv   0.30 | blocked 35.7% | idle  5.9% | ent 0.947
  upd  279 | return    0.000 | deliv   0.00 | blocked 32.7% | idle  6.7% | ent 1.006
  upd  280 | return    0.400 | deliv   0.40 | blocked 33.3% | idle  6.5% | ent 0.971
  upd  281 | return    0.100 | deliv   0.10 | blocked 33.2% | idle  6.8% | ent 1.015
  upd  282 | return    0.100 | deliv   0.10 | blocked 35.0% | idle  7.1% | ent 1.012
  upd  283 | return    0.100 | deliv   0.10 | blocked 31.2% | idle  7.8% | ent 1.008
  upd  284 | return    0.000 | deliv   0.00 | blocked 31.8% | idle  8.2% | ent 1.020
  upd  285 | return    0.900 | deliv   0.90 | blocked 29.6% | idle  8.3% | ent 1.001
  upd  286 | return    0.200 | deliv   0.20 | blocked 32.4% | idle  9.1% | ent 0.936
  upd  287 | return    0.200 | deliv   0.20 | blocked 36.2% | idle  8.4% | ent 0.961
  upd  288 | return    0.000 | deliv   0.00 | blocked 32.2% | idle  9.9% | ent 1.019
  upd  289 | return    0.000 | deliv   0.00 | blocked 32.5% | idle  9.8% | ent 1.038
  upd  290 | return    0.200 | deliv   0.20 | blocked 31.3% | idle 10.1% | ent 1.008
  upd  291 | return    0.200 | deliv   0.20 | blocked 30.9% | idle  9.6% | ent 0.981
  upd  292 | return    0.000 | deliv   0.00 | blocked 26.9% | idle 10.1% | ent 1.005
  upd  293 | return    0.100 | deliv   0.10 | blocked 32.5% | idle  9.4% | ent 0.929
  upd  294 | return    0.100 | deliv   0.10 | blocked 32.6% | idle  8.8% | ent 0.960
  upd  295 | return    0.000 | deliv   0.00 | blocked 29.5% | idle  8.4% | ent 1.004
  upd  296 | return    0.100 | deliv   0.10 | blocked 32.6% | idle  6.9% | ent 0.952
  upd  297 | return    0.000 | deliv   0.00 | blocked 28.0% | idle  8.1% | ent 1.008
  upd  298 | return    0.300 | deliv   0.30 | blocked 24.1% | idle  9.7% | ent 1.049
  upd  299 | return    0.300 | deliv   0.30 | blocked 24.3% | idle 11.1% | ent 1.091
  [replay @ update 300] return 0.00  deliveries 0  -> runs/mappo_evo_tiny-4ag_seed2/replays/replay_upd000300_s0.npz
  upd  300 | return    0.200 | deliv   0.20 | blocked 20.6% | idle 12.4% | ent 1.059
  upd  301 | return    0.200 | deliv   0.20 | blocked 23.4% | idle 14.7% | ent 1.058
  upd  302 | return    0.300 | deliv   0.30 | blocked 26.8% | idle 14.9% | ent 0.987
  upd  303 | return    0.000 | deliv   0.00 | blocked 30.9% | idle 12.5% | ent 0.933
  upd  304 | return    0.200 | deliv   0.20 | blocked 34.3% | idle 10.7% | ent 0.925
  upd  305 | return    0.200 | deliv   0.20 | blocked 26.4% | idle 11.4% | ent 0.925
  upd  306 | return    0.100 | deliv   0.10 | blocked 32.9% | idle  8.7% | ent 1.034
  upd  307 | return    0.100 | deliv   0.10 | blocked 27.0% | idle  8.1% | ent 0.980
  upd  308 | return    0.300 | deliv   0.30 | blocked 21.8% | idle  9.8% | ent 1.050
  upd  309 | return    0.300 | deliv   0.30 | blocked 26.1% | idle  9.5% | ent 1.030
  upd  310 | return    0.200 | deliv   0.20 | blocked 22.2% | idle 10.7% | ent 1.072
  upd  311 | return    0.000 | deliv   0.00 | blocked 19.6% | idle 11.0% | ent 1.061
  upd  312 | return    0.300 | deliv   0.30 | blocked 18.4% | idle 11.6% | ent 1.046
  upd  313 | return    0.100 | deliv   0.10 | blocked 22.6% | idle 10.3% | ent 0.991
  upd  314 | return    0.300 | deliv   0.30 | blocked 21.9% | idle 13.7% | ent 0.979
  upd  315 | return    0.400 | deliv   0.40 | blocked 24.1% | idle 13.0% | ent 1.039
  upd  316 | return    0.100 | deliv   0.10 | blocked 23.8% | idle 14.4% | ent 1.017
  upd  317 | return    0.300 | deliv   0.30 | blocked 19.7% | idle 16.2% | ent 1.045
  upd  318 | return    0.400 | deliv   0.40 | blocked 18.8% | idle 16.7% | ent 1.095
  upd  319 | return    0.200 | deliv   0.20 | blocked 15.8% | idle 18.1% | ent 1.101
  upd  320 | return    0.400 | deliv   0.40 | blocked 19.7% | idle 13.0% | ent 0.947
  upd  321 | return    0.000 | deliv   0.00 | blocked 17.6% | idle 13.8% | ent 1.015
  upd  322 | return    0.000 | deliv   0.00 | blocked 16.1% | idle 13.9% | ent 1.078
  upd  323 | return    0.100 | deliv   0.10 | blocked 16.1% | idle 12.6% | ent 1.005
  upd  324 | return    0.100 | deliv   0.10 | blocked 19.0% | idle 11.0% | ent 1.014
  upd  325 | return    0.200 | deliv   0.20 | blocked 18.7% | idle  9.4% | ent 1.003
  upd  326 | return    0.300 | deliv   0.30 | blocked 15.4% | idle 10.2% | ent 1.042
  upd  327 | return    0.400 | deliv   0.40 | blocked 17.1% | idle  7.9% | ent 0.996
  upd  328 | return    0.100 | deliv   0.10 | blocked 18.0% | idle  7.9% | ent 1.045
  upd  329 | return    0.100 | deliv   0.10 | blocked 15.4% | idle  7.2% | ent 0.997
  upd  330 | return    0.200 | deliv   0.20 | blocked 14.1% | idle  8.3% | ent 1.013
  upd  331 | return    0.300 | deliv   0.30 | blocked 13.2% | idle  7.1% | ent 0.967
  upd  332 | return    0.300 | deliv   0.30 | blocked 12.2% | idle  5.9% | ent 0.983
  upd  333 | return    0.200 | deliv   0.20 | blocked 11.0% | idle  6.9% | ent 1.063
  upd  334 | return    0.200 | deliv   0.20 | blocked 12.2% | idle  6.6% | ent 1.016
  upd  335 | return    0.100 | deliv   0.10 | blocked 10.7% | idle  7.8% | ent 1.094
  upd  336 | return    0.000 | deliv   0.00 | blocked 14.4% | idle  8.7% | ent 1.078
  upd  337 | return    0.400 | deliv   0.40 | blocked 15.4% | idle  8.3% | ent 1.107
  upd  338 | return    0.300 | deliv   0.30 | blocked  9.7% | idle  8.3% | ent 1.039
  upd  339 | return    0.100 | deliv   0.10 | blocked 12.2% | idle  5.8% | ent 0.940
  upd  340 | return    0.400 | deliv   0.40 | blocked 10.9% | idle  7.3% | ent 0.983
  upd  341 | return    0.000 | deliv   0.00 | blocked 11.7% | idle  8.0% | ent 1.022
  upd  342 | return    0.200 | deliv   0.20 | blocked  9.3% | idle  9.7% | ent 1.007
  upd  343 | return    0.200 | deliv   0.20 | blocked 12.0% | idle 11.0% | ent 1.035
  upd  344 | return    0.000 | deliv   0.00 | blocked 12.0% | idle 12.1% | ent 1.050
  upd  345 | return    0.200 | deliv   0.20 | blocked 11.3% | idle 14.5% | ent 1.032
  upd  346 | return    0.200 | deliv   0.20 | blocked  9.6% | idle 16.7% | ent 1.023
  upd  347 | return    0.300 | deliv   0.30 | blocked  9.1% | idle 21.0% | ent 1.012
  upd  348 | return    0.100 | deliv   0.10 | blocked  8.5% | idle 23.7% | ent 0.948
  upd  349 | return    0.100 | deliv   0.10 | blocked 12.0% | idle 23.4% | ent 0.958
  upd  350 | return    0.100 | deliv   0.10 | blocked  8.6% | idle 28.4% | ent 1.015
  upd  351 | return    0.300 | deliv   0.30 | blocked  8.9% | idle 29.2% | ent 0.967
  upd  352 | return    0.300 | deliv   0.30 | blocked 10.2% | idle 28.1% | ent 0.874
  upd  353 | return    0.100 | deliv   0.10 | blocked  9.5% | idle 35.2% | ent 0.886
  upd  354 | return    0.200 | deliv   0.20 | blocked 12.4% | idle 33.6% | ent 0.834
  upd  355 | return    0.000 | deliv   0.00 | blocked 11.7% | idle 36.7% | ent 0.887
  upd  356 | return    0.100 | deliv   0.10 | blocked 15.6% | idle 37.0% | ent 0.845
  upd  357 | return    0.100 | deliv   0.10 | blocked 11.4% | idle 37.7% | ent 0.845
  upd  358 | return    0.000 | deliv   0.00 | blocked 13.6% | idle 36.1% | ent 0.889
  upd  359 | return    0.200 | deliv   0.20 | blocked 13.6% | idle 32.4% | ent 0.873
  upd  360 | return    0.200 | deliv   0.20 | blocked 18.6% | idle 29.5% | ent 0.851
  upd  361 | return    0.300 | deliv   0.30 | blocked 13.1% | idle 28.3% | ent 0.836
  upd  362 | return    0.000 | deliv   0.00 | blocked 16.4% | idle 23.6% | ent 0.846
  upd  363 | return    0.000 | deliv   0.00 | blocked 16.5% | idle 28.5% | ent 0.896
  upd  364 | return    0.000 | deliv   0.00 | blocked 16.8% | idle 28.8% | ent 0.761
  upd  365 | return    0.100 | deliv   0.10 | blocked 16.3% | idle 31.8% | ent 0.797
  upd  366 | return    0.000 | deliv   0.00 | blocked 16.0% | idle 31.8% | ent 0.824
  upd  367 | return    0.200 | deliv   0.20 | blocked 19.5% | idle 28.5% | ent 0.789
  upd  368 | return    0.100 | deliv   0.10 | blocked 16.3% | idle 28.8% | ent 0.860
  upd  369 | return    0.200 | deliv   0.20 | blocked 16.8% | idle 27.4% | ent 0.931
  upd  370 | return    0.200 | deliv   0.20 | blocked 17.8% | idle 26.1% | ent 0.952
  upd  371 | return    0.000 | deliv   0.00 | blocked 15.4% | idle 26.4% | ent 0.933
  upd  372 | return    0.100 | deliv   0.10 | blocked 12.7% | idle 27.2% | ent 0.974
  upd  373 | return    0.300 | deliv   0.30 | blocked 15.4% | idle 23.8% | ent 0.958
  upd  374 | return    0.100 | deliv   0.10 | blocked 11.5% | idle 27.1% | ent 1.002
  upd  375 | return    0.100 | deliv   0.10 | blocked 10.8% | idle 21.9% | ent 0.894
  upd  376 | return    0.400 | deliv   0.40 | blocked 13.6% | idle 23.6% | ent 1.007
  upd  377 | return    0.100 | deliv   0.10 | blocked 12.3% | idle 21.8% | ent 1.001
  upd  378 | return    0.400 | deliv   0.40 | blocked 12.4% | idle 18.5% | ent 0.904
  upd  379 | return    0.300 | deliv   0.30 | blocked 10.7% | idle 18.1% | ent 0.971
  upd  380 | return    0.100 | deliv   0.10 | blocked  9.6% | idle 18.3% | ent 0.909
  upd  381 | return    0.000 | deliv   0.00 | blocked 10.4% | idle 17.3% | ent 0.887
  upd  382 | return    0.100 | deliv   0.10 | blocked 13.2% | idle 20.5% | ent 1.030
  upd  383 | return    0.200 | deliv   0.20 | blocked  9.9% | idle 22.2% | ent 1.010
  upd  384 | return    0.100 | deliv   0.10 | blocked 10.1% | idle 24.4% | ent 1.119
  upd  385 | return    0.100 | deliv   0.10 | blocked  9.1% | idle 23.1% | ent 1.070
  upd  386 | return    0.300 | deliv   0.30 | blocked 11.0% | idle 20.6% | ent 1.002
  upd  387 | return    0.000 | deliv   0.00 | blocked  8.0% | idle 23.7% | ent 1.103
  upd  388 | return    0.100 | deliv   0.10 | blocked 11.1% | idle 20.7% | ent 1.080
  upd  389 | return    0.000 | deliv   0.00 | blocked 11.0% | idle 21.6% | ent 1.127
  upd  390 | return    0.200 | deliv   0.20 | blocked 10.9% | idle 20.8% | ent 1.065
  upd  391 | return    0.300 | deliv   0.30 | blocked 10.6% | idle 22.2% | ent 1.045
  upd  392 | return    0.100 | deliv   0.10 | blocked 12.8% | idle 23.0% | ent 1.083
  upd  393 | return    0.000 | deliv   0.00 | blocked 10.4% | idle 23.7% | ent 1.121
  upd  394 | return    0.100 | deliv   0.10 | blocked 13.2% | idle 19.8% | ent 1.040
  upd  395 | return    0.300 | deliv   0.30 | blocked 14.1% | idle 21.1% | ent 1.108
  upd  396 | return    0.000 | deliv   0.00 | blocked 17.2% | idle 17.1% | ent 1.053
  upd  397 | return    0.400 | deliv   0.40 | blocked 19.8% | idle 16.1% | ent 1.022
  upd  398 | return    0.100 | deliv   0.10 | blocked 16.9% | idle 16.1% | ent 1.047
  upd  399 | return    0.100 | deliv   0.10 | blocked 20.3% | idle 14.0% | ent 1.017
  [replay @ update 400] return 0.00  deliveries 0  -> runs/mappo_evo_tiny-4ag_seed2/replays/replay_upd000400_s0.npz
  upd  400 | return    0.300 | deliv   0.30 | blocked 19.0% | idle 13.2% | ent 1.014
  upd  401 | return    0.200 | deliv   0.20 | blocked 17.8% | idle 15.3% | ent 1.051
  upd  402 | return    0.200 | deliv   0.20 | blocked 20.0% | idle 14.4% | ent 1.063
  upd  403 | return    0.200 | deliv   0.20 | blocked 17.6% | idle 13.6% | ent 1.015
  upd  404 | return    0.200 | deliv   0.20 | blocked 21.0% | idle 13.4% | ent 1.014
  upd  405 | return    0.200 | deliv   0.20 | blocked 19.9% | idle 12.4% | ent 1.013
  upd  406 | return    0.300 | deliv   0.30 | blocked 18.1% | idle 11.3% | ent 1.048
  upd  407 | return    0.100 | deliv   0.10 | blocked 19.6% | idle 10.0% | ent 1.004
  upd  408 | return    0.200 | deliv   0.20 | blocked 18.8% | idle  9.3% | ent 0.927
  upd  409 | return    0.400 | deliv   0.40 | blocked 20.7% | idle 11.3% | ent 0.951
  upd  410 | return    0.200 | deliv   0.20 | blocked 17.4% | idle 13.6% | ent 0.930
  upd  411 | return    0.200 | deliv   0.20 | blocked 20.2% | idle 14.8% | ent 0.984
  upd  412 | return    0.000 | deliv   0.00 | blocked 17.5% | idle 18.1% | ent 1.025
  upd  413 | return    0.300 | deliv   0.30 | blocked 14.4% | idle 20.4% | ent 1.027
  upd  414 | return    0.300 | deliv   0.30 | blocked 16.7% | idle 20.0% | ent 1.001
  upd  415 | return    0.100 | deliv   0.10 | blocked 17.7% | idle 23.0% | ent 0.995
  upd  416 | return    0.000 | deliv   0.00 | blocked 13.3% | idle 25.0% | ent 1.001
  upd  417 | return    0.200 | deliv   0.20 | blocked 13.4% | idle 25.4% | ent 0.998
  upd  418 | return    0.000 | deliv   0.00 | blocked 15.2% | idle 27.4% | ent 0.998
  upd  419 | return    0.200 | deliv   0.20 | blocked 16.6% | idle 28.1% | ent 1.018
  upd  420 | return    0.100 | deliv   0.10 | blocked 19.2% | idle 25.9% | ent 0.999
  upd  421 | return    0.300 | deliv   0.30 | blocked 20.1% | idle 23.0% | ent 0.915
  upd  422 | return    0.300 | deliv   0.30 | blocked 22.2% | idle 27.4% | ent 0.984
  upd  423 | return    0.200 | deliv   0.20 | blocked 15.9% | idle 32.7% | ent 1.007
  upd  424 | return    0.100 | deliv   0.10 | blocked 16.3% | idle 34.0% | ent 0.971
  upd  425 | return    0.000 | deliv   0.00 | blocked 13.1% | idle 38.0% | ent 0.878
  upd  426 | return    0.100 | deliv   0.10 | blocked 13.3% | idle 42.5% | ent 0.832
  upd  427 | return    0.100 | deliv   0.10 | blocked 11.3% | idle 46.5% | ent 0.841
  upd  428 | return    0.100 | deliv   0.10 | blocked 16.7% | idle 42.6% | ent 0.811
  upd  429 | return    0.300 | deliv   0.30 | blocked 11.7% | idle 47.0% | ent 0.796
  upd  430 | return    0.200 | deliv   0.20 | blocked 12.8% | idle 52.1% | ent 0.787
  upd  431 | return    0.200 | deliv   0.20 | blocked 12.6% | idle 49.1% | ent 0.769
  upd  432 | return    0.200 | deliv   0.20 | blocked 10.5% | idle 49.6% | ent 0.725
  upd  433 | return    0.200 | deliv   0.20 | blocked 10.5% | idle 43.4% | ent 0.722
  upd  434 | return    0.000 | deliv   0.00 | blocked  8.6% | idle 49.0% | ent 0.847
  upd  435 | return    0.000 | deliv   0.00 | blocked  9.6% | idle 51.0% | ent 0.828
  upd  436 | return    0.100 | deliv   0.10 | blocked  8.4% | idle 48.6% | ent 0.785
  upd  437 | return    0.100 | deliv   0.10 | blocked  9.5% | idle 49.5% | ent 0.858
  upd  438 | return    0.000 | deliv   0.00 | blocked 10.5% | idle 47.4% | ent 0.893
  upd  439 | return    0.100 | deliv   0.10 | blocked  8.5% | idle 48.3% | ent 0.894
  upd  440 | return    0.200 | deliv   0.20 | blocked  9.3% | idle 43.7% | ent 0.873
  upd  441 | return    0.200 | deliv   0.20 | blocked  8.7% | idle 46.1% | ent 0.864
  upd  442 | return    0.100 | deliv   0.10 | blocked 10.6% | idle 40.9% | ent 0.865
  upd  443 | return    0.300 | deliv   0.30 | blocked 13.6% | idle 39.8% | ent 0.820
  upd  444 | return    0.000 | deliv   0.00 | blocked 11.7% | idle 41.4% | ent 0.850
  upd  445 | return    0.300 | deliv   0.30 | blocked 13.4% | idle 39.4% | ent 0.918
  upd  446 | return    0.100 | deliv   0.10 | blocked 12.0% | idle 38.4% | ent 1.006
  upd  447 | return    0.200 | deliv   0.20 | blocked 18.2% | idle 30.7% | ent 0.976
  upd  448 | return    0.400 | deliv   0.40 | blocked 13.9% | idle 36.2% | ent 0.987
  upd  449 | return    0.000 | deliv   0.00 | blocked 11.9% | idle 38.1% | ent 1.031
  upd  450 | return    0.300 | deliv   0.30 | blocked 15.1% | idle 33.3% | ent 0.987
  upd  451 | return    0.200 | deliv   0.20 | blocked 18.1% | idle 23.1% | ent 0.961
  upd  452 | return    0.200 | deliv   0.20 | blocked 11.3% | idle 24.5% | ent 1.017
  upd  453 | return    0.500 | deliv   0.50 | blocked 12.4% | idle 25.2% | ent 1.008
  upd  454 | return    0.300 | deliv   0.30 | blocked 15.1% | idle 24.7% | ent 0.971
  upd  455 | return    0.100 | deliv   0.10 | blocked 12.9% | idle 27.0% | ent 0.980
  upd  456 | return    0.200 | deliv   0.20 | blocked 12.2% | idle 30.6% | ent 1.019
  upd  457 | return    0.100 | deliv   0.10 | blocked 14.9% | idle 31.8% | ent 0.983
  upd  458 | return    0.100 | deliv   0.10 | blocked 14.0% | idle 35.8% | ent 1.007
  upd  459 | return    0.200 | deliv   0.20 | blocked 18.1% | idle 33.6% | ent 0.972
  upd  460 | return    0.300 | deliv   0.30 | blocked 10.4% | idle 43.4% | ent 1.007
  upd  461 | return    0.300 | deliv   0.30 | blocked  9.5% | idle 42.6% | ent 0.908
  upd  462 | return    0.000 | deliv   0.00 | blocked 10.3% | idle 42.2% | ent 0.939
  upd  463 | return    0.400 | deliv   0.40 | blocked 10.7% | idle 39.7% | ent 0.949
  upd  464 | return    0.500 | deliv   0.50 | blocked 12.7% | idle 35.3% | ent 0.928
  upd  465 | return    0.200 | deliv   0.20 | blocked  7.6% | idle 46.8% | ent 0.924
  upd  466 | return    0.000 | deliv   0.00 | blocked  6.5% | idle 45.9% | ent 0.980
  upd  467 | return    0.000 | deliv   0.00 | blocked  8.4% | idle 42.2% | ent 0.940
  upd  468 | return    0.100 | deliv   0.10 | blocked  7.4% | idle 38.3% | ent 0.954
  upd  469 | return    0.400 | deliv   0.40 | blocked 11.0% | idle 34.9% | ent 0.942
  upd  470 | return    0.200 | deliv   0.20 | blocked  9.3% | idle 33.9% | ent 0.949
  upd  471 | return    0.000 | deliv   0.00 | blocked  7.3% | idle 36.3% | ent 0.959
  upd  472 | return    0.400 | deliv   0.40 | blocked  8.4% | idle 37.8% | ent 0.982
  upd  473 | return    0.000 | deliv   0.00 | blocked  9.1% | idle 38.8% | ent 0.997
  upd  474 | return    0.000 | deliv   0.00 | blocked 11.5% | idle 35.1% | ent 1.015
  upd  475 | return    0.200 | deliv   0.20 | blocked 11.4% | idle 31.7% | ent 0.992
  upd  476 | return    0.200 | deliv   0.20 | blocked  9.3% | idle 28.4% | ent 0.996
  upd  477 | return    0.100 | deliv   0.10 | blocked 10.2% | idle 26.4% | ent 0.997
  upd  478 | return    0.100 | deliv   0.10 | blocked 11.6% | idle 22.7% | ent 0.963
  upd  479 | return    0.100 | deliv   0.10 | blocked  8.4% | idle 22.7% | ent 0.979
  upd  480 | return    0.100 | deliv   0.10 | blocked  5.6% | idle 20.8% | ent 0.949
  upd  481 | return    0.100 | deliv   0.10 | blocked  4.5% | idle 19.1% | ent 0.919
  upd  482 | return    0.000 | deliv   0.00 | blocked  4.1% | idle 18.2% | ent 0.929
  upd  483 | return    0.200 | deliv   0.20 | blocked  6.0% | idle 15.1% | ent 0.891
  upd  484 | return    0.100 | deliv   0.10 | blocked  5.6% | idle 17.3% | ent 0.830
  upd  485 | return    0.200 | deliv   0.20 | blocked  8.0% | idle 17.6% | ent 0.883
  upd  486 | return    0.000 | deliv   0.00 | blocked 11.3% | idle 20.6% | ent 0.922
  upd  487 | return    0.100 | deliv   0.10 | blocked  9.9% | idle 22.1% | ent 0.899
  upd  488 | return    0.200 | deliv   0.20 | blocked 13.3% | idle 21.7% | ent 0.909
  upd  489 | return    0.100 | deliv   0.10 | blocked 13.1% | idle 21.2% | ent 0.896
  upd  490 | return    0.000 | deliv   0.00 | blocked  6.6% | idle 20.1% | ent 0.795
  upd  491 | return    0.000 | deliv   0.00 | blocked 10.9% | idle 15.8% | ent 0.850
  upd  492 | return    0.000 | deliv   0.00 | blocked 11.4% | idle 13.5% | ent 0.815
  upd  493 | return    0.200 | deliv   0.20 | blocked 12.0% | idle 12.5% | ent 0.850
  upd  494 | return    0.100 | deliv   0.10 | blocked  9.6% | idle 11.8% | ent 0.800
  upd  495 | return    0.000 | deliv   0.00 | blocked  9.4% | idle 13.3% | ent 0.851
  upd  496 | return    0.100 | deliv   0.10 | blocked 13.3% | idle 14.6% | ent 0.898
  upd  497 | return    0.500 | deliv   0.50 | blocked 17.1% | idle 13.4% | ent 0.864
  upd  498 | return    0.400 | deliv   0.40 | blocked 17.4% | idle 12.9% | ent 0.892
  upd  499 | return    0.000 | deliv   0.00 | blocked 15.7% | idle 14.3% | ent 0.902
  [replay @ update 500] return 0.00  deliveries 0  -> runs/mappo_evo_tiny-4ag_seed2/replays/replay_upd000500_s0.npz
  upd  500 | return    0.200 | deliv   0.20 | blocked 12.9% | idle 12.0% | ent 0.849
  upd  501 | return    0.000 | deliv   0.00 | blocked 14.6% | idle 11.3% | ent 0.866
  upd  502 | return    0.100 | deliv   0.10 | blocked 14.4% | idle 13.7% | ent 0.947
  upd  503 | return    0.000 | deliv   0.00 | blocked 11.9% | idle 13.5% | ent 0.896
  upd  504 | return    0.200 | deliv   0.20 | blocked 11.4% | idle 12.8% | ent 0.881
  upd  505 | return    0.300 | deliv   0.30 | blocked 11.7% | idle 15.0% | ent 0.976
  upd  506 | return    0.400 | deliv   0.40 | blocked  8.5% | idle 15.8% | ent 0.856
  upd  507 | return    0.200 | deliv   0.20 | blocked  8.7% | idle 18.4% | ent 0.954
  upd  508 | return    0.100 | deliv   0.10 | blocked  8.5% | idle 20.2% | ent 0.937
  upd  509 | return    0.200 | deliv   0.20 | blocked  7.3% | idle 19.6% | ent 0.861
  upd  510 | return    0.100 | deliv   0.10 | blocked 10.5% | idle 24.8% | ent 1.060
  upd  511 | return    0.300 | deliv   0.30 | blocked 12.1% | idle 17.9% | ent 0.993
  upd  512 | return    0.100 | deliv   0.10 | blocked 10.7% | idle 16.2% | ent 0.963
  upd  513 | return    0.200 | deliv   0.20 | blocked  7.2% | idle 14.7% | ent 0.798
  upd  514 | return    0.200 | deliv   0.20 | blocked  6.9% | idle 16.9% | ent 0.953
  upd  515 | return    0.300 | deliv   0.30 | blocked  6.0% | idle 14.7% | ent 0.872
  upd  516 | return    0.100 | deliv   0.10 | blocked  8.6% | idle 17.9% | ent 1.042
  upd  517 | return    0.100 | deliv   0.10 | blocked  7.4% | idle 17.8% | ent 0.941
  upd  518 | return    0.000 | deliv   0.00 | blocked 11.5% | idle 18.2% | ent 0.983
  upd  519 | return    0.300 | deliv   0.30 | blocked 10.7% | idle 24.3% | ent 1.044
  upd  520 | return    0.600 | deliv   0.60 | blocked  9.7% | idle 26.1% | ent 1.061
  upd  521 | return    0.200 | deliv   0.20 | blocked  8.8% | idle 26.2% | ent 1.029
  upd  522 | return    0.000 | deliv   0.00 | blocked  7.6% | idle 22.8% | ent 0.877
  upd  523 | return    0.300 | deliv   0.30 | blocked  8.0% | idle 23.6% | ent 0.870
  upd  524 | return    0.300 | deliv   0.30 | blocked  8.8% | idle 26.3% | ent 1.033
  upd  525 | return    0.100 | deliv   0.10 | blocked  7.4% | idle 27.5% | ent 0.844
  upd  526 | return    0.300 | deliv   0.30 | blocked  7.8% | idle 30.2% | ent 0.839
  upd  527 | return    0.500 | deliv   0.50 | blocked  8.3% | idle 34.0% | ent 0.943
  upd  528 | return    0.100 | deliv   0.10 | blocked 10.4% | idle 28.9% | ent 0.938
  upd  529 | return    0.500 | deliv   0.50 | blocked 12.7% | idle 28.8% | ent 0.956
  upd  530 | return    0.200 | deliv   0.20 | blocked 12.3% | idle 26.7% | ent 0.933
  upd  531 | return    0.100 | deliv   0.10 | blocked 10.5% | idle 24.1% | ent 0.944
  upd  532 | return    0.100 | deliv   0.10 | blocked 13.0% | idle 23.3% | ent 1.055
  upd  533 | return    0.300 | deliv   0.30 | blocked 13.4% | idle 24.0% | ent 0.982
  upd  534 | return    0.300 | deliv   0.30 | blocked 12.9% | idle 25.3% | ent 1.014
  upd  535 | return    0.100 | deliv   0.10 | blocked 13.5% | idle 19.3% | ent 0.919
  upd  536 | return    0.200 | deliv   0.20 | blocked 13.4% | idle 18.5% | ent 0.984
  upd  537 | return    0.300 | deliv   0.30 | blocked 14.3% | idle 19.6% | ent 1.028
  upd  538 | return    0.300 | deliv   0.30 | blocked 12.3% | idle 20.2% | ent 0.980
  upd  539 | return    0.100 | deliv   0.10 | blocked  9.6% | idle 23.7% | ent 1.052
  upd  540 | return    0.000 | deliv   0.00 | blocked 11.7% | idle 24.4% | ent 1.030
  upd  541 | return    0.300 | deliv   0.30 | blocked 10.6% | idle 23.8% | ent 1.009
  upd  542 | return    0.500 | deliv   0.50 | blocked 13.4% | idle 23.8% | ent 1.070
  upd  543 | return    0.300 | deliv   0.30 | blocked 10.8% | idle 22.2% | ent 0.942
  upd  544 | return    0.200 | deliv   0.20 | blocked 12.1% | idle 22.9% | ent 0.960
  upd  545 | return    0.300 | deliv   0.30 | blocked 12.4% | idle 24.4% | ent 0.961
  upd  546 | return    0.300 | deliv   0.30 | blocked 12.7% | idle 32.2% | ent 0.980
  upd  547 | return    0.400 | deliv   0.40 | blocked 10.8% | idle 32.2% | ent 0.938
  upd  548 | return    0.200 | deliv   0.20 | blocked  9.9% | idle 29.8% | ent 0.808
  upd  549 | return    0.300 | deliv   0.30 | blocked 12.0% | idle 39.6% | ent 0.871
  upd  550 | return    0.100 | deliv   0.10 | blocked 12.5% | idle 38.4% | ent 0.746
  upd  551 | return    0.200 | deliv   0.20 | blocked  7.5% | idle 43.2% | ent 0.693
  upd  552 | return    0.400 | deliv   0.40 | blocked  9.7% | idle 44.7% | ent 0.744
  upd  553 | return    0.200 | deliv   0.20 | blocked 11.1% | idle 41.7% | ent 0.745
  upd  554 | return    0.200 | deliv   0.20 | blocked 10.9% | idle 40.7% | ent 0.833
  upd  555 | return    0.300 | deliv   0.30 | blocked  7.7% | idle 36.9% | ent 0.755
  upd  556 | return    0.200 | deliv   0.20 | blocked  7.5% | idle 33.7% | ent 0.759
  upd  557 | return    0.200 | deliv   0.20 | blocked  8.8% | idle 34.5% | ent 0.866
  upd  558 | return    0.500 | deliv   0.50 | blocked 10.1% | idle 35.5% | ent 0.865
  upd  559 | return    0.300 | deliv   0.30 | blocked  8.8% | idle 34.0% | ent 0.730
  upd  560 | return    0.200 | deliv   0.20 | blocked 11.4% | idle 30.9% | ent 0.739
  upd  561 | return    0.200 | deliv   0.20 | blocked 13.5% | idle 28.6% | ent 0.726
  upd  562 | return    0.400 | deliv   0.40 | blocked 14.4% | idle 36.0% | ent 0.790
  upd  563 | return    0.200 | deliv   0.20 | blocked 12.2% | idle 33.4% | ent 0.751
  upd  564 | return    0.300 | deliv   0.30 | blocked 14.0% | idle 36.0% | ent 0.781
  upd  565 | return    0.000 | deliv   0.00 | blocked 14.1% | idle 35.7% | ent 0.805
  upd  566 | return    0.100 | deliv   0.10 | blocked 17.5% | idle 34.8% | ent 0.805
  upd  567 | return    0.300 | deliv   0.30 | blocked 20.5% | idle 34.3% | ent 0.826
  upd  568 | return    0.500 | deliv   0.50 | blocked 14.8% | idle 39.0% | ent 0.867
  upd  569 | return    0.100 | deliv   0.10 | blocked 13.9% | idle 42.2% | ent 0.880
  upd  570 | return    0.200 | deliv   0.20 | blocked 15.0% | idle 33.4% | ent 0.885
  upd  571 | return    0.400 | deliv   0.40 | blocked 12.6% | idle 30.2% | ent 0.818
  upd  572 | return    0.300 | deliv   0.30 | blocked 16.9% | idle 29.7% | ent 0.804
  upd  573 | return    0.400 | deliv   0.40 | blocked 13.7% | idle 38.1% | ent 0.815
  upd  574 | return    0.200 | deliv   0.20 | blocked 18.1% | idle 39.4% | ent 0.785
  upd  575 | return    0.400 | deliv   0.40 | blocked 19.2% | idle 37.7% | ent 0.847
  upd  576 | return    0.500 | deliv   0.50 | blocked 15.2% | idle 39.7% | ent 0.822
  upd  577 | return    0.200 | deliv   0.20 | blocked 16.9% | idle 40.1% | ent 0.871
  upd  578 | return    0.100 | deliv   0.10 | blocked 18.0% | idle 34.2% | ent 0.862
  upd  579 | return    0.100 | deliv   0.10 | blocked 18.5% | idle 35.9% | ent 0.955
  upd  580 | return    0.400 | deliv   0.40 | blocked 21.8% | idle 31.7% | ent 0.942
  upd  581 | return    0.300 | deliv   0.30 | blocked 13.7% | idle 35.7% | ent 0.873
  upd  582 | return    0.200 | deliv   0.20 | blocked  9.7% | idle 41.4% | ent 0.815
  upd  583 | return    0.200 | deliv   0.20 | blocked 11.6% | idle 48.8% | ent 0.854
  upd  584 | return    0.200 | deliv   0.20 | blocked  9.0% | idle 48.5% | ent 0.772
  upd  585 | return    0.200 | deliv   0.20 | blocked  8.0% | idle 53.2% | ent 0.735
  upd  586 | return    0.400 | deliv   0.40 | blocked  8.2% | idle 53.4% | ent 0.773
  upd  587 | return    0.300 | deliv   0.30 | blocked  7.1% | idle 55.0% | ent 0.700
  upd  588 | return    0.800 | deliv   0.80 | blocked 10.1% | idle 58.6% | ent 0.703
  upd  589 | return    0.300 | deliv   0.30 | blocked  6.6% | idle 60.2% | ent 0.669
  upd  590 | return    0.600 | deliv   0.60 | blocked  8.5% | idle 59.5% | ent 0.742
  upd  591 | return    0.600 | deliv   0.60 | blocked  8.9% | idle 59.4% | ent 0.801
  upd  592 | return    0.800 | deliv   0.80 | blocked  7.2% | idle 58.9% | ent 0.836
  upd  593 | return    0.400 | deliv   0.40 | blocked 10.0% | idle 55.0% | ent 0.865
  upd  594 | return    0.500 | deliv   0.50 | blocked 11.3% | idle 53.8% | ent 0.875
  upd  595 | return    0.500 | deliv   0.50 | blocked 12.2% | idle 50.0% | ent 0.868
  upd  596 | return    0.500 | deliv   0.50 | blocked 11.6% | idle 53.1% | ent 0.893
  upd  597 | return    0.600 | deliv   0.60 | blocked 13.5% | idle 53.3% | ent 0.884
  upd  598 | return    0.500 | deliv   0.50 | blocked 14.8% | idle 45.8% | ent 0.845
  upd  599 | return    0.500 | deliv   0.50 | blocked 15.9% | idle 44.7% | ent 0.877
  [replay @ update 600] return 0.00  deliveries 0  -> runs/mappo_evo_tiny-4ag_seed2/replays/replay_upd000600_s0.npz
  upd  600 | return    0.500 | deliv   0.50 | blocked 14.8% | idle 43.8% | ent 0.860
  upd  601 | return    0.400 | deliv   0.40 | blocked 14.4% | idle 40.6% | ent 0.829
  upd  602 | return    0.500 | deliv   0.50 | blocked 15.9% | idle 38.2% | ent 0.837
  upd  603 | return    0.500 | deliv   0.50 | blocked 20.1% | idle 36.3% | ent 0.789
  upd  604 | return    0.200 | deliv   0.20 | blocked 22.6% | idle 37.0% | ent 0.777
  upd  605 | return    0.200 | deliv   0.20 | blocked 16.7% | idle 41.1% | ent 0.778
  upd  606 | return    0.300 | deliv   0.30 | blocked 19.5% | idle 44.2% | ent 0.752
  upd  607 | return    0.200 | deliv   0.20 | blocked 15.3% | idle 49.2% | ent 0.711
  upd  608 | return    0.400 | deliv   0.40 | blocked 16.2% | idle 48.2% | ent 0.659
  upd  609 | return    0.300 | deliv   0.30 | blocked 13.1% | idle 49.2% | ent 0.673
  upd  610 | return    0.200 | deliv   0.20 | blocked 15.2% | idle 47.9% | ent 0.638
  upd  611 | return    0.400 | deliv   0.40 | blocked 15.8% | idle 47.7% | ent 0.667
  upd  612 | return    0.300 | deliv   0.30 | blocked 13.7% | idle 51.4% | ent 0.735
  upd  613 | return    0.200 | deliv   0.20 | blocked  9.9% | idle 53.6% | ent 0.720
  upd  614 | return    0.500 | deliv   0.50 | blocked 11.4% | idle 51.6% | ent 0.732
  upd  615 | return    0.700 | deliv   0.70 | blocked 12.0% | idle 46.9% | ent 0.738
  upd  616 | return    0.200 | deliv   0.20 | blocked 13.0% | idle 45.1% | ent 0.722
  upd  617 | return    0.200 | deliv   0.20 | blocked  9.1% | idle 50.2% | ent 0.761
  upd  618 | return    0.600 | deliv   0.60 | blocked  8.5% | idle 49.5% | ent 0.739
  upd  619 | return    0.900 | deliv   0.90 | blocked 12.8% | idle 43.9% | ent 0.707
  upd  620 | return    0.400 | deliv   0.40 | blocked 14.3% | idle 43.9% | ent 0.668
  upd  621 | return    0.400 | deliv   0.40 | blocked 11.5% | idle 51.8% | ent 0.635
  upd  622 | return    0.300 | deliv   0.30 | blocked 11.8% | idle 52.8% | ent 0.635
  upd  623 | return    0.200 | deliv   0.20 | blocked 11.4% | idle 53.1% | ent 0.632
  upd  624 | return    0.500 | deliv   0.50 | blocked  8.9% | idle 56.6% | ent 0.600
  upd  625 | return    0.700 | deliv   0.70 | blocked  9.4% | idle 57.1% | ent 0.576
  upd  626 | return    0.700 | deliv   0.70 | blocked 11.3% | idle 54.6% | ent 0.615
  upd  627 | return    0.900 | deliv   0.90 | blocked 10.6% | idle 59.1% | ent 0.685
  upd  628 | return    0.600 | deliv   0.60 | blocked 12.6% | idle 53.5% | ent 0.683
  upd  629 | return    0.500 | deliv   0.50 | blocked 10.7% | idle 55.8% | ent 0.702
  upd  630 | return    0.300 | deliv   0.30 | blocked  9.3% | idle 59.6% | ent 0.737
  upd  631 | return    0.400 | deliv   0.40 | blocked 13.0% | idle 48.7% | ent 0.707
  upd  632 | return    0.400 | deliv   0.40 | blocked 12.4% | idle 50.7% | ent 0.712
  upd  633 | return    0.300 | deliv   0.30 | blocked 12.6% | idle 50.0% | ent 0.723
  upd  634 | return    0.900 | deliv   0.90 | blocked 14.4% | idle 46.6% | ent 0.663
  upd  635 | return    0.400 | deliv   0.40 | blocked 16.3% | idle 46.5% | ent 0.672
  upd  636 | return    0.800 | deliv   0.80 | blocked 14.9% | idle 41.6% | ent 0.682
  upd  637 | return    0.500 | deliv   0.50 | blocked 16.4% | idle 45.1% | ent 0.714
  upd  638 | return    0.600 | deliv   0.60 | blocked 15.3% | idle 47.6% | ent 0.774
  upd  639 | return    0.400 | deliv   0.40 | blocked 13.8% | idle 48.0% | ent 0.831
  upd  640 | return    0.200 | deliv   0.20 | blocked 15.1% | idle 39.6% | ent 0.832
  upd  641 | return    0.600 | deliv   0.60 | blocked 15.3% | idle 40.7% | ent 0.916
  upd  642 | return    0.800 | deliv   0.80 | blocked 16.8% | idle 34.1% | ent 0.889
  upd  643 | return    0.900 | deliv   0.90 | blocked 17.4% | idle 32.8% | ent 0.879
  upd  644 | return    0.700 | deliv   0.70 | blocked 15.6% | idle 29.2% | ent 0.841
  upd  645 | return    0.300 | deliv   0.30 | blocked 19.7% | idle 23.6% | ent 0.849
  upd  646 | return    0.300 | deliv   0.30 | blocked 19.6% | idle 26.0% | ent 0.913
  upd  647 | return    0.700 | deliv   0.70 | blocked 17.7% | idle 22.2% | ent 0.866
  upd  648 | return    1.100 | deliv   1.10 | blocked 17.0% | idle 19.9% | ent 0.829
  upd  649 | return    0.300 | deliv   0.30 | blocked 18.5% | idle 21.6% | ent 0.842
  upd  650 | return    0.500 | deliv   0.50 | blocked 19.0% | idle 19.9% | ent 0.837
  upd  651 | return    0.700 | deliv   0.70 | blocked 19.6% | idle 18.3% | ent 0.776
  upd  652 | return    0.600 | deliv   0.60 | blocked 21.5% | idle 15.7% | ent 0.765
  upd  653 | return    0.300 | deliv   0.30 | blocked 14.2% | idle 18.4% | ent 0.740
  upd  654 | return    0.700 | deliv   0.70 | blocked 21.1% | idle 20.8% | ent 0.809
  upd  655 | return    0.700 | deliv   0.70 | blocked 16.0% | idle 28.2% | ent 0.886
  upd  656 | return    0.800 | deliv   0.80 | blocked 12.1% | idle 27.4% | ent 0.820
  upd  657 | return    0.500 | deliv   0.50 | blocked  9.7% | idle 28.7% | ent 0.760
  upd  658 | return    0.200 | deliv   0.20 | blocked 11.1% | idle 34.4% | ent 0.846
  upd  659 | return    0.500 | deliv   0.50 | blocked  9.9% | idle 40.4% | ent 0.805
  upd  660 | return    0.700 | deliv   0.70 | blocked  9.0% | idle 42.5% | ent 0.742
  upd  661 | return    0.300 | deliv   0.30 | blocked  9.1% | idle 44.2% | ent 0.746
  upd  662 | return    0.500 | deliv   0.50 | blocked 12.0% | idle 37.9% | ent 0.772
  upd  663 | return    0.400 | deliv   0.40 | blocked 11.6% | idle 39.2% | ent 0.766
  upd  664 | return    0.700 | deliv   0.70 | blocked  8.1% | idle 43.9% | ent 0.724
  upd  665 | return    0.700 | deliv   0.70 | blocked  8.8% | idle 45.5% | ent 0.835
  upd  666 | return    0.400 | deliv   0.40 | blocked 12.2% | idle 33.4% | ent 0.835
  upd  667 | return    0.900 | deliv   0.90 | blocked 14.7% | idle 31.4% | ent 0.860
  upd  668 | return    0.600 | deliv   0.60 | blocked 14.2% | idle 31.9% | ent 0.809
  upd  669 | return    0.700 | deliv   0.70 | blocked 11.4% | idle 37.0% | ent 0.804
  upd  670 | return    0.800 | deliv   0.80 | blocked 14.8% | idle 38.5% | ent 0.758
  upd  671 | return    0.800 | deliv   0.80 | blocked 18.1% | idle 35.4% | ent 0.753
  upd  672 | return    1.000 | deliv   1.00 | blocked 18.6% | idle 36.5% | ent 0.752
  upd  673 | return    1.400 | deliv   1.40 | blocked 16.9% | idle 38.3% | ent 0.701
  upd  674 | return    1.200 | deliv   1.20 | blocked 17.2% | idle 38.7% | ent 0.750
  upd  675 | return    1.200 | deliv   1.20 | blocked 22.1% | idle 32.8% | ent 0.739
  upd  676 | return    0.400 | deliv   0.40 | blocked 23.6% | idle 30.3% | ent 0.656
  upd  677 | return    0.800 | deliv   0.80 | blocked 22.3% | idle 29.3% | ent 0.666
  upd  678 | return    1.100 | deliv   1.10 | blocked 22.4% | idle 22.5% | ent 0.622
  upd  679 | return    0.800 | deliv   0.80 | blocked 24.9% | idle 21.6% | ent 0.670
  upd  680 | return    1.100 | deliv   1.10 | blocked 16.8% | idle 26.3% | ent 0.672
  upd  681 | return    1.000 | deliv   1.00 | blocked 22.2% | idle 24.9% | ent 0.676
  upd  682 | return    0.700 | deliv   0.70 | blocked 17.8% | idle 27.1% | ent 0.692
  upd  683 | return    1.100 | deliv   1.10 | blocked 17.2% | idle 22.4% | ent 0.696
  upd  684 | return    1.000 | deliv   1.00 | blocked 14.0% | idle 22.1% | ent 0.706
  upd  685 | return    0.900 | deliv   0.90 | blocked 14.7% | idle 23.3% | ent 0.685
  upd  686 | return    1.000 | deliv   1.00 | blocked 13.6% | idle 22.3% | ent 0.776
  upd  687 | return    0.900 | deliv   0.90 | blocked 17.3% | idle 16.1% | ent 0.656
  upd  688 | return    0.700 | deliv   0.70 | blocked 15.8% | idle 19.8% | ent 0.742
  upd  689 | return    0.600 | deliv   0.60 | blocked 14.1% | idle 19.6% | ent 0.767
  upd  690 | return    0.500 | deliv   0.50 | blocked 18.1% | idle 13.8% | ent 0.666
  upd  691 | return    0.900 | deliv   0.90 | blocked 21.1% | idle 18.0% | ent 0.708
  upd  692 | return    0.600 | deliv   0.60 | blocked 19.3% | idle 19.8% | ent 0.776
  upd  693 | return    0.800 | deliv   0.80 | blocked 22.7% | idle 16.6% | ent 0.668
  upd  694 | return    1.100 | deliv   1.10 | blocked 21.8% | idle 17.6% | ent 0.783
  upd  695 | return    1.000 | deliv   1.00 | blocked 22.1% | idle 16.5% | ent 0.760
  upd  696 | return    0.800 | deliv   0.80 | blocked 17.6% | idle 17.1% | ent 0.751
  upd  697 | return    1.200 | deliv   1.20 | blocked 16.8% | idle 15.1% | ent 0.815
  upd  698 | return    1.500 | deliv   1.50 | blocked 18.2% | idle 13.9% | ent 0.814
  upd  699 | return    0.900 | deliv   0.90 | blocked 18.2% | idle 13.8% | ent 0.816
  [replay @ update 700] return 1.00  deliveries 1  -> runs/mappo_evo_tiny-4ag_seed2/replays/replay_upd000700_s0.npz
  upd  700 | return    0.600 | deliv   0.60 | blocked 19.8% | idle 11.5% | ent 0.820
  upd  701 | return    0.700 | deliv   0.70 | blocked 14.0% | idle 13.0% | ent 0.779
  upd  702 | return    1.200 | deliv   1.20 | blocked 16.6% | idle 16.1% | ent 0.730
  upd  703 | return    1.200 | deliv   1.20 | blocked 16.8% | idle 16.5% | ent 0.735
  upd  704 | return    1.200 | deliv   1.20 | blocked 15.5% | idle 12.1% | ent 0.656
  upd  705 | return    1.000 | deliv   1.00 | blocked 18.7% | idle 10.6% | ent 0.658
  upd  706 | return    0.600 | deliv   0.60 | blocked 20.0% | idle  9.4% | ent 0.682
  upd  707 | return    1.100 | deliv   1.10 | blocked 22.6% | idle  7.7% | ent 0.662
  upd  708 | return    1.200 | deliv   1.20 | blocked 18.2% | idle 10.6% | ent 0.712
  upd  709 | return    0.600 | deliv   0.60 | blocked 17.4% | idle 13.0% | ent 0.752
  upd  710 | return    1.100 | deliv   1.10 | blocked 16.3% | idle  9.6% | ent 0.711
  upd  711 | return    0.900 | deliv   0.90 | blocked 16.2% | idle 14.7% | ent 0.738
  upd  712 | return    0.300 | deliv   0.30 | blocked 14.6% | idle 18.2% | ent 0.787
  upd  713 | return    0.700 | deliv   0.70 | blocked 12.6% | idle 17.2% | ent 0.802
  upd  714 | return    1.400 | deliv   1.40 | blocked 11.6% | idle 18.9% | ent 0.756
  upd  715 | return    0.900 | deliv   0.90 | blocked 11.3% | idle 15.9% | ent 0.747
  upd  716 | return    0.600 | deliv   0.60 | blocked 12.0% | idle 18.2% | ent 0.688
  upd  717 | return    0.800 | deliv   0.80 | blocked 12.1% | idle 21.5% | ent 0.644
  upd  718 | return    0.900 | deliv   0.90 | blocked 12.3% | idle 19.1% | ent 0.640
  upd  719 | return    0.500 | deliv   0.50 | blocked 12.2% | idle 22.7% | ent 0.652
  upd  720 | return    0.800 | deliv   0.80 | blocked 12.6% | idle 22.4% | ent 0.639
  upd  721 | return    1.700 | deliv   1.70 | blocked 12.0% | idle 26.8% | ent 0.703
  upd  722 | return    0.500 | deliv   0.50 | blocked  9.9% | idle 28.1% | ent 0.716
  upd  723 | return    0.800 | deliv   0.80 | blocked 10.2% | idle 30.0% | ent 0.725
  upd  724 | return    1.500 | deliv   1.50 | blocked 10.4% | idle 28.0% | ent 0.690
  upd  725 | return    0.800 | deliv   0.80 | blocked 10.5% | idle 29.7% | ent 0.705
  upd  726 | return    0.900 | deliv   0.90 | blocked 13.3% | idle 31.0% | ent 0.696
  upd  727 | return    0.700 | deliv   0.70 | blocked 12.8% | idle 35.0% | ent 0.700
  upd  728 | return    0.800 | deliv   0.80 | blocked 10.7% | idle 31.6% | ent 0.727
  upd  729 | return    0.700 | deliv   0.70 | blocked  9.2% | idle 26.0% | ent 0.744
  upd  730 | return    0.600 | deliv   0.60 | blocked  8.6% | idle 31.4% | ent 0.767
  upd  731 | return    0.800 | deliv   0.80 | blocked  9.7% | idle 26.3% | ent 0.781
  upd  732 | return    0.500 | deliv   0.50 | blocked  8.2% | idle 19.3% | ent 0.738
  upd  733 | return    1.500 | deliv   1.50 | blocked  8.9% | idle 20.3% | ent 0.822
  upd  734 | return    0.900 | deliv   0.90 | blocked 10.1% | idle 18.7% | ent 0.794
  upd  735 | return    1.200 | deliv   1.20 | blocked  9.8% | idle 20.8% | ent 0.766
  upd  736 | return    0.800 | deliv   0.80 | blocked  8.6% | idle 22.4% | ent 0.749
  upd  737 | return    0.800 | deliv   0.80 | blocked  8.0% | idle 20.5% | ent 0.780
  upd  738 | return    0.500 | deliv   0.50 | blocked  7.0% | idle 19.4% | ent 0.736
  upd  739 | return    0.700 | deliv   0.70 | blocked  9.3% | idle 16.8% | ent 0.725
  upd  740 | return    1.000 | deliv   1.00 | blocked  9.7% | idle 15.7% | ent 0.729
  upd  741 | return    0.500 | deliv   0.50 | blocked 10.9% | idle 16.2% | ent 0.728
  upd  742 | return    1.100 | deliv   1.10 | blocked 13.5% | idle 13.1% | ent 0.655
  upd  743 | return    1.200 | deliv   1.20 | blocked 16.2% | idle 10.0% | ent 0.667
  upd  744 | return    1.400 | deliv   1.40 | blocked 15.8% | idle 11.0% | ent 0.666
  upd  745 | return    0.900 | deliv   0.90 | blocked 14.9% | idle 11.2% | ent 0.707
  upd  746 | return    1.200 | deliv   1.20 | blocked 13.3% | idle  9.9% | ent 0.697
  upd  747 | return    1.400 | deliv   1.40 | blocked 10.5% | idle  8.6% | ent 0.702
  upd  748 | return    0.800 | deliv   0.80 | blocked 13.5% | idle  8.4% | ent 0.637
  upd  749 | return    1.100 | deliv   1.10 | blocked 11.2% | idle  7.4% | ent 0.582
  upd  750 | return    1.200 | deliv   1.20 | blocked 14.8% | idle  9.3% | ent 0.618
  upd  751 | return    1.500 | deliv   1.50 | blocked 15.3% | idle 11.9% | ent 0.665
  upd  752 | return    0.600 | deliv   0.60 | blocked 13.6% | idle 12.4% | ent 0.660
  upd  753 | return    1.100 | deliv   1.10 | blocked 13.6% | idle 12.8% | ent 0.670
  upd  754 | return    1.700 | deliv   1.70 | blocked 13.4% | idle 11.8% | ent 0.664
  upd  755 | return    0.600 | deliv   0.60 | blocked 13.7% | idle  8.2% | ent 0.630
  upd  756 | return    0.800 | deliv   0.80 | blocked 14.4% | idle  5.4% | ent 0.621
  upd  757 | return    0.800 | deliv   0.80 | blocked 12.7% | idle  6.4% | ent 0.637
  upd  758 | return    0.600 | deliv   0.60 | blocked 13.9% | idle  5.3% | ent 0.632
  upd  759 | return    0.600 | deliv   0.60 | blocked 12.1% | idle  5.5% | ent 0.680
  upd  760 | return    1.100 | deliv   1.10 | blocked 15.0% | idle  3.6% | ent 0.569
  upd  761 | return    1.400 | deliv   1.40 | blocked 16.5% | idle  4.3% | ent 0.597
  upd  762 | return    1.300 | deliv   1.30 | blocked 16.9% | idle  2.8% | ent 0.508
  upd  763 | return    1.000 | deliv   1.00 | blocked 14.8% | idle  3.5% | ent 0.573
  upd  764 | return    0.900 | deliv   0.90 | blocked 16.4% | idle  5.2% | ent 0.542
  upd  765 | return    0.700 | deliv   0.70 | blocked 17.0% | idle  3.9% | ent 0.569
  upd  766 | return    1.100 | deliv   1.10 | blocked 12.6% | idle  4.9% | ent 0.610
  upd  767 | return    0.600 | deliv   0.60 | blocked  8.9% | idle  5.2% | ent 0.624
  upd  768 | return    0.700 | deliv   0.70 | blocked  9.2% | idle  7.1% | ent 0.612
  upd  769 | return    1.400 | deliv   1.40 | blocked  7.5% | idle  6.7% | ent 0.591
  upd  770 | return    0.700 | deliv   0.70 | blocked  7.0% | idle  8.7% | ent 0.599
  upd  771 | return    0.400 | deliv   0.40 | blocked  7.6% | idle  9.8% | ent 0.663
  upd  772 | return    0.500 | deliv   0.50 | blocked  6.8% | idle 10.5% | ent 0.648
  upd  773 | return    0.500 | deliv   0.50 | blocked  6.5% | idle 10.4% | ent 0.683
  upd  774 | return    1.200 | deliv   1.20 | blocked  8.2% | idle 10.0% | ent 0.635
  upd  775 | return    0.400 | deliv   0.40 | blocked  8.8% | idle  9.0% | ent 0.629
  upd  776 | return    1.100 | deliv   1.10 | blocked  9.5% | idle  6.1% | ent 0.600
  upd  777 | return    1.400 | deliv   1.40 | blocked  9.9% | idle 12.2% | ent 0.629
  upd  778 | return    1.100 | deliv   1.10 | blocked 11.1% | idle 10.9% | ent 0.636
  upd  779 | return    0.400 | deliv   0.40 | blocked  8.5% | idle  9.2% | ent 0.610
  upd  780 | return    1.400 | deliv   1.40 | blocked 12.5% | idle 11.8% | ent 0.641
  upd  781 | return    1.300 | deliv   1.30 | blocked  8.3% | idle 10.2% | ent 0.614
  upd  782 | return    1.100 | deliv   1.10 | blocked 10.4% | idle  8.4% | ent 0.616
  upd  783 | return    0.900 | deliv   0.90 | blocked 10.5% | idle 12.6% | ent 0.618
  upd  784 | return    1.100 | deliv   1.10 | blocked  9.1% | idle 17.5% | ent 0.650
  upd  785 | return    0.700 | deliv   0.70 | blocked 11.5% | idle 11.8% | ent 0.627
  upd  786 | return    0.800 | deliv   0.80 | blocked  8.1% | idle 14.5% | ent 0.676
  upd  787 | return    1.000 | deliv   1.00 | blocked  9.4% | idle 17.5% | ent 0.698
  upd  788 | return    0.700 | deliv   0.70 | blocked 10.9% | idle 16.5% | ent 0.681
  upd  789 | return    1.000 | deliv   1.00 | blocked 11.1% | idle 13.2% | ent 0.624
  upd  790 | return    0.800 | deliv   0.80 | blocked 12.7% | idle 18.8% | ent 0.640
  upd  791 | return    1.600 | deliv   1.60 | blocked 11.5% | idle 18.5% | ent 0.610
  upd  792 | return    1.200 | deliv   1.20 | blocked 12.5% | idle 31.0% | ent 0.647
  upd  793 | return    0.900 | deliv   0.90 | blocked 13.7% | idle 26.0% | ent 0.639
  upd  794 | return    0.800 | deliv   0.80 | blocked 12.3% | idle 25.0% | ent 0.656
  upd  795 | return    1.100 | deliv   1.10 | blocked 11.0% | idle 28.8% | ent 0.628
  upd  796 | return    1.000 | deliv   1.00 | blocked  8.6% | idle 31.0% | ent 0.659
  upd  797 | return    1.100 | deliv   1.10 | blocked  8.4% | idle 33.4% | ent 0.620
  upd  798 | return    1.100 | deliv   1.10 | blocked  8.1% | idle 37.4% | ent 0.633
  upd  799 | return    1.300 | deliv   1.30 | blocked  6.1% | idle 47.4% | ent 0.592
  [replay @ update 800] return 2.00  deliveries 2  -> runs/mappo_evo_tiny-4ag_seed2/replays/replay_upd000800_s0.npz
  upd  800 | return    1.100 | deliv   1.10 | blocked  7.9% | idle 42.2% | ent 0.568
  upd  801 | return    0.800 | deliv   0.80 | blocked  9.4% | idle 43.5% | ent 0.572
  upd  802 | return    0.600 | deliv   0.60 | blocked  6.4% | idle 48.6% | ent 0.563
  upd  803 | return    1.400 | deliv   1.40 | blocked  5.4% | idle 50.3% | ent 0.588
  upd  804 | return    0.700 | deliv   0.70 | blocked  5.8% | idle 50.0% | ent 0.585
  upd  805 | return    1.300 | deliv   1.30 | blocked  4.5% | idle 53.1% | ent 0.536
  upd  806 | return    0.900 | deliv   0.90 | blocked  5.2% | idle 53.8% | ent 0.551
  upd  807 | return    0.900 | deliv   0.90 | blocked  5.5% | idle 53.9% | ent 0.609
  upd  808 | return    1.300 | deliv   1.30 | blocked  7.2% | idle 46.6% | ent 0.632
  upd  809 | return    1.700 | deliv   1.70 | blocked 11.0% | idle 41.2% | ent 0.543
  upd  810 | return    1.600 | deliv   1.60 | blocked 11.0% | idle 41.9% | ent 0.544
  upd  811 | return    1.200 | deliv   1.20 | blocked  9.5% | idle 54.5% | ent 0.506
  upd  812 | return    0.800 | deliv   0.80 | blocked  8.3% | idle 49.9% | ent 0.478
  upd  813 | return    0.700 | deliv   0.70 | blocked  7.3% | idle 62.0% | ent 0.515
  upd  814 | return    0.400 | deliv   0.40 | blocked  7.9% | idle 60.5% | ent 0.500
  upd  815 | return    0.700 | deliv   0.70 | blocked  5.6% | idle 64.0% | ent 0.494
  upd  816 | return    0.700 | deliv   0.70 | blocked  7.2% | idle 60.8% | ent 0.545
  upd  817 | return    1.000 | deliv   1.00 | blocked  7.6% | idle 58.2% | ent 0.583
  upd  818 | return    0.900 | deliv   0.90 | blocked  7.7% | idle 50.0% | ent 0.597
  upd  819 | return    1.000 | deliv   1.00 | blocked 10.9% | idle 45.2% | ent 0.691
  upd  820 | return    0.800 | deliv   0.80 | blocked  9.0% | idle 38.1% | ent 0.616
  upd  821 | return    0.900 | deliv   0.90 | blocked  8.7% | idle 39.5% | ent 0.651
  upd  822 | return    0.800 | deliv   0.80 | blocked 10.0% | idle 37.6% | ent 0.625
  upd  823 | return    1.300 | deliv   1.30 | blocked 10.2% | idle 42.1% | ent 0.586
  upd  824 | return    0.700 | deliv   0.70 | blocked  8.6% | idle 45.1% | ent 0.599
  upd  825 | return    1.400 | deliv   1.40 | blocked 11.8% | idle 42.0% | ent 0.541
  upd  826 | return    0.800 | deliv   0.80 | blocked 13.1% | idle 45.2% | ent 0.614
  upd  827 | return    0.500 | deliv   0.50 | blocked 11.2% | idle 46.5% | ent 0.670
  upd  828 | return    0.500 | deliv   0.50 | blocked  9.4% | idle 49.1% | ent 0.678
  upd  829 | return    0.600 | deliv   0.60 | blocked  9.2% | idle 45.4% | ent 0.665
  upd  830 | return    1.100 | deliv   1.10 | blocked  9.7% | idle 46.0% | ent 0.728
  upd  831 | return    0.700 | deliv   0.70 | blocked  8.7% | idle 46.2% | ent 0.729
  upd  832 | return    1.300 | deliv   1.30 | blocked  7.3% | idle 43.5% | ent 0.746
  upd  833 | return    0.800 | deliv   0.80 | blocked  4.8% | idle 48.5% | ent 0.724
  upd  834 | return    1.000 | deliv   1.00 | blocked  4.1% | idle 55.2% | ent 0.638
  upd  835 | return    0.800 | deliv   0.80 | blocked  4.7% | idle 53.1% | ent 0.596
  upd  836 | return    0.300 | deliv   0.30 | blocked  3.9% | idle 55.7% | ent 0.567
  upd  837 | return    1.200 | deliv   1.20 | blocked  6.1% | idle 63.3% | ent 0.550
  upd  838 | return    1.100 | deliv   1.10 | blocked  3.3% | idle 65.9% | ent 0.522
  upd  839 | return    0.800 | deliv   0.80 | blocked  4.5% | idle 57.4% | ent 0.566
  upd  840 | return    0.800 | deliv   0.80 | blocked  6.8% | idle 53.0% | ent 0.650
  upd  841 | return    0.800 | deliv   0.80 | blocked  4.8% | idle 55.7% | ent 0.660
  upd  842 | return    0.700 | deliv   0.70 | blocked  5.4% | idle 49.0% | ent 0.708
  upd  843 | return    1.100 | deliv   1.10 | blocked  4.8% | idle 47.5% | ent 0.746
  upd  844 | return    1.900 | deliv   1.90 | blocked  4.7% | idle 45.7% | ent 0.740
  upd  845 | return    1.200 | deliv   1.20 | blocked  4.7% | idle 39.4% | ent 0.642
  upd  846 | return    1.900 | deliv   1.90 | blocked  4.8% | idle 45.0% | ent 0.632
  upd  847 | return    0.800 | deliv   0.80 | blocked  5.8% | idle 43.6% | ent 0.742
  upd  848 | return    1.100 | deliv   1.10 | blocked  5.7% | idle 40.9% | ent 0.684
  upd  849 | return    1.200 | deliv   1.20 | blocked  6.1% | idle 45.7% | ent 0.708
  upd  850 | return    1.100 | deliv   1.10 | blocked  5.5% | idle 48.2% | ent 0.718
  upd  851 | return    2.100 | deliv   2.10 | blocked  5.9% | idle 41.0% | ent 0.652
  upd  852 | return    0.900 | deliv   0.90 | blocked  5.5% | idle 45.9% | ent 0.725
  upd  853 | return    1.500 | deliv   1.50 | blocked  6.4% | idle 44.2% | ent 0.657
  upd  854 | return    1.200 | deliv   1.20 | blocked  6.8% | idle 44.0% | ent 0.677
  upd  855 | return    1.100 | deliv   1.10 | blocked  7.1% | idle 44.7% | ent 0.662
  upd  856 | return    1.200 | deliv   1.20 | blocked  7.5% | idle 40.0% | ent 0.673
  upd  857 | return    0.800 | deliv   0.80 | blocked  7.3% | idle 42.7% | ent 0.706
  upd  858 | return    1.300 | deliv   1.30 | blocked  7.4% | idle 37.4% | ent 0.662
  upd  859 | return    0.900 | deliv   0.90 | blocked  7.4% | idle 31.8% | ent 0.708
  upd  860 | return    0.900 | deliv   0.90 | blocked  8.1% | idle 31.0% | ent 0.733
  upd  861 | return    0.700 | deliv   0.70 | blocked  6.3% | idle 30.3% | ent 0.775
  upd  862 | return    0.800 | deliv   0.80 | blocked  7.2% | idle 26.8% | ent 0.780
  upd  863 | return    1.500 | deliv   1.50 | blocked  6.7% | idle 24.2% | ent 0.786
  upd  864 | return    1.200 | deliv   1.20 | blocked  6.7% | idle 24.8% | ent 0.769
  upd  865 | return    1.900 | deliv   1.90 | blocked  6.0% | idle 22.8% | ent 0.677
  upd  866 | return    0.600 | deliv   0.60 | blocked  6.4% | idle 25.9% | ent 0.752
  upd  867 | return    2.200 | deliv   2.20 | blocked  7.0% | idle 31.9% | ent 0.788
  upd  868 | return    0.800 | deliv   0.80 | blocked  6.4% | idle 22.5% | ent 0.791
  upd  869 | return    1.700 | deliv   1.70 | blocked  6.4% | idle 17.9% | ent 0.775
  upd  870 | return    1.500 | deliv   1.50 | blocked  7.6% | idle 22.4% | ent 0.775
  upd  871 | return    1.100 | deliv   1.10 | blocked  6.1% | idle 26.7% | ent 0.728
  upd  872 | return    1.000 | deliv   1.00 | blocked  5.9% | idle 28.5% | ent 0.730
  upd  873 | return    1.900 | deliv   1.90 | blocked  6.7% | idle 31.5% | ent 0.674
  upd  874 | return    1.000 | deliv   1.00 | blocked  5.0% | idle 38.8% | ent 0.679
  upd  875 | return    1.100 | deliv   1.10 | blocked  6.0% | idle 35.1% | ent 0.716
  upd  876 | return    1.500 | deliv   1.50 | blocked  5.3% | idle 33.9% | ent 0.740
  upd  877 | return    1.100 | deliv   1.10 | blocked  4.0% | idle 39.0% | ent 0.727
  upd  878 | return    1.700 | deliv   1.70 | blocked  5.2% | idle 37.9% | ent 0.698
  upd  879 | return    1.900 | deliv   1.90 | blocked  3.8% | idle 38.7% | ent 0.643
  upd  880 | return    0.800 | deliv   0.80 | blocked  4.4% | idle 40.1% | ent 0.668
  upd  881 | return    1.900 | deliv   1.90 | blocked  6.1% | idle 40.1% | ent 0.622
  upd  882 | return    1.200 | deliv   1.20 | blocked  4.9% | idle 45.5% | ent 0.668
  upd  883 | return    1.000 | deliv   1.00 | blocked  4.9% | idle 41.9% | ent 0.660
  upd  884 | return    1.700 | deliv   1.70 | blocked  5.8% | idle 34.6% | ent 0.630
  upd  885 | return    1.600 | deliv   1.60 | blocked  5.0% | idle 42.9% | ent 0.623
  upd  886 | return    1.400 | deliv   1.40 | blocked  5.0% | idle 39.7% | ent 0.583
  upd  887 | return    1.400 | deliv   1.40 | blocked  5.2% | idle 48.5% | ent 0.589
  upd  888 | return    1.800 | deliv   1.80 | blocked  5.8% | idle 51.6% | ent 0.569
  upd  889 | return    1.100 | deliv   1.10 | blocked  4.4% | idle 53.1% | ent 0.662
  upd  890 | return    1.400 | deliv   1.40 | blocked  4.1% | idle 39.0% | ent 0.679
  upd  891 | return    1.100 | deliv   1.10 | blocked  4.9% | idle 40.0% | ent 0.708
  upd  892 | return    1.500 | deliv   1.50 | blocked  5.3% | idle 38.5% | ent 0.623
  upd  893 | return    1.000 | deliv   1.00 | blocked  4.9% | idle 47.1% | ent 0.663
  upd  894 | return    1.600 | deliv   1.60 | blocked  5.7% | idle 44.6% | ent 0.642
  upd  895 | return    1.300 | deliv   1.30 | blocked  8.7% | idle 41.3% | ent 0.669
  upd  896 | return    1.500 | deliv   1.50 | blocked  6.5% | idle 36.1% | ent 0.674
  upd  897 | return    1.200 | deliv   1.20 | blocked  6.1% | idle 29.1% | ent 0.662
  upd  898 | return    1.400 | deliv   1.40 | blocked  7.3% | idle 33.4% | ent 0.725
  upd  899 | return    0.700 | deliv   0.70 | blocked  7.0% | idle 31.3% | ent 0.698
  [replay @ update 900] return 0.00  deliveries 0  -> runs/mappo_evo_tiny-4ag_seed2/replays/replay_upd000900_s0.npz
  upd  900 | return    1.800 | deliv   1.80 | blocked  8.6% | idle 30.4% | ent 0.636
  upd  901 | return    1.800 | deliv   1.80 | blocked 11.4% | idle 24.1% | ent 0.632
  upd  902 | return    2.000 | deliv   2.00 | blocked 10.1% | idle 25.9% | ent 0.663
  upd  903 | return    1.200 | deliv   1.20 | blocked 11.0% | idle 18.3% | ent 0.645
  upd  904 | return    1.400 | deliv   1.40 | blocked  9.8% | idle 21.8% | ent 0.675
  upd  905 | return    1.700 | deliv   1.70 | blocked 13.0% | idle 21.9% | ent 0.652
  upd  906 | return    0.800 | deliv   0.80 | blocked  7.2% | idle 25.2% | ent 0.720
  upd  907 | return    0.900 | deliv   0.90 | blocked  8.1% | idle 22.0% | ent 0.721
  upd  908 | return    1.200 | deliv   1.20 | blocked  6.7% | idle 16.4% | ent 0.656
  upd  909 | return    1.300 | deliv   1.30 | blocked  7.6% | idle 21.9% | ent 0.698
  upd  910 | return    0.300 | deliv   0.30 | blocked  9.8% | idle 18.3% | ent 0.725
  upd  911 | return    1.900 | deliv   1.90 | blocked  7.5% | idle 16.3% | ent 0.674
  upd  912 | return    1.300 | deliv   1.30 | blocked  8.2% | idle 18.3% | ent 0.699
  upd  913 | return    2.400 | deliv   2.40 | blocked  5.8% | idle 21.3% | ent 0.715
  upd  914 | return    1.900 | deliv   1.90 | blocked  6.0% | idle 18.7% | ent 0.710
  upd  915 | return    1.500 | deliv   1.50 | blocked  5.6% | idle 17.7% | ent 0.698
  upd  916 | return    1.600 | deliv   1.60 | blocked  4.5% | idle 25.5% | ent 0.709
  upd  917 | return    0.800 | deliv   0.80 | blocked  5.4% | idle 25.3% | ent 0.732
  upd  918 | return    1.300 | deliv   1.30 | blocked  5.7% | idle 25.5% | ent 0.707
  upd  919 | return    1.300 | deliv   1.30 | blocked  5.1% | idle 29.6% | ent 0.784
  upd  920 | return    0.800 | deliv   0.80 | blocked  5.0% | idle 28.2% | ent 0.776
  upd  921 | return    1.700 | deliv   1.70 | blocked  5.4% | idle 25.6% | ent 0.740
  upd  922 | return    1.800 | deliv   1.80 | blocked  5.8% | idle 21.1% | ent 0.718
  upd  923 | return    1.700 | deliv   1.70 | blocked  6.4% | idle 19.2% | ent 0.782
  upd  924 | return    1.800 | deliv   1.80 | blocked  5.2% | idle 14.6% | ent 0.722
  upd  925 | return    1.500 | deliv   1.50 | blocked  6.4% | idle 19.7% | ent 0.712
  upd  926 | return    1.400 | deliv   1.40 | blocked  4.4% | idle 19.3% | ent 0.721
  upd  927 | return    1.500 | deliv   1.50 | blocked  4.7% | idle 19.6% | ent 0.779
  upd  928 | return    1.700 | deliv   1.70 | blocked  4.7% | idle 19.1% | ent 0.779
  upd  929 | return    1.700 | deliv   1.70 | blocked  8.5% | idle 15.1% | ent 0.749
  upd  930 | return    1.700 | deliv   1.70 | blocked  7.1% | idle 15.4% | ent 0.731
  upd  931 | return    1.900 | deliv   1.90 | blocked  5.4% | idle 19.8% | ent 0.694
  upd  932 | return    1.000 | deliv   1.00 | blocked  5.2% | idle 16.8% | ent 0.729
  upd  933 | return    1.500 | deliv   1.50 | blocked  3.9% | idle 15.8% | ent 0.701
  upd  934 | return    1.500 | deliv   1.50 | blocked  4.6% | idle 16.0% | ent 0.705
  upd  935 | return    2.000 | deliv   2.00 | blocked  4.0% | idle 10.6% | ent 0.650
  upd  936 | return    1.500 | deliv   1.50 | blocked  6.2% | idle 13.3% | ent 0.707
  upd  937 | return    1.400 | deliv   1.40 | blocked  5.8% | idle  6.8% | ent 0.658
  upd  938 | return    1.300 | deliv   1.30 | blocked  5.5% | idle  7.2% | ent 0.645
  upd  939 | return    1.900 | deliv   1.90 | blocked  7.0% | idle  6.8% | ent 0.597
  upd  940 | return    1.900 | deliv   1.90 | blocked  7.1% | idle  5.4% | ent 0.622
  upd  941 | return    1.000 | deliv   1.00 | blocked  8.1% | idle  3.0% | ent 0.610
  upd  942 | return    1.900 | deliv   1.90 | blocked  9.3% | idle  3.3% | ent 0.654
  upd  943 | return    2.000 | deliv   2.00 | blocked  7.2% | idle  5.3% | ent 0.654
  upd  944 | return    1.700 | deliv   1.70 | blocked  7.7% | idle  4.9% | ent 0.678
  upd  945 | return    2.000 | deliv   2.00 | blocked  6.8% | idle  6.3% | ent 0.686
  upd  946 | return    2.000 | deliv   2.00 | blocked  5.8% | idle  7.2% | ent 0.707
  upd  947 | return    2.700 | deliv   2.70 | blocked  4.5% | idle  7.8% | ent 0.688
  upd  948 | return    2.900 | deliv   2.90 | blocked  7.3% | idle  7.9% | ent 0.697
  upd  949 | return    1.400 | deliv   1.40 | blocked  5.4% | idle  6.5% | ent 0.668
  upd  950 | return    1.300 | deliv   1.30 | blocked  6.0% | idle  6.0% | ent 0.682
  upd  951 | return    1.400 | deliv   1.40 | blocked  4.4% | idle  5.8% | ent 0.695
  upd  952 | return    1.800 | deliv   1.80 | blocked  5.8% | idle  6.4% | ent 0.679
  upd  953 | return    2.300 | deliv   2.30 | blocked  5.3% | idle  7.4% | ent 0.697
  upd  954 | return    2.200 | deliv   2.20 | blocked  4.1% | idle  7.5% | ent 0.662
  upd  955 | return    1.500 | deliv   1.50 | blocked  5.6% | idle  6.4% | ent 0.677
  upd  956 | return    1.900 | deliv   1.90 | blocked  5.2% | idle  6.5% | ent 0.688
  upd  957 | return    1.500 | deliv   1.50 | blocked  5.5% | idle  6.6% | ent 0.714
  upd  958 | return    2.400 | deliv   2.40 | blocked  5.6% | idle  6.2% | ent 0.702
  upd  959 | return    2.000 | deliv   2.00 | blocked  5.7% | idle  8.4% | ent 0.698
  upd  960 | return    2.600 | deliv   2.60 | blocked  6.2% | idle  7.3% | ent 0.672
  upd  961 | return    3.600 | deliv   3.60 | blocked  6.8% | idle  7.5% | ent 0.706
  upd  962 | return    1.900 | deliv   1.90 | blocked  7.0% | idle  5.6% | ent 0.667
  upd  963 | return    1.900 | deliv   1.90 | blocked  6.0% | idle  7.8% | ent 0.661
  upd  964 | return    2.000 | deliv   2.00 | blocked  7.2% | idle  8.5% | ent 0.665
  upd  965 | return    2.400 | deliv   2.40 | blocked  8.4% | idle  8.2% | ent 0.670
  upd  966 | return    1.200 | deliv   1.20 | blocked  6.6% | idle  7.1% | ent 0.646
  upd  967 | return    1.700 | deliv   1.70 | blocked  5.6% | idle  6.9% | ent 0.622
  upd  968 | return    2.100 | deliv   2.10 | blocked  6.7% | idle  6.4% | ent 0.604
  upd  969 | return    2.000 | deliv   2.00 | blocked  8.0% | idle  8.6% | ent 0.612
  upd  970 | return    1.800 | deliv   1.80 | blocked  7.5% | idle 10.1% | ent 0.609
  upd  971 | return    2.300 | deliv   2.30 | blocked  7.7% | idle  7.4% | ent 0.606
  upd  972 | return    2.400 | deliv   2.40 | blocked  9.7% | idle 12.0% | ent 0.622
  upd  973 | return    3.700 | deliv   3.70 | blocked 10.3% | idle 11.1% | ent 0.650
  upd  974 | return    2.800 | deliv   2.80 | blocked 10.5% | idle  9.6% | ent 0.599
  upd  975 | return    2.400 | deliv   2.40 | blocked  9.7% | idle 13.3% | ent 0.610
  upd  976 | return    2.300 | deliv   2.30 | blocked 10.5% | idle 13.5% | ent 0.614
  upd  977 | return    2.300 | deliv   2.30 | blocked  9.8% | idle 16.1% | ent 0.620
  upd  978 | return    2.400 | deliv   2.40 | blocked 11.5% | idle 14.1% | ent 0.613
  upd  979 | return    2.200 | deliv   2.20 | blocked 12.0% | idle 12.5% | ent 0.580
  upd  980 | return    3.200 | deliv   3.20 | blocked 13.4% | idle 15.8% | ent 0.605
  upd  981 | return    3.200 | deliv   3.20 | blocked 13.0% | idle 15.3% | ent 0.612
  upd  982 | return    2.100 | deliv   2.10 | blocked 11.1% | idle 14.3% | ent 0.596
  upd  983 | return    2.800 | deliv   2.80 | blocked 12.2% | idle 11.7% | ent 0.611
  upd  984 | return    2.500 | deliv   2.50 | blocked 14.5% | idle 11.5% | ent 0.613
  upd  985 | return    2.200 | deliv   2.20 | blocked  9.9% | idle  7.7% | ent 0.628
  upd  986 | return    2.400 | deliv   2.40 | blocked 10.7% | idle  7.0% | ent 0.613
  upd  987 | return    2.600 | deliv   2.60 | blocked  9.7% | idle  7.4% | ent 0.611
  upd  988 | return    2.300 | deliv   2.30 | blocked  9.9% | idle  8.7% | ent 0.596
  upd  989 | return    2.100 | deliv   2.10 | blocked  9.9% | idle 11.3% | ent 0.598
  upd  990 | return    2.300 | deliv   2.30 | blocked 10.1% | idle 14.2% | ent 0.598
  upd  991 | return    2.500 | deliv   2.50 | blocked  9.1% | idle 19.3% | ent 0.551
  upd  992 | return    2.700 | deliv   2.70 | blocked  9.5% | idle 22.7% | ent 0.589
  upd  993 | return    2.600 | deliv   2.60 | blocked  9.6% | idle 17.1% | ent 0.608
  upd  994 | return    2.500 | deliv   2.50 | blocked  7.6% | idle 13.5% | ent 0.560
  upd  995 | return    2.400 | deliv   2.40 | blocked  8.3% | idle 10.1% | ent 0.576
  upd  996 | return    3.100 | deliv   3.10 | blocked 10.4% | idle 11.7% | ent 0.569
  upd  997 | return    2.800 | deliv   2.80 | blocked  8.6% | idle  8.8% | ent 0.576
  upd  998 | return    2.700 | deliv   2.70 | blocked 10.6% | idle  8.4% | ent 0.616
  upd  999 | return    2.800 | deliv   2.80 | blocked  8.9% | idle 10.1% | ent 0.590
  [replay @ update 1000] return 1.00  deliveries 1  -> runs/mappo_evo_tiny-4ag_seed2/replays/replay_upd001000_s0.npz
  upd 1000 | return    2.400 | deliv   2.40 | blocked  8.4% | idle 10.2% | ent 0.596
  upd 1001 | return    3.000 | deliv   3.00 | blocked 10.9% | idle  8.8% | ent 0.612
  upd 1002 | return    2.200 | deliv   2.20 | blocked  9.5% | idle 10.3% | ent 0.636
  upd 1003 | return    2.100 | deliv   2.10 | blocked  9.9% | idle 10.8% | ent 0.623
  upd 1004 | return    2.100 | deliv   2.10 | blocked 11.0% | idle 11.1% | ent 0.632
  upd 1005 | return    2.300 | deliv   2.30 | blocked  8.5% | idle 11.9% | ent 0.605
  upd 1006 | return    2.400 | deliv   2.40 | blocked  9.2% | idle 13.4% | ent 0.605
  upd 1007 | return    1.700 | deliv   1.70 | blocked 10.2% | idle 14.0% | ent 0.617
  upd 1008 | return    2.200 | deliv   2.20 | blocked  9.1% | idle 11.0% | ent 0.598
  upd 1009 | return    2.700 | deliv   2.70 | blocked  8.0% | idle 12.5% | ent 0.580
  upd 1010 | return    2.400 | deliv   2.40 | blocked  7.9% | idle 12.2% | ent 0.578
  upd 1011 | return    2.100 | deliv   2.10 | blocked  6.5% | idle 12.0% | ent 0.547
  upd 1012 | return    1.800 | deliv   1.80 | blocked  6.3% | idle  9.9% | ent 0.576
  upd 1013 | return    3.300 | deliv   3.30 | blocked  8.4% | idle 11.7% | ent 0.599
  upd 1014 | return    1.500 | deliv   1.50 | blocked  8.2% | idle 13.1% | ent 0.619
  upd 1015 | return    2.800 | deliv   2.80 | blocked  6.9% | idle 16.5% | ent 0.601
  upd 1016 | return    3.100 | deliv   3.10 | blocked  9.5% | idle 18.6% | ent 0.612
  upd 1017 | return    1.800 | deliv   1.80 | blocked  7.6% | idle 14.3% | ent 0.615
  upd 1018 | return    1.600 | deliv   1.60 | blocked  6.9% | idle 15.2% | ent 0.580
  upd 1019 | return    2.500 | deliv   2.50 | blocked  9.8% | idle 12.7% | ent 0.606
  upd 1020 | return    2.700 | deliv   2.70 | blocked  7.9% | idle 13.1% | ent 0.571
  upd 1021 | return    2.200 | deliv   2.20 | blocked  7.5% | idle 14.5% | ent 0.552
  upd 1022 | return    2.700 | deliv   2.70 | blocked  9.7% | idle 13.4% | ent 0.561
  upd 1023 | return    2.500 | deliv   2.50 | blocked  7.8% | idle 17.3% | ent 0.565
  upd 1024 | return    2.700 | deliv   2.70 | blocked  8.9% | idle 18.4% | ent 0.577
  upd 1025 | return    1.900 | deliv   1.90 | blocked  8.0% | idle 20.2% | ent 0.640
  upd 1026 | return    2.300 | deliv   2.30 | blocked  8.4% | idle 25.6% | ent 0.595
  upd 1027 | return    2.100 | deliv   2.10 | blocked  7.4% | idle 32.2% | ent 0.607
  upd 1028 | return    1.700 | deliv   1.70 | blocked  6.6% | idle 30.1% | ent 0.643
  upd 1029 | return    2.300 | deliv   2.30 | blocked  8.5% | idle 23.0% | ent 0.686
  upd 1030 | return    1.800 | deliv   1.80 | blocked  5.6% | idle 21.1% | ent 0.640
  upd 1031 | return    2.500 | deliv   2.50 | blocked  6.1% | idle 20.2% | ent 0.655
  upd 1032 | return    2.600 | deliv   2.60 | blocked  5.9% | idle 21.4% | ent 0.650
  upd 1033 | return    2.800 | deliv   2.80 | blocked  6.0% | idle 19.9% | ent 0.659
  upd 1034 | return    2.000 | deliv   2.00 | blocked  6.5% | idle 18.9% | ent 0.669
  upd 1035 | return    2.100 | deliv   2.10 | blocked  5.5% | idle 18.9% | ent 0.678
  upd 1036 | return    2.400 | deliv   2.40 | blocked  6.8% | idle 20.1% | ent 0.659
  upd 1037 | return    1.700 | deliv   1.70 | blocked  6.1% | idle 21.1% | ent 0.646
  upd 1038 | return    2.300 | deliv   2.30 | blocked  7.9% | idle 19.7% | ent 0.636
  upd 1039 | return    2.900 | deliv   2.90 | blocked  9.2% | idle 18.6% | ent 0.618
  upd 1040 | return    2.000 | deliv   2.00 | blocked  9.5% | idle 14.4% | ent 0.657
  upd 1041 | return    2.700 | deliv   2.70 | blocked  8.8% | idle 16.5% | ent 0.625
  upd 1042 | return    2.600 | deliv   2.60 | blocked 10.2% | idle 16.2% | ent 0.651
  upd 1043 | return    2.500 | deliv   2.50 | blocked 10.0% | idle 15.9% | ent 0.637
  upd 1044 | return    3.600 | deliv   3.60 | blocked  8.7% | idle 12.5% | ent 0.610
  upd 1045 | return    3.000 | deliv   3.00 | blocked 12.0% | idle 16.0% | ent 0.623
  upd 1046 | return    2.800 | deliv   2.80 | blocked 10.0% | idle 16.5% | ent 0.642
  upd 1047 | return    3.400 | deliv   3.40 | blocked 11.0% | idle 15.2% | ent 0.644
  upd 1048 | return    2.800 | deliv   2.80 | blocked  9.7% | idle 12.4% | ent 0.626
  upd 1049 | return    2.100 | deliv   2.10 | blocked 11.0% | idle 13.2% | ent 0.633
  upd 1050 | return    3.900 | deliv   3.90 | blocked  9.2% | idle 13.3% | ent 0.627
  upd 1051 | return    2.200 | deliv   2.20 | blocked 10.0% | idle 13.4% | ent 0.649
  upd 1052 | return    2.100 | deliv   2.10 | blocked  9.6% | idle 16.8% | ent 0.622
  upd 1053 | return    2.300 | deliv   2.30 | blocked 10.0% | idle 19.6% | ent 0.637
  upd 1054 | return    2.700 | deliv   2.70 | blocked  8.8% | idle 23.9% | ent 0.648
  upd 1055 | return    3.200 | deliv   3.20 | blocked  9.2% | idle 21.3% | ent 0.645
  upd 1056 | return    2.200 | deliv   2.20 | blocked  8.4% | idle 18.8% | ent 0.639
  upd 1057 | return    3.400 | deliv   3.40 | blocked  8.4% | idle 18.7% | ent 0.651
  upd 1058 | return    2.500 | deliv   2.50 | blocked  8.4% | idle 15.2% | ent 0.634
  upd 1059 | return    2.600 | deliv   2.60 | blocked  9.8% | idle 15.1% | ent 0.662
  upd 1060 | return    2.500 | deliv   2.50 | blocked 12.9% | idle 13.5% | ent 0.670
  upd 1061 | return    3.800 | deliv   3.80 | blocked 11.0% | idle 12.2% | ent 0.681
  upd 1062 | return    3.200 | deliv   3.20 | blocked 12.1% | idle 11.3% | ent 0.677
  upd 1063 | return    3.700 | deliv   3.70 | blocked 13.2% | idle 13.0% | ent 0.705
  upd 1064 | return    3.200 | deliv   3.20 | blocked  8.4% | idle 13.8% | ent 0.699
  upd 1065 | return    3.400 | deliv   3.40 | blocked  8.7% | idle 14.8% | ent 0.692
  upd 1066 | return    3.000 | deliv   3.00 | blocked  7.1% | idle 19.3% | ent 0.689
  upd 1067 | return    2.000 | deliv   2.00 | blocked  6.7% | idle 17.1% | ent 0.683
  upd 1068 | return    3.100 | deliv   3.10 | blocked  7.2% | idle 15.4% | ent 0.701
  upd 1069 | return    3.100 | deliv   3.10 | blocked  7.4% | idle 15.2% | ent 0.717
  upd 1070 | return    2.900 | deliv   2.90 | blocked  7.4% | idle 13.2% | ent 0.702
  upd 1071 | return    2.600 | deliv   2.60 | blocked  8.1% | idle 16.9% | ent 0.682
  upd 1072 | return    4.100 | deliv   4.10 | blocked  8.5% | idle 22.9% | ent 0.677
  upd 1073 | return    3.100 | deliv   3.10 | blocked  7.0% | idle 20.4% | ent 0.693
  upd 1074 | return    3.400 | deliv   3.40 | blocked  8.4% | idle 14.8% | ent 0.683
  upd 1075 | return    3.800 | deliv   3.80 | blocked  8.9% | idle 12.9% | ent 0.696
  upd 1076 | return    3.000 | deliv   3.00 | blocked  8.2% | idle 13.5% | ent 0.690
  upd 1077 | return    3.900 | deliv   3.90 | blocked  9.3% | idle 11.5% | ent 0.692
  upd 1078 | return    3.100 | deliv   3.10 | blocked  6.8% | idle  9.9% | ent 0.694
  upd 1079 | return    3.000 | deliv   3.00 | blocked  6.8% | idle  9.6% | ent 0.705
  upd 1080 | return    3.700 | deliv   3.70 | blocked  7.7% | idle  8.6% | ent 0.700
  upd 1081 | return    3.000 | deliv   3.00 | blocked  8.4% | idle  7.2% | ent 0.733
  upd 1082 | return    3.300 | deliv   3.30 | blocked  5.5% | idle  7.5% | ent 0.753
  upd 1083 | return    4.100 | deliv   4.10 | blocked  7.3% | idle  5.4% | ent 0.738
  upd 1084 | return    4.400 | deliv   4.40 | blocked  8.9% | idle  4.4% | ent 0.708
  upd 1085 | return    3.900 | deliv   3.90 | blocked  7.5% | idle  4.6% | ent 0.774
  upd 1086 | return    4.100 | deliv   4.10 | blocked  6.5% | idle  5.5% | ent 0.770
  upd 1087 | return    2.500 | deliv   2.50 | blocked  6.1% | idle  5.9% | ent 0.756
  upd 1088 | return    2.600 | deliv   2.60 | blocked  5.3% | idle  5.2% | ent 0.751
  upd 1089 | return    1.600 | deliv   1.60 | blocked  6.1% | idle  4.4% | ent 0.757
  upd 1090 | return    3.800 | deliv   3.80 | blocked  5.3% | idle  6.1% | ent 0.762
  upd 1091 | return    2.400 | deliv   2.40 | blocked  5.0% | idle  7.3% | ent 0.775
  upd 1092 | return    3.500 | deliv   3.50 | blocked  4.5% | idle  9.3% | ent 0.790
  upd 1093 | return    3.000 | deliv   3.00 | blocked  6.0% | idle 12.0% | ent 0.782
  upd 1094 | return    2.300 | deliv   2.30 | blocked  6.7% | idle 12.3% | ent 0.769
  upd 1095 | return    3.800 | deliv   3.80 | blocked  7.4% | idle 17.8% | ent 0.784
  upd 1096 | return    3.900 | deliv   3.90 | blocked  7.0% | idle 14.5% | ent 0.767
  upd 1097 | return    3.600 | deliv   3.60 | blocked  7.0% | idle 14.5% | ent 0.786
  upd 1098 | return    4.200 | deliv   4.20 | blocked 13.1% | idle 13.2% | ent 0.729
  upd 1099 | return    3.300 | deliv   3.30 | blocked  8.3% | idle 15.5% | ent 0.795
  [replay @ update 1100] return 1.00  deliveries 1  -> runs/mappo_evo_tiny-4ag_seed2/replays/replay_upd001100_s0.npz
  upd 1100 | return    3.300 | deliv   3.30 | blocked  9.0% | idle 13.0% | ent 0.769
  upd 1101 | return    3.700 | deliv   3.70 | blocked  7.4% | idle 11.7% | ent 0.794
  upd 1102 | return    3.900 | deliv   3.90 | blocked  7.8% | idle 11.4% | ent 0.797
  upd 1103 | return    3.600 | deliv   3.60 | blocked  5.6% | idle 12.8% | ent 0.808
  upd 1104 | return    3.200 | deliv   3.20 | blocked 11.7% | idle 12.9% | ent 0.755
  upd 1105 | return    3.100 | deliv   3.10 | blocked 13.5% | idle 14.9% | ent 0.756
  upd 1106 | return    4.200 | deliv   4.20 | blocked  6.7% | idle 14.7% | ent 0.803
  upd 1107 | return    3.900 | deliv   3.90 | blocked  7.4% | idle 19.2% | ent 0.811
  upd 1108 | return    4.300 | deliv   4.30 | blocked  8.0% | idle 19.2% | ent 0.796
  upd 1109 | return    3.100 | deliv   3.10 | blocked  7.0% | idle 17.9% | ent 0.795
  upd 1110 | return    2.500 | deliv   2.50 | blocked  5.7% | idle 20.1% | ent 0.808
  upd 1111 | return    4.000 | deliv   4.00 | blocked  7.9% | idle 21.1% | ent 0.777
  upd 1112 | return    3.800 | deliv   3.80 | blocked  6.4% | idle 21.7% | ent 0.762
  upd 1113 | return    3.600 | deliv   3.60 | blocked  6.4% | idle 24.4% | ent 0.759
  upd 1114 | return    2.900 | deliv   2.90 | blocked  6.5% | idle 23.7% | ent 0.762
  upd 1115 | return    3.000 | deliv   3.00 | blocked  6.7% | idle 24.8% | ent 0.768
  upd 1116 | return    2.900 | deliv   2.90 | blocked  6.7% | idle 22.7% | ent 0.778
  upd 1117 | return    3.700 | deliv   3.70 | blocked  7.7% | idle 19.1% | ent 0.759
  upd 1118 | return    3.600 | deliv   3.60 | blocked  7.2% | idle 17.7% | ent 0.781
  upd 1119 | return    2.700 | deliv   2.70 | blocked  6.9% | idle 17.2% | ent 0.784
  upd 1120 | return    3.900 | deliv   3.90 | blocked  6.6% | idle 20.8% | ent 0.768
  upd 1121 | return    2.900 | deliv   2.90 | blocked 10.0% | idle 23.4% | ent 0.759
  upd 1122 | return    2.900 | deliv   2.90 | blocked  8.6% | idle 18.2% | ent 0.763
  upd 1123 | return    2.800 | deliv   2.80 | blocked  9.4% | idle 15.8% | ent 0.765
  upd 1124 | return    4.600 | deliv   4.60 | blocked 10.3% | idle 13.2% | ent 0.760
  upd 1125 | return    4.700 | deliv   4.70 | blocked  8.1% | idle 13.9% | ent 0.807
  upd 1126 | return    3.800 | deliv   3.80 | blocked  8.2% | idle 14.1% | ent 0.808
  upd 1127 | return    2.900 | deliv   2.90 | blocked  9.7% | idle  9.4% | ent 0.766
  upd 1128 | return    3.200 | deliv   3.20 | blocked 11.5% | idle  8.6% | ent 0.780
  upd 1129 | return    4.100 | deliv   4.10 | blocked 10.6% | idle  6.0% | ent 0.749
  upd 1130 | return    2.800 | deliv   2.80 | blocked 13.9% | idle  5.2% | ent 0.756
  upd 1131 | return    3.700 | deliv   3.70 | blocked 13.6% | idle  4.3% | ent 0.750
  upd 1132 | return    3.700 | deliv   3.70 | blocked 16.4% | idle  3.9% | ent 0.731
  upd 1133 | return    3.600 | deliv   3.60 | blocked 17.6% | idle  3.9% | ent 0.753
  upd 1134 | return    4.200 | deliv   4.20 | blocked 11.6% | idle  4.2% | ent 0.735
  upd 1135 | return    3.700 | deliv   3.70 | blocked 16.7% | idle  4.9% | ent 0.737
  upd 1136 | return    3.800 | deliv   3.80 | blocked 16.0% | idle  4.0% | ent 0.710
  upd 1137 | return    2.900 | deliv   2.90 | blocked 13.6% | idle  3.2% | ent 0.727
  upd 1138 | return    4.800 | deliv   4.80 | blocked 15.4% | idle  3.8% | ent 0.729
  upd 1139 | return    3.000 | deliv   3.00 | blocked 13.1% | idle  5.7% | ent 0.758
  upd 1140 | return    2.900 | deliv   2.90 | blocked 12.0% | idle  7.3% | ent 0.748
  upd 1141 | return    4.100 | deliv   4.10 | blocked 14.0% | idle  6.1% | ent 0.744
  upd 1142 | return    4.900 | deliv   4.90 | blocked 14.1% | idle  4.8% | ent 0.722
  upd 1143 | return    4.100 | deliv   4.10 | blocked 14.3% | idle  4.8% | ent 0.759
  upd 1144 | return    3.500 | deliv   3.50 | blocked 10.5% | idle  4.0% | ent 0.724
  upd 1145 | return    2.200 | deliv   2.20 | blocked  7.0% | idle  4.7% | ent 0.784
  upd 1146 | return    3.800 | deliv   3.80 | blocked  7.0% | idle  6.5% | ent 0.801
  upd 1147 | return    2.000 | deliv   2.00 | blocked  7.4% | idle  7.1% | ent 0.786
  upd 1148 | return    4.600 | deliv   4.60 | blocked  9.8% | idle  8.8% | ent 0.782
  upd 1149 | return    3.100 | deliv   3.10 | blocked  6.0% | idle 10.1% | ent 0.837
  upd 1150 | return    3.600 | deliv   3.60 | blocked  6.7% | idle  7.9% | ent 0.802
  upd 1151 | return    2.800 | deliv   2.80 | blocked  7.4% | idle  5.4% | ent 0.775
  upd 1152 | return    3.400 | deliv   3.40 | blocked  7.1% | idle  4.5% | ent 0.760
  upd 1153 | return    2.000 | deliv   2.00 | blocked  9.1% | idle  3.7% | ent 0.738
  upd 1154 | return    3.500 | deliv   3.50 | blocked  7.8% | idle  2.8% | ent 0.746
  upd 1155 | return    3.300 | deliv   3.30 | blocked 10.7% | idle  2.4% | ent 0.731
  upd 1156 | return    2.500 | deliv   2.50 | blocked  7.6% | idle  2.1% | ent 0.756
  upd 1157 | return    3.500 | deliv   3.50 | blocked  9.1% | idle  1.8% | ent 0.719
  upd 1158 | return    3.000 | deliv   3.00 | blocked  4.8% | idle  2.0% | ent 0.749
  upd 1159 | return    4.000 | deliv   4.00 | blocked 12.8% | idle  2.0% | ent 0.704
  upd 1160 | return    3.900 | deliv   3.90 | blocked 12.0% | idle  2.8% | ent 0.733
  upd 1161 | return    3.500 | deliv   3.50 | blocked 12.3% | idle  2.9% | ent 0.699
  upd 1162 | return    4.100 | deliv   4.10 | blocked 11.0% | idle  3.0% | ent 0.739
  upd 1163 | return    3.100 | deliv   3.10 | blocked 10.6% | idle  2.4% | ent 0.723
  upd 1164 | return    3.200 | deliv   3.20 | blocked  9.3% | idle  2.4% | ent 0.721
  upd 1165 | return    3.900 | deliv   3.90 | blocked  7.7% | idle  2.4% | ent 0.738
  upd 1166 | return    3.100 | deliv   3.10 | blocked  8.4% | idle  2.4% | ent 0.739
  upd 1167 | return    4.100 | deliv   4.10 | blocked 10.0% | idle  2.3% | ent 0.724
  upd 1168 | return    2.500 | deliv   2.50 | blocked  8.8% | idle  2.8% | ent 0.735
  upd 1169 | return    3.400 | deliv   3.40 | blocked 13.2% | idle  2.8% | ent 0.697
  upd 1170 | return    2.600 | deliv   2.60 | blocked 17.9% | idle  2.3% | ent 0.655
  upd 1171 | return    2.600 | deliv   2.60 | blocked 14.0% | idle  2.4% | ent 0.666
  upd 1172 | return    2.300 | deliv   2.30 | blocked 13.1% | idle  1.7% | ent 0.675
  upd 1173 | return    2.200 | deliv   2.20 | blocked 18.5% | idle  1.1% | ent 0.631
  upd 1174 | return    2.500 | deliv   2.50 | blocked 20.5% | idle  1.3% | ent 0.656
  upd 1175 | return    3.100 | deliv   3.10 | blocked 21.5% | idle  1.4% | ent 0.620
  upd 1176 | return    2.800 | deliv   2.80 | blocked 20.0% | idle  1.5% | ent 0.666
  upd 1177 | return    2.100 | deliv   2.10 | blocked 23.3% | idle  1.6% | ent 0.673
  upd 1178 | return    2.300 | deliv   2.30 | blocked 24.6% | idle  1.4% | ent 0.628
  upd 1179 | return    2.700 | deliv   2.70 | blocked 25.8% | idle  1.3% | ent 0.612
  upd 1180 | return    2.300 | deliv   2.30 | blocked 26.4% | idle  0.9% | ent 0.592
  upd 1181 | return    2.300 | deliv   2.30 | blocked 24.5% | idle  1.2% | ent 0.566
  upd 1182 | return    2.800 | deliv   2.80 | blocked 27.6% | idle  1.0% | ent 0.557
  upd 1183 | return    2.400 | deliv   2.40 | blocked 27.4% | idle  1.6% | ent 0.556
  upd 1184 | return    2.000 | deliv   2.00 | blocked 18.8% | idle  1.8% | ent 0.643
  upd 1185 | return    1.700 | deliv   1.70 | blocked 18.7% | idle  1.5% | ent 0.623
  upd 1186 | return    2.300 | deliv   2.30 | blocked 18.5% | idle  1.5% | ent 0.595
  upd 1187 | return    2.300 | deliv   2.30 | blocked 25.1% | idle  0.9% | ent 0.579
  upd 1188 | return    2.200 | deliv   2.20 | blocked 25.4% | idle  1.1% | ent 0.592
  upd 1189 | return    1.500 | deliv   1.50 | blocked 19.9% | idle  1.1% | ent 0.580
  upd 1190 | return    2.200 | deliv   2.20 | blocked 30.5% | idle  0.8% | ent 0.535
  upd 1191 | return    2.000 | deliv   2.00 | blocked 23.5% | idle  1.0% | ent 0.579
  upd 1192 | return    1.800 | deliv   1.80 | blocked 28.1% | idle  0.5% | ent 0.535
  upd 1193 | return    2.100 | deliv   2.10 | blocked 30.8% | idle  0.5% | ent 0.559
  upd 1194 | return    2.200 | deliv   2.20 | blocked 27.6% | idle  0.4% | ent 0.535
  upd 1195 | return    1.900 | deliv   1.90 | blocked 28.4% | idle  0.5% | ent 0.546
  upd 1196 | return    2.200 | deliv   2.20 | blocked 33.9% | idle  0.5% | ent 0.505
  upd 1197 | return    1.900 | deliv   1.90 | blocked 35.9% | idle  0.5% | ent 0.524
  upd 1198 | return    2.000 | deliv   2.00 | blocked 30.8% | idle  0.4% | ent 0.514
  upd 1199 | return    1.200 | deliv   1.20 | blocked 38.7% | idle  0.3% | ent 0.527
  [replay @ update 1200] return 1.00  deliveries 1  -> runs/mappo_evo_tiny-4ag_seed2/replays/replay_upd001200_s0.npz
  upd 1200 | return    1.700 | deliv   1.70 | blocked 36.0% | idle  0.3% | ent 0.521
  upd 1201 | return    1.900 | deliv   1.90 | blocked 34.8% | idle  0.2% | ent 0.515
  upd 1202 | return    2.100 | deliv   2.10 | blocked 37.3% | idle  0.3% | ent 0.491
  upd 1203 | return    1.800 | deliv   1.80 | blocked 38.6% | idle  0.2% | ent 0.495
  upd 1204 | return    2.000 | deliv   2.00 | blocked 42.5% | idle  0.2% | ent 0.479
  upd 1205 | return    1.500 | deliv   1.50 | blocked 38.8% | idle  0.2% | ent 0.483
  upd 1206 | return    1.700 | deliv   1.70 | blocked 44.7% | idle  0.1% | ent 0.485
  upd 1207 | return    1.400 | deliv   1.40 | blocked 40.2% | idle  0.3% | ent 0.522
  upd 1208 | return    1.900 | deliv   1.90 | blocked 39.3% | idle  0.1% | ent 0.494
  upd 1209 | return    1.300 | deliv   1.30 | blocked 41.3% | idle  0.2% | ent 0.495
  upd 1210 | return    1.000 | deliv   1.00 | blocked 47.8% | idle  0.1% | ent 0.513
  upd 1211 | return    1.500 | deliv   1.50 | blocked 48.5% | idle  0.2% | ent 0.490
  upd 1212 | return    2.100 | deliv   2.10 | blocked 40.3% | idle  0.2% | ent 0.521
  upd 1213 | return    1.400 | deliv   1.40 | blocked 45.9% | idle  0.1% | ent 0.495
  upd 1214 | return    1.600 | deliv   1.60 | blocked 52.3% | idle  0.3% | ent 0.490
  upd 1215 | return    1.200 | deliv   1.20 | blocked 53.1% | idle  0.2% | ent 0.481
  upd 1216 | return    1.300 | deliv   1.30 | blocked 45.3% | idle  0.3% | ent 0.545
  upd 1217 | return    1.000 | deliv   1.00 | blocked 53.7% | idle  0.2% | ent 0.478
  upd 1218 | return    1.100 | deliv   1.10 | blocked 50.7% | idle  0.2% | ent 0.508
  upd 1219 | return    1.100 | deliv   1.10 | blocked 54.2% | idle  0.2% | ent 0.501
  upd 1220 | return    1.100 | deliv   1.10 | blocked 50.9% | idle  0.2% | ent 0.476
  upd 1221 | return    1.200 | deliv   1.20 | blocked 58.0% | idle  0.2% | ent 0.468
  upd 1222 | return    1.100 | deliv   1.10 | blocked 60.7% | idle  0.2% | ent 0.462
  upd 1223 | return    1.400 | deliv   1.40 | blocked 61.9% | idle  0.1% | ent 0.437
  upd 1224 | return    1.100 | deliv   1.10 | blocked 59.2% | idle  0.1% | ent 0.416
  upd 1225 | return    0.700 | deliv   0.70 | blocked 57.4% | idle  0.1% | ent 0.447
  upd 1226 | return    0.900 | deliv   0.90 | blocked 58.9% | idle  0.1% | ent 0.458
  upd 1227 | return    1.200 | deliv   1.20 | blocked 57.6% | idle  0.1% | ent 0.483
  upd 1228 | return    0.800 | deliv   0.80 | blocked 54.0% | idle  0.0% | ent 0.465
  upd 1229 | return    1.000 | deliv   1.00 | blocked 59.2% | idle  0.1% | ent 0.447
  upd 1230 | return    0.900 | deliv   0.90 | blocked 56.0% | idle  0.1% | ent 0.474
  upd 1231 | return    0.900 | deliv   0.90 | blocked 54.6% | idle  0.2% | ent 0.457
  upd 1232 | return    1.000 | deliv   1.00 | blocked 57.6% | idle  0.1% | ent 0.439
  upd 1233 | return    1.000 | deliv   1.00 | blocked 56.5% | idle  0.1% | ent 0.484
  upd 1234 | return    0.800 | deliv   0.80 | blocked 54.2% | idle  0.1% | ent 0.502
  upd 1235 | return    0.500 | deliv   0.50 | blocked 60.0% | idle  0.1% | ent 0.465
  upd 1236 | return    0.600 | deliv   0.60 | blocked 54.6% | idle  0.1% | ent 0.458
  upd 1237 | return    0.800 | deliv   0.80 | blocked 56.5% | idle  0.1% | ent 0.477
  upd 1238 | return    0.700 | deliv   0.70 | blocked 66.8% | idle  0.1% | ent 0.420
  upd 1239 | return    1.300 | deliv   1.30 | blocked 64.0% | idle  0.1% | ent 0.422
  upd 1240 | return    0.800 | deliv   0.80 | blocked 61.8% | idle  0.1% | ent 0.431
  upd 1241 | return    1.000 | deliv   1.00 | blocked 62.5% | idle  0.1% | ent 0.402
  upd 1242 | return    0.900 | deliv   0.90 | blocked 63.6% | idle  0.1% | ent 0.372
  upd 1243 | return    0.500 | deliv   0.50 | blocked 66.0% | idle  0.1% | ent 0.403
  upd 1244 | return    0.600 | deliv   0.60 | blocked 64.7% | idle  0.1% | ent 0.369
  upd 1245 | return    1.200 | deliv   1.20 | blocked 66.2% | idle  0.1% | ent 0.416
  upd 1246 | return    0.700 | deliv   0.70 | blocked 72.6% | idle  0.1% | ent 0.324
  upd 1247 | return    0.500 | deliv   0.50 | blocked 65.7% | idle  0.1% | ent 0.393
  upd 1248 | return    0.900 | deliv   0.90 | blocked 62.1% | idle  0.1% | ent 0.395
  upd 1249 | return    1.000 | deliv   1.00 | blocked 61.3% | idle  0.1% | ent 0.415
  upd 1250 | return    0.300 | deliv   0.30 | blocked 67.3% | idle  0.1% | ent 0.417
  upd 1251 | return    0.500 | deliv   0.50 | blocked 63.5% | idle  0.1% | ent 0.417
  upd 1252 | return    0.700 | deliv   0.70 | blocked 56.0% | idle  0.1% | ent 0.456
  upd 1253 | return    0.800 | deliv   0.80 | blocked 55.9% | idle  0.1% | ent 0.418
  upd 1254 | return    0.400 | deliv   0.40 | blocked 64.4% | idle  0.1% | ent 0.403
  upd 1255 | return    0.400 | deliv   0.40 | blocked 72.3% | idle  0.1% | ent 0.343
  upd 1256 | return    0.400 | deliv   0.40 | blocked 66.8% | idle  0.1% | ent 0.345
  upd 1257 | return    0.400 | deliv   0.40 | blocked 69.9% | idle  0.1% | ent 0.392
  upd 1258 | return    0.300 | deliv   0.30 | blocked 60.8% | idle  0.1% | ent 0.415
  upd 1259 | return    0.900 | deliv   0.90 | blocked 71.8% | idle  0.1% | ent 0.325
  upd 1260 | return    0.500 | deliv   0.50 | blocked 59.6% | idle  0.2% | ent 0.404
  upd 1261 | return    0.500 | deliv   0.50 | blocked 68.6% | idle  0.2% | ent 0.408
  upd 1262 | return    0.700 | deliv   0.70 | blocked 63.2% | idle  0.1% | ent 0.405
  upd 1263 | return    1.200 | deliv   1.20 | blocked 59.3% | idle  0.1% | ent 0.392
  upd 1264 | return    0.800 | deliv   0.80 | blocked 57.7% | idle  0.1% | ent 0.462
  upd 1265 | return    0.300 | deliv   0.30 | blocked 65.2% | idle  0.2% | ent 0.350
  upd 1266 | return    0.500 | deliv   0.50 | blocked 59.5% | idle  0.1% | ent 0.430
  upd 1267 | return    0.100 | deliv   0.10 | blocked 58.8% | idle  0.1% | ent 0.425
  upd 1268 | return    0.700 | deliv   0.70 | blocked 63.2% | idle  0.1% | ent 0.389
  upd 1269 | return    1.200 | deliv   1.20 | blocked 62.5% | idle  0.1% | ent 0.402
  upd 1270 | return    0.600 | deliv   0.60 | blocked 63.7% | idle  0.1% | ent 0.398
  upd 1271 | return    0.700 | deliv   0.70 | blocked 68.0% | idle  0.1% | ent 0.359
  upd 1272 | return    0.500 | deliv   0.50 | blocked 58.8% | idle  0.1% | ent 0.415
  upd 1273 | return    0.900 | deliv   0.90 | blocked 63.5% | idle  0.2% | ent 0.398
  upd 1274 | return    0.600 | deliv   0.60 | blocked 69.6% | idle  0.1% | ent 0.331
  upd 1275 | return    0.700 | deliv   0.70 | blocked 69.6% | idle  0.2% | ent 0.331
  upd 1276 | return    0.700 | deliv   0.70 | blocked 62.3% | idle  0.2% | ent 0.392
  upd 1277 | return    0.800 | deliv   0.80 | blocked 74.5% | idle  0.2% | ent 0.315
  upd 1278 | return    0.700 | deliv   0.70 | blocked 67.4% | idle  0.1% | ent 0.371
  upd 1279 | return    0.700 | deliv   0.70 | blocked 76.7% | idle  0.2% | ent 0.297
  upd 1280 | return    0.700 | deliv   0.70 | blocked 72.6% | idle  0.1% | ent 0.355
  upd 1281 | return    0.500 | deliv   0.50 | blocked 63.7% | idle  0.2% | ent 0.386
  upd 1282 | return    0.700 | deliv   0.70 | blocked 67.2% | idle  0.1% | ent 0.363
  upd 1283 | return    0.900 | deliv   0.90 | blocked 68.1% | idle  0.3% | ent 0.362
  upd 1284 | return    0.700 | deliv   0.70 | blocked 70.1% | idle  0.0% | ent 0.315
  upd 1285 | return    0.500 | deliv   0.50 | blocked 75.5% | idle  0.1% | ent 0.329
  upd 1286 | return    0.300 | deliv   0.30 | blocked 69.3% | idle  0.2% | ent 0.381
  upd 1287 | return    0.300 | deliv   0.30 | blocked 77.1% | idle  0.1% | ent 0.306
  upd 1288 | return    0.400 | deliv   0.40 | blocked 80.1% | idle  0.1% | ent 0.266
  upd 1289 | return    0.400 | deliv   0.40 | blocked 69.0% | idle  0.1% | ent 0.365
  upd 1290 | return    0.600 | deliv   0.60 | blocked 71.8% | idle  0.1% | ent 0.320
  upd 1291 | return    0.700 | deliv   0.70 | blocked 72.2% | idle  0.0% | ent 0.286
  upd 1292 | return    0.500 | deliv   0.50 | blocked 77.6% | idle  0.0% | ent 0.229
  upd 1293 | return    0.300 | deliv   0.30 | blocked 63.9% | idle  0.1% | ent 0.435
  upd 1294 | return    0.300 | deliv   0.30 | blocked 66.3% | idle  0.1% | ent 0.334
  upd 1295 | return    0.400 | deliv   0.40 | blocked 71.1% | idle  0.2% | ent 0.329
  upd 1296 | return    0.500 | deliv   0.50 | blocked 67.1% | idle  0.2% | ent 0.334
  upd 1297 | return    0.300 | deliv   0.30 | blocked 76.2% | idle  0.2% | ent 0.267
  upd 1298 | return    0.600 | deliv   0.60 | blocked 74.3% | idle  0.2% | ent 0.286
  upd 1299 | return    0.500 | deliv   0.50 | blocked 79.1% | idle  0.0% | ent 0.252
  [replay @ update 1300] return 0.00  deliveries 0  -> runs/mappo_evo_tiny-4ag_seed2/replays/replay_upd001300_s0.npz
  upd 1300 | return    0.400 | deliv   0.40 | blocked 79.6% | idle  0.0% | ent 0.203
  upd 1301 | return    0.600 | deliv   0.60 | blocked 86.3% | idle  0.0% | ent 0.184
  upd 1302 | return    1.000 | deliv   1.00 | blocked 84.5% | idle  0.1% | ent 0.179
  upd 1303 | return    0.600 | deliv   0.60 | blocked 89.7% | idle  0.0% | ent 0.134
  upd 1304 | return    0.300 | deliv   0.30 | blocked 85.8% | idle  0.0% | ent 0.207
  upd 1305 | return    0.300 | deliv   0.30 | blocked 88.8% | idle  0.0% | ent 0.186
  upd 1306 | return    0.400 | deliv   0.40 | blocked 90.7% | idle  0.0% | ent 0.158
  upd 1307 | return    0.000 | deliv   0.00 | blocked 91.0% | idle  0.0% | ent 0.157
  upd 1308 | return    0.300 | deliv   0.30 | blocked 87.2% | idle  0.0% | ent 0.190
  upd 1309 | return    0.200 | deliv   0.20 | blocked 73.8% | idle  0.1% | ent 0.301
  upd 1310 | return    0.400 | deliv   0.40 | blocked 77.2% | idle  0.1% | ent 0.277
  upd 1311 | return    0.500 | deliv   0.50 | blocked 82.1% | idle  0.1% | ent 0.209
  upd 1312 | return    0.100 | deliv   0.10 | blocked 81.9% | idle  0.1% | ent 0.282
  upd 1313 | return    0.500 | deliv   0.50 | blocked 71.5% | idle  0.1% | ent 0.296
  upd 1314 | return    0.500 | deliv   0.50 | blocked 72.2% | idle  0.3% | ent 0.298
  upd 1315 | return    0.500 | deliv   0.50 | blocked 81.0% | idle  0.1% | ent 0.224
  upd 1316 | return    0.500 | deliv   0.50 | blocked 75.0% | idle  0.2% | ent 0.316
  upd 1317 | return    1.200 | deliv   1.20 | blocked 73.6% | idle  0.2% | ent 0.304
  upd 1318 | return    0.700 | deliv   0.70 | blocked 76.7% | idle  0.1% | ent 0.240
  upd 1319 | return    0.200 | deliv   0.20 | blocked 77.1% | idle  0.1% | ent 0.276
  upd 1320 | return    0.500 | deliv   0.50 | blocked 79.4% | idle  0.0% | ent 0.243
  upd 1321 | return    0.500 | deliv   0.50 | blocked 70.5% | idle  0.3% | ent 0.273
  upd 1322 | return    0.300 | deliv   0.30 | blocked 79.0% | idle  0.1% | ent 0.197
  upd 1323 | return    0.300 | deliv   0.30 | blocked 82.2% | idle  0.1% | ent 0.214
  upd 1324 | return    0.500 | deliv   0.50 | blocked 81.7% | idle  0.2% | ent 0.189
  upd 1325 | return    0.400 | deliv   0.40 | blocked 84.2% | idle  0.4% | ent 0.213
  upd 1326 | return    0.700 | deliv   0.70 | blocked 79.5% | idle  0.1% | ent 0.241
  upd 1327 | return    0.700 | deliv   0.70 | blocked 85.9% | idle  0.1% | ent 0.151
  upd 1328 | return    0.600 | deliv   0.60 | blocked 80.7% | idle  0.2% | ent 0.231
  upd 1329 | return    0.300 | deliv   0.30 | blocked 79.5% | idle  0.1% | ent 0.241
  upd 1330 | return    0.700 | deliv   0.70 | blocked 79.6% | idle  0.1% | ent 0.214
  upd 1331 | return    0.800 | deliv   0.80 | blocked 81.2% | idle  0.1% | ent 0.207
  upd 1332 | return    0.600 | deliv   0.60 | blocked 75.0% | idle  0.1% | ent 0.285
  upd 1333 | return    0.400 | deliv   0.40 | blocked 81.8% | idle  0.1% | ent 0.202
  upd 1334 | return    0.500 | deliv   0.50 | blocked 88.5% | idle  0.0% | ent 0.126
  upd 1335 | return    0.400 | deliv   0.40 | blocked 78.6% | idle  0.1% | ent 0.257
  upd 1336 | return    0.500 | deliv   0.50 | blocked 82.1% | idle  0.1% | ent 0.240
  upd 1337 | return    0.300 | deliv   0.30 | blocked 79.3% | idle  0.1% | ent 0.217
  upd 1338 | return    0.800 | deliv   0.80 | blocked 84.4% | idle  0.1% | ent 0.188
  upd 1339 | return    0.600 | deliv   0.60 | blocked 89.0% | idle  0.0% | ent 0.108
  upd 1340 | return    0.200 | deliv   0.20 | blocked 68.1% | idle  0.1% | ent 0.309
  upd 1341 | return    0.600 | deliv   0.60 | blocked 88.8% | idle  0.0% | ent 0.178
  upd 1342 | return    0.600 | deliv   0.60 | blocked 83.6% | idle  0.0% | ent 0.195
  upd 1343 | return    0.600 | deliv   0.60 | blocked 84.1% | idle  0.1% | ent 0.206
  upd 1344 | return    1.500 | deliv   1.50 | blocked 84.7% | idle  0.1% | ent 0.206
  upd 1345 | return    0.900 | deliv   0.90 | blocked 78.9% | idle  0.5% | ent 0.246
  upd 1346 | return    0.600 | deliv   0.60 | blocked 80.3% | idle  0.0% | ent 0.209
  upd 1347 | return    0.500 | deliv   0.50 | blocked 73.4% | idle  0.1% | ent 0.308
  upd 1348 | return    0.300 | deliv   0.30 | blocked 80.5% | idle  0.1% | ent 0.207
  upd 1349 | return    0.600 | deliv   0.60 | blocked 78.6% | idle  0.1% | ent 0.263
  upd 1350 | return    0.400 | deliv   0.40 | blocked 85.9% | idle  0.0% | ent 0.223
  upd 1351 | return    0.700 | deliv   0.70 | blocked 85.5% | idle  0.1% | ent 0.225
  upd 1352 | return    0.600 | deliv   0.60 | blocked 86.1% | idle  0.0% | ent 0.204
  upd 1353 | return    0.200 | deliv   0.20 | blocked 81.0% | idle  0.2% | ent 0.221
  upd 1354 | return    0.300 | deliv   0.30 | blocked 81.9% | idle  0.1% | ent 0.166
  upd 1355 | return    0.200 | deliv   0.20 | blocked 86.1% | idle  0.3% | ent 0.167
  upd 1356 | return    0.300 | deliv   0.30 | blocked 81.3% | idle  0.1% | ent 0.193
  upd 1357 | return    0.800 | deliv   0.80 | blocked 89.9% | idle  0.1% | ent 0.120
  upd 1358 | return    0.300 | deliv   0.30 | blocked 92.7% | idle  0.0% | ent 0.095
  upd 1359 | return    0.500 | deliv   0.50 | blocked 85.2% | idle  0.1% | ent 0.157
  upd 1360 | return    0.300 | deliv   0.30 | blocked 92.8% | idle  0.0% | ent 0.082
  upd 1361 | return    0.500 | deliv   0.50 | blocked 90.6% | idle  0.1% | ent 0.091
  upd 1362 | return    0.500 | deliv   0.50 | blocked 90.1% | idle  0.2% | ent 0.109
  upd 1363 | return    0.400 | deliv   0.40 | blocked 93.1% | idle  0.0% | ent 0.101
  upd 1364 | return    0.500 | deliv   0.50 | blocked 88.7% | idle  0.0% | ent 0.132
  upd 1365 | return    0.500 | deliv   0.50 | blocked 92.8% | idle  0.0% | ent 0.092
  upd 1366 | return    0.400 | deliv   0.40 | blocked 85.1% | idle  0.1% | ent 0.154
  upd 1367 | return    0.700 | deliv   0.70 | blocked 82.4% | idle  0.0% | ent 0.193
  upd 1368 | return    0.400 | deliv   0.40 | blocked 84.3% | idle  0.2% | ent 0.203
  upd 1369 | return    0.500 | deliv   0.50 | blocked 87.2% | idle  0.0% | ent 0.155
  upd 1370 | return    0.300 | deliv   0.30 | blocked 84.0% | idle  0.1% | ent 0.192
  upd 1371 | return    0.900 | deliv   0.90 | blocked 91.0% | idle  0.0% | ent 0.103
  upd 1372 | return    0.400 | deliv   0.40 | blocked 83.9% | idle  0.2% | ent 0.171
  upd 1373 | return    0.800 | deliv   0.80 | blocked 88.0% | idle  0.0% | ent 0.141
  upd 1374 | return    0.100 | deliv   0.10 | blocked 89.9% | idle  0.0% | ent 0.140
  upd 1375 | return    0.400 | deliv   0.40 | blocked 91.0% | idle  0.2% | ent 0.124
  upd 1376 | return    0.500 | deliv   0.50 | blocked 92.5% | idle  0.0% | ent 0.111
  upd 1377 | return    0.900 | deliv   0.90 | blocked 88.2% | idle  0.1% | ent 0.175
  upd 1378 | return    0.400 | deliv   0.40 | blocked 84.9% | idle  0.2% | ent 0.210
  upd 1379 | return    0.400 | deliv   0.40 | blocked 90.1% | idle  0.1% | ent 0.120
  upd 1380 | return    0.900 | deliv   0.90 | blocked 82.9% | idle  0.1% | ent 0.176
  upd 1381 | return    0.600 | deliv   0.60 | blocked 86.7% | idle  0.1% | ent 0.130
  upd 1382 | return    0.500 | deliv   0.50 | blocked 85.5% | idle  0.0% | ent 0.152
  upd 1383 | return    1.100 | deliv   1.10 | blocked 85.0% | idle  0.1% | ent 0.182
  upd 1384 | return    0.400 | deliv   0.40 | blocked 89.9% | idle  0.1% | ent 0.128
  upd 1385 | return    0.700 | deliv   0.70 | blocked 80.5% | idle  0.3% | ent 0.184
  upd 1386 | return    0.500 | deliv   0.50 | blocked 89.0% | idle  0.0% | ent 0.121
  upd 1387 | return    0.800 | deliv   0.80 | blocked 89.0% | idle  0.0% | ent 0.170
  upd 1388 | return    0.500 | deliv   0.50 | blocked 86.7% | idle  0.0% | ent 0.188
  upd 1389 | return    0.200 | deliv   0.20 | blocked 83.4% | idle  0.1% | ent 0.188
  upd 1390 | return    0.600 | deliv   0.60 | blocked 84.7% | idle  0.0% | ent 0.161
  upd 1391 | return    0.500 | deliv   0.50 | blocked 82.8% | idle  0.3% | ent 0.181
  upd 1392 | return    0.500 | deliv   0.50 | blocked 83.7% | idle  0.0% | ent 0.177
  upd 1393 | return    0.300 | deliv   0.30 | blocked 88.4% | idle  0.0% | ent 0.147
  upd 1394 | return    0.600 | deliv   0.60 | blocked 90.8% | idle  0.0% | ent 0.139
  upd 1395 | return    0.400 | deliv   0.40 | blocked 88.9% | idle  0.0% | ent 0.142
  upd 1396 | return    0.500 | deliv   0.50 | blocked 89.8% | idle  0.0% | ent 0.113
  upd 1397 | return    0.700 | deliv   0.70 | blocked 87.2% | idle  0.0% | ent 0.110
  upd 1398 | return    0.400 | deliv   0.40 | blocked 90.3% | idle  0.1% | ent 0.093
  upd 1399 | return    0.500 | deliv   0.50 | blocked 86.7% | idle  0.0% | ent 0.103
  [replay @ update 1400] return 0.00  deliveries 0  -> runs/mappo_evo_tiny-4ag_seed2/replays/replay_upd001400_s0.npz
  upd 1400 | return    0.700 | deliv   0.70 | blocked 91.9% | idle  0.0% | ent 0.082
  upd 1401 | return    0.500 | deliv   0.50 | blocked 89.9% | idle  0.0% | ent 0.101
  upd 1402 | return    0.900 | deliv   0.90 | blocked 92.0% | idle  0.0% | ent 0.086
  upd 1403 | return    0.300 | deliv   0.30 | blocked 89.0% | idle  0.0% | ent 0.081
  upd 1404 | return    0.900 | deliv   0.90 | blocked 89.7% | idle  0.0% | ent 0.083
  upd 1405 | return    0.400 | deliv   0.40 | blocked 92.5% | idle  0.0% | ent 0.092
  upd 1406 | return    0.800 | deliv   0.80 | blocked 88.5% | idle  0.0% | ent 0.116
  upd 1407 | return    0.200 | deliv   0.20 | blocked 93.6% | idle  0.0% | ent 0.079
  upd 1408 | return    0.600 | deliv   0.60 | blocked 92.7% | idle  0.0% | ent 0.093
  upd 1409 | return    0.400 | deliv   0.40 | blocked 85.6% | idle  0.0% | ent 0.114
  upd 1410 | return    1.100 | deliv   1.10 | blocked 87.5% | idle  0.1% | ent 0.104
  upd 1411 | return    0.400 | deliv   0.40 | blocked 87.3% | idle  0.0% | ent 0.107
  upd 1412 | return    0.100 | deliv   0.10 | blocked 92.0% | idle  0.0% | ent 0.064
  upd 1413 | return    0.400 | deliv   0.40 | blocked 93.1% | idle  0.0% | ent 0.058
  upd 1414 | return    0.300 | deliv   0.30 | blocked 94.2% | idle  0.0% | ent 0.060
  upd 1415 | return    0.100 | deliv   0.10 | blocked 95.0% | idle  0.0% | ent 0.056
  upd 1416 | return    0.200 | deliv   0.20 | blocked 92.1% | idle  0.0% | ent 0.068
  upd 1417 | return    0.600 | deliv   0.60 | blocked 91.3% | idle  0.1% | ent 0.081
  upd 1418 | return    0.300 | deliv   0.30 | blocked 88.4% | idle  0.1% | ent 0.082
  upd 1419 | return    0.400 | deliv   0.40 | blocked 94.7% | idle  0.0% | ent 0.068
  upd 1420 | return    0.600 | deliv   0.60 | blocked 89.6% | idle  0.3% | ent 0.094
  upd 1421 | return    0.500 | deliv   0.50 | blocked 94.0% | idle  0.0% | ent 0.064
  upd 1422 | return    0.400 | deliv   0.40 | blocked 89.9% | idle  0.0% | ent 0.097
  upd 1423 | return    0.600 | deliv   0.60 | blocked 93.8% | idle  0.0% | ent 0.089
  upd 1424 | return    0.600 | deliv   0.60 | blocked 90.4% | idle  0.0% | ent 0.131
  upd 1425 | return    0.800 | deliv   0.80 | blocked 86.2% | idle  0.0% | ent 0.133
  upd 1426 | return    0.700 | deliv   0.70 | blocked 91.4% | idle  0.0% | ent 0.074
  upd 1427 | return    0.400 | deliv   0.40 | blocked 93.4% | idle  0.0% | ent 0.076
  upd 1428 | return    0.800 | deliv   0.80 | blocked 89.7% | idle  0.0% | ent 0.091
  upd 1429 | return    0.600 | deliv   0.60 | blocked 92.3% | idle  0.0% | ent 0.076
  upd 1430 | return    0.500 | deliv   0.50 | blocked 95.2% | idle  0.0% | ent 0.046
  upd 1431 | return    0.700 | deliv   0.70 | blocked 91.7% | idle  0.0% | ent 0.077
  upd 1432 | return    0.500 | deliv   0.50 | blocked 88.6% | idle  0.3% | ent 0.101
  upd 1433 | return    0.600 | deliv   0.60 | blocked 89.9% | idle  0.0% | ent 0.096
  upd 1434 | return    0.700 | deliv   0.70 | blocked 89.4% | idle  0.1% | ent 0.102
  upd 1435 | return    0.600 | deliv   0.60 | blocked 86.1% | idle  0.0% | ent 0.103
  upd 1436 | return    1.100 | deliv   1.10 | blocked 87.7% | idle  0.0% | ent 0.111
  upd 1437 | return    0.800 | deliv   0.80 | blocked 88.2% | idle  0.1% | ent 0.120
  upd 1438 | return    0.200 | deliv   0.20 | blocked 92.5% | idle  0.0% | ent 0.116
  upd 1439 | return    0.300 | deliv   0.30 | blocked 91.2% | idle  0.0% | ent 0.106
  upd 1440 | return    0.600 | deliv   0.60 | blocked 84.6% | idle  0.2% | ent 0.160
  upd 1441 | return    0.700 | deliv   0.70 | blocked 83.0% | idle  0.6% | ent 0.151
  upd 1442 | return    0.200 | deliv   0.20 | blocked 84.5% | idle  0.1% | ent 0.139
  upd 1443 | return    0.700 | deliv   0.70 | blocked 88.8% | idle  0.0% | ent 0.121
  upd 1444 | return    0.600 | deliv   0.60 | blocked 91.3% | idle  0.4% | ent 0.112
  upd 1445 | return    0.500 | deliv   0.50 | blocked 86.5% | idle  0.0% | ent 0.168
  upd 1446 | return    0.400 | deliv   0.40 | blocked 88.3% | idle  0.0% | ent 0.115
  upd 1447 | return    0.900 | deliv   0.90 | blocked 86.1% | idle  0.1% | ent 0.189
  upd 1448 | return    0.600 | deliv   0.60 | blocked 84.0% | idle  0.5% | ent 0.208
  upd 1449 | return    0.900 | deliv   0.90 | blocked 75.2% | idle  0.3% | ent 0.211
  upd 1450 | return    0.800 | deliv   0.80 | blocked 84.8% | idle  0.1% | ent 0.161
  upd 1451 | return    0.700 | deliv   0.70 | blocked 88.3% | idle  0.0% | ent 0.139
  upd 1452 | return    0.200 | deliv   0.20 | blocked 83.1% | idle  0.1% | ent 0.177
  upd 1453 | return    0.700 | deliv   0.70 | blocked 83.6% | idle  0.1% | ent 0.135
  upd 1454 | return    0.700 | deliv   0.70 | blocked 88.8% | idle  0.1% | ent 0.099
  upd 1455 | return    0.500 | deliv   0.50 | blocked 84.7% | idle  0.1% | ent 0.138
  upd 1456 | return    0.700 | deliv   0.70 | blocked 90.8% | idle  0.1% | ent 0.082
  upd 1457 | return    0.600 | deliv   0.60 | blocked 87.0% | idle  0.1% | ent 0.115
  upd 1458 | return    0.800 | deliv   0.80 | blocked 85.2% | idle  0.1% | ent 0.167
  upd 1459 | return    0.400 | deliv   0.40 | blocked 85.7% | idle  0.1% | ent 0.176
  upd 1460 | return    0.600 | deliv   0.60 | blocked 85.0% | idle  0.4% | ent 0.177
  upd 1461 | return    0.600 | deliv   0.60 | blocked 90.7% | idle  0.1% | ent 0.114
  upd 1462 | return    0.900 | deliv   0.90 | blocked 80.8% | idle  0.1% | ent 0.130
  upd 1463 | return    0.800 | deliv   0.80 | blocked 87.4% | idle  0.1% | ent 0.130
  upd 1464 | return    0.800 | deliv   0.80 | blocked 90.6% | idle  0.1% | ent 0.083
  upd 1465 | return    0.600 | deliv   0.60 | blocked 87.8% | idle  0.0% | ent 0.085
  upd 1466 | return    0.200 | deliv   0.20 | blocked 88.0% | idle  0.3% | ent 0.110
  upd 1467 | return    0.700 | deliv   0.70 | blocked 90.0% | idle  0.1% | ent 0.098
  upd 1468 | return    0.400 | deliv   0.40 | blocked 88.5% | idle  0.0% | ent 0.117
  upd 1469 | return    0.800 | deliv   0.80 | blocked 88.5% | idle  0.2% | ent 0.097
  upd 1470 | return    0.700 | deliv   0.70 | blocked 91.4% | idle  0.1% | ent 0.094
  upd 1471 | return    0.700 | deliv   0.70 | blocked 86.3% | idle  0.1% | ent 0.136
  upd 1472 | return    0.900 | deliv   0.90 | blocked 89.7% | idle  0.0% | ent 0.105
  upd 1473 | return    0.900 | deliv   0.90 | blocked 85.8% | idle  0.1% | ent 0.151
  upd 1474 | return    0.800 | deliv   0.80 | blocked 83.5% | idle  0.2% | ent 0.152
  upd 1475 | return    0.800 | deliv   0.80 | blocked 80.1% | idle  0.1% | ent 0.170
  upd 1476 | return    0.700 | deliv   0.70 | blocked 90.7% | idle  0.0% | ent 0.109
  upd 1477 | return    0.700 | deliv   0.70 | blocked 83.9% | idle  0.3% | ent 0.191
  upd 1478 | return    1.000 | deliv   1.00 | blocked 77.8% | idle  0.1% | ent 0.190
  upd 1479 | return    1.300 | deliv   1.30 | blocked 79.4% | idle  0.3% | ent 0.225
  upd 1480 | return    1.200 | deliv   1.20 | blocked 75.2% | idle  0.1% | ent 0.192
  upd 1481 | return    0.700 | deliv   0.70 | blocked 77.7% | idle  0.1% | ent 0.193
  upd 1482 | return    0.900 | deliv   0.90 | blocked 83.1% | idle  0.5% | ent 0.209
  upd 1483 | return    0.600 | deliv   0.60 | blocked 85.2% | idle  0.2% | ent 0.157
  upd 1484 | return    0.800 | deliv   0.80 | blocked 70.6% | idle  0.5% | ent 0.265
  upd 1485 | return    1.000 | deliv   1.00 | blocked 87.9% | idle  0.1% | ent 0.126
  upd 1486 | return    0.900 | deliv   0.90 | blocked 82.8% | idle  0.1% | ent 0.145
  upd 1487 | return    0.800 | deliv   0.80 | blocked 81.2% | idle  0.7% | ent 0.190
  upd 1488 | return    0.600 | deliv   0.60 | blocked 84.1% | idle  0.2% | ent 0.182
  upd 1489 | return    0.700 | deliv   0.70 | blocked 85.8% | idle  0.1% | ent 0.135
  upd 1490 | return    0.800 | deliv   0.80 | blocked 81.0% | idle  0.7% | ent 0.192
  upd 1491 | return    0.700 | deliv   0.70 | blocked 85.5% | idle  0.1% | ent 0.145
  upd 1492 | return    0.900 | deliv   0.90 | blocked 78.9% | idle  0.1% | ent 0.216
  upd 1493 | return    1.000 | deliv   1.00 | blocked 79.3% | idle  0.4% | ent 0.191
  upd 1494 | return    0.800 | deliv   0.80 | blocked 82.7% | idle  0.2% | ent 0.209
  upd 1495 | return    1.200 | deliv   1.20 | blocked 79.0% | idle  0.2% | ent 0.206
  upd 1496 | return    1.200 | deliv   1.20 | blocked 71.3% | idle  0.3% | ent 0.266
  upd 1497 | return    1.900 | deliv   1.90 | blocked 68.2% | idle  0.6% | ent 0.277
  upd 1498 | return    1.700 | deliv   1.70 | blocked 81.5% | idle  0.1% | ent 0.158
  upd 1499 | return    0.900 | deliv   0.90 | blocked 77.4% | idle  0.1% | ent 0.238
  [replay @ update 1500] return 3.00  deliveries 3  -> runs/mappo_evo_tiny-4ag_seed2/replays/replay_upd001500_s0.npz
  upd 1500 | return    1.200 | deliv   1.20 | blocked 75.5% | idle  0.5% | ent 0.256
  upd 1501 | return    1.100 | deliv   1.10 | blocked 83.0% | idle  0.1% | ent 0.150
  upd 1502 | return    1.300 | deliv   1.30 | blocked 87.8% | idle  0.1% | ent 0.122
  upd 1503 | return    0.900 | deliv   0.90 | blocked 82.9% | idle  0.2% | ent 0.165
  upd 1504 | return    0.800 | deliv   0.80 | blocked 82.3% | idle  0.0% | ent 0.159
  upd 1505 | return    0.500 | deliv   0.50 | blocked 74.5% | idle  0.1% | ent 0.228
  upd 1506 | return    0.800 | deliv   0.80 | blocked 74.3% | idle  0.1% | ent 0.193
  upd 1507 | return    0.600 | deliv   0.60 | blocked 66.5% | idle  0.2% | ent 0.259
  upd 1508 | return    1.000 | deliv   1.00 | blocked 77.8% | idle  0.0% | ent 0.187
  upd 1509 | return    0.600 | deliv   0.60 | blocked 76.5% | idle  0.0% | ent 0.211
  upd 1510 | return    0.600 | deliv   0.60 | blocked 73.9% | idle  0.0% | ent 0.238
  upd 1511 | return    0.300 | deliv   0.30 | blocked 75.7% | idle  0.1% | ent 0.271
  upd 1512 | return    0.900 | deliv   0.90 | blocked 80.0% | idle  0.0% | ent 0.266
  upd 1513 | return    0.800 | deliv   0.80 | blocked 76.3% | idle  0.0% | ent 0.205
  upd 1514 | return    0.400 | deliv   0.40 | blocked 69.1% | idle  0.1% | ent 0.248
  upd 1515 | return    0.500 | deliv   0.50 | blocked 72.4% | idle  0.0% | ent 0.278
  upd 1516 | return    0.700 | deliv   0.70 | blocked 71.5% | idle  0.1% | ent 0.263
  upd 1517 | return    0.700 | deliv   0.70 | blocked 72.9% | idle  0.0% | ent 0.277
  upd 1518 | return    0.600 | deliv   0.60 | blocked 73.3% | idle  0.1% | ent 0.276
  upd 1519 | return    0.500 | deliv   0.50 | blocked 77.0% | idle  0.1% | ent 0.247
  upd 1520 | return    1.000 | deliv   1.00 | blocked 75.3% | idle  0.0% | ent 0.249
  upd 1521 | return    0.800 | deliv   0.80 | blocked 73.4% | idle  0.5% | ent 0.256
  upd 1522 | return    0.800 | deliv   0.80 | blocked 71.2% | idle  0.1% | ent 0.300
  upd 1523 | return    0.500 | deliv   0.50 | blocked 75.8% | idle  0.1% | ent 0.206
  upd 1524 | return    0.500 | deliv   0.50 | blocked 75.6% | idle  0.2% | ent 0.244
  upd 1525 | return    0.300 | deliv   0.30 | blocked 75.9% | idle  0.1% | ent 0.244
  upd 1526 | return    0.800 | deliv   0.80 | blocked 80.1% | idle  0.3% | ent 0.252
  upd 1527 | return    1.300 | deliv   1.30 | blocked 71.1% | idle  0.1% | ent 0.271
  upd 1528 | return    0.500 | deliv   0.50 | blocked 66.2% | idle  0.3% | ent 0.306
  upd 1529 | return    0.800 | deliv   0.80 | blocked 69.0% | idle  0.2% | ent 0.260
  upd 1530 | return    0.800 | deliv   0.80 | blocked 79.2% | idle  0.1% | ent 0.215
  upd 1531 | return    1.000 | deliv   1.00 | blocked 74.9% | idle  0.1% | ent 0.205
  upd 1532 | return    1.200 | deliv   1.20 | blocked 71.8% | idle  0.1% | ent 0.221
  upd 1533 | return    1.200 | deliv   1.20 | blocked 74.0% | idle  0.1% | ent 0.214
  upd 1534 | return    0.400 | deliv   0.40 | blocked 75.2% | idle  0.1% | ent 0.210
  upd 1535 | return    0.700 | deliv   0.70 | blocked 75.0% | idle  0.0% | ent 0.195
  upd 1536 | return    0.500 | deliv   0.50 | blocked 81.6% | idle  0.0% | ent 0.190
  upd 1537 | return    0.700 | deliv   0.70 | blocked 84.2% | idle  0.1% | ent 0.169
  upd 1538 | return    0.600 | deliv   0.60 | blocked 75.8% | idle  0.0% | ent 0.187
  upd 1539 | return    0.400 | deliv   0.40 | blocked 77.1% | idle  0.1% | ent 0.203
  upd 1540 | return    0.700 | deliv   0.70 | blocked 81.5% | idle  0.1% | ent 0.174
  upd 1541 | return    0.700 | deliv   0.70 | blocked 81.1% | idle  0.1% | ent 0.147
  upd 1542 | return    0.700 | deliv   0.70 | blocked 86.0% | idle  0.0% | ent 0.128
  upd 1543 | return    0.800 | deliv   0.80 | blocked 82.1% | idle  0.2% | ent 0.131
  upd 1544 | return    0.600 | deliv   0.60 | blocked 90.3% | idle  0.0% | ent 0.116
  upd 1545 | return    0.400 | deliv   0.40 | blocked 79.6% | idle  0.1% | ent 0.149
  upd 1546 | return    0.500 | deliv   0.50 | blocked 78.6% | idle  0.1% | ent 0.198
  upd 1547 | return    0.700 | deliv   0.70 | blocked 79.0% | idle  0.1% | ent 0.156
  upd 1548 | return    0.700 | deliv   0.70 | blocked 85.4% | idle  0.0% | ent 0.117
  upd 1549 | return    0.600 | deliv   0.60 | blocked 84.1% | idle  0.0% | ent 0.156
  upd 1550 | return    0.800 | deliv   0.80 | blocked 83.3% | idle  0.0% | ent 0.121
  upd 1551 | return    0.700 | deliv   0.70 | blocked 88.8% | idle  0.2% | ent 0.099
  upd 1552 | return    0.900 | deliv   0.90 | blocked 85.0% | idle  0.0% | ent 0.117
  upd 1553 | return    0.300 | deliv   0.30 | blocked 85.7% | idle  0.0% | ent 0.137
  upd 1554 | return    0.700 | deliv   0.70 | blocked 92.0% | idle  0.0% | ent 0.071
  upd 1555 | return    1.000 | deliv   1.00 | blocked 78.8% | idle  0.0% | ent 0.124
  upd 1556 | return    0.900 | deliv   0.90 | blocked 89.8% | idle  0.0% | ent 0.085
  upd 1557 | return    0.700 | deliv   0.70 | blocked 79.0% | idle  0.0% | ent 0.154
  upd 1558 | return    0.500 | deliv   0.50 | blocked 86.9% | idle  0.0% | ent 0.143
  upd 1559 | return    0.500 | deliv   0.50 | blocked 74.3% | idle  0.0% | ent 0.164
  upd 1560 | return    1.100 | deliv   1.10 | blocked 84.8% | idle  0.0% | ent 0.135
  upd 1561 | return    0.500 | deliv   0.50 | blocked 76.0% | idle  0.0% | ent 0.185
  upd 1562 | return    0.900 | deliv   0.90 | blocked 80.1% | idle  0.1% | ent 0.142
  upd 1563 | return    0.500 | deliv   0.50 | blocked 83.8% | idle  0.0% | ent 0.095
  upd 1564 | return    0.500 | deliv   0.50 | blocked 85.9% | idle  0.0% | ent 0.126
  upd 1565 | return    0.800 | deliv   0.80 | blocked 89.1% | idle  0.0% | ent 0.112
  upd 1566 | return    0.400 | deliv   0.40 | blocked 81.7% | idle  0.0% | ent 0.146
  upd 1567 | return    0.400 | deliv   0.40 | blocked 82.5% | idle  0.0% | ent 0.139
  upd 1568 | return    0.400 | deliv   0.40 | blocked 80.2% | idle  0.0% | ent 0.182
  upd 1569 | return    1.300 | deliv   1.30 | blocked 85.6% | idle  0.0% | ent 0.158
  upd 1570 | return    0.500 | deliv   0.50 | blocked 75.2% | idle  0.0% | ent 0.189
  upd 1571 | return    0.400 | deliv   0.40 | blocked 89.2% | idle  0.0% | ent 0.115
  upd 1572 | return    0.700 | deliv   0.70 | blocked 83.2% | idle  0.0% | ent 0.179
  upd 1573 | return    0.700 | deliv   0.70 | blocked 87.1% | idle  0.0% | ent 0.125
  upd 1574 | return    0.500 | deliv   0.50 | blocked 91.3% | idle  0.0% | ent 0.132
  upd 1575 | return    0.600 | deliv   0.60 | blocked 85.5% | idle  0.0% | ent 0.117
  upd 1576 | return    0.600 | deliv   0.60 | blocked 92.0% | idle  0.0% | ent 0.108
  upd 1577 | return    0.800 | deliv   0.80 | blocked 78.2% | idle  0.1% | ent 0.198
  upd 1578 | return    1.000 | deliv   1.00 | blocked 78.4% | idle  0.0% | ent 0.145
  upd 1579 | return    0.400 | deliv   0.40 | blocked 77.0% | idle  0.2% | ent 0.176
  upd 1580 | return    0.800 | deliv   0.80 | blocked 80.0% | idle  0.1% | ent 0.184
  upd 1581 | return    0.400 | deliv   0.40 | blocked 72.2% | idle  0.1% | ent 0.219
  upd 1582 | return    0.500 | deliv   0.50 | blocked 77.1% | idle  0.1% | ent 0.197
  upd 1583 | return    0.800 | deliv   0.80 | blocked 82.2% | idle  0.2% | ent 0.191
  upd 1584 | return    0.700 | deliv   0.70 | blocked 75.9% | idle  0.0% | ent 0.161
  upd 1585 | return    1.000 | deliv   1.00 | blocked 82.9% | idle  0.0% | ent 0.152
  upd 1586 | return    0.700 | deliv   0.70 | blocked 80.2% | idle  0.0% | ent 0.148
  upd 1587 | return    0.700 | deliv   0.70 | blocked 77.1% | idle  0.2% | ent 0.169
  upd 1588 | return    1.000 | deliv   1.00 | blocked 79.8% | idle  0.1% | ent 0.147
  upd 1589 | return    0.900 | deliv   0.90 | blocked 86.5% | idle  0.0% | ent 0.133
  upd 1590 | return    0.400 | deliv   0.40 | blocked 80.2% | idle  0.1% | ent 0.139
  upd 1591 | return    0.900 | deliv   0.90 | blocked 89.4% | idle  0.0% | ent 0.086
  upd 1592 | return    0.900 | deliv   0.90 | blocked 81.5% | idle  0.1% | ent 0.206
  upd 1593 | return    0.500 | deliv   0.50 | blocked 85.0% | idle  0.0% | ent 0.139
  upd 1594 | return    0.600 | deliv   0.60 | blocked 83.2% | idle  0.0% | ent 0.151
  upd 1595 | return    0.900 | deliv   0.90 | blocked 84.9% | idle  0.1% | ent 0.171
  upd 1596 | return    0.900 | deliv   0.90 | blocked 82.1% | idle  0.0% | ent 0.170
  upd 1597 | return    0.800 | deliv   0.80 | blocked 80.7% | idle  0.0% | ent 0.182
  upd 1598 | return    1.100 | deliv   1.10 | blocked 85.1% | idle  0.0% | ent 0.143
  upd 1599 | return    0.500 | deliv   0.50 | blocked 85.5% | idle  0.0% | ent 0.166
  [replay @ update 1600] return 0.00  deliveries 0  -> runs/mappo_evo_tiny-4ag_seed2/replays/replay_upd001600_s0.npz
  upd 1600 | return    1.100 | deliv   1.10 | blocked 81.4% | idle  0.1% | ent 0.148
  upd 1601 | return    0.700 | deliv   0.70 | blocked 85.1% | idle  0.0% | ent 0.139
  upd 1602 | return    0.800 | deliv   0.80 | blocked 82.5% | idle  0.1% | ent 0.126
  upd 1603 | return    0.600 | deliv   0.60 | blocked 85.0% | idle  0.0% | ent 0.131
  upd 1604 | return    0.600 | deliv   0.60 | blocked 85.2% | idle  0.0% | ent 0.123
  upd 1605 | return    0.500 | deliv   0.50 | blocked 83.3% | idle  0.0% | ent 0.133
  upd 1606 | return    1.000 | deliv   1.00 | blocked 81.1% | idle  0.1% | ent 0.128
  upd 1607 | return    0.900 | deliv   0.90 | blocked 80.7% | idle  0.0% | ent 0.128
  upd 1608 | return    1.000 | deliv   1.00 | blocked 83.5% | idle  0.0% | ent 0.100
  upd 1609 | return    0.900 | deliv   0.90 | blocked 86.9% | idle  0.1% | ent 0.096
  upd 1610 | return    0.600 | deliv   0.60 | blocked 89.1% | idle  0.0% | ent 0.069
  upd 1611 | return    0.500 | deliv   0.50 | blocked 85.6% | idle  0.1% | ent 0.108
  upd 1612 | return    0.900 | deliv   0.90 | blocked 83.5% | idle  0.2% | ent 0.117
  upd 1613 | return    0.900 | deliv   0.90 | blocked 86.7% | idle  0.1% | ent 0.079
  upd 1614 | return    0.500 | deliv   0.50 | blocked 87.9% | idle  0.2% | ent 0.088
  upd 1615 | return    0.700 | deliv   0.70 | blocked 90.9% | idle  0.0% | ent 0.071
  upd 1616 | return    0.600 | deliv   0.60 | blocked 88.2% | idle  0.0% | ent 0.083
  upd 1617 | return    1.000 | deliv   1.00 | blocked 80.3% | idle  0.2% | ent 0.127
  upd 1618 | return    0.500 | deliv   0.50 | blocked 84.2% | idle  0.0% | ent 0.108
  upd 1619 | return    0.900 | deliv   0.90 | blocked 80.4% | idle  0.1% | ent 0.122
  upd 1620 | return    0.500 | deliv   0.50 | blocked 81.0% | idle  0.1% | ent 0.112
  upd 1621 | return    0.800 | deliv   0.80 | blocked 84.2% | idle  0.0% | ent 0.093
  upd 1622 | return    0.700 | deliv   0.70 | blocked 89.7% | idle  0.0% | ent 0.077
  upd 1623 | return    0.600 | deliv   0.60 | blocked 88.5% | idle  0.0% | ent 0.082
  upd 1624 | return    0.500 | deliv   0.50 | blocked 87.0% | idle  0.1% | ent 0.088
  upd 1625 | return    0.600 | deliv   0.60 | blocked 91.0% | idle  0.0% | ent 0.130
  upd 1626 | return    0.200 | deliv   0.20 | blocked 90.0% | idle  0.1% | ent 0.090
  upd 1627 | return    0.700 | deliv   0.70 | blocked 92.6% | idle  0.0% | ent 0.071
  upd 1628 | return    0.400 | deliv   0.40 | blocked 86.9% | idle  0.1% | ent 0.104
  upd 1629 | return    0.400 | deliv   0.40 | blocked 86.2% | idle  0.0% | ent 0.117
  upd 1630 | return    0.200 | deliv   0.20 | blocked 86.0% | idle  0.1% | ent 0.120
  upd 1631 | return    0.500 | deliv   0.50 | blocked 90.8% | idle  0.0% | ent 0.092
  upd 1632 | return    1.200 | deliv   1.20 | blocked 83.9% | idle  0.0% | ent 0.128
  upd 1633 | return    0.600 | deliv   0.60 | blocked 89.4% | idle  0.0% | ent 0.110
  upd 1634 | return    1.000 | deliv   1.00 | blocked 83.6% | idle  0.0% | ent 0.134
  upd 1635 | return    1.000 | deliv   1.00 | blocked 85.5% | idle  0.0% | ent 0.108
  upd 1636 | return    0.700 | deliv   0.70 | blocked 90.6% | idle  0.0% | ent 0.116
  upd 1637 | return    0.600 | deliv   0.60 | blocked 78.7% | idle  0.1% | ent 0.211
  upd 1638 | return    0.500 | deliv   0.50 | blocked 78.8% | idle  0.1% | ent 0.222
  upd 1639 | return    0.300 | deliv   0.30 | blocked 85.1% | idle  0.0% | ent 0.146
  upd 1640 | return    0.500 | deliv   0.50 | blocked 74.4% | idle  0.1% | ent 0.198
  upd 1641 | return    1.300 | deliv   1.30 | blocked 81.7% | idle  0.2% | ent 0.134
  upd 1642 | return    0.600 | deliv   0.60 | blocked 84.9% | idle  0.1% | ent 0.134
  upd 1643 | return    1.300 | deliv   1.30 | blocked 88.3% | idle  0.0% | ent 0.096
  upd 1644 | return    1.100 | deliv   1.10 | blocked 82.5% | idle  0.1% | ent 0.131
  upd 1645 | return    0.900 | deliv   0.90 | blocked 70.3% | idle  0.5% | ent 0.233
  upd 1646 | return    1.200 | deliv   1.20 | blocked 82.8% | idle  0.1% | ent 0.143
  upd 1647 | return    0.900 | deliv   0.90 | blocked 77.9% | idle  0.1% | ent 0.180
  upd 1648 | return    1.400 | deliv   1.40 | blocked 72.1% | idle  0.4% | ent 0.196
  upd 1649 | return    1.400 | deliv   1.40 | blocked 82.9% | idle  0.2% | ent 0.135
  upd 1650 | return    1.000 | deliv   1.00 | blocked 76.2% | idle  0.4% | ent 0.185
  upd 1651 | return    1.300 | deliv   1.30 | blocked 67.1% | idle  0.5% | ent 0.223
  upd 1652 | return    1.200 | deliv   1.20 | blocked 76.8% | idle  0.3% | ent 0.169
  upd 1653 | return    1.700 | deliv   1.70 | blocked 82.5% | idle  0.1% | ent 0.104
  upd 1654 | return    1.800 | deliv   1.80 | blocked 65.2% | idle  0.3% | ent 0.202
  upd 1655 | return    1.700 | deliv   1.70 | blocked 55.5% | idle  0.7% | ent 0.277
  upd 1656 | return    2.200 | deliv   2.20 | blocked 56.1% | idle  0.6% | ent 0.264
  upd 1657 | return    2.100 | deliv   2.10 | blocked 55.4% | idle  0.9% | ent 0.294
  upd 1658 | return    2.000 | deliv   2.00 | blocked 63.7% | idle  0.6% | ent 0.205
  upd 1659 | return    2.500 | deliv   2.50 | blocked 56.5% | idle  0.9% | ent 0.255
  upd 1660 | return    2.100 | deliv   2.10 | blocked 58.0% | idle  0.6% | ent 0.225
  upd 1661 | return    2.000 | deliv   2.00 | blocked 70.3% | idle  0.5% | ent 0.204
  upd 1662 | return    2.200 | deliv   2.20 | blocked 70.4% | idle  0.4% | ent 0.173
  upd 1663 | return    2.300 | deliv   2.30 | blocked 44.0% | idle  1.9% | ent 0.331
  upd 1664 | return    2.500 | deliv   2.50 | blocked 39.8% | idle  2.6% | ent 0.382
  upd 1665 | return    3.000 | deliv   3.00 | blocked 37.1% | idle  2.5% | ent 0.361
  upd 1666 | return    3.200 | deliv   3.20 | blocked 48.0% | idle  1.6% | ent 0.319
  upd 1667 | return    2.600 | deliv   2.60 | blocked 41.0% | idle  2.0% | ent 0.346
  upd 1668 | return    2.900 | deliv   2.90 | blocked 46.2% | idle  1.4% | ent 0.304
  upd 1669 | return    2.500 | deliv   2.50 | blocked 36.3% | idle  1.6% | ent 0.339
  upd 1670 | return    2.800 | deliv   2.80 | blocked 42.0% | idle  1.5% | ent 0.353
  upd 1671 | return    2.700 | deliv   2.70 | blocked 36.6% | idle  1.5% | ent 0.359
  upd 1672 | return    2.400 | deliv   2.40 | blocked 48.0% | idle  1.4% | ent 0.325
  upd 1673 | return    3.100 | deliv   3.10 | blocked 23.3% | idle  2.7% | ent 0.483
  upd 1674 | return    3.500 | deliv   3.50 | blocked 49.2% | idle  2.0% | ent 0.331
  upd 1675 | return    3.000 | deliv   3.00 | blocked 41.1% | idle  2.6% | ent 0.411
  upd 1676 | return    2.700 | deliv   2.70 | blocked 44.0% | idle  2.1% | ent 0.348
  upd 1677 | return    2.800 | deliv   2.80 | blocked 67.7% | idle  1.4% | ent 0.222
  upd 1678 | return    2.900 | deliv   2.90 | blocked 51.8% | idle  2.0% | ent 0.340
  upd 1679 | return    2.800 | deliv   2.80 | blocked 42.9% | idle  3.3% | ent 0.454
  upd 1680 | return    2.800 | deliv   2.80 | blocked 46.2% | idle  2.4% | ent 0.369
  upd 1681 | return    2.300 | deliv   2.30 | blocked 64.2% | idle  0.8% | ent 0.249
  upd 1682 | return    2.400 | deliv   2.40 | blocked 51.9% | idle  0.9% | ent 0.296
  upd 1683 | return    1.600 | deliv   1.60 | blocked 67.9% | idle  0.6% | ent 0.221
  upd 1684 | return    2.000 | deliv   2.00 | blocked 56.2% | idle  0.9% | ent 0.294
  upd 1685 | return    2.300 | deliv   2.30 | blocked 73.8% | idle  0.2% | ent 0.179
  upd 1686 | return    1.900 | deliv   1.90 | blocked 48.3% | idle  1.0% | ent 0.371
  upd 1687 | return    2.600 | deliv   2.60 | blocked 57.3% | idle  1.3% | ent 0.315
  upd 1688 | return    2.000 | deliv   2.00 | blocked 57.2% | idle  0.8% | ent 0.305
  upd 1689 | return    2.200 | deliv   2.20 | blocked 36.7% | idle  2.4% | ent 0.465
  upd 1690 | return    2.800 | deliv   2.80 | blocked 53.6% | idle  1.2% | ent 0.341
  upd 1691 | return    1.900 | deliv   1.90 | blocked 70.0% | idle  0.5% | ent 0.180
  upd 1692 | return    1.600 | deliv   1.60 | blocked 52.6% | idle  0.8% | ent 0.270
  upd 1693 | return    2.100 | deliv   2.10 | blocked 76.1% | idle  0.4% | ent 0.159
  upd 1694 | return    2.000 | deliv   2.00 | blocked 70.9% | idle  0.3% | ent 0.174
  upd 1695 | return    1.900 | deliv   1.90 | blocked 69.6% | idle  0.7% | ent 0.204
  upd 1696 | return    1.500 | deliv   1.50 | blocked 72.8% | idle  0.4% | ent 0.178
  upd 1697 | return    1.700 | deliv   1.70 | blocked 66.7% | idle  0.8% | ent 0.222
  upd 1698 | return    1.900 | deliv   1.90 | blocked 63.6% | idle  0.8% | ent 0.233
  upd 1699 | return    2.000 | deliv   2.00 | blocked 79.5% | idle  0.1% | ent 0.125
  [replay @ update 1700] return 2.00  deliveries 2  -> runs/mappo_evo_tiny-4ag_seed2/replays/replay_upd001700_s0.npz
  upd 1700 | return    1.800 | deliv   1.80 | blocked 71.6% | idle  0.4% | ent 0.198
  upd 1701 | return    1.900 | deliv   1.90 | blocked 68.4% | idle  0.6% | ent 0.228
  upd 1702 | return    1.800 | deliv   1.80 | blocked 63.9% | idle  0.9% | ent 0.256
  upd 1703 | return    1.900 | deliv   1.90 | blocked 65.2% | idle  0.6% | ent 0.223
  upd 1704 | return    1.600 | deliv   1.60 | blocked 72.7% | idle  0.4% | ent 0.194
  upd 1705 | return    1.800 | deliv   1.80 | blocked 70.2% | idle  0.3% | ent 0.191
  upd 1706 | return    1.800 | deliv   1.80 | blocked 68.3% | idle  0.3% | ent 0.220
  upd 1707 | return    1.900 | deliv   1.90 | blocked 69.5% | idle  0.5% | ent 0.198
  upd 1708 | return    2.000 | deliv   2.00 | blocked 70.1% | idle  0.5% | ent 0.220
  upd 1709 | return    2.300 | deliv   2.30 | blocked 63.5% | idle  0.7% | ent 0.258
  upd 1710 | return    2.300 | deliv   2.30 | blocked 66.6% | idle  0.6% | ent 0.200
  upd 1711 | return    2.400 | deliv   2.40 | blocked 72.4% | idle  0.4% | ent 0.172
  upd 1712 | return    2.300 | deliv   2.30 | blocked 73.0% | idle  0.5% | ent 0.186
  upd 1713 | return    1.600 | deliv   1.60 | blocked 74.7% | idle  0.4% | ent 0.149
  upd 1714 | return    1.700 | deliv   1.70 | blocked 74.8% | idle  0.3% | ent 0.155
  upd 1715 | return    1.700 | deliv   1.70 | blocked 77.8% | idle  0.2% | ent 0.130
  upd 1716 | return    2.400 | deliv   2.40 | blocked 71.6% | idle  0.7% | ent 0.191
  upd 1717 | return    1.200 | deliv   1.20 | blocked 74.3% | idle  0.3% | ent 0.165
  upd 1718 | return    1.700 | deliv   1.70 | blocked 73.9% | idle  0.2% | ent 0.118
  upd 1719 | return    2.100 | deliv   2.10 | blocked 70.9% | idle  0.3% | ent 0.181
  upd 1720 | return    1.700 | deliv   1.70 | blocked 72.8% | idle  0.5% | ent 0.167
  upd 1721 | return    1.700 | deliv   1.70 | blocked 77.9% | idle  0.2% | ent 0.151
  upd 1722 | return    1.700 | deliv   1.70 | blocked 68.9% | idle  0.4% | ent 0.199
  upd 1723 | return    1.900 | deliv   1.90 | blocked 73.9% | idle  0.1% | ent 0.138
  upd 1724 | return    1.800 | deliv   1.80 | blocked 76.4% | idle  0.1% | ent 0.168
  upd 1725 | return    2.000 | deliv   2.00 | blocked 63.2% | idle  0.5% | ent 0.244
  upd 1726 | return    2.400 | deliv   2.40 | blocked 59.7% | idle  1.1% | ent 0.296
  upd 1727 | return    1.700 | deliv   1.70 | blocked 63.4% | idle  1.1% | ent 0.259
  upd 1728 | return    2.400 | deliv   2.40 | blocked 61.7% | idle  1.0% | ent 0.216
  upd 1729 | return    2.600 | deliv   2.60 | blocked 68.0% | idle  1.0% | ent 0.239
  upd 1730 | return    2.600 | deliv   2.60 | blocked 64.7% | idle  1.1% | ent 0.258
  upd 1731 | return    2.600 | deliv   2.60 | blocked 57.0% | idle  2.0% | ent 0.339
  upd 1732 | return    2.600 | deliv   2.60 | blocked 66.9% | idle  0.7% | ent 0.236
  upd 1733 | return    2.800 | deliv   2.80 | blocked 60.1% | idle  1.1% | ent 0.262
  upd 1734 | return    2.000 | deliv   2.00 | blocked 56.4% | idle  1.1% | ent 0.297
  upd 1735 | return    2.400 | deliv   2.40 | blocked 51.6% | idle  1.8% | ent 0.378
  upd 1736 | return    3.600 | deliv   3.60 | blocked 50.9% | idle  1.9% | ent 0.365
  upd 1737 | return    2.700 | deliv   2.70 | blocked 56.2% | idle  1.3% | ent 0.328
  upd 1738 | return    3.300 | deliv   3.30 | blocked 51.5% | idle  1.6% | ent 0.430
  upd 1739 | return    2.600 | deliv   2.60 | blocked 50.6% | idle  1.6% | ent 0.367
  upd 1740 | return    3.000 | deliv   3.00 | blocked 51.2% | idle  1.3% | ent 0.402
  upd 1741 | return    3.200 | deliv   3.20 | blocked 37.8% | idle  1.9% | ent 0.494
  upd 1742 | return    1.400 | deliv   1.40 | blocked 50.6% | idle  0.9% | ent 0.329
  upd 1743 | return    2.700 | deliv   2.70 | blocked 42.6% | idle  1.4% | ent 0.404
  upd 1744 | return    2.400 | deliv   2.40 | blocked 43.5% | idle  1.0% | ent 0.447
  upd 1745 | return    3.500 | deliv   3.50 | blocked 37.6% | idle  1.4% | ent 0.436
  upd 1746 | return    3.800 | deliv   3.80 | blocked 33.0% | idle  1.6% | ent 0.483
  upd 1747 | return    2.800 | deliv   2.80 | blocked 51.2% | idle  1.3% | ent 0.356
  upd 1748 | return    3.100 | deliv   3.10 | blocked 35.5% | idle  1.6% | ent 0.465
  upd 1749 | return    2.800 | deliv   2.80 | blocked 47.6% | idle  1.5% | ent 0.381
  upd 1750 | return    2.500 | deliv   2.50 | blocked 45.6% | idle  1.5% | ent 0.389
  upd 1751 | return    3.000 | deliv   3.00 | blocked 56.8% | idle  0.6% | ent 0.249
  upd 1752 | return    1.600 | deliv   1.60 | blocked 64.0% | idle  0.4% | ent 0.196
  upd 1753 | return    2.700 | deliv   2.70 | blocked 55.8% | idle  1.0% | ent 0.317
  upd 1754 | return    3.000 | deliv   3.00 | blocked 60.8% | idle  0.6% | ent 0.283
  upd 1755 | return    2.900 | deliv   2.90 | blocked 42.3% | idle  1.3% | ent 0.394
  upd 1756 | return    3.200 | deliv   3.20 | blocked 56.9% | idle  0.7% | ent 0.273
  upd 1757 | return    2.100 | deliv   2.10 | blocked 50.7% | idle  0.7% | ent 0.296
  upd 1758 | return    2.700 | deliv   2.70 | blocked 51.2% | idle  0.7% | ent 0.281
  upd 1759 | return    3.500 | deliv   3.50 | blocked 39.7% | idle  1.2% | ent 0.450
  upd 1760 | return    2.400 | deliv   2.40 | blocked 47.1% | idle  1.0% | ent 0.391
  upd 1761 | return    2.600 | deliv   2.60 | blocked 57.0% | idle  0.7% | ent 0.304
  upd 1762 | return    3.200 | deliv   3.20 | blocked 48.0% | idle  1.2% | ent 0.339
  upd 1763 | return    2.700 | deliv   2.70 | blocked 51.4% | idle  0.7% | ent 0.311
  upd 1764 | return    2.500 | deliv   2.50 | blocked 51.5% | idle  1.1% | ent 0.313
  upd 1765 | return    2.300 | deliv   2.30 | blocked 57.7% | idle  0.6% | ent 0.266
  upd 1766 | return    2.500 | deliv   2.50 | blocked 49.6% | idle  1.2% | ent 0.337
  upd 1767 | return    2.900 | deliv   2.90 | blocked 47.4% | idle  1.0% | ent 0.343
  upd 1768 | return    3.100 | deliv   3.10 | blocked 44.6% | idle  1.3% | ent 0.384
  upd 1769 | return    2.000 | deliv   2.00 | blocked 53.6% | idle  0.5% | ent 0.242
  upd 1770 | return    2.800 | deliv   2.80 | blocked 55.7% | idle  0.7% | ent 0.275
  upd 1771 | return    1.800 | deliv   1.80 | blocked 56.4% | idle  0.6% | ent 0.230
  upd 1772 | return    2.700 | deliv   2.70 | blocked 56.7% | idle  1.0% | ent 0.276
  upd 1773 | return    2.000 | deliv   2.00 | blocked 61.0% | idle  0.8% | ent 0.215
  upd 1774 | return    1.900 | deliv   1.90 | blocked 58.2% | idle  0.7% | ent 0.239
  upd 1775 | return    1.900 | deliv   1.90 | blocked 70.7% | idle  0.4% | ent 0.175
  upd 1776 | return    2.000 | deliv   2.00 | blocked 70.6% | idle  0.7% | ent 0.187
  upd 1777 | return    1.900 | deliv   1.90 | blocked 69.5% | idle  0.4% | ent 0.188
  upd 1778 | return    2.200 | deliv   2.20 | blocked 71.1% | idle  0.5% | ent 0.219
  upd 1779 | return    2.800 | deliv   2.80 | blocked 66.3% | idle  0.6% | ent 0.207
  upd 1780 | return    1.800 | deliv   1.80 | blocked 66.7% | idle  0.6% | ent 0.213
  upd 1781 | return    2.100 | deliv   2.10 | blocked 61.5% | idle  0.5% | ent 0.229
  upd 1782 | return    2.400 | deliv   2.40 | blocked 56.7% | idle  0.9% | ent 0.293
  upd 1783 | return    1.600 | deliv   1.60 | blocked 54.1% | idle  0.6% | ent 0.248
  upd 1784 | return    2.000 | deliv   2.00 | blocked 62.2% | idle  0.3% | ent 0.242
  upd 1785 | return    2.200 | deliv   2.20 | blocked 51.6% | idle  1.1% | ent 0.283
  upd 1786 | return    2.300 | deliv   2.30 | blocked 52.8% | idle  0.8% | ent 0.284
  upd 1787 | return    2.200 | deliv   2.20 | blocked 64.3% | idle  0.2% | ent 0.176
  upd 1788 | return    2.800 | deliv   2.80 | blocked 53.1% | idle  0.6% | ent 0.241
  upd 1789 | return    2.700 | deliv   2.70 | blocked 52.1% | idle  0.5% | ent 0.250
  upd 1790 | return    3.200 | deliv   3.20 | blocked 42.8% | idle  0.9% | ent 0.349
  upd 1791 | return    2.900 | deliv   2.90 | blocked 45.8% | idle  1.0% | ent 0.328
  upd 1792 | return    3.000 | deliv   3.00 | blocked 50.1% | idle  0.8% | ent 0.296
  upd 1793 | return    2.700 | deliv   2.70 | blocked 55.3% | idle  0.6% | ent 0.251
  upd 1794 | return    2.100 | deliv   2.10 | blocked 54.2% | idle  0.5% | ent 0.247
  upd 1795 | return    2.200 | deliv   2.20 | blocked 58.4% | idle  0.9% | ent 0.270
  upd 1796 | return    2.200 | deliv   2.20 | blocked 72.6% | idle  0.2% | ent 0.113
  upd 1797 | return    2.300 | deliv   2.30 | blocked 55.8% | idle  0.7% | ent 0.248
  upd 1798 | return    2.000 | deliv   2.00 | blocked 55.3% | idle  1.0% | ent 0.241
  upd 1799 | return    2.100 | deliv   2.10 | blocked 35.5% | idle  1.4% | ent 0.350
  [replay @ update 1800] return 2.00  deliveries 2  -> runs/mappo_evo_tiny-4ag_seed2/replays/replay_upd001800_s0.npz
  upd 1800 | return    3.300 | deliv   3.30 | blocked 40.1% | idle  1.7% | ent 0.371
  upd 1801 | return    3.800 | deliv   3.80 | blocked 34.3% | idle  2.6% | ent 0.479
  upd 1802 | return    2.900 | deliv   2.90 | blocked 29.6% | idle  2.2% | ent 0.451
  upd 1803 | return    2.800 | deliv   2.80 | blocked 23.5% | idle  2.9% | ent 0.520
  upd 1804 | return    3.700 | deliv   3.70 | blocked 14.6% | idle  3.2% | ent 0.581
  upd 1805 | return    2.700 | deliv   2.70 | blocked 25.8% | idle  2.3% | ent 0.507
  upd 1806 | return    3.300 | deliv   3.30 | blocked 36.3% | idle  1.1% | ent 0.365
  upd 1807 | return    2.700 | deliv   2.70 | blocked 27.2% | idle  1.0% | ent 0.417
  upd 1808 | return    2.500 | deliv   2.50 | blocked 39.9% | idle  0.8% | ent 0.368
  upd 1809 | return    2.200 | deliv   2.20 | blocked 42.0% | idle  0.5% | ent 0.301
  upd 1810 | return    2.500 | deliv   2.50 | blocked 37.3% | idle  1.0% | ent 0.409
  upd 1811 | return    2.500 | deliv   2.50 | blocked 35.1% | idle  0.7% | ent 0.343
  upd 1812 | return    3.100 | deliv   3.10 | blocked 29.7% | idle  0.8% | ent 0.348
  upd 1813 | return    3.400 | deliv   3.40 | blocked 21.2% | idle  1.0% | ent 0.449
  upd 1814 | return    3.100 | deliv   3.10 | blocked 18.9% | idle  1.2% | ent 0.443
  upd 1815 | return    4.200 | deliv   4.20 | blocked 37.0% | idle  0.5% | ent 0.347
  upd 1816 | return    3.900 | deliv   3.90 | blocked 19.7% | idle  0.9% | ent 0.462
  upd 1817 | return    3.500 | deliv   3.50 | blocked 18.0% | idle  0.7% | ent 0.448
  upd 1818 | return    2.300 | deliv   2.30 | blocked 57.5% | idle  0.3% | ent 0.224
  upd 1819 | return    3.500 | deliv   3.50 | blocked 27.4% | idle  0.8% | ent 0.407
  upd 1820 | return    3.000 | deliv   3.00 | blocked 39.4% | idle  0.5% | ent 0.353
  upd 1821 | return    2.000 | deliv   2.00 | blocked 43.1% | idle  0.6% | ent 0.319
  upd 1822 | return    4.000 | deliv   4.00 | blocked 35.5% | idle  0.8% | ent 0.400
  upd 1823 | return    3.600 | deliv   3.60 | blocked 28.8% | idle  0.8% | ent 0.440
  upd 1824 | return    2.800 | deliv   2.80 | blocked 25.8% | idle  0.5% | ent 0.386
  upd 1825 | return    3.800 | deliv   3.80 | blocked 33.3% | idle  0.6% | ent 0.386
  upd 1826 | return    2.700 | deliv   2.70 | blocked 36.7% | idle  0.3% | ent 0.337
  upd 1827 | return    2.200 | deliv   2.20 | blocked 39.6% | idle  0.5% | ent 0.330
  upd 1828 | return    5.200 | deliv   5.20 | blocked 25.1% | idle  0.8% | ent 0.404
  upd 1829 | return    2.700 | deliv   2.70 | blocked 60.2% | idle  0.3% | ent 0.181
  upd 1830 | return    2.100 | deliv   2.10 | blocked 41.9% | idle  0.4% | ent 0.279
  upd 1831 | return    2.100 | deliv   2.10 | blocked 44.9% | idle  0.3% | ent 0.249
  upd 1832 | return    3.500 | deliv   3.50 | blocked 36.2% | idle  0.7% | ent 0.329
  upd 1833 | return    1.800 | deliv   1.80 | blocked 44.9% | idle  0.4% | ent 0.287
  upd 1834 | return    3.300 | deliv   3.30 | blocked 31.4% | idle  0.8% | ent 0.355
  upd 1835 | return    2.600 | deliv   2.60 | blocked 32.6% | idle  0.4% | ent 0.327
  upd 1836 | return    3.300 | deliv   3.30 | blocked 40.4% | idle  0.5% | ent 0.271
  upd 1837 | return    3.300 | deliv   3.30 | blocked 38.3% | idle  0.5% | ent 0.337
  upd 1838 | return    2.500 | deliv   2.50 | blocked 29.8% | idle  0.7% | ent 0.351
  upd 1839 | return    2.400 | deliv   2.40 | blocked 32.0% | idle  0.6% | ent 0.367
  upd 1840 | return    2.000 | deliv   2.00 | blocked 19.1% | idle  0.9% | ent 0.387
  upd 1841 | return    2.300 | deliv   2.30 | blocked 25.3% | idle  0.5% | ent 0.343
  upd 1842 | return    2.000 | deliv   2.00 | blocked 15.3% | idle  0.5% | ent 0.373
  upd 1843 | return    1.900 | deliv   1.90 | blocked 35.3% | idle  0.6% | ent 0.342
  upd 1844 | return    2.400 | deliv   2.40 | blocked 35.2% | idle  0.5% | ent 0.265
  upd 1845 | return    3.300 | deliv   3.30 | blocked 19.5% | idle  0.8% | ent 0.364
  upd 1846 | return    3.900 | deliv   3.90 | blocked 18.1% | idle  1.2% | ent 0.429
  upd 1847 | return    3.500 | deliv   3.50 | blocked 25.6% | idle  1.0% | ent 0.399
  upd 1848 | return    3.500 | deliv   3.50 | blocked 20.4% | idle  1.1% | ent 0.436
  upd 1849 | return    3.600 | deliv   3.60 | blocked 28.1% | idle  1.0% | ent 0.388
  upd 1850 | return    4.900 | deliv   4.90 | blocked 24.7% | idle  1.5% | ent 0.456
  upd 1851 | return    2.900 | deliv   2.90 | blocked 19.6% | idle  1.3% | ent 0.428
  upd 1852 | return    2.900 | deliv   2.90 | blocked 17.2% | idle  1.9% | ent 0.492
  upd 1853 | return    3.200 | deliv   3.20 | blocked 24.1% | idle  1.5% | ent 0.447
  upd 1854 | return    3.600 | deliv   3.60 | blocked 23.6% | idle  1.9% | ent 0.479
  upd 1855 | return    3.400 | deliv   3.40 | blocked 26.3% | idle  2.1% | ent 0.462
  upd 1856 | return    3.200 | deliv   3.20 | blocked 35.4% | idle  2.2% | ent 0.423
  upd 1857 | return    3.600 | deliv   3.60 | blocked 33.3% | idle  1.8% | ent 0.413
  upd 1858 | return    3.200 | deliv   3.20 | blocked 35.6% | idle  2.8% | ent 0.416
  upd 1859 | return    3.400 | deliv   3.40 | blocked 24.8% | idle  3.9% | ent 0.515
  upd 1860 | return    4.500 | deliv   4.50 | blocked 24.0% | idle  4.1% | ent 0.512
  upd 1861 | return    4.200 | deliv   4.20 | blocked 28.4% | idle  4.5% | ent 0.493
  upd 1862 | return    3.500 | deliv   3.50 | blocked 23.5% | idle  3.8% | ent 0.470
  upd 1863 | return    2.000 | deliv   2.00 | blocked 21.9% | idle  3.5% | ent 0.450
  upd 1864 | return    2.100 | deliv   2.10 | blocked 52.7% | idle  1.4% | ent 0.269
  upd 1865 | return    2.800 | deliv   2.80 | blocked 40.6% | idle  2.8% | ent 0.366
  upd 1866 | return    2.600 | deliv   2.60 | blocked 34.0% | idle  3.6% | ent 0.389
  upd 1867 | return    3.200 | deliv   3.20 | blocked 13.9% | idle  4.4% | ent 0.495
  upd 1868 | return    3.500 | deliv   3.50 | blocked 25.1% | idle  3.4% | ent 0.429
  upd 1869 | return    2.900 | deliv   2.90 | blocked 35.8% | idle  2.1% | ent 0.323
  upd 1870 | return    3.500 | deliv   3.50 | blocked 27.9% | idle  3.0% | ent 0.424
  upd 1871 | return    3.400 | deliv   3.40 | blocked 13.2% | idle  2.8% | ent 0.477
  upd 1872 | return    2.800 | deliv   2.80 | blocked 32.5% | idle  2.2% | ent 0.375
  upd 1873 | return    3.300 | deliv   3.30 | blocked 22.1% | idle  3.3% | ent 0.448
  upd 1874 | return    3.100 | deliv   3.10 | blocked 34.0% | idle  4.1% | ent 0.445
  upd 1875 | return    3.800 | deliv   3.80 | blocked 21.4% | idle  3.0% | ent 0.415
  upd 1876 | return    2.700 | deliv   2.70 | blocked 36.0% | idle  1.4% | ent 0.265
  upd 1877 | return    4.000 | deliv   4.00 | blocked 26.7% | idle  2.7% | ent 0.404
  upd 1878 | return    3.400 | deliv   3.40 | blocked 28.7% | idle  2.5% | ent 0.446
  upd 1879 | return    3.000 | deliv   3.00 | blocked 24.0% | idle  2.5% | ent 0.420
  upd 1880 | return    2.400 | deliv   2.40 | blocked 41.0% | idle  1.7% | ent 0.344
  upd 1881 | return    2.900 | deliv   2.90 | blocked 36.6% | idle  1.4% | ent 0.301
  upd 1882 | return    2.200 | deliv   2.20 | blocked 41.2% | idle  0.8% | ent 0.280
  upd 1883 | return    2.900 | deliv   2.90 | blocked 40.7% | idle  0.9% | ent 0.294
  upd 1884 | return    2.000 | deliv   2.00 | blocked 43.6% | idle  0.6% | ent 0.279
  upd 1885 | return    1.700 | deliv   1.70 | blocked 53.5% | idle  0.4% | ent 0.231
  upd 1886 | return    1.700 | deliv   1.70 | blocked 56.0% | idle  0.3% | ent 0.212
  upd 1887 | return    2.200 | deliv   2.20 | blocked 45.5% | idle  0.5% | ent 0.272
  upd 1888 | return    2.400 | deliv   2.40 | blocked 44.8% | idle  0.4% | ent 0.308
  upd 1889 | return    2.700 | deliv   2.70 | blocked 46.0% | idle  0.4% | ent 0.304
  upd 1890 | return    2.100 | deliv   2.10 | blocked 58.8% | idle  0.2% | ent 0.216
  upd 1891 | return    2.400 | deliv   2.40 | blocked 56.3% | idle  0.2% | ent 0.191
  upd 1892 | return    2.300 | deliv   2.30 | blocked 61.1% | idle  0.4% | ent 0.222
  upd 1893 | return    1.700 | deliv   1.70 | blocked 55.4% | idle  0.5% | ent 0.242
  upd 1894 | return    2.100 | deliv   2.10 | blocked 49.8% | idle  0.4% | ent 0.242
  upd 1895 | return    1.900 | deliv   1.90 | blocked 46.0% | idle  0.4% | ent 0.282
  upd 1896 | return    2.100 | deliv   2.10 | blocked 46.6% | idle  0.4% | ent 0.275
  upd 1897 | return    3.000 | deliv   3.00 | blocked 46.0% | idle  0.3% | ent 0.242
  upd 1898 | return    2.100 | deliv   2.10 | blocked 39.8% | idle  0.3% | ent 0.286
  upd 1899 | return    2.300 | deliv   2.30 | blocked 47.0% | idle  0.4% | ent 0.257
  [replay @ update 1900] return 4.00  deliveries 4  -> runs/mappo_evo_tiny-4ag_seed2/replays/replay_upd001900_s0.npz
  upd 1900 | return    2.800 | deliv   2.80 | blocked 39.5% | idle  0.2% | ent 0.261
  upd 1901 | return    2.800 | deliv   2.80 | blocked 30.2% | idle  0.4% | ent 0.304
  upd 1902 | return    2.200 | deliv   2.20 | blocked 19.9% | idle  0.4% | ent 0.334
  upd 1903 | return    2.900 | deliv   2.90 | blocked 30.8% | idle  0.3% | ent 0.314
  upd 1904 | return    2.300 | deliv   2.30 | blocked 39.0% | idle  0.3% | ent 0.308
  upd 1905 | return    2.500 | deliv   2.50 | blocked 39.9% | idle  0.2% | ent 0.272
  upd 1906 | return    3.000 | deliv   3.00 | blocked 28.3% | idle  0.5% | ent 0.371
  upd 1907 | return    4.000 | deliv   4.00 | blocked 17.6% | idle  0.5% | ent 0.364
  upd 1908 | return    2.600 | deliv   2.60 | blocked 18.8% | idle  0.3% | ent 0.358
  upd 1909 | return    2.500 | deliv   2.50 | blocked 34.4% | idle  0.1% | ent 0.283
  upd 1910 | return    2.300 | deliv   2.30 | blocked 36.5% | idle  0.1% | ent 0.272
  upd 1911 | return    2.000 | deliv   2.00 | blocked 37.4% | idle  0.2% | ent 0.270
  upd 1912 | return    2.400 | deliv   2.40 | blocked 60.1% | idle  0.2% | ent 0.252
  upd 1913 | return    2.400 | deliv   2.40 | blocked 48.8% | idle  0.1% | ent 0.261
  upd 1914 | return    2.700 | deliv   2.70 | blocked 40.9% | idle  0.2% | ent 0.280
  upd 1915 | return    2.500 | deliv   2.50 | blocked 54.8% | idle  0.2% | ent 0.266
  upd 1916 | return    1.800 | deliv   1.80 | blocked 39.2% | idle  0.1% | ent 0.283
  upd 1917 | return    1.900 | deliv   1.90 | blocked 39.5% | idle  0.2% | ent 0.303
  upd 1918 | return    2.500 | deliv   2.50 | blocked 52.5% | idle  0.2% | ent 0.252
  upd 1919 | return    2.400 | deliv   2.40 | blocked 41.5% | idle  0.2% | ent 0.264
  upd 1920 | return    1.600 | deliv   1.60 | blocked 64.4% | idle  0.1% | ent 0.206
  upd 1921 | return    2.100 | deliv   2.10 | blocked 47.1% | idle  0.2% | ent 0.270
  upd 1922 | return    2.900 | deliv   2.90 | blocked 52.2% | idle  0.3% | ent 0.261
  upd 1923 | return    2.400 | deliv   2.40 | blocked 52.5% | idle  0.2% | ent 0.262
  upd 1924 | return    1.800 | deliv   1.80 | blocked 64.2% | idle  0.1% | ent 0.224
  upd 1925 | return    2.700 | deliv   2.70 | blocked 42.8% | idle  0.2% | ent 0.303
  upd 1926 | return    2.400 | deliv   2.40 | blocked 29.2% | idle  0.5% | ent 0.386
  upd 1927 | return    1.500 | deliv   1.50 | blocked 47.0% | idle  0.2% | ent 0.255
  upd 1928 | return    2.000 | deliv   2.00 | blocked 45.3% | idle  0.4% | ent 0.301
  upd 1929 | return    2.200 | deliv   2.20 | blocked 47.8% | idle  0.2% | ent 0.262
  upd 1930 | return    2.200 | deliv   2.20 | blocked 35.7% | idle  0.3% | ent 0.311
  upd 1931 | return    2.100 | deliv   2.10 | blocked 51.0% | idle  0.3% | ent 0.252
  upd 1932 | return    2.200 | deliv   2.20 | blocked 38.9% | idle  0.4% | ent 0.309
  upd 1933 | return    1.900 | deliv   1.90 | blocked 40.2% | idle  0.3% | ent 0.289
  upd 1934 | return    2.400 | deliv   2.40 | blocked 37.1% | idle  0.5% | ent 0.350
  upd 1935 | return    2.100 | deliv   2.10 | blocked 47.5% | idle  0.4% | ent 0.282
  upd 1936 | return    2.400 | deliv   2.40 | blocked 39.5% | idle  0.5% | ent 0.344
  upd 1937 | return    1.700 | deliv   1.70 | blocked 46.0% | idle  0.4% | ent 0.301
  upd 1938 | return    2.100 | deliv   2.10 | blocked 57.9% | idle  0.3% | ent 0.266
  upd 1939 | return    2.100 | deliv   2.10 | blocked 60.7% | idle  0.3% | ent 0.230
  upd 1940 | return    2.100 | deliv   2.10 | blocked 45.0% | idle  0.4% | ent 0.298
  upd 1941 | return    2.700 | deliv   2.70 | blocked 40.1% | idle  0.3% | ent 0.296
  upd 1942 | return    2.100 | deliv   2.10 | blocked 35.0% | idle  0.5% | ent 0.365
  upd 1943 | return    2.600 | deliv   2.60 | blocked 40.8% | idle  0.5% | ent 0.334
  upd 1944 | return    2.200 | deliv   2.20 | blocked 42.4% | idle  0.3% | ent 0.301
  upd 1945 | return    3.200 | deliv   3.20 | blocked 38.7% | idle  0.5% | ent 0.330
  upd 1946 | return    2.300 | deliv   2.30 | blocked 31.5% | idle  0.5% | ent 0.355
  upd 1947 | return    2.900 | deliv   2.90 | blocked 30.9% | idle  0.7% | ent 0.400
  upd 1948 | return    2.800 | deliv   2.80 | blocked 36.3% | idle  0.3% | ent 0.307
  upd 1949 | return    2.800 | deliv   2.80 | blocked 30.3% | idle  0.3% | ent 0.369
  upd 1950 | return    2.100 | deliv   2.10 | blocked 31.2% | idle  0.5% | ent 0.388
  upd 1951 | return    2.600 | deliv   2.60 | blocked 34.7% | idle  0.4% | ent 0.365
  upd 1952 | return    2.700 | deliv   2.70 | blocked 40.6% | idle  0.4% | ent 0.344
  upd 1953 | return    1.700 | deliv   1.70 | blocked 48.0% | idle  0.1% | ent 0.277
  upd 1954 | return    3.500 | deliv   3.50 | blocked 34.9% | idle  0.5% | ent 0.379
  upd 1955 | return    3.200 | deliv   3.20 | blocked 34.5% | idle  0.6% | ent 0.362
  upd 1956 | return    2.900 | deliv   2.90 | blocked 34.8% | idle  0.3% | ent 0.361
  upd 1957 | return    3.200 | deliv   3.20 | blocked 42.7% | idle  0.2% | ent 0.291
  upd 1958 | return    2.100 | deliv   2.10 | blocked 33.0% | idle  0.3% | ent 0.348
  upd 1959 | return    2.300 | deliv   2.30 | blocked 38.8% | idle  0.3% | ent 0.306
  upd 1960 | return    2.300 | deliv   2.30 | blocked 13.8% | idle  0.5% | ent 0.386
  upd 1961 | return    2.000 | deliv   2.00 | blocked 29.9% | idle  0.4% | ent 0.322
  upd 1962 | return    2.200 | deliv   2.20 | blocked 43.0% | idle  0.3% | ent 0.299
  upd 1963 | return    2.300 | deliv   2.30 | blocked 33.8% | idle  0.3% | ent 0.332
  upd 1964 | return    2.100 | deliv   2.10 | blocked 34.3% | idle  0.2% | ent 0.305
  upd 1965 | return    2.600 | deliv   2.60 | blocked 33.7% | idle  0.3% | ent 0.311
  upd 1966 | return    2.600 | deliv   2.60 | blocked 30.9% | idle  0.3% | ent 0.320
  upd 1967 | return    2.100 | deliv   2.10 | blocked 29.2% | idle  0.3% | ent 0.315
  upd 1968 | return    2.500 | deliv   2.50 | blocked 38.4% | idle  0.3% | ent 0.308
  upd 1969 | return    1.900 | deliv   1.90 | blocked 39.1% | idle  0.3% | ent 0.314
  upd 1970 | return    2.200 | deliv   2.20 | blocked 35.1% | idle  0.4% | ent 0.322
  upd 1971 | return    2.300 | deliv   2.30 | blocked 40.7% | idle  0.3% | ent 0.290
  upd 1972 | return    2.500 | deliv   2.50 | blocked 29.8% | idle  0.5% | ent 0.355
  upd 1973 | return    2.600 | deliv   2.60 | blocked 33.7% | idle  0.5% | ent 0.367
  upd 1974 | return    2.500 | deliv   2.50 | blocked 36.3% | idle  0.4% | ent 0.310
  upd 1975 | return    2.200 | deliv   2.20 | blocked 29.7% | idle  0.5% | ent 0.347
  upd 1976 | return    3.200 | deliv   3.20 | blocked 28.6% | idle  0.9% | ent 0.374
  upd 1977 | return    2.500 | deliv   2.50 | blocked 37.2% | idle  0.6% | ent 0.354
  upd 1978 | return    2.900 | deliv   2.90 | blocked 30.2% | idle  0.8% | ent 0.386
  upd 1979 | return    2.800 | deliv   2.80 | blocked 42.2% | idle  0.7% | ent 0.327
  upd 1980 | return    3.000 | deliv   3.00 | blocked 29.7% | idle  0.8% | ent 0.362
  upd 1981 | return    3.500 | deliv   3.50 | blocked 33.7% | idle  0.5% | ent 0.354
  upd 1982 | return    3.600 | deliv   3.60 | blocked 15.6% | idle  0.8% | ent 0.434
  upd 1983 | return    2.700 | deliv   2.70 | blocked 28.8% | idle  0.5% | ent 0.356
  upd 1984 | return    3.800 | deliv   3.80 | blocked 23.2% | idle  0.9% | ent 0.420
  upd 1985 | return    3.100 | deliv   3.10 | blocked 23.6% | idle  0.6% | ent 0.388
  upd 1986 | return    2.900 | deliv   2.90 | blocked 19.9% | idle  0.7% | ent 0.420
  upd 1987 | return    2.800 | deliv   2.80 | blocked 35.0% | idle  0.4% | ent 0.335
  upd 1988 | return    3.300 | deliv   3.30 | blocked 54.8% | idle  0.2% | ent 0.256
  upd 1989 | return    2.800 | deliv   2.80 | blocked 31.4% | idle  0.5% | ent 0.356
  upd 1990 | return    3.300 | deliv   3.30 | blocked 50.5% | idle  0.4% | ent 0.285
  upd 1991 | return    2.700 | deliv   2.70 | blocked 35.0% | idle  0.4% | ent 0.336
  upd 1992 | return    2.900 | deliv   2.90 | blocked 20.8% | idle  0.5% | ent 0.393
  upd 1993 | return    2.800 | deliv   2.80 | blocked 40.6% | idle  0.5% | ent 0.357
  upd 1994 | return    2.100 | deliv   2.10 | blocked 29.6% | idle  0.3% | ent 0.319
  upd 1995 | return    3.800 | deliv   3.80 | blocked 44.7% | idle  0.4% | ent 0.292
  upd 1996 | return    2.800 | deliv   2.80 | blocked 30.8% | idle  0.3% | ent 0.352
  upd 1997 | return    2.000 | deliv   2.00 | blocked 27.0% | idle  0.2% | ent 0.350
  upd 1998 | return    3.700 | deliv   3.70 | blocked 32.6% | idle  0.3% | ent 0.351
  upd 1999 | return    3.100 | deliv   3.10 | blocked 19.1% | idle  0.3% | ent 0.432
  [replay @ update 2000] return 6.00  deliveries 6  -> runs/mappo_evo_tiny-4ag_seed2/replays/replay_upd002000_s0.npz
  upd 2000 | return    3.100 | deliv   3.10 | blocked 28.0% | idle  0.2% | ent 0.380
  upd 2001 | return    2.800 | deliv   2.80 | blocked 19.5% | idle  0.4% | ent 0.440
  upd 2002 | return    2.900 | deliv   2.90 | blocked 31.4% | idle  0.3% | ent 0.426
  upd 2003 | return    2.900 | deliv   2.90 | blocked 25.8% | idle  0.3% | ent 0.397
  upd 2004 | return    2.900 | deliv   2.90 | blocked 30.4% | idle  0.2% | ent 0.393
  upd 2005 | return    2.900 | deliv   2.90 | blocked 23.0% | idle  0.3% | ent 0.423
  upd 2006 | return    2.800 | deliv   2.80 | blocked 19.3% | idle  0.2% | ent 0.449
  upd 2007 | return    2.100 | deliv   2.10 | blocked 46.3% | idle  0.1% | ent 0.331
  upd 2008 | return    1.900 | deliv   1.90 | blocked 35.3% | idle  0.2% | ent 0.355
  upd 2009 | return    2.900 | deliv   2.90 | blocked 28.6% | idle  0.3% | ent 0.395
  upd 2010 | return    2.500 | deliv   2.50 | blocked 28.3% | idle  0.2% | ent 0.400
  upd 2011 | return    3.100 | deliv   3.10 | blocked 27.9% | idle  0.2% | ent 0.396
  upd 2012 | return    3.900 | deliv   3.90 | blocked 30.3% | idle  0.2% | ent 0.436
  upd 2013 | return    3.400 | deliv   3.40 | blocked 14.6% | idle  0.3% | ent 0.490
  upd 2014 | return    3.300 | deliv   3.30 | blocked 22.1% | idle  0.3% | ent 0.460
  upd 2015 | return    2.500 | deliv   2.50 | blocked 23.2% | idle  0.2% | ent 0.419
  upd 2016 | return    1.700 | deliv   1.70 | blocked 39.4% | idle  0.0% | ent 0.327
  upd 2017 | return    2.900 | deliv   2.90 | blocked 28.4% | idle  0.2% | ent 0.438
  upd 2018 | return    3.100 | deliv   3.10 | blocked 14.2% | idle  0.1% | ent 0.449
  upd 2019 | return    2.600 | deliv   2.60 | blocked 34.7% | idle  0.1% | ent 0.408
  upd 2020 | return    1.600 | deliv   1.60 | blocked 47.4% | idle  0.1% | ent 0.297
  upd 2021 | return    2.700 | deliv   2.70 | blocked 46.7% | idle  0.1% | ent 0.344
  upd 2022 | return    3.200 | deliv   3.20 | blocked 28.0% | idle  0.2% | ent 0.428
  upd 2023 | return    2.600 | deliv   2.60 | blocked 31.3% | idle  0.1% | ent 0.365
  upd 2024 | return    2.100 | deliv   2.10 | blocked 42.6% | idle  0.1% | ent 0.338
  upd 2025 | return    1.600 | deliv   1.60 | blocked 44.1% | idle  0.1% | ent 0.312
  upd 2026 | return    3.100 | deliv   3.10 | blocked 40.0% | idle  0.1% | ent 0.351
  upd 2027 | return    2.800 | deliv   2.80 | blocked 26.5% | idle  0.1% | ent 0.415
  upd 2028 | return    2.100 | deliv   2.10 | blocked 45.0% | idle  0.1% | ent 0.358
  upd 2029 | return    2.400 | deliv   2.40 | blocked 29.0% | idle  0.1% | ent 0.426
  upd 2030 | return    3.300 | deliv   3.30 | blocked 10.8% | idle  0.2% | ent 0.477
  upd 2031 | return    3.300 | deliv   3.30 | blocked 26.4% | idle  0.1% | ent 0.424
  upd 2032 | return    3.300 | deliv   3.30 | blocked 31.8% | idle  0.1% | ent 0.386
  upd 2033 | return    2.500 | deliv   2.50 | blocked 16.6% | idle  0.1% | ent 0.425
  upd 2034 | return    2.800 | deliv   2.80 | blocked 12.9% | idle  0.1% | ent 0.447
  upd 2035 | return    2.700 | deliv   2.70 | blocked 25.3% | idle  0.2% | ent 0.470
  upd 2036 | return    2.400 | deliv   2.40 | blocked 22.2% | idle  0.1% | ent 0.404
  upd 2037 | return    3.500 | deliv   3.50 | blocked 12.2% | idle  0.2% | ent 0.471
  upd 2038 | return    3.200 | deliv   3.20 | blocked 19.0% | idle  0.1% | ent 0.436
  upd 2039 | return    2.400 | deliv   2.40 | blocked 15.2% | idle  0.1% | ent 0.428
  upd 2040 | return    3.300 | deliv   3.30 | blocked  9.0% | idle  0.2% | ent 0.441
  upd 2041 | return    3.200 | deliv   3.20 | blocked 17.2% | idle  0.1% | ent 0.442
  upd 2042 | return    2.700 | deliv   2.70 | blocked 20.3% | idle  0.1% | ent 0.427
  upd 2043 | return    2.600 | deliv   2.60 | blocked 14.4% | idle  0.1% | ent 0.398
  upd 2044 | return    4.100 | deliv   4.10 | blocked 25.9% | idle  0.2% | ent 0.417
  upd 2045 | return    3.300 | deliv   3.30 | blocked 24.6% | idle  0.1% | ent 0.419
  upd 2046 | return    3.100 | deliv   3.10 | blocked 32.5% | idle  0.2% | ent 0.432
  upd 2047 | return    2.800 | deliv   2.80 | blocked 11.3% | idle  0.2% | ent 0.418
  upd 2048 | return    2.700 | deliv   2.70 | blocked 23.8% | idle  0.1% | ent 0.417
  upd 2049 | return    2.800 | deliv   2.80 | blocked 35.6% | idle  0.1% | ent 0.336
  upd 2050 | return    3.000 | deliv   3.00 | blocked 26.6% | idle  0.2% | ent 0.426
  upd 2051 | return    2.500 | deliv   2.50 | blocked 33.2% | idle  0.1% | ent 0.369
  upd 2052 | return    2.600 | deliv   2.60 | blocked 26.9% | idle  0.1% | ent 0.383
  upd 2053 | return    3.700 | deliv   3.70 | blocked 19.1% | idle  0.1% | ent 0.422
  upd 2054 | return    2.900 | deliv   2.90 | blocked 30.8% | idle  0.1% | ent 0.341
  upd 2055 | return    3.100 | deliv   3.10 | blocked 28.9% | idle  0.1% | ent 0.367
  upd 2056 | return    3.200 | deliv   3.20 | blocked 19.5% | idle  0.1% | ent 0.398
  upd 2057 | return    2.800 | deliv   2.80 | blocked 17.6% | idle  0.1% | ent 0.361
  upd 2058 | return    3.700 | deliv   3.70 | blocked 14.6% | idle  0.1% | ent 0.402
  upd 2059 | return    2.700 | deliv   2.70 | blocked 33.2% | idle  0.1% | ent 0.361
  upd 2060 | return    2.000 | deliv   2.00 | blocked 41.5% | idle  0.0% | ent 0.314
  upd 2061 | return    2.700 | deliv   2.70 | blocked 28.5% | idle  0.1% | ent 0.397
  upd 2062 | return    3.100 | deliv   3.10 | blocked 36.1% | idle  0.1% | ent 0.382
  upd 2063 | return    2.100 | deliv   2.10 | blocked 32.8% | idle  0.1% | ent 0.362
  upd 2064 | return    1.900 | deliv   1.90 | blocked 40.9% | idle  0.1% | ent 0.317
  upd 2065 | return    1.900 | deliv   1.90 | blocked 41.3% | idle  0.1% | ent 0.337
  upd 2066 | return    2.400 | deliv   2.40 | blocked 28.5% | idle  0.1% | ent 0.337
  upd 2067 | return    2.200 | deliv   2.20 | blocked 35.7% | idle  0.1% | ent 0.341
  upd 2068 | return    2.300 | deliv   2.30 | blocked 31.7% | idle  0.1% | ent 0.333
  upd 2069 | return    3.500 | deliv   3.50 | blocked 24.7% | idle  0.1% | ent 0.364
  upd 2070 | return    2.700 | deliv   2.70 | blocked 40.1% | idle  0.1% | ent 0.327
  upd 2071 | return    2.700 | deliv   2.70 | blocked 36.4% | idle  0.1% | ent 0.327
  upd 2072 | return    1.900 | deliv   1.90 | blocked 47.2% | idle  0.1% | ent 0.289
  upd 2073 | return    2.200 | deliv   2.20 | blocked 32.6% | idle  0.1% | ent 0.321
  upd 2074 | return    1.700 | deliv   1.70 | blocked 49.9% | idle  0.0% | ent 0.276
  upd 2075 | return    3.200 | deliv   3.20 | blocked 32.6% | idle  0.1% | ent 0.316
  upd 2076 | return    2.300 | deliv   2.30 | blocked 37.6% | idle  0.0% | ent 0.266
  upd 2077 | return    2.000 | deliv   2.00 | blocked 50.7% | idle  0.0% | ent 0.264
  upd 2078 | return    1.200 | deliv   1.20 | blocked 30.1% | idle  0.1% | ent 0.376
  upd 2079 | return    2.200 | deliv   2.20 | blocked 45.0% | idle  0.1% | ent 0.310
  upd 2080 | return    1.900 | deliv   1.90 | blocked 53.3% | idle  0.0% | ent 0.244
  upd 2081 | return    1.200 | deliv   1.20 | blocked 27.9% | idle  0.1% | ent 0.376
  upd 2082 | return    1.800 | deliv   1.80 | blocked 31.2% | idle  0.1% | ent 0.365
  upd 2083 | return    1.800 | deliv   1.80 | blocked 30.9% | idle  0.1% | ent 0.367
  upd 2084 | return    1.300 | deliv   1.30 | blocked 44.7% | idle  0.1% | ent 0.300
  upd 2085 | return    1.900 | deliv   1.90 | blocked 41.8% | idle  0.0% | ent 0.344
  upd 2086 | return    2.000 | deliv   2.00 | blocked 35.5% | idle  0.1% | ent 0.350
  upd 2087 | return    1.900 | deliv   1.90 | blocked 40.9% | idle  0.1% | ent 0.333
  upd 2088 | return    1.700 | deliv   1.70 | blocked 46.6% | idle  0.1% | ent 0.296
  upd 2089 | return    2.200 | deliv   2.20 | blocked 51.6% | idle  0.0% | ent 0.271
  upd 2090 | return    2.200 | deliv   2.20 | blocked 31.1% | idle  0.1% | ent 0.367
  upd 2091 | return    2.300 | deliv   2.30 | blocked 29.7% | idle  0.1% | ent 0.399
  upd 2092 | return    3.100 | deliv   3.10 | blocked 27.4% | idle  0.2% | ent 0.413
  upd 2093 | return    3.400 | deliv   3.40 | blocked 31.4% | idle  0.2% | ent 0.381
  upd 2094 | return    3.000 | deliv   3.00 | blocked 33.3% | idle  0.1% | ent 0.364
  upd 2095 | return    2.600 | deliv   2.60 | blocked 29.7% | idle  0.2% | ent 0.402
  upd 2096 | return    3.300 | deliv   3.30 | blocked 19.0% | idle  0.2% | ent 0.437
  upd 2097 | return    3.300 | deliv   3.30 | blocked 43.3% | idle  0.1% | ent 0.324
  upd 2098 | return    2.500 | deliv   2.50 | blocked 34.2% | idle  0.1% | ent 0.347
  upd 2099 | return    2.000 | deliv   2.00 | blocked 30.8% | idle  0.1% | ent 0.326
  [replay @ update 2100] return 5.00  deliveries 5  -> runs/mappo_evo_tiny-4ag_seed2/replays/replay_upd002100_s0.npz
  upd 2100 | return    2.700 | deliv   2.70 | blocked 38.9% | idle  0.1% | ent 0.337
  upd 2101 | return    2.500 | deliv   2.50 | blocked 26.4% | idle  0.2% | ent 0.372
  upd 2102 | return    2.700 | deliv   2.70 | blocked 36.0% | idle  0.1% | ent 0.285
  upd 2103 | return    3.000 | deliv   3.00 | blocked 44.3% | idle  0.1% | ent 0.322
  upd 2104 | return    1.700 | deliv   1.70 | blocked 29.0% | idle  0.1% | ent 0.371
  upd 2105 | return    2.200 | deliv   2.20 | blocked 49.2% | idle  0.1% | ent 0.294
  upd 2106 | return    2.200 | deliv   2.20 | blocked 41.7% | idle  0.1% | ent 0.331
  upd 2107 | return    3.200 | deliv   3.20 | blocked 30.2% | idle  0.2% | ent 0.389
  upd 2108 | return    2.700 | deliv   2.70 | blocked 36.8% | idle  0.1% | ent 0.324
  upd 2109 | return    3.100 | deliv   3.10 | blocked 26.8% | idle  0.1% | ent 0.409
  upd 2110 | return    1.500 | deliv   1.50 | blocked 14.4% | idle  0.1% | ent 0.388
  upd 2111 | return    3.600 | deliv   3.60 | blocked 35.7% | idle  0.1% | ent 0.369
  upd 2112 | return    2.900 | deliv   2.90 | blocked 20.3% | idle  0.1% | ent 0.476
  upd 2113 | return    2.600 | deliv   2.60 | blocked 40.9% | idle  0.0% | ent 0.299
  upd 2114 | return    3.700 | deliv   3.70 | blocked 24.5% | idle  0.1% | ent 0.367
  upd 2115 | return    2.900 | deliv   2.90 | blocked 32.0% | idle  0.1% | ent 0.366
  upd 2116 | return    3.800 | deliv   3.80 | blocked 27.0% | idle  0.1% | ent 0.404
  upd 2117 | return    2.500 | deliv   2.50 | blocked 43.2% | idle  0.0% | ent 0.332
  upd 2118 | return    2.700 | deliv   2.70 | blocked 24.8% | idle  0.1% | ent 0.360
  upd 2119 | return    3.600 | deliv   3.60 | blocked 21.7% | idle  0.0% | ent 0.387
  upd 2120 | return    2.700 | deliv   2.70 | blocked 25.2% | idle  0.1% | ent 0.409
  upd 2121 | return    3.900 | deliv   3.90 | blocked 21.9% | idle  0.1% | ent 0.448
  upd 2122 | return    4.900 | deliv   4.90 | blocked 22.7% | idle  0.2% | ent 0.461
  upd 2123 | return    3.500 | deliv   3.50 | blocked 27.6% | idle  0.1% | ent 0.417
  upd 2124 | return    3.400 | deliv   3.40 | blocked 20.1% | idle  0.2% | ent 0.404
  upd 2125 | return    3.100 | deliv   3.10 | blocked 16.0% | idle  0.1% | ent 0.437
  upd 2126 | return    3.300 | deliv   3.30 | blocked 24.5% | idle  0.1% | ent 0.407
  upd 2127 | return    4.000 | deliv   4.00 | blocked 20.6% | idle  0.2% | ent 0.421
  upd 2128 | return    1.800 | deliv   1.80 | blocked 10.2% | idle  0.2% | ent 0.434
  upd 2129 | return    4.600 | deliv   4.60 | blocked 19.0% | idle  0.1% | ent 0.417
  upd 2130 | return    3.600 | deliv   3.60 | blocked 24.5% | idle  0.1% | ent 0.385
  upd 2131 | return    2.900 | deliv   2.90 | blocked 37.3% | idle  0.1% | ent 0.323
  upd 2132 | return    3.000 | deliv   3.00 | blocked 23.7% | idle  0.1% | ent 0.368
  upd 2133 | return    2.800 | deliv   2.80 | blocked 20.3% | idle  0.2% | ent 0.396
  upd 2134 | return    3.000 | deliv   3.00 | blocked 24.1% | idle  0.2% | ent 0.415
  upd 2135 | return    3.900 | deliv   3.90 | blocked 15.9% | idle  0.2% | ent 0.423
  upd 2136 | return    3.500 | deliv   3.50 | blocked 10.3% | idle  0.2% | ent 0.409
  upd 2137 | return    4.500 | deliv   4.50 | blocked 13.8% | idle  0.2% | ent 0.417
  upd 2138 | return    3.200 | deliv   3.20 | blocked 18.1% | idle  0.1% | ent 0.349
  upd 2139 | return    3.500 | deliv   3.50 | blocked 20.8% | idle  0.1% | ent 0.363
  upd 2140 | return    4.000 | deliv   4.00 | blocked 15.4% | idle  0.1% | ent 0.440
  upd 2141 | return    3.500 | deliv   3.50 | blocked 31.1% | idle  0.1% | ent 0.327
  upd 2142 | return    1.900 | deliv   1.90 | blocked 24.0% | idle  0.1% | ent 0.300
  upd 2143 | return    3.100 | deliv   3.10 | blocked 41.0% | idle  0.1% | ent 0.292
  upd 2144 | return    3.500 | deliv   3.50 | blocked 30.4% | idle  0.1% | ent 0.278
  upd 2145 | return    3.500 | deliv   3.50 | blocked 27.3% | idle  0.1% | ent 0.317
  upd 2146 | return    2.600 | deliv   2.60 | blocked 25.8% | idle  0.1% | ent 0.314
  upd 2147 | return    4.300 | deliv   4.30 | blocked 16.2% | idle  0.2% | ent 0.402
  upd 2148 | return    3.500 | deliv   3.50 | blocked 17.6% | idle  0.1% | ent 0.396
  upd 2149 | return    3.100 | deliv   3.10 | blocked 18.7% | idle  0.1% | ent 0.357
  upd 2150 | return    2.400 | deliv   2.40 | blocked 26.6% | idle  0.1% | ent 0.329
  upd 2151 | return    3.600 | deliv   3.60 | blocked 20.2% | idle  0.2% | ent 0.387
  upd 2152 | return    3.400 | deliv   3.40 | blocked 19.0% | idle  0.1% | ent 0.355
  upd 2153 | return    2.900 | deliv   2.90 | blocked 18.3% | idle  0.1% | ent 0.364
  upd 2154 | return    4.200 | deliv   4.20 | blocked 22.8% | idle  0.1% | ent 0.337
  upd 2155 | return    3.000 | deliv   3.00 | blocked 16.7% | idle  0.1% | ent 0.321
  upd 2156 | return    3.400 | deliv   3.40 | blocked 16.4% | idle  0.1% | ent 0.364
  upd 2157 | return    3.000 | deliv   3.00 | blocked 25.2% | idle  0.1% | ent 0.338
  upd 2158 | return    3.900 | deliv   3.90 | blocked 18.7% | idle  0.1% | ent 0.355
  upd 2159 | return    2.200 | deliv   2.20 | blocked 22.4% | idle  0.1% | ent 0.317
  upd 2160 | return    2.300 | deliv   2.30 | blocked 12.3% | idle  0.1% | ent 0.348
  upd 2161 | return    2.200 | deliv   2.20 | blocked 12.2% | idle  0.1% | ent 0.347
  upd 2162 | return    3.600 | deliv   3.60 | blocked 26.5% | idle  0.1% | ent 0.348
  upd 2163 | return    2.700 | deliv   2.70 | blocked 11.1% | idle  0.2% | ent 0.401
  upd 2164 | return    3.000 | deliv   3.00 | blocked  7.9% | idle  0.1% | ent 0.365
  upd 2165 | return    2.700 | deliv   2.70 | blocked 15.3% | idle  0.1% | ent 0.344
  upd 2166 | return    3.500 | deliv   3.50 | blocked 15.2% | idle  0.2% | ent 0.393
  upd 2167 | return    3.800 | deliv   3.80 | blocked 14.8% | idle  0.2% | ent 0.384
  upd 2168 | return    1.600 | deliv   1.60 | blocked 18.1% | idle  0.1% | ent 0.292
  upd 2169 | return    2.500 | deliv   2.50 | blocked 32.7% | idle  0.1% | ent 0.335
  upd 2170 | return    1.900 | deliv   1.90 | blocked 25.7% | idle  0.1% | ent 0.342
  upd 2171 | return    2.700 | deliv   2.70 | blocked 28.1% | idle  0.1% | ent 0.352
  upd 2172 | return    2.500 | deliv   2.50 | blocked 25.8% | idle  0.2% | ent 0.365
  upd 2173 | return    2.200 | deliv   2.20 | blocked 28.2% | idle  0.1% | ent 0.347
  upd 2174 | return    2.800 | deliv   2.80 | blocked 12.5% | idle  0.2% | ent 0.425
  upd 2175 | return    3.800 | deliv   3.80 | blocked 24.0% | idle  0.2% | ent 0.448
  upd 2176 | return    4.000 | deliv   4.00 | blocked 15.5% | idle  0.2% | ent 0.506
  upd 2177 | return    2.500 | deliv   2.50 | blocked 16.9% | idle  0.2% | ent 0.462
  upd 2178 | return    3.300 | deliv   3.30 | blocked 12.5% | idle  0.2% | ent 0.524
  upd 2179 | return    3.400 | deliv   3.40 | blocked 18.7% | idle  0.2% | ent 0.423
  upd 2180 | return    2.800 | deliv   2.80 | blocked 31.8% | idle  0.1% | ent 0.403
  upd 2181 | return    3.600 | deliv   3.60 | blocked 18.2% | idle  0.2% | ent 0.474
  upd 2182 | return    2.600 | deliv   2.60 | blocked 42.1% | idle  0.1% | ent 0.316
  upd 2183 | return    3.600 | deliv   3.60 | blocked 24.3% | idle  0.0% | ent 0.388
  upd 2184 | return    2.400 | deliv   2.40 | blocked 27.9% | idle  0.1% | ent 0.396
  upd 2185 | return    5.400 | deliv   5.40 | blocked 23.4% | idle  0.2% | ent 0.452
  upd 2186 | return    3.300 | deliv   3.30 | blocked 22.3% | idle  0.1% | ent 0.440
  upd 2187 | return    4.100 | deliv   4.10 | blocked 25.0% | idle  0.1% | ent 0.441
  upd 2188 | return    3.700 | deliv   3.70 | blocked 19.0% | idle  0.1% | ent 0.419
  upd 2189 | return    3.300 | deliv   3.30 | blocked 30.0% | idle  0.1% | ent 0.386
  upd 2190 | return    3.900 | deliv   3.90 | blocked 25.7% | idle  0.1% | ent 0.417
  upd 2191 | return    4.100 | deliv   4.10 | blocked 26.6% | idle  0.1% | ent 0.429
  upd 2192 | return    3.600 | deliv   3.60 | blocked 25.8% | idle  0.1% | ent 0.436
  upd 2193 | return    3.800 | deliv   3.80 | blocked 23.2% | idle  0.1% | ent 0.447
  upd 2194 | return    4.000 | deliv   4.00 | blocked 26.0% | idle  0.1% | ent 0.442
  upd 2195 | return    3.400 | deliv   3.40 | blocked 23.8% | idle  0.1% | ent 0.413
  upd 2196 | return    3.300 | deliv   3.30 | blocked 30.3% | idle  0.1% | ent 0.379
  upd 2197 | return    4.200 | deliv   4.20 | blocked 28.0% | idle  0.1% | ent 0.362
  upd 2198 | return    2.500 | deliv   2.50 | blocked 35.5% | idle  0.1% | ent 0.336
  upd 2199 | return    2.400 | deliv   2.40 | blocked 34.9% | idle  0.1% | ent 0.305
  [replay @ update 2200] return 2.00  deliveries 2  -> runs/mappo_evo_tiny-4ag_seed2/replays/replay_upd002200_s0.npz
  upd 2200 | return    2.800 | deliv   2.80 | blocked 39.3% | idle  0.0% | ent 0.296
  upd 2201 | return    4.000 | deliv   4.00 | blocked 20.6% | idle  0.1% | ent 0.343
  upd 2202 | return    3.700 | deliv   3.70 | blocked 30.5% | idle  0.1% | ent 0.317
  upd 2203 | return    4.000 | deliv   4.00 | blocked 25.6% | idle  0.1% | ent 0.373
  upd 2204 | return    3.000 | deliv   3.00 | blocked 37.2% | idle  0.0% | ent 0.281
  upd 2205 | return    3.700 | deliv   3.70 | blocked 34.2% | idle  0.1% | ent 0.326
  upd 2206 | return    2.100 | deliv   2.10 | blocked 31.3% | idle  0.0% | ent 0.314
  upd 2207 | return    2.900 | deliv   2.90 | blocked 25.4% | idle  0.1% | ent 0.369
  upd 2208 | return    2.300 | deliv   2.30 | blocked 40.0% | idle  0.0% | ent 0.286
  upd 2209 | return    3.200 | deliv   3.20 | blocked 39.8% | idle  0.1% | ent 0.343
  upd 2210 | return    3.000 | deliv   3.00 | blocked 37.3% | idle  0.1% | ent 0.296
  upd 2211 | return    2.700 | deliv   2.70 | blocked 41.2% | idle  0.1% | ent 0.284
  upd 2212 | return    2.200 | deliv   2.20 | blocked 34.1% | idle  0.1% | ent 0.306
  upd 2213 | return    2.900 | deliv   2.90 | blocked  9.2% | idle  0.1% | ent 0.419
  upd 2214 | return    3.500 | deliv   3.50 | blocked 27.2% | idle  0.1% | ent 0.348
  upd 2215 | return    2.100 | deliv   2.10 | blocked 20.4% | idle  0.0% | ent 0.315
  upd 2216 | return    3.300 | deliv   3.30 | blocked 22.2% | idle  0.1% | ent 0.344
  upd 2217 | return    2.800 | deliv   2.80 | blocked 26.6% | idle  0.0% | ent 0.326
  upd 2218 | return    2.900 | deliv   2.90 | blocked 35.5% | idle  0.1% | ent 0.321
  upd 2219 | return    2.300 | deliv   2.30 | blocked 27.1% | idle  0.1% | ent 0.345
  upd 2220 | return    2.500 | deliv   2.50 | blocked 37.6% | idle  0.0% | ent 0.293
  upd 2221 | return    2.500 | deliv   2.50 | blocked 43.6% | idle  0.1% | ent 0.298
  upd 2222 | return    2.700 | deliv   2.70 | blocked 22.7% | idle  0.1% | ent 0.344
  upd 2223 | return    3.200 | deliv   3.20 | blocked 25.3% | idle  0.1% | ent 0.295
  upd 2224 | return    2.200 | deliv   2.20 | blocked 24.8% | idle  0.1% | ent 0.343
  upd 2225 | return    2.700 | deliv   2.70 | blocked 28.2% | idle  0.1% | ent 0.296
  upd 2226 | return    2.800 | deliv   2.80 | blocked 28.8% | idle  0.1% | ent 0.302
  upd 2227 | return    3.100 | deliv   3.10 | blocked 22.7% | idle  0.1% | ent 0.314
  upd 2228 | return    3.900 | deliv   3.90 | blocked 22.2% | idle  0.1% | ent 0.329
  upd 2229 | return    3.400 | deliv   3.40 | blocked 16.3% | idle  0.1% | ent 0.290
  upd 2230 | return    3.400 | deliv   3.40 | blocked 15.7% | idle  0.1% | ent 0.301
  upd 2231 | return    3.200 | deliv   3.20 | blocked 27.9% | idle  0.1% | ent 0.304
  upd 2232 | return    3.200 | deliv   3.20 | blocked 24.5% | idle  0.1% | ent 0.325
  upd 2233 | return    2.600 | deliv   2.60 | blocked 15.3% | idle  0.1% | ent 0.343
  upd 2234 | return    2.500 | deliv   2.50 | blocked 28.5% | idle  0.1% | ent 0.334
  upd 2235 | return    2.900 | deliv   2.90 | blocked 26.9% | idle  0.1% | ent 0.320
  upd 2236 | return    2.100 | deliv   2.10 | blocked 15.2% | idle  0.1% | ent 0.313
  upd 2237 | return    2.700 | deliv   2.70 | blocked 21.5% | idle  0.1% | ent 0.284
  upd 2238 | return    3.000 | deliv   3.00 | blocked 16.6% | idle  0.1% | ent 0.279
  upd 2239 | return    2.900 | deliv   2.90 | blocked 23.7% | idle  0.1% | ent 0.249
  upd 2240 | return    2.000 | deliv   2.00 | blocked 18.4% | idle  0.1% | ent 0.288
  upd 2241 | return    2.600 | deliv   2.60 | blocked 26.5% | idle  0.1% | ent 0.287
  upd 2242 | return    4.200 | deliv   4.20 | blocked 15.3% | idle  0.1% | ent 0.280
  upd 2243 | return    3.300 | deliv   3.30 | blocked 25.8% | idle  0.1% | ent 0.298
  upd 2244 | return    2.400 | deliv   2.40 | blocked 17.9% | idle  0.1% | ent 0.263
  upd 2245 | return    3.300 | deliv   3.30 | blocked 13.0% | idle  0.1% | ent 0.267
  upd 2246 | return    3.500 | deliv   3.50 | blocked 21.8% | idle  0.1% | ent 0.269
  upd 2247 | return    2.700 | deliv   2.70 | blocked  9.4% | idle  0.1% | ent 0.321
  upd 2248 | return    4.100 | deliv   4.10 | blocked 13.8% | idle  0.1% | ent 0.238
  upd 2249 | return    3.400 | deliv   3.40 | blocked 20.7% | idle  0.1% | ent 0.296
  upd 2250 | return    3.700 | deliv   3.70 | blocked 17.4% | idle  0.1% | ent 0.253
  upd 2251 | return    3.200 | deliv   3.20 | blocked 16.5% | idle  0.1% | ent 0.301
  upd 2252 | return    3.400 | deliv   3.40 | blocked 22.6% | idle  0.1% | ent 0.260
  upd 2253 | return    2.800 | deliv   2.80 | blocked 22.1% | idle  0.1% | ent 0.288
  upd 2254 | return    2.600 | deliv   2.60 | blocked 23.6% | idle  0.1% | ent 0.295
  upd 2255 | return    2.900 | deliv   2.90 | blocked 12.1% | idle  0.1% | ent 0.267
  upd 2256 | return    3.200 | deliv   3.20 | blocked 10.7% | idle  0.1% | ent 0.273
  upd 2257 | return    2.900 | deliv   2.90 | blocked 10.2% | idle  0.1% | ent 0.305
  upd 2258 | return    4.100 | deliv   4.10 | blocked 15.1% | idle  0.1% | ent 0.272
  upd 2259 | return    3.000 | deliv   3.00 | blocked 19.8% | idle  0.1% | ent 0.323
  upd 2260 | return    4.600 | deliv   4.60 | blocked  8.7% | idle  0.2% | ent 0.354
  upd 2261 | return    2.500 | deliv   2.50 | blocked 17.4% | idle  0.1% | ent 0.300
  upd 2262 | return    4.000 | deliv   4.00 | blocked  8.2% | idle  0.1% | ent 0.342
  upd 2263 | return    3.300 | deliv   3.30 | blocked  9.9% | idle  0.2% | ent 0.368
  upd 2264 | return    3.000 | deliv   3.00 | blocked 12.7% | idle  0.1% | ent 0.333
  upd 2265 | return    3.100 | deliv   3.10 | blocked 11.9% | idle  0.1% | ent 0.304
  upd 2266 | return    4.100 | deliv   4.10 | blocked 11.0% | idle  0.1% | ent 0.340
  upd 2267 | return    2.600 | deliv   2.60 | blocked  9.1% | idle  0.1% | ent 0.315
  upd 2268 | return    4.400 | deliv   4.40 | blocked  3.8% | idle  0.1% | ent 0.354
  upd 2269 | return    3.200 | deliv   3.20 | blocked  8.9% | idle  0.1% | ent 0.353
  upd 2270 | return    2.900 | deliv   2.90 | blocked  7.7% | idle  0.1% | ent 0.326
  upd 2271 | return    2.300 | deliv   2.30 | blocked 13.1% | idle  0.1% | ent 0.288
  upd 2272 | return    3.900 | deliv   3.90 | blocked 10.5% | idle  0.1% | ent 0.337
  upd 2273 | return    3.600 | deliv   3.60 | blocked  9.2% | idle  0.2% | ent 0.314
  upd 2274 | return    2.400 | deliv   2.40 | blocked  5.3% | idle  0.1% | ent 0.302
  upd 2275 | return    3.800 | deliv   3.80 | blocked 19.2% | idle  0.1% | ent 0.302
  upd 2276 | return    2.600 | deliv   2.60 | blocked  7.9% | idle  0.1% | ent 0.310
  upd 2277 | return    3.700 | deliv   3.70 | blocked  8.0% | idle  0.1% | ent 0.304
  upd 2278 | return    3.600 | deliv   3.60 | blocked  4.2% | idle  0.1% | ent 0.325
  upd 2279 | return    3.200 | deliv   3.20 | blocked 22.3% | idle  0.1% | ent 0.292
  upd 2280 | return    2.800 | deliv   2.80 | blocked 24.1% | idle  0.0% | ent 0.281
  upd 2281 | return    2.800 | deliv   2.80 | blocked  8.6% | idle  0.0% | ent 0.296
  upd 2282 | return    2.700 | deliv   2.70 | blocked 23.4% | idle  0.0% | ent 0.281
  upd 2283 | return    3.200 | deliv   3.20 | blocked 14.8% | idle  0.1% | ent 0.296
  upd 2284 | return    3.200 | deliv   3.20 | blocked 13.9% | idle  0.1% | ent 0.286
  upd 2285 | return    3.000 | deliv   3.00 | blocked 19.2% | idle  0.1% | ent 0.303
  upd 2286 | return    3.100 | deliv   3.10 | blocked 13.3% | idle  0.1% | ent 0.315
  upd 2287 | return    2.500 | deliv   2.50 | blocked 24.6% | idle  0.1% | ent 0.298
  upd 2288 | return    2.800 | deliv   2.80 | blocked 25.8% | idle  0.0% | ent 0.306
  upd 2289 | return    3.400 | deliv   3.40 | blocked 23.5% | idle  0.0% | ent 0.320
  upd 2290 | return    3.600 | deliv   3.60 | blocked 23.5% | idle  0.0% | ent 0.302
  upd 2291 | return    3.400 | deliv   3.40 | blocked 10.9% | idle  0.0% | ent 0.336
  upd 2292 | return    1.800 | deliv   1.80 | blocked 32.5% | idle  0.0% | ent 0.317
  upd 2293 | return    3.400 | deliv   3.40 | blocked 30.8% | idle  0.1% | ent 0.338
  upd 2294 | return    2.700 | deliv   2.70 | blocked  3.8% | idle  0.1% | ent 0.367
  upd 2295 | return    2.500 | deliv   2.50 | blocked 16.2% | idle  0.1% | ent 0.341
  upd 2296 | return    3.400 | deliv   3.40 | blocked 20.5% | idle  0.0% | ent 0.333
  upd 2297 | return    3.100 | deliv   3.10 | blocked 33.4% | idle  0.1% | ent 0.300
  upd 2298 | return    3.500 | deliv   3.50 | blocked 15.1% | idle  0.1% | ent 0.329
  upd 2299 | return    3.600 | deliv   3.60 | blocked 26.2% | idle  0.1% | ent 0.302
  [replay @ update 2300] return 2.00  deliveries 2  -> runs/mappo_evo_tiny-4ag_seed2/replays/replay_upd002300_s0.npz
  upd 2300 | return    3.100 | deliv   3.10 | blocked 17.6% | idle  0.1% | ent 0.342
  upd 2301 | return    2.400 | deliv   2.40 | blocked 18.7% | idle  0.1% | ent 0.324
  upd 2302 | return    3.300 | deliv   3.30 | blocked 22.7% | idle  0.0% | ent 0.324
  upd 2303 | return    2.500 | deliv   2.50 | blocked 29.8% | idle  0.1% | ent 0.303
  upd 2304 | return    2.600 | deliv   2.60 | blocked 30.5% | idle  0.1% | ent 0.316
  upd 2305 | return    3.100 | deliv   3.10 | blocked 14.8% | idle  0.1% | ent 0.324
  upd 2306 | return    3.500 | deliv   3.50 | blocked 22.0% | idle  0.1% | ent 0.287
  upd 2307 | return    3.200 | deliv   3.20 | blocked 27.4% | idle  0.1% | ent 0.280
  upd 2308 | return    3.600 | deliv   3.60 | blocked 14.5% | idle  0.1% | ent 0.291
  upd 2309 | return    2.700 | deliv   2.70 | blocked 23.8% | idle  0.1% | ent 0.294
  upd 2310 | return    2.600 | deliv   2.60 | blocked 36.0% | idle  0.0% | ent 0.263
  upd 2311 | return    3.100 | deliv   3.10 | blocked 13.2% | idle  0.1% | ent 0.295
  upd 2312 | return    3.200 | deliv   3.20 | blocked 12.7% | idle  0.0% | ent 0.282
  upd 2313 | return    2.800 | deliv   2.80 | blocked 14.4% | idle  0.1% | ent 0.299
  upd 2314 | return    2.800 | deliv   2.80 | blocked  8.9% | idle  0.1% | ent 0.317
  upd 2315 | return    2.800 | deliv   2.80 | blocked 22.4% | idle  0.1% | ent 0.299
  upd 2316 | return    2.400 | deliv   2.40 | blocked 28.0% | idle  0.1% | ent 0.294
  upd 2317 | return    2.300 | deliv   2.30 | blocked 28.1% | idle  0.1% | ent 0.306
  upd 2318 | return    2.800 | deliv   2.80 | blocked 29.0% | idle  0.1% | ent 0.267
  upd 2319 | return    2.600 | deliv   2.60 | blocked 41.7% | idle  0.1% | ent 0.260
  upd 2320 | return    2.800 | deliv   2.80 | blocked 24.9% | idle  0.0% | ent 0.229
  upd 2321 | return    2.500 | deliv   2.50 | blocked 25.3% | idle  0.0% | ent 0.230
  upd 2322 | return    3.300 | deliv   3.30 | blocked 22.9% | idle  0.1% | ent 0.282
  upd 2323 | return    2.100 | deliv   2.10 | blocked 23.6% | idle  0.1% | ent 0.284
  upd 2324 | return    2.400 | deliv   2.40 | blocked 33.7% | idle  0.0% | ent 0.225
  upd 2325 | return    2.400 | deliv   2.40 | blocked 50.3% | idle  0.0% | ent 0.227
  upd 2326 | return    2.900 | deliv   2.90 | blocked 29.7% | idle  0.1% | ent 0.273
  upd 2327 | return    2.900 | deliv   2.90 | blocked 30.5% | idle  0.0% | ent 0.234
  upd 2328 | return    2.600 | deliv   2.60 | blocked 15.0% | idle  0.0% | ent 0.270
  upd 2329 | return    2.200 | deliv   2.20 | blocked 23.4% | idle  0.0% | ent 0.234
  upd 2330 | return    2.500 | deliv   2.50 | blocked 34.2% | idle  0.1% | ent 0.253
  upd 2331 | return    3.400 | deliv   3.40 | blocked 20.0% | idle  0.1% | ent 0.261
  upd 2332 | return    3.100 | deliv   3.10 | blocked 25.8% | idle  0.1% | ent 0.262
  upd 2333 | return    3.000 | deliv   3.00 | blocked 28.8% | idle  0.1% | ent 0.263
  upd 2334 | return    3.200 | deliv   3.20 | blocked 25.5% | idle  0.0% | ent 0.261
  upd 2335 | return    3.100 | deliv   3.10 | blocked 17.2% | idle  0.0% | ent 0.282
  upd 2336 | return    3.800 | deliv   3.80 | blocked 15.0% | idle  0.1% | ent 0.302
  upd 2337 | return    2.900 | deliv   2.90 | blocked 26.3% | idle  0.1% | ent 0.288
  upd 2338 | return    3.200 | deliv   3.20 | blocked 13.9% | idle  0.1% | ent 0.283
  upd 2339 | return    2.900 | deliv   2.90 | blocked 15.5% | idle  0.1% | ent 0.279
  upd 2340 | return    2.800 | deliv   2.80 | blocked 23.7% | idle  0.1% | ent 0.241
  upd 2341 | return    2.800 | deliv   2.80 | blocked  9.1% | idle  0.1% | ent 0.275
  upd 2342 | return    3.200 | deliv   3.20 | blocked 12.4% | idle  0.1% | ent 0.267
  upd 2343 | return    2.700 | deliv   2.70 | blocked 20.4% | idle  0.0% | ent 0.256
  upd 2344 | return    3.000 | deliv   3.00 | blocked  9.6% | idle  0.1% | ent 0.254
  upd 2345 | return    3.300 | deliv   3.30 | blocked 11.0% | idle  0.1% | ent 0.253
  upd 2346 | return    3.600 | deliv   3.60 | blocked 12.5% | idle  0.0% | ent 0.249
  upd 2347 | return    2.300 | deliv   2.30 | blocked  6.4% | idle  0.0% | ent 0.242
  upd 2348 | return    3.000 | deliv   3.00 | blocked 14.3% | idle  0.0% | ent 0.234
  upd 2349 | return    3.200 | deliv   3.20 | blocked 17.8% | idle  0.0% | ent 0.212
  upd 2350 | return    3.300 | deliv   3.30 | blocked 13.7% | idle  0.0% | ent 0.239
  upd 2351 | return    2.800 | deliv   2.80 | blocked 22.9% | idle  0.0% | ent 0.254
  upd 2352 | return    2.900 | deliv   2.90 | blocked 20.0% | idle  0.0% | ent 0.263
  upd 2353 | return    2.800 | deliv   2.80 | blocked 12.1% | idle  0.0% | ent 0.253
  upd 2354 | return    2.600 | deliv   2.60 | blocked 29.2% | idle  0.0% | ent 0.283
  upd 2355 | return    3.400 | deliv   3.40 | blocked 10.3% | idle  0.1% | ent 0.300
  upd 2356 | return    2.800 | deliv   2.80 | blocked 14.1% | idle  0.0% | ent 0.318
  upd 2357 | return    3.500 | deliv   3.50 | blocked  9.7% | idle  0.1% | ent 0.271
  upd 2358 | return    3.600 | deliv   3.60 | blocked 16.3% | idle  0.1% | ent 0.284
  upd 2359 | return    3.300 | deliv   3.30 | blocked 31.8% | idle  0.0% | ent 0.214
  upd 2360 | return    3.500 | deliv   3.50 | blocked 24.7% | idle  0.0% | ent 0.261
  upd 2361 | return    3.200 | deliv   3.20 | blocked 13.9% | idle  0.1% | ent 0.259
  upd 2362 | return    3.500 | deliv   3.50 | blocked  9.1% | idle  0.1% | ent 0.326
  upd 2363 | return    3.400 | deliv   3.40 | blocked 15.2% | idle  0.1% | ent 0.298
  upd 2364 | return    2.600 | deliv   2.60 | blocked 17.9% | idle  0.0% | ent 0.285
  upd 2365 | return    3.400 | deliv   3.40 | blocked 11.3% | idle  0.1% | ent 0.297
  upd 2366 | return    3.500 | deliv   3.50 | blocked  9.7% | idle  0.1% | ent 0.284
  upd 2367 | return    3.300 | deliv   3.30 | blocked 17.6% | idle  0.1% | ent 0.257
  upd 2368 | return    3.400 | deliv   3.40 | blocked  9.6% | idle  0.1% | ent 0.238
  upd 2369 | return    2.400 | deliv   2.40 | blocked 19.7% | idle  0.0% | ent 0.320
  upd 2370 | return    3.600 | deliv   3.60 | blocked 13.8% | idle  0.0% | ent 0.269
  upd 2371 | return    2.800 | deliv   2.80 | blocked 17.3% | idle  0.0% | ent 0.286
  upd 2372 | return    3.100 | deliv   3.10 | blocked 17.9% | idle  0.0% | ent 0.271
  upd 2373 | return    3.000 | deliv   3.00 | blocked 13.3% | idle  0.0% | ent 0.257
  upd 2374 | return    3.500 | deliv   3.50 | blocked 12.0% | idle  0.1% | ent 0.274
  upd 2375 | return    3.000 | deliv   3.00 | blocked  9.6% | idle  0.1% | ent 0.264
  upd 2376 | return    3.100 | deliv   3.10 | blocked 11.6% | idle  0.0% | ent 0.293
  upd 2377 | return    2.800 | deliv   2.80 | blocked 22.9% | idle  0.1% | ent 0.301
  upd 2378 | return    3.200 | deliv   3.20 | blocked 15.4% | idle  0.0% | ent 0.313
  upd 2379 | return    3.300 | deliv   3.30 | blocked 20.0% | idle  0.1% | ent 0.334
  upd 2380 | return    3.600 | deliv   3.60 | blocked 16.7% | idle  0.1% | ent 0.325
  upd 2381 | return    2.900 | deliv   2.90 | blocked 18.4% | idle  0.1% | ent 0.339
  upd 2382 | return    2.800 | deliv   2.80 | blocked 27.5% | idle  0.1% | ent 0.315
  upd 2383 | return    3.000 | deliv   3.00 | blocked 20.9% | idle  0.1% | ent 0.332
  upd 2384 | return    2.600 | deliv   2.60 | blocked 24.1% | idle  0.0% | ent 0.289
  upd 2385 | return    2.800 | deliv   2.80 | blocked 29.6% | idle  0.1% | ent 0.320
  upd 2386 | return    2.900 | deliv   2.90 | blocked 32.2% | idle  0.1% | ent 0.293
  upd 2387 | return    3.200 | deliv   3.20 | blocked 16.4% | idle  0.1% | ent 0.293
  upd 2388 | return    2.600 | deliv   2.60 | blocked 32.1% | idle  0.0% | ent 0.283
  upd 2389 | return    2.800 | deliv   2.80 | blocked 30.7% | idle  0.1% | ent 0.310
  upd 2390 | return    3.300 | deliv   3.30 | blocked 18.3% | idle  0.1% | ent 0.281
  upd 2391 | return    3.600 | deliv   3.60 | blocked 16.7% | idle  0.1% | ent 0.301
  upd 2392 | return    3.100 | deliv   3.10 | blocked 22.2% | idle  0.1% | ent 0.307
  upd 2393 | return    3.400 | deliv   3.40 | blocked 14.3% | idle  0.1% | ent 0.263
  upd 2394 | return    3.400 | deliv   3.40 | blocked  7.8% | idle  0.1% | ent 0.279
  upd 2395 | return    4.400 | deliv   4.40 | blocked  4.9% | idle  0.1% | ent 0.307
  upd 2396 | return    3.600 | deliv   3.60 | blocked 15.7% | idle  0.1% | ent 0.274
  upd 2397 | return    4.100 | deliv   4.10 | blocked 20.4% | idle  0.1% | ent 0.298
  upd 2398 | return    4.500 | deliv   4.50 | blocked 12.2% | idle  0.1% | ent 0.284
  upd 2399 | return    5.100 | deliv   5.10 | blocked  4.7% | idle  0.2% | ent 0.304
  [replay @ update 2400] return 4.00  deliveries 4  -> runs/mappo_evo_tiny-4ag_seed2/replays/replay_upd002400_s0.npz
  upd 2400 | return    4.400 | deliv   4.40 | blocked 13.8% | idle  0.1% | ent 0.282
  upd 2401 | return    4.200 | deliv   4.20 | blocked  7.3% | idle  0.1% | ent 0.249
  upd 2402 | return    3.800 | deliv   3.80 | blocked  1.8% | idle  0.1% | ent 0.305
  upd 2403 | return    4.400 | deliv   4.40 | blocked 11.7% | idle  0.1% | ent 0.277
  upd 2404 | return    4.400 | deliv   4.40 | blocked 12.9% | idle  0.2% | ent 0.313
  upd 2405 | return    4.500 | deliv   4.50 | blocked 15.7% | idle  0.1% | ent 0.256
  upd 2406 | return    4.000 | deliv   4.00 | blocked 26.9% | idle  0.1% | ent 0.255
  upd 2407 | return    4.700 | deliv   4.70 | blocked  7.2% | idle  0.1% | ent 0.301
  upd 2408 | return    5.200 | deliv   5.20 | blocked 20.0% | idle  0.2% | ent 0.271
  upd 2409 | return    2.400 | deliv   2.40 | blocked 39.2% | idle  0.1% | ent 0.328
  upd 2410 | return    3.800 | deliv   3.80 | blocked 21.0% | idle  0.1% | ent 0.307
  upd 2411 | return    4.000 | deliv   4.00 | blocked 27.3% | idle  0.1% | ent 0.281
  upd 2412 | return    4.600 | deliv   4.60 | blocked 22.2% | idle  0.1% | ent 0.303
  upd 2413 | return    4.000 | deliv   4.00 | blocked 16.2% | idle  0.1% | ent 0.295
  upd 2414 | return    4.200 | deliv   4.20 | blocked 13.9% | idle  0.1% | ent 0.289
  upd 2415 | return    3.100 | deliv   3.10 | blocked 20.9% | idle  0.1% | ent 0.344
  upd 2416 | return    3.800 | deliv   3.80 | blocked 11.5% | idle  0.1% | ent 0.298
  upd 2417 | return    4.000 | deliv   4.00 | blocked 14.5% | idle  0.1% | ent 0.271
  upd 2418 | return    4.900 | deliv   4.90 | blocked  8.3% | idle  0.1% | ent 0.297
  upd 2419 | return    4.400 | deliv   4.40 | blocked 22.0% | idle  0.1% | ent 0.293
  upd 2420 | return    3.500 | deliv   3.50 | blocked 18.7% | idle  0.1% | ent 0.318
  upd 2421 | return    3.100 | deliv   3.10 | blocked 35.3% | idle  0.1% | ent 0.288
  upd 2422 | return    4.200 | deliv   4.20 | blocked 18.5% | idle  0.1% | ent 0.279
  upd 2423 | return    3.400 | deliv   3.40 | blocked 16.3% | idle  0.1% | ent 0.307
  upd 2424 | return    3.300 | deliv   3.30 | blocked 12.5% | idle  0.1% | ent 0.335
  upd 2425 | return    4.000 | deliv   4.00 | blocked 10.7% | idle  0.1% | ent 0.305
  upd 2426 | return    4.400 | deliv   4.40 | blocked 15.1% | idle  0.1% | ent 0.333
  upd 2427 | return    4.100 | deliv   4.10 | blocked 11.4% | idle  0.1% | ent 0.306
  upd 2428 | return    3.500 | deliv   3.50 | blocked 16.9% | idle  0.0% | ent 0.312
  upd 2429 | return    3.800 | deliv   3.80 | blocked 10.1% | idle  0.0% | ent 0.310
  upd 2430 | return    4.400 | deliv   4.40 | blocked  7.8% | idle  0.0% | ent 0.289
  upd 2431 | return    3.800 | deliv   3.80 | blocked  2.6% | idle  0.1% | ent 0.343
  upd 2432 | return    3.500 | deliv   3.50 | blocked 11.3% | idle  0.0% | ent 0.318
  upd 2433 | return    3.700 | deliv   3.70 | blocked  7.0% | idle  0.0% | ent 0.367
  upd 2434 | return    5.200 | deliv   5.20 | blocked  8.2% | idle  0.0% | ent 0.343
  upd 2435 | return    4.000 | deliv   4.00 | blocked  6.8% | idle  0.0% | ent 0.361
  upd 2436 | return    4.600 | deliv   4.60 | blocked  3.1% | idle  0.0% | ent 0.414
  upd 2437 | return    4.900 | deliv   4.90 | blocked  8.1% | idle  0.0% | ent 0.359
  upd 2438 | return    4.700 | deliv   4.70 | blocked  9.7% | idle  0.0% | ent 0.330
  upd 2439 | return    4.100 | deliv   4.10 | blocked 14.0% | idle  0.0% | ent 0.324
  upd 2440 | return    3.800 | deliv   3.80 | blocked 13.2% | idle  0.0% | ent 0.302
  upd 2441 | return    4.300 | deliv   4.30 | blocked  4.6% | idle  0.0% | ent 0.328
  upd 2442 | return    4.600 | deliv   4.60 | blocked  4.6% | idle  0.0% | ent 0.336
  upd 2443 | return    3.200 | deliv   3.20 | blocked  8.7% | idle  0.0% | ent 0.390
  upd 2444 | return    3.400 | deliv   3.40 | blocked 13.4% | idle  0.0% | ent 0.288
  upd 2445 | return    2.800 | deliv   2.80 | blocked 10.0% | idle  0.0% | ent 0.309
  upd 2446 | return    4.300 | deliv   4.30 | blocked 14.7% | idle  0.0% | ent 0.328
  upd 2447 | return    4.300 | deliv   4.30 | blocked 12.6% | idle  0.0% | ent 0.301
  upd 2448 | return    3.000 | deliv   3.00 | blocked 13.3% | idle  0.0% | ent 0.315
  upd 2449 | return    4.400 | deliv   4.40 | blocked  2.0% | idle  0.0% | ent 0.313
  upd 2450 | return    3.800 | deliv   3.80 | blocked  8.4% | idle  0.0% | ent 0.306
  upd 2451 | return    3.300 | deliv   3.30 | blocked  9.7% | idle  0.0% | ent 0.370
  upd 2452 | return    3.200 | deliv   3.20 | blocked 14.4% | idle  0.0% | ent 0.314
  upd 2453 | return    4.900 | deliv   4.90 | blocked 12.2% | idle  0.0% | ent 0.296
  upd 2454 | return    3.400 | deliv   3.40 | blocked 11.4% | idle  0.0% | ent 0.314
  upd 2455 | return    4.000 | deliv   4.00 | blocked 12.4% | idle  0.0% | ent 0.253
  upd 2456 | return    3.500 | deliv   3.50 | blocked  8.9% | idle  0.0% | ent 0.320
  upd 2457 | return    3.700 | deliv   3.70 | blocked  6.7% | idle  0.0% | ent 0.299
  upd 2458 | return    3.700 | deliv   3.70 | blocked  8.3% | idle  0.1% | ent 0.292
  upd 2459 | return    3.500 | deliv   3.50 | blocked 17.1% | idle  0.0% | ent 0.270
  upd 2460 | return    3.800 | deliv   3.80 | blocked 19.2% | idle  0.0% | ent 0.280
  upd 2461 | return    3.900 | deliv   3.90 | blocked  5.9% | idle  0.0% | ent 0.244
  upd 2462 | return    3.900 | deliv   3.90 | blocked 13.7% | idle  0.0% | ent 0.291
  upd 2463 | return    4.600 | deliv   4.60 | blocked  5.9% | idle  0.0% | ent 0.271
  upd 2464 | return    5.100 | deliv   5.10 | blocked  7.5% | idle  0.0% | ent 0.273
  upd 2465 | return    4.400 | deliv   4.40 | blocked  9.5% | idle  0.0% | ent 0.288
  upd 2466 | return    5.300 | deliv   5.30 | blocked 10.5% | idle  0.0% | ent 0.248
  upd 2467 | return    4.800 | deliv   4.80 | blocked 11.2% | idle  0.0% | ent 0.291
  upd 2468 | return    4.100 | deliv   4.10 | blocked  5.8% | idle  0.0% | ent 0.319
  upd 2469 | return    3.700 | deliv   3.70 | blocked  5.4% | idle  0.1% | ent 0.307
  upd 2470 | return    3.800 | deliv   3.80 | blocked  7.9% | idle  0.0% | ent 0.277
  upd 2471 | return    4.800 | deliv   4.80 | blocked  5.1% | idle  0.1% | ent 0.300
  upd 2472 | return    4.200 | deliv   4.20 | blocked  8.4% | idle  0.1% | ent 0.297
  upd 2473 | return    4.900 | deliv   4.90 | blocked  8.2% | idle  0.1% | ent 0.310
  upd 2474 | return    3.700 | deliv   3.70 | blocked  3.4% | idle  0.1% | ent 0.272
  upd 2475 | return    3.300 | deliv   3.30 | blocked  3.2% | idle  0.0% | ent 0.241
  upd 2476 | return    4.100 | deliv   4.10 | blocked 14.0% | idle  0.0% | ent 0.245
  upd 2477 | return    4.500 | deliv   4.50 | blocked  5.8% | idle  0.0% | ent 0.220
  upd 2478 | return    3.200 | deliv   3.20 | blocked  8.7% | idle  0.1% | ent 0.260
  upd 2479 | return    3.200 | deliv   3.20 | blocked  9.0% | idle  0.0% | ent 0.263
  upd 2480 | return    4.300 | deliv   4.30 | blocked  9.6% | idle  0.0% | ent 0.235
  upd 2481 | return    4.500 | deliv   4.50 | blocked  3.2% | idle  0.0% | ent 0.247
  upd 2482 | return    4.000 | deliv   4.00 | blocked  7.1% | idle  0.0% | ent 0.270
  upd 2483 | return    4.200 | deliv   4.20 | blocked  3.2% | idle  0.0% | ent 0.290
  upd 2484 | return    3.700 | deliv   3.70 | blocked  7.9% | idle  0.0% | ent 0.278
  upd 2485 | return    3.800 | deliv   3.80 | blocked 13.2% | idle  0.1% | ent 0.253
  upd 2486 | return    5.000 | deliv   5.00 | blocked  9.1% | idle  0.1% | ent 0.273
  upd 2487 | return    4.600 | deliv   4.60 | blocked  7.7% | idle  0.1% | ent 0.320
  upd 2488 | return    3.700 | deliv   3.70 | blocked  3.9% | idle  0.1% | ent 0.327
  upd 2489 | return    5.100 | deliv   5.10 | blocked  6.7% | idle  0.1% | ent 0.323
  upd 2490 | return    5.200 | deliv   5.20 | blocked 16.2% | idle  0.1% | ent 0.248
  upd 2491 | return    4.500 | deliv   4.50 | blocked  7.7% | idle  0.1% | ent 0.314
  upd 2492 | return    4.300 | deliv   4.30 | blocked 14.7% | idle  0.1% | ent 0.259
  upd 2493 | return    4.500 | deliv   4.50 | blocked 13.0% | idle  0.1% | ent 0.306
  upd 2494 | return    4.100 | deliv   4.10 | blocked  8.7% | idle  0.1% | ent 0.292
  upd 2495 | return    4.500 | deliv   4.50 | blocked 11.2% | idle  0.1% | ent 0.304
  upd 2496 | return    3.800 | deliv   3.80 | blocked  4.1% | idle  0.1% | ent 0.340
  upd 2497 | return    3.800 | deliv   3.80 | blocked  8.3% | idle  0.1% | ent 0.299
  upd 2498 | return    3.700 | deliv   3.70 | blocked 17.5% | idle  0.1% | ent 0.282
  upd 2499 | return    3.600 | deliv   3.60 | blocked  6.4% | idle  0.1% | ent 0.288
  [replay @ update 2500] return 3.00  deliveries 3  -> runs/mappo_evo_tiny-4ag_seed2/replays/replay_upd002500_s0.npz
  upd 2500 | return    4.600 | deliv   4.60 | blocked 10.7% | idle  0.0% | ent 0.290
  upd 2501 | return    4.100 | deliv   4.10 | blocked 13.8% | idle  0.1% | ent 0.314
  upd 2502 | return    4.900 | deliv   4.90 | blocked  7.1% | idle  0.1% | ent 0.357
  upd 2503 | return    4.000 | deliv   4.00 | blocked  6.7% | idle  0.1% | ent 0.300
  upd 2504 | return    5.200 | deliv   5.20 | blocked 12.5% | idle  0.1% | ent 0.289
  upd 2505 | return    4.400 | deliv   4.40 | blocked 10.2% | idle  0.0% | ent 0.325
  upd 2506 | return    4.800 | deliv   4.80 | blocked 11.1% | idle  0.0% | ent 0.296
  upd 2507 | return    4.200 | deliv   4.20 | blocked  4.9% | idle  0.1% | ent 0.306
  upd 2508 | return    4.300 | deliv   4.30 | blocked  7.8% | idle  0.1% | ent 0.280
  upd 2509 | return    4.800 | deliv   4.80 | blocked  9.2% | idle  0.1% | ent 0.308
  upd 2510 | return    4.200 | deliv   4.20 | blocked  2.3% | idle  0.1% | ent 0.305
  upd 2511 | return    4.500 | deliv   4.50 | blocked  6.7% | idle  0.1% | ent 0.255
  upd 2512 | return    4.300 | deliv   4.30 | blocked  5.4% | idle  0.1% | ent 0.327
  upd 2513 | return    4.000 | deliv   4.00 | blocked  5.9% | idle  0.1% | ent 0.270
  upd 2514 | return    4.300 | deliv   4.30 | blocked  3.8% | idle  0.1% | ent 0.330
  upd 2515 | return    3.900 | deliv   3.90 | blocked  9.0% | idle  0.1% | ent 0.275
  upd 2516 | return    3.800 | deliv   3.80 | blocked 11.2% | idle  0.1% | ent 0.264
  upd 2517 | return    4.400 | deliv   4.40 | blocked  3.7% | idle  0.1% | ent 0.255
  upd 2518 | return    4.100 | deliv   4.10 | blocked  5.1% | idle  0.1% | ent 0.269
  upd 2519 | return    4.200 | deliv   4.20 | blocked  1.8% | idle  0.1% | ent 0.300
  upd 2520 | return    4.300 | deliv   4.30 | blocked  3.2% | idle  0.0% | ent 0.324
  upd 2521 | return    3.600 | deliv   3.60 | blocked 10.8% | idle  0.1% | ent 0.270
  upd 2522 | return    3.400 | deliv   3.40 | blocked  1.8% | idle  0.0% | ent 0.349
  upd 2523 | return    4.400 | deliv   4.40 | blocked  8.8% | idle  0.1% | ent 0.288
  upd 2524 | return    4.600 | deliv   4.60 | blocked  5.7% | idle  0.1% | ent 0.310
  upd 2525 | return    4.200 | deliv   4.20 | blocked  4.8% | idle  0.1% | ent 0.311
  upd 2526 | return    4.500 | deliv   4.50 | blocked  6.7% | idle  0.0% | ent 0.271
  upd 2527 | return    4.600 | deliv   4.60 | blocked  4.6% | idle  0.1% | ent 0.327
  upd 2528 | return    3.700 | deliv   3.70 | blocked 10.8% | idle  0.1% | ent 0.331
  upd 2529 | return    4.400 | deliv   4.40 | blocked 14.4% | idle  0.0% | ent 0.231
  upd 2530 | return    4.000 | deliv   4.00 | blocked  1.4% | idle  0.1% | ent 0.308
  upd 2531 | return    5.200 | deliv   5.20 | blocked  2.3% | idle  0.1% | ent 0.350
  upd 2532 | return    4.700 | deliv   4.70 | blocked  7.2% | idle  0.1% | ent 0.315
  upd 2533 | return    4.000 | deliv   4.00 | blocked  4.3% | idle  0.1% | ent 0.358
  upd 2534 | return    5.200 | deliv   5.20 | blocked  6.3% | idle  0.1% | ent 0.345
  upd 2535 | return    4.300 | deliv   4.30 | blocked  3.9% | idle  0.2% | ent 0.404
  upd 2536 | return    6.500 | deliv   6.50 | blocked  5.3% | idle  0.1% | ent 0.351
  upd 2537 | return    5.600 | deliv   5.60 | blocked  6.2% | idle  0.1% | ent 0.342
  upd 2538 | return    5.800 | deliv   5.80 | blocked  7.5% | idle  0.1% | ent 0.329
  upd 2539 | return    4.100 | deliv   4.10 | blocked  4.5% | idle  0.0% | ent 0.388
  upd 2540 | return    4.000 | deliv   4.00 | blocked 11.2% | idle  0.1% | ent 0.309
  upd 2541 | return    3.700 | deliv   3.70 | blocked  6.6% | idle  0.1% | ent 0.329
  upd 2542 | return    5.400 | deliv   5.40 | blocked  4.8% | idle  0.1% | ent 0.358
  upd 2543 | return    5.400 | deliv   5.40 | blocked  2.9% | idle  0.1% | ent 0.372
  upd 2544 | return    5.000 | deliv   5.00 | blocked  5.9% | idle  0.1% | ent 0.324
  upd 2545 | return    3.400 | deliv   3.40 | blocked  9.1% | idle  0.1% | ent 0.331
  upd 2546 | return    4.800 | deliv   4.80 | blocked  6.9% | idle  0.2% | ent 0.341
  upd 2547 | return    3.900 | deliv   3.90 | blocked  2.6% | idle  0.2% | ent 0.350
  upd 2548 | return    5.200 | deliv   5.20 | blocked  3.1% | idle  0.1% | ent 0.390
  upd 2549 | return    4.200 | deliv   4.20 | blocked  5.5% | idle  0.2% | ent 0.421
  upd 2550 | return    3.800 | deliv   3.80 | blocked  7.0% | idle  0.2% | ent 0.292
  upd 2551 | return    4.300 | deliv   4.30 | blocked  9.4% | idle  0.1% | ent 0.336
  upd 2552 | return    4.800 | deliv   4.80 | blocked  4.8% | idle  0.2% | ent 0.382
  upd 2553 | return    3.800 | deliv   3.80 | blocked  3.6% | idle  0.2% | ent 0.411
  upd 2554 | return    3.400 | deliv   3.40 | blocked  4.2% | idle  0.2% | ent 0.409
  upd 2555 | return    4.500 | deliv   4.50 | blocked  3.8% | idle  0.2% | ent 0.366
  upd 2556 | return    5.100 | deliv   5.10 | blocked  3.3% | idle  0.1% | ent 0.372
  upd 2557 | return    4.100 | deliv   4.10 | blocked  2.4% | idle  0.2% | ent 0.401
  upd 2558 | return    3.900 | deliv   3.90 | blocked  9.2% | idle  0.1% | ent 0.318
  upd 2559 | return    5.300 | deliv   5.30 | blocked  4.9% | idle  0.2% | ent 0.380
  upd 2560 | return    4.100 | deliv   4.10 | blocked  5.8% | idle  0.1% | ent 0.326
  upd 2561 | return    5.000 | deliv   5.00 | blocked  9.6% | idle  0.1% | ent 0.356
  upd 2562 | return    4.100 | deliv   4.10 | blocked  6.0% | idle  0.1% | ent 0.356
  upd 2563 | return    5.100 | deliv   5.10 | blocked 10.0% | idle  0.1% | ent 0.306
  upd 2564 | return    5.200 | deliv   5.20 | blocked  8.5% | idle  0.1% | ent 0.341
  upd 2565 | return    5.900 | deliv   5.90 | blocked  4.4% | idle  0.1% | ent 0.364
  upd 2566 | return    4.800 | deliv   4.80 | blocked 10.1% | idle  0.1% | ent 0.345
  upd 2567 | return    4.400 | deliv   4.40 | blocked  7.1% | idle  0.1% | ent 0.379
  upd 2568 | return    5.300 | deliv   5.30 | blocked 13.7% | idle  0.1% | ent 0.360
  upd 2569 | return    3.800 | deliv   3.80 | blocked 14.4% | idle  0.1% | ent 0.304
  upd 2570 | return    3.800 | deliv   3.80 | blocked 17.0% | idle  0.1% | ent 0.322
  upd 2571 | return    5.800 | deliv   5.80 | blocked  3.8% | idle  0.1% | ent 0.409
  upd 2572 | return    4.700 | deliv   4.70 | blocked  6.0% | idle  0.1% | ent 0.373
  upd 2573 | return    4.600 | deliv   4.60 | blocked 13.3% | idle  0.2% | ent 0.311
  upd 2574 | return    5.500 | deliv   5.50 | blocked 10.5% | idle  0.1% | ent 0.319
  upd 2575 | return    4.200 | deliv   4.20 | blocked  8.3% | idle  0.2% | ent 0.377
  upd 2576 | return    5.400 | deliv   5.40 | blocked  5.9% | idle  0.2% | ent 0.378
  upd 2577 | return    4.700 | deliv   4.70 | blocked  4.9% | idle  0.2% | ent 0.362
  upd 2578 | return    4.400 | deliv   4.40 | blocked 12.1% | idle  0.1% | ent 0.347
  upd 2579 | return    4.500 | deliv   4.50 | blocked  2.8% | idle  0.2% | ent 0.379
  upd 2580 | return    4.400 | deliv   4.40 | blocked  4.7% | idle  0.2% | ent 0.358
  upd 2581 | return    4.600 | deliv   4.60 | blocked  6.2% | idle  0.2% | ent 0.405
  upd 2582 | return    4.700 | deliv   4.70 | blocked  9.6% | idle  0.2% | ent 0.329
  upd 2583 | return    4.800 | deliv   4.80 | blocked  6.9% | idle  0.3% | ent 0.402
  upd 2584 | return    4.500 | deliv   4.50 | blocked  7.0% | idle  0.3% | ent 0.355
  upd 2585 | return    5.700 | deliv   5.70 | blocked  2.6% | idle  0.5% | ent 0.425
  upd 2586 | return    4.000 | deliv   4.00 | blocked 14.5% | idle  0.5% | ent 0.363
  upd 2587 | return    3.900 | deliv   3.90 | blocked 10.4% | idle  0.6% | ent 0.354
  upd 2588 | return    3.600 | deliv   3.60 | blocked  9.3% | idle  0.6% | ent 0.365
  upd 2589 | return    4.300 | deliv   4.30 | blocked  6.9% | idle  0.3% | ent 0.352
  upd 2590 | return    4.200 | deliv   4.20 | blocked  1.4% | idle  0.6% | ent 0.405
  upd 2591 | return    4.700 | deliv   4.70 | blocked  2.9% | idle  0.7% | ent 0.403
  upd 2592 | return    4.900 | deliv   4.90 | blocked  5.8% | idle  0.8% | ent 0.371
  upd 2593 | return    5.400 | deliv   5.40 | blocked  1.8% | idle  0.7% | ent 0.392
  upd 2594 | return    4.900 | deliv   4.90 | blocked 11.2% | idle  1.0% | ent 0.377
  upd 2595 | return    4.600 | deliv   4.60 | blocked  9.0% | idle  0.8% | ent 0.358
  upd 2596 | return    3.700 | deliv   3.70 | blocked 14.1% | idle  1.5% | ent 0.353
  upd 2597 | return    5.200 | deliv   5.20 | blocked  3.2% | idle  2.2% | ent 0.406
  upd 2598 | return    4.500 | deliv   4.50 | blocked 10.4% | idle  1.6% | ent 0.371
  upd 2599 | return    5.300 | deliv   5.30 | blocked  4.2% | idle  2.2% | ent 0.450
  [replay @ update 2600] return 4.00  deliveries 4  -> runs/mappo_evo_tiny-4ag_seed2/replays/replay_upd002600_s0.npz
  upd 2600 | return    4.500 | deliv   4.50 | blocked  6.9% | idle  1.2% | ent 0.351
  upd 2601 | return    4.600 | deliv   4.60 | blocked 11.1% | idle  1.2% | ent 0.369
  upd 2602 | return    4.900 | deliv   4.90 | blocked  4.6% | idle  1.4% | ent 0.361
  upd 2603 | return    4.600 | deliv   4.60 | blocked  9.9% | idle  0.7% | ent 0.330
  upd 2604 | return    5.200 | deliv   5.20 | blocked  3.0% | idle  0.8% | ent 0.384
  upd 2605 | return    4.900 | deliv   4.90 | blocked  3.0% | idle  0.6% | ent 0.350
  upd 2606 | return    4.500 | deliv   4.50 | blocked 13.1% | idle  0.5% | ent 0.289
  upd 2607 | return    4.800 | deliv   4.80 | blocked 14.7% | idle  0.5% | ent 0.302
  upd 2608 | return    4.800 | deliv   4.80 | blocked  4.1% | idle  0.4% | ent 0.340
  upd 2609 | return    5.100 | deliv   5.10 | blocked  6.3% | idle  0.3% | ent 0.331
  upd 2610 | return    4.300 | deliv   4.30 | blocked  8.0% | idle  0.4% | ent 0.356
  upd 2611 | return    4.800 | deliv   4.80 | blocked  8.7% | idle  0.6% | ent 0.373
  upd 2612 | return    4.800 | deliv   4.80 | blocked  5.2% | idle  0.6% | ent 0.372
  upd 2613 | return    4.700 | deliv   4.70 | blocked  1.8% | idle  0.6% | ent 0.426
  upd 2614 | return    4.100 | deliv   4.10 | blocked  8.5% | idle  0.4% | ent 0.367
  upd 2615 | return    5.000 | deliv   5.00 | blocked  5.1% | idle  0.4% | ent 0.384
  upd 2616 | return    4.800 | deliv   4.80 | blocked  5.1% | idle  0.3% | ent 0.386
  upd 2617 | return    5.400 | deliv   5.40 | blocked  9.0% | idle  0.4% | ent 0.375
  upd 2618 | return    5.600 | deliv   5.60 | blocked  1.2% | idle  0.3% | ent 0.363
  upd 2619 | return    5.000 | deliv   5.00 | blocked  1.9% | idle  0.3% | ent 0.344
  upd 2620 | return    5.100 | deliv   5.10 | blocked  8.5% | idle  0.3% | ent 0.351
  upd 2621 | return    5.500 | deliv   5.50 | blocked  1.9% | idle  0.3% | ent 0.335
  upd 2622 | return    4.800 | deliv   4.80 | blocked  5.8% | idle  0.3% | ent 0.330
  upd 2623 | return    5.100 | deliv   5.10 | blocked  8.6% | idle  0.3% | ent 0.345
  upd 2624 | return    4.900 | deliv   4.90 | blocked  4.0% | idle  0.3% | ent 0.345
  upd 2625 | return    5.600 | deliv   5.60 | blocked  3.3% | idle  0.2% | ent 0.336
  upd 2626 | return    5.300 | deliv   5.30 | blocked  4.1% | idle  0.1% | ent 0.348
  upd 2627 | return    5.800 | deliv   5.80 | blocked  2.4% | idle  0.2% | ent 0.407
  upd 2628 | return    5.600 | deliv   5.60 | blocked  3.9% | idle  0.1% | ent 0.352
  upd 2629 | return    5.500 | deliv   5.50 | blocked  7.5% | idle  0.1% | ent 0.418
  upd 2630 | return    5.500 | deliv   5.50 | blocked  5.4% | idle  0.1% | ent 0.421
  upd 2631 | return    4.700 | deliv   4.70 | blocked  5.4% | idle  0.2% | ent 0.402
  upd 2632 | return    3.800 | deliv   3.80 | blocked  5.8% | idle  0.2% | ent 0.408
  upd 2633 | return    6.300 | deliv   6.30 | blocked  5.7% | idle  0.2% | ent 0.393
  upd 2634 | return    5.300 | deliv   5.30 | blocked  2.7% | idle  0.2% | ent 0.370
  upd 2635 | return    4.800 | deliv   4.80 | blocked  3.1% | idle  0.1% | ent 0.383
  upd 2636 | return    5.300 | deliv   5.30 | blocked  3.0% | idle  0.1% | ent 0.371
  upd 2637 | return    5.300 | deliv   5.30 | blocked  3.8% | idle  0.1% | ent 0.362
  upd 2638 | return    5.800 | deliv   5.80 | blocked  2.9% | idle  0.2% | ent 0.383
  upd 2639 | return    5.400 | deliv   5.40 | blocked  5.0% | idle  0.2% | ent 0.352
  upd 2640 | return    5.400 | deliv   5.40 | blocked  2.3% | idle  0.3% | ent 0.396
  upd 2641 | return    6.500 | deliv   6.50 | blocked  1.9% | idle  0.2% | ent 0.376
  upd 2642 | return    5.400 | deliv   5.40 | blocked  4.0% | idle  0.3% | ent 0.377
  upd 2643 | return    5.800 | deliv   5.80 | blocked  5.6% | idle  0.3% | ent 0.366
  upd 2644 | return    5.300 | deliv   5.30 | blocked  6.5% | idle  0.3% | ent 0.388
  upd 2645 | return    5.600 | deliv   5.60 | blocked  4.4% | idle  0.1% | ent 0.361
  upd 2646 | return    5.500 | deliv   5.50 | blocked  4.2% | idle  0.2% | ent 0.410
  upd 2647 | return    5.100 | deliv   5.10 | blocked  7.0% | idle  0.1% | ent 0.358
  upd 2648 | return    5.800 | deliv   5.80 | blocked  5.5% | idle  0.2% | ent 0.390
  upd 2649 | return    6.100 | deliv   6.10 | blocked  6.8% | idle  0.2% | ent 0.405
  upd 2650 | return    6.400 | deliv   6.40 | blocked  4.1% | idle  0.3% | ent 0.406
  upd 2651 | return    5.900 | deliv   5.90 | blocked  6.3% | idle  0.1% | ent 0.344
  upd 2652 | return    5.900 | deliv   5.90 | blocked  5.3% | idle  0.1% | ent 0.383
  upd 2653 | return    5.900 | deliv   5.90 | blocked  4.0% | idle  0.1% | ent 0.382
  upd 2654 | return    4.700 | deliv   4.70 | blocked  8.4% | idle  0.2% | ent 0.323
  upd 2655 | return    6.000 | deliv   6.00 | blocked  6.0% | idle  0.2% | ent 0.368
  upd 2656 | return    5.900 | deliv   5.90 | blocked  4.4% | idle  0.1% | ent 0.352
  upd 2657 | return    5.500 | deliv   5.50 | blocked  7.3% | idle  0.2% | ent 0.335
  upd 2658 | return    5.100 | deliv   5.10 | blocked  8.6% | idle  0.1% | ent 0.325
  upd 2659 | return    5.100 | deliv   5.10 | blocked 10.9% | idle  0.2% | ent 0.314
  upd 2660 | return    5.900 | deliv   5.90 | blocked  6.8% | idle  0.2% | ent 0.379
  upd 2661 | return    6.200 | deliv   6.20 | blocked  5.2% | idle  0.2% | ent 0.372
  upd 2662 | return    6.000 | deliv   6.00 | blocked  8.3% | idle  0.2% | ent 0.374
  upd 2663 | return    5.700 | deliv   5.70 | blocked  6.2% | idle  0.2% | ent 0.323
  upd 2664 | return    5.100 | deliv   5.10 | blocked  4.5% | idle  0.1% | ent 0.370
  upd 2665 | return    5.500 | deliv   5.50 | blocked 10.2% | idle  0.1% | ent 0.319
  upd 2666 | return    5.000 | deliv   5.00 | blocked  7.6% | idle  0.2% | ent 0.334
  upd 2667 | return    4.600 | deliv   4.60 | blocked 18.4% | idle  0.1% | ent 0.283
  upd 2668 | return    6.000 | deliv   6.00 | blocked  9.3% | idle  0.1% | ent 0.340
  upd 2669 | return    6.600 | deliv   6.60 | blocked  6.0% | idle  0.1% | ent 0.328
  upd 2670 | return    6.200 | deliv   6.20 | blocked  6.0% | idle  0.1% | ent 0.387
  upd 2671 | return    5.800 | deliv   5.80 | blocked  9.4% | idle  0.2% | ent 0.344
  upd 2672 | return    5.900 | deliv   5.90 | blocked  8.1% | idle  0.1% | ent 0.368
  upd 2673 | return    6.300 | deliv   6.30 | blocked  3.6% | idle  0.1% | ent 0.380
  upd 2674 | return    6.400 | deliv   6.40 | blocked  6.1% | idle  0.1% | ent 0.375
  upd 2675 | return    5.700 | deliv   5.70 | blocked 10.0% | idle  0.1% | ent 0.308
  upd 2676 | return    5.200 | deliv   5.20 | blocked  7.3% | idle  0.1% | ent 0.359
  upd 2677 | return    6.000 | deliv   6.00 | blocked  8.8% | idle  0.1% | ent 0.350
  upd 2678 | return    5.600 | deliv   5.60 | blocked 11.7% | idle  0.1% | ent 0.319
  upd 2679 | return    6.400 | deliv   6.40 | blocked  4.3% | idle  0.1% | ent 0.373
  upd 2680 | return    4.900 | deliv   4.90 | blocked 11.8% | idle  0.1% | ent 0.339
  upd 2681 | return    5.200 | deliv   5.20 | blocked  6.6% | idle  0.1% | ent 0.361
  upd 2682 | return    5.400 | deliv   5.40 | blocked 15.3% | idle  0.1% | ent 0.359
  upd 2683 | return    4.900 | deliv   4.90 | blocked  5.2% | idle  0.1% | ent 0.394
  upd 2684 | return    6.200 | deliv   6.20 | blocked  4.8% | idle  0.1% | ent 0.419
  upd 2685 | return    4.900 | deliv   4.90 | blocked  4.8% | idle  0.2% | ent 0.418
  upd 2686 | return    6.000 | deliv   6.00 | blocked  2.6% | idle  0.1% | ent 0.454
  upd 2687 | return    6.100 | deliv   6.10 | blocked  7.4% | idle  0.2% | ent 0.417
  upd 2688 | return    5.900 | deliv   5.90 | blocked  4.9% | idle  0.2% | ent 0.418
  upd 2689 | return    5.700 | deliv   5.70 | blocked  8.3% | idle  0.2% | ent 0.440
  upd 2690 | return    6.400 | deliv   6.40 | blocked  4.3% | idle  0.1% | ent 0.420
  upd 2691 | return    5.700 | deliv   5.70 | blocked  5.2% | idle  0.1% | ent 0.376
  upd 2692 | return    6.100 | deliv   6.10 | blocked  2.6% | idle  0.1% | ent 0.451
  upd 2693 | return    5.100 | deliv   5.10 | blocked  5.0% | idle  0.1% | ent 0.416
  upd 2694 | return    5.900 | deliv   5.90 | blocked  4.4% | idle  0.1% | ent 0.390
  upd 2695 | return    4.900 | deliv   4.90 | blocked 12.7% | idle  0.1% | ent 0.372
  upd 2696 | return    5.400 | deliv   5.40 | blocked  2.1% | idle  0.1% | ent 0.493
  upd 2697 | return    6.200 | deliv   6.20 | blocked  1.9% | idle  0.2% | ent 0.440
  upd 2698 | return    5.200 | deliv   5.20 | blocked  4.8% | idle  0.2% | ent 0.423
  upd 2699 | return    5.400 | deliv   5.40 | blocked  2.8% | idle  0.2% | ent 0.458
  [replay @ update 2700] return 7.00  deliveries 7  -> runs/mappo_evo_tiny-4ag_seed2/replays/replay_upd002700_s0.npz
  upd 2700 | return    4.800 | deliv   4.80 | blocked  6.8% | idle  0.1% | ent 0.407
  upd 2701 | return    5.000 | deliv   5.00 | blocked  6.6% | idle  0.2% | ent 0.379
  upd 2702 | return    5.400 | deliv   5.40 | blocked  3.2% | idle  0.2% | ent 0.459
  upd 2703 | return    5.900 | deliv   5.90 | blocked  2.7% | idle  0.1% | ent 0.482
  upd 2704 | return    4.800 | deliv   4.80 | blocked 11.6% | idle  0.1% | ent 0.358
  upd 2705 | return    5.100 | deliv   5.10 | blocked  2.5% | idle  0.2% | ent 0.457
  upd 2706 | return    5.300 | deliv   5.30 | blocked  3.1% | idle  0.1% | ent 0.476
  upd 2707 | return    6.000 | deliv   6.00 | blocked  5.1% | idle  0.2% | ent 0.461
  upd 2708 | return    5.700 | deliv   5.70 | blocked  4.9% | idle  0.1% | ent 0.451
  upd 2709 | return    4.700 | deliv   4.70 | blocked  6.4% | idle  0.2% | ent 0.448
  upd 2710 | return    5.300 | deliv   5.30 | blocked  3.4% | idle  0.2% | ent 0.453
  upd 2711 | return    4.800 | deliv   4.80 | blocked  8.9% | idle  0.2% | ent 0.383
  upd 2712 | return    4.800 | deliv   4.80 | blocked 11.8% | idle  0.1% | ent 0.384
  upd 2713 | return    5.100 | deliv   5.10 | blocked  8.0% | idle  0.1% | ent 0.393
  upd 2714 | return    5.400 | deliv   5.40 | blocked  5.2% | idle  0.1% | ent 0.391
  upd 2715 | return    5.000 | deliv   5.00 | blocked 11.8% | idle  0.1% | ent 0.325
  upd 2716 | return    5.300 | deliv   5.30 | blocked  6.5% | idle  0.1% | ent 0.378
  upd 2717 | return    5.400 | deliv   5.40 | blocked 11.4% | idle  0.1% | ent 0.342
  upd 2718 | return    5.200 | deliv   5.20 | blocked  6.6% | idle  0.2% | ent 0.383
  upd 2719 | return    5.300 | deliv   5.30 | blocked  5.3% | idle  0.1% | ent 0.419
  upd 2720 | return    4.900 | deliv   4.90 | blocked  9.4% | idle  0.1% | ent 0.417
  upd 2721 | return    5.700 | deliv   5.70 | blocked  3.3% | idle  0.1% | ent 0.459
  upd 2722 | return    6.400 | deliv   6.40 | blocked  5.3% | idle  0.2% | ent 0.424
  upd 2723 | return    5.600 | deliv   5.60 | blocked  3.9% | idle  0.2% | ent 0.460
  upd 2724 | return    5.600 | deliv   5.60 | blocked 12.3% | idle  0.1% | ent 0.377
  upd 2725 | return    4.900 | deliv   4.90 | blocked  8.7% | idle  0.1% | ent 0.440
  upd 2726 | return    5.000 | deliv   5.00 | blocked  6.5% | idle  0.1% | ent 0.408
  upd 2727 | return    5.400 | deliv   5.40 | blocked  6.1% | idle  0.1% | ent 0.426
  upd 2728 | return    7.700 | deliv   7.70 | blocked  5.5% | idle  0.1% | ent 0.497
  upd 2729 | return    5.700 | deliv   5.70 | blocked  4.2% | idle  0.1% | ent 0.477
  upd 2730 | return    4.500 | deliv   4.50 | blocked  7.9% | idle  0.1% | ent 0.406
  upd 2731 | return    5.100 | deliv   5.10 | blocked 10.1% | idle  0.1% | ent 0.386
  upd 2732 | return    5.900 | deliv   5.90 | blocked 12.4% | idle  0.0% | ent 0.351
  upd 2733 | return    4.600 | deliv   4.60 | blocked  7.8% | idle  0.0% | ent 0.416
  upd 2734 | return    5.900 | deliv   5.90 | blocked  5.5% | idle  0.1% | ent 0.424
  upd 2735 | return    6.300 | deliv   6.30 | blocked  8.1% | idle  0.1% | ent 0.407
  upd 2736 | return    4.000 | deliv   4.00 | blocked 14.9% | idle  0.0% | ent 0.371
  upd 2737 | return    4.800 | deliv   4.80 | blocked  8.8% | idle  0.0% | ent 0.381
  upd 2738 | return    5.300 | deliv   5.30 | blocked  3.0% | idle  0.0% | ent 0.419
  upd 2739 | return    4.800 | deliv   4.80 | blocked  8.9% | idle  0.0% | ent 0.380
  upd 2740 | return    5.100 | deliv   5.10 | blocked  7.5% | idle  0.0% | ent 0.355
  upd 2741 | return    4.300 | deliv   4.30 | blocked  9.9% | idle  0.0% | ent 0.373
  upd 2742 | return    5.500 | deliv   5.50 | blocked  7.2% | idle  0.1% | ent 0.334
  upd 2743 | return    4.800 | deliv   4.80 | blocked  6.7% | idle  0.1% | ent 0.357
  upd 2744 | return    5.600 | deliv   5.60 | blocked  8.5% | idle  0.0% | ent 0.367
  upd 2745 | return    4.800 | deliv   4.80 | blocked 10.1% | idle  0.0% | ent 0.320
  upd 2746 | return    6.100 | deliv   6.10 | blocked  9.6% | idle  0.1% | ent 0.381
  upd 2747 | return    5.800 | deliv   5.80 | blocked  6.4% | idle  0.1% | ent 0.379
  upd 2748 | return    6.000 | deliv   6.00 | blocked 14.4% | idle  0.1% | ent 0.336
  upd 2749 | return    5.900 | deliv   5.90 | blocked  8.3% | idle  0.1% | ent 0.362
  upd 2750 | return    4.800 | deliv   4.80 | blocked 10.2% | idle  0.1% | ent 0.310
  upd 2751 | return    5.100 | deliv   5.10 | blocked  5.8% | idle  0.1% | ent 0.341
  upd 2752 | return    4.900 | deliv   4.90 | blocked  7.6% | idle  0.0% | ent 0.364
  upd 2753 | return    4.600 | deliv   4.60 | blocked  6.7% | idle  0.0% | ent 0.384
  upd 2754 | return    5.000 | deliv   5.00 | blocked 12.8% | idle  0.0% | ent 0.350
  upd 2755 | return    6.000 | deliv   6.00 | blocked  5.3% | idle  0.1% | ent 0.355
  upd 2756 | return    5.800 | deliv   5.80 | blocked  4.8% | idle  0.1% | ent 0.403
  upd 2757 | return    5.300 | deliv   5.30 | blocked 13.1% | idle  0.1% | ent 0.335
  upd 2758 | return    5.300 | deliv   5.30 | blocked  4.5% | idle  0.1% | ent 0.353
  upd 2759 | return    6.400 | deliv   6.40 | blocked  4.5% | idle  0.1% | ent 0.407
  upd 2760 | return    4.900 | deliv   4.90 | blocked  6.7% | idle  0.0% | ent 0.349
  upd 2761 | return    6.100 | deliv   6.10 | blocked  3.8% | idle  0.1% | ent 0.388
  upd 2762 | return    5.900 | deliv   5.90 | blocked  7.0% | idle  0.1% | ent 0.370
  upd 2763 | return    5.800 | deliv   5.80 | blocked  5.9% | idle  0.0% | ent 0.379
  upd 2764 | return    5.700 | deliv   5.70 | blocked  1.6% | idle  0.1% | ent 0.395
  upd 2765 | return    4.500 | deliv   4.50 | blocked 15.6% | idle  0.0% | ent 0.337
  upd 2766 | return    5.200 | deliv   5.20 | blocked  9.0% | idle  0.0% | ent 0.398
  upd 2767 | return    8.200 | deliv   8.20 | blocked  4.1% | idle  0.1% | ent 0.434
  upd 2768 | return    5.900 | deliv   5.90 | blocked  7.1% | idle  0.1% | ent 0.403
  upd 2769 | return    4.700 | deliv   4.70 | blocked 12.9% | idle  0.1% | ent 0.361
  upd 2770 | return    4.700 | deliv   4.70 | blocked  9.5% | idle  0.0% | ent 0.383
  upd 2771 | return    6.300 | deliv   6.30 | blocked  7.1% | idle  0.0% | ent 0.395
  upd 2772 | return    5.200 | deliv   5.20 | blocked  4.0% | idle  0.1% | ent 0.393
  upd 2773 | return    5.500 | deliv   5.50 | blocked  7.3% | idle  0.1% | ent 0.373
  upd 2774 | return    6.000 | deliv   6.00 | blocked 12.7% | idle  0.1% | ent 0.328
  upd 2775 | return    7.700 | deliv   7.70 | blocked  2.2% | idle  0.0% | ent 0.411
  upd 2776 | return    5.800 | deliv   5.80 | blocked 10.5% | idle  0.0% | ent 0.334
  upd 2777 | return    6.800 | deliv   6.80 | blocked  2.7% | idle  0.1% | ent 0.420
  upd 2778 | return    6.100 | deliv   6.10 | blocked  7.0% | idle  0.0% | ent 0.389
  upd 2779 | return    5.500 | deliv   5.50 | blocked  5.1% | idle  0.1% | ent 0.334
  upd 2780 | return    5.500 | deliv   5.50 | blocked  9.7% | idle  0.0% | ent 0.325
  upd 2781 | return    4.500 | deliv   4.50 | blocked  9.8% | idle  0.0% | ent 0.342
  upd 2782 | return    5.700 | deliv   5.70 | blocked  8.2% | idle  0.1% | ent 0.319
  upd 2783 | return    5.400 | deliv   5.40 | blocked  9.6% | idle  0.0% | ent 0.324
  upd 2784 | return    4.600 | deliv   4.60 | blocked 14.9% | idle  0.0% | ent 0.293
  upd 2785 | return    5.300 | deliv   5.30 | blocked  7.2% | idle  0.1% | ent 0.324
  upd 2786 | return    5.200 | deliv   5.20 | blocked  8.1% | idle  0.0% | ent 0.337
  upd 2787 | return    4.500 | deliv   4.50 | blocked 16.0% | idle  0.0% | ent 0.286
  upd 2788 | return    4.600 | deliv   4.60 | blocked  9.6% | idle  0.0% | ent 0.299
  upd 2789 | return    5.800 | deliv   5.80 | blocked  8.8% | idle  0.0% | ent 0.295
  upd 2790 | return    5.200 | deliv   5.20 | blocked  4.8% | idle  0.1% | ent 0.320
  upd 2791 | return    4.700 | deliv   4.70 | blocked 10.5% | idle  0.0% | ent 0.287
  upd 2792 | return    4.900 | deliv   4.90 | blocked 10.5% | idle  0.0% | ent 0.295
  upd 2793 | return    6.300 | deliv   6.30 | blocked 10.3% | idle  0.0% | ent 0.318
  upd 2794 | return    4.700 | deliv   4.70 | blocked  9.8% | idle  0.0% | ent 0.290
  upd 2795 | return    4.900 | deliv   4.90 | blocked  7.1% | idle  0.0% | ent 0.276
  upd 2796 | return    6.300 | deliv   6.30 | blocked  3.8% | idle  0.1% | ent 0.306
  upd 2797 | return    5.900 | deliv   5.90 | blocked  4.0% | idle  0.1% | ent 0.336
  upd 2798 | return    4.600 | deliv   4.60 | blocked  8.3% | idle  0.0% | ent 0.321
  upd 2799 | return    6.300 | deliv   6.30 | blocked  4.6% | idle  0.0% | ent 0.286
  [replay @ update 2800] return 4.00  deliveries 4  -> runs/mappo_evo_tiny-4ag_seed2/replays/replay_upd002800_s0.npz
  upd 2800 | return    5.600 | deliv   5.60 | blocked  7.2% | idle  0.0% | ent 0.275
  upd 2801 | return    6.200 | deliv   6.20 | blocked  5.0% | idle  0.1% | ent 0.324
  upd 2802 | return    6.600 | deliv   6.60 | blocked  7.3% | idle  0.1% | ent 0.294
  upd 2803 | return    4.900 | deliv   4.90 | blocked  7.2% | idle  0.1% | ent 0.285
  upd 2804 | return    5.600 | deliv   5.60 | blocked  7.1% | idle  0.0% | ent 0.302
  upd 2805 | return    6.300 | deliv   6.30 | blocked  2.8% | idle  0.0% | ent 0.358
  upd 2806 | return    5.800 | deliv   5.80 | blocked  3.1% | idle  0.0% | ent 0.371
  upd 2807 | return    4.500 | deliv   4.50 | blocked  7.4% | idle  0.0% | ent 0.346
  upd 2808 | return    5.200 | deliv   5.20 | blocked  6.1% | idle  0.0% | ent 0.350
  upd 2809 | return    5.600 | deliv   5.60 | blocked  8.7% | idle  0.0% | ent 0.354
  upd 2810 | return    5.700 | deliv   5.70 | blocked  6.9% | idle  0.0% | ent 0.362
  upd 2811 | return    6.300 | deliv   6.30 | blocked  8.7% | idle  0.0% | ent 0.331
  upd 2812 | return    5.400 | deliv   5.40 | blocked  4.7% | idle  0.0% | ent 0.376
  upd 2813 | return    5.800 | deliv   5.80 | blocked  7.7% | idle  0.0% | ent 0.355
  upd 2814 | return    6.500 | deliv   6.50 | blocked  7.8% | idle  0.0% | ent 0.341
  upd 2815 | return    7.000 | deliv   7.00 | blocked  8.6% | idle  0.0% | ent 0.371
  upd 2816 | return    6.200 | deliv   6.20 | blocked  8.5% | idle  0.0% | ent 0.324
  upd 2817 | return    5.900 | deliv   5.90 | blocked  6.2% | idle  0.0% | ent 0.380
  upd 2818 | return    5.900 | deliv   5.90 | blocked  5.0% | idle  0.0% | ent 0.343
  upd 2819 | return    6.900 | deliv   6.90 | blocked  3.0% | idle  0.0% | ent 0.364
  upd 2820 | return    7.000 | deliv   7.00 | blocked  3.4% | idle  0.0% | ent 0.361
  upd 2821 | return    7.000 | deliv   7.00 | blocked 10.8% | idle  0.0% | ent 0.302
  upd 2822 | return    6.300 | deliv   6.30 | blocked  6.0% | idle  0.0% | ent 0.310
  upd 2823 | return    8.700 | deliv   8.70 | blocked  8.3% | idle  0.0% | ent 0.335
  upd 2824 | return    7.000 | deliv   7.00 | blocked  3.1% | idle  0.0% | ent 0.341
  upd 2825 | return    6.700 | deliv   6.70 | blocked  6.7% | idle  0.0% | ent 0.345
  upd 2826 | return    6.500 | deliv   6.50 | blocked  6.4% | idle  0.0% | ent 0.343
  upd 2827 | return    6.400 | deliv   6.40 | blocked  6.6% | idle  0.0% | ent 0.323
  upd 2828 | return    7.000 | deliv   7.00 | blocked  5.7% | idle  0.0% | ent 0.344
  upd 2829 | return    7.600 | deliv   7.60 | blocked  5.6% | idle  0.0% | ent 0.318
  upd 2830 | return    5.800 | deliv   5.80 | blocked  6.4% | idle  0.0% | ent 0.326
  upd 2831 | return    6.800 | deliv   6.80 | blocked  6.8% | idle  0.0% | ent 0.319
  upd 2832 | return    6.300 | deliv   6.30 | blocked 11.1% | idle  0.0% | ent 0.276
  upd 2833 | return    5.200 | deliv   5.20 | blocked 11.1% | idle  0.0% | ent 0.285
  upd 2834 | return    5.400 | deliv   5.40 | blocked  7.8% | idle  0.0% | ent 0.314
  upd 2835 | return    5.800 | deliv   5.80 | blocked  7.3% | idle  0.0% | ent 0.329
  upd 2836 | return    6.700 | deliv   6.70 | blocked  3.8% | idle  0.0% | ent 0.333
  upd 2837 | return    4.600 | deliv   4.60 | blocked 11.7% | idle  0.0% | ent 0.287
  upd 2838 | return    4.600 | deliv   4.60 | blocked 14.0% | idle  0.0% | ent 0.265
  upd 2839 | return    7.700 | deliv   7.70 | blocked  4.4% | idle  0.1% | ent 0.355
  upd 2840 | return    7.300 | deliv   7.30 | blocked  4.0% | idle  0.0% | ent 0.362
  upd 2841 | return    6.300 | deliv   6.30 | blocked  5.2% | idle  0.0% | ent 0.347
  upd 2842 | return    7.000 | deliv   7.00 | blocked  5.3% | idle  0.1% | ent 0.337
  upd 2843 | return    5.900 | deliv   5.90 | blocked  8.2% | idle  0.0% | ent 0.320
  upd 2844 | return    6.000 | deliv   6.00 | blocked 10.4% | idle  0.0% | ent 0.325
  upd 2845 | return    5.200 | deliv   5.20 | blocked  8.4% | idle  0.0% | ent 0.329
  upd 2846 | return    7.100 | deliv   7.10 | blocked  4.0% | idle  0.0% | ent 0.367
  upd 2847 | return    6.700 | deliv   6.70 | blocked  6.9% | idle  0.1% | ent 0.364
  upd 2848 | return    7.900 | deliv   7.90 | blocked  6.1% | idle  0.1% | ent 0.361
  upd 2849 | return    8.300 | deliv   8.30 | blocked  4.4% | idle  0.0% | ent 0.393
  upd 2850 | return    6.400 | deliv   6.40 | blocked  8.4% | idle  0.0% | ent 0.344
  upd 2851 | return    6.800 | deliv   6.80 | blocked 10.7% | idle  0.0% | ent 0.326
  upd 2852 | return    6.700 | deliv   6.70 | blocked 10.5% | idle  0.0% | ent 0.364
  upd 2853 | return    8.000 | deliv   8.00 | blocked  3.6% | idle  0.0% | ent 0.401
  upd 2854 | return    7.100 | deliv   7.10 | blocked  3.2% | idle  0.0% | ent 0.392
  upd 2855 | return    5.200 | deliv   5.20 | blocked  4.0% | idle  0.0% | ent 0.363
  upd 2856 | return    6.100 | deliv   6.10 | blocked  5.9% | idle  0.0% | ent 0.343
  upd 2857 | return    6.500 | deliv   6.50 | blocked  2.7% | idle  0.0% | ent 0.370
  upd 2858 | return    6.400 | deliv   6.40 | blocked  2.9% | idle  0.0% | ent 0.397
  upd 2859 | return    6.000 | deliv   6.00 | blocked  9.1% | idle  0.0% | ent 0.360
  upd 2860 | return    6.100 | deliv   6.10 | blocked  4.4% | idle  0.0% | ent 0.405
  upd 2861 | return    6.700 | deliv   6.70 | blocked  8.7% | idle  0.0% | ent 0.346
  upd 2862 | return    7.900 | deliv   7.90 | blocked  5.6% | idle  0.1% | ent 0.374
  upd 2863 | return    4.300 | deliv   4.30 | blocked  7.2% | idle  0.0% | ent 0.307
  upd 2864 | return    6.900 | deliv   6.90 | blocked 12.1% | idle  0.0% | ent 0.322
  upd 2865 | return    6.000 | deliv   6.00 | blocked  8.4% | idle  0.0% | ent 0.323
  upd 2866 | return    6.400 | deliv   6.40 | blocked  8.5% | idle  0.0% | ent 0.325
  upd 2867 | return    6.300 | deliv   6.30 | blocked  5.4% | idle  0.0% | ent 0.341
  upd 2868 | return    5.100 | deliv   5.10 | blocked  6.0% | idle  0.0% | ent 0.367
  upd 2869 | return    6.900 | deliv   6.90 | blocked  3.4% | idle  0.0% | ent 0.383
  upd 2870 | return    6.500 | deliv   6.50 | blocked  7.7% | idle  0.0% | ent 0.350
  upd 2871 | return    6.700 | deliv   6.70 | blocked 11.0% | idle  0.0% | ent 0.327
  upd 2872 | return    6.500 | deliv   6.50 | blocked  5.4% | idle  0.0% | ent 0.342
  upd 2873 | return    8.200 | deliv   8.20 | blocked  4.2% | idle  0.0% | ent 0.374
  upd 2874 | return    6.400 | deliv   6.40 | blocked 12.0% | idle  0.0% | ent 0.341
  upd 2875 | return    5.700 | deliv   5.70 | blocked 11.9% | idle  0.0% | ent 0.321
  upd 2876 | return    6.800 | deliv   6.80 | blocked  6.9% | idle  0.0% | ent 0.360
  upd 2877 | return    7.500 | deliv   7.50 | blocked  6.5% | idle  0.0% | ent 0.335
  upd 2878 | return    6.500 | deliv   6.50 | blocked  6.9% | idle  0.0% | ent 0.327
  upd 2879 | return    6.800 | deliv   6.80 | blocked  7.3% | idle  0.1% | ent 0.303
  upd 2880 | return    6.900 | deliv   6.90 | blocked  3.9% | idle  0.0% | ent 0.382
  upd 2881 | return    7.200 | deliv   7.20 | blocked  7.1% | idle  0.1% | ent 0.309
  upd 2882 | return    7.300 | deliv   7.30 | blocked  7.1% | idle  0.0% | ent 0.353
  upd 2883 | return    7.400 | deliv   7.40 | blocked  4.3% | idle  0.0% | ent 0.324
  upd 2884 | return    5.700 | deliv   5.70 | blocked  8.0% | idle  0.0% | ent 0.302
  upd 2885 | return    5.400 | deliv   5.40 | blocked  9.1% | idle  0.0% | ent 0.268
  upd 2886 | return    6.100 | deliv   6.10 | blocked  7.2% | idle  0.1% | ent 0.317
  upd 2887 | return    6.500 | deliv   6.50 | blocked  3.6% | idle  0.1% | ent 0.333
  upd 2888 | return    6.700 | deliv   6.70 | blocked  3.4% | idle  0.0% | ent 0.344
  upd 2889 | return    7.100 | deliv   7.10 | blocked  8.3% | idle  0.0% | ent 0.303
  upd 2890 | return    6.300 | deliv   6.30 | blocked  4.7% | idle  0.0% | ent 0.330
  upd 2891 | return    6.900 | deliv   6.90 | blocked  6.2% | idle  0.0% | ent 0.314
  upd 2892 | return    7.300 | deliv   7.30 | blocked  5.4% | idle  0.1% | ent 0.316
  upd 2893 | return    6.800 | deliv   6.80 | blocked  4.1% | idle  0.1% | ent 0.305
  upd 2894 | return    8.600 | deliv   8.60 | blocked  3.7% | idle  0.1% | ent 0.325
  upd 2895 | return    5.900 | deliv   5.90 | blocked  8.3% | idle  0.0% | ent 0.312
  upd 2896 | return    6.600 | deliv   6.60 | blocked  2.4% | idle  0.1% | ent 0.307
  upd 2897 | return    6.500 | deliv   6.50 | blocked  4.3% | idle  0.0% | ent 0.297
  upd 2898 | return    6.800 | deliv   6.80 | blocked  4.2% | idle  0.1% | ent 0.323
  upd 2899 | return    7.800 | deliv   7.80 | blocked  7.2% | idle  0.0% | ent 0.296
  [replay @ update 2900] return 8.00  deliveries 8  -> runs/mappo_evo_tiny-4ag_seed2/replays/replay_upd002900_s0.npz
  upd 2900 | return    6.000 | deliv   6.00 | blocked  9.1% | idle  0.0% | ent 0.318
  upd 2901 | return    7.200 | deliv   7.20 | blocked  7.0% | idle  0.0% | ent 0.284
  upd 2902 | return    6.400 | deliv   6.40 | blocked  5.9% | idle  0.0% | ent 0.281
  upd 2903 | return    5.800 | deliv   5.80 | blocked  4.2% | idle  0.1% | ent 0.326
  upd 2904 | return    7.900 | deliv   7.90 | blocked  3.3% | idle  0.1% | ent 0.329
  upd 2905 | return    6.500 | deliv   6.50 | blocked  7.6% | idle  0.0% | ent 0.292
  upd 2906 | return    6.000 | deliv   6.00 | blocked  5.3% | idle  0.0% | ent 0.301
  upd 2907 | return    5.500 | deliv   5.50 | blocked  3.9% | idle  0.1% | ent 0.290
  upd 2908 | return    8.200 | deliv   8.20 | blocked  3.8% | idle  0.1% | ent 0.327
  upd 2909 | return    6.700 | deliv   6.70 | blocked  4.5% | idle  0.0% | ent 0.325
  upd 2910 | return    7.800 | deliv   7.80 | blocked  5.1% | idle  0.1% | ent 0.345
  upd 2911 | return    7.700 | deliv   7.70 | blocked  5.9% | idle  0.1% | ent 0.337
  upd 2912 | return    7.400 | deliv   7.40 | blocked  2.7% | idle  0.1% | ent 0.356
  upd 2913 | return    7.800 | deliv   7.80 | blocked  8.8% | idle  0.1% | ent 0.363
  upd 2914 | return    6.900 | deliv   6.90 | blocked  4.3% | idle  0.1% | ent 0.372
  upd 2915 | return    8.700 | deliv   8.70 | blocked  4.4% | idle  0.1% | ent 0.362
  upd 2916 | return    6.600 | deliv   6.60 | blocked  9.2% | idle  0.2% | ent 0.320
  upd 2917 | return    9.400 | deliv   9.40 | blocked  4.5% | idle  0.1% | ent 0.385
  upd 2918 | return    9.100 | deliv   9.10 | blocked  7.2% | idle  0.1% | ent 0.341
  upd 2919 | return    6.900 | deliv   6.90 | blocked  3.1% | idle  0.1% | ent 0.401
  upd 2920 | return    7.900 | deliv   7.90 | blocked  3.5% | idle  0.1% | ent 0.353
  upd 2921 | return    6.100 | deliv   6.10 | blocked  3.7% | idle  0.1% | ent 0.403
  upd 2922 | return    8.100 | deliv   8.10 | blocked  3.0% | idle  0.1% | ent 0.354
  upd 2923 | return    7.700 | deliv   7.70 | blocked  2.7% | idle  0.1% | ent 0.405
  upd 2924 | return    9.000 | deliv   9.00 | blocked  3.6% | idle  0.1% | ent 0.390
  upd 2925 | return    7.300 | deliv   7.30 | blocked  3.6% | idle  0.1% | ent 0.372
  upd 2926 | return    8.700 | deliv   8.70 | blocked  4.7% | idle  0.1% | ent 0.383
  upd 2927 | return    8.500 | deliv   8.50 | blocked  3.5% | idle  0.0% | ent 0.375
  upd 2928 | return    6.700 | deliv   6.70 | blocked  4.3% | idle  0.1% | ent 0.352
  upd 2929 | return    8.500 | deliv   8.50 | blocked  4.6% | idle  0.0% | ent 0.375
  upd 2930 | return    8.100 | deliv   8.10 | blocked  2.8% | idle  0.1% | ent 0.352
  upd 2931 | return    7.300 | deliv   7.30 | blocked  5.2% | idle  0.0% | ent 0.365
  upd 2932 | return    8.500 | deliv   8.50 | blocked  5.4% | idle  0.1% | ent 0.375
  upd 2933 | return    7.800 | deliv   7.80 | blocked  5.5% | idle  0.0% | ent 0.393
  upd 2934 | return    7.800 | deliv   7.80 | blocked  5.1% | idle  0.1% | ent 0.353
  upd 2935 | return    6.300 | deliv   6.30 | blocked  5.8% | idle  0.1% | ent 0.387
  upd 2936 | return    7.400 | deliv   7.40 | blocked  4.9% | idle  0.1% | ent 0.394
  upd 2937 | return    7.600 | deliv   7.60 | blocked  3.8% | idle  0.1% | ent 0.367
  upd 2938 | return    7.300 | deliv   7.30 | blocked  3.2% | idle  0.1% | ent 0.391
  upd 2939 | return    8.200 | deliv   8.20 | blocked  3.7% | idle  0.1% | ent 0.340
  upd 2940 | return    7.200 | deliv   7.20 | blocked  4.0% | idle  0.1% | ent 0.398
  upd 2941 | return    9.700 | deliv   9.70 | blocked  3.8% | idle  0.1% | ent 0.387
  upd 2942 | return    6.300 | deliv   6.30 | blocked  3.9% | idle  0.1% | ent 0.352
  upd 2943 | return    7.700 | deliv   7.70 | blocked  4.8% | idle  0.1% | ent 0.388
  upd 2944 | return    7.900 | deliv   7.90 | blocked  4.4% | idle  0.1% | ent 0.386
  upd 2945 | return    7.400 | deliv   7.40 | blocked  3.3% | idle  0.1% | ent 0.367
  upd 2946 | return    6.400 | deliv   6.40 | blocked  3.6% | idle  0.1% | ent 0.359
  upd 2947 | return    7.500 | deliv   7.50 | blocked  4.7% | idle  0.1% | ent 0.362
  upd 2948 | return    7.100 | deliv   7.10 | blocked  4.8% | idle  0.1% | ent 0.401
  upd 2949 | return    7.900 | deliv   7.90 | blocked  3.7% | idle  0.1% | ent 0.366
  upd 2950 | return    8.200 | deliv   8.20 | blocked  3.8% | idle  0.1% | ent 0.371
  upd 2951 | return    9.300 | deliv   9.30 | blocked  3.3% | idle  0.1% | ent 0.357
  upd 2952 | return    8.400 | deliv   8.40 | blocked  3.8% | idle  0.1% | ent 0.390
  upd 2953 | return    6.700 | deliv   6.70 | blocked  4.0% | idle  0.0% | ent 0.393
  upd 2954 | return    9.000 | deliv   9.00 | blocked  4.8% | idle  0.1% | ent 0.428
  upd 2955 | return    6.300 | deliv   6.30 | blocked  5.2% | idle  0.1% | ent 0.388
  upd 2956 | return    8.500 | deliv   8.50 | blocked  5.6% | idle  0.1% | ent 0.397
  upd 2957 | return    6.700 | deliv   6.70 | blocked  5.8% | idle  0.1% | ent 0.368
  upd 2958 | return    8.000 | deliv   8.00 | blocked  7.1% | idle  0.0% | ent 0.381
  upd 2959 | return    5.800 | deliv   5.80 | blocked  7.1% | idle  0.0% | ent 0.382
  upd 2960 | return    7.400 | deliv   7.40 | blocked  7.5% | idle  0.0% | ent 0.374
  upd 2961 | return    6.800 | deliv   6.80 | blocked  4.5% | idle  0.1% | ent 0.407
  upd 2962 | return    7.900 | deliv   7.90 | blocked  4.6% | idle  0.1% | ent 0.391
  upd 2963 | return    6.500 | deliv   6.50 | blocked  5.9% | idle  0.0% | ent 0.421
  upd 2964 | return    5.800 | deliv   5.80 | blocked  5.6% | idle  0.1% | ent 0.381
  upd 2965 | return    7.100 | deliv   7.10 | blocked  4.8% | idle  0.1% | ent 0.395
  upd 2966 | return    7.300 | deliv   7.30 | blocked  7.1% | idle  0.0% | ent 0.356
  upd 2967 | return    6.400 | deliv   6.40 | blocked  5.1% | idle  0.0% | ent 0.359
  upd 2968 | return    7.000 | deliv   7.00 | blocked  5.0% | idle  0.0% | ent 0.393
  upd 2969 | return    6.900 | deliv   6.90 | blocked  6.3% | idle  0.0% | ent 0.367
  upd 2970 | return    7.100 | deliv   7.10 | blocked  5.0% | idle  0.0% | ent 0.367
  upd 2971 | return    7.800 | deliv   7.80 | blocked  4.9% | idle  0.0% | ent 0.372
  upd 2972 | return    7.400 | deliv   7.40 | blocked  6.8% | idle  0.1% | ent 0.420
  upd 2973 | return    6.600 | deliv   6.60 | blocked  3.4% | idle  0.0% | ent 0.412
  upd 2974 | return    7.200 | deliv   7.20 | blocked  4.7% | idle  0.0% | ent 0.399
  upd 2975 | return    7.500 | deliv   7.50 | blocked  3.7% | idle  0.0% | ent 0.387
  upd 2976 | return    7.200 | deliv   7.20 | blocked  4.3% | idle  0.0% | ent 0.388
  upd 2977 | return    7.200 | deliv   7.20 | blocked  4.6% | idle  0.1% | ent 0.381
  upd 2978 | return    8.600 | deliv   8.60 | blocked  4.8% | idle  0.1% | ent 0.392
  upd 2979 | return    7.300 | deliv   7.30 | blocked  3.7% | idle  0.0% | ent 0.341
  upd 2980 | return    8.300 | deliv   8.30 | blocked  6.5% | idle  0.0% | ent 0.365
  upd 2981 | return    7.100 | deliv   7.10 | blocked  6.1% | idle  0.0% | ent 0.360
  upd 2982 | return    6.900 | deliv   6.90 | blocked  4.6% | idle  0.0% | ent 0.391
  upd 2983 | return    6.700 | deliv   6.70 | blocked  3.3% | idle  0.0% | ent 0.379
  upd 2984 | return    6.400 | deliv   6.40 | blocked  3.6% | idle  0.0% | ent 0.359
  upd 2985 | return    7.400 | deliv   7.40 | blocked  4.1% | idle  0.0% | ent 0.421
  upd 2986 | return    8.900 | deliv   8.90 | blocked  3.0% | idle  0.1% | ent 0.426
  upd 2987 | return    7.000 | deliv   7.00 | blocked  3.0% | idle  0.0% | ent 0.375
  upd 2988 | return    8.400 | deliv   8.40 | blocked  2.7% | idle  0.0% | ent 0.380
  upd 2989 | return    7.500 | deliv   7.50 | blocked  3.9% | idle  0.0% | ent 0.412
  upd 2990 | return    8.900 | deliv   8.90 | blocked  3.6% | idle  0.1% | ent 0.410
  upd 2991 | return    7.600 | deliv   7.60 | blocked  2.7% | idle  0.1% | ent 0.408
  upd 2992 | return    8.300 | deliv   8.30 | blocked  4.1% | idle  0.1% | ent 0.428
  upd 2993 | return    6.800 | deliv   6.80 | blocked  3.2% | idle  0.0% | ent 0.370
  upd 2994 | return    8.100 | deliv   8.10 | blocked  3.2% | idle  0.0% | ent 0.379
  upd 2995 | return    8.200 | deliv   8.20 | blocked  2.6% | idle  0.0% | ent 0.381
  upd 2996 | return    9.500 | deliv   9.50 | blocked  2.5% | idle  0.0% | ent 0.390
  upd 2997 | return    7.500 | deliv   7.50 | blocked  2.5% | idle  0.0% | ent 0.388
  upd 2998 | return    8.500 | deliv   8.50 | blocked  3.6% | idle  0.1% | ent 0.379
  upd 2999 | return   10.800 | deliv  10.80 | blocked  2.8% | idle  0.1% | ent 0.387
  [replay @ update 3000] return 12.00  deliveries 12  -> runs/mappo_evo_tiny-4ag_seed2/replays/replay_upd003000_s0.npz
  upd 3000 | return    6.300 | deliv   6.30 | blocked  3.6% | idle  0.1% | ent 0.406
  upd 3001 | return    8.200 | deliv   8.20 | blocked  4.4% | idle  0.1% | ent 0.376
  upd 3002 | return    8.200 | deliv   8.20 | blocked  5.9% | idle  0.0% | ent 0.370
  upd 3003 | return    8.300 | deliv   8.30 | blocked  8.0% | idle  0.0% | ent 0.363
  upd 3004 | return    8.800 | deliv   8.80 | blocked  3.8% | idle  0.0% | ent 0.335
  upd 3005 | return    9.600 | deliv   9.60 | blocked  4.0% | idle  0.0% | ent 0.353
  upd 3006 | return    6.200 | deliv   6.20 | blocked  8.2% | idle  0.0% | ent 0.337
  upd 3007 | return    7.900 | deliv   7.90 | blocked  4.4% | idle  0.1% | ent 0.315
  upd 3008 | return    9.000 | deliv   9.00 | blocked  4.9% | idle  0.1% | ent 0.356
  upd 3009 | return    8.200 | deliv   8.20 | blocked  5.0% | idle  0.0% | ent 0.349
  upd 3010 | return    7.900 | deliv   7.90 | blocked  3.9% | idle  0.0% | ent 0.310
  upd 3011 | return    8.200 | deliv   8.20 | blocked  4.5% | idle  0.0% | ent 0.329
  upd 3012 | return    7.600 | deliv   7.60 | blocked  5.2% | idle  0.0% | ent 0.301
  upd 3013 | return    6.900 | deliv   6.90 | blocked  6.7% | idle  0.0% | ent 0.304
  upd 3014 | return    6.200 | deliv   6.20 | blocked  4.8% | idle  0.0% | ent 0.317
  upd 3015 | return    8.900 | deliv   8.90 | blocked  4.4% | idle  0.0% | ent 0.299
  upd 3016 | return    7.000 | deliv   7.00 | blocked  3.6% | idle  0.0% | ent 0.345
  upd 3017 | return    8.100 | deliv   8.10 | blocked  4.9% | idle  0.0% | ent 0.339
  upd 3018 | return    6.700 | deliv   6.70 | blocked  2.8% | idle  0.0% | ent 0.346
  upd 3019 | return    7.300 | deliv   7.30 | blocked  5.7% | idle  0.0% | ent 0.344
  upd 3020 | return    7.900 | deliv   7.90 | blocked  9.4% | idle  0.1% | ent 0.369
  upd 3021 | return    7.900 | deliv   7.90 | blocked  9.4% | idle  0.0% | ent 0.345
  upd 3022 | return    7.400 | deliv   7.40 | blocked  4.9% | idle  0.0% | ent 0.378
  upd 3023 | return    8.700 | deliv   8.70 | blocked  4.0% | idle  0.1% | ent 0.352
  upd 3024 | return    7.300 | deliv   7.30 | blocked  4.5% | idle  0.1% | ent 0.385
  upd 3025 | return    6.500 | deliv   6.50 | blocked  5.3% | idle  0.0% | ent 0.364
  upd 3026 | return    8.300 | deliv   8.30 | blocked  3.4% | idle  0.1% | ent 0.366
  upd 3027 | return    7.100 | deliv   7.10 | blocked  3.4% | idle  0.1% | ent 0.412
  upd 3028 | return    8.000 | deliv   8.00 | blocked  3.6% | idle  0.1% | ent 0.381
  upd 3029 | return    7.500 | deliv   7.50 | blocked  4.4% | idle  0.0% | ent 0.376
  upd 3030 | return    8.400 | deliv   8.40 | blocked  4.3% | idle  0.0% | ent 0.388
  upd 3031 | return    5.800 | deliv   5.80 | blocked  4.9% | idle  0.0% | ent 0.370
  upd 3032 | return    6.700 | deliv   6.70 | blocked  5.1% | idle  0.1% | ent 0.364
  upd 3033 | return    6.500 | deliv   6.50 | blocked  4.0% | idle  0.0% | ent 0.396
  upd 3034 | return    8.200 | deliv   8.20 | blocked  5.7% | idle  0.0% | ent 0.373
  upd 3035 | return    7.000 | deliv   7.00 | blocked  7.3% | idle  0.1% | ent 0.383
  upd 3036 | return    8.100 | deliv   8.10 | blocked  4.5% | idle  0.1% | ent 0.369
  upd 3037 | return    7.000 | deliv   7.00 | blocked  6.9% | idle  0.1% | ent 0.371
  upd 3038 | return    6.400 | deliv   6.40 | blocked  6.0% | idle  0.1% | ent 0.328
  upd 3039 | return    6.400 | deliv   6.40 | blocked  6.2% | idle  0.0% | ent 0.372
  upd 3040 | return    6.800 | deliv   6.80 | blocked  4.9% | idle  0.1% | ent 0.382
  upd 3041 | return    6.400 | deliv   6.40 | blocked  5.0% | idle  0.1% | ent 0.385
  upd 3042 | return    8.000 | deliv   8.00 | blocked  4.6% | idle  0.1% | ent 0.370
  upd 3043 | return    7.200 | deliv   7.20 | blocked  4.4% | idle  0.1% | ent 0.398
  upd 3044 | return    6.900 | deliv   6.90 | blocked  5.9% | idle  0.1% | ent 0.358
  upd 3045 | return    7.000 | deliv   7.00 | blocked  4.6% | idle  0.0% | ent 0.325
  upd 3046 | return    7.900 | deliv   7.90 | blocked  4.8% | idle  0.1% | ent 0.364
  upd 3047 | return    7.600 | deliv   7.60 | blocked  4.8% | idle  0.1% | ent 0.340
  upd 3048 | return    6.900 | deliv   6.90 | blocked  7.8% | idle  0.1% | ent 0.370
  upd 3049 | return    8.600 | deliv   8.60 | blocked  5.6% | idle  0.1% | ent 0.411
  upd 3050 | return    8.300 | deliv   8.30 | blocked  5.7% | idle  0.1% | ent 0.397
  upd 3051 | return    6.500 | deliv   6.50 | blocked  5.7% | idle  0.2% | ent 0.484
  upd 3052 | return    6.600 | deliv   6.60 | blocked  5.2% | idle  0.1% | ent 0.430
  upd 3053 | return    7.800 | deliv   7.80 | blocked  5.5% | idle  0.2% | ent 0.440
  upd 3054 | return    6.900 | deliv   6.90 | blocked  5.2% | idle  0.2% | ent 0.420
  upd 3055 | return    7.300 | deliv   7.30 | blocked  6.5% | idle  0.1% | ent 0.451
  upd 3056 | return    6.900 | deliv   6.90 | blocked  3.9% | idle  0.1% | ent 0.469
  upd 3057 | return    7.500 | deliv   7.50 | blocked  5.0% | idle  0.1% | ent 0.426
  upd 3058 | return    6.800 | deliv   6.80 | blocked  9.4% | idle  0.1% | ent 0.410
  upd 3059 | return    7.300 | deliv   7.30 | blocked  3.7% | idle  0.1% | ent 0.441
  upd 3060 | return    5.900 | deliv   5.90 | blocked  6.8% | idle  0.1% | ent 0.423
  upd 3061 | return    6.100 | deliv   6.10 | blocked  8.1% | idle  0.1% | ent 0.367
  upd 3062 | return    7.500 | deliv   7.50 | blocked  5.3% | idle  0.1% | ent 0.386
  upd 3063 | return    6.100 | deliv   6.10 | blocked  4.2% | idle  0.1% | ent 0.397
  upd 3064 | return    4.700 | deliv   4.70 | blocked  7.6% | idle  0.1% | ent 0.410
  upd 3065 | return    5.200 | deliv   5.20 | blocked  5.3% | idle  0.1% | ent 0.405
  upd 3066 | return    6.700 | deliv   6.70 | blocked  4.9% | idle  0.1% | ent 0.386
  upd 3067 | return    7.200 | deliv   7.20 | blocked  5.1% | idle  0.1% | ent 0.370
  upd 3068 | return    5.800 | deliv   5.80 | blocked  5.8% | idle  0.1% | ent 0.371
  upd 3069 | return    6.300 | deliv   6.30 | blocked  6.4% | idle  0.1% | ent 0.369
  upd 3070 | return    7.200 | deliv   7.20 | blocked  5.6% | idle  0.0% | ent 0.358
  upd 3071 | return    7.200 | deliv   7.20 | blocked  5.3% | idle  0.0% | ent 0.355
  upd 3072 | return    5.800 | deliv   5.80 | blocked  5.8% | idle  0.0% | ent 0.389
  upd 3073 | return    7.600 | deliv   7.60 | blocked  6.6% | idle  0.0% | ent 0.353
  upd 3074 | return    6.500 | deliv   6.50 | blocked  5.6% | idle  0.1% | ent 0.376
  upd 3075 | return    5.900 | deliv   5.90 | blocked  5.6% | idle  0.0% | ent 0.375
  upd 3076 | return    7.600 | deliv   7.60 | blocked  7.2% | idle  0.0% | ent 0.365
  upd 3077 | return    5.000 | deliv   5.00 | blocked  5.3% | idle  0.0% | ent 0.343
  upd 3078 | return    6.500 | deliv   6.50 | blocked  8.7% | idle  0.0% | ent 0.362
  upd 3079 | return    6.500 | deliv   6.50 | blocked 11.9% | idle  0.1% | ent 0.351
  upd 3080 | return    6.800 | deliv   6.80 | blocked 11.1% | idle  0.0% | ent 0.368
  upd 3081 | return    7.200 | deliv   7.20 | blocked  3.6% | idle  0.0% | ent 0.383
  upd 3082 | return    5.600 | deliv   5.60 | blocked 11.3% | idle  0.1% | ent 0.350
  upd 3083 | return    6.500 | deliv   6.50 | blocked  7.9% | idle  0.1% | ent 0.357
  upd 3084 | return    7.000 | deliv   7.00 | blocked  9.6% | idle  0.1% | ent 0.362
  upd 3085 | return    7.200 | deliv   7.20 | blocked  8.0% | idle  0.1% | ent 0.398
  upd 3086 | return    6.600 | deliv   6.60 | blocked  6.4% | idle  0.1% | ent 0.378
  upd 3087 | return    5.700 | deliv   5.70 | blocked  5.2% | idle  0.2% | ent 0.376
  upd 3088 | return    6.300 | deliv   6.30 | blocked  3.3% | idle  0.1% | ent 0.331
  upd 3089 | return    6.300 | deliv   6.30 | blocked  8.2% | idle  0.1% | ent 0.321
  upd 3090 | return    6.300 | deliv   6.30 | blocked  7.2% | idle  0.2% | ent 0.345
  upd 3091 | return    6.600 | deliv   6.60 | blocked 11.6% | idle  0.1% | ent 0.363
  upd 3092 | return    4.900 | deliv   4.90 | blocked 13.3% | idle  0.1% | ent 0.319
  upd 3093 | return    5.800 | deliv   5.80 | blocked 13.0% | idle  0.1% | ent 0.341
  upd 3094 | return    7.000 | deliv   7.00 | blocked  6.6% | idle  0.1% | ent 0.327
  upd 3095 | return    6.400 | deliv   6.40 | blocked  4.9% | idle  0.1% | ent 0.342
  upd 3096 | return    6.900 | deliv   6.90 | blocked  4.6% | idle  0.1% | ent 0.355
  upd 3097 | return    5.900 | deliv   5.90 | blocked  7.7% | idle  0.1% | ent 0.352
  upd 3098 | return    6.400 | deliv   6.40 | blocked  5.3% | idle  0.1% | ent 0.327
  upd 3099 | return    6.600 | deliv   6.60 | blocked  5.1% | idle  0.1% | ent 0.340
  [replay @ update 3100] return 5.00  deliveries 5  -> runs/mappo_evo_tiny-4ag_seed2/replays/replay_upd003100_s0.npz
  upd 3100 | return    7.000 | deliv   7.00 | blocked  5.6% | idle  0.1% | ent 0.343
  upd 3101 | return    5.800 | deliv   5.80 | blocked  6.0% | idle  0.1% | ent 0.355
  upd 3102 | return    7.800 | deliv   7.80 | blocked  7.1% | idle  0.0% | ent 0.337
  upd 3103 | return    5.200 | deliv   5.20 | blocked  6.8% | idle  0.1% | ent 0.285
  upd 3104 | return    7.000 | deliv   7.00 | blocked  6.2% | idle  0.1% | ent 0.308
  upd 3105 | return    6.700 | deliv   6.70 | blocked  6.0% | idle  0.1% | ent 0.330
  upd 3106 | return    7.900 | deliv   7.90 | blocked  6.0% | idle  0.1% | ent 0.359
  upd 3107 | return    8.000 | deliv   8.00 | blocked  6.9% | idle  0.1% | ent 0.358
  upd 3108 | return    7.000 | deliv   7.00 | blocked  4.7% | idle  0.1% | ent 0.377
  upd 3109 | return    8.400 | deliv   8.40 | blocked  5.5% | idle  0.0% | ent 0.353
  upd 3110 | return    7.600 | deliv   7.60 | blocked  4.0% | idle  0.0% | ent 0.352
  upd 3111 | return    8.100 | deliv   8.10 | blocked  4.7% | idle  0.1% | ent 0.357
  upd 3112 | return    8.100 | deliv   8.10 | blocked  6.5% | idle  0.1% | ent 0.406
  upd 3113 | return    7.200 | deliv   7.20 | blocked 10.2% | idle  0.1% | ent 0.372
  upd 3114 | return    6.500 | deliv   6.50 | blocked 10.8% | idle  0.1% | ent 0.334
  upd 3115 | return    6.400 | deliv   6.40 | blocked  8.6% | idle  0.1% | ent 0.389
  upd 3116 | return    7.000 | deliv   7.00 | blocked  8.5% | idle  0.1% | ent 0.384
  upd 3117 | return    7.100 | deliv   7.10 | blocked 10.9% | idle  0.1% | ent 0.328
  upd 3118 | return    7.500 | deliv   7.50 | blocked 10.8% | idle  0.1% | ent 0.357
  upd 3119 | return    8.500 | deliv   8.50 | blocked  7.4% | idle  0.1% | ent 0.363
  upd 3120 | return    9.300 | deliv   9.30 | blocked  6.9% | idle  0.1% | ent 0.326
  upd 3121 | return    8.200 | deliv   8.20 | blocked  6.9% | idle  0.1% | ent 0.341
  upd 3122 | return    7.900 | deliv   7.90 | blocked  4.0% | idle  0.1% | ent 0.347
  upd 3123 | return    7.900 | deliv   7.90 | blocked  4.3% | idle  0.1% | ent 0.335
  upd 3124 | return    8.300 | deliv   8.30 | blocked  5.0% | idle  0.1% | ent 0.384
  upd 3125 | return    6.600 | deliv   6.60 | blocked  8.8% | idle  0.0% | ent 0.340
  upd 3126 | return    6.900 | deliv   6.90 | blocked  8.5% | idle  0.1% | ent 0.339
  upd 3127 | return    7.000 | deliv   7.00 | blocked  8.5% | idle  0.1% | ent 0.327
  upd 3128 | return    6.700 | deliv   6.70 | blocked 15.1% | idle  0.2% | ent 0.368
  upd 3129 | return    7.300 | deliv   7.30 | blocked  7.5% | idle  0.1% | ent 0.340
  upd 3130 | return    6.800 | deliv   6.80 | blocked  5.5% | idle  0.1% | ent 0.361
  upd 3131 | return    7.600 | deliv   7.60 | blocked  5.2% | idle  0.1% | ent 0.364
  upd 3132 | return    6.900 | deliv   6.90 | blocked  6.8% | idle  0.1% | ent 0.363
  upd 3133 | return    6.800 | deliv   6.80 | blocked  4.9% | idle  0.1% | ent 0.352
  upd 3134 | return    8.200 | deliv   8.20 | blocked  5.4% | idle  0.0% | ent 0.374
  upd 3135 | return    7.200 | deliv   7.20 | blocked  4.4% | idle  0.1% | ent 0.364
  upd 3136 | return    7.800 | deliv   7.80 | blocked  5.7% | idle  0.1% | ent 0.357
  upd 3137 | return    6.200 | deliv   6.20 | blocked  4.4% | idle  0.0% | ent 0.312
  upd 3138 | return    7.200 | deliv   7.20 | blocked  5.3% | idle  0.0% | ent 0.341
  upd 3139 | return    7.200 | deliv   7.20 | blocked  4.7% | idle  0.0% | ent 0.321
  upd 3140 | return    6.600 | deliv   6.60 | blocked  4.9% | idle  0.0% | ent 0.332
  upd 3141 | return    7.300 | deliv   7.30 | blocked  4.6% | idle  0.0% | ent 0.326
  upd 3142 | return    7.400 | deliv   7.40 | blocked  5.5% | idle  0.1% | ent 0.371
  upd 3143 | return    7.100 | deliv   7.10 | blocked  6.1% | idle  0.0% | ent 0.348
  upd 3144 | return    8.100 | deliv   8.10 | blocked  3.8% | idle  0.1% | ent 0.358
  upd 3145 | return    7.600 | deliv   7.60 | blocked  6.1% | idle  0.1% | ent 0.361
  upd 3146 | return    7.900 | deliv   7.90 | blocked  5.0% | idle  0.0% | ent 0.324
  upd 3147 | return    6.200 | deliv   6.20 | blocked  7.9% | idle  0.1% | ent 0.374
  upd 3148 | return    7.400 | deliv   7.40 | blocked  6.3% | idle  0.1% | ent 0.382
  upd 3149 | return    6.200 | deliv   6.20 | blocked  7.6% | idle  0.1% | ent 0.363
  upd 3150 | return    6.800 | deliv   6.80 | blocked  8.9% | idle  0.1% | ent 0.368
  upd 3151 | return    5.700 | deliv   5.70 | blocked  8.8% | idle  0.0% | ent 0.356
  upd 3152 | return    6.100 | deliv   6.10 | blocked  9.7% | idle  0.0% | ent 0.340
  upd 3153 | return    7.500 | deliv   7.50 | blocked  8.8% | idle  0.1% | ent 0.376
  upd 3154 | return    6.800 | deliv   6.80 | blocked  6.2% | idle  0.0% | ent 0.347
  upd 3155 | return    5.600 | deliv   5.60 | blocked 14.7% | idle  0.0% | ent 0.311
  upd 3156 | return    6.100 | deliv   6.10 | blocked  9.2% | idle  0.0% | ent 0.343
  upd 3157 | return    6.100 | deliv   6.10 | blocked  8.7% | idle  0.0% | ent 0.323
  upd 3158 | return    6.600 | deliv   6.60 | blocked  7.4% | idle  0.0% | ent 0.335
  upd 3159 | return    6.500 | deliv   6.50 | blocked  9.0% | idle  0.0% | ent 0.318
  upd 3160 | return    7.700 | deliv   7.70 | blocked  6.8% | idle  0.0% | ent 0.320
  upd 3161 | return    6.900 | deliv   6.90 | blocked  9.1% | idle  0.1% | ent 0.334
  upd 3162 | return    8.500 | deliv   8.50 | blocked 11.4% | idle  0.0% | ent 0.307
  upd 3163 | return    6.700 | deliv   6.70 | blocked  7.7% | idle  0.1% | ent 0.336
  upd 3164 | return    6.600 | deliv   6.60 | blocked  9.1% | idle  0.0% | ent 0.318
  upd 3165 | return    6.700 | deliv   6.70 | blocked  9.4% | idle  0.0% | ent 0.312
  upd 3166 | return    6.100 | deliv   6.10 | blocked 10.9% | idle  0.0% | ent 0.296
  upd 3167 | return    6.900 | deliv   6.90 | blocked 11.8% | idle  0.0% | ent 0.318
  upd 3168 | return    7.600 | deliv   7.60 | blocked 10.8% | idle  0.0% | ent 0.333
  upd 3169 | return    6.500 | deliv   6.50 | blocked 16.4% | idle  0.0% | ent 0.262
  upd 3170 | return    6.400 | deliv   6.40 | blocked 12.7% | idle  0.1% | ent 0.298
  upd 3171 | return    7.800 | deliv   7.80 | blocked 11.0% | idle  0.0% | ent 0.345
  upd 3172 | return    6.600 | deliv   6.60 | blocked  8.5% | idle  0.1% | ent 0.344
  upd 3173 | return    7.200 | deliv   7.20 | blocked  9.2% | idle  0.0% | ent 0.337
  upd 3174 | return    9.000 | deliv   9.00 | blocked  9.3% | idle  0.0% | ent 0.312
  upd 3175 | return    7.000 | deliv   7.00 | blocked  5.5% | idle  0.0% | ent 0.326
  upd 3176 | return    6.600 | deliv   6.60 | blocked  9.5% | idle  0.0% | ent 0.311
  upd 3177 | return    6.700 | deliv   6.70 | blocked  8.0% | idle  0.0% | ent 0.285
  upd 3178 | return    6.600 | deliv   6.60 | blocked  7.0% | idle  0.0% | ent 0.304
  upd 3179 | return    6.500 | deliv   6.50 | blocked  8.7% | idle  0.0% | ent 0.308
  upd 3180 | return    6.500 | deliv   6.50 | blocked  6.8% | idle  0.0% | ent 0.318
  upd 3181 | return    6.900 | deliv   6.90 | blocked  9.1% | idle  0.1% | ent 0.337
  upd 3182 | return    6.100 | deliv   6.10 | blocked 12.8% | idle  0.0% | ent 0.339
  upd 3183 | return    6.800 | deliv   6.80 | blocked 11.5% | idle  0.1% | ent 0.332
  upd 3184 | return    6.800 | deliv   6.80 | blocked 10.8% | idle  0.1% | ent 0.329
  upd 3185 | return    7.600 | deliv   7.60 | blocked  7.9% | idle  0.1% | ent 0.332
  upd 3186 | return    8.100 | deliv   8.10 | blocked  7.6% | idle  0.0% | ent 0.350
  upd 3187 | return    7.300 | deliv   7.30 | blocked  5.7% | idle  0.1% | ent 0.337
  upd 3188 | return    6.700 | deliv   6.70 | blocked  6.3% | idle  0.1% | ent 0.408
  upd 3189 | return    6.600 | deliv   6.60 | blocked 11.5% | idle  0.1% | ent 0.336
  upd 3190 | return    7.700 | deliv   7.70 | blocked  7.8% | idle  0.1% | ent 0.369
  upd 3191 | return    5.400 | deliv   5.40 | blocked  8.4% | idle  0.1% | ent 0.337
  upd 3192 | return    7.400 | deliv   7.40 | blocked  9.0% | idle  0.1% | ent 0.346
  upd 3193 | return    7.300 | deliv   7.30 | blocked 10.8% | idle  0.1% | ent 0.321
  upd 3194 | return    7.300 | deliv   7.30 | blocked  5.6% | idle  0.1% | ent 0.350
  upd 3195 | return    8.700 | deliv   8.70 | blocked  4.9% | idle  0.1% | ent 0.334
  upd 3196 | return    6.900 | deliv   6.90 | blocked  8.4% | idle  0.1% | ent 0.316
  upd 3197 | return    6.500 | deliv   6.50 | blocked  8.5% | idle  0.0% | ent 0.282
  upd 3198 | return    6.900 | deliv   6.90 | blocked  7.0% | idle  0.1% | ent 0.319
  upd 3199 | return    6.900 | deliv   6.90 | blocked  6.5% | idle  0.1% | ent 0.336
  [replay @ update 3200] return 7.00  deliveries 7  -> runs/mappo_evo_tiny-4ag_seed2/replays/replay_upd003200_s0.npz
  upd 3200 | return    6.800 | deliv   6.80 | blocked  8.1% | idle  0.1% | ent 0.320
  upd 3201 | return    6.500 | deliv   6.50 | blocked 12.2% | idle  0.0% | ent 0.264
  upd 3202 | return    6.300 | deliv   6.30 | blocked  7.5% | idle  0.1% | ent 0.288
  upd 3203 | return    7.500 | deliv   7.50 | blocked  6.1% | idle  0.1% | ent 0.323
  upd 3204 | return    6.600 | deliv   6.60 | blocked 10.3% | idle  0.1% | ent 0.286
  upd 3205 | return    6.600 | deliv   6.60 | blocked 10.4% | idle  0.1% | ent 0.265
  upd 3206 | return    8.100 | deliv   8.10 | blocked  4.9% | idle  0.1% | ent 0.275
  upd 3207 | return    7.200 | deliv   7.20 | blocked  5.5% | idle  0.0% | ent 0.285
  upd 3208 | return    7.600 | deliv   7.60 | blocked  7.4% | idle  0.1% | ent 0.283
  upd 3209 | return    8.200 | deliv   8.20 | blocked  3.5% | idle  0.1% | ent 0.324
  upd 3210 | return    7.900 | deliv   7.90 | blocked  7.5% | idle  0.1% | ent 0.277
  upd 3211 | return    8.800 | deliv   8.80 | blocked 10.1% | idle  0.1% | ent 0.298
  upd 3212 | return    7.400 | deliv   7.40 | blocked 11.1% | idle  0.0% | ent 0.288
  upd 3213 | return    6.600 | deliv   6.60 | blocked 12.5% | idle  0.0% | ent 0.261
  upd 3214 | return    7.200 | deliv   7.20 | blocked  6.2% | idle  0.0% | ent 0.311
  upd 3215 | return    6.700 | deliv   6.70 | blocked  4.0% | idle  0.1% | ent 0.306
  upd 3216 | return    8.000 | deliv   8.00 | blocked  6.3% | idle  0.0% | ent 0.311
  upd 3217 | return    7.400 | deliv   7.40 | blocked  6.1% | idle  0.0% | ent 0.326
  upd 3218 | return    8.200 | deliv   8.20 | blocked 10.2% | idle  0.0% | ent 0.254
  upd 3219 | return    7.400 | deliv   7.40 | blocked  7.8% | idle  0.1% | ent 0.315
  upd 3220 | return    7.200 | deliv   7.20 | blocked  7.9% | idle  0.0% | ent 0.292
  upd 3221 | return    6.100 | deliv   6.10 | blocked  7.7% | idle  0.0% | ent 0.349
  upd 3222 | return    7.900 | deliv   7.90 | blocked  4.8% | idle  0.1% | ent 0.344
  upd 3223 | return    7.400 | deliv   7.40 | blocked  8.3% | idle  0.0% | ent 0.352
  upd 3224 | return    5.600 | deliv   5.60 | blocked 12.6% | idle  0.0% | ent 0.322
  upd 3225 | return    6.500 | deliv   6.50 | blocked  9.1% | idle  0.0% | ent 0.329
  upd 3226 | return    6.600 | deliv   6.60 | blocked 15.4% | idle  0.0% | ent 0.262
  upd 3227 | return    6.700 | deliv   6.70 | blocked  9.4% | idle  0.1% | ent 0.305
  upd 3228 | return    6.300 | deliv   6.30 | blocked 10.7% | idle  0.0% | ent 0.331
  upd 3229 | return    8.400 | deliv   8.40 | blocked 11.5% | idle  0.1% | ent 0.305
  upd 3230 | return    6.200 | deliv   6.20 | blocked 11.7% | idle  0.1% | ent 0.325
  upd 3231 | return    8.100 | deliv   8.10 | blocked  9.7% | idle  0.0% | ent 0.316
  upd 3232 | return    7.300 | deliv   7.30 | blocked 10.2% | idle  0.1% | ent 0.303
  upd 3233 | return    6.900 | deliv   6.90 | blocked 13.1% | idle  0.0% | ent 0.273
  upd 3234 | return    5.600 | deliv   5.60 | blocked 14.7% | idle  0.0% | ent 0.236
  upd 3235 | return    6.300 | deliv   6.30 | blocked 10.3% | idle  0.1% | ent 0.268
  upd 3236 | return    7.000 | deliv   7.00 | blocked  6.2% | idle  0.1% | ent 0.267
  upd 3237 | return    5.200 | deliv   5.20 | blocked  5.2% | idle  0.0% | ent 0.272
  upd 3238 | return    7.100 | deliv   7.10 | blocked  8.2% | idle  0.0% | ent 0.258
  upd 3239 | return    6.400 | deliv   6.40 | blocked 16.3% | idle  0.1% | ent 0.259
  upd 3240 | return    7.000 | deliv   7.00 | blocked 11.0% | idle  0.0% | ent 0.294
  upd 3241 | return    7.100 | deliv   7.10 | blocked 10.6% | idle  0.0% | ent 0.319
  upd 3242 | return    6.800 | deliv   6.80 | blocked 10.4% | idle  0.0% | ent 0.280
  upd 3243 | return    7.600 | deliv   7.60 | blocked 14.6% | idle  0.0% | ent 0.282
  upd 3244 | return    6.000 | deliv   6.00 | blocked 15.0% | idle  0.0% | ent 0.276
  upd 3245 | return    6.100 | deliv   6.10 | blocked  9.7% | idle  0.0% | ent 0.280
  upd 3246 | return    8.100 | deliv   8.10 | blocked 10.2% | idle  0.0% | ent 0.303
  upd 3247 | return    9.600 | deliv   9.60 | blocked  7.5% | idle  0.1% | ent 0.345
  upd 3248 | return    8.900 | deliv   8.90 | blocked  5.8% | idle  0.0% | ent 0.365
  upd 3249 | return    8.100 | deliv   8.10 | blocked 10.3% | idle  0.0% | ent 0.292
  upd 3250 | return    9.100 | deliv   9.10 | blocked 11.7% | idle  0.0% | ent 0.324
  upd 3251 | return    7.200 | deliv   7.20 | blocked  9.8% | idle  0.0% | ent 0.317
  upd 3252 | return    6.700 | deliv   6.70 | blocked  7.3% | idle  0.0% | ent 0.298
  upd 3253 | return    7.100 | deliv   7.10 | blocked  8.3% | idle  0.0% | ent 0.308
  upd 3254 | return    7.700 | deliv   7.70 | blocked  8.9% | idle  0.0% | ent 0.305
  upd 3255 | return    7.000 | deliv   7.00 | blocked  7.3% | idle  0.0% | ent 0.312
  upd 3256 | return    9.000 | deliv   9.00 | blocked  5.7% | idle  0.0% | ent 0.337
  upd 3257 | return    7.700 | deliv   7.70 | blocked  8.1% | idle  0.0% | ent 0.323
  upd 3258 | return    9.600 | deliv   9.60 | blocked  3.4% | idle  0.0% | ent 0.358
  upd 3259 | return    8.400 | deliv   8.40 | blocked  8.7% | idle  0.0% | ent 0.338
  upd 3260 | return    9.300 | deliv   9.30 | blocked  5.9% | idle  0.0% | ent 0.316
  upd 3261 | return    9.000 | deliv   9.00 | blocked  8.8% | idle  0.0% | ent 0.323
  upd 3262 | return    7.400 | deliv   7.40 | blocked  9.4% | idle  0.0% | ent 0.293
  upd 3263 | return    9.000 | deliv   9.00 | blocked  9.4% | idle  0.0% | ent 0.319
  upd 3264 | return   10.100 | deliv  10.10 | blocked  9.2% | idle  0.0% | ent 0.303
  upd 3265 | return    8.800 | deliv   8.80 | blocked  8.6% | idle  0.0% | ent 0.319
  upd 3266 | return    9.600 | deliv   9.60 | blocked 10.8% | idle  0.0% | ent 0.270
  upd 3267 | return    8.200 | deliv   8.20 | blocked  8.9% | idle  0.0% | ent 0.282
  upd 3268 | return    8.400 | deliv   8.40 | blocked 10.9% | idle  0.0% | ent 0.309
  upd 3269 | return    8.900 | deliv   8.90 | blocked  6.8% | idle  0.0% | ent 0.320
  upd 3270 | return    6.900 | deliv   6.90 | blocked  7.9% | idle  0.0% | ent 0.305
  upd 3271 | return    6.500 | deliv   6.50 | blocked  7.9% | idle  0.0% | ent 0.297
  upd 3272 | return    8.600 | deliv   8.60 | blocked  3.2% | idle  0.0% | ent 0.318
  upd 3273 | return    7.600 | deliv   7.60 | blocked  8.3% | idle  0.1% | ent 0.323
  upd 3274 | return    7.400 | deliv   7.40 | blocked 17.0% | idle  0.0% | ent 0.266
  upd 3275 | return    5.800 | deliv   5.80 | blocked 11.9% | idle  0.0% | ent 0.277
  upd 3276 | return    8.600 | deliv   8.60 | blocked  5.5% | idle  0.0% | ent 0.313
  upd 3277 | return    7.100 | deliv   7.10 | blocked  9.8% | idle  0.1% | ent 0.319
  upd 3278 | return    9.600 | deliv   9.60 | blocked  7.6% | idle  0.0% | ent 0.315
  upd 3279 | return    7.200 | deliv   7.20 | blocked  5.8% | idle  0.0% | ent 0.296
  upd 3280 | return    8.700 | deliv   8.70 | blocked  7.5% | idle  0.0% | ent 0.323
  upd 3281 | return    7.900 | deliv   7.90 | blocked  7.8% | idle  0.0% | ent 0.296
  upd 3282 | return    9.100 | deliv   9.10 | blocked  3.0% | idle  0.0% | ent 0.312
  upd 3283 | return    8.100 | deliv   8.10 | blocked  9.1% | idle  0.0% | ent 0.299
  upd 3284 | return    6.500 | deliv   6.50 | blocked 11.4% | idle  0.0% | ent 0.274
  upd 3285 | return    8.800 | deliv   8.80 | blocked  8.7% | idle  0.0% | ent 0.291
  upd 3286 | return    6.700 | deliv   6.70 | blocked  9.1% | idle  0.0% | ent 0.305
  upd 3287 | return    6.900 | deliv   6.90 | blocked 10.4% | idle  0.0% | ent 0.305
  upd 3288 | return    7.200 | deliv   7.20 | blocked 12.3% | idle  0.0% | ent 0.274
  upd 3289 | return    8.100 | deliv   8.10 | blocked  2.0% | idle  0.0% | ent 0.314
  upd 3290 | return    6.800 | deliv   6.80 | blocked 10.5% | idle  0.0% | ent 0.321
  upd 3291 | return    7.400 | deliv   7.40 | blocked  7.1% | idle  0.0% | ent 0.310
  upd 3292 | return    9.900 | deliv   9.90 | blocked  4.4% | idle  0.0% | ent 0.336
  upd 3293 | return    7.800 | deliv   7.80 | blocked 11.9% | idle  0.0% | ent 0.279
  upd 3294 | return    8.100 | deliv   8.10 | blocked 10.6% | idle  0.0% | ent 0.296
  upd 3295 | return    8.200 | deliv   8.20 | blocked  9.1% | idle  0.0% | ent 0.311
  upd 3296 | return    7.100 | deliv   7.10 | blocked  7.9% | idle  0.0% | ent 0.291
  upd 3297 | return    7.300 | deliv   7.30 | blocked 11.8% | idle  0.0% | ent 0.259
  upd 3298 | return    7.500 | deliv   7.50 | blocked  4.5% | idle  0.0% | ent 0.305
  upd 3299 | return    9.300 | deliv   9.30 | blocked  6.1% | idle  0.0% | ent 0.292
  [replay @ update 3300] return 14.00  deliveries 14  -> runs/mappo_evo_tiny-4ag_seed2/replays/replay_upd003300_s0.npz
  upd 3300 | return    8.400 | deliv   8.40 | blocked  6.1% | idle  0.0% | ent 0.305
  upd 3301 | return    7.700 | deliv   7.70 | blocked  7.6% | idle  0.0% | ent 0.304
  upd 3302 | return    6.900 | deliv   6.90 | blocked  9.1% | idle  0.0% | ent 0.312
  upd 3303 | return    8.000 | deliv   8.00 | blocked  5.7% | idle  0.0% | ent 0.290
  upd 3304 | return    8.000 | deliv   8.00 | blocked  4.2% | idle  0.0% | ent 0.273
  upd 3305 | return    7.800 | deliv   7.80 | blocked  7.4% | idle  0.0% | ent 0.257
  upd 3306 | return    8.400 | deliv   8.40 | blocked  8.0% | idle  0.0% | ent 0.273
  upd 3307 | return    9.900 | deliv   9.90 | blocked  4.3% | idle  0.0% | ent 0.296
  upd 3308 | return    9.600 | deliv   9.60 | blocked  7.0% | idle  0.0% | ent 0.286
  upd 3309 | return    8.400 | deliv   8.40 | blocked  5.4% | idle  0.0% | ent 0.289
  upd 3310 | return    9.100 | deliv   9.10 | blocked  5.6% | idle  0.1% | ent 0.323
  upd 3311 | return    7.700 | deliv   7.70 | blocked  5.2% | idle  0.0% | ent 0.303
  upd 3312 | return    8.400 | deliv   8.40 | blocked  6.8% | idle  0.1% | ent 0.307
  upd 3313 | return    9.700 | deliv   9.70 | blocked  4.2% | idle  0.0% | ent 0.318
  upd 3314 | return    9.600 | deliv   9.60 | blocked  4.8% | idle  0.0% | ent 0.294
  upd 3315 | return    8.300 | deliv   8.30 | blocked  3.6% | idle  0.0% | ent 0.295
  upd 3316 | return    8.300 | deliv   8.30 | blocked  6.4% | idle  0.0% | ent 0.277
  upd 3317 | return   10.800 | deliv  10.80 | blocked  4.6% | idle  0.0% | ent 0.278
  upd 3318 | return    8.400 | deliv   8.40 | blocked  3.4% | idle  0.0% | ent 0.326
  upd 3319 | return    8.300 | deliv   8.30 | blocked  4.0% | idle  0.0% | ent 0.330
  upd 3320 | return   10.400 | deliv  10.40 | blocked  4.4% | idle  0.1% | ent 0.346
  upd 3321 | return    8.300 | deliv   8.30 | blocked  4.6% | idle  0.0% | ent 0.307
  upd 3322 | return   10.400 | deliv  10.40 | blocked  4.2% | idle  0.0% | ent 0.321
  upd 3323 | return    9.900 | deliv   9.90 | blocked  4.3% | idle  0.0% | ent 0.317
  upd 3324 | return    8.500 | deliv   8.50 | blocked  4.1% | idle  0.0% | ent 0.312
  upd 3325 | return    7.600 | deliv   7.60 | blocked  6.1% | idle  0.0% | ent 0.357
  upd 3326 | return    9.900 | deliv   9.90 | blocked  3.4% | idle  0.0% | ent 0.362
  upd 3327 | return    8.300 | deliv   8.30 | blocked  3.6% | idle  0.1% | ent 0.339
  upd 3328 | return    7.800 | deliv   7.80 | blocked  7.9% | idle  0.1% | ent 0.350
  upd 3329 | return    9.800 | deliv   9.80 | blocked  8.4% | idle  0.0% | ent 0.340
  upd 3330 | return   10.700 | deliv  10.70 | blocked  4.3% | idle  0.0% | ent 0.351
  upd 3331 | return    8.200 | deliv   8.20 | blocked  6.7% | idle  0.0% | ent 0.329
  upd 3332 | return    6.400 | deliv   6.40 | blocked  9.4% | idle  0.0% | ent 0.318
  upd 3333 | return   10.000 | deliv  10.00 | blocked  7.1% | idle  0.0% | ent 0.340
  upd 3334 | return    7.500 | deliv   7.50 | blocked  4.8% | idle  0.0% | ent 0.359
  upd 3335 | return    9.300 | deliv   9.30 | blocked  7.0% | idle  0.0% | ent 0.343
  upd 3336 | return    7.700 | deliv   7.70 | blocked  5.8% | idle  0.0% | ent 0.335
  upd 3337 | return    8.700 | deliv   8.70 | blocked  4.9% | idle  0.0% | ent 0.344
  upd 3338 | return    8.600 | deliv   8.60 | blocked  4.9% | idle  0.0% | ent 0.338
  upd 3339 | return   10.600 | deliv  10.60 | blocked  4.5% | idle  0.0% | ent 0.330
  upd 3340 | return    8.200 | deliv   8.20 | blocked  4.5% | idle  0.0% | ent 0.325
  upd 3341 | return    9.900 | deliv   9.90 | blocked  3.8% | idle  0.0% | ent 0.312
  upd 3342 | return    7.500 | deliv   7.50 | blocked  2.6% | idle  0.0% | ent 0.311
  upd 3343 | return    7.600 | deliv   7.60 | blocked  5.0% | idle  0.0% | ent 0.317
  upd 3344 | return    8.700 | deliv   8.70 | blocked  5.4% | idle  0.0% | ent 0.330
  upd 3345 | return    8.000 | deliv   8.00 | blocked  3.6% | idle  0.0% | ent 0.312
  upd 3346 | return    7.600 | deliv   7.60 | blocked  4.9% | idle  0.0% | ent 0.312
  upd 3347 | return    7.400 | deliv   7.40 | blocked  5.1% | idle  0.0% | ent 0.319
  upd 3348 | return    7.900 | deliv   7.90 | blocked  4.3% | idle  0.0% | ent 0.352
  upd 3349 | return    8.500 | deliv   8.50 | blocked  2.6% | idle  0.0% | ent 0.328
  upd 3350 | return    6.900 | deliv   6.90 | blocked  7.1% | idle  0.0% | ent 0.322
  upd 3351 | return    8.200 | deliv   8.20 | blocked  5.5% | idle  0.0% | ent 0.322
  upd 3352 | return    6.900 | deliv   6.90 | blocked  5.2% | idle  0.0% | ent 0.322
  upd 3353 | return    6.500 | deliv   6.50 | blocked  5.8% | idle  0.0% | ent 0.297
  upd 3354 | return    6.400 | deliv   6.40 | blocked  3.5% | idle  0.0% | ent 0.293
  upd 3355 | return    7.000 | deliv   7.00 | blocked  4.0% | idle  0.0% | ent 0.304
  upd 3356 | return    7.000 | deliv   7.00 | blocked  6.7% | idle  0.0% | ent 0.314
  upd 3357 | return    8.900 | deliv   8.90 | blocked  4.6% | idle  0.0% | ent 0.317
  upd 3358 | return    9.900 | deliv   9.90 | blocked  4.1% | idle  0.0% | ent 0.346
  upd 3359 | return    7.900 | deliv   7.90 | blocked  4.3% | idle  0.0% | ent 0.311
  upd 3360 | return    8.500 | deliv   8.50 | blocked  3.5% | idle  0.0% | ent 0.318
  upd 3361 | return    7.000 | deliv   7.00 | blocked  4.4% | idle  0.0% | ent 0.311
  upd 3362 | return    7.700 | deliv   7.70 | blocked  2.4% | idle  0.0% | ent 0.357
  upd 3363 | return    9.500 | deliv   9.50 | blocked  2.6% | idle  0.0% | ent 0.356
  upd 3364 | return    7.900 | deliv   7.90 | blocked  2.6% | idle  0.0% | ent 0.350
  upd 3365 | return    9.400 | deliv   9.40 | blocked  5.2% | idle  0.0% | ent 0.353
  upd 3366 | return    6.000 | deliv   6.00 | blocked  4.1% | idle  0.0% | ent 0.368
  upd 3367 | return    7.100 | deliv   7.10 | blocked  4.8% | idle  0.0% | ent 0.346
  upd 3368 | return    8.500 | deliv   8.50 | blocked  3.2% | idle  0.0% | ent 0.370
  upd 3369 | return    7.800 | deliv   7.80 | blocked  3.8% | idle  0.0% | ent 0.319
  upd 3370 | return    6.500 | deliv   6.50 | blocked  3.6% | idle  0.0% | ent 0.320
  upd 3371 | return    7.400 | deliv   7.40 | blocked  4.1% | idle  0.0% | ent 0.287
  upd 3372 | return    8.100 | deliv   8.10 | blocked  3.9% | idle  0.0% | ent 0.310
  upd 3373 | return    7.000 | deliv   7.00 | blocked  5.5% | idle  0.0% | ent 0.332
  upd 3374 | return    8.100 | deliv   8.10 | blocked  5.2% | idle  0.0% | ent 0.341
  upd 3375 | return    7.900 | deliv   7.90 | blocked  3.3% | idle  0.0% | ent 0.326
  upd 3376 | return    9.000 | deliv   9.00 | blocked  4.0% | idle  0.0% | ent 0.345
  upd 3377 | return    8.100 | deliv   8.10 | blocked  4.9% | idle  0.0% | ent 0.341
  upd 3378 | return    9.300 | deliv   9.30 | blocked  4.5% | idle  0.0% | ent 0.332
  upd 3379 | return    9.100 | deliv   9.10 | blocked  5.5% | idle  0.0% | ent 0.329
  upd 3380 | return   10.000 | deliv  10.00 | blocked  4.8% | idle  0.0% | ent 0.354
  upd 3381 | return    9.100 | deliv   9.10 | blocked  2.6% | idle  0.0% | ent 0.354
  upd 3382 | return    7.400 | deliv   7.40 | blocked  6.9% | idle  0.0% | ent 0.374
  upd 3383 | return   10.100 | deliv  10.10 | blocked  2.2% | idle  0.0% | ent 0.366
  upd 3384 | return    8.800 | deliv   8.80 | blocked  6.0% | idle  0.0% | ent 0.364
  upd 3385 | return    8.500 | deliv   8.50 | blocked  4.0% | idle  0.0% | ent 0.355
  upd 3386 | return    9.700 | deliv   9.70 | blocked  4.7% | idle  0.0% | ent 0.372
  upd 3387 | return    8.700 | deliv   8.70 | blocked  6.5% | idle  0.0% | ent 0.355
  upd 3388 | return    9.300 | deliv   9.30 | blocked  5.4% | idle  0.0% | ent 0.359
  upd 3389 | return    7.400 | deliv   7.40 | blocked  8.3% | idle  0.0% | ent 0.349
  upd 3390 | return    7.900 | deliv   7.90 | blocked 14.1% | idle  0.0% | ent 0.338
  upd 3391 | return    8.800 | deliv   8.80 | blocked  5.3% | idle  0.0% | ent 0.383
  upd 3392 | return   10.100 | deliv  10.10 | blocked  5.0% | idle  0.0% | ent 0.379
  upd 3393 | return    8.300 | deliv   8.30 | blocked  7.1% | idle  0.1% | ent 0.367
  upd 3394 | return   10.300 | deliv  10.30 | blocked  4.9% | idle  0.1% | ent 0.390
  upd 3395 | return    7.600 | deliv   7.60 | blocked  3.5% | idle  0.0% | ent 0.388
  upd 3396 | return    9.800 | deliv   9.80 | blocked  2.8% | idle  0.0% | ent 0.395
  upd 3397 | return    6.900 | deliv   6.90 | blocked  8.3% | idle  0.1% | ent 0.365
  upd 3398 | return    8.300 | deliv   8.30 | blocked  5.6% | idle  0.0% | ent 0.353
  upd 3399 | return    9.000 | deliv   9.00 | blocked  7.4% | idle  0.0% | ent 0.390
  [replay @ update 3400] return 11.00  deliveries 11  -> runs/mappo_evo_tiny-4ag_seed2/replays/replay_upd003400_s0.npz
  upd 3400 | return    7.500 | deliv   7.50 | blocked  6.7% | idle  0.0% | ent 0.387
  upd 3401 | return    8.600 | deliv   8.60 | blocked  7.1% | idle  0.0% | ent 0.379
  upd 3402 | return    7.600 | deliv   7.60 | blocked 10.0% | idle  0.0% | ent 0.348
  upd 3403 | return    8.000 | deliv   8.00 | blocked  8.0% | idle  0.0% | ent 0.366
  upd 3404 | return    9.300 | deliv   9.30 | blocked  6.2% | idle  0.0% | ent 0.362
  upd 3405 | return    6.600 | deliv   6.60 | blocked  6.9% | idle  0.0% | ent 0.368
  upd 3406 | return    9.600 | deliv   9.60 | blocked  7.4% | idle  0.0% | ent 0.382
  upd 3407 | return    8.700 | deliv   8.70 | blocked  7.1% | idle  0.0% | ent 0.362
  upd 3408 | return    8.000 | deliv   8.00 | blocked 10.8% | idle  0.0% | ent 0.381
  upd 3409 | return    8.900 | deliv   8.90 | blocked  4.8% | idle  0.0% | ent 0.397
  upd 3410 | return    6.900 | deliv   6.90 | blocked  8.0% | idle  0.0% | ent 0.372
  upd 3411 | return    7.800 | deliv   7.80 | blocked  6.9% | idle  0.0% | ent 0.388
  upd 3412 | return    7.000 | deliv   7.00 | blocked  6.7% | idle  0.0% | ent 0.394
  upd 3413 | return    9.000 | deliv   9.00 | blocked  7.9% | idle  0.1% | ent 0.396
  upd 3414 | return    7.700 | deliv   7.70 | blocked  8.0% | idle  0.0% | ent 0.374
  upd 3415 | return    8.400 | deliv   8.40 | blocked  6.3% | idle  0.0% | ent 0.390
  upd 3416 | return    8.500 | deliv   8.50 | blocked  4.1% | idle  0.0% | ent 0.383
  upd 3417 | return    7.300 | deliv   7.30 | blocked  8.2% | idle  0.0% | ent 0.373
  upd 3418 | return    8.800 | deliv   8.80 | blocked  7.2% | idle  0.0% | ent 0.403
  upd 3419 | return    7.300 | deliv   7.30 | blocked  4.6% | idle  0.0% | ent 0.408
  upd 3420 | return    7.200 | deliv   7.20 | blocked  9.7% | idle  0.1% | ent 0.381
  upd 3421 | return    6.400 | deliv   6.40 | blocked 12.7% | idle  0.0% | ent 0.357
  upd 3422 | return    8.100 | deliv   8.10 | blocked  6.0% | idle  0.0% | ent 0.431
  upd 3423 | return    8.500 | deliv   8.50 | blocked  6.4% | idle  0.0% | ent 0.384
  upd 3424 | return   10.000 | deliv  10.00 | blocked  3.7% | idle  0.0% | ent 0.419
  upd 3425 | return    7.100 | deliv   7.10 | blocked  6.3% | idle  0.0% | ent 0.391
  upd 3426 | return    9.800 | deliv   9.80 | blocked  8.9% | idle  0.0% | ent 0.374
  upd 3427 | return    8.100 | deliv   8.10 | blocked  4.4% | idle  0.0% | ent 0.416
  upd 3428 | return    9.700 | deliv   9.70 | blocked  6.2% | idle  0.0% | ent 0.392
  upd 3429 | return    9.400 | deliv   9.40 | blocked  5.0% | idle  0.0% | ent 0.420
  upd 3430 | return    9.100 | deliv   9.10 | blocked  3.8% | idle  0.1% | ent 0.437
  upd 3431 | return    8.700 | deliv   8.70 | blocked  6.3% | idle  0.0% | ent 0.391
  upd 3432 | return    9.600 | deliv   9.60 | blocked  7.3% | idle  0.0% | ent 0.392
  upd 3433 | return   10.100 | deliv  10.10 | blocked  9.5% | idle  0.0% | ent 0.389
  upd 3434 | return    7.900 | deliv   7.90 | blocked  7.1% | idle  0.0% | ent 0.358
  upd 3435 | return    7.900 | deliv   7.90 | blocked  9.3% | idle  0.0% | ent 0.376
  upd 3436 | return   10.200 | deliv  10.20 | blocked  4.7% | idle  0.0% | ent 0.392
  upd 3437 | return    8.900 | deliv   8.90 | blocked 11.8% | idle  0.0% | ent 0.344
  upd 3438 | return   10.400 | deliv  10.40 | blocked  6.0% | idle  0.0% | ent 0.376
  upd 3439 | return    8.500 | deliv   8.50 | blocked  8.7% | idle  0.1% | ent 0.411
  upd 3440 | return   10.000 | deliv  10.00 | blocked  5.6% | idle  0.0% | ent 0.414
  upd 3441 | return    8.800 | deliv   8.80 | blocked  4.3% | idle  0.1% | ent 0.411
  upd 3442 | return   11.400 | deliv  11.40 | blocked  4.1% | idle  0.1% | ent 0.421
  upd 3443 | return    8.700 | deliv   8.70 | blocked  6.9% | idle  0.0% | ent 0.412
  upd 3444 | return   10.500 | deliv  10.50 | blocked  9.3% | idle  0.1% | ent 0.395
  upd 3445 | return   11.800 | deliv  11.80 | blocked  4.4% | idle  0.1% | ent 0.435
  upd 3446 | return   10.700 | deliv  10.70 | blocked  5.7% | idle  0.1% | ent 0.411
  upd 3447 | return   10.200 | deliv  10.20 | blocked  7.5% | idle  0.1% | ent 0.422
  upd 3448 | return   11.000 | deliv  11.00 | blocked  3.8% | idle  0.1% | ent 0.429
  upd 3449 | return   11.000 | deliv  11.00 | blocked  3.2% | idle  0.1% | ent 0.450
  upd 3450 | return   10.000 | deliv  10.00 | blocked  3.8% | idle  0.1% | ent 0.460
  upd 3451 | return   10.000 | deliv  10.00 | blocked  5.2% | idle  0.0% | ent 0.428
  upd 3452 | return   11.100 | deliv  11.10 | blocked  4.4% | idle  0.0% | ent 0.420
  upd 3453 | return    9.700 | deliv   9.70 | blocked  4.5% | idle  0.0% | ent 0.394
  upd 3454 | return   10.400 | deliv  10.40 | blocked  5.5% | idle  0.0% | ent 0.392
  upd 3455 | return   10.400 | deliv  10.40 | blocked  4.1% | idle  0.0% | ent 0.409
  upd 3456 | return   10.700 | deliv  10.70 | blocked  3.7% | idle  0.0% | ent 0.403
  upd 3457 | return    7.700 | deliv   7.70 | blocked  5.5% | idle  0.0% | ent 0.383
  upd 3458 | return   10.000 | deliv  10.00 | blocked  4.1% | idle  0.0% | ent 0.416
  upd 3459 | return   10.200 | deliv  10.20 | blocked  5.8% | idle  0.0% | ent 0.380
  upd 3460 | return   10.200 | deliv  10.20 | blocked  5.2% | idle  0.0% | ent 0.436
  upd 3461 | return   10.100 | deliv  10.10 | blocked  5.6% | idle  0.0% | ent 0.412
  upd 3462 | return   10.900 | deliv  10.90 | blocked  5.4% | idle  0.0% | ent 0.402
  upd 3463 | return    8.200 | deliv   8.20 | blocked  6.9% | idle  0.0% | ent 0.373
  upd 3464 | return    9.600 | deliv   9.60 | blocked  7.1% | idle  0.0% | ent 0.394
  upd 3465 | return   11.300 | deliv  11.30 | blocked  4.5% | idle  0.1% | ent 0.415
  upd 3466 | return    8.800 | deliv   8.80 | blocked  4.6% | idle  0.0% | ent 0.403
  upd 3467 | return    8.700 | deliv   8.70 | blocked  3.8% | idle  0.0% | ent 0.393
  upd 3468 | return    7.300 | deliv   7.30 | blocked  8.5% | idle  0.0% | ent 0.376
  upd 3469 | return    9.400 | deliv   9.40 | blocked  6.3% | idle  0.0% | ent 0.418
  upd 3470 | return    7.700 | deliv   7.70 | blocked 10.7% | idle  0.0% | ent 0.386
  upd 3471 | return    8.300 | deliv   8.30 | blocked  6.0% | idle  0.0% | ent 0.388
  upd 3472 | return    6.900 | deliv   6.90 | blocked  5.8% | idle  0.0% | ent 0.418
  upd 3473 | return    8.900 | deliv   8.90 | blocked  7.5% | idle  0.0% | ent 0.353
  upd 3474 | return    8.400 | deliv   8.40 | blocked  6.1% | idle  0.0% | ent 0.415
  upd 3475 | return    9.400 | deliv   9.40 | blocked  6.7% | idle  0.0% | ent 0.407
  upd 3476 | return    7.300 | deliv   7.30 | blocked 12.0% | idle  0.0% | ent 0.381
  upd 3477 | return    9.000 | deliv   9.00 | blocked  7.7% | idle  0.0% | ent 0.382
  upd 3478 | return    8.400 | deliv   8.40 | blocked 13.7% | idle  0.1% | ent 0.352
  upd 3479 | return    8.700 | deliv   8.70 | blocked 10.6% | idle  0.1% | ent 0.396
  upd 3480 | return    9.400 | deliv   9.40 | blocked 10.2% | idle  0.0% | ent 0.374
  upd 3481 | return   10.600 | deliv  10.60 | blocked 11.2% | idle  0.0% | ent 0.389
  upd 3482 | return    9.800 | deliv   9.80 | blocked  7.5% | idle  0.0% | ent 0.395
  upd 3483 | return    8.000 | deliv   8.00 | blocked 10.5% | idle  0.0% | ent 0.382
  upd 3484 | return    8.400 | deliv   8.40 | blocked  9.1% | idle  0.0% | ent 0.404
  upd 3485 | return    9.400 | deliv   9.40 | blocked 10.6% | idle  0.0% | ent 0.372
  upd 3486 | return    8.300 | deliv   8.30 | blocked 10.3% | idle  0.0% | ent 0.374
  upd 3487 | return    9.700 | deliv   9.70 | blocked  8.5% | idle  0.0% | ent 0.380
  upd 3488 | return   12.100 | deliv  12.10 | blocked  6.3% | idle  0.0% | ent 0.430
  upd 3489 | return    9.600 | deliv   9.60 | blocked  4.3% | idle  0.0% | ent 0.445
  upd 3490 | return   10.900 | deliv  10.90 | blocked  4.6% | idle  0.0% | ent 0.451
  upd 3491 | return   11.300 | deliv  11.30 | blocked  4.9% | idle  0.0% | ent 0.438
  upd 3492 | return    9.600 | deliv   9.60 | blocked  5.3% | idle  0.0% | ent 0.422
  upd 3493 | return    9.900 | deliv   9.90 | blocked 13.7% | idle  0.0% | ent 0.351
  upd 3494 | return    7.500 | deliv   7.50 | blocked  6.2% | idle  0.0% | ent 0.399
  upd 3495 | return    9.100 | deliv   9.10 | blocked 10.3% | idle  0.0% | ent 0.377
  upd 3496 | return    7.400 | deliv   7.40 | blocked  5.9% | idle  0.0% | ent 0.424
  upd 3497 | return    9.400 | deliv   9.40 | blocked  8.9% | idle  0.0% | ent 0.401
  upd 3498 | return    8.100 | deliv   8.10 | blocked 12.1% | idle  0.0% | ent 0.387
  upd 3499 | return    8.100 | deliv   8.10 | blocked  7.1% | idle  0.0% | ent 0.399
  [replay @ update 3500] return 12.00  deliveries 12  -> runs/mappo_evo_tiny-4ag_seed2/replays/replay_upd003500_s0.npz
  upd 3500 | return    9.500 | deliv   9.50 | blocked  7.9% | idle  0.0% | ent 0.381
  upd 3501 | return    6.300 | deliv   6.30 | blocked 11.4% | idle  0.0% | ent 0.358
  upd 3502 | return    6.900 | deliv   6.90 | blocked 11.1% | idle  0.0% | ent 0.361
  upd 3503 | return    7.100 | deliv   7.10 | blocked 11.2% | idle  0.0% | ent 0.310
  upd 3504 | return    9.000 | deliv   9.00 | blocked 11.0% | idle  0.0% | ent 0.350
  upd 3505 | return    8.000 | deliv   8.00 | blocked  7.7% | idle  0.0% | ent 0.397
  upd 3506 | return    8.400 | deliv   8.40 | blocked  8.4% | idle  0.0% | ent 0.362
  upd 3507 | return    8.100 | deliv   8.10 | blocked  9.4% | idle  0.0% | ent 0.360
  upd 3508 | return    9.000 | deliv   9.00 | blocked  5.9% | idle  0.0% | ent 0.389
  upd 3509 | return   10.000 | deliv  10.00 | blocked  9.4% | idle  0.0% | ent 0.378
  upd 3510 | return    9.000 | deliv   9.00 | blocked  7.9% | idle  0.0% | ent 0.358
  upd 3511 | return    7.700 | deliv   7.70 | blocked 10.6% | idle  0.0% | ent 0.335
  upd 3512 | return    8.900 | deliv   8.90 | blocked  7.4% | idle  0.0% | ent 0.381
  upd 3513 | return    9.600 | deliv   9.60 | blocked  7.1% | idle  0.0% | ent 0.355
  upd 3514 | return   11.000 | deliv  11.00 | blocked  8.1% | idle  0.0% | ent 0.348
  upd 3515 | return    8.900 | deliv   8.90 | blocked  6.0% | idle  0.0% | ent 0.352
  upd 3516 | return    9.100 | deliv   9.10 | blocked  6.0% | idle  0.0% | ent 0.338
  upd 3517 | return    8.400 | deliv   8.40 | blocked  5.9% | idle  0.0% | ent 0.321
  upd 3518 | return    9.200 | deliv   9.20 | blocked  5.9% | idle  0.0% | ent 0.341
  upd 3519 | return   10.100 | deliv  10.10 | blocked  4.6% | idle  0.0% | ent 0.336
  upd 3520 | return   10.600 | deliv  10.60 | blocked  4.3% | idle  0.0% | ent 0.335
  upd 3521 | return    8.700 | deliv   8.70 | blocked  5.5% | idle  0.0% | ent 0.342
  upd 3522 | return   10.100 | deliv  10.10 | blocked  6.5% | idle  0.0% | ent 0.355
  upd 3523 | return    8.700 | deliv   8.70 | blocked  8.7% | idle  0.0% | ent 0.344
  upd 3524 | return   11.600 | deliv  11.60 | blocked  5.7% | idle  0.0% | ent 0.372
  upd 3525 | return   11.400 | deliv  11.40 | blocked  5.4% | idle  0.0% | ent 0.366
  upd 3526 | return    9.800 | deliv   9.80 | blocked  5.3% | idle  0.0% | ent 0.360
  upd 3527 | return   11.100 | deliv  11.10 | blocked  4.6% | idle  0.0% | ent 0.385
  upd 3528 | return    9.000 | deliv   9.00 | blocked  6.0% | idle  0.0% | ent 0.389
  upd 3529 | return    9.400 | deliv   9.40 | blocked  6.6% | idle  0.0% | ent 0.351
  upd 3530 | return   10.700 | deliv  10.70 | blocked  4.9% | idle  0.0% | ent 0.371
  upd 3531 | return    9.600 | deliv   9.60 | blocked  4.6% | idle  0.0% | ent 0.386
  upd 3532 | return   10.000 | deliv  10.00 | blocked  5.2% | idle  0.1% | ent 0.404
  upd 3533 | return   11.100 | deliv  11.10 | blocked  4.8% | idle  0.0% | ent 0.366
  upd 3534 | return    9.700 | deliv   9.70 | blocked  5.8% | idle  0.0% | ent 0.377
  upd 3535 | return    9.700 | deliv   9.70 | blocked  6.7% | idle  0.0% | ent 0.381
  upd 3536 | return   10.400 | deliv  10.40 | blocked  5.2% | idle  0.0% | ent 0.397
  upd 3537 | return    9.400 | deliv   9.40 | blocked  5.9% | idle  0.0% | ent 0.393
  upd 3538 | return   11.200 | deliv  11.20 | blocked  4.6% | idle  0.1% | ent 0.374
  upd 3539 | return    9.100 | deliv   9.10 | blocked  4.9% | idle  0.0% | ent 0.362
  upd 3540 | return   11.400 | deliv  11.40 | blocked  5.6% | idle  0.0% | ent 0.360
  upd 3541 | return   11.000 | deliv  11.00 | blocked  4.7% | idle  0.0% | ent 0.386
  upd 3542 | return   12.600 | deliv  12.60 | blocked  4.9% | idle  0.0% | ent 0.393
  upd 3543 | return    9.800 | deliv   9.80 | blocked  4.2% | idle  0.0% | ent 0.367
  upd 3544 | return   10.000 | deliv  10.00 | blocked  5.0% | idle  0.1% | ent 0.380
  upd 3545 | return   10.200 | deliv  10.20 | blocked  3.5% | idle  0.0% | ent 0.371
  upd 3546 | return   10.300 | deliv  10.30 | blocked  4.1% | idle  0.0% | ent 0.364
  upd 3547 | return    9.400 | deliv   9.40 | blocked  3.9% | idle  0.1% | ent 0.370
  upd 3548 | return   11.500 | deliv  11.50 | blocked  3.5% | idle  0.0% | ent 0.354
  upd 3549 | return    8.900 | deliv   8.90 | blocked  6.1% | idle  0.0% | ent 0.362
  upd 3550 | return   10.600 | deliv  10.60 | blocked  5.1% | idle  0.0% | ent 0.396
  upd 3551 | return   10.200 | deliv  10.20 | blocked  4.6% | idle  0.1% | ent 0.399
  upd 3552 | return    9.500 | deliv   9.50 | blocked  5.6% | idle  0.0% | ent 0.386
  upd 3553 | return   10.700 | deliv  10.70 | blocked  5.4% | idle  0.0% | ent 0.399
  upd 3554 | return    8.100 | deliv   8.10 | blocked  5.0% | idle  0.0% | ent 0.361
  upd 3555 | return    8.000 | deliv   8.00 | blocked  4.4% | idle  0.0% | ent 0.403
  upd 3556 | return    9.700 | deliv   9.70 | blocked  5.1% | idle  0.0% | ent 0.368
  upd 3557 | return   10.300 | deliv  10.30 | blocked  4.4% | idle  0.0% | ent 0.396
  upd 3558 | return    9.700 | deliv   9.70 | blocked  4.0% | idle  0.0% | ent 0.368
  upd 3559 | return   12.800 | deliv  12.80 | blocked  4.3% | idle  0.0% | ent 0.373
  upd 3560 | return   10.000 | deliv  10.00 | blocked  4.7% | idle  0.0% | ent 0.351
  upd 3561 | return    9.300 | deliv   9.30 | blocked  4.3% | idle  0.0% | ent 0.370
  upd 3562 | return   11.200 | deliv  11.20 | blocked  4.0% | idle  0.0% | ent 0.384
  upd 3563 | return    9.600 | deliv   9.60 | blocked  4.4% | idle  0.0% | ent 0.378
  upd 3564 | return   12.400 | deliv  12.40 | blocked  5.2% | idle  0.0% | ent 0.397
  upd 3565 | return    8.400 | deliv   8.40 | blocked  5.1% | idle  0.0% | ent 0.337
  upd 3566 | return   10.100 | deliv  10.10 | blocked  3.8% | idle  0.0% | ent 0.355
  upd 3567 | return   10.100 | deliv  10.10 | blocked  4.4% | idle  0.0% | ent 0.340
  upd 3568 | return   10.400 | deliv  10.40 | blocked  3.7% | idle  0.0% | ent 0.333
  upd 3569 | return   10.500 | deliv  10.50 | blocked  4.4% | idle  0.0% | ent 0.349
  upd 3570 | return   10.600 | deliv  10.60 | blocked  4.8% | idle  0.0% | ent 0.350
  upd 3571 | return    9.900 | deliv   9.90 | blocked  3.9% | idle  0.0% | ent 0.353
  upd 3572 | return   11.600 | deliv  11.60 | blocked  4.4% | idle  0.0% | ent 0.360
  upd 3573 | return   10.400 | deliv  10.40 | blocked  4.5% | idle  0.0% | ent 0.356
  upd 3574 | return    9.300 | deliv   9.30 | blocked  5.8% | idle  0.0% | ent 0.326
  upd 3575 | return    9.700 | deliv   9.70 | blocked  6.0% | idle  0.0% | ent 0.366
  upd 3576 | return    9.000 | deliv   9.00 | blocked  5.7% | idle  0.0% | ent 0.339
  upd 3577 | return    9.900 | deliv   9.90 | blocked  5.4% | idle  0.0% | ent 0.327
  upd 3578 | return    9.700 | deliv   9.70 | blocked  4.8% | idle  0.0% | ent 0.345
  upd 3579 | return    9.700 | deliv   9.70 | blocked  5.3% | idle  0.0% | ent 0.341
  upd 3580 | return    8.900 | deliv   8.90 | blocked  4.5% | idle  0.0% | ent 0.355
  upd 3581 | return    8.500 | deliv   8.50 | blocked  4.3% | idle  0.0% | ent 0.334
  upd 3582 | return    8.900 | deliv   8.90 | blocked  3.7% | idle  0.0% | ent 0.355
  upd 3583 | return   11.000 | deliv  11.00 | blocked  4.2% | idle  0.0% | ent 0.386
  upd 3584 | return   11.500 | deliv  11.50 | blocked  4.9% | idle  0.0% | ent 0.372
  upd 3585 | return   11.000 | deliv  11.00 | blocked  5.8% | idle  0.0% | ent 0.373
  upd 3586 | return   12.900 | deliv  12.90 | blocked  4.7% | idle  0.0% | ent 0.378
  upd 3587 | return    9.900 | deliv   9.90 | blocked  4.1% | idle  0.0% | ent 0.366
  upd 3588 | return   11.200 | deliv  11.20 | blocked  5.0% | idle  0.0% | ent 0.359
  upd 3589 | return   10.200 | deliv  10.20 | blocked  5.3% | idle  0.0% | ent 0.361
  upd 3590 | return    8.600 | deliv   8.60 | blocked  5.8% | idle  0.0% | ent 0.362
  upd 3591 | return    9.700 | deliv   9.70 | blocked  5.7% | idle  0.0% | ent 0.365
  upd 3592 | return   10.800 | deliv  10.80 | blocked  7.1% | idle  0.0% | ent 0.346
  upd 3593 | return   10.600 | deliv  10.60 | blocked  6.0% | idle  0.0% | ent 0.386
  upd 3594 | return    8.000 | deliv   8.00 | blocked  7.6% | idle  0.0% | ent 0.339
  upd 3595 | return   10.300 | deliv  10.30 | blocked 10.3% | idle  0.0% | ent 0.340
  upd 3596 | return    7.300 | deliv   7.30 | blocked 10.8% | idle  0.0% | ent 0.311
  upd 3597 | return    9.800 | deliv   9.80 | blocked  9.9% | idle  0.0% | ent 0.305
  upd 3598 | return    9.500 | deliv   9.50 | blocked  8.9% | idle  0.0% | ent 0.333
  upd 3599 | return   10.500 | deliv  10.50 | blocked  5.5% | idle  0.0% | ent 0.357
  [replay @ update 3600] return 10.00  deliveries 10  -> runs/mappo_evo_tiny-4ag_seed2/replays/replay_upd003600_s0.npz
  upd 3600 | return   11.600 | deliv  11.60 | blocked  5.9% | idle  0.0% | ent 0.346
  upd 3601 | return    8.300 | deliv   8.30 | blocked  4.8% | idle  0.0% | ent 0.340
  upd 3602 | return    9.700 | deliv   9.70 | blocked  5.0% | idle  0.0% | ent 0.355
  upd 3603 | return    9.100 | deliv   9.10 | blocked  5.4% | idle  0.0% | ent 0.355
  upd 3604 | return    9.200 | deliv   9.20 | blocked  4.4% | idle  0.0% | ent 0.356
  upd 3605 | return    8.800 | deliv   8.80 | blocked  4.6% | idle  0.0% | ent 0.350
  upd 3606 | return   10.200 | deliv  10.20 | blocked  4.3% | idle  0.0% | ent 0.375
  upd 3607 | return    9.000 | deliv   9.00 | blocked  3.2% | idle  0.0% | ent 0.366
  upd 3608 | return    9.700 | deliv   9.70 | blocked  3.2% | idle  0.0% | ent 0.395
  upd 3609 | return   11.600 | deliv  11.60 | blocked  3.6% | idle  0.0% | ent 0.406
  upd 3610 | return   10.900 | deliv  10.90 | blocked  3.2% | idle  0.0% | ent 0.405
  upd 3611 | return    8.700 | deliv   8.70 | blocked  3.8% | idle  0.0% | ent 0.403
  upd 3612 | return    9.000 | deliv   9.00 | blocked  4.4% | idle  0.0% | ent 0.405
  upd 3613 | return    9.600 | deliv   9.60 | blocked  5.2% | idle  0.0% | ent 0.411
  upd 3614 | return   10.600 | deliv  10.60 | blocked  4.4% | idle  0.1% | ent 0.385
  upd 3615 | return    9.400 | deliv   9.40 | blocked  4.6% | idle  0.0% | ent 0.393
  upd 3616 | return   11.100 | deliv  11.10 | blocked  3.7% | idle  0.0% | ent 0.400
  upd 3617 | return   11.400 | deliv  11.40 | blocked  3.7% | idle  0.0% | ent 0.405
  upd 3618 | return   11.200 | deliv  11.20 | blocked  4.7% | idle  0.1% | ent 0.404
  upd 3619 | return   11.700 | deliv  11.70 | blocked  3.6% | idle  0.1% | ent 0.436
  upd 3620 | return   10.900 | deliv  10.90 | blocked  3.6% | idle  0.0% | ent 0.425
  upd 3621 | return   10.300 | deliv  10.30 | blocked  2.9% | idle  0.0% | ent 0.396
  upd 3622 | return   11.000 | deliv  11.00 | blocked  3.4% | idle  0.0% | ent 0.450
  upd 3623 | return   13.100 | deliv  13.10 | blocked  2.8% | idle  0.1% | ent 0.419
  upd 3624 | return   10.400 | deliv  10.40 | blocked  3.2% | idle  0.1% | ent 0.426
  upd 3625 | return   10.900 | deliv  10.90 | blocked  3.7% | idle  0.1% | ent 0.421
  upd 3626 | return   12.100 | deliv  12.10 | blocked  2.8% | idle  0.0% | ent 0.420
  upd 3627 | return    9.300 | deliv   9.30 | blocked  5.2% | idle  0.0% | ent 0.367
  upd 3628 | return    9.900 | deliv   9.90 | blocked  4.0% | idle  0.0% | ent 0.411
  upd 3629 | return   11.000 | deliv  11.00 | blocked  4.2% | idle  0.1% | ent 0.391
  upd 3630 | return    8.500 | deliv   8.50 | blocked  6.1% | idle  0.0% | ent 0.373
  upd 3631 | return   10.500 | deliv  10.50 | blocked  4.9% | idle  0.1% | ent 0.387
  upd 3632 | return   12.300 | deliv  12.30 | blocked  3.1% | idle  0.1% | ent 0.423
  upd 3633 | return    9.400 | deliv   9.40 | blocked  3.4% | idle  0.1% | ent 0.425
  upd 3634 | return   11.400 | deliv  11.40 | blocked  4.2% | idle  0.0% | ent 0.418
  upd 3635 | return    8.300 | deliv   8.30 | blocked  3.8% | idle  0.0% | ent 0.442
  upd 3636 | return   11.700 | deliv  11.70 | blocked  3.9% | idle  0.0% | ent 0.435
  upd 3637 | return   10.200 | deliv  10.20 | blocked  3.3% | idle  0.0% | ent 0.411
  upd 3638 | return    8.400 | deliv   8.40 | blocked  2.7% | idle  0.1% | ent 0.419
  upd 3639 | return   11.600 | deliv  11.60 | blocked  2.7% | idle  0.0% | ent 0.410
  upd 3640 | return   10.500 | deliv  10.50 | blocked  4.0% | idle  0.0% | ent 0.376
  upd 3641 | return   13.000 | deliv  13.00 | blocked  2.7% | idle  0.0% | ent 0.397
  upd 3642 | return   12.400 | deliv  12.40 | blocked  2.9% | idle  0.0% | ent 0.407
  upd 3643 | return   12.500 | deliv  12.50 | blocked  3.2% | idle  0.0% | ent 0.369
  upd 3644 | return   14.500 | deliv  14.50 | blocked  2.3% | idle  0.0% | ent 0.386
  upd 3645 | return   13.600 | deliv  13.60 | blocked  2.6% | idle  0.1% | ent 0.377
  upd 3646 | return   10.500 | deliv  10.50 | blocked  4.9% | idle  0.1% | ent 0.399
  upd 3647 | return   15.000 | deliv  15.00 | blocked  3.0% | idle  0.0% | ent 0.394
  upd 3648 | return   11.100 | deliv  11.10 | blocked  2.5% | idle  0.1% | ent 0.394
  upd 3649 | return   13.800 | deliv  13.80 | blocked  2.3% | idle  0.1% | ent 0.399
  upd 3650 | return   13.100 | deliv  13.10 | blocked  2.7% | idle  0.0% | ent 0.390
  upd 3651 | return   12.400 | deliv  12.40 | blocked  2.2% | idle  0.0% | ent 0.404
  upd 3652 | return   13.000 | deliv  13.00 | blocked  2.1% | idle  0.0% | ent 0.375
  upd 3653 | return   12.400 | deliv  12.40 | blocked  3.0% | idle  0.0% | ent 0.376
  upd 3654 | return   11.300 | deliv  11.30 | blocked  3.2% | idle  0.0% | ent 0.394
  upd 3655 | return   11.800 | deliv  11.80 | blocked  2.6% | idle  0.0% | ent 0.350
  upd 3656 | return   12.200 | deliv  12.20 | blocked  2.8% | idle  0.1% | ent 0.388
  upd 3657 | return    9.100 | deliv   9.10 | blocked  2.6% | idle  0.1% | ent 0.389
  upd 3658 | return   10.200 | deliv  10.20 | blocked  3.0% | idle  0.0% | ent 0.376
  upd 3659 | return   10.200 | deliv  10.20 | blocked  3.4% | idle  0.0% | ent 0.374
  upd 3660 | return    9.500 | deliv   9.50 | blocked  3.7% | idle  0.0% | ent 0.395
  upd 3661 | return   10.200 | deliv  10.20 | blocked  3.8% | idle  0.0% | ent 0.369
  upd 3662 | return   10.600 | deliv  10.60 | blocked  3.8% | idle  0.1% | ent 0.391
  upd 3663 | return   10.800 | deliv  10.80 | blocked  3.4% | idle  0.0% | ent 0.415
  upd 3664 | return    8.000 | deliv   8.00 | blocked  5.1% | idle  0.1% | ent 0.395
  upd 3665 | return   11.700 | deliv  11.70 | blocked  2.4% | idle  0.1% | ent 0.400
  upd 3666 | return   10.100 | deliv  10.10 | blocked  3.3% | idle  0.0% | ent 0.400
  upd 3667 | return   11.800 | deliv  11.80 | blocked  2.2% | idle  0.0% | ent 0.373
  upd 3668 | return   10.000 | deliv  10.00 | blocked  3.2% | idle  0.1% | ent 0.378
  upd 3669 | return   12.100 | deliv  12.10 | blocked  2.5% | idle  0.1% | ent 0.380
  upd 3670 | return   10.000 | deliv  10.00 | blocked  3.2% | idle  0.1% | ent 0.382
  upd 3671 | return    8.600 | deliv   8.60 | blocked  6.2% | idle  0.0% | ent 0.337
  upd 3672 | return    7.500 | deliv   7.50 | blocked  4.4% | idle  0.0% | ent 0.326
  upd 3673 | return    8.200 | deliv   8.20 | blocked  3.8% | idle  0.1% | ent 0.371
  upd 3674 | return   13.300 | deliv  13.30 | blocked  3.2% | idle  0.0% | ent 0.383
  upd 3675 | return    8.900 | deliv   8.90 | blocked  3.6% | idle  0.0% | ent 0.377
  upd 3676 | return   10.500 | deliv  10.50 | blocked  3.3% | idle  0.0% | ent 0.371
  upd 3677 | return    6.500 | deliv   6.50 | blocked  3.5% | idle  0.1% | ent 0.397
  upd 3678 | return   11.600 | deliv  11.60 | blocked  3.3% | idle  0.0% | ent 0.367
  upd 3679 | return   10.200 | deliv  10.20 | blocked  3.7% | idle  0.1% | ent 0.381
  upd 3680 | return   10.200 | deliv  10.20 | blocked  4.6% | idle  0.0% | ent 0.359
  upd 3681 | return   10.900 | deliv  10.90 | blocked  3.6% | idle  0.0% | ent 0.384
  upd 3682 | return   12.800 | deliv  12.80 | blocked  3.7% | idle  0.1% | ent 0.381
  upd 3683 | return   11.900 | deliv  11.90 | blocked  2.5% | idle  0.1% | ent 0.381
  upd 3684 | return    9.600 | deliv   9.60 | blocked  9.2% | idle  0.0% | ent 0.337
  upd 3685 | return   11.000 | deliv  11.00 | blocked  5.1% | idle  0.0% | ent 0.343
  upd 3686 | return   12.300 | deliv  12.30 | blocked  3.9% | idle  0.0% | ent 0.337
  upd 3687 | return   11.800 | deliv  11.80 | blocked  4.6% | idle  0.1% | ent 0.369
  upd 3688 | return    9.300 | deliv   9.30 | blocked  3.3% | idle  0.0% | ent 0.364
  upd 3689 | return   11.100 | deliv  11.10 | blocked  2.7% | idle  0.0% | ent 0.374
  upd 3690 | return    9.800 | deliv   9.80 | blocked  4.5% | idle  0.0% | ent 0.356
  upd 3691 | return   10.100 | deliv  10.10 | blocked  3.6% | idle  0.1% | ent 0.368
  upd 3692 | return   12.300 | deliv  12.30 | blocked  3.6% | idle  0.1% | ent 0.360
  upd 3693 | return   13.100 | deliv  13.10 | blocked  3.1% | idle  0.0% | ent 0.376
  upd 3694 | return   11.800 | deliv  11.80 | blocked  3.2% | idle  0.0% | ent 0.345
  upd 3695 | return   11.600 | deliv  11.60 | blocked  2.4% | idle  0.1% | ent 0.341
  upd 3696 | return   13.300 | deliv  13.30 | blocked  2.8% | idle  0.1% | ent 0.351
  upd 3697 | return   10.700 | deliv  10.70 | blocked  4.0% | idle  0.1% | ent 0.384
  upd 3698 | return   12.900 | deliv  12.90 | blocked  3.4% | idle  0.1% | ent 0.383
  upd 3699 | return   11.100 | deliv  11.10 | blocked  3.2% | idle  0.1% | ent 0.350
  [replay @ update 3700] return 14.00  deliveries 14  -> runs/mappo_evo_tiny-4ag_seed2/replays/replay_upd003700_s0.npz
  upd 3700 | return   12.400 | deliv  12.40 | blocked  3.1% | idle  0.0% | ent 0.360
  upd 3701 | return   10.700 | deliv  10.70 | blocked  3.6% | idle  0.1% | ent 0.386
  upd 3702 | return    8.900 | deliv   8.90 | blocked  4.0% | idle  0.0% | ent 0.344
  upd 3703 | return   11.700 | deliv  11.70 | blocked  3.6% | idle  0.0% | ent 0.379
  upd 3704 | return    9.800 | deliv   9.80 | blocked  3.3% | idle  0.0% | ent 0.347
  upd 3705 | return   10.600 | deliv  10.60 | blocked  4.0% | idle  0.0% | ent 0.327
  upd 3706 | return    9.000 | deliv   9.00 | blocked  4.7% | idle  0.0% | ent 0.357
  upd 3707 | return   10.400 | deliv  10.40 | blocked  3.6% | idle  0.0% | ent 0.326
  upd 3708 | return   10.100 | deliv  10.10 | blocked  3.4% | idle  0.0% | ent 0.369
  upd 3709 | return   10.700 | deliv  10.70 | blocked  4.5% | idle  0.0% | ent 0.336
  upd 3710 | return    9.100 | deliv   9.10 | blocked  4.2% | idle  0.0% | ent 0.339
  upd 3711 | return    9.100 | deliv   9.10 | blocked  4.0% | idle  0.0% | ent 0.352
  upd 3712 | return   10.100 | deliv  10.10 | blocked  3.5% | idle  0.0% | ent 0.373
  upd 3713 | return    8.500 | deliv   8.50 | blocked  5.7% | idle  0.0% | ent 0.344
  upd 3714 | return   10.100 | deliv  10.10 | blocked  3.2% | idle  0.0% | ent 0.408
  upd 3715 | return    8.000 | deliv   8.00 | blocked  3.8% | idle  0.0% | ent 0.377
  upd 3716 | return   10.200 | deliv  10.20 | blocked  3.5% | idle  0.0% | ent 0.387
  upd 3717 | return    7.200 | deliv   7.20 | blocked  5.1% | idle  0.0% | ent 0.366
  upd 3718 | return    9.500 | deliv   9.50 | blocked  4.0% | idle  0.0% | ent 0.346
  upd 3719 | return    9.400 | deliv   9.40 | blocked  3.4% | idle  0.0% | ent 0.320
  upd 3720 | return    9.700 | deliv   9.70 | blocked  5.4% | idle  0.0% | ent 0.272
  upd 3721 | return    7.000 | deliv   7.00 | blocked  5.3% | idle  0.0% | ent 0.289
  upd 3722 | return    9.000 | deliv   9.00 | blocked  4.2% | idle  0.0% | ent 0.291
  upd 3723 | return    7.800 | deliv   7.80 | blocked  4.6% | idle  0.0% | ent 0.313
  upd 3724 | return    7.000 | deliv   7.00 | blocked  6.0% | idle  0.0% | ent 0.303
  upd 3725 | return    6.300 | deliv   6.30 | blocked  5.0% | idle  0.0% | ent 0.317
  upd 3726 | return    8.300 | deliv   8.30 | blocked  4.6% | idle  0.0% | ent 0.309
  upd 3727 | return    6.600 | deliv   6.60 | blocked  6.1% | idle  0.0% | ent 0.275
  upd 3728 | return    7.600 | deliv   7.60 | blocked  5.7% | idle  0.0% | ent 0.266
  upd 3729 | return    7.000 | deliv   7.00 | blocked  6.9% | idle  0.0% | ent 0.288
  upd 3730 | return    6.400 | deliv   6.40 | blocked  6.3% | idle  0.0% | ent 0.274
  upd 3731 | return    6.000 | deliv   6.00 | blocked  5.6% | idle  0.0% | ent 0.256
  upd 3732 | return    6.700 | deliv   6.70 | blocked  6.5% | idle  0.0% | ent 0.254
  upd 3733 | return    8.700 | deliv   8.70 | blocked  5.2% | idle  0.0% | ent 0.266
  upd 3734 | return    7.800 | deliv   7.80 | blocked  5.1% | idle  0.0% | ent 0.279
  upd 3735 | return    7.300 | deliv   7.30 | blocked  4.9% | idle  0.0% | ent 0.271
  upd 3736 | return    5.400 | deliv   5.40 | blocked  4.5% | idle  0.0% | ent 0.265
  upd 3737 | return    9.000 | deliv   9.00 | blocked  4.5% | idle  0.0% | ent 0.276
  upd 3738 | return    7.100 | deliv   7.10 | blocked  4.6% | idle  0.0% | ent 0.281
  upd 3739 | return    6.600 | deliv   6.60 | blocked  4.3% | idle  0.0% | ent 0.318
  upd 3740 | return    7.900 | deliv   7.90 | blocked  4.6% | idle  0.0% | ent 0.277
  upd 3741 | return    7.200 | deliv   7.20 | blocked  5.3% | idle  0.0% | ent 0.281
  upd 3742 | return    6.700 | deliv   6.70 | blocked  5.6% | idle  0.0% | ent 0.251
  upd 3743 | return    6.500 | deliv   6.50 | blocked  5.2% | idle  0.0% | ent 0.259
  upd 3744 | return    8.700 | deliv   8.70 | blocked  4.9% | idle  0.0% | ent 0.257
  upd 3745 | return    6.800 | deliv   6.80 | blocked  5.4% | idle  0.0% | ent 0.253
  upd 3746 | return    8.200 | deliv   8.20 | blocked  5.2% | idle  0.0% | ent 0.279
  upd 3747 | return    7.800 | deliv   7.80 | blocked  3.4% | idle  0.0% | ent 0.270
  upd 3748 | return    7.600 | deliv   7.60 | blocked  3.2% | idle  0.0% | ent 0.274
  upd 3749 | return    9.500 | deliv   9.50 | blocked  3.5% | idle  0.0% | ent 0.258
  upd 3750 | return    8.300 | deliv   8.30 | blocked  3.2% | idle  0.0% | ent 0.266
  upd 3751 | return    8.100 | deliv   8.10 | blocked  3.4% | idle  0.0% | ent 0.292
  upd 3752 | return    9.200 | deliv   9.20 | blocked  3.9% | idle  0.0% | ent 0.301
  upd 3753 | return    7.100 | deliv   7.10 | blocked  4.4% | idle  0.0% | ent 0.257
  upd 3754 | return    7.800 | deliv   7.80 | blocked  4.0% | idle  0.0% | ent 0.249
  upd 3755 | return    9.600 | deliv   9.60 | blocked  4.2% | idle  0.0% | ent 0.270
  upd 3756 | return    7.500 | deliv   7.50 | blocked  5.3% | idle  0.0% | ent 0.217
  upd 3757 | return    8.300 | deliv   8.30 | blocked  4.1% | idle  0.0% | ent 0.212
  upd 3758 | return    8.900 | deliv   8.90 | blocked  4.9% | idle  0.0% | ent 0.240
  upd 3759 | return    6.800 | deliv   6.80 | blocked  5.1% | idle  0.0% | ent 0.235
  upd 3760 | return    7.700 | deliv   7.70 | blocked  6.8% | idle  0.0% | ent 0.232
  upd 3761 | return    7.600 | deliv   7.60 | blocked  8.2% | idle  0.0% | ent 0.192
  upd 3762 | return    9.000 | deliv   9.00 | blocked  4.5% | idle  0.0% | ent 0.205
  upd 3763 | return    6.700 | deliv   6.70 | blocked  3.5% | idle  0.0% | ent 0.206
  upd 3764 | return    7.300 | deliv   7.30 | blocked  6.8% | idle  0.0% | ent 0.184
  upd 3765 | return    7.300 | deliv   7.30 | blocked  3.9% | idle  0.0% | ent 0.219
  upd 3766 | return    7.400 | deliv   7.40 | blocked  3.8% | idle  0.0% | ent 0.229
  upd 3767 | return   10.500 | deliv  10.50 | blocked  4.9% | idle  0.0% | ent 0.249
  upd 3768 | return    7.300 | deliv   7.30 | blocked  3.9% | idle  0.0% | ent 0.288
  upd 3769 | return    8.500 | deliv   8.50 | blocked  7.5% | idle  0.0% | ent 0.259
  upd 3770 | return    8.800 | deliv   8.80 | blocked  3.6% | idle  0.0% | ent 0.259
  upd 3771 | return   10.800 | deliv  10.80 | blocked  2.5% | idle  0.0% | ent 0.324
  upd 3772 | return    7.500 | deliv   7.50 | blocked  2.5% | idle  0.0% | ent 0.327
  upd 3773 | return    9.400 | deliv   9.40 | blocked  2.8% | idle  0.0% | ent 0.231
  upd 3774 | return    6.100 | deliv   6.10 | blocked  2.5% | idle  0.0% | ent 0.294
  upd 3775 | return    9.000 | deliv   9.00 | blocked  2.8% | idle  0.0% | ent 0.274
  upd 3776 | return    6.500 | deliv   6.50 | blocked  2.3% | idle  0.0% | ent 0.281
  upd 3777 | return    9.100 | deliv   9.10 | blocked  2.3% | idle  0.0% | ent 0.280
  upd 3778 | return    7.000 | deliv   7.00 | blocked  2.1% | idle  0.0% | ent 0.281
  upd 3779 | return    9.300 | deliv   9.30 | blocked  2.4% | idle  0.0% | ent 0.246
  upd 3780 | return    9.000 | deliv   9.00 | blocked  2.9% | idle  0.0% | ent 0.268
  upd 3781 | return   10.800 | deliv  10.80 | blocked  2.9% | idle  0.0% | ent 0.265
  upd 3782 | return    9.000 | deliv   9.00 | blocked  1.9% | idle  0.0% | ent 0.273
  upd 3783 | return    8.900 | deliv   8.90 | blocked  2.7% | idle  0.0% | ent 0.317
  upd 3784 | return   11.200 | deliv  11.20 | blocked  2.5% | idle  0.0% | ent 0.304
  upd 3785 | return    8.800 | deliv   8.80 | blocked  2.9% | idle  0.0% | ent 0.321
  upd 3786 | return   12.200 | deliv  12.20 | blocked  3.5% | idle  0.0% | ent 0.316
  upd 3787 | return   13.200 | deliv  13.20 | blocked  2.7% | idle  0.0% | ent 0.327
  upd 3788 | return   10.800 | deliv  10.80 | blocked  2.7% | idle  0.0% | ent 0.321
  upd 3789 | return    9.000 | deliv   9.00 | blocked  2.4% | idle  0.0% | ent 0.316
  upd 3790 | return    9.200 | deliv   9.20 | blocked  2.2% | idle  0.0% | ent 0.298
  upd 3791 | return   11.200 | deliv  11.20 | blocked  2.6% | idle  0.0% | ent 0.321
  upd 3792 | return    9.100 | deliv   9.10 | blocked  3.0% | idle  0.0% | ent 0.305
  upd 3793 | return   10.000 | deliv  10.00 | blocked  3.4% | idle  0.0% | ent 0.272
  upd 3794 | return   11.700 | deliv  11.70 | blocked  2.9% | idle  0.0% | ent 0.269
  upd 3795 | return   11.600 | deliv  11.60 | blocked  2.6% | idle  0.0% | ent 0.288
  upd 3796 | return   10.300 | deliv  10.30 | blocked  2.9% | idle  0.0% | ent 0.334
  upd 3797 | return   11.700 | deliv  11.70 | blocked  2.6% | idle  0.0% | ent 0.327
  upd 3798 | return   11.000 | deliv  11.00 | blocked  2.4% | idle  0.0% | ent 0.319
  upd 3799 | return   10.100 | deliv  10.10 | blocked  2.5% | idle  0.0% | ent 0.317
  [replay @ update 3800] return 20.00  deliveries 20  -> runs/mappo_evo_tiny-4ag_seed2/replays/replay_upd003800_s0.npz
  upd 3800 | return   11.500 | deliv  11.50 | blocked  2.3% | idle  0.0% | ent 0.323
  upd 3801 | return   11.800 | deliv  11.80 | blocked  2.4% | idle  0.0% | ent 0.342
  upd 3802 | return   10.100 | deliv  10.10 | blocked  2.2% | idle  0.0% | ent 0.354
  upd 3803 | return    9.900 | deliv   9.90 | blocked  2.2% | idle  0.0% | ent 0.338
  upd 3804 | return   10.100 | deliv  10.10 | blocked  2.2% | idle  0.0% | ent 0.344
  upd 3805 | return   13.200 | deliv  13.20 | blocked  1.8% | idle  0.0% | ent 0.323
  upd 3806 | return   10.700 | deliv  10.70 | blocked  2.2% | idle  0.0% | ent 0.356
  upd 3807 | return   12.600 | deliv  12.60 | blocked  2.3% | idle  0.0% | ent 0.339
  upd 3808 | return    7.700 | deliv   7.70 | blocked  2.3% | idle  0.0% | ent 0.329
  upd 3809 | return    9.800 | deliv   9.80 | blocked  2.4% | idle  0.0% | ent 0.368
  upd 3810 | return   12.100 | deliv  12.10 | blocked  2.5% | idle  0.0% | ent 0.350
  upd 3811 | return    9.400 | deliv   9.40 | blocked  2.4% | idle  0.0% | ent 0.349
  upd 3812 | return   12.200 | deliv  12.20 | blocked  2.2% | idle  0.0% | ent 0.372
  upd 3813 | return   12.100 | deliv  12.10 | blocked  2.4% | idle  0.0% | ent 0.335
  upd 3814 | return   13.900 | deliv  13.90 | blocked  4.5% | idle  0.0% | ent 0.336
  upd 3815 | return   10.900 | deliv  10.90 | blocked  2.9% | idle  0.0% | ent 0.323
  upd 3816 | return   13.200 | deliv  13.20 | blocked  2.8% | idle  0.0% | ent 0.349
  upd 3817 | return   10.400 | deliv  10.40 | blocked  3.0% | idle  0.0% | ent 0.333
  upd 3818 | return   11.900 | deliv  11.90 | blocked  2.7% | idle  0.0% | ent 0.340
  upd 3819 | return   10.000 | deliv  10.00 | blocked  2.5% | idle  0.0% | ent 0.323
  upd 3820 | return   11.200 | deliv  11.20 | blocked  2.8% | idle  0.0% | ent 0.360
  upd 3821 | return   10.100 | deliv  10.10 | blocked  2.7% | idle  0.0% | ent 0.330
  upd 3822 | return   11.400 | deliv  11.40 | blocked  2.8% | idle  0.0% | ent 0.348
  upd 3823 | return   13.000 | deliv  13.00 | blocked  3.0% | idle  0.0% | ent 0.339
  upd 3824 | return   13.400 | deliv  13.40 | blocked  2.9% | idle  0.0% | ent 0.335
  upd 3825 | return   14.900 | deliv  14.90 | blocked  3.2% | idle  0.0% | ent 0.314
  upd 3826 | return   12.500 | deliv  12.50 | blocked  2.6% | idle  0.0% | ent 0.340
  upd 3827 | return   11.900 | deliv  11.90 | blocked  2.7% | idle  0.0% | ent 0.325
  upd 3828 | return   14.300 | deliv  14.30 | blocked  3.3% | idle  0.0% | ent 0.332
  upd 3829 | return   11.300 | deliv  11.30 | blocked  3.1% | idle  0.0% | ent 0.307
  upd 3830 | return   11.000 | deliv  11.00 | blocked  3.3% | idle  0.0% | ent 0.337
  upd 3831 | return   11.400 | deliv  11.40 | blocked  3.5% | idle  0.0% | ent 0.325
  upd 3832 | return   14.000 | deliv  14.00 | blocked  2.7% | idle  0.0% | ent 0.322
  upd 3833 | return   14.000 | deliv  14.00 | blocked  2.5% | idle  0.0% | ent 0.322
  upd 3834 | return   10.600 | deliv  10.60 | blocked  3.2% | idle  0.0% | ent 0.335
  upd 3835 | return   11.300 | deliv  11.30 | blocked  2.9% | idle  0.0% | ent 0.322
  upd 3836 | return   11.700 | deliv  11.70 | blocked  3.1% | idle  0.0% | ent 0.361
  upd 3837 | return    9.400 | deliv   9.40 | blocked  2.8% | idle  0.0% | ent 0.365
  upd 3838 | return   11.500 | deliv  11.50 | blocked  2.7% | idle  0.0% | ent 0.370
  upd 3839 | return   10.100 | deliv  10.10 | blocked  3.2% | idle  0.0% | ent 0.378
  upd 3840 | return   11.000 | deliv  11.00 | blocked  3.4% | idle  0.0% | ent 0.349
  upd 3841 | return   10.400 | deliv  10.40 | blocked  2.8% | idle  0.0% | ent 0.362
  upd 3842 | return   10.300 | deliv  10.30 | blocked  2.9% | idle  0.0% | ent 0.368
  upd 3843 | return   11.900 | deliv  11.90 | blocked  3.0% | idle  0.0% | ent 0.355
  upd 3844 | return    9.800 | deliv   9.80 | blocked  3.2% | idle  0.0% | ent 0.333
  upd 3845 | return    9.700 | deliv   9.70 | blocked  3.4% | idle  0.0% | ent 0.326
  upd 3846 | return   13.700 | deliv  13.70 | blocked  2.7% | idle  0.0% | ent 0.328
  upd 3847 | return   10.500 | deliv  10.50 | blocked  2.9% | idle  0.0% | ent 0.338
  upd 3848 | return   10.900 | deliv  10.90 | blocked  2.9% | idle  0.0% | ent 0.332
  upd 3849 | return   10.700 | deliv  10.70 | blocked  2.7% | idle  0.0% | ent 0.335
  upd 3850 | return    9.200 | deliv   9.20 | blocked  2.5% | idle  0.0% | ent 0.325
  upd 3851 | return   12.000 | deliv  12.00 | blocked  2.5% | idle  0.0% | ent 0.339
  upd 3852 | return   11.000 | deliv  11.00 | blocked  3.6% | idle  0.0% | ent 0.349
  upd 3853 | return   11.100 | deliv  11.10 | blocked  2.9% | idle  0.0% | ent 0.355
  upd 3854 | return   11.300 | deliv  11.30 | blocked  2.7% | idle  0.0% | ent 0.371
  upd 3855 | return   10.900 | deliv  10.90 | blocked  2.6% | idle  0.0% | ent 0.352
  upd 3856 | return   10.500 | deliv  10.50 | blocked  2.6% | idle  0.0% | ent 0.361
  upd 3857 | return   10.200 | deliv  10.20 | blocked  3.4% | idle  0.0% | ent 0.340
  upd 3858 | return    9.400 | deliv   9.40 | blocked  2.3% | idle  0.0% | ent 0.357
  upd 3859 | return    9.800 | deliv   9.80 | blocked  2.9% | idle  0.0% | ent 0.334
  upd 3860 | return   11.800 | deliv  11.80 | blocked  2.5% | idle  0.0% | ent 0.357
  upd 3861 | return   12.900 | deliv  12.90 | blocked  2.8% | idle  0.0% | ent 0.350
  upd 3862 | return   12.000 | deliv  12.00 | blocked  2.7% | idle  0.0% | ent 0.334
  upd 3863 | return   11.300 | deliv  11.30 | blocked  2.5% | idle  0.0% | ent 0.347
  upd 3864 | return    9.300 | deliv   9.30 | blocked  2.7% | idle  0.0% | ent 0.363
  upd 3865 | return   10.600 | deliv  10.60 | blocked  2.9% | idle  0.0% | ent 0.348
  upd 3866 | return   10.700 | deliv  10.70 | blocked  2.9% | idle  0.0% | ent 0.340
  upd 3867 | return   13.400 | deliv  13.40 | blocked  2.9% | idle  0.0% | ent 0.330
  upd 3868 | return   11.400 | deliv  11.40 | blocked  2.0% | idle  0.0% | ent 0.351
  upd 3869 | return   10.000 | deliv  10.00 | blocked  2.7% | idle  0.0% | ent 0.365
  upd 3870 | return   11.800 | deliv  11.80 | blocked  2.2% | idle  0.0% | ent 0.343
  upd 3871 | return   10.400 | deliv  10.40 | blocked  2.5% | idle  0.0% | ent 0.355
  upd 3872 | return    9.900 | deliv   9.90 | blocked  2.1% | idle  0.0% | ent 0.339
  upd 3873 | return   11.400 | deliv  11.40 | blocked  4.5% | idle  0.0% | ent 0.326
  upd 3874 | return    9.000 | deliv   9.00 | blocked  6.5% | idle  0.0% | ent 0.326
  upd 3875 | return   12.400 | deliv  12.40 | blocked  2.7% | idle  0.0% | ent 0.346
  upd 3876 | return   11.300 | deliv  11.30 | blocked  2.8% | idle  0.0% | ent 0.329
  upd 3877 | return    6.300 | deliv   6.30 | blocked  2.8% | idle  0.0% | ent 0.342
  upd 3878 | return   12.700 | deliv  12.70 | blocked  2.1% | idle  0.0% | ent 0.364
  upd 3879 | return    9.000 | deliv   9.00 | blocked  2.3% | idle  0.0% | ent 0.368
  upd 3880 | return   12.600 | deliv  12.60 | blocked  2.3% | idle  0.0% | ent 0.348
  upd 3881 | return   12.700 | deliv  12.70 | blocked  2.6% | idle  0.0% | ent 0.332
  upd 3882 | return   10.600 | deliv  10.60 | blocked  2.0% | idle  0.0% | ent 0.349
  upd 3883 | return    9.100 | deliv   9.10 | blocked  2.3% | idle  0.0% | ent 0.330
  upd 3884 | return   12.600 | deliv  12.60 | blocked  2.4% | idle  0.0% | ent 0.326
  upd 3885 | return   11.200 | deliv  11.20 | blocked  2.2% | idle  0.0% | ent 0.339
  upd 3886 | return   12.700 | deliv  12.70 | blocked  2.1% | idle  0.0% | ent 0.349
  upd 3887 | return   12.100 | deliv  12.10 | blocked  2.6% | idle  0.0% | ent 0.321
  upd 3888 | return   13.500 | deliv  13.50 | blocked  2.6% | idle  0.0% | ent 0.331
  upd 3889 | return    9.800 | deliv   9.80 | blocked  2.1% | idle  0.0% | ent 0.327
  upd 3890 | return   13.200 | deliv  13.20 | blocked  2.3% | idle  0.0% | ent 0.315
  upd 3891 | return   11.800 | deliv  11.80 | blocked  3.2% | idle  0.0% | ent 0.321
  upd 3892 | return   13.700 | deliv  13.70 | blocked  2.8% | idle  0.0% | ent 0.325
  upd 3893 | return   14.500 | deliv  14.50 | blocked  2.6% | idle  0.0% | ent 0.320
  upd 3894 | return   13.100 | deliv  13.10 | blocked  2.2% | idle  0.0% | ent 0.363
  upd 3895 | return   10.600 | deliv  10.60 | blocked  2.6% | idle  0.0% | ent 0.316
  upd 3896 | return   11.700 | deliv  11.70 | blocked  2.7% | idle  0.1% | ent 0.306
  upd 3897 | return   13.800 | deliv  13.80 | blocked  2.6% | idle  0.0% | ent 0.325
  upd 3898 | return   14.300 | deliv  14.30 | blocked  2.0% | idle  0.0% | ent 0.330
  upd 3899 | return   11.900 | deliv  11.90 | blocked  2.5% | idle  0.0% | ent 0.353
  [replay @ update 3900] return 15.00  deliveries 15  -> runs/mappo_evo_tiny-4ag_seed2/replays/replay_upd003900_s0.npz
  upd 3900 | return   10.000 | deliv  10.00 | blocked  2.2% | idle  0.0% | ent 0.347
  upd 3901 | return   10.600 | deliv  10.60 | blocked  2.1% | idle  0.0% | ent 0.355
  upd 3902 | return   10.200 | deliv  10.20 | blocked  2.7% | idle  0.0% | ent 0.358
  upd 3903 | return   12.000 | deliv  12.00 | blocked  2.0% | idle  0.0% | ent 0.355
  upd 3904 | return   12.100 | deliv  12.10 | blocked  2.5% | idle  0.0% | ent 0.361
  upd 3905 | return   12.100 | deliv  12.10 | blocked  2.7% | idle  0.0% | ent 0.386
  upd 3906 | return   10.400 | deliv  10.40 | blocked  2.0% | idle  0.0% | ent 0.369
  upd 3907 | return   12.000 | deliv  12.00 | blocked  2.5% | idle  0.0% | ent 0.350
  upd 3908 | return   10.600 | deliv  10.60 | blocked  3.2% | idle  0.0% | ent 0.308
  upd 3909 | return   14.100 | deliv  14.10 | blocked  2.0% | idle  0.0% | ent 0.369
  upd 3910 | return   10.500 | deliv  10.50 | blocked  2.9% | idle  0.0% | ent 0.349
  upd 3911 | return   11.300 | deliv  11.30 | blocked  2.9% | idle  0.0% | ent 0.353
  upd 3912 | return   10.900 | deliv  10.90 | blocked  2.6% | idle  0.0% | ent 0.321
  upd 3913 | return   10.700 | deliv  10.70 | blocked  2.6% | idle  0.0% | ent 0.371
  upd 3914 | return   10.500 | deliv  10.50 | blocked  3.0% | idle  0.0% | ent 0.339
  upd 3915 | return   10.300 | deliv  10.30 | blocked  2.3% | idle  0.0% | ent 0.355
  upd 3916 | return   10.400 | deliv  10.40 | blocked  2.6% | idle  0.0% | ent 0.329
  upd 3917 | return   13.600 | deliv  13.60 | blocked  2.9% | idle  0.0% | ent 0.343
  upd 3918 | return    8.000 | deliv   8.00 | blocked  8.0% | idle  0.0% | ent 0.284
  upd 3919 | return   10.500 | deliv  10.50 | blocked  2.8% | idle  0.0% | ent 0.342
  upd 3920 | return   10.800 | deliv  10.80 | blocked  2.9% | idle  0.0% | ent 0.333
  upd 3921 | return   10.900 | deliv  10.90 | blocked  3.9% | idle  0.0% | ent 0.308
  upd 3922 | return   10.800 | deliv  10.80 | blocked  3.2% | idle  0.0% | ent 0.327
  upd 3923 | return   11.100 | deliv  11.10 | blocked  3.4% | idle  0.0% | ent 0.308
  upd 3924 | return   12.000 | deliv  12.00 | blocked  2.7% | idle  0.0% | ent 0.318
  upd 3925 | return   11.500 | deliv  11.50 | blocked  2.6% | idle  0.0% | ent 0.332
  upd 3926 | return   11.600 | deliv  11.60 | blocked  3.6% | idle  0.0% | ent 0.342
  upd 3927 | return   11.300 | deliv  11.30 | blocked  4.2% | idle  0.0% | ent 0.279
  upd 3928 | return   10.800 | deliv  10.80 | blocked  3.3% | idle  0.0% | ent 0.310
  upd 3929 | return   12.800 | deliv  12.80 | blocked  2.6% | idle  0.0% | ent 0.332
  upd 3930 | return   11.700 | deliv  11.70 | blocked  2.4% | idle  0.0% | ent 0.341
  upd 3931 | return   10.600 | deliv  10.60 | blocked  5.6% | idle  0.0% | ent 0.308
  upd 3932 | return   10.600 | deliv  10.60 | blocked  3.7% | idle  0.0% | ent 0.314
  upd 3933 | return   12.600 | deliv  12.60 | blocked  3.1% | idle  0.0% | ent 0.323
  upd 3934 | return   13.900 | deliv  13.90 | blocked  2.3% | idle  0.0% | ent 0.342
  upd 3935 | return   14.300 | deliv  14.30 | blocked  3.3% | idle  0.0% | ent 0.311
  upd 3936 | return   13.300 | deliv  13.30 | blocked  2.9% | idle  0.0% | ent 0.336
  upd 3937 | return   11.500 | deliv  11.50 | blocked  3.8% | idle  0.0% | ent 0.301
  upd 3938 | return   14.800 | deliv  14.80 | blocked  2.6% | idle  0.0% | ent 0.338
  upd 3939 | return   12.300 | deliv  12.30 | blocked  3.6% | idle  0.0% | ent 0.313
  upd 3940 | return    9.300 | deliv   9.30 | blocked  2.7% | idle  0.0% | ent 0.303
  upd 3941 | return    9.000 | deliv   9.00 | blocked  3.3% | idle  0.0% | ent 0.285
  upd 3942 | return   11.200 | deliv  11.20 | blocked  2.6% | idle  0.0% | ent 0.313
  upd 3943 | return   11.100 | deliv  11.10 | blocked  2.8% | idle  0.0% | ent 0.294
  upd 3944 | return   13.000 | deliv  13.00 | blocked  2.6% | idle  0.0% | ent 0.327
  upd 3945 | return   10.300 | deliv  10.30 | blocked  2.3% | idle  0.0% | ent 0.316
  upd 3946 | return   12.500 | deliv  12.50 | blocked  5.9% | idle  0.0% | ent 0.288
  upd 3947 | return   11.400 | deliv  11.40 | blocked  2.3% | idle  0.0% | ent 0.288
  upd 3948 | return    8.700 | deliv   8.70 | blocked  3.9% | idle  0.0% | ent 0.279
  upd 3949 | return   10.800 | deliv  10.80 | blocked  2.6% | idle  0.0% | ent 0.310
  upd 3950 | return    9.900 | deliv   9.90 | blocked  2.8% | idle  0.0% | ent 0.297
  upd 3951 | return   11.100 | deliv  11.10 | blocked  2.7% | idle  0.0% | ent 0.347
  upd 3952 | return   11.200 | deliv  11.20 | blocked  2.2% | idle  0.0% | ent 0.336
  upd 3953 | return   10.000 | deliv  10.00 | blocked  2.4% | idle  0.0% | ent 0.337
  upd 3954 | return    9.400 | deliv   9.40 | blocked  2.5% | idle  0.0% | ent 0.324
  upd 3955 | return   12.000 | deliv  12.00 | blocked  2.1% | idle  0.0% | ent 0.324
  upd 3956 | return   13.700 | deliv  13.70 | blocked  2.5% | idle  0.0% | ent 0.345
  upd 3957 | return   11.400 | deliv  11.40 | blocked  2.2% | idle  0.0% | ent 0.316
  upd 3958 | return   12.800 | deliv  12.80 | blocked  2.6% | idle  0.0% | ent 0.332
  upd 3959 | return   12.700 | deliv  12.70 | blocked  2.3% | idle  0.0% | ent 0.319
  upd 3960 | return   14.000 | deliv  14.00 | blocked  2.3% | idle  0.0% | ent 0.343
  upd 3961 | return   11.900 | deliv  11.90 | blocked  2.3% | idle  0.0% | ent 0.341
  upd 3962 | return   10.700 | deliv  10.70 | blocked  2.7% | idle  0.0% | ent 0.315
  upd 3963 | return   12.500 | deliv  12.50 | blocked  2.2% | idle  0.0% | ent 0.310
  upd 3964 | return   11.100 | deliv  11.10 | blocked  2.4% | idle  0.0% | ent 0.301
  upd 3965 | return   12.700 | deliv  12.70 | blocked  2.1% | idle  0.0% | ent 0.315
  upd 3966 | return   15.200 | deliv  15.20 | blocked  2.4% | idle  0.0% | ent 0.318
  upd 3967 | return   12.000 | deliv  12.00 | blocked  4.8% | idle  0.0% | ent 0.286
  upd 3968 | return   13.900 | deliv  13.90 | blocked  2.4% | idle  0.0% | ent 0.304
  upd 3969 | return   14.100 | deliv  14.10 | blocked  2.6% | idle  0.0% | ent 0.319
  upd 3970 | return   13.200 | deliv  13.20 | blocked  2.3% | idle  0.0% | ent 0.305
  upd 3971 | return   14.200 | deliv  14.20 | blocked  1.7% | idle  0.0% | ent 0.311
  upd 3972 | return   16.300 | deliv  16.30 | blocked  1.7% | idle  0.0% | ent 0.312
  upd 3973 | return   15.300 | deliv  15.30 | blocked  2.0% | idle  0.0% | ent 0.315
  upd 3974 | return   11.600 | deliv  11.60 | blocked  1.9% | idle  0.0% | ent 0.328
  upd 3975 | return   10.300 | deliv  10.30 | blocked  1.8% | idle  0.0% | ent 0.325
  upd 3976 | return   13.900 | deliv  13.90 | blocked  2.0% | idle  0.0% | ent 0.322
  upd 3977 | return   10.200 | deliv  10.20 | blocked  2.2% | idle  0.0% | ent 0.305
  upd 3978 | return   12.900 | deliv  12.90 | blocked  2.1% | idle  0.0% | ent 0.317
  upd 3979 | return   14.000 | deliv  14.00 | blocked  1.9% | idle  0.0% | ent 0.326
  upd 3980 | return   15.600 | deliv  15.60 | blocked  2.3% | idle  0.0% | ent 0.304
  upd 3981 | return   12.300 | deliv  12.30 | blocked  2.8% | idle  0.0% | ent 0.350
  upd 3982 | return   12.000 | deliv  12.00 | blocked  2.4% | idle  0.0% | ent 0.334
  upd 3983 | return   12.900 | deliv  12.90 | blocked  2.5% | idle  0.0% | ent 0.346
  upd 3984 | return   11.100 | deliv  11.10 | blocked  2.4% | idle  0.0% | ent 0.323
  upd 3985 | return   11.600 | deliv  11.60 | blocked  3.0% | idle  0.0% | ent 0.336
  upd 3986 | return   10.300 | deliv  10.30 | blocked  2.9% | idle  0.0% | ent 0.319
  upd 3987 | return   12.900 | deliv  12.90 | blocked  2.6% | idle  0.0% | ent 0.358
  upd 3988 | return   11.000 | deliv  11.00 | blocked  2.8% | idle  0.0% | ent 0.290
  upd 3989 | return   11.000 | deliv  11.00 | blocked  2.7% | idle  0.0% | ent 0.311
  upd 3990 | return   13.200 | deliv  13.20 | blocked  3.2% | idle  0.0% | ent 0.289
  upd 3991 | return   10.700 | deliv  10.70 | blocked  3.0% | idle  0.0% | ent 0.284
  upd 3992 | return   12.300 | deliv  12.30 | blocked  3.3% | idle  0.0% | ent 0.307
  upd 3993 | return   12.600 | deliv  12.60 | blocked  2.4% | idle  0.0% | ent 0.327
  upd 3994 | return   15.100 | deliv  15.10 | blocked  2.2% | idle  0.0% | ent 0.357
  upd 3995 | return   14.100 | deliv  14.10 | blocked  2.6% | idle  0.0% | ent 0.316
  upd 3996 | return   14.400 | deliv  14.40 | blocked  3.3% | idle  0.0% | ent 0.329
  upd 3997 | return   14.300 | deliv  14.30 | blocked  2.5% | idle  0.0% | ent 0.349
  upd 3998 | return   15.200 | deliv  15.20 | blocked  2.3% | idle  0.0% | ent 0.332
  upd 3999 | return   14.100 | deliv  14.10 | blocked  2.3% | idle  0.0% | ent 0.328
  [replay @ update 4000] return 14.00  deliveries 14  -> runs/mappo_evo_tiny-4ag_seed2/replays/replay_upd004000_s0.npz
  upd 4000 | return   15.800 | deliv  15.80 | blocked  2.5% | idle  0.0% | ent 0.338
  upd 4001 | return   14.500 | deliv  14.50 | blocked  2.0% | idle  0.0% | ent 0.354
  upd 4002 | return   15.700 | deliv  15.70 | blocked  2.1% | idle  0.0% | ent 0.337
  upd 4003 | return   11.600 | deliv  11.60 | blocked  2.7% | idle  0.0% | ent 0.387
  upd 4004 | return   11.200 | deliv  11.20 | blocked  3.0% | idle  0.0% | ent 0.303
  upd 4005 | return   15.700 | deliv  15.70 | blocked  2.7% | idle  0.0% | ent 0.325
  upd 4006 | return   13.700 | deliv  13.70 | blocked  3.8% | idle  0.0% | ent 0.307
  upd 4007 | return   14.000 | deliv  14.00 | blocked  2.6% | idle  0.0% | ent 0.349
  upd 4008 | return   16.700 | deliv  16.70 | blocked  2.5% | idle  0.0% | ent 0.336
  upd 4009 | return   13.600 | deliv  13.60 | blocked  2.4% | idle  0.0% | ent 0.335
  upd 4010 | return   16.100 | deliv  16.10 | blocked  2.9% | idle  0.0% | ent 0.325
  upd 4011 | return   13.500 | deliv  13.50 | blocked  3.3% | idle  0.0% | ent 0.325
  upd 4012 | return   12.800 | deliv  12.80 | blocked  2.8% | idle  0.0% | ent 0.350
  upd 4013 | return   14.200 | deliv  14.20 | blocked  2.8% | idle  0.0% | ent 0.344
  upd 4014 | return   11.300 | deliv  11.30 | blocked  2.4% | idle  0.0% | ent 0.346
  upd 4015 | return   12.600 | deliv  12.60 | blocked  2.6% | idle  0.0% | ent 0.374
  upd 4016 | return   14.100 | deliv  14.10 | blocked  2.5% | idle  0.0% | ent 0.351
  upd 4017 | return   11.900 | deliv  11.90 | blocked  2.6% | idle  0.0% | ent 0.299
  upd 4018 | return   13.500 | deliv  13.50 | blocked  2.4% | idle  0.0% | ent 0.371
  upd 4019 | return   14.500 | deliv  14.50 | blocked  2.2% | idle  0.0% | ent 0.372
  upd 4020 | return   12.500 | deliv  12.50 | blocked  2.2% | idle  0.0% | ent 0.350
  upd 4021 | return   13.300 | deliv  13.30 | blocked  2.4% | idle  0.0% | ent 0.358
  upd 4022 | return   10.900 | deliv  10.90 | blocked  2.3% | idle  0.0% | ent 0.334
  upd 4023 | return   11.200 | deliv  11.20 | blocked  2.5% | idle  0.0% | ent 0.343
  upd 4024 | return   12.200 | deliv  12.20 | blocked  1.7% | idle  0.0% | ent 0.380
  upd 4025 | return   11.300 | deliv  11.30 | blocked  2.3% | idle  0.0% | ent 0.354
  upd 4026 | return    9.900 | deliv   9.90 | blocked  2.2% | idle  0.0% | ent 0.342
  upd 4027 | return   10.200 | deliv  10.20 | blocked  2.1% | idle  0.0% | ent 0.360
  upd 4028 | return   12.000 | deliv  12.00 | blocked  2.1% | idle  0.0% | ent 0.393
  upd 4029 | return    9.200 | deliv   9.20 | blocked  2.4% | idle  0.0% | ent 0.361
  upd 4030 | return   11.800 | deliv  11.80 | blocked  2.4% | idle  0.0% | ent 0.346
  upd 4031 | return    9.200 | deliv   9.20 | blocked  2.7% | idle  0.0% | ent 0.322
  upd 4032 | return   12.900 | deliv  12.90 | blocked  2.2% | idle  0.0% | ent 0.370
  upd 4033 | return   11.600 | deliv  11.60 | blocked  2.1% | idle  0.0% | ent 0.373
  upd 4034 | return   14.200 | deliv  14.20 | blocked  2.3% | idle  0.0% | ent 0.339
  upd 4035 | return   11.100 | deliv  11.10 | blocked  2.5% | idle  0.0% | ent 0.360
  upd 4036 | return   15.400 | deliv  15.40 | blocked  2.0% | idle  0.0% | ent 0.369
  upd 4037 | return   12.600 | deliv  12.60 | blocked  2.5% | idle  0.0% | ent 0.365
  upd 4038 | return   13.800 | deliv  13.80 | blocked  2.2% | idle  0.0% | ent 0.331
  upd 4039 | return   13.400 | deliv  13.40 | blocked  2.6% | idle  0.0% | ent 0.323
  upd 4040 | return   13.400 | deliv  13.40 | blocked  2.4% | idle  0.0% | ent 0.321
  upd 4041 | return   12.900 | deliv  12.90 | blocked  2.3% | idle  0.0% | ent 0.321
  upd 4042 | return   13.400 | deliv  13.40 | blocked  2.1% | idle  0.0% | ent 0.337
  upd 4043 | return   13.500 | deliv  13.50 | blocked  2.1% | idle  0.0% | ent 0.341
  upd 4044 | return   14.000 | deliv  14.00 | blocked  2.0% | idle  0.0% | ent 0.352
  upd 4045 | return   12.700 | deliv  12.70 | blocked  1.6% | idle  0.0% | ent 0.351
  upd 4046 | return   11.700 | deliv  11.70 | blocked  2.3% | idle  0.0% | ent 0.329
  upd 4047 | return   12.800 | deliv  12.80 | blocked  1.9% | idle  0.0% | ent 0.340
  upd 4048 | return   13.200 | deliv  13.20 | blocked  1.9% | idle  0.0% | ent 0.322
  upd 4049 | return   12.700 | deliv  12.70 | blocked  2.4% | idle  0.0% | ent 0.324
  upd 4050 | return   15.800 | deliv  15.80 | blocked  2.4% | idle  0.0% | ent 0.318
  upd 4051 | return   13.700 | deliv  13.70 | blocked  1.9% | idle  0.0% | ent 0.337
  upd 4052 | return   15.800 | deliv  15.80 | blocked  2.1% | idle  0.0% | ent 0.331
  upd 4053 | return   15.100 | deliv  15.10 | blocked  1.8% | idle  0.0% | ent 0.354
  upd 4054 | return   14.600 | deliv  14.60 | blocked  1.9% | idle  0.0% | ent 0.326
  upd 4055 | return   15.600 | deliv  15.60 | blocked  1.8% | idle  0.0% | ent 0.308
  upd 4056 | return   15.600 | deliv  15.60 | blocked  1.6% | idle  0.0% | ent 0.319
  upd 4057 | return   11.800 | deliv  11.80 | blocked  1.5% | idle  0.0% | ent 0.315
  upd 4058 | return   13.900 | deliv  13.90 | blocked  1.8% | idle  0.0% | ent 0.315
  upd 4059 | return   15.300 | deliv  15.30 | blocked  1.6% | idle  0.0% | ent 0.327
  upd 4060 | return   17.200 | deliv  17.20 | blocked  1.9% | idle  0.0% | ent 0.304
  upd 4061 | return   15.300 | deliv  15.30 | blocked  2.6% | idle  0.0% | ent 0.310
  upd 4062 | return   14.300 | deliv  14.30 | blocked  2.2% | idle  0.0% | ent 0.313
  upd 4063 | return   17.900 | deliv  17.90 | blocked  2.4% | idle  0.0% | ent 0.313
  upd 4064 | return   15.500 | deliv  15.50 | blocked  1.9% | idle  0.0% | ent 0.301
  upd 4065 | return   15.900 | deliv  15.90 | blocked  2.1% | idle  0.0% | ent 0.333
  upd 4066 | return   15.700 | deliv  15.70 | blocked  1.8% | idle  0.0% | ent 0.329
  upd 4067 | return   17.100 | deliv  17.10 | blocked  2.0% | idle  0.0% | ent 0.325
  upd 4068 | return   13.700 | deliv  13.70 | blocked  1.7% | idle  0.0% | ent 0.323
  upd 4069 | return   16.600 | deliv  16.60 | blocked  2.2% | idle  0.0% | ent 0.346
  upd 4070 | return   14.300 | deliv  14.30 | blocked  1.9% | idle  0.0% | ent 0.348
  upd 4071 | return   12.000 | deliv  12.00 | blocked  4.6% | idle  0.0% | ent 0.360
  upd 4072 | return   14.800 | deliv  14.80 | blocked  1.7% | idle  0.0% | ent 0.372
  upd 4073 | return   15.100 | deliv  15.10 | blocked  1.9% | idle  0.0% | ent 0.382
  upd 4074 | return   13.100 | deliv  13.10 | blocked  1.9% | idle  0.0% | ent 0.393
  upd 4075 | return   16.200 | deliv  16.20 | blocked  2.1% | idle  0.0% | ent 0.376
  upd 4076 | return   17.700 | deliv  17.70 | blocked  1.9% | idle  0.0% | ent 0.363
  upd 4077 | return   13.500 | deliv  13.50 | blocked  2.3% | idle  0.0% | ent 0.387
  upd 4078 | return   13.400 | deliv  13.40 | blocked  2.4% | idle  0.0% | ent 0.346
  upd 4079 | return   15.100 | deliv  15.10 | blocked  2.8% | idle  0.0% | ent 0.348
  upd 4080 | return   13.500 | deliv  13.50 | blocked  3.4% | idle  0.0% | ent 0.372
  upd 4081 | return   14.700 | deliv  14.70 | blocked  2.4% | idle  0.0% | ent 0.334
  upd 4082 | return   12.900 | deliv  12.90 | blocked  3.0% | idle  0.0% | ent 0.340
  upd 4083 | return   15.900 | deliv  15.90 | blocked  3.1% | idle  0.0% | ent 0.328
  upd 4084 | return   14.300 | deliv  14.30 | blocked  3.0% | idle  0.0% | ent 0.343
  upd 4085 | return   15.100 | deliv  15.10 | blocked  2.7% | idle  0.0% | ent 0.349
  upd 4086 | return   18.400 | deliv  18.40 | blocked  2.1% | idle  0.0% | ent 0.367
  upd 4087 | return   14.700 | deliv  14.70 | blocked  2.0% | idle  0.0% | ent 0.345
  upd 4088 | return   15.400 | deliv  15.40 | blocked  2.0% | idle  0.0% | ent 0.373
  upd 4089 | return   15.700 | deliv  15.70 | blocked  2.0% | idle  0.0% | ent 0.356
  upd 4090 | return   13.800 | deliv  13.80 | blocked  1.7% | idle  0.0% | ent 0.348
  upd 4091 | return   14.800 | deliv  14.80 | blocked  3.2% | idle  0.0% | ent 0.333
  upd 4092 | return   13.700 | deliv  13.70 | blocked  2.2% | idle  0.0% | ent 0.334
  upd 4093 | return   17.000 | deliv  17.00 | blocked  2.1% | idle  0.0% | ent 0.348
  upd 4094 | return   13.000 | deliv  13.00 | blocked  2.8% | idle  0.0% | ent 0.354
  upd 4095 | return   14.500 | deliv  14.50 | blocked  2.7% | idle  0.0% | ent 0.354
  upd 4096 | return   14.800 | deliv  14.80 | blocked  2.1% | idle  0.0% | ent 0.347
  upd 4097 | return   11.900 | deliv  11.90 | blocked  2.0% | idle  0.0% | ent 0.342
  upd 4098 | return   15.400 | deliv  15.40 | blocked  2.0% | idle  0.0% | ent 0.341
  upd 4099 | return   15.200 | deliv  15.20 | blocked  1.7% | idle  0.0% | ent 0.329
  [replay @ update 4100] return 14.00  deliveries 14  -> runs/mappo_evo_tiny-4ag_seed2/replays/replay_upd004100_s0.npz
  upd 4100 | return   13.700 | deliv  13.70 | blocked  2.0% | idle  0.0% | ent 0.332
  upd 4101 | return   13.500 | deliv  13.50 | blocked  2.1% | idle  0.0% | ent 0.338
  upd 4102 | return   13.400 | deliv  13.40 | blocked  1.7% | idle  0.0% | ent 0.320
  upd 4103 | return   13.200 | deliv  13.20 | blocked  2.6% | idle  0.0% | ent 0.342
  upd 4104 | return   13.800 | deliv  13.80 | blocked  3.2% | idle  0.0% | ent 0.333
  upd 4105 | return   16.400 | deliv  16.40 | blocked  2.2% | idle  0.0% | ent 0.334
  upd 4106 | return   15.500 | deliv  15.50 | blocked  2.4% | idle  0.0% | ent 0.332
  upd 4107 | return   15.300 | deliv  15.30 | blocked  2.1% | idle  0.0% | ent 0.357
  upd 4108 | return   16.800 | deliv  16.80 | blocked  1.9% | idle  0.0% | ent 0.339
  upd 4109 | return   14.600 | deliv  14.60 | blocked  1.7% | idle  0.0% | ent 0.342
  upd 4110 | return   16.000 | deliv  16.00 | blocked  1.7% | idle  0.0% | ent 0.341
  upd 4111 | return   13.200 | deliv  13.20 | blocked  1.7% | idle  0.0% | ent 0.352
  upd 4112 | return   14.700 | deliv  14.70 | blocked  1.9% | idle  0.0% | ent 0.370
  upd 4113 | return   14.700 | deliv  14.70 | blocked  1.9% | idle  0.0% | ent 0.369
  upd 4114 | return   14.700 | deliv  14.70 | blocked  1.9% | idle  0.0% | ent 0.339
  upd 4115 | return   13.600 | deliv  13.60 | blocked  1.9% | idle  0.0% | ent 0.342
  upd 4116 | return   16.500 | deliv  16.50 | blocked  2.0% | idle  0.0% | ent 0.355
  upd 4117 | return   15.500 | deliv  15.50 | blocked  2.0% | idle  0.0% | ent 0.351
  upd 4118 | return   12.400 | deliv  12.40 | blocked  2.2% | idle  0.0% | ent 0.322
  upd 4119 | return   17.900 | deliv  17.90 | blocked  2.3% | idle  0.0% | ent 0.341
  upd 4120 | return   17.900 | deliv  17.90 | blocked  2.3% | idle  0.0% | ent 0.365
  upd 4121 | return   15.700 | deliv  15.70 | blocked  2.0% | idle  0.0% | ent 0.339
  upd 4122 | return   14.900 | deliv  14.90 | blocked  2.0% | idle  0.0% | ent 0.357
  upd 4123 | return   15.500 | deliv  15.50 | blocked  2.4% | idle  0.0% | ent 0.328
  upd 4124 | return   16.300 | deliv  16.30 | blocked  2.8% | idle  0.0% | ent 0.323
  upd 4125 | return   14.500 | deliv  14.50 | blocked  2.1% | idle  0.0% | ent 0.313
  upd 4126 | return   15.400 | deliv  15.40 | blocked  2.7% | idle  0.0% | ent 0.332
  upd 4127 | return   17.200 | deliv  17.20 | blocked  2.1% | idle  0.0% | ent 0.360
  upd 4128 | return   12.300 | deliv  12.30 | blocked  2.1% | idle  0.0% | ent 0.330
  upd 4129 | return   19.300 | deliv  19.30 | blocked  2.4% | idle  0.0% | ent 0.334
  upd 4130 | return   17.600 | deliv  17.60 | blocked  2.2% | idle  0.0% | ent 0.328
  upd 4131 | return   20.000 | deliv  20.00 | blocked  2.0% | idle  0.0% | ent 0.343
  upd 4132 | return   18.800 | deliv  18.80 | blocked  1.8% | idle  0.0% | ent 0.343
  upd 4133 | return   15.600 | deliv  15.60 | blocked  2.2% | idle  0.0% | ent 0.303
  upd 4134 | return   15.800 | deliv  15.80 | blocked  2.5% | idle  0.0% | ent 0.323
  upd 4135 | return   18.900 | deliv  18.90 | blocked  2.1% | idle  0.0% | ent 0.345
  upd 4136 | return   12.000 | deliv  12.00 | blocked  2.9% | idle  0.0% | ent 0.314
  upd 4137 | return   15.700 | deliv  15.70 | blocked  2.7% | idle  0.0% | ent 0.306
  upd 4138 | return   15.400 | deliv  15.40 | blocked  2.8% | idle  0.0% | ent 0.302
  upd 4139 | return   18.500 | deliv  18.50 | blocked  3.3% | idle  0.0% | ent 0.295
  upd 4140 | return   17.400 | deliv  17.40 | blocked  2.9% | idle  0.0% | ent 0.286
  upd 4141 | return   14.500 | deliv  14.50 | blocked  2.4% | idle  0.0% | ent 0.276
  upd 4142 | return   16.800 | deliv  16.80 | blocked  2.7% | idle  0.0% | ent 0.281
  upd 4143 | return   14.200 | deliv  14.20 | blocked  2.5% | idle  0.0% | ent 0.271
  upd 4144 | return   15.000 | deliv  15.00 | blocked  3.5% | idle  0.0% | ent 0.313
  upd 4145 | return   16.200 | deliv  16.20 | blocked  2.3% | idle  0.0% | ent 0.287
  upd 4146 | return   15.600 | deliv  15.60 | blocked  2.1% | idle  0.0% | ent 0.287
  upd 4147 | return   18.500 | deliv  18.50 | blocked  2.4% | idle  0.0% | ent 0.286
  upd 4148 | return   14.300 | deliv  14.30 | blocked  3.0% | idle  0.0% | ent 0.288
  upd 4149 | return   16.000 | deliv  16.00 | blocked  2.7% | idle  0.0% | ent 0.289
  upd 4150 | return   11.800 | deliv  11.80 | blocked  3.0% | idle  0.0% | ent 0.286
  upd 4151 | return   14.400 | deliv  14.40 | blocked  2.7% | idle  0.0% | ent 0.251
  upd 4152 | return   14.800 | deliv  14.80 | blocked  2.2% | idle  0.0% | ent 0.267
  upd 4153 | return   17.700 | deliv  17.70 | blocked  2.6% | idle  0.0% | ent 0.275
  upd 4154 | return   17.300 | deliv  17.30 | blocked  3.1% | idle  0.0% | ent 0.259
  upd 4155 | return   17.100 | deliv  17.10 | blocked  3.0% | idle  0.0% | ent 0.259
  upd 4156 | return   15.900 | deliv  15.90 | blocked  2.4% | idle  0.0% | ent 0.258
  upd 4157 | return   20.100 | deliv  20.10 | blocked  2.2% | idle  0.0% | ent 0.285
  upd 4158 | return   15.200 | deliv  15.20 | blocked  2.4% | idle  0.0% | ent 0.286
  upd 4159 | return   15.600 | deliv  15.60 | blocked  2.4% | idle  0.0% | ent 0.292
  upd 4160 | return   14.500 | deliv  14.50 | blocked  2.3% | idle  0.0% | ent 0.278
  upd 4161 | return   16.100 | deliv  16.10 | blocked  2.6% | idle  0.0% | ent 0.290
  upd 4162 | return   15.700 | deliv  15.70 | blocked  2.5% | idle  0.0% | ent 0.302
  upd 4163 | return   16.600 | deliv  16.60 | blocked  2.5% | idle  0.0% | ent 0.285
  upd 4164 | return   13.200 | deliv  13.20 | blocked  2.2% | idle  0.0% | ent 0.267
  upd 4165 | return   15.400 | deliv  15.40 | blocked  2.1% | idle  0.0% | ent 0.297
  upd 4166 | return   17.500 | deliv  17.50 | blocked  2.6% | idle  0.0% | ent 0.287
  upd 4167 | return   15.100 | deliv  15.10 | blocked  2.0% | idle  0.0% | ent 0.289
  upd 4168 | return   18.000 | deliv  18.00 | blocked  2.4% | idle  0.0% | ent 0.297
  upd 4169 | return   14.400 | deliv  14.40 | blocked  2.1% | idle  0.0% | ent 0.301
  upd 4170 | return   17.200 | deliv  17.20 | blocked  2.4% | idle  0.0% | ent 0.282
  upd 4171 | return   17.300 | deliv  17.30 | blocked  2.4% | idle  0.0% | ent 0.293
  upd 4172 | return   15.600 | deliv  15.60 | blocked  2.5% | idle  0.0% | ent 0.303
  upd 4173 | return   13.700 | deliv  13.70 | blocked  2.6% | idle  0.0% | ent 0.316
  upd 4174 | return   15.400 | deliv  15.40 | blocked  2.5% | idle  0.0% | ent 0.326
  upd 4175 | return   18.100 | deliv  18.10 | blocked  2.5% | idle  0.0% | ent 0.301
  upd 4176 | return   14.200 | deliv  14.20 | blocked  2.4% | idle  0.0% | ent 0.327
  upd 4177 | return   17.600 | deliv  17.60 | blocked  2.5% | idle  0.0% | ent 0.299
  upd 4178 | return   14.300 | deliv  14.30 | blocked  2.3% | idle  0.0% | ent 0.293
  upd 4179 | return   12.600 | deliv  12.60 | blocked  2.4% | idle  0.0% | ent 0.278
  upd 4180 | return   16.100 | deliv  16.10 | blocked  2.1% | idle  0.0% | ent 0.293
  upd 4181 | return   13.400 | deliv  13.40 | blocked  1.9% | idle  0.0% | ent 0.285
  upd 4182 | return   14.900 | deliv  14.90 | blocked  2.4% | idle  0.0% | ent 0.284
  upd 4183 | return   13.900 | deliv  13.90 | blocked  2.6% | idle  0.0% | ent 0.301
  upd 4184 | return   17.300 | deliv  17.30 | blocked  2.2% | idle  0.0% | ent 0.308
  upd 4185 | return   16.000 | deliv  16.00 | blocked  2.9% | idle  0.0% | ent 0.305
  upd 4186 | return   13.400 | deliv  13.40 | blocked  2.1% | idle  0.0% | ent 0.286
  upd 4187 | return   16.100 | deliv  16.10 | blocked  2.4% | idle  0.0% | ent 0.317
  upd 4188 | return   14.100 | deliv  14.10 | blocked  2.0% | idle  0.0% | ent 0.301
  upd 4189 | return   14.200 | deliv  14.20 | blocked  4.7% | idle  0.0% | ent 0.281
  upd 4190 | return   15.600 | deliv  15.60 | blocked  3.2% | idle  0.0% | ent 0.307
  upd 4191 | return   14.500 | deliv  14.50 | blocked  2.0% | idle  0.0% | ent 0.278
  upd 4192 | return   14.300 | deliv  14.30 | blocked  2.6% | idle  0.0% | ent 0.288
  upd 4193 | return   14.900 | deliv  14.90 | blocked  2.5% | idle  0.0% | ent 0.295
  upd 4194 | return   15.100 | deliv  15.10 | blocked  2.7% | idle  0.0% | ent 0.316
  upd 4195 | return   11.700 | deliv  11.70 | blocked  2.4% | idle  0.0% | ent 0.328
  upd 4196 | return   14.400 | deliv  14.40 | blocked  2.2% | idle  0.0% | ent 0.353
  upd 4197 | return   12.500 | deliv  12.50 | blocked  4.5% | idle  0.0% | ent 0.288
  upd 4198 | return   14.200 | deliv  14.20 | blocked  4.7% | idle  0.0% | ent 0.323
  upd 4199 | return   13.900 | deliv  13.90 | blocked  2.2% | idle  0.0% | ent 0.337
  [replay @ update 4200] return 22.00  deliveries 22  -> runs/mappo_evo_tiny-4ag_seed2/replays/replay_upd004200_s0.npz
  upd 4200 | return   14.400 | deliv  14.40 | blocked  2.1% | idle  0.1% | ent 0.355
  upd 4201 | return   15.500 | deliv  15.50 | blocked  1.7% | idle  0.0% | ent 0.330
  upd 4202 | return   15.100 | deliv  15.10 | blocked  1.9% | idle  0.0% | ent 0.343
  upd 4203 | return   13.900 | deliv  13.90 | blocked  1.9% | idle  0.0% | ent 0.309
  upd 4204 | return   14.400 | deliv  14.40 | blocked  2.3% | idle  0.0% | ent 0.299
  upd 4205 | return   12.200 | deliv  12.20 | blocked  2.0% | idle  0.1% | ent 0.284
  upd 4206 | return   17.700 | deliv  17.70 | blocked  2.3% | idle  0.1% | ent 0.288
  upd 4207 | return   15.400 | deliv  15.40 | blocked  1.9% | idle  0.0% | ent 0.310
  upd 4208 | return   15.400 | deliv  15.40 | blocked  1.7% | idle  0.0% | ent 0.308
  upd 4209 | return   11.400 | deliv  11.40 | blocked  1.8% | idle  0.0% | ent 0.311
  upd 4210 | return   14.700 | deliv  14.70 | blocked  1.6% | idle  0.0% | ent 0.310
  upd 4211 | return   13.100 | deliv  13.10 | blocked  2.0% | idle  0.0% | ent 0.311
  upd 4212 | return   12.200 | deliv  12.20 | blocked  2.0% | idle  0.1% | ent 0.306
  upd 4213 | return   12.900 | deliv  12.90 | blocked  2.0% | idle  0.0% | ent 0.312
  upd 4214 | return   17.600 | deliv  17.60 | blocked  2.1% | idle  0.0% | ent 0.308
  upd 4215 | return   17.400 | deliv  17.40 | blocked  1.9% | idle  0.0% | ent 0.335
  upd 4216 | return   13.300 | deliv  13.30 | blocked  1.9% | idle  0.0% | ent 0.311
  upd 4217 | return   14.300 | deliv  14.30 | blocked  1.8% | idle  0.0% | ent 0.321
  upd 4218 | return   14.500 | deliv  14.50 | blocked  2.3% | idle  0.0% | ent 0.286
  upd 4219 | return   15.600 | deliv  15.60 | blocked  1.9% | idle  0.0% | ent 0.299
  upd 4220 | return   14.500 | deliv  14.50 | blocked  2.2% | idle  0.0% | ent 0.303
  upd 4221 | return   14.000 | deliv  14.00 | blocked  2.2% | idle  0.0% | ent 0.293
  upd 4222 | return   15.100 | deliv  15.10 | blocked  2.4% | idle  0.0% | ent 0.304
  upd 4223 | return   16.800 | deliv  16.80 | blocked  2.2% | idle  0.0% | ent 0.311
  upd 4224 | return   10.700 | deliv  10.70 | blocked  2.0% | idle  0.0% | ent 0.330
  upd 4225 | return   15.000 | deliv  15.00 | blocked  2.1% | idle  0.0% | ent 0.341
  upd 4226 | return   12.800 | deliv  12.80 | blocked  1.8% | idle  0.0% | ent 0.323
  upd 4227 | return   11.600 | deliv  11.60 | blocked  2.2% | idle  0.0% | ent 0.322
  upd 4228 | return   15.400 | deliv  15.40 | blocked  2.6% | idle  0.0% | ent 0.332
  upd 4229 | return   15.000 | deliv  15.00 | blocked  2.2% | idle  0.0% | ent 0.342
  upd 4230 | return   14.500 | deliv  14.50 | blocked  2.3% | idle  0.0% | ent 0.326
  upd 4231 | return   15.400 | deliv  15.40 | blocked  2.3% | idle  0.0% | ent 0.328
  upd 4232 | return   14.800 | deliv  14.80 | blocked  2.7% | idle  0.0% | ent 0.327
  upd 4233 | return   15.700 | deliv  15.70 | blocked  2.2% | idle  0.0% | ent 0.333
  upd 4234 | return   18.900 | deliv  18.90 | blocked  2.2% | idle  0.0% | ent 0.318
  upd 4235 | return   17.400 | deliv  17.40 | blocked  2.1% | idle  0.0% | ent 0.332
  upd 4236 | return   17.300 | deliv  17.30 | blocked  2.3% | idle  0.0% | ent 0.324
  upd 4237 | return   16.500 | deliv  16.50 | blocked  2.7% | idle  0.0% | ent 0.305
  upd 4238 | return   15.600 | deliv  15.60 | blocked  2.4% | idle  0.0% | ent 0.300
  upd 4239 | return   15.600 | deliv  15.60 | blocked  3.5% | idle  0.0% | ent 0.326
  upd 4240 | return   13.400 | deliv  13.40 | blocked  3.0% | idle  0.0% | ent 0.295
  upd 4241 | return   17.700 | deliv  17.70 | blocked  2.3% | idle  0.0% | ent 0.294
  upd 4242 | return   16.900 | deliv  16.90 | blocked  2.8% | idle  0.0% | ent 0.304
  upd 4243 | return   13.400 | deliv  13.40 | blocked  2.4% | idle  0.0% | ent 0.315
  upd 4244 | return   14.800 | deliv  14.80 | blocked  2.1% | idle  0.0% | ent 0.323
  upd 4245 | return   13.600 | deliv  13.60 | blocked  2.7% | idle  0.0% | ent 0.308
  upd 4246 | return   16.600 | deliv  16.60 | blocked  2.5% | idle  0.0% | ent 0.272
  upd 4247 | return   14.900 | deliv  14.90 | blocked  2.3% | idle  0.0% | ent 0.299
  upd 4248 | return   16.800 | deliv  16.80 | blocked  2.9% | idle  0.0% | ent 0.273
  upd 4249 | return   16.400 | deliv  16.40 | blocked  2.2% | idle  0.0% | ent 0.272
  upd 4250 | return   15.400 | deliv  15.40 | blocked  2.7% | idle  0.0% | ent 0.283
  upd 4251 | return   18.600 | deliv  18.60 | blocked  2.2% | idle  0.0% | ent 0.287
  upd 4252 | return   18.700 | deliv  18.70 | blocked  2.9% | idle  0.0% | ent 0.289
  upd 4253 | return   15.700 | deliv  15.70 | blocked  3.1% | idle  0.0% | ent 0.275
  upd 4254 | return   14.000 | deliv  14.00 | blocked  1.8% | idle  0.0% | ent 0.277
  upd 4255 | return   13.900 | deliv  13.90 | blocked  2.2% | idle  0.0% | ent 0.283
  upd 4256 | return   18.800 | deliv  18.80 | blocked  2.1% | idle  0.0% | ent 0.275
  upd 4257 | return   16.800 | deliv  16.80 | blocked  3.0% | idle  0.0% | ent 0.300
  upd 4258 | return   15.400 | deliv  15.40 | blocked  2.4% | idle  0.0% | ent 0.287
  upd 4259 | return   19.300 | deliv  19.30 | blocked  2.7% | idle  0.0% | ent 0.307
  upd 4260 | return   15.100 | deliv  15.10 | blocked  1.7% | idle  0.0% | ent 0.303
  upd 4261 | return   17.000 | deliv  17.00 | blocked  2.2% | idle  0.0% | ent 0.306
  upd 4262 | return   15.500 | deliv  15.50 | blocked  1.9% | idle  0.0% | ent 0.310
  upd 4263 | return   16.100 | deliv  16.10 | blocked  2.6% | idle  0.0% | ent 0.315
  upd 4264 | return   13.400 | deliv  13.40 | blocked  2.4% | idle  0.0% | ent 0.300
  upd 4265 | return   18.000 | deliv  18.00 | blocked  2.3% | idle  0.0% | ent 0.282
  upd 4266 | return   17.900 | deliv  17.90 | blocked  2.2% | idle  0.0% | ent 0.297
  upd 4267 | return   14.100 | deliv  14.10 | blocked  2.5% | idle  0.0% | ent 0.290
  upd 4268 | return   15.200 | deliv  15.20 | blocked  2.0% | idle  0.0% | ent 0.305
  upd 4269 | return   16.100 | deliv  16.10 | blocked  2.1% | idle  0.0% | ent 0.287
  upd 4270 | return   13.500 | deliv  13.50 | blocked  2.4% | idle  0.0% | ent 0.296
  upd 4271 | return   17.500 | deliv  17.50 | blocked  2.0% | idle  0.0% | ent 0.279
  upd 4272 | return   15.400 | deliv  15.40 | blocked  3.0% | idle  0.0% | ent 0.302
  upd 4273 | return   16.300 | deliv  16.30 | blocked  2.8% | idle  0.0% | ent 0.279
  upd 4274 | return   18.200 | deliv  18.20 | blocked  2.8% | idle  0.0% | ent 0.289
  upd 4275 | return   10.400 | deliv  10.40 | blocked  2.3% | idle  0.0% | ent 0.285
  upd 4276 | return   19.700 | deliv  19.70 | blocked  2.2% | idle  0.0% | ent 0.297
  upd 4277 | return   17.400 | deliv  17.40 | blocked  2.5% | idle  0.0% | ent 0.299
  upd 4278 | return   14.700 | deliv  14.70 | blocked  1.9% | idle  0.0% | ent 0.307
  upd 4279 | return   14.000 | deliv  14.00 | blocked  1.8% | idle  0.0% | ent 0.317
  upd 4280 | return   17.400 | deliv  17.40 | blocked  2.8% | idle  0.0% | ent 0.288
  upd 4281 | return   13.000 | deliv  13.00 | blocked  2.0% | idle  0.0% | ent 0.283
  upd 4282 | return   15.300 | deliv  15.30 | blocked  2.2% | idle  0.0% | ent 0.300
  upd 4283 | return   13.500 | deliv  13.50 | blocked  3.0% | idle  0.0% | ent 0.287
  upd 4284 | return   17.000 | deliv  17.00 | blocked  3.5% | idle  0.0% | ent 0.295
  upd 4285 | return   16.100 | deliv  16.10 | blocked  2.5% | idle  0.0% | ent 0.289
  upd 4286 | return   16.600 | deliv  16.60 | blocked  2.6% | idle  0.0% | ent 0.319
  upd 4287 | return   16.500 | deliv  16.50 | blocked  2.3% | idle  0.0% | ent 0.337
  upd 4288 | return   17.800 | deliv  17.80 | blocked  2.5% | idle  0.0% | ent 0.326
  upd 4289 | return   16.400 | deliv  16.40 | blocked  2.2% | idle  0.0% | ent 0.334
  upd 4290 | return   14.900 | deliv  14.90 | blocked  2.0% | idle  0.0% | ent 0.322
  upd 4291 | return   16.200 | deliv  16.20 | blocked  2.1% | idle  0.0% | ent 0.310
  upd 4292 | return   16.700 | deliv  16.70 | blocked  3.0% | idle  0.0% | ent 0.294
  upd 4293 | return   17.100 | deliv  17.10 | blocked  2.6% | idle  0.0% | ent 0.283
  upd 4294 | return   14.400 | deliv  14.40 | blocked  2.9% | idle  0.0% | ent 0.311
  upd 4295 | return   16.500 | deliv  16.50 | blocked  3.9% | idle  0.0% | ent 0.310
  upd 4296 | return   13.300 | deliv  13.30 | blocked  2.2% | idle  0.0% | ent 0.289
  upd 4297 | return   16.700 | deliv  16.70 | blocked  2.8% | idle  0.0% | ent 0.306
  upd 4298 | return   12.500 | deliv  12.50 | blocked  2.2% | idle  0.0% | ent 0.278
  upd 4299 | return   17.100 | deliv  17.10 | blocked  2.8% | idle  0.0% | ent 0.303
  [replay @ update 4300] return 15.00  deliveries 15  -> runs/mappo_evo_tiny-4ag_seed2/replays/replay_upd004300_s0.npz
  upd 4300 | return   15.400 | deliv  15.40 | blocked  2.7% | idle  0.0% | ent 0.291
  upd 4301 | return   16.700 | deliv  16.70 | blocked  2.9% | idle  0.0% | ent 0.297
  upd 4302 | return   13.600 | deliv  13.60 | blocked  2.8% | idle  0.0% | ent 0.277
  upd 4303 | return   15.900 | deliv  15.90 | blocked  3.0% | idle  0.0% | ent 0.286
  upd 4304 | return   16.800 | deliv  16.80 | blocked  2.6% | idle  0.0% | ent 0.276
  upd 4305 | return   17.900 | deliv  17.90 | blocked  2.5% | idle  0.0% | ent 0.281
  upd 4306 | return   16.500 | deliv  16.50 | blocked  2.2% | idle  0.0% | ent 0.290
  upd 4307 | return   14.700 | deliv  14.70 | blocked  2.9% | idle  0.0% | ent 0.289
  upd 4308 | return   14.300 | deliv  14.30 | blocked  3.0% | idle  0.0% | ent 0.265
  upd 4309 | return   13.500 | deliv  13.50 | blocked  3.4% | idle  0.0% | ent 0.288
  upd 4310 | return   12.700 | deliv  12.70 | blocked  2.3% | idle  0.0% | ent 0.281
  upd 4311 | return   15.400 | deliv  15.40 | blocked  2.7% | idle  0.0% | ent 0.283
  upd 4312 | return   12.000 | deliv  12.00 | blocked  2.2% | idle  0.0% | ent 0.276
  upd 4313 | return   15.900 | deliv  15.90 | blocked  2.6% | idle  0.0% | ent 0.292
  upd 4314 | return   16.900 | deliv  16.90 | blocked  2.7% | idle  0.0% | ent 0.306
  upd 4315 | return   15.500 | deliv  15.50 | blocked  2.4% | idle  0.0% | ent 0.295
  upd 4316 | return   17.700 | deliv  17.70 | blocked  2.6% | idle  0.0% | ent 0.298
  upd 4317 | return   16.000 | deliv  16.00 | blocked  2.2% | idle  0.0% | ent 0.298
  upd 4318 | return   13.900 | deliv  13.90 | blocked  2.8% | idle  0.0% | ent 0.279
  upd 4319 | return   18.000 | deliv  18.00 | blocked  2.2% | idle  0.0% | ent 0.318
  upd 4320 | return   14.800 | deliv  14.80 | blocked  2.5% | idle  0.0% | ent 0.293
  upd 4321 | return   14.800 | deliv  14.80 | blocked  2.7% | idle  0.0% | ent 0.298
  upd 4322 | return   17.200 | deliv  17.20 | blocked  2.9% | idle  0.0% | ent 0.277
  upd 4323 | return   15.100 | deliv  15.10 | blocked  2.9% | idle  0.0% | ent 0.263
  upd 4324 | return   13.500 | deliv  13.50 | blocked  2.5% | idle  0.0% | ent 0.272
  upd 4325 | return   17.600 | deliv  17.60 | blocked  2.7% | idle  0.0% | ent 0.290
  upd 4326 | return   13.600 | deliv  13.60 | blocked  2.2% | idle  0.0% | ent 0.263
  upd 4327 | return   14.700 | deliv  14.70 | blocked  2.8% | idle  0.0% | ent 0.273
  upd 4328 | return   16.800 | deliv  16.80 | blocked  2.4% | idle  0.0% | ent 0.294
  upd 4329 | return   15.300 | deliv  15.30 | blocked  2.9% | idle  0.0% | ent 0.276
  upd 4330 | return   15.900 | deliv  15.90 | blocked  2.5% | idle  0.0% | ent 0.283
  upd 4331 | return   15.900 | deliv  15.90 | blocked  2.7% | idle  0.0% | ent 0.276
  upd 4332 | return   17.600 | deliv  17.60 | blocked  2.6% | idle  0.0% | ent 0.273
  upd 4333 | return   15.200 | deliv  15.20 | blocked  2.6% | idle  0.0% | ent 0.270
  upd 4334 | return   15.500 | deliv  15.50 | blocked  2.7% | idle  0.0% | ent 0.258
  upd 4335 | return   16.500 | deliv  16.50 | blocked  3.6% | idle  0.0% | ent 0.245
  upd 4336 | return   17.500 | deliv  17.50 | blocked  3.2% | idle  0.0% | ent 0.269
  upd 4337 | return   17.100 | deliv  17.10 | blocked  2.5% | idle  0.0% | ent 0.276
  upd 4338 | return   13.700 | deliv  13.70 | blocked  2.3% | idle  0.0% | ent 0.265
  upd 4339 | return   18.400 | deliv  18.40 | blocked  2.2% | idle  0.0% | ent 0.252
  upd 4340 | return   14.500 | deliv  14.50 | blocked  2.6% | idle  0.0% | ent 0.278
  upd 4341 | return   16.700 | deliv  16.70 | blocked  2.2% | idle  0.0% | ent 0.264
  upd 4342 | return   13.800 | deliv  13.80 | blocked  2.2% | idle  0.0% | ent 0.259
  upd 4343 | return   18.800 | deliv  18.80 | blocked  2.0% | idle  0.0% | ent 0.263
  upd 4344 | return   18.700 | deliv  18.70 | blocked  2.2% | idle  0.0% | ent 0.255
  upd 4345 | return   16.400 | deliv  16.40 | blocked  2.0% | idle  0.0% | ent 0.270
  upd 4346 | return   16.700 | deliv  16.70 | blocked  2.1% | idle  0.0% | ent 0.260
  upd 4347 | return   17.400 | deliv  17.40 | blocked  2.3% | idle  0.0% | ent 0.281
  upd 4348 | return   14.500 | deliv  14.50 | blocked  2.5% | idle  0.0% | ent 0.264
  upd 4349 | return   13.600 | deliv  13.60 | blocked  2.1% | idle  0.0% | ent 0.269
  upd 4350 | return   16.000 | deliv  16.00 | blocked  2.1% | idle  0.0% | ent 0.268
  upd 4351 | return   14.900 | deliv  14.90 | blocked  2.3% | idle  0.0% | ent 0.264
  upd 4352 | return   17.500 | deliv  17.50 | blocked  2.6% | idle  0.0% | ent 0.284
  upd 4353 | return   17.400 | deliv  17.40 | blocked  2.1% | idle  0.0% | ent 0.295
  upd 4354 | return   17.200 | deliv  17.20 | blocked  2.2% | idle  0.0% | ent 0.275
  upd 4355 | return   19.800 | deliv  19.80 | blocked  2.1% | idle  0.0% | ent 0.294
  upd 4356 | return   17.300 | deliv  17.30 | blocked  3.5% | idle  0.0% | ent 0.292
  upd 4357 | return   15.300 | deliv  15.30 | blocked  2.1% | idle  0.0% | ent 0.292
  upd 4358 | return   18.400 | deliv  18.40 | blocked  2.0% | idle  0.0% | ent 0.295
  upd 4359 | return    9.100 | deliv   9.10 | blocked  2.0% | idle  0.0% | ent 0.270
  upd 4360 | return   17.200 | deliv  17.20 | blocked  2.0% | idle  0.0% | ent 0.303
  upd 4361 | return   17.300 | deliv  17.30 | blocked  2.2% | idle  0.0% | ent 0.283
  upd 4362 | return   16.500 | deliv  16.50 | blocked  2.5% | idle  0.0% | ent 0.281
  upd 4363 | return   16.800 | deliv  16.80 | blocked  2.1% | idle  0.0% | ent 0.275
  upd 4364 | return   14.700 | deliv  14.70 | blocked  2.4% | idle  0.0% | ent 0.267
  upd 4365 | return   20.300 | deliv  20.30 | blocked  2.4% | idle  0.0% | ent 0.275
  upd 4366 | return   14.200 | deliv  14.20 | blocked  2.7% | idle  0.0% | ent 0.261
  upd 4367 | return   15.600 | deliv  15.60 | blocked  2.4% | idle  0.0% | ent 0.257
  upd 4368 | return   15.900 | deliv  15.90 | blocked  2.5% | idle  0.0% | ent 0.270
  upd 4369 | return   16.500 | deliv  16.50 | blocked  2.3% | idle  0.0% | ent 0.262
  upd 4370 | return   13.700 | deliv  13.70 | blocked  1.8% | idle  0.0% | ent 0.265
  upd 4371 | return   16.700 | deliv  16.70 | blocked  2.3% | idle  0.0% | ent 0.262
  upd 4372 | return   15.700 | deliv  15.70 | blocked  2.3% | idle  0.0% | ent 0.258
  upd 4373 | return   15.200 | deliv  15.20 | blocked  2.7% | idle  0.0% | ent 0.254
  upd 4374 | return   15.500 | deliv  15.50 | blocked  2.2% | idle  0.0% | ent 0.262
  upd 4375 | return   17.300 | deliv  17.30 | blocked  3.8% | idle  0.0% | ent 0.247
  upd 4376 | return   13.900 | deliv  13.90 | blocked  3.0% | idle  0.0% | ent 0.225
  upd 4377 | return   19.400 | deliv  19.40 | blocked  2.5% | idle  0.0% | ent 0.269
  upd 4378 | return   18.000 | deliv  18.00 | blocked  2.2% | idle  0.0% | ent 0.275
  upd 4379 | return   11.700 | deliv  11.70 | blocked  2.9% | idle  0.0% | ent 0.266
  upd 4380 | return   15.500 | deliv  15.50 | blocked  1.8% | idle  0.0% | ent 0.271
  upd 4381 | return   13.400 | deliv  13.40 | blocked  2.2% | idle  0.0% | ent 0.280
  upd 4382 | return   15.400 | deliv  15.40 | blocked  2.4% | idle  0.0% | ent 0.298
  upd 4383 | return   15.800 | deliv  15.80 | blocked  2.7% | idle  0.0% | ent 0.310
  upd 4384 | return   13.700 | deliv  13.70 | blocked  2.2% | idle  0.0% | ent 0.300
  upd 4385 | return   17.200 | deliv  17.20 | blocked  2.5% | idle  0.0% | ent 0.298
  upd 4386 | return   14.000 | deliv  14.00 | blocked  2.2% | idle  0.0% | ent 0.293
  upd 4387 | return   15.700 | deliv  15.70 | blocked  1.8% | idle  0.0% | ent 0.299
  upd 4388 | return   15.900 | deliv  15.90 | blocked  2.0% | idle  0.0% | ent 0.306
  upd 4389 | return   13.300 | deliv  13.30 | blocked  2.6% | idle  0.0% | ent 0.299
  upd 4390 | return   18.500 | deliv  18.50 | blocked  1.8% | idle  0.0% | ent 0.313
  upd 4391 | return   14.900 | deliv  14.90 | blocked  2.6% | idle  0.0% | ent 0.282
  upd 4392 | return   14.900 | deliv  14.90 | blocked  3.1% | idle  0.0% | ent 0.292
  upd 4393 | return   15.700 | deliv  15.70 | blocked  2.3% | idle  0.0% | ent 0.282
  upd 4394 | return   15.200 | deliv  15.20 | blocked  2.4% | idle  0.0% | ent 0.263
  upd 4395 | return   14.000 | deliv  14.00 | blocked  2.1% | idle  0.0% | ent 0.267
  upd 4396 | return   12.900 | deliv  12.90 | blocked  2.7% | idle  0.0% | ent 0.234
  upd 4397 | return   16.600 | deliv  16.60 | blocked  2.8% | idle  0.0% | ent 0.264
  upd 4398 | return   12.300 | deliv  12.30 | blocked  2.8% | idle  0.0% | ent 0.224
  upd 4399 | return   14.600 | deliv  14.60 | blocked  2.0% | idle  0.0% | ent 0.263
  [replay @ update 4400] return 28.00  deliveries 28  -> runs/mappo_evo_tiny-4ag_seed2/replays/replay_upd004400_s0.npz
  upd 4400 | return   12.800 | deliv  12.80 | blocked  4.2% | idle  0.0% | ent 0.268
  upd 4401 | return   16.400 | deliv  16.40 | blocked  3.0% | idle  0.0% | ent 0.291
  upd 4402 | return   16.100 | deliv  16.10 | blocked  2.7% | idle  0.0% | ent 0.272
  upd 4403 | return   14.600 | deliv  14.60 | blocked  2.7% | idle  0.0% | ent 0.275
  upd 4404 | return   17.300 | deliv  17.30 | blocked  4.0% | idle  0.0% | ent 0.290
  upd 4405 | return   17.400 | deliv  17.40 | blocked  2.8% | idle  0.0% | ent 0.295
  upd 4406 | return   19.600 | deliv  19.60 | blocked  2.3% | idle  0.0% | ent 0.301
  upd 4407 | return   18.800 | deliv  18.80 | blocked  3.4% | idle  0.0% | ent 0.301
  upd 4408 | return   16.000 | deliv  16.00 | blocked  3.0% | idle  0.0% | ent 0.291
  upd 4409 | return   16.300 | deliv  16.30 | blocked  4.1% | idle  0.0% | ent 0.302
  upd 4410 | return   13.200 | deliv  13.20 | blocked  2.2% | idle  0.0% | ent 0.292
  upd 4411 | return   13.600 | deliv  13.60 | blocked  5.0% | idle  0.0% | ent 0.270
  upd 4412 | return   17.100 | deliv  17.10 | blocked  1.9% | idle  0.0% | ent 0.299
  upd 4413 | return   13.800 | deliv  13.80 | blocked  2.6% | idle  0.0% | ent 0.307
  upd 4414 | return   14.200 | deliv  14.20 | blocked  2.2% | idle  0.0% | ent 0.297
  upd 4415 | return   14.600 | deliv  14.60 | blocked  2.1% | idle  0.0% | ent 0.286
  upd 4416 | return   17.100 | deliv  17.10 | blocked  2.1% | idle  0.0% | ent 0.322
  upd 4417 | return   14.900 | deliv  14.90 | blocked  1.8% | idle  0.0% | ent 0.304
  upd 4418 | return   16.500 | deliv  16.50 | blocked  2.6% | idle  0.0% | ent 0.285
  upd 4419 | return   17.300 | deliv  17.30 | blocked  2.5% | idle  0.0% | ent 0.307
  upd 4420 | return   19.500 | deliv  19.50 | blocked  2.0% | idle  0.0% | ent 0.296
  upd 4421 | return   18.300 | deliv  18.30 | blocked  2.2% | idle  0.0% | ent 0.303
  upd 4422 | return   15.100 | deliv  15.10 | blocked  2.0% | idle  0.0% | ent 0.301
  upd 4423 | return   14.400 | deliv  14.40 | blocked  1.8% | idle  0.0% | ent 0.296
  upd 4424 | return   19.600 | deliv  19.60 | blocked  2.0% | idle  0.0% | ent 0.304
  upd 4425 | return   16.700 | deliv  16.70 | blocked  2.1% | idle  0.0% | ent 0.275
  upd 4426 | return   17.400 | deliv  17.40 | blocked  2.1% | idle  0.0% | ent 0.298
  upd 4427 | return   14.700 | deliv  14.70 | blocked  1.7% | idle  0.0% | ent 0.268
  upd 4428 | return   17.900 | deliv  17.90 | blocked  2.2% | idle  0.0% | ent 0.270
  upd 4429 | return   16.500 | deliv  16.50 | blocked  3.1% | idle  0.0% | ent 0.270
  upd 4430 | return   20.200 | deliv  20.20 | blocked  2.0% | idle  0.0% | ent 0.306
  upd 4431 | return   16.700 | deliv  16.70 | blocked  1.8% | idle  0.0% | ent 0.302
  upd 4432 | return   16.300 | deliv  16.30 | blocked  2.2% | idle  0.0% | ent 0.301
  upd 4433 | return   16.200 | deliv  16.20 | blocked  2.0% | idle  0.0% | ent 0.304
  upd 4434 | return   15.600 | deliv  15.60 | blocked  2.6% | idle  0.0% | ent 0.296
  upd 4435 | return   15.600 | deliv  15.60 | blocked  2.6% | idle  0.0% | ent 0.313
  upd 4436 | return   15.300 | deliv  15.30 | blocked  2.2% | idle  0.0% | ent 0.291
  upd 4437 | return   17.600 | deliv  17.60 | blocked  4.3% | idle  0.0% | ent 0.307
  upd 4438 | return   16.400 | deliv  16.40 | blocked  2.6% | idle  0.0% | ent 0.289
  upd 4439 | return   16.900 | deliv  16.90 | blocked  2.1% | idle  0.0% | ent 0.301
  upd 4440 | return   16.900 | deliv  16.90 | blocked  1.9% | idle  0.0% | ent 0.278
  upd 4441 | return   18.700 | deliv  18.70 | blocked  2.1% | idle  0.0% | ent 0.289
  upd 4442 | return   14.900 | deliv  14.90 | blocked  2.0% | idle  0.0% | ent 0.271
  upd 4443 | return   19.400 | deliv  19.40 | blocked  2.2% | idle  0.0% | ent 0.292
  upd 4444 | return   19.400 | deliv  19.40 | blocked  2.6% | idle  0.0% | ent 0.281
  upd 4445 | return   17.400 | deliv  17.40 | blocked  3.4% | idle  0.0% | ent 0.285
  upd 4446 | return   23.500 | deliv  23.50 | blocked  2.5% | idle  0.0% | ent 0.265
  upd 4447 | return   18.200 | deliv  18.20 | blocked  2.6% | idle  0.0% | ent 0.282
  upd 4448 | return   20.800 | deliv  20.80 | blocked  2.4% | idle  0.0% | ent 0.269
  upd 4449 | return   14.300 | deliv  14.30 | blocked  2.5% | idle  0.0% | ent 0.279
  upd 4450 | return   18.200 | deliv  18.20 | blocked  2.4% | idle  0.0% | ent 0.294
  upd 4451 | return   17.400 | deliv  17.40 | blocked  3.0% | idle  0.0% | ent 0.299
  upd 4452 | return   17.900 | deliv  17.90 | blocked  2.4% | idle  0.0% | ent 0.279
  upd 4453 | return   18.700 | deliv  18.70 | blocked  2.9% | idle  0.0% | ent 0.297
  upd 4454 | return   14.200 | deliv  14.20 | blocked  2.7% | idle  0.0% | ent 0.272
  upd 4455 | return   19.600 | deliv  19.60 | blocked  2.7% | idle  0.0% | ent 0.273
  upd 4456 | return   15.000 | deliv  15.00 | blocked  3.1% | idle  0.0% | ent 0.285
  upd 4457 | return   23.600 | deliv  23.60 | blocked  3.0% | idle  0.0% | ent 0.270
  upd 4458 | return   17.900 | deliv  17.90 | blocked  2.8% | idle  0.0% | ent 0.268
  upd 4459 | return   16.300 | deliv  16.30 | blocked  3.0% | idle  0.0% | ent 0.261
  upd 4460 | return   13.100 | deliv  13.10 | blocked  3.6% | idle  0.0% | ent 0.261
  upd 4461 | return   17.900 | deliv  17.90 | blocked  3.8% | idle  0.0% | ent 0.283
  upd 4462 | return   18.100 | deliv  18.10 | blocked  3.7% | idle  0.0% | ent 0.279
  upd 4463 | return   15.200 | deliv  15.20 | blocked  3.4% | idle  0.0% | ent 0.276
  upd 4464 | return   15.200 | deliv  15.20 | blocked  2.4% | idle  0.0% | ent 0.270
  upd 4465 | return   14.500 | deliv  14.50 | blocked  2.5% | idle  0.0% | ent 0.263
  upd 4466 | return   15.000 | deliv  15.00 | blocked  2.9% | idle  0.0% | ent 0.258
  upd 4467 | return   17.500 | deliv  17.50 | blocked  2.3% | idle  0.0% | ent 0.276
  upd 4468 | return   17.200 | deliv  17.20 | blocked  2.6% | idle  0.0% | ent 0.265
  upd 4469 | return   19.400 | deliv  19.40 | blocked  2.3% | idle  0.0% | ent 0.268
  upd 4470 | return   16.300 | deliv  16.30 | blocked  2.2% | idle  0.0% | ent 0.267
  upd 4471 | return   17.100 | deliv  17.10 | blocked  3.2% | idle  0.0% | ent 0.274
  upd 4472 | return   15.900 | deliv  15.90 | blocked  2.9% | idle  0.0% | ent 0.287
  upd 4473 | return   20.100 | deliv  20.10 | blocked  2.7% | idle  0.0% | ent 0.280
  upd 4474 | return   19.500 | deliv  19.50 | blocked  3.0% | idle  0.0% | ent 0.288
  upd 4475 | return   19.200 | deliv  19.20 | blocked  2.9% | idle  0.0% | ent 0.291
  upd 4476 | return   16.100 | deliv  16.10 | blocked  3.0% | idle  0.0% | ent 0.258
  upd 4477 | return   17.600 | deliv  17.60 | blocked  2.7% | idle  0.0% | ent 0.272
  upd 4478 | return   12.700 | deliv  12.70 | blocked  2.6% | idle  0.0% | ent 0.255
  upd 4479 | return   18.500 | deliv  18.50 | blocked  3.7% | idle  0.0% | ent 0.271
  upd 4480 | return   16.700 | deliv  16.70 | blocked  2.4% | idle  0.0% | ent 0.279
  upd 4481 | return   17.400 | deliv  17.40 | blocked  3.0% | idle  0.0% | ent 0.245
  upd 4482 | return   18.600 | deliv  18.60 | blocked  2.8% | idle  0.0% | ent 0.263
  upd 4483 | return   17.600 | deliv  17.60 | blocked  2.7% | idle  0.0% | ent 0.269
  upd 4484 | return   17.200 | deliv  17.20 | blocked  2.9% | idle  0.0% | ent 0.273
  upd 4485 | return   14.300 | deliv  14.30 | blocked  2.4% | idle  0.0% | ent 0.251
  upd 4486 | return   17.000 | deliv  17.00 | blocked  2.3% | idle  0.0% | ent 0.270
  upd 4487 | return   17.700 | deliv  17.70 | blocked  2.8% | idle  0.0% | ent 0.280
  upd 4488 | return   15.700 | deliv  15.70 | blocked  2.4% | idle  0.0% | ent 0.280
  upd 4489 | return   19.600 | deliv  19.60 | blocked  3.6% | idle  0.0% | ent 0.292
  upd 4490 | return   16.200 | deliv  16.20 | blocked  2.2% | idle  0.0% | ent 0.269
  upd 4491 | return   18.200 | deliv  18.20 | blocked  2.4% | idle  0.0% | ent 0.270
  upd 4492 | return   18.900 | deliv  18.90 | blocked  2.7% | idle  0.0% | ent 0.288
  upd 4493 | return   19.100 | deliv  19.10 | blocked  2.5% | idle  0.0% | ent 0.290
  upd 4494 | return   19.800 | deliv  19.80 | blocked  2.4% | idle  0.0% | ent 0.301
  upd 4495 | return   19.000 | deliv  19.00 | blocked  2.3% | idle  0.0% | ent 0.305
  upd 4496 | return   15.100 | deliv  15.10 | blocked  2.0% | idle  0.0% | ent 0.269
  upd 4497 | return   18.900 | deliv  18.90 | blocked  2.1% | idle  0.0% | ent 0.293
  upd 4498 | return   17.500 | deliv  17.50 | blocked  2.1% | idle  0.0% | ent 0.314
  upd 4499 | return   16.100 | deliv  16.10 | blocked  2.0% | idle  0.0% | ent 0.297
  [replay @ update 4500] return 20.00  deliveries 20  -> runs/mappo_evo_tiny-4ag_seed2/replays/replay_upd004500_s0.npz
  upd 4500 | return   13.600 | deliv  13.60 | blocked  1.7% | idle  0.0% | ent 0.293
  upd 4501 | return   15.400 | deliv  15.40 | blocked  1.8% | idle  0.0% | ent 0.297
  upd 4502 | return   17.400 | deliv  17.40 | blocked  1.8% | idle  0.0% | ent 0.288
  upd 4503 | return   18.500 | deliv  18.50 | blocked  2.0% | idle  0.0% | ent 0.302
  upd 4504 | return   19.400 | deliv  19.40 | blocked  2.5% | idle  0.0% | ent 0.294
  upd 4505 | return   17.600 | deliv  17.60 | blocked  2.2% | idle  0.0% | ent 0.294
  upd 4506 | return   19.700 | deliv  19.70 | blocked  1.7% | idle  0.0% | ent 0.310
  upd 4507 | return   18.900 | deliv  18.90 | blocked  2.0% | idle  0.0% | ent 0.308
  upd 4508 | return   18.800 | deliv  18.80 | blocked  2.2% | idle  0.0% | ent 0.294
  upd 4509 | return   16.500 | deliv  16.50 | blocked  2.1% | idle  0.0% | ent 0.321
  upd 4510 | return   15.600 | deliv  15.60 | blocked  1.8% | idle  0.0% | ent 0.289
  upd 4511 | return   16.500 | deliv  16.50 | blocked  1.9% | idle  0.0% | ent 0.292
  upd 4512 | return   18.000 | deliv  18.00 | blocked  1.7% | idle  0.0% | ent 0.288
  upd 4513 | return   18.800 | deliv  18.80 | blocked  2.0% | idle  0.0% | ent 0.303
  upd 4514 | return   18.600 | deliv  18.60 | blocked  2.5% | idle  0.0% | ent 0.288
  upd 4515 | return   17.600 | deliv  17.60 | blocked  2.1% | idle  0.0% | ent 0.302
  upd 4516 | return   22.300 | deliv  22.30 | blocked  2.5% | idle  0.0% | ent 0.298
  upd 4517 | return   15.800 | deliv  15.80 | blocked  2.5% | idle  0.0% | ent 0.283
  upd 4518 | return   15.100 | deliv  15.10 | blocked  2.5% | idle  0.0% | ent 0.266
  upd 4519 | return   14.800 | deliv  14.80 | blocked  2.2% | idle  0.0% | ent 0.277
  upd 4520 | return   17.100 | deliv  17.10 | blocked  2.1% | idle  0.0% | ent 0.274
  upd 4521 | return   19.900 | deliv  19.90 | blocked  2.4% | idle  0.0% | ent 0.277
  upd 4522 | return   15.300 | deliv  15.30 | blocked  2.2% | idle  0.0% | ent 0.262
  upd 4523 | return   15.900 | deliv  15.90 | blocked  2.3% | idle  0.0% | ent 0.271
  upd 4524 | return   13.500 | deliv  13.50 | blocked  2.1% | idle  0.0% | ent 0.262
  upd 4525 | return   17.300 | deliv  17.30 | blocked  2.6% | idle  0.0% | ent 0.289
  upd 4526 | return   15.800 | deliv  15.80 | blocked  2.1% | idle  0.0% | ent 0.285
  upd 4527 | return   16.700 | deliv  16.70 | blocked  2.2% | idle  0.0% | ent 0.298
  upd 4528 | return   15.200 | deliv  15.20 | blocked  2.1% | idle  0.0% | ent 0.288
  upd 4529 | return   16.900 | deliv  16.90 | blocked  2.7% | idle  0.0% | ent 0.277
  upd 4530 | return   15.500 | deliv  15.50 | blocked  2.4% | idle  0.0% | ent 0.256
  upd 4531 | return   18.000 | deliv  18.00 | blocked  2.3% | idle  0.0% | ent 0.279
  upd 4532 | return   20.600 | deliv  20.60 | blocked  2.2% | idle  0.0% | ent 0.273
  upd 4533 | return   16.300 | deliv  16.30 | blocked  2.1% | idle  0.0% | ent 0.259
  upd 4534 | return   17.500 | deliv  17.50 | blocked  1.9% | idle  0.0% | ent 0.263
  upd 4535 | return   16.600 | deliv  16.60 | blocked  2.0% | idle  0.0% | ent 0.262
  upd 4536 | return   19.400 | deliv  19.40 | blocked  2.0% | idle  0.0% | ent 0.257
  upd 4537 | return   17.700 | deliv  17.70 | blocked  2.1% | idle  0.0% | ent 0.264
  upd 4538 | return   18.800 | deliv  18.80 | blocked  2.0% | idle  0.0% | ent 0.277
  upd 4539 | return   15.900 | deliv  15.90 | blocked  2.0% | idle  0.0% | ent 0.278
  upd 4540 | return   14.600 | deliv  14.60 | blocked  1.9% | idle  0.0% | ent 0.282
  upd 4541 | return   15.600 | deliv  15.60 | blocked  2.0% | idle  0.0% | ent 0.284
  upd 4542 | return   16.800 | deliv  16.80 | blocked  2.2% | idle  0.0% | ent 0.259
  upd 4543 | return   17.000 | deliv  17.00 | blocked  2.1% | idle  0.0% | ent 0.261
  upd 4544 | return   16.600 | deliv  16.60 | blocked  1.9% | idle  0.0% | ent 0.263
  upd 4545 | return   16.800 | deliv  16.80 | blocked  2.4% | idle  0.0% | ent 0.260
  upd 4546 | return   12.900 | deliv  12.90 | blocked  2.6% | idle  0.0% | ent 0.253
  upd 4547 | return   16.000 | deliv  16.00 | blocked  2.3% | idle  0.0% | ent 0.273
  upd 4548 | return   20.200 | deliv  20.20 | blocked  2.1% | idle  0.0% | ent 0.281
  upd 4549 | return   18.900 | deliv  18.90 | blocked  2.1% | idle  0.0% | ent 0.295
  upd 4550 | return   16.200 | deliv  16.20 | blocked  2.2% | idle  0.0% | ent 0.273
  upd 4551 | return   18.100 | deliv  18.10 | blocked  1.8% | idle  0.0% | ent 0.278
  upd 4552 | return   20.100 | deliv  20.10 | blocked  2.1% | idle  0.0% | ent 0.285
  upd 4553 | return   11.700 | deliv  11.70 | blocked  1.7% | idle  0.0% | ent 0.257
  upd 4554 | return   17.700 | deliv  17.70 | blocked  2.0% | idle  0.0% | ent 0.272
  upd 4555 | return   17.700 | deliv  17.70 | blocked  2.0% | idle  0.0% | ent 0.272
  upd 4556 | return   15.300 | deliv  15.30 | blocked  2.2% | idle  0.0% | ent 0.266
  upd 4557 | return   19.100 | deliv  19.10 | blocked  2.3% | idle  0.0% | ent 0.284
  upd 4558 | return   20.200 | deliv  20.20 | blocked  2.2% | idle  0.0% | ent 0.280
  upd 4559 | return   18.200 | deliv  18.20 | blocked  1.9% | idle  0.0% | ent 0.258
  upd 4560 | return   19.200 | deliv  19.20 | blocked  2.3% | idle  0.0% | ent 0.268
  upd 4561 | return   17.100 | deliv  17.10 | blocked  2.4% | idle  0.0% | ent 0.269
  upd 4562 | return   14.600 | deliv  14.60 | blocked  1.8% | idle  0.0% | ent 0.246
  upd 4563 | return   18.100 | deliv  18.10 | blocked  2.1% | idle  0.0% | ent 0.251
  upd 4564 | return   20.000 | deliv  20.00 | blocked  2.6% | idle  0.0% | ent 0.264
  upd 4565 | return   15.200 | deliv  15.20 | blocked  2.1% | idle  0.0% | ent 0.256
  upd 4566 | return   18.100 | deliv  18.10 | blocked  2.2% | idle  0.0% | ent 0.269
  upd 4567 | return   16.400 | deliv  16.40 | blocked  2.1% | idle  0.0% | ent 0.273
  upd 4568 | return   17.500 | deliv  17.50 | blocked  2.5% | idle  0.0% | ent 0.257
  upd 4569 | return   18.400 | deliv  18.40 | blocked  2.6% | idle  0.0% | ent 0.264
  upd 4570 | return   15.100 | deliv  15.10 | blocked  2.2% | idle  0.0% | ent 0.272
  upd 4571 | return   15.200 | deliv  15.20 | blocked  2.6% | idle  0.0% | ent 0.259
  upd 4572 | return   15.900 | deliv  15.90 | blocked  2.5% | idle  0.0% | ent 0.246
  upd 4573 | return   19.500 | deliv  19.50 | blocked  2.5% | idle  0.0% | ent 0.257
  upd 4574 | return   15.100 | deliv  15.10 | blocked  2.5% | idle  0.0% | ent 0.244
  upd 4575 | return   17.000 | deliv  17.00 | blocked  3.8% | idle  0.0% | ent 0.259
  upd 4576 | return   19.000 | deliv  19.00 | blocked  3.0% | idle  0.0% | ent 0.267
  upd 4577 | return   13.400 | deliv  13.40 | blocked  1.9% | idle  0.0% | ent 0.252
  upd 4578 | return   14.500 | deliv  14.50 | blocked  2.8% | idle  0.0% | ent 0.246
  upd 4579 | return   17.500 | deliv  17.50 | blocked  2.2% | idle  0.0% | ent 0.285
  upd 4580 | return   17.400 | deliv  17.40 | blocked  2.0% | idle  0.0% | ent 0.253
  upd 4581 | return   19.200 | deliv  19.20 | blocked  2.1% | idle  0.0% | ent 0.269
  upd 4582 | return   12.700 | deliv  12.70 | blocked  2.1% | idle  0.0% | ent 0.270
  upd 4583 | return   18.000 | deliv  18.00 | blocked  2.5% | idle  0.0% | ent 0.285
  upd 4584 | return   14.300 | deliv  14.30 | blocked  2.3% | idle  0.0% | ent 0.271
  upd 4585 | return   17.800 | deliv  17.80 | blocked  2.3% | idle  0.0% | ent 0.269
  upd 4586 | return   15.800 | deliv  15.80 | blocked  2.2% | idle  0.0% | ent 0.267
  upd 4587 | return   16.800 | deliv  16.80 | blocked  2.5% | idle  0.0% | ent 0.283
  upd 4588 | return   20.400 | deliv  20.40 | blocked  2.0% | idle  0.0% | ent 0.281
  upd 4589 | return   18.200 | deliv  18.20 | blocked  1.6% | idle  0.0% | ent 0.285
  upd 4590 | return   19.000 | deliv  19.00 | blocked  2.1% | idle  0.0% | ent 0.283
  upd 4591 | return   17.700 | deliv  17.70 | blocked  1.8% | idle  0.0% | ent 0.278
  upd 4592 | return   18.100 | deliv  18.10 | blocked  1.9% | idle  0.0% | ent 0.261
  upd 4593 | return   21.200 | deliv  21.20 | blocked  2.0% | idle  0.0% | ent 0.286
  upd 4594 | return   15.600 | deliv  15.60 | blocked  2.0% | idle  0.0% | ent 0.274
  upd 4595 | return   15.300 | deliv  15.30 | blocked  2.0% | idle  0.0% | ent 0.268
  upd 4596 | return   16.800 | deliv  16.80 | blocked  2.1% | idle  0.0% | ent 0.265
  upd 4597 | return   14.900 | deliv  14.90 | blocked  1.6% | idle  0.0% | ent 0.282
  upd 4598 | return   13.600 | deliv  13.60 | blocked  1.6% | idle  0.0% | ent 0.281
  upd 4599 | return   18.200 | deliv  18.20 | blocked  2.2% | idle  0.0% | ent 0.277
  [replay @ update 4600] return 14.00  deliveries 14  -> runs/mappo_evo_tiny-4ag_seed2/replays/replay_upd004600_s0.npz
  upd 4600 | return   17.000 | deliv  17.00 | blocked  2.7% | idle  0.0% | ent 0.280
  upd 4601 | return   18.000 | deliv  18.00 | blocked  2.2% | idle  0.0% | ent 0.286
  upd 4602 | return   15.800 | deliv  15.80 | blocked  3.4% | idle  0.0% | ent 0.259
  upd 4603 | return   17.600 | deliv  17.60 | blocked  2.2% | idle  0.0% | ent 0.284
  upd 4604 | return   15.300 | deliv  15.30 | blocked  2.2% | idle  0.0% | ent 0.283
  upd 4605 | return   18.200 | deliv  18.20 | blocked  2.4% | idle  0.0% | ent 0.291
  upd 4606 | return   14.800 | deliv  14.80 | blocked  3.5% | idle  0.0% | ent 0.265
  upd 4607 | return   18.200 | deliv  18.20 | blocked  2.9% | idle  0.0% | ent 0.289
  upd 4608 | return   18.200 | deliv  18.20 | blocked  3.3% | idle  0.0% | ent 0.282
  upd 4609 | return   16.000 | deliv  16.00 | blocked  1.9% | idle  0.0% | ent 0.270
  upd 4610 | return   18.800 | deliv  18.80 | blocked  2.9% | idle  0.0% | ent 0.273
  upd 4611 | return   20.700 | deliv  20.70 | blocked  2.6% | idle  0.0% | ent 0.295
  upd 4612 | return   19.600 | deliv  19.60 | blocked  2.1% | idle  0.0% | ent 0.279
  upd 4613 | return   20.500 | deliv  20.50 | blocked  2.5% | idle  0.0% | ent 0.303
  upd 4614 | return   16.400 | deliv  16.40 | blocked  2.9% | idle  0.0% | ent 0.296
  upd 4615 | return   15.300 | deliv  15.30 | blocked  2.4% | idle  0.0% | ent 0.288
  upd 4616 | return   18.800 | deliv  18.80 | blocked  2.4% | idle  0.0% | ent 0.280
  upd 4617 | return   15.400 | deliv  15.40 | blocked  2.8% | idle  0.0% | ent 0.282
  upd 4618 | return   16.800 | deliv  16.80 | blocked  2.4% | idle  0.0% | ent 0.289
  upd 4619 | return   15.200 | deliv  15.20 | blocked  3.1% | idle  0.0% | ent 0.259
  upd 4620 | return   20.500 | deliv  20.50 | blocked  3.7% | idle  0.0% | ent 0.263
  upd 4621 | return   18.600 | deliv  18.60 | blocked  2.5% | idle  0.0% | ent 0.266
  upd 4622 | return   20.100 | deliv  20.10 | blocked  2.0% | idle  0.0% | ent 0.253
  upd 4623 | return   17.700 | deliv  17.70 | blocked  2.7% | idle  0.0% | ent 0.257
  upd 4624 | return   17.000 | deliv  17.00 | blocked  2.4% | idle  0.0% | ent 0.258
  upd 4625 | return   16.700 | deliv  16.70 | blocked  3.5% | idle  0.0% | ent 0.258
  upd 4626 | return   14.900 | deliv  14.90 | blocked  3.2% | idle  0.0% | ent 0.247
  upd 4627 | return   17.900 | deliv  17.90 | blocked  3.4% | idle  0.0% | ent 0.261
  upd 4628 | return   17.700 | deliv  17.70 | blocked  2.4% | idle  0.0% | ent 0.247
  upd 4629 | return   13.900 | deliv  13.90 | blocked  2.3% | idle  0.0% | ent 0.242
  upd 4630 | return   16.500 | deliv  16.50 | blocked  2.9% | idle  0.0% | ent 0.250
  upd 4631 | return   15.700 | deliv  15.70 | blocked  4.4% | idle  0.0% | ent 0.290
  upd 4632 | return   15.900 | deliv  15.90 | blocked  3.0% | idle  0.0% | ent 0.264
  upd 4633 | return   16.400 | deliv  16.40 | blocked  2.6% | idle  0.0% | ent 0.262
  upd 4634 | return   15.800 | deliv  15.80 | blocked  3.3% | idle  0.0% | ent 0.263
  upd 4635 | return   16.800 | deliv  16.80 | blocked  2.2% | idle  0.0% | ent 0.266
  upd 4636 | return   14.600 | deliv  14.60 | blocked  2.7% | idle  0.0% | ent 0.278
  upd 4637 | return   16.500 | deliv  16.50 | blocked  2.9% | idle  0.0% | ent 0.243
  upd 4638 | return   16.000 | deliv  16.00 | blocked  2.8% | idle  0.0% | ent 0.250
  upd 4639 | return   15.800 | deliv  15.80 | blocked  2.2% | idle  0.0% | ent 0.276
  upd 4640 | return   19.000 | deliv  19.00 | blocked  3.6% | idle  0.0% | ent 0.260
  upd 4641 | return   18.500 | deliv  18.50 | blocked  3.1% | idle  0.0% | ent 0.256
  upd 4642 | return   12.000 | deliv  12.00 | blocked  1.7% | idle  0.0% | ent 0.272
  upd 4643 | return   16.800 | deliv  16.80 | blocked  2.5% | idle  0.0% | ent 0.286
  upd 4644 | return   15.000 | deliv  15.00 | blocked  2.5% | idle  0.0% | ent 0.268
  upd 4645 | return   17.700 | deliv  17.70 | blocked  2.3% | idle  0.0% | ent 0.284
  upd 4646 | return   21.100 | deliv  21.10 | blocked  2.2% | idle  0.0% | ent 0.277
  upd 4647 | return   14.200 | deliv  14.20 | blocked  2.2% | idle  0.0% | ent 0.255
  upd 4648 | return   17.100 | deliv  17.10 | blocked  1.8% | idle  0.0% | ent 0.279
  upd 4649 | return   16.500 | deliv  16.50 | blocked  2.5% | idle  0.0% | ent 0.283
  upd 4650 | return   17.200 | deliv  17.20 | blocked  1.7% | idle  0.0% | ent 0.283
  upd 4651 | return   16.100 | deliv  16.10 | blocked  2.7% | idle  0.0% | ent 0.282
  upd 4652 | return   17.500 | deliv  17.50 | blocked  1.9% | idle  0.0% | ent 0.284
  upd 4653 | return   16.000 | deliv  16.00 | blocked  1.7% | idle  0.0% | ent 0.285
  upd 4654 | return   14.200 | deliv  14.20 | blocked  2.3% | idle  0.0% | ent 0.289
  upd 4655 | return   16.000 | deliv  16.00 | blocked  2.4% | idle  0.0% | ent 0.293
  upd 4656 | return   19.200 | deliv  19.20 | blocked  1.6% | idle  0.0% | ent 0.305
  upd 4657 | return   17.900 | deliv  17.90 | blocked  2.0% | idle  0.0% | ent 0.261
  upd 4658 | return   14.300 | deliv  14.30 | blocked  1.9% | idle  0.0% | ent 0.280
  upd 4659 | return   17.600 | deliv  17.60 | blocked  2.0% | idle  0.0% | ent 0.313
  upd 4660 | return   18.400 | deliv  18.40 | blocked  2.3% | idle  0.0% | ent 0.301
  upd 4661 | return   13.000 | deliv  13.00 | blocked  1.9% | idle  0.0% | ent 0.297
  upd 4662 | return   17.400 | deliv  17.40 | blocked  2.6% | idle  0.0% | ent 0.311
  upd 4663 | return   16.200 | deliv  16.20 | blocked  2.2% | idle  0.0% | ent 0.308
  upd 4664 | return   15.200 | deliv  15.20 | blocked  1.8% | idle  0.0% | ent 0.314
  upd 4665 | return   18.000 | deliv  18.00 | blocked  2.6% | idle  0.0% | ent 0.315
  upd 4666 | return   14.500 | deliv  14.50 | blocked  2.0% | idle  0.0% | ent 0.306
  upd 4667 | return   14.900 | deliv  14.90 | blocked  1.7% | idle  0.0% | ent 0.316
  upd 4668 | return   12.600 | deliv  12.60 | blocked  1.7% | idle  0.0% | ent 0.290
  upd 4669 | return   16.300 | deliv  16.30 | blocked  2.1% | idle  0.0% | ent 0.308
  upd 4670 | return   16.000 | deliv  16.00 | blocked  2.0% | idle  0.0% | ent 0.313
  upd 4671 | return   18.900 | deliv  18.90 | blocked  1.7% | idle  0.0% | ent 0.330
  upd 4672 | return   14.500 | deliv  14.50 | blocked  1.6% | idle  0.0% | ent 0.309
  upd 4673 | return   16.800 | deliv  16.80 | blocked  1.7% | idle  0.0% | ent 0.333
  upd 4674 | return   15.000 | deliv  15.00 | blocked  1.9% | idle  0.0% | ent 0.328
  upd 4675 | return   17.600 | deliv  17.60 | blocked  1.9% | idle  0.0% | ent 0.313
  upd 4676 | return   16.500 | deliv  16.50 | blocked  1.8% | idle  0.0% | ent 0.309
  upd 4677 | return   16.400 | deliv  16.40 | blocked  1.8% | idle  0.0% | ent 0.332
  upd 4678 | return   14.600 | deliv  14.60 | blocked  1.8% | idle  0.0% | ent 0.306
  upd 4679 | return   15.600 | deliv  15.60 | blocked  1.9% | idle  0.0% | ent 0.326
  upd 4680 | return   12.200 | deliv  12.20 | blocked  2.0% | idle  0.0% | ent 0.286
  upd 4681 | return   14.800 | deliv  14.80 | blocked  2.1% | idle  0.0% | ent 0.296
  upd 4682 | return   15.900 | deliv  15.90 | blocked  2.2% | idle  0.0% | ent 0.305
  upd 4683 | return   14.300 | deliv  14.30 | blocked  2.2% | idle  0.0% | ent 0.287
  upd 4684 | return   17.000 | deliv  17.00 | blocked  2.1% | idle  0.0% | ent 0.280
  upd 4685 | return   18.300 | deliv  18.30 | blocked  2.4% | idle  0.0% | ent 0.292
  upd 4686 | return   18.200 | deliv  18.20 | blocked  2.2% | idle  0.0% | ent 0.281
  upd 4687 | return   17.900 | deliv  17.90 | blocked  2.5% | idle  0.0% | ent 0.274
  upd 4688 | return   19.400 | deliv  19.40 | blocked  2.6% | idle  0.0% | ent 0.290
  upd 4689 | return   16.500 | deliv  16.50 | blocked  2.2% | idle  0.0% | ent 0.293
  upd 4690 | return   14.700 | deliv  14.70 | blocked  2.2% | idle  0.0% | ent 0.279
  upd 4691 | return   16.400 | deliv  16.40 | blocked  2.2% | idle  0.0% | ent 0.298
  upd 4692 | return   13.200 | deliv  13.20 | blocked  2.4% | idle  0.0% | ent 0.276
  upd 4693 | return   13.600 | deliv  13.60 | blocked  2.4% | idle  0.0% | ent 0.274
  upd 4694 | return   17.900 | deliv  17.90 | blocked  2.2% | idle  0.0% | ent 0.291
  upd 4695 | return   14.200 | deliv  14.20 | blocked  2.6% | idle  0.0% | ent 0.248
  upd 4696 | return   18.600 | deliv  18.60 | blocked  2.1% | idle  0.0% | ent 0.277
  upd 4697 | return   18.200 | deliv  18.20 | blocked  2.4% | idle  0.0% | ent 0.270
  upd 4698 | return   19.400 | deliv  19.40 | blocked  2.8% | idle  0.0% | ent 0.270
  upd 4699 | return   17.200 | deliv  17.20 | blocked  2.1% | idle  0.0% | ent 0.279
  [replay @ update 4700] return 25.00  deliveries 25  -> runs/mappo_evo_tiny-4ag_seed2/replays/replay_upd004700_s0.npz
  upd 4700 | return   18.100 | deliv  18.10 | blocked  2.2% | idle  0.0% | ent 0.278
  upd 4701 | return   20.700 | deliv  20.70 | blocked  2.5% | idle  0.0% | ent 0.273
  upd 4702 | return   14.500 | deliv  14.50 | blocked  2.1% | idle  0.0% | ent 0.253
  upd 4703 | return   18.200 | deliv  18.20 | blocked  2.0% | idle  0.0% | ent 0.269
  upd 4704 | return   21.800 | deliv  21.80 | blocked  2.1% | idle  0.0% | ent 0.260
  upd 4705 | return   17.200 | deliv  17.20 | blocked  2.0% | idle  0.0% | ent 0.267
  upd 4706 | return   19.200 | deliv  19.20 | blocked  2.0% | idle  0.0% | ent 0.250
  upd 4707 | return   16.500 | deliv  16.50 | blocked  2.6% | idle  0.0% | ent 0.260
  upd 4708 | return   17.400 | deliv  17.40 | blocked  2.0% | idle  0.0% | ent 0.249
  upd 4709 | return   16.500 | deliv  16.50 | blocked  2.5% | idle  0.0% | ent 0.257
  upd 4710 | return   14.300 | deliv  14.30 | blocked  2.1% | idle  0.0% | ent 0.232
  upd 4711 | return   14.700 | deliv  14.70 | blocked  2.6% | idle  0.0% | ent 0.248
  upd 4712 | return   17.900 | deliv  17.90 | blocked  2.4% | idle  0.0% | ent 0.268
  upd 4713 | return   16.300 | deliv  16.30 | blocked  3.4% | idle  0.0% | ent 0.250
  upd 4714 | return   14.000 | deliv  14.00 | blocked  2.4% | idle  0.0% | ent 0.261
  upd 4715 | return   18.400 | deliv  18.40 | blocked  2.4% | idle  0.0% | ent 0.250
  upd 4716 | return   15.800 | deliv  15.80 | blocked  4.6% | idle  0.0% | ent 0.272
  upd 4717 | return   18.300 | deliv  18.30 | blocked  3.2% | idle  0.0% | ent 0.261
  upd 4718 | return    9.500 | deliv   9.50 | blocked  2.2% | idle  0.0% | ent 0.234
  upd 4719 | return   18.000 | deliv  18.00 | blocked  2.0% | idle  0.0% | ent 0.255
  upd 4720 | return   13.300 | deliv  13.30 | blocked  3.2% | idle  0.0% | ent 0.254
  upd 4721 | return   16.100 | deliv  16.10 | blocked  2.1% | idle  0.0% | ent 0.248
  upd 4722 | return   17.100 | deliv  17.10 | blocked  2.2% | idle  0.0% | ent 0.250
  upd 4723 | return   16.400 | deliv  16.40 | blocked  2.5% | idle  0.0% | ent 0.269
  upd 4724 | return   17.400 | deliv  17.40 | blocked  2.7% | idle  0.0% | ent 0.274
  upd 4725 | return   18.400 | deliv  18.40 | blocked  2.8% | idle  0.0% | ent 0.265
  upd 4726 | return   19.300 | deliv  19.30 | blocked  2.4% | idle  0.0% | ent 0.284
  upd 4727 | return   17.000 | deliv  17.00 | blocked  1.9% | idle  0.0% | ent 0.278
  upd 4728 | return   18.600 | deliv  18.60 | blocked  2.0% | idle  0.0% | ent 0.272
  upd 4729 | return   17.500 | deliv  17.50 | blocked  2.4% | idle  0.0% | ent 0.288
  upd 4730 | return   17.400 | deliv  17.40 | blocked  2.3% | idle  0.0% | ent 0.296
  upd 4731 | return   16.500 | deliv  16.50 | blocked  2.5% | idle  0.0% | ent 0.271
  upd 4732 | return   18.000 | deliv  18.00 | blocked  2.2% | idle  0.0% | ent 0.289
  upd 4733 | return   14.300 | deliv  14.30 | blocked  1.7% | idle  0.0% | ent 0.295
  upd 4734 | return   19.800 | deliv  19.80 | blocked  2.0% | idle  0.0% | ent 0.271
  upd 4735 | return   18.700 | deliv  18.70 | blocked  2.2% | idle  0.0% | ent 0.276
  upd 4736 | return   16.800 | deliv  16.80 | blocked  1.6% | idle  0.0% | ent 0.293
  upd 4737 | return   15.500 | deliv  15.50 | blocked  3.0% | idle  0.0% | ent 0.281
  upd 4738 | return   18.500 | deliv  18.50 | blocked  2.8% | idle  0.0% | ent 0.286
  upd 4739 | return   16.900 | deliv  16.90 | blocked  2.5% | idle  0.0% | ent 0.293
  upd 4740 | return   16.500 | deliv  16.50 | blocked  2.0% | idle  0.0% | ent 0.264
  upd 4741 | return   15.000 | deliv  15.00 | blocked  1.9% | idle  0.0% | ent 0.283
  upd 4742 | return   18.000 | deliv  18.00 | blocked  2.0% | idle  0.0% | ent 0.287
  upd 4743 | return   16.800 | deliv  16.80 | blocked  1.7% | idle  0.0% | ent 0.289
  upd 4744 | return   15.200 | deliv  15.20 | blocked  2.2% | idle  0.0% | ent 0.317
  upd 4745 | return   14.100 | deliv  14.10 | blocked  2.4% | idle  0.0% | ent 0.297
  upd 4746 | return   17.300 | deliv  17.30 | blocked  1.7% | idle  0.0% | ent 0.280
  upd 4747 | return   16.000 | deliv  16.00 | blocked  1.5% | idle  0.0% | ent 0.286
  upd 4748 | return   17.800 | deliv  17.80 | blocked  1.6% | idle  0.0% | ent 0.281
  upd 4749 | return   15.700 | deliv  15.70 | blocked  1.7% | idle  0.0% | ent 0.292
  upd 4750 | return   14.000 | deliv  14.00 | blocked  2.4% | idle  0.0% | ent 0.284
  upd 4751 | return   12.800 | deliv  12.80 | blocked  2.4% | idle  0.0% | ent 0.266
  upd 4752 | return   17.700 | deliv  17.70 | blocked  1.9% | idle  0.0% | ent 0.280
  upd 4753 | return   15.200 | deliv  15.20 | blocked  1.9% | idle  0.0% | ent 0.294
  upd 4754 | return   15.900 | deliv  15.90 | blocked  1.6% | idle  0.0% | ent 0.264
  upd 4755 | return   15.500 | deliv  15.50 | blocked  1.8% | idle  0.0% | ent 0.280
  upd 4756 | return   13.000 | deliv  13.00 | blocked  2.6% | idle  0.0% | ent 0.275
  upd 4757 | return   12.300 | deliv  12.30 | blocked  1.7% | idle  0.0% | ent 0.283
  upd 4758 | return   15.400 | deliv  15.40 | blocked  1.9% | idle  0.0% | ent 0.292
  upd 4759 | return   16.600 | deliv  16.60 | blocked  3.0% | idle  0.0% | ent 0.269
  upd 4760 | return   16.700 | deliv  16.70 | blocked  1.9% | idle  0.0% | ent 0.289
  upd 4761 | return   14.500 | deliv  14.50 | blocked  2.4% | idle  0.0% | ent 0.281
  upd 4762 | return   16.400 | deliv  16.40 | blocked  2.4% | idle  0.0% | ent 0.259
  upd 4763 | return   14.600 | deliv  14.60 | blocked  2.3% | idle  0.0% | ent 0.267
  upd 4764 | return   18.600 | deliv  18.60 | blocked  2.4% | idle  0.0% | ent 0.256
  upd 4765 | return   15.200 | deliv  15.20 | blocked  2.3% | idle  0.0% | ent 0.255
  upd 4766 | return   19.300 | deliv  19.30 | blocked  2.3% | idle  0.0% | ent 0.264
  upd 4767 | return   17.600 | deliv  17.60 | blocked  2.2% | idle  0.0% | ent 0.253
  upd 4768 | return   16.200 | deliv  16.20 | blocked  2.6% | idle  0.0% | ent 0.257
  upd 4769 | return   13.500 | deliv  13.50 | blocked  2.0% | idle  0.0% | ent 0.249
  upd 4770 | return   14.400 | deliv  14.40 | blocked  2.3% | idle  0.0% | ent 0.236
  upd 4771 | return   15.700 | deliv  15.70 | blocked  2.5% | idle  0.0% | ent 0.237
  upd 4772 | return   19.600 | deliv  19.60 | blocked  2.8% | idle  0.0% | ent 0.229
  upd 4773 | return   20.300 | deliv  20.30 | blocked  2.1% | idle  0.0% | ent 0.244
  upd 4774 | return   17.800 | deliv  17.80 | blocked  2.1% | idle  0.0% | ent 0.245
  upd 4775 | return   20.300 | deliv  20.30 | blocked  2.9% | idle  0.0% | ent 0.253
  upd 4776 | return   14.100 | deliv  14.10 | blocked  2.2% | idle  0.0% | ent 0.236
  upd 4777 | return   16.100 | deliv  16.10 | blocked  2.7% | idle  0.0% | ent 0.252
  upd 4778 | return   18.800 | deliv  18.80 | blocked  2.1% | idle  0.0% | ent 0.260
  upd 4779 | return   17.300 | deliv  17.30 | blocked  2.4% | idle  0.0% | ent 0.271
  upd 4780 | return   18.000 | deliv  18.00 | blocked  2.5% | idle  0.0% | ent 0.281
  upd 4781 | return   14.900 | deliv  14.90 | blocked  2.4% | idle  0.0% | ent 0.266
  upd 4782 | return   17.100 | deliv  17.10 | blocked  2.4% | idle  0.0% | ent 0.262
  upd 4783 | return   15.500 | deliv  15.50 | blocked  2.1% | idle  0.0% | ent 0.275
  upd 4784 | return   17.900 | deliv  17.90 | blocked  2.6% | idle  0.0% | ent 0.279
  upd 4785 | return   14.800 | deliv  14.80 | blocked  3.0% | idle  0.0% | ent 0.274
  upd 4786 | return   12.600 | deliv  12.60 | blocked  2.0% | idle  0.0% | ent 0.251
  upd 4787 | return   18.300 | deliv  18.30 | blocked  2.6% | idle  0.0% | ent 0.281
  upd 4788 | return   16.400 | deliv  16.40 | blocked  2.3% | idle  0.0% | ent 0.286
  upd 4789 | return   17.900 | deliv  17.90 | blocked  3.1% | idle  0.0% | ent 0.282
  upd 4790 | return   17.200 | deliv  17.20 | blocked  2.8% | idle  0.0% | ent 0.285
  upd 4791 | return   19.600 | deliv  19.60 | blocked  2.3% | idle  0.0% | ent 0.295
  upd 4792 | return   18.700 | deliv  18.70 | blocked  2.3% | idle  0.0% | ent 0.289
  upd 4793 | return   18.300 | deliv  18.30 | blocked  2.5% | idle  0.0% | ent 0.282
  upd 4794 | return   18.900 | deliv  18.90 | blocked  2.1% | idle  0.0% | ent 0.282
  upd 4795 | return   16.100 | deliv  16.10 | blocked  2.0% | idle  0.0% | ent 0.267
  upd 4796 | return   17.200 | deliv  17.20 | blocked  1.4% | idle  0.0% | ent 0.260
  upd 4797 | return   17.900 | deliv  17.90 | blocked  1.8% | idle  0.0% | ent 0.268
  upd 4798 | return   17.600 | deliv  17.60 | blocked  2.2% | idle  0.0% | ent 0.265
  upd 4799 | return   20.700 | deliv  20.70 | blocked  2.1% | idle  0.0% | ent 0.274
  [replay @ update 4800] return 23.00  deliveries 23  -> runs/mappo_evo_tiny-4ag_seed2/replays/replay_upd004800_s0.npz
  upd 4800 | return   20.800 | deliv  20.80 | blocked  1.7% | idle  0.0% | ent 0.269
  upd 4801 | return   16.100 | deliv  16.10 | blocked  1.9% | idle  0.0% | ent 0.252
  upd 4802 | return   18.300 | deliv  18.30 | blocked  1.8% | idle  0.0% | ent 0.258
  upd 4803 | return   15.700 | deliv  15.70 | blocked  1.9% | idle  0.0% | ent 0.255
  upd 4804 | return   15.600 | deliv  15.60 | blocked  2.1% | idle  0.0% | ent 0.254
  upd 4805 | return   16.600 | deliv  16.60 | blocked  1.8% | idle  0.0% | ent 0.250
  upd 4806 | return   19.500 | deliv  19.50 | blocked  1.8% | idle  0.0% | ent 0.249
  upd 4807 | return   19.500 | deliv  19.50 | blocked  1.9% | idle  0.0% | ent 0.253
  upd 4808 | return   20.300 | deliv  20.30 | blocked  2.6% | idle  0.0% | ent 0.265
  upd 4809 | return   20.400 | deliv  20.40 | blocked  2.3% | idle  0.0% | ent 0.260
  upd 4810 | return   15.500 | deliv  15.50 | blocked  1.6% | idle  0.0% | ent 0.260
  upd 4811 | return   20.300 | deliv  20.30 | blocked  2.1% | idle  0.0% | ent 0.269
  upd 4812 | return   15.500 | deliv  15.50 | blocked  3.5% | idle  0.0% | ent 0.251
  upd 4813 | return   14.500 | deliv  14.50 | blocked  3.8% | idle  0.0% | ent 0.246
  upd 4814 | return   17.400 | deliv  17.40 | blocked  2.7% | idle  0.0% | ent 0.270
  upd 4815 | return   19.600 | deliv  19.60 | blocked  1.7% | idle  0.0% | ent 0.272
  upd 4816 | return   20.200 | deliv  20.20 | blocked  2.2% | idle  0.0% | ent 0.269
  upd 4817 | return   16.400 | deliv  16.40 | blocked  2.6% | idle  0.0% | ent 0.262
  upd 4818 | return   18.500 | deliv  18.50 | blocked  1.5% | idle  0.0% | ent 0.270
  upd 4819 | return   21.300 | deliv  21.30 | blocked  2.3% | idle  0.0% | ent 0.260
  upd 4820 | return   18.600 | deliv  18.60 | blocked  1.6% | idle  0.0% | ent 0.275
  upd 4821 | return   16.800 | deliv  16.80 | blocked  1.9% | idle  0.0% | ent 0.234
  upd 4822 | return   16.100 | deliv  16.10 | blocked  2.4% | idle  0.0% | ent 0.259
  upd 4823 | return   15.200 | deliv  15.20 | blocked  2.2% | idle  0.0% | ent 0.241
  upd 4824 | return   14.800 | deliv  14.80 | blocked  3.3% | idle  0.0% | ent 0.242
  upd 4825 | return   16.000 | deliv  16.00 | blocked  2.8% | idle  0.0% | ent 0.266
  upd 4826 | return   19.800 | deliv  19.80 | blocked  1.6% | idle  0.0% | ent 0.257
  upd 4827 | return   17.300 | deliv  17.30 | blocked  2.3% | idle  0.0% | ent 0.254
  upd 4828 | return   18.100 | deliv  18.10 | blocked  2.0% | idle  0.0% | ent 0.271
  upd 4829 | return   17.600 | deliv  17.60 | blocked  2.0% | idle  0.0% | ent 0.252
  upd 4830 | return   17.900 | deliv  17.90 | blocked  2.8% | idle  0.0% | ent 0.267
  upd 4831 | return   16.300 | deliv  16.30 | blocked  2.2% | idle  0.0% | ent 0.252
  upd 4832 | return   18.900 | deliv  18.90 | blocked  1.9% | idle  0.0% | ent 0.285
  upd 4833 | return   20.300 | deliv  20.30 | blocked  1.8% | idle  0.0% | ent 0.271
  upd 4834 | return   18.100 | deliv  18.10 | blocked  2.4% | idle  0.0% | ent 0.271
  upd 4835 | return   18.600 | deliv  18.60 | blocked  1.9% | idle  0.0% | ent 0.268
  upd 4836 | return   14.500 | deliv  14.50 | blocked  2.3% | idle  0.0% | ent 0.266
  upd 4837 | return   17.000 | deliv  17.00 | blocked  1.6% | idle  0.0% | ent 0.282
  upd 4838 | return   15.300 | deliv  15.30 | blocked  1.7% | idle  0.0% | ent 0.291
  upd 4839 | return   21.400 | deliv  21.40 | blocked  1.9% | idle  0.0% | ent 0.278
  upd 4840 | return   17.700 | deliv  17.70 | blocked  1.4% | idle  0.0% | ent 0.279
  upd 4841 | return   18.400 | deliv  18.40 | blocked  1.9% | idle  0.0% | ent 0.291
  upd 4842 | return   18.500 | deliv  18.50 | blocked  2.9% | idle  0.0% | ent 0.289
  upd 4843 | return   15.500 | deliv  15.50 | blocked  1.9% | idle  0.0% | ent 0.292
  upd 4844 | return   16.400 | deliv  16.40 | blocked  1.8% | idle  0.0% | ent 0.293
  upd 4845 | return   16.700 | deliv  16.70 | blocked  2.2% | idle  0.0% | ent 0.283
  upd 4846 | return   17.700 | deliv  17.70 | blocked  2.1% | idle  0.0% | ent 0.306
  upd 4847 | return   17.000 | deliv  17.00 | blocked  1.8% | idle  0.0% | ent 0.288
  upd 4848 | return   17.300 | deliv  17.30 | blocked  1.6% | idle  0.0% | ent 0.299
  upd 4849 | return   17.800 | deliv  17.80 | blocked  1.7% | idle  0.0% | ent 0.292
  upd 4850 | return   15.600 | deliv  15.60 | blocked  2.0% | idle  0.0% | ent 0.282
  upd 4851 | return   19.700 | deliv  19.70 | blocked  2.2% | idle  0.0% | ent 0.289
  upd 4852 | return   18.300 | deliv  18.30 | blocked  3.3% | idle  0.0% | ent 0.285
  upd 4853 | return   19.600 | deliv  19.60 | blocked  1.9% | idle  0.0% | ent 0.293
  upd 4854 | return   18.800 | deliv  18.80 | blocked  1.7% | idle  0.0% | ent 0.296
  upd 4855 | return   20.700 | deliv  20.70 | blocked  1.9% | idle  0.0% | ent 0.281
  upd 4856 | return   21.400 | deliv  21.40 | blocked  2.0% | idle  0.0% | ent 0.298
  upd 4857 | return   21.000 | deliv  21.00 | blocked  2.0% | idle  0.0% | ent 0.291
  upd 4858 | return   21.400 | deliv  21.40 | blocked  1.9% | idle  0.0% | ent 0.293
  upd 4859 | return   19.900 | deliv  19.90 | blocked  1.6% | idle  0.0% | ent 0.287
  upd 4860 | return   18.400 | deliv  18.40 | blocked  1.7% | idle  0.0% | ent 0.300
  upd 4861 | return   19.900 | deliv  19.90 | blocked  2.0% | idle  0.0% | ent 0.283
  upd 4862 | return   18.700 | deliv  18.70 | blocked  2.4% | idle  0.0% | ent 0.299
  upd 4863 | return   19.700 | deliv  19.70 | blocked  1.4% | idle  0.0% | ent 0.277
  upd 4864 | return   23.400 | deliv  23.40 | blocked  1.9% | idle  0.0% | ent 0.281
  upd 4865 | return   19.900 | deliv  19.90 | blocked  1.9% | idle  0.0% | ent 0.279
  upd 4866 | return   22.300 | deliv  22.30 | blocked  1.8% | idle  0.0% | ent 0.288
  upd 4867 | return   20.900 | deliv  20.90 | blocked  1.6% | idle  0.0% | ent 0.301
  upd 4868 | return   21.700 | deliv  21.70 | blocked  1.8% | idle  0.0% | ent 0.305
  upd 4869 | return   20.900 | deliv  20.90 | blocked  2.2% | idle  0.0% | ent 0.289
  upd 4870 | return   21.900 | deliv  21.90 | blocked  1.9% | idle  0.0% | ent 0.299
  upd 4871 | return   17.500 | deliv  17.50 | blocked  1.9% | idle  0.0% | ent 0.306
  upd 4872 | return   18.600 | deliv  18.60 | blocked  2.3% | idle  0.0% | ent 0.301
  upd 4873 | return   22.300 | deliv  22.30 | blocked  1.7% | idle  0.0% | ent 0.300
  upd 4874 | return   19.600 | deliv  19.60 | blocked  1.7% | idle  0.0% | ent 0.305
  upd 4875 | return   18.500 | deliv  18.50 | blocked  2.4% | idle  0.0% | ent 0.295
  upd 4876 | return   17.700 | deliv  17.70 | blocked  2.8% | idle  0.0% | ent 0.312
  upd 4877 | return   18.100 | deliv  18.10 | blocked  2.5% | idle  0.0% | ent 0.305
  upd 4878 | return   16.100 | deliv  16.10 | blocked  2.3% | idle  0.1% | ent 0.307
  upd 4879 | return   14.900 | deliv  14.90 | blocked  2.5% | idle  0.1% | ent 0.329
  upd 4880 | return   19.000 | deliv  19.00 | blocked  3.3% | idle  0.1% | ent 0.313
  upd 4881 | return   20.800 | deliv  20.80 | blocked  1.6% | idle  0.0% | ent 0.304
  upd 4882 | return   18.100 | deliv  18.10 | blocked  2.5% | idle  0.1% | ent 0.301
  upd 4883 | return   21.300 | deliv  21.30 | blocked  2.0% | idle  0.0% | ent 0.291
  upd 4884 | return   22.200 | deliv  22.20 | blocked  1.9% | idle  0.0% | ent 0.288
  upd 4885 | return   18.700 | deliv  18.70 | blocked  2.1% | idle  0.1% | ent 0.308
  upd 4886 | return   18.600 | deliv  18.60 | blocked  2.1% | idle  0.0% | ent 0.297
  upd 4887 | return   20.300 | deliv  20.30 | blocked  2.5% | idle  0.0% | ent 0.287
  upd 4888 | return   19.600 | deliv  19.60 | blocked  1.8% | idle  0.0% | ent 0.309
  upd 4889 | return   17.800 | deliv  17.80 | blocked  1.8% | idle  0.0% | ent 0.308
  upd 4890 | return   21.900 | deliv  21.90 | blocked  2.2% | idle  0.0% | ent 0.306
  upd 4891 | return   19.800 | deliv  19.80 | blocked  2.1% | idle  0.0% | ent 0.307
  upd 4892 | return   21.400 | deliv  21.40 | blocked  2.7% | idle  0.0% | ent 0.290
  upd 4893 | return   21.700 | deliv  21.70 | blocked  1.9% | idle  0.0% | ent 0.302
  upd 4894 | return   20.200 | deliv  20.20 | blocked  1.8% | idle  0.0% | ent 0.326
  upd 4895 | return   20.200 | deliv  20.20 | blocked  1.8% | idle  0.0% | ent 0.305
  upd 4896 | return   22.100 | deliv  22.10 | blocked  2.0% | idle  0.0% | ent 0.287
  upd 4897 | return   20.900 | deliv  20.90 | blocked  1.9% | idle  0.0% | ent 0.313
  upd 4898 | return   22.600 | deliv  22.60 | blocked  1.9% | idle  0.0% | ent 0.304
  upd 4899 | return   19.500 | deliv  19.50 | blocked  2.3% | idle  0.1% | ent 0.322
  [replay @ update 4900] return 17.00  deliveries 17  -> runs/mappo_evo_tiny-4ag_seed2/replays/replay_upd004900_s0.npz
  upd 4900 | return   20.300 | deliv  20.30 | blocked  2.2% | idle  0.0% | ent 0.308
  upd 4901 | return   19.300 | deliv  19.30 | blocked  1.8% | idle  0.0% | ent 0.327
  upd 4902 | return   18.500 | deliv  18.50 | blocked  1.9% | idle  0.0% | ent 0.341
  upd 4903 | return   21.300 | deliv  21.30 | blocked  1.9% | idle  0.0% | ent 0.322
  upd 4904 | return   20.000 | deliv  20.00 | blocked  1.9% | idle  0.0% | ent 0.330
  upd 4905 | return   18.500 | deliv  18.50 | blocked  2.8% | idle  0.0% | ent 0.345
  upd 4906 | return   21.700 | deliv  21.70 | blocked  2.1% | idle  0.0% | ent 0.331
  upd 4907 | return   18.700 | deliv  18.70 | blocked  1.7% | idle  0.0% | ent 0.330
  upd 4908 | return   22.200 | deliv  22.20 | blocked  1.7% | idle  0.0% | ent 0.340
  upd 4909 | return   17.000 | deliv  17.00 | blocked  2.0% | idle  0.0% | ent 0.365
  upd 4910 | return   21.800 | deliv  21.80 | blocked  2.5% | idle  0.0% | ent 0.313
  upd 4911 | return   17.900 | deliv  17.90 | blocked  2.0% | idle  0.0% | ent 0.334
  upd 4912 | return   19.900 | deliv  19.90 | blocked  1.8% | idle  0.0% | ent 0.324
  upd 4913 | return   20.000 | deliv  20.00 | blocked  1.9% | idle  0.0% | ent 0.321
  upd 4914 | return   20.700 | deliv  20.70 | blocked  1.7% | idle  0.0% | ent 0.339
  upd 4915 | return   19.800 | deliv  19.80 | blocked  2.1% | idle  0.0% | ent 0.342
  upd 4916 | return   20.500 | deliv  20.50 | blocked  2.1% | idle  0.0% | ent 0.326
  upd 4917 | return   16.600 | deliv  16.60 | blocked  1.3% | idle  0.0% | ent 0.369
  upd 4918 | return   19.100 | deliv  19.10 | blocked  1.5% | idle  0.0% | ent 0.349
  upd 4919 | return   17.100 | deliv  17.10 | blocked  1.5% | idle  0.0% | ent 0.347
  upd 4920 | return   18.700 | deliv  18.70 | blocked  1.6% | idle  0.0% | ent 0.348
  upd 4921 | return   20.100 | deliv  20.10 | blocked  1.9% | idle  0.0% | ent 0.355
  upd 4922 | return   19.900 | deliv  19.90 | blocked  1.5% | idle  0.0% | ent 0.354
  upd 4923 | return   19.700 | deliv  19.70 | blocked  1.4% | idle  0.0% | ent 0.340
  upd 4924 | return   16.600 | deliv  16.60 | blocked  1.8% | idle  0.0% | ent 0.344
  upd 4925 | return   18.800 | deliv  18.80 | blocked  1.6% | idle  0.0% | ent 0.332
  upd 4926 | return   17.900 | deliv  17.90 | blocked  2.0% | idle  0.0% | ent 0.343
  upd 4927 | return   18.800 | deliv  18.80 | blocked  1.8% | idle  0.0% | ent 0.328
  upd 4928 | return   17.900 | deliv  17.90 | blocked  2.5% | idle  0.0% | ent 0.356
  upd 4929 | return   15.600 | deliv  15.60 | blocked  1.8% | idle  0.0% | ent 0.396
  upd 4930 | return   19.300 | deliv  19.30 | blocked  1.9% | idle  0.0% | ent 0.365
  upd 4931 | return   16.700 | deliv  16.70 | blocked  1.8% | idle  0.0% | ent 0.387
  upd 4932 | return   16.700 | deliv  16.70 | blocked  2.6% | idle  0.0% | ent 0.355
  upd 4933 | return   15.200 | deliv  15.20 | blocked  2.6% | idle  0.0% | ent 0.368
  upd 4934 | return   17.800 | deliv  17.80 | blocked  1.8% | idle  0.0% | ent 0.358
  upd 4935 | return   19.400 | deliv  19.40 | blocked  2.0% | idle  0.0% | ent 0.333
  upd 4936 | return   18.200 | deliv  18.20 | blocked  2.0% | idle  0.0% | ent 0.345
  upd 4937 | return   18.800 | deliv  18.80 | blocked  1.8% | idle  0.0% | ent 0.336
  upd 4938 | return   17.800 | deliv  17.80 | blocked  1.5% | idle  0.0% | ent 0.351
  upd 4939 | return   20.200 | deliv  20.20 | blocked  1.5% | idle  0.1% | ent 0.353
  upd 4940 | return   18.600 | deliv  18.60 | blocked  2.0% | idle  0.1% | ent 0.349
  upd 4941 | return   21.600 | deliv  21.60 | blocked  1.6% | idle  0.0% | ent 0.326
  upd 4942 | return   19.800 | deliv  19.80 | blocked  1.8% | idle  0.0% | ent 0.345
  upd 4943 | return   20.800 | deliv  20.80 | blocked  1.8% | idle  0.0% | ent 0.328
  upd 4944 | return   19.100 | deliv  19.10 | blocked  2.0% | idle  0.0% | ent 0.322
  upd 4945 | return   20.400 | deliv  20.40 | blocked  1.7% | idle  0.0% | ent 0.325
  upd 4946 | return   20.100 | deliv  20.10 | blocked  1.5% | idle  0.0% | ent 0.331
  upd 4947 | return   17.500 | deliv  17.50 | blocked  1.7% | idle  0.0% | ent 0.323
  upd 4948 | return   17.300 | deliv  17.30 | blocked  1.9% | idle  0.1% | ent 0.332
  upd 4949 | return   18.300 | deliv  18.30 | blocked  2.0% | idle  0.0% | ent 0.333
  upd 4950 | return   21.400 | deliv  21.40 | blocked  1.4% | idle  0.0% | ent 0.343
  upd 4951 | return   19.900 | deliv  19.90 | blocked  1.9% | idle  0.0% | ent 0.325
  upd 4952 | return   20.500 | deliv  20.50 | blocked  1.5% | idle  0.1% | ent 0.342
  upd 4953 | return   21.800 | deliv  21.80 | blocked  1.7% | idle  0.1% | ent 0.330
  upd 4954 | return   21.000 | deliv  21.00 | blocked  1.7% | idle  0.0% | ent 0.328
  upd 4955 | return   17.900 | deliv  17.90 | blocked  1.8% | idle  0.1% | ent 0.336
  upd 4956 | return   20.400 | deliv  20.40 | blocked  2.2% | idle  0.0% | ent 0.317
  upd 4957 | return   20.900 | deliv  20.90 | blocked  2.0% | idle  0.0% | ent 0.329
  upd 4958 | return   20.500 | deliv  20.50 | blocked  1.9% | idle  0.1% | ent 0.336
  upd 4959 | return   15.400 | deliv  15.40 | blocked  2.2% | idle  0.0% | ent 0.320
  upd 4960 | return   21.500 | deliv  21.50 | blocked  1.5% | idle  0.0% | ent 0.323
  upd 4961 | return   21.400 | deliv  21.40 | blocked  1.6% | idle  0.1% | ent 0.320
  upd 4962 | return   18.700 | deliv  18.70 | blocked  1.7% | idle  0.0% | ent 0.323
  upd 4963 | return   16.900 | deliv  16.90 | blocked  1.8% | idle  0.0% | ent 0.327
  upd 4964 | return   17.900 | deliv  17.90 | blocked  1.7% | idle  0.0% | ent 0.325
  upd 4965 | return   20.400 | deliv  20.40 | blocked  1.5% | idle  0.0% | ent 0.305
  upd 4966 | return   22.300 | deliv  22.30 | blocked  1.8% | idle  0.0% | ent 0.302
  upd 4967 | return   20.800 | deliv  20.80 | blocked  2.2% | idle  0.0% | ent 0.299
  upd 4968 | return   21.100 | deliv  21.10 | blocked  1.8% | idle  0.0% | ent 0.290
  upd 4969 | return   20.800 | deliv  20.80 | blocked  1.7% | idle  0.0% | ent 0.289
  upd 4970 | return   20.300 | deliv  20.30 | blocked  1.8% | idle  0.0% | ent 0.298
  upd 4971 | return   19.200 | deliv  19.20 | blocked  1.8% | idle  0.0% | ent 0.293
  upd 4972 | return   17.400 | deliv  17.40 | blocked  1.8% | idle  0.0% | ent 0.302
  upd 4973 | return   21.700 | deliv  21.70 | blocked  1.9% | idle  0.0% | ent 0.308
  upd 4974 | return   17.500 | deliv  17.50 | blocked  1.8% | idle  0.0% | ent 0.310
  upd 4975 | return   19.700 | deliv  19.70 | blocked  1.9% | idle  0.0% | ent 0.304
  upd 4976 | return   16.200 | deliv  16.20 | blocked  2.3% | idle  0.0% | ent 0.293
  upd 4977 | return   18.100 | deliv  18.10 | blocked  2.1% | idle  0.0% | ent 0.302
  upd 4978 | return   19.000 | deliv  19.00 | blocked  2.1% | idle  0.1% | ent 0.283
  upd 4979 | return   18.000 | deliv  18.00 | blocked  2.1% | idle  0.1% | ent 0.297
  upd 4980 | return   18.900 | deliv  18.90 | blocked  2.9% | idle  0.1% | ent 0.302
  upd 4981 | return   20.100 | deliv  20.10 | blocked  2.3% | idle  0.1% | ent 0.307
  upd 4982 | return   19.600 | deliv  19.60 | blocked  2.8% | idle  0.1% | ent 0.312
  upd 4983 | return   21.400 | deliv  21.40 | blocked  2.4% | idle  0.1% | ent 0.303
  upd 4984 | return   20.300 | deliv  20.30 | blocked  2.3% | idle  0.1% | ent 0.308
  upd 4985 | return   22.100 | deliv  22.10 | blocked  2.1% | idle  0.1% | ent 0.297
  upd 4986 | return   19.000 | deliv  19.00 | blocked  2.7% | idle  0.1% | ent 0.296
  upd 4987 | return   19.000 | deliv  19.00 | blocked  4.4% | idle  0.1% | ent 0.297
  upd 4988 | return   20.300 | deliv  20.30 | blocked  2.6% | idle  0.1% | ent 0.289
  upd 4989 | return   22.700 | deliv  22.70 | blocked  1.7% | idle  0.0% | ent 0.293
  upd 4990 | return   21.100 | deliv  21.10 | blocked  2.0% | idle  0.1% | ent 0.293
  upd 4991 | return   22.700 | deliv  22.70 | blocked  2.1% | idle  0.1% | ent 0.274
  upd 4992 | return   19.600 | deliv  19.60 | blocked  2.2% | idle  0.1% | ent 0.300
  upd 4993 | return   19.500 | deliv  19.50 | blocked  2.7% | idle  0.1% | ent 0.301
  upd 4994 | return   21.000 | deliv  21.00 | blocked  2.5% | idle  0.1% | ent 0.301
  upd 4995 | return   19.000 | deliv  19.00 | blocked  2.1% | idle  0.1% | ent 0.312
  upd 4996 | return   20.000 | deliv  20.00 | blocked  2.3% | idle  0.1% | ent 0.306
  upd 4997 | return   19.200 | deliv  19.20 | blocked  2.2% | idle  0.1% | ent 0.318
  upd 4998 | return   23.200 | deliv  23.20 | blocked  2.3% | idle  0.1% | ent 0.305
  upd 4999 | return   19.800 | deliv  19.80 | blocked  1.9% | idle  0.1% | ent 0.324
  [replay @ update 5000] return 22.00  deliveries 22  -> runs/mappo_evo_tiny-4ag_seed2/replays/replay_upd005000_s0.npz
  upd 5000 | return   22.100 | deliv  22.10 | blocked  2.1% | idle  0.1% | ent 0.306
  upd 5001 | return   19.600 | deliv  19.60 | blocked  2.7% | idle  0.1% | ent 0.305
  upd 5002 | return   20.100 | deliv  20.10 | blocked  2.5% | idle  0.1% | ent 0.295
  upd 5003 | return   22.100 | deliv  22.10 | blocked  2.4% | idle  0.1% | ent 0.283
  upd 5004 | return   21.900 | deliv  21.90 | blocked  2.7% | idle  0.0% | ent 0.285
  upd 5005 | return   24.100 | deliv  24.10 | blocked  2.3% | idle  0.0% | ent 0.262
  upd 5006 | return   22.800 | deliv  22.80 | blocked  2.4% | idle  0.0% | ent 0.269
  upd 5007 | return   21.200 | deliv  21.20 | blocked  2.6% | idle  0.0% | ent 0.277
  upd 5008 | return   20.800 | deliv  20.80 | blocked  3.1% | idle  0.1% | ent 0.276
  upd 5009 | return   20.300 | deliv  20.30 | blocked  3.8% | idle  0.0% | ent 0.277
  upd 5010 | return   21.000 | deliv  21.00 | blocked  3.3% | idle  0.0% | ent 0.275
  upd 5011 | return   19.000 | deliv  19.00 | blocked  3.1% | idle  0.0% | ent 0.302
  upd 5012 | return   22.200 | deliv  22.20 | blocked  3.1% | idle  0.0% | ent 0.298
  upd 5013 | return   20.100 | deliv  20.10 | blocked  2.5% | idle  0.0% | ent 0.301
  upd 5014 | return   20.000 | deliv  20.00 | blocked  2.5% | idle  0.0% | ent 0.306
  upd 5015 | return   20.300 | deliv  20.30 | blocked  2.4% | idle  0.0% | ent 0.303
  upd 5016 | return   20.600 | deliv  20.60 | blocked  2.5% | idle  0.0% | ent 0.314
  upd 5017 | return   21.500 | deliv  21.50 | blocked  1.9% | idle  0.0% | ent 0.303
  upd 5018 | return   20.400 | deliv  20.40 | blocked  2.3% | idle  0.0% | ent 0.295
  upd 5019 | return   18.400 | deliv  18.40 | blocked  2.6% | idle  0.0% | ent 0.308
  upd 5020 | return   18.500 | deliv  18.50 | blocked  2.0% | idle  0.0% | ent 0.323
  upd 5021 | return   20.600 | deliv  20.60 | blocked  2.3% | idle  0.0% | ent 0.296
  upd 5022 | return   21.700 | deliv  21.70 | blocked  2.4% | idle  0.0% | ent 0.278
  upd 5023 | return   20.500 | deliv  20.50 | blocked  2.5% | idle  0.0% | ent 0.287
  upd 5024 | return   19.000 | deliv  19.00 | blocked  2.8% | idle  0.0% | ent 0.283
  upd 5025 | return   20.800 | deliv  20.80 | blocked  3.4% | idle  0.0% | ent 0.276
  upd 5026 | return   18.700 | deliv  18.70 | blocked  3.3% | idle  0.0% | ent 0.288
  upd 5027 | return   17.800 | deliv  17.80 | blocked  3.1% | idle  0.0% | ent 0.266
  upd 5028 | return   20.500 | deliv  20.50 | blocked  2.5% | idle  0.0% | ent 0.255
  upd 5029 | return   19.100 | deliv  19.10 | blocked  2.7% | idle  0.0% | ent 0.277
  upd 5030 | return   19.600 | deliv  19.60 | blocked  2.7% | idle  0.0% | ent 0.267
  upd 5031 | return   24.000 | deliv  24.00 | blocked  2.0% | idle  0.0% | ent 0.274
  upd 5032 | return   22.300 | deliv  22.30 | blocked  2.0% | idle  0.0% | ent 0.278
  upd 5033 | return   21.700 | deliv  21.70 | blocked  1.6% | idle  0.0% | ent 0.284
  upd 5034 | return   21.300 | deliv  21.30 | blocked  2.1% | idle  0.0% | ent 0.288
  upd 5035 | return   22.300 | deliv  22.30 | blocked  1.9% | idle  0.0% | ent 0.280
  upd 5036 | return   19.600 | deliv  19.60 | blocked  2.0% | idle  0.0% | ent 0.296
  upd 5037 | return   19.000 | deliv  19.00 | blocked  1.7% | idle  0.0% | ent 0.300
  upd 5038 | return   20.400 | deliv  20.40 | blocked  1.7% | idle  0.0% | ent 0.290
  upd 5039 | return   21.300 | deliv  21.30 | blocked  1.9% | idle  0.0% | ent 0.291
  upd 5040 | return   23.700 | deliv  23.70 | blocked  2.2% | idle  0.0% | ent 0.288
  upd 5041 | return   21.200 | deliv  21.20 | blocked  1.8% | idle  0.0% | ent 0.304
  upd 5042 | return   22.600 | deliv  22.60 | blocked  2.0% | idle  0.0% | ent 0.288
  upd 5043 | return   21.900 | deliv  21.90 | blocked  1.9% | idle  0.0% | ent 0.304
  upd 5044 | return   18.800 | deliv  18.80 | blocked  2.2% | idle  0.1% | ent 0.318
  upd 5045 | return   20.700 | deliv  20.70 | blocked  3.4% | idle  0.0% | ent 0.304
  upd 5046 | return   22.100 | deliv  22.10 | blocked  2.9% | idle  0.0% | ent 0.297
  upd 5047 | return   21.100 | deliv  21.10 | blocked  2.3% | idle  0.0% | ent 0.295
  upd 5048 | return   20.000 | deliv  20.00 | blocked  1.6% | idle  0.0% | ent 0.318
  upd 5049 | return   20.300 | deliv  20.30 | blocked  1.8% | idle  0.0% | ent 0.318
  upd 5050 | return   19.500 | deliv  19.50 | blocked  1.9% | idle  0.0% | ent 0.319
  upd 5051 | return   18.900 | deliv  18.90 | blocked  1.5% | idle  0.0% | ent 0.306
  upd 5052 | return   20.300 | deliv  20.30 | blocked  1.8% | idle  0.0% | ent 0.321
  upd 5053 | return   19.500 | deliv  19.50 | blocked  2.0% | idle  0.0% | ent 0.309
  upd 5054 | return   21.300 | deliv  21.30 | blocked  1.4% | idle  0.0% | ent 0.319
  upd 5055 | return   21.400 | deliv  21.40 | blocked  1.8% | idle  0.0% | ent 0.299
  upd 5056 | return   19.800 | deliv  19.80 | blocked  2.3% | idle  0.0% | ent 0.312
  upd 5057 | return   19.500 | deliv  19.50 | blocked  2.1% | idle  0.0% | ent 0.303
  upd 5058 | return   21.600 | deliv  21.60 | blocked  1.9% | idle  0.0% | ent 0.300
  upd 5059 | return   20.200 | deliv  20.20 | blocked  1.7% | idle  0.0% | ent 0.301
  upd 5060 | return   19.000 | deliv  19.00 | blocked  2.3% | idle  0.0% | ent 0.327
  upd 5061 | return   20.500 | deliv  20.50 | blocked  1.9% | idle  0.0% | ent 0.327
  upd 5062 | return   18.600 | deliv  18.60 | blocked  2.6% | idle  0.0% | ent 0.319
  upd 5063 | return   19.800 | deliv  19.80 | blocked  2.9% | idle  0.0% | ent 0.300
  upd 5064 | return   18.600 | deliv  18.60 | blocked  2.9% | idle  0.0% | ent 0.311
  upd 5065 | return   18.000 | deliv  18.00 | blocked  1.8% | idle  0.0% | ent 0.338
  upd 5066 | return   17.900 | deliv  17.90 | blocked  2.3% | idle  0.0% | ent 0.340
  upd 5067 | return   17.000 | deliv  17.00 | blocked  2.6% | idle  0.0% | ent 0.327
  upd 5068 | return   17.700 | deliv  17.70 | blocked  3.3% | idle  0.0% | ent 0.317
  upd 5069 | return   16.200 | deliv  16.20 | blocked  2.5% | idle  0.0% | ent 0.329
  upd 5070 | return   17.700 | deliv  17.70 | blocked  2.5% | idle  0.0% | ent 0.335
  upd 5071 | return   18.700 | deliv  18.70 | blocked  2.4% | idle  0.0% | ent 0.320
  upd 5072 | return   17.900 | deliv  17.90 | blocked  2.3% | idle  0.0% | ent 0.316
  upd 5073 | return   20.200 | deliv  20.20 | blocked  1.5% | idle  0.0% | ent 0.313
  upd 5074 | return   19.100 | deliv  19.10 | blocked  1.9% | idle  0.0% | ent 0.312
  upd 5075 | return   17.100 | deliv  17.10 | blocked  2.6% | idle  0.0% | ent 0.313
  upd 5076 | return   18.400 | deliv  18.40 | blocked  2.5% | idle  0.0% | ent 0.321
  upd 5077 | return   16.000 | deliv  16.00 | blocked  3.1% | idle  0.0% | ent 0.310
  upd 5078 | return   18.700 | deliv  18.70 | blocked  2.6% | idle  0.0% | ent 0.296
  upd 5079 | return   20.400 | deliv  20.40 | blocked  2.5% | idle  0.0% | ent 0.289
  upd 5080 | return   19.800 | deliv  19.80 | blocked  2.3% | idle  0.0% | ent 0.295
  upd 5081 | return   20.000 | deliv  20.00 | blocked  1.8% | idle  0.0% | ent 0.299
  upd 5082 | return   17.100 | deliv  17.10 | blocked  1.9% | idle  0.0% | ent 0.327
  upd 5083 | return   17.000 | deliv  17.00 | blocked  1.4% | idle  0.0% | ent 0.335
  upd 5084 | return   17.900 | deliv  17.90 | blocked  1.2% | idle  0.0% | ent 0.337
  upd 5085 | return   19.300 | deliv  19.30 | blocked  2.0% | idle  0.0% | ent 0.300
  upd 5086 | return   21.100 | deliv  21.10 | blocked  1.7% | idle  0.0% | ent 0.296
  upd 5087 | return   21.500 | deliv  21.50 | blocked  2.1% | idle  0.0% | ent 0.302
  upd 5088 | return   17.000 | deliv  17.00 | blocked  2.1% | idle  0.0% | ent 0.317
  upd 5089 | return   16.400 | deliv  16.40 | blocked  1.6% | idle  0.0% | ent 0.324
  upd 5090 | return   15.500 | deliv  15.50 | blocked  2.3% | idle  0.0% | ent 0.326
  upd 5091 | return   16.200 | deliv  16.20 | blocked  2.3% | idle  0.0% | ent 0.311
  upd 5092 | return   17.700 | deliv  17.70 | blocked  2.3% | idle  0.0% | ent 0.328
  upd 5093 | return   17.700 | deliv  17.70 | blocked  2.0% | idle  0.0% | ent 0.300
  upd 5094 | return   18.500 | deliv  18.50 | blocked  2.1% | idle  0.0% | ent 0.294
  upd 5095 | return   17.100 | deliv  17.10 | blocked  1.5% | idle  0.0% | ent 0.304
  upd 5096 | return   15.200 | deliv  15.20 | blocked  2.0% | idle  0.0% | ent 0.292
  upd 5097 | return   19.600 | deliv  19.60 | blocked  1.3% | idle  0.0% | ent 0.274
  upd 5098 | return   20.400 | deliv  20.40 | blocked  1.7% | idle  0.0% | ent 0.269
  upd 5099 | return   18.900 | deliv  18.90 | blocked  1.6% | idle  0.0% | ent 0.280
  [replay @ update 5100] return 22.00  deliveries 22  -> runs/mappo_evo_tiny-4ag_seed2/replays/replay_upd005100_s0.npz
  upd 5100 | return   19.800 | deliv  19.80 | blocked  1.7% | idle  0.0% | ent 0.287
  upd 5101 | return   17.600 | deliv  17.60 | blocked  1.7% | idle  0.0% | ent 0.282
  upd 5102 | return   19.500 | deliv  19.50 | blocked  1.7% | idle  0.0% | ent 0.296
  upd 5103 | return   20.200 | deliv  20.20 | blocked  1.8% | idle  0.0% | ent 0.289
  upd 5104 | return   20.200 | deliv  20.20 | blocked  1.6% | idle  0.0% | ent 0.307
  upd 5105 | return   16.800 | deliv  16.80 | blocked  2.1% | idle  0.0% | ent 0.284
  upd 5106 | return   20.600 | deliv  20.60 | blocked  1.5% | idle  0.0% | ent 0.300
  upd 5107 | return   18.200 | deliv  18.20 | blocked  1.3% | idle  0.0% | ent 0.316
  upd 5108 | return   19.700 | deliv  19.70 | blocked  1.8% | idle  0.0% | ent 0.304
  upd 5109 | return   21.600 | deliv  21.60 | blocked  1.4% | idle  0.0% | ent 0.291
  upd 5110 | return   19.800 | deliv  19.80 | blocked  1.4% | idle  0.0% | ent 0.279
  upd 5111 | return   19.900 | deliv  19.90 | blocked  1.5% | idle  0.0% | ent 0.276
  upd 5112 | return   24.300 | deliv  24.30 | blocked  1.5% | idle  0.0% | ent 0.264
  upd 5113 | return   21.800 | deliv  21.80 | blocked  1.5% | idle  0.0% | ent 0.267
  upd 5114 | return   18.800 | deliv  18.80 | blocked  1.4% | idle  0.0% | ent 0.269
  upd 5115 | return   19.600 | deliv  19.60 | blocked  1.3% | idle  0.0% | ent 0.262
  upd 5116 | return   23.400 | deliv  23.40 | blocked  1.6% | idle  0.0% | ent 0.245
  upd 5117 | return   21.600 | deliv  21.60 | blocked  1.2% | idle  0.0% | ent 0.249
  upd 5118 | return   20.200 | deliv  20.20 | blocked  1.7% | idle  0.0% | ent 0.238
  upd 5119 | return   22.800 | deliv  22.80 | blocked  1.7% | idle  0.0% | ent 0.238
  upd 5120 | return   21.200 | deliv  21.20 | blocked  1.9% | idle  0.0% | ent 0.239
  upd 5121 | return   22.000 | deliv  22.00 | blocked  1.6% | idle  0.0% | ent 0.247
  upd 5122 | return   20.800 | deliv  20.80 | blocked  1.3% | idle  0.0% | ent 0.236
  upd 5123 | return   23.500 | deliv  23.50 | blocked  1.4% | idle  0.0% | ent 0.235
  upd 5124 | return   22.300 | deliv  22.30 | blocked  1.8% | idle  0.0% | ent 0.241
  upd 5125 | return   21.600 | deliv  21.60 | blocked  1.8% | idle  0.0% | ent 0.239
  upd 5126 | return   21.900 | deliv  21.90 | blocked  1.7% | idle  0.0% | ent 0.241
  upd 5127 | return   21.300 | deliv  21.30 | blocked  2.2% | idle  0.0% | ent 0.240
  upd 5128 | return   24.400 | deliv  24.40 | blocked  2.2% | idle  0.0% | ent 0.247
  upd 5129 | return   21.600 | deliv  21.60 | blocked  2.0% | idle  0.0% | ent 0.255
  upd 5130 | return   25.700 | deliv  25.70 | blocked  2.2% | idle  0.0% | ent 0.246
  upd 5131 | return   20.000 | deliv  20.00 | blocked  2.1% | idle  0.0% | ent 0.262
  upd 5132 | return   19.100 | deliv  19.10 | blocked  2.2% | idle  0.0% | ent 0.261
  upd 5133 | return   19.800 | deliv  19.80 | blocked  2.0% | idle  0.0% | ent 0.255
  upd 5134 | return   17.900 | deliv  17.90 | blocked  1.9% | idle  0.0% | ent 0.260
  upd 5135 | return   22.600 | deliv  22.60 | blocked  2.5% | idle  0.0% | ent 0.261
  upd 5136 | return   20.400 | deliv  20.40 | blocked  2.7% | idle  0.0% | ent 0.254
  upd 5137 | return   20.000 | deliv  20.00 | blocked  1.8% | idle  0.0% | ent 0.255
  upd 5138 | return   21.200 | deliv  21.20 | blocked  2.3% | idle  0.0% | ent 0.237
  upd 5139 | return   21.300 | deliv  21.30 | blocked  2.5% | idle  0.0% | ent 0.235
  upd 5140 | return   18.900 | deliv  18.90 | blocked  2.6% | idle  0.0% | ent 0.242
  upd 5141 | return   17.600 | deliv  17.60 | blocked  1.9% | idle  0.0% | ent 0.249
  upd 5142 | return   20.900 | deliv  20.90 | blocked  2.4% | idle  0.0% | ent 0.233
  upd 5143 | return   17.100 | deliv  17.10 | blocked  2.1% | idle  0.0% | ent 0.244
  upd 5144 | return   20.300 | deliv  20.30 | blocked  3.1% | idle  0.0% | ent 0.249
  upd 5145 | return   21.900 | deliv  21.90 | blocked  2.2% | idle  0.0% | ent 0.253
  upd 5146 | return   21.500 | deliv  21.50 | blocked  2.0% | idle  0.0% | ent 0.254
  upd 5147 | return   21.000 | deliv  21.00 | blocked  2.4% | idle  0.0% | ent 0.266
  upd 5148 | return   23.600 | deliv  23.60 | blocked  1.8% | idle  0.0% | ent 0.261
  upd 5149 | return   22.500 | deliv  22.50 | blocked  1.8% | idle  0.0% | ent 0.267
  upd 5150 | return   20.200 | deliv  20.20 | blocked  1.9% | idle  0.0% | ent 0.280
  upd 5151 | return   22.400 | deliv  22.40 | blocked  1.7% | idle  0.0% | ent 0.289
  upd 5152 | return   21.200 | deliv  21.20 | blocked  2.0% | idle  0.0% | ent 0.302
  upd 5153 | return   19.000 | deliv  19.00 | blocked  1.9% | idle  0.0% | ent 0.317
  upd 5154 | return   22.500 | deliv  22.50 | blocked  3.1% | idle  0.0% | ent 0.271
  upd 5155 | return   20.300 | deliv  20.30 | blocked  2.0% | idle  0.0% | ent 0.299
  upd 5156 | return   21.400 | deliv  21.40 | blocked  2.9% | idle  0.0% | ent 0.292
  upd 5157 | return   17.200 | deliv  17.20 | blocked  1.9% | idle  0.0% | ent 0.306
  upd 5158 | return   22.800 | deliv  22.80 | blocked  2.4% | idle  0.0% | ent 0.304
  upd 5159 | return   19.700 | deliv  19.70 | blocked  2.4% | idle  0.0% | ent 0.300
  upd 5160 | return   22.400 | deliv  22.40 | blocked  2.1% | idle  0.0% | ent 0.299
  upd 5161 | return   21.600 | deliv  21.60 | blocked  2.8% | idle  0.0% | ent 0.300
  upd 5162 | return   19.700 | deliv  19.70 | blocked  3.5% | idle  0.0% | ent 0.302
  upd 5163 | return   17.300 | deliv  17.30 | blocked  3.1% | idle  0.0% | ent 0.308
  upd 5164 | return   19.300 | deliv  19.30 | blocked  3.6% | idle  0.0% | ent 0.303
  upd 5165 | return   19.700 | deliv  19.70 | blocked  4.4% | idle  0.0% | ent 0.294
  upd 5166 | return   22.900 | deliv  22.90 | blocked  3.8% | idle  0.0% | ent 0.282
  upd 5167 | return   19.500 | deliv  19.50 | blocked  5.7% | idle  0.0% | ent 0.300
  upd 5168 | return   21.500 | deliv  21.50 | blocked  3.6% | idle  0.0% | ent 0.305
  upd 5169 | return   18.000 | deliv  18.00 | blocked  4.1% | idle  0.0% | ent 0.319
  upd 5170 | return   18.900 | deliv  18.90 | blocked  3.7% | idle  0.0% | ent 0.295
  upd 5171 | return   20.900 | deliv  20.90 | blocked  2.5% | idle  0.0% | ent 0.301
  upd 5172 | return   19.800 | deliv  19.80 | blocked  2.3% | idle  0.0% | ent 0.289
  upd 5173 | return   17.800 | deliv  17.80 | blocked  1.9% | idle  0.0% | ent 0.322
  upd 5174 | return   21.400 | deliv  21.40 | blocked  2.3% | idle  0.0% | ent 0.298
  upd 5175 | return   19.800 | deliv  19.80 | blocked  1.2% | idle  0.0% | ent 0.311
  upd 5176 | return   18.700 | deliv  18.70 | blocked  2.3% | idle  0.0% | ent 0.329
  upd 5177 | return   15.600 | deliv  15.60 | blocked  2.5% | idle  0.0% | ent 0.320
  upd 5178 | return   18.800 | deliv  18.80 | blocked  2.3% | idle  0.0% | ent 0.317
  upd 5179 | return   17.700 | deliv  17.70 | blocked  2.3% | idle  0.0% | ent 0.311
  upd 5180 | return   17.700 | deliv  17.70 | blocked  1.2% | idle  0.0% | ent 0.349
  upd 5181 | return   20.100 | deliv  20.10 | blocked  2.2% | idle  0.0% | ent 0.295
  upd 5182 | return   19.800 | deliv  19.80 | blocked  2.1% | idle  0.0% | ent 0.303
  upd 5183 | return   18.900 | deliv  18.90 | blocked  2.6% | idle  0.0% | ent 0.306
  upd 5184 | return   20.300 | deliv  20.30 | blocked  3.1% | idle  0.0% | ent 0.288
  upd 5185 | return   18.000 | deliv  18.00 | blocked  2.2% | idle  0.0% | ent 0.298
  upd 5186 | return   15.600 | deliv  15.60 | blocked  2.8% | idle  0.0% | ent 0.301
  upd 5187 | return   19.200 | deliv  19.20 | blocked  2.4% | idle  0.0% | ent 0.287
  upd 5188 | return   19.800 | deliv  19.80 | blocked  2.8% | idle  0.0% | ent 0.298
  upd 5189 | return   17.500 | deliv  17.50 | blocked  2.4% | idle  0.0% | ent 0.299
  upd 5190 | return   19.900 | deliv  19.90 | blocked  2.6% | idle  0.0% | ent 0.293
  upd 5191 | return   21.800 | deliv  21.80 | blocked  2.2% | idle  0.0% | ent 0.309
  upd 5192 | return   19.000 | deliv  19.00 | blocked  2.7% | idle  0.0% | ent 0.312
  upd 5193 | return   17.700 | deliv  17.70 | blocked  2.3% | idle  0.0% | ent 0.317
  upd 5194 | return   17.500 | deliv  17.50 | blocked  2.3% | idle  0.0% | ent 0.322
  upd 5195 | return   20.300 | deliv  20.30 | blocked  1.7% | idle  0.0% | ent 0.302
  upd 5196 | return   17.000 | deliv  17.00 | blocked  2.3% | idle  0.0% | ent 0.326
  upd 5197 | return   20.300 | deliv  20.30 | blocked  2.1% | idle  0.0% | ent 0.301
  upd 5198 | return   17.600 | deliv  17.60 | blocked  2.3% | idle  0.0% | ent 0.326
  upd 5199 | return   20.000 | deliv  20.00 | blocked  2.2% | idle  0.0% | ent 0.325
  [replay @ update 5200] return 18.00  deliveries 18  -> runs/mappo_evo_tiny-4ag_seed2/replays/replay_upd005200_s0.npz
  upd 5200 | return   20.400 | deliv  20.40 | blocked  2.6% | idle  0.0% | ent 0.320
  upd 5201 | return   20.300 | deliv  20.30 | blocked  2.9% | idle  0.0% | ent 0.311
  upd 5202 | return   18.100 | deliv  18.10 | blocked  2.3% | idle  0.0% | ent 0.320
  upd 5203 | return   20.200 | deliv  20.20 | blocked  3.1% | idle  0.0% | ent 0.291
  upd 5204 | return   18.400 | deliv  18.40 | blocked  2.3% | idle  0.0% | ent 0.316
  upd 5205 | return   18.500 | deliv  18.50 | blocked  3.1% | idle  0.0% | ent 0.298
  upd 5206 | return   19.600 | deliv  19.60 | blocked  2.3% | idle  0.0% | ent 0.288
  upd 5207 | return   20.400 | deliv  20.40 | blocked  2.4% | idle  0.0% | ent 0.289
  upd 5208 | return   19.900 | deliv  19.90 | blocked  2.3% | idle  0.0% | ent 0.283
  upd 5209 | return   19.600 | deliv  19.60 | blocked  2.0% | idle  0.0% | ent 0.282
  upd 5210 | return   18.300 | deliv  18.30 | blocked  2.0% | idle  0.0% | ent 0.275
  upd 5211 | return   17.700 | deliv  17.70 | blocked  2.0% | idle  0.0% | ent 0.278
  upd 5212 | return   20.500 | deliv  20.50 | blocked  1.6% | idle  0.0% | ent 0.294
  upd 5213 | return   20.200 | deliv  20.20 | blocked  1.4% | idle  0.0% | ent 0.285
  upd 5214 | return   19.300 | deliv  19.30 | blocked  2.3% | idle  0.0% | ent 0.288
  upd 5215 | return   17.800 | deliv  17.80 | blocked  2.2% | idle  0.0% | ent 0.284
  upd 5216 | return   18.700 | deliv  18.70 | blocked  2.0% | idle  0.0% | ent 0.293
  upd 5217 | return   16.300 | deliv  16.30 | blocked  3.1% | idle  0.0% | ent 0.286
  upd 5218 | return   16.700 | deliv  16.70 | blocked  3.4% | idle  0.0% | ent 0.304
  upd 5219 | return   15.800 | deliv  15.80 | blocked  3.0% | idle  0.0% | ent 0.318
  upd 5220 | return   17.300 | deliv  17.30 | blocked  3.3% | idle  0.0% | ent 0.312
  upd 5221 | return   18.500 | deliv  18.50 | blocked  2.9% | idle  0.0% | ent 0.320
  upd 5222 | return   17.400 | deliv  17.40 | blocked  2.3% | idle  0.1% | ent 0.317
  upd 5223 | return   18.400 | deliv  18.40 | blocked  3.0% | idle  0.0% | ent 0.309
  upd 5224 | return   16.200 | deliv  16.20 | blocked  2.4% | idle  0.0% | ent 0.332
  upd 5225 | return   17.500 | deliv  17.50 | blocked  2.6% | idle  0.0% | ent 0.306
  upd 5226 | return   20.600 | deliv  20.60 | blocked  2.9% | idle  0.0% | ent 0.297
  upd 5227 | return   16.300 | deliv  16.30 | blocked  4.1% | idle  0.0% | ent 0.307
  upd 5228 | return   18.700 | deliv  18.70 | blocked  2.8% | idle  0.0% | ent 0.316
  upd 5229 | return   20.900 | deliv  20.90 | blocked  3.0% | idle  0.0% | ent 0.295
  upd 5230 | return   19.200 | deliv  19.20 | blocked  2.6% | idle  0.0% | ent 0.289
  upd 5231 | return   21.500 | deliv  21.50 | blocked  2.9% | idle  0.0% | ent 0.284
  upd 5232 | return   20.800 | deliv  20.80 | blocked  2.3% | idle  0.0% | ent 0.291
  upd 5233 | return   19.400 | deliv  19.40 | blocked  3.3% | idle  0.0% | ent 0.289
  upd 5234 | return   19.400 | deliv  19.40 | blocked  2.6% | idle  0.0% | ent 0.301
  upd 5235 | return   22.100 | deliv  22.10 | blocked  2.2% | idle  0.0% | ent 0.296
  upd 5236 | return   20.700 | deliv  20.70 | blocked  2.5% | idle  0.0% | ent 0.301
  upd 5237 | return   19.300 | deliv  19.30 | blocked  2.7% | idle  0.0% | ent 0.308
  upd 5238 | return   20.000 | deliv  20.00 | blocked  2.8% | idle  0.0% | ent 0.311
  upd 5239 | return   21.300 | deliv  21.30 | blocked  2.8% | idle  0.0% | ent 0.324
  upd 5240 | return   20.900 | deliv  20.90 | blocked  2.3% | idle  0.0% | ent 0.304
  upd 5241 | return   21.900 | deliv  21.90 | blocked  3.0% | idle  0.0% | ent 0.308
  upd 5242 | return   19.300 | deliv  19.30 | blocked  3.7% | idle  0.0% | ent 0.305
  upd 5243 | return   19.500 | deliv  19.50 | blocked  3.7% | idle  0.0% | ent 0.324
  upd 5244 | return   19.400 | deliv  19.40 | blocked  3.5% | idle  0.0% | ent 0.303
  upd 5245 | return   18.900 | deliv  18.90 | blocked  5.2% | idle  0.0% | ent 0.289
  upd 5246 | return   19.900 | deliv  19.90 | blocked  3.2% | idle  0.0% | ent 0.296
  upd 5247 | return   19.000 | deliv  19.00 | blocked  2.8% | idle  0.0% | ent 0.302
  upd 5248 | return   17.300 | deliv  17.30 | blocked  2.3% | idle  0.0% | ent 0.315
  upd 5249 | return   16.300 | deliv  16.30 | blocked  2.2% | idle  0.1% | ent 0.307
  upd 5250 | return   19.400 | deliv  19.40 | blocked  1.9% | idle  0.0% | ent 0.306
  upd 5251 | return   18.300 | deliv  18.30 | blocked  2.7% | idle  0.0% | ent 0.284
  upd 5252 | return   15.800 | deliv  15.80 | blocked  3.0% | idle  0.0% | ent 0.294
  upd 5253 | return   18.400 | deliv  18.40 | blocked  2.1% | idle  0.0% | ent 0.298
  upd 5254 | return   19.800 | deliv  19.80 | blocked  2.0% | idle  0.0% | ent 0.287
  upd 5255 | return   20.200 | deliv  20.20 | blocked  2.9% | idle  0.0% | ent 0.289
  upd 5256 | return   19.800 | deliv  19.80 | blocked  2.2% | idle  0.0% | ent 0.289
  upd 5257 | return   18.000 | deliv  18.00 | blocked  2.8% | idle  0.1% | ent 0.298
  upd 5258 | return   19.400 | deliv  19.40 | blocked  2.4% | idle  0.0% | ent 0.288
  upd 5259 | return   17.800 | deliv  17.80 | blocked  2.5% | idle  0.0% | ent 0.287
  upd 5260 | return   19.700 | deliv  19.70 | blocked  2.4% | idle  0.0% | ent 0.275
  upd 5261 | return   19.200 | deliv  19.20 | blocked  2.4% | idle  0.0% | ent 0.275
  upd 5262 | return   20.300 | deliv  20.30 | blocked  2.2% | idle  0.1% | ent 0.276
  upd 5263 | return   18.300 | deliv  18.30 | blocked  2.5% | idle  0.0% | ent 0.287
  upd 5264 | return   22.000 | deliv  22.00 | blocked  2.2% | idle  0.0% | ent 0.286
  upd 5265 | return   23.100 | deliv  23.10 | blocked  2.0% | idle  0.0% | ent 0.299
  upd 5266 | return   21.200 | deliv  21.20 | blocked  2.0% | idle  0.0% | ent 0.308
  upd 5267 | return   20.200 | deliv  20.20 | blocked  2.1% | idle  0.0% | ent 0.307
  upd 5268 | return   22.300 | deliv  22.30 | blocked  2.3% | idle  0.0% | ent 0.313
  upd 5269 | return   16.600 | deliv  16.60 | blocked  1.6% | idle  0.0% | ent 0.342
  upd 5270 | return   20.500 | deliv  20.50 | blocked  2.3% | idle  0.0% | ent 0.322
  upd 5271 | return   19.900 | deliv  19.90 | blocked  3.1% | idle  0.0% | ent 0.320
  upd 5272 | return   20.600 | deliv  20.60 | blocked  2.5% | idle  0.0% | ent 0.302
  upd 5273 | return   20.000 | deliv  20.00 | blocked  2.5% | idle  0.0% | ent 0.324
  upd 5274 | return   17.400 | deliv  17.40 | blocked  3.2% | idle  0.0% | ent 0.310
  upd 5275 | return   20.700 | deliv  20.70 | blocked  2.6% | idle  0.0% | ent 0.316
  upd 5276 | return   19.500 | deliv  19.50 | blocked  2.7% | idle  0.0% | ent 0.295
  upd 5277 | return   19.600 | deliv  19.60 | blocked  2.3% | idle  0.0% | ent 0.305
  upd 5278 | return   20.600 | deliv  20.60 | blocked  2.4% | idle  0.0% | ent 0.279
  upd 5279 | return   20.200 | deliv  20.20 | blocked  2.0% | idle  0.0% | ent 0.282
  upd 5280 | return   18.900 | deliv  18.90 | blocked  2.8% | idle  0.0% | ent 0.271
  upd 5281 | return   22.600 | deliv  22.60 | blocked  2.6% | idle  0.0% | ent 0.270
  upd 5282 | return   18.900 | deliv  18.90 | blocked  2.0% | idle  0.0% | ent 0.289
  upd 5283 | return   18.400 | deliv  18.40 | blocked  1.8% | idle  0.0% | ent 0.289
  upd 5284 | return   18.800 | deliv  18.80 | blocked  2.7% | idle  0.0% | ent 0.264
  upd 5285 | return   19.400 | deliv  19.40 | blocked  2.0% | idle  0.0% | ent 0.298
  upd 5286 | return   17.100 | deliv  17.10 | blocked  1.9% | idle  0.0% | ent 0.313
  upd 5287 | return   17.500 | deliv  17.50 | blocked  2.5% | idle  0.0% | ent 0.308
  upd 5288 | return   19.800 | deliv  19.80 | blocked  2.8% | idle  0.0% | ent 0.292
  upd 5289 | return   20.200 | deliv  20.20 | blocked  2.5% | idle  0.0% | ent 0.299
  upd 5290 | return   15.800 | deliv  15.80 | blocked  2.9% | idle  0.0% | ent 0.308
  upd 5291 | return   21.400 | deliv  21.40 | blocked  2.0% | idle  0.0% | ent 0.305
  upd 5292 | return   21.000 | deliv  21.00 | blocked  2.8% | idle  0.0% | ent 0.267
  upd 5293 | return   19.700 | deliv  19.70 | blocked  2.8% | idle  0.0% | ent 0.276
  upd 5294 | return   17.000 | deliv  17.00 | blocked  2.2% | idle  0.0% | ent 0.283
  upd 5295 | return   20.300 | deliv  20.30 | blocked  2.9% | idle  0.0% | ent 0.277
  upd 5296 | return   22.300 | deliv  22.30 | blocked  2.2% | idle  0.0% | ent 0.287
  upd 5297 | return   18.800 | deliv  18.80 | blocked  2.5% | idle  0.0% | ent 0.286
  upd 5298 | return   17.500 | deliv  17.50 | blocked  2.0% | idle  0.0% | ent 0.319
  upd 5299 | return   19.600 | deliv  19.60 | blocked  2.2% | idle  0.0% | ent 0.296
  [replay @ update 5300] return 16.00  deliveries 16  -> runs/mappo_evo_tiny-4ag_seed2/replays/replay_upd005300_s0.npz
  upd 5300 | return   18.500 | deliv  18.50 | blocked  3.1% | idle  0.0% | ent 0.299
  upd 5301 | return   17.900 | deliv  17.90 | blocked  1.5% | idle  0.0% | ent 0.315
  upd 5302 | return   19.400 | deliv  19.40 | blocked  2.7% | idle  0.0% | ent 0.298
  upd 5303 | return   18.500 | deliv  18.50 | blocked  2.8% | idle  0.0% | ent 0.278
  upd 5304 | return   17.400 | deliv  17.40 | blocked  2.0% | idle  0.0% | ent 0.297
  upd 5305 | return   19.100 | deliv  19.10 | blocked  1.7% | idle  0.0% | ent 0.294
  upd 5306 | return   21.200 | deliv  21.20 | blocked  2.8% | idle  0.0% | ent 0.275
  upd 5307 | return   20.600 | deliv  20.60 | blocked  2.4% | idle  0.0% | ent 0.276
  upd 5308 | return   19.800 | deliv  19.80 | blocked  1.7% | idle  0.0% | ent 0.290
  upd 5309 | return   18.000 | deliv  18.00 | blocked  2.0% | idle  0.0% | ent 0.303
  upd 5310 | return   21.000 | deliv  21.00 | blocked  1.9% | idle  0.0% | ent 0.279
  upd 5311 | return   19.100 | deliv  19.10 | blocked  2.9% | idle  0.0% | ent 0.265
  upd 5312 | return   21.700 | deliv  21.70 | blocked  2.1% | idle  0.0% | ent 0.253
  upd 5313 | return   22.800 | deliv  22.80 | blocked  2.1% | idle  0.0% | ent 0.262
  upd 5314 | return   22.500 | deliv  22.50 | blocked  1.4% | idle  0.0% | ent 0.262
  upd 5315 | return   18.600 | deliv  18.60 | blocked  2.1% | idle  0.0% | ent 0.274
  upd 5316 | return   21.800 | deliv  21.80 | blocked  2.5% | idle  0.0% | ent 0.260
  upd 5317 | return   22.700 | deliv  22.70 | blocked  2.1% | idle  0.0% | ent 0.252
  upd 5318 | return   20.800 | deliv  20.80 | blocked  1.9% | idle  0.0% | ent 0.246
  upd 5319 | return   19.500 | deliv  19.50 | blocked  2.5% | idle  0.0% | ent 0.257
  upd 5320 | return   21.000 | deliv  21.00 | blocked  2.8% | idle  0.0% | ent 0.258
  upd 5321 | return   19.100 | deliv  19.10 | blocked  2.7% | idle  0.0% | ent 0.258
  upd 5322 | return   21.000 | deliv  21.00 | blocked  2.6% | idle  0.0% | ent 0.271
  upd 5323 | return   22.400 | deliv  22.40 | blocked  2.6% | idle  0.0% | ent 0.270
  upd 5324 | return   23.400 | deliv  23.40 | blocked  2.2% | idle  0.0% | ent 0.285
  upd 5325 | return   21.000 | deliv  21.00 | blocked  2.6% | idle  0.0% | ent 0.277
  upd 5326 | return   20.600 | deliv  20.60 | blocked  2.7% | idle  0.0% | ent 0.290
  upd 5327 | return   19.700 | deliv  19.70 | blocked  2.7% | idle  0.0% | ent 0.298
  upd 5328 | return   17.800 | deliv  17.80 | blocked  2.4% | idle  0.0% | ent 0.309
  upd 5329 | return   22.800 | deliv  22.80 | blocked  2.6% | idle  0.0% | ent 0.285
  upd 5330 | return   19.900 | deliv  19.90 | blocked  1.9% | idle  0.0% | ent 0.288
  upd 5331 | return   19.900 | deliv  19.90 | blocked  2.3% | idle  0.0% | ent 0.281
  upd 5332 | return   18.400 | deliv  18.40 | blocked  1.9% | idle  0.0% | ent 0.289
  upd 5333 | return   22.700 | deliv  22.70 | blocked  2.6% | idle  0.0% | ent 0.276
  upd 5334 | return   20.700 | deliv  20.70 | blocked  2.4% | idle  0.0% | ent 0.271
  upd 5335 | return   22.100 | deliv  22.10 | blocked  2.0% | idle  0.0% | ent 0.274
  upd 5336 | return   22.000 | deliv  22.00 | blocked  2.3% | idle  0.0% | ent 0.265
  upd 5337 | return   21.100 | deliv  21.10 | blocked  2.5% | idle  0.0% | ent 0.259
  upd 5338 | return   18.000 | deliv  18.00 | blocked  3.0% | idle  0.0% | ent 0.268
  upd 5339 | return   20.200 | deliv  20.20 | blocked  2.3% | idle  0.0% | ent 0.275
  upd 5340 | return   18.500 | deliv  18.50 | blocked  2.6% | idle  0.0% | ent 0.259
  upd 5341 | return   19.700 | deliv  19.70 | blocked  2.4% | idle  0.0% | ent 0.270
  upd 5342 | return   18.500 | deliv  18.50 | blocked  3.9% | idle  0.0% | ent 0.265
  upd 5343 | return   20.100 | deliv  20.10 | blocked  2.3% | idle  0.0% | ent 0.255
  upd 5344 | return   17.300 | deliv  17.30 | blocked  2.7% | idle  0.0% | ent 0.265
  upd 5345 | return   20.900 | deliv  20.90 | blocked  2.3% | idle  0.0% | ent 0.260
  upd 5346 | return   20.500 | deliv  20.50 | blocked  2.2% | idle  0.0% | ent 0.246
  upd 5347 | return   21.700 | deliv  21.70 | blocked  2.1% | idle  0.0% | ent 0.254
  upd 5348 | return   21.100 | deliv  21.10 | blocked  2.0% | idle  0.0% | ent 0.264
  upd 5349 | return   23.800 | deliv  23.80 | blocked  2.0% | idle  0.0% | ent 0.268
  upd 5350 | return   23.200 | deliv  23.20 | blocked  2.0% | idle  0.0% | ent 0.275
  upd 5351 | return   23.500 | deliv  23.50 | blocked  1.8% | idle  0.0% | ent 0.290
  upd 5352 | return   20.100 | deliv  20.10 | blocked  1.6% | idle  0.0% | ent 0.299
  upd 5353 | return   21.000 | deliv  21.00 | blocked  2.9% | idle  0.0% | ent 0.281
  upd 5354 | return   20.600 | deliv  20.60 | blocked  2.0% | idle  0.0% | ent 0.283
  upd 5355 | return   20.800 | deliv  20.80 | blocked  1.8% | idle  0.0% | ent 0.302
  upd 5356 | return   21.000 | deliv  21.00 | blocked  1.8% | idle  0.0% | ent 0.307
  upd 5357 | return   20.300 | deliv  20.30 | blocked  3.7% | idle  0.0% | ent 0.289
  upd 5358 | return   19.400 | deliv  19.40 | blocked  2.1% | idle  0.0% | ent 0.297
  upd 5359 | return   21.400 | deliv  21.40 | blocked  1.9% | idle  0.0% | ent 0.293
  upd 5360 | return   20.600 | deliv  20.60 | blocked  2.0% | idle  0.0% | ent 0.296
  upd 5361 | return   19.300 | deliv  19.30 | blocked  1.7% | idle  0.0% | ent 0.308
  upd 5362 | return   19.500 | deliv  19.50 | blocked  2.2% | idle  0.0% | ent 0.302
  upd 5363 | return   20.100 | deliv  20.10 | blocked  2.1% | idle  0.0% | ent 0.298
  upd 5364 | return   19.400 | deliv  19.40 | blocked  2.8% | idle  0.0% | ent 0.299
  upd 5365 | return   16.900 | deliv  16.90 | blocked  1.6% | idle  0.0% | ent 0.296
  upd 5366 | return   21.400 | deliv  21.40 | blocked  1.9% | idle  0.0% | ent 0.292
  upd 5367 | return   21.900 | deliv  21.90 | blocked  1.9% | idle  0.0% | ent 0.286
  upd 5368 | return   20.200 | deliv  20.20 | blocked  2.0% | idle  0.0% | ent 0.291
  upd 5369 | return   21.800 | deliv  21.80 | blocked  1.9% | idle  0.0% | ent 0.281
  upd 5370 | return   18.800 | deliv  18.80 | blocked  3.1% | idle  0.0% | ent 0.291
  upd 5371 | return   20.300 | deliv  20.30 | blocked  2.3% | idle  0.0% | ent 0.282
  upd 5372 | return   21.000 | deliv  21.00 | blocked  2.2% | idle  0.0% | ent 0.291
  upd 5373 | return   21.300 | deliv  21.30 | blocked  2.1% | idle  0.0% | ent 0.271
  upd 5374 | return   21.000 | deliv  21.00 | blocked  1.7% | idle  0.0% | ent 0.291
  upd 5375 | return   22.200 | deliv  22.20 | blocked  2.2% | idle  0.0% | ent 0.279
  upd 5376 | return   22.000 | deliv  22.00 | blocked  4.2% | idle  0.0% | ent 0.261
  upd 5377 | return   23.800 | deliv  23.80 | blocked  3.3% | idle  0.0% | ent 0.270
  upd 5378 | return   23.000 | deliv  23.00 | blocked  2.3% | idle  0.0% | ent 0.267
  upd 5379 | return   22.200 | deliv  22.20 | blocked  2.4% | idle  0.0% | ent 0.271
  upd 5380 | return   20.400 | deliv  20.40 | blocked  2.6% | idle  0.0% | ent 0.268
  upd 5381 | return   20.400 | deliv  20.40 | blocked  3.7% | idle  0.0% | ent 0.288
  upd 5382 | return   19.500 | deliv  19.50 | blocked  2.3% | idle  0.0% | ent 0.273
  upd 5383 | return   20.700 | deliv  20.70 | blocked  3.3% | idle  0.0% | ent 0.287
  upd 5384 | return   22.000 | deliv  22.00 | blocked  2.0% | idle  0.0% | ent 0.286
  upd 5385 | return   21.700 | deliv  21.70 | blocked  2.3% | idle  0.0% | ent 0.295
  upd 5386 | return   21.400 | deliv  21.40 | blocked  2.2% | idle  0.0% | ent 0.282
  upd 5387 | return   19.700 | deliv  19.70 | blocked  1.7% | idle  0.0% | ent 0.295
  upd 5388 | return   18.500 | deliv  18.50 | blocked  1.6% | idle  0.0% | ent 0.293
  upd 5389 | return   21.700 | deliv  21.70 | blocked  2.1% | idle  0.0% | ent 0.282
  upd 5390 | return   17.000 | deliv  17.00 | blocked  2.3% | idle  0.0% | ent 0.289
  upd 5391 | return   20.200 | deliv  20.20 | blocked  2.3% | idle  0.0% | ent 0.271
  upd 5392 | return   19.500 | deliv  19.50 | blocked  1.8% | idle  0.0% | ent 0.272
  upd 5393 | return   22.300 | deliv  22.30 | blocked  1.8% | idle  0.0% | ent 0.279
  upd 5394 | return   19.500 | deliv  19.50 | blocked  1.6% | idle  0.0% | ent 0.284
  upd 5395 | return   20.300 | deliv  20.30 | blocked  2.2% | idle  0.0% | ent 0.276
  upd 5396 | return   23.700 | deliv  23.70 | blocked  2.1% | idle  0.0% | ent 0.284
  upd 5397 | return   21.700 | deliv  21.70 | blocked  2.3% | idle  0.0% | ent 0.277
  upd 5398 | return   20.900 | deliv  20.90 | blocked  2.1% | idle  0.0% | ent 0.283
  upd 5399 | return   22.600 | deliv  22.60 | blocked  2.3% | idle  0.0% | ent 0.265
  [replay @ update 5400] return 25.00  deliveries 25  -> runs/mappo_evo_tiny-4ag_seed2/replays/replay_upd005400_s0.npz
  upd 5400 | return   19.700 | deliv  19.70 | blocked  2.4% | idle  0.0% | ent 0.259
  upd 5401 | return   23.200 | deliv  23.20 | blocked  2.8% | idle  0.0% | ent 0.266
  upd 5402 | return   22.100 | deliv  22.10 | blocked  3.0% | idle  0.0% | ent 0.249
  upd 5403 | return   21.400 | deliv  21.40 | blocked  2.6% | idle  0.0% | ent 0.265
  upd 5404 | return   22.300 | deliv  22.30 | blocked  2.9% | idle  0.0% | ent 0.264
  upd 5405 | return   20.800 | deliv  20.80 | blocked  3.0% | idle  0.0% | ent 0.275
  upd 5406 | return   20.100 | deliv  20.10 | blocked  2.4% | idle  0.0% | ent 0.276
  upd 5407 | return   22.300 | deliv  22.30 | blocked  3.3% | idle  0.0% | ent 0.280
  upd 5408 | return   19.900 | deliv  19.90 | blocked  2.8% | idle  0.0% | ent 0.281
  upd 5409 | return   22.100 | deliv  22.10 | blocked  2.7% | idle  0.0% | ent 0.251
  upd 5410 | return   20.700 | deliv  20.70 | blocked  3.4% | idle  0.0% | ent 0.247
  upd 5411 | return   19.500 | deliv  19.50 | blocked  2.2% | idle  0.0% | ent 0.251
  upd 5412 | return   18.800 | deliv  18.80 | blocked  2.9% | idle  0.0% | ent 0.255
  upd 5413 | return   23.900 | deliv  23.90 | blocked  2.5% | idle  0.0% | ent 0.256
  upd 5414 | return   21.900 | deliv  21.90 | blocked  2.4% | idle  0.0% | ent 0.266
  upd 5415 | return   23.400 | deliv  23.40 | blocked  2.2% | idle  0.0% | ent 0.252
  upd 5416 | return   21.500 | deliv  21.50 | blocked  2.2% | idle  0.0% | ent 0.253
  upd 5417 | return   19.900 | deliv  19.90 | blocked  2.3% | idle  0.0% | ent 0.268
  upd 5418 | return   18.500 | deliv  18.50 | blocked  2.6% | idle  0.0% | ent 0.283
  upd 5419 | return   22.100 | deliv  22.10 | blocked  2.4% | idle  0.0% | ent 0.269
  upd 5420 | return   17.900 | deliv  17.90 | blocked  1.6% | idle  0.0% | ent 0.284
  upd 5421 | return   20.100 | deliv  20.10 | blocked  2.1% | idle  0.0% | ent 0.287
  upd 5422 | return   20.100 | deliv  20.10 | blocked  2.2% | idle  0.0% | ent 0.285
  upd 5423 | return   19.000 | deliv  19.00 | blocked  2.1% | idle  0.0% | ent 0.298
  upd 5424 | return   23.600 | deliv  23.60 | blocked  2.1% | idle  0.0% | ent 0.273
  upd 5425 | return   22.700 | deliv  22.70 | blocked  2.2% | idle  0.0% | ent 0.283
  upd 5426 | return   17.300 | deliv  17.30 | blocked  2.2% | idle  0.0% | ent 0.312
  upd 5427 | return   21.800 | deliv  21.80 | blocked  2.3% | idle  0.0% | ent 0.285
  upd 5428 | return   19.100 | deliv  19.10 | blocked  2.4% | idle  0.0% | ent 0.290
  upd 5429 | return   22.100 | deliv  22.10 | blocked  2.2% | idle  0.0% | ent 0.281
  upd 5430 | return   19.600 | deliv  19.60 | blocked  2.1% | idle  0.0% | ent 0.276
  upd 5431 | return   21.900 | deliv  21.90 | blocked  2.0% | idle  0.0% | ent 0.278
  upd 5432 | return   21.600 | deliv  21.60 | blocked  2.3% | idle  0.0% | ent 0.281
  upd 5433 | return   19.300 | deliv  19.30 | blocked  3.1% | idle  0.0% | ent 0.268
  upd 5434 | return   23.900 | deliv  23.90 | blocked  2.5% | idle  0.0% | ent 0.257
  upd 5435 | return   19.100 | deliv  19.10 | blocked  2.5% | idle  0.0% | ent 0.269
  upd 5436 | return   22.300 | deliv  22.30 | blocked  2.3% | idle  0.0% | ent 0.255
  upd 5437 | return   23.000 | deliv  23.00 | blocked  2.5% | idle  0.0% | ent 0.259
  upd 5438 | return   20.100 | deliv  20.10 | blocked  2.5% | idle  0.0% | ent 0.278
  upd 5439 | return   17.800 | deliv  17.80 | blocked  2.8% | idle  0.0% | ent 0.277
  upd 5440 | return   21.400 | deliv  21.40 | blocked  3.1% | idle  0.0% | ent 0.283
  upd 5441 | return   20.700 | deliv  20.70 | blocked  2.5% | idle  0.0% | ent 0.272
  upd 5442 | return   20.100 | deliv  20.10 | blocked  2.3% | idle  0.0% | ent 0.273
  upd 5443 | return   23.000 | deliv  23.00 | blocked  2.0% | idle  0.0% | ent 0.249
  upd 5444 | return   19.000 | deliv  19.00 | blocked  2.8% | idle  0.0% | ent 0.262
  upd 5445 | return   23.200 | deliv  23.20 | blocked  2.5% | idle  0.0% | ent 0.239
  upd 5446 | return   19.600 | deliv  19.60 | blocked  2.3% | idle  0.0% | ent 0.262
  upd 5447 | return   19.400 | deliv  19.40 | blocked  1.8% | idle  0.0% | ent 0.270
  upd 5448 | return   20.300 | deliv  20.30 | blocked  2.4% | idle  0.0% | ent 0.274
  upd 5449 | return   21.900 | deliv  21.90 | blocked  2.3% | idle  0.0% | ent 0.281
  upd 5450 | return   18.900 | deliv  18.90 | blocked  2.4% | idle  0.0% | ent 0.293
  upd 5451 | return   22.200 | deliv  22.20 | blocked  2.5% | idle  0.0% | ent 0.286
  upd 5452 | return   22.200 | deliv  22.20 | blocked  2.7% | idle  0.0% | ent 0.285
  upd 5453 | return   21.500 | deliv  21.50 | blocked  2.6% | idle  0.0% | ent 0.274
  upd 5454 | return   19.200 | deliv  19.20 | blocked  2.9% | idle  0.0% | ent 0.277
  upd 5455 | return   20.900 | deliv  20.90 | blocked  3.0% | idle  0.0% | ent 0.281
  upd 5456 | return   21.700 | deliv  21.70 | blocked  2.0% | idle  0.0% | ent 0.281
  upd 5457 | return   19.500 | deliv  19.50 | blocked  2.8% | idle  0.1% | ent 0.305
  upd 5458 | return   20.100 | deliv  20.10 | blocked  2.2% | idle  0.1% | ent 0.306
  upd 5459 | return   21.400 | deliv  21.40 | blocked  2.3% | idle  0.1% | ent 0.296
  upd 5460 | return   21.500 | deliv  21.50 | blocked  2.0% | idle  0.0% | ent 0.301
  upd 5461 | return   19.000 | deliv  19.00 | blocked  2.2% | idle  0.0% | ent 0.317
  upd 5462 | return   20.200 | deliv  20.20 | blocked  2.0% | idle  0.0% | ent 0.303
  upd 5463 | return   19.900 | deliv  19.90 | blocked  2.5% | idle  0.0% | ent 0.296
  upd 5464 | return   20.900 | deliv  20.90 | blocked  2.5% | idle  0.0% | ent 0.297
  upd 5465 | return   20.700 | deliv  20.70 | blocked  2.6% | idle  0.0% | ent 0.301
  upd 5466 | return   18.200 | deliv  18.20 | blocked  3.7% | idle  0.0% | ent 0.291
  upd 5467 | return   18.000 | deliv  18.00 | blocked  2.1% | idle  0.0% | ent 0.306
  upd 5468 | return   19.400 | deliv  19.40 | blocked  2.2% | idle  0.0% | ent 0.307
  upd 5469 | return   19.500 | deliv  19.50 | blocked  1.5% | idle  0.0% | ent 0.321
  upd 5470 | return   17.500 | deliv  17.50 | blocked  1.7% | idle  0.0% | ent 0.324
  upd 5471 | return   21.700 | deliv  21.70 | blocked  2.0% | idle  0.0% | ent 0.301
  upd 5472 | return   20.700 | deliv  20.70 | blocked  2.0% | idle  0.0% | ent 0.305
  upd 5473 | return   19.100 | deliv  19.10 | blocked  3.4% | idle  0.0% | ent 0.294
  upd 5474 | return   15.600 | deliv  15.60 | blocked  3.2% | idle  0.0% | ent 0.297
  upd 5475 | return   17.800 | deliv  17.80 | blocked  3.2% | idle  0.0% | ent 0.297
  upd 5476 | return   21.900 | deliv  21.90 | blocked  2.3% | idle  0.0% | ent 0.285
  upd 5477 | return   19.300 | deliv  19.30 | blocked  2.5% | idle  0.0% | ent 0.289
  upd 5478 | return   18.700 | deliv  18.70 | blocked  2.7% | idle  0.0% | ent 0.317
  upd 5479 | return   16.800 | deliv  16.80 | blocked  2.3% | idle  0.0% | ent 0.321
  upd 5480 | return   20.000 | deliv  20.00 | blocked  2.6% | idle  0.0% | ent 0.293
  upd 5481 | return   20.500 | deliv  20.50 | blocked  2.7% | idle  0.0% | ent 0.290
  upd 5482 | return   19.700 | deliv  19.70 | blocked  2.2% | idle  0.0% | ent 0.280
  upd 5483 | return   21.800 | deliv  21.80 | blocked  2.3% | idle  0.0% | ent 0.275
  upd 5484 | return   21.800 | deliv  21.80 | blocked  2.5% | idle  0.0% | ent 0.258
  upd 5485 | return   18.300 | deliv  18.30 | blocked  2.1% | idle  0.0% | ent 0.295
  upd 5486 | return   22.200 | deliv  22.20 | blocked  2.0% | idle  0.0% | ent 0.272
  upd 5487 | return   21.800 | deliv  21.80 | blocked  2.2% | idle  0.0% | ent 0.269
  upd 5488 | return   22.100 | deliv  22.10 | blocked  1.8% | idle  0.0% | ent 0.265
  upd 5489 | return   20.500 | deliv  20.50 | blocked  2.1% | idle  0.0% | ent 0.267
  upd 5490 | return   22.100 | deliv  22.10 | blocked  1.5% | idle  0.0% | ent 0.246
  upd 5491 | return   22.800 | deliv  22.80 | blocked  1.6% | idle  0.0% | ent 0.248
  upd 5492 | return   22.200 | deliv  22.20 | blocked  1.7% | idle  0.0% | ent 0.242
  upd 5493 | return   21.500 | deliv  21.50 | blocked  1.8% | idle  0.0% | ent 0.238
  upd 5494 | return   24.800 | deliv  24.80 | blocked  1.8% | idle  0.0% | ent 0.227
  upd 5495 | return   23.100 | deliv  23.10 | blocked  2.3% | idle  0.0% | ent 0.231
  upd 5496 | return   25.000 | deliv  25.00 | blocked  2.9% | idle  0.0% | ent 0.231
  upd 5497 | return   22.200 | deliv  22.20 | blocked  1.5% | idle  0.0% | ent 0.245
  upd 5498 | return   19.900 | deliv  19.90 | blocked  1.7% | idle  0.0% | ent 0.251
  upd 5499 | return   19.700 | deliv  19.70 | blocked  1.7% | idle  0.0% | ent 0.248
  [replay @ update 5500] return 19.00  deliveries 19  -> runs/mappo_evo_tiny-4ag_seed2/replays/replay_upd005500_s0.npz
  upd 5500 | return   21.800 | deliv  21.80 | blocked  2.0% | idle  0.0% | ent 0.243
  upd 5501 | return   20.700 | deliv  20.70 | blocked  1.8% | idle  0.0% | ent 0.260
  upd 5502 | return   23.000 | deliv  23.00 | blocked  1.8% | idle  0.0% | ent 0.259
  upd 5503 | return   20.800 | deliv  20.80 | blocked  2.6% | idle  0.0% | ent 0.278
  upd 5504 | return   21.200 | deliv  21.20 | blocked  1.8% | idle  0.0% | ent 0.278
  upd 5505 | return   22.200 | deliv  22.20 | blocked  1.8% | idle  0.0% | ent 0.280
  upd 5506 | return   17.800 | deliv  17.80 | blocked  1.6% | idle  0.0% | ent 0.299
  upd 5507 | return   21.300 | deliv  21.30 | blocked  1.6% | idle  0.0% | ent 0.296
  upd 5508 | return   19.900 | deliv  19.90 | blocked  1.7% | idle  0.0% | ent 0.304
  upd 5509 | return   22.700 | deliv  22.70 | blocked  1.7% | idle  0.0% | ent 0.289
  upd 5510 | return   19.200 | deliv  19.20 | blocked  1.7% | idle  0.0% | ent 0.302
  upd 5511 | return   19.700 | deliv  19.70 | blocked  1.7% | idle  0.0% | ent 0.312
  upd 5512 | return   20.800 | deliv  20.80 | blocked  2.0% | idle  0.0% | ent 0.314
  upd 5513 | return   21.400 | deliv  21.40 | blocked  1.8% | idle  0.0% | ent 0.295
  upd 5514 | return   19.200 | deliv  19.20 | blocked  1.7% | idle  0.0% | ent 0.312
  upd 5515 | return   20.500 | deliv  20.50 | blocked  2.2% | idle  0.0% | ent 0.287
  upd 5516 | return   22.800 | deliv  22.80 | blocked  1.9% | idle  0.0% | ent 0.299
  upd 5517 | return   20.800 | deliv  20.80 | blocked  2.1% | idle  0.0% | ent 0.291
  upd 5518 | return   23.400 | deliv  23.40 | blocked  1.7% | idle  0.0% | ent 0.286
  upd 5519 | return   22.300 | deliv  22.30 | blocked  2.1% | idle  0.0% | ent 0.289
  upd 5520 | return   21.000 | deliv  21.00 | blocked  2.0% | idle  0.0% | ent 0.302
  upd 5521 | return   24.800 | deliv  24.80 | blocked  2.0% | idle  0.0% | ent 0.283
  upd 5522 | return   16.700 | deliv  16.70 | blocked  2.2% | idle  0.0% | ent 0.311
  upd 5523 | return   22.400 | deliv  22.40 | blocked  2.1% | idle  0.0% | ent 0.298
  upd 5524 | return   20.200 | deliv  20.20 | blocked  2.0% | idle  0.0% | ent 0.299
  upd 5525 | return   21.400 | deliv  21.40 | blocked  2.2% | idle  0.0% | ent 0.287
  upd 5526 | return   20.300 | deliv  20.30 | blocked  1.8% | idle  0.0% | ent 0.296
  upd 5527 | return   17.900 | deliv  17.90 | blocked  2.2% | idle  0.0% | ent 0.300
  upd 5528 | return   21.800 | deliv  21.80 | blocked  4.0% | idle  0.0% | ent 0.288
  upd 5529 | return   25.500 | deliv  25.50 | blocked  2.0% | idle  0.0% | ent 0.287
  upd 5530 | return   23.900 | deliv  23.90 | blocked  2.3% | idle  0.0% | ent 0.283
  upd 5531 | return   22.900 | deliv  22.90 | blocked  1.6% | idle  0.0% | ent 0.288
  upd 5532 | return   21.600 | deliv  21.60 | blocked  2.1% | idle  0.0% | ent 0.287
  upd 5533 | return   22.900 | deliv  22.90 | blocked  1.9% | idle  0.0% | ent 0.280
  upd 5534 | return   23.100 | deliv  23.10 | blocked  2.2% | idle  0.0% | ent 0.276
  upd 5535 | return   23.200 | deliv  23.20 | blocked  2.1% | idle  0.0% | ent 0.270
  upd 5536 | return   22.900 | deliv  22.90 | blocked  1.8% | idle  0.0% | ent 0.270
  upd 5537 | return   22.500 | deliv  22.50 | blocked  2.4% | idle  0.0% | ent 0.266
  upd 5538 | return   21.800 | deliv  21.80 | blocked  1.9% | idle  0.0% | ent 0.275
  upd 5539 | return   21.300 | deliv  21.30 | blocked  1.8% | idle  0.0% | ent 0.281
  upd 5540 | return   22.000 | deliv  22.00 | blocked  1.9% | idle  0.0% | ent 0.285
  upd 5541 | return   20.000 | deliv  20.00 | blocked  1.9% | idle  0.0% | ent 0.293
  upd 5542 | return   23.000 | deliv  23.00 | blocked  1.8% | idle  0.0% | ent 0.275
  upd 5543 | return   21.700 | deliv  21.70 | blocked  1.7% | idle  0.0% | ent 0.268
  upd 5544 | return   21.500 | deliv  21.50 | blocked  1.6% | idle  0.0% | ent 0.268
  upd 5545 | return   21.400 | deliv  21.40 | blocked  1.8% | idle  0.0% | ent 0.260
  upd 5546 | return   18.100 | deliv  18.10 | blocked  1.3% | idle  0.0% | ent 0.290
  upd 5547 | return   20.700 | deliv  20.70 | blocked  1.4% | idle  0.0% | ent 0.275
  upd 5548 | return   19.800 | deliv  19.80 | blocked  1.4% | idle  0.0% | ent 0.278
  upd 5549 | return   19.000 | deliv  19.00 | blocked  1.6% | idle  0.0% | ent 0.273
  upd 5550 | return   20.100 | deliv  20.10 | blocked  1.5% | idle  0.0% | ent 0.258
  upd 5551 | return   20.700 | deliv  20.70 | blocked  1.3% | idle  0.0% | ent 0.265
  upd 5552 | return   23.100 | deliv  23.10 | blocked  1.5% | idle  0.0% | ent 0.272
  upd 5553 | return   19.900 | deliv  19.90 | blocked  1.4% | idle  0.0% | ent 0.273
  upd 5554 | return   23.800 | deliv  23.80 | blocked  1.3% | idle  0.0% | ent 0.263
  upd 5555 | return   22.600 | deliv  22.60 | blocked  1.7% | idle  0.0% | ent 0.262
  upd 5556 | return   21.300 | deliv  21.30 | blocked  1.6% | idle  0.0% | ent 0.256
  upd 5557 | return   21.500 | deliv  21.50 | blocked  1.6% | idle  0.0% | ent 0.254
  upd 5558 | return   21.700 | deliv  21.70 | blocked  1.7% | idle  0.0% | ent 0.252
  upd 5559 | return   23.600 | deliv  23.60 | blocked  1.6% | idle  0.0% | ent 0.235
  upd 5560 | return   17.800 | deliv  17.80 | blocked  1.8% | idle  0.0% | ent 0.255
  upd 5561 | return   22.900 | deliv  22.90 | blocked  2.0% | idle  0.0% | ent 0.248
  upd 5562 | return   22.800 | deliv  22.80 | blocked  1.5% | idle  0.0% | ent 0.256
  upd 5563 | return   19.800 | deliv  19.80 | blocked  1.4% | idle  0.0% | ent 0.271
  upd 5564 | return   21.100 | deliv  21.10 | blocked  1.2% | idle  0.0% | ent 0.266
  upd 5565 | return   20.200 | deliv  20.20 | blocked  1.3% | idle  0.0% | ent 0.261
  upd 5566 | return   21.100 | deliv  21.10 | blocked  1.6% | idle  0.0% | ent 0.253
  upd 5567 | return   20.800 | deliv  20.80 | blocked  1.1% | idle  0.0% | ent 0.249
  upd 5568 | return   20.200 | deliv  20.20 | blocked  1.5% | idle  0.0% | ent 0.248
  upd 5569 | return   20.900 | deliv  20.90 | blocked  1.2% | idle  0.0% | ent 0.239
  upd 5570 | return   21.700 | deliv  21.70 | blocked  1.3% | idle  0.0% | ent 0.237
  upd 5571 | return   22.900 | deliv  22.90 | blocked  1.5% | idle  0.0% | ent 0.235
  upd 5572 | return   23.400 | deliv  23.40 | blocked  1.7% | idle  0.0% | ent 0.233
  upd 5573 | return   22.700 | deliv  22.70 | blocked  1.9% | idle  0.0% | ent 0.238
  upd 5574 | return   23.000 | deliv  23.00 | blocked  1.9% | idle  0.0% | ent 0.242
  upd 5575 | return   26.200 | deliv  26.20 | blocked  1.8% | idle  0.0% | ent 0.233
  upd 5576 | return   24.900 | deliv  24.90 | blocked  1.8% | idle  0.0% | ent 0.247
  upd 5577 | return   22.600 | deliv  22.60 | blocked  1.8% | idle  0.0% | ent 0.253
  upd 5578 | return   21.600 | deliv  21.60 | blocked  1.6% | idle  0.0% | ent 0.265
  upd 5579 | return   23.500 | deliv  23.50 | blocked  1.5% | idle  0.0% | ent 0.265
  upd 5580 | return   20.200 | deliv  20.20 | blocked  1.6% | idle  0.0% | ent 0.273
  upd 5581 | return   21.900 | deliv  21.90 | blocked  1.6% | idle  0.0% | ent 0.282
  upd 5582 | return   22.600 | deliv  22.60 | blocked  1.5% | idle  0.0% | ent 0.271
  upd 5583 | return   20.600 | deliv  20.60 | blocked  2.3% | idle  0.0% | ent 0.305
  upd 5584 | return   19.300 | deliv  19.30 | blocked  1.4% | idle  0.0% | ent 0.310
  upd 5585 | return   22.300 | deliv  22.30 | blocked  2.3% | idle  0.0% | ent 0.299
  upd 5586 | return   22.600 | deliv  22.60 | blocked  1.2% | idle  0.0% | ent 0.309
  upd 5587 | return   18.200 | deliv  18.20 | blocked  1.6% | idle  0.0% | ent 0.312
  upd 5588 | return   21.200 | deliv  21.20 | blocked  1.3% | idle  0.0% | ent 0.299
  upd 5589 | return   22.400 | deliv  22.40 | blocked  1.7% | idle  0.0% | ent 0.299
  upd 5590 | return   19.000 | deliv  19.00 | blocked  1.6% | idle  0.0% | ent 0.301
  upd 5591 | return   23.400 | deliv  23.40 | blocked  1.5% | idle  0.0% | ent 0.296
  upd 5592 | return   19.100 | deliv  19.10 | blocked  2.0% | idle  0.0% | ent 0.308
  upd 5593 | return   18.800 | deliv  18.80 | blocked  1.6% | idle  0.0% | ent 0.315
  upd 5594 | return   20.100 | deliv  20.10 | blocked  1.8% | idle  0.0% | ent 0.297
  upd 5595 | return   21.500 | deliv  21.50 | blocked  2.5% | idle  0.0% | ent 0.292
  upd 5596 | return   23.100 | deliv  23.10 | blocked  1.8% | idle  0.0% | ent 0.289
  upd 5597 | return   21.800 | deliv  21.80 | blocked  1.7% | idle  0.0% | ent 0.290
  upd 5598 | return   22.200 | deliv  22.20 | blocked  1.5% | idle  0.0% | ent 0.268
  upd 5599 | return   20.500 | deliv  20.50 | blocked  1.8% | idle  0.0% | ent 0.294
  [replay @ update 5600] return 27.00  deliveries 27  -> runs/mappo_evo_tiny-4ag_seed2/replays/replay_upd005600_s0.npz
  upd 5600 | return   20.500 | deliv  20.50 | blocked  1.9% | idle  0.0% | ent 0.295
  upd 5601 | return   22.200 | deliv  22.20 | blocked  1.9% | idle  0.0% | ent 0.288
  upd 5602 | return   23.600 | deliv  23.60 | blocked  1.8% | idle  0.0% | ent 0.273
  upd 5603 | return   25.300 | deliv  25.30 | blocked  2.3% | idle  0.0% | ent 0.276
  upd 5604 | return   19.800 | deliv  19.80 | blocked  1.8% | idle  0.0% | ent 0.310
  upd 5605 | return   22.500 | deliv  22.50 | blocked  1.8% | idle  0.0% | ent 0.309
  upd 5606 | return   19.700 | deliv  19.70 | blocked  2.5% | idle  0.0% | ent 0.321
  upd 5607 | return   19.300 | deliv  19.30 | blocked  2.1% | idle  0.0% | ent 0.330
  upd 5608 | return   21.000 | deliv  21.00 | blocked  1.8% | idle  0.0% | ent 0.324
  upd 5609 | return   17.600 | deliv  17.60 | blocked  1.7% | idle  0.0% | ent 0.320
  upd 5610 | return   21.100 | deliv  21.10 | blocked  2.0% | idle  0.0% | ent 0.300
  upd 5611 | return   16.700 | deliv  16.70 | blocked  2.1% | idle  0.0% | ent 0.329
  upd 5612 | return   21.500 | deliv  21.50 | blocked  2.1% | idle  0.0% | ent 0.302
  upd 5613 | return   21.200 | deliv  21.20 | blocked  2.0% | idle  0.0% | ent 0.300
  upd 5614 | return   18.700 | deliv  18.70 | blocked  1.9% | idle  0.0% | ent 0.311
  upd 5615 | return   19.900 | deliv  19.90 | blocked  1.5% | idle  0.0% | ent 0.317
  upd 5616 | return   19.600 | deliv  19.60 | blocked  1.7% | idle  0.0% | ent 0.325
  upd 5617 | return   17.700 | deliv  17.70 | blocked  1.7% | idle  0.0% | ent 0.329
  upd 5618 | return   18.700 | deliv  18.70 | blocked  2.2% | idle  0.0% | ent 0.322
  upd 5619 | return   19.600 | deliv  19.60 | blocked  2.3% | idle  0.0% | ent 0.322
  upd 5620 | return   19.500 | deliv  19.50 | blocked  2.1% | idle  0.0% | ent 0.332
  upd 5621 | return   16.500 | deliv  16.50 | blocked  2.7% | idle  0.0% | ent 0.335
  upd 5622 | return   17.400 | deliv  17.40 | blocked  3.1% | idle  0.0% | ent 0.330
  upd 5623 | return   20.800 | deliv  20.80 | blocked  3.0% | idle  0.0% | ent 0.316
  upd 5624 | return   19.800 | deliv  19.80 | blocked  2.8% | idle  0.0% | ent 0.323
  upd 5625 | return   20.300 | deliv  20.30 | blocked  2.9% | idle  0.0% | ent 0.291
  upd 5626 | return   20.200 | deliv  20.20 | blocked  2.4% | idle  0.0% | ent 0.310
  upd 5627 | return   20.600 | deliv  20.60 | blocked  2.0% | idle  0.0% | ent 0.308
  upd 5628 | return   20.500 | deliv  20.50 | blocked  2.0% | idle  0.0% | ent 0.300
  upd 5629 | return   18.700 | deliv  18.70 | blocked  1.8% | idle  0.0% | ent 0.318
  upd 5630 | return   17.700 | deliv  17.70 | blocked  1.9% | idle  0.0% | ent 0.312
  upd 5631 | return   17.900 | deliv  17.90 | blocked  1.9% | idle  0.0% | ent 0.319
  upd 5632 | return   23.200 | deliv  23.20 | blocked  2.9% | idle  0.0% | ent 0.293
  upd 5633 | return   16.900 | deliv  16.90 | blocked  1.6% | idle  0.0% | ent 0.304
  upd 5634 | return   22.100 | deliv  22.10 | blocked  1.9% | idle  0.0% | ent 0.285
  upd 5635 | return   17.200 | deliv  17.20 | blocked  1.8% | idle  0.0% | ent 0.295
  upd 5636 | return   19.500 | deliv  19.50 | blocked  2.0% | idle  0.0% | ent 0.287
  upd 5637 | return   18.100 | deliv  18.10 | blocked  2.1% | idle  0.0% | ent 0.294
  upd 5638 | return   19.700 | deliv  19.70 | blocked  2.3% | idle  0.0% | ent 0.278
  upd 5639 | return   17.400 | deliv  17.40 | blocked  1.8% | idle  0.0% | ent 0.294
  upd 5640 | return   16.200 | deliv  16.20 | blocked  2.6% | idle  0.0% | ent 0.264
  upd 5641 | return   19.900 | deliv  19.90 | blocked  3.5% | idle  0.0% | ent 0.263
  upd 5642 | return   16.400 | deliv  16.40 | blocked  3.1% | idle  0.0% | ent 0.240
  upd 5643 | return   17.000 | deliv  17.00 | blocked  2.9% | idle  0.0% | ent 0.262
  upd 5644 | return   18.300 | deliv  18.30 | blocked  2.7% | idle  0.0% | ent 0.262
  upd 5645 | return   16.900 | deliv  16.90 | blocked  2.6% | idle  0.0% | ent 0.266
  upd 5646 | return   16.700 | deliv  16.70 | blocked  2.2% | idle  0.0% | ent 0.265
  upd 5647 | return   16.700 | deliv  16.70 | blocked  1.9% | idle  0.0% | ent 0.268
  upd 5648 | return   15.500 | deliv  15.50 | blocked  2.4% | idle  0.0% | ent 0.282
  upd 5649 | return   16.500 | deliv  16.50 | blocked  2.5% | idle  0.0% | ent 0.266
  upd 5650 | return   13.600 | deliv  13.60 | blocked  2.6% | idle  0.0% | ent 0.303
  upd 5651 | return   16.100 | deliv  16.10 | blocked  2.3% | idle  0.0% | ent 0.266
  upd 5652 | return   14.600 | deliv  14.60 | blocked  3.7% | idle  0.0% | ent 0.269
  upd 5653 | return   13.800 | deliv  13.80 | blocked  3.1% | idle  0.0% | ent 0.258
  upd 5654 | return   14.100 | deliv  14.10 | blocked  2.5% | idle  0.0% | ent 0.271
  upd 5655 | return   16.600 | deliv  16.60 | blocked  2.2% | idle  0.0% | ent 0.288
  upd 5656 | return   13.800 | deliv  13.80 | blocked  2.3% | idle  0.0% | ent 0.274
  upd 5657 | return   13.500 | deliv  13.50 | blocked  2.6% | idle  0.0% | ent 0.275
  upd 5658 | return   14.000 | deliv  14.00 | blocked  2.2% | idle  0.0% | ent 0.275
  upd 5659 | return   15.600 | deliv  15.60 | blocked  2.2% | idle  0.0% | ent 0.287
  upd 5660 | return   17.400 | deliv  17.40 | blocked  2.6% | idle  0.0% | ent 0.263
  upd 5661 | return   14.000 | deliv  14.00 | blocked  3.0% | idle  0.0% | ent 0.288
  upd 5662 | return   17.200 | deliv  17.20 | blocked  2.6% | idle  0.0% | ent 0.251
  upd 5663 | return   16.600 | deliv  16.60 | blocked  3.6% | idle  0.0% | ent 0.253
  upd 5664 | return   16.000 | deliv  16.00 | blocked  2.5% | idle  0.0% | ent 0.264
  upd 5665 | return   16.100 | deliv  16.10 | blocked  2.6% | idle  0.0% | ent 0.249
  upd 5666 | return   16.800 | deliv  16.80 | blocked  2.4% | idle  0.0% | ent 0.250
  upd 5667 | return   19.600 | deliv  19.60 | blocked  2.2% | idle  0.0% | ent 0.234
  upd 5668 | return   14.400 | deliv  14.40 | blocked  2.4% | idle  0.0% | ent 0.227
  upd 5669 | return   19.300 | deliv  19.30 | blocked  2.1% | idle  0.0% | ent 0.236
  upd 5670 | return   18.500 | deliv  18.50 | blocked  2.1% | idle  0.0% | ent 0.242
  upd 5671 | return   19.200 | deliv  19.20 | blocked  2.3% | idle  0.0% | ent 0.246
  upd 5672 | return   18.000 | deliv  18.00 | blocked  2.3% | idle  0.0% | ent 0.244
  upd 5673 | return   16.700 | deliv  16.70 | blocked  2.5% | idle  0.0% | ent 0.237
  upd 5674 | return   20.100 | deliv  20.10 | blocked  2.5% | idle  0.0% | ent 0.247
  upd 5675 | return   18.300 | deliv  18.30 | blocked  2.1% | idle  0.0% | ent 0.257
  upd 5676 | return   19.900 | deliv  19.90 | blocked  2.8% | idle  0.0% | ent 0.245
  upd 5677 | return   19.300 | deliv  19.30 | blocked  2.0% | idle  0.0% | ent 0.243
  upd 5678 | return   20.300 | deliv  20.30 | blocked  2.3% | idle  0.0% | ent 0.238
  upd 5679 | return   19.700 | deliv  19.70 | blocked  2.9% | idle  0.0% | ent 0.247
  upd 5680 | return   18.300 | deliv  18.30 | blocked  2.9% | idle  0.0% | ent 0.254
  upd 5681 | return   21.900 | deliv  21.90 | blocked  3.1% | idle  0.0% | ent 0.235
  upd 5682 | return   21.000 | deliv  21.00 | blocked  2.2% | idle  0.0% | ent 0.225
  upd 5683 | return   17.100 | deliv  17.10 | blocked  2.3% | idle  0.0% | ent 0.235
  upd 5684 | return   17.700 | deliv  17.70 | blocked  2.3% | idle  0.0% | ent 0.250
  upd 5685 | return   20.200 | deliv  20.20 | blocked  2.0% | idle  0.0% | ent 0.246
  upd 5686 | return   19.700 | deliv  19.70 | blocked  1.4% | idle  0.0% | ent 0.280
  upd 5687 | return   20.900 | deliv  20.90 | blocked  2.1% | idle  0.0% | ent 0.240
  upd 5688 | return   20.300 | deliv  20.30 | blocked  1.9% | idle  0.0% | ent 0.266
  upd 5689 | return   20.100 | deliv  20.10 | blocked  1.9% | idle  0.0% | ent 0.275
  upd 5690 | return   22.000 | deliv  22.00 | blocked  2.5% | idle  0.0% | ent 0.259
  upd 5691 | return   19.300 | deliv  19.30 | blocked  2.9% | idle  0.0% | ent 0.262
  upd 5692 | return   22.200 | deliv  22.20 | blocked  2.7% | idle  0.0% | ent 0.261
  upd 5693 | return   20.000 | deliv  20.00 | blocked  2.6% | idle  0.0% | ent 0.267
  upd 5694 | return   18.600 | deliv  18.60 | blocked  3.1% | idle  0.0% | ent 0.261
  upd 5695 | return   23.000 | deliv  23.00 | blocked  2.3% | idle  0.0% | ent 0.265
  upd 5696 | return   19.200 | deliv  19.20 | blocked  2.8% | idle  0.0% | ent 0.267
  upd 5697 | return   20.400 | deliv  20.40 | blocked  2.7% | idle  0.0% | ent 0.264
  upd 5698 | return   22.000 | deliv  22.00 | blocked  2.7% | idle  0.0% | ent 0.244
  upd 5699 | return   21.600 | deliv  21.60 | blocked  2.8% | idle  0.0% | ent 0.253
  [replay @ update 5700] return 21.00  deliveries 21  -> runs/mappo_evo_tiny-4ag_seed2/replays/replay_upd005700_s0.npz
  upd 5700 | return   22.400 | deliv  22.40 | blocked  2.5% | idle  0.0% | ent 0.238
  upd 5701 | return   21.500 | deliv  21.50 | blocked  2.0% | idle  0.0% | ent 0.247
  upd 5702 | return   21.300 | deliv  21.30 | blocked  2.5% | idle  0.0% | ent 0.246
  upd 5703 | return   21.800 | deliv  21.80 | blocked  2.4% | idle  0.0% | ent 0.255
  upd 5704 | return   23.000 | deliv  23.00 | blocked  2.4% | idle  0.0% | ent 0.254
  upd 5705 | return   21.500 | deliv  21.50 | blocked  2.8% | idle  0.0% | ent 0.253
  upd 5706 | return   16.200 | deliv  16.20 | blocked  3.2% | idle  0.0% | ent 0.277
  upd 5707 | return   23.000 | deliv  23.00 | blocked  3.1% | idle  0.0% | ent 0.259
  upd 5708 | return   21.600 | deliv  21.60 | blocked  2.3% | idle  0.0% | ent 0.271
  upd 5709 | return   22.300 | deliv  22.30 | blocked  2.2% | idle  0.0% | ent 0.281
  upd 5710 | return   18.800 | deliv  18.80 | blocked  3.0% | idle  0.0% | ent 0.263
  upd 5711 | return   17.000 | deliv  17.00 | blocked  3.2% | idle  0.0% | ent 0.291
  upd 5712 | return   18.400 | deliv  18.40 | blocked  3.4% | idle  0.0% | ent 0.289
  upd 5713 | return   21.900 | deliv  21.90 | blocked  2.8% | idle  0.0% | ent 0.272
  upd 5714 | return   17.300 | deliv  17.30 | blocked  3.1% | idle  0.0% | ent 0.299
  upd 5715 | return   22.000 | deliv  22.00 | blocked  3.0% | idle  0.0% | ent 0.269
  upd 5716 | return   16.400 | deliv  16.40 | blocked  2.7% | idle  0.0% | ent 0.287
  upd 5717 | return   20.100 | deliv  20.10 | blocked  2.9% | idle  0.0% | ent 0.277
  upd 5718 | return   20.100 | deliv  20.10 | blocked  2.4% | idle  0.0% | ent 0.281
  upd 5719 | return   19.900 | deliv  19.90 | blocked  2.4% | idle  0.0% | ent 0.264
  upd 5720 | return   21.200 | deliv  21.20 | blocked  3.0% | idle  0.0% | ent 0.269
  upd 5721 | return   20.900 | deliv  20.90 | blocked  2.5% | idle  0.0% | ent 0.282
  upd 5722 | return   19.100 | deliv  19.10 | blocked  2.8% | idle  0.0% | ent 0.288
  upd 5723 | return   19.600 | deliv  19.60 | blocked  2.7% | idle  0.0% | ent 0.276
  upd 5724 | return   18.800 | deliv  18.80 | blocked  2.7% | idle  0.0% | ent 0.265
  upd 5725 | return   18.000 | deliv  18.00 | blocked  2.8% | idle  0.0% | ent 0.250
  upd 5726 | return   20.200 | deliv  20.20 | blocked  2.5% | idle  0.0% | ent 0.249
  upd 5727 | return   20.900 | deliv  20.90 | blocked  2.6% | idle  0.0% | ent 0.261
  upd 5728 | return   19.900 | deliv  19.90 | blocked  2.1% | idle  0.0% | ent 0.277
  upd 5729 | return   21.000 | deliv  21.00 | blocked  2.7% | idle  0.0% | ent 0.300
  upd 5730 | return   20.100 | deliv  20.10 | blocked  2.2% | idle  0.0% | ent 0.268
  upd 5731 | return   18.300 | deliv  18.30 | blocked  2.4% | idle  0.0% | ent 0.294
  upd 5732 | return   19.000 | deliv  19.00 | blocked  1.9% | idle  0.0% | ent 0.293
  upd 5733 | return   21.700 | deliv  21.70 | blocked  1.6% | idle  0.0% | ent 0.294
  upd 5734 | return   20.100 | deliv  20.10 | blocked  2.1% | idle  0.0% | ent 0.304
  upd 5735 | return   20.400 | deliv  20.40 | blocked  1.7% | idle  0.0% | ent 0.297
  upd 5736 | return   23.800 | deliv  23.80 | blocked  1.6% | idle  0.0% | ent 0.281
  upd 5737 | return   21.900 | deliv  21.90 | blocked  2.3% | idle  0.0% | ent 0.284
  upd 5738 | return   22.000 | deliv  22.00 | blocked  1.8% | idle  0.0% | ent 0.279
  upd 5739 | return   20.200 | deliv  20.20 | blocked  2.5% | idle  0.0% | ent 0.286
  upd 5740 | return   20.000 | deliv  20.00 | blocked  1.9% | idle  0.0% | ent 0.274
  upd 5741 | return   22.200 | deliv  22.20 | blocked  1.7% | idle  0.0% | ent 0.280
  upd 5742 | return   19.200 | deliv  19.20 | blocked  1.5% | idle  0.0% | ent 0.286
  upd 5743 | return   23.400 | deliv  23.40 | blocked  1.4% | idle  0.0% | ent 0.291
  upd 5744 | return   22.600 | deliv  22.60 | blocked  1.7% | idle  0.0% | ent 0.294
  upd 5745 | return   20.100 | deliv  20.10 | blocked  1.9% | idle  0.0% | ent 0.311
  upd 5746 | return   20.500 | deliv  20.50 | blocked  2.0% | idle  0.0% | ent 0.291
  upd 5747 | return   22.500 | deliv  22.50 | blocked  1.9% | idle  0.0% | ent 0.290
  upd 5748 | return   21.200 | deliv  21.20 | blocked  3.0% | idle  0.0% | ent 0.281
  upd 5749 | return   18.300 | deliv  18.30 | blocked  2.7% | idle  0.0% | ent 0.304
  upd 5750 | return   19.300 | deliv  19.30 | blocked  2.9% | idle  0.0% | ent 0.299
  upd 5751 | return   18.800 | deliv  18.80 | blocked  3.3% | idle  0.0% | ent 0.287
  upd 5752 | return   22.400 | deliv  22.40 | blocked  3.1% | idle  0.0% | ent 0.279
  upd 5753 | return   20.500 | deliv  20.50 | blocked  3.4% | idle  0.0% | ent 0.279
  upd 5754 | return   21.500 | deliv  21.50 | blocked  2.9% | idle  0.0% | ent 0.296
  upd 5755 | return   19.500 | deliv  19.50 | blocked  2.7% | idle  0.0% | ent 0.305
  upd 5756 | return   22.200 | deliv  22.20 | blocked  2.2% | idle  0.0% | ent 0.289
  upd 5757 | return   20.000 | deliv  20.00 | blocked  2.5% | idle  0.0% | ent 0.313
  upd 5758 | return   22.800 | deliv  22.80 | blocked  2.3% | idle  0.0% | ent 0.281
  upd 5759 | return   21.200 | deliv  21.20 | blocked  2.2% | idle  0.0% | ent 0.295
  upd 5760 | return   22.900 | deliv  22.90 | blocked  2.5% | idle  0.0% | ent 0.271
  upd 5761 | return   19.600 | deliv  19.60 | blocked  2.4% | idle  0.0% | ent 0.282
  upd 5762 | return   19.900 | deliv  19.90 | blocked  2.7% | idle  0.0% | ent 0.274
  upd 5763 | return   21.300 | deliv  21.30 | blocked  2.6% | idle  0.0% | ent 0.247
  upd 5764 | return   20.800 | deliv  20.80 | blocked  3.1% | idle  0.0% | ent 0.259
  upd 5765 | return   17.700 | deliv  17.70 | blocked  3.9% | idle  0.0% | ent 0.272
  upd 5766 | return   22.300 | deliv  22.30 | blocked  3.3% | idle  0.0% | ent 0.268
  upd 5767 | return   20.900 | deliv  20.90 | blocked  3.0% | idle  0.0% | ent 0.253
  upd 5768 | return   19.600 | deliv  19.60 | blocked  2.1% | idle  0.0% | ent 0.266
  upd 5769 | return   22.200 | deliv  22.20 | blocked  2.4% | idle  0.0% | ent 0.248
  upd 5770 | return   21.100 | deliv  21.10 | blocked  2.5% | idle  0.0% | ent 0.263
  upd 5771 | return   16.900 | deliv  16.90 | blocked  2.2% | idle  0.0% | ent 0.263
  upd 5772 | return   15.500 | deliv  15.50 | blocked  2.5% | idle  0.0% | ent 0.280
  upd 5773 | return   18.500 | deliv  18.50 | blocked  2.3% | idle  0.0% | ent 0.267
  upd 5774 | return   21.000 | deliv  21.00 | blocked  2.4% | idle  0.0% | ent 0.277
  upd 5775 | return   21.600 | deliv  21.60 | blocked  1.9% | idle  0.0% | ent 0.265
  upd 5776 | return   24.400 | deliv  24.40 | blocked  1.9% | idle  0.0% | ent 0.263
  upd 5777 | return   21.100 | deliv  21.10 | blocked  1.8% | idle  0.0% | ent 0.275
  upd 5778 | return   20.400 | deliv  20.40 | blocked  2.1% | idle  0.0% | ent 0.270
  upd 5779 | return   19.700 | deliv  19.70 | blocked  1.9% | idle  0.0% | ent 0.296
  upd 5780 | return   20.100 | deliv  20.10 | blocked  1.6% | idle  0.0% | ent 0.288
  upd 5781 | return   19.800 | deliv  19.80 | blocked  2.4% | idle  0.0% | ent 0.282
  upd 5782 | return   20.500 | deliv  20.50 | blocked  2.0% | idle  0.0% | ent 0.283
  upd 5783 | return   18.700 | deliv  18.70 | blocked  2.6% | idle  0.0% | ent 0.280
  upd 5784 | return   19.800 | deliv  19.80 | blocked  2.9% | idle  0.0% | ent 0.285
  upd 5785 | return   21.700 | deliv  21.70 | blocked  2.8% | idle  0.0% | ent 0.278
  upd 5786 | return   20.400 | deliv  20.40 | blocked  2.4% | idle  0.0% | ent 0.295
  upd 5787 | return   21.700 | deliv  21.70 | blocked  2.2% | idle  0.0% | ent 0.283
  upd 5788 | return   20.300 | deliv  20.30 | blocked  2.2% | idle  0.0% | ent 0.292
  upd 5789 | return   20.000 | deliv  20.00 | blocked  2.5% | idle  0.0% | ent 0.277
  upd 5790 | return   21.600 | deliv  21.60 | blocked  2.1% | idle  0.0% | ent 0.288
  upd 5791 | return   21.300 | deliv  21.30 | blocked  2.5% | idle  0.0% | ent 0.294
  upd 5792 | return   21.100 | deliv  21.10 | blocked  2.4% | idle  0.0% | ent 0.277
  upd 5793 | return   19.300 | deliv  19.30 | blocked  2.5% | idle  0.0% | ent 0.299
  upd 5794 | return   20.900 | deliv  20.90 | blocked  2.6% | idle  0.0% | ent 0.293
  upd 5795 | return   21.100 | deliv  21.10 | blocked  2.6% | idle  0.0% | ent 0.281
  upd 5796 | return   20.900 | deliv  20.90 | blocked  3.1% | idle  0.0% | ent 0.285
  upd 5797 | return   22.200 | deliv  22.20 | blocked  2.6% | idle  0.0% | ent 0.276
  upd 5798 | return   19.100 | deliv  19.10 | blocked  2.8% | idle  0.0% | ent 0.310
  upd 5799 | return   19.900 | deliv  19.90 | blocked  2.0% | idle  0.0% | ent 0.319
  [replay @ update 5800] return 24.00  deliveries 24  -> runs/mappo_evo_tiny-4ag_seed2/replays/replay_upd005800_s0.npz
  upd 5800 | return   19.400 | deliv  19.40 | blocked  1.7% | idle  0.0% | ent 0.299
  upd 5801 | return   22.100 | deliv  22.10 | blocked  2.3% | idle  0.0% | ent 0.288
  upd 5802 | return   19.200 | deliv  19.20 | blocked  2.1% | idle  0.0% | ent 0.300
  upd 5803 | return   19.400 | deliv  19.40 | blocked  2.7% | idle  0.0% | ent 0.313
  upd 5804 | return   22.100 | deliv  22.10 | blocked  1.9% | idle  0.0% | ent 0.298
  upd 5805 | return   21.500 | deliv  21.50 | blocked  1.8% | idle  0.0% | ent 0.301
  upd 5806 | return   23.400 | deliv  23.40 | blocked  1.8% | idle  0.0% | ent 0.270
  upd 5807 | return   20.000 | deliv  20.00 | blocked  1.9% | idle  0.0% | ent 0.279
  upd 5808 | return   24.200 | deliv  24.20 | blocked  1.8% | idle  0.0% | ent 0.280
  upd 5809 | return   18.500 | deliv  18.50 | blocked  1.8% | idle  0.0% | ent 0.284
  upd 5810 | return   21.400 | deliv  21.40 | blocked  1.4% | idle  0.0% | ent 0.266
  upd 5811 | return   20.400 | deliv  20.40 | blocked  1.7% | idle  0.0% | ent 0.276
  upd 5812 | return   18.200 | deliv  18.20 | blocked  1.5% | idle  0.0% | ent 0.281
  upd 5813 | return   18.900 | deliv  18.90 | blocked  1.6% | idle  0.0% | ent 0.286
  upd 5814 | return   20.500 | deliv  20.50 | blocked  2.2% | idle  0.0% | ent 0.284
  upd 5815 | return   20.700 | deliv  20.70 | blocked  1.6% | idle  0.0% | ent 0.276
  upd 5816 | return   22.200 | deliv  22.20 | blocked  1.9% | idle  0.0% | ent 0.263
  upd 5817 | return   22.600 | deliv  22.60 | blocked  2.1% | idle  0.0% | ent 0.264
  upd 5818 | return   20.000 | deliv  20.00 | blocked  1.7% | idle  0.0% | ent 0.261
  upd 5819 | return   19.500 | deliv  19.50 | blocked  1.6% | idle  0.0% | ent 0.271
  upd 5820 | return   19.300 | deliv  19.30 | blocked  1.5% | idle  0.0% | ent 0.277
  upd 5821 | return   22.300 | deliv  22.30 | blocked  1.8% | idle  0.0% | ent 0.281
  upd 5822 | return   23.500 | deliv  23.50 | blocked  1.7% | idle  0.0% | ent 0.274
  upd 5823 | return   20.700 | deliv  20.70 | blocked  1.5% | idle  0.0% | ent 0.286
  upd 5824 | return   19.300 | deliv  19.30 | blocked  1.2% | idle  0.0% | ent 0.268
  upd 5825 | return   19.700 | deliv  19.70 | blocked  1.6% | idle  0.0% | ent 0.273
  upd 5826 | return   21.800 | deliv  21.80 | blocked  2.5% | idle  0.0% | ent 0.262
  upd 5827 | return   22.900 | deliv  22.90 | blocked  1.7% | idle  0.0% | ent 0.266
  upd 5828 | return   22.400 | deliv  22.40 | blocked  2.1% | idle  0.0% | ent 0.255
  upd 5829 | return   22.300 | deliv  22.30 | blocked  1.5% | idle  0.0% | ent 0.279
  upd 5830 | return   21.300 | deliv  21.30 | blocked  1.4% | idle  0.0% | ent 0.269
  upd 5831 | return   23.500 | deliv  23.50 | blocked  1.8% | idle  0.0% | ent 0.285
  upd 5832 | return   19.800 | deliv  19.80 | blocked  1.9% | idle  0.0% | ent 0.277
  upd 5833 | return   20.500 | deliv  20.50 | blocked  1.7% | idle  0.0% | ent 0.280
  upd 5834 | return   19.700 | deliv  19.70 | blocked  1.5% | idle  0.0% | ent 0.265
  upd 5835 | return   22.300 | deliv  22.30 | blocked  1.5% | idle  0.0% | ent 0.263
  upd 5836 | return   20.200 | deliv  20.20 | blocked  1.5% | idle  0.0% | ent 0.267
  upd 5837 | return   20.100 | deliv  20.10 | blocked  2.0% | idle  0.0% | ent 0.265
  upd 5838 | return   23.900 | deliv  23.90 | blocked  1.5% | idle  0.0% | ent 0.263
  upd 5839 | return   20.500 | deliv  20.50 | blocked  1.7% | idle  0.0% | ent 0.277
  upd 5840 | return   20.700 | deliv  20.70 | blocked  1.3% | idle  0.0% | ent 0.275
  upd 5841 | return   21.500 | deliv  21.50 | blocked  1.6% | idle  0.0% | ent 0.272
  upd 5842 | return   24.300 | deliv  24.30 | blocked  1.8% | idle  0.0% | ent 0.252
  upd 5843 | return   24.000 | deliv  24.00 | blocked  1.3% | idle  0.0% | ent 0.249
  upd 5844 | return   21.900 | deliv  21.90 | blocked  1.5% | idle  0.0% | ent 0.259
  upd 5845 | return   22.900 | deliv  22.90 | blocked  1.6% | idle  0.0% | ent 0.244
  upd 5846 | return   25.200 | deliv  25.20 | blocked  1.3% | idle  0.0% | ent 0.249
  upd 5847 | return   24.200 | deliv  24.20 | blocked  1.6% | idle  0.0% | ent 0.253
  upd 5848 | return   23.600 | deliv  23.60 | blocked  1.7% | idle  0.0% | ent 0.253
  upd 5849 | return   22.400 | deliv  22.40 | blocked  2.3% | idle  0.0% | ent 0.276
  upd 5850 | return   18.400 | deliv  18.40 | blocked  1.5% | idle  0.0% | ent 0.269
  upd 5851 | return   24.400 | deliv  24.40 | blocked  1.6% | idle  0.0% | ent 0.241
  upd 5852 | return   21.500 | deliv  21.50 | blocked  1.9% | idle  0.0% | ent 0.260
  upd 5853 | return   21.800 | deliv  21.80 | blocked  1.5% | idle  0.0% | ent 0.283
  upd 5854 | return   19.200 | deliv  19.20 | blocked  1.5% | idle  0.0% | ent 0.273
  upd 5855 | return   22.000 | deliv  22.00 | blocked  1.7% | idle  0.0% | ent 0.271
  upd 5856 | return   24.300 | deliv  24.30 | blocked  1.7% | idle  0.0% | ent 0.256
  upd 5857 | return   24.300 | deliv  24.30 | blocked  2.2% | idle  0.0% | ent 0.253
  upd 5858 | return   23.400 | deliv  23.40 | blocked  1.5% | idle  0.0% | ent 0.253
  upd 5859 | return   22.600 | deliv  22.60 | blocked  1.9% | idle  0.0% | ent 0.266
  upd 5860 | return   20.800 | deliv  20.80 | blocked  1.5% | idle  0.0% | ent 0.280
  upd 5861 | return   21.500 | deliv  21.50 | blocked  1.2% | idle  0.0% | ent 0.266
  upd 5862 | return   23.400 | deliv  23.40 | blocked  1.9% | idle  0.0% | ent 0.251
  upd 5863 | return   24.600 | deliv  24.60 | blocked  1.7% | idle  0.0% | ent 0.237
  upd 5864 | return   19.100 | deliv  19.10 | blocked  2.7% | idle  0.0% | ent 0.239
  upd 5865 | return   23.100 | deliv  23.10 | blocked  2.0% | idle  0.0% | ent 0.238
  upd 5866 | return   24.400 | deliv  24.40 | blocked  2.0% | idle  0.0% | ent 0.228
  upd 5867 | return   22.200 | deliv  22.20 | blocked  2.2% | idle  0.0% | ent 0.229
  upd 5868 | return   20.700 | deliv  20.70 | blocked  1.7% | idle  0.0% | ent 0.261
  upd 5869 | return   20.100 | deliv  20.10 | blocked  2.2% | idle  0.0% | ent 0.234
  upd 5870 | return   19.300 | deliv  19.30 | blocked  2.2% | idle  0.0% | ent 0.235
  upd 5871 | return   20.800 | deliv  20.80 | blocked  2.5% | idle  0.0% | ent 0.216
  upd 5872 | return   18.700 | deliv  18.70 | blocked  2.3% | idle  0.0% | ent 0.232
  upd 5873 | return   19.800 | deliv  19.80 | blocked  2.1% | idle  0.0% | ent 0.235
  upd 5874 | return   21.700 | deliv  21.70 | blocked  1.8% | idle  0.0% | ent 0.252
  upd 5875 | return   18.900 | deliv  18.90 | blocked  2.2% | idle  0.0% | ent 0.250
  upd 5876 | return   21.700 | deliv  21.70 | blocked  1.3% | idle  0.0% | ent 0.264
  upd 5877 | return   23.600 | deliv  23.60 | blocked  2.2% | idle  0.0% | ent 0.264
  upd 5878 | return   22.800 | deliv  22.80 | blocked  2.1% | idle  0.0% | ent 0.235
  upd 5879 | return   21.400 | deliv  21.40 | blocked  1.8% | idle  0.0% | ent 0.229
  upd 5880 | return   17.900 | deliv  17.90 | blocked  2.1% | idle  0.0% | ent 0.225
  upd 5881 | return   19.800 | deliv  19.80 | blocked  2.0% | idle  0.0% | ent 0.204
  upd 5882 | return   21.900 | deliv  21.90 | blocked  2.2% | idle  0.0% | ent 0.214
  upd 5883 | return   21.100 | deliv  21.10 | blocked  1.7% | idle  0.0% | ent 0.184
  upd 5884 | return   21.400 | deliv  21.40 | blocked  1.9% | idle  0.0% | ent 0.179
  upd 5885 | return   21.100 | deliv  21.10 | blocked  2.2% | idle  0.0% | ent 0.205
  upd 5886 | return   19.000 | deliv  19.00 | blocked  2.0% | idle  0.0% | ent 0.184
  upd 5887 | return   18.600 | deliv  18.60 | blocked  1.9% | idle  0.0% | ent 0.187
  upd 5888 | return   21.200 | deliv  21.20 | blocked  2.3% | idle  0.0% | ent 0.201
  upd 5889 | return   20.600 | deliv  20.60 | blocked  1.9% | idle  0.0% | ent 0.200
  upd 5890 | return   21.200 | deliv  21.20 | blocked  1.8% | idle  0.0% | ent 0.229
  upd 5891 | return   22.400 | deliv  22.40 | blocked  1.3% | idle  0.0% | ent 0.228
  upd 5892 | return   23.200 | deliv  23.20 | blocked  1.7% | idle  0.0% | ent 0.239
  upd 5893 | return   22.100 | deliv  22.10 | blocked  1.5% | idle  0.0% | ent 0.237
  upd 5894 | return   22.600 | deliv  22.60 | blocked  2.1% | idle  0.0% | ent 0.236
  upd 5895 | return   24.900 | deliv  24.90 | blocked  1.4% | idle  0.0% | ent 0.222
  upd 5896 | return   24.100 | deliv  24.10 | blocked  1.8% | idle  0.0% | ent 0.227
  upd 5897 | return   20.100 | deliv  20.10 | blocked  1.8% | idle  0.0% | ent 0.242
  upd 5898 | return   21.800 | deliv  21.80 | blocked  1.8% | idle  0.0% | ent 0.247
  upd 5899 | return   21.900 | deliv  21.90 | blocked  1.6% | idle  0.0% | ent 0.239
  [replay @ update 5900] return 26.00  deliveries 26  -> runs/mappo_evo_tiny-4ag_seed2/replays/replay_upd005900_s0.npz
  upd 5900 | return   20.300 | deliv  20.30 | blocked  2.3% | idle  0.0% | ent 0.241
  upd 5901 | return   20.100 | deliv  20.10 | blocked  2.3% | idle  0.0% | ent 0.266
  upd 5902 | return   21.200 | deliv  21.20 | blocked  1.4% | idle  0.0% | ent 0.272
  upd 5903 | return   23.900 | deliv  23.90 | blocked  2.0% | idle  0.0% | ent 0.254
  upd 5904 | return   22.400 | deliv  22.40 | blocked  2.6% | idle  0.0% | ent 0.248
  upd 5905 | return   21.400 | deliv  21.40 | blocked  2.2% | idle  0.0% | ent 0.255
  upd 5906 | return   20.000 | deliv  20.00 | blocked  2.7% | idle  0.0% | ent 0.256
  upd 5907 | return   19.400 | deliv  19.40 | blocked  2.7% | idle  0.0% | ent 0.256
  upd 5908 | return   19.000 | deliv  19.00 | blocked  3.1% | idle  0.0% | ent 0.266
  upd 5909 | return   19.200 | deliv  19.20 | blocked  3.0% | idle  0.0% | ent 0.245
  upd 5910 | return   21.100 | deliv  21.10 | blocked  2.6% | idle  0.0% | ent 0.254
  upd 5911 | return   22.300 | deliv  22.30 | blocked  2.7% | idle  0.0% | ent 0.244
  upd 5912 | return   20.900 | deliv  20.90 | blocked  3.1% | idle  0.0% | ent 0.243
  upd 5913 | return   23.200 | deliv  23.20 | blocked  2.2% | idle  0.0% | ent 0.238
  upd 5914 | return   18.800 | deliv  18.80 | blocked  2.7% | idle  0.0% | ent 0.240
  upd 5915 | return   21.400 | deliv  21.40 | blocked  2.4% | idle  0.0% | ent 0.246
  upd 5916 | return   19.100 | deliv  19.10 | blocked  2.3% | idle  0.0% | ent 0.264
  upd 5917 | return   20.000 | deliv  20.00 | blocked  2.7% | idle  0.0% | ent 0.271
  upd 5918 | return   23.500 | deliv  23.50 | blocked  2.5% | idle  0.0% | ent 0.263
  upd 5919 | return   22.300 | deliv  22.30 | blocked  2.8% | idle  0.0% | ent 0.263
  upd 5920 | return   20.800 | deliv  20.80 | blocked  2.7% | idle  0.0% | ent 0.274
  upd 5921 | return   20.400 | deliv  20.40 | blocked  2.9% | idle  0.0% | ent 0.281
  upd 5922 | return   19.300 | deliv  19.30 | blocked  2.5% | idle  0.0% | ent 0.296
  upd 5923 | return   17.900 | deliv  17.90 | blocked  2.8% | idle  0.0% | ent 0.302
  upd 5924 | return   21.000 | deliv  21.00 | blocked  2.3% | idle  0.0% | ent 0.284
  upd 5925 | return   20.600 | deliv  20.60 | blocked  2.6% | idle  0.0% | ent 0.269
  upd 5926 | return   22.000 | deliv  22.00 | blocked  2.5% | idle  0.0% | ent 0.283
  upd 5927 | return   20.900 | deliv  20.90 | blocked  2.6% | idle  0.0% | ent 0.283
  upd 5928 | return   23.700 | deliv  23.70 | blocked  1.5% | idle  0.0% | ent 0.290
  upd 5929 | return   18.700 | deliv  18.70 | blocked  1.8% | idle  0.0% | ent 0.300
  upd 5930 | return   24.400 | deliv  24.40 | blocked  2.0% | idle  0.0% | ent 0.287
  upd 5931 | return   20.900 | deliv  20.90 | blocked  2.5% | idle  0.0% | ent 0.301
  upd 5932 | return   21.600 | deliv  21.60 | blocked  1.7% | idle  0.0% | ent 0.316
  upd 5933 | return   22.300 | deliv  22.30 | blocked  2.3% | idle  0.0% | ent 0.310
  upd 5934 | return   23.000 | deliv  23.00 | blocked  1.5% | idle  0.0% | ent 0.319
  upd 5935 | return   18.300 | deliv  18.30 | blocked  2.1% | idle  0.0% | ent 0.309
  upd 5936 | return   20.000 | deliv  20.00 | blocked  2.0% | idle  0.0% | ent 0.305
  upd 5937 | return   24.100 | deliv  24.10 | blocked  1.5% | idle  0.0% | ent 0.289
  upd 5938 | return   23.300 | deliv  23.30 | blocked  1.8% | idle  0.0% | ent 0.294
  upd 5939 | return   21.600 | deliv  21.60 | blocked  2.0% | idle  0.0% | ent 0.286
  upd 5940 | return   24.800 | deliv  24.80 | blocked  2.1% | idle  0.0% | ent 0.286
  upd 5941 | return   22.500 | deliv  22.50 | blocked  1.8% | idle  0.0% | ent 0.307
  upd 5942 | return   23.000 | deliv  23.00 | blocked  1.7% | idle  0.0% | ent 0.320
  upd 5943 | return   21.400 | deliv  21.40 | blocked  1.4% | idle  0.0% | ent 0.328
  upd 5944 | return   22.100 | deliv  22.10 | blocked  2.5% | idle  0.0% | ent 0.335
  upd 5945 | return   20.900 | deliv  20.90 | blocked  1.7% | idle  0.0% | ent 0.320
  upd 5946 | return   22.900 | deliv  22.90 | blocked  2.0% | idle  0.0% | ent 0.312
  upd 5947 | return   21.000 | deliv  21.00 | blocked  1.8% | idle  0.0% | ent 0.314
  upd 5948 | return   24.100 | deliv  24.10 | blocked  2.0% | idle  0.0% | ent 0.298
  upd 5949 | return   22.500 | deliv  22.50 | blocked  1.9% | idle  0.0% | ent 0.302
  upd 5950 | return   22.800 | deliv  22.80 | blocked  2.0% | idle  0.0% | ent 0.313
  upd 5951 | return   21.000 | deliv  21.00 | blocked  1.4% | idle  0.0% | ent 0.310
  upd 5952 | return   19.100 | deliv  19.10 | blocked  2.0% | idle  0.0% | ent 0.307
  upd 5953 | return   19.800 | deliv  19.80 | blocked  2.0% | idle  0.0% | ent 0.290
  upd 5954 | return   22.500 | deliv  22.50 | blocked  1.7% | idle  0.0% | ent 0.301
  upd 5955 | return   21.400 | deliv  21.40 | blocked  1.7% | idle  0.0% | ent 0.318
  upd 5956 | return   21.200 | deliv  21.20 | blocked  1.9% | idle  0.0% | ent 0.313
  upd 5957 | return   21.400 | deliv  21.40 | blocked  2.2% | idle  0.0% | ent 0.298
  upd 5958 | return   20.700 | deliv  20.70 | blocked  2.0% | idle  0.0% | ent 0.306
  upd 5959 | return   20.400 | deliv  20.40 | blocked  1.9% | idle  0.0% | ent 0.305
  upd 5960 | return   21.500 | deliv  21.50 | blocked  2.5% | idle  0.0% | ent 0.291
  upd 5961 | return   21.800 | deliv  21.80 | blocked  2.8% | idle  0.0% | ent 0.312
  upd 5962 | return   25.500 | deliv  25.50 | blocked  2.3% | idle  0.0% | ent 0.281
  upd 5963 | return   21.400 | deliv  21.40 | blocked  3.3% | idle  0.0% | ent 0.316
  upd 5964 | return   20.200 | deliv  20.20 | blocked  2.6% | idle  0.0% | ent 0.296
  upd 5965 | return   20.700 | deliv  20.70 | blocked  2.9% | idle  0.0% | ent 0.321
  upd 5966 | return   21.800 | deliv  21.80 | blocked  2.2% | idle  0.0% | ent 0.315
  upd 5967 | return   22.800 | deliv  22.80 | blocked  2.5% | idle  0.0% | ent 0.312
  upd 5968 | return   23.600 | deliv  23.60 | blocked  2.2% | idle  0.0% | ent 0.301
  upd 5969 | return   23.100 | deliv  23.10 | blocked  2.5% | idle  0.0% | ent 0.284
  upd 5970 | return   21.900 | deliv  21.90 | blocked  3.0% | idle  0.0% | ent 0.294
  upd 5971 | return   20.700 | deliv  20.70 | blocked  3.1% | idle  0.0% | ent 0.300
  upd 5972 | return   21.900 | deliv  21.90 | blocked  2.7% | idle  0.0% | ent 0.310
  upd 5973 | return   20.700 | deliv  20.70 | blocked  3.7% | idle  0.0% | ent 0.305
  upd 5974 | return   21.700 | deliv  21.70 | blocked  2.8% | idle  0.0% | ent 0.292
  upd 5975 | return   20.300 | deliv  20.30 | blocked  2.2% | idle  0.0% | ent 0.299
  upd 5976 | return   23.600 | deliv  23.60 | blocked  2.1% | idle  0.0% | ent 0.298
  upd 5977 | return   19.600 | deliv  19.60 | blocked  2.1% | idle  0.0% | ent 0.301
  upd 5978 | return   20.200 | deliv  20.20 | blocked  2.0% | idle  0.0% | ent 0.306
  upd 5979 | return   20.900 | deliv  20.90 | blocked  2.1% | idle  0.0% | ent 0.286
  upd 5980 | return   21.800 | deliv  21.80 | blocked  2.1% | idle  0.0% | ent 0.296
  upd 5981 | return   21.400 | deliv  21.40 | blocked  2.1% | idle  0.0% | ent 0.308
  upd 5982 | return   19.600 | deliv  19.60 | blocked  2.0% | idle  0.0% | ent 0.291
  upd 5983 | return   20.700 | deliv  20.70 | blocked  2.6% | idle  0.0% | ent 0.283
  upd 5984 | return   19.500 | deliv  19.50 | blocked  1.9% | idle  0.0% | ent 0.282
  upd 5985 | return   23.900 | deliv  23.90 | blocked  1.8% | idle  0.0% | ent 0.271
  upd 5986 | return   20.800 | deliv  20.80 | blocked  2.4% | idle  0.0% | ent 0.287
  upd 5987 | return   22.400 | deliv  22.40 | blocked  1.9% | idle  0.0% | ent 0.289
  upd 5988 | return   22.700 | deliv  22.70 | blocked  1.8% | idle  0.0% | ent 0.283
  upd 5989 | return   21.700 | deliv  21.70 | blocked  2.3% | idle  0.0% | ent 0.276
  upd 5990 | return   20.300 | deliv  20.30 | blocked  2.3% | idle  0.0% | ent 0.284
  upd 5991 | return   21.200 | deliv  21.20 | blocked  2.3% | idle  0.0% | ent 0.268
  upd 5992 | return   23.400 | deliv  23.40 | blocked  1.9% | idle  0.0% | ent 0.279
  upd 5993 | return   19.300 | deliv  19.30 | blocked  1.7% | idle  0.0% | ent 0.301
  upd 5994 | return   20.800 | deliv  20.80 | blocked  1.6% | idle  0.0% | ent 0.299
  upd 5995 | return   21.600 | deliv  21.60 | blocked  1.6% | idle  0.0% | ent 0.289
  upd 5996 | return   20.200 | deliv  20.20 | blocked  1.6% | idle  0.0% | ent 0.308
  upd 5997 | return   22.100 | deliv  22.10 | blocked  2.1% | idle  0.0% | ent 0.293
  upd 5998 | return   20.600 | deliv  20.60 | blocked  1.9% | idle  0.0% | ent 0.298
  upd 5999 | return   21.900 | deliv  21.90 | blocked  1.7% | idle  0.0% | ent 0.293
  [replay @ update 6000] return 25.00  deliveries 25  -> runs/mappo_evo_tiny-4ag_seed2/replays/replay_upd006000_s0.npz
  upd 6000 | return   20.400 | deliv  20.40 | blocked  1.7% | idle  0.0% | ent 0.302
  upd 6001 | return   22.200 | deliv  22.20 | blocked  2.1% | idle  0.0% | ent 0.285
  upd 6002 | return   20.400 | deliv  20.40 | blocked  2.1% | idle  0.0% | ent 0.291
  upd 6003 | return   21.300 | deliv  21.30 | blocked  2.0% | idle  0.0% | ent 0.274
  upd 6004 | return   22.400 | deliv  22.40 | blocked  2.3% | idle  0.0% | ent 0.266
  upd 6005 | return   21.600 | deliv  21.60 | blocked  1.8% | idle  0.0% | ent 0.272
  upd 6006 | return   21.300 | deliv  21.30 | blocked  1.9% | idle  0.0% | ent 0.286
  upd 6007 | return   22.500 | deliv  22.50 | blocked  2.2% | idle  0.0% | ent 0.291
  upd 6008 | return   19.500 | deliv  19.50 | blocked  3.5% | idle  0.0% | ent 0.299
  upd 6009 | return   22.300 | deliv  22.30 | blocked  2.9% | idle  0.0% | ent 0.292
  upd 6010 | return   22.000 | deliv  22.00 | blocked  2.6% | idle  0.0% | ent 0.280
  upd 6011 | return   22.100 | deliv  22.10 | blocked  2.3% | idle  0.0% | ent 0.279
  upd 6012 | return   23.000 | deliv  23.00 | blocked  2.7% | idle  0.0% | ent 0.282
  upd 6013 | return   21.200 | deliv  21.20 | blocked  2.4% | idle  0.0% | ent 0.275
  upd 6014 | return   25.300 | deliv  25.30 | blocked  2.2% | idle  0.0% | ent 0.242
  upd 6015 | return   23.100 | deliv  23.10 | blocked  2.2% | idle  0.0% | ent 0.282
  upd 6016 | return   27.000 | deliv  27.00 | blocked  1.9% | idle  0.0% | ent 0.261
  upd 6017 | return   20.900 | deliv  20.90 | blocked  2.2% | idle  0.0% | ent 0.285
  upd 6018 | return   24.000 | deliv  24.00 | blocked  2.5% | idle  0.0% | ent 0.265
  upd 6019 | return   24.000 | deliv  24.00 | blocked  2.7% | idle  0.0% | ent 0.270
  upd 6020 | return   26.000 | deliv  26.00 | blocked  2.8% | idle  0.0% | ent 0.254
  upd 6021 | return   23.500 | deliv  23.50 | blocked  3.2% | idle  0.0% | ent 0.267
  upd 6022 | return   22.900 | deliv  22.90 | blocked  2.6% | idle  0.0% | ent 0.267
  upd 6023 | return   26.200 | deliv  26.20 | blocked  2.7% | idle  0.0% | ent 0.247
  upd 6024 | return   26.200 | deliv  26.20 | blocked  3.0% | idle  0.0% | ent 0.253
  upd 6025 | return   23.500 | deliv  23.50 | blocked  2.3% | idle  0.0% | ent 0.265
  upd 6026 | return   22.000 | deliv  22.00 | blocked  2.3% | idle  0.0% | ent 0.265
  upd 6027 | return   23.900 | deliv  23.90 | blocked  2.1% | idle  0.0% | ent 0.258
  upd 6028 | return   22.000 | deliv  22.00 | blocked  2.2% | idle  0.0% | ent 0.267
  upd 6029 | return   22.900 | deliv  22.90 | blocked  2.1% | idle  0.0% | ent 0.271
  upd 6030 | return   26.000 | deliv  26.00 | blocked  2.4% | idle  0.0% | ent 0.258
  upd 6031 | return   22.100 | deliv  22.10 | blocked  2.0% | idle  0.0% | ent 0.250
  upd 6032 | return   23.100 | deliv  23.10 | blocked  1.6% | idle  0.0% | ent 0.260
  upd 6033 | return   24.000 | deliv  24.00 | blocked  2.0% | idle  0.0% | ent 0.261
  upd 6034 | return   22.900 | deliv  22.90 | blocked  2.1% | idle  0.0% | ent 0.265
  upd 6035 | return   23.000 | deliv  23.00 | blocked  2.2% | idle  0.0% | ent 0.283
  upd 6036 | return   24.300 | deliv  24.30 | blocked  2.0% | idle  0.0% | ent 0.283
  upd 6037 | return   22.300 | deliv  22.30 | blocked  1.7% | idle  0.0% | ent 0.289
  upd 6038 | return   22.000 | deliv  22.00 | blocked  1.8% | idle  0.0% | ent 0.299
  upd 6039 | return   21.000 | deliv  21.00 | blocked  2.2% | idle  0.0% | ent 0.296
  upd 6040 | return   21.000 | deliv  21.00 | blocked  2.0% | idle  0.0% | ent 0.304
  upd 6041 | return   22.400 | deliv  22.40 | blocked  2.4% | idle  0.0% | ent 0.308
  upd 6042 | return   24.500 | deliv  24.50 | blocked  2.4% | idle  0.0% | ent 0.284
  upd 6043 | return   25.300 | deliv  25.30 | blocked  1.8% | idle  0.0% | ent 0.279
  upd 6044 | return   22.600 | deliv  22.60 | blocked  2.1% | idle  0.0% | ent 0.292
  upd 6045 | return   23.000 | deliv  23.00 | blocked  3.1% | idle  0.0% | ent 0.281
  upd 6046 | return   21.900 | deliv  21.90 | blocked  2.2% | idle  0.0% | ent 0.275
  upd 6047 | return   21.200 | deliv  21.20 | blocked  2.4% | idle  0.0% | ent 0.272
  upd 6048 | return   20.900 | deliv  20.90 | blocked  3.0% | idle  0.0% | ent 0.275
  upd 6049 | return   22.600 | deliv  22.60 | blocked  2.0% | idle  0.0% | ent 0.287
  upd 6050 | return   20.100 | deliv  20.10 | blocked  2.8% | idle  0.0% | ent 0.286
  upd 6051 | return   24.100 | deliv  24.10 | blocked  2.1% | idle  0.0% | ent 0.275
  upd 6052 | return   22.800 | deliv  22.80 | blocked  1.9% | idle  0.0% | ent 0.291
  upd 6053 | return   23.600 | deliv  23.60 | blocked  2.2% | idle  0.0% | ent 0.280
  upd 6054 | return   20.700 | deliv  20.70 | blocked  1.8% | idle  0.0% | ent 0.298
  upd 6055 | return   23.700 | deliv  23.70 | blocked  2.1% | idle  0.0% | ent 0.286
  upd 6056 | return   24.200 | deliv  24.20 | blocked  2.0% | idle  0.0% | ent 0.273
  upd 6057 | return   22.800 | deliv  22.80 | blocked  1.8% | idle  0.0% | ent 0.297
  upd 6058 | return   23.500 | deliv  23.50 | blocked  1.9% | idle  0.0% | ent 0.280
  upd 6059 | return   21.000 | deliv  21.00 | blocked  1.8% | idle  0.0% | ent 0.293
  upd 6060 | return   24.800 | deliv  24.80 | blocked  2.1% | idle  0.0% | ent 0.260
  upd 6061 | return   24.100 | deliv  24.10 | blocked  2.2% | idle  0.0% | ent 0.270
  upd 6062 | return   21.400 | deliv  21.40 | blocked  1.8% | idle  0.0% | ent 0.282
  upd 6063 | return   24.800 | deliv  24.80 | blocked  1.9% | idle  0.0% | ent 0.272
  upd 6064 | return   20.200 | deliv  20.20 | blocked  1.7% | idle  0.0% | ent 0.279
  upd 6065 | return   22.000 | deliv  22.00 | blocked  1.6% | idle  0.0% | ent 0.293
  upd 6066 | return   26.600 | deliv  26.60 | blocked  2.4% | idle  0.0% | ent 0.268
  upd 6067 | return   22.600 | deliv  22.60 | blocked  1.6% | idle  0.0% | ent 0.309
  upd 6068 | return   23.300 | deliv  23.30 | blocked  1.8% | idle  0.0% | ent 0.287
  upd 6069 | return   17.000 | deliv  17.00 | blocked  2.2% | idle  0.0% | ent 0.325
  upd 6070 | return   23.900 | deliv  23.90 | blocked  1.9% | idle  0.0% | ent 0.271
  upd 6071 | return   24.400 | deliv  24.40 | blocked  2.0% | idle  0.0% | ent 0.277
  upd 6072 | return   22.600 | deliv  22.60 | blocked  2.4% | idle  0.0% | ent 0.278
  upd 6073 | return   22.700 | deliv  22.70 | blocked  1.7% | idle  0.0% | ent 0.297
  upd 6074 | return   23.200 | deliv  23.20 | blocked  1.8% | idle  0.0% | ent 0.310
  upd 6075 | return   18.900 | deliv  18.90 | blocked  1.7% | idle  0.0% | ent 0.339
  upd 6076 | return   20.700 | deliv  20.70 | blocked  1.5% | idle  0.0% | ent 0.327
  upd 6077 | return   19.600 | deliv  19.60 | blocked  2.0% | idle  0.0% | ent 0.316
  upd 6078 | return   21.100 | deliv  21.10 | blocked  2.0% | idle  0.0% | ent 0.308
  upd 6079 | return   22.500 | deliv  22.50 | blocked  1.6% | idle  0.0% | ent 0.313
  upd 6080 | return   23.200 | deliv  23.20 | blocked  1.6% | idle  0.0% | ent 0.304
  upd 6081 | return   19.400 | deliv  19.40 | blocked  1.9% | idle  0.0% | ent 0.303
  upd 6082 | return   18.400 | deliv  18.40 | blocked  1.9% | idle  0.0% | ent 0.309
  upd 6083 | return   21.600 | deliv  21.60 | blocked  1.8% | idle  0.0% | ent 0.297
  upd 6084 | return   22.300 | deliv  22.30 | blocked  2.0% | idle  0.0% | ent 0.284
  upd 6085 | return   22.900 | deliv  22.90 | blocked  2.1% | idle  0.0% | ent 0.295
  upd 6086 | return   20.100 | deliv  20.10 | blocked  1.9% | idle  0.0% | ent 0.294
  upd 6087 | return   22.000 | deliv  22.00 | blocked  1.6% | idle  0.0% | ent 0.287
  upd 6088 | return   20.800 | deliv  20.80 | blocked  1.8% | idle  0.0% | ent 0.275
  upd 6089 | return   22.400 | deliv  22.40 | blocked  3.0% | idle  0.0% | ent 0.258
  upd 6090 | return   23.700 | deliv  23.70 | blocked  1.9% | idle  0.0% | ent 0.269
  upd 6091 | return   23.400 | deliv  23.40 | blocked  2.4% | idle  0.0% | ent 0.280
  upd 6092 | return   21.100 | deliv  21.10 | blocked  2.2% | idle  0.0% | ent 0.281
  upd 6093 | return   17.800 | deliv  17.80 | blocked  2.4% | idle  0.0% | ent 0.288
  upd 6094 | return   21.100 | deliv  21.10 | blocked  1.9% | idle  0.0% | ent 0.275
  upd 6095 | return   21.500 | deliv  21.50 | blocked  2.4% | idle  0.0% | ent 0.285
  upd 6096 | return   20.900 | deliv  20.90 | blocked  2.4% | idle  0.0% | ent 0.290
  upd 6097 | return   18.900 | deliv  18.90 | blocked  2.3% | idle  0.0% | ent 0.287
  upd 6098 | return   21.800 | deliv  21.80 | blocked  1.7% | idle  0.0% | ent 0.290
  upd 6099 | return   20.600 | deliv  20.60 | blocked  1.9% | idle  0.0% | ent 0.290
  [replay @ update 6100] return 21.00  deliveries 21  -> runs/mappo_evo_tiny-4ag_seed2/replays/replay_upd006100_s0.npz
  upd 6100 | return   20.300 | deliv  20.30 | blocked  1.9% | idle  0.0% | ent 0.298
  upd 6101 | return   19.600 | deliv  19.60 | blocked  1.7% | idle  0.0% | ent 0.280
  upd 6102 | return   22.000 | deliv  22.00 | blocked  1.6% | idle  0.0% | ent 0.293
  upd 6103 | return   21.600 | deliv  21.60 | blocked  2.0% | idle  0.0% | ent 0.289
  upd 6104 | return   16.300 | deliv  16.30 | blocked  1.3% | idle  0.0% | ent 0.337
  upd 6105 | return   21.600 | deliv  21.60 | blocked  1.3% | idle  0.0% | ent 0.313
  upd 6106 | return   20.600 | deliv  20.60 | blocked  1.2% | idle  0.0% | ent 0.314
  upd 6107 | return   19.900 | deliv  19.90 | blocked  1.8% | idle  0.0% | ent 0.292
  upd 6108 | return   20.800 | deliv  20.80 | blocked  1.4% | idle  0.0% | ent 0.285
  upd 6109 | return   19.400 | deliv  19.40 | blocked  1.4% | idle  0.0% | ent 0.285
  upd 6110 | return   22.100 | deliv  22.10 | blocked  1.9% | idle  0.0% | ent 0.263
  upd 6111 | return   22.100 | deliv  22.10 | blocked  1.6% | idle  0.0% | ent 0.253
  upd 6112 | return   21.200 | deliv  21.20 | blocked  1.3% | idle  0.0% | ent 0.270
  upd 6113 | return   19.600 | deliv  19.60 | blocked  1.7% | idle  0.0% | ent 0.260
  upd 6114 | return   22.800 | deliv  22.80 | blocked  1.4% | idle  0.0% | ent 0.270
  upd 6115 | return   21.900 | deliv  21.90 | blocked  1.6% | idle  0.0% | ent 0.263
  upd 6116 | return   20.600 | deliv  20.60 | blocked  1.8% | idle  0.0% | ent 0.275
  upd 6117 | return   21.100 | deliv  21.10 | blocked  1.4% | idle  0.0% | ent 0.287
  upd 6118 | return   21.900 | deliv  21.90 | blocked  1.7% | idle  0.0% | ent 0.284
  upd 6119 | return   25.900 | deliv  25.90 | blocked  1.7% | idle  0.0% | ent 0.265
  upd 6120 | return   21.700 | deliv  21.70 | blocked  1.8% | idle  0.0% | ent 0.285
  upd 6121 | return   22.000 | deliv  22.00 | blocked  2.2% | idle  0.0% | ent 0.290
  upd 6122 | return   25.200 | deliv  25.20 | blocked  1.4% | idle  0.0% | ent 0.276
  upd 6123 | return   19.200 | deliv  19.20 | blocked  2.2% | idle  0.0% | ent 0.303
  upd 6124 | return   23.200 | deliv  23.20 | blocked  1.4% | idle  0.0% | ent 0.279
  upd 6125 | return   22.100 | deliv  22.10 | blocked  1.4% | idle  0.0% | ent 0.301
  upd 6126 | return   23.700 | deliv  23.70 | blocked  1.4% | idle  0.0% | ent 0.308
  upd 6127 | return   21.300 | deliv  21.30 | blocked  1.5% | idle  0.0% | ent 0.285
  upd 6128 | return   22.500 | deliv  22.50 | blocked  1.2% | idle  0.0% | ent 0.307
  upd 6129 | return   20.600 | deliv  20.60 | blocked  1.3% | idle  0.0% | ent 0.306
  upd 6130 | return   22.800 | deliv  22.80 | blocked  1.5% | idle  0.0% | ent 0.292
  upd 6131 | return   21.900 | deliv  21.90 | blocked  1.4% | idle  0.0% | ent 0.276
  upd 6132 | return   24.100 | deliv  24.10 | blocked  1.5% | idle  0.0% | ent 0.282
  upd 6133 | return   21.600 | deliv  21.60 | blocked  1.1% | idle  0.0% | ent 0.303
  upd 6134 | return   24.100 | deliv  24.10 | blocked  1.9% | idle  0.0% | ent 0.306
  upd 6135 | return   26.100 | deliv  26.10 | blocked  1.6% | idle  0.0% | ent 0.285
  upd 6136 | return   21.000 | deliv  21.00 | blocked  2.0% | idle  0.0% | ent 0.336
  upd 6137 | return   21.900 | deliv  21.90 | blocked  1.3% | idle  0.0% | ent 0.312
  upd 6138 | return   21.800 | deliv  21.80 | blocked  1.3% | idle  0.0% | ent 0.315
  upd 6139 | return   20.900 | deliv  20.90 | blocked  2.0% | idle  0.0% | ent 0.309
  upd 6140 | return   23.900 | deliv  23.90 | blocked  1.5% | idle  0.0% | ent 0.315
  upd 6141 | return   20.900 | deliv  20.90 | blocked  2.0% | idle  0.0% | ent 0.298
  upd 6142 | return   19.800 | deliv  19.80 | blocked  1.7% | idle  0.0% | ent 0.307
  upd 6143 | return   22.100 | deliv  22.10 | blocked  1.5% | idle  0.0% | ent 0.306
  upd 6144 | return   20.100 | deliv  20.10 | blocked  1.6% | idle  0.0% | ent 0.313
  upd 6145 | return   22.600 | deliv  22.60 | blocked  1.4% | idle  0.0% | ent 0.311
  upd 6146 | return   21.400 | deliv  21.40 | blocked  1.7% | idle  0.0% | ent 0.307
  upd 6147 | return   20.700 | deliv  20.70 | blocked  2.0% | idle  0.0% | ent 0.310
  upd 6148 | return   24.200 | deliv  24.20 | blocked  3.2% | idle  0.0% | ent 0.320
  upd 6149 | return   23.500 | deliv  23.50 | blocked  1.7% | idle  0.0% | ent 0.307
  upd 6150 | return   20.500 | deliv  20.50 | blocked  2.6% | idle  0.0% | ent 0.343
  upd 6151 | return   21.800 | deliv  21.80 | blocked  1.6% | idle  0.0% | ent 0.319
  upd 6152 | return   22.300 | deliv  22.30 | blocked  2.5% | idle  0.0% | ent 0.310
  upd 6153 | return   20.100 | deliv  20.10 | blocked  1.8% | idle  0.0% | ent 0.325
  upd 6154 | return   22.000 | deliv  22.00 | blocked  1.9% | idle  0.0% | ent 0.318
  upd 6155 | return   22.600 | deliv  22.60 | blocked  1.3% | idle  0.0% | ent 0.324
  upd 6156 | return   22.600 | deliv  22.60 | blocked  1.5% | idle  0.0% | ent 0.334
  upd 6157 | return   23.700 | deliv  23.70 | blocked  1.9% | idle  0.0% | ent 0.316
  upd 6158 | return   24.100 | deliv  24.10 | blocked  1.6% | idle  0.0% | ent 0.325
  upd 6159 | return   19.100 | deliv  19.10 | blocked  1.6% | idle  0.1% | ent 0.360
  upd 6160 | return   20.200 | deliv  20.20 | blocked  1.3% | idle  0.0% | ent 0.358
  upd 6161 | return   22.200 | deliv  22.20 | blocked  1.5% | idle  0.0% | ent 0.349
  upd 6162 | return   22.200 | deliv  22.20 | blocked  1.7% | idle  0.0% | ent 0.326
  upd 6163 | return   19.800 | deliv  19.80 | blocked  1.6% | idle  0.0% | ent 0.352
  upd 6164 | return   22.100 | deliv  22.10 | blocked  1.5% | idle  0.0% | ent 0.332
  upd 6165 | return   21.000 | deliv  21.00 | blocked  1.7% | idle  0.0% | ent 0.329
  upd 6166 | return   25.300 | deliv  25.30 | blocked  2.4% | idle  0.0% | ent 0.297
  upd 6167 | return   22.400 | deliv  22.40 | blocked  1.6% | idle  0.0% | ent 0.322
  upd 6168 | return   20.000 | deliv  20.00 | blocked  1.7% | idle  0.0% | ent 0.324
  upd 6169 | return   25.700 | deliv  25.70 | blocked  1.4% | idle  0.0% | ent 0.303
  upd 6170 | return   20.700 | deliv  20.70 | blocked  1.7% | idle  0.1% | ent 0.310
  upd 6171 | return   23.700 | deliv  23.70 | blocked  1.2% | idle  0.0% | ent 0.304
  upd 6172 | return   23.800 | deliv  23.80 | blocked  1.7% | idle  0.0% | ent 0.316
  upd 6173 | return   24.400 | deliv  24.40 | blocked  1.8% | idle  0.0% | ent 0.298
  upd 6174 | return   22.300 | deliv  22.30 | blocked  1.3% | idle  0.0% | ent 0.313
  upd 6175 | return   23.200 | deliv  23.20 | blocked  1.4% | idle  0.0% | ent 0.300
  upd 6176 | return   25.900 | deliv  25.90 | blocked  1.4% | idle  0.0% | ent 0.281
  upd 6177 | return   21.100 | deliv  21.10 | blocked  2.0% | idle  0.0% | ent 0.280
  upd 6178 | return   21.900 | deliv  21.90 | blocked  1.1% | idle  0.0% | ent 0.286
  upd 6179 | return   24.400 | deliv  24.40 | blocked  1.7% | idle  0.0% | ent 0.272
  upd 6180 | return   21.100 | deliv  21.10 | blocked  1.3% | idle  0.0% | ent 0.290
  upd 6181 | return   22.000 | deliv  22.00 | blocked  1.4% | idle  0.0% | ent 0.302
  upd 6182 | return   22.000 | deliv  22.00 | blocked  1.4% | idle  0.0% | ent 0.292
  upd 6183 | return   23.300 | deliv  23.30 | blocked  1.3% | idle  0.0% | ent 0.286
  upd 6184 | return   24.300 | deliv  24.30 | blocked  1.6% | idle  0.0% | ent 0.288
  upd 6185 | return   20.500 | deliv  20.50 | blocked  1.2% | idle  0.0% | ent 0.292
  upd 6186 | return   20.900 | deliv  20.90 | blocked  1.6% | idle  0.0% | ent 0.278
  upd 6187 | return   20.100 | deliv  20.10 | blocked  1.7% | idle  0.0% | ent 0.298
  upd 6188 | return   20.500 | deliv  20.50 | blocked  1.5% | idle  0.0% | ent 0.311
  upd 6189 | return   21.600 | deliv  21.60 | blocked  1.2% | idle  0.0% | ent 0.305
  upd 6190 | return   22.600 | deliv  22.60 | blocked  1.5% | idle  0.0% | ent 0.300
  upd 6191 | return   24.900 | deliv  24.90 | blocked  1.5% | idle  0.0% | ent 0.296
  upd 6192 | return   21.200 | deliv  21.20 | blocked  1.7% | idle  0.0% | ent 0.302
  upd 6193 | return   24.000 | deliv  24.00 | blocked  1.6% | idle  0.0% | ent 0.309
  upd 6194 | return   22.200 | deliv  22.20 | blocked  1.6% | idle  0.0% | ent 0.318
  upd 6195 | return   22.700 | deliv  22.70 | blocked  1.8% | idle  0.0% | ent 0.321
  upd 6196 | return   23.100 | deliv  23.10 | blocked  2.0% | idle  0.0% | ent 0.288
  upd 6197 | return   21.300 | deliv  21.30 | blocked  1.5% | idle  0.0% | ent 0.312
  upd 6198 | return   22.300 | deliv  22.30 | blocked  1.6% | idle  0.0% | ent 0.305
  upd 6199 | return   19.500 | deliv  19.50 | blocked  1.6% | idle  0.0% | ent 0.323
  [replay @ update 6200] return 19.00  deliveries 19  -> runs/mappo_evo_tiny-4ag_seed2/replays/replay_upd006200_s0.npz
  upd 6200 | return   22.000 | deliv  22.00 | blocked  1.7% | idle  0.0% | ent 0.320
  upd 6201 | return   21.600 | deliv  21.60 | blocked  1.9% | idle  0.0% | ent 0.307
  upd 6202 | return   21.200 | deliv  21.20 | blocked  1.6% | idle  0.0% | ent 0.305
  upd 6203 | return   20.500 | deliv  20.50 | blocked  1.8% | idle  0.0% | ent 0.303
  upd 6204 | return   22.200 | deliv  22.20 | blocked  1.7% | idle  0.0% | ent 0.295
  upd 6205 | return   19.700 | deliv  19.70 | blocked  2.1% | idle  0.0% | ent 0.309
  upd 6206 | return   21.200 | deliv  21.20 | blocked  1.4% | idle  0.0% | ent 0.290
  upd 6207 | return   20.300 | deliv  20.30 | blocked  2.0% | idle  0.0% | ent 0.311
  upd 6208 | return   24.500 | deliv  24.50 | blocked  2.1% | idle  0.0% | ent 0.295
  upd 6209 | return   20.300 | deliv  20.30 | blocked  1.8% | idle  0.0% | ent 0.305
  upd 6210 | return   20.100 | deliv  20.10 | blocked  1.9% | idle  0.0% | ent 0.312
  upd 6211 | return   20.600 | deliv  20.60 | blocked  1.7% | idle  0.0% | ent 0.299
  upd 6212 | return   19.900 | deliv  19.90 | blocked  1.4% | idle  0.0% | ent 0.316
  upd 6213 | return   21.400 | deliv  21.40 | blocked  1.5% | idle  0.0% | ent 0.315
  upd 6214 | return   20.800 | deliv  20.80 | blocked  1.5% | idle  0.0% | ent 0.282
  upd 6215 | return   19.000 | deliv  19.00 | blocked  2.2% | idle  0.0% | ent 0.305
  upd 6216 | return   22.300 | deliv  22.30 | blocked  1.9% | idle  0.0% | ent 0.273
  upd 6217 | return   23.200 | deliv  23.20 | blocked  2.0% | idle  0.0% | ent 0.281
  upd 6218 | return   23.400 | deliv  23.40 | blocked  1.6% | idle  0.0% | ent 0.283
  upd 6219 | return   23.900 | deliv  23.90 | blocked  2.0% | idle  0.0% | ent 0.279
  upd 6220 | return   25.700 | deliv  25.70 | blocked  1.8% | idle  0.0% | ent 0.291
  upd 6221 | return   22.400 | deliv  22.40 | blocked  1.5% | idle  0.0% | ent 0.308
  upd 6222 | return   21.800 | deliv  21.80 | blocked  1.8% | idle  0.0% | ent 0.306
  upd 6223 | return   23.500 | deliv  23.50 | blocked  2.5% | idle  0.0% | ent 0.290
  upd 6224 | return   19.100 | deliv  19.10 | blocked  2.1% | idle  0.0% | ent 0.289
  upd 6225 | return   24.300 | deliv  24.30 | blocked  1.9% | idle  0.0% | ent 0.287
  upd 6226 | return   20.700 | deliv  20.70 | blocked  2.2% | idle  0.0% | ent 0.284
  upd 6227 | return   23.300 | deliv  23.30 | blocked  2.2% | idle  0.0% | ent 0.285
  upd 6228 | return   24.500 | deliv  24.50 | blocked  2.1% | idle  0.0% | ent 0.293
  upd 6229 | return   24.500 | deliv  24.50 | blocked  1.9% | idle  0.0% | ent 0.288
  upd 6230 | return   20.800 | deliv  20.80 | blocked  2.1% | idle  0.0% | ent 0.308
  upd 6231 | return   23.900 | deliv  23.90 | blocked  2.2% | idle  0.0% | ent 0.301
  upd 6232 | return   26.300 | deliv  26.30 | blocked  1.8% | idle  0.0% | ent 0.299
  upd 6233 | return   22.700 | deliv  22.70 | blocked  1.8% | idle  0.0% | ent 0.309
  upd 6234 | return   21.900 | deliv  21.90 | blocked  2.0% | idle  0.0% | ent 0.327
  upd 6235 | return   24.400 | deliv  24.40 | blocked  1.7% | idle  0.0% | ent 0.316
  upd 6236 | return   21.200 | deliv  21.20 | blocked  2.4% | idle  0.0% | ent 0.318
  upd 6237 | return   22.600 | deliv  22.60 | blocked  1.7% | idle  0.0% | ent 0.319
  upd 6238 | return   22.200 | deliv  22.20 | blocked  2.0% | idle  0.0% | ent 0.301
  upd 6239 | return   23.600 | deliv  23.60 | blocked  2.5% | idle  0.0% | ent 0.312
  upd 6240 | return   26.800 | deliv  26.80 | blocked  2.0% | idle  0.0% | ent 0.295
  upd 6241 | return   24.100 | deliv  24.10 | blocked  2.2% | idle  0.0% | ent 0.295
  upd 6242 | return   22.900 | deliv  22.90 | blocked  2.0% | idle  0.0% | ent 0.308
  upd 6243 | return   23.500 | deliv  23.50 | blocked  2.0% | idle  0.0% | ent 0.287
  upd 6244 | return   24.300 | deliv  24.30 | blocked  1.6% | idle  0.0% | ent 0.306
  upd 6245 | return   24.800 | deliv  24.80 | blocked  2.8% | idle  0.0% | ent 0.313
  upd 6246 | return   19.300 | deliv  19.30 | blocked  2.0% | idle  0.0% | ent 0.340
  upd 6247 | return   21.600 | deliv  21.60 | blocked  1.7% | idle  0.0% | ent 0.332
  upd 6248 | return   25.000 | deliv  25.00 | blocked  1.6% | idle  0.0% | ent 0.311
  upd 6249 | return   21.600 | deliv  21.60 | blocked  1.5% | idle  0.0% | ent 0.328
  upd 6250 | return   22.600 | deliv  22.60 | blocked  1.8% | idle  0.0% | ent 0.327
  upd 6251 | return   22.700 | deliv  22.70 | blocked  1.9% | idle  0.0% | ent 0.318
  upd 6252 | return   22.300 | deliv  22.30 | blocked  1.5% | idle  0.0% | ent 0.326
  upd 6253 | return   22.600 | deliv  22.60 | blocked  1.4% | idle  0.0% | ent 0.337
  upd 6254 | return   24.900 | deliv  24.90 | blocked  1.7% | idle  0.0% | ent 0.322
  upd 6255 | return   25.100 | deliv  25.10 | blocked  2.1% | idle  0.0% | ent 0.324
  upd 6256 | return   24.200 | deliv  24.20 | blocked  2.2% | idle  0.0% | ent 0.328
  upd 6257 | return   24.600 | deliv  24.60 | blocked  1.4% | idle  0.0% | ent 0.329
  upd 6258 | return   22.600 | deliv  22.60 | blocked  1.9% | idle  0.0% | ent 0.341
  upd 6259 | return   21.600 | deliv  21.60 | blocked  1.6% | idle  0.0% | ent 0.360
  upd 6260 | return   20.800 | deliv  20.80 | blocked  1.4% | idle  0.0% | ent 0.354
  upd 6261 | return   23.500 | deliv  23.50 | blocked  1.8% | idle  0.0% | ent 0.339
  upd 6262 | return   23.200 | deliv  23.20 | blocked  1.7% | idle  0.0% | ent 0.338
  upd 6263 | return   22.000 | deliv  22.00 | blocked  1.6% | idle  0.0% | ent 0.356
  upd 6264 | return   25.000 | deliv  25.00 | blocked  2.3% | idle  0.0% | ent 0.340
  upd 6265 | return   23.500 | deliv  23.50 | blocked  2.0% | idle  0.0% | ent 0.331
  upd 6266 | return   24.200 | deliv  24.20 | blocked  1.8% | idle  0.0% | ent 0.319
  upd 6267 | return   25.300 | deliv  25.30 | blocked  1.4% | idle  0.0% | ent 0.321
  upd 6268 | return   23.500 | deliv  23.50 | blocked  1.8% | idle  0.0% | ent 0.319
  upd 6269 | return   21.900 | deliv  21.90 | blocked  1.7% | idle  0.0% | ent 0.336
  upd 6270 | return   22.800 | deliv  22.80 | blocked  1.6% | idle  0.0% | ent 0.330
  upd 6271 | return   24.100 | deliv  24.10 | blocked  1.5% | idle  0.0% | ent 0.326
  upd 6272 | return   25.800 | deliv  25.80 | blocked  1.6% | idle  0.0% | ent 0.326
  upd 6273 | return   19.900 | deliv  19.90 | blocked  1.8% | idle  0.0% | ent 0.358
  upd 6274 | return   20.800 | deliv  20.80 | blocked  1.4% | idle  0.0% | ent 0.344
  upd 6275 | return   22.400 | deliv  22.40 | blocked  1.8% | idle  0.0% | ent 0.310
  upd 6276 | return   20.600 | deliv  20.60 | blocked  1.5% | idle  0.0% | ent 0.332
  upd 6277 | return   20.700 | deliv  20.70 | blocked  1.2% | idle  0.0% | ent 0.320
  upd 6278 | return   24.100 | deliv  24.10 | blocked  1.6% | idle  0.0% | ent 0.316
  upd 6279 | return   23.400 | deliv  23.40 | blocked  1.7% | idle  0.0% | ent 0.314
  upd 6280 | return   22.500 | deliv  22.50 | blocked  1.7% | idle  0.0% | ent 0.322
  upd 6281 | return   23.900 | deliv  23.90 | blocked  1.4% | idle  0.0% | ent 0.303
  upd 6282 | return   19.500 | deliv  19.50 | blocked  1.8% | idle  0.0% | ent 0.309
  upd 6283 | return   24.700 | deliv  24.70 | blocked  1.7% | idle  0.0% | ent 0.308
  upd 6284 | return   22.200 | deliv  22.20 | blocked  1.3% | idle  0.0% | ent 0.305
  upd 6285 | return   24.800 | deliv  24.80 | blocked  1.4% | idle  0.0% | ent 0.295
  upd 6286 | return   24.000 | deliv  24.00 | blocked  1.8% | idle  0.0% | ent 0.308
  upd 6287 | return   20.400 | deliv  20.40 | blocked  1.6% | idle  0.0% | ent 0.316
  upd 6288 | return   25.900 | deliv  25.90 | blocked  1.6% | idle  0.0% | ent 0.303
  upd 6289 | return   26.800 | deliv  26.80 | blocked  1.6% | idle  0.0% | ent 0.286
  upd 6290 | return   22.400 | deliv  22.40 | blocked  1.5% | idle  0.0% | ent 0.299
  upd 6291 | return   20.800 | deliv  20.80 | blocked  1.7% | idle  0.0% | ent 0.285
  upd 6292 | return   23.600 | deliv  23.60 | blocked  1.7% | idle  0.0% | ent 0.277
  upd 6293 | return   22.000 | deliv  22.00 | blocked  1.4% | idle  0.0% | ent 0.272
  upd 6294 | return   23.100 | deliv  23.10 | blocked  1.9% | idle  0.0% | ent 0.269
  upd 6295 | return   23.300 | deliv  23.30 | blocked  1.3% | idle  0.0% | ent 0.264
  upd 6296 | return   21.700 | deliv  21.70 | blocked  1.2% | idle  0.0% | ent 0.274
  upd 6297 | return   22.700 | deliv  22.70 | blocked  1.3% | idle  0.0% | ent 0.272
  upd 6298 | return   22.000 | deliv  22.00 | blocked  1.3% | idle  0.0% | ent 0.281
  upd 6299 | return   20.800 | deliv  20.80 | blocked  1.3% | idle  0.0% | ent 0.299
  [replay @ update 6300] return 29.00  deliveries 29  -> runs/mappo_evo_tiny-4ag_seed2/replays/replay_upd006300_s0.npz
  upd 6300 | return   21.500 | deliv  21.50 | blocked  1.5% | idle  0.0% | ent 0.289
  upd 6301 | return   18.400 | deliv  18.40 | blocked  1.3% | idle  0.0% | ent 0.304
  upd 6302 | return   22.400 | deliv  22.40 | blocked  1.9% | idle  0.0% | ent 0.304
  upd 6303 | return   19.400 | deliv  19.40 | blocked  1.5% | idle  0.0% | ent 0.309
  upd 6304 | return   21.700 | deliv  21.70 | blocked  1.4% | idle  0.0% | ent 0.289
  upd 6305 | return   20.100 | deliv  20.10 | blocked  1.8% | idle  0.0% | ent 0.295
  upd 6306 | return   20.700 | deliv  20.70 | blocked  1.9% | idle  0.0% | ent 0.291
  upd 6307 | return   20.200 | deliv  20.20 | blocked  2.2% | idle  0.0% | ent 0.285
  upd 6308 | return   21.400 | deliv  21.40 | blocked  1.0% | idle  0.0% | ent 0.284
  upd 6309 | return   23.700 | deliv  23.70 | blocked  1.6% | idle  0.0% | ent 0.271
  upd 6310 | return   24.100 | deliv  24.10 | blocked  1.9% | idle  0.0% | ent 0.278
  upd 6311 | return   20.400 | deliv  20.40 | blocked  1.3% | idle  0.0% | ent 0.292
  upd 6312 | return   21.300 | deliv  21.30 | blocked  1.3% | idle  0.0% | ent 0.298
  upd 6313 | return   18.700 | deliv  18.70 | blocked  2.6% | idle  0.0% | ent 0.306
  upd 6314 | return   20.000 | deliv  20.00 | blocked  1.2% | idle  0.0% | ent 0.316
  upd 6315 | return   19.100 | deliv  19.10 | blocked  1.5% | idle  0.0% | ent 0.318
  upd 6316 | return   19.800 | deliv  19.80 | blocked  1.9% | idle  0.0% | ent 0.298
  upd 6317 | return   17.200 | deliv  17.20 | blocked  1.4% | idle  0.0% | ent 0.307
  upd 6318 | return   17.500 | deliv  17.50 | blocked  2.4% | idle  0.0% | ent 0.301
  upd 6319 | return   17.300 | deliv  17.30 | blocked  1.7% | idle  0.0% | ent 0.300
  upd 6320 | return   18.100 | deliv  18.10 | blocked  2.2% | idle  0.0% | ent 0.296
  upd 6321 | return   18.700 | deliv  18.70 | blocked  1.9% | idle  0.0% | ent 0.312
  upd 6322 | return   17.500 | deliv  17.50 | blocked  1.9% | idle  0.0% | ent 0.312
  upd 6323 | return   22.900 | deliv  22.90 | blocked  2.1% | idle  0.0% | ent 0.270
  upd 6324 | return   19.200 | deliv  19.20 | blocked  2.4% | idle  0.0% | ent 0.288
  upd 6325 | return   22.400 | deliv  22.40 | blocked  2.0% | idle  0.0% | ent 0.272
  upd 6326 | return   20.200 | deliv  20.20 | blocked  2.1% | idle  0.0% | ent 0.272
  upd 6327 | return   23.600 | deliv  23.60 | blocked  2.3% | idle  0.0% | ent 0.274
  upd 6328 | return   24.700 | deliv  24.70 | blocked  2.1% | idle  0.0% | ent 0.267
  upd 6329 | return   21.000 | deliv  21.00 | blocked  2.1% | idle  0.0% | ent 0.273
  upd 6330 | return   21.200 | deliv  21.20 | blocked  2.5% | idle  0.0% | ent 0.280
  upd 6331 | return   20.900 | deliv  20.90 | blocked  2.4% | idle  0.0% | ent 0.283
  upd 6332 | return   19.100 | deliv  19.10 | blocked  2.4% | idle  0.0% | ent 0.278
  upd 6333 | return   22.100 | deliv  22.10 | blocked  2.8% | idle  0.0% | ent 0.264
  upd 6334 | return   24.100 | deliv  24.10 | blocked  3.1% | idle  0.0% | ent 0.251
  upd 6335 | return   26.100 | deliv  26.10 | blocked  2.6% | idle  0.0% | ent 0.252
  upd 6336 | return   21.400 | deliv  21.40 | blocked  3.6% | idle  0.0% | ent 0.275
  upd 6337 | return   22.900 | deliv  22.90 | blocked  2.4% | idle  0.0% | ent 0.272
  upd 6338 | return   23.700 | deliv  23.70 | blocked  1.9% | idle  0.0% | ent 0.267
  upd 6339 | return   20.500 | deliv  20.50 | blocked  2.0% | idle  0.0% | ent 0.284
  upd 6340 | return   19.500 | deliv  19.50 | blocked  1.8% | idle  0.0% | ent 0.285
  upd 6341 | return   21.000 | deliv  21.00 | blocked  2.4% | idle  0.0% | ent 0.283
  upd 6342 | return   18.700 | deliv  18.70 | blocked  1.9% | idle  0.0% | ent 0.281
  upd 6343 | return   22.100 | deliv  22.10 | blocked  1.8% | idle  0.0% | ent 0.269
  upd 6344 | return   22.700 | deliv  22.70 | blocked  2.0% | idle  0.0% | ent 0.273
  upd 6345 | return   19.400 | deliv  19.40 | blocked  2.1% | idle  0.0% | ent 0.288
  upd 6346 | return   23.100 | deliv  23.10 | blocked  2.0% | idle  0.0% | ent 0.278
  upd 6347 | return   21.800 | deliv  21.80 | blocked  2.0% | idle  0.0% | ent 0.289
  upd 6348 | return   23.100 | deliv  23.10 | blocked  2.4% | idle  0.0% | ent 0.280
  upd 6349 | return   22.600 | deliv  22.60 | blocked  2.1% | idle  0.0% | ent 0.281
  upd 6350 | return   18.700 | deliv  18.70 | blocked  1.9% | idle  0.0% | ent 0.297
  upd 6351 | return   20.800 | deliv  20.80 | blocked  1.9% | idle  0.0% | ent 0.307
  upd 6352 | return   20.900 | deliv  20.90 | blocked  1.9% | idle  0.0% | ent 0.287
  upd 6353 | return   23.200 | deliv  23.20 | blocked  1.7% | idle  0.0% | ent 0.290
  upd 6354 | return   24.400 | deliv  24.40 | blocked  2.0% | idle  0.0% | ent 0.275
  upd 6355 | return   21.100 | deliv  21.10 | blocked  1.8% | idle  0.0% | ent 0.300
  upd 6356 | return   23.700 | deliv  23.70 | blocked  1.6% | idle  0.0% | ent 0.277
  upd 6357 | return   24.800 | deliv  24.80 | blocked  1.8% | idle  0.0% | ent 0.277
  upd 6358 | return   22.400 | deliv  22.40 | blocked  1.5% | idle  0.0% | ent 0.274
  upd 6359 | return   22.700 | deliv  22.70 | blocked  2.4% | idle  0.0% | ent 0.275
  upd 6360 | return   20.800 | deliv  20.80 | blocked  2.7% | idle  0.0% | ent 0.279
  upd 6361 | return   22.600 | deliv  22.60 | blocked  1.6% | idle  0.0% | ent 0.284
  upd 6362 | return   24.100 | deliv  24.10 | blocked  1.9% | idle  0.0% | ent 0.267
  upd 6363 | return   23.900 | deliv  23.90 | blocked  1.4% | idle  0.0% | ent 0.266
  upd 6364 | return   24.000 | deliv  24.00 | blocked  1.4% | idle  0.0% | ent 0.268
  upd 6365 | return   24.900 | deliv  24.90 | blocked  1.7% | idle  0.0% | ent 0.265
  upd 6366 | return   23.600 | deliv  23.60 | blocked  1.8% | idle  0.0% | ent 0.274
  upd 6367 | return   23.800 | deliv  23.80 | blocked  1.4% | idle  0.0% | ent 0.266
  upd 6368 | return   22.400 | deliv  22.40 | blocked  1.7% | idle  0.0% | ent 0.270
  upd 6369 | return   24.400 | deliv  24.40 | blocked  2.0% | idle  0.0% | ent 0.271
  upd 6370 | return   24.100 | deliv  24.10 | blocked  1.4% | idle  0.0% | ent 0.264
  upd 6371 | return   24.200 | deliv  24.20 | blocked  1.6% | idle  0.0% | ent 0.266
  upd 6372 | return   24.500 | deliv  24.50 | blocked  2.1% | idle  0.0% | ent 0.261
  upd 6373 | return   24.500 | deliv  24.50 | blocked  1.6% | idle  0.0% | ent 0.252
  upd 6374 | return   25.900 | deliv  25.90 | blocked  1.5% | idle  0.0% | ent 0.249
  upd 6375 | return   24.000 | deliv  24.00 | blocked  1.7% | idle  0.0% | ent 0.248
  upd 6376 | return   21.700 | deliv  21.70 | blocked  1.9% | idle  0.0% | ent 0.257
  upd 6377 | return   23.400 | deliv  23.40 | blocked  1.9% | idle  0.0% | ent 0.251
  upd 6378 | return   20.200 | deliv  20.20 | blocked  2.4% | idle  0.0% | ent 0.265
  upd 6379 | return   21.500 | deliv  21.50 | blocked  1.9% | idle  0.0% | ent 0.268
  upd 6380 | return   22.900 | deliv  22.90 | blocked  2.0% | idle  0.0% | ent 0.267
  upd 6381 | return   25.700 | deliv  25.70 | blocked  2.1% | idle  0.0% | ent 0.251
  upd 6382 | return   22.700 | deliv  22.70 | blocked  2.7% | idle  0.0% | ent 0.250
  upd 6383 | return   23.400 | deliv  23.40 | blocked  2.8% | idle  0.0% | ent 0.265
  upd 6384 | return   21.800 | deliv  21.80 | blocked  2.8% | idle  0.0% | ent 0.282
  upd 6385 | return   20.800 | deliv  20.80 | blocked  2.8% | idle  0.0% | ent 0.288
  upd 6386 | return   24.600 | deliv  24.60 | blocked  2.5% | idle  0.0% | ent 0.264
  upd 6387 | return   20.200 | deliv  20.20 | blocked  2.3% | idle  0.0% | ent 0.289
  upd 6388 | return   20.800 | deliv  20.80 | blocked  2.9% | idle  0.0% | ent 0.273
  upd 6389 | return   25.000 | deliv  25.00 | blocked  2.6% | idle  0.0% | ent 0.264
  upd 6390 | return   23.300 | deliv  23.30 | blocked  3.0% | idle  0.0% | ent 0.265
  upd 6391 | return   25.100 | deliv  25.10 | blocked  2.9% | idle  0.0% | ent 0.261
  upd 6392 | return   23.300 | deliv  23.30 | blocked  3.7% | idle  0.0% | ent 0.254
  upd 6393 | return   26.800 | deliv  26.80 | blocked  3.1% | idle  0.0% | ent 0.239
  upd 6394 | return   23.800 | deliv  23.80 | blocked  2.2% | idle  0.0% | ent 0.253
  upd 6395 | return   23.800 | deliv  23.80 | blocked  1.6% | idle  0.0% | ent 0.257
  upd 6396 | return   25.500 | deliv  25.50 | blocked  2.4% | idle  0.0% | ent 0.259
  upd 6397 | return   21.300 | deliv  21.30 | blocked  2.4% | idle  0.0% | ent 0.273
  upd 6398 | return   22.800 | deliv  22.80 | blocked  2.9% | idle  0.0% | ent 0.273
  upd 6399 | return   21.800 | deliv  21.80 | blocked  2.7% | idle  0.0% | ent 0.284
  [replay @ update 6400] return 18.00  deliveries 18  -> runs/mappo_evo_tiny-4ag_seed2/replays/replay_upd006400_s0.npz
  upd 6400 | return   21.800 | deliv  21.80 | blocked  4.1% | idle  0.0% | ent 0.264
  upd 6401 | return   20.500 | deliv  20.50 | blocked  3.5% | idle  0.0% | ent 0.292
  upd 6402 | return   22.600 | deliv  22.60 | blocked  3.1% | idle  0.0% | ent 0.285
  upd 6403 | return   22.200 | deliv  22.20 | blocked  2.0% | idle  0.0% | ent 0.285
  upd 6404 | return   21.200 | deliv  21.20 | blocked  2.3% | idle  0.0% | ent 0.288
  upd 6405 | return   22.100 | deliv  22.10 | blocked  2.3% | idle  0.0% | ent 0.272
  upd 6406 | return   22.700 | deliv  22.70 | blocked  1.9% | idle  0.0% | ent 0.283
  upd 6407 | return   24.700 | deliv  24.70 | blocked  2.8% | idle  0.0% | ent 0.277
  upd 6408 | return   24.900 | deliv  24.90 | blocked  2.1% | idle  0.0% | ent 0.286
  upd 6409 | return   24.700 | deliv  24.70 | blocked  1.6% | idle  0.0% | ent 0.273
  upd 6410 | return   22.600 | deliv  22.60 | blocked  2.1% | idle  0.0% | ent 0.291
  upd 6411 | return   21.500 | deliv  21.50 | blocked  1.8% | idle  0.0% | ent 0.285
  upd 6412 | return   20.800 | deliv  20.80 | blocked  1.4% | idle  0.0% | ent 0.282
  upd 6413 | return   22.900 | deliv  22.90 | blocked  1.4% | idle  0.0% | ent 0.280
  upd 6414 | return   23.000 | deliv  23.00 | blocked  2.4% | idle  0.0% | ent 0.280
  upd 6415 | return   20.300 | deliv  20.30 | blocked  2.4% | idle  0.0% | ent 0.296
  upd 6416 | return   23.500 | deliv  23.50 | blocked  2.0% | idle  0.0% | ent 0.288
  upd 6417 | return   21.200 | deliv  21.20 | blocked  1.5% | idle  0.0% | ent 0.299
  upd 6418 | return   21.000 | deliv  21.00 | blocked  1.6% | idle  0.0% | ent 0.317
  upd 6419 | return   23.300 | deliv  23.30 | blocked  2.1% | idle  0.0% | ent 0.303
  upd 6420 | return   21.100 | deliv  21.10 | blocked  2.3% | idle  0.0% | ent 0.320
  upd 6421 | return   22.000 | deliv  22.00 | blocked  2.1% | idle  0.0% | ent 0.323
  upd 6422 | return   24.000 | deliv  24.00 | blocked  2.1% | idle  0.1% | ent 0.305
  upd 6423 | return   21.500 | deliv  21.50 | blocked  1.8% | idle  0.0% | ent 0.300
  upd 6424 | return   22.700 | deliv  22.70 | blocked  1.7% | idle  0.0% | ent 0.294
  upd 6425 | return   25.100 | deliv  25.10 | blocked  1.7% | idle  0.0% | ent 0.287
  upd 6426 | return   25.400 | deliv  25.40 | blocked  1.5% | idle  0.1% | ent 0.282
  upd 6427 | return   23.900 | deliv  23.90 | blocked  1.5% | idle  0.0% | ent 0.292
  upd 6428 | return   19.900 | deliv  19.90 | blocked  2.0% | idle  0.1% | ent 0.305
  upd 6429 | return   19.800 | deliv  19.80 | blocked  1.5% | idle  0.0% | ent 0.308
  upd 6430 | return   22.500 | deliv  22.50 | blocked  1.5% | idle  0.1% | ent 0.294
  upd 6431 | return   20.300 | deliv  20.30 | blocked  1.4% | idle  0.1% | ent 0.328
  upd 6432 | return   20.200 | deliv  20.20 | blocked  1.1% | idle  0.1% | ent 0.308
  upd 6433 | return   22.300 | deliv  22.30 | blocked  1.4% | idle  0.2% | ent 0.302
  upd 6434 | return   23.300 | deliv  23.30 | blocked  1.2% | idle  0.1% | ent 0.318
  upd 6435 | return   21.800 | deliv  21.80 | blocked  1.6% | idle  0.2% | ent 0.310
  upd 6436 | return   23.200 | deliv  23.20 | blocked  1.5% | idle  0.2% | ent 0.309
  upd 6437 | return   23.900 | deliv  23.90 | blocked  1.6% | idle  0.3% | ent 0.321
  upd 6438 | return   21.300 | deliv  21.30 | blocked  1.5% | idle  0.3% | ent 0.323
  upd 6439 | return   21.200 | deliv  21.20 | blocked  1.5% | idle  0.3% | ent 0.332
  upd 6440 | return   18.700 | deliv  18.70 | blocked  1.7% | idle  0.4% | ent 0.328
  upd 6441 | return   21.800 | deliv  21.80 | blocked  1.4% | idle  0.2% | ent 0.324
  upd 6442 | return   23.700 | deliv  23.70 | blocked  1.2% | idle  0.3% | ent 0.315
  upd 6443 | return   23.600 | deliv  23.60 | blocked  1.2% | idle  0.2% | ent 0.295
  upd 6444 | return   21.800 | deliv  21.80 | blocked  1.3% | idle  0.2% | ent 0.309
  upd 6445 | return   20.800 | deliv  20.80 | blocked  1.0% | idle  0.2% | ent 0.304
  upd 6446 | return   24.500 | deliv  24.50 | blocked  1.7% | idle  0.2% | ent 0.293
  upd 6447 | return   22.200 | deliv  22.20 | blocked  1.6% | idle  0.3% | ent 0.307
  upd 6448 | return   26.300 | deliv  26.30 | blocked  1.4% | idle  0.2% | ent 0.290
  upd 6449 | return   23.000 | deliv  23.00 | blocked  1.8% | idle  0.2% | ent 0.305
  upd 6450 | return   20.400 | deliv  20.40 | blocked  1.7% | idle  0.4% | ent 0.307
  upd 6451 | return   24.700 | deliv  24.70 | blocked  2.1% | idle  0.3% | ent 0.284
  upd 6452 | return   25.300 | deliv  25.30 | blocked  1.9% | idle  0.4% | ent 0.289
  upd 6453 | return   22.000 | deliv  22.00 | blocked  1.5% | idle  0.4% | ent 0.308
  upd 6454 | return   23.500 | deliv  23.50 | blocked  1.7% | idle  0.4% | ent 0.311
  upd 6455 | return   20.500 | deliv  20.50 | blocked  2.0% | idle  0.5% | ent 0.332
  upd 6456 | return   20.500 | deliv  20.50 | blocked  1.2% | idle  0.5% | ent 0.315
  upd 6457 | return   20.500 | deliv  20.50 | blocked  1.3% | idle  0.5% | ent 0.343
  upd 6458 | return   24.400 | deliv  24.40 | blocked  1.5% | idle  0.4% | ent 0.310
  upd 6459 | return   24.400 | deliv  24.40 | blocked  1.0% | idle  0.3% | ent 0.306
  upd 6460 | return   24.200 | deliv  24.20 | blocked  1.3% | idle  0.5% | ent 0.298
  upd 6461 | return   21.600 | deliv  21.60 | blocked  1.8% | idle  0.5% | ent 0.313
  upd 6462 | return   21.100 | deliv  21.10 | blocked  1.8% | idle  1.0% | ent 0.323
  upd 6463 | return   22.200 | deliv  22.20 | blocked  1.8% | idle  0.9% | ent 0.320
  upd 6464 | return   23.900 | deliv  23.90 | blocked  2.1% | idle  1.4% | ent 0.318
  upd 6465 | return   25.100 | deliv  25.10 | blocked  1.7% | idle  1.1% | ent 0.319
  upd 6466 | return   23.800 | deliv  23.80 | blocked  1.6% | idle  1.5% | ent 0.337
  upd 6467 | return   24.600 | deliv  24.60 | blocked  1.4% | idle  1.4% | ent 0.327
  upd 6468 | return   20.200 | deliv  20.20 | blocked  2.0% | idle  1.2% | ent 0.350
  upd 6469 | return   22.200 | deliv  22.20 | blocked  1.8% | idle  1.1% | ent 0.331
  upd 6470 | return   21.000 | deliv  21.00 | blocked  1.1% | idle  0.9% | ent 0.345
  upd 6471 | return   23.700 | deliv  23.70 | blocked  1.3% | idle  0.6% | ent 0.332
  upd 6472 | return   21.900 | deliv  21.90 | blocked  1.7% | idle  0.6% | ent 0.340
  upd 6473 | return   20.500 | deliv  20.50 | blocked  1.4% | idle  0.5% | ent 0.343
  upd 6474 | return   21.200 | deliv  21.20 | blocked  1.9% | idle  0.4% | ent 0.345
  upd 6475 | return   25.600 | deliv  25.60 | blocked  1.7% | idle  0.4% | ent 0.310
  upd 6476 | return   23.800 | deliv  23.80 | blocked  1.8% | idle  0.3% | ent 0.312
  upd 6477 | return   24.400 | deliv  24.40 | blocked  1.5% | idle  0.4% | ent 0.301
  upd 6478 | return   23.600 | deliv  23.60 | blocked  1.6% | idle  0.4% | ent 0.295
  upd 6479 | return   22.100 | deliv  22.10 | blocked  2.1% | idle  0.4% | ent 0.311
  upd 6480 | return   24.400 | deliv  24.40 | blocked  1.6% | idle  0.5% | ent 0.301
  upd 6481 | return   21.000 | deliv  21.00 | blocked  2.1% | idle  0.4% | ent 0.326
  upd 6482 | return   22.000 | deliv  22.00 | blocked  1.9% | idle  0.5% | ent 0.325
  upd 6483 | return   18.500 | deliv  18.50 | blocked  1.3% | idle  0.5% | ent 0.365
  upd 6484 | return   24.200 | deliv  24.20 | blocked  1.5% | idle  0.5% | ent 0.316
  upd 6485 | return   21.500 | deliv  21.50 | blocked  1.7% | idle  0.4% | ent 0.313
  upd 6486 | return   23.900 | deliv  23.90 | blocked  1.6% | idle  0.4% | ent 0.294
  upd 6487 | return   23.500 | deliv  23.50 | blocked  1.8% | idle  0.4% | ent 0.303
  upd 6488 | return   22.500 | deliv  22.50 | blocked  2.8% | idle  0.3% | ent 0.307
  upd 6489 | return   25.900 | deliv  25.90 | blocked  1.6% | idle  0.2% | ent 0.299
  upd 6490 | return   23.400 | deliv  23.40 | blocked  5.0% | idle  0.4% | ent 0.297
  upd 6491 | return   26.600 | deliv  26.60 | blocked  2.4% | idle  0.3% | ent 0.306
  upd 6492 | return   23.600 | deliv  23.60 | blocked  2.3% | idle  0.5% | ent 0.331
  upd 6493 | return   22.100 | deliv  22.10 | blocked  2.0% | idle  0.4% | ent 0.342
  upd 6494 | return   23.500 | deliv  23.50 | blocked  2.4% | idle  0.7% | ent 0.323
  upd 6495 | return   22.000 | deliv  22.00 | blocked  3.0% | idle  1.0% | ent 0.355
  upd 6496 | return   22.100 | deliv  22.10 | blocked  2.2% | idle  1.5% | ent 0.323
  upd 6497 | return   23.800 | deliv  23.80 | blocked  2.4% | idle  1.4% | ent 0.323
  upd 6498 | return   24.100 | deliv  24.10 | blocked  1.7% | idle  1.5% | ent 0.344
  upd 6499 | return   24.100 | deliv  24.10 | blocked  2.2% | idle  1.7% | ent 0.351
  [replay @ update 6500] return 21.00  deliveries 21  -> runs/mappo_evo_tiny-4ag_seed2/replays/replay_upd006500_s0.npz
  upd 6500 | return   22.700 | deliv  22.70 | blocked  1.9% | idle  2.0% | ent 0.356
  upd 6501 | return   22.200 | deliv  22.20 | blocked  2.1% | idle  2.1% | ent 0.374
  upd 6502 | return   25.000 | deliv  25.00 | blocked  2.2% | idle  2.0% | ent 0.347
  upd 6503 | return   24.300 | deliv  24.30 | blocked  2.6% | idle  2.4% | ent 0.358
  upd 6504 | return   20.800 | deliv  20.80 | blocked  2.7% | idle  2.2% | ent 0.345
  upd 6505 | return   21.700 | deliv  21.70 | blocked  2.0% | idle  2.6% | ent 0.357
  upd 6506 | return   21.600 | deliv  21.60 | blocked  2.6% | idle  2.3% | ent 0.354
  upd 6507 | return   24.600 | deliv  24.60 | blocked  1.6% | idle  2.5% | ent 0.339
  upd 6508 | return   22.700 | deliv  22.70 | blocked  1.7% | idle  2.5% | ent 0.358
  upd 6509 | return   20.900 | deliv  20.90 | blocked  1.9% | idle  2.4% | ent 0.364
  upd 6510 | return   21.600 | deliv  21.60 | blocked  2.0% | idle  2.0% | ent 0.342
  upd 6511 | return   24.700 | deliv  24.70 | blocked  1.5% | idle  1.2% | ent 0.335
  upd 6512 | return   21.900 | deliv  21.90 | blocked  1.8% | idle  1.0% | ent 0.339
  upd 6513 | return   21.500 | deliv  21.50 | blocked  1.4% | idle  1.2% | ent 0.347
  upd 6514 | return   23.100 | deliv  23.10 | blocked  1.1% | idle  1.0% | ent 0.346
  upd 6515 | return   23.100 | deliv  23.10 | blocked  1.2% | idle  0.6% | ent 0.322
  upd 6516 | return   26.100 | deliv  26.10 | blocked  1.3% | idle  0.5% | ent 0.322
  upd 6517 | return   21.300 | deliv  21.30 | blocked  1.4% | idle  0.5% | ent 0.365
  upd 6518 | return   21.900 | deliv  21.90 | blocked  1.0% | idle  0.9% | ent 0.368
  upd 6519 | return   20.800 | deliv  20.80 | blocked  1.3% | idle  1.3% | ent 0.383
  upd 6520 | return   25.400 | deliv  25.40 | blocked  1.2% | idle  1.0% | ent 0.337
  upd 6521 | return   25.000 | deliv  25.00 | blocked  1.3% | idle  0.7% | ent 0.329
  upd 6522 | return   25.300 | deliv  25.30 | blocked  1.1% | idle  0.7% | ent 0.333
  upd 6523 | return   23.800 | deliv  23.80 | blocked  2.5% | idle  0.7% | ent 0.341
  upd 6524 | return   21.000 | deliv  21.00 | blocked  1.0% | idle  1.0% | ent 0.359
  upd 6525 | return   22.200 | deliv  22.20 | blocked  1.6% | idle  1.1% | ent 0.391
  upd 6526 | return   17.100 | deliv  17.10 | blocked  1.9% | idle  2.1% | ent 0.438
  upd 6527 | return   23.100 | deliv  23.10 | blocked  0.9% | idle  1.6% | ent 0.399
  upd 6528 | return   23.700 | deliv  23.70 | blocked  0.8% | idle  1.6% | ent 0.397
  upd 6529 | return   20.700 | deliv  20.70 | blocked  1.2% | idle  1.2% | ent 0.391
  upd 6530 | return   17.400 | deliv  17.40 | blocked  1.7% | idle  1.4% | ent 0.438
  upd 6531 | return   21.000 | deliv  21.00 | blocked  1.1% | idle  1.3% | ent 0.412
  upd 6532 | return   21.200 | deliv  21.20 | blocked  1.0% | idle  1.2% | ent 0.431
  upd 6533 | return   21.400 | deliv  21.40 | blocked  1.5% | idle  1.0% | ent 0.414
  upd 6534 | return   21.400 | deliv  21.40 | blocked  1.0% | idle  1.4% | ent 0.455
  upd 6535 | return   21.600 | deliv  21.60 | blocked  1.1% | idle  1.6% | ent 0.425
  upd 6536 | return   18.800 | deliv  18.80 | blocked  1.0% | idle  2.1% | ent 0.456
  upd 6537 | return   22.000 | deliv  22.00 | blocked  1.0% | idle  1.6% | ent 0.411
  upd 6538 | return   23.700 | deliv  23.70 | blocked  1.2% | idle  1.6% | ent 0.399
  upd 6539 | return   24.100 | deliv  24.10 | blocked  1.5% | idle  1.0% | ent 0.371
  upd 6540 | return   22.000 | deliv  22.00 | blocked  1.0% | idle  0.6% | ent 0.372
  upd 6541 | return   19.800 | deliv  19.80 | blocked  1.6% | idle  0.5% | ent 0.383
  upd 6542 | return   20.600 | deliv  20.60 | blocked  2.1% | idle  0.4% | ent 0.381
  upd 6543 | return   21.500 | deliv  21.50 | blocked  1.4% | idle  0.4% | ent 0.357
  upd 6544 | return   21.200 | deliv  21.20 | blocked  1.5% | idle  0.3% | ent 0.369
  upd 6545 | return   23.500 | deliv  23.50 | blocked  1.5% | idle  0.4% | ent 0.361
  upd 6546 | return   22.800 | deliv  22.80 | blocked  1.1% | idle  0.3% | ent 0.375
  upd 6547 | return   23.900 | deliv  23.90 | blocked  1.1% | idle  0.3% | ent 0.359
  upd 6548 | return   20.200 | deliv  20.20 | blocked  1.3% | idle  0.2% | ent 0.380
  upd 6549 | return   22.400 | deliv  22.40 | blocked  1.1% | idle  0.2% | ent 0.364
  upd 6550 | return   24.300 | deliv  24.30 | blocked  1.0% | idle  0.2% | ent 0.355
  upd 6551 | return   24.700 | deliv  24.70 | blocked  1.2% | idle  0.1% | ent 0.344
  upd 6552 | return   24.400 | deliv  24.40 | blocked  1.2% | idle  0.1% | ent 0.337
  upd 6553 | return   23.300 | deliv  23.30 | blocked  1.2% | idle  0.1% | ent 0.345
  upd 6554 | return   24.800 | deliv  24.80 | blocked  1.3% | idle  0.1% | ent 0.326
  upd 6555 | return   23.900 | deliv  23.90 | blocked  1.3% | idle  0.1% | ent 0.342
  upd 6556 | return   24.300 | deliv  24.30 | blocked  1.1% | idle  0.1% | ent 0.327
  upd 6557 | return   24.900 | deliv  24.90 | blocked  1.3% | idle  0.1% | ent 0.319
  upd 6558 | return   24.100 | deliv  24.10 | blocked  0.7% | idle  0.1% | ent 0.340
  upd 6559 | return   24.800 | deliv  24.80 | blocked  2.0% | idle  0.2% | ent 0.310
  upd 6560 | return   24.500 | deliv  24.50 | blocked  1.0% | idle  0.1% | ent 0.327
  upd 6561 | return   22.300 | deliv  22.30 | blocked  1.5% | idle  0.1% | ent 0.361
  upd 6562 | return   23.100 | deliv  23.10 | blocked  1.2% | idle  0.1% | ent 0.368
  upd 6563 | return   22.000 | deliv  22.00 | blocked  1.4% | idle  0.1% | ent 0.389
  upd 6564 | return   22.100 | deliv  22.10 | blocked  1.2% | idle  0.1% | ent 0.370
  upd 6565 | return   23.600 | deliv  23.60 | blocked  1.0% | idle  0.1% | ent 0.351
  upd 6566 | return   23.100 | deliv  23.10 | blocked  1.5% | idle  0.1% | ent 0.339
  upd 6567 | return   23.300 | deliv  23.30 | blocked  1.2% | idle  0.1% | ent 0.321
  upd 6568 | return   24.800 | deliv  24.80 | blocked  1.3% | idle  0.0% | ent 0.280
  upd 6569 | return   25.800 | deliv  25.80 | blocked  1.9% | idle  0.0% | ent 0.275
  upd 6570 | return   24.600 | deliv  24.60 | blocked  1.6% | idle  0.1% | ent 0.270
  upd 6571 | return   23.800 | deliv  23.80 | blocked  1.4% | idle  0.1% | ent 0.267
  upd 6572 | return   24.300 | deliv  24.30 | blocked  1.5% | idle  0.1% | ent 0.260
  upd 6573 | return   21.700 | deliv  21.70 | blocked  1.4% | idle  0.1% | ent 0.279
  upd 6574 | return   25.300 | deliv  25.30 | blocked  1.6% | idle  0.1% | ent 0.282
  upd 6575 | return   24.400 | deliv  24.40 | blocked  1.6% | idle  0.1% | ent 0.282
  upd 6576 | return   27.600 | deliv  27.60 | blocked  1.8% | idle  0.1% | ent 0.269
  upd 6577 | return   22.000 | deliv  22.00 | blocked  1.5% | idle  0.1% | ent 0.291
  upd 6578 | return   26.600 | deliv  26.60 | blocked  2.1% | idle  0.1% | ent 0.271
  upd 6579 | return   24.700 | deliv  24.70 | blocked  1.8% | idle  0.1% | ent 0.289
  upd 6580 | return   26.200 | deliv  26.20 | blocked  1.9% | idle  0.1% | ent 0.276
  upd 6581 | return   26.900 | deliv  26.90 | blocked  1.8% | idle  0.1% | ent 0.286
  upd 6582 | return   26.800 | deliv  26.80 | blocked  1.8% | idle  0.1% | ent 0.268
  upd 6583 | return   26.700 | deliv  26.70 | blocked  1.4% | idle  0.1% | ent 0.284
  upd 6584 | return   21.700 | deliv  21.70 | blocked  1.3% | idle  0.2% | ent 0.306
  upd 6585 | return   25.400 | deliv  25.40 | blocked  1.1% | idle  0.1% | ent 0.292
  upd 6586 | return   23.300 | deliv  23.30 | blocked  1.1% | idle  0.1% | ent 0.304
  upd 6587 | return   22.700 | deliv  22.70 | blocked  1.3% | idle  0.2% | ent 0.307
  upd 6588 | return   20.400 | deliv  20.40 | blocked  1.5% | idle  0.2% | ent 0.315
  upd 6589 | return   24.000 | deliv  24.00 | blocked  1.6% | idle  0.1% | ent 0.300
  upd 6590 | return   23.100 | deliv  23.10 | blocked  1.9% | idle  0.2% | ent 0.288
  upd 6591 | return   23.100 | deliv  23.10 | blocked  1.5% | idle  0.1% | ent 0.301
  upd 6592 | return   22.600 | deliv  22.60 | blocked  2.5% | idle  0.1% | ent 0.296
  upd 6593 | return   24.800 | deliv  24.80 | blocked  1.9% | idle  0.0% | ent 0.289
  upd 6594 | return   23.200 | deliv  23.20 | blocked  2.5% | idle  0.1% | ent 0.293
  upd 6595 | return   24.600 | deliv  24.60 | blocked  2.0% | idle  0.1% | ent 0.299
  upd 6596 | return   25.200 | deliv  25.20 | blocked  2.1% | idle  0.1% | ent 0.296
  upd 6597 | return   23.900 | deliv  23.90 | blocked  3.0% | idle  0.1% | ent 0.305
  upd 6598 | return   22.500 | deliv  22.50 | blocked  3.0% | idle  0.2% | ent 0.305
  upd 6599 | return   19.900 | deliv  19.90 | blocked  5.5% | idle  0.1% | ent 0.295
  [replay @ update 6600] return 18.00  deliveries 18  -> runs/mappo_evo_tiny-4ag_seed2/replays/replay_upd006600_s0.npz
  upd 6600 | return   24.400 | deliv  24.40 | blocked  1.9% | idle  0.1% | ent 0.282
  upd 6601 | return   23.700 | deliv  23.70 | blocked  2.2% | idle  0.1% | ent 0.285
  upd 6602 | return   23.600 | deliv  23.60 | blocked  2.0% | idle  0.1% | ent 0.296
  upd 6603 | return   20.400 | deliv  20.40 | blocked  2.1% | idle  0.1% | ent 0.300
  upd 6604 | return   21.900 | deliv  21.90 | blocked  1.7% | idle  0.0% | ent 0.302
  upd 6605 | return   24.800 | deliv  24.80 | blocked  1.4% | idle  0.0% | ent 0.296
  upd 6606 | return   24.700 | deliv  24.70 | blocked  1.5% | idle  0.0% | ent 0.300
  upd 6607 | return   22.500 | deliv  22.50 | blocked  1.6% | idle  0.0% | ent 0.299
  upd 6608 | return   24.000 | deliv  24.00 | blocked  1.5% | idle  0.1% | ent 0.300
  upd 6609 | return   22.900 | deliv  22.90 | blocked  1.3% | idle  0.1% | ent 0.302
  upd 6610 | return   20.500 | deliv  20.50 | blocked  1.7% | idle  0.1% | ent 0.326
  upd 6611 | return   22.000 | deliv  22.00 | blocked  1.4% | idle  0.1% | ent 0.315
  upd 6612 | return   24.200 | deliv  24.20 | blocked  1.6% | idle  0.0% | ent 0.320
  upd 6613 | return   19.300 | deliv  19.30 | blocked  2.0% | idle  0.1% | ent 0.333
  upd 6614 | return   22.000 | deliv  22.00 | blocked  2.1% | idle  0.1% | ent 0.314
  upd 6615 | return   20.100 | deliv  20.10 | blocked  1.8% | idle  0.2% | ent 0.328
  upd 6616 | return   24.600 | deliv  24.60 | blocked  1.1% | idle  0.2% | ent 0.330
  upd 6617 | return   21.900 | deliv  21.90 | blocked  1.9% | idle  0.2% | ent 0.342
  upd 6618 | return   22.500 | deliv  22.50 | blocked  1.4% | idle  0.1% | ent 0.337
  upd 6619 | return   21.500 | deliv  21.50 | blocked  1.6% | idle  0.1% | ent 0.327
  upd 6620 | return   21.500 | deliv  21.50 | blocked  1.3% | idle  0.1% | ent 0.329
  upd 6621 | return   24.000 | deliv  24.00 | blocked  1.6% | idle  0.1% | ent 0.329
  upd 6622 | return   20.400 | deliv  20.40 | blocked  1.8% | idle  0.1% | ent 0.333
  upd 6623 | return   21.400 | deliv  21.40 | blocked  1.3% | idle  0.1% | ent 0.324
  upd 6624 | return   22.100 | deliv  22.10 | blocked  1.2% | idle  0.1% | ent 0.324
  upd 6625 | return   20.600 | deliv  20.60 | blocked  1.1% | idle  0.1% | ent 0.335
  upd 6626 | return   20.900 | deliv  20.90 | blocked  1.7% | idle  0.1% | ent 0.339
  upd 6627 | return   19.700 | deliv  19.70 | blocked  1.0% | idle  0.2% | ent 0.355
  upd 6628 | return   20.100 | deliv  20.10 | blocked  1.1% | idle  0.1% | ent 0.359
  upd 6629 | return   22.900 | deliv  22.90 | blocked  1.0% | idle  0.2% | ent 0.328
  upd 6630 | return   21.200 | deliv  21.20 | blocked  1.2% | idle  0.1% | ent 0.349
  upd 6631 | return   20.800 | deliv  20.80 | blocked  1.0% | idle  0.2% | ent 0.344
  upd 6632 | return   20.800 | deliv  20.80 | blocked  1.1% | idle  0.1% | ent 0.334
  upd 6633 | return   18.800 | deliv  18.80 | blocked  1.2% | idle  0.1% | ent 0.344
  upd 6634 | return   19.300 | deliv  19.30 | blocked  1.2% | idle  0.1% | ent 0.326
  upd 6635 | return   20.600 | deliv  20.60 | blocked  1.2% | idle  0.1% | ent 0.319
  upd 6636 | return   22.200 | deliv  22.20 | blocked  1.3% | idle  0.1% | ent 0.306
  upd 6637 | return   24.200 | deliv  24.20 | blocked  1.0% | idle  0.1% | ent 0.299
  upd 6638 | return   18.800 | deliv  18.80 | blocked  1.4% | idle  0.1% | ent 0.316
  upd 6639 | return   19.200 | deliv  19.20 | blocked  4.6% | idle  0.1% | ent 0.313
  upd 6640 | return   22.300 | deliv  22.30 | blocked  1.4% | idle  0.1% | ent 0.285
  upd 6641 | return   22.800 | deliv  22.80 | blocked  1.1% | idle  0.1% | ent 0.291
  upd 6642 | return   20.300 | deliv  20.30 | blocked  1.3% | idle  0.1% | ent 0.303
  upd 6643 | return   20.700 | deliv  20.70 | blocked  1.4% | idle  0.1% | ent 0.297
  upd 6644 | return   20.600 | deliv  20.60 | blocked  1.2% | idle  0.1% | ent 0.293
  upd 6645 | return   21.200 | deliv  21.20 | blocked  1.4% | idle  0.1% | ent 0.289
  upd 6646 | return   20.700 | deliv  20.70 | blocked  1.6% | idle  0.1% | ent 0.279
  upd 6647 | return   19.100 | deliv  19.10 | blocked  1.1% | idle  0.1% | ent 0.287
  upd 6648 | return   24.400 | deliv  24.40 | blocked  1.1% | idle  0.1% | ent 0.276
  upd 6649 | return   21.500 | deliv  21.50 | blocked  1.6% | idle  0.1% | ent 0.278
  upd 6650 | return   19.700 | deliv  19.70 | blocked  1.3% | idle  0.1% | ent 0.288
  upd 6651 | return   22.700 | deliv  22.70 | blocked  1.3% | idle  0.1% | ent 0.274
  upd 6652 | return   17.800 | deliv  17.80 | blocked  1.0% | idle  0.0% | ent 0.297
  upd 6653 | return   21.800 | deliv  21.80 | blocked  1.0% | idle  0.1% | ent 0.281
  upd 6654 | return   20.400 | deliv  20.40 | blocked  1.0% | idle  0.1% | ent 0.283
  upd 6655 | return   21.900 | deliv  21.90 | blocked  1.1% | idle  0.1% | ent 0.293
  upd 6656 | return   19.900 | deliv  19.90 | blocked  1.2% | idle  0.1% | ent 0.305
  upd 6657 | return   18.800 | deliv  18.80 | blocked  0.8% | idle  0.1% | ent 0.320
  upd 6658 | return   20.900 | deliv  20.90 | blocked  0.9% | idle  0.0% | ent 0.301
  upd 6659 | return   18.100 | deliv  18.10 | blocked  0.8% | idle  0.0% | ent 0.309
  upd 6660 | return   21.400 | deliv  21.40 | blocked  0.9% | idle  0.1% | ent 0.293
  upd 6661 | return   22.300 | deliv  22.30 | blocked  1.0% | idle  0.1% | ent 0.306
  upd 6662 | return   21.100 | deliv  21.10 | blocked  0.9% | idle  0.1% | ent 0.313
  upd 6663 | return   20.000 | deliv  20.00 | blocked  1.1% | idle  0.1% | ent 0.316
  upd 6664 | return   19.300 | deliv  19.30 | blocked  1.4% | idle  0.1% | ent 0.315
  upd 6665 | return   21.600 | deliv  21.60 | blocked  1.6% | idle  0.1% | ent 0.313
  upd 6666 | return   20.500 | deliv  20.50 | blocked  1.4% | idle  0.1% | ent 0.320
  upd 6667 | return   18.200 | deliv  18.20 | blocked  1.6% | idle  0.1% | ent 0.339
  upd 6668 | return   22.100 | deliv  22.10 | blocked  2.0% | idle  0.1% | ent 0.302
  upd 6669 | return   20.300 | deliv  20.30 | blocked  1.8% | idle  0.1% | ent 0.300
  upd 6670 | return   20.200 | deliv  20.20 | blocked  2.0% | idle  0.1% | ent 0.301
  upd 6671 | return   18.500 | deliv  18.50 | blocked  1.5% | idle  0.0% | ent 0.321
  upd 6672 | return   20.000 | deliv  20.00 | blocked  1.7% | idle  0.0% | ent 0.316
  upd 6673 | return   21.300 | deliv  21.30 | blocked  1.5% | idle  0.1% | ent 0.306
  upd 6674 | return   19.600 | deliv  19.60 | blocked  1.5% | idle  0.1% | ent 0.320
  upd 6675 | return   20.900 | deliv  20.90 | blocked  1.5% | idle  0.0% | ent 0.319
  upd 6676 | return   20.600 | deliv  20.60 | blocked  2.2% | idle  0.1% | ent 0.314
  upd 6677 | return   21.800 | deliv  21.80 | blocked  2.7% | idle  0.0% | ent 0.308
  upd 6678 | return   17.700 | deliv  17.70 | blocked  4.0% | idle  0.1% | ent 0.335
  upd 6679 | return   18.100 | deliv  18.10 | blocked  2.6% | idle  0.1% | ent 0.321
  upd 6680 | return   21.200 | deliv  21.20 | blocked  3.3% | idle  0.1% | ent 0.302
  upd 6681 | return   18.300 | deliv  18.30 | blocked  4.4% | idle  0.1% | ent 0.319
  upd 6682 | return   20.200 | deliv  20.20 | blocked  4.2% | idle  0.1% | ent 0.306
  upd 6683 | return   21.400 | deliv  21.40 | blocked  3.1% | idle  0.1% | ent 0.306
  upd 6684 | return   19.600 | deliv  19.60 | blocked  4.1% | idle  0.2% | ent 0.326
  upd 6685 | return   18.200 | deliv  18.20 | blocked  3.2% | idle  0.2% | ent 0.340
  upd 6686 | return   21.900 | deliv  21.90 | blocked  2.1% | idle  0.2% | ent 0.316
  upd 6687 | return   24.200 | deliv  24.20 | blocked  2.1% | idle  0.2% | ent 0.299
  upd 6688 | return   22.700 | deliv  22.70 | blocked  2.2% | idle  0.2% | ent 0.315
  upd 6689 | return   22.500 | deliv  22.50 | blocked  1.5% | idle  0.2% | ent 0.318
  upd 6690 | return   22.100 | deliv  22.10 | blocked  1.9% | idle  0.1% | ent 0.299
  upd 6691 | return   24.600 | deliv  24.60 | blocked  2.7% | idle  0.1% | ent 0.285
  upd 6692 | return   22.400 | deliv  22.40 | blocked  2.6% | idle  0.1% | ent 0.310
  upd 6693 | return   20.400 | deliv  20.40 | blocked  2.6% | idle  0.2% | ent 0.328
  upd 6694 | return   22.700 | deliv  22.70 | blocked  2.6% | idle  0.2% | ent 0.293
  upd 6695 | return   25.200 | deliv  25.20 | blocked  2.2% | idle  0.2% | ent 0.284
  upd 6696 | return   22.600 | deliv  22.60 | blocked  2.2% | idle  0.1% | ent 0.302
  upd 6697 | return   25.200 | deliv  25.20 | blocked  1.8% | idle  0.1% | ent 0.287
  upd 6698 | return   23.300 | deliv  23.30 | blocked  2.0% | idle  0.2% | ent 0.297
  upd 6699 | return   21.600 | deliv  21.60 | blocked  2.6% | idle  0.2% | ent 0.315
  [replay @ update 6700] return 19.00  deliveries 19  -> runs/mappo_evo_tiny-4ag_seed2/replays/replay_upd006700_s0.npz
  upd 6700 | return   25.400 | deliv  25.40 | blocked  2.2% | idle  0.2% | ent 0.291
  upd 6701 | return   22.600 | deliv  22.60 | blocked  3.0% | idle  0.2% | ent 0.313
  upd 6702 | return   25.900 | deliv  25.90 | blocked  1.9% | idle  0.2% | ent 0.309
  upd 6703 | return   24.200 | deliv  24.20 | blocked  1.3% | idle  0.2% | ent 0.297
  upd 6704 | return   23.100 | deliv  23.10 | blocked  1.9% | idle  0.2% | ent 0.300
  upd 6705 | return   25.000 | deliv  25.00 | blocked  1.7% | idle  0.2% | ent 0.290
  upd 6706 | return   24.100 | deliv  24.10 | blocked  1.9% | idle  0.1% | ent 0.303
  upd 6707 | return   22.600 | deliv  22.60 | blocked  1.9% | idle  0.2% | ent 0.314
  upd 6708 | return   26.000 | deliv  26.00 | blocked  2.3% | idle  0.2% | ent 0.299
  upd 6709 | return   23.600 | deliv  23.60 | blocked  2.4% | idle  0.1% | ent 0.310
  upd 6710 | return   24.200 | deliv  24.20 | blocked  2.4% | idle  0.1% | ent 0.297
  upd 6711 | return   23.400 | deliv  23.40 | blocked  1.9% | idle  0.1% | ent 0.302
  upd 6712 | return   24.000 | deliv  24.00 | blocked  1.6% | idle  0.1% | ent 0.294
  upd 6713 | return   23.000 | deliv  23.00 | blocked  2.1% | idle  0.2% | ent 0.327
  upd 6714 | return   24.500 | deliv  24.50 | blocked  1.8% | idle  0.1% | ent 0.303
  upd 6715 | return   23.400 | deliv  23.40 | blocked  3.2% | idle  0.1% | ent 0.310
  upd 6716 | return   23.300 | deliv  23.30 | blocked  2.3% | idle  0.1% | ent 0.301
  upd 6717 | return   24.500 | deliv  24.50 | blocked  1.8% | idle  0.1% | ent 0.303
  upd 6718 | return   21.000 | deliv  21.00 | blocked  2.1% | idle  0.2% | ent 0.317
  upd 6719 | return   25.400 | deliv  25.40 | blocked  3.1% | idle  0.1% | ent 0.277
  upd 6720 | return   23.800 | deliv  23.80 | blocked  1.7% | idle  0.2% | ent 0.295
  upd 6721 | return   21.700 | deliv  21.70 | blocked  2.5% | idle  0.1% | ent 0.306
  upd 6722 | return   25.600 | deliv  25.60 | blocked  1.6% | idle  0.2% | ent 0.271
  upd 6723 | return   20.500 | deliv  20.50 | blocked  2.4% | idle  0.2% | ent 0.303
  upd 6724 | return   23.300 | deliv  23.30 | blocked  2.7% | idle  0.2% | ent 0.280
  upd 6725 | return   23.500 | deliv  23.50 | blocked  2.7% | idle  0.1% | ent 0.283
  upd 6726 | return   23.200 | deliv  23.20 | blocked  3.6% | idle  0.2% | ent 0.273
  upd 6727 | return   18.000 | deliv  18.00 | blocked  3.4% | idle  0.2% | ent 0.289
  upd 6728 | return   22.000 | deliv  22.00 | blocked  2.6% | idle  0.2% | ent 0.279
  upd 6729 | return   24.000 | deliv  24.00 | blocked  2.5% | idle  0.1% | ent 0.283
  upd 6730 | return   20.700 | deliv  20.70 | blocked  3.0% | idle  0.2% | ent 0.287
  upd 6731 | return   21.200 | deliv  21.20 | blocked  2.2% | idle  0.2% | ent 0.294
  upd 6732 | return   21.400 | deliv  21.40 | blocked  1.7% | idle  0.1% | ent 0.308
  upd 6733 | return   19.700 | deliv  19.70 | blocked  1.9% | idle  0.2% | ent 0.329
  upd 6734 | return   24.800 | deliv  24.80 | blocked  1.6% | idle  0.1% | ent 0.292
  upd 6735 | return   23.100 | deliv  23.10 | blocked  1.6% | idle  0.1% | ent 0.309
  upd 6736 | return   23.500 | deliv  23.50 | blocked  1.6% | idle  0.1% | ent 0.293
  upd 6737 | return   24.700 | deliv  24.70 | blocked  1.4% | idle  0.1% | ent 0.280
  upd 6738 | return   21.800 | deliv  21.80 | blocked  1.7% | idle  0.1% | ent 0.294
  upd 6739 | return   24.900 | deliv  24.90 | blocked  1.7% | idle  0.1% | ent 0.293
  upd 6740 | return   23.700 | deliv  23.70 | blocked  2.0% | idle  0.1% | ent 0.276
  upd 6741 | return   24.700 | deliv  24.70 | blocked  1.6% | idle  0.1% | ent 0.291
  upd 6742 | return   24.300 | deliv  24.30 | blocked  1.2% | idle  0.1% | ent 0.287
  upd 6743 | return   24.300 | deliv  24.30 | blocked  1.1% | idle  0.1% | ent 0.297
  upd 6744 | return   25.500 | deliv  25.50 | blocked  0.8% | idle  0.1% | ent 0.289
  upd 6745 | return   24.000 | deliv  24.00 | blocked  1.1% | idle  0.1% | ent 0.287
  upd 6746 | return   24.200 | deliv  24.20 | blocked  1.2% | idle  0.1% | ent 0.288
  upd 6747 | return   25.100 | deliv  25.10 | blocked  1.0% | idle  0.1% | ent 0.279
  upd 6748 | return   24.000 | deliv  24.00 | blocked  1.1% | idle  0.1% | ent 0.280
  upd 6749 | return   25.900 | deliv  25.90 | blocked  1.2% | idle  0.1% | ent 0.271
  upd 6750 | return   22.900 | deliv  22.90 | blocked  1.2% | idle  0.1% | ent 0.259
  upd 6751 | return   29.700 | deliv  29.70 | blocked  1.3% | idle  0.0% | ent 0.228
  upd 6752 | return   24.100 | deliv  24.10 | blocked  1.4% | idle  0.0% | ent 0.256
  upd 6753 | return   24.100 | deliv  24.10 | blocked  1.1% | idle  0.0% | ent 0.267
  upd 6754 | return   23.400 | deliv  23.40 | blocked  1.3% | idle  0.0% | ent 0.276
  upd 6755 | return   23.200 | deliv  23.20 | blocked  2.6% | idle  0.0% | ent 0.270
  upd 6756 | return   26.700 | deliv  26.70 | blocked  1.4% | idle  0.0% | ent 0.239
  upd 6757 | return   26.700 | deliv  26.70 | blocked  1.4% | idle  0.0% | ent 0.231
  upd 6758 | return   25.600 | deliv  25.60 | blocked  1.4% | idle  0.0% | ent 0.242
  upd 6759 | return   25.200 | deliv  25.20 | blocked  1.4% | idle  0.0% | ent 0.235
  upd 6760 | return   27.200 | deliv  27.20 | blocked  1.1% | idle  0.0% | ent 0.234
  upd 6761 | return   24.100 | deliv  24.10 | blocked  1.2% | idle  0.0% | ent 0.267
  upd 6762 | return   25.400 | deliv  25.40 | blocked  1.2% | idle  0.0% | ent 0.261
  upd 6763 | return   24.300 | deliv  24.30 | blocked  1.5% | idle  0.0% | ent 0.255
  upd 6764 | return   24.900 | deliv  24.90 | blocked  1.2% | idle  0.0% | ent 0.263
  upd 6765 | return   26.400 | deliv  26.40 | blocked  1.0% | idle  0.1% | ent 0.263
  upd 6766 | return   26.400 | deliv  26.40 | blocked  1.1% | idle  0.0% | ent 0.266
  upd 6767 | return   26.400 | deliv  26.40 | blocked  1.4% | idle  0.0% | ent 0.283
  upd 6768 | return   24.200 | deliv  24.20 | blocked  1.6% | idle  0.0% | ent 0.294
  upd 6769 | return   24.800 | deliv  24.80 | blocked  1.4% | idle  0.0% | ent 0.291
  upd 6770 | return   25.600 | deliv  25.60 | blocked  1.9% | idle  0.1% | ent 0.271
  upd 6771 | return   24.000 | deliv  24.00 | blocked  2.4% | idle  0.0% | ent 0.277
  upd 6772 | return   23.600 | deliv  23.60 | blocked  1.1% | idle  0.1% | ent 0.261
  upd 6773 | return   26.000 | deliv  26.00 | blocked  1.5% | idle  0.0% | ent 0.270
  upd 6774 | return   23.500 | deliv  23.50 | blocked  1.4% | idle  0.1% | ent 0.263
  upd 6775 | return   27.600 | deliv  27.60 | blocked  1.1% | idle  0.0% | ent 0.254
  upd 6776 | return   24.400 | deliv  24.40 | blocked  0.9% | idle  0.0% | ent 0.281
  upd 6777 | return   26.200 | deliv  26.20 | blocked  1.1% | idle  0.1% | ent 0.248
  upd 6778 | return   24.500 | deliv  24.50 | blocked  1.2% | idle  0.1% | ent 0.273
  upd 6779 | return   27.400 | deliv  27.40 | blocked  1.0% | idle  0.0% | ent 0.259
  upd 6780 | return   24.800 | deliv  24.80 | blocked  1.1% | idle  0.0% | ent 0.255
  upd 6781 | return   25.400 | deliv  25.40 | blocked  0.9% | idle  0.1% | ent 0.260
  upd 6782 | return   26.100 | deliv  26.10 | blocked  1.1% | idle  0.0% | ent 0.274
  upd 6783 | return   22.600 | deliv  22.60 | blocked  1.0% | idle  0.0% | ent 0.287
  upd 6784 | return   26.100 | deliv  26.10 | blocked  1.1% | idle  0.0% | ent 0.261
  upd 6785 | return   23.300 | deliv  23.30 | blocked  1.1% | idle  0.1% | ent 0.281
  upd 6786 | return   23.600 | deliv  23.60 | blocked  1.2% | idle  0.0% | ent 0.297
  upd 6787 | return   25.900 | deliv  25.90 | blocked  1.1% | idle  0.0% | ent 0.286
  upd 6788 | return   25.900 | deliv  25.90 | blocked  1.4% | idle  0.0% | ent 0.285
  upd 6789 | return   21.100 | deliv  21.10 | blocked  1.3% | idle  0.0% | ent 0.296
  upd 6790 | return   22.500 | deliv  22.50 | blocked  1.6% | idle  0.0% | ent 0.287
  upd 6791 | return   26.500 | deliv  26.50 | blocked  1.1% | idle  0.1% | ent 0.263
  upd 6792 | return   23.000 | deliv  23.00 | blocked  1.2% | idle  0.0% | ent 0.264
  upd 6793 | return   23.700 | deliv  23.70 | blocked  1.3% | idle  0.0% | ent 0.266
  upd 6794 | return   26.100 | deliv  26.10 | blocked  1.4% | idle  0.0% | ent 0.265
  upd 6795 | return   23.400 | deliv  23.40 | blocked  1.3% | idle  0.0% | ent 0.270
  upd 6796 | return   22.600 | deliv  22.60 | blocked  1.7% | idle  0.0% | ent 0.259
  upd 6797 | return   24.700 | deliv  24.70 | blocked  1.5% | idle  0.0% | ent 0.266
  upd 6798 | return   26.300 | deliv  26.30 | blocked  1.4% | idle  0.0% | ent 0.256
  upd 6799 | return   24.000 | deliv  24.00 | blocked  1.6% | idle  0.1% | ent 0.255
  [replay @ update 6800] return 27.00  deliveries 27  -> runs/mappo_evo_tiny-4ag_seed2/replays/replay_upd006800_s0.npz
  upd 6800 | return   21.200 | deliv  21.20 | blocked  1.6% | idle  0.0% | ent 0.272
  upd 6801 | return   22.800 | deliv  22.80 | blocked  1.6% | idle  0.1% | ent 0.265
  upd 6802 | return   25.100 | deliv  25.10 | blocked  2.2% | idle  0.0% | ent 0.247
  upd 6803 | return   23.300 | deliv  23.30 | blocked  1.2% | idle  0.1% | ent 0.254
  upd 6804 | return   22.500 | deliv  22.50 | blocked  1.6% | idle  0.1% | ent 0.263
  upd 6805 | return   23.900 | deliv  23.90 | blocked  1.4% | idle  0.0% | ent 0.261
  upd 6806 | return   23.200 | deliv  23.20 | blocked  1.4% | idle  0.0% | ent 0.269
  upd 6807 | return   24.900 | deliv  24.90 | blocked  1.4% | idle  0.1% | ent 0.247
  upd 6808 | return   21.900 | deliv  21.90 | blocked  1.2% | idle  0.1% | ent 0.249
  upd 6809 | return   23.200 | deliv  23.20 | blocked  1.6% | idle  0.1% | ent 0.253
  upd 6810 | return   22.600 | deliv  22.60 | blocked  1.4% | idle  0.1% | ent 0.262
  upd 6811 | return   21.300 | deliv  21.30 | blocked  1.7% | idle  0.1% | ent 0.256
  upd 6812 | return   20.700 | deliv  20.70 | blocked  6.6% | idle  0.1% | ent 0.283
  upd 6813 | return   23.300 | deliv  23.30 | blocked  2.1% | idle  0.0% | ent 0.261
  upd 6814 | return   20.900 | deliv  20.90 | blocked  6.1% | idle  0.0% | ent 0.302
  upd 6815 | return   25.300 | deliv  25.30 | blocked  2.2% | idle  0.0% | ent 0.268
  upd 6816 | return   20.700 | deliv  20.70 | blocked  5.2% | idle  0.0% | ent 0.312
  upd 6817 | return   22.200 | deliv  22.20 | blocked  2.0% | idle  0.1% | ent 0.308
  upd 6818 | return   24.400 | deliv  24.40 | blocked  3.0% | idle  0.1% | ent 0.298
  upd 6819 | return   23.000 | deliv  23.00 | blocked  1.8% | idle  0.0% | ent 0.299
  upd 6820 | return   23.000 | deliv  23.00 | blocked  1.4% | idle  0.0% | ent 0.294
  upd 6821 | return   24.100 | deliv  24.10 | blocked  1.5% | idle  0.1% | ent 0.299
  upd 6822 | return   23.000 | deliv  23.00 | blocked  1.5% | idle  0.0% | ent 0.304
  upd 6823 | return   19.400 | deliv  19.40 | blocked  1.4% | idle  0.0% | ent 0.318
  upd 6824 | return   23.800 | deliv  23.80 | blocked  1.2% | idle  0.0% | ent 0.301
  upd 6825 | return   23.900 | deliv  23.90 | blocked  1.7% | idle  0.0% | ent 0.293
  upd 6826 | return   22.700 | deliv  22.70 | blocked  1.1% | idle  0.0% | ent 0.295
  upd 6827 | return   22.200 | deliv  22.20 | blocked  1.1% | idle  0.0% | ent 0.301
  upd 6828 | return   25.300 | deliv  25.30 | blocked  1.0% | idle  0.0% | ent 0.291
  upd 6829 | return   22.700 | deliv  22.70 | blocked  1.3% | idle  0.0% | ent 0.291
  upd 6830 | return   22.200 | deliv  22.20 | blocked  1.1% | idle  0.0% | ent 0.304
  upd 6831 | return   23.600 | deliv  23.60 | blocked  1.2% | idle  0.0% | ent 0.299
  upd 6832 | return   21.700 | deliv  21.70 | blocked  2.0% | idle  0.0% | ent 0.299
  upd 6833 | return   20.600 | deliv  20.60 | blocked  1.2% | idle  0.0% | ent 0.299
  upd 6834 | return   24.600 | deliv  24.60 | blocked  1.4% | idle  0.0% | ent 0.293
  upd 6835 | return   23.300 | deliv  23.30 | blocked  1.8% | idle  0.0% | ent 0.290
  upd 6836 | return   25.900 | deliv  25.90 | blocked  1.8% | idle  0.0% | ent 0.288
  upd 6837 | return   22.000 | deliv  22.00 | blocked  1.5% | idle  0.0% | ent 0.299
  upd 6838 | return   25.500 | deliv  25.50 | blocked  1.6% | idle  0.0% | ent 0.261
  upd 6839 | return   26.400 | deliv  26.40 | blocked  1.5% | idle  0.0% | ent 0.273
  upd 6840 | return   25.500 | deliv  25.50 | blocked  1.8% | idle  0.0% | ent 0.273
  upd 6841 | return   27.300 | deliv  27.30 | blocked  1.5% | idle  0.0% | ent 0.260
  upd 6842 | return   25.400 | deliv  25.40 | blocked  1.4% | idle  0.0% | ent 0.265
  upd 6843 | return   24.300 | deliv  24.30 | blocked  1.1% | idle  0.0% | ent 0.284
  upd 6844 | return   22.200 | deliv  22.20 | blocked  1.4% | idle  0.0% | ent 0.299
  upd 6845 | return   23.000 | deliv  23.00 | blocked  1.3% | idle  0.0% | ent 0.291
  upd 6846 | return   24.200 | deliv  24.20 | blocked  1.2% | idle  0.0% | ent 0.285
  upd 6847 | return   24.200 | deliv  24.20 | blocked  1.0% | idle  0.0% | ent 0.270
  upd 6848 | return   23.900 | deliv  23.90 | blocked  1.5% | idle  0.0% | ent 0.272
  upd 6849 | return   25.600 | deliv  25.60 | blocked  1.2% | idle  0.0% | ent 0.275
  upd 6850 | return   24.200 | deliv  24.20 | blocked  1.5% | idle  0.0% | ent 0.273
  upd 6851 | return   23.800 | deliv  23.80 | blocked  1.8% | idle  0.0% | ent 0.261
  upd 6852 | return   26.900 | deliv  26.90 | blocked  1.0% | idle  0.0% | ent 0.258
  upd 6853 | return   24.200 | deliv  24.20 | blocked  1.1% | idle  0.1% | ent 0.272
  upd 6854 | return   23.300 | deliv  23.30 | blocked  1.4% | idle  0.0% | ent 0.272
  upd 6855 | return   24.100 | deliv  24.10 | blocked  0.9% | idle  0.1% | ent 0.269
  upd 6856 | return   26.100 | deliv  26.10 | blocked  1.0% | idle  0.0% | ent 0.257
  upd 6857 | return   23.700 | deliv  23.70 | blocked  1.0% | idle  0.0% | ent 0.265
  upd 6858 | return   26.400 | deliv  26.40 | blocked  1.0% | idle  0.0% | ent 0.267
  upd 6859 | return   24.200 | deliv  24.20 | blocked  1.4% | idle  0.0% | ent 0.276
  upd 6860 | return   25.700 | deliv  25.70 | blocked  1.2% | idle  0.0% | ent 0.271
  upd 6861 | return   26.200 | deliv  26.20 | blocked  1.2% | idle  0.0% | ent 0.268
  upd 6862 | return   25.600 | deliv  25.60 | blocked  1.3% | idle  0.0% | ent 0.271
  upd 6863 | return   29.300 | deliv  29.30 | blocked  1.0% | idle  0.0% | ent 0.261
  upd 6864 | return   25.400 | deliv  25.40 | blocked  1.0% | idle  0.0% | ent 0.274
  upd 6865 | return   24.700 | deliv  24.70 | blocked  1.0% | idle  0.0% | ent 0.278
  upd 6866 | return   23.100 | deliv  23.10 | blocked  0.9% | idle  0.0% | ent 0.292
  upd 6867 | return   25.500 | deliv  25.50 | blocked  1.0% | idle  0.0% | ent 0.299
  upd 6868 | return   24.100 | deliv  24.10 | blocked  1.3% | idle  0.0% | ent 0.300
  upd 6869 | return   21.400 | deliv  21.40 | blocked  1.3% | idle  0.0% | ent 0.321
  upd 6870 | return   23.100 | deliv  23.10 | blocked  1.6% | idle  0.0% | ent 0.295
  upd 6871 | return   22.500 | deliv  22.50 | blocked  1.2% | idle  0.1% | ent 0.310
  upd 6872 | return   22.800 | deliv  22.80 | blocked  1.5% | idle  0.0% | ent 0.296
  upd 6873 | return   24.200 | deliv  24.20 | blocked  1.1% | idle  0.1% | ent 0.293
  upd 6874 | return   24.600 | deliv  24.60 | blocked  1.3% | idle  0.0% | ent 0.288
  upd 6875 | return   24.400 | deliv  24.40 | blocked  1.5% | idle  0.0% | ent 0.298
  upd 6876 | return   23.000 | deliv  23.00 | blocked  1.2% | idle  0.0% | ent 0.305
  upd 6877 | return   25.000 | deliv  25.00 | blocked  1.3% | idle  0.0% | ent 0.297
  upd 6878 | return   25.800 | deliv  25.80 | blocked  1.3% | idle  0.0% | ent 0.288
  upd 6879 | return   23.300 | deliv  23.30 | blocked  1.2% | idle  0.0% | ent 0.304
  upd 6880 | return   23.300 | deliv  23.30 | blocked  1.0% | idle  0.0% | ent 0.304
  upd 6881 | return   24.100 | deliv  24.10 | blocked  1.1% | idle  0.0% | ent 0.308
  upd 6882 | return   25.300 | deliv  25.30 | blocked  0.9% | idle  0.0% | ent 0.300
  upd 6883 | return   22.400 | deliv  22.40 | blocked  1.3% | idle  0.0% | ent 0.312
  upd 6884 | return   25.300 | deliv  25.30 | blocked  0.9% | idle  0.0% | ent 0.288
  upd 6885 | return   23.700 | deliv  23.70 | blocked  1.1% | idle  0.0% | ent 0.305
  upd 6886 | return   24.200 | deliv  24.20 | blocked  0.8% | idle  0.1% | ent 0.296
  upd 6887 | return   25.400 | deliv  25.40 | blocked  0.8% | idle  0.1% | ent 0.302
  upd 6888 | return   23.800 | deliv  23.80 | blocked  0.8% | idle  0.0% | ent 0.299
  upd 6889 | return   21.600 | deliv  21.60 | blocked  0.9% | idle  0.0% | ent 0.316
  upd 6890 | return   22.600 | deliv  22.60 | blocked  1.0% | idle  0.0% | ent 0.301
  upd 6891 | return   25.700 | deliv  25.70 | blocked  0.9% | idle  0.0% | ent 0.295
  upd 6892 | return   20.100 | deliv  20.10 | blocked  1.1% | idle  0.0% | ent 0.307
  upd 6893 | return   21.800 | deliv  21.80 | blocked  1.2% | idle  0.0% | ent 0.318
  upd 6894 | return   21.300 | deliv  21.30 | blocked  1.1% | idle  0.0% | ent 0.309
  upd 6895 | return   24.400 | deliv  24.40 | blocked  1.4% | idle  0.0% | ent 0.305
  upd 6896 | return   23.700 | deliv  23.70 | blocked  1.2% | idle  0.0% | ent 0.283
  upd 6897 | return   23.400 | deliv  23.40 | blocked  1.1% | idle  0.0% | ent 0.305
  upd 6898 | return   22.400 | deliv  22.40 | blocked  1.1% | idle  0.0% | ent 0.307
  upd 6899 | return   25.000 | deliv  25.00 | blocked  0.9% | idle  0.0% | ent 0.298
  [replay @ update 6900] return 25.00  deliveries 25  -> runs/mappo_evo_tiny-4ag_seed2/replays/replay_upd006900_s0.npz
  upd 6900 | return   24.400 | deliv  24.40 | blocked  1.1% | idle  0.0% | ent 0.289
  upd 6901 | return   24.700 | deliv  24.70 | blocked  2.0% | idle  0.0% | ent 0.279
  upd 6902 | return   23.600 | deliv  23.60 | blocked  1.2% | idle  0.0% | ent 0.273
  upd 6903 | return   21.500 | deliv  21.50 | blocked  1.2% | idle  0.0% | ent 0.285
  upd 6904 | return   27.700 | deliv  27.70 | blocked  1.2% | idle  0.0% | ent 0.263
  upd 6905 | return   21.600 | deliv  21.60 | blocked  1.1% | idle  0.0% | ent 0.298
  upd 6906 | return   23.900 | deliv  23.90 | blocked  1.3% | idle  0.0% | ent 0.304
  upd 6907 | return   22.300 | deliv  22.30 | blocked  1.5% | idle  0.0% | ent 0.319
  upd 6908 | return   23.700 | deliv  23.70 | blocked  1.0% | idle  0.0% | ent 0.317
  upd 6909 | return   25.600 | deliv  25.60 | blocked  1.0% | idle  0.1% | ent 0.299
  upd 6910 | return   23.500 | deliv  23.50 | blocked  1.1% | idle  0.0% | ent 0.301
  upd 6911 | return   26.200 | deliv  26.20 | blocked  1.1% | idle  0.0% | ent 0.282
  upd 6912 | return   23.200 | deliv  23.20 | blocked  1.0% | idle  0.0% | ent 0.300
  upd 6913 | return   23.800 | deliv  23.80 | blocked  1.1% | idle  0.0% | ent 0.303
  upd 6914 | return   22.700 | deliv  22.70 | blocked  0.9% | idle  0.0% | ent 0.316
  upd 6915 | return   25.900 | deliv  25.90 | blocked  1.3% | idle  0.0% | ent 0.275
  upd 6916 | return   25.700 | deliv  25.70 | blocked  1.4% | idle  0.1% | ent 0.283
  upd 6917 | return   21.200 | deliv  21.20 | blocked  0.9% | idle  0.0% | ent 0.290
  upd 6918 | return   25.000 | deliv  25.00 | blocked  1.2% | idle  0.0% | ent 0.275
  upd 6919 | return   25.100 | deliv  25.10 | blocked  1.0% | idle  0.0% | ent 0.258
  upd 6920 | return   27.300 | deliv  27.30 | blocked  1.3% | idle  0.0% | ent 0.246
  upd 6921 | return   25.000 | deliv  25.00 | blocked  1.3% | idle  0.0% | ent 0.249
  upd 6922 | return   24.100 | deliv  24.10 | blocked  1.0% | idle  0.0% | ent 0.240
  upd 6923 | return   24.800 | deliv  24.80 | blocked  0.9% | idle  0.0% | ent 0.241
  upd 6924 | return   26.600 | deliv  26.60 | blocked  1.3% | idle  0.0% | ent 0.242
  upd 6925 | return   23.800 | deliv  23.80 | blocked  1.3% | idle  0.0% | ent 0.246
  upd 6926 | return   23.500 | deliv  23.50 | blocked  1.0% | idle  0.1% | ent 0.230
  upd 6927 | return   25.000 | deliv  25.00 | blocked  1.1% | idle  0.0% | ent 0.224
  upd 6928 | return   24.400 | deliv  24.40 | blocked  1.0% | idle  0.0% | ent 0.234
  upd 6929 | return   25.200 | deliv  25.20 | blocked  0.8% | idle  0.0% | ent 0.237
  upd 6930 | return   21.400 | deliv  21.40 | blocked  1.1% | idle  0.0% | ent 0.250
  upd 6931 | return   24.800 | deliv  24.80 | blocked  1.3% | idle  0.1% | ent 0.241
  upd 6932 | return   25.200 | deliv  25.20 | blocked  1.3% | idle  0.0% | ent 0.242
  upd 6933 | return   23.800 | deliv  23.80 | blocked  1.1% | idle  0.0% | ent 0.261
  upd 6934 | return   25.000 | deliv  25.00 | blocked  1.3% | idle  0.0% | ent 0.266
  upd 6935 | return   26.200 | deliv  26.20 | blocked  1.3% | idle  0.0% | ent 0.251
  upd 6936 | return   24.000 | deliv  24.00 | blocked  1.9% | idle  0.0% | ent 0.255
  upd 6937 | return   24.400 | deliv  24.40 | blocked  1.3% | idle  0.0% | ent 0.245
  upd 6938 | return   26.100 | deliv  26.10 | blocked  1.5% | idle  0.1% | ent 0.245
  upd 6939 | return   24.000 | deliv  24.00 | blocked  1.7% | idle  0.0% | ent 0.242
  upd 6940 | return   26.300 | deliv  26.30 | blocked  1.4% | idle  0.0% | ent 0.260
  upd 6941 | return   22.500 | deliv  22.50 | blocked  1.9% | idle  0.0% | ent 0.275
  upd 6942 | return   25.800 | deliv  25.80 | blocked  1.1% | idle  0.0% | ent 0.281
  upd 6943 | return   25.700 | deliv  25.70 | blocked  1.4% | idle  0.0% | ent 0.269
  upd 6944 | return   23.600 | deliv  23.60 | blocked  1.5% | idle  0.0% | ent 0.278
  upd 6945 | return   24.600 | deliv  24.60 | blocked  1.1% | idle  0.0% | ent 0.276
  upd 6946 | return   20.500 | deliv  20.50 | blocked  1.1% | idle  0.0% | ent 0.287
  upd 6947 | return   23.000 | deliv  23.00 | blocked  1.2% | idle  0.0% | ent 0.280
  upd 6948 | return   23.700 | deliv  23.70 | blocked  1.8% | idle  0.0% | ent 0.274
  upd 6949 | return   23.500 | deliv  23.50 | blocked  2.3% | idle  0.0% | ent 0.292
  upd 6950 | return   25.500 | deliv  25.50 | blocked  1.0% | idle  0.0% | ent 0.278
  upd 6951 | return   25.600 | deliv  25.60 | blocked  1.4% | idle  0.0% | ent 0.287
  upd 6952 | return   23.700 | deliv  23.70 | blocked  1.4% | idle  0.0% | ent 0.283
  upd 6953 | return   26.100 | deliv  26.10 | blocked  1.0% | idle  0.0% | ent 0.299
  upd 6954 | return   22.400 | deliv  22.40 | blocked  0.8% | idle  0.1% | ent 0.310
  upd 6955 | return   25.100 | deliv  25.10 | blocked  1.0% | idle  0.0% | ent 0.312
  upd 6956 | return   24.700 | deliv  24.70 | blocked  1.1% | idle  0.0% | ent 0.292
  upd 6957 | return   24.300 | deliv  24.30 | blocked  0.9% | idle  0.0% | ent 0.288
  upd 6958 | return   26.200 | deliv  26.20 | blocked  1.1% | idle  0.0% | ent 0.267
  upd 6959 | return   26.300 | deliv  26.30 | blocked  1.2% | idle  0.0% | ent 0.260
  upd 6960 | return   26.700 | deliv  26.70 | blocked  1.0% | idle  0.0% | ent 0.288
  upd 6961 | return   26.000 | deliv  26.00 | blocked  1.3% | idle  0.0% | ent 0.287
  upd 6962 | return   23.500 | deliv  23.50 | blocked  1.0% | idle  0.0% | ent 0.308
  upd 6963 | return   22.000 | deliv  22.00 | blocked  1.0% | idle  0.0% | ent 0.304
  upd 6964 | return   24.000 | deliv  24.00 | blocked  1.0% | idle  0.0% | ent 0.294
  upd 6965 | return   24.400 | deliv  24.40 | blocked  1.0% | idle  0.0% | ent 0.289
  upd 6966 | return   25.400 | deliv  25.40 | blocked  0.9% | idle  0.0% | ent 0.300
  upd 6967 | return   22.300 | deliv  22.30 | blocked  0.9% | idle  0.1% | ent 0.315
  upd 6968 | return   22.300 | deliv  22.30 | blocked  1.7% | idle  0.0% | ent 0.335
  upd 6969 | return   24.600 | deliv  24.60 | blocked  0.9% | idle  0.0% | ent 0.310
  upd 6970 | return   25.400 | deliv  25.40 | blocked  1.2% | idle  0.1% | ent 0.313
  upd 6971 | return   23.200 | deliv  23.20 | blocked  1.0% | idle  0.0% | ent 0.347
  upd 6972 | return   24.500 | deliv  24.50 | blocked  1.1% | idle  0.0% | ent 0.343
  upd 6973 | return   24.000 | deliv  24.00 | blocked  1.4% | idle  0.0% | ent 0.331
  upd 6974 | return   23.800 | deliv  23.80 | blocked  1.0% | idle  0.0% | ent 0.324
  upd 6975 | return   23.100 | deliv  23.10 | blocked  1.1% | idle  0.1% | ent 0.317
  upd 6976 | return   26.000 | deliv  26.00 | blocked  1.2% | idle  0.1% | ent 0.299
  upd 6977 | return   24.700 | deliv  24.70 | blocked  1.5% | idle  0.1% | ent 0.297
  upd 6978 | return   20.400 | deliv  20.40 | blocked  1.0% | idle  0.1% | ent 0.321
  upd 6979 | return   22.200 | deliv  22.20 | blocked  1.6% | idle  0.0% | ent 0.281
  upd 6980 | return   22.700 | deliv  22.70 | blocked  1.3% | idle  0.1% | ent 0.289
  upd 6981 | return   26.400 | deliv  26.40 | blocked  1.3% | idle  0.1% | ent 0.269
  upd 6982 | return   21.900 | deliv  21.90 | blocked  1.6% | idle  0.1% | ent 0.278
  upd 6983 | return   23.600 | deliv  23.60 | blocked  1.3% | idle  0.1% | ent 0.292
  upd 6984 | return   26.100 | deliv  26.10 | blocked  1.0% | idle  0.1% | ent 0.268
  upd 6985 | return   23.300 | deliv  23.30 | blocked  1.1% | idle  0.0% | ent 0.284
  upd 6986 | return   22.700 | deliv  22.70 | blocked  1.1% | idle  0.0% | ent 0.281
  upd 6987 | return   24.200 | deliv  24.20 | blocked  1.0% | idle  0.0% | ent 0.274
  upd 6988 | return   23.900 | deliv  23.90 | blocked  1.4% | idle  0.0% | ent 0.294
  upd 6989 | return   22.800 | deliv  22.80 | blocked  1.4% | idle  0.1% | ent 0.282
  upd 6990 | return   21.200 | deliv  21.20 | blocked  1.5% | idle  0.1% | ent 0.292
  upd 6991 | return   23.900 | deliv  23.90 | blocked  1.1% | idle  0.0% | ent 0.279
  upd 6992 | return   22.200 | deliv  22.20 | blocked  1.1% | idle  0.0% | ent 0.263
  upd 6993 | return   25.400 | deliv  25.40 | blocked  1.1% | idle  0.0% | ent 0.264
  upd 6994 | return   22.600 | deliv  22.60 | blocked  1.0% | idle  0.0% | ent 0.256
  upd 6995 | return   25.200 | deliv  25.20 | blocked  1.3% | idle  0.0% | ent 0.252
  upd 6996 | return   23.700 | deliv  23.70 | blocked  1.4% | idle  0.0% | ent 0.246
  upd 6997 | return   25.000 | deliv  25.00 | blocked  1.5% | idle  0.0% | ent 0.245
  upd 6998 | return   23.100 | deliv  23.10 | blocked  1.2% | idle  0.0% | ent 0.247
  upd 6999 | return   27.000 | deliv  27.00 | blocked  1.1% | idle  0.0% | ent 0.221
  [replay @ update 7000] return 26.00  deliveries 26  -> runs/mappo_evo_tiny-4ag_seed2/replays/replay_upd007000_s0.npz
  upd 7000 | return   23.700 | deliv  23.70 | blocked  1.5% | idle  0.0% | ent 0.230
  upd 7001 | return   23.300 | deliv  23.30 | blocked  1.4% | idle  0.0% | ent 0.228
  upd 7002 | return   26.000 | deliv  26.00 | blocked  1.3% | idle  0.0% | ent 0.219
  upd 7003 | return   25.800 | deliv  25.80 | blocked  1.3% | idle  0.0% | ent 0.210
  upd 7004 | return   24.500 | deliv  24.50 | blocked  1.1% | idle  0.0% | ent 0.223
  upd 7005 | return   24.700 | deliv  24.70 | blocked  1.0% | idle  0.0% | ent 0.232
  upd 7006 | return   25.900 | deliv  25.90 | blocked  1.0% | idle  0.0% | ent 0.233
  upd 7007 | return   27.500 | deliv  27.50 | blocked  1.3% | idle  0.1% | ent 0.241
  upd 7008 | return   24.200 | deliv  24.20 | blocked  1.0% | idle  0.0% | ent 0.256
  upd 7009 | return   22.200 | deliv  22.20 | blocked  1.2% | idle  0.0% | ent 0.261
  upd 7010 | return   24.000 | deliv  24.00 | blocked  1.3% | idle  0.0% | ent 0.247
  upd 7011 | return   26.000 | deliv  26.00 | blocked  1.3% | idle  0.0% | ent 0.237
  upd 7012 | return   25.200 | deliv  25.20 | blocked  1.3% | idle  0.0% | ent 0.244
  upd 7013 | return   22.900 | deliv  22.90 | blocked  1.8% | idle  0.0% | ent 0.256
  upd 7014 | return   20.700 | deliv  20.70 | blocked  1.9% | idle  0.0% | ent 0.273
  upd 7015 | return   23.300 | deliv  23.30 | blocked  1.9% | idle  0.1% | ent 0.260
  upd 7016 | return   24.200 | deliv  24.20 | blocked  1.5% | idle  0.0% | ent 0.266
  upd 7017 | return   22.800 | deliv  22.80 | blocked  1.9% | idle  0.0% | ent 0.282
  upd 7018 | return   24.200 | deliv  24.20 | blocked  1.5% | idle  0.0% | ent 0.292
  upd 7019 | return   21.600 | deliv  21.60 | blocked  1.8% | idle  0.1% | ent 0.296
  upd 7020 | return   22.700 | deliv  22.70 | blocked  1.6% | idle  0.1% | ent 0.291
  upd 7021 | return   22.600 | deliv  22.60 | blocked  1.6% | idle  0.0% | ent 0.294
  upd 7022 | return   21.800 | deliv  21.80 | blocked  1.8% | idle  0.0% | ent 0.324
  upd 7023 | return   20.500 | deliv  20.50 | blocked  1.4% | idle  0.0% | ent 0.314
  upd 7024 | return   21.200 | deliv  21.20 | blocked  1.6% | idle  0.0% | ent 0.332
  upd 7025 | return   23.300 | deliv  23.30 | blocked  1.5% | idle  0.0% | ent 0.307
  upd 7026 | return   24.100 | deliv  24.10 | blocked  1.3% | idle  0.0% | ent 0.305
  upd 7027 | return   25.200 | deliv  25.20 | blocked  1.3% | idle  0.0% | ent 0.286
  upd 7028 | return   23.400 | deliv  23.40 | blocked  1.5% | idle  0.0% | ent 0.293
  upd 7029 | return   23.500 | deliv  23.50 | blocked  1.5% | idle  0.0% | ent 0.293
  upd 7030 | return   25.400 | deliv  25.40 | blocked  1.4% | idle  0.0% | ent 0.286
  upd 7031 | return   24.200 | deliv  24.20 | blocked  1.7% | idle  0.0% | ent 0.293
  upd 7032 | return   24.800 | deliv  24.80 | blocked  1.7% | idle  0.0% | ent 0.281
  upd 7033 | return   23.000 | deliv  23.00 | blocked  1.9% | idle  0.0% | ent 0.282
  upd 7034 | return   23.400 | deliv  23.40 | blocked  1.7% | idle  0.0% | ent 0.290
  upd 7035 | return   21.900 | deliv  21.90 | blocked  2.3% | idle  0.0% | ent 0.282
  upd 7036 | return   23.700 | deliv  23.70 | blocked  1.4% | idle  0.0% | ent 0.291
  upd 7037 | return   21.500 | deliv  21.50 | blocked  1.7% | idle  0.0% | ent 0.302
  upd 7038 | return   22.700 | deliv  22.70 | blocked  1.4% | idle  0.0% | ent 0.295
  upd 7039 | return   22.800 | deliv  22.80 | blocked  1.3% | idle  0.0% | ent 0.311
  upd 7040 | return   25.000 | deliv  25.00 | blocked  1.5% | idle  0.0% | ent 0.299
  upd 7041 | return   23.700 | deliv  23.70 | blocked  1.0% | idle  0.0% | ent 0.303
  upd 7042 | return   24.100 | deliv  24.10 | blocked  1.8% | idle  0.0% | ent 0.281
  upd 7043 | return   25.700 | deliv  25.70 | blocked  1.5% | idle  0.0% | ent 0.289
  upd 7044 | return   23.300 | deliv  23.30 | blocked  1.6% | idle  0.0% | ent 0.285
  upd 7045 | return   20.700 | deliv  20.70 | blocked  1.4% | idle  0.0% | ent 0.294
  upd 7046 | return   23.300 | deliv  23.30 | blocked  1.6% | idle  0.0% | ent 0.308
  upd 7047 | return   20.600 | deliv  20.60 | blocked  1.7% | idle  0.0% | ent 0.302
  upd 7048 | return   23.300 | deliv  23.30 | blocked  1.1% | idle  0.0% | ent 0.291
  upd 7049 | return   22.500 | deliv  22.50 | blocked  1.3% | idle  0.0% | ent 0.298
  upd 7050 | return   24.100 | deliv  24.10 | blocked  1.4% | idle  0.0% | ent 0.292
  upd 7051 | return   22.700 | deliv  22.70 | blocked  1.1% | idle  0.0% | ent 0.290
  upd 7052 | return   26.500 | deliv  26.50 | blocked  1.2% | idle  0.0% | ent 0.268
  upd 7053 | return   26.500 | deliv  26.50 | blocked  1.3% | idle  0.0% | ent 0.279
  upd 7054 | return   25.800 | deliv  25.80 | blocked  0.9% | idle  0.0% | ent 0.286
  upd 7055 | return   21.300 | deliv  21.30 | blocked  1.1% | idle  0.0% | ent 0.295
  upd 7056 | return   23.300 | deliv  23.30 | blocked  1.0% | idle  0.0% | ent 0.277
  upd 7057 | return   22.500 | deliv  22.50 | blocked  1.2% | idle  0.0% | ent 0.289
  upd 7058 | return   24.800 | deliv  24.80 | blocked  1.2% | idle  0.0% | ent 0.281
  upd 7059 | return   26.200 | deliv  26.20 | blocked  1.2% | idle  0.0% | ent 0.278
  upd 7060 | return   27.500 | deliv  27.50 | blocked  1.1% | idle  0.0% | ent 0.266
  upd 7061 | return   24.800 | deliv  24.80 | blocked  1.3% | idle  0.0% | ent 0.261
  upd 7062 | return   24.900 | deliv  24.90 | blocked  1.2% | idle  0.0% | ent 0.260
  upd 7063 | return   25.700 | deliv  25.70 | blocked  1.0% | idle  0.0% | ent 0.263
  upd 7064 | return   25.900 | deliv  25.90 | blocked  2.1% | idle  0.0% | ent 0.282
  upd 7065 | return   27.100 | deliv  27.10 | blocked  1.5% | idle  0.0% | ent 0.282
  upd 7066 | return   25.800 | deliv  25.80 | blocked  1.2% | idle  0.0% | ent 0.279
  upd 7067 | return   23.800 | deliv  23.80 | blocked  1.5% | idle  0.0% | ent 0.265
  upd 7068 | return   27.000 | deliv  27.00 | blocked  1.9% | idle  0.0% | ent 0.285
  upd 7069 | return   25.300 | deliv  25.30 | blocked  1.4% | idle  0.0% | ent 0.293
  upd 7070 | return   23.800 | deliv  23.80 | blocked  1.7% | idle  0.0% | ent 0.305
  upd 7071 | return   24.400 | deliv  24.40 | blocked  1.6% | idle  0.0% | ent 0.301
  upd 7072 | return   25.100 | deliv  25.10 | blocked  2.5% | idle  0.0% | ent 0.322
  upd 7073 | return   25.500 | deliv  25.50 | blocked  1.6% | idle  0.0% | ent 0.321
  upd 7074 | return   22.600 | deliv  22.60 | blocked  1.2% | idle  0.0% | ent 0.343
  upd 7075 | return   21.600 | deliv  21.60 | blocked  1.3% | idle  0.0% | ent 0.356
  upd 7076 | return   25.000 | deliv  25.00 | blocked  1.2% | idle  0.0% | ent 0.304
  upd 7077 | return   24.700 | deliv  24.70 | blocked  1.7% | idle  0.0% | ent 0.323
  upd 7078 | return   25.600 | deliv  25.60 | blocked  1.4% | idle  0.0% | ent 0.281
  upd 7079 | return   26.900 | deliv  26.90 | blocked  1.5% | idle  0.0% | ent 0.303
  upd 7080 | return   22.500 | deliv  22.50 | blocked  1.6% | idle  0.0% | ent 0.308
  upd 7081 | return   27.900 | deliv  27.90 | blocked  1.3% | idle  0.0% | ent 0.304
  upd 7082 | return   26.200 | deliv  26.20 | blocked  1.2% | idle  0.0% | ent 0.283
  upd 7083 | return   25.600 | deliv  25.60 | blocked  1.4% | idle  0.0% | ent 0.296
  upd 7084 | return   24.000 | deliv  24.00 | blocked  1.2% | idle  0.0% | ent 0.295
  upd 7085 | return   24.900 | deliv  24.90 | blocked  1.2% | idle  0.0% | ent 0.314
  upd 7086 | return   25.900 | deliv  25.90 | blocked  1.1% | idle  0.0% | ent 0.290
  upd 7087 | return   26.500 | deliv  26.50 | blocked  1.2% | idle  0.0% | ent 0.293
  upd 7088 | return   23.200 | deliv  23.20 | blocked  1.3% | idle  0.0% | ent 0.306
  upd 7089 | return   29.500 | deliv  29.50 | blocked  1.6% | idle  0.0% | ent 0.303
  upd 7090 | return   25.900 | deliv  25.90 | blocked  1.2% | idle  0.0% | ent 0.283
  upd 7091 | return   25.100 | deliv  25.10 | blocked  1.3% | idle  0.0% | ent 0.313
  upd 7092 | return   26.200 | deliv  26.20 | blocked  1.2% | idle  0.0% | ent 0.290
  upd 7093 | return   25.200 | deliv  25.20 | blocked  1.4% | idle  0.0% | ent 0.321
  upd 7094 | return   27.000 | deliv  27.00 | blocked  1.2% | idle  0.0% | ent 0.288
  upd 7095 | return   27.000 | deliv  27.00 | blocked  1.3% | idle  0.0% | ent 0.301
  upd 7096 | return   26.600 | deliv  26.60 | blocked  1.2% | idle  0.0% | ent 0.306
  upd 7097 | return   25.900 | deliv  25.90 | blocked  2.0% | idle  0.0% | ent 0.308
  upd 7098 | return   27.600 | deliv  27.60 | blocked  0.9% | idle  0.0% | ent 0.294
  upd 7099 | return   27.500 | deliv  27.50 | blocked  1.8% | idle  0.0% | ent 0.285
  [replay @ update 7100] return 18.00  deliveries 18  -> runs/mappo_evo_tiny-4ag_seed2/replays/replay_upd007100_s0.npz
  upd 7100 | return   26.500 | deliv  26.50 | blocked  1.9% | idle  0.0% | ent 0.265
  upd 7101 | return   24.100 | deliv  24.10 | blocked  1.9% | idle  0.0% | ent 0.278
  upd 7102 | return   26.200 | deliv  26.20 | blocked  1.7% | idle  0.0% | ent 0.260
  upd 7103 | return   29.300 | deliv  29.30 | blocked  1.4% | idle  0.0% | ent 0.262
  upd 7104 | return   25.800 | deliv  25.80 | blocked  1.7% | idle  0.0% | ent 0.261
  upd 7105 | return   23.800 | deliv  23.80 | blocked  2.1% | idle  0.0% | ent 0.275
  upd 7106 | return   27.200 | deliv  27.20 | blocked  1.9% | idle  0.0% | ent 0.272
  upd 7107 | return   25.500 | deliv  25.50 | blocked  1.4% | idle  0.0% | ent 0.264
  upd 7108 | return   27.200 | deliv  27.20 | blocked  0.9% | idle  0.0% | ent 0.268
  upd 7109 | return   22.000 | deliv  22.00 | blocked  1.3% | idle  0.0% | ent 0.271
  upd 7110 | return   25.400 | deliv  25.40 | blocked  1.3% | idle  0.0% | ent 0.251
  upd 7111 | return   22.500 | deliv  22.50 | blocked  1.3% | idle  0.0% | ent 0.287
  upd 7112 | return   27.300 | deliv  27.30 | blocked  1.0% | idle  0.0% | ent 0.254
  upd 7113 | return   26.700 | deliv  26.70 | blocked  1.3% | idle  0.0% | ent 0.281
  upd 7114 | return   27.100 | deliv  27.10 | blocked  1.2% | idle  0.0% | ent 0.277
  upd 7115 | return   25.700 | deliv  25.70 | blocked  1.2% | idle  0.1% | ent 0.290
  upd 7116 | return   28.000 | deliv  28.00 | blocked  1.1% | idle  0.0% | ent 0.267
  upd 7117 | return   25.100 | deliv  25.10 | blocked  1.3% | idle  0.0% | ent 0.289
  upd 7118 | return   28.100 | deliv  28.10 | blocked  1.7% | idle  0.0% | ent 0.291
  upd 7119 | return   26.500 | deliv  26.50 | blocked  1.7% | idle  0.0% | ent 0.302
  upd 7120 | return   26.700 | deliv  26.70 | blocked  1.9% | idle  0.0% | ent 0.290
  upd 7121 | return   25.400 | deliv  25.40 | blocked  1.7% | idle  0.0% | ent 0.285
  upd 7122 | return   26.400 | deliv  26.40 | blocked  1.8% | idle  0.0% | ent 0.274
  upd 7123 | return   28.000 | deliv  28.00 | blocked  1.5% | idle  0.0% | ent 0.254
  upd 7124 | return   26.600 | deliv  26.60 | blocked  1.5% | idle  0.0% | ent 0.258
  upd 7125 | return   28.000 | deliv  28.00 | blocked  1.9% | idle  0.0% | ent 0.241
  upd 7126 | return   26.500 | deliv  26.50 | blocked  1.5% | idle  0.0% | ent 0.242
  upd 7127 | return   23.800 | deliv  23.80 | blocked  1.5% | idle  0.0% | ent 0.234
  upd 7128 | return   25.900 | deliv  25.90 | blocked  1.3% | idle  0.0% | ent 0.246
  upd 7129 | return   25.200 | deliv  25.20 | blocked  1.3% | idle  0.0% | ent 0.228
  upd 7130 | return   25.000 | deliv  25.00 | blocked  1.2% | idle  0.0% | ent 0.233
  upd 7131 | return   27.400 | deliv  27.40 | blocked  1.1% | idle  0.0% | ent 0.231
  upd 7132 | return   26.800 | deliv  26.80 | blocked  1.0% | idle  0.0% | ent 0.225
  upd 7133 | return   26.000 | deliv  26.00 | blocked  1.0% | idle  0.0% | ent 0.231
  upd 7134 | return   28.300 | deliv  28.30 | blocked  1.3% | idle  0.0% | ent 0.231
  upd 7135 | return   28.400 | deliv  28.40 | blocked  1.5% | idle  0.0% | ent 0.256
  upd 7136 | return   29.600 | deliv  29.60 | blocked  1.7% | idle  0.0% | ent 0.245
  upd 7137 | return   25.800 | deliv  25.80 | blocked  1.2% | idle  0.0% | ent 0.250
  upd 7138 | return   26.500 | deliv  26.50 | blocked  1.6% | idle  0.0% | ent 0.256
  upd 7139 | return   24.500 | deliv  24.50 | blocked  1.4% | idle  0.0% | ent 0.247
  upd 7140 | return   27.800 | deliv  27.80 | blocked  1.1% | idle  0.0% | ent 0.233
  upd 7141 | return   28.800 | deliv  28.80 | blocked  1.4% | idle  0.0% | ent 0.201
  upd 7142 | return   28.600 | deliv  28.60 | blocked  1.8% | idle  0.0% | ent 0.215
  upd 7143 | return   28.900 | deliv  28.90 | blocked  1.3% | idle  0.0% | ent 0.217
  upd 7144 | return   29.100 | deliv  29.10 | blocked  1.2% | idle  0.0% | ent 0.225
  upd 7145 | return   27.400 | deliv  27.40 | blocked  2.1% | idle  0.0% | ent 0.240
  upd 7146 | return   26.400 | deliv  26.40 | blocked  1.5% | idle  0.0% | ent 0.254
  upd 7147 | return   27.000 | deliv  27.00 | blocked  1.4% | idle  0.0% | ent 0.248
  upd 7148 | return   23.300 | deliv  23.30 | blocked  1.4% | idle  0.0% | ent 0.259
  upd 7149 | return   27.300 | deliv  27.30 | blocked  1.3% | idle  0.0% | ent 0.243
  upd 7150 | return   26.900 | deliv  26.90 | blocked  1.3% | idle  0.0% | ent 0.231
  upd 7151 | return   23.200 | deliv  23.20 | blocked  1.3% | idle  0.0% | ent 0.238
  upd 7152 | return   27.900 | deliv  27.90 | blocked  2.6% | idle  0.0% | ent 0.212
  upd 7153 | return   24.000 | deliv  24.00 | blocked  1.5% | idle  0.0% | ent 0.225
  upd 7154 | return   26.300 | deliv  26.30 | blocked  1.2% | idle  0.0% | ent 0.223
  upd 7155 | return   25.900 | deliv  25.90 | blocked  1.2% | idle  0.0% | ent 0.224
  upd 7156 | return   22.700 | deliv  22.70 | blocked  1.2% | idle  0.0% | ent 0.225
  upd 7157 | return   24.600 | deliv  24.60 | blocked  1.3% | idle  0.0% | ent 0.220
  upd 7158 | return   23.400 | deliv  23.40 | blocked  1.6% | idle  0.0% | ent 0.222
  upd 7159 | return   20.200 | deliv  20.20 | blocked  1.2% | idle  0.0% | ent 0.236
  upd 7160 | return   26.100 | deliv  26.10 | blocked  1.6% | idle  0.0% | ent 0.226
  upd 7161 | return   24.100 | deliv  24.10 | blocked  1.1% | idle  0.0% | ent 0.235
  upd 7162 | return   24.000 | deliv  24.00 | blocked  1.2% | idle  0.0% | ent 0.241
  upd 7163 | return   26.600 | deliv  26.60 | blocked  1.6% | idle  0.0% | ent 0.233
  upd 7164 | return   22.600 | deliv  22.60 | blocked  1.3% | idle  0.0% | ent 0.228
  upd 7165 | return   22.800 | deliv  22.80 | blocked  1.5% | idle  0.0% | ent 0.228
  upd 7166 | return   24.200 | deliv  24.20 | blocked  1.1% | idle  0.0% | ent 0.206
  upd 7167 | return   25.300 | deliv  25.30 | blocked  1.0% | idle  0.0% | ent 0.210
  upd 7168 | return   26.200 | deliv  26.20 | blocked  1.3% | idle  0.0% | ent 0.216
  upd 7169 | return   25.900 | deliv  25.90 | blocked  1.4% | idle  0.0% | ent 0.224
  upd 7170 | return   25.100 | deliv  25.10 | blocked  1.2% | idle  0.0% | ent 0.220
  upd 7171 | return   24.700 | deliv  24.70 | blocked  1.3% | idle  0.0% | ent 0.214
  upd 7172 | return   27.200 | deliv  27.20 | blocked  1.8% | idle  0.0% | ent 0.200
  upd 7173 | return   26.000 | deliv  26.00 | blocked  1.3% | idle  0.0% | ent 0.209
  upd 7174 | return   25.800 | deliv  25.80 | blocked  2.0% | idle  0.0% | ent 0.218
  upd 7175 | return   23.800 | deliv  23.80 | blocked  2.0% | idle  0.0% | ent 0.227
  upd 7176 | return   26.700 | deliv  26.70 | blocked  1.7% | idle  0.0% | ent 0.219
  upd 7177 | return   23.000 | deliv  23.00 | blocked  1.4% | idle  0.0% | ent 0.236
  upd 7178 | return   24.300 | deliv  24.30 | blocked  1.5% | idle  0.0% | ent 0.216
  upd 7179 | return   24.700 | deliv  24.70 | blocked  1.5% | idle  0.0% | ent 0.226
  upd 7180 | return   26.500 | deliv  26.50 | blocked  1.3% | idle  0.0% | ent 0.223
  upd 7181 | return   26.800 | deliv  26.80 | blocked  1.4% | idle  0.1% | ent 0.222
  upd 7182 | return   24.900 | deliv  24.90 | blocked  1.1% | idle  0.0% | ent 0.223
  upd 7183 | return   24.200 | deliv  24.20 | blocked  1.2% | idle  0.0% | ent 0.232
  upd 7184 | return   23.700 | deliv  23.70 | blocked  1.2% | idle  0.0% | ent 0.226
  upd 7185 | return   20.200 | deliv  20.20 | blocked  1.0% | idle  0.0% | ent 0.252
  upd 7186 | return   21.700 | deliv  21.70 | blocked  1.4% | idle  0.0% | ent 0.242
  upd 7187 | return   27.200 | deliv  27.20 | blocked  1.0% | idle  0.0% | ent 0.223
  upd 7188 | return   25.600 | deliv  25.60 | blocked  1.3% | idle  0.0% | ent 0.235
  upd 7189 | return   22.900 | deliv  22.90 | blocked  1.1% | idle  0.0% | ent 0.264
  upd 7190 | return   22.400 | deliv  22.40 | blocked  1.0% | idle  0.0% | ent 0.270
  upd 7191 | return   24.500 | deliv  24.50 | blocked  1.2% | idle  0.0% | ent 0.256
  upd 7192 | return   23.200 | deliv  23.20 | blocked  1.2% | idle  0.0% | ent 0.271
  upd 7193 | return   23.900 | deliv  23.90 | blocked  1.2% | idle  0.0% | ent 0.259
  upd 7194 | return   22.300 | deliv  22.30 | blocked  1.3% | idle  0.0% | ent 0.263
  upd 7195 | return   24.500 | deliv  24.50 | blocked  1.4% | idle  0.0% | ent 0.243
  upd 7196 | return   23.300 | deliv  23.30 | blocked  1.8% | idle  0.0% | ent 0.244
  upd 7197 | return   23.200 | deliv  23.20 | blocked  1.6% | idle  0.0% | ent 0.237
  upd 7198 | return   21.800 | deliv  21.80 | blocked  1.9% | idle  0.0% | ent 0.242
  upd 7199 | return   25.200 | deliv  25.20 | blocked  1.6% | idle  0.0% | ent 0.231
  [replay @ update 7200] return 21.00  deliveries 21  -> runs/mappo_evo_tiny-4ag_seed2/replays/replay_upd007200_s0.npz
  upd 7200 | return   26.000 | deliv  26.00 | blocked  1.3% | idle  0.0% | ent 0.227
  upd 7201 | return   23.200 | deliv  23.20 | blocked  1.5% | idle  0.0% | ent 0.233
  upd 7202 | return   21.700 | deliv  21.70 | blocked  1.6% | idle  0.0% | ent 0.252
  upd 7203 | return   25.400 | deliv  25.40 | blocked  1.5% | idle  0.0% | ent 0.241
  upd 7204 | return   23.100 | deliv  23.10 | blocked  1.2% | idle  0.0% | ent 0.259
  upd 7205 | return   24.100 | deliv  24.10 | blocked  1.5% | idle  0.0% | ent 0.255
  upd 7206 | return   25.400 | deliv  25.40 | blocked  1.7% | idle  0.1% | ent 0.250
  upd 7207 | return   24.600 | deliv  24.60 | blocked  1.9% | idle  0.1% | ent 0.242
  upd 7208 | return   24.900 | deliv  24.90 | blocked  1.4% | idle  0.1% | ent 0.241
  upd 7209 | return   25.300 | deliv  25.30 | blocked  1.8% | idle  0.1% | ent 0.233
  upd 7210 | return   26.400 | deliv  26.40 | blocked  2.4% | idle  0.0% | ent 0.226
  upd 7211 | return   25.500 | deliv  25.50 | blocked  1.7% | idle  0.0% | ent 0.234
  upd 7212 | return   24.700 | deliv  24.70 | blocked  3.6% | idle  0.0% | ent 0.239
  upd 7213 | return   26.000 | deliv  26.00 | blocked  1.5% | idle  0.0% | ent 0.233
  upd 7214 | return   25.400 | deliv  25.40 | blocked  1.2% | idle  0.0% | ent 0.233
  upd 7215 | return   25.800 | deliv  25.80 | blocked  1.2% | idle  0.1% | ent 0.245
  upd 7216 | return   27.800 | deliv  27.80 | blocked  1.4% | idle  0.1% | ent 0.234
  upd 7217 | return   26.300 | deliv  26.30 | blocked  1.3% | idle  0.0% | ent 0.235
  upd 7218 | return   29.200 | deliv  29.20 | blocked  1.5% | idle  0.0% | ent 0.219
  upd 7219 | return   28.700 | deliv  28.70 | blocked  1.7% | idle  0.0% | ent 0.223
  upd 7220 | return   27.300 | deliv  27.30 | blocked  1.8% | idle  0.0% | ent 0.213
  upd 7221 | return   26.600 | deliv  26.60 | blocked  1.3% | idle  0.0% | ent 0.219
  upd 7222 | return   27.300 | deliv  27.30 | blocked  1.5% | idle  0.0% | ent 0.218
  upd 7223 | return   29.300 | deliv  29.30 | blocked  1.3% | idle  0.0% | ent 0.206
  upd 7224 | return   27.500 | deliv  27.50 | blocked  1.6% | idle  0.0% | ent 0.204
  upd 7225 | return   28.000 | deliv  28.00 | blocked  1.6% | idle  0.0% | ent 0.195
  upd 7226 | return   26.800 | deliv  26.80 | blocked  1.9% | idle  0.0% | ent 0.210
  upd 7227 | return   30.700 | deliv  30.70 | blocked  1.8% | idle  0.0% | ent 0.188
  upd 7228 | return   29.600 | deliv  29.60 | blocked  1.8% | idle  0.0% | ent 0.192
  upd 7229 | return   26.900 | deliv  26.90 | blocked  1.7% | idle  0.0% | ent 0.210
  upd 7230 | return   30.000 | deliv  30.00 | blocked  1.9% | idle  0.1% | ent 0.196
  upd 7231 | return   29.300 | deliv  29.30 | blocked  1.9% | idle  0.0% | ent 0.211
  upd 7232 | return   29.100 | deliv  29.10 | blocked  2.1% | idle  0.0% | ent 0.209
  upd 7233 | return   28.300 | deliv  28.30 | blocked  2.3% | idle  0.1% | ent 0.221
  upd 7234 | return   29.200 | deliv  29.20 | blocked  2.0% | idle  0.0% | ent 0.220
  upd 7235 | return   30.100 | deliv  30.10 | blocked  2.3% | idle  0.0% | ent 0.213
  upd 7236 | return   31.600 | deliv  31.60 | blocked  1.8% | idle  0.0% | ent 0.202
  upd 7237 | return   30.800 | deliv  30.80 | blocked  2.3% | idle  0.0% | ent 0.205
  upd 7238 | return   28.900 | deliv  28.90 | blocked  2.5% | idle  0.0% | ent 0.217
  upd 7239 | return   31.900 | deliv  31.90 | blocked  1.7% | idle  0.0% | ent 0.188
  upd 7240 | return   27.000 | deliv  27.00 | blocked  1.9% | idle  0.0% | ent 0.215
  upd 7241 | return   30.700 | deliv  30.70 | blocked  1.8% | idle  0.0% | ent 0.195
  upd 7242 | return   30.000 | deliv  30.00 | blocked  2.0% | idle  0.0% | ent 0.204
  upd 7243 | return   29.500 | deliv  29.50 | blocked  1.8% | idle  0.1% | ent 0.200
  upd 7244 | return   29.100 | deliv  29.10 | blocked  2.1% | idle  0.1% | ent 0.214
  upd 7245 | return   28.400 | deliv  28.40 | blocked  2.1% | idle  0.1% | ent 0.200
  upd 7246 | return   28.000 | deliv  28.00 | blocked  2.0% | idle  0.0% | ent 0.212
  upd 7247 | return   28.400 | deliv  28.40 | blocked  1.7% | idle  0.0% | ent 0.207
  upd 7248 | return   28.700 | deliv  28.70 | blocked  1.9% | idle  0.1% | ent 0.208
  upd 7249 | return   28.800 | deliv  28.80 | blocked  1.6% | idle  0.0% | ent 0.205
  upd 7250 | return   28.200 | deliv  28.20 | blocked  1.2% | idle  0.1% | ent 0.214
  upd 7251 | return   24.800 | deliv  24.80 | blocked  1.5% | idle  0.1% | ent 0.218
  upd 7252 | return   24.700 | deliv  24.70 | blocked  1.4% | idle  0.1% | ent 0.228
  upd 7253 | return   24.600 | deliv  24.60 | blocked  1.3% | idle  0.1% | ent 0.232
  upd 7254 | return   21.100 | deliv  21.10 | blocked  1.5% | idle  0.1% | ent 0.263
  upd 7255 | return   25.700 | deliv  25.70 | blocked  1.4% | idle  0.1% | ent 0.228
  upd 7256 | return   24.200 | deliv  24.20 | blocked  1.4% | idle  0.1% | ent 0.238
  upd 7257 | return   26.200 | deliv  26.20 | blocked  1.9% | idle  0.1% | ent 0.238
  upd 7258 | return   25.400 | deliv  25.40 | blocked  1.9% | idle  0.1% | ent 0.265
  upd 7259 | return   23.400 | deliv  23.40 | blocked  1.6% | idle  0.0% | ent 0.264
  upd 7260 | return   26.500 | deliv  26.50 | blocked  1.8% | idle  0.0% | ent 0.251
  upd 7261 | return   25.600 | deliv  25.60 | blocked  1.4% | idle  0.0% | ent 0.244
  upd 7262 | return   23.600 | deliv  23.60 | blocked  1.6% | idle  0.0% | ent 0.246
  upd 7263 | return   25.700 | deliv  25.70 | blocked  1.5% | idle  0.0% | ent 0.256
  upd 7264 | return   23.200 | deliv  23.20 | blocked  1.9% | idle  0.1% | ent 0.258
  upd 7265 | return   26.700 | deliv  26.70 | blocked  1.8% | idle  0.1% | ent 0.239
  upd 7266 | return   25.900 | deliv  25.90 | blocked  1.3% | idle  0.1% | ent 0.250
  upd 7267 | return   23.600 | deliv  23.60 | blocked  1.5% | idle  0.1% | ent 0.253
  upd 7268 | return   26.100 | deliv  26.10 | blocked  2.4% | idle  0.0% | ent 0.257
  upd 7269 | return   24.200 | deliv  24.20 | blocked  1.6% | idle  0.0% | ent 0.252
  upd 7270 | return   22.400 | deliv  22.40 | blocked  1.3% | idle  0.1% | ent 0.272
  upd 7271 | return   27.700 | deliv  27.70 | blocked  1.6% | idle  0.0% | ent 0.248
  upd 7272 | return   26.700 | deliv  26.70 | blocked  1.5% | idle  0.1% | ent 0.240
  upd 7273 | return   26.600 | deliv  26.60 | blocked  1.3% | idle  0.1% | ent 0.231
  upd 7274 | return   25.700 | deliv  25.70 | blocked  1.1% | idle  0.1% | ent 0.239
  upd 7275 | return   26.900 | deliv  26.90 | blocked  1.3% | idle  0.0% | ent 0.244
  upd 7276 | return   28.700 | deliv  28.70 | blocked  1.2% | idle  0.1% | ent 0.253
  upd 7277 | return   24.900 | deliv  24.90 | blocked  1.2% | idle  0.0% | ent 0.265
  upd 7278 | return   24.700 | deliv  24.70 | blocked  1.3% | idle  0.0% | ent 0.258
  upd 7279 | return   27.700 | deliv  27.70 | blocked  1.6% | idle  0.0% | ent 0.243
  upd 7280 | return   26.600 | deliv  26.60 | blocked  1.1% | idle  0.0% | ent 0.231
  upd 7281 | return   25.600 | deliv  25.60 | blocked  1.5% | idle  0.0% | ent 0.245
  upd 7282 | return   27.200 | deliv  27.20 | blocked  2.0% | idle  0.0% | ent 0.241
  upd 7283 | return   24.900 | deliv  24.90 | blocked  1.4% | idle  0.0% | ent 0.262
  upd 7284 | return   23.100 | deliv  23.10 | blocked  2.0% | idle  0.1% | ent 0.268
  upd 7285 | return   27.100 | deliv  27.10 | blocked  1.9% | idle  0.0% | ent 0.265
  upd 7286 | return   25.900 | deliv  25.90 | blocked  2.0% | idle  0.0% | ent 0.260
  upd 7287 | return   25.200 | deliv  25.20 | blocked  1.3% | idle  0.0% | ent 0.250
  upd 7288 | return   27.500 | deliv  27.50 | blocked  1.5% | idle  0.0% | ent 0.241
  upd 7289 | return   27.500 | deliv  27.50 | blocked  1.5% | idle  0.0% | ent 0.251
  upd 7290 | return   24.000 | deliv  24.00 | blocked  1.7% | idle  0.1% | ent 0.225
  upd 7291 | return   26.600 | deliv  26.60 | blocked  1.4% | idle  0.0% | ent 0.253
  upd 7292 | return   24.700 | deliv  24.70 | blocked  1.2% | idle  0.0% | ent 0.239
  upd 7293 | return   27.200 | deliv  27.20 | blocked  1.1% | idle  0.0% | ent 0.249
  upd 7294 | return   26.300 | deliv  26.30 | blocked  1.3% | idle  0.0% | ent 0.233
  upd 7295 | return   26.100 | deliv  26.10 | blocked  1.5% | idle  0.0% | ent 0.233
  upd 7296 | return   26.200 | deliv  26.20 | blocked  1.4% | idle  0.1% | ent 0.223
  upd 7297 | return   27.000 | deliv  27.00 | blocked  1.3% | idle  0.1% | ent 0.224
  upd 7298 | return   26.100 | deliv  26.10 | blocked  2.1% | idle  0.0% | ent 0.229
  upd 7299 | return   25.700 | deliv  25.70 | blocked  2.2% | idle  0.0% | ent 0.224
  [replay @ update 7300] return 29.00  deliveries 29  -> runs/mappo_evo_tiny-4ag_seed2/replays/replay_upd007300_s0.npz
  upd 7300 | return   27.800 | deliv  27.80 | blocked  1.8% | idle  0.1% | ent 0.207
  upd 7301 | return   25.300 | deliv  25.30 | blocked  1.9% | idle  0.0% | ent 0.218
  upd 7302 | return   27.200 | deliv  27.20 | blocked  1.6% | idle  0.0% | ent 0.211
  upd 7303 | return   26.400 | deliv  26.40 | blocked  1.4% | idle  0.0% | ent 0.227
  upd 7304 | return   25.700 | deliv  25.70 | blocked  1.3% | idle  0.0% | ent 0.238
  upd 7305 | return   24.200 | deliv  24.20 | blocked  1.4% | idle  0.0% | ent 0.230
  upd 7306 | return   23.000 | deliv  23.00 | blocked  1.5% | idle  0.1% | ent 0.220
  upd 7307 | return   23.000 | deliv  23.00 | blocked  1.8% | idle  0.0% | ent 0.205
  upd 7308 | return   25.200 | deliv  25.20 | blocked  1.4% | idle  0.0% | ent 0.221
  upd 7309 | return   27.400 | deliv  27.40 | blocked  1.3% | idle  0.0% | ent 0.228
  upd 7310 | return   25.100 | deliv  25.10 | blocked  1.3% | idle  0.0% | ent 0.217
  upd 7311 | return   25.200 | deliv  25.20 | blocked  1.3% | idle  0.0% | ent 0.234
  upd 7312 | return   26.300 | deliv  26.30 | blocked  1.7% | idle  0.0% | ent 0.231
  upd 7313 | return   27.200 | deliv  27.20 | blocked  1.1% | idle  0.0% | ent 0.233
  upd 7314 | return   28.600 | deliv  28.60 | blocked  1.4% | idle  0.0% | ent 0.226
  upd 7315 | return   28.600 | deliv  28.60 | blocked  1.4% | idle  0.0% | ent 0.233
  upd 7316 | return   25.600 | deliv  25.60 | blocked  1.5% | idle  0.0% | ent 0.231
  upd 7317 | return   28.300 | deliv  28.30 | blocked  1.6% | idle  0.0% | ent 0.231
  upd 7318 | return   27.300 | deliv  27.30 | blocked  1.2% | idle  0.0% | ent 0.242
  upd 7319 | return   25.800 | deliv  25.80 | blocked  1.2% | idle  0.0% | ent 0.230
  upd 7320 | return   25.300 | deliv  25.30 | blocked  1.2% | idle  0.0% | ent 0.242
  upd 7321 | return   27.600 | deliv  27.60 | blocked  1.4% | idle  0.0% | ent 0.236
  upd 7322 | return   28.000 | deliv  28.00 | blocked  1.4% | idle  0.0% | ent 0.235
  upd 7323 | return   25.400 | deliv  25.40 | blocked  1.3% | idle  0.0% | ent 0.247
  upd 7324 | return   25.700 | deliv  25.70 | blocked  1.5% | idle  0.0% | ent 0.229
  upd 7325 | return   25.600 | deliv  25.60 | blocked  1.4% | idle  0.0% | ent 0.231
  upd 7326 | return   27.600 | deliv  27.60 | blocked  1.3% | idle  0.0% | ent 0.231
  upd 7327 | return   28.300 | deliv  28.30 | blocked  1.5% | idle  0.0% | ent 0.236
  upd 7328 | return   24.200 | deliv  24.20 | blocked  2.8% | idle  0.1% | ent 0.233
  upd 7329 | return   24.300 | deliv  24.30 | blocked  1.7% | idle  0.1% | ent 0.248
  upd 7330 | return   21.400 | deliv  21.40 | blocked  2.0% | idle  0.0% | ent 0.214
  upd 7331 | return   26.900 | deliv  26.90 | blocked  1.5% | idle  0.0% | ent 0.230
  upd 7332 | return   24.600 | deliv  24.60 | blocked  1.8% | idle  0.1% | ent 0.227
  upd 7333 | return   25.200 | deliv  25.20 | blocked  1.3% | idle  0.1% | ent 0.226
  upd 7334 | return   27.300 | deliv  27.30 | blocked  1.1% | idle  0.0% | ent 0.230
  upd 7335 | return   24.100 | deliv  24.10 | blocked  1.6% | idle  0.1% | ent 0.221
  upd 7336 | return   28.100 | deliv  28.10 | blocked  1.3% | idle  0.0% | ent 0.221
  upd 7337 | return   27.700 | deliv  27.70 | blocked  1.4% | idle  0.0% | ent 0.208
  upd 7338 | return   28.900 | deliv  28.90 | blocked  1.3% | idle  0.0% | ent 0.206
  upd 7339 | return   26.800 | deliv  26.80 | blocked  1.7% | idle  0.0% | ent 0.205
  upd 7340 | return   27.400 | deliv  27.40 | blocked  1.3% | idle  0.0% | ent 0.198
  upd 7341 | return   26.200 | deliv  26.20 | blocked  1.4% | idle  0.0% | ent 0.200
  upd 7342 | return   26.900 | deliv  26.90 | blocked  1.4% | idle  0.0% | ent 0.190
  upd 7343 | return   28.700 | deliv  28.70 | blocked  1.4% | idle  0.0% | ent 0.193
  upd 7344 | return   24.100 | deliv  24.10 | blocked  1.6% | idle  0.0% | ent 0.208
  upd 7345 | return   27.400 | deliv  27.40 | blocked  1.9% | idle  0.1% | ent 0.201
  upd 7346 | return   27.300 | deliv  27.30 | blocked  1.8% | idle  0.0% | ent 0.206
  upd 7347 | return   27.400 | deliv  27.40 | blocked  1.6% | idle  0.0% | ent 0.226
  upd 7348 | return   26.900 | deliv  26.90 | blocked  1.7% | idle  0.0% | ent 0.220
  upd 7349 | return   25.100 | deliv  25.10 | blocked  1.5% | idle  0.0% | ent 0.234
  upd 7350 | return   25.200 | deliv  25.20 | blocked  1.6% | idle  0.1% | ent 0.247
  upd 7351 | return   26.300 | deliv  26.30 | blocked  1.6% | idle  0.0% | ent 0.211
  upd 7352 | return   27.500 | deliv  27.50 | blocked  1.3% | idle  0.0% | ent 0.224
  upd 7353 | return   28.600 | deliv  28.60 | blocked  1.6% | idle  0.0% | ent 0.236
  upd 7354 | return   27.800 | deliv  27.80 | blocked  1.7% | idle  0.0% | ent 0.215
  upd 7355 | return   27.500 | deliv  27.50 | blocked  1.7% | idle  0.0% | ent 0.210
  upd 7356 | return   28.900 | deliv  28.90 | blocked  1.3% | idle  0.0% | ent 0.236
  upd 7357 | return   28.400 | deliv  28.40 | blocked  1.6% | idle  0.0% | ent 0.227
  upd 7358 | return   26.100 | deliv  26.10 | blocked  1.5% | idle  0.0% | ent 0.261
  upd 7359 | return   28.400 | deliv  28.40 | blocked  1.7% | idle  0.0% | ent 0.245
  upd 7360 | return   28.600 | deliv  28.60 | blocked  1.5% | idle  0.0% | ent 0.255
  upd 7361 | return   26.000 | deliv  26.00 | blocked  1.5% | idle  0.0% | ent 0.244
  upd 7362 | return   24.600 | deliv  24.60 | blocked  2.0% | idle  0.0% | ent 0.243
  upd 7363 | return   25.400 | deliv  25.40 | blocked  1.8% | idle  0.0% | ent 0.246
  upd 7364 | return   24.700 | deliv  24.70 | blocked  1.7% | idle  0.0% | ent 0.244
  upd 7365 | return   26.200 | deliv  26.20 | blocked  1.5% | idle  0.0% | ent 0.241
  upd 7366 | return   27.400 | deliv  27.40 | blocked  1.4% | idle  0.0% | ent 0.250
  upd 7367 | return   26.000 | deliv  26.00 | blocked  1.6% | idle  0.0% | ent 0.260
  upd 7368 | return   29.000 | deliv  29.00 | blocked  1.4% | idle  0.0% | ent 0.246
  upd 7369 | return   25.800 | deliv  25.80 | blocked  1.3% | idle  0.0% | ent 0.252
  upd 7370 | return   25.000 | deliv  25.00 | blocked  1.3% | idle  0.0% | ent 0.270
  upd 7371 | return   25.200 | deliv  25.20 | blocked  1.5% | idle  0.0% | ent 0.268
  upd 7372 | return   26.600 | deliv  26.60 | blocked  1.3% | idle  0.0% | ent 0.276
  upd 7373 | return   28.100 | deliv  28.10 | blocked  1.7% | idle  0.0% | ent 0.250
  upd 7374 | return   28.100 | deliv  28.10 | blocked  1.5% | idle  0.0% | ent 0.244
  upd 7375 | return   28.200 | deliv  28.20 | blocked  1.7% | idle  0.0% | ent 0.244
  upd 7376 | return   27.800 | deliv  27.80 | blocked  1.5% | idle  0.0% | ent 0.249
  upd 7377 | return   29.100 | deliv  29.10 | blocked  1.6% | idle  0.0% | ent 0.236
  upd 7378 | return   27.500 | deliv  27.50 | blocked  2.2% | idle  0.0% | ent 0.232
  upd 7379 | return   25.800 | deliv  25.80 | blocked  1.9% | idle  0.0% | ent 0.244
  upd 7380 | return   27.000 | deliv  27.00 | blocked  1.4% | idle  0.0% | ent 0.240
  upd 7381 | return   28.000 | deliv  28.00 | blocked  1.3% | idle  0.0% | ent 0.242
  upd 7382 | return   26.300 | deliv  26.30 | blocked  2.1% | idle  0.0% | ent 0.210
  upd 7383 | return   27.100 | deliv  27.10 | blocked  1.8% | idle  0.0% | ent 0.237
  upd 7384 | return   28.400 | deliv  28.40 | blocked  1.3% | idle  0.0% | ent 0.258
  upd 7385 | return   27.900 | deliv  27.90 | blocked  1.6% | idle  0.0% | ent 0.238
  upd 7386 | return   26.500 | deliv  26.50 | blocked  1.6% | idle  0.0% | ent 0.254
  upd 7387 | return   31.100 | deliv  31.10 | blocked  1.3% | idle  0.0% | ent 0.265
  upd 7388 | return   26.300 | deliv  26.30 | blocked  1.7% | idle  0.0% | ent 0.274
  upd 7389 | return   27.700 | deliv  27.70 | blocked  1.5% | idle  0.0% | ent 0.233
  upd 7390 | return   29.300 | deliv  29.30 | blocked  1.8% | idle  0.0% | ent 0.238
  upd 7391 | return   25.700 | deliv  25.70 | blocked  1.5% | idle  0.0% | ent 0.240
  upd 7392 | return   27.200 | deliv  27.20 | blocked  1.3% | idle  0.0% | ent 0.243
  upd 7393 | return   28.800 | deliv  28.80 | blocked  1.5% | idle  0.0% | ent 0.237
  upd 7394 | return   24.000 | deliv  24.00 | blocked  2.0% | idle  0.0% | ent 0.245
  upd 7395 | return   26.500 | deliv  26.50 | blocked  1.8% | idle  0.0% | ent 0.244
  upd 7396 | return   27.900 | deliv  27.90 | blocked  1.4% | idle  0.0% | ent 0.243
  upd 7397 | return   31.300 | deliv  31.30 | blocked  1.3% | idle  0.0% | ent 0.250
  upd 7398 | return   26.500 | deliv  26.50 | blocked  1.7% | idle  0.0% | ent 0.229
  upd 7399 | return   30.100 | deliv  30.10 | blocked  1.0% | idle  0.0% | ent 0.237
  [replay @ update 7400] return 27.00  deliveries 27  -> runs/mappo_evo_tiny-4ag_seed2/replays/replay_upd007400_s0.npz
  upd 7400 | return   29.100 | deliv  29.10 | blocked  1.6% | idle  0.0% | ent 0.238
  upd 7401 | return   27.000 | deliv  27.00 | blocked  1.8% | idle  0.0% | ent 0.256
  upd 7402 | return   28.300 | deliv  28.30 | blocked  1.4% | idle  0.0% | ent 0.246
  upd 7403 | return   26.900 | deliv  26.90 | blocked  1.1% | idle  0.0% | ent 0.252
  upd 7404 | return   30.200 | deliv  30.20 | blocked  1.3% | idle  0.0% | ent 0.235
  upd 7405 | return   28.800 | deliv  28.80 | blocked  1.1% | idle  0.0% | ent 0.254
  upd 7406 | return   28.900 | deliv  28.90 | blocked  1.0% | idle  0.0% | ent 0.257
  upd 7407 | return   29.700 | deliv  29.70 | blocked  1.3% | idle  0.0% | ent 0.244
  upd 7408 | return   25.500 | deliv  25.50 | blocked  1.4% | idle  0.0% | ent 0.258
  upd 7409 | return   29.800 | deliv  29.80 | blocked  1.3% | idle  0.0% | ent 0.245
  upd 7410 | return   29.300 | deliv  29.30 | blocked  1.4% | idle  0.0% | ent 0.238
  upd 7411 | return   28.500 | deliv  28.50 | blocked  1.0% | idle  0.0% | ent 0.244
  upd 7412 | return   26.900 | deliv  26.90 | blocked  1.0% | idle  0.0% | ent 0.234
  upd 7413 | return   27.700 | deliv  27.70 | blocked  1.0% | idle  0.0% | ent 0.238
  upd 7414 | return   28.200 | deliv  28.20 | blocked  1.1% | idle  0.0% | ent 0.261
  upd 7415 | return   30.000 | deliv  30.00 | blocked  1.3% | idle  0.0% | ent 0.243
  upd 7416 | return   27.700 | deliv  27.70 | blocked  1.2% | idle  0.0% | ent 0.247
  upd 7417 | return   27.300 | deliv  27.30 | blocked  1.3% | idle  0.0% | ent 0.260
  upd 7418 | return   29.200 | deliv  29.20 | blocked  1.4% | idle  0.0% | ent 0.240
  upd 7419 | return   28.500 | deliv  28.50 | blocked  1.1% | idle  0.0% | ent 0.261
  upd 7420 | return   30.300 | deliv  30.30 | blocked  1.2% | idle  0.0% | ent 0.231
  upd 7421 | return   29.800 | deliv  29.80 | blocked  1.2% | idle  0.0% | ent 0.248
  upd 7422 | return   29.300 | deliv  29.30 | blocked  1.0% | idle  0.0% | ent 0.227
  upd 7423 | return   30.600 | deliv  30.60 | blocked  1.1% | idle  0.0% | ent 0.246
  upd 7424 | return   28.200 | deliv  28.20 | blocked  1.1% | idle  0.0% | ent 0.225
  upd 7425 | return   27.900 | deliv  27.90 | blocked  1.3% | idle  0.0% | ent 0.237
  upd 7426 | return   27.400 | deliv  27.40 | blocked  1.2% | idle  0.0% | ent 0.234
  upd 7427 | return   26.500 | deliv  26.50 | blocked  1.0% | idle  0.0% | ent 0.251
  upd 7428 | return   25.800 | deliv  25.80 | blocked  1.3% | idle  0.0% | ent 0.233
  upd 7429 | return   28.900 | deliv  28.90 | blocked  1.1% | idle  0.0% | ent 0.234
  upd 7430 | return   30.200 | deliv  30.20 | blocked  1.2% | idle  0.0% | ent 0.232
  upd 7431 | return   29.000 | deliv  29.00 | blocked  1.9% | idle  0.0% | ent 0.220
  upd 7432 | return   28.900 | deliv  28.90 | blocked  1.0% | idle  0.0% | ent 0.224
  upd 7433 | return   27.100 | deliv  27.10 | blocked  1.1% | idle  0.0% | ent 0.225
  upd 7434 | return   29.000 | deliv  29.00 | blocked  0.9% | idle  0.0% | ent 0.232
  upd 7435 | return   30.300 | deliv  30.30 | blocked  1.3% | idle  0.0% | ent 0.226
  upd 7436 | return   30.100 | deliv  30.10 | blocked  1.2% | idle  0.0% | ent 0.218
  upd 7437 | return   26.700 | deliv  26.70 | blocked  1.3% | idle  0.0% | ent 0.232
  upd 7438 | return   27.100 | deliv  27.10 | blocked  1.0% | idle  0.0% | ent 0.234
  upd 7439 | return   28.100 | deliv  28.10 | blocked  0.9% | idle  0.0% | ent 0.229
  upd 7440 | return   26.400 | deliv  26.40 | blocked  0.9% | idle  0.0% | ent 0.251
  upd 7441 | return   27.700 | deliv  27.70 | blocked  1.1% | idle  0.0% | ent 0.242
  upd 7442 | return   27.200 | deliv  27.20 | blocked  1.1% | idle  0.0% | ent 0.256
  upd 7443 | return   26.200 | deliv  26.20 | blocked  1.4% | idle  0.0% | ent 0.251
  upd 7444 | return   26.900 | deliv  26.90 | blocked  2.5% | idle  0.0% | ent 0.231
  upd 7445 | return   26.400 | deliv  26.40 | blocked  1.3% | idle  0.0% | ent 0.253
  upd 7446 | return   26.800 | deliv  26.80 | blocked  1.2% | idle  0.0% | ent 0.252
  upd 7447 | return   29.800 | deliv  29.80 | blocked  1.5% | idle  0.0% | ent 0.230
  upd 7448 | return   28.700 | deliv  28.70 | blocked  1.0% | idle  0.0% | ent 0.237
  upd 7449 | return   25.200 | deliv  25.20 | blocked  1.2% | idle  0.0% | ent 0.230
  upd 7450 | return   28.200 | deliv  28.20 | blocked  1.3% | idle  0.0% | ent 0.232
  upd 7451 | return   27.000 | deliv  27.00 | blocked  1.1% | idle  0.0% | ent 0.232
  upd 7452 | return   24.800 | deliv  24.80 | blocked  1.2% | idle  0.0% | ent 0.238
  upd 7453 | return   26.300 | deliv  26.30 | blocked  1.3% | idle  0.0% | ent 0.241
  upd 7454 | return   26.800 | deliv  26.80 | blocked  1.3% | idle  0.0% | ent 0.243
  upd 7455 | return   24.500 | deliv  24.50 | blocked  1.5% | idle  0.0% | ent 0.241
  upd 7456 | return   24.500 | deliv  24.50 | blocked  1.4% | idle  0.0% | ent 0.247
  upd 7457 | return   24.600 | deliv  24.60 | blocked  2.1% | idle  0.0% | ent 0.261
  upd 7458 | return   24.500 | deliv  24.50 | blocked  1.7% | idle  0.0% | ent 0.276
  upd 7459 | return   26.200 | deliv  26.20 | blocked  1.5% | idle  0.0% | ent 0.263
  upd 7460 | return   25.100 | deliv  25.10 | blocked  1.2% | idle  0.0% | ent 0.247
  upd 7461 | return   28.900 | deliv  28.90 | blocked  1.1% | idle  0.0% | ent 0.245
  upd 7462 | return   27.900 | deliv  27.90 | blocked  0.9% | idle  0.0% | ent 0.244
  upd 7463 | return   27.000 | deliv  27.00 | blocked  1.0% | idle  0.0% | ent 0.239
  upd 7464 | return   25.200 | deliv  25.20 | blocked  1.2% | idle  0.0% | ent 0.245
  upd 7465 | return   25.700 | deliv  25.70 | blocked  1.1% | idle  0.0% | ent 0.264
  upd 7466 | return   24.900 | deliv  24.90 | blocked  1.0% | idle  0.0% | ent 0.284
  upd 7467 | return   28.900 | deliv  28.90 | blocked  1.3% | idle  0.0% | ent 0.255
  upd 7468 | return   26.900 | deliv  26.90 | blocked  1.3% | idle  0.0% | ent 0.261
  upd 7469 | return   23.800 | deliv  23.80 | blocked  1.3% | idle  0.0% | ent 0.300
  upd 7470 | return   24.200 | deliv  24.20 | blocked  1.6% | idle  0.0% | ent 0.300
  upd 7471 | return   23.400 | deliv  23.40 | blocked  1.2% | idle  0.0% | ent 0.303
  upd 7472 | return   25.700 | deliv  25.70 | blocked  1.2% | idle  0.0% | ent 0.294
  upd 7473 | return   26.200 | deliv  26.20 | blocked  1.4% | idle  0.0% | ent 0.298
  upd 7474 | return   25.000 | deliv  25.00 | blocked  1.2% | idle  0.0% | ent 0.292
  upd 7475 | return   23.900 | deliv  23.90 | blocked  1.2% | idle  0.0% | ent 0.314
  upd 7476 | return   20.800 | deliv  20.80 | blocked  1.4% | idle  0.0% | ent 0.342
  upd 7477 | return   24.000 | deliv  24.00 | blocked  1.0% | idle  0.0% | ent 0.310
  upd 7478 | return   23.500 | deliv  23.50 | blocked  1.3% | idle  0.0% | ent 0.310
  upd 7479 | return   25.500 | deliv  25.50 | blocked  1.2% | idle  0.0% | ent 0.280
  upd 7480 | return   24.300 | deliv  24.30 | blocked  1.1% | idle  0.0% | ent 0.313
  upd 7481 | return   24.200 | deliv  24.20 | blocked  1.1% | idle  0.0% | ent 0.296
  upd 7482 | return   24.600 | deliv  24.60 | blocked  1.1% | idle  0.0% | ent 0.277
  upd 7483 | return   26.300 | deliv  26.30 | blocked  1.3% | idle  0.0% | ent 0.277
  upd 7484 | return   24.100 | deliv  24.10 | blocked  1.4% | idle  0.0% | ent 0.284
  upd 7485 | return   24.400 | deliv  24.40 | blocked  1.5% | idle  0.0% | ent 0.268
  upd 7486 | return   27.900 | deliv  27.90 | blocked  1.1% | idle  0.0% | ent 0.281
  upd 7487 | return   23.400 | deliv  23.40 | blocked  1.5% | idle  0.0% | ent 0.290
  upd 7488 | return   24.800 | deliv  24.80 | blocked  1.8% | idle  0.0% | ent 0.307
  upd 7489 | return   27.000 | deliv  27.00 | blocked  1.3% | idle  0.0% | ent 0.292
  upd 7490 | return   25.400 | deliv  25.40 | blocked  1.9% | idle  0.0% | ent 0.300
  upd 7491 | return   26.000 | deliv  26.00 | blocked  2.1% | idle  0.0% | ent 0.281
  upd 7492 | return   25.800 | deliv  25.80 | blocked  1.6% | idle  0.0% | ent 0.302
  upd 7493 | return   23.500 | deliv  23.50 | blocked  1.6% | idle  0.0% | ent 0.286
  upd 7494 | return   24.400 | deliv  24.40 | blocked  1.5% | idle  0.0% | ent 0.270
  upd 7495 | return   22.100 | deliv  22.10 | blocked  1.5% | idle  0.0% | ent 0.276
  upd 7496 | return   25.500 | deliv  25.50 | blocked  1.5% | idle  0.0% | ent 0.280
  upd 7497 | return   23.800 | deliv  23.80 | blocked  1.5% | idle  0.0% | ent 0.277
  upd 7498 | return   26.900 | deliv  26.90 | blocked  1.2% | idle  0.0% | ent 0.307
  upd 7499 | return   22.800 | deliv  22.80 | blocked  2.6% | idle  0.0% | ent 0.291
  [replay @ update 7500] return 28.00  deliveries 28  -> runs/mappo_evo_tiny-4ag_seed2/replays/replay_upd007500_s0.npz
  upd 7500 | return   25.600 | deliv  25.60 | blocked  1.6% | idle  0.0% | ent 0.301
  upd 7501 | return   24.100 | deliv  24.10 | blocked  1.3% | idle  0.0% | ent 0.284
  upd 7502 | return   21.900 | deliv  21.90 | blocked  1.6% | idle  0.0% | ent 0.272
  upd 7503 | return   24.500 | deliv  24.50 | blocked  1.9% | idle  0.0% | ent 0.258
  upd 7504 | return   23.800 | deliv  23.80 | blocked  1.6% | idle  0.0% | ent 0.236
  upd 7505 | return   26.400 | deliv  26.40 | blocked  1.6% | idle  0.0% | ent 0.245
  upd 7506 | return   24.800 | deliv  24.80 | blocked  1.3% | idle  0.0% | ent 0.219
  upd 7507 | return   25.800 | deliv  25.80 | blocked  1.9% | idle  0.0% | ent 0.225
  upd 7508 | return   24.800 | deliv  24.80 | blocked  1.5% | idle  0.0% | ent 0.222
  upd 7509 | return   27.900 | deliv  27.90 | blocked  1.7% | idle  0.0% | ent 0.216
  upd 7510 | return   27.100 | deliv  27.10 | blocked  1.4% | idle  0.0% | ent 0.225
  upd 7511 | return   27.900 | deliv  27.90 | blocked  1.6% | idle  0.0% | ent 0.237
  upd 7512 | return   27.700 | deliv  27.70 | blocked  1.3% | idle  0.0% | ent 0.239
  upd 7513 | return   30.100 | deliv  30.10 | blocked  1.5% | idle  0.0% | ent 0.216
  upd 7514 | return   26.100 | deliv  26.10 | blocked  1.8% | idle  0.0% | ent 0.228
  upd 7515 | return   30.000 | deliv  30.00 | blocked  1.6% | idle  0.0% | ent 0.216
  upd 7516 | return   29.200 | deliv  29.20 | blocked  1.7% | idle  0.0% | ent 0.213
  upd 7517 | return   27.900 | deliv  27.90 | blocked  1.3% | idle  0.0% | ent 0.208
  upd 7518 | return   27.300 | deliv  27.30 | blocked  1.3% | idle  0.0% | ent 0.238
  upd 7519 | return   27.500 | deliv  27.50 | blocked  1.3% | idle  0.0% | ent 0.231
  upd 7520 | return   25.500 | deliv  25.50 | blocked  1.4% | idle  0.0% | ent 0.234
  upd 7521 | return   23.300 | deliv  23.30 | blocked  1.2% | idle  0.0% | ent 0.243
  upd 7522 | return   28.000 | deliv  28.00 | blocked  1.6% | idle  0.0% | ent 0.256
  upd 7523 | return   25.100 | deliv  25.10 | blocked  1.5% | idle  0.0% | ent 0.264
  upd 7524 | return   25.500 | deliv  25.50 | blocked  1.7% | idle  0.0% | ent 0.249
  upd 7525 | return   28.400 | deliv  28.40 | blocked  1.6% | idle  0.0% | ent 0.253
  upd 7526 | return   23.300 | deliv  23.30 | blocked  1.4% | idle  0.0% | ent 0.235
  upd 7527 | return   24.000 | deliv  24.00 | blocked  2.1% | idle  0.0% | ent 0.234
  upd 7528 | return   24.000 | deliv  24.00 | blocked  3.6% | idle  0.0% | ent 0.244
  upd 7529 | return   22.900 | deliv  22.90 | blocked  1.9% | idle  0.0% | ent 0.219
  upd 7530 | return   25.100 | deliv  25.10 | blocked  1.7% | idle  0.0% | ent 0.216
  upd 7531 | return   29.800 | deliv  29.80 | blocked  1.5% | idle  0.0% | ent 0.232
  upd 7532 | return   26.900 | deliv  26.90 | blocked  2.4% | idle  0.0% | ent 0.236
  upd 7533 | return   24.800 | deliv  24.80 | blocked  2.0% | idle  0.0% | ent 0.216
  upd 7534 | return   25.900 | deliv  25.90 | blocked  2.7% | idle  0.0% | ent 0.228
  upd 7535 | return   27.700 | deliv  27.70 | blocked  1.7% | idle  0.0% | ent 0.227
  upd 7536 | return   30.200 | deliv  30.20 | blocked  1.5% | idle  0.0% | ent 0.240
  upd 7537 | return   25.300 | deliv  25.30 | blocked  2.5% | idle  0.0% | ent 0.239
  upd 7538 | return   27.500 | deliv  27.50 | blocked  1.4% | idle  0.0% | ent 0.272
  upd 7539 | return   25.300 | deliv  25.30 | blocked  1.8% | idle  0.0% | ent 0.265
  upd 7540 | return   23.600 | deliv  23.60 | blocked  1.5% | idle  0.0% | ent 0.269
  upd 7541 | return   21.900 | deliv  21.90 | blocked  1.7% | idle  0.0% | ent 0.280
  upd 7542 | return   21.700 | deliv  21.70 | blocked  1.2% | idle  0.0% | ent 0.259
  upd 7543 | return   23.500 | deliv  23.50 | blocked  1.5% | idle  0.0% | ent 0.237
  upd 7544 | return   25.400 | deliv  25.40 | blocked  2.0% | idle  0.0% | ent 0.260
  upd 7545 | return   23.100 | deliv  23.10 | blocked  1.8% | idle  0.0% | ent 0.253
  upd 7546 | return   17.500 | deliv  17.50 | blocked  2.9% | idle  0.0% | ent 0.225
  upd 7547 | return   23.500 | deliv  23.50 | blocked  1.8% | idle  0.0% | ent 0.245
  upd 7548 | return   22.300 | deliv  22.30 | blocked  1.3% | idle  0.0% | ent 0.227
  upd 7549 | return   23.900 | deliv  23.90 | blocked  2.0% | idle  0.0% | ent 0.229
  upd 7550 | return   21.900 | deliv  21.90 | blocked  1.5% | idle  0.0% | ent 0.214
  upd 7551 | return   23.400 | deliv  23.40 | blocked  1.4% | idle  0.0% | ent 0.229
  upd 7552 | return   22.700 | deliv  22.70 | blocked  1.5% | idle  0.0% | ent 0.221
  upd 7553 | return   22.000 | deliv  22.00 | blocked  1.6% | idle  0.0% | ent 0.224
  upd 7554 | return   23.900 | deliv  23.90 | blocked  1.2% | idle  0.0% | ent 0.224
  upd 7555 | return   25.700 | deliv  25.70 | blocked  1.7% | idle  0.0% | ent 0.223
  upd 7556 | return   24.300 | deliv  24.30 | blocked  1.9% | idle  0.0% | ent 0.212
  upd 7557 | return   23.100 | deliv  23.10 | blocked  2.2% | idle  0.0% | ent 0.227
  upd 7558 | return   20.300 | deliv  20.30 | blocked  2.4% | idle  0.0% | ent 0.194
  upd 7559 | return   22.400 | deliv  22.40 | blocked  2.1% | idle  0.0% | ent 0.204
  upd 7560 | return   23.100 | deliv  23.10 | blocked  1.9% | idle  0.0% | ent 0.208
  upd 7561 | return   22.300 | deliv  22.30 | blocked  1.3% | idle  0.0% | ent 0.217
  upd 7562 | return   23.000 | deliv  23.00 | blocked  1.3% | idle  0.0% | ent 0.206
  upd 7563 | return   24.000 | deliv  24.00 | blocked  1.9% | idle  0.0% | ent 0.225
  upd 7564 | return   24.300 | deliv  24.30 | blocked  1.5% | idle  0.0% | ent 0.255
  upd 7565 | return   21.500 | deliv  21.50 | blocked  2.8% | idle  0.0% | ent 0.211
  upd 7566 | return   22.700 | deliv  22.70 | blocked  1.8% | idle  0.0% | ent 0.221
  upd 7567 | return   22.600 | deliv  22.60 | blocked  1.7% | idle  0.0% | ent 0.212
  upd 7568 | return   21.000 | deliv  21.00 | blocked  3.2% | idle  0.0% | ent 0.232
  upd 7569 | return   23.100 | deliv  23.10 | blocked  2.7% | idle  0.0% | ent 0.221
  upd 7570 | return   22.500 | deliv  22.50 | blocked  1.6% | idle  0.0% | ent 0.219
  upd 7571 | return   15.000 | deliv  15.00 | blocked  2.0% | idle  0.0% | ent 0.189
  upd 7572 | return   14.800 | deliv  14.80 | blocked  1.6% | idle  0.0% | ent 0.203
  upd 7573 | return   18.700 | deliv  18.70 | blocked  1.0% | idle  0.0% | ent 0.197
  upd 7574 | return   21.400 | deliv  21.40 | blocked  1.5% | idle  0.0% | ent 0.199
  upd 7575 | return   17.700 | deliv  17.70 | blocked  1.6% | idle  0.0% | ent 0.177
  upd 7576 | return   18.000 | deliv  18.00 | blocked  1.7% | idle  0.0% | ent 0.189
  upd 7577 | return   19.600 | deliv  19.60 | blocked  1.3% | idle  0.0% | ent 0.186
  upd 7578 | return   20.600 | deliv  20.60 | blocked  1.7% | idle  0.0% | ent 0.183
  upd 7579 | return   20.700 | deliv  20.70 | blocked  1.4% | idle  0.0% | ent 0.188
  upd 7580 | return   20.500 | deliv  20.50 | blocked  1.3% | idle  0.0% | ent 0.179
  upd 7581 | return   23.000 | deliv  23.00 | blocked  1.6% | idle  0.0% | ent 0.178
  upd 7582 | return   24.300 | deliv  24.30 | blocked  1.6% | idle  0.0% | ent 0.188
  upd 7583 | return   24.000 | deliv  24.00 | blocked  1.7% | idle  0.0% | ent 0.183
  upd 7584 | return   25.000 | deliv  25.00 | blocked  1.9% | idle  0.0% | ent 0.198
  upd 7585 | return   22.600 | deliv  22.60 | blocked  1.6% | idle  0.0% | ent 0.192
  upd 7586 | return   23.700 | deliv  23.70 | blocked  1.3% | idle  0.0% | ent 0.203
  upd 7587 | return   26.500 | deliv  26.50 | blocked  1.6% | idle  0.0% | ent 0.218
  upd 7588 | return   22.800 | deliv  22.80 | blocked  2.1% | idle  0.0% | ent 0.194
  upd 7589 | return   20.600 | deliv  20.60 | blocked  1.5% | idle  0.0% | ent 0.196
  upd 7590 | return   18.500 | deliv  18.50 | blocked  1.7% | idle  0.0% | ent 0.193
  upd 7591 | return   20.800 | deliv  20.80 | blocked  1.5% | idle  0.0% | ent 0.192
  upd 7592 | return   20.700 | deliv  20.70 | blocked  1.3% | idle  0.0% | ent 0.207
  upd 7593 | return   20.900 | deliv  20.90 | blocked  1.5% | idle  0.0% | ent 0.195
  upd 7594 | return   23.600 | deliv  23.60 | blocked  1.5% | idle  0.0% | ent 0.229
  upd 7595 | return   22.200 | deliv  22.20 | blocked  1.6% | idle  0.0% | ent 0.222
  upd 7596 | return   19.500 | deliv  19.50 | blocked  1.5% | idle  0.0% | ent 0.215
  upd 7597 | return   22.000 | deliv  22.00 | blocked  1.4% | idle  0.0% | ent 0.224
  upd 7598 | return   23.500 | deliv  23.50 | blocked  1.2% | idle  0.0% | ent 0.227
  upd 7599 | return   23.000 | deliv  23.00 | blocked  1.5% | idle  0.0% | ent 0.229
  [replay @ update 7600] return 34.00  deliveries 34  -> runs/mappo_evo_tiny-4ag_seed2/replays/replay_upd007600_s0.npz
  upd 7600 | return   22.600 | deliv  22.60 | blocked  1.6% | idle  0.0% | ent 0.209
  upd 7601 | return   20.000 | deliv  20.00 | blocked  1.4% | idle  0.0% | ent 0.203
  upd 7602 | return   24.800 | deliv  24.80 | blocked  1.4% | idle  0.0% | ent 0.204
  upd 7603 | return   21.500 | deliv  21.50 | blocked  1.4% | idle  0.0% | ent 0.198
  upd 7604 | return   26.400 | deliv  26.40 | blocked  1.3% | idle  0.0% | ent 0.202
  upd 7605 | return   25.400 | deliv  25.40 | blocked  2.3% | idle  0.0% | ent 0.248
  upd 7606 | return   24.800 | deliv  24.80 | blocked  1.2% | idle  0.0% | ent 0.217
  upd 7607 | return   19.700 | deliv  19.70 | blocked  1.5% | idle  0.0% | ent 0.196
  upd 7608 | return   25.400 | deliv  25.40 | blocked  1.2% | idle  0.0% | ent 0.221
  upd 7609 | return   25.600 | deliv  25.60 | blocked  1.5% | idle  0.0% | ent 0.218
  upd 7610 | return   23.600 | deliv  23.60 | blocked  1.3% | idle  0.0% | ent 0.221
  upd 7611 | return   26.500 | deliv  26.50 | blocked  1.4% | idle  0.0% | ent 0.224
  upd 7612 | return   26.300 | deliv  26.30 | blocked  1.7% | idle  0.0% | ent 0.222
  upd 7613 | return   22.500 | deliv  22.50 | blocked  1.7% | idle  0.0% | ent 0.223
  upd 7614 | return   27.700 | deliv  27.70 | blocked  1.5% | idle  0.0% | ent 0.240
  upd 7615 | return   25.200 | deliv  25.20 | blocked  1.8% | idle  0.0% | ent 0.226
  upd 7616 | return   25.900 | deliv  25.90 | blocked  1.8% | idle  0.0% | ent 0.240
  upd 7617 | return   27.000 | deliv  27.00 | blocked  1.4% | idle  0.0% | ent 0.234
  upd 7618 | return   28.300 | deliv  28.30 | blocked  1.3% | idle  0.0% | ent 0.235
  upd 7619 | return   26.800 | deliv  26.80 | blocked  1.5% | idle  0.0% | ent 0.239
  upd 7620 | return   28.700 | deliv  28.70 | blocked  1.7% | idle  0.0% | ent 0.236
  upd 7621 | return   30.000 | deliv  30.00 | blocked  1.4% | idle  0.0% | ent 0.238
  upd 7622 | return   28.400 | deliv  28.40 | blocked  1.5% | idle  0.0% | ent 0.227
  upd 7623 | return   30.000 | deliv  30.00 | blocked  1.3% | idle  0.0% | ent 0.224
  upd 7624 | return   29.100 | deliv  29.10 | blocked  1.5% | idle  0.0% | ent 0.229
  upd 7625 | return   27.700 | deliv  27.70 | blocked  1.5% | idle  0.0% | ent 0.212
  upd 7626 | return   30.800 | deliv  30.80 | blocked  1.4% | idle  0.0% | ent 0.215
  upd 7627 | return   30.000 | deliv  30.00 | blocked  1.6% | idle  0.0% | ent 0.201
  upd 7628 | return   30.900 | deliv  30.90 | blocked  1.3% | idle  0.0% | ent 0.200
  upd 7629 | return   29.400 | deliv  29.40 | blocked  2.3% | idle  0.0% | ent 0.199
  upd 7630 | return   29.800 | deliv  29.80 | blocked  2.2% | idle  0.0% | ent 0.201
  upd 7631 | return   27.100 | deliv  27.10 | blocked  1.5% | idle  0.0% | ent 0.201
  upd 7632 | return   26.800 | deliv  26.80 | blocked  1.2% | idle  0.0% | ent 0.195
  upd 7633 | return   30.200 | deliv  30.20 | blocked  1.5% | idle  0.0% | ent 0.199
  upd 7634 | return   28.600 | deliv  28.60 | blocked  1.4% | idle  0.0% | ent 0.202
  upd 7635 | return   27.700 | deliv  27.70 | blocked  2.0% | idle  0.0% | ent 0.208
  upd 7636 | return   29.500 | deliv  29.50 | blocked  1.0% | idle  0.0% | ent 0.206
  upd 7637 | return   29.400 | deliv  29.40 | blocked  1.5% | idle  0.0% | ent 0.199
  upd 7638 | return   30.300 | deliv  30.30 | blocked  1.2% | idle  0.0% | ent 0.194
  upd 7639 | return   28.200 | deliv  28.20 | blocked  1.3% | idle  0.0% | ent 0.207
  upd 7640 | return   29.600 | deliv  29.60 | blocked  2.0% | idle  0.0% | ent 0.206
  upd 7641 | return   28.400 | deliv  28.40 | blocked  1.4% | idle  0.0% | ent 0.224
  upd 7642 | return   29.100 | deliv  29.10 | blocked  2.9% | idle  0.0% | ent 0.229
  upd 7643 | return   28.500 | deliv  28.50 | blocked  1.1% | idle  0.0% | ent 0.212
  upd 7644 | return   27.200 | deliv  27.20 | blocked  1.0% | idle  0.0% | ent 0.217
  upd 7645 | return   28.200 | deliv  28.20 | blocked  1.7% | idle  0.0% | ent 0.214
  upd 7646 | return   31.500 | deliv  31.50 | blocked  1.0% | idle  0.0% | ent 0.210
  upd 7647 | return   29.600 | deliv  29.60 | blocked  1.5% | idle  0.0% | ent 0.231
  upd 7648 | return   30.800 | deliv  30.80 | blocked  1.6% | idle  0.0% | ent 0.210
  upd 7649 | return   30.200 | deliv  30.20 | blocked  1.6% | idle  0.0% | ent 0.214
  upd 7650 | return   30.100 | deliv  30.10 | blocked  1.9% | idle  0.0% | ent 0.208
  upd 7651 | return   26.600 | deliv  26.60 | blocked  1.6% | idle  0.0% | ent 0.212
  upd 7652 | return   28.200 | deliv  28.20 | blocked  1.5% | idle  0.0% | ent 0.222
  upd 7653 | return   26.900 | deliv  26.90 | blocked  1.3% | idle  0.0% | ent 0.229
  upd 7654 | return   27.500 | deliv  27.50 | blocked  1.2% | idle  0.0% | ent 0.212
  upd 7655 | return   28.000 | deliv  28.00 | blocked  1.5% | idle  0.0% | ent 0.228
  upd 7656 | return   28.100 | deliv  28.10 | blocked  1.4% | idle  0.0% | ent 0.229
  upd 7657 | return   31.400 | deliv  31.40 | blocked  1.7% | idle  0.0% | ent 0.234
  upd 7658 | return   27.000 | deliv  27.00 | blocked  1.7% | idle  0.0% | ent 0.247
  upd 7659 | return   24.000 | deliv  24.00 | blocked  1.6% | idle  0.0% | ent 0.239
  upd 7660 | return   27.200 | deliv  27.20 | blocked  1.6% | idle  0.0% | ent 0.219
  upd 7661 | return   24.500 | deliv  24.50 | blocked  2.1% | idle  0.0% | ent 0.215
  upd 7662 | return   27.900 | deliv  27.90 | blocked  1.4% | idle  0.0% | ent 0.229
  upd 7663 | return   24.600 | deliv  24.60 | blocked  2.7% | idle  0.0% | ent 0.232
  upd 7664 | return   30.000 | deliv  30.00 | blocked  1.4% | idle  0.0% | ent 0.222
  upd 7665 | return   26.700 | deliv  26.70 | blocked  1.9% | idle  0.0% | ent 0.213
  upd 7666 | return   28.300 | deliv  28.30 | blocked  1.5% | idle  0.0% | ent 0.223
  upd 7667 | return   30.000 | deliv  30.00 | blocked  1.4% | idle  0.0% | ent 0.207
  upd 7668 | return   31.400 | deliv  31.40 | blocked  1.7% | idle  0.0% | ent 0.203
  upd 7669 | return   30.900 | deliv  30.90 | blocked  1.6% | idle  0.0% | ent 0.204
  upd 7670 | return   32.000 | deliv  32.00 | blocked  1.4% | idle  0.0% | ent 0.201
  upd 7671 | return   30.200 | deliv  30.20 | blocked  1.5% | idle  0.0% | ent 0.184
  upd 7672 | return   25.000 | deliv  25.00 | blocked  2.1% | idle  0.0% | ent 0.182
  upd 7673 | return   28.300 | deliv  28.30 | blocked  2.0% | idle  0.0% | ent 0.173
  upd 7674 | return   29.700 | deliv  29.70 | blocked  1.8% | idle  0.0% | ent 0.174
  upd 7675 | return   26.600 | deliv  26.60 | blocked  2.1% | idle  0.0% | ent 0.191
  upd 7676 | return   28.200 | deliv  28.20 | blocked  2.4% | idle  0.0% | ent 0.181
  upd 7677 | return   26.500 | deliv  26.50 | blocked  1.6% | idle  0.0% | ent 0.172
  upd 7678 | return   30.500 | deliv  30.50 | blocked  1.5% | idle  0.0% | ent 0.187
  upd 7679 | return   30.800 | deliv  30.80 | blocked  1.5% | idle  0.0% | ent 0.184
  upd 7680 | return   26.900 | deliv  26.90 | blocked  1.5% | idle  0.0% | ent 0.185
  upd 7681 | return   29.100 | deliv  29.10 | blocked  2.2% | idle  0.0% | ent 0.184
  upd 7682 | return   28.000 | deliv  28.00 | blocked  1.6% | idle  0.0% | ent 0.182
  upd 7683 | return   27.800 | deliv  27.80 | blocked  1.9% | idle  0.0% | ent 0.187
  upd 7684 | return   25.500 | deliv  25.50 | blocked  2.5% | idle  0.0% | ent 0.189
  upd 7685 | return   28.600 | deliv  28.60 | blocked  1.9% | idle  0.0% | ent 0.203
  upd 7686 | return   29.100 | deliv  29.10 | blocked  1.8% | idle  0.0% | ent 0.200
  upd 7687 | return   31.000 | deliv  31.00 | blocked  1.7% | idle  0.0% | ent 0.193
  upd 7688 | return   31.500 | deliv  31.50 | blocked  1.6% | idle  0.0% | ent 0.193
  upd 7689 | return   30.200 | deliv  30.20 | blocked  2.1% | idle  0.0% | ent 0.188
  upd 7690 | return   30.600 | deliv  30.60 | blocked  1.5% | idle  0.0% | ent 0.206
  upd 7691 | return   25.800 | deliv  25.80 | blocked  2.1% | idle  0.0% | ent 0.195
  upd 7692 | return   30.500 | deliv  30.50 | blocked  1.1% | idle  0.0% | ent 0.186
  upd 7693 | return   28.300 | deliv  28.30 | blocked  1.8% | idle  0.0% | ent 0.179
  upd 7694 | return   30.100 | deliv  30.10 | blocked  1.6% | idle  0.0% | ent 0.188
  upd 7695 | return   30.300 | deliv  30.30 | blocked  1.5% | idle  0.0% | ent 0.182
  upd 7696 | return   31.600 | deliv  31.60 | blocked  1.4% | idle  0.0% | ent 0.184
  upd 7697 | return   30.900 | deliv  30.90 | blocked  1.7% | idle  0.0% | ent 0.183
  upd 7698 | return   30.800 | deliv  30.80 | blocked  2.0% | idle  0.0% | ent 0.176
  upd 7699 | return   30.200 | deliv  30.20 | blocked  1.2% | idle  0.0% | ent 0.182
  [replay @ update 7700] return 31.00  deliveries 31  -> runs/mappo_evo_tiny-4ag_seed2/replays/replay_upd007700_s0.npz
  upd 7700 | return   29.800 | deliv  29.80 | blocked  1.5% | idle  0.0% | ent 0.175
  upd 7701 | return   30.800 | deliv  30.80 | blocked  1.9% | idle  0.0% | ent 0.184
  upd 7702 | return   32.900 | deliv  32.90 | blocked  1.6% | idle  0.0% | ent 0.184
  upd 7703 | return   30.400 | deliv  30.40 | blocked  1.2% | idle  0.0% | ent 0.196
  upd 7704 | return   21.400 | deliv  21.40 | blocked  2.0% | idle  0.0% | ent 0.201
  upd 7705 | return   24.800 | deliv  24.80 | blocked  2.0% | idle  0.0% | ent 0.196
  upd 7706 | return   27.000 | deliv  27.00 | blocked  1.8% | idle  0.0% | ent 0.207
  upd 7707 | return   30.300 | deliv  30.30 | blocked  1.7% | idle  0.0% | ent 0.192
  upd 7708 | return   26.600 | deliv  26.60 | blocked  1.4% | idle  0.0% | ent 0.215
  upd 7709 | return   26.000 | deliv  26.00 | blocked  2.0% | idle  0.0% | ent 0.223
  upd 7710 | return   27.600 | deliv  27.60 | blocked  1.6% | idle  0.0% | ent 0.200
  upd 7711 | return   32.100 | deliv  32.10 | blocked  1.4% | idle  0.0% | ent 0.215
  upd 7712 | return   29.700 | deliv  29.70 | blocked  2.0% | idle  0.0% | ent 0.206
  upd 7713 | return   28.900 | deliv  28.90 | blocked  1.6% | idle  0.0% | ent 0.217
  upd 7714 | return   29.000 | deliv  29.00 | blocked  1.7% | idle  0.0% | ent 0.214
  upd 7715 | return   30.300 | deliv  30.30 | blocked  1.5% | idle  0.0% | ent 0.213
  upd 7716 | return   30.500 | deliv  30.50 | blocked  1.3% | idle  0.0% | ent 0.209
  upd 7717 | return   30.500 | deliv  30.50 | blocked  1.5% | idle  0.0% | ent 0.201
  upd 7718 | return   27.400 | deliv  27.40 | blocked  2.1% | idle  0.0% | ent 0.194
  upd 7719 | return   29.800 | deliv  29.80 | blocked  1.9% | idle  0.0% | ent 0.201
  upd 7720 | return   27.500 | deliv  27.50 | blocked  1.7% | idle  0.0% | ent 0.207
  upd 7721 | return   28.800 | deliv  28.80 | blocked  1.7% | idle  0.0% | ent 0.205
  upd 7722 | return   21.400 | deliv  21.40 | blocked  2.8% | idle  0.0% | ent 0.198
  upd 7723 | return   29.400 | deliv  29.40 | blocked  1.4% | idle  0.0% | ent 0.196
  upd 7724 | return   29.300 | deliv  29.30 | blocked  1.8% | idle  0.0% | ent 0.186
  upd 7725 | return   27.400 | deliv  27.40 | blocked  1.8% | idle  0.0% | ent 0.211
  upd 7726 | return   32.200 | deliv  32.20 | blocked  1.8% | idle  0.0% | ent 0.214
  upd 7727 | return   28.800 | deliv  28.80 | blocked  1.6% | idle  0.0% | ent 0.220
  upd 7728 | return   31.000 | deliv  31.00 | blocked  2.0% | idle  0.0% | ent 0.199
  upd 7729 | return   29.700 | deliv  29.70 | blocked  2.1% | idle  0.0% | ent 0.199
  upd 7730 | return   29.400 | deliv  29.40 | blocked  2.1% | idle  0.0% | ent 0.188
  upd 7731 | return   29.800 | deliv  29.80 | blocked  1.5% | idle  0.0% | ent 0.206
  upd 7732 | return   26.500 | deliv  26.50 | blocked  2.1% | idle  0.0% | ent 0.221
  upd 7733 | return   29.700 | deliv  29.70 | blocked  2.0% | idle  0.0% | ent 0.219
  upd 7734 | return   29.400 | deliv  29.40 | blocked  1.7% | idle  0.0% | ent 0.211
  upd 7735 | return   28.200 | deliv  28.20 | blocked  2.4% | idle  0.0% | ent 0.208
  upd 7736 | return   26.800 | deliv  26.80 | blocked  2.7% | idle  0.0% | ent 0.224
  upd 7737 | return   26.200 | deliv  26.20 | blocked  2.3% | idle  0.0% | ent 0.217
  upd 7738 | return   26.500 | deliv  26.50 | blocked  3.1% | idle  0.0% | ent 0.229
  upd 7739 | return   29.400 | deliv  29.40 | blocked  1.8% | idle  0.0% | ent 0.219
  upd 7740 | return   29.900 | deliv  29.90 | blocked  2.4% | idle  0.0% | ent 0.213
  upd 7741 | return   27.600 | deliv  27.60 | blocked  2.7% | idle  0.0% | ent 0.206
  upd 7742 | return   29.900 | deliv  29.90 | blocked  2.1% | idle  0.0% | ent 0.211
  upd 7743 | return   27.600 | deliv  27.60 | blocked  2.4% | idle  0.0% | ent 0.209
  upd 7744 | return   30.600 | deliv  30.60 | blocked  1.9% | idle  0.0% | ent 0.192
  upd 7745 | return   30.500 | deliv  30.50 | blocked  1.5% | idle  0.0% | ent 0.184
  upd 7746 | return   29.100 | deliv  29.10 | blocked  2.0% | idle  0.0% | ent 0.196
  upd 7747 | return   28.800 | deliv  28.80 | blocked  2.2% | idle  0.0% | ent 0.216
  upd 7748 | return   29.500 | deliv  29.50 | blocked  1.5% | idle  0.0% | ent 0.195
  upd 7749 | return   29.300 | deliv  29.30 | blocked  2.2% | idle  0.0% | ent 0.200
  upd 7750 | return   27.700 | deliv  27.70 | blocked  2.0% | idle  0.0% | ent 0.213
  upd 7751 | return   28.400 | deliv  28.40 | blocked  3.1% | idle  0.0% | ent 0.217
  upd 7752 | return   27.300 | deliv  27.30 | blocked  2.4% | idle  0.0% | ent 0.232
  upd 7753 | return   29.200 | deliv  29.20 | blocked  1.8% | idle  0.0% | ent 0.229
  upd 7754 | return   29.100 | deliv  29.10 | blocked  2.7% | idle  0.0% | ent 0.231
  upd 7755 | return   29.700 | deliv  29.70 | blocked  2.0% | idle  0.0% | ent 0.220
  upd 7756 | return   28.700 | deliv  28.70 | blocked  2.1% | idle  0.0% | ent 0.222
  upd 7757 | return   26.300 | deliv  26.30 | blocked  2.4% | idle  0.0% | ent 0.233
  upd 7758 | return   29.300 | deliv  29.30 | blocked  2.6% | idle  0.0% | ent 0.233
  upd 7759 | return   28.600 | deliv  28.60 | blocked  1.9% | idle  0.0% | ent 0.227
  upd 7760 | return   29.200 | deliv  29.20 | blocked  1.8% | idle  0.0% | ent 0.231
  upd 7761 | return   22.800 | deliv  22.80 | blocked  2.3% | idle  0.0% | ent 0.240
  upd 7762 | return   29.400 | deliv  29.40 | blocked  1.6% | idle  0.0% | ent 0.230
  upd 7763 | return   27.100 | deliv  27.10 | blocked  1.6% | idle  0.0% | ent 0.222
  upd 7764 | return   29.800 | deliv  29.80 | blocked  1.5% | idle  0.0% | ent 0.217
  upd 7765 | return   30.200 | deliv  30.20 | blocked  1.4% | idle  0.0% | ent 0.221
  upd 7766 | return   30.600 | deliv  30.60 | blocked  1.4% | idle  0.0% | ent 0.239
  upd 7767 | return   30.000 | deliv  30.00 | blocked  1.3% | idle  0.0% | ent 0.228
  upd 7768 | return   30.000 | deliv  30.00 | blocked  2.2% | idle  0.0% | ent 0.228
  upd 7769 | return   30.400 | deliv  30.40 | blocked  1.2% | idle  0.0% | ent 0.241
  upd 7770 | return   30.100 | deliv  30.10 | blocked  1.0% | idle  0.0% | ent 0.234
  upd 7771 | return   31.500 | deliv  31.50 | blocked  1.8% | idle  0.0% | ent 0.247
  upd 7772 | return   29.700 | deliv  29.70 | blocked  1.2% | idle  0.0% | ent 0.249
  upd 7773 | return   30.500 | deliv  30.50 | blocked  1.0% | idle  0.0% | ent 0.262
  upd 7774 | return   30.400 | deliv  30.40 | blocked  0.9% | idle  0.0% | ent 0.260
  upd 7775 | return   27.400 | deliv  27.40 | blocked  1.3% | idle  0.0% | ent 0.272
  upd 7776 | return   30.200 | deliv  30.20 | blocked  1.3% | idle  0.0% | ent 0.245
  upd 7777 | return   29.700 | deliv  29.70 | blocked  1.3% | idle  0.0% | ent 0.250
  upd 7778 | return   26.300 | deliv  26.30 | blocked  3.0% | idle  0.0% | ent 0.293
  upd 7779 | return   26.300 | deliv  26.30 | blocked  3.7% | idle  0.0% | ent 0.300
  upd 7780 | return   29.400 | deliv  29.40 | blocked  2.0% | idle  0.0% | ent 0.257
  upd 7781 | return   28.300 | deliv  28.30 | blocked  1.5% | idle  0.0% | ent 0.254
  upd 7782 | return   31.000 | deliv  31.00 | blocked  1.9% | idle  0.0% | ent 0.249
  upd 7783 | return   25.200 | deliv  25.20 | blocked  3.6% | idle  0.0% | ent 0.265
  upd 7784 | return   24.900 | deliv  24.90 | blocked  3.1% | idle  0.0% | ent 0.247
  upd 7785 | return   25.900 | deliv  25.90 | blocked  3.0% | idle  0.0% | ent 0.254
  upd 7786 | return   29.200 | deliv  29.20 | blocked  2.0% | idle  0.0% | ent 0.233
  upd 7787 | return   29.900 | deliv  29.90 | blocked  1.5% | idle  0.0% | ent 0.230
  upd 7788 | return   28.100 | deliv  28.10 | blocked  1.7% | idle  0.0% | ent 0.225
  upd 7789 | return   28.600 | deliv  28.60 | blocked  1.6% | idle  0.0% | ent 0.232
  upd 7790 | return   27.700 | deliv  27.70 | blocked  2.3% | idle  0.0% | ent 0.228
  upd 7791 | return   28.800 | deliv  28.80 | blocked  2.5% | idle  0.0% | ent 0.243
  upd 7792 | return   30.800 | deliv  30.80 | blocked  1.5% | idle  0.0% | ent 0.225
  upd 7793 | return   30.100 | deliv  30.10 | blocked  1.4% | idle  0.0% | ent 0.228
  upd 7794 | return   31.200 | deliv  31.20 | blocked  2.1% | idle  0.0% | ent 0.232
  upd 7795 | return   32.200 | deliv  32.20 | blocked  1.6% | idle  0.0% | ent 0.229
  upd 7796 | return   25.900 | deliv  25.90 | blocked  1.4% | idle  0.0% | ent 0.235
  upd 7797 | return   28.900 | deliv  28.90 | blocked  1.4% | idle  0.0% | ent 0.246
  upd 7798 | return   28.000 | deliv  28.00 | blocked  1.9% | idle  0.0% | ent 0.237
  upd 7799 | return   30.800 | deliv  30.80 | blocked  1.5% | idle  0.0% | ent 0.239
  [replay @ update 7800] return 24.00  deliveries 24  -> runs/mappo_evo_tiny-4ag_seed2/replays/replay_upd007800_s0.npz
  upd 7800 | return   30.500 | deliv  30.50 | blocked  1.4% | idle  0.0% | ent 0.235
  upd 7801 | return   28.700 | deliv  28.70 | blocked  1.9% | idle  0.0% | ent 0.260
  upd 7802 | return   31.200 | deliv  31.20 | blocked  1.2% | idle  0.0% | ent 0.229
  upd 7803 | return   29.400 | deliv  29.40 | blocked  1.5% | idle  0.0% | ent 0.242
  upd 7804 | return   30.200 | deliv  30.20 | blocked  1.2% | idle  0.0% | ent 0.239
  upd 7805 | return   31.400 | deliv  31.40 | blocked  1.1% | idle  0.0% | ent 0.236
  upd 7806 | return   29.600 | deliv  29.60 | blocked  2.0% | idle  0.0% | ent 0.247
  upd 7807 | return   32.100 | deliv  32.10 | blocked  1.3% | idle  0.0% | ent 0.227
  upd 7808 | return   32.900 | deliv  32.90 | blocked  1.4% | idle  0.0% | ent 0.205
  upd 7809 | return   30.300 | deliv  30.30 | blocked  1.9% | idle  0.0% | ent 0.208
  upd 7810 | return   31.400 | deliv  31.40 | blocked  2.2% | idle  0.0% | ent 0.220
  upd 7811 | return   32.600 | deliv  32.60 | blocked  1.5% | idle  0.0% | ent 0.210
  upd 7812 | return   28.800 | deliv  28.80 | blocked  2.6% | idle  0.0% | ent 0.218
  upd 7813 | return   33.400 | deliv  33.40 | blocked  1.2% | idle  0.0% | ent 0.203
  upd 7814 | return   32.800 | deliv  32.80 | blocked  1.5% | idle  0.0% | ent 0.209
  upd 7815 | return   30.200 | deliv  30.20 | blocked  1.4% | idle  0.0% | ent 0.199
  upd 7816 | return   31.000 | deliv  31.00 | blocked  1.5% | idle  0.0% | ent 0.190
  upd 7817 | return   28.100 | deliv  28.10 | blocked  1.9% | idle  0.0% | ent 0.227
  upd 7818 | return   27.200 | deliv  27.20 | blocked  2.1% | idle  0.0% | ent 0.204
  upd 7819 | return   25.700 | deliv  25.70 | blocked  2.9% | idle  0.0% | ent 0.227
  upd 7820 | return   29.800 | deliv  29.80 | blocked  1.9% | idle  0.0% | ent 0.210
  upd 7821 | return   31.300 | deliv  31.30 | blocked  1.6% | idle  0.0% | ent 0.204
  upd 7822 | return   30.600 | deliv  30.60 | blocked  1.5% | idle  0.0% | ent 0.200
  upd 7823 | return   30.600 | deliv  30.60 | blocked  2.0% | idle  0.0% | ent 0.203
  upd 7824 | return   29.600 | deliv  29.60 | blocked  2.2% | idle  0.0% | ent 0.202
  upd 7825 | return   29.800 | deliv  29.80 | blocked  2.1% | idle  0.0% | ent 0.198
  upd 7826 | return   32.300 | deliv  32.30 | blocked  2.3% | idle  0.0% | ent 0.187
  upd 7827 | return   30.300 | deliv  30.30 | blocked  1.3% | idle  0.0% | ent 0.187
  upd 7828 | return   30.600 | deliv  30.60 | blocked  1.6% | idle  0.0% | ent 0.190
  upd 7829 | return   28.700 | deliv  28.70 | blocked  1.9% | idle  0.0% | ent 0.189
  upd 7830 | return   27.600 | deliv  27.60 | blocked  3.0% | idle  0.0% | ent 0.206
  upd 7831 | return   29.100 | deliv  29.10 | blocked  3.8% | idle  0.0% | ent 0.210
  upd 7832 | return   26.200 | deliv  26.20 | blocked  4.3% | idle  0.0% | ent 0.214
  upd 7833 | return   30.700 | deliv  30.70 | blocked  3.9% | idle  0.0% | ent 0.215
  upd 7834 | return   25.700 | deliv  25.70 | blocked  2.9% | idle  0.0% | ent 0.203
  upd 7835 | return   29.200 | deliv  29.20 | blocked  2.2% | idle  0.0% | ent 0.210
  upd 7836 | return   27.900 | deliv  27.90 | blocked  3.5% | idle  0.0% | ent 0.231
  upd 7837 | return   26.200 | deliv  26.20 | blocked  2.2% | idle  0.0% | ent 0.209
  upd 7838 | return   25.900 | deliv  25.90 | blocked  2.4% | idle  0.0% | ent 0.218
  upd 7839 | return   30.000 | deliv  30.00 | blocked  1.6% | idle  0.0% | ent 0.210
  upd 7840 | return   28.900 | deliv  28.90 | blocked  2.3% | idle  0.0% | ent 0.215
  upd 7841 | return   32.900 | deliv  32.90 | blocked  2.2% | idle  0.0% | ent 0.198
  upd 7842 | return   32.600 | deliv  32.60 | blocked  1.7% | idle  0.0% | ent 0.201
  upd 7843 | return   33.300 | deliv  33.30 | blocked  1.4% | idle  0.0% | ent 0.209
  upd 7844 | return   29.900 | deliv  29.90 | blocked  1.6% | idle  0.0% | ent 0.218
  upd 7845 | return   30.700 | deliv  30.70 | blocked  2.0% | idle  0.0% | ent 0.213
  upd 7846 | return   32.900 | deliv  32.90 | blocked  1.2% | idle  0.0% | ent 0.216
  upd 7847 | return   29.000 | deliv  29.00 | blocked  1.6% | idle  0.0% | ent 0.232
  upd 7848 | return   28.300 | deliv  28.30 | blocked  1.2% | idle  0.0% | ent 0.220
  upd 7849 | return   29.100 | deliv  29.10 | blocked  1.0% | idle  0.0% | ent 0.233
  upd 7850 | return   30.600 | deliv  30.60 | blocked  1.1% | idle  0.0% | ent 0.234
  upd 7851 | return   28.400 | deliv  28.40 | blocked  1.6% | idle  0.0% | ent 0.217
  upd 7852 | return   27.900 | deliv  27.90 | blocked  1.4% | idle  0.0% | ent 0.221
  upd 7853 | return   29.800 | deliv  29.80 | blocked  1.7% | idle  0.0% | ent 0.219
  upd 7854 | return   29.900 | deliv  29.90 | blocked  1.5% | idle  0.0% | ent 0.224
  upd 7855 | return   29.000 | deliv  29.00 | blocked  1.8% | idle  0.0% | ent 0.223
  upd 7856 | return   24.400 | deliv  24.40 | blocked  2.6% | idle  0.0% | ent 0.239
  upd 7857 | return   24.500 | deliv  24.50 | blocked  4.8% | idle  0.0% | ent 0.259
  upd 7858 | return   27.300 | deliv  27.30 | blocked  1.4% | idle  0.0% | ent 0.226
  upd 7859 | return   28.200 | deliv  28.20 | blocked  1.5% | idle  0.0% | ent 0.203
  upd 7860 | return   29.100 | deliv  29.10 | blocked  2.1% | idle  0.0% | ent 0.214
  upd 7861 | return   27.700 | deliv  27.70 | blocked  1.8% | idle  0.0% | ent 0.231
  upd 7862 | return   29.800 | deliv  29.80 | blocked  1.8% | idle  0.0% | ent 0.242
  upd 7863 | return   27.400 | deliv  27.40 | blocked  2.0% | idle  0.0% | ent 0.255
  upd 7864 | return   30.200 | deliv  30.20 | blocked  2.3% | idle  0.0% | ent 0.247
  upd 7865 | return   30.100 | deliv  30.10 | blocked  3.0% | idle  0.0% | ent 0.249
  upd 7866 | return   27.100 | deliv  27.10 | blocked  2.7% | idle  0.0% | ent 0.260
  upd 7867 | return   30.100 | deliv  30.10 | blocked  2.6% | idle  0.0% | ent 0.270
  upd 7868 | return   23.800 | deliv  23.80 | blocked  2.6% | idle  0.0% | ent 0.273
  upd 7869 | return   27.800 | deliv  27.80 | blocked  2.0% | idle  0.0% | ent 0.276
  upd 7870 | return   29.800 | deliv  29.80 | blocked  1.4% | idle  0.0% | ent 0.252
  upd 7871 | return   28.900 | deliv  28.90 | blocked  1.5% | idle  0.0% | ent 0.267
  upd 7872 | return   28.000 | deliv  28.00 | blocked  1.4% | idle  0.0% | ent 0.241
  upd 7873 | return   27.200 | deliv  27.20 | blocked  0.9% | idle  0.0% | ent 0.239
  upd 7874 | return   30.700 | deliv  30.70 | blocked  1.2% | idle  0.0% | ent 0.228
  upd 7875 | return   28.900 | deliv  28.90 | blocked  1.1% | idle  0.0% | ent 0.228
  upd 7876 | return   30.600 | deliv  30.60 | blocked  0.9% | idle  0.0% | ent 0.225
  upd 7877 | return   30.200 | deliv  30.20 | blocked  1.1% | idle  0.0% | ent 0.252
  upd 7878 | return   28.600 | deliv  28.60 | blocked  1.1% | idle  0.0% | ent 0.253
  upd 7879 | return   28.400 | deliv  28.40 | blocked  1.5% | idle  0.0% | ent 0.248
  upd 7880 | return   29.200 | deliv  29.20 | blocked  1.1% | idle  0.0% | ent 0.247
  upd 7881 | return   28.100 | deliv  28.10 | blocked  1.3% | idle  0.0% | ent 0.260
  upd 7882 | return   30.600 | deliv  30.60 | blocked  1.3% | idle  0.0% | ent 0.246
  upd 7883 | return   29.400 | deliv  29.40 | blocked  1.3% | idle  0.0% | ent 0.242
  upd 7884 | return   25.500 | deliv  25.50 | blocked  1.3% | idle  0.0% | ent 0.249
  upd 7885 | return   26.600 | deliv  26.60 | blocked  1.3% | idle  0.0% | ent 0.239
  upd 7886 | return   30.100 | deliv  30.10 | blocked  1.3% | idle  0.0% | ent 0.228
  upd 7887 | return   30.300 | deliv  30.30 | blocked  1.4% | idle  0.0% | ent 0.221
  upd 7888 | return   29.700 | deliv  29.70 | blocked  1.4% | idle  0.0% | ent 0.222
  upd 7889 | return   30.400 | deliv  30.40 | blocked  1.6% | idle  0.0% | ent 0.220
  upd 7890 | return   31.200 | deliv  31.20 | blocked  1.8% | idle  0.0% | ent 0.229
  upd 7891 | return   26.200 | deliv  26.20 | blocked  1.3% | idle  0.0% | ent 0.221
  upd 7892 | return   27.100 | deliv  27.10 | blocked  1.4% | idle  0.0% | ent 0.219
  upd 7893 | return   24.400 | deliv  24.40 | blocked  1.6% | idle  0.0% | ent 0.227
  upd 7894 | return   23.400 | deliv  23.40 | blocked  1.2% | idle  0.0% | ent 0.224
  upd 7895 | return   23.800 | deliv  23.80 | blocked  1.9% | idle  0.0% | ent 0.221
  upd 7896 | return   26.800 | deliv  26.80 | blocked  1.5% | idle  0.0% | ent 0.218
  upd 7897 | return   28.800 | deliv  28.80 | blocked  1.4% | idle  0.0% | ent 0.215
  upd 7898 | return   27.800 | deliv  27.80 | blocked  1.0% | idle  0.0% | ent 0.232
  upd 7899 | return   25.900 | deliv  25.90 | blocked  1.2% | idle  0.0% | ent 0.240
  [replay @ update 7900] return 5.00  deliveries 5  -> runs/mappo_evo_tiny-4ag_seed2/replays/replay_upd007900_s0.npz
  upd 7900 | return   24.200 | deliv  24.20 | blocked  1.3% | idle  0.0% | ent 0.241
  upd 7901 | return   26.600 | deliv  26.60 | blocked  1.2% | idle  0.0% | ent 0.223
  upd 7902 | return   29.400 | deliv  29.40 | blocked  1.1% | idle  0.0% | ent 0.233
  upd 7903 | return   26.900 | deliv  26.90 | blocked  1.2% | idle  0.0% | ent 0.252
  upd 7904 | return   31.100 | deliv  31.10 | blocked  1.0% | idle  0.0% | ent 0.240
  upd 7905 | return   30.600 | deliv  30.60 | blocked  1.5% | idle  0.0% | ent 0.230
  upd 7906 | return   31.400 | deliv  31.40 | blocked  1.3% | idle  0.0% | ent 0.223
  upd 7907 | return   30.600 | deliv  30.60 | blocked  1.2% | idle  0.0% | ent 0.225
  upd 7908 | return   30.000 | deliv  30.00 | blocked  1.3% | idle  0.0% | ent 0.227
  upd 7909 | return   29.200 | deliv  29.20 | blocked  1.9% | idle  0.0% | ent 0.236
  upd 7910 | return   32.000 | deliv  32.00 | blocked  1.5% | idle  0.0% | ent 0.220
  upd 7911 | return   27.400 | deliv  27.40 | blocked  3.2% | idle  0.0% | ent 0.245
  upd 7912 | return   31.600 | deliv  31.60 | blocked  2.3% | idle  0.0% | ent 0.231
  upd 7913 | return   29.500 | deliv  29.50 | blocked  6.5% | idle  0.0% | ent 0.219
  upd 7914 | return   29.700 | deliv  29.70 | blocked  2.7% | idle  0.0% | ent 0.226
  upd 7915 | return   29.700 | deliv  29.70 | blocked  2.0% | idle  0.0% | ent 0.222
  upd 7916 | return   29.700 | deliv  29.70 | blocked  1.9% | idle  0.0% | ent 0.219
  upd 7917 | return   28.900 | deliv  28.90 | blocked  2.7% | idle  0.0% | ent 0.202
  upd 7918 | return   30.000 | deliv  30.00 | blocked  1.4% | idle  0.0% | ent 0.199
  upd 7919 | return   31.500 | deliv  31.50 | blocked  2.0% | idle  0.0% | ent 0.204
  upd 7920 | return   29.700 | deliv  29.70 | blocked  2.0% | idle  0.0% | ent 0.207
  upd 7921 | return   31.500 | deliv  31.50 | blocked  2.9% | idle  0.0% | ent 0.209
  upd 7922 | return   32.800 | deliv  32.80 | blocked  1.0% | idle  0.0% | ent 0.183
  upd 7923 | return   32.200 | deliv  32.20 | blocked  1.3% | idle  0.0% | ent 0.183
  upd 7924 | return   33.500 | deliv  33.50 | blocked  1.3% | idle  0.0% | ent 0.184
  upd 7925 | return   32.900 | deliv  32.90 | blocked  1.2% | idle  0.0% | ent 0.184
  upd 7926 | return   32.200 | deliv  32.20 | blocked  1.3% | idle  0.0% | ent 0.184
  upd 7927 | return   32.000 | deliv  32.00 | blocked  1.6% | idle  0.0% | ent 0.183
  upd 7928 | return   30.700 | deliv  30.70 | blocked  1.4% | idle  0.0% | ent 0.205
  upd 7929 | return   32.600 | deliv  32.60 | blocked  1.3% | idle  0.0% | ent 0.193
  upd 7930 | return   33.400 | deliv  33.40 | blocked  1.1% | idle  0.0% | ent 0.191
  upd 7931 | return   33.600 | deliv  33.60 | blocked  1.2% | idle  0.0% | ent 0.182
  upd 7932 | return   32.500 | deliv  32.50 | blocked  1.0% | idle  0.0% | ent 0.179
  upd 7933 | return   31.800 | deliv  31.80 | blocked  1.0% | idle  0.0% | ent 0.190
  upd 7934 | return   30.700 | deliv  30.70 | blocked  1.0% | idle  0.0% | ent 0.196
  upd 7935 | return   33.200 | deliv  33.20 | blocked  1.2% | idle  0.0% | ent 0.183
  upd 7936 | return   31.500 | deliv  31.50 | blocked  1.2% | idle  0.0% | ent 0.190
  upd 7937 | return   31.600 | deliv  31.60 | blocked  1.4% | idle  0.0% | ent 0.192
  upd 7938 | return   28.700 | deliv  28.70 | blocked  1.3% | idle  0.0% | ent 0.194
  upd 7939 | return   29.000 | deliv  29.00 | blocked  1.4% | idle  0.0% | ent 0.214
  upd 7940 | return   29.400 | deliv  29.40 | blocked  1.6% | idle  0.0% | ent 0.218
  upd 7941 | return   30.600 | deliv  30.60 | blocked  1.1% | idle  0.0% | ent 0.207
  upd 7942 | return   28.200 | deliv  28.20 | blocked  1.3% | idle  0.0% | ent 0.209
  upd 7943 | return   29.000 | deliv  29.00 | blocked  1.2% | idle  0.0% | ent 0.195
  upd 7944 | return   29.300 | deliv  29.30 | blocked  1.1% | idle  0.0% | ent 0.191
  upd 7945 | return   31.600 | deliv  31.60 | blocked  1.1% | idle  0.0% | ent 0.183
  upd 7946 | return   31.000 | deliv  31.00 | blocked  1.2% | idle  0.0% | ent 0.186
  upd 7947 | return   29.700 | deliv  29.70 | blocked  1.9% | idle  0.0% | ent 0.198
  upd 7948 | return   29.600 | deliv  29.60 | blocked  2.0% | idle  0.0% | ent 0.196
  upd 7949 | return   29.200 | deliv  29.20 | blocked  2.1% | idle  0.0% | ent 0.180
  upd 7950 | return   31.200 | deliv  31.20 | blocked  2.0% | idle  0.0% | ent 0.181
  upd 7951 | return   31.400 | deliv  31.40 | blocked  1.5% | idle  0.0% | ent 0.180
  upd 7952 | return   31.000 | deliv  31.00 | blocked  1.1% | idle  0.0% | ent 0.164
  upd 7953 | return   32.100 | deliv  32.10 | blocked  1.5% | idle  0.0% | ent 0.179
  upd 7954 | return   31.100 | deliv  31.10 | blocked  2.0% | idle  0.0% | ent 0.178
  upd 7955 | return   33.400 | deliv  33.40 | blocked  1.1% | idle  0.0% | ent 0.179
  upd 7956 | return   30.000 | deliv  30.00 | blocked  1.1% | idle  0.0% | ent 0.185
  upd 7957 | return   31.500 | deliv  31.50 | blocked  1.0% | idle  0.0% | ent 0.188
  upd 7958 | return   30.400 | deliv  30.40 | blocked  1.0% | idle  0.0% | ent 0.181
  upd 7959 | return   29.800 | deliv  29.80 | blocked  1.0% | idle  0.0% | ent 0.183
  upd 7960 | return   33.000 | deliv  33.00 | blocked  1.0% | idle  0.0% | ent 0.182
  upd 7961 | return   31.100 | deliv  31.10 | blocked  0.9% | idle  0.0% | ent 0.185
  upd 7962 | return   28.200 | deliv  28.20 | blocked  1.1% | idle  0.0% | ent 0.201
  upd 7963 | return   29.200 | deliv  29.20 | blocked  1.2% | idle  0.0% | ent 0.216
  upd 7964 | return   28.000 | deliv  28.00 | blocked  1.6% | idle  0.0% | ent 0.222
  upd 7965 | return   31.100 | deliv  31.10 | blocked  1.4% | idle  0.0% | ent 0.190
  upd 7966 | return   30.900 | deliv  30.90 | blocked  1.5% | idle  0.0% | ent 0.201
  upd 7967 | return   31.000 | deliv  31.00 | blocked  1.9% | idle  0.0% | ent 0.202
  upd 7968 | return   30.300 | deliv  30.30 | blocked  1.5% | idle  0.0% | ent 0.183
  upd 7969 | return   31.500 | deliv  31.50 | blocked  1.4% | idle  0.0% | ent 0.195
  upd 7970 | return   30.600 | deliv  30.60 | blocked  1.3% | idle  0.0% | ent 0.200
  upd 7971 | return   30.900 | deliv  30.90 | blocked  1.5% | idle  0.0% | ent 0.194
  upd 7972 | return   30.800 | deliv  30.80 | blocked  1.3% | idle  0.0% | ent 0.194
  upd 7973 | return   29.000 | deliv  29.00 | blocked  1.4% | idle  0.0% | ent 0.206
  upd 7974 | return   31.400 | deliv  31.40 | blocked  1.4% | idle  0.0% | ent 0.188
  upd 7975 | return   31.000 | deliv  31.00 | blocked  1.4% | idle  0.0% | ent 0.201
  upd 7976 | return   26.400 | deliv  26.40 | blocked  1.6% | idle  0.0% | ent 0.222
  upd 7977 | return   30.000 | deliv  30.00 | blocked  2.4% | idle  0.0% | ent 0.215
  upd 7978 | return   29.500 | deliv  29.50 | blocked  1.6% | idle  0.0% | ent 0.205
  upd 7979 | return   29.600 | deliv  29.60 | blocked  2.2% | idle  0.0% | ent 0.218
  upd 7980 | return   29.000 | deliv  29.00 | blocked  2.4% | idle  0.0% | ent 0.213
  upd 7981 | return   33.500 | deliv  33.50 | blocked  1.2% | idle  0.0% | ent 0.187
  upd 7982 | return   31.200 | deliv  31.20 | blocked  1.3% | idle  0.0% | ent 0.191
  upd 7983 | return   30.300 | deliv  30.30 | blocked  1.9% | idle  0.0% | ent 0.193
  upd 7984 | return   31.700 | deliv  31.70 | blocked  2.0% | idle  0.0% | ent 0.192
  upd 7985 | return   33.600 | deliv  33.60 | blocked  1.5% | idle  0.0% | ent 0.187
  upd 7986 | return   33.800 | deliv  33.80 | blocked  1.5% | idle  0.0% | ent 0.186
  upd 7987 | return   31.800 | deliv  31.80 | blocked  1.6% | idle  0.0% | ent 0.187
  upd 7988 | return   30.100 | deliv  30.10 | blocked  1.7% | idle  0.0% | ent 0.209
  upd 7989 | return   35.000 | deliv  35.00 | blocked  1.7% | idle  0.0% | ent 0.188
  upd 7990 | return   30.700 | deliv  30.70 | blocked  1.4% | idle  0.0% | ent 0.203
  upd 7991 | return   29.000 | deliv  29.00 | blocked  1.1% | idle  0.0% | ent 0.226
  upd 7992 | return   27.100 | deliv  27.10 | blocked  1.5% | idle  0.0% | ent 0.224
  upd 7993 | return   32.400 | deliv  32.40 | blocked  1.3% | idle  0.0% | ent 0.214
  upd 7994 | return   29.300 | deliv  29.30 | blocked  1.1% | idle  0.0% | ent 0.220
  upd 7995 | return   31.900 | deliv  31.90 | blocked  1.3% | idle  0.0% | ent 0.210
  upd 7996 | return   31.300 | deliv  31.30 | blocked  1.2% | idle  0.0% | ent 0.202
  upd 7997 | return   34.000 | deliv  34.00 | blocked  1.4% | idle  0.0% | ent 0.200
  upd 7998 | return   30.100 | deliv  30.10 | blocked  1.5% | idle  0.0% | ent 0.209
  upd 7999 | return   28.900 | deliv  28.90 | blocked  1.5% | idle  0.0% | ent 0.215
  [replay @ update 8000] return 29.00  deliveries 29  -> runs/mappo_evo_tiny-4ag_seed2/replays/replay_upd008000_s0.npz
  upd 8000 | return   30.700 | deliv  30.70 | blocked  1.1% | idle  0.0% | ent 0.201
  upd 8001 | return   30.700 | deliv  30.70 | blocked  1.5% | idle  0.0% | ent 0.202
  upd 8002 | return   29.700 | deliv  29.70 | blocked  1.3% | idle  0.0% | ent 0.195
  upd 8003 | return   31.200 | deliv  31.20 | blocked  1.5% | idle  0.0% | ent 0.205
  upd 8004 | return   30.700 | deliv  30.70 | blocked  1.5% | idle  0.0% | ent 0.206
  upd 8005 | return   28.700 | deliv  28.70 | blocked  1.6% | idle  0.0% | ent 0.215
  upd 8006 | return   31.200 | deliv  31.20 | blocked  1.3% | idle  0.0% | ent 0.207
  upd 8007 | return   30.200 | deliv  30.20 | blocked  1.4% | idle  0.0% | ent 0.217
  upd 8008 | return   26.900 | deliv  26.90 | blocked  1.2% | idle  0.0% | ent 0.212
  upd 8009 | return   29.900 | deliv  29.90 | blocked  1.3% | idle  0.0% | ent 0.211
  upd 8010 | return   30.400 | deliv  30.40 | blocked  1.5% | idle  0.0% | ent 0.203
  upd 8011 | return   32.800 | deliv  32.80 | blocked  1.2% | idle  0.0% | ent 0.193
  upd 8012 | return   29.800 | deliv  29.80 | blocked  1.4% | idle  0.0% | ent 0.205
  upd 8013 | return   31.600 | deliv  31.60 | blocked  1.5% | idle  0.0% | ent 0.191
  upd 8014 | return   29.400 | deliv  29.40 | blocked  1.2% | idle  0.0% | ent 0.196
  upd 8015 | return   33.500 | deliv  33.50 | blocked  1.6% | idle  0.0% | ent 0.190
  upd 8016 | return   33.000 | deliv  33.00 | blocked  1.7% | idle  0.0% | ent 0.180
  upd 8017 | return   30.200 | deliv  30.20 | blocked  1.4% | idle  0.0% | ent 0.191
  upd 8018 | return   31.500 | deliv  31.50 | blocked  1.4% | idle  0.0% | ent 0.172
  upd 8019 | return   33.700 | deliv  33.70 | blocked  1.8% | idle  0.0% | ent 0.173
  upd 8020 | return   32.600 | deliv  32.60 | blocked  1.3% | idle  0.0% | ent 0.174
  upd 8021 | return   33.900 | deliv  33.90 | blocked  1.3% | idle  0.0% | ent 0.170
  upd 8022 | return   32.100 | deliv  32.10 | blocked  1.3% | idle  0.0% | ent 0.174
  upd 8023 | return   32.100 | deliv  32.10 | blocked  1.8% | idle  0.0% | ent 0.191
  upd 8024 | return   32.500 | deliv  32.50 | blocked  1.5% | idle  0.0% | ent 0.187
  upd 8025 | return   28.500 | deliv  28.50 | blocked  1.3% | idle  0.0% | ent 0.199
  upd 8026 | return   31.000 | deliv  31.00 | blocked  1.8% | idle  0.0% | ent 0.201
  upd 8027 | return   28.700 | deliv  28.70 | blocked  2.0% | idle  0.0% | ent 0.213
  upd 8028 | return   29.900 | deliv  29.90 | blocked  1.9% | idle  0.0% | ent 0.217
  upd 8029 | return   30.000 | deliv  30.00 | blocked  1.7% | idle  0.0% | ent 0.220
  upd 8030 | return   29.300 | deliv  29.30 | blocked  2.4% | idle  0.0% | ent 0.228
  upd 8031 | return   30.100 | deliv  30.10 | blocked  2.4% | idle  0.0% | ent 0.212
  upd 8032 | return   26.800 | deliv  26.80 | blocked  2.8% | idle  0.0% | ent 0.219
  upd 8033 | return   28.900 | deliv  28.90 | blocked  1.8% | idle  0.0% | ent 0.212
  upd 8034 | return   30.100 | deliv  30.10 | blocked  1.6% | idle  0.0% | ent 0.205
  upd 8035 | return   33.000 | deliv  33.00 | blocked  1.6% | idle  0.0% | ent 0.196
  upd 8036 | return   33.900 | deliv  33.90 | blocked  1.8% | idle  0.0% | ent 0.193
  upd 8037 | return   30.500 | deliv  30.50 | blocked  2.0% | idle  0.0% | ent 0.197
  upd 8038 | return   30.500 | deliv  30.50 | blocked  1.5% | idle  0.0% | ent 0.191
  upd 8039 | return   32.700 | deliv  32.70 | blocked  1.3% | idle  0.0% | ent 0.195
  upd 8040 | return   31.200 | deliv  31.20 | blocked  1.3% | idle  0.0% | ent 0.206
  upd 8041 | return   28.900 | deliv  28.90 | blocked  1.8% | idle  0.0% | ent 0.210
  upd 8042 | return   33.100 | deliv  33.10 | blocked  1.3% | idle  0.0% | ent 0.197
  upd 8043 | return   30.000 | deliv  30.00 | blocked  1.8% | idle  0.0% | ent 0.206
  upd 8044 | return   31.900 | deliv  31.90 | blocked  1.3% | idle  0.0% | ent 0.189
  upd 8045 | return   33.700 | deliv  33.70 | blocked  1.2% | idle  0.0% | ent 0.176
  upd 8046 | return   29.500 | deliv  29.50 | blocked  2.9% | idle  0.0% | ent 0.196
  upd 8047 | return   32.100 | deliv  32.10 | blocked  1.4% | idle  0.0% | ent 0.195
  upd 8048 | return   33.300 | deliv  33.30 | blocked  1.1% | idle  0.0% | ent 0.181
  upd 8049 | return   32.200 | deliv  32.20 | blocked  1.6% | idle  0.0% | ent 0.199
  upd 8050 | return   29.800 | deliv  29.80 | blocked  1.7% | idle  0.0% | ent 0.202
  upd 8051 | return   32.000 | deliv  32.00 | blocked  1.8% | idle  0.0% | ent 0.189
  upd 8052 | return   33.500 | deliv  33.50 | blocked  1.7% | idle  0.0% | ent 0.184
  upd 8053 | return   32.000 | deliv  32.00 | blocked  1.9% | idle  0.0% | ent 0.197
  upd 8054 | return   33.800 | deliv  33.80 | blocked  1.4% | idle  0.0% | ent 0.186
  upd 8055 | return   33.300 | deliv  33.30 | blocked  1.8% | idle  0.0% | ent 0.194
  upd 8056 | return   34.000 | deliv  34.00 | blocked  1.2% | idle  0.0% | ent 0.194
  upd 8057 | return   34.100 | deliv  34.10 | blocked  1.5% | idle  0.0% | ent 0.197
  upd 8058 | return   32.700 | deliv  32.70 | blocked  1.4% | idle  0.0% | ent 0.203
  upd 8059 | return   32.700 | deliv  32.70 | blocked  1.3% | idle  0.0% | ent 0.191
  upd 8060 | return   30.500 | deliv  30.50 | blocked  1.6% | idle  0.0% | ent 0.192
  upd 8061 | return   32.000 | deliv  32.00 | blocked  1.1% | idle  0.0% | ent 0.184
  upd 8062 | return   31.700 | deliv  31.70 | blocked  2.6% | idle  0.0% | ent 0.182
  upd 8063 | return   31.400 | deliv  31.40 | blocked  1.7% | idle  0.0% | ent 0.182
  upd 8064 | return   33.300 | deliv  33.30 | blocked  1.4% | idle  0.0% | ent 0.179
  upd 8065 | return   31.000 | deliv  31.00 | blocked  1.8% | idle  0.0% | ent 0.173
  upd 8066 | return   31.800 | deliv  31.80 | blocked  1.7% | idle  0.0% | ent 0.182
  upd 8067 | return   31.700 | deliv  31.70 | blocked  1.8% | idle  0.0% | ent 0.187
  upd 8068 | return   31.300 | deliv  31.30 | blocked  1.8% | idle  0.0% | ent 0.203
  upd 8069 | return   33.800 | deliv  33.80 | blocked  1.8% | idle  0.0% | ent 0.193
  upd 8070 | return   31.800 | deliv  31.80 | blocked  1.6% | idle  0.0% | ent 0.198
  upd 8071 | return   29.300 | deliv  29.30 | blocked  1.8% | idle  0.0% | ent 0.207
  upd 8072 | return   31.100 | deliv  31.10 | blocked  3.6% | idle  0.0% | ent 0.201
  upd 8073 | return   31.000 | deliv  31.00 | blocked  1.4% | idle  0.0% | ent 0.208
  upd 8074 | return   31.800 | deliv  31.80 | blocked  1.2% | idle  0.0% | ent 0.211
  upd 8075 | return   32.000 | deliv  32.00 | blocked  1.5% | idle  0.0% | ent 0.217
  upd 8076 | return   32.800 | deliv  32.80 | blocked  1.1% | idle  0.0% | ent 0.215
  upd 8077 | return   30.000 | deliv  30.00 | blocked  1.6% | idle  0.0% | ent 0.212
  upd 8078 | return   28.200 | deliv  28.20 | blocked  1.9% | idle  0.0% | ent 0.216
  upd 8079 | return   31.100 | deliv  31.10 | blocked  1.6% | idle  0.0% | ent 0.219
  upd 8080 | return   32.000 | deliv  32.00 | blocked  1.3% | idle  0.0% | ent 0.223
  upd 8081 | return   31.200 | deliv  31.20 | blocked  1.4% | idle  0.0% | ent 0.222
  upd 8082 | return   32.100 | deliv  32.10 | blocked  2.3% | idle  0.0% | ent 0.227
  upd 8083 | return   32.300 | deliv  32.30 | blocked  2.1% | idle  0.0% | ent 0.226
  upd 8084 | return   33.000 | deliv  33.00 | blocked  2.2% | idle  0.0% | ent 0.239
  upd 8085 | return   32.900 | deliv  32.90 | blocked  1.9% | idle  0.0% | ent 0.235
  upd 8086 | return   32.200 | deliv  32.20 | blocked  1.7% | idle  0.0% | ent 0.236
  upd 8087 | return   33.400 | deliv  33.40 | blocked  1.4% | idle  0.0% | ent 0.226
  upd 8088 | return   34.200 | deliv  34.20 | blocked  1.5% | idle  0.0% | ent 0.220
  upd 8089 | return   30.700 | deliv  30.70 | blocked  2.5% | idle  0.0% | ent 0.228
  upd 8090 | return   35.300 | deliv  35.30 | blocked  1.2% | idle  0.0% | ent 0.209
  upd 8091 | return   30.600 | deliv  30.60 | blocked  2.6% | idle  0.0% | ent 0.215
  upd 8092 | return   31.100 | deliv  31.10 | blocked  2.0% | idle  0.0% | ent 0.220
  upd 8093 | return   30.400 | deliv  30.40 | blocked  1.5% | idle  0.0% | ent 0.227
  upd 8094 | return   34.400 | deliv  34.40 | blocked  1.3% | idle  0.0% | ent 0.212
  upd 8095 | return   31.500 | deliv  31.50 | blocked  1.4% | idle  0.0% | ent 0.211
  upd 8096 | return   31.200 | deliv  31.20 | blocked  1.6% | idle  0.0% | ent 0.217
  upd 8097 | return   33.600 | deliv  33.60 | blocked  1.2% | idle  0.0% | ent 0.198
  upd 8098 | return   33.000 | deliv  33.00 | blocked  1.5% | idle  0.0% | ent 0.188
  upd 8099 | return   30.800 | deliv  30.80 | blocked  2.1% | idle  0.0% | ent 0.192
  [replay @ update 8100] return 31.00  deliveries 31  -> runs/mappo_evo_tiny-4ag_seed2/replays/replay_upd008100_s0.npz
  upd 8100 | return   32.000 | deliv  32.00 | blocked  1.6% | idle  0.0% | ent 0.192
  upd 8101 | return   32.700 | deliv  32.70 | blocked  1.5% | idle  0.0% | ent 0.180
  upd 8102 | return   33.000 | deliv  33.00 | blocked  1.3% | idle  0.0% | ent 0.186
  upd 8103 | return   31.600 | deliv  31.60 | blocked  1.4% | idle  0.0% | ent 0.186
  upd 8104 | return   29.800 | deliv  29.80 | blocked  1.5% | idle  0.0% | ent 0.207
  upd 8105 | return   32.500 | deliv  32.50 | blocked  1.3% | idle  0.0% | ent 0.186
  upd 8106 | return   31.000 | deliv  31.00 | blocked  1.5% | idle  0.0% | ent 0.198
  upd 8107 | return   31.100 | deliv  31.10 | blocked  1.8% | idle  0.0% | ent 0.202
  upd 8108 | return   31.700 | deliv  31.70 | blocked  1.6% | idle  0.0% | ent 0.195
  upd 8109 | return   32.700 | deliv  32.70 | blocked  1.7% | idle  0.0% | ent 0.180
  upd 8110 | return   31.100 | deliv  31.10 | blocked  1.9% | idle  0.0% | ent 0.204
  upd 8111 | return   29.200 | deliv  29.20 | blocked  2.7% | idle  0.0% | ent 0.222
  upd 8112 | return   31.500 | deliv  31.50 | blocked  2.4% | idle  0.0% | ent 0.213
  upd 8113 | return   29.200 | deliv  29.20 | blocked  2.6% | idle  0.0% | ent 0.222
  upd 8114 | return   27.200 | deliv  27.20 | blocked  5.1% | idle  0.0% | ent 0.229
  upd 8115 | return   32.600 | deliv  32.60 | blocked  1.9% | idle  0.0% | ent 0.207
  upd 8116 | return   32.000 | deliv  32.00 | blocked  1.4% | idle  0.0% | ent 0.215
  upd 8117 | return   31.500 | deliv  31.50 | blocked  1.2% | idle  0.0% | ent 0.211
  upd 8118 | return   31.500 | deliv  31.50 | blocked  1.6% | idle  0.0% | ent 0.206
  upd 8119 | return   31.400 | deliv  31.40 | blocked  1.5% | idle  0.0% | ent 0.206
  upd 8120 | return   33.200 | deliv  33.20 | blocked  1.4% | idle  0.0% | ent 0.212
  upd 8121 | return   33.100 | deliv  33.10 | blocked  1.4% | idle  0.0% | ent 0.204
  upd 8122 | return   25.300 | deliv  25.30 | blocked  6.4% | idle  0.0% | ent 0.239
  upd 8123 | return   31.500 | deliv  31.50 | blocked  1.7% | idle  0.0% | ent 0.213
  upd 8124 | return   30.700 | deliv  30.70 | blocked  1.9% | idle  0.0% | ent 0.217
  upd 8125 | return   31.700 | deliv  31.70 | blocked  2.2% | idle  0.0% | ent 0.208
  upd 8126 | return   31.900 | deliv  31.90 | blocked  2.5% | idle  0.0% | ent 0.221
  upd 8127 | return   30.200 | deliv  30.20 | blocked  1.8% | idle  0.0% | ent 0.220
  upd 8128 | return   29.800 | deliv  29.80 | blocked  2.9% | idle  0.0% | ent 0.220
  upd 8129 | return   33.900 | deliv  33.90 | blocked  2.5% | idle  0.0% | ent 0.210
  upd 8130 | return   31.400 | deliv  31.40 | blocked  2.1% | idle  0.0% | ent 0.216
  upd 8131 | return   33.200 | deliv  33.20 | blocked  1.9% | idle  0.0% | ent 0.212
  upd 8132 | return   31.500 | deliv  31.50 | blocked  1.4% | idle  0.0% | ent 0.212
  upd 8133 | return   30.900 | deliv  30.90 | blocked  2.2% | idle  0.0% | ent 0.227
  upd 8134 | return   30.600 | deliv  30.60 | blocked  2.5% | idle  0.0% | ent 0.228
  upd 8135 | return   32.400 | deliv  32.40 | blocked  1.9% | idle  0.0% | ent 0.221
  upd 8136 | return   30.800 | deliv  30.80 | blocked  2.0% | idle  0.0% | ent 0.221
  upd 8137 | return   32.500 | deliv  32.50 | blocked  2.1% | idle  0.0% | ent 0.220
  upd 8138 | return   28.500 | deliv  28.50 | blocked  3.0% | idle  0.0% | ent 0.239
  upd 8139 | return   30.300 | deliv  30.30 | blocked  1.3% | idle  0.0% | ent 0.244
  upd 8140 | return   26.600 | deliv  26.60 | blocked  1.6% | idle  0.0% | ent 0.250
  upd 8141 | return   27.700 | deliv  27.70 | blocked  1.9% | idle  0.0% | ent 0.244
  upd 8142 | return   30.600 | deliv  30.60 | blocked  1.5% | idle  0.0% | ent 0.207
  upd 8143 | return   30.100 | deliv  30.10 | blocked  1.8% | idle  0.0% | ent 0.214
  upd 8144 | return   30.900 | deliv  30.90 | blocked  1.6% | idle  0.0% | ent 0.204
  upd 8145 | return   31.600 | deliv  31.60 | blocked  1.6% | idle  0.0% | ent 0.204
  upd 8146 | return   32.300 | deliv  32.30 | blocked  3.1% | idle  0.0% | ent 0.209
  upd 8147 | return   32.300 | deliv  32.30 | blocked  2.2% | idle  0.0% | ent 0.219
  upd 8148 | return   32.700 | deliv  32.70 | blocked  1.7% | idle  0.0% | ent 0.205
  upd 8149 | return   34.300 | deliv  34.30 | blocked  1.7% | idle  0.0% | ent 0.192
  upd 8150 | return   35.700 | deliv  35.70 | blocked  2.1% | idle  0.0% | ent 0.192
  upd 8151 | return   33.200 | deliv  33.20 | blocked  2.4% | idle  0.0% | ent 0.207
  upd 8152 | return   33.200 | deliv  33.20 | blocked  2.9% | idle  0.0% | ent 0.209
  upd 8153 | return   32.400 | deliv  32.40 | blocked  2.5% | idle  0.0% | ent 0.227
  upd 8154 | return   31.300 | deliv  31.30 | blocked  2.5% | idle  0.0% | ent 0.231
  upd 8155 | return   33.700 | deliv  33.70 | blocked  2.2% | idle  0.0% | ent 0.216
  upd 8156 | return   31.600 | deliv  31.60 | blocked  2.8% | idle  0.0% | ent 0.207
  upd 8157 | return   34.000 | deliv  34.00 | blocked  2.9% | idle  0.0% | ent 0.192
  upd 8158 | return   31.800 | deliv  31.80 | blocked  2.2% | idle  0.0% | ent 0.199
  upd 8159 | return   36.200 | deliv  36.20 | blocked  1.7% | idle  0.0% | ent 0.189
  upd 8160 | return   32.300 | deliv  32.30 | blocked  2.1% | idle  0.0% | ent 0.216
  upd 8161 | return   27.400 | deliv  27.40 | blocked  5.4% | idle  0.0% | ent 0.232
  upd 8162 | return   27.400 | deliv  27.40 | blocked  1.8% | idle  0.0% | ent 0.251
  upd 8163 | return   31.000 | deliv  31.00 | blocked  1.8% | idle  0.0% | ent 0.229
  upd 8164 | return   30.800 | deliv  30.80 | blocked  2.5% | idle  0.0% | ent 0.226
  upd 8165 | return   32.800 | deliv  32.80 | blocked  2.1% | idle  0.0% | ent 0.213
  upd 8166 | return   31.100 | deliv  31.10 | blocked  2.1% | idle  0.0% | ent 0.210
  upd 8167 | return   32.100 | deliv  32.10 | blocked  1.5% | idle  0.0% | ent 0.213
  upd 8168 | return   30.400 | deliv  30.40 | blocked  1.7% | idle  0.0% | ent 0.197
  upd 8169 | return   32.000 | deliv  32.00 | blocked  1.8% | idle  0.0% | ent 0.204
  upd 8170 | return   31.100 | deliv  31.10 | blocked  1.8% | idle  0.0% | ent 0.196
  upd 8171 | return   32.600 | deliv  32.60 | blocked  1.2% | idle  0.0% | ent 0.207
  upd 8172 | return   31.200 | deliv  31.20 | blocked  1.7% | idle  0.0% | ent 0.219
  upd 8173 | return   30.000 | deliv  30.00 | blocked  1.7% | idle  0.0% | ent 0.234
  upd 8174 | return   30.900 | deliv  30.90 | blocked  1.7% | idle  0.0% | ent 0.222
  upd 8175 | return   31.900 | deliv  31.90 | blocked  1.4% | idle  0.0% | ent 0.228
  upd 8176 | return   31.900 | deliv  31.90 | blocked  1.2% | idle  0.0% | ent 0.217
  upd 8177 | return   30.900 | deliv  30.90 | blocked  1.2% | idle  0.0% | ent 0.224
  upd 8178 | return   30.400 | deliv  30.40 | blocked  1.5% | idle  0.0% | ent 0.221
  upd 8179 | return   30.500 | deliv  30.50 | blocked  1.5% | idle  0.0% | ent 0.239
  upd 8180 | return   29.600 | deliv  29.60 | blocked  1.3% | idle  0.0% | ent 0.247
  upd 8181 | return   30.600 | deliv  30.60 | blocked  1.2% | idle  0.1% | ent 0.237
  upd 8182 | return   29.900 | deliv  29.90 | blocked  1.3% | idle  0.0% | ent 0.247
  upd 8183 | return   31.700 | deliv  31.70 | blocked  1.6% | idle  0.0% | ent 0.232
  upd 8184 | return   30.900 | deliv  30.90 | blocked  1.3% | idle  0.0% | ent 0.240
  upd 8185 | return   30.700 | deliv  30.70 | blocked  1.1% | idle  0.0% | ent 0.233
  upd 8186 | return   30.200 | deliv  30.20 | blocked  1.4% | idle  0.0% | ent 0.235
  upd 8187 | return   30.900 | deliv  30.90 | blocked  1.2% | idle  0.0% | ent 0.234
  upd 8188 | return   31.100 | deliv  31.10 | blocked  1.4% | idle  0.0% | ent 0.228
  upd 8189 | return   31.200 | deliv  31.20 | blocked  1.1% | idle  0.0% | ent 0.237
  upd 8190 | return   31.900 | deliv  31.90 | blocked  1.3% | idle  0.0% | ent 0.230
  upd 8191 | return   30.900 | deliv  30.90 | blocked  1.4% | idle  0.0% | ent 0.232
  upd 8192 | return   31.900 | deliv  31.90 | blocked  1.4% | idle  0.0% | ent 0.217
  upd 8193 | return   32.000 | deliv  32.00 | blocked  1.4% | idle  0.0% | ent 0.223
  upd 8194 | return   32.100 | deliv  32.10 | blocked  1.5% | idle  0.0% | ent 0.238
  upd 8195 | return   30.500 | deliv  30.50 | blocked  1.1% | idle  0.0% | ent 0.234
  upd 8196 | return   32.300 | deliv  32.30 | blocked  1.5% | idle  0.0% | ent 0.236
  upd 8197 | return   32.600 | deliv  32.60 | blocked  1.7% | idle  0.0% | ent 0.222
  upd 8198 | return   29.800 | deliv  29.80 | blocked  1.3% | idle  0.0% | ent 0.235
  upd 8199 | return   31.300 | deliv  31.30 | blocked  1.4% | idle  0.0% | ent 0.216
  [replay @ update 8200] return 40.00  deliveries 40  -> runs/mappo_evo_tiny-4ag_seed2/replays/replay_upd008200_s0.npz
  upd 8200 | return   32.300 | deliv  32.30 | blocked  1.3% | idle  0.0% | ent 0.211
  upd 8201 | return   31.400 | deliv  31.40 | blocked  1.3% | idle  0.0% | ent 0.219
  upd 8202 | return   33.800 | deliv  33.80 | blocked  1.3% | idle  0.0% | ent 0.213
  upd 8203 | return   33.200 | deliv  33.20 | blocked  0.8% | idle  0.0% | ent 0.210
  upd 8204 | return   34.000 | deliv  34.00 | blocked  0.9% | idle  0.0% | ent 0.211
  upd 8205 | return   32.700 | deliv  32.70 | blocked  1.3% | idle  0.0% | ent 0.210
  upd 8206 | return   35.100 | deliv  35.10 | blocked  1.2% | idle  0.0% | ent 0.213
  upd 8207 | return   32.900 | deliv  32.90 | blocked  1.3% | idle  0.0% | ent 0.218
  upd 8208 | return   31.300 | deliv  31.30 | blocked  1.4% | idle  0.0% | ent 0.228
  upd 8209 | return   32.300 | deliv  32.30 | blocked  1.1% | idle  0.0% | ent 0.215
  upd 8210 | return   32.100 | deliv  32.10 | blocked  1.4% | idle  0.0% | ent 0.224
  upd 8211 | return   30.600 | deliv  30.60 | blocked  2.7% | idle  0.0% | ent 0.221
  upd 8212 | return   33.800 | deliv  33.80 | blocked  1.4% | idle  0.0% | ent 0.205
  upd 8213 | return   35.600 | deliv  35.60 | blocked  1.3% | idle  0.0% | ent 0.198
  upd 8214 | return   34.800 | deliv  34.80 | blocked  1.4% | idle  0.0% | ent 0.203
  upd 8215 | return   33.800 | deliv  33.80 | blocked  1.3% | idle  0.0% | ent 0.197
  upd 8216 | return   34.100 | deliv  34.10 | blocked  1.7% | idle  0.0% | ent 0.198
  upd 8217 | return   35.800 | deliv  35.80 | blocked  1.3% | idle  0.0% | ent 0.196
  upd 8218 | return   33.700 | deliv  33.70 | blocked  1.6% | idle  0.0% | ent 0.192
  upd 8219 | return   34.200 | deliv  34.20 | blocked  1.3% | idle  0.0% | ent 0.189
  upd 8220 | return   32.300 | deliv  32.30 | blocked  1.5% | idle  0.0% | ent 0.195
  upd 8221 | return   33.000 | deliv  33.00 | blocked  2.0% | idle  0.0% | ent 0.182
  upd 8222 | return   34.100 | deliv  34.10 | blocked  1.5% | idle  0.0% | ent 0.178
  upd 8223 | return   32.200 | deliv  32.20 | blocked  1.4% | idle  0.0% | ent 0.210
  upd 8224 | return   32.100 | deliv  32.10 | blocked  1.9% | idle  0.0% | ent 0.197
  upd 8225 | return   34.500 | deliv  34.50 | blocked  1.4% | idle  0.0% | ent 0.189
  upd 8226 | return   33.600 | deliv  33.60 | blocked  1.1% | idle  0.0% | ent 0.188
  upd 8227 | return   33.100 | deliv  33.10 | blocked  1.5% | idle  0.0% | ent 0.197
  upd 8228 | return   32.900 | deliv  32.90 | blocked  1.7% | idle  0.0% | ent 0.197
  upd 8229 | return   34.800 | deliv  34.80 | blocked  1.4% | idle  0.0% | ent 0.198
  upd 8230 | return   34.400 | deliv  34.40 | blocked  1.1% | idle  0.0% | ent 0.221
  upd 8231 | return   30.800 | deliv  30.80 | blocked  1.6% | idle  0.0% | ent 0.231
  upd 8232 | return   32.300 | deliv  32.30 | blocked  1.6% | idle  0.0% | ent 0.221
  upd 8233 | return   31.700 | deliv  31.70 | blocked  1.6% | idle  0.0% | ent 0.217
  upd 8234 | return   33.300 | deliv  33.30 | blocked  1.6% | idle  0.0% | ent 0.206
  upd 8235 | return   33.000 | deliv  33.00 | blocked  1.5% | idle  0.0% | ent 0.210
  upd 8236 | return   34.600 | deliv  34.60 | blocked  1.5% | idle  0.0% | ent 0.205
  upd 8237 | return   34.600 | deliv  34.60 | blocked  1.3% | idle  0.0% | ent 0.210
  upd 8238 | return   32.300 | deliv  32.30 | blocked  2.0% | idle  0.0% | ent 0.232
  upd 8239 | return   29.600 | deliv  29.60 | blocked  2.5% | idle  0.0% | ent 0.257
  upd 8240 | return   31.400 | deliv  31.40 | blocked  2.0% | idle  0.0% | ent 0.265
  upd 8241 | return   29.100 | deliv  29.10 | blocked  2.5% | idle  0.0% | ent 0.270
  upd 8242 | return   29.800 | deliv  29.80 | blocked  1.9% | idle  0.0% | ent 0.261
  upd 8243 | return   32.500 | deliv  32.50 | blocked  2.7% | idle  0.0% | ent 0.245
  upd 8244 | return   31.100 | deliv  31.10 | blocked  1.9% | idle  0.0% | ent 0.238
  upd 8245 | return   31.400 | deliv  31.40 | blocked  1.7% | idle  0.0% | ent 0.240
  upd 8246 | return   29.300 | deliv  29.30 | blocked  1.9% | idle  0.0% | ent 0.248
  upd 8247 | return   30.400 | deliv  30.40 | blocked  1.6% | idle  0.0% | ent 0.248
  upd 8248 | return   31.500 | deliv  31.50 | blocked  1.7% | idle  0.0% | ent 0.235
  upd 8249 | return   33.700 | deliv  33.70 | blocked  1.6% | idle  0.0% | ent 0.227
  upd 8250 | return   30.100 | deliv  30.10 | blocked  1.7% | idle  0.0% | ent 0.232
  upd 8251 | return   31.600 | deliv  31.60 | blocked  1.8% | idle  0.0% | ent 0.219
  upd 8252 | return   30.100 | deliv  30.10 | blocked  2.0% | idle  0.0% | ent 0.222
  upd 8253 | return   27.800 | deliv  27.80 | blocked  3.5% | idle  0.0% | ent 0.217
  upd 8254 | return   28.000 | deliv  28.00 | blocked  3.1% | idle  0.0% | ent 0.232
  upd 8255 | return   31.500 | deliv  31.50 | blocked  2.4% | idle  0.0% | ent 0.204
  upd 8256 | return   31.100 | deliv  31.10 | blocked  1.7% | idle  0.0% | ent 0.207
  upd 8257 | return   34.400 | deliv  34.40 | blocked  2.0% | idle  0.0% | ent 0.203
  upd 8258 | return   31.600 | deliv  31.60 | blocked  1.6% | idle  0.0% | ent 0.207
  upd 8259 | return   33.700 | deliv  33.70 | blocked  1.7% | idle  0.0% | ent 0.209
  upd 8260 | return   31.800 | deliv  31.80 | blocked  2.1% | idle  0.0% | ent 0.208
  upd 8261 | return   34.500 | deliv  34.50 | blocked  1.8% | idle  0.0% | ent 0.200
  upd 8262 | return   32.100 | deliv  32.10 | blocked  1.9% | idle  0.0% | ent 0.213
  upd 8263 | return   35.200 | deliv  35.20 | blocked  1.8% | idle  0.0% | ent 0.208
  upd 8264 | return   34.800 | deliv  34.80 | blocked  1.5% | idle  0.0% | ent 0.208
  upd 8265 | return   33.000 | deliv  33.00 | blocked  1.7% | idle  0.0% | ent 0.204
  upd 8266 | return   34.600 | deliv  34.60 | blocked  1.5% | idle  0.0% | ent 0.204
  upd 8267 | return   32.600 | deliv  32.60 | blocked  1.5% | idle  0.0% | ent 0.193
  upd 8268 | return   35.600 | deliv  35.60 | blocked  1.3% | idle  0.0% | ent 0.190
  upd 8269 | return   34.200 | deliv  34.20 | blocked  1.6% | idle  0.0% | ent 0.193
  upd 8270 | return   33.800 | deliv  33.80 | blocked  1.1% | idle  0.0% | ent 0.191
  upd 8271 | return   35.600 | deliv  35.60 | blocked  1.5% | idle  0.0% | ent 0.185
  upd 8272 | return   33.600 | deliv  33.60 | blocked  1.3% | idle  0.0% | ent 0.189
  upd 8273 | return   32.200 | deliv  32.20 | blocked  1.1% | idle  0.0% | ent 0.184
  upd 8274 | return   30.100 | deliv  30.10 | blocked  1.5% | idle  0.0% | ent 0.195
  upd 8275 | return   33.700 | deliv  33.70 | blocked  1.3% | idle  0.0% | ent 0.192
  upd 8276 | return   32.200 | deliv  32.20 | blocked  1.5% | idle  0.0% | ent 0.193
  upd 8277 | return   34.400 | deliv  34.40 | blocked  1.1% | idle  0.0% | ent 0.192
  upd 8278 | return   36.400 | deliv  36.40 | blocked  1.3% | idle  0.0% | ent 0.190
  upd 8279 | return   33.200 | deliv  33.20 | blocked  1.3% | idle  0.0% | ent 0.199
  upd 8280 | return   35.900 | deliv  35.90 | blocked  1.4% | idle  0.0% | ent 0.196
  upd 8281 | return   33.400 | deliv  33.40 | blocked  1.2% | idle  0.0% | ent 0.207
  upd 8282 | return   33.900 | deliv  33.90 | blocked  1.5% | idle  0.0% | ent 0.215
  upd 8283 | return   34.600 | deliv  34.60 | blocked  1.3% | idle  0.0% | ent 0.222
  upd 8284 | return   33.900 | deliv  33.90 | blocked  1.2% | idle  0.0% | ent 0.233
  upd 8285 | return   33.000 | deliv  33.00 | blocked  1.1% | idle  0.0% | ent 0.236
  upd 8286 | return   33.500 | deliv  33.50 | blocked  1.1% | idle  0.1% | ent 0.227
  upd 8287 | return   32.200 | deliv  32.20 | blocked  1.4% | idle  0.0% | ent 0.212
  upd 8288 | return   35.300 | deliv  35.30 | blocked  2.0% | idle  0.0% | ent 0.207
  upd 8289 | return   34.200 | deliv  34.20 | blocked  1.4% | idle  0.0% | ent 0.217
  upd 8290 | return   31.100 | deliv  31.10 | blocked  1.6% | idle  0.0% | ent 0.217
  upd 8291 | return   31.100 | deliv  31.10 | blocked  1.9% | idle  0.0% | ent 0.219
  upd 8292 | return   30.400 | deliv  30.40 | blocked  2.2% | idle  0.0% | ent 0.207
  upd 8293 | return   30.900 | deliv  30.90 | blocked  1.9% | idle  0.0% | ent 0.207
  upd 8294 | return   30.300 | deliv  30.30 | blocked  1.6% | idle  0.0% | ent 0.202
  upd 8295 | return   33.200 | deliv  33.20 | blocked  1.8% | idle  0.0% | ent 0.201
  upd 8296 | return   32.800 | deliv  32.80 | blocked  1.3% | idle  0.0% | ent 0.196
  upd 8297 | return   30.400 | deliv  30.40 | blocked  2.0% | idle  0.0% | ent 0.197
  upd 8298 | return   32.700 | deliv  32.70 | blocked  1.4% | idle  0.0% | ent 0.187
  upd 8299 | return   32.300 | deliv  32.30 | blocked  1.3% | idle  0.0% | ent 0.177
  [replay @ update 8300] return 31.00  deliveries 31  -> runs/mappo_evo_tiny-4ag_seed2/replays/replay_upd008300_s0.npz
  upd 8300 | return   34.200 | deliv  34.20 | blocked  1.5% | idle  0.0% | ent 0.183
  upd 8301 | return   32.100 | deliv  32.10 | blocked  1.6% | idle  0.0% | ent 0.188
  upd 8302 | return   29.800 | deliv  29.80 | blocked  1.6% | idle  0.0% | ent 0.189
  upd 8303 | return   27.100 | deliv  27.10 | blocked  1.9% | idle  0.0% | ent 0.187
  upd 8304 | return   29.300 | deliv  29.30 | blocked  1.6% | idle  0.0% | ent 0.189
  upd 8305 | return   32.000 | deliv  32.00 | blocked  1.6% | idle  0.0% | ent 0.178
  upd 8306 | return   30.600 | deliv  30.60 | blocked  1.9% | idle  0.0% | ent 0.181
  upd 8307 | return   32.800 | deliv  32.80 | blocked  1.8% | idle  0.0% | ent 0.180
  upd 8308 | return   30.200 | deliv  30.20 | blocked  2.1% | idle  0.0% | ent 0.187
  upd 8309 | return   33.500 | deliv  33.50 | blocked  1.8% | idle  0.0% | ent 0.186
  upd 8310 | return   33.600 | deliv  33.60 | blocked  1.4% | idle  0.0% | ent 0.193
  upd 8311 | return   32.300 | deliv  32.30 | blocked  2.4% | idle  0.0% | ent 0.198
  upd 8312 | return   32.200 | deliv  32.20 | blocked  1.9% | idle  0.0% | ent 0.191
  upd 8313 | return   32.300 | deliv  32.30 | blocked  2.2% | idle  0.0% | ent 0.192
  upd 8314 | return   28.700 | deliv  28.70 | blocked  2.0% | idle  0.0% | ent 0.197
  upd 8315 | return   32.800 | deliv  32.80 | blocked  1.8% | idle  0.0% | ent 0.188
  upd 8316 | return   31.900 | deliv  31.90 | blocked  2.3% | idle  0.0% | ent 0.186
  upd 8317 | return   27.900 | deliv  27.90 | blocked  2.7% | idle  0.0% | ent 0.196
  upd 8318 | return   31.300 | deliv  31.30 | blocked  1.6% | idle  0.0% | ent 0.202
  upd 8319 | return   27.600 | deliv  27.60 | blocked  2.2% | idle  0.0% | ent 0.212
  upd 8320 | return   30.700 | deliv  30.70 | blocked  2.0% | idle  0.0% | ent 0.195
  upd 8321 | return   31.100 | deliv  31.10 | blocked  2.2% | idle  0.0% | ent 0.187
  upd 8322 | return   29.400 | deliv  29.40 | blocked  2.0% | idle  0.0% | ent 0.204
  upd 8323 | return   28.900 | deliv  28.90 | blocked  1.9% | idle  0.0% | ent 0.194
  upd 8324 | return   30.400 | deliv  30.40 | blocked  1.5% | idle  0.0% | ent 0.185
  upd 8325 | return   31.700 | deliv  31.70 | blocked  1.6% | idle  0.0% | ent 0.183
  upd 8326 | return   32.900 | deliv  32.90 | blocked  1.8% | idle  0.0% | ent 0.181
  upd 8327 | return   33.400 | deliv  33.40 | blocked  1.8% | idle  0.0% | ent 0.176
  upd 8328 | return   32.800 | deliv  32.80 | blocked  1.6% | idle  0.0% | ent 0.192
  upd 8329 | return   31.900 | deliv  31.90 | blocked  1.6% | idle  0.0% | ent 0.190
  upd 8330 | return   33.300 | deliv  33.30 | blocked  1.5% | idle  0.0% | ent 0.201
  upd 8331 | return   32.000 | deliv  32.00 | blocked  1.7% | idle  0.0% | ent 0.208
  upd 8332 | return   29.900 | deliv  29.90 | blocked  1.9% | idle  0.0% | ent 0.215
  upd 8333 | return   30.100 | deliv  30.10 | blocked  2.4% | idle  0.0% | ent 0.208
  upd 8334 | return   28.800 | deliv  28.80 | blocked  2.2% | idle  0.0% | ent 0.219
  upd 8335 | return   26.700 | deliv  26.70 | blocked  3.0% | idle  0.0% | ent 0.230
  upd 8336 | return   32.900 | deliv  32.90 | blocked  1.9% | idle  0.0% | ent 0.215
  upd 8337 | return   29.800 | deliv  29.80 | blocked  2.4% | idle  0.0% | ent 0.238
  upd 8338 | return   29.200 | deliv  29.20 | blocked  1.8% | idle  0.0% | ent 0.233
  upd 8339 | return   28.600 | deliv  28.60 | blocked  2.0% | idle  0.0% | ent 0.239
  upd 8340 | return   28.900 | deliv  28.90 | blocked  1.8% | idle  0.0% | ent 0.233
  upd 8341 | return   28.500 | deliv  28.50 | blocked  1.6% | idle  0.0% | ent 0.225
  upd 8342 | return   30.900 | deliv  30.90 | blocked  1.4% | idle  0.0% | ent 0.226
  upd 8343 | return   29.800 | deliv  29.80 | blocked  1.5% | idle  0.0% | ent 0.222
  upd 8344 | return   30.400 | deliv  30.40 | blocked  1.4% | idle  0.0% | ent 0.210
  upd 8345 | return   32.200 | deliv  32.20 | blocked  1.7% | idle  0.0% | ent 0.201
  upd 8346 | return   30.700 | deliv  30.70 | blocked  1.2% | idle  0.0% | ent 0.209
  upd 8347 | return   27.400 | deliv  27.40 | blocked  1.6% | idle  0.0% | ent 0.210
  upd 8348 | return   28.300 | deliv  28.30 | blocked  1.5% | idle  0.0% | ent 0.207
  upd 8349 | return   30.300 | deliv  30.30 | blocked  1.5% | idle  0.0% | ent 0.199
  upd 8350 | return   32.000 | deliv  32.00 | blocked  1.3% | idle  0.0% | ent 0.195
  upd 8351 | return   28.200 | deliv  28.20 | blocked  2.0% | idle  0.0% | ent 0.208
  upd 8352 | return   33.400 | deliv  33.40 | blocked  1.3% | idle  0.0% | ent 0.193
  upd 8353 | return   31.700 | deliv  31.70 | blocked  1.3% | idle  0.0% | ent 0.190
  upd 8354 | return   31.400 | deliv  31.40 | blocked  1.5% | idle  0.0% | ent 0.197
  upd 8355 | return   28.500 | deliv  28.50 | blocked  1.4% | idle  0.0% | ent 0.203
  upd 8356 | return   29.800 | deliv  29.80 | blocked  1.4% | idle  0.0% | ent 0.203
  upd 8357 | return   28.900 | deliv  28.90 | blocked  1.8% | idle  0.0% | ent 0.207
  upd 8358 | return   30.200 | deliv  30.20 | blocked  1.8% | idle  0.0% | ent 0.205
  upd 8359 | return   29.300 | deliv  29.30 | blocked  1.2% | idle  0.0% | ent 0.210
  upd 8360 | return   34.300 | deliv  34.30 | blocked  1.4% | idle  0.0% | ent 0.198
  upd 8361 | return   32.100 | deliv  32.10 | blocked  1.5% | idle  0.0% | ent 0.209
  upd 8362 | return   31.800 | deliv  31.80 | blocked  1.4% | idle  0.0% | ent 0.203
  upd 8363 | return   28.900 | deliv  28.90 | blocked  1.2% | idle  0.0% | ent 0.203
  upd 8364 | return   30.600 | deliv  30.60 | blocked  1.5% | idle  0.0% | ent 0.200
  upd 8365 | return   30.900 | deliv  30.90 | blocked  1.5% | idle  0.0% | ent 0.194
  upd 8366 | return   31.100 | deliv  31.10 | blocked  1.3% | idle  0.0% | ent 0.202
  upd 8367 | return   29.700 | deliv  29.70 | blocked  1.4% | idle  0.0% | ent 0.205
  upd 8368 | return   34.700 | deliv  34.70 | blocked  1.3% | idle  0.0% | ent 0.194
  upd 8369 | return   27.600 | deliv  27.60 | blocked  1.5% | idle  0.0% | ent 0.197
  upd 8370 | return   31.900 | deliv  31.90 | blocked  1.5% | idle  0.0% | ent 0.188
  upd 8371 | return   31.600 | deliv  31.60 | blocked  1.1% | idle  0.0% | ent 0.193
  upd 8372 | return   31.200 | deliv  31.20 | blocked  1.3% | idle  0.0% | ent 0.205
  upd 8373 | return   33.700 | deliv  33.70 | blocked  1.2% | idle  0.0% | ent 0.201
  upd 8374 | return   30.700 | deliv  30.70 | blocked  1.1% | idle  0.0% | ent 0.209
  upd 8375 | return   30.900 | deliv  30.90 | blocked  1.1% | idle  0.0% | ent 0.203
  upd 8376 | return   31.300 | deliv  31.30 | blocked  1.1% | idle  0.0% | ent 0.214
  upd 8377 | return   29.900 | deliv  29.90 | blocked  0.9% | idle  0.0% | ent 0.219
  upd 8378 | return   31.900 | deliv  31.90 | blocked  1.0% | idle  0.0% | ent 0.207
  upd 8379 | return   33.000 | deliv  33.00 | blocked  1.0% | idle  0.0% | ent 0.200
  upd 8380 | return   33.400 | deliv  33.40 | blocked  0.8% | idle  0.0% | ent 0.198
  upd 8381 | return   34.600 | deliv  34.60 | blocked  1.2% | idle  0.0% | ent 0.200
  upd 8382 | return   33.700 | deliv  33.70 | blocked  1.0% | idle  0.0% | ent 0.204
  upd 8383 | return   33.600 | deliv  33.60 | blocked  0.8% | idle  0.0% | ent 0.209
  upd 8384 | return   33.800 | deliv  33.80 | blocked  1.0% | idle  0.0% | ent 0.196
  upd 8385 | return   29.900 | deliv  29.90 | blocked  0.8% | idle  0.0% | ent 0.220
  upd 8386 | return   31.800 | deliv  31.80 | blocked  0.9% | idle  0.0% | ent 0.215
  upd 8387 | return   31.600 | deliv  31.60 | blocked  0.9% | idle  0.0% | ent 0.212
  upd 8388 | return   31.500 | deliv  31.50 | blocked  0.9% | idle  0.0% | ent 0.213
  upd 8389 | return   28.600 | deliv  28.60 | blocked  1.1% | idle  0.0% | ent 0.215
  upd 8390 | return   30.300 | deliv  30.30 | blocked  1.0% | idle  0.0% | ent 0.202
  upd 8391 | return   29.100 | deliv  29.10 | blocked  1.2% | idle  0.0% | ent 0.202
  upd 8392 | return   31.500 | deliv  31.50 | blocked  1.1% | idle  0.0% | ent 0.197
  upd 8393 | return   31.700 | deliv  31.70 | blocked  1.1% | idle  0.0% | ent 0.198
  upd 8394 | return   28.700 | deliv  28.70 | blocked  1.1% | idle  0.0% | ent 0.193
  upd 8395 | return   30.600 | deliv  30.60 | blocked  1.4% | idle  0.0% | ent 0.193
  upd 8396 | return   32.600 | deliv  32.60 | blocked  1.3% | idle  0.0% | ent 0.186
  upd 8397 | return   32.200 | deliv  32.20 | blocked  1.2% | idle  0.0% | ent 0.190
  upd 8398 | return   30.700 | deliv  30.70 | blocked  1.5% | idle  0.0% | ent 0.188
  upd 8399 | return   32.200 | deliv  32.20 | blocked  1.3% | idle  0.0% | ent 0.185
  [replay @ update 8400] return 35.00  deliveries 35  -> runs/mappo_evo_tiny-4ag_seed2/replays/replay_upd008400_s0.npz
  upd 8400 | return   34.300 | deliv  34.30 | blocked  1.2% | idle  0.0% | ent 0.177
  upd 8401 | return   33.500 | deliv  33.50 | blocked  1.2% | idle  0.0% | ent 0.179
  upd 8402 | return   34.800 | deliv  34.80 | blocked  1.3% | idle  0.0% | ent 0.174
  upd 8403 | return   34.300 | deliv  34.30 | blocked  1.3% | idle  0.0% | ent 0.175
  upd 8404 | return   33.900 | deliv  33.90 | blocked  1.3% | idle  0.0% | ent 0.166
  upd 8405 | return   31.700 | deliv  31.70 | blocked  1.9% | idle  0.0% | ent 0.172
  upd 8406 | return   32.000 | deliv  32.00 | blocked  1.9% | idle  0.0% | ent 0.176
  upd 8407 | return   34.300 | deliv  34.30 | blocked  1.8% | idle  0.0% | ent 0.181
  upd 8408 | return   32.500 | deliv  32.50 | blocked  2.1% | idle  0.0% | ent 0.188
  upd 8409 | return   33.700 | deliv  33.70 | blocked  1.7% | idle  0.0% | ent 0.184
  upd 8410 | return   30.900 | deliv  30.90 | blocked  1.8% | idle  0.0% | ent 0.183
  upd 8411 | return   34.200 | deliv  34.20 | blocked  1.4% | idle  0.0% | ent 0.173
  upd 8412 | return   32.100 | deliv  32.10 | blocked  1.7% | idle  0.0% | ent 0.173
  upd 8413 | return   32.400 | deliv  32.40 | blocked  1.7% | idle  0.0% | ent 0.182
  upd 8414 | return   32.200 | deliv  32.20 | blocked  1.9% | idle  0.0% | ent 0.189
  upd 8415 | return   31.900 | deliv  31.90 | blocked  1.6% | idle  0.0% | ent 0.178
  upd 8416 | return   30.700 | deliv  30.70 | blocked  2.1% | idle  0.0% | ent 0.184
  upd 8417 | return   34.100 | deliv  34.10 | blocked  1.9% | idle  0.0% | ent 0.174
  upd 8418 | return   33.100 | deliv  33.10 | blocked  1.9% | idle  0.0% | ent 0.185
  upd 8419 | return   31.500 | deliv  31.50 | blocked  1.4% | idle  0.0% | ent 0.186
  upd 8420 | return   27.900 | deliv  27.90 | blocked  1.5% | idle  0.0% | ent 0.201
  upd 8421 | return   26.800 | deliv  26.80 | blocked  1.5% | idle  0.0% | ent 0.198
  upd 8422 | return   32.500 | deliv  32.50 | blocked  1.3% | idle  0.0% | ent 0.189
  upd 8423 | return   31.500 | deliv  31.50 | blocked  1.4% | idle  0.0% | ent 0.175
  upd 8424 | return   30.600 | deliv  30.60 | blocked  1.4% | idle  0.0% | ent 0.184
  upd 8425 | return   32.100 | deliv  32.10 | blocked  1.4% | idle  0.0% | ent 0.183
  upd 8426 | return   31.600 | deliv  31.60 | blocked  1.6% | idle  0.0% | ent 0.178
  upd 8427 | return   32.400 | deliv  32.40 | blocked  1.7% | idle  0.0% | ent 0.182
  upd 8428 | return   30.200 | deliv  30.20 | blocked  1.8% | idle  0.0% | ent 0.180
  upd 8429 | return   34.100 | deliv  34.10 | blocked  1.5% | idle  0.0% | ent 0.174
  upd 8430 | return   32.700 | deliv  32.70 | blocked  1.6% | idle  0.0% | ent 0.167
  upd 8431 | return   32.100 | deliv  32.10 | blocked  1.5% | idle  0.0% | ent 0.174
  upd 8432 | return   32.300 | deliv  32.30 | blocked  1.9% | idle  0.0% | ent 0.175
  upd 8433 | return   30.100 | deliv  30.10 | blocked  1.4% | idle  0.0% | ent 0.182
  upd 8434 | return   29.500 | deliv  29.50 | blocked  1.7% | idle  0.0% | ent 0.173
  upd 8435 | return   27.900 | deliv  27.90 | blocked  1.8% | idle  0.0% | ent 0.168
  upd 8436 | return   24.600 | deliv  24.60 | blocked  1.7% | idle  0.0% | ent 0.177
  upd 8437 | return   30.300 | deliv  30.30 | blocked  1.8% | idle  0.0% | ent 0.184
  upd 8438 | return   27.900 | deliv  27.90 | blocked  2.2% | idle  0.0% | ent 0.193
  upd 8439 | return   28.000 | deliv  28.00 | blocked  2.0% | idle  0.0% | ent 0.186
  upd 8440 | return   26.300 | deliv  26.30 | blocked  1.9% | idle  0.0% | ent 0.186
  upd 8441 | return   28.700 | deliv  28.70 | blocked  1.9% | idle  0.0% | ent 0.183
  upd 8442 | return   28.700 | deliv  28.70 | blocked  1.4% | idle  0.0% | ent 0.192
  upd 8443 | return   30.000 | deliv  30.00 | blocked  1.8% | idle  0.0% | ent 0.192
  upd 8444 | return   28.000 | deliv  28.00 | blocked  2.0% | idle  0.0% | ent 0.186
  upd 8445 | return   29.900 | deliv  29.90 | blocked  1.6% | idle  0.0% | ent 0.173
  upd 8446 | return   29.600 | deliv  29.60 | blocked  2.0% | idle  0.0% | ent 0.182
  upd 8447 | return   26.200 | deliv  26.20 | blocked  2.1% | idle  0.0% | ent 0.180
  upd 8448 | return   24.200 | deliv  24.20 | blocked  2.7% | idle  0.0% | ent 0.171
  upd 8449 | return   30.000 | deliv  30.00 | blocked  2.9% | idle  0.0% | ent 0.172
  upd 8450 | return   27.800 | deliv  27.80 | blocked  2.8% | idle  0.0% | ent 0.178
  upd 8451 | return   26.600 | deliv  26.60 | blocked  3.9% | idle  0.0% | ent 0.186
  upd 8452 | return   26.500 | deliv  26.50 | blocked  3.5% | idle  0.0% | ent 0.183
  upd 8453 | return   27.100 | deliv  27.10 | blocked  3.2% | idle  0.0% | ent 0.189
  upd 8454 | return   27.600 | deliv  27.60 | blocked  2.6% | idle  0.0% | ent 0.183
  upd 8455 | return   28.600 | deliv  28.60 | blocked  2.9% | idle  0.0% | ent 0.200
  upd 8456 | return   31.600 | deliv  31.60 | blocked  2.8% | idle  0.0% | ent 0.197
  upd 8457 | return   30.700 | deliv  30.70 | blocked  2.6% | idle  0.0% | ent 0.185
  upd 8458 | return   29.000 | deliv  29.00 | blocked  4.5% | idle  0.0% | ent 0.203
  upd 8459 | return   27.100 | deliv  27.10 | blocked  4.3% | idle  0.0% | ent 0.206
  upd 8460 | return   30.300 | deliv  30.30 | blocked  2.7% | idle  0.0% | ent 0.185
  upd 8461 | return   31.000 | deliv  31.00 | blocked  2.9% | idle  0.0% | ent 0.191
  upd 8462 | return   31.900 | deliv  31.90 | blocked  2.3% | idle  0.0% | ent 0.179
  upd 8463 | return   31.500 | deliv  31.50 | blocked  2.5% | idle  0.0% | ent 0.173
  upd 8464 | return   31.900 | deliv  31.90 | blocked  2.4% | idle  0.0% | ent 0.170
  upd 8465 | return   28.100 | deliv  28.10 | blocked  4.6% | idle  0.0% | ent 0.193
  upd 8466 | return   26.400 | deliv  26.40 | blocked  4.8% | idle  0.0% | ent 0.202
  upd 8467 | return   28.100 | deliv  28.10 | blocked  4.5% | idle  0.0% | ent 0.196
  upd 8468 | return   32.400 | deliv  32.40 | blocked  3.9% | idle  0.0% | ent 0.175
  upd 8469 | return   29.300 | deliv  29.30 | blocked  4.5% | idle  0.0% | ent 0.176
  upd 8470 | return   32.300 | deliv  32.30 | blocked  4.3% | idle  0.0% | ent 0.172
  upd 8471 | return   34.100 | deliv  34.10 | blocked  2.9% | idle  0.0% | ent 0.157
  upd 8472 | return   33.700 | deliv  33.70 | blocked  2.0% | idle  0.0% | ent 0.156
  upd 8473 | return   36.400 | deliv  36.40 | blocked  1.9% | idle  0.0% | ent 0.152
  upd 8474 | return   36.100 | deliv  36.10 | blocked  2.2% | idle  0.0% | ent 0.152
  upd 8475 | return   33.000 | deliv  33.00 | blocked  2.2% | idle  0.0% | ent 0.159
  upd 8476 | return   35.200 | deliv  35.20 | blocked  1.9% | idle  0.0% | ent 0.160
  upd 8477 | return   36.300 | deliv  36.30 | blocked  2.0% | idle  0.0% | ent 0.160
  upd 8478 | return   36.200 | deliv  36.20 | blocked  2.3% | idle  0.0% | ent 0.162
  upd 8479 | return   33.100 | deliv  33.10 | blocked  2.1% | idle  0.0% | ent 0.175
  upd 8480 | return   32.900 | deliv  32.90 | blocked  1.4% | idle  0.0% | ent 0.171
  upd 8481 | return   33.400 | deliv  33.40 | blocked  1.6% | idle  0.0% | ent 0.170
  upd 8482 | return   34.500 | deliv  34.50 | blocked  1.5% | idle  0.0% | ent 0.165
  upd 8483 | return   35.400 | deliv  35.40 | blocked  1.8% | idle  0.0% | ent 0.169
  upd 8484 | return   35.600 | deliv  35.60 | blocked  1.8% | idle  0.0% | ent 0.157
  upd 8485 | return   35.400 | deliv  35.40 | blocked  1.6% | idle  0.0% | ent 0.155
  upd 8486 | return   35.700 | deliv  35.70 | blocked  1.6% | idle  0.0% | ent 0.164
  upd 8487 | return   35.400 | deliv  35.40 | blocked  1.3% | idle  0.0% | ent 0.161
  upd 8488 | return   36.200 | deliv  36.20 | blocked  1.5% | idle  0.0% | ent 0.160
  upd 8489 | return   36.300 | deliv  36.30 | blocked  1.6% | idle  0.0% | ent 0.159
  upd 8490 | return   37.200 | deliv  37.20 | blocked  1.7% | idle  0.0% | ent 0.153
  upd 8491 | return   34.300 | deliv  34.30 | blocked  1.7% | idle  0.0% | ent 0.162
  upd 8492 | return   37.700 | deliv  37.70 | blocked  1.5% | idle  0.0% | ent 0.149
  upd 8493 | return   36.100 | deliv  36.10 | blocked  1.7% | idle  0.0% | ent 0.154
  upd 8494 | return   37.100 | deliv  37.10 | blocked  1.6% | idle  0.0% | ent 0.149
  upd 8495 | return   37.300 | deliv  37.30 | blocked  1.6% | idle  0.0% | ent 0.152
  upd 8496 | return   36.800 | deliv  36.80 | blocked  1.3% | idle  0.0% | ent 0.148
  upd 8497 | return   33.900 | deliv  33.90 | blocked  1.7% | idle  0.0% | ent 0.154
  upd 8498 | return   37.000 | deliv  37.00 | blocked  1.6% | idle  0.0% | ent 0.147
  upd 8499 | return   36.000 | deliv  36.00 | blocked  1.7% | idle  0.0% | ent 0.149
  [replay @ update 8500] return 33.00  deliveries 33  -> runs/mappo_evo_tiny-4ag_seed2/replays/replay_upd008500_s0.npz
  upd 8500 | return   35.200 | deliv  35.20 | blocked  1.5% | idle  0.0% | ent 0.161
  upd 8501 | return   35.300 | deliv  35.30 | blocked  1.1% | idle  0.0% | ent 0.158
  upd 8502 | return   32.300 | deliv  32.30 | blocked  1.8% | idle  0.0% | ent 0.173
  upd 8503 | return   33.800 | deliv  33.80 | blocked  1.4% | idle  0.0% | ent 0.168
  upd 8504 | return   35.200 | deliv  35.20 | blocked  1.7% | idle  0.0% | ent 0.177
  upd 8505 | return   32.700 | deliv  32.70 | blocked  1.5% | idle  0.0% | ent 0.187
  upd 8506 | return   33.500 | deliv  33.50 | blocked  1.5% | idle  0.0% | ent 0.184
  upd 8507 | return   30.200 | deliv  30.20 | blocked  1.9% | idle  0.0% | ent 0.196
  upd 8508 | return   31.600 | deliv  31.60 | blocked  1.6% | idle  0.0% | ent 0.196
  upd 8509 | return   32.900 | deliv  32.90 | blocked  1.5% | idle  0.0% | ent 0.190
  upd 8510 | return   32.200 | deliv  32.20 | blocked  1.3% | idle  0.0% | ent 0.194
  upd 8511 | return   33.500 | deliv  33.50 | blocked  1.3% | idle  0.0% | ent 0.191
  upd 8512 | return   32.100 | deliv  32.10 | blocked  1.1% | idle  0.0% | ent 0.203
  upd 8513 | return   31.700 | deliv  31.70 | blocked  1.5% | idle  0.0% | ent 0.196
  upd 8514 | return   33.000 | deliv  33.00 | blocked  1.4% | idle  0.0% | ent 0.196
  upd 8515 | return   32.000 | deliv  32.00 | blocked  1.5% | idle  0.0% | ent 0.189
  upd 8516 | return   32.000 | deliv  32.00 | blocked  2.0% | idle  0.0% | ent 0.180
  upd 8517 | return   34.800 | deliv  34.80 | blocked  1.3% | idle  0.0% | ent 0.180
  upd 8518 | return   32.300 | deliv  32.30 | blocked  1.5% | idle  0.0% | ent 0.180
  upd 8519 | return   33.200 | deliv  33.20 | blocked  2.3% | idle  0.0% | ent 0.182
  upd 8520 | return   31.700 | deliv  31.70 | blocked  2.3% | idle  0.0% | ent 0.176
  upd 8521 | return   35.300 | deliv  35.30 | blocked  5.3% | idle  0.0% | ent 0.174
  upd 8522 | return   35.800 | deliv  35.80 | blocked  1.3% | idle  0.0% | ent 0.180
  upd 8523 | return   33.600 | deliv  33.60 | blocked  1.5% | idle  0.0% | ent 0.174
  upd 8524 | return   34.500 | deliv  34.50 | blocked  1.6% | idle  0.0% | ent 0.170
  upd 8525 | return   33.100 | deliv  33.10 | blocked  1.5% | idle  0.0% | ent 0.185
  upd 8526 | return   35.200 | deliv  35.20 | blocked  1.9% | idle  0.0% | ent 0.182
  upd 8527 | return   33.800 | deliv  33.80 | blocked  1.5% | idle  0.0% | ent 0.179
  upd 8528 | return   34.200 | deliv  34.20 | blocked  1.9% | idle  0.0% | ent 0.198
  upd 8529 | return   32.800 | deliv  32.80 | blocked  2.0% | idle  0.0% | ent 0.192
  upd 8530 | return   33.100 | deliv  33.10 | blocked  1.9% | idle  0.0% | ent 0.195
  upd 8531 | return   30.300 | deliv  30.30 | blocked  2.7% | idle  0.0% | ent 0.208
  upd 8532 | return   29.400 | deliv  29.40 | blocked  2.1% | idle  0.0% | ent 0.220
  upd 8533 | return   26.600 | deliv  26.60 | blocked  2.1% | idle  0.0% | ent 0.222
  upd 8534 | return   31.400 | deliv  31.40 | blocked  1.4% | idle  0.0% | ent 0.197
  upd 8535 | return   33.300 | deliv  33.30 | blocked  1.4% | idle  0.0% | ent 0.190
  upd 8536 | return   29.200 | deliv  29.20 | blocked  1.5% | idle  0.0% | ent 0.189
  upd 8537 | return   32.100 | deliv  32.10 | blocked  1.7% | idle  0.0% | ent 0.185
  upd 8538 | return   32.600 | deliv  32.60 | blocked  1.5% | idle  0.0% | ent 0.188
  upd 8539 | return   31.400 | deliv  31.40 | blocked  1.7% | idle  0.0% | ent 0.185
  upd 8540 | return   32.800 | deliv  32.80 | blocked  1.6% | idle  0.0% | ent 0.170
  upd 8541 | return   34.900 | deliv  34.90 | blocked  1.6% | idle  0.0% | ent 0.170
  upd 8542 | return   33.400 | deliv  33.40 | blocked  2.0% | idle  0.0% | ent 0.173
  upd 8543 | return   34.400 | deliv  34.40 | blocked  1.6% | idle  0.0% | ent 0.171
  upd 8544 | return   34.700 | deliv  34.70 | blocked  1.4% | idle  0.0% | ent 0.168
  upd 8545 | return   33.500 | deliv  33.50 | blocked  1.3% | idle  0.0% | ent 0.172
  upd 8546 | return   35.400 | deliv  35.40 | blocked  1.4% | idle  0.0% | ent 0.171
  upd 8547 | return   34.700 | deliv  34.70 | blocked  1.4% | idle  0.0% | ent 0.176
  upd 8548 | return   34.300 | deliv  34.30 | blocked  1.6% | idle  0.0% | ent 0.173
  upd 8549 | return   34.700 | deliv  34.70 | blocked  1.7% | idle  0.0% | ent 0.166
  upd 8550 | return   34.800 | deliv  34.80 | blocked  2.0% | idle  0.0% | ent 0.171
  upd 8551 | return   34.700 | deliv  34.70 | blocked  1.4% | idle  0.0% | ent 0.171
  upd 8552 | return   32.700 | deliv  32.70 | blocked  1.1% | idle  0.0% | ent 0.171
  upd 8553 | return   33.800 | deliv  33.80 | blocked  1.4% | idle  0.0% | ent 0.162
  upd 8554 | return   34.300 | deliv  34.30 | blocked  1.8% | idle  0.0% | ent 0.174
  upd 8555 | return   35.200 | deliv  35.20 | blocked  1.3% | idle  0.0% | ent 0.156
  upd 8556 | return   34.600 | deliv  34.60 | blocked  1.7% | idle  0.0% | ent 0.165
  upd 8557 | return   34.200 | deliv  34.20 | blocked  1.8% | idle  0.0% | ent 0.164
  upd 8558 | return   34.400 | deliv  34.40 | blocked  1.7% | idle  0.0% | ent 0.160
  upd 8559 | return   33.500 | deliv  33.50 | blocked  1.9% | idle  0.0% | ent 0.152
  upd 8560 | return   33.500 | deliv  33.50 | blocked  1.8% | idle  0.0% | ent 0.162
  upd 8561 | return   35.200 | deliv  35.20 | blocked  1.4% | idle  0.0% | ent 0.168
  upd 8562 | return   34.600 | deliv  34.60 | blocked  1.5% | idle  0.0% | ent 0.167
  upd 8563 | return   37.100 | deliv  37.10 | blocked  1.7% | idle  0.0% | ent 0.166
  upd 8564 | return   34.600 | deliv  34.60 | blocked  1.7% | idle  0.0% | ent 0.163
  upd 8565 | return   33.700 | deliv  33.70 | blocked  2.1% | idle  0.0% | ent 0.165
  upd 8566 | return   36.700 | deliv  36.70 | blocked  1.5% | idle  0.0% | ent 0.163
  upd 8567 | return   36.100 | deliv  36.10 | blocked  1.5% | idle  0.0% | ent 0.151
  upd 8568 | return   35.900 | deliv  35.90 | blocked  1.9% | idle  0.0% | ent 0.156
  upd 8569 | return   35.700 | deliv  35.70 | blocked  2.0% | idle  0.0% | ent 0.174
  upd 8570 | return   35.100 | deliv  35.10 | blocked  2.1% | idle  0.0% | ent 0.158
  upd 8571 | return   35.500 | deliv  35.50 | blocked  1.6% | idle  0.0% | ent 0.158
  upd 8572 | return   35.300 | deliv  35.30 | blocked  1.6% | idle  0.0% | ent 0.156
  upd 8573 | return   35.300 | deliv  35.30 | blocked  1.6% | idle  0.0% | ent 0.158
  upd 8574 | return   35.500 | deliv  35.50 | blocked  1.6% | idle  0.0% | ent 0.159
  upd 8575 | return   35.300 | deliv  35.30 | blocked  1.7% | idle  0.0% | ent 0.164
  upd 8576 | return   33.300 | deliv  33.30 | blocked  1.6% | idle  0.0% | ent 0.173
  upd 8577 | return   32.300 | deliv  32.30 | blocked  2.1% | idle  0.0% | ent 0.172
  upd 8578 | return   34.000 | deliv  34.00 | blocked  1.6% | idle  0.0% | ent 0.173
  upd 8579 | return   34.300 | deliv  34.30 | blocked  1.8% | idle  0.0% | ent 0.164
  upd 8580 | return   35.800 | deliv  35.80 | blocked  1.5% | idle  0.0% | ent 0.159
  upd 8581 | return   36.000 | deliv  36.00 | blocked  1.8% | idle  0.0% | ent 0.165
  upd 8582 | return   35.300 | deliv  35.30 | blocked  1.5% | idle  0.0% | ent 0.166
  upd 8583 | return   34.900 | deliv  34.90 | blocked  1.9% | idle  0.0% | ent 0.159
  upd 8584 | return   36.000 | deliv  36.00 | blocked  2.0% | idle  0.0% | ent 0.158
  upd 8585 | return   35.200 | deliv  35.20 | blocked  1.8% | idle  0.0% | ent 0.168
  upd 8586 | return   36.900 | deliv  36.90 | blocked  2.0% | idle  0.0% | ent 0.169
  upd 8587 | return   35.300 | deliv  35.30 | blocked  1.9% | idle  0.0% | ent 0.179
  upd 8588 | return   34.600 | deliv  34.60 | blocked  1.7% | idle  0.0% | ent 0.181
  upd 8589 | return   35.600 | deliv  35.60 | blocked  1.6% | idle  0.0% | ent 0.174
  upd 8590 | return   36.900 | deliv  36.90 | blocked  1.3% | idle  0.0% | ent 0.169
  upd 8591 | return   35.700 | deliv  35.70 | blocked  3.0% | idle  0.0% | ent 0.172
  upd 8592 | return   36.200 | deliv  36.20 | blocked  1.7% | idle  0.0% | ent 0.177
  upd 8593 | return   36.500 | deliv  36.50 | blocked  2.1% | idle  0.0% | ent 0.183
  upd 8594 | return   36.100 | deliv  36.10 | blocked  1.4% | idle  0.0% | ent 0.189
  upd 8595 | return   33.700 | deliv  33.70 | blocked  2.0% | idle  0.0% | ent 0.203
  upd 8596 | return   34.000 | deliv  34.00 | blocked  1.8% | idle  0.0% | ent 0.199
  upd 8597 | return   36.300 | deliv  36.30 | blocked  1.9% | idle  0.0% | ent 0.186
  upd 8598 | return   34.200 | deliv  34.20 | blocked  2.0% | idle  0.0% | ent 0.190
  upd 8599 | return   35.200 | deliv  35.20 | blocked  1.7% | idle  0.0% | ent 0.180
  [replay @ update 8600] return 35.00  deliveries 35  -> runs/mappo_evo_tiny-4ag_seed2/replays/replay_upd008600_s0.npz
  upd 8600 | return   36.800 | deliv  36.80 | blocked  2.0% | idle  0.0% | ent 0.172
  upd 8601 | return   35.400 | deliv  35.40 | blocked  2.5% | idle  0.0% | ent 0.190
  upd 8602 | return   37.200 | deliv  37.20 | blocked  1.8% | idle  0.0% | ent 0.187
  upd 8603 | return   35.400 | deliv  35.40 | blocked  2.0% | idle  0.0% | ent 0.182
  upd 8604 | return   35.900 | deliv  35.90 | blocked  1.9% | idle  0.0% | ent 0.179
  upd 8605 | return   32.700 | deliv  32.70 | blocked  2.7% | idle  0.0% | ent 0.207
  upd 8606 | return   33.000 | deliv  33.00 | blocked  3.6% | idle  0.0% | ent 0.200
  upd 8607 | return   35.500 | deliv  35.50 | blocked  3.1% | idle  0.0% | ent 0.191
  upd 8608 | return   35.900 | deliv  35.90 | blocked  2.5% | idle  0.0% | ent 0.187
  upd 8609 | return   36.000 | deliv  36.00 | blocked  3.0% | idle  0.0% | ent 0.181
  upd 8610 | return   36.500 | deliv  36.50 | blocked  2.0% | idle  0.0% | ent 0.177
  upd 8611 | return   37.100 | deliv  37.10 | blocked  2.1% | idle  0.0% | ent 0.171
  upd 8612 | return   34.400 | deliv  34.40 | blocked  1.6% | idle  0.0% | ent 0.169
  upd 8613 | return   38.000 | deliv  38.00 | blocked  2.0% | idle  0.0% | ent 0.177
  upd 8614 | return   37.100 | deliv  37.10 | blocked  1.7% | idle  0.0% | ent 0.182
  upd 8615 | return   36.300 | deliv  36.30 | blocked  2.0% | idle  0.0% | ent 0.178
  upd 8616 | return   36.800 | deliv  36.80 | blocked  2.2% | idle  0.0% | ent 0.182
  upd 8617 | return   35.700 | deliv  35.70 | blocked  1.5% | idle  0.0% | ent 0.183
  upd 8618 | return   37.800 | deliv  37.80 | blocked  2.1% | idle  0.0% | ent 0.179
  upd 8619 | return   36.600 | deliv  36.60 | blocked  1.9% | idle  0.0% | ent 0.183
  upd 8620 | return   34.700 | deliv  34.70 | blocked  2.3% | idle  0.0% | ent 0.186
  upd 8621 | return   34.200 | deliv  34.20 | blocked  2.7% | idle  0.0% | ent 0.190
  upd 8622 | return   35.800 | deliv  35.80 | blocked  1.8% | idle  0.0% | ent 0.194
  upd 8623 | return   36.200 | deliv  36.20 | blocked  2.2% | idle  0.0% | ent 0.197
  upd 8624 | return   32.700 | deliv  32.70 | blocked  2.3% | idle  0.0% | ent 0.213
  upd 8625 | return   33.900 | deliv  33.90 | blocked  2.3% | idle  0.0% | ent 0.201
  upd 8626 | return   33.400 | deliv  33.40 | blocked  2.5% | idle  0.0% | ent 0.207
  upd 8627 | return   34.100 | deliv  34.10 | blocked  2.1% | idle  0.0% | ent 0.219
  upd 8628 | return   35.300 | deliv  35.30 | blocked  1.8% | idle  0.0% | ent 0.213
  upd 8629 | return   33.200 | deliv  33.20 | blocked  1.6% | idle  0.0% | ent 0.225
  upd 8630 | return   34.900 | deliv  34.90 | blocked  1.6% | idle  0.0% | ent 0.212
  upd 8631 | return   35.100 | deliv  35.10 | blocked  1.9% | idle  0.0% | ent 0.208
  upd 8632 | return   33.800 | deliv  33.80 | blocked  2.0% | idle  0.0% | ent 0.215
  upd 8633 | return   31.700 | deliv  31.70 | blocked  1.6% | idle  0.0% | ent 0.220
  upd 8634 | return   33.800 | deliv  33.80 | blocked  2.4% | idle  0.0% | ent 0.212
  upd 8635 | return   33.500 | deliv  33.50 | blocked  2.0% | idle  0.0% | ent 0.216
  upd 8636 | return   32.800 | deliv  32.80 | blocked  1.9% | idle  0.0% | ent 0.222
  upd 8637 | return   32.600 | deliv  32.60 | blocked  2.0% | idle  0.0% | ent 0.218
  upd 8638 | return   34.700 | deliv  34.70 | blocked  1.7% | idle  0.0% | ent 0.216
  upd 8639 | return   33.900 | deliv  33.90 | blocked  1.9% | idle  0.0% | ent 0.215
  upd 8640 | return   32.900 | deliv  32.90 | blocked  2.0% | idle  0.0% | ent 0.220
  upd 8641 | return   35.100 | deliv  35.10 | blocked  1.7% | idle  0.0% | ent 0.208
  upd 8642 | return   31.400 | deliv  31.40 | blocked  1.6% | idle  0.0% | ent 0.217
  upd 8643 | return   32.200 | deliv  32.20 | blocked  2.4% | idle  0.0% | ent 0.202
  upd 8644 | return   29.700 | deliv  29.70 | blocked  3.7% | idle  0.0% | ent 0.231
  upd 8645 | return   36.100 | deliv  36.10 | blocked  1.5% | idle  0.0% | ent 0.211
  upd 8646 | return   35.500 | deliv  35.50 | blocked  1.9% | idle  0.0% | ent 0.200
  upd 8647 | return   34.500 | deliv  34.50 | blocked  2.0% | idle  0.0% | ent 0.213
  upd 8648 | return   36.900 | deliv  36.90 | blocked  1.7% | idle  0.0% | ent 0.195
  upd 8649 | return   35.700 | deliv  35.70 | blocked  1.5% | idle  0.0% | ent 0.193
  upd 8650 | return   36.900 | deliv  36.90 | blocked  1.6% | idle  0.0% | ent 0.197
  upd 8651 | return   33.000 | deliv  33.00 | blocked  2.2% | idle  0.0% | ent 0.208
  upd 8652 | return   32.100 | deliv  32.10 | blocked  1.8% | idle  0.0% | ent 0.218
  upd 8653 | return   32.000 | deliv  32.00 | blocked  1.4% | idle  0.0% | ent 0.216
  upd 8654 | return   33.700 | deliv  33.70 | blocked  1.5% | idle  0.0% | ent 0.209
  upd 8655 | return   34.700 | deliv  34.70 | blocked  1.7% | idle  0.0% | ent 0.201
  upd 8656 | return   34.800 | deliv  34.80 | blocked  1.7% | idle  0.0% | ent 0.193
  upd 8657 | return   34.700 | deliv  34.70 | blocked  1.6% | idle  0.0% | ent 0.189
  upd 8658 | return   32.600 | deliv  32.60 | blocked  1.7% | idle  0.0% | ent 0.203
  upd 8659 | return   33.100 | deliv  33.10 | blocked  1.4% | idle  0.0% | ent 0.189
  upd 8660 | return   30.300 | deliv  30.30 | blocked  2.2% | idle  0.0% | ent 0.192
  upd 8661 | return   35.100 | deliv  35.10 | blocked  1.9% | idle  0.0% | ent 0.183
  upd 8662 | return   33.300 | deliv  33.30 | blocked  2.1% | idle  0.0% | ent 0.181
  upd 8663 | return   34.900 | deliv  34.90 | blocked  1.9% | idle  0.0% | ent 0.175
  upd 8664 | return   35.000 | deliv  35.00 | blocked  1.6% | idle  0.0% | ent 0.178
  upd 8665 | return   32.500 | deliv  32.50 | blocked  1.9% | idle  0.0% | ent 0.193
  upd 8666 | return   35.500 | deliv  35.50 | blocked  1.8% | idle  0.0% | ent 0.174
  upd 8667 | return   33.300 | deliv  33.30 | blocked  6.7% | idle  0.0% | ent 0.176
  upd 8668 | return   32.700 | deliv  32.70 | blocked  1.6% | idle  0.0% | ent 0.179
  upd 8669 | return   33.500 | deliv  33.50 | blocked  1.8% | idle  0.0% | ent 0.177
  upd 8670 | return   33.000 | deliv  33.00 | blocked  1.3% | idle  0.0% | ent 0.189
  upd 8671 | return   32.500 | deliv  32.50 | blocked  1.3% | idle  0.0% | ent 0.174
  upd 8672 | return   34.900 | deliv  34.90 | blocked  1.1% | idle  0.0% | ent 0.178
  upd 8673 | return   33.800 | deliv  33.80 | blocked  1.4% | idle  0.0% | ent 0.177
  upd 8674 | return   33.800 | deliv  33.80 | blocked  1.3% | idle  0.0% | ent 0.179
  upd 8675 | return   35.900 | deliv  35.90 | blocked  1.2% | idle  0.0% | ent 0.183
  upd 8676 | return   32.200 | deliv  32.20 | blocked  1.1% | idle  0.0% | ent 0.193
  upd 8677 | return   31.700 | deliv  31.70 | blocked  1.4% | idle  0.0% | ent 0.194
  upd 8678 | return   31.900 | deliv  31.90 | blocked  1.5% | idle  0.0% | ent 0.202
  upd 8679 | return   33.400 | deliv  33.40 | blocked  1.8% | idle  0.0% | ent 0.199
  upd 8680 | return   33.100 | deliv  33.10 | blocked  1.5% | idle  0.0% | ent 0.189
  upd 8681 | return   35.600 | deliv  35.60 | blocked  2.1% | idle  0.0% | ent 0.180
  upd 8682 | return   37.400 | deliv  37.40 | blocked  1.5% | idle  0.0% | ent 0.183
  upd 8683 | return   35.200 | deliv  35.20 | blocked  1.4% | idle  0.0% | ent 0.187
  upd 8684 | return   35.600 | deliv  35.60 | blocked  1.5% | idle  0.0% | ent 0.181
  upd 8685 | return   33.500 | deliv  33.50 | blocked  2.1% | idle  0.0% | ent 0.191
  upd 8686 | return   33.900 | deliv  33.90 | blocked  2.0% | idle  0.0% | ent 0.188
  upd 8687 | return   35.600 | deliv  35.60 | blocked  2.4% | idle  0.0% | ent 0.197
  upd 8688 | return   36.500 | deliv  36.50 | blocked  2.2% | idle  0.0% | ent 0.187
  upd 8689 | return   31.900 | deliv  31.90 | blocked  3.4% | idle  0.0% | ent 0.206
  upd 8690 | return   35.400 | deliv  35.40 | blocked  2.0% | idle  0.0% | ent 0.189
  upd 8691 | return   36.800 | deliv  36.80 | blocked  1.3% | idle  0.0% | ent 0.187
  upd 8692 | return   32.900 | deliv  32.90 | blocked  2.0% | idle  0.0% | ent 0.194
  upd 8693 | return   36.400 | deliv  36.40 | blocked  1.4% | idle  0.0% | ent 0.184
  upd 8694 | return   36.600 | deliv  36.60 | blocked  1.7% | idle  0.0% | ent 0.190
  upd 8695 | return   35.200 | deliv  35.20 | blocked  1.6% | idle  0.0% | ent 0.191
  upd 8696 | return   36.500 | deliv  36.50 | blocked  1.4% | idle  0.0% | ent 0.189
  upd 8697 | return   36.800 | deliv  36.80 | blocked  1.2% | idle  0.0% | ent 0.192
  upd 8698 | return   35.200 | deliv  35.20 | blocked  1.7% | idle  0.0% | ent 0.200
  upd 8699 | return   36.100 | deliv  36.10 | blocked  1.4% | idle  0.0% | ent 0.201
  [replay @ update 8700] return 34.00  deliveries 34  -> runs/mappo_evo_tiny-4ag_seed2/replays/replay_upd008700_s0.npz
  upd 8700 | return   34.200 | deliv  34.20 | blocked  1.1% | idle  0.0% | ent 0.211
  upd 8701 | return   35.800 | deliv  35.80 | blocked  1.4% | idle  0.0% | ent 0.213
  upd 8702 | return   31.200 | deliv  31.20 | blocked  1.7% | idle  0.0% | ent 0.228
  upd 8703 | return   33.200 | deliv  33.20 | blocked  2.0% | idle  0.0% | ent 0.216
  upd 8704 | return   32.800 | deliv  32.80 | blocked  2.0% | idle  0.0% | ent 0.225
  upd 8705 | return   32.100 | deliv  32.10 | blocked  2.1% | idle  0.0% | ent 0.223
  upd 8706 | return   35.100 | deliv  35.10 | blocked  1.5% | idle  0.0% | ent 0.213
  upd 8707 | return   32.300 | deliv  32.30 | blocked  1.6% | idle  0.0% | ent 0.226
  upd 8708 | return   34.000 | deliv  34.00 | blocked  1.3% | idle  0.0% | ent 0.221
  upd 8709 | return   30.000 | deliv  30.00 | blocked  1.7% | idle  0.0% | ent 0.237
  upd 8710 | return   33.600 | deliv  33.60 | blocked  1.6% | idle  0.0% | ent 0.230
  upd 8711 | return   35.100 | deliv  35.10 | blocked  1.4% | idle  0.0% | ent 0.214
  upd 8712 | return   33.700 | deliv  33.70 | blocked  1.7% | idle  0.0% | ent 0.211
  upd 8713 | return   33.900 | deliv  33.90 | blocked  1.4% | idle  0.0% | ent 0.214
  upd 8714 | return   33.500 | deliv  33.50 | blocked  1.5% | idle  0.0% | ent 0.206
  upd 8715 | return   34.900 | deliv  34.90 | blocked  1.6% | idle  0.0% | ent 0.215
  upd 8716 | return   34.700 | deliv  34.70 | blocked  1.2% | idle  0.0% | ent 0.204
  upd 8717 | return   32.400 | deliv  32.40 | blocked  1.6% | idle  0.0% | ent 0.214
  upd 8718 | return   32.300 | deliv  32.30 | blocked  1.6% | idle  0.0% | ent 0.213
  upd 8719 | return   34.100 | deliv  34.10 | blocked  1.2% | idle  0.0% | ent 0.201
  upd 8720 | return   32.500 | deliv  32.50 | blocked  1.2% | idle  0.0% | ent 0.208
  upd 8721 | return   34.200 | deliv  34.20 | blocked  1.4% | idle  0.0% | ent 0.207
  upd 8722 | return   32.400 | deliv  32.40 | blocked  1.4% | idle  0.0% | ent 0.207
  upd 8723 | return   33.700 | deliv  33.70 | blocked  1.0% | idle  0.0% | ent 0.215
  upd 8724 | return   33.100 | deliv  33.10 | blocked  1.3% | idle  0.0% | ent 0.214
  upd 8725 | return   35.700 | deliv  35.70 | blocked  1.4% | idle  0.0% | ent 0.213
  upd 8726 | return   33.500 | deliv  33.50 | blocked  1.3% | idle  0.0% | ent 0.211
  upd 8727 | return   33.100 | deliv  33.10 | blocked  1.1% | idle  0.0% | ent 0.209
  upd 8728 | return   33.400 | deliv  33.40 | blocked  2.1% | idle  0.0% | ent 0.210
  upd 8729 | return   34.200 | deliv  34.20 | blocked  1.3% | idle  0.0% | ent 0.209
  upd 8730 | return   30.200 | deliv  30.20 | blocked  1.6% | idle  0.0% | ent 0.228
  upd 8731 | return   32.600 | deliv  32.60 | blocked  1.2% | idle  0.0% | ent 0.220
  upd 8732 | return   32.900 | deliv  32.90 | blocked  1.3% | idle  0.0% | ent 0.208
  upd 8733 | return   34.500 | deliv  34.50 | blocked  1.2% | idle  0.0% | ent 0.199
  upd 8734 | return   34.100 | deliv  34.10 | blocked  1.7% | idle  0.0% | ent 0.201
  upd 8735 | return   34.000 | deliv  34.00 | blocked  1.2% | idle  0.0% | ent 0.191
  upd 8736 | return   34.400 | deliv  34.40 | blocked  1.2% | idle  0.0% | ent 0.191
  upd 8737 | return   33.900 | deliv  33.90 | blocked  1.4% | idle  0.0% | ent 0.193
  upd 8738 | return   34.400 | deliv  34.40 | blocked  1.1% | idle  0.0% | ent 0.184
  upd 8739 | return   36.200 | deliv  36.20 | blocked  1.1% | idle  0.0% | ent 0.182
  upd 8740 | return   35.600 | deliv  35.60 | blocked  1.1% | idle  0.0% | ent 0.183
  upd 8741 | return   37.200 | deliv  37.20 | blocked  1.4% | idle  0.0% | ent 0.184
  upd 8742 | return   36.700 | deliv  36.70 | blocked  1.8% | idle  0.0% | ent 0.183
  upd 8743 | return   36.400 | deliv  36.40 | blocked  1.2% | idle  0.0% | ent 0.190
  upd 8744 | return   34.400 | deliv  34.40 | blocked  1.4% | idle  0.0% | ent 0.192
  upd 8745 | return   34.200 | deliv  34.20 | blocked  1.4% | idle  0.0% | ent 0.204
  upd 8746 | return   34.300 | deliv  34.30 | blocked  1.3% | idle  0.0% | ent 0.209
  upd 8747 | return   33.800 | deliv  33.80 | blocked  1.4% | idle  0.0% | ent 0.221
  upd 8748 | return   31.700 | deliv  31.70 | blocked  1.3% | idle  0.0% | ent 0.225
  upd 8749 | return   32.000 | deliv  32.00 | blocked  1.3% | idle  0.0% | ent 0.225
  upd 8750 | return   36.600 | deliv  36.60 | blocked  1.3% | idle  0.0% | ent 0.213
  upd 8751 | return   33.800 | deliv  33.80 | blocked  1.4% | idle  0.0% | ent 0.227
  upd 8752 | return   35.200 | deliv  35.20 | blocked  1.5% | idle  0.0% | ent 0.225
  upd 8753 | return   37.200 | deliv  37.20 | blocked  1.4% | idle  0.0% | ent 0.204
  upd 8754 | return   34.100 | deliv  34.10 | blocked  1.4% | idle  0.0% | ent 0.217
  upd 8755 | return   31.300 | deliv  31.30 | blocked  3.2% | idle  0.0% | ent 0.223
  upd 8756 | return   27.700 | deliv  27.70 | blocked  7.4% | idle  0.0% | ent 0.236
  upd 8757 | return   32.200 | deliv  32.20 | blocked  1.3% | idle  0.0% | ent 0.219
  upd 8758 | return   31.900 | deliv  31.90 | blocked  1.4% | idle  0.0% | ent 0.217
  upd 8759 | return   32.300 | deliv  32.30 | blocked  1.4% | idle  0.0% | ent 0.227
  upd 8760 | return   33.100 | deliv  33.10 | blocked  1.3% | idle  0.0% | ent 0.225
  upd 8761 | return   33.800 | deliv  33.80 | blocked  1.3% | idle  0.0% | ent 0.218
  upd 8762 | return   29.400 | deliv  29.40 | blocked  1.5% | idle  0.0% | ent 0.228
  upd 8763 | return   31.300 | deliv  31.30 | blocked  1.4% | idle  0.0% | ent 0.203
  upd 8764 | return   33.800 | deliv  33.80 | blocked  1.7% | idle  0.0% | ent 0.204
  upd 8765 | return   34.000 | deliv  34.00 | blocked  1.8% | idle  0.0% | ent 0.193
  upd 8766 | return   33.900 | deliv  33.90 | blocked  1.7% | idle  0.0% | ent 0.213
  upd 8767 | return   36.700 | deliv  36.70 | blocked  1.3% | idle  0.0% | ent 0.192
  upd 8768 | return   33.100 | deliv  33.10 | blocked  1.3% | idle  0.0% | ent 0.202
  upd 8769 | return   31.500 | deliv  31.50 | blocked  1.4% | idle  0.0% | ent 0.214
  upd 8770 | return   31.400 | deliv  31.40 | blocked  1.6% | idle  0.0% | ent 0.217
  upd 8771 | return   36.400 | deliv  36.40 | blocked  1.3% | idle  0.0% | ent 0.196
  upd 8772 | return   34.600 | deliv  34.60 | blocked  1.3% | idle  0.0% | ent 0.212
  upd 8773 | return   30.800 | deliv  30.80 | blocked  1.7% | idle  0.0% | ent 0.212
  upd 8774 | return   32.100 | deliv  32.10 | blocked  1.5% | idle  0.0% | ent 0.214
  upd 8775 | return   31.900 | deliv  31.90 | blocked  1.5% | idle  0.0% | ent 0.217
  upd 8776 | return   32.700 | deliv  32.70 | blocked  1.5% | idle  0.0% | ent 0.218
  upd 8777 | return   30.500 | deliv  30.50 | blocked  1.7% | idle  0.0% | ent 0.215
  upd 8778 | return   33.000 | deliv  33.00 | blocked  1.5% | idle  0.0% | ent 0.218
  upd 8779 | return   33.200 | deliv  33.20 | blocked  1.8% | idle  0.0% | ent 0.216
  upd 8780 | return   31.100 | deliv  31.10 | blocked  2.1% | idle  0.0% | ent 0.216
  upd 8781 | return   31.200 | deliv  31.20 | blocked  2.1% | idle  0.0% | ent 0.205
  upd 8782 | return   32.100 | deliv  32.10 | blocked  1.7% | idle  0.0% | ent 0.200
  upd 8783 | return   30.800 | deliv  30.80 | blocked  1.9% | idle  0.0% | ent 0.212
  upd 8784 | return   30.500 | deliv  30.50 | blocked  1.5% | idle  0.0% | ent 0.216
  upd 8785 | return   34.100 | deliv  34.10 | blocked  1.3% | idle  0.0% | ent 0.212
  upd 8786 | return   32.400 | deliv  32.40 | blocked  1.3% | idle  0.0% | ent 0.213
  upd 8787 | return   32.000 | deliv  32.00 | blocked  1.1% | idle  0.0% | ent 0.207
  upd 8788 | return   33.900 | deliv  33.90 | blocked  1.4% | idle  0.0% | ent 0.213
  upd 8789 | return   32.500 | deliv  32.50 | blocked  2.2% | idle  0.0% | ent 0.197
  upd 8790 | return   32.700 | deliv  32.70 | blocked  2.0% | idle  0.0% | ent 0.212
  upd 8791 | return   29.500 | deliv  29.50 | blocked  1.7% | idle  0.0% | ent 0.219
  upd 8792 | return   31.400 | deliv  31.40 | blocked  1.9% | idle  0.0% | ent 0.200
  upd 8793 | return   28.600 | deliv  28.60 | blocked  2.0% | idle  0.0% | ent 0.199
  upd 8794 | return   31.900 | deliv  31.90 | blocked  1.5% | idle  0.0% | ent 0.215
  upd 8795 | return   34.800 | deliv  34.80 | blocked  1.8% | idle  0.0% | ent 0.199
  upd 8796 | return   32.500 | deliv  32.50 | blocked  1.5% | idle  0.0% | ent 0.201
  upd 8797 | return   32.800 | deliv  32.80 | blocked  1.4% | idle  0.0% | ent 0.206
  upd 8798 | return   35.600 | deliv  35.60 | blocked  1.4% | idle  0.0% | ent 0.209
  upd 8799 | return   35.300 | deliv  35.30 | blocked  1.4% | idle  0.0% | ent 0.196
  [replay @ update 8800] return 34.00  deliveries 34  -> runs/mappo_evo_tiny-4ag_seed2/replays/replay_upd008800_s0.npz
  upd 8800 | return   35.100 | deliv  35.10 | blocked  1.7% | idle  0.0% | ent 0.200
  upd 8801 | return   33.500 | deliv  33.50 | blocked  1.5% | idle  0.0% | ent 0.201
  upd 8802 | return   37.000 | deliv  37.00 | blocked  1.4% | idle  0.0% | ent 0.196
  upd 8803 | return   30.600 | deliv  30.60 | blocked  2.3% | idle  0.0% | ent 0.210
  upd 8804 | return   35.200 | deliv  35.20 | blocked  1.5% | idle  0.0% | ent 0.211
  upd 8805 | return   33.600 | deliv  33.60 | blocked  3.1% | idle  0.0% | ent 0.208
  upd 8806 | return   33.200 | deliv  33.20 | blocked  1.2% | idle  0.0% | ent 0.213
  upd 8807 | return   34.300 | deliv  34.30 | blocked  1.4% | idle  0.0% | ent 0.197
  upd 8808 | return   35.000 | deliv  35.00 | blocked  1.8% | idle  0.0% | ent 0.207
  upd 8809 | return   31.400 | deliv  31.40 | blocked  1.6% | idle  0.0% | ent 0.214
  upd 8810 | return   31.800 | deliv  31.80 | blocked  1.5% | idle  0.0% | ent 0.221
  upd 8811 | return   30.000 | deliv  30.00 | blocked  1.5% | idle  0.0% | ent 0.234
  upd 8812 | return   32.500 | deliv  32.50 | blocked  1.4% | idle  0.0% | ent 0.234
  upd 8813 | return   33.600 | deliv  33.60 | blocked  1.6% | idle  0.0% | ent 0.221
  upd 8814 | return   34.600 | deliv  34.60 | blocked  1.4% | idle  0.0% | ent 0.215
  upd 8815 | return   36.500 | deliv  36.50 | blocked  1.8% | idle  0.0% | ent 0.215
  upd 8816 | return   33.500 | deliv  33.50 | blocked  1.6% | idle  0.0% | ent 0.212
  upd 8817 | return   33.700 | deliv  33.70 | blocked  2.1% | idle  0.0% | ent 0.207
  upd 8818 | return   32.000 | deliv  32.00 | blocked  1.7% | idle  0.0% | ent 0.206
  upd 8819 | return   33.400 | deliv  33.40 | blocked  1.4% | idle  0.0% | ent 0.207
  upd 8820 | return   34.800 | deliv  34.80 | blocked  1.4% | idle  0.0% | ent 0.196
  upd 8821 | return   33.500 | deliv  33.50 | blocked  2.1% | idle  0.0% | ent 0.202
  upd 8822 | return   34.600 | deliv  34.60 | blocked  1.4% | idle  0.0% | ent 0.201
  upd 8823 | return   32.200 | deliv  32.20 | blocked  1.4% | idle  0.0% | ent 0.202
  upd 8824 | return   32.700 | deliv  32.70 | blocked  1.6% | idle  0.0% | ent 0.207
  upd 8825 | return   31.900 | deliv  31.90 | blocked  1.7% | idle  0.0% | ent 0.211
  upd 8826 | return   34.200 | deliv  34.20 | blocked  1.4% | idle  0.0% | ent 0.209
  upd 8827 | return   35.700 | deliv  35.70 | blocked  1.6% | idle  0.0% | ent 0.191
  upd 8828 | return   32.800 | deliv  32.80 | blocked  1.4% | idle  0.0% | ent 0.200
  upd 8829 | return   33.700 | deliv  33.70 | blocked  1.6% | idle  0.0% | ent 0.198
  upd 8830 | return   34.500 | deliv  34.50 | blocked  1.4% | idle  0.0% | ent 0.191
  upd 8831 | return   33.800 | deliv  33.80 | blocked  1.3% | idle  0.0% | ent 0.195
  upd 8832 | return   31.800 | deliv  31.80 | blocked  1.7% | idle  0.0% | ent 0.200
  upd 8833 | return   33.900 | deliv  33.90 | blocked  1.6% | idle  0.0% | ent 0.208
  upd 8834 | return   32.200 | deliv  32.20 | blocked  1.6% | idle  0.0% | ent 0.223
  upd 8835 | return   31.900 | deliv  31.90 | blocked  1.4% | idle  0.0% | ent 0.223
  upd 8836 | return   31.900 | deliv  31.90 | blocked  1.6% | idle  0.0% | ent 0.223
  upd 8837 | return   31.700 | deliv  31.70 | blocked  1.8% | idle  0.0% | ent 0.232
  upd 8838 | return   30.900 | deliv  30.90 | blocked  3.9% | idle  0.0% | ent 0.228
  upd 8839 | return   28.100 | deliv  28.10 | blocked  1.8% | idle  0.0% | ent 0.236
  upd 8840 | return   35.300 | deliv  35.30 | blocked  2.6% | idle  0.0% | ent 0.207
  upd 8841 | return   35.700 | deliv  35.70 | blocked  1.4% | idle  0.0% | ent 0.198
  upd 8842 | return   36.000 | deliv  36.00 | blocked  1.6% | idle  0.0% | ent 0.195
  upd 8843 | return   35.200 | deliv  35.20 | blocked  1.6% | idle  0.0% | ent 0.197
  upd 8844 | return   35.500 | deliv  35.50 | blocked  1.3% | idle  0.0% | ent 0.208
  upd 8845 | return   34.400 | deliv  34.40 | blocked  2.1% | idle  0.0% | ent 0.214
  upd 8846 | return   33.900 | deliv  33.90 | blocked  1.5% | idle  0.0% | ent 0.219
  upd 8847 | return   34.000 | deliv  34.00 | blocked  1.5% | idle  0.0% | ent 0.230
  upd 8848 | return   33.800 | deliv  33.80 | blocked  1.3% | idle  0.0% | ent 0.235
  upd 8849 | return   35.800 | deliv  35.80 | blocked  1.5% | idle  0.1% | ent 0.217
  upd 8850 | return   35.100 | deliv  35.10 | blocked  1.1% | idle  0.0% | ent 0.205
  upd 8851 | return   32.800 | deliv  32.80 | blocked  1.2% | idle  0.1% | ent 0.215
  upd 8852 | return   35.600 | deliv  35.60 | blocked  1.7% | idle  0.1% | ent 0.209
  upd 8853 | return   36.100 | deliv  36.10 | blocked  1.6% | idle  0.1% | ent 0.212
  upd 8854 | return   34.700 | deliv  34.70 | blocked  1.4% | idle  0.1% | ent 0.214
  upd 8855 | return   35.300 | deliv  35.30 | blocked  1.4% | idle  0.1% | ent 0.224
  upd 8856 | return   35.000 | deliv  35.00 | blocked  1.5% | idle  0.1% | ent 0.227
  upd 8857 | return   35.200 | deliv  35.20 | blocked  1.6% | idle  0.0% | ent 0.240
  upd 8858 | return   34.400 | deliv  34.40 | blocked  1.8% | idle  0.1% | ent 0.218
  upd 8859 | return   33.600 | deliv  33.60 | blocked  1.6% | idle  0.0% | ent 0.224
  upd 8860 | return   35.100 | deliv  35.10 | blocked  2.3% | idle  0.1% | ent 0.222
  upd 8861 | return   32.800 | deliv  32.80 | blocked  1.7% | idle  0.0% | ent 0.229
  upd 8862 | return   34.400 | deliv  34.40 | blocked  1.7% | idle  0.1% | ent 0.212
  upd 8863 | return   34.500 | deliv  34.50 | blocked  1.6% | idle  0.1% | ent 0.213
  upd 8864 | return   38.100 | deliv  38.10 | blocked  1.4% | idle  0.1% | ent 0.192
  upd 8865 | return   36.900 | deliv  36.90 | blocked  1.6% | idle  0.1% | ent 0.196
  upd 8866 | return   35.800 | deliv  35.80 | blocked  1.8% | idle  0.1% | ent 0.194
  upd 8867 | return   35.900 | deliv  35.90 | blocked  1.6% | idle  0.1% | ent 0.198
  upd 8868 | return   35.500 | deliv  35.50 | blocked  1.8% | idle  0.1% | ent 0.207
  upd 8869 | return   34.600 | deliv  34.60 | blocked  1.7% | idle  0.1% | ent 0.209
  upd 8870 | return   35.300 | deliv  35.30 | blocked  2.5% | idle  0.1% | ent 0.206
  upd 8871 | return   32.000 | deliv  32.00 | blocked  1.3% | idle  0.1% | ent 0.208
  upd 8872 | return   33.300 | deliv  33.30 | blocked  1.6% | idle  0.2% | ent 0.211
  upd 8873 | return   36.600 | deliv  36.60 | blocked  1.6% | idle  0.2% | ent 0.195
  upd 8874 | return   37.000 | deliv  37.00 | blocked  1.4% | idle  0.1% | ent 0.191
  upd 8875 | return   34.300 | deliv  34.30 | blocked  1.5% | idle  0.2% | ent 0.199
  upd 8876 | return   34.800 | deliv  34.80 | blocked  1.5% | idle  0.2% | ent 0.189
  upd 8877 | return   36.900 | deliv  36.90 | blocked  1.6% | idle  0.2% | ent 0.181
  upd 8878 | return   33.100 | deliv  33.10 | blocked  2.1% | idle  0.2% | ent 0.204
  upd 8879 | return   34.800 | deliv  34.80 | blocked  1.2% | idle  0.2% | ent 0.199
  upd 8880 | return   34.800 | deliv  34.80 | blocked  2.0% | idle  0.2% | ent 0.209
  upd 8881 | return   33.800 | deliv  33.80 | blocked  1.4% | idle  0.3% | ent 0.220
  upd 8882 | return   33.100 | deliv  33.10 | blocked  2.5% | idle  0.2% | ent 0.225
  upd 8883 | return   32.000 | deliv  32.00 | blocked  1.9% | idle  0.1% | ent 0.223
  upd 8884 | return   31.000 | deliv  31.00 | blocked  2.2% | idle  0.2% | ent 0.224
  upd 8885 | return   31.400 | deliv  31.40 | blocked  1.4% | idle  0.1% | ent 0.220
  upd 8886 | return   33.500 | deliv  33.50 | blocked  2.0% | idle  0.1% | ent 0.210
  upd 8887 | return   33.300 | deliv  33.30 | blocked  1.3% | idle  0.1% | ent 0.215
  upd 8888 | return   34.100 | deliv  34.10 | blocked  1.9% | idle  0.1% | ent 0.210
  upd 8889 | return   32.400 | deliv  32.40 | blocked  1.6% | idle  0.1% | ent 0.217
  upd 8890 | return   33.100 | deliv  33.10 | blocked  2.1% | idle  0.1% | ent 0.227
  upd 8891 | return   30.700 | deliv  30.70 | blocked  1.9% | idle  0.1% | ent 0.232
  upd 8892 | return   31.300 | deliv  31.30 | blocked  1.5% | idle  0.1% | ent 0.237
  upd 8893 | return   32.800 | deliv  32.80 | blocked  1.5% | idle  0.2% | ent 0.234
  upd 8894 | return   33.100 | deliv  33.10 | blocked  1.7% | idle  0.2% | ent 0.241
  upd 8895 | return   31.200 | deliv  31.20 | blocked  1.5% | idle  0.2% | ent 0.238
  upd 8896 | return   31.000 | deliv  31.00 | blocked  1.9% | idle  0.2% | ent 0.235
  upd 8897 | return   34.100 | deliv  34.10 | blocked  1.5% | idle  0.2% | ent 0.218
  upd 8898 | return   33.300 | deliv  33.30 | blocked  1.7% | idle  0.2% | ent 0.240
  upd 8899 | return   32.000 | deliv  32.00 | blocked  1.7% | idle  0.1% | ent 0.243
  [replay @ update 8900] return 27.00  deliveries 27  -> runs/mappo_evo_tiny-4ag_seed2/replays/replay_upd008900_s0.npz
  upd 8900 | return   32.700 | deliv  32.70 | blocked  1.5% | idle  0.2% | ent 0.243
  upd 8901 | return   33.600 | deliv  33.60 | blocked  1.4% | idle  0.2% | ent 0.233
  upd 8902 | return   31.700 | deliv  31.70 | blocked  2.1% | idle  0.1% | ent 0.237
  upd 8903 | return   33.100 | deliv  33.10 | blocked  1.5% | idle  0.1% | ent 0.228
  upd 8904 | return   31.600 | deliv  31.60 | blocked  1.3% | idle  0.1% | ent 0.233
  upd 8905 | return   32.500 | deliv  32.50 | blocked  1.3% | idle  0.1% | ent 0.230
  upd 8906 | return   33.500 | deliv  33.50 | blocked  1.4% | idle  0.2% | ent 0.231
  upd 8907 | return   30.800 | deliv  30.80 | blocked  1.8% | idle  0.1% | ent 0.234
  upd 8908 | return   29.700 | deliv  29.70 | blocked  1.4% | idle  0.2% | ent 0.221
  upd 8909 | return   31.800 | deliv  31.80 | blocked  1.4% | idle  0.1% | ent 0.215
  upd 8910 | return   32.500 | deliv  32.50 | blocked  1.3% | idle  0.1% | ent 0.226
  upd 8911 | return   32.600 | deliv  32.60 | blocked  1.4% | idle  0.1% | ent 0.209
  upd 8912 | return   31.600 | deliv  31.60 | blocked  1.5% | idle  0.1% | ent 0.226
  upd 8913 | return   33.000 | deliv  33.00 | blocked  1.2% | idle  0.1% | ent 0.215
  upd 8914 | return   31.500 | deliv  31.50 | blocked  1.2% | idle  0.1% | ent 0.230
  upd 8915 | return   31.200 | deliv  31.20 | blocked  1.2% | idle  0.1% | ent 0.222
  upd 8916 | return   33.300 | deliv  33.30 | blocked  1.4% | idle  0.1% | ent 0.230
  upd 8917 | return   30.000 | deliv  30.00 | blocked  1.1% | idle  0.1% | ent 0.227
  upd 8918 | return   31.300 | deliv  31.30 | blocked  1.4% | idle  0.2% | ent 0.220
  upd 8919 | return   29.900 | deliv  29.90 | blocked  1.4% | idle  0.1% | ent 0.231
  upd 8920 | return   27.700 | deliv  27.70 | blocked  1.4% | idle  0.1% | ent 0.217
  upd 8921 | return   25.900 | deliv  25.90 | blocked  1.3% | idle  0.1% | ent 0.228
  upd 8922 | return   29.300 | deliv  29.30 | blocked  1.0% | idle  0.1% | ent 0.215
  upd 8923 | return   30.200 | deliv  30.20 | blocked  0.9% | idle  0.1% | ent 0.225
  upd 8924 | return   28.000 | deliv  28.00 | blocked  1.2% | idle  0.1% | ent 0.205
  upd 8925 | return   30.000 | deliv  30.00 | blocked  0.8% | idle  0.1% | ent 0.217
  upd 8926 | return   28.500 | deliv  28.50 | blocked  1.2% | idle  0.2% | ent 0.223
  upd 8927 | return   33.800 | deliv  33.80 | blocked  1.1% | idle  0.1% | ent 0.202
  upd 8928 | return   35.900 | deliv  35.90 | blocked  1.0% | idle  0.1% | ent 0.206
  upd 8929 | return   32.300 | deliv  32.30 | blocked  1.1% | idle  0.1% | ent 0.216
  upd 8930 | return   33.900 | deliv  33.90 | blocked  1.5% | idle  0.1% | ent 0.208
  upd 8931 | return   33.800 | deliv  33.80 | blocked  1.3% | idle  0.1% | ent 0.210
  upd 8932 | return   35.500 | deliv  35.50 | blocked  1.0% | idle  0.1% | ent 0.223
  upd 8933 | return   27.900 | deliv  27.90 | blocked  1.7% | idle  0.1% | ent 0.240
  upd 8934 | return   34.300 | deliv  34.30 | blocked  2.2% | idle  0.2% | ent 0.214
  upd 8935 | return   30.500 | deliv  30.50 | blocked  1.4% | idle  0.1% | ent 0.224
  upd 8936 | return   31.800 | deliv  31.80 | blocked  1.5% | idle  0.1% | ent 0.213
  upd 8937 | return   33.100 | deliv  33.10 | blocked  1.7% | idle  0.1% | ent 0.209
  upd 8938 | return   33.700 | deliv  33.70 | blocked  1.0% | idle  0.1% | ent 0.211
  upd 8939 | return   31.800 | deliv  31.80 | blocked  1.4% | idle  0.1% | ent 0.213
  upd 8940 | return   32.900 | deliv  32.90 | blocked  1.6% | idle  0.1% | ent 0.215
  upd 8941 | return   34.000 | deliv  34.00 | blocked  1.4% | idle  0.2% | ent 0.208
  upd 8942 | return   33.400 | deliv  33.40 | blocked  2.0% | idle  0.1% | ent 0.213
  upd 8943 | return   34.000 | deliv  34.00 | blocked  1.6% | idle  0.1% | ent 0.199
  upd 8944 | return   35.600 | deliv  35.60 | blocked  1.1% | idle  0.1% | ent 0.200
  upd 8945 | return   32.900 | deliv  32.90 | blocked  1.7% | idle  0.1% | ent 0.197
  upd 8946 | return   34.000 | deliv  34.00 | blocked  1.3% | idle  0.1% | ent 0.191
  upd 8947 | return   29.200 | deliv  29.20 | blocked  1.4% | idle  0.1% | ent 0.194
  upd 8948 | return   30.900 | deliv  30.90 | blocked  1.3% | idle  0.1% | ent 0.189
  upd 8949 | return   33.600 | deliv  33.60 | blocked  1.3% | idle  0.1% | ent 0.184
  upd 8950 | return   32.700 | deliv  32.70 | blocked  1.3% | idle  0.1% | ent 0.182
  upd 8951 | return   32.800 | deliv  32.80 | blocked  1.4% | idle  0.1% | ent 0.189
  upd 8952 | return   29.200 | deliv  29.20 | blocked  2.2% | idle  0.1% | ent 0.195
  upd 8953 | return   32.700 | deliv  32.70 | blocked  1.1% | idle  0.1% | ent 0.184
  upd 8954 | return   33.400 | deliv  33.40 | blocked  1.8% | idle  0.1% | ent 0.186
  upd 8955 | return   30.100 | deliv  30.10 | blocked  2.9% | idle  0.1% | ent 0.188
  upd 8956 | return   29.600 | deliv  29.60 | blocked  1.7% | idle  0.1% | ent 0.205
  upd 8957 | return   31.000 | deliv  31.00 | blocked  1.3% | idle  0.1% | ent 0.195
  upd 8958 | return   31.900 | deliv  31.90 | blocked  1.6% | idle  0.1% | ent 0.195
  upd 8959 | return   32.000 | deliv  32.00 | blocked  1.1% | idle  0.1% | ent 0.202
  upd 8960 | return   31.000 | deliv  31.00 | blocked  1.6% | idle  0.1% | ent 0.205
  upd 8961 | return   32.500 | deliv  32.50 | blocked  1.8% | idle  0.0% | ent 0.200
  upd 8962 | return   32.200 | deliv  32.20 | blocked  1.5% | idle  0.0% | ent 0.204
  upd 8963 | return   32.600 | deliv  32.60 | blocked  1.5% | idle  0.1% | ent 0.195
  upd 8964 | return   28.400 | deliv  28.40 | blocked  3.6% | idle  0.0% | ent 0.220
  upd 8965 | return   33.900 | deliv  33.90 | blocked  1.5% | idle  0.0% | ent 0.191
  upd 8966 | return   30.900 | deliv  30.90 | blocked  2.6% | idle  0.0% | ent 0.200
  upd 8967 | return   30.300 | deliv  30.30 | blocked  1.9% | idle  0.0% | ent 0.194
  upd 8968 | return   29.500 | deliv  29.50 | blocked  1.5% | idle  0.0% | ent 0.187
  upd 8969 | return   27.500 | deliv  27.50 | blocked  1.8% | idle  0.0% | ent 0.198
  upd 8970 | return   30.900 | deliv  30.90 | blocked  2.0% | idle  0.0% | ent 0.193
  upd 8971 | return   33.400 | deliv  33.40 | blocked  1.5% | idle  0.0% | ent 0.184
  upd 8972 | return   27.600 | deliv  27.60 | blocked  2.0% | idle  0.0% | ent 0.186
  upd 8973 | return   30.600 | deliv  30.60 | blocked  2.2% | idle  0.0% | ent 0.184
  upd 8974 | return   30.400 | deliv  30.40 | blocked  1.4% | idle  0.0% | ent 0.177
  upd 8975 | return   35.800 | deliv  35.80 | blocked  1.6% | idle  0.0% | ent 0.163
  upd 8976 | return   32.600 | deliv  32.60 | blocked  1.8% | idle  0.0% | ent 0.175
  upd 8977 | return   32.300 | deliv  32.30 | blocked  1.5% | idle  0.0% | ent 0.187
  upd 8978 | return   32.000 | deliv  32.00 | blocked  2.0% | idle  0.0% | ent 0.175
  upd 8979 | return   31.500 | deliv  31.50 | blocked  1.6% | idle  0.0% | ent 0.167
  upd 8980 | return   36.300 | deliv  36.30 | blocked  1.6% | idle  0.0% | ent 0.157
  upd 8981 | return   33.800 | deliv  33.80 | blocked  1.5% | idle  0.1% | ent 0.158
  upd 8982 | return   33.000 | deliv  33.00 | blocked  1.7% | idle  0.0% | ent 0.157
  upd 8983 | return   36.500 | deliv  36.50 | blocked  1.3% | idle  0.0% | ent 0.161
  upd 8984 | return   32.200 | deliv  32.20 | blocked  2.2% | idle  0.0% | ent 0.164
  upd 8985 | return   35.000 | deliv  35.00 | blocked  1.7% | idle  0.0% | ent 0.164
  upd 8986 | return   32.500 | deliv  32.50 | blocked  1.5% | idle  0.0% | ent 0.158
  upd 8987 | return   34.400 | deliv  34.40 | blocked  1.8% | idle  0.0% | ent 0.164
  upd 8988 | return   35.100 | deliv  35.10 | blocked  1.9% | idle  0.0% | ent 0.172
  upd 8989 | return   34.500 | deliv  34.50 | blocked  2.0% | idle  0.0% | ent 0.167
  upd 8990 | return   31.400 | deliv  31.40 | blocked  2.2% | idle  0.0% | ent 0.169
  upd 8991 | return   30.800 | deliv  30.80 | blocked  1.3% | idle  0.0% | ent 0.166
  upd 8992 | return   32.800 | deliv  32.80 | blocked  1.8% | idle  0.0% | ent 0.164
  upd 8993 | return   29.900 | deliv  29.90 | blocked  1.7% | idle  0.0% | ent 0.166
  upd 8994 | return   34.100 | deliv  34.10 | blocked  1.4% | idle  0.1% | ent 0.151
  upd 8995 | return   31.300 | deliv  31.30 | blocked  1.3% | idle  0.0% | ent 0.156
  upd 8996 | return   29.300 | deliv  29.30 | blocked  2.3% | idle  0.0% | ent 0.163
  upd 8997 | return   27.000 | deliv  27.00 | blocked  1.9% | idle  0.0% | ent 0.167
  upd 8998 | return   34.700 | deliv  34.70 | blocked  1.4% | idle  0.0% | ent 0.158
  upd 8999 | return   34.000 | deliv  34.00 | blocked  1.3% | idle  0.0% | ent 0.151
  [replay @ update 9000] return 28.00  deliveries 28  -> runs/mappo_evo_tiny-4ag_seed2/replays/replay_upd009000_s0.npz
  upd 9000 | return   33.400 | deliv  33.40 | blocked  1.5% | idle  0.0% | ent 0.154
  upd 9001 | return   34.200 | deliv  34.20 | blocked  2.0% | idle  0.0% | ent 0.152
  upd 9002 | return   31.400 | deliv  31.40 | blocked  1.7% | idle  0.0% | ent 0.159
  upd 9003 | return   33.000 | deliv  33.00 | blocked  1.8% | idle  0.0% | ent 0.156
  upd 9004 | return   32.500 | deliv  32.50 | blocked  1.5% | idle  0.0% | ent 0.153
  upd 9005 | return   32.300 | deliv  32.30 | blocked  1.5% | idle  0.0% | ent 0.160
  upd 9006 | return   33.300 | deliv  33.30 | blocked  1.6% | idle  0.0% | ent 0.156
  upd 9007 | return   34.100 | deliv  34.10 | blocked  2.2% | idle  0.0% | ent 0.161
  upd 9008 | return   35.400 | deliv  35.40 | blocked  1.4% | idle  0.1% | ent 0.164
  upd 9009 | return   31.900 | deliv  31.90 | blocked  1.8% | idle  0.0% | ent 0.175
  upd 9010 | return   28.700 | deliv  28.70 | blocked  1.9% | idle  0.0% | ent 0.177
  upd 9011 | return   29.000 | deliv  29.00 | blocked  1.8% | idle  0.0% | ent 0.177
  upd 9012 | return   28.000 | deliv  28.00 | blocked  2.6% | idle  0.1% | ent 0.177
  upd 9013 | return   30.600 | deliv  30.60 | blocked  1.7% | idle  0.0% | ent 0.177
  upd 9014 | return   31.000 | deliv  31.00 | blocked  1.7% | idle  0.0% | ent 0.166
  upd 9015 | return   29.300 | deliv  29.30 | blocked  1.6% | idle  0.0% | ent 0.172
  upd 9016 | return   31.300 | deliv  31.30 | blocked  1.2% | idle  0.0% | ent 0.171
  upd 9017 | return   34.000 | deliv  34.00 | blocked  1.4% | idle  0.0% | ent 0.179
  upd 9018 | return   27.000 | deliv  27.00 | blocked  1.6% | idle  0.1% | ent 0.182
  upd 9019 | return   33.400 | deliv  33.40 | blocked  1.5% | idle  0.1% | ent 0.171
  upd 9020 | return   28.300 | deliv  28.30 | blocked  1.7% | idle  0.0% | ent 0.170
  upd 9021 | return   32.400 | deliv  32.40 | blocked  1.3% | idle  0.0% | ent 0.171
  upd 9022 | return   29.200 | deliv  29.20 | blocked  1.7% | idle  0.0% | ent 0.175
  upd 9023 | return   34.100 | deliv  34.10 | blocked  1.4% | idle  0.1% | ent 0.171
  upd 9024 | return   27.500 | deliv  27.50 | blocked  1.7% | idle  0.0% | ent 0.174
  upd 9025 | return   30.900 | deliv  30.90 | blocked  1.3% | idle  0.1% | ent 0.168
  upd 9026 | return   29.200 | deliv  29.20 | blocked  1.5% | idle  0.1% | ent 0.179
  upd 9027 | return   33.800 | deliv  33.80 | blocked  1.5% | idle  0.1% | ent 0.169
  upd 9028 | return   27.800 | deliv  27.80 | blocked  1.9% | idle  0.1% | ent 0.183
  upd 9029 | return   31.900 | deliv  31.90 | blocked  1.4% | idle  0.1% | ent 0.169
  upd 9030 | return   28.100 | deliv  28.10 | blocked  1.4% | idle  0.1% | ent 0.176
  upd 9031 | return   25.300 | deliv  25.30 | blocked  1.7% | idle  0.1% | ent 0.161
  upd 9032 | return   31.000 | deliv  31.00 | blocked  1.5% | idle  0.0% | ent 0.156
  upd 9033 | return   25.700 | deliv  25.70 | blocked  1.7% | idle  0.0% | ent 0.170
  upd 9034 | return   26.300 | deliv  26.30 | blocked  1.3% | idle  0.0% | ent 0.155
  upd 9035 | return   25.600 | deliv  25.60 | blocked  1.9% | idle  0.0% | ent 0.149
  upd 9036 | return   32.300 | deliv  32.30 | blocked  1.3% | idle  0.0% | ent 0.153
  upd 9037 | return   32.300 | deliv  32.30 | blocked  1.4% | idle  0.0% | ent 0.154
  upd 9038 | return   31.200 | deliv  31.20 | blocked  1.4% | idle  0.0% | ent 0.157
  upd 9039 | return   24.500 | deliv  24.50 | blocked  1.9% | idle  0.0% | ent 0.159
  upd 9040 | return   23.900 | deliv  23.90 | blocked  1.6% | idle  0.1% | ent 0.150
  upd 9041 | return   27.400 | deliv  27.40 | blocked  2.1% | idle  0.0% | ent 0.148
  upd 9042 | return   29.200 | deliv  29.20 | blocked  1.3% | idle  0.0% | ent 0.163
  upd 9043 | return   32.400 | deliv  32.40 | blocked  1.6% | idle  0.0% | ent 0.161
  upd 9044 | return   29.600 | deliv  29.60 | blocked  1.3% | idle  0.0% | ent 0.161
  upd 9045 | return   31.500 | deliv  31.50 | blocked  1.5% | idle  0.0% | ent 0.159
  upd 9046 | return   28.200 | deliv  28.20 | blocked  3.1% | idle  0.0% | ent 0.171
  upd 9047 | return   33.700 | deliv  33.70 | blocked  1.5% | idle  0.0% | ent 0.160
  upd 9048 | return   33.400 | deliv  33.40 | blocked  1.6% | idle  0.0% | ent 0.179
  upd 9049 | return   34.000 | deliv  34.00 | blocked  2.3% | idle  0.1% | ent 0.159
  upd 9050 | return   34.000 | deliv  34.00 | blocked  1.4% | idle  0.0% | ent 0.155
  upd 9051 | return   36.800 | deliv  36.80 | blocked  1.3% | idle  0.1% | ent 0.162
  upd 9052 | return   34.600 | deliv  34.60 | blocked  1.1% | idle  0.1% | ent 0.174
  upd 9053 | return   35.600 | deliv  35.60 | blocked  1.7% | idle  0.1% | ent 0.171
  upd 9054 | return   34.400 | deliv  34.40 | blocked  1.8% | idle  0.1% | ent 0.175
  upd 9055 | return   35.900 | deliv  35.90 | blocked  1.5% | idle  0.0% | ent 0.175
  upd 9056 | return   35.000 | deliv  35.00 | blocked  1.4% | idle  0.1% | ent 0.169
  upd 9057 | return   33.100 | deliv  33.10 | blocked  1.4% | idle  0.1% | ent 0.173
  upd 9058 | return   32.800 | deliv  32.80 | blocked  1.7% | idle  0.1% | ent 0.165
  upd 9059 | return   34.500 | deliv  34.50 | blocked  1.7% | idle  0.1% | ent 0.173
  upd 9060 | return   29.700 | deliv  29.70 | blocked  1.6% | idle  0.0% | ent 0.162
  upd 9061 | return   32.400 | deliv  32.40 | blocked  1.6% | idle  0.1% | ent 0.176
  upd 9062 | return   32.000 | deliv  32.00 | blocked  1.0% | idle  0.1% | ent 0.181
  upd 9063 | return   36.500 | deliv  36.50 | blocked  1.4% | idle  0.1% | ent 0.176
  upd 9064 | return   37.000 | deliv  37.00 | blocked  1.6% | idle  0.1% | ent 0.174
  upd 9065 | return   34.100 | deliv  34.10 | blocked  1.5% | idle  0.1% | ent 0.176
  upd 9066 | return   34.100 | deliv  34.10 | blocked  1.4% | idle  0.1% | ent 0.171
  upd 9067 | return   33.200 | deliv  33.20 | blocked  1.4% | idle  0.1% | ent 0.183
  upd 9068 | return   29.500 | deliv  29.50 | blocked  1.2% | idle  0.1% | ent 0.182
  upd 9069 | return   35.200 | deliv  35.20 | blocked  1.2% | idle  0.1% | ent 0.183
  upd 9070 | return   33.600 | deliv  33.60 | blocked  1.3% | idle  0.1% | ent 0.170
  upd 9071 | return   33.500 | deliv  33.50 | blocked  1.5% | idle  0.1% | ent 0.157
  upd 9072 | return   34.500 | deliv  34.50 | blocked  2.1% | idle  0.1% | ent 0.163
  upd 9073 | return   36.100 | deliv  36.10 | blocked  1.5% | idle  0.1% | ent 0.162
  upd 9074 | return   34.600 | deliv  34.60 | blocked  1.4% | idle  0.0% | ent 0.162
  upd 9075 | return   35.900 | deliv  35.90 | blocked  1.3% | idle  0.1% | ent 0.155
  upd 9076 | return   33.100 | deliv  33.10 | blocked  1.4% | idle  0.1% | ent 0.157
  upd 9077 | return   35.000 | deliv  35.00 | blocked  1.2% | idle  0.1% | ent 0.153
  upd 9078 | return   33.600 | deliv  33.60 | blocked  1.6% | idle  0.1% | ent 0.162
  upd 9079 | return   35.900 | deliv  35.90 | blocked  1.3% | idle  0.0% | ent 0.157
  upd 9080 | return   36.600 | deliv  36.60 | blocked  1.5% | idle  0.1% | ent 0.159
  upd 9081 | return   32.400 | deliv  32.40 | blocked  1.5% | idle  0.1% | ent 0.176
  upd 9082 | return   27.200 | deliv  27.20 | blocked  1.7% | idle  0.1% | ent 0.176
  upd 9083 | return   32.900 | deliv  32.90 | blocked  1.4% | idle  0.1% | ent 0.159
  upd 9084 | return   33.400 | deliv  33.40 | blocked  1.4% | idle  0.1% | ent 0.168
  upd 9085 | return   35.100 | deliv  35.10 | blocked  1.9% | idle  0.1% | ent 0.161
  upd 9086 | return   35.900 | deliv  35.90 | blocked  1.8% | idle  0.1% | ent 0.165
  upd 9087 | return   36.200 | deliv  36.20 | blocked  1.7% | idle  0.0% | ent 0.159
  upd 9088 | return   32.300 | deliv  32.30 | blocked  1.6% | idle  0.1% | ent 0.166
  upd 9089 | return   29.300 | deliv  29.30 | blocked  1.7% | idle  0.1% | ent 0.174
  upd 9090 | return   31.000 | deliv  31.00 | blocked  1.5% | idle  0.1% | ent 0.162
  upd 9091 | return   30.200 | deliv  30.20 | blocked  1.9% | idle  0.1% | ent 0.162
  upd 9092 | return   31.900 | deliv  31.90 | blocked  1.7% | idle  0.1% | ent 0.161
  upd 9093 | return   32.800 | deliv  32.80 | blocked  1.8% | idle  0.0% | ent 0.168
  upd 9094 | return   35.400 | deliv  35.40 | blocked  1.5% | idle  0.1% | ent 0.158
  upd 9095 | return   34.500 | deliv  34.50 | blocked  1.6% | idle  0.1% | ent 0.170
  upd 9096 | return   36.700 | deliv  36.70 | blocked  1.3% | idle  0.0% | ent 0.155
  upd 9097 | return   34.400 | deliv  34.40 | blocked  1.4% | idle  0.0% | ent 0.154
  upd 9098 | return   35.800 | deliv  35.80 | blocked  1.0% | idle  0.0% | ent 0.152
  upd 9099 | return   36.700 | deliv  36.70 | blocked  1.6% | idle  0.0% | ent 0.155
  [replay @ update 9100] return 31.00  deliveries 31  -> runs/mappo_evo_tiny-4ag_seed2/replays/replay_upd009100_s0.npz
  upd 9100 | return   34.900 | deliv  34.90 | blocked  1.5% | idle  0.0% | ent 0.152
  upd 9101 | return   33.200 | deliv  33.20 | blocked  1.3% | idle  0.0% | ent 0.155
  upd 9102 | return   32.200 | deliv  32.20 | blocked  1.6% | idle  0.0% | ent 0.153
  upd 9103 | return   36.200 | deliv  36.20 | blocked  1.6% | idle  0.1% | ent 0.158
  upd 9104 | return   33.900 | deliv  33.90 | blocked  1.1% | idle  0.1% | ent 0.149
  upd 9105 | return   34.000 | deliv  34.00 | blocked  1.3% | idle  0.0% | ent 0.151
  upd 9106 | return   37.500 | deliv  37.50 | blocked  1.1% | idle  0.0% | ent 0.144
  upd 9107 | return   35.600 | deliv  35.60 | blocked  1.4% | idle  0.0% | ent 0.144
  upd 9108 | return   36.500 | deliv  36.50 | blocked  1.6% | idle  0.0% | ent 0.140
  upd 9109 | return   35.200 | deliv  35.20 | blocked  1.3% | idle  0.0% | ent 0.148
  upd 9110 | return   37.800 | deliv  37.80 | blocked  1.2% | idle  0.0% | ent 0.143
  upd 9111 | return   37.500 | deliv  37.50 | blocked  1.4% | idle  0.1% | ent 0.142
  upd 9112 | return   36.500 | deliv  36.50 | blocked  1.6% | idle  0.0% | ent 0.153
  upd 9113 | return   36.200 | deliv  36.20 | blocked  1.3% | idle  0.1% | ent 0.141
  upd 9114 | return   38.000 | deliv  38.00 | blocked  1.1% | idle  0.0% | ent 0.139
  upd 9115 | return   39.500 | deliv  39.50 | blocked  1.3% | idle  0.0% | ent 0.148
  upd 9116 | return   37.600 | deliv  37.60 | blocked  1.3% | idle  0.1% | ent 0.145
  upd 9117 | return   35.600 | deliv  35.60 | blocked  1.7% | idle  0.1% | ent 0.145
  upd 9118 | return   37.300 | deliv  37.30 | blocked  1.5% | idle  0.1% | ent 0.149
  upd 9119 | return   38.000 | deliv  38.00 | blocked  1.3% | idle  0.1% | ent 0.149
  upd 9120 | return   36.200 | deliv  36.20 | blocked  1.3% | idle  0.1% | ent 0.153
  upd 9121 | return   36.200 | deliv  36.20 | blocked  1.6% | idle  0.1% | ent 0.152
  upd 9122 | return   37.700 | deliv  37.70 | blocked  1.7% | idle  0.1% | ent 0.146
  upd 9123 | return   36.300 | deliv  36.30 | blocked  1.8% | idle  0.1% | ent 0.152
  upd 9124 | return   35.800 | deliv  35.80 | blocked  1.5% | idle  0.1% | ent 0.147
  upd 9125 | return   39.000 | deliv  39.00 | blocked  1.3% | idle  0.0% | ent 0.141
  upd 9126 | return   38.200 | deliv  38.20 | blocked  1.5% | idle  0.1% | ent 0.146
  upd 9127 | return   37.100 | deliv  37.10 | blocked  1.4% | idle  0.1% | ent 0.147
  upd 9128 | return   36.600 | deliv  36.60 | blocked  1.6% | idle  0.0% | ent 0.154
  upd 9129 | return   37.200 | deliv  37.20 | blocked  1.3% | idle  0.0% | ent 0.158
  upd 9130 | return   35.600 | deliv  35.60 | blocked  1.6% | idle  0.0% | ent 0.160
  upd 9131 | return   34.500 | deliv  34.50 | blocked  1.5% | idle  0.0% | ent 0.153
  upd 9132 | return   36.700 | deliv  36.70 | blocked  1.4% | idle  0.0% | ent 0.168
  upd 9133 | return   36.700 | deliv  36.70 | blocked  1.4% | idle  0.1% | ent 0.157
  upd 9134 | return   33.700 | deliv  33.70 | blocked  1.3% | idle  0.1% | ent 0.164
  upd 9135 | return   36.400 | deliv  36.40 | blocked  1.4% | idle  0.0% | ent 0.155
  upd 9136 | return   35.700 | deliv  35.70 | blocked  1.7% | idle  0.1% | ent 0.156
  upd 9137 | return   35.800 | deliv  35.80 | blocked  1.2% | idle  0.1% | ent 0.170
  upd 9138 | return   33.100 | deliv  33.10 | blocked  1.2% | idle  0.0% | ent 0.183
  upd 9139 | return   36.500 | deliv  36.50 | blocked  1.4% | idle  0.1% | ent 0.171
  upd 9140 | return   36.400 | deliv  36.40 | blocked  1.3% | idle  0.1% | ent 0.172
  upd 9141 | return   35.000 | deliv  35.00 | blocked  1.4% | idle  0.1% | ent 0.180
  upd 9142 | return   34.400 | deliv  34.40 | blocked  1.4% | idle  0.1% | ent 0.182
  upd 9143 | return   35.500 | deliv  35.50 | blocked  2.1% | idle  0.1% | ent 0.183
  upd 9144 | return   35.400 | deliv  35.40 | blocked  1.6% | idle  0.1% | ent 0.180
  upd 9145 | return   36.200 | deliv  36.20 | blocked  1.4% | idle  0.1% | ent 0.176
  upd 9146 | return   34.300 | deliv  34.30 | blocked  1.5% | idle  0.1% | ent 0.164
  upd 9147 | return   34.200 | deliv  34.20 | blocked  1.9% | idle  0.1% | ent 0.182
  upd 9148 | return   35.500 | deliv  35.50 | blocked  1.5% | idle  0.1% | ent 0.168
  upd 9149 | return   35.400 | deliv  35.40 | blocked  1.3% | idle  0.0% | ent 0.168
  upd 9150 | return   35.300 | deliv  35.30 | blocked  1.2% | idle  0.1% | ent 0.166
  upd 9151 | return   35.500 | deliv  35.50 | blocked  1.3% | idle  0.1% | ent 0.165
  upd 9152 | return   37.000 | deliv  37.00 | blocked  1.5% | idle  0.1% | ent 0.171
  upd 9153 | return   36.800 | deliv  36.80 | blocked  1.6% | idle  0.1% | ent 0.167
  upd 9154 | return   35.000 | deliv  35.00 | blocked  1.5% | idle  0.1% | ent 0.184
  upd 9155 | return   34.700 | deliv  34.70 | blocked  1.8% | idle  0.1% | ent 0.177
  upd 9156 | return   37.000 | deliv  37.00 | blocked  1.6% | idle  0.1% | ent 0.162
  upd 9157 | return   38.100 | deliv  38.10 | blocked  1.5% | idle  0.1% | ent 0.167
  upd 9158 | return   36.500 | deliv  36.50 | blocked  1.5% | idle  0.1% | ent 0.160
  upd 9159 | return   36.700 | deliv  36.70 | blocked  2.0% | idle  0.0% | ent 0.160
  upd 9160 | return   37.000 | deliv  37.00 | blocked  2.8% | idle  0.1% | ent 0.165
  upd 9161 | return   36.900 | deliv  36.90 | blocked  1.5% | idle  0.0% | ent 0.169
  upd 9162 | return   37.500 | deliv  37.50 | blocked  1.9% | idle  0.0% | ent 0.161
  upd 9163 | return   38.200 | deliv  38.20 | blocked  1.5% | idle  0.1% | ent 0.167
  upd 9164 | return   36.100 | deliv  36.10 | blocked  1.5% | idle  0.1% | ent 0.172
  upd 9165 | return   33.700 | deliv  33.70 | blocked  1.8% | idle  0.0% | ent 0.170
  upd 9166 | return   35.000 | deliv  35.00 | blocked  1.6% | idle  0.0% | ent 0.159
  upd 9167 | return   36.400 | deliv  36.40 | blocked  1.9% | idle  0.0% | ent 0.177
  upd 9168 | return   34.700 | deliv  34.70 | blocked  1.8% | idle  0.0% | ent 0.174
  upd 9169 | return   32.600 | deliv  32.60 | blocked  1.2% | idle  0.0% | ent 0.201
  upd 9170 | return   37.000 | deliv  37.00 | blocked  1.7% | idle  0.0% | ent 0.205
  upd 9171 | return   32.900 | deliv  32.90 | blocked  1.8% | idle  0.0% | ent 0.198
  upd 9172 | return   32.600 | deliv  32.60 | blocked  1.7% | idle  0.1% | ent 0.215
  upd 9173 | return   35.300 | deliv  35.30 | blocked  1.5% | idle  0.1% | ent 0.197
  upd 9174 | return   34.100 | deliv  34.10 | blocked  2.0% | idle  0.1% | ent 0.213
  upd 9175 | return   33.400 | deliv  33.40 | blocked  1.2% | idle  0.1% | ent 0.224
  upd 9176 | return   35.500 | deliv  35.50 | blocked  1.6% | idle  0.1% | ent 0.215
  upd 9177 | return   35.200 | deliv  35.20 | blocked  1.4% | idle  0.1% | ent 0.223
  upd 9178 | return   36.300 | deliv  36.30 | blocked  1.4% | idle  0.0% | ent 0.211
  upd 9179 | return   35.900 | deliv  35.90 | blocked  1.7% | idle  0.0% | ent 0.212
  upd 9180 | return   35.600 | deliv  35.60 | blocked  1.6% | idle  0.1% | ent 0.219
  upd 9181 | return   28.900 | deliv  28.90 | blocked  1.5% | idle  0.1% | ent 0.252
  upd 9182 | return   34.900 | deliv  34.90 | blocked  1.6% | idle  0.0% | ent 0.216
  upd 9183 | return   33.000 | deliv  33.00 | blocked  1.7% | idle  0.1% | ent 0.232
  upd 9184 | return   33.400 | deliv  33.40 | blocked  2.0% | idle  0.1% | ent 0.222
  upd 9185 | return   33.500 | deliv  33.50 | blocked  1.7% | idle  0.0% | ent 0.198
  upd 9186 | return   32.300 | deliv  32.30 | blocked  1.4% | idle  0.1% | ent 0.209
  upd 9187 | return   32.100 | deliv  32.10 | blocked  1.6% | idle  0.1% | ent 0.205
  upd 9188 | return   30.100 | deliv  30.10 | blocked  1.4% | idle  0.0% | ent 0.222
  upd 9189 | return   32.700 | deliv  32.70 | blocked  1.6% | idle  0.0% | ent 0.206
  upd 9190 | return   28.600 | deliv  28.60 | blocked  1.8% | idle  0.1% | ent 0.218
  upd 9191 | return   32.900 | deliv  32.90 | blocked  1.5% | idle  0.0% | ent 0.210
  upd 9192 | return   30.300 | deliv  30.30 | blocked  1.2% | idle  0.0% | ent 0.221
  upd 9193 | return   32.700 | deliv  32.70 | blocked  1.5% | idle  0.1% | ent 0.201
  upd 9194 | return   32.300 | deliv  32.30 | blocked  1.4% | idle  0.1% | ent 0.216
  upd 9195 | return   28.800 | deliv  28.80 | blocked  1.3% | idle  0.1% | ent 0.231
  upd 9196 | return   32.300 | deliv  32.30 | blocked  1.3% | idle  0.1% | ent 0.211
  upd 9197 | return   33.500 | deliv  33.50 | blocked  1.4% | idle  0.0% | ent 0.199
  upd 9198 | return   35.100 | deliv  35.10 | blocked  1.3% | idle  0.0% | ent 0.205
  upd 9199 | return   30.200 | deliv  30.20 | blocked  1.4% | idle  0.1% | ent 0.210
  [replay @ update 9200] return 33.00  deliveries 33  -> runs/mappo_evo_tiny-4ag_seed2/replays/replay_upd009200_s0.npz
  upd 9200 | return   32.500 | deliv  32.50 | blocked  1.2% | idle  0.0% | ent 0.203
  upd 9201 | return   34.100 | deliv  34.10 | blocked  1.6% | idle  0.1% | ent 0.198
  upd 9202 | return   32.800 | deliv  32.80 | blocked  1.4% | idle  0.0% | ent 0.206
  upd 9203 | return   32.500 | deliv  32.50 | blocked  1.6% | idle  0.0% | ent 0.214
  upd 9204 | return   29.700 | deliv  29.70 | blocked  1.3% | idle  0.0% | ent 0.230
  upd 9205 | return   32.500 | deliv  32.50 | blocked  1.2% | idle  0.0% | ent 0.216
  upd 9206 | return   34.400 | deliv  34.40 | blocked  1.1% | idle  0.0% | ent 0.190
  upd 9207 | return   33.700 | deliv  33.70 | blocked  1.3% | idle  0.0% | ent 0.203
  upd 9208 | return   34.600 | deliv  34.60 | blocked  1.3% | idle  0.0% | ent 0.200
  upd 9209 | return   34.600 | deliv  34.60 | blocked  1.0% | idle  0.1% | ent 0.188
  upd 9210 | return   34.900 | deliv  34.90 | blocked  1.4% | idle  0.0% | ent 0.188
  upd 9211 | return   33.300 | deliv  33.30 | blocked  1.5% | idle  0.0% | ent 0.182
  upd 9212 | return   34.900 | deliv  34.90 | blocked  1.3% | idle  0.0% | ent 0.176
  upd 9213 | return   32.000 | deliv  32.00 | blocked  1.3% | idle  0.0% | ent 0.180
  upd 9214 | return   32.200 | deliv  32.20 | blocked  3.1% | idle  0.0% | ent 0.169
  upd 9215 | return   34.300 | deliv  34.30 | blocked  1.8% | idle  0.1% | ent 0.168
  upd 9216 | return   35.200 | deliv  35.20 | blocked  1.8% | idle  0.0% | ent 0.177
  upd 9217 | return   34.500 | deliv  34.50 | blocked  1.5% | idle  0.0% | ent 0.176
  upd 9218 | return   36.100 | deliv  36.10 | blocked  1.7% | idle  0.0% | ent 0.174
  upd 9219 | return   34.700 | deliv  34.70 | blocked  1.7% | idle  0.0% | ent 0.173
  upd 9220 | return   35.200 | deliv  35.20 | blocked  1.4% | idle  0.0% | ent 0.165
  upd 9221 | return   36.300 | deliv  36.30 | blocked  1.3% | idle  0.0% | ent 0.162
  upd 9222 | return   37.700 | deliv  37.70 | blocked  1.4% | idle  0.0% | ent 0.161
  upd 9223 | return   36.400 | deliv  36.40 | blocked  1.3% | idle  0.0% | ent 0.167
  upd 9224 | return   37.300 | deliv  37.30 | blocked  1.4% | idle  0.0% | ent 0.163
  upd 9225 | return   36.700 | deliv  36.70 | blocked  1.6% | idle  0.0% | ent 0.165
  upd 9226 | return   36.500 | deliv  36.50 | blocked  1.4% | idle  0.0% | ent 0.174
  upd 9227 | return   35.400 | deliv  35.40 | blocked  1.4% | idle  0.0% | ent 0.170
  upd 9228 | return   35.500 | deliv  35.50 | blocked  1.2% | idle  0.0% | ent 0.170
  upd 9229 | return   33.400 | deliv  33.40 | blocked  1.6% | idle  0.0% | ent 0.181
  upd 9230 | return   34.000 | deliv  34.00 | blocked  1.3% | idle  0.1% | ent 0.184
  upd 9231 | return   35.000 | deliv  35.00 | blocked  1.6% | idle  0.0% | ent 0.157
  upd 9232 | return   36.900 | deliv  36.90 | blocked  1.6% | idle  0.1% | ent 0.155
  upd 9233 | return   36.900 | deliv  36.90 | blocked  1.1% | idle  0.1% | ent 0.143
  upd 9234 | return   38.300 | deliv  38.30 | blocked  1.4% | idle  0.0% | ent 0.141
  upd 9235 | return   37.000 | deliv  37.00 | blocked  1.5% | idle  0.0% | ent 0.143
  upd 9236 | return   39.100 | deliv  39.10 | blocked  1.1% | idle  0.1% | ent 0.147
  upd 9237 | return   36.300 | deliv  36.30 | blocked  1.3% | idle  0.1% | ent 0.156
  upd 9238 | return   34.500 | deliv  34.50 | blocked  1.1% | idle  0.0% | ent 0.153
  upd 9239 | return   36.400 | deliv  36.40 | blocked  1.4% | idle  0.1% | ent 0.157
  upd 9240 | return   35.300 | deliv  35.30 | blocked  1.5% | idle  0.0% | ent 0.170
  upd 9241 | return   31.700 | deliv  31.70 | blocked  1.4% | idle  0.0% | ent 0.175
  upd 9242 | return   32.900 | deliv  32.90 | blocked  1.8% | idle  0.0% | ent 0.178
  upd 9243 | return   35.300 | deliv  35.30 | blocked  1.3% | idle  0.1% | ent 0.171
  upd 9244 | return   35.100 | deliv  35.10 | blocked  1.0% | idle  0.0% | ent 0.157
  upd 9245 | return   36.400 | deliv  36.40 | blocked  1.3% | idle  0.1% | ent 0.158
  upd 9246 | return   36.400 | deliv  36.40 | blocked  1.4% | idle  0.1% | ent 0.156
  upd 9247 | return   35.800 | deliv  35.80 | blocked  1.2% | idle  0.1% | ent 0.154
  upd 9248 | return   35.600 | deliv  35.60 | blocked  1.4% | idle  0.1% | ent 0.155
  upd 9249 | return   35.200 | deliv  35.20 | blocked  1.2% | idle  0.0% | ent 0.163
  upd 9250 | return   34.900 | deliv  34.90 | blocked  1.3% | idle  0.0% | ent 0.153
  upd 9251 | return   35.900 | deliv  35.90 | blocked  1.0% | idle  0.0% | ent 0.160
  upd 9252 | return   34.200 | deliv  34.20 | blocked  1.3% | idle  0.0% | ent 0.167
  upd 9253 | return   32.600 | deliv  32.60 | blocked  1.4% | idle  0.1% | ent 0.182
  upd 9254 | return   37.700 | deliv  37.70 | blocked  1.2% | idle  0.1% | ent 0.169
  upd 9255 | return   36.300 | deliv  36.30 | blocked  1.1% | idle  0.0% | ent 0.174
  upd 9256 | return   36.700 | deliv  36.70 | blocked  1.5% | idle  0.0% | ent 0.173
  upd 9257 | return   34.600 | deliv  34.60 | blocked  1.3% | idle  0.0% | ent 0.176
  upd 9258 | return   35.900 | deliv  35.90 | blocked  1.6% | idle  0.0% | ent 0.171
  upd 9259 | return   38.000 | deliv  38.00 | blocked  1.4% | idle  0.0% | ent 0.168
  upd 9260 | return   35.600 | deliv  35.60 | blocked  1.4% | idle  0.1% | ent 0.177
  upd 9261 | return   36.000 | deliv  36.00 | blocked  1.3% | idle  0.1% | ent 0.173
  upd 9262 | return   38.200 | deliv  38.20 | blocked  1.3% | idle  0.1% | ent 0.171
  upd 9263 | return   36.500 | deliv  36.50 | blocked  1.6% | idle  0.0% | ent 0.177
  upd 9264 | return   36.000 | deliv  36.00 | blocked  1.8% | idle  0.0% | ent 0.182
  upd 9265 | return   34.100 | deliv  34.10 | blocked  1.8% | idle  0.1% | ent 0.188
  upd 9266 | return   33.300 | deliv  33.30 | blocked  1.4% | idle  0.1% | ent 0.194
  upd 9267 | return   35.100 | deliv  35.10 | blocked  1.3% | idle  0.0% | ent 0.188
  upd 9268 | return   35.600 | deliv  35.60 | blocked  1.2% | idle  0.0% | ent 0.180
  upd 9269 | return   36.500 | deliv  36.50 | blocked  1.3% | idle  0.0% | ent 0.173
  upd 9270 | return   34.000 | deliv  34.00 | blocked  1.3% | idle  0.1% | ent 0.189
  upd 9271 | return   33.800 | deliv  33.80 | blocked  1.6% | idle  0.1% | ent 0.179
  upd 9272 | return   32.200 | deliv  32.20 | blocked  1.8% | idle  0.1% | ent 0.198
  upd 9273 | return   33.500 | deliv  33.50 | blocked  1.0% | idle  0.1% | ent 0.199
  upd 9274 | return   31.700 | deliv  31.70 | blocked  1.4% | idle  0.1% | ent 0.211
  upd 9275 | return   29.400 | deliv  29.40 | blocked  1.3% | idle  0.1% | ent 0.211
  upd 9276 | return   30.100 | deliv  30.10 | blocked  1.2% | idle  0.1% | ent 0.211
  upd 9277 | return   31.900 | deliv  31.90 | blocked  1.2% | idle  0.1% | ent 0.208
  upd 9278 | return   35.200 | deliv  35.20 | blocked  1.2% | idle  0.1% | ent 0.205
  upd 9279 | return   34.300 | deliv  34.30 | blocked  1.4% | idle  0.1% | ent 0.195
  upd 9280 | return   32.300 | deliv  32.30 | blocked  1.1% | idle  0.1% | ent 0.198
  upd 9281 | return   31.500 | deliv  31.50 | blocked  1.7% | idle  0.1% | ent 0.209
  upd 9282 | return   33.100 | deliv  33.10 | blocked  1.3% | idle  0.0% | ent 0.217
  upd 9283 | return   32.400 | deliv  32.40 | blocked  1.2% | idle  0.1% | ent 0.194
  upd 9284 | return   34.900 | deliv  34.90 | blocked  1.5% | idle  0.1% | ent 0.190
  upd 9285 | return   35.200 | deliv  35.20 | blocked  1.8% | idle  0.1% | ent 0.184
  upd 9286 | return   32.800 | deliv  32.80 | blocked  1.8% | idle  0.1% | ent 0.185
  upd 9287 | return   35.500 | deliv  35.50 | blocked  1.3% | idle  0.1% | ent 0.183
  upd 9288 | return   34.500 | deliv  34.50 | blocked  1.6% | idle  0.1% | ent 0.186
  upd 9289 | return   32.300 | deliv  32.30 | blocked  1.5% | idle  0.1% | ent 0.192
  upd 9290 | return   33.200 | deliv  33.20 | blocked  1.6% | idle  0.1% | ent 0.198
  upd 9291 | return   34.300 | deliv  34.30 | blocked  1.5% | idle  0.1% | ent 0.199
  upd 9292 | return   33.600 | deliv  33.60 | blocked  1.6% | idle  0.1% | ent 0.208
  upd 9293 | return   35.600 | deliv  35.60 | blocked  1.0% | idle  0.1% | ent 0.189
  upd 9294 | return   35.100 | deliv  35.10 | blocked  1.1% | idle  0.1% | ent 0.190
  upd 9295 | return   35.300 | deliv  35.30 | blocked  1.2% | idle  0.1% | ent 0.191
  upd 9296 | return   36.100 | deliv  36.10 | blocked  1.6% | idle  0.1% | ent 0.184
  upd 9297 | return   36.700 | deliv  36.70 | blocked  1.2% | idle  0.1% | ent 0.174
  upd 9298 | return   36.100 | deliv  36.10 | blocked  1.5% | idle  0.1% | ent 0.174
  upd 9299 | return   36.400 | deliv  36.40 | blocked  1.5% | idle  0.1% | ent 0.169
  [replay @ update 9300] return 41.00  deliveries 41  -> runs/mappo_evo_tiny-4ag_seed2/replays/replay_upd009300_s0.npz
  upd 9300 | return   36.400 | deliv  36.40 | blocked  1.3% | idle  0.1% | ent 0.176
  upd 9301 | return   38.100 | deliv  38.10 | blocked  1.2% | idle  0.1% | ent 0.173
  upd 9302 | return   36.700 | deliv  36.70 | blocked  1.5% | idle  0.1% | ent 0.178
  upd 9303 | return   36.700 | deliv  36.70 | blocked  1.4% | idle  0.1% | ent 0.185
  upd 9304 | return   34.300 | deliv  34.30 | blocked  1.5% | idle  0.2% | ent 0.191
  upd 9305 | return   36.400 | deliv  36.40 | blocked  1.2% | idle  0.2% | ent 0.174
  upd 9306 | return   31.900 | deliv  31.90 | blocked  1.9% | idle  0.2% | ent 0.179
  upd 9307 | return   34.000 | deliv  34.00 | blocked  1.7% | idle  0.1% | ent 0.184
  upd 9308 | return   32.500 | deliv  32.50 | blocked  1.8% | idle  0.1% | ent 0.183
  upd 9309 | return   34.000 | deliv  34.00 | blocked  1.3% | idle  0.1% | ent 0.188
  upd 9310 | return   36.300 | deliv  36.30 | blocked  1.4% | idle  0.2% | ent 0.176
  upd 9311 | return   38.400 | deliv  38.40 | blocked  1.4% | idle  0.1% | ent 0.168
  upd 9312 | return   38.300 | deliv  38.30 | blocked  1.7% | idle  0.1% | ent 0.174
  upd 9313 | return   36.900 | deliv  36.90 | blocked  1.6% | idle  0.2% | ent 0.175
  upd 9314 | return   38.700 | deliv  38.70 | blocked  1.0% | idle  0.1% | ent 0.163
  upd 9315 | return   35.300 | deliv  35.30 | blocked  1.8% | idle  0.1% | ent 0.168
  upd 9316 | return   36.200 | deliv  36.20 | blocked  1.7% | idle  0.1% | ent 0.155
  upd 9317 | return   36.000 | deliv  36.00 | blocked  1.5% | idle  0.1% | ent 0.161
  upd 9318 | return   38.600 | deliv  38.60 | blocked  1.5% | idle  0.1% | ent 0.161
  upd 9319 | return   37.300 | deliv  37.30 | blocked  1.5% | idle  0.1% | ent 0.162
  upd 9320 | return   38.900 | deliv  38.90 | blocked  1.5% | idle  0.1% | ent 0.151
  upd 9321 | return   36.400 | deliv  36.40 | blocked  1.5% | idle  0.1% | ent 0.166
  upd 9322 | return   35.900 | deliv  35.90 | blocked  1.5% | idle  0.1% | ent 0.168
  upd 9323 | return   37.300 | deliv  37.30 | blocked  1.5% | idle  0.1% | ent 0.158
  upd 9324 | return   36.300 | deliv  36.30 | blocked  1.5% | idle  0.1% | ent 0.153
  upd 9325 | return   36.500 | deliv  36.50 | blocked  2.5% | idle  0.1% | ent 0.175
  upd 9326 | return   33.900 | deliv  33.90 | blocked  2.3% | idle  0.1% | ent 0.174
  upd 9327 | return   36.200 | deliv  36.20 | blocked  1.6% | idle  0.1% | ent 0.157
  upd 9328 | return   36.600 | deliv  36.60 | blocked  1.6% | idle  0.1% | ent 0.161
  upd 9329 | return   37.300 | deliv  37.30 | blocked  1.4% | idle  0.1% | ent 0.150
  upd 9330 | return   36.700 | deliv  36.70 | blocked  1.8% | idle  0.1% | ent 0.157
  upd 9331 | return   37.600 | deliv  37.60 | blocked  1.8% | idle  0.1% | ent 0.154
  upd 9332 | return   36.800 | deliv  36.80 | blocked  2.4% | idle  0.1% | ent 0.162
  upd 9333 | return   35.000 | deliv  35.00 | blocked  1.8% | idle  0.1% | ent 0.155
  upd 9334 | return   35.900 | deliv  35.90 | blocked  2.0% | idle  0.1% | ent 0.164
  upd 9335 | return   38.400 | deliv  38.40 | blocked  1.8% | idle  0.1% | ent 0.153
  upd 9336 | return   36.800 | deliv  36.80 | blocked  1.7% | idle  0.1% | ent 0.162
  upd 9337 | return   34.300 | deliv  34.30 | blocked  1.8% | idle  0.1% | ent 0.171
  upd 9338 | return   34.300 | deliv  34.30 | blocked  2.2% | idle  0.0% | ent 0.170
  upd 9339 | return   36.000 | deliv  36.00 | blocked  1.6% | idle  0.1% | ent 0.163
  upd 9340 | return   34.100 | deliv  34.10 | blocked  2.2% | idle  0.1% | ent 0.160
  upd 9341 | return   36.900 | deliv  36.90 | blocked  1.7% | idle  0.1% | ent 0.165
  upd 9342 | return   36.000 | deliv  36.00 | blocked  1.6% | idle  0.1% | ent 0.163
  upd 9343 | return   38.100 | deliv  38.10 | blocked  1.5% | idle  0.0% | ent 0.153
  upd 9344 | return   38.100 | deliv  38.10 | blocked  1.7% | idle  0.1% | ent 0.161
  upd 9345 | return   37.600 | deliv  37.60 | blocked  1.7% | idle  0.1% | ent 0.167
  upd 9346 | return   38.000 | deliv  38.00 | blocked  1.5% | idle  0.1% | ent 0.167
  upd 9347 | return   39.600 | deliv  39.60 | blocked  1.4% | idle  0.1% | ent 0.178
  upd 9348 | return   36.000 | deliv  36.00 | blocked  1.2% | idle  0.1% | ent 0.191
  upd 9349 | return   38.100 | deliv  38.10 | blocked  1.1% | idle  0.1% | ent 0.185
  upd 9350 | return   37.000 | deliv  37.00 | blocked  1.4% | idle  0.1% | ent 0.172
  upd 9351 | return   37.900 | deliv  37.90 | blocked  1.4% | idle  0.1% | ent 0.166
  upd 9352 | return   39.200 | deliv  39.20 | blocked  1.2% | idle  0.1% | ent 0.171
  upd 9353 | return   38.100 | deliv  38.10 | blocked  1.2% | idle  0.1% | ent 0.184
  upd 9354 | return   36.600 | deliv  36.60 | blocked  1.8% | idle  0.0% | ent 0.180
  upd 9355 | return   34.500 | deliv  34.50 | blocked  1.2% | idle  0.1% | ent 0.182
  upd 9356 | return   35.000 | deliv  35.00 | blocked  1.5% | idle  0.1% | ent 0.193
  upd 9357 | return   36.800 | deliv  36.80 | blocked  1.2% | idle  0.1% | ent 0.186
  upd 9358 | return   37.100 | deliv  37.10 | blocked  1.1% | idle  0.1% | ent 0.188
  upd 9359 | return   36.000 | deliv  36.00 | blocked  1.5% | idle  0.1% | ent 0.180
  upd 9360 | return   37.400 | deliv  37.40 | blocked  1.2% | idle  0.1% | ent 0.180
  upd 9361 | return   37.700 | deliv  37.70 | blocked  0.9% | idle  0.1% | ent 0.179
  upd 9362 | return   39.200 | deliv  39.20 | blocked  1.3% | idle  0.1% | ent 0.170
  upd 9363 | return   37.200 | deliv  37.20 | blocked  1.1% | idle  0.1% | ent 0.180
  upd 9364 | return   36.200 | deliv  36.20 | blocked  1.2% | idle  0.1% | ent 0.162
  upd 9365 | return   36.400 | deliv  36.40 | blocked  1.1% | idle  0.1% | ent 0.165
  upd 9366 | return   39.200 | deliv  39.20 | blocked  1.1% | idle  0.1% | ent 0.162
  upd 9367 | return   37.300 | deliv  37.30 | blocked  1.2% | idle  0.1% | ent 0.164
  upd 9368 | return   38.400 | deliv  38.40 | blocked  1.3% | idle  0.1% | ent 0.162
  upd 9369 | return   37.100 | deliv  37.10 | blocked  1.3% | idle  0.1% | ent 0.162
  upd 9370 | return   37.300 | deliv  37.30 | blocked  1.1% | idle  0.1% | ent 0.155
  upd 9371 | return   37.600 | deliv  37.60 | blocked  3.2% | idle  0.1% | ent 0.154
  upd 9372 | return   36.000 | deliv  36.00 | blocked  1.3% | idle  0.0% | ent 0.162
  upd 9373 | return   36.900 | deliv  36.90 | blocked  1.6% | idle  0.1% | ent 0.170
  upd 9374 | return   37.500 | deliv  37.50 | blocked  1.1% | idle  0.1% | ent 0.156
  upd 9375 | return   35.300 | deliv  35.30 | blocked  1.6% | idle  0.0% | ent 0.160
  upd 9376 | return   35.600 | deliv  35.60 | blocked  1.6% | idle  0.1% | ent 0.168
  upd 9377 | return   37.000 | deliv  37.00 | blocked  1.4% | idle  0.1% | ent 0.167
  upd 9378 | return   37.400 | deliv  37.40 | blocked  1.3% | idle  0.1% | ent 0.154
  upd 9379 | return   37.300 | deliv  37.30 | blocked  1.0% | idle  0.0% | ent 0.159
  upd 9380 | return   37.300 | deliv  37.30 | blocked  1.0% | idle  0.1% | ent 0.161
  upd 9381 | return   37.900 | deliv  37.90 | blocked  1.1% | idle  0.0% | ent 0.155
  upd 9382 | return   38.400 | deliv  38.40 | blocked  1.2% | idle  0.1% | ent 0.157
  upd 9383 | return   38.100 | deliv  38.10 | blocked  1.1% | idle  0.1% | ent 0.155
  upd 9384 | return   39.400 | deliv  39.40 | blocked  1.1% | idle  0.1% | ent 0.153
  upd 9385 | return   39.000 | deliv  39.00 | blocked  1.4% | idle  0.1% | ent 0.161
  upd 9386 | return   38.600 | deliv  38.60 | blocked  1.2% | idle  0.0% | ent 0.168
  upd 9387 | return   37.400 | deliv  37.40 | blocked  1.1% | idle  0.1% | ent 0.170
  upd 9388 | return   36.700 | deliv  36.70 | blocked  1.0% | idle  0.1% | ent 0.164
  upd 9389 | return   36.400 | deliv  36.40 | blocked  1.3% | idle  0.1% | ent 0.173
  upd 9390 | return   37.800 | deliv  37.80 | blocked  1.3% | idle  0.1% | ent 0.162
  upd 9391 | return   37.400 | deliv  37.40 | blocked  1.3% | idle  0.1% | ent 0.168
  upd 9392 | return   41.200 | deliv  41.20 | blocked  1.4% | idle  0.1% | ent 0.165
  upd 9393 | return   38.000 | deliv  38.00 | blocked  1.1% | idle  0.1% | ent 0.173
  upd 9394 | return   37.800 | deliv  37.80 | blocked  1.4% | idle  0.1% | ent 0.183
  upd 9395 | return   36.800 | deliv  36.80 | blocked  1.3% | idle  0.2% | ent 0.187
  upd 9396 | return   37.100 | deliv  37.10 | blocked  1.4% | idle  0.1% | ent 0.180
  upd 9397 | return   37.900 | deliv  37.90 | blocked  1.4% | idle  0.1% | ent 0.182
  upd 9398 | return   35.000 | deliv  35.00 | blocked  1.4% | idle  0.1% | ent 0.202
  upd 9399 | return   31.900 | deliv  31.90 | blocked  2.2% | idle  0.2% | ent 0.209
  [replay @ update 9400] return 38.00  deliveries 38  -> runs/mappo_evo_tiny-4ag_seed2/replays/replay_upd009400_s0.npz
  upd 9400 | return   35.200 | deliv  35.20 | blocked  1.4% | idle  0.2% | ent 0.185
  upd 9401 | return   35.900 | deliv  35.90 | blocked  1.3% | idle  0.1% | ent 0.182
  upd 9402 | return   32.600 | deliv  32.60 | blocked  1.6% | idle  0.1% | ent 0.186
  upd 9403 | return   37.000 | deliv  37.00 | blocked  1.4% | idle  0.1% | ent 0.168
  upd 9404 | return   35.800 | deliv  35.80 | blocked  1.3% | idle  0.1% | ent 0.172
  upd 9405 | return   36.200 | deliv  36.20 | blocked  1.5% | idle  0.1% | ent 0.159
  upd 9406 | return   36.100 | deliv  36.10 | blocked  1.2% | idle  0.1% | ent 0.160
  upd 9407 | return   38.300 | deliv  38.30 | blocked  1.1% | idle  0.1% | ent 0.152
  upd 9408 | return   38.400 | deliv  38.40 | blocked  1.2% | idle  0.1% | ent 0.155
  upd 9409 | return   37.100 | deliv  37.10 | blocked  1.9% | idle  0.1% | ent 0.150
  upd 9410 | return   37.500 | deliv  37.50 | blocked  1.2% | idle  0.1% | ent 0.155
  upd 9411 | return   37.400 | deliv  37.40 | blocked  1.5% | idle  0.1% | ent 0.169
  upd 9412 | return   38.600 | deliv  38.60 | blocked  1.4% | idle  0.1% | ent 0.158
  upd 9413 | return   38.700 | deliv  38.70 | blocked  1.3% | idle  0.1% | ent 0.161
  upd 9414 | return   37.700 | deliv  37.70 | blocked  1.1% | idle  0.1% | ent 0.167
  upd 9415 | return   38.000 | deliv  38.00 | blocked  1.1% | idle  0.1% | ent 0.163
  upd 9416 | return   36.800 | deliv  36.80 | blocked  1.3% | idle  0.1% | ent 0.165
  upd 9417 | return   36.000 | deliv  36.00 | blocked  1.5% | idle  0.1% | ent 0.161
  upd 9418 | return   35.700 | deliv  35.70 | blocked  1.4% | idle  0.1% | ent 0.164
  upd 9419 | return   36.200 | deliv  36.20 | blocked  1.4% | idle  0.1% | ent 0.170
  upd 9420 | return   34.400 | deliv  34.40 | blocked  1.2% | idle  0.1% | ent 0.184
  upd 9421 | return   35.900 | deliv  35.90 | blocked  1.6% | idle  0.1% | ent 0.177
  upd 9422 | return   33.600 | deliv  33.60 | blocked  1.2% | idle  0.1% | ent 0.177
  upd 9423 | return   36.200 | deliv  36.20 | blocked  1.2% | idle  0.1% | ent 0.180
  upd 9424 | return   36.200 | deliv  36.20 | blocked  1.3% | idle  0.1% | ent 0.178
  upd 9425 | return   36.900 | deliv  36.90 | blocked  1.9% | idle  0.2% | ent 0.181
  upd 9426 | return   34.900 | deliv  34.90 | blocked  2.0% | idle  0.1% | ent 0.179
  upd 9427 | return   37.300 | deliv  37.30 | blocked  1.3% | idle  0.0% | ent 0.164
  upd 9428 | return   38.000 | deliv  38.00 | blocked  1.3% | idle  0.1% | ent 0.163
  upd 9429 | return   37.400 | deliv  37.40 | blocked  1.3% | idle  0.1% | ent 0.167
  upd 9430 | return   37.000 | deliv  37.00 | blocked  1.3% | idle  0.1% | ent 0.157
  upd 9431 | return   36.000 | deliv  36.00 | blocked  1.8% | idle  0.1% | ent 0.163
  upd 9432 | return   38.700 | deliv  38.70 | blocked  1.8% | idle  0.1% | ent 0.153
  upd 9433 | return   38.000 | deliv  38.00 | blocked  2.9% | idle  0.1% | ent 0.171
  upd 9434 | return   37.900 | deliv  37.90 | blocked  1.8% | idle  0.1% | ent 0.165
  upd 9435 | return   36.500 | deliv  36.50 | blocked  1.7% | idle  0.1% | ent 0.165
  upd 9436 | return   35.300 | deliv  35.30 | blocked  1.7% | idle  0.1% | ent 0.162
  upd 9437 | return   38.300 | deliv  38.30 | blocked  1.5% | idle  0.1% | ent 0.162
  upd 9438 | return   34.700 | deliv  34.70 | blocked  2.5% | idle  0.1% | ent 0.176
  upd 9439 | return   30.600 | deliv  30.60 | blocked  2.7% | idle  0.1% | ent 0.196
  upd 9440 | return   32.300 | deliv  32.30 | blocked  3.9% | idle  0.0% | ent 0.195
  upd 9441 | return   33.900 | deliv  33.90 | blocked  2.3% | idle  0.1% | ent 0.190
  upd 9442 | return   36.000 | deliv  36.00 | blocked  1.8% | idle  0.1% | ent 0.183
  upd 9443 | return   35.800 | deliv  35.80 | blocked  1.6% | idle  0.0% | ent 0.190
  upd 9444 | return   33.400 | deliv  33.40 | blocked  1.3% | idle  0.1% | ent 0.177
  upd 9445 | return   35.100 | deliv  35.10 | blocked  1.7% | idle  0.0% | ent 0.182
  upd 9446 | return   35.500 | deliv  35.50 | blocked  1.4% | idle  0.0% | ent 0.186
  upd 9447 | return   35.400 | deliv  35.40 | blocked  1.7% | idle  0.1% | ent 0.175
  upd 9448 | return   35.000 | deliv  35.00 | blocked  2.1% | idle  0.1% | ent 0.174
  upd 9449 | return   34.100 | deliv  34.10 | blocked  3.7% | idle  0.1% | ent 0.179
  upd 9450 | return   35.900 | deliv  35.90 | blocked  2.0% | idle  0.1% | ent 0.168
  upd 9451 | return   33.600 | deliv  33.60 | blocked  5.7% | idle  0.1% | ent 0.176
  upd 9452 | return   34.300 | deliv  34.30 | blocked  3.9% | idle  0.0% | ent 0.171
  upd 9453 | return   33.800 | deliv  33.80 | blocked  4.1% | idle  0.1% | ent 0.175
  upd 9454 | return   35.100 | deliv  35.10 | blocked  1.7% | idle  0.1% | ent 0.182
  upd 9455 | return   35.900 | deliv  35.90 | blocked  3.1% | idle  0.1% | ent 0.172
  upd 9456 | return   33.200 | deliv  33.20 | blocked  3.0% | idle  0.0% | ent 0.179
  upd 9457 | return   33.800 | deliv  33.80 | blocked  4.5% | idle  0.0% | ent 0.186
  upd 9458 | return   32.900 | deliv  32.90 | blocked  1.5% | idle  0.0% | ent 0.189
  upd 9459 | return   30.800 | deliv  30.80 | blocked  1.4% | idle  0.1% | ent 0.185
  upd 9460 | return   32.000 | deliv  32.00 | blocked  2.0% | idle  0.1% | ent 0.199
  upd 9461 | return   32.800 | deliv  32.80 | blocked  3.8% | idle  0.0% | ent 0.188
  upd 9462 | return   33.100 | deliv  33.10 | blocked  2.7% | idle  0.0% | ent 0.185
  upd 9463 | return   33.000 | deliv  33.00 | blocked  3.5% | idle  0.0% | ent 0.187
  upd 9464 | return   32.900 | deliv  32.90 | blocked  9.1% | idle  0.0% | ent 0.190
  upd 9465 | return   34.300 | deliv  34.30 | blocked  3.1% | idle  0.0% | ent 0.185
  upd 9466 | return   38.200 | deliv  38.20 | blocked  2.6% | idle  0.0% | ent 0.185
  upd 9467 | return   33.700 | deliv  33.70 | blocked  3.8% | idle  0.0% | ent 0.196
  upd 9468 | return   34.400 | deliv  34.40 | blocked  2.7% | idle  0.0% | ent 0.190
  upd 9469 | return   34.000 | deliv  34.00 | blocked  2.9% | idle  0.0% | ent 0.192
  upd 9470 | return   35.500 | deliv  35.50 | blocked  2.4% | idle  0.0% | ent 0.184
  upd 9471 | return   33.200 | deliv  33.20 | blocked  2.1% | idle  0.0% | ent 0.168
  upd 9472 | return   35.400 | deliv  35.40 | blocked  2.6% | idle  0.0% | ent 0.175
  upd 9473 | return   35.500 | deliv  35.50 | blocked  3.2% | idle  0.0% | ent 0.179
  upd 9474 | return   36.000 | deliv  36.00 | blocked  1.6% | idle  0.0% | ent 0.175
  upd 9475 | return   35.200 | deliv  35.20 | blocked  1.9% | idle  0.0% | ent 0.172
  upd 9476 | return   35.900 | deliv  35.90 | blocked  1.2% | idle  0.0% | ent 0.165
  upd 9477 | return   35.800 | deliv  35.80 | blocked  1.3% | idle  0.0% | ent 0.162
  upd 9478 | return   33.400 | deliv  33.40 | blocked  1.3% | idle  0.0% | ent 0.169
  upd 9479 | return   36.400 | deliv  36.40 | blocked  1.7% | idle  0.0% | ent 0.169
  upd 9480 | return   37.000 | deliv  37.00 | blocked  1.5% | idle  0.1% | ent 0.172
  upd 9481 | return   33.900 | deliv  33.90 | blocked  2.5% | idle  0.1% | ent 0.173
  upd 9482 | return   32.500 | deliv  32.50 | blocked  3.4% | idle  0.0% | ent 0.193
  upd 9483 | return   33.900 | deliv  33.90 | blocked  6.4% | idle  0.0% | ent 0.184
  upd 9484 | return   33.000 | deliv  33.00 | blocked  4.4% | idle  0.0% | ent 0.201
  upd 9485 | return   25.300 | deliv  25.30 | blocked  8.1% | idle  0.0% | ent 0.229
  upd 9486 | return   34.300 | deliv  34.30 | blocked  3.5% | idle  0.0% | ent 0.197
  upd 9487 | return   34.300 | deliv  34.30 | blocked  3.8% | idle  0.0% | ent 0.197
  upd 9488 | return   34.500 | deliv  34.50 | blocked  2.7% | idle  0.0% | ent 0.192
  upd 9489 | return   32.000 | deliv  32.00 | blocked  5.2% | idle  0.0% | ent 0.207
  upd 9490 | return   30.900 | deliv  30.90 | blocked  7.2% | idle  0.0% | ent 0.208
  upd 9491 | return   26.700 | deliv  26.70 | blocked 12.1% | idle  0.0% | ent 0.232
  upd 9492 | return   28.300 | deliv  28.30 | blocked 14.5% | idle  0.0% | ent 0.219
  upd 9493 | return   31.000 | deliv  31.00 | blocked  7.5% | idle  0.1% | ent 0.227
  upd 9494 | return   34.000 | deliv  34.00 | blocked  8.3% | idle  0.0% | ent 0.196
  upd 9495 | return   35.600 | deliv  35.60 | blocked  2.3% | idle  0.0% | ent 0.189
  upd 9496 | return   37.800 | deliv  37.80 | blocked  1.9% | idle  0.0% | ent 0.177
  upd 9497 | return   36.600 | deliv  36.60 | blocked  1.7% | idle  0.0% | ent 0.173
  upd 9498 | return   36.400 | deliv  36.40 | blocked  2.2% | idle  0.0% | ent 0.166
  upd 9499 | return   36.300 | deliv  36.30 | blocked  1.4% | idle  0.0% | ent 0.179
  [replay @ update 9500] return 35.00  deliveries 35  -> runs/mappo_evo_tiny-4ag_seed2/replays/replay_upd009500_s0.npz
  upd 9500 | return   37.500 | deliv  37.50 | blocked  1.7% | idle  0.0% | ent 0.156
  upd 9501 | return   35.800 | deliv  35.80 | blocked  3.1% | idle  0.0% | ent 0.187
  upd 9502 | return   36.000 | deliv  36.00 | blocked  2.8% | idle  0.0% | ent 0.174
  upd 9503 | return   36.400 | deliv  36.40 | blocked  3.0% | idle  0.0% | ent 0.180
  upd 9504 | return   32.100 | deliv  32.10 | blocked  3.8% | idle  0.0% | ent 0.196
  upd 9505 | return   34.100 | deliv  34.10 | blocked  3.7% | idle  0.0% | ent 0.194
  upd 9506 | return   34.100 | deliv  34.10 | blocked  2.6% | idle  0.0% | ent 0.187
  upd 9507 | return   30.100 | deliv  30.10 | blocked  3.8% | idle  0.0% | ent 0.202
  upd 9508 | return   33.200 | deliv  33.20 | blocked  2.7% | idle  0.0% | ent 0.193
  upd 9509 | return   38.000 | deliv  38.00 | blocked  1.6% | idle  0.0% | ent 0.160
  upd 9510 | return   35.700 | deliv  35.70 | blocked  1.6% | idle  0.0% | ent 0.164
  upd 9511 | return   36.500 | deliv  36.50 | blocked  1.3% | idle  0.0% | ent 0.160
  upd 9512 | return   36.900 | deliv  36.90 | blocked  1.7% | idle  0.0% | ent 0.166
  upd 9513 | return   37.900 | deliv  37.90 | blocked  1.4% | idle  0.0% | ent 0.166
  upd 9514 | return   33.900 | deliv  33.90 | blocked  1.1% | idle  0.0% | ent 0.182
  upd 9515 | return   38.500 | deliv  38.50 | blocked  1.2% | idle  0.1% | ent 0.170
  upd 9516 | return   36.900 | deliv  36.90 | blocked  1.0% | idle  0.1% | ent 0.177
  upd 9517 | return   35.200 | deliv  35.20 | blocked  1.1% | idle  0.0% | ent 0.181
  upd 9518 | return   35.800 | deliv  35.80 | blocked  0.9% | idle  0.0% | ent 0.174
  upd 9519 | return   34.300 | deliv  34.30 | blocked  1.3% | idle  0.0% | ent 0.195
  upd 9520 | return   35.000 | deliv  35.00 | blocked  1.3% | idle  0.1% | ent 0.193
  upd 9521 | return   36.700 | deliv  36.70 | blocked  0.9% | idle  0.0% | ent 0.185
  upd 9522 | return   35.200 | deliv  35.20 | blocked  1.2% | idle  0.0% | ent 0.198
  upd 9523 | return   33.400 | deliv  33.40 | blocked  1.3% | idle  0.0% | ent 0.195
  upd 9524 | return   36.000 | deliv  36.00 | blocked  1.4% | idle  0.0% | ent 0.180
  upd 9525 | return   37.000 | deliv  37.00 | blocked  1.4% | idle  0.0% | ent 0.188
  upd 9526 | return   35.700 | deliv  35.70 | blocked  1.2% | idle  0.0% | ent 0.185
  upd 9527 | return   34.300 | deliv  34.30 | blocked  1.2% | idle  0.0% | ent 0.190
  upd 9528 | return   32.600 | deliv  32.60 | blocked  1.4% | idle  0.0% | ent 0.198
  upd 9529 | return   28.000 | deliv  28.00 | blocked  2.4% | idle  0.0% | ent 0.240
  upd 9530 | return   36.600 | deliv  36.60 | blocked  1.6% | idle  0.0% | ent 0.191
  upd 9531 | return   31.900 | deliv  31.90 | blocked  2.2% | idle  0.0% | ent 0.213
  upd 9532 | return   35.700 | deliv  35.70 | blocked  1.6% | idle  0.0% | ent 0.193
  upd 9533 | return   32.400 | deliv  32.40 | blocked  2.0% | idle  0.1% | ent 0.219
  upd 9534 | return   36.900 | deliv  36.90 | blocked  1.4% | idle  0.0% | ent 0.190
  upd 9535 | return   36.800 | deliv  36.80 | blocked  1.6% | idle  0.0% | ent 0.188
  upd 9536 | return   35.700 | deliv  35.70 | blocked  1.4% | idle  0.0% | ent 0.186
  upd 9537 | return   38.100 | deliv  38.10 | blocked  1.2% | idle  0.0% | ent 0.180
  upd 9538 | return   35.100 | deliv  35.10 | blocked  1.4% | idle  0.0% | ent 0.195
  upd 9539 | return   36.000 | deliv  36.00 | blocked  1.1% | idle  0.0% | ent 0.192
  upd 9540 | return   37.100 | deliv  37.10 | blocked  1.3% | idle  0.0% | ent 0.191
  upd 9541 | return   34.500 | deliv  34.50 | blocked  1.2% | idle  0.0% | ent 0.193
  upd 9542 | return   34.700 | deliv  34.70 | blocked  1.1% | idle  0.0% | ent 0.187
  upd 9543 | return   35.900 | deliv  35.90 | blocked  1.3% | idle  0.0% | ent 0.179
  upd 9544 | return   35.200 | deliv  35.20 | blocked  1.1% | idle  0.0% | ent 0.200
  upd 9545 | return   35.100 | deliv  35.10 | blocked  1.3% | idle  0.0% | ent 0.196
  upd 9546 | return   35.200 | deliv  35.20 | blocked  1.1% | idle  0.0% | ent 0.201
  upd 9547 | return   37.400 | deliv  37.40 | blocked  1.2% | idle  0.0% | ent 0.192
  upd 9548 | return   33.700 | deliv  33.70 | blocked  1.3% | idle  0.0% | ent 0.191
  upd 9549 | return   38.100 | deliv  38.10 | blocked  1.1% | idle  0.0% | ent 0.178
  upd 9550 | return   35.600 | deliv  35.60 | blocked  1.2% | idle  0.0% | ent 0.179
  upd 9551 | return   35.300 | deliv  35.30 | blocked  1.3% | idle  0.0% | ent 0.183
  upd 9552 | return   36.500 | deliv  36.50 | blocked  1.2% | idle  0.0% | ent 0.183
  upd 9553 | return   36.100 | deliv  36.10 | blocked  1.4% | idle  0.0% | ent 0.179
  upd 9554 | return   36.600 | deliv  36.60 | blocked  1.3% | idle  0.0% | ent 0.196
  upd 9555 | return   34.300 | deliv  34.30 | blocked  1.5% | idle  0.0% | ent 0.194
  upd 9556 | return   36.100 | deliv  36.10 | blocked  1.7% | idle  0.0% | ent 0.202
  upd 9557 | return   35.600 | deliv  35.60 | blocked  1.9% | idle  0.0% | ent 0.194
  upd 9558 | return   35.800 | deliv  35.80 | blocked  1.5% | idle  0.0% | ent 0.203
  upd 9559 | return   34.300 | deliv  34.30 | blocked  1.9% | idle  0.0% | ent 0.198
  upd 9560 | return   34.600 | deliv  34.60 | blocked  2.8% | idle  0.0% | ent 0.208
  upd 9561 | return   35.600 | deliv  35.60 | blocked  1.7% | idle  0.0% | ent 0.192
  upd 9562 | return   35.800 | deliv  35.80 | blocked  1.5% | idle  0.0% | ent 0.206
  upd 9563 | return   37.100 | deliv  37.10 | blocked  1.0% | idle  0.0% | ent 0.201
  upd 9564 | return   35.900 | deliv  35.90 | blocked  1.0% | idle  0.0% | ent 0.204
  upd 9565 | return   36.800 | deliv  36.80 | blocked  1.1% | idle  0.0% | ent 0.193
  upd 9566 | return   33.400 | deliv  33.40 | blocked  2.4% | idle  0.0% | ent 0.213
  upd 9567 | return   35.800 | deliv  35.80 | blocked  1.7% | idle  0.0% | ent 0.202
  upd 9568 | return   33.500 | deliv  33.50 | blocked  1.8% | idle  0.0% | ent 0.214
  upd 9569 | return   30.400 | deliv  30.40 | blocked  2.0% | idle  0.0% | ent 0.211
  upd 9570 | return   34.800 | deliv  34.80 | blocked  1.5% | idle  0.0% | ent 0.195
  upd 9571 | return   37.700 | deliv  37.70 | blocked  1.4% | idle  0.0% | ent 0.177
  upd 9572 | return   35.300 | deliv  35.30 | blocked  1.2% | idle  0.0% | ent 0.188
  upd 9573 | return   35.500 | deliv  35.50 | blocked  1.2% | idle  0.0% | ent 0.190
  upd 9574 | return   36.900 | deliv  36.90 | blocked  1.2% | idle  0.0% | ent 0.186
  upd 9575 | return   35.500 | deliv  35.50 | blocked  1.1% | idle  0.0% | ent 0.198
  upd 9576 | return   36.900 | deliv  36.90 | blocked  1.3% | idle  0.0% | ent 0.199
  upd 9577 | return   34.700 | deliv  34.70 | blocked  1.2% | idle  0.0% | ent 0.206
  upd 9578 | return   37.500 | deliv  37.50 | blocked  1.0% | idle  0.0% | ent 0.200
  upd 9579 | return   33.700 | deliv  33.70 | blocked  1.3% | idle  0.0% | ent 0.215
  upd 9580 | return   32.400 | deliv  32.40 | blocked  1.1% | idle  0.0% | ent 0.222
  upd 9581 | return   34.400 | deliv  34.40 | blocked  1.2% | idle  0.1% | ent 0.216
  upd 9582 | return   33.400 | deliv  33.40 | blocked  1.2% | idle  0.0% | ent 0.217
  upd 9583 | return   31.300 | deliv  31.30 | blocked  1.2% | idle  0.0% | ent 0.210
  upd 9584 | return   35.500 | deliv  35.50 | blocked  1.3% | idle  0.1% | ent 0.211
  upd 9585 | return   33.400 | deliv  33.40 | blocked  1.7% | idle  0.1% | ent 0.207
  upd 9586 | return   34.000 | deliv  34.00 | blocked  1.2% | idle  0.0% | ent 0.214
  upd 9587 | return   35.800 | deliv  35.80 | blocked  1.2% | idle  0.0% | ent 0.199
  upd 9588 | return   35.100 | deliv  35.10 | blocked  1.3% | idle  0.1% | ent 0.208
  upd 9589 | return   34.400 | deliv  34.40 | blocked  1.2% | idle  0.1% | ent 0.207
  upd 9590 | return   33.700 | deliv  33.70 | blocked  1.6% | idle  0.1% | ent 0.224
  upd 9591 | return   32.400 | deliv  32.40 | blocked  1.1% | idle  0.0% | ent 0.223
  upd 9592 | return   30.300 | deliv  30.30 | blocked  1.1% | idle  0.1% | ent 0.226
  upd 9593 | return   30.600 | deliv  30.60 | blocked  1.5% | idle  0.0% | ent 0.227
  upd 9594 | return   34.300 | deliv  34.30 | blocked  1.0% | idle  0.0% | ent 0.208
  upd 9595 | return   34.700 | deliv  34.70 | blocked  1.2% | idle  0.0% | ent 0.198
  upd 9596 | return   32.900 | deliv  32.90 | blocked  1.7% | idle  0.0% | ent 0.203
  upd 9597 | return   35.900 | deliv  35.90 | blocked  1.2% | idle  0.0% | ent 0.204
  upd 9598 | return   34.400 | deliv  34.40 | blocked  1.4% | idle  0.0% | ent 0.204
  upd 9599 | return   35.500 | deliv  35.50 | blocked  1.1% | idle  0.0% | ent 0.209
  [replay @ update 9600] return 26.00  deliveries 26  -> runs/mappo_evo_tiny-4ag_seed2/replays/replay_upd009600_s0.npz
  upd 9600 | return   32.600 | deliv  32.60 | blocked  1.0% | idle  0.0% | ent 0.216
  upd 9601 | return   32.200 | deliv  32.20 | blocked  1.5% | idle  0.0% | ent 0.215
  upd 9602 | return   32.200 | deliv  32.20 | blocked  1.5% | idle  0.0% | ent 0.222
  upd 9603 | return   33.000 | deliv  33.00 | blocked  1.7% | idle  0.0% | ent 0.227
  upd 9604 | return   31.600 | deliv  31.60 | blocked  1.5% | idle  0.0% | ent 0.236
  upd 9605 | return   32.600 | deliv  32.60 | blocked  1.2% | idle  0.0% | ent 0.232
  upd 9606 | return   30.800 | deliv  30.80 | blocked  1.2% | idle  0.0% | ent 0.241
  upd 9607 | return   34.400 | deliv  34.40 | blocked  1.2% | idle  0.0% | ent 0.222
  upd 9608 | return   30.900 | deliv  30.90 | blocked  1.6% | idle  0.0% | ent 0.223
  upd 9609 | return   29.900 | deliv  29.90 | blocked  1.9% | idle  0.0% | ent 0.231
  upd 9610 | return   29.500 | deliv  29.50 | blocked  2.9% | idle  0.0% | ent 0.219
  upd 9611 | return   32.900 | deliv  32.90 | blocked  2.3% | idle  0.0% | ent 0.199
  upd 9612 | return   34.300 | deliv  34.30 | blocked  2.6% | idle  0.0% | ent 0.193
  upd 9613 | return   33.600 | deliv  33.60 | blocked  1.8% | idle  0.0% | ent 0.194
  upd 9614 | return   36.200 | deliv  36.20 | blocked  1.7% | idle  0.0% | ent 0.189
  upd 9615 | return   38.000 | deliv  38.00 | blocked  1.4% | idle  0.0% | ent 0.181
  upd 9616 | return   35.000 | deliv  35.00 | blocked  1.6% | idle  0.0% | ent 0.194
  upd 9617 | return   35.700 | deliv  35.70 | blocked  2.0% | idle  0.0% | ent 0.194
  upd 9618 | return   37.700 | deliv  37.70 | blocked  1.6% | idle  0.0% | ent 0.183
  upd 9619 | return   36.800 | deliv  36.80 | blocked  1.4% | idle  0.0% | ent 0.195
  upd 9620 | return   34.400 | deliv  34.40 | blocked  1.1% | idle  0.0% | ent 0.188
  upd 9621 | return   36.000 | deliv  36.00 | blocked  1.6% | idle  0.0% | ent 0.188
  upd 9622 | return   38.200 | deliv  38.20 | blocked  1.3% | idle  0.0% | ent 0.184
  upd 9623 | return   36.900 | deliv  36.90 | blocked  1.1% | idle  0.0% | ent 0.182
  upd 9624 | return   35.200 | deliv  35.20 | blocked  1.0% | idle  0.0% | ent 0.181
  upd 9625 | return   35.600 | deliv  35.60 | blocked  1.3% | idle  0.0% | ent 0.188
  upd 9626 | return   35.200 | deliv  35.20 | blocked  1.8% | idle  0.0% | ent 0.179
  upd 9627 | return   34.800 | deliv  34.80 | blocked  1.2% | idle  0.0% | ent 0.185
  upd 9628 | return   33.800 | deliv  33.80 | blocked  2.1% | idle  0.0% | ent 0.196
  upd 9629 | return   34.500 | deliv  34.50 | blocked  1.5% | idle  0.0% | ent 0.178
  upd 9630 | return   35.700 | deliv  35.70 | blocked  1.4% | idle  0.0% | ent 0.174
  upd 9631 | return   35.900 | deliv  35.90 | blocked  1.3% | idle  0.0% | ent 0.172
  upd 9632 | return   36.800 | deliv  36.80 | blocked  1.2% | idle  0.0% | ent 0.166
  upd 9633 | return   37.700 | deliv  37.70 | blocked  1.4% | idle  0.0% | ent 0.170
  upd 9634 | return   38.000 | deliv  38.00 | blocked  1.2% | idle  0.0% | ent 0.162
  upd 9635 | return   36.800 | deliv  36.80 | blocked  1.4% | idle  0.0% | ent 0.165
  upd 9636 | return   36.300 | deliv  36.30 | blocked  1.4% | idle  0.0% | ent 0.168
  upd 9637 | return   37.700 | deliv  37.70 | blocked  1.1% | idle  0.0% | ent 0.171
  upd 9638 | return   35.300 | deliv  35.30 | blocked  1.3% | idle  0.0% | ent 0.189
  upd 9639 | return   36.500 | deliv  36.50 | blocked  1.1% | idle  0.0% | ent 0.181
  upd 9640 | return   34.700 | deliv  34.70 | blocked  1.1% | idle  0.0% | ent 0.196
  upd 9641 | return   35.400 | deliv  35.40 | blocked  1.4% | idle  0.0% | ent 0.197
  upd 9642 | return   34.700 | deliv  34.70 | blocked  1.3% | idle  0.0% | ent 0.197
  upd 9643 | return   34.900 | deliv  34.90 | blocked  1.1% | idle  0.0% | ent 0.189
  upd 9644 | return   35.500 | deliv  35.50 | blocked  2.1% | idle  0.0% | ent 0.188
  upd 9645 | return   33.800 | deliv  33.80 | blocked  1.6% | idle  0.0% | ent 0.186
  upd 9646 | return   35.200 | deliv  35.20 | blocked  1.4% | idle  0.0% | ent 0.184
  upd 9647 | return   36.900 | deliv  36.90 | blocked  1.4% | idle  0.0% | ent 0.179
  upd 9648 | return   37.100 | deliv  37.10 | blocked  1.7% | idle  0.0% | ent 0.178
  upd 9649 | return   37.800 | deliv  37.80 | blocked  1.4% | idle  0.0% | ent 0.189
  upd 9650 | return   35.500 | deliv  35.50 | blocked  1.4% | idle  0.0% | ent 0.184
  upd 9651 | return   37.600 | deliv  37.60 | blocked  1.5% | idle  0.0% | ent 0.187
  upd 9652 | return   35.300 | deliv  35.30 | blocked  1.2% | idle  0.0% | ent 0.191
  upd 9653 | return   35.400 | deliv  35.40 | blocked  1.4% | idle  0.0% | ent 0.195
  upd 9654 | return   35.300 | deliv  35.30 | blocked  1.3% | idle  0.0% | ent 0.199
  upd 9655 | return   34.900 | deliv  34.90 | blocked  1.3% | idle  0.0% | ent 0.184
  upd 9656 | return   36.500 | deliv  36.50 | blocked  1.3% | idle  0.0% | ent 0.187
  upd 9657 | return   36.400 | deliv  36.40 | blocked  1.5% | idle  0.0% | ent 0.191
  upd 9658 | return   38.700 | deliv  38.70 | blocked  1.4% | idle  0.0% | ent 0.188
  upd 9659 | return   36.800 | deliv  36.80 | blocked  1.8% | idle  0.0% | ent 0.194
  upd 9660 | return   37.500 | deliv  37.50 | blocked  1.6% | idle  0.0% | ent 0.199
  upd 9661 | return   37.300 | deliv  37.30 | blocked  1.4% | idle  0.0% | ent 0.190
  upd 9662 | return   35.900 | deliv  35.90 | blocked  1.7% | idle  0.0% | ent 0.192
  upd 9663 | return   37.100 | deliv  37.10 | blocked  1.7% | idle  0.0% | ent 0.181
  upd 9664 | return   34.700 | deliv  34.70 | blocked  1.6% | idle  0.0% | ent 0.199
  upd 9665 | return   37.200 | deliv  37.20 | blocked  1.7% | idle  0.0% | ent 0.185
  upd 9666 | return   36.500 | deliv  36.50 | blocked  1.5% | idle  0.0% | ent 0.198
  upd 9667 | return   37.700 | deliv  37.70 | blocked  1.5% | idle  0.0% | ent 0.203
  upd 9668 | return   35.500 | deliv  35.50 | blocked  1.4% | idle  0.0% | ent 0.215
  upd 9669 | return   36.400 | deliv  36.40 | blocked  1.9% | idle  0.0% | ent 0.216
  upd 9670 | return   33.400 | deliv  33.40 | blocked  1.6% | idle  0.0% | ent 0.215
  upd 9671 | return   34.700 | deliv  34.70 | blocked  1.6% | idle  0.0% | ent 0.227
  upd 9672 | return   33.900 | deliv  33.90 | blocked  1.4% | idle  0.0% | ent 0.223
  upd 9673 | return   35.900 | deliv  35.90 | blocked  2.7% | idle  0.0% | ent 0.219
  upd 9674 | return   34.200 | deliv  34.20 | blocked  1.9% | idle  0.0% | ent 0.217
  upd 9675 | return   33.500 | deliv  33.50 | blocked  2.8% | idle  0.0% | ent 0.231
  upd 9676 | return   35.200 | deliv  35.20 | blocked  3.7% | idle  0.0% | ent 0.222
  upd 9677 | return   33.900 | deliv  33.90 | blocked  2.5% | idle  0.0% | ent 0.215
  upd 9678 | return   35.300 | deliv  35.30 | blocked  1.5% | idle  0.0% | ent 0.217
  upd 9679 | return   31.000 | deliv  31.00 | blocked  3.1% | idle  0.0% | ent 0.254
  upd 9680 | return   34.800 | deliv  34.80 | blocked  2.5% | idle  0.0% | ent 0.225
  upd 9681 | return   39.000 | deliv  39.00 | blocked  2.2% | idle  0.0% | ent 0.201
  upd 9682 | return   36.000 | deliv  36.00 | blocked  1.2% | idle  0.0% | ent 0.207
  upd 9683 | return   37.100 | deliv  37.10 | blocked  1.4% | idle  0.0% | ent 0.194
  upd 9684 | return   37.700 | deliv  37.70 | blocked  1.5% | idle  0.0% | ent 0.182
  upd 9685 | return   34.300 | deliv  34.30 | blocked  1.8% | idle  0.0% | ent 0.200
  upd 9686 | return   35.400 | deliv  35.40 | blocked  1.0% | idle  0.0% | ent 0.206
  upd 9687 | return   35.400 | deliv  35.40 | blocked  1.2% | idle  0.0% | ent 0.217
  upd 9688 | return   34.700 | deliv  34.70 | blocked  1.2% | idle  0.0% | ent 0.219
  upd 9689 | return   32.800 | deliv  32.80 | blocked  1.4% | idle  0.0% | ent 0.219
  upd 9690 | return   34.000 | deliv  34.00 | blocked  1.9% | idle  0.0% | ent 0.222
  upd 9691 | return   32.600 | deliv  32.60 | blocked  1.9% | idle  0.0% | ent 0.238
  upd 9692 | return   31.400 | deliv  31.40 | blocked  2.0% | idle  0.0% | ent 0.227
  upd 9693 | return   34.300 | deliv  34.30 | blocked  1.4% | idle  0.0% | ent 0.232
  upd 9694 | return   35.100 | deliv  35.10 | blocked  1.8% | idle  0.0% | ent 0.220
  upd 9695 | return   34.800 | deliv  34.80 | blocked  1.5% | idle  0.0% | ent 0.215
  upd 9696 | return   36.600 | deliv  36.60 | blocked  2.0% | idle  0.0% | ent 0.211
  upd 9697 | return   36.200 | deliv  36.20 | blocked  1.6% | idle  0.0% | ent 0.211
  upd 9698 | return   35.500 | deliv  35.50 | blocked  1.9% | idle  0.0% | ent 0.211
  upd 9699 | return   37.500 | deliv  37.50 | blocked  1.9% | idle  0.0% | ent 0.211
  [replay @ update 9700] return 36.00  deliveries 36  -> runs/mappo_evo_tiny-4ag_seed2/replays/replay_upd009700_s0.npz
  upd 9700 | return   35.400 | deliv  35.40 | blocked  1.7% | idle  0.0% | ent 0.223
  upd 9701 | return   35.600 | deliv  35.60 | blocked  1.9% | idle  0.0% | ent 0.211
  upd 9702 | return   35.900 | deliv  35.90 | blocked  1.4% | idle  0.0% | ent 0.194
  upd 9703 | return   35.800 | deliv  35.80 | blocked  1.4% | idle  0.0% | ent 0.197
  upd 9704 | return   36.300 | deliv  36.30 | blocked  1.8% | idle  0.0% | ent 0.200
  upd 9705 | return   36.400 | deliv  36.40 | blocked  2.1% | idle  0.0% | ent 0.215
  upd 9706 | return   34.300 | deliv  34.30 | blocked  1.6% | idle  0.0% | ent 0.199
  upd 9707 | return   36.600 | deliv  36.60 | blocked  2.1% | idle  0.0% | ent 0.199
  upd 9708 | return   32.700 | deliv  32.70 | blocked  1.8% | idle  0.0% | ent 0.201
  upd 9709 | return   34.300 | deliv  34.30 | blocked  2.4% | idle  0.0% | ent 0.203
  upd 9710 | return   35.500 | deliv  35.50 | blocked  1.8% | idle  0.0% | ent 0.193
  upd 9711 | return   36.000 | deliv  36.00 | blocked  1.7% | idle  0.0% | ent 0.190
  upd 9712 | return   33.000 | deliv  33.00 | blocked  1.8% | idle  0.0% | ent 0.204
  upd 9713 | return   35.900 | deliv  35.90 | blocked  1.9% | idle  0.0% | ent 0.181
  upd 9714 | return   36.000 | deliv  36.00 | blocked  2.0% | idle  0.0% | ent 0.182
  upd 9715 | return   34.300 | deliv  34.30 | blocked  2.1% | idle  0.0% | ent 0.193
  upd 9716 | return   35.700 | deliv  35.70 | blocked  2.5% | idle  0.0% | ent 0.168
  upd 9717 | return   36.400 | deliv  36.40 | blocked  1.6% | idle  0.0% | ent 0.156
  upd 9718 | return   39.300 | deliv  39.30 | blocked  1.6% | idle  0.0% | ent 0.155
  upd 9719 | return   38.800 | deliv  38.80 | blocked  1.7% | idle  0.0% | ent 0.158
  upd 9720 | return   36.300 | deliv  36.30 | blocked  1.4% | idle  0.0% | ent 0.171
  upd 9721 | return   38.000 | deliv  38.00 | blocked  1.7% | idle  0.0% | ent 0.163
  upd 9722 | return   38.500 | deliv  38.50 | blocked  1.9% | idle  0.0% | ent 0.163
  upd 9723 | return   38.400 | deliv  38.40 | blocked  2.3% | idle  0.0% | ent 0.176
  upd 9724 | return   36.400 | deliv  36.40 | blocked  2.5% | idle  0.0% | ent 0.177
  upd 9725 | return   36.900 | deliv  36.90 | blocked  2.8% | idle  0.0% | ent 0.180
  upd 9726 | return   36.600 | deliv  36.60 | blocked  2.6% | idle  0.0% | ent 0.170
  upd 9727 | return   33.700 | deliv  33.70 | blocked  2.2% | idle  0.0% | ent 0.189
  upd 9728 | return   37.300 | deliv  37.30 | blocked  2.0% | idle  0.0% | ent 0.178
  upd 9729 | return   38.000 | deliv  38.00 | blocked  2.4% | idle  0.0% | ent 0.169
  upd 9730 | return   37.500 | deliv  37.50 | blocked  2.0% | idle  0.0% | ent 0.169
  upd 9731 | return   36.200 | deliv  36.20 | blocked  1.9% | idle  0.0% | ent 0.174
  upd 9732 | return   36.600 | deliv  36.60 | blocked  2.1% | idle  0.0% | ent 0.178
  upd 9733 | return   38.100 | deliv  38.10 | blocked  2.1% | idle  0.0% | ent 0.193
  upd 9734 | return   37.800 | deliv  37.80 | blocked  1.5% | idle  0.0% | ent 0.180
  upd 9735 | return   38.200 | deliv  38.20 | blocked  1.7% | idle  0.0% | ent 0.172
  upd 9736 | return   36.900 | deliv  36.90 | blocked  1.8% | idle  0.0% | ent 0.172
  upd 9737 | return   38.000 | deliv  38.00 | blocked  2.2% | idle  0.0% | ent 0.173
  upd 9738 | return   37.900 | deliv  37.90 | blocked  1.8% | idle  0.0% | ent 0.169
  upd 9739 | return   39.100 | deliv  39.10 | blocked  1.7% | idle  0.0% | ent 0.161
  upd 9740 | return   34.700 | deliv  34.70 | blocked  1.6% | idle  0.0% | ent 0.168
  upd 9741 | return   37.800 | deliv  37.80 | blocked  1.5% | idle  0.0% | ent 0.161
  upd 9742 | return   38.200 | deliv  38.20 | blocked  1.7% | idle  0.0% | ent 0.169
  upd 9743 | return   37.700 | deliv  37.70 | blocked  1.7% | idle  0.0% | ent 0.174
  upd 9744 | return   35.300 | deliv  35.30 | blocked  1.3% | idle  0.0% | ent 0.190
  upd 9745 | return   34.800 | deliv  34.80 | blocked  1.4% | idle  0.0% | ent 0.181
  upd 9746 | return   32.800 | deliv  32.80 | blocked  2.1% | idle  0.0% | ent 0.185
  upd 9747 | return   36.800 | deliv  36.80 | blocked  1.5% | idle  0.0% | ent 0.175
  upd 9748 | return   37.600 | deliv  37.60 | blocked  1.1% | idle  0.0% | ent 0.167
  upd 9749 | return   38.900 | deliv  38.90 | blocked  1.3% | idle  0.0% | ent 0.165
  upd 9750 | return   37.100 | deliv  37.10 | blocked  1.2% | idle  0.0% | ent 0.173
  upd 9751 | return   38.500 | deliv  38.50 | blocked  1.2% | idle  0.0% | ent 0.171
  upd 9752 | return   37.200 | deliv  37.20 | blocked  1.9% | idle  0.0% | ent 0.174
  upd 9753 | return   37.300 | deliv  37.30 | blocked  1.6% | idle  0.0% | ent 0.191
  upd 9754 | return   35.700 | deliv  35.70 | blocked  2.6% | idle  0.0% | ent 0.201
  upd 9755 | return   36.500 | deliv  36.50 | blocked  1.4% | idle  0.0% | ent 0.207
  upd 9756 | return   36.900 | deliv  36.90 | blocked  1.6% | idle  0.0% | ent 0.202
  upd 9757 | return   35.700 | deliv  35.70 | blocked  1.8% | idle  0.0% | ent 0.210
  upd 9758 | return   35.100 | deliv  35.10 | blocked  1.8% | idle  0.0% | ent 0.211
  upd 9759 | return   38.600 | deliv  38.60 | blocked  1.3% | idle  0.0% | ent 0.200
  upd 9760 | return   34.000 | deliv  34.00 | blocked  1.9% | idle  0.0% | ent 0.215
  upd 9761 | return   35.100 | deliv  35.10 | blocked  1.4% | idle  0.0% | ent 0.195
  upd 9762 | return   34.200 | deliv  34.20 | blocked  1.8% | idle  0.0% | ent 0.199
  upd 9763 | return   34.400 | deliv  34.40 | blocked  1.5% | idle  0.0% | ent 0.199
  upd 9764 | return   35.700 | deliv  35.70 | blocked  1.3% | idle  0.0% | ent 0.200
  upd 9765 | return   33.700 | deliv  33.70 | blocked  1.3% | idle  0.0% | ent 0.204
  upd 9766 | return   33.200 | deliv  33.20 | blocked  1.4% | idle  0.0% | ent 0.213
  upd 9767 | return   32.700 | deliv  32.70 | blocked  1.4% | idle  0.0% | ent 0.227
  upd 9768 | return   35.000 | deliv  35.00 | blocked  1.4% | idle  0.0% | ent 0.203
  upd 9769 | return   33.500 | deliv  33.50 | blocked  1.5% | idle  0.0% | ent 0.202
  upd 9770 | return   35.500 | deliv  35.50 | blocked  1.4% | idle  0.0% | ent 0.190
  upd 9771 | return   37.700 | deliv  37.70 | blocked  1.3% | idle  0.0% | ent 0.179
  upd 9772 | return   37.700 | deliv  37.70 | blocked  1.3% | idle  0.0% | ent 0.184
  upd 9773 | return   37.600 | deliv  37.60 | blocked  1.6% | idle  0.0% | ent 0.184
  upd 9774 | return   38.300 | deliv  38.30 | blocked  1.4% | idle  0.0% | ent 0.174
  upd 9775 | return   36.600 | deliv  36.60 | blocked  1.6% | idle  0.0% | ent 0.179
  upd 9776 | return   38.300 | deliv  38.30 | blocked  1.6% | idle  0.0% | ent 0.169
  upd 9777 | return   38.000 | deliv  38.00 | blocked  1.6% | idle  0.0% | ent 0.177
  upd 9778 | return   35.900 | deliv  35.90 | blocked  1.5% | idle  0.0% | ent 0.194
  upd 9779 | return   33.500 | deliv  33.50 | blocked  1.3% | idle  0.0% | ent 0.200
  upd 9780 | return   33.000 | deliv  33.00 | blocked  1.4% | idle  0.0% | ent 0.200
  upd 9781 | return   33.600 | deliv  33.60 | blocked  2.0% | idle  0.0% | ent 0.201
  upd 9782 | return   37.800 | deliv  37.80 | blocked  1.6% | idle  0.0% | ent 0.199
  upd 9783 | return   35.000 | deliv  35.00 | blocked  1.5% | idle  0.0% | ent 0.205
  upd 9784 | return   32.000 | deliv  32.00 | blocked  1.7% | idle  0.0% | ent 0.227
  upd 9785 | return   35.200 | deliv  35.20 | blocked  1.2% | idle  0.0% | ent 0.216
  upd 9786 | return   35.800 | deliv  35.80 | blocked  1.2% | idle  0.0% | ent 0.201
  upd 9787 | return   35.400 | deliv  35.40 | blocked  1.3% | idle  0.0% | ent 0.201
  upd 9788 | return   36.800 | deliv  36.80 | blocked  1.1% | idle  0.0% | ent 0.203
  upd 9789 | return   36.500 | deliv  36.50 | blocked  1.5% | idle  0.0% | ent 0.192
  upd 9790 | return   35.900 | deliv  35.90 | blocked  1.6% | idle  0.0% | ent 0.206
  upd 9791 | return   36.400 | deliv  36.40 | blocked  1.5% | idle  0.0% | ent 0.197
  upd 9792 | return   36.400 | deliv  36.40 | blocked  1.4% | idle  0.0% | ent 0.201
  upd 9793 | return   35.400 | deliv  35.40 | blocked  1.7% | idle  0.0% | ent 0.193
  upd 9794 | return   33.800 | deliv  33.80 | blocked  1.4% | idle  0.0% | ent 0.198
  upd 9795 | return   37.100 | deliv  37.10 | blocked  1.2% | idle  0.0% | ent 0.195
  upd 9796 | return   34.900 | deliv  34.90 | blocked  1.4% | idle  0.0% | ent 0.196
  upd 9797 | return   35.400 | deliv  35.40 | blocked  1.4% | idle  0.0% | ent 0.187
  upd 9798 | return   37.800 | deliv  37.80 | blocked  1.5% | idle  0.0% | ent 0.172
  upd 9799 | return   37.900 | deliv  37.90 | blocked  1.4% | idle  0.0% | ent 0.165
  [replay @ update 9800] return 35.00  deliveries 35  -> runs/mappo_evo_tiny-4ag_seed2/replays/replay_upd009800_s0.npz
  upd 9800 | return   37.300 | deliv  37.30 | blocked  1.3% | idle  0.0% | ent 0.171
  upd 9801 | return   36.700 | deliv  36.70 | blocked  1.4% | idle  0.0% | ent 0.168
  upd 9802 | return   35.500 | deliv  35.50 | blocked  1.6% | idle  0.0% | ent 0.170
  upd 9803 | return   37.100 | deliv  37.10 | blocked  1.6% | idle  0.0% | ent 0.163
  upd 9804 | return   35.300 | deliv  35.30 | blocked  1.7% | idle  0.0% | ent 0.172
  upd 9805 | return   34.600 | deliv  34.60 | blocked  1.3% | idle  0.0% | ent 0.186
  upd 9806 | return   33.600 | deliv  33.60 | blocked  1.6% | idle  0.0% | ent 0.201
  upd 9807 | return   34.200 | deliv  34.20 | blocked  1.8% | idle  0.0% | ent 0.193
  upd 9808 | return   35.800 | deliv  35.80 | blocked  1.9% | idle  0.0% | ent 0.206
  upd 9809 | return   35.500 | deliv  35.50 | blocked  1.8% | idle  0.0% | ent 0.202
  upd 9810 | return   35.700 | deliv  35.70 | blocked  1.6% | idle  0.0% | ent 0.198
  upd 9811 | return   34.300 | deliv  34.30 | blocked  1.6% | idle  0.0% | ent 0.203
  upd 9812 | return   31.100 | deliv  31.10 | blocked  2.0% | idle  0.0% | ent 0.219
  upd 9813 | return   34.700 | deliv  34.70 | blocked  1.5% | idle  0.0% | ent 0.194
  upd 9814 | return   34.300 | deliv  34.30 | blocked  2.0% | idle  0.0% | ent 0.202
  upd 9815 | return   32.200 | deliv  32.20 | blocked  1.9% | idle  0.0% | ent 0.197
  upd 9816 | return   37.700 | deliv  37.70 | blocked  1.7% | idle  0.0% | ent 0.180
  upd 9817 | return   33.700 | deliv  33.70 | blocked  2.2% | idle  0.0% | ent 0.190
  upd 9818 | return   32.100 | deliv  32.10 | blocked  2.3% | idle  0.0% | ent 0.199
  upd 9819 | return   36.100 | deliv  36.10 | blocked  2.3% | idle  0.0% | ent 0.189
  upd 9820 | return   35.700 | deliv  35.70 | blocked  2.0% | idle  0.0% | ent 0.189
  upd 9821 | return   33.600 | deliv  33.60 | blocked  2.2% | idle  0.0% | ent 0.198
  upd 9822 | return   34.900 | deliv  34.90 | blocked  1.7% | idle  0.0% | ent 0.191
  upd 9823 | return   36.100 | deliv  36.10 | blocked  1.6% | idle  0.0% | ent 0.196
  upd 9824 | return   35.500 | deliv  35.50 | blocked  1.5% | idle  0.0% | ent 0.199
  upd 9825 | return   34.300 | deliv  34.30 | blocked  1.6% | idle  0.0% | ent 0.197
  upd 9826 | return   35.800 | deliv  35.80 | blocked  1.6% | idle  0.0% | ent 0.199
  upd 9827 | return   34.000 | deliv  34.00 | blocked  1.2% | idle  0.0% | ent 0.196
  upd 9828 | return   34.600 | deliv  34.60 | blocked  1.4% | idle  0.0% | ent 0.194
  upd 9829 | return   34.500 | deliv  34.50 | blocked  1.3% | idle  0.0% | ent 0.202
  upd 9830 | return   34.700 | deliv  34.70 | blocked  1.6% | idle  0.0% | ent 0.204
  upd 9831 | return   34.100 | deliv  34.10 | blocked  3.0% | idle  0.0% | ent 0.210
  upd 9832 | return   35.600 | deliv  35.60 | blocked  1.7% | idle  0.0% | ent 0.204
  upd 9833 | return   35.800 | deliv  35.80 | blocked  1.3% | idle  0.0% | ent 0.203
  upd 9834 | return   32.600 | deliv  32.60 | blocked  1.3% | idle  0.0% | ent 0.213
  upd 9835 | return   31.600 | deliv  31.60 | blocked  1.7% | idle  0.0% | ent 0.207
  upd 9836 | return   32.700 | deliv  32.70 | blocked  1.6% | idle  0.0% | ent 0.202
  upd 9837 | return   35.400 | deliv  35.40 | blocked  1.3% | idle  0.0% | ent 0.194
  upd 9838 | return   34.300 | deliv  34.30 | blocked  1.4% | idle  0.0% | ent 0.202
  upd 9839 | return   35.400 | deliv  35.40 | blocked  1.5% | idle  0.0% | ent 0.195
  upd 9840 | return   36.100 | deliv  36.10 | blocked  1.1% | idle  0.0% | ent 0.196
  upd 9841 | return   36.100 | deliv  36.10 | blocked  1.5% | idle  0.0% | ent 0.195
  upd 9842 | return   35.900 | deliv  35.90 | blocked  1.3% | idle  0.0% | ent 0.197
  upd 9843 | return   33.500 | deliv  33.50 | blocked  1.3% | idle  0.0% | ent 0.202
  upd 9844 | return   33.800 | deliv  33.80 | blocked  1.2% | idle  0.0% | ent 0.200
  upd 9845 | return   31.400 | deliv  31.40 | blocked  1.9% | idle  0.0% | ent 0.209
  upd 9846 | return   34.700 | deliv  34.70 | blocked  1.5% | idle  0.0% | ent 0.204
  upd 9847 | return   33.600 | deliv  33.60 | blocked  1.3% | idle  0.0% | ent 0.200
  upd 9848 | return   36.000 | deliv  36.00 | blocked  1.3% | idle  0.0% | ent 0.195
  upd 9849 | return   35.700 | deliv  35.70 | blocked  1.6% | idle  0.0% | ent 0.193
  upd 9850 | return   35.900 | deliv  35.90 | blocked  1.2% | idle  0.0% | ent 0.197
  upd 9851 | return   36.600 | deliv  36.60 | blocked  1.4% | idle  0.0% | ent 0.196
  upd 9852 | return   32.300 | deliv  32.30 | blocked  1.6% | idle  0.0% | ent 0.202
  upd 9853 | return   31.600 | deliv  31.60 | blocked  1.6% | idle  0.0% | ent 0.208
  upd 9854 | return   35.500 | deliv  35.50 | blocked  1.3% | idle  0.0% | ent 0.201
  upd 9855 | return   34.800 | deliv  34.80 | blocked  1.8% | idle  0.0% | ent 0.195
  upd 9856 | return   36.300 | deliv  36.30 | blocked  1.5% | idle  0.0% | ent 0.189
  upd 9857 | return   35.000 | deliv  35.00 | blocked  1.2% | idle  0.0% | ent 0.187
  upd 9858 | return   33.400 | deliv  33.40 | blocked  1.7% | idle  0.0% | ent 0.200
  upd 9859 | return   36.200 | deliv  36.20 | blocked  1.2% | idle  0.0% | ent 0.179
  upd 9860 | return   37.100 | deliv  37.10 | blocked  1.5% | idle  0.0% | ent 0.184
  upd 9861 | return   35.600 | deliv  35.60 | blocked  1.4% | idle  0.0% | ent 0.187
  upd 9862 | return   37.900 | deliv  37.90 | blocked  1.2% | idle  0.0% | ent 0.185
  upd 9863 | return   33.700 | deliv  33.70 | blocked  1.2% | idle  0.0% | ent 0.189
  upd 9864 | return   35.300 | deliv  35.30 | blocked  1.5% | idle  0.0% | ent 0.192
  upd 9865 | return   34.600 | deliv  34.60 | blocked  1.0% | idle  0.0% | ent 0.201
  upd 9866 | return   37.400 | deliv  37.40 | blocked  1.1% | idle  0.0% | ent 0.203
  upd 9867 | return   34.300 | deliv  34.30 | blocked  1.3% | idle  0.0% | ent 0.208
  upd 9868 | return   32.000 | deliv  32.00 | blocked  1.3% | idle  0.0% | ent 0.215
  upd 9869 | return   35.100 | deliv  35.10 | blocked  1.3% | idle  0.0% | ent 0.204
  upd 9870 | return   34.500 | deliv  34.50 | blocked  1.2% | idle  0.0% | ent 0.207
  upd 9871 | return   37.800 | deliv  37.80 | blocked  1.1% | idle  0.0% | ent 0.191
  upd 9872 | return   34.300 | deliv  34.30 | blocked  1.3% | idle  0.0% | ent 0.198
  upd 9873 | return   37.900 | deliv  37.90 | blocked  1.2% | idle  0.0% | ent 0.179
  upd 9874 | return   36.600 | deliv  36.60 | blocked  1.2% | idle  0.0% | ent 0.193
  upd 9875 | return   35.800 | deliv  35.80 | blocked  1.2% | idle  0.0% | ent 0.198
  upd 9876 | return   36.500 | deliv  36.50 | blocked  1.2% | idle  0.0% | ent 0.210
  upd 9877 | return   33.800 | deliv  33.80 | blocked  1.3% | idle  0.0% | ent 0.202
  upd 9878 | return   33.300 | deliv  33.30 | blocked  0.9% | idle  0.0% | ent 0.210
  upd 9879 | return   34.500 | deliv  34.50 | blocked  1.3% | idle  0.0% | ent 0.196
  upd 9880 | return   36.700 | deliv  36.70 | blocked  1.1% | idle  0.0% | ent 0.195
  upd 9881 | return   37.400 | deliv  37.40 | blocked  1.1% | idle  0.0% | ent 0.203
  upd 9882 | return   35.000 | deliv  35.00 | blocked  1.1% | idle  0.0% | ent 0.210
  upd 9883 | return   34.100 | deliv  34.10 | blocked  1.3% | idle  0.0% | ent 0.196
  upd 9884 | return   36.300 | deliv  36.30 | blocked  1.7% | idle  0.0% | ent 0.205
  upd 9885 | return   34.300 | deliv  34.30 | blocked  1.3% | idle  0.0% | ent 0.208
  upd 9886 | return   35.500 | deliv  35.50 | blocked  1.1% | idle  0.0% | ent 0.206
  upd 9887 | return   36.300 | deliv  36.30 | blocked  1.4% | idle  0.0% | ent 0.196
  upd 9888 | return   34.700 | deliv  34.70 | blocked  1.2% | idle  0.0% | ent 0.200
  upd 9889 | return   35.700 | deliv  35.70 | blocked  1.1% | idle  0.0% | ent 0.184
  upd 9890 | return   34.900 | deliv  34.90 | blocked  1.6% | idle  0.0% | ent 0.195
  upd 9891 | return   35.800 | deliv  35.80 | blocked  1.3% | idle  0.0% | ent 0.185
  upd 9892 | return   35.100 | deliv  35.10 | blocked  1.4% | idle  0.0% | ent 0.196
  upd 9893 | return   35.000 | deliv  35.00 | blocked  1.0% | idle  0.0% | ent 0.191
  upd 9894 | return   36.600 | deliv  36.60 | blocked  1.2% | idle  0.0% | ent 0.193
  upd 9895 | return   32.800 | deliv  32.80 | blocked  1.6% | idle  0.0% | ent 0.200
  upd 9896 | return   38.100 | deliv  38.10 | blocked  1.2% | idle  0.0% | ent 0.183
  upd 9897 | return   35.000 | deliv  35.00 | blocked  1.4% | idle  0.0% | ent 0.183
  upd 9898 | return   35.400 | deliv  35.40 | blocked  1.9% | idle  0.0% | ent 0.171
  upd 9899 | return   36.000 | deliv  36.00 | blocked  1.4% | idle  0.0% | ent 0.172
  [replay @ update 9900] return 39.00  deliveries 39  -> runs/mappo_evo_tiny-4ag_seed2/replays/replay_upd009900_s0.npz
  upd 9900 | return   40.200 | deliv  40.20 | blocked  1.3% | idle  0.0% | ent 0.154
  upd 9901 | return   34.600 | deliv  34.60 | blocked  1.1% | idle  0.0% | ent 0.161
  upd 9902 | return   37.600 | deliv  37.60 | blocked  1.5% | idle  0.0% | ent 0.152
  upd 9903 | return   37.200 | deliv  37.20 | blocked  1.3% | idle  0.0% | ent 0.156
  upd 9904 | return   36.900 | deliv  36.90 | blocked  1.5% | idle  0.0% | ent 0.160
  upd 9905 | return   36.100 | deliv  36.10 | blocked  1.3% | idle  0.0% | ent 0.160
  upd 9906 | return   35.700 | deliv  35.70 | blocked  1.9% | idle  0.0% | ent 0.162
  upd 9907 | return   36.500 | deliv  36.50 | blocked  1.3% | idle  0.0% | ent 0.158
  upd 9908 | return   34.200 | deliv  34.20 | blocked  1.2% | idle  0.0% | ent 0.164
  upd 9909 | return   35.900 | deliv  35.90 | blocked  1.3% | idle  0.0% | ent 0.164
  upd 9910 | return   33.100 | deliv  33.10 | blocked  2.0% | idle  0.0% | ent 0.179
  upd 9911 | return   36.900 | deliv  36.90 | blocked  1.2% | idle  0.0% | ent 0.159
  upd 9912 | return   34.600 | deliv  34.60 | blocked  1.1% | idle  0.0% | ent 0.162
  upd 9913 | return   36.100 | deliv  36.10 | blocked  1.6% | idle  0.0% | ent 0.160
  upd 9914 | return   37.100 | deliv  37.10 | blocked  1.3% | idle  0.0% | ent 0.153
  upd 9915 | return   36.500 | deliv  36.50 | blocked  1.1% | idle  0.0% | ent 0.167
  upd 9916 | return   36.700 | deliv  36.70 | blocked  1.7% | idle  0.0% | ent 0.170
  upd 9917 | return   36.700 | deliv  36.70 | blocked  1.4% | idle  0.0% | ent 0.172
  upd 9918 | return   37.800 | deliv  37.80 | blocked  1.0% | idle  0.0% | ent 0.171
  upd 9919 | return   39.200 | deliv  39.20 | blocked  1.2% | idle  0.0% | ent 0.173
  upd 9920 | return   35.600 | deliv  35.60 | blocked  1.2% | idle  0.0% | ent 0.177
  upd 9921 | return   35.900 | deliv  35.90 | blocked  1.3% | idle  0.0% | ent 0.181
  upd 9922 | return   35.300 | deliv  35.30 | blocked  1.2% | idle  0.0% | ent 0.179
  upd 9923 | return   36.600 | deliv  36.60 | blocked  1.0% | idle  0.0% | ent 0.178
  upd 9924 | return   37.300 | deliv  37.30 | blocked  1.3% | idle  0.0% | ent 0.180
  upd 9925 | return   37.200 | deliv  37.20 | blocked  1.1% | idle  0.0% | ent 0.174
  upd 9926 | return   38.800 | deliv  38.80 | blocked  1.0% | idle  0.0% | ent 0.180
  upd 9927 | return   36.900 | deliv  36.90 | blocked  1.1% | idle  0.0% | ent 0.179
  upd 9928 | return   35.100 | deliv  35.10 | blocked  1.1% | idle  0.0% | ent 0.194
  upd 9929 | return   35.800 | deliv  35.80 | blocked  1.3% | idle  0.0% | ent 0.198
  upd 9930 | return   36.500 | deliv  36.50 | blocked  1.3% | idle  0.0% | ent 0.198
  upd 9931 | return   35.500 | deliv  35.50 | blocked  1.3% | idle  0.0% | ent 0.208
  upd 9932 | return   37.600 | deliv  37.60 | blocked  1.1% | idle  0.0% | ent 0.189
  upd 9933 | return   37.500 | deliv  37.50 | blocked  1.1% | idle  0.0% | ent 0.182
  upd 9934 | return   35.900 | deliv  35.90 | blocked  1.1% | idle  0.0% | ent 0.190
  upd 9935 | return   37.300 | deliv  37.30 | blocked  1.1% | idle  0.0% | ent 0.173
  upd 9936 | return   38.300 | deliv  38.30 | blocked  1.2% | idle  0.0% | ent 0.176
  upd 9937 | return   39.300 | deliv  39.30 | blocked  1.2% | idle  0.0% | ent 0.178
  upd 9938 | return   37.600 | deliv  37.60 | blocked  1.4% | idle  0.0% | ent 0.180
  upd 9939 | return   35.500 | deliv  35.50 | blocked  1.5% | idle  0.0% | ent 0.183
  upd 9940 | return   38.500 | deliv  38.50 | blocked  1.5% | idle  0.0% | ent 0.176
  upd 9941 | return   35.500 | deliv  35.50 | blocked  1.4% | idle  0.0% | ent 0.195
  upd 9942 | return   36.900 | deliv  36.90 | blocked  1.3% | idle  0.0% | ent 0.184
  upd 9943 | return   36.100 | deliv  36.10 | blocked  1.5% | idle  0.0% | ent 0.196
  upd 9944 | return   34.300 | deliv  34.30 | blocked  1.2% | idle  0.0% | ent 0.193
  upd 9945 | return   36.900 | deliv  36.90 | blocked  1.4% | idle  0.0% | ent 0.181
  upd 9946 | return   38.000 | deliv  38.00 | blocked  1.3% | idle  0.0% | ent 0.184
  upd 9947 | return   37.300 | deliv  37.30 | blocked  1.7% | idle  0.0% | ent 0.194
  upd 9948 | return   38.500 | deliv  38.50 | blocked  1.2% | idle  0.0% | ent 0.178
  upd 9949 | return   37.000 | deliv  37.00 | blocked  1.1% | idle  0.0% | ent 0.194
  upd 9950 | return   36.000 | deliv  36.00 | blocked  1.5% | idle  0.0% | ent 0.187
  upd 9951 | return   39.100 | deliv  39.10 | blocked  1.0% | idle  0.0% | ent 0.174
  upd 9952 | return   35.400 | deliv  35.40 | blocked  1.2% | idle  0.0% | ent 0.181
  upd 9953 | return   36.900 | deliv  36.90 | blocked  1.2% | idle  0.0% | ent 0.180
  upd 9954 | return   38.600 | deliv  38.60 | blocked  1.3% | idle  0.0% | ent 0.164
  upd 9955 | return   38.300 | deliv  38.30 | blocked  1.8% | idle  0.0% | ent 0.171
  upd 9956 | return   39.500 | deliv  39.50 | blocked  1.6% | idle  0.0% | ent 0.167
  upd 9957 | return   38.300 | deliv  38.30 | blocked  1.5% | idle  0.0% | ent 0.171
  upd 9958 | return   39.200 | deliv  39.20 | blocked  1.3% | idle  0.0% | ent 0.168
  upd 9959 | return   37.800 | deliv  37.80 | blocked  0.9% | idle  0.0% | ent 0.179
  upd 9960 | return   38.000 | deliv  38.00 | blocked  1.1% | idle  0.0% | ent 0.185
  upd 9961 | return   34.000 | deliv  34.00 | blocked  1.1% | idle  0.0% | ent 0.205
  upd 9962 | return   36.800 | deliv  36.80 | blocked  1.1% | idle  0.0% | ent 0.192
  upd 9963 | return   38.100 | deliv  38.10 | blocked  1.4% | idle  0.0% | ent 0.175
  upd 9964 | return   39.400 | deliv  39.40 | blocked  1.2% | idle  0.0% | ent 0.164
  upd 9965 | return   36.500 | deliv  36.50 | blocked  1.2% | idle  0.0% | ent 0.173
  upd 9966 | return   37.500 | deliv  37.50 | blocked  1.5% | idle  0.0% | ent 0.164
  upd 9967 | return   39.600 | deliv  39.60 | blocked  1.5% | idle  0.0% | ent 0.159
  upd 9968 | return   36.700 | deliv  36.70 | blocked  1.2% | idle  0.0% | ent 0.164
  upd 9969 | return   36.700 | deliv  36.70 | blocked  1.0% | idle  0.0% | ent 0.159
  upd 9970 | return   38.100 | deliv  38.10 | blocked  1.2% | idle  0.0% | ent 0.154
  upd 9971 | return   36.700 | deliv  36.70 | blocked  1.2% | idle  0.0% | ent 0.154
  upd 9972 | return   36.100 | deliv  36.10 | blocked  1.5% | idle  0.0% | ent 0.169
  upd 9973 | return   34.300 | deliv  34.30 | blocked  1.2% | idle  0.0% | ent 0.163
  upd 9974 | return   36.900 | deliv  36.90 | blocked  1.7% | idle  0.0% | ent 0.156
  upd 9975 | return   35.400 | deliv  35.40 | blocked  1.4% | idle  0.0% | ent 0.164
  upd 9976 | return   34.300 | deliv  34.30 | blocked  1.3% | idle  0.0% | ent 0.177
  upd 9977 | return   35.100 | deliv  35.10 | blocked  1.4% | idle  0.0% | ent 0.173
  upd 9978 | return   37.300 | deliv  37.30 | blocked  1.3% | idle  0.0% | ent 0.167
  upd 9979 | return   38.400 | deliv  38.40 | blocked  1.2% | idle  0.0% | ent 0.158
  upd 9980 | return   38.500 | deliv  38.50 | blocked  1.0% | idle  0.0% | ent 0.163
  upd 9981 | return   34.900 | deliv  34.90 | blocked  1.8% | idle  0.0% | ent 0.176
  upd 9982 | return   37.100 | deliv  37.10 | blocked  1.4% | idle  0.0% | ent 0.172
  upd 9983 | return   36.100 | deliv  36.10 | blocked  1.4% | idle  0.0% | ent 0.165
  upd 9984 | return   36.700 | deliv  36.70 | blocked  1.2% | idle  0.0% | ent 0.164
  upd 9985 | return   34.600 | deliv  34.60 | blocked  2.2% | idle  0.0% | ent 0.161
  upd 9986 | return   37.100 | deliv  37.10 | blocked  1.5% | idle  0.0% | ent 0.162
  upd 9987 | return   34.700 | deliv  34.70 | blocked  1.8% | idle  0.0% | ent 0.173
  upd 9988 | return   33.600 | deliv  33.60 | blocked  1.7% | idle  0.0% | ent 0.171
  upd 9989 | return   35.200 | deliv  35.20 | blocked  1.8% | idle  0.0% | ent 0.167
  upd 9990 | return   35.600 | deliv  35.60 | blocked  1.9% | idle  0.0% | ent 0.167
  upd 9991 | return   35.400 | deliv  35.40 | blocked  1.9% | idle  0.0% | ent 0.168
  upd 9992 | return   35.800 | deliv  35.80 | blocked  1.7% | idle  0.0% | ent 0.166
  upd 9993 | return   35.800 | deliv  35.80 | blocked  1.8% | idle  0.0% | ent 0.160
  upd 9994 | return   36.200 | deliv  36.20 | blocked  1.7% | idle  0.0% | ent 0.171
  upd 9995 | return   35.500 | deliv  35.50 | blocked  1.8% | idle  0.0% | ent 0.168
  upd 9996 | return   38.100 | deliv  38.10 | blocked  1.5% | idle  0.0% | ent 0.160
  upd 9997 | return   36.600 | deliv  36.60 | blocked  1.6% | idle  0.0% | ent 0.168
  upd 9998 | return   36.300 | deliv  36.30 | blocked  1.3% | idle  0.0% | ent 0.172
  upd 9999 | return   37.400 | deliv  37.40 | blocked  1.6% | idle  0.0% | ent 0.174
  [replay @ update 10000] return 38.00  deliveries 38  -> runs/mappo_evo_tiny-4ag_seed2/replays/replay_upd010000_s0.npz

ran 10000 updates (50,000,000 env steps) in 12408.3s  (4,030 steps/s)
checkpoints -> runs/mappo_evo_tiny-4ag_seed2/checkpoints  (latest=10000, best=10000)   metrics -> runs/mappo_evo_tiny-4ag_seed2/results.csv
