environment_steps,updates,mean_episode_returns,entropy,loss,actor_loss,value_loss,reward_std_mean,deliveries,block_rate,idle_rate,pickup_rate,deliveries_early,deliveries_mid,deliveries_late,block_early,block_mid,block_late
4000,1,0.125,,nan,,,,0.125,,,,,,,,,
8000,2,0.0,,nan,,,,0.0,,,,,,,,,
12000,3,0.125,,nan,,,,0.125,,,,,,,,,
16000,4,0.0,,1.1925913095474243,,,,0.0,,,,,,,,,
20000,5,0.0,,1.2598952054977417,,,,0.0,,,,,,,,,
24000,6,0.125,,0.9638475179672241,,,,0.125,,,,,,,,,
28000,7,0.125,,1.367037057876587,,,,0.125,,,,,,,,,
32000,8,0.0,,1.550145149230957,,,,0.0,,,,,,,,,
36000,9,0.0,,1.4463558197021484,,,,0.0,,,,,,,,,
40000,10,0.125,,1.2448593378067017,,,,0.125,,,,,,,,,
44000,11,0.125,,0.9573786854743958,,,,0.125,,,,,,,,,
48000,12,0.0,,1.5261939764022827,,,,0.0,,,,,,,,,
52000,13,0.0,,1.2724976539611816,,,,0.0,,,,,,,,,
56000,14,0.0,,0.9427156448364258,,,,0.0,,,,,,,,,
60000,15,0.0,,0.8335392475128174,,,,0.0,,,,,,,,,
64000,16,0.0,,1.386873483657837,,,,0.0,,,,,,,,,
68000,17,0.0,,0.9983468055725098,,,,0.0,,,,,,,,,
72000,18,0.0,,1.2387754917144775,,,,0.0,,,,,,,,,
76000,19,0.0,,0.8586174845695496,,,,0.0,,,,,,,,,
80000,20,0.0,,0.9839827418327332,,,,0.0,,,,,,,,,
84000,21,0.0,,0.5217366814613342,,,,0.0,,,,,,,,,
88000,22,0.125,,1.0829508304595947,,,,0.125,,,,,,,,,
92000,23,0.125,,0.7781698703765869,,,,0.125,,,,,,,,,
96000,24,0.125,,0.8988834023475647,,,,0.125,,,,,,,,,
100000,25,0.125,,0.8180490136146545,,,,0.125,,,,,,,,,
104000,26,0.0,,1.9298453330993652,,,,0.0,,,,,,,,,
108000,27,0.0,,1.312006950378418,,,,0.0,,,,,,,,,
112000,28,0.125,,1.0280835628509521,,,,0.125,,,,,,,,,
116000,29,0.0,,1.0148258209228516,,,,0.0,,,,,,,,,
120000,30,0.125,,0.8210312128067017,,,,0.125,,,,,,,,,
124000,31,0.125,,1.0773162841796875,,,,0.125,,,,,,,,,
128000,32,0.125,,1.222963809967041,,,,0.125,,,,,,,,,
132000,33,0.0,,1.1908024549484253,,,,0.0,,,,,,,,,
136000,34,0.125,,0.9875301122665405,,,,0.125,,,,,,,,,
140000,35,0.0,,1.2753409147262573,,,,0.0,,,,,,,,,
144000,36,0.0,,1.1867446899414062,,,,0.0,,,,,,,,,
148000,37,0.125,,0.6854915022850037,,,,0.125,,,,,,,,,
152000,38,0.0,,1.0980582237243652,,,,0.0,,,,,,,,,
156000,39,0.0,,0.9743397831916809,,,,0.0,,,,,,,,,
160000,40,0.0,,0.7903897762298584,,,,0.0,,,,,,,,,
164000,41,0.125,,1.057127833366394,,,,0.125,,,,,,,,,
168000,42,0.0,,1.2589209079742432,,,,0.0,,,,,,,,,
172000,43,0.25,,0.8738996982574463,,,,0.25,,,,,,,,,
176000,44,0.125,,1.2840518951416016,,,,0.125,,,,,,,,,
180000,45,0.0,,1.0895652770996094,,,,0.0,,,,,,,,,
184000,46,0.0,,0.6968894600868225,,,,0.0,,,,,,,,,
188000,47,0.0,,0.9936729669570923,,,,0.0,,,,,,,,,
192000,48,0.0,,0.9954971075057983,,,,0.0,,,,,,,,,
196000,49,0.0,,0.96706223487854,,,,0.0,,,,,,,,,
200000,50,0.0,,1.2134568691253662,,,,0.0,,,,,,,,,
204000,51,0.0,,0.8947016596794128,,,,0.0,,,,,,,,,
208000,52,0.0,,0.5912995338439941,,,,0.0,,,,,,,,,
212000,53,0.0,,0.747153639793396,,,,0.0,,,,,,,,,
216000,54,0.0,,1.0454949140548706,,,,0.0,,,,,,,,,
220000,55,0.0,,0.9525606036186218,,,,0.0,,,,,,,,,
224000,56,0.0,,0.5790272951126099,,,,0.0,,,,,,,,,
228000,57,0.0,,1.0759589672088623,,,,0.0,,,,,,,,,
232000,58,0.0,,1.3406982421875,,,,0.0,,,,,,,,,
236000,59,0.0,,1.1977554559707642,,,,0.0,,,,,,,,,
240000,60,0.0,,1.415468692779541,,,,0.0,,,,,,,,,
244000,61,0.0,,0.6290292143821716,,,,0.0,,,,,,,,,
248000,62,0.0,,1.0533885955810547,,,,0.0,,,,,,,,,
252000,63,0.0,,0.6737085580825806,,,,0.0,,,,,,,,,
256000,64,0.0,,0.9376060366630554,,,,0.0,,,,,,,,,
260000,65,0.0,,0.920455276966095,,,,0.0,,,,,,,,,
264000,66,0.0,,1.0045942068099976,,,,0.0,,,,,,,,,
268000,67,0.0,,0.9735807776451111,,,,0.0,,,,,,,,,
272000,68,0.0,,0.8035706281661987,,,,0.0,,,,,,,,,
276000,69,0.0,,0.9425519108772278,,,,0.0,,,,,,,,,
280000,70,0.0,,0.7857090830802917,,,,0.0,,,,,,,,,
284000,71,0.0,,0.5453686714172363,,,,0.0,,,,,,,,,
288000,72,0.0,,0.8364338874816895,,,,0.0,,,,,,,,,
292000,73,0.0,,1.3736339807510376,,,,0.0,,,,,,,,,
296000,74,0.0,,0.75054931640625,,,,0.0,,,,,,,,,
300000,75,0.0,,0.6283405423164368,,,,0.0,,,,,,,,,
304000,76,0.0,,0.9349502325057983,,,,0.0,,,,,,,,,
308000,77,0.0,,0.6545658111572266,,,,0.0,,,,,,,,,
312000,78,0.0,,0.47359713912010193,,,,0.0,,,,,,,,,
316000,79,0.0,,0.6911866664886475,,,,0.0,,,,,,,,,
320000,80,0.0,,0.7930810451507568,,,,0.0,,,,,,,,,
324000,81,0.0,,0.27643007040023804,,,,0.0,,,,,,,,,
328000,82,0.0,,1.3829234838485718,,,,0.0,,,,,,,,,
332000,83,0.0,,1.1845245361328125,,,,0.0,,,,,,,,,
336000,84,0.0,,0.8788368105888367,,,,0.0,,,,,,,,,
340000,85,0.0,,0.6605945229530334,,,,0.0,,,,,,,,,
344000,86,0.0,,0.878633439540863,,,,0.0,,,,,,,,,
348000,87,0.125,,0.7359777688980103,,,,0.125,,,,,,,,,
352000,88,0.0,,0.62572181224823,,,,0.0,,,,,,,,,
356000,89,0.0,,0.723223865032196,,,,0.0,,,,,,,,,
360000,90,0.0,,0.3426728844642639,,,,0.0,,,,,,,,,
364000,91,0.0,,0.9975680112838745,,,,0.0,,,,,,,,,
368000,92,0.0,,1.285797357559204,,,,0.0,,,,,,,,,
372000,93,0.0,,0.2744709551334381,,,,0.0,,,,,,,,,
376000,94,0.0,,1.124783992767334,,,,0.0,,,,,,,,,
380000,95,0.0,,0.37638407945632935,,,,0.0,,,,,,,,,
384000,96,0.0,,0.7011215090751648,,,,0.0,,,,,,,,,
388000,97,0.0,,0.7028424739837646,,,,0.0,,,,,,,,,
392000,98,0.0,,0.5664790868759155,,,,0.0,,,,,,,,,
396000,99,0.0,,0.2641284167766571,,,,0.0,,,,,,,,,
400000,100,0.0,,0.8644675016403198,,,,0.0,,,,,,,,,
404000,101,0.0,,0.4887297749519348,,,,0.0,,,,,,,,,
408000,102,0.0,,0.3651169538497925,,,,0.0,,,,,,,,,
412000,103,0.0,,0.8088035583496094,,,,0.0,,,,,,,,,
416000,104,0.0,,0.9273756146430969,,,,0.0,,,,,,,,,
420000,105,0.0,,0.774612545967102,,,,0.0,,,,,,,,,
424000,106,0.0,,0.8425150513648987,,,,0.0,,,,,,,,,
428000,107,0.0,,0.33044472336769104,,,,0.0,,,,,,,,,
432000,108,0.0,,0.7481248378753662,,,,0.0,,,,,,,,,
436000,109,0.0,,0.7707868814468384,,,,0.0,,,,,,,,,
440000,110,0.0,,0.8174948692321777,,,,0.0,,,,,,,,,
444000,111,0.0,,0.313254177570343,,,,0.0,,,,,,,,,
448000,112,0.0,,0.5114476680755615,,,,0.0,,,,,,,,,
452000,113,0.0,,0.5922282934188843,,,,0.0,,,,,,,,,
456000,114,0.0,,0.08510725945234299,,,,0.0,,,,,,,,,
460000,115,0.0,,0.4203311502933502,,,,0.0,,,,,,,,,
464000,116,0.0,,0.3697148859500885,,,,0.0,,,,,,,,,
468000,117,0.0,,0.675797700881958,,,,0.0,,,,,,,,,
472000,118,0.0,,1.1092034578323364,,,,0.0,,,,,,,,,
476000,119,0.0,,0.72394198179245,,,,0.0,,,,,,,,,
480000,120,0.0,,0.9855401515960693,,,,0.0,,,,,,,,,
484000,121,0.0,,0.1091700941324234,,,,0.0,,,,,,,,,
488000,122,0.0,,0.2852858603000641,,,,0.0,,,,,,,,,
492000,123,0.0,,0.7097135782241821,,,,0.0,,,,,,,,,
496000,124,0.0,,0.25982871651649475,,,,0.0,,,,,,,,,
500000,125,0.0,,0.738520622253418,,,,0.0,,,,,,,,,
504000,126,0.0,,0.5562056303024292,,,,0.0,,,,,,,,,
508000,127,0.0,,0.3385370075702667,,,,0.0,,,,,,,,,
512000,128,0.0,,0.6759135723114014,,,,0.0,,,,,,,,,
516000,129,0.0,,0.397014319896698,,,,0.0,,,,,,,,,
520000,130,0.0,,0.6640130281448364,,,,0.0,,,,,,,,,
524000,131,0.0,,0.30445799231529236,,,,0.0,,,,,,,,,
528000,132,0.0,,0.7128394246101379,,,,0.0,,,,,,,,,
532000,133,0.0,,0.4007258415222168,,,,0.0,,,,,,,,,
536000,134,0.0,,0.37033435702323914,,,,0.0,,,,,,,,,
540000,135,0.0,,0.5272770524024963,,,,0.0,,,,,,,,,
544000,136,0.0,,0.7140629887580872,,,,0.0,,,,,,,,,
548000,137,0.0,,0.3741646707057953,,,,0.0,,,,,,,,,
552000,138,0.0,,0.4861617982387543,,,,0.0,,,,,,,,,
556000,139,0.0,,0.4001883566379547,,,,0.0,,,,,,,,,
560000,140,0.0,,0.43094271421432495,,,,0.0,,,,,,,,,
564000,141,0.0,,0.43882209062576294,,,,0.0,,,,,,,,,
568000,142,0.0,,0.0915985032916069,,,,0.0,,,,,,,,,
572000,143,0.0,,0.12558184564113617,,,,0.0,,,,,,,,,
576000,144,0.0,,0.13647295534610748,,,,0.0,,,,,,,,,
580000,145,0.0,,0.4242289066314697,,,,0.0,,,,,,,,,
584000,146,0.0,,0.7506304979324341,,,,0.0,,,,,,,,,
588000,147,0.0,,0.29487428069114685,,,,0.0,,,,,,,,,
592000,148,0.0,,0.33939608931541443,,,,0.0,,,,,,,,,
596000,149,0.125,,1.0800926685333252,,,,0.125,,,,,,,,,
600000,150,0.0,,0.09988627582788467,,,,0.0,,,,,,,,,
604000,151,0.0,,0.43525055050849915,,,,0.0,,,,,,,,,
608000,152,0.0,,0.2457546889781952,,,,0.0,,,,,,,,,
612000,153,0.0,,0.17945773899555206,,,,0.0,,,,,,,,,
616000,154,0.0,,0.741786539554596,,,,0.0,,,,,,,,,
620000,155,0.0,,0.27906081080436707,,,,0.0,,,,,,,,,
624000,156,0.0,,0.4649375379085541,,,,0.0,,,,,,,,,
628000,157,0.0,,0.34206876158714294,,,,0.0,,,,,,,,,
632000,158,0.0,,0.09231532365083694,,,,0.0,,,,,,,,,
636000,159,0.0,,0.28633177280426025,,,,0.0,,,,,,,,,
640000,160,0.0,,0.33665934205055237,,,,0.0,,,,,,,,,
644000,161,0.0,,0.2871862053871155,,,,0.0,,,,,,,,,
648000,162,0.0,,0.2499999701976776,,,,0.0,,,,,,,,,
652000,163,0.0,,0.3977484107017517,,,,0.0,,,,,,,,,
656000,164,0.0,,0.001795971766114235,,,,0.0,,,,,,,,,
660000,165,0.0,,0.0016493259463459253,,,,0.0,,,,,,,,,
664000,166,0.0,,0.3890993595123291,,,,0.0,,,,,,,,,
668000,167,0.0,,0.10468495637178421,,,,0.0,,,,,,,,,
672000,168,0.0,,0.0015803641872480512,,,,0.0,,,,,,,,,
676000,169,0.0,,0.3821617364883423,,,,0.0,,,,,,,,,
680000,170,0.0,,0.328844279050827,,,,0.0,,,,,,,,,
684000,171,0.0,,0.0016777742421254516,,,,0.0,,,,,,,,,
688000,172,0.0,,0.3498038649559021,,,,0.0,,,,,,,,,
692000,173,0.0,,0.00154152512550354,,,,0.0,,,,,,,,,
696000,174,0.0,,0.0014440745580941439,,,,0.0,,,,,,,,,
700000,175,0.0,,0.0014187948545441031,,,,0.0,,,,,,,,,
704000,176,0.0,,0.0014250529929995537,,,,0.0,,,,,,,,,
708000,177,0.0,,0.22186779975891113,,,,0.0,,,,,,,,,
712000,178,0.0,,0.0014708158560097218,,,,0.0,,,,,,,,,
716000,179,0.0,,0.24715545773506165,,,,0.0,,,,,,,,,
720000,180,0.0,,0.4073755145072937,,,,0.0,,,,,,,,,
724000,181,0.0,,0.10975997895002365,,,,0.0,,,,,,,,,
728000,182,0.0,,0.001491157803684473,,,,0.0,,,,,,,,,
732000,183,0.0,,0.001442618202418089,,,,0.0,,,,,,,,,
736000,184,0.0,,0.001357292290776968,,,,0.0,,,,,,,,,
740000,185,0.0,,0.14445506036281586,,,,0.0,,,,,,,,,
744000,186,0.0,,0.0012856126995757222,,,,0.0,,,,,,,,,
748000,187,0.0,,0.001294051529839635,,,,0.0,,,,,,,,,
752000,188,0.0,,0.0012446031905710697,,,,0.0,,,,,,,,,
756000,189,0.0,,0.25676408410072327,,,,0.0,,,,,,,,,
760000,190,0.0,,0.37183016538619995,,,,0.0,,,,,,,,,
764000,191,0.0,,0.0013918421464040875,,,,0.0,,,,,,,,,
768000,192,0.0,,0.001261225901544094,,,,0.0,,,,,,,,,
772000,193,0.0,,0.0011460779933258891,,,,0.0,,,,,,,,,
776000,194,0.0,,0.11509857326745987,,,,0.0,,,,,,,,,
780000,195,0.0,,0.0011890240712091327,,,,0.0,,,,,,,,,
784000,196,0.0,,0.0010784229962155223,,,,0.0,,,,,,,,,
788000,197,0.0,,0.11822722852230072,,,,0.0,,,,,,,,,
792000,198,0.125,,0.0012603526702150702,,,,0.125,,,,,,,,,
796000,199,0.0,,0.0011128814658150077,,,,0.0,,,,,,,,,
800000,200,0.0,,0.0012050839141011238,,,,0.0,,,,,,,,,
804000,201,0.0,,0.0011269792448729277,,,,0.0,,,,,,,,,
808000,202,0.0,,0.06380114704370499,,,,0.0,,,,,,,,,
812000,203,0.0,,0.1809999942779541,,,,0.0,,,,,,,,,
816000,204,0.0,,0.2438611090183258,,,,0.0,,,,,,,,,
820000,205,0.0,,0.0011994072701781988,,,,0.0,,,,,,,,,
824000,206,0.0,,0.001081505324691534,,,,0.0,,,,,,,,,
828000,207,0.0,,0.19562600553035736,,,,0.0,,,,,,,,,
832000,208,0.0,,0.12268110364675522,,,,0.0,,,,,,,,,
836000,209,0.0,,0.1718602329492569,,,,0.0,,,,,,,,,
840000,210,0.0,,0.4464482069015503,,,,0.0,,,,,,,,,
844000,211,0.0,,0.06453975290060043,,,,0.0,,,,,,,,,
848000,212,0.0,,0.0011496975785121322,,,,0.0,,,,,,,,,
852000,213,0.0,,0.0010263746371492743,,,,0.0,,,,,,,,,
856000,214,0.0,,0.18597877025604248,,,,0.0,,,,,,,,,
860000,215,0.0,,0.0009582765633240342,,,,0.0,,,,,,,,,
864000,216,0.0,,0.0009929673979058862,,,,0.0,,,,,,,,,
868000,217,0.0,,0.0010122127132490277,,,,0.0,,,,,,,,,
872000,218,0.0,,0.0009996371809393167,,,,0.0,,,,,,,,,
876000,219,0.0,,0.0010254229418933392,,,,0.0,,,,,,,,,
880000,220,0.0,,0.0009439163841307163,,,,0.0,,,,,,,,,
884000,221,0.0,,0.0009735928615555167,,,,0.0,,,,,,,,,
888000,222,0.0,,0.0009406678145751357,,,,0.0,,,,,,,,,
892000,223,0.0,,0.20661340653896332,,,,0.0,,,,,,,,,
896000,224,0.0,,0.2501467764377594,,,,0.0,,,,,,,,,
900000,225,0.0,,0.0011341667268425226,,,,0.0,,,,,,,,,
904000,226,0.0,,0.0009583728387951851,,,,0.0,,,,,,,,,
908000,227,0.0,,0.33953288197517395,,,,0.0,,,,,,,,,
912000,228,0.0,,0.2341286987066269,,,,0.0,,,,,,,,,
916000,229,0.0,,0.24597634375095367,,,,0.0,,,,,,,,,
920000,230,0.0,,0.0011700940085574985,,,,0.0,,,,,,,,,
924000,231,0.125,,0.25379347801208496,,,,0.125,,,,,,,,,
928000,232,0.0,,0.4258757531642914,,,,0.0,,,,,,,,,
932000,233,0.0,,0.13452830910682678,,,,0.0,,,,,,,,,
936000,234,0.0,,0.0010650763288140297,,,,0.0,,,,,,,,,
940000,235,0.0,,0.001004934310913086,,,,0.0,,,,,,,,,
944000,236,0.0,,0.0010506350081413984,,,,0.0,,,,,,,,,
948000,237,0.0,,0.000976010225713253,,,,0.0,,,,,,,,,
952000,238,0.0,,0.07062843441963196,,,,0.0,,,,,,,,,
956000,239,0.0,,0.3084041476249695,,,,0.0,,,,,,,,,
960000,240,0.0,,0.2503074109554291,,,,0.0,,,,,,,,,
964000,241,0.0,,0.08091071248054504,,,,0.0,,,,,,,,,
968000,242,0.0,,0.13730774819850922,,,,0.0,,,,,,,,,
972000,243,0.0,,0.07550235837697983,,,,0.0,,,,,,,,,
976000,244,0.0,,0.1969756782054901,,,,0.0,,,,,,,,,
980000,245,0.0,,0.0009818284306675196,,,,0.0,,,,,,,,,
984000,246,0.0,,0.07975447922945023,,,,0.0,,,,,,,,,
988000,247,0.0,,0.0009593623108230531,,,,0.0,,,,,,,,,
992000,248,0.0,,0.20730794966220856,,,,0.0,,,,,,,,,
996000,249,0.0,,0.7663130760192871,,,,0.0,,,,,,,,,
1000000,250,0.0,,0.0011623671744018793,,,,0.0,,,,,,,,,
1004000,251,0.0,,0.0011661414755508304,,,,0.0,,,,,,,,,
1008000,252,0.0,,0.001029455685056746,,,,0.0,,,,,,,,,
1012000,253,0.0,,0.0008559921989217401,,,,0.0,,,,,,,,,
1016000,254,0.125,,0.07572194188833237,,,,0.125,,,,,,,,,
1020000,255,0.0,,0.4138029217720032,,,,0.0,,,,,,,,,
1024000,256,0.0,,0.5258664488792419,,,,0.0,,,,,,,,,
1028000,257,0.0,,0.2952769696712494,,,,0.0,,,,,,,,,
1032000,258,0.0,,0.23099423944950104,,,,0.0,,,,,,,,,
1036000,259,0.0,,0.14462810754776,,,,0.0,,,,,,,,,
1040000,260,0.0,,0.2527334988117218,,,,0.0,,,,,,,,,
1044000,261,0.0,,0.2888360023498535,,,,0.0,,,,,,,,,
1048000,262,0.0,,0.7004736661911011,,,,0.0,,,,,,,,,
1052000,263,0.25,,0.30788230895996094,,,,0.25,,,,,,,,,
1056000,264,0.0,,0.14439953863620758,,,,0.0,,,,,,,,,
1060000,265,0.0,,1.0868446826934814,,,,0.0,,,,,,,,,
1064000,266,0.0,,0.14840370416641235,,,,0.0,,,,,,,,,
1068000,267,0.0,,0.2215433567762375,,,,0.0,,,,,,,,,
1072000,268,0.0,,0.003916699439287186,,,,0.0,,,,,,,,,
1076000,269,0.0,,0.2915692627429962,,,,0.0,,,,,,,,,
1080000,270,0.0,,0.0031704087741672993,,,,0.0,,,,,,,,,
1084000,271,0.0,,0.24315862357616425,,,,0.0,,,,,,,,,
1088000,272,0.0,,0.002132377354428172,,,,0.0,,,,,,,,,
1092000,273,0.0,,0.1656385064125061,,,,0.0,,,,,,,,,
1096000,274,0.0,,0.07840648293495178,,,,0.0,,,,,,,,,
1100000,275,0.0,,0.0014592059887945652,,,,0.0,,,,,,,,,
1104000,276,0.0,,0.07332802563905716,,,,0.0,,,,,,,,,
1108000,277,0.0,,0.3216467797756195,,,,0.0,,,,,,,,,
1112000,278,0.0,,0.4939318299293518,,,,0.0,,,,,,,,,
1116000,279,0.0,,0.48391419649124146,,,,0.0,,,,,,,,,
1120000,280,0.0,,0.0017738782335072756,,,,0.0,,,,,,,,,
1124000,281,0.0,,0.0014838587958365679,,,,0.0,,,,,,,,,
1128000,282,0.125,,0.14113308489322662,,,,0.125,,,,,,,,,
1132000,283,0.0,,0.25388407707214355,,,,0.0,,,,,,,,,
1136000,284,0.0,,0.22963081300258636,,,,0.0,,,,,,,,,
1140000,285,0.0,,0.0012941596796736121,,,,0.0,,,,,,,,,
1144000,286,0.0,,0.15441808104515076,,,,0.0,,,,,,,,,
1148000,287,0.0,,0.0009757602820172906,,,,0.0,,,,,,,,,
1152000,288,0.0,,0.5755341053009033,,,,0.0,,,,,,,,,
1156000,289,0.0,,0.4113492965698242,,,,0.0,,,,,,,,,
1160000,290,0.0,,0.1577334851026535,,,,0.0,,,,,,,,,
1164000,291,0.0,,0.0011925038415938616,,,,0.0,,,,,,,,,
1168000,292,0.0,,0.3252706527709961,,,,0.0,,,,,,,,,
1172000,293,0.0,,0.0012173829600214958,,,,0.0,,,,,,,,,
1176000,294,0.0,,0.31910067796707153,,,,0.0,,,,,,,,,
1180000,295,0.0,,0.0010708777699619532,,,,0.0,,,,,,,,,
1184000,296,0.0,,0.0011399011127650738,,,,0.0,,,,,,,,,
1188000,297,0.0,,0.001019897754304111,,,,0.0,,,,,,,,,
1192000,298,0.0,,0.0008570378413423896,,,,0.0,,,,,,,,,
1196000,299,0.0,,0.5190833806991577,,,,0.0,,,,,,,,,
1200000,300,0.0,,1.272351622581482,,,,0.0,,,,,,,,,
1204000,301,0.125,,0.805260956287384,,,,0.125,,,,,,,,,
1208000,302,0.0,,0.45237863063812256,,,,0.0,,,,,,,,,
1212000,303,0.0,,0.2780310809612274,,,,0.0,,,,,,,,,
1216000,304,0.0,,0.17017506062984467,,,,0.0,,,,,,,,,
1220000,305,0.0,,0.0021842624992132187,,,,0.0,,,,,,,,,
1224000,306,0.0,,0.0019643944688141346,,,,0.0,,,,,,,,,
1228000,307,0.0,,0.0781475305557251,,,,0.0,,,,,,,,,
1232000,308,0.0,,0.13374704122543335,,,,0.0,,,,,,,,,
1236000,309,0.0,,0.35500675439834595,,,,0.0,,,,,,,,,
1240000,310,0.0,,0.7537496089935303,,,,0.0,,,,,,,,,
1244000,311,0.0,,0.30339473485946655,,,,0.0,,,,,,,,,
1248000,312,0.0,,0.25105708837509155,,,,0.0,,,,,,,,,
1252000,313,0.0,,0.8277320265769958,,,,0.0,,,,,,,,,
1256000,314,0.0,,0.16702105104923248,,,,0.0,,,,,,,,,
1260000,315,0.0,,0.5984576344490051,,,,0.0,,,,,,,,,
1264000,316,0.0,,0.001476138480938971,,,,0.0,,,,,,,,,
1268000,317,0.0,,0.4706256091594696,,,,0.0,,,,,,,,,
1272000,318,0.0,,0.16577860713005066,,,,0.0,,,,,,,,,
1276000,319,0.0,,0.14495782554149628,,,,0.0,,,,,,,,,
1280000,320,0.0,,0.3932042717933655,,,,0.0,,,,,,,,,
1284000,321,0.0,,0.3808964192867279,,,,0.0,,,,,,,,,
1288000,322,0.0,,0.2630063593387604,,,,0.0,,,,,,,,,
1292000,323,0.0,,0.624501645565033,,,,0.0,,,,,,,,,
1296000,324,0.0,,0.4196869432926178,,,,0.0,,,,,,,,,
1300000,325,0.0,,0.644834041595459,,,,0.0,,,,,,,,,
1304000,326,0.0,,0.15762387216091156,,,,0.0,,,,,,,,,
1308000,327,0.0,,0.0018803083803504705,,,,0.0,,,,,,,,,
1312000,328,0.0,,0.6762134432792664,,,,0.0,,,,,,,,,
1316000,329,0.0,,0.26996293663978577,,,,0.0,,,,,,,,,
1320000,330,0.0,,1.294011116027832,,,,0.0,,,,,,,,,
1324000,331,0.0,,0.002316597383469343,,,,0.0,,,,,,,,,
1328000,332,0.125,,1.0485278367996216,,,,0.125,,,,,,,,,
1332000,333,0.0,,0.33099639415740967,,,,0.0,,,,,,,,,
1336000,334,0.125,,0.09703726321458817,,,,0.125,,,,,,,,,
1340000,335,0.0,,0.7872095704078674,,,,0.0,,,,,,,,,
1344000,336,0.0,,0.0022292579524219036,,,,0.0,,,,,,,,,
1348000,337,0.0,,0.5479519367218018,,,,0.0,,,,,,,,,
1352000,338,0.0,,0.0018450019415467978,,,,0.0,,,,,,,,,
1356000,339,0.0,,0.0014832655433565378,,,,0.0,,,,,,,,,
1360000,340,0.0,,0.09880058467388153,,,,0.0,,,,,,,,,
1364000,341,0.0,,0.0012910538353025913,,,,0.0,,,,,,,,,
1368000,342,0.0,,0.3024601638317108,,,,0.0,,,,,,,,,
1372000,343,0.0,,1.0442783832550049,,,,0.0,,,,,,,,,
1376000,344,0.0,,0.3596162796020508,,,,0.0,,,,,,,,,
1380000,345,0.0,,0.002030311618000269,,,,0.0,,,,,,,,,
1384000,346,0.0,,0.17024727165699005,,,,0.0,,,,,,,,,
1388000,347,0.125,,0.2586703300476074,,,,0.125,,,,,,,,,
1392000,348,0.125,,0.08725588768720627,,,,0.125,,,,,,,,,
1396000,349,0.0,,0.5398064255714417,,,,0.0,,,,,,,,,
1400000,350,0.0,,0.4659208655357361,,,,0.0,,,,,,,,,
1404000,351,0.125,,0.43915945291519165,,,,0.125,,,,,,,,,
1408000,352,0.0,,1.450223445892334,,,,0.0,,,,,,,,,
1412000,353,0.125,,0.002057053614407778,,,,0.125,,,,,,,,,
1416000,354,0.0,,0.5674619674682617,,,,0.0,,,,,,,,,
1420000,355,0.0,,0.8466053009033203,,,,0.0,,,,,,,,,
1424000,356,0.0,,0.9962352514266968,,,,0.0,,,,,,,,,
1428000,357,0.0,,1.0126389265060425,,,,0.0,,,,,,,,,
1432000,358,0.0,,0.5225554704666138,,,,0.0,,,,,,,,,
1436000,359,0.0,,1.151904821395874,,,,0.0,,,,,,,,,
1440000,360,0.0,,0.1090850904583931,,,,0.0,,,,,,,,,
1444000,361,0.0,,0.003924106247723103,,,,0.0,,,,,,,,,
1448000,362,0.0,,0.8330874443054199,,,,0.0,,,,,,,,,
1452000,363,0.0,,0.17196692526340485,,,,0.0,,,,,,,,,
1456000,364,0.0,,1.973046064376831,,,,0.0,,,,,,,,,
1460000,365,0.0,,0.491096168756485,,,,0.0,,,,,,,,,
1464000,366,0.0,,1.7249181270599365,,,,0.0,,,,,,,,,
1468000,367,0.0,,0.6748334169387817,,,,0.0,,,,,,,,,
1472000,368,0.0,,0.27247944474220276,,,,0.0,,,,,,,,,
1476000,369,0.0,,0.003157030325382948,,,,0.0,,,,,,,,,
1480000,370,0.0,,0.4393087923526764,,,,0.0,,,,,,,,,
1484000,371,0.0,,0.26599374413490295,,,,0.0,,,,,,,,,
1488000,372,0.0,,0.62464439868927,,,,0.0,,,,,,,,,
1492000,373,0.0,,0.49962857365608215,,,,0.0,,,,,,,,,
1496000,374,0.0,,0.0021816235966980457,,,,0.0,,,,,,,,,
1500000,375,0.0,,1.2066993713378906,,,,0.0,,,,,,,,,
1504000,376,0.0,,1.2163010835647583,,,,0.0,,,,,,,,,
1508000,377,0.0,,1.855893611907959,,,,0.0,,,,,,,,,
1512000,378,0.125,,0.40065494179725647,,,,0.125,,,,,,,,,
1516000,379,0.0,,0.8131596446037292,,,,0.0,,,,,,,,,
1520000,380,0.0,,0.573920488357544,,,,0.0,,,,,,,,,
1524000,381,0.0,,0.701458752155304,,,,0.0,,,,,,,,,
1528000,382,0.0,,0.6907529234886169,,,,0.0,,,,,,,,,
1532000,383,0.0,,1.0547748804092407,,,,0.0,,,,,,,,,
1536000,384,0.0,,0.4691854417324066,,,,0.0,,,,,,,,,
1540000,385,0.0,,0.8714882731437683,,,,0.0,,,,,,,,,
1544000,386,0.0,,1.1054471731185913,,,,0.0,,,,,,,,,
1548000,387,0.0,,0.722999632358551,,,,0.0,,,,,,,,,
1552000,388,0.0,,0.2801831066608429,,,,0.0,,,,,,,,,
1556000,389,0.0,,0.10299235582351685,,,,0.0,,,,,,,,,
1560000,390,0.0,,0.3772552013397217,,,,0.0,,,,,,,,,
1564000,391,0.0,,0.5682607293128967,,,,0.0,,,,,,,,,
1568000,392,0.0,,0.6114687323570251,,,,0.0,,,,,,,,,
1572000,393,0.0,,0.3066409230232239,,,,0.0,,,,,,,,,
1576000,394,0.0,,0.5805118083953857,,,,0.0,,,,,,,,,
1580000,395,0.0,,0.200574591755867,,,,0.0,,,,,,,,,
1584000,396,0.0,,0.28535526990890503,,,,0.0,,,,,,,,,
1588000,397,0.0,,0.3731248080730438,,,,0.0,,,,,,,,,
1592000,398,0.125,,1.0911288261413574,,,,0.125,,,,,,,,,
1596000,399,0.125,,0.8124446868896484,,,,0.125,,,,,,,,,
1600000,400,0.0,,1.1747252941131592,,,,0.0,,,,,,,,,
1604000,401,0.0,,0.6855998039245605,,,,0.0,,,,,,,,,
1608000,402,0.0,,1.2796136140823364,,,,0.0,,,,,,,,,
1612000,403,0.0,,0.37199562788009644,,,,0.0,,,,,,,,,
1616000,404,0.0,,0.897820234298706,,,,0.0,,,,,,,,,
1620000,405,0.0,,1.0231181383132935,,,,0.0,,,,,,,,,
1624000,406,0.0,,0.198136106133461,,,,0.0,,,,,,,,,
1628000,407,0.0,,1.3470897674560547,,,,0.0,,,,,,,,,
1632000,408,0.125,,0.47862061858177185,,,,0.125,,,,,,,,,
1636000,409,0.0,,0.6594974398612976,,,,0.0,,,,,,,,,
1640000,410,0.0,,0.19764597713947296,,,,0.0,,,,,,,,,
1644000,411,0.0,,0.9290369153022766,,,,0.0,,,,,,,,,
1648000,412,0.0,,0.398007333278656,,,,0.0,,,,,,,,,
1652000,413,0.0,,0.0026031595189124346,,,,0.0,,,,,,,,,
1656000,414,0.0,,0.5618749856948853,,,,0.0,,,,,,,,,
1660000,415,0.0,,0.9255034923553467,,,,0.0,,,,,,,,,
1664000,416,0.0,,1.0411747694015503,,,,0.0,,,,,,,,,
1668000,417,0.0,,0.6582816243171692,,,,0.0,,,,,,,,,
1672000,418,0.0,,0.5415543913841248,,,,0.0,,,,,,,,,
1676000,419,0.0,,0.4938942790031433,,,,0.0,,,,,,,,,
1680000,420,0.125,,0.4015119969844818,,,,0.125,,,,,,,,,
1684000,421,0.0,,0.17892053723335266,,,,0.0,,,,,,,,,
1688000,422,0.125,,0.18558639287948608,,,,0.125,,,,,,,,,
1692000,423,0.0,,0.0023499566596001387,,,,0.0,,,,,,,,,
1696000,424,0.0,,0.5719990730285645,,,,0.0,,,,,,,,,
1700000,425,0.0,,1.581610918045044,,,,0.0,,,,,,,,,
1704000,426,0.0,,1.049627423286438,,,,0.0,,,,,,,,,
1708000,427,0.0,,0.3618166148662567,,,,0.0,,,,,,,,,
1712000,428,0.0,,0.2967625558376312,,,,0.0,,,,,,,,,
1716000,429,0.0,,2.055325984954834,,,,0.0,,,,,,,,,
1720000,430,0.0,,0.7946321368217468,,,,0.0,,,,,,,,,
1724000,431,0.125,,0.40842896699905396,,,,0.125,,,,,,,,,
1728000,432,0.0,,1.2865453958511353,,,,0.0,,,,,,,,,
1732000,433,0.0,,0.386033296585083,,,,0.0,,,,,,,,,
1736000,434,0.0,,1.426768183708191,,,,0.0,,,,,,,,,
1740000,435,0.0,,0.527776837348938,,,,0.0,,,,,,,,,
1744000,436,0.125,,0.9486879706382751,,,,0.125,,,,,,,,,
1748000,437,0.0,,0.0035548852756619453,,,,0.0,,,,,,,,,
1752000,438,0.0,,0.4636209011077881,,,,0.0,,,,,,,,,
1756000,439,0.0,,0.38108396530151367,,,,0.0,,,,,,,,,
1760000,440,0.0,,1.5575292110443115,,,,0.0,,,,,,,,,
1764000,441,0.0,,1.314287543296814,,,,0.0,,,,,,,,,
1768000,442,0.0,,0.19944962859153748,,,,0.0,,,,,,,,,
1772000,443,0.0,,1.203747034072876,,,,0.0,,,,,,,,,
1776000,444,0.125,,1.0837054252624512,,,,0.125,,,,,,,,,
1780000,445,0.0,,1.2307137250900269,,,,0.0,,,,,,,,,
1784000,446,0.0,,0.6439498662948608,,,,0.0,,,,,,,,,
1788000,447,0.0,,0.7129682302474976,,,,0.0,,,,,,,,,
1792000,448,0.0,,0.393853098154068,,,,0.0,,,,,,,,,
1796000,449,0.0,,1.332033634185791,,,,0.0,,,,,,,,,
1800000,450,0.0,,0.7023760676383972,,,,0.0,,,,,,,,,
1804000,451,0.0,,1.3131312131881714,,,,0.0,,,,,,,,,
1808000,452,0.0,,0.951083779335022,,,,0.0,,,,,,,,,
1812000,453,0.0,,1.9314604997634888,,,,0.0,,,,,,,,,
1816000,454,0.0,,0.7001272439956665,,,,0.0,,,,,,,,,
1820000,455,0.0,,0.6660321950912476,,,,0.0,,,,,,,,,
1824000,456,0.0,,1.534893274307251,,,,0.0,,,,,,,,,
1828000,457,0.0,,0.40056079626083374,,,,0.0,,,,,,,,,
1832000,458,0.125,,1.4708197116851807,,,,0.125,,,,,,,,,
1836000,459,0.0,,1.0943330526351929,,,,0.0,,,,,,,,,
1840000,460,0.25,,0.6023110151290894,,,,0.25,,,,,,,,,
1844000,461,0.0,,0.8107957243919373,,,,0.0,,,,,,,,,
1848000,462,0.0,,1.6780002117156982,,,,0.0,,,,,,,,,
1852000,463,0.125,,2.2679519653320312,,,,0.125,,,,,,,,,
1856000,464,0.0,,0.5237957239151001,,,,0.0,,,,,,,,,
1860000,465,0.0,,0.32220444083213806,,,,0.0,,,,,,,,,
1864000,466,0.0,,0.6015291213989258,,,,0.0,,,,,,,,,
1868000,467,0.0,,0.7697197198867798,,,,0.0,,,,,,,,,
1872000,468,0.0,,1.9730218648910522,,,,0.0,,,,,,,,,
1876000,469,0.0,,0.8081874847412109,,,,0.0,,,,,,,,,
1880000,470,0.0,,0.5949617028236389,,,,0.0,,,,,,,,,
1884000,471,0.0,,0.5867970585823059,,,,0.0,,,,,,,,,
1888000,472,0.0,,0.8691412210464478,,,,0.0,,,,,,,,,
1892000,473,0.0,,0.6119990944862366,,,,0.0,,,,,,,,,
1896000,474,0.0,,0.590948760509491,,,,0.0,,,,,,,,,
1900000,475,0.0,,0.6213342547416687,,,,0.0,,,,,,,,,
1904000,476,0.0,,0.7570122480392456,,,,0.0,,,,,,,,,
1908000,477,0.0,,0.3658219873905182,,,,0.0,,,,,,,,,
1912000,478,0.0,,0.6686764359474182,,,,0.0,,,,,,,,,
1916000,479,0.0,,0.40913254022598267,,,,0.0,,,,,,,,,
1920000,480,0.0,,0.9132184982299805,,,,0.0,,,,,,,,,
1924000,481,0.0,,1.956940770149231,,,,0.0,,,,,,,,,
1928000,482,0.0,,0.19487784802913666,,,,0.0,,,,,,,,,
1932000,483,0.0,,0.9373973608016968,,,,0.0,,,,,,,,,
1936000,484,0.125,,0.737633466720581,,,,0.125,,,,,,,,,
1940000,485,0.0,,1.3077571392059326,,,,0.0,,,,,,,,,
1944000,486,0.0,,1.704376459121704,,,,0.0,,,,,,,,,
1948000,487,0.0,,0.7888972759246826,,,,0.0,,,,,,,,,
1952000,488,0.0,,1.4645161628723145,,,,0.0,,,,,,,,,
1956000,489,0.0,,0.7692430019378662,,,,0.0,,,,,,,,,
1960000,490,0.0,,1.464184045791626,,,,0.0,,,,,,,,,
1964000,491,0.0,,1.2774715423583984,,,,0.0,,,,,,,,,
1968000,492,0.0,,0.8636276721954346,,,,0.0,,,,,,,,,
1972000,493,0.125,,0.31379207968711853,,,,0.125,,,,,,,,,
1976000,494,0.0,,0.7724471092224121,,,,0.0,,,,,,,,,
1980000,495,0.0,,0.9784882664680481,,,,0.0,,,,,,,,,
1984000,496,0.0,,0.10381530970335007,,,,0.0,,,,,,,,,
1988000,497,0.125,,1.7638280391693115,,,,0.125,,,,,,,,,
1992000,498,0.0,,2.7210211753845215,,,,0.0,,,,,,,,,
1996000,499,0.0,,1.122586965560913,,,,0.0,,,,,,,,,
2000000,500,0.0,,1.3290512561798096,,,,0.0,,,,,,,,,
2004000,501,0.0,,2.26594614982605,,,,0.0,,,,,,,,,
2008000,502,0.0,,0.3875807821750641,,,,0.0,,,,,,,,,
2012000,503,0.0,,1.1809345483779907,,,,0.0,,,,,,,,,
2016000,504,0.0,,1.289400339126587,,,,0.0,,,,,,,,,
2020000,505,0.0,,0.859967827796936,,,,0.0,,,,,,,,,
2024000,506,0.0,,1.212859034538269,,,,0.0,,,,,,,,,
2028000,507,0.0,,0.8358786106109619,,,,0.0,,,,,,,,,
2032000,508,0.0,,1.0283869504928589,,,,0.0,,,,,,,,,
2036000,509,0.125,,1.909336805343628,,,,0.125,,,,,,,,,
2040000,510,0.0,,1.5384013652801514,,,,0.0,,,,,,,,,
2044000,511,0.0,,0.8576084971427917,,,,0.0,,,,,,,,,
2048000,512,0.0,,1.958099603652954,,,,0.0,,,,,,,,,
2052000,513,0.0,,0.7273359298706055,,,,0.0,,,,,,,,,
2056000,514,0.0,,1.1445246934890747,,,,0.0,,,,,,,,,
2060000,515,0.0,,0.9387622475624084,,,,0.0,,,,,,,,,
2064000,516,0.125,,1.0960497856140137,,,,0.125,,,,,,,,,
2068000,517,0.0,,1.7536336183547974,,,,0.0,,,,,,,,,
2072000,518,0.0,,0.8180169463157654,,,,0.0,,,,,,,,,
2076000,519,0.0,,1.1829676628112793,,,,0.0,,,,,,,,,
2080000,520,0.0,,0.3780611753463745,,,,0.0,,,,,,,,,
2084000,521,0.0,,1.4210550785064697,,,,0.0,,,,,,,,,
2088000,522,0.0,,0.834646463394165,,,,0.0,,,,,,,,,
2092000,523,0.0,,0.6285043358802795,,,,0.0,,,,,,,,,
2096000,524,0.0,,0.37797027826309204,,,,0.0,,,,,,,,,
2100000,525,0.0,,0.5400192737579346,,,,0.0,,,,,,,,,
2104000,526,0.0,,1.0665159225463867,,,,0.0,,,,,,,,,
2108000,527,0.0,,2.0678038597106934,,,,0.0,,,,,,,,,
2112000,528,0.0,,0.7665780186653137,,,,0.0,,,,,,,,,
2116000,529,0.0,,0.3996883034706116,,,,0.0,,,,,,,,,
2120000,530,0.0,,1.3334598541259766,,,,0.0,,,,,,,,,
2124000,531,0.125,,0.3843684792518616,,,,0.125,,,,,,,,,
2128000,532,0.0,,0.8227591514587402,,,,0.0,,,,,,,,,
2132000,533,0.0,,3.3121285438537598,,,,0.0,,,,,,,,,
2136000,534,0.0,,0.011907268315553665,,,,0.0,,,,,,,,,
2140000,535,0.0,,0.3880327343940735,,,,0.0,,,,,,,,,
2144000,536,0.0,,0.5252763032913208,,,,0.0,,,,,,,,,
2148000,537,0.0,,1.6552925109863281,,,,0.0,,,,,,,,,
2152000,538,0.0,,0.6292723417282104,,,,0.0,,,,,,,,,
2156000,539,0.125,,0.44198793172836304,,,,0.125,,,,,,,,,
2160000,540,0.0,,0.6073625683784485,,,,0.0,,,,,,,,,
2164000,541,0.0,,0.7788600921630859,,,,0.0,,,,,,,,,
2168000,542,0.125,,0.9750845432281494,,,,0.125,,,,,,,,,
2172000,543,0.0,,1.693784236907959,,,,0.0,,,,,,,,,
2176000,544,0.125,,0.9678723216056824,,,,0.125,,,,,,,,,
2180000,545,0.0,,1.009798288345337,,,,0.0,,,,,,,,,
2184000,546,0.0,,1.441927194595337,,,,0.0,,,,,,,,,
2188000,547,0.125,,0.6582636833190918,,,,0.125,,,,,,,,,
2192000,548,0.0,,1.289027452468872,,,,0.0,,,,,,,,,
2196000,549,0.125,,0.49259209632873535,,,,0.125,,,,,,,,,
2200000,550,0.125,,0.4983958601951599,,,,0.125,,,,,,,,,
2204000,551,0.0,,0.8170228004455566,,,,0.0,,,,,,,,,
2208000,552,0.125,,0.5518364310264587,,,,0.125,,,,,,,,,
2212000,553,0.0,,1.0447373390197754,,,,0.0,,,,,,,,,
2216000,554,0.0,,0.4860231876373291,,,,0.0,,,,,,,,,
2220000,555,0.125,,0.7906298637390137,,,,0.125,,,,,,,,,
2224000,556,0.0,,0.9609025120735168,,,,0.0,,,,,,,,,
2228000,557,0.125,,0.872830867767334,,,,0.125,,,,,,,,,
2232000,558,0.25,,1.7966327667236328,,,,0.25,,,,,,,,,
2236000,559,0.0,,1.0313664674758911,,,,0.0,,,,,,,,,
2240000,560,0.0,,0.9449671506881714,,,,0.0,,,,,,,,,
2244000,561,0.0,,2.1898014545440674,,,,0.0,,,,,,,,,
2248000,562,0.0,,0.7004457712173462,,,,0.0,,,,,,,,,
2252000,563,0.0,,1.2788077592849731,,,,0.0,,,,,,,,,
2256000,564,0.0,,0.33282041549682617,,,,0.0,,,,,,,,,
2260000,565,0.0,,0.9614355564117432,,,,0.0,,,,,,,,,
2264000,566,0.0,,1.29463791847229,,,,0.0,,,,,,,,,
2268000,567,0.125,,1.141994595527649,,,,0.125,,,,,,,,,
2272000,568,0.0,,1.170952320098877,,,,0.0,,,,,,,,,
2276000,569,0.0,,1.649950385093689,,,,0.0,,,,,,,,,
2280000,570,0.0,,2.215470790863037,,,,0.0,,,,,,,,,
2284000,571,0.0,,2.3712027072906494,,,,0.0,,,,,,,,,
2288000,572,0.0,,1.9439349174499512,,,,0.0,,,,,,,,,
2292000,573,0.0,,2.6014208793640137,,,,0.0,,,,,,,,,
2296000,574,0.0,,1.071458339691162,,,,0.0,,,,,,,,,
2300000,575,0.125,,0.9614542126655579,,,,0.125,,,,,,,,,
2304000,576,0.0,,2.0194928646087646,,,,0.0,,,,,,,,,
2308000,577,0.0,,2.1390419006347656,,,,0.0,,,,,,,,,
2312000,578,0.0,,1.5729336738586426,,,,0.0,,,,,,,,,
2316000,579,0.0,,0.46333831548690796,,,,0.0,,,,,,,,,
2320000,580,0.0,,1.3071236610412598,,,,0.0,,,,,,,,,
2324000,581,0.0,,1.39106285572052,,,,0.0,,,,,,,,,
2328000,582,0.125,,1.1577517986297607,,,,0.125,,,,,,,,,
2332000,583,0.25,,1.1894893646240234,,,,0.25,,,,,,,,,
2336000,584,0.0,,0.6049574613571167,,,,0.0,,,,,,,,,
2340000,585,0.25,,2.0379953384399414,,,,0.25,,,,,,,,,
2344000,586,0.0,,1.0644723176956177,,,,0.0,,,,,,,,,
2348000,587,0.0,,1.274592399597168,,,,0.0,,,,,,,,,
2352000,588,0.125,,2.452071189880371,,,,0.125,,,,,,,,,
2356000,589,0.125,,1.6541929244995117,,,,0.125,,,,,,,,,
2360000,590,0.0,,1.691361427307129,,,,0.0,,,,,,,,,
2364000,591,0.0,,1.2028546333312988,,,,0.0,,,,,,,,,
2368000,592,0.0,,1.3679368495941162,,,,0.0,,,,,,,,,
2372000,593,0.0,,2.214113712310791,,,,0.0,,,,,,,,,
2376000,594,0.125,,1.112909197807312,,,,0.125,,,,,,,,,
2380000,595,0.125,,1.6247291564941406,,,,0.125,,,,,,,,,
2384000,596,0.125,,1.4636582136154175,,,,0.125,,,,,,,,,
2388000,597,0.0,,1.7221543788909912,,,,0.0,,,,,,,,,
2392000,598,0.0,,3.2785260677337646,,,,0.0,,,,,,,,,
2396000,599,0.0,,2.293553352355957,,,,0.0,,,,,,,,,
2400000,600,0.0,,1.7064592838287354,,,,0.0,,,,,,,,,
2404000,601,0.0,,1.9740002155303955,,,,0.0,,,,,,,,,
2408000,602,0.375,,2.0615992546081543,,,,0.375,,,,,,,,,
2412000,603,0.125,,1.726433515548706,,,,0.125,,,,,,,,,
2416000,604,0.0,,2.4470927715301514,,,,0.0,,,,,,,,,
2420000,605,0.0,,1.753151297569275,,,,0.0,,,,,,,,,
2424000,606,0.0,,2.5539133548736572,,,,0.0,,,,,,,,,
2428000,607,0.125,,1.9779609441757202,,,,0.125,,,,,,,,,
2432000,608,0.0,,1.931086540222168,,,,0.0,,,,,,,,,
2436000,609,0.25,,1.2619414329528809,,,,0.25,,,,,,,,,
2440000,610,0.125,,2.6256191730499268,,,,0.125,,,,,,,,,
2444000,611,0.0,,1.617002248764038,,,,0.0,,,,,,,,,
2448000,612,0.125,,1.567540168762207,,,,0.125,,,,,,,,,
2452000,613,0.0,,1.674454927444458,,,,0.0,,,,,,,,,
2456000,614,0.0,,3.1411194801330566,,,,0.0,,,,,,,,,
2460000,615,0.125,,2.6687324047088623,,,,0.125,,,,,,,,,
2464000,616,0.125,,1.4397003650665283,,,,0.125,,,,,,,,,
2468000,617,0.0,,2.0250613689422607,,,,0.0,,,,,,,,,
2472000,618,0.0,,1.2932488918304443,,,,0.0,,,,,,,,,
2476000,619,0.125,,1.4701217412948608,,,,0.125,,,,,,,,,
2480000,620,0.0,,0.9421379566192627,,,,0.0,,,,,,,,,
2484000,621,0.0,,2.2416396141052246,,,,0.0,,,,,,,,,
2488000,622,0.125,,1.0458916425704956,,,,0.125,,,,,,,,,
2492000,623,0.125,,2.1766114234924316,,,,0.125,,,,,,,,,
2496000,624,0.0,,2.144988536834717,,,,0.0,,,,,,,,,
2500000,625,0.0,,2.8999948501586914,,,,0.0,,,,,,,,,
2504000,626,0.125,,1.457019567489624,,,,0.125,,,,,,,,,
2508000,627,0.0,,2.293074607849121,,,,0.0,,,,,,,,,
2512000,628,0.0,,3.0485286712646484,,,,0.0,,,,,,,,,
2516000,629,0.0,,2.7275516986846924,,,,0.0,,,,,,,,,
2520000,630,0.125,,3.3193066120147705,,,,0.125,,,,,,,,,
2524000,631,0.0,,2.145263433456421,,,,0.0,,,,,,,,,
2528000,632,0.125,,1.9248237609863281,,,,0.125,,,,,,,,,
2532000,633,0.0,,2.028467893600464,,,,0.0,,,,,,,,,
2536000,634,0.0,,1.3737750053405762,,,,0.0,,,,,,,,,
2540000,635,0.0,,2.421922206878662,,,,0.0,,,,,,,,,
2544000,636,0.0,,1.6390595436096191,,,,0.0,,,,,,,,,
2548000,637,0.125,,1.3561371564865112,,,,0.125,,,,,,,,,
2552000,638,0.375,,5.150460720062256,,,,0.375,,,,,,,,,
2556000,639,0.25,,2.748804807662964,,,,0.25,,,,,,,,,
2560000,640,0.0,,2.0017547607421875,,,,0.0,,,,,,,,,
2564000,641,0.0,,2.949777841567993,,,,0.0,,,,,,,,,
2568000,642,0.125,,1.9743003845214844,,,,0.125,,,,,,,,,
2572000,643,0.0,,2.0600571632385254,,,,0.0,,,,,,,,,
2576000,644,0.0,,3.0105581283569336,,,,0.0,,,,,,,,,
2580000,645,0.0,,4.034115314483643,,,,0.0,,,,,,,,,
2584000,646,0.125,,3.566270351409912,,,,0.125,,,,,,,,,
2588000,647,0.0,,3.3326945304870605,,,,0.0,,,,,,,,,
2592000,648,0.0,,1.7853617668151855,,,,0.0,,,,,,,,,
2596000,649,0.125,,1.5182216167449951,,,,0.125,,,,,,,,,
2600000,650,0.0,,3.2036046981811523,,,,0.0,,,,,,,,,
2604000,651,0.0,,2.2855896949768066,,,,0.0,,,,,,,,,
2608000,652,0.0,,1.5640872716903687,,,,0.0,,,,,,,,,
2612000,653,0.125,,2.1543004512786865,,,,0.125,,,,,,,,,
2616000,654,0.125,,3.578733444213867,,,,0.125,,,,,,,,,
2620000,655,0.125,,3.1839332580566406,,,,0.125,,,,,,,,,
2624000,656,0.625,,2.535220146179199,,,,0.625,,,,,,,,,
2628000,657,0.0,,1.993748664855957,,,,0.0,,,,,,,,,
2632000,658,0.0,,3.0300588607788086,,,,0.0,,,,,,,,,
2636000,659,0.0,,4.47072172164917,,,,0.0,,,,,,,,,
2640000,660,0.25,,2.3211631774902344,,,,0.25,,,,,,,,,
2644000,661,0.125,,3.4093427658081055,,,,0.125,,,,,,,,,
2648000,662,0.0,,4.124285697937012,,,,0.0,,,,,,,,,
2652000,663,0.25,,3.8394827842712402,,,,0.25,,,,,,,,,
2656000,664,0.0,,3.402082681655884,,,,0.0,,,,,,,,,
2660000,665,0.125,,3.5074710845947266,,,,0.125,,,,,,,,,
2664000,666,0.0,,2.1879501342773438,,,,0.0,,,,,,,,,
2668000,667,0.0,,4.5030131340026855,,,,0.0,,,,,,,,,
2672000,668,0.0,,3.310147285461426,,,,0.0,,,,,,,,,
2676000,669,0.25,,2.479010581970215,,,,0.25,,,,,,,,,
2680000,670,0.0,,2.682915210723877,,,,0.0,,,,,,,,,
2684000,671,0.0,,1.921811580657959,,,,0.0,,,,,,,,,
2688000,672,0.0,,2.396428108215332,,,,0.0,,,,,,,,,
2692000,673,0.0,,3.2439658641815186,,,,0.0,,,,,,,,,
2696000,674,0.0,,3.097813606262207,,,,0.0,,,,,,,,,
2700000,675,0.0,,3.310025691986084,,,,0.0,,,,,,,,,
2704000,676,0.0,,3.1921677589416504,,,,0.0,,,,,,,,,
2708000,677,0.125,,2.207057476043701,,,,0.125,,,,,,,,,
2712000,678,0.0,,2.02276611328125,,,,0.0,,,,,,,,,
2716000,679,0.0,,2.27581524848938,,,,0.0,,,,,,,,,
2720000,680,0.0,,2.3014423847198486,,,,0.0,,,,,,,,,
2724000,681,0.0,,2.909796714782715,,,,0.0,,,,,,,,,
2728000,682,0.0,,1.4403513669967651,,,,0.0,,,,,,,,,
2732000,683,0.0,,3.2529296875,,,,0.0,,,,,,,,,
2736000,684,0.125,,1.9718449115753174,,,,0.125,,,,,,,,,
2740000,685,0.125,,1.2081537246704102,,,,0.125,,,,,,,,,
2744000,686,0.0,,3.6430857181549072,,,,0.0,,,,,,,,,
2748000,687,0.125,,2.692450761795044,,,,0.125,,,,,,,,,
2752000,688,0.125,,3.746087074279785,,,,0.125,,,,,,,,,
2756000,689,0.125,,2.62783145904541,,,,0.125,,,,,,,,,
2760000,690,0.0,,2.488997459411621,,,,0.0,,,,,,,,,
2764000,691,0.0,,2.2749361991882324,,,,0.0,,,,,,,,,
2768000,692,0.0,,3.6033339500427246,,,,0.0,,,,,,,,,
2772000,693,0.125,,3.3765902519226074,,,,0.125,,,,,,,,,
2776000,694,0.375,,1.8328139781951904,,,,0.375,,,,,,,,,
2780000,695,0.0,,2.9513869285583496,,,,0.0,,,,,,,,,
2784000,696,0.125,,3.123203754425049,,,,0.125,,,,,,,,,
2788000,697,0.125,,1.9614659547805786,,,,0.125,,,,,,,,,
2792000,698,0.125,,1.5227510929107666,,,,0.125,,,,,,,,,
2796000,699,0.125,,3.2992420196533203,,,,0.125,,,,,,,,,
2800000,700,0.0,,2.2969164848327637,,,,0.0,,,,,,,,,
2804000,701,0.0,,2.2053298950195312,,,,0.0,,,,,,,,,
2808000,702,0.0,,2.88458251953125,,,,0.0,,,,,,,,,
2812000,703,0.0,,4.447774410247803,,,,0.0,,,,,,,,,
2816000,704,0.125,,2.600235939025879,,,,0.125,,,,,,,,,
2820000,705,0.25,,2.809579849243164,,,,0.25,,,,,,,,,
2824000,706,0.125,,3.1582889556884766,,,,0.125,,,,,,,,,
2828000,707,0.25,,1.6379988193511963,,,,0.25,,,,,,,,,
2832000,708,0.0,,3.2090649604797363,,,,0.0,,,,,,,,,
2836000,709,0.125,,2.037527561187744,,,,0.125,,,,,,,,,
2840000,710,0.125,,2.7954487800598145,,,,0.125,,,,,,,,,
2844000,711,0.125,,2.9651176929473877,,,,0.125,,,,,,,,,
2848000,712,0.0,,3.657041311264038,,,,0.0,,,,,,,,,
2852000,713,0.125,,1.6575459241867065,,,,0.125,,,,,,,,,
2856000,714,0.0,,1.9314303398132324,,,,0.0,,,,,,,,,
2860000,715,0.125,,2.008897304534912,,,,0.125,,,,,,,,,
2864000,716,0.0,,2.554245948791504,,,,0.0,,,,,,,,,
2868000,717,0.125,,3.236802816390991,,,,0.125,,,,,,,,,
2872000,718,0.125,,3.049217700958252,,,,0.125,,,,,,,,,
2876000,719,0.25,,2.290113925933838,,,,0.25,,,,,,,,,
2880000,720,0.0,,3.1293792724609375,,,,0.0,,,,,,,,,
2884000,721,0.25,,1.9350838661193848,,,,0.25,,,,,,,,,
2888000,722,0.125,,3.0881080627441406,,,,0.125,,,,,,,,,
2892000,723,0.25,,3.32216477394104,,,,0.25,,,,,,,,,
2896000,724,0.0,,3.7837109565734863,,,,0.0,,,,,,,,,
2900000,725,0.0,,3.929321765899658,,,,0.0,,,,,,,,,
2904000,726,0.125,,3.233257293701172,,,,0.125,,,,,,,,,
2908000,727,0.0,,2.766842842102051,,,,0.0,,,,,,,,,
2912000,728,0.0,,3.3828186988830566,,,,0.0,,,,,,,,,
2916000,729,0.375,,3.2088942527770996,,,,0.375,,,,,,,,,
2920000,730,0.125,,3.3791894912719727,,,,0.125,,,,,,,,,
2924000,731,0.0,,3.333089828491211,,,,0.0,,,,,,,,,
2928000,732,0.125,,2.8790571689605713,,,,0.125,,,,,,,,,
2932000,733,0.0,,3.3716297149658203,,,,0.0,,,,,,,,,
2936000,734,0.125,,3.3671553134918213,,,,0.125,,,,,,,,,
2940000,735,0.125,,2.7262535095214844,,,,0.125,,,,,,,,,
2944000,736,0.25,,2.459228277206421,,,,0.25,,,,,,,,,
2948000,737,0.625,,2.8867485523223877,,,,0.625,,,,,,,,,
2952000,738,0.0,,4.334413528442383,,,,0.0,,,,,,,,,
2956000,739,0.0,,4.727572441101074,,,,0.0,,,,,,,,,
2960000,740,0.125,,3.7548465728759766,,,,0.125,,,,,,,,,
2964000,741,0.0,,3.1890830993652344,,,,0.0,,,,,,,,,
2968000,742,0.0,,2.1449289321899414,,,,0.0,,,,,,,,,
2972000,743,0.125,,1.695713758468628,,,,0.125,,,,,,,,,
2976000,744,0.0,,3.2420310974121094,,,,0.0,,,,,,,,,
2980000,745,0.125,,3.0059385299682617,,,,0.125,,,,,,,,,
2984000,746,0.125,,5.140308856964111,,,,0.125,,,,,,,,,
2988000,747,0.5,,3.1064741611480713,,,,0.5,,,,,,,,,
2992000,748,0.375,,3.603468418121338,,,,0.375,,,,,,,,,
2996000,749,0.0,,3.331927537918091,,,,0.0,,,,,,,,,
3000000,750,0.0,,3.603262424468994,,,,0.0,,,,,,,,,
3004000,751,0.375,,3.961857557296753,,,,0.375,,,,,,,,,
3008000,752,0.0,,3.0248770713806152,,,,0.0,,,,,,,,,
3012000,753,0.125,,3.250497817993164,,,,0.125,,,,,,,,,
3016000,754,0.375,,5.031369209289551,,,,0.375,,,,,,,,,
3020000,755,0.0,,3.639613151550293,,,,0.0,,,,,,,,,
3024000,756,0.25,,3.5493574142456055,,,,0.25,,,,,,,,,
3028000,757,0.25,,3.8189773559570312,,,,0.25,,,,,,,,,
3032000,758,0.375,,2.8303062915802,,,,0.375,,,,,,,,,
3036000,759,0.125,,3.600348472595215,,,,0.125,,,,,,,,,
3040000,760,0.125,,2.843996524810791,,,,0.125,,,,,,,,,
3044000,761,0.125,,3.701436996459961,,,,0.125,,,,,,,,,
3048000,762,0.125,,2.754854679107666,,,,0.125,,,,,,,,,
3052000,763,0.5,,2.9393091201782227,,,,0.5,,,,,,,,,
3056000,764,0.25,,3.518796920776367,,,,0.25,,,,,,,,,
3060000,765,0.375,,3.5015618801116943,,,,0.375,,,,,,,,,
3064000,766,0.0,,3.701836109161377,,,,0.0,,,,,,,,,
3068000,767,0.5,,3.6737489700317383,,,,0.5,,,,,,,,,
3072000,768,0.25,,3.066920757293701,,,,0.25,,,,,,,,,
3076000,769,0.125,,3.411425828933716,,,,0.125,,,,,,,,,
3080000,770,0.375,,4.494620323181152,,,,0.375,,,,,,,,,
3084000,771,0.125,,3.6023612022399902,,,,0.125,,,,,,,,,
3088000,772,0.25,,4.432497024536133,,,,0.25,,,,,,,,,
3092000,773,0.125,,2.1259005069732666,,,,0.125,,,,,,,,,
3096000,774,0.25,,2.991394519805908,,,,0.25,,,,,,,,,
3100000,775,0.125,,2.9966249465942383,,,,0.125,,,,,,,,,
3104000,776,0.0,,4.663904190063477,,,,0.0,,,,,,,,,
3108000,777,1.0,,3.186394453048706,,,,1.0,,,,,,,,,
3112000,778,0.125,,3.279761552810669,,,,0.125,,,,,,,,,
3116000,779,0.25,,4.698699474334717,,,,0.25,,,,,,,,,
3120000,780,0.875,,3.8903026580810547,,,,0.875,,,,,,,,,
3124000,781,0.25,,3.761957883834839,,,,0.25,,,,,,,,,
3128000,782,0.375,,4.655832767486572,,,,0.375,,,,,,,,,
3132000,783,0.25,,3.995499610900879,,,,0.25,,,,,,,,,
3136000,784,0.25,,4.624838829040527,,,,0.25,,,,,,,,,
3140000,785,0.25,,4.374700546264648,,,,0.25,,,,,,,,,
3144000,786,0.125,,4.176243305206299,,,,0.125,,,,,,,,,
3148000,787,0.5,,4.197835445404053,,,,0.5,,,,,,,,,
3152000,788,0.25,,4.723422050476074,,,,0.25,,,,,,,,,
3156000,789,0.125,,3.7714929580688477,,,,0.125,,,,,,,,,
3160000,790,0.375,,4.557191371917725,,,,0.375,,,,,,,,,
3164000,791,0.375,,4.417288780212402,,,,0.375,,,,,,,,,
3168000,792,0.25,,3.7877862453460693,,,,0.25,,,,,,,,,
3172000,793,0.375,,4.6284074783325195,,,,0.375,,,,,,,,,
3176000,794,0.375,,4.447178363800049,,,,0.375,,,,,,,,,
3180000,795,0.375,,3.648855447769165,,,,0.375,,,,,,,,,
3184000,796,0.0,,4.779868125915527,,,,0.0,,,,,,,,,
3188000,797,0.25,,5.1315226554870605,,,,0.25,,,,,,,,,
3192000,798,0.0,,3.2602157592773438,,,,0.0,,,,,,,,,
3196000,799,0.25,,4.45555305480957,,,,0.25,,,,,,,,,
3200000,800,0.625,,4.913607597351074,,,,0.625,,,,,,,,,
3204000,801,0.625,,4.93721866607666,,,,0.625,,,,,,,,,
3208000,802,0.5,,4.340438365936279,,,,0.5,,,,,,,,,
3212000,803,0.375,,5.266864776611328,,,,0.375,,,,,,,,,
3216000,804,0.25,,5.653326988220215,,,,0.25,,,,,,,,,
3220000,805,0.375,,5.841289520263672,,,,0.375,,,,,,,,,
3224000,806,0.25,,4.619512557983398,,,,0.25,,,,,,,,,
3228000,807,1.0,,4.580062389373779,,,,1.0,,,,,,,,,
3232000,808,0.5,,6.427947998046875,,,,0.5,,,,,,,,,
3236000,809,0.25,,5.687311172485352,,,,0.25,,,,,,,,,
3240000,810,0.75,,7.089810371398926,,,,0.75,,,,,,,,,
3244000,811,0.125,,3.9535748958587646,,,,0.125,,,,,,,,,
3248000,812,0.625,,5.305937767028809,,,,0.625,,,,,,,,,
3252000,813,0.25,,5.452013969421387,,,,0.25,,,,,,,,,
3256000,814,0.5,,6.567708969116211,,,,0.5,,,,,,,,,
3260000,815,0.125,,4.706772804260254,,,,0.125,,,,,,,,,
3264000,816,0.125,,5.663371562957764,,,,0.125,,,,,,,,,
3268000,817,0.375,,5.535135269165039,,,,0.375,,,,,,,,,
3272000,818,0.75,,6.166756629943848,,,,0.75,,,,,,,,,
3276000,819,0.5,,5.798906326293945,,,,0.5,,,,,,,,,
3280000,820,0.625,,4.849372863769531,,,,0.625,,,,,,,,,
3284000,821,0.0,,6.155668258666992,,,,0.0,,,,,,,,,
3288000,822,0.75,,3.897644519805908,,,,0.75,,,,,,,,,
3292000,823,0.125,,6.179668426513672,,,,0.125,,,,,,,,,
3296000,824,0.625,,5.968585968017578,,,,0.625,,,,,,,,,
3300000,825,0.125,,5.876964569091797,,,,0.125,,,,,,,,,
3304000,826,0.125,,5.104179859161377,,,,0.125,,,,,,,,,
3308000,827,0.0,,7.407225131988525,,,,0.0,,,,,,,,,
3312000,828,0.5,,6.654735565185547,,,,0.5,,,,,,,,,
3316000,829,0.25,,5.933549404144287,,,,0.25,,,,,,,,,
3320000,830,0.5,,4.043025016784668,,,,0.5,,,,,,,,,
3324000,831,0.375,,6.41044282913208,,,,0.375,,,,,,,,,
3328000,832,0.375,,5.743852615356445,,,,0.375,,,,,,,,,
3332000,833,0.125,,6.462386131286621,,,,0.125,,,,,,,,,
3336000,834,0.5,,6.211971282958984,,,,0.5,,,,,,,,,
3340000,835,0.375,,4.466618537902832,,,,0.375,,,,,,,,,
3344000,836,0.75,,4.285099506378174,,,,0.75,,,,,,,,,
3348000,837,0.375,,5.032876014709473,,,,0.375,,,,,,,,,
3352000,838,0.25,,5.2322187423706055,,,,0.25,,,,,,,,,
3356000,839,0.0,,5.669354438781738,,,,0.0,,,,,,,,,
3360000,840,0.25,,5.736083030700684,,,,0.25,,,,,,,,,
3364000,841,0.25,,7.155913352966309,,,,0.25,,,,,,,,,
3368000,842,0.125,,4.250173091888428,,,,0.125,,,,,,,,,
3372000,843,0.375,,5.139062881469727,,,,0.375,,,,,,,,,
3376000,844,0.875,,4.701742172241211,,,,0.875,,,,,,,,,
3380000,845,0.875,,4.403388500213623,,,,0.875,,,,,,,,,
3384000,846,0.375,,4.238775730133057,,,,0.375,,,,,,,,,
3388000,847,0.0,,6.432616233825684,,,,0.0,,,,,,,,,
3392000,848,0.125,,4.9089179039001465,,,,0.125,,,,,,,,,
3396000,849,0.75,,5.662594795227051,,,,0.75,,,,,,,,,
3400000,850,0.25,,6.021378517150879,,,,0.25,,,,,,,,,
3404000,851,0.125,,5.676778793334961,,,,0.125,,,,,,,,,
3408000,852,0.5,,6.244437217712402,,,,0.5,,,,,,,,,
3412000,853,0.875,,6.033405303955078,,,,0.875,,,,,,,,,
3416000,854,0.625,,5.922640323638916,,,,0.625,,,,,,,,,
3420000,855,0.375,,5.134703636169434,,,,0.375,,,,,,,,,
3424000,856,0.75,,4.575082302093506,,,,0.75,,,,,,,,,
3428000,857,0.75,,6.690884590148926,,,,0.75,,,,,,,,,
3432000,858,0.5,,7.746954917907715,,,,0.5,,,,,,,,,
3436000,859,0.75,,5.722600936889648,,,,0.75,,,,,,,,,
3440000,860,0.25,,5.6228485107421875,,,,0.25,,,,,,,,,
3444000,861,0.375,,5.97695779800415,,,,0.375,,,,,,,,,
3448000,862,0.125,,6.049033164978027,,,,0.125,,,,,,,,,
3452000,863,0.5,,6.796236038208008,,,,0.5,,,,,,,,,
3456000,864,0.25,,6.3676371574401855,,,,0.25,,,,,,,,,
3460000,865,0.5,,5.433218002319336,,,,0.5,,,,,,,,,
3464000,866,0.125,,4.870199680328369,,,,0.125,,,,,,,,,
3468000,867,0.625,,6.511124134063721,,,,0.625,,,,,,,,,
3472000,868,0.875,,5.197179794311523,,,,0.875,,,,,,,,,
3476000,869,0.25,,4.864490509033203,,,,0.25,,,,,,,,,
3480000,870,0.375,,4.371910095214844,,,,0.375,,,,,,,,,
3484000,871,0.125,,5.866501331329346,,,,0.125,,,,,,,,,
3488000,872,0.625,,4.739585876464844,,,,0.625,,,,,,,,,
3492000,873,0.5,,5.099301338195801,,,,0.5,,,,,,,,,
3496000,874,0.25,,7.110013961791992,,,,0.25,,,,,,,,,
3500000,875,0.625,,5.754785537719727,,,,0.625,,,,,,,,,
3504000,876,1.0,,6.044583797454834,,,,1.0,,,,,,,,,
3508000,877,0.125,,6.406217575073242,,,,0.125,,,,,,,,,
3512000,878,0.25,,5.673679351806641,,,,0.25,,,,,,,,,
3516000,879,0.25,,5.206426620483398,,,,0.25,,,,,,,,,
3520000,880,0.625,,5.566037178039551,,,,0.625,,,,,,,,,
3524000,881,0.375,,5.637284278869629,,,,0.375,,,,,,,,,
3528000,882,0.25,,5.959178924560547,,,,0.25,,,,,,,,,
3532000,883,0.625,,5.634748458862305,,,,0.625,,,,,,,,,
3536000,884,0.125,,5.3485918045043945,,,,0.125,,,,,,,,,
3540000,885,0.25,,5.631905555725098,,,,0.25,,,,,,,,,
3544000,886,1.0,,5.6491804122924805,,,,1.0,,,,,,,,,
3548000,887,0.125,,5.74538516998291,,,,0.125,,,,,,,,,
3552000,888,1.0,,6.756018161773682,,,,1.0,,,,,,,,,
3556000,889,0.625,,5.188539505004883,,,,0.625,,,,,,,,,
3560000,890,0.5,,5.032716751098633,,,,0.5,,,,,,,,,
3564000,891,0.75,,5.337226867675781,,,,0.75,,,,,,,,,
3568000,892,0.375,,6.134330749511719,,,,0.375,,,,,,,,,
3572000,893,0.75,,6.353410720825195,,,,0.75,,,,,,,,,
3576000,894,0.75,,5.081998825073242,,,,0.75,,,,,,,,,
3580000,895,0.25,,5.220403671264648,,,,0.25,,,,,,,,,
3584000,896,0.625,,6.4079718589782715,,,,0.625,,,,,,,,,
3588000,897,0.75,,5.966615676879883,,,,0.75,,,,,,,,,
3592000,898,0.75,,5.789769172668457,,,,0.75,,,,,,,,,
3596000,899,1.0,,5.793297290802002,,,,1.0,,,,,,,,,
3600000,900,0.5,,5.047835350036621,,,,0.5,,,,,,,,,
3604000,901,0.375,,6.846094131469727,,,,0.375,,,,,,,,,
3608000,902,0.625,,5.329089164733887,,,,0.625,,,,,,,,,
3612000,903,0.5,,5.815021991729736,,,,0.5,,,,,,,,,
3616000,904,0.875,,5.050955772399902,,,,0.875,,,,,,,,,
3620000,905,0.625,,6.254300117492676,,,,0.625,,,,,,,,,
3624000,906,0.5,,6.168546676635742,,,,0.5,,,,,,,,,
3628000,907,0.25,,5.076865196228027,,,,0.25,,,,,,,,,
3632000,908,0.625,,5.229240894317627,,,,0.625,,,,,,,,,
3636000,909,1.125,,5.206663131713867,,,,1.125,,,,,,,,,
3640000,910,1.0,,4.569657802581787,,,,1.0,,,,,,,,,
3644000,911,0.625,,5.99304723739624,,,,0.625,,,,,,,,,
3648000,912,0.875,,6.0779571533203125,,,,0.875,,,,,,,,,
3652000,913,0.75,,7.0494279861450195,,,,0.75,,,,,,,,,
3656000,914,0.5,,7.045649528503418,,,,0.5,,,,,,,,,
3660000,915,0.75,,5.657711982727051,,,,0.75,,,,,,,,,
3664000,916,0.5,,6.997419357299805,,,,0.5,,,,,,,,,
3668000,917,0.875,,5.398244380950928,,,,0.875,,,,,,,,,
3672000,918,0.75,,5.2581915855407715,,,,0.75,,,,,,,,,
3676000,919,0.5,,5.316587924957275,,,,0.5,,,,,,,,,
3680000,920,0.75,,5.478480815887451,,,,0.75,,,,,,,,,
3684000,921,0.625,,5.371609210968018,,,,0.625,,,,,,,,,
3688000,922,1.125,,6.333494663238525,,,,1.125,,,,,,,,,
3692000,923,0.5,,5.421479225158691,,,,0.5,,,,,,,,,
3696000,924,0.625,,5.051264762878418,,,,0.625,,,,,,,,,
3700000,925,0.625,,4.594623565673828,,,,0.625,,,,,,,,,
3704000,926,0.625,,6.991243839263916,,,,0.625,,,,,,,,,
3708000,927,0.875,,5.375872611999512,,,,0.875,,,,,,,,,
3712000,928,1.125,,5.415036201477051,,,,1.125,,,,,,,,,
3716000,929,1.0,,5.179278373718262,,,,1.0,,,,,,,,,
3720000,930,0.875,,5.721076488494873,,,,0.875,,,,,,,,,
3724000,931,1.375,,6.940764427185059,,,,1.375,,,,,,,,,
3728000,932,1.125,,4.924957275390625,,,,1.125,,,,,,,,,
3732000,933,1.0,,6.008713245391846,,,,1.0,,,,,,,,,
3736000,934,0.5,,5.8959455490112305,,,,0.5,,,,,,,,,
3740000,935,1.75,,6.917458534240723,,,,1.75,,,,,,,,,
3744000,936,1.25,,4.988359451293945,,,,1.25,,,,,,,,,
3748000,937,0.625,,6.319448947906494,,,,0.625,,,,,,,,,
3752000,938,0.75,,5.922854423522949,,,,0.75,,,,,,,,,
3756000,939,0.875,,5.537142753601074,,,,0.875,,,,,,,,,
3760000,940,1.0,,6.311296463012695,,,,1.0,,,,,,,,,
3764000,941,1.0,,7.581406593322754,,,,1.0,,,,,,,,,
3768000,942,1.125,,6.407988548278809,,,,1.125,,,,,,,,,
3772000,943,0.875,,6.5003485679626465,,,,0.875,,,,,,,,,
3776000,944,0.625,,6.657760143280029,,,,0.625,,,,,,,,,
3780000,945,0.5,,5.353901386260986,,,,0.5,,,,,,,,,
3784000,946,0.75,,5.6943817138671875,,,,0.75,,,,,,,,,
3788000,947,1.125,,5.89790153503418,,,,1.125,,,,,,,,,
3792000,948,0.375,,7.056546211242676,,,,0.375,,,,,,,,,
3796000,949,1.0,,5.808627128601074,,,,1.0,,,,,,,,,
3800000,950,1.75,,5.907559871673584,,,,1.75,,,,,,,,,
3804000,951,1.0,,6.40651273727417,,,,1.0,,,,,,,,,
3808000,952,1.625,,5.833248138427734,,,,1.625,,,,,,,,,
3812000,953,0.875,,5.7803544998168945,,,,0.875,,,,,,,,,
3816000,954,0.5,,7.041327476501465,,,,0.5,,,,,,,,,
3820000,955,1.5,,5.608298301696777,,,,1.5,,,,,,,,,
3824000,956,0.625,,5.935218811035156,,,,0.625,,,,,,,,,
3828000,957,0.875,,6.275567054748535,,,,0.875,,,,,,,,,
3832000,958,1.625,,6.4891133308410645,,,,1.625,,,,,,,,,
3836000,959,1.375,,6.638859748840332,,,,1.375,,,,,,,,,
3840000,960,1.0,,5.986748695373535,,,,1.0,,,,,,,,,
3844000,961,1.25,,5.820048809051514,,,,1.25,,,,,,,,,
3848000,962,0.875,,6.826059341430664,,,,0.875,,,,,,,,,
3852000,963,0.75,,6.001848220825195,,,,0.75,,,,,,,,,
3856000,964,1.875,,6.875733375549316,,,,1.875,,,,,,,,,
3860000,965,1.5,,6.783214569091797,,,,1.5,,,,,,,,,
3864000,966,1.375,,6.11956787109375,,,,1.375,,,,,,,,,
3868000,967,1.0,,6.7738423347473145,,,,1.0,,,,,,,,,
3872000,968,0.75,,6.25018310546875,,,,0.75,,,,,,,,,
3876000,969,0.875,,6.753025054931641,,,,0.875,,,,,,,,,
3880000,970,1.5,,6.24349308013916,,,,1.5,,,,,,,,,
3884000,971,1.25,,5.916842460632324,,,,1.25,,,,,,,,,
3888000,972,2.25,,6.3256635665893555,,,,2.25,,,,,,,,,
3892000,973,1.5,,5.8044819831848145,,,,1.5,,,,,,,,,
3896000,974,1.0,,6.733951568603516,,,,1.0,,,,,,,,,
3900000,975,1.125,,6.849337100982666,,,,1.125,,,,,,,,,
3904000,976,1.125,,6.985106468200684,,,,1.125,,,,,,,,,
3908000,977,1.875,,6.720772743225098,,,,1.875,,,,,,,,,
3912000,978,1.125,,6.857636451721191,,,,1.125,,,,,,,,,
3916000,979,2.0,,6.32288932800293,,,,2.0,,,,,,,,,
3920000,980,2.125,,6.447061538696289,,,,2.125,,,,,,,,,
3924000,981,1.0,,7.735056400299072,,,,1.0,,,,,,,,,
3928000,982,1.75,,6.314024925231934,,,,1.75,,,,,,,,,
3932000,983,0.875,,6.827670097351074,,,,0.875,,,,,,,,,
3936000,984,1.125,,6.749173641204834,,,,1.125,,,,,,,,,
3940000,985,1.375,,6.773604393005371,,,,1.375,,,,,,,,,
3944000,986,2.125,,6.3414506912231445,,,,2.125,,,,,,,,,
3948000,987,2.0,,6.641226768493652,,,,2.0,,,,,,,,,
3952000,988,1.25,,7.422416687011719,,,,1.25,,,,,,,,,
3956000,989,1.375,,6.183893203735352,,,,1.375,,,,,,,,,
3960000,990,1.375,,6.67104959487915,,,,1.375,,,,,,,,,
3964000,991,1.5,,7.461380958557129,,,,1.5,,,,,,,,,
3968000,992,1.0,,7.326072692871094,,,,1.0,,,,,,,,,
3972000,993,1.25,,6.832526206970215,,,,1.25,,,,,,,,,
3976000,994,2.25,,7.578500747680664,,,,2.25,,,,,,,,,
3980000,995,1.75,,7.278168678283691,,,,1.75,,,,,,,,,
3984000,996,2.375,,7.3328328132629395,,,,2.375,,,,,,,,,
3988000,997,2.0,,6.845818042755127,,,,2.0,,,,,,,,,
3992000,998,1.0,,6.9820637702941895,,,,1.0,,,,,,,,,
3996000,999,1.5,,7.587175369262695,,,,1.5,,,,,,,,,
4000000,1000,1.375,,7.273811340332031,,,,1.375,,,,,,,,,
4004000,1001,2.375,,7.262497425079346,,,,2.375,,,,,,,,,
4008000,1002,1.5,,7.305357933044434,,,,1.5,,,,,,,,,
4012000,1003,1.375,,6.540256023406982,,,,1.375,,,,,,,,,
4016000,1004,1.625,,6.925943374633789,,,,1.625,,,,,,,,,
4020000,1005,1.875,,6.820239067077637,,,,1.875,,,,,,,,,
4024000,1006,1.25,,6.704653263092041,,,,1.25,,,,,,,,,
4028000,1007,1.625,,6.732795715332031,,,,1.625,,,,,,,,,
4032000,1008,2.125,,7.12985372543335,,,,2.125,,,,,,,,,
4036000,1009,2.375,,7.974069118499756,,,,2.375,,,,,,,,,
4040000,1010,2.0,,7.065152168273926,,,,2.0,,,,,,,,,
4044000,1011,1.625,,6.579754829406738,,,,1.625,,,,,,,,,
4048000,1012,2.0,,6.680414199829102,,,,2.0,,,,,,,,,
4052000,1013,1.25,,7.721393585205078,,,,1.25,,,,,,,,,
4056000,1014,1.875,,6.971795082092285,,,,1.875,,,,,,,,,
4060000,1015,1.875,,6.986080646514893,,,,1.875,,,,,,,,,
4064000,1016,2.5,,6.898419380187988,,,,2.5,,,,,,,,,
4068000,1017,1.5,,7.236021518707275,,,,1.5,,,,,,,,,
4072000,1018,1.75,,6.7815752029418945,,,,1.75,,,,,,,,,
4076000,1019,1.875,,7.227302551269531,,,,1.875,,,,,,,,,
4080000,1020,1.875,,7.412616729736328,,,,1.875,,,,,,,,,
4084000,1021,2.5,,7.963974952697754,,,,2.5,,,,,,,,,
4088000,1022,1.625,,7.755088806152344,,,,1.625,,,,,,,,,
4092000,1023,2.0,,8.106409072875977,,,,2.0,,,,,,,,,
4096000,1024,3.0,,6.4330949783325195,,,,3.0,,,,,,,,,
4100000,1025,1.75,,7.507543563842773,,,,1.75,,,,,,,,,
4104000,1026,1.75,,7.04047966003418,,,,1.75,,,,,,,,,
4108000,1027,2.375,,7.8171796798706055,,,,2.375,,,,,,,,,
4112000,1028,2.75,,8.227087020874023,,,,2.75,,,,,,,,,
4116000,1029,2.375,,6.855769634246826,,,,2.375,,,,,,,,,
4120000,1030,2.75,,7.669105529785156,,,,2.75,,,,,,,,,
4124000,1031,2.625,,7.888551712036133,,,,2.625,,,,,,,,,
4128000,1032,1.875,,7.56816291809082,,,,1.875,,,,,,,,,
4132000,1033,2.5,,7.144304275512695,,,,2.5,,,,,,,,,
4136000,1034,2.375,,7.621583938598633,,,,2.375,,,,,,,,,
4140000,1035,2.625,,7.312131881713867,,,,2.625,,,,,,,,,
4144000,1036,2.375,,7.66328763961792,,,,2.375,,,,,,,,,
4148000,1037,2.625,,8.078051567077637,,,,2.625,,,,,,,,,
4152000,1038,2.875,,6.856167793273926,,,,2.875,,,,,,,,,
4156000,1039,2.375,,7.552983283996582,,,,2.375,,,,,,,,,
4160000,1040,2.375,,7.475388526916504,,,,2.375,,,,,,,,,
4164000,1041,3.375,,7.745777130126953,,,,3.375,,,,,,,,,
4168000,1042,2.5,,7.6879072189331055,,,,2.5,,,,,,,,,
4172000,1043,2.5,,8.230020523071289,,,,2.5,,,,,,,,,
4176000,1044,2.25,,8.096373558044434,,,,2.25,,,,,,,,,
4180000,1045,1.75,,7.665030479431152,,,,1.75,,,,,,,,,
4184000,1046,3.0,,7.2890472412109375,,,,3.0,,,,,,,,,
4188000,1047,2.875,,7.589455604553223,,,,2.875,,,,,,,,,
4192000,1048,2.375,,8.018251419067383,,,,2.375,,,,,,,,,
4196000,1049,2.0,,7.816194534301758,,,,2.0,,,,,,,,,
4200000,1050,2.25,,6.764142990112305,,,,2.25,,,,,,,,,
4204000,1051,2.0,,8.295339584350586,,,,2.0,,,,,,,,,
4208000,1052,2.875,,7.483924388885498,,,,2.875,,,,,,,,,
4212000,1053,2.375,,7.604758262634277,,,,2.375,,,,,,,,,
4216000,1054,2.125,,7.848814487457275,,,,2.125,,,,,,,,,
4220000,1055,2.25,,8.323393821716309,,,,2.25,,,,,,,,,
4224000,1056,1.625,,8.181382179260254,,,,1.625,,,,,,,,,
4228000,1057,2.625,,7.163060188293457,,,,2.625,,,,,,,,,
4232000,1058,2.625,,7.90716028213501,,,,2.625,,,,,,,,,
4236000,1059,2.5,,7.527642250061035,,,,2.5,,,,,,,,,
4240000,1060,2.5,,8.240457534790039,,,,2.5,,,,,,,,,
4244000,1061,2.125,,7.165426731109619,,,,2.125,,,,,,,,,
4248000,1062,1.875,,7.538877487182617,,,,1.875,,,,,,,,,
4252000,1063,2.375,,7.652157306671143,,,,2.375,,,,,,,,,
4256000,1064,2.375,,7.400559902191162,,,,2.375,,,,,,,,,
4260000,1065,2.0,,7.451354026794434,,,,2.0,,,,,,,,,
4264000,1066,2.75,,7.834850311279297,,,,2.75,,,,,,,,,
4268000,1067,1.5,,7.8020243644714355,,,,1.5,,,,,,,,,
4272000,1068,3.0,,7.928394317626953,,,,3.0,,,,,,,,,
4276000,1069,2.625,,7.885868072509766,,,,2.625,,,,,,,,,
4280000,1070,2.75,,6.990828037261963,,,,2.75,,,,,,,,,
4284000,1071,2.0,,7.562397480010986,,,,2.0,,,,,,,,,
4288000,1072,2.75,,7.750533103942871,,,,2.75,,,,,,,,,
4292000,1073,2.5,,7.828258037567139,,,,2.5,,,,,,,,,
4296000,1074,2.0,,7.799554824829102,,,,2.0,,,,,,,,,
4300000,1075,2.125,,7.693240642547607,,,,2.125,,,,,,,,,
4304000,1076,2.875,,7.217284202575684,,,,2.875,,,,,,,,,
4308000,1077,2.375,,7.168828010559082,,,,2.375,,,,,,,,,
4312000,1078,3.5,,7.325844764709473,,,,3.5,,,,,,,,,
4316000,1079,1.875,,7.479250431060791,,,,1.875,,,,,,,,,
4320000,1080,2.0,,6.936269760131836,,,,2.0,,,,,,,,,
4324000,1081,2.25,,7.672640323638916,,,,2.25,,,,,,,,,
4328000,1082,2.25,,7.730112075805664,,,,2.25,,,,,,,,,
4332000,1083,1.625,,7.323215484619141,,,,1.625,,,,,,,,,
4336000,1084,1.5,,7.008617401123047,,,,1.5,,,,,,,,,
4340000,1085,2.5,,7.818596839904785,,,,2.5,,,,,,,,,
4344000,1086,2.625,,7.362561225891113,,,,2.625,,,,,,,,,
4348000,1087,3.125,,7.663186550140381,,,,3.125,,,,,,,,,
4352000,1088,2.5,,7.356053352355957,,,,2.5,,,,,,,,,
4356000,1089,1.5,,7.031454086303711,,,,1.5,,,,,,,,,
4360000,1090,2.625,,7.825455188751221,,,,2.625,,,,,,,,,
4364000,1091,2.75,,7.26889181137085,,,,2.75,,,,,,,,,
4368000,1092,1.875,,7.373322486877441,,,,1.875,,,,,,,,,
4372000,1093,2.75,,7.636825084686279,,,,2.75,,,,,,,,,
4376000,1094,2.25,,7.429904460906982,,,,2.25,,,,,,,,,
4380000,1095,2.5,,7.117623329162598,,,,2.5,,,,,,,,,
4384000,1096,2.875,,7.4841413497924805,,,,2.875,,,,,,,,,
4388000,1097,2.875,,7.1978983879089355,,,,2.875,,,,,,,,,
4392000,1098,2.25,,7.4123992919921875,,,,2.25,,,,,,,,,
4396000,1099,3.0,,7.2380266189575195,,,,3.0,,,,,,,,,
4400000,1100,1.75,,7.540554046630859,,,,1.75,,,,,,,,,
4404000,1101,3.375,,7.085517883300781,,,,3.375,,,,,,,,,
4408000,1102,1.875,,6.975490570068359,,,,1.875,,,,,,,,,
4412000,1103,1.75,,7.268951416015625,,,,1.75,,,,,,,,,
4416000,1104,2.75,,7.446672439575195,,,,2.75,,,,,,,,,
4420000,1105,2.75,,6.965695381164551,,,,2.75,,,,,,,,,
4424000,1106,2.0,,7.161993980407715,,,,2.0,,,,,,,,,
4428000,1107,2.25,,6.789644718170166,,,,2.25,,,,,,,,,
4432000,1108,2.75,,6.990453243255615,,,,2.75,,,,,,,,,
4436000,1109,2.5,,7.011906623840332,,,,2.5,,,,,,,,,
4440000,1110,3.0,,6.575179100036621,,,,3.0,,,,,,,,,
4444000,1111,3.25,,6.892416477203369,,,,3.25,,,,,,,,,
4448000,1112,2.125,,7.142704010009766,,,,2.125,,,,,,,,,
4452000,1113,2.25,,6.981278419494629,,,,2.25,,,,,,,,,
4456000,1114,2.375,,6.76786994934082,,,,2.375,,,,,,,,,
4460000,1115,2.5,,6.425833702087402,,,,2.5,,,,,,,,,
4464000,1116,2.125,,6.987993240356445,,,,2.125,,,,,,,,,
4468000,1117,2.75,,7.082639694213867,,,,2.75,,,,,,,,,
4472000,1118,2.5,,6.8705830574035645,,,,2.5,,,,,,,,,
4476000,1119,2.25,,6.661452770233154,,,,2.25,,,,,,,,,
4480000,1120,2.375,,6.477694988250732,,,,2.375,,,,,,,,,
4484000,1121,3.25,,6.67570686340332,,,,3.25,,,,,,,,,
4488000,1122,2.75,,6.539270401000977,,,,2.75,,,,,,,,,
4492000,1123,2.625,,6.385974884033203,,,,2.625,,,,,,,,,
4496000,1124,3.125,,6.423950672149658,,,,3.125,,,,,,,,,
4500000,1125,2.125,,6.711727619171143,,,,2.125,,,,,,,,,
4504000,1126,2.75,,6.950042724609375,,,,2.75,,,,,,,,,
4508000,1127,1.875,,6.097776412963867,,,,1.875,,,,,,,,,
4512000,1128,2.25,,6.507122993469238,,,,2.25,,,,,,,,,
4516000,1129,3.125,,6.420372009277344,,,,3.125,,,,,,,,,
4520000,1130,2.25,,6.371726036071777,,,,2.25,,,,,,,,,
4524000,1131,2.625,,6.443770408630371,,,,2.625,,,,,,,,,
4528000,1132,3.25,,6.377492904663086,,,,3.25,,,,,,,,,
4532000,1133,3.0,,6.178377151489258,,,,3.0,,,,,,,,,
4536000,1134,2.625,,6.238311767578125,,,,2.625,,,,,,,,,
4540000,1135,2.0,,6.345834732055664,,,,2.0,,,,,,,,,
4544000,1136,2.25,,5.88629674911499,,,,2.25,,,,,,,,,
4548000,1137,1.875,,6.281059265136719,,,,1.875,,,,,,,,,
4552000,1138,2.75,,6.221554756164551,,,,2.75,,,,,,,,,
4556000,1139,3.625,,6.4274582862854,,,,3.625,,,,,,,,,
4560000,1140,3.0,,6.225142478942871,,,,3.0,,,,,,,,,
4564000,1141,2.125,,6.127443790435791,,,,2.125,,,,,,,,,
4568000,1142,2.25,,6.305187225341797,,,,2.25,,,,,,,,,
4572000,1143,2.125,,5.928112506866455,,,,2.125,,,,,,,,,
4576000,1144,2.25,,6.035748481750488,,,,2.25,,,,,,,,,
4580000,1145,2.625,,5.929495811462402,,,,2.625,,,,,,,,,
4584000,1146,2.5,,5.986630439758301,,,,2.5,,,,,,,,,
4588000,1147,3.125,,6.052620887756348,,,,3.125,,,,,,,,,
4592000,1148,2.125,,5.837501525878906,,,,2.125,,,,,,,,,
4596000,1149,2.625,,6.604018211364746,,,,2.625,,,,,,,,,
4600000,1150,3.0,,5.815032958984375,,,,3.0,,,,,,,,,
4604000,1151,1.625,,5.909111022949219,,,,1.625,,,,,,,,,
4608000,1152,3.0,,5.874641418457031,,,,3.0,,,,,,,,,
4612000,1153,2.25,,6.278688430786133,,,,2.25,,,,,,,,,
4616000,1154,3.0,,5.872989177703857,,,,3.0,,,,,,,,,
4620000,1155,3.0,,5.941634178161621,,,,3.0,,,,,,,,,
4624000,1156,2.0,,6.074851989746094,,,,2.0,,,,,,,,,
4628000,1157,2.875,,5.732210159301758,,,,2.875,,,,,,,,,
4632000,1158,2.125,,5.787885665893555,,,,2.125,,,,,,,,,
4636000,1159,2.625,,5.632167816162109,,,,2.625,,,,,,,,,
4640000,1160,2.125,,6.041708946228027,,,,2.125,,,,,,,,,
4644000,1161,2.625,,5.799880027770996,,,,2.625,,,,,,,,,
4648000,1162,2.125,,5.470235347747803,,,,2.125,,,,,,,,,
4652000,1163,3.375,,5.5065226554870605,,,,3.375,,,,,,,,,
4656000,1164,2.875,,5.627976417541504,,,,2.875,,,,,,,,,
4660000,1165,2.875,,5.745125770568848,,,,2.875,,,,,,,,,
4664000,1166,2.375,,5.39424991607666,,,,2.375,,,,,,,,,
4668000,1167,2.75,,5.868655204772949,,,,2.75,,,,,,,,,
4672000,1168,2.375,,5.547247886657715,,,,2.375,,,,,,,,,
4676000,1169,2.5,,5.343007564544678,,,,2.5,,,,,,,,,
4680000,1170,2.875,,5.428244113922119,,,,2.875,,,,,,,,,
4684000,1171,2.375,,5.24990177154541,,,,2.375,,,,,,,,,
4688000,1172,3.125,,5.1171488761901855,,,,3.125,,,,,,,,,
4692000,1173,2.5,,5.332287788391113,,,,2.5,,,,,,,,,
4696000,1174,3.0,,5.128914833068848,,,,3.0,,,,,,,,,
4700000,1175,2.5,,4.797763347625732,,,,2.5,,,,,,,,,
4704000,1176,2.375,,5.259823799133301,,,,2.375,,,,,,,,,
4708000,1177,3.125,,5.651625633239746,,,,3.125,,,,,,,,,
4712000,1178,3.125,,5.40716028213501,,,,3.125,,,,,,,,,
4716000,1179,2.875,,5.216658115386963,,,,2.875,,,,,,,,,
4720000,1180,2.125,,5.065857887268066,,,,2.125,,,,,,,,,
4724000,1181,2.375,,5.190947532653809,,,,2.375,,,,,,,,,
4728000,1182,3.25,,5.2367448806762695,,,,3.25,,,,,,,,,
4732000,1183,2.0,,5.156949996948242,,,,2.0,,,,,,,,,
4736000,1184,3.25,,5.135254383087158,,,,3.25,,,,,,,,,
4740000,1185,2.75,,5.384635925292969,,,,2.75,,,,,,,,,
4744000,1186,3.25,,4.796663284301758,,,,3.25,,,,,,,,,
4748000,1187,2.375,,5.135768890380859,,,,2.375,,,,,,,,,
4752000,1188,2.75,,5.1963958740234375,,,,2.75,,,,,,,,,
4756000,1189,3.25,,5.148961067199707,,,,3.25,,,,,,,,,
4760000,1190,3.375,,5.331174850463867,,,,3.375,,,,,,,,,
4764000,1191,2.375,,5.205479145050049,,,,2.375,,,,,,,,,
4768000,1192,3.25,,5.186936378479004,,,,3.25,,,,,,,,,
4772000,1193,2.5,,5.098180770874023,,,,2.5,,,,,,,,,
4776000,1194,3.125,,5.0004119873046875,,,,3.125,,,,,,,,,
4780000,1195,2.0,,5.046337127685547,,,,2.0,,,,,,,,,
4784000,1196,3.375,,4.892596244812012,,,,3.375,,,,,,,,,
4788000,1197,3.625,,4.823064804077148,,,,3.625,,,,,,,,,
4792000,1198,2.875,,4.9730024337768555,,,,2.875,,,,,,,,,
4796000,1199,2.75,,5.107593536376953,,,,2.75,,,,,,,,,
4800000,1200,3.125,,5.0193376541137695,,,,3.125,,,,,,,,,
4804000,1201,3.0,,5.185400009155273,,,,3.0,,,,,,,,,
4808000,1202,2.75,,4.74095344543457,,,,2.75,,,,,,,,,
4812000,1203,3.75,,4.692572116851807,,,,3.75,,,,,,,,,
4816000,1204,4.0,,4.997465133666992,,,,4.0,,,,,,,,,
4820000,1205,2.5,,4.894977569580078,,,,2.5,,,,,,,,,
4824000,1206,2.25,,4.854981899261475,,,,2.25,,,,,,,,,
4828000,1207,2.5,,4.993778228759766,,,,2.5,,,,,,,,,
4832000,1208,3.25,,5.003403663635254,,,,3.25,,,,,,,,,
4836000,1209,3.75,,4.902663230895996,,,,3.75,,,,,,,,,
4840000,1210,2.625,,5.199101448059082,,,,2.625,,,,,,,,,
4844000,1211,2.375,,4.9933977127075195,,,,2.375,,,,,,,,,
4848000,1212,2.75,,4.800716400146484,,,,2.75,,,,,,,,,
4852000,1213,3.25,,4.750542640686035,,,,3.25,,,,,,,,,
4856000,1214,2.75,,4.914015769958496,,,,2.75,,,,,,,,,
4860000,1215,3.125,,5.133923530578613,,,,3.125,,,,,,,,,
4864000,1216,2.0,,4.832975387573242,,,,2.0,,,,,,,,,
4868000,1217,2.75,,4.730154037475586,,,,2.75,,,,,,,,,
4872000,1218,2.625,,4.661154747009277,,,,2.625,,,,,,,,,
4876000,1219,3.625,,4.834566593170166,,,,3.625,,,,,,,,,
4880000,1220,2.875,,4.786431312561035,,,,2.875,,,,,,,,,
4884000,1221,2.875,,4.940814971923828,,,,2.875,,,,,,,,,
4888000,1222,2.875,,4.600651264190674,,,,2.875,,,,,,,,,
4892000,1223,2.375,,4.717913627624512,,,,2.375,,,,,,,,,
4896000,1224,2.375,,4.817336082458496,,,,2.375,,,,,,,,,
4900000,1225,3.25,,4.397226333618164,,,,3.25,,,,,,,,,
4904000,1226,2.5,,4.4016828536987305,,,,2.5,,,,,,,,,
4908000,1227,2.75,,4.7169671058654785,,,,2.75,,,,,,,,,
4912000,1228,3.25,,4.825547218322754,,,,3.25,,,,,,,,,
4916000,1229,3.25,,4.878977298736572,,,,3.25,,,,,,,,,
4920000,1230,2.875,,4.6231279373168945,,,,2.875,,,,,,,,,
4924000,1231,2.625,,4.705831050872803,,,,2.625,,,,,,,,,
4928000,1232,3.0,,4.622313499450684,,,,3.0,,,,,,,,,
4932000,1233,3.125,,4.646533966064453,,,,3.125,,,,,,,,,
4936000,1234,3.5,,4.736741542816162,,,,3.5,,,,,,,,,
4940000,1235,3.125,,4.773772239685059,,,,3.125,,,,,,,,,
4944000,1236,3.625,,4.717170715332031,,,,3.625,,,,,,,,,
4948000,1237,2.25,,4.290472507476807,,,,2.25,,,,,,,,,
4952000,1238,3.5,,4.5599894523620605,,,,3.5,,,,,,,,,
4956000,1239,2.25,,4.744709014892578,,,,2.25,,,,,,,,,
4960000,1240,3.875,,4.68405818939209,,,,3.875,,,,,,,,,
4964000,1241,2.625,,4.386322498321533,,,,2.625,,,,,,,,,
4968000,1242,2.875,,4.711551666259766,,,,2.875,,,,,,,,,
4972000,1243,3.125,,4.586182594299316,,,,3.125,,,,,,,,,
4976000,1244,3.625,,4.454928874969482,,,,3.625,,,,,,,,,
4980000,1245,3.375,,4.46245002746582,,,,3.375,,,,,,,,,
4984000,1246,3.25,,4.360722541809082,,,,3.25,,,,,,,,,
4988000,1247,2.625,,4.183006286621094,,,,2.625,,,,,,,,,
4992000,1248,3.0,,4.436823844909668,,,,3.0,,,,,,,,,
4996000,1249,2.375,,4.507938385009766,,,,2.375,,,,,,,,,
5000000,1250,3.25,,4.482632637023926,,,,3.25,,,,,,,,,
5004000,1251,2.875,,4.398339748382568,,,,2.875,,,,,,,,,
5008000,1252,2.75,,4.228667736053467,,,,2.75,,,,,,,,,
5012000,1253,3.5,,4.367650985717773,,,,3.5,,,,,,,,,
5016000,1254,3.375,,4.291769027709961,,,,3.375,,,,,,,,,
5020000,1255,2.125,,4.305596351623535,,,,2.125,,,,,,,,,
5024000,1256,3.125,,4.547739028930664,,,,3.125,,,,,,,,,
5028000,1257,2.625,,4.4407453536987305,,,,2.625,,,,,,,,,
5032000,1258,2.625,,4.141547203063965,,,,2.625,,,,,,,,,
5036000,1259,2.25,,3.948376178741455,,,,2.25,,,,,,,,,
5040000,1260,1.75,,4.45437479019165,,,,1.75,,,,,,,,,
5044000,1261,3.0,,4.444273948669434,,,,3.0,,,,,,,,,
5048000,1262,2.5,,4.453620433807373,,,,2.5,,,,,,,,,
5052000,1263,2.875,,4.295141220092773,,,,2.875,,,,,,,,,
5056000,1264,3.0,,4.1732964515686035,,,,3.0,,,,,,,,,
5060000,1265,3.875,,4.107185363769531,,,,3.875,,,,,,,,,
5064000,1266,2.875,,4.210049629211426,,,,2.875,,,,,,,,,
5068000,1267,3.0,,4.303044319152832,,,,3.0,,,,,,,,,
5072000,1268,3.375,,4.242453575134277,,,,3.375,,,,,,,,,
5076000,1269,2.25,,4.241636276245117,,,,2.25,,,,,,,,,
5080000,1270,2.75,,4.218299388885498,,,,2.75,,,,,,,,,
5084000,1271,3.125,,4.236917495727539,,,,3.125,,,,,,,,,
5088000,1272,2.875,,4.069594383239746,,,,2.875,,,,,,,,,
5092000,1273,3.375,,4.196986198425293,,,,3.375,,,,,,,,,
5096000,1274,3.0,,4.128163814544678,,,,3.0,,,,,,,,,
5100000,1275,2.5,,4.063164710998535,,,,2.5,,,,,,,,,
5104000,1276,3.625,,4.199677467346191,,,,3.625,,,,,,,,,
5108000,1277,4.0,,4.3110761642456055,,,,4.0,,,,,,,,,
5112000,1278,4.25,,4.142307281494141,,,,4.25,,,,,,,,,
5116000,1279,3.75,,3.9908287525177,,,,3.75,,,,,,,,,
5120000,1280,3.5,,4.096299648284912,,,,3.5,,,,,,,,,
5124000,1281,2.5,,4.287837982177734,,,,2.5,,,,,,,,,
5128000,1282,3.375,,4.015679359436035,,,,3.375,,,,,,,,,
5132000,1283,3.25,,4.153614044189453,,,,3.25,,,,,,,,,
5136000,1284,3.125,,4.534366130828857,,,,3.125,,,,,,,,,
5140000,1285,3.375,,4.1432390213012695,,,,3.375,,,,,,,,,
5144000,1286,3.625,,4.0215911865234375,,,,3.625,,,,,,,,,
5148000,1287,4.125,,4.279285430908203,,,,4.125,,,,,,,,,
5152000,1288,2.875,,4.08253288269043,,,,2.875,,,,,,,,,
5156000,1289,3.125,,4.150643825531006,,,,3.125,,,,,,,,,
5160000,1290,3.875,,4.26348876953125,,,,3.875,,,,,,,,,
5164000,1291,3.375,,4.185815334320068,,,,3.375,,,,,,,,,
5168000,1292,3.875,,4.247672080993652,,,,3.875,,,,,,,,,
5172000,1293,3.875,,4.07089900970459,,,,3.875,,,,,,,,,
5176000,1294,3.25,,3.991668224334717,,,,3.25,,,,,,,,,
5180000,1295,3.25,,4.22080659866333,,,,3.25,,,,,,,,,
5184000,1296,2.875,,4.074212074279785,,,,2.875,,,,,,,,,
5188000,1297,3.375,,4.057886123657227,,,,3.375,,,,,,,,,
5192000,1298,3.375,,4.030453205108643,,,,3.375,,,,,,,,,
5196000,1299,3.25,,4.052099227905273,,,,3.25,,,,,,,,,
5200000,1300,3.625,,4.061831474304199,,,,3.625,,,,,,,,,
5204000,1301,4.0,,4.018429756164551,,,,4.0,,,,,,,,,
5208000,1302,3.25,,4.010859489440918,,,,3.25,,,,,,,,,
5212000,1303,3.875,,4.19610595703125,,,,3.875,,,,,,,,,
5216000,1304,3.375,,4.199856758117676,,,,3.375,,,,,,,,,
5220000,1305,3.625,,3.9879679679870605,,,,3.625,,,,,,,,,
5224000,1306,3.375,,4.079656600952148,,,,3.375,,,,,,,,,
5228000,1307,3.5,,4.180583953857422,,,,3.5,,,,,,,,,
5232000,1308,3.375,,4.006218910217285,,,,3.375,,,,,,,,,
5236000,1309,3.375,,4.131120204925537,,,,3.375,,,,,,,,,
5240000,1310,3.125,,4.331768035888672,,,,3.125,,,,,,,,,
5244000,1311,3.375,,3.877842903137207,,,,3.375,,,,,,,,,
5248000,1312,3.0,,4.119906425476074,,,,3.0,,,,,,,,,
5252000,1313,3.375,,3.886108160018921,,,,3.375,,,,,,,,,
5256000,1314,3.25,,3.9808273315429688,,,,3.25,,,,,,,,,
5260000,1315,3.625,,4.031951904296875,,,,3.625,,,,,,,,,
5264000,1316,2.375,,3.977752923965454,,,,2.375,,,,,,,,,
5268000,1317,2.75,,4.018411159515381,,,,2.75,,,,,,,,,
5272000,1318,4.0,,3.95707106590271,,,,4.0,,,,,,,,,
5276000,1319,3.0,,4.051722526550293,,,,3.0,,,,,,,,,
5280000,1320,3.125,,3.982565402984619,,,,3.125,,,,,,,,,
5284000,1321,3.125,,3.8939177989959717,,,,3.125,,,,,,,,,
5288000,1322,3.75,,3.999098300933838,,,,3.75,,,,,,,,,
5292000,1323,2.625,,4.011833190917969,,,,2.625,,,,,,,,,
5296000,1324,3.375,,3.9023423194885254,,,,3.375,,,,,,,,,
5300000,1325,3.25,,4.002523422241211,,,,3.25,,,,,,,,,
5304000,1326,3.125,,3.7207067012786865,,,,3.125,,,,,,,,,
5308000,1327,2.875,,3.8411808013916016,,,,2.875,,,,,,,,,
5312000,1328,3.625,,3.8978075981140137,,,,3.625,,,,,,,,,
5316000,1329,2.125,,3.683767318725586,,,,2.125,,,,,,,,,
5320000,1330,3.125,,3.818798303604126,,,,3.125,,,,,,,,,
5324000,1331,3.0,,3.871962070465088,,,,3.0,,,,,,,,,
5328000,1332,3.25,,3.689450979232788,,,,3.25,,,,,,,,,
5332000,1333,3.625,,3.8212063312530518,,,,3.625,,,,,,,,,
5336000,1334,2.75,,3.8431262969970703,,,,2.75,,,,,,,,,
5340000,1335,3.5,,3.793271541595459,,,,3.5,,,,,,,,,
5344000,1336,2.875,,3.8245272636413574,,,,2.875,,,,,,,,,
5348000,1337,2.875,,3.8193302154541016,,,,2.875,,,,,,,,,
5352000,1338,2.75,,3.819620132446289,,,,2.75,,,,,,,,,
5356000,1339,3.0,,3.7653040885925293,,,,3.0,,,,,,,,,
5360000,1340,3.25,,3.8882017135620117,,,,3.25,,,,,,,,,
5364000,1341,3.125,,3.7069854736328125,,,,3.125,,,,,,,,,
5368000,1342,3.125,,3.717026710510254,,,,3.125,,,,,,,,,
5372000,1343,3.5,,3.8591268062591553,,,,3.5,,,,,,,,,
5376000,1344,2.375,,3.687603235244751,,,,2.375,,,,,,,,,
5380000,1345,3.0,,3.8053364753723145,,,,3.0,,,,,,,,,
5384000,1346,2.5,,3.6505587100982666,,,,2.5,,,,,,,,,
5388000,1347,2.875,,3.67470121383667,,,,2.875,,,,,,,,,
5392000,1348,2.625,,3.651632070541382,,,,2.625,,,,,,,,,
5396000,1349,3.25,,3.607222557067871,,,,3.25,,,,,,,,,
5400000,1350,2.875,,3.760302782058716,,,,2.875,,,,,,,,,
5404000,1351,2.125,,3.5851235389709473,,,,2.125,,,,,,,,,
5408000,1352,3.375,,3.736874580383301,,,,3.375,,,,,,,,,
5412000,1353,3.25,,3.698105573654175,,,,3.25,,,,,,,,,
5416000,1354,1.75,,3.5831456184387207,,,,1.75,,,,,,,,,
5420000,1355,4.125,,3.659595012664795,,,,4.125,,,,,,,,,
5424000,1356,3.375,,3.727780342102051,,,,3.375,,,,,,,,,
5428000,1357,3.625,,3.5274229049682617,,,,3.625,,,,,,,,,
5432000,1358,2.375,,3.634644031524658,,,,2.375,,,,,,,,,
5436000,1359,2.875,,3.6589221954345703,,,,2.875,,,,,,,,,
5440000,1360,2.75,,3.6211767196655273,,,,2.75,,,,,,,,,
5444000,1361,4.125,,3.5522260665893555,,,,4.125,,,,,,,,,
5448000,1362,2.875,,3.521090030670166,,,,2.875,,,,,,,,,
5452000,1363,3.875,,3.57503604888916,,,,3.875,,,,,,,,,
5456000,1364,3.25,,3.626826286315918,,,,3.25,,,,,,,,,
5460000,1365,3.25,,3.3899073600769043,,,,3.25,,,,,,,,,
5464000,1366,2.625,,3.505728244781494,,,,2.625,,,,,,,,,
5468000,1367,3.25,,3.4869909286499023,,,,3.25,,,,,,,,,
5472000,1368,3.25,,3.5443906784057617,,,,3.25,,,,,,,,,
5476000,1369,3.375,,3.4605765342712402,,,,3.375,,,,,,,,,
5480000,1370,3.5,,3.6256675720214844,,,,3.5,,,,,,,,,
5484000,1371,3.75,,3.637603759765625,,,,3.75,,,,,,,,,
5488000,1372,3.625,,3.5778210163116455,,,,3.625,,,,,,,,,
5492000,1373,3.375,,3.4899706840515137,,,,3.375,,,,,,,,,
5496000,1374,3.75,,3.4038643836975098,,,,3.75,,,,,,,,,
5500000,1375,3.75,,3.5238866806030273,,,,3.75,,,,,,,,,
5504000,1376,3.625,,3.5139801502227783,,,,3.625,,,,,,,,,
5508000,1377,2.75,,3.5785303115844727,,,,2.75,,,,,,,,,
5512000,1378,3.5,,3.4613218307495117,,,,3.5,,,,,,,,,
5516000,1379,3.25,,3.431647777557373,,,,3.25,,,,,,,,,
5520000,1380,2.875,,3.4544668197631836,,,,2.875,,,,,,,,,
5524000,1381,3.25,,3.4805335998535156,,,,3.25,,,,,,,,,
5528000,1382,3.125,,3.3586692810058594,,,,3.125,,,,,,,,,
5532000,1383,3.625,,3.4123892784118652,,,,3.625,,,,,,,,,
5536000,1384,3.25,,3.3078296184539795,,,,3.25,,,,,,,,,
5540000,1385,4.0,,3.4178171157836914,,,,4.0,,,,,,,,,
5544000,1386,3.875,,3.2737622261047363,,,,3.875,,,,,,,,,
5548000,1387,3.0,,3.450364112854004,,,,3.0,,,,,,,,,
5552000,1388,3.5,,3.596837043762207,,,,3.5,,,,,,,,,
5556000,1389,3.5,,3.432222366333008,,,,3.5,,,,,,,,,
5560000,1390,4.125,,3.404780387878418,,,,4.125,,,,,,,,,
5564000,1391,4.0,,3.439368724822998,,,,4.0,,,,,,,,,
5568000,1392,4.375,,3.5282702445983887,,,,4.375,,,,,,,,,
5572000,1393,3.25,,3.2199172973632812,,,,3.25,,,,,,,,,
5576000,1394,3.5,,3.330235481262207,,,,3.5,,,,,,,,,
5580000,1395,3.875,,3.2362747192382812,,,,3.875,,,,,,,,,
5584000,1396,3.375,,3.36195707321167,,,,3.375,,,,,,,,,
5588000,1397,4.25,,3.3355460166931152,,,,4.25,,,,,,,,,
5592000,1398,4.0,,3.413978099822998,,,,4.0,,,,,,,,,
5596000,1399,3.625,,3.319303512573242,,,,3.625,,,,,,,,,
5600000,1400,3.625,,3.340869426727295,,,,3.625,,,,,,,,,
5604000,1401,3.125,,3.3716397285461426,,,,3.125,,,,,,,,,
5608000,1402,4.125,,3.4827353954315186,,,,4.125,,,,,,,,,
5612000,1403,4.0,,3.2600674629211426,,,,4.0,,,,,,,,,
5616000,1404,3.625,,3.358271598815918,,,,3.625,,,,,,,,,
5620000,1405,3.625,,3.3267555236816406,,,,3.625,,,,,,,,,
5624000,1406,3.625,,3.2978804111480713,,,,3.625,,,,,,,,,
5628000,1407,3.375,,3.3384039402008057,,,,3.375,,,,,,,,,
5632000,1408,3.75,,3.4304795265197754,,,,3.75,,,,,,,,,
5636000,1409,4.375,,3.340170383453369,,,,4.375,,,,,,,,,
5640000,1410,3.5,,3.286374092102051,,,,3.5,,,,,,,,,
5644000,1411,3.375,,3.4561171531677246,,,,3.375,,,,,,,,,
5648000,1412,3.25,,3.25081467628479,,,,3.25,,,,,,,,,
5652000,1413,3.75,,3.3211863040924072,,,,3.75,,,,,,,,,
5656000,1414,3.875,,3.3511805534362793,,,,3.875,,,,,,,,,
5660000,1415,3.25,,3.2327606678009033,,,,3.25,,,,,,,,,
5664000,1416,3.375,,3.300595998764038,,,,3.375,,,,,,,,,
5668000,1417,3.75,,3.3921618461608887,,,,3.75,,,,,,,,,
5672000,1418,3.75,,3.228485584259033,,,,3.75,,,,,,,,,
5676000,1419,3.625,,3.2997913360595703,,,,3.625,,,,,,,,,
5680000,1420,3.875,,3.23934268951416,,,,3.875,,,,,,,,,
5684000,1421,3.375,,3.209350109100342,,,,3.375,,,,,,,,,
5688000,1422,3.625,,3.276155710220337,,,,3.625,,,,,,,,,
5692000,1423,3.5,,3.295992374420166,,,,3.5,,,,,,,,,
5696000,1424,3.25,,3.26448917388916,,,,3.25,,,,,,,,,
5700000,1425,2.875,,3.1957855224609375,,,,2.875,,,,,,,,,
5704000,1426,3.0,,3.320631504058838,,,,3.0,,,,,,,,,
5708000,1427,3.375,,3.237727642059326,,,,3.375,,,,,,,,,
5712000,1428,3.0,,3.1983771324157715,,,,3.0,,,,,,,,,
5716000,1429,4.0,,3.4115476608276367,,,,4.0,,,,,,,,,
5720000,1430,2.375,,3.319270372390747,,,,2.375,,,,,,,,,
5724000,1431,3.375,,3.075301170349121,,,,3.375,,,,,,,,,
5728000,1432,4.0,,3.319633722305298,,,,4.0,,,,,,,,,
5732000,1433,4.125,,3.2027883529663086,,,,4.125,,,,,,,,,
5736000,1434,3.375,,3.2246062755584717,,,,3.375,,,,,,,,,
5740000,1435,4.0,,3.128025770187378,,,,4.0,,,,,,,,,
5744000,1436,3.625,,3.1611127853393555,,,,3.625,,,,,,,,,
5748000,1437,4.0,,3.003793478012085,,,,4.0,,,,,,,,,
5752000,1438,3.875,,3.0564723014831543,,,,3.875,,,,,,,,,
5756000,1439,3.25,,3.1510233879089355,,,,3.25,,,,,,,,,
5760000,1440,3.5,,3.0986876487731934,,,,3.5,,,,,,,,,
5764000,1441,3.875,,3.2032692432403564,,,,3.875,,,,,,,,,
5768000,1442,4.25,,3.0947322845458984,,,,4.25,,,,,,,,,
5772000,1443,3.625,,3.0945661067962646,,,,3.625,,,,,,,,,
5776000,1444,4.0,,3.1903939247131348,,,,4.0,,,,,,,,,
5780000,1445,4.0,,3.1926040649414062,,,,4.0,,,,,,,,,
5784000,1446,4.125,,3.0418734550476074,,,,4.125,,,,,,,,,
5788000,1447,3.25,,3.104916572570801,,,,3.25,,,,,,,,,
5792000,1448,3.875,,3.0512852668762207,,,,3.875,,,,,,,,,
5796000,1449,3.75,,3.0822510719299316,,,,3.75,,,,,,,,,
5800000,1450,4.0,,3.0790576934814453,,,,4.0,,,,,,,,,
5804000,1451,3.875,,3.070587635040283,,,,3.875,,,,,,,,,
5808000,1452,3.75,,3.034458637237549,,,,3.75,,,,,,,,,
5812000,1453,4.125,,3.114321708679199,,,,4.125,,,,,,,,,
5816000,1454,4.375,,3.2386980056762695,,,,4.375,,,,,,,,,
5820000,1455,4.25,,3.209311008453369,,,,4.25,,,,,,,,,
5824000,1456,3.875,,3.100696086883545,,,,3.875,,,,,,,,,
5828000,1457,3.25,,3.100433349609375,,,,3.25,,,,,,,,,
5832000,1458,2.25,,3.063518524169922,,,,2.25,,,,,,,,,
5836000,1459,2.625,,3.157963752746582,,,,2.625,,,,,,,,,
5840000,1460,3.375,,3.0187768936157227,,,,3.375,,,,,,,,,
5844000,1461,3.5,,3.151181697845459,,,,3.5,,,,,,,,,
5848000,1462,4.25,,3.233778715133667,,,,4.25,,,,,,,,,
5852000,1463,3.625,,3.188291549682617,,,,3.625,,,,,,,,,
5856000,1464,4.125,,3.067049503326416,,,,4.125,,,,,,,,,
5860000,1465,3.75,,3.1461591720581055,,,,3.75,,,,,,,,,
5864000,1466,4.0,,3.2268686294555664,,,,4.0,,,,,,,,,
5868000,1467,3.75,,3.0718541145324707,,,,3.75,,,,,,,,,
5872000,1468,2.875,,3.103311061859131,,,,2.875,,,,,,,,,
5876000,1469,3.5,,3.0103096961975098,,,,3.5,,,,,,,,,
5880000,1470,3.875,,3.2521238327026367,,,,3.875,,,,,,,,,
5884000,1471,3.75,,3.1204051971435547,,,,3.75,,,,,,,,,
5888000,1472,3.375,,3.1365041732788086,,,,3.375,,,,,,,,,
5892000,1473,3.25,,3.105801582336426,,,,3.25,,,,,,,,,
5896000,1474,4.25,,3.0630862712860107,,,,4.25,,,,,,,,,
5900000,1475,3.5,,3.0831046104431152,,,,3.5,,,,,,,,,
5904000,1476,3.875,,3.1395232677459717,,,,3.875,,,,,,,,,
5908000,1477,3.375,,3.0914947986602783,,,,3.375,,,,,,,,,
5912000,1478,4.25,,2.9923856258392334,,,,4.25,,,,,,,,,
5916000,1479,3.375,,3.204799175262451,,,,3.375,,,,,,,,,
5920000,1480,4.25,,3.1525814533233643,,,,4.25,,,,,,,,,
5924000,1481,3.25,,3.1954922676086426,,,,3.25,,,,,,,,,
5928000,1482,3.75,,3.124713897705078,,,,3.75,,,,,,,,,
5932000,1483,3.5,,3.0659210681915283,,,,3.5,,,,,,,,,
5936000,1484,3.75,,3.014211416244507,,,,3.75,,,,,,,,,
5940000,1485,3.25,,3.1183433532714844,,,,3.25,,,,,,,,,
5944000,1486,3.875,,3.0617165565490723,,,,3.875,,,,,,,,,
5948000,1487,3.125,,3.0843799114227295,,,,3.125,,,,,,,,,
5952000,1488,3.625,,3.139468193054199,,,,3.625,,,,,,,,,
5956000,1489,3.625,,3.136476993560791,,,,3.625,,,,,,,,,
5960000,1490,4.0,,3.0460145473480225,,,,4.0,,,,,,,,,
5964000,1491,2.625,,3.070284843444824,,,,2.625,,,,,,,,,
5968000,1492,4.5,,3.053305149078369,,,,4.5,,,,,,,,,
5972000,1493,3.375,,3.0984482765197754,,,,3.375,,,,,,,,,
5976000,1494,3.625,,3.041973114013672,,,,3.625,,,,,,,,,
5980000,1495,3.875,,3.1201322078704834,,,,3.875,,,,,,,,,
5984000,1496,3.625,,3.0303664207458496,,,,3.625,,,,,,,,,
5988000,1497,3.5,,3.084137439727783,,,,3.5,,,,,,,,,
5992000,1498,3.75,,3.053224563598633,,,,3.75,,,,,,,,,
5996000,1499,3.5,,2.9888014793395996,,,,3.5,,,,,,,,,
6000000,1500,3.5,,3.068720579147339,,,,3.5,,,,,,,,,
6004000,1501,2.875,,3.07377290725708,,,,2.875,,,,,,,,,
6008000,1502,4.25,,3.0706310272216797,,,,4.25,,,,,,,,,
6012000,1503,3.5,,2.9215030670166016,,,,3.5,,,,,,,,,
6016000,1504,3.875,,3.0169036388397217,,,,3.875,,,,,,,,,
6020000,1505,3.875,,3.0196609497070312,,,,3.875,,,,,,,,,
6024000,1506,3.625,,2.958707332611084,,,,3.625,,,,,,,,,
6028000,1507,3.0,,2.973740339279175,,,,3.0,,,,,,,,,
6032000,1508,3.375,,2.9415512084960938,,,,3.375,,,,,,,,,
6036000,1509,3.75,,2.926631450653076,,,,3.75,,,,,,,,,
6040000,1510,3.125,,2.9731013774871826,,,,3.125,,,,,,,,,
6044000,1511,4.125,,3.029386281967163,,,,4.125,,,,,,,,,
6048000,1512,3.125,,2.9976563453674316,,,,3.125,,,,,,,,,
6052000,1513,3.0,,2.951812267303467,,,,3.0,,,,,,,,,
6056000,1514,3.75,,3.008608102798462,,,,3.75,,,,,,,,,
6060000,1515,3.625,,2.9373559951782227,,,,3.625,,,,,,,,,
6064000,1516,3.25,,2.843662977218628,,,,3.25,,,,,,,,,
6068000,1517,3.5,,2.9002673625946045,,,,3.5,,,,,,,,,
6072000,1518,3.625,,2.955441951751709,,,,3.625,,,,,,,,,
6076000,1519,3.625,,2.8921217918395996,,,,3.625,,,,,,,,,
6080000,1520,3.875,,3.002739191055298,,,,3.875,,,,,,,,,
6084000,1521,3.875,,2.9070019721984863,,,,3.875,,,,,,,,,
6088000,1522,3.125,,3.0018317699432373,,,,3.125,,,,,,,,,
6092000,1523,3.625,,2.90797758102417,,,,3.625,,,,,,,,,
6096000,1524,2.75,,2.8989603519439697,,,,2.75,,,,,,,,,
6100000,1525,2.5,,2.824409246444702,,,,2.5,,,,,,,,,
6104000,1526,3.875,,2.8310937881469727,,,,3.875,,,,,,,,,
6108000,1527,3.5,,2.8383517265319824,,,,3.5,,,,,,,,,
6112000,1528,4.0,,2.9103105068206787,,,,4.0,,,,,,,,,
6116000,1529,3.375,,2.83146333694458,,,,3.375,,,,,,,,,
6120000,1530,3.875,,2.8271493911743164,,,,3.875,,,,,,,,,
6124000,1531,3.5,,2.8513617515563965,,,,3.5,,,,,,,,,
6128000,1532,3.125,,2.824838638305664,,,,3.125,,,,,,,,,
6132000,1533,3.75,,2.9357402324676514,,,,3.75,,,,,,,,,
6136000,1534,3.75,,2.784383773803711,,,,3.75,,,,,,,,,
6140000,1535,3.125,,2.77725887298584,,,,3.125,,,,,,,,,
6144000,1536,3.375,,2.80875825881958,,,,3.375,,,,,,,,,
6148000,1537,3.5,,2.867725133895874,,,,3.5,,,,,,,,,
6152000,1538,4.25,,2.7857909202575684,,,,4.25,,,,,,,,,
6156000,1539,3.5,,2.7447280883789062,,,,3.5,,,,,,,,,
6160000,1540,3.75,,2.7950596809387207,,,,3.75,,,,,,,,,
6164000,1541,3.875,,2.7277119159698486,,,,3.875,,,,,,,,,
6168000,1542,3.375,,2.757434844970703,,,,3.375,,,,,,,,,
6172000,1543,4.125,,2.793942451477051,,,,4.125,,,,,,,,,
6176000,1544,4.5,,2.699709177017212,,,,4.5,,,,,,,,,
6180000,1545,2.625,,2.77583646774292,,,,2.625,,,,,,,,,
6184000,1546,3.625,,2.808100700378418,,,,3.625,,,,,,,,,
6188000,1547,3.25,,2.74493408203125,,,,3.25,,,,,,,,,
6192000,1548,3.75,,2.7767794132232666,,,,3.75,,,,,,,,,
6196000,1549,3.875,,2.63309645652771,,,,3.875,,,,,,,,,
6200000,1550,4.25,,2.7525246143341064,,,,4.25,,,,,,,,,
6204000,1551,3.5,,2.7519350051879883,,,,3.5,,,,,,,,,
6208000,1552,3.5,,2.764145851135254,,,,3.5,,,,,,,,,
6212000,1553,2.375,,2.7303061485290527,,,,2.375,,,,,,,,,
6216000,1554,3.125,,2.775265693664551,,,,3.125,,,,,,,,,
6220000,1555,4.0,,2.5949740409851074,,,,4.0,,,,,,,,,
6224000,1556,2.875,,2.710597276687622,,,,2.875,,,,,,,,,
6228000,1557,3.0,,2.648148536682129,,,,3.0,,,,,,,,,
6232000,1558,3.25,,2.691941261291504,,,,3.25,,,,,,,,,
6236000,1559,3.125,,2.636106014251709,,,,3.125,,,,,,,,,
6240000,1560,3.75,,2.729940414428711,,,,3.75,,,,,,,,,
6244000,1561,3.5,,2.667163372039795,,,,3.5,,,,,,,,,
6248000,1562,3.875,,2.785341501235962,,,,3.875,,,,,,,,,
6252000,1563,3.5,,2.6323626041412354,,,,3.5,,,,,,,,,
6256000,1564,3.75,,2.6972591876983643,,,,3.75,,,,,,,,,
6260000,1565,3.5,,2.6178765296936035,,,,3.5,,,,,,,,,
6264000,1566,2.875,,2.6930432319641113,,,,2.875,,,,,,,,,
6268000,1567,3.875,,2.673567056655884,,,,3.875,,,,,,,,,
6272000,1568,3.25,,2.6569666862487793,,,,3.25,,,,,,,,,
6276000,1569,4.0,,2.6579678058624268,,,,4.0,,,,,,,,,
6280000,1570,4.25,,2.647270917892456,,,,4.25,,,,,,,,,
6284000,1571,3.25,,2.6408472061157227,,,,3.25,,,,,,,,,
6288000,1572,4.0,,2.6415324211120605,,,,4.0,,,,,,,,,
6292000,1573,4.0,,2.6265902519226074,,,,4.0,,,,,,,,,
6296000,1574,3.5,,2.6858954429626465,,,,3.5,,,,,,,,,
6300000,1575,2.25,,2.6423909664154053,,,,2.25,,,,,,,,,
6304000,1576,2.0,,2.5822553634643555,,,,2.0,,,,,,,,,
6308000,1577,3.375,,2.5930604934692383,,,,3.375,,,,,,,,,
6312000,1578,3.5,,2.5088541507720947,,,,3.5,,,,,,,,,
6316000,1579,4.125,,2.4989569187164307,,,,4.125,,,,,,,,,
6320000,1580,4.0,,2.6133604049682617,,,,4.0,,,,,,,,,
6324000,1581,4.0,,2.5527873039245605,,,,4.0,,,,,,,,,
6328000,1582,2.875,,2.6312971115112305,,,,2.875,,,,,,,,,
6332000,1583,4.0,,2.539885997772217,,,,4.0,,,,,,,,,
6336000,1584,3.875,,2.6115407943725586,,,,3.875,,,,,,,,,
6340000,1585,3.0,,2.6066336631774902,,,,3.0,,,,,,,,,
6344000,1586,2.875,,2.529608964920044,,,,2.875,,,,,,,,,
6348000,1587,3.375,,2.5333948135375977,,,,3.375,,,,,,,,,
6352000,1588,3.75,,2.4869048595428467,,,,3.75,,,,,,,,,
6356000,1589,3.0,,2.647955894470215,,,,3.0,,,,,,,,,
6360000,1590,4.125,,2.543221950531006,,,,4.125,,,,,,,,,
6364000,1591,3.875,,2.584733009338379,,,,3.875,,,,,,,,,
6368000,1592,3.375,,2.5000064373016357,,,,3.375,,,,,,,,,
6372000,1593,4.0,,2.520983934402466,,,,4.0,,,,,,,,,
6376000,1594,4.0,,2.4919681549072266,,,,4.0,,,,,,,,,
6380000,1595,3.5,,2.576608180999756,,,,3.5,,,,,,,,,
6384000,1596,3.5,,2.52433705329895,,,,3.5,,,,,,,,,
6388000,1597,2.75,,2.3896961212158203,,,,2.75,,,,,,,,,
6392000,1598,3.5,,2.566333293914795,,,,3.5,,,,,,,,,
6396000,1599,4.0,,2.5413403511047363,,,,4.0,,,,,,,,,
6400000,1600,3.375,,2.516310691833496,,,,3.375,,,,,,,,,
6404000,1601,3.125,,2.470417022705078,,,,3.125,,,,,,,,,
6408000,1602,3.375,,2.4733824729919434,,,,3.375,,,,,,,,,
6412000,1603,2.375,,2.528718948364258,,,,2.375,,,,,,,,,
6416000,1604,3.375,,2.4775166511535645,,,,3.375,,,,,,,,,
6420000,1605,2.75,,2.466322898864746,,,,2.75,,,,,,,,,
6424000,1606,2.5,,2.4806976318359375,,,,2.5,,,,,,,,,
6428000,1607,1.0,,2.413264513015747,,,,1.0,,,,,,,,,
6432000,1608,3.25,,2.4475035667419434,,,,3.25,,,,,,,,,
6436000,1609,4.0,,2.484631061553955,,,,4.0,,,,,,,,,
6440000,1610,3.625,,2.396061897277832,,,,3.625,,,,,,,,,
6444000,1611,3.375,,2.4757778644561768,,,,3.375,,,,,,,,,
6448000,1612,4.0,,2.509681224822998,,,,4.0,,,,,,,,,
6452000,1613,3.75,,2.4186882972717285,,,,3.75,,,,,,,,,
6456000,1614,2.125,,2.318495512008667,,,,2.125,,,,,,,,,
6460000,1615,3.375,,2.4670257568359375,,,,3.375,,,,,,,,,
6464000,1616,2.25,,2.3730697631835938,,,,2.25,,,,,,,,,
6468000,1617,2.125,,2.4366097450256348,,,,2.125,,,,,,,,,
6472000,1618,1.25,,2.3951921463012695,,,,1.25,,,,,,,,,
6476000,1619,3.0,,2.3594284057617188,,,,3.0,,,,,,,,,
6480000,1620,2.5,,2.3282439708709717,,,,2.5,,,,,,,,,
6484000,1621,3.25,,2.258082866668701,,,,3.25,,,,,,,,,
6488000,1622,3.875,,2.3168625831604004,,,,3.875,,,,,,,,,
6492000,1623,3.75,,2.2879886627197266,,,,3.75,,,,,,,,,
6496000,1624,3.125,,2.3605213165283203,,,,3.125,,,,,,,,,
6500000,1625,3.375,,2.3454651832580566,,,,3.375,,,,,,,,,
6504000,1626,2.5,,2.417898654937744,,,,2.5,,,,,,,,,
6508000,1627,3.625,,2.3375349044799805,,,,3.625,,,,,,,,,
6512000,1628,1.75,,2.3165202140808105,,,,1.75,,,,,,,,,
6516000,1629,2.625,,2.2564260959625244,,,,2.625,,,,,,,,,
6520000,1630,1.5,,2.3166823387145996,,,,1.5,,,,,,,,,
6524000,1631,3.25,,2.258516788482666,,,,3.25,,,,,,,,,
6528000,1632,3.5,,2.2394983768463135,,,,3.5,,,,,,,,,
6532000,1633,4.125,,2.2202529907226562,,,,4.125,,,,,,,,,
6536000,1634,3.375,,2.180845022201538,,,,3.375,,,,,,,,,
6540000,1635,4.0,,2.260159730911255,,,,4.0,,,,,,,,,
6544000,1636,3.75,,2.2321577072143555,,,,3.75,,,,,,,,,
6548000,1637,3.125,,2.2502546310424805,,,,3.125,,,,,,,,,
6552000,1638,3.0,,2.27475643157959,,,,3.0,,,,,,,,,
6556000,1639,2.75,,2.1967105865478516,,,,2.75,,,,,,,,,
6560000,1640,2.875,,2.428262233734131,,,,2.875,,,,,,,,,
6564000,1641,3.625,,2.2739858627319336,,,,3.625,,,,,,,,,
6568000,1642,3.75,,2.311753273010254,,,,3.75,,,,,,,,,
6572000,1643,4.125,,2.2557194232940674,,,,4.125,,,,,,,,,
6576000,1644,3.125,,2.2238528728485107,,,,3.125,,,,,,,,,
6580000,1645,2.625,,2.2258365154266357,,,,2.625,,,,,,,,,
6584000,1646,4.0,,2.151219367980957,,,,4.0,,,,,,,,,
6588000,1647,3.75,,2.2089431285858154,,,,3.75,,,,,,,,,
6592000,1648,3.375,,2.2667670249938965,,,,3.375,,,,,,,,,
6596000,1649,4.0,,2.1874630451202393,,,,4.0,,,,,,,,,
6600000,1650,3.375,,2.2002828121185303,,,,3.375,,,,,,,,,
6604000,1651,3.875,,2.183157444000244,,,,3.875,,,,,,,,,
6608000,1652,4.375,,2.269150495529175,,,,4.375,,,,,,,,,
6612000,1653,3.625,,2.2955989837646484,,,,3.625,,,,,,,,,
6616000,1654,3.5,,2.2698092460632324,,,,3.5,,,,,,,,,
6620000,1655,3.875,,2.1786131858825684,,,,3.875,,,,,,,,,
6624000,1656,3.625,,2.231743812561035,,,,3.625,,,,,,,,,
6628000,1657,3.75,,2.105300188064575,,,,3.75,,,,,,,,,
6632000,1658,4.25,,2.202995777130127,,,,4.25,,,,,,,,,
6636000,1659,4.125,,2.306326389312744,,,,4.125,,,,,,,,,
6640000,1660,3.625,,2.1766538619995117,,,,3.625,,,,,,,,,
6644000,1661,4.0,,2.208406686782837,,,,4.0,,,,,,,,,
6648000,1662,3.875,,2.2064316272735596,,,,3.875,,,,,,,,,
6652000,1663,3.75,,2.198835849761963,,,,3.75,,,,,,,,,
6656000,1664,3.875,,2.2655327320098877,,,,3.875,,,,,,,,,
6660000,1665,3.625,,2.221794605255127,,,,3.625,,,,,,,,,
6664000,1666,3.25,,2.2124359607696533,,,,3.25,,,,,,,,,
6668000,1667,3.125,,2.1075518131256104,,,,3.125,,,,,,,,,
6672000,1668,3.875,,2.2577552795410156,,,,3.875,,,,,,,,,
6676000,1669,3.75,,2.126156806945801,,,,3.75,,,,,,,,,
6680000,1670,3.0,,2.2096328735351562,,,,3.0,,,,,,,,,
6684000,1671,4.125,,2.18088436126709,,,,4.125,,,,,,,,,
6688000,1672,3.125,,2.196606159210205,,,,3.125,,,,,,,,,
6692000,1673,3.375,,2.1973423957824707,,,,3.375,,,,,,,,,
6696000,1674,3.5,,2.1733574867248535,,,,3.5,,,,,,,,,
6700000,1675,3.0,,2.1914377212524414,,,,3.0,,,,,,,,,
6704000,1676,3.25,,2.1555564403533936,,,,3.25,,,,,,,,,
6708000,1677,3.125,,2.119441032409668,,,,3.125,,,,,,,,,
6712000,1678,3.125,,2.220179319381714,,,,3.125,,,,,,,,,
6716000,1679,3.625,,2.192187786102295,,,,3.625,,,,,,,,,
6720000,1680,2.625,,2.1493330001831055,,,,2.625,,,,,,,,,
6724000,1681,2.125,,2.2060763835906982,,,,2.125,,,,,,,,,
6728000,1682,2.375,,2.1733498573303223,,,,2.375,,,,,,,,,
6732000,1683,3.25,,2.0992627143859863,,,,3.25,,,,,,,,,
6736000,1684,3.875,,2.1574110984802246,,,,3.875,,,,,,,,,
6740000,1685,3.875,,2.1521401405334473,,,,3.875,,,,,,,,,
6744000,1686,3.25,,2.104445219039917,,,,3.25,,,,,,,,,
6748000,1687,3.375,,2.1473798751831055,,,,3.375,,,,,,,,,
6752000,1688,3.0,,2.0859851837158203,,,,3.0,,,,,,,,,
6756000,1689,3.375,,2.0707507133483887,,,,3.375,,,,,,,,,
6760000,1690,3.5,,2.078888416290283,,,,3.5,,,,,,,,,
6764000,1691,3.5,,2.194456100463867,,,,3.5,,,,,,,,,
6768000,1692,2.75,,2.100142478942871,,,,2.75,,,,,,,,,
6772000,1693,3.0,,2.1191773414611816,,,,3.0,,,,,,,,,
6776000,1694,3.625,,2.093127727508545,,,,3.625,,,,,,,,,
6780000,1695,2.5,,2.1173171997070312,,,,2.5,,,,,,,,,
6784000,1696,3.0,,2.1000022888183594,,,,3.0,,,,,,,,,
6788000,1697,3.5,,2.1373963356018066,,,,3.5,,,,,,,,,
6792000,1698,3.5,,2.0206046104431152,,,,3.5,,,,,,,,,
6796000,1699,3.25,,1.990304946899414,,,,3.25,,,,,,,,,
6800000,1700,4.0,,2.0419044494628906,,,,4.0,,,,,,,,,
6804000,1701,3.125,,1.9984536170959473,,,,3.125,,,,,,,,,
6808000,1702,2.875,,2.1147942543029785,,,,2.875,,,,,,,,,
6812000,1703,3.25,,2.0695033073425293,,,,3.25,,,,,,,,,
6816000,1704,3.5,,1.9872877597808838,,,,3.5,,,,,,,,,
6820000,1705,3.375,,2.0544304847717285,,,,3.375,,,,,,,,,
6824000,1706,3.75,,2.038418769836426,,,,3.75,,,,,,,,,
6828000,1707,3.0,,2.0695323944091797,,,,3.0,,,,,,,,,
6832000,1708,3.5,,2.0340328216552734,,,,3.5,,,,,,,,,
6836000,1709,3.625,,1.994089961051941,,,,3.625,,,,,,,,,
6840000,1710,3.75,,2.0457992553710938,,,,3.75,,,,,,,,,
6844000,1711,3.25,,2.125755786895752,,,,3.25,,,,,,,,,
6848000,1712,3.75,,2.0029473304748535,,,,3.75,,,,,,,,,
6852000,1713,2.5,,1.933286428451538,,,,2.5,,,,,,,,,
6856000,1714,2.875,,2.060272455215454,,,,2.875,,,,,,,,,
6860000,1715,2.0,,1.979996919631958,,,,2.0,,,,,,,,,
6864000,1716,3.625,,1.9614239931106567,,,,3.625,,,,,,,,,
6868000,1717,3.125,,1.8942612409591675,,,,3.125,,,,,,,,,
6872000,1718,2.75,,1.9396944046020508,,,,2.75,,,,,,,,,
6876000,1719,4.125,,1.9577902555465698,,,,4.125,,,,,,,,,
6880000,1720,3.375,,2.0317869186401367,,,,3.375,,,,,,,,,
6884000,1721,3.5,,1.9882371425628662,,,,3.5,,,,,,,,,
6888000,1722,3.25,,2.0518128871917725,,,,3.25,,,,,,,,,
6892000,1723,2.5,,1.99348783493042,,,,2.5,,,,,,,,,
6896000,1724,3.25,,1.9571762084960938,,,,3.25,,,,,,,,,
6900000,1725,3.25,,1.9813475608825684,,,,3.25,,,,,,,,,
6904000,1726,2.75,,1.976922869682312,,,,2.75,,,,,,,,,
6908000,1727,2.375,,1.9512555599212646,,,,2.375,,,,,,,,,
6912000,1728,3.75,,1.902039885520935,,,,3.75,,,,,,,,,
6916000,1729,3.5,,1.9159871339797974,,,,3.5,,,,,,,,,
6920000,1730,3.5,,2.0431036949157715,,,,3.5,,,,,,,,,
6924000,1731,3.625,,1.958777904510498,,,,3.625,,,,,,,,,
6928000,1732,3.375,,1.9659125804901123,,,,3.375,,,,,,,,,
6932000,1733,2.75,,2.0298309326171875,,,,2.75,,,,,,,,,
6936000,1734,2.875,,1.930080771446228,,,,2.875,,,,,,,,,
6940000,1735,2.875,,1.9624574184417725,,,,2.875,,,,,,,,,
6944000,1736,3.25,,1.9906470775604248,,,,3.25,,,,,,,,,
6948000,1737,1.875,,2.0050342082977295,,,,1.875,,,,,,,,,
6952000,1738,2.625,,1.962127685546875,,,,2.625,,,,,,,,,
6956000,1739,2.625,,1.960214376449585,,,,2.625,,,,,,,,,
6960000,1740,2.5,,2.0349361896514893,,,,2.5,,,,,,,,,
6964000,1741,2.625,,2.0443639755249023,,,,2.625,,,,,,,,,
6968000,1742,3.375,,1.9562156200408936,,,,3.375,,,,,,,,,
6972000,1743,3.5,,2.0653998851776123,,,,3.5,,,,,,,,,
6976000,1744,3.625,,1.9724663496017456,,,,3.625,,,,,,,,,
6980000,1745,3.625,,2.0034878253936768,,,,3.625,,,,,,,,,
6984000,1746,1.75,,1.9873878955841064,,,,1.75,,,,,,,,,
6988000,1747,2.375,,1.9770094156265259,,,,2.375,,,,,,,,,
6992000,1748,3.25,,2.0164289474487305,,,,3.25,,,,,,,,,
6996000,1749,2.625,,1.8671343326568604,,,,2.625,,,,,,,,,
7000000,1750,3.5,,1.9014838933944702,,,,3.5,,,,,,,,,
7004000,1751,1.375,,1.9765225648880005,,,,1.375,,,,,,,,,
7008000,1752,1.875,,2.07135009765625,,,,1.875,,,,,,,,,
7012000,1753,2.875,,1.9905521869659424,,,,2.875,,,,,,,,,
7016000,1754,3.75,,2.0306639671325684,,,,3.75,,,,,,,,,
7020000,1755,2.25,,2.0155134201049805,,,,2.25,,,,,,,,,
7024000,1756,1.25,,1.9295780658721924,,,,1.25,,,,,,,,,
7028000,1757,2.25,,2.006072759628296,,,,2.25,,,,,,,,,
7032000,1758,1.5,,1.867713212966919,,,,1.5,,,,,,,,,
7036000,1759,1.875,,1.928821325302124,,,,1.875,,,,,,,,,
7040000,1760,2.625,,1.9149699211120605,,,,2.625,,,,,,,,,
7044000,1761,1.0,,1.8775677680969238,,,,1.0,,,,,,,,,
7048000,1762,2.125,,1.8233999013900757,,,,2.125,,,,,,,,,
7052000,1763,1.625,,1.951500415802002,,,,1.625,,,,,,,,,
7056000,1764,1.125,,1.9611232280731201,,,,1.125,,,,,,,,,
7060000,1765,3.625,,1.9086673259735107,,,,3.625,,,,,,,,,
7064000,1766,1.625,,1.8951201438903809,,,,1.625,,,,,,,,,
7068000,1767,0.625,,1.8867127895355225,,,,0.625,,,,,,,,,
7072000,1768,0.5,,1.874755859375,,,,0.5,,,,,,,,,
7076000,1769,1.25,,1.8154953718185425,,,,1.25,,,,,,,,,
7080000,1770,2.125,,1.7873806953430176,,,,2.125,,,,,,,,,
7084000,1771,1.625,,1.7705183029174805,,,,1.625,,,,,,,,,
7088000,1772,1.875,,1.7715959548950195,,,,1.875,,,,,,,,,
7092000,1773,2.125,,1.7540110349655151,,,,2.125,,,,,,,,,
7096000,1774,1.0,,1.8420801162719727,,,,1.0,,,,,,,,,
7100000,1775,1.5,,1.870530128479004,,,,1.5,,,,,,,,,
7104000,1776,1.25,,1.918391466140747,,,,1.25,,,,,,,,,
7108000,1777,0.875,,1.8406672477722168,,,,0.875,,,,,,,,,
7112000,1778,0.5,,1.7401251792907715,,,,0.5,,,,,,,,,
7116000,1779,1.25,,1.7173529863357544,,,,1.25,,,,,,,,,
7120000,1780,1.0,,1.6433992385864258,,,,1.0,,,,,,,,,
7124000,1781,0.25,,1.6237711906433105,,,,0.25,,,,,,,,,
7128000,1782,1.5,,1.6043803691864014,,,,1.5,,,,,,,,,
7132000,1783,1.375,,1.7484850883483887,,,,1.375,,,,,,,,,
7136000,1784,2.75,,1.761912226676941,,,,2.75,,,,,,,,,
7140000,1785,1.5,,1.6674578189849854,,,,1.5,,,,,,,,,
7144000,1786,0.5,,1.6509029865264893,,,,0.5,,,,,,,,,
7148000,1787,0.125,,1.6543737649917603,,,,0.125,,,,,,,,,
7152000,1788,0.875,,1.6947612762451172,,,,0.875,,,,,,,,,
7156000,1789,1.625,,1.719381332397461,,,,1.625,,,,,,,,,
7160000,1790,1.0,,1.687785267829895,,,,1.0,,,,,,,,,
7164000,1791,2.125,,1.6097432374954224,,,,2.125,,,,,,,,,
7168000,1792,0.875,,1.596292495727539,,,,0.875,,,,,,,,,
7172000,1793,1.5,,1.5463593006134033,,,,1.5,,,,,,,,,
7176000,1794,3.125,,1.491131067276001,,,,3.125,,,,,,,,,
7180000,1795,3.0,,1.5488370656967163,,,,3.0,,,,,,,,,
7184000,1796,2.125,,1.542341947555542,,,,2.125,,,,,,,,,
7188000,1797,1.625,,1.5830039978027344,,,,1.625,,,,,,,,,
7192000,1798,0.5,,1.4930100440979004,,,,0.5,,,,,,,,,
7196000,1799,0.75,,1.4859625101089478,,,,0.75,,,,,,,,,
7200000,1800,2.0,,1.561134696006775,,,,2.0,,,,,,,,,
7204000,1801,2.875,,1.6808795928955078,,,,2.875,,,,,,,,,
7208000,1802,2.875,,1.4652341604232788,,,,2.875,,,,,,,,,
7212000,1803,2.625,,1.5182933807373047,,,,2.625,,,,,,,,,
7216000,1804,2.875,,1.6448493003845215,,,,2.875,,,,,,,,,
7220000,1805,2.125,,1.5643651485443115,,,,2.125,,,,,,,,,
7224000,1806,1.125,,1.6052522659301758,,,,1.125,,,,,,,,,
7228000,1807,2.0,,1.5119364261627197,,,,2.0,,,,,,,,,
7232000,1808,2.25,,1.4954659938812256,,,,2.25,,,,,,,,,
7236000,1809,1.75,,1.4833667278289795,,,,1.75,,,,,,,,,
7240000,1810,3.0,,1.39130437374115,,,,3.0,,,,,,,,,
7244000,1811,1.125,,1.5040605068206787,,,,1.125,,,,,,,,,
7248000,1812,1.875,,1.4222133159637451,,,,1.875,,,,,,,,,
7252000,1813,0.625,,1.3783519268035889,,,,0.625,,,,,,,,,
7256000,1814,3.375,,1.3750373125076294,,,,3.375,,,,,,,,,
7260000,1815,3.5,,1.522646427154541,,,,3.5,,,,,,,,,
7264000,1816,3.5,,1.391842007637024,,,,3.5,,,,,,,,,
7268000,1817,2.75,,1.4192736148834229,,,,2.75,,,,,,,,,
7272000,1818,2.125,,1.4019886255264282,,,,2.125,,,,,,,,,
7276000,1819,3.25,,1.427814245223999,,,,3.25,,,,,,,,,
7280000,1820,3.0,,1.4397318363189697,,,,3.0,,,,,,,,,
7284000,1821,2.625,,1.4046988487243652,,,,2.625,,,,,,,,,
7288000,1822,3.125,,1.4574557542800903,,,,3.125,,,,,,,,,
7292000,1823,3.5,,1.4385857582092285,,,,3.5,,,,,,,,,
7296000,1824,1.625,,1.375556468963623,,,,1.625,,,,,,,,,
7300000,1825,2.25,,1.4277417659759521,,,,2.25,,,,,,,,,
7304000,1826,1.625,,1.360203742980957,,,,1.625,,,,,,,,,
7308000,1827,1.25,,1.5028077363967896,,,,1.25,,,,,,,,,
7312000,1828,3.0,,1.4046995639801025,,,,3.0,,,,,,,,,
7316000,1829,2.5,,1.439192771911621,,,,2.5,,,,,,,,,
7320000,1830,2.75,,1.4421870708465576,,,,2.75,,,,,,,,,
7324000,1831,2.125,,1.4077715873718262,,,,2.125,,,,,,,,,
7328000,1832,2.25,,1.3936808109283447,,,,2.25,,,,,,,,,
7332000,1833,1.25,,1.431428074836731,,,,1.25,,,,,,,,,
7336000,1834,2.375,,1.439295768737793,,,,2.375,,,,,,,,,
7340000,1835,1.125,,1.272798776626587,,,,1.125,,,,,,,,,
7344000,1836,2.625,,1.368929386138916,,,,2.625,,,,,,,,,
7348000,1837,2.75,,1.320708990097046,,,,2.75,,,,,,,,,
7352000,1838,2.75,,1.2907882928848267,,,,2.75,,,,,,,,,
7356000,1839,1.5,,1.3146934509277344,,,,1.5,,,,,,,,,
7360000,1840,1.25,,1.3339564800262451,,,,1.25,,,,,,,,,
7364000,1841,1.625,,1.3196814060211182,,,,1.625,,,,,,,,,
7368000,1842,1.875,,1.3086845874786377,,,,1.875,,,,,,,,,
7372000,1843,3.0,,1.2923033237457275,,,,3.0,,,,,,,,,
7376000,1844,2.875,,1.3129582405090332,,,,2.875,,,,,,,,,
7380000,1845,2.75,,1.2233041524887085,,,,2.75,,,,,,,,,
7384000,1846,2.625,,1.380554437637329,,,,2.625,,,,,,,,,
7388000,1847,3.25,,1.2854472398757935,,,,3.25,,,,,,,,,
7392000,1848,2.25,,1.3867847919464111,,,,2.25,,,,,,,,,
7396000,1849,2.5,,1.3907740116119385,,,,2.5,,,,,,,,,
7400000,1850,1.5,,1.326617956161499,,,,1.5,,,,,,,,,
7404000,1851,2.875,,1.273082971572876,,,,2.875,,,,,,,,,
7408000,1852,3.0,,1.226358413696289,,,,3.0,,,,,,,,,
7412000,1853,2.625,,1.1634159088134766,,,,2.625,,,,,,,,,
7416000,1854,2.125,,1.3746392726898193,,,,2.125,,,,,,,,,
7420000,1855,1.125,,1.3800709247589111,,,,1.125,,,,,,,,,
7424000,1856,1.625,,1.2417603731155396,,,,1.625,,,,,,,,,
7428000,1857,1.25,,1.249464988708496,,,,1.25,,,,,,,,,
7432000,1858,2.0,,1.262773036956787,,,,2.0,,,,,,,,,
7436000,1859,3.375,,1.2317569255828857,,,,3.375,,,,,,,,,
7440000,1860,1.25,,1.2125144004821777,,,,1.25,,,,,,,,,
7444000,1861,2.75,,1.2079930305480957,,,,2.75,,,,,,,,,
7448000,1862,1.375,,1.2263128757476807,,,,1.375,,,,,,,,,
7452000,1863,2.125,,1.3124092817306519,,,,2.125,,,,,,,,,
7456000,1864,2.125,,1.254988431930542,,,,2.125,,,,,,,,,
7460000,1865,1.75,,1.287479281425476,,,,1.75,,,,,,,,,
7464000,1866,1.125,,1.3242934942245483,,,,1.125,,,,,,,,,
7468000,1867,1.25,,1.1900091171264648,,,,1.25,,,,,,,,,
7472000,1868,2.125,,1.2466070652008057,,,,2.125,,,,,,,,,
7476000,1869,1.75,,1.223841905593872,,,,1.75,,,,,,,,,
7480000,1870,0.875,,1.2676433324813843,,,,0.875,,,,,,,,,
7484000,1871,1.625,,1.2352268695831299,,,,1.625,,,,,,,,,
7488000,1872,1.25,,1.202585220336914,,,,1.25,,,,,,,,,
7492000,1873,0.875,,1.1265597343444824,,,,0.875,,,,,,,,,
7496000,1874,0.75,,1.203859806060791,,,,0.75,,,,,,,,,
7500000,1875,1.125,,1.2181205749511719,,,,1.125,,,,,,,,,
7504000,1876,1.375,,1.1550378799438477,,,,1.375,,,,,,,,,
7508000,1877,1.75,,1.255347490310669,,,,1.75,,,,,,,,,
7512000,1878,2.0,,1.1707603931427002,,,,2.0,,,,,,,,,
7516000,1879,2.75,,1.148974895477295,,,,2.75,,,,,,,,,
7520000,1880,1.125,,1.0749561786651611,,,,1.125,,,,,,,,,
7524000,1881,3.0,,1.3140671253204346,,,,3.0,,,,,,,,,
7528000,1882,1.625,,1.1512043476104736,,,,1.625,,,,,,,,,
7532000,1883,1.625,,1.1489737033843994,,,,1.625,,,,,,,,,
7536000,1884,1.5,,1.1482280492782593,,,,1.5,,,,,,,,,
7540000,1885,2.5,,1.2661159038543701,,,,2.5,,,,,,,,,
7544000,1886,2.75,,1.1854207515716553,,,,2.75,,,,,,,,,
7548000,1887,3.25,,1.2377097606658936,,,,3.25,,,,,,,,,
7552000,1888,1.625,,1.1710710525512695,,,,1.625,,,,,,,,,
7556000,1889,1.125,,1.1866117715835571,,,,1.125,,,,,,,,,
7560000,1890,1.75,,1.1714532375335693,,,,1.75,,,,,,,,,
7564000,1891,1.625,,1.1711980104446411,,,,1.625,,,,,,,,,
7568000,1892,1.25,,1.1458656787872314,,,,1.25,,,,,,,,,
7572000,1893,1.5,,1.2510724067687988,,,,1.5,,,,,,,,,
7576000,1894,2.25,,1.1321053504943848,,,,2.25,,,,,,,,,
7580000,1895,1.875,,1.1882317066192627,,,,1.875,,,,,,,,,
7584000,1896,1.625,,1.2688305377960205,,,,1.625,,,,,,,,,
7588000,1897,1.625,,1.1686196327209473,,,,1.625,,,,,,,,,
7592000,1898,1.5,,1.170067548751831,,,,1.5,,,,,,,,,
7596000,1899,1.875,,1.1135777235031128,,,,1.875,,,,,,,,,
7600000,1900,0.625,,1.1649528741836548,,,,0.625,,,,,,,,,
7604000,1901,1.75,,1.26725435256958,,,,1.75,,,,,,,,,
7608000,1902,3.5,,1.1716744899749756,,,,3.5,,,,,,,,,
7612000,1903,3.25,,1.1087747812271118,,,,3.25,,,,,,,,,
7616000,1904,1.75,,1.162522315979004,,,,1.75,,,,,,,,,
7620000,1905,2.375,,1.2277864217758179,,,,2.375,,,,,,,,,
7624000,1906,0.625,,1.2572001218795776,,,,0.625,,,,,,,,,
7628000,1907,1.625,,1.2428126335144043,,,,1.625,,,,,,,,,
7632000,1908,1.875,,1.3057843446731567,,,,1.875,,,,,,,,,
7636000,1909,1.625,,1.2136905193328857,,,,1.625,,,,,,,,,
7640000,1910,1.5,,1.1094342470169067,,,,1.5,,,,,,,,,
7644000,1911,2.125,,1.1934685707092285,,,,2.125,,,,,,,,,
7648000,1912,1.5,,1.1384460926055908,,,,1.5,,,,,,,,,
7652000,1913,1.25,,1.24271559715271,,,,1.25,,,,,,,,,
7656000,1914,1.5,,1.2949497699737549,,,,1.5,,,,,,,,,
7660000,1915,1.125,,1.2969200611114502,,,,1.125,,,,,,,,,
7664000,1916,1.5,,1.2935383319854736,,,,1.5,,,,,,,,,
7668000,1917,0.5,,1.1754943132400513,,,,0.5,,,,,,,,,
7672000,1918,2.875,,1.2138376235961914,,,,2.875,,,,,,,,,
7676000,1919,2.0,,1.0856348276138306,,,,2.0,,,,,,,,,
7680000,1920,1.375,,1.183241605758667,,,,1.375,,,,,,,,,
7684000,1921,1.75,,1.216536045074463,,,,1.75,,,,,,,,,
7688000,1922,2.5,,1.1866891384124756,,,,2.5,,,,,,,,,
7692000,1923,1.5,,1.1928644180297852,,,,1.5,,,,,,,,,
7696000,1924,1.5,,1.2479841709136963,,,,1.5,,,,,,,,,
7700000,1925,1.5,,1.1206166744232178,,,,1.5,,,,,,,,,
7704000,1926,0.5,,1.152968168258667,,,,0.5,,,,,,,,,
7708000,1927,1.25,,1.1207059621810913,,,,1.25,,,,,,,,,
7712000,1928,1.375,,1.1647377014160156,,,,1.375,,,,,,,,,
7716000,1929,2.375,,1.1532433032989502,,,,2.375,,,,,,,,,
7720000,1930,2.125,,1.1630914211273193,,,,2.125,,,,,,,,,
7724000,1931,1.875,,1.0940210819244385,,,,1.875,,,,,,,,,
7728000,1932,2.75,,1.1881654262542725,,,,2.75,,,,,,,,,
7732000,1933,2.75,,1.188305377960205,,,,2.75,,,,,,,,,
7736000,1934,3.0,,1.190985918045044,,,,3.0,,,,,,,,,
7740000,1935,2.25,,1.1711417436599731,,,,2.25,,,,,,,,,
7744000,1936,2.625,,1.1568729877471924,,,,2.625,,,,,,,,,
7748000,1937,2.25,,1.2098259925842285,,,,2.25,,,,,,,,,
7752000,1938,2.5,,1.1959645748138428,,,,2.5,,,,,,,,,
7756000,1939,3.25,,1.2513821125030518,,,,3.25,,,,,,,,,
7760000,1940,3.625,,1.139439344406128,,,,3.625,,,,,,,,,
7764000,1941,3.0,,1.2001993656158447,,,,3.0,,,,,,,,,
7768000,1942,1.875,,1.1876330375671387,,,,1.875,,,,,,,,,
7772000,1943,1.0,,1.1349949836730957,,,,1.0,,,,,,,,,
7776000,1944,2.25,,1.1350903511047363,,,,2.25,,,,,,,,,
7780000,1945,1.75,,1.1318058967590332,,,,1.75,,,,,,,,,
7784000,1946,2.0,,1.1651544570922852,,,,2.0,,,,,,,,,
7788000,1947,1.625,,1.146080732345581,,,,1.625,,,,,,,,,
7792000,1948,1.0,,1.1145944595336914,,,,1.0,,,,,,,,,
7796000,1949,2.125,,1.122901201248169,,,,2.125,,,,,,,,,
7800000,1950,1.0,,1.1144680976867676,,,,1.0,,,,,,,,,
7804000,1951,1.5,,1.129423975944519,,,,1.5,,,,,,,,,
7808000,1952,1.625,,1.1546798944473267,,,,1.625,,,,,,,,,
7812000,1953,1.25,,1.0820133686065674,,,,1.25,,,,,,,,,
7816000,1954,1.875,,1.1164591312408447,,,,1.875,,,,,,,,,
7820000,1955,2.125,,1.1361510753631592,,,,2.125,,,,,,,,,
7824000,1956,3.125,,1.1502095460891724,,,,3.125,,,,,,,,,
7828000,1957,3.75,,1.127217173576355,,,,3.75,,,,,,,,,
7832000,1958,3.25,,1.1181018352508545,,,,3.25,,,,,,,,,
7836000,1959,2.5,,1.129214882850647,,,,2.5,,,,,,,,,
7840000,1960,2.75,,1.0070616006851196,,,,2.75,,,,,,,,,
7844000,1961,1.875,,1.1500837802886963,,,,1.875,,,,,,,,,
7848000,1962,1.5,,1.1146440505981445,,,,1.5,,,,,,,,,
7852000,1963,1.625,,1.059748888015747,,,,1.625,,,,,,,,,
7856000,1964,1.375,,1.1158256530761719,,,,1.375,,,,,,,,,
7860000,1965,1.875,,1.082831621170044,,,,1.875,,,,,,,,,
7864000,1966,1.375,,1.118229627609253,,,,1.375,,,,,,,,,
7868000,1967,1.75,,1.0266478061676025,,,,1.75,,,,,,,,,
7872000,1968,2.375,,1.1361279487609863,,,,2.375,,,,,,,,,
7876000,1969,2.125,,1.067501187324524,,,,2.125,,,,,,,,,
7880000,1970,2.0,,1.1346462965011597,,,,2.0,,,,,,,,,
7884000,1971,2.625,,1.0968432426452637,,,,2.625,,,,,,,,,
7888000,1972,2.375,,1.0720739364624023,,,,2.375,,,,,,,,,
7892000,1973,2.875,,1.120408296585083,,,,2.875,,,,,,,,,
7896000,1974,3.125,,1.0839892625808716,,,,3.125,,,,,,,,,
7900000,1975,2.875,,1.189333438873291,,,,2.875,,,,,,,,,
7904000,1976,3.875,,1.0739586353302002,,,,3.875,,,,,,,,,
7908000,1977,3.25,,1.0936603546142578,,,,3.25,,,,,,,,,
7912000,1978,3.375,,1.204601526260376,,,,3.375,,,,,,,,,
7916000,1979,1.5,,1.1265270709991455,,,,1.5,,,,,,,,,
7920000,1980,1.875,,1.1016285419464111,,,,1.875,,,,,,,,,
7924000,1981,1.625,,1.0846693515777588,,,,1.625,,,,,,,,,
7928000,1982,2.625,,1.078007698059082,,,,2.625,,,,,,,,,
7932000,1983,2.75,,1.1473768949508667,,,,2.75,,,,,,,,,
7936000,1984,3.25,,1.074124813079834,,,,3.25,,,,,,,,,
7940000,1985,2.625,,0.9946677088737488,,,,2.625,,,,,,,,,
7944000,1986,2.625,,1.0627104043960571,,,,2.625,,,,,,,,,
7948000,1987,1.75,,1.1807968616485596,,,,1.75,,,,,,,,,
7952000,1988,2.125,,1.045884609222412,,,,2.125,,,,,,,,,
7956000,1989,1.5,,1.1485629081726074,,,,1.5,,,,,,,,,
7960000,1990,1.75,,1.1058337688446045,,,,1.75,,,,,,,,,
7964000,1991,2.0,,1.128446102142334,,,,2.0,,,,,,,,,
7968000,1992,1.625,,1.1303186416625977,,,,1.625,,,,,,,,,
7972000,1993,2.375,,1.1734626293182373,,,,2.375,,,,,,,,,
7976000,1994,3.25,,1.1092002391815186,,,,3.25,,,,,,,,,
7980000,1995,3.125,,1.02858304977417,,,,3.125,,,,,,,,,
7984000,1996,2.875,,1.1178667545318604,,,,2.875,,,,,,,,,
7988000,1997,2.875,,1.11248779296875,,,,2.875,,,,,,,,,
7992000,1998,3.375,,1.1739041805267334,,,,3.375,,,,,,,,,
7996000,1999,2.375,,1.1560161113739014,,,,2.375,,,,,,,,,
8000000,2000,1.75,,1.1886193752288818,,,,1.75,,,,,,,,,
8004000,2001,2.25,,1.1845223903656006,,,,2.25,,,,,,,,,
8008000,2002,2.75,,1.2047678232192993,,,,2.75,,,,,,,,,
8012000,2003,2.25,,1.2076419591903687,,,,2.25,,,,,,,,,
8016000,2004,3.25,,1.185988426208496,,,,3.25,,,,,,,,,
8020000,2005,3.375,,1.2364768981933594,,,,3.375,,,,,,,,,
8024000,2006,2.5,,1.1319606304168701,,,,2.5,,,,,,,,,
8028000,2007,2.75,,1.190676212310791,,,,2.75,,,,,,,,,
8032000,2008,1.5,,1.1410802602767944,,,,1.5,,,,,,,,,
8036000,2009,1.625,,1.2387678623199463,,,,1.625,,,,,,,,,
8040000,2010,2.25,,1.1752452850341797,,,,2.25,,,,,,,,,
8044000,2011,1.5,,1.1317462921142578,,,,1.5,,,,,,,,,
8048000,2012,3.0,,1.192230463027954,,,,3.0,,,,,,,,,
8052000,2013,2.375,,1.2005317211151123,,,,2.375,,,,,,,,,
8056000,2014,3.25,,1.223435640335083,,,,3.25,,,,,,,,,
8060000,2015,3.625,,1.2015156745910645,,,,3.625,,,,,,,,,
8064000,2016,3.375,,1.2099111080169678,,,,3.375,,,,,,,,,
8068000,2017,3.625,,1.2505764961242676,,,,3.625,,,,,,,,,
8072000,2018,2.75,,1.2570109367370605,,,,2.75,,,,,,,,,
8076000,2019,3.0,,1.2935385704040527,,,,3.0,,,,,,,,,
8080000,2020,2.625,,1.1950868368148804,,,,2.625,,,,,,,,,
8084000,2021,3.0,,1.2291028499603271,,,,3.0,,,,,,,,,
8088000,2022,2.875,,1.157313585281372,,,,2.875,,,,,,,,,
8092000,2023,3.25,,1.256534457206726,,,,3.25,,,,,,,,,
8096000,2024,3.125,,1.2361629009246826,,,,3.125,,,,,,,,,
8100000,2025,2.875,,1.386845350265503,,,,2.875,,,,,,,,,
8104000,2026,2.25,,1.2488431930541992,,,,2.25,,,,,,,,,
8108000,2027,2.0,,1.2397758960723877,,,,2.0,,,,,,,,,
8112000,2028,3.125,,1.2791061401367188,,,,3.125,,,,,,,,,
8116000,2029,2.625,,1.2517781257629395,,,,2.625,,,,,,,,,
8120000,2030,2.5,,1.1206347942352295,,,,2.5,,,,,,,,,
8124000,2031,3.375,,1.1957757472991943,,,,3.375,,,,,,,,,
8128000,2032,3.5,,1.3430194854736328,,,,3.5,,,,,,,,,
8132000,2033,4.25,,1.2855192422866821,,,,4.25,,,,,,,,,
8136000,2034,3.5,,1.2881137132644653,,,,3.5,,,,,,,,,
8140000,2035,2.875,,1.2515926361083984,,,,2.875,,,,,,,,,
8144000,2036,2.625,,1.2759828567504883,,,,2.625,,,,,,,,,
8148000,2037,2.25,,1.2952001094818115,,,,2.25,,,,,,,,,
8152000,2038,2.375,,1.2479681968688965,,,,2.375,,,,,,,,,
8156000,2039,3.75,,1.3026933670043945,,,,3.75,,,,,,,,,
8160000,2040,2.375,,1.3594164848327637,,,,2.375,,,,,,,,,
8164000,2041,2.375,,1.4149816036224365,,,,2.375,,,,,,,,,
8168000,2042,1.375,,1.4064068794250488,,,,1.375,,,,,,,,,
8172000,2043,0.875,,1.3079591989517212,,,,0.875,,,,,,,,,
8176000,2044,2.0,,1.3644144535064697,,,,2.0,,,,,,,,,
8180000,2045,1.875,,1.3265526294708252,,,,1.875,,,,,,,,,
8184000,2046,1.25,,1.2575851678848267,,,,1.25,,,,,,,,,
8188000,2047,2.0,,1.3317958116531372,,,,2.0,,,,,,,,,
8192000,2048,2.875,,1.2840758562088013,,,,2.875,,,,,,,,,
8196000,2049,3.5,,1.239593267440796,,,,3.5,,,,,,,,,
8200000,2050,3.625,,1.3352501392364502,,,,3.625,,,,,,,,,
8204000,2051,3.125,,1.4137028455734253,,,,3.125,,,,,,,,,
8208000,2052,2.875,,1.3237879276275635,,,,2.875,,,,,,,,,
8212000,2053,2.75,,1.3165146112442017,,,,2.75,,,,,,,,,
8216000,2054,2.5,,1.3341577053070068,,,,2.5,,,,,,,,,
8220000,2055,2.375,,1.307441234588623,,,,2.375,,,,,,,,,
8224000,2056,3.0,,1.3382376432418823,,,,3.0,,,,,,,,,
8228000,2057,3.5,,1.3996782302856445,,,,3.5,,,,,,,,,
8232000,2058,2.625,,1.3741331100463867,,,,2.625,,,,,,,,,
8236000,2059,2.25,,1.349445104598999,,,,2.25,,,,,,,,,
8240000,2060,2.125,,1.3984333276748657,,,,2.125,,,,,,,,,
8244000,2061,3.0,,1.3850977420806885,,,,3.0,,,,,,,,,
8248000,2062,3.0,,1.333300232887268,,,,3.0,,,,,,,,,
8252000,2063,3.125,,1.3840612173080444,,,,3.125,,,,,,,,,
8256000,2064,2.625,,1.3499306440353394,,,,2.625,,,,,,,,,
8260000,2065,4.375,,1.421973466873169,,,,4.375,,,,,,,,,
8264000,2066,3.875,,1.3613135814666748,,,,3.875,,,,,,,,,
8268000,2067,3.75,,1.3358033895492554,,,,3.75,,,,,,,,,
8272000,2068,4.0,,1.3804292678833008,,,,4.0,,,,,,,,,
8276000,2069,3.625,,1.4014431238174438,,,,3.625,,,,,,,,,
8280000,2070,2.875,,1.3694939613342285,,,,2.875,,,,,,,,,
8284000,2071,2.5,,1.308464527130127,,,,2.5,,,,,,,,,
8288000,2072,2.625,,1.3987987041473389,,,,2.625,,,,,,,,,
8292000,2073,3.25,,1.4780101776123047,,,,3.25,,,,,,,,,
8296000,2074,3.5,,1.4286689758300781,,,,3.5,,,,,,,,,
8300000,2075,2.875,,1.514805555343628,,,,2.875,,,,,,,,,
8304000,2076,2.125,,1.3827568292617798,,,,2.125,,,,,,,,,
8308000,2077,1.75,,1.3579638004302979,,,,1.75,,,,,,,,,
8312000,2078,2.125,,1.3586910963058472,,,,2.125,,,,,,,,,
8316000,2079,2.875,,1.4167813062667847,,,,2.875,,,,,,,,,
8320000,2080,4.0,,1.390325665473938,,,,4.0,,,,,,,,,
8324000,2081,3.625,,1.3976795673370361,,,,3.625,,,,,,,,,
8328000,2082,3.625,,1.3965867757797241,,,,3.625,,,,,,,,,
8332000,2083,2.25,,1.418316125869751,,,,2.25,,,,,,,,,
8336000,2084,2.5,,1.4289599657058716,,,,2.5,,,,,,,,,
8340000,2085,2.0,,1.4096300601959229,,,,2.0,,,,,,,,,
8344000,2086,2.625,,1.4302222728729248,,,,2.625,,,,,,,,,
8348000,2087,3.0,,1.4964540004730225,,,,3.0,,,,,,,,,
8352000,2088,3.0,,1.4225611686706543,,,,3.0,,,,,,,,,
8356000,2089,3.125,,1.4534202814102173,,,,3.125,,,,,,,,,
8360000,2090,2.625,,1.4252605438232422,,,,2.625,,,,,,,,,
8364000,2091,2.875,,1.5389842987060547,,,,2.875,,,,,,,,,
8368000,2092,1.375,,1.3977882862091064,,,,1.375,,,,,,,,,
8372000,2093,1.375,,1.5176787376403809,,,,1.375,,,,,,,,,
8376000,2094,2.125,,1.53936767578125,,,,2.125,,,,,,,,,
8380000,2095,3.25,,1.5221291780471802,,,,3.25,,,,,,,,,
8384000,2096,3.875,,1.4807579517364502,,,,3.875,,,,,,,,,
8388000,2097,4.25,,1.549142837524414,,,,4.25,,,,,,,,,
8392000,2098,4.875,,1.4941872358322144,,,,4.875,,,,,,,,,
8396000,2099,3.625,,1.4299733638763428,,,,3.625,,,,,,,,,
8400000,2100,3.25,,1.4695699214935303,,,,3.25,,,,,,,,,
8404000,2101,3.125,,1.521864891052246,,,,3.125,,,,,,,,,
8408000,2102,1.5,,1.5261762142181396,,,,1.5,,,,,,,,,
8412000,2103,3.0,,1.4344234466552734,,,,3.0,,,,,,,,,
8416000,2104,2.25,,1.5637061595916748,,,,2.25,,,,,,,,,
8420000,2105,3.375,,1.4520879983901978,,,,3.375,,,,,,,,,
8424000,2106,2.125,,1.4262837171554565,,,,2.125,,,,,,,,,
8428000,2107,1.125,,1.453088641166687,,,,1.125,,,,,,,,,
8432000,2108,1.0,,1.430612564086914,,,,1.0,,,,,,,,,
8436000,2109,1.375,,1.5371484756469727,,,,1.375,,,,,,,,,
8440000,2110,2.0,,1.4566302299499512,,,,2.0,,,,,,,,,
8444000,2111,1.875,,1.430506944656372,,,,1.875,,,,,,,,,
8448000,2112,3.5,,1.4558699131011963,,,,3.5,,,,,,,,,
8452000,2113,3.125,,1.518380880355835,,,,3.125,,,,,,,,,
8456000,2114,3.375,,1.4042465686798096,,,,3.375,,,,,,,,,
8460000,2115,1.5,,1.4280890226364136,,,,1.5,,,,,,,,,
8464000,2116,2.375,,1.435868501663208,,,,2.375,,,,,,,,,
8468000,2117,2.125,,1.461914300918579,,,,2.125,,,,,,,,,
8472000,2118,1.125,,1.4072861671447754,,,,1.125,,,,,,,,,
8476000,2119,2.625,,1.4415900707244873,,,,2.625,,,,,,,,,
8480000,2120,3.125,,1.4336998462677002,,,,3.125,,,,,,,,,
8484000,2121,3.75,,1.4381744861602783,,,,3.75,,,,,,,,,
8488000,2122,2.75,,1.5340642929077148,,,,2.75,,,,,,,,,
8492000,2123,1.75,,1.459230661392212,,,,1.75,,,,,,,,,
8496000,2124,1.875,,1.4689866304397583,,,,1.875,,,,,,,,,
8500000,2125,1.5,,1.3940074443817139,,,,1.5,,,,,,,,,
8504000,2126,2.375,,1.4213340282440186,,,,2.375,,,,,,,,,
8508000,2127,3.625,,1.4821702241897583,,,,3.625,,,,,,,,,
8512000,2128,3.75,,1.3857885599136353,,,,3.75,,,,,,,,,
8516000,2129,4.5,,1.3935060501098633,,,,4.5,,,,,,,,,
8520000,2130,3.5,,1.4499714374542236,,,,3.5,,,,,,,,,
8524000,2131,3.375,,1.4736883640289307,,,,3.375,,,,,,,,,
8528000,2132,2.625,,1.4838542938232422,,,,2.625,,,,,,,,,
8532000,2133,2.25,,1.4836565256118774,,,,2.25,,,,,,,,,
8536000,2134,2.0,,1.4905160665512085,,,,2.0,,,,,,,,,
8540000,2135,2.625,,1.472628116607666,,,,2.625,,,,,,,,,
8544000,2136,3.625,,1.4817736148834229,,,,3.625,,,,,,,,,
8548000,2137,3.125,,1.4888737201690674,,,,3.125,,,,,,,,,
8552000,2138,3.5,,1.4460899829864502,,,,3.5,,,,,,,,,
8556000,2139,1.625,,1.4638748168945312,,,,1.625,,,,,,,,,
8560000,2140,1.125,,1.4809532165527344,,,,1.125,,,,,,,,,
8564000,2141,2.375,,1.4280710220336914,,,,2.375,,,,,,,,,
8568000,2142,1.875,,1.5034620761871338,,,,1.875,,,,,,,,,
8572000,2143,3.625,,1.4296462535858154,,,,3.625,,,,,,,,,
8576000,2144,4.125,,1.4316723346710205,,,,4.125,,,,,,,,,
8580000,2145,3.75,,1.4018855094909668,,,,3.75,,,,,,,,,
8584000,2146,2.25,,1.4576976299285889,,,,2.25,,,,,,,,,
8588000,2147,3.0,,1.459122657775879,,,,3.0,,,,,,,,,
8592000,2148,2.375,,1.3714191913604736,,,,2.375,,,,,,,,,
8596000,2149,1.875,,1.4948090314865112,,,,1.875,,,,,,,,,
8600000,2150,3.125,,1.455533504486084,,,,3.125,,,,,,,,,
8604000,2151,3.875,,1.5060250759124756,,,,3.875,,,,,,,,,
8608000,2152,4.125,,1.442466378211975,,,,4.125,,,,,,,,,
8612000,2153,2.25,,1.4680004119873047,,,,2.25,,,,,,,,,
8616000,2154,2.0,,1.4153164625167847,,,,2.0,,,,,,,,,
8620000,2155,2.25,,1.4572198390960693,,,,2.25,,,,,,,,,
8624000,2156,1.875,,1.393880844116211,,,,1.875,,,,,,,,,
8628000,2157,1.625,,1.4904279708862305,,,,1.625,,,,,,,,,
8632000,2158,3.625,,1.3959178924560547,,,,3.625,,,,,,,,,
8636000,2159,4.0,,1.3808784484863281,,,,4.0,,,,,,,,,
8640000,2160,3.875,,1.386627435684204,,,,3.875,,,,,,,,,
8644000,2161,3.125,,1.4647698402404785,,,,3.125,,,,,,,,,
8648000,2162,2.25,,1.417650580406189,,,,2.25,,,,,,,,,
8652000,2163,1.75,,1.4625650644302368,,,,1.75,,,,,,,,,
8656000,2164,2.5,,1.5013785362243652,,,,2.5,,,,,,,,,
8660000,2165,3.125,,1.4750514030456543,,,,3.125,,,,,,,,,
8664000,2166,3.5,,1.4030375480651855,,,,3.5,,,,,,,,,
8668000,2167,2.875,,1.4574257135391235,,,,2.875,,,,,,,,,
8672000,2168,2.625,,1.3967006206512451,,,,2.625,,,,,,,,,
8676000,2169,2.625,,1.452855110168457,,,,2.625,,,,,,,,,
8680000,2170,1.75,,1.47206449508667,,,,1.75,,,,,,,,,
8684000,2171,2.625,,1.4334046840667725,,,,2.625,,,,,,,,,
8688000,2172,3.125,,1.459151268005371,,,,3.125,,,,,,,,,
8692000,2173,3.625,,1.4664305448532104,,,,3.625,,,,,,,,,
8696000,2174,4.5,,1.4575834274291992,,,,4.5,,,,,,,,,
8700000,2175,3.75,,1.362621545791626,,,,3.75,,,,,,,,,
8704000,2176,3.125,,1.3719613552093506,,,,3.125,,,,,,,,,
8708000,2177,2.875,,1.4736154079437256,,,,2.875,,,,,,,,,
8712000,2178,1.875,,1.484039545059204,,,,1.875,,,,,,,,,
8716000,2179,2.125,,1.5773963928222656,,,,2.125,,,,,,,,,
8720000,2180,4.25,,1.5194308757781982,,,,4.25,,,,,,,,,
8724000,2181,3.75,,1.4224956035614014,,,,3.75,,,,,,,,,
8728000,2182,3.875,,1.4520255327224731,,,,3.875,,,,,,,,,
8732000,2183,4.125,,1.4658787250518799,,,,4.125,,,,,,,,,
8736000,2184,1.5,,1.4752941131591797,,,,1.5,,,,,,,,,
8740000,2185,0.875,,1.4341943264007568,,,,0.875,,,,,,,,,
8744000,2186,2.5,,1.4037679433822632,,,,2.5,,,,,,,,,
8748000,2187,2.0,,1.4693198204040527,,,,2.0,,,,,,,,,
8752000,2188,4.0,,1.4673787355422974,,,,4.0,,,,,,,,,
8756000,2189,3.625,,1.4333767890930176,,,,3.625,,,,,,,,,
8760000,2190,4.875,,1.437908411026001,,,,4.875,,,,,,,,,
8764000,2191,3.0,,1.4535996913909912,,,,3.0,,,,,,,,,
8768000,2192,0.875,,1.5277884006500244,,,,0.875,,,,,,,,,
8772000,2193,1.375,,1.4692442417144775,,,,1.375,,,,,,,,,
8776000,2194,2.125,,1.5207576751708984,,,,2.125,,,,,,,,,
8780000,2195,3.75,,1.4640135765075684,,,,3.75,,,,,,,,,
8784000,2196,3.375,,1.5059666633605957,,,,3.375,,,,,,,,,
8788000,2197,1.75,,1.421746015548706,,,,1.75,,,,,,,,,
8792000,2198,1.25,,1.4239501953125,,,,1.25,,,,,,,,,
8796000,2199,0.75,,1.3848220109939575,,,,0.75,,,,,,,,,
8800000,2200,1.0,,1.3989275693893433,,,,1.0,,,,,,,,,
8804000,2201,2.625,,1.4058878421783447,,,,2.625,,,,,,,,,
8808000,2202,1.875,,1.467956781387329,,,,1.875,,,,,,,,,
8812000,2203,4.125,,1.424975872039795,,,,4.125,,,,,,,,,
8816000,2204,2.75,,1.4228973388671875,,,,2.75,,,,,,,,,
8820000,2205,2.625,,1.5101845264434814,,,,2.625,,,,,,,,,
8824000,2206,1.0,,1.4642386436462402,,,,1.0,,,,,,,,,
8828000,2207,1.375,,1.3995296955108643,,,,1.375,,,,,,,,,
8832000,2208,2.375,,1.3760323524475098,,,,2.375,,,,,,,,,
8836000,2209,3.625,,1.4010043144226074,,,,3.625,,,,,,,,,
8840000,2210,4.125,,1.4377830028533936,,,,4.125,,,,,,,,,
8844000,2211,1.625,,1.4134721755981445,,,,1.625,,,,,,,,,
8848000,2212,1.25,,1.4336901903152466,,,,1.25,,,,,,,,,
8852000,2213,1.625,,1.4237384796142578,,,,1.625,,,,,,,,,
8856000,2214,3.25,,1.4406410455703735,,,,3.25,,,,,,,,,
8860000,2215,1.5,,1.4398133754730225,,,,1.5,,,,,,,,,
8864000,2216,3.875,,1.3100529909133911,,,,3.875,,,,,,,,,
8868000,2217,3.375,,1.379250407218933,,,,3.375,,,,,,,,,
8872000,2218,2.75,,1.4219133853912354,,,,2.75,,,,,,,,,
8876000,2219,2.0,,1.4011973142623901,,,,2.0,,,,,,,,,
8880000,2220,1.375,,1.4362016916275024,,,,1.375,,,,,,,,,
8884000,2221,1.375,,1.4283748865127563,,,,1.375,,,,,,,,,
8888000,2222,1.25,,1.3491101264953613,,,,1.25,,,,,,,,,
8892000,2223,3.0,,1.452040195465088,,,,3.0,,,,,,,,,
8896000,2224,4.0,,1.315927505493164,,,,4.0,,,,,,,,,
8900000,2225,2.375,,1.3221263885498047,,,,2.375,,,,,,,,,
8904000,2226,1.75,,1.371752142906189,,,,1.75,,,,,,,,,
8908000,2227,2.625,,1.4113495349884033,,,,2.625,,,,,,,,,
8912000,2228,3.625,,1.3273823261260986,,,,3.625,,,,,,,,,
8916000,2229,3.625,,1.3604307174682617,,,,3.625,,,,,,,,,
8920000,2230,1.125,,1.3516747951507568,,,,1.125,,,,,,,,,
8924000,2231,3.375,,1.4206868410110474,,,,3.375,,,,,,,,,
8928000,2232,3.125,,1.1925265789031982,,,,3.125,,,,,,,,,
8932000,2233,4.125,,1.2897038459777832,,,,4.125,,,,,,,,,
8936000,2234,2.0,,1.3829530477523804,,,,2.0,,,,,,,,,
8940000,2235,1.75,,1.356677770614624,,,,1.75,,,,,,,,,
8944000,2236,1.5,,1.2826993465423584,,,,1.5,,,,,,,,,
8948000,2237,2.625,,1.45536208152771,,,,2.625,,,,,,,,,
8952000,2238,3.25,,1.406484603881836,,,,3.25,,,,,,,,,
8956000,2239,2.875,,1.3333373069763184,,,,2.875,,,,,,,,,
8960000,2240,2.5,,1.3448467254638672,,,,2.5,,,,,,,,,
8964000,2241,2.0,,1.4111461639404297,,,,2.0,,,,,,,,,
8968000,2242,0.5,,1.4000158309936523,,,,0.5,,,,,,,,,
8972000,2243,1.5,,1.3528225421905518,,,,1.5,,,,,,,,,
8976000,2244,1.75,,1.2615808248519897,,,,1.75,,,,,,,,,
8980000,2245,1.875,,1.4101612567901611,,,,1.875,,,,,,,,,
8984000,2246,3.25,,1.3260035514831543,,,,3.25,,,,,,,,,
8988000,2247,3.625,,1.3523352146148682,,,,3.625,,,,,,,,,
8992000,2248,2.75,,1.3484853506088257,,,,2.75,,,,,,,,,
8996000,2249,1.125,,1.3588409423828125,,,,1.125,,,,,,,,,
9000000,2250,1.375,,1.4058878421783447,,,,1.375,,,,,,,,,
9004000,2251,0.75,,1.3596653938293457,,,,0.75,,,,,,,,,
9008000,2252,2.25,,1.4414422512054443,,,,2.25,,,,,,,,,
9012000,2253,3.5,,1.3112099170684814,,,,3.5,,,,,,,,,
9016000,2254,3.625,,1.3157835006713867,,,,3.625,,,,,,,,,
9020000,2255,3.25,,1.3561804294586182,,,,3.25,,,,,,,,,
9024000,2256,1.625,,1.3516098260879517,,,,1.625,,,,,,,,,
9028000,2257,2.25,,1.3229966163635254,,,,2.25,,,,,,,,,
9032000,2258,2.375,,1.4151712656021118,,,,2.375,,,,,,,,,
9036000,2259,2.25,,1.3788460493087769,,,,2.25,,,,,,,,,
9040000,2260,1.75,,1.348109483718872,,,,1.75,,,,,,,,,
9044000,2261,3.125,,1.2397172451019287,,,,3.125,,,,,,,,,
9048000,2262,2.625,,1.3507314920425415,,,,2.625,,,,,,,,,
9052000,2263,2.5,,1.4165903329849243,,,,2.5,,,,,,,,,
9056000,2264,1.625,,1.3217175006866455,,,,1.625,,,,,,,,,
9060000,2265,2.0,,1.3996621370315552,,,,2.0,,,,,,,,,
9064000,2266,1.25,,1.318244218826294,,,,1.25,,,,,,,,,
9068000,2267,1.5,,1.2674312591552734,,,,1.5,,,,,,,,,
9072000,2268,2.25,,1.3529359102249146,,,,2.25,,,,,,,,,
9076000,2269,3.875,,1.3170757293701172,,,,3.875,,,,,,,,,
9080000,2270,2.875,,1.246986985206604,,,,2.875,,,,,,,,,
9084000,2271,1.375,,1.3005716800689697,,,,1.375,,,,,,,,,
9088000,2272,2.25,,1.2665386199951172,,,,2.25,,,,,,,,,
9092000,2273,2.125,,1.3176275491714478,,,,2.125,,,,,,,,,
9096000,2274,1.875,,1.3639016151428223,,,,1.875,,,,,,,,,
9100000,2275,1.375,,1.3128160238265991,,,,1.375,,,,,,,,,
9104000,2276,1.375,,1.2682061195373535,,,,1.375,,,,,,,,,
9108000,2277,2.625,,1.290087103843689,,,,2.625,,,,,,,,,
9112000,2278,2.875,,1.2788381576538086,,,,2.875,,,,,,,,,
9116000,2279,2.25,,1.268568992614746,,,,2.25,,,,,,,,,
9120000,2280,1.875,,1.280511498451233,,,,1.875,,,,,,,,,
9124000,2281,0.75,,1.201765537261963,,,,0.75,,,,,,,,,
9128000,2282,1.375,,1.1934304237365723,,,,1.375,,,,,,,,,
9132000,2283,1.375,,1.212684154510498,,,,1.375,,,,,,,,,
9136000,2284,2.125,,1.2289433479309082,,,,2.125,,,,,,,,,
9140000,2285,3.5,,1.2412909269332886,,,,3.5,,,,,,,,,
9144000,2286,3.5,,1.184333324432373,,,,3.5,,,,,,,,,
9148000,2287,2.875,,1.3152036666870117,,,,2.875,,,,,,,,,
9152000,2288,2.125,,1.3079103231430054,,,,2.125,,,,,,,,,
9156000,2289,1.125,,1.2706363201141357,,,,1.125,,,,,,,,,
9160000,2290,1.5,,1.3187109231948853,,,,1.5,,,,,,,,,
9164000,2291,2.0,,1.2796642780303955,,,,2.0,,,,,,,,,
9168000,2292,1.625,,1.2527315616607666,,,,1.625,,,,,,,,,
9172000,2293,2.625,,1.243192195892334,,,,2.625,,,,,,,,,
9176000,2294,2.875,,1.2507528066635132,,,,2.875,,,,,,,,,
9180000,2295,3.25,,1.281322717666626,,,,3.25,,,,,,,,,
9184000,2296,1.5,,1.2874760627746582,,,,1.5,,,,,,,,,
9188000,2297,0.875,,1.2193268537521362,,,,0.875,,,,,,,,,
9192000,2298,0.5,,1.242539882659912,,,,0.5,,,,,,,,,
9196000,2299,0.375,,1.1750514507293701,,,,0.375,,,,,,,,,
9200000,2300,0.375,,1.2962334156036377,,,,0.375,,,,,,,,,
9204000,2301,1.875,,1.1528297662734985,,,,1.875,,,,,,,,,
9208000,2302,3.875,,1.1283259391784668,,,,3.875,,,,,,,,,
9212000,2303,2.375,,1.117763876914978,,,,2.375,,,,,,,,,
9216000,2304,2.5,,1.160294532775879,,,,2.5,,,,,,,,,
9220000,2305,1.75,,1.14877188205719,,,,1.75,,,,,,,,,
9224000,2306,3.5,,1.0617302656173706,,,,3.5,,,,,,,,,
9228000,2307,2.875,,1.20173180103302,,,,2.875,,,,,,,,,
9232000,2308,3.125,,1.2041854858398438,,,,3.125,,,,,,,,,
9236000,2309,2.625,,1.1953449249267578,,,,2.625,,,,,,,,,
9240000,2310,3.75,,1.236795425415039,,,,3.75,,,,,,,,,
9244000,2311,2.875,,1.1826210021972656,,,,2.875,,,,,,,,,
9248000,2312,3.0,,1.1618711948394775,,,,3.0,,,,,,,,,
9252000,2313,2.875,,1.1543645858764648,,,,2.875,,,,,,,,,
9256000,2314,1.875,,1.1208012104034424,,,,1.875,,,,,,,,,
9260000,2315,2.375,,1.0956041812896729,,,,2.375,,,,,,,,,
9264000,2316,1.625,,1.1474010944366455,,,,1.625,,,,,,,,,
9268000,2317,2.125,,1.2180943489074707,,,,2.125,,,,,,,,,
9272000,2318,3.25,,1.2011725902557373,,,,3.25,,,,,,,,,
9276000,2319,3.5,,1.157667636871338,,,,3.5,,,,,,,,,
9280000,2320,4.0,,1.250681757926941,,,,4.0,,,,,,,,,
9284000,2321,3.375,,1.1687980890274048,,,,3.375,,,,,,,,,
9288000,2322,2.375,,1.1913663148880005,,,,2.375,,,,,,,,,
9292000,2323,2.5,,1.3077913522720337,,,,2.5,,,,,,,,,
9296000,2324,1.25,,1.254644751548767,,,,1.25,,,,,,,,,
9300000,2325,2.25,,1.2281924486160278,,,,2.25,,,,,,,,,
9304000,2326,0.625,,1.2636829614639282,,,,0.625,,,,,,,,,
9308000,2327,2.25,,1.1718388795852661,,,,2.25,,,,,,,,,
9312000,2328,2.75,,1.2093162536621094,,,,2.75,,,,,,,,,
9316000,2329,2.625,,1.1975648403167725,,,,2.625,,,,,,,,,
9320000,2330,3.5,,1.2620066404342651,,,,3.5,,,,,,,,,
9324000,2331,2.25,,1.2052769660949707,,,,2.25,,,,,,,,,
9328000,2332,0.75,,1.068588376045227,,,,0.75,,,,,,,,,
9332000,2333,0.625,,1.1022738218307495,,,,0.625,,,,,,,,,
9336000,2334,0.5,,1.2077518701553345,,,,0.5,,,,,,,,,
9340000,2335,1.5,,1.1695351600646973,,,,1.5,,,,,,,,,
9344000,2336,1.5,,1.0756113529205322,,,,1.5,,,,,,,,,
9348000,2337,3.0,,1.1820135116577148,,,,3.0,,,,,,,,,
9352000,2338,2.125,,1.1779776811599731,,,,2.125,,,,,,,,,
9356000,2339,1.875,,1.0893092155456543,,,,1.875,,,,,,,,,
9360000,2340,1.375,,1.1524696350097656,,,,1.375,,,,,,,,,
9364000,2341,2.0,,1.2722843885421753,,,,2.0,,,,,,,,,
9368000,2342,0.875,,1.2172893285751343,,,,0.875,,,,,,,,,
9372000,2343,1.5,,1.245645523071289,,,,1.5,,,,,,,,,
9376000,2344,2.5,,1.1304373741149902,,,,2.5,,,,,,,,,
9380000,2345,2.875,,1.0706433057785034,,,,2.875,,,,,,,,,
9384000,2346,3.0,,1.1525317430496216,,,,3.0,,,,,,,,,
9388000,2347,3.625,,1.15413236618042,,,,3.625,,,,,,,,,
9392000,2348,1.625,,1.1452679634094238,,,,1.625,,,,,,,,,
9396000,2349,3.0,,1.189260721206665,,,,3.0,,,,,,,,,
9400000,2350,1.375,,1.0695228576660156,,,,1.375,,,,,,,,,
9404000,2351,0.5,,1.0814709663391113,,,,0.5,,,,,,,,,
9408000,2352,1.375,,1.1370558738708496,,,,1.375,,,,,,,,,
9412000,2353,1.75,,1.0904812812805176,,,,1.75,,,,,,,,,
9416000,2354,3.375,,1.0891764163970947,,,,3.375,,,,,,,,,
9420000,2355,2.5,,1.0388836860656738,,,,2.5,,,,,,,,,
9424000,2356,3.25,,1.1131917238235474,,,,3.25,,,,,,,,,
9428000,2357,1.125,,1.110522747039795,,,,1.125,,,,,,,,,
9432000,2358,3.0,,1.15877103805542,,,,3.0,,,,,,,,,
9436000,2359,2.5,,1.1219414472579956,,,,2.5,,,,,,,,,
9440000,2360,1.875,,1.1080327033996582,,,,1.875,,,,,,,,,
9444000,2361,3.5,,1.1105917692184448,,,,3.5,,,,,,,,,
9448000,2362,2.75,,1.068331241607666,,,,2.75,,,,,,,,,
9452000,2363,3.875,,1.1229488849639893,,,,3.875,,,,,,,,,
9456000,2364,4.125,,1.1026549339294434,,,,4.125,,,,,,,,,
9460000,2365,3.875,,1.1815054416656494,,,,3.875,,,,,,,,,
9464000,2366,2.875,,1.1278486251831055,,,,2.875,,,,,,,,,
9468000,2367,3.125,,1.078883171081543,,,,3.125,,,,,,,,,
9472000,2368,2.625,,1.0638577938079834,,,,2.625,,,,,,,,,
9476000,2369,2.5,,1.0463627576828003,,,,2.5,,,,,,,,,
9480000,2370,2.0,,1.139051914215088,,,,2.0,,,,,,,,,
9484000,2371,3.125,,1.152961254119873,,,,3.125,,,,,,,,,
9488000,2372,3.625,,1.1656208038330078,,,,3.625,,,,,,,,,
9492000,2373,4.0,,1.0476287603378296,,,,4.0,,,,,,,,,
9496000,2374,4.125,,1.1737165451049805,,,,4.125,,,,,,,,,
9500000,2375,3.875,,1.0497572422027588,,,,3.875,,,,,,,,,
9504000,2376,3.0,,1.1532061100006104,,,,3.0,,,,,,,,,
9508000,2377,3.0,,1.13193941116333,,,,3.0,,,,,,,,,
9512000,2378,2.875,,1.1656088829040527,,,,2.875,,,,,,,,,
9516000,2379,2.875,,1.1664855480194092,,,,2.875,,,,,,,,,
9520000,2380,3.25,,1.262634038925171,,,,3.25,,,,,,,,,
9524000,2381,3.125,,1.1990591287612915,,,,3.125,,,,,,,,,
9528000,2382,3.75,,1.175317645072937,,,,3.75,,,,,,,,,
9532000,2383,4.25,,1.2513768672943115,,,,4.25,,,,,,,,,
9536000,2384,2.5,,1.0872933864593506,,,,2.5,,,,,,,,,
9540000,2385,2.375,,1.0957202911376953,,,,2.375,,,,,,,,,
9544000,2386,2.0,,1.214638590812683,,,,2.0,,,,,,,,,
9548000,2387,2.75,,1.1861902475357056,,,,2.75,,,,,,,,,
9552000,2388,2.875,,1.160154104232788,,,,2.875,,,,,,,,,
9556000,2389,3.125,,1.1928939819335938,,,,3.125,,,,,,,,,
9560000,2390,4.125,,1.202885627746582,,,,4.125,,,,,,,,,
9564000,2391,3.875,,1.1774284839630127,,,,3.875,,,,,,,,,
9568000,2392,3.25,,1.2405421733856201,,,,3.25,,,,,,,,,
9572000,2393,4.0,,1.2611441612243652,,,,4.0,,,,,,,,,
9576000,2394,3.125,,1.1862152814865112,,,,3.125,,,,,,,,,
9580000,2395,2.625,,1.1961171627044678,,,,2.625,,,,,,,,,
9584000,2396,3.75,,1.1476786136627197,,,,3.75,,,,,,,,,
9588000,2397,3.375,,1.2158641815185547,,,,3.375,,,,,,,,,
9592000,2398,4.375,,1.2545660734176636,,,,4.375,,,,,,,,,
9596000,2399,4.875,,1.2191407680511475,,,,4.875,,,,,,,,,
9600000,2400,3.5,,1.1913306713104248,,,,3.5,,,,,,,,,
9604000,2401,4.25,,1.22078275680542,,,,4.25,,,,,,,,,
9608000,2402,3.375,,1.2352590560913086,,,,3.375,,,,,,,,,
9612000,2403,3.25,,1.3494458198547363,,,,3.25,,,,,,,,,
9616000,2404,3.25,,1.2815806865692139,,,,3.25,,,,,,,,,
9620000,2405,3.125,,1.2427189350128174,,,,3.125,,,,,,,,,
9624000,2406,4.25,,1.2962193489074707,,,,4.25,,,,,,,,,
9628000,2407,3.625,,1.279457926750183,,,,3.625,,,,,,,,,
9632000,2408,4.5,,1.3707098960876465,,,,4.5,,,,,,,,,
9636000,2409,3.5,,1.1520307064056396,,,,3.5,,,,,,,,,
9640000,2410,3.5,,1.3936479091644287,,,,3.5,,,,,,,,,
9644000,2411,3.375,,1.3313045501708984,,,,3.375,,,,,,,,,
9648000,2412,4.125,,1.3214073181152344,,,,4.125,,,,,,,,,
9652000,2413,4.375,,1.3315761089324951,,,,4.375,,,,,,,,,
9656000,2414,5.125,,1.2787522077560425,,,,5.125,,,,,,,,,
9660000,2415,4.0,,1.3367035388946533,,,,4.0,,,,,,,,,
9664000,2416,3.625,,1.443590521812439,,,,3.625,,,,,,,,,
9668000,2417,3.25,,1.392231822013855,,,,3.25,,,,,,,,,
9672000,2418,3.375,,1.372084140777588,,,,3.375,,,,,,,,,
9676000,2419,3.375,,1.3421398401260376,,,,3.375,,,,,,,,,
9680000,2420,3.5,,1.2996596097946167,,,,3.5,,,,,,,,,
9684000,2421,3.625,,1.3824715614318848,,,,3.625,,,,,,,,,
9688000,2422,4.0,,1.404078722000122,,,,4.0,,,,,,,,,
9692000,2423,4.25,,1.3277878761291504,,,,4.25,,,,,,,,,
9696000,2424,3.625,,1.310340166091919,,,,3.625,,,,,,,,,
9700000,2425,3.0,,1.303831696510315,,,,3.0,,,,,,,,,
9704000,2426,2.25,,1.320026159286499,,,,2.25,,,,,,,,,
9708000,2427,3.375,,1.4130760431289673,,,,3.375,,,,,,,,,
9712000,2428,4.125,,1.388561487197876,,,,4.125,,,,,,,,,
9716000,2429,4.25,,1.4128386974334717,,,,4.25,,,,,,,,,
9720000,2430,3.5,,1.446998119354248,,,,3.5,,,,,,,,,
9724000,2431,4.5,,1.4419628381729126,,,,4.5,,,,,,,,,
9728000,2432,4.375,,1.3258309364318848,,,,4.375,,,,,,,,,
9732000,2433,4.25,,1.4523236751556396,,,,4.25,,,,,,,,,
9736000,2434,3.5,,1.382922649383545,,,,3.5,,,,,,,,,
9740000,2435,4.0,,1.3952610492706299,,,,4.0,,,,,,,,,
9744000,2436,4.125,,1.5129194259643555,,,,4.125,,,,,,,,,
9748000,2437,4.5,,1.330937147140503,,,,4.5,,,,,,,,,
9752000,2438,4.375,,1.4834057092666626,,,,4.375,,,,,,,,,
9756000,2439,3.875,,1.3815627098083496,,,,3.875,,,,,,,,,
9760000,2440,3.875,,1.4292962551116943,,,,3.875,,,,,,,,,
9764000,2441,3.875,,1.4072718620300293,,,,3.875,,,,,,,,,
9768000,2442,4.625,,1.4236111640930176,,,,4.625,,,,,,,,,
9772000,2443,4.625,,1.4893569946289062,,,,4.625,,,,,,,,,
9776000,2444,4.5,,1.4632198810577393,,,,4.5,,,,,,,,,
9780000,2445,4.25,,1.4647746086120605,,,,4.25,,,,,,,,,
9784000,2446,3.25,,1.5589373111724854,,,,3.25,,,,,,,,,
9788000,2447,3.375,,1.4560904502868652,,,,3.375,,,,,,,,,
9792000,2448,3.875,,1.4786925315856934,,,,3.875,,,,,,,,,
9796000,2449,4.125,,1.4926624298095703,,,,4.125,,,,,,,,,
9800000,2450,4.625,,1.549264669418335,,,,4.625,,,,,,,,,
9804000,2451,4.0,,1.4479514360427856,,,,4.0,,,,,,,,,
9808000,2452,3.625,,1.4519751071929932,,,,3.625,,,,,,,,,
9812000,2453,3.625,,1.4749232530593872,,,,3.625,,,,,,,,,
9816000,2454,3.0,,1.4501841068267822,,,,3.0,,,,,,,,,
9820000,2455,3.875,,1.4961987733840942,,,,3.875,,,,,,,,,
9824000,2456,4.25,,1.5431764125823975,,,,4.25,,,,,,,,,
9828000,2457,4.625,,1.485200047492981,,,,4.625,,,,,,,,,
9832000,2458,3.875,,1.662127137184143,,,,3.875,,,,,,,,,
9836000,2459,3.875,,1.5575969219207764,,,,3.875,,,,,,,,,
9840000,2460,4.0,,1.6211488246917725,,,,4.0,,,,,,,,,
9844000,2461,4.25,,1.5417518615722656,,,,4.25,,,,,,,,,
9848000,2462,4.375,,1.6027336120605469,,,,4.375,,,,,,,,,
9852000,2463,4.375,,1.6919605731964111,,,,4.375,,,,,,,,,
9856000,2464,4.875,,1.668792486190796,,,,4.875,,,,,,,,,
9860000,2465,4.75,,1.6204838752746582,,,,4.75,,,,,,,,,
9864000,2466,4.125,,1.6693403720855713,,,,4.125,,,,,,,,,
9868000,2467,4.0,,1.635555624961853,,,,4.0,,,,,,,,,
9872000,2468,3.5,,1.659714937210083,,,,3.5,,,,,,,,,
9876000,2469,4.25,,1.6720178127288818,,,,4.25,,,,,,,,,
9880000,2470,3.625,,1.6164569854736328,,,,3.625,,,,,,,,,
9884000,2471,3.25,,1.695703148841858,,,,3.25,,,,,,,,,
9888000,2472,3.875,,1.5398294925689697,,,,3.875,,,,,,,,,
9892000,2473,4.0,,1.630666971206665,,,,4.0,,,,,,,,,
9896000,2474,4.0,,1.635000228881836,,,,4.0,,,,,,,,,
9900000,2475,4.25,,1.6785961389541626,,,,4.25,,,,,,,,,
9904000,2476,4.375,,1.6794607639312744,,,,4.375,,,,,,,,,
9908000,2477,4.0,,1.7162506580352783,,,,4.0,,,,,,,,,
9912000,2478,4.0,,1.7010507583618164,,,,4.0,,,,,,,,,
9916000,2479,3.875,,1.6433818340301514,,,,3.875,,,,,,,,,
9920000,2480,4.0,,1.7015650272369385,,,,4.0,,,,,,,,,
9924000,2481,3.375,,1.761106014251709,,,,3.375,,,,,,,,,
9928000,2482,4.0,,1.7044765949249268,,,,4.0,,,,,,,,,
9932000,2483,4.625,,1.6850106716156006,,,,4.625,,,,,,,,,
9936000,2484,3.5,,1.7281715869903564,,,,3.5,,,,,,,,,
9940000,2485,3.25,,1.7181707620620728,,,,3.25,,,,,,,,,
9944000,2486,3.25,,1.687246561050415,,,,3.25,,,,,,,,,
9948000,2487,4.375,,1.6984601020812988,,,,4.375,,,,,,,,,
9952000,2488,4.5,,1.8160544633865356,,,,4.5,,,,,,,,,
9956000,2489,3.75,,1.737060546875,,,,3.75,,,,,,,,,
9960000,2490,3.75,,1.733590841293335,,,,3.75,,,,,,,,,
9964000,2491,3.875,,1.7642120122909546,,,,3.875,,,,,,,,,
9968000,2492,5.0,,1.7351679801940918,,,,5.0,,,,,,,,,
9972000,2493,3.5,,1.71761155128479,,,,3.5,,,,,,,,,
9976000,2494,4.375,,1.702812671661377,,,,4.375,,,,,,,,,
9980000,2495,4.625,,1.6991746425628662,,,,4.625,,,,,,,,,
9984000,2496,4.125,,1.718979001045227,,,,4.125,,,,,,,,,
9988000,2497,4.125,,1.7102986574172974,,,,4.125,,,,,,,,,
9992000,2498,4.125,,1.8223415613174438,,,,4.125,,,,,,,,,
9996000,2499,4.375,,1.7792468070983887,,,,4.375,,,,,,,,,
10000000,2500,4.125,,1.7935504913330078,,,,4.125,,,,,,,,,
10004000,2501,4.25,,1.7582838535308838,,,,4.25,,,,,,,,,
10008000,2502,4.375,,1.7382687330245972,,,,4.375,,,,,,,,,
10012000,2503,4.0,,1.8297500610351562,,,,4.0,,,,,,,,,
10016000,2504,4.0,,1.791313886642456,,,,4.0,,,,,,,,,
10020000,2505,4.5,,1.7807695865631104,,,,4.5,,,,,,,,,
10024000,2506,3.625,,1.811977505683899,,,,3.625,,,,,,,,,
10028000,2507,4.125,,1.7928380966186523,,,,4.125,,,,,,,,,
10032000,2508,4.0,,1.7586660385131836,,,,4.0,,,,,,,,,
10036000,2509,4.0,,1.7559813261032104,,,,4.0,,,,,,,,,
10040000,2510,4.375,,1.8238199949264526,,,,4.375,,,,,,,,,
10044000,2511,4.5,,1.7922800779342651,,,,4.5,,,,,,,,,
10048000,2512,4.0,,1.8732001781463623,,,,4.0,,,,,,,,,
10052000,2513,3.5,,1.7928234338760376,,,,3.5,,,,,,,,,
10056000,2514,4.5,,1.857625961303711,,,,4.5,,,,,,,,,
10060000,2515,3.625,,1.7550585269927979,,,,3.625,,,,,,,,,
10064000,2516,3.25,,1.7613635063171387,,,,3.25,,,,,,,,,
10068000,2517,3.75,,1.8270155191421509,,,,3.75,,,,,,,,,
10072000,2518,2.375,,1.7773298025131226,,,,2.375,,,,,,,,,
10076000,2519,3.5,,1.7736139297485352,,,,3.5,,,,,,,,,
10080000,2520,3.875,,1.7796953916549683,,,,3.875,,,,,,,,,
10084000,2521,4.375,,1.7336926460266113,,,,4.375,,,,,,,,,
10088000,2522,4.125,,1.7674732208251953,,,,4.125,,,,,,,,,
10092000,2523,3.5,,1.7506458759307861,,,,3.5,,,,,,,,,
10096000,2524,4.5,,1.7034263610839844,,,,4.5,,,,,,,,,
10100000,2525,4.25,,1.7922959327697754,,,,4.25,,,,,,,,,
10104000,2526,5.25,,1.7683939933776855,,,,5.25,,,,,,,,,
10108000,2527,4.0,,1.8518613576889038,,,,4.0,,,,,,,,,
10112000,2528,4.75,,1.8014053106307983,,,,4.75,,,,,,,,,
10116000,2529,4.75,,1.8076889514923096,,,,4.75,,,,,,,,,
10120000,2530,4.375,,1.7688796520233154,,,,4.375,,,,,,,,,
10124000,2531,3.875,,1.7825698852539062,,,,3.875,,,,,,,,,
10128000,2532,4.125,,1.9116692543029785,,,,4.125,,,,,,,,,
10132000,2533,3.25,,1.8655050992965698,,,,3.25,,,,,,,,,
10136000,2534,3.875,,1.8407196998596191,,,,3.875,,,,,,,,,
10140000,2535,4.125,,1.8465406894683838,,,,4.125,,,,,,,,,
10144000,2536,4.875,,1.797943115234375,,,,4.875,,,,,,,,,
10148000,2537,3.75,,1.8189263343811035,,,,3.75,,,,,,,,,
10152000,2538,4.25,,1.7396125793457031,,,,4.25,,,,,,,,,
10156000,2539,3.375,,1.8236197233200073,,,,3.375,,,,,,,,,
10160000,2540,3.75,,1.8119405508041382,,,,3.75,,,,,,,,,
10164000,2541,4.125,,1.7697092294692993,,,,4.125,,,,,,,,,
10168000,2542,3.5,,1.7308887243270874,,,,3.5,,,,,,,,,
10172000,2543,4.5,,1.782333493232727,,,,4.5,,,,,,,,,
10176000,2544,4.75,,1.7443783283233643,,,,4.75,,,,,,,,,
10180000,2545,4.125,,1.8117433786392212,,,,4.125,,,,,,,,,
10184000,2546,4.375,,1.7725552320480347,,,,4.375,,,,,,,,,
10188000,2547,4.375,,1.8084967136383057,,,,4.375,,,,,,,,,
10192000,2548,2.875,,1.812596321105957,,,,2.875,,,,,,,,,
10196000,2549,3.875,,1.8379548788070679,,,,3.875,,,,,,,,,
10200000,2550,5.125,,1.8455901145935059,,,,5.125,,,,,,,,,
10204000,2551,4.0,,1.7849266529083252,,,,4.0,,,,,,,,,
10208000,2552,4.375,,1.8814096450805664,,,,4.375,,,,,,,,,
10212000,2553,4.25,,1.8395686149597168,,,,4.25,,,,,,,,,
10216000,2554,4.5,,1.8093973398208618,,,,4.5,,,,,,,,,
10220000,2555,4.75,,1.8579540252685547,,,,4.75,,,,,,,,,
10224000,2556,3.75,,1.8894401788711548,,,,3.75,,,,,,,,,
10228000,2557,4.5,,1.7960094213485718,,,,4.5,,,,,,,,,
10232000,2558,3.5,,1.8611317873001099,,,,3.5,,,,,,,,,
10236000,2559,5.0,,1.8351075649261475,,,,5.0,,,,,,,,,
10240000,2560,3.75,,1.8237347602844238,,,,3.75,,,,,,,,,
10244000,2561,3.75,,1.825332522392273,,,,3.75,,,,,,,,,
10248000,2562,3.375,,1.8363189697265625,,,,3.375,,,,,,,,,
10252000,2563,4.25,,1.811838984489441,,,,4.25,,,,,,,,,
10256000,2564,1.75,,1.8873951435089111,,,,1.75,,,,,,,,,
10260000,2565,2.75,,1.7958886623382568,,,,2.75,,,,,,,,,
10264000,2566,3.875,,1.7942079305648804,,,,3.875,,,,,,,,,
10268000,2567,2.75,,1.7493140697479248,,,,2.75,,,,,,,,,
10272000,2568,4.0,,1.7375807762145996,,,,4.0,,,,,,,,,
10276000,2569,3.875,,1.7517720460891724,,,,3.875,,,,,,,,,
10280000,2570,2.875,,1.7681221961975098,,,,2.875,,,,,,,,,
10284000,2571,3.875,,1.7131831645965576,,,,3.875,,,,,,,,,
10288000,2572,4.125,,1.767427682876587,,,,4.125,,,,,,,,,
10292000,2573,2.875,,1.7862085103988647,,,,2.875,,,,,,,,,
10296000,2574,3.0,,1.6922106742858887,,,,3.0,,,,,,,,,
10300000,2575,4.25,,1.8042460680007935,,,,4.25,,,,,,,,,
10304000,2576,3.375,,1.784645915031433,,,,3.375,,,,,,,,,
10308000,2577,3.75,,1.757669448852539,,,,3.75,,,,,,,,,
10312000,2578,3.5,,1.7432552576065063,,,,3.5,,,,,,,,,
10316000,2579,3.5,,1.7364933490753174,,,,3.5,,,,,,,,,
10320000,2580,4.375,,1.7583006620407104,,,,4.375,,,,,,,,,
10324000,2581,4.375,,1.7172553539276123,,,,4.375,,,,,,,,,
10328000,2582,3.625,,1.7515292167663574,,,,3.625,,,,,,,,,
10332000,2583,3.125,,1.8011608123779297,,,,3.125,,,,,,,,,
10336000,2584,5.0,,1.7913919687271118,,,,5.0,,,,,,,,,
10340000,2585,4.25,,1.7576894760131836,,,,4.25,,,,,,,,,
10344000,2586,3.125,,1.7729063034057617,,,,3.125,,,,,,,,,
10348000,2587,4.375,,1.7619515657424927,,,,4.375,,,,,,,,,
10352000,2588,4.125,,1.7281365394592285,,,,4.125,,,,,,,,,
10356000,2589,4.25,,1.7129943370819092,,,,4.25,,,,,,,,,
10360000,2590,3.875,,1.7125734090805054,,,,3.875,,,,,,,,,
10364000,2591,4.625,,1.7175261974334717,,,,4.625,,,,,,,,,
10368000,2592,3.625,,1.6935961246490479,,,,3.625,,,,,,,,,
10372000,2593,4.125,,1.759153962135315,,,,4.125,,,,,,,,,
10376000,2594,4.125,,1.7546682357788086,,,,4.125,,,,,,,,,
10380000,2595,3.875,,1.700482726097107,,,,3.875,,,,,,,,,
10384000,2596,4.0,,1.7038253545761108,,,,4.0,,,,,,,,,
10388000,2597,3.875,,1.8107726573944092,,,,3.875,,,,,,,,,
10392000,2598,3.875,,1.7372466325759888,,,,3.875,,,,,,,,,
10396000,2599,3.75,,1.6669933795928955,,,,3.75,,,,,,,,,
10400000,2600,5.125,,1.7205954790115356,,,,5.125,,,,,,,,,
10404000,2601,4.125,,1.6751251220703125,,,,4.125,,,,,,,,,
10408000,2602,4.125,,1.768336296081543,,,,4.125,,,,,,,,,
10412000,2603,4.875,,1.7145955562591553,,,,4.875,,,,,,,,,
10416000,2604,4.0,,1.6693753004074097,,,,4.0,,,,,,,,,
10420000,2605,4.125,,1.7909663915634155,,,,4.125,,,,,,,,,
10424000,2606,3.625,,1.6504652500152588,,,,3.625,,,,,,,,,
10428000,2607,3.625,,1.722481369972229,,,,3.625,,,,,,,,,
10432000,2608,3.875,,1.6565675735473633,,,,3.875,,,,,,,,,
10436000,2609,3.875,,1.781829833984375,,,,3.875,,,,,,,,,
10440000,2610,3.875,,1.7471323013305664,,,,3.875,,,,,,,,,
10444000,2611,4.75,,1.773941993713379,,,,4.75,,,,,,,,,
10448000,2612,4.125,,1.781361699104309,,,,4.125,,,,,,,,,
10452000,2613,4.25,,1.6852242946624756,,,,4.25,,,,,,,,,
10456000,2614,3.875,,1.7697700262069702,,,,3.875,,,,,,,,,
10460000,2615,3.375,,1.733924150466919,,,,3.375,,,,,,,,,
10464000,2616,4.375,,1.6415045261383057,,,,4.375,,,,,,,,,
10468000,2617,3.375,,1.7364150285720825,,,,3.375,,,,,,,,,
10472000,2618,3.75,,1.7239761352539062,,,,3.75,,,,,,,,,
10476000,2619,3.875,,1.7244200706481934,,,,3.875,,,,,,,,,
10480000,2620,3.5,,1.7523740530014038,,,,3.5,,,,,,,,,
10484000,2621,4.25,,1.7619404792785645,,,,4.25,,,,,,,,,
10488000,2622,4.625,,1.6835403442382812,,,,4.625,,,,,,,,,
10492000,2623,4.25,,1.7417337894439697,,,,4.25,,,,,,,,,
10496000,2624,5.0,,1.7943015098571777,,,,5.0,,,,,,,,,
10500000,2625,4.125,,1.6766278743743896,,,,4.125,,,,,,,,,
10504000,2626,3.125,,1.7076432704925537,,,,3.125,,,,,,,,,
10508000,2627,2.875,,1.7698495388031006,,,,2.875,,,,,,,,,
10512000,2628,4.375,,1.7157750129699707,,,,4.375,,,,,,,,,
10516000,2629,3.875,,1.732943058013916,,,,3.875,,,,,,,,,
10520000,2630,4.75,,1.6986925601959229,,,,4.75,,,,,,,,,
10524000,2631,4.0,,1.7201367616653442,,,,4.0,,,,,,,,,
10528000,2632,3.125,,1.7180030345916748,,,,3.125,,,,,,,,,
10532000,2633,3.25,,1.6373507976531982,,,,3.25,,,,,,,,,
10536000,2634,4.5,,1.758561611175537,,,,4.5,,,,,,,,,
10540000,2635,3.875,,1.7421220541000366,,,,3.875,,,,,,,,,
10544000,2636,3.625,,1.678682804107666,,,,3.625,,,,,,,,,
10548000,2637,4.125,,1.6919076442718506,,,,4.125,,,,,,,,,
10552000,2638,4.625,,1.732969045639038,,,,4.625,,,,,,,,,
10556000,2639,4.125,,1.6317112445831299,,,,4.125,,,,,,,,,
10560000,2640,4.125,,1.6393632888793945,,,,4.125,,,,,,,,,
10564000,2641,2.75,,1.688783049583435,,,,2.75,,,,,,,,,
10568000,2642,4.5,,1.7865285873413086,,,,4.5,,,,,,,,,
10572000,2643,3.5,,1.7163970470428467,,,,3.5,,,,,,,,,
10576000,2644,4.125,,1.7010334730148315,,,,4.125,,,,,,,,,
10580000,2645,3.5,,1.708643913269043,,,,3.5,,,,,,,,,
10584000,2646,4.5,,1.7372889518737793,,,,4.5,,,,,,,,,
10588000,2647,3.875,,1.6796281337738037,,,,3.875,,,,,,,,,
10592000,2648,3.875,,1.817975640296936,,,,3.875,,,,,,,,,
10596000,2649,4.0,,1.650600790977478,,,,4.0,,,,,,,,,
10600000,2650,4.625,,1.715109944343567,,,,4.625,,,,,,,,,
10604000,2651,4.125,,1.6863203048706055,,,,4.125,,,,,,,,,
10608000,2652,3.875,,1.69752037525177,,,,3.875,,,,,,,,,
10612000,2653,4.125,,1.7521512508392334,,,,4.125,,,,,,,,,
10616000,2654,4.5,,1.6921501159667969,,,,4.5,,,,,,,,,
10620000,2655,4.375,,1.6847951412200928,,,,4.375,,,,,,,,,
10624000,2656,2.875,,1.6671411991119385,,,,2.875,,,,,,,,,
10628000,2657,3.625,,1.6259534358978271,,,,3.625,,,,,,,,,
10632000,2658,4.25,,1.612043857574463,,,,4.25,,,,,,,,,
10636000,2659,3.5,,1.6741536855697632,,,,3.5,,,,,,,,,
10640000,2660,4.375,,1.7136924266815186,,,,4.375,,,,,,,,,
10644000,2661,4.5,,1.7068588733673096,,,,4.5,,,,,,,,,
10648000,2662,4.25,,1.6704728603363037,,,,4.25,,,,,,,,,
10652000,2663,4.125,,1.5999720096588135,,,,4.125,,,,,,,,,
10656000,2664,3.875,,1.6790305376052856,,,,3.875,,,,,,,,,
10660000,2665,3.0,,1.5976130962371826,,,,3.0,,,,,,,,,
10664000,2666,3.625,,1.6833431720733643,,,,3.625,,,,,,,,,
10668000,2667,4.125,,1.6934834718704224,,,,4.125,,,,,,,,,
10672000,2668,4.375,,1.6036295890808105,,,,4.375,,,,,,,,,
10676000,2669,4.0,,1.6741771697998047,,,,4.0,,,,,,,,,
10680000,2670,4.0,,1.6029601097106934,,,,4.0,,,,,,,,,
10684000,2671,3.125,,1.6607818603515625,,,,3.125,,,,,,,,,
10688000,2672,4.5,,1.6144368648529053,,,,4.5,,,,,,,,,
10692000,2673,4.0,,1.7076354026794434,,,,4.0,,,,,,,,,
10696000,2674,3.625,,1.6743407249450684,,,,3.625,,,,,,,,,
10700000,2675,4.0,,1.6725459098815918,,,,4.0,,,,,,,,,
10704000,2676,4.125,,1.7019505500793457,,,,4.125,,,,,,,,,
10708000,2677,3.375,,1.6541168689727783,,,,3.375,,,,,,,,,
10712000,2678,3.25,,1.6638789176940918,,,,3.25,,,,,,,,,
10716000,2679,4.375,,1.59630286693573,,,,4.375,,,,,,,,,
10720000,2680,3.625,,1.61069655418396,,,,3.625,,,,,,,,,
10724000,2681,2.5,,1.6456923484802246,,,,2.5,,,,,,,,,
10728000,2682,4.5,,1.618261456489563,,,,4.5,,,,,,,,,
10732000,2683,3.375,,1.6388237476348877,,,,3.375,,,,,,,,,
10736000,2684,4.375,,1.6562716960906982,,,,4.375,,,,,,,,,
10740000,2685,4.0,,1.6736723184585571,,,,4.0,,,,,,,,,
10744000,2686,4.125,,1.628608226776123,,,,4.125,,,,,,,,,
10748000,2687,4.75,,1.619767665863037,,,,4.75,,,,,,,,,
10752000,2688,3.875,,1.6041275262832642,,,,3.875,,,,,,,,,
10756000,2689,3.875,,1.6095161437988281,,,,3.875,,,,,,,,,
10760000,2690,4.625,,1.6213266849517822,,,,4.625,,,,,,,,,
10764000,2691,4.875,,1.7318578958511353,,,,4.875,,,,,,,,,
10768000,2692,4.75,,1.6954399347305298,,,,4.75,,,,,,,,,
10772000,2693,4.875,,1.6494131088256836,,,,4.875,,,,,,,,,
10776000,2694,4.5,,1.6638749837875366,,,,4.5,,,,,,,,,
10780000,2695,4.875,,1.617425799369812,,,,4.875,,,,,,,,,
10784000,2696,3.625,,1.641899824142456,,,,3.625,,,,,,,,,
10788000,2697,4.5,,1.6430275440216064,,,,4.5,,,,,,,,,
10792000,2698,4.875,,1.6718780994415283,,,,4.875,,,,,,,,,
10796000,2699,4.0,,1.674462080001831,,,,4.0,,,,,,,,,
10800000,2700,4.25,,1.6567997932434082,,,,4.25,,,,,,,,,
10804000,2701,3.75,,1.711277961730957,,,,3.75,,,,,,,,,
10808000,2702,3.75,,1.6564078330993652,,,,3.75,,,,,,,,,
10812000,2703,4.875,,1.626952886581421,,,,4.875,,,,,,,,,
10816000,2704,3.875,,1.6794180870056152,,,,3.875,,,,,,,,,
10820000,2705,3.875,,1.663079023361206,,,,3.875,,,,,,,,,
10824000,2706,4.125,,1.6680277585983276,,,,4.125,,,,,,,,,
10828000,2707,4.5,,1.7466394901275635,,,,4.5,,,,,,,,,
10832000,2708,4.5,,1.6599767208099365,,,,4.5,,,,,,,,,
10836000,2709,4.0,,1.6632317304611206,,,,4.0,,,,,,,,,
10840000,2710,2.125,,1.7142524719238281,,,,2.125,,,,,,,,,
10844000,2711,4.5,,1.612159013748169,,,,4.5,,,,,,,,,
10848000,2712,4.25,,1.7377431392669678,,,,4.25,,,,,,,,,
10852000,2713,4.75,,1.6023787260055542,,,,4.75,,,,,,,,,
10856000,2714,4.25,,1.712589979171753,,,,4.25,,,,,,,,,
10860000,2715,4.75,,1.669356107711792,,,,4.75,,,,,,,,,
10864000,2716,4.875,,1.6764967441558838,,,,4.875,,,,,,,,,
10868000,2717,3.0,,1.6478458642959595,,,,3.0,,,,,,,,,
10872000,2718,3.625,,1.6653430461883545,,,,3.625,,,,,,,,,
10876000,2719,4.5,,1.6478352546691895,,,,4.5,,,,,,,,,
10880000,2720,4.75,,1.6990413665771484,,,,4.75,,,,,,,,,
10884000,2721,4.125,,1.6535060405731201,,,,4.125,,,,,,,,,
10888000,2722,4.375,,1.6818643808364868,,,,4.375,,,,,,,,,
10892000,2723,4.375,,1.6480728387832642,,,,4.375,,,,,,,,,
10896000,2724,3.875,,1.7427425384521484,,,,3.875,,,,,,,,,
10900000,2725,4.125,,1.7005071640014648,,,,4.125,,,,,,,,,
10904000,2726,3.875,,1.6211366653442383,,,,3.875,,,,,,,,,
10908000,2727,4.125,,1.6250122785568237,,,,4.125,,,,,,,,,
10912000,2728,4.0,,1.634535789489746,,,,4.0,,,,,,,,,
10916000,2729,3.875,,1.6191480159759521,,,,3.875,,,,,,,,,
10920000,2730,4.0,,1.6727852821350098,,,,4.0,,,,,,,,,
10924000,2731,4.375,,1.7051682472229004,,,,4.375,,,,,,,,,
10928000,2732,3.75,,1.6341521739959717,,,,3.75,,,,,,,,,
10932000,2733,4.0,,1.6551601886749268,,,,4.0,,,,,,,,,
10936000,2734,3.875,,1.7074298858642578,,,,3.875,,,,,,,,,
10940000,2735,3.75,,1.6760940551757812,,,,3.75,,,,,,,,,
10944000,2736,4.125,,1.6410847902297974,,,,4.125,,,,,,,,,
10948000,2737,3.75,,1.7007752656936646,,,,3.75,,,,,,,,,
10952000,2738,3.375,,1.664291501045227,,,,3.375,,,,,,,,,
10956000,2739,4.0,,1.6101353168487549,,,,4.0,,,,,,,,,
10960000,2740,4.25,,1.6967382431030273,,,,4.25,,,,,,,,,
10964000,2741,4.0,,1.7127666473388672,,,,4.0,,,,,,,,,
10968000,2742,4.125,,1.6538560390472412,,,,4.125,,,,,,,,,
10972000,2743,4.625,,1.654466152191162,,,,4.625,,,,,,,,,
10976000,2744,3.875,,1.6400057077407837,,,,3.875,,,,,,,,,
10980000,2745,3.875,,1.6495622396469116,,,,3.875,,,,,,,,,
10984000,2746,3.375,,1.706538438796997,,,,3.375,,,,,,,,,
10988000,2747,4.0,,1.6320545673370361,,,,4.0,,,,,,,,,
10992000,2748,4.0,,1.658784031867981,,,,4.0,,,,,,,,,
10996000,2749,4.125,,1.6733485460281372,,,,4.125,,,,,,,,,
11000000,2750,4.25,,1.5714759826660156,,,,4.25,,,,,,,,,
11004000,2751,3.875,,1.628661036491394,,,,3.875,,,,,,,,,
11008000,2752,4.375,,1.611616849899292,,,,4.375,,,,,,,,,
11012000,2753,4.5,,1.6503729820251465,,,,4.5,,,,,,,,,
11016000,2754,4.0,,1.6191022396087646,,,,4.0,,,,,,,,,
11020000,2755,3.75,,1.5939719676971436,,,,3.75,,,,,,,,,
11024000,2756,4.125,,1.642538070678711,,,,4.125,,,,,,,,,
11028000,2757,4.125,,1.6096229553222656,,,,4.125,,,,,,,,,
11032000,2758,3.625,,1.6560641527175903,,,,3.625,,,,,,,,,
11036000,2759,4.375,,1.7522342205047607,,,,4.375,,,,,,,,,
11040000,2760,4.625,,1.6587440967559814,,,,4.625,,,,,,,,,
11044000,2761,5.375,,1.5966731309890747,,,,5.375,,,,,,,,,
11048000,2762,4.125,,1.6797555685043335,,,,4.125,,,,,,,,,
11052000,2763,3.75,,1.5787756443023682,,,,3.75,,,,,,,,,
11056000,2764,3.75,,1.6452596187591553,,,,3.75,,,,,,,,,
11060000,2765,4.5,,1.6302708387374878,,,,4.5,,,,,,,,,
11064000,2766,4.125,,1.6614441871643066,,,,4.125,,,,,,,,,
11068000,2767,4.25,,1.6476479768753052,,,,4.25,,,,,,,,,
11072000,2768,4.25,,1.5907728672027588,,,,4.25,,,,,,,,,
11076000,2769,3.75,,1.6877226829528809,,,,3.75,,,,,,,,,
11080000,2770,4.25,,1.682200312614441,,,,4.25,,,,,,,,,
11084000,2771,5.0,,1.681848168373108,,,,5.0,,,,,,,,,
11088000,2772,4.25,,1.6303726434707642,,,,4.25,,,,,,,,,
11092000,2773,4.25,,1.613295078277588,,,,4.25,,,,,,,,,
11096000,2774,3.875,,1.6625494956970215,,,,3.875,,,,,,,,,
11100000,2775,4.0,,1.6032187938690186,,,,4.0,,,,,,,,,
11104000,2776,4.375,,1.6341623067855835,,,,4.375,,,,,,,,,
11108000,2777,4.0,,1.7365511655807495,,,,4.0,,,,,,,,,
11112000,2778,4.5,,1.6455633640289307,,,,4.5,,,,,,,,,
11116000,2779,4.75,,1.7018065452575684,,,,4.75,,,,,,,,,
11120000,2780,4.5,,1.665048599243164,,,,4.5,,,,,,,,,
11124000,2781,4.0,,1.6301528215408325,,,,4.0,,,,,,,,,
11128000,2782,4.25,,1.6950418949127197,,,,4.25,,,,,,,,,
11132000,2783,4.375,,1.668674111366272,,,,4.375,,,,,,,,,
11136000,2784,4.0,,1.6872901916503906,,,,4.0,,,,,,,,,
11140000,2785,4.0,,1.6559562683105469,,,,4.0,,,,,,,,,
11144000,2786,4.5,,1.6145282983779907,,,,4.5,,,,,,,,,
11148000,2787,3.75,,1.6268441677093506,,,,3.75,,,,,,,,,
11152000,2788,4.125,,1.6400339603424072,,,,4.125,,,,,,,,,
11156000,2789,4.5,,1.6402262449264526,,,,4.5,,,,,,,,,
11160000,2790,4.25,,1.6689152717590332,,,,4.25,,,,,,,,,
11164000,2791,4.125,,1.7364495992660522,,,,4.125,,,,,,,,,
11168000,2792,4.5,,1.69065523147583,,,,4.5,,,,,,,,,
11172000,2793,3.875,,1.6335437297821045,,,,3.875,,,,,,,,,
11176000,2794,4.125,,1.6427425146102905,,,,4.125,,,,,,,,,
11180000,2795,4.0,,1.6095986366271973,,,,4.0,,,,,,,,,
11184000,2796,4.125,,1.6196999549865723,,,,4.125,,,,,,,,,
11188000,2797,4.125,,1.6477588415145874,,,,4.125,,,,,,,,,
11192000,2798,4.625,,1.6325132846832275,,,,4.625,,,,,,,,,
11196000,2799,4.75,,1.647693157196045,,,,4.75,,,,,,,,,
11200000,2800,4.5,,1.6112130880355835,,,,4.5,,,,,,,,,
11204000,2801,4.5,,1.6893491744995117,,,,4.5,,,,,,,,,
11208000,2802,4.125,,1.66990065574646,,,,4.125,,,,,,,,,
11212000,2803,4.375,,1.689028263092041,,,,4.375,,,,,,,,,
11216000,2804,4.5,,1.6677513122558594,,,,4.5,,,,,,,,,
11220000,2805,4.125,,1.6240835189819336,,,,4.125,,,,,,,,,
11224000,2806,4.875,,1.6610000133514404,,,,4.875,,,,,,,,,
11228000,2807,3.75,,1.6450042724609375,,,,3.75,,,,,,,,,
11232000,2808,4.75,,1.612039566040039,,,,4.75,,,,,,,,,
11236000,2809,4.375,,1.6784820556640625,,,,4.375,,,,,,,,,
11240000,2810,4.375,,1.6798568964004517,,,,4.375,,,,,,,,,
11244000,2811,4.0,,1.6875247955322266,,,,4.0,,,,,,,,,
11248000,2812,4.5,,1.641024112701416,,,,4.5,,,,,,,,,
11252000,2813,4.0,,1.6218386888504028,,,,4.0,,,,,,,,,
11256000,2814,3.25,,1.6726077795028687,,,,3.25,,,,,,,,,
11260000,2815,4.0,,1.6175689697265625,,,,4.0,,,,,,,,,
11264000,2816,3.875,,1.7384482622146606,,,,3.875,,,,,,,,,
11268000,2817,4.25,,1.6564736366271973,,,,4.25,,,,,,,,,
11272000,2818,4.5,,1.6688989400863647,,,,4.5,,,,,,,,,
11276000,2819,1.75,,1.696351170539856,,,,1.75,,,,,,,,,
11280000,2820,4.625,,1.642594337463379,,,,4.625,,,,,,,,,
11284000,2821,5.0,,1.6585257053375244,,,,5.0,,,,,,,,,
11288000,2822,4.5,,1.6072888374328613,,,,4.5,,,,,,,,,
11292000,2823,5.0,,1.6895569562911987,,,,5.0,,,,,,,,,
11296000,2824,4.125,,1.6891913414001465,,,,4.125,,,,,,,,,
11300000,2825,4.125,,1.6494436264038086,,,,4.125,,,,,,,,,
11304000,2826,3.75,,1.6045492887496948,,,,3.75,,,,,,,,,
11308000,2827,4.125,,1.668663740158081,,,,4.125,,,,,,,,,
11312000,2828,4.25,,1.6094369888305664,,,,4.25,,,,,,,,,
11316000,2829,3.75,,1.6946794986724854,,,,3.75,,,,,,,,,
11320000,2830,2.5,,1.6847484111785889,,,,2.5,,,,,,,,,
11324000,2831,2.625,,1.6456668376922607,,,,2.625,,,,,,,,,
11328000,2832,2.625,,1.5977641344070435,,,,2.625,,,,,,,,,
11332000,2833,4.0,,1.6167619228363037,,,,4.0,,,,,,,,,
11336000,2834,2.875,,1.6431468725204468,,,,2.875,,,,,,,,,
11340000,2835,4.25,,1.5938650369644165,,,,4.25,,,,,,,,,
11344000,2836,3.375,,1.5891823768615723,,,,3.375,,,,,,,,,
11348000,2837,3.25,,1.637290358543396,,,,3.25,,,,,,,,,
11352000,2838,2.75,,1.6387369632720947,,,,2.75,,,,,,,,,
11356000,2839,3.875,,1.6348896026611328,,,,3.875,,,,,,,,,
11360000,2840,2.875,,1.5860466957092285,,,,2.875,,,,,,,,,
11364000,2841,2.375,,1.5677742958068848,,,,2.375,,,,,,,,,
11368000,2842,2.75,,1.5624256134033203,,,,2.75,,,,,,,,,
11372000,2843,1.75,,1.5489579439163208,,,,1.75,,,,,,,,,
11376000,2844,2.75,,1.6315356492996216,,,,2.75,,,,,,,,,
11380000,2845,4.0,,1.576669454574585,,,,4.0,,,,,,,,,
11384000,2846,4.625,,1.590930700302124,,,,4.625,,,,,,,,,
11388000,2847,4.0,,1.57634699344635,,,,4.0,,,,,,,,,
11392000,2848,2.75,,1.5981473922729492,,,,2.75,,,,,,,,,
11396000,2849,2.25,,1.5505582094192505,,,,2.25,,,,,,,,,
11400000,2850,3.625,,1.5504354238510132,,,,3.625,,,,,,,,,
11404000,2851,2.125,,1.5501303672790527,,,,2.125,,,,,,,,,
11408000,2852,3.25,,1.5642032623291016,,,,3.25,,,,,,,,,
11412000,2853,2.875,,1.5462586879730225,,,,2.875,,,,,,,,,
11416000,2854,3.75,,1.4922523498535156,,,,3.75,,,,,,,,,
11420000,2855,4.0,,1.5489537715911865,,,,4.0,,,,,,,,,
11424000,2856,3.875,,1.5475611686706543,,,,3.875,,,,,,,,,
11428000,2857,3.375,,1.5396063327789307,,,,3.375,,,,,,,,,
11432000,2858,2.625,,1.5450457334518433,,,,2.625,,,,,,,,,
11436000,2859,4.75,,1.5146938562393188,,,,4.75,,,,,,,,,
11440000,2860,3.5,,1.5670307874679565,,,,3.5,,,,,,,,,
11444000,2861,4.0,,1.5413471460342407,,,,4.0,,,,,,,,,
11448000,2862,3.625,,1.54230797290802,,,,3.625,,,,,,,,,
11452000,2863,3.625,,1.4727139472961426,,,,3.625,,,,,,,,,
11456000,2864,3.625,,1.5484678745269775,,,,3.625,,,,,,,,,
11460000,2865,3.75,,1.5495882034301758,,,,3.75,,,,,,,,,
11464000,2866,4.25,,1.5458378791809082,,,,4.25,,,,,,,,,
11468000,2867,3.75,,1.5230908393859863,,,,3.75,,,,,,,,,
11472000,2868,4.375,,1.5386086702346802,,,,4.375,,,,,,,,,
11476000,2869,4.0,,1.5624343156814575,,,,4.0,,,,,,,,,
11480000,2870,3.375,,1.4992804527282715,,,,3.375,,,,,,,,,
11484000,2871,3.875,,1.4796569347381592,,,,3.875,,,,,,,,,
11488000,2872,4.25,,1.5222806930541992,,,,4.25,,,,,,,,,
11492000,2873,5.25,,1.5893545150756836,,,,5.25,,,,,,,,,
11496000,2874,4.5,,1.545639991760254,,,,4.5,,,,,,,,,
11500000,2875,4.25,,1.521815538406372,,,,4.25,,,,,,,,,
11504000,2876,4.375,,1.587509036064148,,,,4.375,,,,,,,,,
11508000,2877,4.25,,1.5460681915283203,,,,4.25,,,,,,,,,
11512000,2878,4.5,,1.5337525606155396,,,,4.5,,,,,,,,,
11516000,2879,4.375,,1.5405415296554565,,,,4.375,,,,,,,,,
11520000,2880,3.75,,1.5140025615692139,,,,3.75,,,,,,,,,
11524000,2881,4.625,,1.5349162817001343,,,,4.625,,,,,,,,,
11528000,2882,4.75,,1.5512135028839111,,,,4.75,,,,,,,,,
11532000,2883,4.75,,1.484800934791565,,,,4.75,,,,,,,,,
11536000,2884,4.125,,1.507610559463501,,,,4.125,,,,,,,,,
11540000,2885,4.0,,1.4975411891937256,,,,4.0,,,,,,,,,
11544000,2886,4.25,,1.5167078971862793,,,,4.25,,,,,,,,,
11548000,2887,3.75,,1.5127618312835693,,,,3.75,,,,,,,,,
11552000,2888,4.75,,1.5489730834960938,,,,4.75,,,,,,,,,
11556000,2889,4.0,,1.5482666492462158,,,,4.0,,,,,,,,,
11560000,2890,4.125,,1.6162786483764648,,,,4.125,,,,,,,,,
11564000,2891,4.5,,1.4942667484283447,,,,4.5,,,,,,,,,
11568000,2892,3.375,,1.4691762924194336,,,,3.375,,,,,,,,,
11572000,2893,3.5,,1.4881834983825684,,,,3.5,,,,,,,,,
11576000,2894,4.25,,1.5499591827392578,,,,4.25,,,,,,,,,
11580000,2895,4.5,,1.5644819736480713,,,,4.5,,,,,,,,,
11584000,2896,4.75,,1.551649570465088,,,,4.75,,,,,,,,,
11588000,2897,4.625,,1.5232477188110352,,,,4.625,,,,,,,,,
11592000,2898,3.75,,1.574906587600708,,,,3.75,,,,,,,,,
11596000,2899,4.625,,1.5508482456207275,,,,4.625,,,,,,,,,
11600000,2900,3.625,,1.5043399333953857,,,,3.625,,,,,,,,,
11604000,2901,4.25,,1.545274019241333,,,,4.25,,,,,,,,,
11608000,2902,4.125,,1.553876280784607,,,,4.125,,,,,,,,,
11612000,2903,4.25,,1.5255600214004517,,,,4.25,,,,,,,,,
11616000,2904,4.5,,1.573142647743225,,,,4.5,,,,,,,,,
11620000,2905,3.75,,1.5868034362792969,,,,3.75,,,,,,,,,
11624000,2906,4.125,,1.5377429723739624,,,,4.125,,,,,,,,,
11628000,2907,4.375,,1.4279793500900269,,,,4.375,,,,,,,,,
11632000,2908,3.5,,1.569002389907837,,,,3.5,,,,,,,,,
11636000,2909,4.25,,1.5360732078552246,,,,4.25,,,,,,,,,
11640000,2910,4.25,,1.5368187427520752,,,,4.25,,,,,,,,,
11644000,2911,4.625,,1.565329670906067,,,,4.625,,,,,,,,,
11648000,2912,3.75,,1.5104937553405762,,,,3.75,,,,,,,,,
11652000,2913,4.625,,1.5588109493255615,,,,4.625,,,,,,,,,
11656000,2914,4.375,,1.517120599746704,,,,4.375,,,,,,,,,
11660000,2915,2.75,,1.4748859405517578,,,,2.75,,,,,,,,,
11664000,2916,4.625,,1.5632060766220093,,,,4.625,,,,,,,,,
11668000,2917,4.25,,1.5075817108154297,,,,4.25,,,,,,,,,
11672000,2918,4.375,,1.530148983001709,,,,4.375,,,,,,,,,
11676000,2919,4.5,,1.5115609169006348,,,,4.5,,,,,,,,,
11680000,2920,4.75,,1.5585882663726807,,,,4.75,,,,,,,,,
11684000,2921,4.75,,1.5407477617263794,,,,4.75,,,,,,,,,
11688000,2922,4.375,,1.5227967500686646,,,,4.375,,,,,,,,,
11692000,2923,4.125,,1.4761629104614258,,,,4.125,,,,,,,,,
11696000,2924,3.125,,1.4888200759887695,,,,3.125,,,,,,,,,
11700000,2925,5.125,,1.5101525783538818,,,,5.125,,,,,,,,,
11704000,2926,4.5,,1.5695663690567017,,,,4.5,,,,,,,,,
11708000,2927,4.25,,1.569401741027832,,,,4.25,,,,,,,,,
11712000,2928,4.0,,1.4939720630645752,,,,4.0,,,,,,,,,
11716000,2929,4.25,,1.5894782543182373,,,,4.25,,,,,,,,,
11720000,2930,4.125,,1.4702383279800415,,,,4.125,,,,,,,,,
11724000,2931,4.0,,1.523505687713623,,,,4.0,,,,,,,,,
11728000,2932,4.375,,1.502232551574707,,,,4.375,,,,,,,,,
11732000,2933,3.5,,1.5305448770523071,,,,3.5,,,,,,,,,
11736000,2934,4.625,,1.5288569927215576,,,,4.625,,,,,,,,,
11740000,2935,4.125,,1.5115511417388916,,,,4.125,,,,,,,,,
11744000,2936,4.125,,1.523124098777771,,,,4.125,,,,,,,,,
11748000,2937,4.375,,1.429452657699585,,,,4.375,,,,,,,,,
11752000,2938,4.125,,1.4387294054031372,,,,4.125,,,,,,,,,
11756000,2939,4.25,,1.4732400178909302,,,,4.25,,,,,,,,,
11760000,2940,4.0,,1.5181440114974976,,,,4.0,,,,,,,,,
11764000,2941,5.0,,1.5175220966339111,,,,5.0,,,,,,,,,
11768000,2942,3.875,,1.5500516891479492,,,,3.875,,,,,,,,,
11772000,2943,4.375,,1.4940160512924194,,,,4.375,,,,,,,,,
11776000,2944,3.875,,1.4725430011749268,,,,3.875,,,,,,,,,
11780000,2945,4.375,,1.4674646854400635,,,,4.375,,,,,,,,,
11784000,2946,3.875,,1.5135157108306885,,,,3.875,,,,,,,,,
11788000,2947,4.125,,1.551837682723999,,,,4.125,,,,,,,,,
11792000,2948,3.5,,1.5430688858032227,,,,3.5,,,,,,,,,
11796000,2949,4.125,,1.4595959186553955,,,,4.125,,,,,,,,,
11800000,2950,4.125,,1.476132869720459,,,,4.125,,,,,,,,,
11804000,2951,3.75,,1.4934303760528564,,,,3.75,,,,,,,,,
11808000,2952,4.125,,1.5117578506469727,,,,4.125,,,,,,,,,
11812000,2953,4.5,,1.430891752243042,,,,4.5,,,,,,,,,
11816000,2954,4.375,,1.5239911079406738,,,,4.375,,,,,,,,,
11820000,2955,4.5,,1.5307188034057617,,,,4.5,,,,,,,,,
11824000,2956,4.0,,1.4751291275024414,,,,4.0,,,,,,,,,
11828000,2957,4.0,,1.4922068119049072,,,,4.0,,,,,,,,,
11832000,2958,4.5,,1.4388329982757568,,,,4.5,,,,,,,,,
11836000,2959,3.375,,1.5408179759979248,,,,3.375,,,,,,,,,
11840000,2960,4.625,,1.536496639251709,,,,4.625,,,,,,,,,
11844000,2961,4.125,,1.5147676467895508,,,,4.125,,,,,,,,,
11848000,2962,3.875,,1.5177263021469116,,,,3.875,,,,,,,,,
11852000,2963,3.625,,1.469571828842163,,,,3.625,,,,,,,,,
11856000,2964,4.0,,1.5479626655578613,,,,4.0,,,,,,,,,
11860000,2965,4.125,,1.489384651184082,,,,4.125,,,,,,,,,
11864000,2966,4.5,,1.488502025604248,,,,4.5,,,,,,,,,
11868000,2967,3.5,,1.597421407699585,,,,3.5,,,,,,,,,
11872000,2968,4.375,,1.5253229141235352,,,,4.375,,,,,,,,,
11876000,2969,3.25,,1.5703401565551758,,,,3.25,,,,,,,,,
11880000,2970,3.875,,1.55818510055542,,,,3.875,,,,,,,,,
11884000,2971,3.25,,1.5290453433990479,,,,3.25,,,,,,,,,
11888000,2972,3.75,,1.5416195392608643,,,,3.75,,,,,,,,,
11892000,2973,3.5,,1.525130271911621,,,,3.5,,,,,,,,,
11896000,2974,4.375,,1.5252362489700317,,,,4.375,,,,,,,,,
11900000,2975,3.75,,1.5155231952667236,,,,3.75,,,,,,,,,
11904000,2976,3.25,,1.5240895748138428,,,,3.25,,,,,,,,,
11908000,2977,4.125,,1.5960798263549805,,,,4.125,,,,,,,,,
11912000,2978,4.375,,1.5545880794525146,,,,4.375,,,,,,,,,
11916000,2979,3.625,,1.5566664934158325,,,,3.625,,,,,,,,,
11920000,2980,4.25,,1.5388643741607666,,,,4.25,,,,,,,,,
11924000,2981,3.75,,1.5987982749938965,,,,3.75,,,,,,,,,
11928000,2982,3.25,,1.5135769844055176,,,,3.25,,,,,,,,,
11932000,2983,3.375,,1.5366628170013428,,,,3.375,,,,,,,,,
11936000,2984,4.375,,1.5361604690551758,,,,4.375,,,,,,,,,
11940000,2985,4.125,,1.5404030084609985,,,,4.125,,,,,,,,,
11944000,2986,4.375,,1.506011724472046,,,,4.375,,,,,,,,,
11948000,2987,3.375,,1.496511697769165,,,,3.375,,,,,,,,,
11952000,2988,4.5,,1.5213596820831299,,,,4.5,,,,,,,,,
11956000,2989,4.125,,1.6064996719360352,,,,4.125,,,,,,,,,
11960000,2990,2.25,,1.57973051071167,,,,2.25,,,,,,,,,
11964000,2991,3.125,,1.5593829154968262,,,,3.125,,,,,,,,,
11968000,2992,3.5,,1.6426117420196533,,,,3.5,,,,,,,,,
11972000,2993,4.25,,1.5440343618392944,,,,4.25,,,,,,,,,
11976000,2994,3.75,,1.5119844675064087,,,,3.75,,,,,,,,,
11980000,2995,3.25,,1.4972829818725586,,,,3.25,,,,,,,,,
11984000,2996,3.5,,1.6000443696975708,,,,3.5,,,,,,,,,
11988000,2997,4.375,,1.5182383060455322,,,,4.375,,,,,,,,,
11992000,2998,3.75,,1.5401544570922852,,,,3.75,,,,,,,,,
11996000,2999,3.875,,1.584346055984497,,,,3.875,,,,,,,,,
12000000,3000,2.5,,1.5214552879333496,,,,2.5,,,,,,,,,
12004000,3001,3.75,,1.5420958995819092,,,,3.75,,,,,,,,,
12008000,3002,0.75,,1.5937602519989014,,,,0.75,,,,,,,,,
12012000,3003,3.625,,1.518612027168274,,,,3.625,,,,,,,,,
12016000,3004,4.125,,1.4562441110610962,,,,4.125,,,,,,,,,
12020000,3005,4.5,,1.5532493591308594,,,,4.5,,,,,,,,,
12024000,3006,3.875,,1.5280961990356445,,,,3.875,,,,,,,,,
12028000,3007,4.0,,1.5141205787658691,,,,4.0,,,,,,,,,
12032000,3008,3.25,,1.4009666442871094,,,,3.25,,,,,,,,,
12036000,3009,4.625,,1.4923064708709717,,,,4.625,,,,,,,,,
12040000,3010,4.125,,1.51888108253479,,,,4.125,,,,,,,,,
12044000,3011,3.875,,1.4712719917297363,,,,3.875,,,,,,,,,
12048000,3012,4.125,,1.4642233848571777,,,,4.125,,,,,,,,,
12052000,3013,4.375,,1.4781012535095215,,,,4.375,,,,,,,,,
12056000,3014,4.375,,1.4733917713165283,,,,4.375,,,,,,,,,
12060000,3015,4.75,,1.4567201137542725,,,,4.75,,,,,,,,,
12064000,3016,4.5,,1.4603830575942993,,,,4.5,,,,,,,,,
12068000,3017,4.875,,1.506286859512329,,,,4.875,,,,,,,,,
12072000,3018,4.125,,1.560437798500061,,,,4.125,,,,,,,,,
12076000,3019,4.125,,1.5656073093414307,,,,4.125,,,,,,,,,
12080000,3020,4.125,,1.5001791715621948,,,,4.125,,,,,,,,,
12084000,3021,3.75,,1.5329883098602295,,,,3.75,,,,,,,,,
12088000,3022,4.25,,1.482966661453247,,,,4.25,,,,,,,,,
12092000,3023,3.25,,1.4536925554275513,,,,3.25,,,,,,,,,
12096000,3024,4.125,,1.4576144218444824,,,,4.125,,,,,,,,,
12100000,3025,4.25,,1.5022118091583252,,,,4.25,,,,,,,,,
12104000,3026,4.0,,1.4904637336730957,,,,4.0,,,,,,,,,
12108000,3027,4.625,,1.5313491821289062,,,,4.625,,,,,,,,,
12112000,3028,4.25,,1.5463528633117676,,,,4.25,,,,,,,,,
12116000,3029,2.625,,1.4605451822280884,,,,2.625,,,,,,,,,
12120000,3030,5.0,,1.429694652557373,,,,5.0,,,,,,,,,
12124000,3031,4.125,,1.500680923461914,,,,4.125,,,,,,,,,
12128000,3032,4.375,,1.4938335418701172,,,,4.375,,,,,,,,,
12132000,3033,3.875,,1.501011610031128,,,,3.875,,,,,,,,,
12136000,3034,4.5,,1.5079929828643799,,,,4.5,,,,,,,,,
12140000,3035,4.125,,1.4765973091125488,,,,4.125,,,,,,,,,
12144000,3036,3.75,,1.476381778717041,,,,3.75,,,,,,,,,
12148000,3037,2.75,,1.468367099761963,,,,2.75,,,,,,,,,
12152000,3038,4.625,,1.4798845052719116,,,,4.625,,,,,,,,,
12156000,3039,4.375,,1.4451730251312256,,,,4.375,,,,,,,,,
12160000,3040,3.375,,1.4768770933151245,,,,3.375,,,,,,,,,
12164000,3041,4.125,,1.4572994709014893,,,,4.125,,,,,,,,,
12168000,3042,4.5,,1.4924347400665283,,,,4.5,,,,,,,,,
12172000,3043,4.125,,1.5374661684036255,,,,4.125,,,,,,,,,
12176000,3044,3.875,,1.4393656253814697,,,,3.875,,,,,,,,,
12180000,3045,4.5,,1.4738638401031494,,,,4.5,,,,,,,,,
12184000,3046,4.375,,1.4918560981750488,,,,4.375,,,,,,,,,
12188000,3047,3.875,,1.4430406093597412,,,,3.875,,,,,,,,,
12192000,3048,3.5,,1.4344863891601562,,,,3.5,,,,,,,,,
12196000,3049,3.75,,1.537758469581604,,,,3.75,,,,,,,,,
12200000,3050,4.5,,1.5306284427642822,,,,4.5,,,,,,,,,
12204000,3051,4.375,,1.5383813381195068,,,,4.375,,,,,,,,,
12208000,3052,4.125,,1.4992676973342896,,,,4.125,,,,,,,,,
12212000,3053,5.125,,1.4370477199554443,,,,5.125,,,,,,,,,
12216000,3054,3.125,,1.429809331893921,,,,3.125,,,,,,,,,
12220000,3055,4.25,,1.4371342658996582,,,,4.25,,,,,,,,,
12224000,3056,3.875,,1.448039174079895,,,,3.875,,,,,,,,,
12228000,3057,3.625,,1.4487075805664062,,,,3.625,,,,,,,,,
12232000,3058,3.875,,1.476407766342163,,,,3.875,,,,,,,,,
12236000,3059,4.625,,1.571876883506775,,,,4.625,,,,,,,,,
12240000,3060,4.125,,1.4003242254257202,,,,4.125,,,,,,,,,
12244000,3061,3.75,,1.4498405456542969,,,,3.75,,,,,,,,,
12248000,3062,4.375,,1.5295668840408325,,,,4.375,,,,,,,,,
12252000,3063,4.875,,1.4758470058441162,,,,4.875,,,,,,,,,
12256000,3064,3.75,,1.5096728801727295,,,,3.75,,,,,,,,,
12260000,3065,3.75,,1.4134989976882935,,,,3.75,,,,,,,,,
12264000,3066,3.625,,1.4337717294692993,,,,3.625,,,,,,,,,
12268000,3067,4.75,,1.425813913345337,,,,4.75,,,,,,,,,
12272000,3068,4.375,,1.4522979259490967,,,,4.375,,,,,,,,,
12276000,3069,4.625,,1.4433841705322266,,,,4.625,,,,,,,,,
12280000,3070,3.5,,1.445533037185669,,,,3.5,,,,,,,,,
12284000,3071,4.375,,1.4053699970245361,,,,4.375,,,,,,,,,
12288000,3072,3.75,,1.4809353351593018,,,,3.75,,,,,,,,,
12292000,3073,3.75,,1.453322172164917,,,,3.75,,,,,,,,,
12296000,3074,3.875,,1.4135770797729492,,,,3.875,,,,,,,,,
12300000,3075,4.5,,1.4468153715133667,,,,4.5,,,,,,,,,
12304000,3076,4.25,,1.4719030857086182,,,,4.25,,,,,,,,,
12308000,3077,4.625,,1.4463403224945068,,,,4.625,,,,,,,,,
12312000,3078,4.125,,1.492903470993042,,,,4.125,,,,,,,,,
12316000,3079,4.75,,1.4914329051971436,,,,4.75,,,,,,,,,
12320000,3080,3.75,,1.4493733644485474,,,,3.75,,,,,,,,,
12324000,3081,4.375,,1.4598362445831299,,,,4.375,,,,,,,,,
12328000,3082,4.0,,1.4631214141845703,,,,4.0,,,,,,,,,
12332000,3083,4.0,,1.4459326267242432,,,,4.0,,,,,,,,,
12336000,3084,4.125,,1.4832144975662231,,,,4.125,,,,,,,,,
12340000,3085,4.375,,1.4409871101379395,,,,4.375,,,,,,,,,
12344000,3086,4.625,,1.4532318115234375,,,,4.625,,,,,,,,,
12348000,3087,4.25,,1.3966833353042603,,,,4.25,,,,,,,,,
12352000,3088,5.5,,1.4517685174942017,,,,5.5,,,,,,,,,
12356000,3089,4.5,,1.4837887287139893,,,,4.5,,,,,,,,,
12360000,3090,4.25,,1.4261066913604736,,,,4.25,,,,,,,,,
12364000,3091,4.125,,1.4431540966033936,,,,4.125,,,,,,,,,
12368000,3092,4.5,,1.4844450950622559,,,,4.5,,,,,,,,,
12372000,3093,4.125,,1.434617042541504,,,,4.125,,,,,,,,,
12376000,3094,4.0,,1.4751386642456055,,,,4.0,,,,,,,,,
12380000,3095,4.125,,1.4863858222961426,,,,4.125,,,,,,,,,
12384000,3096,4.125,,1.5369398593902588,,,,4.125,,,,,,,,,
12388000,3097,4.375,,1.475121259689331,,,,4.375,,,,,,,,,
12392000,3098,4.125,,1.422839879989624,,,,4.125,,,,,,,,,
12396000,3099,4.0,,1.4765629768371582,,,,4.0,,,,,,,,,
12400000,3100,4.125,,1.5148468017578125,,,,4.125,,,,,,,,,
12404000,3101,4.25,,1.4655866622924805,,,,4.25,,,,,,,,,
12408000,3102,4.375,,1.4905192852020264,,,,4.375,,,,,,,,,
12412000,3103,4.5,,1.5000808238983154,,,,4.5,,,,,,,,,
12416000,3104,4.375,,1.4427096843719482,,,,4.375,,,,,,,,,
12420000,3105,4.375,,1.5222742557525635,,,,4.375,,,,,,,,,
12424000,3106,3.625,,1.5182361602783203,,,,3.625,,,,,,,,,
12428000,3107,4.25,,1.4721951484680176,,,,4.25,,,,,,,,,
12432000,3108,4.25,,1.407789707183838,,,,4.25,,,,,,,,,
12436000,3109,4.0,,1.4731757640838623,,,,4.0,,,,,,,,,
12440000,3110,4.25,,1.4712085723876953,,,,4.25,,,,,,,,,
12444000,3111,3.625,,1.436187982559204,,,,3.625,,,,,,,,,
12448000,3112,4.375,,1.4991426467895508,,,,4.375,,,,,,,,,
12452000,3113,4.25,,1.5030205249786377,,,,4.25,,,,,,,,,
12456000,3114,4.25,,1.5101439952850342,,,,4.25,,,,,,,,,
12460000,3115,3.0,,1.4249334335327148,,,,3.0,,,,,,,,,
12464000,3116,4.125,,1.4564104080200195,,,,4.125,,,,,,,,,
12468000,3117,2.875,,1.496170997619629,,,,2.875,,,,,,,,,
12472000,3118,3.0,,1.4815051555633545,,,,3.0,,,,,,,,,
12476000,3119,3.875,,1.508012294769287,,,,3.875,,,,,,,,,
12480000,3120,4.125,,1.4769691228866577,,,,4.125,,,,,,,,,
12484000,3121,3.75,,1.5124387741088867,,,,3.75,,,,,,,,,
12488000,3122,3.875,,1.4882339239120483,,,,3.875,,,,,,,,,
12492000,3123,3.125,,1.542557954788208,,,,3.125,,,,,,,,,
12496000,3124,4.125,,1.4554414749145508,,,,4.125,,,,,,,,,
12500000,3125,4.25,,1.4760029315948486,,,,4.25,,,,,,,,,
12504000,3126,3.75,,1.410804033279419,,,,3.75,,,,,,,,,
12508000,3127,4.625,,1.457330584526062,,,,4.625,,,,,,,,,
12512000,3128,4.375,,1.50925612449646,,,,4.375,,,,,,,,,
12516000,3129,4.25,,1.5097659826278687,,,,4.25,,,,,,,,,
12520000,3130,4.625,,1.5380773544311523,,,,4.625,,,,,,,,,
12524000,3131,4.375,,1.4758549928665161,,,,4.375,,,,,,,,,
12528000,3132,4.75,,1.4361162185668945,,,,4.75,,,,,,,,,
12532000,3133,4.0,,1.5130541324615479,,,,4.0,,,,,,,,,
12536000,3134,4.0,,1.4876515865325928,,,,4.0,,,,,,,,,
12540000,3135,4.0,,1.402256727218628,,,,4.0,,,,,,,,,
12544000,3136,5.0,,1.465051293373108,,,,5.0,,,,,,,,,
12548000,3137,4.5,,1.5095069408416748,,,,4.5,,,,,,,,,
12552000,3138,4.125,,1.4687879085540771,,,,4.125,,,,,,,,,
12556000,3139,4.125,,1.517673373222351,,,,4.125,,,,,,,,,
12560000,3140,4.375,,1.4762535095214844,,,,4.375,,,,,,,,,
12564000,3141,4.25,,1.499809980392456,,,,4.25,,,,,,,,,
12568000,3142,4.125,,1.4891149997711182,,,,4.125,,,,,,,,,
12572000,3143,4.375,,1.4731149673461914,,,,4.375,,,,,,,,,
12576000,3144,3.625,,1.4561347961425781,,,,3.625,,,,,,,,,
12580000,3145,4.25,,1.39353609085083,,,,4.25,,,,,,,,,
12584000,3146,4.375,,1.4720121622085571,,,,4.375,,,,,,,,,
12588000,3147,4.125,,1.4964654445648193,,,,4.125,,,,,,,,,
12592000,3148,4.375,,1.466321587562561,,,,4.375,,,,,,,,,
12596000,3149,4.375,,1.4839978218078613,,,,4.375,,,,,,,,,
12600000,3150,4.5,,1.4582834243774414,,,,4.5,,,,,,,,,
12604000,3151,4.0,,1.540673017501831,,,,4.0,,,,,,,,,
12608000,3152,4.375,,1.500393271446228,,,,4.375,,,,,,,,,
12612000,3153,3.375,,1.5267060995101929,,,,3.375,,,,,,,,,
12616000,3154,4.375,,1.480252742767334,,,,4.375,,,,,,,,,
12620000,3155,4.0,,1.5021090507507324,,,,4.0,,,,,,,,,
12624000,3156,4.5,,1.4980249404907227,,,,4.5,,,,,,,,,
12628000,3157,4.25,,1.4368925094604492,,,,4.25,,,,,,,,,
12632000,3158,4.125,,1.4918252229690552,,,,4.125,,,,,,,,,
12636000,3159,4.25,,1.4488096237182617,,,,4.25,,,,,,,,,
12640000,3160,4.0,,1.4880311489105225,,,,4.0,,,,,,,,,
12644000,3161,3.875,,1.4608256816864014,,,,3.875,,,,,,,,,
12648000,3162,3.375,,1.485352635383606,,,,3.375,,,,,,,,,
12652000,3163,4.375,,1.427081823348999,,,,4.375,,,,,,,,,
12656000,3164,4.125,,1.47432541847229,,,,4.125,,,,,,,,,
12660000,3165,4.125,,1.4895654916763306,,,,4.125,,,,,,,,,
12664000,3166,2.875,,1.4174349308013916,,,,2.875,,,,,,,,,
12668000,3167,4.125,,1.4399855136871338,,,,4.125,,,,,,,,,
12672000,3168,3.0,,1.4751771688461304,,,,3.0,,,,,,,,,
12676000,3169,3.625,,1.543022871017456,,,,3.625,,,,,,,,,
12680000,3170,3.875,,1.4132825136184692,,,,3.875,,,,,,,,,
12684000,3171,3.875,,1.462913990020752,,,,3.875,,,,,,,,,
12688000,3172,3.625,,1.5072448253631592,,,,3.625,,,,,,,,,
12692000,3173,3.875,,1.4389941692352295,,,,3.875,,,,,,,,,
12696000,3174,3.0,,1.4525773525238037,,,,3.0,,,,,,,,,
12700000,3175,3.25,,1.3975082635879517,,,,3.25,,,,,,,,,
12704000,3176,4.375,,1.4680402278900146,,,,4.375,,,,,,,,,
12708000,3177,4.125,,1.4546390771865845,,,,4.125,,,,,,,,,
12712000,3178,3.75,,1.4636447429656982,,,,3.75,,,,,,,,,
12716000,3179,3.75,,1.4758014678955078,,,,3.75,,,,,,,,,
12720000,3180,3.625,,1.4426928758621216,,,,3.625,,,,,,,,,
12724000,3181,3.5,,1.447913646697998,,,,3.5,,,,,,,,,
12728000,3182,3.75,,1.421408772468567,,,,3.75,,,,,,,,,
12732000,3183,4.0,,1.5090668201446533,,,,4.0,,,,,,,,,
12736000,3184,4.125,,1.3923640251159668,,,,4.125,,,,,,,,,
12740000,3185,4.0,,1.4280223846435547,,,,4.0,,,,,,,,,
12744000,3186,3.625,,1.3960355520248413,,,,3.625,,,,,,,,,
12748000,3187,3.625,,1.4576576948165894,,,,3.625,,,,,,,,,
12752000,3188,4.125,,1.4730126857757568,,,,4.125,,,,,,,,,
12756000,3189,3.625,,1.4438376426696777,,,,3.625,,,,,,,,,
12760000,3190,3.75,,1.4237267971038818,,,,3.75,,,,,,,,,
12764000,3191,4.375,,1.4195191860198975,,,,4.375,,,,,,,,,
12768000,3192,4.25,,1.4015271663665771,,,,4.25,,,,,,,,,
12772000,3193,4.375,,1.4399256706237793,,,,4.375,,,,,,,,,
12776000,3194,3.875,,1.4210072755813599,,,,3.875,,,,,,,,,
12780000,3195,4.0,,1.424891471862793,,,,4.0,,,,,,,,,
12784000,3196,4.0,,1.4664812088012695,,,,4.0,,,,,,,,,
12788000,3197,4.375,,1.4101794958114624,,,,4.375,,,,,,,,,
12792000,3198,2.75,,1.4318487644195557,,,,2.75,,,,,,,,,
12796000,3199,3.75,,1.4035170078277588,,,,3.75,,,,,,,,,
12800000,3200,3.75,,1.4072437286376953,,,,3.75,,,,,,,,,
12804000,3201,3.375,,1.3860787153244019,,,,3.375,,,,,,,,,
12808000,3202,3.125,,1.3838268518447876,,,,3.125,,,,,,,,,
12812000,3203,3.875,,1.3828370571136475,,,,3.875,,,,,,,,,
12816000,3204,3.5,,1.4337923526763916,,,,3.5,,,,,,,,,
12820000,3205,2.25,,1.3950259685516357,,,,2.25,,,,,,,,,
12824000,3206,2.5,,1.4251418113708496,,,,2.5,,,,,,,,,
12828000,3207,4.125,,1.4052891731262207,,,,4.125,,,,,,,,,
12832000,3208,3.75,,1.3825490474700928,,,,3.75,,,,,,,,,
12836000,3209,3.875,,1.395477533340454,,,,3.875,,,,,,,,,
12840000,3210,4.375,,1.3884507417678833,,,,4.375,,,,,,,,,
12844000,3211,3.375,,1.4516777992248535,,,,3.375,,,,,,,,,
12848000,3212,4.5,,1.40909743309021,,,,4.5,,,,,,,,,
12852000,3213,3.875,,1.3510419130325317,,,,3.875,,,,,,,,,
12856000,3214,3.5,,1.3557140827178955,,,,3.5,,,,,,,,,
12860000,3215,3.625,,1.3711268901824951,,,,3.625,,,,,,,,,
12864000,3216,3.375,,1.4053634405136108,,,,3.375,,,,,,,,,
12868000,3217,3.875,,1.3155945539474487,,,,3.875,,,,,,,,,
12872000,3218,4.0,,1.3719286918640137,,,,4.0,,,,,,,,,
12876000,3219,3.625,,1.3191587924957275,,,,3.625,,,,,,,,,
12880000,3220,3.625,,1.4323813915252686,,,,3.625,,,,,,,,,
12884000,3221,4.75,,1.3536040782928467,,,,4.75,,,,,,,,,
12888000,3222,3.125,,1.391921877861023,,,,3.125,,,,,,,,,
12892000,3223,3.875,,1.4096927642822266,,,,3.875,,,,,,,,,
12896000,3224,3.625,,1.361579418182373,,,,3.625,,,,,,,,,
12900000,3225,3.75,,1.355039119720459,,,,3.75,,,,,,,,,
12904000,3226,3.625,,1.321092128753662,,,,3.625,,,,,,,,,
12908000,3227,4.125,,1.3854291439056396,,,,4.125,,,,,,,,,
12912000,3228,3.75,,1.3459012508392334,,,,3.75,,,,,,,,,
12916000,3229,3.75,,1.2962603569030762,,,,3.75,,,,,,,,,
12920000,3230,4.5,,1.3793028593063354,,,,4.5,,,,,,,,,
12924000,3231,4.625,,1.3760707378387451,,,,4.625,,,,,,,,,
12928000,3232,3.5,,1.3160728216171265,,,,3.5,,,,,,,,,
12932000,3233,4.125,,1.3707342147827148,,,,4.125,,,,,,,,,
12936000,3234,4.125,,1.3368163108825684,,,,4.125,,,,,,,,,
12940000,3235,3.75,,1.2854297161102295,,,,3.75,,,,,,,,,
12944000,3236,4.625,,1.3681319952011108,,,,4.625,,,,,,,,,
12948000,3237,3.875,,1.3272316455841064,,,,3.875,,,,,,,,,
12952000,3238,4.25,,1.3240971565246582,,,,4.25,,,,,,,,,
12956000,3239,4.125,,1.3751099109649658,,,,4.125,,,,,,,,,
12960000,3240,4.25,,1.3187174797058105,,,,4.25,,,,,,,,,
12964000,3241,4.875,,1.3685097694396973,,,,4.875,,,,,,,,,
12968000,3242,3.5,,1.3029334545135498,,,,3.5,,,,,,,,,
12972000,3243,4.0,,1.3573322296142578,,,,4.0,,,,,,,,,
12976000,3244,4.0,,1.344547152519226,,,,4.0,,,,,,,,,
12980000,3245,4.0,,1.3692560195922852,,,,4.0,,,,,,,,,
12984000,3246,3.25,,1.3781769275665283,,,,3.25,,,,,,,,,
12988000,3247,3.75,,1.3442661762237549,,,,3.75,,,,,,,,,
12992000,3248,4.125,,1.3157352209091187,,,,4.125,,,,,,,,,
12996000,3249,3.75,,1.3052773475646973,,,,3.75,,,,,,,,,
13000000,3250,4.25,,1.3799309730529785,,,,4.25,,,,,,,,,
13004000,3251,2.5,,1.3522508144378662,,,,2.5,,,,,,,,,
13008000,3252,3.5,,1.3474520444869995,,,,3.5,,,,,,,,,
13012000,3253,3.875,,1.3440529108047485,,,,3.875,,,,,,,,,
13016000,3254,2.75,,1.3759286403656006,,,,2.75,,,,,,,,,
13020000,3255,4.125,,1.3367693424224854,,,,4.125,,,,,,,,,
13024000,3256,3.0,,1.3199927806854248,,,,3.0,,,,,,,,,
13028000,3257,3.625,,1.2821269035339355,,,,3.625,,,,,,,,,
13032000,3258,3.375,,1.306827425956726,,,,3.375,,,,,,,,,
13036000,3259,2.875,,1.3140406608581543,,,,2.875,,,,,,,,,
13040000,3260,3.125,,1.3178585767745972,,,,3.125,,,,,,,,,
13044000,3261,3.25,,1.3060567378997803,,,,3.25,,,,,,,,,
13048000,3262,3.375,,1.337218165397644,,,,3.375,,,,,,,,,
13052000,3263,3.625,,1.3595151901245117,,,,3.625,,,,,,,,,
13056000,3264,3.375,,1.3186925649642944,,,,3.375,,,,,,,,,
13060000,3265,3.625,,1.344180703163147,,,,3.625,,,,,,,,,
13064000,3266,2.75,,1.3558359146118164,,,,2.75,,,,,,,,,
13068000,3267,3.875,,1.3179097175598145,,,,3.875,,,,,,,,,
13072000,3268,3.375,,1.31184983253479,,,,3.375,,,,,,,,,
13076000,3269,3.75,,1.2954771518707275,,,,3.75,,,,,,,,,
13080000,3270,4.125,,1.3129432201385498,,,,4.125,,,,,,,,,
13084000,3271,3.5,,1.3275407552719116,,,,3.5,,,,,,,,,
13088000,3272,4.0,,1.309938669204712,,,,4.0,,,,,,,,,
13092000,3273,4.0,,1.2813069820404053,,,,4.0,,,,,,,,,
13096000,3274,3.75,,1.2907075881958008,,,,3.75,,,,,,,,,
13100000,3275,3.5,,1.2442119121551514,,,,3.5,,,,,,,,,
13104000,3276,3.75,,1.2570807933807373,,,,3.75,,,,,,,,,
13108000,3277,3.875,,1.305402398109436,,,,3.875,,,,,,,,,
13112000,3278,4.25,,1.2864642143249512,,,,4.25,,,,,,,,,
13116000,3279,4.125,,1.280582070350647,,,,4.125,,,,,,,,,
13120000,3280,4.875,,1.281325101852417,,,,4.875,,,,,,,,,
13124000,3281,4.5,,1.2393403053283691,,,,4.5,,,,,,,,,
13128000,3282,4.375,,1.2557132244110107,,,,4.375,,,,,,,,,
13132000,3283,3.125,,1.2722396850585938,,,,3.125,,,,,,,,,
13136000,3284,3.5,,1.2821462154388428,,,,3.5,,,,,,,,,
13140000,3285,4.25,,1.329972267150879,,,,4.25,,,,,,,,,
13144000,3286,5.0,,1.2836560010910034,,,,5.0,,,,,,,,,
13148000,3287,3.625,,1.3088897466659546,,,,3.625,,,,,,,,,
13152000,3288,4.25,,1.259373426437378,,,,4.25,,,,,,,,,
13156000,3289,5.0,,1.2930727005004883,,,,5.0,,,,,,,,,
13160000,3290,4.0,,1.2530980110168457,,,,4.0,,,,,,,,,
13164000,3291,4.125,,1.2538073062896729,,,,4.125,,,,,,,,,
13168000,3292,4.5,,1.2299425601959229,,,,4.5,,,,,,,,,
13172000,3293,4.5,,1.2862273454666138,,,,4.5,,,,,,,,,
13176000,3294,4.375,,1.3476803302764893,,,,4.375,,,,,,,,,
13180000,3295,4.125,,1.3466451168060303,,,,4.125,,,,,,,,,
13184000,3296,3.875,,1.28629732131958,,,,3.875,,,,,,,,,
13188000,3297,3.5,,1.2746942043304443,,,,3.5,,,,,,,,,
13192000,3298,4.625,,1.2905858755111694,,,,4.625,,,,,,,,,
13196000,3299,3.375,,1.2869333028793335,,,,3.375,,,,,,,,,
13200000,3300,4.75,,1.266813039779663,,,,4.75,,,,,,,,,
13204000,3301,4.375,,1.2986769676208496,,,,4.375,,,,,,,,,
13208000,3302,4.0,,1.336948275566101,,,,4.0,,,,,,,,,
13212000,3303,4.25,,1.2572832107543945,,,,4.25,,,,,,,,,
13216000,3304,4.125,,1.2736749649047852,,,,4.125,,,,,,,,,
13220000,3305,4.125,,1.3001515865325928,,,,4.125,,,,,,,,,
13224000,3306,4.125,,1.2771626710891724,,,,4.125,,,,,,,,,
13228000,3307,4.0,,1.27647864818573,,,,4.0,,,,,,,,,
13232000,3308,4.625,,1.309887409210205,,,,4.625,,,,,,,,,
13236000,3309,4.125,,1.3015470504760742,,,,4.125,,,,,,,,,
13240000,3310,4.375,,1.330771803855896,,,,4.375,,,,,,,,,
13244000,3311,4.25,,1.3360116481781006,,,,4.25,,,,,,,,,
13248000,3312,4.375,,1.3674542903900146,,,,4.375,,,,,,,,,
13252000,3313,3.875,,1.2957621812820435,,,,3.875,,,,,,,,,
13256000,3314,4.125,,1.2959812879562378,,,,4.125,,,,,,,,,
13260000,3315,3.625,,1.2677956819534302,,,,3.625,,,,,,,,,
13264000,3316,4.875,,1.296980619430542,,,,4.875,,,,,,,,,
13268000,3317,5.0,,1.2939072847366333,,,,5.0,,,,,,,,,
13272000,3318,4.875,,1.3142913579940796,,,,4.875,,,,,,,,,
13276000,3319,4.625,,1.2893041372299194,,,,4.625,,,,,,,,,
13280000,3320,5.0,,1.3702495098114014,,,,5.0,,,,,,,,,
13284000,3321,4.75,,1.3084410429000854,,,,4.75,,,,,,,,,
13288000,3322,4.125,,1.379900574684143,,,,4.125,,,,,,,,,
13292000,3323,4.125,,1.2934484481811523,,,,4.125,,,,,,,,,
13296000,3324,4.375,,1.3264867067337036,,,,4.375,,,,,,,,,
13300000,3325,4.0,,1.3765919208526611,,,,4.0,,,,,,,,,
13304000,3326,4.5,,1.352020502090454,,,,4.5,,,,,,,,,
13308000,3327,3.875,,1.306840181350708,,,,3.875,,,,,,,,,
13312000,3328,5.125,,1.3810940980911255,,,,5.125,,,,,,,,,
13316000,3329,4.0,,1.3019081354141235,,,,4.0,,,,,,,,,
13320000,3330,3.625,,1.3788275718688965,,,,3.625,,,,,,,,,
13324000,3331,4.75,,1.2831476926803589,,,,4.75,,,,,,,,,
13328000,3332,4.5,,1.4037883281707764,,,,4.5,,,,,,,,,
13332000,3333,5.125,,1.3631315231323242,,,,5.125,,,,,,,,,
13336000,3334,4.625,,1.3621829748153687,,,,4.625,,,,,,,,,
13340000,3335,4.875,,1.3069777488708496,,,,4.875,,,,,,,,,
13344000,3336,4.125,,1.3515865802764893,,,,4.125,,,,,,,,,
13348000,3337,4.25,,1.393349289894104,,,,4.25,,,,,,,,,
13352000,3338,4.75,,1.39125394821167,,,,4.75,,,,,,,,,
13356000,3339,4.125,,1.3525357246398926,,,,4.125,,,,,,,,,
13360000,3340,4.625,,1.3369382619857788,,,,4.625,,,,,,,,,
13364000,3341,4.125,,1.3871580362319946,,,,4.125,,,,,,,,,
13368000,3342,3.75,,1.34188711643219,,,,3.75,,,,,,,,,
13372000,3343,4.5,,1.4116593599319458,,,,4.5,,,,,,,,,
13376000,3344,5.0,,1.3080222606658936,,,,5.0,,,,,,,,,
13380000,3345,3.0,,1.4843659400939941,,,,3.0,,,,,,,,,
13384000,3346,3.125,,1.380592942237854,,,,3.125,,,,,,,,,
13388000,3347,3.625,,1.4125053882598877,,,,3.625,,,,,,,,,
13392000,3348,4.125,,1.3646433353424072,,,,4.125,,,,,,,,,
13396000,3349,4.625,,1.354609489440918,,,,4.625,,,,,,,,,
13400000,3350,4.125,,1.4682058095932007,,,,4.125,,,,,,,,,
13404000,3351,4.5,,1.3366074562072754,,,,4.5,,,,,,,,,
13408000,3352,4.125,,1.3446357250213623,,,,4.125,,,,,,,,,
13412000,3353,4.75,,1.3991551399230957,,,,4.75,,,,,,,,,
13416000,3354,4.625,,1.4451241493225098,,,,4.625,,,,,,,,,
13420000,3355,4.125,,1.397814393043518,,,,4.125,,,,,,,,,
13424000,3356,4.25,,1.3425405025482178,,,,4.25,,,,,,,,,
13428000,3357,3.875,,1.3900301456451416,,,,3.875,,,,,,,,,
13432000,3358,4.5,,1.3768497705459595,,,,4.5,,,,,,,,,
13436000,3359,4.375,,1.3506741523742676,,,,4.375,,,,,,,,,
13440000,3360,4.25,,1.3714375495910645,,,,4.25,,,,,,,,,
13444000,3361,4.875,,1.3842394351959229,,,,4.875,,,,,,,,,
13448000,3362,4.875,,1.4206717014312744,,,,4.875,,,,,,,,,
13452000,3363,4.25,,1.3999511003494263,,,,4.25,,,,,,,,,
13456000,3364,4.5,,1.3815016746520996,,,,4.5,,,,,,,,,
13460000,3365,5.5,,1.3794829845428467,,,,5.5,,,,,,,,,
13464000,3366,4.625,,1.3402385711669922,,,,4.625,,,,,,,,,
13468000,3367,4.125,,1.3863935470581055,,,,4.125,,,,,,,,,
13472000,3368,4.625,,1.3538818359375,,,,4.625,,,,,,,,,
13476000,3369,4.5,,1.389266014099121,,,,4.5,,,,,,,,,
13480000,3370,3.5,,1.4043537378311157,,,,3.5,,,,,,,,,
13484000,3371,4.25,,1.3783648014068604,,,,4.25,,,,,,,,,
13488000,3372,4.25,,1.461000919342041,,,,4.25,,,,,,,,,
13492000,3373,3.5,,1.3434855937957764,,,,3.5,,,,,,,,,
13496000,3374,3.5,,1.4121588468551636,,,,3.5,,,,,,,,,
13500000,3375,4.75,,1.4008721113204956,,,,4.75,,,,,,,,,
13504000,3376,4.25,,1.4273247718811035,,,,4.25,,,,,,,,,
13508000,3377,3.875,,1.4690216779708862,,,,3.875,,,,,,,,,
13512000,3378,4.375,,1.394784688949585,,,,4.375,,,,,,,,,
13516000,3379,4.25,,1.364823341369629,,,,4.25,,,,,,,,,
13520000,3380,4.25,,1.3666034936904907,,,,4.25,,,,,,,,,
13524000,3381,4.25,,1.3956172466278076,,,,4.25,,,,,,,,,
13528000,3382,4.0,,1.3968191146850586,,,,4.0,,,,,,,,,
13532000,3383,3.5,,1.416926383972168,,,,3.5,,,,,,,,,
13536000,3384,4.5,,1.384335994720459,,,,4.5,,,,,,,,,
13540000,3385,4.625,,1.4895139932632446,,,,4.625,,,,,,,,,
13544000,3386,4.125,,1.4468905925750732,,,,4.125,,,,,,,,,
13548000,3387,3.375,,1.4584053754806519,,,,3.375,,,,,,,,,
13552000,3388,4.375,,1.4845242500305176,,,,4.375,,,,,,,,,
13556000,3389,4.375,,1.4050703048706055,,,,4.375,,,,,,,,,
13560000,3390,3.75,,1.4120200872421265,,,,3.75,,,,,,,,,
13564000,3391,4.375,,1.4205979108810425,,,,4.375,,,,,,,,,
13568000,3392,3.75,,1.441909670829773,,,,3.75,,,,,,,,,
13572000,3393,4.875,,1.4575457572937012,,,,4.875,,,,,,,,,
13576000,3394,4.375,,1.4182403087615967,,,,4.375,,,,,,,,,
13580000,3395,3.5,,1.3683910369873047,,,,3.5,,,,,,,,,
13584000,3396,1.875,,1.3880343437194824,,,,1.875,,,,,,,,,
13588000,3397,4.0,,1.4778577089309692,,,,4.0,,,,,,,,,
13592000,3398,4.25,,1.5239737033843994,,,,4.25,,,,,,,,,
13596000,3399,4.375,,1.4592944383621216,,,,4.375,,,,,,,,,
13600000,3400,3.375,,1.4456305503845215,,,,3.375,,,,,,,,,
13604000,3401,4.0,,1.4637341499328613,,,,4.0,,,,,,,,,
13608000,3402,2.375,,1.4574744701385498,,,,2.375,,,,,,,,,
13612000,3403,3.375,,1.4339449405670166,,,,3.375,,,,,,,,,
13616000,3404,3.875,,1.4303478002548218,,,,3.875,,,,,,,,,
13620000,3405,3.375,,1.4629967212677002,,,,3.375,,,,,,,,,
13624000,3406,4.0,,1.4263588190078735,,,,4.0,,,,,,,,,
13628000,3407,4.75,,1.405388355255127,,,,4.75,,,,,,,,,
13632000,3408,3.125,,1.430001974105835,,,,3.125,,,,,,,,,
13636000,3409,2.125,,1.4236314296722412,,,,2.125,,,,,,,,,
13640000,3410,2.75,,1.4791635274887085,,,,2.75,,,,,,,,,
13644000,3411,4.0,,1.3851310014724731,,,,4.0,,,,,,,,,
13648000,3412,1.875,,1.4121931791305542,,,,1.875,,,,,,,,,
13652000,3413,3.5,,1.35133957862854,,,,3.5,,,,,,,,,
13656000,3414,2.625,,1.4054832458496094,,,,2.625,,,,,,,,,
13660000,3415,3.875,,1.4221278429031372,,,,3.875,,,,,,,,,
13664000,3416,3.75,,1.4503103494644165,,,,3.75,,,,,,,,,
13668000,3417,3.0,,1.3880130052566528,,,,3.0,,,,,,,,,
13672000,3418,4.25,,1.402146816253662,,,,4.25,,,,,,,,,
13676000,3419,3.125,,1.4196319580078125,,,,3.125,,,,,,,,,
13680000,3420,4.375,,1.4158573150634766,,,,4.375,,,,,,,,,
13684000,3421,4.125,,1.3979113101959229,,,,4.125,,,,,,,,,
13688000,3422,3.625,,1.3687440156936646,,,,3.625,,,,,,,,,
13692000,3423,3.5,,1.399768352508545,,,,3.5,,,,,,,,,
13696000,3424,4.25,,1.376310110092163,,,,4.25,,,,,,,,,
13700000,3425,2.5,,1.3419599533081055,,,,2.5,,,,,,,,,
13704000,3426,4.25,,1.3644062280654907,,,,4.25,,,,,,,,,
13708000,3427,4.0,,1.3441054821014404,,,,4.0,,,,,,,,,
13712000,3428,3.75,,1.3347800970077515,,,,3.75,,,,,,,,,
13716000,3429,3.375,,1.324441909790039,,,,3.375,,,,,,,,,
13720000,3430,3.0,,1.3444486856460571,,,,3.0,,,,,,,,,
13724000,3431,3.625,,1.341691017150879,,,,3.625,,,,,,,,,
13728000,3432,3.125,,1.4091598987579346,,,,3.125,,,,,,,,,
13732000,3433,3.875,,1.3646814823150635,,,,3.875,,,,,,,,,
13736000,3434,3.875,,1.3504877090454102,,,,3.875,,,,,,,,,
13740000,3435,5.25,,1.3444535732269287,,,,5.25,,,,,,,,,
13744000,3436,4.5,,1.3469512462615967,,,,4.5,,,,,,,,,
13748000,3437,4.75,,1.3709298372268677,,,,4.75,,,,,,,,,
13752000,3438,4.375,,1.3714487552642822,,,,4.375,,,,,,,,,
13756000,3439,4.5,,1.3415162563323975,,,,4.5,,,,,,,,,
13760000,3440,2.375,,1.3720805644989014,,,,2.375,,,,,,,,,
13764000,3441,4.375,,1.361281156539917,,,,4.375,,,,,,,,,
13768000,3442,4.125,,1.3337604999542236,,,,4.125,,,,,,,,,
13772000,3443,4.25,,1.3260588645935059,,,,4.25,,,,,,,,,
13776000,3444,4.5,,1.3258336782455444,,,,4.5,,,,,,,,,
13780000,3445,4.375,,1.2893211841583252,,,,4.375,,,,,,,,,
13784000,3446,4.25,,1.2886979579925537,,,,4.25,,,,,,,,,
13788000,3447,4.25,,1.3549643754959106,,,,4.25,,,,,,,,,
13792000,3448,4.375,,1.2909053564071655,,,,4.375,,,,,,,,,
13796000,3449,4.875,,1.3903833627700806,,,,4.875,,,,,,,,,
13800000,3450,2.625,,1.367574691772461,,,,2.625,,,,,,,,,
13804000,3451,4.625,,1.3253567218780518,,,,4.625,,,,,,,,,
13808000,3452,4.125,,1.3387994766235352,,,,4.125,,,,,,,,,
13812000,3453,4.0,,1.3497951030731201,,,,4.0,,,,,,,,,
13816000,3454,3.25,,1.3127858638763428,,,,3.25,,,,,,,,,
13820000,3455,3.875,,1.3335402011871338,,,,3.875,,,,,,,,,
13824000,3456,4.625,,1.3646621704101562,,,,4.625,,,,,,,,,
13828000,3457,3.625,,1.355985164642334,,,,3.625,,,,,,,,,
13832000,3458,2.875,,1.316634178161621,,,,2.875,,,,,,,,,
13836000,3459,3.25,,1.263784408569336,,,,3.25,,,,,,,,,
13840000,3460,3.25,,1.3532558679580688,,,,3.25,,,,,,,,,
13844000,3461,4.25,,1.3116748332977295,,,,4.25,,,,,,,,,
13848000,3462,3.625,,1.3420672416687012,,,,3.625,,,,,,,,,
13852000,3463,4.375,,1.2509849071502686,,,,4.375,,,,,,,,,
13856000,3464,3.125,,1.2715452909469604,,,,3.125,,,,,,,,,
13860000,3465,4.375,,1.3399100303649902,,,,4.375,,,,,,,,,
13864000,3466,4.125,,1.382718563079834,,,,4.125,,,,,,,,,
13868000,3467,4.375,,1.331424593925476,,,,4.375,,,,,,,,,
13872000,3468,4.0,,1.2490646839141846,,,,4.0,,,,,,,,,
13876000,3469,4.375,,1.291113257408142,,,,4.375,,,,,,,,,
13880000,3470,4.75,,1.3042104244232178,,,,4.75,,,,,,,,,
13884000,3471,3.75,,1.3375723361968994,,,,3.75,,,,,,,,,
13888000,3472,4.0,,1.285488486289978,,,,4.0,,,,,,,,,
13892000,3473,4.375,,1.3028945922851562,,,,4.375,,,,,,,,,
13896000,3474,4.25,,1.3344817161560059,,,,4.25,,,,,,,,,
13900000,3475,4.125,,1.2836565971374512,,,,4.125,,,,,,,,,
13904000,3476,3.75,,1.38755464553833,,,,3.75,,,,,,,,,
13908000,3477,2.875,,1.3668736219406128,,,,2.875,,,,,,,,,
13912000,3478,4.375,,1.246253252029419,,,,4.375,,,,,,,,,
13916000,3479,4.0,,1.2985963821411133,,,,4.0,,,,,,,,,
13920000,3480,4.375,,1.2886492013931274,,,,4.375,,,,,,,,,
13924000,3481,4.375,,1.342118740081787,,,,4.375,,,,,,,,,
13928000,3482,4.875,,1.3183937072753906,,,,4.875,,,,,,,,,
13932000,3483,4.25,,1.3416906595230103,,,,4.25,,,,,,,,,
13936000,3484,4.375,,1.3493072986602783,,,,4.375,,,,,,,,,
13940000,3485,4.125,,1.2800285816192627,,,,4.125,,,,,,,,,
13944000,3486,4.125,,1.3032386302947998,,,,4.125,,,,,,,,,
13948000,3487,3.875,,1.3052692413330078,,,,3.875,,,,,,,,,
13952000,3488,3.875,,1.2852256298065186,,,,3.875,,,,,,,,,
13956000,3489,4.25,,1.3305654525756836,,,,4.25,,,,,,,,,
13960000,3490,4.625,,1.326837182044983,,,,4.625,,,,,,,,,
13964000,3491,4.5,,1.2872486114501953,,,,4.5,,,,,,,,,
13968000,3492,4.375,,1.3119629621505737,,,,4.375,,,,,,,,,
13972000,3493,4.875,,1.27956223487854,,,,4.875,,,,,,,,,
13976000,3494,4.375,,1.218392252922058,,,,4.375,,,,,,,,,
13980000,3495,4.375,,1.3000165224075317,,,,4.375,,,,,,,,,
13984000,3496,4.25,,1.3145787715911865,,,,4.25,,,,,,,,,
13988000,3497,4.5,,1.2869713306427002,,,,4.5,,,,,,,,,
13992000,3498,4.25,,1.3255997896194458,,,,4.25,,,,,,,,,
13996000,3499,5.0,,1.3127280473709106,,,,5.0,,,,,,,,,
14000000,3500,5.25,,1.312967300415039,,,,5.25,,,,,,,,,
14004000,3501,4.625,,1.33780837059021,,,,4.625,,,,,,,,,
14008000,3502,3.875,,1.305411458015442,,,,3.875,,,,,,,,,
14012000,3503,4.5,,1.300679087638855,,,,4.5,,,,,,,,,
14016000,3504,4.0,,1.282427191734314,,,,4.0,,,,,,,,,
14020000,3505,4.625,,1.3060920238494873,,,,4.625,,,,,,,,,
14024000,3506,4.75,,1.3145852088928223,,,,4.75,,,,,,,,,
14028000,3507,3.625,,1.27848219871521,,,,3.625,,,,,,,,,
14032000,3508,4.125,,1.3356051445007324,,,,4.125,,,,,,,,,
14036000,3509,4.625,,1.3420180082321167,,,,4.625,,,,,,,,,
14040000,3510,4.375,,1.306382417678833,,,,4.375,,,,,,,,,
14044000,3511,4.25,,1.3309524059295654,,,,4.25,,,,,,,,,
14048000,3512,4.5,,1.3880558013916016,,,,4.5,,,,,,,,,
14052000,3513,4.25,,1.2533141374588013,,,,4.25,,,,,,,,,
14056000,3514,4.125,,1.3096888065338135,,,,4.125,,,,,,,,,
14060000,3515,4.875,,1.2847729921340942,,,,4.875,,,,,,,,,
14064000,3516,4.375,,1.2713029384613037,,,,4.375,,,,,,,,,
14068000,3517,4.625,,1.2893362045288086,,,,4.625,,,,,,,,,
14072000,3518,4.75,,1.3039770126342773,,,,4.75,,,,,,,,,
14076000,3519,4.5,,1.2948188781738281,,,,4.5,,,,,,,,,
14080000,3520,4.5,,1.2938616275787354,,,,4.5,,,,,,,,,
14084000,3521,4.5,,1.3413982391357422,,,,4.5,,,,,,,,,
14088000,3522,4.625,,1.2817140817642212,,,,4.625,,,,,,,,,
14092000,3523,4.375,,1.285482406616211,,,,4.375,,,,,,,,,
14096000,3524,4.0,,1.327655553817749,,,,4.0,,,,,,,,,
14100000,3525,3.75,,1.2847908735275269,,,,3.75,,,,,,,,,
14104000,3526,4.5,,1.2996203899383545,,,,4.5,,,,,,,,,
14108000,3527,4.25,,1.2873446941375732,,,,4.25,,,,,,,,,
14112000,3528,4.75,,1.3057971000671387,,,,4.75,,,,,,,,,
14116000,3529,4.875,,1.3064216375350952,,,,4.875,,,,,,,,,
14120000,3530,3.875,,1.372779130935669,,,,3.875,,,,,,,,,
14124000,3531,3.5,,1.3250232934951782,,,,3.5,,,,,,,,,
14128000,3532,4.375,,1.3236751556396484,,,,4.375,,,,,,,,,
14132000,3533,4.5,,1.3411436080932617,,,,4.5,,,,,,,,,
14136000,3534,4.5,,1.3581438064575195,,,,4.5,,,,,,,,,
14140000,3535,4.25,,1.305203914642334,,,,4.25,,,,,,,,,
14144000,3536,5.125,,1.3063275814056396,,,,5.125,,,,,,,,,
14148000,3537,4.625,,1.3291397094726562,,,,4.625,,,,,,,,,
14152000,3538,5.125,,1.350080132484436,,,,5.125,,,,,,,,,
14156000,3539,4.125,,1.3661565780639648,,,,4.125,,,,,,,,,
14160000,3540,3.875,,1.3837244510650635,,,,3.875,,,,,,,,,
14164000,3541,4.0,,1.3406871557235718,,,,4.0,,,,,,,,,
14168000,3542,4.25,,1.3403419256210327,,,,4.25,,,,,,,,,
14172000,3543,3.875,,1.3903248310089111,,,,3.875,,,,,,,,,
14176000,3544,4.0,,1.37498140335083,,,,4.0,,,,,,,,,
14180000,3545,4.875,,1.340414047241211,,,,4.875,,,,,,,,,
14184000,3546,3.625,,1.3591227531433105,,,,3.625,,,,,,,,,
14188000,3547,3.625,,1.3244144916534424,,,,3.625,,,,,,,,,
14192000,3548,4.75,,1.3567826747894287,,,,4.75,,,,,,,,,
14196000,3549,4.125,,1.314245343208313,,,,4.125,,,,,,,,,
14200000,3550,4.25,,1.3993465900421143,,,,4.25,,,,,,,,,
14204000,3551,4.0,,1.353231430053711,,,,4.0,,,,,,,,,
14208000,3552,3.5,,1.3340270519256592,,,,3.5,,,,,,,,,
14212000,3553,4.125,,1.3754383325576782,,,,4.125,,,,,,,,,
14216000,3554,3.625,,1.3337445259094238,,,,3.625,,,,,,,,,
14220000,3555,4.5,,1.3439726829528809,,,,4.5,,,,,,,,,
14224000,3556,3.625,,1.339187741279602,,,,3.625,,,,,,,,,
14228000,3557,3.125,,1.348386526107788,,,,3.125,,,,,,,,,
14232000,3558,4.625,,1.3501020669937134,,,,4.625,,,,,,,,,
14236000,3559,4.125,,1.4274110794067383,,,,4.125,,,,,,,,,
14240000,3560,4.75,,1.336460828781128,,,,4.75,,,,,,,,,
14244000,3561,4.125,,1.355061650276184,,,,4.125,,,,,,,,,
14248000,3562,4.625,,1.432023048400879,,,,4.625,,,,,,,,,
14252000,3563,3.875,,1.3743219375610352,,,,3.875,,,,,,,,,
14256000,3564,2.875,,1.3254690170288086,,,,2.875,,,,,,,,,
14260000,3565,4.625,,1.3402785062789917,,,,4.625,,,,,,,,,
14264000,3566,3.75,,1.357497215270996,,,,3.75,,,,,,,,,
14268000,3567,4.125,,1.3334062099456787,,,,4.125,,,,,,,,,
14272000,3568,3.875,,1.3764162063598633,,,,3.875,,,,,,,,,
14276000,3569,4.125,,1.3496379852294922,,,,4.125,,,,,,,,,
14280000,3570,3.5,,1.3084428310394287,,,,3.5,,,,,,,,,
14284000,3571,3.75,,1.3272087574005127,,,,3.75,,,,,,,,,
14288000,3572,4.25,,1.3641223907470703,,,,4.25,,,,,,,,,
14292000,3573,4.375,,1.3419044017791748,,,,4.375,,,,,,,,,
14296000,3574,4.375,,1.3287452459335327,,,,4.375,,,,,,,,,
14300000,3575,5.125,,1.39548921585083,,,,5.125,,,,,,,,,
14304000,3576,3.875,,1.295518398284912,,,,3.875,,,,,,,,,
14308000,3577,4.375,,1.3478974103927612,,,,4.375,,,,,,,,,
14312000,3578,3.625,,1.3559601306915283,,,,3.625,,,,,,,,,
14316000,3579,4.5,,1.3458935022354126,,,,4.5,,,,,,,,,
14320000,3580,3.375,,1.3336563110351562,,,,3.375,,,,,,,,,
14324000,3581,2.625,,1.3525184392929077,,,,2.625,,,,,,,,,
14328000,3582,2.25,,1.3063050508499146,,,,2.25,,,,,,,,,
14332000,3583,4.0,,1.3446991443634033,,,,4.0,,,,,,,,,
14336000,3584,3.0,,1.3237025737762451,,,,3.0,,,,,,,,,
14340000,3585,4.25,,1.3256571292877197,,,,4.25,,,,,,,,,
14344000,3586,3.875,,1.3609189987182617,,,,3.875,,,,,,,,,
14348000,3587,3.0,,1.3949905633926392,,,,3.0,,,,,,,,,
14352000,3588,1.75,,1.3730247020721436,,,,1.75,,,,,,,,,
14356000,3589,3.875,,1.3605613708496094,,,,3.875,,,,,,,,,
14360000,3590,3.375,,1.3789783716201782,,,,3.375,,,,,,,,,
14364000,3591,2.75,,1.3724638223648071,,,,2.75,,,,,,,,,
14368000,3592,2.375,,1.3513118028640747,,,,2.375,,,,,,,,,
14372000,3593,2.875,,1.2933785915374756,,,,2.875,,,,,,,,,
14376000,3594,2.875,,1.322716474533081,,,,2.875,,,,,,,,,
14380000,3595,4.375,,1.3299014568328857,,,,4.375,,,,,,,,,
14384000,3596,3.125,,1.3374171257019043,,,,3.125,,,,,,,,,
14388000,3597,3.875,,1.3828192949295044,,,,3.875,,,,,,,,,
14392000,3598,4.125,,1.2946703433990479,,,,4.125,,,,,,,,,
14396000,3599,4.0,,1.2466322183609009,,,,4.0,,,,,,,,,
14400000,3600,3.5,,1.2643077373504639,,,,3.5,,,,,,,,,
14404000,3601,3.0,,1.2803906202316284,,,,3.0,,,,,,,,,
14408000,3602,3.5,,1.3445831537246704,,,,3.5,,,,,,,,,
14412000,3603,4.25,,1.3493486642837524,,,,4.25,,,,,,,,,
14416000,3604,4.0,,1.2774615287780762,,,,4.0,,,,,,,,,
14420000,3605,3.875,,1.2991392612457275,,,,3.875,,,,,,,,,
14424000,3606,4.75,,1.3092803955078125,,,,4.75,,,,,,,,,
14428000,3607,4.375,,1.3036935329437256,,,,4.375,,,,,,,,,
14432000,3608,3.875,,1.342876672744751,,,,3.875,,,,,,,,,
14436000,3609,4.625,,1.2958166599273682,,,,4.625,,,,,,,,,
14440000,3610,3.875,,1.3425649404525757,,,,3.875,,,,,,,,,
14444000,3611,3.125,,1.3076270818710327,,,,3.125,,,,,,,,,
14448000,3612,4.0,,1.2685189247131348,,,,4.0,,,,,,,,,
14452000,3613,3.5,,1.315126895904541,,,,3.5,,,,,,,,,
14456000,3614,4.375,,1.3169101476669312,,,,4.375,,,,,,,,,
14460000,3615,4.75,,1.2497367858886719,,,,4.75,,,,,,,,,
14464000,3616,3.875,,1.3414714336395264,,,,3.875,,,,,,,,,
14468000,3617,3.25,,1.2804745435714722,,,,3.25,,,,,,,,,
14472000,3618,4.375,,1.2857660055160522,,,,4.375,,,,,,,,,
14476000,3619,3.875,,1.2727688550949097,,,,3.875,,,,,,,,,
14480000,3620,4.25,,1.2745611667633057,,,,4.25,,,,,,,,,
14484000,3621,4.375,,1.3205971717834473,,,,4.375,,,,,,,,,
14488000,3622,4.5,,1.2433924674987793,,,,4.5,,,,,,,,,
14492000,3623,3.875,,1.3001904487609863,,,,3.875,,,,,,,,,
14496000,3624,5.0,,1.2565793991088867,,,,5.0,,,,,,,,,
14500000,3625,4.375,,1.3001285791397095,,,,4.375,,,,,,,,,
14504000,3626,4.0,,1.2951780557632446,,,,4.0,,,,,,,,,
14508000,3627,4.375,,1.2928814888000488,,,,4.375,,,,,,,,,
14512000,3628,4.5,,1.2612144947052002,,,,4.5,,,,,,,,,
14516000,3629,4.0,,1.243314504623413,,,,4.0,,,,,,,,,
14520000,3630,3.625,,1.2471606731414795,,,,3.625,,,,,,,,,
14524000,3631,4.125,,1.2975380420684814,,,,4.125,,,,,,,,,
14528000,3632,4.375,,1.3117172718048096,,,,4.375,,,,,,,,,
14532000,3633,4.0,,1.260941505432129,,,,4.0,,,,,,,,,
14536000,3634,3.625,,1.2710844278335571,,,,3.625,,,,,,,,,
14540000,3635,3.75,,1.2247540950775146,,,,3.75,,,,,,,,,
14544000,3636,2.625,,1.3079700469970703,,,,2.625,,,,,,,,,
14548000,3637,4.375,,1.2444074153900146,,,,4.375,,,,,,,,,
14552000,3638,4.25,,1.267944097518921,,,,4.25,,,,,,,,,
14556000,3639,4.5,,1.3199236392974854,,,,4.5,,,,,,,,,
14560000,3640,3.875,,1.2762186527252197,,,,3.875,,,,,,,,,
14564000,3641,3.5,,1.2904512882232666,,,,3.5,,,,,,,,,
14568000,3642,3.375,,1.2899668216705322,,,,3.375,,,,,,,,,
14572000,3643,4.5,,1.2514681816101074,,,,4.5,,,,,,,,,
14576000,3644,5.625,,1.2408767938613892,,,,5.625,,,,,,,,,
14580000,3645,3.625,,1.272404670715332,,,,3.625,,,,,,,,,
14584000,3646,4.125,,1.292536735534668,,,,4.125,,,,,,,,,
14588000,3647,4.125,,1.2962429523468018,,,,4.125,,,,,,,,,
14592000,3648,4.5,,1.1864242553710938,,,,4.5,,,,,,,,,
14596000,3649,4.125,,1.2708594799041748,,,,4.125,,,,,,,,,
14600000,3650,3.125,,1.2479088306427002,,,,3.125,,,,,,,,,
14604000,3651,4.0,,1.238739252090454,,,,4.0,,,,,,,,,
14608000,3652,4.5,,1.2412813901901245,,,,4.5,,,,,,,,,
14612000,3653,4.0,,1.2497025728225708,,,,4.0,,,,,,,,,
14616000,3654,4.0,,1.2146116495132446,,,,4.0,,,,,,,,,
14620000,3655,3.5,,1.2647590637207031,,,,3.5,,,,,,,,,
14624000,3656,4.25,,1.2504538297653198,,,,4.25,,,,,,,,,
14628000,3657,3.875,,1.2575136423110962,,,,3.875,,,,,,,,,
14632000,3658,3.625,,1.2161142826080322,,,,3.625,,,,,,,,,
14636000,3659,4.5,,1.2236175537109375,,,,4.5,,,,,,,,,
14640000,3660,4.375,,1.2612547874450684,,,,4.375,,,,,,,,,
14644000,3661,4.125,,1.252540111541748,,,,4.125,,,,,,,,,
14648000,3662,4.0,,1.2258903980255127,,,,4.0,,,,,,,,,
14652000,3663,5.0,,1.2274982929229736,,,,5.0,,,,,,,,,
14656000,3664,3.875,,1.1882129907608032,,,,3.875,,,,,,,,,
14660000,3665,4.0,,1.260603427886963,,,,4.0,,,,,,,,,
14664000,3666,3.625,,1.2371268272399902,,,,3.625,,,,,,,,,
14668000,3667,4.25,,1.247617483139038,,,,4.25,,,,,,,,,
14672000,3668,4.0,,1.2021393775939941,,,,4.0,,,,,,,,,
14676000,3669,4.375,,1.2346863746643066,,,,4.375,,,,,,,,,
14680000,3670,4.25,,1.2347285747528076,,,,4.25,,,,,,,,,
14684000,3671,4.375,,1.2338972091674805,,,,4.375,,,,,,,,,
14688000,3672,3.5,,1.2135183811187744,,,,3.5,,,,,,,,,
14692000,3673,4.25,,1.2354929447174072,,,,4.25,,,,,,,,,
14696000,3674,4.25,,1.2642942667007446,,,,4.25,,,,,,,,,
14700000,3675,4.125,,1.2315177917480469,,,,4.125,,,,,,,,,
14704000,3676,4.125,,1.257753610610962,,,,4.125,,,,,,,,,
14708000,3677,4.125,,1.2043817043304443,,,,4.125,,,,,,,,,
14712000,3678,4.375,,1.2227072715759277,,,,4.375,,,,,,,,,
14716000,3679,4.0,,1.2462148666381836,,,,4.0,,,,,,,,,
14720000,3680,4.125,,1.2695083618164062,,,,4.125,,,,,,,,,
14724000,3681,4.125,,1.2657136917114258,,,,4.125,,,,,,,,,
14728000,3682,4.0,,1.2284077405929565,,,,4.0,,,,,,,,,
14732000,3683,3.75,,1.215486764907837,,,,3.75,,,,,,,,,
14736000,3684,3.375,,1.2619138956069946,,,,3.375,,,,,,,,,
14740000,3685,3.25,,1.261751651763916,,,,3.25,,,,,,,,,
14744000,3686,3.625,,1.2290103435516357,,,,3.625,,,,,,,,,
14748000,3687,3.375,,1.244536280632019,,,,3.375,,,,,,,,,
14752000,3688,3.375,,1.2180465459823608,,,,3.375,,,,,,,,,
14756000,3689,4.75,,1.1958937644958496,,,,4.75,,,,,,,,,
14760000,3690,3.375,,1.2087955474853516,,,,3.375,,,,,,,,,
14764000,3691,3.75,,1.221390962600708,,,,3.75,,,,,,,,,
14768000,3692,3.625,,1.2562849521636963,,,,3.625,,,,,,,,,
14772000,3693,3.25,,1.2521719932556152,,,,3.25,,,,,,,,,
14776000,3694,4.125,,1.2405129671096802,,,,4.125,,,,,,,,,
14780000,3695,4.625,,1.2386150360107422,,,,4.625,,,,,,,,,
14784000,3696,4.625,,1.2714747190475464,,,,4.625,,,,,,,,,
14788000,3697,4.375,,1.2591290473937988,,,,4.375,,,,,,,,,
14792000,3698,3.25,,1.209491491317749,,,,3.25,,,,,,,,,
14796000,3699,4.25,,1.2619074583053589,,,,4.25,,,,,,,,,
14800000,3700,4.125,,1.2529358863830566,,,,4.125,,,,,,,,,
14804000,3701,3.875,,1.235438346862793,,,,3.875,,,,,,,,,
14808000,3702,3.875,,1.2296369075775146,,,,3.875,,,,,,,,,
14812000,3703,4.0,,1.1908385753631592,,,,4.0,,,,,,,,,
14816000,3704,3.875,,1.1831538677215576,,,,3.875,,,,,,,,,
14820000,3705,3.875,,1.206903100013733,,,,3.875,,,,,,,,,
14824000,3706,4.0,,1.2007702589035034,,,,4.0,,,,,,,,,
14828000,3707,4.125,,1.224130392074585,,,,4.125,,,,,,,,,
14832000,3708,3.75,,1.2742239236831665,,,,3.75,,,,,,,,,
14836000,3709,4.125,,1.2281748056411743,,,,4.125,,,,,,,,,
14840000,3710,3.875,,1.2433888912200928,,,,3.875,,,,,,,,,
14844000,3711,4.125,,1.2144228219985962,,,,4.125,,,,,,,,,
14848000,3712,3.625,,1.180414080619812,,,,3.625,,,,,,,,,
14852000,3713,3.875,,1.2940887212753296,,,,3.875,,,,,,,,,
14856000,3714,3.75,,1.2452430725097656,,,,3.75,,,,,,,,,
14860000,3715,4.0,,1.211506962776184,,,,4.0,,,,,,,,,
14864000,3716,3.25,,1.2848010063171387,,,,3.25,,,,,,,,,
14868000,3717,4.25,,1.200270652770996,,,,4.25,,,,,,,,,
14872000,3718,4.25,,1.1804746389389038,,,,4.25,,,,,,,,,
14876000,3719,4.25,,1.2676746845245361,,,,4.25,,,,,,,,,
14880000,3720,4.0,,1.2861907482147217,,,,4.0,,,,,,,,,
14884000,3721,3.875,,1.2400636672973633,,,,3.875,,,,,,,,,
14888000,3722,3.875,,1.264427900314331,,,,3.875,,,,,,,,,
14892000,3723,3.75,,1.2616288661956787,,,,3.75,,,,,,,,,
14896000,3724,3.5,,1.2399554252624512,,,,3.5,,,,,,,,,
14900000,3725,3.75,,1.2503416538238525,,,,3.75,,,,,,,,,
14904000,3726,4.0,,1.2675085067749023,,,,4.0,,,,,,,,,
14908000,3727,3.375,,1.2285006046295166,,,,3.375,,,,,,,,,
14912000,3728,3.5,,1.269676685333252,,,,3.5,,,,,,,,,
14916000,3729,3.25,,1.2547998428344727,,,,3.25,,,,,,,,,
14920000,3730,2.25,,1.2573466300964355,,,,2.25,,,,,,,,,
14924000,3731,3.5,,1.2168909311294556,,,,3.5,,,,,,,,,
14928000,3732,2.875,,1.2424139976501465,,,,2.875,,,,,,,,,
14932000,3733,3.0,,1.1789522171020508,,,,3.0,,,,,,,,,
14936000,3734,2.75,,1.2256828546524048,,,,2.75,,,,,,,,,
14940000,3735,3.25,,1.2458226680755615,,,,3.25,,,,,,,,,
14944000,3736,3.5,,1.1821966171264648,,,,3.5,,,,,,,,,
14948000,3737,4.125,,1.1873892545700073,,,,4.125,,,,,,,,,
14952000,3738,3.375,,1.2122302055358887,,,,3.375,,,,,,,,,
14956000,3739,4.375,,1.2461005449295044,,,,4.375,,,,,,,,,
14960000,3740,4.375,,1.217993974685669,,,,4.375,,,,,,,,,
14964000,3741,4.0,,1.2326698303222656,,,,4.0,,,,,,,,,
14968000,3742,4.375,,1.2032606601715088,,,,4.375,,,,,,,,,
14972000,3743,3.25,,1.1762244701385498,,,,3.25,,,,,,,,,
14976000,3744,3.5,,1.2510318756103516,,,,3.5,,,,,,,,,
14980000,3745,3.625,,1.1928226947784424,,,,3.625,,,,,,,,,
14984000,3746,3.75,,1.1787985563278198,,,,3.75,,,,,,,,,
14988000,3747,3.875,,1.1613397598266602,,,,3.875,,,,,,,,,
14992000,3748,3.5,,1.176113247871399,,,,3.5,,,,,,,,,
14996000,3749,3.25,,1.1977479457855225,,,,3.25,,,,,,,,,
15000000,3750,4.375,,1.200028657913208,,,,4.375,,,,,,,,,
15004000,3751,3.75,,1.2133513689041138,,,,3.75,,,,,,,,,
15008000,3752,4.0,,1.1823056936264038,,,,4.0,,,,,,,,,
15012000,3753,4.5,,1.2055840492248535,,,,4.5,,,,,,,,,
15016000,3754,4.125,,1.2170770168304443,,,,4.125,,,,,,,,,
15020000,3755,5.25,,1.196359634399414,,,,5.25,,,,,,,,,
15024000,3756,3.75,,1.1601775884628296,,,,3.75,,,,,,,,,
15028000,3757,4.375,,1.219428539276123,,,,4.375,,,,,,,,,
15032000,3758,4.5,,1.2315220832824707,,,,4.5,,,,,,,,,
15036000,3759,4.375,,1.2163021564483643,,,,4.375,,,,,,,,,
15040000,3760,3.125,,1.2186344861984253,,,,3.125,,,,,,,,,
15044000,3761,4.25,,1.2036381959915161,,,,4.25,,,,,,,,,
15048000,3762,4.125,,1.1410224437713623,,,,4.125,,,,,,,,,
15052000,3763,3.5,,1.2072372436523438,,,,3.5,,,,,,,,,
15056000,3764,4.0,,1.1968653202056885,,,,4.0,,,,,,,,,
15060000,3765,3.375,,1.1684584617614746,,,,3.375,,,,,,,,,
15064000,3766,4.125,,1.1914687156677246,,,,4.125,,,,,,,,,
15068000,3767,3.375,,1.2243655920028687,,,,3.375,,,,,,,,,
15072000,3768,4.0,,1.1612427234649658,,,,4.0,,,,,,,,,
15076000,3769,4.0,,1.1462373733520508,,,,4.0,,,,,,,,,
15080000,3770,3.875,,1.1946067810058594,,,,3.875,,,,,,,,,
15084000,3771,3.5,,1.246833324432373,,,,3.5,,,,,,,,,
15088000,3772,4.25,,1.2091261148452759,,,,4.25,,,,,,,,,
15092000,3773,4.25,,1.1710846424102783,,,,4.25,,,,,,,,,
15096000,3774,3.75,,1.174841284751892,,,,3.75,,,,,,,,,
15100000,3775,3.75,,1.2116645574569702,,,,3.75,,,,,,,,,
15104000,3776,4.625,,1.1769459247589111,,,,4.625,,,,,,,,,
15108000,3777,4.0,,1.2336500883102417,,,,4.0,,,,,,,,,
15112000,3778,4.375,,1.173814296722412,,,,4.375,,,,,,,,,
15116000,3779,3.875,,1.1671578884124756,,,,3.875,,,,,,,,,
15120000,3780,3.625,,1.1682467460632324,,,,3.625,,,,,,,,,
15124000,3781,3.125,,1.1733100414276123,,,,3.125,,,,,,,,,
15128000,3782,4.375,,1.1976685523986816,,,,4.375,,,,,,,,,
15132000,3783,3.25,,1.1732184886932373,,,,3.25,,,,,,,,,
15136000,3784,4.5,,1.1953017711639404,,,,4.5,,,,,,,,,
15140000,3785,4.125,,1.1837843656539917,,,,4.125,,,,,,,,,
15144000,3786,2.25,,1.1985697746276855,,,,2.25,,,,,,,,,
15148000,3787,4.0,,1.1900413036346436,,,,4.0,,,,,,,,,
15152000,3788,3.375,,1.2519819736480713,,,,3.375,,,,,,,,,
15156000,3789,4.0,,1.1505905389785767,,,,4.0,,,,,,,,,
15160000,3790,2.0,,1.1715041399002075,,,,2.0,,,,,,,,,
15164000,3791,2.75,,1.1238858699798584,,,,2.75,,,,,,,,,
15168000,3792,3.75,,1.1712373495101929,,,,3.75,,,,,,,,,
15172000,3793,4.25,,1.171688199043274,,,,4.25,,,,,,,,,
15176000,3794,4.125,,1.1656142473220825,,,,4.125,,,,,,,,,
15180000,3795,4.125,,1.1501550674438477,,,,4.125,,,,,,,,,
15184000,3796,4.5,,1.2114136219024658,,,,4.5,,,,,,,,,
15188000,3797,4.0,,1.1689255237579346,,,,4.0,,,,,,,,,
15192000,3798,3.625,,1.1701264381408691,,,,3.625,,,,,,,,,
15196000,3799,4.625,,1.1255171298980713,,,,4.625,,,,,,,,,
15200000,3800,3.5,,1.1159054040908813,,,,3.5,,,,,,,,,
15204000,3801,3.5,,1.1531397104263306,,,,3.5,,,,,,,,,
15208000,3802,3.875,,1.1510868072509766,,,,3.875,,,,,,,,,
15212000,3803,3.0,,1.1093274354934692,,,,3.0,,,,,,,,,
15216000,3804,3.75,,1.1907339096069336,,,,3.75,,,,,,,,,
15220000,3805,4.125,,1.1718342304229736,,,,4.125,,,,,,,,,
15224000,3806,4.625,,1.1331138610839844,,,,4.625,,,,,,,,,
15228000,3807,4.0,,1.1646537780761719,,,,4.0,,,,,,,,,
15232000,3808,3.625,,1.1394762992858887,,,,3.625,,,,,,,,,
15236000,3809,4.0,,1.1255214214324951,,,,4.0,,,,,,,,,
15240000,3810,4.25,,1.2061002254486084,,,,4.25,,,,,,,,,
15244000,3811,4.375,,1.1629552841186523,,,,4.375,,,,,,,,,
15248000,3812,4.125,,1.1600122451782227,,,,4.125,,,,,,,,,
15252000,3813,4.375,,1.1802821159362793,,,,4.375,,,,,,,,,
15256000,3814,4.0,,1.1640641689300537,,,,4.0,,,,,,,,,
15260000,3815,4.375,,1.1673296689987183,,,,4.375,,,,,,,,,
15264000,3816,3.625,,1.1569561958312988,,,,3.625,,,,,,,,,
15268000,3817,4.5,,1.1382956504821777,,,,4.5,,,,,,,,,
15272000,3818,4.125,,1.1682958602905273,,,,4.125,,,,,,,,,
15276000,3819,4.625,,1.1859965324401855,,,,4.625,,,,,,,,,
15280000,3820,4.875,,1.1539676189422607,,,,4.875,,,,,,,,,
15284000,3821,4.0,,1.1627652645111084,,,,4.0,,,,,,,,,
15288000,3822,4.125,,1.153214931488037,,,,4.125,,,,,,,,,
15292000,3823,3.5,,1.1739139556884766,,,,3.5,,,,,,,,,
15296000,3824,4.375,,1.1446000337600708,,,,4.375,,,,,,,,,
15300000,3825,3.125,,1.1367466449737549,,,,3.125,,,,,,,,,
15304000,3826,4.25,,1.1651017665863037,,,,4.25,,,,,,,,,
15308000,3827,3.625,,1.1250360012054443,,,,3.625,,,,,,,,,
15312000,3828,3.625,,1.1710779666900635,,,,3.625,,,,,,,,,
15316000,3829,4.375,,1.1350390911102295,,,,4.375,,,,,,,,,
15320000,3830,3.5,,1.1476292610168457,,,,3.5,,,,,,,,,
15324000,3831,3.75,,1.1684926748275757,,,,3.75,,,,,,,,,
15328000,3832,4.0,,1.145742416381836,,,,4.0,,,,,,,,,
15332000,3833,4.5,,1.1619594097137451,,,,4.5,,,,,,,,,
15336000,3834,4.25,,1.2107528448104858,,,,4.25,,,,,,,,,
15340000,3835,4.5,,1.167179822921753,,,,4.5,,,,,,,,,
15344000,3836,4.25,,1.1887286901474,,,,4.25,,,,,,,,,
15348000,3837,4.25,,1.1310372352600098,,,,4.25,,,,,,,,,
15352000,3838,4.875,,1.1226747035980225,,,,4.875,,,,,,,,,
15356000,3839,4.0,,1.2026978731155396,,,,4.0,,,,,,,,,
15360000,3840,3.875,,1.1668604612350464,,,,3.875,,,,,,,,,
15364000,3841,3.875,,1.1964833736419678,,,,3.875,,,,,,,,,
15368000,3842,4.125,,1.1864359378814697,,,,4.125,,,,,,,,,
15372000,3843,4.125,,1.1391836404800415,,,,4.125,,,,,,,,,
15376000,3844,1.5,,1.159470796585083,,,,1.5,,,,,,,,,
15380000,3845,4.125,,1.202384352684021,,,,4.125,,,,,,,,,
15384000,3846,4.125,,1.1490670442581177,,,,4.125,,,,,,,,,
15388000,3847,4.0,,1.165609359741211,,,,4.0,,,,,,,,,
15392000,3848,3.0,,1.17378830909729,,,,3.0,,,,,,,,,
15396000,3849,3.375,,1.1630871295928955,,,,3.375,,,,,,,,,
15400000,3850,4.125,,1.170034408569336,,,,4.125,,,,,,,,,
15404000,3851,4.25,,1.1349822282791138,,,,4.25,,,,,,,,,
15408000,3852,4.875,,1.1259034872055054,,,,4.875,,,,,,,,,
15412000,3853,4.25,,1.1941745281219482,,,,4.25,,,,,,,,,
15416000,3854,4.0,,1.1509158611297607,,,,4.0,,,,,,,,,
15420000,3855,4.625,,1.215238094329834,,,,4.625,,,,,,,,,
15424000,3856,4.75,,1.1784772872924805,,,,4.75,,,,,,,,,
15428000,3857,4.625,,1.1853978633880615,,,,4.625,,,,,,,,,
15432000,3858,4.375,,1.2284950017929077,,,,4.375,,,,,,,,,
15436000,3859,4.375,,1.2202963829040527,,,,4.375,,,,,,,,,
15440000,3860,3.875,,1.2014541625976562,,,,3.875,,,,,,,,,
15444000,3861,4.25,,1.1967277526855469,,,,4.25,,,,,,,,,
15448000,3862,4.0,,1.2004257440567017,,,,4.0,,,,,,,,,
15452000,3863,2.75,,1.2089734077453613,,,,2.75,,,,,,,,,
15456000,3864,3.75,,1.216208577156067,,,,3.75,,,,,,,,,
15460000,3865,3.625,,1.1908104419708252,,,,3.625,,,,,,,,,
15464000,3866,3.25,,1.2001392841339111,,,,3.25,,,,,,,,,
15468000,3867,4.5,,1.1883127689361572,,,,4.5,,,,,,,,,
15472000,3868,2.875,,1.2093334197998047,,,,2.875,,,,,,,,,
15476000,3869,3.875,,1.1600751876831055,,,,3.875,,,,,,,,,
15480000,3870,2.75,,1.1476901769638062,,,,2.75,,,,,,,,,
15484000,3871,2.5,,1.2230453491210938,,,,2.5,,,,,,,,,
15488000,3872,3.5,,1.1675145626068115,,,,3.5,,,,,,,,,
15492000,3873,3.5,,1.1770806312561035,,,,3.5,,,,,,,,,
15496000,3874,3.625,,1.1792688369750977,,,,3.625,,,,,,,,,
15500000,3875,3.875,,1.2212121486663818,,,,3.875,,,,,,,,,
15504000,3876,4.125,,1.1645649671554565,,,,4.125,,,,,,,,,
15508000,3877,3.125,,1.1753686666488647,,,,3.125,,,,,,,,,
15512000,3878,3.25,,1.1437480449676514,,,,3.25,,,,,,,,,
15516000,3879,3.375,,1.2073743343353271,,,,3.375,,,,,,,,,
15520000,3880,3.75,,1.1951889991760254,,,,3.75,,,,,,,,,
15524000,3881,4.0,,1.176999568939209,,,,4.0,,,,,,,,,
15528000,3882,4.125,,1.191471815109253,,,,4.125,,,,,,,,,
15532000,3883,2.125,,1.1739369630813599,,,,2.125,,,,,,,,,
15536000,3884,4.25,,1.1889798641204834,,,,4.25,,,,,,,,,
15540000,3885,4.375,,1.1639460325241089,,,,4.375,,,,,,,,,
15544000,3886,4.0,,1.1847413778305054,,,,4.0,,,,,,,,,
15548000,3887,4.25,,1.144387125968933,,,,4.25,,,,,,,,,
15552000,3888,4.25,,1.1771754026412964,,,,4.25,,,,,,,,,
15556000,3889,4.25,,1.1981558799743652,,,,4.25,,,,,,,,,
15560000,3890,3.25,,1.1926500797271729,,,,3.25,,,,,,,,,
15564000,3891,4.25,,1.1453733444213867,,,,4.25,,,,,,,,,
15568000,3892,4.0,,1.159142017364502,,,,4.0,,,,,,,,,
15572000,3893,4.125,,1.1766531467437744,,,,4.125,,,,,,,,,
15576000,3894,3.5,,1.2070248126983643,,,,3.5,,,,,,,,,
15580000,3895,4.5,,1.1633408069610596,,,,4.5,,,,,,,,,
15584000,3896,4.75,,1.17877197265625,,,,4.75,,,,,,,,,
15588000,3897,4.75,,1.1905944347381592,,,,4.75,,,,,,,,,
15592000,3898,4.625,,1.2088617086410522,,,,4.625,,,,,,,,,
15596000,3899,3.875,,1.2037591934204102,,,,3.875,,,,,,,,,
15600000,3900,4.0,,1.1877374649047852,,,,4.0,,,,,,,,,
15604000,3901,4.125,,1.1573498249053955,,,,4.125,,,,,,,,,
15608000,3902,3.375,,1.1748294830322266,,,,3.375,,,,,,,,,
15612000,3903,4.0,,1.252002239227295,,,,4.0,,,,,,,,,
15616000,3904,4.25,,1.2263529300689697,,,,4.25,,,,,,,,,
15620000,3905,3.625,,1.172555685043335,,,,3.625,,,,,,,,,
15624000,3906,3.75,,1.1274566650390625,,,,3.75,,,,,,,,,
15628000,3907,4.0,,1.165695071220398,,,,4.0,,,,,,,,,
15632000,3908,4.625,,1.2073993682861328,,,,4.625,,,,,,,,,
15636000,3909,4.625,,1.1656486988067627,,,,4.625,,,,,,,,,
15640000,3910,3.75,,1.1734817028045654,,,,3.75,,,,,,,,,
15644000,3911,4.875,,1.207256555557251,,,,4.875,,,,,,,,,
15648000,3912,4.5,,1.2201242446899414,,,,4.5,,,,,,,,,
15652000,3913,4.125,,1.1409000158309937,,,,4.125,,,,,,,,,
15656000,3914,4.125,,1.1912965774536133,,,,4.125,,,,,,,,,
15660000,3915,3.375,,1.20315682888031,,,,3.375,,,,,,,,,
15664000,3916,4.0,,1.232020616531372,,,,4.0,,,,,,,,,
15668000,3917,4.75,,1.2283552885055542,,,,4.75,,,,,,,,,
15672000,3918,4.375,,1.1775939464569092,,,,4.375,,,,,,,,,
15676000,3919,4.375,,1.2323644161224365,,,,4.375,,,,,,,,,
15680000,3920,3.75,,1.2035789489746094,,,,3.75,,,,,,,,,
15684000,3921,4.0,,1.1706310510635376,,,,4.0,,,,,,,,,
15688000,3922,3.625,,1.1657254695892334,,,,3.625,,,,,,,,,
15692000,3923,4.375,,1.248556137084961,,,,4.375,,,,,,,,,
15696000,3924,3.875,,1.1910624504089355,,,,3.875,,,,,,,,,
15700000,3925,3.75,,1.1507112979888916,,,,3.75,,,,,,,,,
15704000,3926,4.0,,1.2294013500213623,,,,4.0,,,,,,,,,
15708000,3927,4.375,,1.1793460845947266,,,,4.375,,,,,,,,,
15712000,3928,4.125,,1.1862117052078247,,,,4.125,,,,,,,,,
15716000,3929,3.625,,1.221782922744751,,,,3.625,,,,,,,,,
15720000,3930,4.125,,1.2171411514282227,,,,4.125,,,,,,,,,
15724000,3931,3.0,,1.2371574640274048,,,,3.0,,,,,,,,,
15728000,3932,2.375,,1.167982578277588,,,,2.375,,,,,,,,,
15732000,3933,4.375,,1.1742887496948242,,,,4.375,,,,,,,,,
15736000,3934,2.625,,1.1946154832839966,,,,2.625,,,,,,,,,
15740000,3935,4.375,,1.2347161769866943,,,,4.375,,,,,,,,,
15744000,3936,4.625,,1.2107372283935547,,,,4.625,,,,,,,,,
15748000,3937,3.875,,1.2116544246673584,,,,3.875,,,,,,,,,
15752000,3938,3.75,,1.1838982105255127,,,,3.75,,,,,,,,,
15756000,3939,2.125,,1.1602084636688232,,,,2.125,,,,,,,,,
15760000,3940,3.0,,1.1953372955322266,,,,3.0,,,,,,,,,
15764000,3941,2.375,,1.191733479499817,,,,2.375,,,,,,,,,
15768000,3942,3.5,,1.1779471635818481,,,,3.5,,,,,,,,,
15772000,3943,3.625,,1.1913025379180908,,,,3.625,,,,,,,,,
15776000,3944,2.875,,1.1521955728530884,,,,2.875,,,,,,,,,
15780000,3945,4.5,,1.169226884841919,,,,4.5,,,,,,,,,
15784000,3946,2.125,,1.1770310401916504,,,,2.125,,,,,,,,,
15788000,3947,3.625,,1.1364786624908447,,,,3.625,,,,,,,,,
15792000,3948,2.0,,1.1482257843017578,,,,2.0,,,,,,,,,
15796000,3949,4.125,,1.1949049234390259,,,,4.125,,,,,,,,,
15800000,3950,3.75,,1.1758968830108643,,,,3.75,,,,,,,,,
15804000,3951,4.875,,1.1597294807434082,,,,4.875,,,,,,,,,
15808000,3952,3.625,,1.1961870193481445,,,,3.625,,,,,,,,,
15812000,3953,4.0,,1.1371699571609497,,,,4.0,,,,,,,,,
15816000,3954,4.875,,1.163059949874878,,,,4.875,,,,,,,,,
15820000,3955,3.625,,1.1893231868743896,,,,3.625,,,,,,,,,
15824000,3956,4.0,,1.1536964178085327,,,,4.0,,,,,,,,,
15828000,3957,4.125,,1.1564438343048096,,,,4.125,,,,,,,,,
15832000,3958,4.375,,1.1739020347595215,,,,4.375,,,,,,,,,
15836000,3959,3.625,,1.1862354278564453,,,,3.625,,,,,,,,,
15840000,3960,2.75,,1.161944031715393,,,,2.75,,,,,,,,,
15844000,3961,3.25,,1.1336396932601929,,,,3.25,,,,,,,,,
15848000,3962,3.875,,1.1136889457702637,,,,3.875,,,,,,,,,
15852000,3963,4.25,,1.1504948139190674,,,,4.25,,,,,,,,,
15856000,3964,4.375,,1.1950709819793701,,,,4.375,,,,,,,,,
15860000,3965,4.375,,1.1554534435272217,,,,4.375,,,,,,,,,
15864000,3966,4.625,,1.1343753337860107,,,,4.625,,,,,,,,,
15868000,3967,3.625,,1.1173357963562012,,,,3.625,,,,,,,,,
15872000,3968,4.375,,1.1593111753463745,,,,4.375,,,,,,,,,
15876000,3969,4.25,,1.1427786350250244,,,,4.25,,,,,,,,,
15880000,3970,4.25,,1.204063892364502,,,,4.25,,,,,,,,,
15884000,3971,4.375,,1.183497667312622,,,,4.375,,,,,,,,,
15888000,3972,4.0,,1.168297529220581,,,,4.0,,,,,,,,,
15892000,3973,3.625,,1.2090433835983276,,,,3.625,,,,,,,,,
15896000,3974,4.25,,1.1860342025756836,,,,4.25,,,,,,,,,
15900000,3975,3.875,,1.2009572982788086,,,,3.875,,,,,,,,,
15904000,3976,3.25,,1.1136952638626099,,,,3.25,,,,,,,,,
15908000,3977,3.875,,1.1292108297348022,,,,3.875,,,,,,,,,
15912000,3978,4.375,,1.1507142782211304,,,,4.375,,,,,,,,,
15916000,3979,4.125,,1.1594730615615845,,,,4.125,,,,,,,,,
15920000,3980,4.25,,1.167140007019043,,,,4.25,,,,,,,,,
15924000,3981,4.375,,1.139235258102417,,,,4.375,,,,,,,,,
15928000,3982,4.375,,1.1845159530639648,,,,4.375,,,,,,,,,
15932000,3983,3.875,,1.1578428745269775,,,,3.875,,,,,,,,,
15936000,3984,3.625,,1.1383583545684814,,,,3.625,,,,,,,,,
15940000,3985,3.875,,1.1385775804519653,,,,3.875,,,,,,,,,
15944000,3986,4.5,,1.1910206079483032,,,,4.5,,,,,,,,,
15948000,3987,4.125,,1.2238569259643555,,,,4.125,,,,,,,,,
15952000,3988,4.25,,1.1107025146484375,,,,4.25,,,,,,,,,
15956000,3989,3.875,,1.1536165475845337,,,,3.875,,,,,,,,,
15960000,3990,2.5,,1.1454966068267822,,,,2.5,,,,,,,,,
15964000,3991,3.75,,1.1403262615203857,,,,3.75,,,,,,,,,
15968000,3992,4.125,,1.13102388381958,,,,4.125,,,,,,,,,
15972000,3993,4.5,,1.1247780323028564,,,,4.5,,,,,,,,,
15976000,3994,4.0,,1.1731152534484863,,,,4.0,,,,,,,,,
15980000,3995,4.125,,1.1874589920043945,,,,4.125,,,,,,,,,
15984000,3996,3.625,,1.1408429145812988,,,,3.625,,,,,,,,,
15988000,3997,4.0,,1.1727428436279297,,,,4.0,,,,,,,,,
15992000,3998,4.375,,1.1332682371139526,,,,4.375,,,,,,,,,
15996000,3999,4.125,,1.1596155166625977,,,,4.125,,,,,,,,,
16000000,4000,3.625,,1.1789355278015137,,,,3.625,,,,,,,,,
16004000,4001,4.25,,1.193550944328308,,,,4.25,,,,,,,,,
16008000,4002,3.625,,1.1562485694885254,,,,3.625,,,,,,,,,
16012000,4003,4.625,,1.1615045070648193,,,,4.625,,,,,,,,,
16016000,4004,3.875,,1.1909511089324951,,,,3.875,,,,,,,,,
16020000,4005,3.875,,1.1640673875808716,,,,3.875,,,,,,,,,
16024000,4006,4.0,,1.1845476627349854,,,,4.0,,,,,,,,,
16028000,4007,4.375,,1.171156883239746,,,,4.375,,,,,,,,,
16032000,4008,4.5,,1.181262731552124,,,,4.5,,,,,,,,,
16036000,4009,4.25,,1.1543408632278442,,,,4.25,,,,,,,,,
16040000,4010,3.5,,1.1868174076080322,,,,3.5,,,,,,,,,
16044000,4011,4.25,,1.1894826889038086,,,,4.25,,,,,,,,,
16048000,4012,3.875,,1.2186765670776367,,,,3.875,,,,,,,,,
16052000,4013,4.5,,1.1478750705718994,,,,4.5,,,,,,,,,
16056000,4014,4.375,,1.1209516525268555,,,,4.375,,,,,,,,,
16060000,4015,4.375,,1.1375881433486938,,,,4.375,,,,,,,,,
16064000,4016,5.0,,1.2031657695770264,,,,5.0,,,,,,,,,
16068000,4017,4.375,,1.17122483253479,,,,4.375,,,,,,,,,
16072000,4018,4.5,,1.22770094871521,,,,4.5,,,,,,,,,
16076000,4019,4.75,,1.1457335948944092,,,,4.75,,,,,,,,,
16080000,4020,3.625,,1.2175302505493164,,,,3.625,,,,,,,,,
16084000,4021,3.125,,1.1820513010025024,,,,3.125,,,,,,,,,
16088000,4022,4.25,,1.1712939739227295,,,,4.25,,,,,,,,,
16092000,4023,3.25,,1.1991345882415771,,,,3.25,,,,,,,,,
16096000,4024,4.25,,1.2002705335617065,,,,4.25,,,,,,,,,
16100000,4025,4.25,,1.17765474319458,,,,4.25,,,,,,,,,
16104000,4026,3.5,,1.1415663957595825,,,,3.5,,,,,,,,,
16108000,4027,4.375,,1.1242449283599854,,,,4.375,,,,,,,,,
16112000,4028,4.0,,1.1313328742980957,,,,4.0,,,,,,,,,
16116000,4029,4.5,,1.1530141830444336,,,,4.5,,,,,,,,,
16120000,4030,4.5,,1.1448180675506592,,,,4.5,,,,,,,,,
16124000,4031,3.5,,1.1935770511627197,,,,3.5,,,,,,,,,
16128000,4032,4.5,,1.207998514175415,,,,4.5,,,,,,,,,
16132000,4033,4.25,,1.1369224786758423,,,,4.25,,,,,,,,,
16136000,4034,4.125,,1.1140077114105225,,,,4.125,,,,,,,,,
16140000,4035,3.75,,1.1893384456634521,,,,3.75,,,,,,,,,
16144000,4036,4.125,,1.259519100189209,,,,4.125,,,,,,,,,
16148000,4037,4.25,,1.172987461090088,,,,4.25,,,,,,,,,
16152000,4038,3.5,,1.2042335271835327,,,,3.5,,,,,,,,,
16156000,4039,4.125,,1.172392725944519,,,,4.125,,,,,,,,,
16160000,4040,4.0,,1.1760263442993164,,,,4.0,,,,,,,,,
16164000,4041,4.0,,1.1665819883346558,,,,4.0,,,,,,,,,
16168000,4042,3.875,,1.134927749633789,,,,3.875,,,,,,,,,
16172000,4043,3.75,,1.150079607963562,,,,3.75,,,,,,,,,
16176000,4044,4.875,,1.1910333633422852,,,,4.875,,,,,,,,,
16180000,4045,4.125,,1.1436762809753418,,,,4.125,,,,,,,,,
16184000,4046,4.375,,1.1926826238632202,,,,4.375,,,,,,,,,
16188000,4047,4.375,,1.1771562099456787,,,,4.375,,,,,,,,,
16192000,4048,3.875,,1.124746561050415,,,,3.875,,,,,,,,,
16196000,4049,4.25,,1.2019747495651245,,,,4.25,,,,,,,,,
16200000,4050,4.25,,1.1592187881469727,,,,4.25,,,,,,,,,
16204000,4051,4.0,,1.2598648071289062,,,,4.0,,,,,,,,,
16208000,4052,2.75,,1.0992820262908936,,,,2.75,,,,,,,,,
16212000,4053,3.625,,1.1534712314605713,,,,3.625,,,,,,,,,
16216000,4054,4.5,,1.140364646911621,,,,4.5,,,,,,,,,
16220000,4055,4.75,,1.1906514167785645,,,,4.75,,,,,,,,,
16224000,4056,3.5,,1.1757862567901611,,,,3.5,,,,,,,,,
16228000,4057,4.375,,1.1638915538787842,,,,4.375,,,,,,,,,
16232000,4058,4.0,,1.1398766040802002,,,,4.0,,,,,,,,,
16236000,4059,3.875,,1.1861622333526611,,,,3.875,,,,,,,,,
16240000,4060,5.0,,1.1691739559173584,,,,5.0,,,,,,,,,
16244000,4061,4.125,,1.2069659233093262,,,,4.125,,,,,,,,,
16248000,4062,4.0,,1.1824193000793457,,,,4.0,,,,,,,,,
16252000,4063,3.875,,1.1998047828674316,,,,3.875,,,,,,,,,
16256000,4064,4.0,,1.1372390985488892,,,,4.0,,,,,,,,,
16260000,4065,4.0,,1.2024282217025757,,,,4.0,,,,,,,,,
16264000,4066,4.125,,1.1688671112060547,,,,4.125,,,,,,,,,
16268000,4067,4.875,,1.1832480430603027,,,,4.875,,,,,,,,,
16272000,4068,3.5,,1.185411810874939,,,,3.5,,,,,,,,,
16276000,4069,4.75,,1.211024522781372,,,,4.75,,,,,,,,,
16280000,4070,4.0,,1.1598014831542969,,,,4.0,,,,,,,,,
16284000,4071,4.875,,1.2130064964294434,,,,4.875,,,,,,,,,
16288000,4072,4.375,,1.1807613372802734,,,,4.375,,,,,,,,,
16292000,4073,4.25,,1.2230284214019775,,,,4.25,,,,,,,,,
16296000,4074,4.625,,1.2148089408874512,,,,4.625,,,,,,,,,
16300000,4075,4.25,,1.2549221515655518,,,,4.25,,,,,,,,,
16304000,4076,2.5,,1.2219295501708984,,,,2.5,,,,,,,,,
16308000,4077,4.125,,1.1923599243164062,,,,4.125,,,,,,,,,
16312000,4078,3.375,,1.1852141618728638,,,,3.375,,,,,,,,,
16316000,4079,3.875,,1.2503381967544556,,,,3.875,,,,,,,,,
16320000,4080,3.125,,1.2188501358032227,,,,3.125,,,,,,,,,
16324000,4081,3.625,,1.2160003185272217,,,,3.625,,,,,,,,,
16328000,4082,3.75,,1.2170627117156982,,,,3.75,,,,,,,,,
16332000,4083,3.875,,1.1271307468414307,,,,3.875,,,,,,,,,
16336000,4084,4.25,,1.1621427536010742,,,,4.25,,,,,,,,,
16340000,4085,3.25,,1.243814468383789,,,,3.25,,,,,,,,,
16344000,4086,3.5,,1.2436563968658447,,,,3.5,,,,,,,,,
16348000,4087,3.125,,1.1843162775039673,,,,3.125,,,,,,,,,
16352000,4088,3.625,,1.2004586458206177,,,,3.625,,,,,,,,,
16356000,4089,3.75,,1.197754979133606,,,,3.75,,,,,,,,,
16360000,4090,3.625,,1.219529151916504,,,,3.625,,,,,,,,,
16364000,4091,2.625,,1.1714797019958496,,,,2.625,,,,,,,,,
16368000,4092,4.25,,1.1598089933395386,,,,4.25,,,,,,,,,
16372000,4093,3.75,,1.1831759214401245,,,,3.75,,,,,,,,,
16376000,4094,2.375,,1.180994987487793,,,,2.375,,,,,,,,,
16380000,4095,3.625,,1.165708065032959,,,,3.625,,,,,,,,,
16384000,4096,3.25,,1.189873218536377,,,,3.25,,,,,,,,,
16388000,4097,1.75,,1.1482417583465576,,,,1.75,,,,,,,,,
16392000,4098,3.125,,1.1587300300598145,,,,3.125,,,,,,,,,
16396000,4099,2.625,,1.1449062824249268,,,,2.625,,,,,,,,,
16400000,4100,3.25,,1.1895743608474731,,,,3.25,,,,,,,,,
16404000,4101,2.75,,1.1420791149139404,,,,2.75,,,,,,,,,
16408000,4102,3.625,,1.1704860925674438,,,,3.625,,,,,,,,,
16412000,4103,4.0,,1.1310951709747314,,,,4.0,,,,,,,,,
16416000,4104,3.875,,1.1162699460983276,,,,3.875,,,,,,,,,
16420000,4105,2.0,,1.1544101238250732,,,,2.0,,,,,,,,,
16424000,4106,4.125,,1.1557095050811768,,,,4.125,,,,,,,,,
16428000,4107,4.125,,1.09433913230896,,,,4.125,,,,,,,,,
16432000,4108,3.875,,1.0781406164169312,,,,3.875,,,,,,,,,
16436000,4109,3.875,,1.1439685821533203,,,,3.875,,,,,,,,,
16440000,4110,4.375,,1.1640772819519043,,,,4.375,,,,,,,,,
16444000,4111,4.5,,1.154625654220581,,,,4.5,,,,,,,,,
16448000,4112,3.375,,1.138791561126709,,,,3.375,,,,,,,,,
16452000,4113,4.625,,1.2184348106384277,,,,4.625,,,,,,,,,
16456000,4114,4.0,,1.1566970348358154,,,,4.0,,,,,,,,,
16460000,4115,4.625,,1.159709095954895,,,,4.625,,,,,,,,,
16464000,4116,4.125,,1.2004814147949219,,,,4.125,,,,,,,,,
16468000,4117,4.0,,1.1132330894470215,,,,4.0,,,,,,,,,
16472000,4118,4.25,,1.1563453674316406,,,,4.25,,,,,,,,,
16476000,4119,4.25,,1.1509034633636475,,,,4.25,,,,,,,,,
16480000,4120,4.5,,1.1944905519485474,,,,4.5,,,,,,,,,
16484000,4121,3.875,,1.1453490257263184,,,,3.875,,,,,,,,,
16488000,4122,4.25,,1.1312103271484375,,,,4.25,,,,,,,,,
16492000,4123,3.625,,1.1360468864440918,,,,3.625,,,,,,,,,
16496000,4124,4.625,,1.1504102945327759,,,,4.625,,,,,,,,,
16500000,4125,4.125,,1.1728198528289795,,,,4.125,,,,,,,,,
16504000,4126,4.0,,1.1891469955444336,,,,4.0,,,,,,,,,
16508000,4127,4.25,,1.1308708190917969,,,,4.25,,,,,,,,,
16512000,4128,4.5,,1.1616833209991455,,,,4.5,,,,,,,,,
16516000,4129,3.75,,1.1645448207855225,,,,3.75,,,,,,,,,
16520000,4130,3.625,,1.169631004333496,,,,3.625,,,,,,,,,
16524000,4131,4.75,,1.1200895309448242,,,,4.75,,,,,,,,,
16528000,4132,4.25,,1.103015661239624,,,,4.25,,,,,,,,,
16532000,4133,3.0,,1.1770446300506592,,,,3.0,,,,,,,,,
16536000,4134,3.375,,1.1725988388061523,,,,3.375,,,,,,,,,
16540000,4135,2.75,,1.15205979347229,,,,2.75,,,,,,,,,
16544000,4136,4.875,,1.1353660821914673,,,,4.875,,,,,,,,,
16548000,4137,4.5,,1.144093632698059,,,,4.5,,,,,,,,,
16552000,4138,3.375,,1.1637344360351562,,,,3.375,,,,,,,,,
16556000,4139,3.625,,1.1842701435089111,,,,3.625,,,,,,,,,
16560000,4140,4.375,,1.1417855024337769,,,,4.375,,,,,,,,,
16564000,4141,4.25,,1.1169342994689941,,,,4.25,,,,,,,,,
16568000,4142,4.0,,1.1756465435028076,,,,4.0,,,,,,,,,
16572000,4143,3.125,,1.131493330001831,,,,3.125,,,,,,,,,
16576000,4144,3.5,,1.111388921737671,,,,3.5,,,,,,,,,
16580000,4145,3.0,,1.1474870443344116,,,,3.0,,,,,,,,,
16584000,4146,4.625,,1.1428303718566895,,,,4.625,,,,,,,,,
16588000,4147,4.0,,1.1821086406707764,,,,4.0,,,,,,,,,
16592000,4148,2.75,,1.1602425575256348,,,,2.75,,,,,,,,,
16596000,4149,0.625,,1.188279628753662,,,,0.625,,,,,,,,,
16600000,4150,2.0,,1.1361174583435059,,,,2.0,,,,,,,,,
16604000,4151,3.25,,1.1304640769958496,,,,3.25,,,,,,,,,
16608000,4152,3.75,,1.1430580615997314,,,,3.75,,,,,,,,,
16612000,4153,3.5,,1.1528959274291992,,,,3.5,,,,,,,,,
16616000,4154,4.375,,1.1384481191635132,,,,4.375,,,,,,,,,
16620000,4155,2.875,,1.1428674459457397,,,,2.875,,,,,,,,,
16624000,4156,3.625,,1.0932841300964355,,,,3.625,,,,,,,,,
16628000,4157,3.75,,1.1177778244018555,,,,3.75,,,,,,,,,
16632000,4158,2.5,,1.1131553649902344,,,,2.5,,,,,,,,,
16636000,4159,3.5,,1.1229994297027588,,,,3.5,,,,,,,,,
16640000,4160,4.0,,1.0534615516662598,,,,4.0,,,,,,,,,
16644000,4161,3.25,,1.111822247505188,,,,3.25,,,,,,,,,
16648000,4162,4.75,,1.106528878211975,,,,4.75,,,,,,,,,
16652000,4163,4.0,,1.0989940166473389,,,,4.0,,,,,,,,,
16656000,4164,4.125,,1.0958701372146606,,,,4.125,,,,,,,,,
16660000,4165,3.375,,1.0772693157196045,,,,3.375,,,,,,,,,
16664000,4166,3.0,,1.17704439163208,,,,3.0,,,,,,,,,
16668000,4167,3.5,,1.1089774370193481,,,,3.5,,,,,,,,,
16672000,4168,3.875,,1.1036792993545532,,,,3.875,,,,,,,,,
16676000,4169,2.875,,1.0881562232971191,,,,2.875,,,,,,,,,
16680000,4170,4.0,,1.0929439067840576,,,,4.0,,,,,,,,,
16684000,4171,4.375,,1.0710567235946655,,,,4.375,,,,,,,,,
16688000,4172,4.5,,1.1164226531982422,,,,4.5,,,,,,,,,
16692000,4173,3.375,,1.1653029918670654,,,,3.375,,,,,,,,,
16696000,4174,4.0,,1.1038861274719238,,,,4.0,,,,,,,,,
16700000,4175,5.0,,1.1089589595794678,,,,5.0,,,,,,,,,
16704000,4176,3.875,,1.11480712890625,,,,3.875,,,,,,,,,
16708000,4177,4.125,,1.0998975038528442,,,,4.125,,,,,,,,,
16712000,4178,3.75,,1.0912859439849854,,,,3.75,,,,,,,,,
16716000,4179,4.375,,1.066558837890625,,,,4.375,,,,,,,,,
16720000,4180,3.625,,1.0714209079742432,,,,3.625,,,,,,,,,
16724000,4181,3.375,,1.0602768659591675,,,,3.375,,,,,,,,,
16728000,4182,3.25,,1.0949013233184814,,,,3.25,,,,,,,,,
16732000,4183,3.125,,1.06073796749115,,,,3.125,,,,,,,,,
16736000,4184,3.125,,1.0841060876846313,,,,3.125,,,,,,,,,
16740000,4185,2.625,,1.0792815685272217,,,,2.625,,,,,,,,,
16744000,4186,3.625,,1.1096150875091553,,,,3.625,,,,,,,,,
16748000,4187,4.125,,1.130335807800293,,,,4.125,,,,,,,,,
16752000,4188,4.25,,1.07527494430542,,,,4.25,,,,,,,,,
16756000,4189,3.125,,1.0027267932891846,,,,3.125,,,,,,,,,
16760000,4190,4.0,,1.0296777486801147,,,,4.0,,,,,,,,,
16764000,4191,4.25,,1.0569381713867188,,,,4.25,,,,,,,,,
16768000,4192,4.0,,1.1276599168777466,,,,4.0,,,,,,,,,
16772000,4193,3.75,,1.0766308307647705,,,,3.75,,,,,,,,,
16776000,4194,4.375,,1.070068597793579,,,,4.375,,,,,,,,,
16780000,4195,4.25,,1.0774788856506348,,,,4.25,,,,,,,,,
16784000,4196,3.25,,1.0088436603546143,,,,3.25,,,,,,,,,
16788000,4197,4.25,,1.1151728630065918,,,,4.25,,,,,,,,,
16792000,4198,4.25,,1.1078829765319824,,,,4.25,,,,,,,,,
16796000,4199,4.25,,1.0605826377868652,,,,4.25,,,,,,,,,
16800000,4200,4.25,,1.0819050073623657,,,,4.25,,,,,,,,,
16804000,4201,4.5,,1.0486629009246826,,,,4.5,,,,,,,,,
16808000,4202,4.625,,1.065834879875183,,,,4.625,,,,,,,,,
16812000,4203,4.0,,1.1074111461639404,,,,4.0,,,,,,,,,
16816000,4204,4.25,,1.0787423849105835,,,,4.25,,,,,,,,,
16820000,4205,3.375,,1.0313301086425781,,,,3.375,,,,,,,,,
16824000,4206,3.625,,1.0638829469680786,,,,3.625,,,,,,,,,
16828000,4207,5.125,,1.164454698562622,,,,5.125,,,,,,,,,
16832000,4208,4.0,,1.134063482284546,,,,4.0,,,,,,,,,
16836000,4209,3.125,,1.0468461513519287,,,,3.125,,,,,,,,,
16840000,4210,3.875,,1.0433647632598877,,,,3.875,,,,,,,,,
16844000,4211,4.5,,1.076979160308838,,,,4.5,,,,,,,,,
16848000,4212,4.25,,1.0755993127822876,,,,4.25,,,,,,,,,
16852000,4213,4.625,,1.1005096435546875,,,,4.625,,,,,,,,,
16856000,4214,4.5,,1.1015233993530273,,,,4.5,,,,,,,,,
16860000,4215,4.75,,1.0713144540786743,,,,4.75,,,,,,,,,
16864000,4216,4.125,,1.1080626249313354,,,,4.125,,,,,,,,,
16868000,4217,4.875,,1.1051387786865234,,,,4.875,,,,,,,,,
16872000,4218,4.5,,1.0556391477584839,,,,4.5,,,,,,,,,
16876000,4219,4.25,,1.0793967247009277,,,,4.25,,,,,,,,,
16880000,4220,4.125,,1.0991613864898682,,,,4.125,,,,,,,,,
16884000,4221,4.75,,1.0889432430267334,,,,4.75,,,,,,,,,
16888000,4222,4.375,,1.1083428859710693,,,,4.375,,,,,,,,,
16892000,4223,4.25,,1.0733660459518433,,,,4.25,,,,,,,,,
16896000,4224,4.375,,1.1587538719177246,,,,4.375,,,,,,,,,
16900000,4225,4.0,,1.109750509262085,,,,4.0,,,,,,,,,
16904000,4226,4.375,,1.151252269744873,,,,4.375,,,,,,,,,
16908000,4227,4.0,,1.0817217826843262,,,,4.0,,,,,,,,,
16912000,4228,4.375,,1.1567696332931519,,,,4.375,,,,,,,,,
16916000,4229,4.625,,1.101958990097046,,,,4.625,,,,,,,,,
16920000,4230,3.625,,1.0820467472076416,,,,3.625,,,,,,,,,
16924000,4231,4.375,,1.1053502559661865,,,,4.375,,,,,,,,,
16928000,4232,4.875,,1.1294448375701904,,,,4.875,,,,,,,,,
16932000,4233,4.375,,1.109429121017456,,,,4.375,,,,,,,,,
16936000,4234,2.125,,1.1243653297424316,,,,2.125,,,,,,,,,
16940000,4235,3.875,,1.1225812435150146,,,,3.875,,,,,,,,,
16944000,4236,4.625,,1.0917975902557373,,,,4.625,,,,,,,,,
16948000,4237,4.25,,1.1343398094177246,,,,4.25,,,,,,,,,
16952000,4238,4.125,,1.1506953239440918,,,,4.125,,,,,,,,,
16956000,4239,4.0,,1.1290464401245117,,,,4.0,,,,,,,,,
16960000,4240,2.125,,1.0963367223739624,,,,2.125,,,,,,,,,
16964000,4241,4.375,,1.1414932012557983,,,,4.375,,,,,,,,,
16968000,4242,2.875,,1.1046479940414429,,,,2.875,,,,,,,,,
16972000,4243,4.25,,1.1085848808288574,,,,4.25,,,,,,,,,
16976000,4244,4.25,,1.104002833366394,,,,4.25,,,,,,,,,
16980000,4245,3.375,,1.115692377090454,,,,3.375,,,,,,,,,
16984000,4246,4.0,,1.101075530052185,,,,4.0,,,,,,,,,
16988000,4247,4.375,,1.101743459701538,,,,4.375,,,,,,,,,
16992000,4248,4.625,,1.132124662399292,,,,4.625,,,,,,,,,
16996000,4249,3.75,,1.1220946311950684,,,,3.75,,,,,,,,,
17000000,4250,4.375,,1.1420689821243286,,,,4.375,,,,,,,,,
17004000,4251,4.125,,1.152564287185669,,,,4.125,,,,,,,,,
17008000,4252,3.375,,1.1372718811035156,,,,3.375,,,,,,,,,
17012000,4253,3.75,,1.091341495513916,,,,3.75,,,,,,,,,
17016000,4254,4.125,,1.1010748147964478,,,,4.125,,,,,,,,,
17020000,4255,3.875,,1.0838940143585205,,,,3.875,,,,,,,,,
17024000,4256,4.125,,1.125718593597412,,,,4.125,,,,,,,,,
17028000,4257,4.125,,1.1459550857543945,,,,4.125,,,,,,,,,
17032000,4258,4.625,,1.1264111995697021,,,,4.625,,,,,,,,,
17036000,4259,3.875,,1.1388874053955078,,,,3.875,,,,,,,,,
17040000,4260,4.0,,1.1374998092651367,,,,4.0,,,,,,,,,
17044000,4261,3.75,,1.0821239948272705,,,,3.75,,,,,,,,,
17048000,4262,4.5,,1.0548734664916992,,,,4.5,,,,,,,,,
17052000,4263,4.625,,1.0881757736206055,,,,4.625,,,,,,,,,
17056000,4264,3.25,,1.1055467128753662,,,,3.25,,,,,,,,,
17060000,4265,4.0,,1.1070122718811035,,,,4.0,,,,,,,,,
17064000,4266,4.125,,1.1336976289749146,,,,4.125,,,,,,,,,
17068000,4267,4.375,,1.120818853378296,,,,4.375,,,,,,,,,
17072000,4268,4.0,,1.1045023202896118,,,,4.0,,,,,,,,,
17076000,4269,3.75,,1.1369678974151611,,,,3.75,,,,,,,,,
17080000,4270,4.25,,1.099622368812561,,,,4.25,,,,,,,,,
17084000,4271,3.875,,1.1241207122802734,,,,3.875,,,,,,,,,
17088000,4272,4.25,,1.1004765033721924,,,,4.25,,,,,,,,,
17092000,4273,4.625,,1.1009896993637085,,,,4.625,,,,,,,,,
17096000,4274,4.5,,1.154443383216858,,,,4.5,,,,,,,,,
17100000,4275,4.375,,1.1480462551116943,,,,4.375,,,,,,,,,
17104000,4276,3.875,,1.2049983739852905,,,,3.875,,,,,,,,,
17108000,4277,4.0,,1.1533129215240479,,,,4.0,,,,,,,,,
17112000,4278,4.625,,1.126387119293213,,,,4.625,,,,,,,,,
17116000,4279,4.25,,1.1677314043045044,,,,4.25,,,,,,,,,
17120000,4280,4.0,,1.1465245485305786,,,,4.0,,,,,,,,,
17124000,4281,4.375,,1.1786433458328247,,,,4.375,,,,,,,,,
17128000,4282,4.125,,1.1506836414337158,,,,4.125,,,,,,,,,
17132000,4283,4.375,,1.1912755966186523,,,,4.375,,,,,,,,,
17136000,4284,4.25,,1.12235689163208,,,,4.25,,,,,,,,,
17140000,4285,4.375,,1.1535803079605103,,,,4.375,,,,,,,,,
17144000,4286,4.5,,1.1820569038391113,,,,4.5,,,,,,,,,
17148000,4287,4.25,,1.1335234642028809,,,,4.25,,,,,,,,,
17152000,4288,3.375,,1.1545336246490479,,,,3.375,,,,,,,,,
17156000,4289,4.0,,1.14631986618042,,,,4.0,,,,,,,,,
17160000,4290,4.125,,1.1628718376159668,,,,4.125,,,,,,,,,
17164000,4291,3.875,,1.1957348585128784,,,,3.875,,,,,,,,,
17168000,4292,3.625,,1.1450457572937012,,,,3.625,,,,,,,,,
17172000,4293,3.875,,1.1354447603225708,,,,3.875,,,,,,,,,
17176000,4294,4.375,,1.2238872051239014,,,,4.375,,,,,,,,,
17180000,4295,4.0,,1.1854839324951172,,,,4.0,,,,,,,,,
17184000,4296,3.625,,1.1635112762451172,,,,3.625,,,,,,,,,
17188000,4297,3.375,,1.162629246711731,,,,3.375,,,,,,,,,
17192000,4298,4.125,,1.1456280946731567,,,,4.125,,,,,,,,,
17196000,4299,3.125,,1.1388697624206543,,,,3.125,,,,,,,,,
17200000,4300,4.375,,1.163556694984436,,,,4.375,,,,,,,,,
17204000,4301,4.25,,1.1942086219787598,,,,4.25,,,,,,,,,
17208000,4302,3.875,,1.2057697772979736,,,,3.875,,,,,,,,,
17212000,4303,4.125,,1.1209938526153564,,,,4.125,,,,,,,,,
17216000,4304,4.5,,1.148101806640625,,,,4.5,,,,,,,,,
17220000,4305,4.5,,1.1734975576400757,,,,4.5,,,,,,,,,
17224000,4306,4.25,,1.1757417917251587,,,,4.25,,,,,,,,,
17228000,4307,4.0,,1.1721651554107666,,,,4.0,,,,,,,,,
17232000,4308,4.375,,1.176353096961975,,,,4.375,,,,,,,,,
17236000,4309,4.125,,1.1977815628051758,,,,4.125,,,,,,,,,
17240000,4310,4.25,,1.1298389434814453,,,,4.25,,,,,,,,,
17244000,4311,4.5,,1.1658298969268799,,,,4.5,,,,,,,,,
17248000,4312,4.375,,1.2052720785140991,,,,4.375,,,,,,,,,
17252000,4313,3.875,,1.1617774963378906,,,,3.875,,,,,,,,,
17256000,4314,4.0,,1.1994216442108154,,,,4.0,,,,,,,,,
17260000,4315,4.125,,1.1449086666107178,,,,4.125,,,,,,,,,
17264000,4316,4.0,,1.2086596488952637,,,,4.0,,,,,,,,,
17268000,4317,4.375,,1.189832329750061,,,,4.375,,,,,,,,,
17272000,4318,4.5,,1.1722376346588135,,,,4.5,,,,,,,,,
17276000,4319,4.375,,1.1987868547439575,,,,4.375,,,,,,,,,
17280000,4320,5.125,,1.1221064329147339,,,,5.125,,,,,,,,,
17284000,4321,4.25,,1.1788642406463623,,,,4.25,,,,,,,,,
17288000,4322,3.375,,1.2031707763671875,,,,3.375,,,,,,,,,
17292000,4323,4.0,,1.2073798179626465,,,,4.0,,,,,,,,,
17296000,4324,4.0,,1.1531548500061035,,,,4.0,,,,,,,,,
17300000,4325,4.25,,1.1629021167755127,,,,4.25,,,,,,,,,
17304000,4326,4.5,,1.1625757217407227,,,,4.5,,,,,,,,,
17308000,4327,3.75,,1.1661231517791748,,,,3.75,,,,,,,,,
17312000,4328,3.75,,1.1714284420013428,,,,3.75,,,,,,,,,
17316000,4329,3.875,,1.1840789318084717,,,,3.875,,,,,,,,,
17320000,4330,3.25,,1.2403727769851685,,,,3.25,,,,,,,,,
17324000,4331,3.625,,1.1803817749023438,,,,3.625,,,,,,,,,
17328000,4332,3.75,,1.1317499876022339,,,,3.75,,,,,,,,,
17332000,4333,4.0,,1.1744561195373535,,,,4.0,,,,,,,,,
17336000,4334,3.0,,1.1565375328063965,,,,3.0,,,,,,,,,
17340000,4335,3.75,,1.1921478509902954,,,,3.75,,,,,,,,,
17344000,4336,2.375,,1.1627525091171265,,,,2.375,,,,,,,,,
17348000,4337,4.125,,1.1320040225982666,,,,4.125,,,,,,,,,
17352000,4338,3.875,,1.1859055757522583,,,,3.875,,,,,,,,,
17356000,4339,4.125,,1.1609143018722534,,,,4.125,,,,,,,,,
17360000,4340,4.125,,1.1571781635284424,,,,4.125,,,,,,,,,
17364000,4341,3.0,,1.1351017951965332,,,,3.0,,,,,,,,,
17368000,4342,4.375,,1.1770751476287842,,,,4.375,,,,,,,,,
17372000,4343,3.625,,1.130066156387329,,,,3.625,,,,,,,,,
17376000,4344,4.5,,1.1758644580841064,,,,4.5,,,,,,,,,
17380000,4345,4.5,,1.164981722831726,,,,4.5,,,,,,,,,
17384000,4346,3.625,,1.15221107006073,,,,3.625,,,,,,,,,
17388000,4347,3.75,,1.148323893547058,,,,3.75,,,,,,,,,
17392000,4348,3.0,,1.157354712486267,,,,3.0,,,,,,,,,
17396000,4349,3.5,,1.1614179611206055,,,,3.5,,,,,,,,,
17400000,4350,2.875,,1.1306397914886475,,,,2.875,,,,,,,,,
17404000,4351,3.25,,1.1048305034637451,,,,3.25,,,,,,,,,
17408000,4352,3.5,,1.1304583549499512,,,,3.5,,,,,,,,,
17412000,4353,3.5,,1.177048921585083,,,,3.5,,,,,,,,,
17416000,4354,2.125,,1.128662347793579,,,,2.125,,,,,,,,,
17420000,4355,3.875,,1.1098064184188843,,,,3.875,,,,,,,,,
17424000,4356,4.75,,1.1323668956756592,,,,4.75,,,,,,,,,
17428000,4357,4.25,,1.1620919704437256,,,,4.25,,,,,,,,,
17432000,4358,4.0,,1.1054109334945679,,,,4.0,,,,,,,,,
17436000,4359,4.5,,1.1359310150146484,,,,4.5,,,,,,,,,
17440000,4360,3.75,,1.1799273490905762,,,,3.75,,,,,,,,,
17444000,4361,4.375,,1.132843017578125,,,,4.375,,,,,,,,,
17448000,4362,3.625,,1.110981822013855,,,,3.625,,,,,,,,,
17452000,4363,3.625,,1.1314582824707031,,,,3.625,,,,,,,,,
17456000,4364,3.375,,1.1424241065979004,,,,3.375,,,,,,,,,
17460000,4365,3.75,,1.0911259651184082,,,,3.75,,,,,,,,,
17464000,4366,3.125,,1.1379644870758057,,,,3.125,,,,,,,,,
17468000,4367,4.125,,1.1501353979110718,,,,4.125,,,,,,,,,
17472000,4368,3.125,,1.1285536289215088,,,,3.125,,,,,,,,,
17476000,4369,4.375,,1.1025943756103516,,,,4.375,,,,,,,,,
17480000,4370,4.75,,1.116304636001587,,,,4.75,,,,,,,,,
17484000,4371,3.875,,1.141683578491211,,,,3.875,,,,,,,,,
17488000,4372,4.375,,1.1363385915756226,,,,4.375,,,,,,,,,
17492000,4373,3.875,,1.1277544498443604,,,,3.875,,,,,,,,,
17496000,4374,2.875,,1.124180555343628,,,,2.875,,,,,,,,,
17500000,4375,5.0,,1.134671926498413,,,,5.0,,,,,,,,,
17504000,4376,4.75,,1.107593059539795,,,,4.75,,,,,,,,,
17508000,4377,4.375,,1.0895882844924927,,,,4.375,,,,,,,,,
17512000,4378,4.0,,1.1506068706512451,,,,4.0,,,,,,,,,
17516000,4379,3.5,,1.1605830192565918,,,,3.5,,,,,,,,,
17520000,4380,5.375,,1.1447100639343262,,,,5.375,,,,,,,,,
17524000,4381,4.125,,1.1012701988220215,,,,4.125,,,,,,,,,
17528000,4382,5.375,,1.141039252281189,,,,5.375,,,,,,,,,
17532000,4383,3.875,,1.1354809999465942,,,,3.875,,,,,,,,,
17536000,4384,4.5,,1.0750435590744019,,,,4.5,,,,,,,,,
17540000,4385,4.25,,1.0689857006072998,,,,4.25,,,,,,,,,
17544000,4386,4.25,,1.1076743602752686,,,,4.25,,,,,,,,,
17548000,4387,4.0,,1.1189461946487427,,,,4.0,,,,,,,,,
17552000,4388,3.625,,1.1247076988220215,,,,3.625,,,,,,,,,
17556000,4389,3.125,,1.1316239833831787,,,,3.125,,,,,,,,,
17560000,4390,4.75,,1.1454222202301025,,,,4.75,,,,,,,,,
17564000,4391,4.25,,1.2046303749084473,,,,4.25,,,,,,,,,
17568000,4392,4.375,,1.1011877059936523,,,,4.375,,,,,,,,,
17572000,4393,4.25,,1.0701706409454346,,,,4.25,,,,,,,,,
17576000,4394,4.25,,1.190248727798462,,,,4.25,,,,,,,,,
17580000,4395,3.875,,1.143869161605835,,,,3.875,,,,,,,,,
17584000,4396,2.625,,1.1208996772766113,,,,2.625,,,,,,,,,
17588000,4397,4.375,,1.1125746965408325,,,,4.375,,,,,,,,,
17592000,4398,4.125,,1.133254051208496,,,,4.125,,,,,,,,,
17596000,4399,4.375,,1.1640269756317139,,,,4.375,,,,,,,,,
17600000,4400,4.5,,1.0790431499481201,,,,4.5,,,,,,,,,
17604000,4401,4.5,,1.125143051147461,,,,4.5,,,,,,,,,
17608000,4402,4.375,,1.1003272533416748,,,,4.375,,,,,,,,,
17612000,4403,3.5,,1.1239283084869385,,,,3.5,,,,,,,,,
17616000,4404,4.75,,1.09585702419281,,,,4.75,,,,,,,,,
17620000,4405,3.5,,1.1034772396087646,,,,3.5,,,,,,,,,
17624000,4406,3.375,,1.1403110027313232,,,,3.375,,,,,,,,,
17628000,4407,5.0,,1.0925464630126953,,,,5.0,,,,,,,,,
17632000,4408,3.625,,1.124566674232483,,,,3.625,,,,,,,,,
17636000,4409,2.875,,1.0980935096740723,,,,2.875,,,,,,,,,
17640000,4410,4.0,,1.1310018301010132,,,,4.0,,,,,,,,,
17644000,4411,3.75,,1.1215407848358154,,,,3.75,,,,,,,,,
17648000,4412,4.125,,1.0760538578033447,,,,4.125,,,,,,,,,
17652000,4413,3.625,,1.0930635929107666,,,,3.625,,,,,,,,,
17656000,4414,4.25,,1.1374497413635254,,,,4.25,,,,,,,,,
17660000,4415,5.375,,1.1750431060791016,,,,5.375,,,,,,,,,
17664000,4416,4.25,,1.0638940334320068,,,,4.25,,,,,,,,,
17668000,4417,4.5,,1.1500475406646729,,,,4.5,,,,,,,,,
17672000,4418,3.5,,1.1639900207519531,,,,3.5,,,,,,,,,
17676000,4419,2.25,,1.1302993297576904,,,,2.25,,,,,,,,,
17680000,4420,1.375,,1.1281530857086182,,,,1.375,,,,,,,,,
17684000,4421,3.25,,1.0804030895233154,,,,3.25,,,,,,,,,
17688000,4422,3.75,,1.0320738554000854,,,,3.75,,,,,,,,,
17692000,4423,3.25,,1.0998550653457642,,,,3.25,,,,,,,,,
17696000,4424,4.125,,1.1050504446029663,,,,4.125,,,,,,,,,
17700000,4425,4.125,,1.0715895891189575,,,,4.125,,,,,,,,,
17704000,4426,2.625,,1.0975534915924072,,,,2.625,,,,,,,,,
17708000,4427,4.125,,1.126983404159546,,,,4.125,,,,,,,,,
17712000,4428,4.0,,1.1199415922164917,,,,4.0,,,,,,,,,
17716000,4429,2.875,,1.05903160572052,,,,2.875,,,,,,,,,
17720000,4430,2.0,,1.0672111511230469,,,,2.0,,,,,,,,,
17724000,4431,1.25,,1.0801712274551392,,,,1.25,,,,,,,,,
17728000,4432,3.25,,1.0757625102996826,,,,3.25,,,,,,,,,
17732000,4433,4.375,,1.0616577863693237,,,,4.375,,,,,,,,,
17736000,4434,3.375,,1.115116834640503,,,,3.375,,,,,,,,,
17740000,4435,2.75,,1.0600509643554688,,,,2.75,,,,,,,,,
17744000,4436,4.0,,1.0792515277862549,,,,4.0,,,,,,,,,
17748000,4437,4.5,,1.0898783206939697,,,,4.5,,,,,,,,,
17752000,4438,4.0,,1.0548696517944336,,,,4.0,,,,,,,,,
17756000,4439,3.125,,1.08405601978302,,,,3.125,,,,,,,,,
17760000,4440,4.0,,1.0939520597457886,,,,4.0,,,,,,,,,
17764000,4441,4.25,,1.0930156707763672,,,,4.25,,,,,,,,,
17768000,4442,4.0,,1.0525481700897217,,,,4.0,,,,,,,,,
17772000,4443,3.875,,1.0618062019348145,,,,3.875,,,,,,,,,
17776000,4444,4.625,,1.0807368755340576,,,,4.625,,,,,,,,,
17780000,4445,3.875,,1.0500571727752686,,,,3.875,,,,,,,,,
17784000,4446,3.75,,1.0823709964752197,,,,3.75,,,,,,,,,
17788000,4447,4.375,,1.025707483291626,,,,4.375,,,,,,,,,
17792000,4448,3.375,,1.1209161281585693,,,,3.375,,,,,,,,,
17796000,4449,3.625,,1.0623294115066528,,,,3.625,,,,,,,,,
17800000,4450,3.25,,1.0563406944274902,,,,3.25,,,,,,,,,
17804000,4451,3.75,,1.1180589199066162,,,,3.75,,,,,,,,,
17808000,4452,3.375,,1.0813899040222168,,,,3.375,,,,,,,,,
17812000,4453,4.0,,1.0736576318740845,,,,4.0,,,,,,,,,
17816000,4454,4.5,,1.083479642868042,,,,4.5,,,,,,,,,
17820000,4455,3.875,,1.0325688123703003,,,,3.875,,,,,,,,,
17824000,4456,4.0,,1.0399876832962036,,,,4.0,,,,,,,,,
17828000,4457,4.25,,1.1040916442871094,,,,4.25,,,,,,,,,
17832000,4458,4.125,,1.0528466701507568,,,,4.125,,,,,,,,,
17836000,4459,4.25,,1.0581634044647217,,,,4.25,,,,,,,,,
17840000,4460,4.5,,1.089350700378418,,,,4.5,,,,,,,,,
17844000,4461,3.75,,1.120941162109375,,,,3.75,,,,,,,,,
17848000,4462,3.875,,1.0583381652832031,,,,3.875,,,,,,,,,
17852000,4463,4.5,,1.1131253242492676,,,,4.5,,,,,,,,,
17856000,4464,4.375,,1.0898517370224,,,,4.375,,,,,,,,,
17860000,4465,4.125,,1.1269924640655518,,,,4.125,,,,,,,,,
17864000,4466,4.5,,1.0859874486923218,,,,4.5,,,,,,,,,
17868000,4467,4.875,,1.1222546100616455,,,,4.875,,,,,,,,,
17872000,4468,4.25,,1.1355903148651123,,,,4.25,,,,,,,,,
17876000,4469,3.875,,1.084014892578125,,,,3.875,,,,,,,,,
17880000,4470,4.25,,1.1030302047729492,,,,4.25,,,,,,,,,
17884000,4471,2.625,,1.1046478748321533,,,,2.625,,,,,,,,,
17888000,4472,4.5,,1.1045762300491333,,,,4.5,,,,,,,,,
17892000,4473,4.25,,1.0651856660842896,,,,4.25,,,,,,,,,
17896000,4474,4.375,,1.1045234203338623,,,,4.375,,,,,,,,,
17900000,4475,4.375,,1.118481159210205,,,,4.375,,,,,,,,,
17904000,4476,4.375,,1.1402044296264648,,,,4.375,,,,,,,,,
17908000,4477,4.25,,1.1141977310180664,,,,4.25,,,,,,,,,
17912000,4478,3.875,,1.116792917251587,,,,3.875,,,,,,,,,
17916000,4479,3.875,,1.159877061843872,,,,3.875,,,,,,,,,
17920000,4480,4.0,,1.1410341262817383,,,,4.0,,,,,,,,,
17924000,4481,4.375,,1.063446283340454,,,,4.375,,,,,,,,,
17928000,4482,3.5,,1.1455459594726562,,,,3.5,,,,,,,,,
17932000,4483,4.125,,1.1049567461013794,,,,4.125,,,,,,,,,
17936000,4484,4.25,,1.1250379085540771,,,,4.25,,,,,,,,,
17940000,4485,4.25,,1.0954382419586182,,,,4.25,,,,,,,,,
17944000,4486,4.75,,1.1512764692306519,,,,4.75,,,,,,,,,
17948000,4487,4.25,,1.1021475791931152,,,,4.25,,,,,,,,,
17952000,4488,4.375,,1.1342263221740723,,,,4.375,,,,,,,,,
17956000,4489,4.0,,1.1285879611968994,,,,4.0,,,,,,,,,
17960000,4490,4.0,,1.1059744358062744,,,,4.0,,,,,,,,,
17964000,4491,4.125,,1.090111494064331,,,,4.125,,,,,,,,,
17968000,4492,4.375,,1.0997414588928223,,,,4.375,,,,,,,,,
17972000,4493,4.25,,1.0814135074615479,,,,4.25,,,,,,,,,
17976000,4494,4.5,,1.1074495315551758,,,,4.5,,,,,,,,,
17980000,4495,4.125,,1.1724698543548584,,,,4.125,,,,,,,,,
17984000,4496,4.75,,1.0963871479034424,,,,4.75,,,,,,,,,
17988000,4497,4.5,,1.0868775844573975,,,,4.5,,,,,,,,,
17992000,4498,2.875,,1.0881152153015137,,,,2.875,,,,,,,,,
17996000,4499,3.75,,1.1031545400619507,,,,3.75,,,,,,,,,
18000000,4500,3.375,,1.1083682775497437,,,,3.375,,,,,,,,,
18004000,4501,4.625,,1.1568679809570312,,,,4.625,,,,,,,,,
18008000,4502,4.25,,1.094059944152832,,,,4.25,,,,,,,,,
18012000,4503,3.875,,1.1006393432617188,,,,3.875,,,,,,,,,
18016000,4504,3.875,,1.1093571186065674,,,,3.875,,,,,,,,,
18020000,4505,4.75,,1.1084352731704712,,,,4.75,,,,,,,,,
18024000,4506,4.25,,1.1274421215057373,,,,4.25,,,,,,,,,
18028000,4507,4.0,,1.0789399147033691,,,,4.0,,,,,,,,,
18032000,4508,4.0,,1.0520057678222656,,,,4.0,,,,,,,,,
18036000,4509,3.875,,1.085085391998291,,,,3.875,,,,,,,,,
18040000,4510,3.125,,1.1028709411621094,,,,3.125,,,,,,,,,
18044000,4511,3.625,,1.151785135269165,,,,3.625,,,,,,,,,
18048000,4512,4.375,,1.121914267539978,,,,4.375,,,,,,,,,
18052000,4513,4.0,,1.0803439617156982,,,,4.0,,,,,,,,,
18056000,4514,4.25,,1.1246289014816284,,,,4.25,,,,,,,,,
18060000,4515,4.125,,1.1261086463928223,,,,4.125,,,,,,,,,
18064000,4516,3.875,,1.0472517013549805,,,,3.875,,,,,,,,,
18068000,4517,2.0,,1.0736486911773682,,,,2.0,,,,,,,,,
18072000,4518,3.75,,1.1085245609283447,,,,3.75,,,,,,,,,
18076000,4519,3.5,,1.1048051118850708,,,,3.5,,,,,,,,,
18080000,4520,4.125,,1.105541467666626,,,,4.125,,,,,,,,,
18084000,4521,4.0,,1.1424964666366577,,,,4.0,,,,,,,,,
18088000,4522,3.375,,1.105278730392456,,,,3.375,,,,,,,,,
18092000,4523,4.375,,1.0918831825256348,,,,4.375,,,,,,,,,
18096000,4524,4.25,,1.046713948249817,,,,4.25,,,,,,,,,
18100000,4525,4.375,,1.1225029230117798,,,,4.375,,,,,,,,,
18104000,4526,4.0,,1.0927700996398926,,,,4.0,,,,,,,,,
18108000,4527,4.5,,1.063071370124817,,,,4.5,,,,,,,,,
18112000,4528,3.75,,1.101560115814209,,,,3.75,,,,,,,,,
18116000,4529,4.375,,1.077876329421997,,,,4.375,,,,,,,,,
18120000,4530,4.625,,1.1110765933990479,,,,4.625,,,,,,,,,
18124000,4531,4.25,,1.1186890602111816,,,,4.25,,,,,,,,,
18128000,4532,3.875,,1.1090960502624512,,,,3.875,,,,,,,,,
18132000,4533,4.375,,1.1043750047683716,,,,4.375,,,,,,,,,
18136000,4534,3.75,,1.1573647260665894,,,,3.75,,,,,,,,,
18140000,4535,3.5,,1.0821046829223633,,,,3.5,,,,,,,,,
18144000,4536,4.25,,1.0546741485595703,,,,4.25,,,,,,,,,
18148000,4537,4.0,,1.1120800971984863,,,,4.0,,,,,,,,,
18152000,4538,4.125,,1.1309301853179932,,,,4.125,,,,,,,,,
18156000,4539,3.75,,1.0698468685150146,,,,3.75,,,,,,,,,
18160000,4540,4.25,,1.0872688293457031,,,,4.25,,,,,,,,,
18164000,4541,3.875,,1.0738226175308228,,,,3.875,,,,,,,,,
18168000,4542,4.0,,1.1147487163543701,,,,4.0,,,,,,,,,
18172000,4543,3.75,,1.1512172222137451,,,,3.75,,,,,,,,,
18176000,4544,4.125,,1.0969244241714478,,,,4.125,,,,,,,,,
18180000,4545,4.125,,1.0702154636383057,,,,4.125,,,,,,,,,
18184000,4546,4.875,,1.0898462533950806,,,,4.875,,,,,,,,,
18188000,4547,3.875,,1.0878826379776,,,,3.875,,,,,,,,,
18192000,4548,4.125,,1.140484094619751,,,,4.125,,,,,,,,,
18196000,4549,3.875,,1.126092791557312,,,,3.875,,,,,,,,,
18200000,4550,3.875,,1.1666207313537598,,,,3.875,,,,,,,,,
18204000,4551,4.0,,1.094357967376709,,,,4.0,,,,,,,,,
18208000,4552,2.625,,1.0951547622680664,,,,2.625,,,,,,,,,
18212000,4553,4.75,,1.0520343780517578,,,,4.75,,,,,,,,,
18216000,4554,4.25,,1.1522574424743652,,,,4.25,,,,,,,,,
18220000,4555,3.625,,1.1537201404571533,,,,3.625,,,,,,,,,
18224000,4556,3.75,,1.1394360065460205,,,,3.75,,,,,,,,,
18228000,4557,4.875,,1.1240571737289429,,,,4.875,,,,,,,,,
18232000,4558,4.25,,1.1179200410842896,,,,4.25,,,,,,,,,
18236000,4559,4.25,,1.1117238998413086,,,,4.25,,,,,,,,,
18240000,4560,4.375,,1.1819324493408203,,,,4.375,,,,,,,,,
18244000,4561,4.125,,1.100870966911316,,,,4.125,,,,,,,,,
18248000,4562,4.125,,1.0916798114776611,,,,4.125,,,,,,,,,
18252000,4563,3.875,,1.151113510131836,,,,3.875,,,,,,,,,
18256000,4564,3.0,,1.1107914447784424,,,,3.0,,,,,,,,,
18260000,4565,4.5,,1.1508526802062988,,,,4.5,,,,,,,,,
18264000,4566,3.75,,1.1181614398956299,,,,3.75,,,,,,,,,
18268000,4567,2.25,,1.1357142925262451,,,,2.25,,,,,,,,,
18272000,4568,2.0,,1.058394193649292,,,,2.0,,,,,,,,,
18276000,4569,4.25,,1.1200461387634277,,,,4.25,,,,,,,,,
18280000,4570,4.5,,1.1204653978347778,,,,4.5,,,,,,,,,
18284000,4571,3.5,,1.1069164276123047,,,,3.5,,,,,,,,,
18288000,4572,3.375,,1.1005628108978271,,,,3.375,,,,,,,,,
18292000,4573,3.25,,1.1187446117401123,,,,3.25,,,,,,,,,
18296000,4574,3.625,,1.1293789148330688,,,,3.625,,,,,,,,,
18300000,4575,2.625,,1.094225525856018,,,,2.625,,,,,,,,,
18304000,4576,3.5,,1.1251094341278076,,,,3.5,,,,,,,,,
18308000,4577,3.0,,1.067087173461914,,,,3.0,,,,,,,,,
18312000,4578,3.375,,1.1030378341674805,,,,3.375,,,,,,,,,
18316000,4579,3.5,,1.1326740980148315,,,,3.5,,,,,,,,,
18320000,4580,2.875,,1.0732154846191406,,,,2.875,,,,,,,,,
18324000,4581,4.25,,1.079006552696228,,,,4.25,,,,,,,,,
18328000,4582,2.625,,1.133361577987671,,,,2.625,,,,,,,,,
18332000,4583,4.375,,1.1110504865646362,,,,4.375,,,,,,,,,
18336000,4584,2.75,,1.1019686460494995,,,,2.75,,,,,,,,,
18340000,4585,4.375,,1.1502341032028198,,,,4.375,,,,,,,,,
18344000,4586,4.25,,1.196774959564209,,,,4.25,,,,,,,,,
18348000,4587,3.875,,1.1279661655426025,,,,3.875,,,,,,,,,
18352000,4588,3.75,,1.058616280555725,,,,3.75,,,,,,,,,
18356000,4589,4.375,,1.0716485977172852,,,,4.375,,,,,,,,,
18360000,4590,4.875,,1.0885666608810425,,,,4.875,,,,,,,,,
18364000,4591,4.75,,1.1293563842773438,,,,4.75,,,,,,,,,
18368000,4592,4.625,,1.0900877714157104,,,,4.625,,,,,,,,,
18372000,4593,4.25,,1.0428175926208496,,,,4.25,,,,,,,,,
18376000,4594,3.625,,1.1257915496826172,,,,3.625,,,,,,,,,
18380000,4595,4.75,,1.0994398593902588,,,,4.75,,,,,,,,,
18384000,4596,4.25,,1.0791443586349487,,,,4.25,,,,,,,,,
18388000,4597,4.75,,1.1129536628723145,,,,4.75,,,,,,,,,
18392000,4598,3.125,,1.0949876308441162,,,,3.125,,,,,,,,,
18396000,4599,3.5,,1.0986849069595337,,,,3.5,,,,,,,,,
18400000,4600,4.125,,1.1305955648422241,,,,4.125,,,,,,,,,
18404000,4601,4.375,,1.1120165586471558,,,,4.375,,,,,,,,,
18408000,4602,4.25,,1.0817577838897705,,,,4.25,,,,,,,,,
18412000,4603,3.75,,1.0543277263641357,,,,3.75,,,,,,,,,
18416000,4604,4.5,,1.0971527099609375,,,,4.5,,,,,,,,,
18420000,4605,4.125,,1.0477750301361084,,,,4.125,,,,,,,,,
18424000,4606,3.625,,1.1309564113616943,,,,3.625,,,,,,,,,
18428000,4607,4.0,,1.0814169645309448,,,,4.0,,,,,,,,,
18432000,4608,4.625,,1.133681297302246,,,,4.625,,,,,,,,,
18436000,4609,3.875,,1.0913796424865723,,,,3.875,,,,,,,,,
18440000,4610,4.625,,1.098618745803833,,,,4.625,,,,,,,,,
18444000,4611,4.0,,1.0949013233184814,,,,4.0,,,,,,,,,
18448000,4612,3.375,,1.0884695053100586,,,,3.375,,,,,,,,,
18452000,4613,4.5,,1.10868501663208,,,,4.5,,,,,,,,,
18456000,4614,3.625,,1.0775129795074463,,,,3.625,,,,,,,,,
18460000,4615,4.25,,1.118574857711792,,,,4.25,,,,,,,,,
18464000,4616,3.625,,1.1251802444458008,,,,3.625,,,,,,,,,
18468000,4617,3.75,,1.1195765733718872,,,,3.75,,,,,,,,,
18472000,4618,4.125,,1.0859946012496948,,,,4.125,,,,,,,,,
18476000,4619,3.875,,1.0582011938095093,,,,3.875,,,,,,,,,
18480000,4620,4.375,,1.070959448814392,,,,4.375,,,,,,,,,
18484000,4621,4.625,,1.0837864875793457,,,,4.625,,,,,,,,,
18488000,4622,3.875,,1.0747027397155762,,,,3.875,,,,,,,,,
18492000,4623,3.875,,1.087766170501709,,,,3.875,,,,,,,,,
18496000,4624,4.5,,1.0321056842803955,,,,4.5,,,,,,,,,
18500000,4625,3.375,,1.1055163145065308,,,,3.375,,,,,,,,,
18504000,4626,4.375,,1.1215705871582031,,,,4.375,,,,,,,,,
18508000,4627,3.625,,1.0842812061309814,,,,3.625,,,,,,,,,
18512000,4628,3.125,,1.036144733428955,,,,3.125,,,,,,,,,
18516000,4629,3.125,,1.026031732559204,,,,3.125,,,,,,,,,
18520000,4630,3.75,,1.0911049842834473,,,,3.75,,,,,,,,,
18524000,4631,5.125,,1.0788969993591309,,,,5.125,,,,,,,,,
18528000,4632,3.875,,1.0864421129226685,,,,3.875,,,,,,,,,
18532000,4633,4.625,,1.1169097423553467,,,,4.625,,,,,,,,,
18536000,4634,3.625,,1.041105031967163,,,,3.625,,,,,,,,,
18540000,4635,4.125,,1.0835845470428467,,,,4.125,,,,,,,,,
18544000,4636,4.25,,1.1100735664367676,,,,4.25,,,,,,,,,
18548000,4637,3.875,,1.0950546264648438,,,,3.875,,,,,,,,,
18552000,4638,4.0,,1.0261671543121338,,,,4.0,,,,,,,,,
18556000,4639,4.0,,1.067603349685669,,,,4.0,,,,,,,,,
18560000,4640,4.0,,1.0579731464385986,,,,4.0,,,,,,,,,
18564000,4641,4.125,,1.0892786979675293,,,,4.125,,,,,,,,,
18568000,4642,5.0,,1.0890533924102783,,,,5.0,,,,,,,,,
18572000,4643,4.375,,1.0686736106872559,,,,4.375,,,,,,,,,
18576000,4644,3.875,,1.1037805080413818,,,,3.875,,,,,,,,,
18580000,4645,5.125,,1.1102197170257568,,,,5.125,,,,,,,,,
18584000,4646,4.125,,1.1353249549865723,,,,4.125,,,,,,,,,
18588000,4647,4.25,,1.0937039852142334,,,,4.25,,,,,,,,,
18592000,4648,4.625,,1.1440013647079468,,,,4.625,,,,,,,,,
18596000,4649,4.5,,1.1313518285751343,,,,4.5,,,,,,,,,
18600000,4650,4.875,,1.0379711389541626,,,,4.875,,,,,,,,,
18604000,4651,4.125,,1.0938856601715088,,,,4.125,,,,,,,,,
18608000,4652,4.5,,1.106096863746643,,,,4.5,,,,,,,,,
18612000,4653,4.875,,1.1090611219406128,,,,4.875,,,,,,,,,
18616000,4654,4.5,,1.1350353956222534,,,,4.5,,,,,,,,,
18620000,4655,4.75,,1.1349024772644043,,,,4.75,,,,,,,,,
18624000,4656,4.875,,1.0462740659713745,,,,4.875,,,,,,,,,
18628000,4657,4.625,,1.0825531482696533,,,,4.625,,,,,,,,,
18632000,4658,3.875,,1.0608586072921753,,,,3.875,,,,,,,,,
18636000,4659,5.25,,1.095394492149353,,,,5.25,,,,,,,,,
18640000,4660,4.75,,1.1114349365234375,,,,4.75,,,,,,,,,
18644000,4661,4.25,,1.0996283292770386,,,,4.25,,,,,,,,,
18648000,4662,4.125,,1.0987050533294678,,,,4.125,,,,,,,,,
18652000,4663,4.5,,1.0976407527923584,,,,4.5,,,,,,,,,
18656000,4664,4.0,,1.1297261714935303,,,,4.0,,,,,,,,,
18660000,4665,4.25,,1.0858442783355713,,,,4.25,,,,,,,,,
18664000,4666,4.5,,1.0721957683563232,,,,4.5,,,,,,,,,
18668000,4667,3.75,,1.1082875728607178,,,,3.75,,,,,,,,,
18672000,4668,4.375,,1.084215521812439,,,,4.375,,,,,,,,,
18676000,4669,4.75,,1.118126392364502,,,,4.75,,,,,,,,,
18680000,4670,4.75,,1.1054576635360718,,,,4.75,,,,,,,,,
18684000,4671,3.75,,1.1202667951583862,,,,3.75,,,,,,,,,
18688000,4672,4.125,,1.1177167892456055,,,,4.125,,,,,,,,,
18692000,4673,3.25,,1.1330211162567139,,,,3.25,,,,,,,,,
18696000,4674,3.875,,1.0939295291900635,,,,3.875,,,,,,,,,
18700000,4675,3.625,,1.141528606414795,,,,3.625,,,,,,,,,
18704000,4676,4.375,,1.061460256576538,,,,4.375,,,,,,,,,
18708000,4677,4.75,,1.1281664371490479,,,,4.75,,,,,,,,,
18712000,4678,3.875,,1.1082737445831299,,,,3.875,,,,,,,,,
18716000,4679,4.5,,1.1212741136550903,,,,4.5,,,,,,,,,
18720000,4680,3.875,,1.1192283630371094,,,,3.875,,,,,,,,,
18724000,4681,4.375,,1.0958302021026611,,,,4.375,,,,,,,,,
18728000,4682,4.5,,1.0987054109573364,,,,4.5,,,,,,,,,
18732000,4683,4.75,,1.1564462184906006,,,,4.75,,,,,,,,,
18736000,4684,4.125,,1.099058747291565,,,,4.125,,,,,,,,,
18740000,4685,4.5,,1.0689773559570312,,,,4.5,,,,,,,,,
18744000,4686,4.375,,1.121486783027649,,,,4.375,,,,,,,,,
18748000,4687,4.375,,1.1208510398864746,,,,4.375,,,,,,,,,
18752000,4688,4.25,,1.1094406843185425,,,,4.25,,,,,,,,,
18756000,4689,4.625,,1.1037243604660034,,,,4.625,,,,,,,,,
18760000,4690,4.375,,1.109895944595337,,,,4.375,,,,,,,,,
18764000,4691,4.625,,1.13895845413208,,,,4.625,,,,,,,,,
18768000,4692,4.0,,1.0834805965423584,,,,4.0,,,,,,,,,
18772000,4693,4.875,,1.1274421215057373,,,,4.875,,,,,,,,,
18776000,4694,4.5,,1.1173704862594604,,,,4.5,,,,,,,,,
18780000,4695,4.375,,1.1645948886871338,,,,4.375,,,,,,,,,
18784000,4696,3.75,,1.1091630458831787,,,,3.75,,,,,,,,,
18788000,4697,3.25,,1.1142675876617432,,,,3.25,,,,,,,,,
18792000,4698,4.375,,1.1414704322814941,,,,4.375,,,,,,,,,
18796000,4699,4.125,,1.1057568788528442,,,,4.125,,,,,,,,,
18800000,4700,4.0,,1.145587682723999,,,,4.0,,,,,,,,,
18804000,4701,4.125,,1.1420722007751465,,,,4.125,,,,,,,,,
18808000,4702,4.25,,1.1413867473602295,,,,4.25,,,,,,,,,
18812000,4703,4.625,,1.1481711864471436,,,,4.625,,,,,,,,,
18816000,4704,4.375,,1.1563719511032104,,,,4.375,,,,,,,,,
18820000,4705,4.625,,1.1380865573883057,,,,4.625,,,,,,,,,
18824000,4706,3.75,,1.1362017393112183,,,,3.75,,,,,,,,,
18828000,4707,4.5,,1.160133957862854,,,,4.5,,,,,,,,,
18832000,4708,4.375,,1.2003095149993896,,,,4.375,,,,,,,,,
18836000,4709,3.625,,1.1424267292022705,,,,3.625,,,,,,,,,
18840000,4710,4.25,,1.1846834421157837,,,,4.25,,,,,,,,,
18844000,4711,3.625,,1.1437575817108154,,,,3.625,,,,,,,,,
18848000,4712,4.375,,1.1583622694015503,,,,4.375,,,,,,,,,
18852000,4713,3.5,,1.130387306213379,,,,3.5,,,,,,,,,
18856000,4714,3.625,,1.1630582809448242,,,,3.625,,,,,,,,,
18860000,4715,3.75,,1.1828471422195435,,,,3.75,,,,,,,,,
18864000,4716,3.75,,1.0997340679168701,,,,3.75,,,,,,,,,
18868000,4717,4.125,,1.116565227508545,,,,4.125,,,,,,,,,
18872000,4718,3.75,,1.1669442653656006,,,,3.75,,,,,,,,,
18876000,4719,2.375,,1.1447733640670776,,,,2.375,,,,,,,,,
18880000,4720,4.375,,1.1298775672912598,,,,4.375,,,,,,,,,
18884000,4721,3.875,,1.1311277151107788,,,,3.875,,,,,,,,,
18888000,4722,4.125,,1.1802171468734741,,,,4.125,,,,,,,,,
18892000,4723,4.0,,1.1568670272827148,,,,4.0,,,,,,,,,
18896000,4724,4.125,,1.110710620880127,,,,4.125,,,,,,,,,
18900000,4725,3.75,,1.169867992401123,,,,3.75,,,,,,,,,
18904000,4726,3.625,,1.1839817762374878,,,,3.625,,,,,,,,,
18908000,4727,4.0,,1.1175227165222168,,,,4.0,,,,,,,,,
18912000,4728,3.625,,1.1358366012573242,,,,3.625,,,,,,,,,
18916000,4729,3.0,,1.1594326496124268,,,,3.0,,,,,,,,,
18920000,4730,3.875,,1.160900354385376,,,,3.875,,,,,,,,,
18924000,4731,4.25,,1.1283910274505615,,,,4.25,,,,,,,,,
18928000,4732,4.0,,1.0837063789367676,,,,4.0,,,,,,,,,
18932000,4733,3.75,,1.074076771736145,,,,3.75,,,,,,,,,
18936000,4734,4.5,,1.1204549074172974,,,,4.5,,,,,,,,,
18940000,4735,3.5,,1.0856889486312866,,,,3.5,,,,,,,,,
18944000,4736,4.25,,1.139507532119751,,,,4.25,,,,,,,,,
18948000,4737,3.5,,1.1200183629989624,,,,3.5,,,,,,,,,
18952000,4738,4.625,,1.1200644969940186,,,,4.625,,,,,,,,,
18956000,4739,3.375,,1.1386544704437256,,,,3.375,,,,,,,,,
18960000,4740,3.625,,1.1027323007583618,,,,3.625,,,,,,,,,
18964000,4741,3.375,,1.0887820720672607,,,,3.375,,,,,,,,,
18968000,4742,4.375,,1.0768697261810303,,,,4.375,,,,,,,,,
18972000,4743,3.625,,1.0787811279296875,,,,3.625,,,,,,,,,
18976000,4744,3.25,,1.132089376449585,,,,3.25,,,,,,,,,
18980000,4745,3.875,,1.1239230632781982,,,,3.875,,,,,,,,,
18984000,4746,3.875,,1.1067907810211182,,,,3.875,,,,,,,,,
18988000,4747,3.75,,1.1153813600540161,,,,3.75,,,,,,,,,
18992000,4748,4.125,,1.0986980199813843,,,,4.125,,,,,,,,,
18996000,4749,3.625,,1.0861395597457886,,,,3.625,,,,,,,,,
19000000,4750,4.125,,1.1160374879837036,,,,4.125,,,,,,,,,
19004000,4751,4.0,,1.1359317302703857,,,,4.0,,,,,,,,,
19008000,4752,3.25,,1.0557093620300293,,,,3.25,,,,,,,,,
19012000,4753,4.25,,1.0812722444534302,,,,4.25,,,,,,,,,
19016000,4754,4.0,,1.1350369453430176,,,,4.0,,,,,,,,,
19020000,4755,5.0,,1.1235542297363281,,,,5.0,,,,,,,,,
19024000,4756,4.625,,1.071040153503418,,,,4.625,,,,,,,,,
19028000,4757,4.0,,1.1139986515045166,,,,4.0,,,,,,,,,
19032000,4758,3.625,,1.121206283569336,,,,3.625,,,,,,,,,
19036000,4759,3.25,,1.152915596961975,,,,3.25,,,,,,,,,
19040000,4760,3.5,,1.1045652627944946,,,,3.5,,,,,,,,,
19044000,4761,4.0,,1.0930472612380981,,,,4.0,,,,,,,,,
19048000,4762,4.0,,1.1324923038482666,,,,4.0,,,,,,,,,
19052000,4763,4.25,,1.1767007112503052,,,,4.25,,,,,,,,,
19056000,4764,3.75,,1.1251531839370728,,,,3.75,,,,,,,,,
19060000,4765,4.125,,1.149195909500122,,,,4.125,,,,,,,,,
19064000,4766,4.0,,1.1562410593032837,,,,4.0,,,,,,,,,
19068000,4767,3.75,,1.1236069202423096,,,,3.75,,,,,,,,,
19072000,4768,3.625,,1.0905646085739136,,,,3.625,,,,,,,,,
19076000,4769,3.75,,1.1145488023757935,,,,3.75,,,,,,,,,
19080000,4770,3.75,,1.1302025318145752,,,,3.75,,,,,,,,,
19084000,4771,4.125,,1.108099102973938,,,,4.125,,,,,,,,,
19088000,4772,4.5,,1.0961651802062988,,,,4.5,,,,,,,,,
19092000,4773,4.375,,1.1123270988464355,,,,4.375,,,,,,,,,
19096000,4774,3.625,,1.1038930416107178,,,,3.625,,,,,,,,,
19100000,4775,4.125,,1.1066980361938477,,,,4.125,,,,,,,,,
19104000,4776,4.25,,1.0767250061035156,,,,4.25,,,,,,,,,
19108000,4777,3.0,,1.0781948566436768,,,,3.0,,,,,,,,,
19112000,4778,3.625,,1.114133358001709,,,,3.625,,,,,,,,,
19116000,4779,4.5,,1.0742394924163818,,,,4.5,,,,,,,,,
19120000,4780,3.875,,1.0825080871582031,,,,3.875,,,,,,,,,
19124000,4781,4.125,,1.1051877737045288,,,,4.125,,,,,,,,,
19128000,4782,3.75,,1.089376449584961,,,,3.75,,,,,,,,,
19132000,4783,3.625,,1.0847716331481934,,,,3.625,,,,,,,,,
19136000,4784,4.375,,1.12162184715271,,,,4.375,,,,,,,,,
19140000,4785,2.5,,1.0853509902954102,,,,2.5,,,,,,,,,
19144000,4786,4.375,,1.0299842357635498,,,,4.375,,,,,,,,,
19148000,4787,4.125,,1.079437494277954,,,,4.125,,,,,,,,,
19152000,4788,1.75,,1.0788533687591553,,,,1.75,,,,,,,,,
19156000,4789,3.75,,0.9846701622009277,,,,3.75,,,,,,,,,
19160000,4790,4.0,,1.0312868356704712,,,,4.0,,,,,,,,,
19164000,4791,4.625,,1.144914150238037,,,,4.625,,,,,,,,,
19168000,4792,3.625,,1.1137531995773315,,,,3.625,,,,,,,,,
19172000,4793,4.625,,1.0049498081207275,,,,4.625,,,,,,,,,
19176000,4794,3.5,,1.0364233255386353,,,,3.5,,,,,,,,,
19180000,4795,3.875,,1.0798041820526123,,,,3.875,,,,,,,,,
19184000,4796,3.875,,1.0514429807662964,,,,3.875,,,,,,,,,
19188000,4797,4.125,,1.0707738399505615,,,,4.125,,,,,,,,,
19192000,4798,3.875,,1.0663249492645264,,,,3.875,,,,,,,,,
19196000,4799,3.625,,1.0749003887176514,,,,3.625,,,,,,,,,
19200000,4800,3.875,,1.0726063251495361,,,,3.875,,,,,,,,,
19204000,4801,2.75,,1.052003264427185,,,,2.75,,,,,,,,,
19208000,4802,3.875,,1.0489661693572998,,,,3.875,,,,,,,,,
19212000,4803,3.25,,1.0313639640808105,,,,3.25,,,,,,,,,
19216000,4804,4.125,,1.06251060962677,,,,4.125,,,,,,,,,
19220000,4805,4.0,,1.0534460544586182,,,,4.0,,,,,,,,,
19224000,4806,4.375,,1.073815941810608,,,,4.375,,,,,,,,,
19228000,4807,3.875,,1.0442132949829102,,,,3.875,,,,,,,,,
19232000,4808,4.0,,1.0385504961013794,,,,4.0,,,,,,,,,
19236000,4809,3.875,,1.017067313194275,,,,3.875,,,,,,,,,
19240000,4810,4.125,,1.0541081428527832,,,,4.125,,,,,,,,,
19244000,4811,2.75,,1.013021469116211,,,,2.75,,,,,,,,,
19248000,4812,4.25,,1.0344408750534058,,,,4.25,,,,,,,,,
19252000,4813,3.75,,1.0782339572906494,,,,3.75,,,,,,,,,
19256000,4814,3.75,,1.0810339450836182,,,,3.75,,,,,,,,,
19260000,4815,4.5,,1.0337003469467163,,,,4.5,,,,,,,,,
19264000,4816,1.75,,1.0344158411026,,,,1.75,,,,,,,,,
19268000,4817,4.0,,1.0347459316253662,,,,4.0,,,,,,,,,
19272000,4818,4.0,,1.0151411294937134,,,,4.0,,,,,,,,,
19276000,4819,4.0,,1.041086196899414,,,,4.0,,,,,,,,,
19280000,4820,3.5,,1.0025473833084106,,,,3.5,,,,,,,,,
19284000,4821,2.875,,1.02561616897583,,,,2.875,,,,,,,,,
19288000,4822,4.375,,1.013202428817749,,,,4.375,,,,,,,,,
19292000,4823,4.25,,0.9993948936462402,,,,4.25,,,,,,,,,
19296000,4824,3.5,,1.0290298461914062,,,,3.5,,,,,,,,,
19300000,4825,4.0,,1.0091592073440552,,,,4.0,,,,,,,,,
19304000,4826,4.25,,1.0541718006134033,,,,4.25,,,,,,,,,
19308000,4827,4.5,,1.0673768520355225,,,,4.5,,,,,,,,,
19312000,4828,4.0,,1.0438108444213867,,,,4.0,,,,,,,,,
19316000,4829,3.875,,1.0431203842163086,,,,3.875,,,,,,,,,
19320000,4830,4.75,,1.0045398473739624,,,,4.75,,,,,,,,,
19324000,4831,4.125,,1.0083465576171875,,,,4.125,,,,,,,,,
19328000,4832,4.125,,1.0526094436645508,,,,4.125,,,,,,,,,
19332000,4833,4.375,,1.004255771636963,,,,4.375,,,,,,,,,
19336000,4834,3.5,,1.0434694290161133,,,,3.5,,,,,,,,,
19340000,4835,4.5,,1.0269159078598022,,,,4.5,,,,,,,,,
19344000,4836,3.625,,1.0439891815185547,,,,3.625,,,,,,,,,
19348000,4837,4.375,,1.0570374727249146,,,,4.375,,,,,,,,,
19352000,4838,4.375,,1.0107035636901855,,,,4.375,,,,,,,,,
19356000,4839,4.125,,1.0117006301879883,,,,4.125,,,,,,,,,
19360000,4840,4.375,,1.031110167503357,,,,4.375,,,,,,,,,
19364000,4841,4.25,,1.02854585647583,,,,4.25,,,,,,,,,
19368000,4842,3.75,,1.0360915660858154,,,,3.75,,,,,,,,,
19372000,4843,3.875,,1.0084563493728638,,,,3.875,,,,,,,,,
19376000,4844,2.875,,1.027547836303711,,,,2.875,,,,,,,,,
19380000,4845,4.25,,1.0518741607666016,,,,4.25,,,,,,,,,
19384000,4846,3.75,,1.0593117475509644,,,,3.75,,,,,,,,,
19388000,4847,5.25,,1.0245095491409302,,,,5.25,,,,,,,,,
19392000,4848,4.375,,1.0423557758331299,,,,4.375,,,,,,,,,
19396000,4849,4.75,,1.0354422330856323,,,,4.75,,,,,,,,,
19400000,4850,4.25,,1.0097448825836182,,,,4.25,,,,,,,,,
19404000,4851,4.5,,1.054768443107605,,,,4.5,,,,,,,,,
19408000,4852,3.75,,1.0244650840759277,,,,3.75,,,,,,,,,
19412000,4853,4.0,,1.0077911615371704,,,,4.0,,,,,,,,,
19416000,4854,4.5,,1.0043749809265137,,,,4.5,,,,,,,,,
19420000,4855,4.0,,1.0009589195251465,,,,4.0,,,,,,,,,
19424000,4856,4.125,,1.0263099670410156,,,,4.125,,,,,,,,,
19428000,4857,4.125,,1.1030386686325073,,,,4.125,,,,,,,,,
19432000,4858,4.125,,1.0496119260787964,,,,4.125,,,,,,,,,
19436000,4859,4.125,,1.0290411710739136,,,,4.125,,,,,,,,,
19440000,4860,4.125,,1.0252342224121094,,,,4.125,,,,,,,,,
19444000,4861,4.125,,1.054901123046875,,,,4.125,,,,,,,,,
19448000,4862,4.5,,1.0329564809799194,,,,4.5,,,,,,,,,
19452000,4863,3.75,,1.010605812072754,,,,3.75,,,,,,,,,
19456000,4864,3.75,,1.030938744544983,,,,3.75,,,,,,,,,
19460000,4865,4.0,,1.029409646987915,,,,4.0,,,,,,,,,
19464000,4866,4.625,,1.0808051824569702,,,,4.625,,,,,,,,,
19468000,4867,4.25,,1.0181547403335571,,,,4.25,,,,,,,,,
19472000,4868,3.875,,1.0350451469421387,,,,3.875,,,,,,,,,
19476000,4869,3.25,,1.0626965761184692,,,,3.25,,,,,,,,,
19480000,4870,3.0,,0.9998695850372314,,,,3.0,,,,,,,,,
19484000,4871,3.5,,1.0661531686782837,,,,3.5,,,,,,,,,
19488000,4872,4.125,,1.043867588043213,,,,4.125,,,,,,,,,
19492000,4873,4.375,,1.0609687566757202,,,,4.375,,,,,,,,,
19496000,4874,3.375,,1.0541768074035645,,,,3.375,,,,,,,,,
19500000,4875,4.125,,1.0597435235977173,,,,4.125,,,,,,,,,
19504000,4876,3.875,,1.0097339153289795,,,,3.875,,,,,,,,,
19508000,4877,3.375,,1.0670137405395508,,,,3.375,,,,,,,,,
19512000,4878,3.75,,1.037925124168396,,,,3.75,,,,,,,,,
19516000,4879,3.75,,1.0458167791366577,,,,3.75,,,,,,,,,
19520000,4880,4.25,,1.055617332458496,,,,4.25,,,,,,,,,
19524000,4881,4.125,,1.0239224433898926,,,,4.125,,,,,,,,,
19528000,4882,3.75,,1.066774606704712,,,,3.75,,,,,,,,,
19532000,4883,2.625,,1.0264499187469482,,,,2.625,,,,,,,,,
19536000,4884,3.375,,1.0678024291992188,,,,3.375,,,,,,,,,
19540000,4885,3.625,,1.0161195993423462,,,,3.625,,,,,,,,,
19544000,4886,3.375,,0.9934146404266357,,,,3.375,,,,,,,,,
19548000,4887,4.0,,1.0518920421600342,,,,4.0,,,,,,,,,
19552000,4888,3.75,,1.051201581954956,,,,3.75,,,,,,,,,
19556000,4889,4.5,,1.0890446901321411,,,,4.5,,,,,,,,,
19560000,4890,4.25,,1.0273633003234863,,,,4.25,,,,,,,,,
19564000,4891,4.0,,1.0384738445281982,,,,4.0,,,,,,,,,
19568000,4892,4.5,,1.0221072435379028,,,,4.5,,,,,,,,,
19572000,4893,4.0,,1.0498974323272705,,,,4.0,,,,,,,,,
19576000,4894,4.875,,1.0950360298156738,,,,4.875,,,,,,,,,
19580000,4895,3.0,,1.0456843376159668,,,,3.0,,,,,,,,,
19584000,4896,4.125,,1.005277395248413,,,,4.125,,,,,,,,,
19588000,4897,4.125,,1.0177289247512817,,,,4.125,,,,,,,,,
19592000,4898,4.0,,1.104361653327942,,,,4.0,,,,,,,,,
19596000,4899,4.625,,1.0651097297668457,,,,4.625,,,,,,,,,
19600000,4900,4.625,,0.9918859601020813,,,,4.625,,,,,,,,,
19604000,4901,4.0,,1.055116057395935,,,,4.0,,,,,,,,,
19608000,4902,3.25,,1.0562233924865723,,,,3.25,,,,,,,,,
19612000,4903,4.375,,1.0181078910827637,,,,4.375,,,,,,,,,
19616000,4904,4.0,,1.0634526014328003,,,,4.0,,,,,,,,,
19620000,4905,4.375,,1.062428593635559,,,,4.375,,,,,,,,,
19624000,4906,4.375,,1.0808167457580566,,,,4.375,,,,,,,,,
19628000,4907,4.0,,0.9909100532531738,,,,4.0,,,,,,,,,
19632000,4908,4.625,,1.0454212427139282,,,,4.625,,,,,,,,,
19636000,4909,3.625,,1.0387300252914429,,,,3.625,,,,,,,,,
19640000,4910,3.75,,1.061030626296997,,,,3.75,,,,,,,,,
19644000,4911,3.875,,1.0788214206695557,,,,3.875,,,,,,,,,
19648000,4912,4.0,,1.096688985824585,,,,4.0,,,,,,,,,
19652000,4913,4.25,,1.0209829807281494,,,,4.25,,,,,,,,,
19656000,4914,3.875,,1.017464518547058,,,,3.875,,,,,,,,,
19660000,4915,4.125,,1.0414185523986816,,,,4.125,,,,,,,,,
19664000,4916,3.625,,1.0908215045928955,,,,3.625,,,,,,,,,
19668000,4917,3.75,,1.0824825763702393,,,,3.75,,,,,,,,,
19672000,4918,2.75,,1.0532824993133545,,,,2.75,,,,,,,,,
19676000,4919,4.375,,1.0336792469024658,,,,4.375,,,,,,,,,
19680000,4920,3.75,,1.0311849117279053,,,,3.75,,,,,,,,,
19684000,4921,4.5,,1.0868943929672241,,,,4.5,,,,,,,,,
19688000,4922,2.5,,1.0971038341522217,,,,2.5,,,,,,,,,
19692000,4923,3.125,,1.0489269495010376,,,,3.125,,,,,,,,,
19696000,4924,3.875,,1.0703294277191162,,,,3.875,,,,,,,,,
19700000,4925,3.875,,1.0594347715377808,,,,3.875,,,,,,,,,
19704000,4926,3.75,,1.0809626579284668,,,,3.75,,,,,,,,,
19708000,4927,3.5,,1.0724104642868042,,,,3.5,,,,,,,,,
19712000,4928,3.75,,1.012277364730835,,,,3.75,,,,,,,,,
19716000,4929,3.625,,1.0731041431427002,,,,3.625,,,,,,,,,
19720000,4930,4.625,,1.037954330444336,,,,4.625,,,,,,,,,
19724000,4931,3.75,,1.0559113025665283,,,,3.75,,,,,,,,,
19728000,4932,4.125,,1.0067933797836304,,,,4.125,,,,,,,,,
19732000,4933,4.375,,1.0072416067123413,,,,4.375,,,,,,,,,
19736000,4934,3.5,,1.0428906679153442,,,,3.5,,,,,,,,,
19740000,4935,4.0,,1.048272728919983,,,,4.0,,,,,,,,,
19744000,4936,4.125,,1.029477596282959,,,,4.125,,,,,,,,,
19748000,4937,4.125,,1.0547187328338623,,,,4.125,,,,,,,,,
19752000,4938,4.5,,1.051128625869751,,,,4.5,,,,,,,,,
19756000,4939,4.375,,1.0520950555801392,,,,4.375,,,,,,,,,
19760000,4940,4.0,,1.0361559391021729,,,,4.0,,,,,,,,,
19764000,4941,4.375,,1.0576088428497314,,,,4.375,,,,,,,,,
19768000,4942,4.625,,1.0826116800308228,,,,4.625,,,,,,,,,
19772000,4943,3.875,,1.0205776691436768,,,,3.875,,,,,,,,,
19776000,4944,4.25,,1.0590729713439941,,,,4.25,,,,,,,,,
19780000,4945,3.625,,1.0696337223052979,,,,3.625,,,,,,,,,
19784000,4946,4.25,,1.085800051689148,,,,4.25,,,,,,,,,
19788000,4947,4.0,,1.0574324131011963,,,,4.0,,,,,,,,,
19792000,4948,3.75,,1.0394748449325562,,,,3.75,,,,,,,,,
19796000,4949,4.125,,1.0369648933410645,,,,4.125,,,,,,,,,
19800000,4950,3.75,,1.0614147186279297,,,,3.75,,,,,,,,,
19804000,4951,3.875,,1.0747381448745728,,,,3.875,,,,,,,,,
19808000,4952,4.0,,1.007423758506775,,,,4.0,,,,,,,,,
19812000,4953,4.0,,1.0541521310806274,,,,4.0,,,,,,,,,
19816000,4954,4.0,,1.0891549587249756,,,,4.0,,,,,,,,,
19820000,4955,3.25,,1.0679147243499756,,,,3.25,,,,,,,,,
19824000,4956,4.5,,1.0820459127426147,,,,4.5,,,,,,,,,
19828000,4957,4.25,,1.03444242477417,,,,4.25,,,,,,,,,
19832000,4958,4.125,,1.0298618078231812,,,,4.125,,,,,,,,,
19836000,4959,4.125,,1.081017255783081,,,,4.125,,,,,,,,,
19840000,4960,4.375,,1.078822135925293,,,,4.375,,,,,,,,,
19844000,4961,4.5,,1.0646648406982422,,,,4.5,,,,,,,,,
19848000,4962,4.25,,1.046724557876587,,,,4.25,,,,,,,,,
19852000,4963,4.625,,1.0520553588867188,,,,4.625,,,,,,,,,
19856000,4964,2.375,,1.0732518434524536,,,,2.375,,,,,,,,,
19860000,4965,3.25,,1.0686821937561035,,,,3.25,,,,,,,,,
19864000,4966,4.375,,1.020167589187622,,,,4.375,,,,,,,,,
19868000,4967,4.5,,1.0591093301773071,,,,4.5,,,,,,,,,
19872000,4968,4.25,,1.017707347869873,,,,4.25,,,,,,,,,
19876000,4969,4.25,,1.0318007469177246,,,,4.25,,,,,,,,,
19880000,4970,4.125,,1.0441217422485352,,,,4.125,,,,,,,,,
19884000,4971,3.5,,1.0813112258911133,,,,3.5,,,,,,,,,
19888000,4972,5.375,,1.0269137620925903,,,,5.375,,,,,,,,,
19892000,4973,3.5,,1.1313189268112183,,,,3.5,,,,,,,,,
19896000,4974,3.375,,1.0805938243865967,,,,3.375,,,,,,,,,
19900000,4975,3.125,,0.9999873042106628,,,,3.125,,,,,,,,,
19904000,4976,3.0,,1.001537799835205,,,,3.0,,,,,,,,,
19908000,4977,2.125,,1.0099798440933228,,,,2.125,,,,,,,,,
19912000,4978,2.625,,1.0648183822631836,,,,2.625,,,,,,,,,
19916000,4979,3.5,,1.0246061086654663,,,,3.5,,,,,,,,,
19920000,4980,3.625,,1.0561518669128418,,,,3.625,,,,,,,,,
19924000,4981,4.25,,1.0065395832061768,,,,4.25,,,,,,,,,
19928000,4982,4.375,,1.0481648445129395,,,,4.375,,,,,,,,,
19932000,4983,3.625,,1.0337927341461182,,,,3.625,,,,,,,,,
19936000,4984,3.0,,0.9725794792175293,,,,3.0,,,,,,,,,
19940000,4985,2.125,,1.0028371810913086,,,,2.125,,,,,,,,,
19944000,4986,3.75,,0.9644949436187744,,,,3.75,,,,,,,,,
19948000,4987,4.75,,1.0505397319793701,,,,4.75,,,,,,,,,
19952000,4988,3.625,,1.0035184621810913,,,,3.625,,,,,,,,,
19956000,4989,2.5,,1.0311212539672852,,,,2.5,,,,,,,,,
19960000,4990,4.5,,1.0322498083114624,,,,4.5,,,,,,,,,
19964000,4991,4.0,,1.044421911239624,,,,4.0,,,,,,,,,
19968000,4992,3.75,,0.9934011697769165,,,,3.75,,,,,,,,,
19972000,4993,2.75,,1.038233995437622,,,,2.75,,,,,,,,,
19976000,4994,3.75,,1.033982753753662,,,,3.75,,,,,,,,,
19980000,4995,4.375,,1.0367424488067627,,,,4.375,,,,,,,,,
19984000,4996,3.625,,1.0504870414733887,,,,3.625,,,,,,,,,
19988000,4997,2.875,,1.0304731130599976,,,,2.875,,,,,,,,,
19992000,4998,4.125,,1.0128884315490723,,,,4.125,,,,,,,,,
19996000,4999,2.75,,1.0236657857894897,,,,2.75,,,,,,,,,
20000000,5000,3.0,,0.9909575581550598,,,,3.0,,,,,,,,,
20004000,5001,3.75,,0.9838448762893677,,,,3.75,,,,,,,,,
20008000,5002,2.625,,0.9931156635284424,,,,2.625,,,,,,,,,
20012000,5003,3.375,,1.003004789352417,,,,3.375,,,,,,,,,
20016000,5004,4.25,,0.9686437845230103,,,,4.25,,,,,,,,,
20020000,5005,3.5,,1.0218214988708496,,,,3.5,,,,,,,,,
20024000,5006,4.25,,1.0118457078933716,,,,4.25,,,,,,,,,
20028000,5007,4.25,,0.9608228802680969,,,,4.25,,,,,,,,,
20032000,5008,3.375,,0.9756434559822083,,,,3.375,,,,,,,,,
20036000,5009,3.375,,1.0055928230285645,,,,3.375,,,,,,,,,
20040000,5010,3.625,,1.0421974658966064,,,,3.625,,,,,,,,,
20044000,5011,3.875,,1.0071020126342773,,,,3.875,,,,,,,,,
20048000,5012,3.875,,1.0228195190429688,,,,3.875,,,,,,,,,
20052000,5013,3.0,,1.0391122102737427,,,,3.0,,,,,,,,,
20056000,5014,4.25,,1.0108662843704224,,,,4.25,,,,,,,,,
20060000,5015,4.0,,1.079765796661377,,,,4.0,,,,,,,,,
20064000,5016,3.0,,1.0448625087738037,,,,3.0,,,,,,,,,
20068000,5017,4.75,,1.000497817993164,,,,4.75,,,,,,,,,
20072000,5018,4.5,,0.9890130758285522,,,,4.5,,,,,,,,,
20076000,5019,4.0,,1.004324197769165,,,,4.0,,,,,,,,,
20080000,5020,4.25,,0.9634193181991577,,,,4.25,,,,,,,,,
20084000,5021,4.125,,0.9903835654258728,,,,4.125,,,,,,,,,
20088000,5022,4.125,,0.984470546245575,,,,4.125,,,,,,,,,
20092000,5023,4.125,,1.018384337425232,,,,4.125,,,,,,,,,
20096000,5024,4.25,,1.0268813371658325,,,,4.25,,,,,,,,,
20100000,5025,4.75,,1.0227947235107422,,,,4.75,,,,,,,,,
20104000,5026,4.375,,1.0316112041473389,,,,4.375,,,,,,,,,
20108000,5027,3.875,,0.9688856601715088,,,,3.875,,,,,,,,,
20112000,5028,4.25,,0.9976810216903687,,,,4.25,,,,,,,,,
20116000,5029,4.375,,1.001913070678711,,,,4.375,,,,,,,,,
20120000,5030,4.125,,1.0056896209716797,,,,4.125,,,,,,,,,
20124000,5031,3.875,,1.0516895055770874,,,,3.875,,,,,,,,,
20128000,5032,4.25,,0.990841269493103,,,,4.25,,,,,,,,,
20132000,5033,3.375,,0.9896782636642456,,,,3.375,,,,,,,,,
20136000,5034,4.25,,1.048156976699829,,,,4.25,,,,,,,,,
20140000,5035,4.375,,1.0264135599136353,,,,4.375,,,,,,,,,
20144000,5036,2.875,,1.000329852104187,,,,2.875,,,,,,,,,
20148000,5037,4.25,,0.9978877305984497,,,,4.25,,,,,,,,,
20152000,5038,4.625,,1.0566045045852661,,,,4.625,,,,,,,,,
20156000,5039,4.125,,1.0468088388442993,,,,4.125,,,,,,,,,
20160000,5040,3.875,,1.0025887489318848,,,,3.875,,,,,,,,,
20164000,5041,4.875,,1.0237016677856445,,,,4.875,,,,,,,,,
20168000,5042,4.0,,1.040512204170227,,,,4.0,,,,,,,,,
20172000,5043,3.25,,0.9736657738685608,,,,3.25,,,,,,,,,
20176000,5044,3.625,,1.035783290863037,,,,3.625,,,,,,,,,
20180000,5045,4.125,,1.0278711318969727,,,,4.125,,,,,,,,,
20184000,5046,3.5,,1.0560221672058105,,,,3.5,,,,,,,,,
20188000,5047,4.125,,1.0120878219604492,,,,4.125,,,,,,,,,
20192000,5048,3.875,,1.0931241512298584,,,,3.875,,,,,,,,,
20196000,5049,4.125,,1.024378776550293,,,,4.125,,,,,,,,,
20200000,5050,3.0,,1.0023516416549683,,,,3.0,,,,,,,,,
20204000,5051,4.75,,0.9900692105293274,,,,4.75,,,,,,,,,
20208000,5052,4.25,,1.0042877197265625,,,,4.25,,,,,,,,,
20212000,5053,3.25,,1.0113935470581055,,,,3.25,,,,,,,,,
20216000,5054,3.0,,0.9919962286949158,,,,3.0,,,,,,,,,
20220000,5055,4.75,,1.0715237855911255,,,,4.75,,,,,,,,,
20224000,5056,4.375,,1.011012077331543,,,,4.375,,,,,,,,,
20228000,5057,3.25,,1.0089774131774902,,,,3.25,,,,,,,,,
20232000,5058,4.25,,0.9777944684028625,,,,4.25,,,,,,,,,
20236000,5059,4.5,,1.052959680557251,,,,4.5,,,,,,,,,
20240000,5060,3.875,,1.0177013874053955,,,,3.875,,,,,,,,,
20244000,5061,4.25,,1.007466435432434,,,,4.25,,,,,,,,,
20248000,5062,4.0,,1.019758939743042,,,,4.0,,,,,,,,,
20252000,5063,4.625,,1.0369371175765991,,,,4.625,,,,,,,,,
20256000,5064,4.375,,1.0444406270980835,,,,4.375,,,,,,,,,
20260000,5065,4.25,,1.0291800498962402,,,,4.25,,,,,,,,,
20264000,5066,3.875,,1.0605801343917847,,,,3.875,,,,,,,,,
20268000,5067,3.75,,1.00343918800354,,,,3.75,,,,,,,,,
20272000,5068,3.375,,1.0346888303756714,,,,3.375,,,,,,,,,
20276000,5069,4.5,,1.0190705060958862,,,,4.5,,,,,,,,,
20280000,5070,3.25,,0.9901942014694214,,,,3.25,,,,,,,,,
20284000,5071,4.375,,1.028743028640747,,,,4.375,,,,,,,,,
20288000,5072,4.875,,1.0205535888671875,,,,4.875,,,,,,,,,
20292000,5073,4.0,,1.007724404335022,,,,4.0,,,,,,,,,
20296000,5074,3.25,,1.0047075748443604,,,,3.25,,,,,,,,,
20300000,5075,3.375,,1.0395030975341797,,,,3.375,,,,,,,,,
20304000,5076,4.25,,1.04705810546875,,,,4.25,,,,,,,,,
20308000,5077,3.625,,1.0408623218536377,,,,3.625,,,,,,,,,
20312000,5078,4.375,,1.0206965208053589,,,,4.375,,,,,,,,,
20316000,5079,4.375,,1.0676586627960205,,,,4.375,,,,,,,,,
20320000,5080,3.75,,0.9709192514419556,,,,3.75,,,,,,,,,
20324000,5081,4.5,,1.0842421054840088,,,,4.5,,,,,,,,,
20328000,5082,4.25,,1.0056571960449219,,,,4.25,,,,,,,,,
20332000,5083,4.125,,0.9958900809288025,,,,4.125,,,,,,,,,
20336000,5084,4.375,,1.0444284677505493,,,,4.375,,,,,,,,,
20340000,5085,4.0,,1.0165306329727173,,,,4.0,,,,,,,,,
20344000,5086,4.375,,1.0375475883483887,,,,4.375,,,,,,,,,
20348000,5087,4.5,,1.0600152015686035,,,,4.5,,,,,,,,,
20352000,5088,4.375,,1.0424413681030273,,,,4.375,,,,,,,,,
20356000,5089,4.75,,1.0095841884613037,,,,4.75,,,,,,,,,
20360000,5090,2.75,,1.001424789428711,,,,2.75,,,,,,,,,
20364000,5091,4.25,,1.0293415784835815,,,,4.25,,,,,,,,,
20368000,5092,4.0,,0.9985367059707642,,,,4.0,,,,,,,,,
20372000,5093,4.375,,1.0332200527191162,,,,4.375,,,,,,,,,
20376000,5094,4.5,,1.0225558280944824,,,,4.5,,,,,,,,,
20380000,5095,4.25,,1.0106028318405151,,,,4.25,,,,,,,,,
20384000,5096,4.5,,1.0071594715118408,,,,4.5,,,,,,,,,
20388000,5097,4.375,,1.04378080368042,,,,4.375,,,,,,,,,
20392000,5098,4.0,,1.0144821405410767,,,,4.0,,,,,,,,,
20396000,5099,4.5,,1.0036183595657349,,,,4.5,,,,,,,,,
20400000,5100,4.375,,1.0559844970703125,,,,4.375,,,,,,,,,
20404000,5101,4.375,,1.0957119464874268,,,,4.375,,,,,,,,,
20408000,5102,4.125,,1.05706787109375,,,,4.125,,,,,,,,,
20412000,5103,4.875,,1.0437580347061157,,,,4.875,,,,,,,,,
20416000,5104,4.125,,1.054018497467041,,,,4.125,,,,,,,,,
20420000,5105,4.75,,1.0949231386184692,,,,4.75,,,,,,,,,
20424000,5106,3.375,,1.0472993850708008,,,,3.375,,,,,,,,,
20428000,5107,4.625,,1.0446829795837402,,,,4.625,,,,,,,,,
20432000,5108,4.25,,1.0458651781082153,,,,4.25,,,,,,,,,
20436000,5109,4.375,,1.0646677017211914,,,,4.375,,,,,,,,,
20440000,5110,4.375,,1.0041236877441406,,,,4.375,,,,,,,,,
20444000,5111,4.75,,1.0797176361083984,,,,4.75,,,,,,,,,
20448000,5112,4.375,,1.0703285932540894,,,,4.375,,,,,,,,,
20452000,5113,4.25,,1.0774431228637695,,,,4.25,,,,,,,,,
20456000,5114,4.125,,1.0697461366653442,,,,4.125,,,,,,,,,
20460000,5115,3.375,,1.0646443367004395,,,,3.375,,,,,,,,,
20464000,5116,4.625,,1.0642850399017334,,,,4.625,,,,,,,,,
20468000,5117,3.875,,1.0899722576141357,,,,3.875,,,,,,,,,
20472000,5118,4.0,,1.0498433113098145,,,,4.0,,,,,,,,,
20476000,5119,4.375,,1.085846185684204,,,,4.375,,,,,,,,,
20480000,5120,4.375,,1.0526235103607178,,,,4.375,,,,,,,,,
20484000,5121,5.0,,1.1061540842056274,,,,5.0,,,,,,,,,
20488000,5122,5.0,,1.057478904724121,,,,5.0,,,,,,,,,
20492000,5123,3.625,,1.044579029083252,,,,3.625,,,,,,,,,
20496000,5124,4.5,,1.1025407314300537,,,,4.5,,,,,,,,,
20500000,5125,2.875,,1.0957114696502686,,,,2.875,,,,,,,,,
20504000,5126,4.125,,1.0882182121276855,,,,4.125,,,,,,,,,
20508000,5127,4.25,,1.0459153652191162,,,,4.25,,,,,,,,,
20512000,5128,3.875,,1.0743310451507568,,,,3.875,,,,,,,,,
20516000,5129,4.875,,1.085927963256836,,,,4.875,,,,,,,,,
20520000,5130,2.125,,1.084315538406372,,,,2.125,,,,,,,,,
20524000,5131,5.25,,1.1018091440200806,,,,5.25,,,,,,,,,
20528000,5132,3.25,,1.0860927104949951,,,,3.25,,,,,,,,,
20532000,5133,3.625,,1.0313043594360352,,,,3.625,,,,,,,,,
20536000,5134,4.625,,1.120524525642395,,,,4.625,,,,,,,,,
20540000,5135,4.375,,1.0908539295196533,,,,4.375,,,,,,,,,
20544000,5136,4.125,,1.1262123584747314,,,,4.125,,,,,,,,,
20548000,5137,4.5,,1.08854341506958,,,,4.5,,,,,,,,,
20552000,5138,3.875,,1.0846235752105713,,,,3.875,,,,,,,,,
20556000,5139,3.75,,1.103558897972107,,,,3.75,,,,,,,,,
20560000,5140,3.875,,1.0974445343017578,,,,3.875,,,,,,,,,
20564000,5141,3.5,,1.0733097791671753,,,,3.5,,,,,,,,,
20568000,5142,4.0,,1.0707674026489258,,,,4.0,,,,,,,,,
20572000,5143,3.75,,1.0688986778259277,,,,3.75,,,,,,,,,
20576000,5144,4.5,,1.100454568862915,,,,4.5,,,,,,,,,
20580000,5145,3.875,,1.075815200805664,,,,3.875,,,,,,,,,
20584000,5146,3.5,,1.060445785522461,,,,3.5,,,,,,,,,
20588000,5147,4.125,,1.0842926502227783,,,,4.125,,,,,,,,,
20592000,5148,3.875,,1.0686910152435303,,,,3.875,,,,,,,,,
20596000,5149,3.375,,1.0900793075561523,,,,3.375,,,,,,,,,
20600000,5150,4.5,,1.0305309295654297,,,,4.5,,,,,,,,,
20604000,5151,4.5,,1.0835075378417969,,,,4.5,,,,,,,,,
20608000,5152,3.5,,1.0441795587539673,,,,3.5,,,,,,,,,
20612000,5153,4.0,,1.14839768409729,,,,4.0,,,,,,,,,
20616000,5154,4.0,,1.098699688911438,,,,4.0,,,,,,,,,
20620000,5155,3.5,,1.10325026512146,,,,3.5,,,,,,,,,
20624000,5156,2.875,,1.0474600791931152,,,,2.875,,,,,,,,,
20628000,5157,3.875,,1.0567172765731812,,,,3.875,,,,,,,,,
20632000,5158,3.875,,1.0863795280456543,,,,3.875,,,,,,,,,
20636000,5159,3.625,,1.0683064460754395,,,,3.625,,,,,,,,,
20640000,5160,5.0,,1.0615217685699463,,,,5.0,,,,,,,,,
20644000,5161,4.625,,1.0428457260131836,,,,4.625,,,,,,,,,
20648000,5162,4.0,,1.0483512878417969,,,,4.0,,,,,,,,,
20652000,5163,3.5,,1.074636697769165,,,,3.5,,,,,,,,,
20656000,5164,4.5,,1.052761197090149,,,,4.5,,,,,,,,,
20660000,5165,3.375,,1.0304409265518188,,,,3.375,,,,,,,,,
20664000,5166,4.125,,1.0871716737747192,,,,4.125,,,,,,,,,
20668000,5167,3.5,,1.0521235466003418,,,,3.5,,,,,,,,,
20672000,5168,4.125,,1.047001600265503,,,,4.125,,,,,,,,,
20676000,5169,3.25,,1.0830479860305786,,,,3.25,,,,,,,,,
20680000,5170,5.0,,1.0304075479507446,,,,5.0,,,,,,,,,
20684000,5171,3.75,,1.1001479625701904,,,,3.75,,,,,,,,,
20688000,5172,5.125,,1.0741755962371826,,,,5.125,,,,,,,,,
20692000,5173,4.375,,1.057946801185608,,,,4.375,,,,,,,,,
20696000,5174,5.25,,1.1168428659439087,,,,5.25,,,,,,,,,
20700000,5175,4.25,,1.0829440355300903,,,,4.25,,,,,,,,,
20704000,5176,4.75,,1.0060559511184692,,,,4.75,,,,,,,,,
20708000,5177,4.5,,1.0521981716156006,,,,4.5,,,,,,,,,
20712000,5178,4.625,,1.109968662261963,,,,4.625,,,,,,,,,
20716000,5179,4.375,,1.0461270809173584,,,,4.375,,,,,,,,,
20720000,5180,4.75,,1.02396559715271,,,,4.75,,,,,,,,,
20724000,5181,4.125,,1.1066299676895142,,,,4.125,,,,,,,,,
20728000,5182,4.375,,1.1249308586120605,,,,4.375,,,,,,,,,
20732000,5183,4.0,,1.0421470403671265,,,,4.0,,,,,,,,,
20736000,5184,4.75,,1.1169302463531494,,,,4.75,,,,,,,,,
20740000,5185,4.75,,1.082639217376709,,,,4.75,,,,,,,,,
20744000,5186,4.125,,1.1104440689086914,,,,4.125,,,,,,,,,
20748000,5187,5.25,,1.0537399053573608,,,,5.25,,,,,,,,,
20752000,5188,4.25,,1.1118841171264648,,,,4.25,,,,,,,,,
20756000,5189,4.75,,1.0571739673614502,,,,4.75,,,,,,,,,
20760000,5190,4.625,,1.0311996936798096,,,,4.625,,,,,,,,,
20764000,5191,4.375,,1.103968620300293,,,,4.375,,,,,,,,,
20768000,5192,4.125,,1.1168971061706543,,,,4.125,,,,,,,,,
20772000,5193,4.25,,1.0854581594467163,,,,4.25,,,,,,,,,
20776000,5194,4.25,,1.1321885585784912,,,,4.25,,,,,,,,,
20780000,5195,4.875,,1.0805007219314575,,,,4.875,,,,,,,,,
20784000,5196,4.0,,1.0551013946533203,,,,4.0,,,,,,,,,
20788000,5197,4.25,,1.1153572797775269,,,,4.25,,,,,,,,,
20792000,5198,5.0,,1.1353423595428467,,,,5.0,,,,,,,,,
20796000,5199,3.875,,1.0980336666107178,,,,3.875,,,,,,,,,
20800000,5200,4.625,,1.1133291721343994,,,,4.625,,,,,,,,,
20804000,5201,4.125,,1.1599643230438232,,,,4.125,,,,,,,,,
20808000,5202,4.125,,1.1657898426055908,,,,4.125,,,,,,,,,
20812000,5203,4.125,,1.0867855548858643,,,,4.125,,,,,,,,,
20816000,5204,4.625,,1.1373317241668701,,,,4.625,,,,,,,,,
20820000,5205,3.375,,1.076063871383667,,,,3.375,,,,,,,,,
20824000,5206,4.25,,1.1050224304199219,,,,4.25,,,,,,,,,
20828000,5207,4.0,,1.0884548425674438,,,,4.0,,,,,,,,,
20832000,5208,3.0,,1.1442959308624268,,,,3.0,,,,,,,,,
20836000,5209,4.125,,1.0900440216064453,,,,4.125,,,,,,,,,
20840000,5210,4.25,,1.121603012084961,,,,4.25,,,,,,,,,
20844000,5211,3.25,,1.1215977668762207,,,,3.25,,,,,,,,,
20848000,5212,4.0,,1.093418002128601,,,,4.0,,,,,,,,,
20852000,5213,4.75,,1.079540491104126,,,,4.75,,,,,,,,,
20856000,5214,4.375,,1.1054534912109375,,,,4.375,,,,,,,,,
20860000,5215,4.625,,1.1354408264160156,,,,4.625,,,,,,,,,
20864000,5216,4.0,,1.114372968673706,,,,4.0,,,,,,,,,
20868000,5217,4.125,,1.090062141418457,,,,4.125,,,,,,,,,
20872000,5218,4.875,,1.149271845817566,,,,4.875,,,,,,,,,
20876000,5219,4.625,,1.117976427078247,,,,4.625,,,,,,,,,
20880000,5220,4.25,,1.0300276279449463,,,,4.25,,,,,,,,,
20884000,5221,4.125,,1.0942882299423218,,,,4.125,,,,,,,,,
20888000,5222,5.0,,1.136108636856079,,,,5.0,,,,,,,,,
20892000,5223,4.25,,1.122616171836853,,,,4.25,,,,,,,,,
20896000,5224,4.625,,1.135123610496521,,,,4.625,,,,,,,,,
20900000,5225,4.25,,1.0491513013839722,,,,4.25,,,,,,,,,
20904000,5226,3.5,,1.1071304082870483,,,,3.5,,,,,,,,,
20908000,5227,3.625,,1.0818320512771606,,,,3.625,,,,,,,,,
20912000,5228,3.75,,1.1588499546051025,,,,3.75,,,,,,,,,
20916000,5229,3.75,,1.0634185075759888,,,,3.75,,,,,,,,,
20920000,5230,4.0,,1.1193355321884155,,,,4.0,,,,,,,,,
20924000,5231,4.0,,1.1194219589233398,,,,4.0,,,,,,,,,
20928000,5232,4.375,,1.123178243637085,,,,4.375,,,,,,,,,
20932000,5233,4.0,,1.0767816305160522,,,,4.0,,,,,,,,,
20936000,5234,3.75,,1.067093849182129,,,,3.75,,,,,,,,,
20940000,5235,4.625,,1.067994236946106,,,,4.625,,,,,,,,,
20944000,5236,3.25,,1.0999162197113037,,,,3.25,,,,,,,,,
20948000,5237,4.0,,1.1032707691192627,,,,4.0,,,,,,,,,
20952000,5238,3.75,,1.0675709247589111,,,,3.75,,,,,,,,,
20956000,5239,3.625,,1.0147099494934082,,,,3.625,,,,,,,,,
20960000,5240,4.5,,1.0986709594726562,,,,4.5,,,,,,,,,
20964000,5241,3.375,,1.0938117504119873,,,,3.375,,,,,,,,,
20968000,5242,4.625,,1.1647965908050537,,,,4.625,,,,,,,,,
20972000,5243,3.75,,1.0493249893188477,,,,3.75,,,,,,,,,
20976000,5244,4.125,,1.0431106090545654,,,,4.125,,,,,,,,,
20980000,5245,4.25,,1.0877645015716553,,,,4.25,,,,,,,,,
20984000,5246,3.5,,1.0617233514785767,,,,3.5,,,,,,,,,
20988000,5247,3.875,,1.115945816040039,,,,3.875,,,,,,,,,
20992000,5248,3.125,,1.1153982877731323,,,,3.125,,,,,,,,,
20996000,5249,4.0,,1.0945777893066406,,,,4.0,,,,,,,,,
21000000,5250,4.375,,1.0709021091461182,,,,4.375,,,,,,,,,
21004000,5251,3.75,,1.0478591918945312,,,,3.75,,,,,,,,,
21008000,5252,3.25,,1.0419766902923584,,,,3.25,,,,,,,,,
21012000,5253,3.875,,1.077688217163086,,,,3.875,,,,,,,,,
21016000,5254,4.25,,1.0443236827850342,,,,4.25,,,,,,,,,
21020000,5255,3.5,,1.1104881763458252,,,,3.5,,,,,,,,,
21024000,5256,3.125,,1.0657317638397217,,,,3.125,,,,,,,,,
21028000,5257,4.0,,1.0887348651885986,,,,4.0,,,,,,,,,
21032000,5258,3.0,,1.0556552410125732,,,,3.0,,,,,,,,,
21036000,5259,4.125,,1.0814515352249146,,,,4.125,,,,,,,,,
21040000,5260,3.875,,1.0715179443359375,,,,3.875,,,,,,,,,
21044000,5261,4.125,,1.0510717630386353,,,,4.125,,,,,,,,,
21048000,5262,3.0,,1.0760152339935303,,,,3.0,,,,,,,,,
21052000,5263,3.625,,1.051387071609497,,,,3.625,,,,,,,,,
21056000,5264,4.125,,1.0392179489135742,,,,4.125,,,,,,,,,
21060000,5265,3.875,,1.078589916229248,,,,3.875,,,,,,,,,
21064000,5266,3.5,,1.053653597831726,,,,3.5,,,,,,,,,
21068000,5267,3.625,,1.0985145568847656,,,,3.625,,,,,,,,,
21072000,5268,4.125,,1.046654224395752,,,,4.125,,,,,,,,,
21076000,5269,3.0,,1.0574384927749634,,,,3.0,,,,,,,,,
21080000,5270,3.25,,1.0761768817901611,,,,3.25,,,,,,,,,
21084000,5271,3.75,,1.013290286064148,,,,3.75,,,,,,,,,
21088000,5272,4.25,,1.0039690732955933,,,,4.25,,,,,,,,,
21092000,5273,3.0,,1.0728696584701538,,,,3.0,,,,,,,,,
21096000,5274,4.125,,1.053802251815796,,,,4.125,,,,,,,,,
21100000,5275,3.875,,1.0454052686691284,,,,3.875,,,,,,,,,
21104000,5276,4.5,,1.0342386960983276,,,,4.5,,,,,,,,,
21108000,5277,4.25,,1.0364679098129272,,,,4.25,,,,,,,,,
21112000,5278,4.75,,1.0217771530151367,,,,4.75,,,,,,,,,
21116000,5279,3.5,,1.063785195350647,,,,3.5,,,,,,,,,
21120000,5280,4.125,,1.0916557312011719,,,,4.125,,,,,,,,,
21124000,5281,4.25,,1.0671758651733398,,,,4.25,,,,,,,,,
21128000,5282,4.125,,1.0649523735046387,,,,4.125,,,,,,,,,
21132000,5283,3.375,,1.0922683477401733,,,,3.375,,,,,,,,,
21136000,5284,4.125,,1.0602715015411377,,,,4.125,,,,,,,,,
21140000,5285,4.125,,1.083457350730896,,,,4.125,,,,,,,,,
21144000,5286,3.75,,1.1008937358856201,,,,3.75,,,,,,,,,
21148000,5287,4.25,,1.1115585565567017,,,,4.25,,,,,,,,,
21152000,5288,4.25,,1.0420218706130981,,,,4.25,,,,,,,,,
21156000,5289,4.125,,1.0892376899719238,,,,4.125,,,,,,,,,
21160000,5290,3.375,,1.0153230428695679,,,,3.375,,,,,,,,,
21164000,5291,3.875,,1.1039743423461914,,,,3.875,,,,,,,,,
21168000,5292,4.25,,1.0882680416107178,,,,4.25,,,,,,,,,
21172000,5293,4.125,,1.0496491193771362,,,,4.125,,,,,,,,,
21176000,5294,4.25,,1.0842866897583008,,,,4.25,,,,,,,,,
21180000,5295,3.75,,1.0668702125549316,,,,3.75,,,,,,,,,
21184000,5296,3.0,,1.1053204536437988,,,,3.0,,,,,,,,,
21188000,5297,3.625,,1.0628836154937744,,,,3.625,,,,,,,,,
21192000,5298,4.0,,1.0694324970245361,,,,4.0,,,,,,,,,
21196000,5299,3.875,,1.031899094581604,,,,3.875,,,,,,,,,
21200000,5300,3.125,,1.0337893962860107,,,,3.125,,,,,,,,,
21204000,5301,3.875,,1.062802791595459,,,,3.875,,,,,,,,,
21208000,5302,4.0,,1.0297045707702637,,,,4.0,,,,,,,,,
21212000,5303,4.125,,1.021164059638977,,,,4.125,,,,,,,,,
21216000,5304,3.625,,1.040658712387085,,,,3.625,,,,,,,,,
21220000,5305,3.25,,1.031958818435669,,,,3.25,,,,,,,,,
21224000,5306,3.625,,1.011479377746582,,,,3.625,,,,,,,,,
21228000,5307,4.125,,1.0175142288208008,,,,4.125,,,,,,,,,
21232000,5308,4.75,,1.0388805866241455,,,,4.75,,,,,,,,,
21236000,5309,4.0,,1.0882024765014648,,,,4.0,,,,,,,,,
21240000,5310,4.25,,1.00949227809906,,,,4.25,,,,,,,,,
21244000,5311,3.375,,1.0374741554260254,,,,3.375,,,,,,,,,
21248000,5312,3.75,,1.0044163465499878,,,,3.75,,,,,,,,,
21252000,5313,4.0,,0.9771943092346191,,,,4.0,,,,,,,,,
21256000,5314,4.125,,1.0630583763122559,,,,4.125,,,,,,,,,
21260000,5315,3.75,,1.0155752897262573,,,,3.75,,,,,,,,,
21264000,5316,3.875,,0.9894125461578369,,,,3.875,,,,,,,,,
21268000,5317,3.125,,1.0554778575897217,,,,3.125,,,,,,,,,
21272000,5318,3.875,,1.0559608936309814,,,,3.875,,,,,,,,,
21276000,5319,3.25,,1.013845682144165,,,,3.25,,,,,,,,,
21280000,5320,3.25,,1.040727138519287,,,,3.25,,,,,,,,,
21284000,5321,4.125,,0.9970874786376953,,,,4.125,,,,,,,,,
21288000,5322,4.625,,1.0082831382751465,,,,4.625,,,,,,,,,
21292000,5323,3.5,,1.0037286281585693,,,,3.5,,,,,,,,,
21296000,5324,4.125,,0.9961913824081421,,,,4.125,,,,,,,,,
21300000,5325,3.875,,1.0162513256072998,,,,3.875,,,,,,,,,
21304000,5326,3.75,,1.0146563053131104,,,,3.75,,,,,,,,,
21308000,5327,4.25,,1.0232975482940674,,,,4.25,,,,,,,,,
21312000,5328,3.25,,1.0171356201171875,,,,3.25,,,,,,,,,
21316000,5329,4.125,,1.0864589214324951,,,,4.125,,,,,,,,,
21320000,5330,4.25,,0.9866682887077332,,,,4.25,,,,,,,,,
21324000,5331,4.375,,1.0136125087738037,,,,4.375,,,,,,,,,
21328000,5332,4.375,,0.9254764914512634,,,,4.375,,,,,,,,,
21332000,5333,4.0,,1.0230079889297485,,,,4.0,,,,,,,,,
21336000,5334,3.75,,1.0523338317871094,,,,3.75,,,,,,,,,
21340000,5335,4.25,,0.9670515060424805,,,,4.25,,,,,,,,,
21344000,5336,3.75,,0.9731566905975342,,,,3.75,,,,,,,,,
21348000,5337,4.625,,1.0073243379592896,,,,4.625,,,,,,,,,
21352000,5338,3.875,,1.0200510025024414,,,,3.875,,,,,,,,,
21356000,5339,3.5,,1.0285670757293701,,,,3.5,,,,,,,,,
21360000,5340,4.125,,0.9861849546432495,,,,4.125,,,,,,,,,
21364000,5341,3.375,,1.010040044784546,,,,3.375,,,,,,,,,
21368000,5342,3.375,,1.003415584564209,,,,3.375,,,,,,,,,
21372000,5343,2.5,,1.009446144104004,,,,2.5,,,,,,,,,
21376000,5344,3.875,,0.995466947555542,,,,3.875,,,,,,,,,
21380000,5345,3.875,,1.043756127357483,,,,3.875,,,,,,,,,
21384000,5346,3.875,,0.9688160419464111,,,,3.875,,,,,,,,,
21388000,5347,4.25,,0.982576847076416,,,,4.25,,,,,,,,,
21392000,5348,3.25,,0.9757654070854187,,,,3.25,,,,,,,,,
21396000,5349,4.125,,0.9987950325012207,,,,4.125,,,,,,,,,
21400000,5350,4.125,,1.0175658464431763,,,,4.125,,,,,,,,,
21404000,5351,4.125,,0.9788630604743958,,,,4.125,,,,,,,,,
21408000,5352,3.375,,1.0109848976135254,,,,3.375,,,,,,,,,
21412000,5353,4.125,,1.0571999549865723,,,,4.125,,,,,,,,,
21416000,5354,3.625,,0.9756913781166077,,,,3.625,,,,,,,,,
21420000,5355,4.375,,0.9625215530395508,,,,4.375,,,,,,,,,
21424000,5356,4.0,,1.0323460102081299,,,,4.0,,,,,,,,,
21428000,5357,4.375,,0.9888954162597656,,,,4.375,,,,,,,,,
21432000,5358,4.375,,0.9902358055114746,,,,4.375,,,,,,,,,
21436000,5359,4.5,,0.9815168380737305,,,,4.5,,,,,,,,,
21440000,5360,4.125,,1.0447720289230347,,,,4.125,,,,,,,,,
21444000,5361,4.5,,1.012873649597168,,,,4.5,,,,,,,,,
21448000,5362,3.75,,0.9822754859924316,,,,3.75,,,,,,,,,
21452000,5363,4.25,,0.9753152132034302,,,,4.25,,,,,,,,,
21456000,5364,4.0,,1.0095407962799072,,,,4.0,,,,,,,,,
21460000,5365,4.125,,1.0305430889129639,,,,4.125,,,,,,,,,
21464000,5366,4.0,,0.9906086921691895,,,,4.0,,,,,,,,,
21468000,5367,4.875,,0.9329178333282471,,,,4.875,,,,,,,,,
21472000,5368,4.25,,0.9907781481742859,,,,4.25,,,,,,,,,
21476000,5369,3.875,,0.9779750108718872,,,,3.875,,,,,,,,,
21480000,5370,4.125,,0.9580954313278198,,,,4.125,,,,,,,,,
21484000,5371,4.25,,0.9847795367240906,,,,4.25,,,,,,,,,
21488000,5372,4.125,,0.998552680015564,,,,4.125,,,,,,,,,
21492000,5373,3.625,,1.0323536396026611,,,,3.625,,,,,,,,,
21496000,5374,3.75,,0.9761208295822144,,,,3.75,,,,,,,,,
21500000,5375,4.125,,0.9972529411315918,,,,4.125,,,,,,,,,
21504000,5376,3.875,,0.9603617191314697,,,,3.875,,,,,,,,,
21508000,5377,3.75,,0.9799857139587402,,,,3.75,,,,,,,,,
21512000,5378,3.75,,1.0302469730377197,,,,3.75,,,,,,,,,
21516000,5379,3.875,,0.9469451904296875,,,,3.875,,,,,,,,,
21520000,5380,4.5,,0.9821966886520386,,,,4.5,,,,,,,,,
21524000,5381,3.875,,0.9748021364212036,,,,3.875,,,,,,,,,
21528000,5382,3.75,,0.9736566543579102,,,,3.75,,,,,,,,,
21532000,5383,4.375,,1.005510926246643,,,,4.375,,,,,,,,,
21536000,5384,4.625,,1.003997564315796,,,,4.625,,,,,,,,,
21540000,5385,3.75,,0.9853265285491943,,,,3.75,,,,,,,,,
21544000,5386,4.125,,1.0221409797668457,,,,4.125,,,,,,,,,
21548000,5387,4.375,,0.9879312515258789,,,,4.375,,,,,,,,,
21552000,5388,5.125,,1.0206724405288696,,,,5.125,,,,,,,,,
21556000,5389,4.125,,0.9585910439491272,,,,4.125,,,,,,,,,
21560000,5390,3.875,,1.0376603603363037,,,,3.875,,,,,,,,,
21564000,5391,4.125,,1.0210356712341309,,,,4.125,,,,,,,,,
21568000,5392,4.375,,1.00040864944458,,,,4.375,,,,,,,,,
21572000,5393,4.625,,1.05120849609375,,,,4.625,,,,,,,,,
21576000,5394,4.375,,0.9780721664428711,,,,4.375,,,,,,,,,
21580000,5395,4.625,,1.021098256111145,,,,4.625,,,,,,,,,
21584000,5396,4.25,,1.065422534942627,,,,4.25,,,,,,,,,
21588000,5397,4.5,,1.0125575065612793,,,,4.5,,,,,,,,,
21592000,5398,4.0,,1.0190691947937012,,,,4.0,,,,,,,,,
21596000,5399,4.5,,1.0204614400863647,,,,4.5,,,,,,,,,
21600000,5400,4.5,,1.0405616760253906,,,,4.5,,,,,,,,,
21604000,5401,4.25,,0.9839895367622375,,,,4.25,,,,,,,,,
21608000,5402,4.125,,1.0471007823944092,,,,4.125,,,,,,,,,
21612000,5403,4.0,,1.0422857999801636,,,,4.0,,,,,,,,,
21616000,5404,4.25,,1.030968427658081,,,,4.25,,,,,,,,,
21620000,5405,4.375,,1.0506772994995117,,,,4.375,,,,,,,,,
21624000,5406,4.125,,1.0961418151855469,,,,4.125,,,,,,,,,
21628000,5407,3.875,,0.9778525829315186,,,,3.875,,,,,,,,,
21632000,5408,4.25,,0.991946816444397,,,,4.25,,,,,,,,,
21636000,5409,3.25,,1.0414485931396484,,,,3.25,,,,,,,,,
21640000,5410,3.625,,0.9974991083145142,,,,3.625,,,,,,,,,
21644000,5411,4.0,,1.0290756225585938,,,,4.0,,,,,,,,,
21648000,5412,3.75,,1.1141912937164307,,,,3.75,,,,,,,,,
21652000,5413,4.25,,1.023380994796753,,,,4.25,,,,,,,,,
21656000,5414,4.125,,1.0292866230010986,,,,4.125,,,,,,,,,
21660000,5415,4.125,,1.0201382637023926,,,,4.125,,,,,,,,,
21664000,5416,4.25,,1.022379755973816,,,,4.25,,,,,,,,,
21668000,5417,4.25,,1.022850751876831,,,,4.25,,,,,,,,,
21672000,5418,4.25,,0.9712836146354675,,,,4.25,,,,,,,,,
21676000,5419,4.25,,1.036316990852356,,,,4.25,,,,,,,,,
21680000,5420,4.5,,0.9927318096160889,,,,4.5,,,,,,,,,
21684000,5421,4.25,,1.0347791910171509,,,,4.25,,,,,,,,,
21688000,5422,4.125,,0.9802455902099609,,,,4.125,,,,,,,,,
21692000,5423,3.375,,1.0444411039352417,,,,3.375,,,,,,,,,
21696000,5424,3.75,,1.055970549583435,,,,3.75,,,,,,,,,
21700000,5425,4.75,,1.079378366470337,,,,4.75,,,,,,,,,
21704000,5426,4.375,,1.029820203781128,,,,4.375,,,,,,,,,
21708000,5427,3.75,,1.0642896890640259,,,,3.75,,,,,,,,,
21712000,5428,4.25,,0.9995077252388,,,,4.25,,,,,,,,,
21716000,5429,4.25,,1.0370920896530151,,,,4.25,,,,,,,,,
21720000,5430,4.625,,1.0489259958267212,,,,4.625,,,,,,,,,
21724000,5431,3.875,,1.066033124923706,,,,3.875,,,,,,,,,
21728000,5432,4.125,,1.0280780792236328,,,,4.125,,,,,,,,,
21732000,5433,4.75,,1.040632963180542,,,,4.75,,,,,,,,,
21736000,5434,4.125,,1.0366120338439941,,,,4.125,,,,,,,,,
21740000,5435,4.125,,1.0413000583648682,,,,4.125,,,,,,,,,
21744000,5436,4.5,,1.021801233291626,,,,4.5,,,,,,,,,
21748000,5437,4.5,,1.0255873203277588,,,,4.5,,,,,,,,,
21752000,5438,5.25,,1.035688877105713,,,,5.25,,,,,,,,,
21756000,5439,4.375,,1.0638093948364258,,,,4.375,,,,,,,,,
21760000,5440,4.375,,0.992605984210968,,,,4.375,,,,,,,,,
21764000,5441,4.375,,1.1011582612991333,,,,4.375,,,,,,,,,
21768000,5442,4.25,,1.0602085590362549,,,,4.25,,,,,,,,,
21772000,5443,4.0,,1.025127649307251,,,,4.0,,,,,,,,,
21776000,5444,4.125,,1.0105047225952148,,,,4.125,,,,,,,,,
21780000,5445,3.875,,1.0856006145477295,,,,3.875,,,,,,,,,
21784000,5446,4.375,,1.0779768228530884,,,,4.375,,,,,,,,,
21788000,5447,3.25,,1.0573042631149292,,,,3.25,,,,,,,,,
21792000,5448,4.0,,1.0390350818634033,,,,4.0,,,,,,,,,
21796000,5449,4.25,,1.0327990055084229,,,,4.25,,,,,,,,,
21800000,5450,3.625,,1.0361497402191162,,,,3.625,,,,,,,,,
21804000,5451,4.0,,1.036208152770996,,,,4.0,,,,,,,,,
21808000,5452,4.125,,1.0478620529174805,,,,4.125,,,,,,,,,
21812000,5453,2.75,,1.0887178182601929,,,,2.75,,,,,,,,,
21816000,5454,4.0,,1.048311710357666,,,,4.0,,,,,,,,,
21820000,5455,4.0,,1.0497498512268066,,,,4.0,,,,,,,,,
21824000,5456,3.25,,0.982942521572113,,,,3.25,,,,,,,,,
21828000,5457,4.25,,1.0557405948638916,,,,4.25,,,,,,,,,
21832000,5458,2.875,,1.0158164501190186,,,,2.875,,,,,,,,,
21836000,5459,2.375,,0.9838902950286865,,,,2.375,,,,,,,,,
21840000,5460,3.875,,1.0455210208892822,,,,3.875,,,,,,,,,
21844000,5461,3.5,,1.0208994150161743,,,,3.5,,,,,,,,,
21848000,5462,3.875,,1.003167986869812,,,,3.875,,,,,,,,,
21852000,5463,4.0,,1.02493155002594,,,,4.0,,,,,,,,,
21856000,5464,3.375,,1.0255190134048462,,,,3.375,,,,,,,,,
21860000,5465,2.125,,1.0105539560317993,,,,2.125,,,,,,,,,
21864000,5466,4.0,,1.0310723781585693,,,,4.0,,,,,,,,,
21868000,5467,3.75,,1.0207326412200928,,,,3.75,,,,,,,,,
21872000,5468,3.5,,1.0035289525985718,,,,3.5,,,,,,,,,
21876000,5469,4.0,,0.9799818992614746,,,,4.0,,,,,,,,,
21880000,5470,3.75,,1.0333294868469238,,,,3.75,,,,,,,,,
21884000,5471,4.375,,1.0162080526351929,,,,4.375,,,,,,,,,
21888000,5472,4.0,,1.0373852252960205,,,,4.0,,,,,,,,,
21892000,5473,4.375,,1.0133376121520996,,,,4.375,,,,,,,,,
21896000,5474,3.625,,1.0625247955322266,,,,3.625,,,,,,,,,
21900000,5475,4.25,,1.0161216259002686,,,,4.25,,,,,,,,,
21904000,5476,3.375,,1.0423009395599365,,,,3.375,,,,,,,,,
21908000,5477,4.375,,1.0514353513717651,,,,4.375,,,,,,,,,
21912000,5478,4.0,,0.9984884262084961,,,,4.0,,,,,,,,,
21916000,5479,3.75,,1.0467569828033447,,,,3.75,,,,,,,,,
21920000,5480,4.5,,1.0148495435714722,,,,4.5,,,,,,,,,
21924000,5481,3.625,,1.0844841003417969,,,,3.625,,,,,,,,,
21928000,5482,3.25,,1.0475471019744873,,,,3.25,,,,,,,,,
21932000,5483,3.875,,0.9947664737701416,,,,3.875,,,,,,,,,
21936000,5484,3.375,,0.9983075857162476,,,,3.375,,,,,,,,,
21940000,5485,2.75,,1.0562207698822021,,,,2.75,,,,,,,,,
21944000,5486,3.75,,0.999125599861145,,,,3.75,,,,,,,,,
21948000,5487,4.25,,1.0801444053649902,,,,4.25,,,,,,,,,
21952000,5488,2.875,,1.0361623764038086,,,,2.875,,,,,,,,,
21956000,5489,4.125,,1.0708093643188477,,,,4.125,,,,,,,,,
21960000,5490,3.875,,0.9850161075592041,,,,3.875,,,,,,,,,
21964000,5491,4.25,,0.9895181059837341,,,,4.25,,,,,,,,,
21968000,5492,4.875,,1.0501971244812012,,,,4.875,,,,,,,,,
21972000,5493,3.125,,1.023475170135498,,,,3.125,,,,,,,,,
21976000,5494,3.125,,0.9640742540359497,,,,3.125,,,,,,,,,
21980000,5495,2.75,,1.0417137145996094,,,,2.75,,,,,,,,,
21984000,5496,3.75,,1.0286130905151367,,,,3.75,,,,,,,,,
21988000,5497,3.125,,1.0093308687210083,,,,3.125,,,,,,,,,
21992000,5498,4.375,,0.9815589189529419,,,,4.375,,,,,,,,,
21996000,5499,3.25,,1.0066684484481812,,,,3.25,,,,,,,,,
22000000,5500,3.5,,0.9680874347686768,,,,3.5,,,,,,,,,
22004000,5501,4.125,,1.0023666620254517,,,,4.125,,,,,,,,,
22008000,5502,4.0,,1.0098116397857666,,,,4.0,,,,,,,,,
22012000,5503,3.625,,1.0057282447814941,,,,3.625,,,,,,,,,
22016000,5504,3.875,,0.9903110265731812,,,,3.875,,,,,,,,,
22020000,5505,3.875,,0.9638510942459106,,,,3.875,,,,,,,,,
22024000,5506,3.0,,0.9920021295547485,,,,3.0,,,,,,,,,
22028000,5507,4.25,,0.963809072971344,,,,4.25,,,,,,,,,
22032000,5508,4.0,,1.003957748413086,,,,4.0,,,,,,,,,
22036000,5509,3.5,,1.0390405654907227,,,,3.5,,,,,,,,,
22040000,5510,4.125,,1.0195791721343994,,,,4.125,,,,,,,,,
22044000,5511,3.875,,0.9942817687988281,,,,3.875,,,,,,,,,
22048000,5512,4.5,,1.0163546800613403,,,,4.5,,,,,,,,,
22052000,5513,3.5,,1.018507957458496,,,,3.5,,,,,,,,,
22056000,5514,4.0,,0.969234049320221,,,,4.0,,,,,,,,,
22060000,5515,4.125,,1.0017919540405273,,,,4.125,,,,,,,,,
22064000,5516,1.25,,0.9874770641326904,,,,1.25,,,,,,,,,
22068000,5517,3.375,,0.9721957445144653,,,,3.375,,,,,,,,,
22072000,5518,4.375,,1.0229432582855225,,,,4.375,,,,,,,,,
22076000,5519,3.375,,1.0293344259262085,,,,3.375,,,,,,,,,
22080000,5520,3.5,,0.937004804611206,,,,3.5,,,,,,,,,
22084000,5521,4.25,,0.984865665435791,,,,4.25,,,,,,,,,
22088000,5522,3.125,,0.9831383228302002,,,,3.125,,,,,,,,,
22092000,5523,3.5,,0.9325729608535767,,,,3.5,,,,,,,,,
22096000,5524,4.375,,0.9583551287651062,,,,4.375,,,,,,,,,
22100000,5525,3.75,,0.9893175363540649,,,,3.75,,,,,,,,,
22104000,5526,3.875,,1.0447986125946045,,,,3.875,,,,,,,,,
22108000,5527,4.125,,0.9587607383728027,,,,4.125,,,,,,,,,
22112000,5528,3.625,,0.9758636355400085,,,,3.625,,,,,,,,,
22116000,5529,4.375,,0.9654412865638733,,,,4.375,,,,,,,,,
22120000,5530,4.125,,1.0015230178833008,,,,4.125,,,,,,,,,
22124000,5531,3.5,,0.9890652298927307,,,,3.5,,,,,,,,,
22128000,5532,3.875,,0.9763377904891968,,,,3.875,,,,,,,,,
22132000,5533,3.875,,0.9834612607955933,,,,3.875,,,,,,,,,
22136000,5534,4.0,,0.9589530825614929,,,,4.0,,,,,,,,,
22140000,5535,4.5,,0.9767796993255615,,,,4.5,,,,,,,,,
22144000,5536,4.125,,0.9704328775405884,,,,4.125,,,,,,,,,
22148000,5537,3.875,,0.9689645767211914,,,,3.875,,,,,,,,,
22152000,5538,4.625,,1.0021886825561523,,,,4.625,,,,,,,,,
22156000,5539,4.125,,0.9575189352035522,,,,4.125,,,,,,,,,
22160000,5540,4.125,,0.999545693397522,,,,4.125,,,,,,,,,
22164000,5541,4.125,,0.9566503763198853,,,,4.125,,,,,,,,,
22168000,5542,3.625,,0.9641085267066956,,,,3.625,,,,,,,,,
22172000,5543,3.5,,0.9706794023513794,,,,3.5,,,,,,,,,
22176000,5544,4.625,,1.0249305963516235,,,,4.625,,,,,,,,,
22180000,5545,4.125,,0.9422623515129089,,,,4.125,,,,,,,,,
22184000,5546,4.125,,0.9184930324554443,,,,4.125,,,,,,,,,
22188000,5547,3.625,,0.9782286286354065,,,,3.625,,,,,,,,,
22192000,5548,4.125,,0.9738204479217529,,,,4.125,,,,,,,,,
22196000,5549,4.5,,0.96485435962677,,,,4.5,,,,,,,,,
22200000,5550,4.125,,0.933850884437561,,,,4.125,,,,,,,,,
22204000,5551,3.375,,0.948721706867218,,,,3.375,,,,,,,,,
22208000,5552,4.625,,0.9871110320091248,,,,4.625,,,,,,,,,
22212000,5553,4.25,,0.9342173337936401,,,,4.25,,,,,,,,,
22216000,5554,4.375,,0.9679144620895386,,,,4.375,,,,,,,,,
22220000,5555,4.0,,0.9772736430168152,,,,4.0,,,,,,,,,
22224000,5556,4.5,,0.9669054746627808,,,,4.5,,,,,,,,,
22228000,5557,5.0,,0.9707953929901123,,,,5.0,,,,,,,,,
22232000,5558,4.75,,0.996942937374115,,,,4.75,,,,,,,,,
22236000,5559,4.125,,0.9727346301078796,,,,4.125,,,,,,,,,
22240000,5560,3.375,,0.9411333203315735,,,,3.375,,,,,,,,,
22244000,5561,4.375,,1.0403575897216797,,,,4.375,,,,,,,,,
22248000,5562,3.875,,0.9896900653839111,,,,3.875,,,,,,,,,
22252000,5563,4.0,,0.9429651498794556,,,,4.0,,,,,,,,,
22256000,5564,3.625,,0.963117778301239,,,,3.625,,,,,,,,,
22260000,5565,4.375,,0.9677119255065918,,,,4.375,,,,,,,,,
22264000,5566,3.5,,1.0025237798690796,,,,3.5,,,,,,,,,
22268000,5567,4.5,,0.9801113605499268,,,,4.5,,,,,,,,,
22272000,5568,4.75,,0.9635138511657715,,,,4.75,,,,,,,,,
22276000,5569,3.75,,0.9413124322891235,,,,3.75,,,,,,,,,
22280000,5570,3.125,,0.9763056635856628,,,,3.125,,,,,,,,,
22284000,5571,4.625,,0.9397540092468262,,,,4.625,,,,,,,,,
22288000,5572,5.375,,0.9571744203567505,,,,5.375,,,,,,,,,
22292000,5573,5.0,,0.9925339818000793,,,,5.0,,,,,,,,,
22296000,5574,3.375,,0.9213436841964722,,,,3.375,,,,,,,,,
22300000,5575,4.375,,0.9764958024024963,,,,4.375,,,,,,,,,
22304000,5576,4.375,,0.9616239070892334,,,,4.375,,,,,,,,,
22308000,5577,2.375,,0.9445346593856812,,,,2.375,,,,,,,,,
22312000,5578,3.375,,0.960487961769104,,,,3.375,,,,,,,,,
22316000,5579,4.375,,0.9972275495529175,,,,4.375,,,,,,,,,
22320000,5580,4.375,,0.9528852701187134,,,,4.375,,,,,,,,,
22324000,5581,4.25,,0.945743203163147,,,,4.25,,,,,,,,,
22328000,5582,3.125,,1.0383574962615967,,,,3.125,,,,,,,,,
22332000,5583,3.125,,0.9816092252731323,,,,3.125,,,,,,,,,
22336000,5584,4.25,,0.983925461769104,,,,4.25,,,,,,,,,
22340000,5585,3.875,,0.9556089639663696,,,,3.875,,,,,,,,,
22344000,5586,3.625,,1.00900137424469,,,,3.625,,,,,,,,,
22348000,5587,3.5,,0.9736067652702332,,,,3.5,,,,,,,,,
22352000,5588,3.375,,0.9921988844871521,,,,3.375,,,,,,,,,
22356000,5589,3.875,,0.9985747337341309,,,,3.875,,,,,,,,,
22360000,5590,4.625,,0.9475983381271362,,,,4.625,,,,,,,,,
22364000,5591,4.125,,1.0020790100097656,,,,4.125,,,,,,,,,
22368000,5592,3.875,,0.9543067216873169,,,,3.875,,,,,,,,,
22372000,5593,3.75,,0.9968518018722534,,,,3.75,,,,,,,,,
22376000,5594,3.125,,0.9957079887390137,,,,3.125,,,,,,,,,
22380000,5595,3.0,,0.9698125720024109,,,,3.0,,,,,,,,,
22384000,5596,4.125,,0.9415198564529419,,,,4.125,,,,,,,,,
22388000,5597,3.75,,0.9746781587600708,,,,3.75,,,,,,,,,
22392000,5598,3.875,,0.994320273399353,,,,3.875,,,,,,,,,
22396000,5599,4.875,,1.0463974475860596,,,,4.875,,,,,,,,,
22400000,5600,4.625,,0.9945974946022034,,,,4.625,,,,,,,,,
22404000,5601,3.375,,0.9326838254928589,,,,3.375,,,,,,,,,
22408000,5602,3.375,,0.9825847744941711,,,,3.375,,,,,,,,,
22412000,5603,3.125,,0.9918348789215088,,,,3.125,,,,,,,,,
22416000,5604,3.875,,0.9903347492218018,,,,3.875,,,,,,,,,
22420000,5605,3.375,,1.0033785104751587,,,,3.375,,,,,,,,,
22424000,5606,4.0,,0.9701932668685913,,,,4.0,,,,,,,,,
22428000,5607,4.375,,0.9159176349639893,,,,4.375,,,,,,,,,
22432000,5608,4.25,,0.9989371299743652,,,,4.25,,,,,,,,,
22436000,5609,4.375,,1.0138105154037476,,,,4.375,,,,,,,,,
22440000,5610,4.875,,1.0190541744232178,,,,4.875,,,,,,,,,
22444000,5611,4.25,,0.9970587491989136,,,,4.25,,,,,,,,,
22448000,5612,4.125,,0.9957641363143921,,,,4.125,,,,,,,,,
22452000,5613,4.25,,0.9956552386283875,,,,4.25,,,,,,,,,
22456000,5614,3.75,,0.9694101214408875,,,,3.75,,,,,,,,,
22460000,5615,4.375,,0.9995037317276001,,,,4.375,,,,,,,,,
22464000,5616,4.0,,0.9787284135818481,,,,4.0,,,,,,,,,
22468000,5617,4.0,,0.9308481216430664,,,,4.0,,,,,,,,,
22472000,5618,4.625,,0.9973457455635071,,,,4.625,,,,,,,,,
22476000,5619,4.5,,0.994516134262085,,,,4.5,,,,,,,,,
22480000,5620,4.375,,0.9894065856933594,,,,4.375,,,,,,,,,
22484000,5621,3.875,,0.9926851987838745,,,,3.875,,,,,,,,,
22488000,5622,4.625,,0.9808355569839478,,,,4.625,,,,,,,,,
22492000,5623,4.875,,0.9796721935272217,,,,4.875,,,,,,,,,
22496000,5624,4.25,,0.9907189607620239,,,,4.25,,,,,,,,,
22500000,5625,3.75,,1.0052295923233032,,,,3.75,,,,,,,,,
22504000,5626,4.875,,1.0175457000732422,,,,4.875,,,,,,,,,
22508000,5627,4.375,,0.9964853525161743,,,,4.375,,,,,,,,,
22512000,5628,4.125,,1.0577974319458008,,,,4.125,,,,,,,,,
22516000,5629,4.125,,1.028351068496704,,,,4.125,,,,,,,,,
22520000,5630,4.375,,0.9884901642799377,,,,4.375,,,,,,,,,
22524000,5631,4.625,,1.0133459568023682,,,,4.625,,,,,,,,,
22528000,5632,4.125,,1.0002837181091309,,,,4.125,,,,,,,,,
22532000,5633,4.125,,1.010259985923767,,,,4.125,,,,,,,,,
22536000,5634,5.0,,1.025040864944458,,,,5.0,,,,,,,,,
22540000,5635,3.875,,1.0206176042556763,,,,3.875,,,,,,,,,
22544000,5636,4.25,,1.0531951189041138,,,,4.25,,,,,,,,,
22548000,5637,2.875,,0.9586973190307617,,,,2.875,,,,,,,,,
22552000,5638,4.5,,1.00151789188385,,,,4.5,,,,,,,,,
22556000,5639,4.625,,1.0382912158966064,,,,4.625,,,,,,,,,
22560000,5640,4.25,,1.0137536525726318,,,,4.25,,,,,,,,,
22564000,5641,4.375,,0.998631477355957,,,,4.375,,,,,,,,,
22568000,5642,4.0,,0.990578293800354,,,,4.0,,,,,,,,,
22572000,5643,4.375,,1.0279111862182617,,,,4.375,,,,,,,,,
22576000,5644,4.625,,1.005133867263794,,,,4.625,,,,,,,,,
22580000,5645,4.125,,1.049318552017212,,,,4.125,,,,,,,,,
22584000,5646,4.5,,1.0409743785858154,,,,4.5,,,,,,,,,
22588000,5647,4.0,,1.0343577861785889,,,,4.0,,,,,,,,,
22592000,5648,4.125,,1.0336519479751587,,,,4.125,,,,,,,,,
22596000,5649,4.0,,1.037701964378357,,,,4.0,,,,,,,,,
22600000,5650,4.125,,0.9990586638450623,,,,4.125,,,,,,,,,
22604000,5651,4.25,,1.0067614316940308,,,,4.25,,,,,,,,,
22608000,5652,4.25,,1.0410878658294678,,,,4.25,,,,,,,,,
22612000,5653,4.0,,1.0015404224395752,,,,4.0,,,,,,,,,
22616000,5654,4.25,,1.044403076171875,,,,4.25,,,,,,,,,
22620000,5655,4.0,,1.0316606760025024,,,,4.0,,,,,,,,,
22624000,5656,4.375,,1.0433356761932373,,,,4.375,,,,,,,,,
22628000,5657,4.25,,1.0006979703903198,,,,4.25,,,,,,,,,
22632000,5658,4.625,,1.0067801475524902,,,,4.625,,,,,,,,,
22636000,5659,3.875,,1.0959088802337646,,,,3.875,,,,,,,,,
22640000,5660,4.625,,1.0737481117248535,,,,4.625,,,,,,,,,
22644000,5661,3.25,,1.0345172882080078,,,,3.25,,,,,,,,,
22648000,5662,4.375,,0.9925855994224548,,,,4.375,,,,,,,,,
22652000,5663,4.25,,1.0223532915115356,,,,4.25,,,,,,,,,
22656000,5664,3.125,,1.0159130096435547,,,,3.125,,,,,,,,,
22660000,5665,4.25,,1.013185977935791,,,,4.25,,,,,,,,,
22664000,5666,4.5,,1.065039873123169,,,,4.5,,,,,,,,,
22668000,5667,3.625,,1.0584733486175537,,,,3.625,,,,,,,,,
22672000,5668,3.625,,1.0674853324890137,,,,3.625,,,,,,,,,
22676000,5669,4.25,,1.0354948043823242,,,,4.25,,,,,,,,,
22680000,5670,4.0,,1.0273791551589966,,,,4.0,,,,,,,,,
22684000,5671,4.625,,1.0886199474334717,,,,4.625,,,,,,,,,
22688000,5672,3.125,,1.0389535427093506,,,,3.125,,,,,,,,,
22692000,5673,4.5,,1.0576469898223877,,,,4.5,,,,,,,,,
22696000,5674,3.375,,1.0429672002792358,,,,3.375,,,,,,,,,
22700000,5675,3.875,,1.0509328842163086,,,,3.875,,,,,,,,,
22704000,5676,3.125,,1.034358024597168,,,,3.125,,,,,,,,,
22708000,5677,4.0,,1.0073648691177368,,,,4.0,,,,,,,,,
22712000,5678,2.875,,1.0795257091522217,,,,2.875,,,,,,,,,
22716000,5679,4.25,,0.9837698340415955,,,,4.25,,,,,,,,,
22720000,5680,3.375,,1.0194807052612305,,,,3.375,,,,,,,,,
22724000,5681,3.875,,1.0319793224334717,,,,3.875,,,,,,,,,
22728000,5682,3.125,,0.9981611371040344,,,,3.125,,,,,,,,,
22732000,5683,3.875,,1.0211294889450073,,,,3.875,,,,,,,,,
22736000,5684,3.0,,1.0167286396026611,,,,3.0,,,,,,,,,
22740000,5685,4.0,,1.0372743606567383,,,,4.0,,,,,,,,,
22744000,5686,3.375,,1.0058027505874634,,,,3.375,,,,,,,,,
22748000,5687,3.0,,0.9569547176361084,,,,3.0,,,,,,,,,
22752000,5688,4.0,,1.0045342445373535,,,,4.0,,,,,,,,,
22756000,5689,3.25,,0.9723148345947266,,,,3.25,,,,,,,,,
22760000,5690,4.375,,1.0006308555603027,,,,4.375,,,,,,,,,
22764000,5691,4.25,,1.0470088720321655,,,,4.25,,,,,,,,,
22768000,5692,3.875,,1.010523796081543,,,,3.875,,,,,,,,,
22772000,5693,3.25,,1.0149974822998047,,,,3.25,,,,,,,,,
22776000,5694,3.125,,0.9964014291763306,,,,3.125,,,,,,,,,
22780000,5695,2.875,,1.0258852243423462,,,,2.875,,,,,,,,,
22784000,5696,3.5,,1.007431983947754,,,,3.5,,,,,,,,,
22788000,5697,2.875,,1.0163651704788208,,,,2.875,,,,,,,,,
22792000,5698,4.625,,0.9933518767356873,,,,4.625,,,,,,,,,
22796000,5699,3.75,,1.0189813375473022,,,,3.75,,,,,,,,,
22800000,5700,2.875,,0.9846989512443542,,,,2.875,,,,,,,,,
22804000,5701,4.0,,0.992870569229126,,,,4.0,,,,,,,,,
22808000,5702,3.625,,1.032517910003662,,,,3.625,,,,,,,,,
22812000,5703,4.125,,1.0381370782852173,,,,4.125,,,,,,,,,
22816000,5704,3.625,,1.0024051666259766,,,,3.625,,,,,,,,,
22820000,5705,3.875,,0.9989932775497437,,,,3.875,,,,,,,,,
22824000,5706,3.875,,1.0020263195037842,,,,3.875,,,,,,,,,
22828000,5707,4.125,,0.9976522326469421,,,,4.125,,,,,,,,,
22832000,5708,4.125,,0.9667298197746277,,,,4.125,,,,,,,,,
22836000,5709,4.375,,1.0735819339752197,,,,4.375,,,,,,,,,
22840000,5710,3.875,,0.9835349321365356,,,,3.875,,,,,,,,,
22844000,5711,4.125,,0.9483913779258728,,,,4.125,,,,,,,,,
22848000,5712,3.375,,1.0045640468597412,,,,3.375,,,,,,,,,
22852000,5713,3.625,,1.119445562362671,,,,3.625,,,,,,,,,
22856000,5714,4.0,,0.9917205572128296,,,,4.0,,,,,,,,,
22860000,5715,4.125,,1.007432460784912,,,,4.125,,,,,,,,,
22864000,5716,4.125,,0.9637172818183899,,,,4.125,,,,,,,,,
22868000,5717,4.25,,1.0446197986602783,,,,4.25,,,,,,,,,
22872000,5718,4.0,,0.9968010187149048,,,,4.0,,,,,,,,,
22876000,5719,4.375,,0.9994660019874573,,,,4.375,,,,,,,,,
22880000,5720,3.625,,1.0205013751983643,,,,3.625,,,,,,,,,
22884000,5721,5.25,,1.0190584659576416,,,,5.25,,,,,,,,,
22888000,5722,3.75,,0.9971769452095032,,,,3.75,,,,,,,,,
22892000,5723,4.25,,1.0088316202163696,,,,4.25,,,,,,,,,
22896000,5724,3.875,,1.0521734952926636,,,,3.875,,,,,,,,,
22900000,5725,4.25,,0.9929122924804688,,,,4.25,,,,,,,,,
22904000,5726,4.25,,0.9887242317199707,,,,4.25,,,,,,,,,
22908000,5727,4.625,,1.0427141189575195,,,,4.625,,,,,,,,,
22912000,5728,4.625,,1.0445435047149658,,,,4.625,,,,,,,,,
22916000,5729,4.25,,1.02030611038208,,,,4.25,,,,,,,,,
22920000,5730,3.5,,0.9962047338485718,,,,3.5,,,,,,,,,
22924000,5731,3.75,,1.0254420042037964,,,,3.75,,,,,,,,,
22928000,5732,3.25,,0.9522534608840942,,,,3.25,,,,,,,,,
22932000,5733,3.75,,1.01594877243042,,,,3.75,,,,,,,,,
22936000,5734,3.5,,1.0631012916564941,,,,3.5,,,,,,,,,
22940000,5735,4.0,,1.0534723997116089,,,,4.0,,,,,,,,,
22944000,5736,4.5,,1.021356225013733,,,,4.5,,,,,,,,,
22948000,5737,4.125,,1.0063894987106323,,,,4.125,,,,,,,,,
22952000,5738,4.125,,0.9907801151275635,,,,4.125,,,,,,,,,
22956000,5739,3.0,,1.0010803937911987,,,,3.0,,,,,,,,,
22960000,5740,3.875,,1.0168932676315308,,,,3.875,,,,,,,,,
22964000,5741,4.25,,1.0409517288208008,,,,4.25,,,,,,,,,
22968000,5742,4.375,,0.9813426733016968,,,,4.375,,,,,,,,,
22972000,5743,3.25,,1.0181783437728882,,,,3.25,,,,,,,,,
22976000,5744,4.875,,0.9698531627655029,,,,4.875,,,,,,,,,
22980000,5745,4.25,,0.9859257936477661,,,,4.25,,,,,,,,,
22984000,5746,4.125,,1.0469810962677002,,,,4.125,,,,,,,,,
22988000,5747,3.0,,1.0117906332015991,,,,3.0,,,,,,,,,
22992000,5748,3.875,,1.0694060325622559,,,,3.875,,,,,,,,,
22996000,5749,3.875,,0.9634423851966858,,,,3.875,,,,,,,,,
23000000,5750,3.875,,1.0040991306304932,,,,3.875,,,,,,,,,
23004000,5751,4.125,,0.9983934164047241,,,,4.125,,,,,,,,,
23008000,5752,3.875,,0.9919975996017456,,,,3.875,,,,,,,,,
23012000,5753,4.5,,0.9821219444274902,,,,4.5,,,,,,,,,
23016000,5754,4.625,,0.9805769920349121,,,,4.625,,,,,,,,,
23020000,5755,4.0,,1.0197887420654297,,,,4.0,,,,,,,,,
23024000,5756,4.375,,0.9996296167373657,,,,4.375,,,,,,,,,
23028000,5757,5.0,,1.0466890335083008,,,,5.0,,,,,,,,,
23032000,5758,4.375,,0.988873302936554,,,,4.375,,,,,,,,,
23036000,5759,3.5,,1.0125632286071777,,,,3.5,,,,,,,,,
23040000,5760,4.375,,0.9417868852615356,,,,4.375,,,,,,,,,
23044000,5761,4.5,,1.0317130088806152,,,,4.5,,,,,,,,,
23048000,5762,3.875,,1.025442123413086,,,,3.875,,,,,,,,,
23052000,5763,4.75,,0.9557881355285645,,,,4.75,,,,,,,,,
23056000,5764,4.625,,0.985988438129425,,,,4.625,,,,,,,,,
23060000,5765,4.5,,0.9896511435508728,,,,4.5,,,,,,,,,
23064000,5766,4.5,,0.9790029525756836,,,,4.5,,,,,,,,,
23068000,5767,4.375,,0.9993060827255249,,,,4.375,,,,,,,,,
23072000,5768,4.625,,1.0185503959655762,,,,4.625,,,,,,,,,
23076000,5769,4.125,,1.0227603912353516,,,,4.125,,,,,,,,,
23080000,5770,3.125,,1.0094313621520996,,,,3.125,,,,,,,,,
23084000,5771,4.125,,0.9989882707595825,,,,4.125,,,,,,,,,
23088000,5772,4.25,,0.996017575263977,,,,4.25,,,,,,,,,
23092000,5773,4.125,,1.005192518234253,,,,4.125,,,,,,,,,
23096000,5774,4.375,,0.960870623588562,,,,4.375,,,,,,,,,
23100000,5775,3.75,,0.9678542613983154,,,,3.75,,,,,,,,,
23104000,5776,4.75,,1.0085830688476562,,,,4.75,,,,,,,,,
23108000,5777,4.375,,1.00834059715271,,,,4.375,,,,,,,,,
23112000,5778,4.375,,1.054642677307129,,,,4.375,,,,,,,,,
23116000,5779,3.625,,0.9794782400131226,,,,3.625,,,,,,,,,
23120000,5780,4.25,,0.9859850406646729,,,,4.25,,,,,,,,,
23124000,5781,4.5,,1.0551998615264893,,,,4.5,,,,,,,,,
23128000,5782,4.375,,0.9536038637161255,,,,4.375,,,,,,,,,
23132000,5783,4.25,,0.9665470719337463,,,,4.25,,,,,,,,,
23136000,5784,4.25,,1.0104038715362549,,,,4.25,,,,,,,,,
23140000,5785,4.25,,0.9957191944122314,,,,4.25,,,,,,,,,
23144000,5786,4.25,,0.9951726794242859,,,,4.25,,,,,,,,,
23148000,5787,4.625,,1.0182830095291138,,,,4.625,,,,,,,,,
23152000,5788,4.125,,0.9680086374282837,,,,4.125,,,,,,,,,
23156000,5789,4.375,,1.015966534614563,,,,4.375,,,,,,,,,
23160000,5790,4.375,,1.0234109163284302,,,,4.375,,,,,,,,,
23164000,5791,4.125,,1.0059880018234253,,,,4.125,,,,,,,,,
23168000,5792,4.375,,1.0066907405853271,,,,4.375,,,,,,,,,
23172000,5793,4.25,,1.0076344013214111,,,,4.25,,,,,,,,,
23176000,5794,4.0,,1.0074397325515747,,,,4.0,,,,,,,,,
23180000,5795,3.75,,1.0103363990783691,,,,3.75,,,,,,,,,
23184000,5796,4.25,,1.0203206539154053,,,,4.25,,,,,,,,,
23188000,5797,4.0,,0.9975428581237793,,,,4.0,,,,,,,,,
23192000,5798,4.25,,0.9879146814346313,,,,4.25,,,,,,,,,
23196000,5799,4.625,,0.9915111660957336,,,,4.625,,,,,,,,,
23200000,5800,3.5,,1.0222902297973633,,,,3.5,,,,,,,,,
23204000,5801,4.375,,1.0303070545196533,,,,4.375,,,,,,,,,
23208000,5802,4.375,,1.0411806106567383,,,,4.375,,,,,,,,,
23212000,5803,4.25,,1.0067987442016602,,,,4.25,,,,,,,,,
23216000,5804,4.125,,1.0085657835006714,,,,4.125,,,,,,,,,
23220000,5805,3.875,,1.0243809223175049,,,,3.875,,,,,,,,,
23224000,5806,3.625,,1.0302976369857788,,,,3.625,,,,,,,,,
23228000,5807,4.5,,1.0990376472473145,,,,4.5,,,,,,,,,
23232000,5808,4.375,,1.0217692852020264,,,,4.375,,,,,,,,,
23236000,5809,4.125,,1.0182640552520752,,,,4.125,,,,,,,,,
23240000,5810,4.0,,1.043999433517456,,,,4.0,,,,,,,,,
23244000,5811,3.25,,0.966917872428894,,,,3.25,,,,,,,,,
23248000,5812,4.75,,0.9976547956466675,,,,4.75,,,,,,,,,
23252000,5813,4.125,,1.0675077438354492,,,,4.125,,,,,,,,,
23256000,5814,4.125,,1.0266331434249878,,,,4.125,,,,,,,,,
23260000,5815,4.0,,0.9767745137214661,,,,4.0,,,,,,,,,
23264000,5816,4.125,,1.006544828414917,,,,4.125,,,,,,,,,
23268000,5817,4.625,,1.002538800239563,,,,4.625,,,,,,,,,
23272000,5818,4.375,,1.0200331211090088,,,,4.375,,,,,,,,,
23276000,5819,4.125,,1.053795337677002,,,,4.125,,,,,,,,,
23280000,5820,4.125,,0.9377075433731079,,,,4.125,,,,,,,,,
23284000,5821,4.875,,1.0553185939788818,,,,4.875,,,,,,,,,
23288000,5822,3.875,,1.045745849609375,,,,3.875,,,,,,,,,
23292000,5823,3.625,,1.0092449188232422,,,,3.625,,,,,,,,,
23296000,5824,4.125,,1.0688098669052124,,,,4.125,,,,,,,,,
23300000,5825,4.375,,1.0494345426559448,,,,4.375,,,,,,,,,
23304000,5826,4.625,,1.0222434997558594,,,,4.625,,,,,,,,,
23308000,5827,3.875,,1.01880943775177,,,,3.875,,,,,,,,,
23312000,5828,4.125,,1.0538411140441895,,,,4.125,,,,,,,,,
23316000,5829,4.0,,1.0672340393066406,,,,4.0,,,,,,,,,
23320000,5830,3.75,,1.0415465831756592,,,,3.75,,,,,,,,,
23324000,5831,4.5,,1.0598828792572021,,,,4.5,,,,,,,,,
23328000,5832,3.75,,1.038879156112671,,,,3.75,,,,,,,,,
23332000,5833,3.0,,0.9859585762023926,,,,3.0,,,,,,,,,
23336000,5834,4.375,,1.0253052711486816,,,,4.375,,,,,,,,,
23340000,5835,3.625,,1.0301603078842163,,,,3.625,,,,,,,,,
23344000,5836,4.25,,0.9944268465042114,,,,4.25,,,,,,,,,
23348000,5837,3.75,,0.9946873188018799,,,,3.75,,,,,,,,,
23352000,5838,3.875,,0.9680072069168091,,,,3.875,,,,,,,,,
23356000,5839,4.25,,1.0869618654251099,,,,4.25,,,,,,,,,
23360000,5840,4.25,,0.9958213567733765,,,,4.25,,,,,,,,,
23364000,5841,4.25,,1.0189647674560547,,,,4.25,,,,,,,,,
23368000,5842,4.0,,1.05216383934021,,,,4.0,,,,,,,,,
23372000,5843,4.375,,1.022037148475647,,,,4.375,,,,,,,,,
23376000,5844,4.375,,1.0075433254241943,,,,4.375,,,,,,,,,
23380000,5845,3.625,,1.0558559894561768,,,,3.625,,,,,,,,,
23384000,5846,2.5,,1.0183539390563965,,,,2.5,,,,,,,,,
23388000,5847,3.0,,0.9816405773162842,,,,3.0,,,,,,,,,
23392000,5848,3.625,,0.9847106337547302,,,,3.625,,,,,,,,,
23396000,5849,4.0,,0.9973342418670654,,,,4.0,,,,,,,,,
23400000,5850,4.0,,1.011001706123352,,,,4.0,,,,,,,,,
23404000,5851,3.0,,1.0502512454986572,,,,3.0,,,,,,,,,
23408000,5852,3.375,,1.0089120864868164,,,,3.375,,,,,,,,,
23412000,5853,4.0,,1.067604422569275,,,,4.0,,,,,,,,,
23416000,5854,3.875,,1.017810344696045,,,,3.875,,,,,,,,,
23420000,5855,3.25,,1.021472454071045,,,,3.25,,,,,,,,,
23424000,5856,3.0,,0.997757077217102,,,,3.0,,,,,,,,,
23428000,5857,1.75,,0.9829984903335571,,,,1.75,,,,,,,,,
23432000,5858,3.375,,1.017505168914795,,,,3.375,,,,,,,,,
23436000,5859,3.5,,1.0547046661376953,,,,3.5,,,,,,,,,
23440000,5860,3.25,,1.0254417657852173,,,,3.25,,,,,,,,,
23444000,5861,3.25,,1.0059627294540405,,,,3.25,,,,,,,,,
23448000,5862,3.5,,1.0413668155670166,,,,3.5,,,,,,,,,
23452000,5863,2.875,,0.9831973910331726,,,,2.875,,,,,,,,,
23456000,5864,2.125,,0.9913666248321533,,,,2.125,,,,,,,,,
23460000,5865,2.125,,1.0270981788635254,,,,2.125,,,,,,,,,
23464000,5866,3.75,,0.986238956451416,,,,3.75,,,,,,,,,
23468000,5867,2.875,,1.0112241506576538,,,,2.875,,,,,,,,,
23472000,5868,3.5,,0.9883830547332764,,,,3.5,,,,,,,,,
23476000,5869,3.375,,0.9965822696685791,,,,3.375,,,,,,,,,
23480000,5870,3.25,,0.9589484930038452,,,,3.25,,,,,,,,,
23484000,5871,3.625,,1.013630986213684,,,,3.625,,,,,,,,,
23488000,5872,3.75,,0.9957906007766724,,,,3.75,,,,,,,,,
23492000,5873,3.75,,1.0543675422668457,,,,3.75,,,,,,,,,
23496000,5874,3.625,,0.9557274580001831,,,,3.625,,,,,,,,,
23500000,5875,3.875,,0.98664790391922,,,,3.875,,,,,,,,,
23504000,5876,4.25,,1.0165332555770874,,,,4.25,,,,,,,,,
23508000,5877,4.0,,0.9795153141021729,,,,4.0,,,,,,,,,
23512000,5878,4.5,,1.0263506174087524,,,,4.5,,,,,,,,,
23516000,5879,3.375,,1.0075222253799438,,,,3.375,,,,,,,,,
23520000,5880,4.125,,0.9779348373413086,,,,4.125,,,,,,,,,
23524000,5881,4.25,,0.9788822531700134,,,,4.25,,,,,,,,,
23528000,5882,4.125,,0.9732075929641724,,,,4.125,,,,,,,,,
23532000,5883,3.875,,0.9573472142219543,,,,3.875,,,,,,,,,
23536000,5884,3.75,,0.9867011308670044,,,,3.75,,,,,,,,,
23540000,5885,3.75,,0.9972192645072937,,,,3.75,,,,,,,,,
23544000,5886,3.625,,0.9521082639694214,,,,3.625,,,,,,,,,
23548000,5887,4.625,,0.9722129106521606,,,,4.625,,,,,,,,,
23552000,5888,4.5,,1.027587652206421,,,,4.5,,,,,,,,,
23556000,5889,3.375,,0.9324718713760376,,,,3.375,,,,,,,,,
23560000,5890,3.0,,0.9503129720687866,,,,3.0,,,,,,,,,
23564000,5891,3.875,,1.0100555419921875,,,,3.875,,,,,,,,,
23568000,5892,3.625,,0.9795771837234497,,,,3.625,,,,,,,,,
23572000,5893,4.125,,0.9595534205436707,,,,4.125,,,,,,,,,
23576000,5894,4.125,,0.9609851837158203,,,,4.125,,,,,,,,,
23580000,5895,3.125,,0.9911970496177673,,,,3.125,,,,,,,,,
23584000,5896,3.75,,0.9633150100708008,,,,3.75,,,,,,,,,
23588000,5897,3.75,,0.9505795240402222,,,,3.75,,,,,,,,,
23592000,5898,3.875,,0.9860479831695557,,,,3.875,,,,,,,,,
23596000,5899,4.25,,0.9559961557388306,,,,4.25,,,,,,,,,
23600000,5900,2.625,,0.9516304731369019,,,,2.625,,,,,,,,,
23604000,5901,4.5,,0.934698224067688,,,,4.5,,,,,,,,,
23608000,5902,4.875,,0.9492931365966797,,,,4.875,,,,,,,,,
23612000,5903,4.125,,0.9532418847084045,,,,4.125,,,,,,,,,
23616000,5904,4.25,,0.9701371788978577,,,,4.25,,,,,,,,,
23620000,5905,4.375,,0.9597858190536499,,,,4.375,,,,,,,,,
23624000,5906,3.5,,1.0182288885116577,,,,3.5,,,,,,,,,
23628000,5907,4.375,,0.9510512351989746,,,,4.375,,,,,,,,,
23632000,5908,3.625,,0.916772186756134,,,,3.625,,,,,,,,,
23636000,5909,3.5,,0.933256208896637,,,,3.5,,,,,,,,,
23640000,5910,4.0,,0.9565677046775818,,,,4.0,,,,,,,,,
23644000,5911,4.625,,0.9785178899765015,,,,4.625,,,,,,,,,
23648000,5912,3.75,,0.9333465695381165,,,,3.75,,,,,,,,,
23652000,5913,4.0,,0.9392781257629395,,,,4.0,,,,,,,,,
23656000,5914,3.875,,0.9768757224082947,,,,3.875,,,,,,,,,
23660000,5915,4.375,,0.9927074909210205,,,,4.375,,,,,,,,,
23664000,5916,4.25,,0.9435524940490723,,,,4.25,,,,,,,,,
23668000,5917,4.75,,1.0233027935028076,,,,4.75,,,,,,,,,
23672000,5918,4.875,,0.9614650011062622,,,,4.875,,,,,,,,,
23676000,5919,3.5,,0.9863360524177551,,,,3.5,,,,,,,,,
23680000,5920,4.25,,0.9927324652671814,,,,4.25,,,,,,,,,
23684000,5921,4.75,,0.981876790523529,,,,4.75,,,,,,,,,
23688000,5922,4.625,,0.8810300827026367,,,,4.625,,,,,,,,,
23692000,5923,4.25,,0.939769983291626,,,,4.25,,,,,,,,,
23696000,5924,4.125,,1.0239800214767456,,,,4.125,,,,,,,,,
23700000,5925,4.0,,1.0030449628829956,,,,4.0,,,,,,,,,
23704000,5926,3.875,,0.9680533409118652,,,,3.875,,,,,,,,,
23708000,5927,4.625,,0.9614593386650085,,,,4.625,,,,,,,,,
23712000,5928,4.5,,0.9831340909004211,,,,4.5,,,,,,,,,
23716000,5929,4.5,,0.9446136951446533,,,,4.5,,,,,,,,,
23720000,5930,4.125,,0.9378625154495239,,,,4.125,,,,,,,,,
23724000,5931,4.0,,0.9882947206497192,,,,4.0,,,,,,,,,
23728000,5932,3.75,,0.9858720302581787,,,,3.75,,,,,,,,,
23732000,5933,4.125,,0.9727309942245483,,,,4.125,,,,,,,,,
23736000,5934,4.25,,0.9544230699539185,,,,4.25,,,,,,,,,
23740000,5935,1.75,,0.9580345153808594,,,,1.75,,,,,,,,,
23744000,5936,4.125,,0.9369444847106934,,,,4.125,,,,,,,,,
23748000,5937,4.5,,0.9705391526222229,,,,4.5,,,,,,,,,
23752000,5938,4.125,,0.98604416847229,,,,4.125,,,,,,,,,
23756000,5939,4.375,,0.9934963583946228,,,,4.375,,,,,,,,,
23760000,5940,4.25,,1.0036569833755493,,,,4.25,,,,,,,,,
23764000,5941,4.5,,0.9699884057044983,,,,4.5,,,,,,,,,
23768000,5942,5.0,,1.0268131494522095,,,,5.0,,,,,,,,,
23772000,5943,4.375,,0.9417281150817871,,,,4.375,,,,,,,,,
23776000,5944,4.25,,0.9368056058883667,,,,4.25,,,,,,,,,
23780000,5945,4.5,,0.956756591796875,,,,4.5,,,,,,,,,
23784000,5946,4.25,,0.9902175664901733,,,,4.25,,,,,,,,,
23788000,5947,4.0,,0.9697762727737427,,,,4.0,,,,,,,,,
23792000,5948,4.25,,0.9971216917037964,,,,4.25,,,,,,,,,
23796000,5949,4.875,,0.9520443677902222,,,,4.875,,,,,,,,,
23800000,5950,4.0,,0.9427732825279236,,,,4.0,,,,,,,,,
23804000,5951,4.875,,0.958021879196167,,,,4.875,,,,,,,,,
23808000,5952,4.25,,0.9709436893463135,,,,4.25,,,,,,,,,
23812000,5953,4.0,,0.9798116087913513,,,,4.0,,,,,,,,,
23816000,5954,4.125,,0.950831413269043,,,,4.125,,,,,,,,,
23820000,5955,4.5,,0.975175142288208,,,,4.5,,,,,,,,,
23824000,5956,4.0,,1.0288541316986084,,,,4.0,,,,,,,,,
23828000,5957,4.0,,0.9678102135658264,,,,4.0,,,,,,,,,
23832000,5958,5.125,,0.9647232294082642,,,,5.125,,,,,,,,,
23836000,5959,3.875,,1.0246930122375488,,,,3.875,,,,,,,,,
23840000,5960,4.0,,0.9526785612106323,,,,4.0,,,,,,,,,
23844000,5961,4.375,,0.9823271632194519,,,,4.375,,,,,,,,,
23848000,5962,4.375,,0.9433121681213379,,,,4.375,,,,,,,,,
23852000,5963,4.0,,0.9686826467514038,,,,4.0,,,,,,,,,
23856000,5964,4.75,,0.9940536618232727,,,,4.75,,,,,,,,,
23860000,5965,3.5,,0.9708199501037598,,,,3.5,,,,,,,,,
23864000,5966,4.5,,1.0334820747375488,,,,4.5,,,,,,,,,
23868000,5967,3.875,,0.993948221206665,,,,3.875,,,,,,,,,
23872000,5968,3.875,,0.9916143417358398,,,,3.875,,,,,,,,,
23876000,5969,4.125,,0.9790564179420471,,,,4.125,,,,,,,,,
23880000,5970,4.5,,0.9785640239715576,,,,4.5,,,,,,,,,
23884000,5971,4.375,,0.9682555198669434,,,,4.375,,,,,,,,,
23888000,5972,4.5,,0.9778444170951843,,,,4.5,,,,,,,,,
23892000,5973,4.25,,1.0067176818847656,,,,4.25,,,,,,,,,
23896000,5974,3.375,,0.9994070529937744,,,,3.375,,,,,,,,,
23900000,5975,4.5,,1.0065380334854126,,,,4.5,,,,,,,,,
23904000,5976,4.25,,0.9823607206344604,,,,4.25,,,,,,,,,
23908000,5977,4.625,,0.9712300896644592,,,,4.625,,,,,,,,,
23912000,5978,4.5,,0.9880462288856506,,,,4.5,,,,,,,,,
23916000,5979,4.625,,1.0146167278289795,,,,4.625,,,,,,,,,
23920000,5980,4.25,,0.9980351328849792,,,,4.25,,,,,,,,,
23924000,5981,4.5,,1.0039429664611816,,,,4.5,,,,,,,,,
23928000,5982,4.0,,0.9951245188713074,,,,4.0,,,,,,,,,
23932000,5983,4.125,,1.0400172472000122,,,,4.125,,,,,,,,,
23936000,5984,4.125,,0.9784153699874878,,,,4.125,,,,,,,,,
23940000,5985,4.125,,1.01008141040802,,,,4.125,,,,,,,,,
23944000,5986,4.125,,1.0735862255096436,,,,4.125,,,,,,,,,
23948000,5987,3.75,,0.9742246270179749,,,,3.75,,,,,,,,,
23952000,5988,4.0,,0.9777082204818726,,,,4.0,,,,,,,,,
23956000,5989,3.625,,1.0433588027954102,,,,3.625,,,,,,,,,
23960000,5990,4.25,,0.9695224761962891,,,,4.25,,,,,,,,,
23964000,5991,3.875,,1.0653855800628662,,,,3.875,,,,,,,,,
23968000,5992,4.625,,1.038966417312622,,,,4.625,,,,,,,,,
23972000,5993,4.0,,1.0280354022979736,,,,4.0,,,,,,,,,
23976000,5994,3.5,,1.0349414348602295,,,,3.5,,,,,,,,,
23980000,5995,3.625,,1.0761237144470215,,,,3.625,,,,,,,,,
23984000,5996,4.625,,1.0710541009902954,,,,4.625,,,,,,,,,
23988000,5997,4.125,,1.0335674285888672,,,,4.125,,,,,,,,,
23992000,5998,4.0,,1.058341383934021,,,,4.0,,,,,,,,,
23996000,5999,3.875,,1.0331169366836548,,,,3.875,,,,,,,,,
24000000,6000,4.375,,0.9733790755271912,,,,4.375,,,,,,,,,
24004000,6001,4.125,,1.0416202545166016,,,,4.125,,,,,,,,,
24008000,6002,4.125,,1.0349655151367188,,,,4.125,,,,,,,,,
24012000,6003,4.125,,1.0233495235443115,,,,4.125,,,,,,,,,
24016000,6004,4.875,,1.028801679611206,,,,4.875,,,,,,,,,
24020000,6005,3.875,,1.0242691040039062,,,,3.875,,,,,,,,,
24024000,6006,3.75,,1.048597812652588,,,,3.75,,,,,,,,,
24028000,6007,4.0,,1.003170132637024,,,,4.0,,,,,,,,,
24032000,6008,4.375,,1.076817512512207,,,,4.375,,,,,,,,,
24036000,6009,4.75,,1.0373375415802002,,,,4.75,,,,,,,,,
24040000,6010,4.125,,0.9870162010192871,,,,4.125,,,,,,,,,
24044000,6011,3.625,,1.0983914136886597,,,,3.625,,,,,,,,,
24048000,6012,3.75,,1.0584032535552979,,,,3.75,,,,,,,,,
24052000,6013,4.5,,1.0132591724395752,,,,4.5,,,,,,,,,
24056000,6014,3.875,,1.0250390768051147,,,,3.875,,,,,,,,,
24060000,6015,4.25,,1.0502824783325195,,,,4.25,,,,,,,,,
24064000,6016,3.75,,1.0531659126281738,,,,3.75,,,,,,,,,
24068000,6017,3.25,,1.0295816659927368,,,,3.25,,,,,,,,,
24072000,6018,3.625,,1.038388967514038,,,,3.625,,,,,,,,,
24076000,6019,3.25,,1.0200361013412476,,,,3.25,,,,,,,,,
24080000,6020,4.125,,1.0617755651474,,,,4.125,,,,,,,,,
24084000,6021,3.875,,1.0244457721710205,,,,3.875,,,,,,,,,
24088000,6022,3.5,,1.0295507907867432,,,,3.5,,,,,,,,,
24092000,6023,4.25,,0.9925349354743958,,,,4.25,,,,,,,,,
24096000,6024,2.875,,1.0682076215744019,,,,2.875,,,,,,,,,
24100000,6025,4.5,,1.0081884860992432,,,,4.5,,,,,,,,,
24104000,6026,3.875,,1.00897216796875,,,,3.875,,,,,,,,,
24108000,6027,2.5,,1.0247626304626465,,,,2.5,,,,,,,,,
24112000,6028,4.25,,1.0223900079727173,,,,4.25,,,,,,,,,
24116000,6029,3.875,,1.0151457786560059,,,,3.875,,,,,,,,,
24120000,6030,4.0,,1.0197855234146118,,,,4.0,,,,,,,,,
24124000,6031,2.5,,1.043410301208496,,,,2.5,,,,,,,,,
24128000,6032,3.5,,1.0025113821029663,,,,3.5,,,,,,,,,
24132000,6033,3.75,,1.0185976028442383,,,,3.75,,,,,,,,,
24136000,6034,3.75,,1.0061917304992676,,,,3.75,,,,,,,,,
24140000,6035,3.5,,0.9961786270141602,,,,3.5,,,,,,,,,
24144000,6036,3.75,,0.9820321202278137,,,,3.75,,,,,,,,,
24148000,6037,2.0,,1.0445034503936768,,,,2.0,,,,,,,,,
24152000,6038,3.125,,1.0496714115142822,,,,3.125,,,,,,,,,
24156000,6039,4.25,,1.0113096237182617,,,,4.25,,,,,,,,,
24160000,6040,3.5,,0.9471865892410278,,,,3.5,,,,,,,,,
24164000,6041,3.25,,0.9959548711776733,,,,3.25,,,,,,,,,
24168000,6042,2.875,,1.015188455581665,,,,2.875,,,,,,,,,
24172000,6043,4.0,,0.9951006174087524,,,,4.0,,,,,,,,,
24176000,6044,3.625,,0.9631310701370239,,,,3.625,,,,,,,,,
24180000,6045,4.5,,1.0143879652023315,,,,4.5,,,,,,,,,
24184000,6046,3.875,,1.0321077108383179,,,,3.875,,,,,,,,,
24188000,6047,3.75,,0.9845123291015625,,,,3.75,,,,,,,,,
24192000,6048,3.875,,0.9856631755828857,,,,3.875,,,,,,,,,
24196000,6049,2.5,,1.0166494846343994,,,,2.5,,,,,,,,,
24200000,6050,2.75,,1.021575689315796,,,,2.75,,,,,,,,,
24204000,6051,4.5,,1.018005609512329,,,,4.5,,,,,,,,,
24208000,6052,4.0,,0.9355869293212891,,,,4.0,,,,,,,,,
24212000,6053,2.875,,0.9278582334518433,,,,2.875,,,,,,,,,
24216000,6054,3.875,,1.0429792404174805,,,,3.875,,,,,,,,,
24220000,6055,4.0,,0.9937498569488525,,,,4.0,,,,,,,,,
24224000,6056,4.625,,0.9381667375564575,,,,4.625,,,,,,,,,
24228000,6057,3.875,,1.017948865890503,,,,3.875,,,,,,,,,
24232000,6058,4.375,,0.974637508392334,,,,4.375,,,,,,,,,
24236000,6059,3.75,,0.9241739511489868,,,,3.75,,,,,,,,,
24240000,6060,3.75,,1.0478384494781494,,,,3.75,,,,,,,,,
24244000,6061,3.625,,1.0186898708343506,,,,3.625,,,,,,,,,
24248000,6062,3.75,,0.9340223670005798,,,,3.75,,,,,,,,,
24252000,6063,3.875,,1.0125510692596436,,,,3.875,,,,,,,,,
24256000,6064,2.375,,1.0563842058181763,,,,2.375,,,,,,,,,
24260000,6065,2.875,,0.9661697745323181,,,,2.875,,,,,,,,,
24264000,6066,3.25,,0.9580124616622925,,,,3.25,,,,,,,,,
24268000,6067,1.875,,0.956807553768158,,,,1.875,,,,,,,,,
24272000,6068,1.125,,0.999245285987854,,,,1.125,,,,,,,,,
24276000,6069,4.25,,0.982511043548584,,,,4.25,,,,,,,,,
24280000,6070,3.875,,0.9501476883888245,,,,3.875,,,,,,,,,
24284000,6071,3.25,,0.9265326261520386,,,,3.25,,,,,,,,,
24288000,6072,3.75,,0.9030099511146545,,,,3.75,,,,,,,,,
24292000,6073,4.25,,0.9529280066490173,,,,4.25,,,,,,,,,
24296000,6074,3.75,,0.94510418176651,,,,3.75,,,,,,,,,
24300000,6075,4.0,,0.9632523059844971,,,,4.0,,,,,,,,,
24304000,6076,4.375,,0.9909576177597046,,,,4.375,,,,,,,,,
24308000,6077,4.375,,0.9606075286865234,,,,4.375,,,,,,,,,
24312000,6078,4.25,,0.9375725984573364,,,,4.25,,,,,,,,,
24316000,6079,4.5,,0.937409520149231,,,,4.5,,,,,,,,,
24320000,6080,4.0,,0.9109044075012207,,,,4.0,,,,,,,,,
24324000,6081,4.125,,0.9765157699584961,,,,4.125,,,,,,,,,
24328000,6082,3.625,,0.9807388186454773,,,,3.625,,,,,,,,,
24332000,6083,3.75,,0.8800027370452881,,,,3.75,,,,,,,,,
24336000,6084,3.875,,0.9889569878578186,,,,3.875,,,,,,,,,
24340000,6085,4.25,,0.9299944043159485,,,,4.25,,,,,,,,,
24344000,6086,3.875,,0.8940123319625854,,,,3.875,,,,,,,,,
24348000,6087,4.25,,0.9551559686660767,,,,4.25,,,,,,,,,
24352000,6088,3.875,,0.9189426898956299,,,,3.875,,,,,,,,,
24356000,6089,4.375,,0.9257116317749023,,,,4.375,,,,,,,,,
24360000,6090,3.875,,0.9651386737823486,,,,3.875,,,,,,,,,
24364000,6091,4.125,,0.8964025974273682,,,,4.125,,,,,,,,,
24368000,6092,4.0,,0.942267656326294,,,,4.0,,,,,,,,,
24372000,6093,4.375,,0.914592444896698,,,,4.375,,,,,,,,,
24376000,6094,3.625,,0.9479018449783325,,,,3.625,,,,,,,,,
24380000,6095,4.25,,0.9467130899429321,,,,4.25,,,,,,,,,
24384000,6096,4.375,,0.8913558721542358,,,,4.375,,,,,,,,,
24388000,6097,4.125,,1.0354819297790527,,,,4.125,,,,,,,,,
24392000,6098,3.625,,0.9214088320732117,,,,3.625,,,,,,,,,
24396000,6099,4.125,,0.8996543884277344,,,,4.125,,,,,,,,,
24400000,6100,4.125,,0.9913936853408813,,,,4.125,,,,,,,,,
24404000,6101,3.875,,0.9352389574050903,,,,3.875,,,,,,,,,
24408000,6102,4.25,,0.9122201204299927,,,,4.25,,,,,,,,,
24412000,6103,4.25,,0.9279137849807739,,,,4.25,,,,,,,,,
24416000,6104,3.875,,0.9505836963653564,,,,3.875,,,,,,,,,
24420000,6105,3.875,,0.9078330993652344,,,,3.875,,,,,,,,,
24424000,6106,4.75,,0.9686921238899231,,,,4.75,,,,,,,,,
24428000,6107,4.25,,0.9355853199958801,,,,4.25,,,,,,,,,
24432000,6108,4.5,,0.9568634033203125,,,,4.5,,,,,,,,,
24436000,6109,3.75,,0.901283860206604,,,,3.75,,,,,,,,,
24440000,6110,4.25,,0.851518988609314,,,,4.25,,,,,,,,,
24444000,6111,4.5,,1.0154396295547485,,,,4.5,,,,,,,,,
24448000,6112,3.875,,0.966166615486145,,,,3.875,,,,,,,,,
24452000,6113,4.0,,0.9142346978187561,,,,4.0,,,,,,,,,
24456000,6114,4.25,,0.9098461866378784,,,,4.25,,,,,,,,,
24460000,6115,3.75,,0.9436826705932617,,,,3.75,,,,,,,,,
24464000,6116,4.5,,0.9041709303855896,,,,4.5,,,,,,,,,
24468000,6117,4.25,,0.90886390209198,,,,4.25,,,,,,,,,
24472000,6118,4.875,,0.9830743074417114,,,,4.875,,,,,,,,,
24476000,6119,3.875,,0.9716198444366455,,,,3.875,,,,,,,,,
24480000,6120,4.125,,0.8752024173736572,,,,4.125,,,,,,,,,
24484000,6121,4.0,,0.960945725440979,,,,4.0,,,,,,,,,
24488000,6122,4.625,,0.9389328360557556,,,,4.625,,,,,,,,,
24492000,6123,4.125,,0.9176092743873596,,,,4.125,,,,,,,,,
24496000,6124,4.375,,0.9651501178741455,,,,4.375,,,,,,,,,
24500000,6125,4.5,,0.9112471342086792,,,,4.5,,,,,,,,,
24504000,6126,3.625,,0.9115082025527954,,,,3.625,,,,,,,,,
24508000,6127,3.75,,0.9803016185760498,,,,3.75,,,,,,,,,
24512000,6128,3.75,,0.9861360788345337,,,,3.75,,,,,,,,,
24516000,6129,4.125,,0.9358342289924622,,,,4.125,,,,,,,,,
24520000,6130,4.0,,0.9202216863632202,,,,4.0,,,,,,,,,
24524000,6131,3.75,,0.971345067024231,,,,3.75,,,,,,,,,
24528000,6132,4.625,,0.9655182361602783,,,,4.625,,,,,,,,,
24532000,6133,3.625,,1.0023083686828613,,,,3.625,,,,,,,,,
24536000,6134,4.375,,0.9111918210983276,,,,4.375,,,,,,,,,
24540000,6135,5.125,,0.9116758108139038,,,,5.125,,,,,,,,,
24544000,6136,3.875,,0.9741781949996948,,,,3.875,,,,,,,,,
24548000,6137,4.0,,0.928980827331543,,,,4.0,,,,,,,,,
24552000,6138,4.125,,0.9360377788543701,,,,4.125,,,,,,,,,
24556000,6139,4.25,,0.9234286546707153,,,,4.25,,,,,,,,,
24560000,6140,4.25,,0.9202307462692261,,,,4.25,,,,,,,,,
24564000,6141,4.25,,0.9288539886474609,,,,4.25,,,,,,,,,
24568000,6142,3.75,,0.92015540599823,,,,3.75,,,,,,,,,
24572000,6143,3.25,,0.9398064613342285,,,,3.25,,,,,,,,,
24576000,6144,4.125,,0.9600144624710083,,,,4.125,,,,,,,,,
24580000,6145,4.375,,0.9672917127609253,,,,4.375,,,,,,,,,
24584000,6146,4.375,,0.9335793256759644,,,,4.375,,,,,,,,,
24588000,6147,4.125,,0.972055196762085,,,,4.125,,,,,,,,,
24592000,6148,4.5,,0.9721899032592773,,,,4.5,,,,,,,,,
24596000,6149,4.125,,0.9691445827484131,,,,4.125,,,,,,,,,
24600000,6150,4.25,,0.9844603538513184,,,,4.25,,,,,,,,,
24604000,6151,3.875,,0.9529116153717041,,,,3.875,,,,,,,,,
24608000,6152,4.125,,1.0119972229003906,,,,4.125,,,,,,,,,
24612000,6153,3.75,,0.9314625859260559,,,,3.75,,,,,,,,,
24616000,6154,4.375,,0.9237957000732422,,,,4.375,,,,,,,,,
24620000,6155,4.25,,0.9585849046707153,,,,4.25,,,,,,,,,
24624000,6156,4.5,,1.0016570091247559,,,,4.5,,,,,,,,,
24628000,6157,3.875,,0.9652924537658691,,,,3.875,,,,,,,,,
24632000,6158,3.75,,0.9736614227294922,,,,3.75,,,,,,,,,
24636000,6159,3.25,,1.005569338798523,,,,3.25,,,,,,,,,
24640000,6160,4.0,,0.9547163248062134,,,,4.0,,,,,,,,,
24644000,6161,4.0,,1.011462688446045,,,,4.0,,,,,,,,,
24648000,6162,4.0,,0.9685948491096497,,,,4.0,,,,,,,,,
24652000,6163,3.5,,0.9894852638244629,,,,3.5,,,,,,,,,
24656000,6164,4.0,,0.9989024996757507,,,,4.0,,,,,,,,,
24660000,6165,3.0,,0.9737656712532043,,,,3.0,,,,,,,,,
24664000,6166,4.625,,0.9898815155029297,,,,4.625,,,,,,,,,
24668000,6167,3.25,,0.948517382144928,,,,3.25,,,,,,,,,
24672000,6168,3.375,,0.9244885444641113,,,,3.375,,,,,,,,,
24676000,6169,4.75,,0.9660661220550537,,,,4.75,,,,,,,,,
24680000,6170,4.5,,1.0152335166931152,,,,4.5,,,,,,,,,
24684000,6171,4.375,,0.9461804032325745,,,,4.375,,,,,,,,,
24688000,6172,4.125,,0.9799226522445679,,,,4.125,,,,,,,,,
24692000,6173,3.875,,1.015884280204773,,,,3.875,,,,,,,,,
24696000,6174,3.5,,0.9846600890159607,,,,3.5,,,,,,,,,
24700000,6175,3.625,,1.0047669410705566,,,,3.625,,,,,,,,,
24704000,6176,3.0,,0.9696003198623657,,,,3.0,,,,,,,,,
24708000,6177,4.0,,0.9417353868484497,,,,4.0,,,,,,,,,
24712000,6178,4.25,,0.9355248212814331,,,,4.25,,,,,,,,,
24716000,6179,4.5,,1.0028177499771118,,,,4.5,,,,,,,,,
24720000,6180,4.75,,0.9879838228225708,,,,4.75,,,,,,,,,
24724000,6181,4.125,,0.9695339202880859,,,,4.125,,,,,,,,,
24728000,6182,4.0,,1.0223321914672852,,,,4.0,,,,,,,,,
24732000,6183,4.125,,0.9600797295570374,,,,4.125,,,,,,,,,
24736000,6184,4.375,,0.9819017052650452,,,,4.375,,,,,,,,,
24740000,6185,4.125,,0.9915629625320435,,,,4.125,,,,,,,,,
24744000,6186,3.875,,1.0115699768066406,,,,3.875,,,,,,,,,
24748000,6187,3.875,,0.9451326131820679,,,,3.875,,,,,,,,,
24752000,6188,4.375,,0.9701578617095947,,,,4.375,,,,,,,,,
24756000,6189,3.5,,1.0400384664535522,,,,3.5,,,,,,,,,
24760000,6190,3.875,,0.9922143816947937,,,,3.875,,,,,,,,,
24764000,6191,3.625,,0.9764283895492554,,,,3.625,,,,,,,,,
24768000,6192,3.25,,0.9859650731086731,,,,3.25,,,,,,,,,
24772000,6193,4.25,,1.0050394535064697,,,,4.25,,,,,,,,,
24776000,6194,2.625,,0.9959526062011719,,,,2.625,,,,,,,,,
24780000,6195,4.0,,0.9799689650535583,,,,4.0,,,,,,,,,
24784000,6196,4.5,,1.0066616535186768,,,,4.5,,,,,,,,,
24788000,6197,4.25,,1.0263323783874512,,,,4.25,,,,,,,,,
24792000,6198,3.875,,0.9779340028762817,,,,3.875,,,,,,,,,
24796000,6199,4.125,,1.014991044998169,,,,4.125,,,,,,,,,
24800000,6200,4.375,,1.0357122421264648,,,,4.375,,,,,,,,,
24804000,6201,3.75,,0.9669897556304932,,,,3.75,,,,,,,,,
24808000,6202,4.5,,0.999445378780365,,,,4.5,,,,,,,,,
24812000,6203,3.875,,1.03780996799469,,,,3.875,,,,,,,,,
24816000,6204,2.75,,0.942775547504425,,,,2.75,,,,,,,,,
24820000,6205,3.75,,1.0650440454483032,,,,3.75,,,,,,,,,
24824000,6206,3.625,,1.011070728302002,,,,3.625,,,,,,,,,
24828000,6207,4.0,,0.9908455610275269,,,,4.0,,,,,,,,,
24832000,6208,3.875,,1.0161709785461426,,,,3.875,,,,,,,,,
24836000,6209,4.125,,1.002457857131958,,,,4.125,,,,,,,,,
24840000,6210,3.625,,1.0228261947631836,,,,3.625,,,,,,,,,
24844000,6211,4.125,,0.9883341789245605,,,,4.125,,,,,,,,,
24848000,6212,4.0,,1.0289781093597412,,,,4.0,,,,,,,,,
24852000,6213,4.375,,1.0190304517745972,,,,4.375,,,,,,,,,
24856000,6214,3.75,,0.977676510810852,,,,3.75,,,,,,,,,
24860000,6215,4.25,,0.9723819494247437,,,,4.25,,,,,,,,,
24864000,6216,3.875,,1.0038414001464844,,,,3.875,,,,,,,,,
24868000,6217,4.5,,1.0451741218566895,,,,4.5,,,,,,,,,
24872000,6218,2.75,,1.004752278327942,,,,2.75,,,,,,,,,
24876000,6219,4.625,,0.9860891699790955,,,,4.625,,,,,,,,,
24880000,6220,4.375,,1.012002944946289,,,,4.375,,,,,,,,,
24884000,6221,4.125,,1.0209131240844727,,,,4.125,,,,,,,,,
24888000,6222,4.0,,0.9585268497467041,,,,4.0,,,,,,,,,
24892000,6223,4.5,,0.9907644987106323,,,,4.5,,,,,,,,,
24896000,6224,3.5,,0.9724549055099487,,,,3.5,,,,,,,,,
24900000,6225,4.25,,1.000165581703186,,,,4.25,,,,,,,,,
24904000,6226,4.0,,1.0498955249786377,,,,4.0,,,,,,,,,
24908000,6227,4.125,,1.0204682350158691,,,,4.125,,,,,,,,,
24912000,6228,4.0,,0.9824217557907104,,,,4.0,,,,,,,,,
24916000,6229,4.0,,1.089742660522461,,,,4.0,,,,,,,,,
24920000,6230,4.25,,1.0301443338394165,,,,4.25,,,,,,,,,
24924000,6231,4.125,,0.9788944721221924,,,,4.125,,,,,,,,,
24928000,6232,4.125,,0.9851909279823303,,,,4.125,,,,,,,,,
24932000,6233,4.5,,0.9909257888793945,,,,4.5,,,,,,,,,
24936000,6234,3.5,,1.0027575492858887,,,,3.5,,,,,,,,,
24940000,6235,4.25,,1.0429956912994385,,,,4.25,,,,,,,,,
24944000,6236,3.5,,0.9918556809425354,,,,3.5,,,,,,,,,
24948000,6237,4.0,,0.975928544998169,,,,4.0,,,,,,,,,
24952000,6238,3.375,,0.9469103813171387,,,,3.375,,,,,,,,,
24956000,6239,4.25,,0.9770858287811279,,,,4.25,,,,,,,,,
24960000,6240,4.25,,1.0195794105529785,,,,4.25,,,,,,,,,
24964000,6241,4.75,,1.0477910041809082,,,,4.75,,,,,,,,,
24968000,6242,4.25,,0.9991965889930725,,,,4.25,,,,,,,,,
24972000,6243,3.0,,0.9742962121963501,,,,3.0,,,,,,,,,
24976000,6244,4.5,,1.0022555589675903,,,,4.5,,,,,,,,,
24980000,6245,4.375,,1.0390729904174805,,,,4.375,,,,,,,,,
24984000,6246,4.125,,0.9613572955131531,,,,4.125,,,,,,,,,
24988000,6247,3.875,,0.9387550354003906,,,,3.875,,,,,,,,,
24992000,6248,4.0,,1.0070677995681763,,,,4.0,,,,,,,,,
24996000,6249,4.0,,1.0238959789276123,,,,4.0,,,,,,,,,
25000000,6250,4.375,,0.9897489547729492,,,,4.375,,,,,,,,,
25004000,6251,4.25,,1.0249323844909668,,,,4.25,,,,,,,,,
25008000,6252,3.75,,1.0112967491149902,,,,3.75,,,,,,,,,
25012000,6253,4.75,,1.0285930633544922,,,,4.75,,,,,,,,,
25016000,6254,4.5,,0.9857995510101318,,,,4.5,,,,,,,,,
25020000,6255,4.25,,1.0095739364624023,,,,4.25,,,,,,,,,
25024000,6256,4.125,,0.9671773314476013,,,,4.125,,,,,,,,,
25028000,6257,3.875,,0.9819953441619873,,,,3.875,,,,,,,,,
25032000,6258,4.375,,1.0186927318572998,,,,4.375,,,,,,,,,
25036000,6259,3.625,,0.9668857455253601,,,,3.625,,,,,,,,,
25040000,6260,3.375,,0.9510062336921692,,,,3.375,,,,,,,,,
25044000,6261,4.125,,1.0017234086990356,,,,4.125,,,,,,,,,
25048000,6262,4.875,,1.0202605724334717,,,,4.875,,,,,,,,,
25052000,6263,4.25,,0.9860753417015076,,,,4.25,,,,,,,,,
25056000,6264,3.5,,1.0267205238342285,,,,3.5,,,,,,,,,
25060000,6265,3.625,,0.9447821378707886,,,,3.625,,,,,,,,,
25064000,6266,3.5,,1.0158261060714722,,,,3.5,,,,,,,,,
25068000,6267,4.5,,0.9945415258407593,,,,4.5,,,,,,,,,
25072000,6268,4.75,,0.9876365661621094,,,,4.75,,,,,,,,,
25076000,6269,3.875,,0.965287446975708,,,,3.875,,,,,,,,,
25080000,6270,5.0,,1.023284673690796,,,,5.0,,,,,,,,,
25084000,6271,4.0,,0.9653494954109192,,,,4.0,,,,,,,,,
25088000,6272,4.125,,0.9794235229492188,,,,4.125,,,,,,,,,
25092000,6273,2.875,,0.9874602556228638,,,,2.875,,,,,,,,,
25096000,6274,2.875,,0.9498250484466553,,,,2.875,,,,,,,,,
25100000,6275,3.875,,0.9759873151779175,,,,3.875,,,,,,,,,
25104000,6276,4.125,,1.024808645248413,,,,4.125,,,,,,,,,
25108000,6277,4.375,,0.9131723642349243,,,,4.375,,,,,,,,,
25112000,6278,3.75,,0.9614525437355042,,,,3.75,,,,,,,,,
25116000,6279,3.75,,0.9680245518684387,,,,3.75,,,,,,,,,
25120000,6280,4.25,,0.9654290676116943,,,,4.25,,,,,,,,,
25124000,6281,4.125,,0.9693458080291748,,,,4.125,,,,,,,,,
25128000,6282,3.875,,0.9440428018569946,,,,3.875,,,,,,,,,
25132000,6283,3.75,,0.9292767643928528,,,,3.75,,,,,,,,,
25136000,6284,4.0,,1.0036461353302002,,,,4.0,,,,,,,,,
25140000,6285,4.375,,0.9616532325744629,,,,4.375,,,,,,,,,
25144000,6286,4.375,,1.004767656326294,,,,4.375,,,,,,,,,
25148000,6287,4.125,,0.9381866455078125,,,,4.125,,,,,,,,,
25152000,6288,3.125,,1.0145376920700073,,,,3.125,,,,,,,,,
25156000,6289,2.5,,0.9021918177604675,,,,2.5,,,,,,,,,
25160000,6290,4.125,,0.9424086213111877,,,,4.125,,,,,,,,,
25164000,6291,4.0,,0.9261902570724487,,,,4.0,,,,,,,,,
25168000,6292,4.0,,0.9386594891548157,,,,4.0,,,,,,,,,
25172000,6293,3.875,,0.9923113584518433,,,,3.875,,,,,,,,,
25176000,6294,4.25,,0.9996557831764221,,,,4.25,,,,,,,,,
25180000,6295,3.875,,0.9570268392562866,,,,3.875,,,,,,,,,
25184000,6296,3.875,,0.9833625555038452,,,,3.875,,,,,,,,,
25188000,6297,3.875,,0.9831072092056274,,,,3.875,,,,,,,,,
25192000,6298,3.375,,0.9582881331443787,,,,3.375,,,,,,,,,
25196000,6299,2.0,,0.9583196640014648,,,,2.0,,,,,,,,,
25200000,6300,3.5,,0.9335826635360718,,,,3.5,,,,,,,,,
25204000,6301,3.75,,0.9609105587005615,,,,3.75,,,,,,,,,
25208000,6302,2.125,,0.9881488084793091,,,,2.125,,,,,,,,,
25212000,6303,3.125,,0.9179997444152832,,,,3.125,,,,,,,,,
25216000,6304,2.75,,0.9596077799797058,,,,2.75,,,,,,,,,
25220000,6305,2.625,,0.9326150417327881,,,,2.625,,,,,,,,,
25224000,6306,3.125,,0.9644902944564819,,,,3.125,,,,,,,,,
25228000,6307,2.625,,0.9077140688896179,,,,2.625,,,,,,,,,
25232000,6308,3.75,,0.9457989931106567,,,,3.75,,,,,,,,,
25236000,6309,3.25,,0.947913408279419,,,,3.25,,,,,,,,,
25240000,6310,3.5,,0.9524129629135132,,,,3.5,,,,,,,,,
25244000,6311,4.0,,0.9035250544548035,,,,4.0,,,,,,,,,
25248000,6312,3.0,,0.9648157358169556,,,,3.0,,,,,,,,,
25252000,6313,4.0,,0.9177373647689819,,,,4.0,,,,,,,,,
25256000,6314,4.375,,0.9621011018753052,,,,4.375,,,,,,,,,
25260000,6315,4.0,,0.9505351781845093,,,,4.0,,,,,,,,,
25264000,6316,3.5,,0.9449310898780823,,,,3.5,,,,,,,,,
25268000,6317,3.25,,0.9114898443222046,,,,3.25,,,,,,,,,
25272000,6318,3.625,,0.9798067808151245,,,,3.625,,,,,,,,,
25276000,6319,4.125,,0.9862315058708191,,,,4.125,,,,,,,,,
25280000,6320,4.125,,0.9257475137710571,,,,4.125,,,,,,,,,
25284000,6321,3.75,,0.9693315029144287,,,,3.75,,,,,,,,,
25288000,6322,3.625,,0.9426858425140381,,,,3.625,,,,,,,,,
25292000,6323,3.375,,0.9275100827217102,,,,3.375,,,,,,,,,
25296000,6324,3.875,,0.9670300483703613,,,,3.875,,,,,,,,,
25300000,6325,4.375,,0.9222207069396973,,,,4.375,,,,,,,,,
25304000,6326,3.5,,0.9718547463417053,,,,3.5,,,,,,,,,
25308000,6327,3.875,,0.9594841003417969,,,,3.875,,,,,,,,,
25312000,6328,4.0,,0.9520946741104126,,,,4.0,,,,,,,,,
25316000,6329,4.0,,0.9220142364501953,,,,4.0,,,,,,,,,
25320000,6330,4.0,,0.9520303606987,,,,4.0,,,,,,,,,
25324000,6331,4.0,,0.913955807685852,,,,4.0,,,,,,,,,
25328000,6332,3.625,,0.9415043592453003,,,,3.625,,,,,,,,,
25332000,6333,4.875,,0.9487847089767456,,,,4.875,,,,,,,,,
25336000,6334,3.125,,0.9336932301521301,,,,3.125,,,,,,,,,
25340000,6335,4.875,,0.9354907870292664,,,,4.875,,,,,,,,,
25344000,6336,4.375,,0.9468320608139038,,,,4.375,,,,,,,,,
25348000,6337,3.875,,0.9573605060577393,,,,3.875,,,,,,,,,
25352000,6338,3.5,,0.9021024107933044,,,,3.5,,,,,,,,,
25356000,6339,3.0,,0.9229361414909363,,,,3.0,,,,,,,,,
25360000,6340,4.5,,0.9573785066604614,,,,4.5,,,,,,,,,
25364000,6341,4.5,,0.9143106937408447,,,,4.5,,,,,,,,,
25368000,6342,4.0,,0.9503591060638428,,,,4.0,,,,,,,,,
25372000,6343,3.625,,0.9474201798439026,,,,3.625,,,,,,,,,
25376000,6344,3.75,,0.8945994973182678,,,,3.75,,,,,,,,,
25380000,6345,4.5,,0.9010707139968872,,,,4.5,,,,,,,,,
25384000,6346,3.75,,0.9396920800209045,,,,3.75,,,,,,,,,
25388000,6347,4.375,,1.0011041164398193,,,,4.375,,,,,,,,,
25392000,6348,4.125,,0.907007098197937,,,,4.125,,,,,,,,,
25396000,6349,4.375,,0.9458819627761841,,,,4.375,,,,,,,,,
25400000,6350,2.875,,0.8905453681945801,,,,2.875,,,,,,,,,
25404000,6351,4.375,,0.9495136141777039,,,,4.375,,,,,,,,,
25408000,6352,4.5,,0.9278305172920227,,,,4.5,,,,,,,,,
25412000,6353,4.25,,0.9438799619674683,,,,4.25,,,,,,,,,
25416000,6354,4.0,,0.9623671770095825,,,,4.0,,,,,,,,,
25420000,6355,4.25,,0.9482285976409912,,,,4.25,,,,,,,,,
25424000,6356,4.125,,0.9490098357200623,,,,4.125,,,,,,,,,
25428000,6357,4.625,,0.98407381772995,,,,4.625,,,,,,,,,
25432000,6358,3.875,,0.9340440034866333,,,,3.875,,,,,,,,,
25436000,6359,4.625,,0.9257262349128723,,,,4.625,,,,,,,,,
25440000,6360,4.25,,0.9645136594772339,,,,4.25,,,,,,,,,
25444000,6361,3.375,,0.8973064422607422,,,,3.375,,,,,,,,,
25448000,6362,4.125,,0.9469922780990601,,,,4.125,,,,,,,,,
25452000,6363,4.0,,0.9557346105575562,,,,4.0,,,,,,,,,
25456000,6364,4.0,,0.9495671391487122,,,,4.0,,,,,,,,,
25460000,6365,4.125,,0.972836971282959,,,,4.125,,,,,,,,,
25464000,6366,4.5,,1.0010292530059814,,,,4.5,,,,,,,,,
25468000,6367,4.25,,0.9212760925292969,,,,4.25,,,,,,,,,
25472000,6368,4.5,,0.9573546648025513,,,,4.5,,,,,,,,,
25476000,6369,4.125,,0.9461320638656616,,,,4.125,,,,,,,,,
25480000,6370,4.125,,0.9323194026947021,,,,4.125,,,,,,,,,
25484000,6371,3.875,,1.0025160312652588,,,,3.875,,,,,,,,,
25488000,6372,4.25,,0.906242311000824,,,,4.25,,,,,,,,,
25492000,6373,4.0,,0.9324395656585693,,,,4.0,,,,,,,,,
25496000,6374,4.125,,0.9799027442932129,,,,4.125,,,,,,,,,
25500000,6375,4.375,,0.9718620777130127,,,,4.375,,,,,,,,,
25504000,6376,4.0,,0.9326345920562744,,,,4.0,,,,,,,,,
25508000,6377,4.0,,0.9923059940338135,,,,4.0,,,,,,,,,
25512000,6378,4.375,,0.9358561038970947,,,,4.375,,,,,,,,,
25516000,6379,3.875,,0.9232323169708252,,,,3.875,,,,,,,,,
25520000,6380,3.75,,0.969846248626709,,,,3.75,,,,,,,,,
25524000,6381,4.5,,0.944739580154419,,,,4.5,,,,,,,,,
25528000,6382,4.0,,0.9172278642654419,,,,4.0,,,,,,,,,
25532000,6383,4.25,,0.8784024715423584,,,,4.25,,,,,,,,,
25536000,6384,4.25,,0.8912579417228699,,,,4.25,,,,,,,,,
25540000,6385,4.125,,0.9376753568649292,,,,4.125,,,,,,,,,
25544000,6386,4.0,,0.963670015335083,,,,4.0,,,,,,,,,
25548000,6387,4.375,,0.8973978757858276,,,,4.375,,,,,,,,,
25552000,6388,4.0,,0.9280623197555542,,,,4.0,,,,,,,,,
25556000,6389,4.5,,0.9739353656768799,,,,4.5,,,,,,,,,
25560000,6390,4.375,,0.9229803681373596,,,,4.375,,,,,,,,,
25564000,6391,4.25,,0.9039407968521118,,,,4.25,,,,,,,,,
25568000,6392,4.75,,0.9771825671195984,,,,4.75,,,,,,,,,
25572000,6393,4.375,,0.9364832639694214,,,,4.375,,,,,,,,,
25576000,6394,4.0,,0.9528095722198486,,,,4.0,,,,,,,,,
25580000,6395,3.75,,0.9717794060707092,,,,3.75,,,,,,,,,
25584000,6396,4.125,,0.9291079044342041,,,,4.125,,,,,,,,,
25588000,6397,3.75,,0.9554921984672546,,,,3.75,,,,,,,,,
25592000,6398,3.75,,0.9823455214500427,,,,3.75,,,,,,,,,
25596000,6399,4.125,,0.9150946140289307,,,,4.125,,,,,,,,,
25600000,6400,4.625,,0.9383952617645264,,,,4.625,,,,,,,,,
25604000,6401,4.625,,0.933951199054718,,,,4.625,,,,,,,,,
25608000,6402,3.625,,0.9398338794708252,,,,3.625,,,,,,,,,
25612000,6403,3.125,,0.9452167749404907,,,,3.125,,,,,,,,,
25616000,6404,3.875,,0.9295072555541992,,,,3.875,,,,,,,,,
25620000,6405,3.625,,0.9965758919715881,,,,3.625,,,,,,,,,
25624000,6406,3.75,,0.9240474104881287,,,,3.75,,,,,,,,,
25628000,6407,3.5,,0.9452704191207886,,,,3.5,,,,,,,,,
25632000,6408,2.625,,0.938951849937439,,,,2.625,,,,,,,,,
25636000,6409,1.5,,0.9070717692375183,,,,1.5,,,,,,,,,
25640000,6410,3.0,,0.9255497455596924,,,,3.0,,,,,,,,,
25644000,6411,3.5,,0.9682996273040771,,,,3.5,,,,,,,,,
25648000,6412,3.75,,0.8883256912231445,,,,3.75,,,,,,,,,
25652000,6413,3.5,,0.9579135179519653,,,,3.5,,,,,,,,,
25656000,6414,3.25,,0.9341565370559692,,,,3.25,,,,,,,,,
25660000,6415,3.625,,0.9978426694869995,,,,3.625,,,,,,,,,
25664000,6416,4.125,,0.9548395872116089,,,,4.125,,,,,,,,,
25668000,6417,3.625,,0.9233042001724243,,,,3.625,,,,,,,,,
25672000,6418,3.75,,0.9461125135421753,,,,3.75,,,,,,,,,
25676000,6419,2.875,,0.9334487915039062,,,,2.875,,,,,,,,,
25680000,6420,3.875,,0.9389487504959106,,,,3.875,,,,,,,,,
25684000,6421,4.0,,0.9170061945915222,,,,4.0,,,,,,,,,
25688000,6422,3.5,,0.9553260803222656,,,,3.5,,,,,,,,,
25692000,6423,2.5,,0.9557329416275024,,,,2.5,,,,,,,,,
25696000,6424,3.75,,0.9083691835403442,,,,3.75,,,,,,,,,
25700000,6425,3.0,,0.926022469997406,,,,3.0,,,,,,,,,
25704000,6426,3.125,,0.9329485297203064,,,,3.125,,,,,,,,,
25708000,6427,3.625,,0.9484571218490601,,,,3.625,,,,,,,,,
25712000,6428,4.125,,0.895081102848053,,,,4.125,,,,,,,,,
25716000,6429,3.625,,0.947600781917572,,,,3.625,,,,,,,,,
25720000,6430,4.375,,0.9681732654571533,,,,4.375,,,,,,,,,
25724000,6431,4.0,,0.9467028379440308,,,,4.0,,,,,,,,,
25728000,6432,4.125,,0.9053617715835571,,,,4.125,,,,,,,,,
25732000,6433,3.875,,0.9508544206619263,,,,3.875,,,,,,,,,
25736000,6434,3.375,,0.9658998847007751,,,,3.375,,,,,,,,,
25740000,6435,4.375,,0.9476866722106934,,,,4.375,,,,,,,,,
25744000,6436,4.125,,0.998160719871521,,,,4.125,,,,,,,,,
25748000,6437,2.75,,0.9397313594818115,,,,2.75,,,,,,,,,
25752000,6438,3.875,,0.9920292496681213,,,,3.875,,,,,,,,,
25756000,6439,2.5,,0.9695444703102112,,,,2.5,,,,,,,,,
25760000,6440,3.875,,0.9063637256622314,,,,3.875,,,,,,,,,
25764000,6441,3.75,,0.9570646286010742,,,,3.75,,,,,,,,,
25768000,6442,3.375,,1.003644347190857,,,,3.375,,,,,,,,,
25772000,6443,3.125,,0.9803231954574585,,,,3.125,,,,,,,,,
25776000,6444,3.25,,0.9132679104804993,,,,3.25,,,,,,,,,
25780000,6445,4.875,,0.9375439882278442,,,,4.875,,,,,,,,,
25784000,6446,2.125,,0.9750465154647827,,,,2.125,,,,,,,,,
25788000,6447,3.875,,0.9083064794540405,,,,3.875,,,,,,,,,
25792000,6448,4.125,,0.9253632426261902,,,,4.125,,,,,,,,,
25796000,6449,4.125,,1.0154082775115967,,,,4.125,,,,,,,,,
25800000,6450,3.875,,0.9827406406402588,,,,3.875,,,,,,,,,
25804000,6451,3.875,,0.9574713706970215,,,,3.875,,,,,,,,,
25808000,6452,4.125,,0.9335085153579712,,,,4.125,,,,,,,,,
25812000,6453,4.25,,0.9523070454597473,,,,4.25,,,,,,,,,
25816000,6454,4.25,,0.8848779201507568,,,,4.25,,,,,,,,,
25820000,6455,4.25,,1.0442824363708496,,,,4.25,,,,,,,,,
25824000,6456,4.125,,0.9394896030426025,,,,4.125,,,,,,,,,
25828000,6457,4.25,,0.9382757544517517,,,,4.25,,,,,,,,,
25832000,6458,3.875,,1.0078938007354736,,,,3.875,,,,,,,,,
25836000,6459,4.125,,1.013648271560669,,,,4.125,,,,,,,,,
25840000,6460,3.875,,0.9414546489715576,,,,3.875,,,,,,,,,
25844000,6461,4.25,,0.9529099464416504,,,,4.25,,,,,,,,,
25848000,6462,4.25,,0.9634473919868469,,,,4.25,,,,,,,,,
25852000,6463,4.125,,0.9319359064102173,,,,4.125,,,,,,,,,
25856000,6464,4.375,,0.9771937131881714,,,,4.375,,,,,,,,,
25860000,6465,3.875,,0.9626021981239319,,,,3.875,,,,,,,,,
25864000,6466,3.75,,0.9546969532966614,,,,3.75,,,,,,,,,
25868000,6467,3.625,,0.9647749662399292,,,,3.625,,,,,,,,,
25872000,6468,4.625,,0.9604450464248657,,,,4.625,,,,,,,,,
25876000,6469,4.25,,0.9476502537727356,,,,4.25,,,,,,,,,
25880000,6470,4.0,,0.97579425573349,,,,4.0,,,,,,,,,
25884000,6471,3.625,,0.9624502062797546,,,,3.625,,,,,,,,,
25888000,6472,4.375,,1.023982048034668,,,,4.375,,,,,,,,,
25892000,6473,4.0,,0.9884164929389954,,,,4.0,,,,,,,,,
25896000,6474,3.625,,0.9128404855728149,,,,3.625,,,,,,,,,
25900000,6475,4.125,,0.9633888602256775,,,,4.125,,,,,,,,,
25904000,6476,3.875,,0.9199855327606201,,,,3.875,,,,,,,,,
25908000,6477,4.25,,1.016416072845459,,,,4.25,,,,,,,,,
25912000,6478,2.875,,0.9714064002037048,,,,2.875,,,,,,,,,
25916000,6479,4.625,,0.9346905946731567,,,,4.625,,,,,,,,,
25920000,6480,3.875,,1.008594036102295,,,,3.875,,,,,,,,,
25924000,6481,3.625,,0.9601316452026367,,,,3.625,,,,,,,,,
25928000,6482,4.125,,0.9117820858955383,,,,4.125,,,,,,,,,
25932000,6483,3.125,,0.9736285209655762,,,,3.125,,,,,,,,,
25936000,6484,3.75,,0.9453070759773254,,,,3.75,,,,,,,,,
25940000,6485,1.75,,0.9215469360351562,,,,1.75,,,,,,,,,
25944000,6486,4.25,,0.9612658023834229,,,,4.25,,,,,,,,,
25948000,6487,3.625,,0.9714062809944153,,,,3.625,,,,,,,,,
25952000,6488,4.375,,0.9169840812683105,,,,4.375,,,,,,,,,
25956000,6489,2.625,,0.9511100053787231,,,,2.625,,,,,,,,,
25960000,6490,4.25,,0.9558584690093994,,,,4.25,,,,,,,,,
25964000,6491,4.375,,0.9029278755187988,,,,4.375,,,,,,,,,
25968000,6492,2.25,,0.8906669616699219,,,,2.25,,,,,,,,,
25972000,6493,3.125,,0.9480372071266174,,,,3.125,,,,,,,,,
25976000,6494,3.125,,0.9597527980804443,,,,3.125,,,,,,,,,
25980000,6495,4.0,,0.917433500289917,,,,4.0,,,,,,,,,
25984000,6496,3.0,,0.887914776802063,,,,3.0,,,,,,,,,
25988000,6497,2.25,,0.9109496474266052,,,,2.25,,,,,,,,,
25992000,6498,4.0,,0.9451607465744019,,,,4.0,,,,,,,,,
25996000,6499,4.25,,0.9300843477249146,,,,4.25,,,,,,,,,
26000000,6500,3.125,,0.9268923997879028,,,,3.125,,,,,,,,,
26004000,6501,4.0,,0.9217116832733154,,,,4.0,,,,,,,,,
26008000,6502,3.375,,0.9538278579711914,,,,3.375,,,,,,,,,
26012000,6503,2.625,,0.9216208457946777,,,,2.625,,,,,,,,,
26016000,6504,4.375,,0.9099676012992859,,,,4.375,,,,,,,,,
26020000,6505,3.875,,0.9720686078071594,,,,3.875,,,,,,,,,
26024000,6506,4.125,,0.9582115411758423,,,,4.125,,,,,,,,,
26028000,6507,3.875,,0.8885006904602051,,,,3.875,,,,,,,,,
26032000,6508,4.375,,0.9457594156265259,,,,4.375,,,,,,,,,
26036000,6509,4.25,,0.8872685432434082,,,,4.25,,,,,,,,,
26040000,6510,4.375,,0.9245375394821167,,,,4.375,,,,,,,,,
26044000,6511,4.25,,0.9053212404251099,,,,4.25,,,,,,,,,
26048000,6512,4.25,,0.9232731461524963,,,,4.25,,,,,,,,,
26052000,6513,4.25,,0.9581389427185059,,,,4.25,,,,,,,,,
26056000,6514,4.125,,0.949548602104187,,,,4.125,,,,,,,,,
26060000,6515,4.125,,0.9524126052856445,,,,4.125,,,,,,,,,
26064000,6516,3.875,,0.9875742197036743,,,,3.875,,,,,,,,,
26068000,6517,4.0,,0.8810019493103027,,,,4.0,,,,,,,,,
26072000,6518,3.875,,0.9266467094421387,,,,3.875,,,,,,,,,
26076000,6519,4.375,,0.9200611114501953,,,,4.375,,,,,,,,,
26080000,6520,3.25,,0.8875083923339844,,,,3.25,,,,,,,,,
26084000,6521,4.25,,0.8920261859893799,,,,4.25,,,,,,,,,
26088000,6522,4.375,,0.9057783484458923,,,,4.375,,,,,,,,,
26092000,6523,4.25,,0.9088362455368042,,,,4.25,,,,,,,,,
26096000,6524,4.625,,0.9034820795059204,,,,4.625,,,,,,,,,
26100000,6525,4.0,,0.9405298233032227,,,,4.0,,,,,,,,,
26104000,6526,4.125,,0.9232625365257263,,,,4.125,,,,,,,,,
26108000,6527,4.375,,0.9274061918258667,,,,4.375,,,,,,,,,
26112000,6528,4.125,,0.9417824745178223,,,,4.125,,,,,,,,,
26116000,6529,3.625,,0.8753746747970581,,,,3.625,,,,,,,,,
26120000,6530,3.625,,0.8551701307296753,,,,3.625,,,,,,,,,
26124000,6531,4.25,,0.9527403116226196,,,,4.25,,,,,,,,,
26128000,6532,4.125,,0.9029443860054016,,,,4.125,,,,,,,,,
26132000,6533,4.875,,0.9248515367507935,,,,4.875,,,,,,,,,
26136000,6534,3.625,,0.9394783973693848,,,,3.625,,,,,,,,,
26140000,6535,4.0,,0.9447686076164246,,,,4.0,,,,,,,,,
26144000,6536,4.0,,0.8799504041671753,,,,4.0,,,,,,,,,
26148000,6537,4.375,,0.9190317988395691,,,,4.375,,,,,,,,,
26152000,6538,4.25,,0.9282023906707764,,,,4.25,,,,,,,,,
26156000,6539,3.625,,0.9174817800521851,,,,3.625,,,,,,,,,
26160000,6540,3.625,,0.9244868755340576,,,,3.625,,,,,,,,,
26164000,6541,3.125,,0.9275275468826294,,,,3.125,,,,,,,,,
26168000,6542,4.375,,0.934819757938385,,,,4.375,,,,,,,,,
26172000,6543,2.625,,0.9382126331329346,,,,2.625,,,,,,,,,
26176000,6544,3.625,,0.9560059309005737,,,,3.625,,,,,,,,,
26180000,6545,3.875,,0.8910731077194214,,,,3.875,,,,,,,,,
26184000,6546,3.5,,0.9646406769752502,,,,3.5,,,,,,,,,
26188000,6547,3.75,,0.9440629482269287,,,,3.75,,,,,,,,,
26192000,6548,4.25,,0.9117770195007324,,,,4.25,,,,,,,,,
26196000,6549,3.375,,0.8680387139320374,,,,3.375,,,,,,,,,
26200000,6550,4.125,,0.9424545764923096,,,,4.125,,,,,,,,,
26204000,6551,4.375,,0.9148793816566467,,,,4.375,,,,,,,,,
26208000,6552,2.75,,0.9369931817054749,,,,2.75,,,,,,,,,
26212000,6553,2.875,,0.9924066066741943,,,,2.875,,,,,,,,,
26216000,6554,4.25,,0.8855569362640381,,,,4.25,,,,,,,,,
26220000,6555,4.0,,0.9353890419006348,,,,4.0,,,,,,,,,
26224000,6556,4.25,,0.9359238147735596,,,,4.25,,,,,,,,,
26228000,6557,4.0,,0.9430509805679321,,,,4.0,,,,,,,,,
26232000,6558,3.75,,0.9127795696258545,,,,3.75,,,,,,,,,
26236000,6559,4.125,,0.9315968155860901,,,,4.125,,,,,,,,,
26240000,6560,3.875,,0.9462939500808716,,,,3.875,,,,,,,,,
26244000,6561,3.75,,0.9677774906158447,,,,3.75,,,,,,,,,
26248000,6562,3.5,,0.8961443901062012,,,,3.5,,,,,,,,,
26252000,6563,3.875,,0.9300633072853088,,,,3.875,,,,,,,,,
26256000,6564,4.0,,0.9497490525245667,,,,4.0,,,,,,,,,
26260000,6565,4.0,,0.9273449778556824,,,,4.0,,,,,,,,,
26264000,6566,4.375,,0.9417930841445923,,,,4.375,,,,,,,,,
26268000,6567,4.625,,0.9499155879020691,,,,4.625,,,,,,,,,
26272000,6568,4.625,,0.9322682023048401,,,,4.625,,,,,,,,,
26276000,6569,3.875,,0.9183920621871948,,,,3.875,,,,,,,,,
26280000,6570,4.125,,0.9249216318130493,,,,4.125,,,,,,,,,
26284000,6571,4.125,,0.9632391929626465,,,,4.125,,,,,,,,,
26288000,6572,4.125,,0.9126447439193726,,,,4.125,,,,,,,,,
26292000,6573,4.125,,0.9529813528060913,,,,4.125,,,,,,,,,
26296000,6574,3.875,,0.9470686912536621,,,,3.875,,,,,,,,,
26300000,6575,3.875,,0.9214199781417847,,,,3.875,,,,,,,,,
26304000,6576,4.25,,0.9768770337104797,,,,4.25,,,,,,,,,
26308000,6577,4.125,,0.9578393697738647,,,,4.125,,,,,,,,,
26312000,6578,4.5,,0.9350770711898804,,,,4.5,,,,,,,,,
26316000,6579,3.625,,0.9937335848808289,,,,3.625,,,,,,,,,
26320000,6580,4.375,,0.9429776668548584,,,,4.375,,,,,,,,,
26324000,6581,4.5,,0.9820188283920288,,,,4.5,,,,,,,,,
26328000,6582,4.25,,0.9177827835083008,,,,4.25,,,,,,,,,
26332000,6583,4.0,,0.9213260412216187,,,,4.0,,,,,,,,,
26336000,6584,5.0,,0.9248752593994141,,,,5.0,,,,,,,,,
26340000,6585,4.0,,1.0022461414337158,,,,4.0,,,,,,,,,
26344000,6586,3.75,,0.9398752450942993,,,,3.75,,,,,,,,,
26348000,6587,4.0,,0.9290123581886292,,,,4.0,,,,,,,,,
26352000,6588,4.125,,1.016076683998108,,,,4.125,,,,,,,,,
26356000,6589,4.25,,0.9516888856887817,,,,4.25,,,,,,,,,
26360000,6590,3.75,,0.9632344841957092,,,,3.75,,,,,,,,,
26364000,6591,3.25,,0.9350045919418335,,,,3.25,,,,,,,,,
26368000,6592,4.25,,0.9430338144302368,,,,4.25,,,,,,,,,
26372000,6593,4.5,,0.9478329420089722,,,,4.5,,,,,,,,,
26376000,6594,4.25,,0.9251528978347778,,,,4.25,,,,,,,,,
26380000,6595,3.75,,0.9607924222946167,,,,3.75,,,,,,,,,
26384000,6596,4.25,,0.9401391744613647,,,,4.25,,,,,,,,,
26388000,6597,4.25,,0.9596430063247681,,,,4.25,,,,,,,,,
26392000,6598,3.375,,0.9216094017028809,,,,3.375,,,,,,,,,
26396000,6599,4.125,,0.9322007298469543,,,,4.125,,,,,,,,,
26400000,6600,4.625,,0.9878660440444946,,,,4.625,,,,,,,,,
26404000,6601,4.625,,0.982824444770813,,,,4.625,,,,,,,,,
26408000,6602,4.125,,0.9380331039428711,,,,4.125,,,,,,,,,
26412000,6603,4.25,,0.976580023765564,,,,4.25,,,,,,,,,
26416000,6604,4.25,,0.9769711494445801,,,,4.25,,,,,,,,,
26420000,6605,4.375,,0.9261306524276733,,,,4.375,,,,,,,,,
26424000,6606,3.125,,0.9880544543266296,,,,3.125,,,,,,,,,
26428000,6607,2.75,,0.9020678997039795,,,,2.75,,,,,,,,,
26432000,6608,4.5,,0.9568535089492798,,,,4.5,,,,,,,,,
26436000,6609,4.25,,0.9444363117218018,,,,4.25,,,,,,,,,
26440000,6610,3.875,,0.9428870677947998,,,,3.875,,,,,,,,,
26444000,6611,4.375,,0.9472875595092773,,,,4.375,,,,,,,,,
26448000,6612,3.875,,0.9275715351104736,,,,3.875,,,,,,,,,
26452000,6613,4.25,,0.9613896608352661,,,,4.25,,,,,,,,,
26456000,6614,3.875,,0.949499249458313,,,,3.875,,,,,,,,,
26460000,6615,3.125,,0.9699457883834839,,,,3.125,,,,,,,,,
26464000,6616,3.75,,1.0071769952774048,,,,3.75,,,,,,,,,
26468000,6617,4.0,,0.9043982028961182,,,,4.0,,,,,,,,,
26472000,6618,4.25,,0.9355852603912354,,,,4.25,,,,,,,,,
26476000,6619,3.5,,0.9593551158905029,,,,3.5,,,,,,,,,
26480000,6620,3.125,,0.9275175333023071,,,,3.125,,,,,,,,,
26484000,6621,3.625,,0.9956847429275513,,,,3.625,,,,,,,,,
26488000,6622,3.125,,0.9237328171730042,,,,3.125,,,,,,,,,
26492000,6623,4.375,,0.9467867612838745,,,,4.375,,,,,,,,,
26496000,6624,4.125,,0.9605139493942261,,,,4.125,,,,,,,,,
26500000,6625,4.125,,0.9227312803268433,,,,4.125,,,,,,,,,
26504000,6626,4.0,,0.9954082369804382,,,,4.0,,,,,,,,,
26508000,6627,3.75,,0.9844543933868408,,,,3.75,,,,,,,,,
26512000,6628,3.625,,0.9246915578842163,,,,3.625,,,,,,,,,
26516000,6629,3.75,,0.9511784911155701,,,,3.75,,,,,,,,,
26520000,6630,3.375,,0.963162362575531,,,,3.375,,,,,,,,,
26524000,6631,4.0,,0.9822338819503784,,,,4.0,,,,,,,,,
26528000,6632,4.0,,0.9091318845748901,,,,4.0,,,,,,,,,
26532000,6633,3.125,,0.9726481437683105,,,,3.125,,,,,,,,,
26536000,6634,3.5,,0.9687231183052063,,,,3.5,,,,,,,,,
26540000,6635,4.25,,0.9543936252593994,,,,4.25,,,,,,,,,
26544000,6636,3.875,,0.9487099647521973,,,,3.875,,,,,,,,,
26548000,6637,4.5,,1.0038821697235107,,,,4.5,,,,,,,,,
26552000,6638,4.25,,0.9278841018676758,,,,4.25,,,,,,,,,
26556000,6639,4.0,,0.9483432769775391,,,,4.0,,,,,,,,,
26560000,6640,3.375,,0.9324511289596558,,,,3.375,,,,,,,,,
26564000,6641,4.375,,0.9722118973731995,,,,4.375,,,,,,,,,
26568000,6642,3.625,,0.9520647525787354,,,,3.625,,,,,,,,,
26572000,6643,3.5,,0.9479817152023315,,,,3.5,,,,,,,,,
26576000,6644,4.25,,0.9904556274414062,,,,4.25,,,,,,,,,
26580000,6645,3.125,,0.9395413994789124,,,,3.125,,,,,,,,,
26584000,6646,3.375,,0.939162015914917,,,,3.375,,,,,,,,,
26588000,6647,3.875,,0.948766827583313,,,,3.875,,,,,,,,,
26592000,6648,3.875,,0.923454225063324,,,,3.875,,,,,,,,,
26596000,6649,3.75,,0.9221577644348145,,,,3.75,,,,,,,,,
26600000,6650,3.25,,0.9091681241989136,,,,3.25,,,,,,,,,
26604000,6651,4.125,,0.8912557363510132,,,,4.125,,,,,,,,,
26608000,6652,4.375,,0.9569807052612305,,,,4.375,,,,,,,,,
26612000,6653,3.875,,0.9463857412338257,,,,3.875,,,,,,,,,
26616000,6654,4.125,,0.9064822196960449,,,,4.125,,,,,,,,,
26620000,6655,3.75,,1.0058066844940186,,,,3.75,,,,,,,,,
26624000,6656,4.125,,0.9422639608383179,,,,4.125,,,,,,,,,
26628000,6657,3.5,,0.8886135816574097,,,,3.5,,,,,,,,,
26632000,6658,4.625,,0.9655736088752747,,,,4.625,,,,,,,,,
26636000,6659,4.375,,0.9076980352401733,,,,4.375,,,,,,,,,
26640000,6660,4.625,,0.9275153279304504,,,,4.625,,,,,,,,,
26644000,6661,3.75,,0.9565643668174744,,,,3.75,,,,,,,,,
26648000,6662,4.5,,0.9800922870635986,,,,4.5,,,,,,,,,
26652000,6663,4.0,,0.8900983929634094,,,,4.0,,,,,,,,,
26656000,6664,4.375,,0.9544732570648193,,,,4.375,,,,,,,,,
26660000,6665,4.375,,0.9372223615646362,,,,4.375,,,,,,,,,
26664000,6666,3.875,,0.9590228796005249,,,,3.875,,,,,,,,,
26668000,6667,4.375,,0.9385903477668762,,,,4.375,,,,,,,,,
26672000,6668,3.625,,0.9434555768966675,,,,3.625,,,,,,,,,
26676000,6669,4.0,,0.9233534932136536,,,,4.0,,,,,,,,,
26680000,6670,4.5,,0.9565609693527222,,,,4.5,,,,,,,,,
26684000,6671,4.25,,0.9301970601081848,,,,4.25,,,,,,,,,
26688000,6672,3.875,,0.9750801920890808,,,,3.875,,,,,,,,,
26692000,6673,4.125,,0.9295166730880737,,,,4.125,,,,,,,,,
26696000,6674,4.25,,0.9198144674301147,,,,4.25,,,,,,,,,
26700000,6675,3.625,,0.9274154305458069,,,,3.625,,,,,,,,,
26704000,6676,3.625,,0.9623278379440308,,,,3.625,,,,,,,,,
26708000,6677,3.75,,0.954041600227356,,,,3.75,,,,,,,,,
26712000,6678,4.875,,0.9373326301574707,,,,4.875,,,,,,,,,
26716000,6679,4.5,,0.945766270160675,,,,4.5,,,,,,,,,
26720000,6680,4.25,,0.9598526954650879,,,,4.25,,,,,,,,,
26724000,6681,4.625,,0.953373908996582,,,,4.625,,,,,,,,,
26728000,6682,4.125,,0.9331012964248657,,,,4.125,,,,,,,,,
26732000,6683,4.0,,0.9854278564453125,,,,4.0,,,,,,,,,
26736000,6684,4.375,,0.9584497213363647,,,,4.375,,,,,,,,,
26740000,6685,4.75,,0.9064697027206421,,,,4.75,,,,,,,,,
26744000,6686,2.25,,0.9868194460868835,,,,2.25,,,,,,,,,
26748000,6687,4.125,,0.9397197961807251,,,,4.125,,,,,,,,,
26752000,6688,4.0,,0.9422617554664612,,,,4.0,,,,,,,,,
26756000,6689,4.25,,0.9642367362976074,,,,4.25,,,,,,,,,
26760000,6690,3.75,,0.959537148475647,,,,3.75,,,,,,,,,
26764000,6691,3.75,,0.9270910620689392,,,,3.75,,,,,,,,,
26768000,6692,3.625,,0.9138987064361572,,,,3.625,,,,,,,,,
26772000,6693,4.0,,0.9562925100326538,,,,4.0,,,,,,,,,
26776000,6694,3.25,,0.9389376044273376,,,,3.25,,,,,,,,,
26780000,6695,4.75,,0.9544168710708618,,,,4.75,,,,,,,,,
26784000,6696,4.25,,0.9369711875915527,,,,4.25,,,,,,,,,
26788000,6697,4.125,,0.9620856642723083,,,,4.125,,,,,,,,,
26792000,6698,4.625,,0.9785869121551514,,,,4.625,,,,,,,,,
26796000,6699,4.125,,0.911550760269165,,,,4.125,,,,,,,,,
26800000,6700,4.125,,0.93220454454422,,,,4.125,,,,,,,,,
26804000,6701,3.875,,0.9206798076629639,,,,3.875,,,,,,,,,
26808000,6702,4.625,,1.0004602670669556,,,,4.625,,,,,,,,,
26812000,6703,4.0,,0.9704200029373169,,,,4.0,,,,,,,,,
26816000,6704,4.0,,0.9444138407707214,,,,4.0,,,,,,,,,
26820000,6705,4.25,,0.9772772789001465,,,,4.25,,,,,,,,,
26824000,6706,4.125,,0.9772465229034424,,,,4.125,,,,,,,,,
26828000,6707,4.125,,0.9821233749389648,,,,4.125,,,,,,,,,
26832000,6708,4.75,,0.9833987951278687,,,,4.75,,,,,,,,,
26836000,6709,3.75,,0.9618067145347595,,,,3.75,,,,,,,,,
26840000,6710,3.875,,0.9249733090400696,,,,3.875,,,,,,,,,
26844000,6711,3.375,,0.9293415546417236,,,,3.375,,,,,,,,,
26848000,6712,4.875,,0.9785338640213013,,,,4.875,,,,,,,,,
26852000,6713,4.375,,0.9547609686851501,,,,4.375,,,,,,,,,
26856000,6714,4.375,,0.9631516933441162,,,,4.375,,,,,,,,,
26860000,6715,4.375,,0.9577328562736511,,,,4.375,,,,,,,,,
26864000,6716,4.125,,0.9347805976867676,,,,4.125,,,,,,,,,
26868000,6717,4.125,,0.9622083902359009,,,,4.125,,,,,,,,,
26872000,6718,4.25,,0.9627761244773865,,,,4.25,,,,,,,,,
26876000,6719,4.625,,0.9586760401725769,,,,4.625,,,,,,,,,
26880000,6720,4.375,,0.9656615853309631,,,,4.375,,,,,,,,,
26884000,6721,4.125,,0.9680470824241638,,,,4.125,,,,,,,,,
26888000,6722,3.375,,0.9244760274887085,,,,3.375,,,,,,,,,
26892000,6723,4.375,,0.9948148727416992,,,,4.375,,,,,,,,,
26896000,6724,4.125,,0.9624443054199219,,,,4.125,,,,,,,,,
26900000,6725,3.875,,0.9685884714126587,,,,3.875,,,,,,,,,
26904000,6726,4.25,,0.9381215572357178,,,,4.25,,,,,,,,,
26908000,6727,3.5,,0.9793444275856018,,,,3.5,,,,,,,,,
26912000,6728,4.125,,0.9302196502685547,,,,4.125,,,,,,,,,
26916000,6729,4.5,,0.9754294157028198,,,,4.5,,,,,,,,,
26920000,6730,3.625,,1.0063366889953613,,,,3.625,,,,,,,,,
26924000,6731,4.375,,0.9063459634780884,,,,4.375,,,,,,,,,
26928000,6732,4.125,,0.9727454781532288,,,,4.125,,,,,,,,,
26932000,6733,4.125,,0.9429052472114563,,,,4.125,,,,,,,,,
26936000,6734,4.125,,0.9345625638961792,,,,4.125,,,,,,,,,
26940000,6735,4.0,,0.9223830103874207,,,,4.0,,,,,,,,,
26944000,6736,4.125,,0.952836275100708,,,,4.125,,,,,,,,,
26948000,6737,4.625,,0.9939842224121094,,,,4.625,,,,,,,,,
26952000,6738,4.25,,0.9349268674850464,,,,4.25,,,,,,,,,
26956000,6739,4.125,,0.9475563764572144,,,,4.125,,,,,,,,,
26960000,6740,4.25,,0.9522675275802612,,,,4.25,,,,,,,,,
26964000,6741,4.125,,0.9745226502418518,,,,4.125,,,,,,,,,
26968000,6742,3.875,,0.996790885925293,,,,3.875,,,,,,,,,
26972000,6743,4.625,,0.9250531196594238,,,,4.625,,,,,,,,,
26976000,6744,3.875,,0.9440910220146179,,,,3.875,,,,,,,,,
26980000,6745,4.125,,1.0009512901306152,,,,4.125,,,,,,,,,
26984000,6746,4.625,,0.9616314172744751,,,,4.625,,,,,,,,,
26988000,6747,3.875,,0.9871318936347961,,,,3.875,,,,,,,,,
26992000,6748,4.125,,0.9677348136901855,,,,4.125,,,,,,,,,
26996000,6749,3.75,,0.9372769594192505,,,,3.75,,,,,,,,,
27000000,6750,4.25,,0.961772084236145,,,,4.25,,,,,,,,,
27004000,6751,4.625,,0.9596214890480042,,,,4.625,,,,,,,,,
27008000,6752,3.75,,0.9829537868499756,,,,3.75,,,,,,,,,
27012000,6753,3.75,,0.939792811870575,,,,3.75,,,,,,,,,
27016000,6754,4.625,,0.9831870794296265,,,,4.625,,,,,,,,,
27020000,6755,3.875,,1.014741063117981,,,,3.875,,,,,,,,,
27024000,6756,3.875,,0.9770224094390869,,,,3.875,,,,,,,,,
27028000,6757,3.875,,0.9621931314468384,,,,3.875,,,,,,,,,
27032000,6758,4.375,,0.9994127154350281,,,,4.375,,,,,,,,,
27036000,6759,4.0,,0.9973447322845459,,,,4.0,,,,,,,,,
27040000,6760,3.125,,0.9588868618011475,,,,3.125,,,,,,,,,
27044000,6761,4.375,,0.9870378375053406,,,,4.375,,,,,,,,,
27048000,6762,4.25,,1.0168042182922363,,,,4.25,,,,,,,,,
27052000,6763,4.25,,1.0249325037002563,,,,4.25,,,,,,,,,
27056000,6764,4.375,,0.9561501145362854,,,,4.375,,,,,,,,,
27060000,6765,3.875,,0.9847302436828613,,,,3.875,,,,,,,,,
27064000,6766,3.625,,0.9597086906433105,,,,3.625,,,,,,,,,
27068000,6767,4.625,,1.028123378753662,,,,4.625,,,,,,,,,
27072000,6768,4.0,,0.967182457447052,,,,4.0,,,,,,,,,
27076000,6769,4.125,,0.9363241195678711,,,,4.125,,,,,,,,,
27080000,6770,3.5,,1.0301475524902344,,,,3.5,,,,,,,,,
27084000,6771,3.5,,0.9848077297210693,,,,3.5,,,,,,,,,
27088000,6772,4.125,,0.9484911561012268,,,,4.125,,,,,,,,,
27092000,6773,3.625,,0.9560121297836304,,,,3.625,,,,,,,,,
27096000,6774,4.125,,1.0043511390686035,,,,4.125,,,,,,,,,
27100000,6775,4.0,,0.974915623664856,,,,4.0,,,,,,,,,
27104000,6776,4.125,,0.972686767578125,,,,4.125,,,,,,,,,
27108000,6777,3.625,,1.001920461654663,,,,3.625,,,,,,,,,
27112000,6778,3.75,,0.936972975730896,,,,3.75,,,,,,,,,
27116000,6779,4.125,,0.9633728861808777,,,,4.125,,,,,,,,,
27120000,6780,3.5,,0.9983493089675903,,,,3.5,,,,,,,,,
27124000,6781,4.75,,1.011413335800171,,,,4.75,,,,,,,,,
27128000,6782,3.5,,0.9395508766174316,,,,3.5,,,,,,,,,
27132000,6783,3.25,,0.9498674869537354,,,,3.25,,,,,,,,,
27136000,6784,2.375,,1.0034584999084473,,,,2.375,,,,,,,,,
27140000,6785,4.25,,1.0322175025939941,,,,4.25,,,,,,,,,
27144000,6786,3.0,,0.9500312209129333,,,,3.0,,,,,,,,,
27148000,6787,4.125,,0.9751251935958862,,,,4.125,,,,,,,,,
27152000,6788,4.375,,1.0034087896347046,,,,4.375,,,,,,,,,
27156000,6789,3.5,,0.9560369253158569,,,,3.5,,,,,,,,,
27160000,6790,3.5,,0.9461640119552612,,,,3.5,,,,,,,,,
27164000,6791,3.625,,1.0084118843078613,,,,3.625,,,,,,,,,
27168000,6792,3.75,,0.9276523590087891,,,,3.75,,,,,,,,,
27172000,6793,4.25,,1.0295288562774658,,,,4.25,,,,,,,,,
27176000,6794,4.25,,0.9885807633399963,,,,4.25,,,,,,,,,
27180000,6795,4.375,,0.9799275398254395,,,,4.375,,,,,,,,,
27184000,6796,2.625,,0.9209726452827454,,,,2.625,,,,,,,,,
27188000,6797,3.25,,0.984750509262085,,,,3.25,,,,,,,,,
27192000,6798,3.0,,1.0106620788574219,,,,3.0,,,,,,,,,
27196000,6799,3.75,,0.9254280924797058,,,,3.75,,,,,,,,,
27200000,6800,3.0,,1.024939775466919,,,,3.0,,,,,,,,,
27204000,6801,3.875,,0.9750114679336548,,,,3.875,,,,,,,,,
27208000,6802,3.875,,0.9271713495254517,,,,3.875,,,,,,,,,
27212000,6803,2.875,,0.9225739240646362,,,,2.875,,,,,,,,,
27216000,6804,4.125,,0.9925745129585266,,,,4.125,,,,,,,,,
27220000,6805,3.625,,0.9467799663543701,,,,3.625,,,,,,,,,
27224000,6806,3.625,,0.9838536977767944,,,,3.625,,,,,,,,,
27228000,6807,3.375,,0.9521905183792114,,,,3.375,,,,,,,,,
27232000,6808,2.625,,0.9171504378318787,,,,2.625,,,,,,,,,
27236000,6809,3.375,,0.9339193105697632,,,,3.375,,,,,,,,,
27240000,6810,4.625,,0.9688519835472107,,,,4.625,,,,,,,,,
27244000,6811,4.875,,0.9549868106842041,,,,4.875,,,,,,,,,
27248000,6812,4.0,,0.9175670146942139,,,,4.0,,,,,,,,,
27252000,6813,4.0,,0.9631052613258362,,,,4.0,,,,,,,,,
27256000,6814,4.5,,0.9837545156478882,,,,4.5,,,,,,,,,
27260000,6815,4.625,,1.0015816688537598,,,,4.625,,,,,,,,,
27264000,6816,1.75,,0.9220608472824097,,,,1.75,,,,,,,,,
27268000,6817,3.625,,0.9266344904899597,,,,3.625,,,,,,,,,
27272000,6818,3.625,,0.9694793820381165,,,,3.625,,,,,,,,,
27276000,6819,3.75,,0.9876716136932373,,,,3.75,,,,,,,,,
27280000,6820,3.75,,0.9509361982345581,,,,3.75,,,,,,,,,
27284000,6821,3.75,,0.9241330623626709,,,,3.75,,,,,,,,,
27288000,6822,3.125,,0.917380690574646,,,,3.125,,,,,,,,,
27292000,6823,4.0,,0.943199872970581,,,,4.0,,,,,,,,,
27296000,6824,3.875,,0.959884524345398,,,,3.875,,,,,,,,,
27300000,6825,4.125,,0.9515573978424072,,,,4.125,,,,,,,,,
27304000,6826,4.0,,0.9457711577415466,,,,4.0,,,,,,,,,
27308000,6827,2.875,,0.8973719477653503,,,,2.875,,,,,,,,,
27312000,6828,4.25,,0.961858868598938,,,,4.25,,,,,,,,,
27316000,6829,3.875,,0.9652470946311951,,,,3.875,,,,,,,,,
27320000,6830,4.375,,0.9727290868759155,,,,4.375,,,,,,,,,
27324000,6831,4.5,,0.9567749500274658,,,,4.5,,,,,,,,,
27328000,6832,3.625,,0.9178894758224487,,,,3.625,,,,,,,,,
27332000,6833,4.25,,0.9334906935691833,,,,4.25,,,,,,,,,
27336000,6834,3.625,,0.9849846363067627,,,,3.625,,,,,,,,,
27340000,6835,4.0,,0.9712926149368286,,,,4.0,,,,,,,,,
27344000,6836,3.75,,0.9440183639526367,,,,3.75,,,,,,,,,
27348000,6837,4.25,,0.9640288949012756,,,,4.25,,,,,,,,,
27352000,6838,2.875,,0.8462920784950256,,,,2.875,,,,,,,,,
27356000,6839,3.5,,0.911414384841919,,,,3.5,,,,,,,,,
27360000,6840,4.25,,0.9574483633041382,,,,4.25,,,,,,,,,
27364000,6841,3.5,,0.9405148029327393,,,,3.5,,,,,,,,,
27368000,6842,4.0,,0.9200752973556519,,,,4.0,,,,,,,,,
27372000,6843,3.875,,0.9425441026687622,,,,3.875,,,,,,,,,
27376000,6844,4.25,,0.9061957001686096,,,,4.25,,,,,,,,,
27380000,6845,4.0,,0.9470834732055664,,,,4.0,,,,,,,,,
27384000,6846,3.875,,0.9373131990432739,,,,3.875,,,,,,,,,
27388000,6847,4.625,,0.8859938383102417,,,,4.625,,,,,,,,,
27392000,6848,3.25,,0.9536910653114319,,,,3.25,,,,,,,,,
27396000,6849,4.25,,0.966105580329895,,,,4.25,,,,,,,,,
27400000,6850,4.125,,0.8922269344329834,,,,4.125,,,,,,,,,
27404000,6851,5.125,,0.9496690034866333,,,,5.125,,,,,,,,,
27408000,6852,4.125,,0.9372965693473816,,,,4.125,,,,,,,,,
27412000,6853,4.25,,0.9293509125709534,,,,4.25,,,,,,,,,
27416000,6854,3.75,,0.9975659251213074,,,,3.75,,,,,,,,,
27420000,6855,4.0,,0.9290270805358887,,,,4.0,,,,,,,,,
27424000,6856,4.125,,0.9169212579727173,,,,4.125,,,,,,,,,
27428000,6857,3.75,,0.9478635787963867,,,,3.75,,,,,,,,,
27432000,6858,1.625,,0.9121214151382446,,,,1.625,,,,,,,,,
27436000,6859,4.5,,0.9589450359344482,,,,4.5,,,,,,,,,
27440000,6860,4.625,,0.9063469767570496,,,,4.625,,,,,,,,,
27444000,6861,3.5,,0.990286648273468,,,,3.5,,,,,,,,,
27448000,6862,4.125,,0.9221962690353394,,,,4.125,,,,,,,,,
27452000,6863,3.875,,0.9009810090065002,,,,3.875,,,,,,,,,
27456000,6864,4.125,,0.9472804069519043,,,,4.125,,,,,,,,,
27460000,6865,2.375,,0.9271824359893799,,,,2.375,,,,,,,,,
27464000,6866,4.0,,0.9252781867980957,,,,4.0,,,,,,,,,
27468000,6867,4.25,,0.9050885438919067,,,,4.25,,,,,,,,,
27472000,6868,4.25,,0.9425718188285828,,,,4.25,,,,,,,,,
27476000,6869,4.125,,0.9212467670440674,,,,4.125,,,,,,,,,
27480000,6870,4.0,,0.9166359901428223,,,,4.0,,,,,,,,,
27484000,6871,4.625,,0.9225136041641235,,,,4.625,,,,,,,,,
27488000,6872,4.0,,0.9333296418190002,,,,4.0,,,,,,,,,
27492000,6873,3.875,,0.9639323353767395,,,,3.875,,,,,,,,,
27496000,6874,4.5,,0.9288368225097656,,,,4.5,,,,,,,,,
27500000,6875,4.25,,0.8932628631591797,,,,4.25,,,,,,,,,
27504000,6876,4.125,,0.923729419708252,,,,4.125,,,,,,,,,
27508000,6877,4.5,,0.914714515209198,,,,4.5,,,,,,,,,
27512000,6878,4.125,,0.9413923025131226,,,,4.125,,,,,,,,,
27516000,6879,4.375,,0.8890631794929504,,,,4.375,,,,,,,,,
27520000,6880,4.0,,0.9432932138442993,,,,4.0,,,,,,,,,
27524000,6881,4.375,,0.9867726564407349,,,,4.375,,,,,,,,,
27528000,6882,4.375,,0.8678759932518005,,,,4.375,,,,,,,,,
27532000,6883,4.25,,0.9449926614761353,,,,4.25,,,,,,,,,
27536000,6884,3.875,,0.9371358752250671,,,,3.875,,,,,,,,,
27540000,6885,4.25,,0.8776990175247192,,,,4.25,,,,,,,,,
27544000,6886,3.75,,0.907829761505127,,,,3.75,,,,,,,,,
27548000,6887,4.25,,0.9767340421676636,,,,4.25,,,,,,,,,
27552000,6888,3.875,,0.9123170971870422,,,,3.875,,,,,,,,,
27556000,6889,3.875,,0.8626688718795776,,,,3.875,,,,,,,,,
27560000,6890,4.25,,0.9493796825408936,,,,4.25,,,,,,,,,
27564000,6891,4.25,,0.9674533009529114,,,,4.25,,,,,,,,,
27568000,6892,4.75,,0.9652441740036011,,,,4.75,,,,,,,,,
27572000,6893,5.0,,0.9148787260055542,,,,5.0,,,,,,,,,
27576000,6894,4.0,,0.9155653715133667,,,,4.0,,,,,,,,,
27580000,6895,3.875,,0.9331530332565308,,,,3.875,,,,,,,,,
27584000,6896,4.25,,0.9806431531906128,,,,4.25,,,,,,,,,
27588000,6897,4.125,,0.9714758396148682,,,,4.125,,,,,,,,,
27592000,6898,4.25,,0.8869259357452393,,,,4.25,,,,,,,,,
27596000,6899,2.5,,0.9410228729248047,,,,2.5,,,,,,,,,
27600000,6900,4.125,,0.8939081430435181,,,,4.125,,,,,,,,,
27604000,6901,4.0,,1.0141150951385498,,,,4.0,,,,,,,,,
27608000,6902,4.5,,0.9232749938964844,,,,4.5,,,,,,,,,
27612000,6903,3.25,,0.8955961465835571,,,,3.25,,,,,,,,,
27616000,6904,3.5,,0.924136221408844,,,,3.5,,,,,,,,,
27620000,6905,3.25,,0.962963342666626,,,,3.25,,,,,,,,,
27624000,6906,2.75,,0.9005584120750427,,,,2.75,,,,,,,,,
27628000,6907,4.125,,0.8978888988494873,,,,4.125,,,,,,,,,
27632000,6908,4.375,,0.9533334374427795,,,,4.375,,,,,,,,,
27636000,6909,4.375,,0.9496555328369141,,,,4.375,,,,,,,,,
27640000,6910,3.125,,0.8946759700775146,,,,3.125,,,,,,,,,
27644000,6911,3.75,,0.9226378202438354,,,,3.75,,,,,,,,,
27648000,6912,3.875,,0.9486474394798279,,,,3.875,,,,,,,,,
27652000,6913,4.25,,0.8936589956283569,,,,4.25,,,,,,,,,
27656000,6914,4.125,,0.9178695678710938,,,,4.125,,,,,,,,,
27660000,6915,3.125,,0.941259503364563,,,,3.125,,,,,,,,,
27664000,6916,1.75,,0.9233434200286865,,,,1.75,,,,,,,,,
27668000,6917,3.75,,0.9151520133018494,,,,3.75,,,,,,,,,
27672000,6918,4.125,,0.8937056064605713,,,,4.125,,,,,,,,,
27676000,6919,4.0,,0.9177641868591309,,,,4.0,,,,,,,,,
27680000,6920,3.75,,0.8910603523254395,,,,3.75,,,,,,,,,
27684000,6921,4.25,,0.930048406124115,,,,4.25,,,,,,,,,
27688000,6922,3.25,,0.9183374643325806,,,,3.25,,,,,,,,,
27692000,6923,3.75,,0.902234673500061,,,,3.75,,,,,,,,,
27696000,6924,3.5,,0.9575775861740112,,,,3.5,,,,,,,,,
27700000,6925,3.75,,0.894752562046051,,,,3.75,,,,,,,,,
27704000,6926,4.0,,0.9301878213882446,,,,4.0,,,,,,,,,
27708000,6927,3.5,,0.9129940271377563,,,,3.5,,,,,,,,,
27712000,6928,4.375,,0.926697850227356,,,,4.375,,,,,,,,,
27716000,6929,3.875,,0.9330254793167114,,,,3.875,,,,,,,,,
27720000,6930,3.0,,0.9044349193572998,,,,3.0,,,,,,,,,
27724000,6931,3.5,,0.8918355107307434,,,,3.5,,,,,,,,,
27728000,6932,3.5,,0.8927755951881409,,,,3.5,,,,,,,,,
27732000,6933,3.625,,0.9630969762802124,,,,3.625,,,,,,,,,
27736000,6934,4.125,,0.8960888385772705,,,,4.125,,,,,,,,,
27740000,6935,4.125,,0.9404226541519165,,,,4.125,,,,,,,,,
27744000,6936,3.0,,0.8700454235076904,,,,3.0,,,,,,,,,
27748000,6937,4.125,,0.9011776447296143,,,,4.125,,,,,,,,,
27752000,6938,3.25,,0.9791563749313354,,,,3.25,,,,,,,,,
27756000,6939,3.375,,0.9065243005752563,,,,3.375,,,,,,,,,
27760000,6940,3.625,,0.9191446900367737,,,,3.625,,,,,,,,,
27764000,6941,4.0,,0.94072425365448,,,,4.0,,,,,,,,,
27768000,6942,3.75,,0.9925714731216431,,,,3.75,,,,,,,,,
27772000,6943,3.75,,0.9319391846656799,,,,3.75,,,,,,,,,
27776000,6944,2.875,,0.8678981065750122,,,,2.875,,,,,,,,,
27780000,6945,4.25,,0.9065468311309814,,,,4.25,,,,,,,,,
27784000,6946,2.75,,0.927465558052063,,,,2.75,,,,,,,,,
27788000,6947,4.0,,0.9488128423690796,,,,4.0,,,,,,,,,
27792000,6948,4.0,,0.8915256261825562,,,,4.0,,,,,,,,,
27796000,6949,4.375,,0.9341309070587158,,,,4.375,,,,,,,,,
27800000,6950,4.25,,0.911391019821167,,,,4.25,,,,,,,,,
27804000,6951,3.625,,0.9100401997566223,,,,3.625,,,,,,,,,
27808000,6952,4.125,,0.9046988487243652,,,,4.125,,,,,,,,,
27812000,6953,4.125,,0.9273467063903809,,,,4.125,,,,,,,,,
27816000,6954,4.625,,0.8629672527313232,,,,4.625,,,,,,,,,
27820000,6955,3.75,,0.9461280703544617,,,,3.75,,,,,,,,,
27824000,6956,5.5,,0.9875059127807617,,,,5.5,,,,,,,,,
27828000,6957,3.5,,0.923110842704773,,,,3.5,,,,,,,,,
27832000,6958,4.25,,0.9801331758499146,,,,4.25,,,,,,,,,
27836000,6959,4.0,,0.9230738878250122,,,,4.0,,,,,,,,,
27840000,6960,2.5,,0.9018573760986328,,,,2.5,,,,,,,,,
27844000,6961,3.625,,0.9174531698226929,,,,3.625,,,,,,,,,
27848000,6962,4.125,,0.9684594869613647,,,,4.125,,,,,,,,,
27852000,6963,4.125,,0.8899540901184082,,,,4.125,,,,,,,,,
27856000,6964,3.875,,0.9045658111572266,,,,3.875,,,,,,,,,
27860000,6965,3.75,,1.0082643032073975,,,,3.75,,,,,,,,,
27864000,6966,4.125,,0.890900731086731,,,,4.125,,,,,,,,,
27868000,6967,3.875,,0.9181979298591614,,,,3.875,,,,,,,,,
27872000,6968,3.875,,0.9214560389518738,,,,3.875,,,,,,,,,
27876000,6969,4.25,,0.9025652408599854,,,,4.25,,,,,,,,,
27880000,6970,3.875,,0.9483754634857178,,,,3.875,,,,,,,,,
27884000,6971,3.25,,0.957311749458313,,,,3.25,,,,,,,,,
27888000,6972,5.125,,0.8983487486839294,,,,5.125,,,,,,,,,
27892000,6973,4.875,,0.9127640128135681,,,,4.875,,,,,,,,,
27896000,6974,4.5,,0.9107819199562073,,,,4.5,,,,,,,,,
27900000,6975,4.125,,1.003781795501709,,,,4.125,,,,,,,,,
27904000,6976,4.125,,0.9478839039802551,,,,4.125,,,,,,,,,
27908000,6977,4.0,,0.9351778030395508,,,,4.0,,,,,,,,,
27912000,6978,4.625,,0.9723364114761353,,,,4.625,,,,,,,,,
27916000,6979,3.75,,0.8991691470146179,,,,3.75,,,,,,,,,
27920000,6980,4.375,,0.9622997641563416,,,,4.375,,,,,,,,,
27924000,6981,4.0,,1.0039911270141602,,,,4.0,,,,,,,,,
27928000,6982,4.625,,0.934190034866333,,,,4.625,,,,,,,,,
27932000,6983,3.125,,0.9177979826927185,,,,3.125,,,,,,,,,
27936000,6984,3.5,,0.9031813740730286,,,,3.5,,,,,,,,,
27940000,6985,3.75,,0.937000036239624,,,,3.75,,,,,,,,,
27944000,6986,3.875,,0.9214187264442444,,,,3.875,,,,,,,,,
27948000,6987,3.5,,0.9235985279083252,,,,3.5,,,,,,,,,
27952000,6988,4.625,,0.9473868608474731,,,,4.625,,,,,,,,,
27956000,6989,3.375,,0.9630671739578247,,,,3.375,,,,,,,,,
27960000,6990,3.375,,0.932207465171814,,,,3.375,,,,,,,,,
27964000,6991,4.25,,1.0126954317092896,,,,4.25,,,,,,,,,
27968000,6992,3.875,,0.9467734098434448,,,,3.875,,,,,,,,,
27972000,6993,4.5,,0.925589919090271,,,,4.5,,,,,,,,,
27976000,6994,4.5,,0.9093136191368103,,,,4.5,,,,,,,,,
27980000,6995,4.125,,0.9750853776931763,,,,4.125,,,,,,,,,
27984000,6996,4.25,,0.9150572419166565,,,,4.25,,,,,,,,,
27988000,6997,4.0,,0.9172569513320923,,,,4.0,,,,,,,,,
27992000,6998,3.75,,0.9384918212890625,,,,3.75,,,,,,,,,
27996000,6999,4.375,,1.004323959350586,,,,4.375,,,,,,,,,
28000000,7000,4.25,,0.9353727698326111,,,,4.25,,,,,,,,,
28004000,7001,3.5,,0.9313406944274902,,,,3.5,,,,,,,,,
28008000,7002,4.0,,0.9203101992607117,,,,4.0,,,,,,,,,
28012000,7003,4.0,,0.9423568248748779,,,,4.0,,,,,,,,,
28016000,7004,3.75,,1.0292043685913086,,,,3.75,,,,,,,,,
28020000,7005,4.5,,0.9288708567619324,,,,4.5,,,,,,,,,
28024000,7006,3.75,,0.944469690322876,,,,3.75,,,,,,,,,
28028000,7007,4.125,,0.9956235885620117,,,,4.125,,,,,,,,,
28032000,7008,4.25,,0.9085004329681396,,,,4.25,,,,,,,,,
28036000,7009,4.5,,0.9624455571174622,,,,4.5,,,,,,,,,
28040000,7010,4.25,,0.9635405540466309,,,,4.25,,,,,,,,,
28044000,7011,4.125,,0.9589726328849792,,,,4.125,,,,,,,,,
28048000,7012,4.125,,0.9947112798690796,,,,4.125,,,,,,,,,
28052000,7013,4.625,,0.9133154153823853,,,,4.625,,,,,,,,,
28056000,7014,4.625,,0.9064071178436279,,,,4.625,,,,,,,,,
28060000,7015,4.0,,0.9569389820098877,,,,4.0,,,,,,,,,
28064000,7016,3.875,,0.9911230802536011,,,,3.875,,,,,,,,,
28068000,7017,4.0,,0.9685399532318115,,,,4.0,,,,,,,,,
28072000,7018,4.125,,0.9658235907554626,,,,4.125,,,,,,,,,
28076000,7019,4.625,,0.9362332224845886,,,,4.625,,,,,,,,,
28080000,7020,4.375,,0.9350393414497375,,,,4.375,,,,,,,,,
28084000,7021,4.5,,0.9104882478713989,,,,4.5,,,,,,,,,
28088000,7022,4.5,,0.9534046053886414,,,,4.5,,,,,,,,,
28092000,7023,5.125,,0.9680947661399841,,,,5.125,,,,,,,,,
28096000,7024,4.5,,1.022153377532959,,,,4.5,,,,,,,,,
28100000,7025,4.125,,0.9404584169387817,,,,4.125,,,,,,,,,
28104000,7026,3.75,,0.9162120819091797,,,,3.75,,,,,,,,,
28108000,7027,4.0,,0.9836316108703613,,,,4.0,,,,,,,,,
28112000,7028,4.125,,0.9730314612388611,,,,4.125,,,,,,,,,
28116000,7029,4.25,,0.9563778042793274,,,,4.25,,,,,,,,,
28120000,7030,4.375,,0.9317982196807861,,,,4.375,,,,,,,,,
28124000,7031,4.375,,0.9699065089225769,,,,4.375,,,,,,,,,
28128000,7032,4.25,,0.981723427772522,,,,4.25,,,,,,,,,
28132000,7033,4.25,,0.95098876953125,,,,4.25,,,,,,,,,
28136000,7034,4.5,,0.9611302614212036,,,,4.5,,,,,,,,,
28140000,7035,4.375,,0.8958901762962341,,,,4.375,,,,,,,,,
28144000,7036,4.25,,0.9804830551147461,,,,4.25,,,,,,,,,
28148000,7037,3.75,,0.9893248081207275,,,,3.75,,,,,,,,,
28152000,7038,4.25,,0.9569401144981384,,,,4.25,,,,,,,,,
28156000,7039,4.0,,0.9702268242835999,,,,4.0,,,,,,,,,
28160000,7040,4.0,,0.9343597292900085,,,,4.0,,,,,,,,,
28164000,7041,4.25,,1.0071303844451904,,,,4.25,,,,,,,,,
28168000,7042,4.25,,0.9588901996612549,,,,4.25,,,,,,,,,
28172000,7043,4.375,,0.9528946876525879,,,,4.375,,,,,,,,,
28176000,7044,4.125,,1.0219776630401611,,,,4.125,,,,,,,,,
28180000,7045,4.25,,0.9747204780578613,,,,4.25,,,,,,,,,
28184000,7046,3.875,,1.0141654014587402,,,,3.875,,,,,,,,,
28188000,7047,3.875,,0.9285030364990234,,,,3.875,,,,,,,,,
28192000,7048,3.75,,0.9508719444274902,,,,3.75,,,,,,,,,
28196000,7049,4.375,,0.9891784191131592,,,,4.375,,,,,,,,,
28200000,7050,4.375,,0.9495300054550171,,,,4.375,,,,,,,,,
28204000,7051,4.0,,0.9478461146354675,,,,4.0,,,,,,,,,
28208000,7052,3.875,,0.9843748807907104,,,,3.875,,,,,,,,,
28212000,7053,4.25,,0.9690098762512207,,,,4.25,,,,,,,,,
28216000,7054,4.25,,0.9970967769622803,,,,4.25,,,,,,,,,
28220000,7055,3.875,,0.9652456045150757,,,,3.875,,,,,,,,,
28224000,7056,4.375,,0.9607716798782349,,,,4.375,,,,,,,,,
28228000,7057,4.375,,0.9579694271087646,,,,4.375,,,,,,,,,
28232000,7058,4.25,,0.9536576271057129,,,,4.25,,,,,,,,,
28236000,7059,4.625,,1.0002013444900513,,,,4.625,,,,,,,,,
28240000,7060,4.375,,1.0030525922775269,,,,4.375,,,,,,,,,
28244000,7061,4.625,,1.0305430889129639,,,,4.625,,,,,,,,,
28248000,7062,4.125,,1.025472640991211,,,,4.125,,,,,,,,,
28252000,7063,4.125,,0.9888182878494263,,,,4.125,,,,,,,,,
28256000,7064,4.25,,0.9741194248199463,,,,4.25,,,,,,,,,
28260000,7065,4.125,,0.9789938926696777,,,,4.125,,,,,,,,,
28264000,7066,4.0,,0.9827554225921631,,,,4.0,,,,,,,,,
28268000,7067,4.75,,1.003079891204834,,,,4.75,,,,,,,,,
28272000,7068,4.375,,1.0487170219421387,,,,4.375,,,,,,,,,
28276000,7069,4.125,,1.002599835395813,,,,4.125,,,,,,,,,
28280000,7070,4.125,,1.018571376800537,,,,4.125,,,,,,,,,
28284000,7071,3.875,,1.0025606155395508,,,,3.875,,,,,,,,,
28288000,7072,4.125,,0.9768701195716858,,,,4.125,,,,,,,,,
28292000,7073,4.625,,1.0302960872650146,,,,4.625,,,,,,,,,
28296000,7074,3.625,,0.9878495931625366,,,,3.625,,,,,,,,,
28300000,7075,4.375,,0.981385350227356,,,,4.375,,,,,,,,,
28304000,7076,4.25,,1.0084201097488403,,,,4.25,,,,,,,,,
28308000,7077,4.25,,0.9963998794555664,,,,4.25,,,,,,,,,
28312000,7078,3.625,,1.02528715133667,,,,3.625,,,,,,,,,
28316000,7079,4.125,,0.9859334230422974,,,,4.125,,,,,,,,,
28320000,7080,3.0,,0.9737838506698608,,,,3.0,,,,,,,,,
28324000,7081,4.125,,0.9739058017730713,,,,4.125,,,,,,,,,
28328000,7082,4.125,,0.9863990545272827,,,,4.125,,,,,,,,,
28332000,7083,4.25,,0.9647843837738037,,,,4.25,,,,,,,,,
28336000,7084,4.375,,1.018563151359558,,,,4.375,,,,,,,,,
28340000,7085,4.375,,0.9872007966041565,,,,4.375,,,,,,,,,
28344000,7086,3.125,,0.9895260334014893,,,,3.125,,,,,,,,,
28348000,7087,4.125,,0.9647271633148193,,,,4.125,,,,,,,,,
28352000,7088,2.625,,1.0099278688430786,,,,2.625,,,,,,,,,
28356000,7089,3.75,,0.9829844236373901,,,,3.75,,,,,,,,,
28360000,7090,4.0,,0.9943966865539551,,,,4.0,,,,,,,,,
28364000,7091,4.125,,1.0143954753875732,,,,4.125,,,,,,,,,
28368000,7092,3.75,,0.9821579456329346,,,,3.75,,,,,,,,,
28372000,7093,3.0,,1.0002449750900269,,,,3.0,,,,,,,,,
28376000,7094,3.625,,1.0342648029327393,,,,3.625,,,,,,,,,
28380000,7095,4.0,,0.994795024394989,,,,4.0,,,,,,,,,
28384000,7096,4.5,,0.9981787204742432,,,,4.5,,,,,,,,,
28388000,7097,4.375,,0.8990780115127563,,,,4.375,,,,,,,,,
28392000,7098,4.375,,1.0082645416259766,,,,4.375,,,,,,,,,
28396000,7099,3.875,,0.9250398874282837,,,,3.875,,,,,,,,,
28400000,7100,4.0,,0.9827577471733093,,,,4.0,,,,,,,,,
28404000,7101,3.375,,0.973644495010376,,,,3.375,,,,,,,,,
28408000,7102,4.375,,0.9219499230384827,,,,4.375,,,,,,,,,
28412000,7103,3.625,,0.9854706525802612,,,,3.625,,,,,,,,,
28416000,7104,4.5,,1.0360214710235596,,,,4.5,,,,,,,,,
28420000,7105,4.125,,0.9888765811920166,,,,4.125,,,,,,,,,
28424000,7106,3.375,,1.004941701889038,,,,3.375,,,,,,,,,
28428000,7107,2.875,,0.9703741073608398,,,,2.875,,,,,,,,,
28432000,7108,4.5,,0.9720935225486755,,,,4.5,,,,,,,,,
28436000,7109,4.0,,1.0059469938278198,,,,4.0,,,,,,,,,
28440000,7110,4.125,,1.0011024475097656,,,,4.125,,,,,,,,,
28444000,7111,3.375,,0.9471153020858765,,,,3.375,,,,,,,,,
28448000,7112,4.125,,0.96250319480896,,,,4.125,,,,,,,,,
28452000,7113,3.5,,0.9620676040649414,,,,3.5,,,,,,,,,
28456000,7114,3.875,,1.0487704277038574,,,,3.875,,,,,,,,,
28460000,7115,4.125,,0.9604018926620483,,,,4.125,,,,,,,,,
28464000,7116,3.75,,0.9675045013427734,,,,3.75,,,,,,,,,
28468000,7117,3.0,,1.0368014574050903,,,,3.0,,,,,,,,,
28472000,7118,3.0,,0.9801361560821533,,,,3.0,,,,,,,,,
28476000,7119,5.375,,0.956723690032959,,,,5.375,,,,,,,,,
28480000,7120,4.625,,1.0194952487945557,,,,4.625,,,,,,,,,
28484000,7121,4.25,,0.9285479784011841,,,,4.25,,,,,,,,,
28488000,7122,4.75,,0.9642365574836731,,,,4.75,,,,,,,,,
28492000,7123,3.625,,0.9784266948699951,,,,3.625,,,,,,,,,
28496000,7124,4.375,,0.9583567976951599,,,,4.375,,,,,,,,,
28500000,7125,4.875,,0.9537413120269775,,,,4.875,,,,,,,,,
28504000,7126,3.875,,1.013711929321289,,,,3.875,,,,,,,,,
28508000,7127,3.75,,0.9515697956085205,,,,3.75,,,,,,,,,
28512000,7128,4.125,,0.9876942038536072,,,,4.125,,,,,,,,,
28516000,7129,3.0,,0.9435923099517822,,,,3.0,,,,,,,,,
28520000,7130,4.0,,0.986427903175354,,,,4.0,,,,,,,,,
28524000,7131,3.75,,1.0145882368087769,,,,3.75,,,,,,,,,
28528000,7132,3.875,,0.9509701728820801,,,,3.875,,,,,,,,,
28532000,7133,3.5,,1.033681869506836,,,,3.5,,,,,,,,,
28536000,7134,5.5,,1.0121266841888428,,,,5.5,,,,,,,,,
28540000,7135,4.375,,0.9366841316223145,,,,4.375,,,,,,,,,
28544000,7136,3.875,,1.0289227962493896,,,,3.875,,,,,,,,,
28548000,7137,3.875,,0.9648608565330505,,,,3.875,,,,,,,,,
28552000,7138,4.125,,0.9611788988113403,,,,4.125,,,,,,,,,
28556000,7139,4.375,,0.9782615900039673,,,,4.375,,,,,,,,,
28560000,7140,4.375,,0.9633908271789551,,,,4.375,,,,,,,,,
28564000,7141,3.125,,0.925345778465271,,,,3.125,,,,,,,,,
28568000,7142,4.125,,0.9888452291488647,,,,4.125,,,,,,,,,
28572000,7143,4.5,,1.0175708532333374,,,,4.5,,,,,,,,,
28576000,7144,4.25,,0.9397420883178711,,,,4.25,,,,,,,,,
28580000,7145,3.875,,0.9775887131690979,,,,3.875,,,,,,,,,
28584000,7146,4.25,,1.0178303718566895,,,,4.25,,,,,,,,,
28588000,7147,3.25,,0.9492899179458618,,,,3.25,,,,,,,,,
28592000,7148,4.125,,0.9799379706382751,,,,4.125,,,,,,,,,
28596000,7149,3.625,,1.0090925693511963,,,,3.625,,,,,,,,,
28600000,7150,4.5,,0.9636803865432739,,,,4.5,,,,,,,,,
28604000,7151,3.5,,0.9370684623718262,,,,3.5,,,,,,,,,
28608000,7152,3.875,,0.9978471398353577,,,,3.875,,,,,,,,,
28612000,7153,3.375,,0.9312829971313477,,,,3.375,,,,,,,,,
28616000,7154,4.5,,1.016766905784607,,,,4.5,,,,,,,,,
28620000,7155,4.5,,0.9993570446968079,,,,4.5,,,,,,,,,
28624000,7156,4.25,,0.9280970096588135,,,,4.25,,,,,,,,,
28628000,7157,4.375,,0.9282785058021545,,,,4.375,,,,,,,,,
28632000,7158,4.125,,1.004730463027954,,,,4.125,,,,,,,,,
28636000,7159,4.25,,0.9912028312683105,,,,4.25,,,,,,,,,
28640000,7160,4.125,,0.9161624908447266,,,,4.125,,,,,,,,,
28644000,7161,3.875,,0.9211559295654297,,,,3.875,,,,,,,,,
28648000,7162,4.5,,0.9978320598602295,,,,4.5,,,,,,,,,
28652000,7163,3.625,,0.9721133708953857,,,,3.625,,,,,,,,,
28656000,7164,5.0,,0.926571786403656,,,,5.0,,,,,,,,,
28660000,7165,3.625,,0.962623119354248,,,,3.625,,,,,,,,,
28664000,7166,4.375,,0.9594573974609375,,,,4.375,,,,,,,,,
28668000,7167,4.25,,0.9591829180717468,,,,4.25,,,,,,,,,
28672000,7168,4.25,,0.9620612263679504,,,,4.25,,,,,,,,,
28676000,7169,3.5,,0.9226721525192261,,,,3.5,,,,,,,,,
28680000,7170,4.5,,0.9690682888031006,,,,4.5,,,,,,,,,
28684000,7171,4.375,,0.9172015190124512,,,,4.375,,,,,,,,,
28688000,7172,4.25,,0.9641512632369995,,,,4.25,,,,,,,,,
28692000,7173,4.125,,0.9667673707008362,,,,4.125,,,,,,,,,
28696000,7174,3.125,,0.9468794465065002,,,,3.125,,,,,,,,,
28700000,7175,3.875,,0.9398051500320435,,,,3.875,,,,,,,,,
28704000,7176,4.25,,0.9494099020957947,,,,4.25,,,,,,,,,
28708000,7177,4.0,,0.9779810905456543,,,,4.0,,,,,,,,,
28712000,7178,4.0,,0.9808018207550049,,,,4.0,,,,,,,,,
28716000,7179,3.625,,0.9859579801559448,,,,3.625,,,,,,,,,
28720000,7180,4.125,,0.9482207894325256,,,,4.125,,,,,,,,,
28724000,7181,2.75,,0.9493515491485596,,,,2.75,,,,,,,,,
28728000,7182,3.875,,1.0121183395385742,,,,3.875,,,,,,,,,
28732000,7183,4.875,,0.961512565612793,,,,4.875,,,,,,,,,
28736000,7184,4.5,,0.9152780175209045,,,,4.5,,,,,,,,,
28740000,7185,4.5,,0.9669790267944336,,,,4.5,,,,,,,,,
28744000,7186,4.25,,0.9562948346138,,,,4.25,,,,,,,,,
28748000,7187,4.125,,0.9006927013397217,,,,4.125,,,,,,,,,
28752000,7188,3.875,,0.9806845188140869,,,,3.875,,,,,,,,,
28756000,7189,4.25,,0.9332475662231445,,,,4.25,,,,,,,,,
28760000,7190,4.25,,0.9282495975494385,,,,4.25,,,,,,,,,
28764000,7191,4.5,,0.913727879524231,,,,4.5,,,,,,,,,
28768000,7192,4.25,,0.9790127277374268,,,,4.25,,,,,,,,,
28772000,7193,4.125,,0.9525097608566284,,,,4.125,,,,,,,,,
28776000,7194,4.0,,0.9346059560775757,,,,4.0,,,,,,,,,
28780000,7195,4.625,,0.9650415182113647,,,,4.625,,,,,,,,,
28784000,7196,3.75,,0.9483447670936584,,,,3.75,,,,,,,,,
28788000,7197,4.0,,0.9980559349060059,,,,4.0,,,,,,,,,
28792000,7198,3.75,,0.9431115984916687,,,,3.75,,,,,,,,,
28796000,7199,4.0,,0.9102112650871277,,,,4.0,,,,,,,,,
28800000,7200,4.25,,0.9462378025054932,,,,4.25,,,,,,,,,
28804000,7201,4.625,,0.9820019006729126,,,,4.625,,,,,,,,,
28808000,7202,4.5,,0.9422225952148438,,,,4.5,,,,,,,,,
28812000,7203,4.375,,1.014512062072754,,,,4.375,,,,,,,,,
28816000,7204,4.5,,0.9453595876693726,,,,4.5,,,,,,,,,
28820000,7205,4.375,,0.9198744893074036,,,,4.375,,,,,,,,,
28824000,7206,4.375,,0.9821724891662598,,,,4.375,,,,,,,,,
28828000,7207,4.25,,1.0076615810394287,,,,4.25,,,,,,,,,
28832000,7208,4.375,,0.9837522506713867,,,,4.375,,,,,,,,,
28836000,7209,4.0,,0.9347422122955322,,,,4.0,,,,,,,,,
28840000,7210,3.875,,0.991295576095581,,,,3.875,,,,,,,,,
28844000,7211,3.875,,0.9590543508529663,,,,3.875,,,,,,,,,
28848000,7212,4.0,,0.9652882218360901,,,,4.0,,,,,,,,,
28852000,7213,3.75,,0.9335469603538513,,,,3.75,,,,,,,,,
28856000,7214,4.125,,0.9295425415039062,,,,4.125,,,,,,,,,
28860000,7215,3.875,,0.9758304953575134,,,,3.875,,,,,,,,,
28864000,7216,3.625,,0.9544375538825989,,,,3.625,,,,,,,,,
28868000,7217,3.875,,0.9409766793251038,,,,3.875,,,,,,,,,
28872000,7218,3.75,,0.9698529839515686,,,,3.75,,,,,,,,,
28876000,7219,4.0,,0.9343742728233337,,,,4.0,,,,,,,,,
28880000,7220,3.75,,0.944496750831604,,,,3.75,,,,,,,,,
28884000,7221,3.75,,0.9953355193138123,,,,3.75,,,,,,,,,
28888000,7222,4.125,,0.922152578830719,,,,4.125,,,,,,,,,
28892000,7223,3.75,,0.9258326292037964,,,,3.75,,,,,,,,,
28896000,7224,4.125,,0.9540295004844666,,,,4.125,,,,,,,,,
28900000,7225,4.5,,0.9595717191696167,,,,4.5,,,,,,,,,
28904000,7226,3.875,,0.9571495056152344,,,,3.875,,,,,,,,,
28908000,7227,4.0,,0.9864147901535034,,,,4.0,,,,,,,,,
28912000,7228,4.25,,0.8965191841125488,,,,4.25,,,,,,,,,
28916000,7229,4.375,,0.957254946231842,,,,4.375,,,,,,,,,
28920000,7230,3.5,,0.9457679390907288,,,,3.5,,,,,,,,,
28924000,7231,4.625,,1.0060198307037354,,,,4.625,,,,,,,,,
28928000,7232,4.375,,0.9848847389221191,,,,4.375,,,,,,,,,
28932000,7233,4.0,,0.9714010953903198,,,,4.0,,,,,,,,,
28936000,7234,4.375,,0.9404250383377075,,,,4.375,,,,,,,,,
28940000,7235,3.875,,1.033079981803894,,,,3.875,,,,,,,,,
28944000,7236,4.875,,0.9816794395446777,,,,4.875,,,,,,,,,
28948000,7237,4.125,,0.964066207408905,,,,4.125,,,,,,,,,
28952000,7238,4.5,,0.9873948693275452,,,,4.5,,,,,,,,,
28956000,7239,4.5,,0.9647623300552368,,,,4.5,,,,,,,,,
28960000,7240,4.125,,0.9890878200531006,,,,4.125,,,,,,,,,
28964000,7241,4.75,,0.9974358081817627,,,,4.75,,,,,,,,,
28968000,7242,3.875,,0.9605699777603149,,,,3.875,,,,,,,,,
28972000,7243,3.75,,0.9847732186317444,,,,3.75,,,,,,,,,
28976000,7244,4.0,,0.9516457915306091,,,,4.0,,,,,,,,,
28980000,7245,4.625,,0.9920629858970642,,,,4.625,,,,,,,,,
28984000,7246,3.875,,0.9992928504943848,,,,3.875,,,,,,,,,
28988000,7247,4.5,,0.9904511570930481,,,,4.5,,,,,,,,,
28992000,7248,5.25,,0.9677519798278809,,,,5.25,,,,,,,,,
28996000,7249,4.5,,0.9651500582695007,,,,4.5,,,,,,,,,
29000000,7250,4.375,,1.008936882019043,,,,4.375,,,,,,,,,
29004000,7251,3.75,,0.9403629302978516,,,,3.75,,,,,,,,,
29008000,7252,3.375,,0.9850277900695801,,,,3.375,,,,,,,,,
29012000,7253,4.25,,1.0304052829742432,,,,4.25,,,,,,,,,
29016000,7254,4.5,,1.0026127099990845,,,,4.5,,,,,,,,,
29020000,7255,4.25,,0.9303229451179504,,,,4.25,,,,,,,,,
29024000,7256,3.875,,0.9828290939331055,,,,3.875,,,,,,,,,
29028000,7257,4.5,,1.0664399862289429,,,,4.5,,,,,,,,,
29032000,7258,3.75,,0.9362345933914185,,,,3.75,,,,,,,,,
29036000,7259,3.375,,0.9381393194198608,,,,3.375,,,,,,,,,
29040000,7260,4.5,,0.9635932445526123,,,,4.5,,,,,,,,,
29044000,7261,3.75,,1.0370490550994873,,,,3.75,,,,,,,,,
29048000,7262,4.5,,0.9625228643417358,,,,4.5,,,,,,,,,
29052000,7263,3.875,,0.9296375513076782,,,,3.875,,,,,,,,,
29056000,7264,3.75,,0.9958577156066895,,,,3.75,,,,,,,,,
29060000,7265,3.75,,0.9845820665359497,,,,3.75,,,,,,,,,
29064000,7266,4.25,,0.9542540311813354,,,,4.25,,,,,,,,,
29068000,7267,4.375,,0.9985942840576172,,,,4.375,,,,,,,,,
29072000,7268,4.0,,0.9223534464836121,,,,4.0,,,,,,,,,
29076000,7269,4.625,,0.9889664649963379,,,,4.625,,,,,,,,,
29080000,7270,3.625,,0.9883636236190796,,,,3.625,,,,,,,,,
29084000,7271,4.25,,0.9174063205718994,,,,4.25,,,,,,,,,
29088000,7272,4.5,,0.9622589945793152,,,,4.5,,,,,,,,,
29092000,7273,4.25,,0.9736431837081909,,,,4.25,,,,,,,,,
29096000,7274,4.625,,0.9395424127578735,,,,4.625,,,,,,,,,
29100000,7275,4.125,,0.9800618886947632,,,,4.125,,,,,,,,,
29104000,7276,3.875,,0.9926120042800903,,,,3.875,,,,,,,,,
29108000,7277,4.375,,1.0248146057128906,,,,4.375,,,,,,,,,
29112000,7278,4.25,,0.9250403642654419,,,,4.25,,,,,,,,,
29116000,7279,4.125,,1.0005877017974854,,,,4.125,,,,,,,,,
29120000,7280,3.875,,0.9900157451629639,,,,3.875,,,,,,,,,
29124000,7281,4.125,,0.9813803434371948,,,,4.125,,,,,,,,,
29128000,7282,3.625,,0.9587427377700806,,,,3.625,,,,,,,,,
29132000,7283,4.0,,1.0054690837860107,,,,4.0,,,,,,,,,
29136000,7284,3.875,,0.9405878782272339,,,,3.875,,,,,,,,,
29140000,7285,4.0,,0.9476726055145264,,,,4.0,,,,,,,,,
29144000,7286,3.75,,0.9891856908798218,,,,3.75,,,,,,,,,
29148000,7287,4.0,,0.9668461084365845,,,,4.0,,,,,,,,,
29152000,7288,3.875,,0.9472665786743164,,,,3.875,,,,,,,,,
29156000,7289,4.25,,1.0165480375289917,,,,4.25,,,,,,,,,
29160000,7290,3.5,,0.94837486743927,,,,3.5,,,,,,,,,
29164000,7291,4.0,,0.9671100974082947,,,,4.0,,,,,,,,,
29168000,7292,3.875,,0.9549369812011719,,,,3.875,,,,,,,,,
29172000,7293,3.375,,0.9868450164794922,,,,3.375,,,,,,,,,
29176000,7294,3.5,,0.9676715731620789,,,,3.5,,,,,,,,,
29180000,7295,3.875,,0.9634758830070496,,,,3.875,,,,,,,,,
29184000,7296,3.5,,0.9610684514045715,,,,3.5,,,,,,,,,
29188000,7297,4.375,,0.9895143508911133,,,,4.375,,,,,,,,,
29192000,7298,4.125,,0.9816263318061829,,,,4.125,,,,,,,,,
29196000,7299,4.0,,0.9834902882575989,,,,4.0,,,,,,,,,
29200000,7300,3.5,,0.9611904621124268,,,,3.5,,,,,,,,,
29204000,7301,3.75,,0.9263250827789307,,,,3.75,,,,,,,,,
29208000,7302,3.25,,0.9721922874450684,,,,3.25,,,,,,,,,
29212000,7303,3.5,,0.9124001264572144,,,,3.5,,,,,,,,,
29216000,7304,3.125,,0.9544863104820251,,,,3.125,,,,,,,,,
29220000,7305,3.75,,0.9877249598503113,,,,3.75,,,,,,,,,
29224000,7306,3.0,,0.8992565274238586,,,,3.0,,,,,,,,,
29228000,7307,2.875,,1.012734055519104,,,,2.875,,,,,,,,,
29232000,7308,4.125,,1.063584327697754,,,,4.125,,,,,,,,,
29236000,7309,3.375,,0.9458740949630737,,,,3.375,,,,,,,,,
29240000,7310,3.125,,0.9613286256790161,,,,3.125,,,,,,,,,
29244000,7311,2.625,,0.9497841000556946,,,,2.625,,,,,,,,,
29248000,7312,3.5,,1.0019603967666626,,,,3.5,,,,,,,,,
29252000,7313,3.875,,1.0803078413009644,,,,3.875,,,,,,,,,
29256000,7314,2.375,,0.911799967288971,,,,2.375,,,,,,,,,
29260000,7315,3.75,,0.9043481349945068,,,,3.75,,,,,,,,,
29264000,7316,2.875,,0.986365020275116,,,,2.875,,,,,,,,,
29268000,7317,4.25,,0.9687496423721313,,,,4.25,,,,,,,,,
29272000,7318,4.125,,0.9540153741836548,,,,4.125,,,,,,,,,
29276000,7319,3.75,,1.0077223777770996,,,,3.75,,,,,,,,,
29280000,7320,3.75,,0.9718611240386963,,,,3.75,,,,,,,,,
29284000,7321,3.875,,0.9000246524810791,,,,3.875,,,,,,,,,
29288000,7322,4.0,,0.942932665348053,,,,4.0,,,,,,,,,
29292000,7323,3.375,,0.9345167875289917,,,,3.375,,,,,,,,,
29296000,7324,4.125,,0.9867143630981445,,,,4.125,,,,,,,,,
29300000,7325,4.125,,0.9205324649810791,,,,4.125,,,,,,,,,
29304000,7326,3.5,,0.9578684568405151,,,,3.5,,,,,,,,,
29308000,7327,4.125,,0.9339352250099182,,,,4.125,,,,,,,,,
29312000,7328,4.5,,0.987363338470459,,,,4.5,,,,,,,,,
29316000,7329,3.875,,0.9322751760482788,,,,3.875,,,,,,,,,
29320000,7330,3.375,,0.8671849370002747,,,,3.375,,,,,,,,,
29324000,7331,4.625,,0.9305133819580078,,,,4.625,,,,,,,,,
29328000,7332,4.0,,0.9581896066665649,,,,4.0,,,,,,,,,
29332000,7333,4.125,,0.8922880291938782,,,,4.125,,,,,,,,,
29336000,7334,3.25,,0.96639484167099,,,,3.25,,,,,,,,,
29340000,7335,4.375,,0.9503448009490967,,,,4.375,,,,,,,,,
29344000,7336,4.25,,0.9200325012207031,,,,4.25,,,,,,,,,
29348000,7337,4.375,,0.9507548809051514,,,,4.375,,,,,,,,,
29352000,7338,3.875,,0.9313606023788452,,,,3.875,,,,,,,,,
29356000,7339,4.25,,0.9273391962051392,,,,4.25,,,,,,,,,
29360000,7340,4.25,,0.934907078742981,,,,4.25,,,,,,,,,
29364000,7341,3.875,,0.9533449411392212,,,,3.875,,,,,,,,,
29368000,7342,4.125,,0.9458795785903931,,,,4.125,,,,,,,,,
29372000,7343,4.5,,0.9524948000907898,,,,4.5,,,,,,,,,
29376000,7344,4.0,,0.9717954397201538,,,,4.0,,,,,,,,,
29380000,7345,4.5,,0.8915208578109741,,,,4.5,,,,,,,,,
29384000,7346,4.375,,0.9552630186080933,,,,4.375,,,,,,,,,
29388000,7347,4.5,,0.9475681781768799,,,,4.5,,,,,,,,,
29392000,7348,4.25,,0.9780282974243164,,,,4.25,,,,,,,,,
29396000,7349,4.25,,0.9004220962524414,,,,4.25,,,,,,,,,
29400000,7350,4.125,,0.9811254739761353,,,,4.125,,,,,,,,,
29404000,7351,4.25,,0.9193464517593384,,,,4.25,,,,,,,,,
29408000,7352,4.125,,0.9486850500106812,,,,4.125,,,,,,,,,
29412000,7353,3.625,,0.9818942546844482,,,,3.625,,,,,,,,,
29416000,7354,4.25,,0.9255285859107971,,,,4.25,,,,,,,,,
29420000,7355,4.625,,0.9429305195808411,,,,4.625,,,,,,,,,
29424000,7356,4.875,,0.954361081123352,,,,4.875,,,,,,,,,
29428000,7357,4.375,,0.9309988021850586,,,,4.375,,,,,,,,,
29432000,7358,3.625,,0.8891110420227051,,,,3.625,,,,,,,,,
29436000,7359,4.5,,0.8927851915359497,,,,4.5,,,,,,,,,
29440000,7360,3.375,,0.9524755477905273,,,,3.375,,,,,,,,,
29444000,7361,4.125,,0.950977087020874,,,,4.125,,,,,,,,,
29448000,7362,3.875,,0.9525367617607117,,,,3.875,,,,,,,,,
29452000,7363,4.75,,0.9724807143211365,,,,4.75,,,,,,,,,
29456000,7364,4.375,,0.9972647428512573,,,,4.375,,,,,,,,,
29460000,7365,4.625,,0.917110800743103,,,,4.625,,,,,,,,,
29464000,7366,4.125,,0.8902105093002319,,,,4.125,,,,,,,,,
29468000,7367,4.125,,0.9936791658401489,,,,4.125,,,,,,,,,
29472000,7368,4.375,,0.9568724036216736,,,,4.375,,,,,,,,,
29476000,7369,4.5,,0.946347177028656,,,,4.5,,,,,,,,,
29480000,7370,4.125,,0.9132039546966553,,,,4.125,,,,,,,,,
29484000,7371,4.125,,0.9547369480133057,,,,4.125,,,,,,,,,
29488000,7372,4.5,,0.8924187421798706,,,,4.5,,,,,,,,,
29492000,7373,4.125,,0.9211783409118652,,,,4.125,,,,,,,,,
29496000,7374,3.625,,0.9759718179702759,,,,3.625,,,,,,,,,
29500000,7375,4.25,,0.9269768595695496,,,,4.25,,,,,,,,,
29504000,7376,3.875,,0.9442073106765747,,,,3.875,,,,,,,,,
29508000,7377,4.375,,0.9589533805847168,,,,4.375,,,,,,,,,
29512000,7378,4.25,,0.9540281295776367,,,,4.25,,,,,,,,,
29516000,7379,4.25,,0.9387921690940857,,,,4.25,,,,,,,,,
29520000,7380,4.0,,1.0009684562683105,,,,4.0,,,,,,,,,
29524000,7381,4.625,,0.9303817749023438,,,,4.625,,,,,,,,,
29528000,7382,3.5,,0.9410864114761353,,,,3.5,,,,,,,,,
29532000,7383,4.375,,0.9599231481552124,,,,4.375,,,,,,,,,
29536000,7384,4.375,,0.908431887626648,,,,4.375,,,,,,,,,
29540000,7385,3.375,,0.9697943925857544,,,,3.375,,,,,,,,,
29544000,7386,4.25,,0.9406048059463501,,,,4.25,,,,,,,,,
29548000,7387,3.125,,0.9235371351242065,,,,3.125,,,,,,,,,
29552000,7388,4.125,,0.9435930252075195,,,,4.125,,,,,,,,,
29556000,7389,3.875,,0.9344857931137085,,,,3.875,,,,,,,,,
29560000,7390,4.25,,0.9720281362533569,,,,4.25,,,,,,,,,
29564000,7391,4.5,,0.9583305716514587,,,,4.5,,,,,,,,,
29568000,7392,4.625,,0.965089738368988,,,,4.625,,,,,,,,,
29572000,7393,4.25,,0.934907078742981,,,,4.25,,,,,,,,,
29576000,7394,4.625,,0.9133220911026001,,,,4.625,,,,,,,,,
29580000,7395,4.25,,0.9538918137550354,,,,4.25,,,,,,,,,
29584000,7396,5.0,,0.9969022274017334,,,,5.0,,,,,,,,,
29588000,7397,4.875,,0.9191194176673889,,,,4.875,,,,,,,,,
29592000,7398,4.625,,0.91367506980896,,,,4.625,,,,,,,,,
29596000,7399,4.25,,0.961196780204773,,,,4.25,,,,,,,,,
29600000,7400,4.375,,0.9541928768157959,,,,4.375,,,,,,,,,
29604000,7401,4.0,,0.9341858625411987,,,,4.0,,,,,,,,,
29608000,7402,4.125,,0.944340169429779,,,,4.125,,,,,,,,,
29612000,7403,4.25,,0.9438332319259644,,,,4.25,,,,,,,,,
29616000,7404,3.75,,0.969731867313385,,,,3.75,,,,,,,,,
29620000,7405,3.75,,1.0074238777160645,,,,3.75,,,,,,,,,
29624000,7406,5.0,,0.9330015182495117,,,,5.0,,,,,,,,,
29628000,7407,4.0,,0.9595798254013062,,,,4.0,,,,,,,,,
29632000,7408,4.0,,0.922182559967041,,,,4.0,,,,,,,,,
29636000,7409,4.125,,0.9615118503570557,,,,4.125,,,,,,,,,
29640000,7410,4.75,,0.9020487666130066,,,,4.75,,,,,,,,,
29644000,7411,4.5,,0.9892784357070923,,,,4.5,,,,,,,,,
29648000,7412,3.625,,0.9522588849067688,,,,3.625,,,,,,,,,
29652000,7413,4.375,,0.9927003383636475,,,,4.375,,,,,,,,,
29656000,7414,4.25,,0.9282983541488647,,,,4.25,,,,,,,,,
29660000,7415,4.375,,0.9212617874145508,,,,4.375,,,,,,,,,
29664000,7416,4.375,,0.997236430644989,,,,4.375,,,,,,,,,
29668000,7417,4.625,,1.0123748779296875,,,,4.625,,,,,,,,,
29672000,7418,4.125,,0.9902083873748779,,,,4.125,,,,,,,,,
29676000,7419,4.5,,0.9584583640098572,,,,4.5,,,,,,,,,
29680000,7420,4.25,,0.9586429595947266,,,,4.25,,,,,,,,,
29684000,7421,4.625,,0.9615852236747742,,,,4.625,,,,,,,,,
29688000,7422,4.375,,0.9890656471252441,,,,4.375,,,,,,,,,
29692000,7423,3.75,,1.036447525024414,,,,3.75,,,,,,,,,
29696000,7424,4.125,,0.9736210703849792,,,,4.125,,,,,,,,,
29700000,7425,4.375,,0.9697819948196411,,,,4.375,,,,,,,,,
29704000,7426,4.375,,0.9527472257614136,,,,4.375,,,,,,,,,
29708000,7427,4.5,,1.0138767957687378,,,,4.5,,,,,,,,,
29712000,7428,4.375,,0.980199933052063,,,,4.375,,,,,,,,,
29716000,7429,3.75,,0.9760057926177979,,,,3.75,,,,,,,,,
29720000,7430,4.0,,0.9878043532371521,,,,4.0,,,,,,,,,
29724000,7431,4.375,,0.9946065545082092,,,,4.375,,,,,,,,,
29728000,7432,4.625,,0.9463635683059692,,,,4.625,,,,,,,,,
29732000,7433,3.625,,0.9871122241020203,,,,3.625,,,,,,,,,
29736000,7434,4.125,,0.9901390671730042,,,,4.125,,,,,,,,,
29740000,7435,4.5,,0.9968135356903076,,,,4.5,,,,,,,,,
29744000,7436,4.375,,0.9724107980728149,,,,4.375,,,,,,,,,
29748000,7437,4.375,,0.9939210414886475,,,,4.375,,,,,,,,,
29752000,7438,3.625,,1.0070369243621826,,,,3.625,,,,,,,,,
29756000,7439,1.875,,0.9736313819885254,,,,1.875,,,,,,,,,
29760000,7440,3.625,,0.9821075201034546,,,,3.625,,,,,,,,,
29764000,7441,1.875,,1.0075418949127197,,,,1.875,,,,,,,,,
29768000,7442,4.375,,1.005340337753296,,,,4.375,,,,,,,,,
29772000,7443,4.0,,1.0067163705825806,,,,4.0,,,,,,,,,
29776000,7444,2.75,,0.9824976325035095,,,,2.75,,,,,,,,,
29780000,7445,2.375,,1.0183138847351074,,,,2.375,,,,,,,,,
29784000,7446,2.125,,0.9195521473884583,,,,2.125,,,,,,,,,
29788000,7447,3.625,,0.9577857255935669,,,,3.625,,,,,,,,,
29792000,7448,3.0,,0.9368956089019775,,,,3.0,,,,,,,,,
29796000,7449,3.75,,0.9300400614738464,,,,3.75,,,,,,,,,
29800000,7450,4.25,,0.9737838506698608,,,,4.25,,,,,,,,,
29804000,7451,3.5,,1.0122627019882202,,,,3.5,,,,,,,,,
29808000,7452,2.75,,0.8996003866195679,,,,2.75,,,,,,,,,
29812000,7453,3.875,,1.0331485271453857,,,,3.875,,,,,,,,,
29816000,7454,3.875,,1.0091233253479004,,,,3.875,,,,,,,,,
29820000,7455,4.0,,0.9591860771179199,,,,4.0,,,,,,,,,
29824000,7456,3.5,,0.9589024782180786,,,,3.5,,,,,,,,,
29828000,7457,3.375,,0.9416713714599609,,,,3.375,,,,,,,,,
29832000,7458,3.0,,0.9880117177963257,,,,3.0,,,,,,,,,
29836000,7459,2.625,,0.9561034440994263,,,,2.625,,,,,,,,,
29840000,7460,3.375,,0.9612019658088684,,,,3.375,,,,,,,,,
29844000,7461,3.5,,0.9700548648834229,,,,3.5,,,,,,,,,
29848000,7462,3.375,,0.9739804863929749,,,,3.375,,,,,,,,,
29852000,7463,3.75,,0.9390509128570557,,,,3.75,,,,,,,,,
29856000,7464,3.875,,0.959976851940155,,,,3.875,,,,,,,,,
29860000,7465,4.375,,0.9623171091079712,,,,4.375,,,,,,,,,
29864000,7466,3.75,,0.9833406805992126,,,,3.75,,,,,,,,,
29868000,7467,4.125,,0.960587739944458,,,,4.125,,,,,,,,,
29872000,7468,3.75,,0.9803712368011475,,,,3.75,,,,,,,,,
29876000,7469,2.75,,0.9153140187263489,,,,2.75,,,,,,,,,
29880000,7470,4.125,,0.9204885959625244,,,,4.125,,,,,,,,,
29884000,7471,3.625,,0.9892185926437378,,,,3.625,,,,,,,,,
29888000,7472,4.0,,0.9581950306892395,,,,4.0,,,,,,,,,
29892000,7473,3.875,,0.9343692064285278,,,,3.875,,,,,,,,,
29896000,7474,4.125,,1.033015489578247,,,,4.125,,,,,,,,,
29900000,7475,2.625,,0.9649572372436523,,,,2.625,,,,,,,,,
29904000,7476,3.75,,0.9411503672599792,,,,3.75,,,,,,,,,
29908000,7477,1.0,,0.9317246675491333,,,,1.0,,,,,,,,,
29912000,7478,3.5,,0.9327164888381958,,,,3.5,,,,,,,,,
29916000,7479,3.25,,0.9568895101547241,,,,3.25,,,,,,,,,
29920000,7480,4.375,,0.9309988021850586,,,,4.375,,,,,,,,,
29924000,7481,4.75,,0.9596436023712158,,,,4.75,,,,,,,,,
29928000,7482,3.25,,0.9627211093902588,,,,3.25,,,,,,,,,
29932000,7483,4.0,,0.9033200740814209,,,,4.0,,,,,,,,,
29936000,7484,4.125,,0.9788243770599365,,,,4.125,,,,,,,,,
29940000,7485,3.625,,0.9635868072509766,,,,3.625,,,,,,,,,
29944000,7486,4.125,,0.9434899687767029,,,,4.125,,,,,,,,,
29948000,7487,4.375,,0.915069580078125,,,,4.375,,,,,,,,,
29952000,7488,3.25,,0.9639666080474854,,,,3.25,,,,,,,,,
29956000,7489,3.75,,0.9211122989654541,,,,3.75,,,,,,,,,
29960000,7490,4.375,,0.947312593460083,,,,4.375,,,,,,,,,
29964000,7491,3.625,,0.8912734985351562,,,,3.625,,,,,,,,,
29968000,7492,3.875,,0.961615800857544,,,,3.875,,,,,,,,,
29972000,7493,3.875,,0.9991016387939453,,,,3.875,,,,,,,,,
29976000,7494,3.625,,0.954365611076355,,,,3.625,,,,,,,,,
29980000,7495,3.375,,0.9069740176200867,,,,3.375,,,,,,,,,
29984000,7496,3.875,,0.9334087371826172,,,,3.875,,,,,,,,,
29988000,7497,4.0,,0.9545186758041382,,,,4.0,,,,,,,,,
29992000,7498,4.375,,0.9185904860496521,,,,4.375,,,,,,,,,
29996000,7499,3.875,,0.9889532327651978,,,,3.875,,,,,,,,,
30000000,7500,3.5,,0.9085863828659058,,,,3.5,,,,,,,,,
