environment_steps,updates,mean_episode_returns,entropy,loss,actor_loss,value_loss,reward_std_mean,deliveries,block_rate,idle_rate,pickup_rate,deliveries_early,deliveries_mid,deliveries_late,block_early,block_mid,block_late
4000,1,0.0,,nan,,,,0.0,,,,,,,,,
8000,2,0.0,,nan,,,,0.0,,,,,,,,,
12000,3,0.0,,nan,,,,0.0,,,,,,,,,
16000,4,0.0,,0.6099249124526978,,,,0.0,,,,,,,,,
20000,5,0.0,,0.13367536664009094,,,,0.0,,,,,,,,,
24000,6,0.0,,0.06681450456380844,,,,0.0,,,,,,,,,
28000,7,0.0,,0.045125652104616165,,,,0.0,,,,,,,,,
32000,8,0.0,,0.030512169003486633,,,,0.0,,,,,,,,,
36000,9,0.0,,0.023095816373825073,,,,0.0,,,,,,,,,
40000,10,0.0,,0.01940380036830902,,,,0.0,,,,,,,,,
44000,11,0.0,,0.017519358545541763,,,,0.0,,,,,,,,,
48000,12,0.0,,0.016413245350122452,,,,0.0,,,,,,,,,
52000,13,0.0,,0.015064073726534843,,,,0.0,,,,,,,,,
56000,14,0.0,,0.01371748000383377,,,,0.0,,,,,,,,,
60000,15,0.0,,0.012493172660470009,,,,0.0,,,,,,,,,
64000,16,0.0,,0.01185381505638361,,,,0.0,,,,,,,,,
68000,17,0.0,,0.01091147679835558,,,,0.0,,,,,,,,,
72000,18,0.0,,0.010041510686278343,,,,0.0,,,,,,,,,
76000,19,0.125,,37.14794158935547,,,,0.125,,,,,,,,,
80000,20,0.0,,2.964113712310791,,,,0.0,,,,,,,,,
84000,21,0.0,,0.016597941517829895,,,,0.0,,,,,,,,,
88000,22,0.0,,0.015051646158099174,,,,0.0,,,,,,,,,
92000,23,0.0,,7.311516284942627,,,,0.0,,,,,,,,,
96000,24,0.0,,0.014436842873692513,,,,0.0,,,,,,,,,
100000,25,0.0,,3.115016222000122,,,,0.0,,,,,,,,,
104000,26,0.0,,1.8189356327056885,,,,0.0,,,,,,,,,
108000,27,0.0,,3.261840581893921,,,,0.0,,,,,,,,,
112000,28,0.0,,5.806150436401367,,,,0.0,,,,,,,,,
116000,29,0.0,,0.01721402071416378,,,,0.0,,,,,,,,,
120000,30,0.0,,0.4451284110546112,,,,0.0,,,,,,,,,
124000,31,0.0,,1.4171205759048462,,,,0.0,,,,,,,,,
128000,32,0.0,,0.01492177415639162,,,,0.0,,,,,,,,,
132000,33,0.0,,2.682781457901001,,,,0.0,,,,,,,,,
136000,34,0.0,,0.012899605557322502,,,,0.0,,,,,,,,,
140000,35,0.0,,1.3954371213912964,,,,0.0,,,,,,,,,
144000,36,0.125,,3.1239004135131836,,,,0.125,,,,,,,,,
148000,37,0.0,,1.9425917863845825,,,,0.0,,,,,,,,,
152000,38,0.0,,0.009499859996140003,,,,0.0,,,,,,,,,
156000,39,0.0,,0.008392158895730972,,,,0.0,,,,,,,,,
160000,40,0.0,,1.3924144506454468,,,,0.0,,,,,,,,,
164000,41,0.0,,2.9373199939727783,,,,0.0,,,,,,,,,
168000,42,0.0,,0.00733127910643816,,,,0.0,,,,,,,,,
172000,43,0.0,,0.8516016602516174,,,,0.0,,,,,,,,,
176000,44,0.0,,0.7661724090576172,,,,0.0,,,,,,,,,
180000,45,0.0,,2.2317981719970703,,,,0.0,,,,,,,,,
184000,46,0.0,,1.4762991666793823,,,,0.0,,,,,,,,,
188000,47,0.0,,0.7914756536483765,,,,0.0,,,,,,,,,
192000,48,0.0,,3.9418883323669434,,,,0.0,,,,,,,,,
196000,49,0.0,,2.2460098266601562,,,,0.0,,,,,,,,,
200000,50,0.0,,2.0359838008880615,,,,0.0,,,,,,,,,
204000,51,0.0,,0.6129366755485535,,,,0.0,,,,,,,,,
208000,52,0.0,,0.00525045907124877,,,,0.0,,,,,,,,,
212000,53,0.0,,2.841902732849121,,,,0.0,,,,,,,,,
216000,54,0.0,,0.9279754161834717,,,,0.0,,,,,,,,,
220000,55,0.0,,0.6377849578857422,,,,0.0,,,,,,,,,
224000,56,0.0,,3.4636549949645996,,,,0.0,,,,,,,,,
228000,57,0.0,,0.9306385517120361,,,,0.0,,,,,,,,,
232000,58,0.0,,0.742337167263031,,,,0.0,,,,,,,,,
236000,59,0.0,,0.9586243629455566,,,,0.0,,,,,,,,,
240000,60,0.0,,0.630821704864502,,,,0.0,,,,,,,,,
244000,61,0.0,,1.0117026567459106,,,,0.0,,,,,,,,,
248000,62,0.0,,0.9903409481048584,,,,0.0,,,,,,,,,
252000,63,0.0,,0.0034935593139380217,,,,0.0,,,,,,,,,
256000,64,0.0,,0.30791449546813965,,,,0.0,,,,,,,,,
260000,65,0.0,,0.3566166162490845,,,,0.0,,,,,,,,,
264000,66,0.0,,0.0031044010538607836,,,,0.0,,,,,,,,,
268000,67,0.0,,0.5778590440750122,,,,0.0,,,,,,,,,
272000,68,0.0,,1.2814823389053345,,,,0.0,,,,,,,,,
276000,69,0.0,,0.6027804613113403,,,,0.0,,,,,,,,,
280000,70,0.0,,1.8831398487091064,,,,0.0,,,,,,,,,
284000,71,0.0,,1.2109107971191406,,,,0.0,,,,,,,,,
288000,72,0.0,,0.0029239347204566,,,,0.0,,,,,,,,,
292000,73,0.0,,0.002669862238690257,,,,0.0,,,,,,,,,
296000,74,0.0,,0.0024985894560813904,,,,0.0,,,,,,,,,
300000,75,0.0,,0.950930655002594,,,,0.0,,,,,,,,,
304000,76,0.0,,2.3501245975494385,,,,0.0,,,,,,,,,
308000,77,0.0,,0.002523554489016533,,,,0.0,,,,,,,,,
312000,78,0.0,,0.002415736671537161,,,,0.0,,,,,,,,,
316000,79,0.0,,0.9682604074478149,,,,0.0,,,,,,,,,
320000,80,0.0,,0.00228287186473608,,,,0.0,,,,,,,,,
324000,81,0.0,,0.0021853928919881582,,,,0.0,,,,,,,,,
328000,82,0.0,,0.0021385292056947947,,,,0.0,,,,,,,,,
332000,83,0.0,,0.002055269666016102,,,,0.0,,,,,,,,,
336000,84,0.0,,0.001975834835320711,,,,0.0,,,,,,,,,
340000,85,0.0,,0.0019737135153263807,,,,0.0,,,,,,,,,
344000,86,0.0,,0.0018940281588584185,,,,0.0,,,,,,,,,
348000,87,0.0,,0.0018987294752150774,,,,0.0,,,,,,,,,
352000,88,0.0,,0.0018417638493701816,,,,0.0,,,,,,,,,
356000,89,0.0,,0.3797716498374939,,,,0.0,,,,,,,,,
360000,90,0.0,,0.7572669386863708,,,,0.0,,,,,,,,,
364000,91,0.0,,0.0019273010548204184,,,,0.0,,,,,,,,,
368000,92,0.0,,0.0017836717888712883,,,,0.0,,,,,,,,,
372000,93,0.0,,0.7717128992080688,,,,0.0,,,,,,,,,
376000,94,0.0,,1.651124358177185,,,,0.0,,,,,,,,,
380000,95,0.0,,0.7011123895645142,,,,0.0,,,,,,,,,
384000,96,0.0,,0.0017782151699066162,,,,0.0,,,,,,,,,
388000,97,0.0,,2.185802936553955,,,,0.0,,,,,,,,,
392000,98,0.0,,0.0020127547904849052,,,,0.0,,,,,,,,,
396000,99,0.0,,0.0017743294592946768,,,,0.0,,,,,,,,,
400000,100,0.0,,0.7937188744544983,,,,0.0,,,,,,,,,
404000,101,0.0,,1.1264581680297852,,,,0.0,,,,,,,,,
408000,102,0.0,,4.824880599975586,,,,0.0,,,,,,,,,
412000,103,0.0,,0.0028009386733174324,,,,0.0,,,,,,,,,
416000,104,0.0,,0.002315833233296871,,,,0.0,,,,,,,,,
420000,105,0.0,,0.0020199688151478767,,,,0.0,,,,,,,,,
424000,106,0.0,,1.9252701997756958,,,,0.0,,,,,,,,,
428000,107,0.0,,0.0020277616567909718,,,,0.0,,,,,,,,,
432000,108,0.0,,0.9382295608520508,,,,0.0,,,,,,,,,
436000,109,0.0,,0.0017655693227425218,,,,0.0,,,,,,,,,
440000,110,0.0,,1.6215834617614746,,,,0.0,,,,,,,,,
444000,111,0.0,,0.0017561075510457158,,,,0.0,,,,,,,,,
448000,112,0.0,,1.1401970386505127,,,,0.0,,,,,,,,,
452000,113,0.0,,1.330327033996582,,,,0.0,,,,,,,,,
456000,114,0.0,,1.152125358581543,,,,0.0,,,,,,,,,
460000,115,0.0,,0.0016682306304574013,,,,0.0,,,,,,,,,
464000,116,0.0,,0.001451391726732254,,,,0.0,,,,,,,,,
468000,117,0.0,,0.0013365803752094507,,,,0.0,,,,,,,,,
472000,118,0.0,,1.1291313171386719,,,,0.0,,,,,,,,,
476000,119,0.0,,0.0013767380733042955,,,,0.0,,,,,,,,,
480000,120,0.0,,0.001294663641601801,,,,0.0,,,,,,,,,
484000,121,0.0,,0.0012366014998406172,,,,0.0,,,,,,,,,
488000,122,0.0,,1.4364322423934937,,,,0.0,,,,,,,,,
492000,123,0.0,,1.218888521194458,,,,0.0,,,,,,,,,
496000,124,0.0,,1.1560158729553223,,,,0.0,,,,,,,,,
500000,125,0.0,,0.0015478944405913353,,,,0.0,,,,,,,,,
504000,126,0.0,,0.001309221494011581,,,,0.0,,,,,,,,,
508000,127,0.0,,0.0012238232884556055,,,,0.0,,,,,,,,,
512000,128,0.0,,0.0011809826828539371,,,,0.0,,,,,,,,,
516000,129,0.0,,1.6614148616790771,,,,0.0,,,,,,,,,
520000,130,0.0,,0.0014326892560347915,,,,0.0,,,,,,,,,
524000,131,0.0,,0.8505670428276062,,,,0.0,,,,,,,,,
528000,132,0.0,,1.4853601455688477,,,,0.0,,,,,,,,,
532000,133,0.0,,0.44011014699935913,,,,0.0,,,,,,,,,
536000,134,0.0,,0.0014126079622656107,,,,0.0,,,,,,,,,
540000,135,0.0,,0.0011521007400006056,,,,0.0,,,,,,,,,
544000,136,0.0,,1.1344225406646729,,,,0.0,,,,,,,,,
548000,137,0.0,,0.0012064212933182716,,,,0.0,,,,,,,,,
552000,138,0.0,,0.0010651941411197186,,,,0.0,,,,,,,,,
556000,139,0.0,,1.2750680446624756,,,,0.0,,,,,,,,,
560000,140,0.0,,1.9413197040557861,,,,0.0,,,,,,,,,
564000,141,0.0,,0.0015830097254365683,,,,0.0,,,,,,,,,
568000,142,0.0,,0.0013000867329537868,,,,0.0,,,,,,,,,
572000,143,0.0,,0.001050665508955717,,,,0.0,,,,,,,,,
576000,144,0.0,,0.001009068451821804,,,,0.0,,,,,,,,,
580000,145,0.0,,0.0009552609990350902,,,,0.0,,,,,,,,,
584000,146,0.125,,0.000991912093013525,,,,0.125,,,,,,,,,
588000,147,0.0,,1.7970361709594727,,,,0.0,,,,,,,,,
592000,148,0.0,,0.00136857689358294,,,,0.0,,,,,,,,,
596000,149,0.0,,0.0011107281316071749,,,,0.0,,,,,,,,,
600000,150,0.0,,1.2650690078735352,,,,0.0,,,,,,,,,
604000,151,0.0,,0.0009947092039510608,,,,0.0,,,,,,,,,
608000,152,0.0,,0.0009317700751125813,,,,0.0,,,,,,,,,
612000,153,0.0,,1.6238878965377808,,,,0.0,,,,,,,,,
616000,154,0.0,,0.0013515271712094545,,,,0.0,,,,,,,,,
620000,155,0.0,,0.001125834882259369,,,,0.0,,,,,,,,,
624000,156,0.0,,0.0009972016559913754,,,,0.0,,,,,,,,,
628000,157,0.0,,0.47209519147872925,,,,0.0,,,,,,,,,
632000,158,0.0,,0.0009431815706193447,,,,0.0,,,,,,,,,
636000,159,0.0,,1.336901307106018,,,,0.0,,,,,,,,,
640000,160,0.0,,0.0012899321736767888,,,,0.0,,,,,,,,,
644000,161,0.0,,1.3758516311645508,,,,0.0,,,,,,,,,
648000,162,0.0,,0.4420020878314972,,,,0.0,,,,,,,,,
652000,163,0.0,,0.0011561509454622865,,,,0.0,,,,,,,,,
656000,164,0.0,,0.0010201288387179375,,,,0.0,,,,,,,,,
660000,165,0.0,,1.2296831607818604,,,,0.0,,,,,,,,,
664000,166,0.0,,0.48411068320274353,,,,0.0,,,,,,,,,
668000,167,0.0,,0.0012806605082005262,,,,0.0,,,,,,,,,
672000,168,0.0,,1.083982229232788,,,,0.0,,,,,,,,,
676000,169,0.0,,0.001246646512299776,,,,0.0,,,,,,,,,
680000,170,0.0,,0.0009412114741280675,,,,0.0,,,,,,,,,
684000,171,0.0,,0.000945637992117554,,,,0.0,,,,,,,,,
688000,172,0.0,,0.000860490370541811,,,,0.0,,,,,,,,,
692000,173,0.0,,0.0008451539324596524,,,,0.0,,,,,,,,,
696000,174,0.0,,0.0008338722982443869,,,,0.0,,,,,,,,,
700000,175,0.0,,0.00081991235492751,,,,0.0,,,,,,,,,
704000,176,0.0,,1.5394678115844727,,,,0.0,,,,,,,,,
708000,177,0.0,,0.0018619272159412503,,,,0.0,,,,,,,,,
712000,178,0.0,,0.0011405914556235075,,,,0.0,,,,,,,,,
716000,179,0.125,,0.0009226006222888827,,,,0.125,,,,,,,,,
720000,180,0.0,,0.0008121449500322342,,,,0.0,,,,,,,,,
724000,181,0.0,,0.0007243856089189649,,,,0.0,,,,,,,,,
728000,182,0.0,,0.0007591157918795943,,,,0.0,,,,,,,,,
732000,183,0.0,,1.6551282405853271,,,,0.0,,,,,,,,,
736000,184,0.0,,1.5494099855422974,,,,0.0,,,,,,,,,
740000,185,0.0,,0.0019417328294366598,,,,0.0,,,,,,,,,
744000,186,0.0,,0.00126702431589365,,,,0.0,,,,,,,,,
748000,187,0.0,,0.0010561884846538305,,,,0.0,,,,,,,,,
752000,188,0.0,,1.467875361442566,,,,0.0,,,,,,,,,
756000,189,0.0,,0.0010263110743835568,,,,0.0,,,,,,,,,
760000,190,0.0,,1.9887412786483765,,,,0.0,,,,,,,,,
764000,191,0.0,,0.5564709305763245,,,,0.0,,,,,,,,,
768000,192,0.0,,0.0012785240542143583,,,,0.0,,,,,,,,,
772000,193,0.0,,0.0010462390491738915,,,,0.0,,,,,,,,,
776000,194,0.0,,0.5248636603355408,,,,0.0,,,,,,,,,
780000,195,0.0,,0.0009113411651924253,,,,0.0,,,,,,,,,
784000,196,0.0,,0.0008478826493956149,,,,0.0,,,,,,,,,
788000,197,0.0,,1.6079506874084473,,,,0.0,,,,,,,,,
792000,198,0.0,,0.0011390516301617026,,,,0.0,,,,,,,,,
796000,199,0.0,,0.0009333852212876081,,,,0.0,,,,,,,,,
800000,200,0.0,,1.9962983131408691,,,,0.0,,,,,,,,,
804000,201,0.125,,0.001316885813139379,,,,0.125,,,,,,,,,
808000,202,0.0,,0.0009075502166524529,,,,0.0,,,,,,,,,
812000,203,0.0,,1.0715305805206299,,,,0.0,,,,,,,,,
816000,204,0.0,,0.0010413258569315076,,,,0.0,,,,,,,,,
820000,205,0.0,,0.0008611856028437614,,,,0.0,,,,,,,,,
824000,206,0.0,,0.0007927273400127888,,,,0.0,,,,,,,,,
828000,207,0.0,,0.0007556163473054767,,,,0.0,,,,,,,,,
832000,208,0.0,,0.000765410135500133,,,,0.0,,,,,,,,,
836000,209,0.0,,4.864962100982666,,,,0.0,,,,,,,,,
840000,210,0.0,,1.6200289726257324,,,,0.0,,,,,,,,,
844000,211,0.0,,0.0025840806774795055,,,,0.0,,,,,,,,,
848000,212,0.0,,1.7149850130081177,,,,0.0,,,,,,,,,
852000,213,0.0,,0.0023255525156855583,,,,0.0,,,,,,,,,
856000,214,0.0,,0.0018523975741118193,,,,0.0,,,,,,,,,
860000,215,0.0,,0.0015014921082183719,,,,0.0,,,,,,,,,
864000,216,0.0,,0.5433024764060974,,,,0.0,,,,,,,,,
868000,217,0.0,,2.0361814498901367,,,,0.0,,,,,,,,,
872000,218,0.0,,0.0014687562361359596,,,,0.0,,,,,,,,,
876000,219,0.0,,0.0011213273974135518,,,,0.0,,,,,,,,,
880000,220,0.0,,0.0009921921882778406,,,,0.0,,,,,,,,,
884000,221,0.0,,1.2024422883987427,,,,0.0,,,,,,,,,
888000,222,0.0,,0.001110322424210608,,,,0.0,,,,,,,,,
892000,223,0.0,,0.0009338362142443657,,,,0.0,,,,,,,,,
896000,224,0.0,,1.147469401359558,,,,0.0,,,,,,,,,
900000,225,0.0,,1.4857769012451172,,,,0.0,,,,,,,,,
904000,226,0.0,,2.6188197135925293,,,,0.0,,,,,,,,,
908000,227,0.0,,0.0015062892343848944,,,,0.0,,,,,,,,,
912000,228,0.0,,0.001167458132840693,,,,0.0,,,,,,,,,
916000,229,0.0,,1.156375765800476,,,,0.0,,,,,,,,,
920000,230,0.0,,1.4500337839126587,,,,0.0,,,,,,,,,
924000,231,0.0,,0.000999658484943211,,,,0.0,,,,,,,,,
928000,232,0.0,,0.0008825156837701797,,,,0.0,,,,,,,,,
932000,233,0.0,,0.0008485156577080488,,,,0.0,,,,,,,,,
936000,234,0.0,,1.734075665473938,,,,0.0,,,,,,,,,
940000,235,0.0,,1.9687265157699585,,,,0.0,,,,,,,,,
944000,236,0.0,,0.0012678904458880424,,,,0.0,,,,,,,,,
948000,237,0.0,,1.6657520532608032,,,,0.0,,,,,,,,,
952000,238,0.0,,0.0009777189698070288,,,,0.0,,,,,,,,,
956000,239,0.0,,0.5956213474273682,,,,0.0,,,,,,,,,
960000,240,0.0,,4.392632007598877,,,,0.0,,,,,,,,,
964000,241,0.0,,0.0024556699208915234,,,,0.0,,,,,,,,,
968000,242,0.0,,2.1395010948181152,,,,0.0,,,,,,,,,
972000,243,0.125,,1.6254478693008423,,,,0.125,,,,,,,,,
976000,244,0.0,,2.7642767429351807,,,,0.0,,,,,,,,,
980000,245,0.0,,4.0327301025390625,,,,0.0,,,,,,,,,
984000,246,0.0,,1.4895650148391724,,,,0.0,,,,,,,,,
988000,247,0.0,,1.3829210996627808,,,,0.0,,,,,,,,,
992000,248,0.0,,1.4945579767227173,,,,0.0,,,,,,,,,
996000,249,0.0,,1.1570003032684326,,,,0.0,,,,,,,,,
1000000,250,0.125,,2.336852550506592,,,,0.125,,,,,,,,,
1004000,251,0.0,,0.0022219151724129915,,,,0.0,,,,,,,,,
1008000,252,0.0,,1.6059715747833252,,,,0.0,,,,,,,,,
1012000,253,0.0,,2.8284506797790527,,,,0.0,,,,,,,,,
1016000,254,0.0,,2.4706668853759766,,,,0.0,,,,,,,,,
1020000,255,0.0,,1.7472898960113525,,,,0.0,,,,,,,,,
1024000,256,0.0,,0.0023737940937280655,,,,0.0,,,,,,,,,
1028000,257,0.0,,0.0019514912273734808,,,,0.0,,,,,,,,,
1032000,258,0.0,,0.0015363364946097136,,,,0.0,,,,,,,,,
1036000,259,0.0,,2.004323959350586,,,,0.0,,,,,,,,,
1040000,260,0.0,,2.776820421218872,,,,0.0,,,,,,,,,
1044000,261,0.0,,0.0018577289301902056,,,,0.0,,,,,,,,,
1048000,262,0.0,,2.332927942276001,,,,0.0,,,,,,,,,
1052000,263,0.0,,1.0643259286880493,,,,0.0,,,,,,,,,
1056000,264,0.0,,1.6759710311889648,,,,0.0,,,,,,,,,
1060000,265,0.0,,1.2143301963806152,,,,0.0,,,,,,,,,
1064000,266,0.0,,0.5107530951499939,,,,0.0,,,,,,,,,
1068000,267,0.0,,5.960094451904297,,,,0.0,,,,,,,,,
1072000,268,0.0,,0.0029721222817897797,,,,0.0,,,,,,,,,
1076000,269,0.0,,1.9409723281860352,,,,0.0,,,,,,,,,
1080000,270,0.0,,1.5648596286773682,,,,0.0,,,,,,,,,
1084000,271,0.0,,0.529723584651947,,,,0.0,,,,,,,,,
1088000,272,0.0,,2.1652991771698,,,,0.0,,,,,,,,,
1092000,273,0.0,,0.0019690850749611855,,,,0.0,,,,,,,,,
1096000,274,0.0,,0.0016073326114565134,,,,0.0,,,,,,,,,
1100000,275,0.0,,4.37430477142334,,,,0.0,,,,,,,,,
1104000,276,0.0,,2.7435989379882812,,,,0.0,,,,,,,,,
1108000,277,0.0,,0.001990153454244137,,,,0.0,,,,,,,,,
1112000,278,0.0,,0.001772349700331688,,,,0.0,,,,,,,,,
1116000,279,0.0,,3.5330052375793457,,,,0.0,,,,,,,,,
1120000,280,0.0,,0.002162736840546131,,,,0.0,,,,,,,,,
1124000,281,0.0,,0.0017047516303136945,,,,0.0,,,,,,,,,
1128000,282,0.0,,0.001493835006840527,,,,0.0,,,,,,,,,
1132000,283,0.0,,2.2719695568084717,,,,0.0,,,,,,,,,
1136000,284,0.0,,3.589634418487549,,,,0.0,,,,,,,,,
1140000,285,0.0,,1.4605789184570312,,,,0.0,,,,,,,,,
1144000,286,0.0,,3.1425955295562744,,,,0.0,,,,,,,,,
1148000,287,0.0,,2.4867305755615234,,,,0.0,,,,,,,,,
1152000,288,0.0,,0.0029792427085340023,,,,0.0,,,,,,,,,
1156000,289,0.0,,3.0040459632873535,,,,0.0,,,,,,,,,
1160000,290,0.0,,2.0137746334075928,,,,0.0,,,,,,,,,
1164000,291,0.0,,1.4217534065246582,,,,0.0,,,,,,,,,
1168000,292,0.0,,0.0027266298420727253,,,,0.0,,,,,,,,,
1172000,293,0.0,,2.784254550933838,,,,0.0,,,,,,,,,
1176000,294,0.0,,1.533691167831421,,,,0.0,,,,,,,,,
1180000,295,0.0,,0.0022231286857277155,,,,0.0,,,,,,,,,
1184000,296,0.0,,4.246589660644531,,,,0.0,,,,,,,,,
1188000,297,0.0,,1.4306905269622803,,,,0.0,,,,,,,,,
1192000,298,0.0,,0.955531895160675,,,,0.0,,,,,,,,,
1196000,299,0.0,,0.8411956429481506,,,,0.0,,,,,,,,,
1200000,300,0.0,,0.002221781760454178,,,,0.0,,,,,,,,,
1204000,301,0.0,,2.3872830867767334,,,,0.0,,,,,,,,,
1208000,302,0.0,,1.59001624584198,,,,0.0,,,,,,,,,
1212000,303,0.0,,0.0019048211397603154,,,,0.0,,,,,,,,,
1216000,304,0.0,,0.0017771958373486996,,,,0.0,,,,,,,,,
1220000,305,0.0,,0.0014447125140577555,,,,0.0,,,,,,,,,
1224000,306,0.0,,1.8601089715957642,,,,0.0,,,,,,,,,
1228000,307,0.0,,0.0015143444761633873,,,,0.0,,,,,,,,,
1232000,308,0.0,,2.089308738708496,,,,0.0,,,,,,,,,
1236000,309,0.0,,2.773799419403076,,,,0.0,,,,,,,,,
1240000,310,0.0,,0.0019131897715851665,,,,0.0,,,,,,,,,
1244000,311,0.0,,0.0018322592368349433,,,,0.0,,,,,,,,,
1248000,312,0.0,,1.4714155197143555,,,,0.0,,,,,,,,,
1252000,313,0.0,,1.0178251266479492,,,,0.0,,,,,,,,,
1256000,314,0.0,,1.8189671039581299,,,,0.0,,,,,,,,,
1260000,315,0.0,,2.480527400970459,,,,0.0,,,,,,,,,
1264000,316,0.0,,1.5377470254898071,,,,0.0,,,,,,,,,
1268000,317,0.0,,1.0085805654525757,,,,0.0,,,,,,,,,
1272000,318,0.0,,0.002435231814160943,,,,0.0,,,,,,,,,
1276000,319,0.0,,1.3562856912612915,,,,0.0,,,,,,,,,
1280000,320,0.0,,2.425152540206909,,,,0.0,,,,,,,,,
1284000,321,0.0,,0.002021455205976963,,,,0.0,,,,,,,,,
1288000,322,0.0,,0.001759586506523192,,,,0.0,,,,,,,,,
1292000,323,0.0,,0.0015567000955343246,,,,0.0,,,,,,,,,
1296000,324,0.0,,3.2348062992095947,,,,0.0,,,,,,,,,
1300000,325,0.0,,1.7770363092422485,,,,0.0,,,,,,,,,
1304000,326,0.0,,0.002216900698840618,,,,0.0,,,,,,,,,
1308000,327,0.0,,0.0018604681827127934,,,,0.0,,,,,,,,,
1312000,328,0.0,,0.0015404917066916823,,,,0.0,,,,,,,,,
1316000,329,0.0,,0.9757590889930725,,,,0.0,,,,,,,,,
1320000,330,0.0,,0.5005860924720764,,,,0.0,,,,,,,,,
1324000,331,0.0,,0.001456437399610877,,,,0.0,,,,,,,,,
1328000,332,0.0,,0.0012838616967201233,,,,0.0,,,,,,,,,
1332000,333,0.0,,3.33575701713562,,,,0.0,,,,,,,,,
1336000,334,0.0,,1.8490030765533447,,,,0.0,,,,,,,,,
1340000,335,0.0,,0.0024441713467240334,,,,0.0,,,,,,,,,
1344000,336,0.0,,0.40741071105003357,,,,0.0,,,,,,,,,
1348000,337,0.0,,0.0016805455088615417,,,,0.0,,,,,,,,,
1352000,338,0.0,,1.4130446910858154,,,,0.0,,,,,,,,,
1356000,339,0.0,,1.561592698097229,,,,0.0,,,,,,,,,
1360000,340,0.0,,3.6085267066955566,,,,0.0,,,,,,,,,
1364000,341,0.0,,0.0037745703011751175,,,,0.0,,,,,,,,,
1368000,342,0.0,,0.9079857468605042,,,,0.0,,,,,,,,,
1372000,343,0.0,,1.444146752357483,,,,0.0,,,,,,,,,
1376000,344,0.0,,1.424688458442688,,,,0.0,,,,,,,,,
1380000,345,0.0,,0.0026079388335347176,,,,0.0,,,,,,,,,
1384000,346,0.0,,3.070977210998535,,,,0.0,,,,,,,,,
1388000,347,0.0,,0.002513798652216792,,,,0.0,,,,,,,,,
1392000,348,0.0,,0.0020490861497819424,,,,0.0,,,,,,,,,
1396000,349,0.0,,1.4456143379211426,,,,0.0,,,,,,,,,
1400000,350,0.0,,1.0405038595199585,,,,0.0,,,,,,,,,
1404000,351,0.0,,0.0015774820931255817,,,,0.0,,,,,,,,,
1408000,352,0.0,,1.6091724634170532,,,,0.0,,,,,,,,,
1412000,353,0.0,,0.001773556461557746,,,,0.0,,,,,,,,,
1416000,354,0.0,,0.956794798374176,,,,0.0,,,,,,,,,
1420000,355,0.0,,0.0014322004280984402,,,,0.0,,,,,,,,,
1424000,356,0.0,,0.4864240884780884,,,,0.0,,,,,,,,,
1428000,357,0.0,,0.0013416968286037445,,,,0.0,,,,,,,,,
1432000,358,0.0,,0.0011199840810149908,,,,0.0,,,,,,,,,
1436000,359,0.0,,0.0011893098708242178,,,,0.0,,,,,,,,,
1440000,360,0.0,,0.0010543429525569081,,,,0.0,,,,,,,,,
1444000,361,0.0,,0.0010213458444923162,,,,0.0,,,,,,,,,
1448000,362,0.0,,0.8863187432289124,,,,0.0,,,,,,,,,
1452000,363,0.0,,1.8963232040405273,,,,0.0,,,,,,,,,
1456000,364,0.0,,0.0013769259676337242,,,,0.0,,,,,,,,,
1460000,365,0.0,,1.40654718875885,,,,0.0,,,,,,,,,
1464000,366,0.0,,0.0013251336058601737,,,,0.0,,,,,,,,,
1468000,367,0.0,,0.001196357887238264,,,,0.0,,,,,,,,,
1472000,368,0.0,,0.0009405176970176399,,,,0.0,,,,,,,,,
1476000,369,0.0,,1.7458217144012451,,,,0.0,,,,,,,,,
1480000,370,0.0,,0.9908559322357178,,,,0.0,,,,,,,,,
1484000,371,0.0,,1.085267186164856,,,,0.0,,,,,,,,,
1488000,372,0.0,,0.0015527214854955673,,,,0.0,,,,,,,,,
1492000,373,0.0,,0.001324394135735929,,,,0.0,,,,,,,,,
1496000,374,0.0,,0.0009999324101954699,,,,0.0,,,,,,,,,
1500000,375,0.0,,0.0009452089434489608,,,,0.0,,,,,,,,,
1504000,376,0.0,,0.0009380590636283159,,,,0.0,,,,,,,,,
1508000,377,0.0,,0.0008704408537596464,,,,0.0,,,,,,,,,
1512000,378,0.0,,0.0008598071872256696,,,,0.0,,,,,,,,,
1516000,379,0.0,,0.0008875612402334809,,,,0.0,,,,,,,,,
1520000,380,0.0,,0.0009355423972010612,,,,0.0,,,,,,,,,
1524000,381,0.0,,0.0008631261880509555,,,,0.0,,,,,,,,,
1528000,382,0.0,,0.0007713541854172945,,,,0.0,,,,,,,,,
1532000,383,0.0,,0.0007717385306023061,,,,0.0,,,,,,,,,
1536000,384,0.0,,0.000770319311413914,,,,0.0,,,,,,,,,
1540000,385,0.0,,0.0006997263990342617,,,,0.0,,,,,,,,,
1544000,386,0.0,,0.0007243503350764513,,,,0.0,,,,,,,,,
1548000,387,0.0,,0.000761145434807986,,,,0.0,,,,,,,,,
1552000,388,0.0,,0.0007100127986632288,,,,0.0,,,,,,,,,
1556000,389,0.0,,0.000763021525926888,,,,0.0,,,,,,,,,
1560000,390,0.0,,0.0007006742525845766,,,,0.0,,,,,,,,,
1564000,391,0.0,,0.0007222795393317938,,,,0.0,,,,,,,,,
1568000,392,0.0,,0.0007157815853133798,,,,0.0,,,,,,,,,
1572000,393,0.0,,0.0007272871444001794,,,,0.0,,,,,,,,,
1576000,394,0.0,,0.0006888438947498798,,,,0.0,,,,,,,,,
1580000,395,0.0,,0.0006623333902098238,,,,0.0,,,,,,,,,
1584000,396,0.0,,0.0006722213001921773,,,,0.0,,,,,,,,,
1588000,397,0.0,,0.0006784499855712056,,,,0.0,,,,,,,,,
1592000,398,0.0,,0.0006771483458578587,,,,0.0,,,,,,,,,
1596000,399,0.0,,0.0006998867029324174,,,,0.0,,,,,,,,,
1600000,400,0.0,,0.0006861269939690828,,,,0.0,,,,,,,,,
1604000,401,0.0,,0.0006145580555312335,,,,0.0,,,,,,,,,
1608000,402,0.0,,0.0007107545388862491,,,,0.0,,,,,,,,,
1612000,403,0.0,,0.0006412620423361659,,,,0.0,,,,,,,,,
1616000,404,0.0,,0.0006546506192535162,,,,0.0,,,,,,,,,
1620000,405,0.0,,0.0006356679368764162,,,,0.0,,,,,,,,,
1624000,406,0.0,,0.0006182242650538683,,,,0.0,,,,,,,,,
1628000,407,0.0,,0.0006066366331651807,,,,0.0,,,,,,,,,
1632000,408,0.0,,0.0005930747138336301,,,,0.0,,,,,,,,,
1636000,409,0.0,,0.0006251586601138115,,,,0.0,,,,,,,,,
1640000,410,0.0,,0.0006038065766915679,,,,0.0,,,,,,,,,
1644000,411,0.0,,0.0005979907000437379,,,,0.0,,,,,,,,,
1648000,412,0.0,,0.0005822887760587037,,,,0.0,,,,,,,,,
1652000,413,0.0,,0.0005631092935800552,,,,0.0,,,,,,,,,
1656000,414,0.0,,0.0005845169653184712,,,,0.0,,,,,,,,,
1660000,415,0.0,,0.0005801956867799163,,,,0.0,,,,,,,,,
1664000,416,0.125,,0.0005711237899959087,,,,0.125,,,,,,,,,
1668000,417,0.0,,0.000540386768989265,,,,0.0,,,,,,,,,
1672000,418,0.0,,0.00056429672986269,,,,0.0,,,,,,,,,
1676000,419,0.0,,0.0005298302276059985,,,,0.0,,,,,,,,,
1680000,420,0.0,,0.0005161879817023873,,,,0.0,,,,,,,,,
1684000,421,0.0,,0.0005427526193670928,,,,0.0,,,,,,,,,
1688000,422,0.0,,0.000535429222509265,,,,0.0,,,,,,,,,
1692000,423,0.0,,0.0005171331577003002,,,,0.0,,,,,,,,,
1696000,424,0.0,,0.0005214879638515413,,,,0.0,,,,,,,,,
1700000,425,0.0,,0.0005243939813226461,,,,0.0,,,,,,,,,
1704000,426,0.0,,0.0004991646273992956,,,,0.0,,,,,,,,,
1708000,427,0.0,,0.0005273653659969568,,,,0.0,,,,,,,,,
1712000,428,0.0,,0.0004956701886840165,,,,0.0,,,,,,,,,
1716000,429,0.0,,0.0004960622172802687,,,,0.0,,,,,,,,,
1720000,430,0.0,,0.0004997050273232162,,,,0.0,,,,,,,,,
1724000,431,0.0,,0.0005142045556567609,,,,0.0,,,,,,,,,
1728000,432,0.0,,0.000495498301461339,,,,0.0,,,,,,,,,
1732000,433,0.0,,0.00047935484326444566,,,,0.0,,,,,,,,,
1736000,434,0.0,,0.000500741065479815,,,,0.0,,,,,,,,,
1740000,435,0.0,,0.0005159263964742422,,,,0.0,,,,,,,,,
1744000,436,0.0,,0.0004994976916350424,,,,0.0,,,,,,,,,
1748000,437,0.0,,0.0004921198124065995,,,,0.0,,,,,,,,,
1752000,438,0.0,,0.00045450421748682857,,,,0.0,,,,,,,,,
1756000,439,0.0,,0.00046947988448664546,,,,0.0,,,,,,,,,
1760000,440,0.0,,0.00044588028686121106,,,,0.0,,,,,,,,,
1764000,441,0.0,,1.1209080219268799,,,,0.0,,,,,,,,,
1768000,442,0.0,,0.000782300834544003,,,,0.0,,,,,,,,,
1772000,443,0.0,,0.0006192759610712528,,,,0.0,,,,,,,,,
1776000,444,0.0,,0.0005317216273397207,,,,0.0,,,,,,,,,
1780000,445,0.0,,0.0005104570300318301,,,,0.0,,,,,,,,,
1784000,446,0.0,,0.00045738695189356804,,,,0.0,,,,,,,,,
1788000,447,0.0,,0.0004551453748717904,,,,0.0,,,,,,,,,
1792000,448,0.0,,0.0004513504100032151,,,,0.0,,,,,,,,,
1796000,449,0.0,,2.6457035541534424,,,,0.0,,,,,,,,,
1800000,450,0.0,,0.0010774089023470879,,,,0.0,,,,,,,,,
1804000,451,0.0,,0.0007956401677802205,,,,0.0,,,,,,,,,
1808000,452,0.0,,0.0006971356342546642,,,,0.0,,,,,,,,,
1812000,453,0.0,,0.0005695609143003821,,,,0.0,,,,,,,,,
1816000,454,0.0,,2.3742172718048096,,,,0.0,,,,,,,,,
1820000,455,0.0,,0.0009671899024397135,,,,0.0,,,,,,,,,
1824000,456,0.0,,0.0007668137550354004,,,,0.0,,,,,,,,,
1828000,457,0.0,,0.0006513214902952313,,,,0.0,,,,,,,,,
1832000,458,0.0,,0.0005510946502909064,,,,0.0,,,,,,,,,
1836000,459,0.0,,0.0005208944203332067,,,,0.0,,,,,,,,,
1840000,460,0.0,,0.0004902268992736936,,,,0.0,,,,,,,,,
1844000,461,0.0,,0.0004632380441762507,,,,0.0,,,,,,,,,
1848000,462,0.0,,0.0004937384510412812,,,,0.0,,,,,,,,,
1852000,463,0.0,,0.0004601748660206795,,,,0.0,,,,,,,,,
1856000,464,0.0,,0.0004516674962360412,,,,0.0,,,,,,,,,
1860000,465,0.0,,0.6453791856765747,,,,0.0,,,,,,,,,
1864000,466,0.0,,1.6740094423294067,,,,0.0,,,,,,,,,
1868000,467,0.0,,0.0009690715232864022,,,,0.0,,,,,,,,,
1872000,468,0.0,,0.0007451652782037854,,,,0.0,,,,,,,,,
1876000,469,0.0,,0.0006344756111502647,,,,0.0,,,,,,,,,
1880000,470,0.0,,1.1597802639007568,,,,0.0,,,,,,,,,
1884000,471,0.0,,0.0006550796097144485,,,,0.0,,,,,,,,,
1888000,472,0.0,,0.000568839255720377,,,,0.0,,,,,,,,,
1892000,473,0.0,,0.000499999150633812,,,,0.0,,,,,,,,,
1896000,474,0.0,,2.008233070373535,,,,0.0,,,,,,,,,
1900000,475,0.0,,0.001059215166606009,,,,0.0,,,,,,,,,
1904000,476,0.0,,0.0007516825571656227,,,,0.0,,,,,,,,,
1908000,477,0.0,,0.0006002821028232574,,,,0.0,,,,,,,,,
1912000,478,0.0,,1.172086477279663,,,,0.0,,,,,,,,,
1916000,479,0.0,,0.0006799527909606695,,,,0.0,,,,,,,,,
1920000,480,0.0,,1.2941186428070068,,,,0.0,,,,,,,,,
1924000,481,0.0,,0.0008210694650188088,,,,0.0,,,,,,,,,
1928000,482,0.0,,0.0007191577460616827,,,,0.0,,,,,,,,,
1932000,483,0.0,,0.657215416431427,,,,0.0,,,,,,,,,
1936000,484,0.0,,0.6100186705589294,,,,0.0,,,,,,,,,
1940000,485,0.0,,0.0007220953702926636,,,,0.0,,,,,,,,,
1944000,486,0.0,,0.0005899726529605687,,,,0.0,,,,,,,,,
1948000,487,0.0,,0.0005481722764670849,,,,0.0,,,,,,,,,
1952000,488,0.0,,1.2384551763534546,,,,0.0,,,,,,,,,
1956000,489,0.0,,2.001403570175171,,,,0.0,,,,,,,,,
1960000,490,0.0,,0.0007603048579767346,,,,0.0,,,,,,,,,
1964000,491,0.0,,0.000619367288891226,,,,0.0,,,,,,,,,
1968000,492,0.0,,0.0005444157868623734,,,,0.0,,,,,,,,,
1972000,493,0.0,,0.0005262662889435887,,,,0.0,,,,,,,,,
1976000,494,0.0,,0.0005216823192313313,,,,0.0,,,,,,,,,
1980000,495,0.0,,0.7427412867546082,,,,0.0,,,,,,,,,
1984000,496,0.0,,0.0005957806715741754,,,,0.0,,,,,,,,,
1988000,497,0.0,,3.2847909927368164,,,,0.0,,,,,,,,,
1992000,498,0.0,,0.0011947141028940678,,,,0.0,,,,,,,,,
1996000,499,0.0,,0.0008448506123386323,,,,0.0,,,,,,,,,
2000000,500,0.0,,1.2546703815460205,,,,0.0,,,,,,,,,
2004000,501,0.0,,0.0009005445754155517,,,,0.0,,,,,,,,,
2008000,502,0.0,,0.000698394956998527,,,,0.0,,,,,,,,,
2012000,503,0.0,,1.8176971673965454,,,,0.0,,,,,,,,,
2016000,504,0.0,,0.0008307015523314476,,,,0.0,,,,,,,,,
2020000,505,0.0,,0.000698735355399549,,,,0.0,,,,,,,,,
2024000,506,0.0,,0.0006510957609862089,,,,0.0,,,,,,,,,
2028000,507,0.0,,0.0005691503174602985,,,,0.0,,,,,,,,,
2032000,508,0.0,,3.4495668411254883,,,,0.0,,,,,,,,,
2036000,509,0.0,,0.0014601468574255705,,,,0.0,,,,,,,,,
2040000,510,0.0,,0.0010624488350003958,,,,0.0,,,,,,,,,
2044000,511,0.0,,0.0008550959173589945,,,,0.0,,,,,,,,,
2048000,512,0.0,,0.0007331079104915261,,,,0.0,,,,,,,,,
2052000,513,0.0,,0.0006298665539361537,,,,0.0,,,,,,,,,
2056000,514,0.0,,0.0006268314318731427,,,,0.0,,,,,,,,,
2060000,515,0.0,,0.0005534121883101761,,,,0.0,,,,,,,,,
2064000,516,0.0,,0.0005276484880596399,,,,0.0,,,,,,,,,
2068000,517,0.0,,0.0005042213015258312,,,,0.0,,,,,,,,,
2072000,518,0.0,,1.3302549123764038,,,,0.0,,,,,,,,,
2076000,519,0.0,,0.0006881560548208654,,,,0.0,,,,,,,,,
2080000,520,0.0,,1.4409499168395996,,,,0.0,,,,,,,,,
2084000,521,0.0,,0.0007728079799562693,,,,0.0,,,,,,,,,
2088000,522,0.0,,1.2685476541519165,,,,0.0,,,,,,,,,
2092000,523,0.0,,0.0006726409774273634,,,,0.0,,,,,,,,,
2096000,524,0.0,,0.000601049279794097,,,,0.0,,,,,,,,,
2100000,525,0.0,,0.0005664362106472254,,,,0.0,,,,,,,,,
2104000,526,0.0,,0.00048786139814183116,,,,0.0,,,,,,,,,
2108000,527,0.0,,0.0005094878142699599,,,,0.0,,,,,,,,,
2112000,528,0.0,,0.0004645433509722352,,,,0.0,,,,,,,,,
2116000,529,0.0,,0.0004596628714352846,,,,0.0,,,,,,,,,
2120000,530,0.0,,0.00044489724677987397,,,,0.0,,,,,,,,,
2124000,531,0.0,,0.00040988170076161623,,,,0.0,,,,,,,,,
2128000,532,0.0,,0.00042313721496611834,,,,0.0,,,,,,,,,
2132000,533,0.0,,0.0004399064928293228,,,,0.0,,,,,,,,,
2136000,534,0.0,,0.0004250488127581775,,,,0.0,,,,,,,,,
2140000,535,0.0,,0.0004248948534950614,,,,0.0,,,,,,,,,
2144000,536,0.0,,0.00043200072832405567,,,,0.0,,,,,,,,,
2148000,537,0.0,,1.2130367755889893,,,,0.0,,,,,,,,,
2152000,538,0.0,,0.000512469676323235,,,,0.0,,,,,,,,,
2156000,539,0.0,,0.0004336204146966338,,,,0.0,,,,,,,,,
2160000,540,0.0,,0.00038030504947528243,,,,0.0,,,,,,,,,
2164000,541,0.0,,0.0003749618190340698,,,,0.0,,,,,,,,,
2168000,542,0.0,,0.0003634099557530135,,,,0.0,,,,,,,,,
2172000,543,0.0,,0.00041027809493243694,,,,0.0,,,,,,,,,
2176000,544,0.0,,0.0003800421254709363,,,,0.0,,,,,,,,,
2180000,545,0.0,,0.0003788921167142689,,,,0.0,,,,,,,,,
2184000,546,0.0,,0.00035301619209349155,,,,0.0,,,,,,,,,
2188000,547,0.0,,0.0003740677493624389,,,,0.0,,,,,,,,,
2192000,548,0.0,,0.000368773122318089,,,,0.0,,,,,,,,,
2196000,549,0.0,,0.0003942523035220802,,,,0.0,,,,,,,,,
2200000,550,0.0,,0.0003605897072702646,,,,0.0,,,,,,,,,
2204000,551,0.0,,0.00036149457446299493,,,,0.0,,,,,,,,,
2208000,552,0.0,,0.0003789386828429997,,,,0.0,,,,,,,,,
2212000,553,0.0,,0.00034510454861447215,,,,0.0,,,,,,,,,
2216000,554,0.0,,0.00034828760544769466,,,,0.0,,,,,,,,,
2220000,555,0.0,,0.000347678258549422,,,,0.0,,,,,,,,,
2224000,556,0.0,,0.0003494609845802188,,,,0.0,,,,,,,,,
2228000,557,0.0,,0.00036057771649211645,,,,0.0,,,,,,,,,
2232000,558,0.0,,0.0003327860322315246,,,,0.0,,,,,,,,,
2236000,559,0.0,,0.000325677334330976,,,,0.0,,,,,,,,,
2240000,560,0.0,,0.0003497085999697447,,,,0.0,,,,,,,,,
2244000,561,0.0,,0.0003451417724136263,,,,0.0,,,,,,,,,
2248000,562,0.0,,0.00032964657293632627,,,,0.0,,,,,,,,,
2252000,563,0.0,,0.0003369986661709845,,,,0.0,,,,,,,,,
2256000,564,0.0,,0.00031310148187913,,,,0.0,,,,,,,,,
2260000,565,0.0,,0.0003139017499051988,,,,0.0,,,,,,,,,
2264000,566,0.0,,0.000311962328851223,,,,0.0,,,,,,,,,
2268000,567,0.0,,0.0003187798138242215,,,,0.0,,,,,,,,,
2272000,568,0.0,,0.00032633583759889007,,,,0.0,,,,,,,,,
2276000,569,0.0,,0.00031657749786973,,,,0.0,,,,,,,,,
2280000,570,0.0,,0.00030648341635242105,,,,0.0,,,,,,,,,
2284000,571,0.0,,0.00031702808337286115,,,,0.0,,,,,,,,,
2288000,572,0.0,,0.0003202950465492904,,,,0.0,,,,,,,,,
2292000,573,0.0,,0.00029074714984744787,,,,0.0,,,,,,,,,
2296000,574,0.0,,0.00031413210672326386,,,,0.0,,,,,,,,,
2300000,575,0.0,,0.00029577541863545775,,,,0.0,,,,,,,,,
2304000,576,0.0,,0.0003044943150598556,,,,0.0,,,,,,,,,
2308000,577,0.0,,0.0003189958806615323,,,,0.0,,,,,,,,,
2312000,578,0.0,,0.0002991788205690682,,,,0.0,,,,,,,,,
2316000,579,0.0,,0.000290882948320359,,,,0.0,,,,,,,,,
2320000,580,0.0,,0.0002712385612539947,,,,0.0,,,,,,,,,
2324000,581,0.0,,0.0003131316043436527,,,,0.0,,,,,,,,,
2328000,582,0.0,,0.0002943233703263104,,,,0.0,,,,,,,,,
2332000,583,0.0,,0.0002828387659974396,,,,0.0,,,,,,,,,
2336000,584,0.0,,0.0003032243112102151,,,,0.0,,,,,,,,,
2340000,585,0.0,,0.0002929443144239485,,,,0.0,,,,,,,,,
2344000,586,0.0,,0.0002853873302228749,,,,0.0,,,,,,,,,
2348000,587,0.0,,0.0002841832465492189,,,,0.0,,,,,,,,,
2352000,588,0.0,,0.00028904114151373506,,,,0.0,,,,,,,,,
2356000,589,0.0,,0.0002802048693411052,,,,0.0,,,,,,,,,
2360000,590,0.0,,0.00030257561593316495,,,,0.0,,,,,,,,,
2364000,591,0.0,,0.00029873830499127507,,,,0.0,,,,,,,,,
2368000,592,0.0,,0.00031047212542034686,,,,0.0,,,,,,,,,
2372000,593,0.0,,0.00028214900521561503,,,,0.0,,,,,,,,,
2376000,594,0.0,,0.00027205137303099036,,,,0.0,,,,,,,,,
2380000,595,0.0,,0.00028875464340671897,,,,0.0,,,,,,,,,
2384000,596,0.0,,0.0002711862907744944,,,,0.0,,,,,,,,,
2388000,597,0.0,,0.0002667881199158728,,,,0.0,,,,,,,,,
2392000,598,0.0,,0.00027925087488256395,,,,0.0,,,,,,,,,
2396000,599,0.0,,0.00025892932899296284,,,,0.0,,,,,,,,,
2400000,600,0.0,,0.00026775748119689524,,,,0.0,,,,,,,,,
2404000,601,0.0,,0.0002685649669729173,,,,0.0,,,,,,,,,
2408000,602,0.0,,0.00027979418518953025,,,,0.0,,,,,,,,,
2412000,603,0.0,,0.0002866899885702878,,,,0.0,,,,,,,,,
2416000,604,0.0,,0.00026323128258809447,,,,0.0,,,,,,,,,
2420000,605,0.0,,0.0002737216418609023,,,,0.0,,,,,,,,,
2424000,606,0.0,,0.0002561656874604523,,,,0.0,,,,,,,,,
2428000,607,0.0,,0.0002655572025105357,,,,0.0,,,,,,,,,
2432000,608,0.0,,0.00026412453735247254,,,,0.0,,,,,,,,,
2436000,609,0.0,,0.00027786765713244677,,,,0.0,,,,,,,,,
2440000,610,0.0,,0.00028832879615947604,,,,0.0,,,,,,,,,
2444000,611,0.0,,0.0002724029473029077,,,,0.0,,,,,,,,,
2448000,612,0.0,,0.00025205628480762243,,,,0.0,,,,,,,,,
2452000,613,0.0,,0.000261976063484326,,,,0.0,,,,,,,,,
2456000,614,0.0,,0.000275660800980404,,,,0.0,,,,,,,,,
2460000,615,0.0,,0.00024634978035464883,,,,0.0,,,,,,,,,
2464000,616,0.0,,0.00025725853629410267,,,,0.0,,,,,,,,,
2468000,617,0.0,,0.00026003739912994206,,,,0.0,,,,,,,,,
2472000,618,0.0,,0.0002540341520216316,,,,0.0,,,,,,,,,
2476000,619,0.0,,0.00025881556211970747,,,,0.0,,,,,,,,,
2480000,620,0.0,,0.000261088483966887,,,,0.0,,,,,,,,,
2484000,621,0.0,,0.000239928049268201,,,,0.0,,,,,,,,,
2488000,622,0.0,,0.0002439954550936818,,,,0.0,,,,,,,,,
2492000,623,0.0,,0.00024248825502581894,,,,0.0,,,,,,,,,
2496000,624,0.0,,0.0002611057134345174,,,,0.0,,,,,,,,,
2500000,625,0.0,,0.0002610006486065686,,,,0.0,,,,,,,,,
2504000,626,0.0,,0.00024494685931131244,,,,0.0,,,,,,,,,
2508000,627,0.0,,0.00023327670351136476,,,,0.0,,,,,,,,,
2512000,628,0.0,,0.0002412329486105591,,,,0.0,,,,,,,,,
2516000,629,0.0,,0.00024347401631530374,,,,0.0,,,,,,,,,
2520000,630,0.0,,0.000243506467086263,,,,0.0,,,,,,,,,
2524000,631,0.0,,0.00023348056129179895,,,,0.0,,,,,,,,,
2528000,632,0.0,,0.00023083249107003212,,,,0.0,,,,,,,,,
2532000,633,0.0,,0.00022784143220633268,,,,0.0,,,,,,,,,
2536000,634,0.0,,0.0002483115531504154,,,,0.0,,,,,,,,,
2540000,635,0.0,,0.0002602849854156375,,,,0.0,,,,,,,,,
2544000,636,0.0,,0.0002384097024332732,,,,0.0,,,,,,,,,
2548000,637,0.0,,0.00022620687377639115,,,,0.0,,,,,,,,,
2552000,638,0.0,,0.0002149919600924477,,,,0.0,,,,,,,,,
2556000,639,0.0,,0.0002301756467204541,,,,0.0,,,,,,,,,
2560000,640,0.0,,0.00023811080609448254,,,,0.0,,,,,,,,,
2564000,641,0.0,,0.00022425493807531893,,,,0.0,,,,,,,,,
2568000,642,0.0,,0.00023028271971270442,,,,0.0,,,,,,,,,
2572000,643,0.0,,0.00021349791495595127,,,,0.0,,,,,,,,,
2576000,644,0.0,,0.0002429345913697034,,,,0.0,,,,,,,,,
2580000,645,0.0,,0.00023164953745435923,,,,0.0,,,,,,,,,
2584000,646,0.0,,0.00021369894966483116,,,,0.0,,,,,,,,,
2588000,647,0.0,,0.00023553140636067837,,,,0.0,,,,,,,,,
2592000,648,0.0,,0.00021095397823955864,,,,0.0,,,,,,,,,
2596000,649,0.0,,0.00022180360974743962,,,,0.0,,,,,,,,,
2600000,650,0.0,,0.0002165845362469554,,,,0.0,,,,,,,,,
2604000,651,0.0,,0.0003211759903933853,,,,0.0,,,,,,,,,
2608000,652,0.0,,0.0002242089540231973,,,,0.0,,,,,,,,,
2612000,653,0.0,,0.00024327677965629846,,,,0.0,,,,,,,,,
2616000,654,0.0,,0.0002626856730785221,,,,0.0,,,,,,,,,
2620000,655,0.0,,0.0002479510148987174,,,,0.0,,,,,,,,,
2624000,656,0.0,,0.00027663068613037467,,,,0.0,,,,,,,,,
2628000,657,0.0,,0.0002244365750811994,,,,0.0,,,,,,,,,
2632000,658,0.0,,0.00027896082610823214,,,,0.0,,,,,,,,,
2636000,659,0.0,,0.00023447431158274412,,,,0.0,,,,,,,,,
2640000,660,0.0,,0.00023292982950806618,,,,0.0,,,,,,,,,
2644000,661,0.0,,0.0002422584657324478,,,,0.0,,,,,,,,,
2648000,662,0.0,,0.00021391466725617647,,,,0.0,,,,,,,,,
2652000,663,0.0,,0.00020568020408973098,,,,0.0,,,,,,,,,
2656000,664,0.0,,0.00021181668853387237,,,,0.0,,,,,,,,,
2660000,665,0.0,,0.00024248511181212962,,,,0.0,,,,,,,,,
2664000,666,0.0,,0.00020396197214722633,,,,0.0,,,,,,,,,
2668000,667,0.0,,0.00026587818865664303,,,,0.0,,,,,,,,,
2672000,668,0.0,,0.0002641238388605416,,,,0.0,,,,,,,,,
2676000,669,0.0,,0.00020589814812410623,,,,0.0,,,,,,,,,
2680000,670,0.0,,0.0002229883539257571,,,,0.0,,,,,,,,,
2684000,671,0.0,,0.00019472511485219002,,,,0.0,,,,,,,,,
2688000,672,0.0,,0.00021988955268170685,,,,0.0,,,,,,,,,
2692000,673,0.0,,0.00020766077795997262,,,,0.0,,,,,,,,,
2696000,674,0.0,,0.00021223252406343818,,,,0.0,,,,,,,,,
2700000,675,0.0,,0.00021145712526049465,,,,0.0,,,,,,,,,
2704000,676,0.0,,0.0002049165777862072,,,,0.0,,,,,,,,,
2708000,677,0.0,,0.00019480352057144046,,,,0.0,,,,,,,,,
2712000,678,0.0,,0.00020680247689597309,,,,0.0,,,,,,,,,
2716000,679,0.0,,0.00028648629086092114,,,,0.0,,,,,,,,,
2720000,680,0.0,,0.000202525217900984,,,,0.0,,,,,,,,,
2724000,681,0.0,,0.00024355962523259223,,,,0.0,,,,,,,,,
2728000,682,0.0,,0.0002492775092832744,,,,0.0,,,,,,,,,
2732000,683,0.0,,0.00020172155927866697,,,,0.0,,,,,,,,,
2736000,684,0.0,,0.0002142049779649824,,,,0.0,,,,,,,,,
2740000,685,0.0,,0.0002400278754066676,,,,0.0,,,,,,,,,
2744000,686,0.0,,0.00022154644830152392,,,,0.0,,,,,,,,,
2748000,687,0.0,,0.0002104371669702232,,,,0.0,,,,,,,,,
2752000,688,0.0,,0.00019090237037744373,,,,0.0,,,,,,,,,
2756000,689,0.0,,0.00018435872334521264,,,,0.0,,,,,,,,,
2760000,690,0.0,,0.00022265163715928793,,,,0.0,,,,,,,,,
2764000,691,0.0,,0.00031053752172738314,,,,0.0,,,,,,,,,
2768000,692,0.0,,0.00021067436318844557,,,,0.0,,,,,,,,,
2772000,693,0.0,,0.000218835542909801,,,,0.0,,,,,,,,,
2776000,694,0.0,,0.00018909579375758767,,,,0.0,,,,,,,,,
2780000,695,0.0,,0.0001902384974528104,,,,0.0,,,,,,,,,
2784000,696,0.0,,0.00020434139878489077,,,,0.0,,,,,,,,,
2788000,697,0.0,,0.00017843476962298155,,,,0.0,,,,,,,,,
2792000,698,0.0,,0.00020129643962718546,,,,0.0,,,,,,,,,
2796000,699,0.0,,0.00026505260029807687,,,,0.0,,,,,,,,,
2800000,700,0.0,,0.0001920040522236377,,,,0.0,,,,,,,,,
2804000,701,0.0,,0.00020188189228065312,,,,0.0,,,,,,,,,
2808000,702,0.0,,0.00019001297187060118,,,,0.0,,,,,,,,,
2812000,703,0.0,,0.0001947970304172486,,,,0.0,,,,,,,,,
2816000,704,0.0,,0.00022680415713693947,,,,0.0,,,,,,,,,
2820000,705,0.0,,0.0002107410691678524,,,,0.0,,,,,,,,,
2824000,706,0.0,,0.00020319345640018582,,,,0.0,,,,,,,,,
2828000,707,0.0,,0.00018716201884672046,,,,0.0,,,,,,,,,
2832000,708,0.0,,0.00018511649977881461,,,,0.0,,,,,,,,,
2836000,709,0.0,,0.000193706204299815,,,,0.0,,,,,,,,,
2840000,710,0.0,,0.00020609452622011304,,,,0.0,,,,,,,,,
2844000,711,0.0,,0.0002074266376439482,,,,0.0,,,,,,,,,
2848000,712,0.0,,0.00024920626310631633,,,,0.0,,,,,,,,,
2852000,713,0.0,,0.00019858698942698538,,,,0.0,,,,,,,,,
2856000,714,0.0,,0.0001739265426294878,,,,0.0,,,,,,,,,
2860000,715,0.0,,0.0002181411546189338,,,,0.0,,,,,,,,,
2864000,716,0.0,,0.00021630806440953165,,,,0.0,,,,,,,,,
2868000,717,0.0,,0.00021242682123556733,,,,0.0,,,,,,,,,
2872000,718,0.0,,0.00018786126747727394,,,,0.0,,,,,,,,,
2876000,719,0.0,,0.00016682053683325648,,,,0.0,,,,,,,,,
2880000,720,0.0,,0.00017307058442384005,,,,0.0,,,,,,,,,
2884000,721,0.0,,0.00015505283954553306,,,,0.0,,,,,,,,,
2888000,722,0.0,,0.00017437658971175551,,,,0.0,,,,,,,,,
2892000,723,0.0,,0.00018971128156408668,,,,0.0,,,,,,,,,
2896000,724,0.0,,0.0001604163262527436,,,,0.0,,,,,,,,,
2900000,725,0.0,,0.00023642134328838438,,,,0.0,,,,,,,,,
2904000,726,0.0,,0.00019331814837642014,,,,0.0,,,,,,,,,
2908000,727,0.0,,0.0001720969594316557,,,,0.0,,,,,,,,,
2912000,728,0.0,,0.00016143095854204148,,,,0.0,,,,,,,,,
2916000,729,0.0,,0.0002043214626610279,,,,0.0,,,,,,,,,
2920000,730,0.0,,0.00016837965813465416,,,,0.0,,,,,,,,,
2924000,731,0.0,,0.0001964255643542856,,,,0.0,,,,,,,,,
2928000,732,0.0,,0.000163964374223724,,,,0.0,,,,,,,,,
2932000,733,0.0,,0.00017758147441782057,,,,0.0,,,,,,,,,
2936000,734,0.0,,0.0002182285243179649,,,,0.0,,,,,,,,,
2940000,735,0.0,,0.0001913209562189877,,,,0.0,,,,,,,,,
2944000,736,0.0,,0.00016029670950956643,,,,0.0,,,,,,,,,
2948000,737,0.0,,0.0001879336778074503,,,,0.0,,,,,,,,,
2952000,738,0.0,,0.00017424908583052456,,,,0.0,,,,,,,,,
2956000,739,0.0,,0.00019961886573582888,,,,0.0,,,,,,,,,
2960000,740,0.0,,0.00017147389007732272,,,,0.0,,,,,,,,,
2964000,741,0.0,,0.00016070509445853531,,,,0.0,,,,,,,,,
2968000,742,0.0,,0.00016854476416483521,,,,0.0,,,,,,,,,
2972000,743,0.0,,0.00016017889720387757,,,,0.0,,,,,,,,,
2976000,744,0.0,,0.0001639699039515108,,,,0.0,,,,,,,,,
2980000,745,0.0,,0.00018377824744675308,,,,0.0,,,,,,,,,
2984000,746,0.0,,0.00016393994155805558,,,,0.0,,,,,,,,,
2988000,747,0.0,,0.00016193068586289883,,,,0.0,,,,,,,,,
2992000,748,0.0,,0.00019247227464802563,,,,0.0,,,,,,,,,
2996000,749,0.0,,0.00016513344598934054,,,,0.0,,,,,,,,,
3000000,750,0.0,,0.00015714192704763263,,,,0.0,,,,,,,,,
3004000,751,0.0,,0.00016726575267966837,,,,0.0,,,,,,,,,
3008000,752,0.0,,0.0001609995379112661,,,,0.0,,,,,,,,,
3012000,753,0.0,,0.00016098566993605345,,,,0.0,,,,,,,,,
3016000,754,0.0,,0.0001615469518583268,,,,0.0,,,,,,,,,
3020000,755,0.0,,0.00017938707605935633,,,,0.0,,,,,,,,,
3024000,756,0.0,,0.00016069917182903737,,,,0.0,,,,,,,,,
3028000,757,0.0,,0.00015256597544066608,,,,0.0,,,,,,,,,
3032000,758,0.0,,0.00016749580390751362,,,,0.0,,,,,,,,,
3036000,759,0.0,,0.00019064114894717932,,,,0.0,,,,,,,,,
3040000,760,0.0,,0.00015243704547174275,,,,0.0,,,,,,,,,
3044000,761,0.0,,0.00021206030214671046,,,,0.0,,,,,,,,,
3048000,762,0.0,,0.00015821243869140744,,,,0.0,,,,,,,,,
3052000,763,0.0,,0.00016498917830176651,,,,0.0,,,,,,,,,
3056000,764,0.0,,0.00014767117681913078,,,,0.0,,,,,,,,,
3060000,765,0.0,,0.0001458266342524439,,,,0.0,,,,,,,,,
3064000,766,0.0,,0.0001474771706853062,,,,0.0,,,,,,,,,
3068000,767,0.0,,0.00017516173829790205,,,,0.0,,,,,,,,,
3072000,768,0.0,,0.00014471793838310987,,,,0.0,,,,,,,,,
3076000,769,0.0,,0.00015051357331685722,,,,0.0,,,,,,,,,
3080000,770,0.0,,0.00015031997463665903,,,,0.0,,,,,,,,,
3084000,771,0.0,,0.00015090008673723787,,,,0.0,,,,,,,,,
3088000,772,0.0,,0.00015340566460508853,,,,0.0,,,,,,,,,
3092000,773,0.0,,0.00017170931096188724,,,,0.0,,,,,,,,,
3096000,774,0.0,,0.00018086742784362286,,,,0.0,,,,,,,,,
3100000,775,0.0,,0.00016331629012711346,,,,0.0,,,,,,,,,
3104000,776,0.0,,0.00016305877943523228,,,,0.0,,,,,,,,,
3108000,777,0.0,,0.00014960006228648126,,,,0.0,,,,,,,,,
3112000,778,0.0,,0.00015064573381096125,,,,0.0,,,,,,,,,
3116000,779,0.0,,0.0001498677156632766,,,,0.0,,,,,,,,,
3120000,780,0.0,,0.00016676707309670746,,,,0.0,,,,,,,,,
3124000,781,0.0,,0.00013864197535440326,,,,0.0,,,,,,,,,
3128000,782,0.0,,0.00014865523553453386,,,,0.0,,,,,,,,,
3132000,783,0.0,,0.00015059688303153962,,,,0.0,,,,,,,,,
3136000,784,0.0,,0.00015079526929184794,,,,0.0,,,,,,,,,
3140000,785,0.0,,0.00014884494885336608,,,,0.0,,,,,,,,,
3144000,786,0.125,,0.00018613672000356019,,,,0.125,,,,,,,,,
3148000,787,0.0,,0.00017459591617807746,,,,0.0,,,,,,,,,
3152000,788,0.0,,0.00018357520457357168,,,,0.0,,,,,,,,,
3156000,789,0.0,,0.00016457778110634536,,,,0.0,,,,,,,,,
3160000,790,0.0,,0.00017090444453060627,,,,0.0,,,,,,,,,
3164000,791,0.0,,0.00014671124517917633,,,,0.0,,,,,,,,,
3168000,792,0.0,,2.914030075073242,,,,0.0,,,,,,,,,
3172000,793,0.0,,4.854281902313232,,,,0.0,,,,,,,,,
3176000,794,0.0,,0.014047515578567982,,,,0.0,,,,,,,,,
3180000,795,0.0,,4.7866010665893555,,,,0.0,,,,,,,,,
3184000,796,0.0,,0.01947747729718685,,,,0.0,,,,,,,,,
3188000,797,0.0,,3.8709373474121094,,,,0.0,,,,,,,,,
3192000,798,0.0,,0.011307933367788792,,,,0.0,,,,,,,,,
3196000,799,0.0,,0.007412492297589779,,,,0.0,,,,,,,,,
3200000,800,0.0,,0.0045712958090007305,,,,0.0,,,,,,,,,
3204000,801,0.0,,6.012215614318848,,,,0.0,,,,,,,,,
3208000,802,0.0,,0.0038603567518293858,,,,0.0,,,,,,,,,
3212000,803,0.0,,0.0028176428750157356,,,,0.0,,,,,,,,,
3216000,804,0.0,,0.002095187082886696,,,,0.0,,,,,,,,,
3220000,805,0.0,,0.0017627751221880317,,,,0.0,,,,,,,,,
3224000,806,0.0,,0.0015623817453160882,,,,0.0,,,,,,,,,
3228000,807,0.0,,0.001383804832585156,,,,0.0,,,,,,,,,
3232000,808,0.0,,0.0013091264991089702,,,,0.0,,,,,,,,,
3236000,809,0.0,,0.0011831041192635894,,,,0.0,,,,,,,,,
3240000,810,0.0,,3.7042295932769775,,,,0.0,,,,,,,,,
3244000,811,0.0,,0.0016910484991967678,,,,0.0,,,,,,,,,
3248000,812,0.0,,1.0759989023208618,,,,0.0,,,,,,,,,
3252000,813,0.0,,0.0013327542692422867,,,,0.0,,,,,,,,,
3256000,814,0.125,,4.400934219360352,,,,0.125,,,,,,,,,
3260000,815,0.0,,0.0027182837948203087,,,,0.0,,,,,,,,,
3264000,816,0.0,,3.087658405303955,,,,0.0,,,,,,,,,
3268000,817,0.0,,8.275618553161621,,,,0.0,,,,,,,,,
3272000,818,0.0,,0.00251864199526608,,,,0.0,,,,,,,,,
3276000,819,0.0,,0.0020321302581578493,,,,0.0,,,,,,,,,
3280000,820,0.0,,0.0016446718946099281,,,,0.0,,,,,,,,,
3284000,821,0.0,,0.0014462105464190245,,,,0.0,,,,,,,,,
3288000,822,0.0,,0.001349395141005516,,,,0.0,,,,,,,,,
3292000,823,0.0,,2.7307865619659424,,,,0.0,,,,,,,,,
3296000,824,0.0,,0.0014059018576517701,,,,0.0,,,,,,,,,
3300000,825,0.0,,3.490394353866577,,,,0.0,,,,,,,,,
3304000,826,0.0,,3.36354660987854,,,,0.0,,,,,,,,,
3308000,827,0.0,,1.835772156715393,,,,0.0,,,,,,,,,
3312000,828,0.0,,0.001772449933923781,,,,0.0,,,,,,,,,
3316000,829,0.0,,0.0015057307900860906,,,,0.0,,,,,,,,,
3320000,830,0.0,,1.8142420053482056,,,,0.0,,,,,,,,,
3324000,831,0.0,,0.001503372797742486,,,,0.0,,,,,,,,,
3328000,832,0.0,,0.0012578819878399372,,,,0.0,,,,,,,,,
3332000,833,0.0,,0.0010642684064805508,,,,0.0,,,,,,,,,
3336000,834,0.0,,0.0010965497931465507,,,,0.0,,,,,,,,,
3340000,835,0.0,,0.0010011113481596112,,,,0.0,,,,,,,,,
3344000,836,0.0,,0.000935362302698195,,,,0.0,,,,,,,,,
3348000,837,0.0,,0.0008993626106530428,,,,0.0,,,,,,,,,
3352000,838,0.0,,0.0008056283695623279,,,,0.0,,,,,,,,,
3356000,839,0.0,,4.452654838562012,,,,0.0,,,,,,,,,
3360000,840,0.0,,0.0013433890417218208,,,,0.0,,,,,,,,,
3364000,841,0.0,,0.0011129698250442743,,,,0.0,,,,,,,,,
3368000,842,0.0,,0.000968648586422205,,,,0.0,,,,,,,,,
3372000,843,0.0,,0.0009788371389731765,,,,0.0,,,,,,,,,
3376000,844,0.0,,1.87209951877594,,,,0.0,,,,,,,,,
3380000,845,0.0,,2.8691914081573486,,,,0.0,,,,,,,,,
3384000,846,0.0,,0.001328556565567851,,,,0.0,,,,,,,,,
3388000,847,0.0,,0.0010870264377444983,,,,0.0,,,,,,,,,
3392000,848,0.0,,1.0157747268676758,,,,0.0,,,,,,,,,
3396000,849,0.0,,0.0012213909067213535,,,,0.0,,,,,,,,,
3400000,850,0.0,,0.0010024984367191792,,,,0.0,,,,,,,,,
3404000,851,0.0,,1.843266487121582,,,,0.0,,,,,,,,,
3408000,852,0.0,,2.0036368370056152,,,,0.0,,,,,,,,,
3412000,853,0.0,,0.0018586170626804233,,,,0.0,,,,,,,,,
3416000,854,0.0,,3.3638200759887695,,,,0.0,,,,,,,,,
3420000,855,0.0,,3.288170576095581,,,,0.0,,,,,,,,,
3424000,856,0.0,,0.0019648359157145023,,,,0.0,,,,,,,,,
3428000,857,0.0,,0.001532148104161024,,,,0.0,,,,,,,,,
3432000,858,0.0,,0.0011941418051719666,,,,0.0,,,,,,,,,
3436000,859,0.0,,0.9310752749443054,,,,0.0,,,,,,,,,
3440000,860,0.0,,3.9664437770843506,,,,0.0,,,,,,,,,
3444000,861,0.0,,0.001985670067369938,,,,0.0,,,,,,,,,
3448000,862,0.0,,1.063921570777893,,,,0.0,,,,,,,,,
3452000,863,0.0,,0.0012611034326255322,,,,0.0,,,,,,,,,
3456000,864,0.0,,0.0011356231989338994,,,,0.0,,,,,,,,,
3460000,865,0.0,,9.21951675415039,,,,0.0,,,,,,,,,
3464000,866,0.0,,0.006348211318254471,,,,0.0,,,,,,,,,
3468000,867,0.0,,0.004650598391890526,,,,0.0,,,,,,,,,
3472000,868,0.0,,0.003380133304744959,,,,0.0,,,,,,,,,
3476000,869,0.0,,0.00268716923892498,,,,0.0,,,,,,,,,
3480000,870,0.0,,3.3407962322235107,,,,0.0,,,,,,,,,
3484000,871,0.0,,0.0019975234754383564,,,,0.0,,,,,,,,,
3488000,872,0.0,,2.6451215744018555,,,,0.0,,,,,,,,,
3492000,873,0.0,,5.085735321044922,,,,0.0,,,,,,,,,
3496000,874,0.0,,0.0024876235984265804,,,,0.0,,,,,,,,,
3500000,875,0.0,,0.002337133511900902,,,,0.0,,,,,,,,,
3504000,876,0.0,,2.7997829914093018,,,,0.0,,,,,,,,,
3508000,877,0.0,,0.0020468307193368673,,,,0.0,,,,,,,,,
3512000,878,0.0,,0.0017672559479251504,,,,0.0,,,,,,,,,
3516000,879,0.0,,0.0016752342926338315,,,,0.0,,,,,,,,,
3520000,880,0.0,,3.6425819396972656,,,,0.0,,,,,,,,,
3524000,881,0.0,,0.002011073287576437,,,,0.0,,,,,,,,,
3528000,882,0.0,,0.0014700694009661674,,,,0.0,,,,,,,,,
3532000,883,0.0,,2.0292930603027344,,,,0.0,,,,,,,,,
3536000,884,0.0,,0.0014963930007070303,,,,0.0,,,,,,,,,
3540000,885,0.0,,0.0012340543325990438,,,,0.0,,,,,,,,,
3544000,886,0.0,,0.001208632136695087,,,,0.0,,,,,,,,,
3548000,887,0.0,,0.0010471608256921172,,,,0.0,,,,,,,,,
3552000,888,0.0,,0.0009405863238498569,,,,0.0,,,,,,,,,
3556000,889,0.0,,0.0009456499246880412,,,,0.0,,,,,,,,,
3560000,890,0.0,,0.0008942171698436141,,,,0.0,,,,,,,,,
3564000,891,0.0,,0.0008785959798842669,,,,0.0,,,,,,,,,
3568000,892,0.0,,2.8201100826263428,,,,0.0,,,,,,,,,
3572000,893,0.0,,0.0013121969532221556,,,,0.0,,,,,,,,,
3576000,894,0.0,,0.0010413039708510041,,,,0.0,,,,,,,,,
3580000,895,0.0,,3.1400105953216553,,,,0.0,,,,,,,,,
3584000,896,0.0,,0.0012359463144093752,,,,0.0,,,,,,,,,
3588000,897,0.0,,0.0009564897627569735,,,,0.0,,,,,,,,,
3592000,898,0.0,,0.0009745582356117666,,,,0.0,,,,,,,,,
3596000,899,0.0,,0.0008801444200798869,,,,0.0,,,,,,,,,
3600000,900,0.0,,3.577610492706299,,,,0.0,,,,,,,,,
3604000,901,0.0,,0.00116928166244179,,,,0.0,,,,,,,,,
3608000,902,0.0,,2.128063201904297,,,,0.0,,,,,,,,,
3612000,903,0.0,,2.2460522651672363,,,,0.0,,,,,,,,,
3616000,904,0.0,,0.0014979913830757141,,,,0.0,,,,,,,,,
3620000,905,0.0,,0.0011487046722322702,,,,0.0,,,,,,,,,
3624000,906,0.0,,1.0216671228408813,,,,0.0,,,,,,,,,
3628000,907,0.0,,0.000986067345365882,,,,0.0,,,,,,,,,
3632000,908,0.0,,3.7872798442840576,,,,0.0,,,,,,,,,
3636000,909,0.0,,0.001436974504031241,,,,0.0,,,,,,,,,
3640000,910,0.0,,3.0612359046936035,,,,0.0,,,,,,,,,
3644000,911,0.0,,0.001471762778237462,,,,0.0,,,,,,,,,
3648000,912,0.0,,3.8746368885040283,,,,0.0,,,,,,,,,
3652000,913,0.0,,0.001426792936399579,,,,0.0,,,,,,,,,
3656000,914,0.0,,0.0012300651287660003,,,,0.0,,,,,,,,,
3660000,915,0.0,,0.0010361416498199105,,,,0.0,,,,,,,,,
3664000,916,0.0,,6.142350196838379,,,,0.0,,,,,,,,,
3668000,917,0.0,,3.0166590213775635,,,,0.0,,,,,,,,,
3672000,918,0.0,,0.004003441426903009,,,,0.0,,,,,,,,,
3676000,919,0.0,,0.0028223239351063967,,,,0.0,,,,,,,,,
3680000,920,0.0,,1.866735816001892,,,,0.0,,,,,,,,,
3684000,921,0.0,,4.285019874572754,,,,0.0,,,,,,,,,
3688000,922,0.0,,0.0027009285986423492,,,,0.0,,,,,,,,,
3692000,923,0.0,,2.0594325065612793,,,,0.0,,,,,,,,,
3696000,924,0.0,,0.002269709948450327,,,,0.0,,,,,,,,,
3700000,925,0.0,,0.0018049681093543768,,,,0.0,,,,,,,,,
3704000,926,0.0,,0.9915093183517456,,,,0.0,,,,,,,,,
3708000,927,0.0,,0.0016615450149402022,,,,0.0,,,,,,,,,
3712000,928,0.0,,3.680835723876953,,,,0.0,,,,,,,,,
3716000,929,0.0,,0.0016416575526818633,,,,0.0,,,,,,,,,
3720000,930,0.0,,0.001299393130466342,,,,0.0,,,,,,,,,
3724000,931,0.0,,3.970538377761841,,,,0.0,,,,,,,,,
3728000,932,0.0,,0.001968350261449814,,,,0.0,,,,,,,,,
3732000,933,0.0,,0.0016294100787490606,,,,0.0,,,,,,,,,
3736000,934,0.0,,3.2091290950775146,,,,0.0,,,,,,,,,
3740000,935,0.0,,0.0017253607511520386,,,,0.0,,,,,,,,,
3744000,936,0.0,,0.0014263121411204338,,,,0.0,,,,,,,,,
3748000,937,0.0,,0.001216544071212411,,,,0.0,,,,,,,,,
3752000,938,0.0,,0.0011064978316426277,,,,0.0,,,,,,,,,
3756000,939,0.0,,0.0009185402886942029,,,,0.0,,,,,,,,,
3760000,940,0.0,,0.0009372732602059841,,,,0.0,,,,,,,,,
3764000,941,0.0,,0.0008904009591788054,,,,0.0,,,,,,,,,
3768000,942,0.0,,0.0007981446105986834,,,,0.0,,,,,,,,,
3772000,943,0.0,,0.0008459328673779964,,,,0.0,,,,,,,,,
3776000,944,0.0,,0.000821949914097786,,,,0.0,,,,,,,,,
3780000,945,0.0,,0.0008286634110845625,,,,0.0,,,,,,,,,
3784000,946,0.0,,0.0007757317507639527,,,,0.0,,,,,,,,,
3788000,947,0.0,,0.0007221949053928256,,,,0.0,,,,,,,,,
3792000,948,0.0,,0.000780074973590672,,,,0.0,,,,,,,,,
3796000,949,0.0,,0.0006897304556332529,,,,0.0,,,,,,,,,
3800000,950,0.0,,0.0006729277083650231,,,,0.0,,,,,,,,,
3804000,951,0.0,,0.0007383876363746822,,,,0.0,,,,,,,,,
3808000,952,0.0,,0.0006513894768431783,,,,0.0,,,,,,,,,
3812000,953,0.0,,0.0006739984964951873,,,,0.0,,,,,,,,,
3816000,954,0.0,,0.0006549551617354155,,,,0.0,,,,,,,,,
3820000,955,0.0,,0.0005902339471504092,,,,0.0,,,,,,,,,
3824000,956,0.0,,0.0006369628245010972,,,,0.0,,,,,,,,,
3828000,957,0.0,,0.000595826655626297,,,,0.0,,,,,,,,,
3832000,958,0.0,,0.0005880278185941279,,,,0.0,,,,,,,,,
3836000,959,0.0,,0.000605379231274128,,,,0.0,,,,,,,,,
3840000,960,0.0,,0.0005691902479156852,,,,0.0,,,,,,,,,
3844000,961,0.0,,0.0005906068254262209,,,,0.0,,,,,,,,,
3848000,962,0.0,,0.0005694117862731218,,,,0.0,,,,,,,,,
3852000,963,0.0,,0.000567535636946559,,,,0.0,,,,,,,,,
3856000,964,0.0,,0.0005122841103002429,,,,0.0,,,,,,,,,
3860000,965,0.0,,0.0005478149396367371,,,,0.0,,,,,,,,,
3864000,966,0.0,,0.0005646547069773078,,,,0.0,,,,,,,,,
3868000,967,0.0,,0.0005536210956051946,,,,0.0,,,,,,,,,
3872000,968,0.0,,0.0005218826700001955,,,,0.0,,,,,,,,,
3876000,969,0.0,,0.0005119472625665367,,,,0.0,,,,,,,,,
3880000,970,0.0,,0.0005248379893600941,,,,0.0,,,,,,,,,
3884000,971,0.0,,0.0005100945709273219,,,,0.0,,,,,,,,,
3888000,972,0.0,,0.0004968253197148442,,,,0.0,,,,,,,,,
3892000,973,0.0,,0.0005276612937450409,,,,0.0,,,,,,,,,
3896000,974,0.0,,0.00045642463373951614,,,,0.0,,,,,,,,,
3900000,975,0.0,,0.00045023387065157294,,,,0.0,,,,,,,,,
3904000,976,0.0,,0.0005153795937076211,,,,0.0,,,,,,,,,
3908000,977,0.0,,0.00048490488552488387,,,,0.0,,,,,,,,,
3912000,978,0.0,,0.0004465150705073029,,,,0.0,,,,,,,,,
3916000,979,0.0,,0.00048502214485779405,,,,0.0,,,,,,,,,
3920000,980,0.0,,0.0004754204419441521,,,,0.0,,,,,,,,,
3924000,981,0.0,,0.00043395301327109337,,,,0.0,,,,,,,,,
3928000,982,0.0,,0.00047132803592830896,,,,0.0,,,,,,,,,
3932000,983,0.0,,0.0004554560291580856,,,,0.0,,,,,,,,,
3936000,984,0.0,,0.00045980085269548,,,,0.0,,,,,,,,,
3940000,985,0.0,,0.00043771701166406274,,,,0.0,,,,,,,,,
3944000,986,0.0,,0.0005130657227709889,,,,0.0,,,,,,,,,
3948000,987,0.125,,0.00044735384290106595,,,,0.125,,,,,,,,,
3952000,988,0.0,,0.00042350339936092496,,,,0.0,,,,,,,,,
3956000,989,0.0,,0.0004494911408983171,,,,0.0,,,,,,,,,
3960000,990,0.0,,0.00043369014747440815,,,,0.0,,,,,,,,,
3964000,991,0.0,,0.00042143272003158927,,,,0.0,,,,,,,,,
3968000,992,0.0,,0.0004265689931344241,,,,0.0,,,,,,,,,
3972000,993,0.0,,0.0004238446126691997,,,,0.0,,,,,,,,,
3976000,994,0.0,,0.000408095569582656,,,,0.0,,,,,,,,,
3980000,995,0.0,,3.1856613159179688,,,,0.0,,,,,,,,,
3984000,996,0.0,,0.0031523781362921,,,,0.0,,,,,,,,,
3988000,997,0.0,,0.001323021249845624,,,,0.0,,,,,,,,,
3992000,998,0.0,,0.0011287968372926116,,,,0.0,,,,,,,,,
3996000,999,0.0,,0.0008769891574047506,,,,0.0,,,,,,,,,
4000000,1000,0.0,,0.0007611671462655067,,,,0.0,,,,,,,,,
4004000,1001,0.0,,0.0006248600548133254,,,,0.0,,,,,,,,,
4008000,1002,0.0,,0.0005215647397562861,,,,0.0,,,,,,,,,
4012000,1003,0.0,,0.0004955057520419359,,,,0.0,,,,,,,,,
4016000,1004,0.0,,1.9838855266571045,,,,0.0,,,,,,,,,
4020000,1005,0.0,,0.0008818266214802861,,,,0.0,,,,,,,,,
4024000,1006,0.0,,0.0006878195563331246,,,,0.0,,,,,,,,,
4028000,1007,0.0,,0.0005565802566707134,,,,0.0,,,,,,,,,
4032000,1008,0.0,,3.429408550262451,,,,0.0,,,,,,,,,
4036000,1009,0.0,,0.0013099107891321182,,,,0.0,,,,,,,,,
4040000,1010,0.0,,3.2494754791259766,,,,0.0,,,,,,,,,
4044000,1011,0.0,,0.0016107995761558414,,,,0.0,,,,,,,,,
4048000,1012,0.0,,2.058718681335449,,,,0.0,,,,,,,,,
4052000,1013,0.0,,0.0020355440210551023,,,,0.0,,,,,,,,,
4056000,1014,0.0,,1.1581403017044067,,,,0.0,,,,,,,,,
4060000,1015,0.0,,0.001644451403990388,,,,0.0,,,,,,,,,
4064000,1016,0.0,,0.0013473562430590391,,,,0.0,,,,,,,,,
4068000,1017,0.0,,0.0010029154364019632,,,,0.0,,,,,,,,,
4072000,1018,0.0,,3.749112606048584,,,,0.0,,,,,,,,,
4076000,1019,0.0,,0.002387936459854245,,,,0.0,,,,,,,,,
4080000,1020,0.0,,3.5227322578430176,,,,0.0,,,,,,,,,
4084000,1021,0.0,,3.375650644302368,,,,0.0,,,,,,,,,
4088000,1022,0.0,,1.9589215517044067,,,,0.0,,,,,,,,,
4092000,1023,0.0,,0.004132786765694618,,,,0.0,,,,,,,,,
4096000,1024,0.0,,0.00321243260987103,,,,0.0,,,,,,,,,
4100000,1025,0.0,,0.0026850244030356407,,,,0.0,,,,,,,,,
4104000,1026,0.0,,0.002017467049881816,,,,0.0,,,,,,,,,
4108000,1027,0.0,,0.0019319423008710146,,,,0.0,,,,,,,,,
4112000,1028,0.0,,1.9848687648773193,,,,0.0,,,,,,,,,
4116000,1029,0.0,,0.001733679324388504,,,,0.0,,,,,,,,,
4120000,1030,0.0,,0.0014688776573166251,,,,0.0,,,,,,,,,
4124000,1031,0.0,,0.0011110886698588729,,,,0.0,,,,,,,,,
4128000,1032,0.0,,0.0009482653113082051,,,,0.0,,,,,,,,,
4132000,1033,0.0,,0.0009095068089663982,,,,0.0,,,,,,,,,
4136000,1034,0.0,,2.787997007369995,,,,0.0,,,,,,,,,
4140000,1035,0.0,,2.0129811763763428,,,,0.0,,,,,,,,,
4144000,1036,0.0,,0.0014706472866237164,,,,0.0,,,,,,,,,
4148000,1037,0.0,,0.0010303878225386143,,,,0.0,,,,,,,,,
4152000,1038,0.0,,0.0008574801031500101,,,,0.0,,,,,,,,,
4156000,1039,0.0,,0.0008170414948835969,,,,0.0,,,,,,,,,
4160000,1040,0.0,,0.0007228119648061693,,,,0.0,,,,,,,,,
4164000,1041,0.0,,0.000681956356856972,,,,0.0,,,,,,,,,
4168000,1042,0.0,,6.58225154876709,,,,0.0,,,,,,,,,
4172000,1043,0.0,,3.690129280090332,,,,0.0,,,,,,,,,
4176000,1044,0.0,,0.002350824885070324,,,,0.0,,,,,,,,,
4180000,1045,0.0,,2.1692020893096924,,,,0.0,,,,,,,,,
4184000,1046,0.0,,0.002384014893323183,,,,0.0,,,,,,,,,
4188000,1047,0.0,,2.9447805881500244,,,,0.0,,,,,,,,,
4192000,1048,0.0,,0.0021237037144601345,,,,0.0,,,,,,,,,
4196000,1049,0.0,,0.001536116236820817,,,,0.0,,,,,,,,,
4200000,1050,0.0,,0.0013905300293117762,,,,0.0,,,,,,,,,
4204000,1051,0.0,,0.001280490541830659,,,,0.0,,,,,,,,,
4208000,1052,0.0,,0.000997323775663972,,,,0.0,,,,,,,,,
4212000,1053,0.0,,0.0008903021807782352,,,,0.0,,,,,,,,,
4216000,1054,0.0,,0.0008299836190417409,,,,0.0,,,,,,,,,
4220000,1055,0.0,,5.305126190185547,,,,0.0,,,,,,,,,
4224000,1056,0.0,,2.1475274562835693,,,,0.0,,,,,,,,,
4228000,1057,0.0,,0.0017643363680690527,,,,0.0,,,,,,,,,
4232000,1058,0.0,,0.0014529178151860833,,,,0.0,,,,,,,,,
4236000,1059,0.0,,7.186989784240723,,,,0.0,,,,,,,,,
4240000,1060,0.0,,3.1285223960876465,,,,0.0,,,,,,,,,
4244000,1061,0.0,,0.002918814541772008,,,,0.0,,,,,,,,,
4248000,1062,0.0,,0.0023186542093753815,,,,0.0,,,,,,,,,
4252000,1063,0.0,,5.2143707275390625,,,,0.0,,,,,,,,,
4256000,1064,0.0,,3.8884639739990234,,,,0.0,,,,,,,,,
4260000,1065,0.0,,0.0036137928254902363,,,,0.0,,,,,,,,,
4264000,1066,0.0,,0.00264696404337883,,,,0.0,,,,,,,,,
4268000,1067,0.0,,0.0023591334465891123,,,,0.0,,,,,,,,,
4272000,1068,0.0,,3.8703267574310303,,,,0.0,,,,,,,,,
4276000,1069,0.0,,0.002890173811465502,,,,0.0,,,,,,,,,
4280000,1070,0.0,,0.0020651142112910748,,,,0.0,,,,,,,,,
4284000,1071,0.0,,0.0018783042905852199,,,,0.0,,,,,,,,,
4288000,1072,0.0,,6.1317973136901855,,,,0.0,,,,,,,,,
4292000,1073,0.0,,0.00401456281542778,,,,0.0,,,,,,,,,
4296000,1074,0.0,,0.0026483938563615084,,,,0.0,,,,,,,,,
4300000,1075,0.0,,2.161083698272705,,,,0.0,,,,,,,,,
4304000,1076,0.0,,0.0024728248827159405,,,,0.0,,,,,,,,,
4308000,1077,0.0,,0.0020358646288514137,,,,0.0,,,,,,,,,
4312000,1078,0.0,,0.0017890355084091425,,,,0.0,,,,,,,,,
4316000,1079,0.0,,0.0016010619001463056,,,,0.0,,,,,,,,,
4320000,1080,0.125,,0.0013727714540436864,,,,0.125,,,,,,,,,
4324000,1081,0.0,,0.0011034969938918948,,,,0.0,,,,,,,,,
4328000,1082,0.0,,0.0011416160268709064,,,,0.0,,,,,,,,,
4332000,1083,0.0,,0.001073205377906561,,,,0.0,,,,,,,,,
4336000,1084,0.0,,0.000993751222267747,,,,0.0,,,,,,,,,
4340000,1085,0.0,,0.0008566536707803607,,,,0.0,,,,,,,,,
4344000,1086,0.0,,2.8906447887420654,,,,0.0,,,,,,,,,
4348000,1087,0.0,,0.0012777342926710844,,,,0.0,,,,,,,,,
4352000,1088,0.0,,5.313454627990723,,,,0.0,,,,,,,,,
4356000,1089,0.0,,0.0021820643451064825,,,,0.0,,,,,,,,,
4360000,1090,0.0,,0.001791663351468742,,,,0.0,,,,,,,,,
4364000,1091,0.0,,2.8184831142425537,,,,0.0,,,,,,,,,
4368000,1092,0.0,,2.1686689853668213,,,,0.0,,,,,,,,,
4372000,1093,0.0,,0.002210029400885105,,,,0.0,,,,,,,,,
4376000,1094,0.0,,0.0018296432681381702,,,,0.0,,,,,,,,,
4380000,1095,0.0,,0.0013747895136475563,,,,0.0,,,,,,,,,
4384000,1096,0.0,,0.0012339400127530098,,,,0.0,,,,,,,,,
4388000,1097,0.0,,0.0011874757474288344,,,,0.0,,,,,,,,,
4392000,1098,0.0,,0.0010507050901651382,,,,0.0,,,,,,,,,
4396000,1099,0.0,,2.263551950454712,,,,0.0,,,,,,,,,
4400000,1100,0.0,,0.0011668580118566751,,,,0.0,,,,,,,,,
4404000,1101,0.0,,0.0009565126383677125,,,,0.0,,,,,,,,,
4408000,1102,0.0,,4.088714599609375,,,,0.0,,,,,,,,,
4412000,1103,0.0,,0.002328085945919156,,,,0.0,,,,,,,,,
4416000,1104,0.0,,0.0015934552066028118,,,,0.0,,,,,,,,,
4420000,1105,0.0,,0.0013800025917589664,,,,0.0,,,,,,,,,
4424000,1106,0.0,,6.45149564743042,,,,0.0,,,,,,,,,
4428000,1107,0.0,,0.0023876053746789694,,,,0.0,,,,,,,,,
4432000,1108,0.0,,0.002249404089525342,,,,0.0,,,,,,,,,
4436000,1109,0.0,,2.746779441833496,,,,0.0,,,,,,,,,
4440000,1110,0.0,,0.0021681594662368298,,,,0.0,,,,,,,,,
4444000,1111,0.0,,1.2135136127471924,,,,0.0,,,,,,,,,
4448000,1112,0.0,,0.0017325746593996882,,,,0.0,,,,,,,,,
4452000,1113,0.125,,0.0013609324814751744,,,,0.125,,,,,,,,,
4456000,1114,0.125,,0.0010849894024431705,,,,0.125,,,,,,,,,
4460000,1115,0.0,,0.0010391949908807874,,,,0.0,,,,,,,,,
4464000,1116,0.0,,0.001031516119837761,,,,0.0,,,,,,,,,
4468000,1117,0.0,,3.2698800563812256,,,,0.0,,,,,,,,,
4472000,1118,0.0,,0.0019047590903937817,,,,0.0,,,,,,,,,
4476000,1119,0.0,,3.0701887607574463,,,,0.0,,,,,,,,,
4480000,1120,0.0,,0.001580656273290515,,,,0.0,,,,,,,,,
4484000,1121,0.0,,0.0012946606148034334,,,,0.0,,,,,,,,,
4488000,1122,0.0,,3.033595561981201,,,,0.0,,,,,,,,,
4492000,1123,0.0,,0.0018457435071468353,,,,0.0,,,,,,,,,
4496000,1124,0.125,,6.428775310516357,,,,0.125,,,,,,,,,
4500000,1125,0.0,,3.1770145893096924,,,,0.0,,,,,,,,,
4504000,1126,0.0,,0.0034316701348870993,,,,0.0,,,,,,,,,
4508000,1127,0.0,,0.0029204613529145718,,,,0.0,,,,,,,,,
4512000,1128,0.0,,0.0021816606167703867,,,,0.0,,,,,,,,,
4516000,1129,0.125,,2.8204894065856934,,,,0.125,,,,,,,,,
4520000,1130,0.0,,5.164229869842529,,,,0.0,,,,,,,,,
4524000,1131,0.0,,0.002830306999385357,,,,0.0,,,,,,,,,
4528000,1132,0.0,,0.002185676246881485,,,,0.0,,,,,,,,,
4532000,1133,0.0,,0.0017010571900755167,,,,0.0,,,,,,,,,
4536000,1134,0.125,,6.95019006729126,,,,0.125,,,,,,,,,
4540000,1135,0.0,,0.005120333284139633,,,,0.0,,,,,,,,,
4544000,1136,0.0,,5.4350996017456055,,,,0.0,,,,,,,,,
4548000,1137,0.0,,12.409149169921875,,,,0.0,,,,,,,,,
4552000,1138,0.0,,9.222768783569336,,,,0.0,,,,,,,,,
4556000,1139,0.0,,3.713732957839966,,,,0.0,,,,,,,,,
4560000,1140,0.0,,6.704721450805664,,,,0.0,,,,,,,,,
4564000,1141,0.0,,3.010557174682617,,,,0.0,,,,,,,,,
4568000,1142,0.0,,0.011100197210907936,,,,0.0,,,,,,,,,
4572000,1143,0.0,,1.8876265287399292,,,,0.0,,,,,,,,,
4576000,1144,0.0,,3.429518699645996,,,,0.0,,,,,,,,,
4580000,1145,0.0,,1.9923810958862305,,,,0.0,,,,,,,,,
4584000,1146,0.0,,9.02103328704834,,,,0.0,,,,,,,,,
4588000,1147,0.0,,2.0196468830108643,,,,0.0,,,,,,,,,
4592000,1148,0.0,,2.4489617347717285,,,,0.0,,,,,,,,,
4596000,1149,0.0,,0.004613929428160191,,,,0.0,,,,,,,,,
4600000,1150,0.0,,0.00358565803617239,,,,0.0,,,,,,,,,
4604000,1151,0.0,,2.1167547702789307,,,,0.0,,,,,,,,,
4608000,1152,0.125,,0.00273510511033237,,,,0.125,,,,,,,,,
4612000,1153,0.0,,0.0024542612954974174,,,,0.0,,,,,,,,,
4616000,1154,0.0,,5.875504016876221,,,,0.0,,,,,,,,,
4620000,1155,0.0,,2.084077835083008,,,,0.0,,,,,,,,,
4624000,1156,0.125,,0.0035444824025034904,,,,0.125,,,,,,,,,
4628000,1157,0.0,,3.8582634925842285,,,,0.0,,,,,,,,,
4632000,1158,0.0,,12.373550415039062,,,,0.0,,,,,,,,,
4636000,1159,0.0,,10.745525360107422,,,,0.0,,,,,,,,,
4640000,1160,0.0,,9.32858657836914,,,,0.0,,,,,,,,,
4644000,1161,0.0,,3.1061930656433105,,,,0.0,,,,,,,,,
4648000,1162,0.0,,4.427254676818848,,,,0.0,,,,,,,,,
4652000,1163,0.0,,2.82673716545105,,,,0.0,,,,,,,,,
4656000,1164,0.0,,2.8947763442993164,,,,0.0,,,,,,,,,
4660000,1165,0.0,,9.81106948852539,,,,0.0,,,,,,,,,
4664000,1166,0.0,,7.661262035369873,,,,0.0,,,,,,,,,
4668000,1167,0.0,,0.010717624798417091,,,,0.0,,,,,,,,,
4672000,1168,0.0,,2.59151029586792,,,,0.0,,,,,,,,,
4676000,1169,0.0,,3.6162290573120117,,,,0.0,,,,,,,,,
4680000,1170,0.0,,9.331040382385254,,,,0.0,,,,,,,,,
4684000,1171,0.0,,0.006304367445409298,,,,0.0,,,,,,,,,
4688000,1172,0.0,,0.005732850171625614,,,,0.0,,,,,,,,,
4692000,1173,0.0,,2.9733147621154785,,,,0.0,,,,,,,,,
4696000,1174,0.0,,6.695724964141846,,,,0.0,,,,,,,,,
4700000,1175,0.0,,13.291624069213867,,,,0.0,,,,,,,,,
4704000,1176,0.0,,8.569385528564453,,,,0.0,,,,,,,,,
4708000,1177,0.0,,14.95496940612793,,,,0.0,,,,,,,,,
4712000,1178,0.0,,7.968770980834961,,,,0.0,,,,,,,,,
4716000,1179,0.0,,2.757241725921631,,,,0.0,,,,,,,,,
4720000,1180,0.0,,5.250057697296143,,,,0.0,,,,,,,,,
4724000,1181,0.0,,3.1746084690093994,,,,0.0,,,,,,,,,
4728000,1182,0.0,,7.747182369232178,,,,0.0,,,,,,,,,
4732000,1183,0.0,,2.264864683151245,,,,0.0,,,,,,,,,
4736000,1184,0.0,,4.962920665740967,,,,0.0,,,,,,,,,
4740000,1185,0.125,,19.119983673095703,,,,0.125,,,,,,,,,
4744000,1186,0.0,,1.7336852550506592,,,,0.0,,,,,,,,,
4748000,1187,0.0,,7.805291175842285,,,,0.0,,,,,,,,,
4752000,1188,0.0,,2.8822219371795654,,,,0.0,,,,,,,,,
4756000,1189,0.0,,2.6625149250030518,,,,0.0,,,,,,,,,
4760000,1190,0.0,,5.152465343475342,,,,0.0,,,,,,,,,
4764000,1191,0.0,,7.564087867736816,,,,0.0,,,,,,,,,
4768000,1192,0.0,,3.5520682334899902,,,,0.0,,,,,,,,,
4772000,1193,0.0,,5.837734222412109,,,,0.0,,,,,,,,,
4776000,1194,0.0,,3.511843204498291,,,,0.0,,,,,,,,,
4780000,1195,0.0,,1.6403210163116455,,,,0.0,,,,,,,,,
4784000,1196,0.0,,0.7688071131706238,,,,0.0,,,,,,,,,
4788000,1197,0.0,,4.245785713195801,,,,0.0,,,,,,,,,
4792000,1198,0.0,,8.136255264282227,,,,0.0,,,,,,,,,
4796000,1199,0.0,,0.007388685829937458,,,,0.0,,,,,,,,,
4800000,1200,0.0,,2.9557578563690186,,,,0.0,,,,,,,,,
4804000,1201,0.0,,5.490365028381348,,,,0.0,,,,,,,,,
4808000,1202,0.0,,10.617288589477539,,,,0.0,,,,,,,,,
4812000,1203,0.0,,5.87005615234375,,,,0.0,,,,,,,,,
4816000,1204,0.0,,3.110795259475708,,,,0.0,,,,,,,,,
4820000,1205,0.0,,4.384146690368652,,,,0.0,,,,,,,,,
4824000,1206,0.0,,0.009469452314078808,,,,0.0,,,,,,,,,
4828000,1207,0.0,,8.901989936828613,,,,0.0,,,,,,,,,
4832000,1208,0.0,,2.519387722015381,,,,0.0,,,,,,,,,
4836000,1209,0.0,,6.515957832336426,,,,0.0,,,,,,,,,
4840000,1210,0.0,,5.498597621917725,,,,0.0,,,,,,,,,
4844000,1211,0.0,,1.646765112876892,,,,0.0,,,,,,,,,
4848000,1212,0.0,,4.754597187042236,,,,0.0,,,,,,,,,
4852000,1213,0.0,,3.971101999282837,,,,0.0,,,,,,,,,
4856000,1214,0.0,,0.008759818971157074,,,,0.0,,,,,,,,,
4860000,1215,0.0,,7.083310127258301,,,,0.0,,,,,,,,,
4864000,1216,0.0,,1.5499093532562256,,,,0.0,,,,,,,,,
4868000,1217,0.0,,6.363556385040283,,,,0.0,,,,,,,,,
4872000,1218,0.0,,7.252816200256348,,,,0.0,,,,,,,,,
4876000,1219,0.0,,5.255737781524658,,,,0.0,,,,,,,,,
4880000,1220,0.0,,0.7772117853164673,,,,0.0,,,,,,,,,
4884000,1221,0.0,,6.492996692657471,,,,0.0,,,,,,,,,
4888000,1222,0.0,,0.9164602756500244,,,,0.0,,,,,,,,,
4892000,1223,0.0,,2.299351215362549,,,,0.0,,,,,,,,,
4896000,1224,0.0,,7.29621696472168,,,,0.0,,,,,,,,,
4900000,1225,0.0,,3.367968797683716,,,,0.0,,,,,,,,,
4904000,1226,0.0,,4.976588249206543,,,,0.0,,,,,,,,,
4908000,1227,0.0,,4.67438268661499,,,,0.0,,,,,,,,,
4912000,1228,0.0,,1.5920541286468506,,,,0.0,,,,,,,,,
4916000,1229,0.0,,5.963128089904785,,,,0.0,,,,,,,,,
4920000,1230,0.0,,1.5264891386032104,,,,0.0,,,,,,,,,
4924000,1231,0.0,,6.189170837402344,,,,0.0,,,,,,,,,
4928000,1232,0.0,,2.164144515991211,,,,0.0,,,,,,,,,
4932000,1233,0.0,,9.497027397155762,,,,0.0,,,,,,,,,
4936000,1234,0.0,,2.565333127975464,,,,0.0,,,,,,,,,
4940000,1235,0.0,,0.7645355463027954,,,,0.0,,,,,,,,,
4944000,1236,0.0,,5.30902624130249,,,,0.0,,,,,,,,,
4948000,1237,0.0,,2.356921911239624,,,,0.0,,,,,,,,,
4952000,1238,0.0,,3.816023349761963,,,,0.0,,,,,,,,,
4956000,1239,0.0,,5.759477138519287,,,,0.0,,,,,,,,,
4960000,1240,0.0,,2.006542682647705,,,,0.0,,,,,,,,,
4964000,1241,0.0,,2.6386935710906982,,,,0.0,,,,,,,,,
4968000,1242,0.0,,2.208181381225586,,,,0.0,,,,,,,,,
4972000,1243,0.0,,2.3234219551086426,,,,0.0,,,,,,,,,
4976000,1244,0.0,,2.2603399753570557,,,,0.0,,,,,,,,,
4980000,1245,0.0,,5.76134729385376,,,,0.0,,,,,,,,,
4984000,1246,0.0,,2.9692025184631348,,,,0.0,,,,,,,,,
4988000,1247,0.0,,0.6863740682601929,,,,0.0,,,,,,,,,
4992000,1248,0.0,,4.870368957519531,,,,0.0,,,,,,,,,
4996000,1249,0.0,,0.008027974516153336,,,,0.0,,,,,,,,,
5000000,1250,0.0,,3.0703117847442627,,,,0.0,,,,,,,,,
5004000,1251,0.0,,2.2070274353027344,,,,0.0,,,,,,,,,
5008000,1252,0.0,,0.006373683921992779,,,,0.0,,,,,,,,,
5012000,1253,0.0,,1.4891501665115356,,,,0.0,,,,,,,,,
5016000,1254,0.0,,0.005989604629576206,,,,0.0,,,,,,,,,
5020000,1255,0.0,,5.439464569091797,,,,0.0,,,,,,,,,
5024000,1256,0.0,,0.006209514103829861,,,,0.0,,,,,,,,,
5028000,1257,0.0,,6.2939653396606445,,,,0.0,,,,,,,,,
5032000,1258,0.0,,0.00732851680368185,,,,0.0,,,,,,,,,
5036000,1259,0.0,,1.8793079853057861,,,,0.0,,,,,,,,,
5040000,1260,0.0,,2.415795087814331,,,,0.0,,,,,,,,,
5044000,1261,0.0,,3.785712480545044,,,,0.0,,,,,,,,,
5048000,1262,0.0,,2.106074094772339,,,,0.0,,,,,,,,,
5052000,1263,0.0,,2.488732099533081,,,,0.0,,,,,,,,,
5056000,1264,0.0,,0.0070697348564863205,,,,0.0,,,,,,,,,
5060000,1265,0.0,,1.5887970924377441,,,,0.0,,,,,,,,,
5064000,1266,0.0,,5.6862287521362305,,,,0.0,,,,,,,,,
5068000,1267,0.0,,0.008727869018912315,,,,0.0,,,,,,,,,
5072000,1268,0.0,,0.006368257105350494,,,,0.0,,,,,,,,,
5076000,1269,0.0,,1.6340028047561646,,,,0.0,,,,,,,,,
5080000,1270,0.0,,1.4914543628692627,,,,0.0,,,,,,,,,
5084000,1271,0.0,,0.005989322904497385,,,,0.0,,,,,,,,,
5088000,1272,0.0,,2.9625155925750732,,,,0.0,,,,,,,,,
5092000,1273,0.0,,0.005793471354991198,,,,0.0,,,,,,,,,
5096000,1274,0.0,,4.515847682952881,,,,0.0,,,,,,,,,
5100000,1275,0.0,,0.006087343208491802,,,,0.0,,,,,,,,,
5104000,1276,0.0,,2.4424121379852295,,,,0.0,,,,,,,,,
5108000,1277,0.0,,0.005907383747398853,,,,0.0,,,,,,,,,
5112000,1278,0.0,,2.8870692253112793,,,,0.0,,,,,,,,,
5116000,1279,0.0,,2.279141664505005,,,,0.0,,,,,,,,,
5120000,1280,0.0,,0.005091225728392601,,,,0.0,,,,,,,,,
5124000,1281,0.0,,0.005474792793393135,,,,0.0,,,,,,,,,
5128000,1282,0.0,,0.7178858518600464,,,,0.0,,,,,,,,,
5132000,1283,0.0,,0.004660141188651323,,,,0.0,,,,,,,,,
5136000,1284,0.0,,0.004160495009273291,,,,0.0,,,,,,,,,
5140000,1285,0.0,,0.0035986490547657013,,,,0.0,,,,,,,,,
5144000,1286,0.0,,0.0035476949997246265,,,,0.0,,,,,,,,,
5148000,1287,0.0,,0.0032095620408654213,,,,0.0,,,,,,,,,
5152000,1288,0.0,,0.003568898653611541,,,,0.0,,,,,,,,,
5156000,1289,0.0,,2.1753342151641846,,,,0.0,,,,,,,,,
5160000,1290,0.0,,0.003951644524931908,,,,0.0,,,,,,,,,
5164000,1291,0.125,,0.0037610195577144623,,,,0.125,,,,,,,,,
5168000,1292,0.0,,2.353283166885376,,,,0.0,,,,,,,,,
5172000,1293,0.0,,0.003760268911719322,,,,0.0,,,,,,,,,
5176000,1294,0.0,,0.0035040192306041718,,,,0.0,,,,,,,,,
5180000,1295,0.0,,0.0030991132371127605,,,,0.0,,,,,,,,,
5184000,1296,0.0,,0.0031442935578525066,,,,0.0,,,,,,,,,
5188000,1297,0.0,,0.003375525353476405,,,,0.0,,,,,,,,,
5192000,1298,0.0,,0.0030341148376464844,,,,0.0,,,,,,,,,
5196000,1299,0.0,,0.002674923511222005,,,,0.0,,,,,,,,,
5200000,1300,0.0,,2.658867835998535,,,,0.0,,,,,,,,,
5204000,1301,0.0,,0.003181718522682786,,,,0.0,,,,,,,,,
5208000,1302,0.0,,0.0033072829246520996,,,,0.0,,,,,,,,,
5212000,1303,0.0,,0.0030585117638111115,,,,0.0,,,,,,,,,
5216000,1304,0.0,,0.002648248802870512,,,,0.0,,,,,,,,,
5220000,1305,0.0,,2.7581262588500977,,,,0.0,,,,,,,,,
5224000,1306,0.0,,0.0028359161224216223,,,,0.0,,,,,,,,,
5228000,1307,0.125,,0.0030785452108830214,,,,0.125,,,,,,,,,
5232000,1308,0.0,,2.9624881744384766,,,,0.0,,,,,,,,,
5236000,1309,0.0,,4.90053129196167,,,,0.0,,,,,,,,,
5240000,1310,0.125,,3.422541618347168,,,,0.125,,,,,,,,,
5244000,1311,0.0,,0.006968140602111816,,,,0.0,,,,,,,,,
5248000,1312,0.0,,0.7233338952064514,,,,0.0,,,,,,,,,
5252000,1313,0.0,,0.004739983007311821,,,,0.0,,,,,,,,,
5256000,1314,0.0,,0.0039291842840611935,,,,0.0,,,,,,,,,
5260000,1315,0.0,,0.004079826176166534,,,,0.0,,,,,,,,,
5264000,1316,0.0,,2.814777135848999,,,,0.0,,,,,,,,,
5268000,1317,0.0,,2.260840892791748,,,,0.0,,,,,,,,,
5272000,1318,0.0,,3.8161072731018066,,,,0.0,,,,,,,,,
5276000,1319,0.0,,0.006698254030197859,,,,0.0,,,,,,,,,
5280000,1320,0.0,,5.100429058074951,,,,0.0,,,,,,,,,
5284000,1321,0.0,,2.738823890686035,,,,0.0,,,,,,,,,
5288000,1322,0.0,,3.518517017364502,,,,0.0,,,,,,,,,
5292000,1323,0.0,,1.5166194438934326,,,,0.0,,,,,,,,,
5296000,1324,0.0,,5.777094841003418,,,,0.0,,,,,,,,,
5300000,1325,0.0,,0.015485602430999279,,,,0.0,,,,,,,,,
5304000,1326,0.125,,0.722128689289093,,,,0.125,,,,,,,,,
5308000,1327,0.0,,3.5513954162597656,,,,0.0,,,,,,,,,
5312000,1328,0.0,,3.46966552734375,,,,0.0,,,,,,,,,
5316000,1329,0.0,,3.1277785301208496,,,,0.0,,,,,,,,,
5320000,1330,0.0,,4.871616363525391,,,,0.0,,,,,,,,,
5324000,1331,0.0,,0.010932897217571735,,,,0.0,,,,,,,,,
5328000,1332,0.0,,1.4759413003921509,,,,0.0,,,,,,,,,
5332000,1333,0.0,,0.007667298428714275,,,,0.0,,,,,,,,,
5336000,1334,0.0,,2.698291301727295,,,,0.0,,,,,,,,,
5340000,1335,0.0,,5.049133777618408,,,,0.0,,,,,,,,,
5344000,1336,0.0,,0.007940446957945824,,,,0.0,,,,,,,,,
5348000,1337,0.0,,3.6450963020324707,,,,0.0,,,,,,,,,
5352000,1338,0.0,,0.8172529935836792,,,,0.0,,,,,,,,,
5356000,1339,0.0,,2.5834712982177734,,,,0.0,,,,,,,,,
5360000,1340,0.0,,1.45982825756073,,,,0.0,,,,,,,,,
5364000,1341,0.0,,0.006044900044798851,,,,0.0,,,,,,,,,
5368000,1342,0.0,,3.1147303581237793,,,,0.0,,,,,,,,,
5372000,1343,0.0,,6.007749557495117,,,,0.0,,,,,,,,,
5376000,1344,0.0,,0.006188236642628908,,,,0.0,,,,,,,,,
5380000,1345,0.0,,0.006200321018695831,,,,0.0,,,,,,,,,
5384000,1346,0.0,,4.619403839111328,,,,0.0,,,,,,,,,
5388000,1347,0.125,,2.6083297729492188,,,,0.125,,,,,,,,,
5392000,1348,0.125,,7.876689910888672,,,,0.125,,,,,,,,,
5396000,1349,0.0,,1.4544752836227417,,,,0.0,,,,,,,,,
5400000,1350,0.0,,2.812866449356079,,,,0.0,,,,,,,,,
5404000,1351,0.0,,3.0003914833068848,,,,0.0,,,,,,,,,
5408000,1352,0.0,,5.553108215332031,,,,0.0,,,,,,,,,
5412000,1353,0.0,,2.3109781742095947,,,,0.0,,,,,,,,,
5416000,1354,0.0,,4.41187858581543,,,,0.0,,,,,,,,,
5420000,1355,0.0,,0.009012285619974136,,,,0.0,,,,,,,,,
5424000,1356,0.0,,1.458566427230835,,,,0.0,,,,,,,,,
5428000,1357,0.125,,2.669787645339966,,,,0.125,,,,,,,,,
5432000,1358,0.0,,0.00824095867574215,,,,0.0,,,,,,,,,
5436000,1359,0.0,,5.7099528312683105,,,,0.0,,,,,,,,,
5440000,1360,0.0,,0.007992075756192207,,,,0.0,,,,,,,,,
5444000,1361,0.0,,5.950055122375488,,,,0.0,,,,,,,,,
5448000,1362,0.0,,0.7481445670127869,,,,0.0,,,,,,,,,
5452000,1363,0.0,,3.995544910430908,,,,0.0,,,,,,,,,
5456000,1364,0.0,,6.678908348083496,,,,0.0,,,,,,,,,
5460000,1365,0.0,,2.0467262268066406,,,,0.0,,,,,,,,,
5464000,1366,0.0,,4.943717002868652,,,,0.0,,,,,,,,,
5468000,1367,0.0,,2.5814597606658936,,,,0.0,,,,,,,,,
5472000,1368,0.0,,0.012750394642353058,,,,0.0,,,,,,,,,
5476000,1369,0.0,,8.717347145080566,,,,0.0,,,,,,,,,
5480000,1370,0.0,,0.01095112320035696,,,,0.0,,,,,,,,,
5484000,1371,0.125,,5.514582633972168,,,,0.125,,,,,,,,,
5488000,1372,0.0,,4.022924423217773,,,,0.0,,,,,,,,,
5492000,1373,0.0,,2.1607418060302734,,,,0.0,,,,,,,,,
5496000,1374,0.0,,0.00859738327562809,,,,0.0,,,,,,,,,
5500000,1375,0.0,,1.9576348066329956,,,,0.0,,,,,,,,,
5504000,1376,0.0,,3.4409193992614746,,,,0.0,,,,,,,,,
5508000,1377,0.0,,0.011091410182416439,,,,0.0,,,,,,,,,
5512000,1378,0.0,,7.117482662200928,,,,0.0,,,,,,,,,
5516000,1379,0.0,,2.4303383827209473,,,,0.0,,,,,,,,,
5520000,1380,0.0,,0.010402880609035492,,,,0.0,,,,,,,,,
5524000,1381,0.0,,2.0233588218688965,,,,0.0,,,,,,,,,
5528000,1382,0.0,,2.4302804470062256,,,,0.0,,,,,,,,,
5532000,1383,0.0,,3.9492146968841553,,,,0.0,,,,,,,,,
5536000,1384,0.0,,4.2633891105651855,,,,0.0,,,,,,,,,
5540000,1385,0.0,,4.764121055603027,,,,0.0,,,,,,,,,
5544000,1386,0.0,,3.4583358764648438,,,,0.0,,,,,,,,,
5548000,1387,0.0,,4.186649322509766,,,,0.0,,,,,,,,,
5552000,1388,0.0,,3.1543357372283936,,,,0.0,,,,,,,,,
5556000,1389,0.0,,3.618691921234131,,,,0.0,,,,,,,,,
5560000,1390,0.0,,2.0630130767822266,,,,0.0,,,,,,,,,
5564000,1391,0.125,,3.4705545902252197,,,,0.125,,,,,,,,,
5568000,1392,0.125,,4.535390853881836,,,,0.125,,,,,,,,,
5572000,1393,0.0,,4.468845367431641,,,,0.0,,,,,,,,,
5576000,1394,0.0,,6.3227858543396,,,,0.0,,,,,,,,,
5580000,1395,0.0,,3.441689968109131,,,,0.0,,,,,,,,,
5584000,1396,0.0,,5.4651384353637695,,,,0.0,,,,,,,,,
5588000,1397,0.0,,3.1720566749572754,,,,0.0,,,,,,,,,
5592000,1398,0.0,,3.665954828262329,,,,0.0,,,,,,,,,
5596000,1399,0.0,,0.016136351972818375,,,,0.0,,,,,,,,,
5600000,1400,0.0,,5.06221342086792,,,,0.0,,,,,,,,,
5604000,1401,0.0,,5.1083760261535645,,,,0.0,,,,,,,,,
5608000,1402,0.0,,1.8781903982162476,,,,0.0,,,,,,,,,
5612000,1403,0.0,,5.168260097503662,,,,0.0,,,,,,,,,
5616000,1404,0.125,,2.456907272338867,,,,0.125,,,,,,,,,
5620000,1405,0.0,,5.621062278747559,,,,0.0,,,,,,,,,
5624000,1406,0.0,,6.65205192565918,,,,0.0,,,,,,,,,
5628000,1407,0.0,,0.0325663685798645,,,,0.0,,,,,,,,,
5632000,1408,0.0,,2.3928146362304688,,,,0.0,,,,,,,,,
5636000,1409,0.0,,4.50273323059082,,,,0.0,,,,,,,,,
5640000,1410,0.0,,0.023536544293165207,,,,0.0,,,,,,,,,
5644000,1411,0.0,,3.285348415374756,,,,0.0,,,,,,,,,
5648000,1412,0.0,,2.0093820095062256,,,,0.0,,,,,,,,,
5652000,1413,0.0,,6.0081939697265625,,,,0.0,,,,,,,,,
5656000,1414,0.0,,0.6269832253456116,,,,0.0,,,,,,,,,
5660000,1415,0.0,,3.758729934692383,,,,0.0,,,,,,,,,
5664000,1416,0.0,,3.9177663326263428,,,,0.0,,,,,,,,,
5668000,1417,0.0,,4.464868545532227,,,,0.0,,,,,,,,,
5672000,1418,0.0,,1.4572721719741821,,,,0.0,,,,,,,,,
5676000,1419,0.0,,1.9376654624938965,,,,0.0,,,,,,,,,
5680000,1420,0.0,,0.012413788586854935,,,,0.0,,,,,,,,,
5684000,1421,0.0,,4.632776737213135,,,,0.0,,,,,,,,,
5688000,1422,0.0,,5.776474952697754,,,,0.0,,,,,,,,,
5692000,1423,0.0,,3.309856414794922,,,,0.0,,,,,,,,,
5696000,1424,0.0,,6.095760345458984,,,,0.0,,,,,,,,,
5700000,1425,0.0,,5.643927574157715,,,,0.0,,,,,,,,,
5704000,1426,0.0,,1.734841227531433,,,,0.0,,,,,,,,,
5708000,1427,0.0,,5.614666938781738,,,,0.0,,,,,,,,,
5712000,1428,0.0,,0.019234957173466682,,,,0.0,,,,,,,,,
5716000,1429,0.0,,6.847181797027588,,,,0.0,,,,,,,,,
5720000,1430,0.0,,0.015101204626262188,,,,0.0,,,,,,,,,
5724000,1431,0.0,,2.5808701515197754,,,,0.0,,,,,,,,,
5728000,1432,0.0,,3.3008501529693604,,,,0.0,,,,,,,,,
5732000,1433,0.0,,1.3126343488693237,,,,0.0,,,,,,,,,
5736000,1434,0.0,,2.4813971519470215,,,,0.0,,,,,,,,,
5740000,1435,0.0,,0.015113737434148788,,,,0.0,,,,,,,,,
5744000,1436,0.0,,0.010417871177196503,,,,0.0,,,,,,,,,
5748000,1437,0.0,,4.2347092628479,,,,0.0,,,,,,,,,
5752000,1438,0.0,,4.476131439208984,,,,0.0,,,,,,,,,
5756000,1439,0.0,,6.126068115234375,,,,0.0,,,,,,,,,
5760000,1440,0.125,,0.6471724510192871,,,,0.125,,,,,,,,,
5764000,1441,0.0,,5.1060709953308105,,,,0.0,,,,,,,,,
5768000,1442,0.125,,7.768206596374512,,,,0.125,,,,,,,,,
5772000,1443,0.0,,1.7555516958236694,,,,0.0,,,,,,,,,
5776000,1444,0.0,,2.1167430877685547,,,,0.0,,,,,,,,,
5780000,1445,0.0,,0.016226662322878838,,,,0.0,,,,,,,,,
5784000,1446,0.0,,1.3074873685836792,,,,0.0,,,,,,,,,
5788000,1447,0.125,,5.338991165161133,,,,0.125,,,,,,,,,
5792000,1448,0.0,,4.386178970336914,,,,0.0,,,,,,,,,
5796000,1449,0.0,,2.636441230773926,,,,0.0,,,,,,,,,
5800000,1450,0.0,,2.9853830337524414,,,,0.0,,,,,,,,,
5804000,1451,0.125,,3.845006227493286,,,,0.125,,,,,,,,,
5808000,1452,0.0,,6.1995720863342285,,,,0.0,,,,,,,,,
5812000,1453,0.125,,3.368525266647339,,,,0.125,,,,,,,,,
5816000,1454,0.0,,4.459552764892578,,,,0.0,,,,,,,,,
5820000,1455,0.0,,3.7419021129608154,,,,0.0,,,,,,,,,
5824000,1456,0.0,,6.621047496795654,,,,0.0,,,,,,,,,
5828000,1457,0.0,,2.403961658477783,,,,0.0,,,,,,,,,
5832000,1458,0.0,,6.884387969970703,,,,0.0,,,,,,,,,
5836000,1459,0.0,,7.998476028442383,,,,0.0,,,,,,,,,
5840000,1460,0.125,,4.063769817352295,,,,0.125,,,,,,,,,
5844000,1461,0.0,,10.44717025756836,,,,0.0,,,,,,,,,
5848000,1462,0.0,,2.5034286975860596,,,,0.0,,,,,,,,,
5852000,1463,0.0,,8.109798431396484,,,,0.0,,,,,,,,,
5856000,1464,0.0,,2.6672556400299072,,,,0.0,,,,,,,,,
5860000,1465,0.0,,5.154109001159668,,,,0.0,,,,,,,,,
5864000,1466,0.0,,6.830526351928711,,,,0.0,,,,,,,,,
5868000,1467,0.0,,6.006031036376953,,,,0.0,,,,,,,,,
5872000,1468,0.0,,5.894566535949707,,,,0.0,,,,,,,,,
5876000,1469,0.0,,6.943052291870117,,,,0.0,,,,,,,,,
5880000,1470,0.0,,6.911446571350098,,,,0.0,,,,,,,,,
5884000,1471,0.0,,4.764649868011475,,,,0.0,,,,,,,,,
5888000,1472,0.0,,5.33168363571167,,,,0.0,,,,,,,,,
5892000,1473,0.0,,3.864325523376465,,,,0.0,,,,,,,,,
5896000,1474,0.0,,4.553073883056641,,,,0.0,,,,,,,,,
5900000,1475,0.125,,4.731827735900879,,,,0.125,,,,,,,,,
5904000,1476,0.0,,7.336493968963623,,,,0.0,,,,,,,,,
5908000,1477,0.0,,3.1393752098083496,,,,0.0,,,,,,,,,
5912000,1478,0.0,,3.527127504348755,,,,0.0,,,,,,,,,
5916000,1479,0.0,,1.028511643409729,,,,0.0,,,,,,,,,
5920000,1480,0.0,,2.994050979614258,,,,0.0,,,,,,,,,
5924000,1481,0.0,,4.4349188804626465,,,,0.0,,,,,,,,,
5928000,1482,0.0,,6.914206504821777,,,,0.0,,,,,,,,,
5932000,1483,0.0,,4.415915012359619,,,,0.0,,,,,,,,,
5936000,1484,0.0,,0.5675811171531677,,,,0.0,,,,,,,,,
5940000,1485,0.125,,5.594347953796387,,,,0.125,,,,,,,,,
5944000,1486,0.125,,2.7670745849609375,,,,0.125,,,,,,,,,
5948000,1487,0.0,,5.573088645935059,,,,0.0,,,,,,,,,
5952000,1488,0.0,,3.6997244358062744,,,,0.0,,,,,,,,,
5956000,1489,0.0,,3.954439640045166,,,,0.0,,,,,,,,,
5960000,1490,0.0,,4.128657817840576,,,,0.0,,,,,,,,,
5964000,1491,0.0,,1.6778464317321777,,,,0.0,,,,,,,,,
5968000,1492,0.0,,3.6690714359283447,,,,0.0,,,,,,,,,
5972000,1493,0.125,,4.42405366897583,,,,0.125,,,,,,,,,
5976000,1494,0.0,,3.9050331115722656,,,,0.0,,,,,,,,,
5980000,1495,0.0,,6.732595920562744,,,,0.0,,,,,,,,,
5984000,1496,0.0,,2.5453004837036133,,,,0.0,,,,,,,,,
5988000,1497,0.125,,1.1414755582809448,,,,0.125,,,,,,,,,
5992000,1498,0.0,,3.9746766090393066,,,,0.0,,,,,,,,,
5996000,1499,0.0,,4.452701091766357,,,,0.0,,,,,,,,,
6000000,1500,0.125,,8.65865421295166,,,,0.125,,,,,,,,,
6004000,1501,0.125,,4.775912761688232,,,,0.125,,,,,,,,,
6008000,1502,0.0,,6.695418834686279,,,,0.0,,,,,,,,,
6012000,1503,0.125,,2.8117904663085938,,,,0.125,,,,,,,,,
6016000,1504,0.0,,8.505546569824219,,,,0.0,,,,,,,,,
6020000,1505,0.0,,3.8460001945495605,,,,0.0,,,,,,,,,
6024000,1506,0.0,,10.806493759155273,,,,0.0,,,,,,,,,
6028000,1507,0.0,,3.4226975440979004,,,,0.0,,,,,,,,,
6032000,1508,0.0,,4.3416748046875,,,,0.0,,,,,,,,,
6036000,1509,0.0,,0.5633297562599182,,,,0.0,,,,,,,,,
6040000,1510,0.0,,2.7809085845947266,,,,0.0,,,,,,,,,
6044000,1511,0.0,,2.504244565963745,,,,0.0,,,,,,,,,
6048000,1512,0.0,,8.982150077819824,,,,0.0,,,,,,,,,
6052000,1513,0.125,,11.055703163146973,,,,0.125,,,,,,,,,
6056000,1514,0.0,,9.146883010864258,,,,0.0,,,,,,,,,
6060000,1515,0.0,,6.746371269226074,,,,0.0,,,,,,,,,
6064000,1516,0.0,,3.646052837371826,,,,0.0,,,,,,,,,
6068000,1517,0.0,,5.031434059143066,,,,0.0,,,,,,,,,
6072000,1518,0.0,,4.6199750900268555,,,,0.0,,,,,,,,,
6076000,1519,0.0,,4.924122333526611,,,,0.0,,,,,,,,,
6080000,1520,0.0,,0.5476669669151306,,,,0.0,,,,,,,,,
6084000,1521,0.0,,4.589219093322754,,,,0.0,,,,,,,,,
6088000,1522,0.0,,5.118803977966309,,,,0.0,,,,,,,,,
6092000,1523,0.0,,8.875068664550781,,,,0.0,,,,,,,,,
6096000,1524,0.0,,2.4697036743164062,,,,0.0,,,,,,,,,
6100000,1525,0.0,,3.5170435905456543,,,,0.0,,,,,,,,,
6104000,1526,0.0,,3.291727066040039,,,,0.0,,,,,,,,,
6108000,1527,0.0,,8.451791763305664,,,,0.0,,,,,,,,,
6112000,1528,0.0,,4.208921432495117,,,,0.0,,,,,,,,,
6116000,1529,0.0,,3.2782580852508545,,,,0.0,,,,,,,,,
6120000,1530,0.0,,4.477592468261719,,,,0.0,,,,,,,,,
6124000,1531,0.25,,7.645157814025879,,,,0.25,,,,,,,,,
6128000,1532,0.0,,5.256208419799805,,,,0.0,,,,,,,,,
6132000,1533,0.0,,5.923678398132324,,,,0.0,,,,,,,,,
6136000,1534,0.0,,3.1653833389282227,,,,0.0,,,,,,,,,
6140000,1535,0.125,,7.982364654541016,,,,0.125,,,,,,,,,
6144000,1536,0.0,,5.7927398681640625,,,,0.0,,,,,,,,,
6148000,1537,0.0,,5.50929069519043,,,,0.0,,,,,,,,,
6152000,1538,0.0,,4.532958984375,,,,0.0,,,,,,,,,
6156000,1539,0.0,,1.426467776298523,,,,0.0,,,,,,,,,
6160000,1540,0.25,,9.180335998535156,,,,0.25,,,,,,,,,
6164000,1541,0.125,,11.386139869689941,,,,0.125,,,,,,,,,
6168000,1542,0.0,,11.027390480041504,,,,0.0,,,,,,,,,
6172000,1543,0.25,,7.367992877960205,,,,0.25,,,,,,,,,
6176000,1544,0.0,,5.930115699768066,,,,0.0,,,,,,,,,
6180000,1545,0.0,,12.315125465393066,,,,0.0,,,,,,,,,
6184000,1546,0.0,,7.76741886138916,,,,0.0,,,,,,,,,
6188000,1547,0.125,,4.343369960784912,,,,0.125,,,,,,,,,
6192000,1548,0.0,,4.962790012359619,,,,0.0,,,,,,,,,
6196000,1549,0.0,,3.6219873428344727,,,,0.0,,,,,,,,,
6200000,1550,0.0,,6.773766040802002,,,,0.0,,,,,,,,,
6204000,1551,0.0,,6.392792701721191,,,,0.0,,,,,,,,,
6208000,1552,0.0,,9.120881080627441,,,,0.0,,,,,,,,,
6212000,1553,0.0,,11.355918884277344,,,,0.0,,,,,,,,,
6216000,1554,0.0,,7.819907188415527,,,,0.0,,,,,,,,,
6220000,1555,0.0,,9.351539611816406,,,,0.0,,,,,,,,,
6224000,1556,0.125,,8.028300285339355,,,,0.125,,,,,,,,,
6228000,1557,0.0,,9.653475761413574,,,,0.0,,,,,,,,,
6232000,1558,0.0,,12.057452201843262,,,,0.0,,,,,,,,,
6236000,1559,0.0,,8.730805397033691,,,,0.0,,,,,,,,,
6240000,1560,0.0,,4.081862449645996,,,,0.0,,,,,,,,,
6244000,1561,0.125,,5.026546001434326,,,,0.125,,,,,,,,,
6248000,1562,0.0,,7.779447555541992,,,,0.0,,,,,,,,,
6252000,1563,0.0,,12.131551742553711,,,,0.0,,,,,,,,,
6256000,1564,0.0,,5.413639545440674,,,,0.0,,,,,,,,,
6260000,1565,0.125,,7.580087184906006,,,,0.125,,,,,,,,,
6264000,1566,0.0,,7.539050579071045,,,,0.0,,,,,,,,,
6268000,1567,0.125,,6.54586935043335,,,,0.125,,,,,,,,,
6272000,1568,0.0,,4.178420066833496,,,,0.0,,,,,,,,,
6276000,1569,0.0,,9.719107627868652,,,,0.0,,,,,,,,,
6280000,1570,0.0,,5.250288963317871,,,,0.0,,,,,,,,,
6284000,1571,0.0,,3.6782634258270264,,,,0.0,,,,,,,,,
6288000,1572,0.0,,6.371132850646973,,,,0.0,,,,,,,,,
6292000,1573,0.125,,9.940107345581055,,,,0.125,,,,,,,,,
6296000,1574,0.125,,8.423698425292969,,,,0.125,,,,,,,,,
6300000,1575,0.0,,2.417468786239624,,,,0.0,,,,,,,,,
6304000,1576,0.0,,7.958715438842773,,,,0.0,,,,,,,,,
6308000,1577,0.0,,2.4796786308288574,,,,0.0,,,,,,,,,
6312000,1578,0.0,,4.127769470214844,,,,0.0,,,,,,,,,
6316000,1579,0.0,,4.4194159507751465,,,,0.0,,,,,,,,,
6320000,1580,0.0,,9.02993392944336,,,,0.0,,,,,,,,,
6324000,1581,0.0,,3.3278486728668213,,,,0.0,,,,,,,,,
6328000,1582,0.0,,4.921401023864746,,,,0.0,,,,,,,,,
6332000,1583,0.0,,6.223999977111816,,,,0.0,,,,,,,,,
6336000,1584,0.125,,3.2149765491485596,,,,0.125,,,,,,,,,
6340000,1585,0.0,,9.762971878051758,,,,0.0,,,,,,,,,
6344000,1586,0.0,,4.781276702880859,,,,0.0,,,,,,,,,
6348000,1587,0.0,,4.990417003631592,,,,0.0,,,,,,,,,
6352000,1588,0.0,,6.850681304931641,,,,0.0,,,,,,,,,
6356000,1589,0.0,,6.45275354385376,,,,0.0,,,,,,,,,
6360000,1590,0.0,,8.458368301391602,,,,0.0,,,,,,,,,
6364000,1591,0.0,,5.432902812957764,,,,0.0,,,,,,,,,
6368000,1592,0.0,,10.448469161987305,,,,0.0,,,,,,,,,
6372000,1593,0.0,,10.138021469116211,,,,0.0,,,,,,,,,
6376000,1594,0.0,,5.3475422859191895,,,,0.0,,,,,,,,,
6380000,1595,0.0,,6.27371072769165,,,,0.0,,,,,,,,,
6384000,1596,0.0,,7.112221717834473,,,,0.0,,,,,,,,,
6388000,1597,0.0,,5.922858238220215,,,,0.0,,,,,,,,,
6392000,1598,0.0,,3.485197067260742,,,,0.0,,,,,,,,,
6396000,1599,0.0,,7.055116176605225,,,,0.0,,,,,,,,,
6400000,1600,0.0,,7.721879005432129,,,,0.0,,,,,,,,,
6404000,1601,0.0,,2.8878116607666016,,,,0.0,,,,,,,,,
6408000,1602,0.0,,5.5260162353515625,,,,0.0,,,,,,,,,
6412000,1603,0.0,,5.150143146514893,,,,0.0,,,,,,,,,
6416000,1604,0.0,,5.208013534545898,,,,0.0,,,,,,,,,
6420000,1605,0.0,,13.798948287963867,,,,0.0,,,,,,,,,
6424000,1606,0.125,,4.0623297691345215,,,,0.125,,,,,,,,,
6428000,1607,0.0,,6.537039756774902,,,,0.0,,,,,,,,,
6432000,1608,0.125,,6.383929252624512,,,,0.125,,,,,,,,,
6436000,1609,0.125,,11.331069946289062,,,,0.125,,,,,,,,,
6440000,1610,0.0,,7.167581558227539,,,,0.0,,,,,,,,,
6444000,1611,0.0,,3.781439781188965,,,,0.0,,,,,,,,,
6448000,1612,0.0,,6.524054527282715,,,,0.0,,,,,,,,,
6452000,1613,0.0,,4.900059223175049,,,,0.0,,,,,,,,,
6456000,1614,0.0,,6.573825836181641,,,,0.0,,,,,,,,,
6460000,1615,0.25,,2.1830689907073975,,,,0.25,,,,,,,,,
6464000,1616,0.125,,4.328270435333252,,,,0.125,,,,,,,,,
6468000,1617,0.0,,7.089954376220703,,,,0.0,,,,,,,,,
6472000,1618,0.0,,8.096181869506836,,,,0.0,,,,,,,,,
6476000,1619,0.0,,1.7672804594039917,,,,0.0,,,,,,,,,
6480000,1620,0.0,,2.2119014263153076,,,,0.0,,,,,,,,,
6484000,1621,0.0,,2.819884777069092,,,,0.0,,,,,,,,,
6488000,1622,0.125,,4.011232376098633,,,,0.125,,,,,,,,,
6492000,1623,0.125,,4.707518577575684,,,,0.125,,,,,,,,,
6496000,1624,0.125,,4.416589260101318,,,,0.125,,,,,,,,,
6500000,1625,0.0,,5.73504638671875,,,,0.0,,,,,,,,,
6504000,1626,0.0,,3.642604112625122,,,,0.0,,,,,,,,,
6508000,1627,0.0,,7.566930294036865,,,,0.0,,,,,,,,,
6512000,1628,0.0,,7.9910993576049805,,,,0.0,,,,,,,,,
6516000,1629,0.0,,6.132571220397949,,,,0.0,,,,,,,,,
6520000,1630,0.125,,5.565665245056152,,,,0.125,,,,,,,,,
6524000,1631,0.0,,9.574026107788086,,,,0.0,,,,,,,,,
6528000,1632,0.0,,6.612787246704102,,,,0.0,,,,,,,,,
6532000,1633,0.0,,6.577460289001465,,,,0.0,,,,,,,,,
6536000,1634,0.0,,7.135715484619141,,,,0.0,,,,,,,,,
6540000,1635,0.0,,4.366423606872559,,,,0.0,,,,,,,,,
6544000,1636,0.0,,4.9510321617126465,,,,0.0,,,,,,,,,
6548000,1637,0.0,,2.172469139099121,,,,0.0,,,,,,,,,
6552000,1638,0.0,,3.4457080364227295,,,,0.0,,,,,,,,,
6556000,1639,0.0,,3.9213876724243164,,,,0.0,,,,,,,,,
6560000,1640,0.0,,3.221400737762451,,,,0.0,,,,,,,,,
6564000,1641,0.125,,5.24787712097168,,,,0.125,,,,,,,,,
6568000,1642,0.0,,4.754499435424805,,,,0.0,,,,,,,,,
6572000,1643,0.0,,8.897583961486816,,,,0.0,,,,,,,,,
6576000,1644,0.125,,4.538033962249756,,,,0.125,,,,,,,,,
6580000,1645,0.0,,3.8800384998321533,,,,0.0,,,,,,,,,
6584000,1646,0.0,,4.900689125061035,,,,0.0,,,,,,,,,
6588000,1647,0.0,,2.874394655227661,,,,0.0,,,,,,,,,
6592000,1648,0.0,,7.530291557312012,,,,0.0,,,,,,,,,
6596000,1649,0.0,,5.15261173248291,,,,0.0,,,,,,,,,
6600000,1650,0.125,,4.7964348793029785,,,,0.125,,,,,,,,,
6604000,1651,0.0,,5.7204742431640625,,,,0.0,,,,,,,,,
6608000,1652,0.0,,2.8506357669830322,,,,0.0,,,,,,,,,
6612000,1653,0.0,,7.858685493469238,,,,0.0,,,,,,,,,
6616000,1654,0.0,,7.381529808044434,,,,0.0,,,,,,,,,
6620000,1655,0.125,,5.653356552124023,,,,0.125,,,,,,,,,
6624000,1656,0.125,,2.952023983001709,,,,0.125,,,,,,,,,
6628000,1657,0.0,,4.137515068054199,,,,0.0,,,,,,,,,
6632000,1658,0.125,,9.261484146118164,,,,0.125,,,,,,,,,
6636000,1659,0.0,,3.2440273761749268,,,,0.0,,,,,,,,,
6640000,1660,0.0,,2.9347269535064697,,,,0.0,,,,,,,,,
6644000,1661,0.0,,1.618819236755371,,,,0.0,,,,,,,,,
6648000,1662,0.0,,2.9497783184051514,,,,0.0,,,,,,,,,
6652000,1663,0.0,,7.8241119384765625,,,,0.0,,,,,,,,,
6656000,1664,0.0,,6.851508140563965,,,,0.0,,,,,,,,,
6660000,1665,0.125,,5.4495697021484375,,,,0.125,,,,,,,,,
6664000,1666,0.125,,3.782113790512085,,,,0.125,,,,,,,,,
6668000,1667,0.0,,4.459904193878174,,,,0.0,,,,,,,,,
6672000,1668,0.125,,8.182657241821289,,,,0.125,,,,,,,,,
6676000,1669,0.125,,3.1951537132263184,,,,0.125,,,,,,,,,
6680000,1670,0.125,,4.57863712310791,,,,0.125,,,,,,,,,
6684000,1671,0.0,,2.3959450721740723,,,,0.0,,,,,,,,,
6688000,1672,0.0,,5.503114700317383,,,,0.0,,,,,,,,,
6692000,1673,0.0,,4.904184341430664,,,,0.0,,,,,,,,,
6696000,1674,0.125,,5.353387355804443,,,,0.125,,,,,,,,,
6700000,1675,0.0,,3.9237656593322754,,,,0.0,,,,,,,,,
6704000,1676,0.0,,5.087887763977051,,,,0.0,,,,,,,,,
6708000,1677,0.375,,3.8220040798187256,,,,0.375,,,,,,,,,
6712000,1678,0.0,,3.336268901824951,,,,0.0,,,,,,,,,
6716000,1679,0.125,,9.630350112915039,,,,0.125,,,,,,,,,
6720000,1680,0.0,,4.649632930755615,,,,0.0,,,,,,,,,
6724000,1681,0.0,,6.11678409576416,,,,0.0,,,,,,,,,
6728000,1682,0.0,,4.429686546325684,,,,0.0,,,,,,,,,
6732000,1683,0.0,,4.833034515380859,,,,0.0,,,,,,,,,
6736000,1684,0.0,,5.120760917663574,,,,0.0,,,,,,,,,
6740000,1685,0.0,,2.403165340423584,,,,0.0,,,,,,,,,
6744000,1686,0.0,,5.8724164962768555,,,,0.0,,,,,,,,,
6748000,1687,0.0,,4.703036308288574,,,,0.0,,,,,,,,,
6752000,1688,0.0,,8.848913192749023,,,,0.0,,,,,,,,,
6756000,1689,0.0,,4.193517684936523,,,,0.0,,,,,,,,,
6760000,1690,0.0,,2.108625650405884,,,,0.0,,,,,,,,,
6764000,1691,0.0,,8.404619216918945,,,,0.0,,,,,,,,,
6768000,1692,0.0,,4.044069766998291,,,,0.0,,,,,,,,,
6772000,1693,0.0,,5.8096699714660645,,,,0.0,,,,,,,,,
6776000,1694,0.0,,4.605018615722656,,,,0.0,,,,,,,,,
6780000,1695,0.125,,5.351389408111572,,,,0.125,,,,,,,,,
6784000,1696,0.0,,4.4222636222839355,,,,0.0,,,,,,,,,
6788000,1697,0.0,,7.012941360473633,,,,0.0,,,,,,,,,
6792000,1698,0.0,,4.959131240844727,,,,0.0,,,,,,,,,
6796000,1699,0.0,,5.93272590637207,,,,0.0,,,,,,,,,
6800000,1700,0.125,,5.708518981933594,,,,0.125,,,,,,,,,
6804000,1701,0.0,,5.357773303985596,,,,0.0,,,,,,,,,
6808000,1702,0.0,,3.9984989166259766,,,,0.0,,,,,,,,,
6812000,1703,0.0,,7.108333110809326,,,,0.0,,,,,,,,,
6816000,1704,0.0,,4.512044429779053,,,,0.0,,,,,,,,,
6820000,1705,0.0,,5.65991735458374,,,,0.0,,,,,,,,,
6824000,1706,0.0,,4.199428081512451,,,,0.0,,,,,,,,,
6828000,1707,0.125,,5.173672676086426,,,,0.125,,,,,,,,,
6832000,1708,0.0,,5.899657726287842,,,,0.0,,,,,,,,,
6836000,1709,0.0,,1.5066866874694824,,,,0.0,,,,,,,,,
6840000,1710,0.125,,5.650827407836914,,,,0.125,,,,,,,,,
6844000,1711,0.0,,5.170161247253418,,,,0.0,,,,,,,,,
6848000,1712,0.0,,9.378902435302734,,,,0.0,,,,,,,,,
6852000,1713,0.5,,3.6698436737060547,,,,0.5,,,,,,,,,
6856000,1714,0.0,,6.639020919799805,,,,0.0,,,,,,,,,
6860000,1715,0.0,,9.009110450744629,,,,0.0,,,,,,,,,
6864000,1716,0.0,,5.92374849319458,,,,0.0,,,,,,,,,
6868000,1717,0.0,,5.216976642608643,,,,0.0,,,,,,,,,
6872000,1718,0.0,,3.242535352706909,,,,0.0,,,,,,,,,
6876000,1719,0.0,,5.728226661682129,,,,0.0,,,,,,,,,
6880000,1720,0.0,,7.371581554412842,,,,0.0,,,,,,,,,
6884000,1721,0.0,,5.1811723709106445,,,,0.0,,,,,,,,,
6888000,1722,0.0,,5.473240852355957,,,,0.0,,,,,,,,,
6892000,1723,0.0,,4.190827369689941,,,,0.0,,,,,,,,,
6896000,1724,0.0,,1.7252376079559326,,,,0.0,,,,,,,,,
6900000,1725,0.0,,8.656123161315918,,,,0.0,,,,,,,,,
6904000,1726,0.125,,3.410086154937744,,,,0.125,,,,,,,,,
6908000,1727,0.0,,5.733371734619141,,,,0.0,,,,,,,,,
6912000,1728,0.0,,4.389351844787598,,,,0.0,,,,,,,,,
6916000,1729,0.0,,5.79839563369751,,,,0.0,,,,,,,,,
6920000,1730,0.0,,5.469401836395264,,,,0.0,,,,,,,,,
6924000,1731,0.0,,3.880661964416504,,,,0.0,,,,,,,,,
6928000,1732,0.0,,3.019500494003296,,,,0.0,,,,,,,,,
6932000,1733,0.0,,7.975622177124023,,,,0.0,,,,,,,,,
6936000,1734,0.0,,7.6620869636535645,,,,0.0,,,,,,,,,
6940000,1735,0.125,,1.3930531740188599,,,,0.125,,,,,,,,,
6944000,1736,0.0,,5.744699478149414,,,,0.0,,,,,,,,,
6948000,1737,0.0,,8.643314361572266,,,,0.0,,,,,,,,,
6952000,1738,0.0,,3.9962704181671143,,,,0.0,,,,,,,,,
6956000,1739,0.0,,2.8031680583953857,,,,0.0,,,,,,,,,
6960000,1740,0.0,,5.045133590698242,,,,0.0,,,,,,,,,
6964000,1741,0.0,,6.132997989654541,,,,0.0,,,,,,,,,
6968000,1742,0.0,,5.216037273406982,,,,0.0,,,,,,,,,
6972000,1743,0.125,,1.5034074783325195,,,,0.125,,,,,,,,,
6976000,1744,0.0,,1.8100473880767822,,,,0.0,,,,,,,,,
6980000,1745,0.0,,6.838682651519775,,,,0.0,,,,,,,,,
6984000,1746,0.0,,9.217726707458496,,,,0.0,,,,,,,,,
6988000,1747,0.0,,2.8770906925201416,,,,0.0,,,,,,,,,
6992000,1748,0.0,,2.2656190395355225,,,,0.0,,,,,,,,,
6996000,1749,0.0,,3.821444511413574,,,,0.0,,,,,,,,,
7000000,1750,0.0,,7.510280609130859,,,,0.0,,,,,,,,,
7004000,1751,0.0,,4.0616960525512695,,,,0.0,,,,,,,,,
7008000,1752,0.0,,3.068965435028076,,,,0.0,,,,,,,,,
7012000,1753,0.0,,4.846992492675781,,,,0.0,,,,,,,,,
7016000,1754,0.0,,5.045145034790039,,,,0.0,,,,,,,,,
7020000,1755,0.0,,6.974554061889648,,,,0.0,,,,,,,,,
7024000,1756,0.0,,1.8287365436553955,,,,0.0,,,,,,,,,
7028000,1757,0.0,,3.5226593017578125,,,,0.0,,,,,,,,,
7032000,1758,0.0,,1.7149754762649536,,,,0.0,,,,,,,,,
7036000,1759,0.125,,0.14152994751930237,,,,0.125,,,,,,,,,
7040000,1760,0.0,,0.1141810268163681,,,,0.0,,,,,,,,,
7044000,1761,0.0,,4.934167385101318,,,,0.0,,,,,,,,,
7048000,1762,0.25,,2.5803334712982178,,,,0.25,,,,,,,,,
7052000,1763,0.125,,3.7752633094787598,,,,0.125,,,,,,,,,
7056000,1764,0.0,,2.055111885070801,,,,0.0,,,,,,,,,
7060000,1765,0.125,,2.5942673683166504,,,,0.125,,,,,,,,,
7064000,1766,0.125,,8.300704956054688,,,,0.125,,,,,,,,,
7068000,1767,0.125,,4.300468444824219,,,,0.125,,,,,,,,,
7072000,1768,0.0,,4.133316993713379,,,,0.0,,,,,,,,,
7076000,1769,0.0,,4.787121772766113,,,,0.0,,,,,,,,,
7080000,1770,0.0,,6.503610610961914,,,,0.0,,,,,,,,,
7084000,1771,0.0,,3.908550977706909,,,,0.0,,,,,,,,,
7088000,1772,0.0,,6.183807373046875,,,,0.0,,,,,,,,,
7092000,1773,0.0,,6.103342533111572,,,,0.0,,,,,,,,,
7096000,1774,0.0,,4.700263023376465,,,,0.0,,,,,,,,,
7100000,1775,0.0,,1.899932861328125,,,,0.0,,,,,,,,,
7104000,1776,0.0,,5.5334930419921875,,,,0.0,,,,,,,,,
7108000,1777,0.25,,4.811774730682373,,,,0.25,,,,,,,,,
7112000,1778,0.0,,4.956276893615723,,,,0.0,,,,,,,,,
7116000,1779,0.125,,4.337643623352051,,,,0.125,,,,,,,,,
7120000,1780,0.0,,4.150970458984375,,,,0.0,,,,,,,,,
7124000,1781,0.0,,4.250373840332031,,,,0.0,,,,,,,,,
7128000,1782,0.0,,4.356969833374023,,,,0.0,,,,,,,,,
7132000,1783,0.0,,2.4554972648620605,,,,0.0,,,,,,,,,
7136000,1784,0.0,,5.194007396697998,,,,0.0,,,,,,,,,
7140000,1785,0.0,,6.864401340484619,,,,0.0,,,,,,,,,
7144000,1786,0.0,,3.142874240875244,,,,0.0,,,,,,,,,
7148000,1787,0.0,,3.397678852081299,,,,0.0,,,,,,,,,
7152000,1788,0.125,,3.5971367359161377,,,,0.125,,,,,,,,,
7156000,1789,0.0,,4.497170448303223,,,,0.0,,,,,,,,,
7160000,1790,0.0,,5.3282647132873535,,,,0.0,,,,,,,,,
7164000,1791,0.0,,5.417573928833008,,,,0.0,,,,,,,,,
7168000,1792,0.25,,4.2527995109558105,,,,0.25,,,,,,,,,
7172000,1793,0.125,,5.501564025878906,,,,0.125,,,,,,,,,
7176000,1794,0.0,,3.4712438583374023,,,,0.0,,,,,,,,,
7180000,1795,0.0,,2.5488033294677734,,,,0.0,,,,,,,,,
7184000,1796,0.0,,3.3892836570739746,,,,0.0,,,,,,,,,
7188000,1797,0.0,,6.084683895111084,,,,0.0,,,,,,,,,
7192000,1798,0.125,,3.719255208969116,,,,0.125,,,,,,,,,
7196000,1799,0.0,,3.142861843109131,,,,0.0,,,,,,,,,
7200000,1800,0.0,,4.539268493652344,,,,0.0,,,,,,,,,
7204000,1801,0.0,,3.1339423656463623,,,,0.0,,,,,,,,,
7208000,1802,0.25,,2.520695209503174,,,,0.25,,,,,,,,,
7212000,1803,0.0,,4.153992176055908,,,,0.0,,,,,,,,,
7216000,1804,0.0,,2.8877041339874268,,,,0.0,,,,,,,,,
7220000,1805,0.0,,3.0508432388305664,,,,0.0,,,,,,,,,
7224000,1806,0.0,,4.591285228729248,,,,0.0,,,,,,,,,
7228000,1807,0.125,,4.114734649658203,,,,0.125,,,,,,,,,
7232000,1808,0.0,,2.1942639350891113,,,,0.0,,,,,,,,,
7236000,1809,0.125,,4.841497421264648,,,,0.125,,,,,,,,,
7240000,1810,0.125,,5.138729095458984,,,,0.125,,,,,,,,,
7244000,1811,0.125,,2.851501226425171,,,,0.125,,,,,,,,,
7248000,1812,0.0,,6.612243175506592,,,,0.0,,,,,,,,,
7252000,1813,0.0,,3.738685131072998,,,,0.0,,,,,,,,,
7256000,1814,0.0,,5.077198028564453,,,,0.0,,,,,,,,,
7260000,1815,0.125,,6.694408416748047,,,,0.125,,,,,,,,,
7264000,1816,0.125,,4.4223432540893555,,,,0.125,,,,,,,,,
7268000,1817,0.125,,8.598518371582031,,,,0.125,,,,,,,,,
7272000,1818,0.25,,3.741210460662842,,,,0.25,,,,,,,,,
7276000,1819,0.125,,7.033485412597656,,,,0.125,,,,,,,,,
7280000,1820,0.375,,6.443958759307861,,,,0.375,,,,,,,,,
7284000,1821,0.0,,4.528796195983887,,,,0.0,,,,,,,,,
7288000,1822,0.0,,2.773792266845703,,,,0.0,,,,,,,,,
7292000,1823,0.125,,7.769462585449219,,,,0.125,,,,,,,,,
7296000,1824,0.125,,6.016780376434326,,,,0.125,,,,,,,,,
7300000,1825,0.25,,4.725118637084961,,,,0.25,,,,,,,,,
7304000,1826,0.25,,6.789462089538574,,,,0.25,,,,,,,,,
7308000,1827,0.0,,7.549575328826904,,,,0.0,,,,,,,,,
7312000,1828,0.125,,5.4077467918396,,,,0.125,,,,,,,,,
7316000,1829,0.125,,7.058610439300537,,,,0.125,,,,,,,,,
7320000,1830,0.125,,6.086611747741699,,,,0.125,,,,,,,,,
7324000,1831,0.0,,10.75843334197998,,,,0.0,,,,,,,,,
7328000,1832,0.125,,7.403600692749023,,,,0.125,,,,,,,,,
7332000,1833,0.25,,5.0913190841674805,,,,0.25,,,,,,,,,
7336000,1834,0.125,,6.488218307495117,,,,0.125,,,,,,,,,
7340000,1835,0.125,,5.387485027313232,,,,0.125,,,,,,,,,
7344000,1836,0.0,,6.7268853187561035,,,,0.0,,,,,,,,,
7348000,1837,0.125,,6.07841682434082,,,,0.125,,,,,,,,,
7352000,1838,0.0,,9.109010696411133,,,,0.0,,,,,,,,,
7356000,1839,0.125,,7.223066806793213,,,,0.125,,,,,,,,,
7360000,1840,0.0,,5.39985466003418,,,,0.0,,,,,,,,,
7364000,1841,0.0,,9.097050666809082,,,,0.0,,,,,,,,,
7368000,1842,0.25,,7.281355857849121,,,,0.25,,,,,,,,,
7372000,1843,0.0,,4.128036975860596,,,,0.0,,,,,,,,,
7376000,1844,0.125,,8.862663269042969,,,,0.125,,,,,,,,,
7380000,1845,0.0,,6.531700611114502,,,,0.0,,,,,,,,,
7384000,1846,0.0,,3.999539375305176,,,,0.0,,,,,,,,,
7388000,1847,0.0,,6.042523384094238,,,,0.0,,,,,,,,,
7392000,1848,0.0,,5.577831268310547,,,,0.0,,,,,,,,,
7396000,1849,0.0,,5.772521018981934,,,,0.0,,,,,,,,,
7400000,1850,0.25,,10.150053024291992,,,,0.25,,,,,,,,,
7404000,1851,0.25,,7.416296005249023,,,,0.25,,,,,,,,,
7408000,1852,0.25,,7.569754600524902,,,,0.25,,,,,,,,,
7412000,1853,0.0,,7.678671360015869,,,,0.0,,,,,,,,,
7416000,1854,0.125,,7.779879570007324,,,,0.125,,,,,,,,,
7420000,1855,0.0,,8.53038215637207,,,,0.0,,,,,,,,,
7424000,1856,0.0,,4.926568984985352,,,,0.0,,,,,,,,,
7428000,1857,0.0,,7.290239334106445,,,,0.0,,,,,,,,,
7432000,1858,0.25,,8.09640121459961,,,,0.25,,,,,,,,,
7436000,1859,0.0,,4.424858093261719,,,,0.0,,,,,,,,,
7440000,1860,0.0,,6.2838897705078125,,,,0.0,,,,,,,,,
7444000,1861,0.125,,6.712769508361816,,,,0.125,,,,,,,,,
7448000,1862,0.125,,7.593298435211182,,,,0.125,,,,,,,,,
7452000,1863,0.0,,6.898905277252197,,,,0.0,,,,,,,,,
7456000,1864,0.125,,5.465003967285156,,,,0.125,,,,,,,,,
7460000,1865,0.0,,5.495652198791504,,,,0.0,,,,,,,,,
7464000,1866,0.0,,6.6199541091918945,,,,0.0,,,,,,,,,
7468000,1867,0.0,,6.014593124389648,,,,0.0,,,,,,,,,
7472000,1868,0.125,,7.754490375518799,,,,0.125,,,,,,,,,
7476000,1869,0.0,,6.680362701416016,,,,0.0,,,,,,,,,
7480000,1870,0.0,,8.895591735839844,,,,0.0,,,,,,,,,
7484000,1871,0.125,,8.630596160888672,,,,0.125,,,,,,,,,
7488000,1872,0.0,,6.41630220413208,,,,0.0,,,,,,,,,
7492000,1873,0.0,,5.4460859298706055,,,,0.0,,,,,,,,,
7496000,1874,0.125,,6.254666328430176,,,,0.125,,,,,,,,,
7500000,1875,0.0,,4.358268737792969,,,,0.0,,,,,,,,,
7504000,1876,0.0,,10.616790771484375,,,,0.0,,,,,,,,,
7508000,1877,0.25,,4.6642985343933105,,,,0.25,,,,,,,,,
7512000,1878,0.125,,6.624330520629883,,,,0.125,,,,,,,,,
7516000,1879,0.125,,5.24931526184082,,,,0.125,,,,,,,,,
7520000,1880,0.125,,9.495485305786133,,,,0.125,,,,,,,,,
7524000,1881,0.0,,8.252853393554688,,,,0.0,,,,,,,,,
7528000,1882,0.125,,6.90850305557251,,,,0.125,,,,,,,,,
7532000,1883,0.0,,8.531262397766113,,,,0.0,,,,,,,,,
7536000,1884,0.125,,6.817108631134033,,,,0.125,,,,,,,,,
7540000,1885,0.0,,9.764041900634766,,,,0.0,,,,,,,,,
7544000,1886,0.0,,7.332830905914307,,,,0.0,,,,,,,,,
7548000,1887,0.0,,4.5309247970581055,,,,0.0,,,,,,,,,
7552000,1888,0.0,,7.672472953796387,,,,0.0,,,,,,,,,
7556000,1889,0.125,,7.917518138885498,,,,0.125,,,,,,,,,
7560000,1890,0.125,,9.687397003173828,,,,0.125,,,,,,,,,
7564000,1891,0.0,,5.742480278015137,,,,0.0,,,,,,,,,
7568000,1892,0.0,,5.787494659423828,,,,0.0,,,,,,,,,
7572000,1893,0.0,,8.459333419799805,,,,0.0,,,,,,,,,
7576000,1894,0.0,,9.837568283081055,,,,0.0,,,,,,,,,
7580000,1895,0.0,,6.903005599975586,,,,0.0,,,,,,,,,
7584000,1896,0.0,,6.616508483886719,,,,0.0,,,,,,,,,
7588000,1897,0.375,,4.3620405197143555,,,,0.375,,,,,,,,,
7592000,1898,0.125,,2.831502914428711,,,,0.125,,,,,,,,,
7596000,1899,0.0,,6.666450023651123,,,,0.0,,,,,,,,,
7600000,1900,0.125,,6.0533952713012695,,,,0.125,,,,,,,,,
7604000,1901,0.125,,4.53145170211792,,,,0.125,,,,,,,,,
7608000,1902,0.0,,7.970260143280029,,,,0.0,,,,,,,,,
7612000,1903,0.125,,5.8801469802856445,,,,0.125,,,,,,,,,
7616000,1904,0.0,,7.228700637817383,,,,0.0,,,,,,,,,
7620000,1905,0.125,,7.658268928527832,,,,0.125,,,,,,,,,
7624000,1906,0.0,,4.975717544555664,,,,0.0,,,,,,,,,
7628000,1907,0.0,,8.465774536132812,,,,0.0,,,,,,,,,
7632000,1908,0.0,,7.933831691741943,,,,0.0,,,,,,,,,
7636000,1909,0.0,,5.519652843475342,,,,0.0,,,,,,,,,
7640000,1910,0.0,,5.576645851135254,,,,0.0,,,,,,,,,
7644000,1911,0.0,,8.938472747802734,,,,0.0,,,,,,,,,
7648000,1912,0.25,,5.527902603149414,,,,0.25,,,,,,,,,
7652000,1913,0.25,,6.308793067932129,,,,0.25,,,,,,,,,
7656000,1914,0.0,,10.363739013671875,,,,0.0,,,,,,,,,
7660000,1915,0.0,,5.858458042144775,,,,0.0,,,,,,,,,
7664000,1916,0.125,,6.119765281677246,,,,0.125,,,,,,,,,
7668000,1917,0.0,,7.294951438903809,,,,0.0,,,,,,,,,
7672000,1918,0.125,,13.163263320922852,,,,0.125,,,,,,,,,
7676000,1919,0.0,,7.989448547363281,,,,0.0,,,,,,,,,
7680000,1920,0.125,,6.485079288482666,,,,0.125,,,,,,,,,
7684000,1921,0.25,,9.8051118850708,,,,0.25,,,,,,,,,
7688000,1922,0.125,,9.769716262817383,,,,0.125,,,,,,,,,
7692000,1923,0.125,,7.650540828704834,,,,0.125,,,,,,,,,
7696000,1924,0.0,,8.008596420288086,,,,0.0,,,,,,,,,
7700000,1925,0.125,,9.932920455932617,,,,0.125,,,,,,,,,
7704000,1926,0.0,,6.43109130859375,,,,0.0,,,,,,,,,
7708000,1927,0.0,,7.189074993133545,,,,0.0,,,,,,,,,
7712000,1928,0.125,,8.027941703796387,,,,0.125,,,,,,,,,
7716000,1929,0.25,,5.616664409637451,,,,0.25,,,,,,,,,
7720000,1930,0.125,,9.0083646774292,,,,0.125,,,,,,,,,
7724000,1931,0.0,,6.801698684692383,,,,0.0,,,,,,,,,
7728000,1932,0.125,,8.167428970336914,,,,0.125,,,,,,,,,
7732000,1933,0.0,,7.6800737380981445,,,,0.0,,,,,,,,,
7736000,1934,0.0,,6.05226993560791,,,,0.0,,,,,,,,,
7740000,1935,0.0,,6.025088310241699,,,,0.0,,,,,,,,,
7744000,1936,0.125,,9.060056686401367,,,,0.125,,,,,,,,,
7748000,1937,0.0,,7.811334133148193,,,,0.0,,,,,,,,,
7752000,1938,0.25,,6.7402873039245605,,,,0.25,,,,,,,,,
7756000,1939,0.0,,4.677969932556152,,,,0.0,,,,,,,,,
7760000,1940,0.375,,7.650280952453613,,,,0.375,,,,,,,,,
7764000,1941,0.125,,4.982723236083984,,,,0.125,,,,,,,,,
7768000,1942,0.125,,5.705442428588867,,,,0.125,,,,,,,,,
7772000,1943,0.125,,3.4209814071655273,,,,0.125,,,,,,,,,
7776000,1944,0.0,,6.556078910827637,,,,0.0,,,,,,,,,
7780000,1945,0.25,,5.364929676055908,,,,0.25,,,,,,,,,
7784000,1946,0.0,,12.50510311126709,,,,0.0,,,,,,,,,
7788000,1947,0.125,,5.10453987121582,,,,0.125,,,,,,,,,
7792000,1948,0.0,,5.829860687255859,,,,0.0,,,,,,,,,
7796000,1949,0.125,,7.263329029083252,,,,0.125,,,,,,,,,
7800000,1950,0.0,,6.921001434326172,,,,0.0,,,,,,,,,
7804000,1951,0.0,,8.061240196228027,,,,0.0,,,,,,,,,
7808000,1952,0.125,,5.993943214416504,,,,0.125,,,,,,,,,
7812000,1953,0.125,,6.558664321899414,,,,0.125,,,,,,,,,
7816000,1954,0.25,,4.44027853012085,,,,0.25,,,,,,,,,
7820000,1955,0.0,,5.964843273162842,,,,0.0,,,,,,,,,
7824000,1956,0.375,,6.777162075042725,,,,0.375,,,,,,,,,
7828000,1957,0.125,,6.54545259475708,,,,0.125,,,,,,,,,
7832000,1958,0.375,,8.51330280303955,,,,0.375,,,,,,,,,
7836000,1959,0.125,,5.816993713378906,,,,0.125,,,,,,,,,
7840000,1960,0.0,,5.015272617340088,,,,0.0,,,,,,,,,
7844000,1961,0.125,,7.664687156677246,,,,0.125,,,,,,,,,
7848000,1962,0.125,,8.868188858032227,,,,0.125,,,,,,,,,
7852000,1963,0.0,,6.073134422302246,,,,0.0,,,,,,,,,
7856000,1964,0.125,,8.130608558654785,,,,0.125,,,,,,,,,
7860000,1965,0.125,,5.157314300537109,,,,0.125,,,,,,,,,
7864000,1966,0.0,,5.996307373046875,,,,0.0,,,,,,,,,
7868000,1967,0.125,,7.928560733795166,,,,0.125,,,,,,,,,
7872000,1968,0.0,,4.678415298461914,,,,0.0,,,,,,,,,
7876000,1969,0.0,,6.108511924743652,,,,0.0,,,,,,,,,
7880000,1970,0.0,,5.62000846862793,,,,0.0,,,,,,,,,
7884000,1971,0.125,,5.547290325164795,,,,0.125,,,,,,,,,
7888000,1972,0.125,,4.123165130615234,,,,0.125,,,,,,,,,
7892000,1973,0.25,,6.554338455200195,,,,0.25,,,,,,,,,
7896000,1974,0.0,,5.727265357971191,,,,0.0,,,,,,,,,
7900000,1975,0.125,,5.2001051902771,,,,0.125,,,,,,,,,
7904000,1976,0.0,,5.928843975067139,,,,0.0,,,,,,,,,
7908000,1977,0.25,,6.365784645080566,,,,0.25,,,,,,,,,
7912000,1978,0.0,,6.499748229980469,,,,0.0,,,,,,,,,
7916000,1979,0.25,,4.447440147399902,,,,0.25,,,,,,,,,
7920000,1980,0.25,,6.132122993469238,,,,0.25,,,,,,,,,
7924000,1981,0.25,,6.137164115905762,,,,0.25,,,,,,,,,
7928000,1982,0.0,,7.357049942016602,,,,0.0,,,,,,,,,
7932000,1983,0.0,,4.63761043548584,,,,0.0,,,,,,,,,
7936000,1984,0.0,,5.226232051849365,,,,0.0,,,,,,,,,
7940000,1985,0.125,,8.16749382019043,,,,0.125,,,,,,,,,
7944000,1986,0.0,,6.077017784118652,,,,0.0,,,,,,,,,
7948000,1987,0.0,,7.483376979827881,,,,0.0,,,,,,,,,
7952000,1988,0.25,,5.106389999389648,,,,0.25,,,,,,,,,
7956000,1989,0.125,,8.699102401733398,,,,0.125,,,,,,,,,
7960000,1990,0.25,,4.501208782196045,,,,0.25,,,,,,,,,
7964000,1991,0.0,,8.219084739685059,,,,0.0,,,,,,,,,
7968000,1992,0.375,,3.704246997833252,,,,0.375,,,,,,,,,
7972000,1993,0.0,,4.877625465393066,,,,0.0,,,,,,,,,
7976000,1994,0.125,,8.274595260620117,,,,0.125,,,,,,,,,
7980000,1995,0.0,,4.5341668128967285,,,,0.0,,,,,,,,,
7984000,1996,0.375,,7.032361030578613,,,,0.375,,,,,,,,,
7988000,1997,0.25,,5.953541278839111,,,,0.25,,,,,,,,,
7992000,1998,0.125,,4.051513671875,,,,0.125,,,,,,,,,
7996000,1999,0.0,,6.54150915145874,,,,0.0,,,,,,,,,
8000000,2000,0.375,,5.949980735778809,,,,0.375,,,,,,,,,
8004000,2001,0.125,,5.22239351272583,,,,0.125,,,,,,,,,
8008000,2002,0.25,,7.2398481369018555,,,,0.25,,,,,,,,,
8012000,2003,0.375,,7.449275970458984,,,,0.375,,,,,,,,,
8016000,2004,0.125,,6.775249481201172,,,,0.125,,,,,,,,,
8020000,2005,0.0,,5.664325714111328,,,,0.0,,,,,,,,,
8024000,2006,0.25,,6.772580146789551,,,,0.25,,,,,,,,,
8028000,2007,0.125,,6.977452754974365,,,,0.125,,,,,,,,,
8032000,2008,0.125,,6.90403413772583,,,,0.125,,,,,,,,,
8036000,2009,0.0,,7.274428367614746,,,,0.0,,,,,,,,,
8040000,2010,0.125,,7.651724815368652,,,,0.125,,,,,,,,,
8044000,2011,0.5,,8.75558090209961,,,,0.5,,,,,,,,,
8048000,2012,0.0,,6.568901062011719,,,,0.0,,,,,,,,,
8052000,2013,0.0,,5.830899238586426,,,,0.0,,,,,,,,,
8056000,2014,0.0,,6.642857551574707,,,,0.0,,,,,,,,,
8060000,2015,0.25,,5.4513468742370605,,,,0.25,,,,,,,,,
8064000,2016,0.0,,8.930328369140625,,,,0.0,,,,,,,,,
8068000,2017,0.0,,6.431987762451172,,,,0.0,,,,,,,,,
8072000,2018,0.0,,5.456809043884277,,,,0.0,,,,,,,,,
8076000,2019,0.25,,5.457540512084961,,,,0.25,,,,,,,,,
8080000,2020,0.0,,6.74783992767334,,,,0.0,,,,,,,,,
8084000,2021,0.5,,6.291502952575684,,,,0.5,,,,,,,,,
8088000,2022,0.25,,7.1287994384765625,,,,0.25,,,,,,,,,
8092000,2023,0.25,,7.073334693908691,,,,0.25,,,,,,,,,
8096000,2024,0.0,,8.291999816894531,,,,0.0,,,,,,,,,
8100000,2025,0.25,,6.098326683044434,,,,0.25,,,,,,,,,
8104000,2026,0.0,,5.662881851196289,,,,0.0,,,,,,,,,
8108000,2027,0.25,,4.021615505218506,,,,0.25,,,,,,,,,
8112000,2028,0.0,,5.708340644836426,,,,0.0,,,,,,,,,
8116000,2029,0.5,,5.536472320556641,,,,0.5,,,,,,,,,
8120000,2030,0.5,,7.391207695007324,,,,0.5,,,,,,,,,
8124000,2031,0.0,,5.425617218017578,,,,0.0,,,,,,,,,
8128000,2032,0.375,,6.039429664611816,,,,0.375,,,,,,,,,
8132000,2033,0.25,,7.787399768829346,,,,0.25,,,,,,,,,
8136000,2034,0.0,,7.584837436676025,,,,0.0,,,,,,,,,
8140000,2035,0.125,,7.192893028259277,,,,0.125,,,,,,,,,
8144000,2036,0.25,,9.80380916595459,,,,0.25,,,,,,,,,
8148000,2037,0.125,,8.450284957885742,,,,0.125,,,,,,,,,
8152000,2038,0.375,,7.254574298858643,,,,0.375,,,,,,,,,
8156000,2039,0.5,,6.428768157958984,,,,0.5,,,,,,,,,
8160000,2040,0.25,,6.358380317687988,,,,0.25,,,,,,,,,
8164000,2041,0.125,,6.2510833740234375,,,,0.125,,,,,,,,,
8168000,2042,0.125,,11.3756103515625,,,,0.125,,,,,,,,,
8172000,2043,0.5,,7.891727924346924,,,,0.5,,,,,,,,,
8176000,2044,0.375,,10.361448287963867,,,,0.375,,,,,,,,,
8180000,2045,0.25,,8.45224380493164,,,,0.25,,,,,,,,,
8184000,2046,0.25,,9.786375999450684,,,,0.25,,,,,,,,,
8188000,2047,0.125,,9.14567756652832,,,,0.125,,,,,,,,,
8192000,2048,0.25,,7.205018997192383,,,,0.25,,,,,,,,,
8196000,2049,0.375,,7.507781028747559,,,,0.375,,,,,,,,,
8200000,2050,0.625,,9.746933937072754,,,,0.625,,,,,,,,,
8204000,2051,0.25,,7.738292694091797,,,,0.25,,,,,,,,,
8208000,2052,0.5,,7.456151962280273,,,,0.5,,,,,,,,,
8212000,2053,0.5,,8.062309265136719,,,,0.5,,,,,,,,,
8216000,2054,0.5,,8.846845626831055,,,,0.5,,,,,,,,,
8220000,2055,0.375,,7.493368148803711,,,,0.375,,,,,,,,,
8224000,2056,0.125,,7.015375137329102,,,,0.125,,,,,,,,,
8228000,2057,0.375,,7.789744853973389,,,,0.375,,,,,,,,,
8232000,2058,0.5,,9.706159591674805,,,,0.5,,,,,,,,,
8236000,2059,0.25,,7.629494667053223,,,,0.25,,,,,,,,,
8240000,2060,0.375,,10.259559631347656,,,,0.375,,,,,,,,,
8244000,2061,0.25,,8.341028213500977,,,,0.25,,,,,,,,,
8248000,2062,0.375,,9.70445442199707,,,,0.375,,,,,,,,,
8252000,2063,0.0,,7.902574062347412,,,,0.0,,,,,,,,,
8256000,2064,0.5,,8.33370304107666,,,,0.5,,,,,,,,,
8260000,2065,0.5,,7.770331382751465,,,,0.5,,,,,,,,,
8264000,2066,0.25,,7.53996467590332,,,,0.25,,,,,,,,,
8268000,2067,0.125,,10.754951477050781,,,,0.125,,,,,,,,,
8272000,2068,0.25,,10.230910301208496,,,,0.25,,,,,,,,,
8276000,2069,0.5,,10.979602813720703,,,,0.5,,,,,,,,,
8280000,2070,0.5,,9.43713665008545,,,,0.5,,,,,,,,,
8284000,2071,0.75,,9.315770149230957,,,,0.75,,,,,,,,,
8288000,2072,0.5,,11.374137878417969,,,,0.5,,,,,,,,,
8292000,2073,0.625,,7.427143096923828,,,,0.625,,,,,,,,,
8296000,2074,0.75,,9.77617073059082,,,,0.75,,,,,,,,,
8300000,2075,0.375,,12.25316047668457,,,,0.375,,,,,,,,,
8304000,2076,0.25,,10.700458526611328,,,,0.25,,,,,,,,,
8308000,2077,0.375,,11.25275993347168,,,,0.375,,,,,,,,,
8312000,2078,0.25,,11.052559852600098,,,,0.25,,,,,,,,,
8316000,2079,0.75,,10.150167465209961,,,,0.75,,,,,,,,,
8320000,2080,0.25,,8.706960678100586,,,,0.25,,,,,,,,,
8324000,2081,0.125,,10.517068862915039,,,,0.125,,,,,,,,,
8328000,2082,0.25,,8.45705795288086,,,,0.25,,,,,,,,,
8332000,2083,0.25,,10.466981887817383,,,,0.25,,,,,,,,,
8336000,2084,0.25,,11.193833351135254,,,,0.25,,,,,,,,,
8340000,2085,0.375,,12.573125839233398,,,,0.375,,,,,,,,,
8344000,2086,0.375,,8.785896301269531,,,,0.375,,,,,,,,,
8348000,2087,0.25,,9.828554153442383,,,,0.25,,,,,,,,,
8352000,2088,0.5,,9.711050033569336,,,,0.5,,,,,,,,,
8356000,2089,0.75,,12.718818664550781,,,,0.75,,,,,,,,,
8360000,2090,0.375,,8.555974960327148,,,,0.375,,,,,,,,,
8364000,2091,0.25,,10.44823169708252,,,,0.25,,,,,,,,,
8368000,2092,0.5,,9.83885383605957,,,,0.5,,,,,,,,,
8372000,2093,0.0,,8.454864501953125,,,,0.0,,,,,,,,,
8376000,2094,0.375,,8.630165100097656,,,,0.375,,,,,,,,,
8380000,2095,0.25,,11.242910385131836,,,,0.25,,,,,,,,,
8384000,2096,0.625,,10.537054061889648,,,,0.625,,,,,,,,,
8388000,2097,0.125,,12.651052474975586,,,,0.125,,,,,,,,,
8392000,2098,0.625,,9.523101806640625,,,,0.625,,,,,,,,,
8396000,2099,0.625,,13.023622512817383,,,,0.625,,,,,,,,,
8400000,2100,0.375,,11.350703239440918,,,,0.375,,,,,,,,,
8404000,2101,0.625,,9.394820213317871,,,,0.625,,,,,,,,,
8408000,2102,0.375,,12.920780181884766,,,,0.375,,,,,,,,,
8412000,2103,1.0,,9.797614097595215,,,,1.0,,,,,,,,,
8416000,2104,0.25,,13.343055725097656,,,,0.25,,,,,,,,,
8420000,2105,0.25,,8.995417594909668,,,,0.25,,,,,,,,,
8424000,2106,0.25,,9.620594024658203,,,,0.25,,,,,,,,,
8428000,2107,0.375,,11.353625297546387,,,,0.375,,,,,,,,,
8432000,2108,0.25,,10.896293640136719,,,,0.25,,,,,,,,,
8436000,2109,0.625,,11.990138053894043,,,,0.625,,,,,,,,,
8440000,2110,0.625,,12.462675094604492,,,,0.625,,,,,,,,,
8444000,2111,0.125,,9.587841987609863,,,,0.125,,,,,,,,,
8448000,2112,0.125,,12.182202339172363,,,,0.125,,,,,,,,,
8452000,2113,0.75,,11.273080825805664,,,,0.75,,,,,,,,,
8456000,2114,0.375,,13.445345878601074,,,,0.375,,,,,,,,,
8460000,2115,0.375,,12.193626403808594,,,,0.375,,,,,,,,,
8464000,2116,0.875,,12.75338363647461,,,,0.875,,,,,,,,,
8468000,2117,0.5,,10.62150764465332,,,,0.5,,,,,,,,,
8472000,2118,0.5,,10.791160583496094,,,,0.5,,,,,,,,,
8476000,2119,0.625,,9.588263511657715,,,,0.625,,,,,,,,,
8480000,2120,0.375,,11.564186096191406,,,,0.375,,,,,,,,,
8484000,2121,0.5,,12.608976364135742,,,,0.5,,,,,,,,,
8488000,2122,0.375,,11.663932800292969,,,,0.375,,,,,,,,,
8492000,2123,0.25,,12.046354293823242,,,,0.25,,,,,,,,,
8496000,2124,0.375,,14.01291561126709,,,,0.375,,,,,,,,,
8500000,2125,0.375,,12.013975143432617,,,,0.375,,,,,,,,,
8504000,2126,1.0,,11.951322555541992,,,,1.0,,,,,,,,,
8508000,2127,0.75,,10.34083366394043,,,,0.75,,,,,,,,,
8512000,2128,0.375,,9.863082885742188,,,,0.375,,,,,,,,,
8516000,2129,0.125,,9.777774810791016,,,,0.125,,,,,,,,,
8520000,2130,0.5,,12.187582015991211,,,,0.5,,,,,,,,,
8524000,2131,0.25,,10.91423511505127,,,,0.25,,,,,,,,,
8528000,2132,0.5,,10.98101806640625,,,,0.5,,,,,,,,,
8532000,2133,0.375,,9.666013717651367,,,,0.375,,,,,,,,,
8536000,2134,0.375,,11.082758903503418,,,,0.375,,,,,,,,,
8540000,2135,0.375,,12.496280670166016,,,,0.375,,,,,,,,,
8544000,2136,0.25,,13.213240623474121,,,,0.25,,,,,,,,,
8548000,2137,0.375,,11.193596839904785,,,,0.375,,,,,,,,,
8552000,2138,0.75,,10.599738121032715,,,,0.75,,,,,,,,,
8556000,2139,0.375,,11.743255615234375,,,,0.375,,,,,,,,,
8560000,2140,0.5,,11.229898452758789,,,,0.5,,,,,,,,,
8564000,2141,0.5,,11.87601089477539,,,,0.5,,,,,,,,,
8568000,2142,0.875,,13.200701713562012,,,,0.875,,,,,,,,,
8572000,2143,0.25,,11.512415885925293,,,,0.25,,,,,,,,,
8576000,2144,0.5,,10.061860084533691,,,,0.5,,,,,,,,,
8580000,2145,0.875,,11.901800155639648,,,,0.875,,,,,,,,,
8584000,2146,0.25,,12.227771759033203,,,,0.25,,,,,,,,,
8588000,2147,0.125,,12.784639358520508,,,,0.125,,,,,,,,,
8592000,2148,0.875,,11.905555725097656,,,,0.875,,,,,,,,,
8596000,2149,0.375,,10.282025337219238,,,,0.375,,,,,,,,,
8600000,2150,0.625,,13.954381942749023,,,,0.625,,,,,,,,,
8604000,2151,1.0,,11.131650924682617,,,,1.0,,,,,,,,,
8608000,2152,0.25,,12.455423355102539,,,,0.25,,,,,,,,,
8612000,2153,0.375,,13.791269302368164,,,,0.375,,,,,,,,,
8616000,2154,0.625,,13.236907958984375,,,,0.625,,,,,,,,,
8620000,2155,0.125,,13.475863456726074,,,,0.125,,,,,,,,,
8624000,2156,0.625,,10.823997497558594,,,,0.625,,,,,,,,,
8628000,2157,0.75,,9.627701759338379,,,,0.75,,,,,,,,,
8632000,2158,0.375,,11.237528800964355,,,,0.375,,,,,,,,,
8636000,2159,0.5,,11.622685432434082,,,,0.5,,,,,,,,,
8640000,2160,0.375,,12.63237190246582,,,,0.375,,,,,,,,,
8644000,2161,0.875,,14.823894500732422,,,,0.875,,,,,,,,,
8648000,2162,0.25,,12.167306900024414,,,,0.25,,,,,,,,,
8652000,2163,0.5,,12.747230529785156,,,,0.5,,,,,,,,,
8656000,2164,1.0,,10.921905517578125,,,,1.0,,,,,,,,,
8660000,2165,0.375,,9.938325881958008,,,,0.375,,,,,,,,,
8664000,2166,0.75,,10.080158233642578,,,,0.75,,,,,,,,,
8668000,2167,0.375,,11.245165824890137,,,,0.375,,,,,,,,,
8672000,2168,0.5,,11.752365112304688,,,,0.5,,,,,,,,,
8676000,2169,0.375,,12.835962295532227,,,,0.375,,,,,,,,,
8680000,2170,0.75,,13.869340896606445,,,,0.75,,,,,,,,,
8684000,2171,0.5,,11.87112808227539,,,,0.5,,,,,,,,,
8688000,2172,0.625,,11.290914535522461,,,,0.625,,,,,,,,,
8692000,2173,0.75,,11.727800369262695,,,,0.75,,,,,,,,,
8696000,2174,0.375,,10.35838508605957,,,,0.375,,,,,,,,,
8700000,2175,0.25,,9.231081008911133,,,,0.25,,,,,,,,,
8704000,2176,0.375,,10.632238388061523,,,,0.375,,,,,,,,,
8708000,2177,0.5,,10.89816665649414,,,,0.5,,,,,,,,,
8712000,2178,0.625,,12.265586853027344,,,,0.625,,,,,,,,,
8716000,2179,1.25,,10.50334644317627,,,,1.25,,,,,,,,,
8720000,2180,0.5,,11.168910026550293,,,,0.5,,,,,,,,,
8724000,2181,0.625,,10.38393783569336,,,,0.625,,,,,,,,,
8728000,2182,0.625,,11.898367881774902,,,,0.625,,,,,,,,,
8732000,2183,1.125,,12.77021598815918,,,,1.125,,,,,,,,,
8736000,2184,1.125,,12.907713890075684,,,,1.125,,,,,,,,,
8740000,2185,0.875,,12.333171844482422,,,,0.875,,,,,,,,,
8744000,2186,0.375,,10.450092315673828,,,,0.375,,,,,,,,,
8748000,2187,0.5,,13.943582534790039,,,,0.5,,,,,,,,,
8752000,2188,0.75,,12.807507514953613,,,,0.75,,,,,,,,,
8756000,2189,0.625,,12.385963439941406,,,,0.625,,,,,,,,,
8760000,2190,0.875,,10.200959205627441,,,,0.875,,,,,,,,,
8764000,2191,1.0,,11.282708168029785,,,,1.0,,,,,,,,,
8768000,2192,0.625,,11.985597610473633,,,,0.625,,,,,,,,,
8772000,2193,0.75,,12.642524719238281,,,,0.75,,,,,,,,,
8776000,2194,0.625,,11.891088485717773,,,,0.625,,,,,,,,,
8780000,2195,0.25,,12.144350051879883,,,,0.25,,,,,,,,,
8784000,2196,1.375,,12.051458358764648,,,,1.375,,,,,,,,,
8788000,2197,1.125,,12.12094783782959,,,,1.125,,,,,,,,,
8792000,2198,0.875,,9.95418930053711,,,,0.875,,,,,,,,,
8796000,2199,0.875,,12.755779266357422,,,,0.875,,,,,,,,,
8800000,2200,0.625,,11.527570724487305,,,,0.625,,,,,,,,,
8804000,2201,0.625,,11.960796356201172,,,,0.625,,,,,,,,,
8808000,2202,1.125,,11.6655855178833,,,,1.125,,,,,,,,,
8812000,2203,0.625,,10.085546493530273,,,,0.625,,,,,,,,,
8816000,2204,0.75,,10.501884460449219,,,,0.75,,,,,,,,,
8820000,2205,0.625,,13.645922660827637,,,,0.625,,,,,,,,,
8824000,2206,0.625,,12.671923637390137,,,,0.625,,,,,,,,,
8828000,2207,0.375,,11.901542663574219,,,,0.375,,,,,,,,,
8832000,2208,1.0,,12.809335708618164,,,,1.0,,,,,,,,,
8836000,2209,0.375,,10.19869613647461,,,,0.375,,,,,,,,,
8840000,2210,0.375,,10.666818618774414,,,,0.375,,,,,,,,,
8844000,2211,0.625,,10.521052360534668,,,,0.625,,,,,,,,,
8848000,2212,0.875,,11.07551383972168,,,,0.875,,,,,,,,,
8852000,2213,0.75,,12.25164794921875,,,,0.75,,,,,,,,,
8856000,2214,0.75,,10.90616512298584,,,,0.75,,,,,,,,,
8860000,2215,1.125,,11.231990814208984,,,,1.125,,,,,,,,,
8864000,2216,0.625,,13.469852447509766,,,,0.625,,,,,,,,,
8868000,2217,1.125,,11.524019241333008,,,,1.125,,,,,,,,,
8872000,2218,1.375,,11.11328125,,,,1.375,,,,,,,,,
8876000,2219,0.875,,12.356622695922852,,,,0.875,,,,,,,,,
8880000,2220,0.625,,12.75712776184082,,,,0.625,,,,,,,,,
8884000,2221,0.875,,11.763351440429688,,,,0.875,,,,,,,,,
8888000,2222,0.625,,11.351545333862305,,,,0.625,,,,,,,,,
8892000,2223,0.75,,11.143263816833496,,,,0.75,,,,,,,,,
8896000,2224,0.625,,12.095901489257812,,,,0.625,,,,,,,,,
8900000,2225,1.125,,11.217564582824707,,,,1.125,,,,,,,,,
8904000,2226,1.0,,11.904884338378906,,,,1.0,,,,,,,,,
8908000,2227,0.375,,11.557463645935059,,,,0.375,,,,,,,,,
8912000,2228,1.125,,12.167524337768555,,,,1.125,,,,,,,,,
8916000,2229,0.875,,10.729395866394043,,,,0.875,,,,,,,,,
8920000,2230,0.875,,10.221370697021484,,,,0.875,,,,,,,,,
8924000,2231,0.875,,10.392278671264648,,,,0.875,,,,,,,,,
8928000,2232,0.875,,11.9176025390625,,,,0.875,,,,,,,,,
8932000,2233,0.75,,12.289258003234863,,,,0.75,,,,,,,,,
8936000,2234,0.375,,11.973938941955566,,,,0.375,,,,,,,,,
8940000,2235,1.0,,9.569803237915039,,,,1.0,,,,,,,,,
8944000,2236,0.875,,10.995646476745605,,,,0.875,,,,,,,,,
8948000,2237,0.375,,11.762611389160156,,,,0.375,,,,,,,,,
8952000,2238,1.0,,12.545182228088379,,,,1.0,,,,,,,,,
8956000,2239,1.375,,13.729429244995117,,,,1.375,,,,,,,,,
8960000,2240,0.875,,13.2680025100708,,,,0.875,,,,,,,,,
8964000,2241,1.0,,11.172182083129883,,,,1.0,,,,,,,,,
8968000,2242,0.625,,12.014678955078125,,,,0.625,,,,,,,,,
8972000,2243,0.625,,11.532561302185059,,,,0.625,,,,,,,,,
8976000,2244,0.5,,12.379356384277344,,,,0.5,,,,,,,,,
8980000,2245,1.0,,12.796089172363281,,,,1.0,,,,,,,,,
8984000,2246,1.0,,12.417272567749023,,,,1.0,,,,,,,,,
8988000,2247,0.5,,12.059440612792969,,,,0.5,,,,,,,,,
8992000,2248,0.75,,10.836343765258789,,,,0.75,,,,,,,,,
8996000,2249,0.5,,11.829431533813477,,,,0.5,,,,,,,,,
9000000,2250,1.125,,11.045595169067383,,,,1.125,,,,,,,,,
9004000,2251,1.125,,9.346662521362305,,,,1.125,,,,,,,,,
9008000,2252,1.875,,10.302928924560547,,,,1.875,,,,,,,,,
9012000,2253,1.125,,11.086284637451172,,,,1.125,,,,,,,,,
9016000,2254,0.375,,12.509310722351074,,,,0.375,,,,,,,,,
9020000,2255,0.5,,11.285785675048828,,,,0.5,,,,,,,,,
9024000,2256,1.375,,11.3978271484375,,,,1.375,,,,,,,,,
9028000,2257,0.875,,10.609746932983398,,,,0.875,,,,,,,,,
9032000,2258,0.875,,11.489194869995117,,,,0.875,,,,,,,,,
9036000,2259,0.625,,12.024384498596191,,,,0.625,,,,,,,,,
9040000,2260,0.875,,12.498491287231445,,,,0.875,,,,,,,,,
9044000,2261,0.625,,12.603120803833008,,,,0.625,,,,,,,,,
9048000,2262,0.875,,12.296403884887695,,,,0.875,,,,,,,,,
9052000,2263,1.0,,13.234312057495117,,,,1.0,,,,,,,,,
9056000,2264,0.25,,11.3360595703125,,,,0.25,,,,,,,,,
9060000,2265,1.0,,10.106013298034668,,,,1.0,,,,,,,,,
9064000,2266,1.0,,11.446233749389648,,,,1.0,,,,,,,,,
9068000,2267,1.25,,11.644606590270996,,,,1.25,,,,,,,,,
9072000,2268,1.125,,12.07009220123291,,,,1.125,,,,,,,,,
9076000,2269,0.625,,11.418200492858887,,,,0.625,,,,,,,,,
9080000,2270,1.0,,10.530644416809082,,,,1.0,,,,,,,,,
9084000,2271,1.0,,10.077292442321777,,,,1.0,,,,,,,,,
9088000,2272,1.125,,11.187752723693848,,,,1.125,,,,,,,,,
9092000,2273,1.125,,11.989669799804688,,,,1.125,,,,,,,,,
9096000,2274,0.875,,11.89087963104248,,,,0.875,,,,,,,,,
9100000,2275,1.0,,11.207430839538574,,,,1.0,,,,,,,,,
9104000,2276,1.125,,12.34758186340332,,,,1.125,,,,,,,,,
9108000,2277,0.5,,11.025899887084961,,,,0.5,,,,,,,,,
9112000,2278,0.625,,10.586954116821289,,,,0.625,,,,,,,,,
9116000,2279,0.5,,11.557945251464844,,,,0.5,,,,,,,,,
9120000,2280,1.0,,12.449638366699219,,,,1.0,,,,,,,,,
9124000,2281,1.25,,12.251518249511719,,,,1.25,,,,,,,,,
9128000,2282,0.875,,9.485607147216797,,,,0.875,,,,,,,,,
9132000,2283,0.5,,11.375757217407227,,,,0.5,,,,,,,,,
9136000,2284,0.625,,11.06648063659668,,,,0.625,,,,,,,,,
9140000,2285,0.375,,10.794679641723633,,,,0.375,,,,,,,,,
9144000,2286,1.375,,10.539104461669922,,,,1.375,,,,,,,,,
9148000,2287,1.875,,11.302471160888672,,,,1.875,,,,,,,,,
9152000,2288,0.75,,10.456059455871582,,,,0.75,,,,,,,,,
9156000,2289,1.5,,12.008601188659668,,,,1.5,,,,,,,,,
9160000,2290,1.25,,10.464583396911621,,,,1.25,,,,,,,,,
9164000,2291,1.0,,11.237001419067383,,,,1.0,,,,,,,,,
9168000,2292,0.375,,11.675371170043945,,,,0.375,,,,,,,,,
9172000,2293,0.5,,11.865638732910156,,,,0.5,,,,,,,,,
9176000,2294,0.375,,10.668556213378906,,,,0.375,,,,,,,,,
9180000,2295,0.875,,11.509471893310547,,,,0.875,,,,,,,,,
9184000,2296,1.5,,10.805617332458496,,,,1.5,,,,,,,,,
9188000,2297,1.625,,10.831794738769531,,,,1.625,,,,,,,,,
9192000,2298,0.625,,10.915590286254883,,,,0.625,,,,,,,,,
9196000,2299,1.0,,11.983627319335938,,,,1.0,,,,,,,,,
9200000,2300,0.625,,11.654186248779297,,,,0.625,,,,,,,,,
9204000,2301,1.0,,10.866948127746582,,,,1.0,,,,,,,,,
9208000,2302,0.875,,10.905441284179688,,,,0.875,,,,,,,,,
9212000,2303,0.625,,9.877532005310059,,,,0.625,,,,,,,,,
9216000,2304,0.75,,9.151616096496582,,,,0.75,,,,,,,,,
9220000,2305,1.625,,12.621589660644531,,,,1.625,,,,,,,,,
9224000,2306,1.5,,10.676276206970215,,,,1.5,,,,,,,,,
9228000,2307,1.25,,11.330911636352539,,,,1.25,,,,,,,,,
9232000,2308,1.125,,10.414765357971191,,,,1.125,,,,,,,,,
9236000,2309,2.0,,9.578804969787598,,,,2.0,,,,,,,,,
9240000,2310,0.75,,9.863482475280762,,,,0.75,,,,,,,,,
9244000,2311,1.25,,11.463275909423828,,,,1.25,,,,,,,,,
9248000,2312,1.125,,10.287532806396484,,,,1.125,,,,,,,,,
9252000,2313,0.75,,10.483707427978516,,,,0.75,,,,,,,,,
9256000,2314,0.75,,10.065853118896484,,,,0.75,,,,,,,,,
9260000,2315,1.0,,10.586841583251953,,,,1.0,,,,,,,,,
9264000,2316,0.75,,11.088130950927734,,,,0.75,,,,,,,,,
9268000,2317,1.375,,10.95308780670166,,,,1.375,,,,,,,,,
9272000,2318,0.875,,10.88201904296875,,,,0.875,,,,,,,,,
9276000,2319,0.625,,11.013249397277832,,,,0.625,,,,,,,,,
9280000,2320,0.375,,11.165334701538086,,,,0.375,,,,,,,,,
9284000,2321,1.375,,9.26833724975586,,,,1.375,,,,,,,,,
9288000,2322,0.25,,9.72319221496582,,,,0.25,,,,,,,,,
9292000,2323,1.75,,9.801362991333008,,,,1.75,,,,,,,,,
9296000,2324,1.5,,10.240543365478516,,,,1.5,,,,,,,,,
9300000,2325,1.625,,10.833499908447266,,,,1.625,,,,,,,,,
9304000,2326,1.25,,8.848989486694336,,,,1.25,,,,,,,,,
9308000,2327,0.875,,10.350006103515625,,,,0.875,,,,,,,,,
9312000,2328,1.0,,11.399805068969727,,,,1.0,,,,,,,,,
9316000,2329,0.875,,9.995640754699707,,,,0.875,,,,,,,,,
9320000,2330,0.875,,10.11914348602295,,,,0.875,,,,,,,,,
9324000,2331,0.25,,9.364402770996094,,,,0.25,,,,,,,,,
9328000,2332,1.125,,9.774114608764648,,,,1.125,,,,,,,,,
9332000,2333,0.625,,10.034631729125977,,,,0.625,,,,,,,,,
9336000,2334,1.375,,11.07516098022461,,,,1.375,,,,,,,,,
9340000,2335,1.0,,9.83333969116211,,,,1.0,,,,,,,,,
9344000,2336,0.875,,9.280542373657227,,,,0.875,,,,,,,,,
9348000,2337,0.875,,9.048725128173828,,,,0.875,,,,,,,,,
9352000,2338,0.75,,9.751932144165039,,,,0.75,,,,,,,,,
9356000,2339,1.0,,11.394243240356445,,,,1.0,,,,,,,,,
9360000,2340,1.125,,10.83189582824707,,,,1.125,,,,,,,,,
9364000,2341,1.0,,10.075042724609375,,,,1.0,,,,,,,,,
9368000,2342,1.0,,9.819206237792969,,,,1.0,,,,,,,,,
9372000,2343,1.375,,9.889013290405273,,,,1.375,,,,,,,,,
9376000,2344,1.125,,9.073983192443848,,,,1.125,,,,,,,,,
9380000,2345,1.375,,9.414201736450195,,,,1.375,,,,,,,,,
9384000,2346,0.875,,9.755067825317383,,,,0.875,,,,,,,,,
9388000,2347,0.625,,10.10190486907959,,,,0.625,,,,,,,,,
9392000,2348,1.0,,9.976734161376953,,,,1.0,,,,,,,,,
9396000,2349,0.875,,9.946561813354492,,,,0.875,,,,,,,,,
9400000,2350,1.625,,10.870849609375,,,,1.625,,,,,,,,,
9404000,2351,2.25,,10.022842407226562,,,,2.25,,,,,,,,,
9408000,2352,1.75,,10.060308456420898,,,,1.75,,,,,,,,,
9412000,2353,1.625,,10.394966125488281,,,,1.625,,,,,,,,,
9416000,2354,1.5,,10.018192291259766,,,,1.5,,,,,,,,,
9420000,2355,1.625,,9.43797779083252,,,,1.625,,,,,,,,,
9424000,2356,0.75,,9.882152557373047,,,,0.75,,,,,,,,,
9428000,2357,0.625,,9.20584487915039,,,,0.625,,,,,,,,,
9432000,2358,1.125,,9.249019622802734,,,,1.125,,,,,,,,,
9436000,2359,2.0,,9.468690872192383,,,,2.0,,,,,,,,,
9440000,2360,1.625,,9.03681755065918,,,,1.625,,,,,,,,,
9444000,2361,1.75,,9.81015396118164,,,,1.75,,,,,,,,,
9448000,2362,1.25,,10.5171537399292,,,,1.25,,,,,,,,,
9452000,2363,0.75,,8.581791877746582,,,,0.75,,,,,,,,,
9456000,2364,1.125,,9.524693489074707,,,,1.125,,,,,,,,,
9460000,2365,2.125,,8.493644714355469,,,,2.125,,,,,,,,,
9464000,2366,1.25,,10.430437088012695,,,,1.25,,,,,,,,,
9468000,2367,0.75,,9.54637336730957,,,,0.75,,,,,,,,,
9472000,2368,0.875,,8.590766906738281,,,,0.875,,,,,,,,,
9476000,2369,1.625,,9.775613784790039,,,,1.625,,,,,,,,,
9480000,2370,1.875,,8.531673431396484,,,,1.875,,,,,,,,,
9484000,2371,0.875,,9.237565040588379,,,,0.875,,,,,,,,,
9488000,2372,2.375,,10.012624740600586,,,,2.375,,,,,,,,,
9492000,2373,1.5,,9.448232650756836,,,,1.5,,,,,,,,,
9496000,2374,1.5,,9.864957809448242,,,,1.5,,,,,,,,,
9500000,2375,1.125,,9.841573715209961,,,,1.125,,,,,,,,,
9504000,2376,1.75,,9.581860542297363,,,,1.75,,,,,,,,,
9508000,2377,1.125,,9.4261474609375,,,,1.125,,,,,,,,,
9512000,2378,0.625,,8.051839828491211,,,,0.625,,,,,,,,,
9516000,2379,0.75,,8.924159049987793,,,,0.75,,,,,,,,,
9520000,2380,1.0,,9.26807689666748,,,,1.0,,,,,,,,,
9524000,2381,1.125,,9.436784744262695,,,,1.125,,,,,,,,,
9528000,2382,0.75,,8.697309494018555,,,,0.75,,,,,,,,,
9532000,2383,1.0,,8.831153869628906,,,,1.0,,,,,,,,,
9536000,2384,1.5,,9.701120376586914,,,,1.5,,,,,,,,,
9540000,2385,1.375,,9.523629188537598,,,,1.375,,,,,,,,,
9544000,2386,1.75,,9.829032897949219,,,,1.75,,,,,,,,,
9548000,2387,1.75,,8.503721237182617,,,,1.75,,,,,,,,,
9552000,2388,1.375,,9.543432235717773,,,,1.375,,,,,,,,,
9556000,2389,1.5,,10.369192123413086,,,,1.5,,,,,,,,,
9560000,2390,1.625,,9.45118522644043,,,,1.625,,,,,,,,,
9564000,2391,1.375,,9.19396686553955,,,,1.375,,,,,,,,,
9568000,2392,0.875,,9.00698471069336,,,,0.875,,,,,,,,,
9572000,2393,1.125,,9.269243240356445,,,,1.125,,,,,,,,,
9576000,2394,1.375,,9.007745742797852,,,,1.375,,,,,,,,,
9580000,2395,1.25,,9.117142677307129,,,,1.25,,,,,,,,,
9584000,2396,1.75,,8.784738540649414,,,,1.75,,,,,,,,,
9588000,2397,1.25,,8.425518035888672,,,,1.25,,,,,,,,,
9592000,2398,1.25,,8.09579849243164,,,,1.25,,,,,,,,,
9596000,2399,1.0,,8.99818229675293,,,,1.0,,,,,,,,,
9600000,2400,1.625,,9.114622116088867,,,,1.625,,,,,,,,,
9604000,2401,2.125,,9.039129257202148,,,,2.125,,,,,,,,,
9608000,2402,1.25,,8.879045486450195,,,,1.25,,,,,,,,,
9612000,2403,1.0,,9.088878631591797,,,,1.0,,,,,,,,,
9616000,2404,1.125,,9.90434455871582,,,,1.125,,,,,,,,,
9620000,2405,1.125,,8.46664047241211,,,,1.125,,,,,,,,,
9624000,2406,1.0,,9.122693061828613,,,,1.0,,,,,,,,,
9628000,2407,1.125,,7.943055152893066,,,,1.125,,,,,,,,,
9632000,2408,1.75,,9.978058815002441,,,,1.75,,,,,,,,,
9636000,2409,1.75,,9.0347261428833,,,,1.75,,,,,,,,,
9640000,2410,1.75,,8.854410171508789,,,,1.75,,,,,,,,,
9644000,2411,1.5,,9.556608200073242,,,,1.5,,,,,,,,,
9648000,2412,1.625,,8.962172508239746,,,,1.625,,,,,,,,,
9652000,2413,1.75,,8.979201316833496,,,,1.75,,,,,,,,,
9656000,2414,1.0,,7.945452690124512,,,,1.0,,,,,,,,,
9660000,2415,1.625,,7.6931657791137695,,,,1.625,,,,,,,,,
9664000,2416,1.25,,8.545389175415039,,,,1.25,,,,,,,,,
9668000,2417,0.875,,9.385149955749512,,,,0.875,,,,,,,,,
9672000,2418,1.25,,8.908464431762695,,,,1.25,,,,,,,,,
9676000,2419,1.125,,8.66397476196289,,,,1.125,,,,,,,,,
9680000,2420,1.5,,9.651508331298828,,,,1.5,,,,,,,,,
9684000,2421,1.25,,9.27877426147461,,,,1.25,,,,,,,,,
9688000,2422,1.125,,9.005016326904297,,,,1.125,,,,,,,,,
9692000,2423,1.5,,9.020692825317383,,,,1.5,,,,,,,,,
9696000,2424,1.375,,8.363287925720215,,,,1.375,,,,,,,,,
9700000,2425,1.5,,8.620458602905273,,,,1.5,,,,,,,,,
9704000,2426,1.5,,8.45713996887207,,,,1.5,,,,,,,,,
9708000,2427,1.5,,9.113275527954102,,,,1.5,,,,,,,,,
9712000,2428,1.375,,9.560382843017578,,,,1.375,,,,,,,,,
9716000,2429,1.5,,8.524640083312988,,,,1.5,,,,,,,,,
9720000,2430,1.125,,9.039495468139648,,,,1.125,,,,,,,,,
9724000,2431,1.75,,8.560426712036133,,,,1.75,,,,,,,,,
9728000,2432,1.5,,8.565939903259277,,,,1.5,,,,,,,,,
9732000,2433,1.625,,9.799942970275879,,,,1.625,,,,,,,,,
9736000,2434,2.0,,9.206828117370605,,,,2.0,,,,,,,,,
9740000,2435,1.75,,8.237396240234375,,,,1.75,,,,,,,,,
9744000,2436,1.625,,9.077948570251465,,,,1.625,,,,,,,,,
9748000,2437,1.75,,8.460649490356445,,,,1.75,,,,,,,,,
9752000,2438,1.5,,9.288070678710938,,,,1.5,,,,,,,,,
9756000,2439,1.25,,8.375519752502441,,,,1.25,,,,,,,,,
9760000,2440,1.625,,9.082647323608398,,,,1.625,,,,,,,,,
9764000,2441,2.0,,8.602884292602539,,,,2.0,,,,,,,,,
9768000,2442,2.25,,7.991971492767334,,,,2.25,,,,,,,,,
9772000,2443,2.0,,9.635986328125,,,,2.0,,,,,,,,,
9776000,2444,1.5,,8.951338768005371,,,,1.5,,,,,,,,,
9780000,2445,1.75,,8.498655319213867,,,,1.75,,,,,,,,,
9784000,2446,1.625,,9.198497772216797,,,,1.625,,,,,,,,,
9788000,2447,1.75,,9.085237503051758,,,,1.75,,,,,,,,,
9792000,2448,1.625,,8.666742324829102,,,,1.625,,,,,,,,,
9796000,2449,1.375,,8.502511024475098,,,,1.375,,,,,,,,,
9800000,2450,1.375,,8.707281112670898,,,,1.375,,,,,,,,,
9804000,2451,2.0,,8.38411808013916,,,,2.0,,,,,,,,,
9808000,2452,1.75,,8.635009765625,,,,1.75,,,,,,,,,
9812000,2453,1.5,,8.351031303405762,,,,1.5,,,,,,,,,
9816000,2454,1.0,,8.125173568725586,,,,1.0,,,,,,,,,
9820000,2455,1.375,,8.271463394165039,,,,1.375,,,,,,,,,
9824000,2456,1.75,,8.636451721191406,,,,1.75,,,,,,,,,
9828000,2457,1.25,,9.245853424072266,,,,1.25,,,,,,,,,
9832000,2458,1.75,,8.662923812866211,,,,1.75,,,,,,,,,
9836000,2459,1.5,,9.157323837280273,,,,1.5,,,,,,,,,
9840000,2460,1.25,,8.739984512329102,,,,1.25,,,,,,,,,
9844000,2461,1.0,,9.155595779418945,,,,1.0,,,,,,,,,
9848000,2462,1.5,,8.23547077178955,,,,1.5,,,,,,,,,
9852000,2463,0.75,,9.227213859558105,,,,0.75,,,,,,,,,
9856000,2464,2.375,,8.289057731628418,,,,2.375,,,,,,,,,
9860000,2465,2.0,,8.919160842895508,,,,2.0,,,,,,,,,
9864000,2466,2.25,,8.693778991699219,,,,2.25,,,,,,,,,
9868000,2467,1.375,,9.098464965820312,,,,1.375,,,,,,,,,
9872000,2468,1.625,,8.989058494567871,,,,1.625,,,,,,,,,
9876000,2469,1.625,,9.039255142211914,,,,1.625,,,,,,,,,
9880000,2470,1.625,,8.420186042785645,,,,1.625,,,,,,,,,
9884000,2471,1.75,,8.820937156677246,,,,1.75,,,,,,,,,
9888000,2472,1.5,,8.759601593017578,,,,1.5,,,,,,,,,
9892000,2473,2.125,,8.098938941955566,,,,2.125,,,,,,,,,
9896000,2474,2.125,,8.207239151000977,,,,2.125,,,,,,,,,
9900000,2475,1.375,,8.947867393493652,,,,1.375,,,,,,,,,
9904000,2476,1.75,,9.259244918823242,,,,1.75,,,,,,,,,
9908000,2477,2.125,,8.912019729614258,,,,2.125,,,,,,,,,
9912000,2478,1.5,,8.490328788757324,,,,1.5,,,,,,,,,
9916000,2479,1.75,,8.797956466674805,,,,1.75,,,,,,,,,
9920000,2480,1.5,,8.653443336486816,,,,1.5,,,,,,,,,
9924000,2481,1.0,,7.806976795196533,,,,1.0,,,,,,,,,
9928000,2482,2.25,,8.259340286254883,,,,2.25,,,,,,,,,
9932000,2483,1.75,,8.158037185668945,,,,1.75,,,,,,,,,
9936000,2484,1.375,,8.34099292755127,,,,1.375,,,,,,,,,
9940000,2485,1.5,,8.184053421020508,,,,1.5,,,,,,,,,
9944000,2486,1.5,,9.028125762939453,,,,1.5,,,,,,,,,
9948000,2487,1.625,,8.675630569458008,,,,1.625,,,,,,,,,
9952000,2488,1.375,,8.291139602661133,,,,1.375,,,,,,,,,
9956000,2489,1.625,,8.197625160217285,,,,1.625,,,,,,,,,
9960000,2490,1.25,,8.459059715270996,,,,1.25,,,,,,,,,
9964000,2491,1.5,,7.892738342285156,,,,1.5,,,,,,,,,
9968000,2492,2.125,,8.324305534362793,,,,2.125,,,,,,,,,
9972000,2493,1.5,,8.395490646362305,,,,1.5,,,,,,,,,
9976000,2494,1.25,,8.131199836730957,,,,1.25,,,,,,,,,
9980000,2495,1.5,,8.618741989135742,,,,1.5,,,,,,,,,
9984000,2496,1.625,,8.408096313476562,,,,1.625,,,,,,,,,
9988000,2497,1.625,,8.408353805541992,,,,1.625,,,,,,,,,
9992000,2498,2.625,,8.019454002380371,,,,2.625,,,,,,,,,
9996000,2499,2.25,,7.795639514923096,,,,2.25,,,,,,,,,
10000000,2500,2.125,,7.811030864715576,,,,2.125,,,,,,,,,
10004000,2501,2.375,,8.258502960205078,,,,2.375,,,,,,,,,
10008000,2502,2.0,,8.28410816192627,,,,2.0,,,,,,,,,
10012000,2503,2.5,,8.060314178466797,,,,2.5,,,,,,,,,
10016000,2504,1.5,,7.769588470458984,,,,1.5,,,,,,,,,
10020000,2505,2.625,,8.110575675964355,,,,2.625,,,,,,,,,
10024000,2506,2.625,,8.428874969482422,,,,2.625,,,,,,,,,
10028000,2507,1.625,,8.25621509552002,,,,1.625,,,,,,,,,
10032000,2508,2.25,,8.277741432189941,,,,2.25,,,,,,,,,
10036000,2509,2.375,,8.37325668334961,,,,2.375,,,,,,,,,
10040000,2510,2.625,,7.9431562423706055,,,,2.625,,,,,,,,,
10044000,2511,2.25,,8.332681655883789,,,,2.25,,,,,,,,,
10048000,2512,2.875,,8.337867736816406,,,,2.875,,,,,,,,,
10052000,2513,2.125,,8.848237991333008,,,,2.125,,,,,,,,,
10056000,2514,2.375,,8.802680969238281,,,,2.375,,,,,,,,,
10060000,2515,2.625,,8.350159645080566,,,,2.625,,,,,,,,,
10064000,2516,2.375,,8.861655235290527,,,,2.375,,,,,,,,,
10068000,2517,2.625,,8.638700485229492,,,,2.625,,,,,,,,,
10072000,2518,2.25,,8.695858001708984,,,,2.25,,,,,,,,,
10076000,2519,1.875,,8.161918640136719,,,,1.875,,,,,,,,,
10080000,2520,2.125,,8.145960807800293,,,,2.125,,,,,,,,,
10084000,2521,1.75,,8.510137557983398,,,,1.75,,,,,,,,,
10088000,2522,1.875,,8.04894733428955,,,,1.875,,,,,,,,,
10092000,2523,2.125,,8.891408920288086,,,,2.125,,,,,,,,,
10096000,2524,2.5,,8.899950981140137,,,,2.5,,,,,,,,,
10100000,2525,2.25,,8.623862266540527,,,,2.25,,,,,,,,,
10104000,2526,1.625,,8.459799766540527,,,,1.625,,,,,,,,,
10108000,2527,2.375,,8.682220458984375,,,,2.375,,,,,,,,,
10112000,2528,2.375,,7.983862400054932,,,,2.375,,,,,,,,,
10116000,2529,3.0,,8.183109283447266,,,,3.0,,,,,,,,,
10120000,2530,2.25,,8.857112884521484,,,,2.25,,,,,,,,,
10124000,2531,2.375,,8.891613960266113,,,,2.375,,,,,,,,,
10128000,2532,2.375,,8.827873229980469,,,,2.375,,,,,,,,,
10132000,2533,2.375,,8.520061492919922,,,,2.375,,,,,,,,,
10136000,2534,2.625,,8.508298873901367,,,,2.625,,,,,,,,,
10140000,2535,2.125,,8.218393325805664,,,,2.125,,,,,,,,,
10144000,2536,2.5,,8.826528549194336,,,,2.5,,,,,,,,,
10148000,2537,2.25,,8.563632011413574,,,,2.25,,,,,,,,,
10152000,2538,1.875,,8.157570838928223,,,,1.875,,,,,,,,,
10156000,2539,1.5,,8.012945175170898,,,,1.5,,,,,,,,,
10160000,2540,1.75,,9.079010009765625,,,,1.75,,,,,,,,,
10164000,2541,1.75,,8.29235553741455,,,,1.75,,,,,,,,,
10168000,2542,2.875,,8.607669830322266,,,,2.875,,,,,,,,,
10172000,2543,2.0,,8.58169937133789,,,,2.0,,,,,,,,,
10176000,2544,2.875,,8.834827423095703,,,,2.875,,,,,,,,,
10180000,2545,2.5,,8.078052520751953,,,,2.5,,,,,,,,,
10184000,2546,2.0,,8.379585266113281,,,,2.0,,,,,,,,,
10188000,2547,2.0,,8.21451187133789,,,,2.0,,,,,,,,,
10192000,2548,2.5,,8.568510055541992,,,,2.5,,,,,,,,,
10196000,2549,2.5,,8.467937469482422,,,,2.5,,,,,,,,,
10200000,2550,2.375,,7.549158573150635,,,,2.375,,,,,,,,,
10204000,2551,2.5,,9.229148864746094,,,,2.5,,,,,,,,,
10208000,2552,2.125,,8.174972534179688,,,,2.125,,,,,,,,,
10212000,2553,2.375,,8.649803161621094,,,,2.375,,,,,,,,,
10216000,2554,2.0,,8.61448860168457,,,,2.0,,,,,,,,,
10220000,2555,2.25,,8.729823112487793,,,,2.25,,,,,,,,,
10224000,2556,2.625,,8.683099746704102,,,,2.625,,,,,,,,,
10228000,2557,2.375,,8.896427154541016,,,,2.375,,,,,,,,,
10232000,2558,3.375,,8.10926342010498,,,,3.375,,,,,,,,,
10236000,2559,3.0,,8.579610824584961,,,,3.0,,,,,,,,,
10240000,2560,1.875,,8.54022216796875,,,,1.875,,,,,,,,,
10244000,2561,1.75,,8.415226936340332,,,,1.75,,,,,,,,,
10248000,2562,2.25,,8.433810234069824,,,,2.25,,,,,,,,,
10252000,2563,1.375,,9.069988250732422,,,,1.375,,,,,,,,,
10256000,2564,2.25,,8.299034118652344,,,,2.25,,,,,,,,,
10260000,2565,2.875,,8.395502090454102,,,,2.875,,,,,,,,,
10264000,2566,2.375,,8.885507583618164,,,,2.375,,,,,,,,,
10268000,2567,2.0,,8.65689468383789,,,,2.0,,,,,,,,,
10272000,2568,1.75,,8.699897766113281,,,,1.75,,,,,,,,,
10276000,2569,2.125,,8.470918655395508,,,,2.125,,,,,,,,,
10280000,2570,2.0,,8.308120727539062,,,,2.0,,,,,,,,,
10284000,2571,1.875,,8.608400344848633,,,,1.875,,,,,,,,,
10288000,2572,2.25,,7.894631385803223,,,,2.25,,,,,,,,,
10292000,2573,0.75,,8.659058570861816,,,,0.75,,,,,,,,,
10296000,2574,1.75,,8.74129867553711,,,,1.75,,,,,,,,,
10300000,2575,2.0,,8.004228591918945,,,,2.0,,,,,,,,,
10304000,2576,2.0,,8.4384126663208,,,,2.0,,,,,,,,,
10308000,2577,2.125,,8.294227600097656,,,,2.125,,,,,,,,,
10312000,2578,2.125,,8.500361442565918,,,,2.125,,,,,,,,,
10316000,2579,2.0,,7.901822090148926,,,,2.0,,,,,,,,,
10320000,2580,2.375,,8.232477188110352,,,,2.375,,,,,,,,,
10324000,2581,1.875,,8.182113647460938,,,,1.875,,,,,,,,,
10328000,2582,2.625,,8.648423194885254,,,,2.625,,,,,,,,,
10332000,2583,3.125,,8.304401397705078,,,,3.125,,,,,,,,,
10336000,2584,1.5,,8.108604431152344,,,,1.5,,,,,,,,,
10340000,2585,2.25,,8.391799926757812,,,,2.25,,,,,,,,,
10344000,2586,2.625,,8.13243579864502,,,,2.625,,,,,,,,,
10348000,2587,2.125,,8.291778564453125,,,,2.125,,,,,,,,,
10352000,2588,1.875,,8.432535171508789,,,,1.875,,,,,,,,,
10356000,2589,2.625,,7.984122276306152,,,,2.625,,,,,,,,,
10360000,2590,1.5,,8.074159622192383,,,,1.5,,,,,,,,,
10364000,2591,2.375,,8.169153213500977,,,,2.375,,,,,,,,,
10368000,2592,2.125,,8.102550506591797,,,,2.125,,,,,,,,,
10372000,2593,2.75,,8.536046981811523,,,,2.75,,,,,,,,,
10376000,2594,2.5,,8.296930313110352,,,,2.5,,,,,,,,,
10380000,2595,2.375,,7.708718299865723,,,,2.375,,,,,,,,,
10384000,2596,2.625,,7.84481143951416,,,,2.625,,,,,,,,,
10388000,2597,1.125,,8.153656005859375,,,,1.125,,,,,,,,,
10392000,2598,2.625,,7.9447021484375,,,,2.625,,,,,,,,,
10396000,2599,2.25,,8.212236404418945,,,,2.25,,,,,,,,,
10400000,2600,1.875,,7.947283744812012,,,,1.875,,,,,,,,,
10404000,2601,2.0,,8.419793128967285,,,,2.0,,,,,,,,,
10408000,2602,2.375,,8.030548095703125,,,,2.375,,,,,,,,,
10412000,2603,2.0,,8.018756866455078,,,,2.0,,,,,,,,,
10416000,2604,2.75,,7.819998741149902,,,,2.75,,,,,,,,,
10420000,2605,2.125,,8.437666893005371,,,,2.125,,,,,,,,,
10424000,2606,2.0,,7.874375820159912,,,,2.0,,,,,,,,,
10428000,2607,2.875,,7.85395622253418,,,,2.875,,,,,,,,,
10432000,2608,2.5,,8.398052215576172,,,,2.5,,,,,,,,,
10436000,2609,2.625,,8.4102201461792,,,,2.625,,,,,,,,,
10440000,2610,2.75,,8.241199493408203,,,,2.75,,,,,,,,,
10444000,2611,3.125,,8.167974472045898,,,,3.125,,,,,,,,,
10448000,2612,2.625,,8.008944511413574,,,,2.625,,,,,,,,,
10452000,2613,2.625,,8.27071762084961,,,,2.625,,,,,,,,,
10456000,2614,1.875,,8.344162940979004,,,,1.875,,,,,,,,,
10460000,2615,2.5,,8.510082244873047,,,,2.5,,,,,,,,,
10464000,2616,1.5,,7.695102214813232,,,,1.5,,,,,,,,,
10468000,2617,1.625,,7.777953147888184,,,,1.625,,,,,,,,,
10472000,2618,1.875,,8.060697555541992,,,,1.875,,,,,,,,,
10476000,2619,2.75,,7.8593034744262695,,,,2.75,,,,,,,,,
10480000,2620,2.125,,7.968955039978027,,,,2.125,,,,,,,,,
10484000,2621,2.125,,8.495929718017578,,,,2.125,,,,,,,,,
10488000,2622,1.75,,8.37279987335205,,,,1.75,,,,,,,,,
10492000,2623,2.125,,8.123613357543945,,,,2.125,,,,,,,,,
10496000,2624,2.5,,7.842395782470703,,,,2.5,,,,,,,,,
10500000,2625,2.0,,7.7272796630859375,,,,2.0,,,,,,,,,
10504000,2626,2.875,,7.765565872192383,,,,2.875,,,,,,,,,
10508000,2627,2.625,,7.765708923339844,,,,2.625,,,,,,,,,
10512000,2628,1.75,,7.711010932922363,,,,1.75,,,,,,,,,
10516000,2629,2.375,,8.21031665802002,,,,2.375,,,,,,,,,
10520000,2630,2.75,,7.937417030334473,,,,2.75,,,,,,,,,
10524000,2631,2.5,,7.764213562011719,,,,2.5,,,,,,,,,
10528000,2632,2.0,,7.486737251281738,,,,2.0,,,,,,,,,
10532000,2633,2.75,,7.999546051025391,,,,2.75,,,,,,,,,
10536000,2634,2.0,,8.230666160583496,,,,2.0,,,,,,,,,
10540000,2635,1.875,,7.48518180847168,,,,1.875,,,,,,,,,
10544000,2636,2.125,,8.008753776550293,,,,2.125,,,,,,,,,
10548000,2637,2.375,,7.3806233406066895,,,,2.375,,,,,,,,,
10552000,2638,2.25,,7.49127197265625,,,,2.25,,,,,,,,,
10556000,2639,1.75,,7.441504955291748,,,,1.75,,,,,,,,,
10560000,2640,2.125,,7.59647274017334,,,,2.125,,,,,,,,,
10564000,2641,2.875,,7.357385635375977,,,,2.875,,,,,,,,,
10568000,2642,2.0,,7.142276763916016,,,,2.0,,,,,,,,,
10572000,2643,1.5,,7.725356101989746,,,,1.5,,,,,,,,,
10576000,2644,2.375,,7.314698696136475,,,,2.375,,,,,,,,,
10580000,2645,2.125,,7.483250617980957,,,,2.125,,,,,,,,,
10584000,2646,2.625,,7.428530216217041,,,,2.625,,,,,,,,,
10588000,2647,1.75,,7.408206939697266,,,,1.75,,,,,,,,,
10592000,2648,2.375,,7.694359302520752,,,,2.375,,,,,,,,,
10596000,2649,2.0,,6.833620071411133,,,,2.0,,,,,,,,,
10600000,2650,2.0,,6.989645004272461,,,,2.0,,,,,,,,,
10604000,2651,2.25,,7.162895202636719,,,,2.25,,,,,,,,,
10608000,2652,2.25,,7.328585624694824,,,,2.25,,,,,,,,,
10612000,2653,2.5,,7.470500946044922,,,,2.5,,,,,,,,,
10616000,2654,2.125,,7.771583557128906,,,,2.125,,,,,,,,,
10620000,2655,2.625,,7.257046222686768,,,,2.625,,,,,,,,,
10624000,2656,3.0,,7.001819610595703,,,,3.0,,,,,,,,,
10628000,2657,2.375,,7.142901420593262,,,,2.375,,,,,,,,,
10632000,2658,3.0,,6.738402366638184,,,,3.0,,,,,,,,,
10636000,2659,2.125,,6.9123992919921875,,,,2.125,,,,,,,,,
10640000,2660,2.0,,7.114899635314941,,,,2.0,,,,,,,,,
10644000,2661,2.875,,7.116037845611572,,,,2.875,,,,,,,,,
10648000,2662,2.375,,6.94707727432251,,,,2.375,,,,,,,,,
10652000,2663,2.0,,7.234435558319092,,,,2.0,,,,,,,,,
10656000,2664,2.75,,7.245244979858398,,,,2.75,,,,,,,,,
10660000,2665,2.5,,7.336291313171387,,,,2.5,,,,,,,,,
10664000,2666,2.125,,6.868338108062744,,,,2.125,,,,,,,,,
10668000,2667,2.25,,6.992770195007324,,,,2.25,,,,,,,,,
10672000,2668,2.5,,6.977047920227051,,,,2.5,,,,,,,,,
10676000,2669,2.0,,7.019654750823975,,,,2.0,,,,,,,,,
10680000,2670,2.625,,6.782932281494141,,,,2.625,,,,,,,,,
10684000,2671,2.125,,7.270356178283691,,,,2.125,,,,,,,,,
10688000,2672,3.25,,6.771313667297363,,,,3.25,,,,,,,,,
10692000,2673,2.0,,7.224143028259277,,,,2.0,,,,,,,,,
10696000,2674,2.625,,6.9875993728637695,,,,2.625,,,,,,,,,
10700000,2675,2.0,,6.952312469482422,,,,2.0,,,,,,,,,
10704000,2676,2.5,,6.7806806564331055,,,,2.5,,,,,,,,,
10708000,2677,2.375,,6.757937431335449,,,,2.375,,,,,,,,,
10712000,2678,2.75,,6.94588565826416,,,,2.75,,,,,,,,,
10716000,2679,2.375,,6.747243881225586,,,,2.375,,,,,,,,,
10720000,2680,2.625,,6.983185768127441,,,,2.625,,,,,,,,,
10724000,2681,3.0,,6.685534954071045,,,,3.0,,,,,,,,,
10728000,2682,2.5,,7.041745185852051,,,,2.5,,,,,,,,,
10732000,2683,2.75,,6.50985050201416,,,,2.75,,,,,,,,,
10736000,2684,2.625,,6.915468215942383,,,,2.625,,,,,,,,,
10740000,2685,3.25,,6.6458845138549805,,,,3.25,,,,,,,,,
10744000,2686,2.25,,6.857029914855957,,,,2.25,,,,,,,,,
10748000,2687,2.75,,6.672488689422607,,,,2.75,,,,,,,,,
10752000,2688,2.0,,6.584760665893555,,,,2.0,,,,,,,,,
10756000,2689,2.75,,6.436294078826904,,,,2.75,,,,,,,,,
10760000,2690,3.5,,6.9121575355529785,,,,3.5,,,,,,,,,
10764000,2691,2.375,,6.926220893859863,,,,2.375,,,,,,,,,
10768000,2692,2.0,,6.8183207511901855,,,,2.0,,,,,,,,,
10772000,2693,3.0,,6.300570487976074,,,,3.0,,,,,,,,,
10776000,2694,2.5,,6.4937663078308105,,,,2.5,,,,,,,,,
10780000,2695,3.625,,6.5030388832092285,,,,3.625,,,,,,,,,
10784000,2696,1.75,,6.503225803375244,,,,1.75,,,,,,,,,
10788000,2697,3.0,,6.592897415161133,,,,3.0,,,,,,,,,
10792000,2698,2.125,,6.733390808105469,,,,2.125,,,,,,,,,
10796000,2699,3.75,,6.674445152282715,,,,3.75,,,,,,,,,
10800000,2700,2.75,,6.718204021453857,,,,2.75,,,,,,,,,
10804000,2701,3.125,,6.283531665802002,,,,3.125,,,,,,,,,
10808000,2702,2.625,,6.646993637084961,,,,2.625,,,,,,,,,
10812000,2703,2.875,,6.6582183837890625,,,,2.875,,,,,,,,,
10816000,2704,2.625,,6.808331489562988,,,,2.625,,,,,,,,,
10820000,2705,2.5,,6.845121383666992,,,,2.5,,,,,,,,,
10824000,2706,3.125,,6.7618536949157715,,,,3.125,,,,,,,,,
10828000,2707,3.25,,6.620855331420898,,,,3.25,,,,,,,,,
10832000,2708,3.25,,6.7170562744140625,,,,3.25,,,,,,,,,
10836000,2709,3.375,,6.928849220275879,,,,3.375,,,,,,,,,
10840000,2710,3.0,,6.581961631774902,,,,3.0,,,,,,,,,
10844000,2711,2.375,,6.7479400634765625,,,,2.375,,,,,,,,,
10848000,2712,2.0,,6.615379333496094,,,,2.0,,,,,,,,,
10852000,2713,1.125,,6.699169158935547,,,,1.125,,,,,,,,,
10856000,2714,3.0,,6.838222503662109,,,,3.0,,,,,,,,,
10860000,2715,3.0,,6.463481426239014,,,,3.0,,,,,,,,,
10864000,2716,2.125,,6.341134071350098,,,,2.125,,,,,,,,,
10868000,2717,2.5,,6.798416614532471,,,,2.5,,,,,,,,,
10872000,2718,2.875,,6.554222106933594,,,,2.875,,,,,,,,,
10876000,2719,2.5,,6.754215240478516,,,,2.5,,,,,,,,,
10880000,2720,2.75,,6.929961204528809,,,,2.75,,,,,,,,,
10884000,2721,3.375,,6.398466110229492,,,,3.375,,,,,,,,,
10888000,2722,1.625,,6.7387495040893555,,,,1.625,,,,,,,,,
10892000,2723,2.375,,6.363927841186523,,,,2.375,,,,,,,,,
10896000,2724,3.0,,6.67610502243042,,,,3.0,,,,,,,,,
10900000,2725,2.75,,6.439684867858887,,,,2.75,,,,,,,,,
10904000,2726,2.625,,6.808528900146484,,,,2.625,,,,,,,,,
10908000,2727,3.125,,6.610818386077881,,,,3.125,,,,,,,,,
10912000,2728,3.375,,6.5737152099609375,,,,3.375,,,,,,,,,
10916000,2729,3.125,,6.531599998474121,,,,3.125,,,,,,,,,
10920000,2730,2.75,,6.542879104614258,,,,2.75,,,,,,,,,
10924000,2731,3.25,,6.677964210510254,,,,3.25,,,,,,,,,
10928000,2732,2.0,,6.374548435211182,,,,2.0,,,,,,,,,
10932000,2733,2.625,,6.7416768074035645,,,,2.625,,,,,,,,,
10936000,2734,2.375,,6.27372932434082,,,,2.375,,,,,,,,,
10940000,2735,1.625,,6.678409576416016,,,,1.625,,,,,,,,,
10944000,2736,2.875,,6.53181791305542,,,,2.875,,,,,,,,,
10948000,2737,3.625,,6.333452224731445,,,,3.625,,,,,,,,,
10952000,2738,2.25,,6.599086761474609,,,,2.25,,,,,,,,,
10956000,2739,2.75,,6.326818466186523,,,,2.75,,,,,,,,,
10960000,2740,2.5,,6.605679035186768,,,,2.5,,,,,,,,,
10964000,2741,3.25,,6.574311256408691,,,,3.25,,,,,,,,,
10968000,2742,3.125,,6.753852367401123,,,,3.125,,,,,,,,,
10972000,2743,2.5,,6.265678405761719,,,,2.5,,,,,,,,,
10976000,2744,2.875,,6.125990390777588,,,,2.875,,,,,,,,,
10980000,2745,2.625,,6.30307149887085,,,,2.625,,,,,,,,,
10984000,2746,3.125,,6.582036018371582,,,,3.125,,,,,,,,,
10988000,2747,2.5,,6.363460540771484,,,,2.5,,,,,,,,,
10992000,2748,2.625,,6.354029178619385,,,,2.625,,,,,,,,,
10996000,2749,2.375,,6.428232192993164,,,,2.375,,,,,,,,,
11000000,2750,2.75,,6.5155816078186035,,,,2.75,,,,,,,,,
11004000,2751,3.375,,6.283665180206299,,,,3.375,,,,,,,,,
11008000,2752,2.375,,6.248441696166992,,,,2.375,,,,,,,,,
11012000,2753,3.0,,6.321360111236572,,,,3.0,,,,,,,,,
11016000,2754,2.625,,6.395120620727539,,,,2.625,,,,,,,,,
11020000,2755,2.25,,6.377322196960449,,,,2.25,,,,,,,,,
11024000,2756,3.125,,6.3439178466796875,,,,3.125,,,,,,,,,
11028000,2757,2.125,,6.329573631286621,,,,2.125,,,,,,,,,
11032000,2758,3.125,,6.334125518798828,,,,3.125,,,,,,,,,
11036000,2759,3.25,,6.071326732635498,,,,3.25,,,,,,,,,
11040000,2760,2.125,,6.173823833465576,,,,2.125,,,,,,,,,
11044000,2761,2.0,,6.2144083976745605,,,,2.0,,,,,,,,,
11048000,2762,2.375,,6.303096771240234,,,,2.375,,,,,,,,,
11052000,2763,2.25,,6.447848320007324,,,,2.25,,,,,,,,,
11056000,2764,2.875,,6.236651420593262,,,,2.875,,,,,,,,,
11060000,2765,3.375,,6.18295431137085,,,,3.375,,,,,,,,,
11064000,2766,3.0,,6.603302001953125,,,,3.0,,,,,,,,,
11068000,2767,3.375,,6.357761859893799,,,,3.375,,,,,,,,,
11072000,2768,2.125,,5.958097457885742,,,,2.125,,,,,,,,,
11076000,2769,2.75,,6.2019734382629395,,,,2.75,,,,,,,,,
11080000,2770,2.5,,6.323395729064941,,,,2.5,,,,,,,,,
11084000,2771,2.625,,6.081270694732666,,,,2.625,,,,,,,,,
11088000,2772,2.375,,6.227237701416016,,,,2.375,,,,,,,,,
11092000,2773,3.25,,6.373430252075195,,,,3.25,,,,,,,,,
11096000,2774,3.625,,6.196720123291016,,,,3.625,,,,,,,,,
11100000,2775,2.25,,6.057262897491455,,,,2.25,,,,,,,,,
11104000,2776,1.875,,6.141654968261719,,,,1.875,,,,,,,,,
11108000,2777,2.375,,6.264381408691406,,,,2.375,,,,,,,,,
11112000,2778,2.75,,6.086794376373291,,,,2.75,,,,,,,,,
11116000,2779,3.25,,5.995787143707275,,,,3.25,,,,,,,,,
11120000,2780,2.75,,6.470641136169434,,,,2.75,,,,,,,,,
11124000,2781,3.25,,6.067305088043213,,,,3.25,,,,,,,,,
11128000,2782,2.875,,6.104948997497559,,,,2.875,,,,,,,,,
11132000,2783,2.75,,6.08845329284668,,,,2.75,,,,,,,,,
11136000,2784,2.25,,5.972597122192383,,,,2.25,,,,,,,,,
11140000,2785,3.75,,5.932734489440918,,,,3.75,,,,,,,,,
11144000,2786,2.5,,6.174166679382324,,,,2.5,,,,,,,,,
11148000,2787,3.0,,5.9004106521606445,,,,3.0,,,,,,,,,
11152000,2788,3.25,,6.2215728759765625,,,,3.25,,,,,,,,,
11156000,2789,2.0,,5.899120330810547,,,,2.0,,,,,,,,,
11160000,2790,2.125,,5.749696731567383,,,,2.125,,,,,,,,,
11164000,2791,2.625,,5.903066635131836,,,,2.625,,,,,,,,,
11168000,2792,2.875,,6.192083358764648,,,,2.875,,,,,,,,,
11172000,2793,2.625,,5.985603332519531,,,,2.625,,,,,,,,,
11176000,2794,3.5,,6.327667236328125,,,,3.5,,,,,,,,,
11180000,2795,3.125,,5.890933036804199,,,,3.125,,,,,,,,,
11184000,2796,3.0,,6.054591178894043,,,,3.0,,,,,,,,,
11188000,2797,3.5,,5.910371780395508,,,,3.5,,,,,,,,,
11192000,2798,3.25,,5.924771308898926,,,,3.25,,,,,,,,,
11196000,2799,3.375,,5.875910758972168,,,,3.375,,,,,,,,,
11200000,2800,3.625,,6.320123672485352,,,,3.625,,,,,,,,,
11204000,2801,3.5,,5.926839351654053,,,,3.5,,,,,,,,,
11208000,2802,2.375,,6.013017654418945,,,,2.375,,,,,,,,,
11212000,2803,3.125,,6.182097911834717,,,,3.125,,,,,,,,,
11216000,2804,3.0,,6.175564289093018,,,,3.0,,,,,,,,,
11220000,2805,3.25,,6.428471088409424,,,,3.25,,,,,,,,,
11224000,2806,2.375,,5.828717231750488,,,,2.375,,,,,,,,,
11228000,2807,2.875,,5.988999366760254,,,,2.875,,,,,,,,,
11232000,2808,2.5,,5.94287633895874,,,,2.5,,,,,,,,,
11236000,2809,2.75,,6.0716552734375,,,,2.75,,,,,,,,,
11240000,2810,2.75,,5.999588966369629,,,,2.75,,,,,,,,,
11244000,2811,2.75,,5.891502380371094,,,,2.75,,,,,,,,,
11248000,2812,2.25,,5.876613140106201,,,,2.25,,,,,,,,,
11252000,2813,2.75,,5.893831253051758,,,,2.75,,,,,,,,,
11256000,2814,3.625,,6.132092475891113,,,,3.625,,,,,,,,,
11260000,2815,3.5,,6.071318626403809,,,,3.5,,,,,,,,,
11264000,2816,3.75,,6.082159519195557,,,,3.75,,,,,,,,,
11268000,2817,3.5,,5.862274169921875,,,,3.5,,,,,,,,,
11272000,2818,3.0,,5.882925987243652,,,,3.0,,,,,,,,,
11276000,2819,3.125,,5.888356685638428,,,,3.125,,,,,,,,,
11280000,2820,3.0,,6.059012413024902,,,,3.0,,,,,,,,,
11284000,2821,3.625,,5.903635025024414,,,,3.625,,,,,,,,,
11288000,2822,2.375,,6.042494773864746,,,,2.375,,,,,,,,,
11292000,2823,3.0,,6.047826766967773,,,,3.0,,,,,,,,,
11296000,2824,2.75,,5.74619197845459,,,,2.75,,,,,,,,,
11300000,2825,3.375,,5.86609411239624,,,,3.375,,,,,,,,,
11304000,2826,2.375,,5.941330909729004,,,,2.375,,,,,,,,,
11308000,2827,3.375,,5.807703495025635,,,,3.375,,,,,,,,,
11312000,2828,3.25,,5.82147216796875,,,,3.25,,,,,,,,,
11316000,2829,3.75,,5.824367523193359,,,,3.75,,,,,,,,,
11320000,2830,3.75,,5.682826995849609,,,,3.75,,,,,,,,,
11324000,2831,3.625,,5.788407325744629,,,,3.625,,,,,,,,,
11328000,2832,3.375,,5.71043062210083,,,,3.375,,,,,,,,,
11332000,2833,3.0,,5.506869316101074,,,,3.0,,,,,,,,,
11336000,2834,2.375,,5.728639125823975,,,,2.375,,,,,,,,,
11340000,2835,3.0,,5.711599349975586,,,,3.0,,,,,,,,,
11344000,2836,2.375,,5.731491565704346,,,,2.375,,,,,,,,,
11348000,2837,3.625,,5.5230302810668945,,,,3.625,,,,,,,,,
11352000,2838,3.0,,5.643650054931641,,,,3.0,,,,,,,,,
11356000,2839,3.5,,5.939916610717773,,,,3.5,,,,,,,,,
11360000,2840,3.25,,5.686056137084961,,,,3.25,,,,,,,,,
11364000,2841,4.125,,5.686829566955566,,,,4.125,,,,,,,,,
11368000,2842,2.875,,5.562421798706055,,,,2.875,,,,,,,,,
11372000,2843,3.125,,5.65628719329834,,,,3.125,,,,,,,,,
11376000,2844,2.375,,5.778756618499756,,,,2.375,,,,,,,,,
11380000,2845,2.625,,6.000941276550293,,,,2.625,,,,,,,,,
11384000,2846,3.375,,5.8049635887146,,,,3.375,,,,,,,,,
11388000,2847,3.375,,5.764751434326172,,,,3.375,,,,,,,,,
11392000,2848,2.125,,5.887238025665283,,,,2.125,,,,,,,,,
11396000,2849,2.25,,5.8093461990356445,,,,2.25,,,,,,,,,
11400000,2850,3.75,,5.681822776794434,,,,3.75,,,,,,,,,
11404000,2851,3.0,,5.619169235229492,,,,3.0,,,,,,,,,
11408000,2852,3.375,,5.704118251800537,,,,3.375,,,,,,,,,
11412000,2853,2.75,,5.728562355041504,,,,2.75,,,,,,,,,
11416000,2854,3.625,,5.600595474243164,,,,3.625,,,,,,,,,
11420000,2855,3.5,,5.855266571044922,,,,3.5,,,,,,,,,
11424000,2856,2.5,,5.6342973709106445,,,,2.5,,,,,,,,,
11428000,2857,1.5,,5.716330528259277,,,,1.5,,,,,,,,,
11432000,2858,1.875,,5.672881126403809,,,,1.875,,,,,,,,,
11436000,2859,3.125,,5.663350582122803,,,,3.125,,,,,,,,,
11440000,2860,3.375,,5.683545112609863,,,,3.375,,,,,,,,,
11444000,2861,3.25,,5.448858261108398,,,,3.25,,,,,,,,,
11448000,2862,2.75,,5.455099105834961,,,,2.75,,,,,,,,,
11452000,2863,3.375,,5.7939605712890625,,,,3.375,,,,,,,,,
11456000,2864,3.25,,5.460086822509766,,,,3.25,,,,,,,,,
11460000,2865,3.625,,5.503824710845947,,,,3.625,,,,,,,,,
11464000,2866,2.75,,5.60215425491333,,,,2.75,,,,,,,,,
11468000,2867,3.125,,5.485148906707764,,,,3.125,,,,,,,,,
11472000,2868,1.875,,5.595269203186035,,,,1.875,,,,,,,,,
11476000,2869,2.375,,5.688680648803711,,,,2.375,,,,,,,,,
11480000,2870,2.5,,5.510749340057373,,,,2.5,,,,,,,,,
11484000,2871,3.25,,5.539416313171387,,,,3.25,,,,,,,,,
11488000,2872,3.5,,5.599692344665527,,,,3.5,,,,,,,,,
11492000,2873,3.5,,5.493861198425293,,,,3.5,,,,,,,,,
11496000,2874,3.0,,5.5462799072265625,,,,3.0,,,,,,,,,
11500000,2875,3.75,,5.599514007568359,,,,3.75,,,,,,,,,
11504000,2876,3.5,,5.422816276550293,,,,3.5,,,,,,,,,
11508000,2877,3.5,,5.467215061187744,,,,3.5,,,,,,,,,
11512000,2878,3.0,,5.277161121368408,,,,3.0,,,,,,,,,
11516000,2879,2.0,,5.356495380401611,,,,2.0,,,,,,,,,
11520000,2880,3.125,,5.189055919647217,,,,3.125,,,,,,,,,
11524000,2881,3.0,,5.381129264831543,,,,3.0,,,,,,,,,
11528000,2882,2.625,,5.440710067749023,,,,2.625,,,,,,,,,
11532000,2883,2.875,,5.558764457702637,,,,2.875,,,,,,,,,
11536000,2884,3.25,,5.374757766723633,,,,3.25,,,,,,,,,
11540000,2885,2.75,,5.304389476776123,,,,2.75,,,,,,,,,
11544000,2886,3.75,,5.647140979766846,,,,3.75,,,,,,,,,
11548000,2887,3.5,,5.522119522094727,,,,3.5,,,,,,,,,
11552000,2888,3.5,,5.36517858505249,,,,3.5,,,,,,,,,
11556000,2889,2.5,,5.499415397644043,,,,2.5,,,,,,,,,
11560000,2890,2.5,,5.411724090576172,,,,2.5,,,,,,,,,
11564000,2891,3.625,,5.313868045806885,,,,3.625,,,,,,,,,
11568000,2892,2.75,,5.396713733673096,,,,2.75,,,,,,,,,
11572000,2893,3.125,,5.459592819213867,,,,3.125,,,,,,,,,
11576000,2894,3.375,,5.34646463394165,,,,3.375,,,,,,,,,
11580000,2895,3.375,,5.367395401000977,,,,3.375,,,,,,,,,
11584000,2896,2.875,,5.226441860198975,,,,2.875,,,,,,,,,
11588000,2897,2.25,,5.2705206871032715,,,,2.25,,,,,,,,,
11592000,2898,3.5,,5.206450462341309,,,,3.5,,,,,,,,,
11596000,2899,3.5,,5.432663917541504,,,,3.5,,,,,,,,,
11600000,2900,2.375,,5.242383003234863,,,,2.375,,,,,,,,,
11604000,2901,2.375,,5.3219313621521,,,,2.375,,,,,,,,,
11608000,2902,2.875,,5.051029205322266,,,,2.875,,,,,,,,,
11612000,2903,3.25,,5.341726779937744,,,,3.25,,,,,,,,,
11616000,2904,3.375,,5.2214155197143555,,,,3.375,,,,,,,,,
11620000,2905,3.625,,5.219677925109863,,,,3.625,,,,,,,,,
11624000,2906,1.75,,5.296550750732422,,,,1.75,,,,,,,,,
11628000,2907,2.625,,5.3210954666137695,,,,2.625,,,,,,,,,
11632000,2908,3.25,,5.2826995849609375,,,,3.25,,,,,,,,,
11636000,2909,2.75,,5.251510143280029,,,,2.75,,,,,,,,,
11640000,2910,2.875,,5.124495506286621,,,,2.875,,,,,,,,,
11644000,2911,3.0,,5.139029502868652,,,,3.0,,,,,,,,,
11648000,2912,2.75,,4.974339008331299,,,,2.75,,,,,,,,,
11652000,2913,2.25,,5.137443542480469,,,,2.25,,,,,,,,,
11656000,2914,3.375,,5.364192962646484,,,,3.375,,,,,,,,,
11660000,2915,3.5,,4.834521770477295,,,,3.5,,,,,,,,,
11664000,2916,3.0,,5.0724077224731445,,,,3.0,,,,,,,,,
11668000,2917,2.875,,5.086511135101318,,,,2.875,,,,,,,,,
11672000,2918,2.875,,5.17028284072876,,,,2.875,,,,,,,,,
11676000,2919,2.125,,5.152559280395508,,,,2.125,,,,,,,,,
11680000,2920,3.125,,5.073208808898926,,,,3.125,,,,,,,,,
11684000,2921,1.5,,5.017498970031738,,,,1.5,,,,,,,,,
11688000,2922,3.0,,4.964345932006836,,,,3.0,,,,,,,,,
11692000,2923,2.625,,5.093384265899658,,,,2.625,,,,,,,,,
11696000,2924,3.25,,4.973082542419434,,,,3.25,,,,,,,,,
11700000,2925,3.125,,5.116118431091309,,,,3.125,,,,,,,,,
11704000,2926,3.5,,5.001236438751221,,,,3.5,,,,,,,,,
11708000,2927,3.0,,5.023225784301758,,,,3.0,,,,,,,,,
11712000,2928,3.375,,5.062319755554199,,,,3.375,,,,,,,,,
11716000,2929,2.75,,4.92381477355957,,,,2.75,,,,,,,,,
11720000,2930,3.875,,4.835656642913818,,,,3.875,,,,,,,,,
11724000,2931,2.875,,4.970531940460205,,,,2.875,,,,,,,,,
11728000,2932,2.75,,4.941418170928955,,,,2.75,,,,,,,,,
11732000,2933,2.75,,4.890692710876465,,,,2.75,,,,,,,,,
11736000,2934,2.375,,4.783120632171631,,,,2.375,,,,,,,,,
11740000,2935,2.375,,5.047201633453369,,,,2.375,,,,,,,,,
11744000,2936,3.0,,5.191028118133545,,,,3.0,,,,,,,,,
11748000,2937,3.5,,4.816046237945557,,,,3.5,,,,,,,,,
11752000,2938,2.875,,4.6489386558532715,,,,2.875,,,,,,,,,
11756000,2939,2.75,,4.911580562591553,,,,2.75,,,,,,,,,
11760000,2940,3.125,,4.948211669921875,,,,3.125,,,,,,,,,
11764000,2941,3.75,,4.957540512084961,,,,3.75,,,,,,,,,
11768000,2942,2.875,,4.648276329040527,,,,2.875,,,,,,,,,
11772000,2943,2.875,,4.740983963012695,,,,2.875,,,,,,,,,
11776000,2944,3.75,,4.898500919342041,,,,3.75,,,,,,,,,
11780000,2945,2.75,,4.842737674713135,,,,2.75,,,,,,,,,
11784000,2946,2.375,,4.938482284545898,,,,2.375,,,,,,,,,
11788000,2947,3.5,,4.9378814697265625,,,,3.5,,,,,,,,,
11792000,2948,3.25,,4.868305206298828,,,,3.25,,,,,,,,,
11796000,2949,2.125,,4.552175045013428,,,,2.125,,,,,,,,,
11800000,2950,2.375,,4.928476333618164,,,,2.375,,,,,,,,,
11804000,2951,2.375,,4.794207572937012,,,,2.375,,,,,,,,,
11808000,2952,2.75,,4.977720260620117,,,,2.75,,,,,,,,,
11812000,2953,2.75,,4.663557529449463,,,,2.75,,,,,,,,,
11816000,2954,2.125,,4.641688346862793,,,,2.125,,,,,,,,,
11820000,2955,2.5,,4.656158447265625,,,,2.5,,,,,,,,,
11824000,2956,3.0,,4.510190963745117,,,,3.0,,,,,,,,,
11828000,2957,3.375,,4.5362420082092285,,,,3.375,,,,,,,,,
11832000,2958,3.5,,4.585235118865967,,,,3.5,,,,,,,,,
11836000,2959,1.75,,4.648809432983398,,,,1.75,,,,,,,,,
11840000,2960,2.75,,4.612536430358887,,,,2.75,,,,,,,,,
11844000,2961,1.875,,4.648902893066406,,,,1.875,,,,,,,,,
11848000,2962,3.0,,4.621034145355225,,,,3.0,,,,,,,,,
11852000,2963,2.875,,4.565176010131836,,,,2.875,,,,,,,,,
11856000,2964,3.625,,4.672122955322266,,,,3.625,,,,,,,,,
11860000,2965,3.25,,4.660258769989014,,,,3.25,,,,,,,,,
11864000,2966,2.25,,4.5008440017700195,,,,2.25,,,,,,,,,
11868000,2967,2.5,,4.603598594665527,,,,2.5,,,,,,,,,
11872000,2968,2.875,,4.528525352478027,,,,2.875,,,,,,,,,
11876000,2969,2.75,,4.4850873947143555,,,,2.75,,,,,,,,,
11880000,2970,3.125,,4.4961323738098145,,,,3.125,,,,,,,,,
11884000,2971,2.75,,4.478947639465332,,,,2.75,,,,,,,,,
11888000,2972,3.25,,4.689999580383301,,,,3.25,,,,,,,,,
11892000,2973,3.75,,4.444523811340332,,,,3.75,,,,,,,,,
11896000,2974,2.875,,4.5989484786987305,,,,2.875,,,,,,,,,
11900000,2975,4.125,,4.514820098876953,,,,4.125,,,,,,,,,
11904000,2976,3.375,,4.4696574211120605,,,,3.375,,,,,,,,,
11908000,2977,2.0,,4.462716102600098,,,,2.0,,,,,,,,,
11912000,2978,3.0,,4.41239070892334,,,,3.0,,,,,,,,,
11916000,2979,3.25,,4.46401309967041,,,,3.25,,,,,,,,,
11920000,2980,3.5,,4.607531547546387,,,,3.5,,,,,,,,,
11924000,2981,3.0,,4.35235595703125,,,,3.0,,,,,,,,,
11928000,2982,2.125,,4.317746162414551,,,,2.125,,,,,,,,,
11932000,2983,2.5,,4.629493236541748,,,,2.5,,,,,,,,,
11936000,2984,2.375,,4.522189140319824,,,,2.375,,,,,,,,,
11940000,2985,3.25,,4.442324161529541,,,,3.25,,,,,,,,,
11944000,2986,4.125,,4.710565090179443,,,,4.125,,,,,,,,,
11948000,2987,3.625,,4.456443786621094,,,,3.625,,,,,,,,,
11952000,2988,2.625,,4.594956398010254,,,,2.625,,,,,,,,,
11956000,2989,3.125,,4.500413417816162,,,,3.125,,,,,,,,,
11960000,2990,2.875,,4.492918491363525,,,,2.875,,,,,,,,,
11964000,2991,3.25,,4.366415977478027,,,,3.25,,,,,,,,,
11968000,2992,3.25,,4.354045867919922,,,,3.25,,,,,,,,,
11972000,2993,2.875,,4.442229747772217,,,,2.875,,,,,,,,,
11976000,2994,3.0,,4.392622470855713,,,,3.0,,,,,,,,,
11980000,2995,1.875,,4.363888740539551,,,,1.875,,,,,,,,,
11984000,2996,2.625,,4.386529922485352,,,,2.625,,,,,,,,,
11988000,2997,3.25,,4.460745811462402,,,,3.25,,,,,,,,,
11992000,2998,2.75,,4.43017053604126,,,,2.75,,,,,,,,,
11996000,2999,3.5,,4.5349531173706055,,,,3.5,,,,,,,,,
12000000,3000,3.625,,4.4504594802856445,,,,3.625,,,,,,,,,
12004000,3001,3.5,,4.295635223388672,,,,3.5,,,,,,,,,
12008000,3002,3.375,,4.29927921295166,,,,3.375,,,,,,,,,
12012000,3003,3.125,,4.3012166023254395,,,,3.125,,,,,,,,,
12016000,3004,3.375,,4.3374552726745605,,,,3.375,,,,,,,,,
12020000,3005,2.25,,4.213245868682861,,,,2.25,,,,,,,,,
12024000,3006,3.75,,4.126680374145508,,,,3.75,,,,,,,,,
12028000,3007,2.375,,4.297022819519043,,,,2.375,,,,,,,,,
12032000,3008,3.625,,4.347559928894043,,,,3.625,,,,,,,,,
12036000,3009,3.875,,4.338957786560059,,,,3.875,,,,,,,,,
12040000,3010,3.125,,4.084577560424805,,,,3.125,,,,,,,,,
12044000,3011,3.375,,4.162967681884766,,,,3.375,,,,,,,,,
12048000,3012,3.5,,4.221721649169922,,,,3.5,,,,,,,,,
12052000,3013,2.875,,4.45394229888916,,,,2.875,,,,,,,,,
12056000,3014,4.125,,4.31414794921875,,,,4.125,,,,,,,,,
12060000,3015,3.125,,4.055339813232422,,,,3.125,,,,,,,,,
12064000,3016,3.625,,4.406841278076172,,,,3.625,,,,,,,,,
12068000,3017,3.375,,4.202702045440674,,,,3.375,,,,,,,,,
12072000,3018,3.5,,4.185909748077393,,,,3.5,,,,,,,,,
12076000,3019,3.75,,4.257696151733398,,,,3.75,,,,,,,,,
12080000,3020,3.125,,4.367269515991211,,,,3.125,,,,,,,,,
12084000,3021,3.75,,4.5279130935668945,,,,3.75,,,,,,,,,
12088000,3022,3.5,,4.196955680847168,,,,3.5,,,,,,,,,
12092000,3023,3.0,,4.357455253601074,,,,3.0,,,,,,,,,
12096000,3024,3.75,,4.131412982940674,,,,3.75,,,,,,,,,
12100000,3025,2.5,,4.179507732391357,,,,2.5,,,,,,,,,
12104000,3026,3.125,,4.319307804107666,,,,3.125,,,,,,,,,
12108000,3027,3.875,,4.1958842277526855,,,,3.875,,,,,,,,,
12112000,3028,2.625,,4.391156196594238,,,,2.625,,,,,,,,,
12116000,3029,3.625,,4.117349147796631,,,,3.625,,,,,,,,,
12120000,3030,3.375,,4.284708499908447,,,,3.375,,,,,,,,,
12124000,3031,3.375,,4.136874675750732,,,,3.375,,,,,,,,,
12128000,3032,3.625,,4.3007001876831055,,,,3.625,,,,,,,,,
12132000,3033,3.25,,4.418241500854492,,,,3.25,,,,,,,,,
12136000,3034,3.25,,4.220010280609131,,,,3.25,,,,,,,,,
12140000,3035,3.25,,4.325868606567383,,,,3.25,,,,,,,,,
12144000,3036,3.25,,4.29600715637207,,,,3.25,,,,,,,,,
12148000,3037,3.625,,4.229765892028809,,,,3.625,,,,,,,,,
12152000,3038,3.75,,4.343448638916016,,,,3.75,,,,,,,,,
12156000,3039,3.375,,4.235323429107666,,,,3.375,,,,,,,,,
12160000,3040,2.875,,4.325040817260742,,,,2.875,,,,,,,,,
12164000,3041,3.375,,4.171353340148926,,,,3.375,,,,,,,,,
12168000,3042,3.25,,4.19394063949585,,,,3.25,,,,,,,,,
12172000,3043,3.875,,4.282070159912109,,,,3.875,,,,,,,,,
12176000,3044,3.75,,4.197296619415283,,,,3.75,,,,,,,,,
12180000,3045,3.25,,4.315947532653809,,,,3.25,,,,,,,,,
12184000,3046,3.5,,4.261808395385742,,,,3.5,,,,,,,,,
12188000,3047,3.25,,4.071488380432129,,,,3.25,,,,,,,,,
12192000,3048,2.25,,4.198302745819092,,,,2.25,,,,,,,,,
12196000,3049,3.375,,4.321582794189453,,,,3.375,,,,,,,,,
12200000,3050,3.25,,4.247866630554199,,,,3.25,,,,,,,,,
12204000,3051,3.25,,4.359079360961914,,,,3.25,,,,,,,,,
12208000,3052,2.875,,4.266136646270752,,,,2.875,,,,,,,,,
12212000,3053,2.875,,4.307172775268555,,,,2.875,,,,,,,,,
12216000,3054,2.375,,4.287294387817383,,,,2.375,,,,,,,,,
12220000,3055,2.375,,4.170309543609619,,,,2.375,,,,,,,,,
12224000,3056,3.125,,4.087865829467773,,,,3.125,,,,,,,,,
12228000,3057,2.5,,4.2645158767700195,,,,2.5,,,,,,,,,
12232000,3058,3.25,,4.215472221374512,,,,3.25,,,,,,,,,
12236000,3059,3.75,,4.1476545333862305,,,,3.75,,,,,,,,,
12240000,3060,3.0,,4.044665813446045,,,,3.0,,,,,,,,,
12244000,3061,3.5,,4.04271125793457,,,,3.5,,,,,,,,,
12248000,3062,3.375,,4.316009998321533,,,,3.375,,,,,,,,,
12252000,3063,3.25,,4.155368328094482,,,,3.25,,,,,,,,,
12256000,3064,3.5,,3.9942843914031982,,,,3.5,,,,,,,,,
12260000,3065,3.125,,4.231184959411621,,,,3.125,,,,,,,,,
12264000,3066,3.625,,4.155680179595947,,,,3.625,,,,,,,,,
12268000,3067,4.125,,4.207518577575684,,,,4.125,,,,,,,,,
12272000,3068,3.25,,3.9998064041137695,,,,3.25,,,,,,,,,
12276000,3069,3.0,,4.1444244384765625,,,,3.0,,,,,,,,,
12280000,3070,2.375,,4.149922847747803,,,,2.375,,,,,,,,,
12284000,3071,2.375,,4.076874732971191,,,,2.375,,,,,,,,,
12288000,3072,3.125,,4.163029670715332,,,,3.125,,,,,,,,,
12292000,3073,3.5,,4.162490367889404,,,,3.5,,,,,,,,,
12296000,3074,3.125,,4.060407638549805,,,,3.125,,,,,,,,,
12300000,3075,2.25,,4.245700359344482,,,,2.25,,,,,,,,,
12304000,3076,3.625,,4.115316390991211,,,,3.625,,,,,,,,,
12308000,3077,2.75,,4.1069793701171875,,,,2.75,,,,,,,,,
12312000,3078,2.375,,3.9272031784057617,,,,2.375,,,,,,,,,
12316000,3079,3.5,,4.002328872680664,,,,3.5,,,,,,,,,
12320000,3080,2.375,,4.123069763183594,,,,2.375,,,,,,,,,
12324000,3081,3.25,,4.075099945068359,,,,3.25,,,,,,,,,
12328000,3082,2.625,,4.2291765213012695,,,,2.625,,,,,,,,,
12332000,3083,3.625,,4.223997116088867,,,,3.625,,,,,,,,,
12336000,3084,2.625,,4.018749237060547,,,,2.625,,,,,,,,,
12340000,3085,3.625,,4.064830780029297,,,,3.625,,,,,,,,,
12344000,3086,3.25,,4.1856842041015625,,,,3.25,,,,,,,,,
12348000,3087,3.25,,3.995892286300659,,,,3.25,,,,,,,,,
12352000,3088,3.375,,4.1020612716674805,,,,3.375,,,,,,,,,
12356000,3089,4.0,,3.9506027698516846,,,,4.0,,,,,,,,,
12360000,3090,3.25,,4.148268222808838,,,,3.25,,,,,,,,,
12364000,3091,3.5,,3.9752559661865234,,,,3.5,,,,,,,,,
12368000,3092,3.375,,4.147031784057617,,,,3.375,,,,,,,,,
12372000,3093,3.0,,4.093999862670898,,,,3.0,,,,,,,,,
12376000,3094,3.875,,4.03996467590332,,,,3.875,,,,,,,,,
12380000,3095,2.875,,4.073284149169922,,,,2.875,,,,,,,,,
12384000,3096,2.75,,4.137509346008301,,,,2.75,,,,,,,,,
12388000,3097,3.75,,4.196694850921631,,,,3.75,,,,,,,,,
12392000,3098,3.375,,4.073480606079102,,,,3.375,,,,,,,,,
12396000,3099,2.625,,3.9870643615722656,,,,2.625,,,,,,,,,
12400000,3100,3.125,,4.056539535522461,,,,3.125,,,,,,,,,
12404000,3101,2.75,,3.9196691513061523,,,,2.75,,,,,,,,,
12408000,3102,3.375,,4.116062164306641,,,,3.375,,,,,,,,,
12412000,3103,3.375,,3.9104185104370117,,,,3.375,,,,,,,,,
12416000,3104,3.25,,3.924377202987671,,,,3.25,,,,,,,,,
12420000,3105,2.75,,4.125182151794434,,,,2.75,,,,,,,,,
12424000,3106,4.0,,4.127336502075195,,,,4.0,,,,,,,,,
12428000,3107,3.625,,3.935215711593628,,,,3.625,,,,,,,,,
12432000,3108,2.5,,4.003090858459473,,,,2.5,,,,,,,,,
12436000,3109,3.25,,3.8747010231018066,,,,3.25,,,,,,,,,
12440000,3110,2.875,,4.108694553375244,,,,2.875,,,,,,,,,
12444000,3111,3.375,,4.023453712463379,,,,3.375,,,,,,,,,
12448000,3112,3.625,,3.980106830596924,,,,3.625,,,,,,,,,
12452000,3113,2.5,,4.080697059631348,,,,2.5,,,,,,,,,
12456000,3114,3.375,,3.976760149002075,,,,3.375,,,,,,,,,
12460000,3115,4.25,,3.8591980934143066,,,,4.25,,,,,,,,,
12464000,3116,2.875,,3.949782371520996,,,,2.875,,,,,,,,,
12468000,3117,4.25,,4.161126613616943,,,,4.25,,,,,,,,,
12472000,3118,3.375,,4.031207084655762,,,,3.375,,,,,,,,,
12476000,3119,3.875,,4.06109094619751,,,,3.875,,,,,,,,,
12480000,3120,3.875,,3.9244720935821533,,,,3.875,,,,,,,,,
12484000,3121,2.75,,4.1005730628967285,,,,2.75,,,,,,,,,
12488000,3122,3.375,,3.9961719512939453,,,,3.375,,,,,,,,,
12492000,3123,3.375,,3.9889276027679443,,,,3.375,,,,,,,,,
12496000,3124,3.375,,4.099834442138672,,,,3.375,,,,,,,,,
12500000,3125,3.375,,3.9372620582580566,,,,3.375,,,,,,,,,
12504000,3126,3.5,,3.9846818447113037,,,,3.5,,,,,,,,,
12508000,3127,3.75,,3.9507343769073486,,,,3.75,,,,,,,,,
12512000,3128,3.625,,3.896618366241455,,,,3.625,,,,,,,,,
12516000,3129,3.625,,4.053361892700195,,,,3.625,,,,,,,,,
12520000,3130,3.25,,4.02910041809082,,,,3.25,,,,,,,,,
12524000,3131,3.875,,4.088016510009766,,,,3.875,,,,,,,,,
12528000,3132,3.5,,3.9982995986938477,,,,3.5,,,,,,,,,
12532000,3133,3.25,,4.121955871582031,,,,3.25,,,,,,,,,
12536000,3134,4.125,,4.163395404815674,,,,4.125,,,,,,,,,
12540000,3135,3.625,,4.079921722412109,,,,3.625,,,,,,,,,
12544000,3136,3.625,,4.001127243041992,,,,3.625,,,,,,,,,
12548000,3137,3.375,,4.020272254943848,,,,3.375,,,,,,,,,
12552000,3138,4.375,,4.0169477462768555,,,,4.375,,,,,,,,,
12556000,3139,4.0,,4.072079658508301,,,,4.0,,,,,,,,,
12560000,3140,3.0,,4.041779518127441,,,,3.0,,,,,,,,,
12564000,3141,3.875,,3.9415135383605957,,,,3.875,,,,,,,,,
12568000,3142,3.5,,3.972522020339966,,,,3.5,,,,,,,,,
12572000,3143,2.25,,4.037303924560547,,,,2.25,,,,,,,,,
12576000,3144,4.5,,3.912537097930908,,,,4.5,,,,,,,,,
12580000,3145,2.875,,3.9751224517822266,,,,2.875,,,,,,,,,
12584000,3146,3.125,,3.7774085998535156,,,,3.125,,,,,,,,,
12588000,3147,3.375,,3.888002872467041,,,,3.375,,,,,,,,,
12592000,3148,4.0,,3.844616413116455,,,,4.0,,,,,,,,,
12596000,3149,3.75,,3.8776473999023438,,,,3.75,,,,,,,,,
12600000,3150,3.125,,4.0144758224487305,,,,3.125,,,,,,,,,
12604000,3151,3.375,,4.052156925201416,,,,3.375,,,,,,,,,
12608000,3152,2.125,,3.9841361045837402,,,,2.125,,,,,,,,,
12612000,3153,2.375,,3.884434461593628,,,,2.375,,,,,,,,,
12616000,3154,1.125,,4.107342720031738,,,,1.125,,,,,,,,,
12620000,3155,2.5,,4.031439781188965,,,,2.5,,,,,,,,,
12624000,3156,2.5,,3.8299102783203125,,,,2.5,,,,,,,,,
12628000,3157,2.25,,3.779743194580078,,,,2.25,,,,,,,,,
12632000,3158,3.625,,3.8346145153045654,,,,3.625,,,,,,,,,
12636000,3159,3.5,,3.9508862495422363,,,,3.5,,,,,,,,,
12640000,3160,2.875,,3.908339500427246,,,,2.875,,,,,,,,,
12644000,3161,2.5,,3.838721752166748,,,,2.5,,,,,,,,,
12648000,3162,2.5,,3.820636749267578,,,,2.5,,,,,,,,,
12652000,3163,2.5,,3.9840335845947266,,,,2.5,,,,,,,,,
12656000,3164,2.375,,3.8586928844451904,,,,2.375,,,,,,,,,
12660000,3165,2.0,,3.6937928199768066,,,,2.0,,,,,,,,,
12664000,3166,2.25,,3.8349130153656006,,,,2.25,,,,,,,,,
12668000,3167,2.875,,3.9205479621887207,,,,2.875,,,,,,,,,
12672000,3168,3.375,,3.860590696334839,,,,3.375,,,,,,,,,
12676000,3169,3.25,,3.6554250717163086,,,,3.25,,,,,,,,,
12680000,3170,3.5,,3.7568163871765137,,,,3.5,,,,,,,,,
12684000,3171,2.75,,3.659154176712036,,,,2.75,,,,,,,,,
12688000,3172,3.5,,3.899611473083496,,,,3.5,,,,,,,,,
12692000,3173,3.625,,3.5528299808502197,,,,3.625,,,,,,,,,
12696000,3174,1.625,,3.759373664855957,,,,1.625,,,,,,,,,
12700000,3175,2.5,,3.8244071006774902,,,,2.5,,,,,,,,,
12704000,3176,1.375,,3.717238426208496,,,,1.375,,,,,,,,,
12708000,3177,3.125,,3.74006986618042,,,,3.125,,,,,,,,,
12712000,3178,3.375,,3.8786163330078125,,,,3.375,,,,,,,,,
12716000,3179,2.875,,3.7180967330932617,,,,2.875,,,,,,,,,
12720000,3180,3.875,,3.6753268241882324,,,,3.875,,,,,,,,,
12724000,3181,3.0,,3.480348587036133,,,,3.0,,,,,,,,,
12728000,3182,3.125,,3.774970054626465,,,,3.125,,,,,,,,,
12732000,3183,3.0,,3.801281213760376,,,,3.0,,,,,,,,,
12736000,3184,3.5,,3.6196227073669434,,,,3.5,,,,,,,,,
12740000,3185,2.375,,3.671353578567505,,,,2.375,,,,,,,,,
12744000,3186,1.625,,3.730220079421997,,,,1.625,,,,,,,,,
12748000,3187,1.0,,3.538752555847168,,,,1.0,,,,,,,,,
12752000,3188,2.625,,3.5964410305023193,,,,2.625,,,,,,,,,
12756000,3189,3.0,,3.5800609588623047,,,,3.0,,,,,,,,,
12760000,3190,2.875,,3.571284532546997,,,,2.875,,,,,,,,,
12764000,3191,3.375,,3.376713514328003,,,,3.375,,,,,,,,,
12768000,3192,2.25,,3.5267739295959473,,,,2.25,,,,,,,,,
12772000,3193,1.0,,3.5990993976593018,,,,1.0,,,,,,,,,
12776000,3194,3.0,,3.475228786468506,,,,3.0,,,,,,,,,
12780000,3195,2.375,,3.5852913856506348,,,,2.375,,,,,,,,,
12784000,3196,1.125,,3.4010748863220215,,,,1.125,,,,,,,,,
12788000,3197,1.375,,3.5532116889953613,,,,1.375,,,,,,,,,
12792000,3198,0.875,,3.4629650115966797,,,,0.875,,,,,,,,,
12796000,3199,1.625,,3.501054048538208,,,,1.625,,,,,,,,,
12800000,3200,0.875,,3.685408115386963,,,,0.875,,,,,,,,,
12804000,3201,2.0,,3.4058737754821777,,,,2.0,,,,,,,,,
12808000,3202,1.625,,3.3828115463256836,,,,1.625,,,,,,,,,
12812000,3203,0.875,,3.5205821990966797,,,,0.875,,,,,,,,,
12816000,3204,0.375,,3.383502960205078,,,,0.375,,,,,,,,,
12820000,3205,0.25,,3.291990041732788,,,,0.25,,,,,,,,,
12824000,3206,1.25,,3.296233654022217,,,,1.25,,,,,,,,,
12828000,3207,1.75,,3.1744461059570312,,,,1.75,,,,,,,,,
12832000,3208,2.875,,3.262326717376709,,,,2.875,,,,,,,,,
12836000,3209,1.5,,3.3364219665527344,,,,1.5,,,,,,,,,
12840000,3210,1.125,,3.2909317016601562,,,,1.125,,,,,,,,,
12844000,3211,1.25,,3.2379443645477295,,,,1.25,,,,,,,,,
12848000,3212,2.0,,3.1215147972106934,,,,2.0,,,,,,,,,
12852000,3213,3.5,,3.201817035675049,,,,3.5,,,,,,,,,
12856000,3214,2.5,,3.098604202270508,,,,2.5,,,,,,,,,
12860000,3215,2.0,,3.127805709838867,,,,2.0,,,,,,,,,
12864000,3216,1.5,,3.1546034812927246,,,,1.5,,,,,,,,,
12868000,3217,1.375,,3.0616140365600586,,,,1.375,,,,,,,,,
12872000,3218,1.75,,3.104160785675049,,,,1.75,,,,,,,,,
12876000,3219,2.625,,3.2537190914154053,,,,2.625,,,,,,,,,
12880000,3220,1.5,,3.032438278198242,,,,1.5,,,,,,,,,
12884000,3221,0.25,,2.9577555656433105,,,,0.25,,,,,,,,,
12888000,3222,0.875,,3.2583255767822266,,,,0.875,,,,,,,,,
12892000,3223,0.125,,3.306150436401367,,,,0.125,,,,,,,,,
12896000,3224,0.875,,3.185246229171753,,,,0.875,,,,,,,,,
12900000,3225,1.125,,3.1782898902893066,,,,1.125,,,,,,,,,
12904000,3226,2.375,,3.1810293197631836,,,,2.375,,,,,,,,,
12908000,3227,1.125,,2.8512063026428223,,,,1.125,,,,,,,,,
12912000,3228,0.5,,3.034341812133789,,,,0.5,,,,,,,,,
12916000,3229,0.875,,2.9605278968811035,,,,0.875,,,,,,,,,
12920000,3230,0.625,,3.348576545715332,,,,0.625,,,,,,,,,
12924000,3231,1.625,,2.924262523651123,,,,1.625,,,,,,,,,
12928000,3232,2.5,,2.965655565261841,,,,2.5,,,,,,,,,
12932000,3233,0.875,,2.921201705932617,,,,0.875,,,,,,,,,
12936000,3234,1.125,,2.959141492843628,,,,1.125,,,,,,,,,
12940000,3235,1.375,,2.8358469009399414,,,,1.375,,,,,,,,,
12944000,3236,0.875,,2.812854051589966,,,,0.875,,,,,,,,,
12948000,3237,1.125,,2.7136220932006836,,,,1.125,,,,,,,,,
12952000,3238,1.5,,2.726155996322632,,,,1.5,,,,,,,,,
12956000,3239,2.25,,2.733959197998047,,,,2.25,,,,,,,,,
12960000,3240,3.875,,2.716350555419922,,,,3.875,,,,,,,,,
12964000,3241,2.125,,2.541301727294922,,,,2.125,,,,,,,,,
12968000,3242,1.375,,2.684011220932007,,,,1.375,,,,,,,,,
12972000,3243,1.625,,2.8273532390594482,,,,1.625,,,,,,,,,
12976000,3244,1.125,,2.6745738983154297,,,,1.125,,,,,,,,,
12980000,3245,2.625,,2.668464183807373,,,,2.625,,,,,,,,,
12984000,3246,1.0,,2.7808263301849365,,,,1.0,,,,,,,,,
12988000,3247,1.375,,2.7667617797851562,,,,1.375,,,,,,,,,
12992000,3248,1.0,,2.620689868927002,,,,1.0,,,,,,,,,
12996000,3249,0.375,,2.6829299926757812,,,,0.375,,,,,,,,,
13000000,3250,0.25,,2.81087064743042,,,,0.25,,,,,,,,,
13004000,3251,0.25,,2.838989734649658,,,,0.25,,,,,,,,,
13008000,3252,0.625,,2.7496566772460938,,,,0.625,,,,,,,,,
13012000,3253,0.75,,2.700058937072754,,,,0.75,,,,,,,,,
13016000,3254,1.0,,2.5194954872131348,,,,1.0,,,,,,,,,
13020000,3255,1.125,,2.6408989429473877,,,,1.125,,,,,,,,,
13024000,3256,0.5,,2.4485726356506348,,,,0.5,,,,,,,,,
13028000,3257,0.25,,2.489360809326172,,,,0.25,,,,,,,,,
13032000,3258,0.625,,2.3853468894958496,,,,0.625,,,,,,,,,
13036000,3259,0.75,,2.4939260482788086,,,,0.75,,,,,,,,,
13040000,3260,0.5,,2.2393078804016113,,,,0.5,,,,,,,,,
13044000,3261,1.125,,2.4431228637695312,,,,1.125,,,,,,,,,
13048000,3262,0.375,,2.1680948734283447,,,,0.375,,,,,,,,,
13052000,3263,0.875,,2.2846930027008057,,,,0.875,,,,,,,,,
13056000,3264,0.125,,2.1839683055877686,,,,0.125,,,,,,,,,
13060000,3265,0.5,,2.181148052215576,,,,0.5,,,,,,,,,
13064000,3266,0.75,,2.2570457458496094,,,,0.75,,,,,,,,,
13068000,3267,0.5,,2.1829311847686768,,,,0.5,,,,,,,,,
13072000,3268,0.875,,2.274174451828003,,,,0.875,,,,,,,,,
13076000,3269,2.375,,2.2318944931030273,,,,2.375,,,,,,,,,
13080000,3270,1.125,,2.0606894493103027,,,,1.125,,,,,,,,,
13084000,3271,1.625,,2.0069191455841064,,,,1.625,,,,,,,,,
13088000,3272,1.125,,2.1890339851379395,,,,1.125,,,,,,,,,
13092000,3273,1.375,,2.149519920349121,,,,1.375,,,,,,,,,
13096000,3274,0.25,,2.0529541969299316,,,,0.25,,,,,,,,,
13100000,3275,0.75,,1.9238486289978027,,,,0.75,,,,,,,,,
13104000,3276,1.125,,1.8462707996368408,,,,1.125,,,,,,,,,
13108000,3277,1.5,,1.9475094079971313,,,,1.5,,,,,,,,,
13112000,3278,2.5,,1.8884587287902832,,,,2.5,,,,,,,,,
13116000,3279,1.0,,1.9370248317718506,,,,1.0,,,,,,,,,
13120000,3280,1.0,,2.0665624141693115,,,,1.0,,,,,,,,,
13124000,3281,0.75,,1.9901677370071411,,,,0.75,,,,,,,,,
13128000,3282,0.5,,2.1215169429779053,,,,0.5,,,,,,,,,
13132000,3283,1.0,,2.2068305015563965,,,,1.0,,,,,,,,,
13136000,3284,0.5,,2.144216775894165,,,,0.5,,,,,,,,,
13140000,3285,1.0,,1.897726058959961,,,,1.0,,,,,,,,,
13144000,3286,1.0,,1.9761099815368652,,,,1.0,,,,,,,,,
13148000,3287,0.75,,1.817713737487793,,,,0.75,,,,,,,,,
13152000,3288,0.875,,1.9258651733398438,,,,0.875,,,,,,,,,
13156000,3289,0.875,,1.6779142618179321,,,,0.875,,,,,,,,,
13160000,3290,0.5,,2.008293628692627,,,,0.5,,,,,,,,,
13164000,3291,1.0,,1.6858919858932495,,,,1.0,,,,,,,,,
13168000,3292,0.25,,1.8803843259811401,,,,0.25,,,,,,,,,
13172000,3293,2.0,,1.6244438886642456,,,,2.0,,,,,,,,,
13176000,3294,1.75,,1.8597407341003418,,,,1.75,,,,,,,,,
13180000,3295,1.0,,1.8182542324066162,,,,1.0,,,,,,,,,
13184000,3296,0.75,,1.8162767887115479,,,,0.75,,,,,,,,,
13188000,3297,1.875,,1.6856094598770142,,,,1.875,,,,,,,,,
13192000,3298,0.875,,1.6974713802337646,,,,0.875,,,,,,,,,
13196000,3299,0.75,,1.5907623767852783,,,,0.75,,,,,,,,,
13200000,3300,0.625,,1.7993834018707275,,,,0.625,,,,,,,,,
13204000,3301,0.75,,1.8989207744598389,,,,0.75,,,,,,,,,
13208000,3302,1.375,,1.5725454092025757,,,,1.375,,,,,,,,,
13212000,3303,1.25,,1.5628076791763306,,,,1.25,,,,,,,,,
13216000,3304,1.25,,1.707495927810669,,,,1.25,,,,,,,,,
13220000,3305,1.625,,1.7122539281845093,,,,1.625,,,,,,,,,
13224000,3306,2.0,,1.6699143648147583,,,,2.0,,,,,,,,,
13228000,3307,1.5,,1.6278622150421143,,,,1.5,,,,,,,,,
13232000,3308,0.5,,1.568053126335144,,,,0.5,,,,,,,,,
13236000,3309,1.125,,1.553743839263916,,,,1.125,,,,,,,,,
13240000,3310,0.25,,1.6224653720855713,,,,0.25,,,,,,,,,
13244000,3311,0.625,,1.626481533050537,,,,0.625,,,,,,,,,
13248000,3312,0.5,,1.4530339241027832,,,,0.5,,,,,,,,,
13252000,3313,0.75,,1.4597591161727905,,,,0.75,,,,,,,,,
13256000,3314,1.625,,1.4697080850601196,,,,1.625,,,,,,,,,
13260000,3315,1.5,,1.3349308967590332,,,,1.5,,,,,,,,,
13264000,3316,0.875,,1.3972258567810059,,,,0.875,,,,,,,,,
13268000,3317,2.25,,1.452580213546753,,,,2.25,,,,,,,,,
13272000,3318,0.875,,1.5285817384719849,,,,0.875,,,,,,,,,
13276000,3319,1.375,,1.5747345685958862,,,,1.375,,,,,,,,,
13280000,3320,1.125,,1.2661819458007812,,,,1.125,,,,,,,,,
13284000,3321,0.75,,1.4300024509429932,,,,0.75,,,,,,,,,
13288000,3322,0.875,,1.4896432161331177,,,,0.875,,,,,,,,,
13292000,3323,1.0,,1.458808422088623,,,,1.0,,,,,,,,,
13296000,3324,1.875,,1.3994293212890625,,,,1.875,,,,,,,,,
13300000,3325,2.375,,1.466135859489441,,,,2.375,,,,,,,,,
13304000,3326,2.25,,1.4623546600341797,,,,2.25,,,,,,,,,
13308000,3327,3.125,,1.2630152702331543,,,,3.125,,,,,,,,,
13312000,3328,2.0,,1.4440503120422363,,,,2.0,,,,,,,,,
13316000,3329,2.875,,1.2375905513763428,,,,2.875,,,,,,,,,
13320000,3330,1.625,,1.2438479661941528,,,,1.625,,,,,,,,,
13324000,3331,1.875,,1.2988386154174805,,,,1.875,,,,,,,,,
13328000,3332,1.875,,1.3530019521713257,,,,1.875,,,,,,,,,
13332000,3333,1.625,,1.3833279609680176,,,,1.625,,,,,,,,,
13336000,3334,1.75,,1.5575954914093018,,,,1.75,,,,,,,,,
13340000,3335,1.875,,1.5961592197418213,,,,1.875,,,,,,,,,
13344000,3336,1.25,,1.458985447883606,,,,1.25,,,,,,,,,
13348000,3337,1.25,,1.3554922342300415,,,,1.25,,,,,,,,,
13352000,3338,1.25,,1.3901255130767822,,,,1.25,,,,,,,,,
13356000,3339,1.5,,1.5378227233886719,,,,1.5,,,,,,,,,
13360000,3340,0.875,,1.6344218254089355,,,,0.875,,,,,,,,,
13364000,3341,0.5,,1.5164698362350464,,,,0.5,,,,,,,,,
13368000,3342,1.125,,1.5132136344909668,,,,1.125,,,,,,,,,
13372000,3343,1.375,,1.5290850400924683,,,,1.375,,,,,,,,,
13376000,3344,1.5,,1.444655179977417,,,,1.5,,,,,,,,,
13380000,3345,0.375,,1.3961825370788574,,,,0.375,,,,,,,,,
13384000,3346,1.625,,1.4787228107452393,,,,1.625,,,,,,,,,
13388000,3347,1.25,,1.4171900749206543,,,,1.25,,,,,,,,,
13392000,3348,1.375,,1.3976311683654785,,,,1.375,,,,,,,,,
13396000,3349,1.625,,1.4950498342514038,,,,1.625,,,,,,,,,
13400000,3350,1.125,,1.4073028564453125,,,,1.125,,,,,,,,,
13404000,3351,1.0,,1.4769814014434814,,,,1.0,,,,,,,,,
13408000,3352,1.125,,1.310165524482727,,,,1.125,,,,,,,,,
13412000,3353,0.5,,1.394552230834961,,,,0.5,,,,,,,,,
13416000,3354,1.125,,1.2208397388458252,,,,1.125,,,,,,,,,
13420000,3355,0.875,,1.3902091979980469,,,,0.875,,,,,,,,,
13424000,3356,1.875,,1.533576488494873,,,,1.875,,,,,,,,,
13428000,3357,0.625,,1.2206388711929321,,,,0.625,,,,,,,,,
13432000,3358,0.875,,1.3779793977737427,,,,0.875,,,,,,,,,
13436000,3359,0.75,,1.4654710292816162,,,,0.75,,,,,,,,,
13440000,3360,1.0,,1.531577467918396,,,,1.0,,,,,,,,,
13444000,3361,0.875,,1.346756935119629,,,,0.875,,,,,,,,,
13448000,3362,1.125,,1.4719842672348022,,,,1.125,,,,,,,,,
13452000,3363,0.625,,1.3668551445007324,,,,0.625,,,,,,,,,
13456000,3364,0.375,,1.440708875656128,,,,0.375,,,,,,,,,
13460000,3365,0.875,,1.4030640125274658,,,,0.875,,,,,,,,,
13464000,3366,1.0,,1.3580975532531738,,,,1.0,,,,,,,,,
13468000,3367,1.75,,1.338034987449646,,,,1.75,,,,,,,,,
13472000,3368,2.25,,1.2245380878448486,,,,2.25,,,,,,,,,
13476000,3369,2.0,,1.3710401058197021,,,,2.0,,,,,,,,,
13480000,3370,2.75,,1.2664146423339844,,,,2.75,,,,,,,,,
13484000,3371,2.125,,1.2971394062042236,,,,2.125,,,,,,,,,
13488000,3372,2.0,,1.271294116973877,,,,2.0,,,,,,,,,
13492000,3373,2.5,,1.3130743503570557,,,,2.5,,,,,,,,,
13496000,3374,1.0,,1.3246634006500244,,,,1.0,,,,,,,,,
13500000,3375,1.375,,1.2281635999679565,,,,1.375,,,,,,,,,
13504000,3376,1.0,,1.3099409341812134,,,,1.0,,,,,,,,,
13508000,3377,1.5,,1.2744114398956299,,,,1.5,,,,,,,,,
13512000,3378,1.75,,1.2786483764648438,,,,1.75,,,,,,,,,
13516000,3379,1.25,,1.2859073877334595,,,,1.25,,,,,,,,,
13520000,3380,0.75,,1.4000234603881836,,,,0.75,,,,,,,,,
13524000,3381,1.75,,1.30386221408844,,,,1.75,,,,,,,,,
13528000,3382,1.375,,1.2875229120254517,,,,1.375,,,,,,,,,
13532000,3383,0.75,,1.3705745935440063,,,,0.75,,,,,,,,,
13536000,3384,1.375,,1.3730459213256836,,,,1.375,,,,,,,,,
13540000,3385,1.375,,1.307008147239685,,,,1.375,,,,,,,,,
13544000,3386,1.0,,1.3964693546295166,,,,1.0,,,,,,,,,
13548000,3387,1.625,,1.3182035684585571,,,,1.625,,,,,,,,,
13552000,3388,0.625,,1.2869312763214111,,,,0.625,,,,,,,,,
13556000,3389,1.125,,1.4431960582733154,,,,1.125,,,,,,,,,
13560000,3390,2.75,,1.3810173273086548,,,,2.75,,,,,,,,,
13564000,3391,2.875,,1.3471128940582275,,,,2.875,,,,,,,,,
13568000,3392,3.125,,1.4797203540802002,,,,3.125,,,,,,,,,
13572000,3393,2.25,,1.4536900520324707,,,,2.25,,,,,,,,,
13576000,3394,1.0,,1.459650993347168,,,,1.0,,,,,,,,,
13580000,3395,1.75,,1.4388595819473267,,,,1.75,,,,,,,,,
13584000,3396,1.375,,1.471875548362732,,,,1.375,,,,,,,,,
13588000,3397,1.25,,1.4401063919067383,,,,1.25,,,,,,,,,
13592000,3398,1.0,,1.4295928478240967,,,,1.0,,,,,,,,,
13596000,3399,1.375,,1.4503610134124756,,,,1.375,,,,,,,,,
13600000,3400,1.875,,1.3995683193206787,,,,1.875,,,,,,,,,
13604000,3401,1.25,,1.4312009811401367,,,,1.25,,,,,,,,,
13608000,3402,0.625,,1.5054140090942383,,,,0.625,,,,,,,,,
13612000,3403,0.25,,1.4568617343902588,,,,0.25,,,,,,,,,
13616000,3404,1.25,,1.4264596700668335,,,,1.25,,,,,,,,,
13620000,3405,1.5,,1.3335621356964111,,,,1.5,,,,,,,,,
13624000,3406,0.75,,1.4854722023010254,,,,0.75,,,,,,,,,
13628000,3407,1.875,,1.4124724864959717,,,,1.875,,,,,,,,,
13632000,3408,1.625,,1.392702579498291,,,,1.625,,,,,,,,,
13636000,3409,0.875,,1.4372323751449585,,,,0.875,,,,,,,,,
13640000,3410,1.75,,1.4838671684265137,,,,1.75,,,,,,,,,
13644000,3411,2.5,,1.5232770442962646,,,,2.5,,,,,,,,,
13648000,3412,2.75,,1.53144109249115,,,,2.75,,,,,,,,,
13652000,3413,1.875,,1.4598867893218994,,,,1.875,,,,,,,,,
13656000,3414,2.625,,1.3964145183563232,,,,2.625,,,,,,,,,
13660000,3415,2.125,,1.5128350257873535,,,,2.125,,,,,,,,,
13664000,3416,2.0,,1.5048046112060547,,,,2.0,,,,,,,,,
13668000,3417,1.5,,1.457585096359253,,,,1.5,,,,,,,,,
13672000,3418,1.75,,1.3945891857147217,,,,1.75,,,,,,,,,
13676000,3419,2.375,,1.574805498123169,,,,2.375,,,,,,,,,
13680000,3420,1.75,,1.4803447723388672,,,,1.75,,,,,,,,,
13684000,3421,1.125,,1.652470350265503,,,,1.125,,,,,,,,,
13688000,3422,1.875,,1.4938714504241943,,,,1.875,,,,,,,,,
13692000,3423,0.5,,1.487213373184204,,,,0.5,,,,,,,,,
13696000,3424,1.625,,1.5895729064941406,,,,1.625,,,,,,,,,
13700000,3425,1.0,,1.4895856380462646,,,,1.0,,,,,,,,,
13704000,3426,1.0,,1.5271410942077637,,,,1.0,,,,,,,,,
13708000,3427,0.375,,1.605830192565918,,,,0.375,,,,,,,,,
13712000,3428,1.375,,1.7077624797821045,,,,1.375,,,,,,,,,
13716000,3429,0.5,,1.543304443359375,,,,0.5,,,,,,,,,
13720000,3430,0.75,,1.4935253858566284,,,,0.75,,,,,,,,,
13724000,3431,2.0,,1.5778062343597412,,,,2.0,,,,,,,,,
13728000,3432,2.0,,1.6840014457702637,,,,2.0,,,,,,,,,
13732000,3433,2.0,,1.5993854999542236,,,,2.0,,,,,,,,,
13736000,3434,3.0,,1.583831548690796,,,,3.0,,,,,,,,,
13740000,3435,1.5,,1.6208271980285645,,,,1.5,,,,,,,,,
13744000,3436,1.75,,1.3929619789123535,,,,1.75,,,,,,,,,
13748000,3437,0.75,,1.5668965578079224,,,,0.75,,,,,,,,,
13752000,3438,1.0,,1.5827491283416748,,,,1.0,,,,,,,,,
13756000,3439,1.25,,1.6958149671554565,,,,1.25,,,,,,,,,
13760000,3440,1.75,,1.5501428842544556,,,,1.75,,,,,,,,,
13764000,3441,1.0,,1.6734868288040161,,,,1.0,,,,,,,,,
13768000,3442,1.5,,1.4579966068267822,,,,1.5,,,,,,,,,
13772000,3443,0.875,,1.6003308296203613,,,,0.875,,,,,,,,,
13776000,3444,2.0,,1.7107542753219604,,,,2.0,,,,,,,,,
13780000,3445,0.375,,1.5855021476745605,,,,0.375,,,,,,,,,
13784000,3446,0.625,,1.6276860237121582,,,,0.625,,,,,,,,,
13788000,3447,1.875,,1.562894582748413,,,,1.875,,,,,,,,,
13792000,3448,1.625,,1.5231199264526367,,,,1.625,,,,,,,,,
13796000,3449,0.875,,1.5974427461624146,,,,0.875,,,,,,,,,
13800000,3450,1.25,,1.5060935020446777,,,,1.25,,,,,,,,,
13804000,3451,1.125,,1.5372802019119263,,,,1.125,,,,,,,,,
13808000,3452,1.375,,1.6365612745285034,,,,1.375,,,,,,,,,
13812000,3453,1.75,,1.4922305345535278,,,,1.75,,,,,,,,,
13816000,3454,1.375,,1.478488802909851,,,,1.375,,,,,,,,,
13820000,3455,1.125,,1.508427381515503,,,,1.125,,,,,,,,,
13824000,3456,1.5,,1.626300573348999,,,,1.5,,,,,,,,,
13828000,3457,0.375,,1.5931451320648193,,,,0.375,,,,,,,,,
13832000,3458,1.0,,1.5220880508422852,,,,1.0,,,,,,,,,
13836000,3459,0.25,,1.5346473455429077,,,,0.25,,,,,,,,,
13840000,3460,1.125,,1.5204699039459229,,,,1.125,,,,,,,,,
13844000,3461,1.625,,1.4534772634506226,,,,1.625,,,,,,,,,
13848000,3462,1.375,,1.4840757846832275,,,,1.375,,,,,,,,,
13852000,3463,1.0,,1.6097633838653564,,,,1.0,,,,,,,,,
13856000,3464,1.375,,1.4630106687545776,,,,1.375,,,,,,,,,
13860000,3465,1.25,,1.4440367221832275,,,,1.25,,,,,,,,,
13864000,3466,1.0,,1.5161612033843994,,,,1.0,,,,,,,,,
13868000,3467,1.0,,1.5080153942108154,,,,1.0,,,,,,,,,
13872000,3468,2.375,,1.515386939048767,,,,2.375,,,,,,,,,
13876000,3469,0.875,,1.4101260900497437,,,,0.875,,,,,,,,,
13880000,3470,1.5,,1.4380322694778442,,,,1.5,,,,,,,,,
13884000,3471,1.375,,1.416276454925537,,,,1.375,,,,,,,,,
13888000,3472,1.75,,1.5769617557525635,,,,1.75,,,,,,,,,
13892000,3473,1.25,,1.5977368354797363,,,,1.25,,,,,,,,,
13896000,3474,1.625,,1.6125948429107666,,,,1.625,,,,,,,,,
13900000,3475,1.0,,1.677551507949829,,,,1.0,,,,,,,,,
13904000,3476,0.625,,1.4813377857208252,,,,0.625,,,,,,,,,
13908000,3477,0.25,,1.494870901107788,,,,0.25,,,,,,,,,
13912000,3478,1.25,,1.505577802658081,,,,1.25,,,,,,,,,
13916000,3479,0.75,,1.5269615650177002,,,,0.75,,,,,,,,,
13920000,3480,0.875,,1.5367438793182373,,,,0.875,,,,,,,,,
13924000,3481,1.375,,1.4258699417114258,,,,1.375,,,,,,,,,
13928000,3482,0.75,,1.5349957942962646,,,,0.75,,,,,,,,,
13932000,3483,1.25,,1.5678024291992188,,,,1.25,,,,,,,,,
13936000,3484,1.625,,1.6507108211517334,,,,1.625,,,,,,,,,
13940000,3485,0.625,,1.5353732109069824,,,,0.625,,,,,,,,,
13944000,3486,0.875,,1.4481457471847534,,,,0.875,,,,,,,,,
13948000,3487,0.375,,1.5085113048553467,,,,0.375,,,,,,,,,
13952000,3488,0.75,,1.516054630279541,,,,0.75,,,,,,,,,
13956000,3489,0.25,,1.5869206190109253,,,,0.25,,,,,,,,,
13960000,3490,0.375,,1.6431012153625488,,,,0.375,,,,,,,,,
13964000,3491,1.0,,1.5003933906555176,,,,1.0,,,,,,,,,
13968000,3492,2.5,,1.4971119165420532,,,,2.5,,,,,,,,,
13972000,3493,1.125,,1.5370495319366455,,,,1.125,,,,,,,,,
13976000,3494,1.875,,1.5098122358322144,,,,1.875,,,,,,,,,
13980000,3495,1.75,,1.5033553838729858,,,,1.75,,,,,,,,,
13984000,3496,2.125,,1.4648362398147583,,,,2.125,,,,,,,,,
13988000,3497,0.625,,1.5942678451538086,,,,0.625,,,,,,,,,
13992000,3498,0.5,,1.4122248888015747,,,,0.5,,,,,,,,,
13996000,3499,0.625,,1.4612088203430176,,,,0.625,,,,,,,,,
14000000,3500,0.5,,1.3920220136642456,,,,0.5,,,,,,,,,
14004000,3501,1.375,,1.3920234441757202,,,,1.375,,,,,,,,,
14008000,3502,1.625,,1.3458011150360107,,,,1.625,,,,,,,,,
14012000,3503,2.125,,1.3606693744659424,,,,2.125,,,,,,,,,
14016000,3504,1.375,,1.476135492324829,,,,1.375,,,,,,,,,
14020000,3505,1.5,,1.4621758460998535,,,,1.5,,,,,,,,,
14024000,3506,1.75,,1.4285345077514648,,,,1.75,,,,,,,,,
14028000,3507,1.5,,1.5220959186553955,,,,1.5,,,,,,,,,
14032000,3508,1.125,,1.4531919956207275,,,,1.125,,,,,,,,,
14036000,3509,1.5,,1.2981173992156982,,,,1.5,,,,,,,,,
14040000,3510,1.625,,1.4979318380355835,,,,1.625,,,,,,,,,
14044000,3511,1.75,,1.3710321187973022,,,,1.75,,,,,,,,,
14048000,3512,0.625,,1.38339364528656,,,,0.625,,,,,,,,,
14052000,3513,1.375,,1.3599873781204224,,,,1.375,,,,,,,,,
14056000,3514,1.75,,1.3630222082138062,,,,1.75,,,,,,,,,
14060000,3515,1.75,,1.5402828454971313,,,,1.75,,,,,,,,,
14064000,3516,2.75,,1.528592586517334,,,,2.75,,,,,,,,,
14068000,3517,1.375,,1.5106598138809204,,,,1.375,,,,,,,,,
14072000,3518,1.375,,1.3998467922210693,,,,1.375,,,,,,,,,
14076000,3519,0.5,,1.3956196308135986,,,,0.5,,,,,,,,,
14080000,3520,0.75,,1.5189242362976074,,,,0.75,,,,,,,,,
14084000,3521,0.375,,1.3191046714782715,,,,0.375,,,,,,,,,
14088000,3522,1.25,,1.225170373916626,,,,1.25,,,,,,,,,
14092000,3523,1.625,,1.4069314002990723,,,,1.625,,,,,,,,,
14096000,3524,1.375,,1.4266891479492188,,,,1.375,,,,,,,,,
14100000,3525,1.25,,1.4916129112243652,,,,1.25,,,,,,,,,
14104000,3526,1.125,,1.390946626663208,,,,1.125,,,,,,,,,
14108000,3527,1.375,,1.4072414636611938,,,,1.375,,,,,,,,,
14112000,3528,0.75,,1.454748511314392,,,,0.75,,,,,,,,,
14116000,3529,1.25,,1.405320167541504,,,,1.25,,,,,,,,,
14120000,3530,0.5,,1.6199965476989746,,,,0.5,,,,,,,,,
14124000,3531,0.375,,1.4212582111358643,,,,0.375,,,,,,,,,
14128000,3532,0.125,,1.5020536184310913,,,,0.125,,,,,,,,,
14132000,3533,1.0,,1.5768687725067139,,,,1.0,,,,,,,,,
14136000,3534,2.125,,1.4398622512817383,,,,2.125,,,,,,,,,
14140000,3535,1.75,,1.4601318836212158,,,,1.75,,,,,,,,,
14144000,3536,2.0,,1.3153239488601685,,,,2.0,,,,,,,,,
14148000,3537,2.25,,1.4018564224243164,,,,2.25,,,,,,,,,
14152000,3538,2.75,,1.5213508605957031,,,,2.75,,,,,,,,,
14156000,3539,1.75,,1.2869899272918701,,,,1.75,,,,,,,,,
14160000,3540,1.0,,1.4154810905456543,,,,1.0,,,,,,,,,
14164000,3541,1.75,,1.495414137840271,,,,1.75,,,,,,,,,
14168000,3542,0.875,,1.40317964553833,,,,0.875,,,,,,,,,
14172000,3543,0.625,,1.2705446481704712,,,,0.625,,,,,,,,,
14176000,3544,0.875,,1.393182396888733,,,,0.875,,,,,,,,,
14180000,3545,0.625,,1.3799309730529785,,,,0.625,,,,,,,,,
14184000,3546,2.0,,1.37956964969635,,,,2.0,,,,,,,,,
14188000,3547,2.375,,1.4340308904647827,,,,2.375,,,,,,,,,
14192000,3548,2.125,,1.335034728050232,,,,2.125,,,,,,,,,
14196000,3549,1.125,,1.507346272468567,,,,1.125,,,,,,,,,
14200000,3550,1.75,,1.4296422004699707,,,,1.75,,,,,,,,,
14204000,3551,1.875,,1.490203619003296,,,,1.875,,,,,,,,,
14208000,3552,0.0,,1.4292688369750977,,,,0.0,,,,,,,,,
14212000,3553,0.75,,1.3658275604248047,,,,0.75,,,,,,,,,
14216000,3554,0.75,,1.3673546314239502,,,,0.75,,,,,,,,,
14220000,3555,1.0,,1.423271656036377,,,,1.0,,,,,,,,,
14224000,3556,1.375,,1.3360192775726318,,,,1.375,,,,,,,,,
14228000,3557,1.625,,1.2614233493804932,,,,1.625,,,,,,,,,
14232000,3558,2.375,,1.273493766784668,,,,2.375,,,,,,,,,
14236000,3559,2.25,,1.2851157188415527,,,,2.25,,,,,,,,,
14240000,3560,2.125,,1.4144556522369385,,,,2.125,,,,,,,,,
14244000,3561,2.125,,1.43833327293396,,,,2.125,,,,,,,,,
14248000,3562,0.875,,1.3408846855163574,,,,0.875,,,,,,,,,
14252000,3563,0.5,,1.2938063144683838,,,,0.5,,,,,,,,,
14256000,3564,1.375,,1.414081335067749,,,,1.375,,,,,,,,,
14260000,3565,2.0,,1.3442180156707764,,,,2.0,,,,,,,,,
14264000,3566,1.75,,1.274300217628479,,,,1.75,,,,,,,,,
14268000,3567,1.875,,1.403346061706543,,,,1.875,,,,,,,,,
14272000,3568,1.25,,1.4691307544708252,,,,1.25,,,,,,,,,
14276000,3569,2.125,,1.3659019470214844,,,,2.125,,,,,,,,,
14280000,3570,1.125,,1.4790756702423096,,,,1.125,,,,,,,,,
14284000,3571,1.375,,1.3796032667160034,,,,1.375,,,,,,,,,
14288000,3572,1.625,,1.3764712810516357,,,,1.625,,,,,,,,,
14292000,3573,0.625,,1.4043523073196411,,,,0.625,,,,,,,,,
14296000,3574,0.875,,1.367993950843811,,,,0.875,,,,,,,,,
14300000,3575,1.625,,1.409997820854187,,,,1.625,,,,,,,,,
14304000,3576,1.125,,1.425898551940918,,,,1.125,,,,,,,,,
14308000,3577,2.375,,1.390999436378479,,,,2.375,,,,,,,,,
14312000,3578,2.375,,1.4220802783966064,,,,2.375,,,,,,,,,
14316000,3579,2.0,,1.5625050067901611,,,,2.0,,,,,,,,,
14320000,3580,0.625,,1.4278764724731445,,,,0.625,,,,,,,,,
14324000,3581,0.625,,1.3483481407165527,,,,0.625,,,,,,,,,
14328000,3582,1.375,,1.4854907989501953,,,,1.375,,,,,,,,,
14332000,3583,0.0,,1.3765586614608765,,,,0.0,,,,,,,,,
14336000,3584,0.25,,1.464339017868042,,,,0.25,,,,,,,,,
14340000,3585,0.25,,1.3909434080123901,,,,0.25,,,,,,,,,
14344000,3586,0.5,,1.428368330001831,,,,0.5,,,,,,,,,
14348000,3587,0.875,,1.3340810537338257,,,,0.875,,,,,,,,,
14352000,3588,1.0,,1.47772216796875,,,,1.0,,,,,,,,,
14356000,3589,1.5,,1.3899104595184326,,,,1.5,,,,,,,,,
14360000,3590,1.375,,1.5086044073104858,,,,1.375,,,,,,,,,
14364000,3591,1.625,,1.5486873388290405,,,,1.625,,,,,,,,,
14368000,3592,0.625,,1.360058307647705,,,,0.625,,,,,,,,,
14372000,3593,0.875,,1.4762639999389648,,,,0.875,,,,,,,,,
14376000,3594,0.625,,1.315441370010376,,,,0.625,,,,,,,,,
14380000,3595,0.625,,1.4419078826904297,,,,0.625,,,,,,,,,
14384000,3596,0.375,,1.4056601524353027,,,,0.375,,,,,,,,,
14388000,3597,1.25,,1.576285719871521,,,,1.25,,,,,,,,,
14392000,3598,1.25,,1.533203125,,,,1.25,,,,,,,,,
14396000,3599,2.375,,1.3655431270599365,,,,2.375,,,,,,,,,
14400000,3600,1.625,,1.3913352489471436,,,,1.625,,,,,,,,,
14404000,3601,0.625,,1.3083409070968628,,,,0.625,,,,,,,,,
14408000,3602,0.25,,1.3860795497894287,,,,0.25,,,,,,,,,
14412000,3603,1.375,,1.4711860418319702,,,,1.375,,,,,,,,,
14416000,3604,0.875,,1.3338072299957275,,,,0.875,,,,,,,,,
14420000,3605,0.375,,1.465489387512207,,,,0.375,,,,,,,,,
14424000,3606,0.5,,1.283186912536621,,,,0.5,,,,,,,,,
14428000,3607,0.5,,1.308575987815857,,,,0.5,,,,,,,,,
14432000,3608,1.25,,1.2764074802398682,,,,1.25,,,,,,,,,
14436000,3609,1.375,,1.35248863697052,,,,1.375,,,,,,,,,
14440000,3610,1.375,,1.2867045402526855,,,,1.375,,,,,,,,,
14444000,3611,1.625,,1.3684278726577759,,,,1.625,,,,,,,,,
14448000,3612,1.375,,1.393052577972412,,,,1.375,,,,,,,,,
14452000,3613,1.375,,1.5024162530899048,,,,1.375,,,,,,,,,
14456000,3614,1.0,,1.3358293771743774,,,,1.0,,,,,,,,,
14460000,3615,1.375,,1.4916927814483643,,,,1.375,,,,,,,,,
14464000,3616,1.75,,1.3673951625823975,,,,1.75,,,,,,,,,
14468000,3617,1.0,,1.377634048461914,,,,1.0,,,,,,,,,
14472000,3618,1.375,,1.4388997554779053,,,,1.375,,,,,,,,,
14476000,3619,1.25,,1.3261444568634033,,,,1.25,,,,,,,,,
14480000,3620,1.5,,1.3839848041534424,,,,1.5,,,,,,,,,
14484000,3621,3.0,,1.4881634712219238,,,,3.0,,,,,,,,,
14488000,3622,2.25,,1.3955566883087158,,,,2.25,,,,,,,,,
14492000,3623,1.875,,1.4500799179077148,,,,1.875,,,,,,,,,
14496000,3624,2.125,,1.3693056106567383,,,,2.125,,,,,,,,,
14500000,3625,0.5,,1.5186688899993896,,,,0.5,,,,,,,,,
14504000,3626,1.0,,1.5679889917373657,,,,1.0,,,,,,,,,
14508000,3627,1.25,,1.4058035612106323,,,,1.25,,,,,,,,,
14512000,3628,1.125,,1.3604488372802734,,,,1.125,,,,,,,,,
14516000,3629,1.875,,1.4629756212234497,,,,1.875,,,,,,,,,
14520000,3630,3.125,,1.3867003917694092,,,,3.125,,,,,,,,,
14524000,3631,2.5,,1.2156016826629639,,,,2.5,,,,,,,,,
14528000,3632,2.375,,1.3622097969055176,,,,2.375,,,,,,,,,
14532000,3633,1.75,,1.3305037021636963,,,,1.75,,,,,,,,,
14536000,3634,1.375,,1.4041410684585571,,,,1.375,,,,,,,,,
14540000,3635,1.125,,1.4628148078918457,,,,1.125,,,,,,,,,
14544000,3636,1.125,,1.3473398685455322,,,,1.125,,,,,,,,,
14548000,3637,1.125,,1.4693284034729004,,,,1.125,,,,,,,,,
14552000,3638,0.25,,1.3583970069885254,,,,0.25,,,,,,,,,
14556000,3639,0.625,,1.5306856632232666,,,,0.625,,,,,,,,,
14560000,3640,0.875,,1.5732178688049316,,,,0.875,,,,,,,,,
14564000,3641,2.375,,1.4697657823562622,,,,2.375,,,,,,,,,
14568000,3642,3.0,,1.3251125812530518,,,,3.0,,,,,,,,,
14572000,3643,2.625,,1.399547815322876,,,,2.625,,,,,,,,,
14576000,3644,2.0,,1.374642252922058,,,,2.0,,,,,,,,,
14580000,3645,2.25,,1.367571234703064,,,,2.25,,,,,,,,,
14584000,3646,1.625,,1.4523770809173584,,,,1.625,,,,,,,,,
14588000,3647,1.75,,1.4200327396392822,,,,1.75,,,,,,,,,
14592000,3648,1.25,,1.3594763278961182,,,,1.25,,,,,,,,,
14596000,3649,0.75,,1.5399147272109985,,,,0.75,,,,,,,,,
14600000,3650,1.25,,1.483378291130066,,,,1.25,,,,,,,,,
14604000,3651,1.5,,1.3990199565887451,,,,1.5,,,,,,,,,
14608000,3652,2.5,,1.3760945796966553,,,,2.5,,,,,,,,,
14612000,3653,2.0,,1.4263079166412354,,,,2.0,,,,,,,,,
14616000,3654,1.625,,1.3709971904754639,,,,1.625,,,,,,,,,
14620000,3655,1.375,,1.6329615116119385,,,,1.375,,,,,,,,,
14624000,3656,1.125,,1.6579102277755737,,,,1.125,,,,,,,,,
14628000,3657,0.75,,1.4450143575668335,,,,0.75,,,,,,,,,
14632000,3658,0.875,,1.5923819541931152,,,,0.875,,,,,,,,,
14636000,3659,0.375,,1.548640251159668,,,,0.375,,,,,,,,,
14640000,3660,0.25,,1.4237433671951294,,,,0.25,,,,,,,,,
14644000,3661,0.5,,1.5550038814544678,,,,0.5,,,,,,,,,
14648000,3662,1.5,,1.5365428924560547,,,,1.5,,,,,,,,,
14652000,3663,1.375,,1.3832021951675415,,,,1.375,,,,,,,,,
14656000,3664,1.25,,1.5976855754852295,,,,1.25,,,,,,,,,
14660000,3665,2.375,,1.3153388500213623,,,,2.375,,,,,,,,,
14664000,3666,2.25,,1.4476475715637207,,,,2.25,,,,,,,,,
14668000,3667,1.0,,1.500044584274292,,,,1.0,,,,,,,,,
14672000,3668,1.125,,1.5112428665161133,,,,1.125,,,,,,,,,
14676000,3669,1.75,,1.4617358446121216,,,,1.75,,,,,,,,,
14680000,3670,1.125,,1.576749563217163,,,,1.125,,,,,,,,,
14684000,3671,1.0,,1.4409682750701904,,,,1.0,,,,,,,,,
14688000,3672,2.125,,1.5234533548355103,,,,2.125,,,,,,,,,
14692000,3673,1.875,,1.4553027153015137,,,,1.875,,,,,,,,,
14696000,3674,2.625,,1.3426347970962524,,,,2.625,,,,,,,,,
14700000,3675,1.25,,1.3755598068237305,,,,1.25,,,,,,,,,
14704000,3676,1.0,,1.4864978790283203,,,,1.0,,,,,,,,,
14708000,3677,1.375,,1.4013490676879883,,,,1.375,,,,,,,,,
14712000,3678,1.125,,1.4866833686828613,,,,1.125,,,,,,,,,
14716000,3679,1.125,,1.4956287145614624,,,,1.125,,,,,,,,,
14720000,3680,0.5,,1.4806103706359863,,,,0.5,,,,,,,,,
14724000,3681,0.875,,1.5028965473175049,,,,0.875,,,,,,,,,
14728000,3682,0.625,,1.4507858753204346,,,,0.625,,,,,,,,,
14732000,3683,0.625,,1.51125168800354,,,,0.625,,,,,,,,,
14736000,3684,1.25,,1.300656795501709,,,,1.25,,,,,,,,,
14740000,3685,0.875,,1.4238407611846924,,,,0.875,,,,,,,,,
14744000,3686,1.75,,1.381639003753662,,,,1.75,,,,,,,,,
14748000,3687,1.375,,1.4098820686340332,,,,1.375,,,,,,,,,
14752000,3688,1.75,,1.3387548923492432,,,,1.75,,,,,,,,,
14756000,3689,0.875,,1.376232624053955,,,,0.875,,,,,,,,,
14760000,3690,0.875,,1.5227086544036865,,,,0.875,,,,,,,,,
14764000,3691,1.0,,1.3999180793762207,,,,1.0,,,,,,,,,
14768000,3692,1.5,,1.3474324941635132,,,,1.5,,,,,,,,,
14772000,3693,1.875,,1.44139564037323,,,,1.875,,,,,,,,,
14776000,3694,1.25,,1.29561448097229,,,,1.25,,,,,,,,,
14780000,3695,2.5,,1.4154746532440186,,,,2.5,,,,,,,,,
14784000,3696,2.5,,1.48581063747406,,,,2.5,,,,,,,,,
14788000,3697,0.875,,1.4125975370407104,,,,0.875,,,,,,,,,
14792000,3698,1.0,,1.489758849143982,,,,1.0,,,,,,,,,
14796000,3699,1.125,,1.4224047660827637,,,,1.125,,,,,,,,,
14800000,3700,1.25,,1.3729734420776367,,,,1.25,,,,,,,,,
14804000,3701,0.875,,1.469630241394043,,,,0.875,,,,,,,,,
14808000,3702,0.625,,1.3907690048217773,,,,0.625,,,,,,,,,
14812000,3703,1.125,,1.333593726158142,,,,1.125,,,,,,,,,
14816000,3704,0.375,,1.327644944190979,,,,0.375,,,,,,,,,
14820000,3705,0.375,,1.3717799186706543,,,,0.375,,,,,,,,,
14824000,3706,2.75,,1.5096831321716309,,,,2.75,,,,,,,,,
14828000,3707,1.125,,1.402115821838379,,,,1.125,,,,,,,,,
14832000,3708,2.0,,1.5739145278930664,,,,2.0,,,,,,,,,
14836000,3709,1.5,,1.348318099975586,,,,1.5,,,,,,,,,
14840000,3710,2.625,,1.4721002578735352,,,,2.625,,,,,,,,,
14844000,3711,2.25,,1.4198706150054932,,,,2.25,,,,,,,,,
14848000,3712,1.875,,1.4686468839645386,,,,1.875,,,,,,,,,
14852000,3713,1.25,,1.4596948623657227,,,,1.25,,,,,,,,,
14856000,3714,1.375,,1.5314089059829712,,,,1.375,,,,,,,,,
14860000,3715,1.75,,1.3617212772369385,,,,1.75,,,,,,,,,
14864000,3716,0.75,,1.3689537048339844,,,,0.75,,,,,,,,,
14868000,3717,0.875,,1.304153561592102,,,,0.875,,,,,,,,,
14872000,3718,2.375,,1.3769158124923706,,,,2.375,,,,,,,,,
14876000,3719,1.625,,1.3416504859924316,,,,1.625,,,,,,,,,
14880000,3720,2.125,,1.5157442092895508,,,,2.125,,,,,,,,,
14884000,3721,1.875,,1.4158333539962769,,,,1.875,,,,,,,,,
14888000,3722,1.125,,1.3590911626815796,,,,1.125,,,,,,,,,
14892000,3723,1.0,,1.2323538064956665,,,,1.0,,,,,,,,,
14896000,3724,1.625,,1.4766032695770264,,,,1.625,,,,,,,,,
14900000,3725,0.75,,1.4716331958770752,,,,0.75,,,,,,,,,
14904000,3726,1.0,,1.334091067314148,,,,1.0,,,,,,,,,
14908000,3727,1.0,,1.4055402278900146,,,,1.0,,,,,,,,,
14912000,3728,0.875,,1.392099380493164,,,,0.875,,,,,,,,,
14916000,3729,2.25,,1.414068579673767,,,,2.25,,,,,,,,,
14920000,3730,2.375,,1.4080538749694824,,,,2.375,,,,,,,,,
14924000,3731,3.25,,1.4495923519134521,,,,3.25,,,,,,,,,
14928000,3732,1.75,,1.344680666923523,,,,1.75,,,,,,,,,
14932000,3733,2.25,,1.3240182399749756,,,,2.25,,,,,,,,,
14936000,3734,1.875,,1.4817166328430176,,,,1.875,,,,,,,,,
14940000,3735,1.25,,1.4980905055999756,,,,1.25,,,,,,,,,
14944000,3736,1.0,,1.4811158180236816,,,,1.0,,,,,,,,,
14948000,3737,1.0,,1.4622581005096436,,,,1.0,,,,,,,,,
14952000,3738,2.125,,1.4225462675094604,,,,2.125,,,,,,,,,
14956000,3739,1.375,,1.4791264533996582,,,,1.375,,,,,,,,,
14960000,3740,2.0,,1.529738426208496,,,,2.0,,,,,,,,,
14964000,3741,1.625,,1.5234183073043823,,,,1.625,,,,,,,,,
14968000,3742,1.625,,1.4594415426254272,,,,1.625,,,,,,,,,
14972000,3743,1.375,,1.5197925567626953,,,,1.375,,,,,,,,,
14976000,3744,1.625,,1.5213717222213745,,,,1.625,,,,,,,,,
14980000,3745,0.875,,1.5494213104248047,,,,0.875,,,,,,,,,
14984000,3746,1.375,,1.4839320182800293,,,,1.375,,,,,,,,,
14988000,3747,0.875,,1.3957364559173584,,,,0.875,,,,,,,,,
14992000,3748,0.625,,1.4960594177246094,,,,0.625,,,,,,,,,
14996000,3749,0.625,,1.52659273147583,,,,0.625,,,,,,,,,
15000000,3750,1.25,,1.4628474712371826,,,,1.25,,,,,,,,,
15004000,3751,2.375,,1.4033644199371338,,,,2.375,,,,,,,,,
15008000,3752,1.625,,1.4046229124069214,,,,1.625,,,,,,,,,
15012000,3753,3.0,,1.352860927581787,,,,3.0,,,,,,,,,
15016000,3754,1.125,,1.545363426208496,,,,1.125,,,,,,,,,
15020000,3755,2.375,,1.5796403884887695,,,,2.375,,,,,,,,,
15024000,3756,1.375,,1.4764207601547241,,,,1.375,,,,,,,,,
15028000,3757,0.875,,1.5411956310272217,,,,0.875,,,,,,,,,
15032000,3758,0.75,,1.3662519454956055,,,,0.75,,,,,,,,,
15036000,3759,0.625,,1.4075684547424316,,,,0.625,,,,,,,,,
15040000,3760,0.25,,1.4909707307815552,,,,0.25,,,,,,,,,
15044000,3761,1.75,,1.3157284259796143,,,,1.75,,,,,,,,,
15048000,3762,1.625,,1.5242376327514648,,,,1.625,,,,,,,,,
15052000,3763,1.875,,1.367173194885254,,,,1.875,,,,,,,,,
15056000,3764,1.75,,1.3295578956604004,,,,1.75,,,,,,,,,
15060000,3765,1.5,,1.4555206298828125,,,,1.5,,,,,,,,,
15064000,3766,2.0,,1.4930973052978516,,,,2.0,,,,,,,,,
15068000,3767,2.5,,1.4179658889770508,,,,2.5,,,,,,,,,
15072000,3768,1.5,,1.3557597398757935,,,,1.5,,,,,,,,,
15076000,3769,1.75,,1.3342490196228027,,,,1.75,,,,,,,,,
15080000,3770,2.75,,1.4200016260147095,,,,2.75,,,,,,,,,
15084000,3771,1.5,,1.4926029443740845,,,,1.5,,,,,,,,,
15088000,3772,3.0,,1.353223204612732,,,,3.0,,,,,,,,,
15092000,3773,1.25,,1.350099802017212,,,,1.25,,,,,,,,,
15096000,3774,3.625,,1.5150001049041748,,,,3.625,,,,,,,,,
15100000,3775,2.75,,1.4533246755599976,,,,2.75,,,,,,,,,
15104000,3776,2.875,,1.4619402885437012,,,,2.875,,,,,,,,,
15108000,3777,1.75,,1.5874395370483398,,,,1.75,,,,,,,,,
15112000,3778,2.0,,1.5660195350646973,,,,2.0,,,,,,,,,
15116000,3779,1.875,,1.4148507118225098,,,,1.875,,,,,,,,,
15120000,3780,0.875,,1.412820816040039,,,,0.875,,,,,,,,,
15124000,3781,0.75,,1.4585689306259155,,,,0.75,,,,,,,,,
15128000,3782,1.5,,1.6085410118103027,,,,1.5,,,,,,,,,
15132000,3783,1.5,,1.3943533897399902,,,,1.5,,,,,,,,,
15136000,3784,2.875,,1.3750171661376953,,,,2.875,,,,,,,,,
15140000,3785,2.5,,1.4785521030426025,,,,2.5,,,,,,,,,
15144000,3786,3.125,,1.4099094867706299,,,,3.125,,,,,,,,,
15148000,3787,0.875,,1.4870307445526123,,,,0.875,,,,,,,,,
15152000,3788,2.25,,1.5498868227005005,,,,2.25,,,,,,,,,
15156000,3789,1.25,,1.6261234283447266,,,,1.25,,,,,,,,,
15160000,3790,1.25,,1.690690279006958,,,,1.25,,,,,,,,,
15164000,3791,0.625,,1.4073123931884766,,,,0.625,,,,,,,,,
15168000,3792,2.375,,1.638300895690918,,,,2.375,,,,,,,,,
15172000,3793,1.75,,1.5560808181762695,,,,1.75,,,,,,,,,
15176000,3794,3.25,,1.6630454063415527,,,,3.25,,,,,,,,,
15180000,3795,2.875,,1.701585292816162,,,,2.875,,,,,,,,,
15184000,3796,2.875,,1.5687044858932495,,,,2.875,,,,,,,,,
15188000,3797,2.125,,1.6989758014678955,,,,2.125,,,,,,,,,
15192000,3798,1.5,,1.4490201473236084,,,,1.5,,,,,,,,,
15196000,3799,0.5,,1.555176019668579,,,,0.5,,,,,,,,,
15200000,3800,1.5,,1.5346250534057617,,,,1.5,,,,,,,,,
15204000,3801,0.5,,1.638627052307129,,,,0.5,,,,,,,,,
15208000,3802,0.75,,1.518092393875122,,,,0.75,,,,,,,,,
15212000,3803,2.75,,1.5680978298187256,,,,2.75,,,,,,,,,
15216000,3804,1.375,,1.5827593803405762,,,,1.375,,,,,,,,,
15220000,3805,2.875,,1.5874180793762207,,,,2.875,,,,,,,,,
15224000,3806,1.875,,1.4923155307769775,,,,1.875,,,,,,,,,
15228000,3807,2.0,,1.594879150390625,,,,2.0,,,,,,,,,
15232000,3808,1.0,,1.6774444580078125,,,,1.0,,,,,,,,,
15236000,3809,1.625,,1.7174317836761475,,,,1.625,,,,,,,,,
15240000,3810,0.75,,1.5841070413589478,,,,0.75,,,,,,,,,
15244000,3811,1.25,,1.6170425415039062,,,,1.25,,,,,,,,,
15248000,3812,1.0,,1.5354328155517578,,,,1.0,,,,,,,,,
15252000,3813,1.375,,1.6174957752227783,,,,1.375,,,,,,,,,
15256000,3814,3.0,,1.6779974699020386,,,,3.0,,,,,,,,,
15260000,3815,2.375,,1.6273188591003418,,,,2.375,,,,,,,,,
15264000,3816,3.0,,1.6729214191436768,,,,3.0,,,,,,,,,
15268000,3817,2.125,,1.6599884033203125,,,,2.125,,,,,,,,,
15272000,3818,2.125,,1.5729342699050903,,,,2.125,,,,,,,,,
15276000,3819,2.25,,1.530085563659668,,,,2.25,,,,,,,,,
15280000,3820,1.5,,1.6803302764892578,,,,1.5,,,,,,,,,
15284000,3821,1.25,,1.7858757972717285,,,,1.25,,,,,,,,,
15288000,3822,1.625,,1.6647264957427979,,,,1.625,,,,,,,,,
15292000,3823,1.25,,1.598555088043213,,,,1.25,,,,,,,,,
15296000,3824,3.5,,1.5775301456451416,,,,3.5,,,,,,,,,
15300000,3825,2.0,,1.5341192483901978,,,,2.0,,,,,,,,,
15304000,3826,2.625,,1.4760719537734985,,,,2.625,,,,,,,,,
15308000,3827,1.5,,1.6315302848815918,,,,1.5,,,,,,,,,
15312000,3828,1.25,,1.5943864583969116,,,,1.25,,,,,,,,,
15316000,3829,1.375,,1.6921513080596924,,,,1.375,,,,,,,,,
15320000,3830,1.75,,1.662252426147461,,,,1.75,,,,,,,,,
15324000,3831,1.0,,1.7443815469741821,,,,1.0,,,,,,,,,
15328000,3832,1.75,,1.6231563091278076,,,,1.75,,,,,,,,,
15332000,3833,2.75,,1.7096271514892578,,,,2.75,,,,,,,,,
15336000,3834,2.25,,1.8559901714324951,,,,2.25,,,,,,,,,
15340000,3835,3.5,,1.6421910524368286,,,,3.5,,,,,,,,,
15344000,3836,1.5,,1.6053211688995361,,,,1.5,,,,,,,,,
15348000,3837,3.0,,1.7310947179794312,,,,3.0,,,,,,,,,
15352000,3838,2.5,,1.81353759765625,,,,2.5,,,,,,,,,
15356000,3839,1.375,,1.7375102043151855,,,,1.375,,,,,,,,,
15360000,3840,1.375,,1.7627726793289185,,,,1.375,,,,,,,,,
15364000,3841,1.875,,1.742260456085205,,,,1.875,,,,,,,,,
15368000,3842,1.875,,1.613855242729187,,,,1.875,,,,,,,,,
15372000,3843,2.25,,1.7178356647491455,,,,2.25,,,,,,,,,
15376000,3844,1.625,,1.8111755847930908,,,,1.625,,,,,,,,,
15380000,3845,2.125,,1.6787874698638916,,,,2.125,,,,,,,,,
15384000,3846,1.125,,1.790553092956543,,,,1.125,,,,,,,,,
15388000,3847,1.375,,1.6778897047042847,,,,1.375,,,,,,,,,
15392000,3848,1.625,,1.789011001586914,,,,1.625,,,,,,,,,
15396000,3849,0.875,,1.6650331020355225,,,,0.875,,,,,,,,,
15400000,3850,0.75,,1.623969554901123,,,,0.75,,,,,,,,,
15404000,3851,1.75,,1.6642355918884277,,,,1.75,,,,,,,,,
15408000,3852,2.0,,1.7609878778457642,,,,2.0,,,,,,,,,
15412000,3853,2.75,,1.8074227571487427,,,,2.75,,,,,,,,,
15416000,3854,2.875,,1.833210825920105,,,,2.875,,,,,,,,,
15420000,3855,2.125,,1.7239437103271484,,,,2.125,,,,,,,,,
15424000,3856,2.375,,1.7217867374420166,,,,2.375,,,,,,,,,
15428000,3857,2.125,,1.6816625595092773,,,,2.125,,,,,,,,,
15432000,3858,0.75,,1.8019335269927979,,,,0.75,,,,,,,,,
15436000,3859,1.625,,1.7559140920639038,,,,1.625,,,,,,,,,
15440000,3860,1.25,,1.6416733264923096,,,,1.25,,,,,,,,,
15444000,3861,2.75,,1.7364628314971924,,,,2.75,,,,,,,,,
15448000,3862,2.75,,1.631434679031372,,,,2.75,,,,,,,,,
15452000,3863,0.75,,1.8347289562225342,,,,0.75,,,,,,,,,
15456000,3864,0.875,,1.7009906768798828,,,,0.875,,,,,,,,,
15460000,3865,2.25,,1.7451667785644531,,,,2.25,,,,,,,,,
15464000,3866,1.625,,1.7767608165740967,,,,1.625,,,,,,,,,
15468000,3867,0.875,,1.7550568580627441,,,,0.875,,,,,,,,,
15472000,3868,1.625,,1.7603349685668945,,,,1.625,,,,,,,,,
15476000,3869,0.875,,1.6651233434677124,,,,0.875,,,,,,,,,
15480000,3870,1.5,,1.7035548686981201,,,,1.5,,,,,,,,,
15484000,3871,1.625,,1.740731120109558,,,,1.625,,,,,,,,,
15488000,3872,2.5,,1.6909749507904053,,,,2.5,,,,,,,,,
15492000,3873,1.875,,1.707755446434021,,,,1.875,,,,,,,,,
15496000,3874,2.75,,1.5723570585250854,,,,2.75,,,,,,,,,
15500000,3875,0.625,,1.8087340593338013,,,,0.625,,,,,,,,,
15504000,3876,2.5,,1.7029876708984375,,,,2.5,,,,,,,,,
15508000,3877,1.625,,1.758657693862915,,,,1.625,,,,,,,,,
15512000,3878,1.375,,1.8480045795440674,,,,1.375,,,,,,,,,
15516000,3879,1.25,,1.6728628873825073,,,,1.25,,,,,,,,,
15520000,3880,1.5,,1.7575132846832275,,,,1.5,,,,,,,,,
15524000,3881,2.75,,1.792628288269043,,,,2.75,,,,,,,,,
15528000,3882,2.375,,1.747269868850708,,,,2.375,,,,,,,,,
15532000,3883,1.875,,1.7593870162963867,,,,1.875,,,,,,,,,
15536000,3884,1.5,,1.720979928970337,,,,1.5,,,,,,,,,
15540000,3885,2.5,,1.8077197074890137,,,,2.5,,,,,,,,,
15544000,3886,1.25,,1.796358585357666,,,,1.25,,,,,,,,,
15548000,3887,0.875,,1.7262868881225586,,,,0.875,,,,,,,,,
15552000,3888,0.875,,1.7251460552215576,,,,0.875,,,,,,,,,
15556000,3889,1.125,,1.7553796768188477,,,,1.125,,,,,,,,,
15560000,3890,0.375,,1.6944382190704346,,,,0.375,,,,,,,,,
15564000,3891,1.25,,1.6666028499603271,,,,1.25,,,,,,,,,
15568000,3892,0.875,,1.5819425582885742,,,,0.875,,,,,,,,,
15572000,3893,1.25,,1.8288922309875488,,,,1.25,,,,,,,,,
15576000,3894,1.0,,1.6383378505706787,,,,1.0,,,,,,,,,
15580000,3895,2.25,,1.736137866973877,,,,2.25,,,,,,,,,
15584000,3896,0.375,,1.7758820056915283,,,,0.375,,,,,,,,,
15588000,3897,1.125,,1.7358310222625732,,,,1.125,,,,,,,,,
15592000,3898,1.625,,1.6461434364318848,,,,1.625,,,,,,,,,
15596000,3899,0.875,,1.787636160850525,,,,0.875,,,,,,,,,
15600000,3900,1.125,,1.6971988677978516,,,,1.125,,,,,,,,,
15604000,3901,0.0,,1.6374672651290894,,,,0.0,,,,,,,,,
15608000,3902,1.375,,1.6528750658035278,,,,1.375,,,,,,,,,
15612000,3903,1.25,,1.699051856994629,,,,1.25,,,,,,,,,
15616000,3904,1.625,,1.6169167757034302,,,,1.625,,,,,,,,,
15620000,3905,1.25,,1.6409351825714111,,,,1.25,,,,,,,,,
15624000,3906,1.625,,1.7470600605010986,,,,1.625,,,,,,,,,
15628000,3907,1.25,,1.64788818359375,,,,1.25,,,,,,,,,
15632000,3908,1.375,,1.6317607164382935,,,,1.375,,,,,,,,,
15636000,3909,2.0,,1.720550537109375,,,,2.0,,,,,,,,,
15640000,3910,1.5,,1.5886905193328857,,,,1.5,,,,,,,,,
15644000,3911,2.25,,1.6541274785995483,,,,2.25,,,,,,,,,
15648000,3912,1.625,,1.5139226913452148,,,,1.625,,,,,,,,,
15652000,3913,2.75,,1.6174657344818115,,,,2.75,,,,,,,,,
15656000,3914,2.625,,1.4236516952514648,,,,2.625,,,,,,,,,
15660000,3915,1.875,,1.627636194229126,,,,1.875,,,,,,,,,
15664000,3916,2.25,,1.5677692890167236,,,,2.25,,,,,,,,,
15668000,3917,2.625,,1.5547758340835571,,,,2.625,,,,,,,,,
15672000,3918,1.75,,1.5921449661254883,,,,1.75,,,,,,,,,
15676000,3919,1.375,,1.7468466758728027,,,,1.375,,,,,,,,,
15680000,3920,0.5,,1.5816233158111572,,,,0.5,,,,,,,,,
15684000,3921,1.0,,1.5978177785873413,,,,1.0,,,,,,,,,
15688000,3922,1.5,,1.5624562501907349,,,,1.5,,,,,,,,,
15692000,3923,1.625,,1.6936872005462646,,,,1.625,,,,,,,,,
15696000,3924,2.125,,1.6228121519088745,,,,2.125,,,,,,,,,
15700000,3925,1.25,,1.563309907913208,,,,1.25,,,,,,,,,
15704000,3926,2.125,,1.5903064012527466,,,,2.125,,,,,,,,,
15708000,3927,0.875,,1.5846985578536987,,,,0.875,,,,,,,,,
15712000,3928,1.625,,1.6148607730865479,,,,1.625,,,,,,,,,
15716000,3929,2.25,,1.54915452003479,,,,2.25,,,,,,,,,
15720000,3930,2.75,,1.6911962032318115,,,,2.75,,,,,,,,,
15724000,3931,2.125,,1.5973172187805176,,,,2.125,,,,,,,,,
15728000,3932,2.625,,1.5913283824920654,,,,2.625,,,,,,,,,
15732000,3933,1.375,,1.5425935983657837,,,,1.375,,,,,,,,,
15736000,3934,3.0,,1.6485897302627563,,,,3.0,,,,,,,,,
15740000,3935,2.25,,1.752373218536377,,,,2.25,,,,,,,,,
15744000,3936,2.375,,1.6584577560424805,,,,2.375,,,,,,,,,
15748000,3937,0.625,,1.6307368278503418,,,,0.625,,,,,,,,,
15752000,3938,1.25,,1.4997360706329346,,,,1.25,,,,,,,,,
15756000,3939,1.75,,1.6295042037963867,,,,1.75,,,,,,,,,
15760000,3940,0.625,,1.6669132709503174,,,,0.625,,,,,,,,,
15764000,3941,1.0,,1.6540789604187012,,,,1.0,,,,,,,,,
15768000,3942,0.875,,1.687901258468628,,,,0.875,,,,,,,,,
15772000,3943,0.875,,1.4790759086608887,,,,0.875,,,,,,,,,
15776000,3944,1.0,,1.6446058750152588,,,,1.0,,,,,,,,,
15780000,3945,1.625,,1.6608619689941406,,,,1.625,,,,,,,,,
15784000,3946,1.375,,1.6850566864013672,,,,1.375,,,,,,,,,
15788000,3947,0.875,,1.5503900051116943,,,,0.875,,,,,,,,,
15792000,3948,1.125,,1.4840058088302612,,,,1.125,,,,,,,,,
15796000,3949,1.375,,1.6645278930664062,,,,1.375,,,,,,,,,
15800000,3950,1.5,,1.4707016944885254,,,,1.5,,,,,,,,,
15804000,3951,1.25,,1.486188530921936,,,,1.25,,,,,,,,,
15808000,3952,1.75,,1.551659345626831,,,,1.75,,,,,,,,,
15812000,3953,2.0,,1.6037514209747314,,,,2.0,,,,,,,,,
15816000,3954,1.5,,1.6220970153808594,,,,1.5,,,,,,,,,
15820000,3955,1.0,,1.4853577613830566,,,,1.0,,,,,,,,,
15824000,3956,1.25,,1.5750718116760254,,,,1.25,,,,,,,,,
15828000,3957,0.625,,1.7855334281921387,,,,0.625,,,,,,,,,
15832000,3958,1.125,,1.552706241607666,,,,1.125,,,,,,,,,
15836000,3959,0.25,,1.5310202836990356,,,,0.25,,,,,,,,,
15840000,3960,2.0,,1.575351357460022,,,,2.0,,,,,,,,,
15844000,3961,0.625,,1.5285813808441162,,,,0.625,,,,,,,,,
15848000,3962,0.625,,1.5495946407318115,,,,0.625,,,,,,,,,
15852000,3963,1.0,,1.61667001247406,,,,1.0,,,,,,,,,
15856000,3964,1.0,,1.5056848526000977,,,,1.0,,,,,,,,,
15860000,3965,1.375,,1.5150070190429688,,,,1.375,,,,,,,,,
15864000,3966,0.375,,1.5171763896942139,,,,0.375,,,,,,,,,
15868000,3967,0.875,,1.489140510559082,,,,0.875,,,,,,,,,
15872000,3968,0.75,,1.5690321922302246,,,,0.75,,,,,,,,,
15876000,3969,0.875,,1.4723107814788818,,,,0.875,,,,,,,,,
15880000,3970,1.375,,1.4116272926330566,,,,1.375,,,,,,,,,
15884000,3971,1.25,,1.5597107410430908,,,,1.25,,,,,,,,,
15888000,3972,2.25,,1.4611321687698364,,,,2.25,,,,,,,,,
15892000,3973,0.625,,1.3897552490234375,,,,0.625,,,,,,,,,
15896000,3974,2.125,,1.5190532207489014,,,,2.125,,,,,,,,,
15900000,3975,0.75,,1.4585177898406982,,,,0.75,,,,,,,,,
15904000,3976,0.625,,1.440866231918335,,,,0.625,,,,,,,,,
15908000,3977,1.25,,1.4232697486877441,,,,1.25,,,,,,,,,
15912000,3978,1.5,,1.4481840133666992,,,,1.5,,,,,,,,,
15916000,3979,1.5,,1.388120174407959,,,,1.5,,,,,,,,,
15920000,3980,1.625,,1.3374228477478027,,,,1.625,,,,,,,,,
15924000,3981,1.25,,1.3397012948989868,,,,1.25,,,,,,,,,
15928000,3982,2.0,,1.3749849796295166,,,,2.0,,,,,,,,,
15932000,3983,1.0,,1.5196483135223389,,,,1.0,,,,,,,,,
15936000,3984,0.875,,1.503185749053955,,,,0.875,,,,,,,,,
15940000,3985,1.25,,1.3717471361160278,,,,1.25,,,,,,,,,
15944000,3986,1.25,,1.394385576248169,,,,1.25,,,,,,,,,
15948000,3987,1.625,,1.2915267944335938,,,,1.625,,,,,,,,,
15952000,3988,1.25,,1.3306517601013184,,,,1.25,,,,,,,,,
15956000,3989,0.875,,1.2949085235595703,,,,0.875,,,,,,,,,
15960000,3990,2.125,,1.3437533378601074,,,,2.125,,,,,,,,,
15964000,3991,2.375,,1.356424331665039,,,,2.375,,,,,,,,,
15968000,3992,2.125,,1.3783807754516602,,,,2.125,,,,,,,,,
15972000,3993,2.25,,1.3874540328979492,,,,2.25,,,,,,,,,
15976000,3994,2.375,,1.3433432579040527,,,,2.375,,,,,,,,,
15980000,3995,1.25,,1.365994930267334,,,,1.25,,,,,,,,,
15984000,3996,2.0,,1.4130089282989502,,,,2.0,,,,,,,,,
15988000,3997,0.875,,1.3120869398117065,,,,0.875,,,,,,,,,
15992000,3998,1.5,,1.2915863990783691,,,,1.5,,,,,,,,,
15996000,3999,1.875,,1.2202163934707642,,,,1.875,,,,,,,,,
16000000,4000,1.375,,1.4434850215911865,,,,1.375,,,,,,,,,
16004000,4001,3.125,,1.4945573806762695,,,,3.125,,,,,,,,,
16008000,4002,2.25,,1.4057414531707764,,,,2.25,,,,,,,,,
16012000,4003,2.25,,1.4279210567474365,,,,2.25,,,,,,,,,
16016000,4004,0.875,,1.3808447122573853,,,,0.875,,,,,,,,,
16020000,4005,2.5,,1.4380279779434204,,,,2.5,,,,,,,,,
16024000,4006,0.625,,1.5096205472946167,,,,0.625,,,,,,,,,
16028000,4007,0.875,,1.3498090505599976,,,,0.875,,,,,,,,,
16032000,4008,1.5,,1.4088075160980225,,,,1.5,,,,,,,,,
16036000,4009,1.75,,1.403061866760254,,,,1.75,,,,,,,,,
16040000,4010,1.5,,1.2560534477233887,,,,1.5,,,,,,,,,
16044000,4011,3.5,,1.2002111673355103,,,,3.5,,,,,,,,,
16048000,4012,3.5,,1.3932288885116577,,,,3.5,,,,,,,,,
16052000,4013,2.75,,1.376457691192627,,,,2.75,,,,,,,,,
16056000,4014,2.125,,1.4487404823303223,,,,2.125,,,,,,,,,
16060000,4015,2.25,,1.4226627349853516,,,,2.25,,,,,,,,,
16064000,4016,1.0,,1.5022165775299072,,,,1.0,,,,,,,,,
16068000,4017,1.0,,1.3918081521987915,,,,1.0,,,,,,,,,
16072000,4018,1.75,,1.4327504634857178,,,,1.75,,,,,,,,,
16076000,4019,1.375,,1.4780396223068237,,,,1.375,,,,,,,,,
16080000,4020,2.125,,1.382691502571106,,,,2.125,,,,,,,,,
16084000,4021,1.5,,1.4499419927597046,,,,1.5,,,,,,,,,
16088000,4022,3.125,,1.458458423614502,,,,3.125,,,,,,,,,
16092000,4023,1.625,,1.394972562789917,,,,1.625,,,,,,,,,
16096000,4024,1.875,,1.4507014751434326,,,,1.875,,,,,,,,,
16100000,4025,1.875,,1.4608725309371948,,,,1.875,,,,,,,,,
16104000,4026,1.875,,1.6266200542449951,,,,1.875,,,,,,,,,
16108000,4027,2.375,,1.3821090459823608,,,,2.375,,,,,,,,,
16112000,4028,1.75,,1.3667609691619873,,,,1.75,,,,,,,,,
16116000,4029,2.875,,1.5681185722351074,,,,2.875,,,,,,,,,
16120000,4030,3.625,,1.4798897504806519,,,,3.625,,,,,,,,,
16124000,4031,2.375,,1.4464566707611084,,,,2.375,,,,,,,,,
16128000,4032,2.875,,1.5171446800231934,,,,2.875,,,,,,,,,
16132000,4033,1.875,,1.519919991493225,,,,1.875,,,,,,,,,
16136000,4034,0.875,,1.5212957859039307,,,,0.875,,,,,,,,,
16140000,4035,1.5,,1.5653839111328125,,,,1.5,,,,,,,,,
16144000,4036,2.25,,1.555694580078125,,,,2.25,,,,,,,,,
16148000,4037,1.375,,1.4997925758361816,,,,1.375,,,,,,,,,
16152000,4038,2.125,,1.5407905578613281,,,,2.125,,,,,,,,,
16156000,4039,3.25,,1.4113202095031738,,,,3.25,,,,,,,,,
16160000,4040,1.625,,1.6677086353302002,,,,1.625,,,,,,,,,
16164000,4041,2.625,,1.5091114044189453,,,,2.625,,,,,,,,,
16168000,4042,1.625,,1.6033906936645508,,,,1.625,,,,,,,,,
16172000,4043,1.875,,1.4147226810455322,,,,1.875,,,,,,,,,
16176000,4044,1.625,,1.4617013931274414,,,,1.625,,,,,,,,,
16180000,4045,1.5,,1.6201379299163818,,,,1.5,,,,,,,,,
16184000,4046,3.0,,1.57150137424469,,,,3.0,,,,,,,,,
16188000,4047,1.75,,1.596823811531067,,,,1.75,,,,,,,,,
16192000,4048,2.5,,1.4224674701690674,,,,2.5,,,,,,,,,
16196000,4049,3.0,,1.6501402854919434,,,,3.0,,,,,,,,,
16200000,4050,2.75,,1.5759714841842651,,,,2.75,,,,,,,,,
16204000,4051,2.25,,1.5786529779434204,,,,2.25,,,,,,,,,
16208000,4052,3.0,,1.6693944931030273,,,,3.0,,,,,,,,,
16212000,4053,1.25,,1.5671567916870117,,,,1.25,,,,,,,,,
16216000,4054,1.0,,1.5844395160675049,,,,1.0,,,,,,,,,
16220000,4055,0.875,,1.5837454795837402,,,,0.875,,,,,,,,,
16224000,4056,2.0,,1.487527847290039,,,,2.0,,,,,,,,,
16228000,4057,1.875,,1.5742571353912354,,,,1.875,,,,,,,,,
16232000,4058,2.5,,1.453153133392334,,,,2.5,,,,,,,,,
16236000,4059,2.5,,1.4571387767791748,,,,2.5,,,,,,,,,
16240000,4060,1.75,,1.5080509185791016,,,,1.75,,,,,,,,,
16244000,4061,1.75,,1.589857816696167,,,,1.75,,,,,,,,,
16248000,4062,1.75,,1.4563307762145996,,,,1.75,,,,,,,,,
16252000,4063,1.25,,1.6671957969665527,,,,1.25,,,,,,,,,
16256000,4064,1.625,,1.5133538246154785,,,,1.625,,,,,,,,,
16260000,4065,1.625,,1.5271790027618408,,,,1.625,,,,,,,,,
16264000,4066,2.875,,1.7011545896530151,,,,2.875,,,,,,,,,
16268000,4067,2.5,,1.658204197883606,,,,2.5,,,,,,,,,
16272000,4068,3.25,,1.5367331504821777,,,,3.25,,,,,,,,,
16276000,4069,1.875,,1.6237905025482178,,,,1.875,,,,,,,,,
16280000,4070,2.25,,1.6371371746063232,,,,2.25,,,,,,,,,
16284000,4071,2.25,,1.6610469818115234,,,,2.25,,,,,,,,,
16288000,4072,1.5,,1.6855968236923218,,,,1.5,,,,,,,,,
16292000,4073,0.875,,1.5625120401382446,,,,0.875,,,,,,,,,
16296000,4074,2.25,,1.6172657012939453,,,,2.25,,,,,,,,,
16300000,4075,2.25,,1.680559515953064,,,,2.25,,,,,,,,,
16304000,4076,2.375,,1.6636767387390137,,,,2.375,,,,,,,,,
16308000,4077,1.625,,1.5532495975494385,,,,1.625,,,,,,,,,
16312000,4078,2.75,,1.7693002223968506,,,,2.75,,,,,,,,,
16316000,4079,1.75,,1.491224765777588,,,,1.75,,,,,,,,,
16320000,4080,2.0,,1.8150923252105713,,,,2.0,,,,,,,,,
16324000,4081,1.5,,1.6944947242736816,,,,1.5,,,,,,,,,
16328000,4082,1.125,,1.7454816102981567,,,,1.125,,,,,,,,,
16332000,4083,2.5,,1.6411001682281494,,,,2.5,,,,,,,,,
16336000,4084,1.625,,1.8014649152755737,,,,1.625,,,,,,,,,
16340000,4085,3.25,,1.7287626266479492,,,,3.25,,,,,,,,,
16344000,4086,2.875,,1.7004120349884033,,,,2.875,,,,,,,,,
16348000,4087,1.625,,1.5257768630981445,,,,1.625,,,,,,,,,
16352000,4088,2.5,,1.658658742904663,,,,2.5,,,,,,,,,
16356000,4089,1.875,,1.6691839694976807,,,,1.875,,,,,,,,,
16360000,4090,1.875,,1.5665569305419922,,,,1.875,,,,,,,,,
16364000,4091,1.0,,1.685088872909546,,,,1.0,,,,,,,,,
16368000,4092,2.625,,1.6997807025909424,,,,2.625,,,,,,,,,
16372000,4093,2.375,,1.697835922241211,,,,2.375,,,,,,,,,
16376000,4094,2.0,,1.8193111419677734,,,,2.0,,,,,,,,,
16380000,4095,2.375,,1.7189909219741821,,,,2.375,,,,,,,,,
16384000,4096,2.75,,1.822698712348938,,,,2.75,,,,,,,,,
16388000,4097,2.5,,1.7251085042953491,,,,2.5,,,,,,,,,
16392000,4098,1.75,,1.6837654113769531,,,,1.75,,,,,,,,,
16396000,4099,2.5,,1.7988307476043701,,,,2.5,,,,,,,,,
16400000,4100,2.25,,1.7635290622711182,,,,2.25,,,,,,,,,
16404000,4101,0.875,,1.7780158519744873,,,,0.875,,,,,,,,,
16408000,4102,2.75,,1.7703673839569092,,,,2.75,,,,,,,,,
16412000,4103,2.375,,1.8466224670410156,,,,2.375,,,,,,,,,
16416000,4104,3.125,,1.840039610862732,,,,3.125,,,,,,,,,
16420000,4105,3.25,,1.7503836154937744,,,,3.25,,,,,,,,,
16424000,4106,2.75,,1.8090169429779053,,,,2.75,,,,,,,,,
16428000,4107,2.0,,1.9485098123550415,,,,2.0,,,,,,,,,
16432000,4108,2.375,,1.8123362064361572,,,,2.375,,,,,,,,,
16436000,4109,1.75,,1.7617254257202148,,,,1.75,,,,,,,,,
16440000,4110,2.375,,1.7863504886627197,,,,2.375,,,,,,,,,
16444000,4111,2.375,,1.895603895187378,,,,2.375,,,,,,,,,
16448000,4112,2.875,,1.9574847221374512,,,,2.875,,,,,,,,,
16452000,4113,3.625,,1.7492990493774414,,,,3.625,,,,,,,,,
16456000,4114,1.5,,1.8679859638214111,,,,1.5,,,,,,,,,
16460000,4115,2.75,,1.9463465213775635,,,,2.75,,,,,,,,,
16464000,4116,0.875,,1.7618802785873413,,,,0.875,,,,,,,,,
16468000,4117,2.625,,1.8810511827468872,,,,2.625,,,,,,,,,
16472000,4118,2.125,,1.8492932319641113,,,,2.125,,,,,,,,,
16476000,4119,2.75,,1.9698518514633179,,,,2.75,,,,,,,,,
16480000,4120,2.375,,1.9177953004837036,,,,2.375,,,,,,,,,
16484000,4121,3.75,,1.8863158226013184,,,,3.75,,,,,,,,,
16488000,4122,3.375,,1.892076015472412,,,,3.375,,,,,,,,,
16492000,4123,2.875,,1.7958674430847168,,,,2.875,,,,,,,,,
16496000,4124,2.375,,1.8886237144470215,,,,2.375,,,,,,,,,
16500000,4125,2.75,,1.992344617843628,,,,2.75,,,,,,,,,
16504000,4126,1.625,,1.9538776874542236,,,,1.625,,,,,,,,,
16508000,4127,1.75,,1.9198884963989258,,,,1.75,,,,,,,,,
16512000,4128,1.375,,2.0239064693450928,,,,1.375,,,,,,,,,
16516000,4129,0.75,,1.8639097213745117,,,,0.75,,,,,,,,,
16520000,4130,3.25,,1.8745160102844238,,,,3.25,,,,,,,,,
16524000,4131,2.875,,2.015657901763916,,,,2.875,,,,,,,,,
16528000,4132,2.5,,1.9675248861312866,,,,2.5,,,,,,,,,
16532000,4133,1.625,,2.0449366569519043,,,,1.625,,,,,,,,,
16536000,4134,1.375,,1.8928762674331665,,,,1.375,,,,,,,,,
16540000,4135,1.5,,1.9940612316131592,,,,1.5,,,,,,,,,
16544000,4136,0.75,,1.8674659729003906,,,,0.75,,,,,,,,,
16548000,4137,0.375,,1.9319813251495361,,,,0.375,,,,,,,,,
16552000,4138,1.75,,2.008735418319702,,,,1.75,,,,,,,,,
16556000,4139,1.5,,1.9985899925231934,,,,1.5,,,,,,,,,
16560000,4140,2.875,,1.9229518175125122,,,,2.875,,,,,,,,,
16564000,4141,2.0,,1.8264589309692383,,,,2.0,,,,,,,,,
16568000,4142,2.75,,1.9257657527923584,,,,2.75,,,,,,,,,
16572000,4143,1.5,,1.9258923530578613,,,,1.5,,,,,,,,,
16576000,4144,1.5,,1.9024994373321533,,,,1.5,,,,,,,,,
16580000,4145,0.625,,1.9105745553970337,,,,0.625,,,,,,,,,
16584000,4146,2.375,,1.7893705368041992,,,,2.375,,,,,,,,,
16588000,4147,0.875,,1.8848618268966675,,,,0.875,,,,,,,,,
16592000,4148,1.625,,1.8932102918624878,,,,1.625,,,,,,,,,
16596000,4149,1.5,,1.8114583492279053,,,,1.5,,,,,,,,,
16600000,4150,2.25,,1.8970105648040771,,,,2.25,,,,,,,,,
16604000,4151,2.125,,1.9491924047470093,,,,2.125,,,,,,,,,
16608000,4152,0.875,,1.9501969814300537,,,,0.875,,,,,,,,,
16612000,4153,2.375,,2.0560836791992188,,,,2.375,,,,,,,,,
16616000,4154,1.25,,1.964116096496582,,,,1.25,,,,,,,,,
16620000,4155,1.5,,1.9729065895080566,,,,1.5,,,,,,,,,
16624000,4156,1.625,,1.9676264524459839,,,,1.625,,,,,,,,,
16628000,4157,2.375,,1.8146190643310547,,,,2.375,,,,,,,,,
16632000,4158,2.125,,1.7699674367904663,,,,2.125,,,,,,,,,
16636000,4159,2.5,,2.0010826587677,,,,2.5,,,,,,,,,
16640000,4160,1.875,,1.6626921892166138,,,,1.875,,,,,,,,,
16644000,4161,1.375,,1.7239043712615967,,,,1.375,,,,,,,,,
16648000,4162,1.625,,1.963059663772583,,,,1.625,,,,,,,,,
16652000,4163,1.5,,1.8608413934707642,,,,1.5,,,,,,,,,
16656000,4164,0.875,,1.9691553115844727,,,,0.875,,,,,,,,,
16660000,4165,1.375,,1.7939543724060059,,,,1.375,,,,,,,,,
16664000,4166,3.375,,1.836767315864563,,,,3.375,,,,,,,,,
16668000,4167,1.875,,1.9638357162475586,,,,1.875,,,,,,,,,
16672000,4168,2.0,,1.8324484825134277,,,,2.0,,,,,,,,,
16676000,4169,1.625,,1.8557567596435547,,,,1.625,,,,,,,,,
16680000,4170,1.25,,1.88730788230896,,,,1.25,,,,,,,,,
16684000,4171,0.875,,1.8507041931152344,,,,0.875,,,,,,,,,
16688000,4172,2.75,,1.8123061656951904,,,,2.75,,,,,,,,,
16692000,4173,2.625,,1.862148642539978,,,,2.625,,,,,,,,,
16696000,4174,3.625,,1.7295012474060059,,,,3.625,,,,,,,,,
16700000,4175,3.0,,1.845534086227417,,,,3.0,,,,,,,,,
16704000,4176,2.625,,1.789543628692627,,,,2.625,,,,,,,,,
16708000,4177,2.25,,1.8871312141418457,,,,2.25,,,,,,,,,
16712000,4178,1.125,,1.7715003490447998,,,,1.125,,,,,,,,,
16716000,4179,1.625,,1.7757432460784912,,,,1.625,,,,,,,,,
16720000,4180,1.375,,1.8547415733337402,,,,1.375,,,,,,,,,
16724000,4181,1.5,,1.7520780563354492,,,,1.5,,,,,,,,,
16728000,4182,3.125,,1.9082385301589966,,,,3.125,,,,,,,,,
16732000,4183,1.5,,1.7993333339691162,,,,1.5,,,,,,,,,
16736000,4184,3.5,,1.8339612483978271,,,,3.5,,,,,,,,,
16740000,4185,2.25,,1.791827917098999,,,,2.25,,,,,,,,,
16744000,4186,2.125,,1.8308970928192139,,,,2.125,,,,,,,,,
16748000,4187,2.5,,1.825217366218567,,,,2.5,,,,,,,,,
16752000,4188,1.625,,1.7666780948638916,,,,1.625,,,,,,,,,
16756000,4189,1.5,,1.8598178625106812,,,,1.5,,,,,,,,,
16760000,4190,2.125,,1.8412072658538818,,,,2.125,,,,,,,,,
16764000,4191,2.25,,1.7868211269378662,,,,2.25,,,,,,,,,
16768000,4192,2.375,,1.7857292890548706,,,,2.375,,,,,,,,,
16772000,4193,1.625,,1.8828229904174805,,,,1.625,,,,,,,,,
16776000,4194,2.5,,1.8334181308746338,,,,2.5,,,,,,,,,
16780000,4195,1.375,,1.6344738006591797,,,,1.375,,,,,,,,,
16784000,4196,1.375,,1.718618631362915,,,,1.375,,,,,,,,,
16788000,4197,1.25,,1.8080209493637085,,,,1.25,,,,,,,,,
16792000,4198,1.375,,1.9202475547790527,,,,1.375,,,,,,,,,
16796000,4199,2.0,,1.9018192291259766,,,,2.0,,,,,,,,,
16800000,4200,0.625,,1.9323413372039795,,,,0.625,,,,,,,,,
16804000,4201,2.0,,1.9011321067810059,,,,2.0,,,,,,,,,
16808000,4202,0.75,,1.8245751857757568,,,,0.75,,,,,,,,,
16812000,4203,0.75,,1.827602505683899,,,,0.75,,,,,,,,,
16816000,4204,0.25,,1.863261103630066,,,,0.25,,,,,,,,,
16820000,4205,0.75,,1.9406485557556152,,,,0.75,,,,,,,,,
16824000,4206,1.625,,1.7329037189483643,,,,1.625,,,,,,,,,
16828000,4207,2.375,,1.7388180494308472,,,,2.375,,,,,,,,,
16832000,4208,3.75,,1.7692415714263916,,,,3.75,,,,,,,,,
16836000,4209,2.875,,1.7939915657043457,,,,2.875,,,,,,,,,
16840000,4210,3.0,,1.7124738693237305,,,,3.0,,,,,,,,,
16844000,4211,2.0,,1.7386040687561035,,,,2.0,,,,,,,,,
16848000,4212,1.625,,1.6641905307769775,,,,1.625,,,,,,,,,
16852000,4213,0.75,,1.692002534866333,,,,0.75,,,,,,,,,
16856000,4214,0.375,,1.835510015487671,,,,0.375,,,,,,,,,
16860000,4215,2.125,,1.828537940979004,,,,2.125,,,,,,,,,
16864000,4216,0.375,,1.8560562133789062,,,,0.375,,,,,,,,,
16868000,4217,3.5,,1.772047996520996,,,,3.5,,,,,,,,,
16872000,4218,1.125,,1.6369693279266357,,,,1.125,,,,,,,,,
16876000,4219,3.125,,1.6930675506591797,,,,3.125,,,,,,,,,
16880000,4220,1.625,,1.6622401475906372,,,,1.625,,,,,,,,,
16884000,4221,2.125,,1.6759769916534424,,,,2.125,,,,,,,,,
16888000,4222,1.125,,1.7611358165740967,,,,1.125,,,,,,,,,
16892000,4223,2.125,,1.6612739562988281,,,,2.125,,,,,,,,,
16896000,4224,2.0,,1.618506669998169,,,,2.0,,,,,,,,,
16900000,4225,2.875,,1.7095615863800049,,,,2.875,,,,,,,,,
16904000,4226,3.125,,1.7529940605163574,,,,3.125,,,,,,,,,
16908000,4227,3.25,,1.7431700229644775,,,,3.25,,,,,,,,,
16912000,4228,2.5,,1.7352945804595947,,,,2.5,,,,,,,,,
16916000,4229,1.875,,1.5772721767425537,,,,1.875,,,,,,,,,
16920000,4230,1.125,,1.6308926343917847,,,,1.125,,,,,,,,,
16924000,4231,2.0,,1.668539047241211,,,,2.0,,,,,,,,,
16928000,4232,1.875,,1.7423397302627563,,,,1.875,,,,,,,,,
16932000,4233,1.5,,1.7037291526794434,,,,1.5,,,,,,,,,
16936000,4234,0.75,,1.6369630098342896,,,,0.75,,,,,,,,,
16940000,4235,1.875,,1.8239169120788574,,,,1.875,,,,,,,,,
16944000,4236,2.625,,1.7398602962493896,,,,2.625,,,,,,,,,
16948000,4237,2.375,,1.662758231163025,,,,2.375,,,,,,,,,
16952000,4238,1.125,,1.5846487283706665,,,,1.125,,,,,,,,,
16956000,4239,1.0,,1.6045618057250977,,,,1.0,,,,,,,,,
16960000,4240,0.75,,1.6015477180480957,,,,0.75,,,,,,,,,
16964000,4241,0.375,,1.6679670810699463,,,,0.375,,,,,,,,,
16968000,4242,1.125,,1.6938397884368896,,,,1.125,,,,,,,,,
16972000,4243,1.875,,1.6671388149261475,,,,1.875,,,,,,,,,
16976000,4244,2.5,,1.6795456409454346,,,,2.5,,,,,,,,,
16980000,4245,2.375,,1.7157349586486816,,,,2.375,,,,,,,,,
16984000,4246,1.375,,1.55934476852417,,,,1.375,,,,,,,,,
16988000,4247,1.875,,1.6059651374816895,,,,1.875,,,,,,,,,
16992000,4248,0.875,,1.6658366918563843,,,,0.875,,,,,,,,,
16996000,4249,1.25,,1.6887211799621582,,,,1.25,,,,,,,,,
17000000,4250,0.375,,1.5805556774139404,,,,0.375,,,,,,,,,
17004000,4251,0.5,,1.6716740131378174,,,,0.5,,,,,,,,,
17008000,4252,1.375,,1.5776135921478271,,,,1.375,,,,,,,,,
17012000,4253,2.0,,1.7543857097625732,,,,2.0,,,,,,,,,
17016000,4254,1.5,,1.640627145767212,,,,1.5,,,,,,,,,
17020000,4255,1.125,,1.4593361616134644,,,,1.125,,,,,,,,,
17024000,4256,1.25,,1.5629476308822632,,,,1.25,,,,,,,,,
17028000,4257,0.375,,1.6609246730804443,,,,0.375,,,,,,,,,
17032000,4258,0.75,,1.5167511701583862,,,,0.75,,,,,,,,,
17036000,4259,0.125,,1.5167973041534424,,,,0.125,,,,,,,,,
17040000,4260,1.25,,1.6292953491210938,,,,1.25,,,,,,,,,
17044000,4261,1.625,,1.5847296714782715,,,,1.625,,,,,,,,,
17048000,4262,2.0,,1.4904208183288574,,,,2.0,,,,,,,,,
17052000,4263,1.0,,1.6494957208633423,,,,1.0,,,,,,,,,
17056000,4264,2.875,,1.541520595550537,,,,2.875,,,,,,,,,
17060000,4265,1.25,,1.6505450010299683,,,,1.25,,,,,,,,,
17064000,4266,1.375,,1.5728108882904053,,,,1.375,,,,,,,,,
17068000,4267,0.875,,1.5896098613739014,,,,0.875,,,,,,,,,
17072000,4268,0.625,,1.4829379320144653,,,,0.625,,,,,,,,,
17076000,4269,1.25,,1.614962100982666,,,,1.25,,,,,,,,,
17080000,4270,0.25,,1.5354065895080566,,,,0.25,,,,,,,,,
17084000,4271,0.125,,1.614034652709961,,,,0.125,,,,,,,,,
17088000,4272,1.375,,1.5188103914260864,,,,1.375,,,,,,,,,
17092000,4273,0.0,,1.5550730228424072,,,,0.0,,,,,,,,,
17096000,4274,1.75,,1.5933506488800049,,,,1.75,,,,,,,,,
17100000,4275,0.75,,1.4303290843963623,,,,0.75,,,,,,,,,
17104000,4276,1.75,,1.4183396100997925,,,,1.75,,,,,,,,,
17108000,4277,1.25,,1.4728872776031494,,,,1.25,,,,,,,,,
17112000,4278,0.625,,1.5690972805023193,,,,0.625,,,,,,,,,
17116000,4279,1.25,,1.4483373165130615,,,,1.25,,,,,,,,,
17120000,4280,1.125,,1.5112042427062988,,,,1.125,,,,,,,,,
17124000,4281,1.75,,1.4202768802642822,,,,1.75,,,,,,,,,
17128000,4282,1.5,,1.629629373550415,,,,1.5,,,,,,,,,
17132000,4283,1.0,,1.443502426147461,,,,1.0,,,,,,,,,
17136000,4284,2.375,,1.3967193365097046,,,,2.375,,,,,,,,,
17140000,4285,2.5,,1.3959802389144897,,,,2.5,,,,,,,,,
17144000,4286,1.75,,1.4749400615692139,,,,1.75,,,,,,,,,
17148000,4287,2.125,,1.4457720518112183,,,,2.125,,,,,,,,,
17152000,4288,1.25,,1.3619658946990967,,,,1.25,,,,,,,,,
17156000,4289,1.5,,1.5009572505950928,,,,1.5,,,,,,,,,
17160000,4290,1.25,,1.525444746017456,,,,1.25,,,,,,,,,
17164000,4291,0.875,,1.4486050605773926,,,,0.875,,,,,,,,,
17168000,4292,0.875,,1.5173672437667847,,,,0.875,,,,,,,,,
17172000,4293,1.5,,1.5376348495483398,,,,1.5,,,,,,,,,
17176000,4294,1.75,,1.3723423480987549,,,,1.75,,,,,,,,,
17180000,4295,1.125,,1.4421888589859009,,,,1.125,,,,,,,,,
17184000,4296,1.75,,1.503772497177124,,,,1.75,,,,,,,,,
17188000,4297,0.625,,1.4300589561462402,,,,0.625,,,,,,,,,
17192000,4298,0.5,,1.4773720502853394,,,,0.5,,,,,,,,,
17196000,4299,1.0,,1.4993131160736084,,,,1.0,,,,,,,,,
17200000,4300,1.375,,1.5311598777770996,,,,1.375,,,,,,,,,
17204000,4301,3.0,,1.4219510555267334,,,,3.0,,,,,,,,,
17208000,4302,2.5,,1.4509022235870361,,,,2.5,,,,,,,,,
17212000,4303,1.875,,1.3967868089675903,,,,1.875,,,,,,,,,
17216000,4304,1.875,,1.5160212516784668,,,,1.875,,,,,,,,,
17220000,4305,2.125,,1.3838053941726685,,,,2.125,,,,,,,,,
17224000,4306,2.0,,1.34306001663208,,,,2.0,,,,,,,,,
17228000,4307,1.875,,1.385913372039795,,,,1.875,,,,,,,,,
17232000,4308,1.5,,1.3632138967514038,,,,1.5,,,,,,,,,
17236000,4309,0.0,,1.2624024152755737,,,,0.0,,,,,,,,,
17240000,4310,1.625,,1.3769049644470215,,,,1.625,,,,,,,,,
17244000,4311,0.625,,1.1610757112503052,,,,0.625,,,,,,,,,
17248000,4312,1.25,,1.2545162439346313,,,,1.25,,,,,,,,,
17252000,4313,1.75,,1.4582176208496094,,,,1.75,,,,,,,,,
17256000,4314,2.75,,1.3715258836746216,,,,2.75,,,,,,,,,
17260000,4315,1.875,,1.312351942062378,,,,1.875,,,,,,,,,
17264000,4316,0.875,,1.3473081588745117,,,,0.875,,,,,,,,,
17268000,4317,1.25,,1.3500263690948486,,,,1.25,,,,,,,,,
17272000,4318,1.125,,1.3448901176452637,,,,1.125,,,,,,,,,
17276000,4319,1.875,,1.3540775775909424,,,,1.875,,,,,,,,,
17280000,4320,1.75,,1.2745213508605957,,,,1.75,,,,,,,,,
17284000,4321,2.25,,1.3871121406555176,,,,2.25,,,,,,,,,
17288000,4322,2.625,,1.3909754753112793,,,,2.625,,,,,,,,,
17292000,4323,2.25,,1.3309553861618042,,,,2.25,,,,,,,,,
17296000,4324,3.375,,1.288155436515808,,,,3.375,,,,,,,,,
17300000,4325,1.125,,1.3358231782913208,,,,1.125,,,,,,,,,
17304000,4326,2.875,,1.3686482906341553,,,,2.875,,,,,,,,,
17308000,4327,1.75,,1.35274338722229,,,,1.75,,,,,,,,,
17312000,4328,2.125,,1.4108924865722656,,,,2.125,,,,,,,,,
17316000,4329,1.375,,1.3856552839279175,,,,1.375,,,,,,,,,
17320000,4330,1.5,,1.4058499336242676,,,,1.5,,,,,,,,,
17324000,4331,0.625,,1.3748555183410645,,,,0.625,,,,,,,,,
17328000,4332,1.5,,1.4060858488082886,,,,1.5,,,,,,,,,
17332000,4333,1.125,,1.2817350625991821,,,,1.125,,,,,,,,,
17336000,4334,1.5,,1.3601746559143066,,,,1.5,,,,,,,,,
17340000,4335,2.875,,1.4300466775894165,,,,2.875,,,,,,,,,
17344000,4336,1.5,,1.35302734375,,,,1.5,,,,,,,,,
17348000,4337,2.625,,1.4070676565170288,,,,2.625,,,,,,,,,
17352000,4338,0.875,,1.3163747787475586,,,,0.875,,,,,,,,,
17356000,4339,1.625,,1.2135076522827148,,,,1.625,,,,,,,,,
17360000,4340,0.625,,1.4545016288757324,,,,0.625,,,,,,,,,
17364000,4341,1.25,,1.3609291315078735,,,,1.25,,,,,,,,,
17368000,4342,0.25,,1.288912296295166,,,,0.25,,,,,,,,,
17372000,4343,1.375,,1.335845947265625,,,,1.375,,,,,,,,,
17376000,4344,0.75,,1.33909010887146,,,,0.75,,,,,,,,,
17380000,4345,3.375,,1.3470227718353271,,,,3.375,,,,,,,,,
17384000,4346,1.5,,1.4334971904754639,,,,1.5,,,,,,,,,
17388000,4347,2.0,,1.4256919622421265,,,,2.0,,,,,,,,,
17392000,4348,1.75,,1.3483302593231201,,,,1.75,,,,,,,,,
17396000,4349,1.75,,1.2784345149993896,,,,1.75,,,,,,,,,
17400000,4350,1.375,,1.3328510522842407,,,,1.375,,,,,,,,,
17404000,4351,1.75,,1.350016474723816,,,,1.75,,,,,,,,,
17408000,4352,1.125,,1.2122949361801147,,,,1.125,,,,,,,,,
17412000,4353,0.5,,1.217134714126587,,,,0.5,,,,,,,,,
17416000,4354,1.375,,1.2231956720352173,,,,1.375,,,,,,,,,
17420000,4355,2.75,,1.339430570602417,,,,2.75,,,,,,,,,
17424000,4356,1.125,,1.446236252784729,,,,1.125,,,,,,,,,
17428000,4357,1.75,,1.2585511207580566,,,,1.75,,,,,,,,,
17432000,4358,3.375,,1.3035132884979248,,,,3.375,,,,,,,,,
17436000,4359,1.5,,1.397028923034668,,,,1.5,,,,,,,,,
17440000,4360,1.875,,1.3103351593017578,,,,1.875,,,,,,,,,
17444000,4361,1.625,,1.30612051486969,,,,1.625,,,,,,,,,
17448000,4362,1.25,,1.3401083946228027,,,,1.25,,,,,,,,,
17452000,4363,1.875,,1.4540483951568604,,,,1.875,,,,,,,,,
17456000,4364,0.75,,1.3494699001312256,,,,0.75,,,,,,,,,
17460000,4365,2.375,,1.3420612812042236,,,,2.375,,,,,,,,,
17464000,4366,2.125,,1.3231828212738037,,,,2.125,,,,,,,,,
17468000,4367,2.5,,1.376129150390625,,,,2.5,,,,,,,,,
17472000,4368,2.25,,1.3262382745742798,,,,2.25,,,,,,,,,
17476000,4369,3.5,,1.2732958793640137,,,,3.5,,,,,,,,,
17480000,4370,2.125,,1.3013789653778076,,,,2.125,,,,,,,,,
17484000,4371,1.625,,1.3434308767318726,,,,1.625,,,,,,,,,
17488000,4372,2.0,,1.3667969703674316,,,,2.0,,,,,,,,,
17492000,4373,1.5,,1.2791519165039062,,,,1.5,,,,,,,,,
17496000,4374,1.875,,1.2066893577575684,,,,1.875,,,,,,,,,
17500000,4375,1.75,,1.4099957942962646,,,,1.75,,,,,,,,,
17504000,4376,1.375,,1.2843782901763916,,,,1.375,,,,,,,,,
17508000,4377,1.625,,1.338498592376709,,,,1.625,,,,,,,,,
17512000,4378,2.75,,1.284238338470459,,,,2.75,,,,,,,,,
17516000,4379,2.25,,1.3281360864639282,,,,2.25,,,,,,,,,
17520000,4380,2.125,,1.3891379833221436,,,,2.125,,,,,,,,,
17524000,4381,1.875,,1.47157883644104,,,,1.875,,,,,,,,,
17528000,4382,1.125,,1.46784508228302,,,,1.125,,,,,,,,,
17532000,4383,1.25,,1.3800160884857178,,,,1.25,,,,,,,,,
17536000,4384,0.375,,1.3666985034942627,,,,0.375,,,,,,,,,
17540000,4385,1.25,,1.4598300457000732,,,,1.25,,,,,,,,,
17544000,4386,0.875,,1.5007702112197876,,,,0.875,,,,,,,,,
17548000,4387,1.625,,1.3322577476501465,,,,1.625,,,,,,,,,
17552000,4388,2.25,,1.3938530683517456,,,,2.25,,,,,,,,,
17556000,4389,1.0,,1.2550804615020752,,,,1.0,,,,,,,,,
17560000,4390,1.75,,1.3895108699798584,,,,1.75,,,,,,,,,
17564000,4391,1.75,,1.297637701034546,,,,1.75,,,,,,,,,
17568000,4392,1.5,,1.3692905902862549,,,,1.5,,,,,,,,,
17572000,4393,1.75,,1.389224886894226,,,,1.75,,,,,,,,,
17576000,4394,0.875,,1.391188383102417,,,,0.875,,,,,,,,,
17580000,4395,0.875,,1.307833194732666,,,,0.875,,,,,,,,,
17584000,4396,1.625,,1.4259166717529297,,,,1.625,,,,,,,,,
17588000,4397,1.875,,1.297693133354187,,,,1.875,,,,,,,,,
17592000,4398,1.375,,1.3099775314331055,,,,1.375,,,,,,,,,
17596000,4399,2.5,,1.4096518754959106,,,,2.5,,,,,,,,,
17600000,4400,2.125,,1.3024163246154785,,,,2.125,,,,,,,,,
17604000,4401,2.625,,1.472914457321167,,,,2.625,,,,,,,,,
17608000,4402,1.625,,1.50335693359375,,,,1.625,,,,,,,,,
17612000,4403,2.375,,1.433127522468567,,,,2.375,,,,,,,,,
17616000,4404,1.75,,1.4728500843048096,,,,1.75,,,,,,,,,
17620000,4405,1.5,,1.4114270210266113,,,,1.5,,,,,,,,,
17624000,4406,1.25,,1.3714683055877686,,,,1.25,,,,,,,,,
17628000,4407,1.25,,1.3730318546295166,,,,1.25,,,,,,,,,
17632000,4408,2.625,,1.366750955581665,,,,2.625,,,,,,,,,
17636000,4409,1.625,,1.3519775867462158,,,,1.625,,,,,,,,,
17640000,4410,3.25,,1.4086549282073975,,,,3.25,,,,,,,,,
17644000,4411,2.625,,1.3796169757843018,,,,2.625,,,,,,,,,
17648000,4412,3.375,,1.4111446142196655,,,,3.375,,,,,,,,,
17652000,4413,2.375,,1.5023694038391113,,,,2.375,,,,,,,,,
17656000,4414,2.875,,1.422426700592041,,,,2.875,,,,,,,,,
17660000,4415,1.875,,1.3927654027938843,,,,1.875,,,,,,,,,
17664000,4416,2.0,,1.295149326324463,,,,2.0,,,,,,,,,
17668000,4417,2.375,,1.4606785774230957,,,,2.375,,,,,,,,,
17672000,4418,2.375,,1.4295432567596436,,,,2.375,,,,,,,,,
17676000,4419,1.75,,1.3555376529693604,,,,1.75,,,,,,,,,
17680000,4420,2.25,,1.4988882541656494,,,,2.25,,,,,,,,,
17684000,4421,3.125,,1.5077574253082275,,,,3.125,,,,,,,,,
17688000,4422,2.375,,1.3794121742248535,,,,2.375,,,,,,,,,
17692000,4423,3.625,,1.6396452188491821,,,,3.625,,,,,,,,,
17696000,4424,1.5,,1.6187055110931396,,,,1.5,,,,,,,,,
17700000,4425,2.5,,1.5011017322540283,,,,2.5,,,,,,,,,
17704000,4426,1.125,,1.4813957214355469,,,,1.125,,,,,,,,,
17708000,4427,2.375,,1.605507731437683,,,,2.375,,,,,,,,,
17712000,4428,1.875,,1.5020253658294678,,,,1.875,,,,,,,,,
17716000,4429,2.625,,1.4237370491027832,,,,2.625,,,,,,,,,
17720000,4430,2.25,,1.601235270500183,,,,2.25,,,,,,,,,
17724000,4431,2.125,,1.5653457641601562,,,,2.125,,,,,,,,,
17728000,4432,2.375,,1.5491580963134766,,,,2.375,,,,,,,,,
17732000,4433,2.5,,1.5358929634094238,,,,2.5,,,,,,,,,
17736000,4434,3.125,,1.6225249767303467,,,,3.125,,,,,,,,,
17740000,4435,2.375,,1.4874378442764282,,,,2.375,,,,,,,,,
17744000,4436,2.125,,1.5835916996002197,,,,2.125,,,,,,,,,
17748000,4437,1.625,,1.6024675369262695,,,,1.625,,,,,,,,,
17752000,4438,1.75,,1.523941159248352,,,,1.75,,,,,,,,,
17756000,4439,1.375,,1.484890103340149,,,,1.375,,,,,,,,,
17760000,4440,2.5,,1.5174840688705444,,,,2.5,,,,,,,,,
17764000,4441,2.625,,1.572845220565796,,,,2.625,,,,,,,,,
17768000,4442,3.75,,1.6805469989776611,,,,3.75,,,,,,,,,
17772000,4443,3.625,,1.6179133653640747,,,,3.625,,,,,,,,,
17776000,4444,3.5,,1.625339388847351,,,,3.5,,,,,,,,,
17780000,4445,2.0,,1.7337586879730225,,,,2.0,,,,,,,,,
17784000,4446,2.125,,1.6815764904022217,,,,2.125,,,,,,,,,
17788000,4447,1.5,,1.5048083066940308,,,,1.5,,,,,,,,,
17792000,4448,0.75,,1.6162655353546143,,,,0.75,,,,,,,,,
17796000,4449,2.125,,1.602103590965271,,,,2.125,,,,,,,,,
17800000,4450,2.0,,1.608445644378662,,,,2.0,,,,,,,,,
17804000,4451,2.125,,1.658516526222229,,,,2.125,,,,,,,,,
17808000,4452,1.0,,1.563108205795288,,,,1.0,,,,,,,,,
17812000,4453,2.375,,1.5731403827667236,,,,2.375,,,,,,,,,
17816000,4454,3.25,,1.5805890560150146,,,,3.25,,,,,,,,,
17820000,4455,2.875,,1.6020617485046387,,,,2.875,,,,,,,,,
17824000,4456,1.5,,1.5915889739990234,,,,1.5,,,,,,,,,
17828000,4457,2.25,,1.65679931640625,,,,2.25,,,,,,,,,
17832000,4458,1.25,,1.553950309753418,,,,1.25,,,,,,,,,
17836000,4459,1.0,,1.614302396774292,,,,1.0,,,,,,,,,
17840000,4460,1.125,,1.5618538856506348,,,,1.125,,,,,,,,,
17844000,4461,1.375,,1.7582488059997559,,,,1.375,,,,,,,,,
17848000,4462,2.375,,1.6027238368988037,,,,2.375,,,,,,,,,
17852000,4463,1.625,,1.6076258420944214,,,,1.625,,,,,,,,,
17856000,4464,0.25,,1.557087779045105,,,,0.25,,,,,,,,,
17860000,4465,2.0,,1.547908067703247,,,,2.0,,,,,,,,,
17864000,4466,1.125,,1.6801342964172363,,,,1.125,,,,,,,,,
17868000,4467,1.75,,1.6636255979537964,,,,1.75,,,,,,,,,
17872000,4468,2.125,,1.6414844989776611,,,,2.125,,,,,,,,,
17876000,4469,1.75,,1.6383798122406006,,,,1.75,,,,,,,,,
17880000,4470,2.375,,1.669896125793457,,,,2.375,,,,,,,,,
17884000,4471,1.375,,1.5159449577331543,,,,1.375,,,,,,,,,
17888000,4472,1.75,,1.555421233177185,,,,1.75,,,,,,,,,
17892000,4473,3.25,,1.5620207786560059,,,,3.25,,,,,,,,,
17896000,4474,1.75,,1.5945115089416504,,,,1.75,,,,,,,,,
17900000,4475,3.5,,1.6908612251281738,,,,3.5,,,,,,,,,
17904000,4476,1.875,,1.5890800952911377,,,,1.875,,,,,,,,,
17908000,4477,1.75,,1.7056576013565063,,,,1.75,,,,,,,,,
17912000,4478,1.125,,1.6555854082107544,,,,1.125,,,,,,,,,
17916000,4479,1.25,,1.55426025390625,,,,1.25,,,,,,,,,
17920000,4480,1.625,,1.469972848892212,,,,1.625,,,,,,,,,
17924000,4481,0.625,,1.6854175329208374,,,,0.625,,,,,,,,,
17928000,4482,2.75,,1.6907192468643188,,,,2.75,,,,,,,,,
17932000,4483,1.625,,1.7522550821304321,,,,1.625,,,,,,,,,
17936000,4484,2.5,,1.6893846988677979,,,,2.5,,,,,,,,,
17940000,4485,1.5,,1.563809871673584,,,,1.5,,,,,,,,,
17944000,4486,1.5,,1.552476406097412,,,,1.5,,,,,,,,,
17948000,4487,1.75,,1.6180658340454102,,,,1.75,,,,,,,,,
17952000,4488,1.625,,1.6076953411102295,,,,1.625,,,,,,,,,
17956000,4489,1.875,,1.532790184020996,,,,1.875,,,,,,,,,
17960000,4490,1.125,,1.6052488088607788,,,,1.125,,,,,,,,,
17964000,4491,2.125,,1.640006422996521,,,,2.125,,,,,,,,,
17968000,4492,2.75,,1.642852544784546,,,,2.75,,,,,,,,,
17972000,4493,3.625,,1.6325653791427612,,,,3.625,,,,,,,,,
17976000,4494,3.5,,1.6637921333312988,,,,3.5,,,,,,,,,
17980000,4495,2.25,,1.4892349243164062,,,,2.25,,,,,,,,,
17984000,4496,1.5,,1.6605607271194458,,,,1.5,,,,,,,,,
17988000,4497,2.25,,1.56398344039917,,,,2.25,,,,,,,,,
17992000,4498,1.75,,1.681788682937622,,,,1.75,,,,,,,,,
17996000,4499,1.125,,1.6430455446243286,,,,1.125,,,,,,,,,
18000000,4500,1.75,,1.5325582027435303,,,,1.75,,,,,,,,,
18004000,4501,1.875,,1.6010868549346924,,,,1.875,,,,,,,,,
18008000,4502,3.0,,1.6838120222091675,,,,3.0,,,,,,,,,
18012000,4503,1.75,,1.6572685241699219,,,,1.75,,,,,,,,,
18016000,4504,1.0,,1.575437307357788,,,,1.0,,,,,,,,,
18020000,4505,2.125,,1.4701955318450928,,,,2.125,,,,,,,,,
18024000,4506,1.5,,1.6877989768981934,,,,1.5,,,,,,,,,
18028000,4507,1.5,,1.585810661315918,,,,1.5,,,,,,,,,
18032000,4508,2.0,,1.6188710927963257,,,,2.0,,,,,,,,,
18036000,4509,1.875,,1.6723449230194092,,,,1.875,,,,,,,,,
18040000,4510,1.625,,1.5647578239440918,,,,1.625,,,,,,,,,
18044000,4511,2.25,,1.7603038549423218,,,,2.25,,,,,,,,,
18048000,4512,1.875,,1.6842529773712158,,,,1.875,,,,,,,,,
18052000,4513,3.25,,1.5795180797576904,,,,3.25,,,,,,,,,
18056000,4514,3.5,,1.6610381603240967,,,,3.5,,,,,,,,,
18060000,4515,2.125,,1.6736805438995361,,,,2.125,,,,,,,,,
18064000,4516,1.625,,1.714510440826416,,,,1.625,,,,,,,,,
18068000,4517,1.625,,1.6229584217071533,,,,1.625,,,,,,,,,
18072000,4518,1.25,,1.8100707530975342,,,,1.25,,,,,,,,,
18076000,4519,1.375,,1.6876283884048462,,,,1.375,,,,,,,,,
18080000,4520,1.75,,1.6160619258880615,,,,1.75,,,,,,,,,
18084000,4521,3.0,,1.653716802597046,,,,3.0,,,,,,,,,
18088000,4522,1.5,,1.6124018430709839,,,,1.5,,,,,,,,,
18092000,4523,1.375,,1.6899466514587402,,,,1.375,,,,,,,,,
18096000,4524,2.125,,1.6670702695846558,,,,2.125,,,,,,,,,
18100000,4525,1.625,,1.6798150539398193,,,,1.625,,,,,,,,,
18104000,4526,2.125,,1.5341190099716187,,,,2.125,,,,,,,,,
18108000,4527,1.375,,1.5613396167755127,,,,1.375,,,,,,,,,
18112000,4528,2.625,,1.559368371963501,,,,2.625,,,,,,,,,
18116000,4529,2.625,,1.532670497894287,,,,2.625,,,,,,,,,
18120000,4530,2.875,,1.640944242477417,,,,2.875,,,,,,,,,
18124000,4531,3.125,,1.6783140897750854,,,,3.125,,,,,,,,,
18128000,4532,2.875,,1.7691397666931152,,,,2.875,,,,,,,,,
18132000,4533,2.875,,1.7832682132720947,,,,2.875,,,,,,,,,
18136000,4534,2.875,,1.7911920547485352,,,,2.875,,,,,,,,,
18140000,4535,3.5,,1.645049810409546,,,,3.5,,,,,,,,,
18144000,4536,1.75,,1.6153978109359741,,,,1.75,,,,,,,,,
18148000,4537,2.25,,1.7223310470581055,,,,2.25,,,,,,,,,
18152000,4538,3.25,,1.6407372951507568,,,,3.25,,,,,,,,,
18156000,4539,2.625,,1.6506662368774414,,,,2.625,,,,,,,,,
18160000,4540,3.0,,1.7213457822799683,,,,3.0,,,,,,,,,
18164000,4541,2.125,,1.6998764276504517,,,,2.125,,,,,,,,,
18168000,4542,1.875,,1.6454362869262695,,,,1.875,,,,,,,,,
18172000,4543,2.5,,1.7813031673431396,,,,2.5,,,,,,,,,
18176000,4544,1.75,,1.709449052810669,,,,1.75,,,,,,,,,
18180000,4545,2.875,,1.695327877998352,,,,2.875,,,,,,,,,
18184000,4546,1.75,,1.7259109020233154,,,,1.75,,,,,,,,,
18188000,4547,2.75,,1.7668101787567139,,,,2.75,,,,,,,,,
18192000,4548,2.625,,1.5887136459350586,,,,2.625,,,,,,,,,
18196000,4549,2.75,,1.6483078002929688,,,,2.75,,,,,,,,,
18200000,4550,2.875,,1.7600932121276855,,,,2.875,,,,,,,,,
18204000,4551,3.25,,1.6746972799301147,,,,3.25,,,,,,,,,
18208000,4552,4.0,,1.6682655811309814,,,,4.0,,,,,,,,,
18212000,4553,2.625,,1.816274642944336,,,,2.625,,,,,,,,,
18216000,4554,3.25,,1.718493938446045,,,,3.25,,,,,,,,,
18220000,4555,1.875,,1.8202418088912964,,,,1.875,,,,,,,,,
18224000,4556,0.75,,1.7729644775390625,,,,0.75,,,,,,,,,
18228000,4557,1.25,,1.6371718645095825,,,,1.25,,,,,,,,,
18232000,4558,2.375,,1.5902609825134277,,,,2.375,,,,,,,,,
18236000,4559,3.0,,1.7544984817504883,,,,3.0,,,,,,,,,
18240000,4560,3.125,,1.670389175415039,,,,3.125,,,,,,,,,
18244000,4561,2.75,,1.7056939601898193,,,,2.75,,,,,,,,,
18248000,4562,2.5,,1.6804155111312866,,,,2.5,,,,,,,,,
18252000,4563,2.5,,1.761723518371582,,,,2.5,,,,,,,,,
18256000,4564,3.125,,1.7170878648757935,,,,3.125,,,,,,,,,
18260000,4565,2.0,,1.802196741104126,,,,2.0,,,,,,,,,
18264000,4566,1.75,,1.7632969617843628,,,,1.75,,,,,,,,,
18268000,4567,3.375,,1.6179804801940918,,,,3.375,,,,,,,,,
18272000,4568,1.125,,1.6602084636688232,,,,1.125,,,,,,,,,
18276000,4569,2.875,,1.6719207763671875,,,,2.875,,,,,,,,,
18280000,4570,1.375,,1.7500145435333252,,,,1.375,,,,,,,,,
18284000,4571,3.375,,1.6734436750411987,,,,3.375,,,,,,,,,
18288000,4572,2.125,,1.7079782485961914,,,,2.125,,,,,,,,,
18292000,4573,3.25,,1.766548752784729,,,,3.25,,,,,,,,,
18296000,4574,3.875,,1.5753388404846191,,,,3.875,,,,,,,,,
18300000,4575,1.125,,1.7121174335479736,,,,1.125,,,,,,,,,
18304000,4576,3.5,,1.8284239768981934,,,,3.5,,,,,,,,,
18308000,4577,1.5,,1.6521666049957275,,,,1.5,,,,,,,,,
18312000,4578,3.25,,1.7030162811279297,,,,3.25,,,,,,,,,
18316000,4579,2.625,,1.7773308753967285,,,,2.625,,,,,,,,,
18320000,4580,3.5,,1.5365251302719116,,,,3.5,,,,,,,,,
18324000,4581,2.5,,1.8942241668701172,,,,2.5,,,,,,,,,
18328000,4582,3.0,,1.673020601272583,,,,3.0,,,,,,,,,
18332000,4583,3.625,,1.823939561843872,,,,3.625,,,,,,,,,
18336000,4584,2.375,,1.890812873840332,,,,2.375,,,,,,,,,
18340000,4585,3.875,,1.7695204019546509,,,,3.875,,,,,,,,,
18344000,4586,2.375,,1.7769756317138672,,,,2.375,,,,,,,,,
18348000,4587,3.375,,1.8570606708526611,,,,3.375,,,,,,,,,
18352000,4588,3.375,,1.8192939758300781,,,,3.375,,,,,,,,,
18356000,4589,3.25,,1.9205400943756104,,,,3.25,,,,,,,,,
18360000,4590,4.0,,1.6860182285308838,,,,4.0,,,,,,,,,
18364000,4591,3.5,,1.9329379796981812,,,,3.5,,,,,,,,,
18368000,4592,2.875,,1.9910414218902588,,,,2.875,,,,,,,,,
18372000,4593,4.0,,1.9959895610809326,,,,4.0,,,,,,,,,
18376000,4594,2.125,,1.958491325378418,,,,2.125,,,,,,,,,
18380000,4595,1.875,,1.928594946861267,,,,1.875,,,,,,,,,
18384000,4596,1.875,,1.970254898071289,,,,1.875,,,,,,,,,
18388000,4597,2.0,,1.9532737731933594,,,,2.0,,,,,,,,,
18392000,4598,2.5,,1.8701374530792236,,,,2.5,,,,,,,,,
18396000,4599,1.75,,1.8671189546585083,,,,1.75,,,,,,,,,
18400000,4600,2.75,,1.8237205743789673,,,,2.75,,,,,,,,,
18404000,4601,2.0,,1.9310362339019775,,,,2.0,,,,,,,,,
18408000,4602,2.25,,1.749936580657959,,,,2.25,,,,,,,,,
18412000,4603,2.125,,1.9112296104431152,,,,2.125,,,,,,,,,
18416000,4604,2.375,,1.9292677640914917,,,,2.375,,,,,,,,,
18420000,4605,2.5,,1.912317156791687,,,,2.5,,,,,,,,,
18424000,4606,2.75,,1.8714478015899658,,,,2.75,,,,,,,,,
18428000,4607,2.75,,1.9033253192901611,,,,2.75,,,,,,,,,
18432000,4608,3.0,,1.8926737308502197,,,,3.0,,,,,,,,,
18436000,4609,3.25,,1.8591506481170654,,,,3.25,,,,,,,,,
18440000,4610,2.875,,1.900831699371338,,,,2.875,,,,,,,,,
18444000,4611,3.25,,1.991451621055603,,,,3.25,,,,,,,,,
18448000,4612,3.375,,1.846724510192871,,,,3.375,,,,,,,,,
18452000,4613,3.125,,1.8937911987304688,,,,3.125,,,,,,,,,
18456000,4614,2.0,,1.9009437561035156,,,,2.0,,,,,,,,,
18460000,4615,4.125,,1.9116103649139404,,,,4.125,,,,,,,,,
18464000,4616,3.625,,2.0003528594970703,,,,3.625,,,,,,,,,
18468000,4617,3.625,,2.019745349884033,,,,3.625,,,,,,,,,
18472000,4618,3.375,,1.9792523384094238,,,,3.375,,,,,,,,,
18476000,4619,3.375,,1.889610767364502,,,,3.375,,,,,,,,,
18480000,4620,3.875,,1.8825314044952393,,,,3.875,,,,,,,,,
18484000,4621,3.625,,1.9072329998016357,,,,3.625,,,,,,,,,
18488000,4622,3.75,,2.0230422019958496,,,,3.75,,,,,,,,,
18492000,4623,4.25,,2.1855807304382324,,,,4.25,,,,,,,,,
18496000,4624,3.625,,2.1014342308044434,,,,3.625,,,,,,,,,
18500000,4625,3.25,,2.1055941581726074,,,,3.25,,,,,,,,,
18504000,4626,3.25,,2.0832409858703613,,,,3.25,,,,,,,,,
18508000,4627,3.5,,2.207845687866211,,,,3.5,,,,,,,,,
18512000,4628,3.75,,2.1523642539978027,,,,3.75,,,,,,,,,
18516000,4629,3.25,,2.2325387001037598,,,,3.25,,,,,,,,,
18520000,4630,3.75,,2.1096010208129883,,,,3.75,,,,,,,,,
18524000,4631,3.75,,2.189340829849243,,,,3.75,,,,,,,,,
18528000,4632,4.125,,2.082937717437744,,,,4.125,,,,,,,,,
18532000,4633,3.75,,2.079838752746582,,,,3.75,,,,,,,,,
18536000,4634,3.75,,2.0919315814971924,,,,3.75,,,,,,,,,
18540000,4635,3.75,,2.184272527694702,,,,3.75,,,,,,,,,
18544000,4636,3.625,,2.0755741596221924,,,,3.625,,,,,,,,,
18548000,4637,3.5,,2.0655031204223633,,,,3.5,,,,,,,,,
18552000,4638,3.5,,2.2073535919189453,,,,3.5,,,,,,,,,
18556000,4639,3.5,,2.1094717979431152,,,,3.5,,,,,,,,,
18560000,4640,3.375,,2.1476805210113525,,,,3.375,,,,,,,,,
18564000,4641,2.25,,2.1744282245635986,,,,2.25,,,,,,,,,
18568000,4642,3.875,,2.1173670291900635,,,,3.875,,,,,,,,,
18572000,4643,4.0,,2.013613700866699,,,,4.0,,,,,,,,,
18576000,4644,4.375,,2.2304677963256836,,,,4.375,,,,,,,,,
18580000,4645,4.125,,2.249053955078125,,,,4.125,,,,,,,,,
18584000,4646,3.75,,2.334217071533203,,,,3.75,,,,,,,,,
18588000,4647,3.875,,2.297581195831299,,,,3.875,,,,,,,,,
18592000,4648,4.0,,2.311523914337158,,,,4.0,,,,,,,,,
18596000,4649,3.125,,2.2445123195648193,,,,3.125,,,,,,,,,
18600000,4650,3.5,,2.345043659210205,,,,3.5,,,,,,,,,
18604000,4651,3.25,,2.242263078689575,,,,3.25,,,,,,,,,
18608000,4652,3.75,,2.3783316612243652,,,,3.75,,,,,,,,,
18612000,4653,3.0,,2.376481533050537,,,,3.0,,,,,,,,,
18616000,4654,3.875,,2.362605571746826,,,,3.875,,,,,,,,,
18620000,4655,3.625,,2.328634738922119,,,,3.625,,,,,,,,,
18624000,4656,3.875,,2.388282537460327,,,,3.875,,,,,,,,,
18628000,4657,3.0,,2.372673511505127,,,,3.0,,,,,,,,,
18632000,4658,4.0,,2.304752826690674,,,,4.0,,,,,,,,,
18636000,4659,3.25,,2.2314717769622803,,,,3.25,,,,,,,,,
18640000,4660,3.625,,2.44342041015625,,,,3.625,,,,,,,,,
18644000,4661,3.875,,2.22440242767334,,,,3.875,,,,,,,,,
18648000,4662,2.875,,2.3039379119873047,,,,2.875,,,,,,,,,
18652000,4663,3.75,,2.42803955078125,,,,3.75,,,,,,,,,
18656000,4664,3.5,,2.3800270557403564,,,,3.5,,,,,,,,,
18660000,4665,3.25,,2.3387858867645264,,,,3.25,,,,,,,,,
18664000,4666,3.5,,2.346054792404175,,,,3.5,,,,,,,,,
18668000,4667,3.5,,2.341779947280884,,,,3.5,,,,,,,,,
18672000,4668,3.0,,2.3388068675994873,,,,3.0,,,,,,,,,
18676000,4669,3.5,,2.4048099517822266,,,,3.5,,,,,,,,,
18680000,4670,3.125,,2.3665337562561035,,,,3.125,,,,,,,,,
18684000,4671,3.5,,2.3533735275268555,,,,3.5,,,,,,,,,
18688000,4672,3.0,,2.436589241027832,,,,3.0,,,,,,,,,
18692000,4673,3.5,,2.483304500579834,,,,3.5,,,,,,,,,
18696000,4674,3.375,,2.3172197341918945,,,,3.375,,,,,,,,,
18700000,4675,3.25,,2.248688220977783,,,,3.25,,,,,,,,,
18704000,4676,3.875,,2.399977684020996,,,,3.875,,,,,,,,,
18708000,4677,3.125,,2.3163106441497803,,,,3.125,,,,,,,,,
18712000,4678,2.875,,2.3756322860717773,,,,2.875,,,,,,,,,
18716000,4679,3.25,,2.3517813682556152,,,,3.25,,,,,,,,,
18720000,4680,2.875,,2.3218631744384766,,,,2.875,,,,,,,,,
18724000,4681,2.625,,2.3778076171875,,,,2.625,,,,,,,,,
18728000,4682,3.125,,2.360736131668091,,,,3.125,,,,,,,,,
18732000,4683,2.75,,2.438962459564209,,,,2.75,,,,,,,,,
18736000,4684,4.0,,2.4185523986816406,,,,4.0,,,,,,,,,
18740000,4685,3.25,,2.440427303314209,,,,3.25,,,,,,,,,
18744000,4686,3.875,,2.484218120574951,,,,3.875,,,,,,,,,
18748000,4687,3.125,,2.378847122192383,,,,3.125,,,,,,,,,
18752000,4688,3.375,,2.474088191986084,,,,3.375,,,,,,,,,
18756000,4689,2.375,,2.260986328125,,,,2.375,,,,,,,,,
18760000,4690,2.875,,2.4530606269836426,,,,2.875,,,,,,,,,
18764000,4691,3.75,,2.332287549972534,,,,3.75,,,,,,,,,
18768000,4692,3.625,,2.2956738471984863,,,,3.625,,,,,,,,,
18772000,4693,3.25,,2.3617746829986572,,,,3.25,,,,,,,,,
18776000,4694,3.875,,2.491384506225586,,,,3.875,,,,,,,,,
18780000,4695,3.75,,2.505772590637207,,,,3.75,,,,,,,,,
18784000,4696,3.25,,2.4254770278930664,,,,3.25,,,,,,,,,
18788000,4697,3.375,,2.4022912979125977,,,,3.375,,,,,,,,,
18792000,4698,3.375,,2.318115234375,,,,3.375,,,,,,,,,
18796000,4699,3.375,,2.4487533569335938,,,,3.375,,,,,,,,,
18800000,4700,3.375,,2.3815131187438965,,,,3.375,,,,,,,,,
18804000,4701,3.375,,2.4182004928588867,,,,3.375,,,,,,,,,
18808000,4702,3.125,,2.4252524375915527,,,,3.125,,,,,,,,,
18812000,4703,3.5,,2.388808250427246,,,,3.5,,,,,,,,,
18816000,4704,3.25,,2.3211889266967773,,,,3.25,,,,,,,,,
18820000,4705,3.375,,2.398625373840332,,,,3.375,,,,,,,,,
18824000,4706,3.5,,2.487626791000366,,,,3.5,,,,,,,,,
18828000,4707,3.375,,2.4952340126037598,,,,3.375,,,,,,,,,
18832000,4708,3.125,,2.4646270275115967,,,,3.125,,,,,,,,,
18836000,4709,3.875,,2.455565929412842,,,,3.875,,,,,,,,,
18840000,4710,3.5,,2.4640026092529297,,,,3.5,,,,,,,,,
18844000,4711,3.5,,2.4873909950256348,,,,3.5,,,,,,,,,
18848000,4712,3.375,,2.4650487899780273,,,,3.375,,,,,,,,,
18852000,4713,4.0,,2.468020439147949,,,,4.0,,,,,,,,,
18856000,4714,4.125,,2.440502643585205,,,,4.125,,,,,,,,,
18860000,4715,3.25,,2.4587669372558594,,,,3.25,,,,,,,,,
18864000,4716,3.375,,2.472574234008789,,,,3.375,,,,,,,,,
18868000,4717,3.375,,2.4659793376922607,,,,3.375,,,,,,,,,
18872000,4718,4.125,,2.4081153869628906,,,,4.125,,,,,,,,,
18876000,4719,3.25,,2.404453754425049,,,,3.25,,,,,,,,,
18880000,4720,3.25,,2.55825138092041,,,,3.25,,,,,,,,,
18884000,4721,3.375,,2.4391684532165527,,,,3.375,,,,,,,,,
18888000,4722,3.125,,2.4328150749206543,,,,3.125,,,,,,,,,
18892000,4723,2.5,,2.464693546295166,,,,2.5,,,,,,,,,
18896000,4724,3.75,,2.571159839630127,,,,3.75,,,,,,,,,
18900000,4725,3.5,,2.3989100456237793,,,,3.5,,,,,,,,,
18904000,4726,3.75,,2.5107429027557373,,,,3.75,,,,,,,,,
18908000,4727,3.125,,2.505195140838623,,,,3.125,,,,,,,,,
18912000,4728,3.5,,2.477631092071533,,,,3.5,,,,,,,,,
18916000,4729,3.5,,2.5162415504455566,,,,3.5,,,,,,,,,
18920000,4730,3.25,,2.6167521476745605,,,,3.25,,,,,,,,,
18924000,4731,2.625,,2.4877431392669678,,,,2.625,,,,,,,,,
18928000,4732,2.375,,2.542048931121826,,,,2.375,,,,,,,,,
18932000,4733,3.625,,2.567192316055298,,,,3.625,,,,,,,,,
18936000,4734,3.375,,2.4271161556243896,,,,3.375,,,,,,,,,
18940000,4735,4.0,,2.5434587001800537,,,,4.0,,,,,,,,,
18944000,4736,3.5,,2.512913227081299,,,,3.5,,,,,,,,,
18948000,4737,3.75,,2.461085796356201,,,,3.75,,,,,,,,,
18952000,4738,3.875,,2.4541354179382324,,,,3.875,,,,,,,,,
18956000,4739,3.625,,2.5532121658325195,,,,3.625,,,,,,,,,
18960000,4740,3.5,,2.5163145065307617,,,,3.5,,,,,,,,,
18964000,4741,3.5,,2.560225009918213,,,,3.5,,,,,,,,,
18968000,4742,3.625,,2.580819845199585,,,,3.625,,,,,,,,,
18972000,4743,3.75,,2.5048036575317383,,,,3.75,,,,,,,,,
18976000,4744,3.375,,2.5163917541503906,,,,3.375,,,,,,,,,
18980000,4745,3.375,,2.4918389320373535,,,,3.375,,,,,,,,,
18984000,4746,3.75,,2.527113676071167,,,,3.75,,,,,,,,,
18988000,4747,3.25,,2.5573854446411133,,,,3.25,,,,,,,,,
18992000,4748,3.75,,2.432774782180786,,,,3.75,,,,,,,,,
18996000,4749,3.125,,2.477625608444214,,,,3.125,,,,,,,,,
19000000,4750,3.375,,2.404421329498291,,,,3.375,,,,,,,,,
19004000,4751,3.875,,2.4731240272521973,,,,3.875,,,,,,,,,
19008000,4752,3.75,,2.5427932739257812,,,,3.75,,,,,,,,,
19012000,4753,3.75,,2.496886730194092,,,,3.75,,,,,,,,,
19016000,4754,2.875,,2.4405596256256104,,,,2.875,,,,,,,,,
19020000,4755,3.5,,2.5574185848236084,,,,3.5,,,,,,,,,
19024000,4756,3.625,,2.5187854766845703,,,,3.625,,,,,,,,,
19028000,4757,3.0,,2.4887776374816895,,,,3.0,,,,,,,,,
19032000,4758,3.5,,2.474550247192383,,,,3.5,,,,,,,,,
19036000,4759,3.0,,2.5747179985046387,,,,3.0,,,,,,,,,
19040000,4760,3.0,,2.5266804695129395,,,,3.0,,,,,,,,,
19044000,4761,3.75,,2.4497249126434326,,,,3.75,,,,,,,,,
19048000,4762,3.625,,2.5185937881469727,,,,3.625,,,,,,,,,
19052000,4763,3.0,,2.5760886669158936,,,,3.0,,,,,,,,,
19056000,4764,3.875,,2.456935405731201,,,,3.875,,,,,,,,,
19060000,4765,3.875,,2.4818029403686523,,,,3.875,,,,,,,,,
19064000,4766,3.5,,2.488940477371216,,,,3.5,,,,,,,,,
19068000,4767,3.125,,2.431098461151123,,,,3.125,,,,,,,,,
19072000,4768,3.5,,2.383641481399536,,,,3.5,,,,,,,,,
19076000,4769,3.375,,2.413940668106079,,,,3.375,,,,,,,,,
19080000,4770,3.625,,2.4442572593688965,,,,3.625,,,,,,,,,
19084000,4771,2.75,,2.4462573528289795,,,,2.75,,,,,,,,,
19088000,4772,3.625,,2.4107131958007812,,,,3.625,,,,,,,,,
19092000,4773,2.125,,2.4605298042297363,,,,2.125,,,,,,,,,
19096000,4774,3.875,,2.375716209411621,,,,3.875,,,,,,,,,
19100000,4775,3.25,,2.4143028259277344,,,,3.25,,,,,,,,,
19104000,4776,4.25,,2.3929526805877686,,,,4.25,,,,,,,,,
19108000,4777,3.25,,2.3880531787872314,,,,3.25,,,,,,,,,
19112000,4778,3.0,,2.3955588340759277,,,,3.0,,,,,,,,,
19116000,4779,2.875,,2.3926820755004883,,,,2.875,,,,,,,,,
19120000,4780,3.5,,2.3989853858947754,,,,3.5,,,,,,,,,
19124000,4781,3.25,,2.417370319366455,,,,3.25,,,,,,,,,
19128000,4782,3.5,,2.474080801010132,,,,3.5,,,,,,,,,
19132000,4783,3.25,,2.3884079456329346,,,,3.25,,,,,,,,,
19136000,4784,3.125,,2.4725093841552734,,,,3.125,,,,,,,,,
19140000,4785,2.875,,2.3406307697296143,,,,2.875,,,,,,,,,
19144000,4786,3.75,,2.3709893226623535,,,,3.75,,,,,,,,,
19148000,4787,3.625,,2.371840000152588,,,,3.625,,,,,,,,,
19152000,4788,3.75,,2.2892961502075195,,,,3.75,,,,,,,,,
19156000,4789,2.875,,2.370373249053955,,,,2.875,,,,,,,,,
19160000,4790,3.5,,2.3778371810913086,,,,3.5,,,,,,,,,
19164000,4791,3.125,,2.521929979324341,,,,3.125,,,,,,,,,
19168000,4792,3.875,,2.282372236251831,,,,3.875,,,,,,,,,
19172000,4793,3.75,,2.3096773624420166,,,,3.75,,,,,,,,,
19176000,4794,3.125,,2.36801815032959,,,,3.125,,,,,,,,,
19180000,4795,3.875,,2.3622117042541504,,,,3.875,,,,,,,,,
19184000,4796,3.75,,2.3893470764160156,,,,3.75,,,,,,,,,
19188000,4797,3.625,,2.4050209522247314,,,,3.625,,,,,,,,,
19192000,4798,3.75,,2.4405722618103027,,,,3.75,,,,,,,,,
19196000,4799,2.75,,2.45857834815979,,,,2.75,,,,,,,,,
19200000,4800,4.0,,2.4126439094543457,,,,4.0,,,,,,,,,
19204000,4801,3.625,,2.372922897338867,,,,3.625,,,,,,,,,
19208000,4802,4.0,,2.34584379196167,,,,4.0,,,,,,,,,
19212000,4803,3.75,,2.3820908069610596,,,,3.75,,,,,,,,,
19216000,4804,4.0,,2.4583988189697266,,,,4.0,,,,,,,,,
19220000,4805,3.75,,2.4324944019317627,,,,3.75,,,,,,,,,
19224000,4806,3.375,,2.4916529655456543,,,,3.375,,,,,,,,,
19228000,4807,3.75,,2.4552974700927734,,,,3.75,,,,,,,,,
19232000,4808,3.875,,2.4818239212036133,,,,3.875,,,,,,,,,
19236000,4809,3.5,,2.4419970512390137,,,,3.5,,,,,,,,,
19240000,4810,3.75,,2.5089333057403564,,,,3.75,,,,,,,,,
19244000,4811,4.0,,2.5128390789031982,,,,4.0,,,,,,,,,
19248000,4812,3.75,,2.436570644378662,,,,3.75,,,,,,,,,
19252000,4813,2.75,,2.441525459289551,,,,2.75,,,,,,,,,
19256000,4814,3.75,,2.377103805541992,,,,3.75,,,,,,,,,
19260000,4815,3.5,,2.3576552867889404,,,,3.5,,,,,,,,,
19264000,4816,3.125,,2.3596768379211426,,,,3.125,,,,,,,,,
19268000,4817,3.5,,2.3708386421203613,,,,3.5,,,,,,,,,
19272000,4818,3.0,,2.4193873405456543,,,,3.0,,,,,,,,,
19276000,4819,3.125,,2.4793381690979004,,,,3.125,,,,,,,,,
19280000,4820,3.375,,2.4618308544158936,,,,3.375,,,,,,,,,
19284000,4821,3.5,,2.5381367206573486,,,,3.5,,,,,,,,,
19288000,4822,3.75,,2.458357334136963,,,,3.75,,,,,,,,,
19292000,4823,3.125,,2.409193992614746,,,,3.125,,,,,,,,,
19296000,4824,3.75,,2.4362213611602783,,,,3.75,,,,,,,,,
19300000,4825,2.75,,2.4010002613067627,,,,2.75,,,,,,,,,
19304000,4826,2.625,,2.417727470397949,,,,2.625,,,,,,,,,
19308000,4827,3.625,,2.3554272651672363,,,,3.625,,,,,,,,,
19312000,4828,3.625,,2.4058382511138916,,,,3.625,,,,,,,,,
19316000,4829,4.0,,2.42514705657959,,,,4.0,,,,,,,,,
19320000,4830,3.5,,2.2959535121917725,,,,3.5,,,,,,,,,
19324000,4831,3.25,,2.411667823791504,,,,3.25,,,,,,,,,
19328000,4832,2.75,,2.3794450759887695,,,,2.75,,,,,,,,,
19332000,4833,3.375,,2.383828639984131,,,,3.375,,,,,,,,,
19336000,4834,3.375,,2.397170066833496,,,,3.375,,,,,,,,,
19340000,4835,3.25,,2.348832845687866,,,,3.25,,,,,,,,,
19344000,4836,2.625,,2.3572022914886475,,,,2.625,,,,,,,,,
19348000,4837,3.875,,2.353147506713867,,,,3.875,,,,,,,,,
19352000,4838,3.375,,2.3824310302734375,,,,3.375,,,,,,,,,
19356000,4839,3.75,,2.3492324352264404,,,,3.75,,,,,,,,,
19360000,4840,2.875,,2.388113498687744,,,,2.875,,,,,,,,,
19364000,4841,2.0,,2.295147657394409,,,,2.0,,,,,,,,,
19368000,4842,2.25,,2.445971727371216,,,,2.25,,,,,,,,,
19372000,4843,3.25,,2.302276849746704,,,,3.25,,,,,,,,,
19376000,4844,3.75,,2.386789083480835,,,,3.75,,,,,,,,,
19380000,4845,3.875,,2.3992998600006104,,,,3.875,,,,,,,,,
19384000,4846,3.625,,2.45147705078125,,,,3.625,,,,,,,,,
19388000,4847,2.75,,2.3455190658569336,,,,2.75,,,,,,,,,
19392000,4848,3.875,,2.4048824310302734,,,,3.875,,,,,,,,,
19396000,4849,3.5,,2.2986416816711426,,,,3.5,,,,,,,,,
19400000,4850,3.0,,2.3042478561401367,,,,3.0,,,,,,,,,
19404000,4851,1.875,,2.3252382278442383,,,,1.875,,,,,,,,,
19408000,4852,2.375,,2.3838624954223633,,,,2.375,,,,,,,,,
19412000,4853,3.625,,2.3868792057037354,,,,3.625,,,,,,,,,
19416000,4854,4.125,,2.39231276512146,,,,4.125,,,,,,,,,
19420000,4855,3.5,,2.370654344558716,,,,3.5,,,,,,,,,
19424000,4856,4.125,,2.405967950820923,,,,4.125,,,,,,,,,
19428000,4857,3.75,,2.406768798828125,,,,3.75,,,,,,,,,
19432000,4858,3.0,,2.2497429847717285,,,,3.0,,,,,,,,,
19436000,4859,3.75,,2.37229585647583,,,,3.75,,,,,,,,,
19440000,4860,4.125,,2.3692383766174316,,,,4.125,,,,,,,,,
19444000,4861,3.625,,2.4153928756713867,,,,3.625,,,,,,,,,
19448000,4862,3.875,,2.3184475898742676,,,,3.875,,,,,,,,,
19452000,4863,4.375,,2.320303440093994,,,,4.375,,,,,,,,,
19456000,4864,3.25,,2.30411434173584,,,,3.25,,,,,,,,,
19460000,4865,3.375,,2.3700459003448486,,,,3.375,,,,,,,,,
19464000,4866,3.75,,2.370335578918457,,,,3.75,,,,,,,,,
19468000,4867,4.0,,2.386403799057007,,,,4.0,,,,,,,,,
19472000,4868,3.875,,2.317110538482666,,,,3.875,,,,,,,,,
19476000,4869,1.75,,2.3322031497955322,,,,1.75,,,,,,,,,
19480000,4870,3.625,,2.3570775985717773,,,,3.625,,,,,,,,,
19484000,4871,3.875,,2.309988498687744,,,,3.875,,,,,,,,,
19488000,4872,3.75,,2.327434539794922,,,,3.75,,,,,,,,,
19492000,4873,3.375,,2.310061454772949,,,,3.375,,,,,,,,,
19496000,4874,3.0,,2.2906956672668457,,,,3.0,,,,,,,,,
19500000,4875,4.0,,2.3816895484924316,,,,4.0,,,,,,,,,
19504000,4876,3.5,,2.3733720779418945,,,,3.5,,,,,,,,,
19508000,4877,3.5,,2.349862813949585,,,,3.5,,,,,,,,,
19512000,4878,3.75,,2.386990547180176,,,,3.75,,,,,,,,,
19516000,4879,3.25,,2.3040924072265625,,,,3.25,,,,,,,,,
19520000,4880,3.0,,2.3459110260009766,,,,3.0,,,,,,,,,
19524000,4881,3.0,,2.3212943077087402,,,,3.0,,,,,,,,,
19528000,4882,2.875,,2.3025355339050293,,,,2.875,,,,,,,,,
19532000,4883,2.375,,2.2515716552734375,,,,2.375,,,,,,,,,
19536000,4884,2.5,,2.2931456565856934,,,,2.5,,,,,,,,,
19540000,4885,3.75,,2.388808012008667,,,,3.75,,,,,,,,,
19544000,4886,3.625,,2.2429070472717285,,,,3.625,,,,,,,,,
19548000,4887,3.25,,2.2582499980926514,,,,3.25,,,,,,,,,
19552000,4888,3.375,,2.3046352863311768,,,,3.375,,,,,,,,,
19556000,4889,2.75,,2.2343411445617676,,,,2.75,,,,,,,,,
19560000,4890,3.5,,2.2100281715393066,,,,3.5,,,,,,,,,
19564000,4891,1.875,,2.344898223876953,,,,1.875,,,,,,,,,
19568000,4892,3.125,,2.318580389022827,,,,3.125,,,,,,,,,
19572000,4893,3.75,,2.3364219665527344,,,,3.75,,,,,,,,,
19576000,4894,3.375,,2.2679176330566406,,,,3.375,,,,,,,,,
19580000,4895,2.375,,2.3218917846679688,,,,2.375,,,,,,,,,
19584000,4896,3.625,,2.2633395195007324,,,,3.625,,,,,,,,,
19588000,4897,3.375,,2.2959210872650146,,,,3.375,,,,,,,,,
19592000,4898,3.625,,2.34089994430542,,,,3.625,,,,,,,,,
19596000,4899,3.875,,2.1797587871551514,,,,3.875,,,,,,,,,
19600000,4900,3.75,,2.353429079055786,,,,3.75,,,,,,,,,
19604000,4901,3.25,,2.240424871444702,,,,3.25,,,,,,,,,
19608000,4902,3.625,,2.2928032875061035,,,,3.625,,,,,,,,,
19612000,4903,3.125,,2.3588099479675293,,,,3.125,,,,,,,,,
19616000,4904,3.5,,2.265486717224121,,,,3.5,,,,,,,,,
19620000,4905,2.875,,2.3034422397613525,,,,2.875,,,,,,,,,
19624000,4906,3.625,,2.2904088497161865,,,,3.625,,,,,,,,,
19628000,4907,4.125,,2.200018882751465,,,,4.125,,,,,,,,,
19632000,4908,3.0,,2.2607736587524414,,,,3.0,,,,,,,,,
19636000,4909,4.0,,2.3365092277526855,,,,4.0,,,,,,,,,
19640000,4910,3.5,,2.2802748680114746,,,,3.5,,,,,,,,,
19644000,4911,4.0,,2.290891170501709,,,,4.0,,,,,,,,,
19648000,4912,3.375,,2.340146541595459,,,,3.375,,,,,,,,,
19652000,4913,3.75,,2.293611526489258,,,,3.75,,,,,,,,,
19656000,4914,3.625,,2.2583022117614746,,,,3.625,,,,,,,,,
19660000,4915,3.625,,2.2157111167907715,,,,3.625,,,,,,,,,
19664000,4916,2.625,,2.25006103515625,,,,2.625,,,,,,,,,
19668000,4917,3.75,,2.2756423950195312,,,,3.75,,,,,,,,,
19672000,4918,2.375,,2.3516969680786133,,,,2.375,,,,,,,,,
19676000,4919,3.375,,2.203629970550537,,,,3.375,,,,,,,,,
19680000,4920,4.125,,2.260932445526123,,,,4.125,,,,,,,,,
19684000,4921,3.25,,2.2025833129882812,,,,3.25,,,,,,,,,
19688000,4922,3.875,,2.2355797290802,,,,3.875,,,,,,,,,
19692000,4923,3.75,,2.2173349857330322,,,,3.75,,,,,,,,,
19696000,4924,3.5,,2.2091028690338135,,,,3.5,,,,,,,,,
19700000,4925,4.125,,2.31598162651062,,,,4.125,,,,,,,,,
19704000,4926,3.25,,2.279365062713623,,,,3.25,,,,,,,,,
19708000,4927,3.75,,2.2662651538848877,,,,3.75,,,,,,,,,
19712000,4928,3.875,,2.3086533546447754,,,,3.875,,,,,,,,,
19716000,4929,3.75,,2.3148369789123535,,,,3.75,,,,,,,,,
19720000,4930,3.625,,2.255521774291992,,,,3.625,,,,,,,,,
19724000,4931,3.75,,2.296513080596924,,,,3.75,,,,,,,,,
19728000,4932,3.5,,2.27767276763916,,,,3.5,,,,,,,,,
19732000,4933,3.5,,2.265872001647949,,,,3.5,,,,,,,,,
19736000,4934,3.625,,2.248192071914673,,,,3.625,,,,,,,,,
19740000,4935,3.625,,2.325754165649414,,,,3.625,,,,,,,,,
19744000,4936,3.5,,2.224426746368408,,,,3.5,,,,,,,,,
19748000,4937,3.625,,2.271437644958496,,,,3.625,,,,,,,,,
19752000,4938,4.125,,2.2332820892333984,,,,4.125,,,,,,,,,
19756000,4939,3.75,,2.207329273223877,,,,3.75,,,,,,,,,
19760000,4940,3.125,,2.2659730911254883,,,,3.125,,,,,,,,,
19764000,4941,4.0,,2.2531187534332275,,,,4.0,,,,,,,,,
19768000,4942,4.0,,2.2277183532714844,,,,4.0,,,,,,,,,
19772000,4943,4.0,,2.223011016845703,,,,4.0,,,,,,,,,
19776000,4944,4.0,,2.2324295043945312,,,,4.0,,,,,,,,,
19780000,4945,3.875,,2.318915843963623,,,,3.875,,,,,,,,,
19784000,4946,3.875,,2.300635814666748,,,,3.875,,,,,,,,,
19788000,4947,3.875,,2.245617628097534,,,,3.875,,,,,,,,,
19792000,4948,3.25,,2.2144312858581543,,,,3.25,,,,,,,,,
19796000,4949,4.0,,2.261725425720215,,,,4.0,,,,,,,,,
19800000,4950,2.625,,2.243135929107666,,,,2.625,,,,,,,,,
19804000,4951,3.875,,2.2507288455963135,,,,3.875,,,,,,,,,
19808000,4952,3.875,,2.2754969596862793,,,,3.875,,,,,,,,,
19812000,4953,3.25,,2.174866199493408,,,,3.25,,,,,,,,,
19816000,4954,3.625,,2.2717208862304688,,,,3.625,,,,,,,,,
19820000,4955,2.75,,2.2045984268188477,,,,2.75,,,,,,,,,
19824000,4956,3.875,,2.2297263145446777,,,,3.875,,,,,,,,,
19828000,4957,3.25,,2.186938524246216,,,,3.25,,,,,,,,,
19832000,4958,3.5,,2.2118191719055176,,,,3.5,,,,,,,,,
19836000,4959,3.375,,2.2455365657806396,,,,3.375,,,,,,,,,
19840000,4960,4.125,,2.1521992683410645,,,,4.125,,,,,,,,,
19844000,4961,3.875,,2.283956527709961,,,,3.875,,,,,,,,,
19848000,4962,3.75,,2.1945343017578125,,,,3.75,,,,,,,,,
19852000,4963,3.75,,2.150930404663086,,,,3.75,,,,,,,,,
19856000,4964,2.5,,2.239910125732422,,,,2.5,,,,,,,,,
19860000,4965,3.625,,2.3149161338806152,,,,3.625,,,,,,,,,
19864000,4966,4.375,,2.34061598777771,,,,4.375,,,,,,,,,
19868000,4967,3.875,,2.289257526397705,,,,3.875,,,,,,,,,
19872000,4968,3.5,,2.289361000061035,,,,3.5,,,,,,,,,
19876000,4969,3.375,,2.259403944015503,,,,3.375,,,,,,,,,
19880000,4970,3.0,,2.2555224895477295,,,,3.0,,,,,,,,,
19884000,4971,2.0,,2.1964755058288574,,,,2.0,,,,,,,,,
19888000,4972,3.375,,2.213848352432251,,,,3.375,,,,,,,,,
19892000,4973,2.75,,2.2216978073120117,,,,2.75,,,,,,,,,
19896000,4974,4.5,,2.2409157752990723,,,,4.5,,,,,,,,,
19900000,4975,3.75,,2.282927989959717,,,,3.75,,,,,,,,,
19904000,4976,3.5,,2.229555368423462,,,,3.5,,,,,,,,,
19908000,4977,3.375,,2.2223362922668457,,,,3.375,,,,,,,,,
19912000,4978,3.625,,2.2686142921447754,,,,3.625,,,,,,,,,
19916000,4979,3.625,,2.3055996894836426,,,,3.625,,,,,,,,,
19920000,4980,2.875,,2.2986598014831543,,,,2.875,,,,,,,,,
19924000,4981,3.625,,2.279909133911133,,,,3.625,,,,,,,,,
19928000,4982,3.0,,2.296335220336914,,,,3.0,,,,,,,,,
19932000,4983,4.125,,2.2384796142578125,,,,4.125,,,,,,,,,
19936000,4984,4.0,,2.2484123706817627,,,,4.0,,,,,,,,,
19940000,4985,3.375,,2.259072780609131,,,,3.375,,,,,,,,,
19944000,4986,3.875,,2.3153579235076904,,,,3.875,,,,,,,,,
19948000,4987,3.75,,2.3652875423431396,,,,3.75,,,,,,,,,
19952000,4988,3.875,,2.185554027557373,,,,3.875,,,,,,,,,
19956000,4989,3.625,,2.256340980529785,,,,3.625,,,,,,,,,
19960000,4990,3.875,,2.2555084228515625,,,,3.875,,,,,,,,,
19964000,4991,3.625,,2.2385973930358887,,,,3.625,,,,,,,,,
19968000,4992,3.375,,2.2399985790252686,,,,3.375,,,,,,,,,
19972000,4993,3.375,,2.2285561561584473,,,,3.375,,,,,,,,,
19976000,4994,3.5,,2.29093599319458,,,,3.5,,,,,,,,,
19980000,4995,4.375,,2.2199878692626953,,,,4.375,,,,,,,,,
19984000,4996,3.25,,2.2739362716674805,,,,3.25,,,,,,,,,
19988000,4997,3.5,,2.2799301147460938,,,,3.5,,,,,,,,,
19992000,4998,3.75,,2.264432907104492,,,,3.75,,,,,,,,,
19996000,4999,3.25,,2.254202365875244,,,,3.25,,,,,,,,,
20000000,5000,3.875,,2.2105181217193604,,,,3.875,,,,,,,,,
20004000,5001,2.5,,2.1674113273620605,,,,2.5,,,,,,,,,
20008000,5002,4.0,,2.21652889251709,,,,4.0,,,,,,,,,
20012000,5003,4.125,,2.2330799102783203,,,,4.125,,,,,,,,,
20016000,5004,3.75,,2.2969021797180176,,,,3.75,,,,,,,,,
20020000,5005,3.875,,2.2562503814697266,,,,3.875,,,,,,,,,
20024000,5006,3.625,,2.1972055435180664,,,,3.625,,,,,,,,,
20028000,5007,4.125,,2.2638142108917236,,,,4.125,,,,,,,,,
20032000,5008,3.5,,2.272474765777588,,,,3.5,,,,,,,,,
20036000,5009,3.875,,2.266702175140381,,,,3.875,,,,,,,,,
20040000,5010,3.875,,2.2292399406433105,,,,3.875,,,,,,,,,
20044000,5011,3.75,,2.2578539848327637,,,,3.75,,,,,,,,,
20048000,5012,3.875,,2.2305240631103516,,,,3.875,,,,,,,,,
20052000,5013,3.75,,2.218214750289917,,,,3.75,,,,,,,,,
20056000,5014,4.25,,2.233675956726074,,,,4.25,,,,,,,,,
20060000,5015,4.125,,2.301093578338623,,,,4.125,,,,,,,,,
20064000,5016,3.25,,2.2314646244049072,,,,3.25,,,,,,,,,
20068000,5017,4.125,,2.303908348083496,,,,4.125,,,,,,,,,
20072000,5018,3.125,,2.232667922973633,,,,3.125,,,,,,,,,
20076000,5019,3.125,,2.3328051567077637,,,,3.125,,,,,,,,,
20080000,5020,3.375,,2.2695472240448,,,,3.375,,,,,,,,,
20084000,5021,3.625,,2.2902355194091797,,,,3.625,,,,,,,,,
20088000,5022,3.75,,2.3774056434631348,,,,3.75,,,,,,,,,
20092000,5023,4.0,,2.3165230751037598,,,,4.0,,,,,,,,,
20096000,5024,3.625,,2.26906156539917,,,,3.625,,,,,,,,,
20100000,5025,3.375,,2.297248363494873,,,,3.375,,,,,,,,,
20104000,5026,2.0,,2.244133949279785,,,,2.0,,,,,,,,,
20108000,5027,3.75,,2.332730293273926,,,,3.75,,,,,,,,,
20112000,5028,3.375,,2.2444281578063965,,,,3.375,,,,,,,,,
20116000,5029,3.0,,2.3326363563537598,,,,3.0,,,,,,,,,
20120000,5030,3.375,,2.2617759704589844,,,,3.375,,,,,,,,,
20124000,5031,3.75,,2.236159324645996,,,,3.75,,,,,,,,,
20128000,5032,3.125,,2.2350010871887207,,,,3.125,,,,,,,,,
20132000,5033,3.25,,2.2479944229125977,,,,3.25,,,,,,,,,
20136000,5034,1.375,,2.223820209503174,,,,1.375,,,,,,,,,
20140000,5035,3.625,,2.3050050735473633,,,,3.625,,,,,,,,,
20144000,5036,2.75,,2.208831310272217,,,,2.75,,,,,,,,,
20148000,5037,3.375,,2.1636276245117188,,,,3.375,,,,,,,,,
20152000,5038,2.75,,2.2220680713653564,,,,2.75,,,,,,,,,
20156000,5039,3.75,,2.1477880477905273,,,,3.75,,,,,,,,,
20160000,5040,3.0,,2.201824426651001,,,,3.0,,,,,,,,,
20164000,5041,3.5,,2.3036258220672607,,,,3.5,,,,,,,,,
20168000,5042,3.75,,2.2168710231781006,,,,3.75,,,,,,,,,
20172000,5043,4.0,,2.198801279067993,,,,4.0,,,,,,,,,
20176000,5044,3.625,,2.1810436248779297,,,,3.625,,,,,,,,,
20180000,5045,3.75,,2.3263981342315674,,,,3.75,,,,,,,,,
20184000,5046,4.125,,2.289574146270752,,,,4.125,,,,,,,,,
20188000,5047,4.0,,2.1615569591522217,,,,4.0,,,,,,,,,
20192000,5048,3.375,,2.1902174949645996,,,,3.375,,,,,,,,,
20196000,5049,2.75,,2.1461424827575684,,,,2.75,,,,,,,,,
20200000,5050,3.75,,2.214200019836426,,,,3.75,,,,,,,,,
20204000,5051,4.0,,2.273935079574585,,,,4.0,,,,,,,,,
20208000,5052,4.0,,2.1852052211761475,,,,4.0,,,,,,,,,
20212000,5053,3.5,,2.244215488433838,,,,3.5,,,,,,,,,
20216000,5054,4.0,,2.230302572250366,,,,4.0,,,,,,,,,
20220000,5055,3.5,,2.2842934131622314,,,,3.5,,,,,,,,,
20224000,5056,3.375,,2.2988455295562744,,,,3.375,,,,,,,,,
20228000,5057,3.5,,2.1365761756896973,,,,3.5,,,,,,,,,
20232000,5058,3.875,,2.2940616607666016,,,,3.875,,,,,,,,,
20236000,5059,3.75,,2.253798484802246,,,,3.75,,,,,,,,,
20240000,5060,2.875,,2.1640310287475586,,,,2.875,,,,,,,,,
20244000,5061,3.75,,2.2155017852783203,,,,3.75,,,,,,,,,
20248000,5062,2.625,,2.251619815826416,,,,2.625,,,,,,,,,
20252000,5063,3.875,,2.1548104286193848,,,,3.875,,,,,,,,,
20256000,5064,4.375,,2.141367197036743,,,,4.375,,,,,,,,,
20260000,5065,3.375,,2.2065634727478027,,,,3.375,,,,,,,,,
20264000,5066,4.125,,2.143545627593994,,,,4.125,,,,,,,,,
20268000,5067,3.125,,2.190946102142334,,,,3.125,,,,,,,,,
20272000,5068,3.25,,2.2264959812164307,,,,3.25,,,,,,,,,
20276000,5069,4.125,,2.214212656021118,,,,4.125,,,,,,,,,
20280000,5070,4.0,,2.2367665767669678,,,,4.0,,,,,,,,,
20284000,5071,3.875,,2.215027332305908,,,,3.875,,,,,,,,,
20288000,5072,3.875,,2.200432538986206,,,,3.875,,,,,,,,,
20292000,5073,3.125,,2.2047464847564697,,,,3.125,,,,,,,,,
20296000,5074,4.25,,2.175574779510498,,,,4.25,,,,,,,,,
20300000,5075,4.0,,2.1966371536254883,,,,4.0,,,,,,,,,
20304000,5076,3.625,,2.1786723136901855,,,,3.625,,,,,,,,,
20308000,5077,3.875,,2.1633689403533936,,,,3.875,,,,,,,,,
20312000,5078,2.875,,2.141684055328369,,,,2.875,,,,,,,,,
20316000,5079,3.875,,2.1970067024230957,,,,3.875,,,,,,,,,
20320000,5080,3.875,,2.192452907562256,,,,3.875,,,,,,,,,
20324000,5081,4.375,,2.2645721435546875,,,,4.375,,,,,,,,,
20328000,5082,3.875,,2.2276995182037354,,,,3.875,,,,,,,,,
20332000,5083,3.0,,2.219986915588379,,,,3.0,,,,,,,,,
20336000,5084,3.75,,2.249441623687744,,,,3.75,,,,,,,,,
20340000,5085,4.0,,2.1637587547302246,,,,4.0,,,,,,,,,
20344000,5086,4.25,,2.20400071144104,,,,4.25,,,,,,,,,
20348000,5087,3.625,,2.2092676162719727,,,,3.625,,,,,,,,,
20352000,5088,3.625,,2.2212376594543457,,,,3.625,,,,,,,,,
20356000,5089,3.375,,2.243654251098633,,,,3.375,,,,,,,,,
20360000,5090,3.875,,2.187047004699707,,,,3.875,,,,,,,,,
20364000,5091,4.0,,2.2046868801116943,,,,4.0,,,,,,,,,
20368000,5092,4.125,,2.165304660797119,,,,4.125,,,,,,,,,
20372000,5093,3.875,,2.2575159072875977,,,,3.875,,,,,,,,,
20376000,5094,4.0,,2.2703678607940674,,,,4.0,,,,,,,,,
20380000,5095,4.25,,2.2213211059570312,,,,4.25,,,,,,,,,
20384000,5096,3.875,,2.202467441558838,,,,3.875,,,,,,,,,
20388000,5097,4.0,,2.225642442703247,,,,4.0,,,,,,,,,
20392000,5098,4.0,,2.233347177505493,,,,4.0,,,,,,,,,
20396000,5099,3.75,,2.2631564140319824,,,,3.75,,,,,,,,,
20400000,5100,3.875,,2.3029487133026123,,,,3.875,,,,,,,,,
20404000,5101,3.25,,2.212986469268799,,,,3.25,,,,,,,,,
20408000,5102,4.25,,2.2468607425689697,,,,4.25,,,,,,,,,
20412000,5103,3.75,,2.2607412338256836,,,,3.75,,,,,,,,,
20416000,5104,3.25,,2.242154359817505,,,,3.25,,,,,,,,,
20420000,5105,4.0,,2.2026381492614746,,,,4.0,,,,,,,,,
20424000,5106,3.625,,2.2619526386260986,,,,3.625,,,,,,,,,
20428000,5107,2.75,,2.2037229537963867,,,,2.75,,,,,,,,,
20432000,5108,3.75,,2.203331232070923,,,,3.75,,,,,,,,,
20436000,5109,3.75,,2.244778633117676,,,,3.75,,,,,,,,,
20440000,5110,3.875,,2.3005242347717285,,,,3.875,,,,,,,,,
20444000,5111,4.125,,2.2443621158599854,,,,4.125,,,,,,,,,
20448000,5112,3.75,,2.2574644088745117,,,,3.75,,,,,,,,,
20452000,5113,3.375,,2.2112574577331543,,,,3.375,,,,,,,,,
20456000,5114,3.0,,2.293823480606079,,,,3.0,,,,,,,,,
20460000,5115,3.125,,2.246098041534424,,,,3.125,,,,,,,,,
20464000,5116,3.25,,2.287215232849121,,,,3.25,,,,,,,,,
20468000,5117,3.625,,2.1939425468444824,,,,3.625,,,,,,,,,
20472000,5118,3.0,,2.2521891593933105,,,,3.0,,,,,,,,,
20476000,5119,3.375,,2.229637861251831,,,,3.375,,,,,,,,,
20480000,5120,3.75,,2.2541284561157227,,,,3.75,,,,,,,,,
20484000,5121,3.75,,2.200420618057251,,,,3.75,,,,,,,,,
20488000,5122,3.75,,2.219984531402588,,,,3.75,,,,,,,,,
20492000,5123,3.875,,2.1926326751708984,,,,3.875,,,,,,,,,
20496000,5124,4.0,,2.2699337005615234,,,,4.0,,,,,,,,,
20500000,5125,3.625,,2.2131505012512207,,,,3.625,,,,,,,,,
20504000,5126,3.75,,2.231405735015869,,,,3.75,,,,,,,,,
20508000,5127,3.75,,2.2042696475982666,,,,3.75,,,,,,,,,
20512000,5128,3.875,,2.191743850708008,,,,3.875,,,,,,,,,
20516000,5129,3.375,,2.1207523345947266,,,,3.375,,,,,,,,,
20520000,5130,3.75,,2.1787970066070557,,,,3.75,,,,,,,,,
20524000,5131,4.0,,2.2063186168670654,,,,4.0,,,,,,,,,
20528000,5132,3.75,,2.1681692600250244,,,,3.75,,,,,,,,,
20532000,5133,3.75,,2.2082810401916504,,,,3.75,,,,,,,,,
20536000,5134,4.125,,2.2520089149475098,,,,4.125,,,,,,,,,
20540000,5135,3.625,,2.202504873275757,,,,3.625,,,,,,,,,
20544000,5136,4.0,,2.232076644897461,,,,4.0,,,,,,,,,
20548000,5137,4.0,,2.2028884887695312,,,,4.0,,,,,,,,,
20552000,5138,4.0,,2.215106964111328,,,,4.0,,,,,,,,,
20556000,5139,4.0,,2.1551952362060547,,,,4.0,,,,,,,,,
20560000,5140,3.75,,2.1409103870391846,,,,3.75,,,,,,,,,
20564000,5141,3.5,,2.202223777770996,,,,3.5,,,,,,,,,
20568000,5142,3.75,,2.169119119644165,,,,3.75,,,,,,,,,
20572000,5143,3.75,,2.208991050720215,,,,3.75,,,,,,,,,
20576000,5144,3.75,,2.1528568267822266,,,,3.75,,,,,,,,,
20580000,5145,3.5,,2.2498602867126465,,,,3.5,,,,,,,,,
20584000,5146,3.875,,2.2480127811431885,,,,3.875,,,,,,,,,
20588000,5147,3.875,,2.1578545570373535,,,,3.875,,,,,,,,,
20592000,5148,4.0,,2.1709890365600586,,,,4.0,,,,,,,,,
20596000,5149,4.0,,2.157169818878174,,,,4.0,,,,,,,,,
20600000,5150,4.25,,2.212845802307129,,,,4.25,,,,,,,,,
20604000,5151,4.25,,2.2933011054992676,,,,4.25,,,,,,,,,
20608000,5152,3.625,,2.281625986099243,,,,3.625,,,,,,,,,
20612000,5153,3.625,,2.2158572673797607,,,,3.625,,,,,,,,,
20616000,5154,3.375,,2.213857650756836,,,,3.375,,,,,,,,,
20620000,5155,3.875,,2.2702317237854004,,,,3.875,,,,,,,,,
20624000,5156,4.125,,2.2502870559692383,,,,4.125,,,,,,,,,
20628000,5157,3.875,,2.2408530712127686,,,,3.875,,,,,,,,,
20632000,5158,3.875,,2.221431016921997,,,,3.875,,,,,,,,,
20636000,5159,3.75,,2.202937126159668,,,,3.75,,,,,,,,,
20640000,5160,3.75,,2.256103277206421,,,,3.75,,,,,,,,,
20644000,5161,3.875,,2.2462711334228516,,,,3.875,,,,,,,,,
20648000,5162,3.25,,2.2034261226654053,,,,3.25,,,,,,,,,
20652000,5163,3.75,,2.2602896690368652,,,,3.75,,,,,,,,,
20656000,5164,3.375,,2.271487236022949,,,,3.375,,,,,,,,,
20660000,5165,2.75,,2.1794919967651367,,,,2.75,,,,,,,,,
20664000,5166,4.25,,2.2902493476867676,,,,4.25,,,,,,,,,
20668000,5167,2.625,,2.1816763877868652,,,,2.625,,,,,,,,,
20672000,5168,3.875,,2.217458963394165,,,,3.875,,,,,,,,,
20676000,5169,2.375,,2.2797837257385254,,,,2.375,,,,,,,,,
20680000,5170,3.625,,2.2760815620422363,,,,3.625,,,,,,,,,
20684000,5171,3.625,,2.1822121143341064,,,,3.625,,,,,,,,,
20688000,5172,3.75,,2.204333782196045,,,,3.75,,,,,,,,,
20692000,5173,3.5,,2.142796277999878,,,,3.5,,,,,,,,,
20696000,5174,2.875,,2.2727084159851074,,,,2.875,,,,,,,,,
20700000,5175,4.25,,2.2285265922546387,,,,4.25,,,,,,,,,
20704000,5176,2.75,,2.2418060302734375,,,,2.75,,,,,,,,,
20708000,5177,3.875,,2.2439475059509277,,,,3.875,,,,,,,,,
20712000,5178,3.5,,2.1752889156341553,,,,3.5,,,,,,,,,
20716000,5179,3.375,,2.1946589946746826,,,,3.375,,,,,,,,,
20720000,5180,3.875,,2.2282304763793945,,,,3.875,,,,,,,,,
20724000,5181,2.875,,2.1810832023620605,,,,2.875,,,,,,,,,
20728000,5182,3.875,,2.1752753257751465,,,,3.875,,,,,,,,,
20732000,5183,3.75,,2.1634552478790283,,,,3.75,,,,,,,,,
20736000,5184,3.75,,2.1224870681762695,,,,3.75,,,,,,,,,
20740000,5185,3.875,,2.283250570297241,,,,3.875,,,,,,,,,
20744000,5186,3.625,,2.200465202331543,,,,3.625,,,,,,,,,
20748000,5187,3.875,,2.200054883956909,,,,3.875,,,,,,,,,
20752000,5188,3.125,,2.18868088722229,,,,3.125,,,,,,,,,
20756000,5189,3.75,,2.1220695972442627,,,,3.75,,,,,,,,,
20760000,5190,3.75,,2.186187267303467,,,,3.75,,,,,,,,,
20764000,5191,3.875,,2.1720571517944336,,,,3.875,,,,,,,,,
20768000,5192,2.25,,2.1864261627197266,,,,2.25,,,,,,,,,
20772000,5193,3.375,,2.159656524658203,,,,3.375,,,,,,,,,
20776000,5194,3.125,,2.2080352306365967,,,,3.125,,,,,,,,,
20780000,5195,4.125,,2.1376266479492188,,,,4.125,,,,,,,,,
20784000,5196,3.75,,2.2060670852661133,,,,3.75,,,,,,,,,
20788000,5197,4.25,,2.261579751968384,,,,4.25,,,,,,,,,
20792000,5198,3.75,,2.2029528617858887,,,,3.75,,,,,,,,,
20796000,5199,3.625,,2.2405781745910645,,,,3.625,,,,,,,,,
20800000,5200,4.125,,2.261415958404541,,,,4.125,,,,,,,,,
20804000,5201,3.125,,2.1981983184814453,,,,3.125,,,,,,,,,
20808000,5202,3.625,,2.1452908515930176,,,,3.625,,,,,,,,,
20812000,5203,3.75,,2.184326648712158,,,,3.75,,,,,,,,,
20816000,5204,3.625,,2.191903829574585,,,,3.625,,,,,,,,,
20820000,5205,3.875,,2.135843276977539,,,,3.875,,,,,,,,,
20824000,5206,4.125,,2.1716766357421875,,,,4.125,,,,,,,,,
20828000,5207,4.125,,2.1910624504089355,,,,4.125,,,,,,,,,
20832000,5208,3.125,,2.2213118076324463,,,,3.125,,,,,,,,,
20836000,5209,2.75,,2.176600694656372,,,,2.75,,,,,,,,,
20840000,5210,2.625,,2.1498451232910156,,,,2.625,,,,,,,,,
20844000,5211,4.25,,2.190035820007324,,,,4.25,,,,,,,,,
20848000,5212,3.75,,2.1941232681274414,,,,3.75,,,,,,,,,
20852000,5213,3.875,,2.2102346420288086,,,,3.875,,,,,,,,,
20856000,5214,4.0,,2.1445188522338867,,,,4.0,,,,,,,,,
20860000,5215,4.0,,2.1990208625793457,,,,4.0,,,,,,,,,
20864000,5216,3.375,,2.2061305046081543,,,,3.375,,,,,,,,,
20868000,5217,3.625,,2.198305606842041,,,,3.625,,,,,,,,,
20872000,5218,3.75,,2.116992473602295,,,,3.75,,,,,,,,,
20876000,5219,3.625,,2.090200424194336,,,,3.625,,,,,,,,,
20880000,5220,3.625,,2.182844638824463,,,,3.625,,,,,,,,,
20884000,5221,4.375,,2.1889288425445557,,,,4.375,,,,,,,,,
20888000,5222,3.375,,2.1279876232147217,,,,3.375,,,,,,,,,
20892000,5223,4.0,,2.135735034942627,,,,4.0,,,,,,,,,
20896000,5224,3.5,,2.14862322807312,,,,3.5,,,,,,,,,
20900000,5225,3.625,,2.110034465789795,,,,3.625,,,,,,,,,
20904000,5226,3.875,,2.153999090194702,,,,3.875,,,,,,,,,
20908000,5227,4.125,,2.0987393856048584,,,,4.125,,,,,,,,,
20912000,5228,3.75,,2.091201066970825,,,,3.75,,,,,,,,,
20916000,5229,4.0,,2.094852924346924,,,,4.0,,,,,,,,,
20920000,5230,4.0,,2.1345713138580322,,,,4.0,,,,,,,,,
20924000,5231,3.5,,2.113571882247925,,,,3.5,,,,,,,,,
20928000,5232,2.625,,2.1395742893218994,,,,2.625,,,,,,,,,
20932000,5233,3.375,,2.1152336597442627,,,,3.375,,,,,,,,,
20936000,5234,1.375,,2.1630897521972656,,,,1.375,,,,,,,,,
20940000,5235,3.25,,2.073221445083618,,,,3.25,,,,,,,,,
20944000,5236,3.125,,2.0590195655822754,,,,3.125,,,,,,,,,
20948000,5237,4.25,,2.0751404762268066,,,,4.25,,,,,,,,,
20952000,5238,3.625,,2.1379568576812744,,,,3.625,,,,,,,,,
20956000,5239,3.625,,2.070087432861328,,,,3.625,,,,,,,,,
20960000,5240,4.125,,2.182443141937256,,,,4.125,,,,,,,,,
20964000,5241,3.625,,2.136707305908203,,,,3.625,,,,,,,,,
20968000,5242,3.0,,2.138174533843994,,,,3.0,,,,,,,,,
20972000,5243,4.125,,2.1424076557159424,,,,4.125,,,,,,,,,
20976000,5244,3.75,,2.1058778762817383,,,,3.75,,,,,,,,,
20980000,5245,1.75,,2.129688024520874,,,,1.75,,,,,,,,,
20984000,5246,3.375,,2.081704616546631,,,,3.375,,,,,,,,,
20988000,5247,3.75,,2.0943808555603027,,,,3.75,,,,,,,,,
20992000,5248,2.125,,2.042297124862671,,,,2.125,,,,,,,,,
20996000,5249,3.375,,2.059201240539551,,,,3.375,,,,,,,,,
21000000,5250,3.375,,2.037478446960449,,,,3.375,,,,,,,,,
21004000,5251,3.5,,2.1092958450317383,,,,3.5,,,,,,,,,
21008000,5252,4.0,,2.095235824584961,,,,4.0,,,,,,,,,
21012000,5253,3.75,,2.1008763313293457,,,,3.75,,,,,,,,,
21016000,5254,3.0,,2.0763378143310547,,,,3.0,,,,,,,,,
21020000,5255,3.5,,2.0813803672790527,,,,3.5,,,,,,,,,
21024000,5256,4.375,,2.0712151527404785,,,,4.375,,,,,,,,,
21028000,5257,3.75,,2.0682449340820312,,,,3.75,,,,,,,,,
21032000,5258,3.0,,2.1282548904418945,,,,3.0,,,,,,,,,
21036000,5259,2.5,,2.0252432823181152,,,,2.5,,,,,,,,,
21040000,5260,3.625,,1.9652849435806274,,,,3.625,,,,,,,,,
21044000,5261,3.75,,1.9745503664016724,,,,3.75,,,,,,,,,
21048000,5262,3.0,,2.0779976844787598,,,,3.0,,,,,,,,,
21052000,5263,3.75,,2.092247486114502,,,,3.75,,,,,,,,,
21056000,5264,4.0,,2.0640649795532227,,,,4.0,,,,,,,,,
21060000,5265,4.0,,2.0269227027893066,,,,4.0,,,,,,,,,
21064000,5266,3.625,,2.019270420074463,,,,3.625,,,,,,,,,
21068000,5267,3.875,,2.0516200065612793,,,,3.875,,,,,,,,,
21072000,5268,3.875,,2.0121171474456787,,,,3.875,,,,,,,,,
21076000,5269,4.0,,2.0724127292633057,,,,4.0,,,,,,,,,
21080000,5270,4.0,,2.122817039489746,,,,4.0,,,,,,,,,
21084000,5271,3.375,,2.0691516399383545,,,,3.375,,,,,,,,,
21088000,5272,4.0,,2.009209394454956,,,,4.0,,,,,,,,,
21092000,5273,4.0,,2.0372915267944336,,,,4.0,,,,,,,,,
21096000,5274,3.125,,2.054471969604492,,,,3.125,,,,,,,,,
21100000,5275,3.75,,2.02236270904541,,,,3.75,,,,,,,,,
21104000,5276,4.0,,2.042351007461548,,,,4.0,,,,,,,,,
21108000,5277,3.875,,2.0587217807769775,,,,3.875,,,,,,,,,
21112000,5278,3.625,,2.033534526824951,,,,3.625,,,,,,,,,
21116000,5279,3.75,,2.011002779006958,,,,3.75,,,,,,,,,
21120000,5280,2.875,,2.07614803314209,,,,2.875,,,,,,,,,
21124000,5281,3.75,,2.085698127746582,,,,3.75,,,,,,,,,
21128000,5282,4.0,,2.086472272872925,,,,4.0,,,,,,,,,
21132000,5283,3.875,,1.9877396821975708,,,,3.875,,,,,,,,,
21136000,5284,3.875,,2.0165555477142334,,,,3.875,,,,,,,,,
21140000,5285,3.875,,2.077526569366455,,,,3.875,,,,,,,,,
21144000,5286,3.375,,2.023697853088379,,,,3.375,,,,,,,,,
21148000,5287,2.875,,2.1072654724121094,,,,2.875,,,,,,,,,
21152000,5288,3.375,,2.0183026790618896,,,,3.375,,,,,,,,,
21156000,5289,3.625,,1.9714031219482422,,,,3.625,,,,,,,,,
21160000,5290,4.125,,2.0820798873901367,,,,4.125,,,,,,,,,
21164000,5291,2.375,,2.073545455932617,,,,2.375,,,,,,,,,
21168000,5292,3.0,,2.0583736896514893,,,,3.0,,,,,,,,,
21172000,5293,2.375,,2.0962531566619873,,,,2.375,,,,,,,,,
21176000,5294,3.875,,1.9389293193817139,,,,3.875,,,,,,,,,
21180000,5295,3.75,,2.025862455368042,,,,3.75,,,,,,,,,
21184000,5296,2.75,,2.0272321701049805,,,,2.75,,,,,,,,,
21188000,5297,3.875,,2.0218629837036133,,,,3.875,,,,,,,,,
21192000,5298,3.125,,2.029606819152832,,,,3.125,,,,,,,,,
21196000,5299,3.5,,2.11020565032959,,,,3.5,,,,,,,,,
21200000,5300,4.0,,1.9963250160217285,,,,4.0,,,,,,,,,
21204000,5301,3.75,,2.012021541595459,,,,3.75,,,,,,,,,
21208000,5302,3.5,,2.007063150405884,,,,3.5,,,,,,,,,
21212000,5303,3.75,,2.016890525817871,,,,3.75,,,,,,,,,
21216000,5304,3.75,,2.121842384338379,,,,3.75,,,,,,,,,
21220000,5305,3.75,,2.0244956016540527,,,,3.75,,,,,,,,,
21224000,5306,3.125,,1.9709597826004028,,,,3.125,,,,,,,,,
21228000,5307,4.125,,2.0065431594848633,,,,4.125,,,,,,,,,
21232000,5308,3.625,,2.04862117767334,,,,3.625,,,,,,,,,
21236000,5309,2.875,,2.0012896060943604,,,,2.875,,,,,,,,,
21240000,5310,3.375,,2.051741123199463,,,,3.375,,,,,,,,,
21244000,5311,3.375,,2.021172046661377,,,,3.375,,,,,,,,,
21248000,5312,3.375,,1.9381651878356934,,,,3.375,,,,,,,,,
21252000,5313,3.875,,1.9814661741256714,,,,3.875,,,,,,,,,
21256000,5314,2.875,,2.0459747314453125,,,,2.875,,,,,,,,,
21260000,5315,2.25,,2.058917284011841,,,,2.25,,,,,,,,,
21264000,5316,4.25,,1.9809043407440186,,,,4.25,,,,,,,,,
21268000,5317,4.125,,2.034691333770752,,,,4.125,,,,,,,,,
21272000,5318,2.875,,2.0309858322143555,,,,2.875,,,,,,,,,
21276000,5319,4.375,,2.016451597213745,,,,4.375,,,,,,,,,
21280000,5320,3.875,,1.999468445777893,,,,3.875,,,,,,,,,
21284000,5321,3.875,,2.0066370964050293,,,,3.875,,,,,,,,,
21288000,5322,3.625,,1.9616280794143677,,,,3.625,,,,,,,,,
21292000,5323,3.875,,1.9414738416671753,,,,3.875,,,,,,,,,
21296000,5324,3.0,,1.943544626235962,,,,3.0,,,,,,,,,
21300000,5325,3.625,,1.988128900527954,,,,3.625,,,,,,,,,
21304000,5326,3.25,,2.002901315689087,,,,3.25,,,,,,,,,
21308000,5327,4.0,,2.040341854095459,,,,4.0,,,,,,,,,
21312000,5328,3.375,,1.9469125270843506,,,,3.375,,,,,,,,,
21316000,5329,3.125,,2.04072642326355,,,,3.125,,,,,,,,,
21320000,5330,3.875,,2.0968475341796875,,,,3.875,,,,,,,,,
21324000,5331,3.875,,1.9834187030792236,,,,3.875,,,,,,,,,
21328000,5332,2.875,,2.0230886936187744,,,,2.875,,,,,,,,,
21332000,5333,3.875,,2.06679630279541,,,,3.875,,,,,,,,,
21336000,5334,3.875,,1.9030091762542725,,,,3.875,,,,,,,,,
21340000,5335,3.875,,1.9595892429351807,,,,3.875,,,,,,,,,
21344000,5336,3.75,,2.057798147201538,,,,3.75,,,,,,,,,
21348000,5337,4.25,,1.9607182741165161,,,,4.25,,,,,,,,,
21352000,5338,4.125,,1.951659917831421,,,,4.125,,,,,,,,,
21356000,5339,3.875,,2.0574839115142822,,,,3.875,,,,,,,,,
21360000,5340,3.625,,2.0342235565185547,,,,3.625,,,,,,,,,
21364000,5341,3.875,,2.002626419067383,,,,3.875,,,,,,,,,
21368000,5342,3.25,,1.9822895526885986,,,,3.25,,,,,,,,,
21372000,5343,3.375,,2.0110254287719727,,,,3.375,,,,,,,,,
21376000,5344,3.5,,1.9349689483642578,,,,3.5,,,,,,,,,
21380000,5345,3.375,,1.9682403802871704,,,,3.375,,,,,,,,,
21384000,5346,3.875,,2.0324647426605225,,,,3.875,,,,,,,,,
21388000,5347,4.125,,1.9955775737762451,,,,4.125,,,,,,,,,
21392000,5348,2.625,,1.9134161472320557,,,,2.625,,,,,,,,,
21396000,5349,3.625,,1.9574699401855469,,,,3.625,,,,,,,,,
21400000,5350,4.0,,1.9470088481903076,,,,4.0,,,,,,,,,
21404000,5351,2.375,,1.9348002672195435,,,,2.375,,,,,,,,,
21408000,5352,3.75,,1.9866982698440552,,,,3.75,,,,,,,,,
21412000,5353,3.5,,1.9985177516937256,,,,3.5,,,,,,,,,
21416000,5354,3.75,,2.013171434402466,,,,3.75,,,,,,,,,
21420000,5355,4.375,,2.0159542560577393,,,,4.375,,,,,,,,,
21424000,5356,3.75,,1.9683516025543213,,,,3.75,,,,,,,,,
21428000,5357,3.5,,1.9593733549118042,,,,3.5,,,,,,,,,
21432000,5358,4.125,,1.965611219406128,,,,4.125,,,,,,,,,
21436000,5359,3.125,,1.970111608505249,,,,3.125,,,,,,,,,
21440000,5360,3.5,,2.0047078132629395,,,,3.5,,,,,,,,,
21444000,5361,3.75,,2.013608455657959,,,,3.75,,,,,,,,,
21448000,5362,3.75,,1.990931510925293,,,,3.75,,,,,,,,,
21452000,5363,3.625,,1.98765230178833,,,,3.625,,,,,,,,,
21456000,5364,3.625,,1.9549083709716797,,,,3.625,,,,,,,,,
21460000,5365,4.375,,2.0012481212615967,,,,4.375,,,,,,,,,
21464000,5366,4.0,,1.984174132347107,,,,4.0,,,,,,,,,
21468000,5367,3.875,,1.9409970045089722,,,,3.875,,,,,,,,,
21472000,5368,4.0,,2.005117177963257,,,,4.0,,,,,,,,,
21476000,5369,3.75,,1.9438724517822266,,,,3.75,,,,,,,,,
21480000,5370,4.125,,2.049262046813965,,,,4.125,,,,,,,,,
21484000,5371,3.875,,2.0261850357055664,,,,3.875,,,,,,,,,
21488000,5372,3.625,,2.0646088123321533,,,,3.625,,,,,,,,,
21492000,5373,4.0,,1.8760292530059814,,,,4.0,,,,,,,,,
21496000,5374,3.375,,2.033376932144165,,,,3.375,,,,,,,,,
21500000,5375,2.875,,1.9931793212890625,,,,2.875,,,,,,,,,
21504000,5376,4.0,,2.0020930767059326,,,,4.0,,,,,,,,,
21508000,5377,3.625,,1.983978271484375,,,,3.625,,,,,,,,,
21512000,5378,3.75,,1.9771413803100586,,,,3.75,,,,,,,,,
21516000,5379,4.125,,2.0048179626464844,,,,4.125,,,,,,,,,
21520000,5380,4.0,,2.0343127250671387,,,,4.0,,,,,,,,,
21524000,5381,3.75,,1.9196856021881104,,,,3.75,,,,,,,,,
21528000,5382,3.375,,2.0312838554382324,,,,3.375,,,,,,,,,
21532000,5383,4.25,,2.045703172683716,,,,4.25,,,,,,,,,
21536000,5384,3.875,,1.9927250146865845,,,,3.875,,,,,,,,,
21540000,5385,3.75,,2.030348300933838,,,,3.75,,,,,,,,,
21544000,5386,3.375,,1.9966617822647095,,,,3.375,,,,,,,,,
21548000,5387,3.75,,1.9882466793060303,,,,3.75,,,,,,,,,
21552000,5388,3.5,,2.0578548908233643,,,,3.5,,,,,,,,,
21556000,5389,3.0,,1.9860782623291016,,,,3.0,,,,,,,,,
21560000,5390,3.75,,2.0283310413360596,,,,3.75,,,,,,,,,
21564000,5391,3.0,,2.0642037391662598,,,,3.0,,,,,,,,,
21568000,5392,3.625,,2.000420093536377,,,,3.625,,,,,,,,,
21572000,5393,3.25,,1.9998549222946167,,,,3.25,,,,,,,,,
21576000,5394,4.0,,2.0040552616119385,,,,4.0,,,,,,,,,
21580000,5395,4.125,,1.990706205368042,,,,4.125,,,,,,,,,
21584000,5396,4.375,,1.9727725982666016,,,,4.375,,,,,,,,,
21588000,5397,3.875,,1.9780919551849365,,,,3.875,,,,,,,,,
21592000,5398,3.25,,1.9706976413726807,,,,3.25,,,,,,,,,
21596000,5399,3.75,,2.050337791442871,,,,3.75,,,,,,,,,
21600000,5400,3.75,,2.067326545715332,,,,3.75,,,,,,,,,
21604000,5401,4.125,,2.026521682739258,,,,4.125,,,,,,,,,
21608000,5402,3.875,,2.0090227127075195,,,,3.875,,,,,,,,,
21612000,5403,4.0,,1.9687535762786865,,,,4.0,,,,,,,,,
21616000,5404,4.125,,1.9777798652648926,,,,4.125,,,,,,,,,
21620000,5405,4.125,,1.9951361417770386,,,,4.125,,,,,,,,,
21624000,5406,3.625,,2.005228042602539,,,,3.625,,,,,,,,,
21628000,5407,3.875,,1.971785068511963,,,,3.875,,,,,,,,,
21632000,5408,2.375,,1.9912281036376953,,,,2.375,,,,,,,,,
21636000,5409,3.5,,2.0061068534851074,,,,3.5,,,,,,,,,
21640000,5410,4.0,,1.9588477611541748,,,,4.0,,,,,,,,,
21644000,5411,3.25,,1.997248649597168,,,,3.25,,,,,,,,,
21648000,5412,3.5,,1.9764374494552612,,,,3.5,,,,,,,,,
21652000,5413,4.125,,2.03523588180542,,,,4.125,,,,,,,,,
21656000,5414,3.625,,1.9894404411315918,,,,3.625,,,,,,,,,
21660000,5415,3.125,,2.0349555015563965,,,,3.125,,,,,,,,,
21664000,5416,3.5,,2.0464611053466797,,,,3.5,,,,,,,,,
21668000,5417,3.875,,1.9410845041275024,,,,3.875,,,,,,,,,
21672000,5418,4.25,,2.034855842590332,,,,4.25,,,,,,,,,
21676000,5419,3.875,,2.0508131980895996,,,,3.875,,,,,,,,,
21680000,5420,3.75,,1.985011339187622,,,,3.75,,,,,,,,,
21684000,5421,3.75,,1.9554758071899414,,,,3.75,,,,,,,,,
21688000,5422,3.875,,2.0785748958587646,,,,3.875,,,,,,,,,
21692000,5423,3.625,,2.0490639209747314,,,,3.625,,,,,,,,,
21696000,5424,3.75,,2.0478017330169678,,,,3.75,,,,,,,,,
21700000,5425,3.875,,2.0490059852600098,,,,3.875,,,,,,,,,
21704000,5426,3.375,,2.006958484649658,,,,3.375,,,,,,,,,
21708000,5427,3.625,,1.9821350574493408,,,,3.625,,,,,,,,,
21712000,5428,4.125,,2.097531795501709,,,,4.125,,,,,,,,,
21716000,5429,3.5,,2.0825929641723633,,,,3.5,,,,,,,,,
21720000,5430,2.875,,2.0396528244018555,,,,2.875,,,,,,,,,
21724000,5431,3.0,,1.8941110372543335,,,,3.0,,,,,,,,,
21728000,5432,3.875,,1.9460766315460205,,,,3.875,,,,,,,,,
21732000,5433,4.0,,2.094639539718628,,,,4.0,,,,,,,,,
21736000,5434,3.75,,2.127135992050171,,,,3.75,,,,,,,,,
21740000,5435,3.5,,1.984362006187439,,,,3.5,,,,,,,,,
21744000,5436,2.375,,2.014301300048828,,,,2.375,,,,,,,,,
21748000,5437,3.25,,2.0001254081726074,,,,3.25,,,,,,,,,
21752000,5438,3.0,,2.0709030628204346,,,,3.0,,,,,,,,,
21756000,5439,3.875,,2.004923105239868,,,,3.875,,,,,,,,,
21760000,5440,3.625,,1.9927011728286743,,,,3.625,,,,,,,,,
21764000,5441,3.5,,1.97896409034729,,,,3.5,,,,,,,,,
21768000,5442,3.25,,2.0536446571350098,,,,3.25,,,,,,,,,
21772000,5443,2.75,,1.9592750072479248,,,,2.75,,,,,,,,,
21776000,5444,3.25,,2.008145332336426,,,,3.25,,,,,,,,,
21780000,5445,3.625,,1.9927499294281006,,,,3.625,,,,,,,,,
21784000,5446,3.0,,1.9262797832489014,,,,3.0,,,,,,,,,
21788000,5447,3.25,,1.9582326412200928,,,,3.25,,,,,,,,,
21792000,5448,3.25,,1.9170410633087158,,,,3.25,,,,,,,,,
21796000,5449,2.0,,1.9441078901290894,,,,2.0,,,,,,,,,
21800000,5450,2.125,,2.0519790649414062,,,,2.125,,,,,,,,,
21804000,5451,3.875,,1.9911600351333618,,,,3.875,,,,,,,,,
21808000,5452,3.625,,1.9493407011032104,,,,3.625,,,,,,,,,
21812000,5453,3.625,,1.948533296585083,,,,3.625,,,,,,,,,
21816000,5454,3.0,,2.0536746978759766,,,,3.0,,,,,,,,,
21820000,5455,2.375,,2.0299196243286133,,,,2.375,,,,,,,,,
21824000,5456,3.625,,1.9242455959320068,,,,3.625,,,,,,,,,
21828000,5457,3.25,,1.8778352737426758,,,,3.25,,,,,,,,,
21832000,5458,3.125,,1.8933305740356445,,,,3.125,,,,,,,,,
21836000,5459,3.125,,1.9867433309555054,,,,3.125,,,,,,,,,
21840000,5460,2.625,,1.9335505962371826,,,,2.625,,,,,,,,,
21844000,5461,3.375,,1.94091796875,,,,3.375,,,,,,,,,
21848000,5462,3.0,,1.9349925518035889,,,,3.0,,,,,,,,,
21852000,5463,2.75,,1.9476721286773682,,,,2.75,,,,,,,,,
21856000,5464,4.375,,1.9729368686676025,,,,4.375,,,,,,,,,
21860000,5465,4.25,,1.917276382446289,,,,4.25,,,,,,,,,
21864000,5466,2.875,,1.9553016424179077,,,,2.875,,,,,,,,,
21868000,5467,4.0,,1.900838851928711,,,,4.0,,,,,,,,,
21872000,5468,2.625,,1.8380573987960815,,,,2.625,,,,,,,,,
21876000,5469,3.375,,1.914507269859314,,,,3.375,,,,,,,,,
21880000,5470,3.25,,1.9118419885635376,,,,3.25,,,,,,,,,
21884000,5471,3.25,,1.8906989097595215,,,,3.25,,,,,,,,,
21888000,5472,3.625,,1.93996262550354,,,,3.625,,,,,,,,,
21892000,5473,2.75,,1.9024112224578857,,,,2.75,,,,,,,,,
21896000,5474,3.125,,1.9720344543457031,,,,3.125,,,,,,,,,
21900000,5475,3.375,,1.881341814994812,,,,3.375,,,,,,,,,
21904000,5476,3.625,,1.9392122030258179,,,,3.625,,,,,,,,,
21908000,5477,3.625,,1.8702483177185059,,,,3.625,,,,,,,,,
21912000,5478,3.625,,1.9025859832763672,,,,3.625,,,,,,,,,
21916000,5479,3.75,,1.9677836894989014,,,,3.75,,,,,,,,,
21920000,5480,4.25,,1.9837596416473389,,,,4.25,,,,,,,,,
21924000,5481,3.25,,1.9515540599822998,,,,3.25,,,,,,,,,
21928000,5482,4.125,,1.8821626901626587,,,,4.125,,,,,,,,,
21932000,5483,3.5,,1.8496465682983398,,,,3.5,,,,,,,,,
21936000,5484,3.5,,1.9040203094482422,,,,3.5,,,,,,,,,
21940000,5485,4.125,,1.9230846166610718,,,,4.125,,,,,,,,,
21944000,5486,3.625,,1.9203300476074219,,,,3.625,,,,,,,,,
21948000,5487,3.125,,1.9273910522460938,,,,3.125,,,,,,,,,
21952000,5488,3.25,,1.896909475326538,,,,3.25,,,,,,,,,
21956000,5489,3.5,,1.9065396785736084,,,,3.5,,,,,,,,,
21960000,5490,4.125,,1.8685786724090576,,,,4.125,,,,,,,,,
21964000,5491,3.75,,1.9856740236282349,,,,3.75,,,,,,,,,
21968000,5492,3.125,,1.8427519798278809,,,,3.125,,,,,,,,,
21972000,5493,3.75,,1.9074593782424927,,,,3.75,,,,,,,,,
21976000,5494,4.125,,1.877673864364624,,,,4.125,,,,,,,,,
21980000,5495,3.75,,1.8764479160308838,,,,3.75,,,,,,,,,
21984000,5496,4.0,,1.937041163444519,,,,4.0,,,,,,,,,
21988000,5497,2.5,,1.9184280633926392,,,,2.5,,,,,,,,,
21992000,5498,3.625,,1.9664992094039917,,,,3.625,,,,,,,,,
21996000,5499,3.75,,1.9933178424835205,,,,3.75,,,,,,,,,
22000000,5500,3.625,,1.9985864162445068,,,,3.625,,,,,,,,,
22004000,5501,3.875,,1.9106030464172363,,,,3.875,,,,,,,,,
22008000,5502,2.875,,1.9083077907562256,,,,2.875,,,,,,,,,
22012000,5503,4.0,,1.887953281402588,,,,4.0,,,,,,,,,
22016000,5504,3.625,,1.9093997478485107,,,,3.625,,,,,,,,,
22020000,5505,3.5,,1.8581225872039795,,,,3.5,,,,,,,,,
22024000,5506,4.125,,1.9957698583602905,,,,4.125,,,,,,,,,
22028000,5507,3.0,,1.8950743675231934,,,,3.0,,,,,,,,,
22032000,5508,2.0,,1.8776894807815552,,,,2.0,,,,,,,,,
22036000,5509,3.625,,1.8625069856643677,,,,3.625,,,,,,,,,
22040000,5510,4.0,,1.9250587224960327,,,,4.0,,,,,,,,,
22044000,5511,3.875,,1.855346441268921,,,,3.875,,,,,,,,,
22048000,5512,3.625,,1.8634750843048096,,,,3.625,,,,,,,,,
22052000,5513,3.875,,1.8952925205230713,,,,3.875,,,,,,,,,
22056000,5514,2.875,,1.8284671306610107,,,,2.875,,,,,,,,,
22060000,5515,3.75,,1.882625699043274,,,,3.75,,,,,,,,,
22064000,5516,3.875,,1.8896199464797974,,,,3.875,,,,,,,,,
22068000,5517,4.0,,1.8807965517044067,,,,4.0,,,,,,,,,
22072000,5518,3.875,,1.9134857654571533,,,,3.875,,,,,,,,,
22076000,5519,2.875,,1.8762400150299072,,,,2.875,,,,,,,,,
22080000,5520,3.25,,1.8659464120864868,,,,3.25,,,,,,,,,
22084000,5521,3.5,,1.90999174118042,,,,3.5,,,,,,,,,
22088000,5522,2.5,,1.8004820346832275,,,,2.5,,,,,,,,,
22092000,5523,3.75,,1.8714783191680908,,,,3.75,,,,,,,,,
22096000,5524,3.625,,1.9487755298614502,,,,3.625,,,,,,,,,
22100000,5525,3.25,,1.8095077276229858,,,,3.25,,,,,,,,,
22104000,5526,3.25,,1.8859944343566895,,,,3.25,,,,,,,,,
22108000,5527,4.0,,1.852487564086914,,,,4.0,,,,,,,,,
22112000,5528,3.75,,1.7723463773727417,,,,3.75,,,,,,,,,
22116000,5529,3.0,,1.8528687953948975,,,,3.0,,,,,,,,,
22120000,5530,4.375,,1.9048840999603271,,,,4.375,,,,,,,,,
22124000,5531,3.625,,1.8493058681488037,,,,3.625,,,,,,,,,
22128000,5532,3.5,,1.8725881576538086,,,,3.5,,,,,,,,,
22132000,5533,3.625,,2.0044336318969727,,,,3.625,,,,,,,,,
22136000,5534,3.75,,1.808380126953125,,,,3.75,,,,,,,,,
22140000,5535,3.625,,1.8617193698883057,,,,3.625,,,,,,,,,
22144000,5536,3.0,,1.8209679126739502,,,,3.0,,,,,,,,,
22148000,5537,3.5,,1.8369972705841064,,,,3.5,,,,,,,,,
22152000,5538,3.25,,1.9053075313568115,,,,3.25,,,,,,,,,
22156000,5539,2.625,,1.843946933746338,,,,2.625,,,,,,,,,
22160000,5540,3.875,,1.815312385559082,,,,3.875,,,,,,,,,
22164000,5541,3.875,,1.8985296487808228,,,,3.875,,,,,,,,,
22168000,5542,2.875,,1.8893678188323975,,,,2.875,,,,,,,,,
22172000,5543,3.875,,1.828912377357483,,,,3.875,,,,,,,,,
22176000,5544,3.25,,1.8357453346252441,,,,3.25,,,,,,,,,
22180000,5545,3.75,,1.813302993774414,,,,3.75,,,,,,,,,
22184000,5546,2.25,,1.8358598947525024,,,,2.25,,,,,,,,,
22188000,5547,4.0,,1.8917973041534424,,,,4.0,,,,,,,,,
22192000,5548,3.625,,1.8218519687652588,,,,3.625,,,,,,,,,
22196000,5549,2.5,,1.7978280782699585,,,,2.5,,,,,,,,,
22200000,5550,4.0,,1.9202642440795898,,,,4.0,,,,,,,,,
22204000,5551,3.5,,1.802210807800293,,,,3.5,,,,,,,,,
22208000,5552,3.75,,1.834691047668457,,,,3.75,,,,,,,,,
22212000,5553,3.5,,1.854310154914856,,,,3.5,,,,,,,,,
22216000,5554,4.0,,1.8168754577636719,,,,4.0,,,,,,,,,
22220000,5555,4.0,,1.8229609727859497,,,,4.0,,,,,,,,,
22224000,5556,3.125,,1.924613118171692,,,,3.125,,,,,,,,,
22228000,5557,3.625,,1.854158639907837,,,,3.625,,,,,,,,,
22232000,5558,3.125,,1.7833198308944702,,,,3.125,,,,,,,,,
22236000,5559,2.625,,1.7772142887115479,,,,2.625,,,,,,,,,
22240000,5560,3.625,,1.7162692546844482,,,,3.625,,,,,,,,,
22244000,5561,3.875,,1.820693850517273,,,,3.875,,,,,,,,,
22248000,5562,3.875,,1.890295386314392,,,,3.875,,,,,,,,,
22252000,5563,3.625,,1.8187929391860962,,,,3.625,,,,,,,,,
22256000,5564,3.75,,1.8689618110656738,,,,3.75,,,,,,,,,
22260000,5565,3.625,,1.9108645915985107,,,,3.625,,,,,,,,,
22264000,5566,2.125,,1.8846070766448975,,,,2.125,,,,,,,,,
22268000,5567,3.875,,1.7822279930114746,,,,3.875,,,,,,,,,
22272000,5568,4.0,,1.8271872997283936,,,,4.0,,,,,,,,,
22276000,5569,4.125,,1.8589210510253906,,,,4.125,,,,,,,,,
22280000,5570,3.125,,1.822500467300415,,,,3.125,,,,,,,,,
22284000,5571,3.75,,1.8208507299423218,,,,3.75,,,,,,,,,
22288000,5572,4.0,,1.8634254932403564,,,,4.0,,,,,,,,,
22292000,5573,3.875,,1.8302574157714844,,,,3.875,,,,,,,,,
22296000,5574,3.375,,1.8906545639038086,,,,3.375,,,,,,,,,
22300000,5575,4.0,,1.929306983947754,,,,4.0,,,,,,,,,
22304000,5576,3.75,,1.8800876140594482,,,,3.75,,,,,,,,,
22308000,5577,4.25,,1.840303659439087,,,,4.25,,,,,,,,,
22312000,5578,3.5,,1.8729329109191895,,,,3.5,,,,,,,,,
22316000,5579,3.5,,1.8722699880599976,,,,3.5,,,,,,,,,
22320000,5580,3.625,,1.842583179473877,,,,3.625,,,,,,,,,
22324000,5581,2.75,,1.8970038890838623,,,,2.75,,,,,,,,,
22328000,5582,4.0,,1.837590217590332,,,,4.0,,,,,,,,,
22332000,5583,3.25,,1.8611278533935547,,,,3.25,,,,,,,,,
22336000,5584,3.625,,1.833789348602295,,,,3.625,,,,,,,,,
22340000,5585,3.125,,1.8551819324493408,,,,3.125,,,,,,,,,
22344000,5586,4.0,,1.9076454639434814,,,,4.0,,,,,,,,,
22348000,5587,3.625,,1.837109923362732,,,,3.625,,,,,,,,,
22352000,5588,4.0,,1.8977911472320557,,,,4.0,,,,,,,,,
22356000,5589,4.0,,1.891897201538086,,,,4.0,,,,,,,,,
22360000,5590,4.125,,1.8967845439910889,,,,4.125,,,,,,,,,
22364000,5591,3.0,,1.853019118309021,,,,3.0,,,,,,,,,
22368000,5592,4.0,,1.861196517944336,,,,4.0,,,,,,,,,
22372000,5593,3.5,,1.8054070472717285,,,,3.5,,,,,,,,,
22376000,5594,4.125,,1.8483260869979858,,,,4.125,,,,,,,,,
22380000,5595,3.5,,1.8955293893814087,,,,3.5,,,,,,,,,
22384000,5596,4.375,,1.8515465259552002,,,,4.375,,,,,,,,,
22388000,5597,4.25,,1.9357305765151978,,,,4.25,,,,,,,,,
22392000,5598,3.375,,1.8521101474761963,,,,3.375,,,,,,,,,
22396000,5599,3.625,,1.8562737703323364,,,,3.625,,,,,,,,,
22400000,5600,3.5,,1.88508939743042,,,,3.5,,,,,,,,,
22404000,5601,4.0,,1.8793525695800781,,,,4.0,,,,,,,,,
22408000,5602,4.0,,1.8568801879882812,,,,4.0,,,,,,,,,
22412000,5603,3.75,,1.882051706314087,,,,3.75,,,,,,,,,
22416000,5604,3.75,,1.9093642234802246,,,,3.75,,,,,,,,,
22420000,5605,3.875,,1.8598604202270508,,,,3.875,,,,,,,,,
22424000,5606,3.625,,1.8346741199493408,,,,3.625,,,,,,,,,
22428000,5607,3.625,,1.7796087265014648,,,,3.625,,,,,,,,,
22432000,5608,3.0,,1.9370338916778564,,,,3.0,,,,,,,,,
22436000,5609,4.125,,1.9325751066207886,,,,4.125,,,,,,,,,
22440000,5610,4.25,,1.8671376705169678,,,,4.25,,,,,,,,,
22444000,5611,4.125,,1.8947877883911133,,,,4.125,,,,,,,,,
22448000,5612,4.25,,1.9453654289245605,,,,4.25,,,,,,,,,
22452000,5613,3.75,,1.9047080278396606,,,,3.75,,,,,,,,,
22456000,5614,3.875,,1.9638776779174805,,,,3.875,,,,,,,,,
22460000,5615,3.5,,1.8442280292510986,,,,3.5,,,,,,,,,
22464000,5616,3.625,,1.873592495918274,,,,3.625,,,,,,,,,
22468000,5617,3.75,,1.8586525917053223,,,,3.75,,,,,,,,,
22472000,5618,3.625,,1.8521591424942017,,,,3.625,,,,,,,,,
22476000,5619,3.0,,1.9123458862304688,,,,3.0,,,,,,,,,
22480000,5620,3.625,,1.9138414859771729,,,,3.625,,,,,,,,,
22484000,5621,4.0,,1.8993375301361084,,,,4.0,,,,,,,,,
22488000,5622,4.0,,1.8819231986999512,,,,4.0,,,,,,,,,
22492000,5623,2.875,,1.8038787841796875,,,,2.875,,,,,,,,,
22496000,5624,4.0,,1.8924744129180908,,,,4.0,,,,,,,,,
22500000,5625,3.875,,1.9261271953582764,,,,3.875,,,,,,,,,
22504000,5626,3.875,,1.9388155937194824,,,,3.875,,,,,,,,,
22508000,5627,4.0,,1.8720707893371582,,,,4.0,,,,,,,,,
22512000,5628,2.5,,1.8249107599258423,,,,2.5,,,,,,,,,
22516000,5629,4.125,,1.8466012477874756,,,,4.125,,,,,,,,,
22520000,5630,3.625,,1.8668535947799683,,,,3.625,,,,,,,,,
22524000,5631,4.125,,1.8732695579528809,,,,4.125,,,,,,,,,
22528000,5632,4.0,,1.9068691730499268,,,,4.0,,,,,,,,,
22532000,5633,4.0,,1.9212543964385986,,,,4.0,,,,,,,,,
22536000,5634,4.0,,1.9292333126068115,,,,4.0,,,,,,,,,
22540000,5635,3.875,,1.8503482341766357,,,,3.875,,,,,,,,,
22544000,5636,2.125,,1.889643907546997,,,,2.125,,,,,,,,,
22548000,5637,4.125,,1.941929578781128,,,,4.125,,,,,,,,,
22552000,5638,4.0,,1.8537695407867432,,,,4.0,,,,,,,,,
22556000,5639,4.0,,1.9162061214447021,,,,4.0,,,,,,,,,
22560000,5640,3.875,,1.8742213249206543,,,,3.875,,,,,,,,,
22564000,5641,4.0,,1.859590768814087,,,,4.0,,,,,,,,,
22568000,5642,3.0,,1.888599157333374,,,,3.0,,,,,,,,,
22572000,5643,2.75,,1.8605139255523682,,,,2.75,,,,,,,,,
22576000,5644,3.625,,1.897798776626587,,,,3.625,,,,,,,,,
22580000,5645,3.75,,1.9633643627166748,,,,3.75,,,,,,,,,
22584000,5646,4.0,,1.844464659690857,,,,4.0,,,,,,,,,
22588000,5647,4.375,,1.923325538635254,,,,4.375,,,,,,,,,
22592000,5648,3.875,,1.9995434284210205,,,,3.875,,,,,,,,,
22596000,5649,4.25,,1.8669753074645996,,,,4.25,,,,,,,,,
22600000,5650,3.0,,1.8931870460510254,,,,3.0,,,,,,,,,
22604000,5651,3.75,,1.958371877670288,,,,3.75,,,,,,,,,
22608000,5652,3.875,,1.8946664333343506,,,,3.875,,,,,,,,,
22612000,5653,3.625,,1.8741276264190674,,,,3.625,,,,,,,,,
22616000,5654,3.875,,1.867614984512329,,,,3.875,,,,,,,,,
22620000,5655,4.0,,1.918168067932129,,,,4.0,,,,,,,,,
22624000,5656,3.875,,1.854473352432251,,,,3.875,,,,,,,,,
22628000,5657,2.875,,1.9038715362548828,,,,2.875,,,,,,,,,
22632000,5658,3.125,,1.932082176208496,,,,3.125,,,,,,,,,
22636000,5659,3.875,,1.851253628730774,,,,3.875,,,,,,,,,
22640000,5660,3.875,,1.8204431533813477,,,,3.875,,,,,,,,,
22644000,5661,3.5,,1.876715898513794,,,,3.5,,,,,,,,,
22648000,5662,4.0,,1.880892276763916,,,,4.0,,,,,,,,,
22652000,5663,3.5,,1.9080705642700195,,,,3.5,,,,,,,,,
22656000,5664,3.75,,1.919373869895935,,,,3.75,,,,,,,,,
22660000,5665,4.25,,1.9216854572296143,,,,4.25,,,,,,,,,
22664000,5666,4.375,,1.850717306137085,,,,4.375,,,,,,,,,
22668000,5667,2.375,,1.8408780097961426,,,,2.375,,,,,,,,,
22672000,5668,3.875,,1.9112622737884521,,,,3.875,,,,,,,,,
22676000,5669,2.75,,1.945840835571289,,,,2.75,,,,,,,,,
22680000,5670,4.125,,1.9033422470092773,,,,4.125,,,,,,,,,
22684000,5671,3.25,,1.9263075590133667,,,,3.25,,,,,,,,,
22688000,5672,2.125,,1.9130382537841797,,,,2.125,,,,,,,,,
22692000,5673,3.5,,1.9149813652038574,,,,3.5,,,,,,,,,
22696000,5674,3.5,,1.9097063541412354,,,,3.5,,,,,,,,,
22700000,5675,3.0,,1.914189338684082,,,,3.0,,,,,,,,,
22704000,5676,3.5,,1.9409315586090088,,,,3.5,,,,,,,,,
22708000,5677,3.5,,1.8697409629821777,,,,3.5,,,,,,,,,
22712000,5678,3.875,,1.8441269397735596,,,,3.875,,,,,,,,,
22716000,5679,3.75,,1.8613574504852295,,,,3.75,,,,,,,,,
22720000,5680,2.625,,1.9036204814910889,,,,2.625,,,,,,,,,
22724000,5681,2.875,,1.9461075067520142,,,,2.875,,,,,,,,,
22728000,5682,3.5,,1.9447652101516724,,,,3.5,,,,,,,,,
22732000,5683,3.25,,1.8684974908828735,,,,3.25,,,,,,,,,
22736000,5684,2.75,,1.8751130104064941,,,,2.75,,,,,,,,,
22740000,5685,3.625,,1.940334439277649,,,,3.625,,,,,,,,,
22744000,5686,2.375,,1.8100402355194092,,,,2.375,,,,,,,,,
22748000,5687,3.375,,1.8598957061767578,,,,3.375,,,,,,,,,
22752000,5688,2.375,,1.8476245403289795,,,,2.375,,,,,,,,,
22756000,5689,2.375,,1.8688771724700928,,,,2.375,,,,,,,,,
22760000,5690,3.125,,1.8841547966003418,,,,3.125,,,,,,,,,
22764000,5691,2.625,,1.8989992141723633,,,,2.625,,,,,,,,,
22768000,5692,3.75,,1.8666770458221436,,,,3.75,,,,,,,,,
22772000,5693,2.625,,1.845623254776001,,,,2.625,,,,,,,,,
22776000,5694,4.0,,1.8086895942687988,,,,4.0,,,,,,,,,
22780000,5695,3.0,,1.8446357250213623,,,,3.0,,,,,,,,,
22784000,5696,3.875,,1.8688932657241821,,,,3.875,,,,,,,,,
22788000,5697,4.0,,1.8280484676361084,,,,4.0,,,,,,,,,
22792000,5698,4.375,,1.8391066789627075,,,,4.375,,,,,,,,,
22796000,5699,3.75,,1.9171674251556396,,,,3.75,,,,,,,,,
22800000,5700,3.875,,1.8445552587509155,,,,3.875,,,,,,,,,
22804000,5701,2.625,,1.7564573287963867,,,,2.625,,,,,,,,,
22808000,5702,3.75,,1.8875502347946167,,,,3.75,,,,,,,,,
22812000,5703,3.375,,1.8660330772399902,,,,3.375,,,,,,,,,
22816000,5704,1.875,,1.8438774347305298,,,,1.875,,,,,,,,,
22820000,5705,3.375,,1.8619086742401123,,,,3.375,,,,,,,,,
22824000,5706,3.75,,1.8560891151428223,,,,3.75,,,,,,,,,
22828000,5707,4.0,,1.7982089519500732,,,,4.0,,,,,,,,,
22832000,5708,2.75,,1.8395583629608154,,,,2.75,,,,,,,,,
22836000,5709,3.75,,1.8464998006820679,,,,3.75,,,,,,,,,
22840000,5710,3.75,,1.7962393760681152,,,,3.75,,,,,,,,,
22844000,5711,2.625,,1.9107892513275146,,,,2.625,,,,,,,,,
22848000,5712,3.375,,1.8649542331695557,,,,3.375,,,,,,,,,
22852000,5713,2.125,,1.8395757675170898,,,,2.125,,,,,,,,,
22856000,5714,2.875,,1.7781063318252563,,,,2.875,,,,,,,,,
22860000,5715,3.625,,1.782573938369751,,,,3.625,,,,,,,,,
22864000,5716,2.5,,1.7959132194519043,,,,2.5,,,,,,,,,
22868000,5717,3.625,,1.8212485313415527,,,,3.625,,,,,,,,,
22872000,5718,3.125,,1.8408782482147217,,,,3.125,,,,,,,,,
22876000,5719,4.125,,1.7739601135253906,,,,4.125,,,,,,,,,
22880000,5720,3.625,,1.8131911754608154,,,,3.625,,,,,,,,,
22884000,5721,3.625,,1.7874822616577148,,,,3.625,,,,,,,,,
22888000,5722,4.375,,1.803847312927246,,,,4.375,,,,,,,,,
22892000,5723,3.5,,1.8110417127609253,,,,3.5,,,,,,,,,
22896000,5724,4.0,,1.8066017627716064,,,,4.0,,,,,,,,,
22900000,5725,3.875,,1.790328025817871,,,,3.875,,,,,,,,,
22904000,5726,4.0,,1.7922685146331787,,,,4.0,,,,,,,,,
22908000,5727,3.5,,1.7823538780212402,,,,3.5,,,,,,,,,
22912000,5728,3.875,,1.7872202396392822,,,,3.875,,,,,,,,,
22916000,5729,3.375,,1.841282844543457,,,,3.375,,,,,,,,,
22920000,5730,3.5,,1.8835155963897705,,,,3.5,,,,,,,,,
22924000,5731,3.0,,1.7550368309020996,,,,3.0,,,,,,,,,
22928000,5732,3.25,,1.774160623550415,,,,3.25,,,,,,,,,
22932000,5733,2.75,,1.7776458263397217,,,,2.75,,,,,,,,,
22936000,5734,3.875,,1.8389283418655396,,,,3.875,,,,,,,,,
22940000,5735,3.375,,1.6839462518692017,,,,3.375,,,,,,,,,
22944000,5736,3.125,,1.8567612171173096,,,,3.125,,,,,,,,,
22948000,5737,3.875,,1.7993367910385132,,,,3.875,,,,,,,,,
22952000,5738,3.375,,1.7322114706039429,,,,3.375,,,,,,,,,
22956000,5739,3.5,,1.8165785074234009,,,,3.5,,,,,,,,,
22960000,5740,3.625,,1.765811562538147,,,,3.625,,,,,,,,,
22964000,5741,2.125,,1.8076143264770508,,,,2.125,,,,,,,,,
22968000,5742,3.75,,1.7367849349975586,,,,3.75,,,,,,,,,
22972000,5743,3.125,,1.7349367141723633,,,,3.125,,,,,,,,,
22976000,5744,4.0,,1.7626819610595703,,,,4.0,,,,,,,,,
22980000,5745,3.75,,1.8656272888183594,,,,3.75,,,,,,,,,
22984000,5746,2.75,,1.8128167390823364,,,,2.75,,,,,,,,,
22988000,5747,2.75,,1.7587506771087646,,,,2.75,,,,,,,,,
22992000,5748,3.5,,1.7373976707458496,,,,3.5,,,,,,,,,
22996000,5749,1.5,,1.7691223621368408,,,,1.5,,,,,,,,,
23000000,5750,3.5,,1.7850871086120605,,,,3.5,,,,,,,,,
23004000,5751,3.625,,1.7730720043182373,,,,3.625,,,,,,,,,
23008000,5752,3.25,,1.755967140197754,,,,3.25,,,,,,,,,
23012000,5753,3.375,,1.7878830432891846,,,,3.375,,,,,,,,,
23016000,5754,2.375,,1.7317737340927124,,,,2.375,,,,,,,,,
23020000,5755,3.625,,1.7717472314834595,,,,3.625,,,,,,,,,
23024000,5756,3.625,,1.7342188358306885,,,,3.625,,,,,,,,,
23028000,5757,2.875,,1.721571922302246,,,,2.875,,,,,,,,,
23032000,5758,3.625,,1.724897861480713,,,,3.625,,,,,,,,,
23036000,5759,3.625,,1.7207337617874146,,,,3.625,,,,,,,,,
23040000,5760,3.75,,1.7309365272521973,,,,3.75,,,,,,,,,
23044000,5761,3.875,,1.7338107824325562,,,,3.875,,,,,,,,,
23048000,5762,4.25,,1.7051175832748413,,,,4.25,,,,,,,,,
23052000,5763,3.875,,1.6652636528015137,,,,3.875,,,,,,,,,
23056000,5764,3.375,,1.7349309921264648,,,,3.375,,,,,,,,,
23060000,5765,3.625,,1.7590131759643555,,,,3.625,,,,,,,,,
23064000,5766,3.875,,1.7197397947311401,,,,3.875,,,,,,,,,
23068000,5767,3.75,,1.7731658220291138,,,,3.75,,,,,,,,,
23072000,5768,3.875,,1.7924388647079468,,,,3.875,,,,,,,,,
23076000,5769,4.125,,1.813157081604004,,,,4.125,,,,,,,,,
23080000,5770,3.75,,1.8479478359222412,,,,3.75,,,,,,,,,
23084000,5771,3.5,,1.7381882667541504,,,,3.5,,,,,,,,,
23088000,5772,3.625,,1.7260280847549438,,,,3.625,,,,,,,,,
23092000,5773,3.5,,1.7576277256011963,,,,3.5,,,,,,,,,
23096000,5774,3.75,,1.7487380504608154,,,,3.75,,,,,,,,,
23100000,5775,2.625,,1.738152027130127,,,,2.625,,,,,,,,,
23104000,5776,4.125,,1.66611647605896,,,,4.125,,,,,,,,,
23108000,5777,4.0,,1.7599393129348755,,,,4.0,,,,,,,,,
23112000,5778,3.875,,1.798540472984314,,,,3.875,,,,,,,,,
23116000,5779,3.625,,1.6933073997497559,,,,3.625,,,,,,,,,
23120000,5780,2.625,,1.666003942489624,,,,2.625,,,,,,,,,
23124000,5781,4.0,,1.7595932483673096,,,,4.0,,,,,,,,,
23128000,5782,3.875,,1.7156562805175781,,,,3.875,,,,,,,,,
23132000,5783,4.0,,1.7057466506958008,,,,4.0,,,,,,,,,
23136000,5784,3.125,,1.7231714725494385,,,,3.125,,,,,,,,,
23140000,5785,3.75,,1.7495462894439697,,,,3.75,,,,,,,,,
23144000,5786,4.125,,1.7719142436981201,,,,4.125,,,,,,,,,
23148000,5787,3.375,,1.796241044998169,,,,3.375,,,,,,,,,
23152000,5788,3.5,,1.7331318855285645,,,,3.5,,,,,,,,,
23156000,5789,3.875,,1.771071434020996,,,,3.875,,,,,,,,,
23160000,5790,3.75,,1.739053726196289,,,,3.75,,,,,,,,,
23164000,5791,3.625,,1.6957423686981201,,,,3.625,,,,,,,,,
23168000,5792,3.0,,1.6429563760757446,,,,3.0,,,,,,,,,
23172000,5793,3.625,,1.6825478076934814,,,,3.625,,,,,,,,,
23176000,5794,3.25,,1.687422752380371,,,,3.25,,,,,,,,,
23180000,5795,4.25,,1.7944469451904297,,,,4.25,,,,,,,,,
23184000,5796,4.125,,1.640228271484375,,,,4.125,,,,,,,,,
23188000,5797,3.375,,1.7724462747573853,,,,3.375,,,,,,,,,
23192000,5798,4.25,,1.6321343183517456,,,,4.25,,,,,,,,,
23196000,5799,3.5,,1.744172215461731,,,,3.5,,,,,,,,,
23200000,5800,3.375,,1.7736358642578125,,,,3.375,,,,,,,,,
23204000,5801,4.0,,1.7466063499450684,,,,4.0,,,,,,,,,
23208000,5802,4.125,,1.764443278312683,,,,4.125,,,,,,,,,
23212000,5803,3.75,,1.8572670221328735,,,,3.75,,,,,,,,,
23216000,5804,4.0,,1.7021820545196533,,,,4.0,,,,,,,,,
23220000,5805,3.875,,1.7315402030944824,,,,3.875,,,,,,,,,
23224000,5806,3.75,,1.730226993560791,,,,3.75,,,,,,,,,
23228000,5807,3.75,,1.7841062545776367,,,,3.75,,,,,,,,,
23232000,5808,3.375,,1.8052349090576172,,,,3.375,,,,,,,,,
23236000,5809,3.875,,1.7466216087341309,,,,3.875,,,,,,,,,
23240000,5810,4.125,,1.7155418395996094,,,,4.125,,,,,,,,,
23244000,5811,3.5,,1.7815098762512207,,,,3.5,,,,,,,,,
23248000,5812,3.5,,1.7387802600860596,,,,3.5,,,,,,,,,
23252000,5813,3.875,,1.7626233100891113,,,,3.875,,,,,,,,,
23256000,5814,3.625,,1.7594547271728516,,,,3.625,,,,,,,,,
23260000,5815,3.875,,1.6981514692306519,,,,3.875,,,,,,,,,
23264000,5816,4.25,,1.732089877128601,,,,4.25,,,,,,,,,
23268000,5817,3.625,,1.7976881265640259,,,,3.625,,,,,,,,,
23272000,5818,3.75,,1.7765138149261475,,,,3.75,,,,,,,,,
23276000,5819,3.75,,1.813140869140625,,,,3.75,,,,,,,,,
23280000,5820,4.25,,1.8244645595550537,,,,4.25,,,,,,,,,
23284000,5821,3.375,,1.8049638271331787,,,,3.375,,,,,,,,,
23288000,5822,3.75,,1.7653205394744873,,,,3.75,,,,,,,,,
23292000,5823,3.75,,1.7991902828216553,,,,3.75,,,,,,,,,
23296000,5824,3.875,,1.716029405593872,,,,3.875,,,,,,,,,
23300000,5825,3.75,,1.8108854293823242,,,,3.75,,,,,,,,,
23304000,5826,3.875,,1.7587294578552246,,,,3.875,,,,,,,,,
23308000,5827,4.0,,1.7868975400924683,,,,4.0,,,,,,,,,
23312000,5828,4.125,,1.7315623760223389,,,,4.125,,,,,,,,,
23316000,5829,4.0,,1.7958413362503052,,,,4.0,,,,,,,,,
23320000,5830,3.5,,1.78007173538208,,,,3.5,,,,,,,,,
23324000,5831,3.875,,1.7606350183486938,,,,3.875,,,,,,,,,
23328000,5832,4.125,,1.7929134368896484,,,,4.125,,,,,,,,,
23332000,5833,3.625,,1.7856035232543945,,,,3.625,,,,,,,,,
23336000,5834,3.875,,1.8166759014129639,,,,3.875,,,,,,,,,
23340000,5835,4.0,,1.8034496307373047,,,,4.0,,,,,,,,,
23344000,5836,3.625,,1.738729476928711,,,,3.625,,,,,,,,,
23348000,5837,3.875,,1.7867696285247803,,,,3.875,,,,,,,,,
23352000,5838,3.875,,1.8016372919082642,,,,3.875,,,,,,,,,
23356000,5839,4.0,,1.7969045639038086,,,,4.0,,,,,,,,,
23360000,5840,4.0,,1.788769006729126,,,,4.0,,,,,,,,,
23364000,5841,3.875,,1.8319404125213623,,,,3.875,,,,,,,,,
23368000,5842,3.625,,1.7857623100280762,,,,3.625,,,,,,,,,
23372000,5843,3.625,,1.7897930145263672,,,,3.625,,,,,,,,,
23376000,5844,3.75,,1.746453046798706,,,,3.75,,,,,,,,,
23380000,5845,3.5,,1.8033862113952637,,,,3.5,,,,,,,,,
23384000,5846,3.5,,1.8093233108520508,,,,3.5,,,,,,,,,
23388000,5847,3.875,,1.8078533411026,,,,3.875,,,,,,,,,
23392000,5848,3.5,,1.8124070167541504,,,,3.5,,,,,,,,,
23396000,5849,2.375,,1.7743487358093262,,,,2.375,,,,,,,,,
23400000,5850,4.0,,1.8194535970687866,,,,4.0,,,,,,,,,
23404000,5851,3.5,,1.7997214794158936,,,,3.5,,,,,,,,,
23408000,5852,3.625,,1.8479081392288208,,,,3.625,,,,,,,,,
23412000,5853,3.5,,1.7861249446868896,,,,3.5,,,,,,,,,
23416000,5854,3.75,,1.797681212425232,,,,3.75,,,,,,,,,
23420000,5855,3.125,,1.7405109405517578,,,,3.125,,,,,,,,,
23424000,5856,3.875,,1.8230117559432983,,,,3.875,,,,,,,,,
23428000,5857,3.375,,1.7776106595993042,,,,3.375,,,,,,,,,
23432000,5858,4.0,,1.8191777467727661,,,,4.0,,,,,,,,,
23436000,5859,4.125,,1.765176773071289,,,,4.125,,,,,,,,,
23440000,5860,3.375,,1.8200304508209229,,,,3.375,,,,,,,,,
23444000,5861,3.5,,1.8043863773345947,,,,3.5,,,,,,,,,
23448000,5862,3.875,,1.7442207336425781,,,,3.875,,,,,,,,,
23452000,5863,3.375,,1.7338643074035645,,,,3.375,,,,,,,,,
23456000,5864,2.875,,1.8237261772155762,,,,2.875,,,,,,,,,
23460000,5865,3.75,,1.7567598819732666,,,,3.75,,,,,,,,,
23464000,5866,3.25,,1.8143965005874634,,,,3.25,,,,,,,,,
23468000,5867,4.25,,1.8538548946380615,,,,4.25,,,,,,,,,
23472000,5868,2.375,,1.8758671283721924,,,,2.375,,,,,,,,,
23476000,5869,4.375,,1.8516262769699097,,,,4.375,,,,,,,,,
23480000,5870,3.5,,1.817669153213501,,,,3.5,,,,,,,,,
23484000,5871,3.875,,1.8364609479904175,,,,3.875,,,,,,,,,
23488000,5872,3.375,,1.788154125213623,,,,3.375,,,,,,,,,
23492000,5873,4.125,,1.7814180850982666,,,,4.125,,,,,,,,,
23496000,5874,4.125,,1.8585662841796875,,,,4.125,,,,,,,,,
23500000,5875,4.0,,1.8371776342391968,,,,4.0,,,,,,,,,
23504000,5876,4.125,,1.8333120346069336,,,,4.125,,,,,,,,,
23508000,5877,4.125,,1.8256357908248901,,,,4.125,,,,,,,,,
23512000,5878,3.875,,1.855769157409668,,,,3.875,,,,,,,,,
23516000,5879,4.0,,1.8270291090011597,,,,4.0,,,,,,,,,
23520000,5880,3.875,,1.7859950065612793,,,,3.875,,,,,,,,,
23524000,5881,4.0,,1.8805694580078125,,,,4.0,,,,,,,,,
23528000,5882,3.0,,1.8461555242538452,,,,3.0,,,,,,,,,
23532000,5883,4.0,,1.8495641946792603,,,,4.0,,,,,,,,,
23536000,5884,3.0,,1.785205364227295,,,,3.0,,,,,,,,,
23540000,5885,3.5,,1.9025323390960693,,,,3.5,,,,,,,,,
23544000,5886,3.0,,1.9046974182128906,,,,3.0,,,,,,,,,
23548000,5887,3.5,,1.77777898311615,,,,3.5,,,,,,,,,
23552000,5888,3.75,,1.7596306800842285,,,,3.75,,,,,,,,,
23556000,5889,2.125,,1.8579992055892944,,,,2.125,,,,,,,,,
23560000,5890,2.5,,1.9176321029663086,,,,2.5,,,,,,,,,
23564000,5891,4.0,,1.7769180536270142,,,,4.0,,,,,,,,,
23568000,5892,2.875,,1.823075532913208,,,,2.875,,,,,,,,,
23572000,5893,3.5,,1.7786732912063599,,,,3.5,,,,,,,,,
23576000,5894,3.0,,1.748343586921692,,,,3.0,,,,,,,,,
23580000,5895,3.75,,1.8351479768753052,,,,3.75,,,,,,,,,
23584000,5896,3.75,,1.8369925022125244,,,,3.75,,,,,,,,,
23588000,5897,3.25,,1.8486783504486084,,,,3.25,,,,,,,,,
23592000,5898,3.125,,1.7637810707092285,,,,3.125,,,,,,,,,
23596000,5899,3.625,,1.8159294128417969,,,,3.625,,,,,,,,,
23600000,5900,3.75,,1.7915966510772705,,,,3.75,,,,,,,,,
23204000,5801,4.0,,nan,,,,4.0,,,,,,,,,
23208000,5802,4.5,,nan,,,,4.5,,,,,,,,,
23212000,5803,4.125,,nan,,,,4.125,,,,,,,,,
23216000,5804,3.5,,2.0015740394592285,,,,3.5,,,,,,,,,
23220000,5805,3.625,,1.915482997894287,,,,3.625,,,,,,,,,
23224000,5806,3.875,,1.922576904296875,,,,3.875,,,,,,,,,
23228000,5807,2.625,,1.8892884254455566,,,,2.625,,,,,,,,,
23232000,5808,3.375,,1.8469347953796387,,,,3.375,,,,,,,,,
23236000,5809,2.75,,1.7776479721069336,,,,2.75,,,,,,,,,
23240000,5810,3.75,,1.7837332487106323,,,,3.75,,,,,,,,,
23244000,5811,2.5,,1.8009568452835083,,,,2.5,,,,,,,,,
23248000,5812,4.0,,1.798778772354126,,,,4.0,,,,,,,,,
23252000,5813,4.125,,1.8953911066055298,,,,4.125,,,,,,,,,
23256000,5814,2.125,,1.8990073204040527,,,,2.125,,,,,,,,,
23260000,5815,2.75,,1.736119270324707,,,,2.75,,,,,,,,,
23264000,5816,3.875,,1.7429614067077637,,,,3.875,,,,,,,,,
23268000,5817,3.125,,1.7545573711395264,,,,3.125,,,,,,,,,
23272000,5818,3.75,,1.7852377891540527,,,,3.75,,,,,,,,,
23276000,5819,4.0,,1.8710875511169434,,,,4.0,,,,,,,,,
23280000,5820,3.375,,1.7733471393585205,,,,3.375,,,,,,,,,
23284000,5821,4.125,,1.7638962268829346,,,,4.125,,,,,,,,,
23288000,5822,4.125,,1.8332533836364746,,,,4.125,,,,,,,,,
23292000,5823,3.625,,1.7452449798583984,,,,3.625,,,,,,,,,
23296000,5824,3.875,,1.7855138778686523,,,,3.875,,,,,,,,,
23300000,5825,4.0,,1.80120849609375,,,,4.0,,,,,,,,,
23304000,5826,4.125,,1.8042867183685303,,,,4.125,,,,,,,,,
23308000,5827,3.125,,1.8543270826339722,,,,3.125,,,,,,,,,
23312000,5828,2.375,,1.822303056716919,,,,2.375,,,,,,,,,
23316000,5829,4.125,,1.7722949981689453,,,,4.125,,,,,,,,,
23320000,5830,3.25,,1.8407602310180664,,,,3.25,,,,,,,,,
23324000,5831,3.375,,1.8185185194015503,,,,3.375,,,,,,,,,
23328000,5832,3.625,,1.7331998348236084,,,,3.625,,,,,,,,,
23332000,5833,3.25,,1.8055208921432495,,,,3.25,,,,,,,,,
23336000,5834,3.75,,1.7841323614120483,,,,3.75,,,,,,,,,
23340000,5835,3.875,,1.8021447658538818,,,,3.875,,,,,,,,,
23344000,5836,3.5,,1.8513879776000977,,,,3.5,,,,,,,,,
23348000,5837,2.75,,1.8483381271362305,,,,2.75,,,,,,,,,
23352000,5838,3.625,,1.9093286991119385,,,,3.625,,,,,,,,,
23356000,5839,2.75,,1.7778408527374268,,,,2.75,,,,,,,,,
23360000,5840,3.375,,1.809489130973816,,,,3.375,,,,,,,,,
23364000,5841,4.125,,1.8068945407867432,,,,4.125,,,,,,,,,
23368000,5842,3.625,,1.8759887218475342,,,,3.625,,,,,,,,,
23372000,5843,3.875,,1.787643313407898,,,,3.875,,,,,,,,,
23376000,5844,4.25,,1.8234107494354248,,,,4.25,,,,,,,,,
23380000,5845,3.875,,1.8455361127853394,,,,3.875,,,,,,,,,
23384000,5846,3.875,,1.770993709564209,,,,3.875,,,,,,,,,
23388000,5847,3.875,,1.8130791187286377,,,,3.875,,,,,,,,,
23392000,5848,3.375,,1.770075798034668,,,,3.375,,,,,,,,,
23396000,5849,3.875,,1.7671959400177002,,,,3.875,,,,,,,,,
23400000,5850,3.0,,1.7896394729614258,,,,3.0,,,,,,,,,
23404000,5851,4.0,,1.7666370868682861,,,,4.0,,,,,,,,,
23408000,5852,3.5,,1.8384013175964355,,,,3.5,,,,,,,,,
23412000,5853,3.75,,1.8920238018035889,,,,3.75,,,,,,,,,
23416000,5854,4.0,,1.8933614492416382,,,,4.0,,,,,,,,,
23420000,5855,4.0,,1.8018701076507568,,,,4.0,,,,,,,,,
23424000,5856,3.75,,1.8275715112686157,,,,3.75,,,,,,,,,
23428000,5857,3.5,,1.7849934101104736,,,,3.5,,,,,,,,,
23432000,5858,3.0,,1.723830223083496,,,,3.0,,,,,,,,,
23436000,5859,3.75,,1.7744282484054565,,,,3.75,,,,,,,,,
23440000,5860,4.0,,1.7935227155685425,,,,4.0,,,,,,,,,
23444000,5861,3.25,,1.7959437370300293,,,,3.25,,,,,,,,,
23448000,5862,3.875,,1.8402504920959473,,,,3.875,,,,,,,,,
23452000,5863,3.5,,1.7884321212768555,,,,3.5,,,,,,,,,
23456000,5864,3.5,,1.8580163717269897,,,,3.5,,,,,,,,,
23460000,5865,4.25,,1.756988286972046,,,,4.25,,,,,,,,,
23464000,5866,3.0,,1.8213189840316772,,,,3.0,,,,,,,,,
23468000,5867,4.125,,1.809790849685669,,,,4.125,,,,,,,,,
23472000,5868,3.125,,1.7955297231674194,,,,3.125,,,,,,,,,
23476000,5869,4.125,,1.8038430213928223,,,,4.125,,,,,,,,,
23480000,5870,3.75,,1.855237603187561,,,,3.75,,,,,,,,,
23484000,5871,4.125,,1.8252358436584473,,,,4.125,,,,,,,,,
23488000,5872,4.25,,1.7918634414672852,,,,4.25,,,,,,,,,
23492000,5873,4.0,,1.8036456108093262,,,,4.0,,,,,,,,,
23496000,5874,3.5,,1.7584186792373657,,,,3.5,,,,,,,,,
23500000,5875,4.125,,1.7451303005218506,,,,4.125,,,,,,,,,
23504000,5876,4.0,,1.8161861896514893,,,,4.0,,,,,,,,,
23508000,5877,3.875,,1.826185703277588,,,,3.875,,,,,,,,,
23512000,5878,4.25,,1.7870618104934692,,,,4.25,,,,,,,,,
23516000,5879,3.625,,1.8528856039047241,,,,3.625,,,,,,,,,
23520000,5880,4.0,,1.806107997894287,,,,4.0,,,,,,,,,
23524000,5881,3.125,,1.7803034782409668,,,,3.125,,,,,,,,,
23528000,5882,3.75,,1.7899090051651,,,,3.75,,,,,,,,,
23532000,5883,4.0,,1.7684383392333984,,,,4.0,,,,,,,,,
23536000,5884,3.5,,1.8079408407211304,,,,3.5,,,,,,,,,
23540000,5885,3.75,,1.8395670652389526,,,,3.75,,,,,,,,,
23544000,5886,3.625,,1.8493417501449585,,,,3.625,,,,,,,,,
23548000,5887,4.0,,1.7911207675933838,,,,4.0,,,,,,,,,
23552000,5888,2.875,,1.7343878746032715,,,,2.875,,,,,,,,,
23556000,5889,4.25,,1.7712571620941162,,,,4.25,,,,,,,,,
23560000,5890,3.75,,1.8252122402191162,,,,3.75,,,,,,,,,
23564000,5891,3.5,,1.7839220762252808,,,,3.5,,,,,,,,,
23568000,5892,3.875,,1.8977108001708984,,,,3.875,,,,,,,,,
23572000,5893,3.875,,1.8205080032348633,,,,3.875,,,,,,,,,
23576000,5894,4.0,,1.8505381345748901,,,,4.0,,,,,,,,,
23580000,5895,3.125,,1.8292498588562012,,,,3.125,,,,,,,,,
23584000,5896,3.875,,1.7898509502410889,,,,3.875,,,,,,,,,
23588000,5897,3.125,,1.815551996231079,,,,3.125,,,,,,,,,
23592000,5898,4.0,,1.7999013662338257,,,,4.0,,,,,,,,,
23596000,5899,4.125,,1.8009049892425537,,,,4.125,,,,,,,,,
23600000,5900,3.875,,1.8151018619537354,,,,3.875,,,,,,,,,
23604000,5901,4.375,,1.8418805599212646,,,,4.375,,,,,,,,,
23608000,5902,4.25,,1.7945613861083984,,,,4.25,,,,,,,,,
23612000,5903,4.0,,1.8238626718521118,,,,4.0,,,,,,,,,
23616000,5904,3.75,,1.78555166721344,,,,3.75,,,,,,,,,
23620000,5905,4.0,,1.8562307357788086,,,,4.0,,,,,,,,,
23624000,5906,3.875,,1.7981994152069092,,,,3.875,,,,,,,,,
23628000,5907,3.75,,1.8096357583999634,,,,3.75,,,,,,,,,
23632000,5908,4.0,,1.7591197490692139,,,,4.0,,,,,,,,,
23636000,5909,3.75,,1.8152258396148682,,,,3.75,,,,,,,,,
23640000,5910,3.125,,1.7771475315093994,,,,3.125,,,,,,,,,
23644000,5911,3.5,,1.7622594833374023,,,,3.5,,,,,,,,,
23648000,5912,3.125,,1.8409831523895264,,,,3.125,,,,,,,,,
23652000,5913,3.625,,1.8193557262420654,,,,3.625,,,,,,,,,
23656000,5914,4.25,,1.8441306352615356,,,,4.25,,,,,,,,,
23660000,5915,3.625,,1.8064584732055664,,,,3.625,,,,,,,,,
23664000,5916,3.5,,1.8627476692199707,,,,3.5,,,,,,,,,
23668000,5917,3.375,,1.869128942489624,,,,3.375,,,,,,,,,
23672000,5918,3.625,,1.8191821575164795,,,,3.625,,,,,,,,,
23676000,5919,3.25,,1.7946527004241943,,,,3.25,,,,,,,,,
23680000,5920,3.75,,1.8552687168121338,,,,3.75,,,,,,,,,
23684000,5921,3.25,,1.7458621263504028,,,,3.25,,,,,,,,,
23688000,5922,3.5,,1.8572192192077637,,,,3.5,,,,,,,,,
23692000,5923,4.5,,1.7956418991088867,,,,4.5,,,,,,,,,
23696000,5924,4.0,,1.8356797695159912,,,,4.0,,,,,,,,,
23700000,5925,3.75,,1.867652416229248,,,,3.75,,,,,,,,,
23704000,5926,3.75,,1.7879103422164917,,,,3.75,,,,,,,,,
23708000,5927,4.0,,1.8775548934936523,,,,4.0,,,,,,,,,
23712000,5928,3.125,,1.86179518699646,,,,3.125,,,,,,,,,
23716000,5929,4.0,,1.7970333099365234,,,,4.0,,,,,,,,,
23720000,5930,4.0,,1.7586450576782227,,,,4.0,,,,,,,,,
23724000,5931,3.125,,1.7291362285614014,,,,3.125,,,,,,,,,
23728000,5932,2.5,,1.764315128326416,,,,2.5,,,,,,,,,
23732000,5933,3.0,,1.8422393798828125,,,,3.0,,,,,,,,,
23736000,5934,4.0,,1.8187501430511475,,,,4.0,,,,,,,,,
23740000,5935,3.375,,1.8419381380081177,,,,3.375,,,,,,,,,
23744000,5936,3.375,,1.784496545791626,,,,3.375,,,,,,,,,
23748000,5937,4.0,,1.857318639755249,,,,4.0,,,,,,,,,
23752000,5938,2.625,,1.7543399333953857,,,,2.625,,,,,,,,,
23756000,5939,3.5,,1.773895025253296,,,,3.5,,,,,,,,,
23760000,5940,3.25,,1.8329930305480957,,,,3.25,,,,,,,,,
23764000,5941,3.375,,1.7435272932052612,,,,3.375,,,,,,,,,
23768000,5942,4.25,,1.7850587368011475,,,,4.25,,,,,,,,,
23772000,5943,3.75,,1.8081815242767334,,,,3.75,,,,,,,,,
23776000,5944,3.375,,1.8438023328781128,,,,3.375,,,,,,,,,
23780000,5945,3.75,,1.7983624935150146,,,,3.75,,,,,,,,,
23784000,5946,3.875,,1.743844747543335,,,,3.875,,,,,,,,,
23788000,5947,4.0,,1.800745964050293,,,,4.0,,,,,,,,,
23792000,5948,3.125,,1.8460655212402344,,,,3.125,,,,,,,,,
23796000,5949,3.5,,1.729978084564209,,,,3.5,,,,,,,,,
23800000,5950,3.875,,1.8212751150131226,,,,3.875,,,,,,,,,
23804000,5951,4.125,,1.787597417831421,,,,4.125,,,,,,,,,
23808000,5952,3.0,,1.820500373840332,,,,3.0,,,,,,,,,
23812000,5953,3.5,,1.6862984895706177,,,,3.5,,,,,,,,,
23816000,5954,4.125,,1.836150884628296,,,,4.125,,,,,,,,,
23820000,5955,3.875,,1.822277545928955,,,,3.875,,,,,,,,,
23824000,5956,3.875,,1.7987686395645142,,,,3.875,,,,,,,,,
23828000,5957,2.75,,1.7845075130462646,,,,2.75,,,,,,,,,
23832000,5958,3.625,,1.7136008739471436,,,,3.625,,,,,,,,,
23836000,5959,3.75,,1.8175219297409058,,,,3.75,,,,,,,,,
23840000,5960,3.625,,1.8319728374481201,,,,3.625,,,,,,,,,
23844000,5961,3.375,,1.7639002799987793,,,,3.375,,,,,,,,,
23848000,5962,3.125,,1.8066647052764893,,,,3.125,,,,,,,,,
23852000,5963,4.0,,1.7972469329833984,,,,4.0,,,,,,,,,
23856000,5964,3.375,,1.76041579246521,,,,3.375,,,,,,,,,
23860000,5965,3.0,,1.7837388515472412,,,,3.0,,,,,,,,,
23864000,5966,3.25,,1.7817801237106323,,,,3.25,,,,,,,,,
23868000,5967,3.875,,1.7896994352340698,,,,3.875,,,,,,,,,
23872000,5968,4.75,,1.786205768585205,,,,4.75,,,,,,,,,
23876000,5969,4.0,,1.776174783706665,,,,4.0,,,,,,,,,
23880000,5970,4.625,,1.7673782110214233,,,,4.625,,,,,,,,,
23884000,5971,3.5,,1.760926604270935,,,,3.5,,,,,,,,,
23888000,5972,3.875,,1.8419654369354248,,,,3.875,,,,,,,,,
23892000,5973,3.875,,1.8596616983413696,,,,3.875,,,,,,,,,
23896000,5974,2.5,,1.7797577381134033,,,,2.5,,,,,,,,,
23900000,5975,3.375,,1.7807121276855469,,,,3.375,,,,,,,,,
23904000,5976,3.875,,1.762955904006958,,,,3.875,,,,,,,,,
23908000,5977,3.25,,1.7261683940887451,,,,3.25,,,,,,,,,
23912000,5978,3.625,,1.7285100221633911,,,,3.625,,,,,,,,,
23916000,5979,2.875,,1.7174155712127686,,,,2.875,,,,,,,,,
23920000,5980,4.125,,1.7957468032836914,,,,4.125,,,,,,,,,
23924000,5981,3.625,,1.7459278106689453,,,,3.625,,,,,,,,,
23928000,5982,4.25,,1.7225157022476196,,,,4.25,,,,,,,,,
23932000,5983,3.0,,1.7413415908813477,,,,3.0,,,,,,,,,
23936000,5984,2.875,,1.8090465068817139,,,,2.875,,,,,,,,,
23940000,5985,2.625,,1.7728183269500732,,,,2.625,,,,,,,,,
23944000,5986,2.5,,1.7110114097595215,,,,2.5,,,,,,,,,
23948000,5987,2.75,,1.7755465507507324,,,,2.75,,,,,,,,,
23952000,5988,2.375,,1.671384572982788,,,,2.375,,,,,,,,,
23956000,5989,2.625,,1.727492094039917,,,,2.625,,,,,,,,,
23960000,5990,3.75,,1.684823989868164,,,,3.75,,,,,,,,,
23964000,5991,2.25,,1.7201718091964722,,,,2.25,,,,,,,,,
23968000,5992,4.125,,1.664975881576538,,,,4.125,,,,,,,,,
23972000,5993,2.875,,1.7482210397720337,,,,2.875,,,,,,,,,
23976000,5994,2.0,,1.7859114408493042,,,,2.0,,,,,,,,,
23980000,5995,2.875,,1.677483320236206,,,,2.875,,,,,,,,,
23984000,5996,2.125,,1.7019453048706055,,,,2.125,,,,,,,,,
23988000,5997,3.375,,1.782814621925354,,,,3.375,,,,,,,,,
23992000,5998,2.5,,1.6562693119049072,,,,2.5,,,,,,,,,
23996000,5999,3.875,,1.6802730560302734,,,,3.875,,,,,,,,,
24000000,6000,3.25,,1.7022631168365479,,,,3.25,,,,,,,,,
24004000,6001,3.375,,1.6739184856414795,,,,3.375,,,,,,,,,
24008000,6002,4.0,,1.665547490119934,,,,4.0,,,,,,,,,
24012000,6003,3.125,,1.638185739517212,,,,3.125,,,,,,,,,
24016000,6004,3.75,,1.630103349685669,,,,3.75,,,,,,,,,
24020000,6005,2.5,,1.7161519527435303,,,,2.5,,,,,,,,,
24024000,6006,3.0,,1.696616291999817,,,,3.0,,,,,,,,,
24028000,6007,4.125,,1.6277387142181396,,,,4.125,,,,,,,,,
24032000,6008,2.0,,1.6408793926239014,,,,2.0,,,,,,,,,
24036000,6009,4.125,,1.6588538885116577,,,,4.125,,,,,,,,,
24040000,6010,3.125,,1.6441508531570435,,,,3.125,,,,,,,,,
24044000,6011,3.75,,1.6094434261322021,,,,3.75,,,,,,,,,
24048000,6012,3.25,,1.6372706890106201,,,,3.25,,,,,,,,,
24052000,6013,3.0,,1.6651452779769897,,,,3.0,,,,,,,,,
24056000,6014,3.25,,1.6457014083862305,,,,3.25,,,,,,,,,
24060000,6015,2.75,,1.6413166522979736,,,,2.75,,,,,,,,,
24064000,6016,3.25,,1.572434902191162,,,,3.25,,,,,,,,,
24068000,6017,3.125,,1.6464951038360596,,,,3.125,,,,,,,,,
24072000,6018,3.625,,1.7209850549697876,,,,3.625,,,,,,,,,
24076000,6019,3.625,,1.6940174102783203,,,,3.625,,,,,,,,,
24080000,6020,2.75,,1.6310608386993408,,,,2.75,,,,,,,,,
24084000,6021,3.75,,1.570953369140625,,,,3.75,,,,,,,,,
24088000,6022,3.375,,1.622495412826538,,,,3.375,,,,,,,,,
24092000,6023,3.5,,1.6157770156860352,,,,3.5,,,,,,,,,
24096000,6024,3.25,,1.5700061321258545,,,,3.25,,,,,,,,,
24100000,6025,3.875,,1.6743507385253906,,,,3.875,,,,,,,,,
24104000,6026,2.875,,1.620797872543335,,,,2.875,,,,,,,,,
24108000,6027,3.5,,1.595407247543335,,,,3.5,,,,,,,,,
24112000,6028,3.875,,1.5679548978805542,,,,3.875,,,,,,,,,
24116000,6029,1.0,,1.578531265258789,,,,1.0,,,,,,,,,
24120000,6030,3.875,,1.6246001720428467,,,,3.875,,,,,,,,,
24124000,6031,3.125,,1.6157337427139282,,,,3.125,,,,,,,,,
24128000,6032,3.25,,1.6083637475967407,,,,3.25,,,,,,,,,
24132000,6033,2.5,,1.617417335510254,,,,2.5,,,,,,,,,
24136000,6034,3.5,,1.5624864101409912,,,,3.5,,,,,,,,,
24140000,6035,2.125,,1.5840635299682617,,,,2.125,,,,,,,,,
24144000,6036,2.625,,1.5596351623535156,,,,2.625,,,,,,,,,
24148000,6037,3.25,,1.5420974493026733,,,,3.25,,,,,,,,,
24152000,6038,2.0,,1.6190177202224731,,,,2.0,,,,,,,,,
24156000,6039,2.25,,1.5477721691131592,,,,2.25,,,,,,,,,
24160000,6040,2.625,,1.5354650020599365,,,,2.625,,,,,,,,,
24164000,6041,3.125,,1.5790021419525146,,,,3.125,,,,,,,,,
24168000,6042,2.25,,1.6090924739837646,,,,2.25,,,,,,,,,
24172000,6043,3.125,,1.6143295764923096,,,,3.125,,,,,,,,,
24176000,6044,0.5,,1.6630903482437134,,,,0.5,,,,,,,,,
24180000,6045,2.75,,1.5509289503097534,,,,2.75,,,,,,,,,
24184000,6046,3.25,,1.5323667526245117,,,,3.25,,,,,,,,,
24188000,6047,3.875,,1.6155760288238525,,,,3.875,,,,,,,,,
24192000,6048,3.0,,1.568274736404419,,,,3.0,,,,,,,,,
24196000,6049,3.625,,1.593362808227539,,,,3.625,,,,,,,,,
24200000,6050,0.625,,1.5365369319915771,,,,0.625,,,,,,,,,
24204000,6051,1.0,,1.5204412937164307,,,,1.0,,,,,,,,,
24208000,6052,2.125,,1.5059285163879395,,,,2.125,,,,,,,,,
24212000,6053,1.5,,1.4687254428863525,,,,1.5,,,,,,,,,
24216000,6054,0.5,,1.5009255409240723,,,,0.5,,,,,,,,,
24220000,6055,3.375,,1.5524317026138306,,,,3.375,,,,,,,,,
24224000,6056,3.125,,1.5058830976486206,,,,3.125,,,,,,,,,
24228000,6057,2.25,,1.58376145362854,,,,2.25,,,,,,,,,
24232000,6058,3.625,,1.5322057008743286,,,,3.625,,,,,,,,,
24236000,6059,3.375,,1.4650778770446777,,,,3.375,,,,,,,,,
24240000,6060,2.875,,1.4614121913909912,,,,2.875,,,,,,,,,
24244000,6061,2.5,,1.4784512519836426,,,,2.5,,,,,,,,,
24248000,6062,1.25,,1.4746381044387817,,,,1.25,,,,,,,,,
24252000,6063,2.875,,1.5002591609954834,,,,2.875,,,,,,,,,
24256000,6064,3.625,,1.4772558212280273,,,,3.625,,,,,,,,,
24260000,6065,3.375,,1.4578208923339844,,,,3.375,,,,,,,,,
24264000,6066,1.125,,1.4763473272323608,,,,1.125,,,,,,,,,
24268000,6067,1.375,,1.5095491409301758,,,,1.375,,,,,,,,,
24272000,6068,2.875,,1.5104773044586182,,,,2.875,,,,,,,,,
24276000,6069,3.75,,1.454204797744751,,,,3.75,,,,,,,,,
24280000,6070,3.25,,1.457021951675415,,,,3.25,,,,,,,,,
24284000,6071,2.75,,1.4699995517730713,,,,2.75,,,,,,,,,
24288000,6072,2.875,,1.415205955505371,,,,2.875,,,,,,,,,
24292000,6073,2.25,,1.414907693862915,,,,2.25,,,,,,,,,
24296000,6074,3.0,,1.45526921749115,,,,3.0,,,,,,,,,
24300000,6075,3.75,,1.4304254055023193,,,,3.75,,,,,,,,,
24304000,6076,4.0,,1.4641697406768799,,,,4.0,,,,,,,,,
24308000,6077,3.5,,1.5116362571716309,,,,3.5,,,,,,,,,
24312000,6078,1.25,,1.5060186386108398,,,,1.25,,,,,,,,,
24316000,6079,4.0,,1.435617208480835,,,,4.0,,,,,,,,,
24320000,6080,4.0,,1.4644235372543335,,,,4.0,,,,,,,,,
24324000,6081,3.0,,1.4513423442840576,,,,3.0,,,,,,,,,
24328000,6082,2.0,,1.456207275390625,,,,2.0,,,,,,,,,
24332000,6083,2.625,,1.3803319931030273,,,,2.625,,,,,,,,,
24336000,6084,1.875,,1.3360410928726196,,,,1.875,,,,,,,,,
24340000,6085,2.0,,1.4324519634246826,,,,2.0,,,,,,,,,
24344000,6086,2.625,,1.336512565612793,,,,2.625,,,,,,,,,
24348000,6087,2.25,,1.4115235805511475,,,,2.25,,,,,,,,,
24352000,6088,2.25,,1.3304626941680908,,,,2.25,,,,,,,,,
24356000,6089,2.625,,1.389920711517334,,,,2.625,,,,,,,,,
24360000,6090,0.75,,1.4963847398757935,,,,0.75,,,,,,,,,
24364000,6091,1.125,,1.539888620376587,,,,1.125,,,,,,,,,
24368000,6092,1.75,,1.4558966159820557,,,,1.75,,,,,,,,,
24372000,6093,3.625,,1.4852617979049683,,,,3.625,,,,,,,,,
24376000,6094,3.875,,1.3212852478027344,,,,3.875,,,,,,,,,
24380000,6095,2.875,,1.325298547744751,,,,2.875,,,,,,,,,
24384000,6096,2.375,,1.3150908946990967,,,,2.375,,,,,,,,,
24388000,6097,2.375,,1.3695478439331055,,,,2.375,,,,,,,,,
24392000,6098,1.75,,1.3764090538024902,,,,1.75,,,,,,,,,
24396000,6099,2.5,,1.389401912689209,,,,2.5,,,,,,,,,
24400000,6100,3.875,,1.323242425918579,,,,3.875,,,,,,,,,
24404000,6101,4.0,,1.3466399908065796,,,,4.0,,,,,,,,,
24408000,6102,2.375,,1.3575366735458374,,,,2.375,,,,,,,,,
24412000,6103,3.875,,1.3669439554214478,,,,3.875,,,,,,,,,
24416000,6104,2.875,,1.3956466913223267,,,,2.875,,,,,,,,,
24420000,6105,3.0,,1.4117350578308105,,,,3.0,,,,,,,,,
24424000,6106,3.375,,1.4667690992355347,,,,3.375,,,,,,,,,
24428000,6107,3.25,,1.3439804315567017,,,,3.25,,,,,,,,,
24432000,6108,3.25,,1.3415277004241943,,,,3.25,,,,,,,,,
24436000,6109,2.75,,1.363603115081787,,,,2.75,,,,,,,,,
24440000,6110,1.375,,1.400388479232788,,,,1.375,,,,,,,,,
24444000,6111,2.25,,1.3639711141586304,,,,2.25,,,,,,,,,
24448000,6112,3.125,,1.2559759616851807,,,,3.125,,,,,,,,,
24452000,6113,2.875,,1.3546357154846191,,,,2.875,,,,,,,,,
24456000,6114,3.5,,1.2740064859390259,,,,3.5,,,,,,,,,
24460000,6115,2.0,,1.3529226779937744,,,,2.0,,,,,,,,,
24464000,6116,2.75,,1.3343777656555176,,,,2.75,,,,,,,,,
24468000,6117,3.375,,1.343578815460205,,,,3.375,,,,,,,,,
24472000,6118,3.125,,1.480364203453064,,,,3.125,,,,,,,,,
24476000,6119,3.875,,1.3715453147888184,,,,3.875,,,,,,,,,
24480000,6120,2.875,,1.3648988008499146,,,,2.875,,,,,,,,,
24484000,6121,3.0,,1.3206528425216675,,,,3.0,,,,,,,,,
24488000,6122,0.75,,1.3481931686401367,,,,0.75,,,,,,,,,
24492000,6123,0.875,,1.3783929347991943,,,,0.875,,,,,,,,,
24496000,6124,2.25,,1.333802580833435,,,,2.25,,,,,,,,,
24500000,6125,2.125,,1.2750232219696045,,,,2.125,,,,,,,,,
24504000,6126,1.875,,1.290202260017395,,,,1.875,,,,,,,,,
24508000,6127,3.75,,1.2702460289001465,,,,3.75,,,,,,,,,
24512000,6128,1.25,,1.2862879037857056,,,,1.25,,,,,,,,,
24516000,6129,1.875,,1.3848122358322144,,,,1.875,,,,,,,,,
24520000,6130,2.75,,1.4937833547592163,,,,2.75,,,,,,,,,
24524000,6131,1.125,,1.4643712043762207,,,,1.125,,,,,,,,,
24528000,6132,2.125,,1.3706004619598389,,,,2.125,,,,,,,,,
24532000,6133,1.5,,1.3409671783447266,,,,1.5,,,,,,,,,
24536000,6134,2.375,,1.366841197013855,,,,2.375,,,,,,,,,
24540000,6135,1.375,,1.2120826244354248,,,,1.375,,,,,,,,,
24544000,6136,1.5,,1.2739131450653076,,,,1.5,,,,,,,,,
24548000,6137,2.125,,1.2400708198547363,,,,2.125,,,,,,,,,
24552000,6138,3.75,,1.2899072170257568,,,,3.75,,,,,,,,,
24556000,6139,3.0,,1.2128446102142334,,,,3.0,,,,,,,,,
24560000,6140,3.125,,1.2022607326507568,,,,3.125,,,,,,,,,
24564000,6141,3.5,,1.2464823722839355,,,,3.5,,,,,,,,,
24568000,6142,3.0,,1.2587029933929443,,,,3.0,,,,,,,,,
24572000,6143,1.875,,1.4043669700622559,,,,1.875,,,,,,,,,
24576000,6144,2.875,,1.4115009307861328,,,,2.875,,,,,,,,,
24580000,6145,2.875,,1.3390483856201172,,,,2.875,,,,,,,,,
24584000,6146,2.75,,1.2672392129898071,,,,2.75,,,,,,,,,
24588000,6147,3.125,,1.2787601947784424,,,,3.125,,,,,,,,,
24592000,6148,2.625,,1.2910144329071045,,,,2.625,,,,,,,,,
24596000,6149,2.75,,1.245216965675354,,,,2.75,,,,,,,,,
24600000,6150,2.125,,1.196298599243164,,,,2.125,,,,,,,,,
24604000,6151,3.875,,1.1875022649765015,,,,3.875,,,,,,,,,
24608000,6152,4.125,,1.1951361894607544,,,,4.125,,,,,,,,,
24612000,6153,3.875,,1.2374844551086426,,,,3.875,,,,,,,,,
24616000,6154,4.125,,1.3300588130950928,,,,4.125,,,,,,,,,
24620000,6155,1.75,,1.2793490886688232,,,,1.75,,,,,,,,,
24624000,6156,3.125,,1.2743186950683594,,,,3.125,,,,,,,,,
24628000,6157,3.5,,1.372091293334961,,,,3.5,,,,,,,,,
24632000,6158,3.75,,1.2187485694885254,,,,3.75,,,,,,,,,
24636000,6159,3.375,,1.3043409585952759,,,,3.375,,,,,,,,,
24640000,6160,2.25,,1.2686805725097656,,,,2.25,,,,,,,,,
24644000,6161,3.75,,1.199276089668274,,,,3.75,,,,,,,,,
24648000,6162,3.0,,1.2827883958816528,,,,3.0,,,,,,,,,
24652000,6163,4.125,,1.2925573587417603,,,,4.125,,,,,,,,,
24656000,6164,3.125,,1.217756986618042,,,,3.125,,,,,,,,,
24660000,6165,4.25,,1.232246994972229,,,,4.25,,,,,,,,,
24664000,6166,4.25,,1.2785217761993408,,,,4.25,,,,,,,,,
24668000,6167,4.625,,1.2434700727462769,,,,4.625,,,,,,,,,
24672000,6168,3.375,,1.2852023839950562,,,,3.375,,,,,,,,,
24676000,6169,3.625,,1.3108186721801758,,,,3.625,,,,,,,,,
24680000,6170,3.25,,1.3699041604995728,,,,3.25,,,,,,,,,
24684000,6171,4.625,,1.3820526599884033,,,,4.625,,,,,,,,,
24688000,6172,2.875,,1.4204078912734985,,,,2.875,,,,,,,,,
24692000,6173,3.75,,1.3181920051574707,,,,3.75,,,,,,,,,
24696000,6174,3.625,,1.3655807971954346,,,,3.625,,,,,,,,,
24700000,6175,3.125,,1.23552405834198,,,,3.125,,,,,,,,,
24704000,6176,3.75,,1.2855361700057983,,,,3.75,,,,,,,,,
24708000,6177,3.375,,1.2525017261505127,,,,3.375,,,,,,,,,
24712000,6178,4.0,,1.305518388748169,,,,4.0,,,,,,,,,
24716000,6179,4.0,,1.3309776782989502,,,,4.0,,,,,,,,,
24720000,6180,4.0,,1.3886590003967285,,,,4.0,,,,,,,,,
24724000,6181,4.375,,1.367431402206421,,,,4.375,,,,,,,,,
24728000,6182,3.75,,1.3713834285736084,,,,3.75,,,,,,,,,
24732000,6183,3.75,,1.3504316806793213,,,,3.75,,,,,,,,,
24736000,6184,2.625,,1.4258911609649658,,,,2.625,,,,,,,,,
24740000,6185,4.125,,1.339719533920288,,,,4.125,,,,,,,,,
24744000,6186,3.875,,1.366276741027832,,,,3.875,,,,,,,,,
24748000,6187,4.125,,1.3277099132537842,,,,4.125,,,,,,,,,
24752000,6188,3.875,,1.4252889156341553,,,,3.875,,,,,,,,,
24756000,6189,3.75,,1.417528748512268,,,,3.75,,,,,,,,,
24760000,6190,2.875,,1.374596357345581,,,,2.875,,,,,,,,,
24764000,6191,3.625,,1.3304733037948608,,,,3.625,,,,,,,,,
24768000,6192,2.625,,1.3443949222564697,,,,2.625,,,,,,,,,
24772000,6193,3.5,,1.3801671266555786,,,,3.5,,,,,,,,,
24776000,6194,3.5,,1.2970565557479858,,,,3.5,,,,,,,,,
24780000,6195,3.875,,1.3247720003128052,,,,3.875,,,,,,,,,
24784000,6196,3.0,,1.4186941385269165,,,,3.0,,,,,,,,,
24788000,6197,3.625,,1.4138710498809814,,,,3.625,,,,,,,,,
24792000,6198,2.875,,1.3688898086547852,,,,2.875,,,,,,,,,
24796000,6199,3.25,,1.4009249210357666,,,,3.25,,,,,,,,,
24800000,6200,4.125,,1.4666943550109863,,,,4.125,,,,,,,,,
24804000,6201,4.0,,1.4662607908248901,,,,4.0,,,,,,,,,
24808000,6202,3.75,,1.4153233766555786,,,,3.75,,,,,,,,,
24812000,6203,3.625,,1.4212989807128906,,,,3.625,,,,,,,,,
24816000,6204,3.625,,1.367915153503418,,,,3.625,,,,,,,,,
24820000,6205,3.125,,1.4299399852752686,,,,3.125,,,,,,,,,
24824000,6206,3.875,,1.354995846748352,,,,3.875,,,,,,,,,
24828000,6207,3.25,,1.3654742240905762,,,,3.25,,,,,,,,,
24832000,6208,4.125,,1.3254296779632568,,,,4.125,,,,,,,,,
24836000,6209,4.125,,1.435037612915039,,,,4.125,,,,,,,,,
24840000,6210,4.125,,1.4806156158447266,,,,4.125,,,,,,,,,
24844000,6211,2.5,,1.4743088483810425,,,,2.5,,,,,,,,,
24848000,6212,3.5,,1.4911139011383057,,,,3.5,,,,,,,,,
24852000,6213,2.5,,1.514218807220459,,,,2.5,,,,,,,,,
24856000,6214,4.125,,1.4353046417236328,,,,4.125,,,,,,,,,
24860000,6215,3.75,,1.4343829154968262,,,,3.75,,,,,,,,,
24864000,6216,3.0,,1.5128297805786133,,,,3.0,,,,,,,,,
24868000,6217,4.0,,1.5361939668655396,,,,4.0,,,,,,,,,
24872000,6218,3.625,,1.4263529777526855,,,,3.625,,,,,,,,,
24876000,6219,4.25,,1.4073021411895752,,,,4.25,,,,,,,,,
24880000,6220,4.0,,1.4097650051116943,,,,4.0,,,,,,,,,
24884000,6221,3.625,,1.5290894508361816,,,,3.625,,,,,,,,,
24888000,6222,4.0,,1.4135692119598389,,,,4.0,,,,,,,,,
24892000,6223,3.875,,1.498328447341919,,,,3.875,,,,,,,,,
24896000,6224,4.125,,1.477414608001709,,,,4.125,,,,,,,,,
24900000,6225,4.0,,1.523018479347229,,,,4.0,,,,,,,,,
24904000,6226,3.625,,1.460014820098877,,,,3.625,,,,,,,,,
24908000,6227,4.5,,1.4734041690826416,,,,4.5,,,,,,,,,
24912000,6228,4.625,,1.49329674243927,,,,4.625,,,,,,,,,
24916000,6229,4.125,,1.5214310884475708,,,,4.125,,,,,,,,,
24920000,6230,3.75,,1.5261540412902832,,,,3.75,,,,,,,,,
24924000,6231,4.0,,1.4679464101791382,,,,4.0,,,,,,,,,
24928000,6232,4.25,,1.4681274890899658,,,,4.25,,,,,,,,,
24932000,6233,3.875,,1.4313888549804688,,,,3.875,,,,,,,,,
24936000,6234,4.125,,1.5315755605697632,,,,4.125,,,,,,,,,
24940000,6235,3.875,,1.487288475036621,,,,3.875,,,,,,,,,
24944000,6236,3.75,,1.5030369758605957,,,,3.75,,,,,,,,,
24948000,6237,4.125,,1.489588737487793,,,,4.125,,,,,,,,,
24952000,6238,3.5,,1.5491900444030762,,,,3.5,,,,,,,,,
24956000,6239,4.0,,1.6164674758911133,,,,4.0,,,,,,,,,
24960000,6240,4.0,,1.5970571041107178,,,,4.0,,,,,,,,,
24964000,6241,3.625,,1.5962884426116943,,,,3.625,,,,,,,,,
24968000,6242,4.625,,1.555265188217163,,,,4.625,,,,,,,,,
24972000,6243,3.875,,1.5503716468811035,,,,3.875,,,,,,,,,
24976000,6244,4.0,,1.537952184677124,,,,4.0,,,,,,,,,
24980000,6245,4.0,,1.5792653560638428,,,,4.0,,,,,,,,,
24984000,6246,3.5,,1.5222952365875244,,,,3.5,,,,,,,,,
24988000,6247,4.25,,1.504150152206421,,,,4.25,,,,,,,,,
24992000,6248,4.0,,1.611435890197754,,,,4.0,,,,,,,,,
24996000,6249,3.75,,1.5349425077438354,,,,3.75,,,,,,,,,
25000000,6250,4.375,,1.645188570022583,,,,4.375,,,,,,,,,
25004000,6251,4.0,,1.6083734035491943,,,,4.0,,,,,,,,,
25008000,6252,4.125,,1.5787066221237183,,,,4.125,,,,,,,,,
25012000,6253,4.375,,1.5783289670944214,,,,4.375,,,,,,,,,
25016000,6254,4.125,,1.583923101425171,,,,4.125,,,,,,,,,
25020000,6255,4.25,,1.7210907936096191,,,,4.25,,,,,,,,,
25024000,6256,3.5,,1.7391400337219238,,,,3.5,,,,,,,,,
25028000,6257,4.0,,1.7048932313919067,,,,4.0,,,,,,,,,
25032000,6258,4.125,,1.714733600616455,,,,4.125,,,,,,,,,
25036000,6259,3.25,,1.6941368579864502,,,,3.25,,,,,,,,,
25040000,6260,3.625,,1.7255529165267944,,,,3.625,,,,,,,,,
25044000,6261,4.0,,1.6067686080932617,,,,4.0,,,,,,,,,
25048000,6262,4.0,,1.7001266479492188,,,,4.0,,,,,,,,,
25052000,6263,3.875,,1.674119472503662,,,,3.875,,,,,,,,,
25056000,6264,3.875,,1.7193868160247803,,,,3.875,,,,,,,,,
25060000,6265,4.25,,1.6952046155929565,,,,4.25,,,,,,,,,
25064000,6266,3.25,,1.6562118530273438,,,,3.25,,,,,,,,,
25068000,6267,3.375,,1.7426565885543823,,,,3.375,,,,,,,,,
25072000,6268,3.5,,1.6106131076812744,,,,3.5,,,,,,,,,
25076000,6269,3.75,,1.7608267068862915,,,,3.75,,,,,,,,,
25080000,6270,4.0,,1.681138277053833,,,,4.0,,,,,,,,,
25084000,6271,3.75,,1.7106709480285645,,,,3.75,,,,,,,,,
25088000,6272,4.25,,1.6519672870635986,,,,4.25,,,,,,,,,
25092000,6273,3.875,,1.7547342777252197,,,,3.875,,,,,,,,,
25096000,6274,4.0,,1.8014074563980103,,,,4.0,,,,,,,,,
25100000,6275,2.375,,1.7872823476791382,,,,2.375,,,,,,,,,
25104000,6276,3.25,,1.7288728952407837,,,,3.25,,,,,,,,,
25108000,6277,3.875,,1.6960949897766113,,,,3.875,,,,,,,,,
25112000,6278,2.125,,1.6839075088500977,,,,2.125,,,,,,,,,
25116000,6279,3.25,,1.7043169736862183,,,,3.25,,,,,,,,,
25120000,6280,2.625,,1.6753844022750854,,,,2.625,,,,,,,,,
25124000,6281,2.75,,1.7129998207092285,,,,2.75,,,,,,,,,
25128000,6282,3.5,,1.7510677576065063,,,,3.5,,,,,,,,,
25132000,6283,3.0,,1.7226932048797607,,,,3.0,,,,,,,,,
25136000,6284,3.5,,1.6827340126037598,,,,3.5,,,,,,,,,
25140000,6285,3.625,,1.7302005290985107,,,,3.625,,,,,,,,,
25144000,6286,2.375,,1.6508886814117432,,,,2.375,,,,,,,,,
25148000,6287,2.75,,1.745691180229187,,,,2.75,,,,,,,,,
25152000,6288,4.0,,1.7235221862792969,,,,4.0,,,,,,,,,
25156000,6289,2.25,,1.7329782247543335,,,,2.25,,,,,,,,,
25160000,6290,3.375,,1.6914808750152588,,,,3.375,,,,,,,,,
25164000,6291,3.0,,1.6662216186523438,,,,3.0,,,,,,,,,
25168000,6292,2.875,,1.6864688396453857,,,,2.875,,,,,,,,,
25172000,6293,2.75,,1.702438235282898,,,,2.75,,,,,,,,,
25176000,6294,1.375,,1.720499873161316,,,,1.375,,,,,,,,,
25180000,6295,3.125,,1.6937059164047241,,,,3.125,,,,,,,,,
25184000,6296,3.375,,1.7554948329925537,,,,3.375,,,,,,,,,
25188000,6297,3.625,,1.7416977882385254,,,,3.625,,,,,,,,,
25192000,6298,2.875,,1.672201156616211,,,,2.875,,,,,,,,,
25196000,6299,2.5,,1.6231727600097656,,,,2.5,,,,,,,,,
25200000,6300,3.5,,1.640031099319458,,,,3.5,,,,,,,,,
25204000,6301,3.375,,1.7207037210464478,,,,3.375,,,,,,,,,
25208000,6302,3.625,,1.6717215776443481,,,,3.625,,,,,,,,,
25212000,6303,3.0,,1.7040550708770752,,,,3.0,,,,,,,,,
25216000,6304,4.25,,1.6248059272766113,,,,4.25,,,,,,,,,
25220000,6305,3.875,,1.68709397315979,,,,3.875,,,,,,,,,
25224000,6306,2.625,,1.678770899772644,,,,2.625,,,,,,,,,
25228000,6307,4.0,,1.6434308290481567,,,,4.0,,,,,,,,,
25232000,6308,4.0,,1.7023775577545166,,,,4.0,,,,,,,,,
25236000,6309,3.375,,1.6561253070831299,,,,3.375,,,,,,,,,
25240000,6310,4.125,,1.6100122928619385,,,,4.125,,,,,,,,,
25244000,6311,3.875,,1.6474095582962036,,,,3.875,,,,,,,,,
25248000,6312,3.5,,1.6841914653778076,,,,3.5,,,,,,,,,
25252000,6313,3.5,,1.6669670343399048,,,,3.5,,,,,,,,,
25256000,6314,3.125,,1.6503618955612183,,,,3.125,,,,,,,,,
25260000,6315,3.125,,1.6172386407852173,,,,3.125,,,,,,,,,
25264000,6316,3.625,,1.654038906097412,,,,3.625,,,,,,,,,
25268000,6317,4.0,,1.608539342880249,,,,4.0,,,,,,,,,
25272000,6318,3.75,,1.6939982175827026,,,,3.75,,,,,,,,,
25276000,6319,3.75,,1.6615242958068848,,,,3.75,,,,,,,,,
25280000,6320,3.75,,1.6218671798706055,,,,3.75,,,,,,,,,
25284000,6321,3.125,,1.65990149974823,,,,3.125,,,,,,,,,
25288000,6322,3.625,,1.7385605573654175,,,,3.625,,,,,,,,,
25292000,6323,3.75,,1.5949784517288208,,,,3.75,,,,,,,,,
25296000,6324,3.75,,1.6169826984405518,,,,3.75,,,,,,,,,
25300000,6325,3.875,,1.6248788833618164,,,,3.875,,,,,,,,,
25304000,6326,4.0,,1.605263590812683,,,,4.0,,,,,,,,,
25308000,6327,4.375,,1.6042628288269043,,,,4.375,,,,,,,,,
25312000,6328,3.75,,1.5836968421936035,,,,3.75,,,,,,,,,
25316000,6329,3.375,,1.7014105319976807,,,,3.375,,,,,,,,,
25320000,6330,3.125,,1.712721824645996,,,,3.125,,,,,,,,,
25324000,6331,4.0,,1.6516659259796143,,,,4.0,,,,,,,,,
25328000,6332,4.125,,1.6375269889831543,,,,4.125,,,,,,,,,
25332000,6333,3.625,,1.6936980485916138,,,,3.625,,,,,,,,,
25336000,6334,3.875,,1.658998727798462,,,,3.875,,,,,,,,,
25340000,6335,3.5,,1.643995761871338,,,,3.5,,,,,,,,,
25344000,6336,3.75,,1.6631662845611572,,,,3.75,,,,,,,,,
25348000,6337,1.625,,1.6203908920288086,,,,1.625,,,,,,,,,
25352000,6338,3.375,,1.5479938983917236,,,,3.375,,,,,,,,,
25356000,6339,4.0,,1.6718881130218506,,,,4.0,,,,,,,,,
25360000,6340,3.75,,1.6977019309997559,,,,3.75,,,,,,,,,
25364000,6341,3.5,,1.544376254081726,,,,3.5,,,,,,,,,
25368000,6342,3.625,,1.6177468299865723,,,,3.625,,,,,,,,,
25372000,6343,3.75,,1.7238887548446655,,,,3.75,,,,,,,,,
25376000,6344,3.125,,1.6546117067337036,,,,3.125,,,,,,,,,
25380000,6345,3.75,,1.6594581604003906,,,,3.75,,,,,,,,,
25384000,6346,3.375,,1.6130561828613281,,,,3.375,,,,,,,,,
25388000,6347,2.375,,1.6280012130737305,,,,2.375,,,,,,,,,
25392000,6348,3.25,,1.682178020477295,,,,3.25,,,,,,,,,
25396000,6349,2.875,,1.5578553676605225,,,,2.875,,,,,,,,,
25400000,6350,4.0,,1.529280662536621,,,,4.0,,,,,,,,,
25404000,6351,2.625,,1.6517443656921387,,,,2.625,,,,,,,,,
25408000,6352,3.875,,1.589115858078003,,,,3.875,,,,,,,,,
25412000,6353,4.25,,1.571955919265747,,,,4.25,,,,,,,,,
25416000,6354,3.375,,1.6286147832870483,,,,3.375,,,,,,,,,
25420000,6355,3.75,,1.5342025756835938,,,,3.75,,,,,,,,,
25424000,6356,3.625,,1.556979775428772,,,,3.625,,,,,,,,,
25428000,6357,4.0,,1.681713342666626,,,,4.0,,,,,,,,,
25432000,6358,4.0,,1.7162251472473145,,,,4.0,,,,,,,,,
25436000,6359,4.0,,1.6716923713684082,,,,4.0,,,,,,,,,
25440000,6360,3.375,,1.6113569736480713,,,,3.375,,,,,,,,,
25444000,6361,3.625,,1.5611228942871094,,,,3.625,,,,,,,,,
25448000,6362,2.375,,1.6043062210083008,,,,2.375,,,,,,,,,
25452000,6363,3.625,,1.6545615196228027,,,,3.625,,,,,,,,,
25456000,6364,3.25,,1.6588000059127808,,,,3.25,,,,,,,,,
25460000,6365,3.125,,1.6332552433013916,,,,3.125,,,,,,,,,
25464000,6366,4.25,,1.5922784805297852,,,,4.25,,,,,,,,,
25468000,6367,3.75,,1.6018149852752686,,,,3.75,,,,,,,,,
25472000,6368,3.75,,1.6368417739868164,,,,3.75,,,,,,,,,
25476000,6369,3.375,,1.5610496997833252,,,,3.375,,,,,,,,,
25480000,6370,3.75,,1.5151076316833496,,,,3.75,,,,,,,,,
25484000,6371,3.125,,1.5760265588760376,,,,3.125,,,,,,,,,
25488000,6372,3.25,,1.595636248588562,,,,3.25,,,,,,,,,
25492000,6373,3.5,,1.6149600744247437,,,,3.5,,,,,,,,,
25496000,6374,3.5,,1.6140832901000977,,,,3.5,,,,,,,,,
25500000,6375,2.0,,1.5628175735473633,,,,2.0,,,,,,,,,
25504000,6376,4.0,,1.5617839097976685,,,,4.0,,,,,,,,,
25508000,6377,3.0,,1.5620901584625244,,,,3.0,,,,,,,,,
25512000,6378,3.375,,1.5353941917419434,,,,3.375,,,,,,,,,
25516000,6379,3.5,,1.5747945308685303,,,,3.5,,,,,,,,,
25520000,6380,3.5,,1.5144082307815552,,,,3.5,,,,,,,,,
25524000,6381,3.875,,1.558088779449463,,,,3.875,,,,,,,,,
25528000,6382,2.375,,1.510987639427185,,,,2.375,,,,,,,,,
25532000,6383,3.75,,1.4854258298873901,,,,3.75,,,,,,,,,
25536000,6384,3.125,,1.5292768478393555,,,,3.125,,,,,,,,,
25540000,6385,3.25,,1.5157251358032227,,,,3.25,,,,,,,,,
25544000,6386,4.0,,1.554692029953003,,,,4.0,,,,,,,,,
25548000,6387,3.75,,1.5428447723388672,,,,3.75,,,,,,,,,
25552000,6388,2.75,,1.5171377658843994,,,,2.75,,,,,,,,,
25556000,6389,4.125,,1.5248700380325317,,,,4.125,,,,,,,,,
25560000,6390,2.375,,1.5378458499908447,,,,2.375,,,,,,,,,
25564000,6391,3.75,,1.534611701965332,,,,3.75,,,,,,,,,
25568000,6392,3.5,,1.5955570936203003,,,,3.5,,,,,,,,,
25572000,6393,3.75,,1.547548532485962,,,,3.75,,,,,,,,,
25576000,6394,3.25,,1.4725584983825684,,,,3.25,,,,,,,,,
25580000,6395,2.625,,1.4360828399658203,,,,2.625,,,,,,,,,
25584000,6396,3.375,,1.5202922821044922,,,,3.375,,,,,,,,,
25588000,6397,3.875,,1.4695446491241455,,,,3.875,,,,,,,,,
25592000,6398,3.625,,1.5978028774261475,,,,3.625,,,,,,,,,
25596000,6399,3.625,,1.5754222869873047,,,,3.625,,,,,,,,,
25600000,6400,3.875,,1.5568921566009521,,,,3.875,,,,,,,,,
25604000,6401,3.5,,1.5076090097427368,,,,3.5,,,,,,,,,
25608000,6402,2.875,,1.5530622005462646,,,,2.875,,,,,,,,,
25612000,6403,3.75,,1.4832417964935303,,,,3.75,,,,,,,,,
25616000,6404,3.375,,1.5514768362045288,,,,3.375,,,,,,,,,
25620000,6405,3.75,,1.5099656581878662,,,,3.75,,,,,,,,,
25624000,6406,3.25,,1.4289201498031616,,,,3.25,,,,,,,,,
25628000,6407,3.625,,1.4796971082687378,,,,3.625,,,,,,,,,
25632000,6408,3.0,,1.513465166091919,,,,3.0,,,,,,,,,
25636000,6409,2.625,,1.467888355255127,,,,2.625,,,,,,,,,
25640000,6410,2.75,,1.5142675638198853,,,,2.75,,,,,,,,,
25644000,6411,3.625,,1.4804866313934326,,,,3.625,,,,,,,,,
25648000,6412,3.875,,1.540771722793579,,,,3.875,,,,,,,,,
25652000,6413,3.0,,1.5587501525878906,,,,3.0,,,,,,,,,
25656000,6414,3.75,,1.4825305938720703,,,,3.75,,,,,,,,,
25660000,6415,4.0,,1.573822021484375,,,,4.0,,,,,,,,,
25664000,6416,3.75,,1.5150004625320435,,,,3.75,,,,,,,,,
25668000,6417,3.125,,1.4837809801101685,,,,3.125,,,,,,,,,
25672000,6418,3.75,,1.4677517414093018,,,,3.75,,,,,,,,,
25676000,6419,3.875,,1.5315964221954346,,,,3.875,,,,,,,,,
25680000,6420,3.5,,1.5834276676177979,,,,3.5,,,,,,,,,
25684000,6421,3.25,,1.5623955726623535,,,,3.25,,,,,,,,,
25688000,6422,3.375,,1.5291516780853271,,,,3.375,,,,,,,,,
25692000,6423,2.875,,1.5468400716781616,,,,2.875,,,,,,,,,
25696000,6424,4.0,,1.584754228591919,,,,4.0,,,,,,,,,
25700000,6425,3.625,,1.5999300479888916,,,,3.625,,,,,,,,,
25704000,6426,3.75,,1.5306365489959717,,,,3.75,,,,,,,,,
25708000,6427,3.125,,1.6072763204574585,,,,3.125,,,,,,,,,
25712000,6428,3.375,,1.5079511404037476,,,,3.375,,,,,,,,,
25716000,6429,3.125,,1.518808126449585,,,,3.125,,,,,,,,,
25720000,6430,3.75,,1.4814597368240356,,,,3.75,,,,,,,,,
25724000,6431,3.375,,1.5440078973770142,,,,3.375,,,,,,,,,
25728000,6432,3.375,,1.5560909509658813,,,,3.375,,,,,,,,,
25732000,6433,3.5,,1.561290979385376,,,,3.5,,,,,,,,,
25736000,6434,3.75,,1.4727863073349,,,,3.75,,,,,,,,,
25740000,6435,3.75,,1.528328537940979,,,,3.75,,,,,,,,,
25744000,6436,3.375,,1.579254150390625,,,,3.375,,,,,,,,,
25748000,6437,3.125,,1.579636812210083,,,,3.125,,,,,,,,,
25752000,6438,3.5,,1.5712767839431763,,,,3.5,,,,,,,,,
25756000,6439,2.5,,1.5181810855865479,,,,2.5,,,,,,,,,
25760000,6440,2.5,,1.4698221683502197,,,,2.5,,,,,,,,,
25764000,6441,3.0,,1.562793493270874,,,,3.0,,,,,,,,,
25768000,6442,4.0,,1.5750675201416016,,,,4.0,,,,,,,,,
25772000,6443,3.25,,1.592410683631897,,,,3.25,,,,,,,,,
25776000,6444,2.875,,1.5377202033996582,,,,2.875,,,,,,,,,
25780000,6445,3.75,,1.5655653476715088,,,,3.75,,,,,,,,,
25784000,6446,3.75,,1.468822956085205,,,,3.75,,,,,,,,,
25788000,6447,3.25,,1.478840708732605,,,,3.25,,,,,,,,,
25792000,6448,4.0,,1.5696063041687012,,,,4.0,,,,,,,,,
25796000,6449,3.125,,1.5288455486297607,,,,3.125,,,,,,,,,
25800000,6450,4.0,,1.5261669158935547,,,,4.0,,,,,,,,,
25804000,6451,3.875,,1.5402772426605225,,,,3.875,,,,,,,,,
25808000,6452,4.125,,1.5983233451843262,,,,4.125,,,,,,,,,
25812000,6453,4.25,,1.5247399806976318,,,,4.25,,,,,,,,,
25816000,6454,4.125,,1.5123331546783447,,,,4.125,,,,,,,,,
25820000,6455,3.625,,1.535522699356079,,,,3.625,,,,,,,,,
25824000,6456,4.375,,1.512202501296997,,,,4.375,,,,,,,,,
25828000,6457,3.875,,1.630590796470642,,,,3.875,,,,,,,,,
25832000,6458,4.25,,1.4955416917800903,,,,4.25,,,,,,,,,
25836000,6459,3.0,,1.5539076328277588,,,,3.0,,,,,,,,,
25840000,6460,4.125,,1.4573938846588135,,,,4.125,,,,,,,,,
25844000,6461,3.625,,1.5582671165466309,,,,3.625,,,,,,,,,
25848000,6462,4.0,,1.535009503364563,,,,4.0,,,,,,,,,
25852000,6463,3.75,,1.5201698541641235,,,,3.75,,,,,,,,,
25856000,6464,4.0,,1.5110790729522705,,,,4.0,,,,,,,,,
25860000,6465,4.125,,1.545691967010498,,,,4.125,,,,,,,,,
25864000,6466,3.75,,1.4980032444000244,,,,3.75,,,,,,,,,
25868000,6467,3.375,,1.515607237815857,,,,3.375,,,,,,,,,
25872000,6468,3.5,,1.464242935180664,,,,3.5,,,,,,,,,
25876000,6469,3.875,,1.5681724548339844,,,,3.875,,,,,,,,,
25880000,6470,3.875,,1.5089550018310547,,,,3.875,,,,,,,,,
25884000,6471,3.5,,1.5239876508712769,,,,3.5,,,,,,,,,
25888000,6472,3.875,,1.5531120300292969,,,,3.875,,,,,,,,,
25892000,6473,3.625,,1.5835368633270264,,,,3.625,,,,,,,,,
25896000,6474,4.0,,1.5619126558303833,,,,4.0,,,,,,,,,
25900000,6475,3.75,,1.5503480434417725,,,,3.75,,,,,,,,,
25904000,6476,3.75,,1.5102217197418213,,,,3.75,,,,,,,,,
25908000,6477,4.0,,1.5864653587341309,,,,4.0,,,,,,,,,
25912000,6478,3.875,,1.590132236480713,,,,3.875,,,,,,,,,
25916000,6479,3.75,,1.6258461475372314,,,,3.75,,,,,,,,,
25920000,6480,3.75,,1.6204349994659424,,,,3.75,,,,,,,,,
25924000,6481,3.75,,1.4821076393127441,,,,3.75,,,,,,,,,
25928000,6482,4.375,,1.5142433643341064,,,,4.375,,,,,,,,,
25932000,6483,3.875,,1.596268892288208,,,,3.875,,,,,,,,,
25936000,6484,3.625,,1.5434285402297974,,,,3.625,,,,,,,,,
25940000,6485,4.0,,1.5578665733337402,,,,4.0,,,,,,,,,
25944000,6486,4.0,,1.5586512088775635,,,,4.0,,,,,,,,,
25948000,6487,4.125,,1.6615140438079834,,,,4.125,,,,,,,,,
25952000,6488,4.25,,1.5851666927337646,,,,4.25,,,,,,,,,
25956000,6489,4.25,,1.5375897884368896,,,,4.25,,,,,,,,,
25960000,6490,4.125,,1.5467088222503662,,,,4.125,,,,,,,,,
25964000,6491,3.375,,1.4943573474884033,,,,3.375,,,,,,,,,
25968000,6492,4.125,,1.6012442111968994,,,,4.125,,,,,,,,,
25972000,6493,4.125,,1.5686877965927124,,,,4.125,,,,,,,,,
25976000,6494,3.375,,1.5775433778762817,,,,3.375,,,,,,,,,
25980000,6495,3.875,,1.5892796516418457,,,,3.875,,,,,,,,,
25984000,6496,3.875,,1.5648109912872314,,,,3.875,,,,,,,,,
25988000,6497,4.5,,1.5590393543243408,,,,4.5,,,,,,,,,
25992000,6498,2.75,,1.6185126304626465,,,,2.75,,,,,,,,,
25996000,6499,3.375,,1.6178799867630005,,,,3.375,,,,,,,,,
26000000,6500,1.875,,1.5641599893569946,,,,1.875,,,,,,,,,
26004000,6501,3.0,,1.5174615383148193,,,,3.0,,,,,,,,,
26008000,6502,3.125,,1.5171799659729004,,,,3.125,,,,,,,,,
26012000,6503,3.375,,1.6066936254501343,,,,3.375,,,,,,,,,
26016000,6504,3.875,,1.5806829929351807,,,,3.875,,,,,,,,,
26020000,6505,4.5,,1.5370423793792725,,,,4.5,,,,,,,,,
26024000,6506,3.25,,1.560004472732544,,,,3.25,,,,,,,,,
26028000,6507,3.625,,1.5769246816635132,,,,3.625,,,,,,,,,
26032000,6508,3.0,,1.5403121709823608,,,,3.0,,,,,,,,,
26036000,6509,3.625,,1.544260859489441,,,,3.625,,,,,,,,,
26040000,6510,4.25,,1.5997343063354492,,,,4.25,,,,,,,,,
26044000,6511,4.125,,1.5301648378372192,,,,4.125,,,,,,,,,
26048000,6512,4.0,,1.636721134185791,,,,4.0,,,,,,,,,
26052000,6513,4.0,,1.5684592723846436,,,,4.0,,,,,,,,,
26056000,6514,3.625,,1.5800317525863647,,,,3.625,,,,,,,,,
26060000,6515,4.125,,1.5217866897583008,,,,4.125,,,,,,,,,
26064000,6516,3.875,,1.6177451610565186,,,,3.875,,,,,,,,,
26068000,6517,4.375,,1.6045581102371216,,,,4.375,,,,,,,,,
26072000,6518,3.75,,1.5819811820983887,,,,3.75,,,,,,,,,
26076000,6519,3.75,,1.6005606651306152,,,,3.75,,,,,,,,,
26080000,6520,4.0,,1.6534810066223145,,,,4.0,,,,,,,,,
26084000,6521,3.75,,1.6288427114486694,,,,3.75,,,,,,,,,
26088000,6522,4.25,,1.5924643278121948,,,,4.25,,,,,,,,,
26092000,6523,4.0,,1.5854231119155884,,,,4.0,,,,,,,,,
26096000,6524,4.125,,1.6691160202026367,,,,4.125,,,,,,,,,
26100000,6525,4.375,,1.6168715953826904,,,,4.375,,,,,,,,,
26104000,6526,4.0,,1.5751426219940186,,,,4.0,,,,,,,,,
26108000,6527,4.125,,1.600431203842163,,,,4.125,,,,,,,,,
26112000,6528,3.125,,1.6165305376052856,,,,3.125,,,,,,,,,
26116000,6529,3.75,,1.6500898599624634,,,,3.75,,,,,,,,,
26120000,6530,3.375,,1.6943007707595825,,,,3.375,,,,,,,,,
26124000,6531,3.75,,1.6152069568634033,,,,3.75,,,,,,,,,
26128000,6532,3.5,,1.6308437585830688,,,,3.5,,,,,,,,,
26132000,6533,3.875,,1.559830665588379,,,,3.875,,,,,,,,,
26136000,6534,4.125,,1.6181960105895996,,,,4.125,,,,,,,,,
26140000,6535,3.875,,1.6539685726165771,,,,3.875,,,,,,,,,
26144000,6536,3.875,,1.5758686065673828,,,,3.875,,,,,,,,,
26148000,6537,4.0,,1.5519685745239258,,,,4.0,,,,,,,,,
26152000,6538,3.5,,1.6577247381210327,,,,3.5,,,,,,,,,
26156000,6539,4.125,,1.6974914073944092,,,,4.125,,,,,,,,,
26160000,6540,3.25,,1.624990701675415,,,,3.25,,,,,,,,,
26164000,6541,1.75,,1.5782873630523682,,,,1.75,,,,,,,,,
26168000,6542,3.25,,1.5895228385925293,,,,3.25,,,,,,,,,
26172000,6543,3.875,,1.5699063539505005,,,,3.875,,,,,,,,,
26176000,6544,3.25,,1.5575902462005615,,,,3.25,,,,,,,,,
26180000,6545,4.125,,1.651932954788208,,,,4.125,,,,,,,,,
26184000,6546,2.5,,1.5936336517333984,,,,2.5,,,,,,,,,
26188000,6547,3.625,,1.610503911972046,,,,3.625,,,,,,,,,
26192000,6548,3.125,,1.6944152116775513,,,,3.125,,,,,,,,,
26196000,6549,3.75,,1.596893310546875,,,,3.75,,,,,,,,,
26200000,6550,2.625,,1.5673508644104004,,,,2.625,,,,,,,,,
26204000,6551,2.625,,1.5506384372711182,,,,2.625,,,,,,,,,
26208000,6552,3.0,,1.5942094326019287,,,,3.0,,,,,,,,,
26212000,6553,2.125,,1.6809816360473633,,,,2.125,,,,,,,,,
26216000,6554,3.25,,1.5957446098327637,,,,3.25,,,,,,,,,
26220000,6555,3.875,,1.6026782989501953,,,,3.875,,,,,,,,,
26224000,6556,2.75,,1.57188081741333,,,,2.75,,,,,,,,,
26228000,6557,3.5,,1.579288125038147,,,,3.5,,,,,,,,,
26232000,6558,4.0,,1.524003505706787,,,,4.0,,,,,,,,,
26236000,6559,2.75,,1.5842499732971191,,,,2.75,,,,,,,,,
26240000,6560,4.125,,1.6306607723236084,,,,4.125,,,,,,,,,
26244000,6561,2.0,,1.5186532735824585,,,,2.0,,,,,,,,,
26248000,6562,3.25,,1.52105712890625,,,,3.25,,,,,,,,,
26252000,6563,4.0,,1.5863368511199951,,,,4.0,,,,,,,,,
26256000,6564,3.75,,1.6081572771072388,,,,3.75,,,,,,,,,
26260000,6565,4.125,,1.555025339126587,,,,4.125,,,,,,,,,
26264000,6566,4.125,,1.5937029123306274,,,,4.125,,,,,,,,,
26268000,6567,4.25,,1.5486347675323486,,,,4.25,,,,,,,,,
26272000,6568,3.875,,1.6185097694396973,,,,3.875,,,,,,,,,
26276000,6569,4.125,,1.652345895767212,,,,4.125,,,,,,,,,
26280000,6570,4.25,,1.5715079307556152,,,,4.25,,,,,,,,,
26284000,6571,3.875,,1.6249490976333618,,,,3.875,,,,,,,,,
26288000,6572,3.875,,1.4896390438079834,,,,3.875,,,,,,,,,
26292000,6573,3.875,,1.6597859859466553,,,,3.875,,,,,,,,,
26296000,6574,3.75,,1.6504536867141724,,,,3.75,,,,,,,,,
26300000,6575,4.125,,1.6105189323425293,,,,4.125,,,,,,,,,
26304000,6576,3.375,,1.5968525409698486,,,,3.375,,,,,,,,,
26308000,6577,4.125,,1.6335883140563965,,,,4.125,,,,,,,,,
26312000,6578,4.0,,1.6640193462371826,,,,4.0,,,,,,,,,
26316000,6579,3.25,,1.57476007938385,,,,3.25,,,,,,,,,
26320000,6580,4.0,,1.5876083374023438,,,,4.0,,,,,,,,,
26324000,6581,3.5,,1.5830256938934326,,,,3.5,,,,,,,,,
26328000,6582,2.75,,1.5540919303894043,,,,2.75,,,,,,,,,
26332000,6583,3.5,,1.5817887783050537,,,,3.5,,,,,,,,,
26336000,6584,3.375,,1.6237318515777588,,,,3.375,,,,,,,,,
26340000,6585,3.375,,1.5995588302612305,,,,3.375,,,,,,,,,
26344000,6586,3.625,,1.6158030033111572,,,,3.625,,,,,,,,,
26348000,6587,3.5,,1.5757229328155518,,,,3.5,,,,,,,,,
26352000,6588,3.375,,1.5999770164489746,,,,3.375,,,,,,,,,
26356000,6589,4.0,,1.6449251174926758,,,,4.0,,,,,,,,,
26360000,6590,2.875,,1.6090421676635742,,,,2.875,,,,,,,,,
26364000,6591,4.125,,1.5901906490325928,,,,4.125,,,,,,,,,
26368000,6592,4.0,,1.6770107746124268,,,,4.0,,,,,,,,,
26372000,6593,3.75,,1.6649971008300781,,,,3.75,,,,,,,,,
26376000,6594,4.125,,1.5560002326965332,,,,4.125,,,,,,,,,
26380000,6595,4.0,,1.540360689163208,,,,4.0,,,,,,,,,
26384000,6596,4.0,,1.569033145904541,,,,4.0,,,,,,,,,
26388000,6597,3.5,,1.6104298830032349,,,,3.5,,,,,,,,,
26392000,6598,3.125,,1.5742554664611816,,,,3.125,,,,,,,,,
26396000,6599,3.75,,1.5905957221984863,,,,3.75,,,,,,,,,
26400000,6600,2.875,,1.5430558919906616,,,,2.875,,,,,,,,,
26404000,6601,2.75,,1.5540997982025146,,,,2.75,,,,,,,,,
26408000,6602,3.75,,1.5416603088378906,,,,3.75,,,,,,,,,
26412000,6603,3.375,,1.5402952432632446,,,,3.375,,,,,,,,,
26416000,6604,3.5,,1.574694275856018,,,,3.5,,,,,,,,,
26420000,6605,2.875,,1.6627790927886963,,,,2.875,,,,,,,,,
26424000,6606,3.625,,1.5292662382125854,,,,3.625,,,,,,,,,
26428000,6607,3.25,,1.5966826677322388,,,,3.25,,,,,,,,,
26432000,6608,3.375,,1.6074819564819336,,,,3.375,,,,,,,,,
26436000,6609,3.75,,1.4821460247039795,,,,3.75,,,,,,,,,
26440000,6610,3.0,,1.5921968221664429,,,,3.0,,,,,,,,,
26444000,6611,4.0,,1.5914005041122437,,,,4.0,,,,,,,,,
26448000,6612,4.0,,1.5748640298843384,,,,4.0,,,,,,,,,
26452000,6613,3.5,,1.5208786725997925,,,,3.5,,,,,,,,,
26456000,6614,4.25,,1.520364761352539,,,,4.25,,,,,,,,,
26460000,6615,2.75,,1.5184836387634277,,,,2.75,,,,,,,,,
26464000,6616,3.5,,1.5657274723052979,,,,3.5,,,,,,,,,
26468000,6617,2.875,,1.5266461372375488,,,,2.875,,,,,,,,,
26472000,6618,3.75,,1.4958833456039429,,,,3.75,,,,,,,,,
26476000,6619,3.125,,1.5624942779541016,,,,3.125,,,,,,,,,
26480000,6620,3.25,,1.4819400310516357,,,,3.25,,,,,,,,,
26484000,6621,4.0,,1.5036392211914062,,,,4.0,,,,,,,,,
26488000,6622,4.0,,1.4686729907989502,,,,4.0,,,,,,,,,
26492000,6623,3.875,,1.5372893810272217,,,,3.875,,,,,,,,,
26496000,6624,3.5,,1.594065546989441,,,,3.5,,,,,,,,,
26500000,6625,2.875,,1.5144902467727661,,,,2.875,,,,,,,,,
26504000,6626,3.875,,1.6035264730453491,,,,3.875,,,,,,,,,
26508000,6627,2.75,,1.468017578125,,,,2.75,,,,,,,,,
26512000,6628,4.0,,1.5036876201629639,,,,4.0,,,,,,,,,
26516000,6629,3.875,,1.5058155059814453,,,,3.875,,,,,,,,,
26520000,6630,3.5,,1.5144098997116089,,,,3.5,,,,,,,,,
26524000,6631,4.0,,1.4975252151489258,,,,4.0,,,,,,,,,
26528000,6632,3.875,,1.578127145767212,,,,3.875,,,,,,,,,
26532000,6633,3.875,,1.5226788520812988,,,,3.875,,,,,,,,,
26536000,6634,4.0,,1.489959955215454,,,,4.0,,,,,,,,,
26540000,6635,3.75,,1.4531805515289307,,,,3.75,,,,,,,,,
26544000,6636,4.125,,1.504607915878296,,,,4.125,,,,,,,,,
26548000,6637,4.0,,1.5588843822479248,,,,4.0,,,,,,,,,
26552000,6638,3.75,,1.501159429550171,,,,3.75,,,,,,,,,
26556000,6639,4.125,,1.5601136684417725,,,,4.125,,,,,,,,,
26560000,6640,4.0,,1.4924143552780151,,,,4.0,,,,,,,,,
26564000,6641,3.5,,1.5179693698883057,,,,3.5,,,,,,,,,
26568000,6642,4.125,,1.497559905052185,,,,4.125,,,,,,,,,
26572000,6643,3.375,,1.4890605211257935,,,,3.375,,,,,,,,,
26576000,6644,4.125,,1.5723693370819092,,,,4.125,,,,,,,,,
26580000,6645,4.375,,1.595863938331604,,,,4.375,,,,,,,,,
26584000,6646,3.75,,1.5130194425582886,,,,3.75,,,,,,,,,
26588000,6647,4.0,,1.5134084224700928,,,,4.0,,,,,,,,,
26592000,6648,4.125,,1.4906740188598633,,,,4.125,,,,,,,,,
26596000,6649,4.0,,1.515113115310669,,,,4.0,,,,,,,,,
26600000,6650,3.875,,1.5057153701782227,,,,3.875,,,,,,,,,
26604000,6651,4.125,,1.5158171653747559,,,,4.125,,,,,,,,,
26608000,6652,3.75,,1.5148472785949707,,,,3.75,,,,,,,,,
26612000,6653,3.5,,1.574582576751709,,,,3.5,,,,,,,,,
26616000,6654,3.625,,1.5198663473129272,,,,3.625,,,,,,,,,
26620000,6655,3.375,,1.4924845695495605,,,,3.375,,,,,,,,,
26624000,6656,3.5,,1.48832106590271,,,,3.5,,,,,,,,,
26628000,6657,3.625,,1.5906050205230713,,,,3.625,,,,,,,,,
26632000,6658,4.125,,1.5966565608978271,,,,4.125,,,,,,,,,
26636000,6659,2.5,,1.4852681159973145,,,,2.5,,,,,,,,,
26640000,6660,3.375,,1.4857686758041382,,,,3.375,,,,,,,,,
26644000,6661,3.125,,1.4787558317184448,,,,3.125,,,,,,,,,
26648000,6662,3.25,,1.5201547145843506,,,,3.25,,,,,,,,,
26652000,6663,3.875,,1.514094352722168,,,,3.875,,,,,,,,,
26656000,6664,3.75,,1.571875810623169,,,,3.75,,,,,,,,,
26660000,6665,3.625,,1.49794340133667,,,,3.625,,,,,,,,,
26664000,6666,3.875,,1.505263090133667,,,,3.875,,,,,,,,,
26668000,6667,3.5,,1.5006868839263916,,,,3.5,,,,,,,,,
26672000,6668,3.5,,1.5469996929168701,,,,3.5,,,,,,,,,
26676000,6669,2.5,,1.500396728515625,,,,2.5,,,,,,,,,
26680000,6670,3.875,,1.5032360553741455,,,,3.875,,,,,,,,,
26684000,6671,2.75,,1.4684040546417236,,,,2.75,,,,,,,,,
26688000,6672,3.875,,1.5624667406082153,,,,3.875,,,,,,,,,
26692000,6673,3.875,,1.5620965957641602,,,,3.875,,,,,,,,,
26696000,6674,3.625,,1.4953752756118774,,,,3.625,,,,,,,,,
26700000,6675,3.75,,1.5586503744125366,,,,3.75,,,,,,,,,
26704000,6676,3.125,,1.545891523361206,,,,3.125,,,,,,,,,
26708000,6677,3.375,,1.5283093452453613,,,,3.375,,,,,,,,,
26712000,6678,3.125,,1.5327247381210327,,,,3.125,,,,,,,,,
26716000,6679,3.0,,1.493007779121399,,,,3.0,,,,,,,,,
26720000,6680,3.25,,1.4933254718780518,,,,3.25,,,,,,,,,
26724000,6681,3.25,,1.5207774639129639,,,,3.25,,,,,,,,,
26728000,6682,4.0,,1.5255253314971924,,,,4.0,,,,,,,,,
26732000,6683,3.75,,1.6404271125793457,,,,3.75,,,,,,,,,
26736000,6684,3.375,,1.522665023803711,,,,3.375,,,,,,,,,
26740000,6685,4.25,,1.4724925756454468,,,,4.25,,,,,,,,,
26744000,6686,3.375,,1.5497883558273315,,,,3.375,,,,,,,,,
26748000,6687,4.0,,1.5255217552185059,,,,4.0,,,,,,,,,
26752000,6688,3.25,,1.5708202123641968,,,,3.25,,,,,,,,,
26756000,6689,3.625,,1.4850976467132568,,,,3.625,,,,,,,,,
26760000,6690,4.375,,1.5138086080551147,,,,4.375,,,,,,,,,
26764000,6691,3.625,,1.5127421617507935,,,,3.625,,,,,,,,,
26768000,6692,3.625,,1.5154238939285278,,,,3.625,,,,,,,,,
26772000,6693,3.25,,1.5269553661346436,,,,3.25,,,,,,,,,
26776000,6694,3.375,,1.5026812553405762,,,,3.375,,,,,,,,,
26780000,6695,4.0,,1.4670677185058594,,,,4.0,,,,,,,,,
26784000,6696,3.125,,1.5391654968261719,,,,3.125,,,,,,,,,
26788000,6697,2.75,,1.5328059196472168,,,,2.75,,,,,,,,,
26792000,6698,3.75,,1.527178406715393,,,,3.75,,,,,,,,,
26796000,6699,3.75,,1.529642939567566,,,,3.75,,,,,,,,,
26800000,6700,3.125,,1.556504249572754,,,,3.125,,,,,,,,,
26804000,6701,4.125,,1.5109153985977173,,,,4.125,,,,,,,,,
26808000,6702,2.875,,1.5214287042617798,,,,2.875,,,,,,,,,
26812000,6703,3.875,,1.5184426307678223,,,,3.875,,,,,,,,,
26816000,6704,3.75,,1.5021042823791504,,,,3.75,,,,,,,,,
26820000,6705,4.375,,1.4857921600341797,,,,4.375,,,,,,,,,
26824000,6706,4.125,,1.5583722591400146,,,,4.125,,,,,,,,,
26828000,6707,3.625,,1.5260893106460571,,,,3.625,,,,,,,,,
26832000,6708,3.75,,1.547879934310913,,,,3.75,,,,,,,,,
26836000,6709,2.625,,1.5654733180999756,,,,2.625,,,,,,,,,
26840000,6710,3.75,,1.5400052070617676,,,,3.75,,,,,,,,,
26844000,6711,2.75,,1.5737665891647339,,,,2.75,,,,,,,,,
26848000,6712,4.125,,1.4880881309509277,,,,4.125,,,,,,,,,
26852000,6713,3.875,,1.489804983139038,,,,3.875,,,,,,,,,
26856000,6714,4.375,,1.495222568511963,,,,4.375,,,,,,,,,
26860000,6715,3.875,,1.5197570323944092,,,,3.875,,,,,,,,,
26864000,6716,3.75,,1.5024933815002441,,,,3.75,,,,,,,,,
26868000,6717,4.375,,1.5060288906097412,,,,4.375,,,,,,,,,
26872000,6718,4.0,,1.5278851985931396,,,,4.0,,,,,,,,,
26876000,6719,3.875,,1.5527846813201904,,,,3.875,,,,,,,,,
26880000,6720,4.125,,1.517585277557373,,,,4.125,,,,,,,,,
26884000,6721,4.375,,1.4865975379943848,,,,4.375,,,,,,,,,
26888000,6722,3.875,,1.5423462390899658,,,,3.875,,,,,,,,,
26892000,6723,3.75,,1.5478229522705078,,,,3.75,,,,,,,,,
26896000,6724,4.125,,1.5003859996795654,,,,4.125,,,,,,,,,
26900000,6725,3.625,,1.562124252319336,,,,3.625,,,,,,,,,
26904000,6726,4.375,,1.5874428749084473,,,,4.375,,,,,,,,,
26908000,6727,3.625,,1.5082734823226929,,,,3.625,,,,,,,,,
26912000,6728,3.875,,1.5769020318984985,,,,3.875,,,,,,,,,
26916000,6729,3.125,,1.5923693180084229,,,,3.125,,,,,,,,,
26920000,6730,3.75,,1.5639338493347168,,,,3.75,,,,,,,,,
26924000,6731,4.0,,1.5349370241165161,,,,4.0,,,,,,,,,
26928000,6732,3.25,,1.5817182064056396,,,,3.25,,,,,,,,,
26932000,6733,3.5,,1.5461888313293457,,,,3.5,,,,,,,,,
26936000,6734,4.125,,1.6036522388458252,,,,4.125,,,,,,,,,
26940000,6735,3.625,,1.500508427619934,,,,3.625,,,,,,,,,
26944000,6736,3.625,,1.541013479232788,,,,3.625,,,,,,,,,
26948000,6737,3.25,,1.5147228240966797,,,,3.25,,,,,,,,,
26952000,6738,3.625,,1.541982889175415,,,,3.625,,,,,,,,,
26956000,6739,2.5,,1.603536605834961,,,,2.5,,,,,,,,,
26960000,6740,3.375,,1.5418856143951416,,,,3.375,,,,,,,,,
26964000,6741,3.875,,1.5037505626678467,,,,3.875,,,,,,,,,
26968000,6742,4.125,,1.5604346990585327,,,,4.125,,,,,,,,,
26972000,6743,3.0,,1.60575532913208,,,,3.0,,,,,,,,,
26976000,6744,3.875,,1.526332139968872,,,,3.875,,,,,,,,,
26980000,6745,3.25,,1.5951236486434937,,,,3.25,,,,,,,,,
26984000,6746,3.5,,1.5270142555236816,,,,3.5,,,,,,,,,
26988000,6747,3.875,,1.5017833709716797,,,,3.875,,,,,,,,,
26992000,6748,4.0,,1.5763452053070068,,,,4.0,,,,,,,,,
26996000,6749,4.0,,1.5829203128814697,,,,4.0,,,,,,,,,
27000000,6750,4.125,,1.518071174621582,,,,4.125,,,,,,,,,
27004000,6751,4.0,,1.5451921224594116,,,,4.0,,,,,,,,,
27008000,6752,4.125,,1.5312209129333496,,,,4.125,,,,,,,,,
27012000,6753,3.125,,1.6008331775665283,,,,3.125,,,,,,,,,
27016000,6754,3.875,,1.560777187347412,,,,3.875,,,,,,,,,
27020000,6755,3.125,,1.5412760972976685,,,,3.125,,,,,,,,,
27024000,6756,3.625,,1.5771534442901611,,,,3.625,,,,,,,,,
27028000,6757,3.75,,1.5526365041732788,,,,3.75,,,,,,,,,
27032000,6758,3.5,,1.5487279891967773,,,,3.5,,,,,,,,,
27036000,6759,3.875,,1.5323731899261475,,,,3.875,,,,,,,,,
27040000,6760,3.125,,1.5429426431655884,,,,3.125,,,,,,,,,
27044000,6761,4.125,,1.5813548564910889,,,,4.125,,,,,,,,,
27048000,6762,3.25,,1.618070363998413,,,,3.25,,,,,,,,,
27052000,6763,4.0,,1.5047227144241333,,,,4.0,,,,,,,,,
27056000,6764,1.875,,1.4485543966293335,,,,1.875,,,,,,,,,
27060000,6765,3.875,,1.521992802619934,,,,3.875,,,,,,,,,
27064000,6766,4.0,,1.538035273551941,,,,4.0,,,,,,,,,
27068000,6767,3.625,,1.5403538942337036,,,,3.625,,,,,,,,,
27072000,6768,3.0,,1.549611210823059,,,,3.0,,,,,,,,,
27076000,6769,3.125,,1.5475459098815918,,,,3.125,,,,,,,,,
27080000,6770,4.125,,1.4888324737548828,,,,4.125,,,,,,,,,
27084000,6771,3.75,,1.5231256484985352,,,,3.75,,,,,,,,,
27088000,6772,4.25,,1.5399959087371826,,,,4.25,,,,,,,,,
27092000,6773,3.75,,1.5147515535354614,,,,3.75,,,,,,,,,
27096000,6774,4.125,,1.5624574422836304,,,,4.125,,,,,,,,,
27100000,6775,3.375,,1.5776457786560059,,,,3.375,,,,,,,,,
27104000,6776,4.0,,1.466123104095459,,,,4.0,,,,,,,,,
27108000,6777,4.125,,1.5269895792007446,,,,4.125,,,,,,,,,
27112000,6778,3.625,,1.5074793100357056,,,,3.625,,,,,,,,,
27116000,6779,3.75,,1.516613483428955,,,,3.75,,,,,,,,,
27120000,6780,4.0,,1.4980230331420898,,,,4.0,,,,,,,,,
27124000,6781,4.25,,1.5429472923278809,,,,4.25,,,,,,,,,
27128000,6782,3.75,,1.4808435440063477,,,,3.75,,,,,,,,,
27132000,6783,3.75,,1.5343326330184937,,,,3.75,,,,,,,,,
27136000,6784,4.125,,1.5620272159576416,,,,4.125,,,,,,,,,
27140000,6785,3.875,,1.442461371421814,,,,3.875,,,,,,,,,
27144000,6786,3.375,,1.6060872077941895,,,,3.375,,,,,,,,,
27148000,6787,4.125,,1.5636348724365234,,,,4.125,,,,,,,,,
27152000,6788,4.25,,1.5672876834869385,,,,4.25,,,,,,,,,
27156000,6789,3.875,,1.5848824977874756,,,,3.875,,,,,,,,,
27160000,6790,3.25,,1.4986281394958496,,,,3.25,,,,,,,,,
27164000,6791,3.625,,1.5530610084533691,,,,3.625,,,,,,,,,
27168000,6792,2.0,,1.5234394073486328,,,,2.0,,,,,,,,,
27172000,6793,4.0,,1.4889053106307983,,,,4.0,,,,,,,,,
27176000,6794,3.75,,1.5038151741027832,,,,3.75,,,,,,,,,
27180000,6795,4.125,,1.5553443431854248,,,,4.125,,,,,,,,,
27184000,6796,3.5,,1.5584232807159424,,,,3.5,,,,,,,,,
27188000,6797,2.5,,1.4582892656326294,,,,2.5,,,,,,,,,
27192000,6798,3.875,,1.50435471534729,,,,3.875,,,,,,,,,
27196000,6799,2.625,,1.5421984195709229,,,,2.625,,,,,,,,,
27200000,6800,4.25,,1.5287904739379883,,,,4.25,,,,,,,,,
27204000,6801,4.0,,1.5065996646881104,,,,4.0,,,,,,,,,
27208000,6802,3.75,,1.503986120223999,,,,3.75,,,,,,,,,
27212000,6803,2.875,,1.5547003746032715,,,,2.875,,,,,,,,,
27216000,6804,3.375,,1.4627630710601807,,,,3.375,,,,,,,,,
27220000,6805,3.75,,1.591833472251892,,,,3.75,,,,,,,,,
27224000,6806,4.0,,1.537491798400879,,,,4.0,,,,,,,,,
27228000,6807,3.125,,1.521333932876587,,,,3.125,,,,,,,,,
27232000,6808,3.75,,1.5387704372406006,,,,3.75,,,,,,,,,
27236000,6809,2.625,,1.545048713684082,,,,2.625,,,,,,,,,
27240000,6810,3.625,,1.6051427125930786,,,,3.625,,,,,,,,,
27244000,6811,3.0,,1.495406985282898,,,,3.0,,,,,,,,,
27248000,6812,3.625,,1.5203349590301514,,,,3.625,,,,,,,,,
27252000,6813,2.25,,1.475275993347168,,,,2.25,,,,,,,,,
27256000,6814,2.375,,1.531550407409668,,,,2.375,,,,,,,,,
27260000,6815,2.875,,1.502752423286438,,,,2.875,,,,,,,,,
27264000,6816,3.875,,1.4652360677719116,,,,3.875,,,,,,,,,
27268000,6817,3.5,,1.5005751848220825,,,,3.5,,,,,,,,,
27272000,6818,4.125,,1.5107617378234863,,,,4.125,,,,,,,,,
27276000,6819,4.125,,1.5117167234420776,,,,4.125,,,,,,,,,
27280000,6820,3.5,,1.4993501901626587,,,,3.5,,,,,,,,,
27284000,6821,3.875,,1.536153793334961,,,,3.875,,,,,,,,,
27288000,6822,3.875,,1.4766830205917358,,,,3.875,,,,,,,,,
27292000,6823,4.125,,1.4905143976211548,,,,4.125,,,,,,,,,
27296000,6824,3.5,,1.5393750667572021,,,,3.5,,,,,,,,,
27300000,6825,3.375,,1.4990124702453613,,,,3.375,,,,,,,,,
27304000,6826,4.125,,1.5229074954986572,,,,4.125,,,,,,,,,
27308000,6827,3.375,,1.5035359859466553,,,,3.375,,,,,,,,,
27312000,6828,4.25,,1.5714315176010132,,,,4.25,,,,,,,,,
27316000,6829,4.125,,1.4772560596466064,,,,4.125,,,,,,,,,
27320000,6830,3.125,,1.480705738067627,,,,3.125,,,,,,,,,
27324000,6831,4.125,,1.492614507675171,,,,4.125,,,,,,,,,
27328000,6832,3.125,,1.550851821899414,,,,3.125,,,,,,,,,
27332000,6833,3.625,,1.5012540817260742,,,,3.625,,,,,,,,,
27336000,6834,3.875,,1.4557820558547974,,,,3.875,,,,,,,,,
27340000,6835,4.125,,1.5557665824890137,,,,4.125,,,,,,,,,
27344000,6836,3.875,,1.4583449363708496,,,,3.875,,,,,,,,,
27348000,6837,3.5,,1.5711681842803955,,,,3.5,,,,,,,,,
27352000,6838,4.0,,1.5549092292785645,,,,4.0,,,,,,,,,
27356000,6839,3.875,,1.4453057050704956,,,,3.875,,,,,,,,,
27360000,6840,3.5,,1.495044231414795,,,,3.5,,,,,,,,,
27364000,6841,4.0,,1.481932520866394,,,,4.0,,,,,,,,,
27368000,6842,3.75,,1.490714192390442,,,,3.75,,,,,,,,,
27372000,6843,3.5,,1.520805835723877,,,,3.5,,,,,,,,,
27376000,6844,3.25,,1.4852972030639648,,,,3.25,,,,,,,,,
27380000,6845,4.0,,1.5113261938095093,,,,4.0,,,,,,,,,
27384000,6846,2.875,,1.5126405954360962,,,,2.875,,,,,,,,,
27388000,6847,4.0,,1.460554838180542,,,,4.0,,,,,,,,,
27392000,6848,3.875,,1.490049123764038,,,,3.875,,,,,,,,,
27396000,6849,4.0,,1.4551501274108887,,,,4.0,,,,,,,,,
27400000,6850,3.75,,1.4842259883880615,,,,3.75,,,,,,,,,
27404000,6851,3.875,,1.5042345523834229,,,,3.875,,,,,,,,,
27408000,6852,4.125,,1.4975175857543945,,,,4.125,,,,,,,,,
27412000,6853,3.5,,1.4799833297729492,,,,3.5,,,,,,,,,
27416000,6854,2.75,,1.465583324432373,,,,2.75,,,,,,,,,
27420000,6855,4.125,,1.4190540313720703,,,,4.125,,,,,,,,,
27424000,6856,4.125,,1.5132520198822021,,,,4.125,,,,,,,,,
27428000,6857,3.25,,1.5207030773162842,,,,3.25,,,,,,,,,
27432000,6858,4.0,,1.4566603899002075,,,,4.0,,,,,,,,,
27436000,6859,3.875,,1.4426000118255615,,,,3.875,,,,,,,,,
27440000,6860,3.75,,1.4786893129348755,,,,3.75,,,,,,,,,
27444000,6861,3.375,,1.4631011486053467,,,,3.375,,,,,,,,,
27448000,6862,4.25,,1.4798715114593506,,,,4.25,,,,,,,,,
27452000,6863,3.0,,1.5284035205841064,,,,3.0,,,,,,,,,
27456000,6864,3.75,,1.4534695148468018,,,,3.75,,,,,,,,,
27460000,6865,3.875,,1.500266194343567,,,,3.875,,,,,,,,,
27464000,6866,3.875,,1.5259190797805786,,,,3.875,,,,,,,,,
27468000,6867,3.875,,1.5091623067855835,,,,3.875,,,,,,,,,
27472000,6868,3.125,,1.4923877716064453,,,,3.125,,,,,,,,,
27476000,6869,3.75,,1.4927358627319336,,,,3.75,,,,,,,,,
27480000,6870,3.5,,1.5343154668807983,,,,3.5,,,,,,,,,
27484000,6871,4.125,,1.494585394859314,,,,4.125,,,,,,,,,
27488000,6872,4.0,,1.4424753189086914,,,,4.0,,,,,,,,,
27492000,6873,3.75,,1.5515339374542236,,,,3.75,,,,,,,,,
27496000,6874,3.375,,1.517910361289978,,,,3.375,,,,,,,,,
27500000,6875,3.5,,1.495384693145752,,,,3.5,,,,,,,,,
27504000,6876,3.0,,1.4786549806594849,,,,3.0,,,,,,,,,
27508000,6877,3.125,,1.5018469095230103,,,,3.125,,,,,,,,,
27512000,6878,4.25,,1.5717874765396118,,,,4.25,,,,,,,,,
27516000,6879,2.75,,1.5294344425201416,,,,2.75,,,,,,,,,
27520000,6880,3.5,,1.5009193420410156,,,,3.5,,,,,,,,,
27524000,6881,3.375,,1.4770152568817139,,,,3.375,,,,,,,,,
27528000,6882,3.875,,1.4519617557525635,,,,3.875,,,,,,,,,
27532000,6883,2.875,,1.4375152587890625,,,,2.875,,,,,,,,,
27536000,6884,3.75,,1.4788522720336914,,,,3.75,,,,,,,,,
27540000,6885,3.75,,1.5507255792617798,,,,3.75,,,,,,,,,
27544000,6886,3.625,,1.4440996646881104,,,,3.625,,,,,,,,,
27548000,6887,2.75,,1.5110058784484863,,,,2.75,,,,,,,,,
27552000,6888,3.75,,1.390428066253662,,,,3.75,,,,,,,,,
27556000,6889,2.875,,1.4441527128219604,,,,2.875,,,,,,,,,
27560000,6890,4.0,,1.4971827268600464,,,,4.0,,,,,,,,,
27564000,6891,2.375,,1.5303559303283691,,,,2.375,,,,,,,,,
27568000,6892,3.875,,1.4896382093429565,,,,3.875,,,,,,,,,
27572000,6893,1.375,,1.4704041481018066,,,,1.375,,,,,,,,,
27576000,6894,3.625,,1.452826976776123,,,,3.625,,,,,,,,,
27580000,6895,2.5,,1.5425381660461426,,,,2.5,,,,,,,,,
27584000,6896,4.125,,1.4773294925689697,,,,4.125,,,,,,,,,
27588000,6897,3.375,,1.4659572839736938,,,,3.375,,,,,,,,,
27592000,6898,2.875,,1.4768062829971313,,,,2.875,,,,,,,,,
27596000,6899,3.25,,1.4678432941436768,,,,3.25,,,,,,,,,
27600000,6900,3.75,,1.469648838043213,,,,3.75,,,,,,,,,
27604000,6901,4.125,,1.4622747898101807,,,,4.125,,,,,,,,,
27608000,6902,3.375,,1.4565671682357788,,,,3.375,,,,,,,,,
27612000,6903,3.5,,1.5003002882003784,,,,3.5,,,,,,,,,
27616000,6904,3.0,,1.4245753288269043,,,,3.0,,,,,,,,,
27620000,6905,4.375,,1.486910104751587,,,,4.375,,,,,,,,,
27624000,6906,3.875,,1.491044044494629,,,,3.875,,,,,,,,,
27628000,6907,3.25,,1.4025908708572388,,,,3.25,,,,,,,,,
27632000,6908,3.75,,1.4297914505004883,,,,3.75,,,,,,,,,
27636000,6909,3.625,,1.4983536005020142,,,,3.625,,,,,,,,,
27640000,6910,3.875,,1.4598768949508667,,,,3.875,,,,,,,,,
27644000,6911,3.625,,1.4508150815963745,,,,3.625,,,,,,,,,
27648000,6912,3.125,,1.4076732397079468,,,,3.125,,,,,,,,,
27652000,6913,3.125,,1.4640780687332153,,,,3.125,,,,,,,,,
27656000,6914,2.875,,1.3598227500915527,,,,2.875,,,,,,,,,
27660000,6915,3.625,,1.4105117321014404,,,,3.625,,,,,,,,,
27664000,6916,4.0,,1.522169589996338,,,,4.0,,,,,,,,,
27668000,6917,3.25,,1.4668049812316895,,,,3.25,,,,,,,,,
27672000,6918,3.875,,1.3986852169036865,,,,3.875,,,,,,,,,
27676000,6919,1.625,,1.4688031673431396,,,,1.625,,,,,,,,,
27680000,6920,3.875,,1.4606187343597412,,,,3.875,,,,,,,,,
27684000,6921,4.0,,1.4818837642669678,,,,4.0,,,,,,,,,
27688000,6922,4.0,,1.4301698207855225,,,,4.0,,,,,,,,,
27692000,6923,3.375,,1.420101284980774,,,,3.375,,,,,,,,,
27696000,6924,4.0,,1.4876439571380615,,,,4.0,,,,,,,,,
27700000,6925,3.25,,1.468840479850769,,,,3.25,,,,,,,,,
27704000,6926,4.375,,1.4551105499267578,,,,4.375,,,,,,,,,
27708000,6927,3.625,,1.415644884109497,,,,3.625,,,,,,,,,
27712000,6928,4.125,,1.407618761062622,,,,4.125,,,,,,,,,
27716000,6929,3.75,,1.4897352457046509,,,,3.75,,,,,,,,,
27720000,6930,3.375,,1.391464352607727,,,,3.375,,,,,,,,,
27724000,6931,3.125,,1.4457430839538574,,,,3.125,,,,,,,,,
27728000,6932,3.75,,1.4787395000457764,,,,3.75,,,,,,,,,
27732000,6933,4.375,,1.4603724479675293,,,,4.375,,,,,,,,,
27736000,6934,3.875,,1.5060539245605469,,,,3.875,,,,,,,,,
27740000,6935,4.0,,1.4153603315353394,,,,4.0,,,,,,,,,
27744000,6936,3.75,,1.468092441558838,,,,3.75,,,,,,,,,
27748000,6937,4.0,,1.4124979972839355,,,,4.0,,,,,,,,,
27752000,6938,3.5,,1.4399679899215698,,,,3.5,,,,,,,,,
27756000,6939,4.0,,1.534060001373291,,,,4.0,,,,,,,,,
27760000,6940,4.0,,1.5174052715301514,,,,4.0,,,,,,,,,
27764000,6941,3.25,,1.4872536659240723,,,,3.25,,,,,,,,,
27768000,6942,4.125,,1.481387734413147,,,,4.125,,,,,,,,,
27772000,6943,3.875,,1.5145066976547241,,,,3.875,,,,,,,,,
27776000,6944,3.875,,1.4620709419250488,,,,3.875,,,,,,,,,
27780000,6945,4.125,,1.4574227333068848,,,,4.125,,,,,,,,,
27784000,6946,4.0,,1.4576315879821777,,,,4.0,,,,,,,,,
27788000,6947,3.75,,1.4957756996154785,,,,3.75,,,,,,,,,
27792000,6948,4.0,,1.5198750495910645,,,,4.0,,,,,,,,,
27796000,6949,3.75,,1.4481804370880127,,,,3.75,,,,,,,,,
27800000,6950,3.75,,1.4563143253326416,,,,3.75,,,,,,,,,
27804000,6951,3.5,,1.4798293113708496,,,,3.5,,,,,,,,,
27808000,6952,3.75,,1.452075481414795,,,,3.75,,,,,,,,,
27812000,6953,4.125,,1.4813581705093384,,,,4.125,,,,,,,,,
27816000,6954,3.875,,1.4659165143966675,,,,3.875,,,,,,,,,
27820000,6955,4.125,,1.489337682723999,,,,4.125,,,,,,,,,
27824000,6956,4.0,,1.5073754787445068,,,,4.0,,,,,,,,,
27828000,6957,3.75,,1.4331426620483398,,,,3.75,,,,,,,,,
27832000,6958,3.75,,1.47252357006073,,,,3.75,,,,,,,,,
27836000,6959,4.25,,1.4628760814666748,,,,4.25,,,,,,,,,
27840000,6960,4.5,,1.491675853729248,,,,4.5,,,,,,,,,
27844000,6961,3.5,,1.4466686248779297,,,,3.5,,,,,,,,,
27848000,6962,4.0,,1.5125904083251953,,,,4.0,,,,,,,,,
27852000,6963,3.875,,1.5222923755645752,,,,3.875,,,,,,,,,
27856000,6964,3.75,,1.4676642417907715,,,,3.75,,,,,,,,,
27860000,6965,3.125,,1.4806560277938843,,,,3.125,,,,,,,,,
27864000,6966,3.625,,1.4751192331314087,,,,3.625,,,,,,,,,
27868000,6967,3.75,,1.527604103088379,,,,3.75,,,,,,,,,
27872000,6968,3.75,,1.4570395946502686,,,,3.75,,,,,,,,,
27876000,6969,4.0,,1.5124245882034302,,,,4.0,,,,,,,,,
27880000,6970,2.5,,1.4412199258804321,,,,2.5,,,,,,,,,
27884000,6971,4.125,,1.4565672874450684,,,,4.125,,,,,,,,,
27888000,6972,4.0,,1.5371778011322021,,,,4.0,,,,,,,,,
27892000,6973,3.25,,1.4948005676269531,,,,3.25,,,,,,,,,
27896000,6974,3.25,,1.436126708984375,,,,3.25,,,,,,,,,
27900000,6975,3.75,,1.5089950561523438,,,,3.75,,,,,,,,,
27904000,6976,3.75,,1.5364594459533691,,,,3.75,,,,,,,,,
27908000,6977,4.0,,1.4645195007324219,,,,4.0,,,,,,,,,
27912000,6978,3.625,,1.3962125778198242,,,,3.625,,,,,,,,,
27916000,6979,4.0,,1.4583489894866943,,,,4.0,,,,,,,,,
27920000,6980,4.125,,1.483508825302124,,,,4.125,,,,,,,,,
27924000,6981,3.875,,1.4580174684524536,,,,3.875,,,,,,,,,
27928000,6982,4.125,,1.474086046218872,,,,4.125,,,,,,,,,
27932000,6983,3.375,,1.4471614360809326,,,,3.375,,,,,,,,,
27936000,6984,2.75,,1.4458708763122559,,,,2.75,,,,,,,,,
27940000,6985,3.75,,1.4571404457092285,,,,3.75,,,,,,,,,
27944000,6986,3.75,,1.4344723224639893,,,,3.75,,,,,,,,,
27948000,6987,3.875,,1.474548101425171,,,,3.875,,,,,,,,,
27952000,6988,4.0,,1.4985718727111816,,,,4.0,,,,,,,,,
27956000,6989,4.0,,1.5227439403533936,,,,4.0,,,,,,,,,
27960000,6990,4.25,,1.4029505252838135,,,,4.25,,,,,,,,,
27964000,6991,3.625,,1.426314115524292,,,,3.625,,,,,,,,,
27968000,6992,3.875,,1.4955968856811523,,,,3.875,,,,,,,,,
27972000,6993,4.0,,1.5213768482208252,,,,4.0,,,,,,,,,
27976000,6994,3.875,,1.4867119789123535,,,,3.875,,,,,,,,,
27980000,6995,3.875,,1.4166924953460693,,,,3.875,,,,,,,,,
27984000,6996,4.0,,1.4788625240325928,,,,4.0,,,,,,,,,
27988000,6997,3.5,,1.3979191780090332,,,,3.5,,,,,,,,,
27992000,6998,3.75,,1.5010442733764648,,,,3.75,,,,,,,,,
27996000,6999,4.0,,1.515425682067871,,,,4.0,,,,,,,,,
28000000,7000,3.75,,1.4341442584991455,,,,3.75,,,,,,,,,
28004000,7001,3.875,,1.4063241481781006,,,,3.875,,,,,,,,,
28008000,7002,4.25,,1.4818475246429443,,,,4.25,,,,,,,,,
28012000,7003,3.75,,1.6158349514007568,,,,3.75,,,,,,,,,
28016000,7004,4.125,,1.459212064743042,,,,4.125,,,,,,,,,
28020000,7005,4.375,,1.4840507507324219,,,,4.375,,,,,,,,,
28024000,7006,4.0,,1.5132684707641602,,,,4.0,,,,,,,,,
28028000,7007,2.5,,1.4815483093261719,,,,2.5,,,,,,,,,
28032000,7008,3.5,,1.4180570840835571,,,,3.5,,,,,,,,,
28036000,7009,3.875,,1.554125428199768,,,,3.875,,,,,,,,,
28040000,7010,3.375,,1.4875540733337402,,,,3.375,,,,,,,,,
28044000,7011,4.0,,1.4585652351379395,,,,4.0,,,,,,,,,
28048000,7012,3.5,,1.491039752960205,,,,3.5,,,,,,,,,
28052000,7013,3.875,,1.4772260189056396,,,,3.875,,,,,,,,,
28056000,7014,4.0,,1.4758111238479614,,,,4.0,,,,,,,,,
28060000,7015,4.125,,1.4712179899215698,,,,4.125,,,,,,,,,
28064000,7016,3.625,,1.5016567707061768,,,,3.625,,,,,,,,,
28068000,7017,4.25,,1.4879189729690552,,,,4.25,,,,,,,,,
28072000,7018,4.125,,1.4136064052581787,,,,4.125,,,,,,,,,
28076000,7019,4.0,,1.5155123472213745,,,,4.0,,,,,,,,,
28080000,7020,3.875,,1.5050493478775024,,,,3.875,,,,,,,,,
28084000,7021,4.125,,1.4942958354949951,,,,4.125,,,,,,,,,
28088000,7022,2.5,,1.5118569135665894,,,,2.5,,,,,,,,,
28092000,7023,3.625,,1.5020945072174072,,,,3.625,,,,,,,,,
28096000,7024,3.875,,1.488781213760376,,,,3.875,,,,,,,,,
28100000,7025,3.125,,1.4870669841766357,,,,3.125,,,,,,,,,
28104000,7026,4.0,,1.4966404438018799,,,,4.0,,,,,,,,,
28108000,7027,4.0,,1.5563997030258179,,,,4.0,,,,,,,,,
28112000,7028,1.375,,1.4633864164352417,,,,1.375,,,,,,,,,
28116000,7029,3.875,,1.488603115081787,,,,3.875,,,,,,,,,
28120000,7030,3.625,,1.5267596244812012,,,,3.625,,,,,,,,,
28124000,7031,2.5,,1.483189344406128,,,,2.5,,,,,,,,,
28128000,7032,3.625,,1.4815424680709839,,,,3.625,,,,,,,,,
28132000,7033,2.25,,1.5178306102752686,,,,2.25,,,,,,,,,
28136000,7034,3.375,,1.4451327323913574,,,,3.375,,,,,,,,,
28140000,7035,3.375,,1.4602465629577637,,,,3.375,,,,,,,,,
28144000,7036,2.625,,1.534996747970581,,,,2.625,,,,,,,,,
28148000,7037,4.0,,1.4840152263641357,,,,4.0,,,,,,,,,
28152000,7038,2.875,,1.4779417514801025,,,,2.875,,,,,,,,,
28156000,7039,3.5,,1.4788589477539062,,,,3.5,,,,,,,,,
28160000,7040,3.0,,1.4524027109146118,,,,3.0,,,,,,,,,
28164000,7041,3.875,,1.510708212852478,,,,3.875,,,,,,,,,
28168000,7042,3.375,,1.4983835220336914,,,,3.375,,,,,,,,,
28172000,7043,4.125,,1.470350980758667,,,,4.125,,,,,,,,,
28176000,7044,4.25,,1.544912576675415,,,,4.25,,,,,,,,,
28180000,7045,3.75,,1.5031027793884277,,,,3.75,,,,,,,,,
28184000,7046,3.5,,1.4682294130325317,,,,3.5,,,,,,,,,
28188000,7047,3.875,,1.439115047454834,,,,3.875,,,,,,,,,
28192000,7048,3.0,,1.5077600479125977,,,,3.0,,,,,,,,,
28196000,7049,4.125,,1.4901223182678223,,,,4.125,,,,,,,,,
28200000,7050,4.0,,1.5043030977249146,,,,4.0,,,,,,,,,
28204000,7051,3.375,,1.4762966632843018,,,,3.375,,,,,,,,,
28208000,7052,3.875,,1.4713003635406494,,,,3.875,,,,,,,,,
28212000,7053,4.125,,1.4561328887939453,,,,4.125,,,,,,,,,
28216000,7054,3.75,,1.5151238441467285,,,,3.75,,,,,,,,,
28220000,7055,4.0,,1.433021068572998,,,,4.0,,,,,,,,,
28224000,7056,4.0,,1.5163798332214355,,,,4.0,,,,,,,,,
28228000,7057,4.0,,1.4949581623077393,,,,4.0,,,,,,,,,
28232000,7058,3.625,,1.4756734371185303,,,,3.625,,,,,,,,,
28236000,7059,3.875,,1.4350228309631348,,,,3.875,,,,,,,,,
28240000,7060,3.875,,1.5048823356628418,,,,3.875,,,,,,,,,
28244000,7061,1.875,,1.4227709770202637,,,,1.875,,,,,,,,,
28248000,7062,3.875,,1.512403130531311,,,,3.875,,,,,,,,,
28252000,7063,4.0,,1.4404454231262207,,,,4.0,,,,,,,,,
28256000,7064,4.375,,1.4729820489883423,,,,4.375,,,,,,,,,
28260000,7065,4.25,,1.4641122817993164,,,,4.25,,,,,,,,,
28264000,7066,3.875,,1.4889168739318848,,,,3.875,,,,,,,,,
28268000,7067,3.875,,1.438045620918274,,,,3.875,,,,,,,,,
28272000,7068,3.75,,1.4388759136199951,,,,3.75,,,,,,,,,
28276000,7069,4.0,,1.4665985107421875,,,,4.0,,,,,,,,,
28280000,7070,3.5,,1.4886304140090942,,,,3.5,,,,,,,,,
28284000,7071,4.0,,1.4982876777648926,,,,4.0,,,,,,,,,
28288000,7072,4.125,,1.4831072092056274,,,,4.125,,,,,,,,,
28292000,7073,3.375,,1.4883536100387573,,,,3.375,,,,,,,,,
28296000,7074,4.25,,1.5163710117340088,,,,4.25,,,,,,,,,
28300000,7075,3.875,,1.4885501861572266,,,,3.875,,,,,,,,,
28304000,7076,2.5,,1.424105167388916,,,,2.5,,,,,,,,,
28308000,7077,3.375,,1.4935039281845093,,,,3.375,,,,,,,,,
28312000,7078,3.5,,1.5119891166687012,,,,3.5,,,,,,,,,
28316000,7079,4.125,,1.4453308582305908,,,,4.125,,,,,,,,,
28320000,7080,2.375,,1.528459072113037,,,,2.375,,,,,,,,,
28324000,7081,2.875,,1.4990034103393555,,,,2.875,,,,,,,,,
28328000,7082,3.75,,1.4493918418884277,,,,3.75,,,,,,,,,
28332000,7083,2.75,,1.4041478633880615,,,,2.75,,,,,,,,,
28336000,7084,3.5,,1.4069677591323853,,,,3.5,,,,,,,,,
28340000,7085,2.25,,1.4262144565582275,,,,2.25,,,,,,,,,
28344000,7086,3.625,,1.455202579498291,,,,3.625,,,,,,,,,
28348000,7087,3.75,,1.44706392288208,,,,3.75,,,,,,,,,
28352000,7088,3.125,,1.4281792640686035,,,,3.125,,,,,,,,,
28356000,7089,3.25,,1.4184696674346924,,,,3.25,,,,,,,,,
28360000,7090,4.5,,1.389270544052124,,,,4.5,,,,,,,,,
28364000,7091,3.625,,1.4444231986999512,,,,3.625,,,,,,,,,
28368000,7092,3.375,,1.5085697174072266,,,,3.375,,,,,,,,,
28372000,7093,3.75,,1.3965284824371338,,,,3.75,,,,,,,,,
28376000,7094,4.0,,1.4189457893371582,,,,4.0,,,,,,,,,
28380000,7095,3.75,,1.4210574626922607,,,,3.75,,,,,,,,,
28384000,7096,4.0,,1.4254982471466064,,,,4.0,,,,,,,,,
28388000,7097,3.0,,1.4916503429412842,,,,3.0,,,,,,,,,
28392000,7098,3.75,,1.453243374824524,,,,3.75,,,,,,,,,
28396000,7099,3.875,,1.459832787513733,,,,3.875,,,,,,,,,
28400000,7100,3.625,,1.3971070051193237,,,,3.625,,,,,,,,,
28404000,7101,3.375,,1.4332258701324463,,,,3.375,,,,,,,,,
28408000,7102,3.875,,1.4516587257385254,,,,3.875,,,,,,,,,
28412000,7103,4.125,,1.4205825328826904,,,,4.125,,,,,,,,,
28416000,7104,4.0,,1.5078189373016357,,,,4.0,,,,,,,,,
28420000,7105,4.25,,1.4733250141143799,,,,4.25,,,,,,,,,
28424000,7106,3.375,,1.5062448978424072,,,,3.375,,,,,,,,,
28428000,7107,4.0,,1.416555643081665,,,,4.0,,,,,,,,,
28432000,7108,3.75,,1.4997179508209229,,,,3.75,,,,,,,,,
28436000,7109,3.75,,1.4734787940979004,,,,3.75,,,,,,,,,
28440000,7110,4.0,,1.4676029682159424,,,,4.0,,,,,,,,,
28444000,7111,4.0,,1.4539883136749268,,,,4.0,,,,,,,,,
28448000,7112,3.0,,1.3961265087127686,,,,3.0,,,,,,,,,
28452000,7113,3.375,,1.4763522148132324,,,,3.375,,,,,,,,,
28456000,7114,3.625,,1.495457410812378,,,,3.625,,,,,,,,,
28460000,7115,3.375,,1.4355435371398926,,,,3.375,,,,,,,,,
28464000,7116,3.625,,1.4032070636749268,,,,3.625,,,,,,,,,
28468000,7117,3.0,,1.4403364658355713,,,,3.0,,,,,,,,,
28472000,7118,3.625,,1.4088740348815918,,,,3.625,,,,,,,,,
28476000,7119,3.875,,1.4601316452026367,,,,3.875,,,,,,,,,
28480000,7120,4.25,,1.4962162971496582,,,,4.25,,,,,,,,,
28484000,7121,3.125,,1.4408183097839355,,,,3.125,,,,,,,,,
28488000,7122,4.0,,1.3844268321990967,,,,4.0,,,,,,,,,
28492000,7123,2.875,,1.448612928390503,,,,2.875,,,,,,,,,
28496000,7124,3.375,,1.4166247844696045,,,,3.375,,,,,,,,,
28500000,7125,4.0,,1.455526351928711,,,,4.0,,,,,,,,,
28504000,7126,4.25,,1.4050445556640625,,,,4.25,,,,,,,,,
28508000,7127,3.75,,1.4325826168060303,,,,3.75,,,,,,,,,
28512000,7128,3.0,,1.415092945098877,,,,3.0,,,,,,,,,
28516000,7129,3.0,,1.4254720211029053,,,,3.0,,,,,,,,,
28520000,7130,3.625,,1.4339436292648315,,,,3.625,,,,,,,,,
28524000,7131,2.75,,1.3873900175094604,,,,2.75,,,,,,,,,
28528000,7132,3.5,,1.4467248916625977,,,,3.5,,,,,,,,,
28532000,7133,4.0,,1.42396879196167,,,,4.0,,,,,,,,,
28536000,7134,3.875,,1.425818920135498,,,,3.875,,,,,,,,,
28540000,7135,3.25,,1.4053833484649658,,,,3.25,,,,,,,,,
28544000,7136,4.0,,1.4573585987091064,,,,4.0,,,,,,,,,
28548000,7137,3.75,,1.420091152191162,,,,3.75,,,,,,,,,
28552000,7138,2.25,,1.3950068950653076,,,,2.25,,,,,,,,,
28556000,7139,3.75,,1.4388196468353271,,,,3.75,,,,,,,,,
28560000,7140,3.5,,1.4248573780059814,,,,3.5,,,,,,,,,
28564000,7141,3.875,,1.3791441917419434,,,,3.875,,,,,,,,,
28568000,7142,3.625,,1.4201624393463135,,,,3.625,,,,,,,,,
28572000,7143,2.75,,1.4217907190322876,,,,2.75,,,,,,,,,
28576000,7144,3.5,,1.4078152179718018,,,,3.5,,,,,,,,,
28580000,7145,2.75,,1.430860996246338,,,,2.75,,,,,,,,,
28584000,7146,4.0,,1.4608577489852905,,,,4.0,,,,,,,,,
28588000,7147,4.125,,1.4023351669311523,,,,4.125,,,,,,,,,
28592000,7148,2.0,,1.438183069229126,,,,2.0,,,,,,,,,
28596000,7149,3.75,,1.4714174270629883,,,,3.75,,,,,,,,,
28600000,7150,3.625,,1.4174721240997314,,,,3.625,,,,,,,,,
28604000,7151,4.125,,1.4106050729751587,,,,4.125,,,,,,,,,
28608000,7152,4.25,,1.4268618822097778,,,,4.25,,,,,,,,,
28612000,7153,3.375,,1.4092025756835938,,,,3.375,,,,,,,,,
28616000,7154,2.25,,1.4723618030548096,,,,2.25,,,,,,,,,
28620000,7155,3.5,,1.3801863193511963,,,,3.5,,,,,,,,,
28624000,7156,2.625,,1.3588027954101562,,,,2.625,,,,,,,,,
28628000,7157,2.625,,1.3898555040359497,,,,2.625,,,,,,,,,
28632000,7158,3.75,,1.4752354621887207,,,,3.75,,,,,,,,,
28636000,7159,3.75,,1.4109821319580078,,,,3.75,,,,,,,,,
28640000,7160,2.5,,1.4385253190994263,,,,2.5,,,,,,,,,
28644000,7161,2.25,,1.4235305786132812,,,,2.25,,,,,,,,,
28648000,7162,1.5,,1.3939292430877686,,,,1.5,,,,,,,,,
28652000,7163,2.5,,1.366713285446167,,,,2.5,,,,,,,,,
28656000,7164,3.75,,1.3884022235870361,,,,3.75,,,,,,,,,
28660000,7165,2.75,,1.4362083673477173,,,,2.75,,,,,,,,,
28664000,7166,2.375,,1.4239587783813477,,,,2.375,,,,,,,,,
28668000,7167,3.25,,1.3279379606246948,,,,3.25,,,,,,,,,
28672000,7168,3.25,,1.3363642692565918,,,,3.25,,,,,,,,,
28676000,7169,3.625,,1.3740131855010986,,,,3.625,,,,,,,,,
28680000,7170,4.125,,1.413731575012207,,,,4.125,,,,,,,,,
28684000,7171,3.0,,1.4403034448623657,,,,3.0,,,,,,,,,
28688000,7172,3.5,,1.344468116760254,,,,3.5,,,,,,,,,
28692000,7173,4.25,,1.322317123413086,,,,4.25,,,,,,,,,
28696000,7174,3.5,,1.328866958618164,,,,3.5,,,,,,,,,
28700000,7175,3.375,,1.3582866191864014,,,,3.375,,,,,,,,,
28704000,7176,3.875,,1.418740153312683,,,,3.875,,,,,,,,,
28708000,7177,3.125,,1.3773562908172607,,,,3.125,,,,,,,,,
28712000,7178,3.875,,1.3674886226654053,,,,3.875,,,,,,,,,
28716000,7179,4.125,,1.3756552934646606,,,,4.125,,,,,,,,,
28720000,7180,2.625,,1.3971240520477295,,,,2.625,,,,,,,,,
28724000,7181,3.75,,1.3602544069290161,,,,3.75,,,,,,,,,
28728000,7182,3.5,,1.3538943529129028,,,,3.5,,,,,,,,,
28732000,7183,4.0,,1.349104881286621,,,,4.0,,,,,,,,,
28736000,7184,4.125,,1.3602300882339478,,,,4.125,,,,,,,,,
28740000,7185,3.125,,1.439490795135498,,,,3.125,,,,,,,,,
28744000,7186,4.0,,1.3449923992156982,,,,4.0,,,,,,,,,
28748000,7187,3.5,,1.3188512325286865,,,,3.5,,,,,,,,,
28752000,7188,4.125,,1.4012573957443237,,,,4.125,,,,,,,,,
28756000,7189,3.625,,1.3632724285125732,,,,3.625,,,,,,,,,
28760000,7190,4.125,,1.3153417110443115,,,,4.125,,,,,,,,,
28764000,7191,3.75,,1.387127161026001,,,,3.75,,,,,,,,,
28768000,7192,3.75,,1.3239617347717285,,,,3.75,,,,,,,,,
28772000,7193,4.125,,1.4420740604400635,,,,4.125,,,,,,,,,
28776000,7194,3.0,,1.391079068183899,,,,3.0,,,,,,,,,
28780000,7195,4.125,,1.355137825012207,,,,4.125,,,,,,,,,
28784000,7196,4.125,,1.350440263748169,,,,4.125,,,,,,,,,
28788000,7197,4.125,,1.371614933013916,,,,4.125,,,,,,,,,
28792000,7198,4.0,,1.3371455669403076,,,,4.0,,,,,,,,,
28796000,7199,3.875,,1.4297616481781006,,,,3.875,,,,,,,,,
28800000,7200,3.0,,1.358271598815918,,,,3.0,,,,,,,,,
28804000,7201,3.625,,1.383414387702942,,,,3.625,,,,,,,,,
28808000,7202,3.75,,1.3686480522155762,,,,3.75,,,,,,,,,
28812000,7203,3.875,,1.3028455972671509,,,,3.875,,,,,,,,,
28816000,7204,4.125,,1.3606164455413818,,,,4.125,,,,,,,,,
28820000,7205,4.25,,1.3657610416412354,,,,4.25,,,,,,,,,
28824000,7206,3.5,,1.4232079982757568,,,,3.5,,,,,,,,,
28828000,7207,4.25,,1.3973937034606934,,,,4.25,,,,,,,,,
28832000,7208,3.75,,1.3682301044464111,,,,3.75,,,,,,,,,
28836000,7209,4.125,,1.415255069732666,,,,4.125,,,,,,,,,
28840000,7210,4.25,,1.4387705326080322,,,,4.25,,,,,,,,,
28844000,7211,4.125,,1.348369836807251,,,,4.125,,,,,,,,,
28848000,7212,3.875,,1.3798091411590576,,,,3.875,,,,,,,,,
28852000,7213,4.125,,1.4289124011993408,,,,4.125,,,,,,,,,
28856000,7214,3.25,,1.393986463546753,,,,3.25,,,,,,,,,
28860000,7215,3.75,,1.3419480323791504,,,,3.75,,,,,,,,,
28864000,7216,3.625,,1.4113235473632812,,,,3.625,,,,,,,,,
28868000,7217,4.0,,1.3569267988204956,,,,4.0,,,,,,,,,
28872000,7218,3.875,,1.375800371170044,,,,3.875,,,,,,,,,
28876000,7219,3.625,,1.4048559665679932,,,,3.625,,,,,,,,,
28880000,7220,3.875,,1.3914233446121216,,,,3.875,,,,,,,,,
28884000,7221,3.375,,1.3482511043548584,,,,3.375,,,,,,,,,
28888000,7222,2.625,,1.3654526472091675,,,,2.625,,,,,,,,,
28892000,7223,3.75,,1.3417761325836182,,,,3.75,,,,,,,,,
28896000,7224,3.75,,1.3694915771484375,,,,3.75,,,,,,,,,
28900000,7225,3.5,,1.4938597679138184,,,,3.5,,,,,,,,,
28904000,7226,3.875,,1.3839995861053467,,,,3.875,,,,,,,,,
28908000,7227,4.125,,1.3715455532073975,,,,4.125,,,,,,,,,
28912000,7228,3.25,,1.4261142015457153,,,,3.25,,,,,,,,,
28916000,7229,4.125,,1.302459716796875,,,,4.125,,,,,,,,,
28920000,7230,4.125,,1.33494234085083,,,,4.125,,,,,,,,,
28924000,7231,3.25,,1.4162250757217407,,,,3.25,,,,,,,,,
28928000,7232,4.0,,1.3960431814193726,,,,4.0,,,,,,,,,
28932000,7233,4.0,,1.354812502861023,,,,4.0,,,,,,,,,
28936000,7234,3.75,,1.3795592784881592,,,,3.75,,,,,,,,,
28940000,7235,3.25,,1.3711981773376465,,,,3.25,,,,,,,,,
28944000,7236,2.5,,1.31831693649292,,,,2.5,,,,,,,,,
28948000,7237,3.5,,1.3547314405441284,,,,3.5,,,,,,,,,
28952000,7238,3.375,,1.3845834732055664,,,,3.375,,,,,,,,,
28956000,7239,2.25,,1.4086687564849854,,,,2.25,,,,,,,,,
28960000,7240,4.0,,1.3292770385742188,,,,4.0,,,,,,,,,
28964000,7241,3.75,,1.3751935958862305,,,,3.75,,,,,,,,,
28968000,7242,4.375,,1.4294838905334473,,,,4.375,,,,,,,,,
28972000,7243,3.25,,1.3787446022033691,,,,3.25,,,,,,,,,
28976000,7244,4.0,,1.4452130794525146,,,,4.0,,,,,,,,,
28980000,7245,3.75,,1.379561424255371,,,,3.75,,,,,,,,,
28984000,7246,3.5,,1.3337581157684326,,,,3.5,,,,,,,,,
28988000,7247,4.0,,1.3439085483551025,,,,4.0,,,,,,,,,
28992000,7248,2.75,,1.3472367525100708,,,,2.75,,,,,,,,,
28996000,7249,3.0,,1.3867133855819702,,,,3.0,,,,,,,,,
29000000,7250,4.25,,1.4058581590652466,,,,4.25,,,,,,,,,
29004000,7251,3.375,,1.339538812637329,,,,3.375,,,,,,,,,
29008000,7252,3.875,,1.370936632156372,,,,3.875,,,,,,,,,
29012000,7253,3.625,,1.3652342557907104,,,,3.625,,,,,,,,,
29016000,7254,4.0,,1.4110875129699707,,,,4.0,,,,,,,,,
29020000,7255,4.0,,1.3602988719940186,,,,4.0,,,,,,,,,
29024000,7256,4.0,,1.4029299020767212,,,,4.0,,,,,,,,,
29028000,7257,4.0,,1.368524432182312,,,,4.0,,,,,,,,,
29032000,7258,3.75,,1.3794898986816406,,,,3.75,,,,,,,,,
29036000,7259,4.0,,1.3508671522140503,,,,4.0,,,,,,,,,
29040000,7260,3.875,,1.3426434993743896,,,,3.875,,,,,,,,,
29044000,7261,3.875,,1.424774408340454,,,,3.875,,,,,,,,,
29048000,7262,3.875,,1.3837695121765137,,,,3.875,,,,,,,,,
29052000,7263,4.125,,1.3807165622711182,,,,4.125,,,,,,,,,
29056000,7264,4.0,,1.3971545696258545,,,,4.0,,,,,,,,,
29060000,7265,4.0,,1.320476770401001,,,,4.0,,,,,,,,,
29064000,7266,4.25,,1.4455931186676025,,,,4.25,,,,,,,,,
29068000,7267,3.5,,1.4126304388046265,,,,3.5,,,,,,,,,
29072000,7268,3.625,,1.3294767141342163,,,,3.625,,,,,,,,,
29076000,7269,4.0,,1.4093515872955322,,,,4.0,,,,,,,,,
29080000,7270,4.125,,1.3920865058898926,,,,4.125,,,,,,,,,
29084000,7271,4.0,,1.3713748455047607,,,,4.0,,,,,,,,,
29088000,7272,3.875,,1.3404245376586914,,,,3.875,,,,,,,,,
29092000,7273,4.25,,1.3667078018188477,,,,4.25,,,,,,,,,
29096000,7274,3.875,,1.3808660507202148,,,,3.875,,,,,,,,,
29100000,7275,3.25,,1.420573353767395,,,,3.25,,,,,,,,,
29104000,7276,4.125,,1.3582055568695068,,,,4.125,,,,,,,,,
29108000,7277,4.0,,1.3568369150161743,,,,4.0,,,,,,,,,
29112000,7278,3.75,,1.3751630783081055,,,,3.75,,,,,,,,,
29116000,7279,3.875,,1.3921945095062256,,,,3.875,,,,,,,,,
29120000,7280,4.125,,1.3581838607788086,,,,4.125,,,,,,,,,
29124000,7281,4.125,,1.4075900316238403,,,,4.125,,,,,,,,,
29128000,7282,4.0,,1.4645755290985107,,,,4.0,,,,,,,,,
29132000,7283,4.375,,1.4416722059249878,,,,4.375,,,,,,,,,
29136000,7284,3.0,,1.403405785560608,,,,3.0,,,,,,,,,
29140000,7285,3.875,,1.4516034126281738,,,,3.875,,,,,,,,,
29144000,7286,4.0,,1.4389293193817139,,,,4.0,,,,,,,,,
29148000,7287,3.5,,1.4552613496780396,,,,3.5,,,,,,,,,
29152000,7288,3.375,,1.4475338459014893,,,,3.375,,,,,,,,,
29156000,7289,3.75,,1.444004774093628,,,,3.75,,,,,,,,,
29160000,7290,4.5,,1.4134924411773682,,,,4.5,,,,,,,,,
29164000,7291,3.0,,1.4544098377227783,,,,3.0,,,,,,,,,
29168000,7292,3.75,,1.4310181140899658,,,,3.75,,,,,,,,,
29172000,7293,1.75,,1.4499566555023193,,,,1.75,,,,,,,,,
29176000,7294,3.875,,1.4157754182815552,,,,3.875,,,,,,,,,
29180000,7295,4.0,,1.4049477577209473,,,,4.0,,,,,,,,,
29184000,7296,3.5,,1.4692999124526978,,,,3.5,,,,,,,,,
29188000,7297,3.875,,1.42892587184906,,,,3.875,,,,,,,,,
29192000,7298,4.125,,1.4675767421722412,,,,4.125,,,,,,,,,
29196000,7299,4.0,,1.4700708389282227,,,,4.0,,,,,,,,,
29200000,7300,4.0,,1.3883800506591797,,,,4.0,,,,,,,,,
29204000,7301,2.125,,1.4358677864074707,,,,2.125,,,,,,,,,
29208000,7302,4.0,,1.440730094909668,,,,4.0,,,,,,,,,
29212000,7303,3.5,,1.4745041131973267,,,,3.5,,,,,,,,,
29216000,7304,3.75,,1.3907756805419922,,,,3.75,,,,,,,,,
29220000,7305,4.0,,1.4085289239883423,,,,4.0,,,,,,,,,
29224000,7306,3.75,,1.45699143409729,,,,3.75,,,,,,,,,
29228000,7307,3.875,,1.4360312223434448,,,,3.875,,,,,,,,,
29232000,7308,3.875,,1.4375739097595215,,,,3.875,,,,,,,,,
29236000,7309,4.0,,1.4176585674285889,,,,4.0,,,,,,,,,
29240000,7310,3.75,,1.3617393970489502,,,,3.75,,,,,,,,,
29244000,7311,4.25,,1.4269886016845703,,,,4.25,,,,,,,,,
29248000,7312,4.0,,1.4477806091308594,,,,4.0,,,,,,,,,
29252000,7313,3.75,,1.4584252834320068,,,,3.75,,,,,,,,,
29256000,7314,4.0,,1.412001609802246,,,,4.0,,,,,,,,,
29260000,7315,4.25,,1.4518851041793823,,,,4.25,,,,,,,,,
29264000,7316,3.75,,1.4498320817947388,,,,3.75,,,,,,,,,
29268000,7317,3.875,,1.441862940788269,,,,3.875,,,,,,,,,
29272000,7318,3.5,,1.463234305381775,,,,3.5,,,,,,,,,
29276000,7319,4.125,,1.4487087726593018,,,,4.125,,,,,,,,,
29280000,7320,4.0,,1.4790139198303223,,,,4.0,,,,,,,,,
29284000,7321,4.0,,1.452469825744629,,,,4.0,,,,,,,,,
29288000,7322,2.25,,1.4147346019744873,,,,2.25,,,,,,,,,
29292000,7323,4.0,,1.4672200679779053,,,,4.0,,,,,,,,,
29296000,7324,3.25,,1.4706740379333496,,,,3.25,,,,,,,,,
29300000,7325,3.75,,1.4108712673187256,,,,3.75,,,,,,,,,
29304000,7326,4.125,,1.4222841262817383,,,,4.125,,,,,,,,,
29308000,7327,3.625,,1.4705628156661987,,,,3.625,,,,,,,,,
29312000,7328,3.625,,1.4579492807388306,,,,3.625,,,,,,,,,
29316000,7329,3.75,,1.4359121322631836,,,,3.75,,,,,,,,,
29320000,7330,3.875,,1.4443695545196533,,,,3.875,,,,,,,,,
29324000,7331,3.75,,1.4583736658096313,,,,3.75,,,,,,,,,
29328000,7332,3.375,,1.4560632705688477,,,,3.375,,,,,,,,,
29332000,7333,3.875,,1.435143232345581,,,,3.875,,,,,,,,,
29336000,7334,3.375,,1.4235527515411377,,,,3.375,,,,,,,,,
29340000,7335,1.5,,1.4302804470062256,,,,1.5,,,,,,,,,
29344000,7336,3.0,,1.4126381874084473,,,,3.0,,,,,,,,,
29348000,7337,3.25,,1.4082441329956055,,,,3.25,,,,,,,,,
29352000,7338,3.875,,1.4154138565063477,,,,3.875,,,,,,,,,
29356000,7339,3.625,,1.4161555767059326,,,,3.625,,,,,,,,,
29360000,7340,3.75,,1.4998524188995361,,,,3.75,,,,,,,,,
29364000,7341,3.625,,1.4131495952606201,,,,3.625,,,,,,,,,
29368000,7342,3.25,,1.3918006420135498,,,,3.25,,,,,,,,,
29372000,7343,4.0,,1.4271925687789917,,,,4.0,,,,,,,,,
29376000,7344,3.625,,1.4168986082077026,,,,3.625,,,,,,,,,
29380000,7345,3.375,,1.3871634006500244,,,,3.375,,,,,,,,,
29384000,7346,3.125,,1.3874566555023193,,,,3.125,,,,,,,,,
29388000,7347,3.0,,1.3723819255828857,,,,3.0,,,,,,,,,
29392000,7348,3.5,,1.4467363357543945,,,,3.5,,,,,,,,,
29396000,7349,2.875,,1.3849515914916992,,,,2.875,,,,,,,,,
29400000,7350,3.375,,1.343907356262207,,,,3.375,,,,,,,,,
29404000,7351,3.75,,1.45383882522583,,,,3.75,,,,,,,,,
29408000,7352,4.125,,1.432335376739502,,,,4.125,,,,,,,,,
29412000,7353,2.625,,1.4117158651351929,,,,2.625,,,,,,,,,
29416000,7354,2.875,,1.4355509281158447,,,,2.875,,,,,,,,,
29420000,7355,3.375,,1.4294817447662354,,,,3.375,,,,,,,,,
29424000,7356,4.25,,1.4245412349700928,,,,4.25,,,,,,,,,
29428000,7357,3.875,,1.4376955032348633,,,,3.875,,,,,,,,,
29432000,7358,3.5,,1.44081449508667,,,,3.5,,,,,,,,,
29436000,7359,3.75,,1.3904097080230713,,,,3.75,,,,,,,,,
29440000,7360,2.5,,1.3803586959838867,,,,2.5,,,,,,,,,
29444000,7361,3.125,,1.4596785306930542,,,,3.125,,,,,,,,,
29448000,7362,2.625,,1.3768503665924072,,,,2.625,,,,,,,,,
29452000,7363,3.375,,1.4072163105010986,,,,3.375,,,,,,,,,
29456000,7364,3.875,,1.4142545461654663,,,,3.875,,,,,,,,,
29460000,7365,3.25,,1.4433730840682983,,,,3.25,,,,,,,,,
29464000,7366,4.125,,1.4042596817016602,,,,4.125,,,,,,,,,
29468000,7367,3.5,,1.4203225374221802,,,,3.5,,,,,,,,,
29472000,7368,3.875,,1.4567803144454956,,,,3.875,,,,,,,,,
29476000,7369,3.875,,1.3797001838684082,,,,3.875,,,,,,,,,
29480000,7370,4.125,,1.393371820449829,,,,4.125,,,,,,,,,
29484000,7371,2.875,,1.375832200050354,,,,2.875,,,,,,,,,
29488000,7372,3.875,,1.371753454208374,,,,3.875,,,,,,,,,
29492000,7373,3.375,,1.4212751388549805,,,,3.375,,,,,,,,,
29496000,7374,3.625,,1.4139413833618164,,,,3.625,,,,,,,,,
29500000,7375,4.25,,1.43094801902771,,,,4.25,,,,,,,,,
29504000,7376,3.875,,1.4138801097869873,,,,3.875,,,,,,,,,
29508000,7377,3.875,,1.4273096323013306,,,,3.875,,,,,,,,,
29512000,7378,4.125,,1.41929030418396,,,,4.125,,,,,,,,,
29516000,7379,3.625,,1.428112268447876,,,,3.625,,,,,,,,,
29520000,7380,4.0,,1.3426271677017212,,,,4.0,,,,,,,,,
29524000,7381,3.625,,1.3706434965133667,,,,3.625,,,,,,,,,
29528000,7382,3.625,,1.366439700126648,,,,3.625,,,,,,,,,
29532000,7383,4.75,,1.4598058462142944,,,,4.75,,,,,,,,,
29536000,7384,4.0,,1.442925214767456,,,,4.0,,,,,,,,,
29540000,7385,3.25,,1.435520887374878,,,,3.25,,,,,,,,,
29544000,7386,3.875,,1.4597434997558594,,,,3.875,,,,,,,,,
29548000,7387,3.875,,1.4714243412017822,,,,3.875,,,,,,,,,
29552000,7388,4.0,,1.4118897914886475,,,,4.0,,,,,,,,,
29556000,7389,4.0,,1.37253737449646,,,,4.0,,,,,,,,,
29560000,7390,3.625,,1.4214268922805786,,,,3.625,,,,,,,,,
29564000,7391,4.25,,1.4031407833099365,,,,4.25,,,,,,,,,
29568000,7392,2.875,,1.447120189666748,,,,2.875,,,,,,,,,
29572000,7393,3.875,,1.451448917388916,,,,3.875,,,,,,,,,
29576000,7394,4.125,,1.4127898216247559,,,,4.125,,,,,,,,,
29580000,7395,3.75,,1.4158573150634766,,,,3.75,,,,,,,,,
29584000,7396,4.0,,1.422712802886963,,,,4.0,,,,,,,,,
29588000,7397,3.875,,1.4219317436218262,,,,3.875,,,,,,,,,
29592000,7398,3.75,,1.3541676998138428,,,,3.75,,,,,,,,,
29596000,7399,4.0,,1.395265817642212,,,,4.0,,,,,,,,,
29600000,7400,4.0,,1.4373866319656372,,,,4.0,,,,,,,,,
29604000,7401,3.75,,1.42440927028656,,,,3.75,,,,,,,,,
29608000,7402,3.25,,1.3321216106414795,,,,3.25,,,,,,,,,
29612000,7403,3.875,,1.4818127155303955,,,,3.875,,,,,,,,,
29616000,7404,3.375,,1.427074909210205,,,,3.375,,,,,,,,,
29620000,7405,3.375,,1.3173038959503174,,,,3.375,,,,,,,,,
29624000,7406,4.0,,1.3807392120361328,,,,4.0,,,,,,,,,
29628000,7407,3.75,,1.430678129196167,,,,3.75,,,,,,,,,
29632000,7408,3.625,,1.4269344806671143,,,,3.625,,,,,,,,,
29636000,7409,3.0,,1.3729755878448486,,,,3.0,,,,,,,,,
29640000,7410,3.75,,1.366746187210083,,,,3.75,,,,,,,,,
29644000,7411,2.0,,1.3924533128738403,,,,2.0,,,,,,,,,
29648000,7412,3.875,,1.3555824756622314,,,,3.875,,,,,,,,,
29652000,7413,3.5,,1.3699865341186523,,,,3.5,,,,,,,,,
29656000,7414,3.625,,1.4229583740234375,,,,3.625,,,,,,,,,
29660000,7415,1.25,,1.3713946342468262,,,,1.25,,,,,,,,,
29664000,7416,2.375,,1.3346574306488037,,,,2.375,,,,,,,,,
29668000,7417,3.75,,1.4361944198608398,,,,3.75,,,,,,,,,
29672000,7418,3.0,,1.3620505332946777,,,,3.0,,,,,,,,,
29676000,7419,4.25,,1.377936840057373,,,,4.25,,,,,,,,,
29680000,7420,3.375,,1.3932294845581055,,,,3.375,,,,,,,,,
29684000,7421,2.5,,1.403794765472412,,,,2.5,,,,,,,,,
29688000,7422,3.875,,1.4518706798553467,,,,3.875,,,,,,,,,
29692000,7423,2.0,,1.4107130765914917,,,,2.0,,,,,,,,,
29696000,7424,3.375,,1.3790383338928223,,,,3.375,,,,,,,,,
29700000,7425,3.625,,1.3840363025665283,,,,3.625,,,,,,,,,
29704000,7426,4.125,,1.4053868055343628,,,,4.125,,,,,,,,,
29708000,7427,2.125,,1.3523435592651367,,,,2.125,,,,,,,,,
29712000,7428,3.875,,1.3680381774902344,,,,3.875,,,,,,,,,
29716000,7429,3.625,,1.3260293006896973,,,,3.625,,,,,,,,,
29720000,7430,3.875,,1.3865723609924316,,,,3.875,,,,,,,,,
29724000,7431,3.125,,1.355578064918518,,,,3.125,,,,,,,,,
29728000,7432,3.375,,1.313747763633728,,,,3.375,,,,,,,,,
29732000,7433,4.625,,1.3110377788543701,,,,4.625,,,,,,,,,
29736000,7434,3.0,,1.3617326021194458,,,,3.0,,,,,,,,,
29740000,7435,4.0,,1.382890224456787,,,,4.0,,,,,,,,,
29744000,7436,3.875,,1.3285186290740967,,,,3.875,,,,,,,,,
29748000,7437,3.625,,1.309147834777832,,,,3.625,,,,,,,,,
29752000,7438,3.25,,1.368269681930542,,,,3.25,,,,,,,,,
29756000,7439,3.875,,1.3787128925323486,,,,3.875,,,,,,,,,
29760000,7440,3.5,,1.3546918630599976,,,,3.5,,,,,,,,,
29764000,7441,3.375,,1.3516062498092651,,,,3.375,,,,,,,,,
29768000,7442,4.125,,1.3897761106491089,,,,4.125,,,,,,,,,
29772000,7443,3.25,,1.3321640491485596,,,,3.25,,,,,,,,,
29776000,7444,4.0,,1.3749568462371826,,,,4.0,,,,,,,,,
29780000,7445,3.5,,1.3461201190948486,,,,3.5,,,,,,,,,
29784000,7446,4.0,,1.3301929235458374,,,,4.0,,,,,,,,,
29788000,7447,3.75,,1.3511180877685547,,,,3.75,,,,,,,,,
29792000,7448,3.625,,1.362060785293579,,,,3.625,,,,,,,,,
29796000,7449,3.75,,1.348189353942871,,,,3.75,,,,,,,,,
29800000,7450,4.0,,1.3931100368499756,,,,4.0,,,,,,,,,
29804000,7451,3.875,,1.3238418102264404,,,,3.875,,,,,,,,,
29808000,7452,3.875,,1.3431873321533203,,,,3.875,,,,,,,,,
29812000,7453,4.0,,1.417050838470459,,,,4.0,,,,,,,,,
29816000,7454,3.375,,1.354280948638916,,,,3.375,,,,,,,,,
29820000,7455,4.125,,1.4098225831985474,,,,4.125,,,,,,,,,
29824000,7456,3.25,,1.3362852334976196,,,,3.25,,,,,,,,,
29828000,7457,3.625,,1.3381364345550537,,,,3.625,,,,,,,,,
29832000,7458,3.875,,1.387120246887207,,,,3.875,,,,,,,,,
29836000,7459,3.5,,1.3829255104064941,,,,3.5,,,,,,,,,
29840000,7460,4.0,,1.353797435760498,,,,4.0,,,,,,,,,
29844000,7461,3.875,,1.3176515102386475,,,,3.875,,,,,,,,,
29848000,7462,3.875,,1.3965814113616943,,,,3.875,,,,,,,,,
29852000,7463,3.875,,1.4080623388290405,,,,3.875,,,,,,,,,
29856000,7464,4.125,,1.350407361984253,,,,4.125,,,,,,,,,
29860000,7465,4.125,,1.3766274452209473,,,,4.125,,,,,,,,,
29864000,7466,4.125,,1.3718936443328857,,,,4.125,,,,,,,,,
29868000,7467,3.625,,1.3878064155578613,,,,3.625,,,,,,,,,
29872000,7468,3.375,,1.4024062156677246,,,,3.375,,,,,,,,,
29876000,7469,3.875,,1.4248497486114502,,,,3.875,,,,,,,,,
29880000,7470,3.75,,1.4206652641296387,,,,3.75,,,,,,,,,
29884000,7471,3.875,,1.405160903930664,,,,3.875,,,,,,,,,
29888000,7472,4.125,,1.4321664571762085,,,,4.125,,,,,,,,,
29892000,7473,4.125,,1.3634495735168457,,,,4.125,,,,,,,,,
29896000,7474,4.125,,1.3633835315704346,,,,4.125,,,,,,,,,
29900000,7475,3.875,,1.378247618675232,,,,3.875,,,,,,,,,
29904000,7476,3.75,,1.4238765239715576,,,,3.75,,,,,,,,,
29908000,7477,3.125,,1.3874125480651855,,,,3.125,,,,,,,,,
29912000,7478,4.25,,1.3641221523284912,,,,4.25,,,,,,,,,
29916000,7479,3.75,,1.3906196355819702,,,,3.75,,,,,,,,,
29920000,7480,2.5,,1.3576560020446777,,,,2.5,,,,,,,,,
29924000,7481,4.0,,1.3337788581848145,,,,4.0,,,,,,,,,
29928000,7482,4.0,,1.418298602104187,,,,4.0,,,,,,,,,
29932000,7483,4.125,,1.4149658679962158,,,,4.125,,,,,,,,,
29936000,7484,3.75,,1.4133458137512207,,,,3.75,,,,,,,,,
29940000,7485,3.875,,1.3870749473571777,,,,3.875,,,,,,,,,
29944000,7486,3.5,,1.315511703491211,,,,3.5,,,,,,,,,
29948000,7487,3.5,,1.3787779808044434,,,,3.5,,,,,,,,,
29952000,7488,3.625,,1.3770942687988281,,,,3.625,,,,,,,,,
29956000,7489,3.75,,1.3450071811676025,,,,3.75,,,,,,,,,
29960000,7490,4.0,,1.3555034399032593,,,,4.0,,,,,,,,,
29964000,7491,3.875,,1.4207755327224731,,,,3.875,,,,,,,,,
29968000,7492,4.0,,1.3385239839553833,,,,4.0,,,,,,,,,
29972000,7493,4.375,,1.3954927921295166,,,,4.375,,,,,,,,,
29976000,7494,2.625,,1.3707165718078613,,,,2.625,,,,,,,,,
29980000,7495,3.75,,1.3131399154663086,,,,3.75,,,,,,,,,
29984000,7496,4.0,,1.3789482116699219,,,,4.0,,,,,,,,,
29988000,7497,3.0,,1.4063464403152466,,,,3.0,,,,,,,,,
29992000,7498,3.875,,1.34706449508667,,,,3.875,,,,,,,,,
29996000,7499,3.125,,1.3675940036773682,,,,3.125,,,,,,,,,
30000000,7500,3.875,,1.3450525999069214,,,,3.875,,,,,,,,,
