environment_steps,updates,mean_episode_returns,entropy,loss,actor_loss,value_loss,reward_std_mean,deliveries,block_rate,idle_rate,pickup_rate,deliveries_early,deliveries_mid,deliveries_late,block_early,block_mid,block_late
4000,1,0.0,,nan,,,,0.0,,,,,,,,,
8000,2,0.0,,nan,,,,0.0,,,,,,,,,
12000,3,0.0,,nan,,,,0.0,,,,,,,,,
16000,4,0.0,,0.8572487831115723,,,,0.0,,,,,,,,,
20000,5,0.0,,0.18159185349941254,,,,0.0,,,,,,,,,
24000,6,0.0,,0.0903756320476532,,,,0.0,,,,,,,,,
28000,7,0.0,,0.0589272566139698,,,,0.0,,,,,,,,,
32000,8,0.125,,5.242190361022949,,,,0.125,,,,,,,,,
36000,9,0.0,,2.3408284187316895,,,,0.0,,,,,,,,,
40000,10,0.0,,3.9374585151672363,,,,0.0,,,,,,,,,
44000,11,0.0,,6.596323013305664,,,,0.0,,,,,,,,,
48000,12,0.0,,2.2621209621429443,,,,0.0,,,,,,,,,
52000,13,0.0,,1.2575739622116089,,,,0.0,,,,,,,,,
56000,14,0.0,,1.6310721635818481,,,,0.0,,,,,,,,,
60000,15,0.0,,1.8258843421936035,,,,0.0,,,,,,,,,
64000,16,0.0,,0.6849807500839233,,,,0.0,,,,,,,,,
68000,17,0.0,,0.8181540369987488,,,,0.0,,,,,,,,,
72000,18,0.0,,2.0705952644348145,,,,0.0,,,,,,,,,
76000,19,0.0,,0.011621417477726936,,,,0.0,,,,,,,,,
80000,20,0.0,,0.7916104793548584,,,,0.0,,,,,,,,,
84000,21,0.0,,0.7616081237792969,,,,0.0,,,,,,,,,
88000,22,0.0,,0.7307863831520081,,,,0.0,,,,,,,,,
92000,23,0.0,,1.7748708724975586,,,,0.0,,,,,,,,,
96000,24,0.0,,0.5027828216552734,,,,0.0,,,,,,,,,
100000,25,0.0,,1.5612058639526367,,,,0.0,,,,,,,,,
104000,26,0.0,,0.886805534362793,,,,0.0,,,,,,,,,
108000,27,0.0,,0.5259384512901306,,,,0.0,,,,,,,,,
112000,28,0.0,,0.8087437152862549,,,,0.0,,,,,,,,,
116000,29,0.0,,0.011828294023871422,,,,0.0,,,,,,,,,
120000,30,0.0,,0.7696000933647156,,,,0.0,,,,,,,,,
124000,31,0.0,,0.01086377538740635,,,,0.0,,,,,,,,,
128000,32,0.0,,1.5283219814300537,,,,0.0,,,,,,,,,
132000,33,0.0,,1.0984832048416138,,,,0.0,,,,,,,,,
136000,34,0.0,,0.8404043912887573,,,,0.0,,,,,,,,,
140000,35,0.0,,0.008120808750391006,,,,0.0,,,,,,,,,
144000,36,0.0,,0.007268235087394714,,,,0.0,,,,,,,,,
148000,37,0.0,,3.041929244995117,,,,0.0,,,,,,,,,
152000,38,0.0,,0.27424973249435425,,,,0.0,,,,,,,,,
156000,39,0.0,,0.5695489048957825,,,,0.0,,,,,,,,,
160000,40,0.0,,0.005919588729739189,,,,0.0,,,,,,,,,
164000,41,0.0,,0.005502576939761639,,,,0.0,,,,,,,,,
168000,42,0.0,,1.2932496070861816,,,,0.0,,,,,,,,,
172000,43,0.125,,0.7902553677558899,,,,0.125,,,,,,,,,
176000,44,0.0,,0.8912841081619263,,,,0.0,,,,,,,,,
180000,45,0.0,,5.498647689819336,,,,0.0,,,,,,,,,
184000,46,0.0,,3.050961971282959,,,,0.0,,,,,,,,,
188000,47,0.0,,1.2461785078048706,,,,0.0,,,,,,,,,
192000,48,0.0,,0.7407402992248535,,,,0.0,,,,,,,,,
196000,49,0.0,,0.2899978458881378,,,,0.0,,,,,,,,,
200000,50,0.0,,1.915166974067688,,,,0.0,,,,,,,,,
204000,51,0.0,,0.9745224118232727,,,,0.0,,,,,,,,,
208000,52,0.0,,1.6395817995071411,,,,0.0,,,,,,,,,
212000,53,0.0,,0.8235182762145996,,,,0.0,,,,,,,,,
216000,54,0.0,,1.9682235717773438,,,,0.0,,,,,,,,,
220000,55,0.0,,0.25071942806243896,,,,0.0,,,,,,,,,
224000,56,0.0,,0.2832009792327881,,,,0.0,,,,,,,,,
228000,57,0.0,,0.00418514758348465,,,,0.0,,,,,,,,,
232000,58,0.0,,2.097623825073242,,,,0.0,,,,,,,,,
236000,59,0.0,,0.004465068690478802,,,,0.0,,,,,,,,,
240000,60,0.0,,0.5461856722831726,,,,0.0,,,,,,,,,
244000,61,0.0,,2.84429931640625,,,,0.0,,,,,,,,,
248000,62,0.0,,0.24762752652168274,,,,0.0,,,,,,,,,
252000,63,0.0,,0.9993411898612976,,,,0.0,,,,,,,,,
256000,64,0.0,,0.003755326848477125,,,,0.0,,,,,,,,,
260000,65,0.0,,1.088210105895996,,,,0.0,,,,,,,,,
264000,66,0.0,,1.522590160369873,,,,0.0,,,,,,,,,
268000,67,0.0,,0.0037104692310094833,,,,0.0,,,,,,,,,
272000,68,0.0,,0.0032379990443587303,,,,0.0,,,,,,,,,
276000,69,0.0,,0.0031110462732613087,,,,0.0,,,,,,,,,
280000,70,0.0,,0.5681755542755127,,,,0.0,,,,,,,,,
284000,71,0.0,,2.077181816101074,,,,0.0,,,,,,,,,
288000,72,0.0,,0.275873601436615,,,,0.0,,,,,,,,,
292000,73,0.0,,0.0032206010073423386,,,,0.0,,,,,,,,,
296000,74,0.0,,0.002890919568017125,,,,0.0,,,,,,,,,
300000,75,0.0,,0.002731925807893276,,,,0.0,,,,,,,,,
304000,76,0.0,,0.0027107582427561283,,,,0.0,,,,,,,,,
308000,77,0.0,,0.002565247006714344,,,,0.0,,,,,,,,,
312000,78,0.0,,0.9101989269256592,,,,0.0,,,,,,,,,
316000,79,0.0,,0.993209183216095,,,,0.0,,,,,,,,,
320000,80,0.0,,0.0027748795691877604,,,,0.0,,,,,,,,,
324000,81,0.0,,0.0024700332432985306,,,,0.0,,,,,,,,,
328000,82,0.0,,1.1652745008468628,,,,0.0,,,,,,,,,
332000,83,0.0,,1.491878867149353,,,,0.0,,,,,,,,,
336000,84,0.0,,0.3700215220451355,,,,0.0,,,,,,,,,
340000,85,0.0,,0.990615963935852,,,,0.0,,,,,,,,,
344000,86,0.0,,0.0025685057044029236,,,,0.0,,,,,,,,,
348000,87,0.0,,0.0023438308853656054,,,,0.0,,,,,,,,,
352000,88,0.0,,0.0022287520114332438,,,,0.0,,,,,,,,,
356000,89,0.0,,1.7958999872207642,,,,0.0,,,,,,,,,
360000,90,0.0,,0.35476991534233093,,,,0.0,,,,,,,,,
364000,91,0.0,,0.002228325232863426,,,,0.0,,,,,,,,,
368000,92,0.0,,0.002216032473370433,,,,0.0,,,,,,,,,
372000,93,0.0,,0.002087113680317998,,,,0.0,,,,,,,,,
376000,94,0.0,,0.9047913551330566,,,,0.0,,,,,,,,,
380000,95,0.0,,1.2110402584075928,,,,0.0,,,,,,,,,
384000,96,0.0,,0.0020228824578225613,,,,0.0,,,,,,,,,
388000,97,0.0,,2.0026156902313232,,,,0.0,,,,,,,,,
392000,98,0.0,,0.0023157428950071335,,,,0.0,,,,,,,,,
396000,99,0.0,,2.0978918075561523,,,,0.0,,,,,,,,,
400000,100,0.0,,1.3550469875335693,,,,0.0,,,,,,,,,
404000,101,0.0,,0.002574537182226777,,,,0.0,,,,,,,,,
408000,102,0.0,,0.002329533686861396,,,,0.0,,,,,,,,,
412000,103,0.0,,0.002068072324618697,,,,0.0,,,,,,,,,
416000,104,0.0,,0.36785587668418884,,,,0.0,,,,,,,,,
420000,105,0.0,,0.0020670450758188963,,,,0.0,,,,,,,,,
424000,106,0.0,,0.37876951694488525,,,,0.0,,,,,,,,,
428000,107,0.0,,0.3578619062900543,,,,0.0,,,,,,,,,
432000,108,0.0,,0.0017834993777796626,,,,0.0,,,,,,,,,
436000,109,0.0,,0.0017485626740381122,,,,0.0,,,,,,,,,
440000,110,0.0,,1.768310546875,,,,0.0,,,,,,,,,
444000,111,0.0,,0.0022132238373160362,,,,0.0,,,,,,,,,
448000,112,0.0,,1.6259113550186157,,,,0.0,,,,,,,,,
452000,113,0.0,,0.0021503015886992216,,,,0.0,,,,,,,,,
456000,114,0.0,,0.3287750780582428,,,,0.0,,,,,,,,,
460000,115,0.0,,0.0017813616432249546,,,,0.0,,,,,,,,,
464000,116,0.0,,1.5052385330200195,,,,0.0,,,,,,,,,
468000,117,0.0,,0.4391218423843384,,,,0.0,,,,,,,,,
472000,118,0.0,,0.0018738647922873497,,,,0.0,,,,,,,,,
476000,119,0.0,,0.0016725341556593776,,,,0.0,,,,,,,,,
480000,120,0.0,,0.001634598127566278,,,,0.0,,,,,,,,,
484000,121,0.0,,1.780655860900879,,,,0.0,,,,,,,,,
488000,122,0.0,,0.0021311664022505283,,,,0.0,,,,,,,,,
492000,123,0.0,,0.0018210047855973244,,,,0.0,,,,,,,,,
496000,124,0.0,,0.35703107714653015,,,,0.0,,,,,,,,,
500000,125,0.0,,0.0015944401966407895,,,,0.0,,,,,,,,,
504000,126,0.0,,1.8690699338912964,,,,0.0,,,,,,,,,
508000,127,0.0,,0.3613477349281311,,,,0.0,,,,,,,,,
512000,128,0.0,,1.1430870294570923,,,,0.0,,,,,,,,,
516000,129,0.0,,0.0018080202862620354,,,,0.0,,,,,,,,,
520000,130,0.0,,0.0016383236506953835,,,,0.0,,,,,,,,,
524000,131,0.0,,0.0015386349987238646,,,,0.0,,,,,,,,,
528000,132,0.0,,1.0249894857406616,,,,0.0,,,,,,,,,
532000,133,0.0,,1.1970425844192505,,,,0.0,,,,,,,,,
536000,134,0.0,,0.0015983990160748363,,,,0.0,,,,,,,,,
540000,135,0.0,,0.001492722425609827,,,,0.0,,,,,,,,,
544000,136,0.0,,0.001381640904583037,,,,0.0,,,,,,,,,
548000,137,0.0,,1.0861033201217651,,,,0.0,,,,,,,,,
552000,138,0.0,,0.0015867650508880615,,,,0.0,,,,,,,,,
556000,139,0.0,,0.0014023599214851856,,,,0.0,,,,,,,,,
560000,140,0.0,,0.0012650929857045412,,,,0.0,,,,,,,,,
564000,141,0.0,,0.0012707016430795193,,,,0.0,,,,,,,,,
568000,142,0.125,,0.0012922646710649133,,,,0.125,,,,,,,,,
572000,143,0.125,,0.6672429442405701,,,,0.125,,,,,,,,,
576000,144,0.0,,1.305280089378357,,,,0.0,,,,,,,,,
580000,145,0.0,,0.0013774188701063395,,,,0.0,,,,,,,,,
584000,146,0.0,,0.001351377577520907,,,,0.0,,,,,,,,,
588000,147,0.0,,0.0011578795965760946,,,,0.0,,,,,,,,,
592000,148,0.0,,2.508842706680298,,,,0.0,,,,,,,,,
596000,149,0.0,,0.0016476130113005638,,,,0.0,,,,,,,,,
600000,150,0.0,,0.7860395908355713,,,,0.0,,,,,,,,,
604000,151,0.0,,0.4424736797809601,,,,0.0,,,,,,,,,
608000,152,0.0,,2.651583433151245,,,,0.0,,,,,,,,,
612000,153,0.0,,0.0020610885694622993,,,,0.0,,,,,,,,,
616000,154,0.0,,0.0016062627546489239,,,,0.0,,,,,,,,,
620000,155,0.0,,0.0014415732584893703,,,,0.0,,,,,,,,,
624000,156,0.0,,0.0012363429414108396,,,,0.0,,,,,,,,,
628000,157,0.0,,1.5497140884399414,,,,0.0,,,,,,,,,
632000,158,0.0,,0.0012064394541084766,,,,0.0,,,,,,,,,
636000,159,0.0,,0.001034447574056685,,,,0.0,,,,,,,,,
640000,160,0.0,,0.7596498131752014,,,,0.0,,,,,,,,,
644000,161,0.0,,0.0012274165637791157,,,,0.0,,,,,,,,,
648000,162,0.0,,1.284660816192627,,,,0.0,,,,,,,,,
652000,163,0.0,,0.9066413640975952,,,,0.0,,,,,,,,,
656000,164,0.0,,1.2964951992034912,,,,0.0,,,,,,,,,
660000,165,0.0,,1.0749647617340088,,,,0.0,,,,,,,,,
664000,166,0.0,,0.0014817765913903713,,,,0.0,,,,,,,,,
668000,167,0.0,,0.7306157350540161,,,,0.0,,,,,,,,,
672000,168,0.0,,0.0013235000660642982,,,,0.0,,,,,,,,,
676000,169,0.0,,0.8852198123931885,,,,0.0,,,,,,,,,
680000,170,0.0,,1.8377642631530762,,,,0.0,,,,,,,,,
684000,171,0.0,,1.3198210000991821,,,,0.0,,,,,,,,,
688000,172,0.0,,0.0013131527230143547,,,,0.0,,,,,,,,,
692000,173,0.0,,0.0011368016712367535,,,,0.0,,,,,,,,,
696000,174,0.0,,0.0010014951694756746,,,,0.0,,,,,,,,,
700000,175,0.0,,0.4225989580154419,,,,0.0,,,,,,,,,
704000,176,0.0,,0.0010964878601953387,,,,0.0,,,,,,,,,
708000,177,0.0,,0.000968153472058475,,,,0.0,,,,,,,,,
712000,178,0.0,,0.000946303247474134,,,,0.0,,,,,,,,,
716000,179,0.0,,1.4971446990966797,,,,0.0,,,,,,,,,
720000,180,0.0,,0.7979268431663513,,,,0.0,,,,,,,,,
724000,181,0.0,,0.0010274782544001937,,,,0.0,,,,,,,,,
728000,182,0.0,,0.0009030735236592591,,,,0.0,,,,,,,,,
732000,183,0.0,,0.0008926873560994864,,,,0.0,,,,,,,,,
736000,184,0.0,,0.0008656766731292009,,,,0.0,,,,,,,,,
740000,185,0.0,,0.0008231322281062603,,,,0.0,,,,,,,,,
744000,186,0.0,,0.0007902176002971828,,,,0.0,,,,,,,,,
748000,187,0.0,,0.0008052259217947721,,,,0.0,,,,,,,,,
752000,188,0.0,,0.000840459018945694,,,,0.0,,,,,,,,,
756000,189,0.0,,0.0008158476557582617,,,,0.0,,,,,,,,,
760000,190,0.0,,0.44035160541534424,,,,0.0,,,,,,,,,
764000,191,0.0,,0.000897659920156002,,,,0.0,,,,,,,,,
768000,192,0.0,,0.0008214893168769777,,,,0.0,,,,,,,,,
772000,193,0.0,,0.0007962114759720862,,,,0.0,,,,,,,,,
776000,194,0.0,,0.0007564608822576702,,,,0.0,,,,,,,,,
780000,195,0.0,,2.3163323402404785,,,,0.0,,,,,,,,,
784000,196,0.0,,0.0008503550197929144,,,,0.0,,,,,,,,,
788000,197,0.0,,1.4931468963623047,,,,0.0,,,,,,,,,
792000,198,0.0,,0.0013616988435387611,,,,0.0,,,,,,,,,
796000,199,0.0,,0.0009736608481034636,,,,0.0,,,,,,,,,
800000,200,0.0,,0.45773229002952576,,,,0.0,,,,,,,,,
804000,201,0.0,,0.0008135319803841412,,,,0.0,,,,,,,,,
808000,202,0.0,,1.424513816833496,,,,0.0,,,,,,,,,
812000,203,0.0,,0.0009946892969310284,,,,0.0,,,,,,,,,
816000,204,0.0,,1.6109880208969116,,,,0.0,,,,,,,,,
820000,205,0.0,,0.001214932301081717,,,,0.0,,,,,,,,,
824000,206,0.0,,0.0009451488731428981,,,,0.0,,,,,,,,,
828000,207,0.0,,1.002606987953186,,,,0.0,,,,,,,,,
832000,208,0.0,,0.8495755195617676,,,,0.0,,,,,,,,,
836000,209,0.0,,1.037480115890503,,,,0.0,,,,,,,,,
840000,210,0.0,,1.458103895187378,,,,0.0,,,,,,,,,
844000,211,0.0,,0.0012496109120547771,,,,0.0,,,,,,,,,
848000,212,0.0,,0.0009718135697767138,,,,0.0,,,,,,,,,
852000,213,0.0,,0.0008188409265130758,,,,0.0,,,,,,,,,
856000,214,0.0,,0.0007184927817434072,,,,0.0,,,,,,,,,
860000,215,0.0,,0.0007268991321325302,,,,0.0,,,,,,,,,
864000,216,0.0,,0.0006955672870390117,,,,0.0,,,,,,,,,
868000,217,0.0,,0.0006957428413443267,,,,0.0,,,,,,,,,
872000,218,0.0,,1.6709586381912231,,,,0.0,,,,,,,,,
876000,219,0.0,,0.0010653375647962093,,,,0.0,,,,,,,,,
880000,220,0.0,,0.9727634787559509,,,,0.0,,,,,,,,,
884000,221,0.0,,0.0009224413661286235,,,,0.0,,,,,,,,,
888000,222,0.0,,1.9267373085021973,,,,0.0,,,,,,,,,
892000,223,0.0,,0.8965855836868286,,,,0.0,,,,,,,,,
896000,224,0.0,,0.0008456914802081883,,,,0.0,,,,,,,,,
900000,225,0.0,,0.0007395573775283992,,,,0.0,,,,,,,,,
904000,226,0.0,,0.0006896035629324615,,,,0.0,,,,,,,,,
908000,227,0.0,,0.0006413141964003444,,,,0.0,,,,,,,,,
912000,228,0.0,,0.0006541720358654857,,,,0.0,,,,,,,,,
916000,229,0.0,,0.0006435965187847614,,,,0.0,,,,,,,,,
920000,230,0.0,,0.0006613823352381587,,,,0.0,,,,,,,,,
924000,231,0.0,,1.0048123598098755,,,,0.0,,,,,,,,,
928000,232,0.0,,2.1340227127075195,,,,0.0,,,,,,,,,
932000,233,0.0,,0.0017688535153865814,,,,0.0,,,,,,,,,
936000,234,0.0,,0.5723936557769775,,,,0.0,,,,,,,,,
940000,235,0.0,,1.8475654125213623,,,,0.0,,,,,,,,,
944000,236,0.0,,0.001229926128871739,,,,0.0,,,,,,,,,
948000,237,0.0,,0.000988619402050972,,,,0.0,,,,,,,,,
952000,238,0.0,,0.000842249661218375,,,,0.0,,,,,,,,,
956000,239,0.0,,0.0007140982779674232,,,,0.0,,,,,,,,,
960000,240,0.0,,2.4772768020629883,,,,0.0,,,,,,,,,
964000,241,0.0,,0.0016180670354515314,,,,0.0,,,,,,,,,
968000,242,0.0,,0.0010651142802089453,,,,0.0,,,,,,,,,
972000,243,0.0,,1.7154550552368164,,,,0.0,,,,,,,,,
976000,244,0.0,,0.0015089104417711496,,,,0.0,,,,,,,,,
980000,245,0.0,,0.5534825921058655,,,,0.0,,,,,,,,,
984000,246,0.0,,1.3988046646118164,,,,0.0,,,,,,,,,
988000,247,0.0,,0.001248128479346633,,,,0.0,,,,,,,,,
992000,248,0.0,,3.072744607925415,,,,0.0,,,,,,,,,
996000,249,0.0,,0.5726868510246277,,,,0.0,,,,,,,,,
1000000,250,0.0,,0.0013081713113933802,,,,0.0,,,,,,,,,
1004000,251,0.0,,0.000989171676337719,,,,0.0,,,,,,,,,
1008000,252,0.0,,0.0008046462899073958,,,,0.0,,,,,,,,,
1012000,253,0.0,,0.5701408982276917,,,,0.0,,,,,,,,,
1016000,254,0.0,,0.0008116714307107031,,,,0.0,,,,,,,,,
1020000,255,0.0,,0.0007286478066816926,,,,0.0,,,,,,,,,
1024000,256,0.0,,0.0006422100705094635,,,,0.0,,,,,,,,,
1028000,257,0.0,,0.0006007881602272391,,,,0.0,,,,,,,,,
1032000,258,0.0,,0.0005707753589376807,,,,0.0,,,,,,,,,
1036000,259,0.0,,0.0005790744908154011,,,,0.0,,,,,,,,,
1040000,260,0.0,,0.0005898366216570139,,,,0.0,,,,,,,,,
1044000,261,0.0,,0.0005746753886342049,,,,0.0,,,,,,,,,
1048000,262,0.0,,0.0005690768011845648,,,,0.0,,,,,,,,,
1052000,263,0.0,,0.0005601120064966381,,,,0.0,,,,,,,,,
1056000,264,0.0,,0.0005520721315406263,,,,0.0,,,,,,,,,
1060000,265,0.0,,0.0005697151063941419,,,,0.0,,,,,,,,,
1064000,266,0.0,,0.0005508145550265908,,,,0.0,,,,,,,,,
1068000,267,0.0,,0.0005389590514823794,,,,0.0,,,,,,,,,
1072000,268,0.0,,0.0005430039018392563,,,,0.0,,,,,,,,,
1076000,269,0.0,,0.0005258598830550909,,,,0.0,,,,,,,,,
1080000,270,0.0,,0.0005216701538302004,,,,0.0,,,,,,,,,
1084000,271,0.0,,0.0004900789936073124,,,,0.0,,,,,,,,,
1088000,272,0.0,,0.0005143364542163908,,,,0.0,,,,,,,,,
1092000,273,0.0,,0.0005063797580078244,,,,0.0,,,,,,,,,
1096000,274,0.0,,0.0005061621777713299,,,,0.0,,,,,,,,,
1100000,275,0.0,,0.00047649990301579237,,,,0.0,,,,,,,,,
1104000,276,0.0,,0.00048748301924206316,,,,0.0,,,,,,,,,
1108000,277,0.0,,0.0004696072428487241,,,,0.0,,,,,,,,,
1112000,278,0.0,,0.00047337214346043766,,,,0.0,,,,,,,,,
1116000,279,0.0,,0.00047842241474427283,,,,0.0,,,,,,,,,
1120000,280,0.0,,0.00045319393393583596,,,,0.0,,,,,,,,,
1124000,281,0.0,,0.00047384013305418193,,,,0.0,,,,,,,,,
1128000,282,0.0,,0.0004408200620673597,,,,0.0,,,,,,,,,
1132000,283,0.0,,0.00046211283188313246,,,,0.0,,,,,,,,,
1136000,284,0.0,,0.0004425036022439599,,,,0.0,,,,,,,,,
1140000,285,0.0,,0.00044692540541291237,,,,0.0,,,,,,,,,
1144000,286,0.0,,0.00043643981916829944,,,,0.0,,,,,,,,,
1148000,287,0.0,,0.00043315946822986007,,,,0.0,,,,,,,,,
1152000,288,0.0,,0.00042155792471021414,,,,0.0,,,,,,,,,
1156000,289,0.0,,0.0004332216049078852,,,,0.0,,,,,,,,,
1160000,290,0.0,,0.00040391733637079597,,,,0.0,,,,,,,,,
1164000,291,0.0,,0.0003972414997406304,,,,0.0,,,,,,,,,
1168000,292,0.0,,0.0004150967870373279,,,,0.0,,,,,,,,,
1172000,293,0.0,,0.00041690311627462506,,,,0.0,,,,,,,,,
1176000,294,0.0,,0.0003910692466888577,,,,0.0,,,,,,,,,
1180000,295,0.0,,0.00041587682790122926,,,,0.0,,,,,,,,,
1184000,296,0.0,,0.0003877804265357554,,,,0.0,,,,,,,,,
1188000,297,0.0,,0.00041173436329700053,,,,0.0,,,,,,,,,
1192000,298,0.0,,0.0003840954741463065,,,,0.0,,,,,,,,,
1196000,299,0.0,,0.00041297118877992034,,,,0.0,,,,,,,,,
1200000,300,0.0,,0.0003861595469061285,,,,0.0,,,,,,,,,
1204000,301,0.0,,0.000404916238039732,,,,0.0,,,,,,,,,
1208000,302,0.0,,0.0003928996156901121,,,,0.0,,,,,,,,,
1212000,303,0.0,,0.0003869527135975659,,,,0.0,,,,,,,,,
1216000,304,0.0,,0.00038067641435191035,,,,0.0,,,,,,,,,
1220000,305,0.0,,0.00039696262683719397,,,,0.0,,,,,,,,,
1224000,306,0.0,,0.0003714617050718516,,,,0.0,,,,,,,,,
1228000,307,0.0,,0.0003752016928046942,,,,0.0,,,,,,,,,
1232000,308,0.0,,0.00039769240538589656,,,,0.0,,,,,,,,,
1236000,309,0.0,,0.00037253787741065025,,,,0.0,,,,,,,,,
1240000,310,0.0,,0.00037392458762042224,,,,0.0,,,,,,,,,
1244000,311,0.0,,0.0003856834664475173,,,,0.0,,,,,,,,,
1248000,312,0.0,,0.00036052591167390347,,,,0.0,,,,,,,,,
1252000,313,0.0,,0.00037321681156754494,,,,0.0,,,,,,,,,
1256000,314,0.0,,0.00037258892552927136,,,,0.0,,,,,,,,,
1260000,315,0.0,,0.0003600612108130008,,,,0.0,,,,,,,,,
1264000,316,0.0,,0.0003665018593892455,,,,0.0,,,,,,,,,
1268000,317,0.0,,0.0003657593042589724,,,,0.0,,,,,,,,,
1272000,318,0.0,,0.00036266393726691604,,,,0.0,,,,,,,,,
1276000,319,0.0,,0.0003525534411892295,,,,0.0,,,,,,,,,
1280000,320,0.0,,0.00036121762241236866,,,,0.0,,,,,,,,,
1284000,321,0.0,,0.00036604623892344534,,,,0.0,,,,,,,,,
1288000,322,0.0,,0.0003794110962189734,,,,0.0,,,,,,,,,
1292000,323,0.0,,0.0003486548375803977,,,,0.0,,,,,,,,,
1296000,324,0.0,,0.0003467923670541495,,,,0.0,,,,,,,,,
1300000,325,0.0,,0.0003641461953520775,,,,0.0,,,,,,,,,
1304000,326,0.0,,0.0003574277798179537,,,,0.0,,,,,,,,,
1308000,327,0.0,,0.0003600907512009144,,,,0.0,,,,,,,,,
1312000,328,0.0,,0.0003369612095411867,,,,0.0,,,,,,,,,
1316000,329,0.0,,0.0003412318183109164,,,,0.0,,,,,,,,,
1320000,330,0.0,,0.0003290916793048382,,,,0.0,,,,,,,,,
1324000,331,0.0,,0.0003238408826291561,,,,0.0,,,,,,,,,
1328000,332,0.0,,0.0003372597857378423,,,,0.0,,,,,,,,,
1332000,333,0.0,,0.00033012210042215884,,,,0.0,,,,,,,,,
1336000,334,0.0,,0.00033278396585956216,,,,0.0,,,,,,,,,
1340000,335,0.0,,0.00033176413853652775,,,,0.0,,,,,,,,,
1344000,336,0.0,,0.0003144661313854158,,,,0.0,,,,,,,,,
1348000,337,0.0,,0.000332938798237592,,,,0.0,,,,,,,,,
1352000,338,0.0,,0.0003232071758247912,,,,0.0,,,,,,,,,
1356000,339,0.0,,0.00033065126626752317,,,,0.0,,,,,,,,,
1360000,340,0.0,,0.00032942037796601653,,,,0.0,,,,,,,,,
1364000,341,0.0,,0.0003265779814682901,,,,0.0,,,,,,,,,
1368000,342,0.0,,0.0002980200224556029,,,,0.0,,,,,,,,,
1372000,343,0.0,,0.00031596748158335686,,,,0.0,,,,,,,,,
1376000,344,0.0,,0.00031307950848713517,,,,0.0,,,,,,,,,
1380000,345,0.0,,0.0003343381977174431,,,,0.0,,,,,,,,,
1384000,346,0.0,,0.0003074859851039946,,,,0.0,,,,,,,,,
1388000,347,0.0,,0.00030875441734679043,,,,0.0,,,,,,,,,
1392000,348,0.0,,0.00030387379229068756,,,,0.0,,,,,,,,,
1396000,349,0.0,,0.0003301096730865538,,,,0.0,,,,,,,,,
1400000,350,0.0,,0.0003026767517440021,,,,0.0,,,,,,,,,
1404000,351,0.0,,0.0003143342910334468,,,,0.0,,,,,,,,,
1408000,352,0.0,,0.0002933349460363388,,,,0.0,,,,,,,,,
1412000,353,0.0,,0.0003030048974324018,,,,0.0,,,,,,,,,
1416000,354,0.0,,0.0002863939735107124,,,,0.0,,,,,,,,,
1420000,355,0.0,,0.000275440193945542,,,,0.0,,,,,,,,,
1424000,356,0.0,,0.0002965799649246037,,,,0.0,,,,,,,,,
1428000,357,0.0,,0.0002866927534341812,,,,0.0,,,,,,,,,
1432000,358,0.0,,0.0002799391804728657,,,,0.0,,,,,,,,,
1436000,359,0.0,,0.00029184503364376724,,,,0.0,,,,,,,,,
1440000,360,0.0,,0.0003188086557202041,,,,0.0,,,,,,,,,
1444000,361,0.0,,0.00030553442775271833,,,,0.0,,,,,,,,,
1448000,362,0.0,,0.0002906198496930301,,,,0.0,,,,,,,,,
1452000,363,0.0,,0.00029463585815392435,,,,0.0,,,,,,,,,
1456000,364,0.0,,0.0002969676279462874,,,,0.0,,,,,,,,,
1460000,365,0.0,,0.0002879826643038541,,,,0.0,,,,,,,,,
1464000,366,0.0,,0.00029592993087135255,,,,0.0,,,,,,,,,
1468000,367,0.0,,0.0002930530463345349,,,,0.0,,,,,,,,,
1472000,368,0.0,,0.00030023796716704965,,,,0.0,,,,,,,,,
1476000,369,0.0,,0.0002840956440195441,,,,0.0,,,,,,,,,
1480000,370,0.0,,0.0002913951175287366,,,,0.0,,,,,,,,,
1484000,371,0.0,,0.00029064161935821176,,,,0.0,,,,,,,,,
1488000,372,0.0,,0.0002898224047385156,,,,0.0,,,,,,,,,
1492000,373,0.0,,0.000269872514763847,,,,0.0,,,,,,,,,
1496000,374,0.0,,0.00027252035215497017,,,,0.0,,,,,,,,,
1500000,375,0.0,,0.00027969450457021594,,,,0.0,,,,,,,,,
1504000,376,0.0,,0.0002639620506670326,,,,0.0,,,,,,,,,
1508000,377,0.0,,0.0002697816235013306,,,,0.0,,,,,,,,,
1512000,378,0.0,,0.00028588122222572565,,,,0.0,,,,,,,,,
1516000,379,0.0,,0.00027425045846030116,,,,0.0,,,,,,,,,
1520000,380,0.0,,0.0002770966966636479,,,,0.0,,,,,,,,,
1524000,381,0.0,,0.0002729474799707532,,,,0.0,,,,,,,,,
1528000,382,0.0,,0.0002590513613540679,,,,0.0,,,,,,,,,
1532000,383,0.0,,0.00027628641691990197,,,,0.0,,,,,,,,,
1536000,384,0.0,,0.0002706215309444815,,,,0.0,,,,,,,,,
1540000,385,0.0,,0.00025286476011388004,,,,0.0,,,,,,,,,
1544000,386,0.0,,0.00024623898207210004,,,,0.0,,,,,,,,,
1548000,387,0.0,,0.0002346052642678842,,,,0.0,,,,,,,,,
1552000,388,0.0,,0.0002492274215910584,,,,0.0,,,,,,,,,
1556000,389,0.0,,0.00025462068151682615,,,,0.0,,,,,,,,,
1560000,390,0.0,,0.00024543533800169826,,,,0.0,,,,,,,,,
1564000,391,0.0,,0.00025454931892454624,,,,0.0,,,,,,,,,
1568000,392,0.0,,0.00025599810760468245,,,,0.0,,,,,,,,,
1572000,393,0.0,,0.00025349826319143176,,,,0.0,,,,,,,,,
1576000,394,0.0,,0.00024015408416744322,,,,0.0,,,,,,,,,
1580000,395,0.0,,0.00023780480842106044,,,,0.0,,,,,,,,,
1584000,396,0.0,,0.00024540844606235623,,,,0.0,,,,,,,,,
1588000,397,0.0,,0.0002570041979197413,,,,0.0,,,,,,,,,
1592000,398,0.0,,0.00026136141968891025,,,,0.0,,,,,,,,,
1596000,399,0.0,,0.00027276197215542197,,,,0.0,,,,,,,,,
1600000,400,0.0,,0.0002554684178903699,,,,0.0,,,,,,,,,
1604000,401,0.0,,0.00024085053883027285,,,,0.0,,,,,,,,,
1608000,402,0.0,,0.0002577627310529351,,,,0.0,,,,,,,,,
1612000,403,0.0,,0.00025399745209142566,,,,0.0,,,,,,,,,
1616000,404,0.0,,0.0002426572609692812,,,,0.0,,,,,,,,,
1620000,405,0.0,,0.00024996980209834874,,,,0.0,,,,,,,,,
1624000,406,0.0,,0.0002583470195531845,,,,0.0,,,,,,,,,
1628000,407,0.0,,0.0002471675106789917,,,,0.0,,,,,,,,,
1632000,408,0.0,,0.0002521236310712993,,,,0.0,,,,,,,,,
1636000,409,0.0,,0.00023329159012064338,,,,0.0,,,,,,,,,
1640000,410,0.0,,0.0002467613958287984,,,,0.0,,,,,,,,,
1644000,411,0.0,,0.00024186297378037125,,,,0.0,,,,,,,,,
1648000,412,0.0,,0.00024154000857379287,,,,0.0,,,,,,,,,
1652000,413,0.0,,0.00024872913490980864,,,,0.0,,,,,,,,,
1656000,414,0.0,,0.00024149987439159304,,,,0.0,,,,,,,,,
1660000,415,0.0,,0.00023372448049485683,,,,0.0,,,,,,,,,
1664000,416,0.0,,0.00024302813108079135,,,,0.0,,,,,,,,,
1668000,417,0.0,,0.00022570244618691504,,,,0.0,,,,,,,,,
1672000,418,0.0,,0.0002382414386374876,,,,0.0,,,,,,,,,
1676000,419,0.0,,0.0002344299282412976,,,,0.0,,,,,,,,,
1680000,420,0.0,,0.0002230711979791522,,,,0.0,,,,,,,,,
1684000,421,0.0,,0.0002280597691424191,,,,0.0,,,,,,,,,
1688000,422,0.0,,0.00023403370869345963,,,,0.0,,,,,,,,,
1692000,423,0.0,,0.00022654535132460296,,,,0.0,,,,,,,,,
1696000,424,0.0,,0.00022244619322009385,,,,0.0,,,,,,,,,
1700000,425,0.0,,0.00022184534464031458,,,,0.0,,,,,,,,,
1704000,426,0.0,,0.00021273261518217623,,,,0.0,,,,,,,,,
1708000,427,0.0,,0.00022761139553040266,,,,0.0,,,,,,,,,
1712000,428,0.0,,0.0002381730591878295,,,,0.0,,,,,,,,,
1716000,429,0.0,,0.00022965492098592222,,,,0.0,,,,,,,,,
1720000,430,0.0,,0.00024881953140720725,,,,0.0,,,,,,,,,
1724000,431,0.0,,0.00022922731295693666,,,,0.0,,,,,,,,,
1728000,432,0.0,,0.00022254198847804219,,,,0.0,,,,,,,,,
1732000,433,0.0,,0.000203280447749421,,,,0.0,,,,,,,,,
1736000,434,0.0,,0.00020696304272860289,,,,0.0,,,,,,,,,
1740000,435,0.0,,0.00021742383250966668,,,,0.0,,,,,,,,,
1744000,436,0.0,,0.00020883893012069166,,,,0.0,,,,,,,,,
1748000,437,0.0,,0.00022034451831132174,,,,0.0,,,,,,,,,
1752000,438,0.0,,0.00021942620514892042,,,,0.0,,,,,,,,,
1756000,439,0.0,,0.00022514749434776604,,,,0.0,,,,,,,,,
1760000,440,0.0,,0.00022111949510872364,,,,0.0,,,,,,,,,
1764000,441,0.0,,0.000233704864513129,,,,0.0,,,,,,,,,
1768000,442,0.0,,0.00021469983039423823,,,,0.0,,,,,,,,,
1772000,443,0.0,,0.0002240618341602385,,,,0.0,,,,,,,,,
1776000,444,0.0,,0.00023541915288660675,,,,0.0,,,,,,,,,
1780000,445,0.0,,0.00024426059098914266,,,,0.0,,,,,,,,,
1784000,446,0.0,,0.00023445110127795488,,,,0.0,,,,,,,,,
1788000,447,0.0,,0.00021104217739775777,,,,0.0,,,,,,,,,
1792000,448,0.0,,0.00021398748503997922,,,,0.0,,,,,,,,,
1796000,449,0.0,,0.00022299864212982357,,,,0.0,,,,,,,,,
1800000,450,0.0,,0.00021918487618677318,,,,0.0,,,,,,,,,
1804000,451,0.0,,0.00020100321853533387,,,,0.0,,,,,,,,,
1808000,452,0.0,,0.0002115756506100297,,,,0.0,,,,,,,,,
1812000,453,0.0,,0.0002194529224652797,,,,0.0,,,,,,,,,
1816000,454,0.0,,0.00022297183750197291,,,,0.0,,,,,,,,,
1820000,455,0.0,,0.00019890927069354802,,,,0.0,,,,,,,,,
1824000,456,0.0,,0.00020614874665625393,,,,0.0,,,,,,,,,
1828000,457,0.0,,0.0002005296410061419,,,,0.0,,,,,,,,,
1832000,458,0.0,,0.00022015080321580172,,,,0.0,,,,,,,,,
1836000,459,0.0,,0.00021810995531268418,,,,0.0,,,,,,,,,
1840000,460,0.0,,0.00021726233535446227,,,,0.0,,,,,,,,,
1844000,461,0.0,,0.00019955262541770935,,,,0.0,,,,,,,,,
1848000,462,0.0,,0.00020351214334368706,,,,0.0,,,,,,,,,
1852000,463,0.0,,0.00019434434943832457,,,,0.0,,,,,,,,,
1856000,464,0.0,,0.00019931519636884332,,,,0.0,,,,,,,,,
1860000,465,0.0,,0.00019603720284067094,,,,0.0,,,,,,,,,
1864000,466,0.0,,0.00017982846475206316,,,,0.0,,,,,,,,,
1868000,467,0.0,,0.0001963942195288837,,,,0.0,,,,,,,,,
1872000,468,0.0,,0.0001915958127938211,,,,0.0,,,,,,,,,
1876000,469,0.0,,0.00018347339937463403,,,,0.0,,,,,,,,,
1880000,470,0.0,,0.00020366327953524888,,,,0.0,,,,,,,,,
1884000,471,0.0,,0.0001885221863631159,,,,0.0,,,,,,,,,
1888000,472,0.0,,0.00018181023187935352,,,,0.0,,,,,,,,,
1892000,473,0.0,,0.0001979359076358378,,,,0.0,,,,,,,,,
1896000,474,0.0,,0.00019410179811529815,,,,0.0,,,,,,,,,
1900000,475,0.0,,0.00019539364438969642,,,,0.0,,,,,,,,,
1904000,476,0.0,,0.00017961734556593,,,,0.0,,,,,,,,,
1908000,477,0.0,,0.00018810802430380136,,,,0.0,,,,,,,,,
1912000,478,0.0,,0.00018659135093912482,,,,0.0,,,,,,,,,
1916000,479,0.0,,0.00019205054559279233,,,,0.0,,,,,,,,,
1920000,480,0.0,,0.00019002408953383565,,,,0.0,,,,,,,,,
1924000,481,0.0,,0.00019951598369516432,,,,0.0,,,,,,,,,
1928000,482,0.0,,0.00020211860828567296,,,,0.0,,,,,,,,,
1932000,483,0.0,,0.0001918190100695938,,,,0.0,,,,,,,,,
1936000,484,0.0,,0.00018915222608484328,,,,0.0,,,,,,,,,
1940000,485,0.0,,0.0001888906117528677,,,,0.0,,,,,,,,,
1944000,486,0.0,,0.0001903218508232385,,,,0.0,,,,,,,,,
1948000,487,0.0,,0.0001739078143145889,,,,0.0,,,,,,,,,
1952000,488,0.0,,0.00018354615895077586,,,,0.0,,,,,,,,,
1956000,489,0.0,,0.00019549178250599653,,,,0.0,,,,,,,,,
1960000,490,0.0,,0.00019813775725197047,,,,0.0,,,,,,,,,
1964000,491,0.0,,0.0001867752434918657,,,,0.0,,,,,,,,,
1968000,492,0.0,,0.00018470079521648586,,,,0.0,,,,,,,,,
1972000,493,0.0,,0.00019127331324853003,,,,0.0,,,,,,,,,
1976000,494,0.0,,0.00020584925368893892,,,,0.0,,,,,,,,,
1980000,495,0.0,,0.00018800391990225762,,,,0.0,,,,,,,,,
1984000,496,0.0,,0.00019351576338522136,,,,0.0,,,,,,,,,
1988000,497,0.0,,0.00018863307195715606,,,,0.0,,,,,,,,,
1992000,498,0.0,,0.00018896907567977905,,,,0.0,,,,,,,,,
1996000,499,0.0,,0.00018828408792614937,,,,0.0,,,,,,,,,
2000000,500,0.0,,0.00019823819457087666,,,,0.0,,,,,,,,,
2004000,501,0.0,,0.00017974419461097568,,,,0.0,,,,,,,,,
2008000,502,0.0,,0.00017616237164475024,,,,0.0,,,,,,,,,
2012000,503,0.0,,0.0001767618814483285,,,,0.0,,,,,,,,,
2016000,504,0.0,,0.00018862659635487944,,,,0.0,,,,,,,,,
2020000,505,0.0,,0.0001759847509674728,,,,0.0,,,,,,,,,
2024000,506,0.0,,0.00018481395090930164,,,,0.0,,,,,,,,,
2028000,507,0.0,,0.0001792482507880777,,,,0.0,,,,,,,,,
2032000,508,0.0,,0.0001814099814509973,,,,0.0,,,,,,,,,
2036000,509,0.0,,0.0001875544257927686,,,,0.0,,,,,,,,,
2040000,510,0.0,,0.0001820215256884694,,,,0.0,,,,,,,,,
2044000,511,0.0,,0.00019267536117695272,,,,0.0,,,,,,,,,
2048000,512,0.0,,0.00023509643506258726,,,,0.0,,,,,,,,,
2052000,513,0.0,,0.00021936363191343844,,,,0.0,,,,,,,,,
2056000,514,0.0,,0.00023182484437711537,,,,0.0,,,,,,,,,
2060000,515,0.0,,0.0001984211994567886,,,,0.0,,,,,,,,,
2064000,516,0.0,,0.00021927457419224083,,,,0.0,,,,,,,,,
2068000,517,0.0,,0.00019291856733616441,,,,0.0,,,,,,,,,
2072000,518,0.0,,0.0002088194014504552,,,,0.0,,,,,,,,,
2076000,519,0.0,,0.00020417630730662495,,,,0.0,,,,,,,,,
2080000,520,0.0,,0.00033943733433261514,,,,0.0,,,,,,,,,
2084000,521,0.0,,0.0004168799496255815,,,,0.0,,,,,,,,,
2088000,522,0.0,,0.0011551103089004755,,,,0.0,,,,,,,,,
2092000,523,0.0,,0.0014010274317115545,,,,0.0,,,,,,,,,
2096000,524,0.0,,0.001342357718385756,,,,0.0,,,,,,,,,
2100000,525,0.0,,0.000991392182186246,,,,0.0,,,,,,,,,
2104000,526,0.0,,0.0009204293601214886,,,,0.0,,,,,,,,,
2108000,527,0.0,,0.0006003279122523963,,,,0.0,,,,,,,,,
2112000,528,0.0,,0.0004904037341475487,,,,0.0,,,,,,,,,
2116000,529,0.0,,0.0004965425468981266,,,,0.0,,,,,,,,,
2120000,530,0.0,,0.000426295620854944,,,,0.0,,,,,,,,,
2124000,531,0.0,,0.0003929803497157991,,,,0.0,,,,,,,,,
2128000,532,0.0,,0.0003351363120600581,,,,0.0,,,,,,,,,
2132000,533,0.0,,0.00031772750662639737,,,,0.0,,,,,,,,,
2136000,534,0.0,,0.0002576303668320179,,,,0.0,,,,,,,,,
2140000,535,0.0,,0.0002354899188503623,,,,0.0,,,,,,,,,
2144000,536,0.0,,0.0002106557076331228,,,,0.0,,,,,,,,,
2148000,537,0.0,,0.0002052595082204789,,,,0.0,,,,,,,,,
2152000,538,0.0,,0.0002086247259285301,,,,0.0,,,,,,,,,
2156000,539,0.125,,0.0001989939046325162,,,,0.125,,,,,,,,,
2160000,540,0.0,,0.00019973228336311877,,,,0.0,,,,,,,,,
2164000,541,0.0,,0.000204835319891572,,,,0.0,,,,,,,,,
2168000,542,0.0,,0.00018481974257156253,,,,0.0,,,,,,,,,
2172000,543,0.0,,1.3055578470230103,,,,0.0,,,,,,,,,
2176000,544,0.0,,1.0604932308197021,,,,0.0,,,,,,,,,
2180000,545,0.0,,0.002614795695990324,,,,0.0,,,,,,,,,
2184000,546,0.0,,0.0019008750095963478,,,,0.0,,,,,,,,,
2188000,547,0.0,,0.0017182399751618505,,,,0.0,,,,,,,,,
2192000,548,0.0,,3.5577991008758545,,,,0.0,,,,,,,,,
2196000,549,0.0,,0.004766350612044334,,,,0.0,,,,,,,,,
2200000,550,0.0,,0.003795505966991186,,,,0.0,,,,,,,,,
2204000,551,0.0,,0.003558035474270582,,,,0.0,,,,,,,,,
2208000,552,0.0,,11.016775131225586,,,,0.0,,,,,,,,,
2212000,553,0.0,,0.013003367930650711,,,,0.0,,,,,,,,,
2216000,554,0.0,,0.01103838812559843,,,,0.0,,,,,,,,,
2220000,555,0.0,,0.008351277559995651,,,,0.0,,,,,,,,,
2224000,556,0.0,,3.446561813354492,,,,0.0,,,,,,,,,
2228000,557,0.0,,0.0054845381528139114,,,,0.0,,,,,,,,,
2232000,558,0.0,,0.004160481970757246,,,,0.0,,,,,,,,,
2236000,559,0.0,,3.2048041820526123,,,,0.0,,,,,,,,,
2240000,560,0.0,,0.0031216091010719538,,,,0.0,,,,,,,,,
2244000,561,0.0,,3.2338249683380127,,,,0.0,,,,,,,,,
2248000,562,0.0,,0.0024313307367265224,,,,0.0,,,,,,,,,
2252000,563,0.0,,2.232942581176758,,,,0.0,,,,,,,,,
2256000,564,0.0,,0.0019528006669133902,,,,0.0,,,,,,,,,
2260000,565,0.0,,0.0015067122876644135,,,,0.0,,,,,,,,,
2264000,566,0.0,,3.1558351516723633,,,,0.0,,,,,,,,,
2268000,567,0.0,,0.002099712612107396,,,,0.0,,,,,,,,,
2272000,568,0.0,,0.0015071177622303367,,,,0.0,,,,,,,,,
2276000,569,0.0,,0.0012107229558750987,,,,0.0,,,,,,,,,
2280000,570,0.0,,0.001102954731322825,,,,0.0,,,,,,,,,
2284000,571,0.0,,2.2704267501831055,,,,0.0,,,,,,,,,
2288000,572,0.0,,0.0017321957275271416,,,,0.0,,,,,,,,,
2292000,573,0.0,,0.001249091001227498,,,,0.0,,,,,,,,,
2296000,574,0.0,,4.975966453552246,,,,0.0,,,,,,,,,
2300000,575,0.0,,0.0026268111541867256,,,,0.0,,,,,,,,,
2304000,576,0.0,,0.0019812670070677996,,,,0.0,,,,,,,,,
2308000,577,0.0,,0.0015833204379305243,,,,0.0,,,,,,,,,
2312000,578,0.0,,2.192734479904175,,,,0.0,,,,,,,,,
2316000,579,0.0,,0.0013526859693229198,,,,0.0,,,,,,,,,
2320000,580,0.0,,0.0012014575768262148,,,,0.0,,,,,,,,,
2324000,581,0.0,,0.0009918854339048266,,,,0.0,,,,,,,,,
2328000,582,0.0,,0.0009087758371606469,,,,0.0,,,,,,,,,
2332000,583,0.0,,0.0007622718694619834,,,,0.0,,,,,,,,,
2336000,584,0.0,,0.0007360661402344704,,,,0.0,,,,,,,,,
2340000,585,0.0,,0.0007218634709715843,,,,0.0,,,,,,,,,
2344000,586,0.0,,0.0006685907719656825,,,,0.0,,,,,,,,,
2348000,587,0.0,,0.0006413143128156662,,,,0.0,,,,,,,,,
2352000,588,0.0,,5.5237226486206055,,,,0.0,,,,,,,,,
2356000,589,0.0,,0.0023702061735093594,,,,0.0,,,,,,,,,
2360000,590,0.0,,0.0013677277602255344,,,,0.0,,,,,,,,,
2364000,591,0.0,,0.0011511144693940878,,,,0.0,,,,,,,,,
2368000,592,0.0,,0.0010097050108015537,,,,0.0,,,,,,,,,
2372000,593,0.0,,0.000830681121442467,,,,0.0,,,,,,,,,
2376000,594,0.0,,2.333629608154297,,,,0.0,,,,,,,,,
2380000,595,0.0,,0.0012098030420020223,,,,0.0,,,,,,,,,
2384000,596,0.0,,0.0008736209711059928,,,,0.0,,,,,,,,,
2388000,597,0.0,,0.0006707721040584147,,,,0.0,,,,,,,,,
2392000,598,0.0,,0.000659148208796978,,,,0.0,,,,,,,,,
2396000,599,0.0,,5.300708770751953,,,,0.0,,,,,,,,,
2400000,600,0.0,,0.0016795467818155885,,,,0.0,,,,,,,,,
2404000,601,0.0,,1.2964688539505005,,,,0.0,,,,,,,,,
2408000,602,0.0,,2.155949354171753,,,,0.0,,,,,,,,,
2412000,603,0.0,,4.81113862991333,,,,0.0,,,,,,,,,
2416000,604,0.0,,0.0038703796453773975,,,,0.0,,,,,,,,,
2420000,605,0.0,,0.0021900092251598835,,,,0.0,,,,,,,,,
2424000,606,0.0,,0.0017059047240763903,,,,0.0,,,,,,,,,
2428000,607,0.0,,0.0013746048789471388,,,,0.0,,,,,,,,,
2432000,608,0.0,,0.0010181836551055312,,,,0.0,,,,,,,,,
2436000,609,0.0,,0.0008254384156316519,,,,0.0,,,,,,,,,
2440000,610,0.0,,0.0007128074066713452,,,,0.0,,,,,,,,,
2444000,611,0.0,,0.0007015995215624571,,,,0.0,,,,,,,,,
2448000,612,0.0,,0.0006346716545522213,,,,0.0,,,,,,,,,
2452000,613,0.0,,0.0006288569420576096,,,,0.0,,,,,,,,,
2456000,614,0.0,,0.0005992462392896414,,,,0.0,,,,,,,,,
2460000,615,0.0,,2.3475804328918457,,,,0.0,,,,,,,,,
2464000,616,0.0,,0.0013621828984469175,,,,0.0,,,,,,,,,
2468000,617,0.0,,0.0008877721847966313,,,,0.0,,,,,,,,,
2472000,618,0.0,,0.0007311110384762287,,,,0.0,,,,,,,,,
2476000,619,0.0,,0.0006063285400159657,,,,0.0,,,,,,,,,
2480000,620,0.0,,0.0005413497565314174,,,,0.0,,,,,,,,,
2484000,621,0.0,,0.0005181575543247163,,,,0.0,,,,,,,,,
2488000,622,0.0,,3.0783045291900635,,,,0.0,,,,,,,,,
2492000,623,0.0,,0.0017153013031929731,,,,0.0,,,,,,,,,
2496000,624,0.0,,0.0010014261351898313,,,,0.0,,,,,,,,,
2500000,625,0.0,,2.558668613433838,,,,0.0,,,,,,,,,
2504000,626,0.0,,0.0015158832538872957,,,,0.0,,,,,,,,,
2508000,627,0.0,,0.0011025738203898072,,,,0.0,,,,,,,,,
2512000,628,0.0,,0.0007228705799207091,,,,0.0,,,,,,,,,
2516000,629,0.0,,0.0006106573855504394,,,,0.0,,,,,,,,,
2520000,630,0.0,,0.0005042023258283734,,,,0.0,,,,,,,,,
2524000,631,0.0,,0.00047383501078002155,,,,0.0,,,,,,,,,
2528000,632,0.0,,0.0004667587927542627,,,,0.0,,,,,,,,,
2532000,633,0.0,,0.000457088986877352,,,,0.0,,,,,,,,,
2536000,634,0.0,,0.00046028534416109324,,,,0.0,,,,,,,,,
2540000,635,0.0,,0.00048152412637136877,,,,0.0,,,,,,,,,
2544000,636,0.0,,0.00043063308112323284,,,,0.0,,,,,,,,,
2548000,637,0.0,,0.0004126674903091043,,,,0.0,,,,,,,,,
2552000,638,0.0,,0.0004116231866646558,,,,0.0,,,,,,,,,
2556000,639,0.0,,0.0004177892114967108,,,,0.0,,,,,,,,,
2560000,640,0.0,,1.1899890899658203,,,,0.0,,,,,,,,,
2564000,641,0.0,,0.0007741788285784423,,,,0.0,,,,,,,,,
2568000,642,0.0,,0.0005219887825660408,,,,0.0,,,,,,,,,
2572000,643,0.0,,4.5297112464904785,,,,0.0,,,,,,,,,
2576000,644,0.0,,0.001277355127967894,,,,0.0,,,,,,,,,
2580000,645,0.0,,0.0008720383048057556,,,,0.0,,,,,,,,,
2584000,646,0.0,,0.0007503329543396831,,,,0.0,,,,,,,,,
2588000,647,0.0,,0.0006056926213204861,,,,0.0,,,,,,,,,
2592000,648,0.0,,0.0005147963529452682,,,,0.0,,,,,,,,,
2596000,649,0.0,,5.167779445648193,,,,0.0,,,,,,,,,
2600000,650,0.0,,4.653854846954346,,,,0.0,,,,,,,,,
2604000,651,0.0,,0.0032462202943861485,,,,0.0,,,,,,,,,
2608000,652,0.0,,4.480682373046875,,,,0.0,,,,,,,,,
2612000,653,0.0,,2.134596586227417,,,,0.0,,,,,,,,,
2616000,654,0.0,,2.1776208877563477,,,,0.0,,,,,,,,,
2620000,655,0.0,,0.002371750306338072,,,,0.0,,,,,,,,,
2624000,656,0.0,,0.0016559876967221498,,,,0.0,,,,,,,,,
2628000,657,0.0,,0.00136111571919173,,,,0.0,,,,,,,,,
2632000,658,0.0,,0.0011351716239005327,,,,0.0,,,,,,,,,
2636000,659,0.0,,0.0008451545145362616,,,,0.0,,,,,,,,,
2640000,660,0.0,,0.0007352468091994524,,,,0.0,,,,,,,,,
2644000,661,0.0,,0.00063002307433635,,,,0.0,,,,,,,,,
2648000,662,0.0,,0.0005933064967393875,,,,0.0,,,,,,,,,
2652000,663,0.0,,3.451202869415283,,,,0.0,,,,,,,,,
2656000,664,0.0,,0.0012575349537655711,,,,0.0,,,,,,,,,
2660000,665,0.0,,0.0007738508866168559,,,,0.0,,,,,,,,,
2664000,666,0.0,,0.0006235985783860087,,,,0.0,,,,,,,,,
2668000,667,0.0,,0.0005361784715205431,,,,0.0,,,,,,,,,
2672000,668,0.0,,0.00047682379954494536,,,,0.0,,,,,,,,,
2676000,669,0.0,,0.00043376052053645253,,,,0.0,,,,,,,,,
2680000,670,0.0,,0.0004160750540904701,,,,0.0,,,,,,,,,
2684000,671,0.0,,0.0004073504824191332,,,,0.0,,,,,,,,,
2688000,672,0.0,,0.0004151577886659652,,,,0.0,,,,,,,,,
2692000,673,0.0,,0.00041201047133654356,,,,0.0,,,,,,,,,
2696000,674,0.0,,0.00041235415847040713,,,,0.0,,,,,,,,,
2700000,675,0.0,,0.00040336858364753425,,,,0.0,,,,,,,,,
2704000,676,0.0,,0.00039170507807284594,,,,0.0,,,,,,,,,
2708000,677,0.0,,0.0003749645547941327,,,,0.0,,,,,,,,,
2712000,678,0.0,,0.0003533340059220791,,,,0.0,,,,,,,,,
2716000,679,0.0,,0.0003550273540895432,,,,0.0,,,,,,,,,
2720000,680,0.0,,0.00035716407001018524,,,,0.0,,,,,,,,,
2724000,681,0.0,,0.0003360955452080816,,,,0.0,,,,,,,,,
2728000,682,0.0,,0.00033998125582002103,,,,0.0,,,,,,,,,
2732000,683,0.0,,0.00033962007728405297,,,,0.0,,,,,,,,,
2736000,684,0.0,,0.00033022460411302745,,,,0.0,,,,,,,,,
2740000,685,0.0,,0.000327996036503464,,,,0.0,,,,,,,,,
2744000,686,0.0,,0.00031683529959991574,,,,0.0,,,,,,,,,
2748000,687,0.0,,0.0003249861183576286,,,,0.0,,,,,,,,,
2752000,688,0.0,,0.0003129719407297671,,,,0.0,,,,,,,,,
2756000,689,0.0,,0.00031368405325338244,,,,0.0,,,,,,,,,
2760000,690,0.0,,0.0003111091209575534,,,,0.0,,,,,,,,,
2764000,691,0.0,,0.0003000155556946993,,,,0.0,,,,,,,,,
2768000,692,0.0,,0.00031352590303868055,,,,0.0,,,,,,,,,
2772000,693,0.0,,0.00028334761736914515,,,,0.0,,,,,,,,,
2776000,694,0.0,,0.00028888933593407273,,,,0.0,,,,,,,,,
2780000,695,0.0,,0.0002924043801613152,,,,0.0,,,,,,,,,
2784000,696,0.0,,0.00029440352227538824,,,,0.0,,,,,,,,,
2788000,697,0.0,,0.00028733519138768315,,,,0.0,,,,,,,,,
2792000,698,0.0,,0.00027294340543448925,,,,0.0,,,,,,,,,
2796000,699,0.0,,0.00028247409500181675,,,,0.0,,,,,,,,,
2800000,700,0.0,,0.000265240843873471,,,,0.0,,,,,,,,,
2804000,701,0.0,,0.00027950183721259236,,,,0.0,,,,,,,,,
2808000,702,0.0,,0.00027246709214523435,,,,0.0,,,,,,,,,
2812000,703,0.0,,0.00026574081857688725,,,,0.0,,,,,,,,,
2816000,704,0.0,,0.00025816773995757103,,,,0.0,,,,,,,,,
2820000,705,0.0,,0.0002506294404156506,,,,0.0,,,,,,,,,
2824000,706,0.0,,0.00026621719007380307,,,,0.0,,,,,,,,,
2828000,707,0.0,,0.00026529014576226473,,,,0.0,,,,,,,,,
2832000,708,0.0,,0.0002524650190025568,,,,0.0,,,,,,,,,
2836000,709,0.0,,0.00025917618768289685,,,,0.0,,,,,,,,,
2840000,710,0.0,,0.00026226864429190755,,,,0.0,,,,,,,,,
2844000,711,0.0,,0.00025044227368198335,,,,0.0,,,,,,,,,
2848000,712,0.0,,0.0002523508737795055,,,,0.0,,,,,,,,,
2852000,713,0.0,,0.00025947618996724486,,,,0.0,,,,,,,,,
2856000,714,0.0,,0.00024349660088773817,,,,0.0,,,,,,,,,
2860000,715,0.0,,0.000243177535594441,,,,0.0,,,,,,,,,
2864000,716,0.0,,0.00023987241729628295,,,,0.0,,,,,,,,,
2868000,717,0.0,,0.0002431398897897452,,,,0.0,,,,,,,,,
2872000,718,0.0,,0.00024492127704434097,,,,0.0,,,,,,,,,
2876000,719,0.0,,0.00023113831412047148,,,,0.0,,,,,,,,,
2880000,720,0.0,,0.00022656776127405465,,,,0.0,,,,,,,,,
2884000,721,0.0,,0.00022405041090678424,,,,0.0,,,,,,,,,
2888000,722,0.0,,0.00021606817608699203,,,,0.0,,,,,,,,,
2892000,723,0.0,,0.0002342438674531877,,,,0.0,,,,,,,,,
2896000,724,0.0,,0.00021599658066406846,,,,0.0,,,,,,,,,
2900000,725,0.0,,0.00022686349984724075,,,,0.0,,,,,,,,,
2904000,726,0.0,,0.00022339286806527525,,,,0.0,,,,,,,,,
2908000,727,0.0,,0.00021696442854590714,,,,0.0,,,,,,,,,
2912000,728,0.0,,0.00021102991013322026,,,,0.0,,,,,,,,,
2916000,729,0.0,,0.00021005512098781765,,,,0.0,,,,,,,,,
2920000,730,0.0,,0.00021556837600655854,,,,0.0,,,,,,,,,
2924000,731,0.0,,0.00021525679039768875,,,,0.0,,,,,,,,,
2928000,732,0.0,,0.00020862311066593975,,,,0.0,,,,,,,,,
2932000,733,0.0,,0.00020618573762476444,,,,0.0,,,,,,,,,
2936000,734,0.0,,0.0002091338683385402,,,,0.0,,,,,,,,,
2940000,735,0.0,,0.00021352195471990854,,,,0.0,,,,,,,,,
2944000,736,0.0,,0.0002044151333393529,,,,0.0,,,,,,,,,
2948000,737,0.0,,0.00020170811330899596,,,,0.0,,,,,,,,,
2952000,738,0.0,,0.00019753225205931813,,,,0.0,,,,,,,,,
2956000,739,0.0,,0.0001921447110362351,,,,0.0,,,,,,,,,
2960000,740,0.0,,0.0001966209674719721,,,,0.0,,,,,,,,,
2964000,741,0.0,,0.00019446786609478295,,,,0.0,,,,,,,,,
2968000,742,0.0,,0.0002013129706028849,,,,0.0,,,,,,,,,
2972000,743,0.0,,0.00019312941003590822,,,,0.0,,,,,,,,,
2976000,744,0.0,,0.00018337654182687402,,,,0.0,,,,,,,,,
2980000,745,0.0,,0.00018832873320207,,,,0.0,,,,,,,,,
2984000,746,0.0,,0.00018388184253126383,,,,0.0,,,,,,,,,
2988000,747,0.0,,0.0001883117511169985,,,,0.0,,,,,,,,,
2992000,748,0.0,,0.00018945068586617708,,,,0.0,,,,,,,,,
2996000,749,0.0,,0.0001829520333558321,,,,0.0,,,,,,,,,
3000000,750,0.0,,0.0001816443691495806,,,,0.0,,,,,,,,,
3004000,751,0.0,,0.00018573434499558061,,,,0.0,,,,,,,,,
3008000,752,0.0,,0.00018251407891511917,,,,0.0,,,,,,,,,
3012000,753,0.0,,0.0001881208154372871,,,,0.0,,,,,,,,,
3016000,754,0.0,,0.00017409647989552468,,,,0.0,,,,,,,,,
3020000,755,0.0,,0.0001771724346326664,,,,0.0,,,,,,,,,
3024000,756,0.0,,0.00017386864055879414,,,,0.0,,,,,,,,,
3028000,757,0.0,,0.00018317613285034895,,,,0.0,,,,,,,,,
3032000,758,0.0,,0.00018745737907011062,,,,0.0,,,,,,,,,
3036000,759,0.0,,0.00017338056932203472,,,,0.0,,,,,,,,,
3040000,760,0.0,,0.00017613358795642853,,,,0.0,,,,,,,,,
3044000,761,0.0,,0.0001728333008941263,,,,0.0,,,,,,,,,
3048000,762,0.0,,0.00018152594566345215,,,,0.0,,,,,,,,,
3052000,763,0.0,,0.00017129365005530417,,,,0.0,,,,,,,,,
3056000,764,0.0,,0.00018144052592106164,,,,0.0,,,,,,,,,
3060000,765,0.0,,0.00017010350711643696,,,,0.0,,,,,,,,,
3064000,766,0.0,,0.00016199491801671684,,,,0.0,,,,,,,,,
3068000,767,0.0,,0.00016491404676344246,,,,0.0,,,,,,,,,
3072000,768,0.0,,0.00016179079830180854,,,,0.0,,,,,,,,,
3076000,769,0.0,,0.00016250602493528277,,,,0.0,,,,,,,,,
3080000,770,0.0,,0.00016449560644105077,,,,0.0,,,,,,,,,
3084000,771,0.0,,0.00016695924568921328,,,,0.0,,,,,,,,,
3088000,772,0.0,,0.0001598502858541906,,,,0.0,,,,,,,,,
3092000,773,0.0,,0.00015663956583011895,,,,0.0,,,,,,,,,
3096000,774,0.0,,0.00015636830357834697,,,,0.0,,,,,,,,,
3100000,775,0.0,,0.00015542565961368382,,,,0.0,,,,,,,,,
3104000,776,0.0,,0.00016602655523456633,,,,0.0,,,,,,,,,
3108000,777,0.0,,0.0001584348501637578,,,,0.0,,,,,,,,,
3112000,778,0.0,,0.0001601314143044874,,,,0.0,,,,,,,,,
3116000,779,0.0,,0.00015848115435801446,,,,0.0,,,,,,,,,
3120000,780,0.0,,0.00015800297842361033,,,,0.0,,,,,,,,,
3124000,781,0.0,,0.000161068543093279,,,,0.0,,,,,,,,,
3128000,782,0.0,,0.00016207878070417792,,,,0.0,,,,,,,,,
3132000,783,0.0,,0.00015401389100588858,,,,0.0,,,,,,,,,
3136000,784,0.0,,0.0001536806084914133,,,,0.0,,,,,,,,,
3140000,785,0.0,,0.00014542392455041409,,,,0.0,,,,,,,,,
3144000,786,0.0,,0.00014690296666231006,,,,0.0,,,,,,,,,
3148000,787,0.0,,0.00014434976037591696,,,,0.0,,,,,,,,,
3152000,788,0.0,,0.00015585130313411355,,,,0.0,,,,,,,,,
3156000,789,0.0,,0.00014969402400311083,,,,0.0,,,,,,,,,
3160000,790,0.0,,0.0001474100281484425,,,,0.0,,,,,,,,,
3164000,791,0.0,,0.00014000572264194489,,,,0.0,,,,,,,,,
3168000,792,0.0,,0.00016195414355024695,,,,0.0,,,,,,,,,
3172000,793,0.0,,0.00014991688658483326,,,,0.0,,,,,,,,,
3176000,794,0.0,,0.00014119170373305678,,,,0.0,,,,,,,,,
3180000,795,0.0,,0.0001352539984509349,,,,0.0,,,,,,,,,
3184000,796,0.0,,0.00014762408682145178,,,,0.0,,,,,,,,,
3188000,797,0.0,,0.00014470124733634293,,,,0.0,,,,,,,,,
3192000,798,0.0,,0.000138775329105556,,,,0.0,,,,,,,,,
3196000,799,0.0,,0.00014194415416568518,,,,0.0,,,,,,,,,
3200000,800,0.0,,0.00013693819346372038,,,,0.0,,,,,,,,,
3204000,801,0.0,,0.0001478086196584627,,,,0.0,,,,,,,,,
3208000,802,0.0,,0.00014473521150648594,,,,0.0,,,,,,,,,
3212000,803,0.0,,0.00015710160369053483,,,,0.0,,,,,,,,,
3216000,804,0.0,,0.00013347555068321526,,,,0.0,,,,,,,,,
3220000,805,0.0,,0.00014057880616746843,,,,0.0,,,,,,,,,
3224000,806,0.0,,0.0001392304548062384,,,,0.0,,,,,,,,,
3228000,807,0.0,,0.00013649101310875267,,,,0.0,,,,,,,,,
3232000,808,0.0,,0.00014013113104738295,,,,0.0,,,,,,,,,
3236000,809,0.0,,0.0001356408029096201,,,,0.0,,,,,,,,,
3240000,810,0.0,,0.0001336455752607435,,,,0.0,,,,,,,,,
3244000,811,0.0,,0.00013947137631475925,,,,0.0,,,,,,,,,
3248000,812,0.0,,0.00013948604464530945,,,,0.0,,,,,,,,,
3252000,813,0.0,,0.0001395205472363159,,,,0.0,,,,,,,,,
3256000,814,0.0,,0.00014562279102392495,,,,0.0,,,,,,,,,
3260000,815,0.0,,0.00013640093675348908,,,,0.0,,,,,,,,,
3264000,816,0.0,,0.00013636614312417805,,,,0.0,,,,,,,,,
3268000,817,0.0,,0.00013585860142484307,,,,0.0,,,,,,,,,
3272000,818,0.0,,0.0001380544708808884,,,,0.0,,,,,,,,,
3276000,819,0.0,,0.0001398524036630988,,,,0.0,,,,,,,,,
3280000,820,0.0,,0.0001404650101903826,,,,0.0,,,,,,,,,
3284000,821,0.0,,0.00013895260053686798,,,,0.0,,,,,,,,,
3288000,822,0.0,,0.00012411089846864343,,,,0.0,,,,,,,,,
3292000,823,0.0,,0.00012796120427083224,,,,0.0,,,,,,,,,
3296000,824,0.0,,0.0001289905048906803,,,,0.0,,,,,,,,,
3300000,825,0.0,,0.00013287072943057865,,,,0.0,,,,,,,,,
3304000,826,0.0,,0.00014184304745867848,,,,0.0,,,,,,,,,
3308000,827,0.0,,0.00012528072693385184,,,,0.0,,,,,,,,,
3312000,828,0.0,,0.00012019762652926147,,,,0.0,,,,,,,,,
3316000,829,0.0,,0.00012476251868065447,,,,0.0,,,,,,,,,
3320000,830,0.0,,0.00012268558202777058,,,,0.0,,,,,,,,,
3324000,831,0.0,,0.00012934111873619258,,,,0.0,,,,,,,,,
3328000,832,0.0,,0.0001296742120757699,,,,0.0,,,,,,,,,
3332000,833,0.0,,0.0001231242495123297,,,,0.0,,,,,,,,,
3336000,834,0.0,,0.00013378534640651196,,,,0.0,,,,,,,,,
3340000,835,0.0,,0.00014150317292660475,,,,0.0,,,,,,,,,
3344000,836,0.0,,0.00012903742026537657,,,,0.0,,,,,,,,,
3348000,837,0.0,,0.000123469129903242,,,,0.0,,,,,,,,,
3352000,838,0.0,,0.00012610663543455303,,,,0.0,,,,,,,,,
3356000,839,0.0,,0.00011780225759139284,,,,0.0,,,,,,,,,
3360000,840,0.0,,0.00012030283687636256,,,,0.0,,,,,,,,,
3364000,841,0.0,,0.000125521604786627,,,,0.0,,,,,,,,,
3368000,842,0.0,,0.00012255058391019702,,,,0.0,,,,,,,,,
3372000,843,0.0,,0.00012204292579554021,,,,0.0,,,,,,,,,
3376000,844,0.0,,0.0001268024934688583,,,,0.0,,,,,,,,,
3380000,845,0.0,,0.00011864649422932416,,,,0.0,,,,,,,,,
3384000,846,0.0,,0.00011421411181800067,,,,0.0,,,,,,,,,
3388000,847,0.0,,0.00011182216258021072,,,,0.0,,,,,,,,,
3392000,848,0.0,,0.00011570910282898694,,,,0.0,,,,,,,,,
3396000,849,0.0,,0.00012975637218914926,,,,0.0,,,,,,,,,
3400000,850,0.0,,0.0001228276378242299,,,,0.0,,,,,,,,,
3404000,851,0.0,,0.0001288280909648165,,,,0.0,,,,,,,,,
3408000,852,0.0,,0.0001302805612795055,,,,0.0,,,,,,,,,
3412000,853,0.0,,0.0001314561814069748,,,,0.0,,,,,,,,,
3416000,854,0.0,,0.00015590377734042704,,,,0.0,,,,,,,,,
3420000,855,0.0,,0.00013842154294252396,,,,0.0,,,,,,,,,
3424000,856,0.0,,0.0001270530337933451,,,,0.0,,,,,,,,,
3428000,857,0.0,,0.0001350876991637051,,,,0.0,,,,,,,,,
3432000,858,0.0,,0.00011151217040605843,,,,0.0,,,,,,,,,
3436000,859,0.0,,0.00013331790978554636,,,,0.0,,,,,,,,,
3440000,860,0.0,,0.0001155623176600784,,,,0.0,,,,,,,,,
3444000,861,0.0,,0.00011320457269903272,,,,0.0,,,,,,,,,
3448000,862,0.0,,0.00011312363494653255,,,,0.0,,,,,,,,,
3452000,863,0.0,,0.00011651731620077044,,,,0.0,,,,,,,,,
3456000,864,0.0,,0.00011216234997846186,,,,0.0,,,,,,,,,
3460000,865,0.0,,0.00012037604756187648,,,,0.0,,,,,,,,,
3464000,866,0.0,,0.00011694259592331946,,,,0.0,,,,,,,,,
3468000,867,0.0,,0.0001196880402858369,,,,0.0,,,,,,,,,
3472000,868,0.0,,0.00011586252367123961,,,,0.0,,,,,,,,,
3476000,869,0.0,,0.00011369869753252715,,,,0.0,,,,,,,,,
3480000,870,0.0,,0.00012344108836259693,,,,0.0,,,,,,,,,
3484000,871,0.0,,0.00011285822984063998,,,,0.0,,,,,,,,,
3488000,872,0.0,,0.00011425222328398377,,,,0.0,,,,,,,,,
3492000,873,0.0,,0.00011078269744757563,,,,0.0,,,,,,,,,
3496000,874,0.0,,0.00010347527131671086,,,,0.0,,,,,,,,,
3500000,875,0.0,,0.00010957055201288313,,,,0.0,,,,,,,,,
3504000,876,0.0,,0.00011667337093967944,,,,0.0,,,,,,,,,
3508000,877,0.0,,0.00010917283361777663,,,,0.0,,,,,,,,,
3512000,878,0.0,,0.00010505989484954625,,,,0.0,,,,,,,,,
3516000,879,0.0,,0.00011372337030479684,,,,0.0,,,,,,,,,
3520000,880,0.0,,0.00010148456203751266,,,,0.0,,,,,,,,,
3524000,881,0.0,,0.00010048421972896904,,,,0.0,,,,,,,,,
3528000,882,0.0,,0.00010162829130422324,,,,0.0,,,,,,,,,
3532000,883,0.0,,0.00010808590741362423,,,,0.0,,,,,,,,,
3536000,884,0.0,,0.00011542810534592718,,,,0.0,,,,,,,,,
3540000,885,0.0,,0.00013736632536165416,,,,0.0,,,,,,,,,
3544000,886,0.0,,0.0001447176473448053,,,,0.0,,,,,,,,,
3548000,887,0.0,,0.0001248867338290438,,,,0.0,,,,,,,,,
3552000,888,0.0,,0.00010357067367294803,,,,0.0,,,,,,,,,
3556000,889,0.0,,0.00010756160918390378,,,,0.0,,,,,,,,,
3560000,890,0.0,,0.00010752333037089556,,,,0.0,,,,,,,,,
3564000,891,0.0,,0.00011010727030225098,,,,0.0,,,,,,,,,
3568000,892,0.125,,0.00011312168498989195,,,,0.125,,,,,,,,,
3572000,893,0.0,,0.00011284556239843369,,,,0.0,,,,,,,,,
3576000,894,0.0,,0.0001114316692110151,,,,0.0,,,,,,,,,
3580000,895,0.0,,0.00011176052066730335,,,,0.0,,,,,,,,,
3584000,896,0.0,,0.00011185147741343826,,,,0.0,,,,,,,,,
3588000,897,0.0,,0.00010317932174075395,,,,0.0,,,,,,,,,
3592000,898,0.0,,0.00010159824159927666,,,,0.0,,,,,,,,,
3596000,899,0.0,,0.00010794788249768317,,,,0.0,,,,,,,,,
3600000,900,0.0,,0.00010455073061166331,,,,0.0,,,,,,,,,
3604000,901,0.0,,0.00010203494457527995,,,,0.0,,,,,,,,,
3608000,902,0.0,,0.00010623999696690589,,,,0.0,,,,,,,,,
3612000,903,0.0,,0.00010175148781854659,,,,0.0,,,,,,,,,
3616000,904,0.0,,0.0001151753167505376,,,,0.0,,,,,,,,,
3620000,905,0.0,,9.605055674910545e-05,,,,0.0,,,,,,,,,
3624000,906,0.0,,9.95764130493626e-05,,,,0.0,,,,,,,,,
3628000,907,0.0,,0.00010199961252510548,,,,0.0,,,,,,,,,
3632000,908,0.0,,8.799197530606762e-05,,,,0.0,,,,,,,,,
3636000,909,0.0,,9.733436309034005e-05,,,,0.0,,,,,,,,,
3640000,910,0.0,,1.633933424949646,,,,0.0,,,,,,,,,
3644000,911,0.0,,0.0013267691247165203,,,,0.0,,,,,,,,,
3648000,912,0.0,,4.4468231201171875,,,,0.0,,,,,,,,,
3652000,913,0.0,,0.004791727289557457,,,,0.0,,,,,,,,,
3656000,914,0.0,,0.003064714139327407,,,,0.0,,,,,,,,,
3660000,915,0.0,,0.002552756341174245,,,,0.0,,,,,,,,,
3664000,916,0.0,,4.549479007720947,,,,0.0,,,,,,,,,
3668000,917,0.0,,0.004330657422542572,,,,0.0,,,,,,,,,
3672000,918,0.0,,0.0028793923556804657,,,,0.0,,,,,,,,,
3676000,919,0.0,,0.002065853215754032,,,,0.0,,,,,,,,,
3680000,920,0.0,,6.439113140106201,,,,0.0,,,,,,,,,
3684000,921,0.0,,0.004882401786744595,,,,0.0,,,,,,,,,
3688000,922,0.0,,0.0028866215143352747,,,,0.0,,,,,,,,,
3692000,923,0.0,,1.40216863155365,,,,0.0,,,,,,,,,
3696000,924,0.0,,3.3728463649749756,,,,0.0,,,,,,,,,
3700000,925,0.0,,11.673677444458008,,,,0.0,,,,,,,,,
3704000,926,0.0,,0.009180538356304169,,,,0.0,,,,,,,,,
3708000,927,0.0,,0.00818975642323494,,,,0.0,,,,,,,,,
3712000,928,0.0,,0.0076670353300869465,,,,0.0,,,,,,,,,
3716000,929,0.0,,0.004841554444283247,,,,0.0,,,,,,,,,
3720000,930,0.0,,0.0033210236579179764,,,,0.0,,,,,,,,,
3724000,931,0.125,,0.0021736598573625088,,,,0.125,,,,,,,,,
3728000,932,0.0,,0.0016015300061553717,,,,0.0,,,,,,,,,
3732000,933,0.0,,0.0013553592143580317,,,,0.0,,,,,,,,,
3736000,934,0.0,,0.0011277332669124007,,,,0.0,,,,,,,,,
3740000,935,0.0,,0.0009905537590384483,,,,0.0,,,,,,,,,
3744000,936,0.0,,3.3707234859466553,,,,0.0,,,,,,,,,
3748000,937,0.0,,0.0017297383164986968,,,,0.0,,,,,,,,,
3752000,938,0.0,,3.0835235118865967,,,,0.0,,,,,,,,,
3756000,939,0.0,,1.5217868089675903,,,,0.0,,,,,,,,,
3760000,940,0.0,,5.361616134643555,,,,0.0,,,,,,,,,
3764000,941,0.0,,1.587500810623169,,,,0.0,,,,,,,,,
3768000,942,0.0,,0.003944961819797754,,,,0.0,,,,,,,,,
3772000,943,0.0,,0.003014475805684924,,,,0.0,,,,,,,,,
3776000,944,0.0,,1.6868579387664795,,,,0.0,,,,,,,,,
3780000,945,0.0,,0.0031159957870841026,,,,0.0,,,,,,,,,
3784000,946,0.0,,0.002110506873577833,,,,0.0,,,,,,,,,
3788000,947,0.0,,0.0016734052915126085,,,,0.0,,,,,,,,,
3792000,948,0.0,,4.131858825683594,,,,0.0,,,,,,,,,
3796000,949,0.0,,0.0027839643880724907,,,,0.0,,,,,,,,,
3800000,950,0.0,,4.457586765289307,,,,0.0,,,,,,,,,
3804000,951,0.0,,4.837963104248047,,,,0.0,,,,,,,,,
3808000,952,0.0,,3.217052698135376,,,,0.0,,,,,,,,,
3812000,953,0.0,,0.0033301147632300854,,,,0.0,,,,,,,,,
3816000,954,0.0,,0.002389873843640089,,,,0.0,,,,,,,,,
3820000,955,0.0,,3.0193638801574707,,,,0.0,,,,,,,,,
3824000,956,0.0,,0.0021757050417363644,,,,0.0,,,,,,,,,
3828000,957,0.0,,0.0016838372685015202,,,,0.0,,,,,,,,,
3832000,958,0.0,,0.001393855782225728,,,,0.0,,,,,,,,,
3836000,959,0.0,,3.056380271911621,,,,0.0,,,,,,,,,
3840000,960,0.0,,4.741457939147949,,,,0.0,,,,,,,,,
3844000,961,0.0,,0.002072087721899152,,,,0.0,,,,,,,,,
3848000,962,0.0,,5.568572044372559,,,,0.0,,,,,,,,,
3852000,963,0.0,,8.866281509399414,,,,0.0,,,,,,,,,
3856000,964,0.0,,0.007675902917981148,,,,0.0,,,,,,,,,
3860000,965,0.0,,1.6720976829528809,,,,0.0,,,,,,,,,
3864000,966,0.0,,0.0037572812288999557,,,,0.0,,,,,,,,,
3868000,967,0.0,,0.002901135478168726,,,,0.0,,,,,,,,,
3872000,968,0.0,,0.0022178329527378082,,,,0.0,,,,,,,,,
3876000,969,0.0,,0.0016955423634499311,,,,0.0,,,,,,,,,
3880000,970,0.0,,3.1698708534240723,,,,0.0,,,,,,,,,
3884000,971,0.0,,0.0022371429949998856,,,,0.0,,,,,,,,,
3888000,972,0.0,,0.0014524960424751043,,,,0.0,,,,,,,,,
3892000,973,0.0,,0.0011323190992698073,,,,0.0,,,,,,,,,
3896000,974,0.0,,0.0010328679345548153,,,,0.0,,,,,,,,,
3900000,975,0.0,,10.074987411499023,,,,0.0,,,,,,,,,
3904000,976,0.0,,3.1393425464630127,,,,0.0,,,,,,,,,
3908000,977,0.0,,0.0026790995616465807,,,,0.0,,,,,,,,,
3912000,978,0.0,,0.0018734729383140802,,,,0.0,,,,,,,,,
3916000,979,0.0,,0.0015016518300399184,,,,0.0,,,,,,,,,
3920000,980,0.0,,3.6460680961608887,,,,0.0,,,,,,,,,
3924000,981,0.0,,4.262718200683594,,,,0.0,,,,,,,,,
3928000,982,0.0,,4.741860866546631,,,,0.0,,,,,,,,,
3932000,983,0.0,,1.7332029342651367,,,,0.0,,,,,,,,,
3936000,984,0.0,,5.179233074188232,,,,0.0,,,,,,,,,
3940000,985,0.0,,5.556145668029785,,,,0.0,,,,,,,,,
3944000,986,0.0,,5.622176647186279,,,,0.0,,,,,,,,,
3948000,987,0.0,,0.004257143475115299,,,,0.0,,,,,,,,,
3952000,988,0.0,,0.0031946501694619656,,,,0.0,,,,,,,,,
3956000,989,0.0,,0.002536709886044264,,,,0.0,,,,,,,,,
3960000,990,0.0,,2.79970121383667,,,,0.0,,,,,,,,,
3964000,991,0.0,,0.0019496609456837177,,,,0.0,,,,,,,,,
3968000,992,0.0,,0.0014882086543366313,,,,0.0,,,,,,,,,
3972000,993,0.0,,0.00125798094086349,,,,0.0,,,,,,,,,
3976000,994,0.0,,0.0010996639030054212,,,,0.0,,,,,,,,,
3980000,995,0.0,,4.876981735229492,,,,0.0,,,,,,,,,
3984000,996,0.0,,3.0023105144500732,,,,0.0,,,,,,,,,
3988000,997,0.0,,3.032992362976074,,,,0.0,,,,,,,,,
3992000,998,0.0,,0.0020118351094424725,,,,0.0,,,,,,,,,
3996000,999,0.0,,10.657135963439941,,,,0.0,,,,,,,,,
4000000,1000,0.0,,4.100788593292236,,,,0.0,,,,,,,,,
4004000,1001,0.0,,0.0029150396585464478,,,,0.0,,,,,,,,,
4008000,1002,0.0,,0.0021968234796077013,,,,0.0,,,,,,,,,
4012000,1003,0.0,,0.0017171234358102083,,,,0.0,,,,,,,,,
4016000,1004,0.0,,0.0014827138511464,,,,0.0,,,,,,,,,
4020000,1005,0.0,,0.0012938075233250856,,,,0.0,,,,,,,,,
4024000,1006,0.0,,0.0010815170826390386,,,,0.0,,,,,,,,,
4028000,1007,0.0,,0.0009934506379067898,,,,0.0,,,,,,,,,
4032000,1008,0.0,,0.0008901614928618073,,,,0.0,,,,,,,,,
4036000,1009,0.0,,0.0009038416901603341,,,,0.0,,,,,,,,,
4040000,1010,0.0,,0.0008305823430418968,,,,0.0,,,,,,,,,
4044000,1011,0.0,,0.0008319212356582284,,,,0.0,,,,,,,,,
4048000,1012,0.0,,0.000829181750304997,,,,0.0,,,,,,,,,
4052000,1013,0.0,,0.0008038812084123492,,,,0.0,,,,,,,,,
4056000,1014,0.0,,1.5007109642028809,,,,0.0,,,,,,,,,
4060000,1015,0.0,,4.781269073486328,,,,0.0,,,,,,,,,
4064000,1016,0.0,,0.0014705249341204762,,,,0.0,,,,,,,,,
4068000,1017,0.0,,0.001230298657901585,,,,0.0,,,,,,,,,
4072000,1018,0.0,,7.015591621398926,,,,0.0,,,,,,,,,
4076000,1019,0.0,,0.0024997186847031116,,,,0.0,,,,,,,,,
4080000,1020,0.0,,1.656425952911377,,,,0.0,,,,,,,,,
4084000,1021,0.0,,0.0018254818860441446,,,,0.0,,,,,,,,,
4088000,1022,0.0,,0.0013603753177449107,,,,0.0,,,,,,,,,
4092000,1023,0.0,,0.0011273430427536368,,,,0.0,,,,,,,,,
4096000,1024,0.0,,0.0009080348536372185,,,,0.0,,,,,,,,,
4100000,1025,0.0,,3.142251491546631,,,,0.0,,,,,,,,,
4104000,1026,0.0,,0.0017949650064110756,,,,0.0,,,,,,,,,
4108000,1027,0.0,,0.0012327744625508785,,,,0.0,,,,,,,,,
4112000,1028,0.0,,0.00090638711117208,,,,0.0,,,,,,,,,
4116000,1029,0.0,,2.602290630340576,,,,0.0,,,,,,,,,
4120000,1030,0.0,,4.34818172454834,,,,0.0,,,,,,,,,
4124000,1031,0.0,,0.0014890928287059069,,,,0.0,,,,,,,,,
4128000,1032,0.0,,7.499838829040527,,,,0.0,,,,,,,,,
4132000,1033,0.0,,0.0025602292735129595,,,,0.0,,,,,,,,,
4136000,1034,0.0,,4.331087112426758,,,,0.0,,,,,,,,,
4140000,1035,0.0,,0.002674699295312166,,,,0.0,,,,,,,,,
4144000,1036,0.0,,5.60410737991333,,,,0.0,,,,,,,,,
4148000,1037,0.0,,4.647085189819336,,,,0.0,,,,,,,,,
4152000,1038,0.0,,3.051192045211792,,,,0.0,,,,,,,,,
4156000,1039,0.0,,0.00336372759193182,,,,0.0,,,,,,,,,
4160000,1040,0.0,,1.774123191833496,,,,0.0,,,,,,,,,
4164000,1041,0.0,,0.0021494566462934017,,,,0.0,,,,,,,,,
4168000,1042,0.0,,0.0015692968154326081,,,,0.0,,,,,,,,,
4172000,1043,0.0,,0.001284270198084414,,,,0.0,,,,,,,,,
4176000,1044,0.0,,0.001164521207101643,,,,0.0,,,,,,,,,
4180000,1045,0.0,,0.0009715144406072795,,,,0.0,,,,,,,,,
4184000,1046,0.0,,0.0009341946570202708,,,,0.0,,,,,,,,,
4188000,1047,0.0,,0.0008683399064466357,,,,0.0,,,,,,,,,
4192000,1048,0.0,,0.0008261804468929768,,,,0.0,,,,,,,,,
4196000,1049,0.0,,0.0007948200218379498,,,,0.0,,,,,,,,,
4200000,1050,0.0,,3.2295074462890625,,,,0.0,,,,,,,,,
4204000,1051,0.0,,0.001972685568034649,,,,0.0,,,,,,,,,
4208000,1052,0.0,,0.0011392836458981037,,,,0.0,,,,,,,,,
4212000,1053,0.0,,0.0008761886856518686,,,,0.0,,,,,,,,,
4216000,1054,0.0,,0.000808608834631741,,,,0.0,,,,,,,,,
4220000,1055,0.0,,0.0006984022911638021,,,,0.0,,,,,,,,,
4224000,1056,0.0,,0.000715182104613632,,,,0.0,,,,,,,,,
4228000,1057,0.0,,0.0006215927423909307,,,,0.0,,,,,,,,,
4232000,1058,0.0,,0.0006676358170807362,,,,0.0,,,,,,,,,
4236000,1059,0.0,,0.000646978965960443,,,,0.0,,,,,,,,,
4240000,1060,0.0,,0.0006451494409702718,,,,0.0,,,,,,,,,
4244000,1061,0.0,,0.0006010333891026676,,,,0.0,,,,,,,,,
4248000,1062,0.0,,0.0005720754852518439,,,,0.0,,,,,,,,,
4252000,1063,0.0,,0.0005681185284629464,,,,0.0,,,,,,,,,
4256000,1064,0.0,,0.0005493106436915696,,,,0.0,,,,,,,,,
4260000,1065,0.0,,0.0005899419775232673,,,,0.0,,,,,,,,,
4264000,1066,0.0,,0.0005557311815209687,,,,0.0,,,,,,,,,
4268000,1067,0.0,,0.0005554646486416459,,,,0.0,,,,,,,,,
4272000,1068,0.0,,0.0005567118059843779,,,,0.0,,,,,,,,,
4276000,1069,0.0,,0.000532529316842556,,,,0.0,,,,,,,,,
4280000,1070,0.0,,0.0005270942929200828,,,,0.0,,,,,,,,,
4284000,1071,0.0,,0.0005142799345776439,,,,0.0,,,,,,,,,
4288000,1072,0.0,,0.0005218705045990646,,,,0.0,,,,,,,,,
4292000,1073,0.0,,0.0004792360996361822,,,,0.0,,,,,,,,,
4296000,1074,0.0,,0.000467863428639248,,,,0.0,,,,,,,,,
4300000,1075,0.0,,0.0004640629340428859,,,,0.0,,,,,,,,,
4304000,1076,0.0,,0.00048274113214574754,,,,0.0,,,,,,,,,
4308000,1077,0.0,,0.00048034824430942535,,,,0.0,,,,,,,,,
4312000,1078,0.0,,0.0004565419803839177,,,,0.0,,,,,,,,,
4316000,1079,0.0,,0.0004566254501696676,,,,0.0,,,,,,,,,
4320000,1080,0.0,,0.0004449347616173327,,,,0.0,,,,,,,,,
4324000,1081,0.0,,0.00045395325287245214,,,,0.0,,,,,,,,,
4328000,1082,0.0,,0.00043313606875017285,,,,0.0,,,,,,,,,
4332000,1083,0.0,,0.00044037477346137166,,,,0.0,,,,,,,,,
4336000,1084,0.0,,0.00043209054274484515,,,,0.0,,,,,,,,,
4340000,1085,0.0,,0.0004320445004850626,,,,0.0,,,,,,,,,
4344000,1086,0.0,,0.0004032299038954079,,,,0.0,,,,,,,,,
4348000,1087,0.0,,0.0004358016885817051,,,,0.0,,,,,,,,,
4352000,1088,0.0,,0.0004132186877541244,,,,0.0,,,,,,,,,
4356000,1089,0.0,,0.0004256601387169212,,,,0.0,,,,,,,,,
4360000,1090,0.0,,0.00040789268678054214,,,,0.0,,,,,,,,,
4364000,1091,0.0,,0.00039086060132831335,,,,0.0,,,,,,,,,
4368000,1092,0.0,,0.000405692495405674,,,,0.0,,,,,,,,,
4372000,1093,0.0,,0.0003944128402508795,,,,0.0,,,,,,,,,
4376000,1094,0.0,,0.0003812262148130685,,,,0.0,,,,,,,,,
4380000,1095,0.0,,0.00040082354098558426,,,,0.0,,,,,,,,,
4384000,1096,0.0,,0.0003916764981113374,,,,0.0,,,,,,,,,
4388000,1097,0.0,,0.00038291868986561894,,,,0.0,,,,,,,,,
4392000,1098,0.0,,0.000359360477887094,,,,0.0,,,,,,,,,
4396000,1099,0.0,,0.00036158759030513465,,,,0.0,,,,,,,,,
4400000,1100,0.0,,0.000381562887923792,,,,0.0,,,,,,,,,
4404000,1101,0.0,,0.00038314127596095204,,,,0.0,,,,,,,,,
4408000,1102,0.0,,0.00036150083178654313,,,,0.0,,,,,,,,,
4412000,1103,0.0,,0.00034704006975516677,,,,0.0,,,,,,,,,
4416000,1104,0.0,,0.00035391669371165335,,,,0.0,,,,,,,,,
4420000,1105,0.0,,0.00034655554918572307,,,,0.0,,,,,,,,,
4424000,1106,0.0,,0.0003334977081976831,,,,0.0,,,,,,,,,
4428000,1107,0.0,,0.0003354348009452224,,,,0.0,,,,,,,,,
4432000,1108,0.0,,0.00032283298787660897,,,,0.0,,,,,,,,,
4436000,1109,0.0,,0.00032228126656264067,,,,0.0,,,,,,,,,
4440000,1110,0.0,,0.00032732938416302204,,,,0.0,,,,,,,,,
4444000,1111,0.0,,0.0003188743139617145,,,,0.0,,,,,,,,,
4448000,1112,0.0,,0.0003236939664930105,,,,0.0,,,,,,,,,
4452000,1113,0.0,,0.0003552476118784398,,,,0.0,,,,,,,,,
4456000,1114,0.0,,0.00030014404910616577,,,,0.0,,,,,,,,,
4460000,1115,0.0,,0.00029995976365171373,,,,0.0,,,,,,,,,
4464000,1116,0.0,,0.00030257157050073147,,,,0.0,,,,,,,,,
4468000,1117,0.0,,0.0003070544626098126,,,,0.0,,,,,,,,,
4472000,1118,0.0,,0.00031975586898624897,,,,0.0,,,,,,,,,
4476000,1119,0.0,,0.00030029588378965855,,,,0.0,,,,,,,,,
4480000,1120,0.0,,0.0002737147733569145,,,,0.0,,,,,,,,,
4484000,1121,0.0,,0.0002971012145280838,,,,0.0,,,,,,,,,
4488000,1122,0.0,,0.00027404731372371316,,,,0.0,,,,,,,,,
4492000,1123,0.0,,0.00028370926156640053,,,,0.0,,,,,,,,,
4496000,1124,0.0,,0.0002977213589474559,,,,0.0,,,,,,,,,
4500000,1125,0.0,,0.0002880251850001514,,,,0.0,,,,,,,,,
4504000,1126,0.0,,0.0002710093685891479,,,,0.0,,,,,,,,,
4508000,1127,0.0,,0.0002735766756813973,,,,0.0,,,,,,,,,
4512000,1128,0.0,,0.00024278373166453093,,,,0.0,,,,,,,,,
4516000,1129,0.0,,0.00026482559042051435,,,,0.0,,,,,,,,,
4520000,1130,0.0,,0.0002655243151821196,,,,0.0,,,,,,,,,
4524000,1131,0.0,,0.0002593457465991378,,,,0.0,,,,,,,,,
4528000,1132,0.0,,0.000261407985817641,,,,0.0,,,,,,,,,
4532000,1133,0.0,,0.00026293605333194137,,,,0.0,,,,,,,,,
4536000,1134,0.0,,0.00026746888761408627,,,,0.0,,,,,,,,,
4540000,1135,0.0,,0.0002746438840404153,,,,0.0,,,,,,,,,
4544000,1136,0.0,,0.0002550190547481179,,,,0.0,,,,,,,,,
4548000,1137,0.0,,0.00026694778352975845,,,,0.0,,,,,,,,,
4552000,1138,0.0,,0.0002616997226141393,,,,0.0,,,,,,,,,
4556000,1139,0.0,,0.00025890651158988476,,,,0.0,,,,,,,,,
4560000,1140,0.0,,0.00024141691392287612,,,,0.0,,,,,,,,,
4564000,1141,0.0,,0.0002440332027617842,,,,0.0,,,,,,,,,
4568000,1142,0.0,,0.0002484834985807538,,,,0.0,,,,,,,,,
4572000,1143,0.0,,0.0002375381882302463,,,,0.0,,,,,,,,,
4576000,1144,0.0,,0.00023614487145096064,,,,0.0,,,,,,,,,
4580000,1145,0.0,,0.00023769415565766394,,,,0.0,,,,,,,,,
4584000,1146,0.0,,0.00022884826466906816,,,,0.0,,,,,,,,,
4588000,1147,0.0,,0.00025979819474741817,,,,0.0,,,,,,,,,
4592000,1148,0.0,,0.00023351864365395159,,,,0.0,,,,,,,,,
4596000,1149,0.0,,0.00021177082089707255,,,,0.0,,,,,,,,,
4600000,1150,0.0,,0.00023632828379049897,,,,0.0,,,,,,,,,
4604000,1151,0.0,,0.00023815425811335444,,,,0.0,,,,,,,,,
4608000,1152,0.0,,0.00021717205527238548,,,,0.0,,,,,,,,,
4612000,1153,0.0,,0.00022230015019886196,,,,0.0,,,,,,,,,
4616000,1154,0.0,,0.00021875911625102162,,,,0.0,,,,,,,,,
4620000,1155,0.0,,0.00020861040684394538,,,,0.0,,,,,,,,,
4624000,1156,0.0,,0.00021139782620593905,,,,0.0,,,,,,,,,
4628000,1157,0.0,,0.00021937949350103736,,,,0.0,,,,,,,,,
4632000,1158,0.0,,0.00021294242469593883,,,,0.0,,,,,,,,,
4636000,1159,0.0,,0.00021059921709820628,,,,0.0,,,,,,,,,
4640000,1160,0.0,,0.00020820280769839883,,,,0.0,,,,,,,,,
4644000,1161,0.0,,0.00020600527932401747,,,,0.0,,,,,,,,,
4648000,1162,0.0,,0.000201724236831069,,,,0.0,,,,,,,,,
4652000,1163,0.0,,0.00019952282309532166,,,,0.0,,,,,,,,,
4656000,1164,0.0,,0.00019618698570411652,,,,0.0,,,,,,,,,
4660000,1165,0.0,,0.00020404980750754476,,,,0.0,,,,,,,,,
4664000,1166,0.0,,0.0001931476144818589,,,,0.0,,,,,,,,,
4668000,1167,0.0,,0.00021028514311183244,,,,0.0,,,,,,,,,
4672000,1168,0.0,,0.00020019026123918593,,,,0.0,,,,,,,,,
4676000,1169,0.0,,0.00018981602624990046,,,,0.0,,,,,,,,,
4680000,1170,0.125,,0.00019000341126229614,,,,0.125,,,,,,,,,
4684000,1171,0.0,,0.00019081271602772176,,,,0.0,,,,,,,,,
4688000,1172,0.0,,0.00019863431225530803,,,,0.0,,,,,,,,,
4692000,1173,0.0,,0.00019009703828487545,,,,0.0,,,,,,,,,
4696000,1174,0.0,,0.00019174594490323216,,,,0.0,,,,,,,,,
4700000,1175,0.0,,5.973155975341797,,,,0.0,,,,,,,,,
4704000,1176,0.0,,0.0033655758015811443,,,,0.0,,,,,,,,,
4708000,1177,0.0,,9.453558921813965,,,,0.0,,,,,,,,,
4712000,1178,0.0,,0.0029047131538391113,,,,0.0,,,,,,,,,
4716000,1179,0.0,,0.0021712598390877247,,,,0.0,,,,,,,,,
4720000,1180,0.0,,0.0017077254597097635,,,,0.0,,,,,,,,,
4724000,1181,0.0,,0.001273671630769968,,,,0.0,,,,,,,,,
4728000,1182,0.0,,0.0010829162783920765,,,,0.0,,,,,,,,,
4732000,1183,0.0,,0.0009113341802731156,,,,0.0,,,,,,,,,
4736000,1184,0.0,,0.0007290273206308484,,,,0.0,,,,,,,,,
4740000,1185,0.0,,0.0006878971471451223,,,,0.0,,,,,,,,,
4744000,1186,0.0,,0.000601643871050328,,,,0.0,,,,,,,,,
4748000,1187,0.0,,0.0005281534977257252,,,,0.0,,,,,,,,,
4752000,1188,0.0,,1.6072264909744263,,,,0.0,,,,,,,,,
4756000,1189,0.0,,0.0006353420903906226,,,,0.0,,,,,,,,,
4760000,1190,0.0,,0.0005410059238784015,,,,0.0,,,,,,,,,
4764000,1191,0.0,,0.00047009100671857595,,,,0.0,,,,,,,,,
4768000,1192,0.0,,0.00039812162867747247,,,,0.0,,,,,,,,,
4772000,1193,0.0,,0.00036689103581011295,,,,0.0,,,,,,,,,
4776000,1194,0.0,,6.006944179534912,,,,0.0,,,,,,,,,
4780000,1195,0.0,,6.348395824432373,,,,0.0,,,,,,,,,
4784000,1196,0.0,,0.0036362747196108103,,,,0.0,,,,,,,,,
4788000,1197,0.0,,0.0020172144286334515,,,,0.0,,,,,,,,,
4792000,1198,0.0,,0.0012164609506726265,,,,0.0,,,,,,,,,
4796000,1199,0.0,,3.2116293907165527,,,,0.0,,,,,,,,,
4800000,1200,0.0,,0.001343633164651692,,,,0.0,,,,,,,,,
4804000,1201,0.0,,0.0008630981901660562,,,,0.0,,,,,,,,,
4808000,1202,0.0,,0.0007225815788842738,,,,0.0,,,,,,,,,
4812000,1203,0.0,,0.0006163911893963814,,,,0.0,,,,,,,,,
4816000,1204,0.0,,0.000519680033903569,,,,0.0,,,,,,,,,
4820000,1205,0.0,,0.0004584781127050519,,,,0.0,,,,,,,,,
4824000,1206,0.0,,0.00044183741556480527,,,,0.0,,,,,,,,,
4828000,1207,0.0,,0.0004069842689204961,,,,0.0,,,,,,,,,
4832000,1208,0.0,,4.116724014282227,,,,0.0,,,,,,,,,
4836000,1209,0.0,,0.000997970812022686,,,,0.0,,,,,,,,,
4840000,1210,0.0,,0.0007614338537678123,,,,0.0,,,,,,,,,
4844000,1211,0.0,,13.231468200683594,,,,0.0,,,,,,,,,
4848000,1212,0.0,,0.0021476508118212223,,,,0.0,,,,,,,,,
4852000,1213,0.0,,0.0013887437526136637,,,,0.0,,,,,,,,,
4856000,1214,0.0,,0.0011646844213828444,,,,0.0,,,,,,,,,
4860000,1215,0.0,,0.000944912841077894,,,,0.0,,,,,,,,,
4864000,1216,0.0,,14.58116340637207,,,,0.0,,,,,,,,,
4868000,1217,0.0,,0.002271873876452446,,,,0.0,,,,,,,,,
4872000,1218,0.0,,0.0018278927309438586,,,,0.0,,,,,,,,,
4876000,1219,0.0,,0.0012790311593562365,,,,0.0,,,,,,,,,
4880000,1220,0.0,,0.0011033052578568459,,,,0.0,,,,,,,,,
4884000,1221,0.0,,0.0009179170010611415,,,,0.0,,,,,,,,,
4888000,1222,0.125,,4.969547271728516,,,,0.125,,,,,,,,,
4892000,1223,0.0,,4.902242660522461,,,,0.0,,,,,,,,,
4896000,1224,0.0,,0.003905764315277338,,,,0.0,,,,,,,,,
4900000,1225,0.0,,8.671757698059082,,,,0.0,,,,,,,,,
4904000,1226,0.0,,21.792110443115234,,,,0.0,,,,,,,,,
4908000,1227,0.0,,0.02220272272825241,,,,0.0,,,,,,,,,
4912000,1228,0.0,,0.019407272338867188,,,,0.0,,,,,,,,,
4916000,1229,0.0,,1.6570268869400024,,,,0.0,,,,,,,,,
4920000,1230,0.0,,9.26620864868164,,,,0.0,,,,,,,,,
4924000,1231,0.0,,7.1558356285095215,,,,0.0,,,,,,,,,
4928000,1232,0.0,,0.006963259540498257,,,,0.0,,,,,,,,,
4932000,1233,0.0,,13.465903282165527,,,,0.0,,,,,,,,,
4936000,1234,0.0,,3.328259229660034,,,,0.0,,,,,,,,,
4940000,1235,0.0,,0.010387170128524303,,,,0.0,,,,,,,,,
4944000,1236,0.0,,0.007084071636199951,,,,0.0,,,,,,,,,
4948000,1237,0.0,,3.54110050201416,,,,0.0,,,,,,,,,
4952000,1238,0.0,,7.833207130432129,,,,0.0,,,,,,,,,
4956000,1239,0.0,,0.0064059714786708355,,,,0.0,,,,,,,,,
4960000,1240,0.0,,0.004566092975437641,,,,0.0,,,,,,,,,
4964000,1241,0.0,,0.004028822295367718,,,,0.0,,,,,,,,,
4968000,1242,0.0,,0.003226775210350752,,,,0.0,,,,,,,,,
4972000,1243,0.0,,0.002933915937319398,,,,0.0,,,,,,,,,
4976000,1244,0.0,,3.3826677799224854,,,,0.0,,,,,,,,,
4980000,1245,0.0,,0.0028003505431115627,,,,0.0,,,,,,,,,
4984000,1246,0.0,,0.002423083409667015,,,,0.0,,,,,,,,,
4988000,1247,0.0,,4.420777320861816,,,,0.0,,,,,,,,,
4992000,1248,0.0,,0.00322529673576355,,,,0.0,,,,,,,,,
4996000,1249,0.0,,0.0025747178588062525,,,,0.0,,,,,,,,,
5000000,1250,0.0,,0.0021308851428329945,,,,0.0,,,,,,,,,
5004000,1251,0.0,,0.002055973745882511,,,,0.0,,,,,,,,,
5008000,1252,0.0,,4.6962432861328125,,,,0.0,,,,,,,,,
5012000,1253,0.0,,0.002178231719881296,,,,0.0,,,,,,,,,
5016000,1254,0.0,,1.759186863899231,,,,0.0,,,,,,,,,
5020000,1255,0.0,,0.0019454344874247909,,,,0.0,,,,,,,,,
5024000,1256,0.0,,0.0016806835774332285,,,,0.0,,,,,,,,,
5028000,1257,0.0,,0.0015500547597184777,,,,0.0,,,,,,,,,
5032000,1258,0.0,,3.3315987586975098,,,,0.0,,,,,,,,,
5036000,1259,0.0,,0.0016729541821405292,,,,0.0,,,,,,,,,
5040000,1260,0.0,,0.0015004612505435944,,,,0.0,,,,,,,,,
5044000,1261,0.0,,5.058950424194336,,,,0.0,,,,,,,,,
5048000,1262,0.0,,0.0014643772738054395,,,,0.0,,,,,,,,,
5052000,1263,0.0,,3.6082239151000977,,,,0.0,,,,,,,,,
5056000,1264,0.0,,0.002032696735113859,,,,0.0,,,,,,,,,
5060000,1265,0.0,,0.0014486864674836397,,,,0.0,,,,,,,,,
5064000,1266,0.0,,0.0013721385039389133,,,,0.0,,,,,,,,,
5068000,1267,0.0,,0.0012175103183835745,,,,0.0,,,,,,,,,
5072000,1268,0.0,,0.0011864661937579513,,,,0.0,,,,,,,,,
5076000,1269,0.0,,0.001155440928414464,,,,0.0,,,,,,,,,
5080000,1270,0.0,,0.001091815298423171,,,,0.0,,,,,,,,,
5084000,1271,0.0,,0.001030501676723361,,,,0.0,,,,,,,,,
5088000,1272,0.0,,0.0010427333181723952,,,,0.0,,,,,,,,,
5092000,1273,0.0,,0.0010237492388114333,,,,0.0,,,,,,,,,
5096000,1274,0.0,,0.0009575189324095845,,,,0.0,,,,,,,,,
5100000,1275,0.0,,0.0009280123049393296,,,,0.0,,,,,,,,,
5104000,1276,0.0,,0.000932963564991951,,,,0.0,,,,,,,,,
5108000,1277,0.0,,10.63569164276123,,,,0.0,,,,,,,,,
5112000,1278,0.0,,0.002432840410619974,,,,0.0,,,,,,,,,
5116000,1279,0.0,,4.405829906463623,,,,0.0,,,,,,,,,
5120000,1280,0.0,,4.2950873374938965,,,,0.0,,,,,,,,,
5124000,1281,0.0,,2.9589450359344482,,,,0.0,,,,,,,,,
5128000,1282,0.0,,0.0021910453215241432,,,,0.0,,,,,,,,,
5132000,1283,0.0,,7.13261079788208,,,,0.0,,,,,,,,,
5136000,1284,0.0,,5.6296563148498535,,,,0.0,,,,,,,,,
5140000,1285,0.0,,0.0018762752879410982,,,,0.0,,,,,,,,,
5144000,1286,0.0,,3.4272215366363525,,,,0.0,,,,,,,,,
5148000,1287,0.0,,0.0023234295658767223,,,,0.0,,,,,,,,,
5152000,1288,0.0,,0.0018730040173977613,,,,0.0,,,,,,,,,
5156000,1289,0.0,,6.169319152832031,,,,0.0,,,,,,,,,
5160000,1290,0.0,,0.001599593902938068,,,,0.0,,,,,,,,,
5164000,1291,0.0,,0.0013186009600758553,,,,0.0,,,,,,,,,
5168000,1292,0.0,,0.0011826552217826247,,,,0.0,,,,,,,,,
5172000,1293,0.0,,0.0011018868535757065,,,,0.0,,,,,,,,,
5176000,1294,0.0,,0.0010315789841115475,,,,0.0,,,,,,,,,
5180000,1295,0.0,,3.2949984073638916,,,,0.0,,,,,,,,,
5184000,1296,0.0,,0.0016580841038376093,,,,0.0,,,,,,,,,
5188000,1297,0.0,,0.0013059794437140226,,,,0.0,,,,,,,,,
5192000,1298,0.0,,7.627773284912109,,,,0.0,,,,,,,,,
5196000,1299,0.0,,0.005174361169338226,,,,0.0,,,,,,,,,
5200000,1300,0.0,,0.0019004268106073141,,,,0.0,,,,,,,,,
5204000,1301,0.0,,0.0014486502623185515,,,,0.0,,,,,,,,,
5208000,1302,0.0,,0.0012254031607881188,,,,0.0,,,,,,,,,
5212000,1303,0.0,,0.00110014365054667,,,,0.0,,,,,,,,,
5216000,1304,0.0,,2.9138166904449463,,,,0.0,,,,,,,,,
5220000,1305,0.0,,13.232505798339844,,,,0.0,,,,,,,,,
5224000,1306,0.0,,4.672946929931641,,,,0.0,,,,,,,,,
5228000,1307,0.0,,0.004574183374643326,,,,0.0,,,,,,,,,
5232000,1308,0.0,,0.0033998361323028803,,,,0.0,,,,,,,,,
5236000,1309,0.0,,0.002800192218273878,,,,0.0,,,,,,,,,
5240000,1310,0.0,,0.002371798036620021,,,,0.0,,,,,,,,,
5244000,1311,0.0,,0.001966251526027918,,,,0.0,,,,,,,,,
5248000,1312,0.0,,0.0016112490557134151,,,,0.0,,,,,,,,,
5252000,1313,0.0,,0.0014530986081808805,,,,0.0,,,,,,,,,
5256000,1314,0.0,,0.001303577795624733,,,,0.0,,,,,,,,,
5260000,1315,0.0,,0.0012323646806180477,,,,0.0,,,,,,,,,
5264000,1316,0.0,,0.0011167792836204171,,,,0.0,,,,,,,,,
5268000,1317,0.0,,0.0009710026206448674,,,,0.0,,,,,,,,,
5272000,1318,0.0,,0.0009642522200010717,,,,0.0,,,,,,,,,
5276000,1319,0.0,,0.0009479135042056441,,,,0.0,,,,,,,,,
5280000,1320,0.0,,0.0009442592854611576,,,,0.0,,,,,,,,,
5284000,1321,0.0,,0.0008857159991748631,,,,0.0,,,,,,,,,
5288000,1322,0.0,,0.0008727546664886177,,,,0.0,,,,,,,,,
5292000,1323,0.0,,0.0008344039088115096,,,,0.0,,,,,,,,,
5296000,1324,0.0,,0.0007984908297657967,,,,0.0,,,,,,,,,
5300000,1325,0.0,,0.0007689524791203439,,,,0.0,,,,,,,,,
5304000,1326,0.0,,6.141087055206299,,,,0.0,,,,,,,,,
5308000,1327,0.0,,0.002485180040821433,,,,0.0,,,,,,,,,
5312000,1328,0.0,,4.714967250823975,,,,0.0,,,,,,,,,
5316000,1329,0.0,,0.004055319353938103,,,,0.0,,,,,,,,,
5320000,1330,0.0,,0.0021900853607803583,,,,0.0,,,,,,,,,
5324000,1331,0.0,,2.99251127243042,,,,0.0,,,,,,,,,
5328000,1332,0.0,,0.002197920810431242,,,,0.0,,,,,,,,,
5332000,1333,0.0,,0.001413762103766203,,,,0.0,,,,,,,,,
5336000,1334,0.0,,0.0012334277853369713,,,,0.0,,,,,,,,,
5340000,1335,0.0,,0.001059303991496563,,,,0.0,,,,,,,,,
5344000,1336,0.0,,0.0009699687361717224,,,,0.0,,,,,,,,,
5348000,1337,0.0,,0.0009484606562182307,,,,0.0,,,,,,,,,
5352000,1338,0.0,,0.0008732763817533851,,,,0.0,,,,,,,,,
5356000,1339,0.0,,0.0008079642429947853,,,,0.0,,,,,,,,,
5360000,1340,0.0,,0.000780041329562664,,,,0.0,,,,,,,,,
5364000,1341,0.0,,4.791557788848877,,,,0.0,,,,,,,,,
5368000,1342,0.0,,0.001662396127358079,,,,0.0,,,,,,,,,
5372000,1343,0.0,,0.0011526263551786542,,,,0.0,,,,,,,,,
5376000,1344,0.0,,0.0009604336228221655,,,,0.0,,,,,,,,,
5380000,1345,0.0,,0.0008176160044968128,,,,0.0,,,,,,,,,
5384000,1346,0.0,,0.0007369384984485805,,,,0.0,,,,,,,,,
5388000,1347,0.0,,0.0007456500316038728,,,,0.0,,,,,,,,,
5392000,1348,0.0,,0.0006880996515974402,,,,0.0,,,,,,,,,
5396000,1349,0.0,,0.0007069122511893511,,,,0.0,,,,,,,,,
5400000,1350,0.0,,0.0006756718503311276,,,,0.0,,,,,,,,,
5404000,1351,0.0,,0.0006543160416185856,,,,0.0,,,,,,,,,
5408000,1352,0.0,,0.0006802884745411575,,,,0.0,,,,,,,,,
5412000,1353,0.0,,0.0006636593025177717,,,,0.0,,,,,,,,,
5416000,1354,0.125,,0.0006527054938487709,,,,0.125,,,,,,,,,
5420000,1355,0.0,,0.0006247244891710579,,,,0.0,,,,,,,,,
5424000,1356,0.0,,4.543045520782471,,,,0.0,,,,,,,,,
5428000,1357,0.0,,0.0010413179406896234,,,,0.0,,,,,,,,,
5432000,1358,0.0,,0.0008954337681643665,,,,0.0,,,,,,,,,
5436000,1359,0.0,,0.0006695718038827181,,,,0.0,,,,,,,,,
5440000,1360,0.0,,0.0006361496634781361,,,,0.0,,,,,,,,,
5444000,1361,0.0,,0.0006232175510376692,,,,0.0,,,,,,,,,
5448000,1362,0.0,,0.0005708687240257859,,,,0.0,,,,,,,,,
5452000,1363,0.0,,0.000584119523409754,,,,0.0,,,,,,,,,
5456000,1364,0.0,,0.0005742234643548727,,,,0.0,,,,,,,,,
5460000,1365,0.125,,0.0005500945262610912,,,,0.125,,,,,,,,,
5464000,1366,0.0,,3.276228189468384,,,,0.0,,,,,,,,,
5468000,1367,0.0,,7.588266372680664,,,,0.0,,,,,,,,,
5472000,1368,0.0,,0.0017152396030724049,,,,0.0,,,,,,,,,
5476000,1369,0.0,,0.0011226311326026917,,,,0.0,,,,,,,,,
5480000,1370,0.0,,0.0009313070913776755,,,,0.0,,,,,,,,,
5484000,1371,0.0,,5.033381462097168,,,,0.0,,,,,,,,,
5488000,1372,0.0,,6.504352569580078,,,,0.0,,,,,,,,,
5492000,1373,0.0,,0.001878976123407483,,,,0.0,,,,,,,,,
5496000,1374,0.0,,0.0013785407645627856,,,,0.0,,,,,,,,,
5500000,1375,0.125,,0.0012257350608706474,,,,0.125,,,,,,,,,
5504000,1376,0.0,,4.425485610961914,,,,0.0,,,,,,,,,
5508000,1377,0.0,,0.0014356635510921478,,,,0.0,,,,,,,,,
5512000,1378,0.0,,12.053235054016113,,,,0.0,,,,,,,,,
5516000,1379,0.0,,4.407817363739014,,,,0.0,,,,,,,,,
5520000,1380,0.0,,1.5662862062454224,,,,0.0,,,,,,,,,
5524000,1381,0.0,,0.0026226970367133617,,,,0.0,,,,,,,,,
5528000,1382,0.0,,0.00199485057964921,,,,0.0,,,,,,,,,
5532000,1383,0.0,,3.5706193447113037,,,,0.0,,,,,,,,,
5536000,1384,0.0,,0.001732368255034089,,,,0.0,,,,,,,,,
5540000,1385,0.0,,5.50492000579834,,,,0.0,,,,,,,,,
5544000,1386,0.0,,11.125192642211914,,,,0.0,,,,,,,,,
5548000,1387,0.0,,0.0034060184843838215,,,,0.0,,,,,,,,,
5552000,1388,0.0,,0.002719892654567957,,,,0.0,,,,,,,,,
5556000,1389,0.0,,0.002204605843871832,,,,0.0,,,,,,,,,
5560000,1390,0.0,,0.0016989621799439192,,,,0.0,,,,,,,,,
5564000,1391,0.0,,0.0013995524495840073,,,,0.0,,,,,,,,,
5568000,1392,0.0,,0.0011078239185735583,,,,0.0,,,,,,,,,
5572000,1393,0.0,,0.0010827635414898396,,,,0.0,,,,,,,,,
5576000,1394,0.0,,0.0009204690577462316,,,,0.0,,,,,,,,,
5580000,1395,0.0,,7.417982578277588,,,,0.0,,,,,,,,,
5584000,1396,0.0,,0.0016920932102948427,,,,0.0,,,,,,,,,
5588000,1397,0.0,,7.321599960327148,,,,0.0,,,,,,,,,
5592000,1398,0.0,,8.57058048248291,,,,0.0,,,,,,,,,
5596000,1399,0.0,,0.002985497936606407,,,,0.0,,,,,,,,,
5600000,1400,0.0,,8.021278381347656,,,,0.0,,,,,,,,,
5604000,1401,0.0,,4.736021518707275,,,,0.0,,,,,,,,,
5608000,1402,0.0,,2.7317681312561035,,,,0.0,,,,,,,,,
5612000,1403,0.0,,10.077190399169922,,,,0.0,,,,,,,,,
5616000,1404,0.0,,6.253507614135742,,,,0.0,,,,,,,,,
5620000,1405,0.0,,0.0053666504099965096,,,,0.0,,,,,,,,,
5624000,1406,0.0,,4.677561283111572,,,,0.0,,,,,,,,,
5628000,1407,0.0,,0.0041162422858178616,,,,0.0,,,,,,,,,
5632000,1408,0.0,,0.0033079187851399183,,,,0.0,,,,,,,,,
5636000,1409,0.0,,0.0025824792683124542,,,,0.0,,,,,,,,,
5640000,1410,0.0,,6.231635093688965,,,,0.0,,,,,,,,,
5644000,1411,0.0,,2.9790430068969727,,,,0.0,,,,,,,,,
5648000,1412,0.0,,4.816575050354004,,,,0.0,,,,,,,,,
5652000,1413,0.125,,7.950653076171875,,,,0.125,,,,,,,,,
5656000,1414,0.0,,4.433626174926758,,,,0.0,,,,,,,,,
5660000,1415,0.0,,3.3217360973358154,,,,0.0,,,,,,,,,
5664000,1416,0.0,,6.772666931152344,,,,0.0,,,,,,,,,
5668000,1417,0.0,,0.003814111929386854,,,,0.0,,,,,,,,,
5672000,1418,0.0,,0.002805256750434637,,,,0.0,,,,,,,,,
5676000,1419,0.0,,0.00222326279617846,,,,0.0,,,,,,,,,
5680000,1420,0.0,,0.0019594309851527214,,,,0.0,,,,,,,,,
5684000,1421,0.0,,0.0016377037391066551,,,,0.0,,,,,,,,,
5688000,1422,0.0,,13.321470260620117,,,,0.0,,,,,,,,,
5692000,1423,0.0,,0.0027580568566918373,,,,0.0,,,,,,,,,
5696000,1424,0.0,,13.776825904846191,,,,0.0,,,,,,,,,
5700000,1425,0.0,,3.3303730487823486,,,,0.0,,,,,,,,,
5704000,1426,0.0,,1.5559349060058594,,,,0.0,,,,,,,,,
5708000,1427,0.0,,0.004181398544460535,,,,0.0,,,,,,,,,
5712000,1428,0.0,,0.0035294005647301674,,,,0.0,,,,,,,,,
5716000,1429,0.0,,10.701017379760742,,,,0.0,,,,,,,,,
5720000,1430,0.0,,3.046987295150757,,,,0.0,,,,,,,,,
5724000,1431,0.0,,0.0032848110422492027,,,,0.0,,,,,,,,,
5728000,1432,0.0,,1.4302842617034912,,,,0.0,,,,,,,,,
5732000,1433,0.0,,0.0024128262884914875,,,,0.0,,,,,,,,,
5736000,1434,0.0,,4.083393573760986,,,,0.0,,,,,,,,,
5740000,1435,0.0,,4.380322456359863,,,,0.0,,,,,,,,,
5744000,1436,0.0,,8.92816162109375,,,,0.0,,,,,,,,,
5748000,1437,0.0,,0.0029546297155320644,,,,0.0,,,,,,,,,
5752000,1438,0.0,,8.64631175994873,,,,0.0,,,,,,,,,
5756000,1439,0.0,,2.960416316986084,,,,0.0,,,,,,,,,
5760000,1440,0.0,,8.720224380493164,,,,0.0,,,,,,,,,
5764000,1441,0.0,,6.780529499053955,,,,0.0,,,,,,,,,
5768000,1442,0.0,,0.004780280869454145,,,,0.0,,,,,,,,,
5772000,1443,0.0,,0.0035574696958065033,,,,0.0,,,,,,,,,
5776000,1444,0.0,,12.577245712280273,,,,0.0,,,,,,,,,
5780000,1445,0.0,,0.006135937757790089,,,,0.0,,,,,,,,,
5784000,1446,0.0,,3.2401275634765625,,,,0.0,,,,,,,,,
5788000,1447,0.0,,9.461343765258789,,,,0.0,,,,,,,,,
5792000,1448,0.0,,5.675407409667969,,,,0.0,,,,,,,,,
5796000,1449,0.0,,6.928621768951416,,,,0.0,,,,,,,,,
5800000,1450,0.0,,12.277386665344238,,,,0.0,,,,,,,,,
5804000,1451,0.0,,2.962298631668091,,,,0.0,,,,,,,,,
5808000,1452,0.0,,9.316375732421875,,,,0.0,,,,,,,,,
5812000,1453,0.0,,0.01132239680737257,,,,0.0,,,,,,,,,
5816000,1454,0.0,,0.008443361148238182,,,,0.0,,,,,,,,,
5820000,1455,0.0,,0.006165077444165945,,,,0.0,,,,,,,,,
5824000,1456,0.0,,0.004527349956333637,,,,0.0,,,,,,,,,
5828000,1457,0.0,,1.3817479610443115,,,,0.0,,,,,,,,,
5832000,1458,0.0,,0.0033379867672920227,,,,0.0,,,,,,,,,
5836000,1459,0.0,,8.433685302734375,,,,0.0,,,,,,,,,
5840000,1460,0.0,,6.293520927429199,,,,0.0,,,,,,,,,
5844000,1461,0.0,,5.833505153656006,,,,0.0,,,,,,,,,
5848000,1462,0.0,,5.0794806480407715,,,,0.0,,,,,,,,,
5852000,1463,0.0,,3.895273208618164,,,,0.0,,,,,,,,,
5856000,1464,0.0,,3.84340763092041,,,,0.0,,,,,,,,,
5860000,1465,0.0,,0.003663051873445511,,,,0.0,,,,,,,,,
5864000,1466,0.0,,5.303099632263184,,,,0.0,,,,,,,,,
5868000,1467,0.0,,0.0034160432405769825,,,,0.0,,,,,,,,,
5872000,1468,0.0,,6.725840091705322,,,,0.0,,,,,,,,,
5876000,1469,0.0,,0.0037786304019391537,,,,0.0,,,,,,,,,
5880000,1470,0.0,,1.3072566986083984,,,,0.0,,,,,,,,,
5884000,1471,0.0,,0.002786553930491209,,,,0.0,,,,,,,,,
5888000,1472,0.0,,3.90925669670105,,,,0.0,,,,,,,,,
5892000,1473,0.0,,7.6547441482543945,,,,0.0,,,,,,,,,
5896000,1474,0.0,,2.3097355365753174,,,,0.0,,,,,,,,,
5900000,1475,0.0,,0.0029193616937845945,,,,0.0,,,,,,,,,
5904000,1476,0.0,,5.165945529937744,,,,0.0,,,,,,,,,
5908000,1477,0.0,,0.002712820889428258,,,,0.0,,,,,,,,,
5912000,1478,0.0,,2.328052282333374,,,,0.0,,,,,,,,,
5916000,1479,0.0,,2.7407891750335693,,,,0.0,,,,,,,,,
5920000,1480,0.0,,4.966891765594482,,,,0.0,,,,,,,,,
5924000,1481,0.0,,0.0028029114473611116,,,,0.0,,,,,,,,,
5928000,1482,0.0,,3.7627289295196533,,,,0.0,,,,,,,,,
5932000,1483,0.0,,3.8966920375823975,,,,0.0,,,,,,,,,
5936000,1484,0.0,,0.0028791865333914757,,,,0.0,,,,,,,,,
5940000,1485,0.0,,0.0023108888417482376,,,,0.0,,,,,,,,,
5944000,1486,0.0,,2.728938579559326,,,,0.0,,,,,,,,,
5948000,1487,0.0,,9.54429817199707,,,,0.0,,,,,,,,,
5952000,1488,0.0,,4.464814186096191,,,,0.0,,,,,,,,,
5956000,1489,0.0,,2.816361665725708,,,,0.0,,,,,,,,,
5960000,1490,0.0,,0.003477098187431693,,,,0.0,,,,,,,,,
5964000,1491,0.0,,8.996155738830566,,,,0.0,,,,,,,,,
5968000,1492,0.0,,0.0045969849452376366,,,,0.0,,,,,,,,,
5972000,1493,0.0,,2.4410948753356934,,,,0.0,,,,,,,,,
5976000,1494,0.0,,2.5256102085113525,,,,0.0,,,,,,,,,
5980000,1495,0.0,,3.6901566982269287,,,,0.0,,,,,,,,,
5984000,1496,0.0,,5.153937816619873,,,,0.0,,,,,,,,,
5988000,1497,0.125,,0.0030173566192388535,,,,0.125,,,,,,,,,
5992000,1498,0.0,,0.0028070725966244936,,,,0.0,,,,,,,,,
5996000,1499,0.0,,0.0022811000235378742,,,,0.0,,,,,,,,,
6000000,1500,0.0,,0.002050861017778516,,,,0.0,,,,,,,,,
6004000,1501,0.0,,9.937847137451172,,,,0.0,,,,,,,,,
6008000,1502,0.0,,3.7957987785339355,,,,0.0,,,,,,,,,
6012000,1503,0.0,,0.0033229172695428133,,,,0.0,,,,,,,,,
6016000,1504,0.0,,0.002749792765825987,,,,0.0,,,,,,,,,
6020000,1505,0.0,,0.002189416205510497,,,,0.0,,,,,,,,,
6024000,1506,0.0,,0.002201746217906475,,,,0.0,,,,,,,,,
6028000,1507,0.0,,5.9763102531433105,,,,0.0,,,,,,,,,
6032000,1508,0.0,,0.0022719725966453552,,,,0.0,,,,,,,,,
6036000,1509,0.0,,2.504486560821533,,,,0.0,,,,,,,,,
6040000,1510,0.0,,0.0026875529438257217,,,,0.0,,,,,,,,,
6044000,1511,0.0,,0.0021114989649504423,,,,0.0,,,,,,,,,
6048000,1512,0.0,,0.0020796596072614193,,,,0.0,,,,,,,,,
6052000,1513,0.0,,3.6682534217834473,,,,0.0,,,,,,,,,
6056000,1514,0.0,,0.0022323904559016228,,,,0.0,,,,,,,,,
6060000,1515,0.0,,0.0018302315147593617,,,,0.0,,,,,,,,,
6064000,1516,0.0,,0.0017033354379236698,,,,0.0,,,,,,,,,
6068000,1517,0.0,,0.001614048145711422,,,,0.0,,,,,,,,,
6072000,1518,0.0,,1.4671170711517334,,,,0.0,,,,,,,,,
6076000,1519,0.0,,0.0019779931753873825,,,,0.0,,,,,,,,,
6080000,1520,0.0,,0.0016965395770967007,,,,0.0,,,,,,,,,
6084000,1521,0.0,,2.3389410972595215,,,,0.0,,,,,,,,,
6088000,1522,0.0,,0.0017361771315336227,,,,0.0,,,,,,,,,
6092000,1523,0.0,,0.0016171035822480917,,,,0.0,,,,,,,,,
6096000,1524,0.0,,6.266764163970947,,,,0.0,,,,,,,,,
6100000,1525,0.0,,0.002644437598064542,,,,0.0,,,,,,,,,
6104000,1526,0.0,,3.6686248779296875,,,,0.0,,,,,,,,,
6108000,1527,0.0,,0.0020142761059105396,,,,0.0,,,,,,,,,
6112000,1528,0.0,,9.32732105255127,,,,0.0,,,,,,,,,
6116000,1529,0.0,,2.724567174911499,,,,0.0,,,,,,,,,
6120000,1530,0.0,,2.7577545642852783,,,,0.0,,,,,,,,,
6124000,1531,0.0,,2.614386796951294,,,,0.0,,,,,,,,,
6128000,1532,0.0,,6.595484733581543,,,,0.0,,,,,,,,,
6132000,1533,0.0,,0.002881565596908331,,,,0.0,,,,,,,,,
6136000,1534,0.0,,4.467037677764893,,,,0.0,,,,,,,,,
6140000,1535,0.0,,1.3900728225708008,,,,0.0,,,,,,,,,
6144000,1536,0.0,,0.0029215505346655846,,,,0.0,,,,,,,,,
6148000,1537,0.0,,5.856166839599609,,,,0.0,,,,,,,,,
6152000,1538,0.0,,6.020005702972412,,,,0.0,,,,,,,,,
6156000,1539,0.0,,0.0035436763428151608,,,,0.0,,,,,,,,,
6160000,1540,0.0,,0.0027442488353699446,,,,0.0,,,,,,,,,
6164000,1541,0.0,,0.0023480106610804796,,,,0.0,,,,,,,,,
6168000,1542,0.0,,0.0020529471803456545,,,,0.0,,,,,,,,,
6172000,1543,0.0,,1.5312215089797974,,,,0.0,,,,,,,,,
6176000,1544,0.0,,0.001977472100406885,,,,0.0,,,,,,,,,
6180000,1545,0.0,,0.0017811802681535482,,,,0.0,,,,,,,,,
6184000,1546,0.0,,0.001573026878759265,,,,0.0,,,,,,,,,
6188000,1547,0.0,,0.001530920504592359,,,,0.0,,,,,,,,,
6192000,1548,0.0,,0.0013721596915274858,,,,0.0,,,,,,,,,
6196000,1549,0.0,,0.0014028341975063086,,,,0.0,,,,,,,,,
6200000,1550,0.0,,0.0014156661927700043,,,,0.0,,,,,,,,,
6204000,1551,0.0,,4.056678295135498,,,,0.0,,,,,,,,,
6208000,1552,0.0,,0.0017190088983625174,,,,0.0,,,,,,,,,
6212000,1553,0.0,,0.0014884790871292353,,,,0.0,,,,,,,,,
6216000,1554,0.0,,0.0013968941057100892,,,,0.0,,,,,,,,,
6220000,1555,0.0,,0.0014583066804334521,,,,0.0,,,,,,,,,
6224000,1556,0.0,,0.0012980519095435739,,,,0.0,,,,,,,,,
6228000,1557,0.0,,0.0012061245506629348,,,,0.0,,,,,,,,,
6232000,1558,0.0,,0.001240879762917757,,,,0.0,,,,,,,,,
6236000,1559,0.0,,0.0012569812824949622,,,,0.0,,,,,,,,,
6240000,1560,0.0,,0.0011307689128443599,,,,0.0,,,,,,,,,
6244000,1561,0.0,,0.0010550552979111671,,,,0.0,,,,,,,,,
6248000,1562,0.0,,2.5832579135894775,,,,0.0,,,,,,,,,
6252000,1563,0.0,,0.0012894177343696356,,,,0.0,,,,,,,,,
6256000,1564,0.0,,0.001224357052706182,,,,0.0,,,,,,,,,
6260000,1565,0.0,,0.001122817862778902,,,,0.0,,,,,,,,,
6264000,1566,0.0,,0.0011226364877074957,,,,0.0,,,,,,,,,
6268000,1567,0.0,,0.0010516224429011345,,,,0.0,,,,,,,,,
6272000,1568,0.0,,0.001005818834528327,,,,0.0,,,,,,,,,
6276000,1569,0.0,,0.0008614831021986902,,,,0.0,,,,,,,,,
6280000,1570,0.0,,0.0008986047469079494,,,,0.0,,,,,,,,,
6284000,1571,0.0,,0.0009819037513807416,,,,0.0,,,,,,,,,
6288000,1572,0.0,,0.0008470449829474092,,,,0.0,,,,,,,,,
6292000,1573,0.0,,0.0009151814156211913,,,,0.0,,,,,,,,,
6296000,1574,0.0,,0.0009458882268518209,,,,0.0,,,,,,,,,
6300000,1575,0.0,,0.0009030755027197301,,,,0.0,,,,,,,,,
6304000,1576,0.0,,0.0008364468812942505,,,,0.0,,,,,,,,,
6308000,1577,0.0,,0.0009106519864872098,,,,0.0,,,,,,,,,
6312000,1578,0.0,,0.0008562745060771704,,,,0.0,,,,,,,,,
6316000,1579,0.0,,0.0008898480446077883,,,,0.0,,,,,,,,,
6320000,1580,0.0,,0.0008369931601919234,,,,0.0,,,,,,,,,
6324000,1581,0.0,,1.3190885782241821,,,,0.0,,,,,,,,,
6328000,1582,0.0,,0.000984387006610632,,,,0.0,,,,,,,,,
6332000,1583,0.0,,4.053981781005859,,,,0.0,,,,,,,,,
6336000,1584,0.0,,2.536212682723999,,,,0.0,,,,,,,,,
6340000,1585,0.0,,0.0020098979584872723,,,,0.0,,,,,,,,,
6344000,1586,0.0,,0.0013425912475213408,,,,0.0,,,,,,,,,
6348000,1587,0.0,,0.0011130331549793482,,,,0.0,,,,,,,,,
6352000,1588,0.0,,3.6696743965148926,,,,0.0,,,,,,,,,
6356000,1589,0.0,,0.0016995079349726439,,,,0.0,,,,,,,,,
6360000,1590,0.0,,0.001378070330247283,,,,0.0,,,,,,,,,
6364000,1591,0.0,,0.001118768472224474,,,,0.0,,,,,,,,,
6368000,1592,0.0,,0.0009600553894415498,,,,0.0,,,,,,,,,
6372000,1593,0.0,,0.0008592979284003377,,,,0.0,,,,,,,,,
6376000,1594,0.0,,0.0008931038319133222,,,,0.0,,,,,,,,,
6380000,1595,0.0,,4.006543159484863,,,,0.0,,,,,,,,,
6384000,1596,0.0,,0.0014369776472449303,,,,0.0,,,,,,,,,
6388000,1597,0.0,,0.0012260426301509142,,,,0.0,,,,,,,,,
6392000,1598,0.0,,0.000967304571531713,,,,0.0,,,,,,,,,
6396000,1599,0.0,,0.0008419372024945915,,,,0.0,,,,,,,,,
6400000,1600,0.0,,0.0007443392532877624,,,,0.0,,,,,,,,,
6404000,1601,0.0,,3.9620110988616943,,,,0.0,,,,,,,,,
6408000,1602,0.0,,0.0014089623000472784,,,,0.0,,,,,,,,,
6412000,1603,0.0,,0.0010711757931858301,,,,0.0,,,,,,,,,
6416000,1604,0.0,,0.0008874400518834591,,,,0.0,,,,,,,,,
6420000,1605,0.0,,0.0008214528206735849,,,,0.0,,,,,,,,,
6424000,1606,0.0,,0.0007412467966787517,,,,0.0,,,,,,,,,
6428000,1607,0.0,,2.824573516845703,,,,0.0,,,,,,,,,
6432000,1608,0.0,,0.0018311243038624525,,,,0.0,,,,,,,,,
6436000,1609,0.0,,0.0012800612021237612,,,,0.0,,,,,,,,,
6440000,1610,0.0,,0.0009776586666703224,,,,0.0,,,,,,,,,
6444000,1611,0.0,,6.224451065063477,,,,0.0,,,,,,,,,
6448000,1612,0.0,,2.373322010040283,,,,0.0,,,,,,,,,
6452000,1613,0.0,,0.0021949566435068846,,,,0.0,,,,,,,,,
6456000,1614,0.0,,0.001711391843855381,,,,0.0,,,,,,,,,
6460000,1615,0.0,,0.0012923537287861109,,,,0.0,,,,,,,,,
6464000,1616,0.0,,0.001163021195679903,,,,0.0,,,,,,,,,
6468000,1617,0.0,,0.0009782405104488134,,,,0.0,,,,,,,,,
6472000,1618,0.0,,0.0008370267460122705,,,,0.0,,,,,,,,,
6476000,1619,0.0,,0.0008882472757250071,,,,0.0,,,,,,,,,
6480000,1620,0.0,,0.0008123661391437054,,,,0.0,,,,,,,,,
6484000,1621,0.0,,0.0007050847052596509,,,,0.0,,,,,,,,,
6488000,1622,0.0,,0.0006736856303177774,,,,0.0,,,,,,,,,
6492000,1623,0.0,,0.0006217184709385037,,,,0.0,,,,,,,,,
6496000,1624,0.0,,0.0006610378623008728,,,,0.0,,,,,,,,,
6500000,1625,0.0,,0.0005840453668497503,,,,0.0,,,,,,,,,
6504000,1626,0.0,,0.0006162076024338603,,,,0.0,,,,,,,,,
6508000,1627,0.0,,0.0006024582544341683,,,,0.0,,,,,,,,,
6512000,1628,0.0,,0.00058816431555897,,,,0.0,,,,,,,,,
6516000,1629,0.0,,0.0005951630882918835,,,,0.0,,,,,,,,,
6520000,1630,0.0,,0.0005297587485983968,,,,0.0,,,,,,,,,
6524000,1631,0.0,,0.0006048145005479455,,,,0.0,,,,,,,,,
6528000,1632,0.0,,0.0005447788862511516,,,,0.0,,,,,,,,,
6532000,1633,0.0,,0.0005172031233087182,,,,0.0,,,,,,,,,
6536000,1634,0.0,,0.0005420333473011851,,,,0.0,,,,,,,,,
6540000,1635,0.0,,0.0005497606471180916,,,,0.0,,,,,,,,,
6544000,1636,0.0,,0.0005110078491270542,,,,0.0,,,,,,,,,
6548000,1637,0.0,,0.0005299902404658496,,,,0.0,,,,,,,,,
6552000,1638,0.0,,0.00047742167953401804,,,,0.0,,,,,,,,,
6556000,1639,0.0,,0.0004755700647365302,,,,0.0,,,,,,,,,
6560000,1640,0.0,,0.0005153656820766628,,,,0.0,,,,,,,,,
6564000,1641,0.0,,0.0004756484122481197,,,,0.0,,,,,,,,,
6568000,1642,0.0,,0.0004967772401869297,,,,0.0,,,,,,,,,
6572000,1643,0.0,,0.0005039440584369004,,,,0.0,,,,,,,,,
6576000,1644,0.0,,0.000440531934145838,,,,0.0,,,,,,,,,
6580000,1645,0.0,,0.0004815810825675726,,,,0.0,,,,,,,,,
6584000,1646,0.0,,0.0005113556981086731,,,,0.0,,,,,,,,,
6588000,1647,0.0,,0.00046182837104424834,,,,0.0,,,,,,,,,
6592000,1648,0.0,,0.00047385084326379,,,,0.0,,,,,,,,,
6596000,1649,0.0,,0.00045872206101194024,,,,0.0,,,,,,,,,
6600000,1650,0.0,,0.000463733245851472,,,,0.0,,,,,,,,,
6604000,1651,0.0,,0.00046172403381206095,,,,0.0,,,,,,,,,
6608000,1652,0.0,,0.00041625110316090286,,,,0.0,,,,,,,,,
6612000,1653,0.0,,0.00043213809840381145,,,,0.0,,,,,,,,,
6616000,1654,0.0,,0.0004749007639475167,,,,0.0,,,,,,,,,
6620000,1655,0.0,,0.0004344406188465655,,,,0.0,,,,,,,,,
6624000,1656,0.0,,0.00045455724466592073,,,,0.0,,,,,,,,,
6628000,1657,0.125,,0.0004668405745178461,,,,0.125,,,,,,,,,
6632000,1658,0.0,,0.00041305029299110174,,,,0.0,,,,,,,,,
6636000,1659,0.0,,2.7464590072631836,,,,0.0,,,,,,,,,
6640000,1660,0.0,,0.0013642009580507874,,,,0.0,,,,,,,,,
6644000,1661,0.0,,0.0008377732592634857,,,,0.0,,,,,,,,,
6648000,1662,0.0,,0.0006778973038308322,,,,0.0,,,,,,,,,
6652000,1663,0.0,,4.118870258331299,,,,0.0,,,,,,,,,
6656000,1664,0.0,,0.0013060615165159106,,,,0.0,,,,,,,,,
6660000,1665,0.0,,0.0008667159709148109,,,,0.0,,,,,,,,,
6664000,1666,0.0,,2.3803422451019287,,,,0.0,,,,,,,,,
6668000,1667,0.0,,0.001116250641644001,,,,0.0,,,,,,,,,
6672000,1668,0.0,,5.70481538772583,,,,0.0,,,,,,,,,
6676000,1669,0.0,,5.149927616119385,,,,0.0,,,,,,,,,
6680000,1670,0.0,,0.006501378491520882,,,,0.0,,,,,,,,,
6684000,1671,0.0,,0.006140839774161577,,,,0.0,,,,,,,,,
6688000,1672,0.0,,0.004922173917293549,,,,0.0,,,,,,,,,
6692000,1673,0.0,,4.010361671447754,,,,0.0,,,,,,,,,
6696000,1674,0.0,,2.7775795459747314,,,,0.0,,,,,,,,,
6700000,1675,0.0,,0.0061014615930616856,,,,0.0,,,,,,,,,
6704000,1676,0.0,,4.574764728546143,,,,0.0,,,,,,,,,
6708000,1677,0.0,,0.005829012021422386,,,,0.0,,,,,,,,,
6712000,1678,0.0,,0.00474098976701498,,,,0.0,,,,,,,,,
6716000,1679,0.0,,4.103905200958252,,,,0.0,,,,,,,,,
6720000,1680,0.0,,0.004269507247954607,,,,0.0,,,,,,,,,
6724000,1681,0.0,,3.947697639465332,,,,0.0,,,,,,,,,
6728000,1682,0.0,,0.0037464771885424852,,,,0.0,,,,,,,,,
6732000,1683,0.0,,0.003103856695815921,,,,0.0,,,,,,,,,
6736000,1684,0.0,,0.002840141300112009,,,,0.0,,,,,,,,,
6740000,1685,0.0,,0.002335181925445795,,,,0.0,,,,,,,,,
6744000,1686,0.0,,0.0019156665075570345,,,,0.0,,,,,,,,,
6748000,1687,0.0,,0.0018295515328645706,,,,0.0,,,,,,,,,
6752000,1688,0.0,,0.0017304965294897556,,,,0.0,,,,,,,,,
6756000,1689,0.0,,0.0016764753963798285,,,,0.0,,,,,,,,,
6760000,1690,0.0,,0.001518203062005341,,,,0.0,,,,,,,,,
6764000,1691,0.125,,0.00149013742338866,,,,0.125,,,,,,,,,
6768000,1692,0.0,,4.115015506744385,,,,0.0,,,,,,,,,
6772000,1693,0.0,,0.0018346533179283142,,,,0.0,,,,,,,,,
6776000,1694,0.0,,2.777472734451294,,,,0.0,,,,,,,,,
6780000,1695,0.0,,0.002189596649259329,,,,0.0,,,,,,,,,
6784000,1696,0.0,,0.0018081512534990907,,,,0.0,,,,,,,,,
6788000,1697,0.0,,0.0016163196414709091,,,,0.0,,,,,,,,,
6792000,1698,0.0,,0.001386104617267847,,,,0.0,,,,,,,,,
6796000,1699,0.0,,5.282980442047119,,,,0.0,,,,,,,,,
6800000,1700,0.0,,2.7059357166290283,,,,0.0,,,,,,,,,
6804000,1701,0.0,,0.0027239560149610043,,,,0.0,,,,,,,,,
6808000,1702,0.0,,3.8162522315979004,,,,0.0,,,,,,,,,
6812000,1703,0.0,,0.0027943637687712908,,,,0.0,,,,,,,,,
6816000,1704,0.0,,4.708506107330322,,,,0.0,,,,,,,,,
6820000,1705,0.0,,0.003615256864577532,,,,0.0,,,,,,,,,
6824000,1706,0.0,,0.002795048989355564,,,,0.0,,,,,,,,,
6828000,1707,0.0,,4.104821681976318,,,,0.0,,,,,,,,,
6832000,1708,0.0,,0.002984249498695135,,,,0.0,,,,,,,,,
6836000,1709,0.0,,0.002594797406345606,,,,0.0,,,,,,,,,
6840000,1710,0.0,,2.6030333042144775,,,,0.0,,,,,,,,,
6844000,1711,0.0,,3.5515029430389404,,,,0.0,,,,,,,,,
6848000,1712,0.0,,0.0026314747519791126,,,,0.0,,,,,,,,,
6852000,1713,0.0,,0.0021234587766230106,,,,0.0,,,,,,,,,
6856000,1714,0.0,,0.0017576304962858558,,,,0.0,,,,,,,,,
6860000,1715,0.0,,3.946323871612549,,,,0.0,,,,,,,,,
6864000,1716,0.0,,0.002274025697261095,,,,0.0,,,,,,,,,
6868000,1717,0.0,,3.8023548126220703,,,,0.0,,,,,,,,,
6872000,1718,0.0,,0.002231632824987173,,,,0.0,,,,,,,,,
6876000,1719,0.0,,2.533456802368164,,,,0.0,,,,,,,,,
6880000,1720,0.0,,0.0022485428489744663,,,,0.0,,,,,,,,,
6884000,1721,0.125,,0.0018028151243925095,,,,0.125,,,,,,,,,
6888000,1722,0.0,,2.446584463119507,,,,0.0,,,,,,,,,
6892000,1723,0.0,,0.0019424606580287218,,,,0.0,,,,,,,,,
6896000,1724,0.0,,0.001632715342566371,,,,0.0,,,,,,,,,
6900000,1725,0.0,,6.560988903045654,,,,0.0,,,,,,,,,
6904000,1726,0.0,,4.61543083190918,,,,0.0,,,,,,,,,
6908000,1727,0.0,,5.440280437469482,,,,0.0,,,,,,,,,
6912000,1728,0.0,,2.5561394691467285,,,,0.0,,,,,,,,,
6916000,1729,0.0,,0.005576152820140123,,,,0.0,,,,,,,,,
6920000,1730,0.0,,0.004136017523705959,,,,0.0,,,,,,,,,
6924000,1731,0.0,,5.015790939331055,,,,0.0,,,,,,,,,
6928000,1732,0.0,,12.744186401367188,,,,0.0,,,,,,,,,
6932000,1733,0.0,,4.9924092292785645,,,,0.0,,,,,,,,,
6936000,1734,0.0,,2.228696823120117,,,,0.0,,,,,,,,,
6940000,1735,0.0,,0.007298528216779232,,,,0.0,,,,,,,,,
6944000,1736,0.0,,3.6440000534057617,,,,0.0,,,,,,,,,
6948000,1737,0.0,,0.005768538918346167,,,,0.0,,,,,,,,,
6952000,1738,0.0,,1.3942229747772217,,,,0.0,,,,,,,,,
6956000,1739,0.0,,0.004020954482257366,,,,0.0,,,,,,,,,
6960000,1740,0.0,,6.563669681549072,,,,0.0,,,,,,,,,
6964000,1741,0.0,,5.605114936828613,,,,0.0,,,,,,,,,
6968000,1742,0.0,,3.8360705375671387,,,,0.0,,,,,,,,,
6972000,1743,0.0,,4.140039443969727,,,,0.0,,,,,,,,,
6976000,1744,0.0,,2.6864373683929443,,,,0.0,,,,,,,,,
6980000,1745,0.0,,2.4894471168518066,,,,0.0,,,,,,,,,
6984000,1746,0.0,,0.0041677262634038925,,,,0.0,,,,,,,,,
6988000,1747,0.0,,0.0032887705601751804,,,,0.0,,,,,,,,,
6992000,1748,0.0,,3.556417942047119,,,,0.0,,,,,,,,,
6996000,1749,0.0,,0.002578025683760643,,,,0.0,,,,,,,,,
7000000,1750,0.0,,1.1731699705123901,,,,0.0,,,,,,,,,
7004000,1751,0.0,,4.841830253601074,,,,0.0,,,,,,,,,
7008000,1752,0.0,,0.0030700983479619026,,,,0.0,,,,,,,,,
7012000,1753,0.0,,0.002364201471209526,,,,0.0,,,,,,,,,
7016000,1754,0.0,,3.858189821243286,,,,0.0,,,,,,,,,
7020000,1755,0.0,,0.00240636570379138,,,,0.0,,,,,,,,,
7024000,1756,0.0,,0.0022791102528572083,,,,0.0,,,,,,,,,
7028000,1757,0.0,,0.001879294984973967,,,,0.0,,,,,,,,,
7032000,1758,0.0,,7.420953750610352,,,,0.0,,,,,,,,,
7036000,1759,0.0,,5.360742568969727,,,,0.0,,,,,,,,,
7040000,1760,0.0,,0.0030507571063935757,,,,0.0,,,,,,,,,
7044000,1761,0.0,,5.684445381164551,,,,0.0,,,,,,,,,
7048000,1762,0.0,,0.0036484245210886,,,,0.0,,,,,,,,,
7052000,1763,0.0,,0.002762344665825367,,,,0.0,,,,,,,,,
7056000,1764,0.0,,0.0024050800129771233,,,,0.0,,,,,,,,,
7060000,1765,0.0,,6.69857120513916,,,,0.0,,,,,,,,,
7064000,1766,0.0,,3.735788106918335,,,,0.0,,,,,,,,,
7068000,1767,0.0,,3.7334542274475098,,,,0.0,,,,,,,,,
7072000,1768,0.0,,3.055391550064087,,,,0.0,,,,,,,,,
7076000,1769,0.0,,0.003524846164509654,,,,0.0,,,,,,,,,
7080000,1770,0.0,,0.0025445371866226196,,,,0.0,,,,,,,,,
7084000,1771,0.0,,0.0023365127854049206,,,,0.0,,,,,,,,,
7088000,1772,0.0,,2.8281443119049072,,,,0.0,,,,,,,,,
7092000,1773,0.0,,0.002218507695943117,,,,0.0,,,,,,,,,
7096000,1774,0.0,,2.4843645095825195,,,,0.0,,,,,,,,,
7100000,1775,0.0,,1.339580774307251,,,,0.0,,,,,,,,,
7104000,1776,0.0,,0.002224135445430875,,,,0.0,,,,,,,,,
7108000,1777,0.0,,0.001836078823544085,,,,0.0,,,,,,,,,
7112000,1778,0.0,,0.0015759349334985018,,,,0.0,,,,,,,,,
7116000,1779,0.0,,9.593868255615234,,,,0.0,,,,,,,,,
7120000,1780,0.0,,0.004829057026654482,,,,0.0,,,,,,,,,
7124000,1781,0.0,,6.379835605621338,,,,0.0,,,,,,,,,
7128000,1782,0.0,,6.656838417053223,,,,0.0,,,,,,,,,
7132000,1783,0.0,,0.005493072792887688,,,,0.0,,,,,,,,,
7136000,1784,0.0,,0.0046558380126953125,,,,0.0,,,,,,,,,
7140000,1785,0.0,,5.38442850112915,,,,0.0,,,,,,,,,
7144000,1786,0.0,,7.6170172691345215,,,,0.0,,,,,,,,,
7148000,1787,0.0,,4.606193542480469,,,,0.0,,,,,,,,,
7152000,1788,0.0,,0.006698082201182842,,,,0.0,,,,,,,,,
7156000,1789,0.0,,0.004592083394527435,,,,0.0,,,,,,,,,
7160000,1790,0.0,,4.83463191986084,,,,0.0,,,,,,,,,
7164000,1791,0.0,,0.0032972642220556736,,,,0.0,,,,,,,,,
7168000,1792,0.0,,0.0029420515056699514,,,,0.0,,,,,,,,,
7172000,1793,0.0,,5.208516597747803,,,,0.0,,,,,,,,,
7176000,1794,0.0,,0.0037478203885257244,,,,0.0,,,,,,,,,
7180000,1795,0.0,,4.55586051940918,,,,0.0,,,,,,,,,
7184000,1796,0.0,,2.4418532848358154,,,,0.0,,,,,,,,,
7188000,1797,0.0,,0.0032383212819695473,,,,0.0,,,,,,,,,
7192000,1798,0.0,,0.002776816487312317,,,,0.0,,,,,,,,,
7196000,1799,0.0,,6.673216819763184,,,,0.0,,,,,,,,,
7200000,1800,0.0,,0.003107972675934434,,,,0.0,,,,,,,,,
7204000,1801,0.0,,0.0023437512572854757,,,,0.0,,,,,,,,,
7208000,1802,0.0,,0.002240832895040512,,,,0.0,,,,,,,,,
7212000,1803,0.0,,0.002080900128930807,,,,0.0,,,,,,,,,
7216000,1804,0.0,,0.001932397484779358,,,,0.0,,,,,,,,,
7220000,1805,0.0,,0.0017897377256304026,,,,0.0,,,,,,,,,
7224000,1806,0.0,,12.793989181518555,,,,0.0,,,,,,,,,
7228000,1807,0.0,,0.005844421684741974,,,,0.0,,,,,,,,,
7232000,1808,0.0,,2.565274715423584,,,,0.0,,,,,,,,,
7236000,1809,0.0,,3.7925093173980713,,,,0.0,,,,,,,,,
7240000,1810,0.0,,0.004089854657649994,,,,0.0,,,,,,,,,
7244000,1811,0.0,,3.7867543697357178,,,,0.0,,,,,,,,,
7248000,1812,0.0,,0.0031040397007018328,,,,0.0,,,,,,,,,
7252000,1813,0.0,,0.0025916150771081448,,,,0.0,,,,,,,,,
7256000,1814,0.0,,2.4591259956359863,,,,0.0,,,,,,,,,
7260000,1815,0.0,,2.8839821815490723,,,,0.0,,,,,,,,,
7264000,1816,0.0,,0.0025707785971462727,,,,0.0,,,,,,,,,
7268000,1817,0.0,,0.0021218752954155207,,,,0.0,,,,,,,,,
7272000,1818,0.0,,0.00180716160684824,,,,0.0,,,,,,,,,
7276000,1819,0.0,,0.0015886571491137147,,,,0.0,,,,,,,,,
7280000,1820,0.0,,5.526139736175537,,,,0.0,,,,,,,,,
7284000,1821,0.0,,0.0019999812357127666,,,,0.0,,,,,,,,,
7288000,1822,0.0,,0.0019009795505553484,,,,0.0,,,,,,,,,
7292000,1823,0.0,,0.0018074526451528072,,,,0.0,,,,,,,,,
7296000,1824,0.0,,0.0015263003297150135,,,,0.0,,,,,,,,,
7300000,1825,0.0,,0.0017182626761496067,,,,0.0,,,,,,,,,
7304000,1826,0.0,,0.0012342773843556643,,,,0.0,,,,,,,,,
7308000,1827,0.0,,4.6367621421813965,,,,0.0,,,,,,,,,
7312000,1828,0.0,,0.0023025069385766983,,,,0.0,,,,,,,,,
7316000,1829,0.0,,0.0016611350001767278,,,,0.0,,,,,,,,,
7320000,1830,0.0,,0.0014137877151370049,,,,0.0,,,,,,,,,
7324000,1831,0.0,,0.0012565830256789923,,,,0.0,,,,,,,,,
7328000,1832,0.0,,0.0014096602099016309,,,,0.0,,,,,,,,,
7332000,1833,0.125,,0.0011877575889229774,,,,0.125,,,,,,,,,
7336000,1834,0.0,,0.0011567872716113925,,,,0.0,,,,,,,,,
7340000,1835,0.0,,0.002099256496876478,,,,0.0,,,,,,,,,
7344000,1836,0.0,,0.0017794701270759106,,,,0.0,,,,,,,,,
7348000,1837,0.0,,0.0011599052231758833,,,,0.0,,,,,,,,,
7352000,1838,0.0,,3.619670867919922,,,,0.0,,,,,,,,,
7356000,1839,0.0,,3.615553379058838,,,,0.0,,,,,,,,,
7360000,1840,0.0,,0.0016818552976474166,,,,0.0,,,,,,,,,
7364000,1841,0.0,,11.70378589630127,,,,0.0,,,,,,,,,
7368000,1842,0.125,,4.921276092529297,,,,0.125,,,,,,,,,
7372000,1843,0.0,,0.01964409276843071,,,,0.0,,,,,,,,,
7376000,1844,0.0,,1.5088703632354736,,,,0.0,,,,,,,,,
7380000,1845,0.0,,2.571787118911743,,,,0.0,,,,,,,,,
7384000,1846,0.0,,0.02286459133028984,,,,0.0,,,,,,,,,
7388000,1847,0.0,,0.017209483310580254,,,,0.0,,,,,,,,,
7392000,1848,0.0,,2.4133925437927246,,,,0.0,,,,,,,,,
7396000,1849,0.0,,0.02338358946144581,,,,0.0,,,,,,,,,
7400000,1850,0.0,,0.019441869109869003,,,,0.0,,,,,,,,,
7404000,1851,0.0,,3.7388546466827393,,,,0.0,,,,,,,,,
7408000,1852,0.0,,0.013557987287640572,,,,0.0,,,,,,,,,
7412000,1853,0.0,,0.011161746457219124,,,,0.0,,,,,,,,,
7416000,1854,0.0,,0.009350284934043884,,,,0.0,,,,,,,,,
7420000,1855,0.0,,0.007678283378481865,,,,0.0,,,,,,,,,
7424000,1856,0.0,,0.006265044212341309,,,,0.0,,,,,,,,,
7428000,1857,0.0,,2.4021735191345215,,,,0.0,,,,,,,,,
7432000,1858,0.0,,12.376489639282227,,,,0.0,,,,,,,,,
7436000,1859,0.0,,0.00809451099485159,,,,0.0,,,,,,,,,
7440000,1860,0.0,,0.006525236181914806,,,,0.0,,,,,,,,,
7444000,1861,0.0,,0.004633340053260326,,,,0.0,,,,,,,,,
7448000,1862,0.0,,3.5341362953186035,,,,0.0,,,,,,,,,
7452000,1863,0.0,,0.004032129421830177,,,,0.0,,,,,,,,,
7456000,1864,0.0,,0.0034029949456453323,,,,0.0,,,,,,,,,
7460000,1865,0.0,,2.7095015048980713,,,,0.0,,,,,,,,,
7464000,1866,0.0,,0.0028163217939436436,,,,0.0,,,,,,,,,
7468000,1867,0.0,,0.0028422351460903883,,,,0.0,,,,,,,,,
7472000,1868,0.0,,2.3004586696624756,,,,0.0,,,,,,,,,
7476000,1869,0.0,,5.524941921234131,,,,0.0,,,,,,,,,
7480000,1870,0.0,,0.0037065171636641026,,,,0.0,,,,,,,,,
7484000,1871,0.0,,0.0021217893809080124,,,,0.0,,,,,,,,,
7488000,1872,0.0,,0.0023031714372336864,,,,0.0,,,,,,,,,
7492000,1873,0.0,,0.0019490462727844715,,,,0.0,,,,,,,,,
7496000,1874,0.0,,0.0016353405080735683,,,,0.0,,,,,,,,,
7500000,1875,0.0,,2.299147844314575,,,,0.0,,,,,,,,,
7504000,1876,0.0,,0.003542534541338682,,,,0.0,,,,,,,,,
7508000,1877,0.0,,0.002435606438666582,,,,0.0,,,,,,,,,
7512000,1878,0.0,,0.0018057168927043676,,,,0.0,,,,,,,,,
7516000,1879,0.0,,0.0017077445518225431,,,,0.0,,,,,,,,,
7520000,1880,0.0,,2.300471305847168,,,,0.0,,,,,,,,,
7524000,1881,0.0,,3.4455482959747314,,,,0.0,,,,,,,,,
7528000,1882,0.0,,2.7034356594085693,,,,0.0,,,,,,,,,
7532000,1883,0.0,,2.3486056327819824,,,,0.0,,,,,,,,,
7536000,1884,0.0,,0.003211530391126871,,,,0.0,,,,,,,,,
7540000,1885,0.0,,0.0021247118711471558,,,,0.0,,,,,,,,,
7544000,1886,0.0,,0.00202882569283247,,,,0.0,,,,,,,,,
7548000,1887,0.0,,0.0024687107652425766,,,,0.0,,,,,,,,,
7552000,1888,0.0,,6.937099456787109,,,,0.0,,,,,,,,,
7556000,1889,0.0,,0.0022707509342581034,,,,0.0,,,,,,,,,
7560000,1890,0.0,,0.001716263359412551,,,,0.0,,,,,,,,,
7564000,1891,0.0,,6.52784538269043,,,,0.0,,,,,,,,,
7568000,1892,0.0,,0.002380886347964406,,,,0.0,,,,,,,,,
7572000,1893,0.0,,2.313539981842041,,,,0.0,,,,,,,,,
7576000,1894,0.0,,6.976059913635254,,,,0.0,,,,,,,,,
7580000,1895,0.125,,3.542508125305176,,,,0.125,,,,,,,,,
7584000,1896,0.0,,0.005817135330289602,,,,0.0,,,,,,,,,
7588000,1897,0.0,,12.319833755493164,,,,0.0,,,,,,,,,
7592000,1898,0.0,,0.21299657225608826,,,,0.0,,,,,,,,,
7596000,1899,0.0,,6.338114261627197,,,,0.0,,,,,,,,,
7600000,1900,0.0,,10.04955005645752,,,,0.0,,,,,,,,,
7604000,1901,0.0,,9.786999702453613,,,,0.0,,,,,,,,,
7608000,1902,0.0,,0.08964090049266815,,,,0.0,,,,,,,,,
7612000,1903,0.0,,8.02392578125,,,,0.0,,,,,,,,,
7616000,1904,0.0,,4.965464115142822,,,,0.0,,,,,,,,,
7620000,1905,0.0,,0.044532205909490585,,,,0.0,,,,,,,,,
7624000,1906,0.0,,3.961059331893921,,,,0.0,,,,,,,,,
7628000,1907,0.0,,0.02930350974202156,,,,0.0,,,,,,,,,
7632000,1908,0.0,,0.024711329489946365,,,,0.0,,,,,,,,,
7636000,1909,0.0,,0.02066121995449066,,,,0.0,,,,,,,,,
7640000,1910,0.0,,0.016858672723174095,,,,0.0,,,,,,,,,
7644000,1911,0.0,,4.363110065460205,,,,0.0,,,,,,,,,
7648000,1912,0.0,,2.628434896469116,,,,0.0,,,,,,,,,
7652000,1913,0.0,,0.011912554502487183,,,,0.0,,,,,,,,,
7656000,1914,0.0,,10.987296104431152,,,,0.0,,,,,,,,,
7660000,1915,0.0,,0.011371159926056862,,,,0.0,,,,,,,,,
7664000,1916,0.0,,0.010890712030231953,,,,0.0,,,,,,,,,
7668000,1917,0.0,,6.010932445526123,,,,0.0,,,,,,,,,
7672000,1918,0.0,,6.430109024047852,,,,0.0,,,,,,,,,
7676000,1919,0.0,,3.4797472953796387,,,,0.0,,,,,,,,,
7680000,1920,0.0,,0.009801066480576992,,,,0.0,,,,,,,,,
7684000,1921,0.0,,0.008063383400440216,,,,0.0,,,,,,,,,
7688000,1922,0.0,,0.006887790746986866,,,,0.0,,,,,,,,,
7692000,1923,0.0,,0.0062801125459373,,,,0.0,,,,,,,,,
7696000,1924,0.0,,0.0051299091428518295,,,,0.0,,,,,,,,,
7700000,1925,0.125,,2.1889655590057373,,,,0.125,,,,,,,,,
7704000,1926,0.0,,2.347569227218628,,,,0.0,,,,,,,,,
7708000,1927,0.0,,7.294453144073486,,,,0.0,,,,,,,,,
7712000,1928,0.0,,20.629268646240234,,,,0.0,,,,,,,,,
7716000,1929,0.0,,8.530731201171875,,,,0.0,,,,,,,,,
7720000,1930,0.0,,0.0850127637386322,,,,0.0,,,,,,,,,
7724000,1931,0.0,,3.2997994422912598,,,,0.0,,,,,,,,,
7728000,1932,0.0,,7.000388145446777,,,,0.0,,,,,,,,,
7732000,1933,0.0,,10.244735717773438,,,,0.0,,,,,,,,,
7736000,1934,0.0,,0.025321494787931442,,,,0.0,,,,,,,,,
7740000,1935,0.0,,0.01684047095477581,,,,0.0,,,,,,,,,
7744000,1936,0.0,,6.615485191345215,,,,0.0,,,,,,,,,
7748000,1937,0.0,,2.2944605350494385,,,,0.0,,,,,,,,,
7752000,1938,0.0,,0.011952350847423077,,,,0.0,,,,,,,,,
7756000,1939,0.125,,0.012252146378159523,,,,0.125,,,,,,,,,
7760000,1940,0.0,,5.889115333557129,,,,0.0,,,,,,,,,
7764000,1941,0.0,,0.008778870105743408,,,,0.0,,,,,,,,,
7768000,1942,0.0,,0.008579137735068798,,,,0.0,,,,,,,,,
7772000,1943,0.0,,3.183269739151001,,,,0.0,,,,,,,,,
7776000,1944,0.0,,0.008057060651481152,,,,0.0,,,,,,,,,
7780000,1945,0.0,,0.006805982440710068,,,,0.0,,,,,,,,,
7784000,1946,0.125,,6.356122970581055,,,,0.125,,,,,,,,,
7788000,1947,0.0,,7.56396484375,,,,0.0,,,,,,,,,
7792000,1948,0.0,,1.1665948629379272,,,,0.0,,,,,,,,,
7796000,1949,0.0,,1.1391127109527588,,,,0.0,,,,,,,,,
7800000,1950,0.0,,10.294532775878906,,,,0.0,,,,,,,,,
7804000,1951,0.0,,2.2881205081939697,,,,0.0,,,,,,,,,
7808000,1952,0.0,,2.094083309173584,,,,0.0,,,,,,,,,
7812000,1953,0.0,,2.117792844772339,,,,0.0,,,,,,,,,
7816000,1954,0.0,,2.0440943241119385,,,,0.0,,,,,,,,,
7820000,1955,0.0,,5.591710567474365,,,,0.0,,,,,,,,,
7824000,1956,0.0,,9.161931991577148,,,,0.0,,,,,,,,,
7828000,1957,0.0,,3.875539541244507,,,,0.0,,,,,,,,,
7832000,1958,0.0,,3.1175200939178467,,,,0.0,,,,,,,,,
7836000,1959,0.0,,0.008348874747753143,,,,0.0,,,,,,,,,
7840000,1960,0.0,,7.046773910522461,,,,0.0,,,,,,,,,
7844000,1961,0.0,,0.009301370941102505,,,,0.0,,,,,,,,,
7848000,1962,0.0,,11.449012756347656,,,,0.0,,,,,,,,,
7852000,1963,0.0,,2.2333133220672607,,,,0.0,,,,,,,,,
7856000,1964,0.125,,0.013354639522731304,,,,0.125,,,,,,,,,
7860000,1965,0.0,,0.010416299104690552,,,,0.0,,,,,,,,,
7864000,1966,0.0,,0.008944327011704445,,,,0.0,,,,,,,,,
7868000,1967,0.0,,5.736265182495117,,,,0.0,,,,,,,,,
7872000,1968,0.0,,0.007696853950619698,,,,0.0,,,,,,,,,
7876000,1969,0.0,,7.651427268981934,,,,0.0,,,,,,,,,
7880000,1970,0.0,,6.84633731842041,,,,0.0,,,,,,,,,
7884000,1971,0.0,,7.719127178192139,,,,0.0,,,,,,,,,
7888000,1972,0.0,,1.9650275707244873,,,,0.0,,,,,,,,,
7892000,1973,0.0,,9.058350563049316,,,,0.0,,,,,,,,,
7896000,1974,0.0,,5.302765846252441,,,,0.0,,,,,,,,,
7900000,1975,0.0,,3.02516770362854,,,,0.0,,,,,,,,,
7904000,1976,0.0,,7.652065277099609,,,,0.0,,,,,,,,,
7908000,1977,0.0,,3.963620662689209,,,,0.0,,,,,,,,,
7912000,1978,0.0,,0.010610193014144897,,,,0.0,,,,,,,,,
7916000,1979,0.0,,0.009352480992674828,,,,0.0,,,,,,,,,
7920000,1980,0.0,,7.763037204742432,,,,0.0,,,,,,,,,
7924000,1981,0.0,,1.110604166984558,,,,0.0,,,,,,,,,
7928000,1982,0.0,,5.8424906730651855,,,,0.0,,,,,,,,,
7932000,1983,0.0,,10.79008674621582,,,,0.0,,,,,,,,,
7936000,1984,0.0,,11.540867805480957,,,,0.0,,,,,,,,,
7940000,1985,0.0,,2.1418941020965576,,,,0.0,,,,,,,,,
7944000,1986,0.0,,4.003052711486816,,,,0.0,,,,,,,,,
7948000,1987,0.0,,0.01814320869743824,,,,0.0,,,,,,,,,
7952000,1988,0.0,,0.015308421105146408,,,,0.0,,,,,,,,,
7956000,1989,0.0,,2.050960063934326,,,,0.0,,,,,,,,,
7960000,1990,0.0,,3.3439910411834717,,,,0.0,,,,,,,,,
7964000,1991,0.0,,7.970860481262207,,,,0.0,,,,,,,,,
7968000,1992,0.0,,0.01225220412015915,,,,0.0,,,,,,,,,
7972000,1993,0.0,,5.179597854614258,,,,0.0,,,,,,,,,
7976000,1994,0.0,,4.273301124572754,,,,0.0,,,,,,,,,
7980000,1995,0.0,,2.2521347999572754,,,,0.0,,,,,,,,,
7984000,1996,0.0,,0.011261544190347195,,,,0.0,,,,,,,,,
7988000,1997,0.0,,0.009568041190505028,,,,0.0,,,,,,,,,
7992000,1998,0.0,,3.604665994644165,,,,0.0,,,,,,,,,
7996000,1999,0.0,,0.010272704064846039,,,,0.0,,,,,,,,,
8000000,2000,0.0,,12.034423828125,,,,0.0,,,,,,,,,
8004000,2001,0.0,,0.01299615390598774,,,,0.0,,,,,,,,,
8008000,2002,0.125,,0.010569397360086441,,,,0.125,,,,,,,,,
8012000,2003,0.0,,4.348050117492676,,,,0.0,,,,,,,,,
8016000,2004,0.0,,11.161141395568848,,,,0.0,,,,,,,,,
8020000,2005,0.0,,9.540526390075684,,,,0.0,,,,,,,,,
8024000,2006,0.0,,2.305856227874756,,,,0.0,,,,,,,,,
8028000,2007,0.0,,1.1093980073928833,,,,0.0,,,,,,,,,
8032000,2008,0.0,,6.949090957641602,,,,0.0,,,,,,,,,
8036000,2009,0.0,,4.6960554122924805,,,,0.0,,,,,,,,,
8040000,2010,0.0,,11.68351936340332,,,,0.0,,,,,,,,,
8044000,2011,0.0,,5.048857688903809,,,,0.0,,,,,,,,,
8048000,2012,0.0,,3.261190414428711,,,,0.0,,,,,,,,,
8052000,2013,0.0,,0.012475202791392803,,,,0.0,,,,,,,,,
8056000,2014,0.0,,5.131540775299072,,,,0.0,,,,,,,,,
8060000,2015,0.0,,0.009311451576650143,,,,0.0,,,,,,,,,
8064000,2016,0.0,,5.874125003814697,,,,0.0,,,,,,,,,
8068000,2017,0.0,,2.0098421573638916,,,,0.0,,,,,,,,,
8072000,2018,0.0,,9.912318229675293,,,,0.0,,,,,,,,,
8076000,2019,0.0,,4.853388786315918,,,,0.0,,,,,,,,,
8080000,2020,0.0,,5.112379550933838,,,,0.0,,,,,,,,,
8084000,2021,0.125,,3.035938024520874,,,,0.125,,,,,,,,,
8088000,2022,0.0,,3.7332348823547363,,,,0.0,,,,,,,,,
8092000,2023,0.0,,5.424863338470459,,,,0.0,,,,,,,,,
8096000,2024,0.0,,0.009930873289704323,,,,0.0,,,,,,,,,
8100000,2025,0.0,,12.838032722473145,,,,0.0,,,,,,,,,
8104000,2026,0.0,,6.38005256652832,,,,0.0,,,,,,,,,
8108000,2027,0.0,,3.8877053260803223,,,,0.0,,,,,,,,,
8112000,2028,0.0,,6.009097576141357,,,,0.0,,,,,,,,,
8116000,2029,0.0,,7.245731353759766,,,,0.0,,,,,,,,,
8120000,2030,0.0,,5.404508590698242,,,,0.0,,,,,,,,,
8124000,2031,0.0,,0.008898710831999779,,,,0.0,,,,,,,,,
8128000,2032,0.0,,0.00983726978302002,,,,0.0,,,,,,,,,
8132000,2033,0.0,,14.855789184570312,,,,0.0,,,,,,,,,
8136000,2034,0.0,,0.9171350598335266,,,,0.0,,,,,,,,,
8140000,2035,0.0,,2.8848090171813965,,,,0.0,,,,,,,,,
8144000,2036,0.0,,2.9540576934814453,,,,0.0,,,,,,,,,
8148000,2037,0.0,,0.00837783981114626,,,,0.0,,,,,,,,,
8152000,2038,0.0,,0.008936403319239616,,,,0.0,,,,,,,,,
8156000,2039,0.125,,2.9597866535186768,,,,0.125,,,,,,,,,
8160000,2040,0.0,,0.006833710242062807,,,,0.0,,,,,,,,,
8164000,2041,0.0,,8.997300148010254,,,,0.0,,,,,,,,,
8168000,2042,0.0,,2.0103354454040527,,,,0.0,,,,,,,,,
8172000,2043,0.0,,4.593543529510498,,,,0.0,,,,,,,,,
8176000,2044,0.0,,11.295941352844238,,,,0.0,,,,,,,,,
8180000,2045,0.0,,1.9044383764266968,,,,0.0,,,,,,,,,
8184000,2046,0.0,,3.751668930053711,,,,0.0,,,,,,,,,
8188000,2047,0.0,,1.924251675605774,,,,0.0,,,,,,,,,
8192000,2048,0.0,,2.838928699493408,,,,0.0,,,,,,,,,
8196000,2049,0.0,,12.669271469116211,,,,0.0,,,,,,,,,
8200000,2050,0.0,,8.7869291305542,,,,0.0,,,,,,,,,
8204000,2051,0.0,,1.9135078191757202,,,,0.0,,,,,,,,,
8208000,2052,0.0,,2.753689765930176,,,,0.0,,,,,,,,,
8212000,2053,0.0,,0.01392090879380703,,,,0.0,,,,,,,,,
8216000,2054,0.0,,1.9032939672470093,,,,0.0,,,,,,,,,
8220000,2055,0.0,,3.93483304977417,,,,0.0,,,,,,,,,
8224000,2056,0.0,,1.0288448333740234,,,,0.0,,,,,,,,,
8228000,2057,0.0,,8.349010467529297,,,,0.0,,,,,,,,,
8232000,2058,0.0,,3.0185813903808594,,,,0.0,,,,,,,,,
8236000,2059,0.0,,1.983095645904541,,,,0.0,,,,,,,,,
8240000,2060,0.0,,5.937224388122559,,,,0.0,,,,,,,,,
8244000,2061,0.0,,1.1388967037200928,,,,0.0,,,,,,,,,
8248000,2062,0.0,,5.2139458656311035,,,,0.0,,,,,,,,,
8252000,2063,0.0,,2.617067575454712,,,,0.0,,,,,,,,,
8256000,2064,0.0,,1.9199422597885132,,,,0.0,,,,,,,,,
8260000,2065,0.0,,0.008754866197705269,,,,0.0,,,,,,,,,
8264000,2066,0.0,,0.006921457126736641,,,,0.0,,,,,,,,,
8268000,2067,0.0,,0.005482576787471771,,,,0.0,,,,,,,,,
8272000,2068,0.0,,2.877098560333252,,,,0.0,,,,,,,,,
8276000,2069,0.0,,1.748010277748108,,,,0.0,,,,,,,,,
8280000,2070,0.125,,0.007828645408153534,,,,0.125,,,,,,,,,
8284000,2071,0.0,,0.004872125573456287,,,,0.0,,,,,,,,,
8288000,2072,0.0,,0.007052456960082054,,,,0.0,,,,,,,,,
8292000,2073,0.0,,0.005334861576557159,,,,0.0,,,,,,,,,
8296000,2074,0.125,,3.1997251510620117,,,,0.125,,,,,,,,,
8300000,2075,0.0,,4.779857635498047,,,,0.0,,,,,,,,,
8304000,2076,0.0,,0.005617116577923298,,,,0.0,,,,,,,,,
8308000,2077,0.0,,0.006575839128345251,,,,0.0,,,,,,,,,
8312000,2078,0.0,,13.671821594238281,,,,0.0,,,,,,,,,
8316000,2079,0.0,,6.858581066131592,,,,0.0,,,,,,,,,
8320000,2080,0.0,,4.751110553741455,,,,0.0,,,,,,,,,
8324000,2081,0.0,,2.7427570819854736,,,,0.0,,,,,,,,,
8328000,2082,0.0,,10.160987854003906,,,,0.0,,,,,,,,,
8332000,2083,0.0,,5.466671466827393,,,,0.0,,,,,,,,,
8336000,2084,0.0,,4.779365062713623,,,,0.0,,,,,,,,,
8340000,2085,0.125,,7.585431098937988,,,,0.125,,,,,,,,,
8344000,2086,0.0,,0.9150791764259338,,,,0.0,,,,,,,,,
8348000,2087,0.0,,10.022844314575195,,,,0.0,,,,,,,,,
8352000,2088,0.0,,0.01727375201880932,,,,0.0,,,,,,,,,
8356000,2089,0.0,,8.197556495666504,,,,0.0,,,,,,,,,
8360000,2090,0.0,,1.9810925722122192,,,,0.0,,,,,,,,,
8364000,2091,0.125,,5.475924491882324,,,,0.125,,,,,,,,,
8368000,2092,0.0,,0.011235348880290985,,,,0.0,,,,,,,,,
8372000,2093,0.0,,0.009293545968830585,,,,0.0,,,,,,,,,
8376000,2094,0.0,,6.386396884918213,,,,0.0,,,,,,,,,
8380000,2095,0.0,,0.010675446130335331,,,,0.0,,,,,,,,,
8384000,2096,0.125,,4.564587116241455,,,,0.125,,,,,,,,,
8388000,2097,0.0,,3.6540467739105225,,,,0.0,,,,,,,,,
8392000,2098,0.0,,5.128570556640625,,,,0.0,,,,,,,,,
8396000,2099,0.0,,5.945990562438965,,,,0.0,,,,,,,,,
8400000,2100,0.0,,0.011160522699356079,,,,0.0,,,,,,,,,
8404000,2101,0.0,,3.94028639793396,,,,0.0,,,,,,,,,
8408000,2102,0.0,,3.5497992038726807,,,,0.0,,,,,,,,,
8412000,2103,0.0,,7.296576976776123,,,,0.0,,,,,,,,,
8416000,2104,0.0,,0.011694044806063175,,,,0.0,,,,,,,,,
8420000,2105,0.0,,1.0019047260284424,,,,0.0,,,,,,,,,
8424000,2106,0.0,,3.972053050994873,,,,0.0,,,,,,,,,
8428000,2107,0.125,,0.00993642583489418,,,,0.125,,,,,,,,,
8432000,2108,0.125,,11.839371681213379,,,,0.125,,,,,,,,,
8436000,2109,0.0,,7.991230010986328,,,,0.0,,,,,,,,,
8440000,2110,0.0,,6.931182861328125,,,,0.0,,,,,,,,,
8444000,2111,0.0,,5.646682262420654,,,,0.0,,,,,,,,,
8448000,2112,0.0,,6.355780601501465,,,,0.0,,,,,,,,,
8452000,2113,0.0,,11.924980163574219,,,,0.0,,,,,,,,,
8456000,2114,0.0,,4.667074680328369,,,,0.0,,,,,,,,,
8460000,2115,0.0,,5.270371437072754,,,,0.0,,,,,,,,,
8464000,2116,0.0,,0.013865294866263866,,,,0.0,,,,,,,,,
8468000,2117,0.0,,6.21103048324585,,,,0.0,,,,,,,,,
8472000,2118,0.0,,7.649961471557617,,,,0.0,,,,,,,,,
8476000,2119,0.125,,3.309392213821411,,,,0.125,,,,,,,,,
8480000,2120,0.0,,7.926652908325195,,,,0.0,,,,,,,,,
8484000,2121,0.0,,5.201406478881836,,,,0.0,,,,,,,,,
8488000,2122,0.0,,0.010327562689781189,,,,0.0,,,,,,,,,
8492000,2123,0.0,,7.129137992858887,,,,0.0,,,,,,,,,
8496000,2124,0.0,,8.537367820739746,,,,0.0,,,,,,,,,
8500000,2125,0.0,,6.81187629699707,,,,0.0,,,,,,,,,
8504000,2126,0.0,,3.2118194103240967,,,,0.0,,,,,,,,,
8508000,2127,0.125,,2.6331634521484375,,,,0.125,,,,,,,,,
8512000,2128,0.125,,2.77233624458313,,,,0.125,,,,,,,,,
8516000,2129,0.125,,4.170158386230469,,,,0.125,,,,,,,,,
8520000,2130,0.0,,0.915242612361908,,,,0.0,,,,,,,,,
8524000,2131,0.0,,12.936988830566406,,,,0.0,,,,,,,,,
8528000,2132,0.0,,1.7897453308105469,,,,0.0,,,,,,,,,
8532000,2133,0.0,,6.053060531616211,,,,0.0,,,,,,,,,
8536000,2134,0.0,,0.01834423840045929,,,,0.0,,,,,,,,,
8540000,2135,0.0,,5.586212635040283,,,,0.0,,,,,,,,,
8544000,2136,0.0,,2.66207218170166,,,,0.0,,,,,,,,,
8548000,2137,0.125,,8.935080528259277,,,,0.125,,,,,,,,,
8552000,2138,0.0,,4.531737804412842,,,,0.0,,,,,,,,,
8556000,2139,0.0,,9.994132995605469,,,,0.0,,,,,,,,,
8560000,2140,0.125,,12.196950912475586,,,,0.125,,,,,,,,,
8564000,2141,0.0,,5.505004405975342,,,,0.0,,,,,,,,,
8568000,2142,0.0,,7.673495769500732,,,,0.0,,,,,,,,,
8572000,2143,0.0,,16.783843994140625,,,,0.0,,,,,,,,,
8576000,2144,0.0,,9.712066650390625,,,,0.0,,,,,,,,,
8580000,2145,0.0,,14.321420669555664,,,,0.0,,,,,,,,,
8584000,2146,0.0,,12.831535339355469,,,,0.0,,,,,,,,,
8588000,2147,0.0,,7.205902099609375,,,,0.0,,,,,,,,,
8592000,2148,0.0,,4.41508150100708,,,,0.0,,,,,,,,,
8596000,2149,0.0,,1.518420696258545,,,,0.0,,,,,,,,,
8600000,2150,0.125,,6.0739054679870605,,,,0.125,,,,,,,,,
8604000,2151,0.125,,3.803236246109009,,,,0.125,,,,,,,,,
8608000,2152,0.0,,5.26426887512207,,,,0.0,,,,,,,,,
8612000,2153,0.0,,0.8135404586791992,,,,0.0,,,,,,,,,
8616000,2154,0.0,,10.475545883178711,,,,0.0,,,,,,,,,
8620000,2155,0.0,,6.852582931518555,,,,0.0,,,,,,,,,
8624000,2156,0.0,,10.388778686523438,,,,0.0,,,,,,,,,
8628000,2157,0.0,,5.5084943771362305,,,,0.0,,,,,,,,,
8632000,2158,0.0,,15.16075325012207,,,,0.0,,,,,,,,,
8636000,2159,0.0,,8.979879379272461,,,,0.0,,,,,,,,,
8640000,2160,0.125,,9.333625793457031,,,,0.125,,,,,,,,,
8644000,2161,0.0,,7.9202728271484375,,,,0.0,,,,,,,,,
8648000,2162,0.0,,12.609722137451172,,,,0.0,,,,,,,,,
8652000,2163,0.0,,4.6623945236206055,,,,0.0,,,,,,,,,
8656000,2164,0.0,,10.578145027160645,,,,0.0,,,,,,,,,
8660000,2165,0.0,,1.550394892692566,,,,0.0,,,,,,,,,
8664000,2166,0.0,,1.5292816162109375,,,,0.0,,,,,,,,,
8668000,2167,0.0,,8.459556579589844,,,,0.0,,,,,,,,,
8672000,2168,0.125,,8.490427017211914,,,,0.125,,,,,,,,,
8676000,2169,0.0,,0.033017463982105255,,,,0.0,,,,,,,,,
8680000,2170,0.0,,12.632599830627441,,,,0.0,,,,,,,,,
8684000,2171,0.125,,5.208599090576172,,,,0.125,,,,,,,,,
8688000,2172,0.0,,7.051456451416016,,,,0.0,,,,,,,,,
8692000,2173,0.0,,8.874835968017578,,,,0.0,,,,,,,,,
8696000,2174,0.0,,12.733879089355469,,,,0.0,,,,,,,,,
8700000,2175,0.125,,10.743204116821289,,,,0.125,,,,,,,,,
8704000,2176,0.0,,8.52486801147461,,,,0.0,,,,,,,,,
8708000,2177,0.0,,2.166299819946289,,,,0.0,,,,,,,,,
8712000,2178,0.0,,6.778315544128418,,,,0.0,,,,,,,,,
8716000,2179,0.0,,13.897318840026855,,,,0.0,,,,,,,,,
8720000,2180,0.0,,8.164576530456543,,,,0.0,,,,,,,,,
8724000,2181,0.0,,7.466328144073486,,,,0.0,,,,,,,,,
8728000,2182,0.0,,4.466853141784668,,,,0.0,,,,,,,,,
8732000,2183,0.0,,10.475488662719727,,,,0.0,,,,,,,,,
8736000,2184,0.0,,6.314679145812988,,,,0.0,,,,,,,,,
8740000,2185,0.0,,9.896445274353027,,,,0.0,,,,,,,,,
8744000,2186,0.0,,10.474609375,,,,0.0,,,,,,,,,
8748000,2187,0.0,,6.5794358253479,,,,0.0,,,,,,,,,
8752000,2188,0.0,,8.78858470916748,,,,0.0,,,,,,,,,
8756000,2189,0.125,,13.762981414794922,,,,0.125,,,,,,,,,
8760000,2190,0.0,,0.05519292876124382,,,,0.0,,,,,,,,,
8764000,2191,0.0,,4.4304046630859375,,,,0.0,,,,,,,,,
8768000,2192,0.0,,9.799304008483887,,,,0.0,,,,,,,,,
8772000,2193,0.125,,8.20539665222168,,,,0.125,,,,,,,,,
8776000,2194,0.0,,10.491546630859375,,,,0.0,,,,,,,,,
8780000,2195,0.0,,11.96003532409668,,,,0.0,,,,,,,,,
8784000,2196,0.125,,9.35851764678955,,,,0.125,,,,,,,,,
8788000,2197,0.0,,2.7866299152374268,,,,0.0,,,,,,,,,
8792000,2198,0.0,,10.712318420410156,,,,0.0,,,,,,,,,
8796000,2199,0.0,,18.122222900390625,,,,0.0,,,,,,,,,
8800000,2200,0.0,,12.949544906616211,,,,0.0,,,,,,,,,
8804000,2201,0.0,,12.723751068115234,,,,0.0,,,,,,,,,
8808000,2202,0.0,,8.171700477600098,,,,0.0,,,,,,,,,
8812000,2203,0.0,,11.295618057250977,,,,0.0,,,,,,,,,
8816000,2204,0.0,,17.689472198486328,,,,0.0,,,,,,,,,
8820000,2205,0.0,,17.33232307434082,,,,0.0,,,,,,,,,
8824000,2206,0.0,,6.900604248046875,,,,0.0,,,,,,,,,
8828000,2207,0.0,,12.916810989379883,,,,0.0,,,,,,,,,
8832000,2208,0.0,,5.1313042640686035,,,,0.0,,,,,,,,,
8836000,2209,0.0,,10.051855087280273,,,,0.0,,,,,,,,,
8840000,2210,0.0,,6.2708539962768555,,,,0.0,,,,,,,,,
8844000,2211,0.0,,11.722166061401367,,,,0.0,,,,,,,,,
8848000,2212,0.0,,7.706156253814697,,,,0.0,,,,,,,,,
8852000,2213,0.0,,6.870733261108398,,,,0.0,,,,,,,,,
8856000,2214,0.0,,3.8783366680145264,,,,0.0,,,,,,,,,
8860000,2215,0.125,,14.277172088623047,,,,0.125,,,,,,,,,
8864000,2216,0.0,,8.779786109924316,,,,0.0,,,,,,,,,
8868000,2217,0.0,,10.556501388549805,,,,0.0,,,,,,,,,
8872000,2218,0.0,,7.286806583404541,,,,0.0,,,,,,,,,
8876000,2219,0.0,,8.173717498779297,,,,0.0,,,,,,,,,
8880000,2220,0.0,,5.022559642791748,,,,0.0,,,,,,,,,
8884000,2221,0.0,,9.38491439819336,,,,0.0,,,,,,,,,
8888000,2222,0.0,,4.629092693328857,,,,0.0,,,,,,,,,
8892000,2223,0.0,,10.920690536499023,,,,0.0,,,,,,,,,
8896000,2224,0.0,,3.052262306213379,,,,0.0,,,,,,,,,
8900000,2225,0.0,,9.181633949279785,,,,0.0,,,,,,,,,
8904000,2226,0.0,,9.511099815368652,,,,0.0,,,,,,,,,
8908000,2227,0.0,,6.512199401855469,,,,0.0,,,,,,,,,
8912000,2228,0.0,,12.729719161987305,,,,0.0,,,,,,,,,
8916000,2229,0.0,,5.774680137634277,,,,0.0,,,,,,,,,
8920000,2230,0.0,,7.785123825073242,,,,0.0,,,,,,,,,
8924000,2231,0.0,,9.365015983581543,,,,0.0,,,,,,,,,
8928000,2232,0.125,,9.337389945983887,,,,0.125,,,,,,,,,
8932000,2233,0.0,,2.054558753967285,,,,0.0,,,,,,,,,
8936000,2234,0.0,,4.097666263580322,,,,0.0,,,,,,,,,
8940000,2235,0.0,,9.466289520263672,,,,0.0,,,,,,,,,
8944000,2236,0.0,,4.3443522453308105,,,,0.0,,,,,,,,,
8948000,2237,0.125,,3.739581823348999,,,,0.125,,,,,,,,,
8952000,2238,0.0,,5.003576278686523,,,,0.0,,,,,,,,,
8956000,2239,0.0,,6.907386302947998,,,,0.0,,,,,,,,,
8960000,2240,0.0,,5.5760674476623535,,,,0.0,,,,,,,,,
8964000,2241,0.0,,3.181227445602417,,,,0.0,,,,,,,,,
8968000,2242,0.0,,3.038146495819092,,,,0.0,,,,,,,,,
8972000,2243,0.0,,14.34860897064209,,,,0.0,,,,,,,,,
8976000,2244,0.0,,4.471149444580078,,,,0.0,,,,,,,,,
8980000,2245,0.125,,7.128713607788086,,,,0.125,,,,,,,,,
8984000,2246,0.0,,0.07475246489048004,,,,0.0,,,,,,,,,
8988000,2247,0.0,,2.215546131134033,,,,0.0,,,,,,,,,
8992000,2248,0.0,,1.3230254650115967,,,,0.0,,,,,,,,,
8996000,2249,0.0,,9.709000587463379,,,,0.0,,,,,,,,,
9000000,2250,0.125,,2.6057937145233154,,,,0.125,,,,,,,,,
9004000,2251,0.0,,13.93814468383789,,,,0.0,,,,,,,,,
9008000,2252,0.0,,1.6942999362945557,,,,0.0,,,,,,,,,
9012000,2253,0.0,,3.77942156791687,,,,0.0,,,,,,,,,
9016000,2254,0.0,,5.338037490844727,,,,0.0,,,,,,,,,
9020000,2255,0.0,,4.026861190795898,,,,0.0,,,,,,,,,
9024000,2256,0.0,,6.226253509521484,,,,0.0,,,,,,,,,
9028000,2257,0.0,,1.8066532611846924,,,,0.0,,,,,,,,,
9032000,2258,0.0,,11.485580444335938,,,,0.0,,,,,,,,,
9036000,2259,0.0,,17.434053421020508,,,,0.0,,,,,,,,,
9040000,2260,0.0,,7.467281341552734,,,,0.0,,,,,,,,,
9044000,2261,0.0,,11.817605972290039,,,,0.0,,,,,,,,,
9048000,2262,0.0,,6.0806121826171875,,,,0.0,,,,,,,,,
9052000,2263,0.0,,8.16456413269043,,,,0.0,,,,,,,,,
9056000,2264,0.125,,3.182803153991699,,,,0.125,,,,,,,,,
9060000,2265,0.0,,5.465823173522949,,,,0.0,,,,,,,,,
9064000,2266,0.0,,4.338186264038086,,,,0.0,,,,,,,,,
9068000,2267,0.0,,9.96718692779541,,,,0.0,,,,,,,,,
9072000,2268,0.125,,4.778963088989258,,,,0.125,,,,,,,,,
9076000,2269,0.0,,13.122844696044922,,,,0.0,,,,,,,,,
9080000,2270,0.0,,3.6343994140625,,,,0.0,,,,,,,,,
9084000,2271,0.0,,4.872092247009277,,,,0.0,,,,,,,,,
9088000,2272,0.125,,8.193136215209961,,,,0.125,,,,,,,,,
9092000,2273,0.0,,3.859058141708374,,,,0.0,,,,,,,,,
9096000,2274,0.0,,6.958477020263672,,,,0.0,,,,,,,,,
9100000,2275,0.0,,4.638980865478516,,,,0.0,,,,,,,,,
9104000,2276,0.0,,6.161052227020264,,,,0.0,,,,,,,,,
9108000,2277,0.0,,0.11810842156410217,,,,0.0,,,,,,,,,
9112000,2278,0.0,,4.44632625579834,,,,0.0,,,,,,,,,
9116000,2279,0.0,,4.501721382141113,,,,0.0,,,,,,,,,
9120000,2280,0.0,,7.565861701965332,,,,0.0,,,,,,,,,
9124000,2281,0.125,,3.889946937561035,,,,0.125,,,,,,,,,
9128000,2282,0.0,,7.777188301086426,,,,0.0,,,,,,,,,
9132000,2283,0.0,,6.140966415405273,,,,0.0,,,,,,,,,
9136000,2284,0.0,,1.5865095853805542,,,,0.0,,,,,,,,,
9140000,2285,0.0,,10.560501098632812,,,,0.0,,,,,,,,,
9144000,2286,0.125,,3.687331199645996,,,,0.125,,,,,,,,,
9148000,2287,0.0,,2.899383068084717,,,,0.0,,,,,,,,,
9152000,2288,0.0,,7.653003692626953,,,,0.0,,,,,,,,,
9156000,2289,0.0,,5.358014106750488,,,,0.0,,,,,,,,,
9160000,2290,0.125,,2.651517152786255,,,,0.125,,,,,,,,,
9164000,2291,0.0,,5.957212924957275,,,,0.0,,,,,,,,,
9168000,2292,0.0,,13.156484603881836,,,,0.0,,,,,,,,,
9172000,2293,0.0,,6.500044345855713,,,,0.0,,,,,,,,,
9176000,2294,0.0,,2.3445374965667725,,,,0.0,,,,,,,,,
9180000,2295,0.0,,4.640236854553223,,,,0.0,,,,,,,,,
9184000,2296,0.125,,4.076352596282959,,,,0.125,,,,,,,,,
9188000,2297,0.0,,4.4465837478637695,,,,0.0,,,,,,,,,
9192000,2298,0.0,,5.983953952789307,,,,0.0,,,,,,,,,
9196000,2299,0.0,,5.352414608001709,,,,0.0,,,,,,,,,
9200000,2300,0.125,,12.516767501831055,,,,0.125,,,,,,,,,
9204000,2301,0.125,,0.07922045886516571,,,,0.125,,,,,,,,,
9208000,2302,0.125,,4.728372573852539,,,,0.125,,,,,,,,,
9212000,2303,0.0,,10.096877098083496,,,,0.0,,,,,,,,,
9216000,2304,0.0,,1.5483256578445435,,,,0.0,,,,,,,,,
9220000,2305,0.25,,5.814739227294922,,,,0.25,,,,,,,,,
9224000,2306,0.0,,9.103655815124512,,,,0.0,,,,,,,,,
9228000,2307,0.0,,12.085819244384766,,,,0.0,,,,,,,,,
9232000,2308,0.0,,2.8535070419311523,,,,0.0,,,,,,,,,
9236000,2309,0.0,,7.208608150482178,,,,0.0,,,,,,,,,
9240000,2310,0.0,,8.092216491699219,,,,0.0,,,,,,,,,
9244000,2311,0.0,,4.2053046226501465,,,,0.0,,,,,,,,,
9248000,2312,0.0,,3.5806374549865723,,,,0.0,,,,,,,,,
9252000,2313,0.0,,5.125844478607178,,,,0.0,,,,,,,,,
9256000,2314,0.0,,11.722886085510254,,,,0.0,,,,,,,,,
9260000,2315,0.0,,5.6969499588012695,,,,0.0,,,,,,,,,
9264000,2316,0.0,,4.607650279998779,,,,0.0,,,,,,,,,
9268000,2317,0.0,,2.347200393676758,,,,0.0,,,,,,,,,
9272000,2318,0.0,,6.206315517425537,,,,0.0,,,,,,,,,
9276000,2319,0.0,,3.0475592613220215,,,,0.0,,,,,,,,,
9280000,2320,0.0,,5.772073745727539,,,,0.0,,,,,,,,,
9284000,2321,0.0,,7.589485168457031,,,,0.0,,,,,,,,,
9288000,2322,0.0,,3.0093860626220703,,,,0.0,,,,,,,,,
9292000,2323,0.0,,2.0673835277557373,,,,0.0,,,,,,,,,
9296000,2324,0.0,,9.531729698181152,,,,0.0,,,,,,,,,
9300000,2325,0.0,,3.0799314975738525,,,,0.0,,,,,,,,,
9304000,2326,0.0,,6.458824157714844,,,,0.0,,,,,,,,,
9308000,2327,0.0,,3.537125587463379,,,,0.0,,,,,,,,,
9312000,2328,0.125,,6.844813823699951,,,,0.125,,,,,,,,,
9316000,2329,0.0,,4.582163333892822,,,,0.0,,,,,,,,,
9320000,2330,0.0,,6.963629722595215,,,,0.0,,,,,,,,,
9324000,2331,0.0,,8.964239120483398,,,,0.0,,,,,,,,,
9328000,2332,0.0,,9.258859634399414,,,,0.0,,,,,,,,,
9332000,2333,0.125,,6.2855730056762695,,,,0.125,,,,,,,,,
9336000,2334,0.0,,1.5764423608779907,,,,0.0,,,,,,,,,
9340000,2335,0.125,,7.361008644104004,,,,0.125,,,,,,,,,
9344000,2336,0.0,,6.405560493469238,,,,0.0,,,,,,,,,
9348000,2337,0.0,,3.2610201835632324,,,,0.0,,,,,,,,,
9352000,2338,0.125,,5.489831924438477,,,,0.125,,,,,,,,,
9356000,2339,0.0,,3.1104531288146973,,,,0.0,,,,,,,,,
9360000,2340,0.0,,11.286062240600586,,,,0.0,,,,,,,,,
9364000,2341,0.125,,3.1622323989868164,,,,0.125,,,,,,,,,
9368000,2342,0.0,,6.937702178955078,,,,0.0,,,,,,,,,
9372000,2343,0.125,,3.8194541931152344,,,,0.125,,,,,,,,,
9376000,2344,0.125,,7.860738754272461,,,,0.125,,,,,,,,,
9380000,2345,0.0,,9.860536575317383,,,,0.0,,,,,,,,,
9384000,2346,0.0,,7.64251708984375,,,,0.0,,,,,,,,,
9388000,2347,0.125,,4.831605434417725,,,,0.125,,,,,,,,,
9392000,2348,0.0,,5.822943687438965,,,,0.0,,,,,,,,,
9396000,2349,0.0,,1.9982481002807617,,,,0.0,,,,,,,,,
9400000,2350,0.0,,11.301048278808594,,,,0.0,,,,,,,,,
9404000,2351,0.125,,5.010660171508789,,,,0.125,,,,,,,,,
9408000,2352,0.125,,6.478641510009766,,,,0.125,,,,,,,,,
9412000,2353,0.0,,9.85081672668457,,,,0.0,,,,,,,,,
9416000,2354,0.0,,9.656682968139648,,,,0.0,,,,,,,,,
9420000,2355,0.0,,8.477167129516602,,,,0.0,,,,,,,,,
9424000,2356,0.0,,12.47938346862793,,,,0.0,,,,,,,,,
9428000,2357,0.0,,6.657739639282227,,,,0.0,,,,,,,,,
9432000,2358,0.0,,4.133299827575684,,,,0.0,,,,,,,,,
9436000,2359,0.0,,5.488565921783447,,,,0.0,,,,,,,,,
9440000,2360,0.0,,7.361928939819336,,,,0.0,,,,,,,,,
9444000,2361,0.125,,3.5992543697357178,,,,0.125,,,,,,,,,
9448000,2362,0.0,,6.579306602478027,,,,0.0,,,,,,,,,
9452000,2363,0.0,,12.208185195922852,,,,0.0,,,,,,,,,
9456000,2364,0.0,,7.423782825469971,,,,0.0,,,,,,,,,
9460000,2365,0.0,,3.71181583404541,,,,0.0,,,,,,,,,
9464000,2366,0.0,,3.5121445655822754,,,,0.0,,,,,,,,,
9468000,2367,0.0,,7.483800888061523,,,,0.0,,,,,,,,,
9472000,2368,0.0,,5.134655475616455,,,,0.0,,,,,,,,,
9476000,2369,0.0,,8.5865478515625,,,,0.0,,,,,,,,,
9480000,2370,0.0,,7.357892036437988,,,,0.0,,,,,,,,,
9484000,2371,0.0,,5.521235942840576,,,,0.0,,,,,,,,,
9488000,2372,0.0,,5.013034820556641,,,,0.0,,,,,,,,,
9492000,2373,0.0,,5.412499904632568,,,,0.0,,,,,,,,,
9496000,2374,0.125,,5.723893165588379,,,,0.125,,,,,,,,,
9500000,2375,0.0,,1.0973725318908691,,,,0.0,,,,,,,,,
9504000,2376,0.0,,11.909113883972168,,,,0.0,,,,,,,,,
9508000,2377,0.125,,8.907901763916016,,,,0.125,,,,,,,,,
9512000,2378,0.0,,3.8255443572998047,,,,0.0,,,,,,,,,
9516000,2379,0.0,,2.7692415714263916,,,,0.0,,,,,,,,,
9520000,2380,0.0,,6.529416561126709,,,,0.0,,,,,,,,,
9524000,2381,0.0,,10.377737045288086,,,,0.0,,,,,,,,,
9528000,2382,0.0,,4.579003810882568,,,,0.0,,,,,,,,,
9532000,2383,0.375,,8.710119247436523,,,,0.375,,,,,,,,,
9536000,2384,0.0,,6.020484924316406,,,,0.0,,,,,,,,,
9540000,2385,0.0,,12.505352020263672,,,,0.0,,,,,,,,,
9544000,2386,0.125,,8.127359390258789,,,,0.125,,,,,,,,,
9548000,2387,0.0,,1.3560855388641357,,,,0.0,,,,,,,,,
9552000,2388,0.0,,3.881722927093506,,,,0.0,,,,,,,,,
9556000,2389,0.125,,9.230327606201172,,,,0.125,,,,,,,,,
9560000,2390,0.0,,2.3709330558776855,,,,0.0,,,,,,,,,
9564000,2391,0.0,,5.356318950653076,,,,0.0,,,,,,,,,
9568000,2392,0.0,,13.50503158569336,,,,0.0,,,,,,,,,
9572000,2393,0.125,,7.669353485107422,,,,0.125,,,,,,,,,
9576000,2394,0.125,,4.26774787902832,,,,0.125,,,,,,,,,
9580000,2395,0.125,,13.40841007232666,,,,0.125,,,,,,,,,
9584000,2396,0.0,,11.305569648742676,,,,0.0,,,,,,,,,
9588000,2397,0.125,,4.90327262878418,,,,0.125,,,,,,,,,
9592000,2398,0.0,,9.008950233459473,,,,0.0,,,,,,,,,
9596000,2399,0.25,,13.19596004486084,,,,0.25,,,,,,,,,
9600000,2400,0.0,,5.854668617248535,,,,0.0,,,,,,,,,
9604000,2401,0.125,,10.30477523803711,,,,0.125,,,,,,,,,
9608000,2402,0.0,,3.471135377883911,,,,0.0,,,,,,,,,
9612000,2403,0.0,,10.532057762145996,,,,0.0,,,,,,,,,
9616000,2404,0.0,,7.567852973937988,,,,0.0,,,,,,,,,
9620000,2405,0.0,,4.529969692230225,,,,0.0,,,,,,,,,
9624000,2406,0.0,,7.521364212036133,,,,0.0,,,,,,,,,
9628000,2407,0.125,,7.855193614959717,,,,0.125,,,,,,,,,
9632000,2408,0.125,,8.818817138671875,,,,0.125,,,,,,,,,
9636000,2409,0.25,,6.555655002593994,,,,0.25,,,,,,,,,
9640000,2410,0.125,,9.426996231079102,,,,0.125,,,,,,,,,
9644000,2411,0.0,,8.810274124145508,,,,0.0,,,,,,,,,
9648000,2412,0.125,,9.838845252990723,,,,0.125,,,,,,,,,
9652000,2413,0.0,,11.371156692504883,,,,0.0,,,,,,,,,
9656000,2414,0.0,,8.02850341796875,,,,0.0,,,,,,,,,
9660000,2415,0.0,,12.258018493652344,,,,0.0,,,,,,,,,
9664000,2416,0.0,,5.928487777709961,,,,0.0,,,,,,,,,
9668000,2417,0.0,,5.156734466552734,,,,0.0,,,,,,,,,
9672000,2418,0.0,,6.286917686462402,,,,0.0,,,,,,,,,
9676000,2419,0.125,,5.963102340698242,,,,0.125,,,,,,,,,
9680000,2420,0.0,,13.769222259521484,,,,0.0,,,,,,,,,
9684000,2421,0.0,,7.0300493240356445,,,,0.0,,,,,,,,,
9688000,2422,0.0,,10.115408897399902,,,,0.0,,,,,,,,,
9692000,2423,0.0,,7.970131874084473,,,,0.0,,,,,,,,,
9696000,2424,0.125,,10.019775390625,,,,0.125,,,,,,,,,
9700000,2425,0.0,,10.076080322265625,,,,0.0,,,,,,,,,
9704000,2426,0.125,,4.609650135040283,,,,0.125,,,,,,,,,
9708000,2427,0.25,,10.992111206054688,,,,0.25,,,,,,,,,
9712000,2428,0.0,,13.332511901855469,,,,0.0,,,,,,,,,
9716000,2429,0.125,,6.715696334838867,,,,0.125,,,,,,,,,
9720000,2430,0.125,,12.054231643676758,,,,0.125,,,,,,,,,
9724000,2431,0.125,,7.6463141441345215,,,,0.125,,,,,,,,,
9728000,2432,0.125,,9.456161499023438,,,,0.125,,,,,,,,,
9732000,2433,0.125,,4.526546001434326,,,,0.125,,,,,,,,,
9736000,2434,0.0,,5.604085922241211,,,,0.0,,,,,,,,,
9740000,2435,0.125,,8.860443115234375,,,,0.125,,,,,,,,,
9744000,2436,0.125,,6.804012775421143,,,,0.125,,,,,,,,,
9748000,2437,0.0,,11.023090362548828,,,,0.0,,,,,,,,,
9752000,2438,0.0,,6.855669021606445,,,,0.0,,,,,,,,,
9756000,2439,0.125,,8.798084259033203,,,,0.125,,,,,,,,,
9760000,2440,0.0,,11.28515911102295,,,,0.0,,,,,,,,,
9764000,2441,0.0,,8.74779224395752,,,,0.0,,,,,,,,,
9768000,2442,0.125,,13.232595443725586,,,,0.125,,,,,,,,,
9772000,2443,0.125,,12.833704948425293,,,,0.125,,,,,,,,,
9776000,2444,0.0,,9.226045608520508,,,,0.0,,,,,,,,,
9780000,2445,0.0,,12.310153007507324,,,,0.0,,,,,,,,,
9784000,2446,0.125,,12.912824630737305,,,,0.125,,,,,,,,,
9788000,2447,0.0,,10.176488876342773,,,,0.0,,,,,,,,,
9792000,2448,0.0,,12.604085922241211,,,,0.0,,,,,,,,,
9796000,2449,0.0,,8.544937133789062,,,,0.0,,,,,,,,,
9800000,2450,0.0,,12.308404922485352,,,,0.0,,,,,,,,,
9804000,2451,0.125,,8.03594970703125,,,,0.125,,,,,,,,,
9808000,2452,0.0,,10.816752433776855,,,,0.0,,,,,,,,,
9812000,2453,0.0,,10.714150428771973,,,,0.0,,,,,,,,,
9816000,2454,0.125,,11.142525672912598,,,,0.125,,,,,,,,,
9820000,2455,0.0,,12.120914459228516,,,,0.0,,,,,,,,,
9824000,2456,0.0,,14.47453498840332,,,,0.0,,,,,,,,,
9828000,2457,0.125,,5.711049556732178,,,,0.125,,,,,,,,,
9832000,2458,0.25,,8.599225997924805,,,,0.25,,,,,,,,,
9836000,2459,0.0,,9.313695907592773,,,,0.0,,,,,,,,,
9840000,2460,0.375,,11.815545082092285,,,,0.375,,,,,,,,,
9844000,2461,0.0,,15.171353340148926,,,,0.0,,,,,,,,,
9848000,2462,0.0,,12.905542373657227,,,,0.0,,,,,,,,,
9852000,2463,0.125,,8.201236724853516,,,,0.125,,,,,,,,,
9856000,2464,0.125,,7.033451080322266,,,,0.125,,,,,,,,,
9860000,2465,0.125,,14.932411193847656,,,,0.125,,,,,,,,,
9864000,2466,0.0,,11.762520790100098,,,,0.0,,,,,,,,,
9868000,2467,0.125,,9.107076644897461,,,,0.125,,,,,,,,,
9872000,2468,0.0,,8.249091148376465,,,,0.0,,,,,,,,,
9876000,2469,0.125,,6.104649543762207,,,,0.125,,,,,,,,,
9880000,2470,0.125,,11.433046340942383,,,,0.125,,,,,,,,,
9884000,2471,0.25,,8.212623596191406,,,,0.25,,,,,,,,,
9888000,2472,0.0,,12.114725112915039,,,,0.0,,,,,,,,,
9892000,2473,0.25,,14.191526412963867,,,,0.25,,,,,,,,,
9896000,2474,0.125,,7.557656288146973,,,,0.125,,,,,,,,,
9900000,2475,0.0,,8.66014289855957,,,,0.0,,,,,,,,,
9904000,2476,0.125,,9.705629348754883,,,,0.125,,,,,,,,,
9908000,2477,0.125,,12.077564239501953,,,,0.125,,,,,,,,,
9912000,2478,0.125,,10.71809196472168,,,,0.125,,,,,,,,,
9916000,2479,0.0,,8.456665992736816,,,,0.0,,,,,,,,,
9920000,2480,0.0,,8.483115196228027,,,,0.0,,,,,,,,,
9924000,2481,0.0,,8.358503341674805,,,,0.0,,,,,,,,,
9928000,2482,0.125,,12.023730278015137,,,,0.125,,,,,,,,,
9932000,2483,0.125,,12.144763946533203,,,,0.125,,,,,,,,,
9936000,2484,0.125,,6.993519306182861,,,,0.125,,,,,,,,,
9940000,2485,0.125,,11.506322860717773,,,,0.125,,,,,,,,,
9944000,2486,0.0,,8.488484382629395,,,,0.0,,,,,,,,,
9948000,2487,0.0,,13.216355323791504,,,,0.0,,,,,,,,,
9952000,2488,0.0,,12.943260192871094,,,,0.0,,,,,,,,,
9956000,2489,0.0,,7.551172256469727,,,,0.0,,,,,,,,,
9960000,2490,0.125,,14.218090057373047,,,,0.125,,,,,,,,,
9964000,2491,0.125,,17.655162811279297,,,,0.125,,,,,,,,,
9968000,2492,0.125,,12.588083267211914,,,,0.125,,,,,,,,,
9972000,2493,0.125,,7.081218719482422,,,,0.125,,,,,,,,,
9976000,2494,0.125,,6.5659027099609375,,,,0.125,,,,,,,,,
9980000,2495,0.125,,9.990559577941895,,,,0.125,,,,,,,,,
9984000,2496,0.0,,12.274136543273926,,,,0.0,,,,,,,,,
9988000,2497,0.0,,11.117549896240234,,,,0.0,,,,,,,,,
9992000,2498,0.0,,15.191329956054688,,,,0.0,,,,,,,,,
9996000,2499,0.375,,9.574651718139648,,,,0.375,,,,,,,,,
10000000,2500,0.0,,8.576087951660156,,,,0.0,,,,,,,,,
10004000,2501,0.0,,11.365206718444824,,,,0.0,,,,,,,,,
10008000,2502,0.0,,11.536418914794922,,,,0.0,,,,,,,,,
10012000,2503,0.125,,9.910494804382324,,,,0.125,,,,,,,,,
10016000,2504,0.0,,7.68385124206543,,,,0.0,,,,,,,,,
10020000,2505,0.0,,12.805858612060547,,,,0.0,,,,,,,,,
10024000,2506,0.25,,10.38595199584961,,,,0.25,,,,,,,,,
10028000,2507,0.125,,12.826533317565918,,,,0.125,,,,,,,,,
10032000,2508,0.0,,10.228811264038086,,,,0.0,,,,,,,,,
10036000,2509,0.0,,11.285308837890625,,,,0.0,,,,,,,,,
10040000,2510,0.0,,12.441753387451172,,,,0.0,,,,,,,,,
10044000,2511,0.125,,9.937023162841797,,,,0.125,,,,,,,,,
10048000,2512,0.0,,14.902302742004395,,,,0.0,,,,,,,,,
10052000,2513,0.125,,11.463817596435547,,,,0.125,,,,,,,,,
10056000,2514,0.0,,9.5842924118042,,,,0.0,,,,,,,,,
10060000,2515,0.125,,11.009111404418945,,,,0.125,,,,,,,,,
10064000,2516,0.25,,10.430107116699219,,,,0.25,,,,,,,,,
10068000,2517,0.0,,10.910441398620605,,,,0.0,,,,,,,,,
10072000,2518,0.0,,8.83525562286377,,,,0.0,,,,,,,,,
10076000,2519,0.125,,8.807058334350586,,,,0.125,,,,,,,,,
10080000,2520,0.25,,11.869991302490234,,,,0.25,,,,,,,,,
10084000,2521,0.0,,9.752912521362305,,,,0.0,,,,,,,,,
10088000,2522,0.0,,12.972954750061035,,,,0.0,,,,,,,,,
10092000,2523,0.0,,12.979874610900879,,,,0.0,,,,,,,,,
10096000,2524,0.125,,5.578677177429199,,,,0.125,,,,,,,,,
10100000,2525,0.0,,9.314754486083984,,,,0.0,,,,,,,,,
10104000,2526,0.0,,9.141014099121094,,,,0.0,,,,,,,,,
10108000,2527,0.25,,14.430837631225586,,,,0.25,,,,,,,,,
10112000,2528,0.375,,9.72780990600586,,,,0.375,,,,,,,,,
10116000,2529,0.0,,9.261186599731445,,,,0.0,,,,,,,,,
10120000,2530,0.0,,9.031290054321289,,,,0.0,,,,,,,,,
10124000,2531,0.125,,16.448444366455078,,,,0.125,,,,,,,,,
10128000,2532,0.0,,8.010507583618164,,,,0.0,,,,,,,,,
10132000,2533,0.0,,7.456137657165527,,,,0.0,,,,,,,,,
10136000,2534,0.25,,9.65304183959961,,,,0.25,,,,,,,,,
10140000,2535,0.0,,7.071830749511719,,,,0.0,,,,,,,,,
10144000,2536,0.125,,10.410550117492676,,,,0.125,,,,,,,,,
10148000,2537,0.0,,15.333551406860352,,,,0.0,,,,,,,,,
10152000,2538,0.25,,13.664177894592285,,,,0.25,,,,,,,,,
10156000,2539,0.0,,9.360207557678223,,,,0.0,,,,,,,,,
10160000,2540,0.125,,7.51915979385376,,,,0.125,,,,,,,,,
10164000,2541,0.0,,7.912652969360352,,,,0.0,,,,,,,,,
10168000,2542,0.0,,9.542503356933594,,,,0.0,,,,,,,,,
10172000,2543,0.0,,11.942451477050781,,,,0.0,,,,,,,,,
10176000,2544,0.25,,7.821300983428955,,,,0.25,,,,,,,,,
10180000,2545,0.5,,6.523183822631836,,,,0.5,,,,,,,,,
10184000,2546,0.375,,10.048248291015625,,,,0.375,,,,,,,,,
10188000,2547,0.5,,6.442829132080078,,,,0.5,,,,,,,,,
10192000,2548,0.0,,9.685159683227539,,,,0.0,,,,,,,,,
10196000,2549,0.25,,11.213465690612793,,,,0.25,,,,,,,,,
10200000,2550,0.0,,11.841970443725586,,,,0.0,,,,,,,,,
10204000,2551,0.125,,9.140560150146484,,,,0.125,,,,,,,,,
10208000,2552,0.0,,10.989677429199219,,,,0.0,,,,,,,,,
10212000,2553,0.0,,15.310798645019531,,,,0.0,,,,,,,,,
10216000,2554,0.125,,10.186548233032227,,,,0.125,,,,,,,,,
10220000,2555,0.0,,12.20360279083252,,,,0.0,,,,,,,,,
10224000,2556,0.0,,11.093291282653809,,,,0.0,,,,,,,,,
10228000,2557,0.25,,10.010221481323242,,,,0.25,,,,,,,,,
10232000,2558,0.25,,11.362777709960938,,,,0.25,,,,,,,,,
10236000,2559,0.125,,13.566957473754883,,,,0.125,,,,,,,,,
10240000,2560,0.125,,16.95773696899414,,,,0.125,,,,,,,,,
10244000,2561,0.0,,10.568939208984375,,,,0.0,,,,,,,,,
10248000,2562,0.125,,9.479278564453125,,,,0.125,,,,,,,,,
10252000,2563,0.0,,10.106354713439941,,,,0.0,,,,,,,,,
10256000,2564,0.125,,7.421422004699707,,,,0.125,,,,,,,,,
10260000,2565,0.125,,9.46728229522705,,,,0.125,,,,,,,,,
10264000,2566,0.25,,13.480805397033691,,,,0.25,,,,,,,,,
10268000,2567,0.125,,15.314931869506836,,,,0.125,,,,,,,,,
10272000,2568,0.0,,9.448725700378418,,,,0.0,,,,,,,,,
10276000,2569,0.0,,8.247624397277832,,,,0.0,,,,,,,,,
10280000,2570,0.125,,12.926858901977539,,,,0.125,,,,,,,,,
10284000,2571,0.0,,8.718341827392578,,,,0.0,,,,,,,,,
10288000,2572,0.125,,11.016667366027832,,,,0.125,,,,,,,,,
10292000,2573,0.0,,11.480401992797852,,,,0.0,,,,,,,,,
10296000,2574,0.25,,8.857551574707031,,,,0.25,,,,,,,,,
10300000,2575,0.125,,10.89695930480957,,,,0.125,,,,,,,,,
10304000,2576,0.25,,10.930538177490234,,,,0.25,,,,,,,,,
10308000,2577,0.0,,6.352424621582031,,,,0.0,,,,,,,,,
10312000,2578,0.375,,10.658409118652344,,,,0.375,,,,,,,,,
10316000,2579,0.25,,8.138866424560547,,,,0.25,,,,,,,,,
10320000,2580,0.25,,9.116781234741211,,,,0.25,,,,,,,,,
10324000,2581,0.125,,9.111041069030762,,,,0.125,,,,,,,,,
10328000,2582,0.0,,11.78719711303711,,,,0.0,,,,,,,,,
10332000,2583,0.0,,12.402684211730957,,,,0.0,,,,,,,,,
10336000,2584,0.125,,12.502908706665039,,,,0.125,,,,,,,,,
10340000,2585,0.25,,11.796154022216797,,,,0.25,,,,,,,,,
10344000,2586,0.0,,11.434905052185059,,,,0.0,,,,,,,,,
10348000,2587,0.0,,10.6100492477417,,,,0.0,,,,,,,,,
10352000,2588,0.5,,9.862869262695312,,,,0.5,,,,,,,,,
10356000,2589,0.0,,11.588655471801758,,,,0.0,,,,,,,,,
10360000,2590,0.125,,5.95315408706665,,,,0.125,,,,,,,,,
10364000,2591,0.125,,9.930397033691406,,,,0.125,,,,,,,,,
10368000,2592,0.25,,10.241508483886719,,,,0.25,,,,,,,,,
10372000,2593,0.0,,12.117510795593262,,,,0.0,,,,,,,,,
10376000,2594,0.125,,11.651500701904297,,,,0.125,,,,,,,,,
10380000,2595,0.125,,8.52180290222168,,,,0.125,,,,,,,,,
10384000,2596,0.375,,10.354480743408203,,,,0.375,,,,,,,,,
10388000,2597,0.25,,8.115276336669922,,,,0.25,,,,,,,,,
10392000,2598,0.25,,14.062986373901367,,,,0.25,,,,,,,,,
10396000,2599,0.125,,7.622007369995117,,,,0.125,,,,,,,,,
10400000,2600,0.0,,9.631205558776855,,,,0.0,,,,,,,,,
10404000,2601,0.25,,14.420906066894531,,,,0.25,,,,,,,,,
10408000,2602,0.375,,10.631181716918945,,,,0.375,,,,,,,,,
10412000,2603,0.0,,10.557260513305664,,,,0.0,,,,,,,,,
10416000,2604,0.375,,8.681283950805664,,,,0.375,,,,,,,,,
10420000,2605,0.375,,12.735570907592773,,,,0.375,,,,,,,,,
10424000,2606,0.25,,11.709188461303711,,,,0.25,,,,,,,,,
10428000,2607,0.125,,11.605758666992188,,,,0.125,,,,,,,,,
10432000,2608,0.0,,8.301344871520996,,,,0.0,,,,,,,,,
10436000,2609,0.125,,15.295270919799805,,,,0.125,,,,,,,,,
10440000,2610,0.375,,13.70143985748291,,,,0.375,,,,,,,,,
10444000,2611,0.25,,10.064373970031738,,,,0.25,,,,,,,,,
10448000,2612,0.125,,11.26561164855957,,,,0.125,,,,,,,,,
10452000,2613,0.25,,9.74085807800293,,,,0.25,,,,,,,,,
10456000,2614,0.625,,15.766411781311035,,,,0.625,,,,,,,,,
10460000,2615,0.0,,16.43362045288086,,,,0.0,,,,,,,,,
10464000,2616,0.25,,9.473991394042969,,,,0.25,,,,,,,,,
10468000,2617,0.0,,12.221378326416016,,,,0.0,,,,,,,,,
10472000,2618,0.5,,13.409603118896484,,,,0.5,,,,,,,,,
10476000,2619,0.125,,13.057729721069336,,,,0.125,,,,,,,,,
10480000,2620,0.25,,13.373753547668457,,,,0.25,,,,,,,,,
10484000,2621,0.125,,10.595680236816406,,,,0.125,,,,,,,,,
10488000,2622,0.125,,13.155747413635254,,,,0.125,,,,,,,,,
10492000,2623,0.25,,15.02528190612793,,,,0.25,,,,,,,,,
10496000,2624,0.125,,11.829734802246094,,,,0.125,,,,,,,,,
10500000,2625,0.125,,11.284685134887695,,,,0.125,,,,,,,,,
10504000,2626,0.0,,9.463360786437988,,,,0.0,,,,,,,,,
10508000,2627,0.125,,9.666595458984375,,,,0.125,,,,,,,,,
10512000,2628,0.5,,14.670421600341797,,,,0.5,,,,,,,,,
10516000,2629,0.125,,16.14065933227539,,,,0.125,,,,,,,,,
10520000,2630,0.0,,13.289928436279297,,,,0.0,,,,,,,,,
10524000,2631,0.375,,13.168827056884766,,,,0.375,,,,,,,,,
10528000,2632,0.25,,9.910078048706055,,,,0.25,,,,,,,,,
10532000,2633,0.0,,12.803084373474121,,,,0.0,,,,,,,,,
10536000,2634,0.0,,12.215444564819336,,,,0.0,,,,,,,,,
10540000,2635,0.125,,10.102605819702148,,,,0.125,,,,,,,,,
10544000,2636,0.0,,9.806583404541016,,,,0.0,,,,,,,,,
10548000,2637,0.0,,14.55022144317627,,,,0.0,,,,,,,,,
10552000,2638,0.125,,12.580976486206055,,,,0.125,,,,,,,,,
10556000,2639,0.25,,10.719608306884766,,,,0.25,,,,,,,,,
10560000,2640,0.25,,10.762429237365723,,,,0.25,,,,,,,,,
10564000,2641,0.0,,11.960611343383789,,,,0.0,,,,,,,,,
10568000,2642,0.0,,15.522174835205078,,,,0.0,,,,,,,,,
10572000,2643,0.125,,10.097747802734375,,,,0.125,,,,,,,,,
10576000,2644,0.0,,10.019536972045898,,,,0.0,,,,,,,,,
10580000,2645,0.375,,11.346964836120605,,,,0.375,,,,,,,,,
10584000,2646,0.375,,11.38038444519043,,,,0.375,,,,,,,,,
10588000,2647,0.0,,10.228414535522461,,,,0.0,,,,,,,,,
10592000,2648,0.25,,14.144412994384766,,,,0.25,,,,,,,,,
10596000,2649,0.0,,11.161554336547852,,,,0.0,,,,,,,,,
10600000,2650,0.125,,10.887063980102539,,,,0.125,,,,,,,,,
10604000,2651,0.25,,10.909770011901855,,,,0.25,,,,,,,,,
10608000,2652,0.125,,11.776901245117188,,,,0.125,,,,,,,,,
10612000,2653,0.0,,14.084033012390137,,,,0.0,,,,,,,,,
10616000,2654,0.0,,9.288208961486816,,,,0.0,,,,,,,,,
10620000,2655,0.0,,11.428945541381836,,,,0.0,,,,,,,,,
10624000,2656,0.0,,12.231056213378906,,,,0.0,,,,,,,,,
10628000,2657,0.125,,9.540398597717285,,,,0.125,,,,,,,,,
10632000,2658,0.0,,9.417793273925781,,,,0.0,,,,,,,,,
10636000,2659,0.25,,11.904605865478516,,,,0.25,,,,,,,,,
10640000,2660,0.5,,10.675553321838379,,,,0.5,,,,,,,,,
10644000,2661,0.25,,11.65645980834961,,,,0.25,,,,,,,,,
10648000,2662,0.0,,10.679083824157715,,,,0.0,,,,,,,,,
10652000,2663,0.25,,9.14883804321289,,,,0.25,,,,,,,,,
10656000,2664,0.125,,13.599344253540039,,,,0.125,,,,,,,,,
10660000,2665,0.125,,13.158466339111328,,,,0.125,,,,,,,,,
10664000,2666,0.0,,9.432093620300293,,,,0.0,,,,,,,,,
10668000,2667,0.0,,9.093381881713867,,,,0.0,,,,,,,,,
10672000,2668,0.25,,11.808175086975098,,,,0.25,,,,,,,,,
10676000,2669,0.125,,11.926778793334961,,,,0.125,,,,,,,,,
10680000,2670,0.25,,15.447893142700195,,,,0.25,,,,,,,,,
10684000,2671,0.0,,13.11178207397461,,,,0.0,,,,,,,,,
10688000,2672,0.125,,7.343169689178467,,,,0.125,,,,,,,,,
10692000,2673,0.25,,7.959929466247559,,,,0.25,,,,,,,,,
10696000,2674,0.25,,10.00511360168457,,,,0.25,,,,,,,,,
10700000,2675,0.25,,14.084451675415039,,,,0.25,,,,,,,,,
10704000,2676,0.125,,10.851890563964844,,,,0.125,,,,,,,,,
10708000,2677,0.0,,6.411456108093262,,,,0.0,,,,,,,,,
10712000,2678,0.125,,9.807470321655273,,,,0.125,,,,,,,,,
10716000,2679,0.125,,10.992928504943848,,,,0.125,,,,,,,,,
10720000,2680,0.25,,9.309455871582031,,,,0.25,,,,,,,,,
10724000,2681,0.0,,10.014270782470703,,,,0.0,,,,,,,,,
10728000,2682,0.25,,9.552124977111816,,,,0.25,,,,,,,,,
10732000,2683,0.125,,13.530562400817871,,,,0.125,,,,,,,,,
10736000,2684,0.25,,10.864108085632324,,,,0.25,,,,,,,,,
10740000,2685,0.0,,11.534039497375488,,,,0.0,,,,,,,,,
10744000,2686,0.25,,9.193275451660156,,,,0.25,,,,,,,,,
10748000,2687,0.25,,7.953289031982422,,,,0.25,,,,,,,,,
10752000,2688,0.25,,11.17570686340332,,,,0.25,,,,,,,,,
10756000,2689,0.0,,12.090214729309082,,,,0.0,,,,,,,,,
10760000,2690,0.125,,8.835840225219727,,,,0.125,,,,,,,,,
10764000,2691,0.125,,11.291607856750488,,,,0.125,,,,,,,,,
10768000,2692,0.375,,11.77994155883789,,,,0.375,,,,,,,,,
10772000,2693,0.125,,11.547876358032227,,,,0.125,,,,,,,,,
10776000,2694,0.0,,11.345698356628418,,,,0.0,,,,,,,,,
10780000,2695,0.125,,8.19776725769043,,,,0.125,,,,,,,,,
10784000,2696,0.375,,12.485160827636719,,,,0.375,,,,,,,,,
10788000,2697,0.375,,8.319220542907715,,,,0.375,,,,,,,,,
10792000,2698,0.25,,9.837587356567383,,,,0.25,,,,,,,,,
10796000,2699,0.25,,7.424957275390625,,,,0.25,,,,,,,,,
10800000,2700,0.375,,9.715546607971191,,,,0.375,,,,,,,,,
10804000,2701,0.25,,13.194480895996094,,,,0.25,,,,,,,,,
10808000,2702,0.125,,8.134862899780273,,,,0.125,,,,,,,,,
10812000,2703,0.25,,12.890913009643555,,,,0.25,,,,,,,,,
10816000,2704,0.125,,6.6426544189453125,,,,0.125,,,,,,,,,
10820000,2705,0.125,,10.584366798400879,,,,0.125,,,,,,,,,
10824000,2706,0.125,,10.329493522644043,,,,0.125,,,,,,,,,
10828000,2707,0.375,,8.183513641357422,,,,0.375,,,,,,,,,
10832000,2708,0.0,,7.724474906921387,,,,0.0,,,,,,,,,
10836000,2709,0.25,,10.319894790649414,,,,0.25,,,,,,,,,
10840000,2710,0.0,,10.596597671508789,,,,0.0,,,,,,,,,
10844000,2711,0.125,,9.382098197937012,,,,0.125,,,,,,,,,
10848000,2712,0.125,,10.0675048828125,,,,0.125,,,,,,,,,
10852000,2713,0.125,,9.795373916625977,,,,0.125,,,,,,,,,
10856000,2714,0.125,,11.253172874450684,,,,0.125,,,,,,,,,
10860000,2715,0.125,,9.098370552062988,,,,0.125,,,,,,,,,
10864000,2716,0.375,,8.2431058883667,,,,0.375,,,,,,,,,
10868000,2717,0.0,,9.618271827697754,,,,0.0,,,,,,,,,
10872000,2718,0.25,,9.860830307006836,,,,0.25,,,,,,,,,
10876000,2719,0.25,,11.323572158813477,,,,0.25,,,,,,,,,
10880000,2720,0.125,,9.236489295959473,,,,0.125,,,,,,,,,
10884000,2721,0.375,,10.240448951721191,,,,0.375,,,,,,,,,
10888000,2722,0.125,,10.17235279083252,,,,0.125,,,,,,,,,
10892000,2723,0.25,,8.18667221069336,,,,0.25,,,,,,,,,
10896000,2724,0.125,,12.269065856933594,,,,0.125,,,,,,,,,
10900000,2725,0.125,,8.157917976379395,,,,0.125,,,,,,,,,
10904000,2726,0.375,,10.497520446777344,,,,0.375,,,,,,,,,
10908000,2727,0.625,,7.372492790222168,,,,0.625,,,,,,,,,
10912000,2728,0.125,,8.95202350616455,,,,0.125,,,,,,,,,
10916000,2729,0.125,,8.62066650390625,,,,0.125,,,,,,,,,
10920000,2730,0.0,,8.023977279663086,,,,0.0,,,,,,,,,
10924000,2731,0.25,,10.605453491210938,,,,0.25,,,,,,,,,
10928000,2732,0.0,,8.097240447998047,,,,0.0,,,,,,,,,
10932000,2733,0.125,,9.356511116027832,,,,0.125,,,,,,,,,
10936000,2734,0.375,,8.173728942871094,,,,0.375,,,,,,,,,
10940000,2735,0.25,,6.771042346954346,,,,0.25,,,,,,,,,
10944000,2736,0.5,,10.545284271240234,,,,0.5,,,,,,,,,
10948000,2737,0.0,,7.673790454864502,,,,0.0,,,,,,,,,
10952000,2738,0.25,,6.924946308135986,,,,0.25,,,,,,,,,
10956000,2739,0.25,,8.24734115600586,,,,0.25,,,,,,,,,
10960000,2740,0.375,,9.899721145629883,,,,0.375,,,,,,,,,
10964000,2741,0.375,,8.944541931152344,,,,0.375,,,,,,,,,
10968000,2742,0.125,,7.67228889465332,,,,0.125,,,,,,,,,
10972000,2743,0.125,,8.274042129516602,,,,0.125,,,,,,,,,
10976000,2744,0.0,,8.626947402954102,,,,0.0,,,,,,,,,
10980000,2745,0.375,,4.327198028564453,,,,0.375,,,,,,,,,
10984000,2746,0.375,,6.5232954025268555,,,,0.375,,,,,,,,,
10988000,2747,0.5,,6.003996849060059,,,,0.5,,,,,,,,,
10992000,2748,0.125,,6.606843948364258,,,,0.125,,,,,,,,,
10996000,2749,0.25,,10.796396255493164,,,,0.25,,,,,,,,,
11000000,2750,0.375,,8.30544376373291,,,,0.375,,,,,,,,,
11004000,2751,0.5,,7.256875991821289,,,,0.5,,,,,,,,,
11008000,2752,0.0,,9.966996192932129,,,,0.0,,,,,,,,,
11012000,2753,0.5,,5.522294998168945,,,,0.5,,,,,,,,,
11016000,2754,0.0,,9.09283447265625,,,,0.0,,,,,,,,,
11020000,2755,0.125,,9.333593368530273,,,,0.125,,,,,,,,,
11024000,2756,0.125,,9.878473281860352,,,,0.125,,,,,,,,,
11028000,2757,0.25,,10.697686195373535,,,,0.25,,,,,,,,,
11032000,2758,0.25,,9.246567726135254,,,,0.25,,,,,,,,,
11036000,2759,0.25,,7.221288204193115,,,,0.25,,,,,,,,,
11040000,2760,0.125,,7.1940717697143555,,,,0.125,,,,,,,,,
11044000,2761,0.0,,5.27269172668457,,,,0.0,,,,,,,,,
11048000,2762,0.375,,11.750032424926758,,,,0.375,,,,,,,,,
11052000,2763,0.125,,9.070422172546387,,,,0.125,,,,,,,,,
11056000,2764,0.5,,8.919748306274414,,,,0.5,,,,,,,,,
11060000,2765,0.375,,7.656516075134277,,,,0.375,,,,,,,,,
11064000,2766,0.5,,8.627941131591797,,,,0.5,,,,,,,,,
11068000,2767,0.25,,9.694841384887695,,,,0.25,,,,,,,,,
11072000,2768,0.125,,8.337994575500488,,,,0.125,,,,,,,,,
11076000,2769,0.25,,7.500568389892578,,,,0.25,,,,,,,,,
11080000,2770,0.25,,9.160826683044434,,,,0.25,,,,,,,,,
11084000,2771,0.125,,10.393342971801758,,,,0.125,,,,,,,,,
11088000,2772,0.375,,11.541946411132812,,,,0.375,,,,,,,,,
11092000,2773,0.375,,9.719131469726562,,,,0.375,,,,,,,,,
11096000,2774,0.25,,10.647574424743652,,,,0.25,,,,,,,,,
11100000,2775,0.25,,10.967245101928711,,,,0.25,,,,,,,,,
11104000,2776,0.125,,7.57820463180542,,,,0.125,,,,,,,,,
11108000,2777,0.125,,7.864017486572266,,,,0.125,,,,,,,,,
11112000,2778,0.0,,7.067347049713135,,,,0.0,,,,,,,,,
11116000,2779,0.125,,9.559135437011719,,,,0.125,,,,,,,,,
11120000,2780,0.375,,6.603723526000977,,,,0.375,,,,,,,,,
11124000,2781,0.625,,8.699172019958496,,,,0.625,,,,,,,,,
11128000,2782,0.125,,7.210547924041748,,,,0.125,,,,,,,,,
11132000,2783,0.375,,9.02961254119873,,,,0.375,,,,,,,,,
11136000,2784,0.125,,7.415541648864746,,,,0.125,,,,,,,,,
11140000,2785,0.125,,8.871675491333008,,,,0.125,,,,,,,,,
11144000,2786,0.625,,8.577197074890137,,,,0.625,,,,,,,,,
11148000,2787,0.25,,11.415994644165039,,,,0.25,,,,,,,,,
11152000,2788,0.125,,8.292813301086426,,,,0.125,,,,,,,,,
11156000,2789,0.25,,8.129433631896973,,,,0.25,,,,,,,,,
11160000,2790,0.375,,10.990570068359375,,,,0.375,,,,,,,,,
11164000,2791,0.375,,9.405028343200684,,,,0.375,,,,,,,,,
11168000,2792,0.0,,10.256237983703613,,,,0.0,,,,,,,,,
11172000,2793,0.5,,8.368782997131348,,,,0.5,,,,,,,,,
11176000,2794,0.25,,8.92306137084961,,,,0.25,,,,,,,,,
11180000,2795,0.125,,8.190338134765625,,,,0.125,,,,,,,,,
11184000,2796,0.375,,9.904988288879395,,,,0.375,,,,,,,,,
11188000,2797,0.375,,7.8443827629089355,,,,0.375,,,,,,,,,
11192000,2798,0.375,,8.956443786621094,,,,0.375,,,,,,,,,
11196000,2799,0.5,,10.936858177185059,,,,0.5,,,,,,,,,
11200000,2800,0.0,,9.42429256439209,,,,0.0,,,,,,,,,
11204000,2801,0.375,,9.627617835998535,,,,0.375,,,,,,,,,
11208000,2802,0.0,,6.911882400512695,,,,0.0,,,,,,,,,
11212000,2803,0.125,,8.521014213562012,,,,0.125,,,,,,,,,
11216000,2804,0.25,,9.895204544067383,,,,0.25,,,,,,,,,
11220000,2805,0.5,,9.54025936126709,,,,0.5,,,,,,,,,
11224000,2806,0.125,,8.674198150634766,,,,0.125,,,,,,,,,
11228000,2807,0.375,,7.756165981292725,,,,0.375,,,,,,,,,
11232000,2808,0.5,,8.860940933227539,,,,0.5,,,,,,,,,
11236000,2809,0.125,,8.09896469116211,,,,0.125,,,,,,,,,
11240000,2810,0.125,,10.171010971069336,,,,0.125,,,,,,,,,
11244000,2811,0.5,,12.529930114746094,,,,0.5,,,,,,,,,
11248000,2812,0.25,,8.796220779418945,,,,0.25,,,,,,,,,
11252000,2813,0.625,,9.704046249389648,,,,0.625,,,,,,,,,
11256000,2814,0.0,,9.423791885375977,,,,0.0,,,,,,,,,
11260000,2815,0.125,,8.937406539916992,,,,0.125,,,,,,,,,
11264000,2816,0.625,,9.979879379272461,,,,0.625,,,,,,,,,
11268000,2817,0.125,,10.60508918762207,,,,0.125,,,,,,,,,
11272000,2818,0.625,,10.006741523742676,,,,0.625,,,,,,,,,
11276000,2819,0.125,,9.111357688903809,,,,0.125,,,,,,,,,
11280000,2820,0.5,,9.067028045654297,,,,0.5,,,,,,,,,
11284000,2821,0.375,,10.888545989990234,,,,0.375,,,,,,,,,
11288000,2822,0.25,,8.59844970703125,,,,0.25,,,,,,,,,
11292000,2823,0.25,,9.109048843383789,,,,0.25,,,,,,,,,
11296000,2824,0.25,,9.873604774475098,,,,0.25,,,,,,,,,
11300000,2825,0.25,,8.585677146911621,,,,0.25,,,,,,,,,
11304000,2826,0.625,,9.936960220336914,,,,0.625,,,,,,,,,
11308000,2827,0.75,,8.576598167419434,,,,0.75,,,,,,,,,
11312000,2828,0.625,,7.8390302658081055,,,,0.625,,,,,,,,,
11316000,2829,0.5,,8.553321838378906,,,,0.5,,,,,,,,,
11320000,2830,0.5,,9.357606887817383,,,,0.5,,,,,,,,,
11324000,2831,0.125,,10.161728858947754,,,,0.125,,,,,,,,,
11328000,2832,0.375,,9.105737686157227,,,,0.375,,,,,,,,,
11332000,2833,0.125,,10.793357849121094,,,,0.125,,,,,,,,,
11336000,2834,0.375,,8.7608642578125,,,,0.375,,,,,,,,,
11340000,2835,0.25,,8.521291732788086,,,,0.25,,,,,,,,,
11344000,2836,0.375,,11.017107009887695,,,,0.375,,,,,,,,,
11348000,2837,0.5,,10.216354370117188,,,,0.5,,,,,,,,,
11352000,2838,0.125,,8.82951545715332,,,,0.125,,,,,,,,,
11356000,2839,0.125,,8.238378524780273,,,,0.125,,,,,,,,,
11360000,2840,0.625,,7.3255157470703125,,,,0.625,,,,,,,,,
11364000,2841,0.125,,9.470891952514648,,,,0.125,,,,,,,,,
11368000,2842,0.5,,8.720611572265625,,,,0.5,,,,,,,,,
11372000,2843,0.25,,9.061941146850586,,,,0.25,,,,,,,,,
11376000,2844,0.125,,9.927619934082031,,,,0.125,,,,,,,,,
11380000,2845,0.625,,10.208861351013184,,,,0.625,,,,,,,,,
11384000,2846,0.5,,9.683401107788086,,,,0.5,,,,,,,,,
11388000,2847,0.0,,10.38329029083252,,,,0.0,,,,,,,,,
11392000,2848,0.375,,11.479048728942871,,,,0.375,,,,,,,,,
11396000,2849,0.125,,10.622797012329102,,,,0.125,,,,,,,,,
11400000,2850,0.0,,8.966556549072266,,,,0.0,,,,,,,,,
11404000,2851,0.25,,10.74966049194336,,,,0.25,,,,,,,,,
11408000,2852,0.5,,7.401750564575195,,,,0.5,,,,,,,,,
11412000,2853,0.75,,10.698904037475586,,,,0.75,,,,,,,,,
11416000,2854,0.375,,7.5866570472717285,,,,0.375,,,,,,,,,
11420000,2855,0.375,,9.809944152832031,,,,0.375,,,,,,,,,
11424000,2856,0.625,,9.938218116760254,,,,0.625,,,,,,,,,
11428000,2857,0.375,,8.091752052307129,,,,0.375,,,,,,,,,
11432000,2858,0.25,,10.319670677185059,,,,0.25,,,,,,,,,
11436000,2859,0.125,,8.699836730957031,,,,0.125,,,,,,,,,
11440000,2860,0.125,,10.729808807373047,,,,0.125,,,,,,,,,
11444000,2861,0.625,,10.265229225158691,,,,0.625,,,,,,,,,
11448000,2862,0.75,,9.777273178100586,,,,0.75,,,,,,,,,
11452000,2863,0.5,,10.949372291564941,,,,0.5,,,,,,,,,
11456000,2864,0.25,,8.177778244018555,,,,0.25,,,,,,,,,
11460000,2865,0.25,,10.404742240905762,,,,0.25,,,,,,,,,
11464000,2866,0.625,,9.389616966247559,,,,0.625,,,,,,,,,
11468000,2867,0.625,,10.047834396362305,,,,0.625,,,,,,,,,
11472000,2868,0.625,,12.659297943115234,,,,0.625,,,,,,,,,
11476000,2869,0.25,,8.65700912475586,,,,0.25,,,,,,,,,
11480000,2870,0.625,,9.41534423828125,,,,0.625,,,,,,,,,
11484000,2871,0.25,,8.997482299804688,,,,0.25,,,,,,,,,
11488000,2872,0.125,,10.220802307128906,,,,0.125,,,,,,,,,
11492000,2873,1.125,,10.10639476776123,,,,1.125,,,,,,,,,
11496000,2874,0.5,,9.986591339111328,,,,0.5,,,,,,,,,
11500000,2875,0.625,,8.812885284423828,,,,0.625,,,,,,,,,
11504000,2876,0.25,,11.279422760009766,,,,0.25,,,,,,,,,
11508000,2877,0.25,,8.806568145751953,,,,0.25,,,,,,,,,
11512000,2878,0.375,,9.53114128112793,,,,0.375,,,,,,,,,
11516000,2879,0.25,,10.576074600219727,,,,0.25,,,,,,,,,
11520000,2880,0.75,,10.195064544677734,,,,0.75,,,,,,,,,
11524000,2881,0.0,,9.310051918029785,,,,0.0,,,,,,,,,
11528000,2882,0.125,,10.191940307617188,,,,0.125,,,,,,,,,
11532000,2883,0.375,,9.337895393371582,,,,0.375,,,,,,,,,
11536000,2884,0.25,,9.46513557434082,,,,0.25,,,,,,,,,
11540000,2885,0.125,,8.691307067871094,,,,0.125,,,,,,,,,
11544000,2886,0.375,,9.050882339477539,,,,0.375,,,,,,,,,
11548000,2887,0.375,,11.603649139404297,,,,0.375,,,,,,,,,
11552000,2888,0.375,,11.113884925842285,,,,0.375,,,,,,,,,
11556000,2889,0.75,,11.677014350891113,,,,0.75,,,,,,,,,
11560000,2890,1.0,,10.582489013671875,,,,1.0,,,,,,,,,
11564000,2891,0.5,,9.309062957763672,,,,0.5,,,,,,,,,
11568000,2892,0.25,,10.689653396606445,,,,0.25,,,,,,,,,
11572000,2893,0.5,,9.178098678588867,,,,0.5,,,,,,,,,
11576000,2894,0.25,,11.021994590759277,,,,0.25,,,,,,,,,
11580000,2895,0.75,,10.976720809936523,,,,0.75,,,,,,,,,
11584000,2896,0.25,,11.000459671020508,,,,0.25,,,,,,,,,
11588000,2897,0.5,,11.04578685760498,,,,0.5,,,,,,,,,
11592000,2898,0.5,,8.349189758300781,,,,0.5,,,,,,,,,
11596000,2899,1.0,,9.727758407592773,,,,1.0,,,,,,,,,
11600000,2900,0.375,,8.82211685180664,,,,0.375,,,,,,,,,
11604000,2901,0.5,,9.797574043273926,,,,0.5,,,,,,,,,
11608000,2902,0.25,,8.115066528320312,,,,0.25,,,,,,,,,
11612000,2903,0.375,,10.123547554016113,,,,0.375,,,,,,,,,
11616000,2904,0.5,,12.131978988647461,,,,0.5,,,,,,,,,
11620000,2905,1.0,,9.980911254882812,,,,1.0,,,,,,,,,
11624000,2906,0.375,,9.810537338256836,,,,0.375,,,,,,,,,
11628000,2907,0.375,,10.35649299621582,,,,0.375,,,,,,,,,
11632000,2908,0.375,,11.248367309570312,,,,0.375,,,,,,,,,
11636000,2909,0.75,,11.726568222045898,,,,0.75,,,,,,,,,
11640000,2910,0.5,,8.697240829467773,,,,0.5,,,,,,,,,
11644000,2911,0.375,,9.567949295043945,,,,0.375,,,,,,,,,
11648000,2912,0.25,,11.669742584228516,,,,0.25,,,,,,,,,
11652000,2913,0.375,,9.79530143737793,,,,0.375,,,,,,,,,
11656000,2914,0.0,,9.036137580871582,,,,0.0,,,,,,,,,
11660000,2915,1.125,,10.24626350402832,,,,1.125,,,,,,,,,
11664000,2916,0.5,,10.704902648925781,,,,0.5,,,,,,,,,
11668000,2917,0.625,,9.172794342041016,,,,0.625,,,,,,,,,
11672000,2918,0.0,,8.946490287780762,,,,0.0,,,,,,,,,
11676000,2919,1.0,,10.470497131347656,,,,1.0,,,,,,,,,
11680000,2920,0.5,,9.76802921295166,,,,0.5,,,,,,,,,
11684000,2921,0.25,,9.74344253540039,,,,0.25,,,,,,,,,
11688000,2922,0.75,,9.985815048217773,,,,0.75,,,,,,,,,
11692000,2923,0.75,,9.819051742553711,,,,0.75,,,,,,,,,
11696000,2924,0.25,,10.404115676879883,,,,0.25,,,,,,,,,
11700000,2925,0.125,,9.684840202331543,,,,0.125,,,,,,,,,
11704000,2926,0.125,,9.640886306762695,,,,0.125,,,,,,,,,
11708000,2927,0.75,,9.60645866394043,,,,0.75,,,,,,,,,
11712000,2928,0.375,,9.762491226196289,,,,0.375,,,,,,,,,
11716000,2929,0.625,,10.772933006286621,,,,0.625,,,,,,,,,
11720000,2930,0.0,,11.380387306213379,,,,0.0,,,,,,,,,
11724000,2931,0.375,,10.076839447021484,,,,0.375,,,,,,,,,
11728000,2932,0.375,,10.969482421875,,,,0.375,,,,,,,,,
11732000,2933,0.25,,9.442305564880371,,,,0.25,,,,,,,,,
11736000,2934,0.5,,10.285017013549805,,,,0.5,,,,,,,,,
11740000,2935,0.625,,10.245955467224121,,,,0.625,,,,,,,,,
11744000,2936,0.625,,11.205988883972168,,,,0.625,,,,,,,,,
11748000,2937,0.625,,11.030305862426758,,,,0.625,,,,,,,,,
11752000,2938,0.25,,9.873071670532227,,,,0.25,,,,,,,,,
11756000,2939,0.5,,9.362703323364258,,,,0.5,,,,,,,,,
11760000,2940,1.375,,9.64572525024414,,,,1.375,,,,,,,,,
11764000,2941,0.5,,12.014200210571289,,,,0.5,,,,,,,,,
11768000,2942,0.875,,11.048868179321289,,,,0.875,,,,,,,,,
11772000,2943,0.5,,10.254875183105469,,,,0.5,,,,,,,,,
11776000,2944,1.0,,9.602989196777344,,,,1.0,,,,,,,,,
11780000,2945,0.25,,10.947586059570312,,,,0.25,,,,,,,,,
11784000,2946,0.75,,9.930309295654297,,,,0.75,,,,,,,,,
11788000,2947,0.625,,10.800748825073242,,,,0.625,,,,,,,,,
11792000,2948,0.75,,11.352892875671387,,,,0.75,,,,,,,,,
11796000,2949,0.625,,10.540800094604492,,,,0.625,,,,,,,,,
11800000,2950,0.625,,8.937621116638184,,,,0.625,,,,,,,,,
11804000,2951,0.375,,9.875775337219238,,,,0.375,,,,,,,,,
11808000,2952,0.875,,11.952737808227539,,,,0.875,,,,,,,,,
11812000,2953,0.875,,11.252006530761719,,,,0.875,,,,,,,,,
11816000,2954,0.75,,10.52699089050293,,,,0.75,,,,,,,,,
11820000,2955,0.375,,11.470840454101562,,,,0.375,,,,,,,,,
11824000,2956,0.5,,11.26103401184082,,,,0.5,,,,,,,,,
11828000,2957,0.625,,9.450335502624512,,,,0.625,,,,,,,,,
11832000,2958,0.25,,10.269685745239258,,,,0.25,,,,,,,,,
11836000,2959,0.75,,10.747051239013672,,,,0.75,,,,,,,,,
11840000,2960,0.25,,10.551034927368164,,,,0.25,,,,,,,,,
11844000,2961,0.25,,10.691621780395508,,,,0.25,,,,,,,,,
11848000,2962,1.0,,12.107013702392578,,,,1.0,,,,,,,,,
11852000,2963,0.375,,10.086160659790039,,,,0.375,,,,,,,,,
11856000,2964,0.375,,10.251192092895508,,,,0.375,,,,,,,,,
11860000,2965,0.5,,10.759532928466797,,,,0.5,,,,,,,,,
11864000,2966,0.0,,9.233882904052734,,,,0.0,,,,,,,,,
11868000,2967,0.5,,10.087430953979492,,,,0.5,,,,,,,,,
11872000,2968,0.375,,11.438840866088867,,,,0.375,,,,,,,,,
11876000,2969,0.375,,11.962994575500488,,,,0.375,,,,,,,,,
11880000,2970,0.625,,10.95522689819336,,,,0.625,,,,,,,,,
11884000,2971,0.25,,10.744967460632324,,,,0.25,,,,,,,,,
11888000,2972,0.125,,12.07353687286377,,,,0.125,,,,,,,,,
11892000,2973,0.25,,9.472443580627441,,,,0.25,,,,,,,,,
11896000,2974,0.5,,10.029727935791016,,,,0.5,,,,,,,,,
11900000,2975,0.25,,9.878013610839844,,,,0.25,,,,,,,,,
11904000,2976,0.875,,9.988517761230469,,,,0.875,,,,,,,,,
11908000,2977,0.25,,11.08764934539795,,,,0.25,,,,,,,,,
11912000,2978,0.625,,10.357275009155273,,,,0.625,,,,,,,,,
11916000,2979,0.875,,9.656803131103516,,,,0.875,,,,,,,,,
11920000,2980,0.625,,9.933032035827637,,,,0.625,,,,,,,,,
11924000,2981,0.375,,11.150005340576172,,,,0.375,,,,,,,,,
11928000,2982,0.375,,9.325149536132812,,,,0.375,,,,,,,,,
11932000,2983,0.125,,10.228187561035156,,,,0.125,,,,,,,,,
11936000,2984,0.25,,10.245306015014648,,,,0.25,,,,,,,,,
11940000,2985,0.75,,11.112939834594727,,,,0.75,,,,,,,,,
11944000,2986,0.375,,10.158489227294922,,,,0.375,,,,,,,,,
11948000,2987,0.5,,8.857368469238281,,,,0.5,,,,,,,,,
11952000,2988,0.625,,9.041763305664062,,,,0.625,,,,,,,,,
11956000,2989,0.875,,9.695134162902832,,,,0.875,,,,,,,,,
11960000,2990,0.5,,10.70125961303711,,,,0.5,,,,,,,,,
11964000,2991,0.5,,9.579456329345703,,,,0.5,,,,,,,,,
11968000,2992,0.125,,9.305803298950195,,,,0.125,,,,,,,,,
11972000,2993,0.375,,9.203958511352539,,,,0.375,,,,,,,,,
11976000,2994,0.625,,10.141786575317383,,,,0.625,,,,,,,,,
11980000,2995,0.375,,11.093975067138672,,,,0.375,,,,,,,,,
11984000,2996,1.25,,8.786401748657227,,,,1.25,,,,,,,,,
11988000,2997,0.625,,9.096464157104492,,,,0.625,,,,,,,,,
11992000,2998,1.0,,10.798725128173828,,,,1.0,,,,,,,,,
11996000,2999,1.125,,10.142072677612305,,,,1.125,,,,,,,,,
12000000,3000,0.75,,9.862165451049805,,,,0.75,,,,,,,,,
12004000,3001,0.25,,8.603887557983398,,,,0.25,,,,,,,,,
12008000,3002,0.5,,9.474605560302734,,,,0.5,,,,,,,,,
12012000,3003,0.25,,9.547369956970215,,,,0.25,,,,,,,,,
12016000,3004,0.875,,9.692102432250977,,,,0.875,,,,,,,,,
12020000,3005,0.75,,9.660195350646973,,,,0.75,,,,,,,,,
12024000,3006,1.0,,10.227251052856445,,,,1.0,,,,,,,,,
12028000,3007,0.5,,11.37055778503418,,,,0.5,,,,,,,,,
12032000,3008,1.0,,10.86268424987793,,,,1.0,,,,,,,,,
12036000,3009,0.375,,9.548476219177246,,,,0.375,,,,,,,,,
12040000,3010,0.25,,9.925498962402344,,,,0.25,,,,,,,,,
12044000,3011,0.625,,9.960630416870117,,,,0.625,,,,,,,,,
12048000,3012,0.875,,10.344715118408203,,,,0.875,,,,,,,,,
12052000,3013,0.375,,10.544065475463867,,,,0.375,,,,,,,,,
12056000,3014,0.5,,9.658960342407227,,,,0.5,,,,,,,,,
12060000,3015,0.625,,9.070382118225098,,,,0.625,,,,,,,,,
12064000,3016,0.5,,10.070993423461914,,,,0.5,,,,,,,,,
12068000,3017,0.875,,9.603500366210938,,,,0.875,,,,,,,,,
12072000,3018,0.75,,11.18363094329834,,,,0.75,,,,,,,,,
12076000,3019,0.875,,9.899240493774414,,,,0.875,,,,,,,,,
12080000,3020,0.75,,9.40927791595459,,,,0.75,,,,,,,,,
12084000,3021,0.75,,8.883674621582031,,,,0.75,,,,,,,,,
12088000,3022,0.625,,9.240364074707031,,,,0.625,,,,,,,,,
12092000,3023,1.125,,10.037068367004395,,,,1.125,,,,,,,,,
12096000,3024,0.25,,10.505460739135742,,,,0.25,,,,,,,,,
12100000,3025,0.625,,8.437972068786621,,,,0.625,,,,,,,,,
12104000,3026,1.0,,9.36970329284668,,,,1.0,,,,,,,,,
12108000,3027,1.0,,9.71567153930664,,,,1.0,,,,,,,,,
12112000,3028,0.5,,10.041669845581055,,,,0.5,,,,,,,,,
12116000,3029,0.5,,10.600841522216797,,,,0.5,,,,,,,,,
12120000,3030,0.875,,10.251388549804688,,,,0.875,,,,,,,,,
12124000,3031,0.75,,9.378519058227539,,,,0.75,,,,,,,,,
12128000,3032,0.875,,9.98946475982666,,,,0.875,,,,,,,,,
12132000,3033,1.0,,11.183067321777344,,,,1.0,,,,,,,,,
12136000,3034,1.25,,8.910985946655273,,,,1.25,,,,,,,,,
12140000,3035,0.5,,9.470306396484375,,,,0.5,,,,,,,,,
12144000,3036,0.875,,8.429280281066895,,,,0.875,,,,,,,,,
12148000,3037,1.0,,9.002201080322266,,,,1.0,,,,,,,,,
12152000,3038,1.25,,8.98216438293457,,,,1.25,,,,,,,,,
12156000,3039,0.75,,9.508563995361328,,,,0.75,,,,,,,,,
12160000,3040,0.875,,10.00420093536377,,,,0.875,,,,,,,,,
12164000,3041,1.375,,8.466167449951172,,,,1.375,,,,,,,,,
12168000,3042,0.875,,8.669719696044922,,,,0.875,,,,,,,,,
12172000,3043,0.5,,10.036505699157715,,,,0.5,,,,,,,,,
12176000,3044,0.75,,9.581990242004395,,,,0.75,,,,,,,,,
12180000,3045,1.25,,11.032587051391602,,,,1.25,,,,,,,,,
12184000,3046,1.0,,9.709786415100098,,,,1.0,,,,,,,,,
12188000,3047,1.125,,8.451919555664062,,,,1.125,,,,,,,,,
12192000,3048,0.625,,9.25833511352539,,,,0.625,,,,,,,,,
12196000,3049,1.125,,9.607452392578125,,,,1.125,,,,,,,,,
12200000,3050,0.75,,9.860586166381836,,,,0.75,,,,,,,,,
12204000,3051,1.0,,9.398273468017578,,,,1.0,,,,,,,,,
12208000,3052,1.25,,9.841303825378418,,,,1.25,,,,,,,,,
12212000,3053,0.625,,11.551996231079102,,,,0.625,,,,,,,,,
12216000,3054,1.0,,10.146300315856934,,,,1.0,,,,,,,,,
12220000,3055,1.0,,10.083979606628418,,,,1.0,,,,,,,,,
12224000,3056,0.875,,9.968574523925781,,,,0.875,,,,,,,,,
12228000,3057,1.25,,12.159503936767578,,,,1.25,,,,,,,,,
12232000,3058,0.875,,10.387734413146973,,,,0.875,,,,,,,,,
12236000,3059,1.25,,11.127035140991211,,,,1.25,,,,,,,,,
12240000,3060,0.5,,10.276371002197266,,,,0.5,,,,,,,,,
12244000,3061,1.375,,11.329797744750977,,,,1.375,,,,,,,,,
12248000,3062,1.125,,11.09135627746582,,,,1.125,,,,,,,,,
12252000,3063,0.625,,10.43014907836914,,,,0.625,,,,,,,,,
12256000,3064,0.875,,10.171419143676758,,,,0.875,,,,,,,,,
12260000,3065,1.0,,9.777097702026367,,,,1.0,,,,,,,,,
12264000,3066,0.625,,9.944313049316406,,,,0.625,,,,,,,,,
12268000,3067,1.5,,9.380942344665527,,,,1.5,,,,,,,,,
12272000,3068,0.5,,11.762531280517578,,,,0.5,,,,,,,,,
12276000,3069,1.0,,11.612855911254883,,,,1.0,,,,,,,,,
12280000,3070,0.75,,11.130321502685547,,,,0.75,,,,,,,,,
12284000,3071,0.375,,10.026448249816895,,,,0.375,,,,,,,,,
12288000,3072,0.5,,9.94303035736084,,,,0.5,,,,,,,,,
12292000,3073,1.25,,10.977402687072754,,,,1.25,,,,,,,,,
12296000,3074,1.125,,11.304262161254883,,,,1.125,,,,,,,,,
12300000,3075,0.5,,11.82652759552002,,,,0.5,,,,,,,,,
12304000,3076,1.125,,11.468267440795898,,,,1.125,,,,,,,,,
12308000,3077,0.875,,9.861684799194336,,,,0.875,,,,,,,,,
12312000,3078,1.125,,10.280466079711914,,,,1.125,,,,,,,,,
12316000,3079,1.0,,10.736913681030273,,,,1.0,,,,,,,,,
12320000,3080,1.0,,11.552148818969727,,,,1.0,,,,,,,,,
12324000,3081,0.625,,10.371355056762695,,,,0.625,,,,,,,,,
12328000,3082,1.25,,10.327776908874512,,,,1.25,,,,,,,,,
12332000,3083,1.5,,10.62203311920166,,,,1.5,,,,,,,,,
12336000,3084,1.125,,11.721283912658691,,,,1.125,,,,,,,,,
12340000,3085,1.0,,10.621210098266602,,,,1.0,,,,,,,,,
12344000,3086,1.0,,11.140472412109375,,,,1.0,,,,,,,,,
12348000,3087,0.625,,11.642759323120117,,,,0.625,,,,,,,,,
12352000,3088,1.25,,11.21735954284668,,,,1.25,,,,,,,,,
12356000,3089,1.25,,10.705137252807617,,,,1.25,,,,,,,,,
12360000,3090,0.75,,9.74109935760498,,,,0.75,,,,,,,,,
12364000,3091,0.375,,11.362101554870605,,,,0.375,,,,,,,,,
12368000,3092,0.75,,11.276409149169922,,,,0.75,,,,,,,,,
12372000,3093,1.125,,10.960027694702148,,,,1.125,,,,,,,,,
12376000,3094,0.625,,10.800825119018555,,,,0.625,,,,,,,,,
12380000,3095,1.5,,10.539871215820312,,,,1.5,,,,,,,,,
12384000,3096,0.5,,10.98161792755127,,,,0.5,,,,,,,,,
12388000,3097,1.0,,10.12944221496582,,,,1.0,,,,,,,,,
12392000,3098,0.625,,9.628192901611328,,,,0.625,,,,,,,,,
12396000,3099,1.5,,10.613895416259766,,,,1.5,,,,,,,,,
12400000,3100,1.25,,10.835453033447266,,,,1.25,,,,,,,,,
12404000,3101,1.25,,9.777338981628418,,,,1.25,,,,,,,,,
12408000,3102,1.5,,10.101675033569336,,,,1.5,,,,,,,,,
12412000,3103,0.75,,10.125277519226074,,,,0.75,,,,,,,,,
12416000,3104,0.5,,10.261886596679688,,,,0.5,,,,,,,,,
12420000,3105,0.625,,10.40964126586914,,,,0.625,,,,,,,,,
12424000,3106,1.0,,10.182655334472656,,,,1.0,,,,,,,,,
12428000,3107,0.375,,10.02206039428711,,,,0.375,,,,,,,,,
12432000,3108,0.375,,11.123198509216309,,,,0.375,,,,,,,,,
12436000,3109,1.125,,10.095256805419922,,,,1.125,,,,,,,,,
12440000,3110,1.125,,9.915687561035156,,,,1.125,,,,,,,,,
12444000,3111,0.625,,11.697883605957031,,,,0.625,,,,,,,,,
12448000,3112,0.625,,11.555801391601562,,,,0.625,,,,,,,,,
12452000,3113,0.625,,9.679883003234863,,,,0.625,,,,,,,,,
12456000,3114,0.625,,10.355352401733398,,,,0.625,,,,,,,,,
12460000,3115,1.0,,9.706527709960938,,,,1.0,,,,,,,,,
12464000,3116,1.0,,10.3522310256958,,,,1.0,,,,,,,,,
12468000,3117,0.75,,9.679819107055664,,,,0.75,,,,,,,,,
12472000,3118,1.0,,10.202716827392578,,,,1.0,,,,,,,,,
12476000,3119,0.75,,11.032618522644043,,,,0.75,,,,,,,,,
12480000,3120,0.625,,10.892417907714844,,,,0.625,,,,,,,,,
12484000,3121,0.5,,10.518401145935059,,,,0.5,,,,,,,,,
12488000,3122,0.625,,11.411303520202637,,,,0.625,,,,,,,,,
12492000,3123,0.875,,11.346372604370117,,,,0.875,,,,,,,,,
12496000,3124,0.5,,10.978313446044922,,,,0.5,,,,,,,,,
12500000,3125,1.0,,10.179776191711426,,,,1.0,,,,,,,,,
12504000,3126,0.625,,9.815391540527344,,,,0.625,,,,,,,,,
12508000,3127,0.625,,11.201821327209473,,,,0.625,,,,,,,,,
12512000,3128,0.75,,10.633096694946289,,,,0.75,,,,,,,,,
12516000,3129,0.625,,9.315605163574219,,,,0.625,,,,,,,,,
12520000,3130,0.375,,10.115760803222656,,,,0.375,,,,,,,,,
12524000,3131,1.0,,9.679741859436035,,,,1.0,,,,,,,,,
12528000,3132,1.0,,10.5826416015625,,,,1.0,,,,,,,,,
12532000,3133,0.875,,10.254901885986328,,,,0.875,,,,,,,,,
12536000,3134,1.125,,9.985523223876953,,,,1.125,,,,,,,,,
12540000,3135,0.5,,10.320426940917969,,,,0.5,,,,,,,,,
12544000,3136,1.75,,10.639606475830078,,,,1.75,,,,,,,,,
12548000,3137,1.0,,9.652690887451172,,,,1.0,,,,,,,,,
12552000,3138,1.125,,10.822659492492676,,,,1.125,,,,,,,,,
12556000,3139,1.625,,10.366060256958008,,,,1.625,,,,,,,,,
12560000,3140,0.375,,11.577913284301758,,,,0.375,,,,,,,,,
12564000,3141,1.25,,10.261045455932617,,,,1.25,,,,,,,,,
12568000,3142,0.875,,9.539934158325195,,,,0.875,,,,,,,,,
12572000,3143,1.75,,10.210978507995605,,,,1.75,,,,,,,,,
12576000,3144,1.25,,10.170581817626953,,,,1.25,,,,,,,,,
12580000,3145,0.25,,10.788192749023438,,,,0.25,,,,,,,,,
12584000,3146,0.375,,10.956856727600098,,,,0.375,,,,,,,,,
12588000,3147,0.75,,10.087461471557617,,,,0.75,,,,,,,,,
12592000,3148,0.875,,8.952396392822266,,,,0.875,,,,,,,,,
12596000,3149,0.875,,10.321147918701172,,,,0.875,,,,,,,,,
12600000,3150,1.25,,9.841166496276855,,,,1.25,,,,,,,,,
12604000,3151,1.125,,9.899564743041992,,,,1.125,,,,,,,,,
12608000,3152,1.5,,10.222564697265625,,,,1.5,,,,,,,,,
12612000,3153,0.875,,10.289009094238281,,,,0.875,,,,,,,,,
12616000,3154,1.0,,10.102801322937012,,,,1.0,,,,,,,,,
12620000,3155,0.625,,11.578597068786621,,,,0.625,,,,,,,,,
12624000,3156,0.75,,10.559279441833496,,,,0.75,,,,,,,,,
12628000,3157,1.375,,9.081972122192383,,,,1.375,,,,,,,,,
12632000,3158,1.125,,9.682025909423828,,,,1.125,,,,,,,,,
12636000,3159,0.75,,10.848800659179688,,,,0.75,,,,,,,,,
12640000,3160,1.5,,9.332073211669922,,,,1.5,,,,,,,,,
12644000,3161,1.5,,8.619869232177734,,,,1.5,,,,,,,,,
12648000,3162,0.75,,8.908141136169434,,,,0.75,,,,,,,,,
12652000,3163,0.875,,9.825788497924805,,,,0.875,,,,,,,,,
12656000,3164,2.0,,9.480241775512695,,,,2.0,,,,,,,,,
12660000,3165,1.375,,9.652034759521484,,,,1.375,,,,,,,,,
12664000,3166,1.5,,10.907838821411133,,,,1.5,,,,,,,,,
12668000,3167,1.0,,8.938698768615723,,,,1.0,,,,,,,,,
12672000,3168,0.875,,9.40096378326416,,,,0.875,,,,,,,,,
12676000,3169,1.25,,9.91041374206543,,,,1.25,,,,,,,,,
12680000,3170,1.625,,9.091300964355469,,,,1.625,,,,,,,,,
12684000,3171,1.5,,9.76596450805664,,,,1.5,,,,,,,,,
12688000,3172,1.625,,9.509092330932617,,,,1.625,,,,,,,,,
12692000,3173,1.875,,9.573982238769531,,,,1.875,,,,,,,,,
12696000,3174,1.375,,9.660806655883789,,,,1.375,,,,,,,,,
12700000,3175,0.875,,9.676420211791992,,,,0.875,,,,,,,,,
12704000,3176,2.125,,10.538080215454102,,,,2.125,,,,,,,,,
12708000,3177,1.625,,9.544851303100586,,,,1.625,,,,,,,,,
12712000,3178,1.375,,9.538393020629883,,,,1.375,,,,,,,,,
12716000,3179,0.75,,9.151268005371094,,,,0.75,,,,,,,,,
12720000,3180,1.25,,9.688271522521973,,,,1.25,,,,,,,,,
12724000,3181,1.375,,10.724639892578125,,,,1.375,,,,,,,,,
12728000,3182,1.75,,10.284141540527344,,,,1.75,,,,,,,,,
12732000,3183,1.0,,9.088888168334961,,,,1.0,,,,,,,,,
12736000,3184,1.125,,9.475934982299805,,,,1.125,,,,,,,,,
12740000,3185,1.25,,10.309526443481445,,,,1.25,,,,,,,,,
12744000,3186,1.5,,9.885597229003906,,,,1.5,,,,,,,,,
12748000,3187,1.375,,9.656072616577148,,,,1.375,,,,,,,,,
12752000,3188,1.875,,9.810050010681152,,,,1.875,,,,,,,,,
12756000,3189,1.25,,9.333362579345703,,,,1.25,,,,,,,,,
12760000,3190,1.625,,10.154754638671875,,,,1.625,,,,,,,,,
12764000,3191,2.25,,10.07989501953125,,,,2.25,,,,,,,,,
12768000,3192,1.875,,9.321950912475586,,,,1.875,,,,,,,,,
12772000,3193,1.625,,10.003324508666992,,,,1.625,,,,,,,,,
12776000,3194,2.25,,9.885395050048828,,,,2.25,,,,,,,,,
12780000,3195,2.5,,9.928140640258789,,,,2.5,,,,,,,,,
12784000,3196,1.125,,10.974098205566406,,,,1.125,,,,,,,,,
12788000,3197,1.25,,10.821745872497559,,,,1.25,,,,,,,,,
12792000,3198,2.125,,9.691558837890625,,,,2.125,,,,,,,,,
12796000,3199,1.625,,11.279775619506836,,,,1.625,,,,,,,,,
12800000,3200,1.75,,10.895301818847656,,,,1.75,,,,,,,,,
12804000,3201,2.0,,10.066823959350586,,,,2.0,,,,,,,,,
12808000,3202,1.375,,10.469392776489258,,,,1.375,,,,,,,,,
12812000,3203,1.75,,10.831809043884277,,,,1.75,,,,,,,,,
12816000,3204,1.75,,10.204459190368652,,,,1.75,,,,,,,,,
12820000,3205,1.375,,10.077154159545898,,,,1.375,,,,,,,,,
12824000,3206,2.125,,10.91818618774414,,,,2.125,,,,,,,,,
12828000,3207,1.875,,11.239253997802734,,,,1.875,,,,,,,,,
12832000,3208,2.125,,9.5863037109375,,,,2.125,,,,,,,,,
12836000,3209,1.375,,10.434947967529297,,,,1.375,,,,,,,,,
12840000,3210,1.875,,9.672855377197266,,,,1.875,,,,,,,,,
12844000,3211,2.125,,9.527835845947266,,,,2.125,,,,,,,,,
12848000,3212,1.375,,10.442838668823242,,,,1.375,,,,,,,,,
12852000,3213,1.875,,10.885063171386719,,,,1.875,,,,,,,,,
12856000,3214,1.5,,11.688835144042969,,,,1.5,,,,,,,,,
12860000,3215,1.25,,10.83688735961914,,,,1.25,,,,,,,,,
12864000,3216,2.5,,11.028289794921875,,,,2.5,,,,,,,,,
12868000,3217,0.875,,10.689714431762695,,,,0.875,,,,,,,,,
12872000,3218,1.625,,10.987258911132812,,,,1.625,,,,,,,,,
12876000,3219,1.625,,10.519749641418457,,,,1.625,,,,,,,,,
12880000,3220,2.0,,10.096885681152344,,,,2.0,,,,,,,,,
12884000,3221,1.625,,11.015928268432617,,,,1.625,,,,,,,,,
12888000,3222,1.625,,10.802658081054688,,,,1.625,,,,,,,,,
12892000,3223,1.875,,10.33245849609375,,,,1.875,,,,,,,,,
12896000,3224,1.875,,10.54660415649414,,,,1.875,,,,,,,,,
12900000,3225,1.25,,10.463903427124023,,,,1.25,,,,,,,,,
12904000,3226,1.75,,10.284202575683594,,,,1.75,,,,,,,,,
12908000,3227,2.0,,11.186624526977539,,,,2.0,,,,,,,,,
12912000,3228,1.75,,11.474769592285156,,,,1.75,,,,,,,,,
12916000,3229,2.0,,10.352828979492188,,,,2.0,,,,,,,,,
12920000,3230,2.0,,9.312434196472168,,,,2.0,,,,,,,,,
12924000,3231,1.875,,10.726576805114746,,,,1.875,,,,,,,,,
12928000,3232,1.625,,10.339788436889648,,,,1.625,,,,,,,,,
12932000,3233,1.75,,11.197669982910156,,,,1.75,,,,,,,,,
12936000,3234,1.5,,10.914575576782227,,,,1.5,,,,,,,,,
12940000,3235,1.875,,11.939071655273438,,,,1.875,,,,,,,,,
12944000,3236,1.5,,11.147943496704102,,,,1.5,,,,,,,,,
12948000,3237,1.5,,10.91647720336914,,,,1.5,,,,,,,,,
12952000,3238,1.75,,10.670124053955078,,,,1.75,,,,,,,,,
12956000,3239,2.0,,11.339930534362793,,,,2.0,,,,,,,,,
12960000,3240,1.5,,11.360788345336914,,,,1.5,,,,,,,,,
12964000,3241,2.25,,11.346527099609375,,,,2.25,,,,,,,,,
12968000,3242,2.5,,11.223175048828125,,,,2.5,,,,,,,,,
12972000,3243,1.625,,10.086087226867676,,,,1.625,,,,,,,,,
12976000,3244,1.625,,11.426121711730957,,,,1.625,,,,,,,,,
12980000,3245,2.125,,10.542739868164062,,,,2.125,,,,,,,,,
12984000,3246,2.25,,10.55749797821045,,,,2.25,,,,,,,,,
12988000,3247,1.5,,11.292129516601562,,,,1.5,,,,,,,,,
12992000,3248,1.375,,11.160425186157227,,,,1.375,,,,,,,,,
12996000,3249,1.75,,11.162918090820312,,,,1.75,,,,,,,,,
13000000,3250,1.5,,11.905147552490234,,,,1.5,,,,,,,,,
13004000,3251,1.625,,11.131834983825684,,,,1.625,,,,,,,,,
13008000,3252,1.5,,10.799705505371094,,,,1.5,,,,,,,,,
13012000,3253,2.0,,11.181445121765137,,,,2.0,,,,,,,,,
13016000,3254,2.375,,12.258684158325195,,,,2.375,,,,,,,,,
13020000,3255,1.875,,10.559999465942383,,,,1.875,,,,,,,,,
13024000,3256,1.0,,10.787424087524414,,,,1.0,,,,,,,,,
13028000,3257,1.375,,10.66243839263916,,,,1.375,,,,,,,,,
13032000,3258,1.75,,10.431650161743164,,,,1.75,,,,,,,,,
13036000,3259,1.375,,11.533266067504883,,,,1.375,,,,,,,,,
13040000,3260,1.625,,11.819725036621094,,,,1.625,,,,,,,,,
13044000,3261,1.375,,11.916537284851074,,,,1.375,,,,,,,,,
13048000,3262,2.0,,11.370880126953125,,,,2.0,,,,,,,,,
13052000,3263,1.75,,11.506562232971191,,,,1.75,,,,,,,,,
13056000,3264,2.25,,10.37274169921875,,,,2.25,,,,,,,,,
13060000,3265,2.25,,11.329183578491211,,,,2.25,,,,,,,,,
13064000,3266,1.5,,10.96456241607666,,,,1.5,,,,,,,,,
13068000,3267,2.25,,11.267284393310547,,,,2.25,,,,,,,,,
13072000,3268,2.25,,10.843023300170898,,,,2.25,,,,,,,,,
13076000,3269,1.375,,11.186295509338379,,,,1.375,,,,,,,,,
13080000,3270,1.625,,11.217456817626953,,,,1.625,,,,,,,,,
13084000,3271,1.875,,11.556100845336914,,,,1.875,,,,,,,,,
13088000,3272,1.25,,10.574504852294922,,,,1.25,,,,,,,,,
13092000,3273,1.5,,12.014223098754883,,,,1.5,,,,,,,,,
13096000,3274,2.125,,12.680411338806152,,,,2.125,,,,,,,,,
13100000,3275,1.75,,11.010385513305664,,,,1.75,,,,,,,,,
13104000,3276,2.25,,10.428232192993164,,,,2.25,,,,,,,,,
13108000,3277,2.375,,11.130582809448242,,,,2.375,,,,,,,,,
13112000,3278,2.0,,11.467451095581055,,,,2.0,,,,,,,,,
13116000,3279,2.125,,12.040814399719238,,,,2.125,,,,,,,,,
13120000,3280,2.375,,11.871552467346191,,,,2.375,,,,,,,,,
13124000,3281,1.625,,11.225250244140625,,,,1.625,,,,,,,,,
13128000,3282,2.375,,11.662028312683105,,,,2.375,,,,,,,,,
13132000,3283,1.625,,11.960858345031738,,,,1.625,,,,,,,,,
13136000,3284,1.75,,11.381105422973633,,,,1.75,,,,,,,,,
13140000,3285,1.875,,10.794612884521484,,,,1.875,,,,,,,,,
13144000,3286,1.125,,11.66248893737793,,,,1.125,,,,,,,,,
13148000,3287,1.875,,11.526876449584961,,,,1.875,,,,,,,,,
13152000,3288,2.25,,11.22811508178711,,,,2.25,,,,,,,,,
13156000,3289,2.875,,12.577912330627441,,,,2.875,,,,,,,,,
13160000,3290,2.75,,11.08516788482666,,,,2.75,,,,,,,,,
13164000,3291,1.625,,11.008319854736328,,,,1.625,,,,,,,,,
13168000,3292,2.75,,12.122661590576172,,,,2.75,,,,,,,,,
13172000,3293,2.125,,11.32902717590332,,,,2.125,,,,,,,,,
13176000,3294,2.75,,11.554424285888672,,,,2.75,,,,,,,,,
13180000,3295,2.375,,11.633193969726562,,,,2.375,,,,,,,,,
13184000,3296,2.25,,11.811548233032227,,,,2.25,,,,,,,,,
13188000,3297,2.25,,10.817583084106445,,,,2.25,,,,,,,,,
13192000,3298,2.25,,10.835597038269043,,,,2.25,,,,,,,,,
13196000,3299,1.625,,10.680944442749023,,,,1.625,,,,,,,,,
13200000,3300,2.375,,11.579160690307617,,,,2.375,,,,,,,,,
13204000,3301,1.375,,12.033897399902344,,,,1.375,,,,,,,,,
13208000,3302,2.625,,11.78120231628418,,,,2.625,,,,,,,,,
13212000,3303,1.875,,11.797080039978027,,,,1.875,,,,,,,,,
13216000,3304,1.625,,11.96241569519043,,,,1.625,,,,,,,,,
13220000,3305,2.625,,11.137941360473633,,,,2.625,,,,,,,,,
13224000,3306,2.75,,11.543764114379883,,,,2.75,,,,,,,,,
13228000,3307,1.625,,11.379064559936523,,,,1.625,,,,,,,,,
13232000,3308,2.625,,11.55042839050293,,,,2.625,,,,,,,,,
13236000,3309,2.5,,10.545516967773438,,,,2.5,,,,,,,,,
13240000,3310,2.875,,12.160345077514648,,,,2.875,,,,,,,,,
13244000,3311,2.125,,11.43019962310791,,,,2.125,,,,,,,,,
13248000,3312,2.0,,11.111095428466797,,,,2.0,,,,,,,,,
13252000,3313,2.5,,11.02861213684082,,,,2.5,,,,,,,,,
13256000,3314,2.625,,11.184246063232422,,,,2.625,,,,,,,,,
13260000,3315,2.875,,10.716972351074219,,,,2.875,,,,,,,,,
13264000,3316,2.125,,11.898576736450195,,,,2.125,,,,,,,,,
13268000,3317,2.25,,11.418571472167969,,,,2.25,,,,,,,,,
13272000,3318,2.125,,11.56350326538086,,,,2.125,,,,,,,,,
13276000,3319,2.875,,10.71478271484375,,,,2.875,,,,,,,,,
13280000,3320,2.75,,11.2884521484375,,,,2.75,,,,,,,,,
13284000,3321,2.625,,11.096891403198242,,,,2.625,,,,,,,,,
13288000,3322,2.125,,11.464624404907227,,,,2.125,,,,,,,,,
13292000,3323,2.25,,11.201238632202148,,,,2.25,,,,,,,,,
13296000,3324,2.375,,10.91187858581543,,,,2.375,,,,,,,,,
13300000,3325,2.875,,11.570877075195312,,,,2.875,,,,,,,,,
13304000,3326,2.0,,10.945551872253418,,,,2.0,,,,,,,,,
13308000,3327,2.875,,11.669966697692871,,,,2.875,,,,,,,,,
13312000,3328,2.5,,11.482088088989258,,,,2.5,,,,,,,,,
13316000,3329,3.125,,11.134933471679688,,,,3.125,,,,,,,,,
13320000,3330,2.625,,10.747855186462402,,,,2.625,,,,,,,,,
13324000,3331,1.75,,11.067152976989746,,,,1.75,,,,,,,,,
13328000,3332,1.375,,11.523508071899414,,,,1.375,,,,,,,,,
13332000,3333,2.625,,11.315908432006836,,,,2.625,,,,,,,,,
13336000,3334,3.0,,11.15480899810791,,,,3.0,,,,,,,,,
13340000,3335,1.875,,11.319377899169922,,,,1.875,,,,,,,,,
13344000,3336,2.375,,12.052390098571777,,,,2.375,,,,,,,,,
13348000,3337,2.75,,11.15465259552002,,,,2.75,,,,,,,,,
13352000,3338,2.375,,11.120780944824219,,,,2.375,,,,,,,,,
13356000,3339,2.5,,10.942681312561035,,,,2.5,,,,,,,,,
13360000,3340,2.25,,11.044347763061523,,,,2.25,,,,,,,,,
13364000,3341,3.0,,10.927849769592285,,,,3.0,,,,,,,,,
13368000,3342,2.375,,11.456304550170898,,,,2.375,,,,,,,,,
13372000,3343,2.875,,11.22431755065918,,,,2.875,,,,,,,,,
13376000,3344,2.625,,11.096694946289062,,,,2.625,,,,,,,,,
13380000,3345,1.75,,11.56165885925293,,,,1.75,,,,,,,,,
13384000,3346,2.625,,12.017322540283203,,,,2.625,,,,,,,,,
13388000,3347,2.5,,11.103828430175781,,,,2.5,,,,,,,,,
13392000,3348,2.875,,11.660567283630371,,,,2.875,,,,,,,,,
13396000,3349,3.0,,10.783276557922363,,,,3.0,,,,,,,,,
13400000,3350,2.25,,11.684402465820312,,,,2.25,,,,,,,,,
13404000,3351,2.125,,11.598207473754883,,,,2.125,,,,,,,,,
13408000,3352,1.625,,11.260200500488281,,,,1.625,,,,,,,,,
13412000,3353,1.75,,11.136427879333496,,,,1.75,,,,,,,,,
13416000,3354,1.375,,11.79235553741455,,,,1.375,,,,,,,,,
13420000,3355,2.625,,10.954032897949219,,,,2.625,,,,,,,,,
13424000,3356,1.625,,10.739812850952148,,,,1.625,,,,,,,,,
13428000,3357,2.5,,11.551977157592773,,,,2.5,,,,,,,,,
13432000,3358,1.5,,10.90119743347168,,,,1.5,,,,,,,,,
13436000,3359,1.625,,10.433876037597656,,,,1.625,,,,,,,,,
13440000,3360,1.0,,10.76254940032959,,,,1.0,,,,,,,,,
13444000,3361,1.375,,10.732195854187012,,,,1.375,,,,,,,,,
13448000,3362,2.25,,10.225767135620117,,,,2.25,,,,,,,,,
13452000,3363,2.5,,10.724006652832031,,,,2.5,,,,,,,,,
13456000,3364,2.5,,10.863134384155273,,,,2.5,,,,,,,,,
13460000,3365,2.375,,10.436727523803711,,,,2.375,,,,,,,,,
13464000,3366,1.25,,10.772603988647461,,,,1.25,,,,,,,,,
13468000,3367,1.875,,10.588056564331055,,,,1.875,,,,,,,,,
13472000,3368,2.25,,10.557491302490234,,,,2.25,,,,,,,,,
13476000,3369,2.125,,10.28812313079834,,,,2.125,,,,,,,,,
13480000,3370,1.875,,10.309067726135254,,,,1.875,,,,,,,,,
13484000,3371,2.75,,10.697524070739746,,,,2.75,,,,,,,,,
13488000,3372,2.0,,10.457054138183594,,,,2.0,,,,,,,,,
13492000,3373,2.25,,10.359312057495117,,,,2.25,,,,,,,,,
13496000,3374,2.375,,10.146896362304688,,,,2.375,,,,,,,,,
13500000,3375,2.25,,9.888483047485352,,,,2.25,,,,,,,,,
13504000,3376,2.375,,10.048139572143555,,,,2.375,,,,,,,,,
13508000,3377,1.75,,10.225818634033203,,,,1.75,,,,,,,,,
13512000,3378,1.75,,10.153213500976562,,,,1.75,,,,,,,,,
13516000,3379,1.75,,10.31991958618164,,,,1.75,,,,,,,,,
13520000,3380,2.0,,10.242531776428223,,,,2.0,,,,,,,,,
13524000,3381,1.75,,10.676247596740723,,,,1.75,,,,,,,,,
13528000,3382,2.375,,10.001432418823242,,,,2.375,,,,,,,,,
13532000,3383,1.875,,10.723261833190918,,,,1.875,,,,,,,,,
13536000,3384,3.0,,10.786731719970703,,,,3.0,,,,,,,,,
13540000,3385,3.0,,10.30961799621582,,,,3.0,,,,,,,,,
13544000,3386,1.75,,10.139259338378906,,,,1.75,,,,,,,,,
13548000,3387,2.5,,10.10530948638916,,,,2.5,,,,,,,,,
13552000,3388,1.875,,9.93024730682373,,,,1.875,,,,,,,,,
13556000,3389,2.5,,10.110536575317383,,,,2.5,,,,,,,,,
13560000,3390,1.75,,10.439729690551758,,,,1.75,,,,,,,,,
13564000,3391,1.75,,9.750565528869629,,,,1.75,,,,,,,,,
13568000,3392,2.25,,10.334515571594238,,,,2.25,,,,,,,,,
13572000,3393,2.75,,9.826583862304688,,,,2.75,,,,,,,,,
13576000,3394,1.625,,10.129416465759277,,,,1.625,,,,,,,,,
13580000,3395,2.0,,10.652276992797852,,,,2.0,,,,,,,,,
13584000,3396,3.0,,10.224384307861328,,,,3.0,,,,,,,,,
13588000,3397,3.0,,10.408361434936523,,,,3.0,,,,,,,,,
13592000,3398,2.625,,10.61320686340332,,,,2.625,,,,,,,,,
13596000,3399,2.75,,10.010394096374512,,,,2.75,,,,,,,,,
13600000,3400,2.75,,9.885181427001953,,,,2.75,,,,,,,,,
13604000,3401,2.625,,9.92259407043457,,,,2.625,,,,,,,,,
13608000,3402,2.75,,9.599534034729004,,,,2.75,,,,,,,,,
13612000,3403,2.5,,10.558769226074219,,,,2.5,,,,,,,,,
13616000,3404,2.125,,10.669876098632812,,,,2.125,,,,,,,,,
13620000,3405,2.75,,10.115949630737305,,,,2.75,,,,,,,,,
13624000,3406,1.75,,10.268146514892578,,,,1.75,,,,,,,,,
13628000,3407,2.625,,9.806303024291992,,,,2.625,,,,,,,,,
13632000,3408,2.0,,9.392271995544434,,,,2.0,,,,,,,,,
13636000,3409,1.875,,10.988462448120117,,,,1.875,,,,,,,,,
13640000,3410,1.75,,9.701576232910156,,,,1.75,,,,,,,,,
13644000,3411,2.25,,10.037572860717773,,,,2.25,,,,,,,,,
13648000,3412,2.125,,9.652323722839355,,,,2.125,,,,,,,,,
13652000,3413,2.5,,9.083410263061523,,,,2.5,,,,,,,,,
13656000,3414,2.125,,9.51346206665039,,,,2.125,,,,,,,,,
13660000,3415,2.75,,9.645685195922852,,,,2.75,,,,,,,,,
13664000,3416,1.5,,9.909204483032227,,,,1.5,,,,,,,,,
13668000,3417,1.625,,9.394088745117188,,,,1.625,,,,,,,,,
13672000,3418,1.75,,10.013937950134277,,,,1.75,,,,,,,,,
13676000,3419,2.375,,9.99874210357666,,,,2.375,,,,,,,,,
13680000,3420,2.25,,9.48343276977539,,,,2.25,,,,,,,,,
13684000,3421,2.375,,9.425626754760742,,,,2.375,,,,,,,,,
13688000,3422,1.25,,9.527141571044922,,,,1.25,,,,,,,,,
13692000,3423,2.25,,9.344488143920898,,,,2.25,,,,,,,,,
13696000,3424,1.5,,9.26214599609375,,,,1.5,,,,,,,,,
13700000,3425,2.0,,9.446338653564453,,,,2.0,,,,,,,,,
13704000,3426,2.25,,9.620546340942383,,,,2.25,,,,,,,,,
13708000,3427,1.875,,9.395854949951172,,,,1.875,,,,,,,,,
13712000,3428,1.375,,8.83901596069336,,,,1.375,,,,,,,,,
13716000,3429,2.625,,9.333869934082031,,,,2.625,,,,,,,,,
13720000,3430,2.5,,9.485549926757812,,,,2.5,,,,,,,,,
13724000,3431,2.25,,8.942412376403809,,,,2.25,,,,,,,,,
13728000,3432,1.625,,8.986351013183594,,,,1.625,,,,,,,,,
13732000,3433,2.0,,9.048840522766113,,,,2.0,,,,,,,,,
13736000,3434,3.0,,8.811067581176758,,,,3.0,,,,,,,,,
13740000,3435,2.25,,9.005309104919434,,,,2.25,,,,,,,,,
13744000,3436,2.25,,8.747100830078125,,,,2.25,,,,,,,,,
13748000,3437,2.5,,8.492805480957031,,,,2.5,,,,,,,,,
13752000,3438,2.125,,8.96684455871582,,,,2.125,,,,,,,,,
13756000,3439,3.0,,8.757927894592285,,,,3.0,,,,,,,,,
13760000,3440,3.25,,8.725482940673828,,,,3.25,,,,,,,,,
13764000,3441,1.875,,9.24315357208252,,,,1.875,,,,,,,,,
13768000,3442,1.75,,8.681591033935547,,,,1.75,,,,,,,,,
13772000,3443,2.125,,8.412054061889648,,,,2.125,,,,,,,,,
13776000,3444,1.75,,8.36208724975586,,,,1.75,,,,,,,,,
13780000,3445,2.875,,8.966504096984863,,,,2.875,,,,,,,,,
13784000,3446,2.75,,8.817488670349121,,,,2.75,,,,,,,,,
13788000,3447,2.5,,8.158414840698242,,,,2.5,,,,,,,,,
13792000,3448,2.5,,8.837918281555176,,,,2.5,,,,,,,,,
13796000,3449,2.75,,8.61086654663086,,,,2.75,,,,,,,,,
13800000,3450,2.25,,8.577341079711914,,,,2.25,,,,,,,,,
13804000,3451,2.5,,8.14759635925293,,,,2.5,,,,,,,,,
13808000,3452,1.875,,8.204219818115234,,,,1.875,,,,,,,,,
13812000,3453,1.75,,8.627159118652344,,,,1.75,,,,,,,,,
13816000,3454,2.375,,8.761263847351074,,,,2.375,,,,,,,,,
13820000,3455,2.125,,8.581871032714844,,,,2.125,,,,,,,,,
13824000,3456,2.625,,8.238502502441406,,,,2.625,,,,,,,,,
13828000,3457,1.625,,8.329029083251953,,,,1.625,,,,,,,,,
13832000,3458,2.625,,8.289138793945312,,,,2.625,,,,,,,,,
13836000,3459,2.0,,8.126388549804688,,,,2.0,,,,,,,,,
13840000,3460,2.25,,8.591026306152344,,,,2.25,,,,,,,,,
13844000,3461,2.375,,7.766385078430176,,,,2.375,,,,,,,,,
13848000,3462,1.5,,7.915805816650391,,,,1.5,,,,,,,,,
13852000,3463,2.25,,7.721737384796143,,,,2.25,,,,,,,,,
13856000,3464,1.625,,8.059873580932617,,,,1.625,,,,,,,,,
13860000,3465,3.0,,8.455385208129883,,,,3.0,,,,,,,,,
13864000,3466,2.5,,7.8566741943359375,,,,2.5,,,,,,,,,
13868000,3467,2.25,,7.759830951690674,,,,2.25,,,,,,,,,
13872000,3468,2.5,,7.847059726715088,,,,2.5,,,,,,,,,
13876000,3469,2.375,,7.955657958984375,,,,2.375,,,,,,,,,
13880000,3470,1.5,,7.891897201538086,,,,1.5,,,,,,,,,
13884000,3471,2.5,,7.833850860595703,,,,2.5,,,,,,,,,
13888000,3472,2.0,,7.49666690826416,,,,2.0,,,,,,,,,
13892000,3473,1.875,,7.878810882568359,,,,1.875,,,,,,,,,
13896000,3474,1.75,,7.810626029968262,,,,1.75,,,,,,,,,
13900000,3475,2.125,,7.696148872375488,,,,2.125,,,,,,,,,
13904000,3476,1.625,,8.299253463745117,,,,1.625,,,,,,,,,
13908000,3477,1.875,,7.4715576171875,,,,1.875,,,,,,,,,
13912000,3478,1.75,,7.226022720336914,,,,1.75,,,,,,,,,
13916000,3479,1.625,,7.288926601409912,,,,1.625,,,,,,,,,
13920000,3480,1.25,,7.721682071685791,,,,1.25,,,,,,,,,
13924000,3481,2.0,,7.392459869384766,,,,2.0,,,,,,,,,
13928000,3482,1.75,,7.88714599609375,,,,1.75,,,,,,,,,
13932000,3483,1.625,,7.2904205322265625,,,,1.625,,,,,,,,,
13936000,3484,2.5,,7.697201251983643,,,,2.5,,,,,,,,,
13940000,3485,1.75,,7.51521110534668,,,,1.75,,,,,,,,,
13944000,3486,2.25,,7.789103984832764,,,,2.25,,,,,,,,,
13948000,3487,1.5,,7.493721961975098,,,,1.5,,,,,,,,,
13952000,3488,2.875,,7.444917678833008,,,,2.875,,,,,,,,,
13956000,3489,2.5,,7.266840934753418,,,,2.5,,,,,,,,,
13960000,3490,1.875,,7.182917594909668,,,,1.875,,,,,,,,,
13964000,3491,2.375,,7.354846477508545,,,,2.375,,,,,,,,,
13968000,3492,2.25,,7.238735198974609,,,,2.25,,,,,,,,,
13972000,3493,1.75,,7.390992164611816,,,,1.75,,,,,,,,,
13976000,3494,2.375,,7.325653076171875,,,,2.375,,,,,,,,,
13980000,3495,2.5,,7.325589179992676,,,,2.5,,,,,,,,,
13984000,3496,1.875,,7.286480903625488,,,,1.875,,,,,,,,,
13988000,3497,1.75,,7.282838821411133,,,,1.75,,,,,,,,,
13992000,3498,1.625,,7.829840660095215,,,,1.625,,,,,,,,,
13996000,3499,1.75,,7.288982391357422,,,,1.75,,,,,,,,,
14000000,3500,2.375,,7.189475059509277,,,,2.375,,,,,,,,,
14004000,3501,1.75,,7.070274353027344,,,,1.75,,,,,,,,,
14008000,3502,2.0,,6.9358367919921875,,,,2.0,,,,,,,,,
14012000,3503,2.25,,7.176828861236572,,,,2.25,,,,,,,,,
14016000,3504,2.0,,7.271697998046875,,,,2.0,,,,,,,,,
14020000,3505,3.125,,7.108969688415527,,,,3.125,,,,,,,,,
14024000,3506,2.0,,7.037412643432617,,,,2.0,,,,,,,,,
14028000,3507,2.625,,6.979281425476074,,,,2.625,,,,,,,,,
14032000,3508,2.875,,7.237195014953613,,,,2.875,,,,,,,,,
14036000,3509,1.75,,6.700743675231934,,,,1.75,,,,,,,,,
14040000,3510,2.25,,7.054064750671387,,,,2.25,,,,,,,,,
14044000,3511,1.625,,7.583485126495361,,,,1.625,,,,,,,,,
14048000,3512,2.25,,7.128612995147705,,,,2.25,,,,,,,,,
14052000,3513,1.375,,7.010960102081299,,,,1.375,,,,,,,,,
14056000,3514,2.75,,7.3094482421875,,,,2.75,,,,,,,,,
14060000,3515,1.625,,7.136735916137695,,,,1.625,,,,,,,,,
14064000,3516,2.0,,7.147330284118652,,,,2.0,,,,,,,,,
14068000,3517,2.625,,7.59193229675293,,,,2.625,,,,,,,,,
14072000,3518,1.375,,6.775454044342041,,,,1.375,,,,,,,,,
14076000,3519,2.5,,6.835325241088867,,,,2.5,,,,,,,,,
14080000,3520,2.25,,6.9951677322387695,,,,2.25,,,,,,,,,
14084000,3521,1.875,,6.964622497558594,,,,1.875,,,,,,,,,
14088000,3522,2.625,,7.225543975830078,,,,2.625,,,,,,,,,
14092000,3523,2.5,,6.718384742736816,,,,2.5,,,,,,,,,
14096000,3524,2.375,,6.69895076751709,,,,2.375,,,,,,,,,
14100000,3525,2.125,,7.0103440284729,,,,2.125,,,,,,,,,
14104000,3526,2.375,,6.829376220703125,,,,2.375,,,,,,,,,
14108000,3527,1.25,,6.9717254638671875,,,,1.25,,,,,,,,,
14112000,3528,2.375,,6.980854034423828,,,,2.375,,,,,,,,,
14116000,3529,1.875,,6.880437850952148,,,,1.875,,,,,,,,,
14120000,3530,2.625,,6.743472099304199,,,,2.625,,,,,,,,,
14124000,3531,2.25,,6.888232707977295,,,,2.25,,,,,,,,,
14128000,3532,2.5,,6.798252105712891,,,,2.5,,,,,,,,,
14132000,3533,1.75,,6.541563510894775,,,,1.75,,,,,,,,,
14136000,3534,1.5,,6.450728416442871,,,,1.5,,,,,,,,,
14140000,3535,1.875,,6.622134208679199,,,,1.875,,,,,,,,,
14144000,3536,2.0,,6.292011260986328,,,,2.0,,,,,,,,,
14148000,3537,2.875,,6.59028434753418,,,,2.875,,,,,,,,,
14152000,3538,2.5,,6.486258029937744,,,,2.5,,,,,,,,,
14156000,3539,1.375,,6.352003574371338,,,,1.375,,,,,,,,,
14160000,3540,1.25,,6.6758527755737305,,,,1.25,,,,,,,,,
14164000,3541,2.0,,6.482802391052246,,,,2.0,,,,,,,,,
14168000,3542,1.875,,6.8797197341918945,,,,1.875,,,,,,,,,
14172000,3543,2.0,,6.342965602874756,,,,2.0,,,,,,,,,
14176000,3544,2.25,,6.263704299926758,,,,2.25,,,,,,,,,
14180000,3545,2.125,,6.855636119842529,,,,2.125,,,,,,,,,
14184000,3546,2.875,,6.012514591217041,,,,2.875,,,,,,,,,
14188000,3547,2.0,,6.555918216705322,,,,2.0,,,,,,,,,
14192000,3548,2.25,,6.639461517333984,,,,2.25,,,,,,,,,
14196000,3549,2.125,,6.49783182144165,,,,2.125,,,,,,,,,
14200000,3550,2.75,,6.489678382873535,,,,2.75,,,,,,,,,
14204000,3551,2.0,,6.886612415313721,,,,2.0,,,,,,,,,
14208000,3552,2.375,,6.498229026794434,,,,2.375,,,,,,,,,
14212000,3553,1.25,,6.18787956237793,,,,1.25,,,,,,,,,
14216000,3554,2.0,,6.325042724609375,,,,2.0,,,,,,,,,
14220000,3555,1.875,,6.078120708465576,,,,1.875,,,,,,,,,
14224000,3556,1.875,,6.473010063171387,,,,1.875,,,,,,,,,
14228000,3557,2.0,,6.298707008361816,,,,2.0,,,,,,,,,
14232000,3558,1.75,,6.24477481842041,,,,1.75,,,,,,,,,
14236000,3559,2.625,,6.351552963256836,,,,2.625,,,,,,,,,
14240000,3560,2.125,,6.535630702972412,,,,2.125,,,,,,,,,
14244000,3561,2.75,,6.430530071258545,,,,2.75,,,,,,,,,
14248000,3562,2.5,,6.34699821472168,,,,2.5,,,,,,,,,
14252000,3563,1.5,,6.45597505569458,,,,1.5,,,,,,,,,
14256000,3564,2.25,,6.404608726501465,,,,2.25,,,,,,,,,
14260000,3565,1.75,,6.218837738037109,,,,1.75,,,,,,,,,
14264000,3566,3.375,,6.173186779022217,,,,3.375,,,,,,,,,
14268000,3567,2.375,,6.334497928619385,,,,2.375,,,,,,,,,
14272000,3568,2.125,,6.151851654052734,,,,2.125,,,,,,,,,
14276000,3569,3.0,,6.441840171813965,,,,3.0,,,,,,,,,
14280000,3570,2.625,,6.034691333770752,,,,2.625,,,,,,,,,
14284000,3571,2.5,,6.373246192932129,,,,2.5,,,,,,,,,
14288000,3572,2.875,,6.410806655883789,,,,2.875,,,,,,,,,
14292000,3573,1.875,,6.195345878601074,,,,1.875,,,,,,,,,
14296000,3574,1.625,,6.235925674438477,,,,1.625,,,,,,,,,
14300000,3575,2.875,,6.044590950012207,,,,2.875,,,,,,,,,
14304000,3576,2.625,,6.212113857269287,,,,2.625,,,,,,,,,
14308000,3577,3.25,,6.173501014709473,,,,3.25,,,,,,,,,
14312000,3578,2.75,,6.2468647956848145,,,,2.75,,,,,,,,,
14316000,3579,1.5,,6.091050624847412,,,,1.5,,,,,,,,,
14320000,3580,3.0,,5.8940300941467285,,,,3.0,,,,,,,,,
14324000,3581,1.75,,5.940605163574219,,,,1.75,,,,,,,,,
14328000,3582,2.5,,6.383519649505615,,,,2.5,,,,,,,,,
14332000,3583,2.625,,6.182278156280518,,,,2.625,,,,,,,,,
14336000,3584,2.125,,6.415937423706055,,,,2.125,,,,,,,,,
14340000,3585,2.125,,6.169917106628418,,,,2.125,,,,,,,,,
14344000,3586,3.0,,6.16464376449585,,,,3.0,,,,,,,,,
14348000,3587,2.125,,6.236386775970459,,,,2.125,,,,,,,,,
14352000,3588,1.625,,6.004531383514404,,,,1.625,,,,,,,,,
14356000,3589,1.75,,6.107215404510498,,,,1.75,,,,,,,,,
14360000,3590,3.375,,6.029422760009766,,,,3.375,,,,,,,,,
14364000,3591,2.375,,5.8209919929504395,,,,2.375,,,,,,,,,
14368000,3592,2.75,,6.305037498474121,,,,2.75,,,,,,,,,
14372000,3593,3.0,,6.351449966430664,,,,3.0,,,,,,,,,
14376000,3594,3.125,,6.195018768310547,,,,3.125,,,,,,,,,
14380000,3595,2.0,,6.015448093414307,,,,2.0,,,,,,,,,
14384000,3596,3.0,,6.210685729980469,,,,3.0,,,,,,,,,
14388000,3597,2.625,,6.045929431915283,,,,2.625,,,,,,,,,
14392000,3598,2.5,,5.902064323425293,,,,2.5,,,,,,,,,
14396000,3599,2.25,,5.614398002624512,,,,2.25,,,,,,,,,
14400000,3600,2.0,,6.080894947052002,,,,2.0,,,,,,,,,
14404000,3601,2.5,,5.905021667480469,,,,2.5,,,,,,,,,
14408000,3602,2.625,,5.893449306488037,,,,2.625,,,,,,,,,
14412000,3603,2.125,,6.228917121887207,,,,2.125,,,,,,,,,
14416000,3604,2.875,,6.365771770477295,,,,2.875,,,,,,,,,
14420000,3605,2.75,,5.971055507659912,,,,2.75,,,,,,,,,
14424000,3606,2.875,,6.5006103515625,,,,2.875,,,,,,,,,
14428000,3607,2.875,,6.24590539932251,,,,2.875,,,,,,,,,
14432000,3608,1.0,,6.211671352386475,,,,1.0,,,,,,,,,
14436000,3609,2.25,,5.964433670043945,,,,2.25,,,,,,,,,
14440000,3610,2.5,,6.125460624694824,,,,2.5,,,,,,,,,
14444000,3611,3.125,,5.914737701416016,,,,3.125,,,,,,,,,
14448000,3612,1.625,,6.060846328735352,,,,1.625,,,,,,,,,
14452000,3613,3.125,,6.158124923706055,,,,3.125,,,,,,,,,
14456000,3614,2.125,,6.222147464752197,,,,2.125,,,,,,,,,
14460000,3615,2.125,,5.984088897705078,,,,2.125,,,,,,,,,
14464000,3616,2.625,,5.908525466918945,,,,2.625,,,,,,,,,
14468000,3617,2.5,,6.159173488616943,,,,2.5,,,,,,,,,
14472000,3618,3.0,,6.218103408813477,,,,3.0,,,,,,,,,
14476000,3619,1.875,,6.1222968101501465,,,,1.875,,,,,,,,,
14480000,3620,3.125,,6.701532363891602,,,,3.125,,,,,,,,,
14484000,3621,3.125,,6.282961845397949,,,,3.125,,,,,,,,,
14488000,3622,2.125,,6.19825553894043,,,,2.125,,,,,,,,,
14492000,3623,2.125,,6.2265801429748535,,,,2.125,,,,,,,,,
14496000,3624,2.375,,5.93443489074707,,,,2.375,,,,,,,,,
14500000,3625,2.5,,5.969132423400879,,,,2.5,,,,,,,,,
14504000,3626,2.25,,6.269456386566162,,,,2.25,,,,,,,,,
14508000,3627,2.375,,5.8305559158325195,,,,2.375,,,,,,,,,
14512000,3628,2.5,,6.288087844848633,,,,2.5,,,,,,,,,
14516000,3629,2.125,,6.119331359863281,,,,2.125,,,,,,,,,
14520000,3630,2.625,,5.995765686035156,,,,2.625,,,,,,,,,
14524000,3631,2.75,,5.962862014770508,,,,2.75,,,,,,,,,
14528000,3632,1.75,,5.858469009399414,,,,1.75,,,,,,,,,
14532000,3633,2.0,,5.940961837768555,,,,2.0,,,,,,,,,
14536000,3634,2.75,,6.16987419128418,,,,2.75,,,,,,,,,
14540000,3635,2.75,,6.074250221252441,,,,2.75,,,,,,,,,
14544000,3636,3.125,,5.839930534362793,,,,3.125,,,,,,,,,
14548000,3637,3.125,,6.29839563369751,,,,3.125,,,,,,,,,
14552000,3638,2.875,,6.09552001953125,,,,2.875,,,,,,,,,
14556000,3639,1.625,,6.502998352050781,,,,1.625,,,,,,,,,
14560000,3640,2.75,,6.378775596618652,,,,2.75,,,,,,,,,
14564000,3641,2.75,,6.328884124755859,,,,2.75,,,,,,,,,
14568000,3642,2.75,,5.697861671447754,,,,2.75,,,,,,,,,
14572000,3643,1.125,,6.376662254333496,,,,1.125,,,,,,,,,
14576000,3644,2.375,,5.908076763153076,,,,2.375,,,,,,,,,
14580000,3645,2.375,,5.771526336669922,,,,2.375,,,,,,,,,
14584000,3646,2.5,,6.210738658905029,,,,2.5,,,,,,,,,
14588000,3647,3.5,,5.946380615234375,,,,3.5,,,,,,,,,
14592000,3648,3.0,,5.8692522048950195,,,,3.0,,,,,,,,,
14596000,3649,1.625,,6.182697296142578,,,,1.625,,,,,,,,,
14600000,3650,2.625,,6.106786727905273,,,,2.625,,,,,,,,,
14604000,3651,2.875,,6.575638294219971,,,,2.875,,,,,,,,,
14608000,3652,3.0,,5.847158908843994,,,,3.0,,,,,,,,,
14612000,3653,3.25,,5.911574363708496,,,,3.25,,,,,,,,,
14616000,3654,2.875,,6.087094783782959,,,,2.875,,,,,,,,,
14620000,3655,3.0,,5.974062919616699,,,,3.0,,,,,,,,,
14624000,3656,3.625,,5.8415327072143555,,,,3.625,,,,,,,,,
14628000,3657,3.0,,5.898835182189941,,,,3.0,,,,,,,,,
14632000,3658,3.5,,5.7151312828063965,,,,3.5,,,,,,,,,
14636000,3659,2.625,,5.962884426116943,,,,2.625,,,,,,,,,
14640000,3660,2.875,,5.767426490783691,,,,2.875,,,,,,,,,
14644000,3661,3.25,,6.318909168243408,,,,3.25,,,,,,,,,
14648000,3662,2.5,,6.4155731201171875,,,,2.5,,,,,,,,,
14652000,3663,2.75,,6.149806976318359,,,,2.75,,,,,,,,,
14656000,3664,2.875,,5.807559013366699,,,,2.875,,,,,,,,,
14660000,3665,2.875,,6.217589378356934,,,,2.875,,,,,,,,,
14664000,3666,2.375,,6.251486778259277,,,,2.375,,,,,,,,,
14668000,3667,3.5,,6.123826026916504,,,,3.5,,,,,,,,,
14672000,3668,3.375,,5.8460187911987305,,,,3.375,,,,,,,,,
14676000,3669,1.75,,6.359711647033691,,,,1.75,,,,,,,,,
14680000,3670,3.5,,6.341413497924805,,,,3.5,,,,,,,,,
14684000,3671,3.125,,6.040204048156738,,,,3.125,,,,,,,,,
14688000,3672,3.0,,6.257482528686523,,,,3.0,,,,,,,,,
14692000,3673,2.875,,5.804942607879639,,,,2.875,,,,,,,,,
14696000,3674,2.875,,5.871999740600586,,,,2.875,,,,,,,,,
14700000,3675,3.625,,6.13167667388916,,,,3.625,,,,,,,,,
14704000,3676,3.25,,6.361786842346191,,,,3.25,,,,,,,,,
14708000,3677,3.875,,6.206851959228516,,,,3.875,,,,,,,,,
14712000,3678,2.875,,5.91096830368042,,,,2.875,,,,,,,,,
14716000,3679,3.0,,6.107988357543945,,,,3.0,,,,,,,,,
14720000,3680,2.75,,6.284223556518555,,,,2.75,,,,,,,,,
14724000,3681,3.125,,6.51447868347168,,,,3.125,,,,,,,,,
14728000,3682,3.375,,6.082867622375488,,,,3.375,,,,,,,,,
14732000,3683,2.875,,6.248345851898193,,,,2.875,,,,,,,,,
14736000,3684,3.25,,6.378602981567383,,,,3.25,,,,,,,,,
14740000,3685,3.75,,6.212381362915039,,,,3.75,,,,,,,,,
14744000,3686,3.25,,6.198728561401367,,,,3.25,,,,,,,,,
14748000,3687,2.375,,6.282780647277832,,,,2.375,,,,,,,,,
14752000,3688,2.0,,6.109509468078613,,,,2.0,,,,,,,,,
14756000,3689,2.375,,6.4133710861206055,,,,2.375,,,,,,,,,
14760000,3690,2.875,,6.158255577087402,,,,2.875,,,,,,,,,
14764000,3691,2.0,,5.863367080688477,,,,2.0,,,,,,,,,
14768000,3692,2.75,,6.183737754821777,,,,2.75,,,,,,,,,
14772000,3693,2.125,,6.520666122436523,,,,2.125,,,,,,,,,
14776000,3694,3.625,,6.075948715209961,,,,3.625,,,,,,,,,
14780000,3695,3.375,,6.307228088378906,,,,3.375,,,,,,,,,
14784000,3696,3.375,,6.063377857208252,,,,3.375,,,,,,,,,
14788000,3697,3.0,,6.023139476776123,,,,3.0,,,,,,,,,
14792000,3698,2.5,,5.78397274017334,,,,2.5,,,,,,,,,
14796000,3699,2.625,,6.104831695556641,,,,2.625,,,,,,,,,
14800000,3700,3.125,,6.238893508911133,,,,3.125,,,,,,,,,
14804000,3701,3.625,,6.1998138427734375,,,,3.625,,,,,,,,,
14808000,3702,3.625,,6.065330505371094,,,,3.625,,,,,,,,,
14812000,3703,2.375,,6.081017017364502,,,,2.375,,,,,,,,,
14816000,3704,3.5,,5.9506635665893555,,,,3.5,,,,,,,,,
14820000,3705,2.875,,6.39202880859375,,,,2.875,,,,,,,,,
14824000,3706,2.875,,6.197589874267578,,,,2.875,,,,,,,,,
14828000,3707,2.5,,6.409503936767578,,,,2.5,,,,,,,,,
14832000,3708,3.375,,5.850225448608398,,,,3.375,,,,,,,,,
14836000,3709,3.125,,6.00244140625,,,,3.125,,,,,,,,,
14840000,3710,2.25,,6.019131660461426,,,,2.25,,,,,,,,,
14844000,3711,2.5,,6.319073677062988,,,,2.5,,,,,,,,,
14848000,3712,2.375,,6.360208511352539,,,,2.375,,,,,,,,,
14852000,3713,3.125,,6.108969688415527,,,,3.125,,,,,,,,,
14856000,3714,3.375,,6.134941101074219,,,,3.375,,,,,,,,,
14860000,3715,3.375,,6.263095855712891,,,,3.375,,,,,,,,,
14864000,3716,2.875,,6.22198486328125,,,,2.875,,,,,,,,,
14868000,3717,2.625,,6.591277122497559,,,,2.625,,,,,,,,,
14872000,3718,2.625,,6.306338310241699,,,,2.625,,,,,,,,,
14876000,3719,3.0,,6.409944534301758,,,,3.0,,,,,,,,,
14880000,3720,3.0,,5.890979766845703,,,,3.0,,,,,,,,,
14884000,3721,2.875,,6.084343433380127,,,,2.875,,,,,,,,,
14888000,3722,2.125,,5.900516510009766,,,,2.125,,,,,,,,,
14892000,3723,3.5,,6.206003665924072,,,,3.5,,,,,,,,,
14896000,3724,3.625,,5.849989891052246,,,,3.625,,,,,,,,,
14900000,3725,2.625,,6.061820030212402,,,,2.625,,,,,,,,,
14904000,3726,2.875,,6.163625717163086,,,,2.875,,,,,,,,,
14908000,3727,3.375,,6.179889678955078,,,,3.375,,,,,,,,,
14912000,3728,2.375,,6.166126251220703,,,,2.375,,,,,,,,,
14916000,3729,3.375,,6.244427680969238,,,,3.375,,,,,,,,,
14920000,3730,2.375,,5.976659297943115,,,,2.375,,,,,,,,,
14924000,3731,3.125,,5.976120948791504,,,,3.125,,,,,,,,,
14928000,3732,3.375,,6.259819030761719,,,,3.375,,,,,,,,,
14932000,3733,3.0,,6.188622951507568,,,,3.0,,,,,,,,,
14936000,3734,3.125,,5.992300987243652,,,,3.125,,,,,,,,,
14940000,3735,3.25,,6.049070358276367,,,,3.25,,,,,,,,,
14944000,3736,2.5,,6.22421932220459,,,,2.5,,,,,,,,,
14948000,3737,2.625,,6.206356048583984,,,,2.625,,,,,,,,,
14952000,3738,3.75,,6.159687519073486,,,,3.75,,,,,,,,,
14956000,3739,3.375,,6.116791725158691,,,,3.375,,,,,,,,,
14960000,3740,3.5,,6.045928001403809,,,,3.5,,,,,,,,,
14964000,3741,3.5,,5.872441291809082,,,,3.5,,,,,,,,,
14968000,3742,3.0,,6.1966633796691895,,,,3.0,,,,,,,,,
14972000,3743,3.125,,6.033663749694824,,,,3.125,,,,,,,,,
14976000,3744,2.75,,6.017934799194336,,,,2.75,,,,,,,,,
14980000,3745,2.625,,5.937422752380371,,,,2.625,,,,,,,,,
14984000,3746,2.25,,6.035032749176025,,,,2.25,,,,,,,,,
14988000,3747,2.875,,6.127366542816162,,,,2.875,,,,,,,,,
14992000,3748,2.0,,6.466968536376953,,,,2.0,,,,,,,,,
14996000,3749,2.25,,6.072056293487549,,,,2.25,,,,,,,,,
15000000,3750,3.0,,6.1697187423706055,,,,3.0,,,,,,,,,
15004000,3751,2.625,,6.118995189666748,,,,2.625,,,,,,,,,
15008000,3752,3.125,,5.957535743713379,,,,3.125,,,,,,,,,
15012000,3753,3.125,,6.204845428466797,,,,3.125,,,,,,,,,
15016000,3754,3.25,,6.350549697875977,,,,3.25,,,,,,,,,
15020000,3755,2.625,,5.738003730773926,,,,2.625,,,,,,,,,
15024000,3756,3.0,,6.226239204406738,,,,3.0,,,,,,,,,
15028000,3757,2.25,,6.269124984741211,,,,2.25,,,,,,,,,
15032000,3758,2.75,,5.973332405090332,,,,2.75,,,,,,,,,
15036000,3759,2.875,,6.151633262634277,,,,2.875,,,,,,,,,
15040000,3760,3.375,,6.082916259765625,,,,3.375,,,,,,,,,
15044000,3761,3.125,,5.840442657470703,,,,3.125,,,,,,,,,
15048000,3762,2.625,,5.953381538391113,,,,2.625,,,,,,,,,
15052000,3763,1.75,,5.779529571533203,,,,1.75,,,,,,,,,
15056000,3764,1.75,,5.858940601348877,,,,1.75,,,,,,,,,
15060000,3765,1.625,,5.969472885131836,,,,1.625,,,,,,,,,
15064000,3766,3.125,,5.962624549865723,,,,3.125,,,,,,,,,
15068000,3767,3.125,,6.2118754386901855,,,,3.125,,,,,,,,,
15072000,3768,3.25,,5.848083972930908,,,,3.25,,,,,,,,,
15076000,3769,1.375,,6.058995246887207,,,,1.375,,,,,,,,,
15080000,3770,2.875,,5.914348125457764,,,,2.875,,,,,,,,,
15084000,3771,2.625,,5.816485404968262,,,,2.625,,,,,,,,,
15088000,3772,2.0,,5.860709190368652,,,,2.0,,,,,,,,,
15092000,3773,3.5,,5.8706769943237305,,,,3.5,,,,,,,,,
15096000,3774,2.5,,6.0862627029418945,,,,2.5,,,,,,,,,
15100000,3775,3.375,,6.169213771820068,,,,3.375,,,,,,,,,
15104000,3776,3.125,,5.948883533477783,,,,3.125,,,,,,,,,
15108000,3777,2.875,,5.4839558601379395,,,,2.875,,,,,,,,,
15112000,3778,1.875,,5.975549221038818,,,,1.875,,,,,,,,,
15116000,3779,2.75,,5.691903114318848,,,,2.75,,,,,,,,,
15120000,3780,3.125,,5.595646381378174,,,,3.125,,,,,,,,,
15124000,3781,2.5,,5.815101623535156,,,,2.5,,,,,,,,,
15128000,3782,2.75,,5.846288681030273,,,,2.75,,,,,,,,,
15132000,3783,2.5,,5.587529182434082,,,,2.5,,,,,,,,,
15136000,3784,2.125,,5.752861022949219,,,,2.125,,,,,,,,,
15140000,3785,1.75,,5.596673965454102,,,,1.75,,,,,,,,,
15144000,3786,1.875,,5.705828666687012,,,,1.875,,,,,,,,,
15148000,3787,2.75,,5.683608055114746,,,,2.75,,,,,,,,,
15152000,3788,2.375,,5.810113430023193,,,,2.375,,,,,,,,,
15156000,3789,2.5,,5.538259983062744,,,,2.5,,,,,,,,,
15160000,3790,2.75,,5.6192307472229,,,,2.75,,,,,,,,,
15164000,3791,1.5,,5.6028056144714355,,,,1.5,,,,,,,,,
15168000,3792,3.125,,5.521169185638428,,,,3.125,,,,,,,,,
15172000,3793,2.0,,5.659928798675537,,,,2.0,,,,,,,,,
15176000,3794,3.125,,5.635798931121826,,,,3.125,,,,,,,,,
15180000,3795,1.875,,5.578858375549316,,,,1.875,,,,,,,,,
15184000,3796,2.25,,5.458592414855957,,,,2.25,,,,,,,,,
15188000,3797,1.375,,5.472433090209961,,,,1.375,,,,,,,,,
15192000,3798,2.25,,5.3135905265808105,,,,2.25,,,,,,,,,
15196000,3799,1.75,,5.551390647888184,,,,1.75,,,,,,,,,
15200000,3800,3.375,,5.160185813903809,,,,3.375,,,,,,,,,
15204000,3801,1.625,,5.500690937042236,,,,1.625,,,,,,,,,
15208000,3802,2.375,,5.593214988708496,,,,2.375,,,,,,,,,
15212000,3803,1.375,,5.492918014526367,,,,1.375,,,,,,,,,
15216000,3804,2.75,,5.422458171844482,,,,2.75,,,,,,,,,
15220000,3805,1.5,,5.352161407470703,,,,1.5,,,,,,,,,
15224000,3806,0.875,,5.432803630828857,,,,0.875,,,,,,,,,
15228000,3807,1.0,,5.219715118408203,,,,1.0,,,,,,,,,
15232000,3808,0.5,,5.090792655944824,,,,0.5,,,,,,,,,
15236000,3809,2.375,,5.076308727264404,,,,2.375,,,,,,,,,
15240000,3810,1.0,,5.146451950073242,,,,1.0,,,,,,,,,
15244000,3811,1.125,,5.108052730560303,,,,1.125,,,,,,,,,
15248000,3812,0.125,,5.244158744812012,,,,0.125,,,,,,,,,
15252000,3813,1.125,,5.139628887176514,,,,1.125,,,,,,,,,
15256000,3814,0.875,,5.302387714385986,,,,0.875,,,,,,,,,
15260000,3815,2.5,,5.008387565612793,,,,2.5,,,,,,,,,
15264000,3816,1.75,,4.883695602416992,,,,1.75,,,,,,,,,
15268000,3817,0.625,,5.031020164489746,,,,0.625,,,,,,,,,
15272000,3818,1.25,,4.895315170288086,,,,1.25,,,,,,,,,
15276000,3819,1.375,,5.035770893096924,,,,1.375,,,,,,,,,
15280000,3820,1.875,,4.986717700958252,,,,1.875,,,,,,,,,
15284000,3821,1.75,,4.787845134735107,,,,1.75,,,,,,,,,
15288000,3822,0.625,,4.620489597320557,,,,0.625,,,,,,,,,
15292000,3823,0.375,,4.787698268890381,,,,0.375,,,,,,,,,
15296000,3824,0.375,,4.792372703552246,,,,0.375,,,,,,,,,
15300000,3825,1.125,,5.005126953125,,,,1.125,,,,,,,,,
15304000,3826,2.375,,4.975382328033447,,,,2.375,,,,,,,,,
15308000,3827,2.0,,4.981428146362305,,,,2.0,,,,,,,,,
15312000,3828,0.375,,4.794040679931641,,,,0.375,,,,,,,,,
15316000,3829,0.25,,5.237730979919434,,,,0.25,,,,,,,,,
15320000,3830,0.5,,4.833436489105225,,,,0.5,,,,,,,,,
15324000,3831,1.625,,4.986220359802246,,,,1.625,,,,,,,,,
15328000,3832,0.5,,4.704951286315918,,,,0.5,,,,,,,,,
15332000,3833,2.125,,4.529738426208496,,,,2.125,,,,,,,,,
15336000,3834,0.75,,4.422422885894775,,,,0.75,,,,,,,,,
15340000,3835,0.625,,4.357116222381592,,,,0.625,,,,,,,,,
15344000,3836,0.375,,4.350858211517334,,,,0.375,,,,,,,,,
15348000,3837,0.5,,4.486172676086426,,,,0.5,,,,,,,,,
15352000,3838,0.0,,4.267185211181641,,,,0.0,,,,,,,,,
15356000,3839,1.125,,4.488559246063232,,,,1.125,,,,,,,,,
15360000,3840,2.375,,4.704826354980469,,,,2.375,,,,,,,,,
15364000,3841,2.375,,4.087521553039551,,,,2.375,,,,,,,,,
15368000,3842,0.625,,4.345637798309326,,,,0.625,,,,,,,,,
15372000,3843,0.125,,4.660333633422852,,,,0.125,,,,,,,,,
15376000,3844,0.375,,4.697709083557129,,,,0.375,,,,,,,,,
15380000,3845,0.25,,4.515966415405273,,,,0.25,,,,,,,,,
15384000,3846,0.75,,4.3887739181518555,,,,0.75,,,,,,,,,
15388000,3847,1.5,,4.217288970947266,,,,1.5,,,,,,,,,
15392000,3848,1.0,,3.9481582641601562,,,,1.0,,,,,,,,,
15396000,3849,0.25,,4.1782121658325195,,,,0.25,,,,,,,,,
15400000,3850,0.125,,3.959372043609619,,,,0.125,,,,,,,,,
15404000,3851,0.125,,3.9993631839752197,,,,0.125,,,,,,,,,
15408000,3852,0.375,,4.025827884674072,,,,0.375,,,,,,,,,
15412000,3853,0.5,,3.7378997802734375,,,,0.5,,,,,,,,,
15416000,3854,1.625,,3.626575469970703,,,,1.625,,,,,,,,,
15420000,3855,1.625,,3.9633729457855225,,,,1.625,,,,,,,,,
15424000,3856,0.875,,3.4818902015686035,,,,0.875,,,,,,,,,
15428000,3857,0.75,,3.6685006618499756,,,,0.75,,,,,,,,,
15432000,3858,1.25,,3.8659253120422363,,,,1.25,,,,,,,,,
15436000,3859,1.25,,3.927043914794922,,,,1.25,,,,,,,,,
15440000,3860,1.625,,3.439789295196533,,,,1.625,,,,,,,,,
15444000,3861,3.5,,3.901339530944824,,,,3.5,,,,,,,,,
15448000,3862,2.25,,3.460573434829712,,,,2.25,,,,,,,,,
15452000,3863,1.625,,3.6198787689208984,,,,1.625,,,,,,,,,
15456000,3864,0.625,,3.396127700805664,,,,0.625,,,,,,,,,
15460000,3865,0.375,,3.526357650756836,,,,0.375,,,,,,,,,
15464000,3866,0.5,,3.514458656311035,,,,0.5,,,,,,,,,
15468000,3867,0.875,,3.5987420082092285,,,,0.875,,,,,,,,,
15472000,3868,1.625,,3.6185271739959717,,,,1.625,,,,,,,,,
15476000,3869,2.875,,3.7645721435546875,,,,2.875,,,,,,,,,
15480000,3870,2.25,,3.388935089111328,,,,2.25,,,,,,,,,
15484000,3871,1.125,,3.499406337738037,,,,1.125,,,,,,,,,
15488000,3872,0.625,,3.485851526260376,,,,0.625,,,,,,,,,
15492000,3873,0.875,,3.547323226928711,,,,0.875,,,,,,,,,
15496000,3874,1.25,,3.4998064041137695,,,,1.25,,,,,,,,,
15500000,3875,1.375,,3.447859048843384,,,,1.375,,,,,,,,,
15504000,3876,1.125,,3.088123321533203,,,,1.125,,,,,,,,,
15508000,3877,0.75,,3.2685890197753906,,,,0.75,,,,,,,,,
15512000,3878,0.875,,3.214664936065674,,,,0.875,,,,,,,,,
15516000,3879,0.875,,3.2241249084472656,,,,0.875,,,,,,,,,
15520000,3880,0.25,,3.0687062740325928,,,,0.25,,,,,,,,,
15524000,3881,0.875,,2.9415035247802734,,,,0.875,,,,,,,,,
15528000,3882,1.5,,3.012326717376709,,,,1.5,,,,,,,,,
15532000,3883,2.25,,3.1483027935028076,,,,2.25,,,,,,,,,
15536000,3884,2.875,,3.1801342964172363,,,,2.875,,,,,,,,,
15540000,3885,1.625,,3.033777952194214,,,,1.625,,,,,,,,,
15544000,3886,0.625,,3.242115020751953,,,,0.625,,,,,,,,,
15548000,3887,1.125,,2.962510585784912,,,,1.125,,,,,,,,,
15552000,3888,0.75,,3.2110636234283447,,,,0.75,,,,,,,,,
15556000,3889,1.25,,3.22023344039917,,,,1.25,,,,,,,,,
15560000,3890,2.625,,3.1858208179473877,,,,2.625,,,,,,,,,
15564000,3891,0.25,,3.1836555004119873,,,,0.25,,,,,,,,,
15568000,3892,1.875,,3.050809383392334,,,,1.875,,,,,,,,,
15572000,3893,1.25,,3.038227081298828,,,,1.25,,,,,,,,,
15576000,3894,1.125,,2.801539897918701,,,,1.125,,,,,,,,,
15580000,3895,0.375,,2.717709541320801,,,,0.375,,,,,,,,,
15584000,3896,0.5,,2.7270021438598633,,,,0.5,,,,,,,,,
15588000,3897,0.25,,2.568300724029541,,,,0.25,,,,,,,,,
15592000,3898,3.125,,2.750440835952759,,,,3.125,,,,,,,,,
15596000,3899,2.0,,2.944706439971924,,,,2.0,,,,,,,,,
15600000,3900,3.125,,2.6764345169067383,,,,3.125,,,,,,,,,
15604000,3901,0.625,,2.734133720397949,,,,0.625,,,,,,,,,
15608000,3902,0.75,,2.720829486846924,,,,0.75,,,,,,,,,
15612000,3903,1.125,,2.8313417434692383,,,,1.125,,,,,,,,,
15616000,3904,0.375,,2.942112445831299,,,,0.375,,,,,,,,,
15620000,3905,0.75,,2.4858334064483643,,,,0.75,,,,,,,,,
15624000,3906,1.0,,2.6527059078216553,,,,1.0,,,,,,,,,
15628000,3907,2.25,,2.308426856994629,,,,2.25,,,,,,,,,
15632000,3908,2.125,,2.6093153953552246,,,,2.125,,,,,,,,,
15636000,3909,1.125,,2.753530502319336,,,,1.125,,,,,,,,,
15640000,3910,0.875,,2.5925230979919434,,,,0.875,,,,,,,,,
15644000,3911,0.375,,2.409231662750244,,,,0.375,,,,,,,,,
15648000,3912,0.375,,2.433291435241699,,,,0.375,,,,,,,,,
15652000,3913,2.75,,2.7816100120544434,,,,2.75,,,,,,,,,
15656000,3914,1.5,,2.342802047729492,,,,1.5,,,,,,,,,
15660000,3915,1.75,,2.493831157684326,,,,1.75,,,,,,,,,
15664000,3916,2.625,,2.25118350982666,,,,2.625,,,,,,,,,
15668000,3917,2.25,,2.4092516899108887,,,,2.25,,,,,,,,,
15672000,3918,0.875,,2.344411849975586,,,,0.875,,,,,,,,,
15676000,3919,0.625,,2.451061964035034,,,,0.625,,,,,,,,,
15680000,3920,1.25,,2.5121726989746094,,,,1.25,,,,,,,,,
15684000,3921,1.5,,2.87514591217041,,,,1.5,,,,,,,,,
15688000,3922,2.5,,2.483938694000244,,,,2.5,,,,,,,,,
15692000,3923,1.25,,2.490241527557373,,,,1.25,,,,,,,,,
15696000,3924,2.125,,2.4708783626556396,,,,2.125,,,,,,,,,
15700000,3925,1.25,,2.474947690963745,,,,1.25,,,,,,,,,
15704000,3926,2.0,,2.0132408142089844,,,,2.0,,,,,,,,,
15708000,3927,0.0,,2.184974193572998,,,,0.0,,,,,,,,,
15712000,3928,2.375,,2.2707085609436035,,,,2.375,,,,,,,,,
15716000,3929,1.125,,2.233821392059326,,,,1.125,,,,,,,,,
15720000,3930,2.75,,2.5518646240234375,,,,2.75,,,,,,,,,
15724000,3931,1.125,,2.0955874919891357,,,,1.125,,,,,,,,,
15728000,3932,2.25,,2.65450382232666,,,,2.25,,,,,,,,,
15732000,3933,2.75,,2.12217116355896,,,,2.75,,,,,,,,,
15736000,3934,2.0,,2.209839344024658,,,,2.0,,,,,,,,,
15740000,3935,1.25,,2.2694997787475586,,,,1.25,,,,,,,,,
15744000,3936,1.5,,2.4163153171539307,,,,1.5,,,,,,,,,
15748000,3937,1.125,,2.601349353790283,,,,1.125,,,,,,,,,
15752000,3938,0.875,,2.6803245544433594,,,,0.875,,,,,,,,,
15756000,3939,1.0,,2.494748115539551,,,,1.0,,,,,,,,,
15760000,3940,1.625,,2.2575325965881348,,,,1.625,,,,,,,,,
15764000,3941,1.5,,2.4027512073516846,,,,1.5,,,,,,,,,
15768000,3942,1.5,,2.3304154872894287,,,,1.5,,,,,,,,,
15772000,3943,0.875,,2.1504294872283936,,,,0.875,,,,,,,,,
15776000,3944,1.25,,2.249155044555664,,,,1.25,,,,,,,,,
15780000,3945,1.125,,2.1216139793395996,,,,1.125,,,,,,,,,
15784000,3946,0.875,,2.310549736022949,,,,0.875,,,,,,,,,
15788000,3947,0.75,,2.1789064407348633,,,,0.75,,,,,,,,,
15792000,3948,1.125,,2.559807777404785,,,,1.125,,,,,,,,,
15796000,3949,2.125,,2.390688419342041,,,,2.125,,,,,,,,,
15800000,3950,2.25,,2.1723670959472656,,,,2.25,,,,,,,,,
15804000,3951,1.375,,2.2000021934509277,,,,1.375,,,,,,,,,
15808000,3952,0.375,,2.3031668663024902,,,,0.375,,,,,,,,,
15812000,3953,0.375,,2.5208075046539307,,,,0.375,,,,,,,,,
15816000,3954,0.75,,2.422126293182373,,,,0.75,,,,,,,,,
15820000,3955,0.75,,2.567795991897583,,,,0.75,,,,,,,,,
15824000,3956,0.625,,2.492335796356201,,,,0.625,,,,,,,,,
15828000,3957,0.75,,2.420776844024658,,,,0.75,,,,,,,,,
15832000,3958,0.875,,2.381892681121826,,,,0.875,,,,,,,,,
15836000,3959,1.0,,2.309173107147217,,,,1.0,,,,,,,,,
15840000,3960,1.25,,2.0760388374328613,,,,1.25,,,,,,,,,
15844000,3961,0.625,,2.1728246212005615,,,,0.625,,,,,,,,,
15848000,3962,1.5,,2.2820563316345215,,,,1.5,,,,,,,,,
15852000,3963,0.25,,2.1733734607696533,,,,0.25,,,,,,,,,
15856000,3964,1.375,,1.8932788372039795,,,,1.375,,,,,,,,,
15860000,3965,2.125,,2.471339225769043,,,,2.125,,,,,,,,,
15864000,3966,2.125,,2.2502198219299316,,,,2.125,,,,,,,,,
15868000,3967,1.75,,2.428818702697754,,,,1.75,,,,,,,,,
15872000,3968,1.75,,2.3753342628479004,,,,1.75,,,,,,,,,
15876000,3969,2.125,,2.2219314575195312,,,,2.125,,,,,,,,,
15880000,3970,1.5,,2.3496031761169434,,,,1.5,,,,,,,,,
15884000,3971,1.0,,2.562563180923462,,,,1.0,,,,,,,,,
15888000,3972,1.25,,2.4571776390075684,,,,1.25,,,,,,,,,
15892000,3973,2.375,,2.493673801422119,,,,2.375,,,,,,,,,
15896000,3974,2.625,,2.2197842597961426,,,,2.625,,,,,,,,,
15900000,3975,2.0,,2.238633632659912,,,,2.0,,,,,,,,,
15904000,3976,3.125,,2.3600921630859375,,,,3.125,,,,,,,,,
15908000,3977,2.25,,2.5587120056152344,,,,2.25,,,,,,,,,
15912000,3978,2.0,,2.4932522773742676,,,,2.0,,,,,,,,,
15916000,3979,1.875,,2.361555576324463,,,,1.875,,,,,,,,,
15920000,3980,1.625,,2.434251546859741,,,,1.625,,,,,,,,,
15924000,3981,1.25,,2.408022165298462,,,,1.25,,,,,,,,,
15928000,3982,0.5,,2.4623923301696777,,,,0.5,,,,,,,,,
15932000,3983,3.25,,2.7221362590789795,,,,3.25,,,,,,,,,
15936000,3984,1.375,,2.512310028076172,,,,1.375,,,,,,,,,
15940000,3985,1.25,,2.3133649826049805,,,,1.25,,,,,,,,,
15944000,3986,0.625,,2.6823713779449463,,,,0.625,,,,,,,,,
15948000,3987,0.5,,2.647676467895508,,,,0.5,,,,,,,,,
15952000,3988,0.375,,2.9013161659240723,,,,0.375,,,,,,,,,
15956000,3989,0.375,,2.8912806510925293,,,,0.375,,,,,,,,,
15960000,3990,0.625,,2.5865230560302734,,,,0.625,,,,,,,,,
15964000,3991,0.5,,2.4039855003356934,,,,0.5,,,,,,,,,
15968000,3992,0.75,,2.6386425495147705,,,,0.75,,,,,,,,,
15972000,3993,1.875,,2.5685112476348877,,,,1.875,,,,,,,,,
15976000,3994,1.875,,2.3965375423431396,,,,1.875,,,,,,,,,
15980000,3995,1.25,,2.4969592094421387,,,,1.25,,,,,,,,,
15984000,3996,0.875,,2.5955147743225098,,,,0.875,,,,,,,,,
15988000,3997,0.5,,2.656555652618408,,,,0.5,,,,,,,,,
15992000,3998,0.75,,2.543269157409668,,,,0.75,,,,,,,,,
15996000,3999,0.25,,2.2364120483398438,,,,0.25,,,,,,,,,
16000000,4000,0.5,,2.3864502906799316,,,,0.5,,,,,,,,,
16004000,4001,1.875,,2.461282730102539,,,,1.875,,,,,,,,,
16008000,4002,1.5,,2.6240501403808594,,,,1.5,,,,,,,,,
16012000,4003,0.5,,2.3688931465148926,,,,0.5,,,,,,,,,
16016000,4004,0.875,,2.620670795440674,,,,0.875,,,,,,,,,
16020000,4005,0.25,,2.4402496814727783,,,,0.25,,,,,,,,,
16024000,4006,0.5,,2.729499340057373,,,,0.5,,,,,,,,,
16028000,4007,0.75,,2.6435725688934326,,,,0.75,,,,,,,,,
16032000,4008,0.125,,2.82608962059021,,,,0.125,,,,,,,,,
16036000,4009,1.25,,2.5149033069610596,,,,1.25,,,,,,,,,
16040000,4010,0.375,,2.3290677070617676,,,,0.375,,,,,,,,,
16044000,4011,2.5,,2.278008460998535,,,,2.5,,,,,,,,,
16048000,4012,1.625,,2.3996613025665283,,,,1.625,,,,,,,,,
16052000,4013,1.375,,2.3098154067993164,,,,1.375,,,,,,,,,
16056000,4014,1.25,,2.3905153274536133,,,,1.25,,,,,,,,,
16060000,4015,0.625,,2.1893324851989746,,,,0.625,,,,,,,,,
16064000,4016,0.5,,2.2784714698791504,,,,0.5,,,,,,,,,
16068000,4017,1.875,,2.338069438934326,,,,1.875,,,,,,,,,
16072000,4018,2.0,,2.161468029022217,,,,2.0,,,,,,,,,
16076000,4019,2.0,,2.2490594387054443,,,,2.0,,,,,,,,,
16080000,4020,1.5,,2.179683208465576,,,,1.5,,,,,,,,,
16084000,4021,0.625,,2.2497706413269043,,,,0.625,,,,,,,,,
16088000,4022,1.0,,2.2004289627075195,,,,1.0,,,,,,,,,
16092000,4023,1.0,,2.129089593887329,,,,1.0,,,,,,,,,
16096000,4024,0.875,,2.3832643032073975,,,,0.875,,,,,,,,,
16100000,4025,1.375,,2.2586777210235596,,,,1.375,,,,,,,,,
16104000,4026,1.75,,2.4512343406677246,,,,1.75,,,,,,,,,
16108000,4027,0.625,,2.2293336391448975,,,,0.625,,,,,,,,,
16112000,4028,1.375,,2.39644193649292,,,,1.375,,,,,,,,,
16116000,4029,1.125,,2.4423186779022217,,,,1.125,,,,,,,,,
16120000,4030,1.375,,2.1987686157226562,,,,1.375,,,,,,,,,
16124000,4031,2.125,,2.3715434074401855,,,,2.125,,,,,,,,,
16128000,4032,1.625,,2.2616019248962402,,,,1.625,,,,,,,,,
16132000,4033,1.125,,2.304272413253784,,,,1.125,,,,,,,,,
16136000,4034,1.375,,2.3204665184020996,,,,1.375,,,,,,,,,
16140000,4035,1.375,,2.428429126739502,,,,1.375,,,,,,,,,
16144000,4036,1.0,,2.4665353298187256,,,,1.0,,,,,,,,,
16148000,4037,0.875,,2.451199531555176,,,,0.875,,,,,,,,,
16152000,4038,1.375,,2.3107666969299316,,,,1.375,,,,,,,,,
16156000,4039,0.875,,2.253370761871338,,,,0.875,,,,,,,,,
16160000,4040,2.25,,2.2558956146240234,,,,2.25,,,,,,,,,
16164000,4041,1.125,,2.2221972942352295,,,,1.125,,,,,,,,,
16168000,4042,0.5,,2.533726692199707,,,,0.5,,,,,,,,,
16172000,4043,0.75,,2.445436477661133,,,,0.75,,,,,,,,,
16176000,4044,0.125,,2.3434054851531982,,,,0.125,,,,,,,,,
16180000,4045,0.25,,2.7267603874206543,,,,0.25,,,,,,,,,
16184000,4046,0.625,,2.8370516300201416,,,,0.625,,,,,,,,,
16188000,4047,0.75,,2.697567939758301,,,,0.75,,,,,,,,,
16192000,4048,0.375,,2.5035886764526367,,,,0.375,,,,,,,,,
16196000,4049,0.375,,2.2137041091918945,,,,0.375,,,,,,,,,
16200000,4050,1.5,,2.220552921295166,,,,1.5,,,,,,,,,
16204000,4051,1.875,,2.3865556716918945,,,,1.875,,,,,,,,,
16208000,4052,2.25,,2.3819568157196045,,,,2.25,,,,,,,,,
16212000,4053,1.0,,2.2725205421447754,,,,1.0,,,,,,,,,
16216000,4054,0.875,,2.261385202407837,,,,0.875,,,,,,,,,
16220000,4055,0.5,,2.2630410194396973,,,,0.5,,,,,,,,,
16224000,4056,0.625,,2.2789149284362793,,,,0.625,,,,,,,,,
16228000,4057,0.0,,2.155996322631836,,,,0.0,,,,,,,,,
16232000,4058,1.25,,2.2045187950134277,,,,1.25,,,,,,,,,
16236000,4059,1.375,,2.1508724689483643,,,,1.375,,,,,,,,,
16240000,4060,2.0,,1.9629693031311035,,,,2.0,,,,,,,,,
16244000,4061,0.875,,2.2507734298706055,,,,0.875,,,,,,,,,
16248000,4062,0.875,,2.2081751823425293,,,,0.875,,,,,,,,,
16252000,4063,0.75,,2.0777437686920166,,,,0.75,,,,,,,,,
16256000,4064,0.5,,2.431412696838379,,,,0.5,,,,,,,,,
16260000,4065,0.5,,2.24733304977417,,,,0.5,,,,,,,,,
16264000,4066,0.375,,2.2025461196899414,,,,0.375,,,,,,,,,
16268000,4067,0.25,,2.1738972663879395,,,,0.25,,,,,,,,,
16272000,4068,1.5,,1.8293235301971436,,,,1.5,,,,,,,,,
16276000,4069,1.25,,2.1195123195648193,,,,1.25,,,,,,,,,
16280000,4070,2.0,,1.8950440883636475,,,,2.0,,,,,,,,,
16284000,4071,0.625,,1.9971979856491089,,,,0.625,,,,,,,,,
16288000,4072,0.875,,2.073103427886963,,,,0.875,,,,,,,,,
16292000,4073,0.375,,1.958609938621521,,,,0.375,,,,,,,,,
16296000,4074,1.125,,1.9766579866409302,,,,1.125,,,,,,,,,
16300000,4075,0.375,,1.9051660299301147,,,,0.375,,,,,,,,,
16304000,4076,2.25,,1.8715307712554932,,,,2.25,,,,,,,,,
16308000,4077,1.75,,1.9125030040740967,,,,1.75,,,,,,,,,
16312000,4078,2.375,,2.093838691711426,,,,2.375,,,,,,,,,
16316000,4079,1.5,,2.042806625366211,,,,1.5,,,,,,,,,
16320000,4080,0.625,,1.840082049369812,,,,0.625,,,,,,,,,
16324000,4081,1.75,,2.0665957927703857,,,,1.75,,,,,,,,,
16328000,4082,1.625,,2.0130653381347656,,,,1.625,,,,,,,,,
16332000,4083,1.0,,1.723109245300293,,,,1.0,,,,,,,,,
16336000,4084,1.25,,1.9829463958740234,,,,1.25,,,,,,,,,
16340000,4085,2.25,,2.048844575881958,,,,2.25,,,,,,,,,
16344000,4086,1.5,,2.197136402130127,,,,1.5,,,,,,,,,
16348000,4087,0.875,,2.075784206390381,,,,0.875,,,,,,,,,
16352000,4088,2.875,,2.1691436767578125,,,,2.875,,,,,,,,,
16356000,4089,2.125,,2.149155378341675,,,,2.125,,,,,,,,,
16360000,4090,2.0,,1.9316730499267578,,,,2.0,,,,,,,,,
16364000,4091,2.375,,2.0540719032287598,,,,2.375,,,,,,,,,
16368000,4092,1.375,,2.132524013519287,,,,1.375,,,,,,,,,
16372000,4093,2.125,,2.0695366859436035,,,,2.125,,,,,,,,,
16376000,4094,0.875,,2.0219204425811768,,,,0.875,,,,,,,,,
16380000,4095,1.375,,2.237915277481079,,,,1.375,,,,,,,,,
16384000,4096,1.125,,2.1302027702331543,,,,1.125,,,,,,,,,
16388000,4097,2.25,,2.0478110313415527,,,,2.25,,,,,,,,,
16392000,4098,2.125,,2.0331544876098633,,,,2.125,,,,,,,,,
16396000,4099,2.0,,2.021592855453491,,,,2.0,,,,,,,,,
16400000,4100,2.5,,1.9842088222503662,,,,2.5,,,,,,,,,
16404000,4101,0.75,,2.0238890647888184,,,,0.75,,,,,,,,,
16408000,4102,2.0,,2.2397377490997314,,,,2.0,,,,,,,,,
16412000,4103,2.125,,2.0722873210906982,,,,2.125,,,,,,,,,
16416000,4104,1.625,,2.149945020675659,,,,1.625,,,,,,,,,
16420000,4105,0.375,,2.29282283782959,,,,0.375,,,,,,,,,
16424000,4106,1.5,,2.1476409435272217,,,,1.5,,,,,,,,,
16428000,4107,0.75,,2.2808499336242676,,,,0.75,,,,,,,,,
16432000,4108,1.75,,2.178748369216919,,,,1.75,,,,,,,,,
16436000,4109,0.5,,2.245072364807129,,,,0.5,,,,,,,,,
16440000,4110,1.25,,2.1412670612335205,,,,1.25,,,,,,,,,
16444000,4111,1.5,,1.9347994327545166,,,,1.5,,,,,,,,,
16448000,4112,1.5,,1.9358477592468262,,,,1.5,,,,,,,,,
16452000,4113,0.875,,1.9464776515960693,,,,0.875,,,,,,,,,
16456000,4114,0.875,,2.2012577056884766,,,,0.875,,,,,,,,,
16460000,4115,0.75,,2.119230031967163,,,,0.75,,,,,,,,,
16464000,4116,0.625,,2.129830837249756,,,,0.625,,,,,,,,,
16468000,4117,0.25,,2.263310670852661,,,,0.25,,,,,,,,,
16472000,4118,0.5,,2.007777214050293,,,,0.5,,,,,,,,,
16476000,4119,0.875,,2.1487293243408203,,,,0.875,,,,,,,,,
16480000,4120,0.75,,2.123547077178955,,,,0.75,,,,,,,,,
16484000,4121,0.625,,2.1679887771606445,,,,0.625,,,,,,,,,
16488000,4122,0.125,,2.255959987640381,,,,0.125,,,,,,,,,
16492000,4123,0.0,,2.2156381607055664,,,,0.0,,,,,,,,,
16496000,4124,0.5,,2.330246686935425,,,,0.5,,,,,,,,,
16500000,4125,0.0,,2.554975748062134,,,,0.0,,,,,,,,,
16504000,4126,0.375,,2.438910484313965,,,,0.375,,,,,,,,,
16508000,4127,0.25,,2.3509938716888428,,,,0.25,,,,,,,,,
16512000,4128,0.375,,2.180530071258545,,,,0.375,,,,,,,,,
16516000,4129,1.25,,2.3303170204162598,,,,1.25,,,,,,,,,
16520000,4130,1.375,,2.1039023399353027,,,,1.375,,,,,,,,,
16524000,4131,1.25,,1.9522640705108643,,,,1.25,,,,,,,,,
16528000,4132,1.0,,2.0668883323669434,,,,1.0,,,,,,,,,
16532000,4133,0.75,,2.148965835571289,,,,0.75,,,,,,,,,
16536000,4134,0.125,,2.345438003540039,,,,0.125,,,,,,,,,
16540000,4135,0.25,,1.9200904369354248,,,,0.25,,,,,,,,,
16544000,4136,0.125,,2.2526092529296875,,,,0.125,,,,,,,,,
16548000,4137,1.0,,1.8121166229248047,,,,1.0,,,,,,,,,
16552000,4138,1.375,,1.8626254796981812,,,,1.375,,,,,,,,,
16556000,4139,2.25,,1.8099684715270996,,,,2.25,,,,,,,,,
16560000,4140,1.5,,2.021702289581299,,,,1.5,,,,,,,,,
16564000,4141,1.25,,2.0183472633361816,,,,1.25,,,,,,,,,
16568000,4142,1.375,,2.059218168258667,,,,1.375,,,,,,,,,
16572000,4143,1.625,,2.1311371326446533,,,,1.625,,,,,,,,,
16576000,4144,1.75,,1.9094595909118652,,,,1.75,,,,,,,,,
16580000,4145,1.0,,1.7472039461135864,,,,1.0,,,,,,,,,
16584000,4146,1.625,,2.063382148742676,,,,1.625,,,,,,,,,
16588000,4147,2.0,,2.019277334213257,,,,2.0,,,,,,,,,
16592000,4148,2.375,,1.8679616451263428,,,,2.375,,,,,,,,,
16596000,4149,1.5,,1.8891997337341309,,,,1.5,,,,,,,,,
16600000,4150,2.0,,1.9206149578094482,,,,2.0,,,,,,,,,
16604000,4151,1.875,,2.0721776485443115,,,,1.875,,,,,,,,,
16608000,4152,2.125,,1.9768610000610352,,,,2.125,,,,,,,,,
16612000,4153,1.375,,2.0818564891815186,,,,1.375,,,,,,,,,
16616000,4154,2.0,,1.9281401634216309,,,,2.0,,,,,,,,,
16620000,4155,1.625,,2.0729012489318848,,,,1.625,,,,,,,,,
16624000,4156,0.625,,2.1143574714660645,,,,0.625,,,,,,,,,
16628000,4157,2.625,,1.7983299493789673,,,,2.625,,,,,,,,,
16632000,4158,0.375,,2.026909828186035,,,,0.375,,,,,,,,,
16636000,4159,1.5,,2.206510305404663,,,,1.5,,,,,,,,,
16640000,4160,0.375,,2.0246148109436035,,,,0.375,,,,,,,,,
16644000,4161,0.625,,2.1710379123687744,,,,0.625,,,,,,,,,
16648000,4162,0.625,,2.011197090148926,,,,0.625,,,,,,,,,
16652000,4163,0.5,,2.1695523262023926,,,,0.5,,,,,,,,,
16656000,4164,0.125,,2.045344829559326,,,,0.125,,,,,,,,,
16660000,4165,0.25,,2.198329448699951,,,,0.25,,,,,,,,,
16664000,4166,0.25,,2.4733691215515137,,,,0.25,,,,,,,,,
16668000,4167,0.125,,2.3113741874694824,,,,0.125,,,,,,,,,
16672000,4168,0.375,,2.163062572479248,,,,0.375,,,,,,,,,
16676000,4169,0.75,,2.3243660926818848,,,,0.75,,,,,,,,,
16680000,4170,0.625,,1.9800987243652344,,,,0.625,,,,,,,,,
16684000,4171,0.25,,2.1519083976745605,,,,0.25,,,,,,,,,
16688000,4172,0.625,,2.1510989665985107,,,,0.625,,,,,,,,,
16692000,4173,0.875,,2.0347514152526855,,,,0.875,,,,,,,,,
16696000,4174,1.25,,1.8976718187332153,,,,1.25,,,,,,,,,
16700000,4175,1.125,,2.213076114654541,,,,1.125,,,,,,,,,
16704000,4176,1.25,,2.1157755851745605,,,,1.25,,,,,,,,,
16708000,4177,0.375,,2.0512282848358154,,,,0.375,,,,,,,,,
16712000,4178,1.125,,1.9604874849319458,,,,1.125,,,,,,,,,
16716000,4179,1.375,,1.7928669452667236,,,,1.375,,,,,,,,,
16720000,4180,0.875,,1.9147683382034302,,,,0.875,,,,,,,,,
16724000,4181,1.5,,1.9388885498046875,,,,1.5,,,,,,,,,
16728000,4182,1.625,,1.8505195379257202,,,,1.625,,,,,,,,,
16732000,4183,1.375,,1.8206608295440674,,,,1.375,,,,,,,,,
16736000,4184,1.125,,1.9026705026626587,,,,1.125,,,,,,,,,
16740000,4185,1.0,,2.1187198162078857,,,,1.0,,,,,,,,,
16744000,4186,1.125,,1.928367257118225,,,,1.125,,,,,,,,,
16748000,4187,1.5,,1.9561313390731812,,,,1.5,,,,,,,,,
16752000,4188,0.5,,1.9207737445831299,,,,0.5,,,,,,,,,
16756000,4189,1.0,,1.994459867477417,,,,1.0,,,,,,,,,
16760000,4190,0.875,,1.7501847743988037,,,,0.875,,,,,,,,,
16764000,4191,1.25,,1.807803750038147,,,,1.25,,,,,,,,,
16768000,4192,1.75,,2.074554443359375,,,,1.75,,,,,,,,,
16772000,4193,1.125,,2.1369075775146484,,,,1.125,,,,,,,,,
16776000,4194,2.5,,1.9758703708648682,,,,2.5,,,,,,,,,
16780000,4195,1.0,,1.9057377576828003,,,,1.0,,,,,,,,,
16784000,4196,1.625,,1.855085015296936,,,,1.625,,,,,,,,,
16788000,4197,1.25,,1.8790110349655151,,,,1.25,,,,,,,,,
16792000,4198,2.0,,2.094644546508789,,,,2.0,,,,,,,,,
16796000,4199,2.25,,2.0216727256774902,,,,2.25,,,,,,,,,
16800000,4200,1.625,,2.154642105102539,,,,1.625,,,,,,,,,
16804000,4201,1.5,,1.9255818128585815,,,,1.5,,,,,,,,,
16808000,4202,2.125,,1.9143449068069458,,,,2.125,,,,,,,,,
16812000,4203,1.125,,1.9945043325424194,,,,1.125,,,,,,,,,
16816000,4204,0.875,,2.0874733924865723,,,,0.875,,,,,,,,,
16820000,4205,1.125,,2.0085737705230713,,,,1.125,,,,,,,,,
16824000,4206,1.5,,1.9894835948944092,,,,1.5,,,,,,,,,
16828000,4207,1.25,,2.1078011989593506,,,,1.25,,,,,,,,,
16832000,4208,1.25,,2.0857460498809814,,,,1.25,,,,,,,,,
16836000,4209,1.125,,2.2056827545166016,,,,1.125,,,,,,,,,
16840000,4210,0.375,,2.2403078079223633,,,,0.375,,,,,,,,,
16844000,4211,0.75,,1.9848419427871704,,,,0.75,,,,,,,,,
16848000,4212,0.25,,2.119192600250244,,,,0.25,,,,,,,,,
16852000,4213,0.5,,2.08591365814209,,,,0.5,,,,,,,,,
16856000,4214,0.75,,2.0513854026794434,,,,0.75,,,,,,,,,
16860000,4215,0.5,,2.022984027862549,,,,0.5,,,,,,,,,
16864000,4216,1.125,,1.9894392490386963,,,,1.125,,,,,,,,,
16868000,4217,0.5,,1.877345323562622,,,,0.5,,,,,,,,,
16872000,4218,1.625,,1.89760160446167,,,,1.625,,,,,,,,,
16876000,4219,1.125,,1.7439818382263184,,,,1.125,,,,,,,,,
16880000,4220,2.0,,1.991058349609375,,,,2.0,,,,,,,,,
16884000,4221,1.0,,1.8977456092834473,,,,1.0,,,,,,,,,
16888000,4222,1.75,,1.9436347484588623,,,,1.75,,,,,,,,,
16892000,4223,0.875,,1.8057470321655273,,,,0.875,,,,,,,,,
16896000,4224,1.125,,1.8705205917358398,,,,1.125,,,,,,,,,
16900000,4225,2.0,,1.9329211711883545,,,,2.0,,,,,,,,,
16904000,4226,1.625,,1.9165456295013428,,,,1.625,,,,,,,,,
16908000,4227,1.25,,1.842625617980957,,,,1.25,,,,,,,,,
16912000,4228,2.25,,1.8418687582015991,,,,2.25,,,,,,,,,
16916000,4229,1.5,,1.7412420511245728,,,,1.5,,,,,,,,,
16920000,4230,2.375,,1.7943825721740723,,,,2.375,,,,,,,,,
16924000,4231,0.75,,1.768690586090088,,,,0.75,,,,,,,,,
16928000,4232,1.75,,1.8177826404571533,,,,1.75,,,,,,,,,
16932000,4233,1.25,,1.8828480243682861,,,,1.25,,,,,,,,,
16936000,4234,2.125,,1.923682451248169,,,,2.125,,,,,,,,,
16940000,4235,1.625,,1.821558952331543,,,,1.625,,,,,,,,,
16944000,4236,1.625,,1.9142131805419922,,,,1.625,,,,,,,,,
16948000,4237,1.125,,1.9575762748718262,,,,1.125,,,,,,,,,
16952000,4238,1.125,,1.8342294692993164,,,,1.125,,,,,,,,,
16956000,4239,1.375,,1.8317179679870605,,,,1.375,,,,,,,,,
16960000,4240,2.375,,1.7733266353607178,,,,2.375,,,,,,,,,
16964000,4241,1.75,,1.9218261241912842,,,,1.75,,,,,,,,,
16968000,4242,2.0,,1.963668942451477,,,,2.0,,,,,,,,,
16972000,4243,2.25,,1.9226727485656738,,,,2.25,,,,,,,,,
16976000,4244,2.25,,1.8577795028686523,,,,2.25,,,,,,,,,
16980000,4245,2.0,,1.9602397680282593,,,,2.0,,,,,,,,,
16984000,4246,2.25,,1.8907790184020996,,,,2.25,,,,,,,,,
16988000,4247,3.0,,1.9410630464553833,,,,3.0,,,,,,,,,
16992000,4248,3.0,,1.981384038925171,,,,3.0,,,,,,,,,
16996000,4249,1.75,,2.0227432250976562,,,,1.75,,,,,,,,,
17000000,4250,2.5,,1.9821162223815918,,,,2.5,,,,,,,,,
17004000,4251,1.5,,1.9946763515472412,,,,1.5,,,,,,,,,
17008000,4252,1.375,,1.8690510988235474,,,,1.375,,,,,,,,,
17012000,4253,2.375,,2.1770591735839844,,,,2.375,,,,,,,,,
17016000,4254,2.5,,1.964878797531128,,,,2.5,,,,,,,,,
17020000,4255,2.625,,2.2812187671661377,,,,2.625,,,,,,,,,
17024000,4256,3.125,,2.303812265396118,,,,3.125,,,,,,,,,
17028000,4257,1.25,,2.0214061737060547,,,,1.25,,,,,,,,,
17032000,4258,1.625,,2.195892333984375,,,,1.625,,,,,,,,,
17036000,4259,1.125,,2.1395177841186523,,,,1.125,,,,,,,,,
17040000,4260,2.0,,2.131328821182251,,,,2.0,,,,,,,,,
17044000,4261,1.625,,2.219106435775757,,,,1.625,,,,,,,,,
17048000,4262,1.875,,2.3702120780944824,,,,1.875,,,,,,,,,
17052000,4263,1.125,,2.249993324279785,,,,1.125,,,,,,,,,
17056000,4264,1.5,,2.4210762977600098,,,,1.5,,,,,,,,,
17060000,4265,0.875,,2.530643939971924,,,,0.875,,,,,,,,,
17064000,4266,1.125,,2.2003440856933594,,,,1.125,,,,,,,,,
17068000,4267,1.5,,2.0801424980163574,,,,1.5,,,,,,,,,
17072000,4268,1.875,,2.3757424354553223,,,,1.875,,,,,,,,,
17076000,4269,2.625,,2.1931793689727783,,,,2.625,,,,,,,,,
17080000,4270,1.125,,2.209329605102539,,,,1.125,,,,,,,,,
17084000,4271,0.375,,2.2688283920288086,,,,0.375,,,,,,,,,
17088000,4272,1.0,,2.3070719242095947,,,,1.0,,,,,,,,,
17092000,4273,0.875,,2.278701066970825,,,,0.875,,,,,,,,,
17096000,4274,0.625,,2.2260096073150635,,,,0.625,,,,,,,,,
17100000,4275,1.5,,2.2569589614868164,,,,1.5,,,,,,,,,
17104000,4276,1.375,,2.0440850257873535,,,,1.375,,,,,,,,,
17108000,4277,1.125,,2.095754623413086,,,,1.125,,,,,,,,,
17112000,4278,0.875,,2.2719459533691406,,,,0.875,,,,,,,,,
17116000,4279,0.75,,2.1783289909362793,,,,0.75,,,,,,,,,
17120000,4280,1.125,,2.315077543258667,,,,1.125,,,,,,,,,
17124000,4281,0.25,,2.2562453746795654,,,,0.25,,,,,,,,,
17128000,4282,1.125,,2.3254849910736084,,,,1.125,,,,,,,,,
17132000,4283,0.5,,2.2500295639038086,,,,0.5,,,,,,,,,
17136000,4284,0.75,,2.268413543701172,,,,0.75,,,,,,,,,
17140000,4285,1.125,,2.324009418487549,,,,1.125,,,,,,,,,
17144000,4286,0.75,,2.1729397773742676,,,,0.75,,,,,,,,,
17148000,4287,0.375,,2.0245423316955566,,,,0.375,,,,,,,,,
17152000,4288,1.0,,2.014349937438965,,,,1.0,,,,,,,,,
17156000,4289,0.25,,2.0122835636138916,,,,0.25,,,,,,,,,
17160000,4290,0.875,,2.0293195247650146,,,,0.875,,,,,,,,,
17164000,4291,0.25,,2.234281539916992,,,,0.25,,,,,,,,,
17168000,4292,0.0,,2.159334182739258,,,,0.0,,,,,,,,,
17172000,4293,1.125,,2.228626251220703,,,,1.125,,,,,,,,,
17176000,4294,0.75,,2.5351366996765137,,,,0.75,,,,,,,,,
17180000,4295,0.25,,2.408970832824707,,,,0.25,,,,,,,,,
17184000,4296,1.75,,2.0953564643859863,,,,1.75,,,,,,,,,
17188000,4297,0.625,,2.129672050476074,,,,0.625,,,,,,,,,
17192000,4298,0.625,,2.3117856979370117,,,,0.625,,,,,,,,,
17196000,4299,0.5,,1.9136165380477905,,,,0.5,,,,,,,,,
17200000,4300,1.125,,2.1347272396087646,,,,1.125,,,,,,,,,
17204000,4301,0.875,,2.0510177612304688,,,,0.875,,,,,,,,,
17208000,4302,0.625,,2.1382246017456055,,,,0.625,,,,,,,,,
17212000,4303,0.5,,2.200934410095215,,,,0.5,,,,,,,,,
17216000,4304,1.25,,2.1700730323791504,,,,1.25,,,,,,,,,
17220000,4305,0.875,,2.139275074005127,,,,0.875,,,,,,,,,
17224000,4306,1.5,,2.301412582397461,,,,1.5,,,,,,,,,
17228000,4307,0.875,,1.9940013885498047,,,,0.875,,,,,,,,,
17232000,4308,0.25,,2.1167712211608887,,,,0.25,,,,,,,,,
17236000,4309,0.375,,1.9365590810775757,,,,0.375,,,,,,,,,
17240000,4310,0.625,,1.996943712234497,,,,0.625,,,,,,,,,
17244000,4311,1.125,,2.2760770320892334,,,,1.125,,,,,,,,,
17248000,4312,1.625,,2.1280102729797363,,,,1.625,,,,,,,,,
17252000,4313,0.875,,2.0209908485412598,,,,0.875,,,,,,,,,
17256000,4314,1.125,,2.1101887226104736,,,,1.125,,,,,,,,,
17260000,4315,1.625,,2.0972089767456055,,,,1.625,,,,,,,,,
17264000,4316,1.75,,1.97676682472229,,,,1.75,,,,,,,,,
17268000,4317,1.875,,2.0652005672454834,,,,1.875,,,,,,,,,
17272000,4318,1.125,,2.097851276397705,,,,1.125,,,,,,,,,
17276000,4319,1.25,,1.872454285621643,,,,1.25,,,,,,,,,
17280000,4320,0.5,,1.9247174263000488,,,,0.5,,,,,,,,,
17284000,4321,0.375,,2.1754026412963867,,,,0.375,,,,,,,,,
17288000,4322,1.25,,2.086331844329834,,,,1.25,,,,,,,,,
17292000,4323,1.25,,2.013554334640503,,,,1.25,,,,,,,,,
17296000,4324,0.875,,1.9362342357635498,,,,0.875,,,,,,,,,
17300000,4325,1.5,,2.0358073711395264,,,,1.5,,,,,,,,,
17304000,4326,2.75,,1.8306591510772705,,,,2.75,,,,,,,,,
17308000,4327,2.25,,2.007477283477783,,,,2.25,,,,,,,,,
17312000,4328,2.125,,1.8476470708847046,,,,2.125,,,,,,,,,
17316000,4329,1.625,,1.905604362487793,,,,1.625,,,,,,,,,
17320000,4330,1.75,,2.032646656036377,,,,1.75,,,,,,,,,
17324000,4331,1.75,,1.939389944076538,,,,1.75,,,,,,,,,
17328000,4332,2.25,,1.8942649364471436,,,,2.25,,,,,,,,,
17332000,4333,2.125,,1.9583652019500732,,,,2.125,,,,,,,,,
17336000,4334,1.75,,2.0955886840820312,,,,1.75,,,,,,,,,
17340000,4335,2.75,,1.957663893699646,,,,2.75,,,,,,,,,
17344000,4336,2.75,,2.324583053588867,,,,2.75,,,,,,,,,
17348000,4337,2.75,,1.9589251279830933,,,,2.75,,,,,,,,,
17352000,4338,2.0,,2.234670639038086,,,,2.0,,,,,,,,,
17356000,4339,2.625,,2.2921667098999023,,,,2.625,,,,,,,,,
17360000,4340,1.375,,2.031090021133423,,,,1.375,,,,,,,,,
17364000,4341,1.875,,2.2691879272460938,,,,1.875,,,,,,,,,
17368000,4342,2.5,,2.1968958377838135,,,,2.5,,,,,,,,,
17372000,4343,1.5,,2.0823864936828613,,,,1.5,,,,,,,,,
17376000,4344,1.25,,2.151228427886963,,,,1.25,,,,,,,,,
17380000,4345,2.875,,2.0480356216430664,,,,2.875,,,,,,,,,
17384000,4346,2.375,,2.4436981678009033,,,,2.375,,,,,,,,,
17388000,4347,2.375,,2.178818941116333,,,,2.375,,,,,,,,,
17392000,4348,2.875,,2.383244514465332,,,,2.875,,,,,,,,,
17396000,4349,2.125,,2.203512191772461,,,,2.125,,,,,,,,,
17400000,4350,3.125,,2.1050164699554443,,,,3.125,,,,,,,,,
17404000,4351,3.125,,2.288362503051758,,,,3.125,,,,,,,,,
17408000,4352,2.375,,2.1054837703704834,,,,2.375,,,,,,,,,
17412000,4353,3.25,,2.31345534324646,,,,3.25,,,,,,,,,
17416000,4354,1.125,,2.3929243087768555,,,,1.125,,,,,,,,,
17420000,4355,2.0,,2.432253360748291,,,,2.0,,,,,,,,,
17424000,4356,1.125,,2.3215160369873047,,,,1.125,,,,,,,,,
17428000,4357,1.875,,2.3625452518463135,,,,1.875,,,,,,,,,
17432000,4358,2.0,,2.301820993423462,,,,2.0,,,,,,,,,
17436000,4359,2.5,,2.2496085166931152,,,,2.5,,,,,,,,,
17440000,4360,1.625,,2.330343246459961,,,,1.625,,,,,,,,,
17444000,4361,2.375,,2.3834311962127686,,,,2.375,,,,,,,,,
17448000,4362,2.875,,2.443101406097412,,,,2.875,,,,,,,,,
17452000,4363,1.125,,2.3256354331970215,,,,1.125,,,,,,,,,
17456000,4364,1.125,,2.4130301475524902,,,,1.125,,,,,,,,,
17460000,4365,0.875,,2.41851806640625,,,,0.875,,,,,,,,,
17464000,4366,1.125,,2.3746776580810547,,,,1.125,,,,,,,,,
17468000,4367,1.125,,2.494429588317871,,,,1.125,,,,,,,,,
17472000,4368,2.125,,2.304435968399048,,,,2.125,,,,,,,,,
17476000,4369,0.25,,2.504948139190674,,,,0.25,,,,,,,,,
17480000,4370,2.25,,2.2027626037597656,,,,2.25,,,,,,,,,
17484000,4371,1.25,,2.1966657638549805,,,,1.25,,,,,,,,,
17488000,4372,1.625,,2.4812843799591064,,,,1.625,,,,,,,,,
17492000,4373,1.125,,2.3742566108703613,,,,1.125,,,,,,,,,
17496000,4374,1.25,,2.4230730533599854,,,,1.25,,,,,,,,,
17500000,4375,1.625,,2.1017661094665527,,,,1.625,,,,,,,,,
17504000,4376,0.625,,2.400779962539673,,,,0.625,,,,,,,,,
17508000,4377,2.0,,2.414937734603882,,,,2.0,,,,,,,,,
17512000,4378,0.625,,2.1899824142456055,,,,0.625,,,,,,,,,
17516000,4379,2.625,,2.2238693237304688,,,,2.625,,,,,,,,,
17520000,4380,1.625,,2.059288501739502,,,,1.625,,,,,,,,,
17524000,4381,2.25,,2.259079933166504,,,,2.25,,,,,,,,,
17528000,4382,2.125,,2.4819700717926025,,,,2.125,,,,,,,,,
17532000,4383,1.375,,2.1686763763427734,,,,1.375,,,,,,,,,
17536000,4384,1.375,,2.3185975551605225,,,,1.375,,,,,,,,,
17540000,4385,0.5,,2.399393081665039,,,,0.5,,,,,,,,,
17544000,4386,2.25,,2.0774214267730713,,,,2.25,,,,,,,,,
17548000,4387,1.625,,2.249401330947876,,,,1.625,,,,,,,,,
17552000,4388,1.375,,2.202676296234131,,,,1.375,,,,,,,,,
17556000,4389,2.625,,2.2138357162475586,,,,2.625,,,,,,,,,
17560000,4390,1.5,,2.2128138542175293,,,,1.5,,,,,,,,,
17564000,4391,1.25,,2.012284278869629,,,,1.25,,,,,,,,,
17568000,4392,2.75,,2.1014907360076904,,,,2.75,,,,,,,,,
17572000,4393,1.625,,2.1224825382232666,,,,1.625,,,,,,,,,
17576000,4394,2.375,,2.488474130630493,,,,2.375,,,,,,,,,
17580000,4395,1.25,,2.1888673305511475,,,,1.25,,,,,,,,,
17584000,4396,2.875,,2.4487462043762207,,,,2.875,,,,,,,,,
17588000,4397,1.75,,2.1996006965637207,,,,1.75,,,,,,,,,
17592000,4398,0.875,,2.268744945526123,,,,0.875,,,,,,,,,
17596000,4399,2.125,,2.2371153831481934,,,,2.125,,,,,,,,,
17600000,4400,2.625,,2.183051109313965,,,,2.625,,,,,,,,,
17604000,4401,1.875,,2.119208335876465,,,,1.875,,,,,,,,,
17608000,4402,1.25,,2.2750511169433594,,,,1.25,,,,,,,,,
17612000,4403,2.375,,2.1203866004943848,,,,2.375,,,,,,,,,
17616000,4404,1.125,,2.2540173530578613,,,,1.125,,,,,,,,,
17620000,4405,1.375,,2.223447561264038,,,,1.375,,,,,,,,,
17624000,4406,2.875,,2.4187700748443604,,,,2.875,,,,,,,,,
17628000,4407,2.75,,2.250278949737549,,,,2.75,,,,,,,,,
17632000,4408,1.625,,2.4099678993225098,,,,1.625,,,,,,,,,
17636000,4409,3.25,,2.324768304824829,,,,3.25,,,,,,,,,
17640000,4410,2.25,,2.3872814178466797,,,,2.25,,,,,,,,,
17644000,4411,1.625,,2.3988704681396484,,,,1.625,,,,,,,,,
17648000,4412,1.375,,2.413785457611084,,,,1.375,,,,,,,,,
17652000,4413,1.5,,2.497530937194824,,,,1.5,,,,,,,,,
17656000,4414,1.375,,2.347407341003418,,,,1.375,,,,,,,,,
17660000,4415,0.375,,2.659531593322754,,,,0.375,,,,,,,,,
17664000,4416,1.25,,2.6174850463867188,,,,1.25,,,,,,,,,
17668000,4417,1.75,,2.446423053741455,,,,1.75,,,,,,,,,
17672000,4418,1.25,,2.56426739692688,,,,1.25,,,,,,,,,
17676000,4419,1.5,,2.4945640563964844,,,,1.5,,,,,,,,,
17680000,4420,0.5,,2.61249041557312,,,,0.5,,,,,,,,,
17684000,4421,1.25,,2.4630348682403564,,,,1.25,,,,,,,,,
17688000,4422,1.375,,2.355631113052368,,,,1.375,,,,,,,,,
17692000,4423,1.0,,2.5123214721679688,,,,1.0,,,,,,,,,
17696000,4424,0.625,,2.5446712970733643,,,,0.625,,,,,,,,,
17700000,4425,0.5,,2.4563522338867188,,,,0.5,,,,,,,,,
17704000,4426,0.5,,2.485959529876709,,,,0.5,,,,,,,,,
17708000,4427,0.5,,2.3924167156219482,,,,0.5,,,,,,,,,
17712000,4428,1.25,,2.5078277587890625,,,,1.25,,,,,,,,,
17716000,4429,1.25,,2.6263818740844727,,,,1.25,,,,,,,,,
17720000,4430,1.625,,2.6830906867980957,,,,1.625,,,,,,,,,
17724000,4431,1.0,,2.552699089050293,,,,1.0,,,,,,,,,
17728000,4432,0.75,,2.750107765197754,,,,0.75,,,,,,,,,
17732000,4433,1.25,,2.5600430965423584,,,,1.25,,,,,,,,,
17736000,4434,0.75,,2.585521936416626,,,,0.75,,,,,,,,,
17740000,4435,1.375,,2.6868021488189697,,,,1.375,,,,,,,,,
17744000,4436,1.25,,2.4265594482421875,,,,1.25,,,,,,,,,
17748000,4437,1.625,,2.6455230712890625,,,,1.625,,,,,,,,,
17752000,4438,1.125,,2.4952659606933594,,,,1.125,,,,,,,,,
17756000,4439,0.625,,2.53068470954895,,,,0.625,,,,,,,,,
17760000,4440,0.375,,2.4335150718688965,,,,0.375,,,,,,,,,
17764000,4441,1.125,,2.4457857608795166,,,,1.125,,,,,,,,,
17768000,4442,0.75,,2.4558653831481934,,,,0.75,,,,,,,,,
17772000,4443,1.375,,2.4450740814208984,,,,1.375,,,,,,,,,
17776000,4444,1.5,,2.43676495552063,,,,1.5,,,,,,,,,
17780000,4445,1.875,,2.2828896045684814,,,,1.875,,,,,,,,,
17784000,4446,0.875,,2.465641975402832,,,,0.875,,,,,,,,,
17788000,4447,0.875,,2.580374240875244,,,,0.875,,,,,,,,,
17792000,4448,0.125,,2.600512742996216,,,,0.125,,,,,,,,,
17796000,4449,0.75,,2.511683225631714,,,,0.75,,,,,,,,,
17800000,4450,0.875,,2.6261181831359863,,,,0.875,,,,,,,,,
17804000,4451,1.0,,2.5474252700805664,,,,1.0,,,,,,,,,
17808000,4452,1.25,,2.4407005310058594,,,,1.25,,,,,,,,,
17812000,4453,1.625,,2.5126469135284424,,,,1.625,,,,,,,,,
17816000,4454,0.875,,2.1575708389282227,,,,0.875,,,,,,,,,
17820000,4455,1.0,,2.335183620452881,,,,1.0,,,,,,,,,
17824000,4456,1.0,,2.351041078567505,,,,1.0,,,,,,,,,
17828000,4457,0.0,,2.381575584411621,,,,0.0,,,,,,,,,
17832000,4458,0.0,,2.210325241088867,,,,0.0,,,,,,,,,
17836000,4459,0.5,,2.322415590286255,,,,0.5,,,,,,,,,
17840000,4460,1.5,,2.267596483230591,,,,1.5,,,,,,,,,
17844000,4461,0.625,,2.3982861042022705,,,,0.625,,,,,,,,,
17848000,4462,1.375,,2.1799139976501465,,,,1.375,,,,,,,,,
17852000,4463,1.625,,2.242952823638916,,,,1.625,,,,,,,,,
17856000,4464,0.625,,2.2313427925109863,,,,0.625,,,,,,,,,
17860000,4465,0.875,,2.2744202613830566,,,,0.875,,,,,,,,,
17864000,4466,0.5,,2.3933866024017334,,,,0.5,,,,,,,,,
17868000,4467,0.125,,2.2738680839538574,,,,0.125,,,,,,,,,
17872000,4468,1.125,,2.0038177967071533,,,,1.125,,,,,,,,,
17876000,4469,1.75,,2.12155818939209,,,,1.75,,,,,,,,,
17880000,4470,2.0,,2.204056978225708,,,,2.0,,,,,,,,,
17884000,4471,0.375,,2.1915974617004395,,,,0.375,,,,,,,,,
17888000,4472,2.125,,2.19401478767395,,,,2.125,,,,,,,,,
17892000,4473,0.375,,2.107445240020752,,,,0.375,,,,,,,,,
17896000,4474,1.125,,2.122971296310425,,,,1.125,,,,,,,,,
17900000,4475,1.0,,2.20011568069458,,,,1.0,,,,,,,,,
17904000,4476,2.0,,2.1073837280273438,,,,2.0,,,,,,,,,
17908000,4477,2.5,,1.954392433166504,,,,2.5,,,,,,,,,
17912000,4478,1.5,,1.8932061195373535,,,,1.5,,,,,,,,,
17916000,4479,2.125,,2.0967862606048584,,,,2.125,,,,,,,,,
17920000,4480,0.375,,2.098971128463745,,,,0.375,,,,,,,,,
17924000,4481,1.125,,2.1152806282043457,,,,1.125,,,,,,,,,
17928000,4482,0.875,,2.179945230484009,,,,0.875,,,,,,,,,
17932000,4483,0.25,,2.0755438804626465,,,,0.25,,,,,,,,,
17936000,4484,0.75,,2.1367909908294678,,,,0.75,,,,,,,,,
17940000,4485,0.25,,2.0930957794189453,,,,0.25,,,,,,,,,
17944000,4486,1.0,,1.926222324371338,,,,1.0,,,,,,,,,
17948000,4487,0.875,,1.8798305988311768,,,,0.875,,,,,,,,,
17952000,4488,0.5,,1.7480913400650024,,,,0.5,,,,,,,,,
17956000,4489,2.625,,1.8187086582183838,,,,2.625,,,,,,,,,
17960000,4490,1.875,,1.978411078453064,,,,1.875,,,,,,,,,
17964000,4491,1.125,,1.8153431415557861,,,,1.125,,,,,,,,,
17968000,4492,0.625,,1.9067111015319824,,,,0.625,,,,,,,,,
17972000,4493,0.5,,1.887940526008606,,,,0.5,,,,,,,,,
17976000,4494,0.875,,2.00592041015625,,,,0.875,,,,,,,,,
17980000,4495,0.125,,1.9651129245758057,,,,0.125,,,,,,,,,
17984000,4496,0.625,,1.7356560230255127,,,,0.625,,,,,,,,,
17988000,4497,1.5,,1.9632811546325684,,,,1.5,,,,,,,,,
17992000,4498,1.5,,1.8601634502410889,,,,1.5,,,,,,,,,
17996000,4499,0.75,,1.9550797939300537,,,,0.75,,,,,,,,,
18000000,4500,0.625,,1.748281717300415,,,,0.625,,,,,,,,,
18004000,4501,0.875,,1.664459466934204,,,,0.875,,,,,,,,,
18008000,4502,0.5,,2.0325779914855957,,,,0.5,,,,,,,,,
18012000,4503,0.625,,1.82806396484375,,,,0.625,,,,,,,,,
18016000,4504,1.25,,1.700231671333313,,,,1.25,,,,,,,,,
18020000,4505,2.0,,1.9468705654144287,,,,2.0,,,,,,,,,
18024000,4506,2.625,,1.9566621780395508,,,,2.625,,,,,,,,,
18028000,4507,3.0,,1.812319040298462,,,,3.0,,,,,,,,,
18032000,4508,2.5,,1.8477768898010254,,,,2.5,,,,,,,,,
18036000,4509,2.0,,1.906651496887207,,,,2.0,,,,,,,,,
18040000,4510,0.875,,1.8818111419677734,,,,0.875,,,,,,,,,
18044000,4511,0.75,,1.9026634693145752,,,,0.75,,,,,,,,,
18048000,4512,1.25,,1.8313084840774536,,,,1.25,,,,,,,,,
18052000,4513,0.125,,1.7584447860717773,,,,0.125,,,,,,,,,
18056000,4514,1.625,,1.8839361667633057,,,,1.625,,,,,,,,,
18060000,4515,1.25,,1.6867458820343018,,,,1.25,,,,,,,,,
18064000,4516,0.5,,1.696000337600708,,,,0.5,,,,,,,,,
18068000,4517,2.5,,1.7405483722686768,,,,2.5,,,,,,,,,
18072000,4518,1.25,,1.7428847551345825,,,,1.25,,,,,,,,,
18076000,4519,0.75,,1.9559156894683838,,,,0.75,,,,,,,,,
18080000,4520,0.375,,1.9789972305297852,,,,0.375,,,,,,,,,
18084000,4521,0.25,,1.9006506204605103,,,,0.25,,,,,,,,,
18088000,4522,1.0,,1.598092794418335,,,,1.0,,,,,,,,,
18092000,4523,1.125,,1.7909865379333496,,,,1.125,,,,,,,,,
18096000,4524,2.75,,1.642836093902588,,,,2.75,,,,,,,,,
18100000,4525,2.125,,1.8493906259536743,,,,2.125,,,,,,,,,
18104000,4526,2.75,,1.611994743347168,,,,2.75,,,,,,,,,
18108000,4527,2.375,,1.6703201532363892,,,,2.375,,,,,,,,,
18112000,4528,2.375,,1.7275948524475098,,,,2.375,,,,,,,,,
18116000,4529,0.375,,1.8170150518417358,,,,0.375,,,,,,,,,
18120000,4530,1.25,,1.6306853294372559,,,,1.25,,,,,,,,,
18124000,4531,1.25,,1.6602728366851807,,,,1.25,,,,,,,,,
18128000,4532,1.375,,1.8551926612854004,,,,1.375,,,,,,,,,
18132000,4533,2.0,,1.6489531993865967,,,,2.0,,,,,,,,,
18136000,4534,0.625,,1.6665922403335571,,,,0.625,,,,,,,,,
18140000,4535,2.125,,1.579136610031128,,,,2.125,,,,,,,,,
18144000,4536,1.625,,1.529142141342163,,,,1.625,,,,,,,,,
18148000,4537,1.0,,1.6533275842666626,,,,1.0,,,,,,,,,
18152000,4538,1.75,,1.7952345609664917,,,,1.75,,,,,,,,,
18156000,4539,0.625,,1.7818663120269775,,,,0.625,,,,,,,,,
18160000,4540,0.75,,1.6605732440948486,,,,0.75,,,,,,,,,
18164000,4541,0.75,,1.859157681465149,,,,0.75,,,,,,,,,
18168000,4542,0.375,,1.6850180625915527,,,,0.375,,,,,,,,,
18172000,4543,1.5,,1.7341097593307495,,,,1.5,,,,,,,,,
18176000,4544,2.75,,1.705272912979126,,,,2.75,,,,,,,,,
18180000,4545,1.125,,1.6156909465789795,,,,1.125,,,,,,,,,
18184000,4546,1.625,,1.7227755784988403,,,,1.625,,,,,,,,,
18188000,4547,1.5,,1.6725664138793945,,,,1.5,,,,,,,,,
18192000,4548,1.625,,1.6792181730270386,,,,1.625,,,,,,,,,
18196000,4549,1.25,,1.6578359603881836,,,,1.25,,,,,,,,,
18200000,4550,1.875,,1.8693182468414307,,,,1.875,,,,,,,,,
18204000,4551,1.875,,1.9426493644714355,,,,1.875,,,,,,,,,
18208000,4552,1.875,,1.5926108360290527,,,,1.875,,,,,,,,,
18212000,4553,0.75,,1.7801618576049805,,,,0.75,,,,,,,,,
18216000,4554,1.0,,1.9809865951538086,,,,1.0,,,,,,,,,
18220000,4555,2.0,,1.7032039165496826,,,,2.0,,,,,,,,,
18224000,4556,0.625,,1.9130733013153076,,,,0.625,,,,,,,,,
18228000,4557,2.75,,1.5140604972839355,,,,2.75,,,,,,,,,
18232000,4558,1.0,,1.7833623886108398,,,,1.0,,,,,,,,,
18236000,4559,1.875,,1.687013864517212,,,,1.875,,,,,,,,,
18240000,4560,1.25,,1.8244006633758545,,,,1.25,,,,,,,,,
18244000,4561,0.5,,1.6693130731582642,,,,0.5,,,,,,,,,
18248000,4562,1.5,,1.8576669692993164,,,,1.5,,,,,,,,,
18252000,4563,1.25,,1.9741003513336182,,,,1.25,,,,,,,,,
18256000,4564,1.75,,1.9023358821868896,,,,1.75,,,,,,,,,
18260000,4565,1.625,,1.8473618030548096,,,,1.625,,,,,,,,,
18264000,4566,1.375,,1.759000301361084,,,,1.375,,,,,,,,,
18268000,4567,1.875,,1.8633486032485962,,,,1.875,,,,,,,,,
18272000,4568,2.25,,1.8692653179168701,,,,2.25,,,,,,,,,
18276000,4569,1.625,,1.7122708559036255,,,,1.625,,,,,,,,,
18280000,4570,2.125,,1.731067419052124,,,,2.125,,,,,,,,,
18284000,4571,1.875,,1.8978602886199951,,,,1.875,,,,,,,,,
18288000,4572,2.0,,1.7617154121398926,,,,2.0,,,,,,,,,
18292000,4573,2.625,,1.8871254920959473,,,,2.625,,,,,,,,,
18296000,4574,1.0,,1.887059211730957,,,,1.0,,,,,,,,,
18300000,4575,0.875,,1.7214940786361694,,,,0.875,,,,,,,,,
18304000,4576,1.375,,1.8557909727096558,,,,1.375,,,,,,,,,
18308000,4577,1.875,,1.7358129024505615,,,,1.875,,,,,,,,,
18312000,4578,1.625,,1.8325440883636475,,,,1.625,,,,,,,,,
18316000,4579,1.125,,1.741030216217041,,,,1.125,,,,,,,,,
18320000,4580,1.5,,1.722853660583496,,,,1.5,,,,,,,,,
18324000,4581,1.0,,1.916794776916504,,,,1.0,,,,,,,,,
18328000,4582,0.75,,1.7633905410766602,,,,0.75,,,,,,,,,
18332000,4583,1.875,,1.6554172039031982,,,,1.875,,,,,,,,,
18336000,4584,2.625,,1.903702735900879,,,,2.625,,,,,,,,,
18340000,4585,1.5,,1.9193620681762695,,,,1.5,,,,,,,,,
18344000,4586,3.25,,2.106964588165283,,,,3.25,,,,,,,,,
18348000,4587,1.625,,1.854867935180664,,,,1.625,,,,,,,,,
18352000,4588,1.75,,2.029515504837036,,,,1.75,,,,,,,,,
18356000,4589,1.5,,1.9664537906646729,,,,1.5,,,,,,,,,
18360000,4590,1.75,,2.0520153045654297,,,,1.75,,,,,,,,,
18364000,4591,2.75,,1.967727780342102,,,,2.75,,,,,,,,,
18368000,4592,0.625,,1.7364470958709717,,,,0.625,,,,,,,,,
18372000,4593,2.5,,1.9132137298583984,,,,2.5,,,,,,,,,
18376000,4594,1.875,,2.0163991451263428,,,,1.875,,,,,,,,,
18380000,4595,1.75,,2.031639575958252,,,,1.75,,,,,,,,,
18384000,4596,0.375,,1.9828245639801025,,,,0.375,,,,,,,,,
18388000,4597,1.625,,1.8517794609069824,,,,1.625,,,,,,,,,
18392000,4598,1.375,,1.9586195945739746,,,,1.375,,,,,,,,,
18396000,4599,1.75,,1.9234497547149658,,,,1.75,,,,,,,,,
18400000,4600,1.25,,1.9385671615600586,,,,1.25,,,,,,,,,
18404000,4601,1.375,,1.9456524848937988,,,,1.375,,,,,,,,,
18408000,4602,0.625,,2.0162878036499023,,,,0.625,,,,,,,,,
18412000,4603,1.125,,1.9519591331481934,,,,1.125,,,,,,,,,
18416000,4604,0.75,,2.0830345153808594,,,,0.75,,,,,,,,,
18420000,4605,2.125,,2.069495677947998,,,,2.125,,,,,,,,,
18424000,4606,1.625,,1.993220567703247,,,,1.625,,,,,,,,,
18428000,4607,2.625,,1.8220036029815674,,,,2.625,,,,,,,,,
18432000,4608,1.875,,1.8319344520568848,,,,1.875,,,,,,,,,
18436000,4609,1.125,,1.9253506660461426,,,,1.125,,,,,,,,,
18440000,4610,1.125,,2.1014671325683594,,,,1.125,,,,,,,,,
18444000,4611,1.0,,2.2550666332244873,,,,1.0,,,,,,,,,
18448000,4612,1.125,,2.089860200881958,,,,1.125,,,,,,,,,
18452000,4613,1.0,,1.9671820402145386,,,,1.0,,,,,,,,,
18456000,4614,0.25,,2.118483543395996,,,,0.25,,,,,,,,,
18460000,4615,2.375,,2.0457305908203125,,,,2.375,,,,,,,,,
18464000,4616,1.875,,1.7845522165298462,,,,1.875,,,,,,,,,
18468000,4617,0.75,,2.030259609222412,,,,0.75,,,,,,,,,
18472000,4618,1.5,,2.01206111907959,,,,1.5,,,,,,,,,
18476000,4619,0.625,,1.8490490913391113,,,,0.625,,,,,,,,,
18480000,4620,0.75,,1.9716124534606934,,,,0.75,,,,,,,,,
18484000,4621,1.125,,1.855202555656433,,,,1.125,,,,,,,,,
18488000,4622,0.875,,2.235635757446289,,,,0.875,,,,,,,,,
18492000,4623,1.25,,2.3393051624298096,,,,1.25,,,,,,,,,
18496000,4624,2.125,,2.1155271530151367,,,,2.125,,,,,,,,,
18500000,4625,1.375,,2.1557390689849854,,,,1.375,,,,,,,,,
18504000,4626,2.0,,2.130272388458252,,,,2.0,,,,,,,,,
18508000,4627,1.875,,2.0120391845703125,,,,1.875,,,,,,,,,
18512000,4628,1.625,,2.141774892807007,,,,1.625,,,,,,,,,
18516000,4629,1.75,,2.226773738861084,,,,1.75,,,,,,,,,
18520000,4630,1.75,,2.167135715484619,,,,1.75,,,,,,,,,
18524000,4631,2.5,,2.076202869415283,,,,2.5,,,,,,,,,
18528000,4632,1.875,,2.142045497894287,,,,1.875,,,,,,,,,
18532000,4633,2.25,,1.9683784246444702,,,,2.25,,,,,,,,,
18536000,4634,3.25,,1.9874522686004639,,,,3.25,,,,,,,,,
18540000,4635,3.375,,2.103020191192627,,,,3.375,,,,,,,,,
18544000,4636,1.75,,2.031353235244751,,,,1.75,,,,,,,,,
18548000,4637,2.625,,2.1402382850646973,,,,2.625,,,,,,,,,
18552000,4638,1.875,,2.0489439964294434,,,,1.875,,,,,,,,,
18556000,4639,1.25,,2.1817150115966797,,,,1.25,,,,,,,,,
18560000,4640,3.0,,2.2387499809265137,,,,3.0,,,,,,,,,
18564000,4641,1.375,,2.164766311645508,,,,1.375,,,,,,,,,
18568000,4642,1.25,,2.016874313354492,,,,1.25,,,,,,,,,
18572000,4643,2.625,,2.0808229446411133,,,,2.625,,,,,,,,,
18576000,4644,1.875,,2.223783493041992,,,,1.875,,,,,,,,,
18580000,4645,1.75,,2.1114020347595215,,,,1.75,,,,,,,,,
18584000,4646,2.5,,2.135575771331787,,,,2.5,,,,,,,,,
18588000,4647,1.25,,2.114739179611206,,,,1.25,,,,,,,,,
18592000,4648,1.75,,2.4255967140197754,,,,1.75,,,,,,,,,
18596000,4649,1.875,,2.1896555423736572,,,,1.875,,,,,,,,,
18600000,4650,1.5,,2.317197322845459,,,,1.5,,,,,,,,,
18604000,4651,1.625,,2.240292549133301,,,,1.625,,,,,,,,,
18608000,4652,2.75,,2.101294994354248,,,,2.75,,,,,,,,,
18612000,4653,3.0,,2.056525230407715,,,,3.0,,,,,,,,,
18616000,4654,3.75,,2.4200072288513184,,,,3.75,,,,,,,,,
18620000,4655,2.5,,2.3742289543151855,,,,2.5,,,,,,,,,
18624000,4656,2.625,,2.184891700744629,,,,2.625,,,,,,,,,
18628000,4657,1.125,,2.1521189212799072,,,,1.125,,,,,,,,,
18632000,4658,1.5,,2.1364643573760986,,,,1.5,,,,,,,,,
18636000,4659,0.625,,2.2268004417419434,,,,0.625,,,,,,,,,
18640000,4660,1.75,,2.3769993782043457,,,,1.75,,,,,,,,,
18644000,4661,2.0,,2.250694513320923,,,,2.0,,,,,,,,,
18648000,4662,1.875,,2.1397337913513184,,,,1.875,,,,,,,,,
18652000,4663,1.75,,2.492920160293579,,,,1.75,,,,,,,,,
18656000,4664,2.125,,2.2223739624023438,,,,2.125,,,,,,,,,
18660000,4665,1.75,,2.4645800590515137,,,,1.75,,,,,,,,,
18664000,4666,1.125,,2.156168222427368,,,,1.125,,,,,,,,,
18668000,4667,0.625,,2.3828985691070557,,,,0.625,,,,,,,,,
18672000,4668,1.5,,2.3378329277038574,,,,1.5,,,,,,,,,
18676000,4669,1.625,,2.3644533157348633,,,,1.625,,,,,,,,,
18680000,4670,2.125,,2.2467713356018066,,,,2.125,,,,,,,,,
18684000,4671,1.75,,2.2015161514282227,,,,1.75,,,,,,,,,
18688000,4672,2.0,,2.296133041381836,,,,2.0,,,,,,,,,
18692000,4673,2.125,,2.4044270515441895,,,,2.125,,,,,,,,,
18696000,4674,1.875,,2.451380491256714,,,,1.875,,,,,,,,,
18700000,4675,0.875,,2.434825897216797,,,,0.875,,,,,,,,,
18704000,4676,0.5,,2.2938647270202637,,,,0.5,,,,,,,,,
18708000,4677,0.625,,2.4185380935668945,,,,0.625,,,,,,,,,
18712000,4678,0.375,,2.5122485160827637,,,,0.375,,,,,,,,,
18716000,4679,0.375,,2.2824463844299316,,,,0.375,,,,,,,,,
18720000,4680,0.75,,2.3090620040893555,,,,0.75,,,,,,,,,
18724000,4681,2.375,,2.2934999465942383,,,,2.375,,,,,,,,,
18728000,4682,1.0,,2.275291919708252,,,,1.0,,,,,,,,,
18732000,4683,0.875,,2.3201258182525635,,,,0.875,,,,,,,,,
18736000,4684,0.625,,2.1819214820861816,,,,0.625,,,,,,,,,
18740000,4685,0.25,,2.3105685710906982,,,,0.25,,,,,,,,,
18744000,4686,0.125,,2.409961223602295,,,,0.125,,,,,,,,,
18748000,4687,0.0,,2.419332265853882,,,,0.0,,,,,,,,,
18752000,4688,0.125,,2.4290430545806885,,,,0.125,,,,,,,,,
18756000,4689,1.625,,2.3340377807617188,,,,1.625,,,,,,,,,
18760000,4690,1.25,,2.1549923419952393,,,,1.25,,,,,,,,,
18764000,4691,0.625,,2.227421998977661,,,,0.625,,,,,,,,,
18768000,4692,0.375,,2.2369751930236816,,,,0.375,,,,,,,,,
18772000,4693,0.25,,2.036172389984131,,,,0.25,,,,,,,,,
18776000,4694,0.375,,2.2212839126586914,,,,0.375,,,,,,,,,
18780000,4695,0.25,,2.2391958236694336,,,,0.25,,,,,,,,,
18784000,4696,0.75,,2.105522632598877,,,,0.75,,,,,,,,,
18788000,4697,1.875,,2.215569019317627,,,,1.875,,,,,,,,,
18792000,4698,1.5,,2.2755231857299805,,,,1.5,,,,,,,,,
18796000,4699,0.75,,2.220541477203369,,,,0.75,,,,,,,,,
18800000,4700,1.125,,2.09901762008667,,,,1.125,,,,,,,,,
18804000,4701,0.25,,2.011489152908325,,,,0.25,,,,,,,,,
18808000,4702,1.25,,2.1062800884246826,,,,1.25,,,,,,,,,
18812000,4703,1.875,,2.0545644760131836,,,,1.875,,,,,,,,,
18816000,4704,1.375,,2.079249143600464,,,,1.375,,,,,,,,,
18820000,4705,1.875,,2.0187735557556152,,,,1.875,,,,,,,,,
18824000,4706,2.375,,2.2735862731933594,,,,2.375,,,,,,,,,
18828000,4707,2.25,,2.041226863861084,,,,2.25,,,,,,,,,
18832000,4708,0.75,,2.1091012954711914,,,,0.75,,,,,,,,,
18836000,4709,1.25,,2.1666970252990723,,,,1.25,,,,,,,,,
18840000,4710,0.125,,2.0825753211975098,,,,0.125,,,,,,,,,
18844000,4711,0.625,,2.2606074810028076,,,,0.625,,,,,,,,,
18848000,4712,0.625,,2.2672414779663086,,,,0.625,,,,,,,,,
18852000,4713,0.375,,2.244340658187866,,,,0.375,,,,,,,,,
18856000,4714,0.5,,2.2388062477111816,,,,0.5,,,,,,,,,
18860000,4715,0.75,,1.9360278844833374,,,,0.75,,,,,,,,,
18864000,4716,1.25,,1.8910818099975586,,,,1.25,,,,,,,,,
18868000,4717,1.875,,2.0077245235443115,,,,1.875,,,,,,,,,
18872000,4718,1.0,,1.982992172241211,,,,1.0,,,,,,,,,
18876000,4719,1.375,,1.943356990814209,,,,1.375,,,,,,,,,
18880000,4720,0.75,,1.9139937162399292,,,,0.75,,,,,,,,,
18884000,4721,0.625,,2.064732551574707,,,,0.625,,,,,,,,,
18888000,4722,0.625,,1.9290997982025146,,,,0.625,,,,,,,,,
18892000,4723,0.0,,1.8692291975021362,,,,0.0,,,,,,,,,
18896000,4724,1.375,,1.9078736305236816,,,,1.375,,,,,,,,,
18900000,4725,2.0,,1.9064041376113892,,,,2.0,,,,,,,,,
18904000,4726,1.0,,1.9428651332855225,,,,1.0,,,,,,,,,
18908000,4727,1.25,,2.170405149459839,,,,1.25,,,,,,,,,
18912000,4728,0.5,,2.098109006881714,,,,0.5,,,,,,,,,
18916000,4729,0.375,,2.0411787033081055,,,,0.375,,,,,,,,,
18920000,4730,0.5,,2.0601487159729004,,,,0.5,,,,,,,,,
18924000,4731,0.375,,1.8686410188674927,,,,0.375,,,,,,,,,
18928000,4732,0.75,,1.876791000366211,,,,0.75,,,,,,,,,
18932000,4733,0.625,,1.9270985126495361,,,,0.625,,,,,,,,,
18936000,4734,0.25,,1.792939305305481,,,,0.25,,,,,,,,,
18940000,4735,2.125,,1.735429286956787,,,,2.125,,,,,,,,,
18944000,4736,1.125,,1.9620161056518555,,,,1.125,,,,,,,,,
18948000,4737,1.0,,1.9039920568466187,,,,1.0,,,,,,,,,
18952000,4738,0.875,,2.036281108856201,,,,0.875,,,,,,,,,
18956000,4739,0.875,,1.944547414779663,,,,0.875,,,,,,,,,
18960000,4740,0.25,,1.880675196647644,,,,0.25,,,,,,,,,
18964000,4741,0.0,,1.9966411590576172,,,,0.0,,,,,,,,,
18968000,4742,0.0,,1.9324486255645752,,,,0.0,,,,,,,,,
18972000,4743,0.0,,2.0337491035461426,,,,0.0,,,,,,,,,
18976000,4744,0.375,,1.9614697694778442,,,,0.375,,,,,,,,,
18980000,4745,0.125,,1.9711387157440186,,,,0.125,,,,,,,,,
18984000,4746,0.5,,2.0800650119781494,,,,0.5,,,,,,,,,
18988000,4747,0.625,,2.037580728530884,,,,0.625,,,,,,,,,
18992000,4748,0.125,,1.9479329586029053,,,,0.125,,,,,,,,,
18996000,4749,0.0,,2.0158309936523438,,,,0.0,,,,,,,,,
19000000,4750,0.0,,2.0250158309936523,,,,0.0,,,,,,,,,
19004000,4751,0.125,,1.847148060798645,,,,0.125,,,,,,,,,
19008000,4752,0.5,,1.9147948026657104,,,,0.5,,,,,,,,,
19012000,4753,0.5,,1.8555715084075928,,,,0.5,,,,,,,,,
19016000,4754,1.125,,1.8380310535430908,,,,1.125,,,,,,,,,
19020000,4755,0.75,,1.6323800086975098,,,,0.75,,,,,,,,,
19024000,4756,1.0,,1.6093523502349854,,,,1.0,,,,,,,,,
19028000,4757,0.75,,1.7190256118774414,,,,0.75,,,,,,,,,
19032000,4758,1.25,,1.4688382148742676,,,,1.25,,,,,,,,,
19036000,4759,1.125,,1.7325621843338013,,,,1.125,,,,,,,,,
19040000,4760,0.5,,1.7390155792236328,,,,0.5,,,,,,,,,
19044000,4761,1.125,,1.6274820566177368,,,,1.125,,,,,,,,,
19048000,4762,0.0,,1.5318766832351685,,,,0.0,,,,,,,,,
19052000,4763,1.75,,1.4338477849960327,,,,1.75,,,,,,,,,
19056000,4764,0.25,,1.602691888809204,,,,0.25,,,,,,,,,
19060000,4765,0.75,,1.4194213151931763,,,,0.75,,,,,,,,,
19064000,4766,1.0,,1.6595618724822998,,,,1.0,,,,,,,,,
19068000,4767,1.0,,1.5339343547821045,,,,1.0,,,,,,,,,
19072000,4768,0.375,,1.7170952558517456,,,,0.375,,,,,,,,,
19076000,4769,0.5,,1.5965933799743652,,,,0.5,,,,,,,,,
19080000,4770,0.125,,1.6740120649337769,,,,0.125,,,,,,,,,
19084000,4771,0.375,,1.7807717323303223,,,,0.375,,,,,,,,,
19088000,4772,0.25,,1.4779844284057617,,,,0.25,,,,,,,,,
19092000,4773,0.0,,1.4776310920715332,,,,0.0,,,,,,,,,
19096000,4774,0.625,,1.3828425407409668,,,,0.625,,,,,,,,,
19100000,4775,1.625,,1.5345375537872314,,,,1.625,,,,,,,,,
19104000,4776,1.0,,1.495024561882019,,,,1.0,,,,,,,,,
19108000,4777,1.125,,1.5511693954467773,,,,1.125,,,,,,,,,
19112000,4778,1.875,,1.2869267463684082,,,,1.875,,,,,,,,,
19116000,4779,0.75,,1.4003757238388062,,,,0.75,,,,,,,,,
19120000,4780,1.125,,1.305964469909668,,,,1.125,,,,,,,,,
19124000,4781,0.75,,1.321226954460144,,,,0.75,,,,,,,,,
19128000,4782,0.875,,1.30644690990448,,,,0.875,,,,,,,,,
19132000,4783,1.875,,1.2880620956420898,,,,1.875,,,,,,,,,
19136000,4784,1.5,,1.4275784492492676,,,,1.5,,,,,,,,,
19140000,4785,1.5,,1.1761910915374756,,,,1.5,,,,,,,,,
19144000,4786,0.875,,1.1805461645126343,,,,0.875,,,,,,,,,
19148000,4787,2.25,,1.2138566970825195,,,,2.25,,,,,,,,,
19152000,4788,1.25,,1.1522318124771118,,,,1.25,,,,,,,,,
19156000,4789,2.625,,1.3134770393371582,,,,2.625,,,,,,,,,
19160000,4790,1.0,,1.3505849838256836,,,,1.0,,,,,,,,,
19164000,4791,1.375,,1.1508877277374268,,,,1.375,,,,,,,,,
19168000,4792,1.5,,1.4193072319030762,,,,1.5,,,,,,,,,
19172000,4793,1.375,,1.4373571872711182,,,,1.375,,,,,,,,,
19176000,4794,1.125,,1.211085557937622,,,,1.125,,,,,,,,,
19180000,4795,0.875,,1.3767801523208618,,,,0.875,,,,,,,,,
19184000,4796,1.25,,1.3350598812103271,,,,1.25,,,,,,,,,
19188000,4797,1.375,,1.2968828678131104,,,,1.375,,,,,,,,,
19192000,4798,1.5,,1.4468600749969482,,,,1.5,,,,,,,,,
19196000,4799,0.5,,1.2972966432571411,,,,0.5,,,,,,,,,
19200000,4800,1.75,,1.3018581867218018,,,,1.75,,,,,,,,,
19204000,4801,0.75,,1.3286010026931763,,,,0.75,,,,,,,,,
19208000,4802,3.0,,1.2731410264968872,,,,3.0,,,,,,,,,
19212000,4803,2.125,,1.2854208946228027,,,,2.125,,,,,,,,,
19216000,4804,2.0,,1.327926754951477,,,,2.0,,,,,,,,,
19220000,4805,2.0,,1.252790927886963,,,,2.0,,,,,,,,,
19224000,4806,2.375,,1.1720280647277832,,,,2.375,,,,,,,,,
19228000,4807,2.75,,1.3431977033615112,,,,2.75,,,,,,,,,
19232000,4808,2.5,,1.206916332244873,,,,2.5,,,,,,,,,
19236000,4809,2.5,,1.3742103576660156,,,,2.5,,,,,,,,,
19240000,4810,2.5,,1.3723539113998413,,,,2.5,,,,,,,,,
19244000,4811,3.125,,1.4411591291427612,,,,3.125,,,,,,,,,
19248000,4812,0.125,,1.553933024406433,,,,0.125,,,,,,,,,
19252000,4813,2.375,,1.343599557876587,,,,2.375,,,,,,,,,
19256000,4814,0.375,,1.4616594314575195,,,,0.375,,,,,,,,,
19260000,4815,1.75,,1.5433034896850586,,,,1.75,,,,,,,,,
19264000,4816,1.0,,1.4488227367401123,,,,1.0,,,,,,,,,
19268000,4817,2.125,,1.3429698944091797,,,,2.125,,,,,,,,,
19272000,4818,0.875,,1.6166210174560547,,,,0.875,,,,,,,,,
19276000,4819,1.375,,1.4036736488342285,,,,1.375,,,,,,,,,
19280000,4820,0.375,,1.482896089553833,,,,0.375,,,,,,,,,
19284000,4821,1.875,,1.5401997566223145,,,,1.875,,,,,,,,,
19288000,4822,1.375,,1.5209991931915283,,,,1.375,,,,,,,,,
19292000,4823,2.125,,1.4674909114837646,,,,2.125,,,,,,,,,
19296000,4824,1.625,,1.5121378898620605,,,,1.625,,,,,,,,,
19300000,4825,2.125,,1.670702338218689,,,,2.125,,,,,,,,,
19304000,4826,2.0,,1.5549790859222412,,,,2.0,,,,,,,,,
19308000,4827,1.75,,1.4746155738830566,,,,1.75,,,,,,,,,
19312000,4828,1.125,,1.3396155834197998,,,,1.125,,,,,,,,,
19316000,4829,2.375,,1.5781813859939575,,,,2.375,,,,,,,,,
19320000,4830,2.625,,1.3804824352264404,,,,2.625,,,,,,,,,
19324000,4831,2.0,,1.6300179958343506,,,,2.0,,,,,,,,,
19328000,4832,1.75,,1.3081200122833252,,,,1.75,,,,,,,,,
19332000,4833,3.25,,1.5093995332717896,,,,3.25,,,,,,,,,
19336000,4834,2.875,,1.4862629175186157,,,,2.875,,,,,,,,,
19340000,4835,2.5,,1.5217550992965698,,,,2.5,,,,,,,,,
19344000,4836,2.625,,1.6368002891540527,,,,2.625,,,,,,,,,
19348000,4837,3.375,,1.6979697942733765,,,,3.375,,,,,,,,,
19352000,4838,3.0,,1.6781365871429443,,,,3.0,,,,,,,,,
19356000,4839,1.875,,1.4998805522918701,,,,1.875,,,,,,,,,
19360000,4840,2.5,,1.6847724914550781,,,,2.5,,,,,,,,,
19364000,4841,2.0,,1.7426173686981201,,,,2.0,,,,,,,,,
19368000,4842,1.0,,1.6492165327072144,,,,1.0,,,,,,,,,
19372000,4843,1.625,,1.927252173423767,,,,1.625,,,,,,,,,
19376000,4844,1.75,,1.8046772480010986,,,,1.75,,,,,,,,,
19380000,4845,2.5,,1.871187448501587,,,,2.5,,,,,,,,,
19384000,4846,2.125,,1.73708176612854,,,,2.125,,,,,,,,,
19388000,4847,2.0,,1.8799233436584473,,,,2.0,,,,,,,,,
19392000,4848,2.625,,2.0548176765441895,,,,2.625,,,,,,,,,
19396000,4849,2.5,,1.7990645170211792,,,,2.5,,,,,,,,,
19400000,4850,1.875,,1.7273223400115967,,,,1.875,,,,,,,,,
19404000,4851,1.5,,1.7633209228515625,,,,1.5,,,,,,,,,
19408000,4852,0.625,,1.9299895763397217,,,,0.625,,,,,,,,,
19412000,4853,1.875,,1.9010286331176758,,,,1.875,,,,,,,,,
19416000,4854,1.5,,1.6490299701690674,,,,1.5,,,,,,,,,
19420000,4855,0.875,,1.7217918634414673,,,,0.875,,,,,,,,,
19424000,4856,2.25,,1.6552516222000122,,,,2.25,,,,,,,,,
19428000,4857,2.75,,1.780676007270813,,,,2.75,,,,,,,,,
19432000,4858,1.5,,1.8032310009002686,,,,1.5,,,,,,,,,
19436000,4859,2.875,,1.9121568202972412,,,,2.875,,,,,,,,,
19440000,4860,2.75,,2.0920567512512207,,,,2.75,,,,,,,,,
19444000,4861,2.375,,1.7716751098632812,,,,2.375,,,,,,,,,
19448000,4862,2.375,,1.7727594375610352,,,,2.375,,,,,,,,,
19452000,4863,2.25,,2.1308810710906982,,,,2.25,,,,,,,,,
19456000,4864,2.25,,2.0952110290527344,,,,2.25,,,,,,,,,
19460000,4865,2.625,,1.8063831329345703,,,,2.625,,,,,,,,,
19464000,4866,1.125,,1.925695776939392,,,,1.125,,,,,,,,,
19468000,4867,2.625,,1.7645337581634521,,,,2.625,,,,,,,,,
19472000,4868,2.375,,1.9502449035644531,,,,2.375,,,,,,,,,
19476000,4869,2.75,,1.9510010480880737,,,,2.75,,,,,,,,,
19480000,4870,2.625,,2.1828112602233887,,,,2.625,,,,,,,,,
19484000,4871,2.5,,2.0165762901306152,,,,2.5,,,,,,,,,
19488000,4872,1.5,,2.2002503871917725,,,,1.5,,,,,,,,,
19492000,4873,1.875,,2.1665053367614746,,,,1.875,,,,,,,,,
19496000,4874,2.25,,2.189845085144043,,,,2.25,,,,,,,,,
19500000,4875,0.125,,2.17379093170166,,,,0.125,,,,,,,,,
19504000,4876,0.25,,2.226945400238037,,,,0.25,,,,,,,,,
19508000,4877,1.125,,2.2121031284332275,,,,1.125,,,,,,,,,
19512000,4878,1.875,,2.2465708255767822,,,,1.875,,,,,,,,,
19516000,4879,1.0,,2.310605764389038,,,,1.0,,,,,,,,,
19520000,4880,0.875,,2.24239182472229,,,,0.875,,,,,,,,,
19524000,4881,2.625,,2.3289542198181152,,,,2.625,,,,,,,,,
19528000,4882,0.75,,2.034327983856201,,,,0.75,,,,,,,,,
19532000,4883,0.625,,2.2035951614379883,,,,0.625,,,,,,,,,
19536000,4884,1.875,,2.177647590637207,,,,1.875,,,,,,,,,
19540000,4885,3.25,,2.267287492752075,,,,3.25,,,,,,,,,
19544000,4886,2.875,,2.2546255588531494,,,,2.875,,,,,,,,,
19548000,4887,1.375,,2.283811092376709,,,,1.375,,,,,,,,,
19552000,4888,2.0,,2.000424861907959,,,,2.0,,,,,,,,,
19556000,4889,0.875,,2.283294677734375,,,,0.875,,,,,,,,,
19560000,4890,2.5,,2.3979625701904297,,,,2.5,,,,,,,,,
19564000,4891,0.25,,2.0926334857940674,,,,0.25,,,,,,,,,
19568000,4892,2.375,,2.078814744949341,,,,2.375,,,,,,,,,
19572000,4893,0.75,,2.2210030555725098,,,,0.75,,,,,,,,,
19576000,4894,2.375,,2.2627756595611572,,,,2.375,,,,,,,,,
19580000,4895,3.375,,2.2079384326934814,,,,3.375,,,,,,,,,
19584000,4896,2.875,,2.1577916145324707,,,,2.875,,,,,,,,,
19588000,4897,3.0,,2.2089507579803467,,,,3.0,,,,,,,,,
19592000,4898,3.375,,2.4038710594177246,,,,3.375,,,,,,,,,
19596000,4899,2.625,,2.329908847808838,,,,2.625,,,,,,,,,
19600000,4900,2.625,,2.3765082359313965,,,,2.625,,,,,,,,,
19604000,4901,1.875,,2.470892906188965,,,,1.875,,,,,,,,,
19608000,4902,2.5,,2.4239463806152344,,,,2.5,,,,,,,,,
19612000,4903,2.25,,2.5080490112304688,,,,2.25,,,,,,,,,
19616000,4904,2.25,,2.322237491607666,,,,2.25,,,,,,,,,
19620000,4905,2.5,,2.375446319580078,,,,2.5,,,,,,,,,
19624000,4906,3.125,,2.438610076904297,,,,3.125,,,,,,,,,
19628000,4907,2.5,,2.3798394203186035,,,,2.5,,,,,,,,,
19632000,4908,2.0,,2.6262784004211426,,,,2.0,,,,,,,,,
19636000,4909,2.375,,2.480220317840576,,,,2.375,,,,,,,,,
19640000,4910,0.5,,2.7190942764282227,,,,0.5,,,,,,,,,
19644000,4911,0.5,,2.5703938007354736,,,,0.5,,,,,,,,,
19648000,4912,0.625,,2.319540500640869,,,,0.625,,,,,,,,,
19652000,4913,2.375,,2.5046918392181396,,,,2.375,,,,,,,,,
19656000,4914,2.375,,2.4417858123779297,,,,2.375,,,,,,,,,
19660000,4915,2.5,,2.4954214096069336,,,,2.5,,,,,,,,,
19664000,4916,0.75,,2.459920883178711,,,,0.75,,,,,,,,,
19668000,4917,1.375,,2.515460252761841,,,,1.375,,,,,,,,,
19672000,4918,1.25,,2.6082286834716797,,,,1.25,,,,,,,,,
19676000,4919,0.75,,2.469216823577881,,,,0.75,,,,,,,,,
19680000,4920,1.625,,2.535885810852051,,,,1.625,,,,,,,,,
19684000,4921,3.375,,2.634817600250244,,,,3.375,,,,,,,,,
19688000,4922,3.25,,2.444859027862549,,,,3.25,,,,,,,,,
19692000,4923,2.875,,2.628650665283203,,,,2.875,,,,,,,,,
19696000,4924,2.625,,2.423292636871338,,,,2.625,,,,,,,,,
19700000,4925,2.0,,2.553617000579834,,,,2.0,,,,,,,,,
19704000,4926,1.0,,2.5081019401550293,,,,1.0,,,,,,,,,
19708000,4927,0.5,,2.560460329055786,,,,0.5,,,,,,,,,
19712000,4928,0.625,,2.590601921081543,,,,0.625,,,,,,,,,
19716000,4929,0.25,,2.7903504371643066,,,,0.25,,,,,,,,,
19720000,4930,2.125,,2.461174964904785,,,,2.125,,,,,,,,,
19724000,4931,1.375,,2.3893344402313232,,,,1.375,,,,,,,,,
19728000,4932,1.0,,2.6358535289764404,,,,1.0,,,,,,,,,
19732000,4933,1.125,,2.623267650604248,,,,1.125,,,,,,,,,
19736000,4934,0.625,,2.4261555671691895,,,,0.625,,,,,,,,,
19740000,4935,1.0,,2.4334239959716797,,,,1.0,,,,,,,,,
19744000,4936,1.0,,2.4073705673217773,,,,1.0,,,,,,,,,
19748000,4937,2.125,,2.4588892459869385,,,,2.125,,,,,,,,,
19752000,4938,1.875,,2.278148889541626,,,,1.875,,,,,,,,,
19756000,4939,3.375,,2.4307217597961426,,,,3.375,,,,,,,,,
19760000,4940,2.75,,2.462939739227295,,,,2.75,,,,,,,,,
19764000,4941,2.875,,2.4761500358581543,,,,2.875,,,,,,,,,
19768000,4942,1.0,,2.524270534515381,,,,1.0,,,,,,,,,
19772000,4943,1.875,,2.421198606491089,,,,1.875,,,,,,,,,
19776000,4944,1.375,,2.5144524574279785,,,,1.375,,,,,,,,,
19780000,4945,0.5,,2.342879056930542,,,,0.5,,,,,,,,,
19784000,4946,1.375,,2.447868585586548,,,,1.375,,,,,,,,,
19788000,4947,2.625,,2.3230295181274414,,,,2.625,,,,,,,,,
19792000,4948,3.875,,2.31231689453125,,,,3.875,,,,,,,,,
19796000,4949,2.75,,2.6062183380126953,,,,2.75,,,,,,,,,
19800000,4950,3.0,,2.5331859588623047,,,,3.0,,,,,,,,,
19804000,4951,3.125,,2.6496214866638184,,,,3.125,,,,,,,,,
19808000,4952,1.875,,2.477172374725342,,,,1.875,,,,,,,,,
19812000,4953,1.125,,2.36448335647583,,,,1.125,,,,,,,,,
19816000,4954,1.25,,2.5977609157562256,,,,1.25,,,,,,,,,
19820000,4955,0.625,,2.436213731765747,,,,0.625,,,,,,,,,
19824000,4956,3.625,,2.48358154296875,,,,3.625,,,,,,,,,
19828000,4957,1.875,,2.3419933319091797,,,,1.875,,,,,,,,,
19832000,4958,3.625,,2.524372100830078,,,,3.625,,,,,,,,,
19836000,4959,3.625,,2.447366237640381,,,,3.625,,,,,,,,,
19840000,4960,2.75,,2.431014060974121,,,,2.75,,,,,,,,,
19844000,4961,2.875,,2.638582706451416,,,,2.875,,,,,,,,,
19848000,4962,1.75,,2.4555318355560303,,,,1.75,,,,,,,,,
19852000,4963,1.25,,2.458861827850342,,,,1.25,,,,,,,,,
19856000,4964,1.375,,2.497805595397949,,,,1.375,,,,,,,,,
19860000,4965,1.75,,2.548090696334839,,,,1.75,,,,,,,,,
19864000,4966,2.0,,2.4708776473999023,,,,2.0,,,,,,,,,
19868000,4967,2.125,,2.690629005432129,,,,2.125,,,,,,,,,
19872000,4968,2.0,,2.3435773849487305,,,,2.0,,,,,,,,,
19876000,4969,1.5,,2.5972323417663574,,,,1.5,,,,,,,,,
19880000,4970,0.75,,2.4949984550476074,,,,0.75,,,,,,,,,
19884000,4971,0.375,,2.4177050590515137,,,,0.375,,,,,,,,,
19888000,4972,0.25,,2.441176176071167,,,,0.25,,,,,,,,,
19892000,4973,1.375,,2.5346856117248535,,,,1.375,,,,,,,,,
19896000,4974,1.625,,2.5132369995117188,,,,1.625,,,,,,,,,
19900000,4975,1.0,,2.3694052696228027,,,,1.0,,,,,,,,,
19904000,4976,2.5,,2.389472484588623,,,,2.5,,,,,,,,,
19908000,4977,1.125,,2.4376585483551025,,,,1.125,,,,,,,,,
19912000,4978,3.125,,2.405482292175293,,,,3.125,,,,,,,,,
19916000,4979,2.25,,2.4816572666168213,,,,2.25,,,,,,,,,
19920000,4980,1.875,,2.4451260566711426,,,,1.875,,,,,,,,,
19924000,4981,1.875,,2.397645950317383,,,,1.875,,,,,,,,,
19928000,4982,2.25,,2.278939723968506,,,,2.25,,,,,,,,,
19932000,4983,0.75,,2.2582411766052246,,,,0.75,,,,,,,,,
19936000,4984,2.0,,2.3212947845458984,,,,2.0,,,,,,,,,
19940000,4985,3.875,,2.3435940742492676,,,,3.875,,,,,,,,,
19944000,4986,1.625,,2.3302674293518066,,,,1.625,,,,,,,,,
19948000,4987,3.625,,2.4105687141418457,,,,3.625,,,,,,,,,
19952000,4988,2.125,,2.3416976928710938,,,,2.125,,,,,,,,,
19956000,4989,3.0,,2.436222553253174,,,,3.0,,,,,,,,,
19960000,4990,1.125,,2.4055025577545166,,,,1.125,,,,,,,,,
19964000,4991,2.5,,2.3711748123168945,,,,2.5,,,,,,,,,
19968000,4992,1.0,,2.3238606452941895,,,,1.0,,,,,,,,,
19972000,4993,2.375,,2.3626537322998047,,,,2.375,,,,,,,,,
19976000,4994,2.25,,2.288771152496338,,,,2.25,,,,,,,,,
19980000,4995,2.375,,2.1014699935913086,,,,2.375,,,,,,,,,
19984000,4996,2.875,,2.4339547157287598,,,,2.875,,,,,,,,,
19988000,4997,2.625,,2.462552309036255,,,,2.625,,,,,,,,,
19992000,4998,3.0,,2.472919464111328,,,,3.0,,,,,,,,,
19996000,4999,1.875,,2.4494991302490234,,,,1.875,,,,,,,,,
20000000,5000,3.625,,2.379194736480713,,,,3.625,,,,,,,,,
20004000,5001,2.75,,2.502596378326416,,,,2.75,,,,,,,,,
20008000,5002,3.25,,2.520296573638916,,,,3.25,,,,,,,,,
20012000,5003,2.5,,2.476074695587158,,,,2.5,,,,,,,,,
20016000,5004,1.875,,2.5261147022247314,,,,1.875,,,,,,,,,
20020000,5005,1.25,,2.4568138122558594,,,,1.25,,,,,,,,,
20024000,5006,2.0,,2.3774685859680176,,,,2.0,,,,,,,,,
20028000,5007,0.875,,2.450535535812378,,,,0.875,,,,,,,,,
20032000,5008,1.375,,2.4053726196289062,,,,1.375,,,,,,,,,
20036000,5009,2.375,,2.5046844482421875,,,,2.375,,,,,,,,,
20040000,5010,2.375,,2.311594009399414,,,,2.375,,,,,,,,,
20044000,5011,1.375,,2.465640068054199,,,,1.375,,,,,,,,,
20048000,5012,2.875,,2.42557954788208,,,,2.875,,,,,,,,,
20052000,5013,3.375,,2.556039571762085,,,,3.375,,,,,,,,,
20056000,5014,2.5,,2.5555899143218994,,,,2.5,,,,,,,,,
20060000,5015,0.875,,2.405123472213745,,,,0.875,,,,,,,,,
20064000,5016,2.375,,2.5261101722717285,,,,2.375,,,,,,,,,
20068000,5017,2.875,,2.4666976928710938,,,,2.875,,,,,,,,,
20072000,5018,2.375,,2.2981300354003906,,,,2.375,,,,,,,,,
20076000,5019,3.25,,2.4033515453338623,,,,3.25,,,,,,,,,
20080000,5020,3.375,,2.727525472640991,,,,3.375,,,,,,,,,
20084000,5021,3.5,,2.4750733375549316,,,,3.5,,,,,,,,,
20088000,5022,2.25,,2.4627113342285156,,,,2.25,,,,,,,,,
20092000,5023,2.375,,2.6580138206481934,,,,2.375,,,,,,,,,
20096000,5024,2.875,,2.6504874229431152,,,,2.875,,,,,,,,,
20100000,5025,2.875,,2.664034128189087,,,,2.875,,,,,,,,,
20104000,5026,1.875,,2.595104455947876,,,,1.875,,,,,,,,,
20108000,5027,3.25,,2.534412145614624,,,,3.25,,,,,,,,,
20112000,5028,1.875,,2.5964157581329346,,,,1.875,,,,,,,,,
20116000,5029,3.5,,2.6556591987609863,,,,3.5,,,,,,,,,
20120000,5030,1.75,,2.5547986030578613,,,,1.75,,,,,,,,,
20124000,5031,3.375,,2.6584815979003906,,,,3.375,,,,,,,,,
20128000,5032,2.875,,2.6738319396972656,,,,2.875,,,,,,,,,
20132000,5033,2.25,,2.3299801349639893,,,,2.25,,,,,,,,,
20136000,5034,1.25,,2.470083713531494,,,,1.25,,,,,,,,,
20140000,5035,3.25,,2.600170850753784,,,,3.25,,,,,,,,,
20144000,5036,2.0,,2.470759630203247,,,,2.0,,,,,,,,,
20148000,5037,2.625,,2.7564966678619385,,,,2.625,,,,,,,,,
20152000,5038,2.5,,2.4859135150909424,,,,2.5,,,,,,,,,
20156000,5039,2.875,,2.5295774936676025,,,,2.875,,,,,,,,,
20160000,5040,2.625,,2.5036330223083496,,,,2.625,,,,,,,,,
20164000,5041,2.25,,2.6639599800109863,,,,2.25,,,,,,,,,
20168000,5042,2.25,,2.4667134284973145,,,,2.25,,,,,,,,,
20172000,5043,1.75,,2.5179080963134766,,,,1.75,,,,,,,,,
20176000,5044,2.875,,2.706693172454834,,,,2.875,,,,,,,,,
20180000,5045,1.0,,2.63433837890625,,,,1.0,,,,,,,,,
20184000,5046,2.125,,2.60506534576416,,,,2.125,,,,,,,,,
20188000,5047,2.75,,2.4631028175354004,,,,2.75,,,,,,,,,
20192000,5048,1.75,,2.629610300064087,,,,1.75,,,,,,,,,
20196000,5049,2.5,,2.645476818084717,,,,2.5,,,,,,,,,
20200000,5050,2.125,,2.5774543285369873,,,,2.125,,,,,,,,,
20204000,5051,3.0,,2.466465950012207,,,,3.0,,,,,,,,,
20208000,5052,2.0,,2.495898485183716,,,,2.0,,,,,,,,,
20212000,5053,1.75,,2.672497034072876,,,,1.75,,,,,,,,,
20216000,5054,3.125,,2.6037118434906006,,,,3.125,,,,,,,,,
20220000,5055,2.625,,2.5873870849609375,,,,2.625,,,,,,,,,
20224000,5056,3.0,,2.7859280109405518,,,,3.0,,,,,,,,,
20228000,5057,2.75,,2.7220499515533447,,,,2.75,,,,,,,,,
20232000,5058,3.375,,2.610898971557617,,,,3.375,,,,,,,,,
20236000,5059,3.125,,2.7672245502471924,,,,3.125,,,,,,,,,
20240000,5060,3.125,,2.7556283473968506,,,,3.125,,,,,,,,,
20244000,5061,2.25,,2.735894203186035,,,,2.25,,,,,,,,,
20248000,5062,1.25,,2.6412734985351562,,,,1.25,,,,,,,,,
20252000,5063,1.75,,2.6933369636535645,,,,1.75,,,,,,,,,
20256000,5064,2.875,,2.648813247680664,,,,2.875,,,,,,,,,
20260000,5065,3.375,,2.611891746520996,,,,3.375,,,,,,,,,
20264000,5066,3.0,,2.7091128826141357,,,,3.0,,,,,,,,,
20268000,5067,2.125,,2.672255039215088,,,,2.125,,,,,,,,,
20272000,5068,3.0,,2.7280709743499756,,,,3.0,,,,,,,,,
20276000,5069,2.25,,2.6374199390411377,,,,2.25,,,,,,,,,
20280000,5070,2.5,,2.8084628582000732,,,,2.5,,,,,,,,,
20284000,5071,2.875,,2.733893394470215,,,,2.875,,,,,,,,,
20288000,5072,2.375,,2.6316781044006348,,,,2.375,,,,,,,,,
20292000,5073,2.75,,2.7527618408203125,,,,2.75,,,,,,,,,
20296000,5074,4.0,,2.545011281967163,,,,4.0,,,,,,,,,
20300000,5075,3.5,,2.8787918090820312,,,,3.5,,,,,,,,,
20304000,5076,3.75,,2.7006094455718994,,,,3.75,,,,,,,,,
20308000,5077,3.0,,2.77585506439209,,,,3.0,,,,,,,,,
20312000,5078,3.25,,2.729308843612671,,,,3.25,,,,,,,,,
20316000,5079,2.75,,2.7055745124816895,,,,2.75,,,,,,,,,
20320000,5080,4.0,,2.834932804107666,,,,4.0,,,,,,,,,
20324000,5081,3.375,,2.7633213996887207,,,,3.375,,,,,,,,,
20328000,5082,2.75,,2.8719239234924316,,,,2.75,,,,,,,,,
20332000,5083,3.5,,2.6528663635253906,,,,3.5,,,,,,,,,
20336000,5084,3.125,,2.8792693614959717,,,,3.125,,,,,,,,,
20340000,5085,2.875,,2.845081090927124,,,,2.875,,,,,,,,,
20344000,5086,3.5,,3.0557985305786133,,,,3.5,,,,,,,,,
20348000,5087,2.75,,2.7996926307678223,,,,2.75,,,,,,,,,
20352000,5088,3.375,,2.809412956237793,,,,3.375,,,,,,,,,
20356000,5089,3.0,,2.870069980621338,,,,3.0,,,,,,,,,
20360000,5090,3.625,,2.887648105621338,,,,3.625,,,,,,,,,
20364000,5091,4.125,,2.787565231323242,,,,4.125,,,,,,,,,
20368000,5092,2.75,,3.0266194343566895,,,,2.75,,,,,,,,,
20372000,5093,3.375,,2.736593723297119,,,,3.375,,,,,,,,,
20376000,5094,3.75,,2.963162422180176,,,,3.75,,,,,,,,,
20380000,5095,3.625,,3.1153488159179688,,,,3.625,,,,,,,,,
20384000,5096,2.875,,2.983713150024414,,,,2.875,,,,,,,,,
20388000,5097,3.625,,2.921900749206543,,,,3.625,,,,,,,,,
20392000,5098,3.0,,2.933924913406372,,,,3.0,,,,,,,,,
20396000,5099,4.0,,2.901285171508789,,,,4.0,,,,,,,,,
20400000,5100,3.625,,2.8668575286865234,,,,3.625,,,,,,,,,
20404000,5101,2.875,,3.0464062690734863,,,,2.875,,,,,,,,,
20408000,5102,3.625,,3.1647331714630127,,,,3.625,,,,,,,,,
20412000,5103,3.375,,3.049010753631592,,,,3.375,,,,,,,,,
20416000,5104,3.375,,3.051222085952759,,,,3.375,,,,,,,,,
20420000,5105,3.875,,3.0033774375915527,,,,3.875,,,,,,,,,
20424000,5106,2.375,,3.0063138008117676,,,,2.375,,,,,,,,,
20428000,5107,3.25,,3.0433011054992676,,,,3.25,,,,,,,,,
20432000,5108,3.75,,2.961122989654541,,,,3.75,,,,,,,,,
20436000,5109,2.75,,3.074474811553955,,,,2.75,,,,,,,,,
20440000,5110,2.875,,3.101001262664795,,,,2.875,,,,,,,,,
20444000,5111,3.75,,3.041621685028076,,,,3.75,,,,,,,,,
20448000,5112,3.875,,3.061833381652832,,,,3.875,,,,,,,,,
20452000,5113,3.125,,3.0607686042785645,,,,3.125,,,,,,,,,
20456000,5114,3.375,,3.1014418601989746,,,,3.375,,,,,,,,,
20460000,5115,3.25,,3.1372487545013428,,,,3.25,,,,,,,,,
20464000,5116,3.25,,3.0914604663848877,,,,3.25,,,,,,,,,
20468000,5117,2.75,,3.038649559020996,,,,2.75,,,,,,,,,
20472000,5118,2.125,,3.1541411876678467,,,,2.125,,,,,,,,,
20476000,5119,3.375,,3.1035842895507812,,,,3.375,,,,,,,,,
20480000,5120,3.375,,3.01733660697937,,,,3.375,,,,,,,,,
20484000,5121,2.5,,3.1497998237609863,,,,2.5,,,,,,,,,
20488000,5122,4.0,,3.073169231414795,,,,4.0,,,,,,,,,
20492000,5123,3.125,,3.254754066467285,,,,3.125,,,,,,,,,
20496000,5124,3.5,,3.160433292388916,,,,3.5,,,,,,,,,
20500000,5125,3.75,,3.091732978820801,,,,3.75,,,,,,,,,
20504000,5126,3.125,,3.227825164794922,,,,3.125,,,,,,,,,
20508000,5127,3.625,,3.1696813106536865,,,,3.625,,,,,,,,,
20512000,5128,3.5,,3.029743194580078,,,,3.5,,,,,,,,,
20516000,5129,3.0,,3.1145057678222656,,,,3.0,,,,,,,,,
20520000,5130,4.125,,3.2591137886047363,,,,4.125,,,,,,,,,
20524000,5131,3.875,,3.155966281890869,,,,3.875,,,,,,,,,
20528000,5132,4.0,,3.1664509773254395,,,,4.0,,,,,,,,,
20532000,5133,3.625,,3.154534339904785,,,,3.625,,,,,,,,,
20536000,5134,3.75,,3.368499994277954,,,,3.75,,,,,,,,,
20540000,5135,3.5,,3.2012977600097656,,,,3.5,,,,,,,,,
20544000,5136,4.0,,3.265766143798828,,,,4.0,,,,,,,,,
20548000,5137,3.875,,3.284227132797241,,,,3.875,,,,,,,,,
20552000,5138,3.125,,3.2256364822387695,,,,3.125,,,,,,,,,
20556000,5139,3.875,,3.2209978103637695,,,,3.875,,,,,,,,,
20560000,5140,3.625,,3.3600282669067383,,,,3.625,,,,,,,,,
20564000,5141,3.25,,3.453364849090576,,,,3.25,,,,,,,,,
20568000,5142,3.75,,3.127053737640381,,,,3.75,,,,,,,,,
20572000,5143,3.5,,3.23518443107605,,,,3.5,,,,,,,,,
20576000,5144,3.125,,3.257974147796631,,,,3.125,,,,,,,,,
20580000,5145,3.0,,3.313619613647461,,,,3.0,,,,,,,,,
20584000,5146,3.875,,3.1977171897888184,,,,3.875,,,,,,,,,
20588000,5147,3.25,,3.354196548461914,,,,3.25,,,,,,,,,
20592000,5148,3.125,,3.3840980529785156,,,,3.125,,,,,,,,,
20596000,5149,3.375,,3.3056182861328125,,,,3.375,,,,,,,,,
20600000,5150,3.75,,3.4356918334960938,,,,3.75,,,,,,,,,
20604000,5151,3.125,,3.356966495513916,,,,3.125,,,,,,,,,
20608000,5152,3.75,,3.364253282546997,,,,3.75,,,,,,,,,
20612000,5153,3.25,,3.2462401390075684,,,,3.25,,,,,,,,,
20616000,5154,3.875,,3.3636114597320557,,,,3.875,,,,,,,,,
20620000,5155,3.625,,3.394463062286377,,,,3.625,,,,,,,,,
20624000,5156,2.625,,3.4301273822784424,,,,2.625,,,,,,,,,
20628000,5157,3.125,,3.379556655883789,,,,3.125,,,,,,,,,
20632000,5158,3.875,,3.4261536598205566,,,,3.875,,,,,,,,,
20636000,5159,3.375,,3.353133201599121,,,,3.375,,,,,,,,,
20640000,5160,3.5,,3.398627758026123,,,,3.5,,,,,,,,,
20644000,5161,3.25,,3.285316228866577,,,,3.25,,,,,,,,,
20648000,5162,3.125,,3.507657051086426,,,,3.125,,,,,,,,,
20652000,5163,2.75,,3.34194278717041,,,,2.75,,,,,,,,,
20656000,5164,3.875,,3.3834238052368164,,,,3.875,,,,,,,,,
20660000,5165,2.375,,3.2141776084899902,,,,2.375,,,,,,,,,
20664000,5166,3.0,,3.3660972118377686,,,,3.0,,,,,,,,,
20668000,5167,3.125,,3.354053497314453,,,,3.125,,,,,,,,,
20672000,5168,3.0,,3.2390952110290527,,,,3.0,,,,,,,,,
20676000,5169,3.0,,3.412954092025757,,,,3.0,,,,,,,,,
20680000,5170,3.125,,3.4708878993988037,,,,3.125,,,,,,,,,
20684000,5171,3.75,,3.443148612976074,,,,3.75,,,,,,,,,
20688000,5172,3.5,,3.455815553665161,,,,3.5,,,,,,,,,
20692000,5173,2.75,,3.4359302520751953,,,,2.75,,,,,,,,,
20696000,5174,2.875,,3.327592372894287,,,,2.875,,,,,,,,,
20700000,5175,3.5,,3.391007423400879,,,,3.5,,,,,,,,,
20704000,5176,3.125,,3.294496536254883,,,,3.125,,,,,,,,,
20708000,5177,3.5,,3.3964807987213135,,,,3.5,,,,,,,,,
20712000,5178,3.0,,3.396707534790039,,,,3.0,,,,,,,,,
20716000,5179,3.25,,3.369842052459717,,,,3.25,,,,,,,,,
20720000,5180,2.25,,3.2701640129089355,,,,2.25,,,,,,,,,
20724000,5181,3.875,,3.4194555282592773,,,,3.875,,,,,,,,,
20728000,5182,3.25,,3.402141809463501,,,,3.25,,,,,,,,,
20732000,5183,4.125,,3.428654670715332,,,,4.125,,,,,,,,,
20736000,5184,3.75,,3.4549264907836914,,,,3.75,,,,,,,,,
20740000,5185,4.0,,3.3953769207000732,,,,4.0,,,,,,,,,
20744000,5186,2.375,,3.370842695236206,,,,2.375,,,,,,,,,
20748000,5187,3.0,,3.5496695041656494,,,,3.0,,,,,,,,,
20752000,5188,3.625,,3.4874541759490967,,,,3.625,,,,,,,,,
20756000,5189,3.375,,3.411616086959839,,,,3.375,,,,,,,,,
20760000,5190,3.125,,3.369621992111206,,,,3.125,,,,,,,,,
20764000,5191,3.625,,3.375509262084961,,,,3.625,,,,,,,,,
20768000,5192,2.25,,3.5510611534118652,,,,2.25,,,,,,,,,
20772000,5193,3.375,,3.439950704574585,,,,3.375,,,,,,,,,
20776000,5194,2.875,,3.4245636463165283,,,,2.875,,,,,,,,,
20780000,5195,2.75,,3.3776559829711914,,,,2.75,,,,,,,,,
20784000,5196,2.625,,3.429168462753296,,,,2.625,,,,,,,,,
20788000,5197,2.75,,3.577061891555786,,,,2.75,,,,,,,,,
20792000,5198,3.5,,3.3583688735961914,,,,3.5,,,,,,,,,
20796000,5199,3.375,,3.4633421897888184,,,,3.375,,,,,,,,,
20800000,5200,3.5,,3.4861767292022705,,,,3.5,,,,,,,,,
20804000,5201,3.75,,3.37740421295166,,,,3.75,,,,,,,,,
20808000,5202,3.0,,3.4424962997436523,,,,3.0,,,,,,,,,
20812000,5203,3.5,,3.3300881385803223,,,,3.5,,,,,,,,,
20816000,5204,3.25,,3.404906749725342,,,,3.25,,,,,,,,,
20820000,5205,3.375,,3.5455856323242188,,,,3.375,,,,,,,,,
20824000,5206,4.0,,3.3461527824401855,,,,4.0,,,,,,,,,
20828000,5207,2.625,,3.4450442790985107,,,,2.625,,,,,,,,,
20832000,5208,3.375,,3.4830434322357178,,,,3.375,,,,,,,,,
20836000,5209,3.625,,3.3559730052948,,,,3.625,,,,,,,,,
20840000,5210,2.875,,3.4552206993103027,,,,2.875,,,,,,,,,
20844000,5211,4.125,,3.3858752250671387,,,,4.125,,,,,,,,,
20848000,5212,2.5,,3.3613576889038086,,,,2.5,,,,,,,,,
20852000,5213,3.125,,3.397221565246582,,,,3.125,,,,,,,,,
20856000,5214,3.375,,3.300466537475586,,,,3.375,,,,,,,,,
20860000,5215,3.125,,3.541531562805176,,,,3.125,,,,,,,,,
20864000,5216,3.875,,3.460426092147827,,,,3.875,,,,,,,,,
20868000,5217,3.0,,3.3419480323791504,,,,3.0,,,,,,,,,
20872000,5218,2.75,,3.2752509117126465,,,,2.75,,,,,,,,,
20876000,5219,2.25,,3.301957130432129,,,,2.25,,,,,,,,,
20880000,5220,3.75,,3.27105712890625,,,,3.75,,,,,,,,,
20884000,5221,3.25,,3.2288460731506348,,,,3.25,,,,,,,,,
20888000,5222,3.875,,3.441345453262329,,,,3.875,,,,,,,,,
20892000,5223,3.25,,3.3105051517486572,,,,3.25,,,,,,,,,
20896000,5224,3.125,,3.309223175048828,,,,3.125,,,,,,,,,
20900000,5225,3.5,,3.5180187225341797,,,,3.5,,,,,,,,,
20904000,5226,3.875,,3.2684130668640137,,,,3.875,,,,,,,,,
20908000,5227,3.0,,3.3248937129974365,,,,3.0,,,,,,,,,
20912000,5228,3.375,,3.3899638652801514,,,,3.375,,,,,,,,,
20916000,5229,3.875,,3.3346595764160156,,,,3.875,,,,,,,,,
20920000,5230,4.25,,3.223367214202881,,,,4.25,,,,,,,,,
20924000,5231,3.375,,3.3456430435180664,,,,3.375,,,,,,,,,
20928000,5232,3.0,,3.2945146560668945,,,,3.0,,,,,,,,,
20932000,5233,3.25,,3.33455753326416,,,,3.25,,,,,,,,,
20936000,5234,3.75,,3.3416452407836914,,,,3.75,,,,,,,,,
20940000,5235,3.375,,3.3178515434265137,,,,3.375,,,,,,,,,
20944000,5236,3.125,,3.3556556701660156,,,,3.125,,,,,,,,,
20948000,5237,3.5,,3.4282162189483643,,,,3.5,,,,,,,,,
20952000,5238,3.875,,3.37593674659729,,,,3.875,,,,,,,,,
20956000,5239,4.125,,3.377166748046875,,,,4.125,,,,,,,,,
20960000,5240,3.625,,3.3239850997924805,,,,3.625,,,,,,,,,
20964000,5241,3.375,,3.3322739601135254,,,,3.375,,,,,,,,,
20968000,5242,2.75,,3.270704746246338,,,,2.75,,,,,,,,,
20972000,5243,3.25,,3.394829750061035,,,,3.25,,,,,,,,,
20976000,5244,3.375,,3.314969539642334,,,,3.375,,,,,,,,,
20980000,5245,3.375,,3.226616859436035,,,,3.375,,,,,,,,,
20984000,5246,3.25,,3.385361671447754,,,,3.25,,,,,,,,,
20988000,5247,3.75,,3.345238208770752,,,,3.75,,,,,,,,,
20992000,5248,3.625,,3.2948787212371826,,,,3.625,,,,,,,,,
20996000,5249,3.625,,3.3264496326446533,,,,3.625,,,,,,,,,
21000000,5250,3.125,,3.5094943046569824,,,,3.125,,,,,,,,,
21004000,5251,3.375,,3.3966188430786133,,,,3.375,,,,,,,,,
21008000,5252,3.25,,3.374546766281128,,,,3.25,,,,,,,,,
21012000,5253,3.0,,3.3367223739624023,,,,3.0,,,,,,,,,
21016000,5254,3.375,,3.3075077533721924,,,,3.375,,,,,,,,,
21020000,5255,3.375,,3.34763765335083,,,,3.375,,,,,,,,,
21024000,5256,3.625,,3.332515239715576,,,,3.625,,,,,,,,,
21028000,5257,3.375,,3.349235773086548,,,,3.375,,,,,,,,,
21032000,5258,3.375,,3.365818500518799,,,,3.375,,,,,,,,,
21036000,5259,2.25,,3.347334861755371,,,,2.25,,,,,,,,,
21040000,5260,3.125,,3.2916789054870605,,,,3.125,,,,,,,,,
21044000,5261,2.125,,3.163817882537842,,,,2.125,,,,,,,,,
21048000,5262,3.5,,3.2635550498962402,,,,3.5,,,,,,,,,
21052000,5263,3.625,,3.2744998931884766,,,,3.625,,,,,,,,,
21056000,5264,3.375,,3.281660556793213,,,,3.375,,,,,,,,,
21060000,5265,3.25,,3.2836809158325195,,,,3.25,,,,,,,,,
21064000,5266,3.75,,3.1971869468688965,,,,3.75,,,,,,,,,
21068000,5267,4.0,,3.2576541900634766,,,,4.0,,,,,,,,,
21072000,5268,2.75,,3.3480734825134277,,,,2.75,,,,,,,,,
21076000,5269,3.5,,3.2693381309509277,,,,3.5,,,,,,,,,
21080000,5270,2.5,,3.30948805809021,,,,2.5,,,,,,,,,
21084000,5271,3.75,,3.2209677696228027,,,,3.75,,,,,,,,,
21088000,5272,3.5,,3.2151734828948975,,,,3.5,,,,,,,,,
21092000,5273,2.0,,3.096701145172119,,,,2.0,,,,,,,,,
21096000,5274,3.25,,3.169180154800415,,,,3.25,,,,,,,,,
21100000,5275,3.5,,3.1782214641571045,,,,3.5,,,,,,,,,
21104000,5276,3.625,,3.2112879753112793,,,,3.625,,,,,,,,,
21108000,5277,3.125,,3.144071578979492,,,,3.125,,,,,,,,,
21112000,5278,3.625,,3.120753288269043,,,,3.625,,,,,,,,,
21116000,5279,3.625,,3.1101250648498535,,,,3.625,,,,,,,,,
21120000,5280,4.0,,3.3863306045532227,,,,4.0,,,,,,,,,
21124000,5281,3.625,,3.1529173851013184,,,,3.625,,,,,,,,,
21128000,5282,2.75,,3.3075594902038574,,,,2.75,,,,,,,,,
21132000,5283,3.375,,3.1675846576690674,,,,3.375,,,,,,,,,
21136000,5284,3.5,,3.17097806930542,,,,3.5,,,,,,,,,
21140000,5285,3.75,,3.335249185562134,,,,3.75,,,,,,,,,
21144000,5286,3.0,,3.3467025756835938,,,,3.0,,,,,,,,,
21148000,5287,3.0,,3.269857883453369,,,,3.0,,,,,,,,,
21152000,5288,4.125,,3.2721052169799805,,,,4.125,,,,,,,,,
21156000,5289,3.5,,3.2318427562713623,,,,3.5,,,,,,,,,
21160000,5290,3.375,,3.1771347522735596,,,,3.375,,,,,,,,,
21164000,5291,3.5,,3.1934237480163574,,,,3.5,,,,,,,,,
21168000,5292,3.5,,3.2637791633605957,,,,3.5,,,,,,,,,
21172000,5293,3.5,,3.170632839202881,,,,3.5,,,,,,,,,
21176000,5294,3.625,,3.181244373321533,,,,3.625,,,,,,,,,
21180000,5295,3.375,,3.130969524383545,,,,3.375,,,,,,,,,
21184000,5296,3.625,,3.2961039543151855,,,,3.625,,,,,,,,,
21188000,5297,3.25,,3.1848087310791016,,,,3.25,,,,,,,,,
21192000,5298,3.125,,3.130359649658203,,,,3.125,,,,,,,,,
21196000,5299,2.875,,3.202232599258423,,,,2.875,,,,,,,,,
21200000,5300,4.125,,3.3873605728149414,,,,4.125,,,,,,,,,
21204000,5301,2.625,,3.32708740234375,,,,2.625,,,,,,,,,
21208000,5302,3.125,,3.186619281768799,,,,3.125,,,,,,,,,
21212000,5303,3.25,,3.1028993129730225,,,,3.25,,,,,,,,,
21216000,5304,3.75,,3.2360968589782715,,,,3.75,,,,,,,,,
21220000,5305,2.75,,3.038614511489868,,,,2.75,,,,,,,,,
21224000,5306,3.125,,3.1615242958068848,,,,3.125,,,,,,,,,
21228000,5307,3.0,,3.1724629402160645,,,,3.0,,,,,,,,,
21232000,5308,3.75,,3.273557662963867,,,,3.75,,,,,,,,,
21236000,5309,3.25,,3.2648282051086426,,,,3.25,,,,,,,,,
21240000,5310,3.375,,3.083526372909546,,,,3.375,,,,,,,,,
21244000,5311,2.75,,3.246424913406372,,,,2.75,,,,,,,,,
21248000,5312,3.25,,3.1434154510498047,,,,3.25,,,,,,,,,
21252000,5313,3.125,,3.1743977069854736,,,,3.125,,,,,,,,,
21256000,5314,2.625,,3.1335911750793457,,,,2.625,,,,,,,,,
21260000,5315,2.25,,3.101182460784912,,,,2.25,,,,,,,,,
21264000,5316,3.625,,3.197751760482788,,,,3.625,,,,,,,,,
21268000,5317,3.5,,3.176100730895996,,,,3.5,,,,,,,,,
21272000,5318,3.5,,3.109593391418457,,,,3.5,,,,,,,,,
21276000,5319,3.125,,3.123824119567871,,,,3.125,,,,,,,,,
21280000,5320,3.75,,3.140085458755493,,,,3.75,,,,,,,,,
21284000,5321,3.875,,3.1935672760009766,,,,3.875,,,,,,,,,
21288000,5322,2.625,,3.0179238319396973,,,,2.625,,,,,,,,,
21292000,5323,3.125,,3.068911552429199,,,,3.125,,,,,,,,,
21296000,5324,3.375,,3.1175966262817383,,,,3.375,,,,,,,,,
21300000,5325,3.625,,3.109307289123535,,,,3.625,,,,,,,,,
21304000,5326,3.125,,3.0484743118286133,,,,3.125,,,,,,,,,
21308000,5327,3.375,,3.1650550365448,,,,3.375,,,,,,,,,
21312000,5328,2.75,,3.0944743156433105,,,,2.75,,,,,,,,,
21316000,5329,3.375,,3.0869994163513184,,,,3.375,,,,,,,,,
21320000,5330,3.375,,3.139709711074829,,,,3.375,,,,,,,,,
21324000,5331,2.875,,3.1562047004699707,,,,2.875,,,,,,,,,
21328000,5332,4.125,,3.1677377223968506,,,,4.125,,,,,,,,,
21332000,5333,3.75,,3.1507928371429443,,,,3.75,,,,,,,,,
21336000,5334,3.875,,3.143681049346924,,,,3.875,,,,,,,,,
21340000,5335,2.625,,3.185208320617676,,,,2.625,,,,,,,,,
21344000,5336,3.25,,3.1342713832855225,,,,3.25,,,,,,,,,
21348000,5337,2.75,,3.1481542587280273,,,,2.75,,,,,,,,,
21352000,5338,3.625,,3.109067440032959,,,,3.625,,,,,,,,,
21356000,5339,3.0,,3.106410026550293,,,,3.0,,,,,,,,,
21360000,5340,2.875,,3.220742702484131,,,,2.875,,,,,,,,,
21364000,5341,2.625,,3.0956296920776367,,,,2.625,,,,,,,,,
21368000,5342,3.375,,3.043764591217041,,,,3.375,,,,,,,,,
21372000,5343,3.0,,3.0913050174713135,,,,3.0,,,,,,,,,
21376000,5344,3.875,,3.0754051208496094,,,,3.875,,,,,,,,,
21380000,5345,3.5,,3.086402177810669,,,,3.5,,,,,,,,,
21384000,5346,3.0,,3.0439677238464355,,,,3.0,,,,,,,,,
21388000,5347,3.5,,2.986478090286255,,,,3.5,,,,,,,,,
21392000,5348,3.0,,3.0677924156188965,,,,3.0,,,,,,,,,
21396000,5349,3.25,,3.1560540199279785,,,,3.25,,,,,,,,,
21400000,5350,3.0,,3.135833263397217,,,,3.0,,,,,,,,,
21404000,5351,3.5,,3.108750581741333,,,,3.5,,,,,,,,,
21408000,5352,2.75,,3.0750045776367188,,,,2.75,,,,,,,,,
21412000,5353,2.875,,3.0991287231445312,,,,2.875,,,,,,,,,
21416000,5354,3.75,,3.079876184463501,,,,3.75,,,,,,,,,
21420000,5355,3.375,,3.0486984252929688,,,,3.375,,,,,,,,,
21424000,5356,3.75,,3.2262535095214844,,,,3.75,,,,,,,,,
21428000,5357,2.625,,3.0828185081481934,,,,2.625,,,,,,,,,
21432000,5358,2.625,,3.018416404724121,,,,2.625,,,,,,,,,
21436000,5359,3.375,,3.0648608207702637,,,,3.375,,,,,,,,,
21440000,5360,3.375,,3.1186883449554443,,,,3.375,,,,,,,,,
21444000,5361,3.75,,3.120029926300049,,,,3.75,,,,,,,,,
21448000,5362,2.625,,2.9010157585144043,,,,2.625,,,,,,,,,
21452000,5363,3.625,,3.011007308959961,,,,3.625,,,,,,,,,
21456000,5364,3.125,,3.0598978996276855,,,,3.125,,,,,,,,,
21460000,5365,3.25,,3.0776662826538086,,,,3.25,,,,,,,,,
21464000,5366,3.625,,3.1602234840393066,,,,3.625,,,,,,,,,
21468000,5367,3.75,,2.9680585861206055,,,,3.75,,,,,,,,,
21472000,5368,3.375,,3.133114814758301,,,,3.375,,,,,,,,,
21476000,5369,3.75,,2.9864518642425537,,,,3.75,,,,,,,,,
21480000,5370,3.25,,3.018303155899048,,,,3.25,,,,,,,,,
21484000,5371,2.625,,3.102008581161499,,,,2.625,,,,,,,,,
21488000,5372,3.5,,2.873147487640381,,,,3.5,,,,,,,,,
21492000,5373,3.0,,2.970508575439453,,,,3.0,,,,,,,,,
21496000,5374,3.625,,2.9318161010742188,,,,3.625,,,,,,,,,
21500000,5375,3.75,,2.9590587615966797,,,,3.75,,,,,,,,,
21504000,5376,3.0,,2.935943365097046,,,,3.0,,,,,,,,,
21508000,5377,4.125,,2.9541940689086914,,,,4.125,,,,,,,,,
21512000,5378,2.625,,3.001636505126953,,,,2.625,,,,,,,,,
21516000,5379,3.625,,3.047703266143799,,,,3.625,,,,,,,,,
21520000,5380,3.625,,3.1163461208343506,,,,3.625,,,,,,,,,
21524000,5381,3.125,,3.062410831451416,,,,3.125,,,,,,,,,
21528000,5382,3.375,,2.984600067138672,,,,3.375,,,,,,,,,
21532000,5383,4.125,,3.005706310272217,,,,4.125,,,,,,,,,
21536000,5384,3.375,,2.888160228729248,,,,3.375,,,,,,,,,
21540000,5385,3.875,,2.974236488342285,,,,3.875,,,,,,,,,
21544000,5386,3.75,,3.0723204612731934,,,,3.75,,,,,,,,,
21548000,5387,3.75,,3.0424656867980957,,,,3.75,,,,,,,,,
21552000,5388,3.625,,3.108736991882324,,,,3.625,,,,,,,,,
21556000,5389,3.375,,3.090160369873047,,,,3.375,,,,,,,,,
21560000,5390,3.375,,3.1009764671325684,,,,3.375,,,,,,,,,
21564000,5391,3.0,,3.1086559295654297,,,,3.0,,,,,,,,,
21568000,5392,3.5,,3.1552670001983643,,,,3.5,,,,,,,,,
21572000,5393,3.625,,3.0089497566223145,,,,3.625,,,,,,,,,
21576000,5394,2.875,,3.016469955444336,,,,2.875,,,,,,,,,
21580000,5395,3.625,,3.040917158126831,,,,3.625,,,,,,,,,
21584000,5396,3.25,,2.9900741577148438,,,,3.25,,,,,,,,,
21588000,5397,2.125,,2.934762954711914,,,,2.125,,,,,,,,,
21592000,5398,3.75,,3.0799591541290283,,,,3.75,,,,,,,,,
21596000,5399,3.75,,2.991896152496338,,,,3.75,,,,,,,,,
21600000,5400,3.5,,2.9777486324310303,,,,3.5,,,,,,,,,
21604000,5401,2.875,,3.0376060009002686,,,,2.875,,,,,,,,,
21608000,5402,4.0,,3.042299270629883,,,,4.0,,,,,,,,,
21612000,5403,3.375,,2.9826035499572754,,,,3.375,,,,,,,,,
21616000,5404,3.5,,3.0090672969818115,,,,3.5,,,,,,,,,
21620000,5405,3.75,,3.03436541557312,,,,3.75,,,,,,,,,
21624000,5406,3.75,,2.8900840282440186,,,,3.75,,,,,,,,,
21628000,5407,1.5,,2.9919447898864746,,,,1.5,,,,,,,,,
21632000,5408,3.125,,3.0840320587158203,,,,3.125,,,,,,,,,
21636000,5409,3.375,,2.980376720428467,,,,3.375,,,,,,,,,
21640000,5410,2.0,,2.958284378051758,,,,2.0,,,,,,,,,
21644000,5411,3.375,,2.928745985031128,,,,3.375,,,,,,,,,
21648000,5412,3.25,,2.9257800579071045,,,,3.25,,,,,,,,,
21652000,5413,2.375,,2.8901901245117188,,,,2.375,,,,,,,,,
21656000,5414,2.75,,2.9891390800476074,,,,2.75,,,,,,,,,
21660000,5415,3.5,,2.8828699588775635,,,,3.5,,,,,,,,,
21664000,5416,3.875,,3.0236892700195312,,,,3.875,,,,,,,,,
21668000,5417,3.25,,2.9349160194396973,,,,3.25,,,,,,,,,
21672000,5418,3.5,,3.051163673400879,,,,3.5,,,,,,,,,
21676000,5419,3.625,,3.0479655265808105,,,,3.625,,,,,,,,,
21680000,5420,3.625,,2.9612746238708496,,,,3.625,,,,,,,,,
21684000,5421,3.5,,2.9236960411071777,,,,3.5,,,,,,,,,
21688000,5422,3.25,,2.9670002460479736,,,,3.25,,,,,,,,,
21692000,5423,2.75,,2.9448635578155518,,,,2.75,,,,,,,,,
21696000,5424,3.5,,3.0023856163024902,,,,3.5,,,,,,,,,
21700000,5425,2.875,,2.9673097133636475,,,,2.875,,,,,,,,,
21704000,5426,3.125,,2.849524736404419,,,,3.125,,,,,,,,,
21708000,5427,3.625,,2.8931217193603516,,,,3.625,,,,,,,,,
21712000,5428,3.25,,2.8918399810791016,,,,3.25,,,,,,,,,
21716000,5429,4.375,,2.9076666831970215,,,,4.375,,,,,,,,,
21720000,5430,3.375,,2.9483649730682373,,,,3.375,,,,,,,,,
21724000,5431,3.875,,2.862656354904175,,,,3.875,,,,,,,,,
21728000,5432,3.25,,2.9413130283355713,,,,3.25,,,,,,,,,
21732000,5433,3.75,,2.751493453979492,,,,3.75,,,,,,,,,
21736000,5434,3.5,,2.9589858055114746,,,,3.5,,,,,,,,,
21740000,5435,3.625,,2.949448585510254,,,,3.625,,,,,,,,,
21744000,5436,3.25,,2.990697145462036,,,,3.25,,,,,,,,,
21748000,5437,3.125,,2.947063446044922,,,,3.125,,,,,,,,,
21752000,5438,2.875,,2.8518197536468506,,,,2.875,,,,,,,,,
21756000,5439,3.875,,2.8896312713623047,,,,3.875,,,,,,,,,
21760000,5440,3.0,,3.006380558013916,,,,3.0,,,,,,,,,
21764000,5441,3.0,,2.849154472351074,,,,3.0,,,,,,,,,
21768000,5442,3.625,,3.026555061340332,,,,3.625,,,,,,,,,
21772000,5443,2.25,,2.9977898597717285,,,,2.25,,,,,,,,,
21776000,5444,3.25,,2.9123339653015137,,,,3.25,,,,,,,,,
21780000,5445,3.5,,2.9364733695983887,,,,3.5,,,,,,,,,
21784000,5446,3.0,,2.9467930793762207,,,,3.0,,,,,,,,,
21788000,5447,3.0,,2.8988916873931885,,,,3.0,,,,,,,,,
21792000,5448,3.375,,2.9095420837402344,,,,3.375,,,,,,,,,
21796000,5449,3.125,,2.888606548309326,,,,3.125,,,,,,,,,
21800000,5450,3.875,,2.965095043182373,,,,3.875,,,,,,,,,
21804000,5451,1.25,,2.8951220512390137,,,,1.25,,,,,,,,,
21808000,5452,3.625,,2.9091286659240723,,,,3.625,,,,,,,,,
21812000,5453,2.125,,2.9415977001190186,,,,2.125,,,,,,,,,
21816000,5454,3.5,,2.924201250076294,,,,3.5,,,,,,,,,
21820000,5455,3.0,,2.986572504043579,,,,3.0,,,,,,,,,
21824000,5456,2.875,,2.9385547637939453,,,,2.875,,,,,,,,,
21828000,5457,3.375,,2.8384523391723633,,,,3.375,,,,,,,,,
21832000,5458,3.75,,2.879984140396118,,,,3.75,,,,,,,,,
21836000,5459,3.375,,2.972604751586914,,,,3.375,,,,,,,,,
21840000,5460,3.5,,2.94024658203125,,,,3.5,,,,,,,,,
21844000,5461,3.125,,2.9111900329589844,,,,3.125,,,,,,,,,
21848000,5462,3.875,,2.9465012550354004,,,,3.875,,,,,,,,,
21852000,5463,3.125,,2.9255783557891846,,,,3.125,,,,,,,,,
21856000,5464,3.625,,2.902315616607666,,,,3.625,,,,,,,,,
21860000,5465,3.375,,3.03120756149292,,,,3.375,,,,,,,,,
21864000,5466,3.5,,2.8735992908477783,,,,3.5,,,,,,,,,
21868000,5467,3.375,,2.9832258224487305,,,,3.375,,,,,,,,,
21872000,5468,3.5,,2.9135074615478516,,,,3.5,,,,,,,,,
21876000,5469,3.625,,2.922563076019287,,,,3.625,,,,,,,,,
21880000,5470,3.0,,2.898113489151001,,,,3.0,,,,,,,,,
21884000,5471,3.25,,2.9856314659118652,,,,3.25,,,,,,,,,
21888000,5472,3.75,,3.009672164916992,,,,3.75,,,,,,,,,
21892000,5473,2.875,,2.948453187942505,,,,2.875,,,,,,,,,
21896000,5474,3.375,,3.0317399501800537,,,,3.375,,,,,,,,,
21900000,5475,2.625,,2.981550693511963,,,,2.625,,,,,,,,,
21904000,5476,3.25,,2.8835561275482178,,,,3.25,,,,,,,,,
21908000,5477,3.5,,2.9021406173706055,,,,3.5,,,,,,,,,
21912000,5478,3.25,,2.803567886352539,,,,3.25,,,,,,,,,
21916000,5479,3.875,,2.936612129211426,,,,3.875,,,,,,,,,
21920000,5480,3.125,,2.970432758331299,,,,3.125,,,,,,,,,
21924000,5481,2.875,,2.81193208694458,,,,2.875,,,,,,,,,
21928000,5482,3.875,,2.925342559814453,,,,3.875,,,,,,,,,
21932000,5483,3.5,,2.917473077774048,,,,3.5,,,,,,,,,
21936000,5484,3.625,,3.0602779388427734,,,,3.625,,,,,,,,,
21940000,5485,3.875,,2.91787052154541,,,,3.875,,,,,,,,,
21944000,5486,3.875,,2.895944833755493,,,,3.875,,,,,,,,,
21948000,5487,4.0,,2.7847251892089844,,,,4.0,,,,,,,,,
21952000,5488,0.875,,2.969625949859619,,,,0.875,,,,,,,,,
21956000,5489,3.625,,3.0080208778381348,,,,3.625,,,,,,,,,
21960000,5490,2.875,,2.9533658027648926,,,,2.875,,,,,,,,,
21964000,5491,2.5,,2.837794780731201,,,,2.5,,,,,,,,,
21968000,5492,3.125,,2.797818660736084,,,,3.125,,,,,,,,,
21972000,5493,3.5,,2.8996753692626953,,,,3.5,,,,,,,,,
21976000,5494,1.125,,2.876619338989258,,,,1.125,,,,,,,,,
21980000,5495,2.75,,2.874751567840576,,,,2.75,,,,,,,,,
21984000,5496,2.25,,2.8854854106903076,,,,2.25,,,,,,,,,
21988000,5497,3.5,,2.814507007598877,,,,3.5,,,,,,,,,
21992000,5498,2.5,,2.7821216583251953,,,,2.5,,,,,,,,,
21996000,5499,3.5,,2.8228631019592285,,,,3.5,,,,,,,,,
22000000,5500,3.875,,2.815427780151367,,,,3.875,,,,,,,,,
22004000,5501,2.875,,2.959355592727661,,,,2.875,,,,,,,,,
22008000,5502,3.875,,3.0437967777252197,,,,3.875,,,,,,,,,
22012000,5503,2.75,,2.7050952911376953,,,,2.75,,,,,,,,,
22016000,5504,3.0,,2.702820301055908,,,,3.0,,,,,,,,,
22020000,5505,2.375,,2.7317638397216797,,,,2.375,,,,,,,,,
22024000,5506,3.375,,2.815821647644043,,,,3.375,,,,,,,,,
22028000,5507,3.625,,2.887378692626953,,,,3.625,,,,,,,,,
22032000,5508,2.5,,2.9080734252929688,,,,2.5,,,,,,,,,
22036000,5509,3.375,,2.852626085281372,,,,3.375,,,,,,,,,
22040000,5510,2.625,,2.7502334117889404,,,,2.625,,,,,,,,,
22044000,5511,3.125,,2.780761241912842,,,,3.125,,,,,,,,,
22048000,5512,3.25,,2.8967247009277344,,,,3.25,,,,,,,,,
22052000,5513,3.0,,2.768096446990967,,,,3.0,,,,,,,,,
22056000,5514,3.375,,2.8088765144348145,,,,3.375,,,,,,,,,
22060000,5515,3.0,,2.7679076194763184,,,,3.0,,,,,,,,,
22064000,5516,2.75,,2.7904281616210938,,,,2.75,,,,,,,,,
22068000,5517,3.25,,2.8117122650146484,,,,3.25,,,,,,,,,
22072000,5518,3.375,,2.638969898223877,,,,3.375,,,,,,,,,
22076000,5519,2.75,,2.918539524078369,,,,2.75,,,,,,,,,
22080000,5520,4.0,,2.7999351024627686,,,,4.0,,,,,,,,,
22084000,5521,3.25,,2.7184414863586426,,,,3.25,,,,,,,,,
22088000,5522,3.375,,2.869608163833618,,,,3.375,,,,,,,,,
22092000,5523,3.625,,2.7808849811553955,,,,3.625,,,,,,,,,
22096000,5524,2.875,,2.764927387237549,,,,2.875,,,,,,,,,
22100000,5525,3.625,,2.821047067642212,,,,3.625,,,,,,,,,
22104000,5526,4.125,,2.901996374130249,,,,4.125,,,,,,,,,
22108000,5527,3.25,,2.9121408462524414,,,,3.25,,,,,,,,,
22112000,5528,3.75,,2.7280614376068115,,,,3.75,,,,,,,,,
22116000,5529,3.75,,2.8067870140075684,,,,3.75,,,,,,,,,
22120000,5530,3.375,,2.7980122566223145,,,,3.375,,,,,,,,,
22124000,5531,3.875,,2.823930501937866,,,,3.875,,,,,,,,,
22128000,5532,3.5,,3.0160367488861084,,,,3.5,,,,,,,,,
22132000,5533,3.625,,2.8985848426818848,,,,3.625,,,,,,,,,
22136000,5534,3.0,,2.7118349075317383,,,,3.0,,,,,,,,,
22140000,5535,3.25,,2.915876865386963,,,,3.25,,,,,,,,,
22144000,5536,3.125,,2.763188362121582,,,,3.125,,,,,,,,,
22148000,5537,3.25,,2.690311908721924,,,,3.25,,,,,,,,,
22152000,5538,3.25,,2.7733404636383057,,,,3.25,,,,,,,,,
22156000,5539,2.25,,2.758007287979126,,,,2.25,,,,,,,,,
22160000,5540,2.125,,2.91443133354187,,,,2.125,,,,,,,,,
22164000,5541,2.625,,2.780982494354248,,,,2.625,,,,,,,,,
22168000,5542,2.75,,2.7348248958587646,,,,2.75,,,,,,,,,
22172000,5543,3.0,,2.8306052684783936,,,,3.0,,,,,,,,,
22176000,5544,3.625,,2.7144031524658203,,,,3.625,,,,,,,,,
22180000,5545,3.375,,2.704744338989258,,,,3.375,,,,,,,,,
22184000,5546,3.5,,2.736828088760376,,,,3.5,,,,,,,,,
22188000,5547,3.5,,2.8475656509399414,,,,3.5,,,,,,,,,
22192000,5548,3.125,,2.780813217163086,,,,3.125,,,,,,,,,
22196000,5549,3.375,,2.700594663619995,,,,3.375,,,,,,,,,
22200000,5550,3.25,,2.6975951194763184,,,,3.25,,,,,,,,,
22204000,5551,2.75,,2.744633913040161,,,,2.75,,,,,,,,,
22208000,5552,3.125,,2.924417734146118,,,,3.125,,,,,,,,,
22212000,5553,3.25,,2.847172260284424,,,,3.25,,,,,,,,,
22216000,5554,2.625,,2.815927028656006,,,,2.625,,,,,,,,,
22220000,5555,3.875,,2.6612584590911865,,,,3.875,,,,,,,,,
22224000,5556,2.625,,2.812272548675537,,,,2.625,,,,,,,,,
22228000,5557,3.0,,2.736483097076416,,,,3.0,,,,,,,,,
22232000,5558,3.5,,2.746112585067749,,,,3.5,,,,,,,,,
22236000,5559,2.875,,2.7018375396728516,,,,2.875,,,,,,,,,
22240000,5560,2.875,,2.7143912315368652,,,,2.875,,,,,,,,,
22244000,5561,3.0,,2.872100830078125,,,,3.0,,,,,,,,,
22248000,5562,2.5,,2.5841946601867676,,,,2.5,,,,,,,,,
22252000,5563,3.375,,2.664071559906006,,,,3.375,,,,,,,,,
22256000,5564,2.75,,2.7115564346313477,,,,2.75,,,,,,,,,
22260000,5565,2.875,,2.750789165496826,,,,2.875,,,,,,,,,
22264000,5566,3.625,,2.6573498249053955,,,,3.625,,,,,,,,,
22268000,5567,3.5,,2.7054977416992188,,,,3.5,,,,,,,,,
22272000,5568,2.75,,2.6644856929779053,,,,2.75,,,,,,,,,
22276000,5569,3.0,,2.70697021484375,,,,3.0,,,,,,,,,
22280000,5570,3.5,,2.6141481399536133,,,,3.5,,,,,,,,,
22284000,5571,3.375,,2.7166953086853027,,,,3.375,,,,,,,,,
22288000,5572,3.75,,2.705042839050293,,,,3.75,,,,,,,,,
22292000,5573,3.25,,2.769167423248291,,,,3.25,,,,,,,,,
22296000,5574,3.0,,2.6585874557495117,,,,3.0,,,,,,,,,
22300000,5575,3.125,,2.830054521560669,,,,3.125,,,,,,,,,
22304000,5576,3.75,,2.7665369510650635,,,,3.75,,,,,,,,,
22308000,5577,3.0,,2.8008790016174316,,,,3.0,,,,,,,,,
22312000,5578,2.625,,2.605699300765991,,,,2.625,,,,,,,,,
22316000,5579,3.625,,2.5831542015075684,,,,3.625,,,,,,,,,
22320000,5580,3.75,,2.6598095893859863,,,,3.75,,,,,,,,,
22324000,5581,2.375,,2.62625789642334,,,,2.375,,,,,,,,,
22328000,5582,3.875,,2.7077696323394775,,,,3.875,,,,,,,,,
22332000,5583,3.875,,2.624919891357422,,,,3.875,,,,,,,,,
22336000,5584,3.625,,2.7246575355529785,,,,3.625,,,,,,,,,
22340000,5585,3.375,,2.6913645267486572,,,,3.375,,,,,,,,,
22344000,5586,3.875,,2.769571304321289,,,,3.875,,,,,,,,,
22348000,5587,2.75,,2.649955987930298,,,,2.75,,,,,,,,,
22352000,5588,3.5,,2.7486157417297363,,,,3.5,,,,,,,,,
22356000,5589,4.0,,2.696676731109619,,,,4.0,,,,,,,,,
22360000,5590,3.0,,2.6771116256713867,,,,3.0,,,,,,,,,
22364000,5591,2.75,,2.620821237564087,,,,2.75,,,,,,,,,
22368000,5592,3.0,,2.690988779067993,,,,3.0,,,,,,,,,
22372000,5593,3.125,,2.7499184608459473,,,,3.125,,,,,,,,,
22376000,5594,1.625,,2.5809555053710938,,,,1.625,,,,,,,,,
22380000,5595,3.375,,2.698115348815918,,,,3.375,,,,,,,,,
22384000,5596,3.25,,2.6680283546447754,,,,3.25,,,,,,,,,
22388000,5597,3.125,,2.6449809074401855,,,,3.125,,,,,,,,,
22392000,5598,2.375,,2.639148473739624,,,,2.375,,,,,,,,,
22396000,5599,2.625,,2.5083656311035156,,,,2.625,,,,,,,,,
22400000,5600,2.5,,2.4994935989379883,,,,2.5,,,,,,,,,
22404000,5601,3.625,,2.6983141899108887,,,,3.625,,,,,,,,,
22408000,5602,3.375,,2.6429190635681152,,,,3.375,,,,,,,,,
22412000,5603,2.25,,2.7604432106018066,,,,2.25,,,,,,,,,
22416000,5604,3.125,,2.5780088901519775,,,,3.125,,,,,,,,,
22420000,5605,2.5,,2.6480541229248047,,,,2.5,,,,,,,,,
22424000,5606,3.0,,2.6592698097229004,,,,3.0,,,,,,,,,
22428000,5607,3.125,,2.551046848297119,,,,3.125,,,,,,,,,
22432000,5608,1.625,,2.523648262023926,,,,1.625,,,,,,,,,
22436000,5609,3.375,,2.5971755981445312,,,,3.375,,,,,,,,,
22440000,5610,3.125,,2.613964557647705,,,,3.125,,,,,,,,,
22444000,5611,3.5,,2.598151206970215,,,,3.5,,,,,,,,,
22448000,5612,2.625,,2.6180777549743652,,,,2.625,,,,,,,,,
22452000,5613,3.625,,2.6435866355895996,,,,3.625,,,,,,,,,
22456000,5614,2.875,,2.6547279357910156,,,,2.875,,,,,,,,,
22460000,5615,2.75,,2.541134834289551,,,,2.75,,,,,,,,,
22464000,5616,3.5,,2.4466729164123535,,,,3.5,,,,,,,,,
22468000,5617,3.25,,2.7017974853515625,,,,3.25,,,,,,,,,
22472000,5618,3.375,,2.5462381839752197,,,,3.375,,,,,,,,,
22476000,5619,3.125,,2.5558934211730957,,,,3.125,,,,,,,,,
22480000,5620,3.375,,2.551854372024536,,,,3.375,,,,,,,,,
22484000,5621,3.25,,2.55881929397583,,,,3.25,,,,,,,,,
22488000,5622,3.375,,2.5930306911468506,,,,3.375,,,,,,,,,
22492000,5623,2.75,,2.723229169845581,,,,2.75,,,,,,,,,
22496000,5624,3.0,,2.5665414333343506,,,,3.0,,,,,,,,,
22500000,5625,2.875,,2.546870231628418,,,,2.875,,,,,,,,,
22504000,5626,3.75,,2.642611265182495,,,,3.75,,,,,,,,,
22508000,5627,2.875,,2.453159809112549,,,,2.875,,,,,,,,,
22512000,5628,2.25,,2.4965920448303223,,,,2.25,,,,,,,,,
22516000,5629,3.25,,2.6148648262023926,,,,3.25,,,,,,,,,
22520000,5630,3.25,,2.633939743041992,,,,3.25,,,,,,,,,
22524000,5631,3.5,,2.638845205307007,,,,3.5,,,,,,,,,
22528000,5632,3.75,,2.6123926639556885,,,,3.75,,,,,,,,,
22532000,5633,2.625,,2.6750807762145996,,,,2.625,,,,,,,,,
22536000,5634,3.25,,2.650771141052246,,,,3.25,,,,,,,,,
22540000,5635,2.875,,2.6437625885009766,,,,2.875,,,,,,,,,
22544000,5636,3.5,,2.5640783309936523,,,,3.5,,,,,,,,,
22548000,5637,3.75,,2.559842109680176,,,,3.75,,,,,,,,,
22552000,5638,3.625,,2.594945192337036,,,,3.625,,,,,,,,,
22556000,5639,3.875,,2.5688118934631348,,,,3.875,,,,,,,,,
22560000,5640,3.5,,2.5708565711975098,,,,3.5,,,,,,,,,
22564000,5641,2.375,,2.5605547428131104,,,,2.375,,,,,,,,,
22568000,5642,3.625,,2.6345157623291016,,,,3.625,,,,,,,,,
22572000,5643,3.5,,2.5689239501953125,,,,3.5,,,,,,,,,
22576000,5644,1.5,,2.531097412109375,,,,1.5,,,,,,,,,
22580000,5645,3.0,,2.6109375953674316,,,,3.0,,,,,,,,,
22584000,5646,2.875,,2.561622142791748,,,,2.875,,,,,,,,,
22588000,5647,1.875,,2.5879952907562256,,,,1.875,,,,,,,,,
22592000,5648,3.25,,2.6417412757873535,,,,3.25,,,,,,,,,
22596000,5649,3.5,,2.6687142848968506,,,,3.5,,,,,,,,,
22600000,5650,2.25,,2.4934215545654297,,,,2.25,,,,,,,,,
22604000,5651,3.125,,2.5133681297302246,,,,3.125,,,,,,,,,
22608000,5652,2.375,,2.555455207824707,,,,2.375,,,,,,,,,
22612000,5653,3.125,,2.5574841499328613,,,,3.125,,,,,,,,,
22616000,5654,1.875,,2.4411492347717285,,,,1.875,,,,,,,,,
22620000,5655,2.75,,2.5170578956604004,,,,2.75,,,,,,,,,
22624000,5656,3.125,,2.4710822105407715,,,,3.125,,,,,,,,,
22628000,5657,3.125,,2.4056003093719482,,,,3.125,,,,,,,,,
22632000,5658,2.125,,2.461412191390991,,,,2.125,,,,,,,,,
22636000,5659,2.375,,2.5251073837280273,,,,2.375,,,,,,,,,
22640000,5660,2.875,,2.552074670791626,,,,2.875,,,,,,,,,
22644000,5661,2.0,,2.487372398376465,,,,2.0,,,,,,,,,
22648000,5662,2.375,,2.507891893386841,,,,2.375,,,,,,,,,
22652000,5663,2.5,,2.4028916358947754,,,,2.5,,,,,,,,,
22656000,5664,3.125,,2.469078540802002,,,,3.125,,,,,,,,,
22660000,5665,2.375,,2.516770839691162,,,,2.375,,,,,,,,,
22664000,5666,3.375,,2.5226287841796875,,,,3.375,,,,,,,,,
22668000,5667,2.5,,2.4322617053985596,,,,2.5,,,,,,,,,
22672000,5668,1.875,,2.431424140930176,,,,1.875,,,,,,,,,
22676000,5669,2.75,,2.3397750854492188,,,,2.75,,,,,,,,,
22680000,5670,3.25,,2.4299206733703613,,,,3.25,,,,,,,,,
22684000,5671,3.25,,2.4861462116241455,,,,3.25,,,,,,,,,
22688000,5672,2.75,,2.519793748855591,,,,2.75,,,,,,,,,
22692000,5673,2.125,,2.3894567489624023,,,,2.125,,,,,,,,,
22696000,5674,3.5,,2.4273624420166016,,,,3.5,,,,,,,,,
22700000,5675,2.75,,2.3889434337615967,,,,2.75,,,,,,,,,
22704000,5676,2.625,,2.3368773460388184,,,,2.625,,,,,,,,,
22708000,5677,3.125,,2.4061131477355957,,,,3.125,,,,,,,,,
22712000,5678,3.875,,2.456026077270508,,,,3.875,,,,,,,,,
22716000,5679,3.5,,2.454746723175049,,,,3.5,,,,,,,,,
22720000,5680,2.625,,2.4616518020629883,,,,2.625,,,,,,,,,
22724000,5681,3.625,,2.404771089553833,,,,3.625,,,,,,,,,
22728000,5682,3.25,,2.3590292930603027,,,,3.25,,,,,,,,,
22732000,5683,3.25,,2.4698281288146973,,,,3.25,,,,,,,,,
22736000,5684,2.625,,2.3495023250579834,,,,2.625,,,,,,,,,
22740000,5685,2.5,,2.507136583328247,,,,2.5,,,,,,,,,
22744000,5686,3.125,,2.384199857711792,,,,3.125,,,,,,,,,
22748000,5687,1.625,,2.274967670440674,,,,1.625,,,,,,,,,
22752000,5688,2.75,,2.4146382808685303,,,,2.75,,,,,,,,,
22756000,5689,3.25,,2.400420665740967,,,,3.25,,,,,,,,,
22760000,5690,3.0,,2.3083600997924805,,,,3.0,,,,,,,,,
22764000,5691,3.375,,2.537550449371338,,,,3.375,,,,,,,,,
22768000,5692,3.375,,2.356874942779541,,,,3.375,,,,,,,,,
22772000,5693,3.0,,2.4874672889709473,,,,3.0,,,,,,,,,
22776000,5694,2.75,,2.5294349193573,,,,2.75,,,,,,,,,
22780000,5695,3.875,,2.3004164695739746,,,,3.875,,,,,,,,,
22784000,5696,2.25,,2.299518585205078,,,,2.25,,,,,,,,,
22788000,5697,3.75,,2.3941164016723633,,,,3.75,,,,,,,,,
22792000,5698,2.5,,2.4825353622436523,,,,2.5,,,,,,,,,
22796000,5699,2.875,,2.4583606719970703,,,,2.875,,,,,,,,,
22800000,5700,2.625,,2.3934507369995117,,,,2.625,,,,,,,,,
22804000,5701,3.75,,2.3542261123657227,,,,3.75,,,,,,,,,
22808000,5702,3.0,,2.3009848594665527,,,,3.0,,,,,,,,,
22812000,5703,3.25,,2.397390365600586,,,,3.25,,,,,,,,,
22816000,5704,3.625,,2.327312469482422,,,,3.625,,,,,,,,,
22820000,5705,1.25,,2.4333927631378174,,,,1.25,,,,,,,,,
22824000,5706,3.125,,2.2863292694091797,,,,3.125,,,,,,,,,
22828000,5707,1.5,,2.3773016929626465,,,,1.5,,,,,,,,,
22832000,5708,2.75,,2.428410530090332,,,,2.75,,,,,,,,,
22836000,5709,3.375,,2.4667115211486816,,,,3.375,,,,,,,,,
22840000,5710,1.75,,2.355593204498291,,,,1.75,,,,,,,,,
22844000,5711,2.875,,2.25833797454834,,,,2.875,,,,,,,,,
22848000,5712,0.625,,2.404432773590088,,,,0.625,,,,,,,,,
22852000,5713,2.625,,2.2526025772094727,,,,2.625,,,,,,,,,
22856000,5714,2.0,,2.229376792907715,,,,2.0,,,,,,,,,
22860000,5715,3.125,,2.2678723335266113,,,,3.125,,,,,,,,,
22864000,5716,2.625,,2.280560255050659,,,,2.625,,,,,,,,,
22868000,5717,2.75,,2.292466878890991,,,,2.75,,,,,,,,,
22872000,5718,2.375,,2.281238079071045,,,,2.375,,,,,,,,,
22876000,5719,1.75,,2.376838445663452,,,,1.75,,,,,,,,,
22880000,5720,2.75,,2.2461671829223633,,,,2.75,,,,,,,,,
22884000,5721,0.375,,2.2829856872558594,,,,0.375,,,,,,,,,
22888000,5722,3.0,,2.267955780029297,,,,3.0,,,,,,,,,
22892000,5723,2.5,,2.2528927326202393,,,,2.5,,,,,,,,,
22896000,5724,2.0,,2.3248183727264404,,,,2.0,,,,,,,,,
22900000,5725,2.125,,2.254702568054199,,,,2.125,,,,,,,,,
22904000,5726,2.375,,2.2105188369750977,,,,2.375,,,,,,,,,
22908000,5727,2.125,,2.2766025066375732,,,,2.125,,,,,,,,,
22912000,5728,3.25,,2.273144245147705,,,,3.25,,,,,,,,,
22916000,5729,2.25,,2.1999073028564453,,,,2.25,,,,,,,,,
22920000,5730,2.5,,2.22762131690979,,,,2.5,,,,,,,,,
22924000,5731,2.625,,2.287606716156006,,,,2.625,,,,,,,,,
22928000,5732,3.375,,2.3141820430755615,,,,3.375,,,,,,,,,
22932000,5733,3.0,,2.381948709487915,,,,3.0,,,,,,,,,
22936000,5734,3.625,,2.15010142326355,,,,3.625,,,,,,,,,
22940000,5735,3.0,,2.198223114013672,,,,3.0,,,,,,,,,
22944000,5736,2.875,,2.3342747688293457,,,,2.875,,,,,,,,,
22948000,5737,2.875,,2.200376272201538,,,,2.875,,,,,,,,,
22952000,5738,1.625,,2.323010206222534,,,,1.625,,,,,,,,,
22956000,5739,2.875,,2.387033462524414,,,,2.875,,,,,,,,,
22960000,5740,3.0,,2.133946180343628,,,,3.0,,,,,,,,,
22964000,5741,2.625,,2.162590742111206,,,,2.625,,,,,,,,,
22968000,5742,3.125,,2.239187240600586,,,,3.125,,,,,,,,,
22972000,5743,1.375,,2.194533348083496,,,,1.375,,,,,,,,,
22976000,5744,3.125,,2.261505603790283,,,,3.125,,,,,,,,,
22980000,5745,2.75,,2.2099177837371826,,,,2.75,,,,,,,,,
22984000,5746,2.75,,2.16141414642334,,,,2.75,,,,,,,,,
22988000,5747,2.875,,2.068093776702881,,,,2.875,,,,,,,,,
22992000,5748,1.875,,2.069364547729492,,,,1.875,,,,,,,,,
22996000,5749,2.625,,2.2701871395111084,,,,2.625,,,,,,,,,
23000000,5750,2.5,,2.4187865257263184,,,,2.5,,,,,,,,,
23004000,5751,3.0,,2.2807154655456543,,,,3.0,,,,,,,,,
23008000,5752,1.375,,2.185786247253418,,,,1.375,,,,,,,,,
23012000,5753,0.75,,2.2177987098693848,,,,0.75,,,,,,,,,
23016000,5754,2.25,,2.1119847297668457,,,,2.25,,,,,,,,,
23020000,5755,2.0,,2.135059356689453,,,,2.0,,,,,,,,,
23024000,5756,2.375,,2.013970136642456,,,,2.375,,,,,,,,,
23028000,5757,2.125,,2.129404306411743,,,,2.125,,,,,,,,,
23032000,5758,4.0,,2.119704246520996,,,,4.0,,,,,,,,,
23036000,5759,1.875,,2.221412181854248,,,,1.875,,,,,,,,,
23040000,5760,2.5,,2.254471778869629,,,,2.5,,,,,,,,,
23044000,5761,3.125,,2.162334442138672,,,,3.125,,,,,,,,,
23048000,5762,1.75,,2.16389799118042,,,,1.75,,,,,,,,,
23052000,5763,1.75,,2.0778446197509766,,,,1.75,,,,,,,,,
23056000,5764,1.375,,2.054560899734497,,,,1.375,,,,,,,,,
23060000,5765,1.875,,2.0993783473968506,,,,1.875,,,,,,,,,
23064000,5766,2.75,,2.0576162338256836,,,,2.75,,,,,,,,,
23068000,5767,3.25,,2.041501998901367,,,,3.25,,,,,,,,,
23072000,5768,2.125,,2.1248388290405273,,,,2.125,,,,,,,,,
23076000,5769,0.875,,2.099700927734375,,,,0.875,,,,,,,,,
23080000,5770,1.625,,2.100036859512329,,,,1.625,,,,,,,,,
23084000,5771,2.0,,2.210555076599121,,,,2.0,,,,,,,,,
23088000,5772,3.625,,2.023632526397705,,,,3.625,,,,,,,,,
23092000,5773,2.875,,2.077213764190674,,,,2.875,,,,,,,,,
23096000,5774,3.25,,2.1115784645080566,,,,3.25,,,,,,,,,
23100000,5775,1.75,,2.0370993614196777,,,,1.75,,,,,,,,,
23104000,5776,2.875,,2.0888068675994873,,,,2.875,,,,,,,,,
23108000,5777,3.25,,2.0546255111694336,,,,3.25,,,,,,,,,
23112000,5778,2.25,,2.0042219161987305,,,,2.25,,,,,,,,,
23116000,5779,3.75,,2.1082873344421387,,,,3.75,,,,,,,,,
23120000,5780,3.25,,1.8968454599380493,,,,3.25,,,,,,,,,
23124000,5781,2.75,,1.9968082904815674,,,,2.75,,,,,,,,,
23128000,5782,2.625,,2.076303005218506,,,,2.625,,,,,,,,,
23132000,5783,2.75,,2.1204304695129395,,,,2.75,,,,,,,,,
23136000,5784,3.0,,2.1589906215667725,,,,3.0,,,,,,,,,
23140000,5785,3.375,,1.957348346710205,,,,3.375,,,,,,,,,
23144000,5786,3.5,,2.2587263584136963,,,,3.5,,,,,,,,,
23148000,5787,2.5,,1.9974288940429688,,,,2.5,,,,,,,,,
23152000,5788,2.5,,2.026477813720703,,,,2.5,,,,,,,,,
23156000,5789,2.25,,2.042238473892212,,,,2.25,,,,,,,,,
23160000,5790,3.5,,2.0957236289978027,,,,3.5,,,,,,,,,
23164000,5791,3.375,,2.0602331161499023,,,,3.375,,,,,,,,,
23168000,5792,3.75,,2.1285195350646973,,,,3.75,,,,,,,,,
23172000,5793,2.375,,2.0577995777130127,,,,2.375,,,,,,,,,
23176000,5794,3.25,,2.0097832679748535,,,,3.25,,,,,,,,,
23180000,5795,3.25,,1.9490500688552856,,,,3.25,,,,,,,,,
23184000,5796,3.375,,2.0506160259246826,,,,3.375,,,,,,,,,
23188000,5797,2.25,,2.0860040187835693,,,,2.25,,,,,,,,,
23192000,5798,3.875,,2.1598825454711914,,,,3.875,,,,,,,,,
23196000,5799,3.375,,2.044522762298584,,,,3.375,,,,,,,,,
23200000,5800,3.0,,2.0166149139404297,,,,3.0,,,,,,,,,
23204000,5801,3.0,,2.0815043449401855,,,,3.0,,,,,,,,,
23208000,5802,3.25,,2.021047830581665,,,,3.25,,,,,,,,,
23212000,5803,2.0,,2.0627169609069824,,,,2.0,,,,,,,,,
23216000,5804,2.375,,2.170118808746338,,,,2.375,,,,,,,,,
23220000,5805,3.0,,2.108121395111084,,,,3.0,,,,,,,,,
23224000,5806,2.125,,2.1004083156585693,,,,2.125,,,,,,,,,
23228000,5807,2.75,,1.9429402351379395,,,,2.75,,,,,,,,,
23232000,5808,2.0,,2.062633514404297,,,,2.0,,,,,,,,,
23236000,5809,2.5,,1.9781508445739746,,,,2.5,,,,,,,,,
23240000,5810,2.875,,1.963909387588501,,,,2.875,,,,,,,,,
23244000,5811,2.625,,2.0680394172668457,,,,2.625,,,,,,,,,
23248000,5812,3.25,,1.9609524011611938,,,,3.25,,,,,,,,,
23252000,5813,2.0,,2.0500688552856445,,,,2.0,,,,,,,,,
23256000,5814,3.0,,2.1076736450195312,,,,3.0,,,,,,,,,
23260000,5815,2.75,,2.077785015106201,,,,2.75,,,,,,,,,
23264000,5816,3.5,,2.096728801727295,,,,3.5,,,,,,,,,
23268000,5817,2.375,,2.060091257095337,,,,2.375,,,,,,,,,
23272000,5818,2.625,,2.1555562019348145,,,,2.625,,,,,,,,,
23276000,5819,3.125,,2.0285704135894775,,,,3.125,,,,,,,,,
23280000,5820,3.25,,2.031587600708008,,,,3.25,,,,,,,,,
23284000,5821,3.25,,2.0784730911254883,,,,3.25,,,,,,,,,
23288000,5822,3.125,,2.100961923599243,,,,3.125,,,,,,,,,
23292000,5823,2.75,,1.9845167398452759,,,,2.75,,,,,,,,,
23296000,5824,3.75,,2.0434281826019287,,,,3.75,,,,,,,,,
23300000,5825,4.0,,1.966291904449463,,,,4.0,,,,,,,,,
23304000,5826,1.875,,2.030251979827881,,,,1.875,,,,,,,,,
23308000,5827,3.375,,1.955885410308838,,,,3.375,,,,,,,,,
23312000,5828,3.625,,2.091705322265625,,,,3.625,,,,,,,,,
23316000,5829,3.5,,2.1392292976379395,,,,3.5,,,,,,,,,
23320000,5830,3.0,,2.1329989433288574,,,,3.0,,,,,,,,,
23324000,5831,3.5,,2.0569310188293457,,,,3.5,,,,,,,,,
23328000,5832,3.5,,2.0242996215820312,,,,3.5,,,,,,,,,
23332000,5833,3.625,,2.09318470954895,,,,3.625,,,,,,,,,
23336000,5834,3.625,,2.0228114128112793,,,,3.625,,,,,,,,,
23340000,5835,3.5,,2.158435344696045,,,,3.5,,,,,,,,,
23344000,5836,3.625,,2.104816436767578,,,,3.625,,,,,,,,,
23348000,5837,3.625,,2.0377864837646484,,,,3.625,,,,,,,,,
23352000,5838,2.5,,2.1621947288513184,,,,2.5,,,,,,,,,
23356000,5839,3.0,,2.2040719985961914,,,,3.0,,,,,,,,,
23360000,5840,3.5,,2.1149282455444336,,,,3.5,,,,,,,,,
23364000,5841,2.5,,2.0921828746795654,,,,2.5,,,,,,,,,
23368000,5842,3.5,,2.151648998260498,,,,3.5,,,,,,,,,
23372000,5843,2.875,,2.063960075378418,,,,2.875,,,,,,,,,
23376000,5844,3.5,,2.138275146484375,,,,3.5,,,,,,,,,
23380000,5845,2.75,,2.058969497680664,,,,2.75,,,,,,,,,
23384000,5846,3.375,,2.085740327835083,,,,3.375,,,,,,,,,
23388000,5847,2.0,,2.2215912342071533,,,,2.0,,,,,,,,,
23392000,5848,2.875,,2.156043529510498,,,,2.875,,,,,,,,,
23396000,5849,3.375,,1.9953019618988037,,,,3.375,,,,,,,,,
23400000,5850,3.0,,1.9995198249816895,,,,3.0,,,,,,,,,
23404000,5851,2.625,,2.005218267440796,,,,2.625,,,,,,,,,
23408000,5852,3.75,,2.1665616035461426,,,,3.75,,,,,,,,,
23412000,5853,2.5,,2.1151773929595947,,,,2.5,,,,,,,,,
23416000,5854,3.5,,2.194070816040039,,,,3.5,,,,,,,,,
23420000,5855,2.875,,2.1131274700164795,,,,2.875,,,,,,,,,
23424000,5856,3.375,,2.1965270042419434,,,,3.375,,,,,,,,,
23428000,5857,2.75,,2.09554386138916,,,,2.75,,,,,,,,,
23432000,5858,3.25,,2.1151983737945557,,,,3.25,,,,,,,,,
23436000,5859,3.375,,2.1395678520202637,,,,3.375,,,,,,,,,
23440000,5860,2.25,,2.1238861083984375,,,,2.25,,,,,,,,,
23444000,5861,3.125,,2.085958480834961,,,,3.125,,,,,,,,,
23448000,5862,1.625,,2.1286957263946533,,,,1.625,,,,,,,,,
23452000,5863,2.875,,2.0469391345977783,,,,2.875,,,,,,,,,
23456000,5864,3.5,,2.1015024185180664,,,,3.5,,,,,,,,,
23460000,5865,2.625,,2.1623005867004395,,,,2.625,,,,,,,,,
23464000,5866,0.875,,2.226667881011963,,,,0.875,,,,,,,,,
23468000,5867,2.875,,2.1358633041381836,,,,2.875,,,,,,,,,
23472000,5868,2.375,,1.9384657144546509,,,,2.375,,,,,,,,,
23476000,5869,1.125,,2.023110866546631,,,,1.125,,,,,,,,,
23480000,5870,2.375,,2.1222028732299805,,,,2.375,,,,,,,,,
23484000,5871,3.5,,2.175611972808838,,,,3.5,,,,,,,,,
23488000,5872,2.5,,2.172572135925293,,,,2.5,,,,,,,,,
23492000,5873,3.0,,2.0915284156799316,,,,3.0,,,,,,,,,
23496000,5874,2.25,,2.13832688331604,,,,2.25,,,,,,,,,
23500000,5875,1.5,,2.3717007637023926,,,,1.5,,,,,,,,,
23504000,5876,1.875,,2.252943754196167,,,,1.875,,,,,,,,,
23508000,5877,3.625,,2.134904384613037,,,,3.625,,,,,,,,,
23512000,5878,1.625,,2.0338358879089355,,,,1.625,,,,,,,,,
23516000,5879,1.375,,2.079239845275879,,,,1.375,,,,,,,,,
23520000,5880,1.625,,2.1998729705810547,,,,1.625,,,,,,,,,
23524000,5881,2.5,,2.0680155754089355,,,,2.5,,,,,,,,,
23528000,5882,2.375,,2.0519466400146484,,,,2.375,,,,,,,,,
23532000,5883,3.25,,2.0475072860717773,,,,3.25,,,,,,,,,
23536000,5884,2.875,,2.099278450012207,,,,2.875,,,,,,,,,
23540000,5885,2.5,,2.143299102783203,,,,2.5,,,,,,,,,
23544000,5886,3.25,,2.1758925914764404,,,,3.25,,,,,,,,,
23548000,5887,2.25,,2.236541748046875,,,,2.25,,,,,,,,,
23552000,5888,3.0,,2.2311482429504395,,,,3.0,,,,,,,,,
23556000,5889,2.375,,2.1430861949920654,,,,2.375,,,,,,,,,
23560000,5890,1.75,,2.153965950012207,,,,1.75,,,,,,,,,
23564000,5891,1.875,,2.150561809539795,,,,1.875,,,,,,,,,
23568000,5892,2.5,,2.089724063873291,,,,2.5,,,,,,,,,
23572000,5893,2.375,,2.018714427947998,,,,2.375,,,,,,,,,
23576000,5894,2.125,,2.0554232597351074,,,,2.125,,,,,,,,,
23580000,5895,1.625,,2.057096004486084,,,,1.625,,,,,,,,,
23584000,5896,0.625,,2.121741771697998,,,,0.625,,,,,,,,,
23588000,5897,2.75,,2.1956348419189453,,,,2.75,,,,,,,,,
23592000,5898,2.75,,2.147345781326294,,,,2.75,,,,,,,,,
23596000,5899,1.75,,2.1656594276428223,,,,1.75,,,,,,,,,
23600000,5900,1.875,,2.1567301750183105,,,,1.875,,,,,,,,,
23604000,5901,2.25,,2.1392822265625,,,,2.25,,,,,,,,,
23608000,5902,2.875,,1.966557264328003,,,,2.875,,,,,,,,,
23612000,5903,3.125,,1.932661533355713,,,,3.125,,,,,,,,,
23616000,5904,2.875,,2.0418777465820312,,,,2.875,,,,,,,,,
23620000,5905,2.875,,2.016641139984131,,,,2.875,,,,,,,,,
23624000,5906,3.625,,2.242069721221924,,,,3.625,,,,,,,,,
23628000,5907,2.75,,2.1084749698638916,,,,2.75,,,,,,,,,
23632000,5908,2.375,,2.1792054176330566,,,,2.375,,,,,,,,,
23636000,5909,2.5,,1.9423891305923462,,,,2.5,,,,,,,,,
23640000,5910,2.75,,2.1203532218933105,,,,2.75,,,,,,,,,
23644000,5911,3.75,,2.051316976547241,,,,3.75,,,,,,,,,
23648000,5912,3.125,,2.081651210784912,,,,3.125,,,,,,,,,
23652000,5913,3.375,,1.9559869766235352,,,,3.375,,,,,,,,,
23656000,5914,2.875,,2.002148151397705,,,,2.875,,,,,,,,,
23660000,5915,3.375,,2.0332071781158447,,,,3.375,,,,,,,,,
23664000,5916,3.25,,2.1645679473876953,,,,3.25,,,,,,,,,
23668000,5917,3.875,,2.1786344051361084,,,,3.875,,,,,,,,,
23672000,5918,3.0,,2.120043992996216,,,,3.0,,,,,,,,,
23676000,5919,3.75,,2.042613983154297,,,,3.75,,,,,,,,,
23680000,5920,2.625,,1.9809725284576416,,,,2.625,,,,,,,,,
23684000,5921,3.0,,1.9995981454849243,,,,3.0,,,,,,,,,
23688000,5922,3.375,,2.0648531913757324,,,,3.375,,,,,,,,,
23692000,5923,2.75,,2.0617973804473877,,,,2.75,,,,,,,,,
23696000,5924,2.625,,2.044863224029541,,,,2.625,,,,,,,,,
23700000,5925,2.875,,2.0763092041015625,,,,2.875,,,,,,,,,
23704000,5926,3.125,,1.9421141147613525,,,,3.125,,,,,,,,,
23708000,5927,2.875,,2.109222650527954,,,,2.875,,,,,,,,,
23712000,5928,3.375,,2.097998857498169,,,,3.375,,,,,,,,,
23716000,5929,3.375,,2.2633960247039795,,,,3.375,,,,,,,,,
23720000,5930,3.0,,2.0598483085632324,,,,3.0,,,,,,,,,
23724000,5931,3.0,,1.9921226501464844,,,,3.0,,,,,,,,,
23728000,5932,3.25,,2.0821962356567383,,,,3.25,,,,,,,,,
23732000,5933,3.125,,2.0002317428588867,,,,3.125,,,,,,,,,
23736000,5934,3.0,,2.109074354171753,,,,3.0,,,,,,,,,
23740000,5935,3.625,,2.0937161445617676,,,,3.625,,,,,,,,,
23744000,5936,2.625,,2.1321659088134766,,,,2.625,,,,,,,,,
23748000,5937,3.125,,2.0787172317504883,,,,3.125,,,,,,,,,
23752000,5938,3.125,,2.0296630859375,,,,3.125,,,,,,,,,
23756000,5939,4.0,,2.2799582481384277,,,,4.0,,,,,,,,,
23760000,5940,3.75,,2.2356698513031006,,,,3.75,,,,,,,,,
23764000,5941,2.875,,2.172429084777832,,,,2.875,,,,,,,,,
23768000,5942,3.375,,2.1568691730499268,,,,3.375,,,,,,,,,
23772000,5943,2.75,,2.125915765762329,,,,2.75,,,,,,,,,
23776000,5944,2.875,,2.029026985168457,,,,2.875,,,,,,,,,
23780000,5945,2.375,,2.1315879821777344,,,,2.375,,,,,,,,,
23784000,5946,3.625,,2.171461582183838,,,,3.625,,,,,,,,,
23788000,5947,3.25,,2.1804447174072266,,,,3.25,,,,,,,,,
23792000,5948,2.75,,2.108672857284546,,,,2.75,,,,,,,,,
23796000,5949,3.375,,2.143244504928589,,,,3.375,,,,,,,,,
23800000,5950,2.375,,2.0755112171173096,,,,2.375,,,,,,,,,
23804000,5951,3.0,,2.1092844009399414,,,,3.0,,,,,,,,,
23808000,5952,4.25,,2.0740408897399902,,,,4.25,,,,,,,,,
23812000,5953,3.75,,2.1131577491760254,,,,3.75,,,,,,,,,
23816000,5954,3.75,,2.0579681396484375,,,,3.75,,,,,,,,,
23820000,5955,3.375,,2.0574097633361816,,,,3.375,,,,,,,,,
23824000,5956,2.875,,2.134908676147461,,,,2.875,,,,,,,,,
23828000,5957,2.375,,2.083221912384033,,,,2.375,,,,,,,,,
23832000,5958,3.625,,2.0874485969543457,,,,3.625,,,,,,,,,
23836000,5959,3.0,,2.198491096496582,,,,3.0,,,,,,,,,
23840000,5960,2.875,,2.0649847984313965,,,,2.875,,,,,,,,,
23844000,5961,2.875,,2.009416103363037,,,,2.875,,,,,,,,,
23848000,5962,1.375,,2.1023850440979004,,,,1.375,,,,,,,,,
23852000,5963,3.625,,2.1049654483795166,,,,3.625,,,,,,,,,
23856000,5964,3.375,,2.144334077835083,,,,3.375,,,,,,,,,
23860000,5965,2.0,,2.14909029006958,,,,2.0,,,,,,,,,
23864000,5966,2.875,,2.140216827392578,,,,2.875,,,,,,,,,
23868000,5967,3.75,,2.080063819885254,,,,3.75,,,,,,,,,
23872000,5968,2.25,,2.0083553791046143,,,,2.25,,,,,,,,,
23876000,5969,3.25,,1.9986281394958496,,,,3.25,,,,,,,,,
23880000,5970,3.125,,2.074528217315674,,,,3.125,,,,,,,,,
23884000,5971,3.25,,2.00075101852417,,,,3.25,,,,,,,,,
23888000,5972,3.375,,2.0702152252197266,,,,3.375,,,,,,,,,
23892000,5973,3.375,,2.120142936706543,,,,3.375,,,,,,,,,
23896000,5974,3.5,,1.9854795932769775,,,,3.5,,,,,,,,,
23900000,5975,2.625,,2.1596736907958984,,,,2.625,,,,,,,,,
23904000,5976,3.875,,2.008052110671997,,,,3.875,,,,,,,,,
23908000,5977,4.25,,2.075601816177368,,,,4.25,,,,,,,,,
23912000,5978,3.875,,2.1821603775024414,,,,3.875,,,,,,,,,
23916000,5979,3.125,,2.1203222274780273,,,,3.125,,,,,,,,,
23920000,5980,3.375,,2.076093912124634,,,,3.375,,,,,,,,,
23924000,5981,3.125,,2.059706449508667,,,,3.125,,,,,,,,,
23928000,5982,3.625,,2.0756757259368896,,,,3.625,,,,,,,,,
23932000,5983,2.375,,2.0690464973449707,,,,2.375,,,,,,,,,
23936000,5984,3.875,,2.046529531478882,,,,3.875,,,,,,,,,
23940000,5985,3.875,,2.1559834480285645,,,,3.875,,,,,,,,,
23944000,5986,3.5,,2.133269786834717,,,,3.5,,,,,,,,,
23948000,5987,3.75,,2.066565990447998,,,,3.75,,,,,,,,,
23952000,5988,3.75,,2.1887691020965576,,,,3.75,,,,,,,,,
23956000,5989,3.25,,2.127439022064209,,,,3.25,,,,,,,,,
23960000,5990,3.5,,2.091341495513916,,,,3.5,,,,,,,,,
23964000,5991,3.25,,2.09617018699646,,,,3.25,,,,,,,,,
23968000,5992,3.625,,2.0593082904815674,,,,3.625,,,,,,,,,
23972000,5993,3.625,,2.095801830291748,,,,3.625,,,,,,,,,
23976000,5994,2.625,,2.122218608856201,,,,2.625,,,,,,,,,
23980000,5995,3.0,,2.134430170059204,,,,3.0,,,,,,,,,
23984000,5996,3.625,,2.1241848468780518,,,,3.625,,,,,,,,,
23988000,5997,3.875,,2.229193687438965,,,,3.875,,,,,,,,,
23992000,5998,3.75,,2.21303653717041,,,,3.75,,,,,,,,,
23996000,5999,3.5,,2.2249178886413574,,,,3.5,,,,,,,,,
24000000,6000,3.125,,2.1197853088378906,,,,3.125,,,,,,,,,
