environment_steps,updates,mean_episode_returns,entropy,loss,actor_loss,value_loss,reward_std_mean,deliveries,block_rate,idle_rate,pickup_rate,deliveries_early,deliveries_mid,deliveries_late,block_early,block_mid,block_late
4000,1,0.0,,nan,,,,0.0,,,,,,,,,
8000,2,0.0,,nan,,,,0.0,,,,,,,,,
12000,3,0.0,,nan,,,,0.0,,,,,,,,,
16000,4,0.0,,4.355559349060059,,,,0.0,,,,,,,,,
20000,5,0.0,,2.1979384422302246,,,,0.0,,,,,,,,,
24000,6,0.0,,0.7951648235321045,,,,0.0,,,,,,,,,
28000,7,0.0,,0.23733660578727722,,,,0.0,,,,,,,,,
32000,8,0.0,,0.08784036338329315,,,,0.0,,,,,,,,,
36000,9,0.125,,5.131415843963623,,,,0.125,,,,,,,,,
40000,10,0.0,,9.93386173248291,,,,0.0,,,,,,,,,
44000,11,0.0,,1.199432134628296,,,,0.0,,,,,,,,,
48000,12,0.0,,0.8573736548423767,,,,0.0,,,,,,,,,
52000,13,0.0,,0.04317425191402435,,,,0.0,,,,,,,,,
56000,14,0.0,,1.8919100761413574,,,,0.0,,,,,,,,,
60000,15,0.0,,1.1010701656341553,,,,0.0,,,,,,,,,
64000,16,0.0,,1.0035306215286255,,,,0.0,,,,,,,,,
68000,17,0.0,,0.04878205806016922,,,,0.0,,,,,,,,,
72000,18,0.0,,2.5705742835998535,,,,0.0,,,,,,,,,
76000,19,0.0,,1.9532843828201294,,,,0.0,,,,,,,,,
80000,20,0.0,,1.9198858737945557,,,,0.0,,,,,,,,,
84000,21,0.0,,0.7914326190948486,,,,0.0,,,,,,,,,
88000,22,0.0,,1.5261900424957275,,,,0.0,,,,,,,,,
92000,23,0.0,,0.07000511884689331,,,,0.0,,,,,,,,,
96000,24,0.0,,1.32906174659729,,,,0.0,,,,,,,,,
100000,25,0.0,,0.07843494415283203,,,,0.0,,,,,,,,,
104000,26,0.0,,0.07773740589618683,,,,0.0,,,,,,,,,
108000,27,0.0,,1.3866469860076904,,,,0.0,,,,,,,,,
112000,28,0.125,,2.0266294479370117,,,,0.125,,,,,,,,,
116000,29,0.125,,0.06752967834472656,,,,0.125,,,,,,,,,
120000,30,0.125,,2.436047315597534,,,,0.125,,,,,,,,,
124000,31,0.0,,0.9597228169441223,,,,0.0,,,,,,,,,
128000,32,0.0,,5.935701847076416,,,,0.0,,,,,,,,,
132000,33,0.125,,1.7772146463394165,,,,0.125,,,,,,,,,
136000,34,0.25,,1.1642636060714722,,,,0.25,,,,,,,,,
140000,35,0.0,,3.2485203742980957,,,,0.0,,,,,,,,,
144000,36,0.0,,0.8521019816398621,,,,0.0,,,,,,,,,
148000,37,0.0,,5.155703067779541,,,,0.0,,,,,,,,,
152000,38,0.0,,1.4148139953613281,,,,0.0,,,,,,,,,
156000,39,0.0,,1.3985260725021362,,,,0.0,,,,,,,,,
160000,40,0.0,,2.7334508895874023,,,,0.0,,,,,,,,,
164000,41,0.0,,2.4204790592193604,,,,0.0,,,,,,,,,
168000,42,0.0,,3.481468439102173,,,,0.0,,,,,,,,,
172000,43,0.0,,4.028139591217041,,,,0.0,,,,,,,,,
176000,44,0.0,,2.2926952838897705,,,,0.0,,,,,,,,,
180000,45,0.0,,2.866434335708618,,,,0.0,,,,,,,,,
184000,46,0.0,,0.5292196869850159,,,,0.0,,,,,,,,,
188000,47,0.0,,1.3096787929534912,,,,0.0,,,,,,,,,
192000,48,0.0,,0.7205777764320374,,,,0.0,,,,,,,,,
196000,49,0.0,,0.5009450912475586,,,,0.0,,,,,,,,,
200000,50,0.0,,1.1401525735855103,,,,0.0,,,,,,,,,
204000,51,0.0,,0.5025392174720764,,,,0.0,,,,,,,,,
208000,52,0.0,,2.3298075199127197,,,,0.0,,,,,,,,,
212000,53,0.0,,1.3911511898040771,,,,0.0,,,,,,,,,
216000,54,0.0,,0.5846607089042664,,,,0.0,,,,,,,,,
220000,55,0.0,,1.583016037940979,,,,0.0,,,,,,,,,
224000,56,0.0,,1.090312123298645,,,,0.0,,,,,,,,,
228000,57,0.0,,0.008685551583766937,,,,0.0,,,,,,,,,
232000,58,0.0,,1.9920148849487305,,,,0.0,,,,,,,,,
236000,59,0.0,,0.007822479121387005,,,,0.0,,,,,,,,,
240000,60,0.0,,0.007530783303081989,,,,0.0,,,,,,,,,
244000,61,0.125,,1.7722851037979126,,,,0.125,,,,,,,,,
248000,62,0.0,,0.5315051674842834,,,,0.0,,,,,,,,,
252000,63,0.0,,2.093144178390503,,,,0.0,,,,,,,,,
256000,64,0.0,,0.00651618093252182,,,,0.0,,,,,,,,,
260000,65,0.0,,0.006179116666316986,,,,0.0,,,,,,,,,
264000,66,0.0,,0.5988629460334778,,,,0.0,,,,,,,,,
268000,67,0.0,,0.6012820601463318,,,,0.0,,,,,,,,,
272000,68,0.0,,0.604081392288208,,,,0.0,,,,,,,,,
276000,69,0.0,,0.6026697754859924,,,,0.0,,,,,,,,,
280000,70,0.0,,0.6506884098052979,,,,0.0,,,,,,,,,
284000,71,0.0,,1.7859156131744385,,,,0.0,,,,,,,,,
288000,72,0.0,,2.047502040863037,,,,0.0,,,,,,,,,
292000,73,0.125,,0.5933324098587036,,,,0.125,,,,,,,,,
296000,74,0.0,,0.85528963804245,,,,0.0,,,,,,,,,
300000,75,0.0,,0.7289221882820129,,,,0.0,,,,,,,,,
304000,76,0.0,,1.640058159828186,,,,0.0,,,,,,,,,
308000,77,0.0,,0.5581554770469666,,,,0.0,,,,,,,,,
312000,78,0.0,,1.3973859548568726,,,,0.0,,,,,,,,,
316000,79,0.0,,0.7305872440338135,,,,0.0,,,,,,,,,
320000,80,0.0,,0.0048255533911287785,,,,0.0,,,,,,,,,
324000,81,0.0,,2.189547061920166,,,,0.0,,,,,,,,,
328000,82,0.0,,1.760027289390564,,,,0.0,,,,,,,,,
332000,83,0.0,,1.846569538116455,,,,0.0,,,,,,,,,
336000,84,0.0,,0.6750377416610718,,,,0.0,,,,,,,,,
340000,85,0.0,,0.6344543099403381,,,,0.0,,,,,,,,,
344000,86,0.0,,1.879066824913025,,,,0.0,,,,,,,,,
348000,87,0.0,,1.1729183197021484,,,,0.0,,,,,,,,,
352000,88,0.0,,1.5492181777954102,,,,0.0,,,,,,,,,
356000,89,0.0,,1.6216362714767456,,,,0.0,,,,,,,,,
360000,90,0.0,,1.311642050743103,,,,0.0,,,,,,,,,
364000,91,0.0,,1.4520466327667236,,,,0.0,,,,,,,,,
368000,92,0.0,,0.00488303555175662,,,,0.0,,,,,,,,,
372000,93,0.0,,1.55078125,,,,0.0,,,,,,,,,
376000,94,0.0,,0.9283924698829651,,,,0.0,,,,,,,,,
380000,95,0.0,,1.9999845027923584,,,,0.0,,,,,,,,,
384000,96,0.0,,0.005479696672409773,,,,0.0,,,,,,,,,
388000,97,0.0,,1.9341721534729004,,,,0.0,,,,,,,,,
392000,98,0.0,,0.004130132496356964,,,,0.0,,,,,,,,,
396000,99,0.0,,0.004010879434645176,,,,0.0,,,,,,,,,
400000,100,0.0,,1.160825252532959,,,,0.0,,,,,,,,,
404000,101,0.0,,0.45687150955200195,,,,0.0,,,,,,,,,
408000,102,0.0,,1.6494879722595215,,,,0.0,,,,,,,,,
412000,103,0.125,,0.5634437799453735,,,,0.125,,,,,,,,,
416000,104,0.0,,0.45884352922439575,,,,0.0,,,,,,,,,
420000,105,0.0,,0.4811649024486542,,,,0.0,,,,,,,,,
424000,106,0.0,,0.8049845099449158,,,,0.0,,,,,,,,,
428000,107,0.0,,1.135068655014038,,,,0.0,,,,,,,,,
432000,108,0.0,,0.6021693348884583,,,,0.0,,,,,,,,,
436000,109,0.0,,1.0630258321762085,,,,0.0,,,,,,,,,
440000,110,0.0,,1.8701118230819702,,,,0.0,,,,,,,,,
444000,111,0.0,,0.7892243266105652,,,,0.0,,,,,,,,,
448000,112,0.0,,0.5303055047988892,,,,0.0,,,,,,,,,
452000,113,0.0,,0.6349961757659912,,,,0.0,,,,,,,,,
456000,114,0.0,,0.7310410737991333,,,,0.0,,,,,,,,,
460000,115,0.0,,0.598991334438324,,,,0.0,,,,,,,,,
464000,116,0.0,,0.7350765466690063,,,,0.0,,,,,,,,,
468000,117,0.0,,1.2004960775375366,,,,0.0,,,,,,,,,
472000,118,0.0,,1.6450445652008057,,,,0.0,,,,,,,,,
476000,119,0.0,,0.5066404342651367,,,,0.0,,,,,,,,,
480000,120,0.0,,2.4688973426818848,,,,0.0,,,,,,,,,
484000,121,0.0,,0.6362718939781189,,,,0.0,,,,,,,,,
488000,122,0.0,,0.7361986041069031,,,,0.0,,,,,,,,,
492000,123,0.0,,0.004472153726965189,,,,0.0,,,,,,,,,
496000,124,0.0,,1.8873412609100342,,,,0.0,,,,,,,,,
500000,125,0.0,,0.44121983647346497,,,,0.0,,,,,,,,,
504000,126,0.0,,0.5114659667015076,,,,0.0,,,,,,,,,
508000,127,0.0,,0.6926990747451782,,,,0.0,,,,,,,,,
512000,128,0.0,,1.5854288339614868,,,,0.0,,,,,,,,,
516000,129,0.0,,0.9681276082992554,,,,0.0,,,,,,,,,
520000,130,0.0,,0.9691437482833862,,,,0.0,,,,,,,,,
524000,131,0.0,,2.459806203842163,,,,0.0,,,,,,,,,
528000,132,0.0,,0.004156924318522215,,,,0.0,,,,,,,,,
532000,133,0.0,,0.003809607122093439,,,,0.0,,,,,,,,,
536000,134,0.0,,0.6070555448532104,,,,0.0,,,,,,,,,
540000,135,0.0,,0.4664360284805298,,,,0.0,,,,,,,,,
544000,136,0.0,,0.0033860390540212393,,,,0.0,,,,,,,,,
548000,137,0.0,,0.7016574740409851,,,,0.0,,,,,,,,,
552000,138,0.0,,1.1252257823944092,,,,0.0,,,,,,,,,
556000,139,0.0,,1.847614049911499,,,,0.0,,,,,,,,,
560000,140,0.0,,0.0030573292169719934,,,,0.0,,,,,,,,,
564000,141,0.0,,0.6190041303634644,,,,0.0,,,,,,,,,
568000,142,0.0,,0.5864927172660828,,,,0.0,,,,,,,,,
572000,143,0.0,,1.2049002647399902,,,,0.0,,,,,,,,,
576000,144,0.0,,0.002841800916939974,,,,0.0,,,,,,,,,
580000,145,0.0,,0.002440663054585457,,,,0.0,,,,,,,,,
584000,146,0.0,,1.6076323986053467,,,,0.0,,,,,,,,,
588000,147,0.0,,0.002835451625287533,,,,0.0,,,,,,,,,
592000,148,0.0,,0.5230441689491272,,,,0.0,,,,,,,,,
596000,149,0.0,,0.002673010341823101,,,,0.0,,,,,,,,,
600000,150,0.0,,1.10918128490448,,,,0.0,,,,,,,,,
604000,151,0.0,,1.3321281671524048,,,,0.0,,,,,,,,,
608000,152,0.0,,0.47717809677124023,,,,0.0,,,,,,,,,
612000,153,0.0,,2.2530219554901123,,,,0.0,,,,,,,,,
616000,154,0.0,,0.0030846884474158287,,,,0.0,,,,,,,,,
620000,155,0.0,,0.0025387853384017944,,,,0.0,,,,,,,,,
624000,156,0.0,,0.6722219586372375,,,,0.0,,,,,,,,,
628000,157,0.0,,0.7239960432052612,,,,0.0,,,,,,,,,
632000,158,0.0,,1.3522579669952393,,,,0.0,,,,,,,,,
636000,159,0.0,,0.002256816253066063,,,,0.0,,,,,,,,,
640000,160,0.0,,1.4565882682800293,,,,0.0,,,,,,,,,
644000,161,0.0,,0.004037594888359308,,,,0.0,,,,,,,,,
648000,162,0.0,,0.0030725484248250723,,,,0.0,,,,,,,,,
652000,163,0.0,,0.0023834984749555588,,,,0.0,,,,,,,,,
656000,164,0.0,,0.49744632840156555,,,,0.0,,,,,,,,,
660000,165,0.0,,0.002013493562117219,,,,0.0,,,,,,,,,
664000,166,0.0,,0.0018452449003234506,,,,0.0,,,,,,,,,
668000,167,0.0,,0.7562934756278992,,,,0.0,,,,,,,,,
672000,168,0.0,,0.6632610559463501,,,,0.0,,,,,,,,,
676000,169,0.0,,0.8191894292831421,,,,0.0,,,,,,,,,
680000,170,0.0,,0.0023257967550307512,,,,0.0,,,,,,,,,
684000,171,0.0,,0.6721141338348389,,,,0.0,,,,,,,,,
688000,172,0.0,,0.0022825240157544613,,,,0.0,,,,,,,,,
692000,173,0.0,,0.5421825647354126,,,,0.0,,,,,,,,,
696000,174,0.0,,0.002405544277280569,,,,0.0,,,,,,,,,
700000,175,0.0,,0.4966067671775818,,,,0.0,,,,,,,,,
704000,176,0.0,,0.002056416589766741,,,,0.0,,,,,,,,,
708000,177,0.0,,0.7853687405586243,,,,0.0,,,,,,,,,
712000,178,0.0,,0.00221834983676672,,,,0.0,,,,,,,,,
716000,179,0.0,,0.5844011306762695,,,,0.0,,,,,,,,,
720000,180,0.0,,0.0022271049674600363,,,,0.0,,,,,,,,,
724000,181,0.0,,0.8580276966094971,,,,0.0,,,,,,,,,
728000,182,0.0,,1.0166977643966675,,,,0.0,,,,,,,,,
732000,183,0.0,,0.002238389104604721,,,,0.0,,,,,,,,,
736000,184,0.0,,0.0018961193272843957,,,,0.0,,,,,,,,,
740000,185,0.0,,0.0019704531878232956,,,,0.0,,,,,,,,,
744000,186,0.0,,0.7600979804992676,,,,0.0,,,,,,,,,
748000,187,0.0,,0.0020091356709599495,,,,0.0,,,,,,,,,
752000,188,0.0,,0.0017550382763147354,,,,0.0,,,,,,,,,
756000,189,0.0,,0.0016981831286102533,,,,0.0,,,,,,,,,
760000,190,0.0,,0.0015661036595702171,,,,0.0,,,,,,,,,
764000,191,0.0,,0.0015477987471967936,,,,0.0,,,,,,,,,
768000,192,0.0,,0.8359914422035217,,,,0.0,,,,,,,,,
772000,193,0.0,,0.0018373471684753895,,,,0.0,,,,,,,,,
776000,194,0.0,,0.6229335069656372,,,,0.0,,,,,,,,,
780000,195,0.0,,0.6611660122871399,,,,0.0,,,,,,,,,
784000,196,0.0,,0.0019559371285140514,,,,0.0,,,,,,,,,
788000,197,0.0,,0.0018115472048521042,,,,0.0,,,,,,,,,
792000,198,0.125,,0.0015789107419550419,,,,0.125,,,,,,,,,
796000,199,0.0,,0.0015292210737243295,,,,0.0,,,,,,,,,
800000,200,0.0,,0.0015119400341063738,,,,0.0,,,,,,,,,
804000,201,0.0,,0.001512050279416144,,,,0.0,,,,,,,,,
808000,202,0.0,,0.8135002851486206,,,,0.0,,,,,,,,,
812000,203,0.0,,1.0194271802902222,,,,0.0,,,,,,,,,
816000,204,0.0,,0.008969729766249657,,,,0.0,,,,,,,,,
820000,205,0.0,,0.005199050065129995,,,,0.0,,,,,,,,,
824000,206,0.125,,0.005410361103713512,,,,0.125,,,,,,,,,
828000,207,0.0,,0.0050149415619671345,,,,0.0,,,,,,,,,
832000,208,0.0,,0.6571139693260193,,,,0.0,,,,,,,,,
836000,209,0.0,,0.692966639995575,,,,0.0,,,,,,,,,
840000,210,0.0,,0.003931189421564341,,,,0.0,,,,,,,,,
844000,211,0.0,,0.0029828674159944057,,,,0.0,,,,,,,,,
848000,212,0.0,,0.002691666129976511,,,,0.0,,,,,,,,,
852000,213,0.0,,0.0022871261462569237,,,,0.0,,,,,,,,,
856000,214,0.0,,0.00193983712233603,,,,0.0,,,,,,,,,
860000,215,0.0,,0.7506018877029419,,,,0.0,,,,,,,,,
864000,216,0.0,,0.67284095287323,,,,0.0,,,,,,,,,
868000,217,0.0,,0.918739914894104,,,,0.0,,,,,,,,,
872000,218,0.0,,0.0016046019736677408,,,,0.0,,,,,,,,,
876000,219,0.0,,0.0015366504667326808,,,,0.0,,,,,,,,,
880000,220,0.0,,0.0015350774629041553,,,,0.0,,,,,,,,,
884000,221,0.0,,0.0014308204408735037,,,,0.0,,,,,,,,,
888000,222,0.0,,0.001536959782242775,,,,0.0,,,,,,,,,
892000,223,0.0,,0.0015754674095660448,,,,0.0,,,,,,,,,
896000,224,0.0,,0.001361265080049634,,,,0.0,,,,,,,,,
900000,225,0.0,,0.0013649307657033205,,,,0.0,,,,,,,,,
904000,226,0.0,,0.0014018367510288954,,,,0.0,,,,,,,,,
908000,227,0.0,,0.7051504850387573,,,,0.0,,,,,,,,,
912000,228,0.0,,0.6404967904090881,,,,0.0,,,,,,,,,
916000,229,0.0,,0.0016672741621732712,,,,0.0,,,,,,,,,
920000,230,0.0,,0.0013100802898406982,,,,0.0,,,,,,,,,
924000,231,0.0,,0.001229304587468505,,,,0.0,,,,,,,,,
928000,232,0.0,,0.8501291871070862,,,,0.0,,,,,,,,,
932000,233,0.0,,0.001462395302951336,,,,0.0,,,,,,,,,
936000,234,0.0,,0.0015792670892551541,,,,0.0,,,,,,,,,
940000,235,0.0,,0.8088064193725586,,,,0.0,,,,,,,,,
944000,236,0.0,,0.0015518898144364357,,,,0.0,,,,,,,,,
948000,237,0.0,,0.0012107003713026643,,,,0.0,,,,,,,,,
952000,238,0.0,,0.0011939938412979245,,,,0.0,,,,,,,,,
956000,239,0.0,,0.0011876998469233513,,,,0.0,,,,,,,,,
960000,240,0.0,,0.0012615675805136561,,,,0.0,,,,,,,,,
964000,241,0.0,,0.0011745921801775694,,,,0.0,,,,,,,,,
968000,242,0.0,,0.0012105456553399563,,,,0.0,,,,,,,,,
972000,243,0.0,,0.0012405402958393097,,,,0.0,,,,,,,,,
976000,244,0.0,,0.0012304950505495071,,,,0.0,,,,,,,,,
980000,245,0.0,,0.0012377562234178185,,,,0.0,,,,,,,,,
984000,246,0.0,,0.0010172614129260182,,,,0.0,,,,,,,,,
988000,247,0.0,,1.8718161582946777,,,,0.0,,,,,,,,,
992000,248,0.0,,0.0022503782529383898,,,,0.0,,,,,,,,,
996000,249,0.0,,0.0016742721199989319,,,,0.0,,,,,,,,,
1000000,250,0.0,,0.0014099333202466369,,,,0.0,,,,,,,,,
1004000,251,0.0,,0.0013251804048195481,,,,0.0,,,,,,,,,
1008000,252,0.0,,0.0012467957567423582,,,,0.0,,,,,,,,,
1012000,253,0.0,,1.0389235019683838,,,,0.0,,,,,,,,,
1016000,254,0.0,,0.0012316233478486538,,,,0.0,,,,,,,,,
1020000,255,0.0,,0.9152225255966187,,,,0.0,,,,,,,,,
1024000,256,0.0,,0.004671902395784855,,,,0.0,,,,,,,,,
1028000,257,0.0,,0.0021296939812600613,,,,0.0,,,,,,,,,
1032000,258,0.0,,0.0019137910567224026,,,,0.0,,,,,,,,,
1036000,259,0.0,,0.0015923648606985807,,,,0.0,,,,,,,,,
1040000,260,0.0,,0.0014359697233885527,,,,0.0,,,,,,,,,
1044000,261,0.0,,0.0012378462124615908,,,,0.0,,,,,,,,,
1048000,262,0.0,,0.001199220074340701,,,,0.0,,,,,,,,,
1052000,263,0.0,,0.0012161218328401446,,,,0.0,,,,,,,,,
1056000,264,0.0,,0.0012278826907277107,,,,0.0,,,,,,,,,
1060000,265,0.0,,1.0116021633148193,,,,0.0,,,,,,,,,
1064000,266,0.0,,0.8923365473747253,,,,0.0,,,,,,,,,
1068000,267,0.0,,0.0015095816925168037,,,,0.0,,,,,,,,,
1072000,268,0.125,,1.8130810260772705,,,,0.125,,,,,,,,,
1076000,269,0.0,,0.0021362046245485544,,,,0.0,,,,,,,,,
1080000,270,0.0,,0.0017226285999640822,,,,0.0,,,,,,,,,
1084000,271,0.0,,0.0016583004035055637,,,,0.0,,,,,,,,,
1088000,272,0.0,,1.0962821245193481,,,,0.0,,,,,,,,,
1092000,273,0.0,,0.9634701013565063,,,,0.0,,,,,,,,,
1096000,274,0.0,,1.027245044708252,,,,0.0,,,,,,,,,
1100000,275,0.0,,0.0017700018361210823,,,,0.0,,,,,,,,,
1104000,276,0.0,,1.6693090200424194,,,,0.0,,,,,,,,,
1108000,277,0.0,,1.406011700630188,,,,0.0,,,,,,,,,
1112000,278,0.0,,0.8180844187736511,,,,0.0,,,,,,,,,
1116000,279,0.0,,0.003358191344887018,,,,0.0,,,,,,,,,
1120000,280,0.0,,0.0026232306845486164,,,,0.0,,,,,,,,,
1124000,281,0.0,,3.0218276977539062,,,,0.0,,,,,,,,,
1128000,282,0.0,,0.004281966015696526,,,,0.0,,,,,,,,,
1132000,283,0.0,,0.0035667158663272858,,,,0.0,,,,,,,,,
1136000,284,0.0,,0.0028870170935988426,,,,0.0,,,,,,,,,
1140000,285,0.0,,0.8285946846008301,,,,0.0,,,,,,,,,
1144000,286,0.0,,0.002092018723487854,,,,0.0,,,,,,,,,
1148000,287,0.0,,0.0018621035851538181,,,,0.0,,,,,,,,,
1152000,288,0.0,,0.9354079365730286,,,,0.0,,,,,,,,,
1156000,289,0.0,,0.0023852656595408916,,,,0.0,,,,,,,,,
1160000,290,0.0,,0.9968600273132324,,,,0.0,,,,,,,,,
1164000,291,0.0,,3.0005733966827393,,,,0.0,,,,,,,,,
1168000,292,0.0,,1.679482340812683,,,,0.0,,,,,,,,,
1172000,293,0.0,,0.007720824331045151,,,,0.0,,,,,,,,,
1176000,294,0.0,,0.005498399026691914,,,,0.0,,,,,,,,,
1180000,295,0.0,,0.7669167518615723,,,,0.0,,,,,,,,,
1184000,296,0.0,,0.004010498523712158,,,,0.0,,,,,,,,,
1188000,297,0.0,,0.0032033391762524843,,,,0.0,,,,,,,,,
1192000,298,0.0,,0.002420926233753562,,,,0.0,,,,,,,,,
1196000,299,0.0,,0.0021759183146059513,,,,0.0,,,,,,,,,
1200000,300,0.0,,0.001917392946779728,,,,0.0,,,,,,,,,
1204000,301,0.0,,0.0017222820315510035,,,,0.0,,,,,,,,,
1208000,302,0.0,,0.0016757750418037176,,,,0.0,,,,,,,,,
1212000,303,0.0,,0.0015366480220109224,,,,0.0,,,,,,,,,
1216000,304,0.0,,0.0014895658241584897,,,,0.0,,,,,,,,,
1220000,305,0.0,,0.0014273321721702814,,,,0.0,,,,,,,,,
1224000,306,0.0,,0.001282943645492196,,,,0.0,,,,,,,,,
1228000,307,0.0,,1.0331403017044067,,,,0.0,,,,,,,,,
1232000,308,0.0,,0.001851335633546114,,,,0.0,,,,,,,,,
1236000,309,0.0,,0.001965925795957446,,,,0.0,,,,,,,,,
1240000,310,0.0,,0.0016962013905867934,,,,0.0,,,,,,,,,
1244000,311,0.0,,0.0014347328105941415,,,,0.0,,,,,,,,,
1248000,312,0.0,,0.0013636513613164425,,,,0.0,,,,,,,,,
1252000,313,0.0,,0.0012764122802764177,,,,0.0,,,,,,,,,
1256000,314,0.0,,0.0012328044977039099,,,,0.0,,,,,,,,,
1260000,315,0.0,,0.0012071889359503984,,,,0.0,,,,,,,,,
1264000,316,0.0,,0.0011140211718156934,,,,0.0,,,,,,,,,
1268000,317,0.0,,0.9401056170463562,,,,0.0,,,,,,,,,
1272000,318,0.0,,0.9965502023696899,,,,0.0,,,,,,,,,
1276000,319,0.0,,0.0017039888771250844,,,,0.0,,,,,,,,,
1280000,320,0.0,,0.0013394949492067099,,,,0.0,,,,,,,,,
1284000,321,0.0,,0.001218935358338058,,,,0.0,,,,,,,,,
1288000,322,0.0,,0.0011891598114743829,,,,0.0,,,,,,,,,
1292000,323,0.0,,0.0010748857166618109,,,,0.0,,,,,,,,,
1296000,324,0.0,,0.0011217077262699604,,,,0.0,,,,,,,,,
1300000,325,0.0,,0.0011160431895405054,,,,0.0,,,,,,,,,
1304000,326,0.0,,0.9552039504051208,,,,0.0,,,,,,,,,
1308000,327,0.0,,0.0011479887180030346,,,,0.0,,,,,,,,,
1312000,328,0.0,,1.0175769329071045,,,,0.0,,,,,,,,,
1316000,329,0.0,,0.0012869865167886019,,,,0.0,,,,,,,,,
1320000,330,0.0,,0.0012218179181218147,,,,0.0,,,,,,,,,
1324000,331,0.0,,0.0010300283320248127,,,,0.0,,,,,,,,,
1328000,332,0.0,,0.0009955428540706635,,,,0.0,,,,,,,,,
1332000,333,0.0,,0.0009068704675883055,,,,0.0,,,,,,,,,
1336000,334,0.0,,0.0008969841292127967,,,,0.0,,,,,,,,,
1340000,335,0.0,,0.0010320579167455435,,,,0.0,,,,,,,,,
1344000,336,0.0,,0.0009250161820091307,,,,0.0,,,,,,,,,
1348000,337,0.0,,0.0009473506361246109,,,,0.0,,,,,,,,,
1352000,338,0.0,,0.0009482645546086133,,,,0.0,,,,,,,,,
1356000,339,0.0,,0.001025388017296791,,,,0.0,,,,,,,,,
1360000,340,0.0,,0.0009454014943912625,,,,0.0,,,,,,,,,
1364000,341,0.0,,1.1163856983184814,,,,0.0,,,,,,,,,
1368000,342,0.0,,0.0008662345353513956,,,,0.0,,,,,,,,,
1372000,343,0.0,,0.0008579539717175066,,,,0.0,,,,,,,,,
1376000,344,0.0,,1.2861605882644653,,,,0.0,,,,,,,,,
1380000,345,0.0,,0.0010908320546150208,,,,0.0,,,,,,,,,
1384000,346,0.0,,0.0009055528789758682,,,,0.0,,,,,,,,,
1388000,347,0.0,,0.0009001599391922355,,,,0.0,,,,,,,,,
1392000,348,0.0,,0.0007825003121979535,,,,0.0,,,,,,,,,
1396000,349,0.0,,1.3006210327148438,,,,0.0,,,,,,,,,
1400000,350,0.0,,0.0012581734918057919,,,,0.0,,,,,,,,,
1404000,351,0.0,,1.0139247179031372,,,,0.0,,,,,,,,,
1408000,352,0.0,,0.001325150253251195,,,,0.0,,,,,,,,,
1412000,353,0.0,,0.0012991393450647593,,,,0.0,,,,,,,,,
1416000,354,0.0,,0.0011211797827854753,,,,0.0,,,,,,,,,
1420000,355,0.0,,0.0010271745268255472,,,,0.0,,,,,,,,,
1424000,356,0.0,,0.0010294660460203886,,,,0.0,,,,,,,,,
1428000,357,0.0,,0.000841338187456131,,,,0.0,,,,,,,,,
1432000,358,0.0,,0.0007804614724591374,,,,0.0,,,,,,,,,
1436000,359,0.0,,0.0007902335491962731,,,,0.0,,,,,,,,,
1440000,360,0.0,,0.0007956565823405981,,,,0.0,,,,,,,,,
1444000,361,0.0,,0.0007827421650290489,,,,0.0,,,,,,,,,
1448000,362,0.0,,0.0006666649132966995,,,,0.0,,,,,,,,,
1452000,363,0.0,,0.0007778974249958992,,,,0.0,,,,,,,,,
1456000,364,0.0,,0.0007860468467697501,,,,0.0,,,,,,,,,
1460000,365,0.0,,0.0007534910691902041,,,,0.0,,,,,,,,,
1464000,366,0.0,,0.0007071912987157702,,,,0.0,,,,,,,,,
1468000,367,0.0,,0.0007019320619292557,,,,0.0,,,,,,,,,
1472000,368,0.0,,0.0007106706034392118,,,,0.0,,,,,,,,,
1476000,369,0.0,,0.0006741477409377694,,,,0.0,,,,,,,,,
1480000,370,0.0,,0.0006768038147129118,,,,0.0,,,,,,,,,
1484000,371,0.0,,0.0007293792441487312,,,,0.0,,,,,,,,,
1488000,372,0.0,,0.0006819103145971894,,,,0.0,,,,,,,,,
1492000,373,0.0,,0.0008197675342671573,,,,0.0,,,,,,,,,
1496000,374,0.0,,0.000694737012963742,,,,0.0,,,,,,,,,
1500000,375,0.25,,1.2941055297851562,,,,0.25,,,,,,,,,
1504000,376,0.0,,0.0010238406248390675,,,,0.0,,,,,,,,,
1508000,377,0.0,,0.0008915940998122096,,,,0.0,,,,,,,,,
1512000,378,0.125,,0.000798639899585396,,,,0.125,,,,,,,,,
1516000,379,0.125,,1.6308709383010864,,,,0.125,,,,,,,,,
1520000,380,0.125,,1.0901565551757812,,,,0.125,,,,,,,,,
1524000,381,0.0,,0.006764463149011135,,,,0.0,,,,,,,,,
1528000,382,0.0,,0.0034732786007225513,,,,0.0,,,,,,,,,
1532000,383,0.125,,1.0916889905929565,,,,0.125,,,,,,,,,
1536000,384,0.0,,2.2580103874206543,,,,0.0,,,,,,,,,
1540000,385,0.0,,4.763543128967285,,,,0.0,,,,,,,,,
1544000,386,0.0,,0.024077504873275757,,,,0.0,,,,,,,,,
1548000,387,0.0,,2.403421401977539,,,,0.0,,,,,,,,,
1552000,388,0.0,,1.1631083488464355,,,,0.0,,,,,,,,,
1556000,389,0.125,,3.361088275909424,,,,0.125,,,,,,,,,
1560000,390,0.0,,3.081293821334839,,,,0.0,,,,,,,,,
1564000,391,0.0,,0.01365765929222107,,,,0.0,,,,,,,,,
1568000,392,0.0,,1.3007116317749023,,,,0.0,,,,,,,,,
1572000,393,0.125,,2.8702797889709473,,,,0.125,,,,,,,,,
1576000,394,0.125,,2.860022783279419,,,,0.125,,,,,,,,,
1580000,395,0.0,,0.006923989858478308,,,,0.0,,,,,,,,,
1584000,396,0.0,,1.4850966930389404,,,,0.0,,,,,,,,,
1588000,397,0.0,,1.0712822675704956,,,,0.0,,,,,,,,,
1592000,398,0.125,,1.200703740119934,,,,0.125,,,,,,,,,
1596000,399,0.0,,0.003219352103769779,,,,0.0,,,,,,,,,
1600000,400,0.0,,3.6771018505096436,,,,0.0,,,,,,,,,
1604000,401,0.0,,1.2041484117507935,,,,0.0,,,,,,,,,
1608000,402,0.0,,2.3916635513305664,,,,0.0,,,,,,,,,
1612000,403,0.0,,2.511291980743408,,,,0.0,,,,,,,,,
1616000,404,0.0,,0.004003273323178291,,,,0.0,,,,,,,,,
1620000,405,0.0,,1.2755520343780518,,,,0.0,,,,,,,,,
1624000,406,0.0,,1.3642477989196777,,,,0.0,,,,,,,,,
1628000,407,0.0,,3.375945806503296,,,,0.0,,,,,,,,,
1632000,408,0.125,,0.0035482393577694893,,,,0.125,,,,,,,,,
1636000,409,0.0,,2.260915517807007,,,,0.0,,,,,,,,,
1640000,410,0.0,,0.005346791818737984,,,,0.0,,,,,,,,,
1644000,411,0.125,,2.1003434658050537,,,,0.125,,,,,,,,,
1648000,412,0.0,,2.7998175621032715,,,,0.0,,,,,,,,,
1652000,413,0.0,,3.471493721008301,,,,0.0,,,,,,,,,
1656000,414,0.0,,2.092219352722168,,,,0.0,,,,,,,,,
1660000,415,0.0,,2.4244370460510254,,,,0.0,,,,,,,,,
1664000,416,0.0,,1.1074191331863403,,,,0.0,,,,,,,,,
1668000,417,0.0,,4.160569190979004,,,,0.0,,,,,,,,,
1672000,418,0.0,,2.5636963844299316,,,,0.0,,,,,,,,,
1676000,419,0.0,,2.998927593231201,,,,0.0,,,,,,,,,
1680000,420,0.0,,0.005951022729277611,,,,0.0,,,,,,,,,
1684000,421,0.0,,0.005280061159282923,,,,0.0,,,,,,,,,
1688000,422,0.0,,0.004341416526585817,,,,0.0,,,,,,,,,
1692000,423,0.0,,0.9257780313491821,,,,0.0,,,,,,,,,
1696000,424,0.0,,1.0866684913635254,,,,0.0,,,,,,,,,
1700000,425,0.0,,3.463463544845581,,,,0.0,,,,,,,,,
1704000,426,0.125,,3.5869312286376953,,,,0.125,,,,,,,,,
1708000,427,0.0,,1.0744436979293823,,,,0.0,,,,,,,,,
1712000,428,0.0,,1.305045485496521,,,,0.0,,,,,,,,,
1716000,429,0.0,,2.098128080368042,,,,0.0,,,,,,,,,
1720000,430,0.0,,1.2138594388961792,,,,0.0,,,,,,,,,
1724000,431,0.0,,0.0038418546319007874,,,,0.0,,,,,,,,,
1728000,432,0.0,,3.006239414215088,,,,0.0,,,,,,,,,
1732000,433,0.125,,4.011781692504883,,,,0.125,,,,,,,,,
1736000,434,0.0,,2.3768577575683594,,,,0.0,,,,,,,,,
1740000,435,0.0,,5.336298942565918,,,,0.0,,,,,,,,,
1744000,436,0.0,,0.019015822559595108,,,,0.0,,,,,,,,,
1748000,437,0.0,,2.688265323638916,,,,0.0,,,,,,,,,
1752000,438,0.0,,0.010875649750232697,,,,0.0,,,,,,,,,
1756000,439,0.0,,2.1695034503936768,,,,0.0,,,,,,,,,
1760000,440,0.0,,2.8931868076324463,,,,0.0,,,,,,,,,
1764000,441,0.0,,2.3710718154907227,,,,0.0,,,,,,,,,
1768000,442,0.0,,0.8922680020332336,,,,0.0,,,,,,,,,
1772000,443,0.0,,0.004371081478893757,,,,0.0,,,,,,,,,
1776000,444,0.0,,1.182466745376587,,,,0.0,,,,,,,,,
1780000,445,0.0,,0.0033100154250860214,,,,0.0,,,,,,,,,
1784000,446,0.0,,1.1762516498565674,,,,0.0,,,,,,,,,
1788000,447,0.0,,2.787043809890747,,,,0.0,,,,,,,,,
1792000,448,0.0,,0.0033454042859375477,,,,0.0,,,,,,,,,
1796000,449,0.0,,0.9764743447303772,,,,0.0,,,,,,,,,
1800000,450,0.0,,3.4211697578430176,,,,0.0,,,,,,,,,
1804000,451,0.0,,3.5919034481048584,,,,0.0,,,,,,,,,
1808000,452,0.0,,2.0565683841705322,,,,0.0,,,,,,,,,
1812000,453,0.0,,3.3760178089141846,,,,0.0,,,,,,,,,
1816000,454,0.0,,6.112208843231201,,,,0.0,,,,,,,,,
1820000,455,0.0,,4.0642008781433105,,,,0.0,,,,,,,,,
1824000,456,0.0,,0.909153401851654,,,,0.0,,,,,,,,,
1828000,457,0.0,,6.514129638671875,,,,0.0,,,,,,,,,
1832000,458,0.0,,0.816789448261261,,,,0.0,,,,,,,,,
1836000,459,0.0,,1.2221566438674927,,,,0.0,,,,,,,,,
1840000,460,0.0,,0.9017353057861328,,,,0.0,,,,,,,,,
1844000,461,0.0,,0.004327581264078617,,,,0.0,,,,,,,,,
1848000,462,0.0,,3.336242198944092,,,,0.0,,,,,,,,,
1852000,463,0.0,,1.0042575597763062,,,,0.0,,,,,,,,,
1856000,464,0.0,,2.2683968544006348,,,,0.0,,,,,,,,,
1860000,465,0.0,,1.0666320323944092,,,,0.0,,,,,,,,,
1864000,466,0.0,,2.3042502403259277,,,,0.0,,,,,,,,,
1868000,467,0.0,,1.063464641571045,,,,0.0,,,,,,,,,
1872000,468,0.0,,0.004493416752666235,,,,0.0,,,,,,,,,
1876000,469,0.0,,1.062806248664856,,,,0.0,,,,,,,,,
1880000,470,0.0,,2.0013837814331055,,,,0.0,,,,,,,,,
1884000,471,0.0,,1.409562110900879,,,,0.0,,,,,,,,,
1888000,472,0.0,,1.0565916299819946,,,,0.0,,,,,,,,,
1892000,473,0.0,,3.187549352645874,,,,0.0,,,,,,,,,
1896000,474,0.0,,1.973827838897705,,,,0.0,,,,,,,,,
1900000,475,0.0,,0.00478766392916441,,,,0.0,,,,,,,,,
1904000,476,0.0,,0.003994263708591461,,,,0.0,,,,,,,,,
1908000,477,0.0,,0.0036913263611495495,,,,0.0,,,,,,,,,
1912000,478,0.0,,0.9847196936607361,,,,0.0,,,,,,,,,
1916000,479,0.0,,3.662461280822754,,,,0.0,,,,,,,,,
1920000,480,0.0,,2.070572853088379,,,,0.0,,,,,,,,,
1924000,481,0.0,,0.0043378472328186035,,,,0.0,,,,,,,,,
1928000,482,0.125,,0.0038151815533638,,,,0.125,,,,,,,,,
1932000,483,0.0,,4.302187919616699,,,,0.0,,,,,,,,,
1936000,484,0.0,,2.138200283050537,,,,0.0,,,,,,,,,
1940000,485,0.0,,2.364881992340088,,,,0.0,,,,,,,,,
1944000,486,0.0,,2.4474024772644043,,,,0.0,,,,,,,,,
1948000,487,0.125,,0.006436672527343035,,,,0.125,,,,,,,,,
1952000,488,0.0,,3.600250482559204,,,,0.0,,,,,,,,,
1956000,489,0.0,,4.790317535400391,,,,0.0,,,,,,,,,
1960000,490,0.0,,1.7177802324295044,,,,0.0,,,,,,,,,
1964000,491,0.0,,1.019896388053894,,,,0.0,,,,,,,,,
1968000,492,0.0,,1.1597983837127686,,,,0.0,,,,,,,,,
1972000,493,0.0,,3.3136425018310547,,,,0.0,,,,,,,,,
1976000,494,0.0,,0.004390682093799114,,,,0.0,,,,,,,,,
1980000,495,0.0,,1.0781937837600708,,,,0.0,,,,,,,,,
1984000,496,0.0,,3.0927577018737793,,,,0.0,,,,,,,,,
1988000,497,0.0,,3.6548876762390137,,,,0.0,,,,,,,,,
1992000,498,0.0,,2.2750253677368164,,,,0.0,,,,,,,,,
1996000,499,0.0,,0.9992709755897522,,,,0.0,,,,,,,,,
2000000,500,0.0,,3.3217363357543945,,,,0.0,,,,,,,,,
2004000,501,0.0,,1.9807112216949463,,,,0.0,,,,,,,,,
2008000,502,0.0,,0.007126831449568272,,,,0.0,,,,,,,,,
2012000,503,0.0,,0.0057436274364590645,,,,0.0,,,,,,,,,
2016000,504,0.0,,2.9243526458740234,,,,0.0,,,,,,,,,
2020000,505,0.0,,0.8845710158348083,,,,0.0,,,,,,,,,
2024000,506,0.0,,0.005929915234446526,,,,0.0,,,,,,,,,
2028000,507,0.0,,1.9864215850830078,,,,0.0,,,,,,,,,
2032000,508,0.0,,0.011720694601535797,,,,0.0,,,,,,,,,
2036000,509,0.0,,0.007441111374646425,,,,0.0,,,,,,,,,
2040000,510,0.0,,0.00644597876816988,,,,0.0,,,,,,,,,
2044000,511,0.0,,1.5130996704101562,,,,0.0,,,,,,,,,
2048000,512,0.0,,0.005317441653460264,,,,0.0,,,,,,,,,
2052000,513,0.0,,1.1352343559265137,,,,0.0,,,,,,,,,
2056000,514,0.0,,1.0624293088912964,,,,0.0,,,,,,,,,
2060000,515,0.0,,1.679110050201416,,,,0.0,,,,,,,,,
2064000,516,0.125,,3.675570011138916,,,,0.125,,,,,,,,,
2068000,517,0.0,,2.8183860778808594,,,,0.0,,,,,,,,,
2072000,518,0.0,,2.0444750785827637,,,,0.0,,,,,,,,,
2076000,519,0.0,,0.933975338935852,,,,0.0,,,,,,,,,
2080000,520,0.0,,0.8355868458747864,,,,0.0,,,,,,,,,
2084000,521,0.0,,0.004113992676138878,,,,0.0,,,,,,,,,
2088000,522,0.0,,1.8883907794952393,,,,0.0,,,,,,,,,
2092000,523,0.0,,0.0034435477573424578,,,,0.0,,,,,,,,,
2096000,524,0.0,,0.0034842556342482567,,,,0.0,,,,,,,,,
2100000,525,0.0,,0.8841451406478882,,,,0.0,,,,,,,,,
2104000,526,0.0,,0.0033253165893256664,,,,0.0,,,,,,,,,
2108000,527,0.0,,2.386101007461548,,,,0.0,,,,,,,,,
2112000,528,0.0,,0.7601990699768066,,,,0.0,,,,,,,,,
2116000,529,0.0,,0.003954942338168621,,,,0.0,,,,,,,,,
2120000,530,0.0,,0.0037797661498188972,,,,0.0,,,,,,,,,
2124000,531,0.0,,0.9977044463157654,,,,0.0,,,,,,,,,
2128000,532,0.0,,0.003434628713876009,,,,0.0,,,,,,,,,
2132000,533,0.0,,0.0027702385559678078,,,,0.0,,,,,,,,,
2136000,534,0.0,,1.2303943634033203,,,,0.0,,,,,,,,,
2140000,535,0.0,,0.8436845541000366,,,,0.0,,,,,,,,,
2144000,536,0.0,,0.002817285479977727,,,,0.0,,,,,,,,,
2148000,537,0.0,,0.002666707616299391,,,,0.0,,,,,,,,,
2152000,538,0.0,,0.0023292871192097664,,,,0.0,,,,,,,,,
2156000,539,0.0,,0.9465749859809875,,,,0.0,,,,,,,,,
2160000,540,0.0,,0.8486002683639526,,,,0.0,,,,,,,,,
2164000,541,0.0,,0.0024440542329102755,,,,0.0,,,,,,,,,
2168000,542,0.0,,1.964438796043396,,,,0.0,,,,,,,,,
2172000,543,0.0,,0.9472717046737671,,,,0.0,,,,,,,,,
2176000,544,0.0,,0.003000288736075163,,,,0.0,,,,,,,,,
2180000,545,0.0,,3.4179039001464844,,,,0.0,,,,,,,,,
2184000,546,0.0,,1.8418323993682861,,,,0.0,,,,,,,,,
2188000,547,0.0,,3.041254997253418,,,,0.0,,,,,,,,,
2192000,548,0.0,,0.006517358589917421,,,,0.0,,,,,,,,,
2196000,549,0.0,,0.8501532077789307,,,,0.0,,,,,,,,,
2200000,550,0.0,,0.005107704550027847,,,,0.0,,,,,,,,,
2204000,551,0.0,,0.004186371341347694,,,,0.0,,,,,,,,,
2208000,552,0.0,,0.0034213692415505648,,,,0.0,,,,,,,,,
2212000,553,0.125,,0.8516234755516052,,,,0.125,,,,,,,,,
2216000,554,0.0,,0.0029059345833957195,,,,0.0,,,,,,,,,
2220000,555,0.0,,0.0031137336045503616,,,,0.0,,,,,,,,,
2224000,556,0.0,,0.8526423573493958,,,,0.0,,,,,,,,,
2228000,557,0.0,,1.0788336992263794,,,,0.0,,,,,,,,,
2232000,558,0.0,,0.0024283789098262787,,,,0.0,,,,,,,,,
2236000,559,0.0,,1.158583402633667,,,,0.0,,,,,,,,,
2240000,560,0.0,,0.002275455044582486,,,,0.0,,,,,,,,,
2244000,561,0.0,,0.902161180973053,,,,0.0,,,,,,,,,
2248000,562,0.0,,0.7395387887954712,,,,0.0,,,,,,,,,
2252000,563,0.0,,1.0144879817962646,,,,0.0,,,,,,,,,
2256000,564,0.0,,1.9665144681930542,,,,0.0,,,,,,,,,
2260000,565,0.0,,0.0020064872223883867,,,,0.0,,,,,,,,,
2264000,566,0.0,,2.330881357192993,,,,0.0,,,,,,,,,
2268000,567,0.0,,0.904018223285675,,,,0.0,,,,,,,,,
2272000,568,0.0,,0.002234055195003748,,,,0.0,,,,,,,,,
2276000,569,0.0,,0.002310018055140972,,,,0.0,,,,,,,,,
2280000,570,0.0,,0.0022473279386758804,,,,0.0,,,,,,,,,
2284000,571,0.0,,1.8638938665390015,,,,0.0,,,,,,,,,
2288000,572,0.0,,0.8155739903450012,,,,0.0,,,,,,,,,
2292000,573,0.0,,0.0025802261661738157,,,,0.0,,,,,,,,,
2296000,574,0.0,,0.9606956243515015,,,,0.0,,,,,,,,,
2300000,575,0.0,,0.9078735113143921,,,,0.0,,,,,,,,,
2304000,576,0.0,,1.0902438163757324,,,,0.0,,,,,,,,,
2308000,577,0.0,,1.089706301689148,,,,0.0,,,,,,,,,
2312000,578,0.0,,0.002517830114811659,,,,0.0,,,,,,,,,
2316000,579,0.0,,0.0024871353525668383,,,,0.0,,,,,,,,,
2320000,580,0.0,,0.0023302598856389523,,,,0.0,,,,,,,,,
2324000,581,0.0,,1.1724275350570679,,,,0.0,,,,,,,,,
2328000,582,0.0,,1.263836145401001,,,,0.0,,,,,,,,,
2332000,583,0.0,,0.8219074010848999,,,,0.0,,,,,,,,,
2336000,584,0.0,,0.9132867455482483,,,,0.0,,,,,,,,,
2340000,585,0.0,,0.913134753704071,,,,0.0,,,,,,,,,
2344000,586,0.0,,1.02694833278656,,,,0.0,,,,,,,,,
2348000,587,0.0,,1.1726291179656982,,,,0.0,,,,,,,,,
2352000,588,0.0,,0.8638095259666443,,,,0.0,,,,,,,,,
2356000,589,0.0,,0.0032630774658173323,,,,0.0,,,,,,,,,
2360000,590,0.0,,0.8668469786643982,,,,0.0,,,,,,,,,
2364000,591,0.0,,0.8244959115982056,,,,0.0,,,,,,,,,
2368000,592,0.0,,0.0026296675205230713,,,,0.0,,,,,,,,,
2372000,593,0.0,,0.9697846174240112,,,,0.0,,,,,,,,,
2376000,594,0.0,,1.0979059934616089,,,,0.0,,,,,,,,,
2380000,595,0.0,,0.002176545560359955,,,,0.0,,,,,,,,,
2384000,596,0.0,,0.00202592508867383,,,,0.0,,,,,,,,,
2388000,597,0.0,,1.1039481163024902,,,,0.0,,,,,,,,,
2392000,598,0.0,,0.0023366636596620083,,,,0.0,,,,,,,,,
2396000,599,0.0,,4.615549087524414,,,,0.0,,,,,,,,,
2400000,600,0.0,,0.007960796356201172,,,,0.0,,,,,,,,,
2404000,601,0.0,,0.005610508844256401,,,,0.0,,,,,,,,,
2408000,602,0.0,,0.004583681933581829,,,,0.0,,,,,,,,,
2412000,603,0.0,,0.0040009282529354095,,,,0.0,,,,,,,,,
2416000,604,0.0,,0.004125222563743591,,,,0.0,,,,,,,,,
2420000,605,0.0,,1.187913417816162,,,,0.0,,,,,,,,,
2424000,606,0.0,,0.0027954434044659138,,,,0.0,,,,,,,,,
2428000,607,0.0,,0.002540801651775837,,,,0.0,,,,,,,,,
2432000,608,0.0,,0.8341683745384216,,,,0.0,,,,,,,,,
2436000,609,0.0,,0.0026399935595691204,,,,0.0,,,,,,,,,
2440000,610,0.0,,0.002278936328366399,,,,0.0,,,,,,,,,
2444000,611,0.0,,0.0020832607988268137,,,,0.0,,,,,,,,,
2448000,612,0.0,,0.001915589440613985,,,,0.0,,,,,,,,,
2452000,613,0.0,,0.0019117556512355804,,,,0.0,,,,,,,,,
2456000,614,0.0,,0.0021237796172499657,,,,0.0,,,,,,,,,
2460000,615,0.0,,1.1209275722503662,,,,0.0,,,,,,,,,
2464000,616,0.0,,0.0026882977690547705,,,,0.0,,,,,,,,,
2468000,617,0.0,,0.0021363990381360054,,,,0.0,,,,,,,,,
2472000,618,0.0,,0.0022557987831532955,,,,0.0,,,,,,,,,
2476000,619,0.0,,1.0544909238815308,,,,0.0,,,,,,,,,
2480000,620,0.0,,0.002312901895493269,,,,0.0,,,,,,,,,
2484000,621,0.0,,0.0021597412414848804,,,,0.0,,,,,,,,,
2488000,622,0.0,,0.002014253055676818,,,,0.0,,,,,,,,,
2492000,623,0.0,,0.0017565609887242317,,,,0.0,,,,,,,,,
2496000,624,0.0,,0.0017409854335710406,,,,0.0,,,,,,,,,
2500000,625,0.0,,1.1336820125579834,,,,0.0,,,,,,,,,
2504000,626,0.0,,0.001671505393460393,,,,0.0,,,,,,,,,
2508000,627,0.0,,0.0015748669393360615,,,,0.0,,,,,,,,,
2512000,628,0.0,,0.0016528409905731678,,,,0.0,,,,,,,,,
2516000,629,0.0,,0.0014444177504628897,,,,0.0,,,,,,,,,
2520000,630,0.0,,0.0013305930187925696,,,,0.0,,,,,,,,,
2524000,631,0.0,,0.0013963042292743921,,,,0.0,,,,,,,,,
2528000,632,0.0,,0.0013281047577038407,,,,0.0,,,,,,,,,
2532000,633,0.0,,0.0012303091352805495,,,,0.0,,,,,,,,,
2536000,634,0.0,,1.0131324529647827,,,,0.0,,,,,,,,,
2540000,635,0.0,,0.001339268870651722,,,,0.0,,,,,,,,,
2544000,636,0.0,,0.0010563652031123638,,,,0.0,,,,,,,,,
2548000,637,0.0,,0.0011528022587299347,,,,0.0,,,,,,,,,
2552000,638,0.0,,0.0011904328130185604,,,,0.0,,,,,,,,,
2556000,639,0.125,,0.0012671146541833878,,,,0.125,,,,,,,,,
2560000,640,0.0,,0.9644063115119934,,,,0.0,,,,,,,,,
2564000,641,0.0,,1.085387945175171,,,,0.0,,,,,,,,,
2568000,642,0.0,,0.0012445051688700914,,,,0.0,,,,,,,,,
2572000,643,0.0,,0.0012649880954995751,,,,0.0,,,,,,,,,
2576000,644,0.0,,3.6261000633239746,,,,0.0,,,,,,,,,
2580000,645,0.0,,0.020479409024119377,,,,0.0,,,,,,,,,
2584000,646,0.0,,1.032171607017517,,,,0.0,,,,,,,,,
2588000,647,0.0,,1.3472946882247925,,,,0.0,,,,,,,,,
2592000,648,0.0,,0.007624318357557058,,,,0.0,,,,,,,,,
2596000,649,0.0,,0.00647766562178731,,,,0.0,,,,,,,,,
2600000,650,0.0,,0.005176961421966553,,,,0.0,,,,,,,,,
2604000,651,0.0,,0.0046672578901052475,,,,0.0,,,,,,,,,
2608000,652,0.0,,0.0031928769312798977,,,,0.0,,,,,,,,,
2612000,653,0.0,,0.0026630768552422523,,,,0.0,,,,,,,,,
2616000,654,0.0,,0.002507208613678813,,,,0.0,,,,,,,,,
2620000,655,0.0,,0.002110203728079796,,,,0.0,,,,,,,,,
2624000,656,0.0,,0.0019067794783040881,,,,0.0,,,,,,,,,
2628000,657,0.0,,0.001959396991878748,,,,0.0,,,,,,,,,
2632000,658,0.0,,2.2118124961853027,,,,0.0,,,,,,,,,
2636000,659,0.0,,0.0021530042868107557,,,,0.0,,,,,,,,,
2640000,660,0.0,,0.8452584743499756,,,,0.0,,,,,,,,,
2644000,661,0.0,,0.9861573576927185,,,,0.0,,,,,,,,,
2648000,662,0.0,,0.9347259998321533,,,,0.0,,,,,,,,,
2652000,663,0.0,,0.0020741941407322884,,,,0.0,,,,,,,,,
2656000,664,0.0,,0.0019240574911236763,,,,0.0,,,,,,,,,
2660000,665,0.0,,0.8906146883964539,,,,0.0,,,,,,,,,
2664000,666,0.0,,0.7756043076515198,,,,0.0,,,,,,,,,
2668000,667,0.0,,0.002141631208360195,,,,0.0,,,,,,,,,
2672000,668,0.0,,0.0018786133732646704,,,,0.0,,,,,,,,,
2676000,669,0.0,,0.0014612448867410421,,,,0.0,,,,,,,,,
2680000,670,0.0,,0.9920403361320496,,,,0.0,,,,,,,,,
2684000,671,0.0,,0.001348972669802606,,,,0.0,,,,,,,,,
2688000,672,0.0,,0.0012687824200838804,,,,0.0,,,,,,,,,
2692000,673,0.0,,2.013906478881836,,,,0.0,,,,,,,,,
2696000,674,0.0,,0.0017453822074458003,,,,0.0,,,,,,,,,
2700000,675,0.0,,0.001465445850044489,,,,0.0,,,,,,,,,
2704000,676,0.0,,0.0013922577491030097,,,,0.0,,,,,,,,,
2708000,677,0.0,,1.2843966484069824,,,,0.0,,,,,,,,,
2712000,678,0.0,,0.0018479638965800405,,,,0.0,,,,,,,,,
2716000,679,0.0,,1.5016504526138306,,,,0.0,,,,,,,,,
2720000,680,0.0,,0.001753391232341528,,,,0.0,,,,,,,,,
2724000,681,0.0,,0.0015760500682517886,,,,0.0,,,,,,,,,
2728000,682,0.0,,0.0016142884269356728,,,,0.0,,,,,,,,,
2732000,683,0.0,,0.001357614528387785,,,,0.0,,,,,,,,,
2736000,684,0.0,,0.0013965887483209372,,,,0.0,,,,,,,,,
2740000,685,0.0,,0.0011823705863207579,,,,0.0,,,,,,,,,
2744000,686,0.0,,0.0011970887426286936,,,,0.0,,,,,,,,,
2748000,687,0.0,,0.0013271351344883442,,,,0.0,,,,,,,,,
2752000,688,0.0,,0.0013227686285972595,,,,0.0,,,,,,,,,
2756000,689,0.0,,0.0010299053974449635,,,,0.0,,,,,,,,,
2760000,690,0.0,,0.0011183200404047966,,,,0.0,,,,,,,,,
2764000,691,0.125,,0.0011759328190237284,,,,0.125,,,,,,,,,
2768000,692,0.0,,0.0012663578381761909,,,,0.0,,,,,,,,,
2772000,693,0.0,,0.0009973691776394844,,,,0.0,,,,,,,,,
2776000,694,0.0,,0.0010970319854095578,,,,0.0,,,,,,,,,
2780000,695,0.0,,0.0011993662919849157,,,,0.0,,,,,,,,,
2784000,696,0.125,,2.380587577819824,,,,0.125,,,,,,,,,
2788000,697,0.0,,0.002438698895275593,,,,0.0,,,,,,,,,
2792000,698,0.0,,0.0018091421807184815,,,,0.0,,,,,,,,,
2796000,699,0.0,,0.0020449873991310596,,,,0.0,,,,,,,,,
2800000,700,0.0,,0.0015705851837992668,,,,0.0,,,,,,,,,
2804000,701,0.0,,0.9759798645973206,,,,0.0,,,,,,,,,
2808000,702,0.0,,0.0015671541914343834,,,,0.0,,,,,,,,,
2812000,703,0.0,,0.001351950690150261,,,,0.0,,,,,,,,,
2816000,704,0.0,,1.09189772605896,,,,0.0,,,,,,,,,
2820000,705,0.0,,0.0013877952005714178,,,,0.0,,,,,,,,,
2824000,706,0.0,,0.0013436871813610196,,,,0.0,,,,,,,,,
2828000,707,0.125,,0.0010851130355149508,,,,0.125,,,,,,,,,
2832000,708,0.0,,0.0012683242093771696,,,,0.0,,,,,,,,,
2836000,709,0.0,,0.0012447364861145616,,,,0.0,,,,,,,,,
2840000,710,0.125,,2.019807815551758,,,,0.125,,,,,,,,,
2844000,711,0.125,,2.1926732063293457,,,,0.125,,,,,,,,,
2848000,712,0.0,,1.3374334573745728,,,,0.0,,,,,,,,,
2852000,713,0.0,,1.0380070209503174,,,,0.0,,,,,,,,,
2856000,714,0.0,,2.532656192779541,,,,0.0,,,,,,,,,
2860000,715,0.0,,1.2452219724655151,,,,0.0,,,,,,,,,
2864000,716,0.0,,0.010699629783630371,,,,0.0,,,,,,,,,
2868000,717,0.0,,1.9664005041122437,,,,0.0,,,,,,,,,
2872000,718,0.0,,1.3397777080535889,,,,0.0,,,,,,,,,
2876000,719,0.0,,0.01342885009944439,,,,0.0,,,,,,,,,
2880000,720,0.0,,0.013188030570745468,,,,0.0,,,,,,,,,
2884000,721,0.0,,1.1768840551376343,,,,0.0,,,,,,,,,
2888000,722,0.0,,2.1827902793884277,,,,0.0,,,,,,,,,
2892000,723,0.0,,0.009011510759592056,,,,0.0,,,,,,,,,
2896000,724,0.0,,0.00646743131801486,,,,0.0,,,,,,,,,
2900000,725,0.0,,0.005267453379929066,,,,0.0,,,,,,,,,
2904000,726,0.0,,1.5629862546920776,,,,0.0,,,,,,,,,
2908000,727,0.0,,0.004781651776283979,,,,0.0,,,,,,,,,
2912000,728,0.0,,0.003919343929737806,,,,0.0,,,,,,,,,
2916000,729,0.0,,1.1047158241271973,,,,0.0,,,,,,,,,
2920000,730,0.0,,0.0032135993242263794,,,,0.0,,,,,,,,,
2924000,731,0.125,,1.1725016832351685,,,,0.125,,,,,,,,,
2928000,732,0.0,,0.0027866705786436796,,,,0.0,,,,,,,,,
2932000,733,0.0,,2.02641224861145,,,,0.0,,,,,,,,,
2936000,734,0.0,,1.9700833559036255,,,,0.0,,,,,,,,,
2940000,735,0.0,,2.413301706314087,,,,0.0,,,,,,,,,
2944000,736,0.0,,0.9364289045333862,,,,0.0,,,,,,,,,
2948000,737,0.0,,1.438323736190796,,,,0.0,,,,,,,,,
2952000,738,0.0,,0.004423834383487701,,,,0.0,,,,,,,,,
2956000,739,0.0,,0.003382181515917182,,,,0.0,,,,,,,,,
2960000,740,0.0,,0.8522008061408997,,,,0.0,,,,,,,,,
2964000,741,0.0,,1.1728270053863525,,,,0.0,,,,,,,,,
2968000,742,0.0,,1.335528016090393,,,,0.0,,,,,,,,,
2972000,743,0.0,,3.7806646823883057,,,,0.0,,,,,,,,,
2976000,744,0.0,,0.006010185461491346,,,,0.0,,,,,,,,,
2980000,745,0.0,,0.9904653429985046,,,,0.0,,,,,,,,,
2984000,746,0.0,,0.987542450428009,,,,0.0,,,,,,,,,
2988000,747,0.0,,0.9885069131851196,,,,0.0,,,,,,,,,
2992000,748,0.0,,2.2849438190460205,,,,0.0,,,,,,,,,
2996000,749,0.0,,0.005889809224754572,,,,0.0,,,,,,,,,
3000000,750,0.0,,0.004924601875245571,,,,0.0,,,,,,,,,
3004000,751,0.125,,0.004098040983080864,,,,0.125,,,,,,,,,
3008000,752,0.0,,1.1052824258804321,,,,0.0,,,,,,,,,
3012000,753,0.0,,3.6452362537384033,,,,0.0,,,,,,,,,
3016000,754,0.0,,0.004481164738535881,,,,0.0,,,,,,,,,
3020000,755,0.0,,2.2051734924316406,,,,0.0,,,,,,,,,
3024000,756,0.0,,0.006244571879506111,,,,0.0,,,,,,,,,
3028000,757,0.0,,1.2447642087936401,,,,0.0,,,,,,,,,
3032000,758,0.0,,0.00446865102276206,,,,0.0,,,,,,,,,
3036000,759,0.0,,1.2471022605895996,,,,0.0,,,,,,,,,
3040000,760,0.0,,0.8930851817131042,,,,0.0,,,,,,,,,
3044000,761,0.0,,2.1949853897094727,,,,0.0,,,,,,,,,
3048000,762,0.0,,2.413886070251465,,,,0.0,,,,,,,,,
3052000,763,0.0,,0.006065921857953072,,,,0.0,,,,,,,,,
3056000,764,0.0,,0.0063048964366316795,,,,0.0,,,,,,,,,
3060000,765,0.0,,1.099232792854309,,,,0.0,,,,,,,,,
3064000,766,0.0,,3.567797899246216,,,,0.0,,,,,,,,,
3068000,767,0.0,,0.008329440839588642,,,,0.0,,,,,,,,,
3072000,768,0.0,,2.793090343475342,,,,0.0,,,,,,,,,
3076000,769,0.0,,1.4323912858963013,,,,0.0,,,,,,,,,
3080000,770,0.0,,0.010833822190761566,,,,0.0,,,,,,,,,
3084000,771,0.0,,0.008981944061815739,,,,0.0,,,,,,,,,
3088000,772,0.125,,1.1675924062728882,,,,0.125,,,,,,,,,
3092000,773,0.0,,0.005665593780577183,,,,0.0,,,,,,,,,
3096000,774,0.0,,0.005404579918831587,,,,0.0,,,,,,,,,
3100000,775,0.0,,0.004903753288090229,,,,0.0,,,,,,,,,
3104000,776,0.0,,0.004671050235629082,,,,0.0,,,,,,,,,
3108000,777,0.0,,2.7976808547973633,,,,0.0,,,,,,,,,
3112000,778,0.0,,1.1680548191070557,,,,0.0,,,,,,,,,
3116000,779,0.0,,2.0202465057373047,,,,0.0,,,,,,,,,
3120000,780,0.0,,1.7770330905914307,,,,0.0,,,,,,,,,
3124000,781,0.0,,0.008474119938910007,,,,0.0,,,,,,,,,
3128000,782,0.0,,1.553322434425354,,,,0.0,,,,,,,,,
3132000,783,0.0,,0.007665200624614954,,,,0.0,,,,,,,,,
3136000,784,0.0,,1.1004911661148071,,,,0.0,,,,,,,,,
3140000,785,0.0,,4.183277606964111,,,,0.0,,,,,,,,,
3144000,786,0.0,,1.2384072542190552,,,,0.0,,,,,,,,,
3148000,787,0.0,,1.034693956375122,,,,0.0,,,,,,,,,
3152000,788,0.0,,0.006454269401729107,,,,0.0,,,,,,,,,
3156000,789,0.0,,0.0052223484963178635,,,,0.0,,,,,,,,,
3160000,790,0.0,,1.2397667169570923,,,,0.0,,,,,,,,,
3164000,791,0.0,,1.4304437637329102,,,,0.0,,,,,,,,,
3168000,792,0.0,,0.004904455039650202,,,,0.0,,,,,,,,,
3172000,793,0.0,,0.004336387384682894,,,,0.0,,,,,,,,,
3176000,794,0.0,,1.42815101146698,,,,0.0,,,,,,,,,
3180000,795,0.0,,0.84797203540802,,,,0.0,,,,,,,,,
3184000,796,0.0,,0.004693728405982256,,,,0.0,,,,,,,,,
3188000,797,0.0,,2.4026479721069336,,,,0.0,,,,,,,,,
3192000,798,0.0,,1.0964339971542358,,,,0.0,,,,,,,,,
3196000,799,0.0,,2.0646045207977295,,,,0.0,,,,,,,,,
3200000,800,0.0,,0.005601376760751009,,,,0.0,,,,,,,,,
3204000,801,0.0,,1.032521367073059,,,,0.0,,,,,,,,,
3208000,802,0.0,,0.005121448542922735,,,,0.0,,,,,,,,,
3212000,803,0.0,,1.0328441858291626,,,,0.0,,,,,,,,,
3216000,804,0.0,,1.0343011617660522,,,,0.0,,,,,,,,,
3220000,805,0.0,,0.006927827838808298,,,,0.0,,,,,,,,,
3224000,806,0.125,,0.005344002041965723,,,,0.125,,,,,,,,,
3228000,807,0.0,,3.69339919090271,,,,0.0,,,,,,,,,
3232000,808,0.0,,1.093900203704834,,,,0.0,,,,,,,,,
3236000,809,0.0,,2.1282758712768555,,,,0.0,,,,,,,,,
3240000,810,0.0,,0.005973861552774906,,,,0.0,,,,,,,,,
3244000,811,0.0,,1.0293285846710205,,,,0.0,,,,,,,,,
3248000,812,0.0,,0.0057646711356937885,,,,0.0,,,,,,,,,
3252000,813,0.0,,1.3216902017593384,,,,0.0,,,,,,,,,
3256000,814,0.0,,2.50724458694458,,,,0.0,,,,,,,,,
3260000,815,0.0,,0.007276811636984348,,,,0.0,,,,,,,,,
3264000,816,0.0,,2.2555742263793945,,,,0.0,,,,,,,,,
3268000,817,0.0,,4.199344158172607,,,,0.0,,,,,,,,,
3272000,818,0.125,,1.888983964920044,,,,0.125,,,,,,,,,
3276000,819,0.125,,2.3000712394714355,,,,0.125,,,,,,,,,
3280000,820,0.0,,0.9244319200515747,,,,0.0,,,,,,,,,
3284000,821,0.0,,2.1512374877929688,,,,0.0,,,,,,,,,
3288000,822,0.0,,2.0299322605133057,,,,0.0,,,,,,,,,
3292000,823,0.0,,2.4417150020599365,,,,0.0,,,,,,,,,
3296000,824,0.0,,0.012206492945551872,,,,0.0,,,,,,,,,
3300000,825,0.0,,0.010603012517094612,,,,0.0,,,,,,,,,
3304000,826,0.0,,1.3059920072555542,,,,0.0,,,,,,,,,
3308000,827,0.0,,0.007267124019563198,,,,0.0,,,,,,,,,
3312000,828,0.0,,1.3106348514556885,,,,0.0,,,,,,,,,
3316000,829,0.0,,0.006951817311346531,,,,0.0,,,,,,,,,
3320000,830,0.0,,1.2200980186462402,,,,0.0,,,,,,,,,
3324000,831,0.0,,3.2545199394226074,,,,0.0,,,,,,,,,
3328000,832,0.0,,1.0210381746292114,,,,0.0,,,,,,,,,
3332000,833,0.0,,1.9883155822753906,,,,0.0,,,,,,,,,
3336000,834,0.0,,1.3056786060333252,,,,0.0,,,,,,,,,
3340000,835,0.0,,0.9200148582458496,,,,0.0,,,,,,,,,
3344000,836,0.0,,0.008655318059027195,,,,0.0,,,,,,,,,
3348000,837,0.0,,4.330623149871826,,,,0.0,,,,,,,,,
3352000,838,0.0,,0.007065393030643463,,,,0.0,,,,,,,,,
3356000,839,0.0,,0.007898981682956219,,,,0.0,,,,,,,,,
3360000,840,0.0,,0.007537918630987406,,,,0.0,,,,,,,,,
3364000,841,0.0,,1.306083083152771,,,,0.0,,,,,,,,,
3368000,842,0.0,,2.163972854614258,,,,0.0,,,,,,,,,
3372000,843,0.0,,0.01264946162700653,,,,0.0,,,,,,,,,
3376000,844,0.0,,3.2912354469299316,,,,0.0,,,,,,,,,
3380000,845,0.0,,0.01571272686123848,,,,0.0,,,,,,,,,
3384000,846,0.0,,0.012978717684745789,,,,0.0,,,,,,,,,
3388000,847,0.0,,1.222116231918335,,,,0.0,,,,,,,,,
3392000,848,0.0,,0.014888000674545765,,,,0.0,,,,,,,,,
3396000,849,0.0,,1.0214933156967163,,,,0.0,,,,,,,,,
3400000,850,0.0,,3.644465446472168,,,,0.0,,,,,,,,,
3404000,851,0.0,,0.011640729382634163,,,,0.0,,,,,,,,,
3408000,852,0.0,,0.011786675080657005,,,,0.0,,,,,,,,,
3412000,853,0.0,,1.3100827932357788,,,,0.0,,,,,,,,,
3416000,854,0.0,,1.018734335899353,,,,0.0,,,,,,,,,
3420000,855,0.0,,3.493410348892212,,,,0.0,,,,,,,,,
3424000,856,0.0,,0.008155189454555511,,,,0.0,,,,,,,,,
3428000,857,0.0,,1.016764760017395,,,,0.0,,,,,,,,,
3432000,858,0.0,,0.007310627959668636,,,,0.0,,,,,,,,,
3436000,859,0.0,,0.006646158639341593,,,,0.0,,,,,,,,,
3440000,860,0.0,,0.00642451923340559,,,,0.0,,,,,,,,,
3444000,861,0.0,,0.0051116617396473885,,,,0.0,,,,,,,,,
3448000,862,0.0,,0.00496857613325119,,,,0.0,,,,,,,,,
3452000,863,0.0,,1.020273208618164,,,,0.0,,,,,,,,,
3456000,864,0.0,,1.3065508604049683,,,,0.0,,,,,,,,,
3460000,865,0.0,,3.9434516429901123,,,,0.0,,,,,,,,,
3464000,866,0.0,,0.014252683147788048,,,,0.0,,,,,,,,,
3468000,867,0.0,,2.334785223007202,,,,0.0,,,,,,,,,
3472000,868,0.0,,1.1006823778152466,,,,0.0,,,,,,,,,
3476000,869,0.0,,0.03047521784901619,,,,0.0,,,,,,,,,
3480000,870,0.0,,0.030115270987153053,,,,0.0,,,,,,,,,
3484000,871,0.0,,0.023799888789653778,,,,0.0,,,,,,,,,
3488000,872,0.0,,1.3259389400482178,,,,0.0,,,,,,,,,
3492000,873,0.0,,1.0933212041854858,,,,0.0,,,,,,,,,
3496000,874,0.0,,2.2749853134155273,,,,0.0,,,,,,,,,
3500000,875,0.125,,0.951532781124115,,,,0.125,,,,,,,,,
3504000,876,0.0,,1.1897711753845215,,,,0.0,,,,,,,,,
3508000,877,0.0,,0.04465814307332039,,,,0.0,,,,,,,,,
3512000,878,0.0,,0.03917510434985161,,,,0.0,,,,,,,,,
3516000,879,0.0,,2.4612343311309814,,,,0.0,,,,,,,,,
3520000,880,0.0,,0.018134530633687973,,,,0.0,,,,,,,,,
3524000,881,0.0,,0.015035334043204784,,,,0.0,,,,,,,,,
3528000,882,0.0,,0.01205673348158598,,,,0.0,,,,,,,,,
3532000,883,0.0,,1.159282922744751,,,,0.0,,,,,,,,,
3536000,884,0.0,,1.030889630317688,,,,0.0,,,,,,,,,
3540000,885,0.0,,0.009139809757471085,,,,0.0,,,,,,,,,
3544000,886,0.0,,1.6813364028930664,,,,0.0,,,,,,,,,
3548000,887,0.0,,0.010074345394968987,,,,0.0,,,,,,,,,
3552000,888,0.0,,0.9286699891090393,,,,0.0,,,,,,,,,
3556000,889,0.0,,0.00855177827179432,,,,0.0,,,,,,,,,
3560000,890,0.0,,0.009209021925926208,,,,0.0,,,,,,,,,
3564000,891,0.0,,0.008036945015192032,,,,0.0,,,,,,,,,
3568000,892,0.0,,0.9815540909767151,,,,0.0,,,,,,,,,
3572000,893,0.0,,0.009989715181291103,,,,0.0,,,,,,,,,
3576000,894,0.0,,1.097435474395752,,,,0.0,,,,,,,,,
3580000,895,0.0,,0.011412515304982662,,,,0.0,,,,,,,,,
3584000,896,0.0,,0.010260501876473427,,,,0.0,,,,,,,,,
3588000,897,0.0,,1.241722583770752,,,,0.0,,,,,,,,,
3592000,898,0.0,,0.011668222025036812,,,,0.0,,,,,,,,,
3596000,899,0.0,,0.011768454685807228,,,,0.0,,,,,,,,,
3600000,900,0.0,,1.2468754053115845,,,,0.0,,,,,,,,,
3604000,901,0.0,,0.010841041803359985,,,,0.0,,,,,,,,,
3608000,902,0.0,,0.009638453833758831,,,,0.0,,,,,,,,,
3612000,903,0.0,,0.009186126291751862,,,,0.0,,,,,,,,,
3616000,904,0.125,,0.00826176442205906,,,,0.125,,,,,,,,,
3620000,905,0.0,,0.008414071053266525,,,,0.0,,,,,,,,,
3624000,906,0.0,,0.007039115764200687,,,,0.0,,,,,,,,,
3628000,907,0.0,,0.9384629130363464,,,,0.0,,,,,,,,,
3632000,908,0.0,,0.987549901008606,,,,0.0,,,,,,,,,
3636000,909,0.0,,1.1040111780166626,,,,0.0,,,,,,,,,
3640000,910,0.0,,0.0072491043247282505,,,,0.0,,,,,,,,,
3644000,911,0.0,,0.00606528390198946,,,,0.0,,,,,,,,,
3648000,912,0.0,,0.8540957570075989,,,,0.0,,,,,,,,,
3652000,913,0.0,,0.008733299560844898,,,,0.0,,,,,,,,,
3656000,914,0.0,,1.5596815347671509,,,,0.0,,,,,,,,,
3660000,915,0.0,,0.006533191539347172,,,,0.0,,,,,,,,,
3664000,916,0.0,,1.8724968433380127,,,,0.0,,,,,,,,,
3668000,917,0.0,,0.015561617910861969,,,,0.0,,,,,,,,,
3672000,918,0.0,,0.008141683414578438,,,,0.0,,,,,,,,,
3676000,919,0.0,,0.00797407515347004,,,,0.0,,,,,,,,,
3680000,920,0.0,,0.009777642786502838,,,,0.0,,,,,,,,,
3684000,921,0.0,,2.9990713596343994,,,,0.0,,,,,,,,,
3688000,922,0.0,,1.0527631044387817,,,,0.0,,,,,,,,,
3692000,923,0.0,,1.0577601194381714,,,,0.0,,,,,,,,,
3696000,924,0.0,,0.017862051725387573,,,,0.0,,,,,,,,,
3700000,925,0.0,,0.011834906414151192,,,,0.0,,,,,,,,,
3704000,926,0.125,,0.010885640978813171,,,,0.125,,,,,,,,,
3708000,927,0.0,,0.01032843254506588,,,,0.0,,,,,,,,,
3712000,928,0.0,,0.008083418942987919,,,,0.0,,,,,,,,,
3716000,929,0.0,,1.2545381784439087,,,,0.0,,,,,,,,,
3720000,930,0.0,,0.9909839034080505,,,,0.0,,,,,,,,,
3724000,931,0.0,,0.008028140291571617,,,,0.0,,,,,,,,,
3728000,932,0.0,,0.005972634069621563,,,,0.0,,,,,,,,,
3732000,933,0.0,,0.9950559735298157,,,,0.0,,,,,,,,,
3736000,934,0.0,,0.006434443406760693,,,,0.0,,,,,,,,,
3740000,935,0.0,,1.048587679862976,,,,0.0,,,,,,,,,
3744000,936,0.0,,1.0454005002975464,,,,0.0,,,,,,,,,
3748000,937,0.0,,0.8995789885520935,,,,0.0,,,,,,,,,
3752000,938,0.0,,0.00784328579902649,,,,0.0,,,,,,,,,
3756000,939,0.0,,0.008004332892596722,,,,0.0,,,,,,,,,
3760000,940,0.0,,0.005986499600112438,,,,0.0,,,,,,,,,
3764000,941,0.0,,1.0449635982513428,,,,0.0,,,,,,,,,
3768000,942,0.0,,1.1037163734436035,,,,0.0,,,,,,,,,
3772000,943,0.0,,4.121388912200928,,,,0.0,,,,,,,,,
3776000,944,0.0,,0.11491693556308746,,,,0.0,,,,,,,,,
3780000,945,0.0,,0.10729092359542847,,,,0.0,,,,,,,,,
3784000,946,0.0,,0.1304703950881958,,,,0.0,,,,,,,,,
3788000,947,0.0,,0.11300608515739441,,,,0.0,,,,,,,,,
3792000,948,0.0,,0.09578782320022583,,,,0.0,,,,,,,,,
3796000,949,0.0,,0.06964148581027985,,,,0.0,,,,,,,,,
3800000,950,0.0,,0.05290849506855011,,,,0.0,,,,,,,,,
3804000,951,0.125,,2.4457523822784424,,,,0.125,,,,,,,,,
3808000,952,0.0,,1.761129379272461,,,,0.0,,,,,,,,,
3812000,953,0.0,,0.05306529626250267,,,,0.0,,,,,,,,,
3816000,954,0.0,,0.051842913031578064,,,,0.0,,,,,,,,,
3820000,955,0.0,,0.04323273152112961,,,,0.0,,,,,,,,,
3824000,956,0.0,,1.1546727418899536,,,,0.0,,,,,,,,,
3828000,957,0.0,,0.03979117423295975,,,,0.0,,,,,,,,,
3832000,958,0.0,,0.037392184138298035,,,,0.0,,,,,,,,,
3836000,959,0.0,,1.1432678699493408,,,,0.0,,,,,,,,,
3840000,960,0.0,,0.02770514041185379,,,,0.0,,,,,,,,,
3844000,961,0.0,,1.0755723714828491,,,,0.0,,,,,,,,,
3848000,962,0.125,,2.3179712295532227,,,,0.125,,,,,,,,,
3852000,963,0.0,,2.2398948669433594,,,,0.0,,,,,,,,,
3856000,964,0.0,,0.016693729907274246,,,,0.0,,,,,,,,,
3860000,965,0.0,,0.015135005116462708,,,,0.0,,,,,,,,,
3864000,966,0.0,,0.014186480082571507,,,,0.0,,,,,,,,,
3868000,967,0.0,,2.466360092163086,,,,0.0,,,,,,,,,
3872000,968,0.0,,1.065588355064392,,,,0.0,,,,,,,,,
3876000,969,0.125,,2.3070871829986572,,,,0.125,,,,,,,,,
3880000,970,0.0,,0.015264669433236122,,,,0.0,,,,,,,,,
3884000,971,0.0,,1.1235355138778687,,,,0.0,,,,,,,,,
3888000,972,0.0,,0.013223342597484589,,,,0.0,,,,,,,,,
3892000,973,0.0,,1.4655907154083252,,,,0.0,,,,,,,,,
3896000,974,0.0,,0.9557856917381287,,,,0.0,,,,,,,,,
3900000,975,0.125,,0.0095777977257967,,,,0.125,,,,,,,,,
3904000,976,0.0,,2.719837188720703,,,,0.0,,,,,,,,,
3908000,977,0.0,,0.009194603189826012,,,,0.0,,,,,,,,,
3912000,978,0.0,,1.4607306718826294,,,,0.0,,,,,,,,,
3916000,979,0.0,,0.00914272665977478,,,,0.0,,,,,,,,,
3920000,980,0.0,,1.0036417245864868,,,,0.0,,,,,,,,,
3924000,981,0.0,,0.00957187544554472,,,,0.0,,,,,,,,,
3928000,982,0.0,,0.007624464109539986,,,,0.0,,,,,,,,,
3932000,983,0.125,,1.189848780632019,,,,0.125,,,,,,,,,
3936000,984,0.0,,1.189462423324585,,,,0.0,,,,,,,,,
3940000,985,0.0,,1.2659181356430054,,,,0.0,,,,,,,,,
3944000,986,0.0,,0.007289169356226921,,,,0.0,,,,,,,,,
3948000,987,0.0,,1.1191056966781616,,,,0.0,,,,,,,,,
3952000,988,0.0,,0.006827731616795063,,,,0.0,,,,,,,,,
3956000,989,0.0,,1.7220958471298218,,,,0.0,,,,,,,,,
3960000,990,0.125,,0.007388309109956026,,,,0.125,,,,,,,,,
3964000,991,0.0,,2.181539535522461,,,,0.0,,,,,,,,,
3968000,992,0.0,,0.008746597915887833,,,,0.0,,,,,,,,,
3972000,993,0.0,,1.459098219871521,,,,0.0,,,,,,,,,
3976000,994,0.0,,1.0030547380447388,,,,0.0,,,,,,,,,
3980000,995,0.0,,1.3556277751922607,,,,0.0,,,,,,,,,
3984000,996,0.0,,0.008407672867178917,,,,0.0,,,,,,,,,
3988000,997,0.0,,1.057309627532959,,,,0.0,,,,,,,,,
3992000,998,0.0,,1.3595129251480103,,,,0.0,,,,,,,,,
3996000,999,0.0,,1.4592454433441162,,,,0.0,,,,,,,,,
4000000,1000,0.0,,0.009676744230091572,,,,0.0,,,,,,,,,
4004000,1001,0.0,,0.0072371093556284904,,,,0.0,,,,,,,,,
4008000,1002,0.0,,0.9078578948974609,,,,0.0,,,,,,,,,
4012000,1003,0.125,,1.1892434358596802,,,,0.125,,,,,,,,,
4016000,1004,0.0,,1.120923399925232,,,,0.0,,,,,,,,,
4020000,1005,0.125,,4.823930740356445,,,,0.125,,,,,,,,,
4024000,1006,0.0,,1.1922143697738647,,,,0.0,,,,,,,,,
4028000,1007,0.0,,0.025301435962319374,,,,0.0,,,,,,,,,
4032000,1008,0.0,,0.04328972473740578,,,,0.0,,,,,,,,,
4036000,1009,0.0,,1.2017784118652344,,,,0.0,,,,,,,,,
4040000,1010,0.0,,1.2164617776870728,,,,0.0,,,,,,,,,
4044000,1011,0.0,,3.5733256340026855,,,,0.0,,,,,,,,,
4048000,1012,0.0,,1.0509051084518433,,,,0.0,,,,,,,,,
4052000,1013,0.0,,3.566681146621704,,,,0.0,,,,,,,,,
4056000,1014,0.0,,1.1376975774765015,,,,0.0,,,,,,,,,
4060000,1015,0.0,,0.18846853077411652,,,,0.0,,,,,,,,,
4064000,1016,0.0,,1.1160378456115723,,,,0.0,,,,,,,,,
4068000,1017,0.0,,3.136441707611084,,,,0.0,,,,,,,,,
4072000,1018,0.0,,0.9982476234436035,,,,0.0,,,,,,,,,
4076000,1019,0.0,,3.375645875930786,,,,0.0,,,,,,,,,
4080000,1020,0.0,,1.7600953578948975,,,,0.0,,,,,,,,,
4084000,1021,0.0,,1.0982977151870728,,,,0.0,,,,,,,,,
4088000,1022,0.0,,0.04717347398400307,,,,0.0,,,,,,,,,
4092000,1023,0.0,,1.285479187965393,,,,0.0,,,,,,,,,
4096000,1024,0.0,,0.03743024542927742,,,,0.0,,,,,,,,,
4100000,1025,0.0,,2.3714675903320312,,,,0.0,,,,,,,,,
4104000,1026,0.0,,1.2821804285049438,,,,0.0,,,,,,,,,
4108000,1027,0.0,,0.03377503529191017,,,,0.0,,,,,,,,,
4112000,1028,0.0,,4.758685111999512,,,,0.0,,,,,,,,,
4116000,1029,0.0,,0.9620988965034485,,,,0.0,,,,,,,,,
4120000,1030,0.0,,1.4538493156433105,,,,0.0,,,,,,,,,
4124000,1031,0.0,,1.0014246702194214,,,,0.0,,,,,,,,,
4128000,1032,0.0,,0.9501911997795105,,,,0.0,,,,,,,,,
4132000,1033,0.0,,1.0509496927261353,,,,0.0,,,,,,,,,
4136000,1034,0.0,,1.969792127609253,,,,0.0,,,,,,,,,
4140000,1035,0.0,,1.3381025791168213,,,,0.0,,,,,,,,,
4144000,1036,0.0,,4.150979995727539,,,,0.0,,,,,,,,,
4148000,1037,0.0,,0.014213432557880878,,,,0.0,,,,,,,,,
4152000,1038,0.0,,0.014262482523918152,,,,0.0,,,,,,,,,
4156000,1039,0.0,,0.011747295036911964,,,,0.0,,,,,,,,,
4160000,1040,0.125,,3.425121784210205,,,,0.125,,,,,,,,,
4164000,1041,0.0,,1.2431073188781738,,,,0.0,,,,,,,,,
4168000,1042,0.0,,0.010935556143522263,,,,0.0,,,,,,,,,
4172000,1043,0.0,,0.9363362193107605,,,,0.0,,,,,,,,,
4176000,1044,0.0,,2.337368965148926,,,,0.0,,,,,,,,,
4180000,1045,0.0,,1.4319663047790527,,,,0.0,,,,,,,,,
4184000,1046,0.0,,1.1645780801773071,,,,0.0,,,,,,,,,
4188000,1047,0.0,,1.2403157949447632,,,,0.0,,,,,,,,,
4192000,1048,0.0,,2.2974493503570557,,,,0.0,,,,,,,,,
4196000,1049,0.0,,1.0937618017196655,,,,0.0,,,,,,,,,
4200000,1050,0.125,,1.321722149848938,,,,0.125,,,,,,,,,
4204000,1051,0.0,,0.009046177379786968,,,,0.0,,,,,,,,,
4208000,1052,0.0,,1.0925010442733765,,,,0.0,,,,,,,,,
4212000,1053,0.0,,0.009162502363324165,,,,0.0,,,,,,,,,
4216000,1054,0.0,,2.1726322174072266,,,,0.0,,,,,,,,,
4220000,1055,0.0,,0.00781848281621933,,,,0.0,,,,,,,,,
4224000,1056,0.0,,0.007960401475429535,,,,0.0,,,,,,,,,
4228000,1057,0.0,,0.00832353439182043,,,,0.0,,,,,,,,,
4232000,1058,0.0,,0.007224151398986578,,,,0.0,,,,,,,,,
4236000,1059,0.0,,1.2375737428665161,,,,0.0,,,,,,,,,
4240000,1060,0.0,,2.478127956390381,,,,0.0,,,,,,,,,
4244000,1061,0.0,,1.5454782247543335,,,,0.0,,,,,,,,,
4248000,1062,0.125,,0.9794684052467346,,,,0.125,,,,,,,,,
4252000,1063,0.0,,2.631434440612793,,,,0.0,,,,,,,,,
4256000,1064,0.0,,0.011137982830405235,,,,0.0,,,,,,,,,
4260000,1065,0.0,,0.012104541063308716,,,,0.0,,,,,,,,,
4264000,1066,0.0,,1.5426465272903442,,,,0.0,,,,,,,,,
4268000,1067,0.0,,0.010321352630853653,,,,0.0,,,,,,,,,
4272000,1068,0.0,,0.8463317155838013,,,,0.0,,,,,,,,,
4276000,1069,0.0,,1.4249428510665894,,,,0.0,,,,,,,,,
4280000,1070,0.0,,1.3210517168045044,,,,0.0,,,,,,,,,
4284000,1071,0.0,,1.2335726022720337,,,,0.0,,,,,,,,,
4288000,1072,0.0,,1.1572412252426147,,,,0.0,,,,,,,,,
4292000,1073,0.0,,5.118508338928223,,,,0.0,,,,,,,,,
4296000,1074,0.0,,2.1018636226654053,,,,0.0,,,,,,,,,
4300000,1075,0.0,,0.010317591018974781,,,,0.0,,,,,,,,,
4304000,1076,0.0,,0.9738421440124512,,,,0.0,,,,,,,,,
4308000,1077,0.0,,3.9096157550811768,,,,0.0,,,,,,,,,
4312000,1078,0.0,,2.2278380393981934,,,,0.0,,,,,,,,,
4316000,1079,0.0,,0.9730000495910645,,,,0.0,,,,,,,,,
4320000,1080,0.0,,0.008743044920265675,,,,0.0,,,,,,,,,
4324000,1081,0.0,,1.0869851112365723,,,,0.0,,,,,,,,,
4328000,1082,0.0,,2.4535939693450928,,,,0.0,,,,,,,,,
4332000,1083,0.0,,1.320002555847168,,,,0.0,,,,,,,,,
4336000,1084,0.125,,0.010574044659733772,,,,0.125,,,,,,,,,
4340000,1085,0.0,,3.4747698307037354,,,,0.0,,,,,,,,,
4344000,1086,0.0,,3.6453335285186768,,,,0.0,,,,,,,,,
4348000,1087,0.0,,2.1579136848449707,,,,0.0,,,,,,,,,
4352000,1088,0.0,,1.5289297103881836,,,,0.0,,,,,,,,,
4356000,1089,0.0,,3.0930020809173584,,,,0.0,,,,,,,,,
4360000,1090,0.0,,1.0202282667160034,,,,0.0,,,,,,,,,
4364000,1091,0.0,,0.009608123451471329,,,,0.0,,,,,,,,,
4368000,1092,0.0,,1.07704758644104,,,,0.0,,,,,,,,,
4372000,1093,0.0,,1.8256783485412598,,,,0.0,,,,,,,,,
4376000,1094,0.0,,1.4044671058654785,,,,0.0,,,,,,,,,
4380000,1095,0.0,,0.009168637916445732,,,,0.0,,,,,,,,,
4384000,1096,0.0,,1.407789945602417,,,,0.0,,,,,,,,,
4388000,1097,0.0,,3.9570069313049316,,,,0.0,,,,,,,,,
4392000,1098,0.0,,0.011819640174508095,,,,0.0,,,,,,,,,
4396000,1099,0.0,,1.0730499029159546,,,,0.0,,,,,,,,,
4400000,1100,0.0,,2.0250210762023926,,,,0.0,,,,,,,,,
4404000,1101,0.0,,2.0770931243896484,,,,0.0,,,,,,,,,
4408000,1102,0.0,,2.2190561294555664,,,,0.0,,,,,,,,,
4412000,1103,0.0,,0.008885486051440239,,,,0.0,,,,,,,,,
4416000,1104,0.0,,0.0067334664054214954,,,,0.0,,,,,,,,,
4420000,1105,0.0,,0.00630258908495307,,,,0.0,,,,,,,,,
4424000,1106,0.0,,0.007073085755109787,,,,0.0,,,,,,,,,
4428000,1107,0.0,,1.6542741060256958,,,,0.0,,,,,,,,,
4432000,1108,0.0,,0.00979464128613472,,,,0.0,,,,,,,,,
4436000,1109,0.0,,1.0739784240722656,,,,0.0,,,,,,,,,
4440000,1110,0.0,,0.006085724104195833,,,,0.0,,,,,,,,,
4444000,1111,0.0,,0.007383724208921194,,,,0.0,,,,,,,,,
4448000,1112,0.0,,0.00606803223490715,,,,0.0,,,,,,,,,
4452000,1113,0.0,,0.007030969485640526,,,,0.0,,,,,,,,,
4456000,1114,0.0,,1.141926884651184,,,,0.0,,,,,,,,,
4460000,1115,0.0,,1.305476188659668,,,,0.0,,,,,,,,,
4464000,1116,0.125,,0.006709082517772913,,,,0.125,,,,,,,,,
4468000,1117,0.0,,0.9155362844467163,,,,0.0,,,,,,,,,
4472000,1118,0.0,,1.139474868774414,,,,0.0,,,,,,,,,
4476000,1119,0.0,,1.1417070627212524,,,,0.0,,,,,,,,,
4480000,1120,0.0,,0.006333007477223873,,,,0.0,,,,,,,,,
4484000,1121,0.0,,0.006724056787788868,,,,0.0,,,,,,,,,
4488000,1122,0.125,,0.0057233721017837524,,,,0.125,,,,,,,,,
4492000,1123,0.0,,2.4119796752929688,,,,0.0,,,,,,,,,
4496000,1124,0.0,,1.019934058189392,,,,0.0,,,,,,,,,
4500000,1125,0.0,,1.1417787075042725,,,,0.0,,,,,,,,,
4504000,1126,0.0,,2.07857084274292,,,,0.0,,,,,,,,,
4508000,1127,0.0,,1.2186366319656372,,,,0.0,,,,,,,,,
4512000,1128,0.0,,1.015684723854065,,,,0.0,,,,,,,,,
4516000,1129,0.0,,1.2170509099960327,,,,0.0,,,,,,,,,
4520000,1130,0.0,,0.011463068425655365,,,,0.0,,,,,,,,,
4524000,1131,0.0,,1.404765009880066,,,,0.0,,,,,,,,,
4528000,1132,0.0,,0.015217641368508339,,,,0.0,,,,,,,,,
4532000,1133,0.0,,1.1439567804336548,,,,0.0,,,,,,,,,
4536000,1134,0.0,,0.013866506516933441,,,,0.0,,,,,,,,,
4540000,1135,0.0,,0.014453371986746788,,,,0.0,,,,,,,,,
4544000,1136,0.0,,0.9663857817649841,,,,0.0,,,,,,,,,
4548000,1137,0.0,,0.011659041978418827,,,,0.0,,,,,,,,,
4552000,1138,0.0,,0.8342965245246887,,,,0.0,,,,,,,,,
4556000,1139,0.0,,0.009898998774588108,,,,0.0,,,,,,,,,
4560000,1140,0.0,,0.009875990450382233,,,,0.0,,,,,,,,,
4564000,1141,0.0,,0.00990419089794159,,,,0.0,,,,,,,,,
4568000,1142,0.0,,0.009623194113373756,,,,0.0,,,,,,,,,
4572000,1143,0.0,,1.3058443069458008,,,,0.0,,,,,,,,,
4576000,1144,0.0,,0.9179214835166931,,,,0.0,,,,,,,,,
4580000,1145,0.0,,0.007135313004255295,,,,0.0,,,,,,,,,
4584000,1146,0.125,,2.6198465824127197,,,,0.125,,,,,,,,,
4588000,1147,0.0,,2.2096505165100098,,,,0.0,,,,,,,,,
4592000,1148,0.0,,1.2265807390213013,,,,0.0,,,,,,,,,
4596000,1149,0.0,,1.3277254104614258,,,,0.0,,,,,,,,,
4600000,1150,0.0,,1.083746075630188,,,,0.0,,,,,,,,,
4604000,1151,0.0,,0.23509924113750458,,,,0.0,,,,,,,,,
4608000,1152,0.0,,0.2766900658607483,,,,0.0,,,,,,,,,
4612000,1153,0.0,,1.4742915630340576,,,,0.0,,,,,,,,,
4616000,1154,0.0,,2.6104507446289062,,,,0.0,,,,,,,,,
4620000,1155,0.0,,2.1405959129333496,,,,0.0,,,,,,,,,
4624000,1156,0.0,,0.10658430308103561,,,,0.0,,,,,,,,,
4628000,1157,0.0,,2.4016735553741455,,,,0.0,,,,,,,,,
4632000,1158,0.0,,0.07062885165214539,,,,0.0,,,,,,,,,
4636000,1159,0.0,,0.060056768357753754,,,,0.0,,,,,,,,,
4640000,1160,0.0,,0.06232423335313797,,,,0.0,,,,,,,,,
4644000,1161,0.0,,1.3555610179901123,,,,0.0,,,,,,,,,
4648000,1162,0.0,,1.2571872472763062,,,,0.0,,,,,,,,,
4652000,1163,0.0,,0.041698478162288666,,,,0.0,,,,,,,,,
4656000,1164,0.125,,0.04127703979611397,,,,0.125,,,,,,,,,
4660000,1165,0.0,,1.1077805757522583,,,,0.0,,,,,,,,,
4664000,1166,0.0,,0.030160002410411835,,,,0.0,,,,,,,,,
4668000,1167,0.0,,3.572723388671875,,,,0.0,,,,,,,,,
4672000,1168,0.0,,0.02555948495864868,,,,0.0,,,,,,,,,
4676000,1169,0.125,,2.234037399291992,,,,0.125,,,,,,,,,
4680000,1170,0.0,,1.3192631006240845,,,,0.0,,,,,,,,,
4684000,1171,0.0,,0.019262773916125298,,,,0.0,,,,,,,,,
4688000,1172,0.0,,2.1692938804626465,,,,0.0,,,,,,,,,
4692000,1173,0.0,,1.2319557666778564,,,,0.0,,,,,,,,,
4696000,1174,0.125,,1.0875632762908936,,,,0.125,,,,,,,,,
4700000,1175,0.0,,2.632012367248535,,,,0.0,,,,,,,,,
4704000,1176,0.0,,2.5315983295440674,,,,0.0,,,,,,,,,
4708000,1177,0.0,,0.01460783090442419,,,,0.0,,,,,,,,,
4712000,1178,0.0,,3.7886221408843994,,,,0.0,,,,,,,,,
4716000,1179,0.125,,3.755826473236084,,,,0.125,,,,,,,,,
4720000,1180,0.125,,0.015333574265241623,,,,0.125,,,,,,,,,
4724000,1181,0.0,,0.014103056862950325,,,,0.0,,,,,,,,,
4728000,1182,0.0,,6.44426965713501,,,,0.0,,,,,,,,,
4732000,1183,0.0,,3.6731815338134766,,,,0.0,,,,,,,,,
4736000,1184,0.0,,1.9312607049942017,,,,0.0,,,,,,,,,
4740000,1185,0.0,,1.3228284120559692,,,,0.0,,,,,,,,,
4744000,1186,0.0,,0.8436242341995239,,,,0.0,,,,,,,,,
4748000,1187,0.0,,3.4342942237854004,,,,0.0,,,,,,,,,
4752000,1188,0.0,,3.8909008502960205,,,,0.0,,,,,,,,,
4756000,1189,0.0,,1.0834400653839111,,,,0.0,,,,,,,,,
4760000,1190,0.0,,2.206944704055786,,,,0.0,,,,,,,,,
4764000,1191,0.0,,0.022833852097392082,,,,0.0,,,,,,,,,
4768000,1192,0.0,,2.0296998023986816,,,,0.0,,,,,,,,,
4772000,1193,0.0,,0.8777621388435364,,,,0.0,,,,,,,,,
4776000,1194,0.0,,1.4058648347854614,,,,0.0,,,,,,,,,
4780000,1195,0.0,,0.017398662865161896,,,,0.0,,,,,,,,,
4784000,1196,0.0,,0.019420158118009567,,,,0.0,,,,,,,,,
4788000,1197,0.0,,1.3058123588562012,,,,0.0,,,,,,,,,
4792000,1198,0.0,,1.4059935808181763,,,,0.0,,,,,,,,,
4796000,1199,0.0,,0.01623462699353695,,,,0.0,,,,,,,,,
4800000,1200,0.0,,0.014988650567829609,,,,0.0,,,,,,,,,
4804000,1201,0.0,,2.502288579940796,,,,0.0,,,,,,,,,
4808000,1202,0.0,,0.9170137643814087,,,,0.0,,,,,,,,,
4812000,1203,0.0,,2.070714235305786,,,,0.0,,,,,,,,,
4816000,1204,0.0,,2.035447597503662,,,,0.0,,,,,,,,,
4820000,1205,0.0,,0.016389690339565277,,,,0.0,,,,,,,,,
4824000,1206,0.0,,0.8751868009567261,,,,0.0,,,,,,,,,
4828000,1207,0.0,,1.2996783256530762,,,,0.0,,,,,,,,,
4832000,1208,0.0,,0.01700221747159958,,,,0.0,,,,,,,,,
4836000,1209,0.0,,2.266592502593994,,,,0.0,,,,,,,,,
4840000,1210,0.0,,1.0716238021850586,,,,0.0,,,,,,,,,
4844000,1211,0.0,,0.013772917911410332,,,,0.0,,,,,,,,,
4848000,1212,0.0,,2.671685218811035,,,,0.0,,,,,,,,,
4852000,1213,0.0,,2.318922519683838,,,,0.0,,,,,,,,,
4856000,1214,0.0,,0.009598949924111366,,,,0.0,,,,,,,,,
4860000,1215,0.0,,0.009077469818294048,,,,0.0,,,,,,,,,
4864000,1216,0.0,,0.010211259126663208,,,,0.0,,,,,,,,,
4868000,1217,0.0,,1.0062223672866821,,,,0.0,,,,,,,,,
4872000,1218,0.0,,2.259484052658081,,,,0.0,,,,,,,,,
4876000,1219,0.0,,1.2065467834472656,,,,0.0,,,,,,,,,
4880000,1220,0.0,,1.0004392862319946,,,,0.0,,,,,,,,,
4884000,1221,0.0,,2.069365978240967,,,,0.0,,,,,,,,,
4888000,1222,0.0,,0.009173222817480564,,,,0.0,,,,,,,,,
4892000,1223,0.0,,0.007050400599837303,,,,0.0,,,,,,,,,
4896000,1224,0.0,,0.009112494066357613,,,,0.0,,,,,,,,,
4900000,1225,0.125,,2.194796085357666,,,,0.125,,,,,,,,,
4904000,1226,0.125,,1.0638090372085571,,,,0.125,,,,,,,,,
4908000,1227,0.0,,1.1274703741073608,,,,0.0,,,,,,,,,
4912000,1228,0.0,,0.007994091138243675,,,,0.0,,,,,,,,,
4916000,1229,0.0,,2.482724189758301,,,,0.0,,,,,,,,,
4920000,1230,0.0,,1.2029798030853271,,,,0.0,,,,,,,,,
4924000,1231,0.0,,2.053539514541626,,,,0.0,,,,,,,,,
4928000,1232,0.0,,2.253995418548584,,,,0.0,,,,,,,,,
4932000,1233,0.0,,2.4023454189300537,,,,0.0,,,,,,,,,
4936000,1234,0.0,,2.3898510932922363,,,,0.0,,,,,,,,,
4940000,1235,0.0,,0.9992740750312805,,,,0.0,,,,,,,,,
4944000,1236,0.0,,1.939456582069397,,,,0.0,,,,,,,,,
4948000,1237,0.0,,1.9934080839157104,,,,0.0,,,,,,,,,
4952000,1238,0.0,,0.009915191680192947,,,,0.0,,,,,,,,,
4956000,1239,0.0,,0.007960408926010132,,,,0.0,,,,,,,,,
4960000,1240,0.0,,2.044849157333374,,,,0.0,,,,,,,,,
4964000,1241,0.0,,0.999024510383606,,,,0.0,,,,,,,,,
4968000,1242,0.0,,2.320058822631836,,,,0.0,,,,,,,,,
4972000,1243,0.0,,0.007406939752399921,,,,0.0,,,,,,,,,
4976000,1244,0.0,,0.9974683523178101,,,,0.0,,,,,,,,,
4980000,1245,0.0,,1.2793900966644287,,,,0.0,,,,,,,,,
4984000,1246,0.125,,1.121566891670227,,,,0.125,,,,,,,,,
4988000,1247,0.0,,0.012523177079856396,,,,0.0,,,,,,,,,
4992000,1248,0.0,,1.053415060043335,,,,0.0,,,,,,,,,
4996000,1249,0.0,,1.0537053346633911,,,,0.0,,,,,,,,,
5000000,1250,0.0,,1.282384991645813,,,,0.0,,,,,,,,,
5004000,1251,0.0,,2.3878190517425537,,,,0.0,,,,,,,,,
5008000,1252,0.0,,1.9870525598526,,,,0.0,,,,,,,,,
5012000,1253,0.0,,0.008269921876490116,,,,0.0,,,,,,,,,
5016000,1254,0.0,,2.1248435974121094,,,,0.0,,,,,,,,,
5020000,1255,0.125,,0.9948187470436096,,,,0.125,,,,,,,,,
5024000,1256,0.0,,2.265868663787842,,,,0.0,,,,,,,,,
5028000,1257,0.0,,2.235156297683716,,,,0.0,,,,,,,,,
5032000,1258,0.0,,2.0533576011657715,,,,0.0,,,,,,,,,
5036000,1259,0.0,,4.509749412536621,,,,0.0,,,,,,,,,
5040000,1260,0.0,,0.013298491016030312,,,,0.0,,,,,,,,,
5044000,1261,0.0,,0.01313730701804161,,,,0.0,,,,,,,,,
5048000,1262,0.0,,0.9967144727706909,,,,0.0,,,,,,,,,
5052000,1263,0.0,,2.1558728218078613,,,,0.0,,,,,,,,,
5056000,1264,0.125,,1.1946865320205688,,,,0.125,,,,,,,,,
5060000,1265,0.125,,0.009944860823452473,,,,0.125,,,,,,,,,
5064000,1266,0.0,,4.6070098876953125,,,,0.0,,,,,,,,,
5068000,1267,0.0,,2.3475341796875,,,,0.0,,,,,,,,,
5072000,1268,0.0,,2.361990451812744,,,,0.0,,,,,,,,,
5076000,1269,0.125,,1.0514768362045288,,,,0.125,,,,,,,,,
5080000,1270,0.0,,2.3080878257751465,,,,0.0,,,,,,,,,
5084000,1271,0.0,,1.9334709644317627,,,,0.0,,,,,,,,,
5088000,1272,0.0,,1.480472445487976,,,,0.0,,,,,,,,,
5092000,1273,0.0,,1.1912912130355835,,,,0.0,,,,,,,,,
5096000,1274,0.0,,2.220048666000366,,,,0.0,,,,,,,,,
5100000,1275,0.0,,1.1174964904785156,,,,0.0,,,,,,,,,
5104000,1276,0.0,,4.310543537139893,,,,0.0,,,,,,,,,
5108000,1277,0.0,,2.8296585083007812,,,,0.0,,,,,,,,,
5112000,1278,0.0,,0.033932529389858246,,,,0.0,,,,,,,,,
5116000,1279,0.0,,0.035623133182525635,,,,0.0,,,,,,,,,
5120000,1280,0.0,,2.708603858947754,,,,0.0,,,,,,,,,
5124000,1281,0.0,,2.0828213691711426,,,,0.0,,,,,,,,,
5128000,1282,0.0,,2.979010820388794,,,,0.0,,,,,,,,,
5132000,1283,0.0,,1.1129933595657349,,,,0.0,,,,,,,,,
5136000,1284,0.0,,1.9244213104248047,,,,0.0,,,,,,,,,
5140000,1285,0.0,,0.8625345826148987,,,,0.0,,,,,,,,,
5144000,1286,0.0,,0.03310980647802353,,,,0.0,,,,,,,,,
5148000,1287,0.0,,0.04141665995121002,,,,0.0,,,,,,,,,
5152000,1288,0.0,,1.7792609930038452,,,,0.0,,,,,,,,,
5156000,1289,0.0,,0.044200483709573746,,,,0.0,,,,,,,,,
5160000,1290,0.0,,2.351120948791504,,,,0.0,,,,,,,,,
5164000,1291,0.0,,0.03982435166835785,,,,0.0,,,,,,,,,
5168000,1292,0.0,,4.130446434020996,,,,0.0,,,,,,,,,
5172000,1293,0.0,,0.035582803189754486,,,,0.0,,,,,,,,,
5176000,1294,0.0,,1.1817610263824463,,,,0.0,,,,,,,,,
5180000,1295,0.0,,0.026548361405730247,,,,0.0,,,,,,,,,
5184000,1296,0.0,,4.485424041748047,,,,0.0,,,,,,,,,
5188000,1297,0.0,,1.0371497869491577,,,,0.0,,,,,,,,,
5192000,1298,0.0,,1.03658127784729,,,,0.0,,,,,,,,,
5196000,1299,0.0,,0.9745887517929077,,,,0.0,,,,,,,,,
5200000,1300,0.0,,1.1661192178726196,,,,0.0,,,,,,,,,
5204000,1301,0.0,,2.318329334259033,,,,0.0,,,,,,,,,
5208000,1302,0.0,,2.112532138824463,,,,0.0,,,,,,,,,
5212000,1303,0.0,,0.9199411273002625,,,,0.0,,,,,,,,,
5216000,1304,0.0,,0.01572341099381447,,,,0.0,,,,,,,,,
5220000,1305,0.0,,1.5216033458709717,,,,0.0,,,,,,,,,
5224000,1306,0.0,,0.9200983047485352,,,,0.0,,,,,,,,,
5228000,1307,0.125,,0.871776282787323,,,,0.125,,,,,,,,,
5232000,1308,0.0,,0.009948784485459328,,,,0.0,,,,,,,,,
5236000,1309,0.0,,2.0964465141296387,,,,0.0,,,,,,,,,
5240000,1310,0.0,,1.448076844215393,,,,0.0,,,,,,,,,
5244000,1311,0.0,,0.009458518587052822,,,,0.0,,,,,,,,,
5248000,1312,0.0,,1.4448862075805664,,,,0.0,,,,,,,,,
5252000,1313,0.0,,1.8229023218154907,,,,0.0,,,,,,,,,
5256000,1314,0.0,,0.011880102567374706,,,,0.0,,,,,,,,,
5260000,1315,0.0,,1.4481017589569092,,,,0.0,,,,,,,,,
5264000,1316,0.0,,2.4887216091156006,,,,0.0,,,,,,,,,
5268000,1317,0.0,,0.02900928631424904,,,,0.0,,,,,,,,,
5272000,1318,0.0,,0.1080724447965622,,,,0.0,,,,,,,,,
5276000,1319,0.0,,0.5213073492050171,,,,0.0,,,,,,,,,
5280000,1320,0.0,,1.955683708190918,,,,0.0,,,,,,,,,
5284000,1321,0.0,,1.3885414600372314,,,,0.0,,,,,,,,,
5288000,1322,0.0,,0.19475938379764557,,,,0.0,,,,,,,,,
5292000,1323,0.0,,0.16940966248512268,,,,0.0,,,,,,,,,
5296000,1324,0.0,,0.13700959086418152,,,,0.0,,,,,,,,,
5300000,1325,0.0,,0.0889175683259964,,,,0.0,,,,,,,,,
5304000,1326,0.0,,0.0665992870926857,,,,0.0,,,,,,,,,
5308000,1327,0.0,,1.139158010482788,,,,0.0,,,,,,,,,
5312000,1328,0.0,,0.9192953109741211,,,,0.0,,,,,,,,,
5316000,1329,0.0,,3.761378049850464,,,,0.0,,,,,,,,,
5320000,1330,0.0,,1.1212247610092163,,,,0.0,,,,,,,,,
5324000,1331,0.0,,0.04004249721765518,,,,0.0,,,,,,,,,
5328000,1332,0.0,,0.9035641551017761,,,,0.0,,,,,,,,,
5332000,1333,0.0,,0.030626429244875908,,,,0.0,,,,,,,,,
5336000,1334,0.0,,0.9901062846183777,,,,0.0,,,,,,,,,
5340000,1335,0.0,,0.026802852749824524,,,,0.0,,,,,,,,,
5344000,1336,0.0,,1.9021084308624268,,,,0.0,,,,,,,,,
5348000,1337,0.0,,2.4368019104003906,,,,0.0,,,,,,,,,
5352000,1338,0.0,,2.331430673599243,,,,0.0,,,,,,,,,
5356000,1339,0.0,,1.3495688438415527,,,,0.0,,,,,,,,,
5360000,1340,0.0,,3.219254970550537,,,,0.0,,,,,,,,,
5364000,1341,0.0,,2.555161714553833,,,,0.0,,,,,,,,,
5368000,1342,0.0,,1.8879703283309937,,,,0.0,,,,,,,,,
5372000,1343,0.0,,0.01261686347424984,,,,0.0,,,,,,,,,
5376000,1344,0.0,,0.9753652215003967,,,,0.0,,,,,,,,,
5380000,1345,0.0,,1.2513445615768433,,,,0.0,,,,,,,,,
5384000,1346,0.0,,0.00967332161962986,,,,0.0,,,,,,,,,
5388000,1347,0.0,,0.009238336235284805,,,,0.0,,,,,,,,,
5392000,1348,0.0,,0.008534654974937439,,,,0.0,,,,,,,,,
5396000,1349,0.0,,0.008442681282758713,,,,0.0,,,,,,,,,
5400000,1350,0.125,,0.008381260558962822,,,,0.125,,,,,,,,,
5404000,1351,0.0,,0.7340218424797058,,,,0.0,,,,,,,,,
5408000,1352,0.0,,0.008019465953111649,,,,0.0,,,,,,,,,
5412000,1353,0.0,,0.008036875165998936,,,,0.0,,,,,,,,,
5416000,1354,0.0,,0.007021160796284676,,,,0.0,,,,,,,,,
5420000,1355,0.0,,1.5955164432525635,,,,0.0,,,,,,,,,
5424000,1356,0.0,,0.007012857124209404,,,,0.0,,,,,,,,,
5428000,1357,0.0,,2.329143524169922,,,,0.0,,,,,,,,,
5432000,1358,0.0,,0.005873285699635744,,,,0.0,,,,,,,,,
5436000,1359,0.0,,0.006124844774603844,,,,0.0,,,,,,,,,
5440000,1360,0.0,,1.172739028930664,,,,0.0,,,,,,,,,
5444000,1361,0.125,,1.0308325290679932,,,,0.125,,,,,,,,,
5448000,1362,0.125,,0.8350184559822083,,,,0.125,,,,,,,,,
5452000,1363,0.0,,1.996786117553711,,,,0.0,,,,,,,,,
5456000,1364,0.0,,3.4741008281707764,,,,0.0,,,,,,,,,
5460000,1365,0.0,,3.411158800125122,,,,0.0,,,,,,,,,
5464000,1366,0.0,,0.008628221228718758,,,,0.0,,,,,,,,,
5468000,1367,0.0,,0.00822147075086832,,,,0.0,,,,,,,,,
5472000,1368,0.0,,0.8342819809913635,,,,0.0,,,,,,,,,
5476000,1369,0.125,,0.7962194085121155,,,,0.125,,,,,,,,,
5480000,1370,0.0,,1.3452398777008057,,,,0.0,,,,,,,,,
5484000,1371,0.0,,0.9757704138755798,,,,0.0,,,,,,,,,
5488000,1372,0.0,,3.1033458709716797,,,,0.0,,,,,,,,,
5492000,1373,0.0,,1.0957897901535034,,,,0.0,,,,,,,,,
5496000,1374,0.125,,1.1618002653121948,,,,0.125,,,,,,,,,
5500000,1375,0.0,,2.0321316719055176,,,,0.0,,,,,,,,,
5504000,1376,0.0,,0.006126204505562782,,,,0.0,,,,,,,,,
5508000,1377,0.0,,3.7290878295898438,,,,0.0,,,,,,,,,
5512000,1378,0.0,,4.42466926574707,,,,0.0,,,,,,,,,
5516000,1379,0.0,,3.3984498977661133,,,,0.0,,,,,,,,,
5520000,1380,0.0,,0.8719366192817688,,,,0.0,,,,,,,,,
5524000,1381,0.0,,2.1799376010894775,,,,0.0,,,,,,,,,
5528000,1382,0.0,,1.1561473608016968,,,,0.0,,,,,,,,,
5532000,1383,0.0,,1.0871092081069946,,,,0.0,,,,,,,,,
5536000,1384,0.0,,0.006729076616466045,,,,0.0,,,,,,,,,
5540000,1385,0.25,,0.007148329168558121,,,,0.25,,,,,,,,,
5544000,1386,0.0,,2.3977696895599365,,,,0.0,,,,,,,,,
5548000,1387,0.0,,2.728804111480713,,,,0.0,,,,,,,,,
5552000,1388,0.0,,4.502439975738525,,,,0.0,,,,,,,,,
5556000,1389,0.0,,0.011689428240060806,,,,0.0,,,,,,,,,
5560000,1390,0.0,,0.007759381085634232,,,,0.0,,,,,,,,,
5564000,1391,0.25,,0.00992502085864544,,,,0.25,,,,,,,,,
5568000,1392,0.0,,0.966667652130127,,,,0.0,,,,,,,,,
5572000,1393,0.0,,1.020622968673706,,,,0.0,,,,,,,,,
5576000,1394,0.0,,0.006622937507927418,,,,0.0,,,,,,,,,
5580000,1395,0.0,,2.248980760574341,,,,0.0,,,,,,,,,
5584000,1396,0.0,,0.007968463934957981,,,,0.0,,,,,,,,,
5588000,1397,0.0,,2.1695070266723633,,,,0.0,,,,,,,,,
5592000,1398,0.0,,5.4800872802734375,,,,0.0,,,,,,,,,
5596000,1399,0.0,,0.011033223010599613,,,,0.0,,,,,,,,,
5600000,1400,0.0,,1.4378299713134766,,,,0.0,,,,,,,,,
5604000,1401,0.0,,1.8684005737304688,,,,0.0,,,,,,,,,
5608000,1402,0.0,,0.9117059707641602,,,,0.0,,,,,,,,,
5612000,1403,0.0,,0.9611639976501465,,,,0.0,,,,,,,,,
5616000,1404,0.0,,0.007909804582595825,,,,0.0,,,,,,,,,
5620000,1405,0.25,,2.0910372734069824,,,,0.25,,,,,,,,,
5624000,1406,0.0,,1.767432689666748,,,,0.0,,,,,,,,,
5628000,1407,0.0,,0.7868714332580566,,,,0.0,,,,,,,,,
5632000,1408,0.0,,3.5748848915100098,,,,0.0,,,,,,,,,
5636000,1409,0.0,,3.147088050842285,,,,0.0,,,,,,,,,
5640000,1410,0.0,,1.5628762245178223,,,,0.0,,,,,,,,,
5644000,1411,0.0,,0.00892437994480133,,,,0.0,,,,,,,,,
5648000,1412,0.0,,0.009055855683982372,,,,0.0,,,,,,,,,
5652000,1413,0.0,,3.423346996307373,,,,0.0,,,,,,,,,
5656000,1414,0.0,,0.7209667563438416,,,,0.0,,,,,,,,,
5660000,1415,0.0,,4.2937331199646,,,,0.0,,,,,,,,,
5664000,1416,0.0,,0.8203548192977905,,,,0.0,,,,,,,,,
5668000,1417,0.0,,0.01232834905385971,,,,0.0,,,,,,,,,
5672000,1418,0.0,,1.9006930589675903,,,,0.0,,,,,,,,,
5676000,1419,0.0,,0.9562010169029236,,,,0.0,,,,,,,,,
5680000,1420,0.0,,2.31601881980896,,,,0.0,,,,,,,,,
5684000,1421,0.0,,1.0138640403747559,,,,0.0,,,,,,,,,
5688000,1422,0.0,,2.037938117980957,,,,0.0,,,,,,,,,
5692000,1423,0.0,,0.8671824336051941,,,,0.0,,,,,,,,,
5696000,1424,0.0,,2.134251117706299,,,,0.0,,,,,,,,,
5700000,1425,0.0,,1.147424578666687,,,,0.0,,,,,,,,,
5704000,1426,0.0,,0.8299106955528259,,,,0.0,,,,,,,,,
5708000,1427,0.0,,0.7898658514022827,,,,0.0,,,,,,,,,
5712000,1428,0.0,,1.141666054725647,,,,0.0,,,,,,,,,
5716000,1429,0.0,,0.01802286133170128,,,,0.0,,,,,,,,,
5720000,1430,0.0,,4.042649269104004,,,,0.0,,,,,,,,,
5724000,1431,0.0,,1.9048595428466797,,,,0.0,,,,,,,,,
5728000,1432,0.0,,0.018353134393692017,,,,0.0,,,,,,,,,
5732000,1433,0.0,,0.855288028717041,,,,0.0,,,,,,,,,
5736000,1434,0.0,,0.012968653813004494,,,,0.0,,,,,,,,,
5740000,1435,0.0,,2.070812463760376,,,,0.0,,,,,,,,,
5744000,1436,0.0,,1.0670088529586792,,,,0.0,,,,,,,,,
5748000,1437,0.0,,1.0641478300094604,,,,0.0,,,,,,,,,
5752000,1438,0.0,,0.010597042739391327,,,,0.0,,,,,,,,,
5756000,1439,0.0,,4.677309036254883,,,,0.0,,,,,,,,,
5760000,1440,0.0,,1.4162884950637817,,,,0.0,,,,,,,,,
5764000,1441,0.0,,2.6868114471435547,,,,0.0,,,,,,,,,
5768000,1442,0.0,,3.5905957221984863,,,,0.0,,,,,,,,,
5772000,1443,0.0,,2.0148582458496094,,,,0.0,,,,,,,,,
5776000,1444,0.0,,0.019739221781492233,,,,0.0,,,,,,,,,
5780000,1445,0.0,,2.336395502090454,,,,0.0,,,,,,,,,
5784000,1446,0.0,,1.8074132204055786,,,,0.0,,,,,,,,,
5788000,1447,0.0,,0.01879403553903103,,,,0.0,,,,,,,,,
5792000,1448,0.0,,1.0001658201217651,,,,0.0,,,,,,,,,
5796000,1449,0.0,,1.060802936553955,,,,0.0,,,,,,,,,
5800000,1450,0.0,,2.381267786026001,,,,0.0,,,,,,,,,
5804000,1451,0.0,,1.0647889375686646,,,,0.0,,,,,,,,,
5808000,1452,0.0,,0.02138274908065796,,,,0.0,,,,,,,,,
5812000,1453,0.0,,0.02344674803316593,,,,0.0,,,,,,,,,
5816000,1454,0.0,,0.02448229491710663,,,,0.0,,,,,,,,,
5820000,1455,0.0,,3.190791368484497,,,,0.0,,,,,,,,,
5824000,1456,0.0,,1.869881272315979,,,,0.0,,,,,,,,,
5828000,1457,0.0,,0.9524341821670532,,,,0.0,,,,,,,,,
5832000,1458,0.0,,0.023663800209760666,,,,0.0,,,,,,,,,
5836000,1459,0.0,,1.2163509130477905,,,,0.0,,,,,,,,,
5840000,1460,0.0,,2.0469706058502197,,,,0.0,,,,,,,,,
5844000,1461,0.0,,2.318753719329834,,,,0.0,,,,,,,,,
5848000,1462,0.0,,1.0009078979492188,,,,0.0,,,,,,,,,
5852000,1463,0.0,,1.5355815887451172,,,,0.0,,,,,,,,,
5856000,1464,0.0,,0.011984000913798809,,,,0.0,,,,,,,,,
5860000,1465,0.0,,0.014020665548741817,,,,0.0,,,,,,,,,
5864000,1466,0.0,,0.011925268918275833,,,,0.0,,,,,,,,,
5868000,1467,0.0,,2.7554030418395996,,,,0.0,,,,,,,,,
5872000,1468,0.0,,2.2339835166931152,,,,0.0,,,,,,,,,
5876000,1469,0.0,,1.9973640441894531,,,,0.0,,,,,,,,,
5880000,1470,0.0,,3.280733585357666,,,,0.0,,,,,,,,,
5884000,1471,0.125,,1.0857335329055786,,,,0.125,,,,,,,,,
5888000,1472,0.0,,2.1957662105560303,,,,0.0,,,,,,,,,
5892000,1473,0.0,,1.0879993438720703,,,,0.0,,,,,,,,,
5896000,1474,0.0,,2.9538254737854004,,,,0.0,,,,,,,,,
5900000,1475,0.0,,1.5019614696502686,,,,0.0,,,,,,,,,
5904000,1476,0.0,,0.321255087852478,,,,0.0,,,,,,,,,
5908000,1477,0.0,,1.8285032510757446,,,,0.0,,,,,,,,,
5912000,1478,0.0,,3.9434142112731934,,,,0.0,,,,,,,,,
5916000,1479,0.0,,2.5840651988983154,,,,0.0,,,,,,,,,
5920000,1480,0.0,,4.138298988342285,,,,0.0,,,,,,,,,
5924000,1481,0.0,,1.0135061740875244,,,,0.0,,,,,,,,,
5928000,1482,0.0,,1.806980848312378,,,,0.0,,,,,,,,,
5932000,1483,0.0,,0.9222579598426819,,,,0.0,,,,,,,,,
5936000,1484,0.0,,0.07968255877494812,,,,0.0,,,,,,,,,
5940000,1485,0.0,,3.9715700149536133,,,,0.0,,,,,,,,,
5944000,1486,0.0,,2.0355288982391357,,,,0.0,,,,,,,,,
5948000,1487,0.0,,0.9259641170501709,,,,0.0,,,,,,,,,
5952000,1488,0.0,,3.9357802867889404,,,,0.0,,,,,,,,,
5956000,1489,0.0,,4.169727325439453,,,,0.0,,,,,,,,,
5960000,1490,0.0,,0.8434454202651978,,,,0.0,,,,,,,,,
5964000,1491,0.0,,0.04017291218042374,,,,0.0,,,,,,,,,
5968000,1492,0.0,,2.9872078895568848,,,,0.0,,,,,,,,,
5972000,1493,0.0,,1.0747908353805542,,,,0.0,,,,,,,,,
5976000,1494,0.0,,0.788595974445343,,,,0.0,,,,,,,,,
5980000,1495,0.0,,2.0170223712921143,,,,0.0,,,,,,,,,
5984000,1496,0.0,,0.026742756366729736,,,,0.0,,,,,,,,,
5988000,1497,0.0,,0.02466494031250477,,,,0.0,,,,,,,,,
5992000,1498,0.0,,0.025654856115579605,,,,0.0,,,,,,,,,
5996000,1499,0.0,,2.1276731491088867,,,,0.0,,,,,,,,,
6000000,1500,0.0,,0.025328565388917923,,,,0.0,,,,,,,,,
6004000,1501,0.0,,0.02247018553316593,,,,0.0,,,,,,,,,
6008000,1502,0.0,,1.0047338008880615,,,,0.0,,,,,,,,,
6012000,1503,0.0,,3.0231523513793945,,,,0.0,,,,,,,,,
6016000,1504,0.0,,1.1396434307098389,,,,0.0,,,,,,,,,
6020000,1505,0.0,,0.021199345588684082,,,,0.0,,,,,,,,,
6024000,1506,0.0,,0.022958990186452866,,,,0.0,,,,,,,,,
6028000,1507,0.0,,3.6619744300842285,,,,0.0,,,,,,,,,
6032000,1508,0.0,,3.3131394386291504,,,,0.0,,,,,,,,,
6036000,1509,0.0,,2.7684133052825928,,,,0.0,,,,,,,,,
6040000,1510,0.25,,0.027381105348467827,,,,0.25,,,,,,,,,
6044000,1511,0.0,,0.02676658146083355,,,,0.0,,,,,,,,,
6048000,1512,0.0,,0.022108670324087143,,,,0.0,,,,,,,,,
6052000,1513,0.125,,1.7863118648529053,,,,0.125,,,,,,,,,
6056000,1514,0.0,,0.021618185564875603,,,,0.0,,,,,,,,,
6060000,1515,0.0,,1.5388996601104736,,,,0.0,,,,,,,,,
6064000,1516,0.0,,0.023906249552965164,,,,0.0,,,,,,,,,
6068000,1517,0.0,,0.8588804602622986,,,,0.0,,,,,,,,,
6072000,1518,0.0,,1.0030696392059326,,,,0.0,,,,,,,,,
6076000,1519,0.0,,1.1399706602096558,,,,0.0,,,,,,,,,
6080000,1520,0.0,,0.028454363346099854,,,,0.0,,,,,,,,,
6084000,1521,0.0,,1.3085018396377563,,,,0.0,,,,,,,,,
6088000,1522,0.0,,0.02931702882051468,,,,0.0,,,,,,,,,
6092000,1523,0.0,,0.025652362033724785,,,,0.0,,,,,,,,,
6096000,1524,0.0,,0.02814660407602787,,,,0.0,,,,,,,,,
6100000,1525,0.0,,1.219404935836792,,,,0.0,,,,,,,,,
6104000,1526,0.125,,1.3075095415115356,,,,0.125,,,,,,,,,
6108000,1527,0.0,,1.2189527750015259,,,,0.0,,,,,,,,,
6112000,1528,0.125,,0.9524034857749939,,,,0.125,,,,,,,,,
6116000,1529,0.0,,1.9513980150222778,,,,0.0,,,,,,,,,
6120000,1530,0.0,,0.021571623161435127,,,,0.0,,,,,,,,,
6124000,1531,0.125,,0.016923334449529648,,,,0.125,,,,,,,,,
6128000,1532,0.0,,0.017048627138137817,,,,0.0,,,,,,,,,
6132000,1533,0.0,,0.0166858471930027,,,,0.0,,,,,,,,,
6136000,1534,0.0,,1.2161744832992554,,,,0.0,,,,,,,,,
6140000,1535,0.0,,3.0337448120117188,,,,0.0,,,,,,,,,
6144000,1536,0.0,,0.02050790749490261,,,,0.0,,,,,,,,,
6148000,1537,0.0,,0.8543373346328735,,,,0.0,,,,,,,,,
6152000,1538,0.0,,0.9029818177223206,,,,0.0,,,,,,,,,
6156000,1539,0.0,,1.063197374343872,,,,0.0,,,,,,,,,
6160000,1540,0.0,,1.5400580167770386,,,,0.0,,,,,,,,,
6164000,1541,0.0,,3.552778959274292,,,,0.0,,,,,,,,,
6168000,1542,0.0,,0.019027821719646454,,,,0.0,,,,,,,,,
6172000,1543,0.0,,1.0036813020706177,,,,0.0,,,,,,,,,
6176000,1544,0.0,,0.016136998310685158,,,,0.0,,,,,,,,,
6180000,1545,0.0,,0.01747792214155197,,,,0.0,,,,,,,,,
6184000,1546,0.0,,0.017108255997300148,,,,0.0,,,,,,,,,
6188000,1547,0.0,,0.016765497624874115,,,,0.0,,,,,,,,,
6192000,1548,0.0,,1.0005906820297241,,,,0.0,,,,,,,,,
6196000,1549,0.0,,2.117988109588623,,,,0.0,,,,,,,,,
6200000,1550,0.125,,0.9447996616363525,,,,0.125,,,,,,,,,
6204000,1551,0.0,,0.7422270774841309,,,,0.0,,,,,,,,,
6208000,1552,0.0,,2.8106276988983154,,,,0.0,,,,,,,,,
6212000,1553,0.0,,0.013374791480600834,,,,0.0,,,,,,,,,
6216000,1554,0.0,,3.5343072414398193,,,,0.0,,,,,,,,,
6220000,1555,0.0,,0.012608412653207779,,,,0.0,,,,,,,,,
6224000,1556,0.0,,0.012000339105725288,,,,0.0,,,,,,,,,
6228000,1557,0.0,,0.8126283288002014,,,,0.0,,,,,,,,,
6232000,1558,0.0,,4.5218048095703125,,,,0.0,,,,,,,,,
6236000,1559,0.0,,0.9438350796699524,,,,0.0,,,,,,,,,
6240000,1560,0.0,,3.7125930786132812,,,,0.0,,,,,,,,,
6244000,1561,0.0,,2.8802261352539062,,,,0.0,,,,,,,,,
6248000,1562,0.0,,0.8115254044532776,,,,0.0,,,,,,,,,
6252000,1563,0.0,,2.0843586921691895,,,,0.0,,,,,,,,,
6256000,1564,0.125,,0.9952990412712097,,,,0.125,,,,,,,,,
6260000,1565,0.0,,2.225656032562256,,,,0.0,,,,,,,,,
6264000,1566,0.0,,2.0415220260620117,,,,0.0,,,,,,,,,
6268000,1567,0.0,,0.012896854430437088,,,,0.0,,,,,,,,,
6272000,1568,0.0,,1.7516059875488281,,,,0.0,,,,,,,,,
6276000,1569,0.0,,0.014085382223129272,,,,0.0,,,,,,,,,
6280000,1570,0.0,,3.0760231018066406,,,,0.0,,,,,,,,,
6284000,1571,0.0,,0.9922596216201782,,,,0.0,,,,,,,,,
6288000,1572,0.0,,3.574481725692749,,,,0.0,,,,,,,,,
6292000,1573,0.0,,0.01668056659400463,,,,0.0,,,,,,,,,
6296000,1574,0.0,,1.8090262413024902,,,,0.0,,,,,,,,,
6300000,1575,0.0,,2.0305628776550293,,,,0.0,,,,,,,,,
6304000,1576,0.0,,2.5143377780914307,,,,0.0,,,,,,,,,
6308000,1577,0.0,,1.96438729763031,,,,0.0,,,,,,,,,
6312000,1578,0.125,,1.048046350479126,,,,0.125,,,,,,,,,
6316000,1579,0.0,,1.1180169582366943,,,,0.0,,,,,,,,,
6320000,1580,0.0,,1.520927906036377,,,,0.0,,,,,,,,,
6324000,1581,0.0,,0.013289008289575577,,,,0.0,,,,,,,,,
6328000,1582,0.0,,1.9422434568405151,,,,0.0,,,,,,,,,
6332000,1583,0.0,,0.01862288825213909,,,,0.0,,,,,,,,,
6336000,1584,0.0,,1.0489366054534912,,,,0.0,,,,,,,,,
6340000,1585,0.0,,3.243150234222412,,,,0.0,,,,,,,,,
6344000,1586,0.0,,4.3836822509765625,,,,0.0,,,,,,,,,
6348000,1587,0.0,,0.01887817680835724,,,,0.0,,,,,,,,,
6352000,1588,0.0,,3.1287522315979004,,,,0.0,,,,,,,,,
6356000,1589,0.0,,4.53122615814209,,,,0.0,,,,,,,,,
6360000,1590,0.0,,3.3178131580352783,,,,0.0,,,,,,,,,
6364000,1591,0.0,,1.9685237407684326,,,,0.0,,,,,,,,,
6368000,1592,0.0,,2.949552297592163,,,,0.0,,,,,,,,,
6372000,1593,0.0,,2.076983690261841,,,,0.0,,,,,,,,,
6376000,1594,0.0,,0.026514284312725067,,,,0.0,,,,,,,,,
6380000,1595,0.0,,1.1920266151428223,,,,0.0,,,,,,,,,
6384000,1596,0.0,,1.660487174987793,,,,0.0,,,,,,,,,
6388000,1597,0.0,,0.928741991519928,,,,0.0,,,,,,,,,
6392000,1598,0.0,,1.8410074710845947,,,,0.0,,,,,,,,,
6396000,1599,0.0,,0.015850551426410675,,,,0.0,,,,,,,,,
6400000,1600,0.0,,0.01824020780622959,,,,0.0,,,,,,,,,
6404000,1601,0.0,,1.5742883682250977,,,,0.0,,,,,,,,,
6408000,1602,0.0,,1.1828738451004028,,,,0.0,,,,,,,,,
6412000,1603,0.0,,3.5538830757141113,,,,0.0,,,,,,,,,
6416000,1604,0.0,,0.850239098072052,,,,0.0,,,,,,,,,
6420000,1605,0.0,,2.150705575942993,,,,0.0,,,,,,,,,
6424000,1606,0.0,,1.4032418727874756,,,,0.0,,,,,,,,,
6428000,1607,0.0,,0.024714309722185135,,,,0.0,,,,,,,,,
6432000,1608,0.0,,0.9829826951026917,,,,0.0,,,,,,,,,
6436000,1609,0.125,,0.9848858714103699,,,,0.125,,,,,,,,,
6440000,1610,0.0,,1.830986499786377,,,,0.0,,,,,,,,,
6444000,1611,0.0,,0.8753552436828613,,,,0.0,,,,,,,,,
6448000,1612,0.0,,0.795670211315155,,,,0.0,,,,,,,,,
6452000,1613,0.0,,2.574514865875244,,,,0.0,,,,,,,,,
6456000,1614,0.0,,0.7255246043205261,,,,0.0,,,,,,,,,
6460000,1615,0.0,,0.013472272083163261,,,,0.0,,,,,,,,,
6464000,1616,0.0,,2.186965227127075,,,,0.0,,,,,,,,,
6468000,1617,0.0,,0.015186725184321404,,,,0.0,,,,,,,,,
6472000,1618,0.0,,3.5513367652893066,,,,0.0,,,,,,,,,
6476000,1619,0.0,,0.9720510840415955,,,,0.0,,,,,,,,,
6480000,1620,0.0,,0.01638719066977501,,,,0.0,,,,,,,,,
6484000,1621,0.0,,2.3531527519226074,,,,0.0,,,,,,,,,
6488000,1622,0.0,,0.9151685237884521,,,,0.0,,,,,,,,,
6492000,1623,0.0,,2.1806893348693848,,,,0.0,,,,,,,,,
6496000,1624,0.0,,0.7895708084106445,,,,0.0,,,,,,,,,
6500000,1625,0.0,,0.915142834186554,,,,0.0,,,,,,,,,
6504000,1626,0.125,,0.011968884617090225,,,,0.125,,,,,,,,,
6508000,1627,0.0,,0.013258932158350945,,,,0.0,,,,,,,,,
6512000,1628,0.0,,0.9187102317810059,,,,0.0,,,,,,,,,
6516000,1629,0.0,,2.6866097450256348,,,,0.0,,,,,,,,,
6520000,1630,0.0,,0.01248125173151493,,,,0.0,,,,,,,,,
6524000,1631,0.0,,2.6136889457702637,,,,0.0,,,,,,,,,
6528000,1632,0.0,,0.8693024516105652,,,,0.0,,,,,,,,,
6532000,1633,0.0,,1.0998179912567139,,,,0.0,,,,,,,,,
6536000,1634,0.0,,1.0971930027008057,,,,0.0,,,,,,,,,
6540000,1635,0.0,,1.830115795135498,,,,0.0,,,,,,,,,
6544000,1636,0.0,,0.9348984360694885,,,,0.0,,,,,,,,,
6548000,1637,0.0,,2.617429733276367,,,,0.0,,,,,,,,,
6552000,1638,0.0,,2.795170783996582,,,,0.0,,,,,,,,,
6556000,1639,0.0,,4.021392822265625,,,,0.0,,,,,,,,,
6560000,1640,0.0,,3.087247371673584,,,,0.0,,,,,,,,,
6564000,1641,0.0,,1.8283953666687012,,,,0.0,,,,,,,,,
6568000,1642,0.0,,1.7900068759918213,,,,0.0,,,,,,,,,
6572000,1643,0.0,,4.034651756286621,,,,0.0,,,,,,,,,
6576000,1644,0.0,,1.652099847793579,,,,0.0,,,,,,,,,
6580000,1645,0.125,,4.402984619140625,,,,0.125,,,,,,,,,
6584000,1646,0.0,,0.2769305109977722,,,,0.0,,,,,,,,,
6588000,1647,0.0,,3.807614803314209,,,,0.0,,,,,,,,,
6592000,1648,0.125,,1.0350236892700195,,,,0.125,,,,,,,,,
6596000,1649,0.0,,0.21208706498146057,,,,0.0,,,,,,,,,
6600000,1650,0.0,,0.14138607680797577,,,,0.0,,,,,,,,,
6604000,1651,0.0,,3.849322557449341,,,,0.0,,,,,,,,,
6608000,1652,0.0,,1.4409157037734985,,,,0.0,,,,,,,,,
6612000,1653,0.0,,0.06676235795021057,,,,0.0,,,,,,,,,
6616000,1654,0.0,,2.0847666263580322,,,,0.0,,,,,,,,,
6620000,1655,0.0,,1.5270075798034668,,,,0.0,,,,,,,,,
6624000,1656,0.0,,1.0024745464324951,,,,0.0,,,,,,,,,
6628000,1657,0.0,,1.2879691123962402,,,,0.0,,,,,,,,,
6632000,1658,0.0,,0.036764927208423615,,,,0.0,,,,,,,,,
6636000,1659,0.0,,0.0343746691942215,,,,0.0,,,,,,,,,
6640000,1660,0.0,,1.1156123876571655,,,,0.0,,,,,,,,,
6644000,1661,0.0,,0.02804594486951828,,,,0.0,,,,,,,,,
6648000,1662,0.0,,0.7337847948074341,,,,0.0,,,,,,,,,
6652000,1663,0.0,,2.1478500366210938,,,,0.0,,,,,,,,,
6656000,1664,0.0,,0.026417620480060577,,,,0.0,,,,,,,,,
6660000,1665,0.0,,1.9974254369735718,,,,0.0,,,,,,,,,
6664000,1666,0.0,,0.020917758345603943,,,,0.0,,,,,,,,,
6668000,1667,0.0,,0.018898675218224525,,,,0.0,,,,,,,,,
6672000,1668,0.125,,1.104744791984558,,,,0.125,,,,,,,,,
6676000,1669,0.0,,3.5193681716918945,,,,0.0,,,,,,,,,
6680000,1670,0.0,,2.198047399520874,,,,0.0,,,,,,,,,
6684000,1671,0.0,,0.01860993169248104,,,,0.0,,,,,,,,,
6688000,1672,0.0,,0.9747634530067444,,,,0.0,,,,,,,,,
6692000,1673,0.0,,0.01651567593216896,,,,0.0,,,,,,,,,
6696000,1674,0.0,,2.7039389610290527,,,,0.0,,,,,,,,,
6700000,1675,0.0,,1.953143835067749,,,,0.0,,,,,,,,,
6704000,1676,0.0,,0.01405159942805767,,,,0.0,,,,,,,,,
6708000,1677,0.0,,1.1001843214035034,,,,0.0,,,,,,,,,
6712000,1678,0.125,,0.012661496177315712,,,,0.125,,,,,,,,,
6716000,1679,0.0,,2.804438352584839,,,,0.0,,,,,,,,,
6720000,1680,0.0,,1.029728651046753,,,,0.0,,,,,,,,,
6724000,1681,0.0,,1.1739976406097412,,,,0.0,,,,,,,,,
6728000,1682,0.0,,3.6237998008728027,,,,0.0,,,,,,,,,
6732000,1683,0.0,,0.011203041300177574,,,,0.0,,,,,,,,,
6736000,1684,0.0,,0.8673040270805359,,,,0.0,,,,,,,,,
6740000,1685,0.0,,1.027436375617981,,,,0.0,,,,,,,,,
6744000,1686,0.0,,0.8214448690414429,,,,0.0,,,,,,,,,
6748000,1687,0.0,,1.9974722862243652,,,,0.0,,,,,,,,,
6752000,1688,0.0,,0.010022949427366257,,,,0.0,,,,,,,,,
6756000,1689,0.0,,1.9044374227523804,,,,0.0,,,,,,,,,
6760000,1690,0.0,,0.9657215476036072,,,,0.0,,,,,,,,,
6764000,1691,0.0,,0.008965259417891502,,,,0.0,,,,,,,,,
6768000,1692,0.0,,0.00896573904901743,,,,0.0,,,,,,,,,
6772000,1693,0.0,,0.01054779626429081,,,,0.0,,,,,,,,,
6776000,1694,0.0,,3.353177547454834,,,,0.0,,,,,,,,,
6780000,1695,0.0,,2.174570083618164,,,,0.0,,,,,,,,,
6784000,1696,0.0,,0.9110108017921448,,,,0.0,,,,,,,,,
6788000,1697,0.0,,2.508791446685791,,,,0.0,,,,,,,,,
6792000,1698,0.0,,0.009328177198767662,,,,0.0,,,,,,,,,
6796000,1699,0.0,,2.0677967071533203,,,,0.0,,,,,,,,,
6800000,1700,0.0,,0.007294831331819296,,,,0.0,,,,,,,,,
6804000,1701,0.0,,1.8152003288269043,,,,0.0,,,,,,,,,
6808000,1702,0.125,,0.00670507550239563,,,,0.125,,,,,,,,,
6812000,1703,0.0,,1.4838886260986328,,,,0.0,,,,,,,,,
6816000,1704,0.0,,0.9099732041358948,,,,0.0,,,,,,,,,
6820000,1705,0.0,,5.466190814971924,,,,0.0,,,,,,,,,
6824000,1706,0.0,,1.3683520555496216,,,,0.0,,,,,,,,,
6828000,1707,0.0,,0.8313906788825989,,,,0.0,,,,,,,,,
6832000,1708,0.0,,1.8646173477172852,,,,0.0,,,,,,,,,
6836000,1709,0.0,,1.2831507921218872,,,,0.0,,,,,,,,,
6840000,1710,0.0,,0.37526828050613403,,,,0.0,,,,,,,,,
6844000,1711,0.125,,2.8702640533447266,,,,0.125,,,,,,,,,
6848000,1712,0.0,,0.31866443157196045,,,,0.0,,,,,,,,,
6852000,1713,0.0,,0.23501840233802795,,,,0.0,,,,,,,,,
6856000,1714,0.0,,0.22020310163497925,,,,0.0,,,,,,,,,
6860000,1715,0.0,,0.22831013798713684,,,,0.0,,,,,,,,,
6864000,1716,0.0,,2.159839153289795,,,,0.0,,,,,,,,,
6868000,1717,0.0,,2.5292444229125977,,,,0.0,,,,,,,,,
6872000,1718,0.0,,0.1316707283258438,,,,0.0,,,,,,,,,
6876000,1719,0.0,,1.8794764280319214,,,,0.0,,,,,,,,,
6880000,1720,0.0,,3.4769105911254883,,,,0.0,,,,,,,,,
6884000,1721,0.0,,0.09584026038646698,,,,0.0,,,,,,,,,
6888000,1722,0.0,,0.09099511802196503,,,,0.0,,,,,,,,,
6892000,1723,0.0,,2.9626147747039795,,,,0.0,,,,,,,,,
6896000,1724,0.0,,2.6465904712677,,,,0.0,,,,,,,,,
6900000,1725,0.0,,0.948263943195343,,,,0.0,,,,,,,,,
6904000,1726,0.0,,2.216113805770874,,,,0.0,,,,,,,,,
6908000,1727,0.0,,0.047674477100372314,,,,0.0,,,,,,,,,
6912000,1728,0.0,,0.035449281334877014,,,,0.0,,,,,,,,,
6916000,1729,0.0,,2.9533004760742188,,,,0.0,,,,,,,,,
6920000,1730,0.0,,0.7674531936645508,,,,0.0,,,,,,,,,
6924000,1731,0.0,,2.73960542678833,,,,0.0,,,,,,,,,
6928000,1732,0.0,,0.9771788716316223,,,,0.0,,,,,,,,,
6932000,1733,0.0,,1.5999481678009033,,,,0.0,,,,,,,,,
6936000,1734,0.0,,1.0354576110839844,,,,0.0,,,,,,,,,
6940000,1735,0.0,,0.021179603412747383,,,,0.0,,,,,,,,,
6944000,1736,0.125,,0.018959179520606995,,,,0.125,,,,,,,,,
6948000,1737,0.0,,1.2640844583511353,,,,0.0,,,,,,,,,
6952000,1738,0.0,,2.0905659198760986,,,,0.0,,,,,,,,,
6956000,1739,0.0,,3.4492082595825195,,,,0.0,,,,,,,,,
6960000,1740,0.0,,0.015739798545837402,,,,0.0,,,,,,,,,
6964000,1741,0.0,,0.01815892942249775,,,,0.0,,,,,,,,,
6968000,1742,0.0,,0.018694866448640823,,,,0.0,,,,,,,,,
6972000,1743,0.0,,1.8926019668579102,,,,0.0,,,,,,,,,
6976000,1744,0.0,,0.013045689091086388,,,,0.0,,,,,,,,,
6980000,1745,0.0,,3.939150810241699,,,,0.0,,,,,,,,,
6984000,1746,0.0,,0.013652859255671501,,,,0.0,,,,,,,,,
6988000,1747,0.0,,0.9047051668167114,,,,0.0,,,,,,,,,
6992000,1748,0.0,,0.01186547800898552,,,,0.0,,,,,,,,,
6996000,1749,0.0,,0.016004014760255814,,,,0.0,,,,,,,,,
7000000,1750,0.0,,0.012042401358485222,,,,0.0,,,,,,,,,
7004000,1751,0.0,,1.0818531513214111,,,,0.0,,,,,,,,,
7008000,1752,0.0,,0.012106163427233696,,,,0.0,,,,,,,,,
7012000,1753,0.0,,1.7186322212219238,,,,0.0,,,,,,,,,
7016000,1754,0.0,,1.0848838090896606,,,,0.0,,,,,,,,,
7020000,1755,0.0,,4.026980876922607,,,,0.0,,,,,,,,,
7024000,1756,0.0,,0.009688861668109894,,,,0.0,,,,,,,,,
7028000,1757,0.0,,0.01047349814325571,,,,0.0,,,,,,,,,
7032000,1758,0.0,,0.9067016243934631,,,,0.0,,,,,,,,,
7036000,1759,0.0,,0.9016202688217163,,,,0.0,,,,,,,,,
7040000,1760,0.0,,1.0896178483963013,,,,0.0,,,,,,,,,
7044000,1761,0.0,,1.0851857662200928,,,,0.0,,,,,,,,,
7048000,1762,0.0,,0.008445503190159798,,,,0.0,,,,,,,,,
7052000,1763,0.0,,1.911789894104004,,,,0.0,,,,,,,,,
7056000,1764,0.0,,0.008482864126563072,,,,0.0,,,,,,,,,
7060000,1765,0.0,,0.9088941812515259,,,,0.0,,,,,,,,,
7064000,1766,0.0,,0.00799119658768177,,,,0.0,,,,,,,,,
7068000,1767,0.0,,0.8584714531898499,,,,0.0,,,,,,,,,
7072000,1768,0.0,,0.9074477553367615,,,,0.0,,,,,,,,,
7076000,1769,0.0,,0.008033117279410362,,,,0.0,,,,,,,,,
7080000,1770,0.0,,1.1665620803833008,,,,0.0,,,,,,,,,
7084000,1771,0.0,,1.2545559406280518,,,,0.0,,,,,,,,,
7088000,1772,0.0,,0.7796387672424316,,,,0.0,,,,,,,,,
7092000,1773,0.0,,0.006654033437371254,,,,0.0,,,,,,,,,
7096000,1774,0.0,,0.812592089176178,,,,0.0,,,,,,,,,
7100000,1775,0.0,,1.0909756422042847,,,,0.0,,,,,,,,,
7104000,1776,0.0,,0.006872710306197405,,,,0.0,,,,,,,,,
7108000,1777,0.0,,0.009390868246555328,,,,0.0,,,,,,,,,
7112000,1778,0.0,,0.008480730466544628,,,,0.0,,,,,,,,,
7116000,1779,0.125,,0.9061388373374939,,,,0.125,,,,,,,,,
7120000,1780,0.0,,0.006152343936264515,,,,0.0,,,,,,,,,
7124000,1781,0.0,,0.0062167588621377945,,,,0.0,,,,,,,,,
7128000,1782,0.0,,0.007916153408586979,,,,0.0,,,,,,,,,
7132000,1783,0.0,,0.005493342410773039,,,,0.0,,,,,,,,,
7136000,1784,0.0,,0.005823212675750256,,,,0.0,,,,,,,,,
7140000,1785,0.0,,0.9645165801048279,,,,0.0,,,,,,,,,
7144000,1786,0.0,,1.6812158823013306,,,,0.0,,,,,,,,,
7148000,1787,0.0,,0.9038066267967224,,,,0.0,,,,,,,,,
7152000,1788,0.0,,0.006054164841771126,,,,0.0,,,,,,,,,
7156000,1789,0.0,,0.006228553596884012,,,,0.0,,,,,,,,,
7160000,1790,0.0,,0.9118029475212097,,,,0.0,,,,,,,,,
7164000,1791,0.0,,0.005536064505577087,,,,0.0,,,,,,,,,
7168000,1792,0.0,,1.0247604846954346,,,,0.0,,,,,,,,,
7172000,1793,0.0,,0.006567951757460833,,,,0.0,,,,,,,,,
7176000,1794,0.0,,0.005431614816188812,,,,0.0,,,,,,,,,
7180000,1795,0.0,,0.005576955154538155,,,,0.0,,,,,,,,,
7184000,1796,0.0,,1.9328491687774658,,,,0.0,,,,,,,,,
7188000,1797,0.0,,0.8641846179962158,,,,0.0,,,,,,,,,
7192000,1798,0.0,,0.006601471919566393,,,,0.0,,,,,,,,,
7196000,1799,0.0,,1.0933899879455566,,,,0.0,,,,,,,,,
7200000,1800,0.0,,0.006425708997994661,,,,0.0,,,,,,,,,
7204000,1801,0.0,,1.5577905178070068,,,,0.0,,,,,,,,,
7208000,1802,0.0,,0.0063961101695895195,,,,0.0,,,,,,,,,
7212000,1803,0.0,,3.1324965953826904,,,,0.0,,,,,,,,,
7216000,1804,0.0,,0.7133672833442688,,,,0.0,,,,,,,,,
7220000,1805,0.0,,0.0062087527476251125,,,,0.0,,,,,,,,,
7224000,1806,0.0,,0.0052449507638812065,,,,0.0,,,,,,,,,
7228000,1807,0.0,,0.005178902763873339,,,,0.0,,,,,,,,,
7232000,1808,0.125,,1.169474720954895,,,,0.125,,,,,,,,,
7236000,1809,0.0,,0.00510810362175107,,,,0.0,,,,,,,,,
7240000,1810,0.0,,0.006444401573389769,,,,0.0,,,,,,,,,
7244000,1811,0.0,,0.006521407514810562,,,,0.0,,,,,,,,,
7248000,1812,0.0,,0.004458737559616566,,,,0.0,,,,,,,,,
7252000,1813,0.0,,1.0936245918273926,,,,0.0,,,,,,,,,
7256000,1814,0.0,,1.2612273693084717,,,,0.0,,,,,,,,,
7260000,1815,0.0,,1.0922011137008667,,,,0.0,,,,,,,,,
7264000,1816,0.0,,0.7450368404388428,,,,0.0,,,,,,,,,
7268000,1817,0.0,,0.8632469773292542,,,,0.0,,,,,,,,,
7272000,1818,0.125,,0.004471272230148315,,,,0.125,,,,,,,,,
7276000,1819,0.0,,1.0258607864379883,,,,0.0,,,,,,,,,
7280000,1820,0.0,,2.046884775161743,,,,0.0,,,,,,,,,
7284000,1821,0.0,,0.007078150287270546,,,,0.0,,,,,,,,,
7288000,1822,0.0,,1.9837342500686646,,,,0.0,,,,,,,,,
7292000,1823,0.0,,2.7833471298217773,,,,0.0,,,,,,,,,
7296000,1824,0.0,,1.489513874053955,,,,0.0,,,,,,,,,
7300000,1825,0.0,,0.7850903868675232,,,,0.0,,,,,,,,,
7304000,1826,0.0,,0.9687737822532654,,,,0.0,,,,,,,,,
7308000,1827,0.0,,0.021464433521032333,,,,0.0,,,,,,,,,
7312000,1828,0.125,,0.04289643466472626,,,,0.125,,,,,,,,,
7316000,1829,0.0,,1.327317714691162,,,,0.0,,,,,,,,,
7320000,1830,0.0,,0.8365538120269775,,,,0.0,,,,,,,,,
7324000,1831,0.0,,0.07981908321380615,,,,0.0,,,,,,,,,
7328000,1832,0.0,,0.08553217351436615,,,,0.0,,,,,,,,,
7332000,1833,0.125,,0.1159508228302002,,,,0.125,,,,,,,,,
7336000,1834,0.0,,1.184998869895935,,,,0.0,,,,,,,,,
7340000,1835,0.0,,0.8813359141349792,,,,0.0,,,,,,,,,
7344000,1836,0.0,,0.8623109459877014,,,,0.0,,,,,,,,,
7348000,1837,0.0,,1.4039371013641357,,,,0.0,,,,,,,,,
7352000,1838,0.0,,2.31469988822937,,,,0.0,,,,,,,,,
7356000,1839,0.0,,1.0575671195983887,,,,0.0,,,,,,,,,
7360000,1840,0.0,,0.03412860259413719,,,,0.0,,,,,,,,,
7364000,1841,0.0,,0.03054840862751007,,,,0.0,,,,,,,,,
7368000,1842,0.0,,1.8354722261428833,,,,0.0,,,,,,,,,
7372000,1843,0.0,,0.0238412506878376,,,,0.0,,,,,,,,,
7376000,1844,0.0,,0.9338942766189575,,,,0.0,,,,,,,,,
7380000,1845,0.0,,2.9168028831481934,,,,0.0,,,,,,,,,
7384000,1846,0.0,,0.02023034356534481,,,,0.0,,,,,,,,,
7388000,1847,0.125,,0.019724596291780472,,,,0.125,,,,,,,,,
7392000,1848,0.0,,0.022363118827342987,,,,0.0,,,,,,,,,
7396000,1849,0.0,,0.020063603296875954,,,,0.0,,,,,,,,,
7400000,1850,0.0,,4.074926853179932,,,,0.0,,,,,,,,,
7404000,1851,0.0,,0.8812747597694397,,,,0.0,,,,,,,,,
7408000,1852,0.0,,0.9218111634254456,,,,0.0,,,,,,,,,
7412000,1853,0.0,,0.834412693977356,,,,0.0,,,,,,,,,
7416000,1854,0.0,,0.9268428683280945,,,,0.0,,,,,,,,,
7420000,1855,0.0,,1.1122671365737915,,,,0.0,,,,,,,,,
7424000,1856,0.125,,0.014960939064621925,,,,0.125,,,,,,,,,
7428000,1857,0.0,,1.737498164176941,,,,0.0,,,,,,,,,
7432000,1858,0.0,,1.036827802658081,,,,0.0,,,,,,,,,
7436000,1859,0.0,,0.014037977904081345,,,,0.0,,,,,,,,,
7440000,1860,0.0,,0.01400243304669857,,,,0.0,,,,,,,,,
7444000,1861,0.0,,0.9745643138885498,,,,0.0,,,,,,,,,
7448000,1862,0.0,,0.01759623922407627,,,,0.0,,,,,,,,,
7452000,1863,0.0,,3.0308585166931152,,,,0.0,,,,,,,,,
7456000,1864,0.0,,1.0361686944961548,,,,0.0,,,,,,,,,
7460000,1865,0.0,,2.4651260375976562,,,,0.0,,,,,,,,,
7464000,1866,0.125,,0.011111605912446976,,,,0.125,,,,,,,,,
7468000,1867,0.0,,0.9763006567955017,,,,0.0,,,,,,,,,
7472000,1868,0.0,,1.9402146339416504,,,,0.0,,,,,,,,,
7476000,1869,0.0,,0.8760409355163574,,,,0.0,,,,,,,,,
7480000,1870,0.0,,1.3773255348205566,,,,0.0,,,,,,,,,
7484000,1871,0.0,,0.01669023185968399,,,,0.0,,,,,,,,,
7488000,1872,0.0,,0.9267511367797852,,,,0.0,,,,,,,,,
7492000,1873,0.0,,1.035245418548584,,,,0.0,,,,,,,,,
7496000,1874,0.0,,0.02316109463572502,,,,0.0,,,,,,,,,
7500000,1875,0.0,,1.0365010499954224,,,,0.0,,,,,,,,,
7504000,1876,0.0,,2.2076635360717773,,,,0.0,,,,,,,,,
7508000,1877,0.0,,2.819033622741699,,,,0.0,,,,,,,,,
7512000,1878,0.0,,0.022426586598157883,,,,0.0,,,,,,,,,
7516000,1879,0.0,,0.018926162272691727,,,,0.0,,,,,,,,,
7520000,1880,0.0,,0.017062993720173836,,,,0.0,,,,,,,,,
7524000,1881,0.0,,1.184099793434143,,,,0.0,,,,,,,,,
7528000,1882,0.0,,0.023442715406417847,,,,0.0,,,,,,,,,
7532000,1883,0.0,,1.0453903675079346,,,,0.0,,,,,,,,,
7536000,1884,0.0,,0.012928491458296776,,,,0.0,,,,,,,,,
7540000,1885,0.0,,1.038304090499878,,,,0.0,,,,,,,,,
7544000,1886,0.0,,1.7827157974243164,,,,0.0,,,,,,,,,
7548000,1887,0.0,,1.8917415142059326,,,,0.0,,,,,,,,,
7552000,1888,0.0,,3.0200958251953125,,,,0.0,,,,,,,,,
7556000,1889,0.0,,1.034613013267517,,,,0.0,,,,,,,,,
7560000,1890,0.125,,1.737353801727295,,,,0.125,,,,,,,,,
7564000,1891,0.0,,2.9152677059173584,,,,0.0,,,,,,,,,
7568000,1892,0.0,,0.9766314029693604,,,,0.0,,,,,,,,,
7572000,1893,0.0,,1.7538942098617554,,,,0.0,,,,,,,,,
7576000,1894,0.0,,1.044203758239746,,,,0.0,,,,,,,,,
7580000,1895,0.0,,1.1104426383972168,,,,0.0,,,,,,,,,
7584000,1896,0.0,,0.029670672491192818,,,,0.0,,,,,,,,,
7588000,1897,0.0,,3.318551778793335,,,,0.0,,,,,,,,,
7592000,1898,0.0,,0.034957289695739746,,,,0.0,,,,,,,,,
7596000,1899,0.0,,0.027998369187116623,,,,0.0,,,,,,,,,
7600000,1900,0.0,,1.0404584407806396,,,,0.0,,,,,,,,,
7604000,1901,0.125,,3.436098575592041,,,,0.125,,,,,,,,,
7608000,1902,0.0,,2.853886842727661,,,,0.0,,,,,,,,,
7612000,1903,0.0,,4.09456205368042,,,,0.0,,,,,,,,,
7616000,1904,0.0,,3.813934564590454,,,,0.0,,,,,,,,,
7620000,1905,0.0,,0.060687802731990814,,,,0.0,,,,,,,,,
7624000,1906,0.0,,0.04202170670032501,,,,0.0,,,,,,,,,
7628000,1907,0.125,,3.0875277519226074,,,,0.125,,,,,,,,,
7632000,1908,0.0,,2.708688259124756,,,,0.0,,,,,,,,,
7636000,1909,0.0,,1.70577073097229,,,,0.0,,,,,,,,,
7640000,1910,0.0,,2.1498892307281494,,,,0.0,,,,,,,,,
7644000,1911,0.0,,0.03992066532373428,,,,0.0,,,,,,,,,
7648000,1912,0.0,,1.1162179708480835,,,,0.0,,,,,,,,,
7652000,1913,0.0,,1.7386964559555054,,,,0.0,,,,,,,,,
7656000,1914,0.0,,0.7936536073684692,,,,0.0,,,,,,,,,
7660000,1915,0.0,,0.9200279712677002,,,,0.0,,,,,,,,,
7664000,1916,0.0,,2.1962437629699707,,,,0.0,,,,,,,,,
7668000,1917,0.0,,1.370789885520935,,,,0.0,,,,,,,,,
7672000,1918,0.0,,0.9721261262893677,,,,0.0,,,,,,,,,
7676000,1919,0.0,,2.0283212661743164,,,,0.0,,,,,,,,,
7680000,1920,0.0,,0.973162829875946,,,,0.0,,,,,,,,,
7684000,1921,0.0,,2.719552755355835,,,,0.0,,,,,,,,,
7688000,1922,0.0,,0.017483603209257126,,,,0.0,,,,,,,,,
7692000,1923,0.0,,0.017909862101078033,,,,0.0,,,,,,,,,
7696000,1924,0.0,,0.018647480756044388,,,,0.0,,,,,,,,,
7700000,1925,0.0,,1.170112133026123,,,,0.0,,,,,,,,,
7704000,1926,0.125,,4.724886894226074,,,,0.125,,,,,,,,,
7708000,1927,0.0,,1.0968728065490723,,,,0.0,,,,,,,,,
7712000,1928,0.0,,1.0273000001907349,,,,0.0,,,,,,,,,
7716000,1929,0.0,,0.013928691856563091,,,,0.0,,,,,,,,,
7720000,1930,0.0,,1.6770586967468262,,,,0.0,,,,,,,,,
7724000,1931,0.0,,0.9648578763008118,,,,0.0,,,,,,,,,
7728000,1932,0.0,,0.9145346283912659,,,,0.0,,,,,,,,,
7732000,1933,0.0,,0.01571110635995865,,,,0.0,,,,,,,,,
7736000,1934,0.0,,1.2551522254943848,,,,0.0,,,,,,,,,
7740000,1935,0.0,,2.0395567417144775,,,,0.0,,,,,,,,,
7744000,1936,0.0,,0.015843244269490242,,,,0.0,,,,,,,,,
7748000,1937,0.0,,1.7627933025360107,,,,0.0,,,,,,,,,
7752000,1938,0.0,,1.2517801523208618,,,,0.0,,,,,,,,,
7756000,1939,0.0,,3.0485682487487793,,,,0.0,,,,,,,,,
7760000,1940,0.0,,1.0167582035064697,,,,0.0,,,,,,,,,
7764000,1941,0.0,,2.2990822792053223,,,,0.0,,,,,,,,,
7768000,1942,0.0,,0.018336035311222076,,,,0.0,,,,,,,,,
7772000,1943,0.0,,3.015923500061035,,,,0.0,,,,,,,,,
7776000,1944,0.0,,0.015490587800741196,,,,0.0,,,,,,,,,
7780000,1945,0.0,,1.3549284934997559,,,,0.0,,,,,,,,,
7784000,1946,0.0,,2.313084363937378,,,,0.0,,,,,,,,,
7788000,1947,0.0,,3.1624531745910645,,,,0.0,,,,,,,,,
7792000,1948,0.0,,0.022205354645848274,,,,0.0,,,,,,,,,
7796000,1949,0.0,,0.7840428948402405,,,,0.0,,,,,,,,,
7800000,1950,0.0,,0.0187066663056612,,,,0.0,,,,,,,,,
7804000,1951,0.0,,0.9528855681419373,,,,0.0,,,,,,,,,
7808000,1952,0.0,,0.906053900718689,,,,0.0,,,,,,,,,
7812000,1953,0.0,,2.2358012199401855,,,,0.0,,,,,,,,,
7816000,1954,0.0,,2.2704923152923584,,,,0.0,,,,,,,,,
7820000,1955,0.0,,0.9047390818595886,,,,0.0,,,,,,,,,
7824000,1956,0.0,,0.014751930721104145,,,,0.0,,,,,,,,,
7828000,1957,0.0,,2.417267322540283,,,,0.0,,,,,,,,,
7832000,1958,0.0,,2.5654525756835938,,,,0.0,,,,,,,,,
7836000,1959,0.0,,0.7805494666099548,,,,0.0,,,,,,,,,
7840000,1960,0.0,,0.6800901293754578,,,,0.0,,,,,,,,,
7844000,1961,0.0,,0.018321938812732697,,,,0.0,,,,,,,,,
7848000,1962,0.0,,0.01800168678164482,,,,0.0,,,,,,,,,
7852000,1963,0.0,,0.8589960336685181,,,,0.0,,,,,,,,,
7856000,1964,0.0,,1.1595276594161987,,,,0.0,,,,,,,,,
7860000,1965,0.0,,0.013526719063520432,,,,0.0,,,,,,,,,
7864000,1966,0.0,,0.00936424732208252,,,,0.0,,,,,,,,,
7868000,1967,0.0,,0.012695664539933205,,,,0.0,,,,,,,,,
7872000,1968,0.0,,0.900245726108551,,,,0.0,,,,,,,,,
7876000,1969,0.0,,0.012109793722629547,,,,0.0,,,,,,,,,
7880000,1970,0.0,,0.00958252139389515,,,,0.0,,,,,,,,,
7884000,1971,0.0,,0.00894249975681305,,,,0.0,,,,,,,,,
7888000,1972,0.125,,0.008876243606209755,,,,0.125,,,,,,,,,
7892000,1973,0.0,,0.009195651859045029,,,,0.0,,,,,,,,,
7896000,1974,0.0,,1.089343786239624,,,,0.0,,,,,,,,,
7900000,1975,0.0,,2.316215991973877,,,,0.0,,,,,,,,,
7904000,1976,0.0,,1.0166125297546387,,,,0.0,,,,,,,,,
7908000,1977,0.0,,3.847440719604492,,,,0.0,,,,,,,,,
7912000,1978,0.0,,0.01194192934781313,,,,0.0,,,,,,,,,
7916000,1979,0.0,,1.903660535812378,,,,0.0,,,,,,,,,
7920000,1980,0.0,,1.2500040531158447,,,,0.0,,,,,,,,,
7924000,1981,0.0,,0.9555317759513855,,,,0.0,,,,,,,,,
7928000,1982,0.0,,0.9662542939186096,,,,0.0,,,,,,,,,
7932000,1983,0.0,,0.024639923125505447,,,,0.0,,,,,,,,,
7936000,1984,0.0,,0.06580301374197006,,,,0.0,,,,,,,,,
7940000,1985,0.0,,0.16696740686893463,,,,0.0,,,,,,,,,
7944000,1986,0.0,,1.1206191778182983,,,,0.0,,,,,,,,,
7948000,1987,0.0,,0.15700946748256683,,,,0.0,,,,,,,,,
7952000,1988,0.0,,0.17891106009483337,,,,0.0,,,,,,,,,
7956000,1989,0.0,,1.076122522354126,,,,0.0,,,,,,,,,
7960000,1990,0.0,,1.3801932334899902,,,,0.0,,,,,,,,,
7964000,1991,0.125,,1.9183179140090942,,,,0.125,,,,,,,,,
7968000,1992,0.0,,0.07074697315692902,,,,0.0,,,,,,,,,
7972000,1993,0.125,,2.133824348449707,,,,0.125,,,,,,,,,
7976000,1994,0.0,,0.04765383154153824,,,,0.0,,,,,,,,,
7980000,1995,0.0,,0.038850247859954834,,,,0.0,,,,,,,,,
7984000,1996,0.0,,0.036369625478982925,,,,0.0,,,,,,,,,
7988000,1997,0.125,,0.980402946472168,,,,0.125,,,,,,,,,
7992000,1998,0.0,,1.4915657043457031,,,,0.0,,,,,,,,,
7996000,1999,0.125,,2.343193531036377,,,,0.125,,,,,,,,,
8000000,2000,0.0,,2.507093667984009,,,,0.0,,,,,,,,,
8004000,2001,0.0,,1.3673548698425293,,,,0.0,,,,,,,,,
8008000,2002,0.0,,2.792161703109741,,,,0.0,,,,,,,,,
8012000,2003,0.0,,0.9706985354423523,,,,0.0,,,,,,,,,
8016000,2004,0.0,,4.3884382247924805,,,,0.0,,,,,,,,,
8020000,2005,0.0,,0.01950892060995102,,,,0.0,,,,,,,,,
8024000,2006,0.0,,1.3613206148147583,,,,0.0,,,,,,,,,
8028000,2007,0.0,,0.8670774698257446,,,,0.0,,,,,,,,,
8032000,2008,0.0,,0.016580048948526382,,,,0.0,,,,,,,,,
8036000,2009,0.0,,0.014853669330477715,,,,0.0,,,,,,,,,
8040000,2010,0.0,,1.1670849323272705,,,,0.0,,,,,,,,,
8044000,2011,0.0,,0.013773791491985321,,,,0.0,,,,,,,,,
8048000,2012,0.0,,0.0139550706371665,,,,0.0,,,,,,,,,
8052000,2013,0.125,,0.01178261823952198,,,,0.125,,,,,,,,,
8056000,2014,0.0,,1.256029486656189,,,,0.0,,,,,,,,,
8060000,2015,0.0,,1.4815813302993774,,,,0.0,,,,,,,,,
8064000,2016,0.0,,2.970165729522705,,,,0.0,,,,,,,,,
8068000,2017,0.0,,0.013018101453781128,,,,0.0,,,,,,,,,
8072000,2018,0.0,,0.013485859148204327,,,,0.0,,,,,,,,,
8076000,2019,0.0,,0.9602880477905273,,,,0.0,,,,,,,,,
8080000,2020,0.0,,0.011933982372283936,,,,0.0,,,,,,,,,
8084000,2021,0.125,,2.803778886795044,,,,0.125,,,,,,,,,
8088000,2022,0.0,,2.0931806564331055,,,,0.0,,,,,,,,,
8092000,2023,0.0,,3.6217150688171387,,,,0.0,,,,,,,,,
8096000,2024,0.0,,1.980791687965393,,,,0.0,,,,,,,,,
8100000,2025,0.0,,1.1625779867172241,,,,0.0,,,,,,,,,
8104000,2026,0.0,,0.009813467971980572,,,,0.0,,,,,,,,,
8108000,2027,0.0,,2.6178879737854004,,,,0.0,,,,,,,,,
8112000,2028,0.0,,0.009472415782511234,,,,0.0,,,,,,,,,
8116000,2029,0.0,,0.009518961422145367,,,,0.0,,,,,,,,,
8120000,2030,0.125,,0.9020346403121948,,,,0.125,,,,,,,,,
8124000,2031,0.0,,1.0113027095794678,,,,0.0,,,,,,,,,
8128000,2032,0.0,,0.7381139993667603,,,,0.0,,,,,,,,,
8132000,2033,0.0,,0.006949908100068569,,,,0.0,,,,,,,,,
8136000,2034,0.0,,3.6260299682617188,,,,0.0,,,,,,,,,
8140000,2035,0.0,,1.075364351272583,,,,0.0,,,,,,,,,
8144000,2036,0.0,,0.008165605366230011,,,,0.0,,,,,,,,,
8148000,2037,0.0,,0.95567387342453,,,,0.0,,,,,,,,,
8152000,2038,0.0,,1.1555042266845703,,,,0.0,,,,,,,,,
8156000,2039,0.0,,3.2031056880950928,,,,0.0,,,,,,,,,
8160000,2040,0.0,,0.009286841377615929,,,,0.0,,,,,,,,,
8164000,2041,0.125,,2.298879623413086,,,,0.125,,,,,,,,,
8168000,2042,0.0,,1.1536062955856323,,,,0.0,,,,,,,,,
8172000,2043,0.125,,4.010979652404785,,,,0.125,,,,,,,,,
8176000,2044,0.0,,1.3411463499069214,,,,0.0,,,,,,,,,
8180000,2045,0.0,,1.6144639253616333,,,,0.0,,,,,,,,,
8184000,2046,0.0,,1.0229737758636475,,,,0.0,,,,,,,,,
8188000,2047,0.0,,0.016604959964752197,,,,0.0,,,,,,,,,
8192000,2048,0.0,,2.101654052734375,,,,0.0,,,,,,,,,
8196000,2049,0.0,,0.018596870824694633,,,,0.0,,,,,,,,,
8200000,2050,0.0,,0.014643446542322636,,,,0.0,,,,,,,,,
8204000,2051,0.0,,1.971462607383728,,,,0.0,,,,,,,,,
8208000,2052,0.125,,3.006174325942993,,,,0.125,,,,,,,,,
8212000,2053,0.0,,0.028757087886333466,,,,0.0,,,,,,,,,
8216000,2054,0.0,,0.02182280644774437,,,,0.0,,,,,,,,,
8220000,2055,0.0,,1.2522642612457275,,,,0.0,,,,,,,,,
8224000,2056,0.0,,2.028656482696533,,,,0.0,,,,,,,,,
8228000,2057,0.0,,1.868024230003357,,,,0.0,,,,,,,,,
8232000,2058,0.0,,4.771489143371582,,,,0.0,,,,,,,,,
8236000,2059,0.0,,0.9817492365837097,,,,0.0,,,,,,,,,
8240000,2060,0.0,,2.5142133235931396,,,,0.0,,,,,,,,,
8244000,2061,0.0,,1.1282613277435303,,,,0.0,,,,,,,,,
8248000,2062,0.0,,0.07375288754701614,,,,0.0,,,,,,,,,
8252000,2063,0.0,,0.8799419403076172,,,,0.0,,,,,,,,,
8256000,2064,0.0,,3.514789581298828,,,,0.0,,,,,,,,,
8260000,2065,0.0,,3.1757302284240723,,,,0.0,,,,,,,,,
8264000,2066,0.0,,0.9436242580413818,,,,0.0,,,,,,,,,
8268000,2067,0.0,,1.1865429878234863,,,,0.0,,,,,,,,,
8272000,2068,0.0,,0.9918156862258911,,,,0.0,,,,,,,,,
8276000,2069,0.0,,0.04685629904270172,,,,0.0,,,,,,,,,
8280000,2070,0.0,,3.0950334072113037,,,,0.0,,,,,,,,,
8284000,2071,0.0,,0.915597677230835,,,,0.0,,,,,,,,,
8288000,2072,0.0,,1.0884605646133423,,,,0.0,,,,,,,,,
8292000,2073,0.0,,0.8200681209564209,,,,0.0,,,,,,,,,
8296000,2074,0.0,,2.010791301727295,,,,0.0,,,,,,,,,
8300000,2075,0.0,,0.031929489225149155,,,,0.0,,,,,,,,,
8304000,2076,0.0,,2.289469003677368,,,,0.0,,,,,,,,,
8308000,2077,0.0,,1.7382078170776367,,,,0.0,,,,,,,,,
8312000,2078,0.0,,0.030277449637651443,,,,0.0,,,,,,,,,
8316000,2079,0.0,,0.022264182567596436,,,,0.0,,,,,,,,,
8320000,2080,0.0,,1.705676794052124,,,,0.0,,,,,,,,,
8324000,2081,0.0,,3.8451216220855713,,,,0.0,,,,,,,,,
8328000,2082,0.0,,0.84961998462677,,,,0.0,,,,,,,,,
8332000,2083,0.0,,0.018633147701621056,,,,0.0,,,,,,,,,
8336000,2084,0.0,,0.015076437965035439,,,,0.0,,,,,,,,,
8340000,2085,0.0,,0.8939272165298462,,,,0.0,,,,,,,,,
8344000,2086,0.0,,0.8941596746444702,,,,0.0,,,,,,,,,
8348000,2087,0.0,,1.005171537399292,,,,0.0,,,,,,,,,
8352000,2088,0.0,,1.0769567489624023,,,,0.0,,,,,,,,,
8356000,2089,0.0,,3.6011250019073486,,,,0.0,,,,,,,,,
8360000,2090,0.0,,0.021255986765027046,,,,0.0,,,,,,,,,
8364000,2091,0.0,,2.122826337814331,,,,0.0,,,,,,,,,
8368000,2092,0.0,,3.436216115951538,,,,0.0,,,,,,,,,
8372000,2093,0.0,,1.0122548341751099,,,,0.0,,,,,,,,,
8376000,2094,0.0,,1.8773170709609985,,,,0.0,,,,,,,,,
8380000,2095,0.0,,2.715569019317627,,,,0.0,,,,,,,,,
8384000,2096,0.0,,2.2042291164398193,,,,0.0,,,,,,,,,
8388000,2097,0.0,,1.14414381980896,,,,0.0,,,,,,,,,
8392000,2098,0.0,,0.016375958919525146,,,,0.0,,,,,,,,,
8396000,2099,0.0,,3.228506565093994,,,,0.0,,,,,,,,,
8400000,2100,0.0,,0.8363227248191833,,,,0.0,,,,,,,,,
8404000,2101,0.0,,4.253225326538086,,,,0.0,,,,,,,,,
8408000,2102,0.0,,0.9442480206489563,,,,0.0,,,,,,,,,
8412000,2103,0.0,,0.02938312105834484,,,,0.0,,,,,,,,,
8416000,2104,0.0,,1.06596040725708,,,,0.0,,,,,,,,,
8420000,2105,0.0,,1.663718342781067,,,,0.0,,,,,,,,,
8424000,2106,0.0,,1.71909499168396,,,,0.0,,,,,,,,,
8428000,2107,0.0,,0.025472156703472137,,,,0.0,,,,,,,,,
8432000,2108,0.0,,0.9396220445632935,,,,0.0,,,,,,,,,
8436000,2109,0.0,,1.9321997165679932,,,,0.0,,,,,,,,,
8440000,2110,0.0,,0.9943110346794128,,,,0.0,,,,,,,,,
8444000,2111,0.0,,0.8915969133377075,,,,0.0,,,,,,,,,
8448000,2112,0.0,,0.018073849380016327,,,,0.0,,,,,,,,,
8452000,2113,0.0,,0.848303496837616,,,,0.0,,,,,,,,,
8456000,2114,0.0,,0.018637552857398987,,,,0.0,,,,,,,,,
8460000,2115,0.125,,2.0368871688842773,,,,0.125,,,,,,,,,
8464000,2116,0.0,,0.01952231489121914,,,,0.0,,,,,,,,,
8468000,2117,0.0,,1.3236804008483887,,,,0.0,,,,,,,,,
8472000,2118,0.0,,0.014751598238945007,,,,0.0,,,,,,,,,
8476000,2119,0.0,,0.019768686965107918,,,,0.0,,,,,,,,,
8480000,2120,0.0,,0.013593873009085655,,,,0.0,,,,,,,,,
8484000,2121,0.0,,0.01650913804769516,,,,0.0,,,,,,,,,
8488000,2122,0.0,,0.015897830948233604,,,,0.0,,,,,,,,,
8492000,2123,0.125,,1.06099271774292,,,,0.125,,,,,,,,,
8496000,2124,0.0,,0.013478285633027554,,,,0.0,,,,,,,,,
8500000,2125,0.0,,2.417100429534912,,,,0.0,,,,,,,,,
8504000,2126,0.125,,0.8857282400131226,,,,0.125,,,,,,,,,
8508000,2127,0.0,,0.7316221594810486,,,,0.0,,,,,,,,,
8512000,2128,0.125,,3.197965621948242,,,,0.125,,,,,,,,,
8516000,2129,0.0,,2.092677116394043,,,,0.0,,,,,,,,,
8520000,2130,0.0,,2.04274320602417,,,,0.0,,,,,,,,,
8524000,2131,0.0,,0.01873897947371006,,,,0.0,,,,,,,,,
8528000,2132,0.0,,1.66153883934021,,,,0.0,,,,,,,,,
8532000,2133,0.0,,0.011402681469917297,,,,0.0,,,,,,,,,
8536000,2134,0.0,,0.026252135634422302,,,,0.0,,,,,,,,,
8540000,2135,0.125,,0.024660293012857437,,,,0.125,,,,,,,,,
8544000,2136,0.25,,5.343693733215332,,,,0.25,,,,,,,,,
8548000,2137,0.0,,1.2308032512664795,,,,0.0,,,,,,,,,
8552000,2138,0.0,,2.040959358215332,,,,0.0,,,,,,,,,
8556000,2139,0.0,,4.973082542419434,,,,0.0,,,,,,,,,
8560000,2140,0.0,,1.8454368114471436,,,,0.0,,,,,,,,,
8564000,2141,0.0,,3.9249186515808105,,,,0.0,,,,,,,,,
8568000,2142,0.0,,4.038771629333496,,,,0.0,,,,,,,,,
8572000,2143,0.0,,1.5607595443725586,,,,0.0,,,,,,,,,
8576000,2144,0.0,,2.0344913005828857,,,,0.0,,,,,,,,,
8580000,2145,0.0,,0.5323163270950317,,,,0.0,,,,,,,,,
8584000,2146,0.0,,1.994937777519226,,,,0.0,,,,,,,,,
8588000,2147,0.0,,0.25853294134140015,,,,0.0,,,,,,,,,
8592000,2148,0.0,,1.9389586448669434,,,,0.0,,,,,,,,,
8596000,2149,0.0,,2.023911476135254,,,,0.0,,,,,,,,,
8600000,2150,0.0,,1.9133039712905884,,,,0.0,,,,,,,,,
8604000,2151,0.0,,0.7764423489570618,,,,0.0,,,,,,,,,
8608000,2152,0.0,,0.07197751104831696,,,,0.0,,,,,,,,,
8612000,2153,0.0,,0.05651812255382538,,,,0.0,,,,,,,,,
8616000,2154,0.0,,1.2526251077651978,,,,0.0,,,,,,,,,
8620000,2155,0.0,,1.0178334712982178,,,,0.0,,,,,,,,,
8624000,2156,0.0,,0.04376806691288948,,,,0.0,,,,,,,,,
8628000,2157,0.0,,0.03410961478948593,,,,0.0,,,,,,,,,
8632000,2158,0.0,,0.038028839975595474,,,,0.0,,,,,,,,,
8636000,2159,0.0,,0.02784137614071369,,,,0.0,,,,,,,,,
8640000,2160,0.0,,0.031656697392463684,,,,0.0,,,,,,,,,
8644000,2161,0.0,,2.6412134170532227,,,,0.0,,,,,,,,,
8648000,2162,0.0,,1.6974074840545654,,,,0.0,,,,,,,,,
8652000,2163,0.0,,2.017443895339966,,,,0.0,,,,,,,,,
8656000,2164,0.0,,1.1394535303115845,,,,0.0,,,,,,,,,
8660000,2165,0.0,,0.02103462629020214,,,,0.0,,,,,,,,,
8664000,2166,0.0,,1.1393300294876099,,,,0.0,,,,,,,,,
8668000,2167,0.0,,0.9997034668922424,,,,0.0,,,,,,,,,
8672000,2168,0.0,,4.140293598175049,,,,0.0,,,,,,,,,
8676000,2169,0.0,,0.022320358082652092,,,,0.0,,,,,,,,,
8680000,2170,0.0,,0.021122001111507416,,,,0.0,,,,,,,,,
8684000,2171,0.0,,0.0180501751601696,,,,0.0,,,,,,,,,
8688000,2172,0.125,,1.0067554712295532,,,,0.125,,,,,,,,,
8692000,2173,0.0,,0.9943985939025879,,,,0.0,,,,,,,,,
8696000,2174,0.0,,0.022911379113793373,,,,0.0,,,,,,,,,
8700000,2175,0.0,,0.8444488644599915,,,,0.0,,,,,,,,,
8704000,2176,0.0,,0.02219507098197937,,,,0.0,,,,,,,,,
8708000,2177,0.0,,0.994186282157898,,,,0.0,,,,,,,,,
8712000,2178,0.0,,0.9345122575759888,,,,0.0,,,,,,,,,
8716000,2179,0.0,,2.3026976585388184,,,,0.0,,,,,,,,,
8720000,2180,0.0,,1.1317542791366577,,,,0.0,,,,,,,,,
8724000,2181,0.0,,2.0596189498901367,,,,0.0,,,,,,,,,
8728000,2182,0.0,,2.111060619354248,,,,0.0,,,,,,,,,
8732000,2183,0.0,,0.017962567508220673,,,,0.0,,,,,,,,,
8736000,2184,0.0,,0.9337798953056335,,,,0.0,,,,,,,,,
8740000,2185,0.125,,0.017926890403032303,,,,0.125,,,,,,,,,
8744000,2186,0.0,,0.014171525835990906,,,,0.0,,,,,,,,,
8748000,2187,0.0,,0.7976123094558716,,,,0.0,,,,,,,,,
8752000,2188,0.0,,1.676626443862915,,,,0.0,,,,,,,,,
8756000,2189,0.0,,1.9539706707000732,,,,0.0,,,,,,,,,
8760000,2190,0.0,,2.9201791286468506,,,,0.0,,,,,,,,,
8764000,2191,0.0,,1.2308948040008545,,,,0.0,,,,,,,,,
8768000,2192,0.0,,1.1326193809509277,,,,0.0,,,,,,,,,
8772000,2193,0.0,,2.253159999847412,,,,0.0,,,,,,,,,
8776000,2194,0.0,,1.7632571458816528,,,,0.0,,,,,,,,,
8780000,2195,0.0,,0.017217939719557762,,,,0.0,,,,,,,,,
8784000,2196,0.0,,0.9894204139709473,,,,0.0,,,,,,,,,
8788000,2197,0.0,,0.023221179842948914,,,,0.0,,,,,,,,,
8792000,2198,0.0,,3.884835720062256,,,,0.0,,,,,,,,,
8796000,2199,0.0,,0.023549221456050873,,,,0.0,,,,,,,,,
8800000,2200,0.0,,1.6654884815216064,,,,0.0,,,,,,,,,
8804000,2201,0.0,,0.9907071590423584,,,,0.0,,,,,,,,,
8808000,2202,0.0,,0.8336348533630371,,,,0.0,,,,,,,,,
8812000,2203,0.0,,3.164067029953003,,,,0.0,,,,,,,,,
8816000,2204,0.125,,5.00145149230957,,,,0.125,,,,,,,,,
8820000,2205,0.0,,1.0518308877944946,,,,0.0,,,,,,,,,
8824000,2206,0.0,,0.01923670992255211,,,,0.0,,,,,,,,,
8828000,2207,0.0,,2.4662532806396484,,,,0.0,,,,,,,,,
8832000,2208,0.0,,4.905854225158691,,,,0.0,,,,,,,,,
8836000,2209,0.0,,0.03048483282327652,,,,0.0,,,,,,,,,
8840000,2210,0.0,,0.7756959199905396,,,,0.0,,,,,,,,,
8844000,2211,0.0,,1.6645785570144653,,,,0.0,,,,,,,,,
8848000,2212,0.0,,0.07247135043144226,,,,0.0,,,,,,,,,
8852000,2213,0.0,,1.544736623764038,,,,0.0,,,,,,,,,
8856000,2214,0.0,,1.623224139213562,,,,0.0,,,,,,,,,
8860000,2215,0.0,,1.2232856750488281,,,,0.0,,,,,,,,,
8864000,2216,0.0,,2.1049952507019043,,,,0.0,,,,,,,,,
8868000,2217,0.0,,0.5335047841072083,,,,0.0,,,,,,,,,
8872000,2218,0.0,,1.4221454858779907,,,,0.0,,,,,,,,,
8876000,2219,0.0,,1.5068379640579224,,,,0.0,,,,,,,,,
8880000,2220,0.0,,0.32193565368652344,,,,0.0,,,,,,,,,
8884000,2221,0.0,,2.264907121658325,,,,0.0,,,,,,,,,
8888000,2222,0.0,,0.14191102981567383,,,,0.0,,,,,,,,,
8892000,2223,0.0,,2.6148786544799805,,,,0.0,,,,,,,,,
8896000,2224,0.0,,0.09486529231071472,,,,0.0,,,,,,,,,
8900000,2225,0.0,,1.9954043626785278,,,,0.0,,,,,,,,,
8904000,2226,0.0,,0.8951729536056519,,,,0.0,,,,,,,,,
8908000,2227,0.0,,1.3848897218704224,,,,0.0,,,,,,,,,
8912000,2228,0.0,,3.267638683319092,,,,0.0,,,,,,,,,
8916000,2229,0.0,,1.3672542572021484,,,,0.0,,,,,,,,,
8920000,2230,0.0,,1.969977855682373,,,,0.0,,,,,,,,,
8924000,2231,0.0,,0.9223174452781677,,,,0.0,,,,,,,,,
8928000,2232,0.0,,0.8719291090965271,,,,0.0,,,,,,,,,
8932000,2233,0.0,,1.9359043836593628,,,,0.0,,,,,,,,,
8936000,2234,0.0,,1.5366820096969604,,,,0.0,,,,,,,,,
8940000,2235,0.125,,3.403773307800293,,,,0.125,,,,,,,,,
8944000,2236,0.0,,0.04553218185901642,,,,0.0,,,,,,,,,
8948000,2237,0.0,,1.0749837160110474,,,,0.0,,,,,,,,,
8952000,2238,0.125,,1.0775232315063477,,,,0.125,,,,,,,,,
8956000,2239,0.0,,2.4233908653259277,,,,0.0,,,,,,,,,
8960000,2240,0.0,,0.9487221240997314,,,,0.0,,,,,,,,,
8964000,2241,0.0,,1.929692029953003,,,,0.0,,,,,,,,,
8968000,2242,0.0,,1.7582497596740723,,,,0.0,,,,,,,,,
8972000,2243,0.0,,0.029742680490016937,,,,0.0,,,,,,,,,
8976000,2244,0.0,,1.5853320360183716,,,,0.0,,,,,,,,,
8980000,2245,0.0,,3.268158435821533,,,,0.0,,,,,,,,,
8984000,2246,0.0,,2.988027572631836,,,,0.0,,,,,,,,,
8988000,2247,0.0,,0.7713993787765503,,,,0.0,,,,,,,,,
8992000,2248,0.0,,2.7007522583007812,,,,0.0,,,,,,,,,
8996000,2249,0.0,,1.1322295665740967,,,,0.0,,,,,,,,,
9000000,2250,0.0,,4.162024021148682,,,,0.0,,,,,,,,,
9004000,2251,0.0,,0.9366492629051208,,,,0.0,,,,,,,,,
9008000,2252,0.0,,0.024448875337839127,,,,0.0,,,,,,,,,
9012000,2253,0.0,,0.02393260970711708,,,,0.0,,,,,,,,,
9016000,2254,0.0,,1.9960780143737793,,,,0.0,,,,,,,,,
9020000,2255,0.0,,1.316182255744934,,,,0.0,,,,,,,,,
9024000,2256,0.0,,0.02335115522146225,,,,0.0,,,,,,,,,
9028000,2257,0.0,,2.035940408706665,,,,0.0,,,,,,,,,
9032000,2258,0.0,,2.0390799045562744,,,,0.0,,,,,,,,,
9036000,2259,0.0,,0.02485557459294796,,,,0.0,,,,,,,,,
9040000,2260,0.0,,1.9555308818817139,,,,0.0,,,,,,,,,
9044000,2261,0.0,,0.8393998742103577,,,,0.0,,,,,,,,,
9048000,2262,0.0,,0.016243156045675278,,,,0.0,,,,,,,,,
9052000,2263,0.0,,0.7652743458747864,,,,0.0,,,,,,,,,
9056000,2264,0.0,,0.8007799983024597,,,,0.0,,,,,,,,,
9060000,2265,0.0,,1.9117270708084106,,,,0.0,,,,,,,,,
9064000,2266,0.0,,1.9640194177627563,,,,0.0,,,,,,,,,
9068000,2267,0.0,,0.014556962996721268,,,,0.0,,,,,,,,,
9072000,2268,0.0,,0.017600208520889282,,,,0.0,,,,,,,,,
9076000,2269,0.0,,0.019243694841861725,,,,0.0,,,,,,,,,
9080000,2270,0.0,,0.01647004298865795,,,,0.0,,,,,,,,,
9084000,2271,0.0,,0.01644335687160492,,,,0.0,,,,,,,,,
9088000,2272,0.0,,0.014770952053368092,,,,0.0,,,,,,,,,
9092000,2273,0.0,,1.3100991249084473,,,,0.0,,,,,,,,,
9096000,2274,0.0,,1.0495151281356812,,,,0.0,,,,,,,,,
9100000,2275,0.0,,0.8752800226211548,,,,0.0,,,,,,,,,
9104000,2276,0.125,,0.017757050693035126,,,,0.125,,,,,,,,,
9108000,2277,0.0,,0.014116305857896805,,,,0.0,,,,,,,,,
9112000,2278,0.0,,0.01799517124891281,,,,0.0,,,,,,,,,
9116000,2279,0.0,,0.9864763021469116,,,,0.0,,,,,,,,,
9120000,2280,0.0,,0.8722468018531799,,,,0.0,,,,,,,,,
9124000,2281,0.125,,3.3829290866851807,,,,0.125,,,,,,,,,
9128000,2282,0.0,,1.3059192895889282,,,,0.0,,,,,,,,,
9132000,2283,0.0,,0.014245765283703804,,,,0.0,,,,,,,,,
9136000,2284,0.0,,0.6606941819190979,,,,0.0,,,,,,,,,
9140000,2285,0.0,,0.010911116376519203,,,,0.0,,,,,,,,,
9144000,2286,0.0,,0.7490007877349854,,,,0.0,,,,,,,,,
9148000,2287,0.0,,0.017652302980422974,,,,0.0,,,,,,,,,
9152000,2288,0.0,,3.0345540046691895,,,,0.0,,,,,,,,,
9156000,2289,0.0,,1.1218467950820923,,,,0.0,,,,,,,,,
9160000,2290,0.0,,1.0478099584579468,,,,0.0,,,,,,,,,
9164000,2291,0.0,,0.7529069781303406,,,,0.0,,,,,,,,,
9168000,2292,0.0,,0.921445906162262,,,,0.0,,,,,,,,,
9172000,2293,0.0,,0.022706083953380585,,,,0.0,,,,,,,,,
9176000,2294,0.0,,1.6358981132507324,,,,0.0,,,,,,,,,
9180000,2295,0.0,,0.017249703407287598,,,,0.0,,,,,,,,,
9184000,2296,0.125,,1.1302660703659058,,,,0.125,,,,,,,,,
9188000,2297,0.0,,0.025525469332933426,,,,0.0,,,,,,,,,
9192000,2298,0.0,,0.02461094968020916,,,,0.0,,,,,,,,,
9196000,2299,0.0,,2.2421534061431885,,,,0.0,,,,,,,,,
9200000,2300,0.0,,2.397692918777466,,,,0.0,,,,,,,,,
9204000,2301,0.0,,0.03715762495994568,,,,0.0,,,,,,,,,
9208000,2302,0.0,,1.1477304697036743,,,,0.0,,,,,,,,,
9212000,2303,0.0,,1.0880237817764282,,,,0.0,,,,,,,,,
9216000,2304,0.0,,0.08240324258804321,,,,0.0,,,,,,,,,
9220000,2305,0.0,,0.08828658610582352,,,,0.0,,,,,,,,,
9224000,2306,0.0,,0.12091806530952454,,,,0.0,,,,,,,,,
9228000,2307,0.0,,3.3107848167419434,,,,0.0,,,,,,,,,
9232000,2308,0.125,,1.0161995887756348,,,,0.125,,,,,,,,,
9236000,2309,0.0,,1.9342451095581055,,,,0.0,,,,,,,,,
9240000,2310,0.0,,0.11636419594287872,,,,0.0,,,,,,,,,
9244000,2311,0.0,,1.130667805671692,,,,0.0,,,,,,,,,
9248000,2312,0.0,,0.10895925760269165,,,,0.0,,,,,,,,,
9252000,2313,0.0,,1.2255183458328247,,,,0.0,,,,,,,,,
9256000,2314,0.0,,2.7188591957092285,,,,0.0,,,,,,,,,
9260000,2315,0.0,,0.10569076240062714,,,,0.0,,,,,,,,,
9264000,2316,0.0,,0.0918564647436142,,,,0.0,,,,,,,,,
9268000,2317,0.0,,0.10740542411804199,,,,0.0,,,,,,,,,
9272000,2318,0.125,,0.0841040089726448,,,,0.125,,,,,,,,,
9276000,2319,0.0,,1.3827730417251587,,,,0.0,,,,,,,,,
9280000,2320,0.0,,1.0411498546600342,,,,0.0,,,,,,,,,
9284000,2321,0.125,,2.7508163452148438,,,,0.125,,,,,,,,,
9288000,2322,0.0,,0.9750879406929016,,,,0.0,,,,,,,,,
9292000,2323,0.0,,0.9790162444114685,,,,0.0,,,,,,,,,
9296000,2324,0.0,,0.9627604484558105,,,,0.0,,,,,,,,,
9300000,2325,0.0,,1.1691113710403442,,,,0.0,,,,,,,,,
9304000,2326,0.0,,1.146530032157898,,,,0.0,,,,,,,,,
9308000,2327,0.0,,0.06097874790430069,,,,0.0,,,,,,,,,
9312000,2328,0.0,,2.338639736175537,,,,0.0,,,,,,,,,
9316000,2329,0.0,,0.05579807236790657,,,,0.0,,,,,,,,,
9320000,2330,0.0,,2.060706853866577,,,,0.0,,,,,,,,,
9324000,2331,0.0,,1.8741761445999146,,,,0.0,,,,,,,,,
9328000,2332,0.0,,1.0182806253433228,,,,0.0,,,,,,,,,
9332000,2333,0.0,,2.126969575881958,,,,0.0,,,,,,,,,
9336000,2334,0.0,,1.1449280977249146,,,,0.0,,,,,,,,,
9340000,2335,0.0,,2.0990631580352783,,,,0.0,,,,,,,,,
9344000,2336,0.0,,0.7827880382537842,,,,0.0,,,,,,,,,
9348000,2337,0.0,,2.090632915496826,,,,0.0,,,,,,,,,
9352000,2338,0.0,,0.038811422884464264,,,,0.0,,,,,,,,,
9356000,2339,0.0,,0.78061443567276,,,,0.0,,,,,,,,,
9360000,2340,0.0,,0.9925017952919006,,,,0.0,,,,,,,,,
9364000,2341,0.0,,3.8842344284057617,,,,0.0,,,,,,,,,
9368000,2342,0.0,,0.0324966125190258,,,,0.0,,,,,,,,,
9372000,2343,0.0,,0.7154771685600281,,,,0.0,,,,,,,,,
9376000,2344,0.125,,3.0906565189361572,,,,0.125,,,,,,,,,
9380000,2345,0.0,,2.04124116897583,,,,0.0,,,,,,,,,
9384000,2346,0.0,,0.05934605747461319,,,,0.0,,,,,,,,,
9388000,2347,0.125,,0.03184523433446884,,,,0.125,,,,,,,,,
9392000,2348,0.0,,2.3960535526275635,,,,0.0,,,,,,,,,
9396000,2349,0.0,,0.029502419754862785,,,,0.0,,,,,,,,,
9400000,2350,0.0,,0.02455982379615307,,,,0.0,,,,,,,,,
9404000,2351,0.0,,3.819531202316284,,,,0.0,,,,,,,,,
9408000,2352,0.0,,0.8927336931228638,,,,0.0,,,,,,,,,
9412000,2353,0.0,,0.9898379445075989,,,,0.0,,,,,,,,,
9416000,2354,0.125,,0.9844204187393188,,,,0.125,,,,,,,,,
9420000,2355,0.0,,0.04739173501729965,,,,0.0,,,,,,,,,
9424000,2356,0.0,,1.9722347259521484,,,,0.0,,,,,,,,,
9428000,2357,0.0,,1.9712024927139282,,,,0.0,,,,,,,,,
9432000,2358,0.0,,0.9242650270462036,,,,0.0,,,,,,,,,
9436000,2359,0.0,,0.694932758808136,,,,0.0,,,,,,,,,
9440000,2360,0.0,,0.029027000069618225,,,,0.0,,,,,,,,,
9444000,2361,0.0,,1.0454096794128418,,,,0.0,,,,,,,,,
9448000,2362,0.0,,1.8960509300231934,,,,0.0,,,,,,,,,
9452000,2363,0.0,,1.8252469301223755,,,,0.0,,,,,,,,,
9456000,2364,0.0,,0.02482876181602478,,,,0.0,,,,,,,,,
9460000,2365,0.0,,1.8379155397415161,,,,0.0,,,,,,,,,
9464000,2366,0.0,,3.001558542251587,,,,0.0,,,,,,,,,
9468000,2367,0.0,,3.1487784385681152,,,,0.0,,,,,,,,,
9472000,2368,0.0,,2.7951622009277344,,,,0.0,,,,,,,,,
9476000,2369,0.0,,1.936760663986206,,,,0.0,,,,,,,,,
9480000,2370,0.0,,1.2154054641723633,,,,0.0,,,,,,,,,
9484000,2371,0.0,,1.081964373588562,,,,0.0,,,,,,,,,
9488000,2372,0.0,,1.0840833187103271,,,,0.0,,,,,,,,,
9492000,2373,0.0,,1.5060490369796753,,,,0.0,,,,,,,,,
9496000,2374,0.0,,1.152829885482788,,,,0.0,,,,,,,,,
9500000,2375,0.0,,1.4436564445495605,,,,0.0,,,,,,,,,
9504000,2376,0.0,,1.3385686874389648,,,,0.0,,,,,,,,,
9508000,2377,0.0,,0.8976168036460876,,,,0.0,,,,,,,,,
9512000,2378,0.0,,0.13257664442062378,,,,0.0,,,,,,,,,
9516000,2379,0.0,,0.10139282047748566,,,,0.0,,,,,,,,,
9520000,2380,0.0,,2.0431880950927734,,,,0.0,,,,,,,,,
9524000,2381,0.0,,1.0098634958267212,,,,0.0,,,,,,,,,
9528000,2382,0.0,,2.2416226863861084,,,,0.0,,,,,,,,,
9532000,2383,0.0,,3.5002636909484863,,,,0.0,,,,,,,,,
9536000,2384,0.0,,2.405379295349121,,,,0.0,,,,,,,,,
9540000,2385,0.0,,1.0007612705230713,,,,0.0,,,,,,,,,
9544000,2386,0.0,,1.126842737197876,,,,0.0,,,,,,,,,
9548000,2387,0.0,,0.8382987976074219,,,,0.0,,,,,,,,,
9552000,2388,0.125,,0.025326242670416832,,,,0.125,,,,,,,,,
9556000,2389,0.0,,0.881248950958252,,,,0.0,,,,,,,,,
9560000,2390,0.125,,0.9821212887763977,,,,0.125,,,,,,,,,
9564000,2391,0.0,,0.8778534531593323,,,,0.0,,,,,,,,,
9568000,2392,0.0,,2.631512403488159,,,,0.0,,,,,,,,,
9572000,2393,0.0,,1.421254277229309,,,,0.0,,,,,,,,,
9576000,2394,0.0,,0.02478421851992607,,,,0.0,,,,,,,,,
9580000,2395,0.0,,0.02551916241645813,,,,0.0,,,,,,,,,
9584000,2396,0.0,,1.0428904294967651,,,,0.0,,,,,,,,,
9588000,2397,0.0,,0.016002008691430092,,,,0.0,,,,,,,,,
9592000,2398,0.125,,1.5982379913330078,,,,0.125,,,,,,,,,
9596000,2399,0.0,,0.7488537430763245,,,,0.0,,,,,,,,,
9600000,2400,0.0,,0.01829901523888111,,,,0.0,,,,,,,,,
9604000,2401,0.0,,3.772312879562378,,,,0.0,,,,,,,,,
9608000,2402,0.0,,2.070073127746582,,,,0.0,,,,,,,,,
9612000,2403,0.0,,2.7641854286193848,,,,0.0,,,,,,,,,
9616000,2404,0.0,,0.022015471011400223,,,,0.0,,,,,,,,,
9620000,2405,0.0,,0.9210879802703857,,,,0.0,,,,,,,,,
9624000,2406,0.125,,0.017837945371866226,,,,0.125,,,,,,,,,
9628000,2407,0.0,,1.7246323823928833,,,,0.0,,,,,,,,,
9632000,2408,0.0,,3.0843253135681152,,,,0.0,,,,,,,,,
9636000,2409,0.0,,4.183298110961914,,,,0.0,,,,,,,,,
9640000,2410,0.0,,0.020076081156730652,,,,0.0,,,,,,,,,
9644000,2411,0.0,,1.7711029052734375,,,,0.0,,,,,,,,,
9648000,2412,0.0,,1.301041603088379,,,,0.0,,,,,,,,,
9652000,2413,0.0,,3.0712761878967285,,,,0.0,,,,,,,,,
9656000,2414,0.0,,2.194767951965332,,,,0.0,,,,,,,,,
9660000,2415,0.0,,3.8319976329803467,,,,0.0,,,,,,,,,
9664000,2416,0.0,,1.2971700429916382,,,,0.0,,,,,,,,,
9668000,2417,0.0,,1.0333784818649292,,,,0.0,,,,,,,,,
9672000,2418,0.0,,0.017174117267131805,,,,0.0,,,,,,,,,
9676000,2419,0.0,,2.648806095123291,,,,0.0,,,,,,,,,
9680000,2420,0.0,,0.7521374821662903,,,,0.0,,,,,,,,,
9684000,2421,0.0,,1.1894640922546387,,,,0.0,,,,,,,,,
9688000,2422,0.0,,0.776322603225708,,,,0.0,,,,,,,,,
9692000,2423,0.125,,1.6714951992034912,,,,0.125,,,,,,,,,
9696000,2424,0.0,,2.1807148456573486,,,,0.0,,,,,,,,,
9700000,2425,0.0,,1.8703025579452515,,,,0.0,,,,,,,,,
9704000,2426,0.125,,2.4236698150634766,,,,0.125,,,,,,,,,
9708000,2427,0.0,,1.0345981121063232,,,,0.0,,,,,,,,,
9712000,2428,0.0,,3.1884398460388184,,,,0.0,,,,,,,,,
9716000,2429,0.0,,0.026673484593629837,,,,0.0,,,,,,,,,
9720000,2430,0.0,,0.9786941409111023,,,,0.0,,,,,,,,,
9724000,2431,0.0,,0.024378111585974693,,,,0.0,,,,,,,,,
9728000,2432,0.0,,4.2634711265563965,,,,0.0,,,,,,,,,
9732000,2433,0.0,,0.9169442653656006,,,,0.0,,,,,,,,,
9736000,2434,0.125,,0.8243476152420044,,,,0.125,,,,,,,,,
9740000,2435,0.0,,0.023989129811525345,,,,0.0,,,,,,,,,
9744000,2436,0.0,,1.1926389932632446,,,,0.0,,,,,,,,,
9748000,2437,0.0,,0.7408689856529236,,,,0.0,,,,,,,,,
9752000,2438,0.0,,1.7219352722167969,,,,0.0,,,,,,,,,
9756000,2439,0.0,,0.8647680282592773,,,,0.0,,,,,,,,,
9760000,2440,0.0,,1.040152907371521,,,,0.0,,,,,,,,,
9764000,2441,0.0,,0.7087646126747131,,,,0.0,,,,,,,,,
9768000,2442,0.0,,1.2929160594940186,,,,0.0,,,,,,,,,
9772000,2443,0.0,,1.109574794769287,,,,0.0,,,,,,,,,
9776000,2444,0.0,,3.444647789001465,,,,0.0,,,,,,,,,
9780000,2445,0.0,,0.7751252055168152,,,,0.0,,,,,,,,,
9784000,2446,0.0,,1.2827074527740479,,,,0.0,,,,,,,,,
9788000,2447,0.0,,0.9770345687866211,,,,0.0,,,,,,,,,
9792000,2448,0.0,,0.020124031230807304,,,,0.0,,,,,,,,,
9796000,2449,0.125,,3.2117819786071777,,,,0.125,,,,,,,,,
9800000,2450,0.0,,2.683424234390259,,,,0.0,,,,,,,,,
9804000,2451,0.0,,3.508835792541504,,,,0.0,,,,,,,,,
9808000,2452,0.0,,0.039083048701286316,,,,0.0,,,,,,,,,
9812000,2453,0.0,,0.8096539974212646,,,,0.0,,,,,,,,,
9816000,2454,0.0,,0.06249535083770752,,,,0.0,,,,,,,,,
9820000,2455,0.0,,2.428616762161255,,,,0.0,,,,,,,,,
9824000,2456,0.0,,1.8898637294769287,,,,0.0,,,,,,,,,
9828000,2457,0.0,,1.9001675844192505,,,,0.0,,,,,,,,,
9832000,2458,0.0,,1.7117829322814941,,,,0.0,,,,,,,,,
9836000,2459,0.0,,1.8720641136169434,,,,0.0,,,,,,,,,
9840000,2460,0.0,,3.109973430633545,,,,0.0,,,,,,,,,
9844000,2461,0.0,,0.9766020774841309,,,,0.0,,,,,,,,,
9848000,2462,0.0,,3.6839585304260254,,,,0.0,,,,,,,,,
9852000,2463,0.0,,1.0597094297409058,,,,0.0,,,,,,,,,
9856000,2464,0.0,,1.7688312530517578,,,,0.0,,,,,,,,,
9860000,2465,0.125,,0.04120708629488945,,,,0.125,,,,,,,,,
9864000,2466,0.0,,0.038648441433906555,,,,0.0,,,,,,,,,
9868000,2467,0.0,,1.0278314352035522,,,,0.0,,,,,,,,,
9872000,2468,0.0,,0.9185115694999695,,,,0.0,,,,,,,,,
9876000,2469,0.0,,4.341022491455078,,,,0.0,,,,,,,,,
9880000,2470,0.0,,2.036346197128296,,,,0.0,,,,,,,,,
9884000,2471,0.0,,0.8231005072593689,,,,0.0,,,,,,,,,
9888000,2472,0.0,,0.02481001242995262,,,,0.0,,,,,,,,,
9892000,2473,0.0,,1.029773235321045,,,,0.0,,,,,,,,,
9896000,2474,0.0,,0.9650344252586365,,,,0.0,,,,,,,,,
9900000,2475,0.0,,0.8120967745780945,,,,0.0,,,,,,,,,
9904000,2476,0.0,,2.175013780593872,,,,0.0,,,,,,,,,
9908000,2477,0.0,,1.2682394981384277,,,,0.0,,,,,,,,,
9912000,2478,0.0,,0.02144206501543522,,,,0.0,,,,,,,,,
9916000,2479,0.0,,3.4727559089660645,,,,0.0,,,,,,,,,
9920000,2480,0.0,,3.2369792461395264,,,,0.0,,,,,,,,,
9924000,2481,0.0,,0.01991879940032959,,,,0.0,,,,,,,,,
9928000,2482,0.0,,1.3860609531402588,,,,0.0,,,,,,,,,
9932000,2483,0.0,,1.1705513000488281,,,,0.0,,,,,,,,,
9936000,2484,0.0,,0.8602333068847656,,,,0.0,,,,,,,,,
9940000,2485,0.0,,1.0206860303878784,,,,0.0,,,,,,,,,
9944000,2486,0.0,,0.02115638181567192,,,,0.0,,,,,,,,,
9948000,2487,0.25,,0.8457859754562378,,,,0.25,,,,,,,,,
9952000,2488,0.0,,0.01906079798936844,,,,0.0,,,,,,,,,
9956000,2489,0.0,,3.731431007385254,,,,0.0,,,,,,,,,
9960000,2490,0.0,,1.674765706062317,,,,0.0,,,,,,,,,
9964000,2491,0.0,,2.770742893218994,,,,0.0,,,,,,,,,
9968000,2492,0.125,,1.7854347229003906,,,,0.125,,,,,,,,,
9972000,2493,0.0,,2.1088509559631348,,,,0.0,,,,,,,,,
9976000,2494,0.0,,0.8107063174247742,,,,0.0,,,,,,,,,
9980000,2495,0.125,,0.6968004703521729,,,,0.125,,,,,,,,,
9984000,2496,0.0,,2.7977194786071777,,,,0.0,,,,,,,,,
9988000,2497,0.0,,0.022917790338397026,,,,0.0,,,,,,,,,
9992000,2498,0.0,,1.9535070657730103,,,,0.0,,,,,,,,,
9996000,2499,0.0,,2.509995460510254,,,,0.0,,,,,,,,,
10000000,2500,0.0,,0.84831702709198,,,,0.0,,,,,,,,,
10004000,2501,0.0,,2.006375551223755,,,,0.0,,,,,,,,,
10008000,2502,0.0,,1.5856410264968872,,,,0.0,,,,,,,,,
10012000,2503,0.0,,0.018992628902196884,,,,0.0,,,,,,,,,
10016000,2504,0.0,,1.887223720550537,,,,0.0,,,,,,,,,
10020000,2505,0.0,,0.019249357283115387,,,,0.0,,,,,,,,,
10024000,2506,0.0,,2.314483404159546,,,,0.0,,,,,,,,,
10028000,2507,0.125,,2.1359682083129883,,,,0.125,,,,,,,,,
10032000,2508,0.0,,2.996699094772339,,,,0.0,,,,,,,,,
10036000,2509,0.0,,0.031409479677677155,,,,0.0,,,,,,,,,
10040000,2510,0.0,,1.9391779899597168,,,,0.0,,,,,,,,,
10044000,2511,0.0,,2.5972633361816406,,,,0.0,,,,,,,,,
10048000,2512,0.0,,3.49658203125,,,,0.0,,,,,,,,,
10052000,2513,0.0,,2.1715590953826904,,,,0.0,,,,,,,,,
10056000,2514,0.0,,3.873969554901123,,,,0.0,,,,,,,,,
10060000,2515,0.0,,1.993705153465271,,,,0.0,,,,,,,,,
10064000,2516,0.0,,1.3242995738983154,,,,0.0,,,,,,,,,
10068000,2517,0.0,,3.106411933898926,,,,0.0,,,,,,,,,
10072000,2518,0.0,,0.6222934722900391,,,,0.0,,,,,,,,,
10076000,2519,0.0,,1.327822208404541,,,,0.0,,,,,,,,,
10080000,2520,0.0,,3.1502718925476074,,,,0.0,,,,,,,,,
10084000,2521,0.0,,1.5248764753341675,,,,0.0,,,,,,,,,
10088000,2522,0.125,,1.889188528060913,,,,0.125,,,,,,,,,
10092000,2523,0.375,,0.9035345911979675,,,,0.375,,,,,,,,,
10096000,2524,0.0,,0.0717134177684784,,,,0.0,,,,,,,,,
10100000,2525,0.0,,1.7892605066299438,,,,0.0,,,,,,,,,
10104000,2526,0.0,,2.0519702434539795,,,,0.0,,,,,,,,,
10108000,2527,0.0,,1.1927467584609985,,,,0.0,,,,,,,,,
10112000,2528,0.0,,0.04463234916329384,,,,0.0,,,,,,,,,
10116000,2529,0.0,,0.04698467254638672,,,,0.0,,,,,,,,,
10120000,2530,0.0,,3.7857134342193604,,,,0.0,,,,,,,,,
10124000,2531,0.0,,3.048945426940918,,,,0.0,,,,,,,,,
10128000,2532,0.0,,0.9733306765556335,,,,0.0,,,,,,,,,
10132000,2533,0.0,,2.274954319000244,,,,0.0,,,,,,,,,
10136000,2534,0.0,,3.3260300159454346,,,,0.0,,,,,,,,,
10140000,2535,0.0,,1.5246378183364868,,,,0.0,,,,,,,,,
10144000,2536,0.0,,0.8193657398223877,,,,0.0,,,,,,,,,
10148000,2537,0.0,,0.04121812433004379,,,,0.0,,,,,,,,,
10152000,2538,0.0,,0.9728190302848816,,,,0.0,,,,,,,,,
10156000,2539,0.0,,1.5324417352676392,,,,0.0,,,,,,,,,
10160000,2540,0.0,,0.9091079831123352,,,,0.0,,,,,,,,,
10164000,2541,0.0,,0.04791949316859245,,,,0.0,,,,,,,,,
10168000,2542,0.0,,1.1032506227493286,,,,0.0,,,,,,,,,
10172000,2543,0.125,,0.032020680606365204,,,,0.125,,,,,,,,,
10176000,2544,0.0,,0.03558749333024025,,,,0.0,,,,,,,,,
10180000,2545,0.125,,1.026625156402588,,,,0.125,,,,,,,,,
10184000,2546,0.0,,2.9047210216522217,,,,0.0,,,,,,,,,
10188000,2547,0.0,,6.38713264465332,,,,0.0,,,,,,,,,
10192000,2548,0.0,,0.8665810227394104,,,,0.0,,,,,,,,,
10196000,2549,0.0,,1.024444580078125,,,,0.0,,,,,,,,,
10200000,2550,0.0,,2.0195207595825195,,,,0.0,,,,,,,,,
10204000,2551,0.125,,1.5163191556930542,,,,0.125,,,,,,,,,
10208000,2552,0.0,,0.9124351739883423,,,,0.0,,,,,,,,,
10212000,2553,0.0,,2.597538709640503,,,,0.0,,,,,,,,,
10216000,2554,0.0,,1.890404462814331,,,,0.0,,,,,,,,,
10220000,2555,0.0,,1.6859722137451172,,,,0.0,,,,,,,,,
10224000,2556,0.0,,2.9262800216674805,,,,0.0,,,,,,,,,
10228000,2557,0.0,,1.7351633310317993,,,,0.0,,,,,,,,,
10232000,2558,0.0,,2.6598458290100098,,,,0.0,,,,,,,,,
10236000,2559,0.0,,2.9272828102111816,,,,0.0,,,,,,,,,
10240000,2560,0.125,,1.9465736150741577,,,,0.125,,,,,,,,,
10244000,2561,0.0,,1.9817392826080322,,,,0.0,,,,,,,,,
10248000,2562,0.125,,1.1665809154510498,,,,0.125,,,,,,,,,
10252000,2563,0.0,,0.6588593125343323,,,,0.0,,,,,,,,,
10256000,2564,0.125,,1.776187539100647,,,,0.125,,,,,,,,,
10260000,2565,0.0,,1.829222559928894,,,,0.0,,,,,,,,,
10264000,2566,0.0,,2.753007411956787,,,,0.0,,,,,,,,,
10268000,2567,0.0,,0.8298641443252563,,,,0.0,,,,,,,,,
10272000,2568,0.0,,2.2368128299713135,,,,0.0,,,,,,,,,
10276000,2569,0.0,,1.7582337856292725,,,,0.0,,,,,,,,,
10280000,2570,0.0,,5.566240310668945,,,,0.0,,,,,,,,,
10284000,2571,0.0,,5.742203712463379,,,,0.0,,,,,,,,,
10288000,2572,0.0,,3.930814743041992,,,,0.0,,,,,,,,,
10292000,2573,0.0,,1.0476393699645996,,,,0.0,,,,,,,,,
10296000,2574,0.0,,3.079160690307617,,,,0.0,,,,,,,,,
10300000,2575,0.0,,1.682745099067688,,,,0.0,,,,,,,,,
10304000,2576,0.0,,1.719459056854248,,,,0.0,,,,,,,,,
10308000,2577,0.0,,4.794795989990234,,,,0.0,,,,,,,,,
10312000,2578,0.125,,1.640190839767456,,,,0.125,,,,,,,,,
10316000,2579,0.0,,1.5586892366409302,,,,0.0,,,,,,,,,
10320000,2580,0.0,,2.3073439598083496,,,,0.0,,,,,,,,,
10324000,2581,0.0,,2.2292520999908447,,,,0.0,,,,,,,,,
10328000,2582,0.0,,1.7903034687042236,,,,0.0,,,,,,,,,
10332000,2583,0.0,,3.405686855316162,,,,0.0,,,,,,,,,
10336000,2584,0.0,,0.8074955940246582,,,,0.0,,,,,,,,,
10340000,2585,0.0,,1.248990774154663,,,,0.0,,,,,,,,,
10344000,2586,0.0,,0.7674373984336853,,,,0.0,,,,,,,,,
10348000,2587,0.0,,2.702139377593994,,,,0.0,,,,,,,,,
10352000,2588,0.0,,1.860708236694336,,,,0.0,,,,,,,,,
10356000,2589,0.0,,0.04322567582130432,,,,0.0,,,,,,,,,
10360000,2590,0.0,,2.173701524734497,,,,0.0,,,,,,,,,
10364000,2591,0.125,,1.6322611570358276,,,,0.125,,,,,,,,,
10368000,2592,0.0,,2.777576446533203,,,,0.0,,,,,,,,,
10372000,2593,0.0,,2.571803092956543,,,,0.0,,,,,,,,,
10376000,2594,0.0,,0.9943903088569641,,,,0.0,,,,,,,,,
10380000,2595,0.0,,1.7375497817993164,,,,0.0,,,,,,,,,
10384000,2596,0.0,,0.7408169507980347,,,,0.0,,,,,,,,,
10388000,2597,0.0,,3.72137713432312,,,,0.0,,,,,,,,,
10392000,2598,0.0,,0.05015949159860611,,,,0.0,,,,,,,,,
10396000,2599,0.0,,2.0063211917877197,,,,0.0,,,,,,,,,
10400000,2600,0.0,,1.8208882808685303,,,,0.0,,,,,,,,,
10404000,2601,0.0,,2.5490686893463135,,,,0.0,,,,,,,,,
10408000,2602,0.0,,0.9348788261413574,,,,0.0,,,,,,,,,
10412000,2603,0.0,,3.7063138484954834,,,,0.0,,,,,,,,,
10416000,2604,0.0,,3.7676405906677246,,,,0.0,,,,,,,,,
10420000,2605,0.0,,2.432539224624634,,,,0.0,,,,,,,,,
10424000,2606,0.0,,1.6610320806503296,,,,0.0,,,,,,,,,
10428000,2607,0.0,,2.3565125465393066,,,,0.0,,,,,,,,,
10432000,2608,0.0,,0.8001401424407959,,,,0.0,,,,,,,,,
10436000,2609,0.0,,0.7544402480125427,,,,0.0,,,,,,,,,
10440000,2610,0.0,,3.2774670124053955,,,,0.0,,,,,,,,,
10444000,2611,0.0,,3.803544759750366,,,,0.0,,,,,,,,,
10448000,2612,0.0,,4.349130630493164,,,,0.0,,,,,,,,,
10452000,2613,0.0,,3.2181777954101562,,,,0.0,,,,,,,,,
10456000,2614,0.0,,0.8907312154769897,,,,0.0,,,,,,,,,
10460000,2615,0.0,,2.6582980155944824,,,,0.0,,,,,,,,,
10464000,2616,0.0,,0.906074047088623,,,,0.0,,,,,,,,,
10468000,2617,0.0,,0.9009494781494141,,,,0.0,,,,,,,,,
10472000,2618,0.0,,0.8045206069946289,,,,0.0,,,,,,,,,
10476000,2619,0.125,,2.5912630558013916,,,,0.125,,,,,,,,,
10480000,2620,0.0,,0.8981672525405884,,,,0.0,,,,,,,,,
10484000,2621,0.0,,0.9938949346542358,,,,0.0,,,,,,,,,
10488000,2622,0.0,,3.1506106853485107,,,,0.0,,,,,,,,,
10492000,2623,0.0,,0.981023907661438,,,,0.0,,,,,,,,,
10496000,2624,0.0,,1.743078589439392,,,,0.0,,,,,,,,,
10500000,2625,0.0,,2.0066442489624023,,,,0.0,,,,,,,,,
10504000,2626,0.0,,0.03678685426712036,,,,0.0,,,,,,,,,
10508000,2627,0.0,,2.458458423614502,,,,0.0,,,,,,,,,
10512000,2628,0.0,,0.8734444379806519,,,,0.0,,,,,,,,,
10516000,2629,0.0,,1.1056205034255981,,,,0.0,,,,,,,,,
10520000,2630,0.0,,1.7253652811050415,,,,0.0,,,,,,,,,
10524000,2631,0.0,,2.508366823196411,,,,0.0,,,,,,,,,
10528000,2632,0.0,,3.5440495014190674,,,,0.0,,,,,,,,,
10532000,2633,0.0,,2.236006736755371,,,,0.0,,,,,,,,,
10536000,2634,0.0,,0.8757064342498779,,,,0.0,,,,,,,,,
10540000,2635,0.0,,3.1477291584014893,,,,0.0,,,,,,,,,
10544000,2636,0.0,,1.043153166770935,,,,0.0,,,,,,,,,
10548000,2637,0.0,,2.0265133380889893,,,,0.0,,,,,,,,,
10552000,2638,0.0,,2.6206398010253906,,,,0.0,,,,,,,,,
10556000,2639,0.125,,2.834636688232422,,,,0.125,,,,,,,,,
10560000,2640,0.0,,0.09117583930492401,,,,0.0,,,,,,,,,
10564000,2641,0.0,,5.0238728523254395,,,,0.0,,,,,,,,,
10568000,2642,0.0,,0.07046370208263397,,,,0.0,,,,,,,,,
10572000,2643,0.0,,1.9265930652618408,,,,0.0,,,,,,,,,
10576000,2644,0.125,,1.9471995830535889,,,,0.125,,,,,,,,,
10580000,2645,0.0,,2.2467243671417236,,,,0.0,,,,,,,,,
10584000,2646,0.0,,2.8663535118103027,,,,0.0,,,,,,,,,
10588000,2647,0.0,,1.632238745689392,,,,0.0,,,,,,,,,
10592000,2648,0.0,,1.9312177896499634,,,,0.0,,,,,,,,,
10596000,2649,0.0,,0.07407894730567932,,,,0.0,,,,,,,,,
10600000,2650,0.0,,0.05575496330857277,,,,0.0,,,,,,,,,
10604000,2651,0.0,,0.9836236238479614,,,,0.0,,,,,,,,,
10608000,2652,0.0,,0.059241361916065216,,,,0.0,,,,,,,,,
10612000,2653,0.0,,0.92339688539505,,,,0.0,,,,,,,,,
10616000,2654,0.0,,1.8422105312347412,,,,0.0,,,,,,,,,
10620000,2655,0.125,,0.046813011169433594,,,,0.125,,,,,,,,,
10624000,2656,0.0,,1.5893399715423584,,,,0.0,,,,,,,,,
10628000,2657,0.0,,0.08454182744026184,,,,0.0,,,,,,,,,
10632000,2658,0.0,,0.07077512890100479,,,,0.0,,,,,,,,,
10636000,2659,0.125,,3.3773627281188965,,,,0.125,,,,,,,,,
10640000,2660,0.0,,3.170283079147339,,,,0.0,,,,,,,,,
10644000,2661,0.0,,2.4735445976257324,,,,0.0,,,,,,,,,
10648000,2662,0.0,,2.9774560928344727,,,,0.0,,,,,,,,,
10652000,2663,0.0,,4.640496730804443,,,,0.0,,,,,,,,,
10656000,2664,0.0,,6.816679954528809,,,,0.0,,,,,,,,,
10660000,2665,0.0,,6.484903812408447,,,,0.0,,,,,,,,,
10664000,2666,0.0,,3.3628268241882324,,,,0.0,,,,,,,,,
10668000,2667,0.0,,1.6796170473098755,,,,0.0,,,,,,,,,
10672000,2668,0.125,,1.2058453559875488,,,,0.125,,,,,,,,,
10676000,2669,0.0,,3.10023832321167,,,,0.0,,,,,,,,,
10680000,2670,0.0,,1.8919934034347534,,,,0.0,,,,,,,,,
10684000,2671,0.0,,2.8852291107177734,,,,0.0,,,,,,,,,
10688000,2672,0.0,,1.1766597032546997,,,,0.0,,,,,,,,,
10692000,2673,0.125,,0.2953502833843231,,,,0.125,,,,,,,,,
10696000,2674,0.125,,2.6713075637817383,,,,0.125,,,,,,,,,
10700000,2675,0.125,,5.290595054626465,,,,0.125,,,,,,,,,
10704000,2676,0.0,,2.245741605758667,,,,0.0,,,,,,,,,
10708000,2677,0.0,,0.12212368100881577,,,,0.0,,,,,,,,,
10712000,2678,0.0,,1.0913317203521729,,,,0.0,,,,,,,,,
10716000,2679,0.125,,1.836416244506836,,,,0.125,,,,,,,,,
10720000,2680,0.0,,0.0661110058426857,,,,0.0,,,,,,,,,
10724000,2681,0.0,,0.6453297734260559,,,,0.0,,,,,,,,,
10728000,2682,0.0,,1.8011425733566284,,,,0.0,,,,,,,,,
10732000,2683,0.0,,0.05772681534290314,,,,0.0,,,,,,,,,
10736000,2684,0.0,,1.712756633758545,,,,0.0,,,,,,,,,
10740000,2685,0.0,,1.6056644916534424,,,,0.0,,,,,,,,,
10744000,2686,0.0,,0.0472341924905777,,,,0.0,,,,,,,,,
10748000,2687,0.0,,0.8138629198074341,,,,0.0,,,,,,,,,
10752000,2688,0.0,,4.083929061889648,,,,0.0,,,,,,,,,
10756000,2689,0.0,,0.7853193283081055,,,,0.0,,,,,,,,,
10760000,2690,0.0,,2.0176761150360107,,,,0.0,,,,,,,,,
10764000,2691,0.0,,0.0537552572786808,,,,0.0,,,,,,,,,
10768000,2692,0.0,,0.8603990077972412,,,,0.0,,,,,,,,,
10772000,2693,0.0,,2.298269510269165,,,,0.0,,,,,,,,,
10776000,2694,0.0,,0.906123161315918,,,,0.0,,,,,,,,,
10780000,2695,0.0,,0.5889352560043335,,,,0.0,,,,,,,,,
10784000,2696,0.0,,1.8236050605773926,,,,0.0,,,,,,,,,
10788000,2697,0.125,,1.4354875087738037,,,,0.125,,,,,,,,,
10792000,2698,0.0,,0.037620823830366135,,,,0.0,,,,,,,,,
10796000,2699,0.0,,0.0485297292470932,,,,0.0,,,,,,,,,
10800000,2700,0.0,,1.0950372219085693,,,,0.0,,,,,,,,,
10804000,2701,0.0,,2.520390748977661,,,,0.0,,,,,,,,,
10808000,2702,0.125,,0.040613967925310135,,,,0.125,,,,,,,,,
10812000,2703,0.0,,0.05532762408256531,,,,0.0,,,,,,,,,
10816000,2704,0.0,,3.1193175315856934,,,,0.0,,,,,,,,,
10820000,2705,0.0,,0.9043839573860168,,,,0.0,,,,,,,,,
10824000,2706,0.125,,1.9303419589996338,,,,0.125,,,,,,,,,
10828000,2707,0.0,,1.0288077592849731,,,,0.0,,,,,,,,,
10832000,2708,0.125,,1.9200040102005005,,,,0.125,,,,,,,,,
10836000,2709,0.0,,0.8655403256416321,,,,0.0,,,,,,,,,
10840000,2710,0.0,,0.03698915243148804,,,,0.0,,,,,,,,,
10844000,2711,0.0,,1.0239899158477783,,,,0.0,,,,,,,,,
10848000,2712,0.125,,1.726001262664795,,,,0.125,,,,,,,,,
10852000,2713,0.0,,1.6690583229064941,,,,0.0,,,,,,,,,
10856000,2714,0.0,,3.706477165222168,,,,0.0,,,,,,,,,
10860000,2715,0.0,,0.8523686528205872,,,,0.0,,,,,,,,,
10864000,2716,0.125,,0.7491016983985901,,,,0.125,,,,,,,,,
10868000,2717,0.0,,2.6268811225891113,,,,0.0,,,,,,,,,
10872000,2718,0.0,,1.6851434707641602,,,,0.0,,,,,,,,,
10876000,2719,0.0,,1.9025393724441528,,,,0.0,,,,,,,,,
10880000,2720,0.125,,0.8906430006027222,,,,0.125,,,,,,,,,
10884000,2721,0.0,,0.8378235101699829,,,,0.0,,,,,,,,,
10888000,2722,0.125,,1.7206501960754395,,,,0.125,,,,,,,,,
10892000,2723,0.0,,2.6330790519714355,,,,0.0,,,,,,,,,
10896000,2724,0.125,,2.6306140422821045,,,,0.125,,,,,,,,,
10900000,2725,0.0,,0.9599822759628296,,,,0.0,,,,,,,,,
10904000,2726,0.0,,2.3268768787384033,,,,0.0,,,,,,,,,
10908000,2727,0.0,,0.04113487899303436,,,,0.0,,,,,,,,,
10912000,2728,0.125,,2.4513683319091797,,,,0.125,,,,,,,,,
10916000,2729,0.125,,3.3198132514953613,,,,0.125,,,,,,,,,
10920000,2730,0.125,,2.3222031593322754,,,,0.125,,,,,,,,,
10924000,2731,0.0,,3.540553092956543,,,,0.0,,,,,,,,,
10928000,2732,0.0,,1.8208974599838257,,,,0.0,,,,,,,,,
10932000,2733,0.0,,3.8473286628723145,,,,0.0,,,,,,,,,
10936000,2734,0.0,,1.1634137630462646,,,,0.0,,,,,,,,,
10940000,2735,0.125,,5.416717529296875,,,,0.125,,,,,,,,,
10944000,2736,0.125,,2.609093189239502,,,,0.125,,,,,,,,,
10948000,2737,0.0,,2.8027517795562744,,,,0.0,,,,,,,,,
10952000,2738,0.0,,2.667597770690918,,,,0.0,,,,,,,,,
10956000,2739,0.0,,3.9014816284179688,,,,0.0,,,,,,,,,
10960000,2740,0.0,,6.392414093017578,,,,0.0,,,,,,,,,
10964000,2741,0.25,,2.412790298461914,,,,0.25,,,,,,,,,
10968000,2742,0.25,,3.0768604278564453,,,,0.25,,,,,,,,,
10972000,2743,0.125,,1.806746482849121,,,,0.125,,,,,,,,,
10976000,2744,0.0,,3.5884921550750732,,,,0.0,,,,,,,,,
10980000,2745,0.125,,1.645870327949524,,,,0.125,,,,,,,,,
10984000,2746,0.0,,3.823167562484741,,,,0.0,,,,,,,,,
10988000,2747,0.125,,3.5731427669525146,,,,0.125,,,,,,,,,
10992000,2748,0.125,,4.857107162475586,,,,0.125,,,,,,,,,
10996000,2749,0.125,,7.415445327758789,,,,0.125,,,,,,,,,
11000000,2750,0.0,,6.32407283782959,,,,0.0,,,,,,,,,
11004000,2751,0.25,,6.56144905090332,,,,0.25,,,,,,,,,
11008000,2752,0.0,,1.7931911945343018,,,,0.0,,,,,,,,,
11012000,2753,0.0,,4.1343994140625,,,,0.0,,,,,,,,,
11016000,2754,0.125,,4.935073375701904,,,,0.125,,,,,,,,,
11020000,2755,0.0,,1.8185126781463623,,,,0.0,,,,,,,,,
11024000,2756,0.0,,5.4083662033081055,,,,0.0,,,,,,,,,
11028000,2757,0.125,,6.42824649810791,,,,0.125,,,,,,,,,
11032000,2758,0.0,,3.7668068408966064,,,,0.0,,,,,,,,,
11036000,2759,0.25,,2.892038583755493,,,,0.25,,,,,,,,,
11040000,2760,0.0,,3.4271128177642822,,,,0.0,,,,,,,,,
11044000,2761,0.0,,4.676135063171387,,,,0.0,,,,,,,,,
11048000,2762,0.0,,4.8077497482299805,,,,0.0,,,,,,,,,
11052000,2763,0.0,,8.983959197998047,,,,0.0,,,,,,,,,
11056000,2764,0.125,,3.1556854248046875,,,,0.125,,,,,,,,,
11060000,2765,0.0,,3.390559196472168,,,,0.0,,,,,,,,,
11064000,2766,0.0,,2.2002787590026855,,,,0.0,,,,,,,,,
11068000,2767,0.0,,2.814039707183838,,,,0.0,,,,,,,,,
11072000,2768,0.0,,3.688505172729492,,,,0.0,,,,,,,,,
11076000,2769,0.0,,3.398083209991455,,,,0.0,,,,,,,,,
11080000,2770,0.0,,3.778386116027832,,,,0.0,,,,,,,,,
11084000,2771,0.0,,0.7835644483566284,,,,0.0,,,,,,,,,
11088000,2772,0.0,,4.110531806945801,,,,0.0,,,,,,,,,
11092000,2773,0.0,,2.686769485473633,,,,0.0,,,,,,,,,
11096000,2774,0.0,,5.0601420402526855,,,,0.0,,,,,,,,,
11100000,2775,0.0,,3.5819482803344727,,,,0.0,,,,,,,,,
11104000,2776,0.0,,3.3071088790893555,,,,0.0,,,,,,,,,
11108000,2777,0.0,,3.525892734527588,,,,0.0,,,,,,,,,
11112000,2778,0.0,,2.5294463634490967,,,,0.0,,,,,,,,,
11116000,2779,0.0,,1.7557904720306396,,,,0.0,,,,,,,,,
11120000,2780,0.0,,6.6778106689453125,,,,0.0,,,,,,,,,
11124000,2781,0.125,,0.7223996520042419,,,,0.125,,,,,,,,,
11128000,2782,0.0,,1.657555341720581,,,,0.0,,,,,,,,,
11132000,2783,0.0,,2.3633944988250732,,,,0.0,,,,,,,,,
11136000,2784,0.0,,4.019376277923584,,,,0.0,,,,,,,,,
11140000,2785,0.0,,2.8665623664855957,,,,0.0,,,,,,,,,
11144000,2786,0.0,,1.6100276708602905,,,,0.0,,,,,,,,,
11148000,2787,0.125,,4.128232479095459,,,,0.125,,,,,,,,,
11152000,2788,0.0,,2.9371891021728516,,,,0.0,,,,,,,,,
11156000,2789,0.0,,7.591479301452637,,,,0.0,,,,,,,,,
11160000,2790,0.125,,5.969879150390625,,,,0.125,,,,,,,,,
11164000,2791,0.0,,1.3946120738983154,,,,0.0,,,,,,,,,
11168000,2792,0.0,,5.408639907836914,,,,0.0,,,,,,,,,
11172000,2793,0.0,,2.09525990486145,,,,0.0,,,,,,,,,
11176000,2794,0.0,,3.4606196880340576,,,,0.0,,,,,,,,,
11180000,2795,0.0,,3.4869508743286133,,,,0.0,,,,,,,,,
11184000,2796,0.0,,3.0394928455352783,,,,0.0,,,,,,,,,
11188000,2797,0.0,,3.2927231788635254,,,,0.0,,,,,,,,,
11192000,2798,0.0,,4.6914520263671875,,,,0.0,,,,,,,,,
11196000,2799,0.0,,3.321213722229004,,,,0.0,,,,,,,,,
11200000,2800,0.0,,3.752379894256592,,,,0.0,,,,,,,,,
11204000,2801,0.125,,4.9231977462768555,,,,0.125,,,,,,,,,
11208000,2802,0.0,,3.3151583671569824,,,,0.0,,,,,,,,,
11212000,2803,0.0,,3.3373842239379883,,,,0.0,,,,,,,,,
11216000,2804,0.0,,3.951882839202881,,,,0.0,,,,,,,,,
11220000,2805,0.0,,5.21381139755249,,,,0.0,,,,,,,,,
11224000,2806,0.125,,5.151357650756836,,,,0.125,,,,,,,,,
11228000,2807,0.0,,3.7740437984466553,,,,0.0,,,,,,,,,
11232000,2808,0.125,,3.4112133979797363,,,,0.125,,,,,,,,,
11236000,2809,0.0,,5.9676289558410645,,,,0.0,,,,,,,,,
11240000,2810,0.0,,3.0588536262512207,,,,0.0,,,,,,,,,
11244000,2811,0.125,,6.506699085235596,,,,0.125,,,,,,,,,
11248000,2812,0.0,,4.6249775886535645,,,,0.0,,,,,,,,,
11252000,2813,0.125,,3.9483985900878906,,,,0.125,,,,,,,,,
11256000,2814,0.0,,3.333139419555664,,,,0.0,,,,,,,,,
11260000,2815,0.0,,3.929872751235962,,,,0.0,,,,,,,,,
11264000,2816,0.125,,7.267614841461182,,,,0.125,,,,,,,,,
11268000,2817,0.0,,4.4996819496154785,,,,0.0,,,,,,,,,
11272000,2818,0.0,,4.500728607177734,,,,0.0,,,,,,,,,
11276000,2819,0.0,,5.455981731414795,,,,0.0,,,,,,,,,
11280000,2820,0.0,,5.86074161529541,,,,0.0,,,,,,,,,
11284000,2821,0.0,,3.020658493041992,,,,0.0,,,,,,,,,
11288000,2822,0.0,,2.5461537837982178,,,,0.0,,,,,,,,,
11292000,2823,0.0,,2.3279755115509033,,,,0.0,,,,,,,,,
11296000,2824,0.0,,5.38524055480957,,,,0.0,,,,,,,,,
11300000,2825,0.125,,3.177562713623047,,,,0.125,,,,,,,,,
11304000,2826,0.0,,5.724791049957275,,,,0.0,,,,,,,,,
11308000,2827,0.0,,3.3772168159484863,,,,0.0,,,,,,,,,
11312000,2828,0.125,,5.691225051879883,,,,0.125,,,,,,,,,
11316000,2829,0.0,,2.5900473594665527,,,,0.0,,,,,,,,,
11320000,2830,0.0,,3.648634910583496,,,,0.0,,,,,,,,,
11324000,2831,0.125,,2.730517864227295,,,,0.125,,,,,,,,,
11328000,2832,0.0,,8.791011810302734,,,,0.0,,,,,,,,,
11332000,2833,0.0,,1.469290018081665,,,,0.0,,,,,,,,,
11336000,2834,0.0,,2.612415313720703,,,,0.0,,,,,,,,,
11340000,2835,0.0,,2.187594175338745,,,,0.0,,,,,,,,,
11344000,2836,0.125,,0.7955813407897949,,,,0.125,,,,,,,,,
11348000,2837,0.0,,7.15074348449707,,,,0.0,,,,,,,,,
11352000,2838,0.0,,3.865251302719116,,,,0.0,,,,,,,,,
11356000,2839,0.0,,1.5468254089355469,,,,0.0,,,,,,,,,
11360000,2840,0.0,,3.419160842895508,,,,0.0,,,,,,,,,
11364000,2841,0.0,,3.1412172317504883,,,,0.0,,,,,,,,,
11368000,2842,0.0,,1.3323746919631958,,,,0.0,,,,,,,,,
11372000,2843,0.0,,1.3657231330871582,,,,0.0,,,,,,,,,
11376000,2844,0.0,,3.6145942211151123,,,,0.0,,,,,,,,,
11380000,2845,0.125,,5.668396949768066,,,,0.125,,,,,,,,,
11384000,2846,0.0,,6.281470775604248,,,,0.0,,,,,,,,,
11388000,2847,0.0,,3.5117416381835938,,,,0.0,,,,,,,,,
11392000,2848,0.0,,5.2053422927856445,,,,0.0,,,,,,,,,
11396000,2849,0.0,,5.461738586425781,,,,0.0,,,,,,,,,
11400000,2850,0.0,,2.990264415740967,,,,0.0,,,,,,,,,
11404000,2851,0.0,,1.5250362157821655,,,,0.0,,,,,,,,,
11408000,2852,0.125,,6.491825103759766,,,,0.125,,,,,,,,,
11412000,2853,0.0,,5.354523658752441,,,,0.0,,,,,,,,,
11416000,2854,0.0,,6.837395668029785,,,,0.0,,,,,,,,,
11420000,2855,0.0,,4.308126449584961,,,,0.0,,,,,,,,,
11424000,2856,0.0,,6.9527997970581055,,,,0.0,,,,,,,,,
11428000,2857,0.0,,3.1276016235351562,,,,0.0,,,,,,,,,
11432000,2858,0.0,,2.6160542964935303,,,,0.0,,,,,,,,,
11436000,2859,0.0,,3.380079984664917,,,,0.0,,,,,,,,,
11440000,2860,0.0,,2.4466981887817383,,,,0.0,,,,,,,,,
11444000,2861,0.0,,2.2460145950317383,,,,0.0,,,,,,,,,
11448000,2862,0.0,,1.6724779605865479,,,,0.0,,,,,,,,,
11452000,2863,0.0,,1.523331642150879,,,,0.0,,,,,,,,,
11456000,2864,0.0,,2.8815174102783203,,,,0.0,,,,,,,,,
11460000,2865,0.125,,2.0836167335510254,,,,0.125,,,,,,,,,
11464000,2866,0.0,,2.132535457611084,,,,0.0,,,,,,,,,
11468000,2867,0.0,,3.953678607940674,,,,0.0,,,,,,,,,
11472000,2868,0.0,,2.259234666824341,,,,0.0,,,,,,,,,
11476000,2869,0.0,,2.949270009994507,,,,0.0,,,,,,,,,
11480000,2870,0.0,,3.762925624847412,,,,0.0,,,,,,,,,
11484000,2871,0.0,,4.752171516418457,,,,0.0,,,,,,,,,
11488000,2872,0.0,,1.3365147113800049,,,,0.0,,,,,,,,,
11492000,2873,0.125,,2.2039120197296143,,,,0.125,,,,,,,,,
11496000,2874,0.0,,0.1035882756114006,,,,0.0,,,,,,,,,
11500000,2875,0.0,,1.9287718534469604,,,,0.0,,,,,,,,,
11504000,2876,0.0,,1.4719254970550537,,,,0.0,,,,,,,,,
11508000,2877,0.0,,3.012087821960449,,,,0.0,,,,,,,,,
11512000,2878,0.125,,2.120915412902832,,,,0.125,,,,,,,,,
11516000,2879,0.0,,1.6608659029006958,,,,0.0,,,,,,,,,
11520000,2880,0.0,,3.0012824535369873,,,,0.0,,,,,,,,,
11524000,2881,0.125,,2.0078532695770264,,,,0.125,,,,,,,,,
11528000,2882,0.0,,2.390467643737793,,,,0.0,,,,,,,,,
11532000,2883,0.0,,0.7107318639755249,,,,0.0,,,,,,,,,
11536000,2884,0.0,,2.076777696609497,,,,0.0,,,,,,,,,
11540000,2885,0.0,,3.210841655731201,,,,0.0,,,,,,,,,
11544000,2886,0.0,,0.805443525314331,,,,0.0,,,,,,,,,
11548000,2887,0.0,,5.467228889465332,,,,0.0,,,,,,,,,
11552000,2888,0.0,,2.4836158752441406,,,,0.0,,,,,,,,,
11556000,2889,0.0,,2.1830434799194336,,,,0.0,,,,,,,,,
11560000,2890,0.0,,3.5430948734283447,,,,0.0,,,,,,,,,
11564000,2891,0.0,,1.4059553146362305,,,,0.0,,,,,,,,,
11568000,2892,0.0,,2.3210203647613525,,,,0.0,,,,,,,,,
11572000,2893,0.0,,3.651167154312134,,,,0.0,,,,,,,,,
11576000,2894,0.0,,0.7622060775756836,,,,0.0,,,,,,,,,
11580000,2895,0.0,,1.652385950088501,,,,0.0,,,,,,,,,
11584000,2896,0.0,,3.0128591060638428,,,,0.0,,,,,,,,,
11588000,2897,0.0,,0.9892452359199524,,,,0.0,,,,,,,,,
11592000,2898,0.0,,0.670677661895752,,,,0.0,,,,,,,,,
11596000,2899,0.0,,1.371163010597229,,,,0.0,,,,,,,,,
11600000,2900,0.0,,0.9604068398475647,,,,0.0,,,,,,,,,
11604000,2901,0.0,,0.7019023895263672,,,,0.0,,,,,,,,,
11608000,2902,0.0,,2.147592067718506,,,,0.0,,,,,,,,,
11612000,2903,0.0,,3.629526138305664,,,,0.0,,,,,,,,,
11616000,2904,0.125,,4.826451301574707,,,,0.125,,,,,,,,,
11620000,2905,0.0,,0.1061684787273407,,,,0.0,,,,,,,,,
11624000,2906,0.25,,1.8480132818222046,,,,0.25,,,,,,,,,
11628000,2907,0.125,,5.338532447814941,,,,0.125,,,,,,,,,
11632000,2908,0.0,,0.6430220007896423,,,,0.0,,,,,,,,,
11636000,2909,0.125,,1.3787634372711182,,,,0.125,,,,,,,,,
11640000,2910,0.0,,1.453890323638916,,,,0.0,,,,,,,,,
11644000,2911,0.0,,3.7885818481445312,,,,0.0,,,,,,,,,
11648000,2912,0.0,,2.1109912395477295,,,,0.0,,,,,,,,,
11652000,2913,0.0,,0.8298841714859009,,,,0.0,,,,,,,,,
11656000,2914,0.0,,3.5336482524871826,,,,0.0,,,,,,,,,
11660000,2915,0.0,,1.9614691734313965,,,,0.0,,,,,,,,,
11664000,2916,0.0,,2.9703052043914795,,,,0.0,,,,,,,,,
11668000,2917,0.0,,1.6657788753509521,,,,0.0,,,,,,,,,
11672000,2918,0.0,,2.778538703918457,,,,0.0,,,,,,,,,
11676000,2919,0.0,,2.451531171798706,,,,0.0,,,,,,,,,
11680000,2920,0.0,,2.693652629852295,,,,0.0,,,,,,,,,
11684000,2921,0.0,,2.942837715148926,,,,0.0,,,,,,,,,
11688000,2922,0.0,,5.0043439865112305,,,,0.0,,,,,,,,,
11692000,2923,0.0,,2.156365394592285,,,,0.0,,,,,,,,,
11696000,2924,0.0,,3.8562493324279785,,,,0.0,,,,,,,,,
11700000,2925,0.0,,4.610413551330566,,,,0.0,,,,,,,,,
11704000,2926,0.0,,1.8427057266235352,,,,0.0,,,,,,,,,
11708000,2927,0.0,,1.058754563331604,,,,0.0,,,,,,,,,
11712000,2928,0.0,,1.4677023887634277,,,,0.0,,,,,,,,,
11716000,2929,0.125,,1.614690899848938,,,,0.125,,,,,,,,,
11720000,2930,0.125,,1.7332446575164795,,,,0.125,,,,,,,,,
11724000,2931,0.0,,2.942852258682251,,,,0.0,,,,,,,,,
11728000,2932,0.125,,2.026292324066162,,,,0.125,,,,,,,,,
11732000,2933,0.125,,1.6337138414382935,,,,0.125,,,,,,,,,
11736000,2934,0.0,,0.8283236622810364,,,,0.0,,,,,,,,,
11740000,2935,0.0,,3.291163921356201,,,,0.0,,,,,,,,,
11744000,2936,0.0,,1.5611557960510254,,,,0.0,,,,,,,,,
11748000,2937,0.0,,1.7592759132385254,,,,0.0,,,,,,,,,
11752000,2938,0.0,,3.1700546741485596,,,,0.0,,,,,,,,,
11756000,2939,0.0,,0.926344633102417,,,,0.0,,,,,,,,,
11760000,2940,0.0,,0.7097789645195007,,,,0.0,,,,,,,,,
11764000,2941,0.0,,2.118765354156494,,,,0.0,,,,,,,,,
11768000,2942,0.0,,1.565467119216919,,,,0.0,,,,,,,,,
11772000,2943,0.0,,0.7358700037002563,,,,0.0,,,,,,,,,
11776000,2944,0.0,,1.6854405403137207,,,,0.0,,,,,,,,,
11780000,2945,0.0,,4.785459041595459,,,,0.0,,,,,,,,,
11784000,2946,0.0,,1.2919812202453613,,,,0.0,,,,,,,,,
11788000,2947,0.125,,4.427637100219727,,,,0.125,,,,,,,,,
11792000,2948,0.0,,1.3367094993591309,,,,0.0,,,,,,,,,
11796000,2949,0.0,,3.0562334060668945,,,,0.0,,,,,,,,,
11800000,2950,0.0,,1.92584228515625,,,,0.0,,,,,,,,,
11804000,2951,0.0,,1.6865191459655762,,,,0.0,,,,,,,,,
11808000,2952,0.125,,3.0071330070495605,,,,0.125,,,,,,,,,
11812000,2953,0.0,,2.5856051445007324,,,,0.0,,,,,,,,,
11816000,2954,0.125,,2.4017200469970703,,,,0.125,,,,,,,,,
11820000,2955,0.0,,1.5132036209106445,,,,0.0,,,,,,,,,
11824000,2956,0.0,,2.94106388092041,,,,0.0,,,,,,,,,
11828000,2957,0.0,,1.208790898323059,,,,0.0,,,,,,,,,
11832000,2958,0.0,,0.6638872027397156,,,,0.0,,,,,,,,,
11836000,2959,0.0,,3.065957546234131,,,,0.0,,,,,,,,,
11840000,2960,0.0,,2.4744813442230225,,,,0.0,,,,,,,,,
11844000,2961,0.0,,2.073452949523926,,,,0.0,,,,,,,,,
11848000,2962,0.0,,4.642797946929932,,,,0.0,,,,,,,,,
11852000,2963,0.0,,1.6800851821899414,,,,0.0,,,,,,,,,
11856000,2964,0.0,,4.511036396026611,,,,0.0,,,,,,,,,
11860000,2965,0.0,,0.6433770656585693,,,,0.0,,,,,,,,,
11864000,2966,0.0,,1.3955823183059692,,,,0.0,,,,,,,,,
11868000,2967,0.0,,0.7994604110717773,,,,0.0,,,,,,,,,
11872000,2968,0.0,,2.3101935386657715,,,,0.0,,,,,,,,,
11876000,2969,0.125,,1.7885396480560303,,,,0.125,,,,,,,,,
11880000,2970,0.0,,0.0683845803141594,,,,0.0,,,,,,,,,
11884000,2971,0.0,,3.128969669342041,,,,0.0,,,,,,,,,
11888000,2972,0.0,,1.896578073501587,,,,0.0,,,,,,,,,
11892000,2973,0.0,,0.8439871072769165,,,,0.0,,,,,,,,,
11896000,2974,0.0,,2.7347936630249023,,,,0.0,,,,,,,,,
11900000,2975,0.0,,1.4351913928985596,,,,0.0,,,,,,,,,
11904000,2976,0.0,,2.286929130554199,,,,0.0,,,,,,,,,
11908000,2977,0.0,,1.291836142539978,,,,0.0,,,,,,,,,
11912000,2978,0.25,,0.6655710935592651,,,,0.25,,,,,,,,,
11916000,2979,0.0,,0.8131821751594543,,,,0.0,,,,,,,,,
11920000,2980,0.25,,1.9205182790756226,,,,0.25,,,,,,,,,
11924000,2981,0.0,,2.385039806365967,,,,0.0,,,,,,,,,
11928000,2982,0.0,,0.645953893661499,,,,0.0,,,,,,,,,
11932000,2983,0.0,,3.479949951171875,,,,0.0,,,,,,,,,
11936000,2984,0.0,,0.6503295302391052,,,,0.0,,,,,,,,,
11940000,2985,0.0,,1.3168795108795166,,,,0.0,,,,,,,,,
11944000,2986,0.0,,1.3401561975479126,,,,0.0,,,,,,,,,
11948000,2987,0.125,,1.5063090324401855,,,,0.125,,,,,,,,,
11952000,2988,0.0,,2.078486442565918,,,,0.0,,,,,,,,,
11956000,2989,0.0,,1.8043633699417114,,,,0.0,,,,,,,,,
11960000,2990,0.125,,0.7241286635398865,,,,0.125,,,,,,,,,
11964000,2991,0.0,,2.361422300338745,,,,0.0,,,,,,,,,
11968000,2992,0.0,,1.3640825748443604,,,,0.0,,,,,,,,,
11972000,2993,0.0,,0.07544790208339691,,,,0.0,,,,,,,,,
11976000,2994,0.0,,1.501173496246338,,,,0.0,,,,,,,,,
11980000,2995,0.0,,2.288073778152466,,,,0.0,,,,,,,,,
11984000,2996,0.0,,2.0157573223114014,,,,0.0,,,,,,,,,
11988000,2997,0.0,,0.8991424441337585,,,,0.0,,,,,,,,,
11992000,2998,0.0,,2.2611701488494873,,,,0.0,,,,,,,,,
11996000,2999,0.0,,1.4612901210784912,,,,0.0,,,,,,,,,
12000000,3000,0.0,,0.08480489253997803,,,,0.0,,,,,,,,,
12004000,3001,0.0,,1.8837897777557373,,,,0.0,,,,,,,,,
12008000,3002,0.0,,4.375631809234619,,,,0.0,,,,,,,,,
12012000,3003,0.0,,1.7195020914077759,,,,0.0,,,,,,,,,
12016000,3004,0.0,,0.7426950335502625,,,,0.0,,,,,,,,,
12020000,3005,0.125,,1.7209227085113525,,,,0.125,,,,,,,,,
12024000,3006,0.0,,1.1514641046524048,,,,0.0,,,,,,,,,
12028000,3007,0.0,,2.16408371925354,,,,0.0,,,,,,,,,
12032000,3008,0.125,,1.302452564239502,,,,0.125,,,,,,,,,
12036000,3009,0.25,,0.6958230137825012,,,,0.25,,,,,,,,,
12040000,3010,0.0,,2.0645029544830322,,,,0.0,,,,,,,,,
12044000,3011,0.0,,1.994605302810669,,,,0.0,,,,,,,,,
12048000,3012,0.125,,1.3649793863296509,,,,0.125,,,,,,,,,
12052000,3013,0.0,,0.6655083894729614,,,,0.0,,,,,,,,,
12056000,3014,0.0,,0.05777402222156525,,,,0.0,,,,,,,,,
12060000,3015,0.125,,2.606285572052002,,,,0.125,,,,,,,,,
12064000,3016,0.0,,2.5506529808044434,,,,0.0,,,,,,,,,
12068000,3017,0.0,,2.609402894973755,,,,0.0,,,,,,,,,
12072000,3018,0.125,,3.5262231826782227,,,,0.125,,,,,,,,,
12076000,3019,0.0,,4.518362998962402,,,,0.0,,,,,,,,,
12080000,3020,0.0,,3.200244426727295,,,,0.0,,,,,,,,,
12084000,3021,0.0,,4.1380157470703125,,,,0.0,,,,,,,,,
12088000,3022,0.0,,2.873567581176758,,,,0.0,,,,,,,,,
12092000,3023,0.0,,3.0470356941223145,,,,0.0,,,,,,,,,
12096000,3024,0.0,,3.7952089309692383,,,,0.0,,,,,,,,,
12100000,3025,0.0,,4.228827476501465,,,,0.0,,,,,,,,,
12104000,3026,0.0,,3.522611141204834,,,,0.0,,,,,,,,,
12108000,3027,0.0,,4.382523059844971,,,,0.0,,,,,,,,,
12112000,3028,0.0,,4.714178085327148,,,,0.0,,,,,,,,,
12116000,3029,0.0,,3.862208366394043,,,,0.0,,,,,,,,,
12120000,3030,0.0,,3.422274112701416,,,,0.0,,,,,,,,,
12124000,3031,0.125,,2.860870361328125,,,,0.125,,,,,,,,,
12128000,3032,0.0,,3.003779411315918,,,,0.0,,,,,,,,,
12132000,3033,0.0,,1.1543647050857544,,,,0.0,,,,,,,,,
12136000,3034,0.125,,1.6861876249313354,,,,0.125,,,,,,,,,
12140000,3035,0.0,,0.9354459643363953,,,,0.0,,,,,,,,,
12144000,3036,0.0,,2.217514991760254,,,,0.0,,,,,,,,,
12148000,3037,0.125,,1.5533618927001953,,,,0.125,,,,,,,,,
12152000,3038,0.0,,1.5254511833190918,,,,0.0,,,,,,,,,
12156000,3039,0.125,,5.204400062561035,,,,0.125,,,,,,,,,
12160000,3040,0.0,,1.7290860414505005,,,,0.0,,,,,,,,,
12164000,3041,0.0,,3.106870651245117,,,,0.0,,,,,,,,,
12168000,3042,0.0,,1.9646096229553223,,,,0.0,,,,,,,,,
12172000,3043,0.0,,1.622085690498352,,,,0.0,,,,,,,,,
12176000,3044,0.0,,0.12529319524765015,,,,0.0,,,,,,,,,
12180000,3045,0.0,,6.261053085327148,,,,0.0,,,,,,,,,
12184000,3046,0.125,,2.438246250152588,,,,0.125,,,,,,,,,
12188000,3047,0.0,,3.23673415184021,,,,0.0,,,,,,,,,
12192000,3048,0.0,,3.6592774391174316,,,,0.0,,,,,,,,,
12196000,3049,0.0,,2.1376426219940186,,,,0.0,,,,,,,,,
12200000,3050,0.0,,3.7028212547302246,,,,0.0,,,,,,,,,
12204000,3051,0.25,,0.716076672077179,,,,0.25,,,,,,,,,
12208000,3052,0.0,,4.400890827178955,,,,0.0,,,,,,,,,
12212000,3053,0.125,,3.852517604827881,,,,0.125,,,,,,,,,
12216000,3054,0.125,,3.562532901763916,,,,0.125,,,,,,,,,
12220000,3055,0.125,,2.5289554595947266,,,,0.125,,,,,,,,,
12224000,3056,0.0,,1.448826551437378,,,,0.0,,,,,,,,,
12228000,3057,0.125,,2.555232286453247,,,,0.125,,,,,,,,,
12232000,3058,0.0,,2.413513660430908,,,,0.0,,,,,,,,,
12236000,3059,0.0,,1.492431640625,,,,0.0,,,,,,,,,
12240000,3060,0.0,,2.9993224143981934,,,,0.0,,,,,,,,,
12244000,3061,0.0,,1.3473320007324219,,,,0.0,,,,,,,,,
12248000,3062,0.0,,2.05171275138855,,,,0.0,,,,,,,,,
12252000,3063,0.0,,1.9946147203445435,,,,0.0,,,,,,,,,
12256000,3064,0.0,,2.6235032081604004,,,,0.0,,,,,,,,,
12260000,3065,0.25,,1.6877431869506836,,,,0.25,,,,,,,,,
12264000,3066,0.0,,1.4605309963226318,,,,0.0,,,,,,,,,
12268000,3067,0.0,,1.3622612953186035,,,,0.0,,,,,,,,,
12272000,3068,0.0,,5.642813682556152,,,,0.0,,,,,,,,,
12276000,3069,0.0,,1.705944538116455,,,,0.0,,,,,,,,,
12280000,3070,0.0,,3.5545949935913086,,,,0.0,,,,,,,,,
12284000,3071,0.0,,2.916496753692627,,,,0.0,,,,,,,,,
12288000,3072,0.0,,3.3845739364624023,,,,0.0,,,,,,,,,
12292000,3073,0.0,,2.425560712814331,,,,0.0,,,,,,,,,
12296000,3074,0.0,,1.4951142072677612,,,,0.0,,,,,,,,,
12300000,3075,0.0,,1.930292010307312,,,,0.0,,,,,,,,,
12304000,3076,0.0,,2.2608275413513184,,,,0.0,,,,,,,,,
12308000,3077,0.0,,2.0856380462646484,,,,0.0,,,,,,,,,
12312000,3078,0.125,,0.6662996411323547,,,,0.125,,,,,,,,,
12316000,3079,0.0,,2.5477023124694824,,,,0.0,,,,,,,,,
12320000,3080,0.0,,3.9419267177581787,,,,0.0,,,,,,,,,
12324000,3081,0.0,,3.209537982940674,,,,0.0,,,,,,,,,
12328000,3082,0.125,,1.2925665378570557,,,,0.125,,,,,,,,,
12332000,3083,0.0,,3.6867408752441406,,,,0.0,,,,,,,,,
12336000,3084,0.0,,3.45161771774292,,,,0.0,,,,,,,,,
12340000,3085,0.0,,4.381323337554932,,,,0.0,,,,,,,,,
12344000,3086,0.125,,5.91819429397583,,,,0.125,,,,,,,,,
12348000,3087,0.125,,3.4037251472473145,,,,0.125,,,,,,,,,
12352000,3088,0.0,,4.145001411437988,,,,0.0,,,,,,,,,
12356000,3089,0.0,,2.7098426818847656,,,,0.0,,,,,,,,,
12360000,3090,0.0,,2.296266555786133,,,,0.0,,,,,,,,,
12364000,3091,0.0,,3.0342857837677,,,,0.0,,,,,,,,,
12368000,3092,0.0,,2.3195486068725586,,,,0.0,,,,,,,,,
12372000,3093,0.125,,0.8957939147949219,,,,0.125,,,,,,,,,
12376000,3094,0.0,,1.852428913116455,,,,0.0,,,,,,,,,
12380000,3095,0.0,,6.573575019836426,,,,0.0,,,,,,,,,
12384000,3096,0.125,,2.080528497695923,,,,0.125,,,,,,,,,
12388000,3097,0.125,,1.9277143478393555,,,,0.125,,,,,,,,,
12392000,3098,0.0,,2.6967220306396484,,,,0.0,,,,,,,,,
12396000,3099,0.125,,1.0269719362258911,,,,0.125,,,,,,,,,
12400000,3100,0.25,,2.0847597122192383,,,,0.25,,,,,,,,,
12404000,3101,0.0,,4.330030918121338,,,,0.0,,,,,,,,,
12408000,3102,0.125,,4.190719127655029,,,,0.125,,,,,,,,,
12412000,3103,0.0,,4.771496295928955,,,,0.0,,,,,,,,,
12416000,3104,0.125,,3.7302675247192383,,,,0.125,,,,,,,,,
12420000,3105,0.0,,1.5459635257720947,,,,0.0,,,,,,,,,
12424000,3106,0.0,,4.452461242675781,,,,0.0,,,,,,,,,
12428000,3107,0.125,,3.6097817420959473,,,,0.125,,,,,,,,,
12432000,3108,0.0,,5.909595489501953,,,,0.0,,,,,,,,,
12436000,3109,0.125,,2.318255662918091,,,,0.125,,,,,,,,,
12440000,3110,0.0,,2.579340696334839,,,,0.0,,,,,,,,,
12444000,3111,0.0,,3.716592311859131,,,,0.0,,,,,,,,,
12448000,3112,0.125,,2.1113648414611816,,,,0.125,,,,,,,,,
12452000,3113,0.125,,3.3029420375823975,,,,0.125,,,,,,,,,
12456000,3114,0.125,,2.664100170135498,,,,0.125,,,,,,,,,
12460000,3115,0.0,,3.5527048110961914,,,,0.0,,,,,,,,,
12464000,3116,0.0,,1.60154128074646,,,,0.0,,,,,,,,,
12468000,3117,0.0,,3.7479734420776367,,,,0.0,,,,,,,,,
12472000,3118,0.125,,5.515451431274414,,,,0.125,,,,,,,,,
12476000,3119,0.125,,3.435647964477539,,,,0.125,,,,,,,,,
12480000,3120,0.0,,3.930494785308838,,,,0.0,,,,,,,,,
12484000,3121,0.125,,4.295432090759277,,,,0.125,,,,,,,,,
12488000,3122,0.25,,2.5460128784179688,,,,0.25,,,,,,,,,
12492000,3123,0.125,,5.6015400886535645,,,,0.125,,,,,,,,,
12496000,3124,0.25,,3.9541919231414795,,,,0.25,,,,,,,,,
12500000,3125,0.0,,4.435606956481934,,,,0.0,,,,,,,,,
12504000,3126,0.25,,5.286584854125977,,,,0.25,,,,,,,,,
12508000,3127,0.125,,3.021360397338867,,,,0.125,,,,,,,,,
12512000,3128,0.0,,3.8906161785125732,,,,0.0,,,,,,,,,
12516000,3129,0.125,,5.087088584899902,,,,0.125,,,,,,,,,
12520000,3130,0.125,,3.844141960144043,,,,0.125,,,,,,,,,
12524000,3131,0.0,,2.00976300239563,,,,0.0,,,,,,,,,
12528000,3132,0.0,,7.043675422668457,,,,0.0,,,,,,,,,
12532000,3133,0.0,,4.577298164367676,,,,0.0,,,,,,,,,
12536000,3134,0.0,,2.082930088043213,,,,0.0,,,,,,,,,
12540000,3135,0.0,,2.782011032104492,,,,0.0,,,,,,,,,
12544000,3136,0.0,,5.299539566040039,,,,0.0,,,,,,,,,
12548000,3137,0.375,,4.65310525894165,,,,0.375,,,,,,,,,
12552000,3138,0.0,,1.7664237022399902,,,,0.0,,,,,,,,,
12556000,3139,0.0,,4.874563694000244,,,,0.0,,,,,,,,,
12560000,3140,0.0,,3.7276906967163086,,,,0.0,,,,,,,,,
12564000,3141,0.0,,2.868386745452881,,,,0.0,,,,,,,,,
12568000,3142,0.0,,3.6695117950439453,,,,0.0,,,,,,,,,
12572000,3143,0.0,,1.896589756011963,,,,0.0,,,,,,,,,
12576000,3144,0.0,,2.284970760345459,,,,0.0,,,,,,,,,
12580000,3145,0.125,,4.541983604431152,,,,0.125,,,,,,,,,
12584000,3146,0.0,,1.5333805084228516,,,,0.0,,,,,,,,,
12588000,3147,0.0,,7.189060211181641,,,,0.0,,,,,,,,,
12592000,3148,0.25,,5.584329605102539,,,,0.25,,,,,,,,,
12596000,3149,0.0,,3.4332542419433594,,,,0.0,,,,,,,,,
12600000,3150,0.25,,3.6362876892089844,,,,0.25,,,,,,,,,
12604000,3151,0.0,,5.581455707550049,,,,0.0,,,,,,,,,
12608000,3152,0.0,,1.2206416130065918,,,,0.0,,,,,,,,,
12612000,3153,0.0,,1.66646146774292,,,,0.0,,,,,,,,,
12616000,3154,0.0,,4.093412399291992,,,,0.0,,,,,,,,,
12620000,3155,0.25,,3.7325820922851562,,,,0.25,,,,,,,,,
12624000,3156,0.0,,6.880965232849121,,,,0.0,,,,,,,,,
12628000,3157,0.125,,2.158729076385498,,,,0.125,,,,,,,,,
12632000,3158,0.125,,5.58920955657959,,,,0.125,,,,,,,,,
12636000,3159,0.0,,5.411011219024658,,,,0.0,,,,,,,,,
12640000,3160,0.0,,6.3152055740356445,,,,0.0,,,,,,,,,
12644000,3161,0.0,,4.329202651977539,,,,0.0,,,,,,,,,
12648000,3162,0.0,,1.5703046321868896,,,,0.0,,,,,,,,,
12652000,3163,0.0,,0.843432605266571,,,,0.0,,,,,,,,,
12656000,3164,0.0,,6.067300796508789,,,,0.0,,,,,,,,,
12660000,3165,0.25,,2.1599841117858887,,,,0.25,,,,,,,,,
12664000,3166,0.0,,4.00261116027832,,,,0.0,,,,,,,,,
12668000,3167,0.0,,6.310651779174805,,,,0.0,,,,,,,,,
12672000,3168,0.0,,5.838528156280518,,,,0.0,,,,,,,,,
12676000,3169,0.0,,6.1422271728515625,,,,0.0,,,,,,,,,
12680000,3170,0.0,,1.3539059162139893,,,,0.0,,,,,,,,,
12684000,3171,0.0,,8.081562042236328,,,,0.0,,,,,,,,,
12688000,3172,0.0,,3.029686450958252,,,,0.0,,,,,,,,,
12692000,3173,0.0,,2.4112234115600586,,,,0.0,,,,,,,,,
12696000,3174,0.0,,2.173781156539917,,,,0.0,,,,,,,,,
12700000,3175,0.0,,4.273394584655762,,,,0.0,,,,,,,,,
12704000,3176,0.125,,4.929031848907471,,,,0.125,,,,,,,,,
12708000,3177,0.0,,4.559744834899902,,,,0.0,,,,,,,,,
12712000,3178,0.125,,5.1822357177734375,,,,0.125,,,,,,,,,
12716000,3179,0.125,,2.125462293624878,,,,0.125,,,,,,,,,
12720000,3180,0.0,,3.8952810764312744,,,,0.0,,,,,,,,,
12724000,3181,0.0,,1.740092158317566,,,,0.0,,,,,,,,,
12728000,3182,0.0,,0.9640858173370361,,,,0.0,,,,,,,,,
12732000,3183,0.0,,8.095477104187012,,,,0.0,,,,,,,,,
12736000,3184,0.0,,2.839524030685425,,,,0.0,,,,,,,,,
12740000,3185,0.125,,5.077108383178711,,,,0.125,,,,,,,,,
12744000,3186,0.0,,3.434845447540283,,,,0.0,,,,,,,,,
12748000,3187,0.0,,3.978910446166992,,,,0.0,,,,,,,,,
12752000,3188,0.0,,2.5693604946136475,,,,0.0,,,,,,,,,
12756000,3189,0.125,,4.782855033874512,,,,0.125,,,,,,,,,
12760000,3190,0.125,,1.3104000091552734,,,,0.125,,,,,,,,,
12764000,3191,0.0,,2.7350640296936035,,,,0.0,,,,,,,,,
12768000,3192,0.125,,4.171801567077637,,,,0.125,,,,,,,,,
12772000,3193,0.125,,0.174723282456398,,,,0.125,,,,,,,,,
12776000,3194,0.0,,2.9539661407470703,,,,0.0,,,,,,,,,
12780000,3195,0.0,,2.7134017944335938,,,,0.0,,,,,,,,,
12784000,3196,0.0,,4.78527307510376,,,,0.0,,,,,,,,,
12788000,3197,0.0,,4.591759204864502,,,,0.0,,,,,,,,,
12792000,3198,0.0,,4.411457061767578,,,,0.0,,,,,,,,,
12796000,3199,0.125,,2.40881609916687,,,,0.125,,,,,,,,,
12800000,3200,0.0,,2.713101863861084,,,,0.0,,,,,,,,,
12804000,3201,0.0,,1.967907190322876,,,,0.0,,,,,,,,,
12808000,3202,0.125,,5.262639045715332,,,,0.125,,,,,,,,,
12812000,3203,0.125,,6.953453540802002,,,,0.125,,,,,,,,,
12816000,3204,0.125,,3.8616390228271484,,,,0.125,,,,,,,,,
12820000,3205,0.125,,4.804376125335693,,,,0.125,,,,,,,,,
12824000,3206,0.0,,2.859713077545166,,,,0.0,,,,,,,,,
12828000,3207,0.0,,4.504826545715332,,,,0.0,,,,,,,,,
12832000,3208,0.0,,5.102292537689209,,,,0.0,,,,,,,,,
12836000,3209,0.375,,1.3713339567184448,,,,0.375,,,,,,,,,
12840000,3210,0.0,,3.2602052688598633,,,,0.0,,,,,,,,,
12844000,3211,0.0,,3.5958669185638428,,,,0.0,,,,,,,,,
12848000,3212,0.25,,3.0981438159942627,,,,0.25,,,,,,,,,
12852000,3213,0.0,,2.3273351192474365,,,,0.0,,,,,,,,,
12856000,3214,0.0,,3.7935595512390137,,,,0.0,,,,,,,,,
12860000,3215,0.0,,3.1127803325653076,,,,0.0,,,,,,,,,
12864000,3216,0.0,,4.251821517944336,,,,0.0,,,,,,,,,
12868000,3217,0.0,,7.209949970245361,,,,0.0,,,,,,,,,
12872000,3218,0.25,,5.7138895988464355,,,,0.25,,,,,,,,,
12876000,3219,0.125,,5.759121894836426,,,,0.125,,,,,,,,,
12880000,3220,0.0,,3.326718330383301,,,,0.0,,,,,,,,,
12884000,3221,0.0,,6.4683051109313965,,,,0.0,,,,,,,,,
12888000,3222,0.0,,4.002387046813965,,,,0.0,,,,,,,,,
12892000,3223,0.125,,6.182275772094727,,,,0.125,,,,,,,,,
12896000,3224,0.0,,6.785353660583496,,,,0.0,,,,,,,,,
12900000,3225,0.0,,7.300689697265625,,,,0.0,,,,,,,,,
12904000,3226,0.0,,4.177345275878906,,,,0.0,,,,,,,,,
12908000,3227,0.0,,4.422108173370361,,,,0.0,,,,,,,,,
12912000,3228,0.0,,4.054624080657959,,,,0.0,,,,,,,,,
12916000,3229,0.0,,3.0593371391296387,,,,0.0,,,,,,,,,
12920000,3230,0.125,,4.421744346618652,,,,0.125,,,,,,,,,
12924000,3231,0.0,,4.911624431610107,,,,0.0,,,,,,,,,
12928000,3232,0.0,,5.995848178863525,,,,0.0,,,,,,,,,
12932000,3233,0.125,,2.136314630508423,,,,0.125,,,,,,,,,
12936000,3234,0.0,,5.379423141479492,,,,0.0,,,,,,,,,
12940000,3235,0.0,,2.7203073501586914,,,,0.0,,,,,,,,,
12944000,3236,0.0,,5.550026893615723,,,,0.0,,,,,,,,,
12948000,3237,0.125,,3.569256544113159,,,,0.125,,,,,,,,,
12952000,3238,0.0,,5.114458084106445,,,,0.0,,,,,,,,,
12956000,3239,0.125,,4.79762077331543,,,,0.125,,,,,,,,,
12960000,3240,0.0,,2.1678059101104736,,,,0.0,,,,,,,,,
12964000,3241,0.0,,4.481485366821289,,,,0.0,,,,,,,,,
12968000,3242,0.0,,5.087202548980713,,,,0.0,,,,,,,,,
12972000,3243,0.0,,3.9001054763793945,,,,0.0,,,,,,,,,
12976000,3244,0.0,,4.921882629394531,,,,0.0,,,,,,,,,
12980000,3245,0.125,,5.102756500244141,,,,0.125,,,,,,,,,
12984000,3246,0.0,,0.7361515760421753,,,,0.0,,,,,,,,,
12988000,3247,0.0,,3.8446762561798096,,,,0.0,,,,,,,,,
12992000,3248,0.0,,2.339820384979248,,,,0.0,,,,,,,,,
12996000,3249,0.0,,4.106063365936279,,,,0.0,,,,,,,,,
13000000,3250,0.125,,4.935280799865723,,,,0.125,,,,,,,,,
13004000,3251,0.375,,2.83536696434021,,,,0.375,,,,,,,,,
13008000,3252,0.125,,2.7797393798828125,,,,0.125,,,,,,,,,
13012000,3253,0.25,,4.712804317474365,,,,0.25,,,,,,,,,
13016000,3254,0.0,,4.506554126739502,,,,0.0,,,,,,,,,
13020000,3255,0.0,,1.3459779024124146,,,,0.0,,,,,,,,,
13024000,3256,0.25,,5.77821159362793,,,,0.25,,,,,,,,,
13028000,3257,0.125,,4.4194111824035645,,,,0.125,,,,,,,,,
13032000,3258,0.0,,4.23157262802124,,,,0.0,,,,,,,,,
13036000,3259,0.25,,3.9809036254882812,,,,0.25,,,,,,,,,
13040000,3260,0.0,,5.714040756225586,,,,0.0,,,,,,,,,
13044000,3261,0.0,,5.808382987976074,,,,0.0,,,,,,,,,
13048000,3262,0.0,,4.828948020935059,,,,0.0,,,,,,,,,
13052000,3263,0.0,,4.7069597244262695,,,,0.0,,,,,,,,,
13056000,3264,0.0,,2.039592981338501,,,,0.0,,,,,,,,,
13060000,3265,0.0,,3.742366313934326,,,,0.0,,,,,,,,,
13064000,3266,0.0,,4.277271747589111,,,,0.0,,,,,,,,,
13068000,3267,0.0,,5.027268409729004,,,,0.0,,,,,,,,,
13072000,3268,0.0,,6.96844482421875,,,,0.0,,,,,,,,,
13076000,3269,0.0,,1.9228105545043945,,,,0.0,,,,,,,,,
13080000,3270,0.0,,7.6544599533081055,,,,0.0,,,,,,,,,
13084000,3271,0.0,,2.6159424781799316,,,,0.0,,,,,,,,,
13088000,3272,0.0,,3.989391326904297,,,,0.0,,,,,,,,,
13092000,3273,0.0,,3.9863946437835693,,,,0.0,,,,,,,,,
13096000,3274,0.125,,1.8526334762573242,,,,0.125,,,,,,,,,
13100000,3275,0.0,,5.643637657165527,,,,0.0,,,,,,,,,
13104000,3276,0.0,,4.117088794708252,,,,0.0,,,,,,,,,
13108000,3277,0.125,,2.451735019683838,,,,0.125,,,,,,,,,
13112000,3278,0.0,,4.170168399810791,,,,0.0,,,,,,,,,
13116000,3279,0.0,,3.9185190200805664,,,,0.0,,,,,,,,,
13120000,3280,0.125,,1.9315967559814453,,,,0.125,,,,,,,,,
13124000,3281,0.125,,4.8566999435424805,,,,0.125,,,,,,,,,
13128000,3282,0.0,,2.0464437007904053,,,,0.0,,,,,,,,,
13132000,3283,0.0,,3.1288936138153076,,,,0.0,,,,,,,,,
13136000,3284,0.125,,2.9725899696350098,,,,0.125,,,,,,,,,
13140000,3285,0.125,,4.929265022277832,,,,0.125,,,,,,,,,
13144000,3286,0.125,,3.1724190711975098,,,,0.125,,,,,,,,,
13148000,3287,0.25,,5.577625751495361,,,,0.25,,,,,,,,,
13152000,3288,0.125,,2.9151830673217773,,,,0.125,,,,,,,,,
13156000,3289,0.0,,3.0244412422180176,,,,0.0,,,,,,,,,
13160000,3290,0.0,,4.758382797241211,,,,0.0,,,,,,,,,
13164000,3291,0.0,,2.728990077972412,,,,0.0,,,,,,,,,
13168000,3292,0.0,,5.043801307678223,,,,0.0,,,,,,,,,
13172000,3293,0.125,,7.052006721496582,,,,0.125,,,,,,,,,
13176000,3294,0.125,,2.320568561553955,,,,0.125,,,,,,,,,
13180000,3295,0.0,,4.3891377449035645,,,,0.0,,,,,,,,,
13184000,3296,0.0,,3.51861310005188,,,,0.0,,,,,,,,,
13188000,3297,0.0,,2.87164568901062,,,,0.0,,,,,,,,,
13192000,3298,0.125,,6.516008377075195,,,,0.125,,,,,,,,,
13196000,3299,0.0,,3.2442305088043213,,,,0.0,,,,,,,,,
13200000,3300,0.125,,5.596779823303223,,,,0.125,,,,,,,,,
13204000,3301,0.0,,5.220445156097412,,,,0.0,,,,,,,,,
13208000,3302,0.0,,6.123150825500488,,,,0.0,,,,,,,,,
13212000,3303,0.0,,2.992628574371338,,,,0.0,,,,,,,,,
13216000,3304,0.0,,4.510954856872559,,,,0.0,,,,,,,,,
13220000,3305,0.125,,4.264006614685059,,,,0.125,,,,,,,,,
13224000,3306,0.0,,2.5727486610412598,,,,0.0,,,,,,,,,
13228000,3307,0.0,,4.330624580383301,,,,0.0,,,,,,,,,
13232000,3308,0.0,,2.2359659671783447,,,,0.0,,,,,,,,,
13236000,3309,0.125,,5.244207859039307,,,,0.125,,,,,,,,,
13240000,3310,0.0,,4.96506404876709,,,,0.0,,,,,,,,,
13244000,3311,0.0,,4.2137227058410645,,,,0.0,,,,,,,,,
13248000,3312,0.25,,4.753541946411133,,,,0.25,,,,,,,,,
13252000,3313,0.0,,5.768027305603027,,,,0.0,,,,,,,,,
13256000,3314,0.125,,4.393247604370117,,,,0.125,,,,,,,,,
13260000,3315,0.125,,3.5247511863708496,,,,0.125,,,,,,,,,
13264000,3316,0.0,,4.563471794128418,,,,0.0,,,,,,,,,
13268000,3317,0.0,,3.734266757965088,,,,0.0,,,,,,,,,
13272000,3318,0.0,,2.6904003620147705,,,,0.0,,,,,,,,,
13276000,3319,0.25,,5.89340877532959,,,,0.25,,,,,,,,,
13280000,3320,0.0,,2.928313732147217,,,,0.0,,,,,,,,,
13284000,3321,0.0,,3.289921760559082,,,,0.0,,,,,,,,,
13288000,3322,0.0,,4.197700500488281,,,,0.0,,,,,,,,,
13292000,3323,0.0,,4.725411891937256,,,,0.0,,,,,,,,,
13296000,3324,0.0,,3.124067783355713,,,,0.0,,,,,,,,,
13300000,3325,0.0,,0.6262316107749939,,,,0.0,,,,,,,,,
13304000,3326,0.0,,5.285710334777832,,,,0.0,,,,,,,,,
13308000,3327,0.0,,3.2674059867858887,,,,0.0,,,,,,,,,
13312000,3328,0.0,,2.6003637313842773,,,,0.0,,,,,,,,,
13316000,3329,0.0,,2.2783288955688477,,,,0.0,,,,,,,,,
13320000,3330,0.125,,3.9316365718841553,,,,0.125,,,,,,,,,
13324000,3331,0.0,,5.09963321685791,,,,0.0,,,,,,,,,
13328000,3332,0.0,,1.9010294675827026,,,,0.0,,,,,,,,,
13332000,3333,0.125,,2.365041971206665,,,,0.125,,,,,,,,,
13336000,3334,0.0,,2.1610512733459473,,,,0.0,,,,,,,,,
13340000,3335,0.0,,2.0879790782928467,,,,0.0,,,,,,,,,
13344000,3336,0.125,,1.8958969116210938,,,,0.125,,,,,,,,,
13348000,3337,0.0,,0.6464897990226746,,,,0.0,,,,,,,,,
13352000,3338,0.125,,3.1676924228668213,,,,0.125,,,,,,,,,
13356000,3339,0.0,,1.0256179571151733,,,,0.0,,,,,,,,,
13360000,3340,0.25,,1.0418930053710938,,,,0.25,,,,,,,,,
13364000,3341,0.25,,2.40954852104187,,,,0.25,,,,,,,,,
13368000,3342,0.0,,3.723731517791748,,,,0.0,,,,,,,,,
13372000,3343,0.0,,1.707045078277588,,,,0.0,,,,,,,,,
13376000,3344,0.125,,3.6345176696777344,,,,0.125,,,,,,,,,
13380000,3345,0.0,,1.4409847259521484,,,,0.0,,,,,,,,,
13384000,3346,0.125,,5.817949295043945,,,,0.125,,,,,,,,,
13388000,3347,0.0,,3.7313694953918457,,,,0.0,,,,,,,,,
13392000,3348,0.0,,0.922170877456665,,,,0.0,,,,,,,,,
13396000,3349,0.25,,1.5113909244537354,,,,0.25,,,,,,,,,
13400000,3350,0.0,,4.731622695922852,,,,0.0,,,,,,,,,
13404000,3351,0.125,,4.057315349578857,,,,0.125,,,,,,,,,
13408000,3352,0.0,,4.034945964813232,,,,0.0,,,,,,,,,
13412000,3353,0.125,,2.3893258571624756,,,,0.125,,,,,,,,,
13416000,3354,0.0,,4.197253227233887,,,,0.0,,,,,,,,,
13420000,3355,0.0,,2.4557149410247803,,,,0.0,,,,,,,,,
13424000,3356,0.0,,6.104839324951172,,,,0.0,,,,,,,,,
13428000,3357,0.125,,3.365734100341797,,,,0.125,,,,,,,,,
13432000,3358,0.0,,3.456418037414551,,,,0.0,,,,,,,,,
13436000,3359,0.125,,3.3993167877197266,,,,0.125,,,,,,,,,
13440000,3360,0.0,,3.923247814178467,,,,0.0,,,,,,,,,
13444000,3361,0.0,,4.205066204071045,,,,0.0,,,,,,,,,
13448000,3362,0.125,,6.802347183227539,,,,0.125,,,,,,,,,
13452000,3363,0.0,,0.6472883224487305,,,,0.0,,,,,,,,,
13456000,3364,0.25,,3.4583542346954346,,,,0.25,,,,,,,,,
13460000,3365,0.125,,5.365228652954102,,,,0.125,,,,,,,,,
13464000,3366,0.0,,3.624662399291992,,,,0.0,,,,,,,,,
13468000,3367,0.0,,2.5867888927459717,,,,0.0,,,,,,,,,
13472000,3368,0.0,,2.0275769233703613,,,,0.0,,,,,,,,,
13476000,3369,0.0,,2.6461141109466553,,,,0.0,,,,,,,,,
13480000,3370,0.0,,8.3636474609375,,,,0.0,,,,,,,,,
13484000,3371,0.0,,4.8942766189575195,,,,0.0,,,,,,,,,
13488000,3372,0.0,,6.532979965209961,,,,0.0,,,,,,,,,
13492000,3373,0.0,,4.663292407989502,,,,0.0,,,,,,,,,
13496000,3374,0.0,,3.744136095046997,,,,0.0,,,,,,,,,
13500000,3375,0.125,,8.491024017333984,,,,0.125,,,,,,,,,
13504000,3376,0.0,,9.028995513916016,,,,0.0,,,,,,,,,
13508000,3377,0.25,,4.981050491333008,,,,0.25,,,,,,,,,
13512000,3378,0.0,,5.604780673980713,,,,0.0,,,,,,,,,
13516000,3379,0.125,,4.92431640625,,,,0.125,,,,,,,,,
13520000,3380,0.0,,3.3419108390808105,,,,0.0,,,,,,,,,
13524000,3381,0.0,,2.3028390407562256,,,,0.0,,,,,,,,,
13528000,3382,0.0,,1.7091448307037354,,,,0.0,,,,,,,,,
13532000,3383,0.0,,2.803769111633301,,,,0.0,,,,,,,,,
13536000,3384,0.0,,3.601794719696045,,,,0.0,,,,,,,,,
13540000,3385,0.125,,4.185516357421875,,,,0.125,,,,,,,,,
13544000,3386,0.0,,3.909358024597168,,,,0.0,,,,,,,,,
13548000,3387,0.0,,2.664011240005493,,,,0.0,,,,,,,,,
13552000,3388,0.125,,2.2275314331054688,,,,0.125,,,,,,,,,
13556000,3389,0.0,,1.913087248802185,,,,0.0,,,,,,,,,
13560000,3390,0.0,,2.88240909576416,,,,0.0,,,,,,,,,
13564000,3391,0.125,,1.8899059295654297,,,,0.125,,,,,,,,,
13568000,3392,0.0,,4.042928695678711,,,,0.0,,,,,,,,,
13572000,3393,0.0,,0.924006462097168,,,,0.0,,,,,,,,,
13576000,3394,0.0,,1.876347303390503,,,,0.0,,,,,,,,,
13580000,3395,0.0,,1.6705541610717773,,,,0.0,,,,,,,,,
13584000,3396,0.125,,5.681604385375977,,,,0.125,,,,,,,,,
13588000,3397,0.25,,4.003961086273193,,,,0.25,,,,,,,,,
13592000,3398,0.125,,4.4062180519104,,,,0.125,,,,,,,,,
13596000,3399,0.25,,2.2246153354644775,,,,0.25,,,,,,,,,
13600000,3400,0.0,,1.3842658996582031,,,,0.0,,,,,,,,,
13604000,3401,0.0,,7.3553290367126465,,,,0.0,,,,,,,,,
13608000,3402,0.125,,1.6566717624664307,,,,0.125,,,,,,,,,
13612000,3403,0.0,,2.343369245529175,,,,0.0,,,,,,,,,
13616000,3404,0.125,,3.1184937953948975,,,,0.125,,,,,,,,,
13620000,3405,0.25,,3.9067509174346924,,,,0.25,,,,,,,,,
13624000,3406,0.0,,2.431087017059326,,,,0.0,,,,,,,,,
13628000,3407,0.125,,5.121723175048828,,,,0.125,,,,,,,,,
13632000,3408,0.0,,2.4501030445098877,,,,0.0,,,,,,,,,
13636000,3409,0.0,,5.053757667541504,,,,0.0,,,,,,,,,
13640000,3410,0.125,,3.3935046195983887,,,,0.125,,,,,,,,,
13644000,3411,0.0,,5.8720703125,,,,0.0,,,,,,,,,
13648000,3412,0.125,,4.2426676750183105,,,,0.125,,,,,,,,,
13652000,3413,0.0,,1.6463693380355835,,,,0.0,,,,,,,,,
13656000,3414,0.125,,4.18257474899292,,,,0.125,,,,,,,,,
13660000,3415,0.0,,3.4125874042510986,,,,0.0,,,,,,,,,
13664000,3416,0.0,,2.7562460899353027,,,,0.0,,,,,,,,,
13668000,3417,0.0,,4.922247409820557,,,,0.0,,,,,,,,,
13672000,3418,0.375,,3.6722850799560547,,,,0.375,,,,,,,,,
13676000,3419,0.125,,3.4821553230285645,,,,0.125,,,,,,,,,
13680000,3420,0.125,,3.0890512466430664,,,,0.125,,,,,,,,,
13684000,3421,0.125,,3.949552059173584,,,,0.125,,,,,,,,,
13688000,3422,0.125,,3.1503047943115234,,,,0.125,,,,,,,,,
13692000,3423,0.0,,3.83968186378479,,,,0.0,,,,,,,,,
13696000,3424,0.125,,1.0459331274032593,,,,0.125,,,,,,,,,
13700000,3425,0.0,,3.0459399223327637,,,,0.0,,,,,,,,,
13704000,3426,0.125,,3.8536510467529297,,,,0.125,,,,,,,,,
13708000,3427,0.0,,2.3849546909332275,,,,0.0,,,,,,,,,
13712000,3428,0.0,,3.690415382385254,,,,0.0,,,,,,,,,
13716000,3429,0.125,,5.822338581085205,,,,0.125,,,,,,,,,
13720000,3430,0.375,,2.6763381958007812,,,,0.375,,,,,,,,,
13724000,3431,0.125,,4.144164085388184,,,,0.125,,,,,,,,,
13728000,3432,0.0,,3.6715149879455566,,,,0.0,,,,,,,,,
13732000,3433,0.0,,4.395660877227783,,,,0.0,,,,,,,,,
13736000,3434,0.125,,6.379271030426025,,,,0.125,,,,,,,,,
13740000,3435,0.0,,4.961678504943848,,,,0.0,,,,,,,,,
13744000,3436,0.0,,5.310463905334473,,,,0.0,,,,,,,,,
13748000,3437,0.0,,2.8760361671447754,,,,0.0,,,,,,,,,
13752000,3438,0.0,,3.3742170333862305,,,,0.0,,,,,,,,,
13756000,3439,0.0,,3.6764426231384277,,,,0.0,,,,,,,,,
13760000,3440,0.0,,5.2392120361328125,,,,0.0,,,,,,,,,
13764000,3441,0.125,,4.900176048278809,,,,0.125,,,,,,,,,
13768000,3442,0.0,,7.057036876678467,,,,0.0,,,,,,,,,
13772000,3443,0.25,,4.835731506347656,,,,0.25,,,,,,,,,
13776000,3444,0.125,,3.227494239807129,,,,0.125,,,,,,,,,
13780000,3445,0.0,,4.3185319900512695,,,,0.0,,,,,,,,,
13784000,3446,0.0,,3.237191677093506,,,,0.0,,,,,,,,,
13788000,3447,0.0,,2.71046781539917,,,,0.0,,,,,,,,,
13792000,3448,0.0,,1.036941647529602,,,,0.0,,,,,,,,,
13796000,3449,0.0,,1.9975831508636475,,,,0.0,,,,,,,,,
13800000,3450,0.25,,3.6011791229248047,,,,0.25,,,,,,,,,
13804000,3451,0.0,,6.098935127258301,,,,0.0,,,,,,,,,
13808000,3452,0.0,,4.999013423919678,,,,0.0,,,,,,,,,
13812000,3453,0.0,,1.7161544561386108,,,,0.0,,,,,,,,,
13816000,3454,0.0,,4.413181781768799,,,,0.0,,,,,,,,,
13820000,3455,0.0,,2.0814754962921143,,,,0.0,,,,,,,,,
13824000,3456,0.125,,3.8740320205688477,,,,0.125,,,,,,,,,
13828000,3457,0.25,,2.833941698074341,,,,0.25,,,,,,,,,
13832000,3458,0.25,,2.6911158561706543,,,,0.25,,,,,,,,,
13836000,3459,0.125,,2.987288236618042,,,,0.125,,,,,,,,,
13840000,3460,0.125,,4.536533832550049,,,,0.125,,,,,,,,,
13844000,3461,0.0,,6.150481224060059,,,,0.0,,,,,,,,,
13848000,3462,0.0,,3.2005887031555176,,,,0.0,,,,,,,,,
13852000,3463,0.0,,3.5920162200927734,,,,0.0,,,,,,,,,
13856000,3464,0.0,,5.269557476043701,,,,0.0,,,,,,,,,
13860000,3465,0.0,,1.7632105350494385,,,,0.0,,,,,,,,,
13864000,3466,0.0,,3.303715229034424,,,,0.0,,,,,,,,,
13868000,3467,0.125,,3.0479543209075928,,,,0.125,,,,,,,,,
13872000,3468,0.0,,4.892612457275391,,,,0.0,,,,,,,,,
13876000,3469,0.125,,4.766636371612549,,,,0.125,,,,,,,,,
13880000,3470,0.0,,2.995824098587036,,,,0.0,,,,,,,,,
13884000,3471,0.0,,5.696591854095459,,,,0.0,,,,,,,,,
13888000,3472,0.0,,4.131834983825684,,,,0.0,,,,,,,,,
13892000,3473,0.0,,3.019770622253418,,,,0.0,,,,,,,,,
13896000,3474,0.0,,2.738074779510498,,,,0.0,,,,,,,,,
13900000,3475,0.0,,3.9980902671813965,,,,0.0,,,,,,,,,
13904000,3476,0.125,,2.2141098976135254,,,,0.125,,,,,,,,,
13908000,3477,0.0,,2.6347997188568115,,,,0.0,,,,,,,,,
13912000,3478,0.0,,5.03077507019043,,,,0.0,,,,,,,,,
13916000,3479,0.125,,1.776082992553711,,,,0.125,,,,,,,,,
13920000,3480,0.0,,2.7657620906829834,,,,0.0,,,,,,,,,
13924000,3481,0.0,,3.2538418769836426,,,,0.0,,,,,,,,,
13928000,3482,0.125,,4.913697242736816,,,,0.125,,,,,,,,,
13932000,3483,0.0,,4.0473833084106445,,,,0.0,,,,,,,,,
13936000,3484,0.125,,2.318267822265625,,,,0.125,,,,,,,,,
13940000,3485,0.125,,2.244269847869873,,,,0.125,,,,,,,,,
13944000,3486,0.25,,3.5028982162475586,,,,0.25,,,,,,,,,
13948000,3487,0.125,,2.409463405609131,,,,0.125,,,,,,,,,
13952000,3488,0.0,,2.244471549987793,,,,0.0,,,,,,,,,
13956000,3489,0.0,,4.322416305541992,,,,0.0,,,,,,,,,
13960000,3490,0.0,,4.1518754959106445,,,,0.0,,,,,,,,,
13964000,3491,0.0,,2.5125365257263184,,,,0.0,,,,,,,,,
13968000,3492,0.0,,3.8198952674865723,,,,0.0,,,,,,,,,
13972000,3493,0.0,,5.5403032302856445,,,,0.0,,,,,,,,,
13976000,3494,0.0,,3.6837620735168457,,,,0.0,,,,,,,,,
13980000,3495,0.125,,2.9462852478027344,,,,0.125,,,,,,,,,
13984000,3496,0.125,,3.622419834136963,,,,0.125,,,,,,,,,
13988000,3497,0.0,,2.07545804977417,,,,0.0,,,,,,,,,
13992000,3498,0.0,,3.217176914215088,,,,0.0,,,,,,,,,
13996000,3499,0.0,,3.559856653213501,,,,0.0,,,,,,,,,
14000000,3500,0.0,,4.842388153076172,,,,0.0,,,,,,,,,
14004000,3501,0.125,,1.0071864128112793,,,,0.125,,,,,,,,,
14008000,3502,0.0,,3.6339926719665527,,,,0.0,,,,,,,,,
14012000,3503,0.125,,3.539119243621826,,,,0.125,,,,,,,,,
14016000,3504,0.125,,4.256776809692383,,,,0.125,,,,,,,,,
14020000,3505,0.125,,3.2433114051818848,,,,0.125,,,,,,,,,
14024000,3506,0.25,,3.851715087890625,,,,0.25,,,,,,,,,
14028000,3507,0.125,,3.7299587726593018,,,,0.125,,,,,,,,,
14032000,3508,0.0,,4.087514877319336,,,,0.0,,,,,,,,,
14036000,3509,0.0,,2.880983591079712,,,,0.0,,,,,,,,,
14040000,3510,0.0,,2.8117966651916504,,,,0.0,,,,,,,,,
14044000,3511,0.125,,3.045070171356201,,,,0.125,,,,,,,,,
14048000,3512,0.0,,7.698850154876709,,,,0.0,,,,,,,,,
14052000,3513,0.25,,3.5241875648498535,,,,0.25,,,,,,,,,
14056000,3514,0.375,,5.337216377258301,,,,0.375,,,,,,,,,
14060000,3515,0.125,,4.029758930206299,,,,0.125,,,,,,,,,
14064000,3516,0.0,,1.4058372974395752,,,,0.0,,,,,,,,,
14068000,3517,0.0,,3.4265716075897217,,,,0.0,,,,,,,,,
14072000,3518,0.0,,2.3731465339660645,,,,0.0,,,,,,,,,
14076000,3519,0.125,,3.888326644897461,,,,0.125,,,,,,,,,
14080000,3520,0.0,,2.7251999378204346,,,,0.0,,,,,,,,,
14084000,3521,0.25,,4.2124552726745605,,,,0.25,,,,,,,,,
14088000,3522,0.0,,3.7882518768310547,,,,0.0,,,,,,,,,
14092000,3523,0.125,,4.591704368591309,,,,0.125,,,,,,,,,
14096000,3524,0.125,,3.492631435394287,,,,0.125,,,,,,,,,
14100000,3525,0.0,,3.340334415435791,,,,0.0,,,,,,,,,
14104000,3526,0.0,,3.4093337059020996,,,,0.0,,,,,,,,,
14108000,3527,0.125,,4.574681282043457,,,,0.125,,,,,,,,,
14112000,3528,0.0,,5.203446388244629,,,,0.0,,,,,,,,,
14116000,3529,0.0,,4.193684101104736,,,,0.0,,,,,,,,,
14120000,3530,0.0,,3.2322640419006348,,,,0.0,,,,,,,,,
14124000,3531,0.0,,2.279843807220459,,,,0.0,,,,,,,,,
14128000,3532,0.0,,5.193038463592529,,,,0.0,,,,,,,,,
14132000,3533,0.0,,0.6224766969680786,,,,0.0,,,,,,,,,
14136000,3534,0.0,,1.9525656700134277,,,,0.0,,,,,,,,,
14140000,3535,0.0,,4.532101154327393,,,,0.0,,,,,,,,,
14144000,3536,0.0,,2.4195196628570557,,,,0.0,,,,,,,,,
14148000,3537,0.0,,3.1535096168518066,,,,0.0,,,,,,,,,
14152000,3538,0.0,,2.4579927921295166,,,,0.0,,,,,,,,,
14156000,3539,0.0,,5.045490264892578,,,,0.0,,,,,,,,,
14160000,3540,0.25,,5.4543561935424805,,,,0.25,,,,,,,,,
14164000,3541,0.125,,5.3072943687438965,,,,0.125,,,,,,,,,
14168000,3542,0.25,,4.423943519592285,,,,0.25,,,,,,,,,
14172000,3543,0.0,,2.307891845703125,,,,0.0,,,,,,,,,
14176000,3544,0.0,,3.3535637855529785,,,,0.0,,,,,,,,,
14180000,3545,0.25,,2.9455671310424805,,,,0.25,,,,,,,,,
14184000,3546,0.125,,4.166241645812988,,,,0.125,,,,,,,,,
14188000,3547,0.0,,5.434661865234375,,,,0.0,,,,,,,,,
14192000,3548,0.0,,2.4882209300994873,,,,0.0,,,,,,,,,
14196000,3549,0.0,,2.7074966430664062,,,,0.0,,,,,,,,,
14200000,3550,0.25,,2.4209506511688232,,,,0.25,,,,,,,,,
14204000,3551,0.25,,3.210261344909668,,,,0.25,,,,,,,,,
14208000,3552,0.0,,2.894693374633789,,,,0.0,,,,,,,,,
14212000,3553,0.125,,2.7164645195007324,,,,0.125,,,,,,,,,
14216000,3554,0.0,,3.3883612155914307,,,,0.0,,,,,,,,,
14220000,3555,0.0,,2.928436756134033,,,,0.0,,,,,,,,,
14224000,3556,0.25,,2.6555774211883545,,,,0.25,,,,,,,,,
14228000,3557,0.375,,3.539461374282837,,,,0.375,,,,,,,,,
14232000,3558,0.125,,5.409219741821289,,,,0.125,,,,,,,,,
14236000,3559,0.0,,4.815695285797119,,,,0.0,,,,,,,,,
14240000,3560,0.125,,3.3502159118652344,,,,0.125,,,,,,,,,
14244000,3561,0.0,,2.1440227031707764,,,,0.0,,,,,,,,,
14248000,3562,0.0,,2.7438364028930664,,,,0.0,,,,,,,,,
14252000,3563,0.0,,3.0277700424194336,,,,0.0,,,,,,,,,
14256000,3564,0.125,,0.5946473479270935,,,,0.125,,,,,,,,,
14260000,3565,0.0,,3.194809913635254,,,,0.0,,,,,,,,,
14264000,3566,0.125,,4.637106895446777,,,,0.125,,,,,,,,,
14268000,3567,0.0,,3.309356212615967,,,,0.0,,,,,,,,,
14272000,3568,0.125,,3.285651206970215,,,,0.125,,,,,,,,,
14276000,3569,0.25,,3.6985697746276855,,,,0.25,,,,,,,,,
14280000,3570,0.375,,3.915926218032837,,,,0.375,,,,,,,,,
14284000,3571,0.0,,3.139268398284912,,,,0.0,,,,,,,,,
14288000,3572,0.125,,1.9116415977478027,,,,0.125,,,,,,,,,
14292000,3573,0.0,,3.4715070724487305,,,,0.0,,,,,,,,,
14296000,3574,0.0,,4.042647838592529,,,,0.0,,,,,,,,,
14300000,3575,0.25,,2.861931562423706,,,,0.25,,,,,,,,,
14304000,3576,0.25,,3.0204358100891113,,,,0.25,,,,,,,,,
14308000,3577,0.0,,2.991669178009033,,,,0.0,,,,,,,,,
14312000,3578,0.25,,4.96555757522583,,,,0.25,,,,,,,,,
14316000,3579,0.25,,3.3562326431274414,,,,0.25,,,,,,,,,
14320000,3580,0.25,,2.753396511077881,,,,0.25,,,,,,,,,
14324000,3581,0.25,,3.104039192199707,,,,0.25,,,,,,,,,
14328000,3582,0.0,,2.938467264175415,,,,0.0,,,,,,,,,
14332000,3583,0.125,,3.7640838623046875,,,,0.125,,,,,,,,,
14336000,3584,0.0,,4.780258655548096,,,,0.0,,,,,,,,,
14340000,3585,0.5,,4.06660270690918,,,,0.5,,,,,,,,,
14344000,3586,0.5,,3.7352800369262695,,,,0.5,,,,,,,,,
14348000,3587,0.125,,5.29503059387207,,,,0.125,,,,,,,,,
14352000,3588,0.125,,3.7941808700561523,,,,0.125,,,,,,,,,
14356000,3589,0.0,,3.930654287338257,,,,0.0,,,,,,,,,
14360000,3590,0.0,,1.8055096864700317,,,,0.0,,,,,,,,,
14364000,3591,0.125,,2.8746156692504883,,,,0.125,,,,,,,,,
14368000,3592,0.0,,1.708536982536316,,,,0.0,,,,,,,,,
14372000,3593,0.0,,1.742742657661438,,,,0.0,,,,,,,,,
14376000,3594,0.125,,5.4409894943237305,,,,0.125,,,,,,,,,
14380000,3595,0.0,,5.203178405761719,,,,0.0,,,,,,,,,
14384000,3596,0.0,,6.190648555755615,,,,0.0,,,,,,,,,
14388000,3597,0.0,,3.511315107345581,,,,0.0,,,,,,,,,
14392000,3598,0.0,,2.964352607727051,,,,0.0,,,,,,,,,
14396000,3599,0.125,,5.665101051330566,,,,0.125,,,,,,,,,
14400000,3600,0.125,,3.028404712677002,,,,0.125,,,,,,,,,
14404000,3601,0.0,,3.1481399536132812,,,,0.0,,,,,,,,,
14408000,3602,0.125,,2.1410629749298096,,,,0.125,,,,,,,,,
14412000,3603,0.0,,4.094720363616943,,,,0.0,,,,,,,,,
14416000,3604,0.25,,3.098349094390869,,,,0.25,,,,,,,,,
14420000,3605,0.25,,4.053560733795166,,,,0.25,,,,,,,,,
14424000,3606,0.0,,4.421942710876465,,,,0.0,,,,,,,,,
14428000,3607,0.25,,5.16909122467041,,,,0.25,,,,,,,,,
14432000,3608,0.0,,7.088131904602051,,,,0.0,,,,,,,,,
14436000,3609,0.125,,5.006755352020264,,,,0.125,,,,,,,,,
14440000,3610,0.0,,3.991130828857422,,,,0.0,,,,,,,,,
14444000,3611,0.0,,3.7626492977142334,,,,0.0,,,,,,,,,
14448000,3612,0.0,,4.115250587463379,,,,0.0,,,,,,,,,
14452000,3613,0.0,,3.677703857421875,,,,0.0,,,,,,,,,
14456000,3614,0.0,,5.513239860534668,,,,0.0,,,,,,,,,
14460000,3615,0.25,,5.881665229797363,,,,0.25,,,,,,,,,
14464000,3616,0.0,,4.373642921447754,,,,0.0,,,,,,,,,
14468000,3617,0.0,,2.9379830360412598,,,,0.0,,,,,,,,,
14472000,3618,0.0,,4.759109973907471,,,,0.0,,,,,,,,,
14476000,3619,0.125,,4.4300665855407715,,,,0.125,,,,,,,,,
14480000,3620,0.125,,5.211302757263184,,,,0.125,,,,,,,,,
14484000,3621,0.0,,3.451181173324585,,,,0.0,,,,,,,,,
14488000,3622,0.25,,3.6253485679626465,,,,0.25,,,,,,,,,
14492000,3623,0.0,,4.1236958503723145,,,,0.0,,,,,,,,,
14496000,3624,0.125,,5.423035621643066,,,,0.125,,,,,,,,,
14500000,3625,0.125,,5.242215633392334,,,,0.125,,,,,,,,,
14504000,3626,0.0,,2.952103614807129,,,,0.0,,,,,,,,,
14508000,3627,0.0,,3.299774646759033,,,,0.0,,,,,,,,,
14512000,3628,0.0,,2.7498135566711426,,,,0.0,,,,,,,,,
14516000,3629,0.5,,3.931697368621826,,,,0.5,,,,,,,,,
14520000,3630,0.0,,3.348848819732666,,,,0.0,,,,,,,,,
14524000,3631,0.25,,2.6908631324768066,,,,0.25,,,,,,,,,
14528000,3632,0.0,,3.7593913078308105,,,,0.0,,,,,,,,,
14532000,3633,0.125,,4.189398765563965,,,,0.125,,,,,,,,,
14536000,3634,0.125,,8.400331497192383,,,,0.125,,,,,,,,,
14540000,3635,0.0,,3.553422212600708,,,,0.0,,,,,,,,,
14544000,3636,0.125,,5.827212333679199,,,,0.125,,,,,,,,,
14548000,3637,0.375,,3.869974136352539,,,,0.375,,,,,,,,,
14552000,3638,0.0,,3.6356184482574463,,,,0.0,,,,,,,,,
14556000,3639,0.0,,4.7942304611206055,,,,0.0,,,,,,,,,
14560000,3640,0.0,,4.702671051025391,,,,0.0,,,,,,,,,
14564000,3641,0.125,,5.355535507202148,,,,0.125,,,,,,,,,
14568000,3642,0.125,,2.2015490531921387,,,,0.125,,,,,,,,,
14572000,3643,0.0,,4.507418155670166,,,,0.0,,,,,,,,,
14576000,3644,0.25,,5.102352142333984,,,,0.25,,,,,,,,,
14580000,3645,0.125,,3.398383140563965,,,,0.125,,,,,,,,,
14584000,3646,0.125,,6.66237735748291,,,,0.125,,,,,,,,,
14588000,3647,0.25,,4.558125972747803,,,,0.25,,,,,,,,,
14592000,3648,0.125,,5.744111061096191,,,,0.125,,,,,,,,,
14596000,3649,0.375,,5.127022743225098,,,,0.375,,,,,,,,,
14600000,3650,0.0,,6.145040988922119,,,,0.0,,,,,,,,,
14604000,3651,0.25,,4.693583965301514,,,,0.25,,,,,,,,,
14608000,3652,0.25,,4.2217326164245605,,,,0.25,,,,,,,,,
14612000,3653,0.125,,3.9420037269592285,,,,0.125,,,,,,,,,
14616000,3654,0.0,,3.773606061935425,,,,0.0,,,,,,,,,
14620000,3655,0.0,,2.6755104064941406,,,,0.0,,,,,,,,,
14624000,3656,0.125,,3.887333393096924,,,,0.125,,,,,,,,,
14628000,3657,0.0,,3.9859962463378906,,,,0.0,,,,,,,,,
14632000,3658,0.125,,6.193206787109375,,,,0.125,,,,,,,,,
14636000,3659,0.0,,3.9906609058380127,,,,0.0,,,,,,,,,
14640000,3660,0.125,,4.50007438659668,,,,0.125,,,,,,,,,
14644000,3661,0.0,,6.041833877563477,,,,0.0,,,,,,,,,
14648000,3662,0.0,,6.0506181716918945,,,,0.0,,,,,,,,,
14652000,3663,0.0,,5.462071418762207,,,,0.0,,,,,,,,,
14656000,3664,0.25,,4.283611297607422,,,,0.25,,,,,,,,,
14660000,3665,0.0,,4.579485893249512,,,,0.0,,,,,,,,,
14664000,3666,0.0,,2.7817413806915283,,,,0.0,,,,,,,,,
14668000,3667,0.125,,3.317579984664917,,,,0.125,,,,,,,,,
14672000,3668,0.0,,4.568884372711182,,,,0.0,,,,,,,,,
14676000,3669,0.25,,3.8472747802734375,,,,0.25,,,,,,,,,
14680000,3670,0.0,,4.709516525268555,,,,0.0,,,,,,,,,
14684000,3671,0.0,,4.969516754150391,,,,0.0,,,,,,,,,
14688000,3672,0.125,,5.363363742828369,,,,0.125,,,,,,,,,
14692000,3673,0.0,,4.930642127990723,,,,0.0,,,,,,,,,
14696000,3674,0.125,,4.161534309387207,,,,0.125,,,,,,,,,
14700000,3675,0.25,,4.002279281616211,,,,0.25,,,,,,,,,
14704000,3676,0.125,,2.545358180999756,,,,0.125,,,,,,,,,
14708000,3677,0.0,,5.536435127258301,,,,0.0,,,,,,,,,
14712000,3678,0.0,,4.428644180297852,,,,0.0,,,,,,,,,
14716000,3679,0.125,,4.992849349975586,,,,0.125,,,,,,,,,
14720000,3680,0.0,,5.010897636413574,,,,0.0,,,,,,,,,
14724000,3681,0.125,,5.338111877441406,,,,0.125,,,,,,,,,
14728000,3682,0.125,,3.3732612133026123,,,,0.125,,,,,,,,,
14732000,3683,0.0,,3.0075578689575195,,,,0.0,,,,,,,,,
14736000,3684,0.0,,4.833186626434326,,,,0.0,,,,,,,,,
14740000,3685,0.125,,2.9992237091064453,,,,0.125,,,,,,,,,
14744000,3686,0.0,,6.293027400970459,,,,0.0,,,,,,,,,
14748000,3687,0.25,,2.929208278656006,,,,0.25,,,,,,,,,
14752000,3688,0.0,,5.426701545715332,,,,0.0,,,,,,,,,
14756000,3689,0.375,,7.448123455047607,,,,0.375,,,,,,,,,
14760000,3690,0.0,,5.358711242675781,,,,0.0,,,,,,,,,
14764000,3691,0.125,,4.975093841552734,,,,0.125,,,,,,,,,
14768000,3692,0.0,,4.770874500274658,,,,0.0,,,,,,,,,
14772000,3693,0.375,,5.930634021759033,,,,0.375,,,,,,,,,
14776000,3694,0.0,,4.073209762573242,,,,0.0,,,,,,,,,
14780000,3695,0.0,,1.0239837169647217,,,,0.0,,,,,,,,,
14784000,3696,0.0,,2.448685646057129,,,,0.0,,,,,,,,,
14788000,3697,0.0,,4.544916152954102,,,,0.0,,,,,,,,,
14792000,3698,0.0,,3.548924446105957,,,,0.0,,,,,,,,,
14796000,3699,0.0,,3.9867618083953857,,,,0.0,,,,,,,,,
14800000,3700,0.25,,3.645469903945923,,,,0.25,,,,,,,,,
14804000,3701,0.0,,5.68780517578125,,,,0.0,,,,,,,,,
14808000,3702,0.125,,4.074461936950684,,,,0.125,,,,,,,,,
14812000,3703,0.0,,2.8946423530578613,,,,0.0,,,,,,,,,
14816000,3704,0.125,,3.438110828399658,,,,0.125,,,,,,,,,
14820000,3705,0.125,,2.8056435585021973,,,,0.125,,,,,,,,,
14824000,3706,0.0,,5.843151569366455,,,,0.0,,,,,,,,,
14828000,3707,0.125,,5.509252548217773,,,,0.125,,,,,,,,,
14832000,3708,0.125,,2.583892345428467,,,,0.125,,,,,,,,,
14836000,3709,0.0,,5.044675827026367,,,,0.0,,,,,,,,,
14840000,3710,0.375,,5.34025239944458,,,,0.375,,,,,,,,,
14844000,3711,0.125,,4.912039756774902,,,,0.125,,,,,,,,,
14848000,3712,0.0,,2.9299628734588623,,,,0.0,,,,,,,,,
14852000,3713,0.0,,3.7702574729919434,,,,0.0,,,,,,,,,
14856000,3714,0.125,,3.114804267883301,,,,0.125,,,,,,,,,
14860000,3715,0.0,,4.283083438873291,,,,0.0,,,,,,,,,
14864000,3716,0.0,,3.1717586517333984,,,,0.0,,,,,,,,,
14868000,3717,0.125,,3.0589218139648438,,,,0.125,,,,,,,,,
14872000,3718,0.25,,1.3429245948791504,,,,0.25,,,,,,,,,
14876000,3719,0.125,,3.8128132820129395,,,,0.125,,,,,,,,,
14880000,3720,0.125,,3.6276462078094482,,,,0.125,,,,,,,,,
14884000,3721,0.0,,2.317564010620117,,,,0.0,,,,,,,,,
14888000,3722,0.125,,3.589052677154541,,,,0.125,,,,,,,,,
14892000,3723,0.375,,4.621786117553711,,,,0.375,,,,,,,,,
14896000,3724,0.0,,4.709254264831543,,,,0.0,,,,,,,,,
14900000,3725,0.125,,3.2214088439941406,,,,0.125,,,,,,,,,
14904000,3726,0.0,,3.740516424179077,,,,0.0,,,,,,,,,
14908000,3727,0.125,,3.6413462162017822,,,,0.125,,,,,,,,,
14912000,3728,0.0,,3.027824878692627,,,,0.0,,,,,,,,,
14916000,3729,0.375,,3.8875539302825928,,,,0.375,,,,,,,,,
14920000,3730,0.375,,4.787419319152832,,,,0.375,,,,,,,,,
14924000,3731,0.125,,4.653877258300781,,,,0.125,,,,,,,,,
14928000,3732,0.125,,3.2350034713745117,,,,0.125,,,,,,,,,
14932000,3733,0.0,,3.470846176147461,,,,0.0,,,,,,,,,
14936000,3734,0.375,,4.880398750305176,,,,0.375,,,,,,,,,
14940000,3735,0.125,,4.545479774475098,,,,0.125,,,,,,,,,
14944000,3736,0.125,,4.565213203430176,,,,0.125,,,,,,,,,
14948000,3737,0.25,,5.307873725891113,,,,0.25,,,,,,,,,
14952000,3738,0.0,,4.584665298461914,,,,0.0,,,,,,,,,
14956000,3739,0.25,,3.9375758171081543,,,,0.25,,,,,,,,,
14960000,3740,0.0,,1.3283414840698242,,,,0.0,,,,,,,,,
14964000,3741,0.25,,4.541587829589844,,,,0.25,,,,,,,,,
14968000,3742,0.375,,3.981492519378662,,,,0.375,,,,,,,,,
14972000,3743,0.125,,3.1443960666656494,,,,0.125,,,,,,,,,
14976000,3744,0.25,,3.403472423553467,,,,0.25,,,,,,,,,
14980000,3745,0.125,,3.426875114440918,,,,0.125,,,,,,,,,
14984000,3746,0.125,,3.1295182704925537,,,,0.125,,,,,,,,,
14988000,3747,0.125,,5.921476364135742,,,,0.125,,,,,,,,,
14992000,3748,0.25,,5.926557540893555,,,,0.25,,,,,,,,,
14996000,3749,0.0,,3.076988458633423,,,,0.0,,,,,,,,,
15000000,3750,0.125,,3.675687789916992,,,,0.125,,,,,,,,,
15004000,3751,0.0,,3.107038974761963,,,,0.0,,,,,,,,,
15008000,3752,0.0,,5.026769638061523,,,,0.0,,,,,,,,,
15012000,3753,0.0,,1.4439314603805542,,,,0.0,,,,,,,,,
15016000,3754,0.0,,3.735161781311035,,,,0.0,,,,,,,,,
15020000,3755,0.0,,5.900712013244629,,,,0.0,,,,,,,,,
15024000,3756,0.0,,3.7381036281585693,,,,0.0,,,,,,,,,
15028000,3757,0.0,,4.718502044677734,,,,0.0,,,,,,,,,
15032000,3758,0.25,,5.466471195220947,,,,0.25,,,,,,,,,
15036000,3759,0.0,,2.1565210819244385,,,,0.0,,,,,,,,,
15040000,3760,0.0,,3.1263327598571777,,,,0.0,,,,,,,,,
15044000,3761,0.125,,5.871057987213135,,,,0.125,,,,,,,,,
15048000,3762,0.125,,3.883474349975586,,,,0.125,,,,,,,,,
15052000,3763,0.125,,4.683610916137695,,,,0.125,,,,,,,,,
15056000,3764,0.25,,1.9993382692337036,,,,0.25,,,,,,,,,
15060000,3765,0.625,,3.2147061824798584,,,,0.625,,,,,,,,,
15064000,3766,0.5,,5.661555767059326,,,,0.5,,,,,,,,,
15068000,3767,0.375,,4.558431625366211,,,,0.375,,,,,,,,,
15072000,3768,0.125,,6.380099296569824,,,,0.125,,,,,,,,,
15076000,3769,0.0,,2.5355348587036133,,,,0.0,,,,,,,,,
15080000,3770,0.125,,6.150820255279541,,,,0.125,,,,,,,,,
15084000,3771,0.125,,4.937473297119141,,,,0.125,,,,,,,,,
15088000,3772,0.25,,5.754593372344971,,,,0.25,,,,,,,,,
15092000,3773,0.125,,5.068487167358398,,,,0.125,,,,,,,,,
15096000,3774,0.125,,2.630329132080078,,,,0.125,,,,,,,,,
15100000,3775,0.25,,4.1245903968811035,,,,0.25,,,,,,,,,
15104000,3776,0.125,,5.3582658767700195,,,,0.125,,,,,,,,,
15108000,3777,0.125,,3.572248935699463,,,,0.125,,,,,,,,,
15112000,3778,0.125,,4.953888893127441,,,,0.125,,,,,,,,,
15116000,3779,0.125,,5.591659069061279,,,,0.125,,,,,,,,,
15120000,3780,0.125,,4.325815200805664,,,,0.125,,,,,,,,,
15124000,3781,0.375,,6.657643795013428,,,,0.375,,,,,,,,,
15128000,3782,0.0,,5.840776443481445,,,,0.0,,,,,,,,,
15132000,3783,0.125,,3.7089948654174805,,,,0.125,,,,,,,,,
15136000,3784,0.25,,4.423213958740234,,,,0.25,,,,,,,,,
15140000,3785,0.0,,5.359437942504883,,,,0.0,,,,,,,,,
15144000,3786,0.125,,3.9437203407287598,,,,0.125,,,,,,,,,
15148000,3787,0.25,,6.999337196350098,,,,0.25,,,,,,,,,
15152000,3788,0.25,,3.962337017059326,,,,0.25,,,,,,,,,
15156000,3789,0.125,,2.9998364448547363,,,,0.125,,,,,,,,,
15160000,3790,0.25,,4.769256591796875,,,,0.25,,,,,,,,,
15164000,3791,0.125,,4.863698482513428,,,,0.125,,,,,,,,,
15168000,3792,0.25,,6.145979881286621,,,,0.25,,,,,,,,,
15172000,3793,0.25,,5.759293556213379,,,,0.25,,,,,,,,,
15176000,3794,0.125,,4.714213848114014,,,,0.125,,,,,,,,,
15180000,3795,0.125,,3.7669215202331543,,,,0.125,,,,,,,,,
15184000,3796,0.25,,4.8695173263549805,,,,0.25,,,,,,,,,
15188000,3797,0.125,,5.154695510864258,,,,0.125,,,,,,,,,
15192000,3798,0.25,,4.185274124145508,,,,0.25,,,,,,,,,
15196000,3799,0.125,,5.544120788574219,,,,0.125,,,,,,,,,
15200000,3800,0.125,,5.652932643890381,,,,0.125,,,,,,,,,
15204000,3801,0.0,,4.955712795257568,,,,0.0,,,,,,,,,
15208000,3802,0.125,,5.6466875076293945,,,,0.125,,,,,,,,,
15212000,3803,0.0,,4.984749794006348,,,,0.0,,,,,,,,,
15216000,3804,0.375,,2.6514639854431152,,,,0.375,,,,,,,,,
15220000,3805,0.375,,6.003912448883057,,,,0.375,,,,,,,,,
15224000,3806,0.125,,4.775033950805664,,,,0.125,,,,,,,,,
15228000,3807,0.5,,5.8059844970703125,,,,0.5,,,,,,,,,
15232000,3808,0.125,,5.393322467803955,,,,0.125,,,,,,,,,
15236000,3809,0.125,,7.925702095031738,,,,0.125,,,,,,,,,
15240000,3810,0.0,,5.634706497192383,,,,0.0,,,,,,,,,
15244000,3811,0.375,,3.9348247051239014,,,,0.375,,,,,,,,,
15248000,3812,0.0,,4.5575714111328125,,,,0.0,,,,,,,,,
15252000,3813,0.125,,4.187087535858154,,,,0.125,,,,,,,,,
15256000,3814,0.25,,4.771408557891846,,,,0.25,,,,,,,,,
15260000,3815,0.25,,3.7708020210266113,,,,0.25,,,,,,,,,
15264000,3816,0.125,,4.048829555511475,,,,0.125,,,,,,,,,
15268000,3817,0.125,,4.122291564941406,,,,0.125,,,,,,,,,
15272000,3818,0.125,,4.598672866821289,,,,0.125,,,,,,,,,
15276000,3819,0.125,,5.35926628112793,,,,0.125,,,,,,,,,
15280000,3820,0.125,,5.423448085784912,,,,0.125,,,,,,,,,
15284000,3821,0.0,,3.4268646240234375,,,,0.0,,,,,,,,,
15288000,3822,0.25,,6.259976387023926,,,,0.25,,,,,,,,,
15292000,3823,0.0,,6.230709552764893,,,,0.0,,,,,,,,,
15296000,3824,0.25,,5.257204055786133,,,,0.25,,,,,,,,,
15300000,3825,0.0,,6.455245018005371,,,,0.0,,,,,,,,,
15304000,3826,0.0,,4.685577392578125,,,,0.0,,,,,,,,,
15308000,3827,0.0,,4.837005138397217,,,,0.0,,,,,,,,,
15312000,3828,0.625,,4.879365921020508,,,,0.625,,,,,,,,,
15316000,3829,0.125,,6.833770751953125,,,,0.125,,,,,,,,,
15320000,3830,0.125,,3.423616886138916,,,,0.125,,,,,,,,,
15324000,3831,0.0,,5.201231002807617,,,,0.0,,,,,,,,,
15328000,3832,0.0,,3.3217642307281494,,,,0.0,,,,,,,,,
15332000,3833,0.25,,5.380180358886719,,,,0.25,,,,,,,,,
15336000,3834,0.125,,3.959749221801758,,,,0.125,,,,,,,,,
15340000,3835,0.125,,4.003731727600098,,,,0.125,,,,,,,,,
15344000,3836,0.0,,4.7020416259765625,,,,0.0,,,,,,,,,
15348000,3837,0.125,,3.1214239597320557,,,,0.125,,,,,,,,,
15352000,3838,0.0,,4.688052654266357,,,,0.0,,,,,,,,,
15356000,3839,0.125,,3.1379013061523438,,,,0.125,,,,,,,,,
15360000,3840,0.25,,5.141600608825684,,,,0.25,,,,,,,,,
15364000,3841,0.25,,6.406301498413086,,,,0.25,,,,,,,,,
15368000,3842,0.25,,4.989057540893555,,,,0.25,,,,,,,,,
15372000,3843,0.125,,5.803466796875,,,,0.125,,,,,,,,,
15376000,3844,0.375,,3.817061185836792,,,,0.375,,,,,,,,,
15380000,3845,0.0,,4.605612754821777,,,,0.0,,,,,,,,,
15384000,3846,0.125,,5.440549373626709,,,,0.125,,,,,,,,,
15388000,3847,0.25,,4.167838096618652,,,,0.25,,,,,,,,,
15392000,3848,0.25,,7.0548481941223145,,,,0.25,,,,,,,,,
15396000,3849,0.25,,5.218456268310547,,,,0.25,,,,,,,,,
15400000,3850,0.125,,4.412500381469727,,,,0.125,,,,,,,,,
15404000,3851,0.125,,5.969051361083984,,,,0.125,,,,,,,,,
15408000,3852,0.125,,4.6561503410339355,,,,0.125,,,,,,,,,
15412000,3853,0.125,,6.385218620300293,,,,0.125,,,,,,,,,
15416000,3854,0.375,,5.6667799949646,,,,0.375,,,,,,,,,
15420000,3855,0.5,,4.4450273513793945,,,,0.5,,,,,,,,,
15424000,3856,0.125,,4.620965003967285,,,,0.125,,,,,,,,,
15428000,3857,0.375,,7.176772594451904,,,,0.375,,,,,,,,,
15432000,3858,0.125,,4.5405120849609375,,,,0.125,,,,,,,,,
15436000,3859,0.125,,5.336123466491699,,,,0.125,,,,,,,,,
15440000,3860,0.375,,6.922031402587891,,,,0.375,,,,,,,,,
15444000,3861,0.375,,4.069613456726074,,,,0.375,,,,,,,,,
15448000,3862,0.125,,5.1028337478637695,,,,0.125,,,,,,,,,
15452000,3863,0.25,,5.32248592376709,,,,0.25,,,,,,,,,
15456000,3864,0.125,,5.57282829284668,,,,0.125,,,,,,,,,
15460000,3865,0.125,,5.952932357788086,,,,0.125,,,,,,,,,
15464000,3866,0.625,,5.181507110595703,,,,0.625,,,,,,,,,
15468000,3867,0.375,,5.557491302490234,,,,0.375,,,,,,,,,
15472000,3868,0.25,,5.968047142028809,,,,0.25,,,,,,,,,
15476000,3869,0.25,,6.535122871398926,,,,0.25,,,,,,,,,
15480000,3870,0.25,,5.096335411071777,,,,0.25,,,,,,,,,
15484000,3871,0.375,,6.4989118576049805,,,,0.375,,,,,,,,,
15488000,3872,0.0,,5.4984588623046875,,,,0.0,,,,,,,,,
15492000,3873,0.0,,5.6355156898498535,,,,0.0,,,,,,,,,
15496000,3874,0.125,,6.7786030769348145,,,,0.125,,,,,,,,,
15500000,3875,0.125,,5.101063251495361,,,,0.125,,,,,,,,,
15504000,3876,0.0,,6.387742042541504,,,,0.0,,,,,,,,,
15508000,3877,0.0,,6.6912150382995605,,,,0.0,,,,,,,,,
15512000,3878,0.5,,7.495709419250488,,,,0.5,,,,,,,,,
15516000,3879,0.25,,8.43282699584961,,,,0.25,,,,,,,,,
15520000,3880,0.125,,4.556064128875732,,,,0.125,,,,,,,,,
15524000,3881,0.25,,6.394125938415527,,,,0.25,,,,,,,,,
15528000,3882,0.0,,4.471086502075195,,,,0.0,,,,,,,,,
15532000,3883,0.0,,7.174846649169922,,,,0.0,,,,,,,,,
15536000,3884,0.25,,5.783064842224121,,,,0.25,,,,,,,,,
15540000,3885,0.125,,7.256731033325195,,,,0.125,,,,,,,,,
15544000,3886,0.25,,5.532138824462891,,,,0.25,,,,,,,,,
15548000,3887,0.25,,5.604100227355957,,,,0.25,,,,,,,,,
15552000,3888,0.0,,5.7882184982299805,,,,0.0,,,,,,,,,
15556000,3889,0.125,,4.9216389656066895,,,,0.125,,,,,,,,,
15560000,3890,0.125,,6.730912685394287,,,,0.125,,,,,,,,,
15564000,3891,0.5,,6.934168338775635,,,,0.5,,,,,,,,,
15568000,3892,0.0,,5.733410835266113,,,,0.0,,,,,,,,,
15572000,3893,0.625,,7.74741792678833,,,,0.625,,,,,,,,,
15576000,3894,0.875,,5.064394950866699,,,,0.875,,,,,,,,,
15580000,3895,0.125,,5.602511405944824,,,,0.125,,,,,,,,,
15584000,3896,0.125,,4.528626918792725,,,,0.125,,,,,,,,,
15588000,3897,0.125,,4.430417060852051,,,,0.125,,,,,,,,,
15592000,3898,0.0,,5.720586776733398,,,,0.0,,,,,,,,,
15596000,3899,0.375,,3.6036739349365234,,,,0.375,,,,,,,,,
15600000,3900,0.25,,5.634897708892822,,,,0.25,,,,,,,,,
15604000,3901,0.25,,5.487940311431885,,,,0.25,,,,,,,,,
15608000,3902,0.125,,7.744534492492676,,,,0.125,,,,,,,,,
15612000,3903,0.125,,5.663995742797852,,,,0.125,,,,,,,,,
15616000,3904,0.375,,7.277803897857666,,,,0.375,,,,,,,,,
15620000,3905,0.25,,6.286468982696533,,,,0.25,,,,,,,,,
15624000,3906,0.25,,6.812471389770508,,,,0.25,,,,,,,,,
15628000,3907,0.125,,5.544032096862793,,,,0.125,,,,,,,,,
15632000,3908,0.0,,5.615171432495117,,,,0.0,,,,,,,,,
15636000,3909,0.5,,8.07571792602539,,,,0.5,,,,,,,,,
15640000,3910,0.0,,5.565555572509766,,,,0.0,,,,,,,,,
15644000,3911,0.25,,5.618129253387451,,,,0.25,,,,,,,,,
15648000,3912,0.25,,5.262657165527344,,,,0.25,,,,,,,,,
15652000,3913,0.625,,6.731938362121582,,,,0.625,,,,,,,,,
15656000,3914,0.125,,5.575990676879883,,,,0.125,,,,,,,,,
15660000,3915,0.0,,7.273377418518066,,,,0.0,,,,,,,,,
15664000,3916,0.125,,4.4105682373046875,,,,0.125,,,,,,,,,
15668000,3917,0.25,,6.529308795928955,,,,0.25,,,,,,,,,
15672000,3918,0.125,,6.157199859619141,,,,0.125,,,,,,,,,
15676000,3919,0.125,,5.528515815734863,,,,0.125,,,,,,,,,
15680000,3920,0.25,,8.485763549804688,,,,0.25,,,,,,,,,
15684000,3921,0.0,,8.09863567352295,,,,0.0,,,,,,,,,
15688000,3922,0.25,,6.866366386413574,,,,0.25,,,,,,,,,
15692000,3923,0.125,,6.5691304206848145,,,,0.125,,,,,,,,,
15696000,3924,0.125,,6.930490493774414,,,,0.125,,,,,,,,,
15700000,3925,0.125,,6.589751720428467,,,,0.125,,,,,,,,,
15704000,3926,0.5,,5.769721031188965,,,,0.5,,,,,,,,,
15708000,3927,0.125,,6.67989444732666,,,,0.125,,,,,,,,,
15712000,3928,0.125,,4.772276878356934,,,,0.125,,,,,,,,,
15716000,3929,0.375,,6.616058349609375,,,,0.375,,,,,,,,,
15720000,3930,0.25,,8.328977584838867,,,,0.25,,,,,,,,,
15724000,3931,0.75,,7.2883148193359375,,,,0.75,,,,,,,,,
15728000,3932,0.375,,6.021365165710449,,,,0.375,,,,,,,,,
15732000,3933,0.25,,4.796228885650635,,,,0.25,,,,,,,,,
15736000,3934,0.75,,7.391944885253906,,,,0.75,,,,,,,,,
15740000,3935,0.375,,4.600761413574219,,,,0.375,,,,,,,,,
15744000,3936,0.125,,6.214756011962891,,,,0.125,,,,,,,,,
15748000,3937,0.25,,6.5529327392578125,,,,0.25,,,,,,,,,
15752000,3938,0.5,,6.427973747253418,,,,0.5,,,,,,,,,
15756000,3939,0.75,,5.970145225524902,,,,0.75,,,,,,,,,
15760000,3940,0.625,,6.680844306945801,,,,0.625,,,,,,,,,
15764000,3941,0.375,,6.732491493225098,,,,0.375,,,,,,,,,
15768000,3942,0.0,,6.235273838043213,,,,0.0,,,,,,,,,
15772000,3943,0.25,,5.752948760986328,,,,0.25,,,,,,,,,
15776000,3944,0.125,,8.208158493041992,,,,0.125,,,,,,,,,
15780000,3945,0.0,,5.382338523864746,,,,0.0,,,,,,,,,
15784000,3946,0.375,,8.020532608032227,,,,0.375,,,,,,,,,
15788000,3947,0.875,,7.768451690673828,,,,0.875,,,,,,,,,
15792000,3948,0.25,,8.019806861877441,,,,0.25,,,,,,,,,
15796000,3949,0.625,,5.864789962768555,,,,0.625,,,,,,,,,
15800000,3950,0.125,,6.796969413757324,,,,0.125,,,,,,,,,
15804000,3951,0.125,,6.612899303436279,,,,0.125,,,,,,,,,
15808000,3952,0.5,,9.370355606079102,,,,0.5,,,,,,,,,
15812000,3953,0.625,,6.296630859375,,,,0.625,,,,,,,,,
15816000,3954,0.125,,6.871237754821777,,,,0.125,,,,,,,,,
15820000,3955,0.5,,8.787497520446777,,,,0.5,,,,,,,,,
15824000,3956,0.25,,8.06843376159668,,,,0.25,,,,,,,,,
15828000,3957,0.375,,7.017096519470215,,,,0.375,,,,,,,,,
15832000,3958,0.375,,6.062779426574707,,,,0.375,,,,,,,,,
15836000,3959,0.25,,8.394796371459961,,,,0.25,,,,,,,,,
15840000,3960,0.0,,7.573110103607178,,,,0.0,,,,,,,,,
15844000,3961,0.125,,5.688347816467285,,,,0.125,,,,,,,,,
15848000,3962,0.125,,9.72092056274414,,,,0.125,,,,,,,,,
15852000,3963,0.375,,6.38948917388916,,,,0.375,,,,,,,,,
15856000,3964,0.0,,6.700557708740234,,,,0.0,,,,,,,,,
15860000,3965,0.25,,6.689695358276367,,,,0.25,,,,,,,,,
15864000,3966,0.25,,5.700550079345703,,,,0.25,,,,,,,,,
15868000,3967,0.25,,10.727846145629883,,,,0.25,,,,,,,,,
15872000,3968,0.0,,9.524869918823242,,,,0.0,,,,,,,,,
15876000,3969,0.625,,7.576634407043457,,,,0.625,,,,,,,,,
15880000,3970,0.25,,8.185876846313477,,,,0.25,,,,,,,,,
15884000,3971,0.125,,6.8829779624938965,,,,0.125,,,,,,,,,
15888000,3972,0.125,,8.060335159301758,,,,0.125,,,,,,,,,
15892000,3973,0.25,,5.078413963317871,,,,0.25,,,,,,,,,
15896000,3974,0.25,,8.453683853149414,,,,0.25,,,,,,,,,
15900000,3975,0.375,,7.028631687164307,,,,0.375,,,,,,,,,
15904000,3976,0.625,,7.4588189125061035,,,,0.625,,,,,,,,,
15908000,3977,0.375,,6.487493991851807,,,,0.375,,,,,,,,,
15912000,3978,0.25,,6.802380561828613,,,,0.25,,,,,,,,,
15916000,3979,0.375,,7.392017841339111,,,,0.375,,,,,,,,,
15920000,3980,0.5,,6.350174427032471,,,,0.5,,,,,,,,,
15924000,3981,0.5,,8.610688209533691,,,,0.5,,,,,,,,,
15928000,3982,0.125,,7.70065450668335,,,,0.125,,,,,,,,,
15932000,3983,0.25,,8.26937484741211,,,,0.25,,,,,,,,,
15936000,3984,0.625,,8.191150665283203,,,,0.625,,,,,,,,,
15940000,3985,0.375,,7.099189758300781,,,,0.375,,,,,,,,,
15944000,3986,0.625,,7.147213935852051,,,,0.625,,,,,,,,,
15948000,3987,0.875,,10.09477710723877,,,,0.875,,,,,,,,,
15952000,3988,0.25,,6.462645053863525,,,,0.25,,,,,,,,,
15956000,3989,0.375,,9.535858154296875,,,,0.375,,,,,,,,,
15960000,3990,0.125,,7.51780366897583,,,,0.125,,,,,,,,,
15964000,3991,0.25,,8.242523193359375,,,,0.25,,,,,,,,,
15968000,3992,0.5,,5.725299835205078,,,,0.5,,,,,,,,,
15972000,3993,0.5,,7.712980270385742,,,,0.5,,,,,,,,,
15976000,3994,0.25,,6.714763641357422,,,,0.25,,,,,,,,,
15980000,3995,0.125,,9.775069236755371,,,,0.125,,,,,,,,,
15984000,3996,0.5,,8.099686622619629,,,,0.5,,,,,,,,,
15988000,3997,0.25,,7.154933452606201,,,,0.25,,,,,,,,,
15992000,3998,0.625,,9.296436309814453,,,,0.625,,,,,,,,,
15996000,3999,0.25,,6.906648635864258,,,,0.25,,,,,,,,,
16000000,4000,0.5,,7.286426067352295,,,,0.5,,,,,,,,,
16004000,4001,0.125,,8.97800064086914,,,,0.125,,,,,,,,,
16008000,4002,0.375,,8.08870792388916,,,,0.375,,,,,,,,,
16012000,4003,0.25,,7.696003437042236,,,,0.25,,,,,,,,,
16016000,4004,0.375,,7.071483612060547,,,,0.375,,,,,,,,,
16020000,4005,0.5,,9.316034317016602,,,,0.5,,,,,,,,,
16024000,4006,0.375,,6.546514511108398,,,,0.375,,,,,,,,,
16028000,4007,0.125,,7.335086822509766,,,,0.125,,,,,,,,,
16032000,4008,0.5,,6.678552627563477,,,,0.5,,,,,,,,,
16036000,4009,0.5,,10.291309356689453,,,,0.5,,,,,,,,,
16040000,4010,0.625,,7.844508647918701,,,,0.625,,,,,,,,,
16044000,4011,0.5,,7.413805961608887,,,,0.5,,,,,,,,,
16048000,4012,0.25,,8.633123397827148,,,,0.25,,,,,,,,,
16052000,4013,0.125,,8.586109161376953,,,,0.125,,,,,,,,,
16056000,4014,0.125,,7.421582221984863,,,,0.125,,,,,,,,,
16060000,4015,0.125,,7.208626747131348,,,,0.125,,,,,,,,,
16064000,4016,0.5,,8.491019248962402,,,,0.5,,,,,,,,,
16068000,4017,0.5,,9.02824878692627,,,,0.5,,,,,,,,,
16072000,4018,0.5,,9.004249572753906,,,,0.5,,,,,,,,,
16076000,4019,0.75,,6.6650190353393555,,,,0.75,,,,,,,,,
16080000,4020,0.375,,10.406051635742188,,,,0.375,,,,,,,,,
16084000,4021,0.625,,6.7457122802734375,,,,0.625,,,,,,,,,
16088000,4022,0.5,,10.021269798278809,,,,0.5,,,,,,,,,
16092000,4023,0.5,,7.665542125701904,,,,0.5,,,,,,,,,
16096000,4024,0.375,,5.815314292907715,,,,0.375,,,,,,,,,
16100000,4025,0.25,,7.739446640014648,,,,0.25,,,,,,,,,
16104000,4026,0.625,,8.726776123046875,,,,0.625,,,,,,,,,
16108000,4027,0.375,,9.586825370788574,,,,0.375,,,,,,,,,
16112000,4028,0.375,,7.535447120666504,,,,0.375,,,,,,,,,
16116000,4029,0.625,,8.836474418640137,,,,0.625,,,,,,,,,
16120000,4030,1.0,,7.416645050048828,,,,1.0,,,,,,,,,
16124000,4031,0.625,,7.129998683929443,,,,0.625,,,,,,,,,
16128000,4032,0.375,,8.1570463180542,,,,0.375,,,,,,,,,
16132000,4033,0.25,,7.106819152832031,,,,0.25,,,,,,,,,
16136000,4034,0.5,,10.766819953918457,,,,0.5,,,,,,,,,
16140000,4035,0.125,,8.728940963745117,,,,0.125,,,,,,,,,
16144000,4036,0.125,,11.699531555175781,,,,0.125,,,,,,,,,
16148000,4037,0.25,,9.455759048461914,,,,0.25,,,,,,,,,
16152000,4038,0.625,,9.12109375,,,,0.625,,,,,,,,,
16156000,4039,0.125,,10.184000015258789,,,,0.125,,,,,,,,,
16160000,4040,0.125,,9.003658294677734,,,,0.125,,,,,,,,,
16164000,4041,0.5,,8.456011772155762,,,,0.5,,,,,,,,,
16168000,4042,0.5,,7.219139099121094,,,,0.5,,,,,,,,,
16172000,4043,0.5,,9.294036865234375,,,,0.5,,,,,,,,,
16176000,4044,0.375,,6.63371467590332,,,,0.375,,,,,,,,,
16180000,4045,0.375,,7.602167129516602,,,,0.375,,,,,,,,,
16184000,4046,0.0,,8.681777954101562,,,,0.0,,,,,,,,,
16188000,4047,0.25,,8.535014152526855,,,,0.25,,,,,,,,,
16192000,4048,0.25,,9.125933647155762,,,,0.25,,,,,,,,,
16196000,4049,0.375,,10.526432037353516,,,,0.375,,,,,,,,,
16200000,4050,0.25,,10.621641159057617,,,,0.25,,,,,,,,,
16204000,4051,0.125,,8.023868560791016,,,,0.125,,,,,,,,,
16208000,4052,0.75,,11.83563232421875,,,,0.75,,,,,,,,,
16212000,4053,0.5,,10.1676607131958,,,,0.5,,,,,,,,,
16216000,4054,0.125,,9.20244312286377,,,,0.125,,,,,,,,,
16220000,4055,0.5,,8.298792839050293,,,,0.5,,,,,,,,,
16224000,4056,0.625,,8.254875183105469,,,,0.625,,,,,,,,,
16228000,4057,0.625,,10.081302642822266,,,,0.625,,,,,,,,,
16232000,4058,0.5,,6.639774322509766,,,,0.5,,,,,,,,,
16236000,4059,0.25,,7.28567361831665,,,,0.25,,,,,,,,,
16240000,4060,0.25,,8.360322952270508,,,,0.25,,,,,,,,,
16244000,4061,0.625,,8.614723205566406,,,,0.625,,,,,,,,,
16248000,4062,0.25,,6.992739677429199,,,,0.25,,,,,,,,,
16252000,4063,0.625,,9.29868221282959,,,,0.625,,,,,,,,,
16256000,4064,0.75,,8.486873626708984,,,,0.75,,,,,,,,,
16260000,4065,0.25,,10.58449935913086,,,,0.25,,,,,,,,,
16264000,4066,0.875,,8.657010078430176,,,,0.875,,,,,,,,,
16268000,4067,0.625,,8.535273551940918,,,,0.625,,,,,,,,,
16272000,4068,0.875,,8.473265647888184,,,,0.875,,,,,,,,,
16276000,4069,0.375,,11.655745506286621,,,,0.375,,,,,,,,,
16280000,4070,0.875,,9.623628616333008,,,,0.875,,,,,,,,,
16284000,4071,0.875,,10.060020446777344,,,,0.875,,,,,,,,,
16288000,4072,0.5,,7.47025203704834,,,,0.5,,,,,,,,,
16292000,4073,0.0,,9.96398639678955,,,,0.0,,,,,,,,,
16296000,4074,0.625,,9.223640441894531,,,,0.625,,,,,,,,,
16300000,4075,0.375,,10.637563705444336,,,,0.375,,,,,,,,,
16304000,4076,0.625,,8.787729263305664,,,,0.625,,,,,,,,,
16308000,4077,0.375,,10.550507545471191,,,,0.375,,,,,,,,,
16312000,4078,0.75,,11.224929809570312,,,,0.75,,,,,,,,,
16316000,4079,1.0,,7.761317253112793,,,,1.0,,,,,,,,,
16320000,4080,0.375,,8.641703605651855,,,,0.375,,,,,,,,,
16324000,4081,0.375,,8.928171157836914,,,,0.375,,,,,,,,,
16328000,4082,0.5,,11.173833847045898,,,,0.5,,,,,,,,,
16332000,4083,0.5,,7.707444667816162,,,,0.5,,,,,,,,,
16336000,4084,0.75,,9.776049613952637,,,,0.75,,,,,,,,,
16340000,4085,0.5,,9.080949783325195,,,,0.5,,,,,,,,,
16344000,4086,0.125,,10.936490058898926,,,,0.125,,,,,,,,,
16348000,4087,0.0,,8.304738998413086,,,,0.0,,,,,,,,,
16352000,4088,0.75,,10.81850814819336,,,,0.75,,,,,,,,,
16356000,4089,0.5,,8.908489227294922,,,,0.5,,,,,,,,,
16360000,4090,1.125,,8.357624053955078,,,,1.125,,,,,,,,,
16364000,4091,0.25,,10.963338851928711,,,,0.25,,,,,,,,,
16368000,4092,0.875,,9.995354652404785,,,,0.875,,,,,,,,,
16372000,4093,0.5,,8.30742073059082,,,,0.5,,,,,,,,,
16376000,4094,0.25,,8.206412315368652,,,,0.25,,,,,,,,,
16380000,4095,0.875,,7.444223403930664,,,,0.875,,,,,,,,,
16384000,4096,0.625,,9.085464477539062,,,,0.625,,,,,,,,,
16388000,4097,1.0,,8.536715507507324,,,,1.0,,,,,,,,,
16392000,4098,0.5,,9.944493293762207,,,,0.5,,,,,,,,,
16396000,4099,0.625,,8.649555206298828,,,,0.625,,,,,,,,,
16400000,4100,0.5,,10.926605224609375,,,,0.5,,,,,,,,,
16404000,4101,1.375,,11.270858764648438,,,,1.375,,,,,,,,,
16408000,4102,0.625,,11.382851600646973,,,,0.625,,,,,,,,,
16412000,4103,0.625,,9.978270530700684,,,,0.625,,,,,,,,,
16416000,4104,0.625,,10.070403099060059,,,,0.625,,,,,,,,,
16420000,4105,0.375,,9.025079727172852,,,,0.375,,,,,,,,,
16424000,4106,0.5,,9.096115112304688,,,,0.5,,,,,,,,,
16428000,4107,0.5,,9.636171340942383,,,,0.5,,,,,,,,,
16432000,4108,0.75,,11.338106155395508,,,,0.75,,,,,,,,,
16436000,4109,0.75,,8.759796142578125,,,,0.75,,,,,,,,,
16440000,4110,1.0,,7.303587436676025,,,,1.0,,,,,,,,,
16444000,4111,0.875,,10.929609298706055,,,,0.875,,,,,,,,,
16448000,4112,0.5,,9.300027847290039,,,,0.5,,,,,,,,,
16452000,4113,1.25,,9.588760375976562,,,,1.25,,,,,,,,,
16456000,4114,0.75,,10.387489318847656,,,,0.75,,,,,,,,,
16460000,4115,0.75,,12.168994903564453,,,,0.75,,,,,,,,,
16464000,4116,0.625,,9.790031433105469,,,,0.625,,,,,,,,,
16468000,4117,0.75,,10.51978588104248,,,,0.75,,,,,,,,,
16472000,4118,0.25,,8.791543006896973,,,,0.25,,,,,,,,,
16476000,4119,1.0,,10.696579933166504,,,,1.0,,,,,,,,,
16480000,4120,0.125,,9.50863265991211,,,,0.125,,,,,,,,,
16484000,4121,0.625,,10.667047500610352,,,,0.625,,,,,,,,,
16488000,4122,1.0,,12.778345108032227,,,,1.0,,,,,,,,,
16492000,4123,0.75,,12.670106887817383,,,,0.75,,,,,,,,,
16496000,4124,0.875,,10.254132270812988,,,,0.875,,,,,,,,,
16500000,4125,0.5,,10.021188735961914,,,,0.5,,,,,,,,,
16504000,4126,0.5,,8.873497009277344,,,,0.5,,,,,,,,,
16508000,4127,1.0,,12.009064674377441,,,,1.0,,,,,,,,,
16512000,4128,0.875,,9.504243850708008,,,,0.875,,,,,,,,,
16516000,4129,0.5,,10.609264373779297,,,,0.5,,,,,,,,,
16520000,4130,0.75,,9.737173080444336,,,,0.75,,,,,,,,,
16524000,4131,0.5,,10.105926513671875,,,,0.5,,,,,,,,,
16528000,4132,0.5,,11.5747709274292,,,,0.5,,,,,,,,,
16532000,4133,0.875,,11.269905090332031,,,,0.875,,,,,,,,,
16536000,4134,0.5,,12.758522033691406,,,,0.5,,,,,,,,,
16540000,4135,1.125,,11.473482131958008,,,,1.125,,,,,,,,,
16544000,4136,0.375,,9.739267349243164,,,,0.375,,,,,,,,,
16548000,4137,0.875,,13.14349365234375,,,,0.875,,,,,,,,,
16552000,4138,1.25,,12.858428955078125,,,,1.25,,,,,,,,,
16556000,4139,0.5,,9.951018333435059,,,,0.5,,,,,,,,,
16560000,4140,0.5,,11.764801025390625,,,,0.5,,,,,,,,,
16564000,4141,1.0,,10.881000518798828,,,,1.0,,,,,,,,,
16568000,4142,1.5,,9.758432388305664,,,,1.5,,,,,,,,,
16572000,4143,0.5,,9.03795051574707,,,,0.5,,,,,,,,,
16576000,4144,1.5,,11.035452842712402,,,,1.5,,,,,,,,,
16580000,4145,0.75,,11.345672607421875,,,,0.75,,,,,,,,,
16584000,4146,0.75,,12.022335052490234,,,,0.75,,,,,,,,,
16588000,4147,0.5,,11.384952545166016,,,,0.5,,,,,,,,,
16592000,4148,1.0,,10.039228439331055,,,,1.0,,,,,,,,,
16596000,4149,0.875,,12.612577438354492,,,,0.875,,,,,,,,,
16600000,4150,0.25,,11.855766296386719,,,,0.25,,,,,,,,,
16604000,4151,0.625,,10.015287399291992,,,,0.625,,,,,,,,,
16608000,4152,0.0,,12.136929512023926,,,,0.0,,,,,,,,,
16612000,4153,0.25,,10.855398178100586,,,,0.25,,,,,,,,,
16616000,4154,1.0,,9.827085494995117,,,,1.0,,,,,,,,,
16620000,4155,0.25,,11.14583969116211,,,,0.25,,,,,,,,,
16624000,4156,0.375,,13.018731117248535,,,,0.375,,,,,,,,,
16628000,4157,0.625,,11.905917167663574,,,,0.625,,,,,,,,,
16632000,4158,0.5,,10.599079132080078,,,,0.5,,,,,,,,,
16636000,4159,0.75,,11.194326400756836,,,,0.75,,,,,,,,,
16640000,4160,0.875,,10.956565856933594,,,,0.875,,,,,,,,,
16644000,4161,1.125,,11.730926513671875,,,,1.125,,,,,,,,,
16648000,4162,0.5,,10.294118881225586,,,,0.5,,,,,,,,,
16652000,4163,0.875,,9.376974105834961,,,,0.875,,,,,,,,,
16656000,4164,0.5,,12.93523120880127,,,,0.5,,,,,,,,,
16660000,4165,0.75,,10.517131805419922,,,,0.75,,,,,,,,,
16664000,4166,0.75,,12.845285415649414,,,,0.75,,,,,,,,,
16668000,4167,0.875,,9.630722999572754,,,,0.875,,,,,,,,,
16672000,4168,0.75,,10.592262268066406,,,,0.75,,,,,,,,,
16676000,4169,0.25,,12.173828125,,,,0.25,,,,,,,,,
16680000,4170,0.25,,12.416536331176758,,,,0.25,,,,,,,,,
16684000,4171,0.5,,10.310056686401367,,,,0.5,,,,,,,,,
16688000,4172,1.625,,13.190057754516602,,,,1.625,,,,,,,,,
16692000,4173,0.875,,9.841198921203613,,,,0.875,,,,,,,,,
16696000,4174,1.0,,8.774520874023438,,,,1.0,,,,,,,,,
16700000,4175,0.5,,13.545696258544922,,,,0.5,,,,,,,,,
16704000,4176,0.25,,8.705177307128906,,,,0.25,,,,,,,,,
16708000,4177,0.75,,12.878994941711426,,,,0.75,,,,,,,,,
16712000,4178,0.5,,11.080791473388672,,,,0.5,,,,,,,,,
16716000,4179,1.625,,10.321165084838867,,,,1.625,,,,,,,,,
16720000,4180,0.75,,12.023015975952148,,,,0.75,,,,,,,,,
16724000,4181,1.5,,11.807551383972168,,,,1.5,,,,,,,,,
16728000,4182,1.75,,12.86276626586914,,,,1.75,,,,,,,,,
16732000,4183,0.375,,11.844409942626953,,,,0.375,,,,,,,,,
16736000,4184,0.25,,13.231986999511719,,,,0.25,,,,,,,,,
16740000,4185,0.375,,11.685184478759766,,,,0.375,,,,,,,,,
16744000,4186,0.75,,13.073399543762207,,,,0.75,,,,,,,,,
16748000,4187,0.75,,11.192840576171875,,,,0.75,,,,,,,,,
16752000,4188,0.625,,11.221647262573242,,,,0.625,,,,,,,,,
16756000,4189,0.875,,9.585461616516113,,,,0.875,,,,,,,,,
16760000,4190,1.125,,12.698759078979492,,,,1.125,,,,,,,,,
16764000,4191,0.375,,14.930824279785156,,,,0.375,,,,,,,,,
16768000,4192,1.125,,12.816165924072266,,,,1.125,,,,,,,,,
16772000,4193,0.0,,12.71597671508789,,,,0.0,,,,,,,,,
16776000,4194,1.125,,12.60118579864502,,,,1.125,,,,,,,,,
16780000,4195,0.25,,13.642109870910645,,,,0.25,,,,,,,,,
16784000,4196,0.125,,11.861364364624023,,,,0.125,,,,,,,,,
16788000,4197,0.5,,11.34048843383789,,,,0.5,,,,,,,,,
16792000,4198,0.25,,11.036722183227539,,,,0.25,,,,,,,,,
16796000,4199,0.375,,9.332517623901367,,,,0.375,,,,,,,,,
16800000,4200,0.25,,10.403194427490234,,,,0.25,,,,,,,,,
16804000,4201,0.375,,12.762161254882812,,,,0.375,,,,,,,,,
16808000,4202,1.125,,12.082479476928711,,,,1.125,,,,,,,,,
16812000,4203,1.5,,9.70138168334961,,,,1.5,,,,,,,,,
16816000,4204,0.5,,10.87067699432373,,,,0.5,,,,,,,,,
16820000,4205,1.375,,12.564384460449219,,,,1.375,,,,,,,,,
16824000,4206,1.25,,14.699952125549316,,,,1.25,,,,,,,,,
16828000,4207,0.5,,11.891225814819336,,,,0.5,,,,,,,,,
16832000,4208,0.625,,12.636783599853516,,,,0.625,,,,,,,,,
16836000,4209,0.125,,13.271858215332031,,,,0.125,,,,,,,,,
16840000,4210,0.25,,9.74799633026123,,,,0.25,,,,,,,,,
16844000,4211,0.375,,11.753090858459473,,,,0.375,,,,,,,,,
16848000,4212,0.125,,11.709495544433594,,,,0.125,,,,,,,,,
16852000,4213,0.5,,12.437915802001953,,,,0.5,,,,,,,,,
16856000,4214,1.25,,12.7256441116333,,,,1.25,,,,,,,,,
16860000,4215,0.5,,11.64100456237793,,,,0.5,,,,,,,,,
16864000,4216,0.5,,10.986212730407715,,,,0.5,,,,,,,,,
16868000,4217,0.5,,11.808326721191406,,,,0.5,,,,,,,,,
16872000,4218,0.375,,11.454858779907227,,,,0.375,,,,,,,,,
16876000,4219,0.875,,10.87673282623291,,,,0.875,,,,,,,,,
16880000,4220,1.25,,9.068804740905762,,,,1.25,,,,,,,,,
16884000,4221,0.75,,11.102787017822266,,,,0.75,,,,,,,,,
16888000,4222,1.5,,11.029967308044434,,,,1.5,,,,,,,,,
16892000,4223,0.5,,9.643644332885742,,,,0.5,,,,,,,,,
16896000,4224,0.625,,12.054067611694336,,,,0.625,,,,,,,,,
16900000,4225,0.875,,10.943498611450195,,,,0.875,,,,,,,,,
16904000,4226,0.625,,12.294445037841797,,,,0.625,,,,,,,,,
16908000,4227,1.0,,9.154666900634766,,,,1.0,,,,,,,,,
16912000,4228,0.75,,9.596986770629883,,,,0.75,,,,,,,,,
16916000,4229,0.625,,11.161831855773926,,,,0.625,,,,,,,,,
16920000,4230,1.25,,11.218653678894043,,,,1.25,,,,,,,,,
16924000,4231,0.75,,10.661139488220215,,,,0.75,,,,,,,,,
16928000,4232,0.625,,9.502052307128906,,,,0.625,,,,,,,,,
16932000,4233,0.625,,10.915327072143555,,,,0.625,,,,,,,,,
16936000,4234,1.375,,12.092660903930664,,,,1.375,,,,,,,,,
16940000,4235,1.375,,13.6183500289917,,,,1.375,,,,,,,,,
16944000,4236,1.0,,11.500062942504883,,,,1.0,,,,,,,,,
16948000,4237,0.125,,11.162227630615234,,,,0.125,,,,,,,,,
16952000,4238,0.375,,11.9954195022583,,,,0.375,,,,,,,,,
16956000,4239,0.5,,10.109529495239258,,,,0.5,,,,,,,,,
16960000,4240,1.0,,11.767858505249023,,,,1.0,,,,,,,,,
16964000,4241,0.75,,11.55426025390625,,,,0.75,,,,,,,,,
16968000,4242,0.625,,10.518628120422363,,,,0.625,,,,,,,,,
16972000,4243,0.625,,10.866353988647461,,,,0.625,,,,,,,,,
16976000,4244,0.875,,9.762880325317383,,,,0.875,,,,,,,,,
16980000,4245,1.0,,10.371280670166016,,,,1.0,,,,,,,,,
16984000,4246,1.5,,11.769063949584961,,,,1.5,,,,,,,,,
16988000,4247,1.125,,11.438114166259766,,,,1.125,,,,,,,,,
16992000,4248,1.375,,10.829995155334473,,,,1.375,,,,,,,,,
16996000,4249,1.125,,10.087641716003418,,,,1.125,,,,,,,,,
17000000,4250,1.125,,11.545177459716797,,,,1.125,,,,,,,,,
17004000,4251,1.125,,9.625066757202148,,,,1.125,,,,,,,,,
17008000,4252,1.0,,10.532003402709961,,,,1.0,,,,,,,,,
17012000,4253,1.125,,10.909788131713867,,,,1.125,,,,,,,,,
17016000,4254,0.625,,9.315732955932617,,,,0.625,,,,,,,,,
17020000,4255,0.5,,11.545036315917969,,,,0.5,,,,,,,,,
17024000,4256,0.5,,10.134660720825195,,,,0.5,,,,,,,,,
17028000,4257,0.875,,9.866385459899902,,,,0.875,,,,,,,,,
17032000,4258,0.75,,8.84306812286377,,,,0.75,,,,,,,,,
17036000,4259,1.25,,9.044168472290039,,,,1.25,,,,,,,,,
17040000,4260,0.75,,10.9041748046875,,,,0.75,,,,,,,,,
17044000,4261,0.875,,11.143299102783203,,,,0.875,,,,,,,,,
17048000,4262,1.0,,9.519876480102539,,,,1.0,,,,,,,,,
17052000,4263,0.25,,11.152201652526855,,,,0.25,,,,,,,,,
17056000,4264,1.5,,9.764338493347168,,,,1.5,,,,,,,,,
17060000,4265,0.625,,11.359552383422852,,,,0.625,,,,,,,,,
17064000,4266,0.875,,11.28510856628418,,,,0.875,,,,,,,,,
17068000,4267,1.25,,9.559379577636719,,,,1.25,,,,,,,,,
17072000,4268,1.125,,9.805743217468262,,,,1.125,,,,,,,,,
17076000,4269,1.0,,9.587471961975098,,,,1.0,,,,,,,,,
17080000,4270,1.125,,9.913837432861328,,,,1.125,,,,,,,,,
17084000,4271,1.875,,10.27552318572998,,,,1.875,,,,,,,,,
17088000,4272,1.5,,9.103019714355469,,,,1.5,,,,,,,,,
17092000,4273,1.25,,11.249433517456055,,,,1.25,,,,,,,,,
17096000,4274,1.875,,11.012198448181152,,,,1.875,,,,,,,,,
17100000,4275,0.875,,10.246429443359375,,,,0.875,,,,,,,,,
17104000,4276,1.25,,12.43086051940918,,,,1.25,,,,,,,,,
17108000,4277,1.625,,11.250015258789062,,,,1.625,,,,,,,,,
17112000,4278,1.625,,11.31227970123291,,,,1.625,,,,,,,,,
17116000,4279,1.0,,10.408672332763672,,,,1.0,,,,,,,,,
17120000,4280,0.5,,11.009491920471191,,,,0.5,,,,,,,,,
17124000,4281,1.0,,11.320220947265625,,,,1.0,,,,,,,,,
17128000,4282,1.375,,11.269458770751953,,,,1.375,,,,,,,,,
17132000,4283,1.25,,11.097384452819824,,,,1.25,,,,,,,,,
17136000,4284,1.125,,9.866262435913086,,,,1.125,,,,,,,,,
17140000,4285,1.75,,10.432584762573242,,,,1.75,,,,,,,,,
17144000,4286,1.375,,10.573526382446289,,,,1.375,,,,,,,,,
17148000,4287,1.625,,9.075286865234375,,,,1.625,,,,,,,,,
17152000,4288,1.125,,10.534457206726074,,,,1.125,,,,,,,,,
17156000,4289,1.5,,10.432842254638672,,,,1.5,,,,,,,,,
17160000,4290,0.75,,9.776145935058594,,,,0.75,,,,,,,,,
17164000,4291,2.125,,11.982114791870117,,,,2.125,,,,,,,,,
17168000,4292,1.375,,12.890668869018555,,,,1.375,,,,,,,,,
17172000,4293,1.375,,11.04722785949707,,,,1.375,,,,,,,,,
17176000,4294,1.75,,11.634068489074707,,,,1.75,,,,,,,,,
17180000,4295,1.25,,10.269702911376953,,,,1.25,,,,,,,,,
17184000,4296,1.75,,9.527250289916992,,,,1.75,,,,,,,,,
17188000,4297,1.375,,10.609502792358398,,,,1.375,,,,,,,,,
17192000,4298,1.75,,11.120738983154297,,,,1.75,,,,,,,,,
17196000,4299,1.375,,11.269575119018555,,,,1.375,,,,,,,,,
17200000,4300,1.375,,12.823400497436523,,,,1.375,,,,,,,,,
17204000,4301,0.75,,11.508234977722168,,,,0.75,,,,,,,,,
17208000,4302,1.875,,10.817018508911133,,,,1.875,,,,,,,,,
17212000,4303,1.25,,11.430088996887207,,,,1.25,,,,,,,,,
17216000,4304,0.75,,11.995258331298828,,,,0.75,,,,,,,,,
17220000,4305,1.625,,12.120855331420898,,,,1.625,,,,,,,,,
17224000,4306,0.875,,10.613813400268555,,,,0.875,,,,,,,,,
17228000,4307,1.25,,11.634140014648438,,,,1.25,,,,,,,,,
17232000,4308,0.75,,11.554168701171875,,,,0.75,,,,,,,,,
17236000,4309,1.0,,12.988353729248047,,,,1.0,,,,,,,,,
17240000,4310,0.25,,11.743593215942383,,,,0.25,,,,,,,,,
17244000,4311,1.25,,10.904111862182617,,,,1.25,,,,,,,,,
17248000,4312,0.375,,13.069698333740234,,,,0.375,,,,,,,,,
17252000,4313,0.625,,8.381983757019043,,,,0.625,,,,,,,,,
17256000,4314,0.75,,11.182668685913086,,,,0.75,,,,,,,,,
17260000,4315,1.125,,11.764835357666016,,,,1.125,,,,,,,,,
17264000,4316,1.25,,11.774336814880371,,,,1.25,,,,,,,,,
17268000,4317,2.25,,13.340587615966797,,,,2.25,,,,,,,,,
17272000,4318,1.5,,11.915250778198242,,,,1.5,,,,,,,,,
17276000,4319,1.5,,12.144830703735352,,,,1.5,,,,,,,,,
17280000,4320,1.875,,12.15947151184082,,,,1.875,,,,,,,,,
17284000,4321,1.625,,11.691859245300293,,,,1.625,,,,,,,,,
17288000,4322,1.75,,11.903308868408203,,,,1.75,,,,,,,,,
17292000,4323,0.125,,13.570207595825195,,,,0.125,,,,,,,,,
17296000,4324,0.875,,12.389802932739258,,,,0.875,,,,,,,,,
17300000,4325,0.75,,12.21097183227539,,,,0.75,,,,,,,,,
17304000,4326,2.25,,13.864145278930664,,,,2.25,,,,,,,,,
17308000,4327,1.125,,10.461671829223633,,,,1.125,,,,,,,,,
17312000,4328,0.5,,13.735820770263672,,,,0.5,,,,,,,,,
17316000,4329,1.875,,11.906919479370117,,,,1.875,,,,,,,,,
17320000,4330,1.125,,10.666924476623535,,,,1.125,,,,,,,,,
17324000,4331,0.5,,12.21140193939209,,,,0.5,,,,,,,,,
17328000,4332,1.0,,12.216711044311523,,,,1.0,,,,,,,,,
17332000,4333,1.375,,11.923346519470215,,,,1.375,,,,,,,,,
17336000,4334,0.75,,13.328435897827148,,,,0.75,,,,,,,,,
17340000,4335,1.0,,12.915157318115234,,,,1.0,,,,,,,,,
17344000,4336,1.625,,11.472428321838379,,,,1.625,,,,,,,,,
17348000,4337,1.625,,11.633072853088379,,,,1.625,,,,,,,,,
17352000,4338,1.25,,12.58617115020752,,,,1.25,,,,,,,,,
17356000,4339,1.375,,13.063467025756836,,,,1.375,,,,,,,,,
17360000,4340,1.375,,11.7787504196167,,,,1.375,,,,,,,,,
17364000,4341,1.375,,10.728546142578125,,,,1.375,,,,,,,,,
17368000,4342,2.375,,11.540355682373047,,,,2.375,,,,,,,,,
17372000,4343,1.75,,12.018776893615723,,,,1.75,,,,,,,,,
17376000,4344,1.5,,11.405868530273438,,,,1.5,,,,,,,,,
17380000,4345,1.25,,10.790987968444824,,,,1.25,,,,,,,,,
17384000,4346,0.875,,14.600650787353516,,,,0.875,,,,,,,,,
17388000,4347,1.375,,13.062520980834961,,,,1.375,,,,,,,,,
17392000,4348,0.625,,12.965768814086914,,,,0.625,,,,,,,,,
17396000,4349,1.0,,10.91372299194336,,,,1.0,,,,,,,,,
17400000,4350,0.25,,14.730029106140137,,,,0.25,,,,,,,,,
17404000,4351,1.75,,12.399385452270508,,,,1.75,,,,,,,,,
17408000,4352,1.125,,13.13422966003418,,,,1.125,,,,,,,,,
17412000,4353,1.875,,12.965773582458496,,,,1.875,,,,,,,,,
17416000,4354,2.125,,12.462514877319336,,,,2.125,,,,,,,,,
17420000,4355,1.5,,14.033220291137695,,,,1.5,,,,,,,,,
17424000,4356,1.0,,13.597297668457031,,,,1.0,,,,,,,,,
17428000,4357,1.0,,12.161664962768555,,,,1.0,,,,,,,,,
17432000,4358,1.5,,12.79524040222168,,,,1.5,,,,,,,,,
17436000,4359,1.25,,11.487747192382812,,,,1.25,,,,,,,,,
17440000,4360,1.125,,12.610152244567871,,,,1.125,,,,,,,,,
17444000,4361,1.625,,11.824263572692871,,,,1.625,,,,,,,,,
17448000,4362,1.375,,12.936691284179688,,,,1.375,,,,,,,,,
17452000,4363,1.875,,11.584491729736328,,,,1.875,,,,,,,,,
17456000,4364,2.375,,12.750121116638184,,,,2.375,,,,,,,,,
17460000,4365,2.0,,12.441596984863281,,,,2.0,,,,,,,,,
17464000,4366,1.25,,11.709915161132812,,,,1.25,,,,,,,,,
17468000,4367,1.5,,13.234634399414062,,,,1.5,,,,,,,,,
17472000,4368,0.5,,12.827150344848633,,,,0.5,,,,,,,,,
17476000,4369,1.375,,12.831151962280273,,,,1.375,,,,,,,,,
17480000,4370,1.5,,13.165543556213379,,,,1.5,,,,,,,,,
17484000,4371,1.875,,13.5827054977417,,,,1.875,,,,,,,,,
17488000,4372,1.25,,10.996795654296875,,,,1.25,,,,,,,,,
17492000,4373,0.875,,11.932653427124023,,,,0.875,,,,,,,,,
17496000,4374,1.375,,12.231225967407227,,,,1.375,,,,,,,,,
17500000,4375,0.875,,13.019256591796875,,,,0.875,,,,,,,,,
17504000,4376,1.75,,11.953353881835938,,,,1.75,,,,,,,,,
17508000,4377,1.0,,11.823080062866211,,,,1.0,,,,,,,,,
17512000,4378,1.125,,13.875358581542969,,,,1.125,,,,,,,,,
17516000,4379,1.0,,11.926623344421387,,,,1.0,,,,,,,,,
17520000,4380,1.125,,12.126392364501953,,,,1.125,,,,,,,,,
17524000,4381,1.125,,12.343841552734375,,,,1.125,,,,,,,,,
17528000,4382,1.375,,13.350618362426758,,,,1.375,,,,,,,,,
17532000,4383,1.125,,10.697887420654297,,,,1.125,,,,,,,,,
17536000,4384,1.5,,12.231252670288086,,,,1.5,,,,,,,,,
17540000,4385,1.375,,11.65920352935791,,,,1.375,,,,,,,,,
17544000,4386,1.75,,12.827169418334961,,,,1.75,,,,,,,,,
17548000,4387,1.125,,11.024266242980957,,,,1.125,,,,,,,,,
17552000,4388,0.25,,13.054627418518066,,,,0.25,,,,,,,,,
17556000,4389,0.875,,13.222825050354004,,,,0.875,,,,,,,,,
17560000,4390,1.625,,12.528364181518555,,,,1.625,,,,,,,,,
17564000,4391,1.5,,10.709067344665527,,,,1.5,,,,,,,,,
17568000,4392,1.125,,10.484283447265625,,,,1.125,,,,,,,,,
17572000,4393,1.0,,11.737863540649414,,,,1.0,,,,,,,,,
17576000,4394,1.75,,11.511235237121582,,,,1.75,,,,,,,,,
17580000,4395,1.25,,13.914352416992188,,,,1.25,,,,,,,,,
17584000,4396,1.0,,12.96878433227539,,,,1.0,,,,,,,,,
17588000,4397,1.25,,11.835029602050781,,,,1.25,,,,,,,,,
17592000,4398,1.125,,11.603902816772461,,,,1.125,,,,,,,,,
17596000,4399,0.25,,12.00654125213623,,,,0.25,,,,,,,,,
17600000,4400,1.25,,11.11734390258789,,,,1.25,,,,,,,,,
17604000,4401,1.0,,10.438472747802734,,,,1.0,,,,,,,,,
17608000,4402,1.25,,12.24767017364502,,,,1.25,,,,,,,,,
17612000,4403,1.75,,11.923974990844727,,,,1.75,,,,,,,,,
17616000,4404,1.25,,11.562013626098633,,,,1.25,,,,,,,,,
17620000,4405,1.875,,11.800931930541992,,,,1.875,,,,,,,,,
17624000,4406,1.625,,11.890409469604492,,,,1.625,,,,,,,,,
17628000,4407,1.125,,10.473831176757812,,,,1.125,,,,,,,,,
17632000,4408,0.75,,11.326678276062012,,,,0.75,,,,,,,,,
17636000,4409,1.625,,11.07308578491211,,,,1.625,,,,,,,,,
17640000,4410,0.875,,10.40311336517334,,,,0.875,,,,,,,,,
17644000,4411,1.375,,11.454363822937012,,,,1.375,,,,,,,,,
17648000,4412,0.625,,12.322585105895996,,,,0.625,,,,,,,,,
17652000,4413,2.125,,9.923006057739258,,,,2.125,,,,,,,,,
17656000,4414,1.125,,10.566761016845703,,,,1.125,,,,,,,,,
17660000,4415,1.0,,11.0638427734375,,,,1.0,,,,,,,,,
17664000,4416,1.0,,11.656319618225098,,,,1.0,,,,,,,,,
17668000,4417,1.625,,10.89377212524414,,,,1.625,,,,,,,,,
17672000,4418,1.875,,11.379436492919922,,,,1.875,,,,,,,,,
17676000,4419,1.125,,10.81257152557373,,,,1.125,,,,,,,,,
17680000,4420,1.0,,11.818625450134277,,,,1.0,,,,,,,,,
17684000,4421,1.0,,12.651605606079102,,,,1.0,,,,,,,,,
17688000,4422,0.25,,11.26832389831543,,,,0.25,,,,,,,,,
17692000,4423,0.875,,11.264837265014648,,,,0.875,,,,,,,,,
17696000,4424,0.5,,10.120880126953125,,,,0.5,,,,,,,,,
17700000,4425,0.75,,10.029863357543945,,,,0.75,,,,,,,,,
17704000,4426,0.375,,11.353440284729004,,,,0.375,,,,,,,,,
17708000,4427,0.375,,10.89261245727539,,,,0.375,,,,,,,,,
17712000,4428,1.25,,10.877754211425781,,,,1.25,,,,,,,,,
17716000,4429,0.75,,10.698125839233398,,,,0.75,,,,,,,,,
17720000,4430,1.25,,10.708288192749023,,,,1.25,,,,,,,,,
17724000,4431,0.875,,10.064410209655762,,,,0.875,,,,,,,,,
17728000,4432,0.625,,10.07023811340332,,,,0.625,,,,,,,,,
17732000,4433,1.0,,10.782509803771973,,,,1.0,,,,,,,,,
17736000,4434,0.375,,9.961408615112305,,,,0.375,,,,,,,,,
17740000,4435,0.375,,10.468669891357422,,,,0.375,,,,,,,,,
17744000,4436,1.0,,9.69487190246582,,,,1.0,,,,,,,,,
17748000,4437,0.0,,10.055187225341797,,,,0.0,,,,,,,,,
17752000,4438,0.875,,11.254987716674805,,,,0.875,,,,,,,,,
17756000,4439,0.875,,9.857404708862305,,,,0.875,,,,,,,,,
17760000,4440,1.125,,11.50822925567627,,,,1.125,,,,,,,,,
17764000,4441,1.125,,9.728015899658203,,,,1.125,,,,,,,,,
17768000,4442,0.5,,10.685157775878906,,,,0.5,,,,,,,,,
17772000,4443,1.25,,10.463168144226074,,,,1.25,,,,,,,,,
17776000,4444,0.625,,9.122802734375,,,,0.625,,,,,,,,,
17780000,4445,1.0,,9.073532104492188,,,,1.0,,,,,,,,,
17784000,4446,0.5,,10.318502426147461,,,,0.5,,,,,,,,,
17788000,4447,0.375,,9.239946365356445,,,,0.375,,,,,,,,,
17792000,4448,0.375,,9.513972282409668,,,,0.375,,,,,,,,,
17796000,4449,1.125,,8.09895133972168,,,,1.125,,,,,,,,,
17800000,4450,0.0,,9.879997253417969,,,,0.0,,,,,,,,,
17804000,4451,0.375,,8.290603637695312,,,,0.375,,,,,,,,,
17808000,4452,0.375,,7.751840591430664,,,,0.375,,,,,,,,,
17812000,4453,1.125,,9.63961124420166,,,,1.125,,,,,,,,,
17816000,4454,1.0,,9.90825080871582,,,,1.0,,,,,,,,,
17820000,4455,1.125,,9.197751998901367,,,,1.125,,,,,,,,,
17824000,4456,0.625,,8.673967361450195,,,,0.625,,,,,,,,,
17828000,4457,1.125,,9.811076164245605,,,,1.125,,,,,,,,,
17832000,4458,0.625,,9.233860969543457,,,,0.625,,,,,,,,,
17836000,4459,0.625,,9.580842971801758,,,,0.625,,,,,,,,,
17840000,4460,1.875,,7.804679870605469,,,,1.875,,,,,,,,,
17844000,4461,0.5,,8.911224365234375,,,,0.5,,,,,,,,,
17848000,4462,1.125,,8.784549713134766,,,,1.125,,,,,,,,,
17852000,4463,1.625,,10.31156063079834,,,,1.625,,,,,,,,,
17856000,4464,1.25,,8.565092086791992,,,,1.25,,,,,,,,,
17860000,4465,1.75,,10.684602737426758,,,,1.75,,,,,,,,,
17864000,4466,1.375,,8.84571361541748,,,,1.375,,,,,,,,,
17868000,4467,0.625,,9.052887916564941,,,,0.625,,,,,,,,,
17872000,4468,0.875,,10.051843643188477,,,,0.875,,,,,,,,,
17876000,4469,0.5,,8.716391563415527,,,,0.5,,,,,,,,,
17880000,4470,0.5,,9.56405258178711,,,,0.5,,,,,,,,,
17884000,4471,0.5,,8.7806978225708,,,,0.5,,,,,,,,,
17888000,4472,0.125,,8.919610977172852,,,,0.125,,,,,,,,,
17892000,4473,0.75,,9.826743125915527,,,,0.75,,,,,,,,,
17896000,4474,1.0,,8.487034797668457,,,,1.0,,,,,,,,,
17900000,4475,1.0,,9.088465690612793,,,,1.0,,,,,,,,,
17904000,4476,1.5,,8.447707176208496,,,,1.5,,,,,,,,,
17908000,4477,1.5,,9.256707191467285,,,,1.5,,,,,,,,,
17912000,4478,0.25,,8.61589241027832,,,,0.25,,,,,,,,,
17916000,4479,1.625,,8.268461227416992,,,,1.625,,,,,,,,,
17920000,4480,0.5,,8.79755973815918,,,,0.5,,,,,,,,,
17924000,4481,0.875,,7.544854164123535,,,,0.875,,,,,,,,,
17928000,4482,0.625,,8.816938400268555,,,,0.625,,,,,,,,,
17932000,4483,1.375,,8.976428985595703,,,,1.375,,,,,,,,,
17936000,4484,0.25,,8.790563583374023,,,,0.25,,,,,,,,,
17940000,4485,0.375,,8.768000602722168,,,,0.375,,,,,,,,,
17944000,4486,0.25,,7.912130355834961,,,,0.25,,,,,,,,,
17948000,4487,0.875,,7.616729736328125,,,,0.875,,,,,,,,,
17952000,4488,0.25,,7.757725715637207,,,,0.25,,,,,,,,,
17956000,4489,0.375,,8.508495330810547,,,,0.375,,,,,,,,,
17960000,4490,0.875,,6.580751895904541,,,,0.875,,,,,,,,,
17964000,4491,0.375,,7.512035846710205,,,,0.375,,,,,,,,,
17968000,4492,0.75,,7.9690656661987305,,,,0.75,,,,,,,,,
17972000,4493,0.25,,8.024614334106445,,,,0.25,,,,,,,,,
17976000,4494,0.0,,8.954854011535645,,,,0.0,,,,,,,,,
17980000,4495,0.0,,7.298576831817627,,,,0.0,,,,,,,,,
17984000,4496,0.0,,6.85984992980957,,,,0.0,,,,,,,,,
17988000,4497,0.125,,8.572755813598633,,,,0.125,,,,,,,,,
17992000,4498,0.625,,7.762072563171387,,,,0.625,,,,,,,,,
17996000,4499,0.0,,7.385525226593018,,,,0.0,,,,,,,,,
18000000,4500,0.0,,5.954655647277832,,,,0.0,,,,,,,,,
18004000,4501,0.125,,6.090208053588867,,,,0.125,,,,,,,,,
18008000,4502,0.625,,6.587345123291016,,,,0.625,,,,,,,,,
18012000,4503,0.25,,6.558113098144531,,,,0.25,,,,,,,,,
18016000,4504,1.0,,6.109246253967285,,,,1.0,,,,,,,,,
18020000,4505,0.875,,7.127793312072754,,,,0.875,,,,,,,,,
18024000,4506,1.125,,6.231505393981934,,,,1.125,,,,,,,,,
18028000,4507,2.0,,5.829779624938965,,,,2.0,,,,,,,,,
18032000,4508,0.875,,6.959988117218018,,,,0.875,,,,,,,,,
18036000,4509,1.375,,6.665199279785156,,,,1.375,,,,,,,,,
18040000,4510,1.125,,6.91794490814209,,,,1.125,,,,,,,,,
18044000,4511,0.875,,5.7155609130859375,,,,0.875,,,,,,,,,
18048000,4512,1.0,,5.943870544433594,,,,1.0,,,,,,,,,
18052000,4513,0.875,,6.205162048339844,,,,0.875,,,,,,,,,
18056000,4514,1.5,,8.650294303894043,,,,1.5,,,,,,,,,
18060000,4515,0.625,,7.179038047790527,,,,0.625,,,,,,,,,
18064000,4516,0.375,,8.681273460388184,,,,0.375,,,,,,,,,
18068000,4517,0.0,,7.949221611022949,,,,0.0,,,,,,,,,
18072000,4518,0.0,,8.974852561950684,,,,0.0,,,,,,,,,
18076000,4519,0.125,,9.109392166137695,,,,0.125,,,,,,,,,
18080000,4520,0.0,,10.236113548278809,,,,0.0,,,,,,,,,
18084000,4521,0.0,,8.65389633178711,,,,0.0,,,,,,,,,
18088000,4522,0.25,,8.881420135498047,,,,0.25,,,,,,,,,
18092000,4523,0.375,,7.625982761383057,,,,0.375,,,,,,,,,
18096000,4524,0.25,,7.230279922485352,,,,0.25,,,,,,,,,
18100000,4525,0.125,,7.818482398986816,,,,0.125,,,,,,,,,
18104000,4526,0.0,,7.386181354522705,,,,0.0,,,,,,,,,
18108000,4527,0.125,,7.340444087982178,,,,0.125,,,,,,,,,
18112000,4528,0.0,,6.795701026916504,,,,0.0,,,,,,,,,
18116000,4529,0.0,,7.231389999389648,,,,0.0,,,,,,,,,
18120000,4530,0.0,,7.0766377449035645,,,,0.0,,,,,,,,,
18124000,4531,0.125,,5.408208847045898,,,,0.125,,,,,,,,,
18128000,4532,0.0,,5.989549160003662,,,,0.0,,,,,,,,,
18132000,4533,0.5,,5.102015495300293,,,,0.5,,,,,,,,,
18136000,4534,0.25,,5.258760452270508,,,,0.25,,,,,,,,,
18140000,4535,0.25,,5.164253234863281,,,,0.25,,,,,,,,,
18144000,4536,0.25,,5.913482666015625,,,,0.25,,,,,,,,,
18148000,4537,0.375,,5.091281890869141,,,,0.375,,,,,,,,,
18152000,4538,0.125,,4.903363227844238,,,,0.125,,,,,,,,,
18156000,4539,1.375,,5.402194976806641,,,,1.375,,,,,,,,,
18160000,4540,1.25,,4.520270347595215,,,,1.25,,,,,,,,,
18164000,4541,1.375,,4.894542694091797,,,,1.375,,,,,,,,,
18168000,4542,0.625,,4.687182426452637,,,,0.625,,,,,,,,,
18172000,4543,0.5,,6.506045341491699,,,,0.5,,,,,,,,,
18176000,4544,0.0,,4.673697471618652,,,,0.0,,,,,,,,,
18180000,4545,0.625,,4.695063591003418,,,,0.625,,,,,,,,,
18184000,4546,0.25,,4.602766036987305,,,,0.25,,,,,,,,,
18188000,4547,0.0,,6.158112049102783,,,,0.0,,,,,,,,,
18192000,4548,0.625,,5.853653907775879,,,,0.625,,,,,,,,,
18196000,4549,0.125,,4.489283561706543,,,,0.125,,,,,,,,,
18200000,4550,0.375,,4.80131721496582,,,,0.375,,,,,,,,,
18204000,4551,1.5,,3.9582180976867676,,,,1.5,,,,,,,,,
18208000,4552,0.625,,4.43058967590332,,,,0.625,,,,,,,,,
18212000,4553,0.5,,4.123098850250244,,,,0.5,,,,,,,,,
18216000,4554,0.25,,4.813792705535889,,,,0.25,,,,,,,,,
18220000,4555,0.875,,5.598519325256348,,,,0.875,,,,,,,,,
18224000,4556,0.5,,5.4477219581604,,,,0.5,,,,,,,,,
18228000,4557,0.5,,6.091349124908447,,,,0.5,,,,,,,,,
18232000,4558,0.125,,4.6001176834106445,,,,0.125,,,,,,,,,
18236000,4559,0.375,,4.608811378479004,,,,0.375,,,,,,,,,
18240000,4560,0.25,,4.758370399475098,,,,0.25,,,,,,,,,
18244000,4561,0.5,,4.539208889007568,,,,0.5,,,,,,,,,
18248000,4562,0.75,,4.987466812133789,,,,0.75,,,,,,,,,
18252000,4563,0.625,,4.466817855834961,,,,0.625,,,,,,,,,
18256000,4564,1.125,,4.424663066864014,,,,1.125,,,,,,,,,
18260000,4565,0.5,,5.3385748863220215,,,,0.5,,,,,,,,,
18264000,4566,1.25,,4.822910308837891,,,,1.25,,,,,,,,,
18268000,4567,0.25,,4.638057708740234,,,,0.25,,,,,,,,,
18272000,4568,1.875,,3.986489772796631,,,,1.875,,,,,,,,,
18276000,4569,1.0,,4.182179927825928,,,,1.0,,,,,,,,,
18280000,4570,1.375,,5.351353168487549,,,,1.375,,,,,,,,,
18284000,4571,0.25,,4.435664653778076,,,,0.25,,,,,,,,,
18288000,4572,0.5,,5.204183578491211,,,,0.5,,,,,,,,,
18292000,4573,0.5,,5.006354331970215,,,,0.5,,,,,,,,,
18296000,4574,0.0,,4.859625816345215,,,,0.0,,,,,,,,,
18300000,4575,0.125,,5.513396739959717,,,,0.125,,,,,,,,,
18304000,4576,0.125,,5.785667419433594,,,,0.125,,,,,,,,,
18308000,4577,0.0,,5.465232849121094,,,,0.0,,,,,,,,,
18312000,4578,0.0,,4.838128089904785,,,,0.0,,,,,,,,,
18316000,4579,0.0,,6.027682304382324,,,,0.0,,,,,,,,,
18320000,4580,0.125,,5.4580278396606445,,,,0.125,,,,,,,,,
18324000,4581,0.25,,6.410782337188721,,,,0.25,,,,,,,,,
18328000,4582,0.5,,5.278743743896484,,,,0.5,,,,,,,,,
18332000,4583,1.0,,4.768171310424805,,,,1.0,,,,,,,,,
18336000,4584,0.5,,4.7961506843566895,,,,0.5,,,,,,,,,
18340000,4585,0.375,,5.56024169921875,,,,0.375,,,,,,,,,
18344000,4586,0.0,,3.8920176029205322,,,,0.0,,,,,,,,,
18348000,4587,0.125,,3.876908302307129,,,,0.125,,,,,,,,,
18352000,4588,0.375,,4.334662437438965,,,,0.375,,,,,,,,,
18356000,4589,0.0,,4.250445365905762,,,,0.0,,,,,,,,,
18360000,4590,0.5,,3.701467990875244,,,,0.5,,,,,,,,,
18364000,4591,0.0,,4.092562675476074,,,,0.0,,,,,,,,,
18368000,4592,0.625,,4.15744686126709,,,,0.625,,,,,,,,,
18372000,4593,0.875,,3.8015785217285156,,,,0.875,,,,,,,,,
18376000,4594,0.5,,3.9322543144226074,,,,0.5,,,,,,,,,
18380000,4595,0.625,,3.347682476043701,,,,0.625,,,,,,,,,
18384000,4596,1.25,,4.790256500244141,,,,1.25,,,,,,,,,
18388000,4597,0.375,,3.7164907455444336,,,,0.375,,,,,,,,,
18392000,4598,0.375,,4.744462013244629,,,,0.375,,,,,,,,,
18396000,4599,1.0,,3.406435966491699,,,,1.0,,,,,,,,,
18400000,4600,0.625,,3.1312856674194336,,,,0.625,,,,,,,,,
18404000,4601,1.125,,3.212923049926758,,,,1.125,,,,,,,,,
18408000,4602,0.875,,4.14357852935791,,,,0.875,,,,,,,,,
18412000,4603,1.625,,3.6980626583099365,,,,1.625,,,,,,,,,
18416000,4604,0.625,,3.4395854473114014,,,,0.625,,,,,,,,,
18420000,4605,1.25,,4.058123588562012,,,,1.25,,,,,,,,,
18424000,4606,1.375,,3.814893960952759,,,,1.375,,,,,,,,,
18428000,4607,0.875,,4.446840286254883,,,,0.875,,,,,,,,,
18432000,4608,0.125,,4.160757064819336,,,,0.125,,,,,,,,,
18436000,4609,0.375,,4.56656551361084,,,,0.375,,,,,,,,,
18440000,4610,0.0,,4.441502094268799,,,,0.0,,,,,,,,,
18444000,4611,0.0,,4.740227699279785,,,,0.0,,,,,,,,,
18448000,4612,0.0,,5.213923931121826,,,,0.0,,,,,,,,,
18452000,4613,0.0,,4.576618194580078,,,,0.0,,,,,,,,,
18456000,4614,0.0,,5.961560249328613,,,,0.0,,,,,,,,,
18460000,4615,0.0,,5.972695350646973,,,,0.0,,,,,,,,,
18464000,4616,0.125,,5.730395793914795,,,,0.125,,,,,,,,,
18468000,4617,0.25,,5.805217742919922,,,,0.25,,,,,,,,,
18472000,4618,0.25,,5.125598430633545,,,,0.25,,,,,,,,,
18476000,4619,0.75,,3.7354722023010254,,,,0.75,,,,,,,,,
18480000,4620,0.5,,4.457752704620361,,,,0.5,,,,,,,,,
18484000,4621,0.25,,4.062692642211914,,,,0.25,,,,,,,,,
18488000,4622,0.25,,3.2316386699676514,,,,0.25,,,,,,,,,
18492000,4623,0.25,,2.9688198566436768,,,,0.25,,,,,,,,,
18496000,4624,0.0,,3.421656608581543,,,,0.0,,,,,,,,,
18500000,4625,0.125,,3.3483328819274902,,,,0.125,,,,,,,,,
18504000,4626,0.25,,4.124081134796143,,,,0.25,,,,,,,,,
18508000,4627,0.5,,3.5155723094940186,,,,0.5,,,,,,,,,
18512000,4628,0.75,,2.892683267593384,,,,0.75,,,,,,,,,
18516000,4629,0.125,,3.718747138977051,,,,0.125,,,,,,,,,
18520000,4630,0.625,,4.270101547241211,,,,0.625,,,,,,,,,
18524000,4631,0.625,,3.7355551719665527,,,,0.625,,,,,,,,,
18528000,4632,0.875,,4.240514278411865,,,,0.875,,,,,,,,,
18532000,4633,0.125,,4.186612129211426,,,,0.125,,,,,,,,,
18536000,4634,0.5,,4.665750503540039,,,,0.5,,,,,,,,,
18540000,4635,0.625,,4.559645175933838,,,,0.625,,,,,,,,,
18544000,4636,0.25,,3.3497204780578613,,,,0.25,,,,,,,,,
18548000,4637,0.25,,3.3717474937438965,,,,0.25,,,,,,,,,
18552000,4638,0.875,,3.6188571453094482,,,,0.875,,,,,,,,,
18556000,4639,0.875,,2.8482089042663574,,,,0.875,,,,,,,,,
18560000,4640,1.125,,3.189138412475586,,,,1.125,,,,,,,,,
18564000,4641,1.0,,4.193745136260986,,,,1.0,,,,,,,,,
18568000,4642,1.125,,4.381850242614746,,,,1.125,,,,,,,,,
18572000,4643,1.5,,3.679375410079956,,,,1.5,,,,,,,,,
18576000,4644,1.0,,3.5638363361358643,,,,1.0,,,,,,,,,
18580000,4645,0.875,,4.756916046142578,,,,0.875,,,,,,,,,
18584000,4646,0.125,,3.471336841583252,,,,0.125,,,,,,,,,
18588000,4647,0.0,,4.299047946929932,,,,0.0,,,,,,,,,
18592000,4648,0.0,,3.7753610610961914,,,,0.0,,,,,,,,,
18596000,4649,0.5,,4.119593143463135,,,,0.5,,,,,,,,,
18600000,4650,0.875,,4.240063190460205,,,,0.875,,,,,,,,,
18604000,4651,1.125,,3.3155910968780518,,,,1.125,,,,,,,,,
18608000,4652,0.75,,3.3375091552734375,,,,0.75,,,,,,,,,
18612000,4653,0.875,,4.477051258087158,,,,0.875,,,,,,,,,
18616000,4654,1.625,,3.7836155891418457,,,,1.625,,,,,,,,,
18620000,4655,1.125,,3.203991651535034,,,,1.125,,,,,,,,,
18624000,4656,0.875,,4.070777893066406,,,,0.875,,,,,,,,,
18628000,4657,0.875,,4.01780891418457,,,,0.875,,,,,,,,,
18632000,4658,1.5,,2.934412956237793,,,,1.5,,,,,,,,,
18636000,4659,0.875,,4.0817437171936035,,,,0.875,,,,,,,,,
18640000,4660,1.25,,4.033553123474121,,,,1.25,,,,,,,,,
18644000,4661,0.875,,4.0760908126831055,,,,0.875,,,,,,,,,
18648000,4662,1.0,,4.54799747467041,,,,1.0,,,,,,,,,
18652000,4663,1.25,,4.586341857910156,,,,1.25,,,,,,,,,
18656000,4664,1.0,,4.637398719787598,,,,1.0,,,,,,,,,
18660000,4665,0.0,,4.510274887084961,,,,0.0,,,,,,,,,
18664000,4666,1.75,,4.663286209106445,,,,1.75,,,,,,,,,
18668000,4667,0.875,,3.8659133911132812,,,,0.875,,,,,,,,,
18672000,4668,0.375,,3.7541756629943848,,,,0.375,,,,,,,,,
18676000,4669,0.875,,4.386418342590332,,,,0.875,,,,,,,,,
18680000,4670,0.25,,3.998241424560547,,,,0.25,,,,,,,,,
18684000,4671,0.875,,4.123256683349609,,,,0.875,,,,,,,,,
18688000,4672,0.125,,4.18684196472168,,,,0.125,,,,,,,,,
18692000,4673,0.375,,5.224175453186035,,,,0.375,,,,,,,,,
18696000,4674,0.375,,4.944787979125977,,,,0.375,,,,,,,,,
18700000,4675,0.125,,4.886255264282227,,,,0.125,,,,,,,,,
18704000,4676,0.125,,5.652937889099121,,,,0.125,,,,,,,,,
18708000,4677,0.5,,4.377877712249756,,,,0.5,,,,,,,,,
18712000,4678,0.375,,3.407083034515381,,,,0.375,,,,,,,,,
18716000,4679,0.125,,4.145013809204102,,,,0.125,,,,,,,,,
18720000,4680,0.375,,4.038280010223389,,,,0.375,,,,,,,,,
18724000,4681,0.75,,3.6073851585388184,,,,0.75,,,,,,,,,
18728000,4682,0.875,,2.786017894744873,,,,0.875,,,,,,,,,
18732000,4683,0.375,,4.166038513183594,,,,0.375,,,,,,,,,
18736000,4684,0.625,,3.036801338195801,,,,0.625,,,,,,,,,
18740000,4685,0.625,,4.101064682006836,,,,0.625,,,,,,,,,
18744000,4686,1.375,,3.816399335861206,,,,1.375,,,,,,,,,
18748000,4687,1.375,,3.8108291625976562,,,,1.375,,,,,,,,,
18752000,4688,2.375,,3.541886329650879,,,,2.375,,,,,,,,,
18756000,4689,0.875,,4.719648361206055,,,,0.875,,,,,,,,,
18760000,4690,1.75,,4.270447731018066,,,,1.75,,,,,,,,,
18764000,4691,1.375,,4.308352470397949,,,,1.375,,,,,,,,,
18768000,4692,1.125,,3.5413200855255127,,,,1.125,,,,,,,,,
18772000,4693,0.5,,4.346634864807129,,,,0.5,,,,,,,,,
18776000,4694,1.25,,3.797226667404175,,,,1.25,,,,,,,,,
18780000,4695,1.0,,4.7645063400268555,,,,1.0,,,,,,,,,
18784000,4696,2.25,,3.948789596557617,,,,2.25,,,,,,,,,
18788000,4697,1.625,,4.099443435668945,,,,1.625,,,,,,,,,
18792000,4698,0.75,,3.981539249420166,,,,0.75,,,,,,,,,
18796000,4699,1.625,,3.0690395832061768,,,,1.625,,,,,,,,,
18800000,4700,0.25,,4.4245805740356445,,,,0.25,,,,,,,,,
18804000,4701,1.25,,4.376912593841553,,,,1.25,,,,,,,,,
18808000,4702,1.5,,4.2976393699646,,,,1.5,,,,,,,,,
18812000,4703,1.25,,4.373179912567139,,,,1.25,,,,,,,,,
18816000,4704,2.125,,4.529947280883789,,,,2.125,,,,,,,,,
18820000,4705,1.375,,4.6695966720581055,,,,1.375,,,,,,,,,
18824000,4706,1.875,,4.616483211517334,,,,1.875,,,,,,,,,
18828000,4707,2.125,,4.342489242553711,,,,2.125,,,,,,,,,
18832000,4708,1.75,,5.358022689819336,,,,1.75,,,,,,,,,
18836000,4709,1.0,,3.8349273204803467,,,,1.0,,,,,,,,,
18840000,4710,1.875,,4.841423511505127,,,,1.875,,,,,,,,,
18844000,4711,2.5,,3.8857998847961426,,,,2.5,,,,,,,,,
18848000,4712,1.125,,5.04283332824707,,,,1.125,,,,,,,,,
18852000,4713,1.375,,4.905033111572266,,,,1.375,,,,,,,,,
18856000,4714,0.75,,4.947589874267578,,,,0.75,,,,,,,,,
18860000,4715,0.375,,5.960895538330078,,,,0.375,,,,,,,,,
18864000,4716,2.0,,5.750410079956055,,,,2.0,,,,,,,,,
18868000,4717,0.5,,5.123508453369141,,,,0.5,,,,,,,,,
18872000,4718,0.625,,6.224139213562012,,,,0.625,,,,,,,,,
18876000,4719,1.625,,5.913450241088867,,,,1.625,,,,,,,,,
18880000,4720,0.375,,4.988767623901367,,,,0.375,,,,,,,,,
18884000,4721,0.375,,6.438124179840088,,,,0.375,,,,,,,,,
18888000,4722,0.375,,5.664861679077148,,,,0.375,,,,,,,,,
18892000,4723,0.5,,5.601112365722656,,,,0.5,,,,,,,,,
18896000,4724,1.0,,5.704629421234131,,,,1.0,,,,,,,,,
18900000,4725,0.25,,5.450619697570801,,,,0.25,,,,,,,,,
18904000,4726,1.25,,5.639728546142578,,,,1.25,,,,,,,,,
18908000,4727,1.5,,5.152741432189941,,,,1.5,,,,,,,,,
18912000,4728,1.0,,4.957518100738525,,,,1.0,,,,,,,,,
18916000,4729,1.0,,5.353842735290527,,,,1.0,,,,,,,,,
18920000,4730,1.5,,4.79081392288208,,,,1.5,,,,,,,,,
18924000,4731,1.375,,4.133785247802734,,,,1.375,,,,,,,,,
18928000,4732,0.25,,4.933422565460205,,,,0.25,,,,,,,,,
18932000,4733,1.5,,5.8162431716918945,,,,1.5,,,,,,,,,
18936000,4734,0.625,,5.0944695472717285,,,,0.625,,,,,,,,,
18940000,4735,0.875,,5.788232803344727,,,,0.875,,,,,,,,,
18944000,4736,0.875,,5.7670793533325195,,,,0.875,,,,,,,,,
18948000,4737,1.75,,5.726517200469971,,,,1.75,,,,,,,,,
18952000,4738,2.5,,5.974214553833008,,,,2.5,,,,,,,,,
18956000,4739,0.75,,5.634347915649414,,,,0.75,,,,,,,,,
18960000,4740,0.875,,4.879192352294922,,,,0.875,,,,,,,,,
18964000,4741,0.875,,5.557567596435547,,,,0.875,,,,,,,,,
18968000,4742,1.125,,5.180656433105469,,,,1.125,,,,,,,,,
18972000,4743,1.25,,6.039715766906738,,,,1.25,,,,,,,,,
18976000,4744,1.5,,5.812623023986816,,,,1.5,,,,,,,,,
18980000,4745,0.75,,6.61372709274292,,,,0.75,,,,,,,,,
18984000,4746,1.125,,4.9635910987854,,,,1.125,,,,,,,,,
18988000,4747,0.625,,5.345134735107422,,,,0.625,,,,,,,,,
18992000,4748,0.75,,5.667814254760742,,,,0.75,,,,,,,,,
18996000,4749,2.0,,5.977560043334961,,,,2.0,,,,,,,,,
19000000,4750,2.125,,6.641838073730469,,,,2.125,,,,,,,,,
19004000,4751,0.875,,5.893030166625977,,,,0.875,,,,,,,,,
19008000,4752,2.375,,5.8205366134643555,,,,2.375,,,,,,,,,
19012000,4753,1.125,,5.953320503234863,,,,1.125,,,,,,,,,
19016000,4754,1.125,,6.500958442687988,,,,1.125,,,,,,,,,
19020000,4755,0.375,,7.450987815856934,,,,0.375,,,,,,,,,
19024000,4756,0.625,,5.960039138793945,,,,0.625,,,,,,,,,
19028000,4757,1.375,,6.988930702209473,,,,1.375,,,,,,,,,
19032000,4758,1.625,,6.0153608322143555,,,,1.625,,,,,,,,,
19036000,4759,0.5,,5.957967281341553,,,,0.5,,,,,,,,,
19040000,4760,1.5,,6.468445777893066,,,,1.5,,,,,,,,,
19044000,4761,1.125,,5.274842262268066,,,,1.125,,,,,,,,,
19048000,4762,0.5,,6.060639381408691,,,,0.5,,,,,,,,,
19052000,4763,1.75,,5.54372501373291,,,,1.75,,,,,,,,,
19056000,4764,0.75,,5.960972785949707,,,,0.75,,,,,,,,,
19060000,4765,1.125,,5.821249961853027,,,,1.125,,,,,,,,,
19064000,4766,0.75,,5.494327545166016,,,,0.75,,,,,,,,,
19068000,4767,1.875,,5.010941028594971,,,,1.875,,,,,,,,,
19072000,4768,0.875,,5.658430099487305,,,,0.875,,,,,,,,,
19076000,4769,2.0,,5.822327613830566,,,,2.0,,,,,,,,,
19080000,4770,1.0,,5.814007759094238,,,,1.0,,,,,,,,,
19084000,4771,0.875,,6.041965007781982,,,,0.875,,,,,,,,,
19088000,4772,0.25,,6.564174652099609,,,,0.25,,,,,,,,,
19092000,4773,0.0,,5.531930923461914,,,,0.0,,,,,,,,,
19096000,4774,0.125,,6.648329734802246,,,,0.125,,,,,,,,,
19100000,4775,0.125,,7.0293989181518555,,,,0.125,,,,,,,,,
19104000,4776,0.125,,6.84626579284668,,,,0.125,,,,,,,,,
19108000,4777,0.625,,7.133389472961426,,,,0.625,,,,,,,,,
19112000,4778,0.25,,7.478982448577881,,,,0.25,,,,,,,,,
19116000,4779,0.75,,7.616546630859375,,,,0.75,,,,,,,,,
19120000,4780,0.25,,8.20780086517334,,,,0.25,,,,,,,,,
19124000,4781,0.125,,6.755497932434082,,,,0.125,,,,,,,,,
19128000,4782,0.0,,7.451080799102783,,,,0.0,,,,,,,,,
19132000,4783,0.0,,7.08978271484375,,,,0.0,,,,,,,,,
19136000,4784,0.0,,7.245558738708496,,,,0.0,,,,,,,,,
19140000,4785,0.25,,6.143319606781006,,,,0.25,,,,,,,,,
19144000,4786,0.875,,7.627340793609619,,,,0.875,,,,,,,,,
19148000,4787,0.5,,6.662203788757324,,,,0.5,,,,,,,,,
19152000,4788,0.75,,5.564731597900391,,,,0.75,,,,,,,,,
19156000,4789,0.625,,5.167089462280273,,,,0.625,,,,,,,,,
19160000,4790,0.875,,6.070816516876221,,,,0.875,,,,,,,,,
19164000,4791,0.625,,5.528456211090088,,,,0.625,,,,,,,,,
19168000,4792,0.5,,5.436923980712891,,,,0.5,,,,,,,,,
19172000,4793,1.0,,5.13211727142334,,,,1.0,,,,,,,,,
19176000,4794,0.875,,5.175019264221191,,,,0.875,,,,,,,,,
19180000,4795,0.375,,5.305970191955566,,,,0.375,,,,,,,,,
19184000,4796,1.75,,4.607841491699219,,,,1.75,,,,,,,,,
19188000,4797,1.125,,5.268244743347168,,,,1.125,,,,,,,,,
19192000,4798,1.25,,4.91048526763916,,,,1.25,,,,,,,,,
19196000,4799,0.875,,7.091107368469238,,,,0.875,,,,,,,,,
19200000,4800,1.375,,5.510001182556152,,,,1.375,,,,,,,,,
19204000,4801,0.375,,5.349137306213379,,,,0.375,,,,,,,,,
19208000,4802,1.0,,5.488559722900391,,,,1.0,,,,,,,,,
19212000,4803,1.875,,6.015698432922363,,,,1.875,,,,,,,,,
19216000,4804,1.5,,4.9904584884643555,,,,1.5,,,,,,,,,
19220000,4805,2.0,,5.746494293212891,,,,2.0,,,,,,,,,
19224000,4806,0.875,,5.000636100769043,,,,0.875,,,,,,,,,
19228000,4807,1.375,,5.384693145751953,,,,1.375,,,,,,,,,
19232000,4808,1.625,,5.812078475952148,,,,1.625,,,,,,,,,
19236000,4809,1.75,,5.502307415008545,,,,1.75,,,,,,,,,
19240000,4810,1.0,,4.902622699737549,,,,1.0,,,,,,,,,
19244000,4811,1.25,,6.43467903137207,,,,1.25,,,,,,,,,
19248000,4812,2.125,,6.1019487380981445,,,,2.125,,,,,,,,,
19252000,4813,0.25,,5.606072425842285,,,,0.25,,,,,,,,,
19256000,4814,2.625,,4.74995231628418,,,,2.625,,,,,,,,,
19260000,4815,1.5,,5.479619026184082,,,,1.5,,,,,,,,,
19264000,4816,2.625,,5.2535247802734375,,,,2.625,,,,,,,,,
19268000,4817,0.75,,5.739569187164307,,,,0.75,,,,,,,,,
19272000,4818,2.375,,6.001472473144531,,,,2.375,,,,,,,,,
19276000,4819,0.875,,5.908262252807617,,,,0.875,,,,,,,,,
19280000,4820,1.75,,5.487285614013672,,,,1.75,,,,,,,,,
19284000,4821,1.75,,6.293886184692383,,,,1.75,,,,,,,,,
19288000,4822,0.875,,6.477821350097656,,,,0.875,,,,,,,,,
19292000,4823,1.875,,7.549493789672852,,,,1.875,,,,,,,,,
19296000,4824,0.5,,6.3341474533081055,,,,0.5,,,,,,,,,
19300000,4825,1.125,,6.715821266174316,,,,1.125,,,,,,,,,
19304000,4826,0.375,,6.9681010246276855,,,,0.375,,,,,,,,,
19308000,4827,1.75,,6.5614118576049805,,,,1.75,,,,,,,,,
19312000,4828,0.5,,6.211922645568848,,,,0.5,,,,,,,,,
19316000,4829,1.25,,6.382740020751953,,,,1.25,,,,,,,,,
19320000,4830,0.5,,5.636453151702881,,,,0.5,,,,,,,,,
19324000,4831,1.75,,6.776555061340332,,,,1.75,,,,,,,,,
19328000,4832,2.0,,5.3717241287231445,,,,2.0,,,,,,,,,
19332000,4833,1.25,,6.900880813598633,,,,1.25,,,,,,,,,
19336000,4834,1.0,,6.02834415435791,,,,1.0,,,,,,,,,
19340000,4835,1.375,,5.986847400665283,,,,1.375,,,,,,,,,
19344000,4836,2.0,,5.1629228591918945,,,,2.0,,,,,,,,,
19348000,4837,1.25,,5.72314453125,,,,1.25,,,,,,,,,
19352000,4838,2.125,,5.451865196228027,,,,2.125,,,,,,,,,
19356000,4839,1.5,,5.1913838386535645,,,,1.5,,,,,,,,,
19360000,4840,1.75,,5.840366363525391,,,,1.75,,,,,,,,,
19364000,4841,2.25,,6.104598045349121,,,,2.25,,,,,,,,,
19368000,4842,1.875,,5.6586198806762695,,,,1.875,,,,,,,,,
19372000,4843,2.875,,6.747644424438477,,,,2.875,,,,,,,,,
19376000,4844,2.25,,6.135317802429199,,,,2.25,,,,,,,,,
19380000,4845,2.375,,6.469144821166992,,,,2.375,,,,,,,,,
19384000,4846,1.875,,5.659237861633301,,,,1.875,,,,,,,,,
19388000,4847,1.375,,7.349614143371582,,,,1.375,,,,,,,,,
19392000,4848,2.125,,6.450400352478027,,,,2.125,,,,,,,,,
19396000,4849,1.625,,6.104508399963379,,,,1.625,,,,,,,,,
19400000,4850,0.625,,6.729349136352539,,,,0.625,,,,,,,,,
19404000,4851,0.875,,6.0560808181762695,,,,0.875,,,,,,,,,
19408000,4852,0.375,,6.117409706115723,,,,0.375,,,,,,,,,
19412000,4853,1.375,,5.779401779174805,,,,1.375,,,,,,,,,
19416000,4854,0.0,,5.976667404174805,,,,0.0,,,,,,,,,
19420000,4855,0.625,,7.036731243133545,,,,0.625,,,,,,,,,
19424000,4856,0.625,,5.964991569519043,,,,0.625,,,,,,,,,
19428000,4857,0.25,,5.5068864822387695,,,,0.25,,,,,,,,,
19432000,4858,0.75,,6.324084758758545,,,,0.75,,,,,,,,,
19436000,4859,0.0,,6.211947441101074,,,,0.0,,,,,,,,,
19440000,4860,0.25,,6.8542914390563965,,,,0.25,,,,,,,,,
19444000,4861,0.0,,6.407994747161865,,,,0.0,,,,,,,,,
19448000,4862,0.625,,6.374820709228516,,,,0.625,,,,,,,,,
19452000,4863,0.625,,4.707287788391113,,,,0.625,,,,,,,,,
19456000,4864,0.75,,5.596802711486816,,,,0.75,,,,,,,,,
19460000,4865,1.5,,6.131741046905518,,,,1.5,,,,,,,,,
19464000,4866,1.375,,5.212187767028809,,,,1.375,,,,,,,,,
19468000,4867,1.25,,5.949131488800049,,,,1.25,,,,,,,,,
19472000,4868,1.375,,5.62467098236084,,,,1.375,,,,,,,,,
19476000,4869,1.75,,6.557008743286133,,,,1.75,,,,,,,,,
19480000,4870,1.125,,6.363227844238281,,,,1.125,,,,,,,,,
19484000,4871,1.25,,5.093609809875488,,,,1.25,,,,,,,,,
19488000,4872,1.375,,5.2445549964904785,,,,1.375,,,,,,,,,
19492000,4873,1.375,,5.5861053466796875,,,,1.375,,,,,,,,,
19496000,4874,2.125,,5.926480770111084,,,,2.125,,,,,,,,,
19500000,4875,2.375,,5.992625713348389,,,,2.375,,,,,,,,,
19504000,4876,1.75,,5.517421722412109,,,,1.75,,,,,,,,,
19508000,4877,1.75,,5.174341201782227,,,,1.75,,,,,,,,,
19512000,4878,3.125,,5.468014240264893,,,,3.125,,,,,,,,,
19516000,4879,1.875,,5.792544364929199,,,,1.875,,,,,,,,,
19520000,4880,2.125,,6.538878440856934,,,,2.125,,,,,,,,,
19524000,4881,1.875,,6.427785396575928,,,,1.875,,,,,,,,,
19528000,4882,2.625,,6.150483131408691,,,,2.625,,,,,,,,,
19532000,4883,2.625,,6.811397552490234,,,,2.625,,,,,,,,,
19536000,4884,1.375,,6.213653564453125,,,,1.375,,,,,,,,,
19540000,4885,2.875,,7.241795539855957,,,,2.875,,,,,,,,,
19544000,4886,1.5,,5.846194267272949,,,,1.5,,,,,,,,,
19548000,4887,2.0,,6.4327569007873535,,,,2.0,,,,,,,,,
19552000,4888,2.0,,5.8945465087890625,,,,2.0,,,,,,,,,
19556000,4889,1.875,,6.379543304443359,,,,1.875,,,,,,,,,
19560000,4890,1.875,,6.219250679016113,,,,1.875,,,,,,,,,
19564000,4891,2.75,,6.826894760131836,,,,2.75,,,,,,,,,
19568000,4892,3.5,,5.205540657043457,,,,3.5,,,,,,,,,
19572000,4893,1.5,,6.090766906738281,,,,1.5,,,,,,,,,
19576000,4894,3.0,,6.172760009765625,,,,3.0,,,,,,,,,
19580000,4895,2.25,,6.629251003265381,,,,2.25,,,,,,,,,
19584000,4896,2.0,,6.88310432434082,,,,2.0,,,,,,,,,
19588000,4897,3.25,,6.0373125076293945,,,,3.25,,,,,,,,,
19592000,4898,1.875,,7.150792121887207,,,,1.875,,,,,,,,,
19596000,4899,2.625,,6.446902275085449,,,,2.625,,,,,,,,,
19600000,4900,2.25,,7.052623748779297,,,,2.25,,,,,,,,,
19604000,4901,2.75,,7.158384323120117,,,,2.75,,,,,,,,,
19608000,4902,2.25,,7.181356430053711,,,,2.25,,,,,,,,,
19612000,4903,3.625,,6.653404235839844,,,,3.625,,,,,,,,,
19616000,4904,1.125,,7.499054908752441,,,,1.125,,,,,,,,,
19620000,4905,1.625,,7.447051048278809,,,,1.625,,,,,,,,,
19624000,4906,1.75,,7.234339714050293,,,,1.75,,,,,,,,,
19628000,4907,1.25,,7.721980094909668,,,,1.25,,,,,,,,,
19632000,4908,1.5,,7.936600208282471,,,,1.5,,,,,,,,,
19636000,4909,1.0,,7.279405117034912,,,,1.0,,,,,,,,,
19640000,4910,2.0,,7.530524253845215,,,,2.0,,,,,,,,,
19644000,4911,1.625,,6.996864318847656,,,,1.625,,,,,,,,,
19648000,4912,0.625,,6.526276588439941,,,,0.625,,,,,,,,,
19652000,4913,2.625,,7.202858924865723,,,,2.625,,,,,,,,,
19656000,4914,1.75,,7.744874000549316,,,,1.75,,,,,,,,,
19660000,4915,2.375,,7.174764633178711,,,,2.375,,,,,,,,,
19664000,4916,2.0,,7.571664810180664,,,,2.0,,,,,,,,,
19668000,4917,2.5,,7.536574363708496,,,,2.5,,,,,,,,,
19672000,4918,2.25,,7.38182258605957,,,,2.25,,,,,,,,,
19676000,4919,1.5,,7.958406448364258,,,,1.5,,,,,,,,,
19680000,4920,1.25,,7.587861061096191,,,,1.25,,,,,,,,,
19684000,4921,1.125,,8.505664825439453,,,,1.125,,,,,,,,,
19688000,4922,0.75,,7.098425388336182,,,,0.75,,,,,,,,,
19692000,4923,0.625,,7.242302894592285,,,,0.625,,,,,,,,,
19696000,4924,0.0,,8.038713455200195,,,,0.0,,,,,,,,,
19700000,4925,2.375,,7.765692710876465,,,,2.375,,,,,,,,,
19704000,4926,0.5,,8.33509635925293,,,,0.5,,,,,,,,,
19708000,4927,1.625,,8.354333877563477,,,,1.625,,,,,,,,,
19712000,4928,0.375,,7.344027519226074,,,,0.375,,,,,,,,,
19716000,4929,0.625,,7.6844964027404785,,,,0.625,,,,,,,,,
19720000,4930,1.625,,7.544840335845947,,,,1.625,,,,,,,,,
19724000,4931,1.375,,7.515816688537598,,,,1.375,,,,,,,,,
19728000,4932,2.375,,7.06129264831543,,,,2.375,,,,,,,,,
19732000,4933,1.625,,6.563801288604736,,,,1.625,,,,,,,,,
19736000,4934,1.625,,7.814420700073242,,,,1.625,,,,,,,,,
19740000,4935,1.5,,7.641812324523926,,,,1.5,,,,,,,,,
19744000,4936,2.125,,6.391064643859863,,,,2.125,,,,,,,,,
19748000,4937,1.375,,7.021455764770508,,,,1.375,,,,,,,,,
19752000,4938,1.5,,7.399116039276123,,,,1.5,,,,,,,,,
19756000,4939,2.5,,7.4042067527771,,,,2.5,,,,,,,,,
19760000,4940,2.25,,7.054365634918213,,,,2.25,,,,,,,,,
19764000,4941,2.125,,6.740199089050293,,,,2.125,,,,,,,,,
19768000,4942,2.125,,7.635674476623535,,,,2.125,,,,,,,,,
19772000,4943,1.75,,7.4019246101379395,,,,1.75,,,,,,,,,
19776000,4944,3.125,,7.650704383850098,,,,3.125,,,,,,,,,
19780000,4945,2.5,,7.757063865661621,,,,2.5,,,,,,,,,
19784000,4946,2.75,,7.190485000610352,,,,2.75,,,,,,,,,
19788000,4947,3.125,,6.9972429275512695,,,,3.125,,,,,,,,,
19792000,4948,1.125,,6.898074150085449,,,,1.125,,,,,,,,,
19796000,4949,3.0,,7.959794998168945,,,,3.0,,,,,,,,,
19800000,4950,3.125,,7.823703289031982,,,,3.125,,,,,,,,,
19804000,4951,1.625,,8.208751678466797,,,,1.625,,,,,,,,,
19808000,4952,3.125,,7.804726600646973,,,,3.125,,,,,,,,,
19812000,4953,2.375,,7.543102264404297,,,,2.375,,,,,,,,,
19816000,4954,2.375,,7.390792369842529,,,,2.375,,,,,,,,,
19820000,4955,2.75,,7.349890232086182,,,,2.75,,,,,,,,,
19824000,4956,2.75,,7.049610137939453,,,,2.75,,,,,,,,,
19828000,4957,2.375,,7.49620246887207,,,,2.375,,,,,,,,,
19832000,4958,2.25,,8.132944107055664,,,,2.25,,,,,,,,,
19836000,4959,3.375,,8.429362297058105,,,,3.375,,,,,,,,,
19840000,4960,3.25,,8.557282447814941,,,,3.25,,,,,,,,,
19844000,4961,2.75,,8.066585540771484,,,,2.75,,,,,,,,,
19848000,4962,2.0,,8.441900253295898,,,,2.0,,,,,,,,,
19852000,4963,3.25,,9.299263000488281,,,,3.25,,,,,,,,,
19856000,4964,2.5,,8.551911354064941,,,,2.5,,,,,,,,,
19860000,4965,2.625,,7.6168012619018555,,,,2.625,,,,,,,,,
19864000,4966,2.375,,8.026151657104492,,,,2.375,,,,,,,,,
19868000,4967,3.0,,7.951555252075195,,,,3.0,,,,,,,,,
19872000,4968,3.25,,7.855030536651611,,,,3.25,,,,,,,,,
19876000,4969,0.75,,8.996193885803223,,,,0.75,,,,,,,,,
19880000,4970,0.25,,8.57056713104248,,,,0.25,,,,,,,,,
19884000,4971,2.375,,9.802923202514648,,,,2.375,,,,,,,,,
19888000,4972,1.25,,7.546430587768555,,,,1.25,,,,,,,,,
19892000,4973,0.875,,8.567307472229004,,,,0.875,,,,,,,,,
19896000,4974,1.25,,7.130704402923584,,,,1.25,,,,,,,,,
19900000,4975,1.5,,7.508260250091553,,,,1.5,,,,,,,,,
19904000,4976,2.375,,9.017070770263672,,,,2.375,,,,,,,,,
19908000,4977,1.625,,7.990207672119141,,,,1.625,,,,,,,,,
19912000,4978,1.25,,7.449842929840088,,,,1.25,,,,,,,,,
19916000,4979,1.625,,8.74212646484375,,,,1.625,,,,,,,,,
19920000,4980,1.25,,8.2594575881958,,,,1.25,,,,,,,,,
19924000,4981,1.375,,8.324352264404297,,,,1.375,,,,,,,,,
19928000,4982,0.875,,8.861991882324219,,,,0.875,,,,,,,,,
19932000,4983,2.0,,8.924576759338379,,,,2.0,,,,,,,,,
19936000,4984,2.5,,9.389640808105469,,,,2.5,,,,,,,,,
19940000,4985,2.25,,9.013213157653809,,,,2.25,,,,,,,,,
19944000,4986,1.0,,8.27486801147461,,,,1.0,,,,,,,,,
19948000,4987,2.875,,8.034042358398438,,,,2.875,,,,,,,,,
19952000,4988,1.5,,8.399824142456055,,,,1.5,,,,,,,,,
19956000,4989,1.125,,7.913156986236572,,,,1.125,,,,,,,,,
19960000,4990,2.875,,7.918970584869385,,,,2.875,,,,,,,,,
19964000,4991,1.25,,7.688704490661621,,,,1.25,,,,,,,,,
19968000,4992,2.125,,8.329160690307617,,,,2.125,,,,,,,,,
19972000,4993,2.5,,8.148584365844727,,,,2.5,,,,,,,,,
19976000,4994,2.125,,8.746274948120117,,,,2.125,,,,,,,,,
19980000,4995,1.625,,7.80499792098999,,,,1.625,,,,,,,,,
19984000,4996,1.625,,8.282115936279297,,,,1.625,,,,,,,,,
19988000,4997,2.25,,8.570857048034668,,,,2.25,,,,,,,,,
19992000,4998,2.0,,8.522331237792969,,,,2.0,,,,,,,,,
19996000,4999,1.125,,7.480518341064453,,,,1.125,,,,,,,,,
20000000,5000,3.375,,8.98404312133789,,,,3.375,,,,,,,,,
20004000,5001,3.125,,8.341869354248047,,,,3.125,,,,,,,,,
20008000,5002,2.5,,8.371545791625977,,,,2.5,,,,,,,,,
20012000,5003,2.125,,8.028756141662598,,,,2.125,,,,,,,,,
20016000,5004,3.125,,8.035045623779297,,,,3.125,,,,,,,,,
20020000,5005,0.5,,8.082328796386719,,,,0.5,,,,,,,,,
20024000,5006,1.75,,7.896691799163818,,,,1.75,,,,,,,,,
20028000,5007,2.5,,7.494986057281494,,,,2.5,,,,,,,,,
20032000,5008,0.625,,8.285250663757324,,,,0.625,,,,,,,,,
20036000,5009,2.75,,8.111745834350586,,,,2.75,,,,,,,,,
20040000,5010,2.0,,8.139947891235352,,,,2.0,,,,,,,,,
20044000,5011,2.375,,8.74380111694336,,,,2.375,,,,,,,,,
20048000,5012,2.5,,8.051204681396484,,,,2.5,,,,,,,,,
20052000,5013,1.75,,7.923223495483398,,,,1.75,,,,,,,,,
20056000,5014,2.875,,7.907314300537109,,,,2.875,,,,,,,,,
20060000,5015,0.875,,8.424714088439941,,,,0.875,,,,,,,,,
20064000,5016,2.25,,8.097397804260254,,,,2.25,,,,,,,,,
20068000,5017,1.5,,8.592220306396484,,,,1.5,,,,,,,,,
20072000,5018,1.75,,8.05354118347168,,,,1.75,,,,,,,,,
20076000,5019,1.375,,7.844141960144043,,,,1.375,,,,,,,,,
20080000,5020,2.75,,7.664196491241455,,,,2.75,,,,,,,,,
20084000,5021,1.625,,7.970046043395996,,,,1.625,,,,,,,,,
20088000,5022,2.5,,7.961881160736084,,,,2.5,,,,,,,,,
20092000,5023,1.0,,7.472499847412109,,,,1.0,,,,,,,,,
20096000,5024,2.25,,7.235478401184082,,,,2.25,,,,,,,,,
20100000,5025,1.75,,7.224878787994385,,,,1.75,,,,,,,,,
20104000,5026,2.25,,7.754279136657715,,,,2.25,,,,,,,,,
20108000,5027,1.625,,7.2126545906066895,,,,1.625,,,,,,,,,
20112000,5028,1.75,,7.877777576446533,,,,1.75,,,,,,,,,
20116000,5029,3.5,,6.8562798500061035,,,,3.5,,,,,,,,,
20120000,5030,2.625,,6.918304920196533,,,,2.625,,,,,,,,,
20124000,5031,3.5,,7.698939323425293,,,,3.5,,,,,,,,,
20128000,5032,2.25,,7.606510162353516,,,,2.25,,,,,,,,,
20132000,5033,2.0,,7.749556541442871,,,,2.0,,,,,,,,,
20136000,5034,2.25,,7.279367923736572,,,,2.25,,,,,,,,,
20140000,5035,3.25,,7.83254337310791,,,,3.25,,,,,,,,,
20144000,5036,1.625,,7.929604530334473,,,,1.625,,,,,,,,,
20148000,5037,2.25,,7.934201240539551,,,,2.25,,,,,,,,,
20152000,5038,2.625,,7.711422920227051,,,,2.625,,,,,,,,,
20156000,5039,3.5,,7.978367805480957,,,,3.5,,,,,,,,,
20160000,5040,1.875,,7.8126068115234375,,,,1.875,,,,,,,,,
20164000,5041,3.75,,7.398623466491699,,,,3.75,,,,,,,,,
20168000,5042,3.125,,8.428631782531738,,,,3.125,,,,,,,,,
20172000,5043,3.0,,8.561052322387695,,,,3.0,,,,,,,,,
20176000,5044,3.375,,7.615788459777832,,,,3.375,,,,,,,,,
20180000,5045,2.125,,8.096145629882812,,,,2.125,,,,,,,,,
20184000,5046,2.5,,7.594480514526367,,,,2.5,,,,,,,,,
20188000,5047,3.25,,7.729865074157715,,,,3.25,,,,,,,,,
20192000,5048,3.125,,7.527894973754883,,,,3.125,,,,,,,,,
20196000,5049,2.75,,7.713127136230469,,,,2.75,,,,,,,,,
20200000,5050,2.875,,9.120384216308594,,,,2.875,,,,,,,,,
20204000,5051,1.5,,7.842156887054443,,,,1.5,,,,,,,,,
20208000,5052,2.625,,7.3189167976379395,,,,2.625,,,,,,,,,
20212000,5053,2.625,,8.414896965026855,,,,2.625,,,,,,,,,
20216000,5054,1.25,,8.220536231994629,,,,1.25,,,,,,,,,
20220000,5055,3.375,,8.400270462036133,,,,3.375,,,,,,,,,
20224000,5056,3.0,,7.541271209716797,,,,3.0,,,,,,,,,
20228000,5057,3.5,,8.045660018920898,,,,3.5,,,,,,,,,
20232000,5058,3.125,,8.126554489135742,,,,3.125,,,,,,,,,
20236000,5059,2.25,,8.120808601379395,,,,2.25,,,,,,,,,
20240000,5060,1.75,,7.879343509674072,,,,1.75,,,,,,,,,
20244000,5061,2.625,,8.476288795471191,,,,2.625,,,,,,,,,
20248000,5062,2.375,,8.51897144317627,,,,2.375,,,,,,,,,
20252000,5063,2.5,,7.778599739074707,,,,2.5,,,,,,,,,
20256000,5064,2.75,,7.909436225891113,,,,2.75,,,,,,,,,
20260000,5065,1.5,,7.933933734893799,,,,1.5,,,,,,,,,
20264000,5066,2.125,,8.287891387939453,,,,2.125,,,,,,,,,
20268000,5067,3.25,,7.568047523498535,,,,3.25,,,,,,,,,
20272000,5068,1.875,,8.276468276977539,,,,1.875,,,,,,,,,
20276000,5069,3.125,,7.562515735626221,,,,3.125,,,,,,,,,
20280000,5070,1.5,,8.604793548583984,,,,1.5,,,,,,,,,
20284000,5071,3.375,,8.157629013061523,,,,3.375,,,,,,,,,
20288000,5072,0.875,,7.974852561950684,,,,0.875,,,,,,,,,
20292000,5073,1.875,,8.117446899414062,,,,1.875,,,,,,,,,
20296000,5074,2.0,,8.116888046264648,,,,2.0,,,,,,,,,
20300000,5075,1.5,,8.32786750793457,,,,1.5,,,,,,,,,
20304000,5076,2.0,,7.481182098388672,,,,2.0,,,,,,,,,
20308000,5077,1.875,,7.8102641105651855,,,,1.875,,,,,,,,,
20312000,5078,1.5,,8.134870529174805,,,,1.5,,,,,,,,,
20316000,5079,3.0,,7.804403305053711,,,,3.0,,,,,,,,,
20320000,5080,0.625,,8.857030868530273,,,,0.625,,,,,,,,,
20324000,5081,2.0,,7.49568510055542,,,,2.0,,,,,,,,,
20328000,5082,0.375,,7.318927764892578,,,,0.375,,,,,,,,,
20332000,5083,1.75,,8.029693603515625,,,,1.75,,,,,,,,,
20336000,5084,1.75,,6.839296340942383,,,,1.75,,,,,,,,,
20340000,5085,1.875,,7.673356533050537,,,,1.875,,,,,,,,,
20344000,5086,2.25,,6.531420707702637,,,,2.25,,,,,,,,,
20348000,5087,0.875,,6.972567558288574,,,,0.875,,,,,,,,,
20352000,5088,1.875,,7.678680896759033,,,,1.875,,,,,,,,,
20356000,5089,0.375,,7.105242729187012,,,,0.375,,,,,,,,,
20360000,5090,1.125,,7.4310784339904785,,,,1.125,,,,,,,,,
20364000,5091,1.125,,7.2922282218933105,,,,1.125,,,,,,,,,
20368000,5092,2.25,,7.925179481506348,,,,2.25,,,,,,,,,
20372000,5093,1.375,,6.839376449584961,,,,1.375,,,,,,,,,
20376000,5094,1.875,,6.781214237213135,,,,1.875,,,,,,,,,
20380000,5095,2.5,,7.061212539672852,,,,2.5,,,,,,,,,
20384000,5096,2.875,,7.451747894287109,,,,2.875,,,,,,,,,
20388000,5097,3.5,,7.40200662612915,,,,3.5,,,,,,,,,
20392000,5098,2.0,,6.920140743255615,,,,2.0,,,,,,,,,
20396000,5099,3.0,,7.376702785491943,,,,3.0,,,,,,,,,
20400000,5100,1.5,,7.7708282470703125,,,,1.5,,,,,,,,,
20404000,5101,3.375,,7.123447895050049,,,,3.375,,,,,,,,,
20408000,5102,2.75,,7.1706953048706055,,,,2.75,,,,,,,,,
20412000,5103,2.0,,7.3455352783203125,,,,2.0,,,,,,,,,
20416000,5104,3.125,,7.657752990722656,,,,3.125,,,,,,,,,
20420000,5105,3.25,,7.810779094696045,,,,3.25,,,,,,,,,
20424000,5106,1.875,,7.447025299072266,,,,1.875,,,,,,,,,
20428000,5107,1.0,,7.560401439666748,,,,1.0,,,,,,,,,
20432000,5108,0.75,,6.910629749298096,,,,0.75,,,,,,,,,
20436000,5109,1.75,,7.686240196228027,,,,1.75,,,,,,,,,
20440000,5110,1.625,,7.135969161987305,,,,1.625,,,,,,,,,
20444000,5111,1.625,,7.742849349975586,,,,1.625,,,,,,,,,
20448000,5112,1.75,,7.337374687194824,,,,1.75,,,,,,,,,
20452000,5113,2.125,,7.7637505531311035,,,,2.125,,,,,,,,,
20456000,5114,2.0,,7.12445068359375,,,,2.0,,,,,,,,,
20460000,5115,3.0,,7.249781608581543,,,,3.0,,,,,,,,,
20464000,5116,1.875,,6.840378761291504,,,,1.875,,,,,,,,,
20468000,5117,1.75,,6.7205328941345215,,,,1.75,,,,,,,,,
20472000,5118,1.25,,6.64621639251709,,,,1.25,,,,,,,,,
20476000,5119,1.75,,7.20451545715332,,,,1.75,,,,,,,,,
20480000,5120,1.625,,8.445371627807617,,,,1.625,,,,,,,,,
20484000,5121,1.0,,7.76546049118042,,,,1.0,,,,,,,,,
20488000,5122,1.125,,7.723366737365723,,,,1.125,,,,,,,,,
20492000,5123,0.875,,7.695823669433594,,,,0.875,,,,,,,,,
20496000,5124,2.0,,7.090600967407227,,,,2.0,,,,,,,,,
20500000,5125,2.0,,6.909127712249756,,,,2.0,,,,,,,,,
20504000,5126,1.0,,6.8330397605896,,,,1.0,,,,,,,,,
20508000,5127,1.5,,7.0515875816345215,,,,1.5,,,,,,,,,
20512000,5128,0.625,,6.903841972351074,,,,0.625,,,,,,,,,
20516000,5129,0.125,,7.480576038360596,,,,0.125,,,,,,,,,
20520000,5130,0.375,,7.676048278808594,,,,0.375,,,,,,,,,
20524000,5131,0.5,,7.393368721008301,,,,0.5,,,,,,,,,
20528000,5132,2.625,,6.9812116622924805,,,,2.625,,,,,,,,,
20532000,5133,2.0,,6.793648719787598,,,,2.0,,,,,,,,,
20536000,5134,2.625,,6.672506332397461,,,,2.625,,,,,,,,,
20540000,5135,2.875,,6.714461803436279,,,,2.875,,,,,,,,,
20544000,5136,0.5,,6.897836208343506,,,,0.5,,,,,,,,,
20548000,5137,1.75,,6.663543701171875,,,,1.75,,,,,,,,,
20552000,5138,2.25,,6.547451496124268,,,,2.25,,,,,,,,,
20556000,5139,3.125,,7.1493401527404785,,,,3.125,,,,,,,,,
20560000,5140,2.125,,6.959024429321289,,,,2.125,,,,,,,,,
20564000,5141,3.625,,7.507922172546387,,,,3.625,,,,,,,,,
20568000,5142,1.125,,7.3277082443237305,,,,1.125,,,,,,,,,
20572000,5143,3.75,,6.6654744148254395,,,,3.75,,,,,,,,,
20576000,5144,2.25,,6.880615711212158,,,,2.25,,,,,,,,,
20580000,5145,3.5,,6.977816104888916,,,,3.5,,,,,,,,,
20584000,5146,2.875,,7.129576683044434,,,,2.875,,,,,,,,,
20588000,5147,2.375,,6.860428810119629,,,,2.375,,,,,,,,,
20592000,5148,2.625,,7.037819862365723,,,,2.625,,,,,,,,,
20596000,5149,3.5,,6.831660270690918,,,,3.5,,,,,,,,,
20600000,5150,3.875,,7.258336067199707,,,,3.875,,,,,,,,,
20604000,5151,3.375,,7.414958953857422,,,,3.375,,,,,,,,,
20608000,5152,3.375,,6.511532783508301,,,,3.375,,,,,,,,,
20612000,5153,2.875,,7.413690567016602,,,,2.875,,,,,,,,,
20616000,5154,3.0,,7.068223476409912,,,,3.0,,,,,,,,,
20620000,5155,1.875,,7.040004730224609,,,,1.875,,,,,,,,,
20624000,5156,0.375,,7.299687385559082,,,,0.375,,,,,,,,,
20628000,5157,1.75,,6.941050052642822,,,,1.75,,,,,,,,,
20632000,5158,3.0,,6.5528178215026855,,,,3.0,,,,,,,,,
20636000,5159,2.125,,6.283360481262207,,,,2.125,,,,,,,,,
20640000,5160,2.125,,6.666184425354004,,,,2.125,,,,,,,,,
20644000,5161,1.75,,7.379175186157227,,,,1.75,,,,,,,,,
20648000,5162,3.75,,7.400089263916016,,,,3.75,,,,,,,,,
20652000,5163,2.125,,7.239538192749023,,,,2.125,,,,,,,,,
20656000,5164,1.375,,6.899822235107422,,,,1.375,,,,,,,,,
20660000,5165,1.375,,7.348825454711914,,,,1.375,,,,,,,,,
20664000,5166,1.125,,7.022029876708984,,,,1.125,,,,,,,,,
20668000,5167,0.5,,7.2931742668151855,,,,0.5,,,,,,,,,
20672000,5168,1.25,,6.833137512207031,,,,1.25,,,,,,,,,
20676000,5169,2.125,,6.357369422912598,,,,2.125,,,,,,,,,
20680000,5170,0.75,,7.074257850646973,,,,0.75,,,,,,,,,
20684000,5171,3.375,,6.351375579833984,,,,3.375,,,,,,,,,
20688000,5172,2.875,,7.019580841064453,,,,2.875,,,,,,,,,
20692000,5173,2.5,,6.603387355804443,,,,2.5,,,,,,,,,
20696000,5174,2.0,,6.437922477722168,,,,2.0,,,,,,,,,
20700000,5175,1.75,,6.424476623535156,,,,1.75,,,,,,,,,
20704000,5176,1.375,,6.5125274658203125,,,,1.375,,,,,,,,,
20708000,5177,2.75,,6.768683910369873,,,,2.75,,,,,,,,,
20712000,5178,3.0,,5.522584915161133,,,,3.0,,,,,,,,,
20716000,5179,0.75,,6.75335168838501,,,,0.75,,,,,,,,,
20720000,5180,2.125,,6.164167404174805,,,,2.125,,,,,,,,,
20724000,5181,3.5,,6.369565963745117,,,,3.5,,,,,,,,,
20728000,5182,2.75,,6.203466892242432,,,,2.75,,,,,,,,,
20732000,5183,3.5,,6.636622428894043,,,,3.5,,,,,,,,,
20736000,5184,2.375,,6.861808776855469,,,,2.375,,,,,,,,,
20740000,5185,2.75,,5.8589630126953125,,,,2.75,,,,,,,,,
20744000,5186,1.875,,6.530153274536133,,,,1.875,,,,,,,,,
20748000,5187,1.125,,7.287214279174805,,,,1.125,,,,,,,,,
20752000,5188,0.875,,6.868134498596191,,,,0.875,,,,,,,,,
20756000,5189,2.75,,7.069433212280273,,,,2.75,,,,,,,,,
20760000,5190,1.25,,6.97096061706543,,,,1.25,,,,,,,,,
20764000,5191,1.875,,6.732105731964111,,,,1.875,,,,,,,,,
20768000,5192,1.125,,6.721761703491211,,,,1.125,,,,,,,,,
20772000,5193,2.0,,6.915863513946533,,,,2.0,,,,,,,,,
20776000,5194,2.0,,6.2557806968688965,,,,2.0,,,,,,,,,
20780000,5195,1.5,,6.50651741027832,,,,1.5,,,,,,,,,
20784000,5196,2.0,,6.396666526794434,,,,2.0,,,,,,,,,
20788000,5197,0.625,,6.54060697555542,,,,0.625,,,,,,,,,
20792000,5198,1.375,,6.635483741760254,,,,1.375,,,,,,,,,
20796000,5199,1.0,,6.7328901290893555,,,,1.0,,,,,,,,,
20800000,5200,0.75,,6.953007221221924,,,,0.75,,,,,,,,,
20804000,5201,3.25,,5.993037223815918,,,,3.25,,,,,,,,,
20808000,5202,1.875,,6.103952884674072,,,,1.875,,,,,,,,,
20812000,5203,2.5,,5.509755611419678,,,,2.5,,,,,,,,,
20816000,5204,3.375,,5.428903579711914,,,,3.375,,,,,,,,,
20820000,5205,1.875,,6.149118423461914,,,,1.875,,,,,,,,,
20824000,5206,2.25,,5.636730670928955,,,,2.25,,,,,,,,,
20828000,5207,2.375,,5.420645713806152,,,,2.375,,,,,,,,,
20832000,5208,1.375,,6.146197319030762,,,,1.375,,,,,,,,,
20836000,5209,2.75,,6.341745853424072,,,,2.75,,,,,,,,,
20840000,5210,1.0,,6.091708183288574,,,,1.0,,,,,,,,,
20844000,5211,3.0,,6.437688827514648,,,,3.0,,,,,,,,,
20848000,5212,2.0,,5.677105903625488,,,,2.0,,,,,,,,,
20852000,5213,2.125,,6.834892272949219,,,,2.125,,,,,,,,,
20856000,5214,2.25,,5.516518592834473,,,,2.25,,,,,,,,,
20860000,5215,2.875,,6.4403228759765625,,,,2.875,,,,,,,,,
20864000,5216,3.0,,5.638937950134277,,,,3.0,,,,,,,,,
20868000,5217,2.875,,6.346755027770996,,,,2.875,,,,,,,,,
20872000,5218,2.0,,6.34890079498291,,,,2.0,,,,,,,,,
20876000,5219,2.125,,6.167536735534668,,,,2.125,,,,,,,,,
20880000,5220,2.625,,6.546143054962158,,,,2.625,,,,,,,,,
20884000,5221,2.625,,6.365464687347412,,,,2.625,,,,,,,,,
20888000,5222,3.375,,5.950534343719482,,,,3.375,,,,,,,,,
20892000,5223,2.75,,5.83713436126709,,,,2.75,,,,,,,,,
20896000,5224,0.875,,6.236762046813965,,,,0.875,,,,,,,,,
20900000,5225,2.75,,6.215847492218018,,,,2.75,,,,,,,,,
20904000,5226,2.0,,5.852992057800293,,,,2.0,,,,,,,,,
20908000,5227,2.625,,5.81525993347168,,,,2.625,,,,,,,,,
20912000,5228,2.25,,5.714605808258057,,,,2.25,,,,,,,,,
20916000,5229,2.125,,6.154245376586914,,,,2.125,,,,,,,,,
20920000,5230,3.625,,5.925644874572754,,,,3.625,,,,,,,,,
20924000,5231,3.125,,6.488631248474121,,,,3.125,,,,,,,,,
20928000,5232,3.125,,6.149038791656494,,,,3.125,,,,,,,,,
20932000,5233,2.875,,6.390048027038574,,,,2.875,,,,,,,,,
20936000,5234,1.875,,5.747470855712891,,,,1.875,,,,,,,,,
20940000,5235,3.25,,6.255972862243652,,,,3.25,,,,,,,,,
20944000,5236,2.125,,6.390760898590088,,,,2.125,,,,,,,,,
20948000,5237,2.875,,6.376656532287598,,,,2.875,,,,,,,,,
20952000,5238,1.875,,5.954618453979492,,,,1.875,,,,,,,,,
20956000,5239,2.625,,6.204687118530273,,,,2.625,,,,,,,,,
20960000,5240,3.625,,6.072597503662109,,,,3.625,,,,,,,,,
20964000,5241,1.5,,6.470890998840332,,,,1.5,,,,,,,,,
20968000,5242,2.625,,5.955900192260742,,,,2.625,,,,,,,,,
20972000,5243,3.5,,6.314393520355225,,,,3.5,,,,,,,,,
20976000,5244,3.75,,5.909980773925781,,,,3.75,,,,,,,,,
20980000,5245,2.75,,5.838568687438965,,,,2.75,,,,,,,,,
20984000,5246,2.625,,5.699883937835693,,,,2.625,,,,,,,,,
20988000,5247,2.375,,6.50985050201416,,,,2.375,,,,,,,,,
20992000,5248,2.75,,6.183300971984863,,,,2.75,,,,,,,,,
20996000,5249,3.5,,5.980683326721191,,,,3.5,,,,,,,,,
21000000,5250,3.625,,6.294480323791504,,,,3.625,,,,,,,,,
21004000,5251,3.375,,6.052103519439697,,,,3.375,,,,,,,,,
21008000,5252,3.25,,6.198016166687012,,,,3.25,,,,,,,,,
21012000,5253,2.75,,6.254036903381348,,,,2.75,,,,,,,,,
21016000,5254,2.75,,6.568757057189941,,,,2.75,,,,,,,,,
21020000,5255,2.125,,5.732501029968262,,,,2.125,,,,,,,,,
21024000,5256,3.5,,6.798457145690918,,,,3.5,,,,,,,,,
21028000,5257,3.375,,6.646825790405273,,,,3.375,,,,,,,,,
21032000,5258,2.875,,6.983120918273926,,,,2.875,,,,,,,,,
21036000,5259,3.625,,6.809603214263916,,,,3.625,,,,,,,,,
21040000,5260,2.625,,6.89302921295166,,,,2.625,,,,,,,,,
21044000,5261,3.875,,6.461623668670654,,,,3.875,,,,,,,,,
21048000,5262,2.25,,6.812432289123535,,,,2.25,,,,,,,,,
21052000,5263,3.625,,5.930651664733887,,,,3.625,,,,,,,,,
21056000,5264,3.25,,6.5470476150512695,,,,3.25,,,,,,,,,
21060000,5265,1.375,,6.970165252685547,,,,1.375,,,,,,,,,
21064000,5266,1.75,,6.7445268630981445,,,,1.75,,,,,,,,,
21068000,5267,3.5,,6.721736907958984,,,,3.5,,,,,,,,,
21072000,5268,2.0,,6.658310890197754,,,,2.0,,,,,,,,,
21076000,5269,2.875,,6.706068992614746,,,,2.875,,,,,,,,,
21080000,5270,3.5,,7.083186149597168,,,,3.5,,,,,,,,,
21084000,5271,2.375,,6.638241291046143,,,,2.375,,,,,,,,,
21088000,5272,2.25,,6.957143783569336,,,,2.25,,,,,,,,,
21092000,5273,2.25,,6.238697528839111,,,,2.25,,,,,,,,,
21096000,5274,1.625,,6.1500244140625,,,,1.625,,,,,,,,,
21100000,5275,2.5,,6.270992279052734,,,,2.5,,,,,,,,,
21104000,5276,1.75,,6.126087188720703,,,,1.75,,,,,,,,,
21108000,5277,2.75,,6.207076072692871,,,,2.75,,,,,,,,,
21112000,5278,2.125,,5.970329761505127,,,,2.125,,,,,,,,,
21116000,5279,3.375,,6.331756591796875,,,,3.375,,,,,,,,,
21120000,5280,3.375,,5.895851135253906,,,,3.375,,,,,,,,,
21124000,5281,2.0,,6.183821678161621,,,,2.0,,,,,,,,,
21128000,5282,3.125,,5.849843978881836,,,,3.125,,,,,,,,,
21132000,5283,2.625,,6.753324508666992,,,,2.625,,,,,,,,,
21136000,5284,2.875,,6.517806053161621,,,,2.875,,,,,,,,,
21140000,5285,2.5,,6.3359456062316895,,,,2.5,,,,,,,,,
21144000,5286,3.625,,6.178747653961182,,,,3.625,,,,,,,,,
21148000,5287,3.0,,6.403083324432373,,,,3.0,,,,,,,,,
21152000,5288,2.5,,6.344244003295898,,,,2.5,,,,,,,,,
21156000,5289,3.375,,6.733264923095703,,,,3.375,,,,,,,,,
21160000,5290,2.75,,6.468671798706055,,,,2.75,,,,,,,,,
21164000,5291,3.75,,6.123860836029053,,,,3.75,,,,,,,,,
21168000,5292,3.25,,6.552874565124512,,,,3.25,,,,,,,,,
21172000,5293,2.25,,6.257246971130371,,,,2.25,,,,,,,,,
21176000,5294,2.875,,6.332455635070801,,,,2.875,,,,,,,,,
21180000,5295,2.875,,6.51176118850708,,,,2.875,,,,,,,,,
21184000,5296,2.375,,6.662384033203125,,,,2.375,,,,,,,,,
21188000,5297,2.5,,6.416255950927734,,,,2.5,,,,,,,,,
21192000,5298,2.875,,6.234759330749512,,,,2.875,,,,,,,,,
21196000,5299,3.5,,6.426828861236572,,,,3.5,,,,,,,,,
21200000,5300,3.25,,6.9816718101501465,,,,3.25,,,,,,,,,
21204000,5301,3.0,,6.875080108642578,,,,3.0,,,,,,,,,
21208000,5302,3.5,,6.707345962524414,,,,3.5,,,,,,,,,
21212000,5303,3.5,,6.630510330200195,,,,3.5,,,,,,,,,
21216000,5304,2.875,,6.60474967956543,,,,2.875,,,,,,,,,
21220000,5305,3.25,,6.672767162322998,,,,3.25,,,,,,,,,
21224000,5306,3.0,,6.691630840301514,,,,3.0,,,,,,,,,
21228000,5307,2.875,,6.85318660736084,,,,2.875,,,,,,,,,
21232000,5308,3.25,,6.034048080444336,,,,3.25,,,,,,,,,
21236000,5309,3.5,,6.217302322387695,,,,3.5,,,,,,,,,
21240000,5310,2.25,,6.774381637573242,,,,2.25,,,,,,,,,
21244000,5311,3.0,,6.714346885681152,,,,3.0,,,,,,,,,
21248000,5312,3.5,,6.367274761199951,,,,3.5,,,,,,,,,
21252000,5313,2.0,,6.758628845214844,,,,2.0,,,,,,,,,
21256000,5314,2.625,,6.579803466796875,,,,2.625,,,,,,,,,
21260000,5315,2.375,,6.31259822845459,,,,2.375,,,,,,,,,
21264000,5316,3.25,,6.138680934906006,,,,3.25,,,,,,,,,
21268000,5317,1.875,,6.719870567321777,,,,1.875,,,,,,,,,
21272000,5318,1.625,,6.873818397521973,,,,1.625,,,,,,,,,
21276000,5319,2.875,,6.678047180175781,,,,2.875,,,,,,,,,
21280000,5320,2.375,,6.527277946472168,,,,2.375,,,,,,,,,
21284000,5321,3.0,,6.379107475280762,,,,3.0,,,,,,,,,
21288000,5322,3.0,,6.35029411315918,,,,3.0,,,,,,,,,
21292000,5323,3.625,,6.900404930114746,,,,3.625,,,,,,,,,
21296000,5324,3.0,,6.906771659851074,,,,3.0,,,,,,,,,
21300000,5325,3.875,,6.796792030334473,,,,3.875,,,,,,,,,
21304000,5326,2.875,,6.62290096282959,,,,2.875,,,,,,,,,
21308000,5327,3.5,,6.805517673492432,,,,3.5,,,,,,,,,
21312000,5328,2.25,,6.961864471435547,,,,2.25,,,,,,,,,
21316000,5329,1.75,,7.365992546081543,,,,1.75,,,,,,,,,
21320000,5330,3.375,,7.049611568450928,,,,3.375,,,,,,,,,
21324000,5331,2.75,,6.61263370513916,,,,2.75,,,,,,,,,
21328000,5332,3.375,,6.471245765686035,,,,3.375,,,,,,,,,
21332000,5333,2.125,,7.005471229553223,,,,2.125,,,,,,,,,
21336000,5334,3.125,,6.82381534576416,,,,3.125,,,,,,,,,
21340000,5335,1.75,,6.896079063415527,,,,1.75,,,,,,,,,
21344000,5336,1.375,,7.182547569274902,,,,1.375,,,,,,,,,
21348000,5337,2.875,,6.486151218414307,,,,2.875,,,,,,,,,
21352000,5338,1.875,,6.327393531799316,,,,1.875,,,,,,,,,
21356000,5339,3.0,,6.793790817260742,,,,3.0,,,,,,,,,
21360000,5340,1.375,,6.551845550537109,,,,1.375,,,,,,,,,
21364000,5341,3.25,,6.684047222137451,,,,3.25,,,,,,,,,
21368000,5342,2.25,,6.3812785148620605,,,,2.25,,,,,,,,,
21372000,5343,2.125,,6.733293533325195,,,,2.125,,,,,,,,,
21376000,5344,3.75,,6.48590087890625,,,,3.75,,,,,,,,,
21380000,5345,3.375,,6.736380100250244,,,,3.375,,,,,,,,,
21384000,5346,1.75,,6.76111364364624,,,,1.75,,,,,,,,,
21388000,5347,2.875,,6.753780364990234,,,,2.875,,,,,,,,,
21392000,5348,3.75,,6.524294853210449,,,,3.75,,,,,,,,,
21396000,5349,3.25,,6.990738391876221,,,,3.25,,,,,,,,,
21400000,5350,3.625,,6.613089561462402,,,,3.625,,,,,,,,,
21404000,5351,1.0,,6.421329498291016,,,,1.0,,,,,,,,,
21408000,5352,3.625,,6.74479866027832,,,,3.625,,,,,,,,,
21412000,5353,3.0,,6.352252960205078,,,,3.0,,,,,,,,,
21416000,5354,1.875,,6.687994956970215,,,,1.875,,,,,,,,,
21420000,5355,3.625,,6.343992233276367,,,,3.625,,,,,,,,,
21424000,5356,2.0,,6.551149368286133,,,,2.0,,,,,,,,,
21428000,5357,2.875,,6.915372848510742,,,,2.875,,,,,,,,,
21432000,5358,2.125,,6.004563808441162,,,,2.125,,,,,,,,,
21436000,5359,3.125,,6.241114616394043,,,,3.125,,,,,,,,,
21440000,5360,4.0,,6.463479995727539,,,,4.0,,,,,,,,,
21444000,5361,2.75,,6.475072860717773,,,,2.75,,,,,,,,,
21448000,5362,3.25,,6.546145915985107,,,,3.25,,,,,,,,,
21452000,5363,2.625,,6.33582878112793,,,,2.625,,,,,,,,,
21456000,5364,3.875,,6.538373947143555,,,,3.875,,,,,,,,,
21460000,5365,3.75,,6.622893810272217,,,,3.75,,,,,,,,,
21464000,5366,3.0,,6.487695693969727,,,,3.0,,,,,,,,,
21468000,5367,2.375,,6.5107011795043945,,,,2.375,,,,,,,,,
21472000,5368,4.125,,6.543914794921875,,,,4.125,,,,,,,,,
21476000,5369,2.625,,6.3304643630981445,,,,2.625,,,,,,,,,
21480000,5370,3.75,,6.228885650634766,,,,3.75,,,,,,,,,
21484000,5371,2.75,,6.519374847412109,,,,2.75,,,,,,,,,
21488000,5372,3.125,,6.793658256530762,,,,3.125,,,,,,,,,
21492000,5373,2.25,,6.225715637207031,,,,2.25,,,,,,,,,
21496000,5374,3.75,,6.403926849365234,,,,3.75,,,,,,,,,
21500000,5375,3.5,,6.1230244636535645,,,,3.5,,,,,,,,,
21504000,5376,3.5,,6.0863823890686035,,,,3.5,,,,,,,,,
21508000,5377,3.125,,6.663906097412109,,,,3.125,,,,,,,,,
21512000,5378,1.375,,6.3278608322143555,,,,1.375,,,,,,,,,
21516000,5379,3.25,,6.609580039978027,,,,3.25,,,,,,,,,
21520000,5380,3.125,,6.243651390075684,,,,3.125,,,,,,,,,
21524000,5381,3.125,,6.64886474609375,,,,3.125,,,,,,,,,
21528000,5382,1.875,,6.429599761962891,,,,1.875,,,,,,,,,
21532000,5383,3.5,,6.29618501663208,,,,3.5,,,,,,,,,
21536000,5384,3.5,,6.047429084777832,,,,3.5,,,,,,,,,
21540000,5385,3.625,,6.00161075592041,,,,3.625,,,,,,,,,
21544000,5386,2.75,,5.966879367828369,,,,2.75,,,,,,,,,
21548000,5387,3.875,,6.486527442932129,,,,3.875,,,,,,,,,
21552000,5388,2.125,,6.256390571594238,,,,2.125,,,,,,,,,
21556000,5389,2.625,,6.281617164611816,,,,2.625,,,,,,,,,
21560000,5390,3.75,,6.565706729888916,,,,3.75,,,,,,,,,
21564000,5391,2.875,,6.211770057678223,,,,2.875,,,,,,,,,
21568000,5392,1.875,,6.137351989746094,,,,1.875,,,,,,,,,
21572000,5393,3.625,,6.714595794677734,,,,3.625,,,,,,,,,
21576000,5394,1.875,,6.7289204597473145,,,,1.875,,,,,,,,,
21580000,5395,2.625,,6.190567970275879,,,,2.625,,,,,,,,,
21584000,5396,3.375,,6.172918319702148,,,,3.375,,,,,,,,,
21588000,5397,2.75,,6.347787380218506,,,,2.75,,,,,,,,,
21592000,5398,3.375,,6.2855377197265625,,,,3.375,,,,,,,,,
21596000,5399,2.875,,6.269843101501465,,,,2.875,,,,,,,,,
21600000,5400,2.625,,6.796151161193848,,,,2.625,,,,,,,,,
21604000,5401,2.875,,6.354530334472656,,,,2.875,,,,,,,,,
21608000,5402,2.625,,6.723380088806152,,,,2.625,,,,,,,,,
21612000,5403,3.75,,6.223398208618164,,,,3.75,,,,,,,,,
21616000,5404,3.625,,6.06166934967041,,,,3.625,,,,,,,,,
21620000,5405,3.125,,6.491962909698486,,,,3.125,,,,,,,,,
21624000,5406,3.25,,6.248759746551514,,,,3.25,,,,,,,,,
21628000,5407,4.375,,6.286861896514893,,,,4.375,,,,,,,,,
21632000,5408,3.625,,6.660824775695801,,,,3.625,,,,,,,,,
21636000,5409,3.125,,6.2924957275390625,,,,3.125,,,,,,,,,
21640000,5410,3.0,,6.445954322814941,,,,3.0,,,,,,,,,
21644000,5411,2.125,,6.507534980773926,,,,2.125,,,,,,,,,
21648000,5412,3.5,,6.2565178871154785,,,,3.5,,,,,,,,,
21652000,5413,3.75,,6.072029113769531,,,,3.75,,,,,,,,,
21656000,5414,3.375,,6.256875038146973,,,,3.375,,,,,,,,,
21660000,5415,3.125,,6.383883476257324,,,,3.125,,,,,,,,,
21664000,5416,3.25,,6.673834800720215,,,,3.25,,,,,,,,,
21668000,5417,2.25,,6.708926200866699,,,,2.25,,,,,,,,,
21672000,5418,3.25,,6.156494140625,,,,3.25,,,,,,,,,
21676000,5419,3.5,,6.239032745361328,,,,3.5,,,,,,,,,
21680000,5420,3.125,,6.031207084655762,,,,3.125,,,,,,,,,
21684000,5421,1.5,,6.249776840209961,,,,1.5,,,,,,,,,
21688000,5422,3.125,,6.1287841796875,,,,3.125,,,,,,,,,
21692000,5423,2.5,,6.451691150665283,,,,2.5,,,,,,,,,
21696000,5424,3.5,,5.949862480163574,,,,3.5,,,,,,,,,
21700000,5425,3.625,,6.6497697830200195,,,,3.625,,,,,,,,,
21704000,5426,2.25,,6.08174991607666,,,,2.25,,,,,,,,,
21708000,5427,3.125,,6.005454063415527,,,,3.125,,,,,,,,,
21712000,5428,3.125,,6.409040451049805,,,,3.125,,,,,,,,,
21716000,5429,2.125,,6.225742340087891,,,,2.125,,,,,,,,,
21720000,5430,4.0,,6.29325008392334,,,,4.0,,,,,,,,,
21724000,5431,3.0,,6.4247941970825195,,,,3.0,,,,,,,,,
21728000,5432,3.375,,5.8937602043151855,,,,3.375,,,,,,,,,
21732000,5433,2.625,,6.042690753936768,,,,2.625,,,,,,,,,
21736000,5434,3.75,,5.900007247924805,,,,3.75,,,,,,,,,
21740000,5435,3.375,,6.392960548400879,,,,3.375,,,,,,,,,
21744000,5436,3.125,,5.618865489959717,,,,3.125,,,,,,,,,
21748000,5437,3.625,,6.556156635284424,,,,3.625,,,,,,,,,
21752000,5438,3.25,,6.307583808898926,,,,3.25,,,,,,,,,
21756000,5439,2.375,,6.308460235595703,,,,2.375,,,,,,,,,
21760000,5440,3.0,,6.257668972015381,,,,3.0,,,,,,,,,
21764000,5441,2.25,,6.374884605407715,,,,2.25,,,,,,,,,
21768000,5442,2.875,,5.913457870483398,,,,2.875,,,,,,,,,
21772000,5443,2.75,,5.929145336151123,,,,2.75,,,,,,,,,
21776000,5444,2.875,,6.234698295593262,,,,2.875,,,,,,,,,
21780000,5445,3.125,,6.1938371658325195,,,,3.125,,,,,,,,,
21784000,5446,3.75,,6.159447193145752,,,,3.75,,,,,,,,,
21788000,5447,2.375,,6.413804054260254,,,,2.375,,,,,,,,,
21792000,5448,3.375,,6.114760398864746,,,,3.375,,,,,,,,,
21796000,5449,3.125,,6.288745880126953,,,,3.125,,,,,,,,,
21800000,5450,2.875,,6.011351108551025,,,,2.875,,,,,,,,,
21804000,5451,3.125,,5.818471908569336,,,,3.125,,,,,,,,,
21808000,5452,3.0,,6.400803565979004,,,,3.0,,,,,,,,,
21812000,5453,2.5,,6.284422397613525,,,,2.5,,,,,,,,,
21816000,5454,3.375,,6.217898368835449,,,,3.375,,,,,,,,,
21820000,5455,2.875,,6.135708808898926,,,,2.875,,,,,,,,,
21824000,5456,2.375,,6.332810401916504,,,,2.375,,,,,,,,,
21828000,5457,3.625,,6.011448860168457,,,,3.625,,,,,,,,,
21832000,5458,3.25,,6.060186386108398,,,,3.25,,,,,,,,,
21836000,5459,1.75,,5.903124809265137,,,,1.75,,,,,,,,,
21840000,5460,2.75,,6.1114182472229,,,,2.75,,,,,,,,,
21844000,5461,2.375,,5.912361145019531,,,,2.375,,,,,,,,,
21848000,5462,3.625,,6.282625675201416,,,,3.625,,,,,,,,,
21852000,5463,2.625,,6.276090621948242,,,,2.625,,,,,,,,,
21856000,5464,2.75,,6.129274368286133,,,,2.75,,,,,,,,,
21860000,5465,2.875,,5.941161632537842,,,,2.875,,,,,,,,,
21864000,5466,2.0,,6.105843544006348,,,,2.0,,,,,,,,,
21868000,5467,3.125,,5.781350135803223,,,,3.125,,,,,,,,,
21872000,5468,3.375,,5.67929744720459,,,,3.375,,,,,,,,,
21876000,5469,3.875,,6.050593376159668,,,,3.875,,,,,,,,,
21880000,5470,2.375,,6.187914848327637,,,,2.375,,,,,,,,,
21884000,5471,3.0,,5.892137050628662,,,,3.0,,,,,,,,,
21888000,5472,3.625,,5.762700080871582,,,,3.625,,,,,,,,,
21892000,5473,3.75,,6.021916389465332,,,,3.75,,,,,,,,,
21896000,5474,3.25,,5.867772579193115,,,,3.25,,,,,,,,,
21900000,5475,3.5,,5.7006049156188965,,,,3.5,,,,,,,,,
21904000,5476,3.625,,6.625354766845703,,,,3.625,,,,,,,,,
21908000,5477,3.125,,5.876830101013184,,,,3.125,,,,,,,,,
21912000,5478,3.0,,5.94570255279541,,,,3.0,,,,,,,,,
21916000,5479,3.5,,5.776008605957031,,,,3.5,,,,,,,,,
21920000,5480,2.875,,5.781504154205322,,,,2.875,,,,,,,,,
21924000,5481,3.0,,6.103431224822998,,,,3.0,,,,,,,,,
21928000,5482,3.25,,5.747250556945801,,,,3.25,,,,,,,,,
21932000,5483,2.125,,5.779268264770508,,,,2.125,,,,,,,,,
21936000,5484,3.0,,5.709795951843262,,,,3.0,,,,,,,,,
21940000,5485,3.5,,6.1518473625183105,,,,3.5,,,,,,,,,
21944000,5486,4.0,,6.204472064971924,,,,4.0,,,,,,,,,
21948000,5487,2.875,,6.258546829223633,,,,2.875,,,,,,,,,
21952000,5488,3.375,,6.111303329467773,,,,3.375,,,,,,,,,
21956000,5489,2.875,,6.129238605499268,,,,2.875,,,,,,,,,
21960000,5490,2.25,,6.085738182067871,,,,2.25,,,,,,,,,
21964000,5491,3.125,,6.327942848205566,,,,3.125,,,,,,,,,
21968000,5492,2.25,,6.389775276184082,,,,2.25,,,,,,,,,
21972000,5493,0.75,,5.723519325256348,,,,0.75,,,,,,,,,
21976000,5494,2.5,,5.9460296630859375,,,,2.5,,,,,,,,,
21980000,5495,1.875,,5.5495100021362305,,,,1.875,,,,,,,,,
21984000,5496,2.0,,5.804996490478516,,,,2.0,,,,,,,,,
21988000,5497,3.75,,5.730739116668701,,,,3.75,,,,,,,,,
21992000,5498,2.375,,5.907216548919678,,,,2.375,,,,,,,,,
21996000,5499,2.25,,5.429957866668701,,,,2.25,,,,,,,,,
22000000,5500,3.5,,5.9797773361206055,,,,3.5,,,,,,,,,
22004000,5501,3.375,,5.675211429595947,,,,3.375,,,,,,,,,
22008000,5502,2.625,,5.530653953552246,,,,2.625,,,,,,,,,
22012000,5503,3.125,,5.733367919921875,,,,3.125,,,,,,,,,
22016000,5504,1.5,,5.747819900512695,,,,1.5,,,,,,,,,
22020000,5505,1.0,,5.985454559326172,,,,1.0,,,,,,,,,
22024000,5506,2.875,,6.039230823516846,,,,2.875,,,,,,,,,
22028000,5507,1.25,,5.5599775314331055,,,,1.25,,,,,,,,,
22032000,5508,2.125,,5.712693691253662,,,,2.125,,,,,,,,,
22036000,5509,3.0,,5.807511329650879,,,,3.0,,,,,,,,,
22040000,5510,1.375,,5.765110492706299,,,,1.375,,,,,,,,,
22044000,5511,1.625,,6.099540710449219,,,,1.625,,,,,,,,,
22048000,5512,1.875,,6.3269243240356445,,,,1.875,,,,,,,,,
22052000,5513,1.5,,6.069799900054932,,,,1.5,,,,,,,,,
22056000,5514,0.5,,5.899494171142578,,,,0.5,,,,,,,,,
22060000,5515,1.375,,5.542576313018799,,,,1.375,,,,,,,,,
22064000,5516,0.625,,5.358654022216797,,,,0.625,,,,,,,,,
22068000,5517,1.625,,5.838825225830078,,,,1.625,,,,,,,,,
22072000,5518,2.375,,5.606207847595215,,,,2.375,,,,,,,,,
22076000,5519,2.625,,5.507208824157715,,,,2.625,,,,,,,,,
22080000,5520,2.0,,5.596341609954834,,,,2.0,,,,,,,,,
22084000,5521,1.125,,5.240900039672852,,,,1.125,,,,,,,,,
22088000,5522,1.0,,5.4273834228515625,,,,1.0,,,,,,,,,
22092000,5523,2.5,,5.301718235015869,,,,2.5,,,,,,,,,
22096000,5524,1.875,,5.729686737060547,,,,1.875,,,,,,,,,
22100000,5525,1.75,,5.373926162719727,,,,1.75,,,,,,,,,
22104000,5526,2.125,,5.406928062438965,,,,2.125,,,,,,,,,
22108000,5527,1.75,,5.100222587585449,,,,1.75,,,,,,,,,
22112000,5528,1.75,,4.999876976013184,,,,1.75,,,,,,,,,
22116000,5529,2.0,,5.174807548522949,,,,2.0,,,,,,,,,
22120000,5530,3.25,,5.491686820983887,,,,3.25,,,,,,,,,
22124000,5531,1.875,,5.178658485412598,,,,1.875,,,,,,,,,
22128000,5532,0.75,,5.610987663269043,,,,0.75,,,,,,,,,
22132000,5533,1.625,,5.252679824829102,,,,1.625,,,,,,,,,
22136000,5534,1.25,,4.893662929534912,,,,1.25,,,,,,,,,
22140000,5535,1.625,,5.055611610412598,,,,1.625,,,,,,,,,
22144000,5536,1.875,,5.0343828201293945,,,,1.875,,,,,,,,,
22148000,5537,2.375,,5.133115291595459,,,,2.375,,,,,,,,,
22152000,5538,2.125,,5.071808338165283,,,,2.125,,,,,,,,,
22156000,5539,1.75,,4.964993953704834,,,,1.75,,,,,,,,,
22160000,5540,1.875,,5.061985015869141,,,,1.875,,,,,,,,,
22164000,5541,2.375,,5.037838935852051,,,,2.375,,,,,,,,,
22168000,5542,3.5,,5.3309831619262695,,,,3.5,,,,,,,,,
22172000,5543,2.25,,5.099207878112793,,,,2.25,,,,,,,,,
22176000,5544,1.75,,4.970773696899414,,,,1.75,,,,,,,,,
22180000,5545,2.375,,4.711794853210449,,,,2.375,,,,,,,,,
22184000,5546,1.5,,5.360477924346924,,,,1.5,,,,,,,,,
22188000,5547,2.125,,4.946722984313965,,,,2.125,,,,,,,,,
22192000,5548,1.5,,4.586732387542725,,,,1.5,,,,,,,,,
22196000,5549,3.375,,4.715964317321777,,,,3.375,,,,,,,,,
22200000,5550,2.125,,4.509331226348877,,,,2.125,,,,,,,,,
22204000,5551,1.0,,4.85460090637207,,,,1.0,,,,,,,,,
22208000,5552,0.625,,4.9456281661987305,,,,0.625,,,,,,,,,
22212000,5553,0.75,,5.191007614135742,,,,0.75,,,,,,,,,
22216000,5554,0.625,,5.22801399230957,,,,0.625,,,,,,,,,
22220000,5555,0.875,,4.835498332977295,,,,0.875,,,,,,,,,
22224000,5556,0.5,,4.751863479614258,,,,0.5,,,,,,,,,
22228000,5557,0.625,,4.562100410461426,,,,0.625,,,,,,,,,
22232000,5558,1.25,,4.59793758392334,,,,1.25,,,,,,,,,
22236000,5559,0.75,,4.588711738586426,,,,0.75,,,,,,,,,
22240000,5560,1.625,,5.125096321105957,,,,1.625,,,,,,,,,
22244000,5561,0.75,,5.143359184265137,,,,0.75,,,,,,,,,
22248000,5562,0.25,,5.817546844482422,,,,0.25,,,,,,,,,
22252000,5563,0.0,,5.937902927398682,,,,0.0,,,,,,,,,
22256000,5564,0.125,,5.649532318115234,,,,0.125,,,,,,,,,
22260000,5565,0.25,,5.2944841384887695,,,,0.25,,,,,,,,,
22264000,5566,0.875,,4.33742618560791,,,,0.875,,,,,,,,,
22268000,5567,0.125,,4.304967880249023,,,,0.125,,,,,,,,,
22272000,5568,1.125,,4.2078537940979,,,,1.125,,,,,,,,,
22276000,5569,0.75,,4.16180419921875,,,,0.75,,,,,,,,,
22280000,5570,0.75,,4.336291313171387,,,,0.75,,,,,,,,,
22284000,5571,1.125,,4.451301574707031,,,,1.125,,,,,,,,,
22288000,5572,0.375,,3.596151351928711,,,,0.375,,,,,,,,,
22292000,5573,1.875,,3.7852282524108887,,,,1.875,,,,,,,,,
22296000,5574,0.375,,4.2973222732543945,,,,0.375,,,,,,,,,
22300000,5575,2.25,,4.118252754211426,,,,2.25,,,,,,,,,
22304000,5576,0.75,,3.928784132003784,,,,0.75,,,,,,,,,
22308000,5577,0.75,,4.404426574707031,,,,0.75,,,,,,,,,
22312000,5578,1.5,,4.037103652954102,,,,1.5,,,,,,,,,
22316000,5579,1.0,,4.084191799163818,,,,1.0,,,,,,,,,
22320000,5580,1.875,,3.820016384124756,,,,1.875,,,,,,,,,
22324000,5581,0.75,,3.656186819076538,,,,0.75,,,,,,,,,
22328000,5582,1.75,,3.655228614807129,,,,1.75,,,,,,,,,
22332000,5583,0.5,,3.4594616889953613,,,,0.5,,,,,,,,,
22336000,5584,1.25,,3.6560299396514893,,,,1.25,,,,,,,,,
22340000,5585,1.375,,3.867347002029419,,,,1.375,,,,,,,,,
22344000,5586,0.625,,3.323726177215576,,,,0.625,,,,,,,,,
22348000,5587,1.0,,3.7573869228363037,,,,1.0,,,,,,,,,
22352000,5588,0.375,,3.624490261077881,,,,0.375,,,,,,,,,
22356000,5589,0.75,,3.280459403991699,,,,0.75,,,,,,,,,
22360000,5590,0.875,,3.3560214042663574,,,,0.875,,,,,,,,,
22364000,5591,0.5,,3.76693058013916,,,,0.5,,,,,,,,,
22368000,5592,0.625,,3.7778165340423584,,,,0.625,,,,,,,,,
22372000,5593,0.25,,4.267563819885254,,,,0.25,,,,,,,,,
22376000,5594,0.125,,4.562177658081055,,,,0.125,,,,,,,,,
22380000,5595,0.0,,4.736618995666504,,,,0.0,,,,,,,,,
22384000,5596,0.0,,5.344635486602783,,,,0.0,,,,,,,,,
22388000,5597,0.125,,5.30921745300293,,,,0.125,,,,,,,,,
22392000,5598,0.0,,4.834516525268555,,,,0.0,,,,,,,,,
22396000,5599,0.375,,4.616673946380615,,,,0.375,,,,,,,,,
22400000,5600,0.5,,4.0414838790893555,,,,0.5,,,,,,,,,
22404000,5601,0.125,,3.352318525314331,,,,0.125,,,,,,,,,
22408000,5602,0.75,,3.1705780029296875,,,,0.75,,,,,,,,,
22412000,5603,0.125,,3.3245339393615723,,,,0.125,,,,,,,,,
22416000,5604,0.75,,2.93932843208313,,,,0.75,,,,,,,,,
22420000,5605,0.375,,2.5925345420837402,,,,0.375,,,,,,,,,
22424000,5606,0.5,,3.056274175643921,,,,0.5,,,,,,,,,
22428000,5607,0.625,,2.674365997314453,,,,0.625,,,,,,,,,
22432000,5608,2.25,,3.087834358215332,,,,2.25,,,,,,,,,
22436000,5609,2.0,,2.805030345916748,,,,2.0,,,,,,,,,
22440000,5610,0.625,,2.90024471282959,,,,0.625,,,,,,,,,
22444000,5611,0.75,,2.862102508544922,,,,0.75,,,,,,,,,
22448000,5612,0.625,,2.50148344039917,,,,0.625,,,,,,,,,
22452000,5613,2.25,,2.739572048187256,,,,2.25,,,,,,,,,
22456000,5614,1.25,,2.6440768241882324,,,,1.25,,,,,,,,,
22460000,5615,0.75,,2.893996238708496,,,,0.75,,,,,,,,,
22464000,5616,0.875,,2.781364917755127,,,,0.875,,,,,,,,,
22468000,5617,0.875,,2.959822416305542,,,,0.875,,,,,,,,,
22472000,5618,0.5,,2.5282013416290283,,,,0.5,,,,,,,,,
22476000,5619,1.25,,3.0324132442474365,,,,1.25,,,,,,,,,
22480000,5620,1.625,,2.5925607681274414,,,,1.625,,,,,,,,,
22484000,5621,2.875,,2.3537776470184326,,,,2.875,,,,,,,,,
22488000,5622,0.5,,2.262570381164551,,,,0.5,,,,,,,,,
22492000,5623,3.375,,2.302475929260254,,,,3.375,,,,,,,,,
22496000,5624,0.375,,2.5028648376464844,,,,0.375,,,,,,,,,
22500000,5625,3.375,,2.4796552658081055,,,,3.375,,,,,,,,,
22504000,5626,0.375,,2.4935688972473145,,,,0.375,,,,,,,,,
22508000,5627,1.0,,2.5397205352783203,,,,1.0,,,,,,,,,
22512000,5628,0.5,,2.5028138160705566,,,,0.5,,,,,,,,,
22516000,5629,0.75,,2.2762017250061035,,,,0.75,,,,,,,,,
22520000,5630,0.75,,2.9076313972473145,,,,0.75,,,,,,,,,
22524000,5631,0.75,,2.6503806114196777,,,,0.75,,,,,,,,,
22528000,5632,0.375,,2.5309481620788574,,,,0.375,,,,,,,,,
22532000,5633,1.875,,2.2871415615081787,,,,1.875,,,,,,,,,
22536000,5634,1.125,,2.3418726921081543,,,,1.125,,,,,,,,,
22540000,5635,1.875,,2.5565476417541504,,,,1.875,,,,,,,,,
22544000,5636,0.875,,2.6566247940063477,,,,0.875,,,,,,,,,
22548000,5637,1.0,,2.428832530975342,,,,1.0,,,,,,,,,
22552000,5638,2.25,,2.9089698791503906,,,,2.25,,,,,,,,,
22556000,5639,0.875,,2.4849610328674316,,,,0.875,,,,,,,,,
22560000,5640,0.75,,2.2163615226745605,,,,0.75,,,,,,,,,
22564000,5641,2.125,,2.498140811920166,,,,2.125,,,,,,,,,
22568000,5642,1.125,,2.3857016563415527,,,,1.125,,,,,,,,,
22572000,5643,2.25,,2.3045778274536133,,,,2.25,,,,,,,,,
22576000,5644,0.125,,2.17181658744812,,,,0.125,,,,,,,,,
22580000,5645,1.0,,2.0830183029174805,,,,1.0,,,,,,,,,
22584000,5646,0.625,,2.095487117767334,,,,0.625,,,,,,,,,
22588000,5647,0.625,,2.127107858657837,,,,0.625,,,,,,,,,
22592000,5648,0.75,,2.0955519676208496,,,,0.75,,,,,,,,,
22596000,5649,2.625,,2.0850601196289062,,,,2.625,,,,,,,,,
22600000,5650,1.25,,2.181428909301758,,,,1.25,,,,,,,,,
22604000,5651,2.25,,2.260773181915283,,,,2.25,,,,,,,,,
22608000,5652,1.75,,2.180422782897949,,,,1.75,,,,,,,,,
22612000,5653,1.125,,2.359912633895874,,,,1.125,,,,,,,,,
22616000,5654,2.625,,2.1549792289733887,,,,2.625,,,,,,,,,
22620000,5655,1.125,,2.4358885288238525,,,,1.125,,,,,,,,,
22624000,5656,2.875,,2.4058752059936523,,,,2.875,,,,,,,,,
22628000,5657,1.375,,2.194317579269409,,,,1.375,,,,,,,,,
22632000,5658,2.125,,2.1606791019439697,,,,2.125,,,,,,,,,
22636000,5659,1.875,,2.2890419960021973,,,,1.875,,,,,,,,,
22640000,5660,2.375,,2.3492932319641113,,,,2.375,,,,,,,,,
22644000,5661,1.125,,2.2751145362854004,,,,1.125,,,,,,,,,
22648000,5662,2.25,,2.3027260303497314,,,,2.25,,,,,,,,,
22652000,5663,1.25,,2.4219436645507812,,,,1.25,,,,,,,,,
22656000,5664,0.375,,2.311516761779785,,,,0.375,,,,,,,,,
22660000,5665,1.875,,2.3158011436462402,,,,1.875,,,,,,,,,
22664000,5666,2.375,,2.126753807067871,,,,2.375,,,,,,,,,
22668000,5667,2.875,,2.0418801307678223,,,,2.875,,,,,,,,,
22672000,5668,1.625,,2.027014970779419,,,,1.625,,,,,,,,,
22676000,5669,2.5,,2.204286813735962,,,,2.5,,,,,,,,,
22680000,5670,2.5,,2.0952236652374268,,,,2.5,,,,,,,,,
22684000,5671,2.0,,2.175316572189331,,,,2.0,,,,,,,,,
22688000,5672,0.75,,2.3379902839660645,,,,0.75,,,,,,,,,
22692000,5673,2.125,,2.2942352294921875,,,,2.125,,,,,,,,,
22696000,5674,0.875,,2.4205751419067383,,,,0.875,,,,,,,,,
22700000,5675,1.5,,2.4483327865600586,,,,1.5,,,,,,,,,
22704000,5676,2.25,,2.345701217651367,,,,2.25,,,,,,,,,
22708000,5677,1.625,,1.8595073223114014,,,,1.625,,,,,,,,,
22712000,5678,1.625,,2.128265142440796,,,,1.625,,,,,,,,,
22716000,5679,1.375,,1.788196086883545,,,,1.375,,,,,,,,,
22720000,5680,0.875,,2.3339619636535645,,,,0.875,,,,,,,,,
22724000,5681,2.0,,2.3548777103424072,,,,2.0,,,,,,,,,
22728000,5682,2.625,,2.240544319152832,,,,2.625,,,,,,,,,
22732000,5683,3.375,,2.3507657051086426,,,,3.375,,,,,,,,,
22736000,5684,0.75,,2.478632926940918,,,,0.75,,,,,,,,,
22740000,5685,2.875,,2.0222415924072266,,,,2.875,,,,,,,,,
22744000,5686,3.0,,2.387787342071533,,,,3.0,,,,,,,,,
22748000,5687,2.5,,2.1805083751678467,,,,2.5,,,,,,,,,
22752000,5688,3.25,,2.427126407623291,,,,3.25,,,,,,,,,
22756000,5689,1.5,,2.412810802459717,,,,1.5,,,,,,,,,
22760000,5690,3.5,,2.4915428161621094,,,,3.5,,,,,,,,,
22764000,5691,2.5,,2.4863433837890625,,,,2.5,,,,,,,,,
22768000,5692,1.875,,2.5858564376831055,,,,1.875,,,,,,,,,
22772000,5693,0.75,,2.4786288738250732,,,,0.75,,,,,,,,,
22776000,5694,0.75,,2.3845856189727783,,,,0.75,,,,,,,,,
22780000,5695,0.75,,2.8685178756713867,,,,0.75,,,,,,,,,
22784000,5696,0.625,,3.14522647857666,,,,0.625,,,,,,,,,
22788000,5697,0.0,,3.065279006958008,,,,0.0,,,,,,,,,
22792000,5698,0.0,,4.21556282043457,,,,0.0,,,,,,,,,
22796000,5699,0.0,,4.022111892700195,,,,0.0,,,,,,,,,
22800000,5700,0.25,,5.0999369621276855,,,,0.25,,,,,,,,,
22804000,5701,0.5,,4.365879058837891,,,,0.5,,,,,,,,,
22808000,5702,0.375,,3.913754463195801,,,,0.375,,,,,,,,,
22812000,5703,0.625,,3.5520753860473633,,,,0.625,,,,,,,,,
22816000,5704,0.125,,3.758349657058716,,,,0.125,,,,,,,,,
22820000,5705,0.0,,3.6049141883850098,,,,0.0,,,,,,,,,
22824000,5706,0.5,,3.5000669956207275,,,,0.5,,,,,,,,,
22828000,5707,0.875,,3.529463768005371,,,,0.875,,,,,,,,,
22832000,5708,0.125,,3.0323286056518555,,,,0.125,,,,,,,,,
22836000,5709,0.5,,2.8035759925842285,,,,0.5,,,,,,,,,
22840000,5710,1.25,,2.493328094482422,,,,1.25,,,,,,,,,
22844000,5711,0.75,,2.2603750228881836,,,,0.75,,,,,,,,,
22848000,5712,1.0,,2.300884246826172,,,,1.0,,,,,,,,,
22852000,5713,1.625,,2.4407668113708496,,,,1.625,,,,,,,,,
22856000,5714,1.25,,2.6072685718536377,,,,1.25,,,,,,,,,
22860000,5715,1.625,,2.330839157104492,,,,1.625,,,,,,,,,
22864000,5716,0.5,,2.3963887691497803,,,,0.5,,,,,,,,,
22868000,5717,0.75,,2.4155287742614746,,,,0.75,,,,,,,,,
22872000,5718,0.5,,2.4304842948913574,,,,0.5,,,,,,,,,
22876000,5719,0.75,,2.3568971157073975,,,,0.75,,,,,,,,,
22880000,5720,0.5,,2.450942277908325,,,,0.5,,,,,,,,,
22884000,5721,0.5,,2.1667838096618652,,,,0.5,,,,,,,,,
22888000,5722,1.125,,2.4327006340026855,,,,1.125,,,,,,,,,
22892000,5723,1.25,,2.050943374633789,,,,1.25,,,,,,,,,
22896000,5724,0.75,,2.4933581352233887,,,,0.75,,,,,,,,,
22900000,5725,1.25,,2.4304914474487305,,,,1.25,,,,,,,,,
22904000,5726,0.75,,2.4250218868255615,,,,0.75,,,,,,,,,
22908000,5727,1.5,,2.469264268875122,,,,1.5,,,,,,,,,
22912000,5728,1.0,,2.748058557510376,,,,1.0,,,,,,,,,
22916000,5729,1.25,,2.439115524291992,,,,1.25,,,,,,,,,
22920000,5730,0.625,,2.2620491981506348,,,,0.625,,,,,,,,,
22924000,5731,2.25,,2.44431209564209,,,,2.25,,,,,,,,,
22928000,5732,0.5,,2.2067012786865234,,,,0.5,,,,,,,,,
22932000,5733,2.75,,2.7123284339904785,,,,2.75,,,,,,,,,
22936000,5734,1.0,,2.6026458740234375,,,,1.0,,,,,,,,,
22940000,5735,2.625,,2.1278791427612305,,,,2.625,,,,,,,,,
22944000,5736,0.125,,2.6416618824005127,,,,0.125,,,,,,,,,
22948000,5737,2.375,,2.6140618324279785,,,,2.375,,,,,,,,,
22952000,5738,0.625,,2.437008857727051,,,,0.625,,,,,,,,,
22956000,5739,0.75,,2.468698024749756,,,,0.75,,,,,,,,,
22960000,5740,1.125,,2.403592586517334,,,,1.125,,,,,,,,,
22964000,5741,0.25,,2.680896759033203,,,,0.25,,,,,,,,,
22968000,5742,0.25,,2.639631748199463,,,,0.25,,,,,,,,,
22972000,5743,0.625,,2.4171640872955322,,,,0.625,,,,,,,,,
22976000,5744,0.875,,2.6410725116729736,,,,0.875,,,,,,,,,
22980000,5745,0.625,,2.3975493907928467,,,,0.625,,,,,,,,,
22984000,5746,1.75,,2.6593759059906006,,,,1.75,,,,,,,,,
22988000,5747,1.125,,2.627734661102295,,,,1.125,,,,,,,,,
22992000,5748,0.75,,2.715895652770996,,,,0.75,,,,,,,,,
22996000,5749,2.125,,2.5493688583374023,,,,2.125,,,,,,,,,
23000000,5750,0.875,,2.063309669494629,,,,0.875,,,,,,,,,
23004000,5751,2.125,,2.710020065307617,,,,2.125,,,,,,,,,
23008000,5752,1.875,,2.474982976913452,,,,1.875,,,,,,,,,
23012000,5753,2.0,,2.2800724506378174,,,,2.0,,,,,,,,,
23016000,5754,2.25,,2.3412861824035645,,,,2.25,,,,,,,,,
23020000,5755,1.875,,2.4584217071533203,,,,1.875,,,,,,,,,
23024000,5756,2.125,,2.388322591781616,,,,2.125,,,,,,,,,
23028000,5757,3.25,,2.285759449005127,,,,3.25,,,,,,,,,
23032000,5758,2.125,,2.748566150665283,,,,2.125,,,,,,,,,
23036000,5759,2.0,,2.591970920562744,,,,2.0,,,,,,,,,
23040000,5760,1.375,,3.0277626514434814,,,,1.375,,,,,,,,,
23044000,5761,1.125,,2.615017890930176,,,,1.125,,,,,,,,,
23048000,5762,2.125,,2.4962658882141113,,,,2.125,,,,,,,,,
23052000,5763,1.875,,2.422252655029297,,,,1.875,,,,,,,,,
23056000,5764,1.25,,2.637752056121826,,,,1.25,,,,,,,,,
23060000,5765,2.625,,2.5171518325805664,,,,2.625,,,,,,,,,
23064000,5766,1.875,,2.67828369140625,,,,1.875,,,,,,,,,
23068000,5767,2.875,,2.5875778198242188,,,,2.875,,,,,,,,,
23072000,5768,2.625,,2.5653598308563232,,,,2.625,,,,,,,,,
23076000,5769,3.375,,2.59980845451355,,,,3.375,,,,,,,,,
23080000,5770,1.25,,2.4862494468688965,,,,1.25,,,,,,,,,
23084000,5771,2.25,,2.8812966346740723,,,,2.25,,,,,,,,,
23088000,5772,2.625,,2.538051128387451,,,,2.625,,,,,,,,,
23092000,5773,1.125,,2.8175148963928223,,,,1.125,,,,,,,,,
23096000,5774,1.25,,2.8216893672943115,,,,1.25,,,,,,,,,
23100000,5775,0.5,,2.6982979774475098,,,,0.5,,,,,,,,,
23104000,5776,1.25,,2.914229393005371,,,,1.25,,,,,,,,,
23108000,5777,0.625,,2.9985809326171875,,,,0.625,,,,,,,,,
23112000,5778,0.0,,2.831831455230713,,,,0.0,,,,,,,,,
23116000,5779,1.375,,3.3205525875091553,,,,1.375,,,,,,,,,
23120000,5780,0.625,,2.80295467376709,,,,0.625,,,,,,,,,
23124000,5781,0.625,,2.734250068664551,,,,0.625,,,,,,,,,
23128000,5782,1.625,,2.584608793258667,,,,1.625,,,,,,,,,
23132000,5783,0.75,,2.622654438018799,,,,0.75,,,,,,,,,
23136000,5784,1.0,,2.645242214202881,,,,1.0,,,,,,,,,
23140000,5785,0.5,,2.153200149536133,,,,0.5,,,,,,,,,
23144000,5786,0.875,,2.4423277378082275,,,,0.875,,,,,,,,,
23148000,5787,1.25,,2.310696601867676,,,,1.25,,,,,,,,,
23152000,5788,1.5,,2.542524814605713,,,,1.5,,,,,,,,,
23156000,5789,2.625,,2.723677158355713,,,,2.625,,,,,,,,,
23160000,5790,2.5,,2.90419340133667,,,,2.5,,,,,,,,,
23164000,5791,1.875,,2.4069507122039795,,,,1.875,,,,,,,,,
23168000,5792,1.25,,2.5349111557006836,,,,1.25,,,,,,,,,
23172000,5793,2.75,,2.632420301437378,,,,2.75,,,,,,,,,
23176000,5794,2.625,,2.9886906147003174,,,,2.625,,,,,,,,,
23180000,5795,0.875,,2.6768758296966553,,,,0.875,,,,,,,,,
23184000,5796,2.375,,2.432779550552368,,,,2.375,,,,,,,,,
23188000,5797,1.625,,2.521712064743042,,,,1.625,,,,,,,,,
23192000,5798,2.75,,2.4669058322906494,,,,2.75,,,,,,,,,
23196000,5799,0.75,,2.4271931648254395,,,,0.75,,,,,,,,,
23200000,5800,1.75,,2.7466256618499756,,,,1.75,,,,,,,,,
23204000,5801,1.375,,2.1769778728485107,,,,1.375,,,,,,,,,
23208000,5802,2.375,,2.5676116943359375,,,,2.375,,,,,,,,,
23212000,5803,1.5,,2.539043664932251,,,,1.5,,,,,,,,,
23216000,5804,0.75,,2.2477564811706543,,,,0.75,,,,,,,,,
23220000,5805,2.125,,2.3572793006896973,,,,2.125,,,,,,,,,
23224000,5806,2.375,,2.296839952468872,,,,2.375,,,,,,,,,
23228000,5807,1.625,,2.846316337585449,,,,1.625,,,,,,,,,
23232000,5808,2.5,,2.6366610527038574,,,,2.5,,,,,,,,,
23236000,5809,1.875,,2.589353322982788,,,,1.875,,,,,,,,,
23240000,5810,0.875,,2.7070226669311523,,,,0.875,,,,,,,,,
23244000,5811,0.5,,2.5741357803344727,,,,0.5,,,,,,,,,
23248000,5812,0.5,,2.878282070159912,,,,0.5,,,,,,,,,
23252000,5813,1.125,,2.7249739170074463,,,,1.125,,,,,,,,,
23256000,5814,2.875,,2.8725574016571045,,,,2.875,,,,,,,,,
23260000,5815,0.5,,2.8861255645751953,,,,0.5,,,,,,,,,
23264000,5816,0.625,,2.777426242828369,,,,0.625,,,,,,,,,
23268000,5817,1.0,,2.560634136199951,,,,1.0,,,,,,,,,
23272000,5818,0.375,,2.4647791385650635,,,,0.375,,,,,,,,,
23276000,5819,1.75,,2.4305615425109863,,,,1.75,,,,,,,,,
23280000,5820,1.875,,2.51194429397583,,,,1.875,,,,,,,,,
23284000,5821,1.875,,2.428849697113037,,,,1.875,,,,,,,,,
23288000,5822,1.125,,2.583644390106201,,,,1.125,,,,,,,,,
23292000,5823,2.0,,2.6949450969696045,,,,2.0,,,,,,,,,
23296000,5824,1.25,,2.5162858963012695,,,,1.25,,,,,,,,,
23300000,5825,1.25,,2.5883471965789795,,,,1.25,,,,,,,,,
23304000,5826,1.375,,2.035330057144165,,,,1.375,,,,,,,,,
23308000,5827,1.625,,2.4278664588928223,,,,1.625,,,,,,,,,
23312000,5828,2.25,,2.675203323364258,,,,2.25,,,,,,,,,
23316000,5829,3.625,,2.415860414505005,,,,3.625,,,,,,,,,
23320000,5830,2.625,,2.4288790225982666,,,,2.625,,,,,,,,,
23324000,5831,2.125,,2.322075843811035,,,,2.125,,,,,,,,,
23328000,5832,2.125,,2.479597330093384,,,,2.125,,,,,,,,,
23332000,5833,1.25,,2.400810718536377,,,,1.25,,,,,,,,,
23336000,5834,1.875,,2.5960781574249268,,,,1.875,,,,,,,,,
23340000,5835,1.875,,2.4391965866088867,,,,1.875,,,,,,,,,
23344000,5836,2.5,,2.619067668914795,,,,2.5,,,,,,,,,
23348000,5837,2.75,,2.6359477043151855,,,,2.75,,,,,,,,,
23352000,5838,2.5,,2.4502527713775635,,,,2.5,,,,,,,,,
23356000,5839,2.25,,2.9678149223327637,,,,2.25,,,,,,,,,
23360000,5840,2.125,,2.5380797386169434,,,,2.125,,,,,,,,,
23364000,5841,0.75,,2.767972469329834,,,,0.75,,,,,,,,,
23368000,5842,0.375,,3.269227981567383,,,,0.375,,,,,,,,,
23372000,5843,0.0,,3.175457000732422,,,,0.0,,,,,,,,,
23376000,5844,0.125,,3.441713809967041,,,,0.125,,,,,,,,,
23380000,5845,1.25,,2.9264330863952637,,,,1.25,,,,,,,,,
23384000,5846,1.25,,3.3538050651550293,,,,1.25,,,,,,,,,
23388000,5847,1.25,,3.0431900024414062,,,,1.25,,,,,,,,,
23392000,5848,1.5,,2.830524444580078,,,,1.5,,,,,,,,,
23396000,5849,0.75,,2.8753018379211426,,,,0.75,,,,,,,,,
23400000,5850,1.375,,2.9415760040283203,,,,1.375,,,,,,,,,
23404000,5851,2.125,,2.7749435901641846,,,,2.125,,,,,,,,,
23408000,5852,2.0,,2.994626998901367,,,,2.0,,,,,,,,,
23412000,5853,2.0,,2.5543088912963867,,,,2.0,,,,,,,,,
23416000,5854,1.375,,2.9583616256713867,,,,1.375,,,,,,,,,
23420000,5855,2.5,,2.7607009410858154,,,,2.5,,,,,,,,,
23424000,5856,1.875,,2.363311290740967,,,,1.875,,,,,,,,,
23428000,5857,2.875,,2.665947914123535,,,,2.875,,,,,,,,,
23432000,5858,2.75,,2.7832190990448,,,,2.75,,,,,,,,,
23436000,5859,3.0,,2.765998363494873,,,,3.0,,,,,,,,,
23440000,5860,3.625,,2.6478219032287598,,,,3.625,,,,,,,,,
23444000,5861,3.125,,3.103787899017334,,,,3.125,,,,,,,,,
23448000,5862,2.625,,2.871168851852417,,,,2.625,,,,,,,,,
23452000,5863,2.5,,3.0148842334747314,,,,2.5,,,,,,,,,
23456000,5864,2.25,,2.9742136001586914,,,,2.25,,,,,,,,,
23460000,5865,3.125,,2.8041305541992188,,,,3.125,,,,,,,,,
23464000,5866,2.25,,3.023160934448242,,,,2.25,,,,,,,,,
23468000,5867,2.875,,3.0754024982452393,,,,2.875,,,,,,,,,
23472000,5868,1.375,,3.126317024230957,,,,1.375,,,,,,,,,
23476000,5869,1.375,,2.9826011657714844,,,,1.375,,,,,,,,,
23480000,5870,2.625,,3.0266575813293457,,,,2.625,,,,,,,,,
23484000,5871,1.875,,2.723703622817993,,,,1.875,,,,,,,,,
23488000,5872,2.625,,2.804691791534424,,,,2.625,,,,,,,,,
23492000,5873,1.0,,3.0138113498687744,,,,1.0,,,,,,,,,
23496000,5874,1.75,,2.830739974975586,,,,1.75,,,,,,,,,
23500000,5875,3.5,,2.9429328441619873,,,,3.5,,,,,,,,,
23504000,5876,1.5,,3.0437583923339844,,,,1.5,,,,,,,,,
23508000,5877,3.5,,2.8667454719543457,,,,3.5,,,,,,,,,
23512000,5878,1.875,,2.8179101943969727,,,,1.875,,,,,,,,,
23516000,5879,2.375,,2.983055353164673,,,,2.375,,,,,,,,,
23520000,5880,3.125,,3.1885218620300293,,,,3.125,,,,,,,,,
23524000,5881,2.25,,2.956608295440674,,,,2.25,,,,,,,,,
23528000,5882,3.625,,3.35302734375,,,,3.625,,,,,,,,,
23532000,5883,3.375,,3.060150623321533,,,,3.375,,,,,,,,,
23536000,5884,3.125,,2.733084201812744,,,,3.125,,,,,,,,,
23540000,5885,3.75,,2.957916736602783,,,,3.75,,,,,,,,,
23544000,5886,1.625,,3.0881764888763428,,,,1.625,,,,,,,,,
23548000,5887,3.375,,3.169285297393799,,,,3.375,,,,,,,,,
23552000,5888,1.375,,3.176473617553711,,,,1.375,,,,,,,,,
23556000,5889,1.875,,3.3185606002807617,,,,1.875,,,,,,,,,
23560000,5890,0.625,,3.590257167816162,,,,0.625,,,,,,,,,
23564000,5891,0.125,,3.810023069381714,,,,0.125,,,,,,,,,
23568000,5892,0.125,,3.6719789505004883,,,,0.125,,,,,,,,,
23572000,5893,0.0,,3.4086241722106934,,,,0.0,,,,,,,,,
23576000,5894,0.375,,3.315011739730835,,,,0.375,,,,,,,,,
23580000,5895,1.375,,3.005554437637329,,,,1.375,,,,,,,,,
23584000,5896,1.375,,2.988597869873047,,,,1.375,,,,,,,,,
23588000,5897,1.625,,2.8386850357055664,,,,1.625,,,,,,,,,
23592000,5898,1.0,,2.7443227767944336,,,,1.0,,,,,,,,,
23596000,5899,1.5,,2.7274134159088135,,,,1.5,,,,,,,,,
23600000,5900,1.875,,2.9170708656311035,,,,1.875,,,,,,,,,
23604000,5901,1.5,,2.8670740127563477,,,,1.5,,,,,,,,,
23608000,5902,2.25,,2.882596254348755,,,,2.25,,,,,,,,,
23612000,5903,1.75,,2.7719688415527344,,,,1.75,,,,,,,,,
23616000,5904,2.25,,3.060521125793457,,,,2.25,,,,,,,,,
23620000,5905,3.5,,2.8122153282165527,,,,3.5,,,,,,,,,
23624000,5906,1.75,,3.2719433307647705,,,,1.75,,,,,,,,,
23628000,5907,3.625,,2.9247567653656006,,,,3.625,,,,,,,,,
23632000,5908,1.25,,3.0882301330566406,,,,1.25,,,,,,,,,
23636000,5909,2.5,,3.1351141929626465,,,,2.5,,,,,,,,,
23640000,5910,4.0,,2.9353697299957275,,,,4.0,,,,,,,,,
23644000,5911,1.25,,2.9696035385131836,,,,1.25,,,,,,,,,
23648000,5912,2.5,,3.155745029449463,,,,2.5,,,,,,,,,
23652000,5913,2.75,,3.2308449745178223,,,,2.75,,,,,,,,,
23656000,5914,3.5,,3.1849865913391113,,,,3.5,,,,,,,,,
23660000,5915,1.75,,3.3548531532287598,,,,1.75,,,,,,,,,
23664000,5916,1.75,,3.1962733268737793,,,,1.75,,,,,,,,,
23668000,5917,2.5,,3.3954999446868896,,,,2.5,,,,,,,,,
23672000,5918,2.75,,3.1356008052825928,,,,2.75,,,,,,,,,
23676000,5919,2.0,,2.7725462913513184,,,,2.0,,,,,,,,,
23680000,5920,1.875,,3.137709379196167,,,,1.875,,,,,,,,,
23684000,5921,1.875,,3.186464309692383,,,,1.875,,,,,,,,,
23688000,5922,1.625,,3.198113441467285,,,,1.625,,,,,,,,,
23692000,5923,3.125,,3.2958109378814697,,,,3.125,,,,,,,,,
23696000,5924,2.5,,2.8924827575683594,,,,2.5,,,,,,,,,
23700000,5925,2.625,,3.3810412883758545,,,,2.625,,,,,,,,,
23704000,5926,3.0,,3.3550567626953125,,,,3.0,,,,,,,,,
23708000,5927,3.0,,2.9822511672973633,,,,3.0,,,,,,,,,
23712000,5928,2.75,,2.9113802909851074,,,,2.75,,,,,,,,,
23716000,5929,3.5,,3.3492612838745117,,,,3.5,,,,,,,,,
23720000,5930,4.0,,3.5521466732025146,,,,4.0,,,,,,,,,
23724000,5931,2.625,,3.2585537433624268,,,,2.625,,,,,,,,,
23728000,5932,2.375,,3.295149803161621,,,,2.375,,,,,,,,,
23732000,5933,2.5,,3.492013692855835,,,,2.5,,,,,,,,,
23736000,5934,2.125,,3.3139326572418213,,,,2.125,,,,,,,,,
23740000,5935,0.25,,3.5326428413391113,,,,0.25,,,,,,,,,
23744000,5936,3.125,,3.2368664741516113,,,,3.125,,,,,,,,,
23748000,5937,1.125,,3.4303083419799805,,,,1.125,,,,,,,,,
23752000,5938,1.875,,3.3811516761779785,,,,1.875,,,,,,,,,
23756000,5939,3.25,,3.1209707260131836,,,,3.25,,,,,,,,,
23760000,5940,2.375,,3.595163583755493,,,,2.375,,,,,,,,,
23764000,5941,1.125,,3.430877208709717,,,,1.125,,,,,,,,,
23768000,5942,1.375,,3.4666547775268555,,,,1.375,,,,,,,,,
23772000,5943,1.5,,3.3075919151306152,,,,1.5,,,,,,,,,
23776000,5944,1.875,,3.2487335205078125,,,,1.875,,,,,,,,,
23780000,5945,1.5,,3.3627755641937256,,,,1.5,,,,,,,,,
23784000,5946,2.25,,3.2976789474487305,,,,2.25,,,,,,,,,
23788000,5947,2.125,,3.5052859783172607,,,,2.125,,,,,,,,,
23792000,5948,3.25,,3.269423007965088,,,,3.25,,,,,,,,,
23796000,5949,3.125,,3.4678244590759277,,,,3.125,,,,,,,,,
23800000,5950,2.625,,3.3123080730438232,,,,2.625,,,,,,,,,
23804000,5951,2.5,,3.5464608669281006,,,,2.5,,,,,,,,,
23808000,5952,2.375,,3.2606985569000244,,,,2.375,,,,,,,,,
23812000,5953,4.0,,3.0979409217834473,,,,4.0,,,,,,,,,
23816000,5954,2.0,,3.3078579902648926,,,,2.0,,,,,,,,,
23820000,5955,3.25,,3.533405303955078,,,,3.25,,,,,,,,,
23824000,5956,1.625,,3.5077319145202637,,,,1.625,,,,,,,,,
23828000,5957,3.75,,3.4974236488342285,,,,3.75,,,,,,,,,
23832000,5958,1.5,,3.404041290283203,,,,1.5,,,,,,,,,
23836000,5959,3.25,,3.680058002471924,,,,3.25,,,,,,,,,
23840000,5960,2.625,,3.473324775695801,,,,2.625,,,,,,,,,
23844000,5961,3.625,,3.2987723350524902,,,,3.625,,,,,,,,,
23848000,5962,3.125,,3.4714741706848145,,,,3.125,,,,,,,,,
23852000,5963,4.0,,3.1753644943237305,,,,4.0,,,,,,,,,
23856000,5964,3.625,,3.2235023975372314,,,,3.625,,,,,,,,,
23860000,5965,4.125,,3.5624382495880127,,,,4.125,,,,,,,,,
23864000,5966,2.625,,3.5359697341918945,,,,2.625,,,,,,,,,
23868000,5967,2.5,,3.4102699756622314,,,,2.5,,,,,,,,,
23872000,5968,1.375,,3.9984869956970215,,,,1.375,,,,,,,,,
23876000,5969,2.375,,3.5854949951171875,,,,2.375,,,,,,,,,
23880000,5970,0.625,,3.946162700653076,,,,0.625,,,,,,,,,
23884000,5971,0.875,,4.098810195922852,,,,0.875,,,,,,,,,
23888000,5972,1.5,,4.0451202392578125,,,,1.5,,,,,,,,,
23892000,5973,1.75,,3.60827374458313,,,,1.75,,,,,,,,,
23896000,5974,2.75,,3.7248713970184326,,,,2.75,,,,,,,,,
23900000,5975,2.875,,3.6594486236572266,,,,2.875,,,,,,,,,
23904000,5976,2.375,,3.700748920440674,,,,2.375,,,,,,,,,
23908000,5977,1.5,,3.670401096343994,,,,1.5,,,,,,,,,
23912000,5978,2.125,,3.909409284591675,,,,2.125,,,,,,,,,
23916000,5979,2.625,,3.477384328842163,,,,2.625,,,,,,,,,
23920000,5980,1.5,,3.820728302001953,,,,1.5,,,,,,,,,
23924000,5981,2.375,,3.5815556049346924,,,,2.375,,,,,,,,,
23928000,5982,3.0,,3.7246179580688477,,,,3.0,,,,,,,,,
23932000,5983,2.25,,3.4161243438720703,,,,2.25,,,,,,,,,
23936000,5984,3.5,,3.4322566986083984,,,,3.5,,,,,,,,,
23940000,5985,3.25,,3.243900775909424,,,,3.25,,,,,,,,,
23944000,5986,2.0,,3.485079288482666,,,,2.0,,,,,,,,,
23948000,5987,3.375,,3.4392449855804443,,,,3.375,,,,,,,,,
23952000,5988,1.875,,3.5438554286956787,,,,1.875,,,,,,,,,
23956000,5989,2.75,,3.5528833866119385,,,,2.75,,,,,,,,,
23960000,5990,2.125,,3.268541097640991,,,,2.125,,,,,,,,,
23964000,5991,1.375,,3.658289909362793,,,,1.375,,,,,,,,,
23968000,5992,2.75,,3.416868209838867,,,,2.75,,,,,,,,,
23972000,5993,2.125,,3.9728779792785645,,,,2.125,,,,,,,,,
23976000,5994,2.375,,3.5130653381347656,,,,2.375,,,,,,,,,
23980000,5995,2.625,,3.4740185737609863,,,,2.625,,,,,,,,,
23984000,5996,3.25,,3.2977051734924316,,,,3.25,,,,,,,,,
23988000,5997,4.0,,3.3909404277801514,,,,4.0,,,,,,,,,
23992000,5998,1.875,,3.4564859867095947,,,,1.875,,,,,,,,,
23996000,5999,3.875,,3.6339335441589355,,,,3.875,,,,,,,,,
24000000,6000,2.875,,3.706472396850586,,,,2.875,,,,,,,,,
24004000,6001,2.875,,3.7834107875823975,,,,2.875,,,,,,,,,
24008000,6002,3.25,,3.2079813480377197,,,,3.25,,,,,,,,,
24012000,6003,3.5,,3.7309207916259766,,,,3.5,,,,,,,,,
24016000,6004,3.375,,3.3776161670684814,,,,3.375,,,,,,,,,
24020000,6005,2.875,,3.1848208904266357,,,,2.875,,,,,,,,,
24024000,6006,3.25,,3.381669521331787,,,,3.25,,,,,,,,,
24028000,6007,4.0,,3.3780274391174316,,,,4.0,,,,,,,,,
24032000,6008,2.875,,3.3134069442749023,,,,2.875,,,,,,,,,
24036000,6009,3.25,,3.391559600830078,,,,3.25,,,,,,,,,
24040000,6010,3.25,,3.7727935314178467,,,,3.25,,,,,,,,,
24044000,6011,3.75,,3.837334632873535,,,,3.75,,,,,,,,,
24048000,6012,2.0,,3.9706053733825684,,,,2.0,,,,,,,,,
24052000,6013,3.125,,3.449589967727661,,,,3.125,,,,,,,,,
24056000,6014,3.5,,3.637237548828125,,,,3.5,,,,,,,,,
24060000,6015,2.25,,3.3737354278564453,,,,2.25,,,,,,,,,
24064000,6016,3.25,,3.5898709297180176,,,,3.25,,,,,,,,,
24068000,6017,2.25,,3.568502902984619,,,,2.25,,,,,,,,,
24072000,6018,3.125,,3.9583468437194824,,,,3.125,,,,,,,,,
24076000,6019,2.875,,4.127391338348389,,,,2.875,,,,,,,,,
24080000,6020,2.875,,3.764298915863037,,,,2.875,,,,,,,,,
24084000,6021,3.625,,3.887641429901123,,,,3.625,,,,,,,,,
24088000,6022,3.875,,4.114465236663818,,,,3.875,,,,,,,,,
24092000,6023,2.375,,4.1021223068237305,,,,2.375,,,,,,,,,
24096000,6024,3.5,,3.7680468559265137,,,,3.5,,,,,,,,,
24100000,6025,2.125,,4.027429580688477,,,,2.125,,,,,,,,,
24104000,6026,3.25,,4.13438606262207,,,,3.25,,,,,,,,,
24108000,6027,2.375,,4.154736518859863,,,,2.375,,,,,,,,,
24112000,6028,1.75,,3.9691572189331055,,,,1.75,,,,,,,,,
24116000,6029,1.0,,4.001431941986084,,,,1.0,,,,,,,,,
24120000,6030,1.875,,4.1446332931518555,,,,1.875,,,,,,,,,
24124000,6031,1.625,,3.552760601043701,,,,1.625,,,,,,,,,
24128000,6032,2.375,,3.436995029449463,,,,2.375,,,,,,,,,
24132000,6033,1.25,,3.6718597412109375,,,,1.25,,,,,,,,,
24136000,6034,2.0,,3.8082222938537598,,,,2.0,,,,,,,,,
24140000,6035,2.125,,4.060385704040527,,,,2.125,,,,,,,,,
24144000,6036,3.0,,3.500344753265381,,,,3.0,,,,,,,,,
24148000,6037,3.375,,4.257038116455078,,,,3.375,,,,,,,,,
24152000,6038,3.25,,4.070387363433838,,,,3.25,,,,,,,,,
24156000,6039,4.0,,3.954624652862549,,,,4.0,,,,,,,,,
24160000,6040,2.5,,3.8984036445617676,,,,2.5,,,,,,,,,
24164000,6041,1.875,,3.914426803588867,,,,1.875,,,,,,,,,
24168000,6042,2.0,,3.383361339569092,,,,2.0,,,,,,,,,
24172000,6043,1.625,,3.813523530960083,,,,1.625,,,,,,,,,
24176000,6044,2.25,,3.9075095653533936,,,,2.25,,,,,,,,,
24180000,6045,2.5,,4.140294075012207,,,,2.5,,,,,,,,,
24184000,6046,2.75,,3.9632129669189453,,,,2.75,,,,,,,,,
24188000,6047,3.5,,3.795250654220581,,,,3.5,,,,,,,,,
24192000,6048,2.25,,3.9335217475891113,,,,2.25,,,,,,,,,
24196000,6049,2.5,,3.8509747982025146,,,,2.5,,,,,,,,,
24200000,6050,3.375,,3.9512133598327637,,,,3.375,,,,,,,,,
24204000,6051,2.5,,3.943641185760498,,,,2.5,,,,,,,,,
24208000,6052,3.0,,3.9107227325439453,,,,3.0,,,,,,,,,
24212000,6053,2.75,,3.930844783782959,,,,2.75,,,,,,,,,
24216000,6054,2.625,,3.6708898544311523,,,,2.625,,,,,,,,,
24220000,6055,3.625,,3.8525960445404053,,,,3.625,,,,,,,,,
24224000,6056,4.125,,3.8345413208007812,,,,4.125,,,,,,,,,
24228000,6057,1.25,,3.7199838161468506,,,,1.25,,,,,,,,,
24232000,6058,2.375,,3.967277765274048,,,,2.375,,,,,,,,,
24236000,6059,2.375,,3.8987112045288086,,,,2.375,,,,,,,,,
24240000,6060,3.25,,3.823059558868408,,,,3.25,,,,,,,,,
24244000,6061,3.125,,3.867103099822998,,,,3.125,,,,,,,,,
24248000,6062,3.0,,3.63865327835083,,,,3.0,,,,,,,,,
24252000,6063,3.25,,3.9950220584869385,,,,3.25,,,,,,,,,
24256000,6064,3.125,,4.065832138061523,,,,3.125,,,,,,,,,
24260000,6065,3.875,,3.8759636878967285,,,,3.875,,,,,,,,,
24264000,6066,3.125,,4.046850204467773,,,,3.125,,,,,,,,,
24268000,6067,3.5,,3.874972343444824,,,,3.5,,,,,,,,,
24272000,6068,4.0,,3.8741328716278076,,,,4.0,,,,,,,,,
24276000,6069,3.75,,4.154898643493652,,,,3.75,,,,,,,,,
24280000,6070,3.375,,4.02277946472168,,,,3.375,,,,,,,,,
24284000,6071,3.625,,4.086559295654297,,,,3.625,,,,,,,,,
24288000,6072,2.375,,4.147367477416992,,,,2.375,,,,,,,,,
24292000,6073,3.75,,4.27414608001709,,,,3.75,,,,,,,,,
24296000,6074,3.25,,3.925334930419922,,,,3.25,,,,,,,,,
24300000,6075,1.75,,4.219738960266113,,,,1.75,,,,,,,,,
24304000,6076,3.375,,4.109352111816406,,,,3.375,,,,,,,,,
24308000,6077,1.75,,4.292255878448486,,,,1.75,,,,,,,,,
24312000,6078,2.75,,3.9298954010009766,,,,2.75,,,,,,,,,
24316000,6079,4.0,,3.9634082317352295,,,,4.0,,,,,,,,,
24320000,6080,4.0,,3.912867546081543,,,,4.0,,,,,,,,,
24324000,6081,3.0,,4.025341033935547,,,,3.0,,,,,,,,,
24328000,6082,3.375,,4.567923545837402,,,,3.375,,,,,,,,,
24332000,6083,3.375,,4.216617584228516,,,,3.375,,,,,,,,,
24336000,6084,3.375,,4.246882438659668,,,,3.375,,,,,,,,,
24340000,6085,4.25,,4.218807220458984,,,,4.25,,,,,,,,,
24344000,6086,3.875,,3.998260736465454,,,,3.875,,,,,,,,,
24348000,6087,3.25,,4.1767964363098145,,,,3.25,,,,,,,,,
24352000,6088,3.375,,4.223435401916504,,,,3.375,,,,,,,,,
24356000,6089,3.375,,3.8658270835876465,,,,3.375,,,,,,,,,
24360000,6090,3.0,,4.099234580993652,,,,3.0,,,,,,,,,
24364000,6091,3.375,,4.084357261657715,,,,3.375,,,,,,,,,
24368000,6092,3.75,,3.935272693634033,,,,3.75,,,,,,,,,
24372000,6093,4.0,,3.8628151416778564,,,,4.0,,,,,,,,,
24376000,6094,3.875,,4.214957237243652,,,,3.875,,,,,,,,,
24380000,6095,3.5,,4.2380828857421875,,,,3.5,,,,,,,,,
24384000,6096,3.875,,4.235294342041016,,,,3.875,,,,,,,,,
24388000,6097,3.0,,3.9992008209228516,,,,3.0,,,,,,,,,
24392000,6098,3.875,,4.205879211425781,,,,3.875,,,,,,,,,
24396000,6099,3.625,,4.266561031341553,,,,3.625,,,,,,,,,
24400000,6100,2.75,,3.919072151184082,,,,2.75,,,,,,,,,
24404000,6101,2.875,,4.3901872634887695,,,,2.875,,,,,,,,,
24408000,6102,3.875,,4.08919620513916,,,,3.875,,,,,,,,,
24412000,6103,3.75,,4.02974796295166,,,,3.75,,,,,,,,,
24416000,6104,3.875,,4.262124538421631,,,,3.875,,,,,,,,,
24420000,6105,3.75,,4.164215087890625,,,,3.75,,,,,,,,,
24424000,6106,3.75,,4.458551406860352,,,,3.75,,,,,,,,,
24428000,6107,3.875,,4.167577743530273,,,,3.875,,,,,,,,,
24432000,6108,2.25,,4.131807804107666,,,,2.25,,,,,,,,,
24436000,6109,3.875,,4.146951675415039,,,,3.875,,,,,,,,,
24440000,6110,4.0,,4.088467597961426,,,,4.0,,,,,,,,,
24444000,6111,3.625,,4.4201507568359375,,,,3.625,,,,,,,,,
24448000,6112,3.5,,4.3730926513671875,,,,3.5,,,,,,,,,
24452000,6113,3.875,,4.1804704666137695,,,,3.875,,,,,,,,,
24456000,6114,3.625,,4.140613555908203,,,,3.625,,,,,,,,,
24460000,6115,3.5,,4.509842872619629,,,,3.5,,,,,,,,,
24464000,6116,3.75,,4.267414093017578,,,,3.75,,,,,,,,,
24468000,6117,3.25,,4.430962085723877,,,,3.25,,,,,,,,,
24472000,6118,2.75,,4.491786956787109,,,,2.75,,,,,,,,,
24476000,6119,3.375,,4.620108604431152,,,,3.375,,,,,,,,,
24480000,6120,3.5,,4.255285263061523,,,,3.5,,,,,,,,,
24484000,6121,3.375,,4.226957321166992,,,,3.375,,,,,,,,,
24488000,6122,2.625,,4.0527825355529785,,,,2.625,,,,,,,,,
24492000,6123,2.75,,4.103123664855957,,,,2.75,,,,,,,,,
24496000,6124,3.625,,4.594274520874023,,,,3.625,,,,,,,,,
24500000,6125,3.125,,4.299540996551514,,,,3.125,,,,,,,,,
24504000,6126,1.625,,4.002710819244385,,,,1.625,,,,,,,,,
24508000,6127,3.625,,4.186661720275879,,,,3.625,,,,,,,,,
24512000,6128,2.625,,4.229212284088135,,,,2.625,,,,,,,,,
24516000,6129,3.125,,4.091895580291748,,,,3.125,,,,,,,,,
24520000,6130,3.125,,4.259242057800293,,,,3.125,,,,,,,,,
24524000,6131,3.25,,4.141773700714111,,,,3.25,,,,,,,,,
24528000,6132,3.875,,4.319884300231934,,,,3.875,,,,,,,,,
24532000,6133,3.375,,4.266910552978516,,,,3.375,,,,,,,,,
24536000,6134,3.625,,4.14290714263916,,,,3.625,,,,,,,,,
24540000,6135,3.875,,4.459929466247559,,,,3.875,,,,,,,,,
24544000,6136,3.625,,4.2819743156433105,,,,3.625,,,,,,,,,
24548000,6137,3.5,,4.017454147338867,,,,3.5,,,,,,,,,
24552000,6138,3.625,,4.0080366134643555,,,,3.625,,,,,,,,,
24556000,6139,4.125,,4.188882827758789,,,,4.125,,,,,,,,,
24560000,6140,2.125,,4.342953681945801,,,,2.125,,,,,,,,,
24564000,6141,3.5,,4.242654800415039,,,,3.5,,,,,,,,,
24568000,6142,3.375,,4.255959987640381,,,,3.375,,,,,,,,,
24572000,6143,3.375,,4.380337715148926,,,,3.375,,,,,,,,,
24576000,6144,3.75,,4.502394199371338,,,,3.75,,,,,,,,,
24580000,6145,3.5,,4.1765007972717285,,,,3.5,,,,,,,,,
24584000,6146,3.125,,4.39787483215332,,,,3.125,,,,,,,,,
24588000,6147,3.0,,4.058022499084473,,,,3.0,,,,,,,,,
24592000,6148,3.625,,4.403846740722656,,,,3.625,,,,,,,,,
24596000,6149,3.125,,3.9781241416931152,,,,3.125,,,,,,,,,
24600000,6150,4.125,,4.180022239685059,,,,4.125,,,,,,,,,
24604000,6151,3.0,,4.09476375579834,,,,3.0,,,,,,,,,
24608000,6152,3.375,,4.28256893157959,,,,3.375,,,,,,,,,
24612000,6153,3.75,,4.242714881896973,,,,3.75,,,,,,,,,
24616000,6154,3.625,,4.388622760772705,,,,3.625,,,,,,,,,
24620000,6155,2.5,,4.582408428192139,,,,2.5,,,,,,,,,
24624000,6156,3.75,,4.394834518432617,,,,3.75,,,,,,,,,
24628000,6157,2.5,,4.312920570373535,,,,2.5,,,,,,,,,
24632000,6158,3.375,,4.493477821350098,,,,3.375,,,,,,,,,
24636000,6159,3.125,,4.106289863586426,,,,3.125,,,,,,,,,
24640000,6160,3.75,,3.9765305519104004,,,,3.75,,,,,,,,,
24644000,6161,2.875,,4.316491603851318,,,,2.875,,,,,,,,,
24648000,6162,3.375,,4.306733131408691,,,,3.375,,,,,,,,,
24652000,6163,3.75,,4.524099349975586,,,,3.75,,,,,,,,,
24656000,6164,3.25,,4.375284194946289,,,,3.25,,,,,,,,,
24660000,6165,2.625,,4.270008087158203,,,,2.625,,,,,,,,,
24664000,6166,3.5,,4.480517864227295,,,,3.5,,,,,,,,,
24668000,6167,3.75,,4.430720329284668,,,,3.75,,,,,,,,,
24672000,6168,3.0,,4.650278091430664,,,,3.0,,,,,,,,,
24676000,6169,3.375,,4.498319625854492,,,,3.375,,,,,,,,,
24680000,6170,3.0,,4.504945755004883,,,,3.0,,,,,,,,,
24684000,6171,4.0,,4.5406084060668945,,,,4.0,,,,,,,,,
24688000,6172,3.25,,4.074649810791016,,,,3.25,,,,,,,,,
24692000,6173,3.375,,4.052335739135742,,,,3.375,,,,,,,,,
24696000,6174,3.375,,4.395103931427002,,,,3.375,,,,,,,,,
24700000,6175,3.75,,4.276051998138428,,,,3.75,,,,,,,,,
24704000,6176,3.375,,4.408753395080566,,,,3.375,,,,,,,,,
24708000,6177,2.625,,4.3737473487854,,,,2.625,,,,,,,,,
24712000,6178,3.625,,4.419196128845215,,,,3.625,,,,,,,,,
24716000,6179,3.0,,4.3213324546813965,,,,3.0,,,,,,,,,
24720000,6180,3.375,,4.464509963989258,,,,3.375,,,,,,,,,
24724000,6181,2.875,,4.33854341506958,,,,2.875,,,,,,,,,
24728000,6182,3.625,,4.6654863357543945,,,,3.625,,,,,,,,,
24732000,6183,2.0,,4.622438907623291,,,,2.0,,,,,,,,,
24736000,6184,2.5,,4.503795623779297,,,,2.5,,,,,,,,,
24740000,6185,3.625,,4.25667667388916,,,,3.625,,,,,,,,,
24744000,6186,2.875,,4.329926490783691,,,,2.875,,,,,,,,,
24748000,6187,2.625,,4.477275848388672,,,,2.625,,,,,,,,,
24752000,6188,3.625,,4.183913230895996,,,,3.625,,,,,,,,,
24756000,6189,3.0,,4.612951755523682,,,,3.0,,,,,,,,,
24760000,6190,2.625,,4.698631286621094,,,,2.625,,,,,,,,,
24764000,6191,2.375,,4.513243198394775,,,,2.375,,,,,,,,,
24768000,6192,2.625,,4.285543441772461,,,,2.625,,,,,,,,,
24772000,6193,2.75,,4.259881496429443,,,,2.75,,,,,,,,,
24776000,6194,0.75,,4.17424201965332,,,,0.75,,,,,,,,,
24780000,6195,3.375,,4.374085426330566,,,,3.375,,,,,,,,,
24784000,6196,2.5,,4.13260555267334,,,,2.5,,,,,,,,,
24788000,6197,2.75,,4.149897575378418,,,,2.75,,,,,,,,,
24792000,6198,3.25,,4.387494087219238,,,,3.25,,,,,,,,,
24796000,6199,3.25,,4.169917106628418,,,,3.25,,,,,,,,,
24800000,6200,3.625,,4.482902526855469,,,,3.625,,,,,,,,,
24804000,6201,3.125,,4.44073486328125,,,,3.125,,,,,,,,,
24808000,6202,3.875,,4.304168701171875,,,,3.875,,,,,,,,,
24812000,6203,3.75,,4.175426483154297,,,,3.75,,,,,,,,,
24816000,6204,2.5,,4.193271636962891,,,,2.5,,,,,,,,,
24820000,6205,2.75,,4.294473648071289,,,,2.75,,,,,,,,,
24824000,6206,3.625,,4.194133758544922,,,,3.625,,,,,,,,,
24828000,6207,3.875,,4.419798851013184,,,,3.875,,,,,,,,,
24832000,6208,2.625,,4.422340393066406,,,,2.625,,,,,,,,,
24836000,6209,3.125,,4.168450832366943,,,,3.125,,,,,,,,,
24840000,6210,2.625,,4.3851704597473145,,,,2.625,,,,,,,,,
24844000,6211,2.375,,3.9354634284973145,,,,2.375,,,,,,,,,
24848000,6212,3.125,,4.2004523277282715,,,,3.125,,,,,,,,,
24852000,6213,3.25,,4.134682655334473,,,,3.25,,,,,,,,,
24856000,6214,3.125,,4.292044162750244,,,,3.125,,,,,,,,,
24860000,6215,3.875,,4.217438220977783,,,,3.875,,,,,,,,,
24864000,6216,3.875,,4.095922470092773,,,,3.875,,,,,,,,,
24868000,6217,3.5,,4.238397598266602,,,,3.5,,,,,,,,,
24872000,6218,4.25,,4.136624336242676,,,,4.25,,,,,,,,,
24876000,6219,3.375,,4.248600959777832,,,,3.375,,,,,,,,,
24880000,6220,3.25,,4.066544532775879,,,,3.25,,,,,,,,,
24884000,6221,3.0,,4.107028961181641,,,,3.0,,,,,,,,,
24888000,6222,3.375,,4.211388111114502,,,,3.375,,,,,,,,,
24892000,6223,2.25,,4.256251335144043,,,,2.25,,,,,,,,,
24896000,6224,2.75,,4.097602844238281,,,,2.75,,,,,,,,,
24900000,6225,2.25,,4.112837791442871,,,,2.25,,,,,,,,,
24904000,6226,4.0,,4.009677886962891,,,,4.0,,,,,,,,,
24908000,6227,2.375,,3.862098217010498,,,,2.375,,,,,,,,,
24912000,6228,3.625,,3.870046615600586,,,,3.625,,,,,,,,,
24916000,6229,3.875,,4.242733955383301,,,,3.875,,,,,,,,,
24920000,6230,3.875,,4.048652648925781,,,,3.875,,,,,,,,,
24924000,6231,3.5,,3.9400293827056885,,,,3.5,,,,,,,,,
24928000,6232,3.125,,3.891003131866455,,,,3.125,,,,,,,,,
24932000,6233,3.0,,4.303199768066406,,,,3.0,,,,,,,,,
24936000,6234,3.375,,4.166710376739502,,,,3.375,,,,,,,,,
24940000,6235,3.875,,4.140885353088379,,,,3.875,,,,,,,,,
24944000,6236,1.25,,4.106840133666992,,,,1.25,,,,,,,,,
24948000,6237,3.0,,4.09398078918457,,,,3.0,,,,,,,,,
24952000,6238,2.625,,3.8571643829345703,,,,2.625,,,,,,,,,
24956000,6239,3.25,,3.8694252967834473,,,,3.25,,,,,,,,,
24960000,6240,2.5,,4.063541412353516,,,,2.5,,,,,,,,,
24964000,6241,2.625,,3.80704665184021,,,,2.625,,,,,,,,,
24968000,6242,3.375,,3.8580448627471924,,,,3.375,,,,,,,,,
24972000,6243,1.25,,3.9175362586975098,,,,1.25,,,,,,,,,
24976000,6244,3.625,,3.946779727935791,,,,3.625,,,,,,,,,
24980000,6245,3.0,,3.7418220043182373,,,,3.0,,,,,,,,,
24984000,6246,1.875,,3.7992663383483887,,,,1.875,,,,,,,,,
24988000,6247,2.625,,4.0215044021606445,,,,2.625,,,,,,,,,
24992000,6248,1.75,,4.011765480041504,,,,1.75,,,,,,,,,
24996000,6249,3.375,,4.080328941345215,,,,3.375,,,,,,,,,
25000000,6250,3.25,,4.193261623382568,,,,3.25,,,,,,,,,
25004000,6251,2.125,,3.9540884494781494,,,,2.125,,,,,,,,,
25008000,6252,0.625,,3.951409101486206,,,,0.625,,,,,,,,,
25012000,6253,0.625,,3.80305814743042,,,,0.625,,,,,,,,,
25016000,6254,3.0,,3.947288990020752,,,,3.0,,,,,,,,,
25020000,6255,1.5,,3.9125759601593018,,,,1.5,,,,,,,,,
25024000,6256,1.0,,3.8804562091827393,,,,1.0,,,,,,,,,
25028000,6257,3.125,,3.946805953979492,,,,3.125,,,,,,,,,
25032000,6258,0.75,,3.714336633682251,,,,0.75,,,,,,,,,
25036000,6259,1.875,,3.9433529376983643,,,,1.875,,,,,,,,,
25040000,6260,2.25,,3.7855591773986816,,,,2.25,,,,,,,,,
25044000,6261,1.625,,3.5974135398864746,,,,1.625,,,,,,,,,
25048000,6262,1.125,,3.9721007347106934,,,,1.125,,,,,,,,,
25052000,6263,2.375,,3.859750747680664,,,,2.375,,,,,,,,,
25056000,6264,1.0,,3.615878105163574,,,,1.0,,,,,,,,,
25060000,6265,0.75,,3.8253185749053955,,,,0.75,,,,,,,,,
25064000,6266,2.375,,3.592223882675171,,,,2.375,,,,,,,,,
25068000,6267,1.5,,3.57051157951355,,,,1.5,,,,,,,,,
25072000,6268,0.125,,3.7005984783172607,,,,0.125,,,,,,,,,
25076000,6269,0.75,,3.6575403213500977,,,,0.75,,,,,,,,,
25080000,6270,0.625,,3.613079071044922,,,,0.625,,,,,,,,,
25084000,6271,0.125,,3.4436707496643066,,,,0.125,,,,,,,,,
25088000,6272,1.375,,3.454866886138916,,,,1.375,,,,,,,,,
25092000,6273,1.375,,3.4283831119537354,,,,1.375,,,,,,,,,
25096000,6274,2.125,,3.8214778900146484,,,,2.125,,,,,,,,,
25100000,6275,2.125,,3.314544200897217,,,,2.125,,,,,,,,,
25104000,6276,2.875,,3.6742730140686035,,,,2.875,,,,,,,,,
25108000,6277,1.25,,3.6451568603515625,,,,1.25,,,,,,,,,
25112000,6278,1.125,,3.5707271099090576,,,,1.125,,,,,,,,,
25116000,6279,1.25,,3.2719831466674805,,,,1.25,,,,,,,,,
25120000,6280,2.5,,3.424118995666504,,,,2.5,,,,,,,,,
25124000,6281,2.875,,3.227672576904297,,,,2.875,,,,,,,,,
25128000,6282,2.125,,3.3563053607940674,,,,2.125,,,,,,,,,
25132000,6283,0.625,,3.3594346046447754,,,,0.625,,,,,,,,,
25136000,6284,1.375,,3.195011854171753,,,,1.375,,,,,,,,,
25140000,6285,0.5,,3.2592995166778564,,,,0.5,,,,,,,,,
25144000,6286,2.375,,3.278871536254883,,,,2.375,,,,,,,,,
25148000,6287,1.5,,3.1382558345794678,,,,1.5,,,,,,,,,
25152000,6288,1.25,,3.245882511138916,,,,1.25,,,,,,,,,
25156000,6289,1.25,,3.3111412525177,,,,1.25,,,,,,,,,
25160000,6290,1.875,,3.3631668090820312,,,,1.875,,,,,,,,,
25164000,6291,2.25,,3.1918141841888428,,,,2.25,,,,,,,,,
25168000,6292,2.125,,3.1969661712646484,,,,2.125,,,,,,,,,
25172000,6293,2.625,,3.35958194732666,,,,2.625,,,,,,,,,
25176000,6294,1.5,,3.186217784881592,,,,1.5,,,,,,,,,
25180000,6295,1.25,,3.1585936546325684,,,,1.25,,,,,,,,,
25184000,6296,3.625,,3.0400686264038086,,,,3.625,,,,,,,,,
25188000,6297,2.875,,3.0195364952087402,,,,2.875,,,,,,,,,
25192000,6298,1.25,,3.327694892883301,,,,1.25,,,,,,,,,
25196000,6299,2.25,,3.214607000350952,,,,2.25,,,,,,,,,
25200000,6300,0.625,,2.9153456687927246,,,,0.625,,,,,,,,,
25204000,6301,1.75,,3.1174798011779785,,,,1.75,,,,,,,,,
25208000,6302,1.375,,2.91689395904541,,,,1.375,,,,,,,,,
25212000,6303,1.375,,3.1299242973327637,,,,1.375,,,,,,,,,
25216000,6304,3.125,,2.878326416015625,,,,3.125,,,,,,,,,
25220000,6305,2.625,,2.9576809406280518,,,,2.625,,,,,,,,,
25224000,6306,2.25,,2.8707780838012695,,,,2.25,,,,,,,,,
25228000,6307,2.625,,2.992422103881836,,,,2.625,,,,,,,,,
25232000,6308,2.625,,3.2515769004821777,,,,2.625,,,,,,,,,
25236000,6309,2.375,,3.225358724594116,,,,2.375,,,,,,,,,
25240000,6310,2.75,,2.9571499824523926,,,,2.75,,,,,,,,,
25244000,6311,2.25,,3.0046920776367188,,,,2.25,,,,,,,,,
25248000,6312,2.125,,2.9341111183166504,,,,2.125,,,,,,,,,
25252000,6313,1.125,,2.8634164333343506,,,,1.125,,,,,,,,,
25256000,6314,1.375,,2.927278518676758,,,,1.375,,,,,,,,,
25260000,6315,2.625,,3.032155752182007,,,,2.625,,,,,,,,,
25264000,6316,1.625,,3.0340628623962402,,,,1.625,,,,,,,,,
25268000,6317,2.75,,2.8879218101501465,,,,2.75,,,,,,,,,
25272000,6318,1.625,,3.0965428352355957,,,,1.625,,,,,,,,,
25276000,6319,3.375,,3.104719638824463,,,,3.375,,,,,,,,,
25280000,6320,1.5,,2.6064772605895996,,,,1.5,,,,,,,,,
25284000,6321,1.75,,2.854494571685791,,,,1.75,,,,,,,,,
25288000,6322,1.375,,3.2900280952453613,,,,1.375,,,,,,,,,
25292000,6323,1.125,,3.0140810012817383,,,,1.125,,,,,,,,,
25296000,6324,3.75,,2.687129259109497,,,,3.75,,,,,,,,,
25300000,6325,2.0,,2.8623671531677246,,,,2.0,,,,,,,,,
25304000,6326,3.125,,2.847106456756592,,,,3.125,,,,,,,,,
25308000,6327,3.25,,3.008225679397583,,,,3.25,,,,,,,,,
25312000,6328,2.75,,2.841372489929199,,,,2.75,,,,,,,,,
25316000,6329,2.25,,2.940089225769043,,,,2.25,,,,,,,,,
25320000,6330,1.375,,2.8454720973968506,,,,1.375,,,,,,,,,
25324000,6331,2.625,,2.6674599647521973,,,,2.625,,,,,,,,,
25328000,6332,2.5,,2.6079893112182617,,,,2.5,,,,,,,,,
25332000,6333,2.75,,2.581209182739258,,,,2.75,,,,,,,,,
25336000,6334,3.75,,2.6963069438934326,,,,3.75,,,,,,,,,
25340000,6335,3.0,,3.0602993965148926,,,,3.0,,,,,,,,,
25344000,6336,3.75,,2.8304314613342285,,,,3.75,,,,,,,,,
25348000,6337,3.25,,2.688767433166504,,,,3.25,,,,,,,,,
25352000,6338,3.375,,2.582639217376709,,,,3.375,,,,,,,,,
25356000,6339,2.25,,3.1611762046813965,,,,2.25,,,,,,,,,
25360000,6340,4.0,,2.8937249183654785,,,,4.0,,,,,,,,,
25364000,6341,1.875,,2.7034525871276855,,,,1.875,,,,,,,,,
25368000,6342,4.0,,2.7699599266052246,,,,4.0,,,,,,,,,
25372000,6343,2.75,,2.6125481128692627,,,,2.75,,,,,,,,,
25376000,6344,3.5,,2.8516347408294678,,,,3.5,,,,,,,,,
25380000,6345,1.25,,2.7002973556518555,,,,1.25,,,,,,,,,
25384000,6346,3.5,,2.7914249897003174,,,,3.5,,,,,,,,,
25388000,6347,0.0,,2.687595844268799,,,,0.0,,,,,,,,,
25392000,6348,3.375,,2.82155179977417,,,,3.375,,,,,,,,,
25396000,6349,3.0,,2.7982115745544434,,,,3.0,,,,,,,,,
25400000,6350,2.375,,2.570941925048828,,,,2.375,,,,,,,,,
25404000,6351,3.625,,2.730938196182251,,,,3.625,,,,,,,,,
25408000,6352,2.0,,2.829221248626709,,,,2.0,,,,,,,,,
25412000,6353,2.875,,2.6740291118621826,,,,2.875,,,,,,,,,
25416000,6354,3.75,,2.8238987922668457,,,,3.75,,,,,,,,,
25420000,6355,2.125,,2.8359761238098145,,,,2.125,,,,,,,,,
25424000,6356,3.625,,3.0525975227355957,,,,3.625,,,,,,,,,
25428000,6357,3.75,,2.611595630645752,,,,3.75,,,,,,,,,
25432000,6358,1.5,,2.932003974914551,,,,1.5,,,,,,,,,
25436000,6359,3.5,,2.7647342681884766,,,,3.5,,,,,,,,,
25440000,6360,2.75,,2.608825445175171,,,,2.75,,,,,,,,,
25444000,6361,4.0,,2.6475048065185547,,,,4.0,,,,,,,,,
25448000,6362,1.5,,2.6299448013305664,,,,1.5,,,,,,,,,
25452000,6363,3.375,,2.6255991458892822,,,,3.375,,,,,,,,,
25456000,6364,1.25,,2.714420795440674,,,,1.25,,,,,,,,,
25460000,6365,2.375,,2.8758392333984375,,,,2.375,,,,,,,,,
25464000,6366,2.625,,2.6551756858825684,,,,2.625,,,,,,,,,
25468000,6367,3.25,,2.737028121948242,,,,3.25,,,,,,,,,
25472000,6368,1.375,,2.690281629562378,,,,1.375,,,,,,,,,
25476000,6369,4.125,,2.78590989112854,,,,4.125,,,,,,,,,
25480000,6370,3.5,,2.694321632385254,,,,3.5,,,,,,,,,
25484000,6371,1.125,,2.6982383728027344,,,,1.125,,,,,,,,,
25488000,6372,3.5,,2.5679495334625244,,,,3.5,,,,,,,,,
25492000,6373,2.75,,2.785055160522461,,,,2.75,,,,,,,,,
25496000,6374,3.25,,2.5562362670898438,,,,3.25,,,,,,,,,
25500000,6375,3.875,,2.662444829940796,,,,3.875,,,,,,,,,
25504000,6376,3.375,,2.737823486328125,,,,3.375,,,,,,,,,
25508000,6377,3.125,,2.530454158782959,,,,3.125,,,,,,,,,
25512000,6378,1.25,,2.5969326496124268,,,,1.25,,,,,,,,,
25516000,6379,2.75,,2.6505517959594727,,,,2.75,,,,,,,,,
25520000,6380,0.125,,2.908734083175659,,,,0.125,,,,,,,,,
25524000,6381,2.5,,2.740393877029419,,,,2.5,,,,,,,,,
25528000,6382,0.75,,2.8925018310546875,,,,0.75,,,,,,,,,
25532000,6383,2.0,,2.6423592567443848,,,,2.0,,,,,,,,,
25536000,6384,2.125,,2.8103408813476562,,,,2.125,,,,,,,,,
25540000,6385,3.375,,2.779693126678467,,,,3.375,,,,,,,,,
25544000,6386,2.625,,2.790235996246338,,,,2.625,,,,,,,,,
25548000,6387,1.5,,2.840819835662842,,,,1.5,,,,,,,,,
25552000,6388,2.875,,2.7138171195983887,,,,2.875,,,,,,,,,
25556000,6389,0.875,,2.783837080001831,,,,0.875,,,,,,,,,
25560000,6390,2.0,,2.4689812660217285,,,,2.0,,,,,,,,,
25564000,6391,1.625,,2.6229422092437744,,,,1.625,,,,,,,,,
25568000,6392,2.875,,2.802429437637329,,,,2.875,,,,,,,,,
25572000,6393,3.25,,2.6563878059387207,,,,3.25,,,,,,,,,
25576000,6394,2.5,,2.836215019226074,,,,2.5,,,,,,,,,
25580000,6395,0.625,,2.7221908569335938,,,,0.625,,,,,,,,,
25584000,6396,2.0,,2.7327170372009277,,,,2.0,,,,,,,,,
25588000,6397,0.5,,2.933624744415283,,,,0.5,,,,,,,,,
25592000,6398,0.5,,2.8761892318725586,,,,0.5,,,,,,,,,
25596000,6399,1.875,,3.047456741333008,,,,1.875,,,,,,,,,
25600000,6400,1.75,,2.822490692138672,,,,1.75,,,,,,,,,
25604000,6401,3.125,,2.6459994316101074,,,,3.125,,,,,,,,,
25608000,6402,0.625,,2.9996578693389893,,,,0.625,,,,,,,,,
25612000,6403,1.5,,2.8806068897247314,,,,1.5,,,,,,,,,
25616000,6404,1.625,,2.95794677734375,,,,1.625,,,,,,,,,
25620000,6405,1.0,,3.038644790649414,,,,1.0,,,,,,,,,
25624000,6406,1.0,,2.627501964569092,,,,1.0,,,,,,,,,
25628000,6407,0.75,,2.6876063346862793,,,,0.75,,,,,,,,,
25632000,6408,2.5,,2.7583439350128174,,,,2.5,,,,,,,,,
25636000,6409,2.0,,2.4962217807769775,,,,2.0,,,,,,,,,
25640000,6410,1.5,,2.8315844535827637,,,,1.5,,,,,,,,,
25644000,6411,2.5,,2.8003716468811035,,,,2.5,,,,,,,,,
25648000,6412,0.25,,2.628279685974121,,,,0.25,,,,,,,,,
25652000,6413,1.875,,2.8809731006622314,,,,1.875,,,,,,,,,
25656000,6414,1.0,,2.52455472946167,,,,1.0,,,,,,,,,
25660000,6415,0.5,,2.9735171794891357,,,,0.5,,,,,,,,,
25664000,6416,0.875,,2.6996023654937744,,,,0.875,,,,,,,,,
25668000,6417,0.5,,2.718250274658203,,,,0.5,,,,,,,,,
25672000,6418,1.0,,2.9323251247406006,,,,1.0,,,,,,,,,
25676000,6419,2.0,,2.9344675540924072,,,,2.0,,,,,,,,,
25680000,6420,3.0,,2.9507501125335693,,,,3.0,,,,,,,,,
25684000,6421,2.125,,2.5289149284362793,,,,2.125,,,,,,,,,
25688000,6422,1.75,,2.6340179443359375,,,,1.75,,,,,,,,,
25692000,6423,2.625,,2.453319549560547,,,,2.625,,,,,,,,,
25696000,6424,1.25,,2.7419052124023438,,,,1.25,,,,,,,,,
25700000,6425,3.0,,2.7902092933654785,,,,3.0,,,,,,,,,
25704000,6426,1.375,,2.5452680587768555,,,,1.375,,,,,,,,,
25708000,6427,2.125,,2.706552505493164,,,,2.125,,,,,,,,,
25712000,6428,2.5,,2.694934368133545,,,,2.5,,,,,,,,,
25716000,6429,3.875,,2.651937484741211,,,,3.875,,,,,,,,,
25720000,6430,3.25,,2.9427175521850586,,,,3.25,,,,,,,,,
25724000,6431,1.875,,2.601968288421631,,,,1.875,,,,,,,,,
25728000,6432,3.75,,2.5989251136779785,,,,3.75,,,,,,,,,
25732000,6433,1.625,,2.6606497764587402,,,,1.625,,,,,,,,,
25736000,6434,1.25,,2.6623733043670654,,,,1.25,,,,,,,,,
25740000,6435,2.125,,2.7110180854797363,,,,2.125,,,,,,,,,
25744000,6436,2.625,,2.850930690765381,,,,2.625,,,,,,,,,
25748000,6437,2.75,,2.936131715774536,,,,2.75,,,,,,,,,
25752000,6438,3.25,,2.875988006591797,,,,3.25,,,,,,,,,
25756000,6439,2.5,,2.6692023277282715,,,,2.5,,,,,,,,,
25760000,6440,2.5,,2.8037900924682617,,,,2.5,,,,,,,,,
25764000,6441,1.75,,2.8351926803588867,,,,1.75,,,,,,,,,
25768000,6442,2.875,,2.5328781604766846,,,,2.875,,,,,,,,,
25772000,6443,1.625,,2.44154691696167,,,,1.625,,,,,,,,,
25776000,6444,3.25,,2.8983521461486816,,,,3.25,,,,,,,,,
25780000,6445,2.75,,2.986541748046875,,,,2.75,,,,,,,,,
25784000,6446,4.0,,2.634737014770508,,,,4.0,,,,,,,,,
25788000,6447,1.75,,2.640838623046875,,,,1.75,,,,,,,,,
25792000,6448,3.625,,2.9040942192077637,,,,3.625,,,,,,,,,
25796000,6449,1.75,,2.827909231185913,,,,1.75,,,,,,,,,
25800000,6450,0.875,,3.080725908279419,,,,0.875,,,,,,,,,
25804000,6451,0.875,,2.55885648727417,,,,0.875,,,,,,,,,
25808000,6452,0.875,,2.601585865020752,,,,0.875,,,,,,,,,
25812000,6453,1.625,,2.886547803878784,,,,1.625,,,,,,,,,
25816000,6454,2.25,,3.0685975551605225,,,,2.25,,,,,,,,,
25820000,6455,1.75,,3.1310691833496094,,,,1.75,,,,,,,,,
25824000,6456,1.625,,2.9120583534240723,,,,1.625,,,,,,,,,
25828000,6457,2.625,,2.62265682220459,,,,2.625,,,,,,,,,
25832000,6458,1.375,,2.386284828186035,,,,1.375,,,,,,,,,
25836000,6459,1.0,,2.4964797496795654,,,,1.0,,,,,,,,,
25840000,6460,2.75,,2.7519922256469727,,,,2.75,,,,,,,,,
25844000,6461,2.5,,2.6944684982299805,,,,2.5,,,,,,,,,
25848000,6462,3.625,,2.552333354949951,,,,3.625,,,,,,,,,
25852000,6463,3.5,,2.5931389331817627,,,,3.5,,,,,,,,,
25856000,6464,3.0,,2.6157844066619873,,,,3.0,,,,,,,,,
25860000,6465,2.5,,2.6983461380004883,,,,2.5,,,,,,,,,
25864000,6466,3.25,,2.5885043144226074,,,,3.25,,,,,,,,,
25868000,6467,1.0,,2.667537212371826,,,,1.0,,,,,,,,,
25872000,6468,2.0,,2.5535569190979004,,,,2.0,,,,,,,,,
25876000,6469,2.0,,2.7626614570617676,,,,2.0,,,,,,,,,
25880000,6470,3.5,,2.6702256202697754,,,,3.5,,,,,,,,,
25884000,6471,3.0,,2.584918260574341,,,,3.0,,,,,,,,,
25888000,6472,3.75,,2.5073318481445312,,,,3.75,,,,,,,,,
25892000,6473,3.5,,2.679452419281006,,,,3.5,,,,,,,,,
25896000,6474,2.125,,2.852400779724121,,,,2.125,,,,,,,,,
25900000,6475,1.875,,2.534278392791748,,,,1.875,,,,,,,,,
25904000,6476,2.0,,2.659431219100952,,,,2.0,,,,,,,,,
25908000,6477,2.0,,2.4196763038635254,,,,2.0,,,,,,,,,
25912000,6478,2.125,,2.713451862335205,,,,2.125,,,,,,,,,
25916000,6479,3.125,,2.4701595306396484,,,,3.125,,,,,,,,,
25920000,6480,3.0,,2.473928928375244,,,,3.0,,,,,,,,,
25924000,6481,2.875,,2.3403542041778564,,,,2.875,,,,,,,,,
25928000,6482,3.125,,2.5598292350769043,,,,3.125,,,,,,,,,
25932000,6483,2.0,,2.423463821411133,,,,2.0,,,,,,,,,
25936000,6484,3.0,,2.433974266052246,,,,3.0,,,,,,,,,
25940000,6485,2.375,,2.8127026557922363,,,,2.375,,,,,,,,,
25944000,6486,4.125,,2.899510383605957,,,,4.125,,,,,,,,,
25948000,6487,2.625,,2.7258236408233643,,,,2.625,,,,,,,,,
25952000,6488,3.25,,2.5966830253601074,,,,3.25,,,,,,,,,
25956000,6489,3.75,,2.5859858989715576,,,,3.75,,,,,,,,,
25960000,6490,3.125,,2.7071151733398438,,,,3.125,,,,,,,,,
25964000,6491,3.625,,2.746643543243408,,,,3.625,,,,,,,,,
25968000,6492,2.875,,2.5068423748016357,,,,2.875,,,,,,,,,
25972000,6493,3.875,,2.3808932304382324,,,,3.875,,,,,,,,,
25976000,6494,3.75,,2.808948040008545,,,,3.75,,,,,,,,,
25980000,6495,3.25,,2.4195468425750732,,,,3.25,,,,,,,,,
25984000,6496,3.125,,2.4773802757263184,,,,3.125,,,,,,,,,
25988000,6497,2.875,,2.637282371520996,,,,2.875,,,,,,,,,
25992000,6498,3.25,,2.858337879180908,,,,3.25,,,,,,,,,
25996000,6499,2.75,,2.62152361869812,,,,2.75,,,,,,,,,
26000000,6500,3.875,,2.6561145782470703,,,,3.875,,,,,,,,,
26004000,6501,3.5,,2.861259937286377,,,,3.5,,,,,,,,,
26008000,6502,4.0,,2.564673662185669,,,,4.0,,,,,,,,,
26012000,6503,4.125,,2.6293816566467285,,,,4.125,,,,,,,,,
26016000,6504,2.625,,2.8525843620300293,,,,2.625,,,,,,,,,
26020000,6505,3.75,,2.903451681137085,,,,3.75,,,,,,,,,
26024000,6506,4.0,,2.366391658782959,,,,4.0,,,,,,,,,
26028000,6507,2.125,,2.46109676361084,,,,2.125,,,,,,,,,
26032000,6508,3.75,,2.785830020904541,,,,3.75,,,,,,,,,
26036000,6509,2.0,,2.5086398124694824,,,,2.0,,,,,,,,,
26040000,6510,3.5,,2.709207773208618,,,,3.5,,,,,,,,,
26044000,6511,3.5,,2.6542508602142334,,,,3.5,,,,,,,,,
26048000,6512,3.25,,2.958860397338867,,,,3.25,,,,,,,,,
26052000,6513,3.875,,2.588362216949463,,,,3.875,,,,,,,,,
26056000,6514,2.875,,2.635836362838745,,,,2.875,,,,,,,,,
26060000,6515,3.5,,2.55808162689209,,,,3.5,,,,,,,,,
26064000,6516,3.625,,2.618877410888672,,,,3.625,,,,,,,,,
26068000,6517,2.0,,2.578810691833496,,,,2.0,,,,,,,,,
26072000,6518,3.375,,2.939709186553955,,,,3.375,,,,,,,,,
26076000,6519,3.5,,3.199418067932129,,,,3.5,,,,,,,,,
26080000,6520,3.625,,2.956972599029541,,,,3.625,,,,,,,,,
26084000,6521,3.25,,2.628005027770996,,,,3.25,,,,,,,,,
26088000,6522,2.5,,2.842526435852051,,,,2.5,,,,,,,,,
26092000,6523,3.5,,2.700852870941162,,,,3.5,,,,,,,,,
26096000,6524,2.375,,3.1026952266693115,,,,2.375,,,,,,,,,
26100000,6525,3.0,,3.0289366245269775,,,,3.0,,,,,,,,,
26104000,6526,2.625,,2.807684898376465,,,,2.625,,,,,,,,,
26108000,6527,3.125,,2.791900157928467,,,,3.125,,,,,,,,,
26112000,6528,3.375,,2.7330105304718018,,,,3.375,,,,,,,,,
26116000,6529,3.625,,2.6691412925720215,,,,3.625,,,,,,,,,
26120000,6530,2.625,,2.87943434715271,,,,2.625,,,,,,,,,
26124000,6531,3.75,,2.8289880752563477,,,,3.75,,,,,,,,,
26128000,6532,1.875,,2.8282294273376465,,,,1.875,,,,,,,,,
26132000,6533,3.125,,3.088805675506592,,,,3.125,,,,,,,,,
26136000,6534,1.375,,2.9896345138549805,,,,1.375,,,,,,,,,
26140000,6535,1.875,,3.0423994064331055,,,,1.875,,,,,,,,,
26144000,6536,3.5,,3.131704092025757,,,,3.5,,,,,,,,,
26148000,6537,2.375,,2.8998565673828125,,,,2.375,,,,,,,,,
26152000,6538,1.625,,3.0298900604248047,,,,1.625,,,,,,,,,
26156000,6539,1.125,,3.20444393157959,,,,1.125,,,,,,,,,
26160000,6540,1.125,,3.28143310546875,,,,1.125,,,,,,,,,
26164000,6541,1.375,,3.1303930282592773,,,,1.375,,,,,,,,,
26168000,6542,3.125,,3.039074420928955,,,,3.125,,,,,,,,,
26172000,6543,0.25,,3.0935637950897217,,,,0.25,,,,,,,,,
26176000,6544,1.75,,2.8132290840148926,,,,1.75,,,,,,,,,
26180000,6545,1.5,,3.126680374145508,,,,1.5,,,,,,,,,
26184000,6546,1.75,,2.9695358276367188,,,,1.75,,,,,,,,,
26188000,6547,2.875,,3.0645651817321777,,,,2.875,,,,,,,,,
26192000,6548,1.625,,2.995422840118408,,,,1.625,,,,,,,,,
26196000,6549,0.875,,2.8410801887512207,,,,0.875,,,,,,,,,
26200000,6550,1.25,,2.929476737976074,,,,1.25,,,,,,,,,
26204000,6551,2.75,,2.989339590072632,,,,2.75,,,,,,,,,
26208000,6552,1.375,,2.905681610107422,,,,1.375,,,,,,,,,
26212000,6553,1.625,,2.7658371925354004,,,,1.625,,,,,,,,,
26216000,6554,1.875,,2.778988838195801,,,,1.875,,,,,,,,,
26220000,6555,1.375,,2.956785202026367,,,,1.375,,,,,,,,,
26224000,6556,2.5,,3.0295486450195312,,,,2.5,,,,,,,,,
26228000,6557,2.75,,2.912982940673828,,,,2.75,,,,,,,,,
26232000,6558,2.75,,2.9150071144104004,,,,2.75,,,,,,,,,
26236000,6559,2.875,,2.5576930046081543,,,,2.875,,,,,,,,,
26240000,6560,3.875,,2.877720355987549,,,,3.875,,,,,,,,,
26244000,6561,2.75,,2.9412684440612793,,,,2.75,,,,,,,,,
26248000,6562,3.875,,2.66329026222229,,,,3.875,,,,,,,,,
26252000,6563,3.375,,2.9406626224517822,,,,3.375,,,,,,,,,
26256000,6564,2.125,,2.882737159729004,,,,2.125,,,,,,,,,
26260000,6565,3.125,,3.054718494415283,,,,3.125,,,,,,,,,
26264000,6566,2.5,,2.8541483879089355,,,,2.5,,,,,,,,,
26268000,6567,3.0,,3.0852880477905273,,,,3.0,,,,,,,,,
26272000,6568,2.875,,3.176389217376709,,,,2.875,,,,,,,,,
26276000,6569,2.875,,2.7921321392059326,,,,2.875,,,,,,,,,
26280000,6570,1.5,,3.0314886569976807,,,,1.5,,,,,,,,,
26284000,6571,2.625,,2.913825511932373,,,,2.625,,,,,,,,,
26288000,6572,1.0,,2.8523311614990234,,,,1.0,,,,,,,,,
26292000,6573,3.5,,2.819540023803711,,,,3.5,,,,,,,,,
26296000,6574,2.375,,2.9396677017211914,,,,2.375,,,,,,,,,
26300000,6575,2.5,,2.866544723510742,,,,2.5,,,,,,,,,
26304000,6576,3.25,,2.936887264251709,,,,3.25,,,,,,,,,
26308000,6577,2.25,,3.135023355484009,,,,2.25,,,,,,,,,
26312000,6578,3.5,,3.0031423568725586,,,,3.5,,,,,,,,,
26316000,6579,3.625,,2.977510929107666,,,,3.625,,,,,,,,,
26320000,6580,2.5,,3.0853400230407715,,,,2.5,,,,,,,,,
26324000,6581,2.625,,2.984431028366089,,,,2.625,,,,,,,,,
26328000,6582,3.875,,2.9782304763793945,,,,3.875,,,,,,,,,
26332000,6583,2.75,,2.8674135208129883,,,,2.75,,,,,,,,,
26336000,6584,2.625,,2.8575472831726074,,,,2.625,,,,,,,,,
26340000,6585,1.25,,2.9669110774993896,,,,1.25,,,,,,,,,
26344000,6586,2.875,,3.2715463638305664,,,,2.875,,,,,,,,,
26348000,6587,2.125,,3.030219316482544,,,,2.125,,,,,,,,,
26352000,6588,3.0,,2.802945137023926,,,,3.0,,,,,,,,,
26356000,6589,2.375,,2.884087562561035,,,,2.375,,,,,,,,,
26360000,6590,2.75,,2.654264450073242,,,,2.75,,,,,,,,,
26364000,6591,1.875,,3.0215492248535156,,,,1.875,,,,,,,,,
26368000,6592,4.0,,3.1259114742279053,,,,4.0,,,,,,,,,
26372000,6593,3.0,,2.848113536834717,,,,3.0,,,,,,,,,
26376000,6594,3.0,,3.1004810333251953,,,,3.0,,,,,,,,,
26380000,6595,4.0,,3.0164055824279785,,,,4.0,,,,,,,,,
26384000,6596,2.625,,2.9816579818725586,,,,2.625,,,,,,,,,
26388000,6597,4.0,,3.006216526031494,,,,4.0,,,,,,,,,
26392000,6598,4.5,,2.713301181793213,,,,4.5,,,,,,,,,
26396000,6599,3.75,,2.984344482421875,,,,3.75,,,,,,,,,
26400000,6600,3.875,,3.0669331550598145,,,,3.875,,,,,,,,,
26404000,6601,4.0,,3.000814437866211,,,,4.0,,,,,,,,,
26408000,6602,3.625,,3.3302431106567383,,,,3.625,,,,,,,,,
26412000,6603,4.125,,2.963332176208496,,,,4.125,,,,,,,,,
26416000,6604,3.5,,2.9865915775299072,,,,3.5,,,,,,,,,
26420000,6605,3.875,,3.0972092151641846,,,,3.875,,,,,,,,,
26424000,6606,3.375,,3.1715707778930664,,,,3.375,,,,,,,,,
26428000,6607,3.5,,2.8975608348846436,,,,3.5,,,,,,,,,
26432000,6608,3.875,,2.9162983894348145,,,,3.875,,,,,,,,,
26436000,6609,2.625,,2.999537467956543,,,,2.625,,,,,,,,,
26440000,6610,4.5,,3.1439385414123535,,,,4.5,,,,,,,,,
26444000,6611,3.625,,2.9471676349639893,,,,3.625,,,,,,,,,
26448000,6612,3.125,,3.1715173721313477,,,,3.125,,,,,,,,,
26452000,6613,3.75,,3.013932466506958,,,,3.75,,,,,,,,,
26456000,6614,4.0,,3.070431709289551,,,,4.0,,,,,,,,,
26460000,6615,4.25,,3.1809654235839844,,,,4.25,,,,,,,,,
26464000,6616,3.25,,3.028451919555664,,,,3.25,,,,,,,,,
26468000,6617,4.125,,3.0621471405029297,,,,4.125,,,,,,,,,
26472000,6618,3.75,,3.3528850078582764,,,,3.75,,,,,,,,,
26476000,6619,2.25,,3.0766546726226807,,,,2.25,,,,,,,,,
26480000,6620,2.875,,2.9861061573028564,,,,2.875,,,,,,,,,
26484000,6621,3.75,,3.0866751670837402,,,,3.75,,,,,,,,,
26488000,6622,2.625,,3.0682764053344727,,,,2.625,,,,,,,,,
26492000,6623,3.375,,3.373502254486084,,,,3.375,,,,,,,,,
26496000,6624,3.75,,3.106705665588379,,,,3.75,,,,,,,,,
26500000,6625,2.875,,3.3199920654296875,,,,2.875,,,,,,,,,
26504000,6626,2.875,,3.054964303970337,,,,2.875,,,,,,,,,
26508000,6627,3.75,,3.042682409286499,,,,3.75,,,,,,,,,
26512000,6628,2.5,,2.919912576675415,,,,2.5,,,,,,,,,
26516000,6629,2.75,,3.141066789627075,,,,2.75,,,,,,,,,
26520000,6630,2.75,,3.054314136505127,,,,2.75,,,,,,,,,
26524000,6631,3.625,,3.0887136459350586,,,,3.625,,,,,,,,,
26528000,6632,3.0,,3.0269129276275635,,,,3.0,,,,,,,,,
26532000,6633,3.125,,3.055666446685791,,,,3.125,,,,,,,,,
26536000,6634,3.875,,3.139171600341797,,,,3.875,,,,,,,,,
26540000,6635,3.25,,3.1099588871002197,,,,3.25,,,,,,,,,
26544000,6636,3.375,,3.054611921310425,,,,3.375,,,,,,,,,
26548000,6637,2.625,,2.7803151607513428,,,,2.625,,,,,,,,,
26552000,6638,3.625,,3.13362979888916,,,,3.625,,,,,,,,,
26556000,6639,3.875,,3.135526418685913,,,,3.875,,,,,,,,,
26560000,6640,3.75,,3.103327751159668,,,,3.75,,,,,,,,,
26564000,6641,3.25,,3.0078001022338867,,,,3.25,,,,,,,,,
26568000,6642,2.875,,2.8792307376861572,,,,2.875,,,,,,,,,
26572000,6643,3.0,,2.985457420349121,,,,3.0,,,,,,,,,
26576000,6644,3.625,,2.7284231185913086,,,,3.625,,,,,,,,,
26580000,6645,2.5,,3.11462664604187,,,,2.5,,,,,,,,,
26584000,6646,3.75,,2.999323606491089,,,,3.75,,,,,,,,,
26588000,6647,3.125,,3.255146026611328,,,,3.125,,,,,,,,,
26592000,6648,3.625,,3.2941784858703613,,,,3.625,,,,,,,,,
26596000,6649,3.75,,3.088425874710083,,,,3.75,,,,,,,,,
26600000,6650,3.5,,2.7962379455566406,,,,3.5,,,,,,,,,
26604000,6651,3.75,,2.739717483520508,,,,3.75,,,,,,,,,
26608000,6652,2.375,,2.872836112976074,,,,2.375,,,,,,,,,
26612000,6653,3.5,,2.8833093643188477,,,,3.5,,,,,,,,,
26616000,6654,2.75,,3.247649669647217,,,,2.75,,,,,,,,,
26620000,6655,3.75,,3.197824239730835,,,,3.75,,,,,,,,,
26624000,6656,4.125,,3.0486607551574707,,,,4.125,,,,,,,,,
26628000,6657,3.125,,3.0202083587646484,,,,3.125,,,,,,,,,
26632000,6658,3.75,,2.87423038482666,,,,3.75,,,,,,,,,
26636000,6659,3.875,,3.1334404945373535,,,,3.875,,,,,,,,,
26640000,6660,4.375,,3.296618938446045,,,,4.375,,,,,,,,,
26644000,6661,2.75,,3.020754814147949,,,,2.75,,,,,,,,,
26648000,6662,3.875,,2.911304473876953,,,,3.875,,,,,,,,,
26652000,6663,3.375,,3.12870454788208,,,,3.375,,,,,,,,,
26656000,6664,4.0,,3.2128849029541016,,,,4.0,,,,,,,,,
26660000,6665,3.75,,3.1040585041046143,,,,3.75,,,,,,,,,
26664000,6666,3.375,,3.150473117828369,,,,3.375,,,,,,,,,
26668000,6667,3.75,,3.136150360107422,,,,3.75,,,,,,,,,
26672000,6668,4.0,,2.962523937225342,,,,4.0,,,,,,,,,
26676000,6669,4.0,,3.415567398071289,,,,4.0,,,,,,,,,
26680000,6670,3.375,,3.433566093444824,,,,3.375,,,,,,,,,
26684000,6671,4.0,,3.397754669189453,,,,4.0,,,,,,,,,
26688000,6672,3.0,,3.428082227706909,,,,3.0,,,,,,,,,
26692000,6673,2.375,,3.371839761734009,,,,2.375,,,,,,,,,
26696000,6674,2.875,,3.2152810096740723,,,,2.875,,,,,,,,,
26700000,6675,3.5,,3.150064468383789,,,,3.5,,,,,,,,,
26704000,6676,2.0,,3.241985321044922,,,,2.0,,,,,,,,,
26708000,6677,3.5,,3.2418789863586426,,,,3.5,,,,,,,,,
26712000,6678,3.0,,3.2506601810455322,,,,3.0,,,,,,,,,
26716000,6679,3.125,,3.195140838623047,,,,3.125,,,,,,,,,
26720000,6680,3.0,,3.2423737049102783,,,,3.0,,,,,,,,,
26724000,6681,1.625,,3.3871707916259766,,,,1.625,,,,,,,,,
26728000,6682,2.375,,3.248757839202881,,,,2.375,,,,,,,,,
26732000,6683,3.875,,3.36433482170105,,,,3.875,,,,,,,,,
26736000,6684,3.75,,3.3561339378356934,,,,3.75,,,,,,,,,
26740000,6685,4.0,,3.3109304904937744,,,,4.0,,,,,,,,,
26744000,6686,3.875,,3.4080145359039307,,,,3.875,,,,,,,,,
26748000,6687,4.0,,3.4759321212768555,,,,4.0,,,,,,,,,
26752000,6688,2.5,,3.2278623580932617,,,,2.5,,,,,,,,,
26756000,6689,3.625,,3.3447444438934326,,,,3.625,,,,,,,,,
26760000,6690,2.75,,3.289764881134033,,,,2.75,,,,,,,,,
26764000,6691,2.375,,3.214768648147583,,,,2.375,,,,,,,,,
26768000,6692,1.75,,3.3858180046081543,,,,1.75,,,,,,,,,
26772000,6693,3.875,,3.2944250106811523,,,,3.875,,,,,,,,,
26776000,6694,1.5,,3.413217544555664,,,,1.5,,,,,,,,,
26780000,6695,2.125,,3.1923351287841797,,,,2.125,,,,,,,,,
26784000,6696,3.75,,3.3087902069091797,,,,3.75,,,,,,,,,
26788000,6697,2.125,,3.3437962532043457,,,,2.125,,,,,,,,,
26792000,6698,3.125,,3.18349552154541,,,,3.125,,,,,,,,,
26796000,6699,4.0,,3.3821403980255127,,,,4.0,,,,,,,,,
26800000,6700,3.75,,3.3451759815216064,,,,3.75,,,,,,,,,
26804000,6701,3.625,,3.580842971801758,,,,3.625,,,,,,,,,
26808000,6702,3.625,,3.356386661529541,,,,3.625,,,,,,,,,
26812000,6703,3.75,,3.38673734664917,,,,3.75,,,,,,,,,
26816000,6704,2.75,,3.353522777557373,,,,2.75,,,,,,,,,
26820000,6705,3.625,,3.230393171310425,,,,3.625,,,,,,,,,
26824000,6706,2.5,,3.436438798904419,,,,2.5,,,,,,,,,
26828000,6707,4.125,,3.3149051666259766,,,,4.125,,,,,,,,,
26832000,6708,2.75,,3.581779956817627,,,,2.75,,,,,,,,,
26836000,6709,1.375,,3.3191628456115723,,,,1.375,,,,,,,,,
26840000,6710,3.625,,3.457899570465088,,,,3.625,,,,,,,,,
26844000,6711,3.5,,3.3740651607513428,,,,3.5,,,,,,,,,
26848000,6712,3.375,,3.4385597705841064,,,,3.375,,,,,,,,,
26852000,6713,4.375,,3.2982139587402344,,,,4.375,,,,,,,,,
26856000,6714,3.875,,3.2055039405822754,,,,3.875,,,,,,,,,
26860000,6715,4.0,,3.408553123474121,,,,4.0,,,,,,,,,
26864000,6716,3.5,,3.3550779819488525,,,,3.5,,,,,,,,,
26868000,6717,3.75,,3.5732803344726562,,,,3.75,,,,,,,,,
26872000,6718,4.125,,3.2051074504852295,,,,4.125,,,,,,,,,
26876000,6719,3.5,,3.2936253547668457,,,,3.5,,,,,,,,,
26880000,6720,3.625,,3.351985454559326,,,,3.625,,,,,,,,,
26884000,6721,3.875,,3.3288817405700684,,,,3.875,,,,,,,,,
26888000,6722,3.875,,3.4567461013793945,,,,3.875,,,,,,,,,
26892000,6723,3.875,,3.611187219619751,,,,3.875,,,,,,,,,
26896000,6724,4.0,,3.300361156463623,,,,4.0,,,,,,,,,
26900000,6725,3.875,,3.393881320953369,,,,3.875,,,,,,,,,
26904000,6726,3.0,,3.3583827018737793,,,,3.0,,,,,,,,,
26908000,6727,3.0,,3.5592479705810547,,,,3.0,,,,,,,,,
26912000,6728,3.625,,3.361485242843628,,,,3.625,,,,,,,,,
26916000,6729,3.375,,3.4466638565063477,,,,3.375,,,,,,,,,
26920000,6730,3.625,,3.3358538150787354,,,,3.625,,,,,,,,,
26924000,6731,3.75,,3.2620818614959717,,,,3.75,,,,,,,,,
26928000,6732,2.5,,3.400670051574707,,,,2.5,,,,,,,,,
26932000,6733,3.625,,3.5932297706604004,,,,3.625,,,,,,,,,
26936000,6734,2.625,,3.2471275329589844,,,,2.625,,,,,,,,,
26940000,6735,2.875,,3.225703716278076,,,,2.875,,,,,,,,,
26944000,6736,3.125,,3.295182943344116,,,,3.125,,,,,,,,,
26948000,6737,3.0,,3.362407684326172,,,,3.0,,,,,,,,,
26952000,6738,3.0,,3.3263463973999023,,,,3.0,,,,,,,,,
26956000,6739,3.0,,3.2450180053710938,,,,3.0,,,,,,,,,
26960000,6740,3.875,,3.334537982940674,,,,3.875,,,,,,,,,
26964000,6741,4.0,,3.307229995727539,,,,4.0,,,,,,,,,
26968000,6742,4.125,,3.078030586242676,,,,4.125,,,,,,,,,
26972000,6743,2.25,,3.081730365753174,,,,2.25,,,,,,,,,
26976000,6744,3.25,,3.1836845874786377,,,,3.25,,,,,,,,,
26980000,6745,3.0,,3.235919952392578,,,,3.0,,,,,,,,,
26984000,6746,2.5,,3.054777145385742,,,,2.5,,,,,,,,,
26988000,6747,3.625,,3.2208058834075928,,,,3.625,,,,,,,,,
26992000,6748,3.625,,3.317946195602417,,,,3.625,,,,,,,,,
26996000,6749,3.75,,3.2621166706085205,,,,3.75,,,,,,,,,
27000000,6750,3.625,,3.3109636306762695,,,,3.625,,,,,,,,,
27004000,6751,3.25,,3.233816385269165,,,,3.25,,,,,,,,,
27008000,6752,3.375,,3.266918659210205,,,,3.375,,,,,,,,,
27012000,6753,3.5,,3.3870689868927,,,,3.5,,,,,,,,,
27016000,6754,3.25,,3.400031089782715,,,,3.25,,,,,,,,,
27020000,6755,3.0,,3.1329293251037598,,,,3.0,,,,,,,,,
27024000,6756,4.0,,3.307905435562134,,,,4.0,,,,,,,,,
27028000,6757,3.25,,3.213757038116455,,,,3.25,,,,,,,,,
27032000,6758,2.875,,3.2624711990356445,,,,2.875,,,,,,,,,
27036000,6759,3.5,,3.353015422821045,,,,3.5,,,,,,,,,
27040000,6760,3.875,,3.23311710357666,,,,3.875,,,,,,,,,
27044000,6761,3.625,,3.097165822982788,,,,3.625,,,,,,,,,
27048000,6762,2.0,,3.1229968070983887,,,,2.0,,,,,,,,,
27052000,6763,4.0,,3.1224679946899414,,,,4.0,,,,,,,,,
27056000,6764,3.0,,3.435631513595581,,,,3.0,,,,,,,,,
27060000,6765,4.0,,3.2463927268981934,,,,4.0,,,,,,,,,
27064000,6766,4.375,,3.0357418060302734,,,,4.375,,,,,,,,,
27068000,6767,4.125,,3.254920482635498,,,,4.125,,,,,,,,,
27072000,6768,3.625,,3.3066201210021973,,,,3.625,,,,,,,,,
27076000,6769,4.125,,3.2101123332977295,,,,4.125,,,,,,,,,
27080000,6770,3.0,,3.4229583740234375,,,,3.0,,,,,,,,,
27084000,6771,3.625,,3.299741268157959,,,,3.625,,,,,,,,,
27088000,6772,4.0,,3.428346872329712,,,,4.0,,,,,,,,,
27092000,6773,3.75,,3.3179898262023926,,,,3.75,,,,,,,,,
27096000,6774,3.625,,3.319423198699951,,,,3.625,,,,,,,,,
27100000,6775,3.875,,3.3818235397338867,,,,3.875,,,,,,,,,
27104000,6776,3.75,,3.510061264038086,,,,3.75,,,,,,,,,
27108000,6777,3.875,,3.3846452236175537,,,,3.875,,,,,,,,,
27112000,6778,4.0,,3.271404981613159,,,,4.0,,,,,,,,,
27116000,6779,3.0,,3.101957321166992,,,,3.0,,,,,,,,,
27120000,6780,3.75,,3.5157318115234375,,,,3.75,,,,,,,,,
27124000,6781,3.875,,3.4390041828155518,,,,3.875,,,,,,,,,
27128000,6782,3.625,,3.3078222274780273,,,,3.625,,,,,,,,,
27132000,6783,3.625,,3.2380142211914062,,,,3.625,,,,,,,,,
27136000,6784,4.0,,3.1684651374816895,,,,4.0,,,,,,,,,
27140000,6785,4.0,,3.3927664756774902,,,,4.0,,,,,,,,,
27144000,6786,3.375,,3.479884386062622,,,,3.375,,,,,,,,,
27148000,6787,3.875,,3.231351375579834,,,,3.875,,,,,,,,,
27152000,6788,4.125,,3.4128646850585938,,,,4.125,,,,,,,,,
27156000,6789,3.125,,3.2884035110473633,,,,3.125,,,,,,,,,
27160000,6790,2.75,,3.2703490257263184,,,,2.75,,,,,,,,,
27164000,6791,3.75,,3.2882471084594727,,,,3.75,,,,,,,,,
27168000,6792,3.625,,3.2867817878723145,,,,3.625,,,,,,,,,
27172000,6793,4.0,,3.350022554397583,,,,4.0,,,,,,,,,
27176000,6794,3.625,,3.2331809997558594,,,,3.625,,,,,,,,,
27180000,6795,1.625,,3.1837682723999023,,,,1.625,,,,,,,,,
27184000,6796,2.875,,3.277512550354004,,,,2.875,,,,,,,,,
27188000,6797,2.75,,3.2686643600463867,,,,2.75,,,,,,,,,
27192000,6798,2.0,,3.205178737640381,,,,2.0,,,,,,,,,
27196000,6799,3.5,,3.197000503540039,,,,3.5,,,,,,,,,
27200000,6800,3.375,,3.182102918624878,,,,3.375,,,,,,,,,
27204000,6801,3.125,,3.31675386428833,,,,3.125,,,,,,,,,
27208000,6802,3.5,,3.2641003131866455,,,,3.5,,,,,,,,,
27212000,6803,2.375,,3.0911409854888916,,,,2.375,,,,,,,,,
27216000,6804,3.5,,3.0350022315979004,,,,3.5,,,,,,,,,
27220000,6805,2.375,,3.2181248664855957,,,,2.375,,,,,,,,,
27224000,6806,2.125,,3.2462759017944336,,,,2.125,,,,,,,,,
27228000,6807,2.875,,3.2756764888763428,,,,2.875,,,,,,,,,
27232000,6808,0.125,,3.09921932220459,,,,0.125,,,,,,,,,
27236000,6809,2.5,,3.2444915771484375,,,,2.5,,,,,,,,,
27240000,6810,3.875,,3.4044864177703857,,,,3.875,,,,,,,,,
27244000,6811,0.625,,3.0124030113220215,,,,0.625,,,,,,,,,
27248000,6812,3.25,,2.9775400161743164,,,,3.25,,,,,,,,,
27252000,6813,3.5,,3.260314464569092,,,,3.5,,,,,,,,,
27256000,6814,2.75,,3.2000045776367188,,,,2.75,,,,,,,,,
27260000,6815,4.125,,3.2214183807373047,,,,4.125,,,,,,,,,
27264000,6816,4.25,,3.021756410598755,,,,4.25,,,,,,,,,
27268000,6817,3.875,,3.130631685256958,,,,3.875,,,,,,,,,
27272000,6818,4.5,,3.3394598960876465,,,,4.5,,,,,,,,,
27276000,6819,1.625,,3.3650619983673096,,,,1.625,,,,,,,,,
27280000,6820,3.5,,3.197911262512207,,,,3.5,,,,,,,,,
27284000,6821,2.875,,3.209256172180176,,,,2.875,,,,,,,,,
27288000,6822,3.875,,3.3640217781066895,,,,3.875,,,,,,,,,
27292000,6823,4.125,,3.113036870956421,,,,4.125,,,,,,,,,
27296000,6824,2.125,,3.040520191192627,,,,2.125,,,,,,,,,
27300000,6825,3.5,,3.2138099670410156,,,,3.5,,,,,,,,,
27304000,6826,3.875,,3.119892120361328,,,,3.875,,,,,,,,,
27308000,6827,4.0,,3.0631589889526367,,,,4.0,,,,,,,,,
27312000,6828,3.125,,3.067594528198242,,,,3.125,,,,,,,,,
27316000,6829,3.5,,3.200819253921509,,,,3.5,,,,,,,,,
27320000,6830,0.5,,3.0509698390960693,,,,0.5,,,,,,,,,
27324000,6831,3.875,,3.2164196968078613,,,,3.875,,,,,,,,,
27328000,6832,4.375,,3.1628646850585938,,,,4.375,,,,,,,,,
27332000,6833,2.625,,3.0634565353393555,,,,2.625,,,,,,,,,
27336000,6834,3.625,,3.1098837852478027,,,,3.625,,,,,,,,,
27340000,6835,3.625,,3.318984031677246,,,,3.625,,,,,,,,,
27344000,6836,2.5,,3.229400157928467,,,,2.5,,,,,,,,,
27348000,6837,4.125,,3.1342427730560303,,,,4.125,,,,,,,,,
27352000,6838,3.75,,3.20967435836792,,,,3.75,,,,,,,,,
27356000,6839,3.375,,3.1346962451934814,,,,3.375,,,,,,,,,
27360000,6840,3.625,,3.2346150875091553,,,,3.625,,,,,,,,,
27364000,6841,3.375,,3.1325201988220215,,,,3.375,,,,,,,,,
27368000,6842,2.125,,3.1486520767211914,,,,2.125,,,,,,,,,
27372000,6843,3.625,,3.1029610633850098,,,,3.625,,,,,,,,,
27376000,6844,3.625,,3.188974380493164,,,,3.625,,,,,,,,,
27380000,6845,3.375,,3.1998462677001953,,,,3.375,,,,,,,,,
27384000,6846,3.25,,3.1519274711608887,,,,3.25,,,,,,,,,
27388000,6847,3.75,,3.0539357662200928,,,,3.75,,,,,,,,,
27392000,6848,3.625,,3.064436912536621,,,,3.625,,,,,,,,,
27396000,6849,3.75,,3.146533250808716,,,,3.75,,,,,,,,,
27400000,6850,4.125,,3.186589241027832,,,,4.125,,,,,,,,,
27404000,6851,4.0,,3.0787906646728516,,,,4.0,,,,,,,,,
27408000,6852,3.5,,3.0664222240448,,,,3.5,,,,,,,,,
27412000,6853,4.25,,2.9466328620910645,,,,4.25,,,,,,,,,
27416000,6854,3.25,,3.1316490173339844,,,,3.25,,,,,,,,,
27420000,6855,3.625,,3.142756462097168,,,,3.625,,,,,,,,,
27424000,6856,4.0,,3.125387668609619,,,,4.0,,,,,,,,,
27428000,6857,4.25,,3.265010356903076,,,,4.25,,,,,,,,,
27432000,6858,4.0,,3.2848474979400635,,,,4.0,,,,,,,,,
27436000,6859,2.875,,3.210348129272461,,,,2.875,,,,,,,,,
27440000,6860,3.25,,3.2653543949127197,,,,3.25,,,,,,,,,
27444000,6861,2.875,,3.127251148223877,,,,2.875,,,,,,,,,
27448000,6862,1.375,,3.382007122039795,,,,1.375,,,,,,,,,
27452000,6863,3.0,,2.9261977672576904,,,,3.0,,,,,,,,,
27456000,6864,3.75,,3.102882146835327,,,,3.75,,,,,,,,,
27460000,6865,2.75,,3.1914751529693604,,,,2.75,,,,,,,,,
27464000,6866,3.75,,3.2325539588928223,,,,3.75,,,,,,,,,
27468000,6867,3.375,,3.2173027992248535,,,,3.375,,,,,,,,,
27472000,6868,3.875,,3.0063328742980957,,,,3.875,,,,,,,,,
27476000,6869,4.0,,3.199435234069824,,,,4.0,,,,,,,,,
27480000,6870,3.625,,3.311160087585449,,,,3.625,,,,,,,,,
27484000,6871,3.75,,3.133497714996338,,,,3.75,,,,,,,,,
27488000,6872,1.875,,3.1034836769104004,,,,1.875,,,,,,,,,
27492000,6873,3.5,,3.0977249145507812,,,,3.5,,,,,,,,,
27496000,6874,3.875,,3.207587957382202,,,,3.875,,,,,,,,,
27500000,6875,3.25,,3.094541311264038,,,,3.25,,,,,,,,,
27504000,6876,3.5,,3.139812469482422,,,,3.5,,,,,,,,,
27508000,6877,3.5,,2.805246353149414,,,,3.5,,,,,,,,,
27512000,6878,3.875,,3.053500175476074,,,,3.875,,,,,,,,,
27516000,6879,2.75,,3.044036865234375,,,,2.75,,,,,,,,,
27520000,6880,4.0,,3.206033229827881,,,,4.0,,,,,,,,,
27524000,6881,0.5,,2.7094006538391113,,,,0.5,,,,,,,,,
27528000,6882,3.5,,3.1509361267089844,,,,3.5,,,,,,,,,
27532000,6883,3.75,,3.3207931518554688,,,,3.75,,,,,,,,,
27536000,6884,4.0,,3.1809234619140625,,,,4.0,,,,,,,,,
27540000,6885,1.625,,3.139016628265381,,,,1.625,,,,,,,,,
27544000,6886,3.875,,3.013915538787842,,,,3.875,,,,,,,,,
27548000,6887,3.125,,2.8738999366760254,,,,3.125,,,,,,,,,
27552000,6888,3.875,,3.050668239593506,,,,3.875,,,,,,,,,
27556000,6889,3.25,,3.1632189750671387,,,,3.25,,,,,,,,,
27560000,6890,4.125,,3.0000836849212646,,,,4.125,,,,,,,,,
27564000,6891,3.375,,3.0021557807922363,,,,3.375,,,,,,,,,
27568000,6892,4.0,,3.1025102138519287,,,,4.0,,,,,,,,,
27572000,6893,3.75,,3.1601405143737793,,,,3.75,,,,,,,,,
27576000,6894,3.125,,3.1296908855438232,,,,3.125,,,,,,,,,
27580000,6895,4.125,,3.077803611755371,,,,4.125,,,,,,,,,
27584000,6896,3.875,,3.1335606575012207,,,,3.875,,,,,,,,,
27588000,6897,3.375,,3.1197304725646973,,,,3.375,,,,,,,,,
27592000,6898,2.75,,3.108288288116455,,,,2.75,,,,,,,,,
27596000,6899,4.25,,3.0155937671661377,,,,4.25,,,,,,,,,
27600000,6900,2.625,,3.008913040161133,,,,2.625,,,,,,,,,
27604000,6901,3.875,,2.9368703365325928,,,,3.875,,,,,,,,,
27608000,6902,3.625,,3.100642681121826,,,,3.625,,,,,,,,,
27612000,6903,3.625,,2.989103317260742,,,,3.625,,,,,,,,,
27616000,6904,3.625,,2.965141773223877,,,,3.625,,,,,,,,,
27620000,6905,3.875,,3.095794916152954,,,,3.875,,,,,,,,,
27624000,6906,4.0,,2.915767192840576,,,,4.0,,,,,,,,,
27628000,6907,3.125,,3.0042290687561035,,,,3.125,,,,,,,,,
27632000,6908,3.625,,3.0730643272399902,,,,3.625,,,,,,,,,
27636000,6909,4.0,,2.9936509132385254,,,,4.0,,,,,,,,,
27640000,6910,3.5,,2.830876588821411,,,,3.5,,,,,,,,,
27644000,6911,3.5,,3.0763943195343018,,,,3.5,,,,,,,,,
27648000,6912,2.75,,3.054488182067871,,,,2.75,,,,,,,,,
27652000,6913,3.75,,3.08552885055542,,,,3.75,,,,,,,,,
27656000,6914,3.625,,2.9964334964752197,,,,3.625,,,,,,,,,
27660000,6915,4.125,,2.9712088108062744,,,,4.125,,,,,,,,,
27664000,6916,4.0,,2.9716832637786865,,,,4.0,,,,,,,,,
27668000,6917,4.0,,3.299208164215088,,,,4.0,,,,,,,,,
27672000,6918,4.25,,3.1266884803771973,,,,4.25,,,,,,,,,
27676000,6919,3.875,,3.008666515350342,,,,3.875,,,,,,,,,
27680000,6920,3.625,,2.97930645942688,,,,3.625,,,,,,,,,
27684000,6921,4.375,,3.1367485523223877,,,,4.375,,,,,,,,,
27688000,6922,3.875,,3.139362335205078,,,,3.875,,,,,,,,,
27692000,6923,2.625,,2.976229667663574,,,,2.625,,,,,,,,,
27696000,6924,4.25,,2.9611432552337646,,,,4.25,,,,,,,,,
27700000,6925,3.875,,3.185772180557251,,,,3.875,,,,,,,,,
27704000,6926,4.0,,3.106903553009033,,,,4.0,,,,,,,,,
27708000,6927,4.125,,3.0591301918029785,,,,4.125,,,,,,,,,
27712000,6928,2.875,,3.2151951789855957,,,,2.875,,,,,,,,,
27716000,6929,3.875,,3.2632482051849365,,,,3.875,,,,,,,,,
27720000,6930,3.875,,3.1072793006896973,,,,3.875,,,,,,,,,
27724000,6931,3.625,,3.029571056365967,,,,3.625,,,,,,,,,
27728000,6932,2.875,,2.9747073650360107,,,,2.875,,,,,,,,,
27732000,6933,4.0,,3.205634832382202,,,,4.0,,,,,,,,,
27736000,6934,3.375,,3.266866683959961,,,,3.375,,,,,,,,,
27740000,6935,2.125,,3.033900499343872,,,,2.125,,,,,,,,,
27744000,6936,3.5,,3.0429763793945312,,,,3.5,,,,,,,,,
27748000,6937,4.125,,3.3183436393737793,,,,4.125,,,,,,,,,
27752000,6938,4.125,,3.1244630813598633,,,,4.125,,,,,,,,,
27756000,6939,3.875,,3.1128530502319336,,,,3.875,,,,,,,,,
27760000,6940,3.75,,3.1424355506896973,,,,3.75,,,,,,,,,
27764000,6941,3.625,,3.1294174194335938,,,,3.625,,,,,,,,,
27768000,6942,4.0,,3.2159783840179443,,,,4.0,,,,,,,,,
27772000,6943,3.875,,3.2826409339904785,,,,3.875,,,,,,,,,
27776000,6944,4.125,,3.136934280395508,,,,4.125,,,,,,,,,
27780000,6945,3.875,,2.937389373779297,,,,3.875,,,,,,,,,
27784000,6946,3.125,,2.9768989086151123,,,,3.125,,,,,,,,,
27788000,6947,3.75,,3.133751392364502,,,,3.75,,,,,,,,,
27792000,6948,2.75,,3.191270351409912,,,,2.75,,,,,,,,,
27796000,6949,3.5,,3.1585841178894043,,,,3.5,,,,,,,,,
27800000,6950,3.75,,3.3142757415771484,,,,3.75,,,,,,,,,
27804000,6951,4.25,,3.1827502250671387,,,,4.25,,,,,,,,,
27808000,6952,3.5,,3.166323661804199,,,,3.5,,,,,,,,,
27812000,6953,3.375,,3.153019428253174,,,,3.375,,,,,,,,,
27816000,6954,4.0,,3.019949197769165,,,,4.0,,,,,,,,,
27820000,6955,4.25,,3.2685375213623047,,,,4.25,,,,,,,,,
27824000,6956,4.25,,3.100039005279541,,,,4.25,,,,,,,,,
27828000,6957,3.625,,3.2197911739349365,,,,3.625,,,,,,,,,
27832000,6958,3.375,,3.140200138092041,,,,3.375,,,,,,,,,
27836000,6959,2.75,,3.349891185760498,,,,2.75,,,,,,,,,
27840000,6960,3.75,,3.053436517715454,,,,3.75,,,,,,,,,
27844000,6961,3.125,,3.280484199523926,,,,3.125,,,,,,,,,
27848000,6962,2.875,,3.1463639736175537,,,,2.875,,,,,,,,,
27852000,6963,3.5,,3.3450796604156494,,,,3.5,,,,,,,,,
27856000,6964,3.25,,3.1540019512176514,,,,3.25,,,,,,,,,
27860000,6965,0.875,,3.117460250854492,,,,0.875,,,,,,,,,
27864000,6966,3.625,,3.2267842292785645,,,,3.625,,,,,,,,,
27868000,6967,4.0,,3.266019582748413,,,,4.0,,,,,,,,,
27872000,6968,3.625,,3.0517139434814453,,,,3.625,,,,,,,,,
27876000,6969,3.875,,3.1081132888793945,,,,3.875,,,,,,,,,
27880000,6970,3.375,,2.986910343170166,,,,3.375,,,,,,,,,
27884000,6971,3.125,,3.114758014678955,,,,3.125,,,,,,,,,
27888000,6972,2.5,,3.261442184448242,,,,2.5,,,,,,,,,
27892000,6973,3.375,,3.1475296020507812,,,,3.375,,,,,,,,,
27896000,6974,3.5,,3.1528472900390625,,,,3.5,,,,,,,,,
27900000,6975,2.0,,3.095540761947632,,,,2.0,,,,,,,,,
27904000,6976,4.0,,3.0169036388397217,,,,4.0,,,,,,,,,
27908000,6977,4.125,,3.1459946632385254,,,,4.125,,,,,,,,,
27912000,6978,3.5,,3.0211703777313232,,,,3.5,,,,,,,,,
27916000,6979,3.75,,3.0711541175842285,,,,3.75,,,,,,,,,
27920000,6980,3.75,,2.9704225063323975,,,,3.75,,,,,,,,,
27924000,6981,3.125,,3.0742263793945312,,,,3.125,,,,,,,,,
27928000,6982,3.5,,3.1248927116394043,,,,3.5,,,,,,,,,
27932000,6983,4.0,,3.084378957748413,,,,4.0,,,,,,,,,
27936000,6984,2.625,,2.9933834075927734,,,,2.625,,,,,,,,,
27940000,6985,4.0,,3.1910808086395264,,,,4.0,,,,,,,,,
27944000,6986,2.75,,3.2256641387939453,,,,2.75,,,,,,,,,
27948000,6987,2.625,,3.1327953338623047,,,,2.625,,,,,,,,,
27952000,6988,2.75,,3.0827271938323975,,,,2.75,,,,,,,,,
27956000,6989,4.125,,3.0420713424682617,,,,4.125,,,,,,,,,
27960000,6990,3.0,,3.0348281860351562,,,,3.0,,,,,,,,,
27964000,6991,3.75,,3.0305335521698,,,,3.75,,,,,,,,,
27968000,6992,3.875,,3.139549732208252,,,,3.875,,,,,,,,,
27972000,6993,3.625,,3.115122079849243,,,,3.625,,,,,,,,,
27976000,6994,2.875,,3.075680732727051,,,,2.875,,,,,,,,,
27980000,6995,1.75,,2.8957715034484863,,,,1.75,,,,,,,,,
27984000,6996,2.625,,2.970431327819824,,,,2.625,,,,,,,,,
27988000,6997,3.125,,3.109311580657959,,,,3.125,,,,,,,,,
27992000,6998,1.875,,3.2817070484161377,,,,1.875,,,,,,,,,
27996000,6999,3.25,,2.9643211364746094,,,,3.25,,,,,,,,,
28000000,7000,2.5,,3.004998207092285,,,,2.5,,,,,,,,,
28004000,7001,3.875,,3.1022610664367676,,,,3.875,,,,,,,,,
28008000,7002,3.75,,3.1164073944091797,,,,3.75,,,,,,,,,
28012000,7003,1.125,,2.9218382835388184,,,,1.125,,,,,,,,,
28016000,7004,2.875,,2.95086932182312,,,,2.875,,,,,,,,,
28020000,7005,1.75,,2.7999320030212402,,,,1.75,,,,,,,,,
28024000,7006,3.75,,2.9328622817993164,,,,3.75,,,,,,,,,
28028000,7007,1.625,,3.295753002166748,,,,1.625,,,,,,,,,
28032000,7008,2.125,,3.09458327293396,,,,2.125,,,,,,,,,
28036000,7009,3.25,,3.049783706665039,,,,3.25,,,,,,,,,
28040000,7010,3.875,,2.8776307106018066,,,,3.875,,,,,,,,,
28044000,7011,2.125,,2.9701266288757324,,,,2.125,,,,,,,,,
28048000,7012,2.0,,2.9796459674835205,,,,2.0,,,,,,,,,
28052000,7013,3.5,,3.015423059463501,,,,3.5,,,,,,,,,
28056000,7014,3.375,,3.0435962677001953,,,,3.375,,,,,,,,,
28060000,7015,3.25,,2.876539707183838,,,,3.25,,,,,,,,,
28064000,7016,2.125,,2.9019198417663574,,,,2.125,,,,,,,,,
28068000,7017,4.125,,2.9759488105773926,,,,4.125,,,,,,,,,
28072000,7018,3.625,,3.152155876159668,,,,3.625,,,,,,,,,
28076000,7019,2.25,,3.072035789489746,,,,2.25,,,,,,,,,
28080000,7020,2.5,,2.9656765460968018,,,,2.5,,,,,,,,,
28084000,7021,3.875,,2.8788368701934814,,,,3.875,,,,,,,,,
28088000,7022,3.5,,2.8189852237701416,,,,3.5,,,,,,,,,
28092000,7023,1.5,,2.809370756149292,,,,1.5,,,,,,,,,
28096000,7024,2.625,,2.6642003059387207,,,,2.625,,,,,,,,,
28100000,7025,3.25,,2.860988140106201,,,,3.25,,,,,,,,,
28104000,7026,3.25,,2.994877338409424,,,,3.25,,,,,,,,,
28108000,7027,3.625,,2.970411777496338,,,,3.625,,,,,,,,,
28112000,7028,3.25,,2.8445587158203125,,,,3.25,,,,,,,,,
28116000,7029,4.0,,2.884613513946533,,,,4.0,,,,,,,,,
28120000,7030,4.0,,2.900519609451294,,,,4.0,,,,,,,,,
28124000,7031,3.625,,2.8409745693206787,,,,3.625,,,,,,,,,
28128000,7032,3.75,,2.910646438598633,,,,3.75,,,,,,,,,
28132000,7033,3.375,,2.7297468185424805,,,,3.375,,,,,,,,,
28136000,7034,3.0,,2.9570841789245605,,,,3.0,,,,,,,,,
28140000,7035,3.5,,2.881466865539551,,,,3.5,,,,,,,,,
28144000,7036,3.5,,2.7539162635803223,,,,3.5,,,,,,,,,
28148000,7037,3.75,,2.8016319274902344,,,,3.75,,,,,,,,,
28152000,7038,3.875,,2.902966022491455,,,,3.875,,,,,,,,,
28156000,7039,3.875,,2.86283802986145,,,,3.875,,,,,,,,,
28160000,7040,4.125,,2.7304694652557373,,,,4.125,,,,,,,,,
28164000,7041,3.125,,2.6989877223968506,,,,3.125,,,,,,,,,
28168000,7042,3.375,,2.8460474014282227,,,,3.375,,,,,,,,,
28172000,7043,2.75,,2.859739065170288,,,,2.75,,,,,,,,,
28176000,7044,3.0,,2.7122888565063477,,,,3.0,,,,,,,,,
28180000,7045,4.375,,2.856593608856201,,,,4.375,,,,,,,,,
28184000,7046,3.0,,2.911769151687622,,,,3.0,,,,,,,,,
28188000,7047,2.75,,2.943873882293701,,,,2.75,,,,,,,,,
28192000,7048,2.0,,2.571437120437622,,,,2.0,,,,,,,,,
28196000,7049,1.75,,2.595454216003418,,,,1.75,,,,,,,,,
28200000,7050,1.25,,2.7327308654785156,,,,1.25,,,,,,,,,
28204000,7051,2.625,,2.9265336990356445,,,,2.625,,,,,,,,,
28208000,7052,1.875,,2.9231114387512207,,,,1.875,,,,,,,,,
28212000,7053,3.625,,2.759042978286743,,,,3.625,,,,,,,,,
28216000,7054,3.0,,2.7976596355438232,,,,3.0,,,,,,,,,
28220000,7055,1.625,,2.8998818397521973,,,,1.625,,,,,,,,,
28224000,7056,2.375,,2.5194296836853027,,,,2.375,,,,,,,,,
28228000,7057,3.0,,2.6355276107788086,,,,3.0,,,,,,,,,
28232000,7058,2.5,,2.8051254749298096,,,,2.5,,,,,,,,,
28236000,7059,2.0,,3.0959413051605225,,,,2.0,,,,,,,,,
28240000,7060,1.625,,2.927737236022949,,,,1.625,,,,,,,,,
28244000,7061,2.375,,2.5943591594696045,,,,2.375,,,,,,,,,
28248000,7062,3.5,,2.5550618171691895,,,,3.5,,,,,,,,,
28252000,7063,2.625,,2.812669038772583,,,,2.625,,,,,,,,,
28256000,7064,1.25,,2.9566047191619873,,,,1.25,,,,,,,,,
28260000,7065,2.25,,2.8495774269104004,,,,2.25,,,,,,,,,
28264000,7066,1.375,,2.6074609756469727,,,,1.375,,,,,,,,,
28268000,7067,0.75,,2.5610644817352295,,,,0.75,,,,,,,,,
28272000,7068,2.375,,2.693777561187744,,,,2.375,,,,,,,,,
28276000,7069,1.125,,2.653404712677002,,,,1.125,,,,,,,,,
28280000,7070,3.125,,2.7738029956817627,,,,3.125,,,,,,,,,
28284000,7071,1.375,,2.650447368621826,,,,1.375,,,,,,,,,
28288000,7072,1.875,,2.632749557495117,,,,1.875,,,,,,,,,
28292000,7073,2.875,,2.4515128135681152,,,,2.875,,,,,,,,,
28296000,7074,2.0,,2.634091854095459,,,,2.0,,,,,,,,,
28300000,7075,1.375,,2.4188106060028076,,,,1.375,,,,,,,,,
28304000,7076,2.875,,2.5960538387298584,,,,2.875,,,,,,,,,
28308000,7077,2.125,,2.5029919147491455,,,,2.125,,,,,,,,,
28312000,7078,1.875,,2.5717756748199463,,,,1.875,,,,,,,,,
28316000,7079,2.375,,2.4830474853515625,,,,2.375,,,,,,,,,
28320000,7080,2.625,,2.495157241821289,,,,2.625,,,,,,,,,
28324000,7081,2.875,,2.5858802795410156,,,,2.875,,,,,,,,,
28328000,7082,2.875,,2.6525120735168457,,,,2.875,,,,,,,,,
28332000,7083,2.625,,2.686796188354492,,,,2.625,,,,,,,,,
28336000,7084,3.125,,2.4973058700561523,,,,3.125,,,,,,,,,
28340000,7085,3.875,,2.4780428409576416,,,,3.875,,,,,,,,,
28344000,7086,3.75,,2.5762248039245605,,,,3.75,,,,,,,,,
28348000,7087,3.25,,2.3834431171417236,,,,3.25,,,,,,,,,
28352000,7088,3.875,,2.3407723903656006,,,,3.875,,,,,,,,,
28356000,7089,3.875,,2.3977549076080322,,,,3.875,,,,,,,,,
28360000,7090,3.875,,2.481215476989746,,,,3.875,,,,,,,,,
28364000,7091,2.625,,2.6538257598876953,,,,2.625,,,,,,,,,
28368000,7092,2.625,,2.4784579277038574,,,,2.625,,,,,,,,,
28372000,7093,3.625,,2.6348023414611816,,,,3.625,,,,,,,,,
28376000,7094,1.5,,2.37284517288208,,,,1.5,,,,,,,,,
28380000,7095,4.5,,2.4770288467407227,,,,4.5,,,,,,,,,
28384000,7096,3.625,,2.5949647426605225,,,,3.625,,,,,,,,,
28388000,7097,3.375,,2.601590156555176,,,,3.375,,,,,,,,,
28392000,7098,4.0,,2.3235673904418945,,,,4.0,,,,,,,,,
28396000,7099,3.75,,2.4745829105377197,,,,3.75,,,,,,,,,
28400000,7100,2.75,,2.3316826820373535,,,,2.75,,,,,,,,,
28404000,7101,3.5,,2.5093955993652344,,,,3.5,,,,,,,,,
28408000,7102,3.5,,2.6180145740509033,,,,3.5,,,,,,,,,
28412000,7103,3.5,,2.6756863594055176,,,,3.5,,,,,,,,,
28416000,7104,3.375,,2.407315731048584,,,,3.375,,,,,,,,,
28420000,7105,3.875,,2.510373830795288,,,,3.875,,,,,,,,,
28424000,7106,3.75,,2.4163177013397217,,,,3.75,,,,,,,,,
28428000,7107,3.875,,2.636664867401123,,,,3.875,,,,,,,,,
28432000,7108,3.875,,2.418109893798828,,,,3.875,,,,,,,,,
28436000,7109,4.0,,2.4782495498657227,,,,4.0,,,,,,,,,
28440000,7110,3.875,,2.480517864227295,,,,3.875,,,,,,,,,
28444000,7111,3.25,,2.4926295280456543,,,,3.25,,,,,,,,,
28448000,7112,4.0,,2.3864846229553223,,,,4.0,,,,,,,,,
28452000,7113,3.75,,2.3666300773620605,,,,3.75,,,,,,,,,
28456000,7114,3.375,,2.5277721881866455,,,,3.375,,,,,,,,,
28460000,7115,3.75,,2.533703088760376,,,,3.75,,,,,,,,,
28464000,7116,4.0,,2.5038461685180664,,,,4.0,,,,,,,,,
28468000,7117,4.125,,2.5688042640686035,,,,4.125,,,,,,,,,
28472000,7118,4.125,,2.4454827308654785,,,,4.125,,,,,,,,,
28476000,7119,3.75,,2.6101417541503906,,,,3.75,,,,,,,,,
28480000,7120,3.875,,2.69431209564209,,,,3.875,,,,,,,,,
28484000,7121,4.125,,2.4613401889801025,,,,4.125,,,,,,,,,
28488000,7122,4.0,,2.324131965637207,,,,4.0,,,,,,,,,
28492000,7123,3.75,,2.473318099975586,,,,3.75,,,,,,,,,
28496000,7124,4.375,,2.702448606491089,,,,4.375,,,,,,,,,
28500000,7125,4.25,,2.559576988220215,,,,4.25,,,,,,,,,
28504000,7126,4.0,,2.6740705966949463,,,,4.0,,,,,,,,,
28508000,7127,4.125,,2.4641408920288086,,,,4.125,,,,,,,,,
28512000,7128,3.75,,2.5440070629119873,,,,3.75,,,,,,,,,
28516000,7129,3.75,,2.635507106781006,,,,3.75,,,,,,,,,
28520000,7130,4.125,,2.423092842102051,,,,4.125,,,,,,,,,
28524000,7131,3.875,,2.5133790969848633,,,,3.875,,,,,,,,,
28528000,7132,3.75,,2.5339012145996094,,,,3.75,,,,,,,,,
28532000,7133,3.875,,2.7165675163269043,,,,3.875,,,,,,,,,
28536000,7134,4.625,,2.7034895420074463,,,,4.625,,,,,,,,,
28540000,7135,1.875,,2.5546748638153076,,,,1.875,,,,,,,,,
28544000,7136,3.75,,2.5317986011505127,,,,3.75,,,,,,,,,
28548000,7137,3.625,,2.430403709411621,,,,3.625,,,,,,,,,
28552000,7138,3.625,,2.5246872901916504,,,,3.625,,,,,,,,,
28556000,7139,3.375,,2.588620662689209,,,,3.375,,,,,,,,,
28560000,7140,4.125,,2.709507465362549,,,,4.125,,,,,,,,,
28564000,7141,3.5,,2.587296962738037,,,,3.5,,,,,,,,,
28568000,7142,4.0,,2.554440498352051,,,,4.0,,,,,,,,,
28572000,7143,4.25,,2.6388580799102783,,,,4.25,,,,,,,,,
28576000,7144,4.125,,2.490145206451416,,,,4.125,,,,,,,,,
28580000,7145,2.875,,2.735642194747925,,,,2.875,,,,,,,,,
28584000,7146,4.25,,2.7198400497436523,,,,4.25,,,,,,,,,
28588000,7147,4.0,,2.64249849319458,,,,4.0,,,,,,,,,
28592000,7148,4.125,,2.738285541534424,,,,4.125,,,,,,,,,
28596000,7149,4.5,,2.771411895751953,,,,4.5,,,,,,,,,
28600000,7150,3.625,,2.6959848403930664,,,,3.625,,,,,,,,,
28604000,7151,3.75,,2.7777597904205322,,,,3.75,,,,,,,,,
28608000,7152,3.25,,2.7402281761169434,,,,3.25,,,,,,,,,
28612000,7153,3.75,,2.738044261932373,,,,3.75,,,,,,,,,
28616000,7154,4.125,,2.756627082824707,,,,4.125,,,,,,,,,
28620000,7155,4.125,,2.865814685821533,,,,4.125,,,,,,,,,
28624000,7156,3.25,,2.716933488845825,,,,3.25,,,,,,,,,
28628000,7157,4.125,,2.716317653656006,,,,4.125,,,,,,,,,
28632000,7158,3.625,,2.6493663787841797,,,,3.625,,,,,,,,,
28636000,7159,4.25,,2.7395811080932617,,,,4.25,,,,,,,,,
28640000,7160,3.375,,2.9600348472595215,,,,3.375,,,,,,,,,
28644000,7161,3.875,,2.6762874126434326,,,,3.875,,,,,,,,,
28648000,7162,3.625,,2.8134143352508545,,,,3.625,,,,,,,,,
28652000,7163,3.375,,2.6402220726013184,,,,3.375,,,,,,,,,
28656000,7164,3.75,,2.700253486633301,,,,3.75,,,,,,,,,
28660000,7165,4.0,,2.758763313293457,,,,4.0,,,,,,,,,
28664000,7166,4.0,,2.694798469543457,,,,4.0,,,,,,,,,
28668000,7167,3.75,,2.8629045486450195,,,,3.75,,,,,,,,,
28672000,7168,4.125,,2.852048635482788,,,,4.125,,,,,,,,,
28676000,7169,4.25,,2.5170350074768066,,,,4.25,,,,,,,,,
28680000,7170,3.625,,2.5918660163879395,,,,3.625,,,,,,,,,
28684000,7171,4.0,,2.799563407897949,,,,4.0,,,,,,,,,
28688000,7172,3.75,,2.893004894256592,,,,3.75,,,,,,,,,
28692000,7173,2.125,,2.6634442806243896,,,,2.125,,,,,,,,,
28696000,7174,3.625,,2.681945562362671,,,,3.625,,,,,,,,,
28700000,7175,3.875,,2.7851271629333496,,,,3.875,,,,,,,,,
28704000,7176,3.5,,2.859461784362793,,,,3.5,,,,,,,,,
28708000,7177,3.0,,2.881214141845703,,,,3.0,,,,,,,,,
28712000,7178,3.25,,2.604609966278076,,,,3.25,,,,,,,,,
28716000,7179,4.0,,2.620853900909424,,,,4.0,,,,,,,,,
28720000,7180,3.875,,2.949702024459839,,,,3.875,,,,,,,,,
28724000,7181,3.625,,2.7658591270446777,,,,3.625,,,,,,,,,
28728000,7182,3.75,,2.7421514987945557,,,,3.75,,,,,,,,,
28732000,7183,2.875,,2.6321377754211426,,,,2.875,,,,,,,,,
28736000,7184,4.0,,2.9389121532440186,,,,4.0,,,,,,,,,
28740000,7185,4.125,,2.9347567558288574,,,,4.125,,,,,,,,,
28744000,7186,3.125,,2.7889251708984375,,,,3.125,,,,,,,,,
28748000,7187,3.625,,2.7520933151245117,,,,3.625,,,,,,,,,
28752000,7188,3.5,,2.5600616931915283,,,,3.5,,,,,,,,,
28756000,7189,3.0,,2.8449478149414062,,,,3.0,,,,,,,,,
28760000,7190,4.125,,2.8958094120025635,,,,4.125,,,,,,,,,
28764000,7191,3.75,,2.9991261959075928,,,,3.75,,,,,,,,,
28768000,7192,3.375,,3.0639588832855225,,,,3.375,,,,,,,,,
28772000,7193,3.625,,2.870299816131592,,,,3.625,,,,,,,,,
28776000,7194,3.625,,2.8971736431121826,,,,3.625,,,,,,,,,
28780000,7195,3.625,,2.8557863235473633,,,,3.625,,,,,,,,,
28784000,7196,3.125,,2.7821433544158936,,,,3.125,,,,,,,,,
28788000,7197,3.0,,2.895132064819336,,,,3.0,,,,,,,,,
28792000,7198,4.0,,2.903028964996338,,,,4.0,,,,,,,,,
28796000,7199,3.0,,2.813516139984131,,,,3.0,,,,,,,,,
28800000,7200,3.625,,3.055544137954712,,,,3.625,,,,,,,,,
28804000,7201,2.25,,3.037076234817505,,,,2.25,,,,,,,,,
28808000,7202,4.0,,2.887143135070801,,,,4.0,,,,,,,,,
28812000,7203,3.625,,3.0860178470611572,,,,3.625,,,,,,,,,
28816000,7204,3.25,,2.9787073135375977,,,,3.25,,,,,,,,,
28820000,7205,2.75,,3.1373448371887207,,,,2.75,,,,,,,,,
28824000,7206,3.5,,2.830883026123047,,,,3.5,,,,,,,,,
28828000,7207,3.25,,2.837552070617676,,,,3.25,,,,,,,,,
28832000,7208,2.375,,2.9985809326171875,,,,2.375,,,,,,,,,
28836000,7209,3.75,,2.8766403198242188,,,,3.75,,,,,,,,,
28840000,7210,3.625,,2.869532585144043,,,,3.625,,,,,,,,,
28844000,7211,2.875,,3.0314998626708984,,,,2.875,,,,,,,,,
28848000,7212,2.0,,3.0152335166931152,,,,2.0,,,,,,,,,
28852000,7213,2.875,,3.0110061168670654,,,,2.875,,,,,,,,,
28856000,7214,3.25,,2.9214632511138916,,,,3.25,,,,,,,,,
28860000,7215,2.875,,2.951918125152588,,,,2.875,,,,,,,,,
28864000,7216,3.5,,2.971054792404175,,,,3.5,,,,,,,,,
28868000,7217,2.125,,3.025108575820923,,,,2.125,,,,,,,,,
28872000,7218,3.625,,2.8981690406799316,,,,3.625,,,,,,,,,
28876000,7219,4.25,,3.0880231857299805,,,,4.25,,,,,,,,,
28880000,7220,3.75,,2.9631600379943848,,,,3.75,,,,,,,,,
28884000,7221,2.75,,3.0096654891967773,,,,2.75,,,,,,,,,
28888000,7222,1.875,,2.9706807136535645,,,,1.875,,,,,,,,,
28892000,7223,2.75,,2.9352543354034424,,,,2.75,,,,,,,,,
28896000,7224,1.875,,2.979400396347046,,,,1.875,,,,,,,,,
28900000,7225,1.0,,2.80576229095459,,,,1.0,,,,,,,,,
28904000,7226,0.625,,2.7527339458465576,,,,0.625,,,,,,,,,
28908000,7227,2.0,,2.9092516899108887,,,,2.0,,,,,,,,,
28912000,7228,3.375,,2.9994428157806396,,,,3.375,,,,,,,,,
28916000,7229,1.875,,2.962264060974121,,,,1.875,,,,,,,,,
28920000,7230,3.0,,2.9032955169677734,,,,3.0,,,,,,,,,
28924000,7231,3.0,,2.8404030799865723,,,,3.0,,,,,,,,,
28928000,7232,1.25,,2.890092372894287,,,,1.25,,,,,,,,,
28932000,7233,3.0,,2.9740490913391113,,,,3.0,,,,,,,,,
28936000,7234,3.25,,2.6085195541381836,,,,3.25,,,,,,,,,
28940000,7235,2.5,,2.6775002479553223,,,,2.5,,,,,,,,,
28944000,7236,3.375,,2.893770694732666,,,,3.375,,,,,,,,,
28948000,7237,2.75,,2.8645834922790527,,,,2.75,,,,,,,,,
28952000,7238,3.75,,2.9008941650390625,,,,3.75,,,,,,,,,
28956000,7239,2.375,,2.8593616485595703,,,,2.375,,,,,,,,,
28960000,7240,2.0,,2.7124555110931396,,,,2.0,,,,,,,,,
28964000,7241,3.5,,2.7926511764526367,,,,3.5,,,,,,,,,
28968000,7242,3.375,,2.771047592163086,,,,3.375,,,,,,,,,
28972000,7243,3.875,,2.718733787536621,,,,3.875,,,,,,,,,
28976000,7244,3.125,,2.742438316345215,,,,3.125,,,,,,,,,
28980000,7245,3.375,,2.6631956100463867,,,,3.375,,,,,,,,,
28984000,7246,4.125,,2.6349382400512695,,,,4.125,,,,,,,,,
28988000,7247,3.375,,2.793168306350708,,,,3.375,,,,,,,,,
28992000,7248,3.5,,2.744020938873291,,,,3.5,,,,,,,,,
28996000,7249,4.0,,2.6518774032592773,,,,4.0,,,,,,,,,
29000000,7250,3.875,,2.785388469696045,,,,3.875,,,,,,,,,
29004000,7251,4.125,,2.7255942821502686,,,,4.125,,,,,,,,,
29008000,7252,3.875,,2.76798677444458,,,,3.875,,,,,,,,,
29012000,7253,4.25,,2.611257553100586,,,,4.25,,,,,,,,,
29016000,7254,4.0,,2.755227565765381,,,,4.0,,,,,,,,,
29020000,7255,3.875,,2.6516425609588623,,,,3.875,,,,,,,,,
29024000,7256,4.125,,2.6705706119537354,,,,4.125,,,,,,,,,
29028000,7257,3.875,,2.643472194671631,,,,3.875,,,,,,,,,
29032000,7258,3.5,,2.9080488681793213,,,,3.5,,,,,,,,,
29036000,7259,4.0,,2.610342264175415,,,,4.0,,,,,,,,,
29040000,7260,4.125,,2.547182559967041,,,,4.125,,,,,,,,,
29044000,7261,3.5,,2.5666983127593994,,,,3.5,,,,,,,,,
29048000,7262,3.0,,2.675140619277954,,,,3.0,,,,,,,,,
29052000,7263,4.125,,2.7958712577819824,,,,4.125,,,,,,,,,
29056000,7264,3.625,,2.7365059852600098,,,,3.625,,,,,,,,,
29060000,7265,3.5,,2.5642478466033936,,,,3.5,,,,,,,,,
29064000,7266,3.75,,2.651106595993042,,,,3.75,,,,,,,,,
29068000,7267,4.0,,2.7738852500915527,,,,4.0,,,,,,,,,
29072000,7268,3.625,,2.585786819458008,,,,3.625,,,,,,,,,
29076000,7269,3.125,,2.6212713718414307,,,,3.125,,,,,,,,,
29080000,7270,3.875,,2.576082706451416,,,,3.875,,,,,,,,,
29084000,7271,3.625,,2.7828876972198486,,,,3.625,,,,,,,,,
29088000,7272,3.25,,2.716081142425537,,,,3.25,,,,,,,,,
29092000,7273,3.25,,2.620260238647461,,,,3.25,,,,,,,,,
29096000,7274,3.875,,2.703242301940918,,,,3.875,,,,,,,,,
29100000,7275,3.5,,2.561070442199707,,,,3.5,,,,,,,,,
29104000,7276,3.75,,2.4807448387145996,,,,3.75,,,,,,,,,
29108000,7277,3.75,,2.7367169857025146,,,,3.75,,,,,,,,,
29112000,7278,3.625,,2.6981239318847656,,,,3.625,,,,,,,,,
29116000,7279,4.25,,2.515453577041626,,,,4.25,,,,,,,,,
29120000,7280,3.625,,2.5756754875183105,,,,3.625,,,,,,,,,
29124000,7281,3.625,,2.488734483718872,,,,3.625,,,,,,,,,
29128000,7282,4.0,,2.6698949337005615,,,,4.0,,,,,,,,,
29132000,7283,3.5,,2.775956392288208,,,,3.5,,,,,,,,,
29136000,7284,3.75,,2.659207820892334,,,,3.75,,,,,,,,,
29140000,7285,4.25,,2.54091739654541,,,,4.25,,,,,,,,,
29144000,7286,3.875,,2.5193393230438232,,,,3.875,,,,,,,,,
29148000,7287,4.0,,2.5497350692749023,,,,4.0,,,,,,,,,
29152000,7288,3.875,,2.787921667098999,,,,3.875,,,,,,,,,
29156000,7289,3.125,,2.7258589267730713,,,,3.125,,,,,,,,,
29160000,7290,3.75,,2.6212565898895264,,,,3.75,,,,,,,,,
29164000,7291,4.125,,2.683246374130249,,,,4.125,,,,,,,,,
29168000,7292,4.0,,2.571394205093384,,,,4.0,,,,,,,,,
29172000,7293,3.75,,2.552521228790283,,,,3.75,,,,,,,,,
29176000,7294,3.5,,2.6744496822357178,,,,3.5,,,,,,,,,
29180000,7295,4.0,,2.6437883377075195,,,,4.0,,,,,,,,,
29184000,7296,4.5,,2.4503870010375977,,,,4.5,,,,,,,,,
29188000,7297,4.0,,2.7376580238342285,,,,4.0,,,,,,,,,
29192000,7298,4.0,,2.6154346466064453,,,,4.0,,,,,,,,,
29196000,7299,4.0,,2.7195382118225098,,,,4.0,,,,,,,,,
29200000,7300,4.0,,2.689220428466797,,,,4.0,,,,,,,,,
29204000,7301,4.125,,2.5756654739379883,,,,4.125,,,,,,,,,
29208000,7302,4.0,,2.6594197750091553,,,,4.0,,,,,,,,,
29212000,7303,4.125,,2.587981700897217,,,,4.125,,,,,,,,,
29216000,7304,2.25,,2.639674663543701,,,,2.25,,,,,,,,,
29220000,7305,3.5,,2.5864436626434326,,,,3.5,,,,,,,,,
29224000,7306,3.25,,2.559624195098877,,,,3.25,,,,,,,,,
29228000,7307,2.375,,2.664846897125244,,,,2.375,,,,,,,,,
29232000,7308,4.0,,2.660750150680542,,,,4.0,,,,,,,,,
29236000,7309,3.25,,2.7344136238098145,,,,3.25,,,,,,,,,
29240000,7310,3.875,,2.6977744102478027,,,,3.875,,,,,,,,,
29244000,7311,4.0,,2.6551008224487305,,,,4.0,,,,,,,,,
29248000,7312,3.125,,2.690783977508545,,,,3.125,,,,,,,,,
29252000,7313,3.375,,2.550551652908325,,,,3.375,,,,,,,,,
29256000,7314,3.75,,2.48441743850708,,,,3.75,,,,,,,,,
29260000,7315,3.5,,2.6728248596191406,,,,3.5,,,,,,,,,
29264000,7316,3.875,,2.7241437435150146,,,,3.875,,,,,,,,,
29268000,7317,3.875,,2.79764986038208,,,,3.875,,,,,,,,,
29272000,7318,1.5,,2.613309860229492,,,,1.5,,,,,,,,,
29276000,7319,2.0,,2.557446002960205,,,,2.0,,,,,,,,,
29280000,7320,3.0,,2.6286816596984863,,,,3.0,,,,,,,,,
29284000,7321,2.375,,2.6683104038238525,,,,2.375,,,,,,,,,
29288000,7322,2.25,,2.6410231590270996,,,,2.25,,,,,,,,,
29292000,7323,3.875,,2.6735424995422363,,,,3.875,,,,,,,,,
29296000,7324,2.0,,2.663578987121582,,,,2.0,,,,,,,,,
29300000,7325,3.625,,2.533296823501587,,,,3.625,,,,,,,,,
29304000,7326,2.625,,2.515139579772949,,,,2.625,,,,,,,,,
29308000,7327,2.625,,2.4434702396392822,,,,2.625,,,,,,,,,
29312000,7328,3.25,,2.5680458545684814,,,,3.25,,,,,,,,,
29316000,7329,3.625,,2.6031837463378906,,,,3.625,,,,,,,,,
29320000,7330,2.875,,2.468156337738037,,,,2.875,,,,,,,,,
29324000,7331,2.75,,2.606984853744507,,,,2.75,,,,,,,,,
29328000,7332,2.875,,2.522172689437866,,,,2.875,,,,,,,,,
29332000,7333,3.875,,2.751671075820923,,,,3.875,,,,,,,,,
29336000,7334,3.0,,2.5881876945495605,,,,3.0,,,,,,,,,
29340000,7335,3.25,,2.6247754096984863,,,,3.25,,,,,,,,,
29344000,7336,3.75,,2.593912363052368,,,,3.75,,,,,,,,,
29348000,7337,3.375,,2.439241647720337,,,,3.375,,,,,,,,,
29352000,7338,1.5,,2.4638631343841553,,,,1.5,,,,,,,,,
29356000,7339,3.625,,2.466465473175049,,,,3.625,,,,,,,,,
29360000,7340,1.875,,2.5090508460998535,,,,1.875,,,,,,,,,
29364000,7341,1.625,,2.630496025085449,,,,1.625,,,,,,,,,
29368000,7342,2.5,,2.581139326095581,,,,2.5,,,,,,,,,
29372000,7343,3.5,,2.4680709838867188,,,,3.5,,,,,,,,,
29376000,7344,2.875,,2.5694990158081055,,,,2.875,,,,,,,,,
29380000,7345,3.25,,2.5751290321350098,,,,3.25,,,,,,,,,
29384000,7346,3.125,,2.562725067138672,,,,3.125,,,,,,,,,
29388000,7347,3.5,,2.449018955230713,,,,3.5,,,,,,,,,
29392000,7348,3.5,,2.622882843017578,,,,3.5,,,,,,,,,
29396000,7349,3.5,,2.600879192352295,,,,3.5,,,,,,,,,
29400000,7350,4.25,,2.5234875679016113,,,,4.25,,,,,,,,,
29404000,7351,2.625,,2.476196765899658,,,,2.625,,,,,,,,,
29408000,7352,3.875,,2.639214038848877,,,,3.875,,,,,,,,,
29412000,7353,4.125,,2.627513885498047,,,,4.125,,,,,,,,,
29416000,7354,3.75,,2.4404802322387695,,,,3.75,,,,,,,,,
29420000,7355,3.75,,2.574223279953003,,,,3.75,,,,,,,,,
29424000,7356,3.75,,2.4981184005737305,,,,3.75,,,,,,,,,
29428000,7357,2.625,,2.6972427368164062,,,,2.625,,,,,,,,,
29432000,7358,2.125,,2.7140116691589355,,,,2.125,,,,,,,,,
29436000,7359,3.0,,2.496469497680664,,,,3.0,,,,,,,,,
29440000,7360,3.625,,2.5153932571411133,,,,3.625,,,,,,,,,
29444000,7361,3.125,,2.608253002166748,,,,3.125,,,,,,,,,
29448000,7362,2.5,,2.6376843452453613,,,,2.5,,,,,,,,,
29452000,7363,2.0,,2.5748767852783203,,,,2.0,,,,,,,,,
29456000,7364,3.375,,2.5585038661956787,,,,3.375,,,,,,,,,
29460000,7365,3.25,,2.6171860694885254,,,,3.25,,,,,,,,,
29464000,7366,3.625,,2.6028952598571777,,,,3.625,,,,,,,,,
29468000,7367,2.875,,2.6176187992095947,,,,2.875,,,,,,,,,
29472000,7368,3.125,,2.433718681335449,,,,3.125,,,,,,,,,
29476000,7369,2.625,,2.6950571537017822,,,,2.625,,,,,,,,,
29480000,7370,3.0,,2.736396074295044,,,,3.0,,,,,,,,,
29484000,7371,2.75,,2.576690435409546,,,,2.75,,,,,,,,,
29488000,7372,2.125,,2.556239128112793,,,,2.125,,,,,,,,,
29492000,7373,3.625,,2.5368194580078125,,,,3.625,,,,,,,,,
29496000,7374,3.375,,2.6217517852783203,,,,3.375,,,,,,,,,
29500000,7375,3.375,,2.569632053375244,,,,3.375,,,,,,,,,
29504000,7376,3.75,,2.7252678871154785,,,,3.75,,,,,,,,,
29508000,7377,3.625,,2.4632139205932617,,,,3.625,,,,,,,,,
29512000,7378,1.625,,2.433957815170288,,,,1.625,,,,,,,,,
29516000,7379,3.125,,2.602022171020508,,,,3.125,,,,,,,,,
29520000,7380,3.75,,2.36637020111084,,,,3.75,,,,,,,,,
29524000,7381,3.875,,2.5520718097686768,,,,3.875,,,,,,,,,
29528000,7382,2.5,,2.416005849838257,,,,2.5,,,,,,,,,
29532000,7383,3.5,,2.5410714149475098,,,,3.5,,,,,,,,,
29536000,7384,3.5,,2.618666172027588,,,,3.5,,,,,,,,,
29540000,7385,4.125,,2.610293388366699,,,,4.125,,,,,,,,,
29544000,7386,4.125,,2.516904354095459,,,,4.125,,,,,,,,,
29548000,7387,3.625,,2.477564811706543,,,,3.625,,,,,,,,,
29552000,7388,4.25,,2.4263200759887695,,,,4.25,,,,,,,,,
29556000,7389,3.75,,2.583352565765381,,,,3.75,,,,,,,,,
29560000,7390,3.0,,2.5437779426574707,,,,3.0,,,,,,,,,
29564000,7391,3.375,,2.5525712966918945,,,,3.375,,,,,,,,,
29568000,7392,4.25,,2.600277900695801,,,,4.25,,,,,,,,,
29572000,7393,4.125,,2.55688738822937,,,,4.125,,,,,,,,,
29576000,7394,4.0,,2.3705103397369385,,,,4.0,,,,,,,,,
29580000,7395,3.5,,2.594496250152588,,,,3.5,,,,,,,,,
29584000,7396,3.625,,2.5742387771606445,,,,3.625,,,,,,,,,
29588000,7397,1.875,,2.4809837341308594,,,,1.875,,,,,,,,,
29592000,7398,3.375,,2.581719398498535,,,,3.375,,,,,,,,,
29596000,7399,3.75,,2.55116605758667,,,,3.75,,,,,,,,,
29600000,7400,3.875,,2.4476258754730225,,,,3.875,,,,,,,,,
29604000,7401,3.75,,2.424269199371338,,,,3.75,,,,,,,,,
29608000,7402,4.0,,2.4837794303894043,,,,4.0,,,,,,,,,
29612000,7403,3.5,,2.46421480178833,,,,3.5,,,,,,,,,
29616000,7404,4.0,,2.59626841545105,,,,4.0,,,,,,,,,
29620000,7405,2.0,,2.584890365600586,,,,2.0,,,,,,,,,
29624000,7406,1.125,,2.474576473236084,,,,1.125,,,,,,,,,
29628000,7407,3.125,,2.467437267303467,,,,3.125,,,,,,,,,
29632000,7408,3.375,,2.33121395111084,,,,3.375,,,,,,,,,
29636000,7409,3.625,,2.545191526412964,,,,3.625,,,,,,,,,
29640000,7410,3.375,,2.5984482765197754,,,,3.375,,,,,,,,,
29644000,7411,3.625,,2.7614858150482178,,,,3.625,,,,,,,,,
29648000,7412,2.75,,2.446134090423584,,,,2.75,,,,,,,,,
29652000,7413,3.25,,2.404420852661133,,,,3.25,,,,,,,,,
29656000,7414,3.875,,2.5324809551239014,,,,3.875,,,,,,,,,
29660000,7415,0.5,,2.5353622436523438,,,,0.5,,,,,,,,,
29664000,7416,2.0,,2.4827542304992676,,,,2.0,,,,,,,,,
29668000,7417,3.5,,2.5401480197906494,,,,3.5,,,,,,,,,
29672000,7418,2.0,,2.515827178955078,,,,2.0,,,,,,,,,
29676000,7419,3.0,,2.649188995361328,,,,3.0,,,,,,,,,
29680000,7420,3.125,,2.3732423782348633,,,,3.125,,,,,,,,,
29684000,7421,3.625,,2.346184253692627,,,,3.625,,,,,,,,,
29688000,7422,3.25,,2.356226921081543,,,,3.25,,,,,,,,,
29692000,7423,3.0,,2.3307271003723145,,,,3.0,,,,,,,,,
29696000,7424,1.75,,2.3847622871398926,,,,1.75,,,,,,,,,
29700000,7425,3.5,,2.257819414138794,,,,3.5,,,,,,,,,
29704000,7426,2.125,,2.266632556915283,,,,2.125,,,,,,,,,
29708000,7427,2.5,,2.475656032562256,,,,2.5,,,,,,,,,
29712000,7428,3.125,,2.318246364593506,,,,3.125,,,,,,,,,
29716000,7429,3.375,,2.4663491249084473,,,,3.375,,,,,,,,,
29720000,7430,3.5,,2.362727165222168,,,,3.5,,,,,,,,,
29724000,7431,3.25,,2.3526840209960938,,,,3.25,,,,,,,,,
29728000,7432,3.375,,2.267341136932373,,,,3.375,,,,,,,,,
29732000,7433,3.125,,2.3468453884124756,,,,3.125,,,,,,,,,
29736000,7434,3.75,,2.191927194595337,,,,3.75,,,,,,,,,
29740000,7435,3.625,,2.2768988609313965,,,,3.625,,,,,,,,,
29744000,7436,2.5,,2.391704559326172,,,,2.5,,,,,,,,,
29748000,7437,3.125,,2.3229503631591797,,,,3.125,,,,,,,,,
29752000,7438,2.75,,2.4093785285949707,,,,2.75,,,,,,,,,
29756000,7439,2.375,,2.3881797790527344,,,,2.375,,,,,,,,,
29760000,7440,3.125,,2.2923834323883057,,,,3.125,,,,,,,,,
29764000,7441,3.75,,2.212038516998291,,,,3.75,,,,,,,,,
29768000,7442,3.75,,2.290212631225586,,,,3.75,,,,,,,,,
29772000,7443,3.25,,2.268497943878174,,,,3.25,,,,,,,,,
29776000,7444,3.375,,2.3030648231506348,,,,3.375,,,,,,,,,
29780000,7445,3.5,,2.3010406494140625,,,,3.5,,,,,,,,,
29784000,7446,3.125,,2.2587692737579346,,,,3.125,,,,,,,,,
29788000,7447,4.0,,2.2840638160705566,,,,4.0,,,,,,,,,
29792000,7448,3.25,,2.4158260822296143,,,,3.25,,,,,,,,,
29796000,7449,3.375,,2.353577136993408,,,,3.375,,,,,,,,,
29800000,7450,4.0,,2.306823253631592,,,,4.0,,,,,,,,,
29804000,7451,3.0,,2.222805976867676,,,,3.0,,,,,,,,,
29808000,7452,3.0,,2.400641918182373,,,,3.0,,,,,,,,,
29812000,7453,3.875,,2.47007417678833,,,,3.875,,,,,,,,,
29816000,7454,3.75,,2.425548553466797,,,,3.75,,,,,,,,,
29820000,7455,1.5,,2.3238918781280518,,,,1.5,,,,,,,,,
29824000,7456,4.125,,2.3327293395996094,,,,4.125,,,,,,,,,
29828000,7457,3.5,,2.3466544151306152,,,,3.5,,,,,,,,,
29832000,7458,4.125,,2.2966675758361816,,,,4.125,,,,,,,,,
29836000,7459,4.0,,2.5199127197265625,,,,4.0,,,,,,,,,
29840000,7460,4.0,,2.3663930892944336,,,,4.0,,,,,,,,,
29844000,7461,2.5,,2.2604548931121826,,,,2.5,,,,,,,,,
29848000,7462,4.0,,2.3411765098571777,,,,4.0,,,,,,,,,
29852000,7463,3.375,,2.459897041320801,,,,3.375,,,,,,,,,
29856000,7464,3.25,,2.397798538208008,,,,3.25,,,,,,,,,
29860000,7465,3.875,,2.473388671875,,,,3.875,,,,,,,,,
29864000,7466,3.75,,2.2837533950805664,,,,3.75,,,,,,,,,
29868000,7467,3.75,,2.6213927268981934,,,,3.75,,,,,,,,,
29872000,7468,2.875,,2.424121379852295,,,,2.875,,,,,,,,,
29876000,7469,4.125,,2.3137121200561523,,,,4.125,,,,,,,,,
29880000,7470,4.125,,2.605013608932495,,,,4.125,,,,,,,,,
29884000,7471,4.0,,2.2830445766448975,,,,4.0,,,,,,,,,
29888000,7472,3.875,,2.261357545852661,,,,3.875,,,,,,,,,
29892000,7473,3.625,,2.3910253047943115,,,,3.625,,,,,,,,,
29896000,7474,3.625,,2.524843215942383,,,,3.625,,,,,,,,,
29900000,7475,2.875,,2.4804916381835938,,,,2.875,,,,,,,,,
29904000,7476,3.75,,2.496060371398926,,,,3.75,,,,,,,,,
29908000,7477,3.75,,2.396707534790039,,,,3.75,,,,,,,,,
29912000,7478,3.875,,2.5906240940093994,,,,3.875,,,,,,,,,
29916000,7479,3.875,,2.371363878250122,,,,3.875,,,,,,,,,
29920000,7480,3.625,,2.4540677070617676,,,,3.625,,,,,,,,,
29924000,7481,1.75,,2.3304381370544434,,,,1.75,,,,,,,,,
29928000,7482,2.875,,2.412466526031494,,,,2.875,,,,,,,,,
29932000,7483,3.875,,2.436192512512207,,,,3.875,,,,,,,,,
29936000,7484,2.125,,2.4077200889587402,,,,2.125,,,,,,,,,
29940000,7485,3.625,,2.315847873687744,,,,3.625,,,,,,,,,
29944000,7486,3.375,,2.345798969268799,,,,3.375,,,,,,,,,
29948000,7487,3.75,,2.393860340118408,,,,3.75,,,,,,,,,
29952000,7488,3.75,,2.5213115215301514,,,,3.75,,,,,,,,,
29956000,7489,4.75,,2.304128885269165,,,,4.75,,,,,,,,,
29960000,7490,3.125,,2.450192928314209,,,,3.125,,,,,,,,,
29964000,7491,3.875,,2.365375518798828,,,,3.875,,,,,,,,,
29968000,7492,3.875,,2.6513772010803223,,,,3.875,,,,,,,,,
29972000,7493,3.5,,2.458928108215332,,,,3.5,,,,,,,,,
29976000,7494,4.375,,2.4221718311309814,,,,4.375,,,,,,,,,
29980000,7495,3.75,,2.456951856613159,,,,3.75,,,,,,,,,
29984000,7496,4.0,,2.4643325805664062,,,,4.0,,,,,,,,,
29988000,7497,3.375,,2.524686098098755,,,,3.375,,,,,,,,,
29992000,7498,3.875,,2.5613512992858887,,,,3.875,,,,,,,,,
29996000,7499,3.75,,2.4171714782714844,,,,3.75,,,,,,,,,
30000000,7500,4.0,,2.4020726680755615,,,,4.0,,,,,,,,,
