environment_steps,updates,mean_episode_returns,entropy,loss,actor_loss,value_loss,reward_std_mean,deliveries,block_rate,idle_rate,pickup_rate,deliveries_early,deliveries_mid,deliveries_late,block_early,block_mid,block_late
5000,1,0.10000000149011612,1.207597255706787,30.513465881347656,2.511629104614258,56.013336181640625,0.0007123767863959074,0.10000000149011612,0.17799998819828033,0.12069999426603317,,,,,,,
10000,2,0.0,1.171004295349121,22.82459831237793,1.2762768268585205,43.10601043701172,-0.0009258580976165831,0.0,0.19509999454021454,0.11379999667406082,,,,,,,
15000,3,0.0,1.2053600549697876,19.82624053955078,1.831653356552124,35.998817443847656,-0.0007105365511961281,0.0,0.1631999909877777,0.12464999407529831,,,,,,,
20000,4,0.10000000149011612,1.1875708103179932,18.25045394897461,1.7129228115081787,33.084564208984375,0.0008444985141977668,0.10000000149011612,0.15964999794960022,0.12639999389648438,,,,,,,
25000,5,0.10000000149011612,1.2130296230316162,15.781304359436035,1.945225477218628,27.681861877441406,0.0010267426259815693,0.10000000149011612,0.16839998960494995,0.13679999113082886,,,,,,,
30000,6,0.20000000298023224,1.1811286211013794,18.80006217956543,2.1025099754333496,33.4045524597168,0.0035106749273836613,0.20000000298023224,0.19224999845027924,0.13619999587535858,,,,,,,
35000,7,0.20000000298023224,1.2011724710464478,13.253860473632812,1.2706584930419922,23.97601318359375,0.002148606814444065,0.20000000298023224,0.17719998955726624,0.1362999975681305,,,,,,,
40000,8,0.0,1.207608938217163,4.1577630043029785,0.7528281211853027,6.819530963897705,-0.002619803650304675,0.0,0.19065000116825104,0.14239999651908875,,,,,,,
45000,9,0.10000000149011612,1.178871512413025,18.432600021362305,1.434526801109314,34.005577087402344,0.000624011387117207,0.10000000149011612,0.19139999151229858,0.14514999091625214,,,,,,,
50000,10,0.10000000149011612,1.212005853652954,9.929255485534668,0.9647554159164429,17.938695907592773,0.0005889947642572224,0.10000000149011612,0.19054999947547913,0.14344999194145203,,,,,,,
55000,11,0.10000000149011612,1.1894471645355225,9.538005828857422,1.147055745124817,16.79141616821289,0.0007598848314955831,0.10000000149011612,0.18124999105930328,0.13859999179840088,,,,,,,
60000,12,0.0,1.2214566469192505,2.3231053352355957,0.5836314558982849,3.4887197017669678,-0.0031041628681123257,0.0,0.18895000219345093,0.14010000228881836,,,,,,,
65000,13,0.20000000298023224,1.1882718801498413,36.12987518310547,1.4212074279785156,69.42684173583984,0.004888737108558416,0.20000000298023224,0.1964999884366989,0.1368499994277954,,,,,,,
70000,14,0.20000000298023224,1.197706699371338,24.236989974975586,1.426470160484314,45.63062286376953,0.0033289461862295866,0.20000000298023224,0.19784998893737793,0.13319998979568481,,,,,,,
75000,15,0.30000001192092896,1.138097882270813,35.88380432128906,3.2824454307556152,65.21182250976562,0.005127457901835442,0.30000001192092896,0.21724998950958252,0.13054999709129333,,,,,,,
80000,16,0.10000000149011612,1.1822525262832642,48.32549285888672,3.3853769302368164,89.88968658447266,0.0004389299137983471,0.10000000149011612,0.22029998898506165,0.13284999132156372,,,,,,,
85000,17,0.30000001192092896,1.1796984672546387,43.93460464477539,2.1371912956237793,83.60426330566406,0.007940147072076797,0.30000001192092896,0.21209999918937683,0.13414999842643738,,,,,,,
90000,18,0.10000000149011612,1.2068272829055786,12.922500610351562,1.4430468082427979,22.968563079833984,-0.0014710993273183703,0.10000000149011612,0.217849999666214,0.12844999134540558,,,,,,,
95000,19,0.0,1.1804046630859375,3.2102534770965576,0.9808197021484375,4.468310832977295,-0.004652867093682289,0.0,0.22109998762607574,0.12229999899864197,,,,,,,
100000,20,0.10000000149011612,1.1975083351135254,10.026213645935059,0.769669771194458,18.522666931152344,-0.0011517911916598678,0.10000000149011612,0.16519999504089355,0.12154999375343323,,,,,,,
105000,21,0.0,1.2048754692077637,2.6861588954925537,0.6527198553085327,4.076517105102539,-0.004522319883108139,0.0,0.20604999363422394,0.12459999322891235,,,,,,,
110000,22,0.10000000149011612,1.1751117706298828,8.263604164123535,1.138965368270874,14.258678436279297,-0.0007439973414875567,0.10000000149011612,0.18594999611377716,0.11909999698400497,,,,,,,
115000,23,0.0,1.1741867065429688,2.1837196350097656,0.6671116352081299,3.042609691619873,-0.004414257127791643,0.0,0.18554998934268951,0.11134999990463257,,,,,,,
120000,24,0.0,1.1882820129394531,2.3984615802764893,0.9656417965888977,2.87514591217041,-0.004319298546761274,0.0,0.2000499963760376,0.11294999718666077,,,,,,,
125000,25,0.10000000149011612,1.218122959136963,11.485011100769043,1.136836290359497,20.70609474182129,-0.0010340142762288451,0.10000000149011612,0.20934998989105225,0.11679999530315399,,,,,,,
130000,26,0.20000000298023224,1.1929101943969727,26.951309204101562,1.1622203588485718,51.58771896362305,0.004550156183540821,0.20000000298023224,0.18584999442100525,0.11589999496936798,,,,,,,
135000,27,0.20000000298023224,1.192159652709961,232.99220275878906,4.526049613952637,456.94183349609375,0.0028994674794375896,0.20000000298023224,0.19984999299049377,0.11419999599456787,,,,,,,
140000,28,0.10000000149011612,1.2453398704528809,16.10487937927246,0.36698004603385925,31.485761642456055,0.0012716019991785288,0.10000000149011612,0.17149999737739563,0.11869999766349792,,,,,,,
145000,29,0.0,1.2138347625732422,0.7347187995910645,0.05999425798654556,1.3591597080230713,-0.0046274084597826,0.0,0.1830499917268753,0.1115499958395958,,,,,,,
150000,30,0.10000000149011612,1.2423540353775024,116.68022155761719,3.192904233932495,226.9845733642578,0.0015712128952145576,0.10000000149011612,0.16814999282360077,0.10719999670982361,,,,,,,
155000,31,0.10000000149011612,1.233065128326416,440.748779296875,3.4374475479125977,874.6325073242188,0.0015241446672007442,0.10000000149011612,0.1623999923467636,0.11204999685287476,,,,,,,
160000,32,0.0,1.2574083805084229,-0.03882455825805664,-0.6226468682289124,1.177703857421875,-0.004799880553036928,0.0,0.16214999556541443,0.11984999477863312,,,,,,,
165000,33,0.10000000149011612,1.2806663513183594,30.707433700561523,-0.07763934135437012,61.58039093017578,0.0015223708469420671,0.10000000149011612,0.15529999136924744,0.12684999406337738,,,,,,,
170000,34,0.0,1.2187066078186035,0.4038824141025543,-0.23068848252296448,1.2788914442062378,-0.00484752282500267,0.0,0.14409999549388885,0.11614999920129776,,,,,,,
175000,35,0.0,1.2150232791900635,0.6375771164894104,-0.07988092303276062,1.4446362257003784,-0.004776742309331894,0.0,0.13234999775886536,0.11620000004768372,,,,,,,
180000,36,0.0,1.2808359861373901,0.47132405638694763,-0.24172443151474,1.4363436698913574,-0.004708975087851286,0.0,0.13474999368190765,0.12809999287128448,,,,,,,
185000,37,0.0,1.2594640254974365,0.09104347229003906,-0.6840530037879944,1.5602686405181885,-0.0046440125443041325,0.0,0.12974999845027924,0.13019999861717224,,,,,,,
190000,38,0.30000001192092896,1.262174367904663,51.087852478027344,0.3496871590614319,101.4864273071289,0.010805062018334866,0.30000001192092896,0.11824999749660492,0.1262499988079071,,,,,,,
195000,39,0.10000000149011612,1.2008898258209229,128.5229034423828,0.27979153394699097,256.4958190917969,-0.0009002635488286614,0.10000000149011612,0.12099999934434891,0.11879999935626984,,,,,,,
200000,40,0.20000000298023224,1.1886173486709595,34.185367584228516,0.21590453386306763,67.94843292236328,0.006957557518035173,0.20000000298023224,0.11879999935626984,0.11665000021457672,,,,,,,
205000,41,0.10000000149011612,1.2540907859802246,65.44189453125,0.29913726449012756,130.29554748535156,0.0019392789108678699,0.10000000149011612,0.11949999630451202,0.13419999182224274,,,,,,,
210000,42,0.0,1.1864583492279053,-0.21902364492416382,-0.8384760022163391,1.248396396636963,-0.005129958037286997,0.0,0.0997999981045723,0.1290999948978424,,,,,,,
215000,43,0.0,1.2983508110046387,-0.3551587462425232,-0.8922257423400879,1.0845208168029785,-0.005069240462034941,0.0,0.12114999443292618,0.14794999361038208,,,,,,,
220000,44,0.10000000149011612,1.251216173171997,133.85997009277344,0.2110462188720703,267.307861328125,-0.0007962659583427012,0.10000000149011612,0.11184999346733093,0.13570000231266022,,,,,,,
225000,45,0.0,1.2501182556152344,-0.5394145250320435,-0.9870657920837402,0.905303418636322,-0.005007276777178049,0.0,0.10830000042915344,0.14114999771118164,,,,,,,
230000,46,0.0,1.2216098308563232,-0.14261072874069214,-0.6283013224601746,0.9811540842056274,-0.004951939918100834,0.0,0.08869999647140503,0.1319499909877777,,,,,,,
235000,47,0.0,1.185861349105835,-0.4936753511428833,-0.9730008840560913,0.9681379795074463,-0.00489839818328619,0.0,0.09544999897480011,0.13484999537467957,,,,,,,
240000,48,0.10000000149011612,1.2380518913269043,7.582159042358398,-0.527569055557251,16.229360580444336,0.0005637576687149704,0.10000000149011612,0.09764999896287918,0.14880000054836273,,,,,,,
245000,49,0.0,1.2050247192382812,-0.11652490496635437,-0.5631474256515503,0.9028852581977844,-0.004862827714532614,0.0,0.09339999407529831,0.1472499966621399,,,,,,,
250000,50,0.10000000149011612,1.2359044551849365,5.499730587005615,-0.508344292640686,12.026037216186523,-0.00031850108643993735,0.10000000149011612,0.09470000118017197,0.15680000185966492,,,,,,,
255000,51,0.0,1.2082934379577637,-0.20472067594528198,-0.6116231083869934,0.823471188545227,-0.004815561696887016,0.0,0.08935000002384186,0.14299999177455902,,,,,,,
260000,52,0.0,1.1628116369247437,0.13346362113952637,-0.3670806288719177,1.0103909969329834,-0.004768574610352516,0.0,0.07164999842643738,0.14364999532699585,,,,,,,
265000,53,0.0,1.1848654747009277,0.037045300006866455,-0.37457114458084106,0.8327118158340454,-0.004722936078906059,0.0,0.07440000027418137,0.14479999244213104,,,,,,,
270000,54,0.0,1.1835979223251343,-0.39098048210144043,-0.8008004426956177,0.829108715057373,-0.004678583238273859,0.0,0.0754999965429306,0.1525000035762787,,,,,,,
275000,55,0.10000000149011612,1.154876708984375,48.85334014892578,0.6858126521110535,96.34429168701172,0.0011681796750053763,0.10000000149011612,0.07259999960660934,0.1501999944448471,,,,,,,
280000,56,0.0,1.1356995105743408,-0.2139539122581482,-0.6641541719436646,0.9094861745834351,-0.004655669443309307,0.0,0.07114999741315842,0.15324999392032623,,,,,,,
285000,57,0.0,1.2105178833007812,0.00032392144203186035,-0.3851349353790283,0.7806018590927124,-0.004614280071109533,0.0,0.08774999529123306,0.1676499992609024,,,,,,,
290000,58,0.0,1.2214057445526123,-0.30124324560165405,-0.7166866064071655,0.8406579494476318,-0.004573976155370474,0.0,0.08879999816417694,0.1821499913930893,,,,,,,
295000,59,0.0,1.1524248123168945,-0.3435404300689697,-0.7464173436164856,0.8149732351303101,-0.004534709267318249,0.0,0.06309999525547028,0.1457500010728836,,,,,,,
300000,60,0.10000000149011612,1.1642287969589233,8.736398696899414,-0.4930545687675476,18.468219757080078,0.0015843975124880672,0.10000000149011612,0.07705000042915344,0.1563500016927719,,,,,,,
305000,61,0.0,1.2232885360717773,-0.17249780893325806,-0.5413950085639954,0.7475807666778564,-0.004518657922744751,0.0,0.07119999825954437,0.17215000092983246,,,,,,,
310000,62,0.10000000149011612,1.1527717113494873,22.76026725769043,-0.24481900036334991,46.01939392089844,0.0005594695685431361,0.10000000149011612,0.0737999975681305,0.1708499938249588,,,,,,,
315000,63,0.10000000149011612,1.1517629623413086,67.16891479492188,-0.04236622154712677,134.43177795410156,-6.024799222359434e-05,0.10000000149011612,0.061149999499320984,0.1577499955892563,,,,,,,
320000,64,0.0,1.1790401935577393,-0.21477794647216797,-0.5607955455780029,0.7014675140380859,-0.004492808133363724,0.0,0.06735000014305115,0.15789999067783356,,,,,,,
325000,65,0.10000000149011612,1.1716318130493164,19.505701065063477,0.25705087184906006,38.50667190551758,0.0007236673263832927,0.10000000149011612,0.0689999982714653,0.17464999854564667,,,,,,,
330000,66,0.0,1.1303749084472656,-0.19078931212425232,-0.5250411629676819,0.6775466799736023,-0.004467588383704424,0.0,0.06504999846220016,0.17399999499320984,,,,,,,
335000,67,0.10000000149011612,1.2113275527954102,5.176202297210693,-0.3798210024833679,11.121737480163574,9.513969416730106e-05,0.10000000149011612,0.0697999969124794,0.15964999794960022,,,,,,,
340000,68,0.0,1.209297776222229,-0.08087295293807983,-0.3627317249774933,0.5733919143676758,-0.004437364172190428,0.0,0.06154999881982803,0.16504999995231628,,,,,,,
345000,69,0.0,1.1568763256072998,-0.2818140983581543,-0.5406244397163391,0.5268757343292236,-0.004404852166771889,0.0,0.06619999557733536,0.1676499992609024,,,,,,,
350000,70,0.0,1.1713217496871948,-0.1595343053340912,-0.4728223383426666,0.6359466314315796,-0.004373044706881046,0.0,0.07124999910593033,0.16899999976158142,,,,,,,
355000,71,0.10000000149011612,1.1307964324951172,5.225164413452148,-0.3310234546661377,11.121421813964844,0.0003356708330102265,0.10000000149011612,0.05819999799132347,0.15504999458789825,,,,,,,
360000,72,0.0,1.2528955936431885,-0.15080702304840088,-0.42346328496932983,0.5553357005119324,-0.004346872679889202,0.0,0.06989999860525131,0.17964999377727509,,,,,,,
365000,73,0.0,1.1207807064056396,-0.33368903398513794,-0.5962967872619629,0.5341817140579224,-0.004316786304116249,0.0,0.06749999523162842,0.16894999146461487,,,,,,,
370000,74,0.0,1.094016194343567,-0.1641453504562378,-0.4328414797782898,0.5461443662643433,-0.004287315998226404,0.0,0.06449999660253525,0.16574999690055847,,,,,,,
375000,75,0.10000000149011612,1.1414952278137207,143.1826171875,0.05872485041618347,286.2569274902344,5.9939575294265524e-05,0.10000000149011612,0.06729999929666519,0.17475000023841858,,,,,,,
380000,76,0.0,1.0870296955108643,-0.3715669810771942,-0.6080071926116943,0.4815766215324402,-0.0042605213820934296,0.0,0.06574999541044235,0.17019999027252197,,,,,,,
385000,77,0.10000000149011612,1.1090893745422363,93.58324432373047,0.5293931365013123,186.1165771484375,0.0055629536509513855,0.10000000149011612,0.061400000005960464,0.16429999470710754,,,,,,,
390000,78,0.0,1.1422743797302246,-0.2371322214603424,-0.49114498496055603,0.5171636939048767,-0.004332156386226416,0.0,0.06340000033378601,0.15399999916553497,,,,,,,
395000,79,0.30000001192092896,1.1069507598876953,23.120113372802734,-0.04897797107696533,46.34703826904297,0.012078496627509594,0.30000001192092896,0.07604999840259552,0.1684499979019165,,,,,,,
400000,80,0.0,1.1132173538208008,-0.2990231513977051,-0.5895521640777588,0.5899637937545776,-0.004392456263303757,0.0,0.08069999516010284,0.1559000015258789,,,,,,,
405000,81,0.30000001192092896,1.1651229858398438,17.577730178833008,0.027434170246124268,35.10991287231445,0.00991814211010933,0.30000001192092896,0.08540000021457672,0.16174998879432678,,,,,,,
410000,82,0.30000001192092896,1.1482281684875488,227.11973571777344,2.238712787628174,449.771240234375,0.014344277791678905,0.30000001192092896,0.09115000069141388,0.1476999968290329,,,,,,,
415000,83,0.10000000149011612,1.1634427309036255,4.1287665367126465,-0.2465185821056366,8.759878158569336,-0.00042216433212161064,0.10000000149011612,0.10130000114440918,0.14839999377727509,,,,,,,
420000,84,0.0,1.090135097503662,-0.42113763093948364,-0.681524395942688,0.5294946432113647,-0.004534414503723383,0.0,0.09404999762773514,0.14334999024868011,,,,,,,
425000,85,0.20000000298023224,1.0938609838485718,14.24613094329834,-0.20100104808807373,28.90301513671875,0.003520871978253126,0.20000000298023224,0.09234999865293503,0.1344500035047531,,,,,,,
430000,86,0.0,1.0735526084899902,-0.11009198427200317,-0.3748621940612793,0.5381288528442383,-0.004530605394393206,0.0,0.10409999638795853,0.1262499988079071,,,,,,,
435000,87,0.0,1.0595227479934692,-0.14677473902702332,-0.45569276809692383,0.626312255859375,-0.004504337906837463,0.0,0.11225000023841858,0.12199999392032623,,,,,,,
440000,88,0.20000000298023224,1.079906940460205,294.5031433105469,1.0287326574325562,586.9574584960938,0.011032619513571262,0.20000000298023224,0.09514999389648438,0.12239999324083328,,,,,,,
445000,89,0.0,1.0835646390914917,-0.3539940118789673,-0.6004242897033691,0.5015290975570679,-0.004603812471032143,0.0,0.13095000386238098,0.12309999763965607,,,,,,,
450000,90,0.30000001192092896,1.1310964822769165,101.01383209228516,0.9833025932312012,200.0701141357422,0.016536112874746323,0.30000001192092896,0.11604999750852585,0.12154999375343323,,,,,,,
455000,91,0.0,1.0343263149261475,-0.11826446652412415,-0.4003066420555115,0.5723589658737183,-0.00473313732072711,0.0,0.1241999939084053,0.11614999920129776,,,,,,,
460000,92,0.20000000298023224,0.9969444870948792,187.15631103515625,0.053308919072151184,374.2139892578125,0.00905133318156004,0.20000000298023224,0.1266999989748001,0.10374999791383743,,,,,,,
465000,93,0.0,1.0403212308883667,-0.1411002278327942,-0.43129962682724,0.5887213945388794,-0.00476678553968668,0.0,0.12209999561309814,0.11294999718666077,,,,,,,
470000,94,0.0,1.0872786045074463,-0.1908007562160492,-0.4767434597015381,0.5805836319923401,-0.0047412230633199215,0.0,0.13814999163150787,0.11319999396800995,,,,,,,
475000,95,0.20000000298023224,1.010840654373169,10.189809799194336,-0.2807358503341675,20.94917869567871,0.004266716074198484,0.20000000298023224,0.14374999701976776,0.10189999639987946,,,,,,,
480000,96,0.0,1.0541731119155884,-0.07885104417800903,-0.345279723405838,0.5412907600402832,-0.0047407750971615314,0.0,0.1505499929189682,0.10949999839067459,,,,,,,
485000,97,0.0,1.0276589393615723,-0.4059240221977234,-0.7026256918907166,0.601624608039856,-0.0047161453403532505,0.0,0.15524999797344208,0.10439999401569366,,,,,,,
490000,98,0.0,1.0096250772476196,-0.21238461136817932,-0.47213050723075867,0.5275688171386719,-0.004691894631832838,0.0,0.14534999430179596,0.09439999610185623,,,,,,,
495000,99,0.0,0.9579622745513916,-0.15698152780532837,-0.42522889375686646,0.5441584587097168,-0.004668013658374548,0.0,0.1586499959230423,0.08585000038146973,,,,,,,
500000,100,0.0,0.9002326726913452,-0.17141962051391602,-0.4575190842151642,0.5794007778167725,-0.004644494503736496,0.0,0.17029999196529388,0.08190000057220459,,,,,,,
505000,101,0.0,0.9351914525032043,-0.3301376700401306,-0.6495282649993896,0.6462627649307251,-0.004621327389031649,0.0,0.16654999554157257,0.08399999886751175,,,,,,,
510000,102,0.0,1.0358060598373413,0.03423106670379639,-0.2292381078004837,0.5352247953414917,-0.00459850300103426,0.0,0.17364999651908875,0.09380000084638596,,,,,,,
515000,103,0.10000000149011612,1.019826889038086,60.86391830444336,0.4284871518611908,120.87902069091797,-0.000302540953271091,0.10000000149011612,0.15805000066757202,0.09484999626874924,,,,,,,
520000,104,0.0,0.9543479681015015,-0.18676748871803284,-0.44657909870147705,0.5272579789161682,-0.004575422499328852,0.0,0.18834999203681946,0.08810000121593475,,,,,,,
525000,105,0.0,0.958533525466919,0.047542691230773926,-0.21705952286720276,0.5368726849555969,-0.004553474951535463,0.0,0.16574999690055847,0.08269999921321869,,,,,,,
530000,106,0.0,0.9528585076332092,-0.23170629143714905,-0.5045933723449707,0.553396999835968,-0.004531840793788433,0.0,0.16384999454021454,0.08424999564886093,,,,,,,
535000,107,0.20000000298023224,0.9604443311691284,240.72085571289062,0.866131067276001,479.7171325683594,0.009365693666040897,0.20000000298023224,0.17604999244213104,0.0783500000834465,,,,,,,
540000,108,0.20000000298023224,0.9414451122283936,330.2240905761719,1.054725170135498,658.3462524414062,0.00531314592808485,0.20000000298023224,0.18549999594688416,0.07954999804496765,,,,,,,
545000,109,0.0,0.9081519842147827,-0.09541285037994385,-0.3930637836456299,0.6025670766830444,-0.004590334836393595,0.0,0.1748500019311905,0.07194999605417252,,,,,,,
550000,110,0.10000000149011612,0.961382269859314,107.88362884521484,0.8586559295654297,214.05763244628906,0.0006554723368026316,0.10000000149011612,0.19539999961853027,0.07409999519586563,,,,,,,
555000,111,0.10000000149011612,0.9827854633331299,284.926513671875,0.328607439994812,569.2036743164062,-0.000436706148320809,0.10000000149011612,0.17739999294281006,0.0802999958395958,,,,,,,
560000,112,0.0,0.9191516637802124,-0.009203493595123291,-0.5834201574325562,1.1557865142822266,-0.004572494421154261,0.0,0.1859000027179718,0.06629999727010727,,,,,,,
565000,113,0.0,0.9718729853630066,0.20622485876083374,-0.5028507709503174,1.4259262084960938,-0.004552124533802271,0.0,0.18539999425411224,0.07169999927282333,,,,,,,
570000,114,0.0,0.9457181692123413,0.16365891695022583,-0.6011489629745483,1.5371814966201782,-0.004532024264335632,0.0,0.17514999210834503,0.06629999727010727,,,,,,,
575000,115,0.10000000149011612,0.8153218030929565,8.544634819030762,-0.22732171416282654,17.55043601989746,0.0008130607311613858,0.10000000149011612,0.17104999721050262,0.0568000003695488,,,,,,,
580000,116,0.10000000149011612,0.8778046369552612,540.0067749023438,1.0532981157302856,1077.9139404296875,0.0024079338181763887,0.10000000149011612,0.19415000081062317,0.06509999930858612,,,,,,,
585000,117,0.10000000149011612,0.9070995450019836,312.5830078125,0.0051429420709609985,625.1629638671875,0.0003729799063876271,0.10000000149011612,0.15389999747276306,0.06849999725818634,,,,,,,
590000,118,0.20000000298023224,0.8249139785766602,113.71167755126953,0.1436905860900879,227.142578125,0.00496442336589098,0.20000000298023224,0.17329999804496765,0.05624999850988388,,,,,,,
595000,119,0.0,0.8107280731201172,0.0269889235496521,-0.7040301561355591,1.4685239791870117,-0.004556265659630299,0.0,0.178849995136261,0.06004999950528145,,,,,,,
600000,120,0.0,0.8154460191726685,0.12122535705566406,-0.5941183567047119,1.437211036682129,-0.004537160042673349,0.0,0.16369999945163727,0.05570000037550926,,,,,,,
605000,121,0.0,0.7696013450622559,0.02574324607849121,-0.6679444909095764,1.3935322761535645,-0.004518291912972927,0.0,0.16009999811649323,0.05444999784231186,,,,,,,
610000,122,0.0,0.7656885981559753,0.13374876976013184,-0.5493223071098328,1.3722676038742065,-0.004499657545238733,0.0,0.1579499989748001,0.049550000578165054,,,,,,,
615000,123,0.0,0.8585216999053955,0.012410521507263184,-0.5803031921386719,1.1922955513000488,-0.00448125135153532,0.0,0.17144998908042908,0.05704999715089798,,,,,,,
620000,124,0.0,0.8186306953430176,-0.2134608030319214,-0.7201560735702515,1.0199395418167114,-0.00446306960657239,0.0,0.15079998970031738,0.05874999985098839,,,,,,,
625000,125,0.0,0.7642507553100586,-0.12644529342651367,-0.641849935054779,1.0369232892990112,-0.004445107653737068,0.0,0.15254999697208405,0.052400000393390656,,,,,,,
630000,126,0.0,0.7736445665359497,-0.3987017273902893,-0.9772078394889832,1.1632013320922852,-0.004427359439432621,0.0,0.15529999136924744,0.05609999969601631,,,,,,,
635000,127,0.10000000149011612,0.7932991981506348,15.964508056640625,-0.7512533068656921,33.437870025634766,0.0044562313705682755,0.10000000149011612,0.14810000360012054,0.05309999734163284,,,,,,,
640000,128,0.10000000149011612,0.8223662376403809,4.905236721038818,-0.7057602405548096,11.228572845458984,0.00031961535569280386,0.10000000149011612,0.15034998953342438,0.05664999783039093,,,,,,,
645000,129,0.0,0.8497728109359741,-0.3950260281562805,-0.9205716848373413,1.057889461517334,-0.004435580223798752,0.0,0.14019998908042908,0.06159999966621399,,,,,,,
650000,130,0.0,0.791445255279541,-0.3619564175605774,-0.9178388118743896,1.1180963516235352,-0.0044184192083776,0.0,0.1347000002861023,0.061400000005960464,,,,,,,
655000,131,0.10000000149011612,0.7159764766693115,48.4194450378418,-0.12600061297416687,97.09661865234375,0.0012844891753047705,0.10000000149011612,0.13519999384880066,0.05419999733567238,,,,,,,
660000,132,0.10000000149011612,0.7339173555374146,5.842751979827881,-0.6756188869476318,13.04261302947998,0.0008052141056396067,0.10000000149011612,0.1293499916791916,0.05299999937415123,,,,,,,
665000,133,0.10000000149011612,0.7555011510848999,34.87767028808594,-0.37451788783073425,70.51042175292969,0.0008252236875705421,0.10000000149011612,0.13934999704360962,0.054649997502565384,,,,,,,
670000,134,0.10000000149011612,0.7837841510772705,109.5245132446289,-0.604489803314209,220.2642822265625,0.0004486184916459024,0.10000000149011612,0.11284999549388885,0.06109999865293503,,,,,,,
675000,135,0.0,0.7461675405502319,-0.08393219113349915,-0.5801867246627808,0.998478353023529,-0.004418340045958757,0.0,0.12974999845027924,0.05874999985098839,,,,,,,
680000,136,0.0,0.8217669725418091,-0.01690685749053955,-0.517462968826294,1.0076863765716553,-0.004402004182338715,0.0,0.11779999732971191,0.06199999898672104,,,,,,,
685000,137,0.0,0.7460892200469971,0.19424715638160706,-0.3439478576183319,1.082358717918396,-0.004385847598314285,0.0,0.117249995470047,0.058399997651576996,,,,,,,
690000,138,0.20000000298023224,0.8257080912590027,129.1612091064453,0.5406081676483154,257.247802734375,0.006794268731027842,0.20000000298023224,0.12325000017881393,0.06255000084638596,,,,,,,
695000,139,0.20000000298023224,0.7603753805160522,150.76577758789062,-0.07707063853740692,301.6917724609375,0.004933495074510574,0.20000000298023224,0.11364999413490295,0.0575999990105629,,,,,,,
700000,140,0.10000000149011612,0.7767932415008545,78.89590454101562,-0.038851410150527954,157.875732421875,0.0002341823565075174,0.10000000149011612,0.11394999921321869,0.05419999733567238,,,,,,,
705000,141,0.0,0.7132198810577393,0.1723611056804657,-0.40111052989959717,1.1526490449905396,-0.004417288117110729,0.0,0.09719999879598618,0.06019999831914902,,,,,,,
710000,142,0.20000000298023224,0.7872321605682373,311.8981018066406,0.7644426822662354,622.2736206054688,0.013581769540905952,0.20000000298023224,0.09584999829530716,0.060349997133016586,,,,,,,
715000,143,0.0,0.7591047883033752,-0.032313525676727295,-0.5304062962532043,1.0022584199905396,-0.004496920853853226,0.0,0.1021999940276146,0.05920000001788139,,,,,,,
720000,144,0.10000000149011612,0.7683653831481934,70.56079864501953,-0.6364722847938538,142.40069580078125,0.00023575725208502263,0.10000000149011612,0.10279999673366547,0.05484999716281891,,,,,,,
725000,145,0.20000000298023224,0.7778578400611877,131.12416076660156,0.39828675985336304,261.4579772949219,0.007741126697510481,0.20000000298023224,0.1103999987244606,0.05139999836683273,,,,,,,
730000,146,0.20000000298023224,0.7459418773651123,74.71993255615234,-0.5748618841171265,150.59555053710938,0.005060944240540266,0.20000000298023224,0.12449999898672104,0.04944999888539314,,,,,,,
735000,147,0.30000001192092896,0.7189147472381592,445.0410461425781,2.7727432250976562,884.5423583984375,0.018005963414907455,0.30000001192092896,0.11679999530315399,0.04439999908208847,,,,,,,
740000,148,0.10000000149011612,0.7926872968673706,4.24901008605957,-0.711315393447876,9.926992416381836,-0.0003598905459512025,0.10000000149011612,0.10064999759197235,0.057099997997283936,,,,,,,
745000,149,0.20000000298023224,0.7673258781433105,15.265098571777344,-0.48780855536460876,31.511953353881836,0.006476603448390961,0.20000000298023224,0.10534999519586563,0.05570000037550926,,,,,,,
750000,150,0.0,0.8371402621269226,-0.5833562612533569,-1.0627785921096802,0.9655418395996094,-0.004662444815039635,0.0,0.09804999828338623,0.06324999779462814,,,,,,,
755000,151,0.10000000149011612,0.7780689597129822,3.8510351181030273,-0.7663978934288025,9.241090774536133,-0.0005111282225698233,0.10000000149011612,0.09884999692440033,0.060750000178813934,,,,,,,
760000,152,0.0,0.8069056868553162,-0.4350928068161011,-0.8882704973220825,0.9128106832504272,-0.004645584616810083,0.0,0.10049999505281448,0.06674999743700027,,,,,,,
765000,153,0.10000000149011612,0.8202637434005737,8.416318893432617,-0.662270188331604,18.163740158081055,-0.0006608425173908472,0.10000000149011612,0.10379999876022339,0.07244999706745148,,,,,,,
770000,154,0.0,0.8181877136230469,-0.2844873070716858,-0.7447714805603027,0.9271138906478882,-0.0046285283751785755,0.0,0.10599999874830246,0.0693499967455864,,,,,,,
775000,155,0.10000000149011612,0.7635384202003479,5.187409400939941,-0.4401214122772217,11.261170387268066,0.00027941129519604146,0.10000000149011612,0.10884999483823776,0.07180000096559525,,,,,,,
780000,156,0.0,0.8514589071273804,-0.08270108699798584,-0.5531749129295349,0.9477592706680298,-0.004615043289959431,0.0,0.10239999741315842,0.07809999585151672,,,,,,,
785000,157,0.0,0.8105460405349731,-0.12528032064437866,-0.5708422660827637,0.8976082801818848,-0.004600272513926029,0.0,0.0929500013589859,0.08049999922513962,,,,,,,
790000,158,0.30000001192092896,0.8356661200523376,89.30894470214844,0.2733052968978882,178.0779571533203,0.008709716610610485,0.30000001192092896,0.09290000051259995,0.08779999613761902,,,,,,,
795000,159,0.10000000149011612,0.8573528528213501,4.508690357208252,-0.15723994374275208,9.338719367980957,-0.0005630573141388595,0.10000000149011612,0.08940000087022781,0.08339999616146088,,,,,,,
800000,160,0.10000000149011612,0.8105318546295166,5.666925430297852,-0.17028111219406128,11.68089771270752,0.00036895141238346696,0.10000000149011612,0.08554999530315399,0.08214999735355377,,,,,,,
805000,161,0.10000000149011612,0.7897469997406006,101.43484497070312,0.21026676893234253,202.45547485351562,0.005411256104707718,0.10000000149011612,0.08159999549388885,0.08309999853372574,,,,,,,
810000,162,0.4000000059604645,0.8241075873374939,89.12008666992188,0.4257294833660126,177.3953094482422,0.012146898545324802,0.4000000059604645,0.09314999729394913,0.08304999768733978,,,,,,,
815000,163,0.10000000149011612,0.7460078001022339,3.7681798934936523,-0.35311034321784973,8.24854850769043,-0.0008693190175108612,0.10000000149011612,0.08489999920129776,0.08179999887943268,,,,,,,
820000,164,0.10000000149011612,0.852371335029602,2.9867990016937256,-0.24733325839042664,6.475083351135254,-0.0009941929019987583,0.10000000149011612,0.09984999895095825,0.08639999479055405,,,,,,,
825000,165,0.20000000298023224,0.8115549087524414,738.2047729492188,0.5696543455123901,1475.2767333984375,0.00891015212982893,0.20000000298023224,0.10119999945163727,0.0771000012755394,,,,,,,
830000,166,0.10000000149011612,0.8066107034683228,2.6431939601898193,-0.4343511164188385,6.161542892456055,-0.0011086995946243405,0.10000000149011612,0.10314999520778656,0.08184999972581863,,,,,,,
835000,167,0.0,0.8369958400726318,-0.18998593091964722,-0.5614227056503296,0.7495695352554321,-0.004697110503911972,0.0,0.10199999809265137,0.07530000060796738,,,,,,,
840000,168,0.10000000149011612,0.7689088582992554,3.404170513153076,-0.3940761089324951,7.602644443511963,-0.000679033633787185,0.10000000149011612,0.10884999483823776,0.06929999589920044,,,,,,,
845000,169,0.20000000298023224,0.7702634334564209,57.335811614990234,0.10056803375482559,114.47664642333984,0.00959555059671402,0.20000000298023224,0.1091499999165535,0.07620000094175339,,,,,,,
850000,170,0.10000000149011612,0.7946604490280151,17.870264053344727,-0.28780779242515564,36.32250213623047,-0.0008401322993449867,0.10000000149011612,0.10539999604225159,0.07154999673366547,,,,,,,
855000,171,0.10000000149011612,0.8503501415252686,69.45833587646484,0.3463471233844757,138.23077392578125,0.0017966731684282422,0.10000000149011612,0.10875000059604645,0.0762999951839447,,,,,,,
860000,172,0.30000001192092896,0.7184233069419861,465.9820861816406,0.3261491656303406,931.317626953125,0.010735799558460712,0.30000001192092896,0.1197500005364418,0.06664999574422836,,,,,,,
865000,173,0.10000000149011612,0.7829797863960266,63.48796844482422,0.1895323395729065,126.60313415527344,0.005629231687635183,0.10000000149011612,0.10614999383687973,0.0693499967455864,,,,,,,
870000,174,0.0,0.7224363088607788,0.14810284972190857,-0.29661113023757935,0.8952074646949768,-0.004773755092173815,0.0,0.11364999413490295,0.0616999976336956,,,,,,,
875000,175,0.10000000149011612,0.727746844291687,74.39898681640625,0.2588067054748535,148.2861785888672,0.0012600078480318189,0.10000000149011612,0.1123499944806099,0.06059999763965607,,,,,,,
880000,176,0.10000000149011612,0.764066755771637,54.36255645751953,-0.044798970222473145,108.8208236694336,0.0037857252173125744,0.10000000149011612,0.11219999939203262,0.059699997305870056,,,,,,,
885000,177,0.0,0.7687792778015137,0.19256740808486938,-0.3048350214958191,1.0009551048278809,-0.004777716007083654,0.0,0.12204999476671219,0.056199997663497925,,,,,,,
890000,178,0.0,0.7897231578826904,0.03155365586280823,-0.4056679308414459,0.8807609677314758,-0.004764237906783819,0.0,0.12725000083446503,0.05700000002980232,,,,,,,
895000,179,0.10000000149011612,0.7308616638183594,57.25822448730469,-0.232456237077713,114.9872055053711,0.0038449519779533148,0.10000000149011612,0.12064999341964722,0.04544999822974205,,,,,,,
900000,180,0.10000000149011612,0.7197669744491577,26.20713233947754,-0.13869795203208923,52.697418212890625,-0.0011426372220739722,0.10000000149011612,0.13259999454021454,0.04749999940395355,,,,,,,
905000,181,0.20000000298023224,0.7448968887329102,111.27501678466797,0.3293830156326294,221.89723205566406,0.004424897953867912,0.20000000298023224,0.14464999735355377,0.04625000059604645,,,,,,,
910000,182,0.20000000298023224,0.781801164150238,287.1280822753906,0.8540453910827637,572.5543212890625,0.013410071842372417,0.20000000298023224,0.14479999244213104,0.04774999991059303,,,,,,,
915000,183,0.10000000149011612,0.7644830942153931,37.66010665893555,-0.2644626498222351,75.85525512695312,0.003888804232701659,0.10000000149011612,0.1630999892950058,0.04479999840259552,,,,,,,
920000,184,0.30000001192092896,0.7604842782020569,95.2315673828125,-0.08455175161361694,190.63832092285156,0.010285284370183945,0.30000001192092896,0.15314999222755432,0.04050000011920929,,,,,,,
925000,185,0.10000000149011612,0.731051504611969,97.74058532714844,-0.25442343950271606,195.99586486816406,-5.346145553630777e-05,0.10000000149011612,0.15664999186992645,0.03720000013709068,,,,,,,
930000,186,0.30000001192092896,0.7350977659225464,192.1621551513672,0.15623021125793457,384.0177307128906,0.023637671023607254,0.30000001192092896,0.1817999929189682,0.03684999793767929,,,,,,,
935000,187,0.0,0.6962168216705322,-0.15144133567810059,-0.629228413105011,0.9611438512802124,-0.004967628978192806,0.0,0.16740000247955322,0.03384999930858612,,,,,,,
940000,188,0.0,0.6877625584602356,-0.19593402743339539,-0.638381838798523,0.8903977274894714,-0.004954362288117409,0.0,0.18729999661445618,0.032899998128414154,,,,,,,
945000,189,0.0,0.7176817655563354,-0.0914497971534729,-0.6453608274459839,1.1135635375976562,-0.004941202234476805,0.0,0.1790499985218048,0.0340999998152256,,,,,,,
950000,190,0.10000000149011612,0.6893219351768494,51.49271011352539,-0.2914988398551941,103.57392883300781,0.003953219391405582,0.10000000149011612,0.1890999972820282,0.030150000005960464,,,,,,,
955000,191,0.10000000149011612,0.6570761203765869,37.28044891357422,-0.4465656280517578,75.45928192138672,-0.0009650409338064492,0.10000000149011612,0.19994999468326569,0.02824999950826168,,,,,,,
960000,192,0.0,0.6870459318161011,-0.02956676483154297,-0.5351932644844055,1.016749382019043,-0.004938628990203142,0.0,0.19304999709129333,0.026649998500943184,,,,,,,
965000,193,0.20000000298023224,0.6872040629386902,389.73638916015625,1.0052744150161743,777.4677124023438,0.010681589134037495,0.20000000298023224,0.20134998857975006,0.02604999952018261,,,,,,,
970000,194,0.0,0.7006734013557434,0.019154727458953857,-0.44211262464523315,0.9281401038169861,-0.004958736710250378,0.0,0.1915999948978424,0.027549998834729195,,,,,,,
975000,195,0.0,0.7062578201293945,-0.1273648738861084,-0.6276419162750244,1.0062041282653809,-0.004945970606058836,0.0,0.20559999346733093,0.027799999341368675,,,,,,,
980000,196,0.0,0.7223058938980103,-0.17440563440322876,-0.6131110191345215,0.8831892013549805,-0.004933302756398916,0.0,0.22909998893737793,0.029749998822808266,,,,,,,
985000,197,0.10000000149011612,0.7024520635604858,44.79679489135742,-0.4651779532432556,90.5295639038086,0.00029716320568695664,0.10000000149011612,0.20469999313354492,0.026649998500943184,,,,,,,
990000,198,0.0,0.6570109128952026,-0.25211822986602783,-0.7880947589874268,1.0772091150283813,-0.0049219075590372086,0.0,0.2153499871492386,0.025999998673796654,,,,,,,
995000,199,0.10000000149011612,0.6855179071426392,193.4540557861328,0.33248135447502136,386.2486267089844,0.002964918501675129,0.10000000149011612,0.22579999268054962,0.02709999866783619,,,,,,,
1000000,200,0.0,0.6916612386703491,-0.1974988579750061,-0.612687885761261,0.8359113931655884,-0.004918381106108427,0.0,0.2260499894618988,0.02459999918937683,,,,,,,
1005000,201,0.0,0.7054097652435303,-0.1508544683456421,-0.6083210706710815,0.9205764532089233,-0.004906098358333111,0.0,0.21519999206066132,0.02539999969303608,,,,,,,
1010000,202,0.10000000149011612,0.6852566003799438,38.87842559814453,-0.42584463953971863,78.61402130126953,-0.0003261842648498714,0.10000000149011612,0.2365499883890152,0.02449999935925007,,,,,,,
1015000,203,0.10000000149011612,0.6854511499404907,19.848236083984375,-0.2656032145023346,40.23316192626953,-0.0007972345338203013,0.10000000149011612,0.2219499945640564,0.025299999862909317,,,,,,,
1020000,204,0.0,0.708103358745575,-0.04400080442428589,-0.4029984176158905,0.7236600518226624,-0.004891650751233101,0.0,0.22929999232292175,0.025999998673796654,,,,,,,
1025000,205,0.30000001192092896,0.7157676815986633,214.7600860595703,0.7365456223487854,428.05279541015625,0.008977599442005157,0.30000001192092896,0.23964999616146088,0.02630000002682209,,,,,,,
1030000,206,0.10000000149011612,0.7163947820663452,20.67430877685547,0.04061073809862137,41.273128509521484,-0.0012369283940643072,0.10000000149011612,0.2602999806404114,0.027449999004602432,,,,,,,
1035000,207,0.20000000298023224,0.6838068962097168,61.994468688964844,0.10319088399410248,123.78802490234375,0.008200760930776596,0.20000000298023224,0.24489998817443848,0.02159999869763851,,,,,,,
1040000,208,0.0,0.7331739068031311,0.2872462570667267,-0.4693060517311096,1.518970012664795,-0.004921121057122946,0.0,0.21529999375343323,0.02449999935925007,,,,,,,
1045000,209,0.20000000298023224,0.7279175519943237,62.288875579833984,0.8781538605690002,122.8272705078125,0.004427262116223574,0.20000000298023224,0.22679999470710754,0.027249999344348907,,,,,,,
1050000,210,0.30000001192092896,0.7010989785194397,1239.32080078125,2.6653378009796143,2473.316650390625,0.020587081089615822,0.30000001192092896,0.21539999544620514,0.02355000004172325,,,,,,,
1055000,211,0.10000000149011612,0.6941685676574707,34.1091423034668,-0.04905681312084198,68.32195281982422,-0.0005127654876559973,0.10000000149011612,0.25665000081062317,0.021199999377131462,,,,,,,
1060000,212,0.10000000149011612,0.6682778000831604,11.90578842163086,-0.4492257237434387,24.715373992919922,-0.000493509869556874,0.10000000149011612,0.25279998779296875,0.020899999886751175,,,,,,,
1065000,213,0.0,0.5860477685928345,-0.033563464879989624,-0.4949464797973633,0.92745441198349,-0.00500656059011817,0.0,0.28859999775886536,0.017749998718500137,,,,,,,
1070000,214,0.0,0.5943596959114075,-0.04864990711212158,-0.6088533401489258,1.1251617670059204,-0.004994821269065142,0.0,0.31575000286102295,0.01614999957382679,,,,,,,
1075000,215,0.10000000149011612,0.5376336574554443,4.804139137268066,-0.47036391496658325,10.55330753326416,-0.0013252927456051111,0.10000000149011612,0.31244999170303345,0.015399999916553497,,,,,,,
1080000,216,0.10000000149011612,0.5957751274108887,147.6439666748047,-0.08932465314865112,295.4713439941406,0.000818026892375201,0.10000000149011612,0.3084000051021576,0.01640000008046627,,,,,,,
1085000,217,0.0,0.534583330154419,-0.1988060176372528,-0.5707634687423706,0.7481915354728699,-0.004982579965144396,0.0,0.3538999855518341,0.012399999424815178,,,,,,,
1090000,218,0.20000000298023224,0.5543223023414612,34.09424591064453,-0.33337095379829407,68.85966491699219,0.007391303777694702,0.20000000298023224,0.33709999918937683,0.01575000025331974,,,,,,,
1095000,219,0.10000000149011612,0.5694525241851807,207.35940551757812,0.0873255729675293,414.5487060546875,0.0067021469585597515,0.10000000149011612,0.34665000438690186,0.017099998891353607,,,,,,,
1100000,220,0.10000000149011612,0.5720527172088623,171.66085815429688,-0.17068572342395782,343.66766357421875,0.004530248697847128,0.10000000149011612,0.34174999594688416,0.015199999324977398,,,,,,,
1105000,221,0.30000001192092896,0.5212785005569458,493.235595703125,1.2669044733047485,983.9415283203125,0.016394304111599922,0.30000001192092896,0.3553999960422516,0.013049999251961708,,,,,,,
1110000,222,0.0,0.5722041130065918,-0.18987244367599487,-0.6264960765838623,0.8778249025344849,-0.005062513053417206,0.0,0.3480999767780304,0.013749999925494194,,,,,,,
1115000,223,0.0,0.5507147312164307,-0.12082213163375854,-0.5610898733139038,0.8849412202835083,-0.005051123909652233,0.0,0.3698999881744385,0.015149999409914017,,,,,,,
1120000,224,0.20000000298023224,0.5566954612731934,107.6548080444336,0.14888495206832886,215.01629638671875,0.005906149744987488,0.20000000298023224,0.3795499801635742,0.013899999670684338,,,,,,,
1125000,225,0.10000000149011612,0.520703911781311,298.1058349609375,0.06004032492637634,596.0957641601562,0.011669204570353031,0.10000000149011612,0.3644999861717224,0.01205000001937151,,,,,,,
1130000,226,0.0,0.54549241065979,-0.21223440766334534,-0.6387289762496948,0.8573530316352844,-0.005116927903145552,0.0,0.3777499794960022,0.014349999837577343,,,,,,,
1135000,227,0.0,0.5374796390533447,-0.0704507827758789,-0.5348678231239319,0.9331339597702026,-0.005105620250105858,0.0,0.3840499818325043,0.01334999967366457,,,,,,,
1140000,228,0.10000000149011612,0.5606537461280823,349.5303039550781,0.47432202100753784,698.116455078125,0.01170194149017334,0.10000000149011612,0.37939998507499695,0.01269999984651804,,,,,,,
1145000,229,0.0,0.5460503697395325,-0.23799586296081543,-0.6768379807472229,0.8820526599884033,-0.00515716103836894,0.0,0.39010000228881836,0.013499999418854713,,,,,,,
1150000,230,0.0,0.552086591720581,-0.10945311188697815,-0.5789387226104736,0.9433879256248474,-0.005145909730345011,0.0,0.3904999792575836,0.012449999339878559,,,,,,,
1155000,231,0.0,0.5712676048278809,0.13104641437530518,-0.43880319595336914,1.144269347190857,-0.005134736653417349,0.0,0.38109999895095825,0.012649999931454659,,,,,,,
1160000,232,0.10000000149011612,0.568500280380249,126.984130859375,0.2795301675796509,253.4137420654297,-0.0010031441925093532,0.10000000149011612,0.34540000557899475,0.012849999591708183,,,,,,,
1165000,233,0.0,0.5929856300354004,-0.12598010897636414,-0.5879345536231995,0.928652822971344,-0.005121626891195774,0.0,0.37950000166893005,0.013299999758601189,,,,,,,
1170000,234,0.0,0.5877522826194763,0.06874653697013855,-0.473869264125824,1.0899336338043213,-0.005110646598041058,0.0,0.3718999922275543,0.00969999935477972,,,,,,,
1175000,235,0.0,0.6057947278022766,-0.11623269319534302,-0.6893697381019592,1.1511204242706299,-0.0050997426733374596,0.0,0.3438499867916107,0.013599999248981476,,,,,,,
1180000,236,0.10000000149011612,0.6249185800552368,177.66781616210938,-0.16129088401794434,355.6632080078125,0.012019920162856579,0.10000000149011612,0.3422499895095825,0.013049999251961708,,,,,,,
1185000,237,0.10000000149011612,0.6449941396713257,163.00341796875,-0.007057890295982361,326.026123046875,0.004751239437609911,0.10000000149011612,0.33994999527931213,0.013650000095367432,,,,,,,
1190000,238,0.10000000149011612,0.6659809350967407,63.8978157043457,-0.3244505226612091,128.44985961914062,0.00252721318975091,0.10000000149011612,0.33034998178482056,0.014449999667704105,,,,,,,
1195000,239,0.0,0.7178199887275696,-0.41849979758262634,-0.7792429327964783,0.7272288203239441,-0.00516925472766161,0.0,0.3118000030517578,0.013399999588727951,,,,,,,
1200000,240,0.0,0.6453824043273926,-0.42159879207611084,-0.7843263745307922,0.7306182384490967,-0.005158449988812208,0.0,0.3168500065803528,0.012999999336898327,,,,,,,
1205000,241,0.10000000149011612,0.6992620229721069,351.0654296875,0.8579217195510864,700.4205932617188,0.012144110165536404,0.10000000149011612,0.3195499777793884,0.013100000098347664,,,,,,,
1210000,242,0.0,0.6934691071510315,-0.34805476665496826,-0.7435147166252136,0.796467661857605,-0.005208960734307766,0.0,0.3181000053882599,0.012249999679625034,,,,,,,
1215000,243,0.0,0.7453322410583496,-0.40221476554870605,-0.8464184403419495,0.8943699598312378,-0.005198210943490267,0.0,0.3254999816417694,0.014800000004470348,,,,,,,
1220000,244,0.10000000149011612,0.7071263194084167,7.934456825256348,-0.6091474294662476,17.092864990234375,-0.00095887336647138,0.10000000149011612,0.3321000039577484,0.013599999248981476,,,,,,,
1225000,245,0.0,0.7276890277862549,-0.3459068536758423,-0.751001238822937,0.8160102367401123,-0.00518570514395833,0.0,0.3121500015258789,0.012600000016391277,,,,,,,
1230000,246,0.0,0.7382799386978149,-0.12127998471260071,-0.5363911986351013,0.8361286520957947,-0.005175136961042881,0.0,0.3166999816894531,0.013799999840557575,,,,,,,
1235000,247,0.10000000149011612,0.7225956916809082,11.006633758544922,-0.17721381783485413,22.373476028442383,-0.0004732089873868972,0.10000000149011612,0.3095499873161316,0.012649999931454659,,,,,,,
1240000,248,0.0,0.716188907623291,-0.09429857134819031,-0.48350048065185547,0.7841333150863647,-0.005163852591067553,0.0,0.3251499831676483,0.01145000010728836,,,,,,,
1245000,249,0.10000000149011612,0.7461466789245605,223.31390380859375,1.0641326904296875,444.5055236816406,0.007279980927705765,0.10000000149011612,0.3360999822616577,0.011599999852478504,,,,,,,
1250000,250,0.20000000298023224,0.7314794063568115,323.4416198730469,1.5318230390548706,643.825439453125,0.0030197929590940475,0.20000000298023224,0.31454998254776,0.011099999770522118,,,,,,,
1255000,251,0.20000000298023224,0.7372577786445618,197.31112670898438,1.856309413909912,390.91552734375,0.0035454367753118277,0.20000000298023224,0.3130500018596649,0.011500000022351742,,,,,,,
1260000,252,0.20000000298023224,0.7388023138046265,99.99077606201172,0.12118987739086151,199.74508666992188,0.009553816169500351,0.20000000298023224,0.2635499835014343,0.01209999993443489,,,,,,,
1265000,253,0.10000000149011612,0.736116886138916,15.50096321105957,-0.2485751062631607,31.50496482849121,0.0006990142865106463,0.10000000149011612,0.25619998574256897,0.011299999430775642,,,,,,,
1270000,254,0.10000000149011612,0.7440347075462341,43.0347785949707,-0.035711660981178284,86.14693450927734,0.0027402800042182207,0.10000000149011612,0.2361999899148941,0.011749999597668648,,,,,,,
1275000,255,0.0,0.6869790554046631,-0.1333206295967102,-0.39810502529144287,0.5350646376609802,-0.005214845295995474,0.0,0.22179999947547913,0.012399999424815178,,,,,,,
1280000,256,0.10000000149011612,0.659152626991272,285.0384216308594,1.4161385297775269,567.2498168945312,0.012628749012947083,0.10000000149011612,0.203249990940094,0.009599999524652958,,,,,,,
1285000,257,0.10000000149011612,0.6199216246604919,292.0147399902344,0.642673134803772,582.7490844726562,0.00038544367998838425,0.10000000149011612,0.1740499883890152,0.010849999263882637,,,,,,,
1290000,258,0.0,0.6545994281768799,-0.17508643865585327,-0.39077228307724,0.4366084933280945,-0.005265324376523495,0.0,0.19505000114440918,0.012249999679625034,,,,,,,
1295000,259,0.0,0.5855780839920044,-0.1380508840084076,-0.34168729186058044,0.41195744276046753,-0.0052551329135894775,0.0,0.14959999918937683,0.011899999342858791,,,,,,,
1300000,260,0.0,0.591569185256958,-0.1611281931400299,-0.4071847200393677,0.4968456029891968,-0.005244989413768053,0.0,0.16939999163150787,0.011749999597668648,,,,,,,
1305000,261,0.0,0.5785079598426819,-0.007082223892211914,-0.3261653184890747,0.6427942514419556,-0.00523492181673646,0.0,0.16064999997615814,0.011699999682605267,,,,,,,
1310000,262,0.0,0.5941829085350037,0.05772906541824341,-0.19512280821800232,0.5104572176933289,-0.005224888678640127,0.0,0.1594499945640564,0.010699999518692493,,,,,,,
1315000,263,0.20000000298023224,0.5808085203170776,485.2097473144531,2.4125516414642334,965.5990600585938,0.018093183636665344,0.20000000298023224,0.16714999079704285,0.013899999670684338,,,,,,,
1320000,264,0.10000000149011612,0.5085783004760742,6.479541301727295,-0.4179132282733917,13.798977851867676,-5.6714248785283417e-05,0.10000000149011612,0.15414999425411224,0.009850000031292439,,,,,,,
1325000,265,0.0,0.5791725516319275,-0.18579590320587158,-0.4487078785896301,0.5304573178291321,-0.005284176208078861,0.0,0.15459999442100525,0.012550000101327896,,,,,,,
1330000,266,0.0,0.513640284538269,-0.2156999707221985,-0.47146862745285034,0.5156464576721191,-0.00527421897277236,0.0,0.16839998960494995,0.011949999257922173,,,,,,,
1335000,267,0.0,0.518264651298523,-0.1745280623435974,-0.5421137809753418,0.7393175363540649,-0.005264307837933302,0.0,0.15884999930858612,0.014399999752640724,,,,,,,
1340000,268,0.0,0.49797171354293823,-0.3794618844985962,-0.6494299173355103,0.5439198017120361,-0.005254463292658329,0.0,0.17395000159740448,0.012299999594688416,,,,,,,
1345000,269,0.0,0.4728070795536041,-0.2136879861354828,-0.46344590187072754,0.503298282623291,-0.005244661588221788,0.0,0.14059999585151672,0.012399999424815178,,,,,,,
1350000,270,0.0,0.5102018713951111,-0.29054200649261475,-0.5185794830322266,0.46015655994415283,-0.005234925542026758,0.0,0.17315000295639038,0.012550000101327896,,,,,,,
1355000,271,0.10000000149011612,0.5156298279762268,693.7346801757812,1.8127834796905518,1383.847900390625,0.013159981928765774,0.10000000149011612,0.15389999747276306,0.012649999931454659,,,,,,,
1360000,272,0.0,0.5279243588447571,-0.2064901888370514,-0.4959877133369446,0.5832184553146362,-0.005283429753035307,0.0,0.171549990773201,0.013299999758601189,,,,,,,
1365000,273,0.0,0.4854547381401062,-0.1528569757938385,-0.4311990737915039,0.5605678558349609,-0.0052737281657755375,0.0,0.17624999582767487,0.009999999776482582,,,,,,,
1370000,274,0.20000000298023224,0.5041425824165344,203.66567993164062,0.5554193258285522,406.22454833984375,0.012572317384183407,0.20000000298023224,0.16014999151229858,0.012000000104308128,,,,,,,
1375000,275,0.0,0.49949729442596436,-0.04530292749404907,-0.407728374004364,0.7288468480110168,-0.005291291046887636,0.0,0.1673000007867813,0.012799999676644802,,,,,,,
1380000,276,0.0,0.5651637315750122,-0.14629963040351868,-0.4057881236076355,0.5234982967376709,-0.00528167886659503,0.0,0.1492999941110611,0.015949999913573265,,,,,,,
1385000,277,0.0,0.5634481906890869,-0.0032080411911010742,-0.28150373697280884,0.5610989928245544,-0.005272118840366602,0.0,0.15349999070167542,0.01205000001937151,,,,,,,
1390000,278,0.10000000149011612,0.5848912000656128,65.43037414550781,0.0336589515209198,130.79811096191406,0.004028195049613714,0.10000000149011612,0.16820000112056732,0.01489999983459711,,,,,,,
1395000,279,0.0,0.5429496765136719,-0.03179919719696045,-0.2879175543785095,0.5165802836418152,-0.005271106027066708,0.0,0.1605999916791916,0.013150000013411045,,,,,,,
1400000,280,0.0,0.5461134314537048,0.2085193395614624,-0.08652935177087784,0.5944662690162659,-0.005261657293885946,0.0,0.16509999334812164,0.012000000104308128,,,,,,,
1405000,281,0.0,0.5795170068740845,0.05837008357048035,-0.21654082834720612,0.55445796251297,-0.005252277944236994,0.0,0.17289999127388,0.014399999752640724,,,,,,,
1410000,282,0.10000000149011612,0.5582879781723022,77.30097961425781,1.0585241317749023,152.4893798828125,-0.00023909301671665162,0.10000000149011612,0.15219999849796295,0.013100000098347664,,,,,,,
1415000,283,0.0,0.5069625377655029,0.32685354351997375,0.0018123835325241089,0.6541380286216736,-0.00524270161986351,0.0,0.17970000207424164,0.011249999515712261,,,,,,,
1420000,284,0.10000000149011612,0.5411819219589233,104.83887481689453,0.1287280023097992,209.42462158203125,-0.0003812408249359578,0.10000000149011612,0.14444999396800995,0.012299999594688416,,,,,,,
1425000,285,0.10000000149011612,0.6249462962150574,145.96690368652344,0.5207928419113159,290.897216796875,0.005653343629091978,0.10000000149011612,0.14784999191761017,0.013799999840557575,,,,,,,
1430000,286,0.0,0.5956304669380188,-0.048053205013275146,-0.3559873104095459,0.6206332445144653,-0.005244800820946693,0.0,0.13339999318122864,0.013849999755620956,,,,,,,
1435000,287,0.0,0.6208961606025696,-0.12424978613853455,-0.3724616765975952,0.5013909339904785,-0.005235637538135052,0.0,0.13819999992847443,0.01575000025331974,,,,,,,
1440000,288,0.20000000298023224,0.601898729801178,630.4896850585938,1.834223747253418,1257.3157958984375,0.021411331370472908,0.20000000298023224,0.12924998998641968,0.014750000089406967,,,,,,,
1445000,289,0.0,0.624381422996521,-0.16107288002967834,-0.43710505962371826,0.5570594072341919,-0.005297301337122917,0.0,0.12344999611377716,0.01425000000745058,,,,,,,
1450000,290,0.20000000298023224,0.5374828577041626,131.10545349121094,0.2888530492782593,261.63751220703125,0.008965598419308662,0.20000000298023224,0.11729999631643295,0.011149999685585499,,,,,,,
1455000,291,0.30000001192092896,0.5559201240539551,29.639225006103516,0.1498345136642456,58.98322677612305,0.008156887255609035,0.30000001192092896,0.13865000009536743,0.011049999855458736,,,,,,,
1460000,292,0.0,0.5471320748329163,-0.19087809324264526,-0.4724191725254059,0.567459225654602,-0.0053193275816738605,0.0,0.11924999952316284,0.010449999943375587,,,,,,,
1465000,293,0.0,0.5713948011398315,-0.15886351466178894,-0.49071863293647766,0.6682813763618469,-0.0053102378733456135,0.0,0.12280000001192093,0.010400000028312206,,,,,,,
1470000,294,0.0,0.6756184101104736,-0.29295915365219116,-0.5144444108009338,0.4483754336833954,-0.0053011709824204445,0.0,0.13054999709129333,0.014149999246001244,,,,,,,
1475000,295,0.20000000298023224,0.5668579339981079,102.59525299072266,0.4494094252586365,204.2962188720703,0.012655888684093952,0.20000000298023224,0.10254999995231628,0.010300000198185444,,,,,,,
1480000,296,0.0,0.6555259227752686,-0.03912478685379028,-0.3326500654220581,0.5922947525978088,-0.0053177084773778915,0.0,0.11469999700784683,0.012299999594688416,,,,,,,
1485000,297,0.10000000149011612,0.70356684923172,14.541873931884766,-0.2089877426624298,29.50735092163086,0.0007651920313946903,0.10000000149011612,0.14904999732971191,0.013449999503791332,,,,,,,
1490000,298,0.0,0.654121994972229,0.11308017373085022,-0.21548721194267273,0.6623677611351013,-0.005310323555022478,0.0,0.15754999220371246,0.013049999251961708,,,,,,,
1495000,299,0.20000000298023224,0.6292409896850586,44.24756622314453,0.41712525486946106,87.6659164428711,0.00763352494686842,0.20000000298023224,0.12939999997615814,0.011500000022351742,,,,,,,
1500000,300,0.20000000298023224,0.6148542165756226,234.53616333007812,1.1986624002456665,466.679931640625,0.01699124090373516,0.20000000298023224,0.09654999524354935,0.010649999603629112,,,,,,,
1505000,301,0.10000000149011612,0.6994812488555908,121.52366638183594,0.06954526901245117,242.91383361816406,0.008319479413330555,0.10000000149011612,0.1428000032901764,0.012000000104308128,,,,,,,
1510000,302,0.20000000298023224,0.6737092733383179,165.50833129882812,0.5292676687240601,329.9635314941406,0.012569544836878777,0.20000000298023224,0.1700499951839447,0.012799999676644802,,,,,,,
1515000,303,0.0,0.6604957580566406,-0.0995391458272934,-0.32125067710876465,0.4487070143222809,-0.005389929749071598,0.0,0.14379999041557312,0.011599999852478504,,,,,,,
1520000,304,0.10000000149011612,0.7145675420761108,159.69876098632812,0.074915811419487,319.25341796875,0.008363181725144386,0.10000000149011612,0.18719999492168427,0.012449999339878559,,,,,,,
1525000,305,0.0,0.6960843801498413,-0.12292680144309998,-0.4559752345085144,0.6716655492782593,-0.005398724228143692,0.0,0.18289999663829803,0.009449999779462814,,,,,,,
1530000,306,0.0,0.7025271654129028,-0.2426813840866089,-0.541441798210144,0.6031410694122314,-0.00538988271728158,0.0,0.23304998874664307,0.011699999682605267,,,,,,,
1535000,307,0.20000000298023224,0.7069147229194641,296.4429626464844,1.0226190090179443,590.8463134765625,0.014164738357067108,0.20000000298023224,0.22529999911785126,0.012949999421834946,,,,,,,
1540000,308,0.20000000298023224,0.6895425319671631,20.636781692504883,-0.04931017756462097,41.37770080566406,0.004386039450764656,0.20000000298023224,0.22464999556541443,0.01145000010728836,,,,,,,
1545000,309,0.0,0.7073125243186951,0.034295231103897095,-0.28845667839050293,0.651162326335907,-0.005413882900029421,0.0,0.2649500072002411,0.009649999439716339,,,,,,,
1550000,310,0.20000000298023224,0.6716213226318359,128.92051696777344,0.5142419338226318,256.81793212890625,0.009856803342700005,0.20000000298023224,0.28949999809265137,0.009549999609589577,,,,,,,
1555000,311,0.0,0.6444977521896362,0.12962543964385986,-0.2290927767753601,0.7225924134254456,-0.005422402173280716,0.0,0.2919999957084656,0.010099999606609344,,,,,,,
1560000,312,0.10000000149011612,0.6863338947296143,261.37786865234375,0.5628830790519714,521.6354370117188,0.014263578690588474,0.10000000149011612,0.3024999797344208,0.011149999685585499,,,,,,,
1565000,313,0.0,0.7164559364318848,-0.027901649475097656,-0.3251453936100006,0.6002191305160522,-0.005468238145112991,0.0,0.28964999318122864,0.010149999521672726,,,,,,,
1570000,314,0.0,0.6733599901199341,0.05279526114463806,-0.2790887951850891,0.6691550016403198,-0.005459511652588844,0.0,0.29600000381469727,0.009499999694526196,,,,,,,
1575000,315,0.0,0.6605896949768066,-0.1511135995388031,-0.529032289981842,0.7611220479011536,-0.005450813565403223,0.0,0.31599998474121094,0.009200000204145908,,,,,,,
1580000,316,0.10000000149011612,0.6526769399642944,125.54666900634766,0.5022438764572144,250.0940704345703,0.0059938267804682255,0.10000000149011612,0.30425000190734863,0.009999999776482582,,,,,,,
1585000,317,0.10000000149011612,0.6722620129585266,87.79325866699219,-0.03368780016899109,175.65927124023438,0.006007871124893427,0.10000000149011612,0.28299999237060547,0.00969999935477972,,,,,,,
1590000,318,0.10000000149011612,0.6490991115570068,183.21636962890625,0.5088384747505188,365.4202575683594,0.0060241385363042355,0.10000000149011612,0.3057999908924103,0.009549999609589577,,,,,,,
1595000,319,0.10000000149011612,0.6666424870491028,11.744171142578125,-0.26207396388053894,24.017824172973633,-0.0006407392211258411,0.10000000149011612,0.3208000063896179,0.01054999977350235,,,,,,,
1600000,320,0.0,0.6335442662239075,-0.06877237558364868,-0.3671458959579468,0.601815402507782,-0.005475337151437998,0.0,0.3337499797344208,0.008549999445676804,,,,,,,
1605000,321,0.0,0.6278752684593201,0.008484184741973877,-0.28451383113861084,0.5910190343856812,-0.00546677689999342,0.0,0.37139999866485596,0.009649999439716339,,,,,,,
1610000,322,0.0,0.588728666305542,0.023579120635986328,-0.25283098220825195,0.5575300455093384,-0.005458288826048374,0.0,0.3209500014781952,0.008499999530613422,,,,,,,
1615000,323,0.0,0.6169205904006958,-0.07854136824607849,-0.31735825538635254,0.48256915807724,-0.005449799820780754,0.0,0.3736499845981598,0.008799999952316284,,,,,,,
1620000,324,0.10000000149011612,0.6331809163093567,62.682621002197266,-0.028354987502098083,125.42701721191406,0.0006076848949305713,0.10000000149011612,0.3869999945163727,0.008849999867379665,,,,,,,
1625000,325,0.10000000149011612,0.6239957213401794,8.088407516479492,-0.23920224606990814,16.66021156311035,-0.0011544112348929048,0.10000000149011612,0.38819998502731323,0.008599999360740185,,,,,,,
1630000,326,0.30000001192092896,0.5916305780410767,153.85848999023438,0.6686853766441345,306.38433837890625,0.012280886992812157,0.30000001192092896,0.40164998173713684,0.007400000002235174,,,,,,,
1635000,327,0.0,0.5855417251586914,0.02357432246208191,-0.3572734594345093,0.7663798928260803,-0.005460672080516815,0.0,0.3890499770641327,0.007199999876320362,,,,,,,
1640000,328,0.10000000149011612,0.5622791051864624,71.33377075195312,0.015089690685272217,142.64186096191406,0.004639774095267057,0.10000000149011612,0.37299999594688416,0.007400000002235174,,,,,,,
1645000,329,0.0,0.605448842048645,0.01641961932182312,-0.2964499592781067,0.6305827498435974,-0.005460566841065884,0.0,0.38075000047683716,0.007699999958276749,,,,,,,
1650000,330,0.0,0.6338643431663513,0.01633170247077942,-0.2794741690158844,0.5966826677322388,-0.005452278535813093,0.0,0.3589499890804291,0.008150000125169754,,,,,,,
1655000,331,0.4000000059604645,0.613716185092926,347.81219482421875,3.3646342754364014,688.9000244140625,0.018554741516709328,0.4000000059604645,0.37709999084472656,0.008449999615550041,,,,,,,
1660000,332,0.0,0.6254973411560059,-0.09932652115821838,-0.4032113552093506,0.6127736568450928,-0.005473110359162092,0.0,0.3197000026702881,0.008249999955296516,,,,,,,
1665000,333,0.10000000149011612,0.6379489898681641,80.1982650756836,-0.12635844945907593,160.65435791015625,0.003641012590378523,0.10000000149011612,0.32725000381469727,0.00904999952763319,,,,,,,
1670000,334,0.10000000149011612,0.6325858235359192,129.07154846191406,0.028767593204975128,258.09063720703125,0.008933886885643005,0.10000000149011612,0.27399998903274536,0.007249999791383743,,,,,,,
1675000,335,0.0,0.5789202451705933,-0.39055323600769043,-0.7212177515029907,0.665960431098938,-0.005488249938935041,0.0,0.2724500000476837,0.008100000210106373,,,,,,,
1680000,336,0.30000001192092896,0.6160143613815308,131.8947296142578,0.15591560304164886,263.4825439453125,0.012178692035377026,0.30000001192092896,0.30390000343322754,0.008549999445676804,,,,,,,
1685000,337,0.10000000149011612,0.6075894236564636,70.25275421142578,-0.37342917919158936,141.25723266601562,0.003652802901342511,0.10000000149011612,0.26579999923706055,0.00764999957755208,,,,,,,
1690000,338,0.10000000149011612,0.6279455423355103,73.23970031738281,-0.0964893102645874,146.67739868164062,0.0022429621312767267,0.10000000149011612,0.28084999322891235,0.008349999785423279,,,,,,,
1695000,339,0.20000000298023224,0.6411663293838501,379.6011657714844,0.47243571281433105,758.2625732421875,0.017403757199645042,0.20000000298023224,0.2504499852657318,0.00925000011920929,,,,,,,
1700000,340,0.30000001192092896,0.5697567462921143,63.51622009277344,-0.08210089802742004,127.20120239257812,0.008471446111798286,0.30000001192092896,0.22064998745918274,0.007849999703466892,,,,,,,
1705000,341,0.0,0.5961337685585022,-0.15888577699661255,-0.5357396006584167,0.758476734161377,-0.005551772657781839,0.0,0.24814999103546143,0.008349999785423279,,,,,,,
1710000,342,0.0,0.6282081604003906,-0.2359735667705536,-0.684812605381012,0.9027037024497986,-0.0055436198599636555,0.0,0.2594499886035919,0.007449999917298555,,,,,,,
1715000,343,0.0,0.6541105508804321,-0.1454434096813202,-0.599798321723938,0.9139427542686462,-0.0055355289950966835,0.0,0.22325000166893005,0.008349999785423279,,,,,,,
1720000,344,0.0,0.5875654220581055,-0.19273197650909424,-0.6553464531898499,0.9299294948577881,-0.005527467001229525,0.0,0.2239999920129776,0.008150000125169754,,,,,,,
1725000,345,0.20000000298023224,0.555796205997467,22.578195571899414,-0.3945889174938202,45.950016021728516,0.003436372382566333,0.20000000298023224,0.22014999389648438,0.006599999964237213,,,,,,,
1730000,346,0.10000000149011612,0.6285727024078369,60.457374572753906,-0.03820985555648804,120.99620056152344,-0.001522653503343463,0.10000000149011612,0.22809998691082,0.008799999952316284,,,,,,,
1735000,347,0.10000000149011612,0.6006312370300293,26.851459503173828,-0.4653155207633972,54.63835525512695,-0.0011848744470626116,0.10000000149011612,0.22894999384880066,0.007499999832361937,,,,,,,
1740000,348,0.10000000149011612,0.6294782161712646,80.94586944580078,-0.40751418471336365,162.71180725097656,3.8766098441556096e-05,0.10000000149011612,0.24159999191761017,0.009200000204145908,,,,,,,
1745000,349,0.30000001192092896,0.5677470564842224,247.1956787109375,1.2391823530197144,491.91754150390625,0.012929366901516914,0.30000001192092896,0.2011999934911728,0.008049999363720417,,,,,,,
1750000,350,0.10000000149011612,0.6179125308990479,192.61297607421875,1.3228319883346558,382.5852355957031,-0.0006210876163095236,0.10000000149011612,0.23465000092983246,0.007899999618530273,,,,,,,
1755000,351,0.20000000298023224,0.5694913268089294,94.79192352294922,0.3192821145057678,188.94984436035156,0.008855693973600864,0.20000000298023224,0.1934499889612198,0.0066999997943639755,,,,,,,
1760000,352,0.10000000149011612,0.6097334623336792,14.742178916931152,-0.5151669383049011,30.519569396972656,0.0007555984193459153,0.10000000149011612,0.2222999930381775,0.007849999703466892,,,,,,,
1765000,353,0.10000000149011612,0.5905781388282776,277.1755676269531,0.2160685658454895,553.9237060546875,0.0005040470277890563,0.10000000149011612,0.23849999904632568,0.006599999964237213,,,,,,,
1770000,354,0.0,0.5805701017379761,0.050335824489593506,-0.6535911560058594,1.4124984741210938,-0.005555564537644386,0.0,0.13849999010562897,0.006850000005215406,,,,,,,
1775000,355,0.0,0.5678938031196594,0.02913910150527954,-0.7317440509796143,1.5263094902038574,-0.005547716282308102,0.0,0.16449999809265137,0.005249999929219484,,,,,,,
1780000,356,0.0,0.5978595614433289,-0.3202536702156067,-0.8372972011566162,1.0388699769973755,-0.005539922043681145,0.0,0.17509999871253967,0.006550000049173832,,,,,,,
1785000,357,0.0,0.6014119386672974,-0.30836260318756104,-0.8258622288703918,1.0398105382919312,-0.005532150622457266,0.0,0.16820000112056732,0.00624999962747097,,,,,,,
1790000,358,0.0,0.6156976222991943,-0.4487689733505249,-0.9023401141166687,0.9120678901672363,-0.005524384789168835,0.0,0.18779999017715454,0.007449999917298555,,,,,,,
1795000,359,0.0,0.6024551391601562,-0.12736833095550537,-0.7020449638366699,1.1541728973388672,-0.0055166808888316154,0.0,0.16724999248981476,0.006899999920278788,,,,,,,
1800000,360,0.10000000149011612,0.6133739948272705,13.15185832977295,-0.41120845079421997,27.131040573120117,-0.0002114570525009185,0.10000000149011612,0.14935000240802765,0.005849999841302633,,,,,,,
1805000,361,0.0,0.657175600528717,-0.37423771619796753,-0.9619548320770264,1.1806915998458862,-0.005508838687092066,0.0,0.19384999573230743,0.00774999987334013,,,,,,,
1810000,362,0.0,0.5772310495376587,0.030237048864364624,-0.4708594083786011,1.0068107843399048,-0.005501196254044771,0.0,0.11114999651908875,0.005549999885261059,,,,,,,
1815000,363,0.0,0.633733332157135,-0.2269788384437561,-0.6078061461448669,0.7667244672775269,-0.005493626929819584,0.0,0.14585000276565552,0.007949999533593655,,,,,,,
1820000,364,0.0,0.5690394639968872,0.08536580204963684,-0.48827481269836426,1.1518335342407227,-0.005486063193529844,0.0,0.1492999941110611,0.006649999879300594,,,,,,,
1825000,365,0.0,0.6266634464263916,0.10668492317199707,-0.3838428258895874,0.9860687851905823,-0.005478518549352884,0.0,0.16120000183582306,0.0071000000461936,,,,,,,
1830000,366,0.0,0.5709483623504639,0.41578274965286255,-0.1576748639345169,1.1514828205108643,-0.005471012555062771,0.0,0.11679999530315399,0.006300000008195639,,,,,,,
1835000,367,0.4000000059604645,0.6068514585494995,206.24581909179688,0.6821926236152649,411.1321105957031,0.014535851776599884,0.4000000059604645,0.17239999771118164,0.007049999665468931,,,,,,,
1840000,368,0.10000000149011612,0.6252102255821228,27.062702178955078,-0.17442065477371216,54.479248046875,-0.001571850385516882,0.10000000149011612,0.1671999990940094,0.00764999957755208,,,,,,,
1845000,369,0.0,0.619504451751709,0.16581109166145325,-0.29704874753952026,0.9306756854057312,-0.0054816934280097485,0.0,0.1863499879837036,0.005750000011175871,,,,,,,
1850000,370,0.10000000149011612,0.6505426168441772,46.236167907714844,0.18341317772865295,92.11071014404297,0.0002613275428302586,0.10000000149011612,0.1660500019788742,0.006599999964237213,,,,,,,
1855000,371,0.0,0.6188409328460693,0.07904881238937378,-0.28606900572776794,0.7351863384246826,-0.00547482306137681,0.0,0.1387999951839447,0.007349999621510506,,,,,,,
1860000,372,0.0,0.6304508447647095,0.1387554556131363,-0.2126307487487793,0.7078160047531128,-0.005467426963150501,0.0,0.16099999845027924,0.006399999838322401,,,,,,,
1865000,373,0.20000000298023224,0.6536023616790771,47.56851577758789,-0.09345781803131104,95.32917785644531,0.003980286885052919,0.20000000298023224,0.18519999086856842,0.007149999961256981,,,,,,,
1870000,374,0.0,0.6183642745018005,0.1449526846408844,-0.26703381538391113,0.8289198875427246,-0.0054656085558235645,0.0,0.11739999800920486,0.006649999879300594,,,,,,,
1875000,375,0.0,0.6402156352996826,-0.01579803228378296,-0.40899568796157837,0.7915170192718506,-0.00545830512419343,0.0,0.13894999027252197,0.006949999835342169,,,,,,,
1880000,376,0.0,0.6468372344970703,0.2212396264076233,-0.13355132937431335,0.7147566080093384,-0.005451017525047064,0.0,0.1360500007867813,0.00699999975040555,,,,,,,
1885000,377,0.0,0.6265366673469543,0.15264993906021118,-0.257455050945282,0.8252222537994385,-0.0054437629878520966,0.0,0.16939999163150787,0.005949999671429396,,,,,,,
1890000,378,0.0,0.614752471446991,0.11536721885204315,-0.23497161269187927,0.7055956721305847,-0.005436553619801998,0.0,0.12399999797344208,0.007349999621510506,,,,,,,
1895000,379,0.10000000149011612,0.6351619958877563,9.784955024719238,-0.1674462854862213,19.909883499145508,-0.0015913693932816386,0.10000000149011612,0.1590999960899353,0.006399999838322401,,,,,,,
1900000,380,0.0,0.6139523983001709,0.2068997621536255,-0.10910418629646301,0.6369194984436035,-0.005427331663668156,0.0,0.1344500035047531,0.00764999957755208,,,,,,,
1905000,381,0.0,0.6418383121490479,0.38253602385520935,0.0034085363149642944,0.7633897066116333,-0.0054201725870370865,0.0,0.14090000092983246,0.007199999876320362,,,,,,,
1910000,382,0.0,0.6010253429412842,0.41252318024635315,0.14467518031597137,0.5405042171478271,-0.005413061939179897,0.0,0.13650000095367432,0.007400000002235174,,,,,,,
1915000,383,0.0,0.628360390663147,0.32389435172080994,-0.04768151044845581,0.7481786012649536,-0.005406007170677185,0.0,0.1561499983072281,0.007249999791383743,,,,,,,
1920000,384,0.0,0.6454505920410156,0.21843457221984863,-0.05298301577568054,0.5479987859725952,-0.005398953333497047,0.0,0.13075000047683716,0.006749999709427357,,,,,,,
1925000,385,0.10000000149011612,0.6550421714782715,28.371349334716797,0.22565306723117828,56.296634674072266,0.0006786228041164577,0.10000000149011612,0.16249999403953552,0.006649999879300594,,,,,,,
1930000,386,0.10000000149011612,0.5945761203765869,473.6551208496094,1.7316440343856812,943.8516845703125,0.00727912737056613,0.10000000149011612,0.12754999101161957,0.006149999797344208,,,,,,,
1935000,387,0.0,0.6659419536590576,0.13339033722877502,-0.15762829780578613,0.5873647928237915,-0.005404077935963869,0.0,0.16634999215602875,0.0066999997943639755,,,,,,,
1940000,388,0.10000000149011612,0.6138057708740234,720.2462768554688,4.348468780517578,1431.800537109375,0.0072906408458948135,0.10000000149011612,0.18554998934268951,0.005849999841302633,,,,,,,
1945000,389,0.10000000149011612,0.5497320890426636,4.828719615936279,-0.3014185130596161,10.264674186706543,-0.001573828049004078,0.10000000149011612,0.26064997911453247,0.004999999888241291,,,,,,,
1950000,390,0.0,0.5329633355140686,0.3263774812221527,-0.4635482430458069,1.5841151475906372,-0.005406170152127743,0.0,0.32565000653266907,0.005450000055134296,,,,,,,
1955000,391,0.10000000149011612,0.5096697807312012,92.78611755371094,-0.3657206594944,186.30775451660156,-0.0008964728913269937,0.10000000149011612,0.32749998569488525,0.004299999680370092,,,,,,,
1960000,392,0.20000000298023224,0.45353126525878906,48.73761749267578,-0.20258298516273499,97.88402557373047,0.004250981844961643,0.20000000298023224,0.3676999807357788,0.004549999721348286,,,,,,,
1965000,393,0.0,0.43702682852745056,0.2701375484466553,-0.13075529038906097,0.8052818775177002,-0.005403792019933462,0.0,0.40049999952316284,0.00419999985024333,,,,,,,
1970000,394,0.10000000149011612,0.38585227727890015,158.47479248046875,0.5784041285514832,315.7958679199219,-0.0009656791226007044,0.10000000149011612,0.42854997515678406,0.004050000105053186,,,,,,,
1975000,395,0.0,0.38887351751327515,0.4998003840446472,-0.045125119388103485,1.0929620265960693,-0.0053957374766469,0.0,0.3948499858379364,0.0036499998532235622,,,,,,,
1980000,396,0.10000000149011612,0.3881869912147522,548.4937744140625,0.30949729681015015,1096.3717041015625,0.004556538071483374,0.10000000149011612,0.4169999957084656,0.0037499999161809683,,,,,,,
1985000,397,0.0,0.3827058970928192,0.47533345222473145,-0.39019328355789185,1.7341151237487793,-0.00539538124576211,0.0,0.41634997725486755,0.004050000105053186,,,,,,,
1990000,398,0.0,0.3808392882347107,0.289478600025177,-0.49938392639160156,1.580771803855896,-0.005388566758483648,0.0,0.40994998812675476,0.003999999724328518,,,,,,,
1995000,399,0.0,0.4143446385860443,0.17027714848518372,-0.33405420184135437,1.0119774341583252,-0.005381814669817686,0.0,0.41324999928474426,0.003949999809265137,,,,,,,
2000000,400,0.0,0.39462268352508545,0.20068681240081787,-0.3343198001384735,1.0731701850891113,-0.00537508400157094,0.0,0.4343999922275543,0.004299999680370092,,,,,,,
2005000,401,0.10000000149011612,0.3560998737812042,171.2660369873047,-0.23282122611999512,343.0005798339844,-0.0007111139129847288,0.10000000149011612,0.4438999891281128,0.003949999809265137,,,,,,,
2010000,402,0.0,0.3787347674369812,0.31513306498527527,-0.3837481141090393,1.4007922410964966,-0.005367541220039129,0.0,0.4389500021934509,0.0044999998062849045,,,,,,,
2015000,403,0.10000000149011612,0.3785495162010193,244.22303771972656,-0.2869146764278412,489.0229187011719,-0.00034744737786240876,0.10000000149011612,0.4477999806404114,0.004650000017136335,,,,,,,
2020000,404,0.20000000298023224,0.3757014870643616,269.9245910644531,0.12689797580242157,539.598388671875,0.009095923975110054,0.20000000298023224,0.4350000023841858,0.003999999724328518,,,,,,,
2025000,405,0.0,0.3482038974761963,0.36252012848854065,-0.2674778699874878,1.2627816200256348,-0.005372402723878622,0.0,0.42170000076293945,0.0032999999821186066,,,,,,,
2030000,406,0.0,0.4172062873840332,0.21830010414123535,-0.34821808338165283,1.1363739967346191,-0.005365773104131222,0.0,0.451449990272522,0.005799999926239252,,,,,,,
2035000,407,0.0,0.3814132511615753,0.4820413589477539,-0.4453030824661255,1.8577401638031006,-0.005359168164432049,0.0,0.4283999800682068,0.005150000099092722,,,,,,,
2040000,408,0.10000000149011612,0.3637399673461914,293.8860168457031,0.27394938468933105,587.22705078125,0.0047352509573102,0.10000000149011612,0.4493499994277954,0.004299999680370092,,,,,,,
2045000,409,0.20000000298023224,0.40029382705688477,868.4905395507812,-0.676216721534729,1738.336669921875,0.016040382906794548,0.20000000298023224,0.43609997630119324,0.005549999885261059,,,,,,,
2050000,410,0.10000000149011612,0.39114391803741455,311.1004943847656,-0.23744270205497742,622.6790161132812,0.005913074128329754,0.10000000149011612,0.4487999975681305,0.005249999929219484,,,,,,,
2055000,411,0.0,0.35595592856407166,0.11613941192626953,-0.7909691333770752,1.8170647621154785,-0.005388625431805849,0.0,0.42319998145103455,0.004249999765306711,,,,,,,
2060000,412,0.10000000149011612,0.35236382484436035,3917.099853515625,9.477422714233398,7815.24755859375,0.0006717061623930931,0.10000000149011612,0.43639999628067017,0.0037999998312443495,,,,,,,
2065000,413,0.0,0.4191715717315674,2.1746740341186523,-1.3349015712738037,7.022504806518555,-0.005383029580116272,0.0,0.41179999709129333,0.0058999997563660145,,,,,,,
2070000,414,0.0,0.3919844627380371,0.543215274810791,-1.4399996995925903,3.9695658683776855,-0.005376526620239019,0.0,0.39934998750686646,0.004299999680370092,,,,,,,
2075000,415,0.10000000149011612,0.44477221369743347,195.2808074951172,-1.3121885061264038,393.1895446777344,0.004801686853170395,0.10000000149011612,0.3731499910354614,0.004699999932199717,,,,,,,
2080000,416,0.10000000149011612,0.45543068647384644,29.42203140258789,-1.1296515464782715,61.10700988769531,0.00322281033731997,0.10000000149011612,0.3968999981880188,0.005200000014156103,,,,,,,
2085000,417,0.0,0.46531057357788086,6.827289581298828,-1.2274000644683838,16.113101959228516,-0.0053808013908565044,0.0,0.32989999651908875,0.005349999759346247,,,,,,,
2090000,418,0.20000000298023224,0.4691639840602875,256.26409912109375,-0.23653113842010498,513.0050048828125,0.012577816843986511,0.20000000298023224,0.3222000002861023,0.0050999997183680534,,,,,,,
2095000,419,0.10000000149011612,0.44784918427467346,127.97113037109375,-0.47197848558425903,256.8898010253906,0.00603389972820878,0.10000000149011612,0.32269999384880066,0.00419999985024333,,,,,,,
2100000,420,0.0,0.4641207456588745,0.5482228994369507,-1.0100255012512207,3.1202096939086914,-0.005398525390774012,0.0,0.30914998054504395,0.005150000099092722,,,,,,,
2105000,421,0.20000000298023224,0.46332061290740967,389.3687438964844,0.025745272636413574,778.689697265625,0.0126162339001894,0.20000000298023224,0.2145499885082245,0.004799999762326479,,,,,,,
2110000,422,0.10000000149011612,0.43866491317749023,159.38035583496094,-0.5556243658065796,319.8754577636719,0.003254595911130309,0.10000000149011612,0.28189998865127563,0.004249999765306711,,,,,,,
2115000,423,0.10000000149011612,0.4708963930606842,75.89888763427734,-1.075160026550293,153.9518585205078,0.002701180288568139,0.10000000149011612,0.28314998745918274,0.004999999888241291,,,,,,,
2120000,424,0.20000000298023224,0.4737747311592102,250.4569549560547,-0.6736845970153809,502.26507568359375,0.018131239339709282,0.20000000298023224,0.30434998869895935,0.0044999998062849045,,,,,,,
2125000,425,0.10000000149011612,0.46630463004112244,51.696929931640625,-1.0845574140548706,105.56670379638672,0.006057058461010456,0.10000000149011612,0.2793000042438507,0.005200000014156103,,,,,,,
2130000,426,0.10000000149011612,0.45248621702194214,46.75804901123047,-0.9058371186256409,95.33139038085938,0.0022330835927277803,0.10000000149011612,0.24124999344348907,0.00484999967738986,,,,,,,
2135000,427,0.0,0.5025136470794678,0.40908539295196533,-1.130726933479309,3.0836448669433594,-0.0054504843428730965,0.0,0.26109999418258667,0.004799999762326479,,,,,,,
2140000,428,0.0,0.4962926208972931,0.21512186527252197,-1.0510618686676025,2.5363378524780273,-0.0054441518150269985,0.0,0.23729999363422394,0.005249999929219484,,,,,,,
2145000,429,0.30000001192092896,0.5425920486450195,368.4758605957031,0.7674416303634644,735.4212036132812,0.021507758647203445,0.30000001192092896,0.22709999978542328,0.004749999847263098,,,,,,,
2150000,430,0.10000000149011612,0.49188870191574097,10.493205070495605,-0.832321286201477,22.654987335205078,0.0005104013253003359,0.10000000149011612,0.2113499939441681,0.0044999998062849045,,,,,,,
2155000,431,0.20000000298023224,0.4841820001602173,70.73552703857422,0.7073365449905396,140.0602569580078,0.006701229605823755,0.20000000298023224,0.2750999927520752,0.004100000020116568,,,,,,,
2160000,432,0.10000000149011612,0.5179156064987183,58.35596466064453,-0.41783881187438965,117.55175018310547,0.003995009697973728,0.10000000149011612,0.27695000171661377,0.004699999932199717,,,,,,,
2165000,433,0.0,0.5169994831085205,1.2248542308807373,-0.8330889344215393,4.120022296905518,-0.005478166975080967,0.0,0.28849998116493225,0.005750000011175871,,,,,,,
2170000,434,0.10000000149011612,0.5081276893615723,12.279777526855469,-0.7547589540481567,26.073137283325195,0.0003408149641472846,0.10000000149011612,0.26989999413490295,0.0038499999791383743,,,,,,,
2175000,435,0.0,0.5068432092666626,0.39834922552108765,-0.9171395897865295,2.6350324153900146,-0.005472318734973669,0.0,0.2747499942779541,0.004249999765306711,,,,,,,
2180000,436,0.0,0.5513373613357544,0.31323182582855225,-0.7997633218765259,2.230401039123535,-0.005466020666062832,0.0,0.23834998905658722,0.004600000102072954,,,,,,,
2185000,437,0.0,0.5306565761566162,-0.1462925672531128,-1.3251537084579468,2.3619675636291504,-0.005459784530103207,0.0,0.2860499918460846,0.005200000014156103,,,,,,,
2190000,438,0.20000000298023224,0.564776599407196,79.08350372314453,-0.40994954109191895,158.99142456054688,0.008476297371089458,0.20000000298023224,0.26135000586509705,0.004299999680370092,,,,,,,
2195000,439,0.0,0.5519508123397827,-0.5432940721511841,-1.7085330486297607,2.3348934650421143,-0.00546369468793273,0.0,0.2814500033855438,0.0035500000230968,,,,,,,
2200000,440,0.0,0.5400895476341248,-0.07629513740539551,-1.026019811630249,1.9037699699401855,-0.0054574585519731045,0.0,0.25599998235702515,0.004749999847263098,,,,,,,
2205000,441,0.0,0.5402145385742188,-0.03879505395889282,-0.7197275161743164,1.3661866188049316,-0.005451261531561613,0.0,0.24949999153614044,0.005799999926239252,,,,,,,
2210000,442,0.0,0.5821398496627808,0.18271023035049438,-0.9267758131027222,2.2236292362213135,-0.005445078946650028,0.0,0.24459999799728394,0.004749999847263098,,,,,,,
2215000,443,0.0,0.5734968185424805,0.22599703073501587,-0.4406076967716217,1.3377974033355713,-0.005438937805593014,0.0,0.25974997878074646,0.00484999967738986,,,,,,,
2220000,444,0.0,0.5923446416854858,0.25626981258392334,-0.5489562749862671,1.6151909828186035,-0.0054328106343746185,0.0,0.22394999861717224,0.005150000099092722,,,,,,,
2225000,445,0.0,0.5711762309074402,0.4112412631511688,-0.3302728831768036,1.4875977039337158,-0.005426676943898201,0.0,0.2552500069141388,0.0050999997183680534,,,,,,,
2230000,446,0.0,0.5668871402740479,0.677325427532196,-0.08712518215179443,1.5334362983703613,-0.005420585162937641,0.0,0.264849990606308,0.0036499998532235622,,,,,,,
2235000,447,0.0,0.6178678274154663,1.0201280117034912,0.0021654367446899414,2.040868043899536,-0.005414512008428574,0.0,0.2842499911785126,0.005649999715387821,,,,,,,
2240000,448,0.10000000149011612,0.6338658332824707,18.42788314819336,0.3565673828125,36.147701263427734,-0.0005851972382515669,0.10000000149011612,0.2782999873161316,0.004249999765306711,,,,,,,
2245000,449,0.0,0.5739675164222717,0.9073646664619446,0.0767238438129425,1.665873408317566,-0.005407866556197405,0.0,0.28314998745918274,0.0037499999161809683,,,,,,,
2250000,450,0.10000000149011612,0.607795000076294,3796.283203125,14.867232322692871,7562.8369140625,0.0007167735602706671,0.10000000149011612,0.28929999470710754,0.004999999888241291,,,,,,,
2255000,451,0.10000000149011612,0.6270488500595093,601.4600830078125,2.7310662269592285,1197.4630126953125,0.01829862967133522,0.10000000149011612,0.262800008058548,0.005049999803304672,,,,,,,
2260000,452,0.20000000298023224,0.5658315420150757,158.0576629638672,0.8745003938674927,314.370849609375,0.01217961497604847,0.20000000298023224,0.22699999809265137,0.004799999762326479,,,,,,,
2265000,453,0.0,0.5555567741394043,3.279998302459717,0.674795925617218,5.21484899520874,-0.005463892128318548,0.0,0.22129999101161957,0.005049999803304672,,,,,,,
2270000,454,0.0,0.5896990299224854,4.135798454284668,0.6629505753517151,6.950413703918457,-0.005457866471260786,0.0,0.23054999113082886,0.005200000014156103,,,,,,,
2275000,455,0.20000000298023224,0.4460296034812927,1183.17626953125,1.256174087524414,2363.84375,0.0037774001248180866,0.20000000298023224,0.19664999842643738,0.0026499999221414328,,,,,,,
2280000,456,0.0,0.5250992774963379,4.035265922546387,0.4310731589794159,7.212586402893066,-0.005456123035401106,0.0,0.2402999997138977,0.0050999997183680534,,,,,,,
2285000,457,0.0,0.4644966423511505,3.257780075073242,0.5094606876373291,5.500354766845703,-0.005450154189020395,0.0,0.24149999022483826,0.0033499998971819878,,,,,,,
2290000,458,0.10000000149011612,0.42830121517181396,128.7783203125,1.1003391742706299,255.35939025878906,0.003008423838764429,0.10000000149011612,0.1664000004529953,0.0033499998971819878,,,,,,,
2295000,459,0.10000000149011612,0.4484240710735321,913.9095458984375,-0.18062159419059753,1828.1839599609375,0.0005361842922866344,0.10000000149011612,0.20144999027252197,0.0032999999821186066,,,,,,,
2300000,460,0.0,0.4395681619644165,1.125722885131836,-0.6037421822547913,3.462446689605713,-0.005448455456644297,0.0,0.219650000333786,0.004050000105053186,,,,,,,
2305000,461,0.20000000298023224,0.4911189675331116,2068.388671875,-0.025117479264736176,4136.83154296875,0.005167915020138025,0.20000000298023224,0.1976500004529953,0.004050000105053186,,,,,,,
2310000,462,0.0,0.38624298572540283,1.2559802532196045,-0.23402778804302216,2.9831061363220215,-0.005448303651064634,0.0,0.19679999351501465,0.0030499999411404133,,,,,,,
2315000,463,0.0,0.40940719842910767,1.576462984085083,-0.8083701729774475,4.772941589355469,-0.005442423280328512,0.0,0.17284999787807465,0.0036499998532235622,,,,,,,
2320000,464,0.0,0.35646501183509827,1.8930408954620361,-0.9054917097091675,5.599916934967041,-0.005436545237898827,0.0,0.22179999947547913,0.0024999999441206455,,,,,,,
2325000,465,0.10000000149011612,0.4438686668872833,1369.13232421875,3.479893684387207,2731.308349609375,0.011595717631280422,0.10000000149011612,0.1485999971628189,0.004350000061094761,,,,,,,
2330000,466,0.10000000149011612,0.4126119315624237,8.986701011657715,-0.5863171815872192,19.149337768554688,-0.0014315260341390967,0.10000000149011612,0.23375000059604645,0.003449999960139394,,,,,,,
2335000,467,0.20000000298023224,0.3515353798866272,1890.6822509765625,2.447852611541748,3776.4716796875,0.009076185524463654,0.20000000298023224,0.22369998693466187,0.0032499998342245817,,,,,,,
2340000,468,0.10000000149011612,0.31144532561302185,17.306299209594727,-0.8171588778495789,36.24940872192383,-0.0007211589836515486,0.10000000149011612,0.22709999978542328,0.0037499999161809683,,,,,,,
2345000,469,0.10000000149011612,0.31095635890960693,922.2529907226562,-1.0495917797088623,1846.607666015625,-0.000174425877048634,0.10000000149011612,0.22954998910427094,0.002699999837204814,,,,,,,
2350000,470,0.0,0.3818269371986389,2.5306577682495117,-1.1374218463897705,7.339213848114014,-0.005454190541058779,0.0,0.2547999918460846,0.003449999960139394,,,,,,,
2355000,471,0.0,0.27624523639678955,1.9981554746627808,-1.1112520694732666,6.221024990081787,-0.005448360461741686,0.0,0.2594499886035919,0.001999999862164259,,,,,,,
2360000,472,0.0,0.3231738805770874,2.24130916595459,-1.4401087760925293,7.365421295166016,-0.00544254994019866,0.0,0.2659499943256378,0.0023499999660998583,,,,,,,
2365000,473,0.10000000149011612,0.32919931411743164,107.68621826171875,-0.9239815473556519,217.22303771972656,0.006710336077958345,0.10000000149011612,0.31049999594688416,0.002699999837204814,,,,,,,
2370000,474,0.0,0.2699469327926636,2.974663257598877,-0.6280201077461243,7.207526206970215,-0.005444857757538557,0.0,0.25459998846054077,0.002300000051036477,,,,,,,
2375000,475,0.0,0.3715064227581024,3.0282909870147705,-0.871883749961853,7.803321361541748,-0.0054391189478337765,0.0,0.28734999895095825,0.002849999815225601,,,,,,,
2380000,476,0.0,0.33586663007736206,2.4483108520507812,-1.442964792251587,7.785238265991211,-0.005433397367596626,0.0,0.3356499969959259,0.003499999875202775,,,,,,,
2385000,477,0.0,0.32079529762268066,4.27402925491333,-1.0562362670898438,10.663097381591797,-0.005427677184343338,0.0,0.3231000006198883,0.002300000051036477,,,,,,,
2390000,478,0.0,0.3258697986602783,1.936126947402954,-1.9020774364471436,7.679015636444092,-0.005421955604106188,0.0,0.3071500062942505,0.0033499998971819878,,,,,,,
2395000,479,0.10000000149011612,0.2826082110404968,128.3405303955078,-0.8188656568527222,258.321044921875,-0.0014003744581714272,0.10000000149011612,0.32374998927116394,0.002149999840185046,,,,,,,
2400000,480,0.0,0.27741700410842896,3.268394947052002,-1.1335935592651367,8.806196212768555,-0.005414912011474371,0.0,0.30194997787475586,0.002749999985098839,,,,,,,
2405000,481,0.0,0.35995352268218994,3.6869046688079834,-1.0371456146240234,9.450980186462402,-0.005409287288784981,0.0,0.27184998989105225,0.0030999998562037945,,,,,,,
2410000,482,0.0,0.29208114743232727,2.1426892280578613,-1.0065946578979492,6.300904273986816,-0.0054036593064665794,0.0,0.31575000286102295,0.0024500000290572643,,,,,,,
2415000,483,0.0,0.35002636909484863,3.216495990753174,-1.6691992282867432,9.774190902709961,-0.005398035980761051,0.0,0.27379998564720154,0.003000000026077032,,,,,,,
2420000,484,0.10000000149011612,0.30815982818603516,1288.1854248046875,-0.7634786367416382,2577.900390625,0.0004048145201522857,0.10000000149011612,0.3265499770641327,0.0023999998811632395,,,,,,,
2425000,485,0.10000000149011612,0.3189638555049896,766.1058349609375,7.581942558288574,1517.05029296875,-0.001406088238582015,0.10000000149011612,0.2937999963760376,0.0031500000040978193,,,,,,,
2430000,486,0.0,0.3142307996749878,2.598419189453125,-0.7303217649459839,6.6599955558776855,-0.005391550716012716,0.0,0.24039998650550842,0.0030499999411404133,,,,,,,
2435000,487,0.0,0.3491395115852356,5.249276638031006,-1.3134042024612427,13.128154754638672,-0.00538602564483881,0.0,0.25874999165534973,0.0029499998781830072,,,,,,,
2440000,488,0.0,0.38839033246040344,4.09210729598999,-0.9803043007850647,10.147930145263672,-0.005380486603826284,0.0,0.23555000126361847,0.003399999812245369,,,,,,,
2445000,489,0.0,0.3342348337173462,6.053942680358887,-1.0500199794769287,14.210598945617676,-0.005374958273023367,0.0,0.2320999950170517,0.0026499999221414328,,,,,,,
2450000,490,0.0,0.2927217483520508,5.96779203414917,-1.359694242477417,14.65731430053711,-0.005369461607187986,0.0,0.23044998943805695,0.0017999999690800905,,,,,,,
2455000,491,0.0,0.30892282724380493,5.416052341461182,0.6304010152816772,9.573774337768555,-0.0053639644756913185,0.0,0.24979999661445618,0.0017999999690800905,,,,,,,
2460000,492,0.0,0.3478093147277832,3.4893646240234375,-0.8742654323577881,8.730042457580566,-0.005358508788049221,0.0,0.2805500030517578,0.002899999963119626,,,,,,,
2465000,493,0.0,0.30667757987976074,2.3128304481506348,-1.396304726600647,7.4207234382629395,-0.005353087093681097,0.0,0.24879999458789825,0.002699999837204814,,,,,,,
2470000,494,0.10000000149011612,0.3535598814487457,100.2825698852539,-1.3635015487670898,203.2949676513672,0.003427874995395541,0.10000000149011612,0.27834999561309814,0.0023499999660998583,,,,,,,
2475000,495,0.0,0.3514838218688965,1.647636890411377,-1.2248785495758057,5.747842788696289,-0.005351454950869083,0.0,0.2130499929189682,0.0023499999660998583,,,,,,,
2480000,496,0.0,0.3342207074165344,2.0308659076690674,-1.3500221967697144,6.7644500732421875,-0.005346047226339579,0.0,0.29670000076293945,0.0026499999221414328,,,,,,,
2485000,497,0.0,0.3733339011669159,1.6103683710098267,-1.5411150455474854,6.305953502655029,-0.00534063158556819,0.0,0.2748499810695648,0.0030499999411404133,,,,,,,
2490000,498,0.0,0.3503073751926422,2.1775341033935547,-1.8744500875473022,8.106770515441895,-0.005335232242941856,0.0,0.2778500020503998,0.002699999837204814,,,,,,,
2495000,499,0.0,0.3703933656215668,1.9722907543182373,-1.2407557964324951,6.429056167602539,-0.00532989576458931,0.0,0.2599499821662903,0.002199999988079071,,,,,,,
2500000,500,0.0,0.3287646770477295,2.432199001312256,-1.7237862348556519,8.314600944519043,-0.005324586760252714,0.0,0.2646999955177307,0.0026000000070780516,,,,,,,
2505000,501,0.0,0.3532874286174774,1.684581995010376,-0.9488438367843628,5.269678115844727,-0.005319269374012947,0.0,0.25544998049736023,0.0016999999061226845,,,,,,,
2510000,502,0.10000000149011612,0.3264954686164856,12.213318824768066,-1.486159324645996,27.401567459106445,0.0004251529462635517,0.10000000149011612,0.24084998667240143,0.0019499999471008778,,,,,,,
2515000,503,0.10000000149011612,0.37058141827583313,8.675987243652344,-0.820737361907959,18.996414184570312,-0.0013003614731132984,0.10000000149011612,0.23725000023841858,0.0025499998591840267,,,,,,,
2520000,504,0.0,0.36001813411712646,1.7556297779083252,-0.553025484085083,4.620190620422363,-0.005313192494213581,0.0,0.28084999322891235,0.002699999837204814,,,,,,,
2525000,505,0.10000000149011612,0.37492549419403076,9.183202743530273,-0.23925836384296417,18.84792137145996,0.0004468959814403206,0.10000000149011612,0.30744999647140503,0.0023499999660998583,,,,,,,
2530000,506,0.20000000298023224,0.3541940450668335,1365.2965087890625,-0.5719567537307739,2731.73974609375,0.005666909273713827,0.20000000298023224,0.2727999985218048,0.00279999990016222,,,,,,,
2535000,507,0.10000000149011612,0.37140196561813354,68.28004455566406,-0.7005525827407837,137.96417236328125,5.095405504107475e-05,0.10000000149011612,0.2175999879837036,0.001999999862164259,,,,,,,
2540000,508,0.0,0.3682291507720947,3.61428165435791,-0.7556787729263306,8.742866516113281,-0.005314329173415899,0.0,0.25290000438690186,0.002149999840185046,,,,,,,
2545000,509,0.10000000149011612,0.3886493444442749,550.5733642578125,0.18721501529216766,1100.775390625,0.00032624605228193104,0.10000000149011612,0.2547000050544739,0.0029499998781830072,,,,,,,
2550000,510,0.10000000149011612,0.3711152970790863,70.66378784179688,-0.042031750082969666,141.41461181640625,0.0009929391089826822,0.10000000149011612,0.22779999673366547,0.0026499999221414328,,,,,,,
2555000,511,0.10000000149011612,0.3900250494480133,13.021257400512695,-0.17981477081775665,26.405263900756836,-0.00045373343164101243,0.10000000149011612,0.2101999968290329,0.0026000000070780516,,,,,,,
2560000,512,0.10000000149011612,0.4010126292705536,68.06709289550781,0.1818198561668396,135.7737579345703,0.005988233257085085,0.10000000149011612,0.2320999950170517,0.0031999999191612005,,,,,,,
2565000,513,0.0,0.41494113206863403,2.7897562980651855,-0.46126464009284973,6.505361557006836,-0.005316590890288353,0.0,0.24949999153614044,0.001999999862164259,,,,,,,
2570000,514,0.0,0.37955838441848755,3.056011915206909,-0.8422257304191589,7.799511909484863,-0.0053114378824830055,0.0,0.24424999952316284,0.0022499999031424522,,,,,,,
2575000,515,0.20000000298023224,0.4672395586967468,90.02368927001953,-0.5188384056091309,181.0887908935547,0.005906532984226942,0.20000000298023224,0.22339999675750732,0.002899999963119626,,,,,,,
2580000,516,0.0,0.39533621072769165,1.832615852355957,-0.8862732648849487,5.440940856933594,-0.005312195513397455,0.0,0.1829499900341034,0.001999999862164259,,,,,,,
2585000,517,0.0,0.4092419147491455,1.9958205223083496,-0.807699978351593,5.610314846038818,-0.005307065788656473,0.0,0.22014999389648438,0.002149999840185046,,,,,,,
2590000,518,0.0,0.4563983082771301,1.4410803318023682,-1.1184990406036377,5.122809886932373,-0.005301940720528364,0.0,0.22939999401569366,0.0032499998342245817,,,,,,,
2595000,519,0.10000000149011612,0.3623585104942322,141.12689208984375,-0.9968032240867615,284.2502746582031,0.00025470618857070804,0.10000000149011612,0.20684999227523804,0.0031999999191612005,,,,,,,
2600000,520,0.0,0.4412754476070404,1.613984227180481,-1.2124171257019043,5.656332969665527,-0.005297084338963032,0.0,0.23089998960494995,0.0026000000070780516,,,,,,,
2605000,521,0.0,0.4457038342952728,2.078115940093994,-1.2940144538879395,6.747826099395752,-0.005291936919093132,0.0,0.22964999079704285,0.0019499999471008778,,,,,,,
2610000,522,0.10000000149011612,0.4263112545013428,35.239078521728516,-0.4867963194847107,71.45516204833984,3.370838021510281e-05,0.10000000149011612,0.249099999666214,0.0025499998591840267,,,,,,,
2615000,523,0.10000000149011612,0.4746273159980774,64.76915740966797,-0.3308011591434479,130.20372009277344,3.549384928192012e-05,0.10000000149011612,0.2238999903202057,0.0023999998811632395,,,,,,,
2620000,524,0.10000000149011612,0.47140800952911377,28.721025466918945,-0.8598465919494629,59.1655158996582,0.0009156764717772603,0.10000000149011612,0.1829499900341034,0.002699999837204814,,,,,,,
2625000,525,0.0,0.49517521262168884,1.2738560438156128,-0.4125596284866333,3.3767926692962646,-0.005288165062665939,0.0,0.2069000005722046,0.003599999938160181,,,,,,,
2630000,526,0.0,0.49441003799438477,0.7952505946159363,-0.9696335792541504,3.5337235927581787,-0.005283102858811617,0.0,0.2082500010728836,0.0023999998811632395,,,,,,,
2635000,527,0.0,0.5200467705726624,1.075472354888916,-0.4950137734413147,3.145132541656494,-0.005278028082102537,0.0,0.17874999344348907,0.003399999812245369,,,,,,,
2640000,528,0.10000000149011612,0.4560571610927582,26.48501968383789,-0.18238824605941772,53.338462829589844,0.0007743255700916052,0.10000000149011612,0.13394999504089355,0.002849999815225601,,,,,,,
2645000,529,0.0,0.5484131574630737,1.830176591873169,-0.381570428609848,4.427881240844727,-0.00527387298643589,0.0,0.178849995136261,0.0031500000040978193,,,,,,,
2650000,530,0.0,0.44847550988197327,1.7620222568511963,-0.2525708079338074,4.032773971557617,-0.0052689192816615105,0.0,0.16324999928474426,0.0017999999690800905,,,,,,,
2655000,531,0.0,0.5309607982635498,1.8115211725234985,-0.23081007599830627,4.088910102844238,-0.005263946950435638,0.0,0.18244999647140503,0.0033499998971819878,,,,,,,
2660000,532,0.0,0.5132659077644348,1.5377836227416992,-0.6467046141624451,4.373082637786865,-0.005258987192064524,0.0,0.18964999914169312,0.00279999990016222,,,,,,,
2665000,533,0.10000000149011612,0.5475602149963379,49.54861068725586,-0.508435845375061,100.11847686767578,0.0006589175900444388,0.10000000149011612,0.1594499945640564,0.002749999985098839,,,,,,,
2670000,534,0.0,0.5147402286529541,1.2437242269515991,-0.4905811548233032,3.472728729248047,-0.005254722665995359,0.0,0.16429999470710754,0.003000000026077032,,,,,,,
2675000,535,0.0,0.47318127751350403,1.173637866973877,-0.6723278164863586,3.6957168579101562,-0.005249786656349897,0.0,0.15995000302791595,0.002199999988079071,,,,,,,
2680000,536,0.0,0.5054097175598145,1.0844355821609497,-0.7487111687660217,3.6703367233276367,-0.005244897678494453,0.0,0.2093999981880188,0.0029499998781830072,,,,,,,
2685000,537,0.0,0.5040651559829712,1.010493278503418,-0.4700344502925873,2.965087890625,-0.005240024998784065,0.0,0.1472499966621399,0.00279999990016222,,,,,,,
2690000,538,0.0,0.480525404214859,1.537778377532959,-0.29092076420783997,3.6612424850463867,-0.005235160700976849,0.0,0.1619499921798706,0.0023499999660998583,,,,,,,
2695000,539,0.0,0.5683867931365967,0.9078842401504517,-0.34586894512176514,2.5120534896850586,-0.0052302866242825985,0.0,0.17614999413490295,0.0030999998562037945,,,,,,,
2700000,540,0.0,0.49042582511901855,1.7539300918579102,-0.04523898661136627,3.602261543273926,-0.005225424654781818,0.0,0.16284999251365662,0.0025499998591840267,,,,,,,
2705000,541,0.0,0.5048933029174805,3.089088201522827,0.03073391318321228,6.1207475662231445,-0.005220592021942139,0.0,0.19014999270439148,0.0032999999821186066,,,,,,,
2710000,542,0.0,0.48642250895500183,0.7567890882492065,-0.5463084578514099,2.610086441040039,-0.005215756129473448,0.0,0.12594999372959137,0.002149999840185046,,,,,,,
2715000,543,0.0,0.5415287017822266,1.229643702507019,0.1584562212228775,2.14670729637146,-0.005210950504988432,0.0,0.14090000092983246,0.0033499998971819878,,,,,,,
2720000,544,0.10000000149011612,0.515634298324585,12.183953285217285,0.18473023176193237,24.00257110595703,0.00010716990800574422,0.10000000149011612,0.1615999937057495,0.002749999985098839,,,,,,,
2725000,545,0.20000000298023224,0.4617120623588562,63.72169494628906,0.5463970899581909,126.35428619384766,0.004469271283596754,0.20000000298023224,0.12759999930858612,0.0026000000070780516,,,,,,,
2730000,546,0.0,0.524959921836853,0.4211888611316681,-0.4740198850631714,1.7946171760559082,-0.005210527218878269,0.0,0.12364999949932098,0.0025499998591840267,,,,,,,
2735000,547,0.10000000149011612,0.503617525100708,46.78816223144531,-0.3106693923473358,94.20169067382812,0.004022776614874601,0.10000000149011612,0.12619999051094055,0.0031500000040978193,,,,,,,
2740000,548,0.0,0.5725237131118774,0.8153448104858398,-0.27079492807388306,2.1768596172332764,-0.005209719762206078,0.0,0.1344500035047531,0.0032499998342245817,,,,,,,
2745000,549,0.10000000149011612,0.5258932113647461,15.405784606933594,-0.295290470123291,31.406356811523438,0.0009669330320321023,0.10000000149011612,0.12529999017715454,0.0026000000070780516,,,,,,,
2750000,550,0.10000000149011612,0.553970456123352,47.60996627807617,0.5848183631896973,94.05472564697266,0.0005058232927694917,0.10000000149011612,0.1319499909877777,0.0026499999221414328,,,,,,,
2755000,551,0.0,0.5246302485466003,1.3141322135925293,-0.14163902401924133,2.9157395362854004,-0.00520645547658205,0.0,0.10769999772310257,0.002749999985098839,,,,,,,
2760000,552,0.0,0.5013675093650818,0.9041135311126709,-0.3039858341217041,2.4202096462249756,-0.0052017271518707275,0.0,0.12094999849796295,0.0029499998781830072,,,,,,,
2765000,553,0.0,0.5782262086868286,1.2927721738815308,-0.11648687720298767,2.82314395904541,-0.0051970104686915874,0.0,0.18069998919963837,0.0023999998811632395,,,,,,,
2770000,554,0.0,0.5680360794067383,0.8504946231842041,-0.0046714842319488525,1.7148765325546265,-0.005192319396883249,0.0,0.11284999549388885,0.0029499998781830072,,,,,,,
2775000,555,0.0,0.5558303594589233,0.8083646297454834,-0.047030068933963776,1.7152360677719116,-0.0051876576617360115,0.0,0.12789998948574066,0.0026499999221414328,,,,,,,
2780000,556,0.0,0.5045443177223206,1.3766205310821533,0.4191248416900635,1.9190276861190796,-0.005182983819395304,0.0,0.07660000026226044,0.003000000026077032,,,,,,,
2785000,557,0.0,0.5817381739616394,1.1897059679031372,-0.06277674436569214,2.5096192359924316,-0.005178302992135286,0.0,0.13079999387264252,0.003399999812245369,,,,,,,
2790000,558,0.0,0.5594614148139954,0.6591320037841797,-0.13045211136341095,1.583643913269043,-0.005173637066036463,0.0,0.13574999570846558,0.003000000026077032,,,,,,,
2795000,559,0.0,0.5252915620803833,0.6680561900138855,-0.09628838300704956,1.5328915119171143,-0.00516901072114706,0.0,0.11594999581575394,0.0032499998342245817,,,,,,,
2800000,560,0.10000000149011612,0.5595600605010986,9.811013221740723,-0.2650906443595886,20.15668487548828,-0.0010388921946287155,0.10000000149011612,0.10409999638795853,0.0037499999161809683,,,,,,,
2805000,561,0.10000000149011612,0.5263761281967163,74.35026550292969,0.12249818444252014,148.45974731445312,0.006656284909695387,0.10000000149011612,0.11674999445676804,0.003449999960139394,,,,,,,
2810000,562,0.0,0.5086719393730164,0.3723694086074829,-0.32694247364997864,1.4026931524276733,-0.005170050077140331,0.0,0.10029999911785126,0.0023999998811632395,,,,,,,
2815000,563,0.0,0.5205469727516174,0.19273683428764343,-0.45227229595184326,1.2941826581954956,-0.005165428854525089,0.0,0.13030000030994415,0.0029499998781830072,,,,,,,
2820000,564,0.0,0.534160852432251,0.825409471988678,-0.18022121489048004,2.0155346393585205,-0.005160829052329063,0.0,0.09714999794960022,0.002699999837204814,,,,,,,
2825000,565,0.20000000298023224,0.5626013875007629,115.31700134277344,0.3685057461261749,229.9014892578125,0.018572639673948288,0.20000000298023224,0.10130000114440918,0.0037499999161809683,,,,,,,
2830000,566,0.30000001192092896,0.5652393102645874,90.99617004394531,0.7264910936355591,180.54388427734375,0.016633687540888786,0.30000001192092896,0.12359999865293503,0.0030999998562037945,,,,,,,
2835000,567,0.0,0.5148130059242249,0.9477962255477905,0.044911086559295654,1.8098887205123901,-0.005189196672290564,0.0,0.12244999408721924,0.002899999963119626,,,,,,,
2840000,568,0.0,0.4815702736377716,1.5894675254821777,0.6697027683258057,1.8433821201324463,-0.005184605251997709,0.0,0.0794999971985817,0.002849999815225601,,,,,,,
2845000,569,0.0,0.5612916946411133,0.6172592639923096,-0.439169704914093,2.1173481941223145,-0.005180020816624165,0.0,0.11479999870061874,0.002849999815225601,,,,,,,
2850000,570,0.10000000149011612,0.5478549599647522,22.413436889648438,0.005087867379188538,44.82107925415039,0.0009462283924221992,0.10000000149011612,0.12780000269412994,0.002699999837204814,,,,,,,
2855000,571,0.0,0.5630212426185608,0.7028011679649353,-0.08518868684768677,1.5804839134216309,-0.0051763709634542465,0.0,0.0921499952673912,0.0030999998562037945,,,,,,,
2860000,572,0.10000000149011612,0.5600385665893555,72.86434173583984,0.5608525276184082,144.61146545410156,0.0007993514882400632,0.10000000149011612,0.08504999428987503,0.0038499999791383743,,,,,,,
2865000,573,0.20000000298023224,0.47579625248908997,125.53108215332031,-0.5719240307807922,252.20982360839844,0.015840468928217888,0.20000000298023224,0.1059499979019165,0.0023999998811632395,,,,,,,
2870000,574,0.0,0.5255639553070068,1.3094494342803955,0.20912715792655945,2.2048490047454834,-0.0051872143521904945,0.0,0.07849999517202377,0.0032999999821186066,,,,,,,
2875000,575,0.10000000149011612,0.5863238573074341,40.869903564453125,0.42484250664711,80.89481353759766,-0.000210176469408907,0.10000000149011612,0.10659999400377274,0.0032499998342245817,,,,,,,
2880000,576,0.10000000149011612,0.5583727359771729,51.37688064575195,0.5642423033714294,101.62974548339844,0.0004122329701203853,0.10000000149011612,0.10849999636411667,0.0022499999031424522,,,,,,,
2885000,577,0.0,0.5390173196792603,1.199223279953003,0.3434615731239319,1.7158355712890625,-0.005183006636798382,0.0,0.11099999397993088,0.0032499998342245817,,,,,,,
2890000,578,0.10000000149011612,0.536453366279602,42.42428207397461,0.5145019888877869,83.8238525390625,0.00018981742323376238,0.10000000149011612,0.10619999468326569,0.003499999875202775,,,,,,,
2895000,579,0.0,0.5399317741394043,0.8589562177658081,-0.06399296224117279,1.8502178192138672,-0.005178695544600487,0.0,0.1127999946475029,0.002699999837204814,,,,,,,
2900000,580,0.0,0.5530865788459778,1.2337037324905396,0.3164372146129608,1.8389577865600586,-0.005174214486032724,0.0,0.12109999358654022,0.0030999998562037945,,,,,,,
2905000,581,0.0,0.5388956069946289,0.510106086730957,-0.07743559777736664,1.1793944835662842,-0.005169751588255167,0.0,0.14909999072551727,0.0031999999191612005,,,,,,,
2910000,582,0.10000000149011612,0.6411119103431702,24.35982894897461,0.11785988509654999,48.48906707763672,0.0007107093697413802,0.10000000149011612,0.13589999079704285,0.0037499999161809683,,,,,,,
2915000,583,0.10000000149011612,0.5679149627685547,20.265783309936523,0.051046520471572876,40.434017181396484,0.0007152362377382815,0.10000000149011612,0.13079999387264252,0.002199999988079071,,,,,,,
2920000,584,0.0,0.5754297375679016,0.6282159686088562,-0.23255445063114166,1.7261443138122559,-0.005166684277355671,0.0,0.15584999322891235,0.0035500000230968,,,,,,,
2925000,585,0.10000000149011612,0.5363546013832092,14.848576545715332,0.10371433198451996,29.494014739990234,0.00034875411074608564,0.10000000149011612,0.1611499935388565,0.0030499999411404133,,,,,,,
2930000,586,0.20000000298023224,0.5604888200759888,206.3271026611328,0.10290119051933289,412.452880859375,0.019693883135914803,0.20000000298023224,0.13580000400543213,0.00279999990016222,,,,,,,
2935000,587,0.20000000298023224,0.6134297847747803,36.15642547607422,0.28227803111076355,71.75320434570312,0.009354931302368641,0.20000000298023224,0.12770000100135803,0.003000000026077032,,,,,,,
2940000,588,0.20000000298023224,0.5629998445510864,96.01547241210938,0.16884025931358337,191.69776916503906,0.01939188688993454,0.20000000298023224,0.1334500014781952,0.00419999985024333,,,,,,,
2945000,589,0.10000000149011612,0.5503928661346436,623.3875122070312,2.0283164978027344,1242.7227783203125,0.008350414223968983,0.10000000149011612,0.12439999729394913,0.002749999985098839,,,,,,,
2950000,590,0.0,0.5880873203277588,0.5899803638458252,-0.17480888962745667,1.5342832803726196,-0.0052162413485348225,0.0,0.1327499896287918,0.004299999680370092,,,,,,,
2955000,591,0.0,0.5485440492630005,1.182689905166626,0.3296888768672943,1.710390329360962,-0.005211815237998962,0.0,0.1359499990940094,0.003700000001117587,,,,,,,
2960000,592,0.10000000149011612,0.5490781664848328,23.679424285888672,-0.343012273311615,48.04926681518555,0.0005830093286931515,0.10000000149011612,0.1766500025987625,0.0023999998811632395,,,,,,,
2965000,593,0.0,0.5408332943916321,0.43858277797698975,-0.5380872488021851,1.9576667547225952,-0.0052079749293625355,0.0,0.15699999034404755,0.003700000001117587,,,,,,,
2970000,594,0.0,0.5552622675895691,0.4667230546474457,-0.38586220145225525,1.7096126079559326,-0.005203599110245705,0.0,0.2211499959230423,0.0023999998811632395,,,,,,,
2975000,595,0.10000000149011612,0.5855169296264648,30.99329376220703,-0.4349703788757324,62.86121368408203,0.0006061887834221125,0.10000000149011612,0.19449999928474426,0.0031999999191612005,,,,,,,
2980000,596,0.10000000149011612,0.5052008032798767,56.094154357910156,0.2301480919122696,111.7320556640625,0.0002506433520466089,0.10000000149011612,0.2459999918937683,0.0023499999660998583,,,,,,,
2985000,597,0.0,0.5436524152755737,0.28960680961608887,-0.3672008514404297,1.3179645538330078,-0.005200058687478304,0.0,0.22554999589920044,0.0033499998971819878,,,,,,,
2990000,598,0.0,0.531154990196228,0.595657467842102,-0.13105645775794983,1.4576771259307861,-0.005195701494812965,0.0,0.2211499959230423,0.0023999998811632395,,,,,,,
2995000,599,0.0,0.5021045207977295,1.2806943655014038,0.32818180322647095,1.9090420007705688,-0.005191360600292683,0.0,0.26109999418258667,0.0026000000070780516,,,,,,,
3000000,600,0.20000000298023224,0.5112513899803162,132.97213745117188,1.086496114730835,263.7753601074219,0.005515486933290958,0.20000000298023224,0.2789500057697296,0.0033499998971819878,,,,,,,
3005000,601,0.10000000149011612,0.49588659405708313,12.022698402404785,-0.043648507446050644,24.136661529541016,-0.00027630614931695163,0.10000000149011612,0.19349999725818634,0.002300000051036477,,,,,,,
3010000,602,0.0,0.5227292776107788,0.44845426082611084,-0.20048993825912476,1.3020702600479126,-0.0051914784125983715,0.0,0.2366499900817871,0.00279999990016222,,,,,,,
3015000,603,0.10000000149011612,0.5362764596939087,37.520835876464844,-0.1650763899087906,75.37611389160156,0.0005346843390725553,0.10000000149011612,0.18734999001026154,0.003499999875202775,,,,,,,
3020000,604,0.0,0.5038152933120728,0.724449634552002,-0.14734779298305511,1.7476253509521484,-0.005187717732042074,0.0,0.2361999899148941,0.002300000051036477,,,,,,,
3025000,605,0.30000001192092896,0.5388522744178772,248.5408935546875,0.9331108927726746,495.2198791503906,0.021889645606279373,0.30000001192092896,0.22029998898506165,0.0030999998562037945,,,,,,,
3030000,606,0.0,0.49762123823165894,0.6371229290962219,-0.12501206994056702,1.5282509326934814,-0.005202950909733772,0.0,0.20749999582767487,0.002749999985098839,,,,,,,
3035000,607,0.0,0.4635586142539978,0.20645344257354736,-0.5046404600143433,1.4258962869644165,-0.005198672413825989,0.0,0.235849991440773,0.002749999985098839,,,,,,,
3040000,608,0.0,0.436673104763031,0.5242682695388794,-0.2933405637741089,1.6387109756469727,-0.005194381810724735,0.0,0.23519998788833618,0.002099999925121665,,,,,,,
3045000,609,0.10000000149011612,0.5227346420288086,17.42152976989746,-0.541303277015686,35.929847717285156,-0.000937052711378783,0.10000000149011612,0.22369998693466187,0.003000000026077032,,,,,,,
3050000,610,0.10000000149011612,0.44593945145606995,115.60458374023438,0.18277239799499512,230.84718322753906,0.0052332570776343346,0.10000000149011612,0.2366499900817871,0.0023999998811632395,,,,,,,
3055000,611,0.10000000149011612,0.465170681476593,86.8912582397461,-0.5047251582145691,174.79568481445312,0.008597956970334053,0.10000000149011612,0.2029999941587448,0.0030499999411404133,,,,,,,
3060000,612,0.10000000149011612,0.4329260587692261,38.56785583496094,-0.6208162903785706,78.38080596923828,0.005235763732343912,0.10000000149011612,0.17379999160766602,0.0030499999411404133,,,,,,,
3065000,613,0.0,0.4326828420162201,0.3389555513858795,-0.4224913418292999,1.526355266571045,-0.0052064755000174046,0.0,0.25325000286102295,0.0023999998811632395,,,,,,,
3070000,614,0.30000001192092896,0.43282514810562134,138.9195556640625,0.03688529133796692,277.768798828125,0.01979030668735504,0.30000001192092896,0.24104999005794525,0.00279999990016222,,,,,,,
3075000,615,0.0,0.42627614736557007,0.5880998969078064,-0.29016947746276855,1.759948968887329,-0.0052188849076628685,0.0,0.2616499960422516,0.002199999988079071,,,,,,,
3080000,616,0.0,0.4607907235622406,0.5304169058799744,-0.21848413348197937,1.501488447189331,-0.0052146525122225285,0.0,0.26225000619888306,0.0031500000040978193,,,,,,,
3085000,617,0.0,0.4562308192253113,0.7556431293487549,-0.2279924601316452,1.9709210395812988,-0.005210449453443289,0.0,0.28779998421669006,0.002099999925121665,,,,,,,
3090000,618,0.0,0.47088995575904846,0.8494645357131958,-0.2815236449241638,2.2657434940338135,-0.00520624965429306,0.0,0.22899998724460602,0.0019499999471008778,,,,,,,
3095000,619,0.0,0.42971596121788025,0.792186975479126,-0.41463470458984375,2.417081117630005,-0.005202044732868671,0.0,0.21724998950958252,0.0024999999441206455,,,,,,,
3100000,620,0.10000000149011612,0.43904680013656616,357.4571838378906,1.5694019794464111,711.779052734375,0.0006008893833495677,0.10000000149011612,0.2683500051498413,0.0018999999156221747,,,,,,,
3105000,621,0.0,0.42442184686660767,0.4720163345336914,-0.36663684248924255,1.680701732635498,-0.0051983557641506195,0.0,0.25929999351501465,0.002050000010058284,,,,,,,
3110000,622,0.0,0.46070435643196106,0.38465696573257446,-0.5276586413383484,1.8283168077468872,-0.0051941340789198875,0.0,0.31164997816085815,0.002199999988079071,,,,,,,
3115000,623,0.0,0.5066024661064148,0.5858445167541504,-0.2709946632385254,1.7177311182022095,-0.005189951043576002,0.0,0.25040000677108765,0.0031999999191612005,,,,,,,
3120000,624,0.10000000149011612,0.4142577648162842,169.43748474121094,0.4847055971622467,337.90887451171875,0.0005094495718367398,0.10000000149011612,0.28744998574256897,0.0030499999411404133,,,,,,,
3125000,625,0.10000000149011612,0.5058477520942688,211.31419372558594,0.5660598278045654,421.50030517578125,0.01453833281993866,0.10000000149011612,0.24689999222755432,0.0025499998591840267,,,,,,,
3130000,626,0.10000000149011612,0.415465772151947,466.8882751464844,1.3933569192886353,930.9931640625,0.0072932736948132515,0.10000000149011612,0.17264999449253082,0.0022499999031424522,,,,,,,
3135000,627,0.20000000298023224,0.4952211081981659,120.51773071289062,0.2895009219646454,240.46041870117188,0.013010610826313496,0.20000000298023224,0.23025000095367432,0.0024500000290572643,,,,,,,
3140000,628,0.10000000149011612,0.4016246795654297,45.70973205566406,-0.24832984805107117,91.9193344116211,-0.0009476590785197914,0.10000000149011612,0.25349998474121094,0.002199999988079071,,,,,,,
3145000,629,0.0,0.4611862897872925,0.21631520986557007,-0.7478477954864502,1.9320155382156372,-0.005217294674366713,0.0,0.27480000257492065,0.0022499999031424522,,,,,,,
3150000,630,0.10000000149011612,0.5075669884681702,76.6554183959961,-0.17245416343212128,153.65980529785156,0.006226796191185713,0.10000000149011612,0.22325000166893005,0.0029499998781830072,,,,,,,
3155000,631,0.10000000149011612,0.4585115313529968,227.9541473388672,0.9214690327644348,454.06903076171875,0.0005064912838861346,0.10000000149011612,0.2125999927520752,0.0022499999031424522,,,,,,,
3160000,632,0.0,0.4955006539821625,0.37419891357421875,-0.7720402479171753,2.2964422702789307,-0.005218949168920517,0.0,0.26489999890327454,0.002899999963119626,,,,,,,
3165000,633,0.0,0.4738304018974304,0.28246986865997314,-0.4889756441116333,1.5466816425323486,-0.005214809440076351,0.0,0.20924998819828033,0.002199999988079071,,,,,,,
3170000,634,0.0,0.44685089588165283,0.27868032455444336,-0.4099278748035431,1.380791187286377,-0.005210705567151308,0.0,0.2775999903678894,0.002199999988079071,,,,,,,
3175000,635,0.10000000149011612,0.4791210889816284,51.72855758666992,-0.6346098780632019,104.73017120361328,-0.0009651819127611816,0.10000000149011612,0.24089999496936798,0.002300000051036477,,,,,,,
3180000,636,0.10000000149011612,0.48633456230163574,313.46099853515625,0.5318495631217957,625.8621826171875,0.0036969375796616077,0.10000000149011612,0.2906999886035919,0.002849999815225601,,,,,,,
3185000,637,0.0,0.5217623114585876,0.9912840127944946,-0.1234332025051117,2.2336084842681885,-0.005208962131291628,0.0,0.22029998898506165,0.0031500000040978193,,,,,,,
3190000,638,0.20000000298023224,0.5060040950775146,418.7900695800781,0.7177100777626038,836.1487426757812,0.022584237158298492,0.20000000298023224,0.24689999222755432,0.0022499999031424522,,,,,,,
3195000,639,0.10000000149011612,0.4670151174068451,342.1531982421875,-0.4645765423774719,685.2392578125,0.0005426767165772617,0.10000000149011612,0.2232999950647354,0.002099999925121665,,,,,,,
3200000,640,0.10000000149011612,0.4751923680305481,50.62938690185547,-0.19722048938274384,101.65701293945312,0.0004261823487468064,0.10000000149011612,0.25894999504089355,0.001999999862164259,,,,,,,
3205000,641,0.10000000149011612,0.44277942180633545,125.07725524902344,-0.7425746321678162,251.64320373535156,0.0003247173153795302,0.10000000149011612,0.19219999015331268,0.001999999862164259,,,,,,,
3210000,642,0.10000000149011612,0.5151365995407104,317.3935852050781,1.0994292497634888,632.5924072265625,0.004786350764334202,0.10000000149011612,0.24345000088214874,0.0023499999660998583,,,,,,,
3215000,643,0.10000000149011612,0.4591112732887268,55.07278823852539,-0.5359083414077759,111.2210693359375,0.003724928479641676,0.10000000149011612,0.24424999952316284,0.0024500000290572643,,,,,,,
3220000,644,0.0,0.47024503350257874,1.2013299465179443,-0.8118404746055603,4.030102729797363,-0.005232513882219791,0.0,0.2856000065803528,0.0024500000290572643,,,,,,,
3225000,645,0.10000000149011612,0.4727979898452759,172.8003387451172,0.1307082176208496,345.3430480957031,0.00033609598176553845,0.10000000149011612,0.27469998598098755,0.0031500000040978193,,,,,,,
3230000,646,0.10000000149011612,0.48901045322418213,41.9187126159668,-0.49000585079193115,84.82135009765625,0.004228330682963133,0.10000000149011612,0.30140000581741333,0.0032499998342245817,,,,,,,
3235000,647,0.0,0.4280472695827484,0.4278380274772644,-0.761599600315094,2.3822996616363525,-0.005232301075011492,0.0,0.22004999220371246,0.0017999999690800905,,,,,,,
3240000,648,0.10000000149011612,0.48518770933151245,218.53549194335938,-0.033508479595184326,437.1418762207031,0.0074880728498101234,0.10000000149011612,0.25519999861717224,0.002050000010058284,,,,,,,
3245000,649,0.10000000149011612,0.4415820240974426,197.46730041503906,-0.4158426523208618,395.7698059082031,0.004821220878511667,0.10000000149011612,0.255950003862381,0.0016499999910593033,,,,,,,
3250000,650,0.10000000149011612,0.46324270963668823,66.1257553100586,-0.3685920834541321,132.99240112304688,0.0037658526562154293,0.10000000149011612,0.26954999566078186,0.0023999998811632395,,,,,,,
3255000,651,0.0,0.4743731617927551,0.4415997862815857,-0.7207244634628296,2.3284435272216797,-0.00524164317175746,0.0,0.251149982213974,0.002149999840185046,,,,,,,
3260000,652,0.10000000149011612,0.4672694802284241,296.8379211425781,-0.124076247215271,593.927734375,0.00426872493699193,0.10000000149011612,0.3156999945640564,0.003499999875202775,,,,,,,
3265000,653,0.10000000149011612,0.49802732467651367,141.70680236816406,-0.05993218719959259,283.5374450683594,0.004849354736506939,0.10000000149011612,0.26524999737739563,0.002899999963119626,,,,,,,
3270000,654,0.0,0.47033631801605225,0.12750756740570068,-0.6904554963111877,1.6396888494491577,-0.005245116073638201,0.0,0.25494998693466187,0.002699999837204814,,,,,,,
3275000,655,0.30000001192092896,0.41123151779174805,1003.0664672851562,2.2868597507476807,2001.5625,0.03135843202471733,0.30000001192092896,0.3174999952316284,0.0016999999061226845,,,,,,,
3280000,656,0.10000000149011612,0.46603095531463623,12.162302017211914,-0.3869842290878296,25.1023006439209,0.00023819427588023245,0.10000000149011612,0.2842999994754791,0.0018999999156221747,,,,,,,
3285000,657,0.20000000298023224,0.4834381341934204,286.3684997558594,-0.4075723886489868,573.5560302734375,0.011059205047786236,0.20000000298023224,0.24689999222755432,0.0016999999061226845,,,,,,,
3290000,658,0.10000000149011612,0.4705793857574463,11.329028129577637,-0.7602874636650085,24.182395935058594,0.00014396819460671395,0.10000000149011612,0.29589998722076416,0.0023999998811632395,,,,,,,
3295000,659,0.10000000149011612,0.47423839569091797,140.72488403320312,-0.48965710401535034,282.432861328125,0.003789814654737711,0.10000000149011612,0.25200000405311584,0.002099999925121665,,,,,,,
3300000,660,0.0,0.5123246908187866,0.02816760540008545,-0.6757428646087646,1.4119195938110352,-0.005278747994452715,0.0,0.279449999332428,0.0037499999161809683,,,,,,,
3305000,661,0.0,0.4365658760070801,0.3187728524208069,-0.7276355028152466,2.096309185028076,-0.005274781957268715,0.0,0.2927500009536743,0.002300000051036477,,,,,,,
3310000,662,0.0,0.46820417046546936,-0.23835694789886475,-0.8959532380104065,1.3189382553100586,-0.005270829424262047,0.0,0.2826499938964844,0.0026000000070780516,,,,,,,
3315000,663,0.0,0.5294815301895142,-0.2580133080482483,-0.9880473613739014,1.464303970336914,-0.005266865249723196,0.0,0.2360999882221222,0.0024999999441206455,,,,,,,
3320000,664,0.10000000149011612,0.4525081515312195,283.6215515136719,0.737615704536438,565.771484375,0.0002771074359770864,0.10000000149011612,0.2545499801635742,0.0019499999471008778,,,,,,,
3325000,665,0.0,0.4480484127998352,0.6783604025840759,-0.7172144055366516,2.794734001159668,-0.005263130646198988,0.0,0.25804999470710754,0.0025499998591840267,,,,,,,
3330000,666,0.0,0.5695363283157349,0.17132002115249634,-0.9231081008911133,2.1934125423431396,-0.005259139928966761,0.0,0.3000499904155731,0.0026499999221414328,,,,,,,
3335000,667,0.10000000149011612,0.46539807319641113,26.6583309173584,-0.45715582370758057,54.23469543457031,0.003448339644819498,0.10000000149011612,0.3621000051498413,0.0019499999471008778,,,,,,,
3340000,668,0.20000000298023224,0.46896690130233765,26.12928009033203,-0.4217299818992615,53.105770111083984,0.0032998588867485523,0.20000000298023224,0.258899986743927,0.002050000010058284,,,,,,,
3345000,669,0.10000000149011612,0.49022918939590454,46.02372741699219,-0.28366637229919434,92.61870574951172,0.0034493666607886553,0.10000000149011612,0.25589999556541443,0.002050000010058284,,,,,,,
3350000,670,0.20000000298023224,0.5199636220932007,285.1802978515625,0.25613507628440857,569.8524780273438,0.012320158071815968,0.20000000298023224,0.32725000381469727,0.001999999862164259,,,,,,,
3355000,671,0.20000000298023224,0.4772389829158783,187.4678955078125,-0.2671898305416107,375.4739990234375,0.02437853068113327,0.20000000298023224,0.26319998502731323,0.0019499999471008778,,,,,,,
3360000,672,0.10000000149011612,0.4733356237411499,87.424072265625,-0.8146454095840454,176.48121643066406,0.009175632148981094,0.10000000149011612,0.27219998836517334,0.002099999925121665,,,,,,,
3365000,673,0.10000000149011612,0.5174542665481567,112.61721801757812,-0.3681860864162445,225.97494506835938,0.004357494879513979,0.10000000149011612,0.2786499857902527,0.0016999999061226845,,,,,,,
3370000,674,0.10000000149011612,0.48199206590652466,77.24061584472656,-0.4994039237499237,155.48390197753906,0.0065345242619514465,0.10000000149011612,0.30550000071525574,0.0017999999690800905,,,,,,,
3375000,675,0.10000000149011612,0.4575572907924652,20.4342041015625,-0.4436907172203064,41.75944900512695,0.00037990682176314294,0.10000000149011612,0.29269999265670776,0.0012499999720603228,,,,,,,
3380000,676,0.10000000149011612,0.4864775240421295,96.13225555419922,0.033157169818878174,192.20208740234375,0.005666519049555063,0.10000000149011612,0.2457999885082245,0.0022499999031424522,,,,,,,
3385000,677,0.0,0.5445613861083984,0.39146333932876587,-0.562097430229187,1.911478042602539,-0.005313959904015064,0.0,0.31029999256134033,0.002199999988079071,,,,,,,
3390000,678,0.4000000059604645,0.5212957262992859,297.9541015625,1.1546859741210938,593.60302734375,0.020222829654812813,0.4000000059604645,0.26664999127388,0.002199999988079071,,,,,,,
3395000,679,0.0,0.47500312328338623,0.5883117914199829,-0.5748615860939026,2.3301467895507812,-0.005325266160070896,0.0,0.3055499792098999,0.0024999999441206455,,,,,,,
3400000,680,0.30000001192092896,0.5372122526168823,280.599365234375,0.1589815318584442,560.8850708007812,0.025680575519800186,0.30000001192092896,0.250249981880188,0.0031999999191612005,,,,,,,
3405000,681,0.20000000298023224,0.5535659193992615,312.4497985839844,0.14328184723854065,624.617431640625,0.010202097706496716,0.20000000298023224,0.2732999920845032,0.0024500000290572643,,,,,,,
3410000,682,0.0,0.4903499484062195,0.31258606910705566,-0.5794844627380371,1.788063883781433,-0.005348806269466877,0.0,0.2750000059604645,0.0023999998811632395,,,,,,,
3415000,683,0.0,0.5359946489334106,0.33418023586273193,-0.7773494720458984,2.2273473739624023,-0.005344883538782597,0.0,0.24129998683929443,0.002149999840185046,,,,,,,
3420000,684,0.20000000298023224,0.4986618161201477,190.57545471191406,-0.019348621368408203,381.193603515625,0.011216366663575172,0.20000000298023224,0.3123999834060669,0.0018500000005587935,,,,,,,
3425000,685,0.10000000149011612,0.4949718713760376,55.002296447753906,-0.6412754058837891,111.29110717773438,0.0004987386637367308,0.10000000149011612,0.25974997878074646,0.0016999999061226845,,,,,,,
3430000,686,0.0,0.5463542342185974,-0.020150959491729736,-0.9307475090026855,1.825563907623291,-0.005349928047508001,0.0,0.2750000059604645,0.002050000010058284,,,,,,,
3435000,687,0.10000000149011612,0.5475899577140808,63.82118225097656,-0.4485079348087311,128.54376220703125,0.006599682383239269,0.10000000149011612,0.2458999902009964,0.0023999998811632395,,,,,,,
3440000,688,0.20000000298023224,0.5589587688446045,127.20390319824219,0.04055491089820862,254.33116149902344,0.009508625604212284,0.20000000298023224,0.24244999885559082,0.002149999840185046,,,,,,,
3445000,689,0.30000001192092896,0.517345130443573,462.9078063964844,0.29326891899108887,925.2332153320312,0.022303514182567596,0.30000001192092896,0.21514999866485596,0.0016499999910593033,,,,,,,
3450000,690,0.20000000298023224,0.5767927765846252,108.65260314941406,-0.25975924730300903,217.829345703125,0.010025194846093655,0.20000000298023224,0.2727999985218048,0.002199999988079071,,,,,,,
3455000,691,0.20000000298023224,0.5173778533935547,92.7599868774414,-0.18472741544246674,185.89356994628906,0.005827631801366806,0.20000000298023224,0.25255000591278076,0.0024500000290572643,,,,,,,
3460000,692,0.4000000059604645,0.5301358699798584,4713.20263671875,3.8874683380126953,9418.634765625,0.0363176204264164,0.4000000059604645,0.24284999072551727,0.0019499999471008778,,,,,,,
3465000,693,0.20000000298023224,0.5239912271499634,177.5176544189453,0.05925917625427246,354.9209899902344,0.013681601732969284,0.20000000298023224,0.26409998536109924,0.0017999999690800905,,,,,,,
3470000,694,0.0,0.5158306956291199,1.2171587944030762,-0.5109838247299194,3.46041202545166,-0.005424779839813709,0.0,0.2732499837875366,0.0016999999061226845,,,,,,,
3475000,695,0.0,0.5209293961524963,1.5311729907989502,-0.7525489926338196,4.571611404418945,-0.0054208580404520035,0.0,0.2807999849319458,0.0012499999720603228,,,,,,,
3480000,696,0.20000000298023224,0.512939453125,86.54563903808594,-1.0144381523132324,175.12425231933594,0.008882774040102959,0.20000000298023224,0.24959999322891235,0.00139999995008111,,,,,,,
3485000,697,0.10000000149011612,0.5421366691589355,40.1314582824707,-0.5856503248214722,81.43855285644531,0.005001344718039036,0.10000000149011612,0.31759998202323914,0.002199999988079071,,,,,,,
3490000,698,0.30000001192092896,0.5665484666824341,1044.1053466796875,1.318282127380371,2085.57861328125,0.025503933429718018,0.30000001192092896,0.30184999108314514,0.0023999998811632395,,,,,,,
3495000,699,0.0,0.4843888282775879,1.7276873588562012,-0.6964438557624817,4.852137565612793,-0.005446674767881632,0.0,0.33219999074935913,0.0015499999281018972,,,,,,,
3500000,700,0.20000000298023224,0.5674490332603455,81.57161712646484,-0.5232633352279663,164.19430541992188,0.011998345144093037,0.20000000298023224,0.32934999465942383,0.0016499999910593033,,,,,,,
3505000,701,0.10000000149011612,0.5678783655166626,116.05745697021484,-0.2684403955936432,232.65634155273438,3.835487223113887e-05,0.10000000149011612,0.31654998660087585,0.0017499999376013875,,,,,,,
3510000,702,0.0,0.5517735481262207,0.2977561950683594,-1.1912405490875244,2.982407569885254,-0.005451707169413567,0.0,0.27204999327659607,0.002300000051036477,,,,,,,
3515000,703,0.0,0.5334903597831726,1.0842180252075195,-1.2052878141403198,4.583279609680176,-0.005447803530842066,0.0,0.3425000011920929,0.0016999999061226845,,,,,,,
3520000,704,0.30000001192092896,0.5697644948959351,251.87403869628906,-0.028636276721954346,503.8099060058594,0.02132478542625904,0.30000001192092896,0.3780499994754791,0.001449999981559813,,,,,,,
3525000,705,0.0,0.5507786273956299,1.5069196224212646,-1.0550864934921265,5.128418445587158,-0.005459600128233433,0.0,0.41169998049736023,0.0016999999061226845,,,,,,,
3530000,706,0.10000000149011612,0.5395660400390625,53.57588195800781,-0.6282681822776794,108.4126205444336,-0.0005094955558888614,0.10000000149011612,0.3528999984264374,0.0015499999281018972,,,,,,,
3535000,707,0.10000000149011612,0.5583235025405884,19.688138961791992,-0.6556757688522339,40.69209671020508,-0.0005735623999498785,0.10000000149011612,0.36605000495910645,0.0016499999910593033,,,,,,,
3540000,708,0.10000000149011612,0.5665222406387329,110.76580047607422,-0.2841649651527405,222.10446166992188,0.0002621315070427954,0.10000000149011612,0.3325999975204468,0.002300000051036477,,,,,,,
3545000,709,0.20000000298023224,0.4919939637184143,60.1719970703125,-0.8352303504943848,122.01839447021484,0.008408475667238235,0.20000000298023224,0.37049999833106995,0.002149999840185046,,,,,,,
3550000,710,0.20000000298023224,0.5546054244041443,39.71291732788086,-0.5993944406509399,80.62905883789062,0.008116375654935837,0.20000000298023224,0.35899999737739563,0.0013000000035390258,,,,,,,
3555000,711,0.10000000149011612,0.5585188865661621,63.00727844238281,-0.6879762411117554,127.39498138427734,0.003949182108044624,0.10000000149011612,0.2775999903678894,0.002050000010058284,,,,,,,
3560000,712,0.0,0.6301993131637573,0.4943366050720215,-1.125136375427246,3.243987560272217,-0.00547019112855196,0.0,0.34825000166893005,0.0024999999441206455,,,,,,,
3565000,713,0.0,0.5905360579490662,0.9219911098480225,-0.9913849830627441,3.8314764499664307,-0.005466375034302473,0.0,0.34549999237060547,0.002050000010058284,,,,,,,
3570000,714,0.10000000149011612,0.5681024789810181,60.054283142089844,-1.0730392932891846,122.25918579101562,0.004488577600568533,0.10000000149011612,0.36249998211860657,0.0017999999690800905,,,,,,,
3575000,715,0.0,0.5500335693359375,1.2119805812835693,-0.8901827335357666,4.20872688293457,-0.005465901922434568,0.0,0.34610000252723694,0.0015999999595806003,,,,,,,
3580000,716,0.0,0.6037148237228394,0.5434727668762207,-1.1881399154663086,3.468055009841919,-0.005462081637233496,0.0,0.2741999924182892,0.0016499999910593033,,,,,,,
3585000,717,0.10000000149011612,0.5851691961288452,36.94367218017578,-1.100224256515503,76.09247589111328,6.118583314673742e-06,0.10000000149011612,0.30469998717308044,0.00139999995008111,,,,,,,
3590000,718,0.0,0.6012226939201355,0.2652782201766968,-1.5164133310317993,3.568192958831787,-0.00545825669541955,0.0,0.3164999783039093,0.0016499999910593033,,,,,,,
3595000,719,0.20000000298023224,0.560188889503479,121.09473419189453,0.16900509595870972,241.85594177246094,0.005888982210308313,0.20000000298023224,0.32510000467300415,0.0022499999031424522,,,,,,,
3600000,720,0.20000000298023224,0.5612457394599915,95.49461364746094,-1.3636070489883423,193.72093200683594,0.008957580663263798,0.20000000298023224,0.29694998264312744,0.002050000010058284,,,,,,,
3605000,721,0.10000000149011612,0.6285110116004944,16.14840316772461,-0.9194572567939758,34.140750885009766,0.0003056917048525065,0.10000000149011612,0.282150000333786,0.0016499999910593033,,,,,,,
3610000,722,0.30000001192092896,0.5675299763679504,259.8948669433594,5.67572546005249,508.44281005859375,0.015087560750544071,0.30000001192092896,0.32179999351501465,0.0017499999376013875,,,,,,,
3615000,723,0.10000000149011612,0.5430504083633423,55.147186279296875,-0.26777738332748413,110.83427429199219,0.00010150585148949176,0.10000000149011612,0.2689499855041504,0.0018500000005587935,,,,,,,
3620000,724,0.10000000149011612,0.5681052207946777,84.95718383789062,-0.854046106338501,171.6269989013672,0.004024699330329895,0.10000000149011612,0.2619999945163727,0.0017999999690800905,,,,,,,
3625000,725,0.20000000298023224,0.6044581532478333,91.80631256103516,-0.1000942587852478,183.81764221191406,0.009371715597808361,0.20000000298023224,0.30445000529289246,0.001999999862164259,,,,,,,
3630000,726,0.10000000149011612,0.6080644130706787,40.64302062988281,-0.4339001178741455,82.15870666503906,-0.0006038990104570985,0.10000000149011612,0.3365499973297119,0.001999999862164259,,,,,,,
3635000,727,0.0,0.5607949495315552,0.7281478643417358,-0.5736865997314453,2.6081552505493164,-0.005485375411808491,0.0,0.31404998898506165,0.0013000000035390258,,,,,,,
3640000,728,0.20000000298023224,0.5660099387168884,177.86070251464844,-0.46299290657043457,356.65191650390625,0.019632482901215553,0.20000000298023224,0.3139999806880951,0.0015999999595806003,,,,,,,
3645000,729,0.10000000149011612,0.5680892467498779,20.302234649658203,-0.6651782393455505,41.939369201660156,0.0002010721218539402,0.10000000149011612,0.29179999232292175,0.001449999981559813,,,,,,,
3650000,730,0.10000000149011612,0.638656735420227,24.90081214904785,-0.6089839935302734,51.02470016479492,0.0032149653416126966,0.10000000149011612,0.288100004196167,0.002749999985098839,,,,,,,
3655000,731,0.10000000149011612,0.6479521989822388,26.04239273071289,-0.7228729724884033,53.53571319580078,-0.000659750949125737,0.10000000149011612,0.2585499882698059,0.0023499999660998583,,,,,,,
3660000,732,0.10000000149011612,0.5519833564758301,33.796966552734375,-0.7725850939750671,69.14351654052734,0.00457635335624218,0.10000000149011612,0.2386000007390976,0.0023999998811632395,,,,,,,
3665000,733,0.20000000298023224,0.5554351806640625,241.08465576171875,0.1396428495645523,481.89447021484375,0.012348536401987076,0.20000000298023224,0.2818000018596649,0.002149999840185046,,,,,,,
3670000,734,0.0,0.5404150485992432,0.4686608910560608,-0.7842937707901001,2.51023268699646,-0.00551005220040679,0.0,0.29679998755455017,0.0023499999660998583,,,,,,,
3675000,735,0.10000000149011612,0.5750901699066162,82.54882049560547,-0.22439147531986237,165.551025390625,0.004067176021635532,0.10000000149011612,0.2524999976158142,0.0018999999156221747,,,,,,,
3680000,736,0.10000000149011612,0.5597098469734192,28.094730377197266,-0.34335359930992126,56.880645751953125,0.00011640414595603943,0.10000000149011612,0.2935499846935272,0.002099999925121665,,,,,,,
3685000,737,0.10000000149011612,0.6209203004837036,43.44599533081055,-0.40699368715286255,87.71094512939453,0.003245036117732525,0.10000000149011612,0.29670000076293945,0.0024999999441206455,,,,,,,
3690000,738,0.10000000149011612,0.574853777885437,45.80515670776367,-0.333358496427536,92.28163146972656,0.005964898504316807,0.10000000149011612,0.26899999380111694,0.0019499999471008778,,,,,,,
3695000,739,0.30000001192092896,0.5693720579147339,156.25303649902344,0.639189600944519,311.23223876953125,0.015683187171816826,0.30000001192092896,0.30914998054504395,0.0015499999281018972,,,,,,,
3700000,740,0.10000000149011612,0.562163233757019,32.39197540283203,-0.4988405704498291,65.7861328125,-0.0011873693438246846,0.10000000149011612,0.30399999022483826,0.0019499999471008778,,,,,,,
3705000,741,0.20000000298023224,0.5160496234893799,89.76558685302734,-0.22032037377357483,179.97593688964844,0.008362897671759129,0.20000000298023224,0.27969998121261597,0.0016499999910593033,,,,,,,
3710000,742,0.0,0.5975736379623413,0.5824375152587891,-0.3893568515777588,1.9483692646026611,-0.005532292183488607,0.0,0.28700000047683716,0.0022499999031424522,,,,,,,
3715000,743,0.0,0.5566415786743164,0.4794919490814209,-0.35249897837638855,1.668434977531433,-0.005528559908270836,0.0,0.29464998841285706,0.0026000000070780516,,,,,,,
3720000,744,0.10000000149011612,0.5068432092666626,80.5756607055664,0.12674444913864136,160.90188598632812,0.0032717399299144745,0.10000000149011612,0.2222999930381775,0.0023999998811632395,,,,,,,
3725000,745,0.20000000298023224,0.591130256652832,136.75599670410156,0.3523220419883728,272.81207275390625,0.015188997611403465,0.20000000298023224,0.2745499908924103,0.0024999999441206455,,,,,,,
3730000,746,0.0,0.5184905529022217,0.528699517250061,-0.44964638352394104,1.9608397483825684,-0.005537689663469791,0.0,0.28769999742507935,0.0015499999281018972,,,,,,,
3735000,747,0.0,0.5613086223602295,0.5859508514404297,-0.31925442814826965,1.8149011135101318,-0.005533912684768438,0.0,0.2996000051498413,0.001500000013038516,,,,,,,
3740000,748,0.0,0.501951277256012,0.3094548285007477,-0.4879721403121948,1.5988695621490479,-0.005530159454792738,0.0,0.2620999813079834,0.00139999995008111,,,,,,,
3745000,749,0.0,0.5906388163566589,0.6898561716079712,-0.19417700171470642,1.7727913856506348,-0.005526471883058548,0.0,0.24494999647140503,0.0022499999031424522,,,,,,,
3750000,750,0.10000000149011612,0.5293177366256714,8.582220077514648,-0.14241695404052734,17.453508377075195,-0.0011972705833613873,0.10000000149011612,0.27904999256134033,0.0017499999376013875,,,,,,,
3755000,751,0.0,0.5303280353546143,0.6373214721679688,-0.48615843057632446,2.251202344894409,-0.005522137973457575,0.0,0.3162499964237213,0.0019499999471008778,,,,,,,
3760000,752,0.20000000298023224,0.5495625734329224,77.07809448242188,-0.14940521121025085,154.4593963623047,0.012600654736161232,0.20000000298023224,0.33695000410079956,0.0017999999690800905,,,,,,,
3765000,753,0.10000000149011612,0.5431228876113892,39.48451614379883,-0.03276282921433449,79.03890228271484,6.847496115369722e-05,0.10000000149011612,0.36089998483657837,0.002050000010058284,,,,,,,
3770000,754,0.10000000149011612,0.5916727781295776,52.77317428588867,0.05590616166591644,105.43927001953125,0.0026660743169486523,0.10000000149011612,0.33945000171661377,0.001500000013038516,,,,,,,
3775000,755,0.10000000149011612,0.5119773745536804,77.32381439208984,0.018130242824554443,154.61546325683594,-1.5616797099937685e-05,0.10000000149011612,0.2488499879837036,0.001449999981559813,,,,,,,
3780000,756,0.10000000149011612,0.5688629150390625,117.38751220703125,0.2076045721769333,234.36436462402344,0.006078654900193214,0.10000000149011612,0.31029999256134033,0.002050000010058284,,,,,,,
3785000,757,0.0,0.5203548669815063,0.42870327830314636,-0.24983318150043488,1.3612357378005981,-0.005533535499125719,0.0,0.2574499845504761,0.002149999840185046,,,,,,,
3790000,758,0.5,0.5328627228736877,631.2769165039062,1.4194027185440063,1259.71923828125,0.03375670686364174,0.5,0.36010000109672546,0.002099999925121665,,,,,,,
3795000,759,0.20000000298023224,0.5556405782699585,106.18170928955078,0.3751440644264221,211.61756896972656,0.0132385129109025,0.20000000298023224,0.24169999361038208,0.002050000010058284,,,,,,,
3800000,760,0.0,0.5187377333641052,0.5516675710678101,-0.8478158712387085,2.803116798400879,-0.005561668425798416,0.0,0.31219998002052307,0.0015999999595806003,,,,,,,
3805000,761,0.10000000149011612,0.5776351690292358,237.03350830078125,1.120545506477356,471.8305358886719,0.008218658156692982,0.10000000149011612,0.3518500030040741,0.0016499999910593033,,,,,,,
3810000,762,0.20000000298023224,0.5359248518943787,109.48361206054688,0.39065128564834595,218.19021606445312,0.009058416821062565,0.20000000298023224,0.31454998254776,0.0017999999690800905,,,,,,,
3815000,763,0.0,0.5637567639350891,0.743825376033783,-0.03185495734214783,1.555870771408081,-0.005570023786276579,0.0,0.3246999979019165,0.0018500000005587935,,,,,,,
3820000,764,0.0,0.5169724225997925,0.7313774824142456,-0.29565978050231934,2.0582103729248047,-0.0055663855746388435,0.0,0.3316499888896942,0.001500000013038516,,,,,,,
3825000,765,0.0,0.5509033203125,0.8481076955795288,-0.12322437018156052,1.9470713138580322,-0.005562762729823589,0.0,0.3372499942779541,0.0017999999690800905,,,,,,,
3830000,766,0.0,0.5452987551689148,0.5785832405090332,-0.252464234828949,1.6664574146270752,-0.00555914593860507,0.0,0.3527500033378601,0.0018999999156221747,,,,,,,
3835000,767,0.20000000298023224,0.5521640777587891,1574.262451171875,5.070914268493652,3138.387451171875,0.014129811897873878,0.20000000298023224,0.3105999827384949,0.0017999999690800905,,,,,,,
3840000,768,0.0,0.595462441444397,0.7778928279876709,-0.5057005286216736,2.5719504356384277,-0.005565348546952009,0.0,0.3797000050544739,0.0017499999376013875,,,,,,,
3845000,769,0.10000000149011612,0.5355730652809143,62.18084716796875,0.07559511065483093,124.21479034423828,0.0033763586543500423,0.10000000149011612,0.3831000030040741,0.0012499999720603228,,,,,,,
3850000,770,0.0,0.5247689485549927,0.9466733932495117,-0.2528174817562103,2.403179883956909,-0.0055640884675085545,0.0,0.38214999437332153,0.002199999988079071,,,,,,,
3855000,771,0.0,0.5440511703491211,1.341333031654358,-0.010742992162704468,2.7085044384002686,-0.005560474004596472,0.0,0.39089998602867126,0.002199999988079071,,,,,,,
3860000,772,0.0,0.4987838864326477,0.632672131061554,-0.4993506968021393,2.268035888671875,-0.005556847434490919,0.0,0.41544997692108154,0.0017999999690800905,,,,,,,
3865000,773,0.0,0.4759673476219177,5.049804210662842,-0.2967967391014099,10.697010040283203,-0.005553216207772493,0.0,0.4037500023841858,0.0016999999061226845,,,,,,,
3870000,774,0.10000000149011612,0.48724180459976196,58.282501220703125,-0.42237046360969543,117.41364288330078,0.0030653616413474083,0.10000000149011612,0.3819499909877777,0.0012499999720603228,,,,,,,
3875000,775,0.30000001192092896,0.4263107478618622,233.37127685546875,-0.15996114909648895,467.0658874511719,0.021417129784822464,0.30000001192092896,0.3935999870300293,0.00139999995008111,,,,,,,
3880000,776,0.20000000298023224,0.4804885685443878,2410.8466796875,2.8485777378082275,4816.0,0.016113705933094025,0.20000000298023224,0.37584999203681946,0.0011999999405816197,,,,,,,
3885000,777,0.10000000149011612,0.39928188920021057,53.38319396972656,-0.18901847302913666,107.14762115478516,0.005432527046650648,0.10000000149011612,0.44209998846054077,0.0010999999940395355,,,,,,,
3890000,778,0.20000000298023224,0.4439552426338196,66.17459869384766,-0.2721410393714905,132.89703369140625,0.008563647978007793,0.20000000298023224,0.46504998207092285,0.0018999999156221747,,,,,,,
3895000,779,0.10000000149011612,0.43026605248451233,59.06224822998047,-0.5332443714141846,119.19442749023438,0.003810017602518201,0.10000000149011612,0.47189998626708984,0.00139999995008111,,,,,,,
3900000,780,0.10000000149011612,0.39554283022880554,58.382843017578125,-0.512412965297699,117.7936782836914,0.003815172938629985,0.10000000149011612,0.5220499634742737,0.0016999999061226845,,,,,,,
3905000,781,0.20000000298023224,0.33574575185775757,212.9424591064453,-0.05246734619140625,425.9925537109375,0.009712228551506996,0.20000000298023224,0.469650000333786,0.001349999918602407,,,,,,,
3910000,782,0.10000000149011612,0.361117422580719,87.92866516113281,-0.09909813106060028,176.05841064453125,0.005440450273454189,0.10000000149011612,0.4781999886035919,0.0011500000255182385,,,,,,,
3915000,783,0.20000000298023224,0.323840856552124,5096.1357421875,0.7851577401161194,10190.7041015625,0.02080629952251911,0.20000000298023224,0.5192499756813049,0.001349999918602407,,,,,,,
3920000,784,0.30000001192092896,0.3537759482860565,209.47007751464844,0.05091962218284607,418.8411560058594,0.02371935173869133,0.30000001192092896,0.5502499938011169,0.0016999999061226845,,,,,,,
3925000,785,0.0,0.2676847279071808,2.511944055557251,-0.18610921502113342,5.398248195648193,-0.005631704349070787,0.0,0.5167499780654907,0.0005999999702908099,,,,,,,
3930000,786,0.10000000149011612,0.3287884593009949,97.61021423339844,0.16372381150722504,194.89561462402344,0.0071505592204630375,0.10000000149011612,0.4605499804019928,0.001349999918602407,,,,,,,
3935000,787,0.30000001192092896,0.3161219656467438,149.9565887451172,-0.4546405076980591,300.8249816894531,0.021806731820106506,0.30000001192092896,0.5332499742507935,0.0016499999910593033,,,,,,,
3940000,788,0.0,0.29766494035720825,1.0541388988494873,-0.9366297721862793,3.9839186668395996,-0.005647307261824608,0.0,0.5145999789237976,0.0010499999625608325,,,,,,,
3945000,789,0.0,0.2531612515449524,1.5435420274734497,-0.43048524856567383,3.950079917907715,-0.005643743555992842,0.0,0.5817999839782715,0.0007999999797903001,,,,,,,
3950000,790,0.20000000298023224,0.28166699409484863,160.13241577148438,-0.09002271294593811,320.4471435546875,0.011526914313435555,0.20000000298023224,0.5224499702453613,0.0006500000017695129,,,,,,,
3955000,791,0.20000000298023224,0.2847915291786194,409.6131286621094,0.6185104250907898,817.9915161132812,0.008684669621288776,0.20000000298023224,0.5553500056266785,0.001349999918602407,,,,,,,
3960000,792,0.20000000298023224,0.29810887575149536,37.39291000366211,-0.5740353465080261,75.936279296875,0.005639359820634127,0.20000000298023224,0.5490999817848206,0.0017499999376013875,,,,,,,
3965000,793,0.10000000149011612,0.2988876700401306,13.886046409606934,-2.6813881397247314,33.13726043701172,-0.0007400998729281127,0.10000000149011612,0.5162500143051147,0.0008999999845400453,,,,,,,
3970000,794,0.20000000298023224,0.2558066248893738,133.19125366210938,-0.2545839846134186,266.8937072753906,0.011698737740516663,0.20000000298023224,0.5831499695777893,0.001449999981559813,,,,,,,
3975000,795,0.10000000149011612,0.26098528504371643,58.80751037597656,-0.9114319682121277,119.43997192382812,0.004291238263249397,0.10000000149011612,0.5651999711990356,0.0016499999910593033,,,,,,,
3980000,796,0.20000000298023224,0.28629887104034424,1046.97607421875,-0.25629544258117676,2094.467041015625,0.02122882381081581,0.20000000298023224,0.5217999815940857,0.0013000000035390258,,,,,,,
3985000,797,0.10000000149011612,0.30425840616226196,14.951141357421875,-0.6923316717147827,31.289379119873047,-0.0008142901933752,0.10000000149011612,0.5935999751091003,0.0023499999660998583,,,,,,,
3990000,798,0.0,0.2942869961261749,2.5569143295288086,-0.40736833214759827,5.930919647216797,-0.005680725909769535,0.0,0.5799499750137329,0.0016499999910593033,,,,,,,
3995000,799,0.30000001192092896,0.25519514083862305,211.530029296875,0.1506175547838211,422.7608642578125,0.022714192047715187,0.30000001192092896,0.5624499917030334,0.0016999999061226845,,,,,,,
4000000,800,0.0,0.2684088349342346,1.6972153186798096,-0.756771445274353,4.910120964050293,-0.005691819358617067,0.0,0.5795499682426453,0.0015999999595806003,,,,,,,
4005000,801,0.30000001192092896,0.2753908336162567,159.62771606445312,-0.04104006290435791,319.3397216796875,0.022296687588095665,0.30000001192092896,0.5586000084877014,0.001449999981559813,,,,,,,
4010000,802,0.0,0.29570573568344116,2.0380635261535645,-0.7464106678962708,5.571313858032227,-0.005702645052224398,0.0,0.5849999785423279,0.0023499999660998583,,,,,,,
4015000,803,0.0,0.2606896162033081,5.31730318069458,-1.257005214691162,13.150702476501465,-0.00569910928606987,0.0,0.5453000068664551,0.0011999999405816197,,,,,,,
4020000,804,0.20000000298023224,0.3042595088481903,99.65350341796875,-0.8040963411331177,200.91763305664062,0.011709502898156643,0.20000000298023224,0.5457499623298645,0.0012499999720603228,,,,,,,
4025000,805,0.0,0.29117321968078613,1.2400555610656738,-0.994943380355835,4.47232723236084,-0.005703181028366089,0.0,0.5378999710083008,0.001500000013038516,,,,,,,
4030000,806,0.10000000149011612,0.29958921670913696,34.27103805541992,-0.9291354417800903,70.40274047851562,0.001996940467506647,0.10000000149011612,0.5385000109672546,0.0015499999281018972,,,,,,,
4035000,807,0.0,0.26849496364593506,0.9621632099151611,-0.8956952095031738,3.717864751815796,-0.005700932815670967,0.0,0.6026999950408936,0.0010499999625608325,,,,,,,
4040000,808,0.20000000298023224,0.32462209463119507,89.24908447265625,-0.6618297100067139,179.82443237304688,0.01098637841641903,0.20000000298023224,0.5519999861717224,0.0013000000035390258,,,,,,,
4045000,809,0.10000000149011612,0.29919975996017456,69.84158325195312,-0.8023303151130676,141.29022216796875,0.004887293092906475,0.10000000149011612,0.5367499589920044,0.0016999999061226845,,,,,,,
4050000,810,0.10000000149011612,0.329842746257782,18.31538963317871,-0.6808329224586487,37.99508285522461,-0.00033452053321525455,0.10000000149011612,0.48454999923706055,0.0015499999281018972,,,,,,,
4055000,811,0.10000000149011612,0.31883591413497925,40.69554901123047,0.11040681600570679,81.17283630371094,0.0025062880013138056,0.10000000149011612,0.5516499876976013,0.00139999995008111,,,,,,,
4060000,812,0.10000000149011612,0.3223387598991394,36.76656723022461,-0.4089687466621399,74.35365295410156,0.0022453335113823414,0.10000000149011612,0.50409996509552,0.0009499999578110874,,,,,,,
4065000,813,0.30000001192092896,0.32667213678359985,131.4492950439453,0.604313850402832,261.69256591796875,0.016622362658381462,0.30000001192092896,0.5327500104904175,0.0018999999156221747,,,,,,,
4070000,814,0.0,0.37124887108802795,2.4668006896972656,0.04671448469161987,4.843142509460449,-0.005720973946154118,0.0,0.46709999442100525,0.0017999999690800905,,,,,,,
4075000,815,0.10000000149011612,0.3484785258769989,53.243324279785156,-0.04904678463935852,106.58753204345703,0.0038977228105068207,0.10000000149011612,0.4928499758243561,0.001349999918602407,,,,,,,
4080000,816,0.0,0.2999951243400574,1.2425106763839722,-0.36774325370788574,3.222907781600952,-0.005719960667192936,0.0,0.48510000109672546,0.001349999918602407,,,,,,,
4085000,817,0.30000001192092896,0.3559877276420593,130.00831604003906,-0.23084808886051178,260.4811706542969,0.01840737834572792,0.30000001192092896,0.5281999707221985,0.0012499999720603228,,,,,,,
4090000,818,0.0,0.31451278924942017,0.9630168080329895,-0.39339950680732727,2.715348720550537,-0.005728026386350393,0.0,0.5333499908447266,0.001349999918602407,,,,,,,
4095000,819,0.10000000149011612,0.36937060952186584,30.698280334472656,-0.3790329098701477,62.1575813293457,0.001606365549378097,0.10000000149011612,0.5137500166893005,0.0015999999595806003,,,,,,,
4100000,820,0.20000000298023224,0.3316928446292877,112.8412857055664,-0.03186497092247009,225.74896240234375,0.01238302607089281,0.20000000298023224,0.5083999633789062,0.0015999999595806003,,,,,,,
4105000,821,0.10000000149011612,0.34899914264678955,117.29081726074219,0.3633151352405548,233.85780334472656,0.0031449776142835617,0.10000000149011612,0.47574999928474426,0.0015499999281018972,,,,,,,
4110000,822,0.20000000298023224,0.3637779951095581,109.7885513305664,0.5516083240509033,218.47679138183594,0.01059485599398613,0.20000000298023224,0.5033000111579895,0.0012499999720603228,,,,,,,
4115000,823,0.20000000298023224,0.31028279662132263,91.73204040527344,-0.42494046688079834,184.31643676757812,0.010512039065361023,0.20000000298023224,0.5378000140190125,0.0009999999310821295,,,,,,,
4120000,824,0.0,0.3253423571586609,1.7589082717895508,-0.45387813448905945,4.428175449371338,-0.005748636554926634,0.0,0.5511499643325806,0.0011500000255182385,,,,,,,
4125000,825,0.0,0.36318230628967285,1.4669958353042603,-0.12272107601165771,3.1823391914367676,-0.005745133850723505,0.0,0.49889999628067017,0.0015499999281018972,,,,,,,
4130000,826,0.0,0.34000062942504883,3.4925060272216797,0.464957058429718,6.0578179359436035,-0.0057416330091655254,0.0,0.5669000148773193,0.0015999999595806003,,,,,,,
4135000,827,0.0,0.3526342809200287,1.7241475582122803,-0.143861323595047,3.7388389110565186,-0.005738132167607546,0.0,0.455949991941452,0.001500000013038516,,,,,,,
4140000,828,0.0,0.3849419951438904,2.691845655441284,0.027280449867248535,5.332210063934326,-0.005734646692872047,0.0,0.4545999765396118,0.002050000010058284,,,,,,,
4145000,829,0.5,0.38573551177978516,247.5602569580078,0.7080940008163452,493.7073974609375,0.03696916997432709,0.5,0.4380999803543091,0.0017999999690800905,,,,,,,
4150000,830,0.10000000149011612,0.3866215646266937,222.86363220214844,0.8555425405502319,444.019287109375,-0.00031450996175408363,0.10000000149011612,0.4043499827384949,0.0012499999720603228,,,,,,,
4155000,831,0.10000000149011612,0.38300883769989014,17.07028579711914,0.5785880088806152,32.98645782470703,-0.0008445924613624811,0.10000000149011612,0.4986499845981598,0.0018500000005587935,,,,,,,
4160000,832,0.20000000298023224,0.3762597441673279,30.569849014282227,0.05513007938861847,61.032447814941406,0.0041321925818920135,0.20000000298023224,0.4339999854564667,0.001349999918602407,,,,,,,
4165000,833,0.10000000149011612,0.4022709131240845,41.08441925048828,-0.06156432628631592,82.2951889038086,-0.0003837835101876408,0.10000000149011612,0.40789997577667236,0.001349999918602407,,,,,,,
4170000,834,0.10000000149011612,0.34914934635162354,47.39244842529297,0.12782010436058044,94.53205108642578,0.00013356551062315702,0.10000000149011612,0.40825000405311584,0.0010999999940395355,,,,,,,
4175000,835,0.10000000149011612,0.4383528530597687,37.87950134277344,0.08859933912754059,75.58531188964844,0.0020704909693449736,0.10000000149011612,0.3328999876976013,0.00139999995008111,,,,,,,
4180000,836,0.20000000298023224,0.39986103773117065,60.32135772705078,-0.21308238804340363,121.07208251953125,0.005550612695515156,0.20000000298023224,0.33879998326301575,0.0009499999578110874,,,,,,,
4185000,837,0.0,0.42643433809280396,2.4339523315429688,0.17493978142738342,4.52143669128418,-0.005760563537478447,0.0,0.43309998512268066,0.001500000013038516,,,,,,,
4190000,838,0.20000000298023224,0.43942517042160034,90.69937896728516,0.7996264696121216,179.8030242919922,0.01166367344558239,0.20000000298023224,0.3960999846458435,0.0016999999061226845,,,,,,,
4195000,839,0.10000000149011612,0.4107258915901184,19.162269592285156,-0.18723377585411072,38.702293395996094,4.501914736465551e-05,0.10000000149011612,0.3254999816417694,0.0015999999595806003,,,,,,,
4200000,840,0.20000000298023224,0.4648977518081665,74.01889038085938,0.08464021235704422,147.87222290039062,0.008526047691702843,0.20000000298023224,0.3516499996185303,0.002050000010058284,,,,,,,
4205000,841,0.0,0.4184001386165619,0.6337792873382568,-0.6531888246536255,2.5772833824157715,-0.0057695405557751656,0.0,0.3590500056743622,0.0012499999720603228,,,,,,,
4210000,842,0.10000000149011612,0.4799799919128418,91.75677490234375,-0.014265596866607666,183.54591369628906,0.002893899567425251,0.10000000149011612,0.32314997911453247,0.001500000013038516,,,,,,,
4215000,843,0.0,0.4587615132331848,0.8119978904724121,-0.321510374546051,2.270686626434326,-0.005767913535237312,0.0,0.3130999803543091,0.00139999995008111,,,,,,,
4220000,844,0.4000000059604645,0.5149797201156616,323.2808837890625,0.3652578592300415,645.8353881835938,0.027097584679722786,0.4000000059604645,0.3168500065803528,0.001999999862164259,,,,,,,
4225000,845,0.10000000149011612,0.4399462044239044,57.01942825317383,0.22026708722114563,113.60184478759766,0.005695866886526346,0.10000000149011612,0.38154998421669006,0.0017999999690800905,,,,,,,
4230000,846,0.10000000149011612,0.4594266712665558,52.896690368652344,-0.35179170966148376,106.50064086914062,0.00014658583677373827,0.10000000149011612,0.2884500026702881,0.0013000000035390258,,,,,,,
4235000,847,0.20000000298023224,0.4547603130340576,93.0869140625,-0.17566727101802826,186.52879333496094,0.01162348035722971,0.20000000298023224,0.3328000009059906,0.0011999999405816197,,,,,,,
4240000,848,0.10000000149011612,0.42601391673088074,55.491146087646484,-0.19403883814811707,111.373779296875,0.0001523246755823493,0.10000000149011612,0.3623499870300293,0.001449999981559813,,,,,,,
4245000,849,0.20000000298023224,0.4898326098918915,75.10377502441406,-0.1578555554151535,150.5271759033203,0.009157075546681881,0.20000000298023224,0.34334999322891235,0.0013000000035390258,,,,,,,
4250000,850,0.0,0.41395866870880127,0.7324122190475464,-0.4369012713432312,2.3419387340545654,-0.005797288380563259,0.0,0.30869999527931213,0.0009499999578110874,,,,,,,
4255000,851,0.30000001192092896,0.465841144323349,101.13682556152344,-0.4481009840965271,203.173583984375,0.01587017811834812,0.30000001192092896,0.319350004196167,0.0015999999595806003,,,,,,,
4260000,852,0.20000000298023224,0.4814355969429016,2979.47021484375,1.4620050191879272,5956.0205078125,0.022095926105976105,0.20000000298023224,0.319350004196167,0.00139999995008111,,,,,,,
4265000,853,0.0,0.415408194065094,0.6147850751876831,-0.21766605973243713,1.6682255268096924,-0.005817232187837362,0.0,0.3549499809741974,0.0011500000255182385,,,,,,,
4270000,854,0.20000000298023224,0.4526693820953369,124.17719268798828,0.339201956987381,247.67959594726562,0.009468259289860725,0.20000000298023224,0.4032000005245209,0.002050000010058284,,,,,,,
4275000,855,0.10000000149011612,0.429456502199173,60.48551940917969,-0.12944592535495758,121.23336791992188,0.0023443365935236216,0.10000000149011612,0.3630000054836273,0.0005999999702908099,,,,,,,
4280000,856,0.10000000149011612,0.4782026708126068,107.66043853759766,-0.15088438987731934,215.62646484375,0.0032432132866233587,0.10000000149011612,0.32934999465942383,0.0019499999471008778,,,,,,,
4285000,857,0.10000000149011612,0.43027186393737793,43.64842224121094,-0.2880827784538269,87.87644958496094,0.0018837832612916827,0.10000000149011612,0.3700000047683716,0.0013000000035390258,,,,,,,
4290000,858,0.10000000149011612,0.4180765450000763,62.2674560546875,0.13613849878311157,124.26597595214844,0.002627673326060176,0.10000000149011612,0.3730500042438507,0.0013000000035390258,,,,,,,
4295000,859,0.20000000298023224,0.41962069272994995,133.15072631835938,0.13214382529258728,266.04052734375,0.012001336552202702,0.20000000298023224,0.33284997940063477,0.001349999918602407,,,,,,,
4300000,860,0.30000001192092896,0.39564740657806396,145.41065979003906,0.13185201585292816,290.560791015625,0.01726028136909008,0.30000001192092896,0.3684999942779541,0.0013000000035390258,,,,,,,
4305000,861,0.20000000298023224,0.4776221215724945,57.14906692504883,-0.266821026802063,114.8355941772461,0.00622484041377902,0.20000000298023224,0.30434998869895935,0.001500000013038516,,,,,,,
4310000,862,0.10000000149011612,0.40655797719955444,22.235145568847656,-0.7317404747009277,45.9370231628418,-0.0004559873486869037,0.10000000149011612,0.34139999747276306,0.0010999999940395355,,,,,,,
4315000,863,0.0,0.4231601655483246,0.3998088836669922,-0.5739983320236206,1.9509997367858887,-0.005846630781888962,0.0,0.37299999594688416,0.0016499999910593033,,,,,,,
4320000,864,0.20000000298023224,0.3794262409210205,173.72288513183594,0.4385010004043579,346.5718078613281,0.008732589893043041,0.20000000298023224,0.3469499945640564,0.0007999999797903001,,,,,,,
4325000,865,0.10000000149011612,0.4295389652252197,250.65406799316406,-0.010449528694152832,501.33245849609375,-0.00012827968748752028,0.10000000149011612,0.2945999801158905,0.0011500000255182385,,,,,,,
4330000,866,0.30000001192092896,0.3931162357330322,120.37489318847656,-0.0740572065114975,240.9010467529297,0.015076424926519394,0.30000001192092896,0.25939998030662537,0.0011999999405816197,,,,,,,
4335000,867,0.0,0.4631060063838959,1.4005937576293945,0.12382420897483826,2.557243824005127,-0.005857233889400959,0.0,0.32330000400543213,0.0009999999310821295,,,,,,,
4340000,868,0.0,0.42844724655151367,0.40534043312072754,-0.6164821982383728,2.0470728874206543,-0.005853892304003239,0.0,0.3257499933242798,0.0010499999625608325,,,,,,,
4345000,869,0.10000000149011612,0.45097166299819946,734.7376708984375,1.138782024383545,1467.201416015625,-0.0005048576276749372,0.10000000149011612,0.34404999017715454,0.0011500000255182385,,,,,,,
4350000,870,0.0,0.4010239541530609,0.5187931060791016,-0.7669054269790649,2.5746052265167236,-0.005850285291671753,0.0,0.2726999819278717,0.0017999999690800905,,,,,,,
4355000,871,0.20000000298023224,0.4838038682937622,80.8171157836914,-0.3549767732620239,162.34805297851562,0.007356137502938509,0.20000000298023224,0.32725000381469727,0.0010499999625608325,,,,,,,
4360000,872,0.20000000298023224,0.44039931893348694,74.33053588867188,-0.7741925120353699,150.21298217773438,0.009927427396178246,0.20000000298023224,0.3159500062465668,0.0015499999281018972,,,,,,,
4365000,873,0.10000000149011612,0.4379010498523712,44.39352035522461,-0.6272664666175842,90.04507446289062,0.003296351060271263,0.10000000149011612,0.3244999945163727,0.001500000013038516,,,,,,,
4370000,874,0.10000000149011612,0.44227227568626404,53.800880432128906,-0.6090655326843262,108.82343292236328,0.0021484962198883295,0.10000000149011612,0.2680499851703644,0.001500000013038516,,,,,,,
4375000,875,0.10000000149011612,0.4403388500213623,21.179407119750977,-0.5829392671585083,43.52821731567383,-2.0735931684612297e-05,0.10000000149011612,0.257750004529953,0.0009499999578110874,,,,,,,
4380000,876,0.30000001192092896,0.36613091826438904,194.45880126953125,-0.4621559977531433,389.8448486328125,0.012322223745286465,0.30000001192092896,0.2859500050544739,0.0009999999310821295,,,,,,,
4385000,877,0.0,0.4900209903717041,0.47926175594329834,-1.1026324033737183,3.167708396911621,-0.005867592990398407,0.0,0.2524999976158142,0.0013000000035390258,,,,,,,
4390000,878,0.10000000149011612,0.41273951530456543,51.83315658569336,-0.9907059669494629,105.6510238647461,0.003317414317280054,0.10000000149011612,0.2613999843597412,0.0012499999720603228,,,,,,,
4395000,879,0.0,0.4196817874908447,0.3287971019744873,-1.186992883682251,3.0349373817443848,-0.005866250488907099,0.0,0.2868500053882599,0.0011500000255182385,,,,,,,
4400000,880,0.0,0.4304658770561218,0.323577880859375,-0.8355621099472046,2.321723699569702,-0.005862916354089975,0.0,0.25544998049736023,0.0009499999578110874,,,,,,,
4405000,881,0.20000000298023224,0.4157383143901825,75.87167358398438,-0.9730849862098694,153.69284057617188,0.008477405644953251,0.20000000298023224,0.30355000495910645,0.0009999999310821295,,,,,,,
4410000,882,0.30000001192092896,0.4541136920452118,160.5167694091797,-0.915604829788208,322.8683776855469,0.018267160281538963,0.30000001192092896,0.25505000352859497,0.0012499999720603228,,,,,,,
4415000,883,0.10000000149011612,0.430796355009079,27.08486557006836,-0.447529137134552,55.0682373046875,0.003000117838382721,0.10000000149011612,0.31264999508857727,0.001349999918602407,,,,,,,
4420000,884,0.20000000298023224,0.4651010036468506,182.49130249023438,-0.3749052584171295,365.73614501953125,0.005434222053736448,0.20000000298023224,0.20799998939037323,0.001349999918602407,,,,,,,
4425000,885,0.10000000149011612,0.4100567102432251,48.573974609375,-0.7373366951942444,98.62590026855469,-0.0006267062854021788,0.10000000149011612,0.3197000026702881,0.0009999999310821295,,,,,,,
4430000,886,0.0,0.4256137013435364,1.0963695049285889,-1.1569939851760864,4.5101318359375,-0.00587965315207839,0.0,0.284199982881546,0.00139999995008111,,,,,,,
4435000,887,0.10000000149011612,0.4292486011981964,29.66166114807129,-0.6427220106124878,60.61220169067383,0.001964596100151539,0.10000000149011612,0.23694999516010284,0.0013000000035390258,,,,,,,
4440000,888,0.10000000149011612,0.3852040767669678,167.7407684326172,-0.20062057673931122,335.8858642578125,0.0024504484608769417,0.10000000149011612,0.24944999814033508,0.0010999999940395355,,,,,,,
4445000,889,0.20000000298023224,0.4422188401222229,79.45447540283203,-0.1202620193362236,159.15301513671875,0.010664770379662514,0.20000000298023224,0.24059998989105225,0.001449999981559813,,,,,,,
4450000,890,0.20000000298023224,0.3783262372016907,40.57387924194336,-0.2293636053800583,81.60951232910156,0.007689047604799271,0.20000000298023224,0.25505000352859497,0.0005999999702908099,,,,,,,
4455000,891,0.10000000149011612,0.4053753614425659,36.55668258666992,1.0258156061172485,71.06497955322266,0.0024457762483507395,0.10000000149011612,0.2113499939441681,0.00139999995008111,,,,,,,
4460000,892,0.10000000149011612,0.4441012740135193,29.00541877746582,0.07525470852851868,57.8638801574707,0.0024509956128895283,0.10000000149011612,0.2884500026702881,0.0005499999970197678,,,,,,,
4465000,893,0.0,0.4212883710861206,0.8498567342758179,-0.5115269422531128,2.726137638092041,-0.005892525892704725,0.0,0.20969998836517334,0.0005499999970197678,,,,,,,
4470000,894,0.10000000149011612,0.4013574421405792,50.22261428833008,-0.166372612118721,100.78118133544922,0.002215056214481592,0.10000000149011612,0.22059999406337738,0.00039999998989515007,,,,,,,
4475000,895,0.0,0.4177258014678955,0.9869488477706909,-0.055425435304641724,2.088090419769287,-0.005890565924346447,0.0,0.3224499821662903,0.0008499999530613422,,,,,,,
4480000,896,0.4000000059604645,0.42022231221199036,161.7006378173828,0.2847059965133667,322.8352355957031,0.02089693211019039,0.4000000059604645,0.30184999108314514,0.0011500000255182385,,,,,,,
4485000,897,0.0,0.3875950276851654,1.058833360671997,-0.4014871120452881,2.9237418174743652,-0.00589912012219429,0.0,0.22344999015331268,0.001349999918602407,,,,,,,
4490000,898,0.0,0.3683652877807617,0.6329835653305054,-0.3986313045024872,2.066176652908325,-0.005895819514989853,0.0,0.2750000059604645,0.0013000000035390258,,,,,,,
4495000,899,0.30000001192092896,0.42411091923713684,229.99183654785156,-0.10016340017318726,460.1873779296875,0.009514117613434792,0.30000001192092896,0.29350000619888306,0.001449999981559813,,,,,,,
4500000,900,0.0,0.4406549036502838,0.7447524666786194,-0.5257763266563416,2.5445828437805176,-0.005897872615605593,0.0,0.2549000084400177,0.0011500000255182385,,,,,,,
4505000,901,0.0,0.4702242612838745,0.8298901319503784,-0.11033459007740021,1.8842113018035889,-0.0058945948258042336,0.0,0.2809000015258789,0.0010999999940395355,,,,,,,
4510000,902,0.10000000149011612,0.4506860375404358,50.98154830932617,0.1654016673564911,101.63590240478516,0.0027682154905050993,0.10000000149011612,0.2891499996185303,0.0008499999530613422,,,,,,,
4515000,903,0.5,0.44591695070266724,202.4803924560547,0.7245476245880127,403.5152587890625,0.027829982340335846,0.5,0.235849991440773,0.0010999999940395355,,,,,,,
4520000,904,0.10000000149011612,0.40534061193466187,33.849884033203125,-0.3458639979362488,68.39473724365234,0.0034069358371198177,0.10000000149011612,0.2667999863624573,0.001500000013038516,,,,,,,
4525000,905,0.10000000149011612,0.42079460620880127,30.616052627563477,-0.23113970458507538,61.697750091552734,0.0037888549268245697,0.10000000149011612,0.2624000012874603,0.0012499999720603228,,,,,,,
4530000,906,0.20000000298023224,0.4414287209510803,41.989051818847656,0.02812793105840683,83.92537689208984,0.00507287448272109,0.20000000298023224,0.24804998934268951,0.0008999999845400453,,,,,,,
4535000,907,0.20000000298023224,0.4660661816596985,64.58771514892578,-0.6547864675521851,130.48873901367188,0.004936879966408014,0.20000000298023224,0.22974999248981476,0.001449999981559813,,,,,,,
4540000,908,0.0,0.47959861159324646,1.9472932815551758,-0.12016766518354416,4.138758659362793,-0.005918372422456741,0.0,0.25084999203681946,0.001349999918602407,,,,,,,
4545000,909,0.30000001192092896,0.4676309823989868,198.01419067382812,1.2988505363464355,393.4344177246094,0.016357289627194405,0.30000001192092896,0.20349998772144318,0.0009499999578110874,,,,,,,
4550000,910,0.10000000149011612,0.4719221889972687,82.52357482910156,0.20067596435546875,164.64956665039062,3.650226426543668e-05,0.10000000149011612,0.24724999070167542,0.0013000000035390258,,,,,,,
4555000,911,0.10000000149011612,0.4278910458087921,37.79507064819336,0.12351928651332855,75.34652709960938,0.0027835811488330364,0.10000000149011612,0.23674999177455902,0.0010999999940395355,,,,,,,
4560000,912,0.10000000149011612,0.44980311393737793,92.08975219726562,0.2297646701335907,183.72357177734375,-4.906082176603377e-05,0.10000000149011612,0.22834999859333038,0.0015999999595806003,,,,,,,
4565000,913,0.0,0.5038965940475464,1.0472283363342285,-0.3298582136631012,2.758204221725464,-0.005925872828811407,0.0,0.26194998621940613,0.0010999999940395355,,,,,,,
4570000,914,0.10000000149011612,0.48078465461730957,15.11745834350586,-0.04288720339536667,30.32453727722168,-0.0013267842587083578,0.10000000149011612,0.22019998729228973,0.0010999999940395355,,,,,,,
4575000,915,0.30000001192092896,0.43873655796051025,103.2485122680664,0.2635124921798706,205.9735107421875,0.016279857605695724,0.30000001192092896,0.19954998791217804,0.001449999981559813,,,,,,,
4580000,916,0.5,0.4668766260147095,261.60980224609375,2.3500418663024902,518.5232543945312,0.02951699122786522,0.5,0.1822499930858612,0.0012499999720603228,,,,,,,
4585000,917,0.10000000149011612,0.4539143145084381,21.175390243530273,-0.20596370100975037,42.76633834838867,0.0016143961111083627,0.10000000149011612,0.22055000066757202,0.0009499999578110874,,,,,,,
4590000,918,0.0,0.4895111322402954,0.4792470335960388,-0.564226508140564,2.0908632278442383,-0.0059483968652784824,0.0,0.22864998877048492,0.0008499999530613422,,,,,,,
4595000,919,0.10000000149011612,0.48839882016181946,18.338680267333984,-0.06267787516117096,36.80662536621094,-0.0004525386611931026,0.10000000149011612,0.19325000047683716,0.0011999999405816197,,,,,,,
4600000,920,0.10000000149011612,0.5152465105056763,66.38162994384766,0.10868149995803833,132.55001831054688,0.0028092132415622473,0.10000000149011612,0.20969998836517334,0.0017499999376013875,,,,,,,
4605000,921,0.10000000149011612,0.5261918306350708,16.71050262451172,-0.19688129425048828,33.81897735595703,0.0012806174345314503,0.10000000149011612,0.19519999623298645,0.0011999999405816197,,,,,,,
4610000,922,0.30000001192092896,0.5086492300033569,98.48895263671875,0.2797015309333801,196.42257690429688,0.012159658595919609,0.30000001192092896,0.19794999063014984,0.0007999999797903001,,,,,,,
4615000,923,0.20000000298023224,0.45178866386413574,64.69549560546875,0.050173431634902954,129.2942657470703,0.007970287464559078,0.20000000298023224,0.22814999520778656,0.0007999999797903001,,,,,,,
4620000,924,0.0,0.4954674541950226,0.5916971564292908,-0.4386276304721832,2.0646133422851562,-0.005958384368568659,0.0,0.1911499947309494,0.001449999981559813,,,,,,,
4625000,925,0.30000001192092896,0.4253378212451935,108.76557159423828,0.31744688749313354,216.899658203125,0.014968222007155418,0.30000001192092896,0.18754999339580536,0.0012499999720603228,,,,,,,
4630000,926,0.30000001192092896,0.4969800114631653,400.8822937011719,1.9112356901168823,797.9461059570312,0.02068381942808628,0.30000001192092896,0.19139999151229858,0.0015499999281018972,,,,,,,
4635000,927,0.20000000298023224,0.46069154143333435,50.95232391357422,-0.018353737890720367,101.94503784179688,0.008945431560277939,0.20000000298023224,0.20579999685287476,0.0011500000255182385,,,,,,,
4640000,928,0.10000000149011612,0.4118010699748993,76.2967529296875,0.10256238281726837,152.3916778564453,0.002527704229578376,0.10000000149011612,0.19564999639987946,0.0010999999940395355,,,,,,,
4645000,929,0.10000000149011612,0.4560773968696594,27.34851837158203,0.2427326738834381,54.2152214050293,0.0025307380128651857,0.10000000149011612,0.24309998750686646,0.0010499999625608325,,,,,,,
4650000,930,0.10000000149011612,0.4717487692832947,18.408447265625,-0.2163824439048767,37.25343322753906,-0.0005289630498737097,0.10000000149011612,0.2415499985218048,0.0009999999310821295,,,,,,,
4655000,931,0.0,0.4364578127861023,0.5454896092414856,-0.4909598231315613,2.076390504837036,-0.005982479080557823,0.0,0.22814999520778656,0.0010499999625608325,,,,,,,
4660000,932,0.0,0.4213601350784302,0.5391520261764526,-0.8868837952613831,2.855442523956299,-0.005979272536933422,0.0,0.2153499871492386,0.00139999995008111,,,,,,,
4665000,933,0.10000000149011612,0.4556434154510498,73.09284210205078,0.3751381039619446,145.43905639648438,0.0018509284127503633,0.10000000149011612,0.25974997878074646,0.0011500000255182385,,,,,,,
4670000,934,0.0,0.42131227254867554,0.7129637002944946,-0.19013871252536774,1.8095753192901611,-0.005977155640721321,0.0,0.24949999153614044,0.0010999999940395355,,,,,,,
4675000,935,0.0,0.4038121700286865,0.9592397212982178,-0.2559700012207031,2.433650016784668,-0.005973979830741882,0.0,0.2822999954223633,0.0008499999530613422,,,,,,,
4680000,936,0.20000000298023224,0.42290717363357544,61.73252487182617,0.2311619073152542,123.00611114501953,0.005938453134149313,0.20000000298023224,0.22004999220371246,0.0008999999845400453,,,,,,,
4685000,937,0.20000000298023224,0.38833439350128174,69.68650817871094,0.3858361542224884,138.6044464111328,0.00877861026674509,0.20000000298023224,0.28849998116493225,0.0005999999702908099,,,,,,,
4690000,938,0.0,0.44150593876838684,1.2328248023986816,-0.6871933937072754,3.8435685634613037,-0.005978844128549099,0.0,0.26919999718666077,0.001449999981559813,,,,,,,
4695000,939,0.20000000298023224,0.4063989520072937,38.98443603515625,0.3164701461791992,77.33917999267578,0.008277141489088535,0.20000000298023224,0.27024999260902405,0.0010999999940395355,,,,,,,
4700000,940,0.10000000149011612,0.40797024965286255,36.928565979003906,-0.3602975010871887,74.58099365234375,0.0023239681031554937,0.10000000149011612,0.25174999237060547,0.0011999999405816197,,,,,,,
4705000,941,0.20000000298023224,0.4174625873565674,58.39670181274414,-0.610981822013855,118.01870727539062,0.009471036493778229,0.20000000298023224,0.3138999938964844,0.0017499999376013875,,,,,,,
4710000,942,0.10000000149011612,0.4564855694770813,11.56295394897461,-0.35979852080345154,23.849157333374023,-0.00010634402860887349,0.10000000149011612,0.24534998834133148,0.0009499999578110874,,,,,,,
4715000,943,0.0,0.4076216518878937,0.7170353531837463,-0.4331083297729492,2.3035483360290527,-0.005986520554870367,0.0,0.2957499921321869,0.0010999999940395355,,,,,,,
4720000,944,0.0,0.41411292552948,1.3724557161331177,0.07047286629676819,2.60727858543396,-0.005983329843729734,0.0,0.24214999377727509,0.0010999999940395355,,,,,,,
4725000,945,0.20000000298023224,0.41109317541122437,138.31741333007812,-0.24444815516471863,277.12701416015625,0.010226782411336899,0.20000000298023224,0.2538999915122986,0.0006500000017695129,,,,,,,
4730000,946,0.20000000298023224,0.4475885331630707,88.63641357421875,0.07501213252544403,177.1263885498047,0.004811234772205353,0.20000000298023224,0.28529998660087585,0.0007999999797903001,,,,,,,
4735000,947,0.0,0.4693460762500763,0.7189033627510071,-0.2111540138721466,1.863869547843933,-0.00598832918331027,0.0,0.28075000643730164,0.0011999999405816197,,,,,,,
4740000,948,0.0,0.47489023208618164,0.43769243359565735,-0.40854978561401367,1.6962835788726807,-0.005985158961266279,0.0,0.2806999981403351,0.001449999981559813,,,,,,,
4745000,949,0.20000000298023224,0.48076432943344116,49.193233489990234,-0.08710189908742905,98.56451416015625,0.0077134170569479465,0.20000000298023224,0.25554999709129333,0.001500000013038516,,,,,,,
4750000,950,0.0,0.41932493448257446,1.0339908599853516,-0.17128975689411163,2.4139158725738525,-0.005986150819808245,0.0,0.20354999601840973,0.0007999999797903001,,,,,,,
4755000,951,0.0,0.4656537175178528,0.4735153913497925,-0.2980649769306183,1.5468859672546387,-0.0059830062091350555,0.0,0.25349998474121094,0.0011500000255182385,,,,,,,
4760000,952,0.10000000149011612,0.4330933690071106,23.15654754638672,0.1176726222038269,46.081214904785156,0.0021461923606693745,0.10000000149011612,0.25005000829696655,0.0011999999405816197,,,,,,,
4765000,953,0.30000001192092896,0.41306325793266296,182.7279052734375,0.6575606465339661,364.14398193359375,0.013095071539282799,0.30000001192092896,0.20819999277591705,0.0008999999845400453,,,,,,,
4770000,954,0.0,0.535076379776001,0.9544463157653809,0.27650073170661926,1.3601717948913574,-0.005988019518554211,0.0,0.24274998903274536,0.0008499999530613422,,,,,,,
4775000,955,0.0,0.5118730664253235,0.3263714909553528,-0.6142499446868896,1.8853378295898438,-0.005984858609735966,0.0,0.2642499804496765,0.0012499999720603228,,,,,,,
4780000,956,0.10000000149011612,0.48888731002807617,66.5626449584961,-0.02854326367378235,133.18629455566406,0.004938575439155102,0.10000000149011612,0.22254998981952667,0.0011999999405816197,,,,,,,
4785000,957,0.10000000149011612,0.47899162769317627,325259.53125,234.29229736328125,650050.5,0.0029380538035184145,0.10000000149011612,0.22574999928474426,0.0011500000255182385,,,,,,,
4790000,958,0.0,0.47635629773139954,2.2833051681518555,-0.3925398588180542,5.3555006980896,-0.0059861065819859505,0.0,0.16734999418258667,0.0015999999595806003,,,,,,,
4795000,959,0.10000000149011612,0.4782143235206604,54.16292953491211,-0.443875789642334,109.21743774414062,0.0015667746774852276,0.10000000149011612,0.1684499979019165,0.0011500000255182385,,,,,,,
4800000,960,0.4000000059604645,0.474389910697937,108.97071838378906,-0.6909013986587524,219.32704162597656,0.018789544701576233,0.4000000059604645,0.11319999396800995,0.0007999999797903001,,,,,,,
4805000,961,0.20000000298023224,0.5028537511825562,57.75161361694336,-0.4958380162715912,116.4989242553711,0.007581215351819992,0.20000000298023224,0.09184999763965607,0.0008999999845400453,,,,,,,
4810000,962,0.0,0.46039819717407227,4.891404151916504,-1.2352020740509033,12.256896018981934,-0.005997832864522934,0.0,0.09119999408721924,0.0013000000035390258,,,,,,,
4815000,963,0.20000000298023224,0.47580674290657043,135.6381378173828,1.0181796550750732,269.24371337890625,0.01017009373754263,0.20000000298023224,0.05649999901652336,0.0010999999940395355,,,,,,,
4820000,964,0.10000000149011612,0.4640977084636688,32.34410095214844,-0.6188015341758728,65.92951965332031,0.001957305008545518,0.10000000149011612,0.045399997383356094,0.0009999999310821295,,,,,,,
4825000,965,0.10000000149011612,0.40581560134887695,24.387083053588867,-1.5643521547317505,51.9061164855957,0.0021775858476758003,0.10000000149011612,0.056449998170137405,0.0008499999530613422,,,,,,,
4830000,966,0.0,0.446780800819397,2.1767196655273438,-2.772308349609375,9.901630401611328,-0.006002441979944706,0.0,0.057249996811151505,0.0009499999578110874,,,,,,,
4835000,967,0.10000000149011612,0.3933921456336975,39.01896667480469,-3.875392436981201,85.79186248779297,0.0010942075168713927,0.10000000149011612,0.020549999549984932,0.0009999999310821295,,,,,,,
4840000,968,0.10000000149011612,0.41930145025253296,37.10171127319336,-1.553276777267456,77.3133316040039,0.0036408735904842615,0.10000000149011612,0.07440000027418137,0.00139999995008111,,,,,,,
4845000,969,0.10000000149011612,0.39432623982429504,22.872421264648438,-1.7853386402130127,49.31867599487305,0.001974570332095027,0.10000000149011612,0.05784999951720238,0.0006500000017695129,,,,,,,
4850000,970,0.10000000149011612,0.4040098190307617,31.63953399658203,-1.7073845863342285,66.69706726074219,0.0032944728154689074,0.10000000149011612,0.05844999849796295,0.0009499999578110874,,,,,,,
4855000,971,0.0,0.38792943954467773,3.608816623687744,-1.350609302520752,9.921955108642578,-0.006004757713526487,0.0,0.0669500008225441,0.0008499999530613422,,,,,,,
4860000,972,0.10000000149011612,0.4170624315738678,30.504758834838867,-1.9500477313995361,64.91294860839844,0.0017882834654301405,0.10000000149011612,0.05044999718666077,0.0009999999310821295,,,,,,,
4865000,973,0.10000000149011612,0.4223111867904663,16.379436492919922,-0.8153771162033081,34.39300537109375,0.0009653657907620072,0.10000000149011612,0.07254999876022339,0.0008499999530613422,,,,,,,
4870000,974,0.0,0.3724597692489624,5.009449005126953,-1.6701714992523193,13.362220764160156,-0.006003163754940033,0.0,0.05549999698996544,0.0008999999845400453,,,,,,,
4875000,975,0.0,0.40366220474243164,12.266670227050781,-6.673100471496582,37.88277053833008,-0.00600007688626647,0.0,0.05094999819993973,0.000699999975040555,,,,,,,
4880000,976,0.0,0.3808930516242981,6.4059858322143555,-1.0355193614959717,14.88605785369873,-0.005996993277221918,0.0,0.041349999606609344,0.0009499999578110874,,,,,,,
4885000,977,0.10000000149011612,0.41273048520088196,52.83909225463867,-2.349944591522217,110.38137817382812,0.0030202935449779034,0.10000000149011612,0.05784999951720238,0.0008999999845400453,,,,,,,
4890000,978,0.30000001192092896,0.4041121304035187,95.33424377441406,-1.5361195802688599,193.74395751953125,0.018173212185502052,0.30000001192092896,0.08455000072717667,0.001349999918602407,,,,,,,
4895000,979,0.0,0.38417530059814453,4.605754375457764,-1.2104618549346924,11.635505676269531,-0.006004971917718649,0.0,0.08209999650716782,0.000750000006519258,,,,,,,
4900000,980,0.0,0.3787790536880493,6.537484645843506,-0.5815815925598145,14.241162300109863,-0.0060018994845449924,0.0,0.08145000040531158,0.0010999999940395355,,,,,,,
4905000,981,0.10000000149011612,0.3962317705154419,20.488040924072266,-0.6464306116104126,42.27211380004883,0.0009979992173612118,0.10000000149011612,0.09564999490976334,0.001349999918602407,,,,,,,
4910000,982,0.0,0.3716275691986084,5.252568244934082,-0.745148777961731,11.998407363891602,-0.00599944731220603,0.0,0.10170000046491623,0.0009999999310821295,,,,,,,
4915000,983,0.0,0.4251919388771057,4.706215858459473,-1.6599019765853882,12.735637664794922,-0.005996413063257933,0.0,0.1010499969124794,0.0007999999797903001,,,,,,,
4920000,984,0.0,0.37026017904281616,3.9368791580200195,-1.0738625526428223,10.024445533752441,-0.005993389990180731,0.0,0.08559999614953995,0.0008499999530613422,,,,,,,
4925000,985,0.10000000149011612,0.37495094537734985,17.530057907104492,-1.4432649612426758,37.94964599609375,0.0008856586064212024,0.10000000149011612,0.12764999270439148,0.0011500000255182385,,,,,,,
4930000,986,0.0,0.3820425570011139,5.159495830535889,-1.43473482131958,13.19151782989502,-0.0059908609837293625,0.0,0.13134999573230743,0.0006500000017695129,,,,,,,
4935000,987,0.20000000298023224,0.34794899821281433,49.74656677246094,-1.4750277996063232,102.44597625732422,0.009910293854773045,0.20000000298023224,0.13695000112056732,0.00044999999227002263,,,,,,,
4940000,988,0.0,0.36425578594207764,5.029327392578125,-1.1973881721496582,12.456345558166504,-0.005992963910102844,0.0,0.15269999206066132,0.0009999999310821295,,,,,,,
4945000,989,0.0,0.29614850878715515,10.323497772216797,0.6620550751686096,19.325254440307617,-0.005989923607558012,0.0,0.12870000302791595,0.0005499999970197678,,,,,,,
4950000,990,0.0,0.3924078047275543,4.379403114318848,-1.063528060913086,10.889001846313477,-0.005986906122416258,0.0,0.1481499969959259,0.0010999999940395355,,,,,,,
4955000,991,0.0,0.31001782417297363,4.587932109832764,-1.277370810508728,11.733085632324219,-0.005983892362564802,0.0,0.1570499986410141,0.0008999999845400453,,,,,,,
4960000,992,0.0,0.36340439319610596,15.967684745788574,-0.3606541156768799,32.659584045410156,-0.005980883724987507,0.0,0.18524999916553497,0.0009499999578110874,,,,,,,
4965000,993,0.10000000149011612,0.33542680740356445,48.52910614013672,-1.0997554063796997,99.26040649414062,0.0028214824851602316,0.10000000149011612,0.17229999601840973,0.0007999999797903001,,,,,,,
4970000,994,0.0,0.2927936315536499,2.5545272827148438,-1.2579872608184814,7.627371788024902,-0.005979390814900398,0.0,0.1808999925851822,0.0004999999655410647,,,,,,,
4975000,995,0.0,0.3228220045566559,5.635281085968018,-1.1137728691101074,13.500690460205078,-0.005976389162242413,0.0,0.18629999458789825,0.0007999999797903001,,,,,,,
4980000,996,0.0,0.34685444831848145,2.889793872833252,-1.96870756149292,9.719778060913086,-0.0059733823873102665,0.0,0.18039999902248383,0.0005999999702908099,,,,,,,
4985000,997,0.0,0.36085307598114014,3.7212305068969727,-1.1854777336120605,9.816303253173828,-0.005970372818410397,0.0,0.17350000143051147,0.000699999975040555,,,,,,,
4990000,998,0.0,0.31281352043151855,3.300462484359741,-1.2411625385284424,9.085752487182617,-0.005967357661575079,0.0,0.19505000114440918,0.0010499999625608325,,,,,,,
4995000,999,0.0,0.3424043655395508,3.414865255355835,-1.2329779863357544,9.298425674438477,-0.005964340176433325,0.0,0.1764499992132187,0.000699999975040555,,,,,,,
5000000,1000,0.0,0.3346658945083618,6.042926788330078,-1.1157147884368896,14.319960594177246,-0.005961319897323847,0.0,0.2179500013589859,0.000750000006519258,,,,,,,
