environment_steps,updates,mean_episode_returns,entropy,loss,actor_loss,value_loss,reward_std_mean,deliveries,block_rate,idle_rate,pickup_rate,deliveries_early,deliveries_mid,deliveries_late,block_early,block_mid,block_late
4000,1,0.0,,nan,,,,0.0,,,,,,,,,
8000,2,0.0,,nan,,,,0.0,,,,,,,,,
12000,3,0.0,,nan,,,,0.0,,,,,,,,,
16000,4,0.125,,1.3108707666397095,,,,0.125,,,,,,,,,
20000,5,0.125,,2.0853331089019775,,,,0.125,,,,,,,,,
24000,6,0.0,,0.6732389330863953,,,,0.0,,,,,,,,,
28000,7,0.0,,1.0830153226852417,,,,0.0,,,,,,,,,
32000,8,0.0,,1.1397935152053833,,,,0.0,,,,,,,,,
36000,9,0.0,,0.6730536222457886,,,,0.0,,,,,,,,,
40000,10,0.0,,0.9371531009674072,,,,0.0,,,,,,,,,
44000,11,0.0,,0.5931366682052612,,,,0.0,,,,,,,,,
48000,12,0.0,,0.6081978678703308,,,,0.0,,,,,,,,,
52000,13,0.5,,2.196493148803711,,,,0.5,,,,,,,,,
56000,14,0.0,,0.7245645523071289,,,,0.0,,,,,,,,,
60000,15,0.0,,1.4681718349456787,,,,0.0,,,,,,,,,
64000,16,0.0,,1.563352108001709,,,,0.0,,,,,,,,,
68000,17,0.0,,1.8133504390716553,,,,0.0,,,,,,,,,
72000,18,0.125,,1.7919213771820068,,,,0.125,,,,,,,,,
76000,19,0.0,,1.016373872756958,,,,0.0,,,,,,,,,
80000,20,0.0,,1.1423699855804443,,,,0.0,,,,,,,,,
84000,21,0.0,,1.1440391540527344,,,,0.0,,,,,,,,,
88000,22,0.0,,1.649950385093689,,,,0.0,,,,,,,,,
92000,23,0.0,,1.046423316001892,,,,0.0,,,,,,,,,
96000,24,0.0,,0.7420603036880493,,,,0.0,,,,,,,,,
100000,25,0.125,,1.3074138164520264,,,,0.125,,,,,,,,,
104000,26,0.0,,0.2768455147743225,,,,0.0,,,,,,,,,
108000,27,0.0,,1.2222797870635986,,,,0.0,,,,,,,,,
112000,28,0.0,,1.275571584701538,,,,0.0,,,,,,,,,
116000,29,0.0,,0.7946012616157532,,,,0.0,,,,,,,,,
120000,30,0.125,,0.7267999649047852,,,,0.125,,,,,,,,,
124000,31,0.0,,1.1059315204620361,,,,0.0,,,,,,,,,
128000,32,0.0,,1.176360845565796,,,,0.0,,,,,,,,,
132000,33,0.125,,1.1021778583526611,,,,0.125,,,,,,,,,
136000,34,0.25,,1.5097832679748535,,,,0.25,,,,,,,,,
140000,35,0.0,,0.6385018825531006,,,,0.0,,,,,,,,,
144000,36,0.0,,0.8763387203216553,,,,0.0,,,,,,,,,
148000,37,0.125,,0.49579063057899475,,,,0.125,,,,,,,,,
152000,38,0.125,,1.3199150562286377,,,,0.125,,,,,,,,,
156000,39,0.0,,1.5809849500656128,,,,0.0,,,,,,,,,
160000,40,0.0,,0.9825432300567627,,,,0.0,,,,,,,,,
164000,41,0.0,,0.9566234946250916,,,,0.0,,,,,,,,,
168000,42,0.0,,0.6293628215789795,,,,0.0,,,,,,,,,
172000,43,0.0,,1.1407601833343506,,,,0.0,,,,,,,,,
176000,44,0.0,,0.578971266746521,,,,0.0,,,,,,,,,
180000,45,0.125,,1.5895328521728516,,,,0.125,,,,,,,,,
184000,46,0.0,,1.249018907546997,,,,0.0,,,,,,,,,
188000,47,0.0,,1.1594626903533936,,,,0.0,,,,,,,,,
192000,48,0.0,,0.6085573434829712,,,,0.0,,,,,,,,,
196000,49,0.0,,0.8479026556015015,,,,0.0,,,,,,,,,
200000,50,0.0,,0.962895393371582,,,,0.0,,,,,,,,,
204000,51,0.125,,1.0026590824127197,,,,0.125,,,,,,,,,
208000,52,0.0,,0.8646552562713623,,,,0.0,,,,,,,,,
212000,53,0.0,,0.8728455305099487,,,,0.0,,,,,,,,,
216000,54,0.0,,1.0952608585357666,,,,0.0,,,,,,,,,
220000,55,0.0,,0.6944968700408936,,,,0.0,,,,,,,,,
224000,56,0.0,,0.9312891960144043,,,,0.0,,,,,,,,,
228000,57,0.125,,0.9373825788497925,,,,0.125,,,,,,,,,
232000,58,0.0,,1.0377027988433838,,,,0.0,,,,,,,,,
236000,59,0.0,,0.5083024501800537,,,,0.0,,,,,,,,,
240000,60,0.0,,0.7139319181442261,,,,0.0,,,,,,,,,
244000,61,0.0,,1.8595479726791382,,,,0.0,,,,,,,,,
248000,62,0.0,,1.0614619255065918,,,,0.0,,,,,,,,,
252000,63,0.0,,0.3554076552391052,,,,0.0,,,,,,,,,
256000,64,0.0,,1.4612810611724854,,,,0.0,,,,,,,,,
260000,65,0.0,,0.6282526254653931,,,,0.0,,,,,,,,,
264000,66,0.0,,1.509746789932251,,,,0.0,,,,,,,,,
268000,67,0.0,,0.7722599506378174,,,,0.0,,,,,,,,,
272000,68,0.0,,0.39594870805740356,,,,0.0,,,,,,,,,
276000,69,0.0,,0.7994723320007324,,,,0.0,,,,,,,,,
280000,70,0.0,,0.624203622341156,,,,0.0,,,,,,,,,
284000,71,0.0,,0.7152685523033142,,,,0.0,,,,,,,,,
288000,72,0.0,,0.8628954887390137,,,,0.0,,,,,,,,,
292000,73,0.0,,0.46150097250938416,,,,0.0,,,,,,,,,
296000,74,0.0,,0.764315128326416,,,,0.0,,,,,,,,,
300000,75,0.0,,0.7639474272727966,,,,0.0,,,,,,,,,
304000,76,0.125,,0.2595265805721283,,,,0.125,,,,,,,,,
308000,77,0.125,,0.5003466010093689,,,,0.125,,,,,,,,,
312000,78,0.0,,0.8588053584098816,,,,0.0,,,,,,,,,
316000,79,0.0,,1.2787410020828247,,,,0.0,,,,,,,,,
320000,80,0.0,,0.7517663240432739,,,,0.0,,,,,,,,,
324000,81,0.0,,0.19949659705162048,,,,0.0,,,,,,,,,
328000,82,0.0,,1.1564579010009766,,,,0.0,,,,,,,,,
332000,83,0.0,,0.6747745871543884,,,,0.0,,,,,,,,,
336000,84,0.0,,1.5971062183380127,,,,0.0,,,,,,,,,
340000,85,0.125,,0.8788406848907471,,,,0.125,,,,,,,,,
344000,86,0.0,,0.9533021450042725,,,,0.0,,,,,,,,,
348000,87,0.0,,0.7294967174530029,,,,0.0,,,,,,,,,
352000,88,0.0,,0.9504166841506958,,,,0.0,,,,,,,,,
356000,89,0.125,,0.6032747626304626,,,,0.125,,,,,,,,,
360000,90,0.0,,0.7019951939582825,,,,0.0,,,,,,,,,
364000,91,0.125,,0.5251607894897461,,,,0.125,,,,,,,,,
368000,92,0.0,,0.2290380597114563,,,,0.0,,,,,,,,,
372000,93,0.0,,1.5046911239624023,,,,0.0,,,,,,,,,
376000,94,0.0,,0.6050601005554199,,,,0.0,,,,,,,,,
380000,95,0.0,,0.5840979814529419,,,,0.0,,,,,,,,,
384000,96,0.0,,0.6732304096221924,,,,0.0,,,,,,,,,
388000,97,0.0,,1.0417205095291138,,,,0.0,,,,,,,,,
392000,98,0.0,,0.8499348759651184,,,,0.0,,,,,,,,,
396000,99,0.0,,0.7322424650192261,,,,0.0,,,,,,,,,
400000,100,0.0,,0.5119712352752686,,,,0.0,,,,,,,,,
404000,101,0.0,,1.11080801486969,,,,0.0,,,,,,,,,
408000,102,0.0,,0.5248018503189087,,,,0.0,,,,,,,,,
412000,103,0.0,,0.7520012855529785,,,,0.0,,,,,,,,,
416000,104,0.0,,0.4023512005805969,,,,0.0,,,,,,,,,
420000,105,0.0,,1.5131053924560547,,,,0.0,,,,,,,,,
424000,106,0.0,,0.5505507588386536,,,,0.0,,,,,,,,,
428000,107,0.0,,1.1237190961837769,,,,0.0,,,,,,,,,
432000,108,0.0,,0.8901830911636353,,,,0.0,,,,,,,,,
436000,109,0.0,,0.45674651861190796,,,,0.0,,,,,,,,,
440000,110,0.0,,0.1417306512594223,,,,0.0,,,,,,,,,
444000,111,0.0,,1.1570515632629395,,,,0.0,,,,,,,,,
448000,112,0.0,,0.4823746979236603,,,,0.0,,,,,,,,,
452000,113,0.0,,0.47829335927963257,,,,0.0,,,,,,,,,
456000,114,0.0,,0.8009182214736938,,,,0.0,,,,,,,,,
460000,115,0.0,,1.5686191320419312,,,,0.0,,,,,,,,,
464000,116,0.0,,0.3814747929573059,,,,0.0,,,,,,,,,
468000,117,0.0,,0.5659394860267639,,,,0.0,,,,,,,,,
472000,118,0.0,,0.5068337321281433,,,,0.0,,,,,,,,,
476000,119,0.0,,0.8690086007118225,,,,0.0,,,,,,,,,
480000,120,0.0,,1.2961797714233398,,,,0.0,,,,,,,,,
484000,121,0.0,,1.019169807434082,,,,0.0,,,,,,,,,
488000,122,0.0,,0.4574524164199829,,,,0.0,,,,,,,,,
492000,123,0.125,,0.7094172239303589,,,,0.125,,,,,,,,,
496000,124,0.0,,0.49345719814300537,,,,0.0,,,,,,,,,
500000,125,0.0,,0.4525914192199707,,,,0.0,,,,,,,,,
504000,126,0.0,,0.6191253662109375,,,,0.0,,,,,,,,,
508000,127,0.0,,0.44307026267051697,,,,0.0,,,,,,,,,
512000,128,0.0,,0.7966553568840027,,,,0.0,,,,,,,,,
516000,129,0.0,,0.7613056302070618,,,,0.0,,,,,,,,,
520000,130,0.0,,0.2184734344482422,,,,0.0,,,,,,,,,
524000,131,0.0,,0.8148684501647949,,,,0.0,,,,,,,,,
528000,132,0.0,,0.5428041219711304,,,,0.0,,,,,,,,,
532000,133,0.0,,1.5013641119003296,,,,0.0,,,,,,,,,
536000,134,0.0,,0.4596134424209595,,,,0.0,,,,,,,,,
540000,135,0.0,,0.5162443518638611,,,,0.0,,,,,,,,,
544000,136,0.0,,0.7499295473098755,,,,0.0,,,,,,,,,
548000,137,0.0,,0.3975673317909241,,,,0.0,,,,,,,,,
552000,138,0.0,,0.7196840047836304,,,,0.0,,,,,,,,,
556000,139,0.0,,0.48675230145454407,,,,0.0,,,,,,,,,
560000,140,0.0,,0.4890406131744385,,,,0.0,,,,,,,,,
564000,141,0.0,,0.37894123792648315,,,,0.0,,,,,,,,,
568000,142,0.0,,0.5100811719894409,,,,0.0,,,,,,,,,
572000,143,0.0,,0.3020631670951843,,,,0.0,,,,,,,,,
576000,144,0.0,,0.5372501015663147,,,,0.0,,,,,,,,,
580000,145,0.0,,1.0444512367248535,,,,0.0,,,,,,,,,
584000,146,0.0,,0.1568942368030548,,,,0.0,,,,,,,,,
588000,147,0.0,,0.6714590191841125,,,,0.0,,,,,,,,,
592000,148,0.0,,0.4560490548610687,,,,0.0,,,,,,,,,
596000,149,0.0,,0.5221294164657593,,,,0.0,,,,,,,,,
600000,150,0.0,,1.1177400350570679,,,,0.0,,,,,,,,,
604000,151,0.0,,0.4314371347427368,,,,0.0,,,,,,,,,
608000,152,0.0,,0.5977280139923096,,,,0.0,,,,,,,,,
612000,153,0.0,,0.8752978444099426,,,,0.0,,,,,,,,,
616000,154,0.0,,0.10523981600999832,,,,0.0,,,,,,,,,
620000,155,0.0,,0.4272302985191345,,,,0.0,,,,,,,,,
624000,156,0.0,,0.27287521958351135,,,,0.0,,,,,,,,,
628000,157,0.0,,0.4291449785232544,,,,0.0,,,,,,,,,
632000,158,0.0,,0.6902047991752625,,,,0.0,,,,,,,,,
636000,159,0.0,,0.38471323251724243,,,,0.0,,,,,,,,,
640000,160,0.0,,0.29037225246429443,,,,0.0,,,,,,,,,
644000,161,0.0,,0.30057641863822937,,,,0.0,,,,,,,,,
648000,162,0.0,,0.27536115050315857,,,,0.0,,,,,,,,,
652000,163,0.0,,0.15479999780654907,,,,0.0,,,,,,,,,
656000,164,0.0,,0.9878681898117065,,,,0.0,,,,,,,,,
660000,165,0.125,,0.0018362399423494935,,,,0.125,,,,,,,,,
664000,166,0.0,,0.2932157814502716,,,,0.0,,,,,,,,,
668000,167,0.0,,0.9411418437957764,,,,0.0,,,,,,,,,
672000,168,0.0,,0.4661474823951721,,,,0.0,,,,,,,,,
676000,169,0.0,,0.33744850754737854,,,,0.0,,,,,,,,,
680000,170,0.0,,0.0018442628206685185,,,,0.0,,,,,,,,,
684000,171,0.0,,0.45698386430740356,,,,0.0,,,,,,,,,
688000,172,0.0,,0.1505216658115387,,,,0.0,,,,,,,,,
692000,173,0.0,,0.5010093450546265,,,,0.0,,,,,,,,,
696000,174,0.0,,0.05905826389789581,,,,0.0,,,,,,,,,
700000,175,0.0,,0.10431493073701859,,,,0.0,,,,,,,,,
704000,176,0.0,,0.4538637101650238,,,,0.0,,,,,,,,,
708000,177,0.0,,0.06308399140834808,,,,0.0,,,,,,,,,
712000,178,0.0,,0.32074955105781555,,,,0.0,,,,,,,,,
716000,179,0.0,,0.11159464716911316,,,,0.0,,,,,,,,,
720000,180,0.0,,0.3419383764266968,,,,0.0,,,,,,,,,
724000,181,0.0,,0.29381096363067627,,,,0.0,,,,,,,,,
728000,182,0.0,,0.7557625770568848,,,,0.0,,,,,,,,,
732000,183,0.0,,0.5644258856773376,,,,0.0,,,,,,,,,
736000,184,0.0,,0.5764452219009399,,,,0.0,,,,,,,,,
740000,185,0.0,,0.5864786505699158,,,,0.0,,,,,,,,,
744000,186,0.0,,0.0017493695486336946,,,,0.0,,,,,,,,,
748000,187,0.0,,0.18768000602722168,,,,0.0,,,,,,,,,
752000,188,0.0,,0.3111889362335205,,,,0.0,,,,,,,,,
756000,189,0.0,,0.33522048592567444,,,,0.0,,,,,,,,,
760000,190,0.0,,0.11274830996990204,,,,0.0,,,,,,,,,
764000,191,0.0,,0.3081749677658081,,,,0.0,,,,,,,,,
768000,192,0.0,,0.18063794076442719,,,,0.0,,,,,,,,,
772000,193,0.0,,0.20891126990318298,,,,0.0,,,,,,,,,
776000,194,0.0,,0.1423514187335968,,,,0.0,,,,,,,,,
780000,195,0.0,,0.15655936300754547,,,,0.0,,,,,,,,,
784000,196,0.0,,0.0013081207871437073,,,,0.0,,,,,,,,,
788000,197,0.0,,0.18305468559265137,,,,0.0,,,,,,,,,
792000,198,0.0,,0.4946918487548828,,,,0.0,,,,,,,,,
796000,199,0.0,,0.49098867177963257,,,,0.0,,,,,,,,,
800000,200,0.0,,0.5708031058311462,,,,0.0,,,,,,,,,
804000,201,0.0,,0.18502624332904816,,,,0.0,,,,,,,,,
808000,202,0.0,,0.16611073911190033,,,,0.0,,,,,,,,,
812000,203,0.0,,0.21218642592430115,,,,0.0,,,,,,,,,
816000,204,0.0,,0.1121257022023201,,,,0.0,,,,,,,,,
820000,205,0.0,,0.38619810342788696,,,,0.0,,,,,,,,,
824000,206,0.0,,0.001317041227594018,,,,0.0,,,,,,,,,
828000,207,0.125,,0.5846219062805176,,,,0.125,,,,,,,,,
832000,208,0.0,,0.7435436844825745,,,,0.0,,,,,,,,,
836000,209,0.0,,0.10354898124933243,,,,0.0,,,,,,,,,
840000,210,0.0,,0.001342993462458253,,,,0.0,,,,,,,,,
844000,211,0.0,,0.06732027232646942,,,,0.0,,,,,,,,,
848000,212,0.0,,0.5401669144630432,,,,0.0,,,,,,,,,
852000,213,0.0,,0.001196121796965599,,,,0.0,,,,,,,,,
856000,214,0.0,,0.001136183156631887,,,,0.0,,,,,,,,,
860000,215,0.0,,0.18746358156204224,,,,0.0,,,,,,,,,
864000,216,0.0,,0.06504381448030472,,,,0.0,,,,,,,,,
868000,217,0.0,,0.24804554879665375,,,,0.0,,,,,,,,,
872000,218,0.0,,0.0012100266758352518,,,,0.0,,,,,,,,,
876000,219,0.0,,0.0011140244314447045,,,,0.0,,,,,,,,,
880000,220,0.0,,0.001126270741224289,,,,0.0,,,,,,,,,
884000,221,0.0,,0.0010480917990207672,,,,0.0,,,,,,,,,
888000,222,0.0,,0.0010766900377348065,,,,0.0,,,,,,,,,
892000,223,0.0,,0.0011263134656473994,,,,0.0,,,,,,,,,
896000,224,0.0,,0.001082204864360392,,,,0.0,,,,,,,,,
900000,225,0.0,,0.2358623892068863,,,,0.0,,,,,,,,,
904000,226,0.0,,0.31653010845184326,,,,0.0,,,,,,,,,
908000,227,0.0,,0.43292248249053955,,,,0.0,,,,,,,,,
912000,228,0.0,,0.0012750951573252678,,,,0.0,,,,,,,,,
916000,229,0.0,,0.37097635865211487,,,,0.0,,,,,,,,,
920000,230,0.0,,0.5103265643119812,,,,0.0,,,,,,,,,
924000,231,0.0,,0.0013323849998414516,,,,0.0,,,,,,,,,
928000,232,0.0,,0.341572105884552,,,,0.0,,,,,,,,,
932000,233,0.0,,0.0013050629058852792,,,,0.0,,,,,,,,,
936000,234,0.0,,0.0011768536642193794,,,,0.0,,,,,,,,,
940000,235,0.0,,0.0011263296473771334,,,,0.0,,,,,,,,,
944000,236,0.0,,0.21966861188411713,,,,0.0,,,,,,,,,
948000,237,0.0,,0.06564661860466003,,,,0.0,,,,,,,,,
952000,238,0.0,,0.0011251530377194285,,,,0.0,,,,,,,,,
956000,239,0.0,,0.0010314076207578182,,,,0.0,,,,,,,,,
960000,240,0.0,,0.2754918336868286,,,,0.0,,,,,,,,,
964000,241,0.0,,0.0010549668222665787,,,,0.0,,,,,,,,,
968000,242,0.0,,0.0010124617256224155,,,,0.0,,,,,,,,,
972000,243,0.0,,0.0009763113921508193,,,,0.0,,,,,,,,,
976000,244,0.0,,0.0009061101591214538,,,,0.0,,,,,,,,,
980000,245,0.0,,0.0009348452440463006,,,,0.0,,,,,,,,,
984000,246,0.0,,0.0010056153405457735,,,,0.0,,,,,,,,,
988000,247,0.0,,0.0009477970888838172,,,,0.0,,,,,,,,,
992000,248,0.0,,0.19626589119434357,,,,0.0,,,,,,,,,
996000,249,0.0,,0.0009526679059490561,,,,0.0,,,,,,,,,
1000000,250,0.0,,0.0009372942731715739,,,,0.0,,,,,,,,,
1004000,251,0.0,,0.0009126360528171062,,,,0.0,,,,,,,,,
1008000,252,0.0,,0.0008854514453560114,,,,0.0,,,,,,,,,
1012000,253,0.0,,0.0009023859747685492,,,,0.0,,,,,,,,,
1016000,254,0.0,,0.0008886525174602866,,,,0.0,,,,,,,,,
1020000,255,0.0,,0.0008464046404697001,,,,0.0,,,,,,,,,
1024000,256,0.0,,0.0009110709652304649,,,,0.0,,,,,,,,,
1028000,257,0.0,,0.44627004861831665,,,,0.0,,,,,,,,,
1032000,258,0.0,,0.0010706147877499461,,,,0.0,,,,,,,,,
1036000,259,0.0,,0.2929292619228363,,,,0.0,,,,,,,,,
1040000,260,0.0,,0.0009502452448941767,,,,0.0,,,,,,,,,
1044000,261,0.0,,0.000915597309358418,,,,0.0,,,,,,,,,
1048000,262,0.125,,0.0008420847589150071,,,,0.125,,,,,,,,,
1052000,263,0.0,,0.0008091195486485958,,,,0.0,,,,,,,,,
1056000,264,0.0,,0.6938689947128296,,,,0.0,,,,,,,,,
1060000,265,0.0,,0.001339803566224873,,,,0.0,,,,,,,,,
1064000,266,0.0,,0.0011729421094059944,,,,0.0,,,,,,,,,
1068000,267,0.0,,0.5848253965377808,,,,0.0,,,,,,,,,
1072000,268,0.0,,0.20659612119197845,,,,0.0,,,,,,,,,
1076000,269,0.0,,0.4761165976524353,,,,0.0,,,,,,,,,
1080000,270,0.0,,0.0011553507065400481,,,,0.0,,,,,,,,,
1084000,271,0.0,,0.14920549094676971,,,,0.0,,,,,,,,,
1088000,272,0.0,,0.33891716599464417,,,,0.0,,,,,,,,,
1092000,273,0.0,,0.0010909148259088397,,,,0.0,,,,,,,,,
1096000,274,0.0,,0.280007541179657,,,,0.0,,,,,,,,,
1100000,275,0.0,,0.15101554989814758,,,,0.0,,,,,,,,,
1104000,276,0.0,,0.3840153217315674,,,,0.0,,,,,,,,,
1108000,277,0.0,,0.14333465695381165,,,,0.0,,,,,,,,,
1112000,278,0.0,,0.46782857179641724,,,,0.0,,,,,,,,,
1116000,279,0.0,,0.0012164823710918427,,,,0.0,,,,,,,,,
1120000,280,0.0,,0.0010871461126953363,,,,0.0,,,,,,,,,
1124000,281,0.0,,0.0771872028708458,,,,0.0,,,,,,,,,
1128000,282,0.0,,0.1656716912984848,,,,0.0,,,,,,,,,
1132000,283,0.0,,0.41104161739349365,,,,0.0,,,,,,,,,
1136000,284,0.0,,0.6738184094429016,,,,0.0,,,,,,,,,
1140000,285,0.0,,0.0012069051153957844,,,,0.0,,,,,,,,,
1144000,286,0.0,,0.2546054422855377,,,,0.0,,,,,,,,,
1148000,287,0.0,,0.0011299567995592952,,,,0.0,,,,,,,,,
1152000,288,0.0,,0.000991446548141539,,,,0.0,,,,,,,,,
1156000,289,0.0,,0.2001003921031952,,,,0.0,,,,,,,,,
1160000,290,0.0,,0.0010215244255959988,,,,0.0,,,,,,,,,
1164000,291,0.0,,0.0008950503543019295,,,,0.0,,,,,,,,,
1168000,292,0.0,,0.0008598186541348696,,,,0.0,,,,,,,,,
1172000,293,0.0,,0.0008639029692858458,,,,0.0,,,,,,,,,
1176000,294,0.0,,0.0008568114135414362,,,,0.0,,,,,,,,,
1180000,295,0.0,,0.0008096247911453247,,,,0.0,,,,,,,,,
1184000,296,0.0,,0.000809373683296144,,,,0.0,,,,,,,,,
1188000,297,0.0,,0.29067566990852356,,,,0.0,,,,,,,,,
1192000,298,0.0,,0.0009277273202314973,,,,0.0,,,,,,,,,
1196000,299,0.0,,0.3180871903896332,,,,0.0,,,,,,,,,
1200000,300,0.0,,0.2839519679546356,,,,0.0,,,,,,,,,
1204000,301,0.0,,0.001060345210134983,,,,0.0,,,,,,,,,
1208000,302,0.0,,0.0009382782154716551,,,,0.0,,,,,,,,,
1212000,303,0.0,,0.08479729294776917,,,,0.0,,,,,,,,,
1216000,304,0.0,,0.0008153017843142152,,,,0.0,,,,,,,,,
1220000,305,0.0,,0.14898134768009186,,,,0.0,,,,,,,,,
1224000,306,0.0,,0.0007767895585857332,,,,0.0,,,,,,,,,
1228000,307,0.0,,0.0007555291522294283,,,,0.0,,,,,,,,,
1232000,308,0.0,,0.0007992385653778911,,,,0.0,,,,,,,,,
1236000,309,0.0,,0.0007926275720819831,,,,0.0,,,,,,,,,
1240000,310,0.0,,0.0007435157895088196,,,,0.0,,,,,,,,,
1244000,311,0.0,,0.16240492463111877,,,,0.0,,,,,,,,,
1248000,312,0.0,,0.000762336771003902,,,,0.0,,,,,,,,,
1252000,313,0.0,,0.17559966444969177,,,,0.0,,,,,,,,,
1256000,314,0.0,,0.15844860672950745,,,,0.0,,,,,,,,,
1260000,315,0.0,,0.0007848297245800495,,,,0.0,,,,,,,,,
1264000,316,0.0,,0.0007422703201882541,,,,0.0,,,,,,,,,
1268000,317,0.0,,0.0007291128858923912,,,,0.0,,,,,,,,,
1272000,318,0.0,,0.0006781604024581611,,,,0.0,,,,,,,,,
1276000,319,0.0,,0.0007577036740258336,,,,0.0,,,,,,,,,
1280000,320,0.0,,0.0006846324540674686,,,,0.0,,,,,,,,,
1284000,321,0.0,,0.17541147768497467,,,,0.0,,,,,,,,,
1288000,322,0.0,,0.0008144555613398552,,,,0.0,,,,,,,,,
1292000,323,0.0,,0.176219642162323,,,,0.0,,,,,,,,,
1296000,324,0.0,,0.3015799820423126,,,,0.0,,,,,,,,,
1300000,325,0.0,,0.10012278705835342,,,,0.0,,,,,,,,,
1304000,326,0.0,,0.0008952334173955023,,,,0.0,,,,,,,,,
1308000,327,0.0,,0.08327320218086243,,,,0.0,,,,,,,,,
1312000,328,0.0,,0.17431676387786865,,,,0.0,,,,,,,,,
1316000,329,0.0,,0.10516060143709183,,,,0.0,,,,,,,,,
1320000,330,0.0,,0.0008298922330141068,,,,0.0,,,,,,,,,
1324000,331,0.0,,0.0007013416616246104,,,,0.0,,,,,,,,,
1328000,332,0.0,,0.18252775073051453,,,,0.0,,,,,,,,,
1332000,333,0.0,,0.3612579107284546,,,,0.0,,,,,,,,,
1336000,334,0.0,,0.30537545680999756,,,,0.0,,,,,,,,,
1340000,335,0.0,,0.0010146130807697773,,,,0.0,,,,,,,,,
1344000,336,0.0,,0.0009186096140183508,,,,0.0,,,,,,,,,
1348000,337,0.0,,0.0008260381291620433,,,,0.0,,,,,,,,,
1352000,338,0.0,,0.0007726327748969197,,,,0.0,,,,,,,,,
1356000,339,0.0,,0.0006955718854442239,,,,0.0,,,,,,,,,
1360000,340,0.0,,0.0007163810078054667,,,,0.0,,,,,,,,,
1364000,341,0.0,,0.0006767011363990605,,,,0.0,,,,,,,,,
1368000,342,0.0,,0.0006448503700084984,,,,0.0,,,,,,,,,
1372000,343,0.0,,0.0006622688961215317,,,,0.0,,,,,,,,,
1376000,344,0.0,,0.0006843499140813947,,,,0.0,,,,,,,,,
1380000,345,0.0,,0.0005953273503109813,,,,0.0,,,,,,,,,
1384000,346,0.0,,0.0006332688499242067,,,,0.0,,,,,,,,,
1388000,347,0.0,,0.0006152598652988672,,,,0.0,,,,,,,,,
1392000,348,0.0,,0.0005502760759554803,,,,0.0,,,,,,,,,
1396000,349,0.0,,0.0005304962978698313,,,,0.0,,,,,,,,,
1400000,350,0.0,,0.0005768667906522751,,,,0.0,,,,,,,,,
1404000,351,0.0,,0.0005413261242210865,,,,0.0,,,,,,,,,
1408000,352,0.0,,0.0005433317855931818,,,,0.0,,,,,,,,,
1412000,353,0.0,,0.1890764683485031,,,,0.0,,,,,,,,,
1416000,354,0.0,,0.37842103838920593,,,,0.0,,,,,,,,,
1420000,355,0.0,,0.863987922668457,,,,0.0,,,,,,,,,
1424000,356,0.0,,0.0013694228837266564,,,,0.0,,,,,,,,,
1428000,357,0.0,,0.18505626916885376,,,,0.0,,,,,,,,,
1432000,358,0.0,,0.0014862517127767205,,,,0.0,,,,,,,,,
1436000,359,0.0,,0.0013674148358404636,,,,0.0,,,,,,,,,
1440000,360,0.0,,0.11150544881820679,,,,0.0,,,,,,,,,
1444000,361,0.0,,0.001035152468830347,,,,0.0,,,,,,,,,
1448000,362,0.0,,0.2675783634185791,,,,0.0,,,,,,,,,
1452000,363,0.0,,0.0008650124073028564,,,,0.0,,,,,,,,,
1456000,364,0.0,,0.0007645479636266828,,,,0.0,,,,,,,,,
1460000,365,0.0,,0.0007220794213935733,,,,0.0,,,,,,,,,
1464000,366,0.0,,0.0006462190067395568,,,,0.0,,,,,,,,,
1468000,367,0.0,,0.0005989931523799896,,,,0.0,,,,,,,,,
1472000,368,0.0,,0.0006088268710300326,,,,0.0,,,,,,,,,
1476000,369,0.0,,0.0005454503698274493,,,,0.0,,,,,,,,,
1480000,370,0.0,,0.0005646331119351089,,,,0.0,,,,,,,,,
1484000,371,0.0,,0.00048883690033108,,,,0.0,,,,,,,,,
1488000,372,0.0,,0.0005682343617081642,,,,0.0,,,,,,,,,
1492000,373,0.0,,0.0005300746997818351,,,,0.0,,,,,,,,,
1496000,374,0.0,,0.000558395404368639,,,,0.0,,,,,,,,,
1500000,375,0.0,,0.000489457044750452,,,,0.0,,,,,,,,,
1504000,376,0.0,,0.0004871385754086077,,,,0.0,,,,,,,,,
1508000,377,0.0,,0.0004895557649433613,,,,0.0,,,,,,,,,
1512000,378,0.0,,0.0004934677272103727,,,,0.0,,,,,,,,,
1516000,379,0.0,,0.0004592488403432071,,,,0.0,,,,,,,,,
1520000,380,0.0,,0.0004895164747722447,,,,0.0,,,,,,,,,
1524000,381,0.0,,0.0005246511427685618,,,,0.0,,,,,,,,,
1528000,382,0.0,,0.0004659805563278496,,,,0.0,,,,,,,,,
1532000,383,0.0,,0.0004439541953615844,,,,0.0,,,,,,,,,
1536000,384,0.0,,0.0004935846664011478,,,,0.0,,,,,,,,,
1540000,385,0.0,,0.0004249928751960397,,,,0.0,,,,,,,,,
1544000,386,0.0,,0.4065125286579132,,,,0.0,,,,,,,,,
1548000,387,0.0,,0.0007281663129106164,,,,0.0,,,,,,,,,
1552000,388,0.0,,0.00061762984842062,,,,0.0,,,,,,,,,
1556000,389,0.0,,0.0006360096158459783,,,,0.0,,,,,,,,,
1560000,390,0.0,,0.0005658841691911221,,,,0.0,,,,,,,,,
1564000,391,0.0,,0.0005903076380491257,,,,0.0,,,,,,,,,
1568000,392,0.0,,0.00045103946467861533,,,,0.0,,,,,,,,,
1572000,393,0.0,,0.0005313367000781,,,,0.0,,,,,,,,,
1576000,394,0.0,,0.0004721501609310508,,,,0.0,,,,,,,,,
1580000,395,0.0,,0.0004543367540463805,,,,0.0,,,,,,,,,
1584000,396,0.125,,0.00045396119821816683,,,,0.125,,,,,,,,,
1588000,397,0.0,,0.0004615567740984261,,,,0.0,,,,,,,,,
1592000,398,0.0,,0.00042213237611576915,,,,0.0,,,,,,,,,
1596000,399,0.0,,0.6890922784805298,,,,0.0,,,,,,,,,
1600000,400,0.0,,0.002085237530991435,,,,0.0,,,,,,,,,
1604000,401,0.0,,0.001691558980382979,,,,0.0,,,,,,,,,
1608000,402,0.0,,0.0013948885025456548,,,,0.0,,,,,,,,,
1612000,403,0.0,,0.0010461065685376525,,,,0.0,,,,,,,,,
1616000,404,0.0,,0.0008777913171797991,,,,0.0,,,,,,,,,
1620000,405,0.0,,0.000736250018235296,,,,0.0,,,,,,,,,
1624000,406,0.125,,0.0006578279426321387,,,,0.125,,,,,,,,,
1628000,407,0.0,,0.0006526492070406675,,,,0.0,,,,,,,,,
1632000,408,0.0,,0.0005471513140946627,,,,0.0,,,,,,,,,
1636000,409,0.0,,0.8086075186729431,,,,0.0,,,,,,,,,
1640000,410,0.0,,0.0016056374879553914,,,,0.0,,,,,,,,,
1644000,411,0.0,,0.0013096437323838472,,,,0.0,,,,,,,,,
1648000,412,0.0,,0.0010448764078319073,,,,0.0,,,,,,,,,
1652000,413,0.0,,0.2031213492155075,,,,0.0,,,,,,,,,
1656000,414,0.0,,0.0010399261955171824,,,,0.0,,,,,,,,,
1660000,415,0.0,,0.0009053544490598142,,,,0.0,,,,,,,,,
1664000,416,0.0,,0.3440450429916382,,,,0.0,,,,,,,,,
1668000,417,0.0,,0.0009130120160989463,,,,0.0,,,,,,,,,
1672000,418,0.0,,0.0007636366062797606,,,,0.0,,,,,,,,,
1676000,419,0.0,,0.46147438883781433,,,,0.0,,,,,,,,,
1680000,420,0.0,,0.3817882835865021,,,,0.0,,,,,,,,,
1684000,421,0.0,,0.8052243590354919,,,,0.0,,,,,,,,,
1688000,422,0.0,,0.001943485694937408,,,,0.0,,,,,,,,,
1692000,423,0.0,,0.0014135816600173712,,,,0.0,,,,,,,,,
1696000,424,0.0,,0.001107549760490656,,,,0.0,,,,,,,,,
1700000,425,0.0,,0.217394158244133,,,,0.0,,,,,,,,,
1704000,426,0.0,,0.5892444252967834,,,,0.0,,,,,,,,,
1708000,427,0.0,,0.45119938254356384,,,,0.0,,,,,,,,,
1712000,428,0.0,,0.0007829454261809587,,,,0.0,,,,,,,,,
1716000,429,0.0,,0.5044469833374023,,,,0.0,,,,,,,,,
1720000,430,0.0,,0.0010651219636201859,,,,0.0,,,,,,,,,
1724000,431,0.0,,0.0008045720751397312,,,,0.0,,,,,,,,,
1728000,432,0.0,,0.6383073925971985,,,,0.0,,,,,,,,,
1732000,433,0.0,,0.3473524749279022,,,,0.0,,,,,,,,,
1736000,434,0.0,,0.22944088280200958,,,,0.0,,,,,,,,,
1740000,435,0.0,,0.0011818406637758017,,,,0.0,,,,,,,,,
1744000,436,0.0,,0.0009737999062053859,,,,0.0,,,,,,,,,
1748000,437,0.0,,0.0008194121182896197,,,,0.0,,,,,,,,,
1752000,438,0.0,,1.1899011135101318,,,,0.0,,,,,,,,,
1756000,439,0.0,,0.003164481371641159,,,,0.0,,,,,,,,,
1760000,440,0.0,,0.37003958225250244,,,,0.0,,,,,,,,,
1764000,441,0.0,,0.0019323539454489946,,,,0.0,,,,,,,,,
1768000,442,0.125,,0.0015854435041546822,,,,0.125,,,,,,,,,
1772000,443,0.0,,0.11862862855195999,,,,0.0,,,,,,,,,
1776000,444,0.0,,0.0010773891117423773,,,,0.0,,,,,,,,,
1780000,445,0.0,,0.0009171665296889842,,,,0.0,,,,,,,,,
1784000,446,0.0,,0.0008788279956206679,,,,0.0,,,,,,,,,
1788000,447,0.0,,0.9071437120437622,,,,0.0,,,,,,,,,
1792000,448,0.0,,0.0008929668692871928,,,,0.0,,,,,,,,,
1796000,449,0.0,,0.0007692397339269519,,,,0.0,,,,,,,,,
1800000,450,0.0,,1.018510103225708,,,,0.0,,,,,,,,,
1804000,451,0.0,,0.0014343057991936803,,,,0.0,,,,,,,,,
1808000,452,0.0,,0.5498688817024231,,,,0.0,,,,,,,,,
1812000,453,0.0,,0.0012096052523702383,,,,0.0,,,,,,,,,
1816000,454,0.0,,0.0011558890109881759,,,,0.0,,,,,,,,,
1820000,455,0.0,,0.0009277547360397875,,,,0.0,,,,,,,,,
1824000,456,0.0,,0.5735653638839722,,,,0.0,,,,,,,,,
1828000,457,0.0,,0.47626155614852905,,,,0.0,,,,,,,,,
1832000,458,0.0,,0.24212370812892914,,,,0.0,,,,,,,,,
1836000,459,0.0,,0.3808521628379822,,,,0.0,,,,,,,,,
1840000,460,0.0,,0.0007975033950060606,,,,0.0,,,,,,,,,
1844000,461,0.0,,0.0007909937994554639,,,,0.0,,,,,,,,,
1848000,462,0.125,,1.1351637840270996,,,,0.125,,,,,,,,,
1852000,463,0.0,,0.001811730908229947,,,,0.0,,,,,,,,,
1856000,464,0.0,,0.2260473668575287,,,,0.0,,,,,,,,,
1860000,465,0.0,,0.6416177749633789,,,,0.0,,,,,,,,,
1864000,466,0.0,,0.8140431642532349,,,,0.0,,,,,,,,,
1868000,467,0.0,,0.6269354224205017,,,,0.0,,,,,,,,,
1872000,468,0.0,,0.7178274393081665,,,,0.0,,,,,,,,,
1876000,469,0.0,,0.0022147761192172766,,,,0.0,,,,,,,,,
1880000,470,0.0,,0.0017957710660994053,,,,0.0,,,,,,,,,
1884000,471,0.0,,0.45935550332069397,,,,0.0,,,,,,,,,
1888000,472,0.0,,0.0016243894351646304,,,,0.0,,,,,,,,,
1892000,473,0.0,,0.6346734166145325,,,,0.0,,,,,,,,,
1896000,474,0.0,,0.001322144758887589,,,,0.0,,,,,,,,,
1900000,475,0.0,,1.0650168657302856,,,,0.0,,,,,,,,,
1904000,476,0.0,,0.27952510118484497,,,,0.0,,,,,,,,,
1908000,477,0.0,,0.0014706834917888045,,,,0.0,,,,,,,,,
1912000,478,0.0,,0.26460573077201843,,,,0.0,,,,,,,,,
1916000,479,0.0,,0.0012126266956329346,,,,0.0,,,,,,,,,
1920000,480,0.0,,0.13190536201000214,,,,0.0,,,,,,,,,
1924000,481,0.0,,0.39926591515541077,,,,0.0,,,,,,,,,
1928000,482,0.0,,0.34612271189689636,,,,0.0,,,,,,,,,
1932000,483,0.0,,0.0009343759738840163,,,,0.0,,,,,,,,,
1936000,484,0.0,,0.9042142033576965,,,,0.0,,,,,,,,,
1940000,485,0.0,,0.7264535427093506,,,,0.0,,,,,,,,,
1944000,486,0.0,,0.0016138204373419285,,,,0.0,,,,,,,,,
1948000,487,0.0,,0.0013290471397340298,,,,0.0,,,,,,,,,
1952000,488,0.0,,0.001159937004558742,,,,0.0,,,,,,,,,
1956000,489,0.0,,0.14465972781181335,,,,0.0,,,,,,,,,
1960000,490,0.0,,0.0010218159295618534,,,,0.0,,,,,,,,,
1964000,491,0.125,,0.45754581689834595,,,,0.125,,,,,,,,,
1968000,492,0.0,,0.0010004016803577542,,,,0.0,,,,,,,,,
1972000,493,0.0,,0.0008874047780409455,,,,0.0,,,,,,,,,
1976000,494,0.0,,0.0008137522963806987,,,,0.0,,,,,,,,,
1980000,495,0.0,,0.0008305305382236838,,,,0.0,,,,,,,,,
1984000,496,0.0,,1.0506426095962524,,,,0.0,,,,,,,,,
1988000,497,0.0,,1.4173896312713623,,,,0.0,,,,,,,,,
1992000,498,0.0,,0.002082980005070567,,,,0.0,,,,,,,,,
1996000,499,0.0,,0.6276899576187134,,,,0.0,,,,,,,,,
2000000,500,0.0,,0.46555355191230774,,,,0.0,,,,,,,,,
2004000,501,0.0,,0.002003931440412998,,,,0.0,,,,,,,,,
2008000,502,0.0,,0.0016040944028645754,,,,0.0,,,,,,,,,
2012000,503,0.0,,0.0014023453695699573,,,,0.0,,,,,,,,,
2016000,504,0.0,,0.7846143245697021,,,,0.0,,,,,,,,,
2020000,505,0.0,,0.27282267808914185,,,,0.0,,,,,,,,,
2024000,506,0.0,,0.7832702398300171,,,,0.0,,,,,,,,,
2028000,507,0.0,,0.5322405099868774,,,,0.0,,,,,,,,,
2032000,508,0.0,,0.6835008859634399,,,,0.0,,,,,,,,,
2036000,509,0.0,,0.9984806776046753,,,,0.0,,,,,,,,,
2040000,510,0.0,,0.0014281366020441055,,,,0.0,,,,,,,,,
2044000,511,0.0,,0.37216123938560486,,,,0.0,,,,,,,,,
2048000,512,0.0,,0.26438838243484497,,,,0.0,,,,,,,,,
2052000,513,0.0,,0.0010323687456548214,,,,0.0,,,,,,,,,
2056000,514,0.0,,0.7912328839302063,,,,0.0,,,,,,,,,
2060000,515,0.0,,0.2797265648841858,,,,0.0,,,,,,,,,
2064000,516,0.0,,0.7030649781227112,,,,0.0,,,,,,,,,
2068000,517,0.0,,0.3669387996196747,,,,0.0,,,,,,,,,
2072000,518,0.0,,0.39151060581207275,,,,0.0,,,,,,,,,
2076000,519,0.0,,0.4903740882873535,,,,0.0,,,,,,,,,
2080000,520,0.0,,0.4104815125465393,,,,0.0,,,,,,,,,
2084000,521,0.0,,1.414764404296875,,,,0.0,,,,,,,,,
2088000,522,0.0,,0.0022846953943371773,,,,0.0,,,,,,,,,
2092000,523,0.0,,0.3019426465034485,,,,0.0,,,,,,,,,
2096000,524,0.0,,0.7034578323364258,,,,0.0,,,,,,,,,
2100000,525,0.0,,0.001984810456633568,,,,0.0,,,,,,,,,
2104000,526,0.0,,1.1192383766174316,,,,0.0,,,,,,,,,
2108000,527,0.0,,0.2727389633655548,,,,0.0,,,,,,,,,
2112000,528,0.0,,0.26136457920074463,,,,0.0,,,,,,,,,
2116000,529,0.0,,0.0015646119136363268,,,,0.0,,,,,,,,,
2120000,530,0.0,,0.0012746163411065936,,,,0.0,,,,,,,,,
2124000,531,0.125,,0.0012401249259710312,,,,0.125,,,,,,,,,
2128000,532,0.0,,0.0010453772265464067,,,,0.0,,,,,,,,,
2132000,533,0.0,,0.0009913637768477201,,,,0.0,,,,,,,,,
2136000,534,0.0,,0.25321832299232483,,,,0.0,,,,,,,,,
2140000,535,0.0,,0.5193549990653992,,,,0.0,,,,,,,,,
2144000,536,0.0,,0.8432650566101074,,,,0.0,,,,,,,,,
2148000,537,0.0,,1.3246912956237793,,,,0.0,,,,,,,,,
2152000,538,0.0,,0.002072489820420742,,,,0.0,,,,,,,,,
2156000,539,0.0,,0.6577051877975464,,,,0.0,,,,,,,,,
2160000,540,0.0,,0.4026137888431549,,,,0.0,,,,,,,,,
2164000,541,0.0,,0.3733989894390106,,,,0.0,,,,,,,,,
2168000,542,0.0,,0.25821253657341003,,,,0.0,,,,,,,,,
2172000,543,0.0,,0.0014604020398110151,,,,0.0,,,,,,,,,
2176000,544,0.0,,0.001146105001680553,,,,0.0,,,,,,,,,
2180000,545,0.0,,1.0402902364730835,,,,0.0,,,,,,,,,
2184000,546,0.0,,0.0012780169490724802,,,,0.0,,,,,,,,,
2188000,547,0.0,,0.0011134091764688492,,,,0.0,,,,,,,,,
2192000,548,0.0,,0.000975665810983628,,,,0.0,,,,,,,,,
2196000,549,0.0,,0.1289556622505188,,,,0.0,,,,,,,,,
2200000,550,0.0,,0.0008628455689176917,,,,0.0,,,,,,,,,
2204000,551,0.0,,0.0008458278025500476,,,,0.0,,,,,,,,,
2208000,552,0.0,,0.0008088514441624284,,,,0.0,,,,,,,,,
2212000,553,0.0,,0.7102987170219421,,,,0.0,,,,,,,,,
2216000,554,0.0,,0.2685399651527405,,,,0.0,,,,,,,,,
2220000,555,0.0,,0.0013571775052696466,,,,0.0,,,,,,,,,
2224000,556,0.0,,0.29717928171157837,,,,0.0,,,,,,,,,
2228000,557,0.0,,0.7134910225868225,,,,0.0,,,,,,,,,
2232000,558,0.0,,0.001562145771458745,,,,0.0,,,,,,,,,
2236000,559,0.125,,0.0013511452125385404,,,,0.125,,,,,,,,,
2240000,560,0.0,,0.5522974133491516,,,,0.0,,,,,,,,,
2244000,561,0.0,,0.001140649663284421,,,,0.0,,,,,,,,,
2248000,562,0.125,,0.16994516551494598,,,,0.125,,,,,,,,,
2252000,563,0.0,,0.6754845380783081,,,,0.0,,,,,,,,,
2256000,564,0.0,,0.5164075493812561,,,,0.0,,,,,,,,,
2260000,565,0.0,,0.5699190497398376,,,,0.0,,,,,,,,,
2264000,566,0.0,,1.1666206121444702,,,,0.0,,,,,,,,,
2268000,567,0.0,,0.0015095553826540709,,,,0.0,,,,,,,,,
2272000,568,0.25,,0.28265810012817383,,,,0.25,,,,,,,,,
2276000,569,0.0,,0.5718275308609009,,,,0.0,,,,,,,,,
2280000,570,0.0,,0.2799869775772095,,,,0.0,,,,,,,,,
2284000,571,0.0,,0.8213778138160706,,,,0.0,,,,,,,,,
2288000,572,0.0,,0.6104632616043091,,,,0.0,,,,,,,,,
2292000,573,0.0,,1.0470043420791626,,,,0.0,,,,,,,,,
2296000,574,0.0,,0.4169946312904358,,,,0.0,,,,,,,,,
2300000,575,0.0,,0.43267035484313965,,,,0.0,,,,,,,,,
2304000,576,0.0,,0.8892657160758972,,,,0.0,,,,,,,,,
2308000,577,0.0,,0.15711350739002228,,,,0.0,,,,,,,,,
2312000,578,0.0,,0.31809908151626587,,,,0.0,,,,,,,,,
2316000,579,0.0,,0.43400099873542786,,,,0.0,,,,,,,,,
2320000,580,0.0,,0.2799479365348816,,,,0.0,,,,,,,,,
2324000,581,0.0,,1.0900605916976929,,,,0.0,,,,,,,,,
2328000,582,0.0,,0.6915265917778015,,,,0.0,,,,,,,,,
2332000,583,0.0,,0.003896569600328803,,,,0.0,,,,,,,,,
2336000,584,0.0,,0.45273762941360474,,,,0.0,,,,,,,,,
2340000,585,0.0,,1.5996084213256836,,,,0.0,,,,,,,,,
2344000,586,0.25,,0.3282759487628937,,,,0.25,,,,,,,,,
2348000,587,0.0,,0.2845830023288727,,,,0.0,,,,,,,,,
2352000,588,0.0,,1.4263585805892944,,,,0.0,,,,,,,,,
2356000,589,0.0,,0.0031825448386371136,,,,0.0,,,,,,,,,
2360000,590,0.0,,0.002486791927367449,,,,0.0,,,,,,,,,
2364000,591,0.0,,0.9866915941238403,,,,0.0,,,,,,,,,
2368000,592,0.0,,1.1153913736343384,,,,0.0,,,,,,,,,
2372000,593,0.0,,1.2468329668045044,,,,0.0,,,,,,,,,
2376000,594,0.0,,0.304287314414978,,,,0.0,,,,,,,,,
2380000,595,0.0,,0.4580576419830322,,,,0.0,,,,,,,,,
2384000,596,0.0,,0.27467426657676697,,,,0.0,,,,,,,,,
2388000,597,0.0,,0.0019478073809295893,,,,0.0,,,,,,,,,
2392000,598,0.0,,0.877734899520874,,,,0.0,,,,,,,,,
2396000,599,0.0,,1.0228290557861328,,,,0.0,,,,,,,,,
2400000,600,0.0,,0.5145841240882874,,,,0.0,,,,,,,,,
2404000,601,0.0,,0.4230436086654663,,,,0.0,,,,,,,,,
2408000,602,0.0,,1.529476523399353,,,,0.0,,,,,,,,,
2412000,603,0.125,,0.4046105742454529,,,,0.125,,,,,,,,,
2416000,604,0.0,,0.21722282469272614,,,,0.0,,,,,,,,,
2420000,605,0.0,,1.1409837007522583,,,,0.0,,,,,,,,,
2424000,606,0.0,,0.0029778028838336468,,,,0.0,,,,,,,,,
2428000,607,0.0,,0.002478979993611574,,,,0.0,,,,,,,,,
2432000,608,0.0,,0.15792438387870789,,,,0.0,,,,,,,,,
2436000,609,0.0,,0.791467547416687,,,,0.0,,,,,,,,,
2440000,610,0.125,,0.7426396608352661,,,,0.125,,,,,,,,,
2444000,611,0.0,,1.3595309257507324,,,,0.0,,,,,,,,,
2448000,612,0.0,,0.5610063076019287,,,,0.0,,,,,,,,,
2452000,613,0.0,,0.5607744455337524,,,,0.0,,,,,,,,,
2456000,614,0.125,,1.2861526012420654,,,,0.125,,,,,,,,,
2460000,615,0.0,,1.2818235158920288,,,,0.0,,,,,,,,,
2464000,616,0.0,,0.5822550058364868,,,,0.0,,,,,,,,,
2468000,617,0.0,,0.003137341234833002,,,,0.0,,,,,,,,,
2472000,618,0.0,,0.920553982257843,,,,0.0,,,,,,,,,
2476000,619,0.0,,0.7644613981246948,,,,0.0,,,,,,,,,
2480000,620,0.0,,0.7276497483253479,,,,0.0,,,,,,,,,
2484000,621,0.0,,0.0026775700971484184,,,,0.0,,,,,,,,,
2488000,622,0.0,,0.38998380303382874,,,,0.0,,,,,,,,,
2492000,623,0.0,,0.9299811124801636,,,,0.0,,,,,,,,,
2496000,624,0.0,,1.1788265705108643,,,,0.0,,,,,,,,,
2500000,625,0.0,,1.0870039463043213,,,,0.0,,,,,,,,,
2504000,626,0.0,,0.3817165195941925,,,,0.0,,,,,,,,,
2508000,627,0.125,,0.807928740978241,,,,0.125,,,,,,,,,
2512000,628,0.0,,0.9306005239486694,,,,0.0,,,,,,,,,
2516000,629,0.0,,0.8480842113494873,,,,0.0,,,,,,,,,
2520000,630,0.0,,0.39948034286499023,,,,0.0,,,,,,,,,
2524000,631,0.0,,1.0547826290130615,,,,0.0,,,,,,,,,
2528000,632,0.0,,0.8471003770828247,,,,0.0,,,,,,,,,
2532000,633,0.0,,0.49234408140182495,,,,0.0,,,,,,,,,
2536000,634,0.125,,1.268981695175171,,,,0.125,,,,,,,,,
2540000,635,0.0,,2.0314505100250244,,,,0.0,,,,,,,,,
2544000,636,0.0,,1.082871437072754,,,,0.0,,,,,,,,,
2548000,637,0.0,,1.6980631351470947,,,,0.0,,,,,,,,,
2552000,638,0.0,,1.8324556350708008,,,,0.0,,,,,,,,,
2556000,639,0.0,,2.304751396179199,,,,0.0,,,,,,,,,
2560000,640,0.0,,1.1528593301773071,,,,0.0,,,,,,,,,
2564000,641,0.0,,1.6238855123519897,,,,0.0,,,,,,,,,
2568000,642,0.0,,1.0248892307281494,,,,0.0,,,,,,,,,
2572000,643,0.0,,0.006089185364544392,,,,0.0,,,,,,,,,
2576000,644,0.0,,0.004878398962318897,,,,0.0,,,,,,,,,
2580000,645,0.0,,1.0461331605911255,,,,0.0,,,,,,,,,
2584000,646,0.0,,1.3153148889541626,,,,0.0,,,,,,,,,
2588000,647,0.0,,0.7830495834350586,,,,0.0,,,,,,,,,
2592000,648,0.0,,0.8583464026451111,,,,0.0,,,,,,,,,
2596000,649,0.125,,1.1759867668151855,,,,0.125,,,,,,,,,
2600000,650,0.0,,0.9060989022254944,,,,0.0,,,,,,,,,
2604000,651,0.0,,2.2769622802734375,,,,0.0,,,,,,,,,
2608000,652,0.0,,1.9934093952178955,,,,0.0,,,,,,,,,
2612000,653,0.0,,1.9677836894989014,,,,0.0,,,,,,,,,
2616000,654,0.0,,1.3729151487350464,,,,0.0,,,,,,,,,
2620000,655,0.0,,1.8323326110839844,,,,0.0,,,,,,,,,
2624000,656,0.0,,0.42747119069099426,,,,0.0,,,,,,,,,
2628000,657,0.125,,1.4693859815597534,,,,0.125,,,,,,,,,
2632000,658,0.0,,1.4283989667892456,,,,0.0,,,,,,,,,
2636000,659,0.0,,0.9559517502784729,,,,0.0,,,,,,,,,
2640000,660,0.0,,0.9650936126708984,,,,0.0,,,,,,,,,
2644000,661,0.0,,1.6658962965011597,,,,0.0,,,,,,,,,
2648000,662,0.125,,2.333045482635498,,,,0.125,,,,,,,,,
2652000,663,0.0,,1.6126972436904907,,,,0.0,,,,,,,,,
2656000,664,0.125,,1.8145971298217773,,,,0.125,,,,,,,,,
2660000,665,0.0,,0.007234636228531599,,,,0.0,,,,,,,,,
2664000,666,0.0,,2.7357869148254395,,,,0.0,,,,,,,,,
2668000,667,0.0,,0.6256378889083862,,,,0.0,,,,,,,,,
2672000,668,0.0,,2.2716732025146484,,,,0.0,,,,,,,,,
2676000,669,0.0,,2.593055248260498,,,,0.0,,,,,,,,,
2680000,670,0.0,,2.7944159507751465,,,,0.0,,,,,,,,,
2684000,671,0.0,,1.1534309387207031,,,,0.0,,,,,,,,,
2688000,672,0.0,,1.0420118570327759,,,,0.0,,,,,,,,,
2692000,673,0.0,,1.5477322340011597,,,,0.0,,,,,,,,,
2696000,674,0.0,,3.0258593559265137,,,,0.0,,,,,,,,,
2700000,675,0.125,,1.2272371053695679,,,,0.125,,,,,,,,,
2704000,676,0.125,,2.4522697925567627,,,,0.125,,,,,,,,,
2708000,677,0.0,,1.5148591995239258,,,,0.0,,,,,,,,,
2712000,678,0.0,,0.9809643626213074,,,,0.0,,,,,,,,,
2716000,679,0.0,,1.8691842555999756,,,,0.0,,,,,,,,,
2720000,680,0.0,,3.605311632156372,,,,0.0,,,,,,,,,
2724000,681,0.125,,0.819510817527771,,,,0.125,,,,,,,,,
2728000,682,0.0,,2.7908968925476074,,,,0.0,,,,,,,,,
2732000,683,0.25,,0.6010438799858093,,,,0.25,,,,,,,,,
2736000,684,0.0,,1.6194002628326416,,,,0.0,,,,,,,,,
2740000,685,0.0,,0.6180145740509033,,,,0.0,,,,,,,,,
2744000,686,0.0,,1.4967604875564575,,,,0.0,,,,,,,,,
2748000,687,0.125,,1.7736141681671143,,,,0.125,,,,,,,,,
2752000,688,0.125,,1.2680749893188477,,,,0.125,,,,,,,,,
2756000,689,0.125,,1.0873440504074097,,,,0.125,,,,,,,,,
2760000,690,0.0,,2.0168282985687256,,,,0.0,,,,,,,,,
2764000,691,0.0,,1.1875944137573242,,,,0.0,,,,,,,,,
2768000,692,0.0,,1.4994072914123535,,,,0.0,,,,,,,,,
2772000,693,0.0,,1.3067450523376465,,,,0.0,,,,,,,,,
2776000,694,0.0,,4.822840213775635,,,,0.0,,,,,,,,,
2780000,695,0.125,,2.2290148735046387,,,,0.125,,,,,,,,,
2784000,696,0.0,,3.381779670715332,,,,0.0,,,,,,,,,
2788000,697,0.0,,2.8628973960876465,,,,0.0,,,,,,,,,
2792000,698,0.0,,3.5845110416412354,,,,0.0,,,,,,,,,
2796000,699,0.0,,0.5640788674354553,,,,0.0,,,,,,,,,
2800000,700,0.0,,1.9540594816207886,,,,0.0,,,,,,,,,
2804000,701,0.0,,1.2410266399383545,,,,0.0,,,,,,,,,
2808000,702,0.125,,2.689324378967285,,,,0.125,,,,,,,,,
2812000,703,0.0,,2.128713607788086,,,,0.0,,,,,,,,,
2816000,704,0.0,,0.8070586919784546,,,,0.0,,,,,,,,,
2820000,705,0.0,,1.4348342418670654,,,,0.0,,,,,,,,,
2824000,706,0.125,,0.41131293773651123,,,,0.125,,,,,,,,,
2828000,707,0.0,,2.718771457672119,,,,0.0,,,,,,,,,
2832000,708,0.125,,3.928292989730835,,,,0.125,,,,,,,,,
2836000,709,0.0,,2.7351880073547363,,,,0.0,,,,,,,,,
2840000,710,0.0,,2.1444900035858154,,,,0.0,,,,,,,,,
2844000,711,0.125,,1.7884008884429932,,,,0.125,,,,,,,,,
2848000,712,0.0,,2.154731035232544,,,,0.0,,,,,,,,,
2852000,713,0.0,,1.7014884948730469,,,,0.0,,,,,,,,,
2856000,714,0.0,,1.1760485172271729,,,,0.0,,,,,,,,,
2860000,715,0.0,,0.9034002423286438,,,,0.0,,,,,,,,,
2864000,716,0.0,,0.9036364555358887,,,,0.0,,,,,,,,,
2868000,717,0.0,,2.4887661933898926,,,,0.0,,,,,,,,,
2872000,718,0.125,,1.2182270288467407,,,,0.125,,,,,,,,,
2876000,719,0.0,,0.27912312746047974,,,,0.0,,,,,,,,,
2880000,720,0.0,,0.0071452222764492035,,,,0.0,,,,,,,,,
2884000,721,0.25,,2.0209994316101074,,,,0.25,,,,,,,,,
2888000,722,0.0,,2.9021048545837402,,,,0.0,,,,,,,,,
2892000,723,0.125,,3.837376117706299,,,,0.125,,,,,,,,,
2896000,724,0.375,,0.6544406414031982,,,,0.375,,,,,,,,,
2900000,725,0.0,,3.8315412998199463,,,,0.0,,,,,,,,,
2904000,726,0.0,,2.798083543777466,,,,0.0,,,,,,,,,
2908000,727,0.0,,2.889065742492676,,,,0.0,,,,,,,,,
2912000,728,0.0,,0.7917271852493286,,,,0.0,,,,,,,,,
2916000,729,0.0,,3.7468039989471436,,,,0.0,,,,,,,,,
2920000,730,0.0,,3.7351059913635254,,,,0.0,,,,,,,,,
2924000,731,0.0,,2.668480634689331,,,,0.0,,,,,,,,,
2928000,732,0.125,,1.7717127799987793,,,,0.125,,,,,,,,,
2932000,733,0.0,,2.65124773979187,,,,0.0,,,,,,,,,
2936000,734,0.0,,2.1261892318725586,,,,0.0,,,,,,,,,
2940000,735,0.0,,1.2378075122833252,,,,0.0,,,,,,,,,
2944000,736,0.125,,1.959551215171814,,,,0.125,,,,,,,,,
2948000,737,0.125,,3.1364786624908447,,,,0.125,,,,,,,,,
2952000,738,0.0,,1.9622101783752441,,,,0.0,,,,,,,,,
2956000,739,0.0,,2.9427878856658936,,,,0.0,,,,,,,,,
2960000,740,0.0,,2.264725685119629,,,,0.0,,,,,,,,,
2964000,741,0.0,,2.385986804962158,,,,0.0,,,,,,,,,
2968000,742,0.125,,2.6623353958129883,,,,0.125,,,,,,,,,
2972000,743,0.125,,2.5697247982025146,,,,0.125,,,,,,,,,
2976000,744,0.0,,3.216296672821045,,,,0.0,,,,,,,,,
2980000,745,0.0,,1.6539121866226196,,,,0.0,,,,,,,,,
2984000,746,0.0,,2.944716453552246,,,,0.0,,,,,,,,,
2988000,747,0.0,,2.142211675643921,,,,0.0,,,,,,,,,
2992000,748,0.0,,2.7312276363372803,,,,0.0,,,,,,,,,
2996000,749,0.0,,3.050063133239746,,,,0.0,,,,,,,,,
3000000,750,0.125,,2.4876694679260254,,,,0.125,,,,,,,,,
3004000,751,0.0,,3.6349687576293945,,,,0.0,,,,,,,,,
3008000,752,0.0,,3.408085584640503,,,,0.0,,,,,,,,,
3012000,753,0.0,,2.826122760772705,,,,0.0,,,,,,,,,
3016000,754,0.25,,4.024532318115234,,,,0.25,,,,,,,,,
3020000,755,0.0,,2.5946195125579834,,,,0.0,,,,,,,,,
3024000,756,0.0,,1.9943023920059204,,,,0.0,,,,,,,,,
3028000,757,0.0,,3.2901737689971924,,,,0.0,,,,,,,,,
3032000,758,0.0,,3.676661729812622,,,,0.0,,,,,,,,,
3036000,759,0.0,,3.0593032836914062,,,,0.0,,,,,,,,,
3040000,760,0.125,,4.100118160247803,,,,0.125,,,,,,,,,
3044000,761,0.0,,1.4188281297683716,,,,0.0,,,,,,,,,
3048000,762,0.0,,1.922184944152832,,,,0.0,,,,,,,,,
3052000,763,0.125,,1.5303188562393188,,,,0.125,,,,,,,,,
3056000,764,0.0,,1.1737735271453857,,,,0.0,,,,,,,,,
3060000,765,0.125,,1.8010138273239136,,,,0.125,,,,,,,,,
3064000,766,0.0,,3.7212185859680176,,,,0.0,,,,,,,,,
3068000,767,0.0,,2.212095260620117,,,,0.0,,,,,,,,,
3072000,768,0.125,,0.531883180141449,,,,0.125,,,,,,,,,
3076000,769,0.0,,4.2803239822387695,,,,0.0,,,,,,,,,
3080000,770,0.125,,3.106842279434204,,,,0.125,,,,,,,,,
3084000,771,0.0,,3.3812906742095947,,,,0.0,,,,,,,,,
3088000,772,0.0,,1.848928451538086,,,,0.0,,,,,,,,,
3092000,773,0.125,,3.042894124984741,,,,0.125,,,,,,,,,
3096000,774,0.0,,5.085023880004883,,,,0.0,,,,,,,,,
3100000,775,0.0,,2.0056817531585693,,,,0.0,,,,,,,,,
3104000,776,0.125,,2.8396337032318115,,,,0.125,,,,,,,,,
3108000,777,0.0,,2.5703768730163574,,,,0.0,,,,,,,,,
3112000,778,0.0,,4.82094669342041,,,,0.0,,,,,,,,,
3116000,779,0.0,,1.4396986961364746,,,,0.0,,,,,,,,,
3120000,780,0.125,,2.0806148052215576,,,,0.125,,,,,,,,,
3124000,781,0.0,,2.555281639099121,,,,0.0,,,,,,,,,
3128000,782,0.0,,3.41141414642334,,,,0.0,,,,,,,,,
3132000,783,0.375,,3.939877986907959,,,,0.375,,,,,,,,,
3136000,784,0.125,,2.0452256202697754,,,,0.125,,,,,,,,,
3140000,785,0.125,,3.763080596923828,,,,0.125,,,,,,,,,
3144000,786,0.0,,3.5189857482910156,,,,0.0,,,,,,,,,
3148000,787,0.0,,3.1490063667297363,,,,0.0,,,,,,,,,
3152000,788,0.25,,4.346216201782227,,,,0.25,,,,,,,,,
3156000,789,0.0,,4.773517608642578,,,,0.0,,,,,,,,,
3160000,790,0.125,,3.786281108856201,,,,0.125,,,,,,,,,
3164000,791,0.0,,1.6893973350524902,,,,0.0,,,,,,,,,
3168000,792,0.0,,3.103529930114746,,,,0.0,,,,,,,,,
3172000,793,0.125,,1.9583494663238525,,,,0.125,,,,,,,,,
3176000,794,0.0,,2.882127523422241,,,,0.0,,,,,,,,,
3180000,795,0.0,,3.0871825218200684,,,,0.0,,,,,,,,,
3184000,796,0.0,,3.4700992107391357,,,,0.0,,,,,,,,,
3188000,797,0.0,,3.3867976665496826,,,,0.0,,,,,,,,,
3192000,798,0.125,,2.593834400177002,,,,0.125,,,,,,,,,
3196000,799,0.125,,2.388721466064453,,,,0.125,,,,,,,,,
3200000,800,0.0,,3.621899366378784,,,,0.0,,,,,,,,,
3204000,801,0.375,,2.588191509246826,,,,0.375,,,,,,,,,
3208000,802,0.375,,3.1192352771759033,,,,0.375,,,,,,,,,
3212000,803,0.0,,5.507716178894043,,,,0.0,,,,,,,,,
3216000,804,0.0,,4.0377655029296875,,,,0.0,,,,,,,,,
3220000,805,0.0,,3.5077130794525146,,,,0.0,,,,,,,,,
3224000,806,0.0,,3.724722146987915,,,,0.0,,,,,,,,,
3228000,807,0.125,,2.4625866413116455,,,,0.125,,,,,,,,,
3232000,808,0.125,,1.9294929504394531,,,,0.125,,,,,,,,,
3236000,809,0.0,,5.381914138793945,,,,0.0,,,,,,,,,
3240000,810,0.125,,3.54530930519104,,,,0.125,,,,,,,,,
3244000,811,0.0,,7.181260585784912,,,,0.0,,,,,,,,,
3248000,812,0.0,,2.961402416229248,,,,0.0,,,,,,,,,
3252000,813,0.0,,2.2903456687927246,,,,0.0,,,,,,,,,
3256000,814,0.25,,2.9849095344543457,,,,0.25,,,,,,,,,
3260000,815,0.25,,4.963089942932129,,,,0.25,,,,,,,,,
3264000,816,0.0,,3.6556708812713623,,,,0.0,,,,,,,,,
3268000,817,0.0,,2.9313182830810547,,,,0.0,,,,,,,,,
3272000,818,0.0,,4.660143852233887,,,,0.0,,,,,,,,,
3276000,819,0.0,,4.884222507476807,,,,0.0,,,,,,,,,
3280000,820,0.0,,1.8009085655212402,,,,0.0,,,,,,,,,
3284000,821,0.125,,4.412663459777832,,,,0.125,,,,,,,,,
3288000,822,0.0,,3.5546584129333496,,,,0.0,,,,,,,,,
3292000,823,0.0,,2.419748067855835,,,,0.0,,,,,,,,,
3296000,824,0.0,,1.7704041004180908,,,,0.0,,,,,,,,,
3300000,825,0.125,,2.3342349529266357,,,,0.125,,,,,,,,,
3304000,826,0.25,,4.988210678100586,,,,0.25,,,,,,,,,
3308000,827,0.0,,3.274880886077881,,,,0.0,,,,,,,,,
3312000,828,0.125,,2.2236483097076416,,,,0.125,,,,,,,,,
3316000,829,0.125,,4.851441860198975,,,,0.125,,,,,,,,,
3320000,830,0.0,,4.4572038650512695,,,,0.0,,,,,,,,,
3324000,831,0.125,,2.924243688583374,,,,0.125,,,,,,,,,
3328000,832,0.25,,3.924168109893799,,,,0.25,,,,,,,,,
3332000,833,0.0,,2.6440820693969727,,,,0.0,,,,,,,,,
3336000,834,0.125,,4.492529392242432,,,,0.125,,,,,,,,,
3340000,835,0.125,,3.890374183654785,,,,0.125,,,,,,,,,
3344000,836,0.125,,3.306671142578125,,,,0.125,,,,,,,,,
3348000,837,0.125,,2.640578269958496,,,,0.125,,,,,,,,,
3352000,838,0.125,,4.585738658905029,,,,0.125,,,,,,,,,
3356000,839,0.125,,4.381562232971191,,,,0.125,,,,,,,,,
3360000,840,0.25,,5.094273090362549,,,,0.25,,,,,,,,,
3364000,841,0.0,,6.133768558502197,,,,0.0,,,,,,,,,
3368000,842,0.0,,2.922149658203125,,,,0.0,,,,,,,,,
3372000,843,0.125,,3.7694668769836426,,,,0.125,,,,,,,,,
3376000,844,0.125,,3.7554049491882324,,,,0.125,,,,,,,,,
3380000,845,0.0,,3.4456000328063965,,,,0.0,,,,,,,,,
3384000,846,0.125,,3.3997812271118164,,,,0.125,,,,,,,,,
3388000,847,0.125,,3.0015134811401367,,,,0.125,,,,,,,,,
3392000,848,0.125,,3.3610074520111084,,,,0.125,,,,,,,,,
3396000,849,0.0,,2.558065414428711,,,,0.0,,,,,,,,,
3400000,850,0.5,,3.5936238765716553,,,,0.5,,,,,,,,,
3404000,851,0.125,,4.999581336975098,,,,0.125,,,,,,,,,
3408000,852,0.125,,5.82779598236084,,,,0.125,,,,,,,,,
3412000,853,0.25,,5.260401725769043,,,,0.25,,,,,,,,,
3416000,854,0.0,,4.995661735534668,,,,0.0,,,,,,,,,
3420000,855,0.375,,4.331319332122803,,,,0.375,,,,,,,,,
3424000,856,0.0,,4.998262405395508,,,,0.0,,,,,,,,,
3428000,857,0.0,,4.41124963760376,,,,0.0,,,,,,,,,
3432000,858,0.0,,7.024260520935059,,,,0.0,,,,,,,,,
3436000,859,0.0,,5.335577964782715,,,,0.0,,,,,,,,,
3440000,860,0.0,,3.103792190551758,,,,0.0,,,,,,,,,
3444000,861,0.25,,3.01674747467041,,,,0.25,,,,,,,,,
3448000,862,0.0,,4.179217338562012,,,,0.0,,,,,,,,,
3452000,863,0.25,,2.2749686241149902,,,,0.25,,,,,,,,,
3456000,864,0.125,,3.5627572536468506,,,,0.125,,,,,,,,,
3460000,865,0.0,,3.4960241317749023,,,,0.0,,,,,,,,,
3464000,866,0.0,,4.708634853363037,,,,0.0,,,,,,,,,
3468000,867,0.0,,4.883389949798584,,,,0.0,,,,,,,,,
3472000,868,0.0,,5.31447172164917,,,,0.0,,,,,,,,,
3476000,869,0.0,,4.245007514953613,,,,0.0,,,,,,,,,
3480000,870,0.25,,3.346405506134033,,,,0.25,,,,,,,,,
3484000,871,0.0,,3.6477556228637695,,,,0.0,,,,,,,,,
3488000,872,0.125,,3.8327691555023193,,,,0.125,,,,,,,,,
3492000,873,0.0,,5.862531661987305,,,,0.0,,,,,,,,,
3496000,874,0.125,,4.553861618041992,,,,0.125,,,,,,,,,
3500000,875,0.25,,5.1315016746521,,,,0.25,,,,,,,,,
3504000,876,0.125,,3.6721184253692627,,,,0.125,,,,,,,,,
3508000,877,0.125,,4.3821210861206055,,,,0.125,,,,,,,,,
3512000,878,0.25,,4.085601806640625,,,,0.25,,,,,,,,,
3516000,879,0.375,,2.9478800296783447,,,,0.375,,,,,,,,,
3520000,880,0.125,,3.987638473510742,,,,0.125,,,,,,,,,
3524000,881,0.25,,3.5858216285705566,,,,0.25,,,,,,,,,
3528000,882,0.125,,4.402174949645996,,,,0.125,,,,,,,,,
3532000,883,0.375,,4.5783586502075195,,,,0.375,,,,,,,,,
3536000,884,0.375,,3.256174087524414,,,,0.375,,,,,,,,,
3540000,885,0.0,,3.123054027557373,,,,0.0,,,,,,,,,
3544000,886,0.0,,2.6820695400238037,,,,0.0,,,,,,,,,
3548000,887,0.25,,7.014678955078125,,,,0.25,,,,,,,,,
3552000,888,0.125,,3.724775791168213,,,,0.125,,,,,,,,,
3556000,889,0.25,,3.7450690269470215,,,,0.25,,,,,,,,,
3560000,890,0.0,,4.9785051345825195,,,,0.0,,,,,,,,,
3564000,891,0.0,,5.310662746429443,,,,0.0,,,,,,,,,
3568000,892,0.0,,2.942061424255371,,,,0.0,,,,,,,,,
3572000,893,0.375,,4.568990707397461,,,,0.375,,,,,,,,,
3576000,894,0.25,,5.33697509765625,,,,0.25,,,,,,,,,
3580000,895,0.375,,5.576435565948486,,,,0.375,,,,,,,,,
3584000,896,0.0,,5.328057289123535,,,,0.0,,,,,,,,,
3588000,897,0.5,,4.47374963760376,,,,0.5,,,,,,,,,
3592000,898,0.0,,7.32502555847168,,,,0.0,,,,,,,,,
3596000,899,0.25,,3.854768991470337,,,,0.25,,,,,,,,,
3600000,900,0.125,,5.313663482666016,,,,0.125,,,,,,,,,
3604000,901,0.25,,3.675448417663574,,,,0.25,,,,,,,,,
3608000,902,0.125,,4.134856700897217,,,,0.125,,,,,,,,,
3612000,903,0.25,,4.322393417358398,,,,0.25,,,,,,,,,
3616000,904,0.0,,5.557122230529785,,,,0.0,,,,,,,,,
3620000,905,0.0,,5.903519153594971,,,,0.0,,,,,,,,,
3624000,906,0.25,,5.824831485748291,,,,0.25,,,,,,,,,
3628000,907,0.25,,5.87353515625,,,,0.25,,,,,,,,,
3632000,908,0.125,,4.9186553955078125,,,,0.125,,,,,,,,,
3636000,909,0.0,,4.6586713790893555,,,,0.0,,,,,,,,,
3640000,910,0.25,,5.160506248474121,,,,0.25,,,,,,,,,
3644000,911,0.25,,7.092137813568115,,,,0.25,,,,,,,,,
3648000,912,0.0,,5.657525062561035,,,,0.0,,,,,,,,,
3652000,913,0.0,,5.138525485992432,,,,0.0,,,,,,,,,
3656000,914,0.125,,6.949338436126709,,,,0.125,,,,,,,,,
3660000,915,0.0,,3.563572406768799,,,,0.0,,,,,,,,,
3664000,916,0.375,,4.987459659576416,,,,0.375,,,,,,,,,
3668000,917,0.0,,4.5589447021484375,,,,0.0,,,,,,,,,
3672000,918,0.375,,5.258911609649658,,,,0.375,,,,,,,,,
3676000,919,0.125,,4.1081013679504395,,,,0.125,,,,,,,,,
3680000,920,0.0,,6.282759189605713,,,,0.0,,,,,,,,,
3684000,921,0.25,,4.880547046661377,,,,0.25,,,,,,,,,
3688000,922,0.125,,4.901079177856445,,,,0.125,,,,,,,,,
3692000,923,0.125,,5.377435207366943,,,,0.125,,,,,,,,,
3696000,924,0.625,,3.7942848205566406,,,,0.625,,,,,,,,,
3700000,925,0.375,,5.748913288116455,,,,0.375,,,,,,,,,
3704000,926,0.125,,4.050571918487549,,,,0.125,,,,,,,,,
3708000,927,0.125,,5.932852745056152,,,,0.125,,,,,,,,,
3712000,928,0.375,,5.335464000701904,,,,0.375,,,,,,,,,
3716000,929,0.0,,5.19254207611084,,,,0.0,,,,,,,,,
3720000,930,0.375,,5.632728099822998,,,,0.375,,,,,,,,,
3724000,931,0.125,,4.786444664001465,,,,0.125,,,,,,,,,
3728000,932,0.125,,5.787364959716797,,,,0.125,,,,,,,,,
3732000,933,0.375,,5.0863118171691895,,,,0.375,,,,,,,,,
3736000,934,0.125,,4.937430381774902,,,,0.125,,,,,,,,,
3740000,935,0.375,,4.746171474456787,,,,0.375,,,,,,,,,
3744000,936,0.0,,5.162203311920166,,,,0.0,,,,,,,,,
3748000,937,0.5,,6.704646110534668,,,,0.5,,,,,,,,,
3752000,938,0.375,,4.222853660583496,,,,0.375,,,,,,,,,
3756000,939,0.375,,5.15289306640625,,,,0.375,,,,,,,,,
3760000,940,0.0,,4.468306541442871,,,,0.0,,,,,,,,,
3764000,941,0.25,,6.198136806488037,,,,0.25,,,,,,,,,
3768000,942,0.125,,5.333857536315918,,,,0.125,,,,,,,,,
3772000,943,0.25,,4.867739677429199,,,,0.25,,,,,,,,,
3776000,944,0.0,,4.644597053527832,,,,0.0,,,,,,,,,
3780000,945,0.375,,6.505578994750977,,,,0.375,,,,,,,,,
3784000,946,0.125,,4.8675713539123535,,,,0.125,,,,,,,,,
3788000,947,0.25,,5.495610237121582,,,,0.25,,,,,,,,,
3792000,948,0.5,,6.62000846862793,,,,0.5,,,,,,,,,
3796000,949,0.125,,6.510741233825684,,,,0.125,,,,,,,,,
3800000,950,0.25,,6.385163307189941,,,,0.25,,,,,,,,,
3804000,951,0.375,,6.688364028930664,,,,0.375,,,,,,,,,
3808000,952,0.25,,5.359821319580078,,,,0.25,,,,,,,,,
3812000,953,0.125,,5.780257225036621,,,,0.125,,,,,,,,,
3816000,954,0.25,,4.8823561668396,,,,0.25,,,,,,,,,
3820000,955,0.25,,6.538002014160156,,,,0.25,,,,,,,,,
3824000,956,0.375,,6.068819522857666,,,,0.375,,,,,,,,,
3828000,957,0.5,,7.272768974304199,,,,0.5,,,,,,,,,
3832000,958,0.25,,3.967067241668701,,,,0.25,,,,,,,,,
3836000,959,0.625,,5.770451545715332,,,,0.625,,,,,,,,,
3840000,960,0.25,,7.148597240447998,,,,0.25,,,,,,,,,
3844000,961,0.5,,5.302784442901611,,,,0.5,,,,,,,,,
3848000,962,0.0,,4.920888900756836,,,,0.0,,,,,,,,,
3852000,963,0.125,,5.996358394622803,,,,0.125,,,,,,,,,
3856000,964,0.0,,5.657196998596191,,,,0.0,,,,,,,,,
3860000,965,0.25,,6.344686508178711,,,,0.25,,,,,,,,,
3864000,966,0.0,,4.931454658508301,,,,0.0,,,,,,,,,
3868000,967,0.25,,4.9962944984436035,,,,0.25,,,,,,,,,
3872000,968,0.25,,5.198206901550293,,,,0.25,,,,,,,,,
3876000,969,0.25,,4.322391510009766,,,,0.25,,,,,,,,,
3880000,970,0.75,,6.305290222167969,,,,0.75,,,,,,,,,
3884000,971,0.375,,6.433589935302734,,,,0.375,,,,,,,,,
3888000,972,0.5,,5.394017219543457,,,,0.5,,,,,,,,,
3892000,973,0.625,,5.071819305419922,,,,0.625,,,,,,,,,
3896000,974,0.25,,5.8064680099487305,,,,0.25,,,,,,,,,
3900000,975,0.125,,4.8863677978515625,,,,0.125,,,,,,,,,
3904000,976,0.125,,5.835409164428711,,,,0.125,,,,,,,,,
3908000,977,0.625,,5.577644348144531,,,,0.625,,,,,,,,,
3912000,978,0.625,,3.9455723762512207,,,,0.625,,,,,,,,,
3916000,979,0.125,,5.680791854858398,,,,0.125,,,,,,,,,
3920000,980,0.125,,5.81412410736084,,,,0.125,,,,,,,,,
3924000,981,0.625,,5.986651420593262,,,,0.625,,,,,,,,,
3928000,982,0.25,,5.301814556121826,,,,0.25,,,,,,,,,
3932000,983,0.375,,5.709048271179199,,,,0.375,,,,,,,,,
3936000,984,0.0,,5.854491233825684,,,,0.0,,,,,,,,,
3940000,985,0.125,,5.3075761795043945,,,,0.125,,,,,,,,,
3944000,986,0.625,,6.932253360748291,,,,0.625,,,,,,,,,
3948000,987,0.125,,5.184722900390625,,,,0.125,,,,,,,,,
3952000,988,0.75,,6.192338943481445,,,,0.75,,,,,,,,,
3956000,989,0.5,,5.130483627319336,,,,0.5,,,,,,,,,
3960000,990,0.375,,6.299652099609375,,,,0.375,,,,,,,,,
3964000,991,0.375,,4.210599422454834,,,,0.375,,,,,,,,,
3968000,992,0.25,,6.307021141052246,,,,0.25,,,,,,,,,
3972000,993,0.25,,5.528674602508545,,,,0.25,,,,,,,,,
3976000,994,0.125,,4.761134624481201,,,,0.125,,,,,,,,,
3980000,995,0.25,,4.127053260803223,,,,0.25,,,,,,,,,
3984000,996,0.125,,6.9241156578063965,,,,0.125,,,,,,,,,
3988000,997,0.375,,5.091342926025391,,,,0.375,,,,,,,,,
3992000,998,0.125,,7.153817176818848,,,,0.125,,,,,,,,,
3996000,999,0.25,,4.997347831726074,,,,0.25,,,,,,,,,
4000000,1000,0.5,,5.4595561027526855,,,,0.5,,,,,,,,,
4004000,1001,0.75,,6.106827735900879,,,,0.75,,,,,,,,,
4008000,1002,0.25,,5.340708255767822,,,,0.25,,,,,,,,,
4012000,1003,0.375,,5.541576385498047,,,,0.375,,,,,,,,,
4016000,1004,0.5,,6.615447998046875,,,,0.5,,,,,,,,,
4020000,1005,0.25,,5.554258346557617,,,,0.25,,,,,,,,,
4024000,1006,0.25,,7.608543395996094,,,,0.25,,,,,,,,,
4028000,1007,0.75,,5.971729755401611,,,,0.75,,,,,,,,,
4032000,1008,0.375,,5.6738057136535645,,,,0.375,,,,,,,,,
4036000,1009,0.375,,6.0164690017700195,,,,0.375,,,,,,,,,
4040000,1010,0.25,,5.550174236297607,,,,0.25,,,,,,,,,
4044000,1011,0.125,,5.562502384185791,,,,0.125,,,,,,,,,
4048000,1012,0.375,,6.475954055786133,,,,0.375,,,,,,,,,
4052000,1013,0.25,,5.4156107902526855,,,,0.25,,,,,,,,,
4056000,1014,0.125,,5.670891761779785,,,,0.125,,,,,,,,,
4060000,1015,0.5,,5.379412651062012,,,,0.5,,,,,,,,,
4064000,1016,0.125,,6.171220779418945,,,,0.125,,,,,,,,,
4068000,1017,0.625,,6.123482704162598,,,,0.625,,,,,,,,,
4072000,1018,0.25,,5.3582587242126465,,,,0.25,,,,,,,,,
4076000,1019,0.625,,5.032896995544434,,,,0.625,,,,,,,,,
4080000,1020,0.5,,5.024829864501953,,,,0.5,,,,,,,,,
4084000,1021,0.5,,5.979120254516602,,,,0.5,,,,,,,,,
4088000,1022,0.375,,6.0716047286987305,,,,0.375,,,,,,,,,
4092000,1023,0.75,,7.451752662658691,,,,0.75,,,,,,,,,
4096000,1024,0.25,,5.695798873901367,,,,0.25,,,,,,,,,
4100000,1025,0.125,,5.207766532897949,,,,0.125,,,,,,,,,
4104000,1026,0.625,,6.162187099456787,,,,0.625,,,,,,,,,
4108000,1027,0.375,,5.540594100952148,,,,0.375,,,,,,,,,
4112000,1028,0.75,,5.956197738647461,,,,0.75,,,,,,,,,
4116000,1029,0.375,,5.964142322540283,,,,0.375,,,,,,,,,
4120000,1030,0.625,,6.785479545593262,,,,0.625,,,,,,,,,
4124000,1031,0.75,,6.119426727294922,,,,0.75,,,,,,,,,
4128000,1032,0.375,,5.262487888336182,,,,0.375,,,,,,,,,
4132000,1033,0.875,,5.876818656921387,,,,0.875,,,,,,,,,
4136000,1034,0.875,,4.636565685272217,,,,0.875,,,,,,,,,
4140000,1035,0.75,,6.376425743103027,,,,0.75,,,,,,,,,
4144000,1036,0.125,,6.645817756652832,,,,0.125,,,,,,,,,
4148000,1037,0.875,,6.898682117462158,,,,0.875,,,,,,,,,
4152000,1038,1.0,,6.893848419189453,,,,1.0,,,,,,,,,
4156000,1039,1.0,,5.743656635284424,,,,1.0,,,,,,,,,
4160000,1040,0.125,,6.399839401245117,,,,0.125,,,,,,,,,
4164000,1041,0.625,,6.312990188598633,,,,0.625,,,,,,,,,
4168000,1042,0.625,,5.672245979309082,,,,0.625,,,,,,,,,
4172000,1043,0.875,,6.199344158172607,,,,0.875,,,,,,,,,
4176000,1044,0.375,,6.879138946533203,,,,0.375,,,,,,,,,
4180000,1045,0.625,,6.8358612060546875,,,,0.625,,,,,,,,,
4184000,1046,0.375,,5.999625205993652,,,,0.375,,,,,,,,,
4188000,1047,0.625,,6.28723669052124,,,,0.625,,,,,,,,,
4192000,1048,0.625,,7.752560615539551,,,,0.625,,,,,,,,,
4196000,1049,0.625,,6.753561019897461,,,,0.625,,,,,,,,,
4200000,1050,0.625,,7.311922073364258,,,,0.625,,,,,,,,,
4204000,1051,0.75,,7.458311557769775,,,,0.75,,,,,,,,,
4208000,1052,1.0,,6.8278093338012695,,,,1.0,,,,,,,,,
4212000,1053,0.75,,6.723069190979004,,,,0.75,,,,,,,,,
4216000,1054,0.875,,6.848380088806152,,,,0.875,,,,,,,,,
4220000,1055,0.75,,6.661779403686523,,,,0.75,,,,,,,,,
4224000,1056,1.0,,7.009373664855957,,,,1.0,,,,,,,,,
4228000,1057,0.5,,6.825965404510498,,,,0.5,,,,,,,,,
4232000,1058,0.625,,6.491404056549072,,,,0.625,,,,,,,,,
4236000,1059,0.875,,6.462191581726074,,,,0.875,,,,,,,,,
4240000,1060,0.625,,5.671639442443848,,,,0.625,,,,,,,,,
4244000,1061,1.0,,8.190319061279297,,,,1.0,,,,,,,,,
4248000,1062,0.875,,7.102697372436523,,,,0.875,,,,,,,,,
4252000,1063,0.625,,6.651012420654297,,,,0.625,,,,,,,,,
4256000,1064,1.25,,7.99940299987793,,,,1.25,,,,,,,,,
4260000,1065,1.125,,6.485437393188477,,,,1.125,,,,,,,,,
4264000,1066,0.5,,7.479797840118408,,,,0.5,,,,,,,,,
4268000,1067,0.875,,7.004689693450928,,,,0.875,,,,,,,,,
4272000,1068,0.625,,7.559062957763672,,,,0.625,,,,,,,,,
4276000,1069,0.5,,7.26603889465332,,,,0.5,,,,,,,,,
4280000,1070,0.625,,7.380956172943115,,,,0.625,,,,,,,,,
4284000,1071,0.75,,7.511895656585693,,,,0.75,,,,,,,,,
4288000,1072,0.75,,6.309661865234375,,,,0.75,,,,,,,,,
4292000,1073,1.25,,6.274949073791504,,,,1.25,,,,,,,,,
4296000,1074,1.0,,6.47243070602417,,,,1.0,,,,,,,,,
4300000,1075,1.125,,7.527322292327881,,,,1.125,,,,,,,,,
4304000,1076,0.875,,7.490911960601807,,,,0.875,,,,,,,,,
4308000,1077,1.25,,7.773449897766113,,,,1.25,,,,,,,,,
4312000,1078,0.875,,8.069761276245117,,,,0.875,,,,,,,,,
4316000,1079,0.625,,7.822244167327881,,,,0.625,,,,,,,,,
4320000,1080,0.875,,6.816109657287598,,,,0.875,,,,,,,,,
4324000,1081,1.0,,7.665838241577148,,,,1.0,,,,,,,,,
4328000,1082,1.5,,7.428287506103516,,,,1.5,,,,,,,,,
4332000,1083,1.0,,9.817536354064941,,,,1.0,,,,,,,,,
4336000,1084,1.25,,7.173661231994629,,,,1.25,,,,,,,,,
4340000,1085,0.875,,8.570923805236816,,,,0.875,,,,,,,,,
4344000,1086,0.875,,6.478100299835205,,,,0.875,,,,,,,,,
4348000,1087,0.5,,8.056415557861328,,,,0.5,,,,,,,,,
4352000,1088,1.25,,7.235538482666016,,,,1.25,,,,,,,,,
4356000,1089,1.375,,8.694084167480469,,,,1.375,,,,,,,,,
4360000,1090,1.125,,6.171372413635254,,,,1.125,,,,,,,,,
4364000,1091,1.25,,7.166718482971191,,,,1.25,,,,,,,,,
4368000,1092,1.375,,8.036940574645996,,,,1.375,,,,,,,,,
4372000,1093,1.875,,8.248493194580078,,,,1.875,,,,,,,,,
4376000,1094,0.75,,7.872862815856934,,,,0.75,,,,,,,,,
4380000,1095,1.75,,7.407217025756836,,,,1.75,,,,,,,,,
4384000,1096,1.75,,8.077309608459473,,,,1.75,,,,,,,,,
4388000,1097,1.375,,7.839376926422119,,,,1.375,,,,,,,,,
4392000,1098,1.625,,8.466597557067871,,,,1.625,,,,,,,,,
4396000,1099,1.125,,8.607295989990234,,,,1.125,,,,,,,,,
4400000,1100,1.125,,8.034584999084473,,,,1.125,,,,,,,,,
4404000,1101,1.5,,8.30823040008545,,,,1.5,,,,,,,,,
4408000,1102,1.0,,8.126514434814453,,,,1.0,,,,,,,,,
4412000,1103,0.75,,8.054381370544434,,,,0.75,,,,,,,,,
4416000,1104,0.875,,7.6914496421813965,,,,0.875,,,,,,,,,
4420000,1105,0.875,,9.649805068969727,,,,0.875,,,,,,,,,
4424000,1106,2.375,,8.462728500366211,,,,2.375,,,,,,,,,
4428000,1107,1.0,,7.9506120681762695,,,,1.0,,,,,,,,,
4432000,1108,1.5,,8.16122055053711,,,,1.5,,,,,,,,,
4436000,1109,1.0,,9.544425964355469,,,,1.0,,,,,,,,,
4440000,1110,1.125,,8.784317016601562,,,,1.125,,,,,,,,,
4444000,1111,1.125,,7.898977279663086,,,,1.125,,,,,,,,,
4448000,1112,2.125,,8.42142105102539,,,,2.125,,,,,,,,,
4452000,1113,1.0,,8.323625564575195,,,,1.0,,,,,,,,,
4456000,1114,2.375,,9.480512619018555,,,,2.375,,,,,,,,,
4460000,1115,1.125,,8.905345916748047,,,,1.125,,,,,,,,,
4464000,1116,2.5,,8.515336036682129,,,,2.5,,,,,,,,,
4468000,1117,1.375,,8.74928092956543,,,,1.375,,,,,,,,,
4472000,1118,1.125,,8.539655685424805,,,,1.125,,,,,,,,,
4476000,1119,1.625,,8.575496673583984,,,,1.625,,,,,,,,,
4480000,1120,0.875,,8.546031951904297,,,,0.875,,,,,,,,,
4484000,1121,2.0,,9.73093032836914,,,,2.0,,,,,,,,,
4488000,1122,1.375,,8.651912689208984,,,,1.375,,,,,,,,,
4492000,1123,1.875,,8.379349708557129,,,,1.875,,,,,,,,,
4496000,1124,2.0,,8.606973648071289,,,,2.0,,,,,,,,,
4500000,1125,2.125,,9.335765838623047,,,,2.125,,,,,,,,,
4504000,1126,2.125,,8.418071746826172,,,,2.125,,,,,,,,,
4508000,1127,1.625,,9.335832595825195,,,,1.625,,,,,,,,,
4512000,1128,2.625,,8.931755065917969,,,,2.625,,,,,,,,,
4516000,1129,0.75,,9.079839706420898,,,,0.75,,,,,,,,,
4520000,1130,1.5,,9.481619834899902,,,,1.5,,,,,,,,,
4524000,1131,0.75,,8.244298934936523,,,,0.75,,,,,,,,,
4528000,1132,1.5,,8.425023078918457,,,,1.5,,,,,,,,,
4532000,1133,1.375,,8.611349105834961,,,,1.375,,,,,,,,,
4536000,1134,1.75,,8.528861999511719,,,,1.75,,,,,,,,,
4540000,1135,1.0,,8.493246078491211,,,,1.0,,,,,,,,,
4544000,1136,1.25,,8.431283950805664,,,,1.25,,,,,,,,,
4548000,1137,2.0,,8.858011245727539,,,,2.0,,,,,,,,,
4552000,1138,1.0,,9.34457015991211,,,,1.0,,,,,,,,,
4556000,1139,1.25,,9.415196418762207,,,,1.25,,,,,,,,,
4560000,1140,1.375,,8.881072998046875,,,,1.375,,,,,,,,,
4564000,1141,1.25,,10.00091552734375,,,,1.25,,,,,,,,,
4568000,1142,1.25,,9.062371253967285,,,,1.25,,,,,,,,,
4572000,1143,1.0,,9.124711990356445,,,,1.0,,,,,,,,,
4576000,1144,1.75,,8.609804153442383,,,,1.75,,,,,,,,,
4580000,1145,1.5,,8.9926176071167,,,,1.5,,,,,,,,,
4584000,1146,1.75,,8.71383285522461,,,,1.75,,,,,,,,,
4588000,1147,1.375,,9.311243057250977,,,,1.375,,,,,,,,,
4592000,1148,1.25,,8.777671813964844,,,,1.25,,,,,,,,,
4596000,1149,1.625,,9.224387168884277,,,,1.625,,,,,,,,,
4600000,1150,1.375,,9.92245101928711,,,,1.375,,,,,,,,,
4604000,1151,1.0,,9.198969841003418,,,,1.0,,,,,,,,,
4608000,1152,0.875,,8.834321975708008,,,,0.875,,,,,,,,,
4612000,1153,1.25,,8.59437370300293,,,,1.25,,,,,,,,,
4616000,1154,1.5,,9.137740135192871,,,,1.5,,,,,,,,,
4620000,1155,1.0,,8.85760498046875,,,,1.0,,,,,,,,,
4624000,1156,0.75,,8.858198165893555,,,,0.75,,,,,,,,,
4628000,1157,1.75,,8.440627098083496,,,,1.75,,,,,,,,,
4632000,1158,2.75,,9.079994201660156,,,,2.75,,,,,,,,,
4636000,1159,2.375,,8.807680130004883,,,,2.375,,,,,,,,,
4640000,1160,1.5,,9.11540412902832,,,,1.5,,,,,,,,,
4644000,1161,1.375,,8.646105766296387,,,,1.375,,,,,,,,,
4648000,1162,2.375,,9.18050765991211,,,,2.375,,,,,,,,,
4652000,1163,2.25,,9.334078788757324,,,,2.25,,,,,,,,,
4656000,1164,1.75,,8.667356491088867,,,,1.75,,,,,,,,,
4660000,1165,1.75,,8.43674087524414,,,,1.75,,,,,,,,,
4664000,1166,1.75,,8.251583099365234,,,,1.75,,,,,,,,,
4668000,1167,2.25,,9.066986083984375,,,,2.25,,,,,,,,,
4672000,1168,1.125,,7.608394622802734,,,,1.125,,,,,,,,,
4676000,1169,1.875,,9.344084739685059,,,,1.875,,,,,,,,,
4680000,1170,1.75,,9.090262413024902,,,,1.75,,,,,,,,,
4684000,1171,1.875,,9.014039993286133,,,,1.875,,,,,,,,,
4688000,1172,2.0,,8.435924530029297,,,,2.0,,,,,,,,,
4692000,1173,1.75,,8.960882186889648,,,,1.75,,,,,,,,,
4696000,1174,1.875,,8.11668872833252,,,,1.875,,,,,,,,,
4700000,1175,2.625,,8.993135452270508,,,,2.625,,,,,,,,,
4704000,1176,2.75,,9.06950855255127,,,,2.75,,,,,,,,,
4708000,1177,2.0,,9.414846420288086,,,,2.0,,,,,,,,,
4712000,1178,2.375,,8.954078674316406,,,,2.375,,,,,,,,,
4716000,1179,2.875,,9.335274696350098,,,,2.875,,,,,,,,,
4720000,1180,2.375,,8.40530014038086,,,,2.375,,,,,,,,,
4724000,1181,2.25,,9.164152145385742,,,,2.25,,,,,,,,,
4728000,1182,3.375,,8.6578369140625,,,,3.375,,,,,,,,,
4732000,1183,2.125,,9.074953079223633,,,,2.125,,,,,,,,,
4736000,1184,1.25,,8.603431701660156,,,,1.25,,,,,,,,,
4740000,1185,2.625,,8.79636001586914,,,,2.625,,,,,,,,,
4744000,1186,2.0,,8.483007431030273,,,,2.0,,,,,,,,,
4748000,1187,1.625,,8.323201179504395,,,,1.625,,,,,,,,,
4752000,1188,1.375,,9.01012134552002,,,,1.375,,,,,,,,,
4756000,1189,1.625,,8.130313873291016,,,,1.625,,,,,,,,,
4760000,1190,2.625,,8.791669845581055,,,,2.625,,,,,,,,,
4764000,1191,2.875,,9.00212287902832,,,,2.875,,,,,,,,,
4768000,1192,2.125,,8.805137634277344,,,,2.125,,,,,,,,,
4772000,1193,1.625,,8.492769241333008,,,,1.625,,,,,,,,,
4776000,1194,2.375,,9.128934860229492,,,,2.375,,,,,,,,,
4780000,1195,2.0,,8.851980209350586,,,,2.0,,,,,,,,,
4784000,1196,2.75,,9.635956764221191,,,,2.75,,,,,,,,,
4788000,1197,1.75,,8.100040435791016,,,,1.75,,,,,,,,,
4792000,1198,1.25,,9.032715797424316,,,,1.25,,,,,,,,,
4796000,1199,1.375,,9.167743682861328,,,,1.375,,,,,,,,,
4800000,1200,2.0,,7.9714555740356445,,,,2.0,,,,,,,,,
4804000,1201,1.875,,8.050514221191406,,,,1.875,,,,,,,,,
4808000,1202,1.875,,8.762504577636719,,,,1.875,,,,,,,,,
4812000,1203,1.75,,8.913969039916992,,,,1.75,,,,,,,,,
4816000,1204,1.75,,9.32219123840332,,,,1.75,,,,,,,,,
4820000,1205,1.625,,8.320154190063477,,,,1.625,,,,,,,,,
4824000,1206,2.25,,8.29870319366455,,,,2.25,,,,,,,,,
4828000,1207,3.125,,7.816479206085205,,,,3.125,,,,,,,,,
4832000,1208,2.625,,9.154325485229492,,,,2.625,,,,,,,,,
4836000,1209,2.125,,9.419535636901855,,,,2.125,,,,,,,,,
4840000,1210,2.75,,7.80576753616333,,,,2.75,,,,,,,,,
4844000,1211,2.625,,9.139128684997559,,,,2.625,,,,,,,,,
4848000,1212,2.5,,8.123397827148438,,,,2.5,,,,,,,,,
4852000,1213,2.0,,9.017783164978027,,,,2.0,,,,,,,,,
4856000,1214,1.875,,8.60340404510498,,,,1.875,,,,,,,,,
4860000,1215,2.25,,8.735960960388184,,,,2.25,,,,,,,,,
4864000,1216,2.375,,8.788934707641602,,,,2.375,,,,,,,,,
4868000,1217,2.75,,8.593189239501953,,,,2.75,,,,,,,,,
4872000,1218,2.875,,8.723093032836914,,,,2.875,,,,,,,,,
4876000,1219,1.75,,8.10757827758789,,,,1.75,,,,,,,,,
4880000,1220,2.25,,8.027229309082031,,,,2.25,,,,,,,,,
4884000,1221,2.5,,8.766433715820312,,,,2.5,,,,,,,,,
4888000,1222,2.625,,7.939342498779297,,,,2.625,,,,,,,,,
4892000,1223,2.375,,8.904848098754883,,,,2.375,,,,,,,,,
4896000,1224,2.375,,9.01573657989502,,,,2.375,,,,,,,,,
4900000,1225,2.125,,8.754728317260742,,,,2.125,,,,,,,,,
4904000,1226,2.375,,8.164594650268555,,,,2.375,,,,,,,,,
4908000,1227,2.5,,7.843825340270996,,,,2.5,,,,,,,,,
4912000,1228,2.75,,8.402826309204102,,,,2.75,,,,,,,,,
4916000,1229,2.5,,7.518459320068359,,,,2.5,,,,,,,,,
4920000,1230,2.875,,8.535293579101562,,,,2.875,,,,,,,,,
4924000,1231,2.25,,8.248992919921875,,,,2.25,,,,,,,,,
4928000,1232,1.125,,8.57421875,,,,1.125,,,,,,,,,
4932000,1233,1.125,,8.409883499145508,,,,1.125,,,,,,,,,
4936000,1234,1.125,,7.756241798400879,,,,1.125,,,,,,,,,
4940000,1235,1.375,,8.381900787353516,,,,1.375,,,,,,,,,
4944000,1236,2.0,,7.695134162902832,,,,2.0,,,,,,,,,
4948000,1237,1.5,,7.418698310852051,,,,1.5,,,,,,,,,
4952000,1238,2.125,,7.932056427001953,,,,2.125,,,,,,,,,
4956000,1239,1.875,,7.855214595794678,,,,1.875,,,,,,,,,
4960000,1240,1.5,,7.896147727966309,,,,1.5,,,,,,,,,
4964000,1241,1.5,,7.824831008911133,,,,1.5,,,,,,,,,
4968000,1242,2.125,,7.336174011230469,,,,2.125,,,,,,,,,
4972000,1243,2.375,,8.636316299438477,,,,2.375,,,,,,,,,
4976000,1244,2.25,,7.164531707763672,,,,2.25,,,,,,,,,
4980000,1245,1.625,,7.844895362854004,,,,1.625,,,,,,,,,
4984000,1246,1.75,,7.392672538757324,,,,1.75,,,,,,,,,
4988000,1247,1.625,,7.338818550109863,,,,1.625,,,,,,,,,
4992000,1248,1.375,,6.8010382652282715,,,,1.375,,,,,,,,,
4996000,1249,1.5,,7.296799659729004,,,,1.5,,,,,,,,,
5000000,1250,1.875,,7.22910737991333,,,,1.875,,,,,,,,,
5004000,1251,1.875,,7.388398170471191,,,,1.875,,,,,,,,,
5008000,1252,2.0,,7.937778472900391,,,,2.0,,,,,,,,,
5012000,1253,2.125,,7.621140480041504,,,,2.125,,,,,,,,,
5016000,1254,1.875,,7.502609729766846,,,,1.875,,,,,,,,,
5020000,1255,2.625,,7.068072319030762,,,,2.625,,,,,,,,,
5024000,1256,2.625,,6.96426248550415,,,,2.625,,,,,,,,,
5028000,1257,1.75,,6.839710235595703,,,,1.75,,,,,,,,,
5032000,1258,2.25,,7.197190284729004,,,,2.25,,,,,,,,,
5036000,1259,3.0,,6.669086456298828,,,,3.0,,,,,,,,,
5040000,1260,3.5,,7.2360520362854,,,,3.5,,,,,,,,,
5044000,1261,2.75,,6.803415298461914,,,,2.75,,,,,,,,,
5048000,1262,2.0,,6.769838333129883,,,,2.0,,,,,,,,,
5052000,1263,2.25,,7.23855447769165,,,,2.25,,,,,,,,,
5056000,1264,2.875,,7.086575508117676,,,,2.875,,,,,,,,,
5060000,1265,2.25,,7.046846866607666,,,,2.25,,,,,,,,,
5064000,1266,2.375,,6.729460716247559,,,,2.375,,,,,,,,,
5068000,1267,3.125,,6.882327079772949,,,,3.125,,,,,,,,,
5072000,1268,2.75,,7.019890785217285,,,,2.75,,,,,,,,,
5076000,1269,2.5,,7.266672134399414,,,,2.5,,,,,,,,,
5080000,1270,2.875,,7.069023132324219,,,,2.875,,,,,,,,,
5084000,1271,2.625,,6.9865312576293945,,,,2.625,,,,,,,,,
5088000,1272,3.0,,6.854193687438965,,,,3.0,,,,,,,,,
5092000,1273,2.25,,6.762683868408203,,,,2.25,,,,,,,,,
5096000,1274,2.0,,7.150446891784668,,,,2.0,,,,,,,,,
5100000,1275,1.875,,6.87198543548584,,,,1.875,,,,,,,,,
5104000,1276,2.75,,7.220036506652832,,,,2.75,,,,,,,,,
5108000,1277,2.0,,7.173638343811035,,,,2.0,,,,,,,,,
5112000,1278,3.125,,7.319952964782715,,,,3.125,,,,,,,,,
5116000,1279,3.375,,6.741864204406738,,,,3.375,,,,,,,,,
5120000,1280,2.25,,6.917359828948975,,,,2.25,,,,,,,,,
5124000,1281,2.625,,6.926533222198486,,,,2.625,,,,,,,,,
5128000,1282,3.0,,6.64753532409668,,,,3.0,,,,,,,,,
5132000,1283,2.75,,7.0308332443237305,,,,2.75,,,,,,,,,
5136000,1284,3.0,,7.311710834503174,,,,3.0,,,,,,,,,
5140000,1285,2.5,,7.3483734130859375,,,,2.5,,,,,,,,,
5144000,1286,2.625,,7.297612190246582,,,,2.625,,,,,,,,,
5148000,1287,2.75,,6.905111312866211,,,,2.75,,,,,,,,,
5152000,1288,2.25,,7.174027919769287,,,,2.25,,,,,,,,,
5156000,1289,1.875,,6.542088508605957,,,,1.875,,,,,,,,,
5160000,1290,2.5,,6.919150352478027,,,,2.5,,,,,,,,,
5164000,1291,2.625,,6.61561393737793,,,,2.625,,,,,,,,,
5168000,1292,3.0,,6.830936431884766,,,,3.0,,,,,,,,,
5172000,1293,3.0,,6.6904191970825195,,,,3.0,,,,,,,,,
5176000,1294,2.625,,6.831818580627441,,,,2.625,,,,,,,,,
5180000,1295,2.5,,6.664085388183594,,,,2.5,,,,,,,,,
5184000,1296,3.25,,6.635801315307617,,,,3.25,,,,,,,,,
5188000,1297,2.375,,7.172859191894531,,,,2.375,,,,,,,,,
5192000,1298,2.5,,6.661837100982666,,,,2.5,,,,,,,,,
5196000,1299,3.625,,6.240530014038086,,,,3.625,,,,,,,,,
5200000,1300,3.5,,6.814417362213135,,,,3.5,,,,,,,,,
5204000,1301,2.125,,nan,,,,2.125,,,,,,,,,
5208000,1302,2.5,,nan,,,,2.5,,,,,,,,,
5212000,1303,2.875,,nan,,,,2.875,,,,,,,,,
5216000,1304,2.25,,7.093540668487549,,,,2.25,,,,,,,,,
5220000,1305,2.875,,7.323071002960205,,,,2.875,,,,,,,,,
5224000,1306,3.125,,7.308440208435059,,,,3.125,,,,,,,,,
5228000,1307,3.25,,7.478178024291992,,,,3.25,,,,,,,,,
5232000,1308,3.5,,7.561380863189697,,,,3.5,,,,,,,,,
5236000,1309,3.0,,7.963977813720703,,,,3.0,,,,,,,,,
5240000,1310,3.25,,7.760795593261719,,,,3.25,,,,,,,,,
5244000,1311,3.375,,7.700237274169922,,,,3.375,,,,,,,,,
5248000,1312,3.125,,8.02048110961914,,,,3.125,,,,,,,,,
5252000,1313,3.25,,8.014309883117676,,,,3.25,,,,,,,,,
5256000,1314,3.875,,7.996458053588867,,,,3.875,,,,,,,,,
5260000,1315,3.375,,7.993673324584961,,,,3.375,,,,,,,,,
5264000,1316,3.375,,8.18438720703125,,,,3.375,,,,,,,,,
5268000,1317,4.0,,8.04519271850586,,,,4.0,,,,,,,,,
5272000,1318,3.375,,8.282293319702148,,,,3.375,,,,,,,,,
5276000,1319,3.0,,7.904637336730957,,,,3.0,,,,,,,,,
5280000,1320,2.125,,7.9107465744018555,,,,2.125,,,,,,,,,
5284000,1321,2.125,,7.5617475509643555,,,,2.125,,,,,,,,,
5288000,1322,2.875,,7.435768127441406,,,,2.875,,,,,,,,,
5292000,1323,2.375,,7.632748603820801,,,,2.375,,,,,,,,,
5296000,1324,2.625,,7.429762840270996,,,,2.625,,,,,,,,,
5300000,1325,2.125,,7.336884498596191,,,,2.125,,,,,,,,,
5304000,1326,2.5,,7.112780570983887,,,,2.5,,,,,,,,,
5308000,1327,3.25,,6.853752136230469,,,,3.25,,,,,,,,,
5312000,1328,3.25,,7.428983688354492,,,,3.25,,,,,,,,,
5316000,1329,3.0,,7.135317802429199,,,,3.0,,,,,,,,,
5320000,1330,3.875,,7.345756530761719,,,,3.875,,,,,,,,,
5324000,1331,3.625,,6.946246147155762,,,,3.625,,,,,,,,,
5328000,1332,4.125,,7.420367240905762,,,,4.125,,,,,,,,,
5332000,1333,2.75,,6.896141052246094,,,,2.75,,,,,,,,,
5336000,1334,3.125,,7.216161727905273,,,,3.125,,,,,,,,,
5340000,1335,3.5,,7.126121520996094,,,,3.5,,,,,,,,,
5344000,1336,3.25,,6.972318172454834,,,,3.25,,,,,,,,,
5348000,1337,2.25,,6.760876178741455,,,,2.25,,,,,,,,,
5352000,1338,3.75,,7.1082377433776855,,,,3.75,,,,,,,,,
5356000,1339,3.75,,6.989386558532715,,,,3.75,,,,,,,,,
5360000,1340,4.125,,6.830483436584473,,,,4.125,,,,,,,,,
5364000,1341,3.375,,6.9199299812316895,,,,3.375,,,,,,,,,
5368000,1342,2.625,,7.202499866485596,,,,2.625,,,,,,,,,
5372000,1343,3.375,,6.489187717437744,,,,3.375,,,,,,,,,
5376000,1344,2.5,,6.818896770477295,,,,2.5,,,,,,,,,
5380000,1345,2.25,,6.769838333129883,,,,2.25,,,,,,,,,
5384000,1346,3.25,,6.606292724609375,,,,3.25,,,,,,,,,
5388000,1347,2.375,,6.70578670501709,,,,2.375,,,,,,,,,
5392000,1348,2.625,,6.613779067993164,,,,2.625,,,,,,,,,
5396000,1349,3.25,,6.423728942871094,,,,3.25,,,,,,,,,
5400000,1350,3.625,,6.348155975341797,,,,3.625,,,,,,,,,
5404000,1351,3.25,,6.576841354370117,,,,3.25,,,,,,,,,
5408000,1352,2.875,,6.732788562774658,,,,2.875,,,,,,,,,
5412000,1353,3.5,,6.645617485046387,,,,3.5,,,,,,,,,
5416000,1354,3.0,,6.284082889556885,,,,3.0,,,,,,,,,
5420000,1355,2.625,,6.570566177368164,,,,2.625,,,,,,,,,
5424000,1356,2.25,,6.24864387512207,,,,2.25,,,,,,,,,
5428000,1357,3.125,,6.1411333084106445,,,,3.125,,,,,,,,,
5432000,1358,2.75,,6.160348892211914,,,,2.75,,,,,,,,,
5436000,1359,3.125,,6.206753730773926,,,,3.125,,,,,,,,,
5440000,1360,3.125,,6.34055233001709,,,,3.125,,,,,,,,,
5444000,1361,3.25,,6.348918914794922,,,,3.25,,,,,,,,,
5448000,1362,2.75,,6.1369781494140625,,,,2.75,,,,,,,,,
5452000,1363,3.5,,5.98072624206543,,,,3.5,,,,,,,,,
5456000,1364,3.125,,6.028499603271484,,,,3.125,,,,,,,,,
5460000,1365,2.625,,6.016458988189697,,,,2.625,,,,,,,,,
5464000,1366,2.875,,5.858005523681641,,,,2.875,,,,,,,,,
5468000,1367,3.875,,5.96587610244751,,,,3.875,,,,,,,,,
5472000,1368,3.625,,6.026337623596191,,,,3.625,,,,,,,,,
5476000,1369,2.75,,6.039406776428223,,,,2.75,,,,,,,,,
5480000,1370,4.0,,5.850961685180664,,,,4.0,,,,,,,,,
5484000,1371,3.125,,6.002043724060059,,,,3.125,,,,,,,,,
5488000,1372,3.0,,6.111840724945068,,,,3.0,,,,,,,,,
5492000,1373,3.125,,6.068998336791992,,,,3.125,,,,,,,,,
5496000,1374,3.125,,5.814001083374023,,,,3.125,,,,,,,,,
5500000,1375,2.25,,5.76600456237793,,,,2.25,,,,,,,,,
5504000,1376,4.0,,5.845132350921631,,,,4.0,,,,,,,,,
5508000,1377,2.75,,5.882575035095215,,,,2.75,,,,,,,,,
5512000,1378,2.875,,5.715964317321777,,,,2.875,,,,,,,,,
5516000,1379,3.375,,5.54498815536499,,,,3.375,,,,,,,,,
5520000,1380,3.75,,5.707273960113525,,,,3.75,,,,,,,,,
5524000,1381,3.0,,5.672778129577637,,,,3.0,,,,,,,,,
5528000,1382,3.125,,5.6862993240356445,,,,3.125,,,,,,,,,
5532000,1383,2.75,,5.54072904586792,,,,2.75,,,,,,,,,
5536000,1384,3.25,,5.538825988769531,,,,3.25,,,,,,,,,
5540000,1385,3.375,,5.631900787353516,,,,3.375,,,,,,,,,
5544000,1386,3.75,,5.589283466339111,,,,3.75,,,,,,,,,
5548000,1387,3.25,,5.666831970214844,,,,3.25,,,,,,,,,
5552000,1388,2.875,,5.527755260467529,,,,2.875,,,,,,,,,
5556000,1389,2.875,,5.589028358459473,,,,2.875,,,,,,,,,
5560000,1390,3.875,,5.356899738311768,,,,3.875,,,,,,,,,
5564000,1391,3.125,,5.141964912414551,,,,3.125,,,,,,,,,
5568000,1392,2.75,,5.44658088684082,,,,2.75,,,,,,,,,
5572000,1393,3.875,,5.817768573760986,,,,3.875,,,,,,,,,
5576000,1394,2.75,,5.47334098815918,,,,2.75,,,,,,,,,
5580000,1395,3.5,,5.29572868347168,,,,3.5,,,,,,,,,
5584000,1396,2.875,,5.2205424308776855,,,,2.875,,,,,,,,,
5588000,1397,2.875,,5.3609938621521,,,,2.875,,,,,,,,,
5592000,1398,3.375,,5.515351295471191,,,,3.375,,,,,,,,,
5596000,1399,3.5,,5.351693630218506,,,,3.5,,,,,,,,,
5600000,1400,3.375,,5.065598487854004,,,,3.375,,,,,,,,,
5604000,1401,3.5,,5.289151668548584,,,,3.5,,,,,,,,,
5608000,1402,2.625,,5.517306327819824,,,,2.625,,,,,,,,,
5612000,1403,3.75,,5.103470325469971,,,,3.75,,,,,,,,,
5616000,1404,3.125,,5.343013286590576,,,,3.125,,,,,,,,,
5620000,1405,3.5,,5.225522994995117,,,,3.5,,,,,,,,,
5624000,1406,4.0,,5.078397750854492,,,,4.0,,,,,,,,,
5628000,1407,3.0,,5.055239677429199,,,,3.0,,,,,,,,,
5632000,1408,3.0,,5.099740505218506,,,,3.0,,,,,,,,,
5636000,1409,3.625,,5.211123943328857,,,,3.625,,,,,,,,,
5640000,1410,3.5,,5.129544258117676,,,,3.5,,,,,,,,,
5644000,1411,3.75,,5.133311748504639,,,,3.75,,,,,,,,,
5648000,1412,3.0,,5.3297119140625,,,,3.0,,,,,,,,,
5652000,1413,3.375,,5.108022689819336,,,,3.375,,,,,,,,,
5656000,1414,3.625,,4.901833534240723,,,,3.625,,,,,,,,,
5660000,1415,3.625,,4.96937370300293,,,,3.625,,,,,,,,,
5664000,1416,2.625,,5.085155487060547,,,,2.625,,,,,,,,,
5668000,1417,2.875,,5.158425807952881,,,,2.875,,,,,,,,,
5672000,1418,3.0,,4.862178802490234,,,,3.0,,,,,,,,,
5676000,1419,3.75,,4.944723129272461,,,,3.75,,,,,,,,,
5680000,1420,2.0,,4.909818649291992,,,,2.0,,,,,,,,,
5684000,1421,3.0,,4.764866828918457,,,,3.0,,,,,,,,,
5688000,1422,3.625,,4.864940643310547,,,,3.625,,,,,,,,,
5692000,1423,2.75,,4.649208068847656,,,,2.75,,,,,,,,,
5696000,1424,2.75,,4.869580268859863,,,,2.75,,,,,,,,,
5700000,1425,3.25,,4.795726299285889,,,,3.25,,,,,,,,,
5704000,1426,3.375,,4.862627983093262,,,,3.375,,,,,,,,,
5708000,1427,3.375,,4.7607269287109375,,,,3.375,,,,,,,,,
5712000,1428,3.375,,5.1096601486206055,,,,3.375,,,,,,,,,
5716000,1429,3.25,,4.670971870422363,,,,3.25,,,,,,,,,
5720000,1430,3.0,,4.633935928344727,,,,3.0,,,,,,,,,
5724000,1431,2.875,,4.8429951667785645,,,,2.875,,,,,,,,,
5728000,1432,2.75,,4.720547676086426,,,,2.75,,,,,,,,,
5732000,1433,3.75,,4.830109596252441,,,,3.75,,,,,,,,,
5736000,1434,2.5,,4.623509407043457,,,,2.5,,,,,,,,,
5740000,1435,3.25,,4.676957607269287,,,,3.25,,,,,,,,,
5744000,1436,3.0,,4.61014461517334,,,,3.0,,,,,,,,,
5748000,1437,3.0,,4.568502426147461,,,,3.0,,,,,,,,,
5752000,1438,2.375,,4.828007698059082,,,,2.375,,,,,,,,,
5756000,1439,2.875,,4.373627185821533,,,,2.875,,,,,,,,,
5760000,1440,2.375,,4.50121545791626,,,,2.375,,,,,,,,,
5764000,1441,3.375,,4.495726108551025,,,,3.375,,,,,,,,,
5768000,1442,2.75,,4.392891883850098,,,,2.75,,,,,,,,,
5772000,1443,3.125,,4.509693145751953,,,,3.125,,,,,,,,,
5776000,1444,2.625,,4.404349327087402,,,,2.625,,,,,,,,,
5780000,1445,3.75,,4.552082061767578,,,,3.75,,,,,,,,,
5784000,1446,2.625,,4.469666481018066,,,,2.625,,,,,,,,,
5788000,1447,2.5,,4.487987041473389,,,,2.5,,,,,,,,,
5792000,1448,1.875,,4.351011276245117,,,,1.875,,,,,,,,,
5796000,1449,3.0,,4.453746795654297,,,,3.0,,,,,,,,,
5800000,1450,2.375,,4.450102806091309,,,,2.375,,,,,,,,,
5804000,1451,2.375,,4.303420066833496,,,,2.375,,,,,,,,,
5808000,1452,1.875,,4.3291096687316895,,,,1.875,,,,,,,,,
5812000,1453,2.375,,4.419323444366455,,,,2.375,,,,,,,,,
5816000,1454,1.75,,4.299432277679443,,,,1.75,,,,,,,,,
5820000,1455,2.125,,4.511202335357666,,,,2.125,,,,,,,,,
5824000,1456,2.625,,4.3289618492126465,,,,2.625,,,,,,,,,
5828000,1457,2.375,,4.350113868713379,,,,2.375,,,,,,,,,
5832000,1458,2.75,,4.2518463134765625,,,,2.75,,,,,,,,,
5836000,1459,3.125,,4.09468412399292,,,,3.125,,,,,,,,,
5840000,1460,1.875,,4.078438758850098,,,,1.875,,,,,,,,,
5844000,1461,2.125,,4.258478164672852,,,,2.125,,,,,,,,,
5848000,1462,2.625,,4.022723197937012,,,,2.625,,,,,,,,,
5852000,1463,2.625,,4.256357669830322,,,,2.625,,,,,,,,,
5856000,1464,2.875,,4.0128068923950195,,,,2.875,,,,,,,,,
5860000,1465,3.5,,3.9932241439819336,,,,3.5,,,,,,,,,
5864000,1466,3.125,,3.994406223297119,,,,3.125,,,,,,,,,
5868000,1467,2.375,,4.1351318359375,,,,2.375,,,,,,,,,
5872000,1468,2.625,,4.005144119262695,,,,2.625,,,,,,,,,
5876000,1469,3.5,,4.193389892578125,,,,3.5,,,,,,,,,
5880000,1470,2.625,,3.81766676902771,,,,2.625,,,,,,,,,
5884000,1471,3.125,,3.9074347019195557,,,,3.125,,,,,,,,,
5888000,1472,3.5,,4.174817085266113,,,,3.5,,,,,,,,,
5892000,1473,3.25,,4.013633728027344,,,,3.25,,,,,,,,,
5896000,1474,3.0,,4.041285514831543,,,,3.0,,,,,,,,,
5900000,1475,3.25,,3.790092706680298,,,,3.25,,,,,,,,,
5904000,1476,3.25,,4.041012763977051,,,,3.25,,,,,,,,,
5908000,1477,3.375,,3.976943016052246,,,,3.375,,,,,,,,,
5912000,1478,2.625,,3.875124454498291,,,,2.625,,,,,,,,,
5916000,1479,3.0,,3.868417739868164,,,,3.0,,,,,,,,,
5920000,1480,2.875,,3.9339566230773926,,,,2.875,,,,,,,,,
5924000,1481,3.375,,3.6886889934539795,,,,3.375,,,,,,,,,
5928000,1482,2.625,,3.833972454071045,,,,2.625,,,,,,,,,
5932000,1483,3.25,,3.790860176086426,,,,3.25,,,,,,,,,
5936000,1484,3.625,,3.865454912185669,,,,3.625,,,,,,,,,
5940000,1485,3.25,,3.887547731399536,,,,3.25,,,,,,,,,
5944000,1486,3.75,,3.793466091156006,,,,3.75,,,,,,,,,
5948000,1487,2.625,,3.8964080810546875,,,,2.625,,,,,,,,,
5952000,1488,3.125,,3.821728467941284,,,,3.125,,,,,,,,,
5956000,1489,3.75,,4.007378578186035,,,,3.75,,,,,,,,,
5960000,1490,3.25,,3.814695358276367,,,,3.25,,,,,,,,,
5964000,1491,2.75,,3.9384765625,,,,2.75,,,,,,,,,
5968000,1492,3.0,,3.776230812072754,,,,3.0,,,,,,,,,
5972000,1493,3.0,,3.9129111766815186,,,,3.0,,,,,,,,,
5976000,1494,3.25,,3.6598081588745117,,,,3.25,,,,,,,,,
5980000,1495,3.0,,3.7712831497192383,,,,3.0,,,,,,,,,
5984000,1496,3.25,,3.7756593227386475,,,,3.25,,,,,,,,,
5988000,1497,3.0,,3.7047204971313477,,,,3.0,,,,,,,,,
5992000,1498,3.0,,3.5200767517089844,,,,3.0,,,,,,,,,
5996000,1499,3.625,,3.723552703857422,,,,3.625,,,,,,,,,
6000000,1500,2.875,,3.6863021850585938,,,,2.875,,,,,,,,,
6004000,1501,2.625,,3.7082018852233887,,,,2.625,,,,,,,,,
6008000,1502,3.125,,3.6336135864257812,,,,3.125,,,,,,,,,
6012000,1503,3.25,,3.90500545501709,,,,3.25,,,,,,,,,
6016000,1504,2.875,,3.7611026763916016,,,,2.875,,,,,,,,,
6020000,1505,3.125,,3.5754566192626953,,,,3.125,,,,,,,,,
6024000,1506,3.75,,3.620715618133545,,,,3.75,,,,,,,,,
6028000,1507,3.25,,3.5898663997650146,,,,3.25,,,,,,,,,
6032000,1508,3.125,,3.5596439838409424,,,,3.125,,,,,,,,,
6036000,1509,2.625,,3.684370994567871,,,,2.625,,,,,,,,,
6040000,1510,3.625,,3.6734418869018555,,,,3.625,,,,,,,,,
6044000,1511,3.25,,3.636733055114746,,,,3.25,,,,,,,,,
6048000,1512,3.625,,3.4384288787841797,,,,3.625,,,,,,,,,
6052000,1513,3.375,,3.603529930114746,,,,3.375,,,,,,,,,
6056000,1514,3.0,,3.6704282760620117,,,,3.0,,,,,,,,,
6060000,1515,3.125,,3.5698862075805664,,,,3.125,,,,,,,,,
6064000,1516,3.625,,3.5469088554382324,,,,3.625,,,,,,,,,
6068000,1517,3.875,,3.524959087371826,,,,3.875,,,,,,,,,
6072000,1518,3.5,,3.4624361991882324,,,,3.5,,,,,,,,,
6076000,1519,4.25,,3.5455379486083984,,,,4.25,,,,,,,,,
6080000,1520,3.375,,3.5343847274780273,,,,3.375,,,,,,,,,
6084000,1521,3.125,,3.4468350410461426,,,,3.125,,,,,,,,,
6088000,1522,3.25,,3.4833931922912598,,,,3.25,,,,,,,,,
6092000,1523,2.625,,3.6002018451690674,,,,2.625,,,,,,,,,
6096000,1524,3.25,,3.481562614440918,,,,3.25,,,,,,,,,
6100000,1525,2.75,,3.5076916217803955,,,,2.75,,,,,,,,,
6104000,1526,3.5,,3.515010118484497,,,,3.5,,,,,,,,,
6108000,1527,3.625,,3.4640722274780273,,,,3.625,,,,,,,,,
6112000,1528,3.125,,3.6074271202087402,,,,3.125,,,,,,,,,
6116000,1529,2.875,,3.6926376819610596,,,,2.875,,,,,,,,,
6120000,1530,3.875,,3.497636318206787,,,,3.875,,,,,,,,,
6124000,1531,3.375,,3.501525402069092,,,,3.375,,,,,,,,,
6128000,1532,4.125,,3.407067060470581,,,,4.125,,,,,,,,,
6132000,1533,3.625,,3.462279796600342,,,,3.625,,,,,,,,,
6136000,1534,3.625,,3.4348154067993164,,,,3.625,,,,,,,,,
6140000,1535,3.125,,3.3454928398132324,,,,3.125,,,,,,,,,
6144000,1536,3.625,,3.3626370429992676,,,,3.625,,,,,,,,,
6148000,1537,2.875,,3.4632046222686768,,,,2.875,,,,,,,,,
6152000,1538,3.5,,3.5016303062438965,,,,3.5,,,,,,,,,
6156000,1539,2.875,,3.32832407951355,,,,2.875,,,,,,,,,
6160000,1540,3.625,,3.518136739730835,,,,3.625,,,,,,,,,
6164000,1541,2.875,,3.459052085876465,,,,2.875,,,,,,,,,
6168000,1542,3.375,,3.4192428588867188,,,,3.375,,,,,,,,,
6172000,1543,3.375,,3.4193344116210938,,,,3.375,,,,,,,,,
6176000,1544,3.375,,3.3531103134155273,,,,3.375,,,,,,,,,
6180000,1545,3.75,,3.2714290618896484,,,,3.75,,,,,,,,,
6184000,1546,3.25,,3.3930835723876953,,,,3.25,,,,,,,,,
6188000,1547,3.75,,3.3866076469421387,,,,3.75,,,,,,,,,
6192000,1548,3.5,,3.3409926891326904,,,,3.5,,,,,,,,,
6196000,1549,3.125,,3.347601890563965,,,,3.125,,,,,,,,,
6200000,1550,3.0,,3.2091100215911865,,,,3.0,,,,,,,,,
6204000,1551,3.0,,3.325110673904419,,,,3.0,,,,,,,,,
6208000,1552,3.0,,3.2139320373535156,,,,3.0,,,,,,,,,
6212000,1553,3.5,,3.1995444297790527,,,,3.5,,,,,,,,,
6216000,1554,3.125,,3.326688289642334,,,,3.125,,,,,,,,,
6220000,1555,3.5,,3.2487242221832275,,,,3.5,,,,,,,,,
6224000,1556,3.25,,3.323906898498535,,,,3.25,,,,,,,,,
6228000,1557,3.625,,3.2769887447357178,,,,3.625,,,,,,,,,
6232000,1558,3.5,,3.469424247741699,,,,3.5,,,,,,,,,
6236000,1559,3.625,,3.149815559387207,,,,3.625,,,,,,,,,
6240000,1560,3.0,,3.3124747276306152,,,,3.0,,,,,,,,,
6244000,1561,3.875,,3.2979793548583984,,,,3.875,,,,,,,,,
6248000,1562,3.0,,3.3467154502868652,,,,3.0,,,,,,,,,
6252000,1563,3.125,,3.1149134635925293,,,,3.125,,,,,,,,,
6256000,1564,3.0,,3.4579482078552246,,,,3.0,,,,,,,,,
6260000,1565,3.5,,3.2328810691833496,,,,3.5,,,,,,,,,
6264000,1566,3.75,,3.3072524070739746,,,,3.75,,,,,,,,,
6268000,1567,2.875,,3.119584560394287,,,,2.875,,,,,,,,,
6272000,1568,3.25,,3.4015555381774902,,,,3.25,,,,,,,,,
6276000,1569,3.375,,3.2884011268615723,,,,3.375,,,,,,,,,
6280000,1570,3.75,,3.210221290588379,,,,3.75,,,,,,,,,
6284000,1571,3.375,,3.2257347106933594,,,,3.375,,,,,,,,,
6288000,1572,2.875,,3.119442939758301,,,,2.875,,,,,,,,,
6292000,1573,3.625,,3.2621684074401855,,,,3.625,,,,,,,,,
6296000,1574,3.5,,3.2426724433898926,,,,3.5,,,,,,,,,
6300000,1575,3.75,,3.3117079734802246,,,,3.75,,,,,,,,,
6304000,1576,3.375,,3.142822265625,,,,3.375,,,,,,,,,
6308000,1577,3.0,,3.3822383880615234,,,,3.0,,,,,,,,,
6312000,1578,2.25,,3.1824843883514404,,,,2.25,,,,,,,,,
6316000,1579,3.25,,3.2095470428466797,,,,3.25,,,,,,,,,
6320000,1580,3.375,,3.2985260486602783,,,,3.375,,,,,,,,,
6324000,1581,3.125,,3.257889986038208,,,,3.125,,,,,,,,,
6328000,1582,3.0,,3.249547004699707,,,,3.0,,,,,,,,,
6332000,1583,3.0,,3.472792625427246,,,,3.0,,,,,,,,,
6336000,1584,3.25,,3.185703754425049,,,,3.25,,,,,,,,,
6340000,1585,3.375,,3.148228168487549,,,,3.375,,,,,,,,,
6344000,1586,3.625,,3.3048081398010254,,,,3.625,,,,,,,,,
6348000,1587,3.125,,3.231116771697998,,,,3.125,,,,,,,,,
6352000,1588,3.625,,3.2843456268310547,,,,3.625,,,,,,,,,
6356000,1589,3.25,,3.2328455448150635,,,,3.25,,,,,,,,,
6360000,1590,3.0,,3.3545749187469482,,,,3.0,,,,,,,,,
6364000,1591,3.5,,3.255519390106201,,,,3.5,,,,,,,,,
6368000,1592,3.5,,3.276973009109497,,,,3.5,,,,,,,,,
6372000,1593,2.75,,3.3698253631591797,,,,2.75,,,,,,,,,
6376000,1594,3.5,,3.275310516357422,,,,3.5,,,,,,,,,
6380000,1595,3.5,,3.176682472229004,,,,3.5,,,,,,,,,
6384000,1596,3.0,,3.1228699684143066,,,,3.0,,,,,,,,,
6388000,1597,2.625,,3.1471409797668457,,,,2.625,,,,,,,,,
6392000,1598,2.5,,3.217103958129883,,,,2.5,,,,,,,,,
6396000,1599,2.25,,3.095730781555176,,,,2.25,,,,,,,,,
6400000,1600,2.875,,3.2371342182159424,,,,2.875,,,,,,,,,
6404000,1601,3.0,,3.2758090496063232,,,,3.0,,,,,,,,,
6408000,1602,2.5,,3.1553006172180176,,,,2.5,,,,,,,,,
6412000,1603,2.375,,3.253355026245117,,,,2.375,,,,,,,,,
6416000,1604,2.25,,3.2235474586486816,,,,2.25,,,,,,,,,
6420000,1605,2.875,,3.2292416095733643,,,,2.875,,,,,,,,,
6424000,1606,3.75,,3.1001477241516113,,,,3.75,,,,,,,,,
6428000,1607,3.125,,3.2177391052246094,,,,3.125,,,,,,,,,
6432000,1608,3.375,,3.2020263671875,,,,3.375,,,,,,,,,
6436000,1609,4.125,,3.0121076107025146,,,,4.125,,,,,,,,,
6440000,1610,3.125,,3.153892993927002,,,,3.125,,,,,,,,,
6444000,1611,3.75,,3.0766258239746094,,,,3.75,,,,,,,,,
6448000,1612,3.625,,3.099562644958496,,,,3.625,,,,,,,,,
6452000,1613,2.75,,3.094078540802002,,,,2.75,,,,,,,,,
6456000,1614,2.875,,3.123074531555176,,,,2.875,,,,,,,,,
6460000,1615,3.25,,3.106051445007324,,,,3.25,,,,,,,,,
6464000,1616,3.125,,3.0248708724975586,,,,3.125,,,,,,,,,
6468000,1617,3.375,,3.07865834236145,,,,3.375,,,,,,,,,
6472000,1618,3.5,,2.997401237487793,,,,3.5,,,,,,,,,
6476000,1619,3.125,,3.0952205657958984,,,,3.125,,,,,,,,,
6480000,1620,3.875,,3.083498954772949,,,,3.875,,,,,,,,,
6484000,1621,3.625,,3.1709561347961426,,,,3.625,,,,,,,,,
6488000,1622,3.0,,2.9977478981018066,,,,3.0,,,,,,,,,
6492000,1623,3.375,,3.0679051876068115,,,,3.375,,,,,,,,,
6496000,1624,2.625,,3.088266134262085,,,,2.625,,,,,,,,,
6500000,1625,2.125,,3.0400328636169434,,,,2.125,,,,,,,,,
6504000,1626,3.375,,2.9940032958984375,,,,3.375,,,,,,,,,
6508000,1627,3.875,,3.0193214416503906,,,,3.875,,,,,,,,,
6512000,1628,3.5,,3.0744218826293945,,,,3.5,,,,,,,,,
6516000,1629,2.75,,3.1021947860717773,,,,2.75,,,,,,,,,
6520000,1630,3.25,,3.0177559852600098,,,,3.25,,,,,,,,,
6524000,1631,2.875,,3.0059502124786377,,,,2.875,,,,,,,,,
6528000,1632,2.5,,3.0569183826446533,,,,2.5,,,,,,,,,
6532000,1633,3.75,,3.045198917388916,,,,3.75,,,,,,,,,
6536000,1634,2.375,,3.091060161590576,,,,2.375,,,,,,,,,
6540000,1635,2.25,,3.017549514770508,,,,2.25,,,,,,,,,
6544000,1636,3.875,,3.0589747428894043,,,,3.875,,,,,,,,,
6548000,1637,2.0,,3.0760042667388916,,,,2.0,,,,,,,,,
6552000,1638,3.5,,3.0704236030578613,,,,3.5,,,,,,,,,
6556000,1639,3.5,,3.048466920852661,,,,3.5,,,,,,,,,
6560000,1640,3.125,,2.9428446292877197,,,,3.125,,,,,,,,,
6564000,1641,4.125,,2.9287898540496826,,,,4.125,,,,,,,,,
6568000,1642,3.5,,2.964174747467041,,,,3.5,,,,,,,,,
6572000,1643,3.875,,2.946725368499756,,,,3.875,,,,,,,,,
6576000,1644,3.125,,2.9386355876922607,,,,3.125,,,,,,,,,
6580000,1645,3.125,,2.7348952293395996,,,,3.125,,,,,,,,,
6584000,1646,3.375,,2.9442832469940186,,,,3.375,,,,,,,,,
6588000,1647,3.625,,2.9942636489868164,,,,3.625,,,,,,,,,
6592000,1648,3.5,,2.894775390625,,,,3.5,,,,,,,,,
6596000,1649,2.875,,2.955371141433716,,,,2.875,,,,,,,,,
6600000,1650,3.5,,3.0244011878967285,,,,3.5,,,,,,,,,
6604000,1651,3.25,,2.9602651596069336,,,,3.25,,,,,,,,,
6608000,1652,3.375,,2.9908158779144287,,,,3.375,,,,,,,,,
6612000,1653,3.5,,2.92368221282959,,,,3.5,,,,,,,,,
6616000,1654,3.5,,2.887605667114258,,,,3.5,,,,,,,,,
6620000,1655,3.5,,2.9285686016082764,,,,3.5,,,,,,,,,
6624000,1656,2.75,,2.878183364868164,,,,2.75,,,,,,,,,
6628000,1657,2.5,,2.867865562438965,,,,2.5,,,,,,,,,
6632000,1658,2.875,,2.8594770431518555,,,,2.875,,,,,,,,,
6636000,1659,3.0,,2.9043166637420654,,,,3.0,,,,,,,,,
6640000,1660,3.125,,2.9204721450805664,,,,3.125,,,,,,,,,
6644000,1661,2.75,,2.9022765159606934,,,,2.75,,,,,,,,,
6648000,1662,3.625,,2.833962917327881,,,,3.625,,,,,,,,,
6652000,1663,2.625,,2.7429826259613037,,,,2.625,,,,,,,,,
6656000,1664,3.625,,2.8651912212371826,,,,3.625,,,,,,,,,
6660000,1665,3.25,,2.9164137840270996,,,,3.25,,,,,,,,,
6664000,1666,3.125,,2.817966938018799,,,,3.125,,,,,,,,,
6668000,1667,3.5,,2.8795382976531982,,,,3.5,,,,,,,,,
6672000,1668,3.5,,2.7326483726501465,,,,3.5,,,,,,,,,
6676000,1669,2.375,,2.796565532684326,,,,2.375,,,,,,,,,
6680000,1670,2.5,,2.8041186332702637,,,,2.5,,,,,,,,,
6684000,1671,2.5,,2.8871498107910156,,,,2.5,,,,,,,,,
6688000,1672,3.25,,2.6676461696624756,,,,3.25,,,,,,,,,
6692000,1673,3.375,,2.8724007606506348,,,,3.375,,,,,,,,,
6696000,1674,3.25,,2.7738142013549805,,,,3.25,,,,,,,,,
6700000,1675,3.5,,2.7394723892211914,,,,3.5,,,,,,,,,
6704000,1676,2.125,,2.7623531818389893,,,,2.125,,,,,,,,,
6708000,1677,2.625,,2.7173728942871094,,,,2.625,,,,,,,,,
6712000,1678,3.625,,2.816577434539795,,,,3.625,,,,,,,,,
6716000,1679,3.125,,2.838099479675293,,,,3.125,,,,,,,,,
6720000,1680,3.875,,2.757183074951172,,,,3.875,,,,,,,,,
6724000,1681,3.25,,2.7217180728912354,,,,3.25,,,,,,,,,
6728000,1682,3.0,,2.755706548690796,,,,3.0,,,,,,,,,
6732000,1683,3.5,,2.721834659576416,,,,3.5,,,,,,,,,
6736000,1684,3.25,,2.6676599979400635,,,,3.25,,,,,,,,,
6740000,1685,2.375,,2.6772665977478027,,,,2.375,,,,,,,,,
6744000,1686,3.5,,2.6527271270751953,,,,3.5,,,,,,,,,
6748000,1687,3.25,,2.7711379528045654,,,,3.25,,,,,,,,,
6752000,1688,3.125,,2.6895124912261963,,,,3.125,,,,,,,,,
6756000,1689,2.5,,2.6516432762145996,,,,2.5,,,,,,,,,
6760000,1690,2.625,,2.8154373168945312,,,,2.625,,,,,,,,,
6764000,1691,4.125,,2.567957878112793,,,,4.125,,,,,,,,,
6768000,1692,2.75,,2.700087070465088,,,,2.75,,,,,,,,,
6772000,1693,3.375,,2.6667537689208984,,,,3.375,,,,,,,,,
6776000,1694,3.375,,2.671647310256958,,,,3.375,,,,,,,,,
6780000,1695,2.75,,2.618218421936035,,,,2.75,,,,,,,,,
6784000,1696,2.75,,2.59710693359375,,,,2.75,,,,,,,,,
6788000,1697,3.75,,2.5056591033935547,,,,3.75,,,,,,,,,
6792000,1698,3.375,,2.666743278503418,,,,3.375,,,,,,,,,
6796000,1699,3.25,,2.684236526489258,,,,3.25,,,,,,,,,
6800000,1700,3.5,,2.6359434127807617,,,,3.5,,,,,,,,,
6804000,1701,3.5,,2.7287650108337402,,,,3.5,,,,,,,,,
6808000,1702,2.25,,2.738650321960449,,,,2.25,,,,,,,,,
6812000,1703,3.75,,2.6692206859588623,,,,3.75,,,,,,,,,
6816000,1704,3.25,,2.5856335163116455,,,,3.25,,,,,,,,,
6820000,1705,4.125,,2.547452449798584,,,,4.125,,,,,,,,,
6824000,1706,3.375,,2.5972042083740234,,,,3.375,,,,,,,,,
6828000,1707,3.0,,2.6936655044555664,,,,3.0,,,,,,,,,
6832000,1708,2.625,,2.6305339336395264,,,,2.625,,,,,,,,,
6836000,1709,3.5,,2.4484658241271973,,,,3.5,,,,,,,,,
6840000,1710,3.625,,2.6914849281311035,,,,3.625,,,,,,,,,
6844000,1711,3.5,,2.6439599990844727,,,,3.5,,,,,,,,,
6848000,1712,3.5,,2.5828733444213867,,,,3.5,,,,,,,,,
6852000,1713,3.25,,2.5366549491882324,,,,3.25,,,,,,,,,
6856000,1714,3.0,,2.6234230995178223,,,,3.0,,,,,,,,,
6860000,1715,3.5,,2.6549272537231445,,,,3.5,,,,,,,,,
6864000,1716,3.375,,2.6925830841064453,,,,3.375,,,,,,,,,
6868000,1717,3.75,,2.5374674797058105,,,,3.75,,,,,,,,,
6872000,1718,3.25,,2.60866117477417,,,,3.25,,,,,,,,,
6876000,1719,2.75,,2.6427981853485107,,,,2.75,,,,,,,,,
6880000,1720,3.75,,2.665940761566162,,,,3.75,,,,,,,,,
6884000,1721,4.375,,2.5348684787750244,,,,4.375,,,,,,,,,
6888000,1722,3.625,,2.6313071250915527,,,,3.625,,,,,,,,,
6892000,1723,4.25,,2.6346311569213867,,,,4.25,,,,,,,,,
6896000,1724,3.875,,2.6174702644348145,,,,3.875,,,,,,,,,
6900000,1725,3.125,,2.5251784324645996,,,,3.125,,,,,,,,,
6904000,1726,3.375,,2.6047921180725098,,,,3.375,,,,,,,,,
6908000,1727,3.875,,2.601555347442627,,,,3.875,,,,,,,,,
6912000,1728,2.625,,2.6537580490112305,,,,2.625,,,,,,,,,
6916000,1729,3.75,,2.6497960090637207,,,,3.75,,,,,,,,,
6920000,1730,3.75,,2.687649726867676,,,,3.75,,,,,,,,,
6924000,1731,3.875,,2.5831966400146484,,,,3.875,,,,,,,,,
6928000,1732,3.25,,2.634552001953125,,,,3.25,,,,,,,,,
6932000,1733,3.0,,2.609307289123535,,,,3.0,,,,,,,,,
6936000,1734,3.75,,2.6677756309509277,,,,3.75,,,,,,,,,
6940000,1735,3.0,,2.6345267295837402,,,,3.0,,,,,,,,,
6944000,1736,3.75,,2.588127613067627,,,,3.75,,,,,,,,,
6948000,1737,4.0,,2.507784605026245,,,,4.0,,,,,,,,,
6952000,1738,3.625,,2.6193103790283203,,,,3.625,,,,,,,,,
6956000,1739,4.0,,2.5961215496063232,,,,4.0,,,,,,,,,
6960000,1740,3.25,,2.5521557331085205,,,,3.25,,,,,,,,,
6964000,1741,2.875,,2.576262950897217,,,,2.875,,,,,,,,,
6968000,1742,3.75,,2.549386501312256,,,,3.75,,,,,,,,,
6972000,1743,3.5,,2.548367977142334,,,,3.5,,,,,,,,,
6976000,1744,3.75,,2.6763274669647217,,,,3.75,,,,,,,,,
6980000,1745,3.25,,2.580471992492676,,,,3.25,,,,,,,,,
6984000,1746,3.75,,2.605067014694214,,,,3.75,,,,,,,,,
6988000,1747,3.0,,2.436361789703369,,,,3.0,,,,,,,,,
6992000,1748,3.875,,2.6261212825775146,,,,3.875,,,,,,,,,
6996000,1749,4.0,,2.4861626625061035,,,,4.0,,,,,,,,,
7000000,1750,4.0,,2.5797345638275146,,,,4.0,,,,,,,,,
7004000,1751,4.125,,2.6367454528808594,,,,4.125,,,,,,,,,
7008000,1752,3.75,,2.6453566551208496,,,,3.75,,,,,,,,,
7012000,1753,3.375,,2.552828550338745,,,,3.375,,,,,,,,,
7016000,1754,3.375,,2.6201987266540527,,,,3.375,,,,,,,,,
7020000,1755,4.0,,2.507917881011963,,,,4.0,,,,,,,,,
7024000,1756,3.5,,2.591395378112793,,,,3.5,,,,,,,,,
7028000,1757,3.375,,2.6534976959228516,,,,3.375,,,,,,,,,
7032000,1758,3.625,,2.508816719055176,,,,3.625,,,,,,,,,
7036000,1759,3.5,,2.490302801132202,,,,3.5,,,,,,,,,
7040000,1760,4.0,,2.589726209640503,,,,4.0,,,,,,,,,
7044000,1761,3.625,,2.5764331817626953,,,,3.625,,,,,,,,,
7048000,1762,3.5,,2.492957592010498,,,,3.5,,,,,,,,,
7052000,1763,4.25,,2.7006728649139404,,,,4.25,,,,,,,,,
7056000,1764,2.75,,2.491335153579712,,,,2.75,,,,,,,,,
7060000,1765,3.375,,2.6036572456359863,,,,3.375,,,,,,,,,
7064000,1766,3.875,,2.5257275104522705,,,,3.875,,,,,,,,,
7068000,1767,3.5,,2.613828182220459,,,,3.5,,,,,,,,,
7072000,1768,3.75,,2.598125457763672,,,,3.75,,,,,,,,,
7076000,1769,3.625,,2.522716999053955,,,,3.625,,,,,,,,,
7080000,1770,3.25,,2.5605461597442627,,,,3.25,,,,,,,,,
7084000,1771,3.0,,2.4567489624023438,,,,3.0,,,,,,,,,
7088000,1772,3.625,,2.514366865158081,,,,3.625,,,,,,,,,
7092000,1773,3.625,,2.654818296432495,,,,3.625,,,,,,,,,
7096000,1774,3.625,,2.6316709518432617,,,,3.625,,,,,,,,,
7100000,1775,3.375,,2.5319600105285645,,,,3.375,,,,,,,,,
7104000,1776,3.75,,2.5536022186279297,,,,3.75,,,,,,,,,
7108000,1777,3.625,,2.6335177421569824,,,,3.625,,,,,,,,,
7112000,1778,3.625,,2.5242743492126465,,,,3.625,,,,,,,,,
7116000,1779,3.5,,2.4867987632751465,,,,3.5,,,,,,,,,
7120000,1780,4.125,,2.5119662284851074,,,,4.125,,,,,,,,,
7124000,1781,3.625,,2.483827590942383,,,,3.625,,,,,,,,,
7128000,1782,3.25,,2.562901735305786,,,,3.25,,,,,,,,,
7132000,1783,3.625,,2.5383553504943848,,,,3.625,,,,,,,,,
7136000,1784,3.625,,2.567842721939087,,,,3.625,,,,,,,,,
7140000,1785,3.375,,2.491321086883545,,,,3.375,,,,,,,,,
7144000,1786,3.625,,2.5549142360687256,,,,3.625,,,,,,,,,
7148000,1787,3.75,,2.4999160766601562,,,,3.75,,,,,,,,,
7152000,1788,3.75,,2.5093507766723633,,,,3.75,,,,,,,,,
7156000,1789,3.875,,2.496614456176758,,,,3.875,,,,,,,,,
7160000,1790,4.125,,2.556281566619873,,,,4.125,,,,,,,,,
7164000,1791,3.75,,2.525099277496338,,,,3.75,,,,,,,,,
7168000,1792,4.0,,2.5314455032348633,,,,4.0,,,,,,,,,
7172000,1793,3.875,,2.4810690879821777,,,,3.875,,,,,,,,,
7176000,1794,3.5,,2.6078238487243652,,,,3.5,,,,,,,,,
7180000,1795,3.125,,2.5203657150268555,,,,3.125,,,,,,,,,
7184000,1796,4.125,,2.536355495452881,,,,4.125,,,,,,,,,
7188000,1797,3.75,,2.5642266273498535,,,,3.75,,,,,,,,,
7192000,1798,3.625,,2.4865903854370117,,,,3.625,,,,,,,,,
7196000,1799,4.125,,2.5653586387634277,,,,4.125,,,,,,,,,
7200000,1800,3.5,,2.541008949279785,,,,3.5,,,,,,,,,
7204000,1801,3.0,,2.5314574241638184,,,,3.0,,,,,,,,,
7208000,1802,3.625,,2.5266757011413574,,,,3.625,,,,,,,,,
7212000,1803,3.0,,2.4874353408813477,,,,3.0,,,,,,,,,
7216000,1804,3.875,,2.4580836296081543,,,,3.875,,,,,,,,,
7220000,1805,3.375,,2.510651111602783,,,,3.375,,,,,,,,,
7224000,1806,3.375,,2.629004955291748,,,,3.375,,,,,,,,,
7228000,1807,3.625,,2.4985098838806152,,,,3.625,,,,,,,,,
7232000,1808,3.375,,2.5512948036193848,,,,3.375,,,,,,,,,
7236000,1809,3.875,,2.551574468612671,,,,3.875,,,,,,,,,
7240000,1810,3.75,,2.579392910003662,,,,3.75,,,,,,,,,
7244000,1811,3.375,,2.5651516914367676,,,,3.375,,,,,,,,,
7248000,1812,3.25,,2.5686569213867188,,,,3.25,,,,,,,,,
7252000,1813,2.875,,2.466688394546509,,,,2.875,,,,,,,,,
7256000,1814,3.375,,2.4775350093841553,,,,3.375,,,,,,,,,
7260000,1815,3.25,,2.497299909591675,,,,3.25,,,,,,,,,
7264000,1816,3.375,,2.551361560821533,,,,3.375,,,,,,,,,
7268000,1817,2.75,,2.542206287384033,,,,2.75,,,,,,,,,
7272000,1818,2.75,,2.5325257778167725,,,,2.75,,,,,,,,,
7276000,1819,3.125,,2.4153261184692383,,,,3.125,,,,,,,,,
7280000,1820,3.125,,2.4468941688537598,,,,3.125,,,,,,,,,
7284000,1821,3.25,,2.506399393081665,,,,3.25,,,,,,,,,
7288000,1822,3.125,,2.418905735015869,,,,3.125,,,,,,,,,
7292000,1823,3.375,,2.5012333393096924,,,,3.375,,,,,,,,,
7296000,1824,3.625,,2.4066193103790283,,,,3.625,,,,,,,,,
7300000,1825,3.0,,2.4438483715057373,,,,3.0,,,,,,,,,
7304000,1826,3.75,,2.4726510047912598,,,,3.75,,,,,,,,,
7308000,1827,3.125,,2.5500941276550293,,,,3.125,,,,,,,,,
7312000,1828,3.75,,2.477891206741333,,,,3.75,,,,,,,,,
7316000,1829,3.0,,2.478825330734253,,,,3.0,,,,,,,,,
7320000,1830,2.375,,2.411421298980713,,,,2.375,,,,,,,,,
7324000,1831,2.125,,2.3997459411621094,,,,2.125,,,,,,,,,
7328000,1832,3.25,,2.4719231128692627,,,,3.25,,,,,,,,,
7332000,1833,4.0,,2.4389970302581787,,,,4.0,,,,,,,,,
7336000,1834,2.5,,2.467271566390991,,,,2.5,,,,,,,,,
7340000,1835,2.375,,2.4428584575653076,,,,2.375,,,,,,,,,
7344000,1836,2.125,,2.4174365997314453,,,,2.125,,,,,,,,,
7348000,1837,3.125,,2.3782095909118652,,,,3.125,,,,,,,,,
7352000,1838,2.875,,2.428701877593994,,,,2.875,,,,,,,,,
7356000,1839,3.875,,2.35827374458313,,,,3.875,,,,,,,,,
7360000,1840,4.0,,2.3623831272125244,,,,4.0,,,,,,,,,
7364000,1841,2.875,,2.4259161949157715,,,,2.875,,,,,,,,,
7368000,1842,3.125,,2.4011943340301514,,,,3.125,,,,,,,,,
7372000,1843,2.75,,2.3851518630981445,,,,2.75,,,,,,,,,
7376000,1844,3.0,,2.4010329246520996,,,,3.0,,,,,,,,,
7380000,1845,3.5,,2.3750522136688232,,,,3.5,,,,,,,,,
7384000,1846,3.5,,2.3636691570281982,,,,3.5,,,,,,,,,
7388000,1847,4.0,,2.4473180770874023,,,,4.0,,,,,,,,,
7392000,1848,3.125,,2.341330051422119,,,,3.125,,,,,,,,,
7396000,1849,2.625,,2.4078569412231445,,,,2.625,,,,,,,,,
7400000,1850,3.25,,2.350867509841919,,,,3.25,,,,,,,,,
7404000,1851,3.875,,2.360964298248291,,,,3.875,,,,,,,,,
7408000,1852,3.5,,2.4162020683288574,,,,3.5,,,,,,,,,
7412000,1853,3.375,,2.326608896255493,,,,3.375,,,,,,,,,
7416000,1854,3.125,,2.3148159980773926,,,,3.125,,,,,,,,,
7420000,1855,3.75,,2.301724910736084,,,,3.75,,,,,,,,,
7424000,1856,3.75,,2.2688329219818115,,,,3.75,,,,,,,,,
7428000,1857,3.375,,2.2121195793151855,,,,3.375,,,,,,,,,
7432000,1858,3.375,,2.378053903579712,,,,3.375,,,,,,,,,
7436000,1859,3.625,,2.3499491214752197,,,,3.625,,,,,,,,,
7440000,1860,3.375,,2.4520719051361084,,,,3.375,,,,,,,,,
7444000,1861,4.125,,2.334317684173584,,,,4.125,,,,,,,,,
7448000,1862,2.875,,2.431245803833008,,,,2.875,,,,,,,,,
7452000,1863,3.625,,2.3984310626983643,,,,3.625,,,,,,,,,
7456000,1864,3.0,,2.4026551246643066,,,,3.0,,,,,,,,,
7460000,1865,3.5,,2.3387842178344727,,,,3.5,,,,,,,,,
7464000,1866,1.875,,2.3629884719848633,,,,1.875,,,,,,,,,
7468000,1867,3.375,,2.2985646724700928,,,,3.375,,,,,,,,,
7472000,1868,3.25,,2.276895046234131,,,,3.25,,,,,,,,,
7476000,1869,3.0,,2.3105950355529785,,,,3.0,,,,,,,,,
7480000,1870,3.125,,2.31611704826355,,,,3.125,,,,,,,,,
7484000,1871,3.5,,2.3389034271240234,,,,3.5,,,,,,,,,
7488000,1872,3.125,,2.339146137237549,,,,3.125,,,,,,,,,
7492000,1873,3.125,,2.251497745513916,,,,3.125,,,,,,,,,
7496000,1874,3.5,,2.2221574783325195,,,,3.5,,,,,,,,,
7500000,1875,2.375,,2.2342846393585205,,,,2.375,,,,,,,,,
7504000,1876,3.875,,2.227778911590576,,,,3.875,,,,,,,,,
7508000,1877,2.625,,2.204335927963257,,,,2.625,,,,,,,,,
7512000,1878,3.625,,2.263704299926758,,,,3.625,,,,,,,,,
7516000,1879,3.75,,2.247192859649658,,,,3.75,,,,,,,,,
7520000,1880,2.25,,2.2717533111572266,,,,2.25,,,,,,,,,
7524000,1881,3.875,,2.315181255340576,,,,3.875,,,,,,,,,
7528000,1882,2.625,,2.295280933380127,,,,2.625,,,,,,,,,
7532000,1883,2.375,,2.2291080951690674,,,,2.375,,,,,,,,,
7536000,1884,3.375,,2.170430898666382,,,,3.375,,,,,,,,,
7540000,1885,1.75,,2.281158447265625,,,,1.75,,,,,,,,,
7544000,1886,2.625,,2.2102859020233154,,,,2.625,,,,,,,,,
7548000,1887,3.5,,2.1242170333862305,,,,3.5,,,,,,,,,
7552000,1888,3.25,,2.1586291790008545,,,,3.25,,,,,,,,,
7556000,1889,1.75,,2.0659661293029785,,,,1.75,,,,,,,,,
7560000,1890,3.25,,2.1765055656433105,,,,3.25,,,,,,,,,
7564000,1891,3.875,,2.2033863067626953,,,,3.875,,,,,,,,,
7568000,1892,3.5,,2.148678779602051,,,,3.5,,,,,,,,,
7572000,1893,1.75,,2.1075730323791504,,,,1.75,,,,,,,,,
7576000,1894,1.25,,2.171586036682129,,,,1.25,,,,,,,,,
7580000,1895,3.25,,2.06016206741333,,,,3.25,,,,,,,,,
7584000,1896,3.375,,2.117981433868408,,,,3.375,,,,,,,,,
7588000,1897,3.875,,2.196621894836426,,,,3.875,,,,,,,,,
7592000,1898,4.25,,2.1639022827148438,,,,4.25,,,,,,,,,
7596000,1899,3.375,,2.152143955230713,,,,3.375,,,,,,,,,
7600000,1900,3.75,,2.132230281829834,,,,3.75,,,,,,,,,
7604000,1901,3.75,,2.1680960655212402,,,,3.75,,,,,,,,,
7608000,1902,4.125,,2.1712725162506104,,,,4.125,,,,,,,,,
7612000,1903,3.875,,2.140382766723633,,,,3.875,,,,,,,,,
7616000,1904,3.25,,2.1804356575012207,,,,3.25,,,,,,,,,
7620000,1905,3.625,,2.0947887897491455,,,,3.625,,,,,,,,,
7624000,1906,3.375,,2.131779193878174,,,,3.375,,,,,,,,,
7628000,1907,3.125,,2.070456027984619,,,,3.125,,,,,,,,,
7632000,1908,4.0,,2.156970977783203,,,,4.0,,,,,,,,,
7636000,1909,4.0,,2.139042377471924,,,,4.0,,,,,,,,,
7640000,1910,2.75,,2.1116786003112793,,,,2.75,,,,,,,,,
7644000,1911,4.125,,2.2004201412200928,,,,4.125,,,,,,,,,
7648000,1912,4.0,,2.151092767715454,,,,4.0,,,,,,,,,
7652000,1913,4.0,,2.1378402709960938,,,,4.0,,,,,,,,,
7656000,1914,3.375,,2.043875217437744,,,,3.375,,,,,,,,,
7660000,1915,3.375,,2.0834438800811768,,,,3.375,,,,,,,,,
7664000,1916,4.375,,2.085644006729126,,,,4.375,,,,,,,,,
7668000,1917,3.375,,2.119328022003174,,,,3.375,,,,,,,,,
7672000,1918,3.5,,2.072059392929077,,,,3.5,,,,,,,,,
7676000,1919,3.625,,2.1416990756988525,,,,3.625,,,,,,,,,
7680000,1920,3.625,,2.1379857063293457,,,,3.625,,,,,,,,,
7684000,1921,2.125,,2.1141202449798584,,,,2.125,,,,,,,,,
7688000,1922,3.75,,2.09601092338562,,,,3.75,,,,,,,,,
7692000,1923,3.5,,2.1466965675354004,,,,3.5,,,,,,,,,
7696000,1924,4.125,,2.0912747383117676,,,,4.125,,,,,,,,,
7700000,1925,3.625,,2.1089134216308594,,,,3.625,,,,,,,,,
7704000,1926,3.625,,2.0644869804382324,,,,3.625,,,,,,,,,
7708000,1927,4.0,,2.0177106857299805,,,,4.0,,,,,,,,,
7712000,1928,4.0,,2.1158955097198486,,,,4.0,,,,,,,,,
7716000,1929,3.875,,2.2251453399658203,,,,3.875,,,,,,,,,
7720000,1930,3.625,,2.079895496368408,,,,3.625,,,,,,,,,
7724000,1931,3.5,,2.1522841453552246,,,,3.5,,,,,,,,,
7728000,1932,3.625,,2.0238494873046875,,,,3.625,,,,,,,,,
7732000,1933,2.75,,2.217860698699951,,,,2.75,,,,,,,,,
7736000,1934,3.0,,2.0092577934265137,,,,3.0,,,,,,,,,
7740000,1935,3.625,,2.043299913406372,,,,3.625,,,,,,,,,
7744000,1936,3.875,,2.061641216278076,,,,3.875,,,,,,,,,
7748000,1937,2.5,,2.06386661529541,,,,2.5,,,,,,,,,
7752000,1938,4.125,,2.057220458984375,,,,4.125,,,,,,,,,
7756000,1939,2.625,,2.0460119247436523,,,,2.625,,,,,,,,,
7760000,1940,3.375,,2.0264244079589844,,,,3.375,,,,,,,,,
7764000,1941,3.875,,2.086841583251953,,,,3.875,,,,,,,,,
7768000,1942,3.25,,2.0760812759399414,,,,3.25,,,,,,,,,
7772000,1943,2.625,,2.111684799194336,,,,2.625,,,,,,,,,
7776000,1944,2.625,,2.0748448371887207,,,,2.625,,,,,,,,,
7780000,1945,3.625,,2.1694107055664062,,,,3.625,,,,,,,,,
7784000,1946,3.625,,2.0572659969329834,,,,3.625,,,,,,,,,
7788000,1947,3.375,,2.0904016494750977,,,,3.375,,,,,,,,,
7792000,1948,3.25,,2.0557031631469727,,,,3.25,,,,,,,,,
7796000,1949,2.625,,2.0688629150390625,,,,2.625,,,,,,,,,
7800000,1950,1.75,,2.0286550521850586,,,,1.75,,,,,,,,,
7804000,1951,2.25,,2.0417182445526123,,,,2.25,,,,,,,,,
7808000,1952,2.875,,2.0719449520111084,,,,2.875,,,,,,,,,
7812000,1953,3.125,,2.0469346046447754,,,,3.125,,,,,,,,,
7816000,1954,3.125,,2.083815097808838,,,,3.125,,,,,,,,,
7820000,1955,3.0,,1.9949021339416504,,,,3.0,,,,,,,,,
7824000,1956,3.75,,1.9863619804382324,,,,3.75,,,,,,,,,
7828000,1957,2.75,,2.023212194442749,,,,2.75,,,,,,,,,
7832000,1958,4.25,,2.0408663749694824,,,,4.25,,,,,,,,,
7836000,1959,2.875,,2.0293188095092773,,,,2.875,,,,,,,,,
7840000,1960,3.0,,2.010927677154541,,,,3.0,,,,,,,,,
7844000,1961,2.375,,2.01352596282959,,,,2.375,,,,,,,,,
7848000,1962,3.625,,2.0152876377105713,,,,3.625,,,,,,,,,
7852000,1963,4.0,,2.104391574859619,,,,4.0,,,,,,,,,
7856000,1964,3.5,,2.044006109237671,,,,3.5,,,,,,,,,
7860000,1965,3.125,,2.056001663208008,,,,3.125,,,,,,,,,
7864000,1966,3.375,,2.0908944606781006,,,,3.375,,,,,,,,,
7868000,1967,2.875,,2.0583438873291016,,,,2.875,,,,,,,,,
7872000,1968,3.75,,1.9561587572097778,,,,3.75,,,,,,,,,
7876000,1969,3.625,,2.045413017272949,,,,3.625,,,,,,,,,
7880000,1970,3.75,,2.0604727268218994,,,,3.75,,,,,,,,,
7884000,1971,2.375,,1.9833362102508545,,,,2.375,,,,,,,,,
7888000,1972,4.0,,2.0483951568603516,,,,4.0,,,,,,,,,
7892000,1973,3.875,,2.0755279064178467,,,,3.875,,,,,,,,,
7896000,1974,4.375,,2.061649799346924,,,,4.375,,,,,,,,,
7900000,1975,4.0,,2.028712034225464,,,,4.0,,,,,,,,,
7904000,1976,3.5,,1.9909484386444092,,,,3.5,,,,,,,,,
7908000,1977,2.75,,1.981743574142456,,,,2.75,,,,,,,,,
7912000,1978,3.25,,2.0801753997802734,,,,3.25,,,,,,,,,
7916000,1979,3.625,,1.9704034328460693,,,,3.625,,,,,,,,,
7920000,1980,3.5,,1.9518705606460571,,,,3.5,,,,,,,,,
7924000,1981,2.25,,1.9849411249160767,,,,2.25,,,,,,,,,
7928000,1982,4.5,,1.8947868347167969,,,,4.5,,,,,,,,,
7932000,1983,4.25,,2.035897970199585,,,,4.25,,,,,,,,,
7936000,1984,3.75,,2.0439255237579346,,,,3.75,,,,,,,,,
7940000,1985,3.5,,2.0057835578918457,,,,3.5,,,,,,,,,
7944000,1986,3.5,,1.9415297508239746,,,,3.5,,,,,,,,,
7948000,1987,2.625,,2.0348033905029297,,,,2.625,,,,,,,,,
7952000,1988,4.375,,2.0551185607910156,,,,4.375,,,,,,,,,
7956000,1989,3.75,,1.9892312288284302,,,,3.75,,,,,,,,,
7960000,1990,3.625,,1.939969539642334,,,,3.625,,,,,,,,,
7964000,1991,1.5,,2.061701774597168,,,,1.5,,,,,,,,,
7968000,1992,3.625,,1.9842720031738281,,,,3.625,,,,,,,,,
7972000,1993,1.75,,2.001127243041992,,,,1.75,,,,,,,,,
7976000,1994,3.25,,1.970564842224121,,,,3.25,,,,,,,,,
7980000,1995,2.25,,1.979672908782959,,,,2.25,,,,,,,,,
7984000,1996,2.375,,1.9775804281234741,,,,2.375,,,,,,,,,
7988000,1997,1.25,,1.8852715492248535,,,,1.25,,,,,,,,,
7992000,1998,2.0,,1.9947221279144287,,,,2.0,,,,,,,,,
7996000,1999,2.75,,1.9725265502929688,,,,2.75,,,,,,,,,
8000000,2000,4.625,,1.9576847553253174,,,,4.625,,,,,,,,,
8004000,2001,1.75,,1.9808745384216309,,,,1.75,,,,,,,,,
8008000,2002,2.625,,1.976742148399353,,,,2.625,,,,,,,,,
8012000,2003,2.0,,1.9141318798065186,,,,2.0,,,,,,,,,
8016000,2004,3.625,,1.9329016208648682,,,,3.625,,,,,,,,,
8020000,2005,3.25,,1.9590249061584473,,,,3.25,,,,,,,,,
8024000,2006,3.125,,1.9552122354507446,,,,3.125,,,,,,,,,
8028000,2007,2.125,,1.8837313652038574,,,,2.125,,,,,,,,,
8032000,2008,2.75,,1.9606773853302002,,,,2.75,,,,,,,,,
8036000,2009,3.625,,1.9680099487304688,,,,3.625,,,,,,,,,
8040000,2010,2.625,,1.9452729225158691,,,,2.625,,,,,,,,,
8044000,2011,4.125,,1.9384244680404663,,,,4.125,,,,,,,,,
8048000,2012,2.625,,2.0135550498962402,,,,2.625,,,,,,,,,
8052000,2013,2.875,,1.8561218976974487,,,,2.875,,,,,,,,,
8056000,2014,3.25,,2.014430522918701,,,,3.25,,,,,,,,,
8060000,2015,3.75,,1.9084832668304443,,,,3.75,,,,,,,,,
8064000,2016,3.625,,1.9751628637313843,,,,3.625,,,,,,,,,
8068000,2017,2.375,,1.9107229709625244,,,,2.375,,,,,,,,,
8072000,2018,2.0,,2.0213515758514404,,,,2.0,,,,,,,,,
8076000,2019,2.0,,1.884220004081726,,,,2.0,,,,,,,,,
8080000,2020,2.625,,1.8791764974594116,,,,2.625,,,,,,,,,
8084000,2021,1.125,,1.917576551437378,,,,1.125,,,,,,,,,
8088000,2022,2.375,,1.9775938987731934,,,,2.375,,,,,,,,,
8092000,2023,1.75,,1.9188573360443115,,,,1.75,,,,,,,,,
8096000,2024,2.25,,1.9491816759109497,,,,2.25,,,,,,,,,
8100000,2025,2.625,,1.8760650157928467,,,,2.625,,,,,,,,,
8104000,2026,2.0,,1.8522223234176636,,,,2.0,,,,,,,,,
8108000,2027,1.125,,1.8587369918823242,,,,1.125,,,,,,,,,
8112000,2028,0.5,,1.8597843647003174,,,,0.5,,,,,,,,,
8116000,2029,0.375,,1.9191033840179443,,,,0.375,,,,,,,,,
8120000,2030,0.125,,1.7918223142623901,,,,0.125,,,,,,,,,
8124000,2031,1.375,,1.9021179676055908,,,,1.375,,,,,,,,,
8128000,2032,1.25,,1.8395190238952637,,,,1.25,,,,,,,,,
8132000,2033,3.0,,1.8922834396362305,,,,3.0,,,,,,,,,
8136000,2034,1.125,,1.784775733947754,,,,1.125,,,,,,,,,
8140000,2035,3.5,,1.8169903755187988,,,,3.5,,,,,,,,,
8144000,2036,2.75,,1.7923195362091064,,,,2.75,,,,,,,,,
8148000,2037,2.5,,1.8303908109664917,,,,2.5,,,,,,,,,
8152000,2038,0.625,,1.826745629310608,,,,0.625,,,,,,,,,
8156000,2039,0.875,,1.8270169496536255,,,,0.875,,,,,,,,,
8160000,2040,1.375,,1.799720048904419,,,,1.375,,,,,,,,,
8164000,2041,1.375,,1.8255479335784912,,,,1.375,,,,,,,,,
8168000,2042,1.0,,1.7233757972717285,,,,1.0,,,,,,,,,
8172000,2043,1.5,,1.6341407299041748,,,,1.5,,,,,,,,,
8176000,2044,1.75,,1.6578149795532227,,,,1.75,,,,,,,,,
8180000,2045,1.5,,1.6700680255889893,,,,1.5,,,,,,,,,
8184000,2046,1.125,,1.7433574199676514,,,,1.125,,,,,,,,,
8188000,2047,1.0,,1.6387434005737305,,,,1.0,,,,,,,,,
8192000,2048,2.0,,1.8309532403945923,,,,2.0,,,,,,,,,
8196000,2049,1.0,,1.6242351531982422,,,,1.0,,,,,,,,,
8200000,2050,1.0,,1.7190968990325928,,,,1.0,,,,,,,,,
8204000,2051,1.375,,1.6713011264801025,,,,1.375,,,,,,,,,
8208000,2052,0.5,,1.662205696105957,,,,0.5,,,,,,,,,
8212000,2053,1.75,,1.5543103218078613,,,,1.75,,,,,,,,,
8216000,2054,1.625,,1.5474168062210083,,,,1.625,,,,,,,,,
8220000,2055,1.625,,1.5258402824401855,,,,1.625,,,,,,,,,
8224000,2056,1.125,,1.52867591381073,,,,1.125,,,,,,,,,
8228000,2057,2.0,,1.5266284942626953,,,,2.0,,,,,,,,,
8232000,2058,1.0,,1.600390911102295,,,,1.0,,,,,,,,,
8236000,2059,1.75,,1.5222046375274658,,,,1.75,,,,,,,,,
8240000,2060,0.625,,1.519836664199829,,,,0.625,,,,,,,,,
8244000,2061,1.25,,1.6247801780700684,,,,1.25,,,,,,,,,
8248000,2062,1.75,,1.6048052310943604,,,,1.75,,,,,,,,,
8252000,2063,0.625,,1.5044660568237305,,,,0.625,,,,,,,,,
8256000,2064,1.125,,1.5182623863220215,,,,1.125,,,,,,,,,
8260000,2065,2.375,,1.5093021392822266,,,,2.375,,,,,,,,,
8264000,2066,2.0,,1.4882173538208008,,,,2.0,,,,,,,,,
8268000,2067,1.25,,1.5060776472091675,,,,1.25,,,,,,,,,
8272000,2068,0.875,,1.5344157218933105,,,,0.875,,,,,,,,,
8276000,2069,1.0,,1.4380402565002441,,,,1.0,,,,,,,,,
8280000,2070,2.25,,1.426283836364746,,,,2.25,,,,,,,,,
8284000,2071,2.875,,1.4507761001586914,,,,2.875,,,,,,,,,
8288000,2072,3.0,,1.4594171047210693,,,,3.0,,,,,,,,,
8292000,2073,1.875,,1.4205913543701172,,,,1.875,,,,,,,,,
8296000,2074,3.125,,1.5925326347351074,,,,3.125,,,,,,,,,
8300000,2075,1.0,,1.5030704736709595,,,,1.0,,,,,,,,,
8304000,2076,1.5,,1.5222337245941162,,,,1.5,,,,,,,,,
8308000,2077,2.0,,1.370124101638794,,,,2.0,,,,,,,,,
8312000,2078,0.75,,1.3847934007644653,,,,0.75,,,,,,,,,
8316000,2079,1.25,,1.373222827911377,,,,1.25,,,,,,,,,
8320000,2080,1.375,,1.4708168506622314,,,,1.375,,,,,,,,,
8324000,2081,1.25,,1.426764726638794,,,,1.25,,,,,,,,,
8328000,2082,1.625,,1.2772645950317383,,,,1.625,,,,,,,,,
8332000,2083,1.5,,1.3789198398590088,,,,1.5,,,,,,,,,
8336000,2084,2.625,,1.3479626178741455,,,,2.625,,,,,,,,,
8340000,2085,2.125,,1.364439606666565,,,,2.125,,,,,,,,,
8344000,2086,1.375,,1.397425889968872,,,,1.375,,,,,,,,,
8348000,2087,0.625,,1.4446548223495483,,,,0.625,,,,,,,,,
8352000,2088,1.25,,1.3329343795776367,,,,1.25,,,,,,,,,
8356000,2089,1.625,,1.3700296878814697,,,,1.625,,,,,,,,,
8360000,2090,1.0,,1.29246187210083,,,,1.0,,,,,,,,,
8364000,2091,2.0,,1.332779049873352,,,,2.0,,,,,,,,,
8368000,2092,1.25,,1.3356196880340576,,,,1.25,,,,,,,,,
8372000,2093,0.5,,1.194911003112793,,,,0.5,,,,,,,,,
8376000,2094,0.875,,1.2589077949523926,,,,0.875,,,,,,,,,
8380000,2095,1.125,,1.215623140335083,,,,1.125,,,,,,,,,
8384000,2096,1.375,,1.1910929679870605,,,,1.375,,,,,,,,,
8388000,2097,1.5,,1.2324399948120117,,,,1.5,,,,,,,,,
8392000,2098,2.0,,1.2747740745544434,,,,2.0,,,,,,,,,
8396000,2099,2.625,,1.2947871685028076,,,,2.625,,,,,,,,,
8400000,2100,1.375,,1.3575748205184937,,,,1.375,,,,,,,,,
8404000,2101,1.5,,1.2972731590270996,,,,1.5,,,,,,,,,
8408000,2102,1.375,,1.3283882141113281,,,,1.375,,,,,,,,,
8412000,2103,1.125,,1.2395961284637451,,,,1.125,,,,,,,,,
8416000,2104,2.625,,1.268676996231079,,,,2.625,,,,,,,,,
8420000,2105,1.625,,1.20762038230896,,,,1.625,,,,,,,,,
8424000,2106,0.875,,1.1575268507003784,,,,0.875,,,,,,,,,
8428000,2107,0.875,,1.0909565687179565,,,,0.875,,,,,,,,,
8432000,2108,0.875,,1.3272106647491455,,,,0.875,,,,,,,,,
8436000,2109,1.375,,1.2243294715881348,,,,1.375,,,,,,,,,
8440000,2110,0.375,,1.1734154224395752,,,,0.375,,,,,,,,,
8444000,2111,0.25,,1.1776936054229736,,,,0.25,,,,,,,,,
8448000,2112,2.0,,1.1104296445846558,,,,2.0,,,,,,,,,
8452000,2113,1.25,,1.1503986120224,,,,1.25,,,,,,,,,
8456000,2114,2.25,,1.3031361103057861,,,,2.25,,,,,,,,,
8460000,2115,1.125,,1.0458776950836182,,,,1.125,,,,,,,,,
8464000,2116,1.75,,1.1559679508209229,,,,1.75,,,,,,,,,
8468000,2117,1.25,,1.1369719505310059,,,,1.25,,,,,,,,,
8472000,2118,1.0,,1.0316237211227417,,,,1.0,,,,,,,,,
8476000,2119,2.125,,1.0699589252471924,,,,2.125,,,,,,,,,
8480000,2120,1.0,,1.0039938688278198,,,,1.0,,,,,,,,,
8484000,2121,0.75,,0.9453002214431763,,,,0.75,,,,,,,,,
8488000,2122,1.5,,1.0825097560882568,,,,1.5,,,,,,,,,
8492000,2123,1.25,,1.043755054473877,,,,1.25,,,,,,,,,
8496000,2124,0.875,,1.079854130744934,,,,0.875,,,,,,,,,
8500000,2125,1.25,,0.9994373321533203,,,,1.25,,,,,,,,,
8504000,2126,0.625,,1.0831739902496338,,,,0.625,,,,,,,,,
8508000,2127,2.0,,1.087573528289795,,,,2.0,,,,,,,,,
8512000,2128,2.5,,1.13888418674469,,,,2.5,,,,,,,,,
8516000,2129,1.5,,1.1809816360473633,,,,1.5,,,,,,,,,
8520000,2130,1.625,,1.0543880462646484,,,,1.625,,,,,,,,,
8524000,2131,1.75,,1.0240525007247925,,,,1.75,,,,,,,,,
8528000,2132,0.75,,1.0804777145385742,,,,0.75,,,,,,,,,
8532000,2133,1.5,,1.0164071321487427,,,,1.5,,,,,,,,,
8536000,2134,0.375,,0.9968116283416748,,,,0.375,,,,,,,,,
8540000,2135,0.875,,0.9500700831413269,,,,0.875,,,,,,,,,
8544000,2136,0.75,,0.9801863431930542,,,,0.75,,,,,,,,,
8548000,2137,1.0,,1.0274192094802856,,,,1.0,,,,,,,,,
8552000,2138,0.5,,0.917945146560669,,,,0.5,,,,,,,,,
8556000,2139,1.0,,0.8859872817993164,,,,1.0,,,,,,,,,
8560000,2140,1.75,,0.9797559976577759,,,,1.75,,,,,,,,,
8564000,2141,0.75,,0.8444558382034302,,,,0.75,,,,,,,,,
8568000,2142,1.0,,0.8815581202507019,,,,1.0,,,,,,,,,
8572000,2143,2.0,,0.9194139242172241,,,,2.0,,,,,,,,,
8576000,2144,2.125,,0.9167028665542603,,,,2.125,,,,,,,,,
8580000,2145,1.25,,0.9345564842224121,,,,1.25,,,,,,,,,
8584000,2146,1.625,,0.8864325881004333,,,,1.625,,,,,,,,,
8588000,2147,2.0,,0.9706603288650513,,,,2.0,,,,,,,,,
8592000,2148,1.125,,0.9511553049087524,,,,1.125,,,,,,,,,
8596000,2149,1.5,,0.9152064323425293,,,,1.5,,,,,,,,,
8600000,2150,0.5,,0.8959624171257019,,,,0.5,,,,,,,,,
8604000,2151,0.375,,0.92769455909729,,,,0.375,,,,,,,,,
8608000,2152,0.75,,0.9041803479194641,,,,0.75,,,,,,,,,
8612000,2153,0.375,,0.8944384455680847,,,,0.375,,,,,,,,,
8616000,2154,0.875,,0.9287549257278442,,,,0.875,,,,,,,,,
8620000,2155,0.25,,0.8825765252113342,,,,0.25,,,,,,,,,
8624000,2156,0.875,,0.8543689846992493,,,,0.875,,,,,,,,,
8628000,2157,0.0,,0.8610120415687561,,,,0.0,,,,,,,,,
8632000,2158,1.875,,0.903437614440918,,,,1.875,,,,,,,,,
8636000,2159,1.5,,0.8923463821411133,,,,1.5,,,,,,,,,
8640000,2160,1.75,,0.8467177748680115,,,,1.75,,,,,,,,,
8644000,2161,2.75,,0.9369124174118042,,,,2.75,,,,,,,,,
8648000,2162,2.0,,0.9916971325874329,,,,2.0,,,,,,,,,
8652000,2163,2.375,,0.9804592132568359,,,,2.375,,,,,,,,,
8656000,2164,0.5,,0.9673805236816406,,,,0.5,,,,,,,,,
8660000,2165,0.625,,0.9893595576286316,,,,0.625,,,,,,,,,
8664000,2166,0.375,,0.9817904233932495,,,,0.375,,,,,,,,,
8668000,2167,0.125,,0.9641390442848206,,,,0.125,,,,,,,,,
8672000,2168,0.625,,1.0145689249038696,,,,0.625,,,,,,,,,
8676000,2169,0.875,,0.8976603150367737,,,,0.875,,,,,,,,,
8680000,2170,0.25,,0.981655478477478,,,,0.25,,,,,,,,,
8684000,2171,0.75,,0.8287095427513123,,,,0.75,,,,,,,,,
8688000,2172,1.0,,0.8468368053436279,,,,1.0,,,,,,,,,
8692000,2173,0.875,,0.8243292570114136,,,,0.875,,,,,,,,,
8696000,2174,0.625,,0.7962822914123535,,,,0.625,,,,,,,,,
8700000,2175,1.125,,0.8348293900489807,,,,1.125,,,,,,,,,
8704000,2176,0.125,,0.8962314128875732,,,,0.125,,,,,,,,,
8708000,2177,2.5,,0.7970020771026611,,,,2.5,,,,,,,,,
8712000,2178,1.125,,0.8757221698760986,,,,1.125,,,,,,,,,
8716000,2179,1.375,,1.002392053604126,,,,1.375,,,,,,,,,
8720000,2180,2.0,,0.892498791217804,,,,2.0,,,,,,,,,
8724000,2181,1.875,,0.9364485740661621,,,,1.875,,,,,,,,,
8728000,2182,1.0,,0.9828953146934509,,,,1.0,,,,,,,,,
8732000,2183,0.25,,0.9875245094299316,,,,0.25,,,,,,,,,
8736000,2184,0.125,,0.963911235332489,,,,0.125,,,,,,,,,
8740000,2185,0.25,,0.9614962935447693,,,,0.25,,,,,,,,,
8744000,2186,0.0,,0.9018911123275757,,,,0.0,,,,,,,,,
8748000,2187,0.125,,0.9641320705413818,,,,0.125,,,,,,,,,
8752000,2188,0.125,,0.943126916885376,,,,0.125,,,,,,,,,
8756000,2189,0.0,,0.919959306716919,,,,0.0,,,,,,,,,
8760000,2190,0.625,,0.8066370487213135,,,,0.625,,,,,,,,,
8764000,2191,0.125,,0.8574675917625427,,,,0.125,,,,,,,,,
8768000,2192,0.125,,0.8013077974319458,,,,0.125,,,,,,,,,
8772000,2193,0.375,,0.8777730464935303,,,,0.375,,,,,,,,,
8776000,2194,0.375,,0.7912124395370483,,,,0.375,,,,,,,,,
8780000,2195,0.0,,0.8330588340759277,,,,0.0,,,,,,,,,
8784000,2196,0.25,,0.8619372844696045,,,,0.25,,,,,,,,,
8788000,2197,0.625,,0.8988913297653198,,,,0.625,,,,,,,,,
8792000,2198,1.125,,0.8557871580123901,,,,1.125,,,,,,,,,
8796000,2199,1.375,,0.8447993993759155,,,,1.375,,,,,,,,,
8800000,2200,1.25,,0.8991101980209351,,,,1.25,,,,,,,,,
8804000,2201,0.625,,0.8603029251098633,,,,0.625,,,,,,,,,
8808000,2202,0.125,,0.9820168018341064,,,,0.125,,,,,,,,,
8812000,2203,0.375,,1.1127820014953613,,,,0.375,,,,,,,,,
8816000,2204,0.125,,1.0972057580947876,,,,0.125,,,,,,,,,
8820000,2205,0.0,,1.1426743268966675,,,,0.0,,,,,,,,,
8824000,2206,0.125,,1.0880928039550781,,,,0.125,,,,,,,,,
8828000,2207,0.0,,1.0840798616409302,,,,0.0,,,,,,,,,
8832000,2208,0.0,,0.9736352562904358,,,,0.0,,,,,,,,,
8836000,2209,0.0,,0.952397346496582,,,,0.0,,,,,,,,,
8840000,2210,0.0,,0.8806314468383789,,,,0.0,,,,,,,,,
8844000,2211,0.0,,0.9134622812271118,,,,0.0,,,,,,,,,
8848000,2212,0.0,,0.8467217087745667,,,,0.0,,,,,,,,,
8852000,2213,0.625,,0.7783807516098022,,,,0.625,,,,,,,,,
8856000,2214,0.625,,0.8695357441902161,,,,0.625,,,,,,,,,
8860000,2215,0.375,,0.7528582215309143,,,,0.375,,,,,,,,,
8864000,2216,0.5,,0.7833220362663269,,,,0.5,,,,,,,,,
8868000,2217,0.375,,0.6838092803955078,,,,0.375,,,,,,,,,
8872000,2218,0.375,,0.7062479257583618,,,,0.375,,,,,,,,,
8876000,2219,0.5,,0.7666668891906738,,,,0.5,,,,,,,,,
8880000,2220,0.875,,0.7399444580078125,,,,0.875,,,,,,,,,
8884000,2221,0.5,,0.7390346527099609,,,,0.5,,,,,,,,,
8888000,2222,1.5,,0.7219918966293335,,,,1.5,,,,,,,,,
8892000,2223,0.875,,0.714958906173706,,,,0.875,,,,,,,,,
8896000,2224,0.25,,0.7747216820716858,,,,0.25,,,,,,,,,
8900000,2225,0.75,,0.8253753185272217,,,,0.75,,,,,,,,,
8904000,2226,0.375,,0.7459062337875366,,,,0.375,,,,,,,,,
8908000,2227,0.375,,0.8113415241241455,,,,0.375,,,,,,,,,
8912000,2228,0.0,,0.7643147110939026,,,,0.0,,,,,,,,,
8916000,2229,0.125,,0.7452398538589478,,,,0.125,,,,,,,,,
8920000,2230,0.0,,0.7490827441215515,,,,0.0,,,,,,,,,
8924000,2231,0.0,,0.7411436438560486,,,,0.0,,,,,,,,,
8928000,2232,0.125,,0.7050087451934814,,,,0.125,,,,,,,,,
8932000,2233,0.125,,0.6580029726028442,,,,0.125,,,,,,,,,
8936000,2234,0.0,,0.6507553458213806,,,,0.0,,,,,,,,,
8940000,2235,0.125,,0.6573418974876404,,,,0.125,,,,,,,,,
8944000,2236,0.0,,0.6606365442276001,,,,0.0,,,,,,,,,
8948000,2237,0.125,,0.5949995517730713,,,,0.125,,,,,,,,,
8952000,2238,0.125,,0.6105223894119263,,,,0.125,,,,,,,,,
8956000,2239,0.5,,0.6318731307983398,,,,0.5,,,,,,,,,
8960000,2240,0.75,,0.5827819108963013,,,,0.75,,,,,,,,,
8964000,2241,1.0,,0.5823774337768555,,,,1.0,,,,,,,,,
8968000,2242,1.0,,0.5896648168563843,,,,1.0,,,,,,,,,
8972000,2243,0.875,,0.5276864171028137,,,,0.875,,,,,,,,,
8976000,2244,1.25,,0.4870946407318115,,,,1.25,,,,,,,,,
8980000,2245,1.25,,0.540900468826294,,,,1.25,,,,,,,,,
8984000,2246,1.125,,0.5535370111465454,,,,1.125,,,,,,,,,
8988000,2247,0.875,,0.5629533529281616,,,,0.875,,,,,,,,,
8992000,2248,1.375,,0.5803138017654419,,,,1.375,,,,,,,,,
8996000,2249,1.375,,0.5336229801177979,,,,1.375,,,,,,,,,
9000000,2250,1.125,,0.636254072189331,,,,1.125,,,,,,,,,
9004000,2251,1.875,,0.5541820526123047,,,,1.875,,,,,,,,,
9008000,2252,0.5,,0.6133421659469604,,,,0.5,,,,,,,,,
9012000,2253,1.625,,0.5871837139129639,,,,1.625,,,,,,,,,
9016000,2254,0.75,,0.5732313990592957,,,,0.75,,,,,,,,,
9020000,2255,1.625,,0.5350366830825806,,,,1.625,,,,,,,,,
9024000,2256,2.25,,0.5600438714027405,,,,2.25,,,,,,,,,
9028000,2257,1.0,,0.5561813116073608,,,,1.0,,,,,,,,,
9032000,2258,2.0,,0.5634993314743042,,,,2.0,,,,,,,,,
9036000,2259,2.625,,0.5591837167739868,,,,2.625,,,,,,,,,
9040000,2260,2.75,,0.49972978234291077,,,,2.75,,,,,,,,,
9044000,2261,2.25,,0.5472044944763184,,,,2.25,,,,,,,,,
9048000,2262,2.5,,0.5244318246841431,,,,2.5,,,,,,,,,
9052000,2263,1.875,,0.5710306763648987,,,,1.875,,,,,,,,,
9056000,2264,3.125,,0.5675022602081299,,,,3.125,,,,,,,,,
9060000,2265,1.625,,0.4723920524120331,,,,1.625,,,,,,,,,
9064000,2266,1.875,,0.6842234134674072,,,,1.875,,,,,,,,,
9068000,2267,1.375,,0.5363898277282715,,,,1.375,,,,,,,,,
9072000,2268,1.125,,0.598013162612915,,,,1.125,,,,,,,,,
9076000,2269,2.125,,0.5744940042495728,,,,2.125,,,,,,,,,
9080000,2270,1.0,,0.580699622631073,,,,1.0,,,,,,,,,
9084000,2271,1.625,,0.5830662250518799,,,,1.625,,,,,,,,,
9088000,2272,0.375,,0.5265186429023743,,,,0.375,,,,,,,,,
9092000,2273,2.125,,0.4975428581237793,,,,2.125,,,,,,,,,
9096000,2274,1.375,,0.5854415893554688,,,,1.375,,,,,,,,,
9100000,2275,1.5,,0.5921280384063721,,,,1.5,,,,,,,,,
9104000,2276,2.5,,0.5946004390716553,,,,2.5,,,,,,,,,
9108000,2277,2.75,,0.6057860851287842,,,,2.75,,,,,,,,,
9112000,2278,0.875,,0.540695071220398,,,,0.875,,,,,,,,,
9116000,2279,1.625,,0.6085997819900513,,,,1.625,,,,,,,,,
9120000,2280,2.0,,0.5908790230751038,,,,2.0,,,,,,,,,
9124000,2281,2.375,,0.6458836793899536,,,,2.375,,,,,,,,,
9128000,2282,2.625,,0.7277474999427795,,,,2.625,,,,,,,,,
9132000,2283,2.25,,0.6158304214477539,,,,2.25,,,,,,,,,
9136000,2284,2.125,,0.5716047286987305,,,,2.125,,,,,,,,,
9140000,2285,2.625,,0.6119415760040283,,,,2.625,,,,,,,,,
9144000,2286,1.625,,0.5823097825050354,,,,1.625,,,,,,,,,
9148000,2287,3.125,,0.6326848268508911,,,,3.125,,,,,,,,,
9152000,2288,2.75,,0.6073462963104248,,,,2.75,,,,,,,,,
9156000,2289,2.375,,0.671384871006012,,,,2.375,,,,,,,,,
9160000,2290,3.125,,0.6488187313079834,,,,3.125,,,,,,,,,
9164000,2291,3.625,,0.7253557443618774,,,,3.625,,,,,,,,,
9168000,2292,2.625,,0.7155447006225586,,,,2.625,,,,,,,,,
9172000,2293,3.25,,0.6613375544548035,,,,3.25,,,,,,,,,
9176000,2294,3.625,,0.6680348515510559,,,,3.625,,,,,,,,,
9180000,2295,3.625,,0.6712596416473389,,,,3.625,,,,,,,,,
9184000,2296,3.75,,0.7997088432312012,,,,3.75,,,,,,,,,
9188000,2297,3.125,,0.8041725754737854,,,,3.125,,,,,,,,,
9192000,2298,3.875,,0.7423510551452637,,,,3.875,,,,,,,,,
9196000,2299,3.125,,0.7812221050262451,,,,3.125,,,,,,,,,
9200000,2300,3.5,,0.7958849668502808,,,,3.5,,,,,,,,,
9204000,2301,3.375,,0.6899977922439575,,,,3.375,,,,,,,,,
9208000,2302,2.75,,0.6950271129608154,,,,2.75,,,,,,,,,
9212000,2303,3.375,,0.7444508075714111,,,,3.375,,,,,,,,,
9216000,2304,2.875,,0.7861676216125488,,,,2.875,,,,,,,,,
9220000,2305,2.5,,0.8002079129219055,,,,2.5,,,,,,,,,
9224000,2306,3.5,,0.7591047286987305,,,,3.5,,,,,,,,,
9228000,2307,3.25,,0.8000317811965942,,,,3.25,,,,,,,,,
9232000,2308,3.375,,0.8413149118423462,,,,3.375,,,,,,,,,
9236000,2309,2.75,,0.9002331495285034,,,,2.75,,,,,,,,,
9240000,2310,3.0,,0.9130528569221497,,,,3.0,,,,,,,,,
9244000,2311,3.0,,0.8835734128952026,,,,3.0,,,,,,,,,
9248000,2312,2.375,,0.7842769026756287,,,,2.375,,,,,,,,,
9252000,2313,2.625,,0.8709708452224731,,,,2.625,,,,,,,,,
9256000,2314,3.75,,0.947739839553833,,,,3.75,,,,,,,,,
9260000,2315,3.625,,1.0375192165374756,,,,3.625,,,,,,,,,
9264000,2316,3.75,,0.974758505821228,,,,3.75,,,,,,,,,
9268000,2317,4.0,,0.9407258033752441,,,,4.0,,,,,,,,,
9272000,2318,4.875,,1.006018877029419,,,,4.875,,,,,,,,,
9276000,2319,3.75,,0.9829654693603516,,,,3.75,,,,,,,,,
9280000,2320,4.0,,1.0237027406692505,,,,4.0,,,,,,,,,
9284000,2321,4.375,,0.9913681745529175,,,,4.375,,,,,,,,,
9288000,2322,3.5,,0.963516891002655,,,,3.5,,,,,,,,,
9292000,2323,4.75,,1.0475726127624512,,,,4.75,,,,,,,,,
9296000,2324,4.25,,1.133594274520874,,,,4.25,,,,,,,,,
9300000,2325,3.875,,1.0845434665679932,,,,3.875,,,,,,,,,
9304000,2326,3.75,,0.9889941215515137,,,,3.75,,,,,,,,,
9308000,2327,4.0,,1.1172468662261963,,,,4.0,,,,,,,,,
9312000,2328,4.0,,1.1722774505615234,,,,4.0,,,,,,,,,
9316000,2329,3.875,,1.2317683696746826,,,,3.875,,,,,,,,,
9320000,2330,4.125,,1.376367449760437,,,,4.125,,,,,,,,,
9324000,2331,3.75,,1.2341134548187256,,,,3.75,,,,,,,,,
9328000,2332,3.875,,1.185430645942688,,,,3.875,,,,,,,,,
9332000,2333,4.25,,1.3059186935424805,,,,4.25,,,,,,,,,
9336000,2334,3.5,,1.355757713317871,,,,3.5,,,,,,,,,
9340000,2335,4.0,,1.3334357738494873,,,,4.0,,,,,,,,,
9344000,2336,3.875,,1.2708754539489746,,,,3.875,,,,,,,,,
9348000,2337,3.375,,1.2183091640472412,,,,3.375,,,,,,,,,
9352000,2338,4.0,,1.3202754259109497,,,,4.0,,,,,,,,,
9356000,2339,3.375,,1.453297734260559,,,,3.375,,,,,,,,,
9360000,2340,4.25,,1.4231910705566406,,,,4.25,,,,,,,,,
9364000,2341,3.75,,1.415700912475586,,,,3.75,,,,,,,,,
9368000,2342,3.875,,1.1937623023986816,,,,3.875,,,,,,,,,
9372000,2343,3.75,,1.38420569896698,,,,3.75,,,,,,,,,
9376000,2344,4.125,,1.3448104858398438,,,,4.125,,,,,,,,,
9380000,2345,4.375,,1.3366611003875732,,,,4.375,,,,,,,,,
9384000,2346,3.875,,1.5255565643310547,,,,3.875,,,,,,,,,
9388000,2347,3.625,,1.5431098937988281,,,,3.625,,,,,,,,,
9392000,2348,4.125,,1.423970103263855,,,,4.125,,,,,,,,,
9396000,2349,4.25,,1.3641247749328613,,,,4.25,,,,,,,,,
9400000,2350,3.75,,1.3898545503616333,,,,3.75,,,,,,,,,
9404000,2351,3.875,,1.4643728733062744,,,,3.875,,,,,,,,,
9408000,2352,4.25,,1.5166958570480347,,,,4.25,,,,,,,,,
9412000,2353,4.75,,1.4409704208374023,,,,4.75,,,,,,,,,
9416000,2354,4.0,,1.5315603017807007,,,,4.0,,,,,,,,,
9420000,2355,3.875,,1.6083486080169678,,,,3.875,,,,,,,,,
9424000,2356,4.0,,1.5425751209259033,,,,4.0,,,,,,,,,
9428000,2357,4.25,,1.572556495666504,,,,4.25,,,,,,,,,
9432000,2358,4.125,,1.5935125350952148,,,,4.125,,,,,,,,,
9436000,2359,4.0,,1.6090209484100342,,,,4.0,,,,,,,,,
9440000,2360,4.375,,1.546229600906372,,,,4.375,,,,,,,,,
9444000,2361,4.375,,1.7293626070022583,,,,4.375,,,,,,,,,
9448000,2362,3.5,,1.5950367450714111,,,,3.5,,,,,,,,,
9452000,2363,4.0,,1.7159967422485352,,,,4.0,,,,,,,,,
9456000,2364,4.25,,1.7887617349624634,,,,4.25,,,,,,,,,
9460000,2365,4.625,,1.6762768030166626,,,,4.625,,,,,,,,,
9464000,2366,4.25,,1.703404188156128,,,,4.25,,,,,,,,,
9468000,2367,4.125,,1.862102746963501,,,,4.125,,,,,,,,,
9472000,2368,3.75,,1.8972532749176025,,,,3.75,,,,,,,,,
9476000,2369,3.875,,1.760460615158081,,,,3.875,,,,,,,,,
9480000,2370,4.25,,1.785353660583496,,,,4.25,,,,,,,,,
9484000,2371,4.25,,1.7968107461929321,,,,4.25,,,,,,,,,
9488000,2372,3.375,,1.852593183517456,,,,3.375,,,,,,,,,
9492000,2373,3.875,,1.7901384830474854,,,,3.875,,,,,,,,,
9496000,2374,3.75,,1.7771048545837402,,,,3.75,,,,,,,,,
9500000,2375,3.25,,1.8107995986938477,,,,3.25,,,,,,,,,
9504000,2376,3.5,,1.8990755081176758,,,,3.5,,,,,,,,,
9508000,2377,3.5,,1.8481740951538086,,,,3.5,,,,,,,,,
9512000,2378,3.75,,1.8098537921905518,,,,3.75,,,,,,,,,
9516000,2379,3.0,,1.8079519271850586,,,,3.0,,,,,,,,,
9520000,2380,3.25,,1.9676048755645752,,,,3.25,,,,,,,,,
9524000,2381,3.25,,1.8683853149414062,,,,3.25,,,,,,,,,
9528000,2382,3.0,,1.9794954061508179,,,,3.0,,,,,,,,,
9532000,2383,3.875,,1.8338072299957275,,,,3.875,,,,,,,,,
9536000,2384,3.0,,1.9082098007202148,,,,3.0,,,,,,,,,
9540000,2385,3.25,,1.9538575410842896,,,,3.25,,,,,,,,,
9544000,2386,3.875,,2.0003271102905273,,,,3.875,,,,,,,,,
9548000,2387,2.75,,1.9297559261322021,,,,2.75,,,,,,,,,
9552000,2388,2.375,,1.7900751829147339,,,,2.375,,,,,,,,,
9556000,2389,2.125,,1.9536453485488892,,,,2.125,,,,,,,,,
9560000,2390,2.625,,1.877728819847107,,,,2.625,,,,,,,,,
9564000,2391,3.0,,1.9002387523651123,,,,3.0,,,,,,,,,
9568000,2392,2.75,,1.9529321193695068,,,,2.75,,,,,,,,,
9572000,2393,1.625,,1.9861360788345337,,,,1.625,,,,,,,,,
9576000,2394,2.5,,1.968815803527832,,,,2.5,,,,,,,,,
9580000,2395,4.0,,1.8821284770965576,,,,4.0,,,,,,,,,
9584000,2396,3.0,,1.9089853763580322,,,,3.0,,,,,,,,,
9588000,2397,3.0,,1.9421911239624023,,,,3.0,,,,,,,,,
9592000,2398,3.0,,2.040727138519287,,,,3.0,,,,,,,,,
9596000,2399,2.875,,1.9390171766281128,,,,2.875,,,,,,,,,
9600000,2400,2.25,,1.9799690246582031,,,,2.25,,,,,,,,,
9604000,2401,3.25,,1.940616488456726,,,,3.25,,,,,,,,,
9608000,2402,3.5,,1.9208378791809082,,,,3.5,,,,,,,,,
9612000,2403,2.625,,1.9451180696487427,,,,2.625,,,,,,,,,
9616000,2404,3.0,,1.9315993785858154,,,,3.0,,,,,,,,,
9620000,2405,3.5,,1.93881094455719,,,,3.5,,,,,,,,,
9624000,2406,3.625,,1.977604866027832,,,,3.625,,,,,,,,,
9628000,2407,3.125,,1.9596301317214966,,,,3.125,,,,,,,,,
9632000,2408,3.875,,1.9896223545074463,,,,3.875,,,,,,,,,
9636000,2409,4.25,,2.0382678508758545,,,,4.25,,,,,,,,,
9640000,2410,3.625,,2.0575785636901855,,,,3.625,,,,,,,,,
9644000,2411,3.375,,1.9936915636062622,,,,3.375,,,,,,,,,
9648000,2412,2.75,,2.0164718627929688,,,,2.75,,,,,,,,,
9652000,2413,3.375,,1.9924063682556152,,,,3.375,,,,,,,,,
9656000,2414,3.0,,1.969421148300171,,,,3.0,,,,,,,,,
9660000,2415,2.625,,2.0132217407226562,,,,2.625,,,,,,,,,
9664000,2416,3.875,,2.0591630935668945,,,,3.875,,,,,,,,,
9668000,2417,3.375,,2.021151542663574,,,,3.375,,,,,,,,,
9672000,2418,3.625,,1.9456473588943481,,,,3.625,,,,,,,,,
9676000,2419,3.125,,2.032235622406006,,,,3.125,,,,,,,,,
9680000,2420,4.0,,2.0053067207336426,,,,4.0,,,,,,,,,
9684000,2421,4.75,,2.0530576705932617,,,,4.75,,,,,,,,,
9688000,2422,4.5,,1.9929368495941162,,,,4.5,,,,,,,,,
9692000,2423,4.0,,1.9685215950012207,,,,4.0,,,,,,,,,
9696000,2424,3.75,,2.0552382469177246,,,,3.75,,,,,,,,,
9700000,2425,4.375,,1.9682505130767822,,,,4.375,,,,,,,,,
9704000,2426,4.25,,1.9462867975234985,,,,4.25,,,,,,,,,
9708000,2427,3.0,,1.9998201131820679,,,,3.0,,,,,,,,,
9712000,2428,3.375,,2.02764892578125,,,,3.375,,,,,,,,,
9716000,2429,4.0,,2.0153555870056152,,,,4.0,,,,,,,,,
9720000,2430,3.875,,2.0559723377227783,,,,3.875,,,,,,,,,
9724000,2431,4.625,,2.0462570190429688,,,,4.625,,,,,,,,,
9728000,2432,4.0,,1.9778995513916016,,,,4.0,,,,,,,,,
9732000,2433,2.75,,1.9828805923461914,,,,2.75,,,,,,,,,
9736000,2434,4.0,,1.980188250541687,,,,4.0,,,,,,,,,
9740000,2435,3.75,,2.06557559967041,,,,3.75,,,,,,,,,
9744000,2436,3.75,,1.9703712463378906,,,,3.75,,,,,,,,,
9748000,2437,3.25,,1.9509087800979614,,,,3.25,,,,,,,,,
9752000,2438,3.875,,2.0441532135009766,,,,3.875,,,,,,,,,
9756000,2439,4.25,,1.965773344039917,,,,4.25,,,,,,,,,
9760000,2440,3.875,,1.9705890417099,,,,3.875,,,,,,,,,
9764000,2441,3.5,,1.967346429824829,,,,3.5,,,,,,,,,
9768000,2442,3.875,,2.0255961418151855,,,,3.875,,,,,,,,,
9772000,2443,3.75,,1.9671602249145508,,,,3.75,,,,,,,,,
9776000,2444,4.25,,2.0500998497009277,,,,4.25,,,,,,,,,
9780000,2445,4.125,,2.0125770568847656,,,,4.125,,,,,,,,,
9784000,2446,4.375,,1.9918928146362305,,,,4.375,,,,,,,,,
9788000,2447,4.375,,2.0107991695404053,,,,4.375,,,,,,,,,
9792000,2448,4.0,,2.0331976413726807,,,,4.0,,,,,,,,,
9796000,2449,3.75,,2.006575107574463,,,,3.75,,,,,,,,,
9800000,2450,4.125,,1.9665379524230957,,,,4.125,,,,,,,,,
9804000,2451,4.375,,1.9329437017440796,,,,4.375,,,,,,,,,
9808000,2452,3.75,,2.0338330268859863,,,,3.75,,,,,,,,,
9812000,2453,3.5,,1.9313349723815918,,,,3.5,,,,,,,,,
9816000,2454,4.0,,1.9107780456542969,,,,4.0,,,,,,,,,
9820000,2455,4.25,,1.9872756004333496,,,,4.25,,,,,,,,,
9824000,2456,4.25,,1.8905853033065796,,,,4.25,,,,,,,,,
9828000,2457,3.125,,2.0016512870788574,,,,3.125,,,,,,,,,
9832000,2458,4.375,,1.980942964553833,,,,4.375,,,,,,,,,
9836000,2459,4.125,,1.9781174659729004,,,,4.125,,,,,,,,,
9840000,2460,3.5,,1.9765018224716187,,,,3.5,,,,,,,,,
9844000,2461,4.125,,1.9095767736434937,,,,4.125,,,,,,,,,
9848000,2462,3.5,,1.9923065900802612,,,,3.5,,,,,,,,,
9852000,2463,2.625,,1.9460828304290771,,,,2.625,,,,,,,,,
9856000,2464,3.125,,1.9608187675476074,,,,3.125,,,,,,,,,
9860000,2465,2.0,,1.9480154514312744,,,,2.0,,,,,,,,,
9864000,2466,2.75,,1.9484230279922485,,,,2.75,,,,,,,,,
9868000,2467,2.5,,1.9248721599578857,,,,2.5,,,,,,,,,
9872000,2468,2.5,,1.9563934803009033,,,,2.5,,,,,,,,,
9876000,2469,2.5,,1.8283015489578247,,,,2.5,,,,,,,,,
9880000,2470,2.875,,1.9336862564086914,,,,2.875,,,,,,,,,
9884000,2471,2.625,,1.952954888343811,,,,2.625,,,,,,,,,
9888000,2472,4.125,,1.9251883029937744,,,,4.125,,,,,,,,,
9892000,2473,2.625,,1.9292614459991455,,,,2.625,,,,,,,,,
9896000,2474,3.125,,1.8835763931274414,,,,3.125,,,,,,,,,
9900000,2475,2.75,,1.8906831741333008,,,,2.75,,,,,,,,,
9904000,2476,2.125,,1.964747428894043,,,,2.125,,,,,,,,,
9908000,2477,2.75,,1.877403974533081,,,,2.75,,,,,,,,,
9912000,2478,3.5,,1.8521146774291992,,,,3.5,,,,,,,,,
9916000,2479,2.625,,1.8779945373535156,,,,2.625,,,,,,,,,
9920000,2480,2.0,,1.8361029624938965,,,,2.0,,,,,,,,,
9924000,2481,2.0,,1.8821444511413574,,,,2.0,,,,,,,,,
9928000,2482,2.75,,1.873453140258789,,,,2.75,,,,,,,,,
9932000,2483,3.375,,1.9099767208099365,,,,3.375,,,,,,,,,
9936000,2484,4.0,,1.8486649990081787,,,,4.0,,,,,,,,,
9940000,2485,2.25,,1.7449309825897217,,,,2.25,,,,,,,,,
9944000,2486,3.375,,1.7947866916656494,,,,3.375,,,,,,,,,
9948000,2487,2.625,,1.7380716800689697,,,,2.625,,,,,,,,,
9952000,2488,1.375,,1.8440252542495728,,,,1.375,,,,,,,,,
9956000,2489,2.625,,1.7558871507644653,,,,2.625,,,,,,,,,
9960000,2490,3.625,,1.8000500202178955,,,,3.625,,,,,,,,,
9964000,2491,3.625,,1.7612807750701904,,,,3.625,,,,,,,,,
9968000,2492,3.25,,1.8209664821624756,,,,3.25,,,,,,,,,
9972000,2493,1.625,,1.7770020961761475,,,,1.625,,,,,,,,,
9976000,2494,2.125,,1.7841942310333252,,,,2.125,,,,,,,,,
9980000,2495,1.875,,1.6556007862091064,,,,1.875,,,,,,,,,
9984000,2496,3.625,,1.7585994005203247,,,,3.625,,,,,,,,,
9988000,2497,3.375,,1.687544822692871,,,,3.375,,,,,,,,,
9992000,2498,2.625,,1.822869896888733,,,,2.625,,,,,,,,,
9996000,2499,1.5,,1.8152611255645752,,,,1.5,,,,,,,,,
10000000,2500,2.125,,1.7450087070465088,,,,2.125,,,,,,,,,
10004000,2501,2.125,,1.7197582721710205,,,,2.125,,,,,,,,,
10008000,2502,3.125,,1.754296064376831,,,,3.125,,,,,,,,,
10012000,2503,2.125,,1.7540197372436523,,,,2.125,,,,,,,,,
10016000,2504,2.375,,1.7885855436325073,,,,2.375,,,,,,,,,
10020000,2505,2.375,,1.63885498046875,,,,2.375,,,,,,,,,
10024000,2506,2.5,,1.7756977081298828,,,,2.5,,,,,,,,,
10028000,2507,0.875,,1.6934256553649902,,,,0.875,,,,,,,,,
10032000,2508,1.5,,1.6563005447387695,,,,1.5,,,,,,,,,
10036000,2509,2.5,,1.752560019493103,,,,2.5,,,,,,,,,
10040000,2510,2.875,,1.7091114521026611,,,,2.875,,,,,,,,,
10044000,2511,2.375,,1.77842378616333,,,,2.375,,,,,,,,,
10048000,2512,2.875,,1.7501795291900635,,,,2.875,,,,,,,,,
10052000,2513,2.5,,1.7514336109161377,,,,2.5,,,,,,,,,
10056000,2514,3.0,,1.6812028884887695,,,,3.0,,,,,,,,,
10060000,2515,2.25,,1.5874415636062622,,,,2.25,,,,,,,,,
10064000,2516,3.375,,1.6508433818817139,,,,3.375,,,,,,,,,
10068000,2517,3.25,,1.644258975982666,,,,3.25,,,,,,,,,
10072000,2518,3.375,,1.6348669528961182,,,,3.375,,,,,,,,,
10076000,2519,1.375,,1.6920353174209595,,,,1.375,,,,,,,,,
10080000,2520,1.375,,1.58672034740448,,,,1.375,,,,,,,,,
10084000,2521,1.5,,1.6948775053024292,,,,1.5,,,,,,,,,
10088000,2522,1.375,,1.659263253211975,,,,1.375,,,,,,,,,
10092000,2523,3.625,,1.6105282306671143,,,,3.625,,,,,,,,,
10096000,2524,3.625,,1.6953892707824707,,,,3.625,,,,,,,,,
10100000,2525,3.375,,1.7113358974456787,,,,3.375,,,,,,,,,
10104000,2526,2.5,,1.7006568908691406,,,,2.5,,,,,,,,,
10108000,2527,1.625,,1.6017194986343384,,,,1.625,,,,,,,,,
10112000,2528,2.0,,1.5498199462890625,,,,2.0,,,,,,,,,
10116000,2529,2.125,,1.6446986198425293,,,,2.125,,,,,,,,,
10120000,2530,1.875,,1.6041982173919678,,,,1.875,,,,,,,,,
10124000,2531,3.75,,1.6357414722442627,,,,3.75,,,,,,,,,
10128000,2532,3.0,,1.6216387748718262,,,,3.0,,,,,,,,,
10132000,2533,1.375,,1.628938913345337,,,,1.375,,,,,,,,,
10136000,2534,0.75,,1.5997142791748047,,,,0.75,,,,,,,,,
10140000,2535,0.625,,1.5994651317596436,,,,0.625,,,,,,,,,
10144000,2536,0.5,,1.651207447052002,,,,0.5,,,,,,,,,
10148000,2537,2.25,,1.6068687438964844,,,,2.25,,,,,,,,,
10152000,2538,2.125,,1.604196548461914,,,,2.125,,,,,,,,,
10156000,2539,2.125,,1.6525843143463135,,,,2.125,,,,,,,,,
10160000,2540,0.75,,1.515886664390564,,,,0.75,,,,,,,,,
10164000,2541,0.75,,1.573893427848816,,,,0.75,,,,,,,,,
10168000,2542,1.625,,1.6361979246139526,,,,1.625,,,,,,,,,
10172000,2543,0.75,,1.6429486274719238,,,,0.75,,,,,,,,,
10176000,2544,1.125,,1.6294372081756592,,,,1.125,,,,,,,,,
10180000,2545,1.25,,1.5896886587142944,,,,1.25,,,,,,,,,
10184000,2546,1.625,,1.536873459815979,,,,1.625,,,,,,,,,
10188000,2547,0.875,,1.5868072509765625,,,,0.875,,,,,,,,,
10192000,2548,1.125,,1.502903938293457,,,,1.125,,,,,,,,,
10196000,2549,0.875,,1.618645191192627,,,,0.875,,,,,,,,,
10200000,2550,0.75,,1.6017849445343018,,,,0.75,,,,,,,,,
10204000,2551,0.5,,1.7115910053253174,,,,0.5,,,,,,,,,
10208000,2552,0.0,,1.714370608329773,,,,0.0,,,,,,,,,
10212000,2553,0.5,,1.645253300666809,,,,0.5,,,,,,,,,
10216000,2554,1.375,,1.6412582397460938,,,,1.375,,,,,,,,,
10220000,2555,0.375,,1.459857702255249,,,,0.375,,,,,,,,,
10224000,2556,0.625,,1.4690877199172974,,,,0.625,,,,,,,,,
10228000,2557,0.375,,1.4689189195632935,,,,0.375,,,,,,,,,
10232000,2558,0.25,,1.3990085124969482,,,,0.25,,,,,,,,,
10236000,2559,0.125,,1.4245271682739258,,,,0.125,,,,,,,,,
10240000,2560,0.5,,1.2530936002731323,,,,0.5,,,,,,,,,
10244000,2561,0.625,,1.346476674079895,,,,0.625,,,,,,,,,
10248000,2562,0.875,,1.4603191614151,,,,0.875,,,,,,,,,
10252000,2563,0.625,,1.359797716140747,,,,0.625,,,,,,,,,
10256000,2564,0.375,,1.3412714004516602,,,,0.375,,,,,,,,,
10260000,2565,0.5,,1.3813328742980957,,,,0.5,,,,,,,,,
10264000,2566,0.375,,1.4085140228271484,,,,0.375,,,,,,,,,
10268000,2567,0.125,,1.3538998365402222,,,,0.125,,,,,,,,,
10272000,2568,0.0,,1.364092230796814,,,,0.0,,,,,,,,,
10276000,2569,0.125,,1.3377113342285156,,,,0.125,,,,,,,,,
10280000,2570,0.5,,1.3330121040344238,,,,0.5,,,,,,,,,
10284000,2571,0.0,,1.2904597520828247,,,,0.0,,,,,,,,,
10288000,2572,0.5,,1.2439227104187012,,,,0.5,,,,,,,,,
10292000,2573,0.5,,1.2653348445892334,,,,0.5,,,,,,,,,
10296000,2574,1.0,,1.2289739847183228,,,,1.0,,,,,,,,,
10300000,2575,0.5,,1.1650054454803467,,,,0.5,,,,,,,,,
10304000,2576,0.875,,1.2240606546401978,,,,0.875,,,,,,,,,
10308000,2577,0.625,,1.2884979248046875,,,,0.625,,,,,,,,,
10312000,2578,1.125,,1.0994243621826172,,,,1.125,,,,,,,,,
10316000,2579,1.0,,1.117517352104187,,,,1.0,,,,,,,,,
10320000,2580,1.75,,1.113300085067749,,,,1.75,,,,,,,,,
10324000,2581,0.75,,1.0479602813720703,,,,0.75,,,,,,,,,
10328000,2582,0.125,,1.0322381258010864,,,,0.125,,,,,,,,,
10332000,2583,0.375,,1.0364136695861816,,,,0.375,,,,,,,,,
10336000,2584,0.375,,1.0397427082061768,,,,0.375,,,,,,,,,
10340000,2585,0.5,,0.9848220944404602,,,,0.5,,,,,,,,,
10344000,2586,1.0,,1.121530532836914,,,,1.0,,,,,,,,,
10348000,2587,0.875,,1.0194302797317505,,,,0.875,,,,,,,,,
10352000,2588,0.375,,0.9739096164703369,,,,0.375,,,,,,,,,
10356000,2589,0.75,,0.9564792513847351,,,,0.75,,,,,,,,,
10360000,2590,0.0,,0.9234715700149536,,,,0.0,,,,,,,,,
10364000,2591,0.0,,0.8157879114151001,,,,0.0,,,,,,,,,
10368000,2592,2.25,,1.0244687795639038,,,,2.25,,,,,,,,,
10372000,2593,1.375,,0.9459449052810669,,,,1.375,,,,,,,,,
10376000,2594,2.125,,1.0090006589889526,,,,2.125,,,,,,,,,
10380000,2595,2.0,,0.9768461585044861,,,,2.0,,,,,,,,,
10384000,2596,2.75,,0.9577322006225586,,,,2.75,,,,,,,,,
10388000,2597,1.625,,0.8622150421142578,,,,1.625,,,,,,,,,
10392000,2598,1.5,,1.0418570041656494,,,,1.5,,,,,,,,,
10396000,2599,1.375,,0.9330440163612366,,,,1.375,,,,,,,,,
10400000,2600,0.625,,1.0514036417007446,,,,0.625,,,,,,,,,
10404000,2601,1.125,,1.0448611974716187,,,,1.125,,,,,,,,,
10408000,2602,0.75,,0.9963663220405579,,,,0.75,,,,,,,,,
10412000,2603,1.0,,0.9786688089370728,,,,1.0,,,,,,,,,
10416000,2604,1.375,,1.0143091678619385,,,,1.375,,,,,,,,,
10420000,2605,0.5,,1.0023391246795654,,,,0.5,,,,,,,,,
10424000,2606,0.25,,0.9223728179931641,,,,0.25,,,,,,,,,
10428000,2607,0.25,,0.9023302793502808,,,,0.25,,,,,,,,,
10432000,2608,0.375,,0.9283788204193115,,,,0.375,,,,,,,,,
10436000,2609,0.5,,0.8728674054145813,,,,0.5,,,,,,,,,
10440000,2610,0.25,,0.841431200504303,,,,0.25,,,,,,,,,
10444000,2611,0.25,,0.7355118989944458,,,,0.25,,,,,,,,,
10448000,2612,0.25,,0.8417437076568604,,,,0.25,,,,,,,,,
10452000,2613,0.5,,0.8641919493675232,,,,0.5,,,,,,,,,
10456000,2614,0.25,,0.81882244348526,,,,0.25,,,,,,,,,
10460000,2615,0.25,,0.8179168701171875,,,,0.25,,,,,,,,,
10464000,2616,0.0,,0.7783680558204651,,,,0.0,,,,,,,,,
10468000,2617,0.25,,0.7310093641281128,,,,0.25,,,,,,,,,
10472000,2618,0.625,,0.6895554661750793,,,,0.625,,,,,,,,,
10476000,2619,1.125,,0.7257251739501953,,,,1.125,,,,,,,,,
10480000,2620,1.0,,0.7646251916885376,,,,1.0,,,,,,,,,
10484000,2621,2.25,,0.7145252227783203,,,,2.25,,,,,,,,,
10488000,2622,1.875,,0.6810152530670166,,,,1.875,,,,,,,,,
10492000,2623,1.625,,0.6972661018371582,,,,1.625,,,,,,,,,
10496000,2624,2.25,,0.7035713791847229,,,,2.25,,,,,,,,,
10500000,2625,1.5,,0.7179298400878906,,,,1.5,,,,,,,,,
10504000,2626,1.125,,0.7267287969589233,,,,1.125,,,,,,,,,
10508000,2627,1.125,,0.7462770938873291,,,,1.125,,,,,,,,,
10512000,2628,1.25,,0.7982895374298096,,,,1.25,,,,,,,,,
10516000,2629,1.0,,0.8056755065917969,,,,1.0,,,,,,,,,
10520000,2630,1.25,,0.7808549404144287,,,,1.25,,,,,,,,,
10524000,2631,1.125,,0.8086875081062317,,,,1.125,,,,,,,,,
10528000,2632,0.625,,0.804851770401001,,,,0.625,,,,,,,,,
10532000,2633,0.375,,0.7759334444999695,,,,0.375,,,,,,,,,
10536000,2634,1.875,,0.8502230644226074,,,,1.875,,,,,,,,,
10540000,2635,0.5,,0.6987414956092834,,,,0.5,,,,,,,,,
10544000,2636,0.75,,0.7465744614601135,,,,0.75,,,,,,,,,
10548000,2637,0.25,,0.704833984375,,,,0.25,,,,,,,,,
10552000,2638,0.5,,0.7280060052871704,,,,0.5,,,,,,,,,
10556000,2639,0.25,,0.6471976041793823,,,,0.25,,,,,,,,,
10560000,2640,0.125,,0.7408084869384766,,,,0.125,,,,,,,,,
10564000,2641,0.25,,0.5795602202415466,,,,0.25,,,,,,,,,
10568000,2642,0.125,,0.6651437282562256,,,,0.125,,,,,,,,,
10572000,2643,1.125,,0.5559712648391724,,,,1.125,,,,,,,,,
10576000,2644,0.625,,0.5739305019378662,,,,0.625,,,,,,,,,
10580000,2645,1.25,,0.5478489398956299,,,,1.25,,,,,,,,,
10584000,2646,0.375,,0.6302614808082581,,,,0.375,,,,,,,,,
10588000,2647,0.875,,0.5624563097953796,,,,0.875,,,,,,,,,
10592000,2648,1.375,,0.6263110637664795,,,,1.375,,,,,,,,,
10596000,2649,1.375,,0.641041100025177,,,,1.375,,,,,,,,,
10600000,2650,1.375,,0.5629783868789673,,,,1.375,,,,,,,,,
10604000,2651,1.125,,0.5134310126304626,,,,1.125,,,,,,,,,
10608000,2652,1.0,,0.5936302542686462,,,,1.0,,,,,,,,,
10612000,2653,1.75,,0.5252715945243835,,,,1.75,,,,,,,,,
10616000,2654,2.125,,0.5392913818359375,,,,2.125,,,,,,,,,
10620000,2655,1.75,,0.56546550989151,,,,1.75,,,,,,,,,
10624000,2656,1.0,,0.5447651147842407,,,,1.0,,,,,,,,,
10628000,2657,0.875,,0.5599040389060974,,,,0.875,,,,,,,,,
10632000,2658,1.5,,0.6101415753364563,,,,1.5,,,,,,,,,
10636000,2659,1.375,,0.5261869430541992,,,,1.375,,,,,,,,,
10640000,2660,1.875,,0.537268877029419,,,,1.875,,,,,,,,,
10644000,2661,1.25,,0.5651669502258301,,,,1.25,,,,,,,,,
10648000,2662,1.25,,0.5264058709144592,,,,1.25,,,,,,,,,
10652000,2663,1.875,,0.6291397213935852,,,,1.875,,,,,,,,,
10656000,2664,1.875,,0.5258308053016663,,,,1.875,,,,,,,,,
10660000,2665,2.0,,0.5725409388542175,,,,2.0,,,,,,,,,
10664000,2666,2.125,,0.6702399253845215,,,,2.125,,,,,,,,,
10668000,2667,2.125,,0.6349260807037354,,,,2.125,,,,,,,,,
10672000,2668,2.375,,0.6894533634185791,,,,2.375,,,,,,,,,
10676000,2669,0.375,,0.6024875640869141,,,,0.375,,,,,,,,,
10680000,2670,1.375,,0.6368846893310547,,,,1.375,,,,,,,,,
10684000,2671,0.5,,0.5569527745246887,,,,0.5,,,,,,,,,
10688000,2672,0.125,,0.5095117092132568,,,,0.125,,,,,,,,,
10692000,2673,1.0,,0.5614626407623291,,,,1.0,,,,,,,,,
10696000,2674,1.125,,0.5213425755500793,,,,1.125,,,,,,,,,
10700000,2675,2.5,,0.49097639322280884,,,,2.5,,,,,,,,,
10704000,2676,1.875,,0.5668795108795166,,,,1.875,,,,,,,,,
10708000,2677,2.125,,0.5209630727767944,,,,2.125,,,,,,,,,
10712000,2678,2.0,,0.5207093954086304,,,,2.0,,,,,,,,,
10716000,2679,2.25,,0.5820523500442505,,,,2.25,,,,,,,,,
10720000,2680,2.25,,0.5043808221817017,,,,2.25,,,,,,,,,
10724000,2681,1.625,,0.6050699949264526,,,,1.625,,,,,,,,,
10728000,2682,1.625,,0.6054854393005371,,,,1.625,,,,,,,,,
10732000,2683,2.375,,0.674096941947937,,,,2.375,,,,,,,,,
10736000,2684,2.375,,0.553295373916626,,,,2.375,,,,,,,,,
10740000,2685,1.875,,0.6331934928894043,,,,1.875,,,,,,,,,
10744000,2686,2.375,,0.5905522704124451,,,,2.375,,,,,,,,,
10748000,2687,1.625,,0.6622278690338135,,,,1.625,,,,,,,,,
10752000,2688,2.25,,0.6279230117797852,,,,2.25,,,,,,,,,
10756000,2689,1.5,,0.5857182741165161,,,,1.5,,,,,,,,,
10760000,2690,2.875,,0.5768131017684937,,,,2.875,,,,,,,,,
10764000,2691,2.875,,0.6453877091407776,,,,2.875,,,,,,,,,
10768000,2692,3.125,,0.6524497866630554,,,,3.125,,,,,,,,,
10772000,2693,2.5,,0.639914870262146,,,,2.5,,,,,,,,,
10776000,2694,3.375,,0.6475341320037842,,,,3.375,,,,,,,,,
10780000,2695,2.375,,0.5777868032455444,,,,2.375,,,,,,,,,
10784000,2696,3.5,,0.6768172979354858,,,,3.5,,,,,,,,,
10788000,2697,3.625,,0.7082871198654175,,,,3.625,,,,,,,,,
10792000,2698,3.25,,0.6804161071777344,,,,3.25,,,,,,,,,
10796000,2699,2.25,,0.658344030380249,,,,2.25,,,,,,,,,
10800000,2700,3.5,,0.6903903484344482,,,,3.5,,,,,,,,,
10804000,2701,3.125,,0.6871912479400635,,,,3.125,,,,,,,,,
10808000,2702,3.375,,0.7323309183120728,,,,3.375,,,,,,,,,
10812000,2703,3.625,,0.7371838092803955,,,,3.625,,,,,,,,,
10816000,2704,3.125,,0.825621485710144,,,,3.125,,,,,,,,,
10820000,2705,3.375,,0.7202211618423462,,,,3.375,,,,,,,,,
10824000,2706,3.0,,0.7944613099098206,,,,3.0,,,,,,,,,
10828000,2707,3.375,,0.817275881767273,,,,3.375,,,,,,,,,
10832000,2708,3.25,,0.8494675159454346,,,,3.25,,,,,,,,,
10836000,2709,3.5,,0.7953721284866333,,,,3.5,,,,,,,,,
10840000,2710,3.375,,0.7997058629989624,,,,3.375,,,,,,,,,
10844000,2711,3.25,,0.8273268938064575,,,,3.25,,,,,,,,,
10848000,2712,3.875,,0.803445041179657,,,,3.875,,,,,,,,,
10852000,2713,3.25,,0.8744643926620483,,,,3.25,,,,,,,,,
10856000,2714,3.5,,0.9405181407928467,,,,3.5,,,,,,,,,
10860000,2715,2.625,,0.8488569855690002,,,,2.625,,,,,,,,,
10864000,2716,3.375,,0.767360508441925,,,,3.375,,,,,,,,,
10868000,2717,3.5,,0.9821865558624268,,,,3.5,,,,,,,,,
10872000,2718,3.25,,0.8871147632598877,,,,3.25,,,,,,,,,
10876000,2719,2.25,,0.8823500275611877,,,,2.25,,,,,,,,,
10880000,2720,3.25,,0.9549379348754883,,,,3.25,,,,,,,,,
10884000,2721,2.5,,0.8411493301391602,,,,2.5,,,,,,,,,
10888000,2722,3.375,,0.8859890699386597,,,,3.375,,,,,,,,,
10892000,2723,3.75,,0.8792916536331177,,,,3.75,,,,,,,,,
10896000,2724,3.125,,0.8426165580749512,,,,3.125,,,,,,,,,
10900000,2725,1.75,,0.9353891611099243,,,,1.75,,,,,,,,,
10904000,2726,3.0,,0.930254340171814,,,,3.0,,,,,,,,,
10908000,2727,2.0,,0.9478986859321594,,,,2.0,,,,,,,,,
10912000,2728,3.25,,0.9418141841888428,,,,3.25,,,,,,,,,
10916000,2729,2.625,,0.89219069480896,,,,2.625,,,,,,,,,
10920000,2730,2.25,,0.8484815955162048,,,,2.25,,,,,,,,,
10924000,2731,2.5,,0.9601795673370361,,,,2.5,,,,,,,,,
10928000,2732,3.75,,1.0293803215026855,,,,3.75,,,,,,,,,
10932000,2733,3.5,,0.9787134528160095,,,,3.5,,,,,,,,,
10936000,2734,3.5,,1.081822156906128,,,,3.5,,,,,,,,,
10940000,2735,3.375,,0.9403979778289795,,,,3.375,,,,,,,,,
10944000,2736,2.875,,1.0401558876037598,,,,2.875,,,,,,,,,
10948000,2737,2.875,,1.003495693206787,,,,2.875,,,,,,,,,
10952000,2738,3.25,,0.9569718837738037,,,,3.25,,,,,,,,,
10956000,2739,3.0,,0.9611045122146606,,,,3.0,,,,,,,,,
10960000,2740,2.875,,1.046001672744751,,,,2.875,,,,,,,,,
10964000,2741,4.5,,1.1298452615737915,,,,4.5,,,,,,,,,
10968000,2742,4.25,,1.136945366859436,,,,4.25,,,,,,,,,
10972000,2743,4.25,,1.1660046577453613,,,,4.25,,,,,,,,,
10976000,2744,4.375,,1.1699458360671997,,,,4.375,,,,,,,,,
10980000,2745,3.875,,1.1025211811065674,,,,3.875,,,,,,,,,
10984000,2746,3.875,,1.1498537063598633,,,,3.875,,,,,,,,,
10988000,2747,4.125,,1.2085306644439697,,,,4.125,,,,,,,,,
10992000,2748,3.875,,1.2490344047546387,,,,3.875,,,,,,,,,
10996000,2749,4.875,,1.108186960220337,,,,4.875,,,,,,,,,
11000000,2750,4.125,,1.220281720161438,,,,4.125,,,,,,,,,
11004000,2751,3.75,,1.2120862007141113,,,,3.75,,,,,,,,,
11008000,2752,4.25,,1.3174469470977783,,,,4.25,,,,,,,,,
11012000,2753,4.25,,1.264184832572937,,,,4.25,,,,,,,,,
11016000,2754,4.375,,1.208993911743164,,,,4.375,,,,,,,,,
11020000,2755,3.0,,1.3006398677825928,,,,3.0,,,,,,,,,
11024000,2756,3.875,,1.2155922651290894,,,,3.875,,,,,,,,,
11028000,2757,3.625,,1.2410303354263306,,,,3.625,,,,,,,,,
11032000,2758,4.125,,1.3746075630187988,,,,4.125,,,,,,,,,
11036000,2759,4.0,,1.276689052581787,,,,4.0,,,,,,,,,
11040000,2760,4.75,,1.3283779621124268,,,,4.75,,,,,,,,,
11044000,2761,4.125,,1.2298518419265747,,,,4.125,,,,,,,,,
11048000,2762,3.75,,1.464688777923584,,,,3.75,,,,,,,,,
11052000,2763,4.625,,1.305834174156189,,,,4.625,,,,,,,,,
11056000,2764,4.0,,1.388677716255188,,,,4.0,,,,,,,,,
11060000,2765,3.875,,1.4453147649765015,,,,3.875,,,,,,,,,
11064000,2766,4.5,,1.408768892288208,,,,4.5,,,,,,,,,
11068000,2767,4.375,,1.4537670612335205,,,,4.375,,,,,,,,,
11072000,2768,4.125,,1.4826585054397583,,,,4.125,,,,,,,,,
11076000,2769,4.125,,1.4555599689483643,,,,4.125,,,,,,,,,
11080000,2770,3.625,,1.472663402557373,,,,3.625,,,,,,,,,
11084000,2771,3.625,,1.498138427734375,,,,3.625,,,,,,,,,
11088000,2772,4.5,,1.6079590320587158,,,,4.5,,,,,,,,,
11092000,2773,3.75,,1.4606934785842896,,,,3.75,,,,,,,,,
11096000,2774,3.875,,1.502259373664856,,,,3.875,,,,,,,,,
11100000,2775,2.75,,1.5082378387451172,,,,2.75,,,,,,,,,
11104000,2776,2.375,,1.5472668409347534,,,,2.375,,,,,,,,,
11108000,2777,2.625,,1.5403163433074951,,,,2.625,,,,,,,,,
11112000,2778,4.125,,1.5126941204071045,,,,4.125,,,,,,,,,
11116000,2779,3.0,,1.5494041442871094,,,,3.0,,,,,,,,,
11120000,2780,3.75,,1.4698607921600342,,,,3.75,,,,,,,,,
11124000,2781,3.375,,1.6275715827941895,,,,3.375,,,,,,,,,
11128000,2782,3.5,,1.5668189525604248,,,,3.5,,,,,,,,,
11132000,2783,4.0,,1.583349585533142,,,,4.0,,,,,,,,,
11136000,2784,4.125,,1.6448450088500977,,,,4.125,,,,,,,,,
11140000,2785,3.875,,1.5764331817626953,,,,3.875,,,,,,,,,
11144000,2786,4.375,,1.6360728740692139,,,,4.375,,,,,,,,,
11148000,2787,3.5,,1.5871906280517578,,,,3.5,,,,,,,,,
11152000,2788,3.875,,1.6075513362884521,,,,3.875,,,,,,,,,
11156000,2789,3.25,,1.714491367340088,,,,3.25,,,,,,,,,
11160000,2790,2.5,,1.7054065465927124,,,,2.5,,,,,,,,,
11164000,2791,3.625,,1.6764382123947144,,,,3.625,,,,,,,,,
11168000,2792,3.125,,1.6244547367095947,,,,3.125,,,,,,,,,
11172000,2793,3.625,,1.6769911050796509,,,,3.625,,,,,,,,,
11176000,2794,2.75,,1.6748378276824951,,,,2.75,,,,,,,,,
11180000,2795,3.0,,1.693378210067749,,,,3.0,,,,,,,,,
11184000,2796,3.75,,1.7353731393814087,,,,3.75,,,,,,,,,
11188000,2797,3.75,,1.7077966928482056,,,,3.75,,,,,,,,,
11192000,2798,3.625,,1.721240520477295,,,,3.625,,,,,,,,,
11196000,2799,4.375,,1.6689417362213135,,,,4.375,,,,,,,,,
11200000,2800,4.125,,1.6404061317443848,,,,4.125,,,,,,,,,
11204000,2801,4.75,,1.7067272663116455,,,,4.75,,,,,,,,,
11208000,2802,3.875,,1.7673022747039795,,,,3.875,,,,,,,,,
11212000,2803,4.25,,1.7616984844207764,,,,4.25,,,,,,,,,
11216000,2804,3.875,,1.7757397890090942,,,,3.875,,,,,,,,,
11220000,2805,4.0,,1.7802839279174805,,,,4.0,,,,,,,,,
11224000,2806,4.375,,1.6718794107437134,,,,4.375,,,,,,,,,
11228000,2807,4.125,,1.8134506940841675,,,,4.125,,,,,,,,,
11232000,2808,4.125,,1.7890517711639404,,,,4.125,,,,,,,,,
11236000,2809,4.5,,1.8015363216400146,,,,4.5,,,,,,,,,
11240000,2810,4.375,,1.7418724298477173,,,,4.375,,,,,,,,,
11244000,2811,3.5,,1.7303632497787476,,,,3.5,,,,,,,,,
11248000,2812,3.875,,1.8066089153289795,,,,3.875,,,,,,,,,
11252000,2813,4.625,,1.7724758386611938,,,,4.625,,,,,,,,,
11256000,2814,3.5,,1.7566418647766113,,,,3.5,,,,,,,,,
11260000,2815,3.375,,1.7132514715194702,,,,3.375,,,,,,,,,
11264000,2816,4.375,,1.8018798828125,,,,4.375,,,,,,,,,
11268000,2817,3.875,,1.799181342124939,,,,3.875,,,,,,,,,
11272000,2818,4.125,,1.8005800247192383,,,,4.125,,,,,,,,,
11276000,2819,4.125,,1.824570894241333,,,,4.125,,,,,,,,,
11280000,2820,4.375,,1.85953950881958,,,,4.375,,,,,,,,,
11284000,2821,4.375,,1.8047888278961182,,,,4.375,,,,,,,,,
11288000,2822,4.25,,1.7942757606506348,,,,4.25,,,,,,,,,
11292000,2823,4.0,,1.8507919311523438,,,,4.0,,,,,,,,,
11296000,2824,3.75,,1.8210605382919312,,,,3.75,,,,,,,,,
11300000,2825,3.75,,1.8830153942108154,,,,3.75,,,,,,,,,
11304000,2826,3.625,,1.8210370540618896,,,,3.625,,,,,,,,,
11308000,2827,4.375,,1.9160594940185547,,,,4.375,,,,,,,,,
11312000,2828,4.0,,1.8690106868743896,,,,4.0,,,,,,,,,
11316000,2829,4.25,,1.8147538900375366,,,,4.25,,,,,,,,,
11320000,2830,4.125,,1.8744893074035645,,,,4.125,,,,,,,,,
11324000,2831,3.75,,1.8144614696502686,,,,3.75,,,,,,,,,
11328000,2832,3.875,,1.8915605545043945,,,,3.875,,,,,,,,,
11332000,2833,3.375,,1.8317890167236328,,,,3.375,,,,,,,,,
11336000,2834,4.0,,1.7798726558685303,,,,4.0,,,,,,,,,
11340000,2835,4.25,,1.866255760192871,,,,4.25,,,,,,,,,
11344000,2836,4.375,,1.8654661178588867,,,,4.375,,,,,,,,,
11348000,2837,3.875,,1.8764989376068115,,,,3.875,,,,,,,,,
11352000,2838,3.5,,1.8962143659591675,,,,3.5,,,,,,,,,
11356000,2839,4.375,,1.7973566055297852,,,,4.375,,,,,,,,,
11360000,2840,3.375,,1.8699369430541992,,,,3.375,,,,,,,,,
11364000,2841,4.0,,1.8235390186309814,,,,4.0,,,,,,,,,
11368000,2842,4.125,,1.890144944190979,,,,4.125,,,,,,,,,
11372000,2843,4.375,,1.8950310945510864,,,,4.375,,,,,,,,,
11376000,2844,4.25,,1.947023630142212,,,,4.25,,,,,,,,,
11380000,2845,3.75,,1.8441479206085205,,,,3.75,,,,,,,,,
11384000,2846,4.25,,1.8307809829711914,,,,4.25,,,,,,,,,
11388000,2847,3.625,,1.9466567039489746,,,,3.625,,,,,,,,,
11392000,2848,4.125,,1.839669108390808,,,,4.125,,,,,,,,,
11396000,2849,4.25,,1.9138493537902832,,,,4.25,,,,,,,,,
11400000,2850,3.5,,1.8835753202438354,,,,3.5,,,,,,,,,
11404000,2851,4.125,,1.9486260414123535,,,,4.125,,,,,,,,,
11408000,2852,3.75,,2.0236096382141113,,,,3.75,,,,,,,,,
11412000,2853,4.25,,1.8599575757980347,,,,4.25,,,,,,,,,
11416000,2854,3.625,,1.9072082042694092,,,,3.625,,,,,,,,,
11420000,2855,3.375,,1.8798339366912842,,,,3.375,,,,,,,,,
11424000,2856,3.5,,1.890486478805542,,,,3.5,,,,,,,,,
11428000,2857,3.5,,1.8694734573364258,,,,3.5,,,,,,,,,
11432000,2858,3.75,,1.8557486534118652,,,,3.75,,,,,,,,,
11436000,2859,4.125,,1.905442476272583,,,,4.125,,,,,,,,,
11440000,2860,4.125,,1.8788959980010986,,,,4.125,,,,,,,,,
11444000,2861,4.75,,1.87741219997406,,,,4.75,,,,,,,,,
11448000,2862,3.75,,1.944492220878601,,,,3.75,,,,,,,,,
11452000,2863,4.0,,1.9392101764678955,,,,4.0,,,,,,,,,
11456000,2864,4.375,,1.9758203029632568,,,,4.375,,,,,,,,,
11460000,2865,4.125,,1.872638463973999,,,,4.125,,,,,,,,,
11464000,2866,4.375,,1.8651885986328125,,,,4.375,,,,,,,,,
11468000,2867,3.75,,1.8456236124038696,,,,3.75,,,,,,,,,
11472000,2868,4.25,,1.86222505569458,,,,4.25,,,,,,,,,
11476000,2869,4.375,,1.8530324697494507,,,,4.375,,,,,,,,,
11480000,2870,3.625,,1.8533844947814941,,,,3.625,,,,,,,,,
11484000,2871,4.5,,1.884247064590454,,,,4.5,,,,,,,,,
11488000,2872,3.5,,1.869061827659607,,,,3.5,,,,,,,,,
11492000,2873,4.25,,1.9520325660705566,,,,4.25,,,,,,,,,
11496000,2874,3.875,,1.9127423763275146,,,,3.875,,,,,,,,,
11500000,2875,4.0,,1.928808331489563,,,,4.0,,,,,,,,,
11504000,2876,3.875,,1.8976502418518066,,,,3.875,,,,,,,,,
11508000,2877,4.25,,1.9126272201538086,,,,4.25,,,,,,,,,
11512000,2878,4.25,,1.8515464067459106,,,,4.25,,,,,,,,,
11516000,2879,3.75,,1.9640135765075684,,,,3.75,,,,,,,,,
11520000,2880,3.875,,1.919142246246338,,,,3.875,,,,,,,,,
11524000,2881,3.875,,1.9560823440551758,,,,3.875,,,,,,,,,
11528000,2882,3.875,,1.8469797372817993,,,,3.875,,,,,,,,,
11532000,2883,4.0,,1.903548240661621,,,,4.0,,,,,,,,,
11536000,2884,4.25,,1.8587629795074463,,,,4.25,,,,,,,,,
11540000,2885,3.625,,1.8803225755691528,,,,3.625,,,,,,,,,
11544000,2886,3.875,,1.8525023460388184,,,,3.875,,,,,,,,,
11548000,2887,4.0,,1.8914906978607178,,,,4.0,,,,,,,,,
11552000,2888,4.625,,1.8462193012237549,,,,4.625,,,,,,,,,
11556000,2889,3.875,,1.9008798599243164,,,,3.875,,,,,,,,,
11560000,2890,3.875,,1.8491085767745972,,,,3.875,,,,,,,,,
11564000,2891,4.75,,1.8913335800170898,,,,4.75,,,,,,,,,
11568000,2892,4.5,,1.8502857685089111,,,,4.5,,,,,,,,,
11572000,2893,3.0,,1.8913342952728271,,,,3.0,,,,,,,,,
11576000,2894,4.375,,1.890879511833191,,,,4.375,,,,,,,,,
11580000,2895,3.375,,1.8479933738708496,,,,3.375,,,,,,,,,
11584000,2896,4.375,,1.8543508052825928,,,,4.375,,,,,,,,,
11588000,2897,3.875,,1.8822132349014282,,,,3.875,,,,,,,,,
11592000,2898,3.25,,1.8291891813278198,,,,3.25,,,,,,,,,
11596000,2899,4.375,,1.8605358600616455,,,,4.375,,,,,,,,,
11600000,2900,3.0,,1.8785510063171387,,,,3.0,,,,,,,,,
11604000,2901,3.875,,1.8460540771484375,,,,3.875,,,,,,,,,
11608000,2902,3.0,,1.7827624082565308,,,,3.0,,,,,,,,,
11612000,2903,4.375,,1.8731409311294556,,,,4.375,,,,,,,,,
11616000,2904,3.875,,1.8561227321624756,,,,3.875,,,,,,,,,
11620000,2905,3.125,,1.8631832599639893,,,,3.125,,,,,,,,,
11624000,2906,3.625,,1.8574886322021484,,,,3.625,,,,,,,,,
11628000,2907,3.5,,1.8900192975997925,,,,3.5,,,,,,,,,
11632000,2908,4.125,,1.861748456954956,,,,4.125,,,,,,,,,
11636000,2909,4.25,,1.8702478408813477,,,,4.25,,,,,,,,,
11640000,2910,2.75,,1.8422393798828125,,,,2.75,,,,,,,,,
11644000,2911,3.375,,1.8351805210113525,,,,3.375,,,,,,,,,
11648000,2912,3.375,,1.8848527669906616,,,,3.375,,,,,,,,,
11652000,2913,3.875,,1.8399021625518799,,,,3.875,,,,,,,,,
11656000,2914,4.25,,1.871422529220581,,,,4.25,,,,,,,,,
11660000,2915,3.625,,1.8456757068634033,,,,3.625,,,,,,,,,
11664000,2916,4.375,,1.8510414361953735,,,,4.375,,,,,,,,,
11668000,2917,3.875,,1.8672432899475098,,,,3.875,,,,,,,,,
11672000,2918,4.5,,1.851136565208435,,,,4.5,,,,,,,,,
11676000,2919,3.75,,1.8406692743301392,,,,3.75,,,,,,,,,
11680000,2920,4.125,,1.8223545551300049,,,,4.125,,,,,,,,,
11684000,2921,3.125,,1.877475380897522,,,,3.125,,,,,,,,,
11688000,2922,4.0,,1.8642431497573853,,,,4.0,,,,,,,,,
11692000,2923,4.125,,1.903904914855957,,,,4.125,,,,,,,,,
11696000,2924,3.75,,1.8511955738067627,,,,3.75,,,,,,,,,
11700000,2925,3.875,,1.8193347454071045,,,,3.875,,,,,,,,,
11704000,2926,4.375,,1.8180229663848877,,,,4.375,,,,,,,,,
11708000,2927,3.625,,1.8718351125717163,,,,3.625,,,,,,,,,
11712000,2928,4.0,,1.8568127155303955,,,,4.0,,,,,,,,,
11716000,2929,4.375,,1.9028706550598145,,,,4.375,,,,,,,,,
11720000,2930,3.75,,1.841395378112793,,,,3.75,,,,,,,,,
11724000,2931,4.25,,1.880934715270996,,,,4.25,,,,,,,,,
11728000,2932,4.25,,1.8002210855484009,,,,4.25,,,,,,,,,
11732000,2933,4.0,,1.7932480573654175,,,,4.0,,,,,,,,,
11736000,2934,3.875,,1.836134433746338,,,,3.875,,,,,,,,,
11740000,2935,4.0,,1.729817271232605,,,,4.0,,,,,,,,,
11744000,2936,3.875,,1.9230306148529053,,,,3.875,,,,,,,,,
11748000,2937,4.0,,1.8388338088989258,,,,4.0,,,,,,,,,
11752000,2938,3.625,,1.8095744848251343,,,,3.625,,,,,,,,,
11756000,2939,3.625,,1.88319993019104,,,,3.625,,,,,,,,,
11760000,2940,4.875,,1.819548487663269,,,,4.875,,,,,,,,,
11764000,2941,4.25,,1.800204873085022,,,,4.25,,,,,,,,,
11768000,2942,3.75,,1.824758768081665,,,,3.75,,,,,,,,,
11772000,2943,4.25,,1.7525502443313599,,,,4.25,,,,,,,,,
11776000,2944,4.25,,1.8307151794433594,,,,4.25,,,,,,,,,
11780000,2945,4.375,,1.8241045475006104,,,,4.375,,,,,,,,,
11784000,2946,3.375,,1.8584400415420532,,,,3.375,,,,,,,,,
11788000,2947,4.0,,1.8548346757888794,,,,4.0,,,,,,,,,
11792000,2948,4.0,,1.8586313724517822,,,,4.0,,,,,,,,,
11796000,2949,3.75,,1.8615081310272217,,,,3.75,,,,,,,,,
11800000,2950,3.5,,1.7803884744644165,,,,3.5,,,,,,,,,
11804000,2951,3.625,,1.8371942043304443,,,,3.625,,,,,,,,,
11808000,2952,3.75,,1.752971887588501,,,,3.75,,,,,,,,,
11812000,2953,3.625,,1.8074543476104736,,,,3.625,,,,,,,,,
11816000,2954,4.25,,1.8296301364898682,,,,4.25,,,,,,,,,
11820000,2955,3.5,,1.7870349884033203,,,,3.5,,,,,,,,,
11824000,2956,2.5,,1.7777531147003174,,,,2.5,,,,,,,,,
11828000,2957,3.5,,1.800581932067871,,,,3.5,,,,,,,,,
11832000,2958,4.25,,1.7540547847747803,,,,4.25,,,,,,,,,
11836000,2959,3.5,,1.8018999099731445,,,,3.5,,,,,,,,,
11840000,2960,4.0,,1.7905869483947754,,,,4.0,,,,,,,,,
11844000,2961,3.5,,1.817802906036377,,,,3.5,,,,,,,,,
11848000,2962,3.25,,1.8627445697784424,,,,3.25,,,,,,,,,
11852000,2963,3.75,,1.7947139739990234,,,,3.75,,,,,,,,,
11856000,2964,3.875,,1.804164171218872,,,,3.875,,,,,,,,,
11860000,2965,4.125,,1.7854704856872559,,,,4.125,,,,,,,,,
11864000,2966,4.25,,1.8188893795013428,,,,4.25,,,,,,,,,
11868000,2967,3.875,,1.771655559539795,,,,3.875,,,,,,,,,
11872000,2968,3.25,,1.758265733718872,,,,3.25,,,,,,,,,
11876000,2969,4.125,,1.7897745370864868,,,,4.125,,,,,,,,,
11880000,2970,3.0,,1.78338623046875,,,,3.0,,,,,,,,,
11884000,2971,3.375,,1.7211756706237793,,,,3.375,,,,,,,,,
11888000,2972,3.5,,1.7857791185379028,,,,3.5,,,,,,,,,
11892000,2973,2.625,,1.6732174158096313,,,,2.625,,,,,,,,,
11896000,2974,2.375,,1.806938886642456,,,,2.375,,,,,,,,,
11900000,2975,3.375,,1.7733416557312012,,,,3.375,,,,,,,,,
11904000,2976,3.375,,1.7843626737594604,,,,3.375,,,,,,,,,
11908000,2977,2.125,,1.7042218446731567,,,,2.125,,,,,,,,,
11912000,2978,2.875,,1.7439359426498413,,,,2.875,,,,,,,,,
11916000,2979,3.25,,1.784461259841919,,,,3.25,,,,,,,,,
11920000,2980,4.5,,1.7213499546051025,,,,4.5,,,,,,,,,
11924000,2981,3.75,,1.7714285850524902,,,,3.75,,,,,,,,,
11928000,2982,3.0,,1.7189525365829468,,,,3.0,,,,,,,,,
11932000,2983,3.25,,1.7559911012649536,,,,3.25,,,,,,,,,
11936000,2984,3.5,,1.833406925201416,,,,3.5,,,,,,,,,
11940000,2985,3.625,,1.708106279373169,,,,3.625,,,,,,,,,
11944000,2986,3.375,,1.7823560237884521,,,,3.375,,,,,,,,,
11948000,2987,3.625,,1.667637825012207,,,,3.625,,,,,,,,,
11952000,2988,3.625,,1.7581982612609863,,,,3.625,,,,,,,,,
11956000,2989,4.125,,1.7662334442138672,,,,4.125,,,,,,,,,
11960000,2990,3.5,,1.7563416957855225,,,,3.5,,,,,,,,,
11964000,2991,4.375,,1.6770117282867432,,,,4.375,,,,,,,,,
11968000,2992,3.0,,1.725190281867981,,,,3.0,,,,,,,,,
11972000,2993,3.5,,1.7644760608673096,,,,3.5,,,,,,,,,
11976000,2994,4.25,,1.752024531364441,,,,4.25,,,,,,,,,
11980000,2995,4.125,,1.6824500560760498,,,,4.125,,,,,,,,,
11984000,2996,4.125,,1.6908215284347534,,,,4.125,,,,,,,,,
11988000,2997,4.125,,1.7134755849838257,,,,4.125,,,,,,,,,
11992000,2998,3.25,,1.694814920425415,,,,3.25,,,,,,,,,
11996000,2999,4.125,,1.7045091390609741,,,,4.125,,,,,,,,,
12000000,3000,3.375,,1.6939786672592163,,,,3.375,,,,,,,,,
12004000,3001,4.875,,1.659463882446289,,,,4.875,,,,,,,,,
12008000,3002,3.875,,1.6929054260253906,,,,3.875,,,,,,,,,
12012000,3003,4.125,,1.6866259574890137,,,,4.125,,,,,,,,,
12016000,3004,3.75,,1.6767725944519043,,,,3.75,,,,,,,,,
12020000,3005,4.125,,1.6716485023498535,,,,4.125,,,,,,,,,
12024000,3006,4.0,,1.7235956192016602,,,,4.0,,,,,,,,,
12028000,3007,4.0,,1.643114686012268,,,,4.0,,,,,,,,,
12032000,3008,4.0,,1.7141497135162354,,,,4.0,,,,,,,,,
12036000,3009,4.25,,1.7277324199676514,,,,4.25,,,,,,,,,
12040000,3010,4.125,,1.6095250844955444,,,,4.125,,,,,,,,,
12044000,3011,3.625,,1.6620031595230103,,,,3.625,,,,,,,,,
12048000,3012,3.875,,1.6624209880828857,,,,3.875,,,,,,,,,
12052000,3013,4.0,,1.6561428308486938,,,,4.0,,,,,,,,,
12056000,3014,3.875,,1.8313825130462646,,,,3.875,,,,,,,,,
12060000,3015,4.0,,1.7005484104156494,,,,4.0,,,,,,,,,
12064000,3016,4.125,,1.6514818668365479,,,,4.125,,,,,,,,,
12068000,3017,4.125,,1.6162352561950684,,,,4.125,,,,,,,,,
12072000,3018,4.625,,1.6294031143188477,,,,4.625,,,,,,,,,
12076000,3019,4.375,,1.7317496538162231,,,,4.375,,,,,,,,,
12080000,3020,4.0,,1.6722376346588135,,,,4.0,,,,,,,,,
12084000,3021,3.75,,1.763980507850647,,,,3.75,,,,,,,,,
12088000,3022,4.375,,1.6869736909866333,,,,4.375,,,,,,,,,
12092000,3023,4.125,,1.721137285232544,,,,4.125,,,,,,,,,
12096000,3024,4.0,,1.6682119369506836,,,,4.0,,,,,,,,,
12100000,3025,4.125,,1.6791414022445679,,,,4.125,,,,,,,,,
12104000,3026,4.125,,1.6778264045715332,,,,4.125,,,,,,,,,
12108000,3027,4.5,,1.6713879108428955,,,,4.5,,,,,,,,,
12112000,3028,4.0,,1.6804126501083374,,,,4.0,,,,,,,,,
12116000,3029,4.0,,1.677761435508728,,,,4.0,,,,,,,,,
12120000,3030,3.625,,1.669158935546875,,,,3.625,,,,,,,,,
12124000,3031,3.875,,1.7071776390075684,,,,3.875,,,,,,,,,
12128000,3032,4.25,,1.7622590065002441,,,,4.25,,,,,,,,,
12132000,3033,4.375,,1.7287256717681885,,,,4.375,,,,,,,,,
12136000,3034,4.125,,1.6854236125946045,,,,4.125,,,,,,,,,
12140000,3035,4.25,,1.7225394248962402,,,,4.25,,,,,,,,,
12144000,3036,4.125,,1.6878005266189575,,,,4.125,,,,,,,,,
12148000,3037,3.75,,1.7038402557373047,,,,3.75,,,,,,,,,
12152000,3038,4.625,,1.7389113903045654,,,,4.625,,,,,,,,,
12156000,3039,3.75,,1.6735643148422241,,,,3.75,,,,,,,,,
12160000,3040,4.25,,1.7256661653518677,,,,4.25,,,,,,,,,
12164000,3041,2.5,,1.6963063478469849,,,,2.5,,,,,,,,,
12168000,3042,4.25,,1.6947327852249146,,,,4.25,,,,,,,,,
12172000,3043,4.125,,1.7095052003860474,,,,4.125,,,,,,,,,
12176000,3044,4.125,,1.6861451864242554,,,,4.125,,,,,,,,,
12180000,3045,3.75,,1.6680580377578735,,,,3.75,,,,,,,,,
12184000,3046,3.5,,1.7159764766693115,,,,3.5,,,,,,,,,
12188000,3047,3.125,,1.7047467231750488,,,,3.125,,,,,,,,,
12192000,3048,3.75,,1.6706358194351196,,,,3.75,,,,,,,,,
12196000,3049,2.75,,1.6834716796875,,,,2.75,,,,,,,,,
12200000,3050,4.0,,1.6744179725646973,,,,4.0,,,,,,,,,
12204000,3051,4.0,,1.70868980884552,,,,4.0,,,,,,,,,
12208000,3052,3.5,,1.7047278881072998,,,,3.5,,,,,,,,,
12212000,3053,3.25,,1.688226342201233,,,,3.25,,,,,,,,,
12216000,3054,3.5,,1.6767231225967407,,,,3.5,,,,,,,,,
12220000,3055,3.625,,1.656551480293274,,,,3.625,,,,,,,,,
12224000,3056,4.0,,1.6633961200714111,,,,4.0,,,,,,,,,
12228000,3057,3.75,,1.7152704000473022,,,,3.75,,,,,,,,,
12232000,3058,4.125,,1.6680521965026855,,,,4.125,,,,,,,,,
12236000,3059,3.375,,1.6475021839141846,,,,3.375,,,,,,,,,
12240000,3060,3.25,,1.6319701671600342,,,,3.25,,,,,,,,,
12244000,3061,3.75,,1.6268999576568604,,,,3.75,,,,,,,,,
12248000,3062,4.375,,1.6159526109695435,,,,4.375,,,,,,,,,
12252000,3063,3.25,,1.6142358779907227,,,,3.25,,,,,,,,,
12256000,3064,4.0,,1.6045808792114258,,,,4.0,,,,,,,,,
12260000,3065,3.875,,1.6927536725997925,,,,3.875,,,,,,,,,
12264000,3066,3.875,,1.6146376132965088,,,,3.875,,,,,,,,,
12268000,3067,4.125,,1.682346224784851,,,,4.125,,,,,,,,,
12272000,3068,3.625,,1.6554739475250244,,,,3.625,,,,,,,,,
12276000,3069,4.375,,1.6594369411468506,,,,4.375,,,,,,,,,
12280000,3070,3.625,,1.7254760265350342,,,,3.625,,,,,,,,,
12284000,3071,4.125,,1.680614709854126,,,,4.125,,,,,,,,,
12288000,3072,3.375,,1.6055569648742676,,,,3.375,,,,,,,,,
12292000,3073,3.875,,1.654576301574707,,,,3.875,,,,,,,,,
12296000,3074,3.375,,1.6778991222381592,,,,3.375,,,,,,,,,
12300000,3075,4.25,,1.6997116804122925,,,,4.25,,,,,,,,,
12304000,3076,3.375,,1.6361184120178223,,,,3.375,,,,,,,,,
12308000,3077,3.75,,1.7119795083999634,,,,3.75,,,,,,,,,
12312000,3078,4.25,,1.5537517070770264,,,,4.25,,,,,,,,,
12316000,3079,3.375,,1.6230707168579102,,,,3.375,,,,,,,,,
12320000,3080,3.875,,1.687018632888794,,,,3.875,,,,,,,,,
12324000,3081,3.625,,1.6580058336257935,,,,3.625,,,,,,,,,
12328000,3082,3.5,,1.6589431762695312,,,,3.5,,,,,,,,,
12332000,3083,3.375,,1.5863542556762695,,,,3.375,,,,,,,,,
12336000,3084,3.375,,1.6690092086791992,,,,3.375,,,,,,,,,
12340000,3085,4.25,,1.6822750568389893,,,,4.25,,,,,,,,,
12344000,3086,4.5,,1.6470426321029663,,,,4.5,,,,,,,,,
12348000,3087,3.625,,1.6097056865692139,,,,3.625,,,,,,,,,
12352000,3088,4.25,,1.5908147096633911,,,,4.25,,,,,,,,,
12356000,3089,4.375,,1.6476517915725708,,,,4.375,,,,,,,,,
12360000,3090,4.0,,1.6018803119659424,,,,4.0,,,,,,,,,
12364000,3091,4.625,,1.6633626222610474,,,,4.625,,,,,,,,,
12368000,3092,4.125,,1.7201545238494873,,,,4.125,,,,,,,,,
12372000,3093,3.0,,1.6195714473724365,,,,3.0,,,,,,,,,
12376000,3094,3.5,,1.671851634979248,,,,3.5,,,,,,,,,
12380000,3095,4.125,,1.6981267929077148,,,,4.125,,,,,,,,,
12384000,3096,3.375,,1.6357507705688477,,,,3.375,,,,,,,,,
12388000,3097,2.5,,1.657962441444397,,,,2.5,,,,,,,,,
12392000,3098,3.875,,1.6572799682617188,,,,3.875,,,,,,,,,
12396000,3099,3.25,,1.6918745040893555,,,,3.25,,,,,,,,,
12400000,3100,4.625,,1.6439480781555176,,,,4.625,,,,,,,,,
12404000,3101,3.625,,1.652331829071045,,,,3.625,,,,,,,,,
12408000,3102,3.875,,1.6629948616027832,,,,3.875,,,,,,,,,
12412000,3103,3.0,,1.6674799919128418,,,,3.0,,,,,,,,,
12416000,3104,3.875,,1.6312799453735352,,,,3.875,,,,,,,,,
12420000,3105,4.375,,1.6620676517486572,,,,4.375,,,,,,,,,
12424000,3106,3.25,,1.6281667947769165,,,,3.25,,,,,,,,,
12428000,3107,4.5,,1.6568830013275146,,,,4.5,,,,,,,,,
12432000,3108,4.25,,1.6507737636566162,,,,4.25,,,,,,,,,
12436000,3109,3.625,,1.649507761001587,,,,3.625,,,,,,,,,
12440000,3110,4.125,,1.673784852027893,,,,4.125,,,,,,,,,
12444000,3111,4.375,,1.6605126857757568,,,,4.375,,,,,,,,,
12448000,3112,4.0,,1.690591812133789,,,,4.0,,,,,,,,,
12452000,3113,4.25,,1.6501997709274292,,,,4.25,,,,,,,,,
12456000,3114,3.375,,1.6937545537948608,,,,3.375,,,,,,,,,
12460000,3115,3.875,,1.7060625553131104,,,,3.875,,,,,,,,,
12464000,3116,4.25,,1.721208095550537,,,,4.25,,,,,,,,,
12468000,3117,4.625,,1.6217511892318726,,,,4.625,,,,,,,,,
12472000,3118,3.875,,1.7345776557922363,,,,3.875,,,,,,,,,
12476000,3119,3.75,,1.6652230024337769,,,,3.75,,,,,,,,,
12480000,3120,4.0,,1.636880874633789,,,,4.0,,,,,,,,,
12484000,3121,4.25,,1.6890833377838135,,,,4.25,,,,,,,,,
12488000,3122,4.375,,1.7042568922042847,,,,4.375,,,,,,,,,
12492000,3123,3.75,,1.6739017963409424,,,,3.75,,,,,,,,,
12496000,3124,3.375,,1.659637212753296,,,,3.375,,,,,,,,,
12500000,3125,4.125,,1.7037737369537354,,,,4.125,,,,,,,,,
12504000,3126,4.375,,1.6933177709579468,,,,4.375,,,,,,,,,
12508000,3127,3.75,,1.5940167903900146,,,,3.75,,,,,,,,,
12512000,3128,4.25,,1.6607768535614014,,,,4.25,,,,,,,,,
12516000,3129,3.875,,1.6452906131744385,,,,3.875,,,,,,,,,
12520000,3130,4.25,,1.7041549682617188,,,,4.25,,,,,,,,,
12524000,3131,4.125,,1.6823902130126953,,,,4.125,,,,,,,,,
12528000,3132,3.75,,1.686507225036621,,,,3.75,,,,,,,,,
12532000,3133,3.0,,1.6599256992340088,,,,3.0,,,,,,,,,
12536000,3134,3.625,,1.6664743423461914,,,,3.625,,,,,,,,,
12540000,3135,3.5,,1.689914584159851,,,,3.5,,,,,,,,,
12544000,3136,3.875,,1.6352393627166748,,,,3.875,,,,,,,,,
12548000,3137,4.125,,1.6616328954696655,,,,4.125,,,,,,,,,
12552000,3138,3.5,,1.6394456624984741,,,,3.5,,,,,,,,,
12556000,3139,4.375,,1.6780362129211426,,,,4.375,,,,,,,,,
12560000,3140,4.375,,1.6578267812728882,,,,4.375,,,,,,,,,
12564000,3141,3.25,,1.6765904426574707,,,,3.25,,,,,,,,,
12568000,3142,4.0,,1.6487470865249634,,,,4.0,,,,,,,,,
12572000,3143,3.125,,1.6814675331115723,,,,3.125,,,,,,,,,
12576000,3144,3.375,,1.6031087636947632,,,,3.375,,,,,,,,,
12580000,3145,3.375,,1.6703436374664307,,,,3.375,,,,,,,,,
12584000,3146,3.375,,1.5467195510864258,,,,3.375,,,,,,,,,
12588000,3147,3.5,,1.6347684860229492,,,,3.5,,,,,,,,,
12592000,3148,3.0,,1.7010498046875,,,,3.0,,,,,,,,,
12596000,3149,4.375,,1.588634729385376,,,,4.375,,,,,,,,,
12600000,3150,3.125,,1.6274973154067993,,,,3.125,,,,,,,,,
12604000,3151,3.875,,1.652066946029663,,,,3.875,,,,,,,,,
12608000,3152,3.75,,1.6534979343414307,,,,3.75,,,,,,,,,
12612000,3153,3.5,,1.6296708583831787,,,,3.5,,,,,,,,,
12616000,3154,3.625,,1.6290714740753174,,,,3.625,,,,,,,,,
12620000,3155,3.25,,1.6093294620513916,,,,3.25,,,,,,,,,
12624000,3156,3.875,,1.6322218179702759,,,,3.875,,,,,,,,,
12628000,3157,4.375,,1.5738255977630615,,,,4.375,,,,,,,,,
12632000,3158,3.375,,1.6090987920761108,,,,3.375,,,,,,,,,
12636000,3159,4.75,,1.6331031322479248,,,,4.75,,,,,,,,,
12640000,3160,3.75,,1.6906535625457764,,,,3.75,,,,,,,,,
12644000,3161,3.75,,1.6201502084732056,,,,3.75,,,,,,,,,
12648000,3162,3.625,,1.60676908493042,,,,3.625,,,,,,,,,
12652000,3163,3.875,,1.7313416004180908,,,,3.875,,,,,,,,,
12656000,3164,3.75,,1.638272762298584,,,,3.75,,,,,,,,,
12660000,3165,4.125,,1.6781628131866455,,,,4.125,,,,,,,,,
12664000,3166,2.5,,1.650757074356079,,,,2.5,,,,,,,,,
12668000,3167,3.5,,1.6211552619934082,,,,3.5,,,,,,,,,
12672000,3168,2.75,,1.5888651609420776,,,,2.75,,,,,,,,,
12676000,3169,3.25,,1.6309643983840942,,,,3.25,,,,,,,,,
12680000,3170,3.625,,1.5319322347640991,,,,3.625,,,,,,,,,
12684000,3171,3.25,,1.5557595491409302,,,,3.25,,,,,,,,,
12688000,3172,3.875,,1.674489974975586,,,,3.875,,,,,,,,,
12692000,3173,3.75,,1.5764491558074951,,,,3.75,,,,,,,,,
12696000,3174,1.875,,1.594318151473999,,,,1.875,,,,,,,,,
12700000,3175,3.875,,1.658611536026001,,,,3.875,,,,,,,,,
12704000,3176,3.875,,1.6288788318634033,,,,3.875,,,,,,,,,
12708000,3177,3.5,,1.608932614326477,,,,3.5,,,,,,,,,
12712000,3178,4.5,,1.5054728984832764,,,,4.5,,,,,,,,,
12716000,3179,3.5,,1.644906997680664,,,,3.5,,,,,,,,,
12720000,3180,3.875,,1.567781686782837,,,,3.875,,,,,,,,,
12724000,3181,4.625,,1.5954325199127197,,,,4.625,,,,,,,,,
12728000,3182,3.125,,1.670925259590149,,,,3.125,,,,,,,,,
12732000,3183,3.75,,1.6141856908798218,,,,3.75,,,,,,,,,
12736000,3184,3.625,,1.593282699584961,,,,3.625,,,,,,,,,
12740000,3185,2.875,,1.6024301052093506,,,,2.875,,,,,,,,,
12744000,3186,3.375,,1.5718553066253662,,,,3.375,,,,,,,,,
12748000,3187,3.0,,1.611281156539917,,,,3.0,,,,,,,,,
12752000,3188,4.375,,1.5567348003387451,,,,4.375,,,,,,,,,
12756000,3189,4.0,,1.5403915643692017,,,,4.0,,,,,,,,,
12760000,3190,2.5,,1.5945007801055908,,,,2.5,,,,,,,,,
12764000,3191,2.25,,1.5629918575286865,,,,2.25,,,,,,,,,
12768000,3192,2.5,,1.6290051937103271,,,,2.5,,,,,,,,,
12772000,3193,2.75,,1.5794471502304077,,,,2.75,,,,,,,,,
12776000,3194,4.5,,1.646769642829895,,,,4.5,,,,,,,,,
12780000,3195,1.375,,1.5677646398544312,,,,1.375,,,,,,,,,
12784000,3196,1.0,,1.6046173572540283,,,,1.0,,,,,,,,,
12788000,3197,1.875,,1.502982258796692,,,,1.875,,,,,,,,,
12792000,3198,1.875,,1.5995335578918457,,,,1.875,,,,,,,,,
12796000,3199,3.125,,1.5809705257415771,,,,3.125,,,,,,,,,
12800000,3200,3.125,,1.57357919216156,,,,3.125,,,,,,,,,
12804000,3201,2.625,,1.5597925186157227,,,,2.625,,,,,,,,,
12808000,3202,2.625,,1.610970139503479,,,,2.625,,,,,,,,,
12812000,3203,2.875,,1.5718584060668945,,,,2.875,,,,,,,,,
12816000,3204,3.5,,1.550671100616455,,,,3.5,,,,,,,,,
12820000,3205,3.5,,1.5556085109710693,,,,3.5,,,,,,,,,
12824000,3206,1.0,,1.5571829080581665,,,,1.0,,,,,,,,,
12828000,3207,1.625,,1.6145122051239014,,,,1.625,,,,,,,,,
12832000,3208,2.0,,1.513399362564087,,,,2.0,,,,,,,,,
12836000,3209,1.125,,1.5143048763275146,,,,1.125,,,,,,,,,
12840000,3210,3.125,,1.5106868743896484,,,,3.125,,,,,,,,,
12844000,3211,2.875,,1.5221638679504395,,,,2.875,,,,,,,,,
12848000,3212,2.625,,1.5044065713882446,,,,2.625,,,,,,,,,
12852000,3213,1.5,,1.5028070211410522,,,,1.5,,,,,,,,,
12856000,3214,0.875,,1.5050938129425049,,,,0.875,,,,,,,,,
12860000,3215,1.375,,1.4510529041290283,,,,1.375,,,,,,,,,
12864000,3216,3.5,,1.4894307851791382,,,,3.5,,,,,,,,,
12868000,3217,0.875,,1.5244890451431274,,,,0.875,,,,,,,,,
12872000,3218,0.625,,1.480720043182373,,,,0.625,,,,,,,,,
12876000,3219,0.75,,1.434539556503296,,,,0.75,,,,,,,,,
12880000,3220,1.0,,1.410021185874939,,,,1.0,,,,,,,,,
12884000,3221,2.5,,1.3719441890716553,,,,2.5,,,,,,,,,
12888000,3222,3.625,,1.3656402826309204,,,,3.625,,,,,,,,,
12892000,3223,2.0,,1.3704617023468018,,,,2.0,,,,,,,,,
12896000,3224,1.875,,1.5107063055038452,,,,1.875,,,,,,,,,
12900000,3225,0.875,,1.4359596967697144,,,,0.875,,,,,,,,,
12904000,3226,0.625,,1.4057502746582031,,,,0.625,,,,,,,,,
12908000,3227,3.75,,1.4316010475158691,,,,3.75,,,,,,,,,
12912000,3228,2.375,,1.3681458234786987,,,,2.375,,,,,,,,,
12916000,3229,1.5,,1.3978359699249268,,,,1.5,,,,,,,,,
12920000,3230,1.25,,1.4134633541107178,,,,1.25,,,,,,,,,
12924000,3231,1.5,,1.3789693117141724,,,,1.5,,,,,,,,,
12928000,3232,1.875,,1.4127649068832397,,,,1.875,,,,,,,,,
12932000,3233,3.875,,1.3696916103363037,,,,3.875,,,,,,,,,
12936000,3234,1.375,,1.3326294422149658,,,,1.375,,,,,,,,,
12940000,3235,0.875,,1.4172003269195557,,,,0.875,,,,,,,,,
12944000,3236,0.75,,1.3575940132141113,,,,0.75,,,,,,,,,
12948000,3237,0.875,,1.4456119537353516,,,,0.875,,,,,,,,,
12952000,3238,2.25,,1.4263286590576172,,,,2.25,,,,,,,,,
12956000,3239,0.75,,1.3880314826965332,,,,0.75,,,,,,,,,
12960000,3240,0.875,,1.3509122133255005,,,,0.875,,,,,,,,,
12964000,3241,0.5,,1.2765042781829834,,,,0.5,,,,,,,,,
12968000,3242,0.5,,1.2096707820892334,,,,0.5,,,,,,,,,
12972000,3243,1.0,,1.3432440757751465,,,,1.0,,,,,,,,,
12976000,3244,2.0,,1.257420301437378,,,,2.0,,,,,,,,,
12980000,3245,2.0,,1.229949951171875,,,,2.0,,,,,,,,,
12984000,3246,1.625,,1.2243176698684692,,,,1.625,,,,,,,,,
12988000,3247,1.75,,1.224890947341919,,,,1.75,,,,,,,,,
12992000,3248,1.125,,1.2992510795593262,,,,1.125,,,,,,,,,
12996000,3249,1.5,,1.328441858291626,,,,1.5,,,,,,,,,
13000000,3250,0.0,,1.4375884532928467,,,,0.0,,,,,,,,,
13004000,3251,2.375,,1.3782107830047607,,,,2.375,,,,,,,,,
13008000,3252,0.75,,1.3491730690002441,,,,0.75,,,,,,,,,
13012000,3253,0.25,,1.2286381721496582,,,,0.25,,,,,,,,,
13016000,3254,0.5,,1.1978440284729004,,,,0.5,,,,,,,,,
13020000,3255,0.125,,1.2331806421279907,,,,0.125,,,,,,,,,
13024000,3256,0.75,,1.1605908870697021,,,,0.75,,,,,,,,,
13028000,3257,0.25,,1.1578559875488281,,,,0.25,,,,,,,,,
13032000,3258,1.625,,1.150904893875122,,,,1.625,,,,,,,,,
13036000,3259,1.125,,1.1606159210205078,,,,1.125,,,,,,,,,
13040000,3260,0.875,,1.0623300075531006,,,,0.875,,,,,,,,,
13044000,3261,0.875,,1.0854003429412842,,,,0.875,,,,,,,,,
13048000,3262,0.875,,1.1483895778656006,,,,0.875,,,,,,,,,
13052000,3263,1.125,,1.251868486404419,,,,1.125,,,,,,,,,
13056000,3264,0.0,,1.3335069417953491,,,,0.0,,,,,,,,,
13060000,3265,1.125,,1.1715502738952637,,,,1.125,,,,,,,,,
13064000,3266,0.75,,1.0466747283935547,,,,0.75,,,,,,,,,
13068000,3267,0.375,,1.2013219594955444,,,,0.375,,,,,,,,,
13072000,3268,0.0,,1.118386149406433,,,,0.0,,,,,,,,,
13076000,3269,0.375,,1.0834095478057861,,,,0.375,,,,,,,,,
13080000,3270,0.5,,0.9984102845191956,,,,0.5,,,,,,,,,
13084000,3271,0.375,,1.063570261001587,,,,0.375,,,,,,,,,
13088000,3272,1.375,,1.0500397682189941,,,,1.375,,,,,,,,,
13092000,3273,1.0,,1.020540714263916,,,,1.0,,,,,,,,,
13096000,3274,0.625,,1.069859504699707,,,,0.625,,,,,,,,,
13100000,3275,1.125,,1.0061235427856445,,,,1.125,,,,,,,,,
13104000,3276,1.5,,0.9537031650543213,,,,1.5,,,,,,,,,
13108000,3277,1.0,,0.9714903831481934,,,,1.0,,,,,,,,,
13112000,3278,1.125,,0.9665001034736633,,,,1.125,,,,,,,,,
13116000,3279,0.625,,1.0271639823913574,,,,0.625,,,,,,,,,
13120000,3280,1.375,,0.9732107520103455,,,,1.375,,,,,,,,,
13124000,3281,1.375,,0.9977594017982483,,,,1.375,,,,,,,,,
13128000,3282,1.5,,1.0372090339660645,,,,1.5,,,,,,,,,
13132000,3283,3.375,,0.9779260754585266,,,,3.375,,,,,,,,,
13136000,3284,0.875,,0.9473293423652649,,,,0.875,,,,,,,,,
13140000,3285,0.5,,1.0280462503433228,,,,0.5,,,,,,,,,
13144000,3286,0.75,,0.8886129856109619,,,,0.75,,,,,,,,,
13148000,3287,1.375,,0.8995288014411926,,,,1.375,,,,,,,,,
13152000,3288,1.25,,0.7901500463485718,,,,1.25,,,,,,,,,
13156000,3289,1.0,,0.857516348361969,,,,1.0,,,,,,,,,
13160000,3290,3.0,,0.8630598187446594,,,,3.0,,,,,,,,,
13164000,3291,3.5,,0.8565459847450256,,,,3.5,,,,,,,,,
13168000,3292,1.875,,0.8462547063827515,,,,1.875,,,,,,,,,
13172000,3293,2.5,,0.8545166254043579,,,,2.5,,,,,,,,,
13176000,3294,0.875,,0.9133999347686768,,,,0.875,,,,,,,,,
13180000,3295,0.875,,0.8490393161773682,,,,0.875,,,,,,,,,
13184000,3296,0.875,,0.8041641116142273,,,,0.875,,,,,,,,,
13188000,3297,0.875,,0.8691487908363342,,,,0.875,,,,,,,,,
13192000,3298,1.0,,0.745506227016449,,,,1.0,,,,,,,,,
13196000,3299,0.375,,0.741113543510437,,,,0.375,,,,,,,,,
13200000,3300,1.875,,0.8219277262687683,,,,1.875,,,,,,,,,
13204000,3301,3.125,,0.8122950792312622,,,,3.125,,,,,,,,,
13208000,3302,3.0,,0.8005852699279785,,,,3.0,,,,,,,,,
13212000,3303,2.75,,0.8626501560211182,,,,2.75,,,,,,,,,
13216000,3304,1.875,,0.8488156795501709,,,,1.875,,,,,,,,,
13220000,3305,1.375,,0.8396745324134827,,,,1.375,,,,,,,,,
13224000,3306,0.5,,0.7193522453308105,,,,0.5,,,,,,,,,
13228000,3307,0.375,,0.7588526010513306,,,,0.375,,,,,,,,,
13232000,3308,1.875,,0.8528621196746826,,,,1.875,,,,,,,,,
13236000,3309,0.875,,0.6900707483291626,,,,0.875,,,,,,,,,
13240000,3310,2.5,,0.7896114587783813,,,,2.5,,,,,,,,,
13244000,3311,1.125,,0.7443631887435913,,,,1.125,,,,,,,,,
13248000,3312,1.875,,0.6838364601135254,,,,1.875,,,,,,,,,
13252000,3313,1.375,,0.7267377972602844,,,,1.375,,,,,,,,,
13256000,3314,2.0,,0.7048264145851135,,,,2.0,,,,,,,,,
13260000,3315,0.5,,0.6994346380233765,,,,0.5,,,,,,,,,
13264000,3316,1.25,,0.7571427226066589,,,,1.25,,,,,,,,,
13268000,3317,0.375,,0.7027310132980347,,,,0.375,,,,,,,,,
13272000,3318,0.5,,0.6729736328125,,,,0.5,,,,,,,,,
13276000,3319,0.5,,0.6444258093833923,,,,0.5,,,,,,,,,
13280000,3320,1.125,,0.7185413241386414,,,,1.125,,,,,,,,,
13284000,3321,0.375,,0.6557872295379639,,,,0.375,,,,,,,,,
13288000,3322,1.0,,0.6967213749885559,,,,1.0,,,,,,,,,
13292000,3323,1.75,,0.749168872833252,,,,1.75,,,,,,,,,
13296000,3324,1.75,,0.6525747179985046,,,,1.75,,,,,,,,,
13300000,3325,1.125,,0.6293075084686279,,,,1.125,,,,,,,,,
13304000,3326,1.25,,0.5814051628112793,,,,1.25,,,,,,,,,
13308000,3327,0.875,,0.6032264232635498,,,,0.875,,,,,,,,,
13312000,3328,1.125,,0.6818698644638062,,,,1.125,,,,,,,,,
13316000,3329,1.75,,0.6069368124008179,,,,1.75,,,,,,,,,
13320000,3330,0.625,,0.5948810577392578,,,,0.625,,,,,,,,,
13324000,3331,1.5,,0.6435155272483826,,,,1.5,,,,,,,,,
13328000,3332,0.625,,0.6482088565826416,,,,0.625,,,,,,,,,
13332000,3333,1.625,,0.6565741896629333,,,,1.625,,,,,,,,,
13336000,3334,2.375,,0.6476138234138489,,,,2.375,,,,,,,,,
13340000,3335,1.375,,0.6551951766014099,,,,1.375,,,,,,,,,
13344000,3336,1.375,,0.6438868641853333,,,,1.375,,,,,,,,,
13348000,3337,1.25,,0.6324964165687561,,,,1.25,,,,,,,,,
13352000,3338,0.875,,0.6290930509567261,,,,0.875,,,,,,,,,
13356000,3339,1.0,,0.6664595007896423,,,,1.0,,,,,,,,,
13360000,3340,0.875,,0.610058605670929,,,,0.875,,,,,,,,,
13364000,3341,0.375,,0.5909721851348877,,,,0.375,,,,,,,,,
13368000,3342,1.5,,0.6009101271629333,,,,1.5,,,,,,,,,
13372000,3343,1.75,,0.6006526350975037,,,,1.75,,,,,,,,,
13376000,3344,1.375,,0.5682689547538757,,,,1.375,,,,,,,,,
13380000,3345,2.375,,0.6042189002037048,,,,2.375,,,,,,,,,
13384000,3346,2.25,,0.5976601839065552,,,,2.25,,,,,,,,,
13388000,3347,2.0,,0.5642947554588318,,,,2.0,,,,,,,,,
13392000,3348,1.625,,0.5199310779571533,,,,1.625,,,,,,,,,
13396000,3349,1.75,,0.575043797492981,,,,1.75,,,,,,,,,
13400000,3350,1.125,,0.5924636125564575,,,,1.125,,,,,,,,,
13404000,3351,1.25,,0.6177701950073242,,,,1.25,,,,,,,,,
13408000,3352,0.375,,0.5772876739501953,,,,0.375,,,,,,,,,
13412000,3353,0.75,,0.648900032043457,,,,0.75,,,,,,,,,
13416000,3354,1.75,,0.6500624418258667,,,,1.75,,,,,,,,,
13420000,3355,1.625,,0.676314115524292,,,,1.625,,,,,,,,,
13424000,3356,2.75,,0.6726254224777222,,,,2.75,,,,,,,,,
13428000,3357,0.875,,0.6143332719802856,,,,0.875,,,,,,,,,
13432000,3358,1.375,,0.6144813299179077,,,,1.375,,,,,,,,,
13436000,3359,1.25,,0.5870429873466492,,,,1.25,,,,,,,,,
13440000,3360,0.375,,0.5972539782524109,,,,0.375,,,,,,,,,
13444000,3361,0.625,,0.5998024344444275,,,,0.625,,,,,,,,,
13448000,3362,0.5,,0.6689391136169434,,,,0.5,,,,,,,,,
13452000,3363,1.0,,0.5672867894172668,,,,1.0,,,,,,,,,
13456000,3364,0.5,,0.559145450592041,,,,0.5,,,,,,,,,
13460000,3365,0.375,,0.5827351808547974,,,,0.375,,,,,,,,,
13464000,3366,0.625,,0.5530176162719727,,,,0.625,,,,,,,,,
13468000,3367,1.75,,0.5543630123138428,,,,1.75,,,,,,,,,
13472000,3368,0.375,,0.591911792755127,,,,0.375,,,,,,,,,
13476000,3369,1.75,,0.5452759265899658,,,,1.75,,,,,,,,,
13480000,3370,0.75,,0.5859977006912231,,,,0.75,,,,,,,,,
13484000,3371,1.5,,0.5459625124931335,,,,1.5,,,,,,,,,
13488000,3372,1.375,,0.5222750306129456,,,,1.375,,,,,,,,,
13492000,3373,2.125,,0.5243949890136719,,,,2.125,,,,,,,,,
13496000,3374,1.5,,0.5400816202163696,,,,1.5,,,,,,,,,
13500000,3375,1.375,,0.564294159412384,,,,1.375,,,,,,,,,
13504000,3376,1.0,,0.5182461738586426,,,,1.0,,,,,,,,,
13508000,3377,1.375,,0.5386168360710144,,,,1.375,,,,,,,,,
13512000,3378,1.75,,0.6284627318382263,,,,1.75,,,,,,,,,
13516000,3379,1.5,,0.6112754344940186,,,,1.5,,,,,,,,,
13520000,3380,1.875,,0.6069597005844116,,,,1.875,,,,,,,,,
13524000,3381,3.375,,0.6392960548400879,,,,3.375,,,,,,,,,
13528000,3382,2.0,,0.5929545760154724,,,,2.0,,,,,,,,,
13532000,3383,3.25,,0.6025282144546509,,,,3.25,,,,,,,,,
13536000,3384,2.375,,0.5932393074035645,,,,2.375,,,,,,,,,
13540000,3385,2.25,,0.5572751760482788,,,,2.25,,,,,,,,,
13544000,3386,1.25,,0.5958758592605591,,,,1.25,,,,,,,,,
13548000,3387,1.875,,0.6376618146896362,,,,1.875,,,,,,,,,
13552000,3388,2.0,,0.5832422375679016,,,,2.0,,,,,,,,,
13556000,3389,0.875,,0.6059048175811768,,,,0.875,,,,,,,,,
13560000,3390,1.0,,0.6536743640899658,,,,1.0,,,,,,,,,
13564000,3391,0.75,,0.6383168697357178,,,,0.75,,,,,,,,,
13568000,3392,1.5,,0.643372654914856,,,,1.5,,,,,,,,,
13572000,3393,2.25,,0.5654712915420532,,,,2.25,,,,,,,,,
13576000,3394,2.625,,0.6683571934700012,,,,2.625,,,,,,,,,
13580000,3395,2.0,,0.6446964144706726,,,,2.0,,,,,,,,,
13584000,3396,3.5,,0.6166098117828369,,,,3.5,,,,,,,,,
13588000,3397,2.375,,0.6880519390106201,,,,2.375,,,,,,,,,
13592000,3398,2.125,,0.6370304226875305,,,,2.125,,,,,,,,,
13596000,3399,1.25,,0.7024096250534058,,,,1.25,,,,,,,,,
13600000,3400,0.875,,0.6685651540756226,,,,0.875,,,,,,,,,
13604000,3401,1.125,,0.6942676901817322,,,,1.125,,,,,,,,,
13608000,3402,0.5,,0.6554898619651794,,,,0.5,,,,,,,,,
13612000,3403,1.0,,0.7067520618438721,,,,1.0,,,,,,,,,
13616000,3404,0.625,,0.6903349161148071,,,,0.625,,,,,,,,,
13620000,3405,2.0,,0.6547482013702393,,,,2.0,,,,,,,,,
13624000,3406,2.25,,0.6878506541252136,,,,2.25,,,,,,,,,
13628000,3407,0.875,,0.6524533629417419,,,,0.875,,,,,,,,,
13632000,3408,1.75,,0.6783864498138428,,,,1.75,,,,,,,,,
13636000,3409,0.375,,0.6934554576873779,,,,0.375,,,,,,,,,
13640000,3410,0.625,,0.7097280025482178,,,,0.625,,,,,,,,,
13644000,3411,0.75,,0.7513207793235779,,,,0.75,,,,,,,,,
13648000,3412,0.25,,0.7209295630455017,,,,0.25,,,,,,,,,
13652000,3413,0.375,,0.7352473735809326,,,,0.375,,,,,,,,,
13656000,3414,0.75,,0.7196412086486816,,,,0.75,,,,,,,,,
13660000,3415,0.25,,0.7093956470489502,,,,0.25,,,,,,,,,
13664000,3416,1.0,,0.6391206979751587,,,,1.0,,,,,,,,,
13668000,3417,0.0,,0.6051799058914185,,,,0.0,,,,,,,,,
13672000,3418,1.25,,0.659639835357666,,,,1.25,,,,,,,,,
13676000,3419,0.25,,0.6207733750343323,,,,0.25,,,,,,,,,
13680000,3420,1.5,,0.6066316366195679,,,,1.5,,,,,,,,,
13684000,3421,0.125,,0.6366934776306152,,,,0.125,,,,,,,,,
13688000,3422,1.25,,0.6567093133926392,,,,1.25,,,,,,,,,
13692000,3423,0.875,,0.599448561668396,,,,0.875,,,,,,,,,
13696000,3424,1.125,,0.6030781865119934,,,,1.125,,,,,,,,,
13700000,3425,0.5,,0.5793155431747437,,,,0.5,,,,,,,,,
13704000,3426,0.75,,0.6784389615058899,,,,0.75,,,,,,,,,
13708000,3427,1.375,,0.6324930191040039,,,,1.375,,,,,,,,,
13712000,3428,1.125,,0.5743280649185181,,,,1.125,,,,,,,,,
13716000,3429,1.875,,0.585290253162384,,,,1.875,,,,,,,,,
13720000,3430,2.375,,0.5197632312774658,,,,2.375,,,,,,,,,
13724000,3431,3.75,,0.5799059271812439,,,,3.75,,,,,,,,,
13728000,3432,2.875,,0.585577130317688,,,,2.875,,,,,,,,,
13732000,3433,2.875,,0.571273684501648,,,,2.875,,,,,,,,,
13736000,3434,1.25,,0.5927598476409912,,,,1.25,,,,,,,,,
13740000,3435,2.125,,0.6542198657989502,,,,2.125,,,,,,,,,
13744000,3436,2.5,,0.60999596118927,,,,2.5,,,,,,,,,
13748000,3437,1.25,,0.6477998495101929,,,,1.25,,,,,,,,,
13752000,3438,2.0,,0.6436134576797485,,,,2.0,,,,,,,,,
13756000,3439,1.375,,0.6527097225189209,,,,1.375,,,,,,,,,
13760000,3440,0.625,,0.5641142129898071,,,,0.625,,,,,,,,,
13764000,3441,0.0,,0.6249815821647644,,,,0.0,,,,,,,,,
13768000,3442,0.25,,0.6497365236282349,,,,0.25,,,,,,,,,
13772000,3443,0.125,,0.7219798564910889,,,,0.125,,,,,,,,,
13776000,3444,0.125,,0.7526096105575562,,,,0.125,,,,,,,,,
13780000,3445,0.0,,0.9807437658309937,,,,0.0,,,,,,,,,
13784000,3446,0.125,,1.0997471809387207,,,,0.125,,,,,,,,,
13788000,3447,1.0,,1.2951544523239136,,,,1.0,,,,,,,,,
13792000,3448,0.75,,1.389420747756958,,,,0.75,,,,,,,,,
13796000,3449,0.25,,1.4460877180099487,,,,0.25,,,,,,,,,
13800000,3450,0.0,,1.4110004901885986,,,,0.0,,,,,,,,,
13804000,3451,0.0,,1.3801753520965576,,,,0.0,,,,,,,,,
13808000,3452,0.0,,1.374602198600769,,,,0.0,,,,,,,,,
13812000,3453,0.125,,1.316313624382019,,,,0.125,,,,,,,,,
13816000,3454,0.0,,1.3317248821258545,,,,0.0,,,,,,,,,
13820000,3455,0.375,,1.0779120922088623,,,,0.375,,,,,,,,,
13824000,3456,0.0,,0.9429454803466797,,,,0.0,,,,,,,,,
13828000,3457,0.25,,0.8557307720184326,,,,0.25,,,,,,,,,
13832000,3458,0.125,,0.7200460433959961,,,,0.125,,,,,,,,,
13836000,3459,0.125,,0.782487154006958,,,,0.125,,,,,,,,,
13840000,3460,0.125,,0.6510940790176392,,,,0.125,,,,,,,,,
13844000,3461,0.0,,0.6412440538406372,,,,0.0,,,,,,,,,
13848000,3462,0.0,,0.6228654384613037,,,,0.0,,,,,,,,,
13852000,3463,0.125,,0.5383079648017883,,,,0.125,,,,,,,,,
13856000,3464,0.125,,0.643925666809082,,,,0.125,,,,,,,,,
13860000,3465,0.0,,0.5868557095527649,,,,0.0,,,,,,,,,
13864000,3466,0.375,,0.5964195728302002,,,,0.375,,,,,,,,,
13868000,3467,0.375,,0.5533035397529602,,,,0.375,,,,,,,,,
13872000,3468,0.125,,0.5582417845726013,,,,0.125,,,,,,,,,
13876000,3469,0.25,,0.5668865442276001,,,,0.25,,,,,,,,,
13880000,3470,0.0,,0.5522243976593018,,,,0.0,,,,,,,,,
13884000,3471,0.0,,0.5903217792510986,,,,0.0,,,,,,,,,
13888000,3472,0.0,,0.49953022599220276,,,,0.0,,,,,,,,,
13892000,3473,0.0,,0.4753252863883972,,,,0.0,,,,,,,,,
13896000,3474,0.25,,0.5647180676460266,,,,0.25,,,,,,,,,
13900000,3475,0.125,,0.5025522708892822,,,,0.125,,,,,,,,,
13904000,3476,0.0,,0.494070440530777,,,,0.0,,,,,,,,,
13908000,3477,0.25,,0.47215521335601807,,,,0.25,,,,,,,,,
13912000,3478,0.0,,0.5171933174133301,,,,0.0,,,,,,,,,
13916000,3479,0.25,,0.5499193668365479,,,,0.25,,,,,,,,,
13920000,3480,0.0,,0.4494864344596863,,,,0.0,,,,,,,,,
13924000,3481,0.625,,0.5334280729293823,,,,0.625,,,,,,,,,
13928000,3482,0.25,,0.47473981976509094,,,,0.25,,,,,,,,,
13932000,3483,0.25,,0.47264426946640015,,,,0.25,,,,,,,,,
13936000,3484,0.875,,0.47395414113998413,,,,0.875,,,,,,,,,
13940000,3485,0.875,,0.3966268301010132,,,,0.875,,,,,,,,,
13944000,3486,0.75,,0.43713194131851196,,,,0.75,,,,,,,,,
13948000,3487,0.5,,0.4743714928627014,,,,0.5,,,,,,,,,
13952000,3488,1.5,,0.4240162968635559,,,,1.5,,,,,,,,,
13956000,3489,1.375,,0.5012943744659424,,,,1.375,,,,,,,,,
13960000,3490,1.625,,0.4768276810646057,,,,1.625,,,,,,,,,
13964000,3491,2.25,,0.5400518178939819,,,,2.25,,,,,,,,,
13968000,3492,2.0,,0.5179190635681152,,,,2.0,,,,,,,,,
13972000,3493,1.875,,0.4892686903476715,,,,1.875,,,,,,,,,
13976000,3494,2.625,,0.43929967284202576,,,,2.625,,,,,,,,,
13980000,3495,1.625,,0.5085110664367676,,,,1.625,,,,,,,,,
13984000,3496,1.75,,0.42439284920692444,,,,1.75,,,,,,,,,
13988000,3497,2.75,,0.5032321810722351,,,,2.75,,,,,,,,,
13992000,3498,2.5,,0.48373764753341675,,,,2.5,,,,,,,,,
13996000,3499,1.75,,0.5768009424209595,,,,1.75,,,,,,,,,
14000000,3500,2.0,,0.5964336395263672,,,,2.0,,,,,,,,,
14004000,3501,1.875,,0.5167827010154724,,,,1.875,,,,,,,,,
14008000,3502,1.875,,0.49547481536865234,,,,1.875,,,,,,,,,
14012000,3503,2.25,,0.5227929353713989,,,,2.25,,,,,,,,,
14016000,3504,2.5,,0.5539852380752563,,,,2.5,,,,,,,,,
14020000,3505,2.375,,0.5471866130828857,,,,2.375,,,,,,,,,
14024000,3506,2.375,,0.4597953259944916,,,,2.375,,,,,,,,,
14028000,3507,2.625,,0.5388137698173523,,,,2.625,,,,,,,,,
14032000,3508,2.0,,0.510642409324646,,,,2.0,,,,,,,,,
14036000,3509,2.5,,0.5603724718093872,,,,2.5,,,,,,,,,
14040000,3510,2.75,,0.5508878231048584,,,,2.75,,,,,,,,,
14044000,3511,1.75,,0.5062767267227173,,,,1.75,,,,,,,,,
14048000,3512,1.5,,0.5231029391288757,,,,1.5,,,,,,,,,
14052000,3513,1.125,,0.4922277331352234,,,,1.125,,,,,,,,,
14056000,3514,1.0,,0.5816655158996582,,,,1.0,,,,,,,,,
14060000,3515,0.75,,0.5559163093566895,,,,0.75,,,,,,,,,
14064000,3516,1.25,,0.5016244649887085,,,,1.25,,,,,,,,,
14068000,3517,1.5,,0.5659013390541077,,,,1.5,,,,,,,,,
14072000,3518,1.125,,0.5285934209823608,,,,1.125,,,,,,,,,
14076000,3519,1.625,,0.581924557685852,,,,1.625,,,,,,,,,
14080000,3520,1.25,,0.5529370307922363,,,,1.25,,,,,,,,,
14084000,3521,2.25,,0.515047013759613,,,,2.25,,,,,,,,,
14088000,3522,1.5,,0.5273402333259583,,,,1.5,,,,,,,,,
14092000,3523,2.25,,0.5509125590324402,,,,2.25,,,,,,,,,
14096000,3524,1.75,,0.5588375329971313,,,,1.75,,,,,,,,,
14100000,3525,1.75,,0.4855016767978668,,,,1.75,,,,,,,,,
14104000,3526,1.75,,0.5685631036758423,,,,1.75,,,,,,,,,
14108000,3527,2.25,,0.4842222034931183,,,,2.25,,,,,,,,,
14112000,3528,1.5,,0.5477904677391052,,,,1.5,,,,,,,,,
14116000,3529,2.5,,0.4650399088859558,,,,2.5,,,,,,,,,
14120000,3530,2.625,,0.48013070225715637,,,,2.625,,,,,,,,,
14124000,3531,1.875,,0.5175480842590332,,,,1.875,,,,,,,,,
14128000,3532,2.75,,0.43584227561950684,,,,2.75,,,,,,,,,
14132000,3533,1.0,,0.49502816796302795,,,,1.0,,,,,,,,,
14136000,3534,2.125,,0.5100088119506836,,,,2.125,,,,,,,,,
14140000,3535,1.375,,0.5195344686508179,,,,1.375,,,,,,,,,
14144000,3536,1.5,,0.49355024099349976,,,,1.5,,,,,,,,,
14148000,3537,2.125,,0.5210255980491638,,,,2.125,,,,,,,,,
14152000,3538,2.0,,0.6032938957214355,,,,2.0,,,,,,,,,
14156000,3539,2.5,,0.5260670185089111,,,,2.5,,,,,,,,,
14160000,3540,2.25,,0.4926140308380127,,,,2.25,,,,,,,,,
14164000,3541,2.875,,0.5435469746589661,,,,2.875,,,,,,,,,
14168000,3542,1.5,,0.5448709726333618,,,,1.5,,,,,,,,,
14172000,3543,2.625,,0.5387600660324097,,,,2.625,,,,,,,,,
14176000,3544,2.5,,0.5751363039016724,,,,2.5,,,,,,,,,
14180000,3545,2.25,,0.606052041053772,,,,2.25,,,,,,,,,
14184000,3546,3.375,,0.5997082591056824,,,,3.375,,,,,,,,,
14188000,3547,3.25,,0.6315362453460693,,,,3.25,,,,,,,,,
14192000,3548,3.5,,0.6247716546058655,,,,3.5,,,,,,,,,
14196000,3549,2.25,,0.54689621925354,,,,2.25,,,,,,,,,
14200000,3550,3.125,,0.6447004675865173,,,,3.125,,,,,,,,,
14204000,3551,2.625,,0.6731303930282593,,,,2.625,,,,,,,,,
14208000,3552,3.5,,0.6575126647949219,,,,3.5,,,,,,,,,
14212000,3553,3.75,,0.6448204517364502,,,,3.75,,,,,,,,,
14216000,3554,3.75,,0.593255877494812,,,,3.75,,,,,,,,,
14220000,3555,3.375,,0.6875146627426147,,,,3.375,,,,,,,,,
14224000,3556,3.625,,0.6183842420578003,,,,3.625,,,,,,,,,
14228000,3557,3.875,,0.6698283553123474,,,,3.875,,,,,,,,,
14232000,3558,3.75,,0.7091529369354248,,,,3.75,,,,,,,,,
14236000,3559,3.75,,0.6045976877212524,,,,3.75,,,,,,,,,
14240000,3560,4.0,,0.6756342649459839,,,,4.0,,,,,,,,,
14244000,3561,4.25,,0.7098232507705688,,,,4.25,,,,,,,,,
14248000,3562,3.625,,0.7030194997787476,,,,3.625,,,,,,,,,
14252000,3563,3.625,,0.6581261157989502,,,,3.625,,,,,,,,,
14256000,3564,4.125,,0.6665351390838623,,,,4.125,,,,,,,,,
14260000,3565,3.875,,0.7288843393325806,,,,3.875,,,,,,,,,
14264000,3566,4.125,,0.7428570985794067,,,,4.125,,,,,,,,,
14268000,3567,4.0,,0.6763243675231934,,,,4.0,,,,,,,,,
14272000,3568,3.375,,0.8051199913024902,,,,3.375,,,,,,,,,
14276000,3569,3.75,,0.7253223657608032,,,,3.75,,,,,,,,,
14280000,3570,4.0,,0.7180564403533936,,,,4.0,,,,,,,,,
14284000,3571,3.125,,0.7402557730674744,,,,3.125,,,,,,,,,
14288000,3572,3.5,,0.7474058270454407,,,,3.5,,,,,,,,,
14292000,3573,3.25,,0.8175899386405945,,,,3.25,,,,,,,,,
14296000,3574,2.625,,0.8022780418395996,,,,2.625,,,,,,,,,
14300000,3575,2.875,,0.7772632837295532,,,,2.875,,,,,,,,,
14304000,3576,2.625,,0.8000278472900391,,,,2.625,,,,,,,,,
14308000,3577,2.875,,0.785641074180603,,,,2.875,,,,,,,,,
14312000,3578,3.375,,0.8371098041534424,,,,3.375,,,,,,,,,
14316000,3579,3.375,,0.8835946321487427,,,,3.375,,,,,,,,,
14320000,3580,3.0,,0.8594223260879517,,,,3.0,,,,,,,,,
14324000,3581,3.875,,0.8492574691772461,,,,3.875,,,,,,,,,
14328000,3582,3.375,,0.8655751943588257,,,,3.375,,,,,,,,,
14332000,3583,3.0,,0.8837682008743286,,,,3.0,,,,,,,,,
14336000,3584,3.375,,0.893008828163147,,,,3.375,,,,,,,,,
14340000,3585,3.375,,0.8945813179016113,,,,3.375,,,,,,,,,
14344000,3586,3.625,,0.9832136631011963,,,,3.625,,,,,,,,,
14348000,3587,3.625,,0.9872325658798218,,,,3.625,,,,,,,,,
14352000,3588,2.25,,0.9340648651123047,,,,2.25,,,,,,,,,
14356000,3589,3.625,,0.9759612083435059,,,,3.625,,,,,,,,,
14360000,3590,3.5,,0.9283000230789185,,,,3.5,,,,,,,,,
14364000,3591,3.625,,0.9153106212615967,,,,3.625,,,,,,,,,
14368000,3592,3.5,,0.88962721824646,,,,3.5,,,,,,,,,
14372000,3593,3.25,,0.9408526420593262,,,,3.25,,,,,,,,,
14376000,3594,3.5,,1.0147937536239624,,,,3.5,,,,,,,,,
14380000,3595,3.5,,0.918070375919342,,,,3.5,,,,,,,,,
14384000,3596,3.125,,1.0818979740142822,,,,3.125,,,,,,,,,
14388000,3597,2.875,,0.9415178298950195,,,,2.875,,,,,,,,,
14392000,3598,3.125,,0.9323366284370422,,,,3.125,,,,,,,,,
14396000,3599,2.625,,0.9679419994354248,,,,2.625,,,,,,,,,
14400000,3600,3.25,,1.1319150924682617,,,,3.25,,,,,,,,,
14404000,3601,4.0,,0.9991313219070435,,,,4.0,,,,,,,,,
14408000,3602,2.75,,1.0701481103897095,,,,2.75,,,,,,,,,
14412000,3603,3.625,,1.1030220985412598,,,,3.625,,,,,,,,,
14416000,3604,4.0,,1.128668189048767,,,,4.0,,,,,,,,,
14420000,3605,2.75,,1.099185824394226,,,,2.75,,,,,,,,,
14424000,3606,3.25,,1.0676101446151733,,,,3.25,,,,,,,,,
14428000,3607,3.25,,1.1216652393341064,,,,3.25,,,,,,,,,
14432000,3608,2.75,,1.1178758144378662,,,,2.75,,,,,,,,,
14436000,3609,3.5,,1.1437469720840454,,,,3.5,,,,,,,,,
14440000,3610,2.875,,1.1463180780410767,,,,2.875,,,,,,,,,
14444000,3611,3.375,,1.1690444946289062,,,,3.375,,,,,,,,,
14448000,3612,3.5,,1.1632448434829712,,,,3.5,,,,,,,,,
14452000,3613,3.375,,1.1671483516693115,,,,3.375,,,,,,,,,
14456000,3614,3.25,,1.2463679313659668,,,,3.25,,,,,,,,,
14460000,3615,3.125,,1.138096809387207,,,,3.125,,,,,,,,,
14464000,3616,3.625,,1.2466245889663696,,,,3.625,,,,,,,,,
14468000,3617,3.0,,1.1469751596450806,,,,3.0,,,,,,,,,
14472000,3618,2.0,,1.1671714782714844,,,,2.0,,,,,,,,,
14476000,3619,3.375,,1.1465625762939453,,,,3.375,,,,,,,,,
14480000,3620,2.5,,1.1388858556747437,,,,2.5,,,,,,,,,
14484000,3621,3.25,,1.1427617073059082,,,,3.25,,,,,,,,,
14488000,3622,2.625,,1.2063424587249756,,,,2.625,,,,,,,,,
14492000,3623,3.375,,1.194347858428955,,,,3.375,,,,,,,,,
14496000,3624,3.0,,1.1955294609069824,,,,3.0,,,,,,,,,
14500000,3625,2.625,,1.1604464054107666,,,,2.625,,,,,,,,,
14504000,3626,3.125,,1.2079218626022339,,,,3.125,,,,,,,,,
14508000,3627,2.5,,1.140385389328003,,,,2.5,,,,,,,,,
14512000,3628,2.75,,1.1664897203445435,,,,2.75,,,,,,,,,
14516000,3629,3.25,,1.216875433921814,,,,3.25,,,,,,,,,
14520000,3630,3.375,,1.2043156623840332,,,,3.375,,,,,,,,,
14524000,3631,3.5,,1.2452890872955322,,,,3.5,,,,,,,,,
14528000,3632,3.625,,1.2501671314239502,,,,3.625,,,,,,,,,
14532000,3633,3.375,,1.2142707109451294,,,,3.375,,,,,,,,,
14536000,3634,4.0,,1.2124927043914795,,,,4.0,,,,,,,,,
14540000,3635,3.0,,1.2195321321487427,,,,3.0,,,,,,,,,
14544000,3636,3.625,,1.2268136739730835,,,,3.625,,,,,,,,,
14548000,3637,3.375,,1.164724349975586,,,,3.375,,,,,,,,,
14552000,3638,3.625,,1.2629919052124023,,,,3.625,,,,,,,,,
14556000,3639,3.625,,1.2511122226715088,,,,3.625,,,,,,,,,
14560000,3640,3.125,,1.2487399578094482,,,,3.125,,,,,,,,,
14564000,3641,3.5,,1.3481937646865845,,,,3.5,,,,,,,,,
14568000,3642,3.625,,1.307173252105713,,,,3.625,,,,,,,,,
14572000,3643,4.0,,1.2840451002120972,,,,4.0,,,,,,,,,
14576000,3644,4.0,,1.3593025207519531,,,,4.0,,,,,,,,,
14580000,3645,4.0,,1.2628259658813477,,,,4.0,,,,,,,,,
14584000,3646,3.75,,1.3064625263214111,,,,3.75,,,,,,,,,
14588000,3647,3.625,,1.2852692604064941,,,,3.625,,,,,,,,,
14592000,3648,3.75,,1.230513572692871,,,,3.75,,,,,,,,,
14596000,3649,2.75,,1.2745239734649658,,,,2.75,,,,,,,,,
14600000,3650,2.375,,1.350542426109314,,,,2.375,,,,,,,,,
14604000,3651,4.125,,1.313338041305542,,,,4.125,,,,,,,,,
14608000,3652,4.125,,1.3004926443099976,,,,4.125,,,,,,,,,
14612000,3653,4.375,,1.3494694232940674,,,,4.375,,,,,,,,,
14616000,3654,4.0,,1.2959355115890503,,,,4.0,,,,,,,,,
14620000,3655,3.375,,1.2902064323425293,,,,3.375,,,,,,,,,
14624000,3656,3.875,,1.3335113525390625,,,,3.875,,,,,,,,,
14628000,3657,4.0,,1.3524713516235352,,,,4.0,,,,,,,,,
14632000,3658,3.75,,1.3166658878326416,,,,3.75,,,,,,,,,
14636000,3659,3.75,,1.3817970752716064,,,,3.75,,,,,,,,,
14640000,3660,3.875,,1.3871111869812012,,,,3.875,,,,,,,,,
14644000,3661,4.25,,1.4267888069152832,,,,4.25,,,,,,,,,
14648000,3662,3.375,,1.3656272888183594,,,,3.375,,,,,,,,,
14652000,3663,3.0,,1.4446847438812256,,,,3.0,,,,,,,,,
14656000,3664,2.375,,1.373429775238037,,,,2.375,,,,,,,,,
14660000,3665,2.0,,1.4694384336471558,,,,2.0,,,,,,,,,
14664000,3666,2.25,,1.399308204650879,,,,2.25,,,,,,,,,
14668000,3667,2.25,,1.3705246448516846,,,,2.25,,,,,,,,,
14672000,3668,2.875,,1.3951178789138794,,,,2.875,,,,,,,,,
14676000,3669,3.375,,1.3804841041564941,,,,3.375,,,,,,,,,
14680000,3670,3.875,,1.420546054840088,,,,3.875,,,,,,,,,
14684000,3671,4.875,,1.401355266571045,,,,4.875,,,,,,,,,
14688000,3672,4.0,,1.368512749671936,,,,4.0,,,,,,,,,
14692000,3673,3.875,,1.4358439445495605,,,,3.875,,,,,,,,,
14696000,3674,4.125,,1.4057610034942627,,,,4.125,,,,,,,,,
14700000,3675,4.125,,1.442382574081421,,,,4.125,,,,,,,,,
14704000,3676,4.0,,1.418971061706543,,,,4.0,,,,,,,,,
14708000,3677,3.375,,1.407841682434082,,,,3.375,,,,,,,,,
14712000,3678,4.25,,1.4293678998947144,,,,4.25,,,,,,,,,
14716000,3679,3.75,,1.4096890687942505,,,,3.75,,,,,,,,,
14720000,3680,4.0,,1.4386215209960938,,,,4.0,,,,,,,,,
14724000,3681,3.875,,1.4028477668762207,,,,3.875,,,,,,,,,
14728000,3682,3.625,,1.376438021659851,,,,3.625,,,,,,,,,
14732000,3683,3.75,,1.4677066802978516,,,,3.75,,,,,,,,,
14736000,3684,4.25,,1.397964596748352,,,,4.25,,,,,,,,,
14740000,3685,3.375,,1.4549025297164917,,,,3.375,,,,,,,,,
14744000,3686,4.75,,1.4143412113189697,,,,4.75,,,,,,,,,
14748000,3687,3.875,,1.4147670269012451,,,,3.875,,,,,,,,,
14752000,3688,4.0,,1.43674898147583,,,,4.0,,,,,,,,,
14756000,3689,4.125,,1.3941845893859863,,,,4.125,,,,,,,,,
14760000,3690,4.125,,1.4033452272415161,,,,4.125,,,,,,,,,
14764000,3691,4.5,,1.3969860076904297,,,,4.5,,,,,,,,,
14768000,3692,4.25,,1.3929356336593628,,,,4.25,,,,,,,,,
14772000,3693,4.25,,1.41017484664917,,,,4.25,,,,,,,,,
14776000,3694,3.0,,1.4324572086334229,,,,3.0,,,,,,,,,
14780000,3695,3.625,,1.415616750717163,,,,3.625,,,,,,,,,
14784000,3696,4.0,,1.3901937007904053,,,,4.0,,,,,,,,,
14788000,3697,3.875,,1.4048247337341309,,,,3.875,,,,,,,,,
14792000,3698,4.125,,1.4725010395050049,,,,4.125,,,,,,,,,
14796000,3699,4.0,,1.437045693397522,,,,4.0,,,,,,,,,
14800000,3700,4.5,,1.433509349822998,,,,4.5,,,,,,,,,
14804000,3701,3.5,,1.4652912616729736,,,,3.5,,,,,,,,,
14808000,3702,4.0,,1.3664605617523193,,,,4.0,,,,,,,,,
14812000,3703,3.625,,1.4157274961471558,,,,3.625,,,,,,,,,
14816000,3704,3.625,,1.3388638496398926,,,,3.625,,,,,,,,,
14820000,3705,4.0,,1.4380943775177002,,,,4.0,,,,,,,,,
14824000,3706,4.0,,1.4470161199569702,,,,4.0,,,,,,,,,
14828000,3707,4.25,,1.45285165309906,,,,4.25,,,,,,,,,
14832000,3708,4.25,,1.4459277391433716,,,,4.25,,,,,,,,,
14836000,3709,4.25,,1.4280003309249878,,,,4.25,,,,,,,,,
14840000,3710,4.0,,1.4359121322631836,,,,4.0,,,,,,,,,
14844000,3711,3.5,,1.4482346773147583,,,,3.5,,,,,,,,,
14848000,3712,3.875,,1.4358673095703125,,,,3.875,,,,,,,,,
14852000,3713,4.0,,1.4669756889343262,,,,4.0,,,,,,,,,
14856000,3714,4.125,,1.4831304550170898,,,,4.125,,,,,,,,,
14860000,3715,4.125,,1.4622204303741455,,,,4.125,,,,,,,,,
14864000,3716,3.75,,1.4618626832962036,,,,3.75,,,,,,,,,
14868000,3717,4.0,,1.4650688171386719,,,,4.0,,,,,,,,,
14872000,3718,4.25,,1.469327688217163,,,,4.25,,,,,,,,,
14876000,3719,4.5,,1.4278440475463867,,,,4.5,,,,,,,,,
14880000,3720,3.875,,1.4581413269042969,,,,3.875,,,,,,,,,
14884000,3721,4.625,,1.3802149295806885,,,,4.625,,,,,,,,,
14888000,3722,4.0,,1.4786299467086792,,,,4.0,,,,,,,,,
14892000,3723,3.375,,1.4841296672821045,,,,3.375,,,,,,,,,
14896000,3724,4.5,,1.4158294200897217,,,,4.5,,,,,,,,,
14900000,3725,5.0,,1.44136381149292,,,,5.0,,,,,,,,,
14904000,3726,3.875,,1.5014349222183228,,,,3.875,,,,,,,,,
14908000,3727,3.875,,1.518376111984253,,,,3.875,,,,,,,,,
14912000,3728,3.5,,1.5022563934326172,,,,3.5,,,,,,,,,
14916000,3729,4.0,,1.516098976135254,,,,4.0,,,,,,,,,
14920000,3730,4.125,,1.4800994396209717,,,,4.125,,,,,,,,,
14924000,3731,3.625,,1.5047481060028076,,,,3.625,,,,,,,,,
14928000,3732,3.375,,1.5540199279785156,,,,3.375,,,,,,,,,
14932000,3733,3.625,,1.4565101861953735,,,,3.625,,,,,,,,,
14936000,3734,4.25,,1.4410245418548584,,,,4.25,,,,,,,,,
14940000,3735,3.625,,1.4495543241500854,,,,3.625,,,,,,,,,
14944000,3736,3.75,,1.4465270042419434,,,,3.75,,,,,,,,,
14948000,3737,4.0,,1.5337390899658203,,,,4.0,,,,,,,,,
14952000,3738,3.75,,1.4961957931518555,,,,3.75,,,,,,,,,
14956000,3739,4.125,,1.4551547765731812,,,,4.125,,,,,,,,,
14960000,3740,4.0,,1.4651756286621094,,,,4.0,,,,,,,,,
14964000,3741,3.5,,1.5481268167495728,,,,3.5,,,,,,,,,
14968000,3742,3.875,,1.4577600955963135,,,,3.875,,,,,,,,,
14972000,3743,2.375,,1.5057528018951416,,,,2.375,,,,,,,,,
14976000,3744,3.5,,1.5227398872375488,,,,3.5,,,,,,,,,
14980000,3745,4.0,,1.4950370788574219,,,,4.0,,,,,,,,,
14984000,3746,4.0,,1.4918019771575928,,,,4.0,,,,,,,,,
14988000,3747,4.0,,1.49216890335083,,,,4.0,,,,,,,,,
14992000,3748,4.375,,1.4515762329101562,,,,4.375,,,,,,,,,
14996000,3749,4.375,,1.485151767730713,,,,4.375,,,,,,,,,
15000000,3750,4.75,,1.5107938051223755,,,,4.75,,,,,,,,,
15004000,3751,4.375,,1.491518259048462,,,,4.375,,,,,,,,,
15008000,3752,3.75,,1.528397560119629,,,,3.75,,,,,,,,,
15012000,3753,4.625,,1.4723660945892334,,,,4.625,,,,,,,,,
15016000,3754,4.125,,1.5770974159240723,,,,4.125,,,,,,,,,
15020000,3755,4.375,,1.4940392971038818,,,,4.375,,,,,,,,,
15024000,3756,4.5,,1.4959192276000977,,,,4.5,,,,,,,,,
15028000,3757,4.0,,1.5565797090530396,,,,4.0,,,,,,,,,
15032000,3758,4.125,,1.5541090965270996,,,,4.125,,,,,,,,,
15036000,3759,4.125,,1.50423264503479,,,,4.125,,,,,,,,,
15040000,3760,3.75,,1.5259983539581299,,,,3.75,,,,,,,,,
15044000,3761,4.5,,1.5397708415985107,,,,4.5,,,,,,,,,
15048000,3762,3.625,,1.5408456325531006,,,,3.625,,,,,,,,,
15052000,3763,3.625,,1.5193839073181152,,,,3.625,,,,,,,,,
15056000,3764,3.75,,1.6279860734939575,,,,3.75,,,,,,,,,
15060000,3765,4.375,,1.574845314025879,,,,4.375,,,,,,,,,
15064000,3766,5.0,,1.5484373569488525,,,,5.0,,,,,,,,,
15068000,3767,4.125,,1.6113691329956055,,,,4.125,,,,,,,,,
15072000,3768,4.0,,1.5645742416381836,,,,4.0,,,,,,,,,
15076000,3769,4.375,,1.535832166671753,,,,4.375,,,,,,,,,
15080000,3770,3.25,,1.5095725059509277,,,,3.25,,,,,,,,,
15084000,3771,4.125,,1.5636920928955078,,,,4.125,,,,,,,,,
15088000,3772,4.125,,1.5637375116348267,,,,4.125,,,,,,,,,
15092000,3773,3.625,,1.5573515892028809,,,,3.625,,,,,,,,,
15096000,3774,3.125,,1.5585825443267822,,,,3.125,,,,,,,,,
15100000,3775,3.875,,1.5540664196014404,,,,3.875,,,,,,,,,
15104000,3776,4.25,,1.594968318939209,,,,4.25,,,,,,,,,
15108000,3777,4.125,,1.5685033798217773,,,,4.125,,,,,,,,,
15112000,3778,4.5,,1.5966031551361084,,,,4.5,,,,,,,,,
15116000,3779,4.125,,1.529259204864502,,,,4.125,,,,,,,,,
15120000,3780,3.125,,1.5871407985687256,,,,3.125,,,,,,,,,
15124000,3781,4.25,,1.5401175022125244,,,,4.25,,,,,,,,,
15128000,3782,3.0,,1.598938226699829,,,,3.0,,,,,,,,,
15132000,3783,3.25,,1.531362771987915,,,,3.25,,,,,,,,,
15136000,3784,4.75,,1.619995355606079,,,,4.75,,,,,,,,,
15140000,3785,3.5,,1.5614125728607178,,,,3.5,,,,,,,,,
15144000,3786,4.75,,1.5721355676651,,,,4.75,,,,,,,,,
15148000,3787,4.625,,1.5993058681488037,,,,4.625,,,,,,,,,
15152000,3788,4.0,,1.553152084350586,,,,4.0,,,,,,,,,
15156000,3789,4.125,,1.5386203527450562,,,,4.125,,,,,,,,,
15160000,3790,3.875,,1.574253797531128,,,,3.875,,,,,,,,,
15164000,3791,3.875,,1.515045404434204,,,,3.875,,,,,,,,,
15168000,3792,3.5,,1.6035407781600952,,,,3.5,,,,,,,,,
15172000,3793,5.0,,1.6159753799438477,,,,5.0,,,,,,,,,
15176000,3794,4.0,,1.5965144634246826,,,,4.0,,,,,,,,,
15180000,3795,4.25,,1.6107620000839233,,,,4.25,,,,,,,,,
15184000,3796,3.875,,1.6071085929870605,,,,3.875,,,,,,,,,
15188000,3797,4.875,,1.5961103439331055,,,,4.875,,,,,,,,,
15192000,3798,4.5,,1.624704122543335,,,,4.5,,,,,,,,,
15196000,3799,3.5,,1.6116588115692139,,,,3.5,,,,,,,,,
15200000,3800,4.625,,1.4858150482177734,,,,4.625,,,,,,,,,
15204000,3801,4.625,,1.5879859924316406,,,,4.625,,,,,,,,,
15208000,3802,3.875,,1.6346616744995117,,,,3.875,,,,,,,,,
15212000,3803,3.75,,1.6043744087219238,,,,3.75,,,,,,,,,
15216000,3804,3.75,,1.586677074432373,,,,3.75,,,,,,,,,
15220000,3805,4.375,,1.5283839702606201,,,,4.375,,,,,,,,,
15224000,3806,4.625,,1.612447738647461,,,,4.625,,,,,,,,,
15228000,3807,4.5,,1.5493311882019043,,,,4.5,,,,,,,,,
15232000,3808,4.25,,1.666382074356079,,,,4.25,,,,,,,,,
15236000,3809,4.0,,1.620872974395752,,,,4.0,,,,,,,,,
15240000,3810,4.0,,1.5571662187576294,,,,4.0,,,,,,,,,
15244000,3811,4.25,,1.6224603652954102,,,,4.25,,,,,,,,,
15248000,3812,3.75,,1.5702053308486938,,,,3.75,,,,,,,,,
15252000,3813,4.125,,1.6390215158462524,,,,4.125,,,,,,,,,
15256000,3814,3.875,,1.577850341796875,,,,3.875,,,,,,,,,
15260000,3815,3.375,,1.6340441703796387,,,,3.375,,,,,,,,,
15264000,3816,4.25,,1.583366870880127,,,,4.25,,,,,,,,,
15268000,3817,4.625,,1.6331486701965332,,,,4.625,,,,,,,,,
15272000,3818,4.625,,1.6253430843353271,,,,4.625,,,,,,,,,
15276000,3819,3.75,,1.6037769317626953,,,,3.75,,,,,,,,,
15280000,3820,3.5,,1.6120988130569458,,,,3.5,,,,,,,,,
15284000,3821,3.25,,1.6110398769378662,,,,3.25,,,,,,,,,
15288000,3822,3.5,,1.5568952560424805,,,,3.5,,,,,,,,,
15292000,3823,4.25,,1.6137759685516357,,,,4.25,,,,,,,,,
15296000,3824,4.5,,1.6117885112762451,,,,4.5,,,,,,,,,
15300000,3825,3.875,,1.6317193508148193,,,,3.875,,,,,,,,,
15304000,3826,3.25,,1.6069750785827637,,,,3.25,,,,,,,,,
15308000,3827,3.75,,1.5876471996307373,,,,3.75,,,,,,,,,
15312000,3828,4.0,,1.6158461570739746,,,,4.0,,,,,,,,,
15316000,3829,4.0,,1.6290538311004639,,,,4.0,,,,,,,,,
15320000,3830,4.125,,1.5711718797683716,,,,4.125,,,,,,,,,
15324000,3831,4.25,,1.6334807872772217,,,,4.25,,,,,,,,,
15328000,3832,3.875,,1.5519623756408691,,,,3.875,,,,,,,,,
15332000,3833,3.125,,1.6309289932250977,,,,3.125,,,,,,,,,
15336000,3834,4.375,,1.6378841400146484,,,,4.375,,,,,,,,,
15340000,3835,4.25,,1.625552773475647,,,,4.25,,,,,,,,,
15344000,3836,4.25,,1.6153950691223145,,,,4.25,,,,,,,,,
15348000,3837,3.625,,1.594057321548462,,,,3.625,,,,,,,,,
15352000,3838,4.375,,1.595022439956665,,,,4.375,,,,,,,,,
15356000,3839,4.625,,1.5878939628601074,,,,4.625,,,,,,,,,
15360000,3840,2.875,,1.55742609500885,,,,2.875,,,,,,,,,
15364000,3841,4.375,,1.6043436527252197,,,,4.375,,,,,,,,,
15368000,3842,2.25,,1.6136833429336548,,,,2.25,,,,,,,,,
15372000,3843,3.875,,1.5955770015716553,,,,3.875,,,,,,,,,
15376000,3844,3.625,,1.5953071117401123,,,,3.625,,,,,,,,,
15380000,3845,3.625,,1.5710301399230957,,,,3.625,,,,,,,,,
15384000,3846,4.125,,1.553483009338379,,,,4.125,,,,,,,,,
15388000,3847,3.25,,1.5806610584259033,,,,3.25,,,,,,,,,
15392000,3848,3.875,,1.6236512660980225,,,,3.875,,,,,,,,,
15396000,3849,3.875,,1.5773998498916626,,,,3.875,,,,,,,,,
15400000,3850,3.625,,1.5546848773956299,,,,3.625,,,,,,,,,
15404000,3851,4.0,,1.5686893463134766,,,,4.0,,,,,,,,,
15408000,3852,4.5,,1.567779541015625,,,,4.5,,,,,,,,,
15412000,3853,4.125,,1.5336668491363525,,,,4.125,,,,,,,,,
15416000,3854,3.875,,1.5249066352844238,,,,3.875,,,,,,,,,
15420000,3855,4.0,,1.5215792655944824,,,,4.0,,,,,,,,,
15424000,3856,2.375,,1.5818145275115967,,,,2.375,,,,,,,,,
15428000,3857,2.875,,1.5909314155578613,,,,2.875,,,,,,,,,
15432000,3858,3.625,,1.6015291213989258,,,,3.625,,,,,,,,,
15436000,3859,3.125,,1.5715216398239136,,,,3.125,,,,,,,,,
15440000,3860,3.375,,1.5617984533309937,,,,3.375,,,,,,,,,
15444000,3861,3.625,,1.6039395332336426,,,,3.625,,,,,,,,,
15448000,3862,3.0,,1.526991844177246,,,,3.0,,,,,,,,,
15452000,3863,3.75,,1.6262879371643066,,,,3.75,,,,,,,,,
15456000,3864,3.625,,1.6401398181915283,,,,3.625,,,,,,,,,
15460000,3865,4.75,,1.5872764587402344,,,,4.75,,,,,,,,,
15464000,3866,3.375,,1.5113054513931274,,,,3.375,,,,,,,,,
15468000,3867,3.625,,1.5343798398971558,,,,3.625,,,,,,,,,
15472000,3868,4.0,,1.5659306049346924,,,,4.0,,,,,,,,,
15476000,3869,4.375,,1.6160823106765747,,,,4.375,,,,,,,,,
15480000,3870,3.375,,1.6374926567077637,,,,3.375,,,,,,,,,
15484000,3871,4.0,,1.550856590270996,,,,4.0,,,,,,,,,
15488000,3872,4.0,,1.5608813762664795,,,,4.0,,,,,,,,,
15492000,3873,4.125,,1.5282824039459229,,,,4.125,,,,,,,,,
15496000,3874,3.875,,1.5637696981430054,,,,3.875,,,,,,,,,
15500000,3875,4.25,,1.5343074798583984,,,,4.25,,,,,,,,,
15504000,3876,4.625,,1.582594633102417,,,,4.625,,,,,,,,,
15508000,3877,3.75,,1.5170681476593018,,,,3.75,,,,,,,,,
15512000,3878,4.5,,1.5470380783081055,,,,4.5,,,,,,,,,
15516000,3879,4.0,,1.560165286064148,,,,4.0,,,,,,,,,
15520000,3880,4.25,,1.5615290403366089,,,,4.25,,,,,,,,,
15524000,3881,4.5,,1.5286556482315063,,,,4.5,,,,,,,,,
15528000,3882,4.5,,1.5573327541351318,,,,4.5,,,,,,,,,
15532000,3883,4.375,,1.525062084197998,,,,4.375,,,,,,,,,
15536000,3884,4.375,,1.5463230609893799,,,,4.375,,,,,,,,,
15540000,3885,4.5,,1.5196590423583984,,,,4.5,,,,,,,,,
15544000,3886,3.625,,1.5702879428863525,,,,3.625,,,,,,,,,
15548000,3887,4.125,,1.5422890186309814,,,,4.125,,,,,,,,,
15552000,3888,3.5,,1.520115852355957,,,,3.5,,,,,,,,,
15556000,3889,4.625,,1.5984089374542236,,,,4.625,,,,,,,,,
15560000,3890,3.25,,1.5661115646362305,,,,3.25,,,,,,,,,
15564000,3891,4.125,,1.5703532695770264,,,,4.125,,,,,,,,,
15568000,3892,4.625,,1.5391302108764648,,,,4.625,,,,,,,,,
15572000,3893,4.5,,1.5539419651031494,,,,4.5,,,,,,,,,
15576000,3894,4.25,,1.5847012996673584,,,,4.25,,,,,,,,,
15580000,3895,4.375,,1.5491751432418823,,,,4.375,,,,,,,,,
15584000,3896,4.0,,1.5685532093048096,,,,4.0,,,,,,,,,
15588000,3897,4.0,,1.463546633720398,,,,4.0,,,,,,,,,
15592000,3898,4.5,,1.5119023323059082,,,,4.5,,,,,,,,,
15596000,3899,4.625,,1.4977468252182007,,,,4.625,,,,,,,,,
15600000,3900,4.5,,1.562530755996704,,,,4.5,,,,,,,,,
15604000,3901,4.125,,1.5982789993286133,,,,4.125,,,,,,,,,
15608000,3902,3.375,,1.6312804222106934,,,,3.375,,,,,,,,,
15612000,3903,3.625,,1.4751240015029907,,,,3.625,,,,,,,,,
15616000,3904,3.75,,1.5095988512039185,,,,3.75,,,,,,,,,
15620000,3905,3.875,,1.5681524276733398,,,,3.875,,,,,,,,,
15624000,3906,4.25,,1.542677879333496,,,,4.25,,,,,,,,,
15628000,3907,4.25,,1.550809383392334,,,,4.25,,,,,,,,,
15632000,3908,4.125,,1.5505439043045044,,,,4.125,,,,,,,,,
15636000,3909,4.5,,1.5188963413238525,,,,4.5,,,,,,,,,
15640000,3910,3.875,,1.4930195808410645,,,,3.875,,,,,,,,,
15644000,3911,3.25,,1.5660333633422852,,,,3.25,,,,,,,,,
15648000,3912,3.75,,1.5823400020599365,,,,3.75,,,,,,,,,
15652000,3913,4.625,,1.5435311794281006,,,,4.625,,,,,,,,,
15656000,3914,2.375,,1.5314879417419434,,,,2.375,,,,,,,,,
15660000,3915,4.375,,1.5608009099960327,,,,4.375,,,,,,,,,
15664000,3916,5.125,,1.5596060752868652,,,,5.125,,,,,,,,,
15668000,3917,3.375,,1.534867286682129,,,,3.375,,,,,,,,,
15672000,3918,4.25,,1.5708595514297485,,,,4.25,,,,,,,,,
15676000,3919,3.625,,1.5276412963867188,,,,3.625,,,,,,,,,
15680000,3920,2.375,,1.5879461765289307,,,,2.375,,,,,,,,,
15684000,3921,4.0,,1.579871654510498,,,,4.0,,,,,,,,,
15688000,3922,3.375,,1.5409114360809326,,,,3.375,,,,,,,,,
15692000,3923,2.625,,1.4908946752548218,,,,2.625,,,,,,,,,
15696000,3924,4.375,,1.474993109703064,,,,4.375,,,,,,,,,
15700000,3925,3.5,,1.526686191558838,,,,3.5,,,,,,,,,
15704000,3926,4.0,,1.4893286228179932,,,,4.0,,,,,,,,,
15708000,3927,4.25,,1.5768218040466309,,,,4.25,,,,,,,,,
15712000,3928,3.875,,1.5972495079040527,,,,3.875,,,,,,,,,
15716000,3929,4.375,,1.541391134262085,,,,4.375,,,,,,,,,
15720000,3930,3.625,,1.4780455827713013,,,,3.625,,,,,,,,,
15724000,3931,4.0,,1.4639666080474854,,,,4.0,,,,,,,,,
15728000,3932,2.75,,1.5436646938323975,,,,2.75,,,,,,,,,
15732000,3933,3.625,,1.5027626752853394,,,,3.625,,,,,,,,,
15736000,3934,4.375,,1.5004229545593262,,,,4.375,,,,,,,,,
15740000,3935,4.25,,1.4958781003952026,,,,4.25,,,,,,,,,
15744000,3936,3.25,,1.4559249877929688,,,,3.25,,,,,,,,,
15748000,3937,3.75,,1.512030839920044,,,,3.75,,,,,,,,,
15752000,3938,4.125,,1.459538459777832,,,,4.125,,,,,,,,,
15756000,3939,3.875,,1.4849731922149658,,,,3.875,,,,,,,,,
15760000,3940,4.25,,1.4840067625045776,,,,4.25,,,,,,,,,
15764000,3941,5.0,,1.4827779531478882,,,,5.0,,,,,,,,,
15768000,3942,4.375,,1.4738454818725586,,,,4.375,,,,,,,,,
15772000,3943,3.5,,1.454404592514038,,,,3.5,,,,,,,,,
15776000,3944,3.875,,1.443413257598877,,,,3.875,,,,,,,,,
15780000,3945,4.0,,1.5491217374801636,,,,4.0,,,,,,,,,
15784000,3946,3.0,,1.4983731508255005,,,,3.0,,,,,,,,,
15788000,3947,2.875,,1.5055283308029175,,,,2.875,,,,,,,,,
15792000,3948,3.375,,1.5288333892822266,,,,3.375,,,,,,,,,
15796000,3949,4.25,,1.4780139923095703,,,,4.25,,,,,,,,,
15800000,3950,1.625,,1.483381748199463,,,,1.625,,,,,,,,,
15804000,3951,4.125,,1.5653092861175537,,,,4.125,,,,,,,,,
15808000,3952,2.5,,1.4387924671173096,,,,2.5,,,,,,,,,
15812000,3953,4.125,,1.4213669300079346,,,,4.125,,,,,,,,,
15816000,3954,4.0,,1.4952452182769775,,,,4.0,,,,,,,,,
15820000,3955,2.625,,1.5024282932281494,,,,2.625,,,,,,,,,
15824000,3956,4.125,,1.4676144123077393,,,,4.125,,,,,,,,,
15828000,3957,3.375,,1.4936244487762451,,,,3.375,,,,,,,,,
15832000,3958,3.625,,1.4369982481002808,,,,3.625,,,,,,,,,
15836000,3959,3.375,,1.4643042087554932,,,,3.375,,,,,,,,,
15840000,3960,3.875,,1.4907251596450806,,,,3.875,,,,,,,,,
15844000,3961,4.0,,1.4281814098358154,,,,4.0,,,,,,,,,
15848000,3962,3.375,,1.4448060989379883,,,,3.375,,,,,,,,,
15852000,3963,4.5,,1.3992077112197876,,,,4.5,,,,,,,,,
15856000,3964,4.125,,1.456563115119934,,,,4.125,,,,,,,,,
15860000,3965,4.0,,1.4265775680541992,,,,4.0,,,,,,,,,
15864000,3966,3.125,,1.425584077835083,,,,3.125,,,,,,,,,
15868000,3967,4.375,,1.4764437675476074,,,,4.375,,,,,,,,,
15872000,3968,4.75,,1.4807124137878418,,,,4.75,,,,,,,,,
15876000,3969,4.0,,1.4317750930786133,,,,4.0,,,,,,,,,
15880000,3970,4.0,,1.4799983501434326,,,,4.0,,,,,,,,,
15884000,3971,2.875,,1.4551411867141724,,,,2.875,,,,,,,,,
15888000,3972,3.375,,1.4158835411071777,,,,3.375,,,,,,,,,
15892000,3973,2.0,,1.455129861831665,,,,2.0,,,,,,,,,
15896000,3974,2.875,,1.4418121576309204,,,,2.875,,,,,,,,,
15900000,3975,3.375,,1.4529072046279907,,,,3.375,,,,,,,,,
15904000,3976,3.5,,1.4564563035964966,,,,3.5,,,,,,,,,
15908000,3977,3.0,,1.4918206930160522,,,,3.0,,,,,,,,,
15912000,3978,3.25,,1.4783251285552979,,,,3.25,,,,,,,,,
15916000,3979,3.625,,1.4387297630310059,,,,3.625,,,,,,,,,
15920000,3980,4.0,,1.487951636314392,,,,4.0,,,,,,,,,
15924000,3981,3.25,,1.4487485885620117,,,,3.25,,,,,,,,,
15928000,3982,3.5,,1.4469845294952393,,,,3.5,,,,,,,,,
15932000,3983,4.125,,1.4263418912887573,,,,4.125,,,,,,,,,
15936000,3984,1.75,,1.4361181259155273,,,,1.75,,,,,,,,,
15940000,3985,4.0,,1.4291069507598877,,,,4.0,,,,,,,,,
15944000,3986,4.0,,1.3866150379180908,,,,4.0,,,,,,,,,
15948000,3987,3.875,,1.467016339302063,,,,3.875,,,,,,,,,
15952000,3988,4.25,,1.4446535110473633,,,,4.25,,,,,,,,,
15956000,3989,4.0,,1.4915285110473633,,,,4.0,,,,,,,,,
15960000,3990,4.25,,1.4917632341384888,,,,4.25,,,,,,,,,
15964000,3991,3.875,,1.4207760095596313,,,,3.875,,,,,,,,,
15968000,3992,4.25,,1.4278974533081055,,,,4.25,,,,,,,,,
15972000,3993,3.875,,1.4166831970214844,,,,3.875,,,,,,,,,
15976000,3994,4.125,,1.4645525217056274,,,,4.125,,,,,,,,,
15980000,3995,3.75,,1.432800531387329,,,,3.75,,,,,,,,,
15984000,3996,3.875,,1.4570822715759277,,,,3.875,,,,,,,,,
15988000,3997,4.375,,1.4539430141448975,,,,4.375,,,,,,,,,
15992000,3998,3.125,,1.3771448135375977,,,,3.125,,,,,,,,,
15996000,3999,4.125,,1.4826806783676147,,,,4.125,,,,,,,,,
16000000,4000,4.25,,1.4083573818206787,,,,4.25,,,,,,,,,
16004000,4001,3.75,,1.403278112411499,,,,3.75,,,,,,,,,
16008000,4002,3.625,,1.4628465175628662,,,,3.625,,,,,,,,,
16012000,4003,3.875,,1.4517688751220703,,,,3.875,,,,,,,,,
16016000,4004,3.5,,1.4116731882095337,,,,3.5,,,,,,,,,
16020000,4005,3.375,,1.4129315614700317,,,,3.375,,,,,,,,,
16024000,4006,3.875,,1.4091306924819946,,,,3.875,,,,,,,,,
16028000,4007,3.5,,1.4720112085342407,,,,3.5,,,,,,,,,
16032000,4008,3.625,,1.4345145225524902,,,,3.625,,,,,,,,,
16036000,4009,3.75,,1.5214331150054932,,,,3.75,,,,,,,,,
16040000,4010,3.5,,1.4245765209197998,,,,3.5,,,,,,,,,
16044000,4011,3.625,,1.3874545097351074,,,,3.625,,,,,,,,,
16048000,4012,4.125,,1.4153589010238647,,,,4.125,,,,,,,,,
16052000,4013,2.5,,1.4183905124664307,,,,2.5,,,,,,,,,
16056000,4014,3.375,,1.3869763612747192,,,,3.375,,,,,,,,,
16060000,4015,4.0,,1.4081828594207764,,,,4.0,,,,,,,,,
16064000,4016,3.625,,1.4046916961669922,,,,3.625,,,,,,,,,
16068000,4017,3.5,,1.3879477977752686,,,,3.5,,,,,,,,,
16072000,4018,3.5,,1.4093672037124634,,,,3.5,,,,,,,,,
16076000,4019,4.375,,1.3948047161102295,,,,4.375,,,,,,,,,
16080000,4020,2.875,,1.4190489053726196,,,,2.875,,,,,,,,,
16084000,4021,3.125,,1.4452086687088013,,,,3.125,,,,,,,,,
16088000,4022,4.0,,1.3551230430603027,,,,4.0,,,,,,,,,
16092000,4023,2.75,,1.354915976524353,,,,2.75,,,,,,,,,
16096000,4024,3.375,,1.3797340393066406,,,,3.375,,,,,,,,,
16100000,4025,3.75,,1.2965378761291504,,,,3.75,,,,,,,,,
16104000,4026,4.0,,1.3223226070404053,,,,4.0,,,,,,,,,
16108000,4027,3.75,,1.3969383239746094,,,,3.75,,,,,,,,,
16112000,4028,3.125,,1.3749516010284424,,,,3.125,,,,,,,,,
16116000,4029,3.375,,1.4310402870178223,,,,3.375,,,,,,,,,
16120000,4030,4.0,,1.3052902221679688,,,,4.0,,,,,,,,,
16124000,4031,3.25,,1.3585470914840698,,,,3.25,,,,,,,,,
16128000,4032,3.75,,1.3973112106323242,,,,3.75,,,,,,,,,
16132000,4033,4.125,,1.3319883346557617,,,,4.125,,,,,,,,,
16136000,4034,3.375,,1.3405733108520508,,,,3.375,,,,,,,,,
16140000,4035,3.75,,1.3530943393707275,,,,3.75,,,,,,,,,
16144000,4036,3.875,,1.3716206550598145,,,,3.875,,,,,,,,,
16148000,4037,2.875,,1.3483736515045166,,,,2.875,,,,,,,,,
16152000,4038,3.75,,1.3745160102844238,,,,3.75,,,,,,,,,
16156000,4039,3.5,,1.394934892654419,,,,3.5,,,,,,,,,
16160000,4040,3.75,,1.357379674911499,,,,3.75,,,,,,,,,
16164000,4041,3.875,,1.3258041143417358,,,,3.875,,,,,,,,,
16168000,4042,3.875,,1.3295674324035645,,,,3.875,,,,,,,,,
16172000,4043,3.375,,1.3042285442352295,,,,3.375,,,,,,,,,
16176000,4044,3.0,,1.391587495803833,,,,3.0,,,,,,,,,
16180000,4045,3.75,,1.3557281494140625,,,,3.75,,,,,,,,,
16184000,4046,4.625,,1.3561772108078003,,,,4.625,,,,,,,,,
16188000,4047,3.875,,1.3520468473434448,,,,3.875,,,,,,,,,
16192000,4048,3.75,,1.3390384912490845,,,,3.75,,,,,,,,,
16196000,4049,3.0,,1.3734809160232544,,,,3.0,,,,,,,,,
16200000,4050,3.5,,1.328773856163025,,,,3.5,,,,,,,,,
16204000,4051,4.5,,1.309486985206604,,,,4.5,,,,,,,,,
16208000,4052,4.125,,1.370783805847168,,,,4.125,,,,,,,,,
16212000,4053,4.125,,1.3759987354278564,,,,4.125,,,,,,,,,
16216000,4054,3.75,,1.3443944454193115,,,,3.75,,,,,,,,,
16220000,4055,4.5,,1.362201452255249,,,,4.5,,,,,,,,,
16224000,4056,4.0,,1.4068412780761719,,,,4.0,,,,,,,,,
16228000,4057,3.75,,1.3561640977859497,,,,3.75,,,,,,,,,
16232000,4058,5.5,,1.4374516010284424,,,,5.5,,,,,,,,,
16236000,4059,4.375,,1.3487496376037598,,,,4.375,,,,,,,,,
16240000,4060,4.0,,1.3640623092651367,,,,4.0,,,,,,,,,
16244000,4061,4.125,,1.3842897415161133,,,,4.125,,,,,,,,,
16248000,4062,3.5,,1.3836255073547363,,,,3.5,,,,,,,,,
16252000,4063,4.0,,1.3814070224761963,,,,4.0,,,,,,,,,
16256000,4064,3.875,,1.356653094291687,,,,3.875,,,,,,,,,
16260000,4065,3.5,,1.3531262874603271,,,,3.5,,,,,,,,,
16264000,4066,4.125,,1.4107801914215088,,,,4.125,,,,,,,,,
16268000,4067,4.0,,1.3397313356399536,,,,4.0,,,,,,,,,
16272000,4068,4.0,,1.3200008869171143,,,,4.0,,,,,,,,,
16276000,4069,3.625,,1.334309697151184,,,,3.625,,,,,,,,,
16280000,4070,4.0,,1.3725857734680176,,,,4.0,,,,,,,,,
16284000,4071,4.0,,1.3512791395187378,,,,4.0,,,,,,,,,
16288000,4072,4.25,,1.3796387910842896,,,,4.25,,,,,,,,,
16292000,4073,3.375,,1.3277032375335693,,,,3.375,,,,,,,,,
16296000,4074,3.875,,1.3329927921295166,,,,3.875,,,,,,,,,
16300000,4075,4.125,,1.330229640007019,,,,4.125,,,,,,,,,
16304000,4076,4.25,,1.3950908184051514,,,,4.25,,,,,,,,,
16308000,4077,4.375,,1.3919802904129028,,,,4.375,,,,,,,,,
16312000,4078,3.875,,1.3889400959014893,,,,3.875,,,,,,,,,
16316000,4079,4.25,,1.33854079246521,,,,4.25,,,,,,,,,
16320000,4080,4.25,,1.363761305809021,,,,4.25,,,,,,,,,
16324000,4081,3.75,,1.4326201677322388,,,,3.75,,,,,,,,,
16328000,4082,3.875,,1.3863568305969238,,,,3.875,,,,,,,,,
16332000,4083,4.375,,1.3603780269622803,,,,4.375,,,,,,,,,
16336000,4084,4.375,,1.3744162321090698,,,,4.375,,,,,,,,,
16340000,4085,4.625,,1.3706989288330078,,,,4.625,,,,,,,,,
16344000,4086,4.0,,1.3640316724777222,,,,4.0,,,,,,,,,
16348000,4087,4.5,,1.3662595748901367,,,,4.5,,,,,,,,,
16352000,4088,4.25,,1.442187786102295,,,,4.25,,,,,,,,,
16356000,4089,3.75,,1.3661019802093506,,,,3.75,,,,,,,,,
16360000,4090,3.75,,1.390334963798523,,,,3.75,,,,,,,,,
16364000,4091,4.25,,1.367666482925415,,,,4.25,,,,,,,,,
16368000,4092,3.875,,1.4153779745101929,,,,3.875,,,,,,,,,
16372000,4093,4.0,,1.3473235368728638,,,,4.0,,,,,,,,,
16376000,4094,4.5,,1.381577730178833,,,,4.5,,,,,,,,,
16380000,4095,4.0,,1.3915793895721436,,,,4.0,,,,,,,,,
16384000,4096,3.875,,1.3251054286956787,,,,3.875,,,,,,,,,
16388000,4097,3.5,,1.4188326597213745,,,,3.5,,,,,,,,,
16392000,4098,3.375,,1.377260446548462,,,,3.375,,,,,,,,,
16396000,4099,3.875,,1.4070725440979004,,,,3.875,,,,,,,,,
16400000,4100,4.125,,1.370926022529602,,,,4.125,,,,,,,,,
16404000,4101,5.0,,1.4009205102920532,,,,5.0,,,,,,,,,
16408000,4102,4.0,,1.4134405851364136,,,,4.0,,,,,,,,,
16412000,4103,4.25,,1.4051756858825684,,,,4.25,,,,,,,,,
16416000,4104,4.375,,1.400524616241455,,,,4.375,,,,,,,,,
16420000,4105,4.125,,1.4426182508468628,,,,4.125,,,,,,,,,
16424000,4106,3.375,,1.4591209888458252,,,,3.375,,,,,,,,,
16428000,4107,4.0,,1.4036600589752197,,,,4.0,,,,,,,,,
16432000,4108,4.125,,1.4229693412780762,,,,4.125,,,,,,,,,
16436000,4109,3.875,,1.4488182067871094,,,,3.875,,,,,,,,,
16440000,4110,3.25,,1.3682622909545898,,,,3.25,,,,,,,,,
16444000,4111,3.25,,1.4341942071914673,,,,3.25,,,,,,,,,
16448000,4112,3.5,,1.4360004663467407,,,,3.5,,,,,,,,,
16452000,4113,4.25,,1.3917204141616821,,,,4.25,,,,,,,,,
16456000,4114,3.25,,1.3920577764511108,,,,3.25,,,,,,,,,
16460000,4115,3.875,,1.4245606660842896,,,,3.875,,,,,,,,,
16464000,4116,3.875,,1.3683606386184692,,,,3.875,,,,,,,,,
16468000,4117,3.375,,1.4030145406723022,,,,3.375,,,,,,,,,
16472000,4118,3.75,,1.4048335552215576,,,,3.75,,,,,,,,,
16476000,4119,4.25,,1.3990106582641602,,,,4.25,,,,,,,,,
16480000,4120,3.875,,1.413801670074463,,,,3.875,,,,,,,,,
16484000,4121,3.625,,1.4086809158325195,,,,3.625,,,,,,,,,
16488000,4122,3.375,,1.4035108089447021,,,,3.375,,,,,,,,,
16492000,4123,3.75,,1.4480066299438477,,,,3.75,,,,,,,,,
16496000,4124,3.375,,1.4051433801651,,,,3.375,,,,,,,,,
16500000,4125,4.25,,1.4086780548095703,,,,4.25,,,,,,,,,
16504000,4126,3.375,,1.3964998722076416,,,,3.375,,,,,,,,,
16508000,4127,3.5,,1.3462536334991455,,,,3.5,,,,,,,,,
16512000,4128,3.75,,1.3702757358551025,,,,3.75,,,,,,,,,
16516000,4129,3.875,,1.4709125757217407,,,,3.875,,,,,,,,,
16520000,4130,4.25,,1.4166873693466187,,,,4.25,,,,,,,,,
16524000,4131,4.25,,1.424469232559204,,,,4.25,,,,,,,,,
16528000,4132,3.5,,1.3918267488479614,,,,3.5,,,,,,,,,
16532000,4133,3.875,,1.3735723495483398,,,,3.875,,,,,,,,,
16536000,4134,3.75,,1.3840690851211548,,,,3.75,,,,,,,,,
16540000,4135,3.875,,1.4151488542556763,,,,3.875,,,,,,,,,
16544000,4136,3.75,,1.4161906242370605,,,,3.75,,,,,,,,,
16548000,4137,3.5,,1.4444361925125122,,,,3.5,,,,,,,,,
16552000,4138,4.375,,1.3934874534606934,,,,4.375,,,,,,,,,
16556000,4139,3.875,,1.407585620880127,,,,3.875,,,,,,,,,
16560000,4140,2.625,,1.4328471422195435,,,,2.625,,,,,,,,,
16564000,4141,3.875,,1.401344656944275,,,,3.875,,,,,,,,,
16568000,4142,4.0,,1.4145491123199463,,,,4.0,,,,,,,,,
16572000,4143,3.125,,1.4171340465545654,,,,3.125,,,,,,,,,
16576000,4144,4.25,,1.4460376501083374,,,,4.25,,,,,,,,,
16580000,4145,4.0,,1.3953368663787842,,,,4.0,,,,,,,,,
16584000,4146,3.875,,1.351035475730896,,,,3.875,,,,,,,,,
16588000,4147,4.125,,1.4278682470321655,,,,4.125,,,,,,,,,
16592000,4148,3.625,,1.444814682006836,,,,3.625,,,,,,,,,
16596000,4149,3.75,,1.4013757705688477,,,,3.75,,,,,,,,,
16600000,4150,3.875,,1.410332441329956,,,,3.875,,,,,,,,,
16604000,4151,4.625,,1.4124579429626465,,,,4.625,,,,,,,,,
16608000,4152,4.0,,1.4106258153915405,,,,4.0,,,,,,,,,
16612000,4153,3.375,,1.4095699787139893,,,,3.375,,,,,,,,,
16616000,4154,4.0,,1.4132671356201172,,,,4.0,,,,,,,,,
16620000,4155,4.0,,1.4357264041900635,,,,4.0,,,,,,,,,
16624000,4156,3.875,,1.4546154737472534,,,,3.875,,,,,,,,,
16628000,4157,3.5,,1.4468977451324463,,,,3.5,,,,,,,,,
16632000,4158,3.5,,1.4194486141204834,,,,3.5,,,,,,,,,
16636000,4159,4.125,,1.410839557647705,,,,4.125,,,,,,,,,
16640000,4160,3.875,,1.4469116926193237,,,,3.875,,,,,,,,,
16644000,4161,3.5,,1.3994426727294922,,,,3.5,,,,,,,,,
16648000,4162,4.0,,1.4403427839279175,,,,4.0,,,,,,,,,
16652000,4163,3.875,,1.4328581094741821,,,,3.875,,,,,,,,,
16656000,4164,4.125,,1.463893175125122,,,,4.125,,,,,,,,,
16660000,4165,3.625,,1.4514442682266235,,,,3.625,,,,,,,,,
16664000,4166,3.25,,1.4198713302612305,,,,3.25,,,,,,,,,
16668000,4167,3.875,,1.3842098712921143,,,,3.875,,,,,,,,,
16672000,4168,4.125,,1.4278321266174316,,,,4.125,,,,,,,,,
16676000,4169,3.75,,1.4663574695587158,,,,3.75,,,,,,,,,
16680000,4170,4.0,,1.482871651649475,,,,4.0,,,,,,,,,
16684000,4171,3.75,,1.4559388160705566,,,,3.75,,,,,,,,,
16688000,4172,3.0,,1.4492161273956299,,,,3.0,,,,,,,,,
16692000,4173,3.75,,1.4149434566497803,,,,3.75,,,,,,,,,
16696000,4174,4.0,,1.4360384941101074,,,,4.0,,,,,,,,,
16700000,4175,3.75,,1.462754249572754,,,,3.75,,,,,,,,,
16704000,4176,3.5,,1.4435417652130127,,,,3.5,,,,,,,,,
16708000,4177,3.75,,1.4406996965408325,,,,3.75,,,,,,,,,
16712000,4178,3.625,,1.4252514839172363,,,,3.625,,,,,,,,,
16716000,4179,4.0,,1.4130648374557495,,,,4.0,,,,,,,,,
16720000,4180,2.375,,1.4243251085281372,,,,2.375,,,,,,,,,
16724000,4181,3.375,,1.47715425491333,,,,3.375,,,,,,,,,
16728000,4182,4.0,,1.450300693511963,,,,4.0,,,,,,,,,
16732000,4183,4.125,,1.4504146575927734,,,,4.125,,,,,,,,,
16736000,4184,4.375,,1.4295158386230469,,,,4.375,,,,,,,,,
16740000,4185,3.375,,1.3640271425247192,,,,3.375,,,,,,,,,
16744000,4186,2.25,,1.4394168853759766,,,,2.25,,,,,,,,,
16748000,4187,4.25,,1.3933906555175781,,,,4.25,,,,,,,,,
16752000,4188,2.875,,1.4147144556045532,,,,2.875,,,,,,,,,
16756000,4189,3.625,,1.4577338695526123,,,,3.625,,,,,,,,,
16760000,4190,3.5,,1.4532108306884766,,,,3.5,,,,,,,,,
16764000,4191,3.875,,1.4197206497192383,,,,3.875,,,,,,,,,
16768000,4192,3.5,,1.3734549283981323,,,,3.5,,,,,,,,,
16772000,4193,4.375,,1.3680325746536255,,,,4.375,,,,,,,,,
16776000,4194,3.25,,1.4116430282592773,,,,3.25,,,,,,,,,
16780000,4195,4.25,,1.397989273071289,,,,4.25,,,,,,,,,
16784000,4196,4.125,,1.4070510864257812,,,,4.125,,,,,,,,,
16788000,4197,3.875,,1.3570806980133057,,,,3.875,,,,,,,,,
16792000,4198,3.75,,1.4683868885040283,,,,3.75,,,,,,,,,
16796000,4199,3.25,,1.4522732496261597,,,,3.25,,,,,,,,,
16800000,4200,4.25,,1.4279940128326416,,,,4.25,,,,,,,,,
16804000,4201,3.625,,1.4023736715316772,,,,3.625,,,,,,,,,
16808000,4202,4.125,,1.4204902648925781,,,,4.125,,,,,,,,,
16812000,4203,3.875,,1.4014697074890137,,,,3.875,,,,,,,,,
16816000,4204,4.375,,1.408215880393982,,,,4.375,,,,,,,,,
16820000,4205,4.0,,1.4552662372589111,,,,4.0,,,,,,,,,
16824000,4206,3.75,,1.434106469154358,,,,3.75,,,,,,,,,
16828000,4207,3.75,,1.3351658582687378,,,,3.75,,,,,,,,,
16832000,4208,3.5,,1.387197732925415,,,,3.5,,,,,,,,,
16836000,4209,4.0,,1.4325603246688843,,,,4.0,,,,,,,,,
16840000,4210,3.5,,1.355112075805664,,,,3.5,,,,,,,,,
16844000,4211,3.875,,1.4050981998443604,,,,3.875,,,,,,,,,
16848000,4212,2.875,,1.4218777418136597,,,,2.875,,,,,,,,,
16852000,4213,4.375,,1.4023418426513672,,,,4.375,,,,,,,,,
16856000,4214,3.125,,1.3577519655227661,,,,3.125,,,,,,,,,
16860000,4215,3.75,,1.3506748676300049,,,,3.75,,,,,,,,,
16864000,4216,3.875,,1.3759000301361084,,,,3.875,,,,,,,,,
16868000,4217,4.0,,1.371332049369812,,,,4.0,,,,,,,,,
16872000,4218,3.875,,1.4290611743927002,,,,3.875,,,,,,,,,
16876000,4219,4.625,,1.3920021057128906,,,,4.625,,,,,,,,,
16880000,4220,4.0,,1.4283642768859863,,,,4.0,,,,,,,,,
16884000,4221,4.125,,1.3509798049926758,,,,4.125,,,,,,,,,
16888000,4222,3.875,,1.3857858180999756,,,,3.875,,,,,,,,,
16892000,4223,3.625,,1.3900253772735596,,,,3.625,,,,,,,,,
16896000,4224,3.75,,1.4155290126800537,,,,3.75,,,,,,,,,
16900000,4225,4.25,,1.3571889400482178,,,,4.25,,,,,,,,,
16904000,4226,3.375,,1.3457417488098145,,,,3.375,,,,,,,,,
16908000,4227,4.625,,1.3788623809814453,,,,4.625,,,,,,,,,
16912000,4228,3.75,,1.3772730827331543,,,,3.75,,,,,,,,,
16916000,4229,3.625,,1.3472864627838135,,,,3.625,,,,,,,,,
16920000,4230,3.875,,1.3071198463439941,,,,3.875,,,,,,,,,
16924000,4231,4.25,,1.350433349609375,,,,4.25,,,,,,,,,
16928000,4232,3.75,,1.422014594078064,,,,3.75,,,,,,,,,
16932000,4233,4.0,,1.3444591760635376,,,,4.0,,,,,,,,,
16936000,4234,3.75,,1.350254774093628,,,,3.75,,,,,,,,,
16940000,4235,4.375,,1.331493616104126,,,,4.375,,,,,,,,,
16944000,4236,4.125,,1.363515019416809,,,,4.125,,,,,,,,,
16948000,4237,3.625,,1.3259096145629883,,,,3.625,,,,,,,,,
16952000,4238,4.25,,1.3584954738616943,,,,4.25,,,,,,,,,
16956000,4239,4.0,,1.3493082523345947,,,,4.0,,,,,,,,,
16960000,4240,3.75,,1.358350157737732,,,,3.75,,,,,,,,,
16964000,4241,4.375,,1.348720908164978,,,,4.375,,,,,,,,,
16968000,4242,4.0,,1.333739995956421,,,,4.0,,,,,,,,,
16972000,4243,3.625,,1.3844809532165527,,,,3.625,,,,,,,,,
16976000,4244,4.0,,1.4569979906082153,,,,4.0,,,,,,,,,
16980000,4245,3.625,,1.3364942073822021,,,,3.625,,,,,,,,,
16984000,4246,3.25,,1.3974443674087524,,,,3.25,,,,,,,,,
16988000,4247,3.5,,1.3532018661499023,,,,3.5,,,,,,,,,
16992000,4248,3.5,,1.3902374505996704,,,,3.5,,,,,,,,,
16996000,4249,2.75,,1.3518024682998657,,,,2.75,,,,,,,,,
17000000,4250,3.75,,1.411839485168457,,,,3.75,,,,,,,,,
17004000,4251,3.875,,1.335897445678711,,,,3.875,,,,,,,,,
17008000,4252,3.0,,1.3428058624267578,,,,3.0,,,,,,,,,
17012000,4253,4.25,,1.3829481601715088,,,,4.25,,,,,,,,,
17016000,4254,3.125,,1.3585948944091797,,,,3.125,,,,,,,,,
17020000,4255,3.625,,1.3575191497802734,,,,3.625,,,,,,,,,
17024000,4256,2.875,,1.278830647468567,,,,2.875,,,,,,,,,
17028000,4257,3.0,,1.390484094619751,,,,3.0,,,,,,,,,
17032000,4258,3.5,,1.3264470100402832,,,,3.5,,,,,,,,,
17036000,4259,2.25,,1.3458003997802734,,,,2.25,,,,,,,,,
17040000,4260,4.25,,1.3431072235107422,,,,4.25,,,,,,,,,
17044000,4261,4.0,,1.3556978702545166,,,,4.0,,,,,,,,,
17048000,4262,4.25,,1.3297349214553833,,,,4.25,,,,,,,,,
17052000,4263,3.75,,1.3184540271759033,,,,3.75,,,,,,,,,
17056000,4264,3.625,,1.3281903266906738,,,,3.625,,,,,,,,,
17060000,4265,4.125,,1.3249311447143555,,,,4.125,,,,,,,,,
17064000,4266,3.25,,1.3319861888885498,,,,3.25,,,,,,,,,
17068000,4267,4.0,,1.3586645126342773,,,,4.0,,,,,,,,,
17072000,4268,3.5,,1.3098056316375732,,,,3.5,,,,,,,,,
17076000,4269,4.25,,1.3922064304351807,,,,4.25,,,,,,,,,
17080000,4270,3.375,,1.3310065269470215,,,,3.375,,,,,,,,,
17084000,4271,4.0,,1.3811053037643433,,,,4.0,,,,,,,,,
17088000,4272,4.75,,1.3702237606048584,,,,4.75,,,,,,,,,
17092000,4273,4.25,,1.367703914642334,,,,4.25,,,,,,,,,
17096000,4274,4.125,,1.3303171396255493,,,,4.125,,,,,,,,,
17100000,4275,4.0,,1.3853905200958252,,,,4.0,,,,,,,,,
17104000,4276,3.75,,1.3269479274749756,,,,3.75,,,,,,,,,
17108000,4277,3.375,,1.3497719764709473,,,,3.375,,,,,,,,,
17112000,4278,4.125,,1.358285665512085,,,,4.125,,,,,,,,,
17116000,4279,1.625,,1.3319278955459595,,,,1.625,,,,,,,,,
17120000,4280,4.5,,1.3331279754638672,,,,4.5,,,,,,,,,
17124000,4281,2.875,,1.2969529628753662,,,,2.875,,,,,,,,,
17128000,4282,4.5,,1.3680248260498047,,,,4.5,,,,,,,,,
17132000,4283,2.25,,1.3289936780929565,,,,2.25,,,,,,,,,
17136000,4284,3.75,,1.3283538818359375,,,,3.75,,,,,,,,,
17140000,4285,4.0,,1.33524751663208,,,,4.0,,,,,,,,,
17144000,4286,3.25,,1.341881275177002,,,,3.25,,,,,,,,,
17148000,4287,3.375,,1.2848443984985352,,,,3.375,,,,,,,,,
17152000,4288,2.75,,1.330993890762329,,,,2.75,,,,,,,,,
17156000,4289,3.25,,1.296703577041626,,,,3.25,,,,,,,,,
17160000,4290,3.25,,1.3576087951660156,,,,3.25,,,,,,,,,
17164000,4291,2.5,,1.2825047969818115,,,,2.5,,,,,,,,,
17168000,4292,3.375,,1.2757270336151123,,,,3.375,,,,,,,,,
17172000,4293,2.5,,1.3289544582366943,,,,2.5,,,,,,,,,
17176000,4294,3.5,,1.2788535356521606,,,,3.5,,,,,,,,,
17180000,4295,3.875,,1.334113359451294,,,,3.875,,,,,,,,,
17184000,4296,2.75,,1.3089888095855713,,,,2.75,,,,,,,,,
17188000,4297,3.375,,1.2714895009994507,,,,3.375,,,,,,,,,
17192000,4298,2.375,,1.347805142402649,,,,2.375,,,,,,,,,
17196000,4299,2.125,,1.3029003143310547,,,,2.125,,,,,,,,,
17200000,4300,3.625,,1.273807406425476,,,,3.625,,,,,,,,,
17204000,4301,3.75,,1.315933346748352,,,,3.75,,,,,,,,,
17208000,4302,4.25,,1.297593593597412,,,,4.25,,,,,,,,,
17212000,4303,3.75,,1.2721033096313477,,,,3.75,,,,,,,,,
17216000,4304,3.25,,1.3143601417541504,,,,3.25,,,,,,,,,
17220000,4305,2.75,,1.3195619583129883,,,,2.75,,,,,,,,,
17224000,4306,3.125,,1.2671000957489014,,,,3.125,,,,,,,,,
17228000,4307,3.75,,1.2600183486938477,,,,3.75,,,,,,,,,
17232000,4308,2.5,,1.2577248811721802,,,,2.5,,,,,,,,,
17236000,4309,2.875,,1.333404541015625,,,,2.875,,,,,,,,,
17240000,4310,3.25,,1.2774386405944824,,,,3.25,,,,,,,,,
17244000,4311,3.75,,1.2833616733551025,,,,3.75,,,,,,,,,
17248000,4312,4.375,,1.2908618450164795,,,,4.375,,,,,,,,,
17252000,4313,2.875,,1.3281424045562744,,,,2.875,,,,,,,,,
17256000,4314,4.0,,1.3251807689666748,,,,4.0,,,,,,,,,
17260000,4315,3.875,,1.2960205078125,,,,3.875,,,,,,,,,
17264000,4316,4.25,,1.2653857469558716,,,,4.25,,,,,,,,,
17268000,4317,3.75,,1.2998244762420654,,,,3.75,,,,,,,,,
17272000,4318,4.5,,1.3405399322509766,,,,4.5,,,,,,,,,
17276000,4319,3.875,,1.3151799440383911,,,,3.875,,,,,,,,,
17280000,4320,4.0,,1.2742252349853516,,,,4.0,,,,,,,,,
17284000,4321,3.625,,1.2886450290679932,,,,3.625,,,,,,,,,
17288000,4322,3.5,,1.3424286842346191,,,,3.5,,,,,,,,,
17292000,4323,4.0,,1.2856407165527344,,,,4.0,,,,,,,,,
17296000,4324,3.375,,1.2893342971801758,,,,3.375,,,,,,,,,
17300000,4325,3.625,,1.2863216400146484,,,,3.625,,,,,,,,,
17304000,4326,3.375,,1.282181739807129,,,,3.375,,,,,,,,,
17308000,4327,4.125,,1.2512481212615967,,,,4.125,,,,,,,,,
17312000,4328,3.625,,1.2650301456451416,,,,3.625,,,,,,,,,
17316000,4329,3.625,,1.2707204818725586,,,,3.625,,,,,,,,,
17320000,4330,4.25,,1.2674939632415771,,,,4.25,,,,,,,,,
17324000,4331,3.875,,1.2788575887680054,,,,3.875,,,,,,,,,
17328000,4332,3.625,,1.2181391716003418,,,,3.625,,,,,,,,,
17332000,4333,2.5,,1.2689056396484375,,,,2.5,,,,,,,,,
17336000,4334,4.25,,1.3065271377563477,,,,4.25,,,,,,,,,
17340000,4335,3.75,,1.3409042358398438,,,,3.75,,,,,,,,,
17344000,4336,4.25,,1.281526803970337,,,,4.25,,,,,,,,,
17348000,4337,2.125,,1.2577581405639648,,,,2.125,,,,,,,,,
17352000,4338,3.75,,1.269197940826416,,,,3.75,,,,,,,,,
17356000,4339,3.125,,1.2902884483337402,,,,3.125,,,,,,,,,
17360000,4340,3.875,,1.280881643295288,,,,3.875,,,,,,,,,
17364000,4341,4.0,,1.271453619003296,,,,4.0,,,,,,,,,
17368000,4342,4.625,,1.2589313983917236,,,,4.625,,,,,,,,,
17372000,4343,4.5,,1.2636020183563232,,,,4.5,,,,,,,,,
17376000,4344,3.875,,1.2724230289459229,,,,3.875,,,,,,,,,
17380000,4345,3.0,,1.2870919704437256,,,,3.0,,,,,,,,,
17384000,4346,3.875,,1.2106201648712158,,,,3.875,,,,,,,,,
17388000,4347,3.75,,1.2994307279586792,,,,3.75,,,,,,,,,
17392000,4348,3.625,,1.3061811923980713,,,,3.625,,,,,,,,,
17396000,4349,4.25,,1.2314962148666382,,,,4.25,,,,,,,,,
17400000,4350,3.75,,1.2951202392578125,,,,3.75,,,,,,,,,
17404000,4351,4.375,,1.2710223197937012,,,,4.375,,,,,,,,,
17408000,4352,4.25,,1.2765495777130127,,,,4.25,,,,,,,,,
17412000,4353,3.75,,1.2523102760314941,,,,3.75,,,,,,,,,
17416000,4354,3.875,,1.276299238204956,,,,3.875,,,,,,,,,
17420000,4355,3.875,,1.3130443096160889,,,,3.875,,,,,,,,,
17424000,4356,3.75,,1.2323615550994873,,,,3.75,,,,,,,,,
17428000,4357,4.0,,1.3013383150100708,,,,4.0,,,,,,,,,
17432000,4358,3.75,,1.2986130714416504,,,,3.75,,,,,,,,,
17436000,4359,4.0,,1.2657520771026611,,,,4.0,,,,,,,,,
17440000,4360,4.25,,1.2143242359161377,,,,4.25,,,,,,,,,
17444000,4361,3.375,,1.2486531734466553,,,,3.375,,,,,,,,,
17448000,4362,3.375,,1.3202940225601196,,,,3.375,,,,,,,,,
17452000,4363,4.75,,1.2319872379302979,,,,4.75,,,,,,,,,
17456000,4364,3.25,,1.299644947052002,,,,3.25,,,,,,,,,
17460000,4365,4.0,,1.3237874507904053,,,,4.0,,,,,,,,,
17464000,4366,4.25,,1.3409223556518555,,,,4.25,,,,,,,,,
17468000,4367,3.75,,1.2664660215377808,,,,3.75,,,,,,,,,
17472000,4368,3.75,,1.2139519453048706,,,,3.75,,,,,,,,,
17476000,4369,3.75,,1.2471323013305664,,,,3.75,,,,,,,,,
17480000,4370,3.75,,1.3372341394424438,,,,3.75,,,,,,,,,
17484000,4371,4.125,,1.2613694667816162,,,,4.125,,,,,,,,,
17488000,4372,4.0,,1.2924273014068604,,,,4.0,,,,,,,,,
17492000,4373,4.25,,1.2926381826400757,,,,4.25,,,,,,,,,
17496000,4374,3.75,,1.252655267715454,,,,3.75,,,,,,,,,
17500000,4375,2.75,,1.2885438203811646,,,,2.75,,,,,,,,,
17504000,4376,4.0,,1.3027740716934204,,,,4.0,,,,,,,,,
17508000,4377,3.875,,1.303300142288208,,,,3.875,,,,,,,,,
17512000,4378,3.5,,1.2673121690750122,,,,3.5,,,,,,,,,
17516000,4379,3.75,,1.2529120445251465,,,,3.75,,,,,,,,,
17520000,4380,4.0,,1.3248271942138672,,,,4.0,,,,,,,,,
17524000,4381,4.125,,1.3049274682998657,,,,4.125,,,,,,,,,
17528000,4382,4.125,,1.291452169418335,,,,4.125,,,,,,,,,
17532000,4383,4.0,,1.2897756099700928,,,,4.0,,,,,,,,,
17536000,4384,3.875,,1.3854360580444336,,,,3.875,,,,,,,,,
17540000,4385,4.125,,1.3047090768814087,,,,4.125,,,,,,,,,
17544000,4386,4.0,,1.2748947143554688,,,,4.0,,,,,,,,,
17548000,4387,4.0,,1.3218474388122559,,,,4.0,,,,,,,,,
17552000,4388,4.375,,1.297020673751831,,,,4.375,,,,,,,,,
17556000,4389,3.875,,1.272200345993042,,,,3.875,,,,,,,,,
17560000,4390,4.25,,1.3242614269256592,,,,4.25,,,,,,,,,
17564000,4391,3.25,,1.33375883102417,,,,3.25,,,,,,,,,
17568000,4392,3.5,,1.2957695722579956,,,,3.5,,,,,,,,,
17572000,4393,4.25,,1.3581653833389282,,,,4.25,,,,,,,,,
17576000,4394,3.5,,1.3613386154174805,,,,3.5,,,,,,,,,
17580000,4395,4.0,,1.2561366558074951,,,,4.0,,,,,,,,,
17584000,4396,3.75,,1.314864158630371,,,,3.75,,,,,,,,,
17588000,4397,3.875,,1.3612396717071533,,,,3.875,,,,,,,,,
17592000,4398,3.375,,1.309450387954712,,,,3.375,,,,,,,,,
17596000,4399,3.625,,1.2727532386779785,,,,3.625,,,,,,,,,
17600000,4400,3.875,,1.2896956205368042,,,,3.875,,,,,,,,,
17604000,4401,4.375,,1.2779656648635864,,,,4.375,,,,,,,,,
17608000,4402,2.375,,1.3092491626739502,,,,2.375,,,,,,,,,
17612000,4403,4.0,,1.2577764987945557,,,,4.0,,,,,,,,,
17616000,4404,3.875,,1.3728525638580322,,,,3.875,,,,,,,,,
17620000,4405,3.0,,1.3514330387115479,,,,3.0,,,,,,,,,
17624000,4406,3.625,,1.2964866161346436,,,,3.625,,,,,,,,,
17628000,4407,2.5,,1.3144280910491943,,,,2.5,,,,,,,,,
17632000,4408,2.875,,1.3033027648925781,,,,2.875,,,,,,,,,
17636000,4409,3.25,,1.2661837339401245,,,,3.25,,,,,,,,,
17640000,4410,3.375,,1.303452730178833,,,,3.375,,,,,,,,,
17644000,4411,4.375,,1.2787370681762695,,,,4.375,,,,,,,,,
17648000,4412,3.375,,1.2609926462173462,,,,3.375,,,,,,,,,
17652000,4413,4.375,,1.28980553150177,,,,4.375,,,,,,,,,
17656000,4414,4.125,,1.2587846517562866,,,,4.125,,,,,,,,,
17660000,4415,4.125,,1.3259207010269165,,,,4.125,,,,,,,,,
17664000,4416,4.125,,1.2979916334152222,,,,4.125,,,,,,,,,
17668000,4417,4.25,,1.3650412559509277,,,,4.25,,,,,,,,,
17672000,4418,4.5,,1.2334094047546387,,,,4.5,,,,,,,,,
17676000,4419,3.25,,1.2788374423980713,,,,3.25,,,,,,,,,
17680000,4420,3.25,,1.2991406917572021,,,,3.25,,,,,,,,,
17684000,4421,4.25,,1.3211772441864014,,,,4.25,,,,,,,,,
17688000,4422,2.25,,1.3166472911834717,,,,2.25,,,,,,,,,
17692000,4423,3.625,,1.2913787364959717,,,,3.625,,,,,,,,,
17696000,4424,2.5,,1.2101967334747314,,,,2.5,,,,,,,,,
17700000,4425,3.0,,1.319831132888794,,,,3.0,,,,,,,,,
17704000,4426,3.75,,1.3265432119369507,,,,3.75,,,,,,,,,
17708000,4427,3.5,,1.3388540744781494,,,,3.5,,,,,,,,,
17712000,4428,4.125,,1.268474817276001,,,,4.125,,,,,,,,,
17716000,4429,3.25,,1.2493398189544678,,,,3.25,,,,,,,,,
17720000,4430,3.375,,1.2913693189620972,,,,3.375,,,,,,,,,
17724000,4431,2.75,,1.3580148220062256,,,,2.75,,,,,,,,,
17728000,4432,3.5,,1.2848174571990967,,,,3.5,,,,,,,,,
17732000,4433,3.25,,1.2950782775878906,,,,3.25,,,,,,,,,
17736000,4434,3.125,,1.2590796947479248,,,,3.125,,,,,,,,,
17740000,4435,3.375,,1.2738580703735352,,,,3.375,,,,,,,,,
17744000,4436,3.25,,1.3044852018356323,,,,3.25,,,,,,,,,
17748000,4437,4.0,,1.301332950592041,,,,4.0,,,,,,,,,
17752000,4438,3.625,,1.3255178928375244,,,,3.625,,,,,,,,,
17756000,4439,3.5,,1.2448904514312744,,,,3.5,,,,,,,,,
17760000,4440,3.0,,1.3058300018310547,,,,3.0,,,,,,,,,
17764000,4441,3.5,,1.3128890991210938,,,,3.5,,,,,,,,,
17768000,4442,3.25,,1.3222804069519043,,,,3.25,,,,,,,,,
17772000,4443,4.625,,1.3269538879394531,,,,4.625,,,,,,,,,
17776000,4444,3.25,,1.3151053190231323,,,,3.25,,,,,,,,,
17780000,4445,4.0,,1.257974624633789,,,,4.0,,,,,,,,,
17784000,4446,4.0,,1.2981517314910889,,,,4.0,,,,,,,,,
17788000,4447,4.375,,1.2877328395843506,,,,4.375,,,,,,,,,
17792000,4448,4.0,,1.240809440612793,,,,4.0,,,,,,,,,
17796000,4449,3.25,,1.2387268543243408,,,,3.25,,,,,,,,,
17800000,4450,3.375,,1.286397933959961,,,,3.375,,,,,,,,,
17804000,4451,3.125,,1.2751238346099854,,,,3.125,,,,,,,,,
17808000,4452,2.75,,1.2930798530578613,,,,2.75,,,,,,,,,
17812000,4453,4.125,,1.3335082530975342,,,,4.125,,,,,,,,,
17816000,4454,3.625,,1.2931888103485107,,,,3.625,,,,,,,,,
17820000,4455,3.5,,1.2583556175231934,,,,3.5,,,,,,,,,
17824000,4456,3.25,,1.2805182933807373,,,,3.25,,,,,,,,,
17828000,4457,2.375,,1.3081421852111816,,,,2.375,,,,,,,,,
17832000,4458,3.0,,1.2517938613891602,,,,3.0,,,,,,,,,
17836000,4459,3.5,,1.2418782711029053,,,,3.5,,,,,,,,,
17840000,4460,3.75,,1.293965458869934,,,,3.75,,,,,,,,,
17844000,4461,3.375,,1.3002327680587769,,,,3.375,,,,,,,,,
17848000,4462,4.0,,1.2745490074157715,,,,4.0,,,,,,,,,
17852000,4463,3.25,,1.2671184539794922,,,,3.25,,,,,,,,,
17856000,4464,3.75,,1.2839913368225098,,,,3.75,,,,,,,,,
17860000,4465,1.25,,1.2229316234588623,,,,1.25,,,,,,,,,
17864000,4466,3.875,,1.278071403503418,,,,3.875,,,,,,,,,
17868000,4467,3.75,,1.3023701906204224,,,,3.75,,,,,,,,,
17872000,4468,4.125,,1.338261604309082,,,,4.125,,,,,,,,,
17876000,4469,4.25,,1.2516512870788574,,,,4.25,,,,,,,,,
17880000,4470,3.875,,1.291698932647705,,,,3.875,,,,,,,,,
17884000,4471,4.25,,1.2112650871276855,,,,4.25,,,,,,,,,
17888000,4472,3.75,,1.309157133102417,,,,3.75,,,,,,,,,
17892000,4473,4.375,,1.322259783744812,,,,4.375,,,,,,,,,
17896000,4474,4.0,,1.2297232151031494,,,,4.0,,,,,,,,,
17900000,4475,4.375,,1.2466533184051514,,,,4.375,,,,,,,,,
17904000,4476,4.125,,1.244494080543518,,,,4.125,,,,,,,,,
17908000,4477,1.875,,1.3168050050735474,,,,1.875,,,,,,,,,
17912000,4478,3.75,,1.196498155593872,,,,3.75,,,,,,,,,
17916000,4479,4.0,,1.2428560256958008,,,,4.0,,,,,,,,,
17920000,4480,3.25,,1.171097993850708,,,,3.25,,,,,,,,,
17924000,4481,3.625,,1.2921645641326904,,,,3.625,,,,,,,,,
17928000,4482,3.25,,1.2752978801727295,,,,3.25,,,,,,,,,
17932000,4483,4.0,,1.2551321983337402,,,,4.0,,,,,,,,,
17936000,4484,4.0,,1.2476587295532227,,,,4.0,,,,,,,,,
17940000,4485,4.0,,1.2707641124725342,,,,4.0,,,,,,,,,
17944000,4486,4.25,,1.2612859010696411,,,,4.25,,,,,,,,,
17948000,4487,4.0,,1.2161728143692017,,,,4.0,,,,,,,,,
17952000,4488,3.875,,1.2612905502319336,,,,3.875,,,,,,,,,
17956000,4489,3.625,,1.2459158897399902,,,,3.625,,,,,,,,,
17960000,4490,4.125,,1.3062429428100586,,,,4.125,,,,,,,,,
17964000,4491,3.5,,1.2111212015151978,,,,3.5,,,,,,,,,
17968000,4492,4.5,,1.2604001760482788,,,,4.5,,,,,,,,,
17972000,4493,2.75,,1.2177518606185913,,,,2.75,,,,,,,,,
17976000,4494,4.0,,1.238020896911621,,,,4.0,,,,,,,,,
17980000,4495,3.875,,1.2816150188446045,,,,3.875,,,,,,,,,
17984000,4496,4.5,,1.2709028720855713,,,,4.5,,,,,,,,,
17988000,4497,4.0,,1.1867387294769287,,,,4.0,,,,,,,,,
17992000,4498,4.125,,1.256678819656372,,,,4.125,,,,,,,,,
17996000,4499,3.875,,1.2713828086853027,,,,3.875,,,,,,,,,
18000000,4500,3.875,,1.2271798849105835,,,,3.875,,,,,,,,,
18004000,4501,3.75,,1.284900426864624,,,,3.75,,,,,,,,,
18008000,4502,3.875,,1.3342360258102417,,,,3.875,,,,,,,,,
18012000,4503,4.0,,1.215149164199829,,,,4.0,,,,,,,,,
18016000,4504,3.75,,1.2859885692596436,,,,3.75,,,,,,,,,
18020000,4505,4.125,,1.2336342334747314,,,,4.125,,,,,,,,,
18024000,4506,3.875,,1.2256598472595215,,,,3.875,,,,,,,,,
18028000,4507,2.625,,1.263153076171875,,,,2.625,,,,,,,,,
18032000,4508,4.0,,1.2154781818389893,,,,4.0,,,,,,,,,
18036000,4509,3.875,,1.2534372806549072,,,,3.875,,,,,,,,,
18040000,4510,3.875,,1.238271713256836,,,,3.875,,,,,,,,,
18044000,4511,3.625,,1.2374275922775269,,,,3.625,,,,,,,,,
18048000,4512,3.5,,1.2304627895355225,,,,3.5,,,,,,,,,
18052000,4513,4.0,,1.2822927236557007,,,,4.0,,,,,,,,,
18056000,4514,3.375,,1.272270917892456,,,,3.375,,,,,,,,,
18060000,4515,4.125,,1.2214787006378174,,,,4.125,,,,,,,,,
18064000,4516,4.25,,1.2533570528030396,,,,4.25,,,,,,,,,
18068000,4517,4.0,,1.2499892711639404,,,,4.0,,,,,,,,,
18072000,4518,4.375,,1.248645544052124,,,,4.375,,,,,,,,,
18076000,4519,3.625,,1.2515275478363037,,,,3.625,,,,,,,,,
18080000,4520,4.0,,1.264668583869934,,,,4.0,,,,,,,,,
18084000,4521,3.75,,1.2536450624465942,,,,3.75,,,,,,,,,
18088000,4522,4.125,,1.2423475980758667,,,,4.125,,,,,,,,,
18092000,4523,4.0,,1.2886292934417725,,,,4.0,,,,,,,,,
18096000,4524,3.75,,1.248645305633545,,,,3.75,,,,,,,,,
18100000,4525,3.875,,1.2620177268981934,,,,3.875,,,,,,,,,
18104000,4526,4.25,,1.2523419857025146,,,,4.25,,,,,,,,,
18108000,4527,4.25,,1.2461426258087158,,,,4.25,,,,,,,,,
18112000,4528,4.0,,1.2163256406784058,,,,4.0,,,,,,,,,
18116000,4529,3.625,,1.296987533569336,,,,3.625,,,,,,,,,
18120000,4530,2.625,,1.25993812084198,,,,2.625,,,,,,,,,
18124000,4531,4.125,,1.2497656345367432,,,,4.125,,,,,,,,,
18128000,4532,3.875,,1.2560172080993652,,,,3.875,,,,,,,,,
18132000,4533,3.875,,1.279078722000122,,,,3.875,,,,,,,,,
18136000,4534,4.0,,1.2451322078704834,,,,4.0,,,,,,,,,
18140000,4535,3.25,,1.2592514753341675,,,,3.25,,,,,,,,,
18144000,4536,4.125,,1.2194342613220215,,,,4.125,,,,,,,,,
18148000,4537,4.375,,1.2322700023651123,,,,4.375,,,,,,,,,
18152000,4538,4.5,,1.3071858882904053,,,,4.5,,,,,,,,,
18156000,4539,4.25,,1.3342492580413818,,,,4.25,,,,,,,,,
18160000,4540,4.125,,1.2176846265792847,,,,4.125,,,,,,,,,
18164000,4541,4.125,,1.2423603534698486,,,,4.125,,,,,,,,,
18168000,4542,3.875,,1.334581971168518,,,,3.875,,,,,,,,,
18172000,4543,4.25,,1.2523295879364014,,,,4.25,,,,,,,,,
18176000,4544,3.625,,1.2653940916061401,,,,3.625,,,,,,,,,
18180000,4545,3.875,,1.2865833044052124,,,,3.875,,,,,,,,,
18184000,4546,2.875,,1.3042494058609009,,,,2.875,,,,,,,,,
18188000,4547,3.875,,1.2536985874176025,,,,3.875,,,,,,,,,
18192000,4548,3.25,,1.2415015697479248,,,,3.25,,,,,,,,,
18196000,4549,4.25,,1.261046051979065,,,,4.25,,,,,,,,,
18200000,4550,2.75,,1.2757750749588013,,,,2.75,,,,,,,,,
18204000,4551,3.75,,1.2854121923446655,,,,3.75,,,,,,,,,
18208000,4552,3.75,,1.338008165359497,,,,3.75,,,,,,,,,
18212000,4553,3.75,,1.3291208744049072,,,,3.75,,,,,,,,,
18216000,4554,4.0,,1.3111214637756348,,,,4.0,,,,,,,,,
18220000,4555,3.0,,1.3118553161621094,,,,3.0,,,,,,,,,
18224000,4556,3.75,,1.2895047664642334,,,,3.75,,,,,,,,,
18228000,4557,3.75,,1.2782479524612427,,,,3.75,,,,,,,,,
18232000,4558,3.5,,1.3125675916671753,,,,3.5,,,,,,,,,
18236000,4559,3.25,,1.3510041236877441,,,,3.25,,,,,,,,,
18240000,4560,4.125,,1.3034470081329346,,,,4.125,,,,,,,,,
18244000,4561,3.625,,1.2609264850616455,,,,3.625,,,,,,,,,
18248000,4562,4.25,,1.336418867111206,,,,4.25,,,,,,,,,
18252000,4563,3.625,,1.2785136699676514,,,,3.625,,,,,,,,,
18256000,4564,3.0,,1.202800989151001,,,,3.0,,,,,,,,,
18260000,4565,3.0,,1.2520054578781128,,,,3.0,,,,,,,,,
18264000,4566,3.375,,1.2978997230529785,,,,3.375,,,,,,,,,
18268000,4567,4.0,,1.2826051712036133,,,,4.0,,,,,,,,,
18272000,4568,4.0,,1.307199478149414,,,,4.0,,,,,,,,,
18276000,4569,3.75,,1.264885663986206,,,,3.75,,,,,,,,,
18280000,4570,2.625,,1.3194139003753662,,,,2.625,,,,,,,,,
18284000,4571,3.5,,1.333606243133545,,,,3.5,,,,,,,,,
18288000,4572,3.75,,1.262338399887085,,,,3.75,,,,,,,,,
18292000,4573,4.125,,1.303956151008606,,,,4.125,,,,,,,,,
18296000,4574,3.625,,1.2439343929290771,,,,3.625,,,,,,,,,
18300000,4575,4.0,,1.2661867141723633,,,,4.0,,,,,,,,,
18304000,4576,3.75,,1.305954933166504,,,,3.75,,,,,,,,,
18308000,4577,4.125,,1.301013708114624,,,,4.125,,,,,,,,,
18312000,4578,4.0,,1.27388334274292,,,,4.0,,,,,,,,,
18316000,4579,3.75,,1.214738368988037,,,,3.75,,,,,,,,,
18320000,4580,4.375,,1.3126659393310547,,,,4.375,,,,,,,,,
18324000,4581,3.625,,1.3128962516784668,,,,3.625,,,,,,,,,
18328000,4582,3.375,,1.324070930480957,,,,3.375,,,,,,,,,
18332000,4583,4.125,,1.2681463956832886,,,,4.125,,,,,,,,,
18336000,4584,2.875,,1.2537423372268677,,,,2.875,,,,,,,,,
18340000,4585,3.75,,1.268021821975708,,,,3.75,,,,,,,,,
18344000,4586,4.0,,1.2635259628295898,,,,4.0,,,,,,,,,
18348000,4587,2.75,,1.32736074924469,,,,2.75,,,,,,,,,
18352000,4588,3.625,,1.242396354675293,,,,3.625,,,,,,,,,
18356000,4589,3.25,,1.278488039970398,,,,3.25,,,,,,,,,
18360000,4590,3.25,,1.256819486618042,,,,3.25,,,,,,,,,
18364000,4591,3.875,,1.2935961484909058,,,,3.875,,,,,,,,,
18368000,4592,3.875,,1.3142762184143066,,,,3.875,,,,,,,,,
18372000,4593,3.25,,1.2188563346862793,,,,3.25,,,,,,,,,
18376000,4594,3.75,,1.2497849464416504,,,,3.75,,,,,,,,,
18380000,4595,3.125,,1.2500654458999634,,,,3.125,,,,,,,,,
18384000,4596,3.875,,1.3027634620666504,,,,3.875,,,,,,,,,
18388000,4597,3.875,,1.275148868560791,,,,3.875,,,,,,,,,
18392000,4598,3.5,,1.2766417264938354,,,,3.5,,,,,,,,,
18396000,4599,3.5,,1.277195692062378,,,,3.5,,,,,,,,,
18400000,4600,4.125,,1.2440168857574463,,,,4.125,,,,,,,,,
18404000,4601,2.375,,1.2771713733673096,,,,2.375,,,,,,,,,
18408000,4602,4.0,,1.2927271127700806,,,,4.0,,,,,,,,,
18412000,4603,3.25,,1.3020226955413818,,,,3.25,,,,,,,,,
18416000,4604,2.75,,1.2629356384277344,,,,2.75,,,,,,,,,
18420000,4605,3.625,,1.2461133003234863,,,,3.625,,,,,,,,,
18424000,4606,2.625,,1.2987022399902344,,,,2.625,,,,,,,,,
18428000,4607,2.75,,1.2677772045135498,,,,2.75,,,,,,,,,
18432000,4608,3.125,,1.26885986328125,,,,3.125,,,,,,,,,
18436000,4609,2.0,,1.2649070024490356,,,,2.0,,,,,,,,,
18440000,4610,3.75,,1.2113471031188965,,,,3.75,,,,,,,,,
18444000,4611,3.5,,1.235702633857727,,,,3.5,,,,,,,,,
18448000,4612,3.25,,1.2874493598937988,,,,3.25,,,,,,,,,
18452000,4613,3.625,,1.258281946182251,,,,3.625,,,,,,,,,
18456000,4614,3.0,,1.3238203525543213,,,,3.0,,,,,,,,,
18460000,4615,4.375,,1.3203020095825195,,,,4.375,,,,,,,,,
18464000,4616,3.875,,1.209265947341919,,,,3.875,,,,,,,,,
18468000,4617,4.25,,1.2864501476287842,,,,4.25,,,,,,,,,
18472000,4618,3.5,,1.2835476398468018,,,,3.5,,,,,,,,,
18476000,4619,4.375,,1.207850694656372,,,,4.375,,,,,,,,,
18480000,4620,4.0,,1.2663254737854004,,,,4.0,,,,,,,,,
18484000,4621,4.125,,1.291394591331482,,,,4.125,,,,,,,,,
18488000,4622,3.75,,1.3332829475402832,,,,3.75,,,,,,,,,
18492000,4623,4.0,,1.1727561950683594,,,,4.0,,,,,,,,,
18496000,4624,4.375,,1.1784173250198364,,,,4.375,,,,,,,,,
18500000,4625,3.5,,1.2386367321014404,,,,3.5,,,,,,,,,
18504000,4626,3.75,,1.2362217903137207,,,,3.75,,,,,,,,,
18508000,4627,4.5,,1.2513387203216553,,,,4.5,,,,,,,,,
18512000,4628,4.0,,1.2782578468322754,,,,4.0,,,,,,,,,
18516000,4629,4.5,,1.2820708751678467,,,,4.5,,,,,,,,,
18520000,4630,3.625,,1.2718662023544312,,,,3.625,,,,,,,,,
18524000,4631,3.75,,1.2566362619400024,,,,3.75,,,,,,,,,
18528000,4632,4.25,,1.2810938358306885,,,,4.25,,,,,,,,,
18532000,4633,4.25,,1.2256431579589844,,,,4.25,,,,,,,,,
18536000,4634,4.25,,1.2403764724731445,,,,4.25,,,,,,,,,
18540000,4635,3.125,,1.3112704753875732,,,,3.125,,,,,,,,,
18544000,4636,3.0,,1.2705979347229004,,,,3.0,,,,,,,,,
18548000,4637,4.125,,1.2152252197265625,,,,4.125,,,,,,,,,
18552000,4638,4.625,,1.2623494863510132,,,,4.625,,,,,,,,,
18556000,4639,4.375,,1.244390606880188,,,,4.375,,,,,,,,,
18560000,4640,3.625,,1.2281100749969482,,,,3.625,,,,,,,,,
18564000,4641,4.0,,1.2393025159835815,,,,4.0,,,,,,,,,
18568000,4642,4.375,,1.2522181272506714,,,,4.375,,,,,,,,,
18572000,4643,3.25,,1.3025497198104858,,,,3.25,,,,,,,,,
18576000,4644,4.375,,1.262288212776184,,,,4.375,,,,,,,,,
18580000,4645,4.25,,1.2200982570648193,,,,4.25,,,,,,,,,
18584000,4646,2.375,,1.253617525100708,,,,2.375,,,,,,,,,
18588000,4647,4.125,,1.2893342971801758,,,,4.125,,,,,,,,,
18592000,4648,3.625,,1.235944151878357,,,,3.625,,,,,,,,,
18596000,4649,3.625,,1.211438536643982,,,,3.625,,,,,,,,,
18600000,4650,4.25,,1.2868343591690063,,,,4.25,,,,,,,,,
18604000,4651,2.625,,1.2684764862060547,,,,2.625,,,,,,,,,
18608000,4652,4.0,,1.2224059104919434,,,,4.0,,,,,,,,,
18612000,4653,3.75,,1.267927885055542,,,,3.75,,,,,,,,,
18616000,4654,3.875,,1.2325482368469238,,,,3.875,,,,,,,,,
18620000,4655,2.625,,1.2743263244628906,,,,2.625,,,,,,,,,
18624000,4656,3.625,,1.2576940059661865,,,,3.625,,,,,,,,,
18628000,4657,3.375,,1.2336766719818115,,,,3.375,,,,,,,,,
18632000,4658,4.0,,1.2981739044189453,,,,4.0,,,,,,,,,
18636000,4659,2.375,,1.1665844917297363,,,,2.375,,,,,,,,,
18640000,4660,3.625,,1.1812801361083984,,,,3.625,,,,,,,,,
18644000,4661,2.625,,1.2037782669067383,,,,2.625,,,,,,,,,
18648000,4662,3.625,,1.162680983543396,,,,3.625,,,,,,,,,
18652000,4663,4.0,,1.2677490711212158,,,,4.0,,,,,,,,,
18656000,4664,3.375,,1.2042732238769531,,,,3.375,,,,,,,,,
18660000,4665,4.625,,1.2081642150878906,,,,4.625,,,,,,,,,
18664000,4666,3.0,,1.2435641288757324,,,,3.0,,,,,,,,,
18668000,4667,4.375,,1.2130838632583618,,,,4.375,,,,,,,,,
18672000,4668,3.75,,1.169960379600525,,,,3.75,,,,,,,,,
18676000,4669,4.0,,1.2727091312408447,,,,4.0,,,,,,,,,
18680000,4670,3.125,,1.218078374862671,,,,3.125,,,,,,,,,
18684000,4671,3.625,,1.2258093357086182,,,,3.625,,,,,,,,,
18688000,4672,3.5,,1.215409278869629,,,,3.5,,,,,,,,,
18692000,4673,3.625,,1.2211964130401611,,,,3.625,,,,,,,,,
18696000,4674,3.625,,1.2915031909942627,,,,3.625,,,,,,,,,
18700000,4675,3.375,,1.238065242767334,,,,3.375,,,,,,,,,
18704000,4676,3.75,,1.2024214267730713,,,,3.75,,,,,,,,,
18708000,4677,4.125,,1.2349040508270264,,,,4.125,,,,,,,,,
18712000,4678,3.875,,1.2460851669311523,,,,3.875,,,,,,,,,
18716000,4679,4.5,,1.2174804210662842,,,,4.5,,,,,,,,,
18720000,4680,3.25,,1.2964428663253784,,,,3.25,,,,,,,,,
18724000,4681,3.625,,1.2770450115203857,,,,3.625,,,,,,,,,
18728000,4682,4.0,,1.2681620121002197,,,,4.0,,,,,,,,,
18732000,4683,3.5,,1.235771894454956,,,,3.5,,,,,,,,,
18736000,4684,3.375,,1.2417923212051392,,,,3.375,,,,,,,,,
18740000,4685,4.0,,1.1783500909805298,,,,4.0,,,,,,,,,
18744000,4686,4.25,,1.1967753171920776,,,,4.25,,,,,,,,,
18748000,4687,2.875,,1.2057688236236572,,,,2.875,,,,,,,,,
18752000,4688,3.5,,1.1740700006484985,,,,3.5,,,,,,,,,
18756000,4689,3.25,,1.2598533630371094,,,,3.25,,,,,,,,,
18760000,4690,2.75,,1.24635910987854,,,,2.75,,,,,,,,,
18764000,4691,4.0,,1.1715317964553833,,,,4.0,,,,,,,,,
18768000,4692,4.375,,1.2175278663635254,,,,4.375,,,,,,,,,
18772000,4693,3.75,,1.215736746788025,,,,3.75,,,,,,,,,
18776000,4694,4.5,,1.2688169479370117,,,,4.5,,,,,,,,,
18780000,4695,4.0,,1.2545957565307617,,,,4.0,,,,,,,,,
18784000,4696,4.375,,1.2280914783477783,,,,4.375,,,,,,,,,
18788000,4697,4.0,,1.2143783569335938,,,,4.0,,,,,,,,,
18792000,4698,3.625,,1.246143102645874,,,,3.625,,,,,,,,,
18796000,4699,4.25,,1.2607190608978271,,,,4.25,,,,,,,,,
18800000,4700,3.5,,1.2452425956726074,,,,3.5,,,,,,,,,
18804000,4701,3.875,,1.2370412349700928,,,,3.875,,,,,,,,,
18808000,4702,4.0,,1.2273050546646118,,,,4.0,,,,,,,,,
18812000,4703,4.125,,1.242964506149292,,,,4.125,,,,,,,,,
18816000,4704,3.375,,1.2107129096984863,,,,3.375,,,,,,,,,
18820000,4705,3.625,,1.2145377397537231,,,,3.625,,,,,,,,,
18824000,4706,4.25,,1.1913853883743286,,,,4.25,,,,,,,,,
18828000,4707,3.875,,1.2531509399414062,,,,3.875,,,,,,,,,
18832000,4708,3.125,,1.2246930599212646,,,,3.125,,,,,,,,,
18836000,4709,3.875,,1.2154228687286377,,,,3.875,,,,,,,,,
18840000,4710,4.25,,1.1995869874954224,,,,4.25,,,,,,,,,
18844000,4711,4.125,,1.2462877035140991,,,,4.125,,,,,,,,,
18848000,4712,3.0,,1.2360117435455322,,,,3.0,,,,,,,,,
18852000,4713,2.75,,1.2188857793807983,,,,2.75,,,,,,,,,
18856000,4714,2.5,,1.2399982213974,,,,2.5,,,,,,,,,
18860000,4715,2.625,,1.225589394569397,,,,2.625,,,,,,,,,
18864000,4716,3.75,,1.2444078922271729,,,,3.75,,,,,,,,,
18868000,4717,4.125,,1.2133538722991943,,,,4.125,,,,,,,,,
18872000,4718,4.125,,1.2236294746398926,,,,4.125,,,,,,,,,
18876000,4719,3.5,,1.253135085105896,,,,3.5,,,,,,,,,
18880000,4720,4.0,,1.1999496221542358,,,,4.0,,,,,,,,,
18884000,4721,3.875,,1.1966779232025146,,,,3.875,,,,,,,,,
18888000,4722,3.5,,1.2709319591522217,,,,3.5,,,,,,,,,
18892000,4723,4.0,,1.2146046161651611,,,,4.0,,,,,,,,,
18896000,4724,3.875,,1.2260282039642334,,,,3.875,,,,,,,,,
18900000,4725,3.25,,1.2516626119613647,,,,3.25,,,,,,,,,
18904000,4726,4.5,,1.2246105670928955,,,,4.5,,,,,,,,,
18908000,4727,3.375,,1.2759217023849487,,,,3.375,,,,,,,,,
18912000,4728,3.625,,1.2087152004241943,,,,3.625,,,,,,,,,
18916000,4729,4.125,,1.245133876800537,,,,4.125,,,,,,,,,
18920000,4730,3.5,,1.2101809978485107,,,,3.5,,,,,,,,,
18924000,4731,4.0,,1.1695222854614258,,,,4.0,,,,,,,,,
18928000,4732,3.5,,1.237027645111084,,,,3.5,,,,,,,,,
18932000,4733,3.125,,1.2504894733428955,,,,3.125,,,,,,,,,
18936000,4734,3.0,,1.1895115375518799,,,,3.0,,,,,,,,,
18940000,4735,3.375,,1.242470145225525,,,,3.375,,,,,,,,,
18944000,4736,3.75,,1.283438801765442,,,,3.75,,,,,,,,,
18948000,4737,4.0,,1.2399396896362305,,,,4.0,,,,,,,,,
18952000,4738,4.0,,1.2289824485778809,,,,4.0,,,,,,,,,
18956000,4739,3.875,,1.2504971027374268,,,,3.875,,,,,,,,,
18960000,4740,4.125,,1.281954288482666,,,,4.125,,,,,,,,,
18964000,4741,3.25,,1.249399185180664,,,,3.25,,,,,,,,,
18968000,4742,3.625,,1.2145273685455322,,,,3.625,,,,,,,,,
18972000,4743,3.25,,1.268747091293335,,,,3.25,,,,,,,,,
18976000,4744,4.125,,1.2146451473236084,,,,4.125,,,,,,,,,
18980000,4745,4.25,,1.279650330543518,,,,4.25,,,,,,,,,
18984000,4746,3.625,,1.2642223834991455,,,,3.625,,,,,,,,,
18988000,4747,4.25,,1.2089787721633911,,,,4.25,,,,,,,,,
18992000,4748,3.625,,1.236595869064331,,,,3.625,,,,,,,,,
18996000,4749,4.125,,1.2221723794937134,,,,4.125,,,,,,,,,
19000000,4750,3.75,,1.2463006973266602,,,,3.75,,,,,,,,,
19004000,4751,2.375,,1.2679197788238525,,,,2.375,,,,,,,,,
19008000,4752,3.75,,1.226926565170288,,,,3.75,,,,,,,,,
19012000,4753,2.125,,1.2514604330062866,,,,2.125,,,,,,,,,
19016000,4754,3.375,,1.2157875299453735,,,,3.375,,,,,,,,,
19020000,4755,3.375,,1.291553258895874,,,,3.375,,,,,,,,,
19024000,4756,4.125,,1.2121578454971313,,,,4.125,,,,,,,,,
19028000,4757,3.875,,1.1980546712875366,,,,3.875,,,,,,,,,
19032000,4758,4.125,,1.2334710359573364,,,,4.125,,,,,,,,,
19036000,4759,4.0,,1.2045445442199707,,,,4.0,,,,,,,,,
19040000,4760,4.25,,1.2302358150482178,,,,4.25,,,,,,,,,
19044000,4761,3.375,,1.2408607006072998,,,,3.375,,,,,,,,,
19048000,4762,3.5,,1.2322099208831787,,,,3.5,,,,,,,,,
19052000,4763,4.0,,1.230285406112671,,,,4.0,,,,,,,,,
19056000,4764,4.0,,1.2125678062438965,,,,4.0,,,,,,,,,
19060000,4765,4.0,,1.2263522148132324,,,,4.0,,,,,,,,,
19064000,4766,4.625,,1.2007348537445068,,,,4.625,,,,,,,,,
19068000,4767,4.0,,1.328224539756775,,,,4.0,,,,,,,,,
19072000,4768,4.0,,1.2582011222839355,,,,4.0,,,,,,,,,
19076000,4769,4.125,,1.2152035236358643,,,,4.125,,,,,,,,,
19080000,4770,3.75,,1.1968821287155151,,,,3.75,,,,,,,,,
19084000,4771,3.5,,1.1837832927703857,,,,3.5,,,,,,,,,
19088000,4772,3.75,,1.2185335159301758,,,,3.75,,,,,,,,,
19092000,4773,3.875,,1.219344139099121,,,,3.875,,,,,,,,,
19096000,4774,3.75,,1.175421953201294,,,,3.75,,,,,,,,,
19100000,4775,3.625,,1.2300118207931519,,,,3.625,,,,,,,,,
19104000,4776,4.125,,1.2584425210952759,,,,4.125,,,,,,,,,
19108000,4777,3.0,,1.231887936592102,,,,3.0,,,,,,,,,
19112000,4778,4.125,,1.2208828926086426,,,,4.125,,,,,,,,,
19116000,4779,3.875,,1.21225905418396,,,,3.875,,,,,,,,,
19120000,4780,4.0,,1.24568772315979,,,,4.0,,,,,,,,,
19124000,4781,4.0,,1.222442388534546,,,,4.0,,,,,,,,,
19128000,4782,4.0,,1.2238068580627441,,,,4.0,,,,,,,,,
19132000,4783,3.625,,1.2200927734375,,,,3.625,,,,,,,,,
19136000,4784,4.5,,1.2985239028930664,,,,4.5,,,,,,,,,
19140000,4785,3.875,,1.2610093355178833,,,,3.875,,,,,,,,,
19144000,4786,4.125,,1.1965248584747314,,,,4.125,,,,,,,,,
19148000,4787,3.375,,1.2693225145339966,,,,3.375,,,,,,,,,
19152000,4788,4.0,,1.2726104259490967,,,,4.0,,,,,,,,,
19156000,4789,4.25,,1.2596020698547363,,,,4.25,,,,,,,,,
19160000,4790,3.875,,1.2018004655838013,,,,3.875,,,,,,,,,
19164000,4791,4.25,,1.28256094455719,,,,4.25,,,,,,,,,
19168000,4792,3.875,,1.238114356994629,,,,3.875,,,,,,,,,
19172000,4793,4.625,,1.2786500453948975,,,,4.625,,,,,,,,,
19176000,4794,4.375,,1.2586803436279297,,,,4.375,,,,,,,,,
19180000,4795,3.75,,1.2814555168151855,,,,3.75,,,,,,,,,
19184000,4796,4.75,,1.2257190942764282,,,,4.75,,,,,,,,,
19188000,4797,4.0,,1.2629835605621338,,,,4.0,,,,,,,,,
19192000,4798,4.0,,1.213578701019287,,,,4.0,,,,,,,,,
19196000,4799,4.0,,1.2004879713058472,,,,4.0,,,,,,,,,
19200000,4800,4.25,,1.2925443649291992,,,,4.25,,,,,,,,,
19204000,4801,3.75,,1.2474892139434814,,,,3.75,,,,,,,,,
19208000,4802,5.0,,1.2966315746307373,,,,5.0,,,,,,,,,
19212000,4803,3.875,,1.2564170360565186,,,,3.875,,,,,,,,,
19216000,4804,4.625,,1.2679033279418945,,,,4.625,,,,,,,,,
19220000,4805,3.875,,1.2568427324295044,,,,3.875,,,,,,,,,
19224000,4806,4.0,,1.2760125398635864,,,,4.0,,,,,,,,,
19228000,4807,1.875,,1.2723321914672852,,,,1.875,,,,,,,,,
19232000,4808,4.375,,1.2585138082504272,,,,4.375,,,,,,,,,
19236000,4809,4.0,,1.270185112953186,,,,4.0,,,,,,,,,
19240000,4810,4.25,,1.2623546123504639,,,,4.25,,,,,,,,,
19244000,4811,3.875,,1.2616956233978271,,,,3.875,,,,,,,,,
19248000,4812,4.375,,1.3240528106689453,,,,4.375,,,,,,,,,
19252000,4813,4.875,,1.2305607795715332,,,,4.875,,,,,,,,,
19256000,4814,4.0,,1.2620666027069092,,,,4.0,,,,,,,,,
19260000,4815,3.625,,1.2377420663833618,,,,3.625,,,,,,,,,
19264000,4816,3.625,,1.282305121421814,,,,3.625,,,,,,,,,
19268000,4817,3.5,,1.3558764457702637,,,,3.5,,,,,,,,,
19272000,4818,4.125,,1.308936357498169,,,,4.125,,,,,,,,,
19276000,4819,4.375,,1.2996717691421509,,,,4.375,,,,,,,,,
19280000,4820,4.125,,1.294115424156189,,,,4.125,,,,,,,,,
19284000,4821,3.75,,1.2211781740188599,,,,3.75,,,,,,,,,
19288000,4822,2.75,,1.2683515548706055,,,,2.75,,,,,,,,,
19292000,4823,4.375,,1.2797871828079224,,,,4.375,,,,,,,,,
19296000,4824,3.0,,1.2864753007888794,,,,3.0,,,,,,,,,
19300000,4825,3.75,,1.2383184432983398,,,,3.75,,,,,,,,,
19304000,4826,4.375,,1.3016750812530518,,,,4.375,,,,,,,,,
19308000,4827,4.875,,1.338092565536499,,,,4.875,,,,,,,,,
19312000,4828,4.0,,1.2868025302886963,,,,4.0,,,,,,,,,
19316000,4829,3.625,,1.3216849565505981,,,,3.625,,,,,,,,,
19320000,4830,4.75,,1.230053186416626,,,,4.75,,,,,,,,,
19324000,4831,4.25,,1.2352943420410156,,,,4.25,,,,,,,,,
19328000,4832,3.625,,1.260914921760559,,,,3.625,,,,,,,,,
19332000,4833,3.375,,1.370819091796875,,,,3.375,,,,,,,,,
19336000,4834,3.25,,1.235022783279419,,,,3.25,,,,,,,,,
19340000,4835,2.375,,1.2489228248596191,,,,2.375,,,,,,,,,
19344000,4836,4.375,,1.2858967781066895,,,,4.375,,,,,,,,,
19348000,4837,3.875,,1.2740403413772583,,,,3.875,,,,,,,,,
19352000,4838,3.25,,1.3063534498214722,,,,3.25,,,,,,,,,
19356000,4839,4.0,,1.260316252708435,,,,4.0,,,,,,,,,
19360000,4840,3.125,,1.2792357206344604,,,,3.125,,,,,,,,,
19364000,4841,3.875,,1.3162367343902588,,,,3.875,,,,,,,,,
19368000,4842,3.875,,1.3242169618606567,,,,3.875,,,,,,,,,
19372000,4843,3.625,,1.3257333040237427,,,,3.625,,,,,,,,,
19376000,4844,4.125,,1.2977508306503296,,,,4.125,,,,,,,,,
19380000,4845,4.625,,1.2692395448684692,,,,4.625,,,,,,,,,
19384000,4846,4.125,,1.3290259838104248,,,,4.125,,,,,,,,,
19388000,4847,3.625,,1.2613840103149414,,,,3.625,,,,,,,,,
19392000,4848,3.25,,1.2537034749984741,,,,3.25,,,,,,,,,
19396000,4849,3.875,,1.2320573329925537,,,,3.875,,,,,,,,,
19400000,4850,3.375,,1.2715299129486084,,,,3.375,,,,,,,,,
19404000,4851,5.125,,1.3089097738265991,,,,5.125,,,,,,,,,
19408000,4852,3.0,,1.2870793342590332,,,,3.0,,,,,,,,,
19412000,4853,4.125,,1.3063710927963257,,,,4.125,,,,,,,,,
19416000,4854,3.5,,1.240843415260315,,,,3.5,,,,,,,,,
19420000,4855,3.625,,1.2558685541152954,,,,3.625,,,,,,,,,
19424000,4856,4.375,,1.2611989974975586,,,,4.375,,,,,,,,,
19428000,4857,4.375,,1.2485010623931885,,,,4.375,,,,,,,,,
19432000,4858,3.875,,1.2855507135391235,,,,3.875,,,,,,,,,
19436000,4859,4.125,,1.3028154373168945,,,,4.125,,,,,,,,,
19440000,4860,4.25,,1.3150235414505005,,,,4.25,,,,,,,,,
19444000,4861,3.5,,1.2489023208618164,,,,3.5,,,,,,,,,
19448000,4862,5.0,,1.2451441287994385,,,,5.0,,,,,,,,,
19452000,4863,3.5,,1.3436119556427002,,,,3.5,,,,,,,,,
19456000,4864,4.25,,1.2795283794403076,,,,4.25,,,,,,,,,
19460000,4865,4.0,,1.2830747365951538,,,,4.0,,,,,,,,,
19464000,4866,2.375,,1.2913705110549927,,,,2.375,,,,,,,,,
19468000,4867,3.375,,1.319822907447815,,,,3.375,,,,,,,,,
19472000,4868,4.25,,1.322878360748291,,,,4.25,,,,,,,,,
19476000,4869,3.375,,1.321599006652832,,,,3.375,,,,,,,,,
19480000,4870,4.375,,1.3300187587738037,,,,4.375,,,,,,,,,
19484000,4871,3.625,,1.3094468116760254,,,,3.625,,,,,,,,,
19488000,4872,4.75,,1.2528818845748901,,,,4.75,,,,,,,,,
19492000,4873,3.25,,1.226981520652771,,,,3.25,,,,,,,,,
19496000,4874,2.375,,1.2425509691238403,,,,2.375,,,,,,,,,
19500000,4875,3.5,,1.3415660858154297,,,,3.5,,,,,,,,,
19504000,4876,3.0,,1.2787723541259766,,,,3.0,,,,,,,,,
19508000,4877,3.25,,1.3261635303497314,,,,3.25,,,,,,,,,
19512000,4878,2.875,,1.2837467193603516,,,,2.875,,,,,,,,,
19516000,4879,3.25,,1.2874417304992676,,,,3.25,,,,,,,,,
19520000,4880,4.75,,1.2876330614089966,,,,4.75,,,,,,,,,
19524000,4881,3.625,,1.2759943008422852,,,,3.625,,,,,,,,,
19528000,4882,4.375,,1.347468376159668,,,,4.375,,,,,,,,,
19532000,4883,4.0,,1.3242833614349365,,,,4.0,,,,,,,,,
19536000,4884,4.25,,1.3211370706558228,,,,4.25,,,,,,,,,
19540000,4885,4.125,,1.2231853008270264,,,,4.125,,,,,,,,,
19544000,4886,4.125,,1.275292158126831,,,,4.125,,,,,,,,,
19548000,4887,4.125,,1.260772705078125,,,,4.125,,,,,,,,,
19552000,4888,2.875,,1.2746448516845703,,,,2.875,,,,,,,,,
19556000,4889,4.5,,1.3349354267120361,,,,4.5,,,,,,,,,
19560000,4890,4.0,,1.3221383094787598,,,,4.0,,,,,,,,,
19564000,4891,3.75,,1.2326555252075195,,,,3.75,,,,,,,,,
19568000,4892,3.5,,1.2633839845657349,,,,3.5,,,,,,,,,
19572000,4893,3.25,,1.2611000537872314,,,,3.25,,,,,,,,,
19576000,4894,3.5,,1.326169729232788,,,,3.5,,,,,,,,,
19580000,4895,4.0,,1.2057960033416748,,,,4.0,,,,,,,,,
19584000,4896,4.0,,1.2350003719329834,,,,4.0,,,,,,,,,
19588000,4897,4.0,,1.2992992401123047,,,,4.0,,,,,,,,,
19592000,4898,3.375,,1.2876391410827637,,,,3.375,,,,,,,,,
19596000,4899,2.375,,1.3428419828414917,,,,2.375,,,,,,,,,
19600000,4900,4.625,,1.2515742778778076,,,,4.625,,,,,,,,,
19604000,4901,4.0,,1.2925870418548584,,,,4.0,,,,,,,,,
19608000,4902,4.25,,1.2210347652435303,,,,4.25,,,,,,,,,
19612000,4903,3.5,,1.2264950275421143,,,,3.5,,,,,,,,,
19616000,4904,4.5,,1.2916333675384521,,,,4.5,,,,,,,,,
19620000,4905,4.625,,1.2598211765289307,,,,4.625,,,,,,,,,
19624000,4906,4.375,,1.3083375692367554,,,,4.375,,,,,,,,,
19628000,4907,3.5,,1.3086423873901367,,,,3.5,,,,,,,,,
19632000,4908,3.75,,1.3057618141174316,,,,3.75,,,,,,,,,
19636000,4909,3.875,,1.244388222694397,,,,3.875,,,,,,,,,
19640000,4910,3.375,,1.2797964811325073,,,,3.375,,,,,,,,,
19644000,4911,4.0,,1.2796554565429688,,,,4.0,,,,,,,,,
19648000,4912,4.375,,1.3225980997085571,,,,4.375,,,,,,,,,
19652000,4913,3.5,,1.2870736122131348,,,,3.5,,,,,,,,,
19656000,4914,3.875,,1.2787539958953857,,,,3.875,,,,,,,,,
19660000,4915,4.375,,1.2533982992172241,,,,4.375,,,,,,,,,
19664000,4916,3.625,,1.3042054176330566,,,,3.625,,,,,,,,,
19668000,4917,4.0,,1.280909776687622,,,,4.0,,,,,,,,,
19672000,4918,4.0,,1.3020559549331665,,,,4.0,,,,,,,,,
19676000,4919,4.25,,1.1915371417999268,,,,4.25,,,,,,,,,
19680000,4920,3.25,,1.2787895202636719,,,,3.25,,,,,,,,,
19684000,4921,4.25,,1.2539454698562622,,,,4.25,,,,,,,,,
19688000,4922,4.0,,1.3307061195373535,,,,4.0,,,,,,,,,
19692000,4923,4.375,,1.2930794954299927,,,,4.375,,,,,,,,,
19696000,4924,4.125,,1.2979382276535034,,,,4.125,,,,,,,,,
19700000,4925,4.625,,1.2257215976715088,,,,4.625,,,,,,,,,
19704000,4926,3.875,,1.2752151489257812,,,,3.875,,,,,,,,,
19708000,4927,4.5,,1.2541122436523438,,,,4.5,,,,,,,,,
19712000,4928,3.625,,1.2613986730575562,,,,3.625,,,,,,,,,
19716000,4929,4.0,,1.2872188091278076,,,,4.0,,,,,,,,,
19720000,4930,3.75,,1.3296101093292236,,,,3.75,,,,,,,,,
19724000,4931,4.375,,1.2543140649795532,,,,4.375,,,,,,,,,
19728000,4932,3.75,,1.225991129875183,,,,3.75,,,,,,,,,
19732000,4933,4.5,,1.2785401344299316,,,,4.5,,,,,,,,,
19736000,4934,4.25,,1.265188455581665,,,,4.25,,,,,,,,,
19740000,4935,3.125,,1.2565512657165527,,,,3.125,,,,,,,,,
19744000,4936,3.875,,1.2441428899765015,,,,3.875,,,,,,,,,
19748000,4937,4.875,,1.2333855628967285,,,,4.875,,,,,,,,,
19752000,4938,4.125,,1.2850916385650635,,,,4.125,,,,,,,,,
19756000,4939,4.25,,1.2986254692077637,,,,4.25,,,,,,,,,
19760000,4940,4.0,,1.2381659746170044,,,,4.0,,,,,,,,,
19764000,4941,3.625,,1.2638587951660156,,,,3.625,,,,,,,,,
19768000,4942,4.0,,1.2267181873321533,,,,4.0,,,,,,,,,
19772000,4943,2.75,,1.2771496772766113,,,,2.75,,,,,,,,,
19776000,4944,3.625,,1.2504329681396484,,,,3.625,,,,,,,,,
19780000,4945,4.125,,1.2598402500152588,,,,4.125,,,,,,,,,
19784000,4946,3.375,,1.2604336738586426,,,,3.375,,,,,,,,,
19788000,4947,3.875,,1.2326146364212036,,,,3.875,,,,,,,,,
19792000,4948,3.625,,1.2369732856750488,,,,3.625,,,,,,,,,
19796000,4949,4.375,,1.3519518375396729,,,,4.375,,,,,,,,,
19800000,4950,3.75,,1.286935806274414,,,,3.75,,,,,,,,,
19804000,4951,4.0,,1.2627251148223877,,,,4.0,,,,,,,,,
19808000,4952,4.0,,1.2779932022094727,,,,4.0,,,,,,,,,
19812000,4953,4.25,,1.2267711162567139,,,,4.25,,,,,,,,,
19816000,4954,4.625,,1.2484190464019775,,,,4.625,,,,,,,,,
19820000,4955,4.0,,1.2548539638519287,,,,4.0,,,,,,,,,
19824000,4956,4.0,,1.2380272150039673,,,,4.0,,,,,,,,,
19828000,4957,2.75,,1.2471246719360352,,,,2.75,,,,,,,,,
19832000,4958,3.625,,1.2117948532104492,,,,3.625,,,,,,,,,
19836000,4959,3.625,,1.2745001316070557,,,,3.625,,,,,,,,,
19840000,4960,3.75,,1.3327332735061646,,,,3.75,,,,,,,,,
19844000,4961,4.375,,1.277559757232666,,,,4.375,,,,,,,,,
19848000,4962,3.125,,1.29937744140625,,,,3.125,,,,,,,,,
19852000,4963,3.125,,1.2720823287963867,,,,3.125,,,,,,,,,
19856000,4964,3.125,,1.21489417552948,,,,3.125,,,,,,,,,
19860000,4965,4.25,,1.2733769416809082,,,,4.25,,,,,,,,,
19864000,4966,4.125,,1.2748316526412964,,,,4.125,,,,,,,,,
19868000,4967,4.5,,1.3098633289337158,,,,4.5,,,,,,,,,
19872000,4968,4.25,,1.287009358406067,,,,4.25,,,,,,,,,
19876000,4969,4.25,,1.2111047506332397,,,,4.25,,,,,,,,,
19880000,4970,4.25,,1.3244365453720093,,,,4.25,,,,,,,,,
19884000,4971,4.5,,1.2326687574386597,,,,4.5,,,,,,,,,
19888000,4972,4.25,,1.2414546012878418,,,,4.25,,,,,,,,,
19892000,4973,3.875,,1.228736162185669,,,,3.875,,,,,,,,,
19896000,4974,4.125,,1.2627942562103271,,,,4.125,,,,,,,,,
19900000,4975,4.5,,1.249311089515686,,,,4.5,,,,,,,,,
19904000,4976,4.0,,1.2583677768707275,,,,4.0,,,,,,,,,
19908000,4977,3.75,,1.2463003396987915,,,,3.75,,,,,,,,,
19912000,4978,4.125,,1.2665996551513672,,,,4.125,,,,,,,,,
19916000,4979,4.875,,1.2816503047943115,,,,4.875,,,,,,,,,
19920000,4980,4.375,,1.3044214248657227,,,,4.375,,,,,,,,,
19924000,4981,3.875,,1.2721699476242065,,,,3.875,,,,,,,,,
19928000,4982,4.375,,1.293431282043457,,,,4.375,,,,,,,,,
19932000,4983,3.625,,1.2179796695709229,,,,3.625,,,,,,,,,
19936000,4984,4.25,,1.2449963092803955,,,,4.25,,,,,,,,,
19940000,4985,4.5,,1.233992338180542,,,,4.5,,,,,,,,,
19944000,4986,3.5,,1.2904798984527588,,,,3.5,,,,,,,,,
19948000,4987,3.875,,1.2191516160964966,,,,3.875,,,,,,,,,
19952000,4988,3.625,,1.245617151260376,,,,3.625,,,,,,,,,
19956000,4989,4.75,,1.2302284240722656,,,,4.75,,,,,,,,,
19960000,4990,4.125,,1.233257532119751,,,,4.125,,,,,,,,,
19964000,4991,4.0,,1.2193938493728638,,,,4.0,,,,,,,,,
19968000,4992,4.5,,1.2462248802185059,,,,4.5,,,,,,,,,
19972000,4993,3.75,,1.2631462812423706,,,,3.75,,,,,,,,,
19976000,4994,3.375,,1.213442087173462,,,,3.375,,,,,,,,,
19980000,4995,4.125,,1.2503423690795898,,,,4.125,,,,,,,,,
19984000,4996,4.625,,1.2307852506637573,,,,4.625,,,,,,,,,
19988000,4997,3.625,,1.2316004037857056,,,,3.625,,,,,,,,,
19992000,4998,4.375,,1.2488609552383423,,,,4.375,,,,,,,,,
19996000,4999,4.0,,1.3007206916809082,,,,4.0,,,,,,,,,
20000000,5000,3.125,,1.2507755756378174,,,,3.125,,,,,,,,,
20004000,5001,4.25,,1.2801165580749512,,,,4.25,,,,,,,,,
20008000,5002,4.25,,1.2771806716918945,,,,4.25,,,,,,,,,
20012000,5003,4.75,,1.2646722793579102,,,,4.75,,,,,,,,,
20016000,5004,4.0,,1.2549819946289062,,,,4.0,,,,,,,,,
20020000,5005,4.125,,1.2683186531066895,,,,4.125,,,,,,,,,
20024000,5006,3.625,,1.2623896598815918,,,,3.625,,,,,,,,,
20028000,5007,3.125,,1.2791695594787598,,,,3.125,,,,,,,,,
20032000,5008,4.5,,1.2605458498001099,,,,4.5,,,,,,,,,
20036000,5009,3.75,,1.259271502494812,,,,3.75,,,,,,,,,
20040000,5010,3.75,,1.3123923540115356,,,,3.75,,,,,,,,,
20044000,5011,4.25,,1.268791913986206,,,,4.25,,,,,,,,,
20048000,5012,4.125,,1.280245304107666,,,,4.125,,,,,,,,,
20052000,5013,3.75,,1.229459524154663,,,,3.75,,,,,,,,,
20056000,5014,4.25,,1.2773988246917725,,,,4.25,,,,,,,,,
20060000,5015,4.25,,1.2863317728042603,,,,4.25,,,,,,,,,
20064000,5016,3.75,,1.2772462368011475,,,,3.75,,,,,,,,,
20068000,5017,3.75,,1.2135465145111084,,,,3.75,,,,,,,,,
20072000,5018,4.0,,1.2515207529067993,,,,4.0,,,,,,,,,
20076000,5019,3.75,,1.2758280038833618,,,,3.75,,,,,,,,,
20080000,5020,4.625,,1.240790843963623,,,,4.625,,,,,,,,,
20084000,5021,4.125,,1.2118141651153564,,,,4.125,,,,,,,,,
20088000,5022,3.625,,1.240287184715271,,,,3.625,,,,,,,,,
20092000,5023,4.0,,1.262109637260437,,,,4.0,,,,,,,,,
20096000,5024,4.0,,1.282090663909912,,,,4.0,,,,,,,,,
20100000,5025,3.375,,1.2244879007339478,,,,3.375,,,,,,,,,
20104000,5026,3.625,,1.2744470834732056,,,,3.625,,,,,,,,,
20108000,5027,4.125,,1.3055416345596313,,,,4.125,,,,,,,,,
20112000,5028,3.625,,1.3241080045700073,,,,3.625,,,,,,,,,
20116000,5029,3.375,,1.2533018589019775,,,,3.375,,,,,,,,,
20120000,5030,4.0,,1.2833772897720337,,,,4.0,,,,,,,,,
20124000,5031,3.25,,1.2946929931640625,,,,3.25,,,,,,,,,
20128000,5032,4.0,,1.2704312801361084,,,,4.0,,,,,,,,,
20132000,5033,3.375,,1.221907138824463,,,,3.375,,,,,,,,,
20136000,5034,2.625,,1.2197115421295166,,,,2.625,,,,,,,,,
20140000,5035,4.375,,1.2931647300720215,,,,4.375,,,,,,,,,
20144000,5036,3.625,,1.212327241897583,,,,3.625,,,,,,,,,
20148000,5037,3.625,,1.2425692081451416,,,,3.625,,,,,,,,,
20152000,5038,3.625,,1.204383134841919,,,,3.625,,,,,,,,,
20156000,5039,4.375,,1.287635326385498,,,,4.375,,,,,,,,,
20160000,5040,3.25,,1.2721953392028809,,,,3.25,,,,,,,,,
20164000,5041,4.0,,1.249903917312622,,,,4.0,,,,,,,,,
20168000,5042,3.375,,1.2394988536834717,,,,3.375,,,,,,,,,
20172000,5043,2.5,,1.235459327697754,,,,2.5,,,,,,,,,
20176000,5044,3.625,,1.2600276470184326,,,,3.625,,,,,,,,,
20180000,5045,4.0,,1.2040235996246338,,,,4.0,,,,,,,,,
20184000,5046,4.25,,1.2372467517852783,,,,4.25,,,,,,,,,
20188000,5047,3.75,,1.2632145881652832,,,,3.75,,,,,,,,,
20192000,5048,4.125,,1.2208220958709717,,,,4.125,,,,,,,,,
20196000,5049,3.875,,1.191002368927002,,,,3.875,,,,,,,,,
20200000,5050,2.0,,1.208972454071045,,,,2.0,,,,,,,,,
20204000,5051,4.375,,1.2776107788085938,,,,4.375,,,,,,,,,
20208000,5052,2.5,,1.2293106317520142,,,,2.5,,,,,,,,,
20212000,5053,2.75,,1.199253797531128,,,,2.75,,,,,,,,,
20216000,5054,2.625,,1.2213388681411743,,,,2.625,,,,,,,,,
20220000,5055,1.75,,1.1774704456329346,,,,1.75,,,,,,,,,
20224000,5056,2.25,,1.264150857925415,,,,2.25,,,,,,,,,
20228000,5057,4.5,,1.2064177989959717,,,,4.5,,,,,,,,,
20232000,5058,2.75,,1.2425397634506226,,,,2.75,,,,,,,,,
20236000,5059,4.25,,1.1797940731048584,,,,4.25,,,,,,,,,
20240000,5060,4.125,,1.2063024044036865,,,,4.125,,,,,,,,,
20244000,5061,4.0,,1.1785186529159546,,,,4.0,,,,,,,,,
20248000,5062,3.25,,1.2537051439285278,,,,3.25,,,,,,,,,
20252000,5063,3.25,,1.1995679140090942,,,,3.25,,,,,,,,,
20256000,5064,3.5,,1.2235932350158691,,,,3.5,,,,,,,,,
20260000,5065,4.75,,1.2412350177764893,,,,4.75,,,,,,,,,
20264000,5066,4.0,,1.2461047172546387,,,,4.0,,,,,,,,,
20268000,5067,2.25,,1.22609543800354,,,,2.25,,,,,,,,,
20272000,5068,3.5,,1.2142767906188965,,,,3.5,,,,,,,,,
20276000,5069,4.125,,1.256044864654541,,,,4.125,,,,,,,,,
20280000,5070,3.875,,1.2336012125015259,,,,3.875,,,,,,,,,
20284000,5071,4.125,,1.2014563083648682,,,,4.125,,,,,,,,,
20288000,5072,4.125,,1.198789119720459,,,,4.125,,,,,,,,,
20292000,5073,3.875,,1.2079133987426758,,,,3.875,,,,,,,,,
20296000,5074,3.5,,1.2486587762832642,,,,3.5,,,,,,,,,
20300000,5075,4.625,,1.1449366807937622,,,,4.625,,,,,,,,,
20304000,5076,4.25,,1.2079710960388184,,,,4.25,,,,,,,,,
20308000,5077,4.125,,1.1927485466003418,,,,4.125,,,,,,,,,
20312000,5078,3.5,,1.2004910707473755,,,,3.5,,,,,,,,,
20316000,5079,3.625,,1.1958191394805908,,,,3.625,,,,,,,,,
20320000,5080,4.375,,1.1815096139907837,,,,4.375,,,,,,,,,
20324000,5081,3.875,,1.1751408576965332,,,,3.875,,,,,,,,,
20328000,5082,4.125,,1.2013559341430664,,,,4.125,,,,,,,,,
20332000,5083,3.875,,1.2256908416748047,,,,3.875,,,,,,,,,
20336000,5084,3.75,,1.3249602317810059,,,,3.75,,,,,,,,,
20340000,5085,4.125,,1.1881160736083984,,,,4.125,,,,,,,,,
20344000,5086,4.25,,1.1664116382598877,,,,4.25,,,,,,,,,
20348000,5087,4.0,,1.2320539951324463,,,,4.0,,,,,,,,,
20352000,5088,3.75,,1.2613656520843506,,,,3.75,,,,,,,,,
20356000,5089,3.75,,1.197174072265625,,,,3.75,,,,,,,,,
20360000,5090,4.125,,1.2488460540771484,,,,4.125,,,,,,,,,
20364000,5091,4.0,,1.1839489936828613,,,,4.0,,,,,,,,,
20368000,5092,3.875,,1.1850839853286743,,,,3.875,,,,,,,,,
20372000,5093,3.875,,1.2218366861343384,,,,3.875,,,,,,,,,
20376000,5094,2.75,,1.1889398097991943,,,,2.75,,,,,,,,,
20380000,5095,4.5,,1.2469735145568848,,,,4.5,,,,,,,,,
20384000,5096,4.125,,1.2421296834945679,,,,4.125,,,,,,,,,
20388000,5097,3.375,,1.182835578918457,,,,3.375,,,,,,,,,
20392000,5098,4.125,,1.1950279474258423,,,,4.125,,,,,,,,,
20396000,5099,3.5,,1.2612760066986084,,,,3.5,,,,,,,,,
20400000,5100,3.875,,1.2077054977416992,,,,3.875,,,,,,,,,
20404000,5101,4.125,,1.1600295305252075,,,,4.125,,,,,,,,,
20408000,5102,2.625,,1.1897974014282227,,,,2.625,,,,,,,,,
20412000,5103,3.125,,1.2351577281951904,,,,3.125,,,,,,,,,
20416000,5104,3.375,,1.1990267038345337,,,,3.375,,,,,,,,,
20420000,5105,3.75,,1.1817808151245117,,,,3.75,,,,,,,,,
20424000,5106,3.875,,1.2062427997589111,,,,3.875,,,,,,,,,
20428000,5107,3.375,,1.1871715784072876,,,,3.375,,,,,,,,,
20432000,5108,3.75,,1.2239774465560913,,,,3.75,,,,,,,,,
20436000,5109,3.875,,1.1667253971099854,,,,3.875,,,,,,,,,
20440000,5110,4.0,,1.183157205581665,,,,4.0,,,,,,,,,
20444000,5111,4.0,,1.159737467765808,,,,4.0,,,,,,,,,
20448000,5112,4.0,,1.1863899230957031,,,,4.0,,,,,,,,,
20452000,5113,5.125,,1.2303948402404785,,,,5.125,,,,,,,,,
20456000,5114,4.25,,1.2417163848876953,,,,4.25,,,,,,,,,
20460000,5115,4.25,,1.1953532695770264,,,,4.25,,,,,,,,,
20464000,5116,4.125,,1.17537260055542,,,,4.125,,,,,,,,,
20468000,5117,1.875,,1.1643732786178589,,,,1.875,,,,,,,,,
20472000,5118,4.0,,1.180617332458496,,,,4.0,,,,,,,,,
20476000,5119,4.25,,1.191065788269043,,,,4.25,,,,,,,,,
20480000,5120,4.125,,1.1850216388702393,,,,4.125,,,,,,,,,
20484000,5121,3.75,,1.212191104888916,,,,3.75,,,,,,,,,
20488000,5122,2.875,,1.2501821517944336,,,,2.875,,,,,,,,,
20492000,5123,4.375,,1.208107590675354,,,,4.375,,,,,,,,,
20496000,5124,3.5,,1.112607479095459,,,,3.5,,,,,,,,,
20500000,5125,4.0,,1.201368808746338,,,,4.0,,,,,,,,,
20504000,5126,3.875,,1.239084243774414,,,,3.875,,,,,,,,,
20508000,5127,3.875,,1.1899173259735107,,,,3.875,,,,,,,,,
20512000,5128,4.125,,1.1792157888412476,,,,4.125,,,,,,,,,
20516000,5129,3.625,,1.2130053043365479,,,,3.625,,,,,,,,,
20520000,5130,4.125,,1.243849277496338,,,,4.125,,,,,,,,,
20524000,5131,3.875,,1.1866295337677002,,,,3.875,,,,,,,,,
20528000,5132,3.25,,1.14288330078125,,,,3.25,,,,,,,,,
20532000,5133,4.25,,1.1494306325912476,,,,4.25,,,,,,,,,
20536000,5134,3.875,,1.1677613258361816,,,,3.875,,,,,,,,,
20540000,5135,3.5,,1.2064831256866455,,,,3.5,,,,,,,,,
20544000,5136,4.25,,1.2037602663040161,,,,4.25,,,,,,,,,
20548000,5137,4.625,,1.1763010025024414,,,,4.625,,,,,,,,,
20552000,5138,4.75,,1.1400710344314575,,,,4.75,,,,,,,,,
20556000,5139,4.125,,1.1435987949371338,,,,4.125,,,,,,,,,
20560000,5140,3.5,,1.2064399719238281,,,,3.5,,,,,,,,,
20564000,5141,3.625,,1.1724976301193237,,,,3.625,,,,,,,,,
20568000,5142,3.875,,1.239601492881775,,,,3.875,,,,,,,,,
20572000,5143,3.5,,1.1908706426620483,,,,3.5,,,,,,,,,
20576000,5144,4.25,,1.1726727485656738,,,,4.25,,,,,,,,,
20580000,5145,3.25,,1.2097179889678955,,,,3.25,,,,,,,,,
20584000,5146,4.0,,1.1705108880996704,,,,4.0,,,,,,,,,
20588000,5147,3.875,,1.1982442140579224,,,,3.875,,,,,,,,,
20592000,5148,3.25,,1.2055569887161255,,,,3.25,,,,,,,,,
20596000,5149,4.25,,1.2047836780548096,,,,4.25,,,,,,,,,
20600000,5150,3.75,,1.1768572330474854,,,,3.75,,,,,,,,,
20604000,5151,2.125,,1.2005047798156738,,,,2.125,,,,,,,,,
20608000,5152,4.0,,1.2135320901870728,,,,4.0,,,,,,,,,
20612000,5153,4.125,,1.2448859214782715,,,,4.125,,,,,,,,,
20616000,5154,4.0,,1.1944462060928345,,,,4.0,,,,,,,,,
20620000,5155,4.125,,1.1996309757232666,,,,4.125,,,,,,,,,
20624000,5156,3.625,,1.2226557731628418,,,,3.625,,,,,,,,,
20628000,5157,4.25,,1.2170491218566895,,,,4.25,,,,,,,,,
20632000,5158,3.875,,1.1852242946624756,,,,3.875,,,,,,,,,
20636000,5159,4.25,,1.1973822116851807,,,,4.25,,,,,,,,,
20640000,5160,3.75,,1.2335822582244873,,,,3.75,,,,,,,,,
20644000,5161,3.375,,1.1682372093200684,,,,3.375,,,,,,,,,
20648000,5162,3.25,,1.200846791267395,,,,3.25,,,,,,,,,
20652000,5163,3.625,,1.2014144659042358,,,,3.625,,,,,,,,,
20656000,5164,3.875,,1.2465393543243408,,,,3.875,,,,,,,,,
20660000,5165,4.375,,1.2110779285430908,,,,4.375,,,,,,,,,
20664000,5166,3.625,,1.188507080078125,,,,3.625,,,,,,,,,
20668000,5167,4.0,,1.2062687873840332,,,,4.0,,,,,,,,,
20672000,5168,3.125,,1.211792230606079,,,,3.125,,,,,,,,,
20676000,5169,4.5,,1.1868139505386353,,,,4.5,,,,,,,,,
20680000,5170,3.0,,1.2373977899551392,,,,3.0,,,,,,,,,
20684000,5171,4.625,,1.2007217407226562,,,,4.625,,,,,,,,,
20688000,5172,4.375,,1.24857497215271,,,,4.375,,,,,,,,,
20692000,5173,3.875,,1.2447564601898193,,,,3.875,,,,,,,,,
20696000,5174,4.25,,1.2656432390213013,,,,4.25,,,,,,,,,
20700000,5175,3.5,,1.1816080808639526,,,,3.5,,,,,,,,,
20704000,5176,3.75,,1.2661335468292236,,,,3.75,,,,,,,,,
20708000,5177,4.625,,1.174575924873352,,,,4.625,,,,,,,,,
20712000,5178,4.75,,1.2309081554412842,,,,4.75,,,,,,,,,
20716000,5179,4.0,,1.199838399887085,,,,4.0,,,,,,,,,
20720000,5180,4.5,,1.2215070724487305,,,,4.5,,,,,,,,,
20724000,5181,4.375,,1.262690782546997,,,,4.375,,,,,,,,,
20728000,5182,4.125,,1.2258893251419067,,,,4.125,,,,,,,,,
20732000,5183,4.625,,1.2673977613449097,,,,4.625,,,,,,,,,
20736000,5184,4.125,,1.297982931137085,,,,4.125,,,,,,,,,
20740000,5185,4.125,,1.2219722270965576,,,,4.125,,,,,,,,,
20744000,5186,4.25,,1.220421552658081,,,,4.25,,,,,,,,,
20748000,5187,3.625,,1.2404491901397705,,,,3.625,,,,,,,,,
20752000,5188,4.375,,1.2563271522521973,,,,4.375,,,,,,,,,
20756000,5189,4.5,,1.2401286363601685,,,,4.5,,,,,,,,,
20760000,5190,2.875,,1.246795892715454,,,,2.875,,,,,,,,,
20764000,5191,3.875,,1.227397084236145,,,,3.875,,,,,,,,,
20768000,5192,3.5,,1.2510595321655273,,,,3.5,,,,,,,,,
20772000,5193,3.875,,1.2628766298294067,,,,3.875,,,,,,,,,
20776000,5194,4.5,,1.2559893131256104,,,,4.5,,,,,,,,,
20780000,5195,3.0,,1.1975231170654297,,,,3.0,,,,,,,,,
20784000,5196,2.375,,1.202681064605713,,,,2.375,,,,,,,,,
20788000,5197,3.375,,1.1574116945266724,,,,3.375,,,,,,,,,
20792000,5198,2.375,,1.227630615234375,,,,2.375,,,,,,,,,
20796000,5199,2.375,,1.1823689937591553,,,,2.375,,,,,,,,,
20800000,5200,2.875,,1.206242561340332,,,,2.875,,,,,,,,,
20804000,5201,2.5,,1.1936888694763184,,,,2.5,,,,,,,,,
20808000,5202,2.75,,1.1598517894744873,,,,2.75,,,,,,,,,
20812000,5203,3.875,,1.1682302951812744,,,,3.875,,,,,,,,,
20816000,5204,3.375,,1.1764168739318848,,,,3.375,,,,,,,,,
20820000,5205,3.25,,1.180367350578308,,,,3.25,,,,,,,,,
20824000,5206,3.5,,1.1606727838516235,,,,3.5,,,,,,,,,
20828000,5207,2.25,,1.1920700073242188,,,,2.25,,,,,,,,,
20832000,5208,2.75,,1.1815073490142822,,,,2.75,,,,,,,,,
20836000,5209,2.375,,1.2023512125015259,,,,2.375,,,,,,,,,
20840000,5210,3.5,,1.1544113159179688,,,,3.5,,,,,,,,,
20844000,5211,3.625,,1.1367394924163818,,,,3.625,,,,,,,,,
20848000,5212,3.625,,1.1861011981964111,,,,3.625,,,,,,,,,
20852000,5213,3.25,,1.1892691850662231,,,,3.25,,,,,,,,,
20856000,5214,3.25,,1.1323093175888062,,,,3.25,,,,,,,,,
20860000,5215,2.375,,1.1832799911499023,,,,2.375,,,,,,,,,
20864000,5216,4.0,,1.2482545375823975,,,,4.0,,,,,,,,,
20868000,5217,4.25,,1.1388816833496094,,,,4.25,,,,,,,,,
20872000,5218,3.5,,1.2131214141845703,,,,3.5,,,,,,,,,
20876000,5219,3.75,,1.198241949081421,,,,3.75,,,,,,,,,
20880000,5220,3.0,,1.1999847888946533,,,,3.0,,,,,,,,,
20884000,5221,2.875,,1.204224944114685,,,,2.875,,,,,,,,,
20888000,5222,3.375,,1.2173274755477905,,,,3.375,,,,,,,,,
20892000,5223,4.0,,1.1981345415115356,,,,4.0,,,,,,,,,
20896000,5224,3.375,,1.2013270854949951,,,,3.375,,,,,,,,,
20900000,5225,3.625,,1.135425090789795,,,,3.625,,,,,,,,,
20904000,5226,3.375,,1.1610971689224243,,,,3.375,,,,,,,,,
20908000,5227,3.75,,1.1887996196746826,,,,3.75,,,,,,,,,
20912000,5228,2.5,,1.177884817123413,,,,2.5,,,,,,,,,
20916000,5229,3.75,,1.1730376482009888,,,,3.75,,,,,,,,,
20920000,5230,3.125,,1.1247700452804565,,,,3.125,,,,,,,,,
20924000,5231,3.125,,1.1249146461486816,,,,3.125,,,,,,,,,
20928000,5232,4.375,,1.2017061710357666,,,,4.375,,,,,,,,,
20932000,5233,2.875,,1.130476474761963,,,,2.875,,,,,,,,,
20936000,5234,1.75,,1.1530927419662476,,,,1.75,,,,,,,,,
20940000,5235,3.875,,1.142186164855957,,,,3.875,,,,,,,,,
20944000,5236,3.125,,1.1315956115722656,,,,3.125,,,,,,,,,
20948000,5237,3.75,,1.1444042921066284,,,,3.75,,,,,,,,,
20952000,5238,3.875,,1.1052143573760986,,,,3.875,,,,,,,,,
20956000,5239,1.75,,1.1371301412582397,,,,1.75,,,,,,,,,
20960000,5240,3.0,,1.0629942417144775,,,,3.0,,,,,,,,,
20964000,5241,3.75,,1.1281445026397705,,,,3.75,,,,,,,,,
20968000,5242,3.25,,1.167074203491211,,,,3.25,,,,,,,,,
20972000,5243,3.625,,1.1626473665237427,,,,3.625,,,,,,,,,
20976000,5244,3.875,,1.1558258533477783,,,,3.875,,,,,,,,,
20980000,5245,3.5,,1.045945167541504,,,,3.5,,,,,,,,,
20984000,5246,3.75,,1.0580909252166748,,,,3.75,,,,,,,,,
20988000,5247,3.625,,1.1255712509155273,,,,3.625,,,,,,,,,
20992000,5248,3.75,,1.1216933727264404,,,,3.75,,,,,,,,,
20996000,5249,2.375,,1.1636598110198975,,,,2.375,,,,,,,,,
21000000,5250,3.375,,1.1687361001968384,,,,3.375,,,,,,,,,
21004000,5251,3.625,,1.179530143737793,,,,3.625,,,,,,,,,
21008000,5252,4.5,,1.0481789112091064,,,,4.5,,,,,,,,,
21012000,5253,3.5,,1.1412962675094604,,,,3.5,,,,,,,,,
21016000,5254,3.75,,1.0965667963027954,,,,3.75,,,,,,,,,
21020000,5255,2.125,,1.153127908706665,,,,2.125,,,,,,,,,
21024000,5256,3.5,,1.1694726943969727,,,,3.5,,,,,,,,,
21028000,5257,3.25,,1.0771231651306152,,,,3.25,,,,,,,,,
21032000,5258,4.125,,1.0883768796920776,,,,4.125,,,,,,,,,
21036000,5259,2.75,,1.1130807399749756,,,,2.75,,,,,,,,,
21040000,5260,4.125,,1.187072992324829,,,,4.125,,,,,,,,,
21044000,5261,3.375,,1.0787239074707031,,,,3.375,,,,,,,,,
21048000,5262,3.625,,1.1002676486968994,,,,3.625,,,,,,,,,
21052000,5263,4.0,,1.1070020198822021,,,,4.0,,,,,,,,,
21056000,5264,3.875,,1.1183136701583862,,,,3.875,,,,,,,,,
21060000,5265,4.0,,1.0675933361053467,,,,4.0,,,,,,,,,
21064000,5266,3.875,,1.0682997703552246,,,,3.875,,,,,,,,,
21068000,5267,3.75,,1.1057779788970947,,,,3.75,,,,,,,,,
21072000,5268,3.625,,1.089390754699707,,,,3.625,,,,,,,,,
21076000,5269,3.625,,1.0813827514648438,,,,3.625,,,,,,,,,
21080000,5270,2.75,,1.0940883159637451,,,,2.75,,,,,,,,,
21084000,5271,4.5,,1.0778659582138062,,,,4.5,,,,,,,,,
21088000,5272,4.25,,1.0892524719238281,,,,4.25,,,,,,,,,
21092000,5273,3.25,,1.0943968296051025,,,,3.25,,,,,,,,,
21096000,5274,4.375,,1.0601757764816284,,,,4.375,,,,,,,,,
21100000,5275,4.375,,1.0749014616012573,,,,4.375,,,,,,,,,
21104000,5276,4.125,,1.127913236618042,,,,4.125,,,,,,,,,
21108000,5277,3.25,,1.115092396736145,,,,3.25,,,,,,,,,
21112000,5278,4.125,,1.0774965286254883,,,,4.125,,,,,,,,,
21116000,5279,3.875,,1.1236231327056885,,,,3.875,,,,,,,,,
21120000,5280,3.875,,1.105478286743164,,,,3.875,,,,,,,,,
21124000,5281,3.125,,1.0703938007354736,,,,3.125,,,,,,,,,
21128000,5282,4.125,,1.1082298755645752,,,,4.125,,,,,,,,,
21132000,5283,3.5,,1.068063735961914,,,,3.5,,,,,,,,,
21136000,5284,3.25,,1.1511023044586182,,,,3.25,,,,,,,,,
21140000,5285,3.375,,1.1560888290405273,,,,3.375,,,,,,,,,
21144000,5286,3.5,,1.053891897201538,,,,3.5,,,,,,,,,
21148000,5287,4.0,,1.0813735723495483,,,,4.0,,,,,,,,,
21152000,5288,4.125,,1.11405348777771,,,,4.125,,,,,,,,,
21156000,5289,4.375,,1.093214988708496,,,,4.375,,,,,,,,,
21160000,5290,3.25,,1.0707625150680542,,,,3.25,,,,,,,,,
21164000,5291,3.75,,1.0547618865966797,,,,3.75,,,,,,,,,
21168000,5292,4.125,,1.0893125534057617,,,,4.125,,,,,,,,,
21172000,5293,3.625,,1.102701187133789,,,,3.625,,,,,,,,,
21176000,5294,4.5,,1.0828866958618164,,,,4.5,,,,,,,,,
21180000,5295,3.375,,1.1073133945465088,,,,3.375,,,,,,,,,
21184000,5296,3.5,,1.062026858329773,,,,3.5,,,,,,,,,
21188000,5297,4.0,,1.0727355480194092,,,,4.0,,,,,,,,,
21192000,5298,3.875,,1.1096265316009521,,,,3.875,,,,,,,,,
21196000,5299,2.375,,1.0894389152526855,,,,2.375,,,,,,,,,
21200000,5300,3.625,,1.0232751369476318,,,,3.625,,,,,,,,,
21204000,5301,4.5,,1.1022346019744873,,,,4.5,,,,,,,,,
21208000,5302,3.5,,1.1592018604278564,,,,3.5,,,,,,,,,
21212000,5303,3.75,,1.0649540424346924,,,,3.75,,,,,,,,,
21216000,5304,3.75,,1.0362831354141235,,,,3.75,,,,,,,,,
21220000,5305,2.375,,1.0739071369171143,,,,2.375,,,,,,,,,
21224000,5306,3.5,,1.0515968799591064,,,,3.5,,,,,,,,,
21228000,5307,3.625,,1.132298231124878,,,,3.625,,,,,,,,,
21232000,5308,3.375,,1.0265328884124756,,,,3.375,,,,,,,,,
21236000,5309,2.75,,1.0528298616409302,,,,2.75,,,,,,,,,
21240000,5310,4.0,,1.033207654953003,,,,4.0,,,,,,,,,
21244000,5311,4.125,,1.0275338888168335,,,,4.125,,,,,,,,,
21248000,5312,4.25,,1.0842705965042114,,,,4.25,,,,,,,,,
21252000,5313,3.625,,1.0811927318572998,,,,3.625,,,,,,,,,
21256000,5314,2.875,,1.0432692766189575,,,,2.875,,,,,,,,,
21260000,5315,3.375,,1.0726349353790283,,,,3.375,,,,,,,,,
21264000,5316,3.75,,1.0552195310592651,,,,3.75,,,,,,,,,
21268000,5317,2.875,,1.025510311126709,,,,2.875,,,,,,,,,
21272000,5318,2.375,,1.1219213008880615,,,,2.375,,,,,,,,,
21276000,5319,4.125,,1.0025728940963745,,,,4.125,,,,,,,,,
21280000,5320,2.625,,1.0229642391204834,,,,2.625,,,,,,,,,
21284000,5321,4.25,,1.0166568756103516,,,,4.25,,,,,,,,,
21288000,5322,4.125,,1.133405089378357,,,,4.125,,,,,,,,,
21292000,5323,2.5,,1.0826789140701294,,,,2.5,,,,,,,,,
21296000,5324,2.875,,1.0516340732574463,,,,2.875,,,,,,,,,
21300000,5325,3.0,,1.034088373184204,,,,3.0,,,,,,,,,
21304000,5326,4.0,,1.0501141548156738,,,,4.0,,,,,,,,,
21308000,5327,4.0,,1.1048837900161743,,,,4.0,,,,,,,,,
21312000,5328,3.75,,1.053870677947998,,,,3.75,,,,,,,,,
21316000,5329,4.625,,1.0744962692260742,,,,4.625,,,,,,,,,
21320000,5330,4.375,,1.0273655652999878,,,,4.375,,,,,,,,,
21324000,5331,4.0,,1.0588386058807373,,,,4.0,,,,,,,,,
21328000,5332,4.125,,1.1180424690246582,,,,4.125,,,,,,,,,
21332000,5333,3.125,,1.077574610710144,,,,3.125,,,,,,,,,
21336000,5334,4.0,,1.150362491607666,,,,4.0,,,,,,,,,
21340000,5335,3.875,,1.1051862239837646,,,,3.875,,,,,,,,,
21344000,5336,3.875,,1.1046640872955322,,,,3.875,,,,,,,,,
21348000,5337,4.0,,1.0715548992156982,,,,4.0,,,,,,,,,
21352000,5338,3.25,,1.076416254043579,,,,3.25,,,,,,,,,
21356000,5339,4.0,,1.172605037689209,,,,4.0,,,,,,,,,
21360000,5340,3.625,,1.1482243537902832,,,,3.625,,,,,,,,,
21364000,5341,3.875,,1.0330522060394287,,,,3.875,,,,,,,,,
21368000,5342,2.625,,1.064558506011963,,,,2.625,,,,,,,,,
21372000,5343,3.375,,1.1501569747924805,,,,3.375,,,,,,,,,
21376000,5344,3.875,,1.092498779296875,,,,3.875,,,,,,,,,
21380000,5345,4.0,,1.1020156145095825,,,,4.0,,,,,,,,,
21384000,5346,4.0,,1.0970683097839355,,,,4.0,,,,,,,,,
21388000,5347,2.625,,1.077803134918213,,,,2.625,,,,,,,,,
21392000,5348,3.875,,1.0894203186035156,,,,3.875,,,,,,,,,
21396000,5349,3.375,,1.084160327911377,,,,3.375,,,,,,,,,
21400000,5350,3.75,,1.112580418586731,,,,3.75,,,,,,,,,
21404000,5351,3.25,,1.0972325801849365,,,,3.25,,,,,,,,,
21408000,5352,3.75,,1.0747110843658447,,,,3.75,,,,,,,,,
21412000,5353,2.5,,1.0563726425170898,,,,2.5,,,,,,,,,
21416000,5354,3.875,,1.0398759841918945,,,,3.875,,,,,,,,,
21420000,5355,4.0,,1.0913517475128174,,,,4.0,,,,,,,,,
21424000,5356,3.625,,1.1274372339248657,,,,3.625,,,,,,,,,
21428000,5357,3.75,,1.0853829383850098,,,,3.75,,,,,,,,,
21432000,5358,3.75,,1.068331003189087,,,,3.75,,,,,,,,,
21436000,5359,3.75,,1.1158486604690552,,,,3.75,,,,,,,,,
21440000,5360,3.375,,1.0896340608596802,,,,3.375,,,,,,,,,
21444000,5361,3.375,,1.1003106832504272,,,,3.375,,,,,,,,,
21448000,5362,4.25,,1.1410362720489502,,,,4.25,,,,,,,,,
21452000,5363,3.875,,1.119184970855713,,,,3.875,,,,,,,,,
21456000,5364,4.75,,1.1074764728546143,,,,4.75,,,,,,,,,
21460000,5365,4.0,,1.1519412994384766,,,,4.0,,,,,,,,,
21464000,5366,3.875,,1.1107518672943115,,,,3.875,,,,,,,,,
21468000,5367,3.5,,1.1453406810760498,,,,3.5,,,,,,,,,
21472000,5368,4.375,,1.096216082572937,,,,4.375,,,,,,,,,
21476000,5369,3.25,,1.1011232137680054,,,,3.25,,,,,,,,,
21480000,5370,3.0,,1.1620304584503174,,,,3.0,,,,,,,,,
21484000,5371,3.875,,1.1239856481552124,,,,3.875,,,,,,,,,
21488000,5372,3.875,,1.1757228374481201,,,,3.875,,,,,,,,,
21492000,5373,4.375,,1.127373218536377,,,,4.375,,,,,,,,,
21496000,5374,4.625,,1.0516419410705566,,,,4.625,,,,,,,,,
21500000,5375,3.125,,1.1302855014801025,,,,3.125,,,,,,,,,
21504000,5376,2.25,,1.1478359699249268,,,,2.25,,,,,,,,,
21508000,5377,3.875,,1.117149829864502,,,,3.875,,,,,,,,,
21512000,5378,3.75,,1.1348962783813477,,,,3.75,,,,,,,,,
21516000,5379,3.875,,1.1929919719696045,,,,3.875,,,,,,,,,
21520000,5380,4.125,,1.1329394578933716,,,,4.125,,,,,,,,,
21524000,5381,3.5,,1.118558406829834,,,,3.5,,,,,,,,,
21528000,5382,2.875,,1.1088025569915771,,,,2.875,,,,,,,,,
21532000,5383,3.875,,1.0960133075714111,,,,3.875,,,,,,,,,
21536000,5384,3.25,,1.1361353397369385,,,,3.25,,,,,,,,,
21540000,5385,3.875,,1.113286018371582,,,,3.875,,,,,,,,,
21544000,5386,3.875,,1.1329975128173828,,,,3.875,,,,,,,,,
21548000,5387,4.25,,1.1555685997009277,,,,4.25,,,,,,,,,
21552000,5388,3.375,,1.1654188632965088,,,,3.375,,,,,,,,,
21556000,5389,3.0,,1.1580486297607422,,,,3.0,,,,,,,,,
21560000,5390,3.625,,1.1226911544799805,,,,3.625,,,,,,,,,
21564000,5391,3.625,,1.1156703233718872,,,,3.625,,,,,,,,,
21568000,5392,3.375,,1.088365912437439,,,,3.375,,,,,,,,,
21572000,5393,2.75,,1.1066218614578247,,,,2.75,,,,,,,,,
21576000,5394,3.5,,1.1716580390930176,,,,3.5,,,,,,,,,
21580000,5395,2.375,,1.1404614448547363,,,,2.375,,,,,,,,,
21584000,5396,3.375,,1.0943834781646729,,,,3.375,,,,,,,,,
21588000,5397,3.625,,1.1252069473266602,,,,3.625,,,,,,,,,
21592000,5398,3.25,,1.1121835708618164,,,,3.25,,,,,,,,,
21596000,5399,3.25,,1.1102797985076904,,,,3.25,,,,,,,,,
21600000,5400,3.875,,1.0792107582092285,,,,3.875,,,,,,,,,
21604000,5401,3.875,,1.0831384658813477,,,,3.875,,,,,,,,,
21608000,5402,3.625,,1.131877064704895,,,,3.625,,,,,,,,,
21612000,5403,4.0,,1.128493309020996,,,,4.0,,,,,,,,,
21616000,5404,3.5,,1.1659198999404907,,,,3.5,,,,,,,,,
21620000,5405,3.75,,1.0896191596984863,,,,3.75,,,,,,,,,
21624000,5406,3.375,,1.101137638092041,,,,3.375,,,,,,,,,
21628000,5407,4.125,,1.126401662826538,,,,4.125,,,,,,,,,
21632000,5408,3.75,,1.0964117050170898,,,,3.75,,,,,,,,,
21636000,5409,4.625,,1.0666022300720215,,,,4.625,,,,,,,,,
21640000,5410,3.25,,1.1314361095428467,,,,3.25,,,,,,,,,
21644000,5411,3.5,,1.1306695938110352,,,,3.5,,,,,,,,,
21648000,5412,3.0,,1.0882456302642822,,,,3.0,,,,,,,,,
21652000,5413,3.375,,1.1200867891311646,,,,3.375,,,,,,,,,
21656000,5414,3.5,,1.1642667055130005,,,,3.5,,,,,,,,,
21660000,5415,4.125,,1.0664362907409668,,,,4.125,,,,,,,,,
21664000,5416,3.125,,1.0638728141784668,,,,3.125,,,,,,,,,
21668000,5417,3.625,,1.153788447380066,,,,3.625,,,,,,,,,
21672000,5418,4.25,,1.122718334197998,,,,4.25,,,,,,,,,
21676000,5419,3.875,,1.1222786903381348,,,,3.875,,,,,,,,,
21680000,5420,4.0,,1.0849888324737549,,,,4.0,,,,,,,,,
21684000,5421,2.5,,1.212194800376892,,,,2.5,,,,,,,,,
21688000,5422,4.25,,1.1542649269104004,,,,4.25,,,,,,,,,
21692000,5423,4.0,,1.0268255472183228,,,,4.0,,,,,,,,,
21696000,5424,3.75,,1.1052989959716797,,,,3.75,,,,,,,,,
21700000,5425,3.75,,1.0950970649719238,,,,3.75,,,,,,,,,
21704000,5426,4.125,,1.0959482192993164,,,,4.125,,,,,,,,,
21708000,5427,3.625,,1.0678057670593262,,,,3.625,,,,,,,,,
21712000,5428,4.125,,1.1618313789367676,,,,4.125,,,,,,,,,
21716000,5429,4.375,,1.1516530513763428,,,,4.375,,,,,,,,,
21720000,5430,4.0,,1.055606722831726,,,,4.0,,,,,,,,,
21724000,5431,4.25,,1.1669142246246338,,,,4.25,,,,,,,,,
21728000,5432,4.0,,1.1497727632522583,,,,4.0,,,,,,,,,
21732000,5433,4.125,,1.0956199169158936,,,,4.125,,,,,,,,,
21736000,5434,4.375,,1.1188377141952515,,,,4.375,,,,,,,,,
21740000,5435,4.125,,1.1465330123901367,,,,4.125,,,,,,,,,
21744000,5436,4.375,,1.0958704948425293,,,,4.375,,,,,,,,,
21748000,5437,4.0,,1.1230807304382324,,,,4.0,,,,,,,,,
21752000,5438,4.0,,1.108980417251587,,,,4.0,,,,,,,,,
21756000,5439,3.75,,1.0707249641418457,,,,3.75,,,,,,,,,
21760000,5440,2.25,,1.1120657920837402,,,,2.25,,,,,,,,,
21764000,5441,3.75,,1.1560425758361816,,,,3.75,,,,,,,,,
21768000,5442,3.875,,1.149336338043213,,,,3.875,,,,,,,,,
21772000,5443,3.25,,1.1357041597366333,,,,3.25,,,,,,,,,
21776000,5444,3.75,,1.113046407699585,,,,3.75,,,,,,,,,
21780000,5445,4.125,,1.1397275924682617,,,,4.125,,,,,,,,,
21784000,5446,4.0,,1.1589398384094238,,,,4.0,,,,,,,,,
21788000,5447,3.625,,1.1667797565460205,,,,3.625,,,,,,,,,
21792000,5448,4.125,,1.1361699104309082,,,,4.125,,,,,,,,,
21796000,5449,3.0,,1.120308756828308,,,,3.0,,,,,,,,,
21800000,5450,4.25,,1.1662123203277588,,,,4.25,,,,,,,,,
21804000,5451,3.75,,1.1746901273727417,,,,3.75,,,,,,,,,
21808000,5452,3.0,,1.1817858219146729,,,,3.0,,,,,,,,,
21812000,5453,4.0,,1.1093227863311768,,,,4.0,,,,,,,,,
21816000,5454,3.875,,1.1106873750686646,,,,3.875,,,,,,,,,
21820000,5455,4.375,,1.143474817276001,,,,4.375,,,,,,,,,
21824000,5456,4.375,,1.1880863904953003,,,,4.375,,,,,,,,,
21828000,5457,4.25,,1.1562623977661133,,,,4.25,,,,,,,,,
21832000,5458,4.5,,1.1370632648468018,,,,4.5,,,,,,,,,
21836000,5459,3.625,,1.1452289819717407,,,,3.625,,,,,,,,,
21840000,5460,3.75,,1.16311776638031,,,,3.75,,,,,,,,,
21844000,5461,4.375,,1.1427431106567383,,,,4.375,,,,,,,,,
21848000,5462,4.125,,1.1563782691955566,,,,4.125,,,,,,,,,
21852000,5463,4.125,,1.14544677734375,,,,4.125,,,,,,,,,
21856000,5464,4.25,,1.1506171226501465,,,,4.25,,,,,,,,,
21860000,5465,4.0,,1.2474472522735596,,,,4.0,,,,,,,,,
21864000,5466,3.875,,1.1059844493865967,,,,3.875,,,,,,,,,
21868000,5467,3.875,,1.114511489868164,,,,3.875,,,,,,,,,
21872000,5468,4.375,,1.1223781108856201,,,,4.375,,,,,,,,,
21876000,5469,2.875,,1.0866442918777466,,,,2.875,,,,,,,,,
21880000,5470,3.25,,1.2084946632385254,,,,3.25,,,,,,,,,
21884000,5471,4.25,,1.1633338928222656,,,,4.25,,,,,,,,,
21888000,5472,4.75,,1.1623733043670654,,,,4.75,,,,,,,,,
21892000,5473,3.5,,1.1685869693756104,,,,3.5,,,,,,,,,
21896000,5474,4.0,,1.1276978254318237,,,,4.0,,,,,,,,,
21900000,5475,3.875,,1.1303868293762207,,,,3.875,,,,,,,,,
21904000,5476,4.625,,1.1433703899383545,,,,4.625,,,,,,,,,
21908000,5477,3.875,,1.162635087966919,,,,3.875,,,,,,,,,
21912000,5478,3.5,,1.1401841640472412,,,,3.5,,,,,,,,,
21916000,5479,3.625,,1.17048978805542,,,,3.625,,,,,,,,,
21920000,5480,3.75,,1.1098874807357788,,,,3.75,,,,,,,,,
21924000,5481,4.5,,1.0769879817962646,,,,4.5,,,,,,,,,
21928000,5482,3.375,,1.1275631189346313,,,,3.375,,,,,,,,,
21932000,5483,4.125,,1.1582590341567993,,,,4.125,,,,,,,,,
21936000,5484,3.625,,1.1369023323059082,,,,3.625,,,,,,,,,
21940000,5485,4.25,,1.1645798683166504,,,,4.25,,,,,,,,,
21944000,5486,2.75,,1.202634334564209,,,,2.75,,,,,,,,,
21948000,5487,4.25,,1.1667698621749878,,,,4.25,,,,,,,,,
21952000,5488,4.125,,1.1490954160690308,,,,4.125,,,,,,,,,
21956000,5489,4.25,,1.1589488983154297,,,,4.25,,,,,,,,,
21960000,5490,4.0,,1.1419618129730225,,,,4.0,,,,,,,,,
21964000,5491,3.125,,1.147843599319458,,,,3.125,,,,,,,,,
21968000,5492,4.25,,1.1513423919677734,,,,4.25,,,,,,,,,
21972000,5493,4.25,,1.1221354007720947,,,,4.25,,,,,,,,,
21976000,5494,3.5,,1.1980819702148438,,,,3.5,,,,,,,,,
21980000,5495,3.75,,1.1965547800064087,,,,3.75,,,,,,,,,
21984000,5496,4.5,,1.1673150062561035,,,,4.5,,,,,,,,,
21988000,5497,4.125,,1.1836106777191162,,,,4.125,,,,,,,,,
21992000,5498,4.0,,1.1887083053588867,,,,4.0,,,,,,,,,
21996000,5499,1.75,,1.1013073921203613,,,,1.75,,,,,,,,,
22000000,5500,4.625,,1.204831838607788,,,,4.625,,,,,,,,,
22004000,5501,4.25,,1.1375099420547485,,,,4.25,,,,,,,,,
22008000,5502,5.0,,1.1656540632247925,,,,5.0,,,,,,,,,
22012000,5503,3.625,,1.098337173461914,,,,3.625,,,,,,,,,
22016000,5504,4.125,,1.1633477210998535,,,,4.125,,,,,,,,,
22020000,5505,3.25,,1.2144725322723389,,,,3.25,,,,,,,,,
22024000,5506,3.75,,1.1506319046020508,,,,3.75,,,,,,,,,
22028000,5507,3.875,,1.1412816047668457,,,,3.875,,,,,,,,,
22032000,5508,4.25,,1.204527735710144,,,,4.25,,,,,,,,,
22036000,5509,4.25,,1.1770402193069458,,,,4.25,,,,,,,,,
22040000,5510,3.25,,1.1018686294555664,,,,3.25,,,,,,,,,
22044000,5511,4.0,,1.1183013916015625,,,,4.0,,,,,,,,,
22048000,5512,3.125,,1.1323816776275635,,,,3.125,,,,,,,,,
22052000,5513,2.875,,1.1537070274353027,,,,2.875,,,,,,,,,
22056000,5514,2.75,,1.1021816730499268,,,,2.75,,,,,,,,,
22060000,5515,3.0,,1.090214490890503,,,,3.0,,,,,,,,,
22064000,5516,4.25,,1.160134196281433,,,,4.25,,,,,,,,,
22068000,5517,3.875,,1.1773161888122559,,,,3.875,,,,,,,,,
22072000,5518,2.5,,1.1144523620605469,,,,2.5,,,,,,,,,
22076000,5519,3.0,,1.2398223876953125,,,,3.0,,,,,,,,,
22080000,5520,3.5,,1.1616158485412598,,,,3.5,,,,,,,,,
22084000,5521,2.75,,1.153188705444336,,,,2.75,,,,,,,,,
22088000,5522,3.5,,1.1740630865097046,,,,3.5,,,,,,,,,
22092000,5523,4.5,,1.0952565670013428,,,,4.5,,,,,,,,,
22096000,5524,3.25,,1.1631336212158203,,,,3.25,,,,,,,,,
22100000,5525,3.25,,1.1674262285232544,,,,3.25,,,,,,,,,
22104000,5526,3.5,,1.207457423210144,,,,3.5,,,,,,,,,
22108000,5527,3.0,,1.1572237014770508,,,,3.0,,,,,,,,,
22112000,5528,4.0,,1.198392629623413,,,,4.0,,,,,,,,,
22116000,5529,4.375,,1.1797387599945068,,,,4.375,,,,,,,,,
22120000,5530,4.25,,1.147447109222412,,,,4.25,,,,,,,,,
22124000,5531,3.125,,1.1588791608810425,,,,3.125,,,,,,,,,
22128000,5532,3.125,,1.073077917098999,,,,3.125,,,,,,,,,
22132000,5533,3.0,,1.1342136859893799,,,,3.0,,,,,,,,,
22136000,5534,4.0,,1.2488124370574951,,,,4.0,,,,,,,,,
22140000,5535,2.75,,1.0909557342529297,,,,2.75,,,,,,,,,
22144000,5536,2.5,,1.1175568103790283,,,,2.5,,,,,,,,,
22148000,5537,3.5,,1.1482675075531006,,,,3.5,,,,,,,,,
22152000,5538,4.375,,1.166882038116455,,,,4.375,,,,,,,,,
22156000,5539,2.25,,1.1028839349746704,,,,2.25,,,,,,,,,
22160000,5540,4.125,,1.1052618026733398,,,,4.125,,,,,,,,,
22164000,5541,3.375,,1.1866745948791504,,,,3.375,,,,,,,,,
22168000,5542,3.375,,1.090362548828125,,,,3.375,,,,,,,,,
22172000,5543,4.0,,1.0674450397491455,,,,4.0,,,,,,,,,
22176000,5544,4.0,,1.1284343004226685,,,,4.0,,,,,,,,,
22180000,5545,4.125,,1.189542531967163,,,,4.125,,,,,,,,,
22184000,5546,2.625,,1.1534790992736816,,,,2.625,,,,,,,,,
22188000,5547,3.875,,1.0531516075134277,,,,3.875,,,,,,,,,
22192000,5548,3.625,,1.1334168910980225,,,,3.625,,,,,,,,,
22196000,5549,4.0,,1.2138583660125732,,,,4.0,,,,,,,,,
22200000,5550,4.125,,1.111893653869629,,,,4.125,,,,,,,,,
22204000,5551,4.25,,1.1808757781982422,,,,4.25,,,,,,,,,
22208000,5552,4.0,,1.1933773756027222,,,,4.0,,,,,,,,,
22212000,5553,3.625,,1.1523425579071045,,,,3.625,,,,,,,,,
22216000,5554,4.25,,1.1328604221343994,,,,4.25,,,,,,,,,
22220000,5555,3.375,,1.1094615459442139,,,,3.375,,,,,,,,,
22224000,5556,4.0,,1.1269598007202148,,,,4.0,,,,,,,,,
22228000,5557,4.25,,1.1352159976959229,,,,4.25,,,,,,,,,
22232000,5558,3.5,,1.149498701095581,,,,3.5,,,,,,,,,
22236000,5559,4.0,,1.1297733783721924,,,,4.0,,,,,,,,,
22240000,5560,4.25,,1.1363434791564941,,,,4.25,,,,,,,,,
22244000,5561,4.25,,1.1058365106582642,,,,4.25,,,,,,,,,
22248000,5562,3.875,,1.1451189517974854,,,,3.875,,,,,,,,,
22252000,5563,3.875,,1.1372029781341553,,,,3.875,,,,,,,,,
22256000,5564,4.0,,1.1194934844970703,,,,4.0,,,,,,,,,
22260000,5565,4.25,,1.1689482927322388,,,,4.25,,,,,,,,,
22264000,5566,3.625,,1.1377227306365967,,,,3.625,,,,,,,,,
22268000,5567,4.375,,1.1328682899475098,,,,4.375,,,,,,,,,
22272000,5568,3.875,,1.0948657989501953,,,,3.875,,,,,,,,,
22276000,5569,4.0,,1.0780678987503052,,,,4.0,,,,,,,,,
22280000,5570,2.75,,1.0874122381210327,,,,2.75,,,,,,,,,
22284000,5571,4.375,,1.0959558486938477,,,,4.375,,,,,,,,,
22288000,5572,4.375,,1.1630401611328125,,,,4.375,,,,,,,,,
22292000,5573,3.875,,1.1687474250793457,,,,3.875,,,,,,,,,
22296000,5574,3.875,,1.1277415752410889,,,,3.875,,,,,,,,,
22300000,5575,4.25,,1.1242048740386963,,,,4.25,,,,,,,,,
22304000,5576,3.625,,1.1333807706832886,,,,3.625,,,,,,,,,
22308000,5577,4.25,,1.1358592510223389,,,,4.25,,,,,,,,,
22312000,5578,4.5,,1.0929107666015625,,,,4.5,,,,,,,,,
22316000,5579,3.0,,1.1220507621765137,,,,3.0,,,,,,,,,
22320000,5580,3.875,,1.1017258167266846,,,,3.875,,,,,,,,,
22324000,5581,4.125,,1.0921711921691895,,,,4.125,,,,,,,,,
22328000,5582,3.875,,1.091727614402771,,,,3.875,,,,,,,,,
22332000,5583,3.625,,1.1662460565567017,,,,3.625,,,,,,,,,
22336000,5584,3.75,,1.1693758964538574,,,,3.75,,,,,,,,,
22340000,5585,2.5,,1.0893937349319458,,,,2.5,,,,,,,,,
22344000,5586,4.0,,1.1105899810791016,,,,4.0,,,,,,,,,
22348000,5587,4.0,,1.201878309249878,,,,4.0,,,,,,,,,
22352000,5588,3.875,,1.0862829685211182,,,,3.875,,,,,,,,,
22356000,5589,4.25,,1.0376811027526855,,,,4.25,,,,,,,,,
22360000,5590,4.125,,1.1119012832641602,,,,4.125,,,,,,,,,
22364000,5591,4.0,,1.1793420314788818,,,,4.0,,,,,,,,,
22368000,5592,3.75,,1.1443569660186768,,,,3.75,,,,,,,,,
22372000,5593,4.125,,1.1167573928833008,,,,4.125,,,,,,,,,
22376000,5594,3.0,,1.088871717453003,,,,3.0,,,,,,,,,
22380000,5595,4.125,,1.1537740230560303,,,,4.125,,,,,,,,,
22384000,5596,4.375,,1.1213772296905518,,,,4.375,,,,,,,,,
22388000,5597,4.375,,1.0855542421340942,,,,4.375,,,,,,,,,
22392000,5598,3.875,,1.133873462677002,,,,3.875,,,,,,,,,
22396000,5599,4.0,,1.165058970451355,,,,4.0,,,,,,,,,
22400000,5600,4.125,,1.183293342590332,,,,4.125,,,,,,,,,
22404000,5601,3.75,,1.10135817527771,,,,3.75,,,,,,,,,
22408000,5602,3.25,,1.2301561832427979,,,,3.25,,,,,,,,,
22412000,5603,3.75,,1.194640040397644,,,,3.75,,,,,,,,,
22416000,5604,1.625,,1.117341160774231,,,,1.625,,,,,,,,,
22420000,5605,3.875,,1.1245228052139282,,,,3.875,,,,,,,,,
22424000,5606,4.375,,1.1569128036499023,,,,4.375,,,,,,,,,
22428000,5607,4.0,,1.1049137115478516,,,,4.0,,,,,,,,,
22432000,5608,4.0,,1.1522607803344727,,,,4.0,,,,,,,,,
22436000,5609,4.5,,1.1080557107925415,,,,4.5,,,,,,,,,
22440000,5610,3.625,,1.0991686582565308,,,,3.625,,,,,,,,,
22444000,5611,4.125,,1.11107337474823,,,,4.125,,,,,,,,,
22448000,5612,4.375,,1.0683250427246094,,,,4.375,,,,,,,,,
22452000,5613,4.125,,1.1851153373718262,,,,4.125,,,,,,,,,
22456000,5614,3.75,,1.1319513320922852,,,,3.75,,,,,,,,,
22460000,5615,4.125,,1.146011233329773,,,,4.125,,,,,,,,,
22464000,5616,4.125,,1.1389471292495728,,,,4.125,,,,,,,,,
22468000,5617,3.625,,1.0976289510726929,,,,3.625,,,,,,,,,
22472000,5618,3.875,,1.1321216821670532,,,,3.875,,,,,,,,,
22476000,5619,4.25,,1.1947771310806274,,,,4.25,,,,,,,,,
22480000,5620,3.75,,1.1238023042678833,,,,3.75,,,,,,,,,
22484000,5621,4.375,,1.1040856838226318,,,,4.375,,,,,,,,,
22488000,5622,3.375,,1.1577203273773193,,,,3.375,,,,,,,,,
22492000,5623,4.25,,1.1615408658981323,,,,4.25,,,,,,,,,
22496000,5624,3.125,,1.1102311611175537,,,,3.125,,,,,,,,,
22500000,5625,4.0,,1.1599668264389038,,,,4.0,,,,,,,,,
22504000,5626,4.0,,1.1739630699157715,,,,4.0,,,,,,,,,
22508000,5627,4.0,,1.1800705194473267,,,,4.0,,,,,,,,,
22512000,5628,3.875,,1.0876188278198242,,,,3.875,,,,,,,,,
22516000,5629,4.125,,1.076514482498169,,,,4.125,,,,,,,,,
22520000,5630,3.125,,1.2049834728240967,,,,3.125,,,,,,,,,
22524000,5631,4.125,,1.1391257047653198,,,,4.125,,,,,,,,,
22528000,5632,4.375,,1.1881009340286255,,,,4.375,,,,,,,,,
22532000,5633,4.0,,1.1632577180862427,,,,4.0,,,,,,,,,
22536000,5634,4.375,,1.0622988939285278,,,,4.375,,,,,,,,,
22540000,5635,3.75,,1.104823112487793,,,,3.75,,,,,,,,,
22544000,5636,3.25,,1.133890151977539,,,,3.25,,,,,,,,,
22548000,5637,3.5,,1.141200065612793,,,,3.5,,,,,,,,,
22552000,5638,4.0,,1.1187771558761597,,,,4.0,,,,,,,,,
22556000,5639,3.875,,1.082566261291504,,,,3.875,,,,,,,,,
22560000,5640,4.125,,1.1710541248321533,,,,4.125,,,,,,,,,
22564000,5641,3.375,,1.215010643005371,,,,3.375,,,,,,,,,
22568000,5642,3.875,,1.120985984802246,,,,3.875,,,,,,,,,
22572000,5643,3.75,,1.1220892667770386,,,,3.75,,,,,,,,,
22576000,5644,3.875,,1.1785640716552734,,,,3.875,,,,,,,,,
22580000,5645,3.0,,1.1406891345977783,,,,3.0,,,,,,,,,
22584000,5646,3.5,,1.147611379623413,,,,3.5,,,,,,,,,
22588000,5647,3.625,,1.0839256048202515,,,,3.625,,,,,,,,,
22592000,5648,4.5,,1.0915892124176025,,,,4.5,,,,,,,,,
22596000,5649,4.0,,1.2166783809661865,,,,4.0,,,,,,,,,
22600000,5650,3.5,,1.1722166538238525,,,,3.5,,,,,,,,,
22604000,5651,4.375,,1.153498888015747,,,,4.375,,,,,,,,,
22608000,5652,4.125,,1.1099586486816406,,,,4.125,,,,,,,,,
22612000,5653,3.375,,1.1060982942581177,,,,3.375,,,,,,,,,
22616000,5654,4.0,,1.142450213432312,,,,4.0,,,,,,,,,
22620000,5655,3.25,,1.1171929836273193,,,,3.25,,,,,,,,,
22624000,5656,4.125,,1.1676170825958252,,,,4.125,,,,,,,,,
22628000,5657,3.625,,1.1923246383666992,,,,3.625,,,,,,,,,
22632000,5658,2.75,,1.148701786994934,,,,2.75,,,,,,,,,
22636000,5659,3.0,,1.1641547679901123,,,,3.0,,,,,,,,,
22640000,5660,2.25,,1.10319185256958,,,,2.25,,,,,,,,,
22644000,5661,1.875,,1.0861724615097046,,,,1.875,,,,,,,,,
22648000,5662,3.25,,1.0635002851486206,,,,3.25,,,,,,,,,
22652000,5663,3.75,,1.1506989002227783,,,,3.75,,,,,,,,,
22656000,5664,3.75,,1.1585090160369873,,,,3.75,,,,,,,,,
22660000,5665,2.5,,1.0915910005569458,,,,2.5,,,,,,,,,
22664000,5666,3.75,,1.1322567462921143,,,,3.75,,,,,,,,,
22668000,5667,4.0,,1.172891616821289,,,,4.0,,,,,,,,,
22672000,5668,2.875,,1.1652960777282715,,,,2.875,,,,,,,,,
22676000,5669,3.25,,1.141728401184082,,,,3.25,,,,,,,,,
22680000,5670,3.5,,1.1694942712783813,,,,3.5,,,,,,,,,
22684000,5671,3.5,,1.1289050579071045,,,,3.5,,,,,,,,,
22688000,5672,1.625,,1.1575065851211548,,,,1.625,,,,,,,,,
22692000,5673,3.75,,1.1362382173538208,,,,3.75,,,,,,,,,
22696000,5674,2.625,,1.110783576965332,,,,2.625,,,,,,,,,
22700000,5675,3.875,,1.0537583827972412,,,,3.875,,,,,,,,,
22704000,5676,3.75,,1.0751185417175293,,,,3.75,,,,,,,,,
22708000,5677,2.375,,1.0911978483200073,,,,2.375,,,,,,,,,
22712000,5678,1.75,,1.1697347164154053,,,,1.75,,,,,,,,,
22716000,5679,2.0,,1.1274150609970093,,,,2.0,,,,,,,,,
22720000,5680,2.5,,1.1321004629135132,,,,2.5,,,,,,,,,
22724000,5681,3.75,,1.112924575805664,,,,3.75,,,,,,,,,
22728000,5682,3.375,,1.0958960056304932,,,,3.375,,,,,,,,,
22732000,5683,3.125,,1.1294336318969727,,,,3.125,,,,,,,,,
22736000,5684,3.625,,1.1074200868606567,,,,3.625,,,,,,,,,
22740000,5685,3.625,,1.065636157989502,,,,3.625,,,,,,,,,
22744000,5686,2.0,,1.0511014461517334,,,,2.0,,,,,,,,,
22748000,5687,4.0,,1.0382294654846191,,,,4.0,,,,,,,,,
22752000,5688,4.25,,1.0799732208251953,,,,4.25,,,,,,,,,
22756000,5689,4.75,,1.061938762664795,,,,4.75,,,,,,,,,
22760000,5690,4.0,,1.156321406364441,,,,4.0,,,,,,,,,
22764000,5691,4.25,,1.0478358268737793,,,,4.25,,,,,,,,,
22768000,5692,4.25,,1.1092898845672607,,,,4.25,,,,,,,,,
22772000,5693,4.0,,1.0954649448394775,,,,4.0,,,,,,,,,
22776000,5694,3.75,,1.0915051698684692,,,,3.75,,,,,,,,,
22780000,5695,3.5,,1.1106375455856323,,,,3.5,,,,,,,,,
22784000,5696,4.0,,1.089115023612976,,,,4.0,,,,,,,,,
22788000,5697,4.875,,1.0754534006118774,,,,4.875,,,,,,,,,
22792000,5698,4.625,,1.1696507930755615,,,,4.625,,,,,,,,,
22796000,5699,4.75,,1.2592384815216064,,,,4.75,,,,,,,,,
22800000,5700,4.125,,1.0860981941223145,,,,4.125,,,,,,,,,
22804000,5701,4.625,,1.0251576900482178,,,,4.625,,,,,,,,,
22808000,5702,3.0,,1.0643737316131592,,,,3.0,,,,,,,,,
22812000,5703,3.375,,1.1212610006332397,,,,3.375,,,,,,,,,
22816000,5704,4.0,,1.1233618259429932,,,,4.0,,,,,,,,,
22820000,5705,4.125,,1.0822124481201172,,,,4.125,,,,,,,,,
22824000,5706,3.75,,1.0812864303588867,,,,3.75,,,,,,,,,
22828000,5707,4.0,,1.0985596179962158,,,,4.0,,,,,,,,,
22832000,5708,3.875,,1.126307725906372,,,,3.875,,,,,,,,,
22836000,5709,3.5,,1.057615876197815,,,,3.5,,,,,,,,,
22840000,5710,4.625,,1.0711236000061035,,,,4.625,,,,,,,,,
22844000,5711,4.375,,1.0982513427734375,,,,4.375,,,,,,,,,
22848000,5712,3.625,,1.092238187789917,,,,3.625,,,,,,,,,
22852000,5713,4.625,,1.0909433364868164,,,,4.625,,,,,,,,,
22856000,5714,3.375,,1.0708210468292236,,,,3.375,,,,,,,,,
22860000,5715,4.0,,1.072077989578247,,,,4.0,,,,,,,,,
22864000,5716,4.5,,1.1057164669036865,,,,4.5,,,,,,,,,
22868000,5717,4.125,,1.1341054439544678,,,,4.125,,,,,,,,,
22872000,5718,4.875,,1.1292543411254883,,,,4.875,,,,,,,,,
22876000,5719,4.125,,1.0756075382232666,,,,4.125,,,,,,,,,
22880000,5720,4.125,,1.1149473190307617,,,,4.125,,,,,,,,,
22884000,5721,4.25,,1.1878201961517334,,,,4.25,,,,,,,,,
22888000,5722,4.25,,1.1632747650146484,,,,4.25,,,,,,,,,
22892000,5723,3.625,,1.0139310359954834,,,,3.625,,,,,,,,,
22896000,5724,4.5,,1.099273920059204,,,,4.5,,,,,,,,,
22900000,5725,4.0,,1.1240124702453613,,,,4.0,,,,,,,,,
22904000,5726,4.5,,1.1059832572937012,,,,4.5,,,,,,,,,
22908000,5727,4.5,,1.1585873365402222,,,,4.5,,,,,,,,,
22912000,5728,3.875,,1.1050504446029663,,,,3.875,,,,,,,,,
22916000,5729,3.875,,1.1707590818405151,,,,3.875,,,,,,,,,
22920000,5730,3.75,,1.1844112873077393,,,,3.75,,,,,,,,,
22924000,5731,4.375,,1.0924310684204102,,,,4.375,,,,,,,,,
22928000,5732,3.875,,1.0973942279815674,,,,3.875,,,,,,,,,
22932000,5733,3.875,,1.0967998504638672,,,,3.875,,,,,,,,,
22936000,5734,4.25,,1.0976965427398682,,,,4.25,,,,,,,,,
22940000,5735,3.875,,1.115471363067627,,,,3.875,,,,,,,,,
22944000,5736,4.125,,1.15279221534729,,,,4.125,,,,,,,,,
22948000,5737,4.0,,1.1268548965454102,,,,4.0,,,,,,,,,
22952000,5738,4.5,,1.1330337524414062,,,,4.5,,,,,,,,,
22956000,5739,5.0,,1.1579127311706543,,,,5.0,,,,,,,,,
22960000,5740,3.75,,1.1356956958770752,,,,3.75,,,,,,,,,
22964000,5741,4.375,,1.071660041809082,,,,4.375,,,,,,,,,
22968000,5742,3.25,,1.0867183208465576,,,,3.25,,,,,,,,,
22972000,5743,4.375,,1.1606576442718506,,,,4.375,,,,,,,,,
22976000,5744,4.25,,1.174863576889038,,,,4.25,,,,,,,,,
22980000,5745,4.5,,1.1761072874069214,,,,4.5,,,,,,,,,
22984000,5746,3.5,,1.1217182874679565,,,,3.5,,,,,,,,,
22988000,5747,3.875,,1.123488426208496,,,,3.875,,,,,,,,,
22992000,5748,4.25,,1.077244520187378,,,,4.25,,,,,,,,,
22996000,5749,4.0,,1.1502275466918945,,,,4.0,,,,,,,,,
23000000,5750,3.25,,1.1268665790557861,,,,3.25,,,,,,,,,
23004000,5751,3.375,,1.172785997390747,,,,3.375,,,,,,,,,
23008000,5752,2.5,,1.1099448204040527,,,,2.5,,,,,,,,,
23012000,5753,4.375,,1.1465537548065186,,,,4.375,,,,,,,,,
23016000,5754,4.375,,1.1636900901794434,,,,4.375,,,,,,,,,
23020000,5755,3.75,,1.1192858219146729,,,,3.75,,,,,,,,,
23024000,5756,3.25,,1.107102632522583,,,,3.25,,,,,,,,,
23028000,5757,4.375,,1.101730465888977,,,,4.375,,,,,,,,,
23032000,5758,3.625,,1.0858103036880493,,,,3.625,,,,,,,,,
23036000,5759,3.875,,1.1698222160339355,,,,3.875,,,,,,,,,
23040000,5760,3.625,,1.17149019241333,,,,3.625,,,,,,,,,
23044000,5761,4.125,,1.1095056533813477,,,,4.125,,,,,,,,,
23048000,5762,3.5,,1.1456547975540161,,,,3.5,,,,,,,,,
23052000,5763,4.375,,1.130233883857727,,,,4.375,,,,,,,,,
23056000,5764,4.375,,1.165654182434082,,,,4.375,,,,,,,,,
23060000,5765,3.875,,1.1876418590545654,,,,3.875,,,,,,,,,
23064000,5766,3.625,,1.1929917335510254,,,,3.625,,,,,,,,,
23068000,5767,4.25,,1.0990424156188965,,,,4.25,,,,,,,,,
23072000,5768,3.625,,1.0715992450714111,,,,3.625,,,,,,,,,
23076000,5769,3.75,,1.1053669452667236,,,,3.75,,,,,,,,,
23080000,5770,2.875,,1.1490435600280762,,,,2.875,,,,,,,,,
23084000,5771,3.625,,1.1724424362182617,,,,3.625,,,,,,,,,
23088000,5772,4.25,,1.1327636241912842,,,,4.25,,,,,,,,,
23092000,5773,4.0,,1.1250011920928955,,,,4.0,,,,,,,,,
23096000,5774,4.0,,1.098093032836914,,,,4.0,,,,,,,,,
23100000,5775,4.375,,1.135590672492981,,,,4.375,,,,,,,,,
23104000,5776,3.5,,1.2170532941818237,,,,3.5,,,,,,,,,
23108000,5777,4.25,,1.1624441146850586,,,,4.25,,,,,,,,,
23112000,5778,4.125,,1.1323039531707764,,,,4.125,,,,,,,,,
23116000,5779,2.125,,1.1809606552124023,,,,2.125,,,,,,,,,
23120000,5780,4.0,,1.1318166255950928,,,,4.0,,,,,,,,,
23124000,5781,4.25,,1.1205122470855713,,,,4.25,,,,,,,,,
23128000,5782,4.0,,1.1293693780899048,,,,4.0,,,,,,,,,
23132000,5783,4.25,,1.1250782012939453,,,,4.25,,,,,,,,,
23136000,5784,3.875,,1.113000512123108,,,,3.875,,,,,,,,,
23140000,5785,3.625,,1.1480169296264648,,,,3.625,,,,,,,,,
23144000,5786,4.25,,1.1111810207366943,,,,4.25,,,,,,,,,
23148000,5787,3.25,,1.1366028785705566,,,,3.25,,,,,,,,,
23152000,5788,3.75,,1.1180634498596191,,,,3.75,,,,,,,,,
23156000,5789,4.125,,1.1669620275497437,,,,4.125,,,,,,,,,
23160000,5790,4.0,,1.1404776573181152,,,,4.0,,,,,,,,,
23164000,5791,3.5,,1.2016550302505493,,,,3.5,,,,,,,,,
23168000,5792,4.125,,1.1125588417053223,,,,4.125,,,,,,,,,
23172000,5793,1.625,,1.1480848789215088,,,,1.625,,,,,,,,,
23176000,5794,3.625,,1.200102686882019,,,,3.625,,,,,,,,,
23180000,5795,3.125,,1.1835979223251343,,,,3.125,,,,,,,,,
23184000,5796,3.625,,1.167847990989685,,,,3.625,,,,,,,,,
23188000,5797,4.25,,1.1441447734832764,,,,4.25,,,,,,,,,
23192000,5798,4.125,,1.098596215248108,,,,4.125,,,,,,,,,
23196000,5799,4.375,,1.1339349746704102,,,,4.375,,,,,,,,,
23200000,5800,4.0,,1.1760101318359375,,,,4.0,,,,,,,,,
23204000,5801,4.0,,1.1928863525390625,,,,4.0,,,,,,,,,
23208000,5802,3.875,,1.1830986738204956,,,,3.875,,,,,,,,,
23212000,5803,3.875,,1.1574420928955078,,,,3.875,,,,,,,,,
23216000,5804,4.125,,1.1338996887207031,,,,4.125,,,,,,,,,
23220000,5805,4.25,,1.1741869449615479,,,,4.25,,,,,,,,,
23224000,5806,4.125,,1.2297375202178955,,,,4.125,,,,,,,,,
23228000,5807,3.875,,1.1885216236114502,,,,3.875,,,,,,,,,
23232000,5808,3.625,,1.1979271173477173,,,,3.625,,,,,,,,,
23236000,5809,2.375,,1.2085107564926147,,,,2.375,,,,,,,,,
23240000,5810,3.875,,1.1677310466766357,,,,3.875,,,,,,,,,
23244000,5811,2.125,,1.2148479223251343,,,,2.125,,,,,,,,,
23248000,5812,3.375,,1.1720318794250488,,,,3.375,,,,,,,,,
23252000,5813,2.625,,1.1856766939163208,,,,2.625,,,,,,,,,
23256000,5814,2.0,,1.2329871654510498,,,,2.0,,,,,,,,,
23260000,5815,2.875,,1.1053577661514282,,,,2.875,,,,,,,,,
23264000,5816,2.75,,1.2040132284164429,,,,2.75,,,,,,,,,
23268000,5817,3.125,,1.1479010581970215,,,,3.125,,,,,,,,,
23272000,5818,3.375,,1.1629642248153687,,,,3.375,,,,,,,,,
23276000,5819,2.625,,1.1643911600112915,,,,2.625,,,,,,,,,
23280000,5820,3.375,,1.1325125694274902,,,,3.375,,,,,,,,,
23284000,5821,2.625,,1.2029789686203003,,,,2.625,,,,,,,,,
23288000,5822,3.0,,1.2072317600250244,,,,3.0,,,,,,,,,
23292000,5823,2.75,,1.1763767004013062,,,,2.75,,,,,,,,,
23296000,5824,3.875,,1.133230209350586,,,,3.875,,,,,,,,,
23300000,5825,1.875,,1.1716172695159912,,,,1.875,,,,,,,,,
23304000,5826,2.375,,1.1480348110198975,,,,2.375,,,,,,,,,
23308000,5827,2.375,,1.0847928524017334,,,,2.375,,,,,,,,,
23312000,5828,2.0,,1.141350269317627,,,,2.0,,,,,,,,,
23316000,5829,3.25,,1.1170835494995117,,,,3.25,,,,,,,,,
23320000,5830,2.75,,1.073957085609436,,,,2.75,,,,,,,,,
23324000,5831,2.125,,1.1469935178756714,,,,2.125,,,,,,,,,
23328000,5832,3.875,,1.1850872039794922,,,,3.875,,,,,,,,,
23332000,5833,4.0,,1.1519674062728882,,,,4.0,,,,,,,,,
23336000,5834,2.75,,1.0890257358551025,,,,2.75,,,,,,,,,
23340000,5835,4.125,,1.111563801765442,,,,4.125,,,,,,,,,
23344000,5836,3.5,,1.0798617601394653,,,,3.5,,,,,,,,,
23348000,5837,3.25,,1.0508801937103271,,,,3.25,,,,,,,,,
23352000,5838,3.75,,1.1306041479110718,,,,3.75,,,,,,,,,
23356000,5839,3.125,,1.1039063930511475,,,,3.125,,,,,,,,,
23360000,5840,3.0,,1.11903977394104,,,,3.0,,,,,,,,,
23364000,5841,3.75,,1.107771635055542,,,,3.75,,,,,,,,,
23368000,5842,2.75,,1.0888566970825195,,,,2.75,,,,,,,,,
23372000,5843,4.25,,1.1090693473815918,,,,4.25,,,,,,,,,
23376000,5844,3.375,,1.0623630285263062,,,,3.375,,,,,,,,,
23380000,5845,2.125,,1.0773899555206299,,,,2.125,,,,,,,,,
23384000,5846,4.375,,1.0368484258651733,,,,4.375,,,,,,,,,
23388000,5847,3.875,,1.0825178623199463,,,,3.875,,,,,,,,,
23392000,5848,3.875,,1.0685675144195557,,,,3.875,,,,,,,,,
23396000,5849,3.875,,1.1089755296707153,,,,3.875,,,,,,,,,
23400000,5850,3.5,,1.099446415901184,,,,3.5,,,,,,,,,
23404000,5851,3.75,,1.038178563117981,,,,3.75,,,,,,,,,
23408000,5852,3.625,,1.0557708740234375,,,,3.625,,,,,,,,,
23412000,5853,3.375,,1.0800442695617676,,,,3.375,,,,,,,,,
23416000,5854,3.0,,1.0907652378082275,,,,3.0,,,,,,,,,
23420000,5855,3.625,,1.1288765668869019,,,,3.625,,,,,,,,,
23424000,5856,3.625,,1.099179983139038,,,,3.625,,,,,,,,,
23428000,5857,4.0,,1.1203086376190186,,,,4.0,,,,,,,,,
23432000,5858,3.875,,1.1492680311203003,,,,3.875,,,,,,,,,
23436000,5859,2.875,,1.0407054424285889,,,,2.875,,,,,,,,,
23440000,5860,4.375,,0.9825976490974426,,,,4.375,,,,,,,,,
23444000,5861,3.0,,1.105276346206665,,,,3.0,,,,,,,,,
23448000,5862,3.5,,1.1197072267532349,,,,3.5,,,,,,,,,
23452000,5863,3.875,,1.0019468069076538,,,,3.875,,,,,,,,,
23456000,5864,3.375,,1.0693284273147583,,,,3.375,,,,,,,,,
23460000,5865,4.0,,1.0501437187194824,,,,4.0,,,,,,,,,
23464000,5866,4.125,,1.084123134613037,,,,4.125,,,,,,,,,
23468000,5867,2.125,,1.0486705303192139,,,,2.125,,,,,,,,,
23472000,5868,4.125,,1.0570355653762817,,,,4.125,,,,,,,,,
23476000,5869,2.625,,1.0634891986846924,,,,2.625,,,,,,,,,
23480000,5870,4.5,,1.0679545402526855,,,,4.5,,,,,,,,,
23484000,5871,4.625,,1.0539679527282715,,,,4.625,,,,,,,,,
23488000,5872,4.375,,1.059948444366455,,,,4.375,,,,,,,,,
23492000,5873,4.125,,1.072352409362793,,,,4.125,,,,,,,,,
23496000,5874,4.125,,1.0251646041870117,,,,4.125,,,,,,,,,
23500000,5875,3.625,,1.011688232421875,,,,3.625,,,,,,,,,
23504000,5876,4.25,,1.0439453125,,,,4.25,,,,,,,,,
23508000,5877,3.0,,1.1154356002807617,,,,3.0,,,,,,,,,
23512000,5878,4.0,,1.0689256191253662,,,,4.0,,,,,,,,,
23516000,5879,3.875,,0.9909275770187378,,,,3.875,,,,,,,,,
23520000,5880,3.75,,1.0267586708068848,,,,3.75,,,,,,,,,
23524000,5881,3.0,,1.07396399974823,,,,3.0,,,,,,,,,
23528000,5882,3.625,,1.0727250576019287,,,,3.625,,,,,,,,,
23532000,5883,2.875,,1.0427414178848267,,,,2.875,,,,,,,,,
23536000,5884,1.875,,1.0148719549179077,,,,1.875,,,,,,,,,
23540000,5885,4.375,,1.0824198722839355,,,,4.375,,,,,,,,,
23544000,5886,4.0,,1.092597246170044,,,,4.0,,,,,,,,,
23548000,5887,3.5,,1.0311546325683594,,,,3.5,,,,,,,,,
23552000,5888,3.625,,0.9991145133972168,,,,3.625,,,,,,,,,
23556000,5889,3.875,,1.042975664138794,,,,3.875,,,,,,,,,
23560000,5890,3.875,,0.9992976784706116,,,,3.875,,,,,,,,,
23564000,5891,2.375,,1.02730131149292,,,,2.375,,,,,,,,,
23568000,5892,3.375,,1.1144192218780518,,,,3.375,,,,,,,,,
23572000,5893,3.0,,1.0369720458984375,,,,3.0,,,,,,,,,
23576000,5894,4.0,,0.988423764705658,,,,4.0,,,,,,,,,
23580000,5895,5.0,,1.016831398010254,,,,5.0,,,,,,,,,
23584000,5896,3.125,,0.9929085969924927,,,,3.125,,,,,,,,,
23588000,5897,3.375,,1.0184440612792969,,,,3.375,,,,,,,,,
23592000,5898,3.375,,1.016494631767273,,,,3.375,,,,,,,,,
23596000,5899,4.125,,1.0629953145980835,,,,4.125,,,,,,,,,
23600000,5900,3.875,,1.02931809425354,,,,3.875,,,,,,,,,
23604000,5901,4.0,,0.9947546720504761,,,,4.0,,,,,,,,,
23608000,5902,4.125,,1.032198190689087,,,,4.125,,,,,,,,,
23612000,5903,3.75,,1.008561372756958,,,,3.75,,,,,,,,,
23616000,5904,4.375,,0.9976389408111572,,,,4.375,,,,,,,,,
23620000,5905,4.0,,1.0782012939453125,,,,4.0,,,,,,,,,
23624000,5906,3.75,,1.0523439645767212,,,,3.75,,,,,,,,,
23628000,5907,4.125,,1.0630779266357422,,,,4.125,,,,,,,,,
23632000,5908,4.125,,1.0270259380340576,,,,4.125,,,,,,,,,
23636000,5909,4.125,,1.0629042387008667,,,,4.125,,,,,,,,,
23640000,5910,3.5,,0.9707949757575989,,,,3.5,,,,,,,,,
23644000,5911,4.0,,1.05531907081604,,,,4.0,,,,,,,,,
23648000,5912,4.0,,1.0480834245681763,,,,4.0,,,,,,,,,
23652000,5913,4.125,,1.0180010795593262,,,,4.125,,,,,,,,,
23656000,5914,3.625,,1.0006463527679443,,,,3.625,,,,,,,,,
23660000,5915,4.0,,1.020960807800293,,,,4.0,,,,,,,,,
23664000,5916,4.625,,1.0512466430664062,,,,4.625,,,,,,,,,
23668000,5917,4.5,,1.0860533714294434,,,,4.5,,,,,,,,,
23672000,5918,4.125,,1.0486836433410645,,,,4.125,,,,,,,,,
23676000,5919,4.375,,1.0607963800430298,,,,4.375,,,,,,,,,
23680000,5920,4.75,,1.107832431793213,,,,4.75,,,,,,,,,
23684000,5921,4.125,,0.984708309173584,,,,4.125,,,,,,,,,
23688000,5922,4.5,,1.038320779800415,,,,4.5,,,,,,,,,
23692000,5923,4.625,,1.0352427959442139,,,,4.625,,,,,,,,,
23696000,5924,3.5,,0.9900046586990356,,,,3.5,,,,,,,,,
23700000,5925,3.625,,1.0147231817245483,,,,3.625,,,,,,,,,
23704000,5926,3.5,,1.0767629146575928,,,,3.5,,,,,,,,,
23708000,5927,3.875,,0.9821915626525879,,,,3.875,,,,,,,,,
23712000,5928,3.875,,1.0948710441589355,,,,3.875,,,,,,,,,
23716000,5929,4.25,,1.052899956703186,,,,4.25,,,,,,,,,
23720000,5930,5.0,,1.0287044048309326,,,,5.0,,,,,,,,,
23724000,5931,4.25,,1.1136610507965088,,,,4.25,,,,,,,,,
23728000,5932,4.5,,1.0229578018188477,,,,4.5,,,,,,,,,
23732000,5933,4.5,,1.0746216773986816,,,,4.5,,,,,,,,,
23736000,5934,4.0,,1.0734493732452393,,,,4.0,,,,,,,,,
23740000,5935,5.0,,1.1109929084777832,,,,5.0,,,,,,,,,
23744000,5936,4.125,,1.0494979619979858,,,,4.125,,,,,,,,,
23748000,5937,4.375,,1.0500071048736572,,,,4.375,,,,,,,,,
23752000,5938,4.5,,1.1055047512054443,,,,4.5,,,,,,,,,
23756000,5939,3.625,,1.0185976028442383,,,,3.625,,,,,,,,,
23760000,5940,3.875,,1.119336724281311,,,,3.875,,,,,,,,,
23764000,5941,3.25,,1.1432486772537231,,,,3.25,,,,,,,,,
23768000,5942,4.625,,1.1148958206176758,,,,4.625,,,,,,,,,
23772000,5943,4.125,,1.0772984027862549,,,,4.125,,,,,,,,,
23776000,5944,4.625,,1.0944703817367554,,,,4.625,,,,,,,,,
23780000,5945,3.5,,1.0951733589172363,,,,3.5,,,,,,,,,
23784000,5946,4.25,,1.0836448669433594,,,,4.25,,,,,,,,,
23788000,5947,4.5,,1.0931811332702637,,,,4.5,,,,,,,,,
23792000,5948,4.125,,1.1221184730529785,,,,4.125,,,,,,,,,
23796000,5949,4.625,,1.0742201805114746,,,,4.625,,,,,,,,,
23800000,5950,4.25,,1.0603656768798828,,,,4.25,,,,,,,,,
23804000,5951,3.625,,1.0979803800582886,,,,3.625,,,,,,,,,
23808000,5952,3.875,,1.119492530822754,,,,3.875,,,,,,,,,
23812000,5953,3.875,,1.1035221815109253,,,,3.875,,,,,,,,,
23816000,5954,3.5,,1.215218186378479,,,,3.5,,,,,,,,,
23820000,5955,3.875,,1.115025281906128,,,,3.875,,,,,,,,,
23824000,5956,3.25,,1.1447927951812744,,,,3.25,,,,,,,,,
23828000,5957,4.125,,1.1401112079620361,,,,4.125,,,,,,,,,
23832000,5958,4.375,,1.1154811382293701,,,,4.375,,,,,,,,,
23836000,5959,3.75,,1.0484797954559326,,,,3.75,,,,,,,,,
23840000,5960,3.875,,1.1268118619918823,,,,3.875,,,,,,,,,
23844000,5961,3.875,,1.1697652339935303,,,,3.875,,,,,,,,,
23848000,5962,3.5,,1.1350586414337158,,,,3.5,,,,,,,,,
23852000,5963,3.75,,1.1550102233886719,,,,3.75,,,,,,,,,
23856000,5964,3.875,,1.1619534492492676,,,,3.875,,,,,,,,,
23860000,5965,3.75,,1.0978624820709229,,,,3.75,,,,,,,,,
23864000,5966,3.875,,1.1647770404815674,,,,3.875,,,,,,,,,
23868000,5967,2.75,,1.146927833557129,,,,2.75,,,,,,,,,
23872000,5968,4.125,,1.0951794385910034,,,,4.125,,,,,,,,,
23876000,5969,2.625,,1.0927366018295288,,,,2.625,,,,,,,,,
23880000,5970,4.5,,1.209524154663086,,,,4.5,,,,,,,,,
23884000,5971,3.125,,1.12164306640625,,,,3.125,,,,,,,,,
23888000,5972,3.75,,1.1800340414047241,,,,3.75,,,,,,,,,
23892000,5973,3.375,,1.1752629280090332,,,,3.375,,,,,,,,,
23896000,5974,4.25,,1.1282167434692383,,,,4.25,,,,,,,,,
23900000,5975,3.0,,1.149357557296753,,,,3.0,,,,,,,,,
23904000,5976,3.0,,1.1578195095062256,,,,3.0,,,,,,,,,
23908000,5977,3.0,,1.1312291622161865,,,,3.0,,,,,,,,,
23912000,5978,3.125,,1.1008771657943726,,,,3.125,,,,,,,,,
23916000,5979,3.625,,1.1546131372451782,,,,3.625,,,,,,,,,
23920000,5980,2.125,,1.1431560516357422,,,,2.125,,,,,,,,,
23924000,5981,3.75,,1.1053763628005981,,,,3.75,,,,,,,,,
23928000,5982,3.25,,1.1150333881378174,,,,3.25,,,,,,,,,
23932000,5983,3.5,,1.087741494178772,,,,3.5,,,,,,,,,
23936000,5984,3.125,,1.0967167615890503,,,,3.125,,,,,,,,,
23940000,5985,3.375,,1.1813653707504272,,,,3.375,,,,,,,,,
23944000,5986,2.375,,1.137303113937378,,,,2.375,,,,,,,,,
23948000,5987,3.875,,1.089316725730896,,,,3.875,,,,,,,,,
23952000,5988,4.25,,1.1047956943511963,,,,4.25,,,,,,,,,
23956000,5989,2.625,,1.1972706317901611,,,,2.625,,,,,,,,,
23960000,5990,4.375,,1.1758441925048828,,,,4.375,,,,,,,,,
23964000,5991,3.75,,1.0858421325683594,,,,3.75,,,,,,,,,
23968000,5992,3.625,,1.127882957458496,,,,3.625,,,,,,,,,
23972000,5993,4.25,,1.1354444026947021,,,,4.25,,,,,,,,,
23976000,5994,2.75,,1.171224594116211,,,,2.75,,,,,,,,,
23980000,5995,3.375,,1.126855731010437,,,,3.375,,,,,,,,,
23984000,5996,3.5,,1.1281790733337402,,,,3.5,,,,,,,,,
23988000,5997,2.625,,1.1631255149841309,,,,2.625,,,,,,,,,
23992000,5998,3.625,,1.131516456604004,,,,3.625,,,,,,,,,
23996000,5999,3.625,,1.1416370868682861,,,,3.625,,,,,,,,,
24000000,6000,3.75,,1.1001207828521729,,,,3.75,,,,,,,,,
24004000,6001,3.375,,1.106031060218811,,,,3.375,,,,,,,,,
24008000,6002,3.5,,1.156221628189087,,,,3.5,,,,,,,,,
24012000,6003,3.75,,1.112375259399414,,,,3.75,,,,,,,,,
24016000,6004,3.875,,1.147169589996338,,,,3.875,,,,,,,,,
24020000,6005,3.625,,1.115668535232544,,,,3.625,,,,,,,,,
24024000,6006,4.0,,1.1587791442871094,,,,4.0,,,,,,,,,
24028000,6007,3.25,,1.1409509181976318,,,,3.25,,,,,,,,,
24032000,6008,4.5,,1.1082284450531006,,,,4.5,,,,,,,,,
24036000,6009,4.125,,1.1575121879577637,,,,4.125,,,,,,,,,
24040000,6010,3.125,,1.1140518188476562,,,,3.125,,,,,,,,,
24044000,6011,3.25,,1.1334378719329834,,,,3.25,,,,,,,,,
24048000,6012,3.375,,1.0954521894454956,,,,3.375,,,,,,,,,
24052000,6013,3.625,,1.088655710220337,,,,3.625,,,,,,,,,
24056000,6014,4.0,,1.1137688159942627,,,,4.0,,,,,,,,,
24060000,6015,4.0,,1.147603154182434,,,,4.0,,,,,,,,,
24064000,6016,4.25,,1.1143038272857666,,,,4.25,,,,,,,,,
24068000,6017,4.375,,1.1438257694244385,,,,4.375,,,,,,,,,
24072000,6018,3.5,,1.1701548099517822,,,,3.5,,,,,,,,,
24076000,6019,1.875,,1.0961909294128418,,,,1.875,,,,,,,,,
24080000,6020,4.125,,1.1223492622375488,,,,4.125,,,,,,,,,
24084000,6021,4.125,,1.1534779071807861,,,,4.125,,,,,,,,,
24088000,6022,3.75,,1.0759363174438477,,,,3.75,,,,,,,,,
24092000,6023,4.125,,1.1113389730453491,,,,4.125,,,,,,,,,
24096000,6024,2.875,,1.0936715602874756,,,,2.875,,,,,,,,,
24100000,6025,3.125,,1.1366660594940186,,,,3.125,,,,,,,,,
24104000,6026,4.25,,1.0847713947296143,,,,4.25,,,,,,,,,
24108000,6027,3.125,,1.0923569202423096,,,,3.125,,,,,,,,,
24112000,6028,3.25,,1.1179219484329224,,,,3.25,,,,,,,,,
24116000,6029,4.125,,1.1400425434112549,,,,4.125,,,,,,,,,
24120000,6030,4.125,,1.1734533309936523,,,,4.125,,,,,,,,,
24124000,6031,4.375,,1.173020601272583,,,,4.375,,,,,,,,,
24128000,6032,4.5,,1.155088186264038,,,,4.5,,,,,,,,,
24132000,6033,2.625,,1.0788840055465698,,,,2.625,,,,,,,,,
24136000,6034,4.375,,1.0869724750518799,,,,4.375,,,,,,,,,
24140000,6035,3.25,,1.0979220867156982,,,,3.25,,,,,,,,,
24144000,6036,3.125,,1.1765342950820923,,,,3.125,,,,,,,,,
24148000,6037,3.75,,1.1649975776672363,,,,3.75,,,,,,,,,
24152000,6038,3.625,,1.1170570850372314,,,,3.625,,,,,,,,,
24156000,6039,4.125,,1.0702695846557617,,,,4.125,,,,,,,,,
24160000,6040,4.0,,1.0857795476913452,,,,4.0,,,,,,,,,
24164000,6041,4.625,,1.0809355974197388,,,,4.625,,,,,,,,,
24168000,6042,4.5,,1.083073377609253,,,,4.5,,,,,,,,,
24172000,6043,4.375,,1.0330874919891357,,,,4.375,,,,,,,,,
24176000,6044,4.125,,1.1836938858032227,,,,4.125,,,,,,,,,
24180000,6045,4.125,,1.089724063873291,,,,4.125,,,,,,,,,
24184000,6046,4.5,,1.0738427639007568,,,,4.5,,,,,,,,,
24188000,6047,4.5,,1.0767157077789307,,,,4.5,,,,,,,,,
24192000,6048,3.625,,1.1062827110290527,,,,3.625,,,,,,,,,
24196000,6049,4.0,,1.1222738027572632,,,,4.0,,,,,,,,,
24200000,6050,4.5,,1.086828351020813,,,,4.5,,,,,,,,,
24204000,6051,3.625,,1.2073872089385986,,,,3.625,,,,,,,,,
24208000,6052,3.5,,1.0863230228424072,,,,3.5,,,,,,,,,
24212000,6053,4.25,,1.0832775831222534,,,,4.25,,,,,,,,,
24216000,6054,4.5,,1.182990550994873,,,,4.5,,,,,,,,,
24220000,6055,4.125,,1.0561628341674805,,,,4.125,,,,,,,,,
24224000,6056,3.75,,1.1444823741912842,,,,3.75,,,,,,,,,
24228000,6057,4.375,,1.1054348945617676,,,,4.375,,,,,,,,,
24232000,6058,4.5,,1.0985255241394043,,,,4.5,,,,,,,,,
24236000,6059,4.125,,1.0791394710540771,,,,4.125,,,,,,,,,
24240000,6060,3.75,,1.050935983657837,,,,3.75,,,,,,,,,
24244000,6061,4.0,,1.090911626815796,,,,4.0,,,,,,,,,
24248000,6062,4.125,,1.163346290588379,,,,4.125,,,,,,,,,
24252000,6063,4.625,,1.0967010259628296,,,,4.625,,,,,,,,,
24256000,6064,3.875,,1.0527348518371582,,,,3.875,,,,,,,,,
24260000,6065,4.25,,1.12386155128479,,,,4.25,,,,,,,,,
24264000,6066,4.125,,1.1080102920532227,,,,4.125,,,,,,,,,
24268000,6067,4.5,,1.1482973098754883,,,,4.5,,,,,,,,,
24272000,6068,3.625,,1.099421739578247,,,,3.625,,,,,,,,,
24276000,6069,3.875,,1.109822392463684,,,,3.875,,,,,,,,,
24280000,6070,3.75,,1.0683711767196655,,,,3.75,,,,,,,,,
24284000,6071,4.75,,1.0909911394119263,,,,4.75,,,,,,,,,
24288000,6072,2.875,,1.1231383085250854,,,,2.875,,,,,,,,,
24292000,6073,4.875,,1.145329475402832,,,,4.875,,,,,,,,,
24296000,6074,3.125,,1.1206347942352295,,,,3.125,,,,,,,,,
24300000,6075,3.625,,1.0570149421691895,,,,3.625,,,,,,,,,
24304000,6076,4.5,,1.093459129333496,,,,4.5,,,,,,,,,
24308000,6077,4.25,,1.0965545177459717,,,,4.25,,,,,,,,,
24312000,6078,4.0,,1.0503489971160889,,,,4.0,,,,,,,,,
24316000,6079,3.75,,1.083536148071289,,,,3.75,,,,,,,,,
24320000,6080,4.125,,1.0805659294128418,,,,4.125,,,,,,,,,
24324000,6081,4.125,,1.1191048622131348,,,,4.125,,,,,,,,,
24328000,6082,4.125,,1.176607370376587,,,,4.125,,,,,,,,,
24332000,6083,4.375,,1.0606951713562012,,,,4.375,,,,,,,,,
24336000,6084,3.875,,1.1103707551956177,,,,3.875,,,,,,,,,
24340000,6085,4.375,,1.0998773574829102,,,,4.375,,,,,,,,,
24344000,6086,3.25,,1.0902420282363892,,,,3.25,,,,,,,,,
24348000,6087,3.875,,1.1038775444030762,,,,3.875,,,,,,,,,
24352000,6088,3.75,,1.1106983423233032,,,,3.75,,,,,,,,,
24356000,6089,3.875,,1.1159684658050537,,,,3.875,,,,,,,,,
24360000,6090,3.875,,1.0613516569137573,,,,3.875,,,,,,,,,
24364000,6091,2.875,,1.1549710035324097,,,,2.875,,,,,,,,,
24368000,6092,4.0,,1.1558637619018555,,,,4.0,,,,,,,,,
24372000,6093,4.375,,1.0526173114776611,,,,4.375,,,,,,,,,
24376000,6094,3.625,,1.0819982290267944,,,,3.625,,,,,,,,,
24380000,6095,4.0,,1.0997834205627441,,,,4.0,,,,,,,,,
24384000,6096,4.375,,1.1379202604293823,,,,4.375,,,,,,,,,
24388000,6097,4.0,,1.1440033912658691,,,,4.0,,,,,,,,,
24392000,6098,3.5,,1.1021218299865723,,,,3.5,,,,,,,,,
24396000,6099,4.125,,1.0969752073287964,,,,4.125,,,,,,,,,
24400000,6100,4.25,,1.1027250289916992,,,,4.25,,,,,,,,,
24404000,6101,4.125,,1.0943337678909302,,,,4.125,,,,,,,,,
24408000,6102,4.5,,1.1298651695251465,,,,4.5,,,,,,,,,
24412000,6103,4.25,,1.1165220737457275,,,,4.25,,,,,,,,,
24416000,6104,4.0,,1.0833449363708496,,,,4.0,,,,,,,,,
24420000,6105,4.125,,1.1291135549545288,,,,4.125,,,,,,,,,
24424000,6106,3.875,,1.08595609664917,,,,3.875,,,,,,,,,
24428000,6107,4.25,,1.0964834690093994,,,,4.25,,,,,,,,,
24432000,6108,3.875,,1.1205401420593262,,,,3.875,,,,,,,,,
24436000,6109,4.375,,1.106069803237915,,,,4.375,,,,,,,,,
24440000,6110,3.75,,1.0805633068084717,,,,3.75,,,,,,,,,
24444000,6111,4.25,,1.1386306285858154,,,,4.25,,,,,,,,,
24448000,6112,3.25,,1.1546061038970947,,,,3.25,,,,,,,,,
24452000,6113,4.0,,1.1407344341278076,,,,4.0,,,,,,,,,
24456000,6114,4.0,,1.1947894096374512,,,,4.0,,,,,,,,,
24460000,6115,2.75,,1.1108299493789673,,,,2.75,,,,,,,,,
24464000,6116,4.125,,1.1320960521697998,,,,4.125,,,,,,,,,
24468000,6117,4.5,,1.1129344701766968,,,,4.5,,,,,,,,,
24472000,6118,3.5,,1.138874888420105,,,,3.5,,,,,,,,,
24476000,6119,2.5,,1.1798213720321655,,,,2.5,,,,,,,,,
24480000,6120,4.0,,1.1963480710983276,,,,4.0,,,,,,,,,
24484000,6121,3.25,,1.1391568183898926,,,,3.25,,,,,,,,,
24488000,6122,3.75,,1.1318068504333496,,,,3.75,,,,,,,,,
24492000,6123,4.5,,1.1396105289459229,,,,4.5,,,,,,,,,
24496000,6124,4.0,,1.1857675313949585,,,,4.0,,,,,,,,,
24500000,6125,3.25,,1.1088013648986816,,,,3.25,,,,,,,,,
24504000,6126,4.0,,1.1242010593414307,,,,4.0,,,,,,,,,
24508000,6127,3.75,,1.1548233032226562,,,,3.75,,,,,,,,,
24512000,6128,3.75,,1.17138671875,,,,3.75,,,,,,,,,
24516000,6129,4.125,,1.136063575744629,,,,4.125,,,,,,,,,
24520000,6130,4.25,,1.1180320978164673,,,,4.25,,,,,,,,,
24524000,6131,3.0,,1.1418498754501343,,,,3.0,,,,,,,,,
24528000,6132,3.75,,1.1863421201705933,,,,3.75,,,,,,,,,
24532000,6133,3.625,,1.1480798721313477,,,,3.625,,,,,,,,,
24536000,6134,3.875,,1.1209471225738525,,,,3.875,,,,,,,,,
24540000,6135,3.375,,1.1614525318145752,,,,3.375,,,,,,,,,
24544000,6136,3.125,,1.1408309936523438,,,,3.125,,,,,,,,,
24548000,6137,3.0,,1.1453816890716553,,,,3.0,,,,,,,,,
24552000,6138,3.125,,1.137623906135559,,,,3.125,,,,,,,,,
24556000,6139,3.125,,1.1162371635437012,,,,3.125,,,,,,,,,
24560000,6140,3.875,,1.1433789730072021,,,,3.875,,,,,,,,,
24564000,6141,2.375,,1.0992763042449951,,,,2.375,,,,,,,,,
24568000,6142,2.75,,1.0999410152435303,,,,2.75,,,,,,,,,
24572000,6143,3.25,,1.1246752738952637,,,,3.25,,,,,,,,,
24576000,6144,2.75,,1.1690466403961182,,,,2.75,,,,,,,,,
24580000,6145,3.125,,1.1298987865447998,,,,3.125,,,,,,,,,
24584000,6146,3.0,,1.1284687519073486,,,,3.0,,,,,,,,,
24588000,6147,2.875,,1.1307474374771118,,,,2.875,,,,,,,,,
24592000,6148,3.25,,1.1114429235458374,,,,3.25,,,,,,,,,
24596000,6149,3.25,,1.1291476488113403,,,,3.25,,,,,,,,,
24600000,6150,3.875,,1.153390645980835,,,,3.875,,,,,,,,,
24604000,6151,3.25,,1.0792312622070312,,,,3.25,,,,,,,,,
24608000,6152,4.5,,1.1792240142822266,,,,4.5,,,,,,,,,
24612000,6153,4.875,,1.1317548751831055,,,,4.875,,,,,,,,,
24616000,6154,4.25,,1.1412620544433594,,,,4.25,,,,,,,,,
24620000,6155,3.25,,1.1633834838867188,,,,3.25,,,,,,,,,
24624000,6156,4.375,,1.179651141166687,,,,4.375,,,,,,,,,
24628000,6157,3.875,,1.1023757457733154,,,,3.875,,,,,,,,,
24632000,6158,4.875,,1.0938289165496826,,,,4.875,,,,,,,,,
24636000,6159,3.75,,1.1917986869812012,,,,3.75,,,,,,,,,
24640000,6160,4.25,,1.0759027004241943,,,,4.25,,,,,,,,,
24644000,6161,4.0,,1.067171335220337,,,,4.0,,,,,,,,,
24648000,6162,2.875,,1.1181106567382812,,,,2.875,,,,,,,,,
24652000,6163,4.25,,1.1517983675003052,,,,4.25,,,,,,,,,
24656000,6164,4.25,,1.1817958354949951,,,,4.25,,,,,,,,,
24660000,6165,3.875,,1.162337064743042,,,,3.875,,,,,,,,,
24664000,6166,3.25,,1.090470314025879,,,,3.25,,,,,,,,,
24668000,6167,4.125,,1.1009821891784668,,,,4.125,,,,,,,,,
24672000,6168,4.5,,1.1414740085601807,,,,4.5,,,,,,,,,
24676000,6169,3.5,,1.1609907150268555,,,,3.5,,,,,,,,,
24680000,6170,4.75,,1.089807152748108,,,,4.75,,,,,,,,,
24684000,6171,3.5,,1.096462368965149,,,,3.5,,,,,,,,,
24688000,6172,4.25,,1.163723111152649,,,,4.25,,,,,,,,,
24692000,6173,4.0,,1.1104762554168701,,,,4.0,,,,,,,,,
24696000,6174,3.5,,1.1014388799667358,,,,3.5,,,,,,,,,
24700000,6175,4.0,,1.1246747970581055,,,,4.0,,,,,,,,,
24704000,6176,4.625,,1.0990135669708252,,,,4.625,,,,,,,,,
24708000,6177,4.5,,1.139589548110962,,,,4.5,,,,,,,,,
24712000,6178,4.5,,1.1350986957550049,,,,4.5,,,,,,,,,
24716000,6179,4.0,,1.1513700485229492,,,,4.0,,,,,,,,,
24720000,6180,4.0,,1.212867259979248,,,,4.0,,,,,,,,,
24724000,6181,5.0,,1.100030779838562,,,,5.0,,,,,,,,,
24728000,6182,4.25,,1.1373119354248047,,,,4.25,,,,,,,,,
24732000,6183,4.125,,1.1317089796066284,,,,4.125,,,,,,,,,
24736000,6184,4.25,,1.124462366104126,,,,4.25,,,,,,,,,
24740000,6185,4.0,,1.1348956823349,,,,4.0,,,,,,,,,
24744000,6186,4.125,,1.1391608715057373,,,,4.125,,,,,,,,,
24748000,6187,2.625,,1.1238878965377808,,,,2.625,,,,,,,,,
24752000,6188,3.625,,1.087475299835205,,,,3.625,,,,,,,,,
24756000,6189,3.375,,1.071432113647461,,,,3.375,,,,,,,,,
24760000,6190,4.125,,1.1475603580474854,,,,4.125,,,,,,,,,
24764000,6191,4.875,,1.1370940208435059,,,,4.875,,,,,,,,,
24768000,6192,4.375,,1.1351842880249023,,,,4.375,,,,,,,,,
24772000,6193,3.5,,1.1362087726593018,,,,3.5,,,,,,,,,
24776000,6194,4.625,,1.1064667701721191,,,,4.625,,,,,,,,,
24780000,6195,4.5,,1.0968847274780273,,,,4.5,,,,,,,,,
24784000,6196,4.5,,1.175631046295166,,,,4.5,,,,,,,,,
24788000,6197,3.625,,1.135711669921875,,,,3.625,,,,,,,,,
24792000,6198,4.25,,1.177760362625122,,,,4.25,,,,,,,,,
24796000,6199,4.25,,1.1323057413101196,,,,4.25,,,,,,,,,
24800000,6200,4.0,,1.0966981649398804,,,,4.0,,,,,,,,,
24804000,6201,4.125,,1.0998752117156982,,,,4.125,,,,,,,,,
24808000,6202,3.75,,1.1330795288085938,,,,3.75,,,,,,,,,
24812000,6203,4.25,,1.107130527496338,,,,4.25,,,,,,,,,
24816000,6204,4.0,,1.1363650560379028,,,,4.0,,,,,,,,,
24820000,6205,4.375,,1.111853837966919,,,,4.375,,,,,,,,,
24824000,6206,3.75,,1.1396162509918213,,,,3.75,,,,,,,,,
24828000,6207,3.75,,1.1748647689819336,,,,3.75,,,,,,,,,
24832000,6208,4.25,,1.1107583045959473,,,,4.25,,,,,,,,,
24836000,6209,4.0,,1.1015551090240479,,,,4.0,,,,,,,,,
24840000,6210,4.0,,1.176916241645813,,,,4.0,,,,,,,,,
24844000,6211,3.0,,1.2102344036102295,,,,3.0,,,,,,,,,
24848000,6212,3.25,,1.1002655029296875,,,,3.25,,,,,,,,,
24852000,6213,4.25,,1.1154524087905884,,,,4.25,,,,,,,,,
24856000,6214,4.125,,1.0689384937286377,,,,4.125,,,,,,,,,
24860000,6215,4.5,,1.0838277339935303,,,,4.5,,,,,,,,,
24864000,6216,3.5,,1.1487149000167847,,,,3.5,,,,,,,,,
24868000,6217,4.625,,1.1521775722503662,,,,4.625,,,,,,,,,
24872000,6218,4.125,,1.0962107181549072,,,,4.125,,,,,,,,,
24876000,6219,3.875,,1.1176435947418213,,,,3.875,,,,,,,,,
24880000,6220,4.125,,1.1657752990722656,,,,4.125,,,,,,,,,
24884000,6221,3.875,,1.1310713291168213,,,,3.875,,,,,,,,,
24888000,6222,3.75,,1.1594544649124146,,,,3.75,,,,,,,,,
24892000,6223,2.5,,1.1185086965560913,,,,2.5,,,,,,,,,
24896000,6224,4.125,,1.1075304746627808,,,,4.125,,,,,,,,,
24900000,6225,4.125,,1.1345218420028687,,,,4.125,,,,,,,,,
24904000,6226,4.0,,1.1212176084518433,,,,4.0,,,,,,,,,
24908000,6227,4.5,,1.141601324081421,,,,4.5,,,,,,,,,
24912000,6228,4.0,,1.111691951751709,,,,4.0,,,,,,,,,
24916000,6229,4.0,,1.117173671722412,,,,4.0,,,,,,,,,
24920000,6230,2.375,,1.1579283475875854,,,,2.375,,,,,,,,,
24924000,6231,3.875,,1.162764549255371,,,,3.875,,,,,,,,,
24928000,6232,4.0,,1.0799497365951538,,,,4.0,,,,,,,,,
24932000,6233,3.375,,1.086348056793213,,,,3.375,,,,,,,,,
24936000,6234,4.375,,1.1245388984680176,,,,4.375,,,,,,,,,
24940000,6235,4.375,,1.1191151142120361,,,,4.375,,,,,,,,,
24944000,6236,3.75,,1.1132149696350098,,,,3.75,,,,,,,,,
24948000,6237,4.25,,1.194899559020996,,,,4.25,,,,,,,,,
24952000,6238,4.125,,1.0904470682144165,,,,4.125,,,,,,,,,
24956000,6239,4.125,,1.112314224243164,,,,4.125,,,,,,,,,
24960000,6240,3.75,,1.1436982154846191,,,,3.75,,,,,,,,,
24964000,6241,4.125,,1.1950178146362305,,,,4.125,,,,,,,,,
24968000,6242,4.125,,1.1122965812683105,,,,4.125,,,,,,,,,
24972000,6243,4.125,,1.1523833274841309,,,,4.125,,,,,,,,,
24976000,6244,4.375,,1.1481846570968628,,,,4.375,,,,,,,,,
24980000,6245,4.125,,1.1366772651672363,,,,4.125,,,,,,,,,
24984000,6246,4.25,,1.141435146331787,,,,4.25,,,,,,,,,
24988000,6247,4.125,,1.167412519454956,,,,4.125,,,,,,,,,
24992000,6248,3.625,,1.1757786273956299,,,,3.625,,,,,,,,,
24996000,6249,3.75,,1.1834514141082764,,,,3.75,,,,,,,,,
25000000,6250,4.0,,1.1861799955368042,,,,4.0,,,,,,,,,
25004000,6251,3.0,,1.0933005809783936,,,,3.0,,,,,,,,,
25008000,6252,3.625,,1.1650303602218628,,,,3.625,,,,,,,,,
25012000,6253,1.125,,1.0794073343276978,,,,1.125,,,,,,,,,
25016000,6254,4.0,,1.15232515335083,,,,4.0,,,,,,,,,
25020000,6255,4.125,,1.152672290802002,,,,4.125,,,,,,,,,
25024000,6256,3.25,,1.102548360824585,,,,3.25,,,,,,,,,
25028000,6257,3.5,,1.1815227270126343,,,,3.5,,,,,,,,,
25032000,6258,4.0,,1.1116056442260742,,,,4.0,,,,,,,,,
25036000,6259,4.0,,1.095867395401001,,,,4.0,,,,,,,,,
25040000,6260,3.875,,1.1064481735229492,,,,3.875,,,,,,,,,
25044000,6261,4.25,,1.063263177871704,,,,4.25,,,,,,,,,
25048000,6262,3.5,,1.1082662343978882,,,,3.5,,,,,,,,,
25052000,6263,4.0,,1.119999885559082,,,,4.0,,,,,,,,,
25056000,6264,4.375,,1.1474777460098267,,,,4.375,,,,,,,,,
25060000,6265,4.25,,1.1555180549621582,,,,4.25,,,,,,,,,
25064000,6266,4.0,,1.2237882614135742,,,,4.0,,,,,,,,,
25068000,6267,3.125,,1.1819524765014648,,,,3.125,,,,,,,,,
25072000,6268,3.875,,1.1725455522537231,,,,3.875,,,,,,,,,
25076000,6269,3.25,,1.1864523887634277,,,,3.25,,,,,,,,,
25080000,6270,3.5,,1.1037354469299316,,,,3.5,,,,,,,,,
25084000,6271,4.5,,1.141331434249878,,,,4.5,,,,,,,,,
25088000,6272,4.125,,1.1630825996398926,,,,4.125,,,,,,,,,
25092000,6273,3.5,,1.1213552951812744,,,,3.5,,,,,,,,,
25096000,6274,4.125,,1.160433292388916,,,,4.125,,,,,,,,,
25100000,6275,3.875,,1.1953823566436768,,,,3.875,,,,,,,,,
25104000,6276,3.875,,1.1416394710540771,,,,3.875,,,,,,,,,
25108000,6277,3.625,,1.1877286434173584,,,,3.625,,,,,,,,,
25112000,6278,4.25,,1.1539394855499268,,,,4.25,,,,,,,,,
25116000,6279,3.875,,1.1961783170700073,,,,3.875,,,,,,,,,
25120000,6280,4.0,,1.0859030485153198,,,,4.0,,,,,,,,,
25124000,6281,3.875,,1.1377198696136475,,,,3.875,,,,,,,,,
25128000,6282,4.125,,1.1795666217803955,,,,4.125,,,,,,,,,
25132000,6283,4.0,,1.1811262369155884,,,,4.0,,,,,,,,,
25136000,6284,3.875,,1.0958150625228882,,,,3.875,,,,,,,,,
25140000,6285,3.625,,1.215541124343872,,,,3.625,,,,,,,,,
25144000,6286,3.875,,1.1148569583892822,,,,3.875,,,,,,,,,
25148000,6287,4.0,,1.132549524307251,,,,4.0,,,,,,,,,
25152000,6288,3.625,,1.1619499921798706,,,,3.625,,,,,,,,,
25156000,6289,4.5,,1.0705506801605225,,,,4.5,,,,,,,,,
25160000,6290,4.25,,1.2250725030899048,,,,4.25,,,,,,,,,
25164000,6291,4.125,,1.2064666748046875,,,,4.125,,,,,,,,,
25168000,6292,4.0,,1.1294200420379639,,,,4.0,,,,,,,,,
25172000,6293,4.5,,1.126082420349121,,,,4.5,,,,,,,,,
25176000,6294,3.375,,1.188820481300354,,,,3.375,,,,,,,,,
25180000,6295,4.5,,1.1358380317687988,,,,4.5,,,,,,,,,
25184000,6296,2.75,,1.1177434921264648,,,,2.75,,,,,,,,,
25188000,6297,4.25,,1.12981379032135,,,,4.25,,,,,,,,,
25192000,6298,3.625,,1.1961737871170044,,,,3.625,,,,,,,,,
25196000,6299,3.375,,1.1106858253479004,,,,3.375,,,,,,,,,
25200000,6300,3.75,,1.1607836484909058,,,,3.75,,,,,,,,,
25204000,6301,2.25,,1.1913447380065918,,,,2.25,,,,,,,,,
25208000,6302,3.875,,1.0836765766143799,,,,3.875,,,,,,,,,
25212000,6303,3.875,,1.190747618675232,,,,3.875,,,,,,,,,
25216000,6304,1.875,,1.2244757413864136,,,,1.875,,,,,,,,,
25220000,6305,1.75,,1.02628493309021,,,,1.75,,,,,,,,,
25224000,6306,3.125,,1.0759594440460205,,,,3.125,,,,,,,,,
25228000,6307,2.375,,1.20046865940094,,,,2.375,,,,,,,,,
25232000,6308,2.75,,1.107501745223999,,,,2.75,,,,,,,,,
25236000,6309,4.0,,1.1732771396636963,,,,4.0,,,,,,,,,
25240000,6310,3.375,,1.0706684589385986,,,,3.375,,,,,,,,,
25244000,6311,3.375,,1.1824913024902344,,,,3.375,,,,,,,,,
25248000,6312,3.875,,1.1057567596435547,,,,3.875,,,,,,,,,
25252000,6313,3.625,,1.0635051727294922,,,,3.625,,,,,,,,,
25256000,6314,3.75,,1.1574592590332031,,,,3.75,,,,,,,,,
25260000,6315,3.625,,1.1523877382278442,,,,3.625,,,,,,,,,
25264000,6316,2.875,,1.1284042596817017,,,,2.875,,,,,,,,,
25268000,6317,2.875,,1.1679444313049316,,,,2.875,,,,,,,,,
25272000,6318,3.125,,1.077174186706543,,,,3.125,,,,,,,,,
25276000,6319,3.375,,1.0825083255767822,,,,3.375,,,,,,,,,
25280000,6320,3.375,,1.1315685510635376,,,,3.375,,,,,,,,,
25284000,6321,3.25,,1.1509602069854736,,,,3.25,,,,,,,,,
25288000,6322,3.625,,1.0887484550476074,,,,3.625,,,,,,,,,
25292000,6323,2.0,,1.1386137008666992,,,,2.0,,,,,,,,,
25296000,6324,3.375,,1.0612874031066895,,,,3.375,,,,,,,,,
25300000,6325,4.25,,1.1258492469787598,,,,4.25,,,,,,,,,
25304000,6326,3.875,,1.08773934841156,,,,3.875,,,,,,,,,
25308000,6327,4.375,,1.090085744857788,,,,4.375,,,,,,,,,
25312000,6328,3.375,,1.090956687927246,,,,3.375,,,,,,,,,
25316000,6329,4.5,,1.1229455471038818,,,,4.5,,,,,,,,,
25320000,6330,3.75,,1.1472487449645996,,,,3.75,,,,,,,,,
25324000,6331,3.875,,1.0991681814193726,,,,3.875,,,,,,,,,
25328000,6332,3.625,,1.098010540008545,,,,3.625,,,,,,,,,
25332000,6333,3.875,,1.0570374727249146,,,,3.875,,,,,,,,,
25336000,6334,3.25,,1.0436989068984985,,,,3.25,,,,,,,,,
25340000,6335,4.125,,1.0775705575942993,,,,4.125,,,,,,,,,
25344000,6336,4.125,,1.1548832654953003,,,,4.125,,,,,,,,,
25348000,6337,4.125,,1.0593082904815674,,,,4.125,,,,,,,,,
25352000,6338,4.125,,1.0914549827575684,,,,4.125,,,,,,,,,
25356000,6339,4.75,,1.111760139465332,,,,4.75,,,,,,,,,
25360000,6340,3.75,,1.1322776079177856,,,,3.75,,,,,,,,,
25364000,6341,4.25,,1.0757777690887451,,,,4.25,,,,,,,,,
25368000,6342,3.875,,1.071029782295227,,,,3.875,,,,,,,,,
25372000,6343,4.0,,1.1467739343643188,,,,4.0,,,,,,,,,
25376000,6344,3.875,,1.1061649322509766,,,,3.875,,,,,,,,,
25380000,6345,3.75,,1.0098133087158203,,,,3.75,,,,,,,,,
25384000,6346,3.125,,1.1220608949661255,,,,3.125,,,,,,,,,
25388000,6347,4.75,,1.1888381242752075,,,,4.75,,,,,,,,,
25392000,6348,3.875,,1.0501275062561035,,,,3.875,,,,,,,,,
25396000,6349,4.0,,1.0645177364349365,,,,4.0,,,,,,,,,
25400000,6350,2.625,,1.137774109840393,,,,2.625,,,,,,,,,
25404000,6351,3.5,,1.123615026473999,,,,3.5,,,,,,,,,
25408000,6352,1.625,,1.1355379819869995,,,,1.625,,,,,,,,,
25412000,6353,4.5,,1.0185136795043945,,,,4.5,,,,,,,,,
25416000,6354,4.375,,1.1172621250152588,,,,4.375,,,,,,,,,
25420000,6355,3.5,,1.2174079418182373,,,,3.5,,,,,,,,,
25424000,6356,4.125,,1.0888996124267578,,,,4.125,,,,,,,,,
25428000,6357,3.875,,1.0811576843261719,,,,3.875,,,,,,,,,
25432000,6358,3.75,,1.0899003744125366,,,,3.75,,,,,,,,,
25436000,6359,3.625,,1.0482667684555054,,,,3.625,,,,,,,,,
25440000,6360,3.75,,1.0887610912322998,,,,3.75,,,,,,,,,
25444000,6361,3.75,,1.0555247068405151,,,,3.75,,,,,,,,,
25448000,6362,3.625,,1.0739755630493164,,,,3.625,,,,,,,,,
25452000,6363,4.25,,1.1507267951965332,,,,4.25,,,,,,,,,
25456000,6364,4.0,,1.0616322755813599,,,,4.0,,,,,,,,,
25460000,6365,4.25,,1.055773138999939,,,,4.25,,,,,,,,,
25464000,6366,3.875,,1.108823299407959,,,,3.875,,,,,,,,,
25468000,6367,3.875,,1.103736400604248,,,,3.875,,,,,,,,,
25472000,6368,4.25,,1.0603173971176147,,,,4.25,,,,,,,,,
25476000,6369,4.375,,1.099952220916748,,,,4.375,,,,,,,,,
25480000,6370,3.875,,1.0911543369293213,,,,3.875,,,,,,,,,
25484000,6371,4.75,,1.0911548137664795,,,,4.75,,,,,,,,,
25488000,6372,3.875,,1.0960947275161743,,,,3.875,,,,,,,,,
25492000,6373,4.125,,1.1239365339279175,,,,4.125,,,,,,,,,
25496000,6374,3.625,,1.1078394651412964,,,,3.625,,,,,,,,,
25500000,6375,4.5,,1.0642081499099731,,,,4.5,,,,,,,,,
25504000,6376,3.625,,1.0629286766052246,,,,3.625,,,,,,,,,
25508000,6377,4.125,,1.0709733963012695,,,,4.125,,,,,,,,,
25512000,6378,3.75,,1.1397849321365356,,,,3.75,,,,,,,,,
25516000,6379,4.0,,1.159003734588623,,,,4.0,,,,,,,,,
25520000,6380,3.875,,1.0876259803771973,,,,3.875,,,,,,,,,
25524000,6381,4.125,,1.0987164974212646,,,,4.125,,,,,,,,,
25528000,6382,2.0,,1.0671579837799072,,,,2.0,,,,,,,,,
25532000,6383,4.5,,1.1452009677886963,,,,4.5,,,,,,,,,
25536000,6384,4.25,,1.1526539325714111,,,,4.25,,,,,,,,,
25540000,6385,3.625,,1.0859346389770508,,,,3.625,,,,,,,,,
25544000,6386,4.375,,1.078639268875122,,,,4.375,,,,,,,,,
25548000,6387,4.375,,1.1166661977767944,,,,4.375,,,,,,,,,
25552000,6388,4.25,,1.1422150135040283,,,,4.25,,,,,,,,,
25556000,6389,4.125,,1.0845165252685547,,,,4.125,,,,,,,,,
25560000,6390,4.5,,1.0382980108261108,,,,4.5,,,,,,,,,
25564000,6391,4.375,,1.0724523067474365,,,,4.375,,,,,,,,,
25568000,6392,3.5,,1.1072173118591309,,,,3.5,,,,,,,,,
25572000,6393,4.25,,1.1490199565887451,,,,4.25,,,,,,,,,
25576000,6394,4.25,,1.1091618537902832,,,,4.25,,,,,,,,,
25580000,6395,4.125,,1.0957002639770508,,,,4.125,,,,,,,,,
25584000,6396,3.75,,1.1041676998138428,,,,3.75,,,,,,,,,
25588000,6397,4.0,,1.0428931713104248,,,,4.0,,,,,,,,,
25592000,6398,4.125,,1.136368989944458,,,,4.125,,,,,,,,,
25596000,6399,3.5,,1.0644962787628174,,,,3.5,,,,,,,,,
25600000,6400,3.875,,1.0897184610366821,,,,3.875,,,,,,,,,
25604000,6401,3.5,,1.2080879211425781,,,,3.5,,,,,,,,,
25608000,6402,4.0,,1.0847582817077637,,,,4.0,,,,,,,,,
25612000,6403,4.125,,1.0640923976898193,,,,4.125,,,,,,,,,
25616000,6404,3.875,,1.104665756225586,,,,3.875,,,,,,,,,
25620000,6405,3.375,,1.0771163702011108,,,,3.375,,,,,,,,,
25624000,6406,4.25,,1.1284911632537842,,,,4.25,,,,,,,,,
25628000,6407,3.25,,1.0461201667785645,,,,3.25,,,,,,,,,
25632000,6408,3.75,,1.09115731716156,,,,3.75,,,,,,,,,
25636000,6409,3.875,,1.1346831321716309,,,,3.875,,,,,,,,,
25640000,6410,3.375,,1.0552284717559814,,,,3.375,,,,,,,,,
25644000,6411,2.375,,1.0417120456695557,,,,2.375,,,,,,,,,
25648000,6412,3.125,,1.0474879741668701,,,,3.125,,,,,,,,,
25652000,6413,3.25,,1.0845715999603271,,,,3.25,,,,,,,,,
25656000,6414,4.0,,1.114816427230835,,,,4.0,,,,,,,,,
25660000,6415,3.75,,1.082707405090332,,,,3.75,,,,,,,,,
25664000,6416,4.125,,1.0731189250946045,,,,4.125,,,,,,,,,
25668000,6417,3.75,,1.112464427947998,,,,3.75,,,,,,,,,
25672000,6418,3.875,,1.0986483097076416,,,,3.875,,,,,,,,,
25676000,6419,4.0,,1.067829966545105,,,,4.0,,,,,,,,,
25680000,6420,3.625,,1.060006856918335,,,,3.625,,,,,,,,,
25684000,6421,4.125,,1.0178661346435547,,,,4.125,,,,,,,,,
25688000,6422,3.75,,1.0566768646240234,,,,3.75,,,,,,,,,
25692000,6423,3.75,,1.0921144485473633,,,,3.75,,,,,,,,,
25696000,6424,4.0,,1.0665051937103271,,,,4.0,,,,,,,,,
25700000,6425,3.875,,1.0348467826843262,,,,3.875,,,,,,,,,
25704000,6426,3.875,,1.1135063171386719,,,,3.875,,,,,,,,,
25708000,6427,3.375,,1.0981905460357666,,,,3.375,,,,,,,,,
25712000,6428,3.75,,1.0681307315826416,,,,3.75,,,,,,,,,
25716000,6429,4.25,,1.0663409233093262,,,,4.25,,,,,,,,,
25720000,6430,4.0,,1.1204558610916138,,,,4.0,,,,,,,,,
25724000,6431,3.5,,1.0924992561340332,,,,3.5,,,,,,,,,
25728000,6432,3.375,,1.059293508529663,,,,3.375,,,,,,,,,
25732000,6433,4.25,,1.1014375686645508,,,,4.25,,,,,,,,,
25736000,6434,2.625,,1.1020817756652832,,,,2.625,,,,,,,,,
25740000,6435,4.125,,1.0554585456848145,,,,4.125,,,,,,,,,
25744000,6436,4.5,,1.0959892272949219,,,,4.5,,,,,,,,,
25748000,6437,3.625,,1.149483323097229,,,,3.625,,,,,,,,,
25752000,6438,2.125,,1.050432562828064,,,,2.125,,,,,,,,,
25756000,6439,3.625,,1.0657018423080444,,,,3.625,,,,,,,,,
25760000,6440,3.375,,1.1543855667114258,,,,3.375,,,,,,,,,
25764000,6441,4.125,,1.1325058937072754,,,,4.125,,,,,,,,,
25768000,6442,4.375,,1.0926275253295898,,,,4.375,,,,,,,,,
25772000,6443,3.875,,1.1279215812683105,,,,3.875,,,,,,,,,
25776000,6444,4.125,,1.1178569793701172,,,,4.125,,,,,,,,,
25780000,6445,4.0,,1.0857272148132324,,,,4.0,,,,,,,,,
25784000,6446,4.25,,1.101304292678833,,,,4.25,,,,,,,,,
25788000,6447,4.125,,1.077670931816101,,,,4.125,,,,,,,,,
25792000,6448,4.25,,1.0937920808792114,,,,4.25,,,,,,,,,
25796000,6449,3.875,,1.1301040649414062,,,,3.875,,,,,,,,,
25800000,6450,4.0,,1.0981019735336304,,,,4.0,,,,,,,,,
25804000,6451,4.25,,1.1254289150238037,,,,4.25,,,,,,,,,
25808000,6452,3.5,,1.1130316257476807,,,,3.5,,,,,,,,,
25812000,6453,4.25,,1.0825759172439575,,,,4.25,,,,,,,,,
25816000,6454,3.5,,1.146162509918213,,,,3.5,,,,,,,,,
25820000,6455,4.375,,1.1363887786865234,,,,4.375,,,,,,,,,
25824000,6456,4.0,,1.1068451404571533,,,,4.0,,,,,,,,,
25828000,6457,3.375,,1.0746734142303467,,,,3.375,,,,,,,,,
25832000,6458,3.75,,1.0563232898712158,,,,3.75,,,,,,,,,
25836000,6459,5.125,,1.1392890214920044,,,,5.125,,,,,,,,,
25840000,6460,3.75,,1.1504449844360352,,,,3.75,,,,,,,,,
25844000,6461,4.125,,1.1479196548461914,,,,4.125,,,,,,,,,
25848000,6462,3.625,,1.0650936365127563,,,,3.625,,,,,,,,,
25852000,6463,4.25,,1.127164602279663,,,,4.25,,,,,,,,,
25856000,6464,2.875,,1.126556634902954,,,,2.875,,,,,,,,,
25860000,6465,3.875,,1.0908377170562744,,,,3.875,,,,,,,,,
25864000,6466,3.5,,1.072731852531433,,,,3.5,,,,,,,,,
25868000,6467,3.125,,1.050543189048767,,,,3.125,,,,,,,,,
25872000,6468,2.625,,1.1156091690063477,,,,2.625,,,,,,,,,
25876000,6469,3.5,,1.14596426486969,,,,3.5,,,,,,,,,
25880000,6470,3.0,,1.0633680820465088,,,,3.0,,,,,,,,,
25884000,6471,3.375,,1.0504580736160278,,,,3.375,,,,,,,,,
25888000,6472,1.625,,1.07717764377594,,,,1.625,,,,,,,,,
25892000,6473,3.875,,1.0963921546936035,,,,3.875,,,,,,,,,
25896000,6474,3.75,,1.1169602870941162,,,,3.75,,,,,,,,,
25900000,6475,2.875,,1.069277286529541,,,,2.875,,,,,,,,,
25904000,6476,3.375,,1.0635918378829956,,,,3.375,,,,,,,,,
25908000,6477,4.25,,1.1022090911865234,,,,4.25,,,,,,,,,
25912000,6478,3.25,,1.1400456428527832,,,,3.25,,,,,,,,,
25916000,6479,3.875,,1.0533251762390137,,,,3.875,,,,,,,,,
25920000,6480,3.875,,1.143980622291565,,,,3.875,,,,,,,,,
25924000,6481,4.125,,1.1305689811706543,,,,4.125,,,,,,,,,
25928000,6482,4.125,,1.002483606338501,,,,4.125,,,,,,,,,
25932000,6483,3.75,,1.0763331651687622,,,,3.75,,,,,,,,,
25936000,6484,3.875,,1.1180320978164673,,,,3.875,,,,,,,,,
25940000,6485,4.0,,1.069937825202942,,,,4.0,,,,,,,,,
25944000,6486,4.0,,1.0980257987976074,,,,4.0,,,,,,,,,
25948000,6487,3.625,,1.1012766361236572,,,,3.625,,,,,,,,,
25952000,6488,3.75,,1.0833837985992432,,,,3.75,,,,,,,,,
25956000,6489,3.75,,1.0842052698135376,,,,3.75,,,,,,,,,
25960000,6490,4.125,,1.0796681642532349,,,,4.125,,,,,,,,,
25964000,6491,4.375,,1.055746078491211,,,,4.375,,,,,,,,,
25968000,6492,3.125,,1.0866503715515137,,,,3.125,,,,,,,,,
25972000,6493,3.875,,1.068195104598999,,,,3.875,,,,,,,,,
25976000,6494,4.875,,1.0737736225128174,,,,4.875,,,,,,,,,
25980000,6495,3.75,,1.114181637763977,,,,3.75,,,,,,,,,
25984000,6496,4.125,,1.1179554462432861,,,,4.125,,,,,,,,,
25988000,6497,3.875,,1.093583345413208,,,,3.875,,,,,,,,,
25992000,6498,3.0,,1.0557459592819214,,,,3.0,,,,,,,,,
25996000,6499,4.25,,1.0330313444137573,,,,4.25,,,,,,,,,
26000000,6500,3.375,,1.156611442565918,,,,3.375,,,,,,,,,
26004000,6501,2.375,,1.067838430404663,,,,2.375,,,,,,,,,
26008000,6502,3.75,,1.0618470907211304,,,,3.75,,,,,,,,,
26012000,6503,2.375,,1.054495096206665,,,,2.375,,,,,,,,,
26016000,6504,2.75,,1.117516279220581,,,,2.75,,,,,,,,,
26020000,6505,2.625,,1.1078693866729736,,,,2.625,,,,,,,,,
26024000,6506,4.125,,1.0420842170715332,,,,4.125,,,,,,,,,
26028000,6507,5.125,,1.0881671905517578,,,,5.125,,,,,,,,,
26032000,6508,2.375,,1.0779988765716553,,,,2.375,,,,,,,,,
26036000,6509,3.5,,1.0485570430755615,,,,3.5,,,,,,,,,
26040000,6510,3.0,,1.0616570711135864,,,,3.0,,,,,,,,,
26044000,6511,4.25,,1.114741563796997,,,,4.25,,,,,,,,,
26048000,6512,3.5,,1.09952974319458,,,,3.5,,,,,,,,,
26052000,6513,4.25,,1.0088739395141602,,,,4.25,,,,,,,,,
26056000,6514,4.25,,1.0964199304580688,,,,4.25,,,,,,,,,
26060000,6515,2.0,,1.1263015270233154,,,,2.0,,,,,,,,,
26064000,6516,4.75,,0.9833779335021973,,,,4.75,,,,,,,,,
26068000,6517,4.0,,1.0831985473632812,,,,4.0,,,,,,,,,
26072000,6518,4.125,,1.0792499780654907,,,,4.125,,,,,,,,,
26076000,6519,3.875,,1.068608283996582,,,,3.875,,,,,,,,,
26080000,6520,3.75,,1.0144736766815186,,,,3.75,,,,,,,,,
26084000,6521,3.5,,1.0720922946929932,,,,3.5,,,,,,,,,
26088000,6522,3.5,,1.0527746677398682,,,,3.5,,,,,,,,,
26092000,6523,4.125,,1.0656635761260986,,,,4.125,,,,,,,,,
26096000,6524,3.375,,1.0572283267974854,,,,3.375,,,,,,,,,
26100000,6525,4.125,,1.075006365776062,,,,4.125,,,,,,,,,
26104000,6526,3.75,,1.0473620891571045,,,,3.75,,,,,,,,,
26108000,6527,4.25,,1.0783271789550781,,,,4.25,,,,,,,,,
26112000,6528,4.625,,1.110074758529663,,,,4.625,,,,,,,,,
26116000,6529,3.0,,1.061474323272705,,,,3.0,,,,,,,,,
26120000,6530,4.25,,1.101151704788208,,,,4.25,,,,,,,,,
26124000,6531,4.875,,1.0550976991653442,,,,4.875,,,,,,,,,
26128000,6532,4.375,,1.1210637092590332,,,,4.375,,,,,,,,,
26132000,6533,4.25,,1.1111812591552734,,,,4.25,,,,,,,,,
26136000,6534,4.0,,1.0687366724014282,,,,4.0,,,,,,,,,
26140000,6535,4.875,,1.0517139434814453,,,,4.875,,,,,,,,,
26144000,6536,4.5,,1.0761768817901611,,,,4.5,,,,,,,,,
26148000,6537,4.375,,1.1259205341339111,,,,4.375,,,,,,,,,
26152000,6538,4.125,,1.1052848100662231,,,,4.125,,,,,,,,,
26156000,6539,3.875,,1.0404777526855469,,,,3.875,,,,,,,,,
26160000,6540,5.0,,1.15840482711792,,,,5.0,,,,,,,,,
26164000,6541,4.0,,1.1024826765060425,,,,4.0,,,,,,,,,
26168000,6542,2.625,,1.0497468709945679,,,,2.625,,,,,,,,,
26172000,6543,4.25,,1.0908881425857544,,,,4.25,,,,,,,,,
26176000,6544,4.0,,1.140625238418579,,,,4.0,,,,,,,,,
26180000,6545,3.625,,1.058158040046692,,,,3.625,,,,,,,,,
26184000,6546,3.375,,1.071265459060669,,,,3.375,,,,,,,,,
26188000,6547,3.5,,1.1717276573181152,,,,3.5,,,,,,,,,
26192000,6548,3.5,,1.0791053771972656,,,,3.5,,,,,,,,,
26196000,6549,2.5,,1.0685720443725586,,,,2.5,,,,,,,,,
26200000,6550,3.5,,1.0626400709152222,,,,3.5,,,,,,,,,
26204000,6551,4.0,,1.1041220426559448,,,,4.0,,,,,,,,,
26208000,6552,3.75,,1.065610408782959,,,,3.75,,,,,,,,,
26212000,6553,3.5,,1.1149847507476807,,,,3.5,,,,,,,,,
26216000,6554,4.375,,1.0473579168319702,,,,4.375,,,,,,,,,
26220000,6555,4.375,,1.1476337909698486,,,,4.375,,,,,,,,,
26224000,6556,3.75,,1.0384441614151,,,,3.75,,,,,,,,,
26228000,6557,3.75,,1.0887458324432373,,,,3.75,,,,,,,,,
26232000,6558,4.0,,1.1634962558746338,,,,4.0,,,,,,,,,
26236000,6559,3.875,,1.0707566738128662,,,,3.875,,,,,,,,,
26240000,6560,4.375,,1.0809566974639893,,,,4.375,,,,,,,,,
26244000,6561,4.25,,1.1160545349121094,,,,4.25,,,,,,,,,
26248000,6562,4.25,,1.0787957906723022,,,,4.25,,,,,,,,,
26252000,6563,3.875,,1.0631474256515503,,,,3.875,,,,,,,,,
26256000,6564,4.25,,1.0739834308624268,,,,4.25,,,,,,,,,
26260000,6565,3.625,,1.0786914825439453,,,,3.625,,,,,,,,,
26264000,6566,4.0,,1.1305484771728516,,,,4.0,,,,,,,,,
26268000,6567,4.5,,1.0746638774871826,,,,4.5,,,,,,,,,
26272000,6568,3.25,,1.1059460639953613,,,,3.25,,,,,,,,,
26276000,6569,3.75,,1.1342780590057373,,,,3.75,,,,,,,,,
26280000,6570,3.0,,1.0762555599212646,,,,3.0,,,,,,,,,
26284000,6571,4.0,,1.0513631105422974,,,,4.0,,,,,,,,,
26288000,6572,4.5,,1.1344914436340332,,,,4.5,,,,,,,,,
26292000,6573,3.875,,1.1078742742538452,,,,3.875,,,,,,,,,
26296000,6574,4.5,,1.115144968032837,,,,4.5,,,,,,,,,
26300000,6575,3.625,,1.0886622667312622,,,,3.625,,,,,,,,,
26304000,6576,4.5,,1.107177734375,,,,4.5,,,,,,,,,
26308000,6577,4.125,,1.0619148015975952,,,,4.125,,,,,,,,,
26312000,6578,4.25,,1.1607699394226074,,,,4.25,,,,,,,,,
26316000,6579,4.0,,1.1393719911575317,,,,4.0,,,,,,,,,
26320000,6580,4.25,,1.1218230724334717,,,,4.25,,,,,,,,,
26324000,6581,4.25,,1.0464973449707031,,,,4.25,,,,,,,,,
26328000,6582,3.625,,1.0882254838943481,,,,3.625,,,,,,,,,
26332000,6583,3.875,,1.1828155517578125,,,,3.875,,,,,,,,,
26336000,6584,4.0,,1.095637321472168,,,,4.0,,,,,,,,,
26340000,6585,4.25,,1.0641539096832275,,,,4.25,,,,,,,,,
26344000,6586,3.75,,1.1568963527679443,,,,3.75,,,,,,,,,
26348000,6587,3.75,,1.0439156293869019,,,,3.75,,,,,,,,,
26352000,6588,3.75,,1.0428202152252197,,,,3.75,,,,,,,,,
26356000,6589,4.125,,1.0804857015609741,,,,4.125,,,,,,,,,
26360000,6590,4.25,,1.1004513502120972,,,,4.25,,,,,,,,,
26364000,6591,4.625,,1.065471887588501,,,,4.625,,,,,,,,,
26368000,6592,3.875,,1.0801132917404175,,,,3.875,,,,,,,,,
26372000,6593,4.25,,1.1036120653152466,,,,4.25,,,,,,,,,
26376000,6594,4.125,,1.125969409942627,,,,4.125,,,,,,,,,
26380000,6595,4.625,,1.152909278869629,,,,4.625,,,,,,,,,
26384000,6596,4.375,,1.0952097177505493,,,,4.375,,,,,,,,,
26388000,6597,4.5,,1.1808273792266846,,,,4.5,,,,,,,,,
26392000,6598,4.25,,1.131927728652954,,,,4.25,,,,,,,,,
26396000,6599,4.25,,1.088868498802185,,,,4.25,,,,,,,,,
26400000,6600,4.0,,1.050133466720581,,,,4.0,,,,,,,,,
26404000,6601,4.0,,1.145660638809204,,,,4.0,,,,,,,,,
26408000,6602,4.375,,1.171942949295044,,,,4.375,,,,,,,,,
26412000,6603,4.125,,1.0927447080612183,,,,4.125,,,,,,,,,
26416000,6604,4.625,,1.1325485706329346,,,,4.625,,,,,,,,,
26420000,6605,4.125,,1.1411807537078857,,,,4.125,,,,,,,,,
26424000,6606,3.75,,1.1403002738952637,,,,3.75,,,,,,,,,
26428000,6607,4.25,,1.1042065620422363,,,,4.25,,,,,,,,,
26432000,6608,4.0,,1.1547694206237793,,,,4.0,,,,,,,,,
26436000,6609,4.25,,1.1415565013885498,,,,4.25,,,,,,,,,
26440000,6610,5.125,,1.1070666313171387,,,,5.125,,,,,,,,,
26444000,6611,4.125,,1.127408742904663,,,,4.125,,,,,,,,,
26448000,6612,4.125,,1.1575720310211182,,,,4.125,,,,,,,,,
26452000,6613,2.75,,1.1805102825164795,,,,2.75,,,,,,,,,
26456000,6614,4.125,,1.118565559387207,,,,4.125,,,,,,,,,
26460000,6615,3.25,,1.1179463863372803,,,,3.25,,,,,,,,,
26464000,6616,3.625,,1.1254143714904785,,,,3.625,,,,,,,,,
26468000,6617,3.75,,1.168071985244751,,,,3.75,,,,,,,,,
26472000,6618,3.375,,1.1543312072753906,,,,3.375,,,,,,,,,
26476000,6619,3.625,,1.1063916683197021,,,,3.625,,,,,,,,,
26480000,6620,2.75,,1.1243605613708496,,,,2.75,,,,,,,,,
26484000,6621,3.75,,1.0815625190734863,,,,3.75,,,,,,,,,
26488000,6622,4.0,,1.2279880046844482,,,,4.0,,,,,,,,,
26492000,6623,3.25,,1.0954723358154297,,,,3.25,,,,,,,,,
26496000,6624,3.25,,1.086318016052246,,,,3.25,,,,,,,,,
26500000,6625,3.75,,1.1175692081451416,,,,3.75,,,,,,,,,
26504000,6626,4.125,,1.1538408994674683,,,,4.125,,,,,,,,,
26508000,6627,3.625,,1.0919867753982544,,,,3.625,,,,,,,,,
26512000,6628,3.75,,1.1954987049102783,,,,3.75,,,,,,,,,
26516000,6629,3.875,,1.094400405883789,,,,3.875,,,,,,,,,
26520000,6630,3.625,,1.1486026048660278,,,,3.625,,,,,,,,,
26524000,6631,4.0,,1.1271040439605713,,,,4.0,,,,,,,,,
26528000,6632,3.875,,1.1198184490203857,,,,3.875,,,,,,,,,
26532000,6633,4.125,,1.1295766830444336,,,,4.125,,,,,,,,,
26536000,6634,3.875,,1.2114825248718262,,,,3.875,,,,,,,,,
26540000,6635,3.0,,1.1508071422576904,,,,3.0,,,,,,,,,
26544000,6636,4.5,,1.073984146118164,,,,4.5,,,,,,,,,
26548000,6637,5.0,,1.1529641151428223,,,,5.0,,,,,,,,,
26552000,6638,2.75,,1.1387076377868652,,,,2.75,,,,,,,,,
26556000,6639,4.25,,1.1412971019744873,,,,4.25,,,,,,,,,
26560000,6640,4.25,,1.1496756076812744,,,,4.25,,,,,,,,,
26564000,6641,4.0,,1.0812475681304932,,,,4.0,,,,,,,,,
26568000,6642,3.375,,1.1643049716949463,,,,3.375,,,,,,,,,
26572000,6643,3.75,,1.1340529918670654,,,,3.75,,,,,,,,,
26576000,6644,4.125,,1.1546711921691895,,,,4.125,,,,,,,,,
26580000,6645,4.0,,1.1662555932998657,,,,4.0,,,,,,,,,
26584000,6646,4.75,,1.1475661993026733,,,,4.75,,,,,,,,,
26588000,6647,4.5,,1.1326930522918701,,,,4.5,,,,,,,,,
26592000,6648,4.125,,1.1971570253372192,,,,4.125,,,,,,,,,
26596000,6649,4.0,,1.1316649913787842,,,,4.0,,,,,,,,,
26600000,6650,4.25,,1.070634365081787,,,,4.25,,,,,,,,,
26604000,6651,3.375,,1.1055337190628052,,,,3.375,,,,,,,,,
26608000,6652,4.0,,1.186724066734314,,,,4.0,,,,,,,,,
26612000,6653,4.5,,1.2292386293411255,,,,4.5,,,,,,,,,
26616000,6654,4.125,,1.15438711643219,,,,4.125,,,,,,,,,
26620000,6655,4.25,,1.1011971235275269,,,,4.25,,,,,,,,,
26624000,6656,4.25,,1.1468138694763184,,,,4.25,,,,,,,,,
26628000,6657,4.25,,1.1330478191375732,,,,4.25,,,,,,,,,
26632000,6658,4.0,,1.0982974767684937,,,,4.0,,,,,,,,,
26636000,6659,4.0,,1.1625055074691772,,,,4.0,,,,,,,,,
26640000,6660,4.625,,1.138810157775879,,,,4.625,,,,,,,,,
26644000,6661,4.125,,1.1126097440719604,,,,4.125,,,,,,,,,
26648000,6662,3.25,,1.1954176425933838,,,,3.25,,,,,,,,,
26652000,6663,4.25,,1.176396131515503,,,,4.25,,,,,,,,,
26656000,6664,4.25,,1.1206573247909546,,,,4.25,,,,,,,,,
26660000,6665,4.0,,1.113067626953125,,,,4.0,,,,,,,,,
26664000,6666,3.875,,1.2088102102279663,,,,3.875,,,,,,,,,
26668000,6667,3.375,,1.112581729888916,,,,3.375,,,,,,,,,
26672000,6668,2.75,,1.1787002086639404,,,,2.75,,,,,,,,,
26676000,6669,2.125,,1.1039637327194214,,,,2.125,,,,,,,,,
26680000,6670,3.5,,1.0744132995605469,,,,3.5,,,,,,,,,
26684000,6671,3.5,,1.155555248260498,,,,3.5,,,,,,,,,
26688000,6672,3.125,,1.0714991092681885,,,,3.125,,,,,,,,,
26692000,6673,4.75,,1.1486282348632812,,,,4.75,,,,,,,,,
26696000,6674,2.625,,1.110256314277649,,,,2.625,,,,,,,,,
26700000,6675,3.5,,1.0856261253356934,,,,3.5,,,,,,,,,
26704000,6676,4.0,,1.1136187314987183,,,,4.0,,,,,,,,,
26708000,6677,4.5,,1.1478049755096436,,,,4.5,,,,,,,,,
26712000,6678,3.75,,1.0865991115570068,,,,3.75,,,,,,,,,
26716000,6679,3.625,,1.1268407106399536,,,,3.625,,,,,,,,,
26720000,6680,4.0,,1.0951051712036133,,,,4.0,,,,,,,,,
26724000,6681,4.375,,1.130361557006836,,,,4.375,,,,,,,,,
26728000,6682,2.625,,1.1011699438095093,,,,2.625,,,,,,,,,
26732000,6683,4.0,,1.1331298351287842,,,,4.0,,,,,,,,,
26736000,6684,2.875,,1.1193076372146606,,,,2.875,,,,,,,,,
26740000,6685,4.0,,1.145057201385498,,,,4.0,,,,,,,,,
26744000,6686,4.125,,1.112679123878479,,,,4.125,,,,,,,,,
26748000,6687,4.0,,1.0579379796981812,,,,4.0,,,,,,,,,
26752000,6688,4.25,,1.158484697341919,,,,4.25,,,,,,,,,
26756000,6689,3.75,,1.0472029447555542,,,,3.75,,,,,,,,,
26760000,6690,4.125,,1.133549451828003,,,,4.125,,,,,,,,,
26764000,6691,4.375,,1.078639268875122,,,,4.375,,,,,,,,,
26768000,6692,4.125,,1.1210265159606934,,,,4.125,,,,,,,,,
26772000,6693,4.625,,1.1351205110549927,,,,4.625,,,,,,,,,
26776000,6694,3.875,,1.1682274341583252,,,,3.875,,,,,,,,,
26780000,6695,4.125,,1.0991865396499634,,,,4.125,,,,,,,,,
26784000,6696,4.625,,1.1145966053009033,,,,4.625,,,,,,,,,
26788000,6697,4.0,,1.0602757930755615,,,,4.0,,,,,,,,,
26792000,6698,4.25,,1.1280499696731567,,,,4.25,,,,,,,,,
26796000,6699,4.625,,1.147447943687439,,,,4.625,,,,,,,,,
26800000,6700,3.375,,1.0909751653671265,,,,3.375,,,,,,,,,
26804000,6701,4.25,,1.0887296199798584,,,,4.25,,,,,,,,,
26808000,6702,4.25,,1.1165761947631836,,,,4.25,,,,,,,,,
26812000,6703,3.875,,1.1015822887420654,,,,3.875,,,,,,,,,
26816000,6704,4.125,,1.0950779914855957,,,,4.125,,,,,,,,,
26820000,6705,3.75,,1.1183212995529175,,,,3.75,,,,,,,,,
26824000,6706,4.0,,1.1458500623703003,,,,4.0,,,,,,,,,
26828000,6707,3.875,,1.0531562566757202,,,,3.875,,,,,,,,,
26832000,6708,4.25,,1.0561330318450928,,,,4.25,,,,,,,,,
26836000,6709,4.25,,1.121819019317627,,,,4.25,,,,,,,,,
26840000,6710,4.75,,1.1079260110855103,,,,4.75,,,,,,,,,
26844000,6711,4.125,,1.061785101890564,,,,4.125,,,,,,,,,
26848000,6712,3.75,,1.1442975997924805,,,,3.75,,,,,,,,,
26852000,6713,4.25,,1.0648630857467651,,,,4.25,,,,,,,,,
26856000,6714,4.125,,1.1370035409927368,,,,4.125,,,,,,,,,
26860000,6715,3.625,,1.2129595279693604,,,,3.625,,,,,,,,,
26864000,6716,4.375,,1.0928056240081787,,,,4.375,,,,,,,,,
26868000,6717,4.375,,1.1460919380187988,,,,4.375,,,,,,,,,
26872000,6718,4.0,,1.0491878986358643,,,,4.0,,,,,,,,,
26876000,6719,4.5,,1.1204237937927246,,,,4.5,,,,,,,,,
26880000,6720,3.5,,1.14350163936615,,,,3.5,,,,,,,,,
26884000,6721,3.75,,1.09109628200531,,,,3.75,,,,,,,,,
26888000,6722,4.125,,1.161801815032959,,,,4.125,,,,,,,,,
26892000,6723,4.375,,1.0612106323242188,,,,4.375,,,,,,,,,
26896000,6724,4.375,,1.1356520652770996,,,,4.375,,,,,,,,,
26900000,6725,3.625,,1.1286046504974365,,,,3.625,,,,,,,,,
26904000,6726,4.125,,1.0860800743103027,,,,4.125,,,,,,,,,
26908000,6727,4.25,,1.0934116840362549,,,,4.25,,,,,,,,,
26912000,6728,2.0,,1.1165540218353271,,,,2.0,,,,,,,,,
26916000,6729,4.5,,1.119292140007019,,,,4.5,,,,,,,,,
26920000,6730,4.0,,1.085216999053955,,,,4.0,,,,,,,,,
26924000,6731,3.875,,1.1366366147994995,,,,3.875,,,,,,,,,
26928000,6732,3.75,,1.095508337020874,,,,3.75,,,,,,,,,
26932000,6733,4.0,,1.0532654523849487,,,,4.0,,,,,,,,,
26936000,6734,3.375,,1.1467604637145996,,,,3.375,,,,,,,,,
26940000,6735,3.75,,1.0423911809921265,,,,3.75,,,,,,,,,
26944000,6736,4.0,,1.1694493293762207,,,,4.0,,,,,,,,,
26948000,6737,4.375,,1.0521879196166992,,,,4.375,,,,,,,,,
26952000,6738,4.125,,1.116610050201416,,,,4.125,,,,,,,,,
26956000,6739,3.75,,1.133164644241333,,,,3.75,,,,,,,,,
26960000,6740,4.5,,1.119242548942566,,,,4.5,,,,,,,,,
26964000,6741,4.625,,1.135934591293335,,,,4.625,,,,,,,,,
26968000,6742,4.25,,1.105881929397583,,,,4.25,,,,,,,,,
26972000,6743,3.75,,1.1049315929412842,,,,3.75,,,,,,,,,
26976000,6744,3.875,,1.0579047203063965,,,,3.875,,,,,,,,,
26980000,6745,4.375,,1.1673669815063477,,,,4.375,,,,,,,,,
26984000,6746,4.375,,1.1335804462432861,,,,4.375,,,,,,,,,
26988000,6747,4.375,,1.1498932838439941,,,,4.375,,,,,,,,,
26992000,6748,4.625,,1.0924935340881348,,,,4.625,,,,,,,,,
26996000,6749,4.0,,1.1324632167816162,,,,4.0,,,,,,,,,
27000000,6750,4.25,,1.1306579113006592,,,,4.25,,,,,,,,,
27004000,6751,3.625,,1.152438998222351,,,,3.625,,,,,,,,,
27008000,6752,4.875,,1.135472059249878,,,,4.875,,,,,,,,,
27012000,6753,3.625,,1.1007213592529297,,,,3.625,,,,,,,,,
27016000,6754,3.625,,1.12237548828125,,,,3.625,,,,,,,,,
27020000,6755,3.625,,1.0783092975616455,,,,3.625,,,,,,,,,
27024000,6756,4.5,,1.1304889917373657,,,,4.5,,,,,,,,,
27028000,6757,3.625,,1.1193246841430664,,,,3.625,,,,,,,,,
27032000,6758,3.0,,1.0749205350875854,,,,3.0,,,,,,,,,
27036000,6759,3.75,,1.045868158340454,,,,3.75,,,,,,,,,
27040000,6760,3.875,,1.0965321063995361,,,,3.875,,,,,,,,,
27044000,6761,3.25,,1.089298963546753,,,,3.25,,,,,,,,,
27048000,6762,2.25,,1.0786261558532715,,,,2.25,,,,,,,,,
27052000,6763,2.25,,1.118509292602539,,,,2.25,,,,,,,,,
27056000,6764,3.0,,1.131866455078125,,,,3.0,,,,,,,,,
27060000,6765,3.25,,1.0463390350341797,,,,3.25,,,,,,,,,
27064000,6766,4.25,,1.1483169794082642,,,,4.25,,,,,,,,,
27068000,6767,4.125,,1.0971492528915405,,,,4.125,,,,,,,,,
27072000,6768,4.375,,1.1301934719085693,,,,4.375,,,,,,,,,
27076000,6769,4.375,,1.1030056476593018,,,,4.375,,,,,,,,,
27080000,6770,4.0,,1.0871844291687012,,,,4.0,,,,,,,,,
27084000,6771,3.75,,1.0531840324401855,,,,3.75,,,,,,,,,
27088000,6772,4.375,,1.145561933517456,,,,4.375,,,,,,,,,
27092000,6773,3.25,,1.114946961402893,,,,3.25,,,,,,,,,
27096000,6774,3.375,,1.079110860824585,,,,3.375,,,,,,,,,
27100000,6775,4.125,,1.1071323156356812,,,,4.125,,,,,,,,,
27104000,6776,4.125,,1.0919458866119385,,,,4.125,,,,,,,,,
27108000,6777,2.75,,1.0514980554580688,,,,2.75,,,,,,,,,
27112000,6778,3.75,,1.0522165298461914,,,,3.75,,,,,,,,,
27116000,6779,2.125,,1.1883513927459717,,,,2.125,,,,,,,,,
27120000,6780,3.75,,1.074244737625122,,,,3.75,,,,,,,,,
27124000,6781,4.5,,1.0351182222366333,,,,4.5,,,,,,,,,
27128000,6782,3.875,,1.1415170431137085,,,,3.875,,,,,,,,,
27132000,6783,4.25,,1.0903218984603882,,,,4.25,,,,,,,,,
27136000,6784,4.125,,1.103888750076294,,,,4.125,,,,,,,,,
27140000,6785,3.375,,1.0808712244033813,,,,3.375,,,,,,,,,
27144000,6786,4.25,,1.0898106098175049,,,,4.25,,,,,,,,,
27148000,6787,4.0,,1.111560344696045,,,,4.0,,,,,,,,,
27152000,6788,4.25,,1.0702431201934814,,,,4.25,,,,,,,,,
27156000,6789,3.5,,1.1417685747146606,,,,3.5,,,,,,,,,
27160000,6790,4.25,,1.070443868637085,,,,4.25,,,,,,,,,
27164000,6791,4.0,,1.0737404823303223,,,,4.0,,,,,,,,,
27168000,6792,4.0,,1.1273409128189087,,,,4.0,,,,,,,,,
27172000,6793,3.5,,1.0833522081375122,,,,3.5,,,,,,,,,
27176000,6794,4.375,,1.1249747276306152,,,,4.375,,,,,,,,,
27180000,6795,4.375,,1.187303066253662,,,,4.375,,,,,,,,,
27184000,6796,4.0,,1.0904446840286255,,,,4.0,,,,,,,,,
27188000,6797,4.375,,1.0604069232940674,,,,4.375,,,,,,,,,
27192000,6798,4.5,,1.0634772777557373,,,,4.5,,,,,,,,,
27196000,6799,4.125,,1.0922253131866455,,,,4.125,,,,,,,,,
27200000,6800,4.375,,1.112008810043335,,,,4.375,,,,,,,,,
27204000,6801,3.875,,1.1045546531677246,,,,3.875,,,,,,,,,
27208000,6802,4.75,,1.06723952293396,,,,4.75,,,,,,,,,
27212000,6803,4.5,,1.1608097553253174,,,,4.5,,,,,,,,,
27216000,6804,5.125,,1.1215014457702637,,,,5.125,,,,,,,,,
27220000,6805,4.375,,1.1172053813934326,,,,4.375,,,,,,,,,
27224000,6806,4.25,,1.0817766189575195,,,,4.25,,,,,,,,,
27228000,6807,4.5,,1.0897022485733032,,,,4.5,,,,,,,,,
27232000,6808,4.0,,1.1169891357421875,,,,4.0,,,,,,,,,
27236000,6809,4.5,,1.1113356351852417,,,,4.5,,,,,,,,,
27240000,6810,4.5,,1.132996916770935,,,,4.5,,,,,,,,,
27244000,6811,4.25,,1.1225541830062866,,,,4.25,,,,,,,,,
27248000,6812,4.375,,1.1974527835845947,,,,4.375,,,,,,,,,
27252000,6813,4.25,,1.0718177556991577,,,,4.25,,,,,,,,,
27256000,6814,4.375,,1.0697660446166992,,,,4.375,,,,,,,,,
27260000,6815,4.625,,1.1230175495147705,,,,4.625,,,,,,,,,
27264000,6816,4.25,,1.1245477199554443,,,,4.25,,,,,,,,,
27268000,6817,4.25,,1.083677887916565,,,,4.25,,,,,,,,,
27272000,6818,3.875,,1.1448705196380615,,,,3.875,,,,,,,,,
27276000,6819,2.875,,1.1893492937088013,,,,2.875,,,,,,,,,
27280000,6820,4.25,,1.0882816314697266,,,,4.25,,,,,,,,,
27284000,6821,3.875,,1.0452730655670166,,,,3.875,,,,,,,,,
27288000,6822,3.5,,1.1117771863937378,,,,3.5,,,,,,,,,
27292000,6823,4.375,,1.1222280263900757,,,,4.375,,,,,,,,,
27296000,6824,3.75,,1.144122838973999,,,,3.75,,,,,,,,,
27300000,6825,4.0,,1.1174054145812988,,,,4.0,,,,,,,,,
27304000,6826,3.875,,1.0867626667022705,,,,3.875,,,,,,,,,
27308000,6827,3.75,,1.1196023225784302,,,,3.75,,,,,,,,,
27312000,6828,4.125,,1.1362990140914917,,,,4.125,,,,,,,,,
27316000,6829,3.0,,1.1902741193771362,,,,3.0,,,,,,,,,
27320000,6830,4.375,,1.0989558696746826,,,,4.375,,,,,,,,,
27324000,6831,3.625,,1.17641019821167,,,,3.625,,,,,,,,,
27328000,6832,4.0,,1.073507308959961,,,,4.0,,,,,,,,,
27332000,6833,3.875,,1.0880992412567139,,,,3.875,,,,,,,,,
27336000,6834,2.875,,1.1014418601989746,,,,2.875,,,,,,,,,
27340000,6835,3.875,,1.1281516551971436,,,,3.875,,,,,,,,,
27344000,6836,2.75,,1.1589229106903076,,,,2.75,,,,,,,,,
27348000,6837,3.5,,1.0140562057495117,,,,3.5,,,,,,,,,
27352000,6838,3.25,,1.106728196144104,,,,3.25,,,,,,,,,
27356000,6839,3.375,,1.1476221084594727,,,,3.375,,,,,,,,,
27360000,6840,4.25,,1.1020019054412842,,,,4.25,,,,,,,,,
27364000,6841,3.25,,1.091435432434082,,,,3.25,,,,,,,,,
27368000,6842,2.75,,1.1347600221633911,,,,2.75,,,,,,,,,
27372000,6843,4.625,,1.1221263408660889,,,,4.625,,,,,,,,,
27376000,6844,3.75,,1.022106647491455,,,,3.75,,,,,,,,,
27380000,6845,3.875,,1.0800058841705322,,,,3.875,,,,,,,,,
27384000,6846,4.375,,1.1303207874298096,,,,4.375,,,,,,,,,
27388000,6847,3.125,,1.050962209701538,,,,3.125,,,,,,,,,
27392000,6848,3.75,,1.1178144216537476,,,,3.75,,,,,,,,,
27396000,6849,4.125,,1.1113770008087158,,,,4.125,,,,,,,,,
27400000,6850,2.875,,1.0835766792297363,,,,2.875,,,,,,,,,
27404000,6851,4.375,,1.1163333654403687,,,,4.375,,,,,,,,,
27408000,6852,3.5,,1.0873854160308838,,,,3.5,,,,,,,,,
27412000,6853,3.875,,1.0504320859909058,,,,3.875,,,,,,,,,
27416000,6854,4.125,,1.067265510559082,,,,4.125,,,,,,,,,
27420000,6855,4.125,,1.1512802839279175,,,,4.125,,,,,,,,,
27424000,6856,4.0,,1.0730946063995361,,,,4.0,,,,,,,,,
27428000,6857,4.125,,1.0830633640289307,,,,4.125,,,,,,,,,
27432000,6858,3.625,,1.1086716651916504,,,,3.625,,,,,,,,,
27436000,6859,4.125,,1.0924792289733887,,,,4.125,,,,,,,,,
27440000,6860,4.375,,1.124997615814209,,,,4.375,,,,,,,,,
27444000,6861,4.25,,1.083879828453064,,,,4.25,,,,,,,,,
27448000,6862,4.125,,1.0967907905578613,,,,4.125,,,,,,,,,
27452000,6863,3.375,,1.0717811584472656,,,,3.375,,,,,,,,,
27456000,6864,4.0,,1.1109027862548828,,,,4.0,,,,,,,,,
27460000,6865,4.5,,1.0299019813537598,,,,4.5,,,,,,,,,
27464000,6866,3.875,,1.1037988662719727,,,,3.875,,,,,,,,,
27468000,6867,4.125,,1.0816829204559326,,,,4.125,,,,,,,,,
27472000,6868,2.625,,1.0399448871612549,,,,2.625,,,,,,,,,
27476000,6869,4.25,,1.0956194400787354,,,,4.25,,,,,,,,,
27480000,6870,5.0,,1.0882887840270996,,,,5.0,,,,,,,,,
27484000,6871,5.25,,1.0583373308181763,,,,5.25,,,,,,,,,
27488000,6872,4.375,,1.1335959434509277,,,,4.375,,,,,,,,,
27492000,6873,4.0,,1.0802116394042969,,,,4.0,,,,,,,,,
27496000,6874,3.875,,1.0869500637054443,,,,3.875,,,,,,,,,
27500000,6875,4.125,,1.1093618869781494,,,,4.125,,,,,,,,,
27504000,6876,4.625,,1.0793193578720093,,,,4.625,,,,,,,,,
27508000,6877,3.875,,1.0836985111236572,,,,3.875,,,,,,,,,
27512000,6878,3.375,,1.0445950031280518,,,,3.375,,,,,,,,,
27516000,6879,4.5,,1.1032559871673584,,,,4.5,,,,,,,,,
27520000,6880,3.875,,1.2035771608352661,,,,3.875,,,,,,,,,
27524000,6881,3.625,,1.0888627767562866,,,,3.625,,,,,,,,,
27528000,6882,4.125,,1.0643949508666992,,,,4.125,,,,,,,,,
27532000,6883,4.375,,1.1165761947631836,,,,4.375,,,,,,,,,
27536000,6884,4.25,,1.0592739582061768,,,,4.25,,,,,,,,,
27540000,6885,3.875,,1.0482165813446045,,,,3.875,,,,,,,,,
27544000,6886,3.375,,1.0590031147003174,,,,3.375,,,,,,,,,
27548000,6887,3.875,,1.1327698230743408,,,,3.875,,,,,,,,,
27552000,6888,4.625,,1.1257826089859009,,,,4.625,,,,,,,,,
27556000,6889,4.875,,1.1233470439910889,,,,4.875,,,,,,,,,
27560000,6890,3.125,,1.1267521381378174,,,,3.125,,,,,,,,,
27564000,6891,4.0,,1.1274776458740234,,,,4.0,,,,,,,,,
27568000,6892,3.875,,1.0994844436645508,,,,3.875,,,,,,,,,
27572000,6893,3.5,,1.0595780611038208,,,,3.5,,,,,,,,,
27576000,6894,3.375,,1.1157488822937012,,,,3.375,,,,,,,,,
27580000,6895,4.125,,1.0576882362365723,,,,4.125,,,,,,,,,
27584000,6896,4.875,,1.16188383102417,,,,4.875,,,,,,,,,
27588000,6897,4.625,,1.119300365447998,,,,4.625,,,,,,,,,
27592000,6898,2.75,,1.092029333114624,,,,2.75,,,,,,,,,
27596000,6899,4.375,,1.0882420539855957,,,,4.375,,,,,,,,,
27600000,6900,4.25,,1.0804848670959473,,,,4.25,,,,,,,,,
27604000,6901,4.125,,1.1657261848449707,,,,4.125,,,,,,,,,
27608000,6902,3.75,,1.0803661346435547,,,,3.75,,,,,,,,,
27612000,6903,4.5,,1.0520685911178589,,,,4.5,,,,,,,,,
27616000,6904,4.125,,1.1138722896575928,,,,4.125,,,,,,,,,
27620000,6905,4.125,,1.165447473526001,,,,4.125,,,,,,,,,
27624000,6906,4.625,,1.1033685207366943,,,,4.625,,,,,,,,,
27628000,6907,4.375,,1.1758028268814087,,,,4.375,,,,,,,,,
27632000,6908,4.5,,1.0952019691467285,,,,4.5,,,,,,,,,
27636000,6909,4.125,,1.0970046520233154,,,,4.125,,,,,,,,,
27640000,6910,4.125,,1.1504942178726196,,,,4.125,,,,,,,,,
27644000,6911,4.5,,1.1677058935165405,,,,4.5,,,,,,,,,
27648000,6912,3.75,,1.0514570474624634,,,,3.75,,,,,,,,,
27652000,6913,3.625,,1.1580204963684082,,,,3.625,,,,,,,,,
27656000,6914,4.5,,1.1102383136749268,,,,4.5,,,,,,,,,
27660000,6915,4.125,,1.1480860710144043,,,,4.125,,,,,,,,,
27664000,6916,4.25,,1.131762981414795,,,,4.25,,,,,,,,,
27668000,6917,4.25,,1.1002144813537598,,,,4.25,,,,,,,,,
27672000,6918,4.375,,1.127211093902588,,,,4.375,,,,,,,,,
27676000,6919,4.125,,1.103896141052246,,,,4.125,,,,,,,,,
27680000,6920,4.125,,1.1769859790802002,,,,4.125,,,,,,,,,
27684000,6921,4.375,,1.1352734565734863,,,,4.375,,,,,,,,,
27688000,6922,4.25,,1.1743769645690918,,,,4.25,,,,,,,,,
27692000,6923,4.25,,1.1276638507843018,,,,4.25,,,,,,,,,
27696000,6924,3.5,,1.141115665435791,,,,3.5,,,,,,,,,
27700000,6925,2.375,,1.1325445175170898,,,,2.375,,,,,,,,,
27704000,6926,4.625,,1.0862703323364258,,,,4.625,,,,,,,,,
27708000,6927,2.375,,1.0944443941116333,,,,2.375,,,,,,,,,
27712000,6928,3.0,,1.080663800239563,,,,3.0,,,,,,,,,
27716000,6929,3.125,,1.0645819902420044,,,,3.125,,,,,,,,,
27720000,6930,2.5,,1.100813627243042,,,,2.5,,,,,,,,,
27724000,6931,2.25,,1.0831458568572998,,,,2.25,,,,,,,,,
27728000,6932,3.375,,1.0683835744857788,,,,3.375,,,,,,,,,
27732000,6933,2.875,,1.0919922590255737,,,,2.875,,,,,,,,,
27736000,6934,3.375,,1.108087420463562,,,,3.375,,,,,,,,,
27740000,6935,4.25,,1.0859850645065308,,,,4.25,,,,,,,,,
27744000,6936,4.25,,1.0692166090011597,,,,4.25,,,,,,,,,
27748000,6937,4.0,,1.0991735458374023,,,,4.0,,,,,,,,,
27752000,6938,3.625,,1.0460357666015625,,,,3.625,,,,,,,,,
27756000,6939,3.75,,1.0690984725952148,,,,3.75,,,,,,,,,
27760000,6940,3.625,,1.0712239742279053,,,,3.625,,,,,,,,,
27764000,6941,4.25,,1.1054062843322754,,,,4.25,,,,,,,,,
27768000,6942,4.625,,1.0599288940429688,,,,4.625,,,,,,,,,
27772000,6943,3.375,,1.12900972366333,,,,3.375,,,,,,,,,
27776000,6944,4.5,,1.0789588689804077,,,,4.5,,,,,,,,,
27780000,6945,3.875,,1.0840414762496948,,,,3.875,,,,,,,,,
27784000,6946,4.25,,1.0542781352996826,,,,4.25,,,,,,,,,
27788000,6947,4.625,,1.059154987335205,,,,4.625,,,,,,,,,
27792000,6948,4.5,,1.0654864311218262,,,,4.5,,,,,,,,,
27796000,6949,4.625,,1.0722453594207764,,,,4.625,,,,,,,,,
27800000,6950,3.75,,1.0909614562988281,,,,3.75,,,,,,,,,
27804000,6951,4.625,,1.0973453521728516,,,,4.625,,,,,,,,,
27808000,6952,4.5,,1.1213293075561523,,,,4.5,,,,,,,,,
27812000,6953,4.25,,1.1284146308898926,,,,4.25,,,,,,,,,
27816000,6954,4.0,,1.147334098815918,,,,4.0,,,,,,,,,
27820000,6955,4.5,,1.023163080215454,,,,4.5,,,,,,,,,
27824000,6956,4.375,,1.0876882076263428,,,,4.375,,,,,,,,,
27828000,6957,4.0,,1.1409399509429932,,,,4.0,,,,,,,,,
27832000,6958,4.5,,1.0975570678710938,,,,4.5,,,,,,,,,
27836000,6959,4.125,,1.1279243230819702,,,,4.125,,,,,,,,,
27840000,6960,2.625,,1.1077852249145508,,,,2.625,,,,,,,,,
27844000,6961,4.5,,1.1170971393585205,,,,4.5,,,,,,,,,
27848000,6962,4.5,,1.0952742099761963,,,,4.5,,,,,,,,,
27852000,6963,4.125,,1.0730599164962769,,,,4.125,,,,,,,,,
27856000,6964,4.625,,1.0940148830413818,,,,4.625,,,,,,,,,
27860000,6965,3.875,,1.1852619647979736,,,,3.875,,,,,,,,,
27864000,6966,4.25,,1.090630292892456,,,,4.25,,,,,,,,,
27868000,6967,3.875,,1.1343824863433838,,,,3.875,,,,,,,,,
27872000,6968,3.625,,1.066713571548462,,,,3.625,,,,,,,,,
27876000,6969,4.375,,1.0707193613052368,,,,4.375,,,,,,,,,
27880000,6970,4.375,,1.1309373378753662,,,,4.375,,,,,,,,,
27884000,6971,4.375,,1.0736947059631348,,,,4.375,,,,,,,,,
27888000,6972,4.5,,1.1316158771514893,,,,4.5,,,,,,,,,
27892000,6973,4.25,,1.1045057773590088,,,,4.25,,,,,,,,,
27896000,6974,3.5,,1.1109696626663208,,,,3.5,,,,,,,,,
27900000,6975,4.375,,1.1232036352157593,,,,4.375,,,,,,,,,
27904000,6976,4.25,,1.1459146738052368,,,,4.25,,,,,,,,,
27908000,6977,4.125,,1.0709223747253418,,,,4.125,,,,,,,,,
27912000,6978,4.375,,1.1134872436523438,,,,4.375,,,,,,,,,
27916000,6979,3.25,,1.139572262763977,,,,3.25,,,,,,,,,
27920000,6980,3.125,,1.152601957321167,,,,3.125,,,,,,,,,
27924000,6981,2.375,,1.1124663352966309,,,,2.375,,,,,,,,,
27928000,6982,3.5,,1.0915577411651611,,,,3.5,,,,,,,,,
27932000,6983,3.75,,1.122193455696106,,,,3.75,,,,,,,,,
27936000,6984,3.625,,1.0628595352172852,,,,3.625,,,,,,,,,
27940000,6985,3.125,,1.1004952192306519,,,,3.125,,,,,,,,,
27944000,6986,4.125,,1.0497691631317139,,,,4.125,,,,,,,,,
27948000,6987,3.125,,1.1014463901519775,,,,3.125,,,,,,,,,
27952000,6988,3.25,,1.0943976640701294,,,,3.25,,,,,,,,,
27956000,6989,3.75,,1.051530122756958,,,,3.75,,,,,,,,,
27960000,6990,4.0,,1.0629298686981201,,,,4.0,,,,,,,,,
27964000,6991,4.25,,1.0494861602783203,,,,4.25,,,,,,,,,
27968000,6992,4.75,,1.0983928442001343,,,,4.75,,,,,,,,,
27972000,6993,4.125,,1.1125292778015137,,,,4.125,,,,,,,,,
27976000,6994,4.375,,1.127127766609192,,,,4.375,,,,,,,,,
27980000,6995,4.375,,1.1265110969543457,,,,4.375,,,,,,,,,
27984000,6996,4.375,,1.0925434827804565,,,,4.375,,,,,,,,,
27988000,6997,4.125,,1.1238958835601807,,,,4.125,,,,,,,,,
27992000,6998,4.375,,1.0742530822753906,,,,4.375,,,,,,,,,
27996000,6999,3.625,,1.0977168083190918,,,,3.625,,,,,,,,,
28000000,7000,4.75,,1.1108498573303223,,,,4.75,,,,,,,,,
28004000,7001,4.5,,1.1032688617706299,,,,4.5,,,,,,,,,
28008000,7002,4.0,,1.102480173110962,,,,4.0,,,,,,,,,
28012000,7003,4.625,,1.0927503108978271,,,,4.625,,,,,,,,,
28016000,7004,4.0,,1.0667897462844849,,,,4.0,,,,,,,,,
28020000,7005,3.875,,1.1189243793487549,,,,3.875,,,,,,,,,
28024000,7006,4.375,,1.1477906703948975,,,,4.375,,,,,,,,,
28028000,7007,4.25,,1.149755835533142,,,,4.25,,,,,,,,,
28032000,7008,4.375,,1.0916051864624023,,,,4.375,,,,,,,,,
28036000,7009,3.875,,1.0872159004211426,,,,3.875,,,,,,,,,
28040000,7010,4.0,,1.142760157585144,,,,4.0,,,,,,,,,
28044000,7011,4.25,,1.137817144393921,,,,4.25,,,,,,,,,
28048000,7012,4.25,,1.138324499130249,,,,4.25,,,,,,,,,
28052000,7013,3.875,,1.1282939910888672,,,,3.875,,,,,,,,,
28056000,7014,4.125,,1.1170718669891357,,,,4.125,,,,,,,,,
28060000,7015,3.875,,1.1592086553573608,,,,3.875,,,,,,,,,
28064000,7016,4.0,,1.0635366439819336,,,,4.0,,,,,,,,,
28068000,7017,3.75,,1.0979012250900269,,,,3.75,,,,,,,,,
28072000,7018,3.875,,1.1293461322784424,,,,3.875,,,,,,,,,
28076000,7019,4.0,,1.0786391496658325,,,,4.0,,,,,,,,,
28080000,7020,4.375,,1.063414454460144,,,,4.375,,,,,,,,,
28084000,7021,4.25,,1.0860159397125244,,,,4.25,,,,,,,,,
28088000,7022,4.375,,1.0669028759002686,,,,4.375,,,,,,,,,
28092000,7023,3.75,,1.1602851152420044,,,,3.75,,,,,,,,,
28096000,7024,4.0,,1.174487829208374,,,,4.0,,,,,,,,,
28100000,7025,4.5,,1.102832555770874,,,,4.5,,,,,,,,,
28104000,7026,4.0,,1.0787038803100586,,,,4.0,,,,,,,,,
28108000,7027,3.75,,1.0519720315933228,,,,3.75,,,,,,,,,
28112000,7028,4.0,,1.1454466581344604,,,,4.0,,,,,,,,,
28116000,7029,4.375,,1.1078717708587646,,,,4.375,,,,,,,,,
28120000,7030,4.5,,1.1171265840530396,,,,4.5,,,,,,,,,
28124000,7031,4.5,,1.0978682041168213,,,,4.5,,,,,,,,,
28128000,7032,3.875,,1.0920569896697998,,,,3.875,,,,,,,,,
28132000,7033,4.375,,1.1549696922302246,,,,4.375,,,,,,,,,
28136000,7034,4.5,,1.1259936094284058,,,,4.5,,,,,,,,,
28140000,7035,4.25,,1.1100519895553589,,,,4.25,,,,,,,,,
28144000,7036,4.0,,1.103254795074463,,,,4.0,,,,,,,,,
28148000,7037,4.25,,1.058976650238037,,,,4.25,,,,,,,,,
28152000,7038,3.625,,1.137939453125,,,,3.625,,,,,,,,,
28156000,7039,4.125,,1.1518654823303223,,,,4.125,,,,,,,,,
28160000,7040,3.5,,1.1256201267242432,,,,3.5,,,,,,,,,
28164000,7041,4.375,,1.1076693534851074,,,,4.375,,,,,,,,,
28168000,7042,4.5,,1.1376762390136719,,,,4.5,,,,,,,,,
28172000,7043,3.375,,1.1441823244094849,,,,3.375,,,,,,,,,
28176000,7044,3.5,,1.070410966873169,,,,3.5,,,,,,,,,
28180000,7045,4.125,,1.0961359739303589,,,,4.125,,,,,,,,,
28184000,7046,4.375,,1.073502779006958,,,,4.375,,,,,,,,,
28188000,7047,4.5,,1.1121995449066162,,,,4.5,,,,,,,,,
28192000,7048,3.75,,1.0744396448135376,,,,3.75,,,,,,,,,
28196000,7049,3.875,,1.1464725732803345,,,,3.875,,,,,,,,,
28200000,7050,4.25,,1.032839298248291,,,,4.25,,,,,,,,,
28204000,7051,5.375,,1.115354061126709,,,,5.375,,,,,,,,,
28208000,7052,3.5,,1.123882532119751,,,,3.5,,,,,,,,,
28212000,7053,4.125,,1.1493935585021973,,,,4.125,,,,,,,,,
28216000,7054,4.5,,1.1569509506225586,,,,4.5,,,,,,,,,
28220000,7055,3.75,,1.1458046436309814,,,,3.75,,,,,,,,,
28224000,7056,4.125,,1.1371676921844482,,,,4.125,,,,,,,,,
28228000,7057,4.375,,1.0989742279052734,,,,4.375,,,,,,,,,
28232000,7058,4.625,,1.0694620609283447,,,,4.625,,,,,,,,,
28236000,7059,4.625,,1.132516622543335,,,,4.625,,,,,,,,,
28240000,7060,4.75,,1.2004971504211426,,,,4.75,,,,,,,,,
28244000,7061,3.0,,1.1208093166351318,,,,3.0,,,,,,,,,
28248000,7062,4.125,,1.0889687538146973,,,,4.125,,,,,,,,,
28252000,7063,3.375,,1.2123594284057617,,,,3.375,,,,,,,,,
28256000,7064,2.75,,1.100793480873108,,,,2.75,,,,,,,,,
28260000,7065,3.125,,1.112516164779663,,,,3.125,,,,,,,,,
28264000,7066,1.75,,1.139369249343872,,,,1.75,,,,,,,,,
28268000,7067,2.875,,1.0938222408294678,,,,2.875,,,,,,,,,
28272000,7068,4.25,,1.131277084350586,,,,4.25,,,,,,,,,
28276000,7069,3.5,,1.1751141548156738,,,,3.5,,,,,,,,,
28280000,7070,4.5,,1.0865728855133057,,,,4.5,,,,,,,,,
28284000,7071,3.0,,1.1065679788589478,,,,3.0,,,,,,,,,
28288000,7072,2.875,,1.092561960220337,,,,2.875,,,,,,,,,
28292000,7073,3.25,,1.1541814804077148,,,,3.25,,,,,,,,,
28296000,7074,4.625,,1.0826141834259033,,,,4.625,,,,,,,,,
28300000,7075,3.625,,1.079348087310791,,,,3.625,,,,,,,,,
28304000,7076,3.625,,1.1426000595092773,,,,3.625,,,,,,,,,
28308000,7077,3.125,,1.1072263717651367,,,,3.125,,,,,,,,,
28312000,7078,4.5,,1.10765540599823,,,,4.5,,,,,,,,,
28316000,7079,4.125,,1.115447998046875,,,,4.125,,,,,,,,,
28320000,7080,4.25,,1.096021056175232,,,,4.25,,,,,,,,,
28324000,7081,3.875,,1.088895559310913,,,,3.875,,,,,,,,,
28328000,7082,4.625,,1.1218247413635254,,,,4.625,,,,,,,,,
28332000,7083,4.375,,1.095471739768982,,,,4.375,,,,,,,,,
28336000,7084,4.0,,1.1052193641662598,,,,4.0,,,,,,,,,
28340000,7085,4.125,,1.1866236925125122,,,,4.125,,,,,,,,,
28344000,7086,3.375,,1.1103960275650024,,,,3.375,,,,,,,,,
28348000,7087,4.375,,1.094648838043213,,,,4.375,,,,,,,,,
28352000,7088,3.125,,1.0827909708023071,,,,3.125,,,,,,,,,
28356000,7089,4.875,,1.0545539855957031,,,,4.875,,,,,,,,,
28360000,7090,4.125,,1.0837581157684326,,,,4.125,,,,,,,,,
28364000,7091,3.5,,1.087689995765686,,,,3.5,,,,,,,,,
28368000,7092,2.75,,1.137249231338501,,,,2.75,,,,,,,,,
28372000,7093,4.0,,1.1424401998519897,,,,4.0,,,,,,,,,
28376000,7094,4.25,,1.0747348070144653,,,,4.25,,,,,,,,,
28380000,7095,4.125,,1.0950024127960205,,,,4.125,,,,,,,,,
28384000,7096,4.0,,1.1890277862548828,,,,4.0,,,,,,,,,
28388000,7097,3.875,,1.0629926919937134,,,,3.875,,,,,,,,,
28392000,7098,3.5,,1.0966743230819702,,,,3.5,,,,,,,,,
28396000,7099,4.5,,1.0588284730911255,,,,4.5,,,,,,,,,
28400000,7100,4.125,,1.0849922895431519,,,,4.125,,,,,,,,,
28404000,7101,4.125,,1.0686564445495605,,,,4.125,,,,,,,,,
28408000,7102,3.625,,1.1474759578704834,,,,3.625,,,,,,,,,
28412000,7103,4.25,,1.1154515743255615,,,,4.25,,,,,,,,,
28416000,7104,2.5,,1.0191819667816162,,,,2.5,,,,,,,,,
28420000,7105,3.125,,1.1190028190612793,,,,3.125,,,,,,,,,
28424000,7106,4.625,,1.097882628440857,,,,4.625,,,,,,,,,
28428000,7107,4.625,,1.1114699840545654,,,,4.625,,,,,,,,,
28432000,7108,4.0,,1.1073153018951416,,,,4.0,,,,,,,,,
28436000,7109,3.25,,1.0799442529678345,,,,3.25,,,,,,,,,
28440000,7110,3.0,,1.094826102256775,,,,3.0,,,,,,,,,
28444000,7111,4.125,,1.0574458837509155,,,,4.125,,,,,,,,,
28448000,7112,3.75,,1.0895171165466309,,,,3.75,,,,,,,,,
28452000,7113,4.25,,1.0762948989868164,,,,4.25,,,,,,,,,
28456000,7114,3.625,,1.1082181930541992,,,,3.625,,,,,,,,,
28460000,7115,4.125,,1.104200005531311,,,,4.125,,,,,,,,,
28464000,7116,3.875,,1.0731301307678223,,,,3.875,,,,,,,,,
28468000,7117,3.875,,1.1020519733428955,,,,3.875,,,,,,,,,
28472000,7118,4.25,,1.0736511945724487,,,,4.25,,,,,,,,,
28476000,7119,2.75,,1.0823601484298706,,,,2.75,,,,,,,,,
28480000,7120,3.875,,1.0388946533203125,,,,3.875,,,,,,,,,
28484000,7121,4.0,,1.0868250131607056,,,,4.0,,,,,,,,,
28488000,7122,3.875,,1.1308152675628662,,,,3.875,,,,,,,,,
28492000,7123,3.75,,1.07185697555542,,,,3.75,,,,,,,,,
28496000,7124,4.25,,1.06129789352417,,,,4.25,,,,,,,,,
28500000,7125,3.75,,1.0703577995300293,,,,3.75,,,,,,,,,
28504000,7126,2.875,,1.0634618997573853,,,,2.875,,,,,,,,,
28508000,7127,3.25,,1.0869170427322388,,,,3.25,,,,,,,,,
28512000,7128,2.75,,1.081946849822998,,,,2.75,,,,,,,,,
28516000,7129,2.5,,0.991338849067688,,,,2.5,,,,,,,,,
28520000,7130,2.375,,1.0993170738220215,,,,2.375,,,,,,,,,
28524000,7131,1.875,,1.065234899520874,,,,1.875,,,,,,,,,
28528000,7132,3.5,,1.0891168117523193,,,,3.5,,,,,,,,,
28532000,7133,3.0,,1.0617244243621826,,,,3.0,,,,,,,,,
28536000,7134,3.5,,1.060821771621704,,,,3.5,,,,,,,,,
28540000,7135,1.5,,1.0506446361541748,,,,1.5,,,,,,,,,
28544000,7136,3.625,,1.047058343887329,,,,3.625,,,,,,,,,
28548000,7137,4.125,,1.076215147972107,,,,4.125,,,,,,,,,
28552000,7138,3.375,,1.0249804258346558,,,,3.375,,,,,,,,,
28556000,7139,4.125,,1.0797744989395142,,,,4.125,,,,,,,,,
28560000,7140,4.0,,1.0212962627410889,,,,4.0,,,,,,,,,
28564000,7141,4.5,,1.0521910190582275,,,,4.5,,,,,,,,,
28568000,7142,4.625,,1.0891554355621338,,,,4.625,,,,,,,,,
28572000,7143,4.125,,1.0803239345550537,,,,4.125,,,,,,,,,
28576000,7144,4.125,,1.0748934745788574,,,,4.125,,,,,,,,,
28580000,7145,3.875,,1.0256102085113525,,,,3.875,,,,,,,,,
28584000,7146,4.625,,1.0459017753601074,,,,4.625,,,,,,,,,
28588000,7147,3.875,,1.0585418939590454,,,,3.875,,,,,,,,,
28592000,7148,3.75,,1.1234184503555298,,,,3.75,,,,,,,,,
28596000,7149,4.125,,1.0243674516677856,,,,4.125,,,,,,,,,
28600000,7150,4.25,,1.0721015930175781,,,,4.25,,,,,,,,,
28604000,7151,2.5,,1.0534868240356445,,,,2.5,,,,,,,,,
28608000,7152,3.5,,0.9813008308410645,,,,3.5,,,,,,,,,
28612000,7153,3.25,,1.0365614891052246,,,,3.25,,,,,,,,,
28616000,7154,4.0,,1.0950217247009277,,,,4.0,,,,,,,,,
28620000,7155,4.875,,1.0407191514968872,,,,4.875,,,,,,,,,
28624000,7156,3.25,,1.055293321609497,,,,3.25,,,,,,,,,
28628000,7157,4.125,,1.0822391510009766,,,,4.125,,,,,,,,,
28632000,7158,4.375,,1.0038530826568604,,,,4.375,,,,,,,,,
28636000,7159,3.75,,1.0236331224441528,,,,3.75,,,,,,,,,
28640000,7160,3.375,,1.0535531044006348,,,,3.375,,,,,,,,,
28644000,7161,4.375,,1.0675232410430908,,,,4.375,,,,,,,,,
28648000,7162,4.125,,1.041413426399231,,,,4.125,,,,,,,,,
28652000,7163,3.375,,0.9986149072647095,,,,3.375,,,,,,,,,
28656000,7164,4.25,,1.0613532066345215,,,,4.25,,,,,,,,,
28660000,7165,4.5,,1.0353868007659912,,,,4.5,,,,,,,,,
28664000,7166,3.375,,1.0246137380599976,,,,3.375,,,,,,,,,
28668000,7167,4.25,,1.094409704208374,,,,4.25,,,,,,,,,
28672000,7168,2.625,,1.053697109222412,,,,2.625,,,,,,,,,
28676000,7169,4.75,,1.0099194049835205,,,,4.75,,,,,,,,,
28680000,7170,3.75,,1.0642905235290527,,,,3.75,,,,,,,,,
28684000,7171,4.125,,1.0164506435394287,,,,4.125,,,,,,,,,
28688000,7172,3.875,,1.0205714702606201,,,,3.875,,,,,,,,,
28692000,7173,4.25,,1.0363380908966064,,,,4.25,,,,,,,,,
28696000,7174,4.125,,1.0266780853271484,,,,4.125,,,,,,,,,
28700000,7175,4.375,,1.02830171585083,,,,4.375,,,,,,,,,
28704000,7176,4.0,,1.0103201866149902,,,,4.0,,,,,,,,,
28708000,7177,4.625,,1.0849860906600952,,,,4.625,,,,,,,,,
28712000,7178,4.0,,1.0223686695098877,,,,4.0,,,,,,,,,
28716000,7179,4.5,,1.0755417346954346,,,,4.5,,,,,,,,,
28720000,7180,4.375,,1.0624525547027588,,,,4.375,,,,,,,,,
28724000,7181,4.375,,1.012007236480713,,,,4.375,,,,,,,,,
28728000,7182,3.75,,1.0996730327606201,,,,3.75,,,,,,,,,
28732000,7183,3.75,,1.067553162574768,,,,3.75,,,,,,,,,
28736000,7184,4.125,,1.0214581489562988,,,,4.125,,,,,,,,,
28740000,7185,4.875,,1.0239088535308838,,,,4.875,,,,,,,,,
28744000,7186,4.5,,1.0742214918136597,,,,4.5,,,,,,,,,
28748000,7187,2.625,,1.0223641395568848,,,,2.625,,,,,,,,,
28752000,7188,4.25,,1.0304291248321533,,,,4.25,,,,,,,,,
28756000,7189,4.125,,1.07871675491333,,,,4.125,,,,,,,,,
28760000,7190,3.25,,1.040534496307373,,,,3.25,,,,,,,,,
28764000,7191,4.375,,1.0413148403167725,,,,4.375,,,,,,,,,
28768000,7192,4.125,,1.1039092540740967,,,,4.125,,,,,,,,,
28772000,7193,3.625,,1.0279390811920166,,,,3.625,,,,,,,,,
28776000,7194,4.625,,1.0598853826522827,,,,4.625,,,,,,,,,
28780000,7195,4.5,,1.0656434297561646,,,,4.5,,,,,,,,,
28784000,7196,3.625,,1.0647478103637695,,,,3.625,,,,,,,,,
28788000,7197,4.375,,1.061028003692627,,,,4.375,,,,,,,,,
28792000,7198,3.5,,1.0480215549468994,,,,3.5,,,,,,,,,
28796000,7199,3.875,,1.0097572803497314,,,,3.875,,,,,,,,,
28800000,7200,4.125,,1.0429519414901733,,,,4.125,,,,,,,,,
28804000,7201,3.25,,1.1084990501403809,,,,3.25,,,,,,,,,
28808000,7202,4.75,,1.091446042060852,,,,4.75,,,,,,,,,
28812000,7203,4.25,,1.0394299030303955,,,,4.25,,,,,,,,,
28816000,7204,3.75,,1.1125152111053467,,,,3.75,,,,,,,,,
28820000,7205,4.125,,1.062593698501587,,,,4.125,,,,,,,,,
28824000,7206,4.0,,1.0431947708129883,,,,4.0,,,,,,,,,
28828000,7207,4.125,,1.1054660081863403,,,,4.125,,,,,,,,,
28832000,7208,4.125,,1.0891326665878296,,,,4.125,,,,,,,,,
28836000,7209,4.125,,1.1040403842926025,,,,4.125,,,,,,,,,
28840000,7210,4.125,,1.0441193580627441,,,,4.125,,,,,,,,,
28844000,7211,4.0,,1.0384869575500488,,,,4.0,,,,,,,,,
28848000,7212,4.125,,1.0855536460876465,,,,4.125,,,,,,,,,
28852000,7213,4.625,,1.1123895645141602,,,,4.625,,,,,,,,,
28856000,7214,4.125,,1.0865203142166138,,,,4.125,,,,,,,,,
28860000,7215,3.375,,1.0501712560653687,,,,3.375,,,,,,,,,
28864000,7216,4.125,,1.0544238090515137,,,,4.125,,,,,,,,,
28868000,7217,4.0,,1.0662505626678467,,,,4.0,,,,,,,,,
28872000,7218,4.375,,1.0325514078140259,,,,4.375,,,,,,,,,
28876000,7219,3.875,,1.0916141271591187,,,,3.875,,,,,,,,,
28880000,7220,4.0,,1.0197877883911133,,,,4.0,,,,,,,,,
28884000,7221,4.125,,1.0669550895690918,,,,4.125,,,,,,,,,
28888000,7222,4.125,,1.0496230125427246,,,,4.125,,,,,,,,,
28892000,7223,4.25,,1.035118818283081,,,,4.25,,,,,,,,,
28896000,7224,4.375,,1.0791985988616943,,,,4.375,,,,,,,,,
28900000,7225,4.5,,1.0728464126586914,,,,4.5,,,,,,,,,
28904000,7226,3.25,,1.0972959995269775,,,,3.25,,,,,,,,,
28908000,7227,4.875,,1.0887879133224487,,,,4.875,,,,,,,,,
28912000,7228,4.75,,1.0840744972229004,,,,4.75,,,,,,,,,
28916000,7229,3.5,,1.0461547374725342,,,,3.5,,,,,,,,,
28920000,7230,4.0,,1.0684391260147095,,,,4.0,,,,,,,,,
28924000,7231,3.5,,1.0674028396606445,,,,3.5,,,,,,,,,
28928000,7232,4.25,,1.1144165992736816,,,,4.25,,,,,,,,,
28932000,7233,4.125,,1.07272207736969,,,,4.125,,,,,,,,,
28936000,7234,3.75,,1.0929982662200928,,,,3.75,,,,,,,,,
28940000,7235,4.25,,1.1118016242980957,,,,4.25,,,,,,,,,
28944000,7236,4.25,,1.0396134853363037,,,,4.25,,,,,,,,,
28948000,7237,4.0,,1.0699129104614258,,,,4.0,,,,,,,,,
28952000,7238,4.125,,1.1172841787338257,,,,4.125,,,,,,,,,
28956000,7239,4.0,,1.0549180507659912,,,,4.0,,,,,,,,,
28960000,7240,3.875,,1.066085696220398,,,,3.875,,,,,,,,,
28964000,7241,4.0,,1.1042479276657104,,,,4.0,,,,,,,,,
28968000,7242,4.25,,1.045125961303711,,,,4.25,,,,,,,,,
28972000,7243,4.25,,1.093541145324707,,,,4.25,,,,,,,,,
28976000,7244,4.625,,1.0657957792282104,,,,4.625,,,,,,,,,
28980000,7245,4.375,,1.0977582931518555,,,,4.375,,,,,,,,,
28984000,7246,4.0,,1.094966173171997,,,,4.0,,,,,,,,,
28988000,7247,4.25,,1.0789027214050293,,,,4.25,,,,,,,,,
28992000,7248,4.25,,1.0894672870635986,,,,4.25,,,,,,,,,
28996000,7249,4.0,,1.0777698755264282,,,,4.0,,,,,,,,,
29000000,7250,4.0,,1.0777416229248047,,,,4.0,,,,,,,,,
29004000,7251,4.0,,1.1145100593566895,,,,4.0,,,,,,,,,
29008000,7252,4.25,,1.0653154850006104,,,,4.25,,,,,,,,,
29012000,7253,3.625,,1.0576412677764893,,,,3.625,,,,,,,,,
29016000,7254,4.25,,1.081411600112915,,,,4.25,,,,,,,,,
29020000,7255,4.0,,1.031785011291504,,,,4.0,,,,,,,,,
29024000,7256,4.25,,1.0913102626800537,,,,4.25,,,,,,,,,
29028000,7257,4.125,,1.1289076805114746,,,,4.125,,,,,,,,,
29032000,7258,3.875,,1.1250865459442139,,,,3.875,,,,,,,,,
29036000,7259,4.0,,1.0244144201278687,,,,4.0,,,,,,,,,
29040000,7260,3.875,,1.12099289894104,,,,3.875,,,,,,,,,
29044000,7261,4.25,,1.1166532039642334,,,,4.25,,,,,,,,,
29048000,7262,3.625,,1.0485050678253174,,,,3.625,,,,,,,,,
29052000,7263,3.75,,1.1746479272842407,,,,3.75,,,,,,,,,
29056000,7264,3.75,,1.0547319650650024,,,,3.75,,,,,,,,,
29060000,7265,4.375,,1.080729603767395,,,,4.375,,,,,,,,,
29064000,7266,3.0,,1.1352496147155762,,,,3.0,,,,,,,,,
29068000,7267,4.0,,1.1284316778182983,,,,4.0,,,,,,,,,
29072000,7268,3.5,,1.1006418466567993,,,,3.5,,,,,,,,,
29076000,7269,3.375,,1.1103577613830566,,,,3.375,,,,,,,,,
29080000,7270,3.25,,1.0884910821914673,,,,3.25,,,,,,,,,
29084000,7271,3.75,,1.100016474723816,,,,3.75,,,,,,,,,
29088000,7272,3.0,,1.0749223232269287,,,,3.0,,,,,,,,,
29092000,7273,2.875,,1.053690791130066,,,,2.875,,,,,,,,,
29096000,7274,3.0,,1.1212570667266846,,,,3.0,,,,,,,,,
29100000,7275,3.0,,1.1508994102478027,,,,3.0,,,,,,,,,
29104000,7276,3.75,,1.0851795673370361,,,,3.75,,,,,,,,,
29108000,7277,3.125,,1.0663399696350098,,,,3.125,,,,,,,,,
29112000,7278,3.0,,1.0623990297317505,,,,3.0,,,,,,,,,
29116000,7279,3.25,,1.1352882385253906,,,,3.25,,,,,,,,,
29120000,7280,2.0,,1.077126383781433,,,,2.0,,,,,,,,,
29124000,7281,1.75,,1.1167502403259277,,,,1.75,,,,,,,,,
29128000,7282,2.875,,1.0464409589767456,,,,2.875,,,,,,,,,
29132000,7283,1.375,,1.052291989326477,,,,1.375,,,,,,,,,
29136000,7284,3.0,,1.1215405464172363,,,,3.0,,,,,,,,,
29140000,7285,2.875,,1.1089533567428589,,,,2.875,,,,,,,,,
29144000,7286,2.25,,1.0155048370361328,,,,2.25,,,,,,,,,
29148000,7287,4.125,,1.0658771991729736,,,,4.125,,,,,,,,,
29152000,7288,2.0,,1.0665229558944702,,,,2.0,,,,,,,,,
29156000,7289,4.125,,1.1204700469970703,,,,4.125,,,,,,,,,
29160000,7290,4.125,,1.0252097845077515,,,,4.125,,,,,,,,,
29164000,7291,3.875,,1.0754234790802002,,,,3.875,,,,,,,,,
29168000,7292,4.625,,1.0777647495269775,,,,4.625,,,,,,,,,
29172000,7293,4.0,,1.1208398342132568,,,,4.0,,,,,,,,,
29176000,7294,4.25,,1.095448613166809,,,,4.25,,,,,,,,,
29180000,7295,3.75,,1.0778898000717163,,,,3.75,,,,,,,,,
29184000,7296,4.25,,1.043654203414917,,,,4.25,,,,,,,,,
29188000,7297,4.0,,1.111447811126709,,,,4.0,,,,,,,,,
29192000,7298,3.875,,1.0872609615325928,,,,3.875,,,,,,,,,
29196000,7299,3.625,,1.048738718032837,,,,3.625,,,,,,,,,
29200000,7300,4.0,,1.0760862827301025,,,,4.0,,,,,,,,,
29204000,7301,4.5,,1.0764672756195068,,,,4.5,,,,,,,,,
29208000,7302,3.875,,1.077404260635376,,,,3.875,,,,,,,,,
29212000,7303,4.125,,0.9844696521759033,,,,4.125,,,,,,,,,
29216000,7304,3.875,,1.1096271276474,,,,3.875,,,,,,,,,
29220000,7305,3.75,,1.0945144891738892,,,,3.75,,,,,,,,,
29224000,7306,3.5,,1.0112929344177246,,,,3.5,,,,,,,,,
29228000,7307,3.75,,1.0443120002746582,,,,3.75,,,,,,,,,
29232000,7308,4.375,,1.0490307807922363,,,,4.375,,,,,,,,,
29236000,7309,4.0,,1.061441421508789,,,,4.0,,,,,,,,,
29240000,7310,3.25,,1.0437402725219727,,,,3.25,,,,,,,,,
29244000,7311,4.875,,1.0414215326309204,,,,4.875,,,,,,,,,
29248000,7312,3.25,,1.0633465051651,,,,3.25,,,,,,,,,
29252000,7313,4.375,,1.082118034362793,,,,4.375,,,,,,,,,
29256000,7314,3.0,,1.0669140815734863,,,,3.0,,,,,,,,,
29260000,7315,4.625,,1.0436686277389526,,,,4.625,,,,,,,,,
29264000,7316,3.625,,1.0566723346710205,,,,3.625,,,,,,,,,
29268000,7317,3.25,,1.0593618154525757,,,,3.25,,,,,,,,,
29272000,7318,3.75,,1.08884596824646,,,,3.75,,,,,,,,,
29276000,7319,4.5,,1.0393377542495728,,,,4.5,,,,,,,,,
29280000,7320,4.0,,1.0158827304840088,,,,4.0,,,,,,,,,
29284000,7321,4.375,,1.1079833507537842,,,,4.375,,,,,,,,,
29288000,7322,4.125,,1.0368729829788208,,,,4.125,,,,,,,,,
29292000,7323,4.375,,1.057307481765747,,,,4.375,,,,,,,,,
29296000,7324,4.0,,1.0692131519317627,,,,4.0,,,,,,,,,
29300000,7325,4.375,,1.0748944282531738,,,,4.375,,,,,,,,,
29304000,7326,4.5,,1.0532522201538086,,,,4.5,,,,,,,,,
29308000,7327,3.75,,1.0829570293426514,,,,3.75,,,,,,,,,
29312000,7328,3.125,,1.0412569046020508,,,,3.125,,,,,,,,,
29316000,7329,4.375,,1.0605788230895996,,,,4.375,,,,,,,,,
29320000,7330,4.5,,1.0596110820770264,,,,4.5,,,,,,,,,
29324000,7331,4.125,,1.0363032817840576,,,,4.125,,,,,,,,,
29328000,7332,4.5,,1.0914043188095093,,,,4.5,,,,,,,,,
29332000,7333,4.25,,0.987102746963501,,,,4.25,,,,,,,,,
29336000,7334,4.0,,1.092337965965271,,,,4.0,,,,,,,,,
29340000,7335,4.25,,1.090844750404358,,,,4.25,,,,,,,,,
29344000,7336,4.125,,1.069065809249878,,,,4.125,,,,,,,,,
29348000,7337,4.5,,1.0667935609817505,,,,4.5,,,,,,,,,
29352000,7338,3.875,,1.052718162536621,,,,3.875,,,,,,,,,
29356000,7339,4.125,,1.0162301063537598,,,,4.125,,,,,,,,,
29360000,7340,3.875,,1.015971064567566,,,,3.875,,,,,,,,,
29364000,7341,4.25,,1.0990426540374756,,,,4.25,,,,,,,,,
29368000,7342,3.875,,1.0007083415985107,,,,3.875,,,,,,,,,
29372000,7343,4.25,,1.0234196186065674,,,,4.25,,,,,,,,,
29376000,7344,4.125,,1.0873489379882812,,,,4.125,,,,,,,,,
29380000,7345,3.75,,1.0145821571350098,,,,3.75,,,,,,,,,
29384000,7346,4.0,,0.9758783578872681,,,,4.0,,,,,,,,,
29388000,7347,3.625,,1.0706515312194824,,,,3.625,,,,,,,,,
29392000,7348,4.625,,1.0332584381103516,,,,4.625,,,,,,,,,
29396000,7349,4.125,,1.033360481262207,,,,4.125,,,,,,,,,
29400000,7350,4.25,,1.142789602279663,,,,4.25,,,,,,,,,
29404000,7351,4.375,,1.0393227338790894,,,,4.375,,,,,,,,,
29408000,7352,4.375,,1.0062119960784912,,,,4.375,,,,,,,,,
29412000,7353,4.375,,1.0122119188308716,,,,4.375,,,,,,,,,
29416000,7354,3.875,,1.0542049407958984,,,,3.875,,,,,,,,,
29420000,7355,4.125,,1.0827670097351074,,,,4.125,,,,,,,,,
29424000,7356,5.125,,1.024139642715454,,,,5.125,,,,,,,,,
29428000,7357,4.125,,1.0891194343566895,,,,4.125,,,,,,,,,
29432000,7358,3.5,,1.081919550895691,,,,3.5,,,,,,,,,
29436000,7359,4.25,,1.0141369104385376,,,,4.25,,,,,,,,,
29440000,7360,4.0,,1.0613155364990234,,,,4.0,,,,,,,,,
29444000,7361,4.5,,0.9619807004928589,,,,4.5,,,,,,,,,
29448000,7362,5.0,,1.0762898921966553,,,,5.0,,,,,,,,,
29452000,7363,3.875,,1.0201435089111328,,,,3.875,,,,,,,,,
29456000,7364,4.0,,1.0603621006011963,,,,4.0,,,,,,,,,
29460000,7365,4.0,,1.002868413925171,,,,4.0,,,,,,,,,
29464000,7366,4.25,,1.079018473625183,,,,4.25,,,,,,,,,
29468000,7367,4.25,,1.0615981817245483,,,,4.25,,,,,,,,,
29472000,7368,3.5,,1.0860824584960938,,,,3.5,,,,,,,,,
29476000,7369,4.125,,1.0089828968048096,,,,4.125,,,,,,,,,
29480000,7370,4.5,,1.070044994354248,,,,4.5,,,,,,,,,
29484000,7371,3.875,,1.0661362409591675,,,,3.875,,,,,,,,,
29488000,7372,4.375,,1.068460464477539,,,,4.375,,,,,,,,,
29492000,7373,4.125,,1.103377342224121,,,,4.125,,,,,,,,,
29496000,7374,4.5,,1.0811101198196411,,,,4.5,,,,,,,,,
29500000,7375,3.875,,0.9963667988777161,,,,3.875,,,,,,,,,
29504000,7376,4.375,,1.1128333806991577,,,,4.375,,,,,,,,,
29508000,7377,4.125,,1.1007015705108643,,,,4.125,,,,,,,,,
29512000,7378,3.5,,1.0318583250045776,,,,3.5,,,,,,,,,
29516000,7379,3.75,,1.0415458679199219,,,,3.75,,,,,,,,,
29520000,7380,3.875,,1.0940616130828857,,,,3.875,,,,,,,,,
29524000,7381,2.625,,1.0413990020751953,,,,2.625,,,,,,,,,
29528000,7382,3.25,,0.9942134022712708,,,,3.25,,,,,,,,,
29532000,7383,4.375,,1.0623753070831299,,,,4.375,,,,,,,,,
29536000,7384,1.875,,1.0819618701934814,,,,1.875,,,,,,,,,
29540000,7385,4.5,,1.0485444068908691,,,,4.5,,,,,,,,,
29544000,7386,4.25,,1.1053540706634521,,,,4.25,,,,,,,,,
29548000,7387,4.125,,1.06686270236969,,,,4.125,,,,,,,,,
29552000,7388,3.875,,1.0332047939300537,,,,3.875,,,,,,,,,
29556000,7389,3.75,,1.078629732131958,,,,3.75,,,,,,,,,
29560000,7390,3.875,,1.0508191585540771,,,,3.875,,,,,,,,,
29564000,7391,4.0,,1.0347634553909302,,,,4.0,,,,,,,,,
29568000,7392,3.75,,1.0793534517288208,,,,3.75,,,,,,,,,
29572000,7393,2.75,,1.0542049407958984,,,,2.75,,,,,,,,,
29576000,7394,4.625,,1.008771300315857,,,,4.625,,,,,,,,,
29580000,7395,3.875,,1.0465002059936523,,,,3.875,,,,,,,,,
29584000,7396,4.625,,1.1032614707946777,,,,4.625,,,,,,,,,
29588000,7397,4.75,,1.0913145542144775,,,,4.75,,,,,,,,,
29592000,7398,4.5,,1.1180195808410645,,,,4.5,,,,,,,,,
29596000,7399,4.125,,1.010880947113037,,,,4.125,,,,,,,,,
29600000,7400,4.5,,1.1057910919189453,,,,4.5,,,,,,,,,
29604000,7401,3.875,,1.0300829410552979,,,,3.875,,,,,,,,,
29608000,7402,4.5,,1.1432077884674072,,,,4.5,,,,,,,,,
29612000,7403,4.375,,1.0682919025421143,,,,4.375,,,,,,,,,
29616000,7404,4.0,,1.1004128456115723,,,,4.0,,,,,,,,,
29620000,7405,4.5,,1.1363375186920166,,,,4.5,,,,,,,,,
29624000,7406,4.25,,1.125408411026001,,,,4.25,,,,,,,,,
29628000,7407,4.375,,1.019136905670166,,,,4.375,,,,,,,,,
29632000,7408,3.875,,1.0813751220703125,,,,3.875,,,,,,,,,
29636000,7409,4.375,,1.144504189491272,,,,4.375,,,,,,,,,
29640000,7410,3.625,,1.0761215686798096,,,,3.625,,,,,,,,,
29644000,7411,4.125,,1.1453967094421387,,,,4.125,,,,,,,,,
29648000,7412,4.0,,1.1130244731903076,,,,4.0,,,,,,,,,
29652000,7413,3.75,,1.058528184890747,,,,3.75,,,,,,,,,
29656000,7414,3.375,,1.14579439163208,,,,3.375,,,,,,,,,
29660000,7415,3.25,,1.0771496295928955,,,,3.25,,,,,,,,,
29664000,7416,2.75,,1.0788938999176025,,,,2.75,,,,,,,,,
29668000,7417,1.875,,1.1256382465362549,,,,1.875,,,,,,,,,
29672000,7418,2.25,,1.0647623538970947,,,,2.25,,,,,,,,,
29676000,7419,2.25,,1.1061182022094727,,,,2.25,,,,,,,,,
29680000,7420,1.875,,1.060619592666626,,,,1.875,,,,,,,,,
29684000,7421,3.375,,1.1118028163909912,,,,3.375,,,,,,,,,
29688000,7422,1.875,,1.0921964645385742,,,,1.875,,,,,,,,,
29692000,7423,2.375,,1.0742605924606323,,,,2.375,,,,,,,,,
29696000,7424,1.125,,1.0736016035079956,,,,1.125,,,,,,,,,
29700000,7425,2.25,,1.0686519145965576,,,,2.25,,,,,,,,,
29704000,7426,1.625,,1.105914831161499,,,,1.625,,,,,,,,,
29708000,7427,2.5,,1.023206353187561,,,,2.5,,,,,,,,,
29712000,7428,2.0,,1.0990862846374512,,,,2.0,,,,,,,,,
29716000,7429,4.125,,1.0946950912475586,,,,4.125,,,,,,,,,
29720000,7430,3.625,,1.1213483810424805,,,,3.625,,,,,,,,,
29724000,7431,2.875,,1.0148375034332275,,,,2.875,,,,,,,,,
29728000,7432,3.75,,1.1382349729537964,,,,3.75,,,,,,,,,
29732000,7433,3.75,,1.0377284288406372,,,,3.75,,,,,,,,,
29736000,7434,3.875,,1.0802791118621826,,,,3.875,,,,,,,,,
29740000,7435,3.625,,1.0343153476715088,,,,3.625,,,,,,,,,
29744000,7436,3.75,,1.0611017942428589,,,,3.75,,,,,,,,,
29748000,7437,4.0,,1.0716378688812256,,,,4.0,,,,,,,,,
29752000,7438,3.875,,1.0420453548431396,,,,3.875,,,,,,,,,
29756000,7439,4.25,,1.0299979448318481,,,,4.25,,,,,,,,,
29760000,7440,3.625,,1.086233139038086,,,,3.625,,,,,,,,,
29764000,7441,3.625,,1.0781127214431763,,,,3.625,,,,,,,,,
29768000,7442,3.375,,1.0664241313934326,,,,3.375,,,,,,,,,
29772000,7443,4.375,,1.0362212657928467,,,,4.375,,,,,,,,,
29776000,7444,3.75,,1.063025712966919,,,,3.75,,,,,,,,,
29780000,7445,3.875,,1.072819709777832,,,,3.875,,,,,,,,,
29784000,7446,4.375,,1.0409437417984009,,,,4.375,,,,,,,,,
29788000,7447,4.0,,1.0633304119110107,,,,4.0,,,,,,,,,
29792000,7448,4.0,,1.0789552927017212,,,,4.0,,,,,,,,,
29796000,7449,3.75,,1.0534467697143555,,,,3.75,,,,,,,,,
29800000,7450,4.375,,1.0081288814544678,,,,4.375,,,,,,,,,
29804000,7451,4.0,,1.0322426557540894,,,,4.0,,,,,,,,,
29808000,7452,3.875,,1.0515084266662598,,,,3.875,,,,,,,,,
29812000,7453,3.875,,1.0510780811309814,,,,3.875,,,,,,,,,
29816000,7454,4.0,,1.0737063884735107,,,,4.0,,,,,,,,,
29820000,7455,3.875,,1.0569195747375488,,,,3.875,,,,,,,,,
29824000,7456,4.5,,1.086005449295044,,,,4.5,,,,,,,,,
29828000,7457,4.125,,1.0644479990005493,,,,4.125,,,,,,,,,
29832000,7458,4.0,,1.0260701179504395,,,,4.0,,,,,,,,,
29836000,7459,4.5,,0.9772145748138428,,,,4.5,,,,,,,,,
29840000,7460,3.125,,1.0255320072174072,,,,3.125,,,,,,,,,
29844000,7461,3.875,,1.0558388233184814,,,,3.875,,,,,,,,,
29848000,7462,4.125,,1.0496165752410889,,,,4.125,,,,,,,,,
29852000,7463,4.125,,1.0922435522079468,,,,4.125,,,,,,,,,
29856000,7464,3.375,,1.0659370422363281,,,,3.375,,,,,,,,,
29860000,7465,3.625,,1.1217141151428223,,,,3.625,,,,,,,,,
29864000,7466,2.25,,1.0468602180480957,,,,2.25,,,,,,,,,
29868000,7467,4.25,,1.0342811346054077,,,,4.25,,,,,,,,,
29872000,7468,2.75,,1.0772452354431152,,,,2.75,,,,,,,,,
29876000,7469,3.875,,1.012587547302246,,,,3.875,,,,,,,,,
29880000,7470,4.25,,1.0308387279510498,,,,4.25,,,,,,,,,
29884000,7471,3.5,,1.078462839126587,,,,3.5,,,,,,,,,
29888000,7472,3.125,,1.0393009185791016,,,,3.125,,,,,,,,,
29892000,7473,4.375,,1.029219627380371,,,,4.375,,,,,,,,,
29896000,7474,4.25,,1.101009488105774,,,,4.25,,,,,,,,,
29900000,7475,4.0,,1.0494664907455444,,,,4.0,,,,,,,,,
29904000,7476,3.75,,1.0501339435577393,,,,3.75,,,,,,,,,
29908000,7477,4.125,,1.0467419624328613,,,,4.125,,,,,,,,,
29912000,7478,4.0,,0.9413570761680603,,,,4.0,,,,,,,,,
29916000,7479,4.0,,1.0810096263885498,,,,4.0,,,,,,,,,
29920000,7480,3.875,,1.0765514373779297,,,,3.875,,,,,,,,,
29924000,7481,3.25,,1.0014327764511108,,,,3.25,,,,,,,,,
29928000,7482,4.0,,0.9834785461425781,,,,4.0,,,,,,,,,
29932000,7483,3.875,,1.0469948053359985,,,,3.875,,,,,,,,,
29936000,7484,4.0,,1.0297842025756836,,,,4.0,,,,,,,,,
29940000,7485,4.125,,0.9990330934524536,,,,4.125,,,,,,,,,
29944000,7486,3.875,,1.016589879989624,,,,3.875,,,,,,,,,
29948000,7487,4.0,,1.0066192150115967,,,,4.0,,,,,,,,,
29952000,7488,2.875,,0.9891120195388794,,,,2.875,,,,,,,,,
29956000,7489,4.125,,1.0452834367752075,,,,4.125,,,,,,,,,
29960000,7490,4.125,,1.012920618057251,,,,4.125,,,,,,,,,
29964000,7491,4.25,,0.9963833093643188,,,,4.25,,,,,,,,,
29968000,7492,3.75,,1.0106658935546875,,,,3.75,,,,,,,,,
29972000,7493,3.875,,1.0222423076629639,,,,3.875,,,,,,,,,
29976000,7494,4.625,,0.9758351445198059,,,,4.625,,,,,,,,,
29980000,7495,3.875,,1.043820858001709,,,,3.875,,,,,,,,,
29984000,7496,4.125,,1.045137882232666,,,,4.125,,,,,,,,,
29988000,7497,4.375,,1.0043244361877441,,,,4.375,,,,,,,,,
29992000,7498,3.5,,1.040727138519287,,,,3.5,,,,,,,,,
29996000,7499,3.875,,0.990136444568634,,,,3.875,,,,,,,,,
30000000,7500,4.0,,1.0672361850738525,,,,4.0,,,,,,,,,
