environment_steps,updates,mean_episode_returns,entropy,loss,actor_loss,value_loss,reward_std_mean,deliveries,block_rate,idle_rate,pickup_rate,deliveries_early,deliveries_mid,deliveries_late,block_early,block_mid,block_late
5000,1,0.10000000149011612,1.207597255706787,0.5141318440437317,0.11307777464389801,0.8117689490318298,0.0007123767863959074,0.10000000149011612,0.17799998819828033,0.12069999426603317,,,,,,,
10000,2,0.20000000298023224,1.1820175647735596,1.0579317808151245,0.13436651229858398,1.8565865755081177,0.001043054973706603,0.20000000298023224,0.20024999976158142,0.11729999631643295,,,,,,,
15000,3,0.20000000298023224,1.1879684925079346,1.485575556755066,0.1016729474067688,2.777308940887451,0.0006230038707144558,0.20000000298023224,0.17970000207424164,0.11219999939203262,,,,,,,
20000,4,0.20000000298023224,1.1530508995056152,1.8812118768692017,0.10828375816345215,3.5550806522369385,0.0004177011433057487,0.20000000298023224,0.1842999905347824,0.10764999687671661,,,,,,,
25000,5,0.10000000149011612,1.1698319911956787,0.7326594591140747,0.027080213651061058,1.420517086982727,-0.0019864169880747795,0.10000000149011612,0.1968500018119812,0.1116499975323677,,,,,,,
30000,6,0.20000000298023224,1.1768081188201904,2.9421730041503906,0.07206831872463226,5.749623775482178,0.0015558977611362934,0.20000000298023224,0.2044999897480011,0.11294999718666077,,,,,,,
35000,7,0.0,1.2136104106903076,0.07691036909818649,-0.028528176248073578,0.22058597207069397,-0.004131014924496412,0.0,0.1979999989271164,0.11779999732971191,,,,,,,
40000,8,0.30000001192092896,1.223470687866211,5.767177104949951,0.09847782552242279,11.347186088562012,0.005089034792035818,0.30000001192092896,0.1930999904870987,0.12244999408721924,,,,,,,
45000,9,0.10000000149011612,1.2036935091018677,2.236319065093994,0.034166812896728516,4.413934230804443,-0.0015124357305467129,0.10000000149011612,0.1979999989271164,0.11984999477863312,,,,,,,
50000,10,0.5,1.2212291955947876,9.6635160446167,0.22500048577785492,18.88680076599121,0.008742344565689564,0.5,0.18769998848438263,0.120899997651577,,,,,,,
55000,11,0.5,1.2290102243423462,9.10092830657959,0.15603147447109222,17.899625778198242,0.008579593151807785,0.5,0.1906999945640564,0.12004999816417694,,,,,,,
60000,12,0.30000001192092896,1.2133383750915527,8.66347599029541,0.15848654508590698,17.019685745239258,0.004474837798625231,0.30000001192092896,0.1996999979019165,0.11344999819993973,,,,,,,
65000,13,0.20000000298023224,1.2201640605926514,4.103923320770264,0.05312611535191536,8.111355781555176,-0.0014094115467742085,0.20000000298023224,0.17544999718666077,0.11589999496936798,,,,,,,
70000,14,0.20000000298023224,1.2145087718963623,4.947569370269775,0.019302204251289368,9.866250038146973,-0.0006415741518139839,0.20000000298023224,0.20269998908042908,0.1180499941110611,,,,,,,
75000,15,0.10000000149011612,1.2098459005355835,1.7010304927825928,-0.12595927715301514,3.663658380508423,-0.0046582212671637535,0.10000000149011612,0.2102999985218048,0.11710000038146973,,,,,,,
80000,16,0.20000000298023224,1.189208984375,5.6689300537109375,-0.038489628583192825,11.424352645874023,-7.436198939103633e-05,0.20000000298023224,0.20739999413490295,0.11789999902248383,,,,,,,
85000,17,0.4000000059604645,1.234198808670044,9.642833709716797,0.16832369565963745,18.958892822265625,0.005949893966317177,0.4000000059604645,0.16820000112056732,0.12429999560117722,,,,,,,
90000,18,0.0,1.2004534006118774,-0.1290186047554016,-0.20039860904216766,0.1523636281490326,-0.008004661649465561,0.0,0.20125000178813934,0.11289999634027481,,,,,,,
95000,19,0.4000000059604645,1.1761693954467773,9.233596801757812,0.016178566962480545,18.444246292114258,0.003347076242789626,0.4000000059604645,0.20794999599456787,0.1124499961733818,,,,,,,
100000,20,0.4000000059604645,1.2079801559448242,10.994707107543945,0.06292255222797394,21.873233795166016,0.005051135551184416,0.4000000059604645,0.19709999859333038,0.11949999630451202,,,,,,,
105000,21,0.4000000059604645,1.1893452405929565,10.0258150100708,0.08108821511268616,19.898967742919922,0.005326001904904842,0.4000000059604645,0.18684999644756317,0.11939999461174011,,,,,,,
110000,22,0.10000000149011612,1.2014172077178955,1.659714937210083,-0.144790917634964,3.6186230182647705,-0.0055030337534844875,0.10000000149011612,0.18859998881816864,0.11914999783039093,,,,,,,
115000,23,0.0,1.2361960411071777,-0.1290377378463745,-0.21764421463012695,0.1871025264263153,-0.008356711827218533,0.0,0.17604999244213104,0.12325000017881393,,,,,,,
120000,24,0.30000001192092896,1.1981759071350098,11.34357738494873,0.042646631598472595,22.611446380615234,0.0045857192017138,0.30000001192092896,0.1934499889612198,0.1197500005364418,,,,,,,
125000,25,0.30000001192092896,1.2032084465026855,10.800230026245117,0.03302775323390961,21.544031143188477,0.003955593798309565,0.30000001192092896,0.19919998943805695,0.12014999985694885,,,,,,,
130000,26,0.20000000298023224,1.1898328065872192,7.606602668762207,-0.05489687621593475,15.332517623901367,-0.0003829883353319019,0.20000000298023224,0.21729999780654907,0.12184999883174896,,,,,,,
135000,27,0.6000000238418579,1.166003942489624,18.313430786132812,0.14387771487236023,36.34843444824219,0.010104949586093426,0.6000000238418579,0.21324999630451202,0.11479999870061874,,,,,,,
140000,28,0.20000000298023224,1.198712706565857,5.3869171142578125,-0.11825509369373322,11.019933700561523,-0.0016930288402363658,0.20000000298023224,0.21050000190734863,0.12379999458789825,,,,,,,
145000,29,0.30000001192092896,1.1908066272735596,12.085670471191406,0.0606275349855423,24.059612274169922,0.0038997610099613667,0.30000001192092896,0.21389999985694885,0.121799997985363,,,,,,,
150000,30,0.0,1.1544835567474365,-0.1261679232120514,-0.2320268750190735,0.22095374763011932,-0.009248376823961735,0.0,0.22454999387264252,0.11665000021457672,,,,,,,
155000,31,0.699999988079071,1.1257392168045044,20.844478607177734,0.16740193963050842,41.3631591796875,0.01705777645111084,0.699999988079071,0.2578999996185303,0.11509999632835388,,,,,,,
160000,32,0.20000000298023224,1.1574864387512207,4.974616527557373,-0.07319793105125427,10.104888916015625,-0.002396124880760908,0.20000000298023224,0.22769999504089355,0.12474999576807022,,,,,,,
165000,33,0.10000000149011612,1.140352487564087,3.8388571739196777,-0.1751295030117035,8.03709602355957,-0.0049829487688839436,0.10000000149011612,0.2382499873638153,0.11954999715089798,,,,,,,
170000,34,0.20000000298023224,1.1393942832946777,12.08156681060791,-0.028771504759788513,24.22979164123535,0.0015064567560330033,0.20000000298023224,0.24774999916553497,0.11909999698400497,,,,,,,
175000,35,0.20000000298023224,1.1597905158996582,4.11356258392334,-0.09482946991920471,8.42606258392334,-0.003006336512044072,0.20000000298023224,0.23604999482631683,0.12464999407529831,,,,,,,
180000,36,0.4000000059604645,1.0875962972640991,17.612709045410156,0.10762907564640045,35.01885986328125,0.008634669706225395,0.4000000059604645,0.24949999153614044,0.10844999551773071,,,,,,,
185000,37,0.6000000238418579,1.0829377174377441,21.741891860961914,0.17532429099082947,43.14179992675781,0.014530044049024582,0.6000000238418579,0.2632499933242798,0.11819999665021896,,,,,,,
190000,38,0.5,1.0855300426483154,20.004756927490234,0.16192804276943207,39.69434356689453,0.008481348864734173,0.5,0.26854997873306274,0.11189999431371689,,,,,,,
195000,39,0.4000000059604645,1.0824180841445923,10.778718948364258,-0.04592755809426308,21.6579532623291,0.004277951084077358,0.4000000059604645,0.26010000705718994,0.10734999924898148,,,,,,,
200000,40,0.20000000298023224,1.0495349168777466,5.609286308288574,-0.10329154133796692,11.433551788330078,-0.0026776238810271025,0.20000000298023224,0.27515000104904175,0.10019999742507935,,,,,,,
205000,41,0.30000001192092896,1.0178184509277344,7.707221031188965,-0.041198547929525375,15.504981994628906,0.00010190162720391527,0.30000001192092896,0.30504998564720154,0.10474999994039536,,,,,,,
210000,42,0.20000000298023224,0.9950821399688721,15.100723266601562,-0.09798792004585266,30.40538215637207,0.00206696055829525,0.20000000298023224,0.30649998784065247,0.09484999626874924,,,,,,,
215000,43,0.20000000298023224,0.9997512102127075,7.181663990020752,-0.11949938535690308,14.61032485961914,-0.0019914580043405294,0.20000000298023224,0.31200000643730164,0.09929999709129333,,,,,,,
220000,44,0.10000000149011612,0.9932804107666016,5.206376552581787,-0.16256310045719147,10.74582576751709,-0.005237561650574207,0.10000000149011612,0.29714998602867126,0.08935000002384186,,,,,,,
225000,45,0.30000001192092896,0.9873532056808472,7.869036674499512,-0.08670994639396667,15.919391632080078,0.0005839639343321323,0.30000001192092896,0.31219998002052307,0.09070000052452087,,,,,,,
230000,46,0.30000001192092896,1.0042028427124023,8.590007781982422,-0.09349393844604492,17.375036239624023,0.0011095928493887186,0.30000001192092896,0.2874000072479248,0.09164999425411224,,,,,,,
235000,47,0.30000001192092896,0.9981399774551392,10.77122974395752,-0.10632739961147308,21.763099670410156,-0.0001515560143161565,0.30000001192092896,0.30695000290870667,0.08999999612569809,,,,,,,
240000,48,0.10000000149011612,0.9505845308303833,1.5596046447753906,-0.18597468733787537,3.4987633228302,-0.007489959709346294,0.10000000149011612,0.3434000015258789,0.08474999666213989,,,,,,,
245000,49,0.20000000298023224,0.9413309097290039,7.23111629486084,-0.14970961213111877,14.769182205200195,-0.0021113138645887375,0.20000000298023224,0.32749998569488525,0.0835999995470047,,,,,,,
250000,50,0.6000000238418579,0.9335894584655762,19.036821365356445,-0.008771494030952454,38.098655700683594,0.009221686981618404,0.6000000238418579,0.32580000162124634,0.07575000077486038,,,,,,,
255000,51,0.10000000149011612,0.9089553356170654,6.0501708984375,-0.09795506298542023,12.303524017333984,-0.004835736472159624,0.10000000149011612,0.34219998121261597,0.07474999874830246,,,,,,,
260000,52,0.20000000298023224,0.8766975998878479,6.157166004180908,-0.13568547368049622,12.592716217041016,-0.002510442864149809,0.20000000298023224,0.35054999589920044,0.07129999995231628,,,,,,,
265000,53,0.4000000059604645,0.8728923797607422,9.84798812866211,0.10005247592926025,19.50285530090332,0.003697189735248685,0.4000000059604645,0.3737500011920929,0.06794999539852142,,,,,,,
270000,54,0.0,0.8513392210006714,-0.0396193265914917,-0.19069883227348328,0.30896973609924316,-0.010388253256678581,0.0,0.37860000133514404,0.06269999593496323,,,,,,,
275000,55,0.0,0.8520527482032776,-0.027554526925086975,-0.17950712144374847,0.31072160601615906,-0.01029250118881464,0.0,0.375900000333786,0.06554999947547913,,,,,,,
280000,56,0.0,0.8352574110031128,-0.03242309391498566,-0.18536202609539032,0.31255993247032166,-0.010199346579611301,0.0,0.3719500005245209,0.0604499988257885,,,,,,,
285000,57,0.20000000298023224,0.8098559379577637,7.968414306640625,0.0028862478211522102,15.937535285949707,-0.0010871567064896226,0.20000000298023224,0.4064500033855438,0.06149999797344208,,,,,,,
290000,58,0.5,0.8024271726608276,17.982545852661133,0.2182694971561432,35.53497314453125,0.01104703824967146,0.5,0.41130000352859497,0.05584999918937683,,,,,,,
295000,59,0.30000001192092896,0.7938047051429749,7.841996192932129,-0.009374700486660004,15.709092140197754,0.0006935653509572148,0.30000001192092896,0.41519999504089355,0.055149998515844345,,,,,,,
300000,60,0.10000000149011612,0.7740095853805542,3.566922664642334,-0.07369352877140045,7.287424564361572,-0.005960477516055107,0.10000000149011612,0.42225000262260437,0.053599998354911804,,,,,,,
305000,61,0.30000001192092896,0.7702289819717407,7.096093654632568,-0.04120057821273804,14.280750274658203,0.0001617767265997827,0.30000001192092896,0.4284999966621399,0.052949998527765274,,,,,,,
310000,62,0.30000001192092896,0.719839870929718,9.411103248596191,-0.021319862455129623,18.87060546875,0.0016400046879425645,0.30000001192092896,0.4768499732017517,0.048899997025728226,,,,,,,
315000,63,0.0,0.7719388008117676,-0.013254761695861816,-0.12003213167190552,0.21973025798797607,-0.010210687294602394,0.0,0.4405999779701233,0.05179999768733978,,,,,,,
320000,64,0.20000000298023224,0.710302472114563,5.238576889038086,-0.02795080468058586,10.538738250732422,-0.0027748888824135065,0.20000000298023224,0.468099981546402,0.04704999923706055,,,,,,,
325000,65,0.20000000298023224,0.7253895401954651,6.129316806793213,-0.0282696895301342,12.320976257324219,-0.0022275110241025686,0.20000000298023224,0.4697999954223633,0.04634999856352806,,,,,,,
330000,66,0.4000000059604645,0.6980066299438477,20.399972915649414,0.23185881972312927,40.34181213378906,0.009365499950945377,0.4000000059604645,0.48489999771118164,0.04490000009536743,,,,,,,
335000,67,0.10000000149011612,0.724368155002594,2.055158853530884,-0.04852414131164551,4.213160991668701,-0.006989987101405859,0.10000000149011612,0.46209999918937683,0.04690000042319298,,,,,,,
340000,68,0.10000000149011612,0.7009322643280029,1.7931339740753174,-0.06280764937400818,3.7174906730651855,-0.007077250629663467,0.10000000149011612,0.4615999758243561,0.042399998754262924,,,,,,,
345000,69,0.20000000298023224,0.7111717462539673,5.434584140777588,-0.020309537649154663,10.91547679901123,-0.0025498131290078163,0.20000000298023224,0.4617999792098999,0.043699998408555984,,,,,,,
350000,70,0.30000001192092896,0.6918691396713257,14.708208084106445,0.11713267862796783,29.187685012817383,0.0043850308284163475,0.30000001192092896,0.48649999499320984,0.044099997729063034,,,,,,,
355000,71,0.4000000059604645,0.6842223405838013,11.847860336303711,0.1487528681755066,23.403688430786133,0.005027176346629858,0.4000000059604645,0.47929999232292175,0.043449997901916504,,,,,,,
360000,72,0.30000001192092896,0.7144932746887207,8.87446117401123,0.05043402314186096,17.653770446777344,0.0014633433893322945,0.30000001192092896,0.44739997386932373,0.046049997210502625,,,,,,,
365000,73,0.10000000149011612,0.7028077840805054,2.4132497310638428,-0.07563524693250656,4.983392238616943,-0.00660101231187582,0.10000000149011612,0.46369999647140503,0.04324999824166298,,,,,,,
370000,74,0.20000000298023224,0.7091053128242493,5.455610752105713,0.008182946592569351,10.900528907775879,-0.002639137441292405,0.20000000298023224,0.4629499912261963,0.04645000025629997,,,,,,,
375000,75,0.4000000059604645,0.7290575504302979,13.544585227966309,0.23487532138824463,26.62525177001953,0.005984414368867874,0.4000000059604645,0.4410499930381775,0.044999998062849045,,,,,,,
380000,76,0.10000000149011612,0.722675621509552,3.059788703918457,-0.008875515311956406,6.1431097984313965,-0.006190214306116104,0.10000000149011612,0.4525499939918518,0.04764999821782112,,,,,,,
385000,77,0.10000000149011612,0.7104594707489014,4.58573579788208,-0.05029940605163574,9.277753829956055,-0.00524786626920104,0.10000000149011612,0.4602999985218048,0.04454999789595604,,,,,,,
390000,78,0.20000000298023224,0.713275671005249,6.022982120513916,-0.018651021644473076,12.088972091674805,-0.0022422734182327986,0.20000000298023224,0.4603999853134155,0.04619999974966049,,,,,,,
395000,79,0.30000001192092896,0.7259058356285095,9.608572006225586,0.1357177346944809,18.951515197753906,0.0018619056791067123,0.30000001192092896,0.4508499801158905,0.04764999821782112,,,,,,,
400000,80,0.10000000149011612,0.7255334854125977,3.167745351791382,-0.09120495617389679,6.523705005645752,-0.006029859185218811,0.10000000149011612,0.4477500021457672,0.04515000060200691,,,,,,,
405000,81,0.20000000298023224,0.7312827706336975,6.445847511291504,-0.021597109735012054,12.940739631652832,-0.0021387687884271145,0.20000000298023224,0.44689998030662537,0.04884999990463257,,,,,,,
410000,82,0.20000000298023224,0.7363314628601074,8.142708778381348,0.021112389862537384,16.249082565307617,-0.0008808044367469847,0.20000000298023224,0.4412999749183655,0.047849997878074646,,,,,,,
415000,83,0.20000000298023224,0.7510911226272583,13.152935981750488,-0.0001764930784702301,26.312232971191406,0.0012154564028605819,0.20000000298023224,0.43539997935295105,0.05244999751448631,,,,,,,
420000,84,0.20000000298023224,0.7447679042816162,5.309711456298828,-0.05930740758776665,10.743995666503906,-0.0026325411163270473,0.20000000298023224,0.43449997901916504,0.05350000038743019,,,,,,,
425000,85,0.30000001192092896,0.7575687766075134,9.206293106079102,0.03879307210445404,18.341060638427734,0.0018172183772549033,0.30000001192092896,0.42069998383522034,0.05404999852180481,,,,,,,
430000,86,0.0,0.7510396242141724,-0.09568701684474945,-0.15915080904960632,0.13293591141700745,-0.010061289183795452,0.0,0.4259999990463257,0.051649998873472214,,,,,,,
435000,87,0.0,0.7467036247253418,-0.0918479785323143,-0.16111120581626892,0.14450009167194366,-0.010002958588302135,0.0,0.4127499759197235,0.04764999821782112,,,,,,,
440000,88,0.20000000298023224,0.7383184432983398,7.133745193481445,-0.05132767930626869,14.376051902770996,-0.0013432310661301017,0.20000000298023224,0.4339499771595001,0.04674999788403511,,,,,,,
445000,89,0.0,0.7492250800132751,-0.08069109916687012,-0.1476706564426422,0.13995292782783508,-0.00994066335260868,0.0,0.42639997601509094,0.04580000042915344,,,,,,,
450000,90,0.30000001192092896,0.7283819913864136,10.609313011169434,0.0812336727976799,21.06198501586914,0.0028693415224552155,0.30000001192092896,0.44039997458457947,0.04569999873638153,,,,,,,
455000,91,0.10000000149011612,0.7531706094741821,4.361217021942139,0.004685543477535248,8.719088554382324,-0.005171448457986116,0.10000000149011612,0.40985000133514404,0.047599997371435165,,,,,,,
460000,92,0.30000001192092896,0.7533172369003296,9.206512451171875,-0.045494239777326584,18.510040283203125,0.002011651638895273,0.30000001192092896,0.42659997940063477,0.04774999991059303,,,,,,,
465000,93,0.20000000298023224,0.7545078992843628,5.348433494567871,-0.01840866357088089,10.739720344543457,-0.002465000841766596,0.20000000298023224,0.4096999764442444,0.05169999971985817,,,,,,,
470000,94,0.30000001192092896,0.7689944505691528,9.0377836227417,0.03448385000228882,18.01275062561035,0.0018401783891022205,0.30000001192092896,0.40915000438690186,0.05260000005364418,,,,,,,
475000,95,0.0,0.7558977007865906,-0.06530733406543732,-0.12333464622497559,0.1221018061041832,-0.00989273376762867,0.0,0.40484997630119324,0.052400000393390656,,,,,,,
480000,96,0.10000000149011612,0.7441253662109375,2.8189404010772705,-0.07389514148235321,5.791624069213867,-0.005981808993965387,0.10000000149011612,0.4167499840259552,0.053700000047683716,,,,,,,
485000,97,0.10000000149011612,0.7661749124526978,3.2587733268737793,-0.08208207786083221,6.687839984893799,-0.005659501533955336,0.10000000149011612,0.4138000011444092,0.05624999850988388,,,,,,,
490000,98,0.10000000149011612,0.7468994855880737,2.896605968475342,-0.06173982098698616,5.922666549682617,-0.005893071182072163,0.10000000149011612,0.4168500006198883,0.05094999819993973,,,,,,,
495000,99,0.10000000149011612,0.7384310364723206,3.35368275642395,-0.07418602705001831,6.861645221710205,-0.005548613145947456,0.10000000149011612,0.4181499779224396,0.053849998861551285,,,,,,,
500000,100,0.30000001192092896,0.7411755919456482,14.988842964172363,0.13465437293052673,29.714305877685547,0.0029565657023340464,0.30000001192092896,0.4224499762058258,0.052149999886751175,,,,,,,
505000,101,0.30000001192092896,0.7653277516365051,8.60705852508545,0.22669969499111176,16.7668399810791,0.0016081128269433975,0.30000001192092896,0.40574997663497925,0.05810000002384186,,,,,,,
510000,102,0.10000000149011612,0.762535572052002,3.0252554416656494,-0.06079539656639099,6.178202152252197,-0.005765498150140047,0.10000000149011612,0.3968999981880188,0.055799998342990875,,,,,,,
515000,103,0.0,0.7830036878585815,-0.04383976757526398,-0.09694895148277283,0.11248239874839783,-0.00972749013453722,0.0,0.3890499770641327,0.05719999969005585,,,,,,,
520000,104,0.10000000149011612,0.7641775608062744,2.431774139404297,-0.058485522866249084,4.986632823944092,-0.006105036940425634,0.10000000149011612,0.3911999762058258,0.055049996823072433,,,,,,,
525000,105,0.20000000298023224,0.7804523706436157,10.799541473388672,0.09606613218784332,21.41319465637207,0.0003881565062329173,0.20000000298023224,0.3784499764442444,0.0568000003695488,,,,,,,
530000,106,0.20000000298023224,0.7885905504226685,27.963455200195312,-0.03680425137281418,56.00682830810547,0.005428463686257601,0.20000000298023224,0.34700000286102295,0.05745000019669533,,,,,,,
535000,107,0.10000000149011612,0.8255366086959839,2.83465838432312,-0.04661867022514343,5.769158363342285,-0.00589094590395689,0.10000000149011612,0.33524999022483826,0.05894999951124191,,,,,,,
540000,108,0.20000000298023224,0.826708197593689,11.803686141967773,0.04791155830025673,23.518163681030273,0.0010398405138403177,0.20000000298023224,0.3352999985218048,0.06509999930858612,,,,,,,
545000,109,0.0,0.8555141091346741,-0.038627952337265015,-0.09569588303565979,0.12097997963428497,-0.009719657711684704,0.0,0.29499998688697815,0.06404999643564224,,,,,,,
550000,110,0.20000000298023224,0.8332459926605225,5.886826515197754,0.04657546430826187,11.68716812133789,-0.0018904457101598382,0.20000000298023224,0.3430500030517578,0.06194999814033508,,,,,,,
555000,111,0.30000001192092896,0.8294477462768555,31.02227020263672,0.23991096019744873,61.571353912353516,0.00864872895181179,0.30000001192092896,0.31505000591278076,0.062199998646974564,,,,,,,
560000,112,0.20000000298023224,0.8600913286209106,9.704598426818848,0.10311727225780487,19.209842681884766,3.6042401916347444e-05,0.20000000298023224,0.30869999527931213,0.0669500008225441,,,,,,,
565000,113,0.10000000149011612,0.8806232213973999,27.22144317626953,0.09601526707410812,54.25790023803711,0.0021137718576937914,0.10000000149011612,0.2786499857902527,0.06875000149011612,,,,,,,
570000,114,0.20000000298023224,0.892695963382721,27.51871109008789,0.29440340399742126,54.45575714111328,0.006966451648622751,0.20000000298023224,0.265749990940094,0.06834999471902847,,,,,,,
575000,115,0.10000000149011612,0.9235435128211975,2.7327158451080322,-0.0365963838994503,5.546012878417969,-0.006081869825720787,0.10000000149011612,0.24859999120235443,0.06759999692440033,,,,,,,
580000,116,0.20000000298023224,0.9323400855064392,10.880977630615234,-0.04234454780817032,21.854103088378906,0.0006923663895577192,0.20000000298023224,0.24584999680519104,0.0742499977350235,,,,,,,
585000,117,0.4000000059604645,0.9487202763557434,28.47515106201172,0.27539312839508057,56.4071044921875,0.012811637483537197,0.4000000059604645,0.22894999384880066,0.07050000131130219,,,,,,,
590000,118,0.20000000298023224,0.9696229696273804,4.980381488800049,-0.04838090389966965,10.065281867980957,-0.0027360632084310055,0.20000000298023224,0.21404999494552612,0.07189999520778656,,,,,,,
595000,119,0.30000001192092896,0.998084306716919,18.363061904907227,-0.0026575829833745956,36.73942184448242,0.006586604285985231,0.30000001192092896,0.20739999413490295,0.07904999703168869,,,,,,,
600000,120,0.10000000149011612,1.0206630229949951,1.9976632595062256,-0.13794447481632233,4.279380798339844,-0.006681028753519058,0.10000000149011612,0.20374999940395355,0.08034999668598175,,,,,,,
605000,121,0.30000001192092896,0.9967819452285767,14.050847053527832,0.11265978217124939,27.884347915649414,0.0023393218871206045,0.30000001192092896,0.21289999783039093,0.08164999634027481,,,,,,,
610000,122,0.30000001192092896,0.9852901697158813,16.490995407104492,0.00749027356505394,32.974891662597656,0.005519927944988012,0.30000001192092896,0.21525000035762787,0.07239999622106552,,,,,,,
615000,123,0.30000001192092896,1.0118643045425415,9.999015808105469,-0.05814163759350777,20.12240982055664,0.002191815758123994,0.30000001192092896,0.20919999480247498,0.07660000026226044,,,,,,,
620000,124,0.0,1.0115833282470703,-0.0715240091085434,-0.20616298913955688,0.2773706316947937,-0.009957758709788322,0.0,0.20264999568462372,0.07419999688863754,,,,,,,
625000,125,0.0,0.9906117916107178,-0.04421067237854004,-0.20641623437404633,0.3323360085487366,-0.009917683899402618,0.0,0.2133999913930893,0.06814999878406525,,,,,,,
630000,126,0.20000000298023224,1.000316858291626,14.451225280761719,0.025693528354167938,28.859066009521484,0.0020569884218275547,0.20000000298023224,0.22055000066757202,0.07294999808073044,,,,,,,
635000,127,0.30000001192092896,0.9975748062133789,12.816232681274414,-0.05950157344341278,25.759449005126953,0.0037142534274607897,0.30000001192092896,0.21660000085830688,0.0694499984383583,,,,,,,
640000,128,0.0,0.9959985017776489,-0.08323128521442413,-0.21909761428833008,0.2797006368637085,-0.009907287545502186,0.0,0.23764999210834503,0.06664999574422836,,,,,,,
645000,129,0.30000001192092896,0.9884175062179565,14.342151641845703,-0.04187587648630142,28.775962829589844,0.004722559358924627,0.30000001192092896,0.23829999566078186,0.06469999998807907,,,,,,,
650000,130,0.20000000298023224,0.9535361528396606,21.785934448242188,0.03670938313007355,43.50607681274414,0.0047550811432302,0.20000000298023224,0.2789999842643738,0.06644999980926514,,,,,,,
655000,131,0.20000000298023224,0.931654691696167,9.120344161987305,-0.03574201464653015,18.319625854492188,-0.0002215988060925156,0.20000000298023224,0.2777000069618225,0.0580499991774559,,,,,,,
660000,132,0.30000001192092896,0.9327083826065063,21.964954376220703,0.07679347693920135,43.783782958984375,0.00706632062792778,0.30000001192092896,0.29499998688697815,0.055799998342990875,,,,,,,
665000,133,0.20000000298023224,0.9133825302124023,8.934012413024902,-0.1127474382519722,18.100826263427734,-0.0004934882745146751,0.20000000298023224,0.3278000056743622,0.060499999672174454,,,,,,,
670000,134,0.30000001192092896,0.8865818977355957,24.1473331451416,-0.008406680077314377,48.318572998046875,0.006321909371763468,0.30000001192092896,0.3208000063896179,0.04984999820590019,,,,,,,
675000,135,0.4000000059604645,0.8454293012619019,22.56711196899414,0.02547493577003479,45.09003829956055,0.008256672881543636,0.4000000059604645,0.3560499846935272,0.045249998569488525,,,,,,,
680000,136,0.0,0.85597825050354,-0.025314807891845703,-0.15610957145690918,0.26843735575675964,-0.010010858066380024,0.0,0.3549499809741974,0.04924999922513962,,,,,,,
685000,137,0.0,0.8349148035049438,-0.018396183848381042,-0.12597721815109253,0.22184139490127563,-0.009974118322134018,0.0,0.36489999294281006,0.04729999974370003,,,,,,,
690000,138,0.5,0.8040446043014526,29.274702072143555,0.20046086609363556,58.15491485595703,0.016351575031876564,0.5,0.3833499848842621,0.04254999756813049,,,,,,,
695000,139,0.30000001192092896,0.803383469581604,15.346295356750488,0.028294630348682404,30.64242935180664,0.005127168260514736,0.30000001192092896,0.4059999883174896,0.040449999272823334,,,,,,,
700000,140,0.20000000298023224,0.7785617113113403,5.788374900817871,-0.049085237085819244,11.681148529052734,-0.0023491771426051855,0.20000000298023224,0.3849499821662903,0.039799999445676804,,,,,,,
705000,141,0.5,0.7773112058639526,19.357135772705078,0.167520672082901,38.38544845581055,0.012207796797156334,0.5,0.4101499915122986,0.039000000804662704,,,,,,,
710000,142,0.0,0.7602205276489258,-0.03467763215303421,-0.10724938660860062,0.1512252688407898,-0.010063097812235355,0.0,0.4201499819755554,0.0357000008225441,,,,,,,
715000,143,0.10000000149011612,0.7603276371955872,2.537830114364624,-0.09226645529270172,5.266275882720947,-0.0063321553170681,0.10000000149011612,0.4098999798297882,0.03554999828338623,,,,,,,
720000,144,0.30000001192092896,0.7429018020629883,10.84945011138916,0.06117120385169983,21.582500457763672,0.0027501529548317194,0.30000001192092896,0.4217499792575836,0.03554999828338623,,,,,,,
725000,145,0.4000000059604645,0.7293906211853027,23.039026260375977,0.4236263632774353,45.23663330078125,0.011517784558236599,0.4000000059604645,0.420199990272522,0.03059999831020832,,,,,,,
730000,146,0.0,0.7350367903709412,-0.07199488580226898,-0.1327742636203766,0.12743905186653137,-0.010060395114123821,0.0,0.42614999413490295,0.030299998819828033,,,,,,,
735000,147,0.10000000149011612,0.7218894958496094,4.273972511291504,-0.07930431514978409,8.712328910827637,-0.005262856371700764,0.10000000149011612,0.4375,0.02994999848306179,,,,,,,
740000,148,0.10000000149011612,0.7362959384918213,3.8711776733398438,-0.08787490427494049,7.923995494842529,-0.005495727527886629,0.10000000149011612,0.4150499999523163,0.02969999983906746,,,,,,,
745000,149,0.4000000059604645,0.738643229007721,12.83055305480957,0.06641001999378204,25.534194946289062,0.006343203596770763,0.4000000059604645,0.43324998021125793,0.02824999950826168,,,,,,,
750000,150,0.20000000298023224,0.7416583299636841,10.96531867980957,-0.03336735814809799,22.003305435180664,0.0006906429189257324,0.20000000298023224,0.42309999465942383,0.026149999350309372,,,,,,,
755000,151,0.10000000149011612,0.7271794676780701,3.963268756866455,0.0025573372840881348,7.927240371704102,-0.005458490457385778,0.10000000149011612,0.43619999289512634,0.026149999350309372,,,,,,,
760000,152,0.0,0.7399329543113708,-0.07598378509283066,-0.13080033659934998,0.11555255949497223,-0.010000004433095455,0.0,0.4223499894142151,0.02669999934732914,,,,,,,
765000,153,0.20000000298023224,0.7326814532279968,7.6254425048828125,-0.028222978115081787,15.313192367553711,-0.0009969653328880668,0.20000000298023224,0.4370499849319458,0.027799999341368675,,,,,,,
770000,154,0.0,0.730744481086731,-0.06882298737764359,-0.11654548346996307,0.10129094123840332,-0.009964768774807453,0.0,0.4416999816894531,0.02319999970495701,,,,,,,
775000,155,0.10000000149011612,0.7314812541007996,3.293316125869751,-0.06485412269830704,6.722192287445068,-0.005736009683459997,0.10000000149011612,0.41874998807907104,0.026249999180436134,,,,,,,
780000,156,0.20000000298023224,0.7301064133644104,18.047821044921875,0.10954931378364563,35.88238525390625,0.0002958885161206126,0.20000000298023224,0.43359997868537903,0.02355000004172325,,,,,,,
785000,157,0.0,0.7274554371833801,-0.05523606389760971,-0.10901284217834473,0.11337320506572723,-0.009916454553604126,0.0,0.4244999885559082,0.023000000044703484,,,,,,,
790000,158,0.20000000298023224,0.7515082955360413,6.901723861694336,0.04975525662302971,13.709949493408203,-0.0014208602951839566,0.20000000298023224,0.40254998207092285,0.02434999868273735,,,,,,,
795000,159,0.0,0.7631853222846985,-0.0443146750330925,-0.09867504239082336,0.11482621729373932,-0.009881197474896908,0.0,0.39034998416900635,0.025699999183416367,,,,,,,
800000,160,0.0,0.7583036422729492,-0.03824077546596527,-0.08788209408521652,0.10534906387329102,-0.009850169532001019,0.0,0.3986999988555908,0.024299999698996544,,,,,,,
805000,161,0.0,0.7483552098274231,-0.039889223873615265,-0.09495067596435547,0.11610974371433258,-0.00981943216174841,0.0,0.39694997668266296,0.021250000223517418,,,,,,,
810000,162,0.0,0.7409993410110474,-0.02860889583826065,-0.07839314639568329,0.10549649596214294,-0.00978898350149393,0.0,0.3995499908924103,0.020399998873472214,,,,,,,
815000,163,0.20000000298023224,0.7290446162223816,6.3420562744140625,0.0402870811522007,12.609371185302734,-0.0016857929294928908,0.20000000298023224,0.4001999795436859,0.01994999870657921,,,,,,,
820000,164,0.30000001192092896,0.7465665340423584,7.992926120758057,0.06268028914928436,15.866464614868164,0.00139608362223953,0.30000001192092896,0.3875499963760376,0.024399999529123306,,,,,,,
825000,165,0.30000001192092896,0.7503176927566528,10.197569847106934,0.15329866111278534,20.094545364379883,0.0027001178823411465,0.30000001192092896,0.36675000190734863,0.022949999198317528,,,,,,,
830000,166,0.30000001192092896,0.7715288400650024,7.068068981170654,0.08983311057090759,13.96264362335205,0.0007129356381483376,0.30000001192092896,0.3529999852180481,0.02319999970495701,,,,,,,
835000,167,0.20000000298023224,0.7575656771659851,8.363468170166016,0.044378697872161865,16.64423942565918,-0.0006228904821909964,0.20000000298023224,0.37894999980926514,0.021199999377131462,,,,,,,
840000,168,0.20000000298023224,0.7499392032623291,6.829272270202637,-0.00038792891427874565,13.665319442749023,-0.0013350158696994185,0.20000000298023224,0.3783999979496002,0.020150000229477882,,,,,,,
845000,169,0.20000000298023224,0.7627971172332764,6.727123737335205,0.021448038518428802,13.41745376586914,-0.0013852742267772555,0.20000000298023224,0.3586999773979187,0.02199999988079071,,,,,,,
850000,170,0.4000000059604645,0.7424409985542297,15.775674819946289,0.19377194344997406,31.16974449157715,0.00814349390566349,0.4000000059604645,0.3822000026702881,0.01915000006556511,,,,,,,
855000,171,0.10000000149011612,0.7646886706352234,5.093273162841797,-0.021315161138772964,10.235294342041016,-0.004637483973056078,0.10000000149011612,0.38064998388290405,0.020800000056624413,,,,,,,
860000,172,0.20000000298023224,0.7455490827560425,16.19397735595703,0.1392659693956375,32.115386962890625,0.0030472753569483757,0.20000000298023224,0.36959999799728394,0.021549999713897705,,,,,,,
865000,173,0.10000000149011612,0.7405015230178833,3.697871208190918,-0.06127791106700897,7.524222373962402,-0.005376006942242384,0.10000000149011612,0.38580000400543213,0.01874999888241291,,,,,,,
870000,174,0.10000000149011612,0.760759711265564,2.2415122985839844,-0.06757897883653641,4.624268531799316,-0.006310500670224428,0.10000000149011612,0.3950499892234802,0.02005000039935112,,,,,,,
875000,175,0.4000000059604645,0.7486767768859863,15.609004974365234,0.08411051332950592,31.05577850341797,0.007923705503344536,0.4000000059604645,0.3877499997615814,0.020649999380111694,,,,,,,
880000,176,0.30000001192092896,0.7642677426338196,18.541929244995117,0.07170391827821732,36.946563720703125,0.006807511672377586,0.30000001192092896,0.3734000027179718,0.02174999937415123,,,,,,,
885000,177,0.4000000059604645,0.7429569959640503,19.363929748535156,0.26823437213897705,38.19733428955078,0.009276806376874447,0.4000000059604645,0.39879998564720154,0.01834999956190586,,,,,,,
890000,178,0.0,0.7452898025512695,-0.08892909437417984,-0.1389748603105545,0.10605384409427643,-0.009828027337789536,0.0,0.41304999589920044,0.020649999380111694,,,,,,,
895000,179,0.20000000298023224,0.7365652918815613,23.433853149414062,-0.04712532460689545,46.96784973144531,0.004137556534260511,0.20000000298023224,0.4065999984741211,0.015949999913573265,,,,,,,
900000,180,0.10000000149011612,0.7527021169662476,3.183272123336792,-0.11710522323846817,6.606776237487793,-0.0056780362501740456,0.10000000149011612,0.398499995470047,0.020749999210238457,,,,,,,
905000,181,0.20000000298023224,0.7633416652679443,9.111973762512207,-0.07457569241523743,18.37920570373535,-0.0001326442725257948,0.20000000298023224,0.39704999327659607,0.021849999204277992,,,,,,,
910000,182,0.6000000238418579,0.7324628829956055,40.553340911865234,0.20470964908599854,80.703125,0.020214026793837547,0.6000000238418579,0.4163999855518341,0.018449999392032623,,,,,,,
915000,183,0.20000000298023224,0.7518532872200012,7.306430816650391,-0.028056718409061432,14.674989700317383,-0.0011251765536144376,0.20000000298023224,0.4219000041484833,0.02005000039935112,,,,,,,
920000,184,0.0,0.7614229917526245,-0.12375438958406448,-0.1829909086227417,0.12456442415714264,-0.009858284145593643,0.0,0.3881499767303467,0.018449999392032623,,,,,,,
925000,185,0.10000000149011612,0.7366353273391724,5.406737327575684,-0.10931117832660675,11.03799057006836,-0.004471686668694019,0.10000000149011612,0.42214998602867126,0.01769999973475933,,,,,,,
930000,186,0.20000000298023224,0.7465853095054626,7.295866012573242,-0.052045270800590515,14.70179557800293,-0.001090005156584084,0.20000000298023224,0.4184499979019165,0.01795000024139881,,,,,,,
935000,187,0.4000000059604645,0.7232648134231567,12.009687423706055,5.140900611877441e-06,24.025150299072266,0.006103931460529566,0.4000000059604645,0.42045000195503235,0.01809999905526638,,,,,,,
940000,188,0.10000000149011612,0.7254205942153931,1.9472187757492065,-0.10222245752811432,4.1046857833862305,-0.006577047519385815,0.10000000149011612,0.40709999203681946,0.016449999064207077,,,,,,,
945000,189,0.4000000059604645,0.7401531934738159,17.258237838745117,0.07871095091104507,34.36497497558594,0.008414771407842636,0.4000000059604645,0.39925000071525574,0.02005000039935112,,,,,,,
950000,190,0.20000000298023224,0.7297226786613464,5.545560359954834,-0.10802853107452393,11.313015937805176,-0.002156083006411791,0.20000000298023224,0.41689997911453247,0.016599999740719795,,,,,,,
955000,191,0.30000001192092896,0.7467972636222839,13.95908260345459,0.04762560874223709,27.828887939453125,0.004866012837737799,0.30000001192092896,0.3964499831199646,0.019749999046325684,,,,,,,
960000,192,0.0,0.7403668761253357,-0.10119874775409698,-0.16595007479190826,0.1354255974292755,-0.009850062429904938,0.0,0.4043000042438507,0.015949999913573265,,,,,,,
965000,193,0.0,0.7409769296646118,-0.09041814506053925,-0.14677897095680237,0.11864946037530899,-0.009824445471167564,0.0,0.3807999789714813,0.015149999409914017,,,,,,,
970000,194,0.10000000149011612,0.7597514390945435,9.13422679901123,-0.1252896934747696,18.525110244750977,-0.002850991440936923,0.10000000149011612,0.37049999833106995,0.018549999222159386,,,,,,,
975000,195,0.20000000298023224,0.7423362731933594,20.69309425354004,0.030250132083892822,41.331626892089844,0.004371506627649069,0.20000000298023224,0.38214999437332153,0.01640000008046627,,,,,,,
980000,196,0.10000000149011612,0.7505912780761719,3.912682056427002,-0.00469086691737175,7.840750694274902,-0.005297448020428419,0.10000000149011612,0.37929999828338623,0.017349999397993088,,,,,,,
985000,197,0.30000001192092896,0.7535179257392883,12.15768051147461,-0.01639939285814762,24.35418701171875,0.003945962525904179,0.30000001192092896,0.37790000438690186,0.01640000008046627,,,,,,,
990000,198,0.0,0.76145339012146,-0.051731519401073456,-0.12002470344305038,0.14267799258232117,-0.009804539382457733,0.0,0.35409998893737793,0.017549999058246613,,,,,,,
995000,199,0.30000001192092896,0.7549041509628296,16.278898239135742,0.0936441719532013,32.376548767089844,0.005956243723630905,0.30000001192092896,0.38769999146461487,0.01489999983459711,,,,,,,
1000000,200,0.30000001192092896,0.7404018640518188,12.84763240814209,0.015508095733821392,25.6701717376709,0.004172595217823982,0.30000001192092896,0.3840999901294708,0.015149999409914017,,,,,,,
1005000,201,0.30000001192092896,0.7466897964477539,21.180606842041016,-0.022052204236388206,42.411293029785156,0.006807586643844843,0.30000001192092896,0.37629997730255127,0.01575000025331974,,,,,,,
1010000,202,0.20000000298023224,0.7499498128890991,16.8802490234375,0.05037366598844528,33.665748596191406,0.0030927821062505245,0.20000000298023224,0.3831000030040741,0.015049999579787254,,,,,,,
1015000,203,0.10000000149011612,0.7494969367980957,2.926995038986206,-0.08044245839118958,6.020871162414551,-0.005869924556463957,0.10000000149011612,0.377949982881546,0.015149999409914017,,,,,,,
1020000,204,0.20000000298023224,0.7427274584770203,12.881261825561523,0.043556056916713715,25.681352615356445,0.0016969884745776653,0.20000000298023224,0.39034998416900635,0.0139999995008111,,,,,,,
1025000,205,0.6000000238418579,0.7582601308822632,33.37299728393555,0.2965167164802551,66.15902709960938,0.019280027598142624,0.6000000238418579,0.3780999779701233,0.015149999409914017,,,,,,,
1030000,206,0.10000000149011612,0.7558120489120483,2.785202741622925,-0.08582554757595062,5.748103141784668,-0.005990125238895416,0.10000000149011612,0.36364999413490295,0.015699999406933784,,,,,,,
1035000,207,0.30000001192092896,0.7570644021034241,18.853649139404297,0.07093964517116547,37.571475982666016,0.0063303313218057156,0.30000001192092896,0.3847000002861023,0.015549999661743641,,,,,,,
1040000,208,0.4000000059604645,0.7431930303573608,28.524660110473633,0.30144697427749634,56.45237350463867,0.013573233969509602,0.4000000059604645,0.39694997668266296,0.015449999831616879,,,,,,,
1045000,209,0.30000001192092896,0.7646446824073792,17.61180305480957,0.11117129772901535,35.007381439208984,0.0066422512754797935,0.30000001192092896,0.3754499852657318,0.017549999058246613,,,,,,,
1050000,210,0.4000000059604645,0.7745096683502197,9.848003387451172,0.005942337214946747,19.690319061279297,0.004501729272305965,0.4000000059604645,0.38189998269081116,0.014499999582767487,,,,,,,
1055000,211,0.10000000149011612,0.7919583320617676,3.5486435890197754,-0.10147495567798615,7.306572914123535,-0.005620444193482399,0.10000000149011612,0.35749998688697815,0.015099999494850636,,,,,,,
1060000,212,0.20000000298023224,0.7975006103515625,13.537843704223633,-0.09379896521568298,27.269664764404297,0.0016849595122039318,0.20000000298023224,0.35420000553131104,0.015949999913573265,,,,,,,
1065000,213,0.10000000149011612,0.8128818869590759,2.1979448795318604,-0.1376023292541504,4.677597522735596,-0.006469522137194872,0.10000000149011612,0.34769999980926514,0.016049999743700027,,,,,,,
1070000,214,0.4000000059604645,0.7976768016815186,39.06569290161133,0.060086462646722794,78.01759338378906,0.014346703886985779,0.4000000059604645,0.3543500006198883,0.013399999588727951,,,,,,,
1075000,215,0.10000000149011612,0.8109352588653564,2.75811505317688,-0.12181474268436432,5.7663469314575195,-0.006101477891206741,0.10000000149011612,0.35349997878074646,0.01249999925494194,,,,,,,
1080000,216,0.4000000059604645,0.818581759929657,16.376895904541016,0.022929668426513672,32.714481353759766,0.008507409133017063,0.4000000059604645,0.3482999801635742,0.013899999670684338,,,,,,,
1085000,217,0.20000000298023224,0.8185672760009766,7.109312057495117,-0.013924057595431805,14.253021240234375,-0.0013493228470906615,0.20000000298023224,0.34424999356269836,0.014449999667704105,,,,,,,
1090000,218,0.10000000149011612,0.8280201554298401,4.210358619689941,-0.18681755661964417,8.800976753234863,-0.0052021574229002,0.10000000149011612,0.3409999907016754,0.015650000423192978,,,,,,,
1095000,219,0.10000000149011612,0.8227027654647827,3.3464536666870117,-0.14746832847595215,6.9944257736206055,-0.005693457089364529,0.10000000149011612,0.35420000553131104,0.01575000025331974,,,,,,,
1100000,220,0.800000011920929,0.8356968760490417,34.90959930419922,0.23286449909210205,69.36015319824219,0.02536037005484104,0.800000011920929,0.34549999237060547,0.01529999915510416,,,,,,,
1105000,221,0.10000000149011612,0.8153023719787598,2.5123562812805176,-0.12813253700733185,5.287499904632568,-0.0062938351184129715,0.10000000149011612,0.3463499844074249,0.014750000089406967,,,,,,,
1110000,222,0.0,0.8200267553329468,-0.0707414448261261,-0.14901256561279297,0.16310244798660278,-0.009981869719922543,0.0,0.3695499897003174,0.01484999991953373,,,,,,,
1115000,223,0.0,0.8033105731010437,-0.07818002253770828,-0.16444137692451477,0.17894919216632843,-0.009959411807358265,0.0,0.3750999867916107,0.01730000041425228,,,,,,,
1120000,224,0.0,0.8190256357192993,-0.04902581870555878,-0.16007182002067566,0.2286442220211029,-0.00993710570037365,0.0,0.3655499815940857,0.018449999392032623,,,,,,,
1125000,225,0.20000000298023224,0.8121265769004822,5.600692272186279,-0.02740834280848503,11.26269817352295,-0.0022152564488351345,0.20000000298023224,0.38019999861717224,0.015149999409914017,,,,,,,
1130000,226,0.10000000149011612,0.8058051466941833,4.752577781677246,-0.08604267239570618,9.683687210083008,-0.004858802538365126,0.10000000149011612,0.3894999921321869,0.015549999661743641,,,,,,,
1135000,227,0.20000000298023224,0.8192288875579834,9.596324920654297,0.16966676712036133,18.85987091064453,-0.00020405882969498634,0.20000000298023224,0.3658500015735626,0.01769999973475933,,,,,,,
1140000,228,0.20000000298023224,0.8020965456962585,5.432870864868164,-0.028456462547183037,10.929071426391602,-0.0023274351842701435,0.20000000298023224,0.39489999413490295,0.014299999922513962,,,,,,,
1145000,229,0.0,0.8028164505958557,0.012890107929706573,-0.06613541394472122,0.16447357833385468,-0.009895173832774162,0.0,0.40324997901916504,0.01850000023841858,,,,,,,
1150000,230,0.30000001192092896,0.8044627904891968,16.917888641357422,0.09053807705640793,33.661136627197266,0.0058940621092915535,0.30000001192092896,0.38589999079704285,0.016899999231100082,,,,,,,
1155000,231,0.10000000149011612,0.7878777980804443,6.085713863372803,-0.022570814937353134,12.222872734069824,-0.004234828986227512,0.10000000149011612,0.3919999897480011,0.016999999061226845,,,,,,,
1160000,232,0.20000000298023224,0.7887843251228333,11.90656566619873,0.07792448997497559,23.663593292236328,0.0012510993983596563,0.20000000298023224,0.39879998564720154,0.01850000023841858,,,,,,,
1165000,233,0.10000000149011612,0.7934643030166626,2.899602174758911,-0.016698628664016724,5.838949203491211,-0.005969741381704807,0.10000000149011612,0.39980000257492065,0.019199999049305916,,,,,,,
1170000,234,0.4000000059604645,0.8018408417701721,26.054906845092773,0.13576649129390717,51.844696044921875,0.013236425817012787,0.4000000059604645,0.39319998025894165,0.01769999973475933,,,,,,,
1175000,235,0.20000000298023224,0.8085818290710449,11.865169525146484,0.12586922943592072,23.485069274902344,0.0007287222542800009,0.20000000298023224,0.3935000002384186,0.020250000059604645,,,,,,,
1180000,236,0.0,0.7761881351470947,0.023162156343460083,-0.06129257008433342,0.17511895298957825,-0.00990191102027893,0.0,0.429749995470047,0.0182499997317791,,,,,,,
1185000,237,0.20000000298023224,0.7791789770126343,9.098641395568848,0.060219474136829376,18.08307647705078,-0.00012367744056973606,0.20000000298023224,0.40244999527931213,0.019500000402331352,,,,,,,
1190000,238,0.20000000298023224,0.7845933437347412,11.826943397521973,0.02524450048804283,23.60967445373535,0.0012836357345804572,0.20000000298023224,0.41564998030662537,0.020600000396370888,,,,,,,
1195000,239,0.10000000149011612,0.7698683142662048,11.486172676086426,0.13516739010810852,22.70816993713379,-0.002163403667509556,0.10000000149011612,0.43334999680519104,0.017799999564886093,,,,,,,
1200000,240,0.20000000298023224,0.767601490020752,10.067282676696777,0.09462888538837433,19.951448440551758,0.00039382933755405247,0.20000000298023224,0.4348999857902527,0.018649999052286148,,,,,,,
1205000,241,0.20000000298023224,0.7717738151550293,10.760293006896973,-0.07727637141942978,21.681312561035156,0.0008201095624826849,0.20000000298023224,0.4197499752044678,0.018799999728798866,,,,,,,
1210000,242,0.5,0.7772665023803711,36.669185638427734,0.16871990263462067,73.00714874267578,0.018086696043610573,0.5,0.42159998416900635,0.021399999037384987,,,,,,,
1215000,243,0.20000000298023224,0.761584997177124,8.53611946105957,0.03840557113289833,17.00152015686035,-0.0006387716275639832,0.20000000298023224,0.4448999762535095,0.020999999716877937,,,,,,,
1220000,244,0.30000001192092896,0.7600198984146118,19.39008140563965,0.0867173820734024,38.61280822753906,0.006899071391671896,0.30000001192092896,0.42489999532699585,0.02159999869763851,,,,,,,
1225000,245,0.10000000149011612,0.7534427642822266,2.4142887592315674,-0.11452441662549973,5.063653945922852,-0.006298435851931572,0.10000000149011612,0.44849997758865356,0.018950000405311584,,,,,,,
1230000,246,0.20000000298023224,0.7656612396240234,10.308871269226074,-0.04562728852033615,20.71512222290039,0.0004355605924502015,0.20000000298023224,0.43484997749328613,0.02264999970793724,,,,,,,
1235000,247,0.20000000298023224,0.7717626690864563,12.612221717834473,-0.0035481154918670654,25.237712860107422,0.0011437808861956,0.20000000298023224,0.432699978351593,0.02345000021159649,,,,,,,
1240000,248,0.5,0.7360073328018188,34.867103576660156,0.20151293277740479,69.33706665039062,0.01634363830089569,0.5,0.4748999774456024,0.020250000059604645,,,,,,,
1245000,249,0.20000000298023224,0.7643599510192871,6.406321048736572,-0.0373542383313179,12.893465042114258,-0.0017153964145109057,0.20000000298023224,0.4344500005245209,0.023099999874830246,,,,,,,
1250000,250,0.20000000298023224,0.7599601149559021,8.647622108459473,0.03174595534801483,17.237831115722656,-0.0004934138851240277,0.20000000298023224,0.45350000262260437,0.021649999544024467,,,,,,,
1255000,251,0.20000000298023224,0.7582701444625854,7.3929924964904785,-0.11108406633138657,15.014219284057617,-0.001116256695240736,0.20000000298023224,0.45239999890327454,0.02159999869763851,,,,,,,
1260000,252,0.10000000149011612,0.761685311794281,2.752650260925293,-0.15049436688423157,5.812382698059082,-0.0060935546644032,0.10000000149011612,0.4490499794483185,0.02355000004172325,,,,,,,
1265000,253,0.10000000149011612,0.7611585855484009,3.1163105964660645,-0.15913228690624237,6.5569748878479,-0.0058678570203483105,0.10000000149011612,0.43484997749328613,0.020349999889731407,,,,,,,
1270000,254,0.10000000149011612,0.7837487459182739,5.3578925132751465,-0.16010555624961853,11.042265892028809,-0.004578270949423313,0.10000000149011612,0.42669999599456787,0.020749999210238457,,,,,,,
1275000,255,0.10000000149011612,0.7749757766723633,4.267542362213135,-0.13633222877979279,8.813948631286621,-0.005166422110050917,0.10000000149011612,0.446399986743927,0.023249998688697815,,,,,,,
1280000,256,0.10000000149011612,0.8044798374176025,5.407151699066162,-0.13786421716213226,11.096467971801758,-0.004536390770226717,0.10000000149011612,0.42514997720718384,0.024650000035762787,,,,,,,
1285000,257,0.4000000059604645,0.8302430510520935,17.664993286132812,-0.019418518990278244,35.375465393066406,0.00914534367620945,0.4000000059604645,0.3840000033378601,0.026599999517202377,,,,,,,
1290000,258,0.10000000149011612,0.8316264152526855,2.431657075881958,-0.11094209551811218,5.091851234436035,-0.006269928999245167,0.10000000149011612,0.38279998302459717,0.024899998679757118,,,,,,,
1295000,259,0.20000000298023224,0.8065420389175415,7.9080986976623535,-0.03657247871160507,15.895794868469238,-0.0007641719421371818,0.20000000298023224,0.39704999327659607,0.0239499993622303,,,,,,,
1300000,260,0.10000000149011612,0.8185485601425171,4.305485725402832,-0.10560429096221924,8.828728675842285,-0.005111645441502333,0.10000000149011612,0.3831000030040741,0.024650000035762787,,,,,,,
1305000,261,0.30000001192092896,0.8226726055145264,15.64892864227295,0.08721978962421417,31.1299991607666,0.00539488485082984,0.30000001192092896,0.3625999987125397,0.02554999850690365,,,,,,,
1310000,262,0.4000000059604645,0.8184455633163452,19.516836166381836,0.14499598741531372,38.75022888183594,0.010329928249120712,0.4000000059604645,0.37164998054504395,0.024149999022483826,,,,,,,
1315000,263,0.20000000298023224,0.8182857632637024,12.13263988494873,0.007407594472169876,24.25701141357422,-0.0015055135590955615,0.20000000298023224,0.35349997878074646,0.025699999183416367,,,,,,,
1320000,264,0.30000001192092896,0.7966934442520142,14.4602689743042,0.012759748846292496,28.901391983032227,0.004636291414499283,0.30000001192092896,0.36059999465942383,0.02304999902844429,,,,,,,
1325000,265,0.20000000298023224,0.8098862171173096,8.707634925842285,0.012532992288470268,17.396682739257812,-0.0003756755613721907,0.20000000298023224,0.3637999892234802,0.022949999198317528,,,,,,,
1330000,266,0.30000001192092896,0.800558865070343,15.717838287353516,0.100465327501297,31.24114990234375,0.005751908756792545,0.30000001192092896,0.35705000162124634,0.02329999953508377,,,,,,,
1335000,267,0.10000000149011612,0.7856042385101318,2.6188716888427734,-0.04466603696346283,5.333360195159912,-0.006235209293663502,0.10000000149011612,0.37485000491142273,0.022699998691678047,,,,,,,
1340000,268,0.800000011920929,0.7590316534042358,38.476097106933594,0.24257564544677734,76.47311401367188,0.02706863358616829,0.800000011920929,0.38189998269081116,0.02214999869465828,,,,,,,
1345000,269,0.5,0.7550506591796875,24.26643943786621,0.2324191927909851,48.07408142089844,0.014975063502788544,0.5,0.39569997787475586,0.01834999956190586,,,,,,,
1350000,270,0.0,0.7864199876785278,-0.017184756696224213,-0.11469177156686783,0.20130538940429688,-0.010023301467299461,0.0,0.3937999904155731,0.019349999725818634,,,,,,,
1355000,271,0.20000000298023224,0.7991178035736084,5.433878421783447,-0.05585528537631035,10.985860824584961,-0.0023443889804184437,0.20000000298023224,0.38029998540878296,0.021649999544024467,,,,,,,
1360000,272,0.20000000298023224,0.7835983037948608,8.984419822692871,-0.013467913493514061,18.002044677734375,-0.0005019903182983398,0.20000000298023224,0.4152999818325043,0.019099999219179153,,,,,,,
1365000,273,0.20000000298023224,0.7862979173660278,11.489240646362305,-0.05572151020169258,23.096214294433594,0.0005767428083345294,0.20000000298023224,0.39675000309944153,0.020549999549984932,,,,,,,
1370000,274,0.30000001192092896,0.783404529094696,11.075580596923828,0.0631314069032669,22.031166076660156,0.003025940852239728,0.30000001192092896,0.41314998269081116,0.01939999870955944,,,,,,,
1375000,275,0.20000000298023224,0.772943377494812,10.524260520935059,-0.033021505922079086,21.12074851989746,0.00015438652189914137,0.20000000298023224,0.4148999750614166,0.01979999989271164,,,,,,,
1380000,276,0.10000000149011612,0.7912554144859314,6.4094014167785645,-0.14684240520000458,13.118817329406738,-0.0041399020701646805,0.10000000149011612,0.4010999798774719,0.02159999869763851,,,,,,,
1385000,277,0.10000000149011612,0.7947324514389038,2.9203243255615234,-0.11798380315303802,6.082973957061768,-0.006046469788998365,0.10000000149011612,0.4256500005722046,0.019600000232458115,,,,,,,
1390000,278,0.10000000149011612,0.7686866521835327,2.7360329627990723,-0.01766986772418022,5.51355504989624,-0.006193021312355995,0.10000000149011612,0.43849998712539673,0.01979999989271164,,,,,,,
1395000,279,0.4000000059604645,0.7734565138816833,24.708703994750977,0.14478172361850739,49.134033203125,0.012509557418525219,0.4000000059604645,0.4426499903202057,0.018649999052286148,,,,,,,
1400000,280,0.0,0.7846732139587402,-0.06139301508665085,-0.16539964079856873,0.21429063379764557,-0.010003031231462955,0.0,0.4327999949455261,0.018199998885393143,,,,,,,
1405000,281,0.6000000238418579,0.8025783896446228,26.63412094116211,0.1561349630355835,52.9623908996582,0.018645532429218292,0.6000000238418579,0.42594999074935913,0.019349999725818634,,,,,,,
1410000,282,0.30000001192092896,0.8233566880226135,12.580562591552734,0.115359365940094,24.936992645263672,0.003929004073143005,0.30000001192092896,0.3878999948501587,0.021150000393390656,,,,,,,
1415000,283,0.10000000149011612,0.8119608759880066,5.481834411621094,-0.08416341245174408,11.1384916305542,-0.004605660680681467,0.10000000149011612,0.4244000017642975,0.021199999377131462,,,,,,,
1420000,284,0.30000001192092896,0.8225021362304688,13.1712646484375,0.06202542409300804,26.22505760192871,0.002002962399274111,0.30000001192092896,0.3908499777317047,0.021549999713897705,,,,,,,
1425000,285,0.10000000149011612,0.8271722793579102,2.252030849456787,-0.16004455089569092,4.83076810836792,-0.006465761456638575,0.10000000149011612,0.40639999508857727,0.019199999049305916,,,,,,,
1430000,286,0.4000000059604645,0.8453963994979858,17.314525604248047,0.07276807725429535,34.49027633666992,0.009008366614580154,0.4000000059604645,0.3813999891281128,0.021299999207258224,,,,,,,
1435000,287,0.10000000149011612,0.8538803458213806,7.518561363220215,-0.00566834956407547,15.055290222167969,-0.003726667258888483,0.10000000149011612,0.385699987411499,0.021399999037384987,,,,,,,
1440000,288,0.30000001192092896,0.8657393455505371,17.18198585510254,0.05711912736296654,34.25666046142578,0.006265390198677778,0.30000001192092896,0.39544999599456787,0.022299999371170998,,,,,,,
1445000,289,0.30000001192092896,0.8678818941116333,9.551467895507812,-0.04709812253713608,19.20407485961914,0.002362761879339814,0.30000001192092896,0.3718000054359436,0.0210999995470047,,,,,,,
1450000,290,0.10000000149011612,0.9007418751716614,2.438387870788574,-0.11088406294584274,5.105749607086182,-0.006378324702382088,0.10000000149011612,0.3527999818325043,0.020349999889731407,,,,,,,
1455000,291,0.6000000238418579,0.9093886017799377,23.1674747467041,0.18538060784339905,45.97146224975586,0.016890399158000946,0.6000000238418579,0.3382999897003174,0.022249998524785042,,,,,,,
1460000,292,0.6000000238418579,0.9147423505783081,20.927316665649414,0.09915471076965332,41.66364288330078,0.0156931821256876,0.6000000238418579,0.328249990940094,0.020999999716877937,,,,,,,
1465000,293,0.10000000149011612,0.9500827193260193,4.782107830047607,-0.1505586951971054,9.872933387756348,-0.004973872099071741,0.10000000149011612,0.305649995803833,0.022699998691678047,,,,,,,
1470000,294,0.6000000238418579,0.9439579248428345,23.57596206665039,0.20439092814922333,46.750694274902344,0.01708771288394928,0.6000000238418579,0.3169499933719635,0.02214999869465828,,,,,,,
1475000,295,0.20000000298023224,0.9402658939361572,8.82809066772461,0.02884441614151001,17.606014251708984,-0.0004892486613243818,0.20000000298023224,0.31039997935295105,0.01924999989569187,,,,,,,
1480000,296,0.30000001192092896,0.962904691696167,10.686707496643066,-0.09506701678037643,21.571252822875977,0.002992285182699561,0.30000001192092896,0.2534500062465668,0.021049998700618744,,,,,,,
1485000,297,0.10000000149011612,0.9682084321975708,13.90127182006836,-0.14811553061008453,28.10651969909668,-0.0015227950643748045,0.10000000149011612,0.26034998893737793,0.021949999034404755,,,,,,,
1490000,298,0.20000000298023224,0.9606841206550598,6.845091342926025,-0.13391739130020142,13.965703010559082,-0.0015030627837404609,0.20000000298023224,0.2525999844074249,0.021699998527765274,,,,,,,
1495000,299,0.9000000357627869,0.9581794738769531,41.110313415527344,0.38694334030151367,81.45440673828125,0.03359418362379074,0.9000000357627869,0.251800000667572,0.022099999710917473,,,,,,,
1500000,300,0.4000000059604645,0.9658856391906738,14.944355010986328,-0.059380367398262024,30.01519775390625,0.007654478307813406,0.4000000059604645,0.2442999929189682,0.020150000229477882,,,,,,,
1505000,301,0.30000001192092896,0.9486467838287354,10.587791442871094,0.02811925858259201,21.126934051513672,0.0028825164772570133,0.30000001192092896,0.243599995970726,0.020999999716877937,,,,,,,
1510000,302,0.20000000298023224,0.9427356719970703,6.980992794036865,-0.15671871602535248,14.282964706420898,-0.0015255225589498878,0.20000000298023224,0.23514999449253082,0.020250000059604645,,,,,,,
1515000,303,0.4000000059604645,0.9457476735115051,12.674111366271973,-0.059596046805381775,25.4749813079834,0.006163123995065689,0.4000000059604645,0.21619999408721924,0.022099999710917473,,,,,,,
1520000,304,0.10000000149011612,0.9121001958847046,2.4509997367858887,-0.20044349133968353,5.310183048248291,-0.006449456792324781,0.10000000149011612,0.21124999225139618,0.020150000229477882,,,,,,,
1525000,305,0.10000000149011612,0.9150689840316772,3.9347047805786133,-0.15632489323616028,8.189379692077637,-0.005589647684246302,0.10000000149011612,0.20604999363422394,0.020999999716877937,,,,,,,
1530000,306,0.20000000298023224,0.9226541519165039,10.290517807006836,-0.0004213601350784302,20.58926010131836,-9.92355344351381e-05,0.20000000298023224,0.19254998862743378,0.022749999538064003,,,,,,,
1535000,307,0.4000000059604645,0.9219889044761658,25.652681350708008,0.19036903977394104,50.93199920654297,0.012438262812793255,0.4000000059604645,0.19314999878406525,0.023899998515844345,,,,,,,
1540000,308,0.20000000298023224,0.9135468006134033,5.283665657043457,-0.14431463181972504,10.863268852233887,-0.0024970488157123327,0.20000000298023224,0.1975499987602234,0.022749999538064003,,,,,,,
1545000,309,0.20000000298023224,0.8953983783721924,8.20119571685791,0.03144441545009613,16.34666633605957,-0.0008916629594750702,0.20000000298023224,0.20764999091625214,0.021250000223517418,,,,,,,
1550000,310,0.20000000298023224,0.9125663638114929,10.513858795166016,0.05157163739204407,20.931875228881836,-5.8459470892557874e-05,0.20000000298023224,0.2125999927520752,0.023799998685717583,,,,,,,
1555000,311,0.20000000298023224,0.8855360150337219,12.155033111572266,-0.10435236245393753,24.525856018066406,-0.0017065013526007533,0.20000000298023224,0.21869999170303345,0.023149998858571053,,,,,,,
1560000,312,0.20000000298023224,0.9190190434455872,9.853775024414062,-0.048799414187669754,19.812501907348633,-0.00023652038362342864,0.20000000298023224,0.22299998998641968,0.026599999517202377,,,,,,,
1565000,313,0.20000000298023224,0.9088818430900574,6.766114711761475,-0.08898668736219406,13.717473983764648,-0.0017047789879143238,0.20000000298023224,0.22899998724460602,0.025699999183416367,,,,,,,
1570000,314,0.30000001192092896,0.9136048555374146,16.140666961669922,0.026246674358844757,32.236148834228516,0.0030775978229939938,0.30000001192092896,0.22190000116825104,0.026200000196695328,,,,,,,
1575000,315,0.10000000149011612,0.919554591178894,3.321485996246338,-0.10113225877285004,6.852592945098877,-0.005966706667095423,0.10000000149011612,0.23204998672008514,0.028549998998641968,,,,,,,
1580000,316,0.30000001192092896,0.9141427874565125,22.184024810791016,0.21496263146400452,43.945438385009766,0.005299036856740713,0.30000001192092896,0.2458999902009964,0.028749998658895493,,,,,,,
1585000,317,0.20000000298023224,0.92231684923172,16.553449630737305,0.16396233439445496,32.786354064941406,-0.0003876624978147447,0.20000000298023224,0.2532999813556671,0.027649998664855957,,,,,,,
1590000,318,0.30000001192092896,0.9242204427719116,11.124135971069336,0.0881216824054718,22.079421997070312,0.003005079459398985,0.30000001192092896,0.21439999341964722,0.0284000001847744,,,,,,,
1595000,319,0.30000001192092896,0.9350203275680542,12.716571807861328,0.03319351375102997,25.374237060546875,0.0036685485392808914,0.30000001192092896,0.23249998688697815,0.03114999830722809,,,,,,,
1600000,320,0.30000001192092896,0.9432971477508545,16.588924407958984,0.15228018164634705,32.880836486816406,0.005564936902374029,0.30000001192092896,0.22859999537467957,0.027499999850988388,,,,,,,
1605000,321,0.4000000059604645,0.9553598165512085,21.03255271911621,0.20877286791801453,41.65520095825195,0.010477547533810139,0.4000000059604645,0.2409999966621399,0.030049998313188553,,,,,,,
1610000,322,0.20000000298023224,0.9528651237487793,9.8169527053833,0.02105829492211342,19.599411010742188,-0.0003524906060192734,0.20000000298023224,0.22894999384880066,0.02905000001192093,,,,,,,
1615000,323,0.0,0.9670669436454773,-0.041899725794792175,-0.1846899688243866,0.2933170199394226,-0.01022462546825409,0.0,0.2332499921321869,0.02709999866783619,,,,,,,
1620000,324,0.10000000149011612,0.9749199151992798,5.764065265655518,-0.11461248248815536,11.765154838562012,-0.0046341135166585445,0.10000000149011612,0.22224999964237213,0.028449999168515205,,,,,,,
1625000,325,0.20000000298023224,0.9744749665260315,6.3854498863220215,-0.10010626912117004,12.97890853881836,-0.001960230991244316,0.20000000298023224,0.2313999980688095,0.02774999849498272,,,,,,,
1630000,326,0.6000000238418579,0.9738264083862305,23.669584274291992,0.30938631296157837,46.728187561035156,0.017039764672517776,0.6000000238418579,0.2243499904870987,0.025699999183416367,,,,,,,
1635000,327,0.10000000149011612,0.9738801717758179,5.3676276206970215,-0.13478273153305054,11.012611389160156,-0.004823755472898483,0.10000000149011612,0.22349999845027924,0.023499999195337296,,,,,,,
1640000,328,0.10000000149011612,0.9504022598266602,4.437646865844727,-0.19381099939346313,9.270519256591797,-0.005319300107657909,0.10000000149011612,0.22374999523162842,0.023099999874830246,,,,,,,
1645000,329,0.0,0.9723931550979614,-0.06700359284877777,-0.20275220274925232,0.27927637100219727,-0.010210607200860977,0.0,0.22849999368190765,0.023349998518824577,,,,,,,
1650000,330,0.10000000149011612,0.9596058130264282,3.9724338054656982,-0.08390796184539795,8.120360374450684,-0.005541875958442688,0.10000000149011612,0.22704999148845673,0.020749999210238457,,,,,,,
1655000,331,0.4000000059604645,0.9189566373825073,19.09990692138672,0.17594315111637115,37.85527801513672,0.00978698581457138,0.4000000059604645,0.21414999663829803,0.02449999935925007,,,,,,,
1660000,332,0.10000000149011612,0.9376931190490723,2.1115078926086426,-0.1533973515033722,4.537312030792236,-0.006717401556670666,0.10000000149011612,0.21044999361038208,0.022099999710917473,,,,,,,
1665000,333,0.30000001192092896,0.9295825958251953,14.108798027038574,0.09283784031867981,28.039356231689453,0.004606585018336773,0.30000001192092896,0.22659999132156372,0.022699998691678047,,,,,,,
1670000,334,0.30000001192092896,0.9501426219940186,16.369491577148438,0.16531015932559967,32.41596221923828,0.005963601171970367,0.30000001192092896,0.2171499878168106,0.020250000059604645,,,,,,,
1675000,335,0.4000000059604645,0.9083927273750305,15.57144546508789,0.13137421011924744,30.887409210205078,0.008109446614980698,0.4000000059604645,0.2255999892950058,0.02029999904334545,,,,,,,
1680000,336,0.30000001192092896,0.9077703952789307,10.115928649902344,-0.0299870353192091,20.29909324645996,0.0025617715436965227,0.30000001192092896,0.24619999527931213,0.017349999397993088,,,,,,,
1685000,337,0.10000000149011612,0.934390127658844,5.279875755310059,-0.048051442950963974,10.663329124450684,-0.004938461352139711,0.10000000149011612,0.24764999747276306,0.016449999064207077,,,,,,,
1690000,338,0.30000001192092896,0.940345287322998,13.31984806060791,0.08319893479347229,26.48082160949707,0.00432389322668314,0.30000001192092896,0.250900000333786,0.015699999406933784,,,,,,,
1695000,339,0.30000001192092896,0.9441968202590942,12.87238597869873,-0.031939491629600525,25.816204071044922,0.003852365305647254,0.30000001192092896,0.2680000066757202,0.01719999872148037,,,,,,,
1700000,340,0.10000000149011612,0.9408700466156006,4.990868091583252,-0.14562833309173584,10.280519485473633,-0.00508820079267025,0.10000000149011612,0.26269999146461487,0.015699999406933784,,,,,,,
1705000,341,0.30000001192092896,0.9173075556755066,16.656524658203125,0.1769893765449524,32.966407775878906,0.0060314033180475235,0.30000001192092896,0.2757999897003174,0.016599999740719795,,,,,,,
1710000,342,0.4000000059604645,0.9276376962661743,14.578977584838867,0.021292509511113167,29.122791290283203,0.007359347306191921,0.4000000059604645,0.29409998655319214,0.015850000083446503,,,,,,,
1715000,343,0.10000000149011612,0.9433106780052185,3.179227590560913,-0.11760440468788147,6.601210594177246,-0.006106286775320768,0.10000000149011612,0.2911999821662903,0.013549999333918095,,,,,,,
1720000,344,0.4000000059604645,0.9524065852165222,13.514349937438965,0.03142351657152176,26.973472595214844,0.006581252906471491,0.4000000059604645,0.303849995136261,0.015549999661743641,,,,,,,
1725000,345,0.6000000238418579,0.9335823059082031,35.435482025146484,0.32288768887519836,70.23265838623047,0.022242622449994087,0.6000000238418579,0.30535000562667847,0.01464999932795763,,,,,,,
1730000,346,0.30000001192092896,0.9242773056030273,11.33542251586914,-0.008965104818344116,22.696168899536133,0.0033378738444298506,0.30000001192092896,0.31984999775886536,0.015399999916553497,,,,,,,
1735000,347,0.30000001192092896,0.9147155284881592,9.989608764648438,-0.11161938309669495,20.209774017333984,0.0025133038870990276,0.30000001192092896,0.32409998774528503,0.012899999506771564,,,,,,,
1740000,348,0.30000001192092896,0.9250127077102661,19.606121063232422,-0.04853839427232742,39.31671905517578,0.007161790505051613,0.30000001192092896,0.3171499967575073,0.014349999837577343,,,,,,,
1745000,349,0.20000000298023224,0.9131377935409546,10.025789260864258,-0.03854558616876602,20.135974884033203,-0.00020659751316998154,0.20000000298023224,0.35359999537467957,0.012349999509751797,,,,,,,
1750000,350,0.5,0.9126681685447693,20.923500061035156,0.0032681897282600403,41.8477668762207,0.013427519239485264,0.5,0.3409000039100647,0.013650000095367432,,,,,,,
1755000,351,0.5,0.8952645063400269,19.22246742248535,-0.07255452126264572,38.597206115722656,0.012254963628947735,0.5,0.3520999848842621,0.012299999594688416,,,,,,,
1760000,352,0.5,0.8898113965988159,25.039905548095703,0.1312456876039505,49.824440002441406,0.015567555092275143,0.5,0.33219999074935913,0.012999999336898327,,,,,,,
1765000,353,0.0,0.881271481513977,-0.05338963866233826,-0.2598113715648651,0.41989362239837646,-0.010358835570514202,0.0,0.35569998621940613,0.012899999506771564,,,,,,,
1770000,354,0.10000000149011612,0.8774967193603516,3.4387969970703125,-0.22773513197898865,7.340084075927734,-0.005969526711851358,0.10000000149011612,0.34584999084472656,0.013899999670684338,,,,,,,
1775000,355,0.10000000149011612,0.8556640148162842,2.9983601570129395,-0.11821296811103821,6.239991664886475,-0.006287888158112764,0.10000000149011612,0.35554999113082886,0.010499999858438969,,,,,,,
1780000,356,0.30000001192092896,0.8408699035644531,15.546889305114746,0.05796780437231064,30.984569549560547,0.0052040149457752705,0.30000001192092896,0.3375000059604645,0.009949999861419201,,,,,,,
1785000,357,0.20000000298023224,0.8406245708465576,10.356796264648438,-0.06462767720222473,20.849573135375977,0.00015227279800456017,0.20000000298023224,0.3793499767780304,0.01054999977350235,,,,,,,
1790000,358,0.10000000149011612,0.8314880728721619,3.3260498046875,-0.14426429569721222,6.947279930114746,-0.0061156051233410835,0.10000000149011612,0.3935000002384186,0.012899999506771564,,,,,,,
1795000,359,0.0,0.8222545981407166,0.009047836065292358,-0.18732404708862305,0.3993217945098877,-0.010326775722205639,0.0,0.3769499957561493,0.011749999597668648,,,,,,,
1800000,360,0.4000000059604645,0.8105249404907227,15.47155475616455,0.046938735991716385,30.855716705322266,0.0076413946226239204,0.4000000059604645,0.39184999465942383,0.010499999858438969,,,,,,,
1805000,361,0.4000000059604645,0.7971017360687256,19.515827178955078,0.16120076179504395,38.71562957763672,0.009684058837592602,0.4000000059604645,0.39079999923706055,0.012349999509751797,,,,,,,
1810000,362,0.4000000059604645,0.8145432472229004,17.377056121826172,0.14351370930671692,34.473602294921875,0.008880747482180595,0.4000000059604645,0.3948499858379364,0.011299999430775642,,,,,,,
1815000,363,0.20000000298023224,0.811154842376709,11.66208553314209,0.0843982994556427,23.161863327026367,0.0007944221142679453,0.20000000298023224,0.41724997758865356,0.014049999415874481,,,,,,,
1820000,364,0.10000000149011612,0.777448832988739,3.9675893783569336,-0.06893226504325867,8.079262733459473,-0.005702812224626541,0.10000000149011612,0.4549499750137329,0.010699999518692493,,,,,,,
1825000,365,0.5,0.7733927369117737,25.73171043395996,0.11244034767150879,51.244728088378906,0.015758682042360306,0.5,0.4647499918937683,0.011899999342858791,,,,,,,
1830000,366,0.10000000149011612,0.7707169651985168,3.3269333839416504,-0.10251477360725403,6.865062236785889,-0.006181704346090555,0.10000000149011612,0.4360499978065491,0.00930000003427267,,,,,,,
1835000,367,0.699999988079071,0.7737053632736206,33.88721466064453,0.12166640162467957,67.53728485107422,0.021390268579125404,0.699999988079071,0.4320499897003174,0.011149999685585499,,,,,,,
1840000,368,0.20000000298023224,0.7722413539886475,7.366978645324707,-0.07734387367963791,14.89482307434082,-0.0014040987007319927,0.20000000298023224,0.4726499915122986,0.011049999855458736,,,,,,,
1845000,369,0.4000000059604645,0.7489573955535889,17.682559967041016,0.058503344655036926,35.25410461425781,0.008796947076916695,0.4000000059604645,0.48729997873306274,0.009599999524652958,,,,,,,
1850000,370,0.20000000298023224,0.7624068260192871,9.579602241516113,0.05781364440917969,19.0496768951416,-0.0002603011962492019,0.20000000298023224,0.4694499969482422,0.008899999782443047,,,,,,,
1855000,371,0.4000000059604645,0.7713786959648132,20.138521194458008,0.08871713280677795,40.105777740478516,0.010128355585038662,0.4000000059604645,0.4512999951839447,0.010900000110268593,,,,,,,
1860000,372,0.10000000149011612,0.7671594619750977,2.457653045654297,-0.1562710702419281,5.233985424041748,-0.0066665783524513245,0.10000000149011612,0.45229998230934143,0.009949999861419201,,,,,,,
1865000,373,0.20000000298023224,0.7592540979385376,5.417693138122559,-0.07819459587335587,10.997849464416504,-0.0025911538396030664,0.20000000298023224,0.4655499756336212,0.009800000116229057,,,,,,,
1870000,374,0.10000000149011612,0.7595385313034058,2.7204596996307373,-0.16419342160224915,5.7753825187683105,-0.006520095746964216,0.10000000149011612,0.4522499740123749,0.009800000116229057,,,,,,,
1875000,375,0.5,0.7779377102851868,25.27779769897461,0.03471016511321068,50.49239730834961,0.015164925716817379,0.5,0.4348999857902527,0.009349999949336052,,,,,,,
1880000,376,0.4000000059604645,0.7802950739860535,19.302690505981445,-0.023127667605876923,38.65787887573242,0.009924073703587055,0.4000000059604645,0.435699999332428,0.009850000031292439,,,,,,,
1885000,377,0.30000001192092896,0.7735103368759155,13.715544700622559,-0.06663192808628082,27.570541381835938,0.004222273360937834,0.30000001192092896,0.4415999948978424,0.008449999615550041,,,,,,,
1890000,378,0.20000000298023224,0.7666326761245728,5.412946701049805,-0.10941463708877563,11.05085563659668,-0.00270463596098125,0.20000000298023224,0.4462999999523163,0.008249999955296516,,,,,,,
1895000,379,0.30000001192092896,0.7773093581199646,12.670941352844238,-0.0657356008887291,25.479572296142578,0.003929773811250925,0.30000001192092896,0.4341999888420105,0.007949999533593655,,,,,,,
1900000,380,0.5,0.7656471729278564,19.183765411376953,0.09009066969156265,38.19347381591797,0.012001533061265945,0.5,0.4343999922275543,0.009399999864399433,,,,,,,
1905000,381,0.20000000298023224,0.7811791300773621,8.921221733093262,-0.05263365060091019,17.953960418701172,-0.0007601818069815636,0.20000000298023224,0.4202499985694885,0.009200000204145908,,,,,,,
1910000,382,0.10000000149011612,0.7835026979446411,4.513533592224121,-0.17438024282455444,9.382095336914062,-0.005444630980491638,0.10000000149011612,0.4188999831676483,0.009499999694526196,,,,,,,
1915000,383,0.30000001192092896,0.7820504307746887,15.531368255615234,-0.09410443902015686,31.2572021484375,0.00525334058329463,0.30000001192092896,0.4098999798297882,0.008449999615550041,,,,,,,
1920000,384,0.30000001192092896,0.7900230884552002,14.290419578552246,-0.06496013700962067,28.717079162597656,0.004811652470380068,0.30000001192092896,0.39640000462532043,0.009549999609589577,,,,,,,
1925000,385,0.5,0.7791056632995605,14.88703727722168,0.01768435537815094,29.744937896728516,0.009820900857448578,0.5,0.40389999747276306,0.008200000040233135,,,,,,,
1930000,386,0.5,0.7964838743209839,41.13545608520508,0.16419941186904907,81.94888305664062,0.018138976767659187,0.5,0.37834998965263367,0.008700000122189522,,,,,,,
1935000,387,0.4000000059604645,0.7802001237869263,15.54175853729248,-0.033410608768463135,31.156579971313477,0.007950914092361927,0.4000000059604645,0.40619999170303345,0.006850000005215406,,,,,,,
1940000,388,0.4000000059604645,0.7832586765289307,28.434162139892578,-0.10401016473770142,57.082611083984375,0.010574979707598686,0.4000000059604645,0.3723999857902527,0.008750000037252903,,,,,,,
1945000,389,0.5,0.7694967985153198,18.847518920898438,0.13126182556152344,37.43867111206055,0.011949719861149788,0.5,0.3780999779701233,0.006799999624490738,,,,,,,
1950000,390,0.30000001192092896,0.7718393802642822,14.643975257873535,0.2703883945941925,28.75334930419922,0.004426063038408756,0.30000001192092896,0.36249998211860657,0.007499999832361937,,,,,,,
1955000,391,0.6000000238418579,0.7676392197608948,30.07671546936035,0.16588622331619263,59.82780075073242,0.020626386627554893,0.6000000238418579,0.3671000003814697,0.007599999662488699,,,,,,,
1960000,392,0.4000000059604645,0.7684124708175659,11.234355926513672,-0.04972238838672638,22.574304580688477,0.005274207331240177,0.4000000059604645,0.3478499948978424,0.008700000122189522,,,,,,,
1965000,393,0.4000000059604645,0.7636370658874512,23.334436416625977,0.25227534770965576,46.170433044433594,0.008639167994260788,0.4000000059604645,0.3686999976634979,0.007549999747425318,,,,,,,
1970000,394,0.10000000149011612,0.7860792875289917,5.217813014984131,-0.20408056676387787,10.850075721740723,-0.005213659256696701,0.10000000149011612,0.36354997754096985,0.00904999952763319,,,,,,,
1975000,395,0.20000000298023224,0.8051832914352417,7.386094570159912,-0.1482779085636139,15.075186729431152,-0.0015931464731693268,0.20000000298023224,0.335099995136261,0.008549999445676804,,,,,,,
1980000,396,0.4000000059604645,0.8153213262557983,19.807416915893555,0.06548455357551575,39.490386962890625,0.009874703362584114,0.4000000059604645,0.35510000586509705,0.009149999357759953,,,,,,,
1985000,397,0.30000001192092896,0.7882286310195923,11.799983024597168,-0.17153425514698029,23.9493408203125,0.00335740321315825,0.30000001192092896,0.3703500032424927,0.0072999997064471245,,,,,,,
1990000,398,0.20000000298023224,0.8399431109428406,6.8164167404174805,-0.07599740475416183,13.791547775268555,-0.0019798525609076023,0.20000000298023224,0.34584999084472656,0.009750000201165676,,,,,,,
1995000,399,0.20000000298023224,0.8538178205490112,8.616336822509766,-0.10261255502700806,17.44472885131836,-0.0009604949736967683,0.20000000298023224,0.3274499773979187,0.008999999612569809,,,,,,,
2000000,400,0.6000000238418579,0.8589004278182983,42.69716262817383,0.15971970558166504,85.08175659179688,0.020844219252467155,0.6000000238418579,0.335349977016449,0.00930000003427267,,,,,,,
2005000,401,0.20000000298023224,0.8637394905090332,8.763776779174805,-0.0840657651424408,17.702594757080078,-0.0010177700314670801,0.20000000298023224,0.3314499855041504,0.00989999994635582,,,,,,,
2010000,402,0.4000000059604645,0.860506534576416,13.435927391052246,-0.036281950771808624,26.951303482055664,0.00661897100508213,0.4000000059604645,0.345550000667572,0.009449999779462814,,,,,,,
2015000,403,0.20000000298023224,0.8743911981582642,19.773664474487305,-0.09486166387796402,39.744049072265625,0.0001003925281111151,0.20000000298023224,0.33754998445510864,0.00930000003427267,,,,,,,
2020000,404,0.5,0.8639247417449951,27.98773956298828,0.028129424899816513,55.92613220214844,0.013288957066833973,0.5,0.35740000009536743,0.008849999867379665,,,,,,,
2025000,405,0.10000000149011612,0.8662981986999512,2.4847750663757324,-0.17362993955612183,5.323740482330322,-0.006844743154942989,0.10000000149011612,0.3422499895095825,0.00969999935477972,,,,,,,
2030000,406,0.699999988079071,0.8583884239196777,40.67094039916992,0.19857235252857208,80.95160675048828,0.02460332028567791,0.699999988079071,0.341949999332428,0.009549999609589577,,,,,,,
2035000,407,0.20000000298023224,0.8524492979049683,11.006622314453125,-0.11297908425331116,22.246023178100586,0.00026352537679485977,0.20000000298023224,0.35854998230934143,0.008799999952316284,,,,,,,
2040000,408,0.0,0.8471515774726868,0.05211387574672699,-0.19914470613002777,0.5092943906784058,-0.010664371773600578,0.0,0.344650000333786,0.009349999949336052,,,,,,,
2045000,409,0.30000001192092896,0.8419368267059326,15.698945045471191,0.10974380373954773,31.185138702392578,0.005050691310316324,0.30000001192092896,0.3094500005245209,0.010649999603629112,,,,,,,
2050000,410,0.4000000059604645,0.837890088558197,17.674793243408203,-0.0033088549971580505,35.36290740966797,0.008961264975368977,0.4000000059604645,0.35154998302459717,0.009149999357759953,,,,,,,
2055000,411,0.0,0.8449345827102661,0.10947653651237488,-0.18206095695495605,0.589834451675415,-0.010669023729860783,0.0,0.3409999907016754,0.008150000125169754,,,,,,,
2060000,412,0.4000000059604645,0.8318976759910583,13.25912094116211,0.006376452744007111,26.512144088745117,0.006478183437138796,0.4000000059604645,0.3471499979496002,0.007949999533593655,,,,,,,
2065000,413,0.20000000298023224,0.8409401178359985,8.822399139404297,-0.050314761698246,17.752155303955078,-0.0007617877563461661,0.20000000298023224,0.34814998507499695,0.00774999987334013,,,,,,,
2070000,414,0.20000000298023224,0.8249096870422363,8.040124893188477,-0.10972289741039276,16.30629539489746,-0.0013758102431893349,0.20000000298023224,0.3487499952316284,0.008799999952316284,,,,,,,
2075000,415,0.10000000149011612,0.8465418219566345,6.358113765716553,-0.07643824070692062,12.875876426696777,-0.004795258864760399,0.10000000149011612,0.33194997906684875,0.008999999612569809,,,,,,,
2080000,416,0.20000000298023224,0.8386368751525879,9.17827033996582,0.022596053779125214,18.318058013916016,-0.0008725993684493005,0.20000000298023224,0.34919998049736023,0.009200000204145908,,,,,,,
2085000,417,0.10000000149011612,0.8350093364715576,2.5530574321746826,-0.08460744470357895,5.282009601593018,-0.006907803937792778,0.10000000149011612,0.34759998321533203,0.0072999997064471245,,,,,,,
2090000,418,0.800000011920929,0.8090457320213318,35.83100891113281,0.41778117418289185,70.83293151855469,0.028665602207183838,0.800000011920929,0.35054999589920044,0.007599999662488699,,,,,,,
2095000,419,0.699999988079071,0.8162272572517395,38.22618865966797,0.5610969662666321,75.33671569824219,0.027442559599876404,0.699999988079071,0.33204999566078186,0.008150000125169754,,,,,,,
2100000,420,0.4000000059604645,0.8189627528190613,18.098651885986328,-0.0021520862355828285,36.208160400390625,0.009306850843131542,0.4000000059604645,0.3546999990940094,0.008200000040233135,,,,,,,
2105000,421,0.10000000149011612,0.8058761954307556,2.763991117477417,-0.12921833992004395,5.792865753173828,-0.006742358207702637,0.10000000149011612,0.34049999713897705,0.007949999533593655,,,,,,,
2110000,422,0.4000000059604645,0.8208709359169006,24.62091636657715,-0.05970020219683647,49.367801666259766,0.008360479958355427,0.4000000059604645,0.33559998869895935,0.008899999782443047,,,,,,,
2115000,423,0.4000000059604645,0.7963362336158752,16.262331008911133,-0.021530069410800934,32.574092864990234,0.008111318573355675,0.4000000059604645,0.3573499917984009,0.009099999442696571,,,,,,,
2120000,424,0.800000011920929,0.8065125942230225,29.697423934936523,0.18665607273578644,59.02798843383789,0.025446094572544098,0.800000011920929,0.36834999918937683,0.00774999987334013,,,,,,,
2125000,425,0.30000001192092896,0.8041910529136658,11.432723999023438,-0.08350485563278198,23.038890838623047,0.002997166942805052,0.30000001192092896,0.33204999566078186,0.00764999957755208,,,,,,,
2130000,426,0.10000000149011612,0.8187969326972961,2.332803249359131,-0.24641187489032745,5.164980411529541,-0.007083364762365818,0.10000000149011612,0.33044999837875366,0.009649999439716339,,,,,,,
2135000,427,0.4000000059604645,0.8192802667617798,17.511436462402344,-0.17090679705142975,35.37124252319336,0.008715060539543629,0.4000000059604645,0.32499998807907104,0.008799999952316284,,,,,,,
2140000,428,0.30000001192092896,0.8131263256072998,11.69499683380127,-0.19211627542972565,23.780731201171875,0.0029271820094436407,0.30000001192092896,0.3129499852657318,0.007599999662488699,,,,,,,
2145000,429,0.20000000298023224,0.8194467425346375,5.425403594970703,-0.2587822377681732,11.374927520751953,-0.002823491580784321,0.20000000298023224,0.3268499970436096,0.006899999920278788,,,,,,,
2150000,430,0.4000000059604645,0.8135223388671875,11.843711853027344,-0.1262534260749817,23.94643783569336,0.0057073128409683704,0.4000000059604645,0.33344998955726624,0.007199999876320362,,,,,,,
2155000,431,0.20000000298023224,0.8145476579666138,5.324542999267578,-0.26048269867897034,11.176568031311035,-0.002892817370593548,0.20000000298023224,0.32545000314712524,0.008049999363720417,,,,,,,
2160000,432,0.5,0.8088305592536926,18.65517807006836,-0.06308649480342865,37.44300079345703,0.011886254884302616,0.5,0.3303000032901764,0.00774999987334013,,,,,,,
2165000,433,0.30000001192092896,0.8217557072639465,9.342906951904297,-0.13772499561309814,18.967838287353516,0.0017639102879911661,0.30000001192092896,0.3355499804019928,0.008349999785423279,,,,,,,
2170000,434,0.30000001192092896,0.808106541633606,8.918907165527344,-0.11852501332759857,18.081329345703125,0.0015128287486732006,0.30000001192092896,0.337149977684021,0.006899999920278788,,,,,,,
2175000,435,0.30000001192092896,0.8186030387878418,11.10948657989502,-0.1268516331911087,22.479225158691406,0.002721937373280525,0.30000001192092896,0.3162499964237213,0.006899999920278788,,,,,,,
2180000,436,0.5,0.8243070244789124,18.160507202148438,-0.019000109285116196,36.36560821533203,0.009237986989319324,0.5,0.330049991607666,0.007849999703466892,,,,,,,
2185000,437,0.10000000149011612,0.8263776302337646,5.093404293060303,-0.18773186206817627,10.568882942199707,-0.0054566701874136925,0.10000000149011612,0.31759998202323914,0.00774999987334013,,,,,,,
2190000,438,0.4000000059604645,0.829857587814331,12.065032005310059,-0.0508727952837944,24.238449096679688,0.005768162198364735,0.4000000059604645,0.31964999437332153,0.007499999832361937,,,,,,,
2195000,439,0.5,0.8443024754524231,20.031566619873047,0.07899551093578339,39.911895751953125,0.012387801893055439,0.5,0.31735000014305115,0.007599999662488699,,,,,,,
2200000,440,0.5,0.8290461897850037,22.36254119873047,0.08781885355710983,44.55607604980469,0.01374486368149519,0.5,0.32729998230934143,0.007400000002235174,,,,,,,
2205000,441,0.30000001192092896,0.8422858715057373,13.30677318572998,-0.07124052196741104,26.762765884399414,0.003943073097616434,0.30000001192092896,0.30044999718666077,0.008349999785423279,,,,,,,
2210000,442,0.5,0.8375965356826782,29.56987953186035,0.14623071253299713,58.854000091552734,0.013101212680339813,0.5,0.29989999532699585,0.008049999363720417,,,,,,,
2215000,443,0.4000000059604645,0.8372002840042114,18.953392028808594,0.12763799726963043,37.658206939697266,0.00955785159021616,0.4000000059604645,0.3226499855518341,0.008449999615550041,,,,,,,
2220000,444,0.4000000059604645,0.8182064294815063,15.575708389282227,0.08671772480010986,30.984527587890625,0.007397880312055349,0.4000000059604645,0.33159998059272766,0.00634999992325902,,,,,,,
2225000,445,0.5,0.8133997321128845,20.134056091308594,0.11692464351654053,40.040771484375,0.012514747679233551,0.5,0.328249990940094,0.005849999841302633,,,,,,,
2230000,446,0.20000000298023224,0.8173028826713562,10.6630859375,-0.03200087696313858,21.396711349487305,-6.70501685817726e-05,0.20000000298023224,0.3405500054359436,0.006550000049173832,,,,,,,
2235000,447,0.699999988079071,0.8243526816368103,27.277372360229492,0.16675089299678802,54.22783660888672,0.021577414125204086,0.699999988079071,0.3374499976634979,0.007449999917298555,,,,,,,
2240000,448,0.10000000149011612,0.8176208734512329,4.379719257354736,-0.07565093785524368,8.917281150817871,-0.005989954341202974,0.10000000149011612,0.3246999979019165,0.005799999926239252,,,,,,,
2245000,449,0.4000000059604645,0.8150702714920044,14.377128601074219,-0.023606840521097183,28.80799102783203,0.007070594001561403,0.4000000059604645,0.32589998841285706,0.00559999980032444,,,,,,,
2250000,450,0.20000000298023224,0.7860606908798218,7.45597505569458,-0.14570099115371704,15.209640502929688,-0.0018825854640454054,0.20000000298023224,0.35029998421669006,0.00559999980032444,,,,,,,
2255000,451,0.20000000298023224,0.823876678943634,6.898234844207764,-0.08660747110843658,13.976275444030762,-0.0022544621024280787,0.20000000298023224,0.33684998750686646,0.00764999957755208,,,,,,,
2260000,452,0.5,0.8016883134841919,21.208332061767578,0.0941794142127037,42.234718322753906,0.013488681986927986,0.5,0.3488999903202057,0.00699999975040555,,,,,,,
2265000,453,0.6000000238418579,0.7711173892021179,25.388648986816406,0.00694679468870163,50.76957321166992,0.018064839765429497,0.6000000238418579,0.3583499789237976,0.007349999621510506,,,,,,,
2270000,454,0.6000000238418579,0.779899001121521,21.483673095703125,0.022509751841425896,42.928565979003906,0.015941061079502106,0.6000000238418579,0.3700000047683716,0.006000000052154064,,,,,,,
2275000,455,0.5,0.766506552696228,15.893048286437988,-0.11529389023780823,32.0228157043457,0.010124544613063335,0.5,0.35830000042915344,0.005849999841302633,,,,,,,
2280000,456,0.4000000059604645,0.764470100402832,14.66347599029541,-0.138249933719635,29.609567642211914,0.007151524070650339,0.4000000059604645,0.3894999921321869,0.00559999980032444,,,,,,,
2285000,457,0.30000001192092896,0.7619799375534058,9.97589111328125,-0.1481679230928421,20.254213333129883,0.0020118034444749355,0.30000001192092896,0.3810499906539917,0.005750000011175871,,,,,,,
2290000,458,0.30000001192092896,0.7601961493492126,10.12334156036377,-0.1342281550168991,20.521221160888672,0.002108194399625063,0.30000001192092896,0.36479997634887695,0.005150000099092722,,,,,,,
2295000,459,0.5,0.7562426924705505,19.12727165222168,-0.08089633285999298,38.422386169433594,0.012309219688177109,0.5,0.3883499801158905,0.006399999838322401,,,,,,,
2300000,460,0.20000000298023224,0.7460415959358215,6.0223588943481445,-0.1496724784374237,12.350030899047852,-0.002651399467140436,0.20000000298023224,0.3817499876022339,0.0052999998442828655,,,,,,,
2305000,461,0.699999988079071,0.7327913045883179,25.45973014831543,0.07449855655431747,50.77632522583008,0.017637556418776512,0.699999988079071,0.42149999737739563,0.006049999967217445,,,,,,,
2310000,462,0.4000000059604645,0.7202550172805786,12.97118854522705,-0.09515376389026642,26.138446807861328,0.006233411841094494,0.4000000059604645,0.40744999051094055,0.0050999997183680534,,,,,,,
2315000,463,0.10000000149011612,0.7134473323822021,4.932816028594971,-0.19782671332359314,10.266993522644043,-0.0057913148775696754,0.10000000149011612,0.4271499812602997,0.0058999997563660145,,,,,,,
2320000,464,0.5,0.722174882888794,24.8566951751709,0.003234781324863434,49.71269989013672,0.012000818736851215,0.5,0.40654999017715454,0.005249999929219484,,,,,,,
2325000,465,0.4000000059604645,0.6935919523239136,11.77336597442627,-0.11770107597112656,23.787683486938477,0.005213102325797081,0.4000000059604645,0.4313499927520752,0.006099999882280827,,,,,,,
2330000,466,0.699999988079071,0.6888271570205688,28.264652252197266,0.16027556359767914,56.214263916015625,0.018802950158715248,0.699999988079071,0.4565500020980835,0.00484999967738986,,,,,,,
2335000,467,0.30000001192092896,0.7022746205329895,11.553489685058594,-0.03918975964188576,23.190977096557617,0.0029709371738135815,0.30000001192092896,0.4311999976634979,0.00559999980032444,,,,,,,
2340000,468,0.30000001192092896,0.7236182689666748,10.082825660705566,-0.11361696571111679,20.39867401123047,0.0021191237028688192,0.30000001192092896,0.4043499827384949,0.006049999967217445,,,,,,,
2345000,469,0.6000000238418579,0.7241039872169495,16.571990966796875,0.005915854126214981,33.137943267822266,0.013047787360846996,0.6000000238418579,0.40939998626708984,0.0052999998442828655,,,,,,,
2350000,470,0.5,0.7362772226333618,13.469832420349121,0.026059217751026154,26.893436431884766,0.008634109981358051,0.5,0.4072999954223633,0.005649999715387821,,,,,,,
2355000,471,0.6000000238418579,0.7299962043762207,24.169893264770508,0.20247559249401093,47.940673828125,0.01738428696990013,0.6000000238418579,0.39684998989105225,0.00559999980032444,,,,,,,
2360000,472,0.4000000059604645,0.7422565221786499,13.485369682312012,-0.06215042248368263,27.10097885131836,0.006372505333274603,0.4000000059604645,0.40494999289512634,0.005399999674409628,,,,,,,
2365000,473,0.5,0.736251711845398,23.285276412963867,0.011865148320794106,46.552711486816406,0.010950521565973759,0.5,0.3944000005722046,0.005849999841302633,,,,,,,
2370000,474,0.4000000059604645,0.7392714023590088,12.440361976623535,-0.03992209583520889,24.966482162475586,0.005530810449272394,0.4000000059604645,0.39479997754096985,0.005150000099092722,,,,,,,
2375000,475,0.30000001192092896,0.760512113571167,12.409161567687988,-0.15733957290649414,25.13908576965332,0.003343688091263175,0.30000001192092896,0.3768499791622162,0.005399999674409628,,,,,,,
2380000,476,0.699999988079071,0.7658349871635437,24.539926528930664,0.13185858726501465,48.822261810302734,0.01758008636534214,0.699999988079071,0.3728500008583069,0.006550000049173832,,,,,,,
2385000,477,0.4000000059604645,0.7767773270606995,14.247365951538086,-0.050261106342077255,28.601469039916992,0.006909089628607035,0.4000000059604645,0.3630000054836273,0.004600000102072954,,,,,,,
2390000,478,0.5,0.7976318597793579,31.194787979125977,-0.0029727667570114136,62.40190124511719,0.014466045424342155,0.5,0.3425000011920929,0.00634999992325902,,,,,,,
2395000,479,0.9000000357627869,0.7903848886489868,41.73049545288086,0.22153043746948242,83.02425384521484,0.029567886143922806,0.9000000357627869,0.3334999978542328,0.006300000008195639,,,,,,,
2400000,480,0.4000000059604645,0.7945665121078491,14.841375350952148,0.006594311445951462,29.675918579101562,0.006841561757028103,0.4000000059604645,0.3352999985218048,0.005799999926239252,,,,,,,
2405000,481,0.5,0.815935492515564,18.416637420654297,-0.10611899197101593,37.052040100097656,0.011517501436173916,0.5,0.3128499984741211,0.005399999674409628,,,,,,,
2410000,482,0.5,0.8221040964126587,16.069204330444336,-0.04864610359072685,32.242279052734375,0.010191287845373154,0.5,0.3049499988555908,0.006550000049173832,,,,,,,
2415000,483,0.5,0.8253408670425415,16.91520881652832,-0.0796785056591034,33.996376037597656,0.01081190537661314,0.5,0.3003999888896942,0.007049999665468931,,,,,,,
2420000,484,0.4000000059604645,0.8127790093421936,12.290215492248535,-0.11909826099872589,24.825130462646484,0.005539086647331715,0.4000000059604645,0.3149999976158142,0.00699999975040555,,,,,,,
2425000,485,0.9000000357627869,0.8215935230255127,33.18810272216797,0.22542496025562286,65.93193054199219,0.02966771088540554,0.9000000357627869,0.3073499798774719,0.0066999997943639755,,,,,,,
2430000,486,0.4000000059604645,0.7948963046073914,11.549397468566895,-0.12557533383369446,23.356304168701172,0.005148691590875387,0.4000000059604645,0.32304999232292175,0.00559999980032444,,,,,,,
2435000,487,0.20000000298023224,0.803646445274353,6.463622570037842,-0.276266485452652,13.486207008361816,-0.0026571161579340696,0.20000000298023224,0.2637999951839447,0.006599999964237213,,,,,,,
2440000,488,0.30000001192092896,0.8109005689620972,12.146485328674316,-0.152526393532753,24.604511260986328,0.0032861761283129454,0.30000001192092896,0.28689998388290405,0.006199999712407589,,,,,,,
2445000,489,0.800000011920929,0.7884047031402588,26.256175994873047,0.19274678826332092,52.1331672668457,0.023864323273301125,0.800000011920929,0.2984499931335449,0.005649999715387821,,,,,,,
2450000,490,0.4000000059604645,0.7631638050079346,14.549271583557129,-0.14100855588912964,29.38666534423828,0.006814451422542334,0.4000000059604645,0.2911500036716461,0.0052999998442828655,,,,,,,
2455000,491,0.699999988079071,0.8155389428138733,25.156993865966797,0.07144585251808167,50.17761993408203,0.020370131358504295,0.699999988079071,0.27044999599456787,0.00699999975040555,,,,,,,
2460000,492,0.9000000357627869,0.8204353451728821,30.56585121154785,0.1916084587574005,60.75505065917969,0.028295006603002548,0.9000000357627869,0.25634998083114624,0.007199999876320362,,,,,,,
2465000,493,0.699999988079071,0.8102675676345825,24.456724166870117,0.04458737373352051,48.83075714111328,0.020227234810590744,0.699999988079071,0.2768000066280365,0.005150000099092722,,,,,,,
2470000,494,0.699999988079071,0.8343877196311951,23.326770782470703,0.04651173576712608,46.56719207763672,0.0190817229449749,0.699999988079071,0.28804999589920044,0.005049999803304672,,,,,,,
2475000,495,0.5,0.8384770750999451,12.256621360778809,-0.1358216255903244,24.791593551635742,0.007920609787106514,0.5,0.29510000348091125,0.005949999671429396,,,,,,,
2480000,496,0.800000011920929,0.8410418629646301,26.178823471069336,0.15323518216609955,52.05790328979492,0.023499954491853714,0.800000011920929,0.2853499948978424,0.005750000011175871,,,,,,,
2485000,497,0.5,0.8511842489242554,25.545644760131836,-0.04958682507276535,51.19727325439453,0.011760691180825233,0.5,0.3021000027656555,0.006599999964237213,,,,,,,
2490000,498,0.20000000298023224,0.8736202120780945,6.05681848526001,-0.30559709668159485,12.731820106506348,-0.003183587919920683,0.20000000298023224,0.291949987411499,0.006599999964237213,,,,,,,
2495000,499,0.4000000059604645,0.8770216703414917,14.340985298156738,-0.17890986800193787,29.04680633544922,0.006684045307338238,0.4000000059604645,0.280349999666214,0.006799999624490738,,,,,,,
2500000,500,0.20000000298023224,0.8629922270774841,6.192190647125244,-0.23668766021728516,12.864660263061523,-0.0029012637678533792,0.20000000298023224,0.3242499828338623,0.007249999791383743,,,,,,,
2505000,501,0.5,0.8764195442199707,15.313310623168945,-0.1428230255842209,30.919279098510742,0.00983800832182169,0.5,0.2904999852180481,0.0066999997943639755,,,,,,,
2510000,502,0.5,0.8496042490005493,14.13894271850586,-0.130337655544281,28.54535675048828,0.008989381603896618,0.5,0.33949998021125793,0.006850000005215406,,,,,,,
2515000,503,0.4000000059604645,0.8500258922576904,13.31553840637207,-0.039704322814941406,26.71728515625,0.006283363793045282,0.4000000059604645,0.34474998712539673,0.006099999882280827,,,,,,,
2520000,504,0.20000000298023224,0.8351460099220276,7.4418559074401855,-0.1534009426832199,15.197195053100586,-0.0023434010799974203,0.20000000298023224,0.3386499881744385,0.006749999709427357,,,,,,,
2525000,505,0.20000000298023224,0.8212945461273193,7.97440242767334,-0.12480958551168442,16.204994201660156,-0.002066057175397873,0.20000000298023224,0.369299978017807,0.005849999841302633,,,,,,,
2530000,506,0.20000000298023224,0.8102658987045288,8.258575439453125,-0.12940770387649536,16.782447814941406,-0.0016941638896241784,0.20000000298023224,0.3666499853134155,0.0064999996684491634,,,,,,,
2535000,507,0.699999988079071,0.7944055199623108,25.554706573486328,0.1116638258099556,50.89244079589844,0.02072393149137497,0.699999988079071,0.36354997754096985,0.005699999630451202,,,,,,,
2540000,508,0.20000000298023224,0.8128138184547424,6.813755512237549,-0.017394788563251495,13.668803215026855,-0.002722362522035837,0.20000000298023224,0.36249998211860657,0.006949999835342169,,,,,,,
2545000,509,0.10000000149011612,0.8128841519355774,2.778167724609375,0.005537286400794983,5.551764011383057,-0.007574013434350491,0.10000000149011612,0.35269999504089355,0.0066999997943639755,,,,,,,
2550000,510,0.699999988079071,0.8243776559829712,22.097217559814453,0.1887412667274475,43.82354736328125,0.018876172602176666,0.699999988079071,0.3563999831676483,0.006649999879300594,,,,,,,
2555000,511,0.5,0.8356297612190247,11.253335952758789,0.07997690141201019,22.353403091430664,0.007265494205057621,0.5,0.3333500027656555,0.006949999835342169,,,,,,,
2560000,512,0.5,0.8257895112037659,19.7000732421875,0.06965963542461395,39.267433166503906,0.008868205361068249,0.5,0.3554999828338623,0.007499999832361937,,,,,,,
2565000,513,0.4000000059604645,0.8343114256858826,13.143631935119629,-0.008138368837535381,26.31021499633789,0.00614111078903079,0.4000000059604645,0.34094998240470886,0.005499999970197678,,,,,,,
2570000,514,0.800000011920929,0.8290961980819702,29.817737579345703,0.0835607647895813,59.4749870300293,0.02234376221895218,0.800000011920929,0.37279999256134033,0.006850000005215406,,,,,,,
2575000,515,0.5,0.8066628575325012,16.24761390686035,0.06263275444507599,32.37641525268555,0.010291465558111668,0.5,0.37514999508857727,0.00634999992325902,,,,,,,
2580000,516,0.6000000238418579,0.7916635870933533,16.965463638305664,0.016485443338751793,33.90428924560547,0.01347043551504612,0.6000000238418579,0.38830000162124634,0.006000000052154064,,,,,,,
2585000,517,0.4000000059604645,0.7661211490631104,13.32815170288086,-0.09844453632831573,26.85932159423828,0.006349751725792885,0.4000000059604645,0.4195999801158905,0.00484999967738986,,,,,,,
2590000,518,0.6000000238418579,0.7534223198890686,18.618881225585938,-0.09178183227777481,37.42735290527344,0.014667571522295475,0.6000000238418579,0.4195999801158905,0.005799999926239252,,,,,,,
2595000,519,0.30000001192092896,0.744327187538147,9.41484546661377,-0.16480697691440582,19.165260314941406,0.0012763001723214984,0.30000001192092896,0.4227999746799469,0.006300000008195639,,,,,,,
2600000,520,0.6000000238418579,0.7414872646331787,16.18480110168457,-0.01083691418170929,32.39720916748047,0.012395082972943783,0.6000000238418579,0.3979499936103821,0.004749999847263098,,,,,,,
2605000,521,0.699999988079071,0.7289206981658936,26.93231201171875,-0.000658063217997551,53.87177276611328,0.019022231921553612,0.699999988079071,0.4219000041484833,0.005150000099092722,,,,,,,
2610000,522,0.699999988079071,0.7133722901344299,17.425081253051758,-0.06300519406795502,34.98188018798828,0.016251886263489723,0.699999988079071,0.43664997816085815,0.00484999967738986,,,,,,,
2615000,523,0.30000001192092896,0.7192229628562927,8.350622177124023,-0.11901651322841644,16.945032119750977,0.0008745319209992886,0.30000001192092896,0.4161999821662903,0.005649999715387821,,,,,,,
2620000,524,0.699999988079071,0.7183406949043274,21.460046768188477,0.014509573578834534,42.896820068359375,0.018738403916358948,0.699999988079071,0.4239499866962433,0.005849999841302633,,,,,,,
2625000,525,0.5,0.7236107587814331,13.258073806762695,-0.019976593554019928,26.5618896484375,0.008544985204935074,0.5,0.4289499819278717,0.005150000099092722,,,,,,,
2630000,526,0.5,0.7293622493743896,18.713050842285156,-0.0990641862154007,37.63006591796875,0.011968233622610569,0.5,0.4077000021934509,0.005799999926239252,,,,,,,
2635000,527,0.30000001192092896,0.7411061525344849,10.716556549072266,-0.1499042809009552,21.738849639892578,0.0019121539080515504,0.30000001192092896,0.4104999899864197,0.006300000008195639,,,,,,,
2640000,528,0.30000001192092896,0.7546737194061279,8.722899436950684,-0.1717706024646759,17.795377731323242,0.0009553718264214694,0.30000001192092896,0.3787499964237213,0.005949999671429396,,,,,,,
2645000,529,0.4000000059604645,0.7538347244262695,12.493926048278809,-0.08565793931484222,25.165199279785156,0.005827116779983044,0.4000000059604645,0.37860000133514404,0.0058999997563660145,,,,,,,
2650000,530,0.5,0.7754876017570496,20.109403610229492,-0.04773106798529625,40.320472717285156,0.009772825986146927,0.5,0.3607499897480011,0.005399999674409628,,,,,,,
2655000,531,0.5,0.7745734453201294,22.093473434448242,-0.020779630169272423,44.234703063964844,0.010424571111798286,0.5,0.3573499917984009,0.005249999929219484,,,,,,,
2660000,532,0.6000000238418579,0.7812904715538025,19.42495346069336,-0.009972363710403442,38.876102447509766,0.014340030960738659,0.6000000238418579,0.3564999997615814,0.006550000049173832,,,,,,,
2665000,533,0.5,0.7841068506240845,17.016883850097656,0.06876377761363983,33.90251159667969,0.010849877260625362,0.5,0.3583499789237976,0.0066999997943639755,,,,,,,
2670000,534,0.4000000059604645,0.7838737368583679,10.269927978515625,-0.06708613783121109,20.680299758911133,0.003891244065016508,0.4000000059604645,0.3403500020503998,0.005750000011175871,,,,,,,
2675000,535,0.6000000238418579,0.7939886450767517,19.443418502807617,0.06955773383378983,38.75407409667969,0.014776438474655151,0.6000000238418579,0.35484999418258667,0.006599999964237213,,,,,,,
2680000,536,0.800000011920929,0.7886185646057129,30.034191131591797,0.14741787314414978,59.77985382080078,0.019151009619235992,0.800000011920929,0.3444499969482422,0.007149999961256981,,,,,,,
2685000,537,0.20000000298023224,0.7960754632949829,7.133729457855225,-0.05223650485277176,14.378300666809082,-0.002798232948407531,0.20000000298023224,0.359499990940094,0.006899999920278788,,,,,,,
2690000,538,0.4000000059604645,0.8075712323188782,10.51937198638916,-0.06246519461274147,21.170135498046875,0.004217310808598995,0.4000000059604645,0.32694998383522034,0.008049999363720417,,,,,,,
2695000,539,0.5,0.7818088531494141,15.387776374816895,0.07832877337932587,30.62514877319336,0.009690549224615097,0.5,0.34790000319480896,0.005949999671429396,,,,,,,
2700000,540,0.30000001192092896,0.7746376991271973,8.906363487243652,-0.18201206624507904,18.18294906616211,0.001134270802140236,0.30000001192092896,0.3390499949455261,0.0071000000461936,,,,,,,
2705000,541,0.5,0.7942140698432922,14.643218040466309,-0.05110152065753937,29.39499282836914,0.009357895702123642,0.5,0.3294000029563904,0.005799999926239252,,,,,,,
2710000,542,0.5,0.8002830743789673,24.047578811645508,-0.057160384953022,48.21588134765625,0.01145283691585064,0.5,0.3251499831676483,0.006850000005215406,,,,,,,
2715000,543,0.800000011920929,0.794269859790802,21.181079864501953,0.08898080885410309,42.1905517578125,0.020243767648935318,0.800000011920929,0.3671000003814697,0.007199999876320362,,,,,,,
2720000,544,0.9000000357627869,0.7916851043701172,24.247482299804688,0.05692806467413902,48.38744354248047,0.02470405586063862,0.9000000357627869,0.3294000029563904,0.005750000011175871,,,,,,,
2725000,545,0.4000000059604645,0.8175079822540283,12.981193542480469,-0.14837004244327545,26.265666961669922,0.006220034323632717,0.4000000059604645,0.3283499777317047,0.006899999920278788,,,,,,,
2730000,546,0.699999988079071,0.78656005859375,20.57025909423828,0.07769723981618881,40.991416931152344,0.01818700134754181,0.699999988079071,0.3398999869823456,0.006099999882280827,,,,,,,
2735000,547,0.30000001192092896,0.815973162651062,7.649580478668213,-0.12410618364810944,15.553900718688965,4.1306302591692656e-05,0.30000001192092896,0.3306500017642975,0.00634999992325902,,,,,,,
2740000,548,0.5,0.8034563064575195,11.619268417358398,-0.12135551124811172,23.487674713134766,0.007805767003446817,0.5,0.34834998846054077,0.005750000011175871,,,,,,,
2745000,549,0.699999988079071,0.808793842792511,23.8260440826416,0.0025042295455932617,47.65354919433594,0.019280726090073586,0.699999988079071,0.3431999981403351,0.006399999838322401,,,,,,,
2750000,550,1.0,0.8054636716842651,25.574974060058594,0.10080860555171967,50.95477294921875,0.027962559834122658,1.0,0.335099995136261,0.006000000052154064,,,,,,,
2755000,551,0.30000001192092896,0.8190460205078125,7.778424263000488,-0.1806899905204773,15.92478084564209,0.000790670164860785,0.30000001192092896,0.34689998626708984,0.005499999970197678,,,,,,,
2760000,552,0.4000000059604645,0.8095885515213013,10.108017921447754,-0.1787625104188919,20.58003807067871,0.004058482125401497,0.4000000059604645,0.3278000056743622,0.0058999997563660145,,,,,,,
2765000,553,0.30000001192092896,0.8226486444473267,8.665360450744629,-0.13776782155036926,17.612836837768555,0.0009195598540827632,0.30000001192092896,0.313649982213974,0.007149999961256981,,,,,,,
2770000,554,0.800000011920929,0.819230318069458,29.54876708984375,-0.14412665367126465,59.39234161376953,0.022269582375884056,0.800000011920929,0.3404499888420105,0.006300000008195639,,,,,,,
2775000,555,1.100000023841858,0.8145805597305298,35.09843444824219,0.25987136363983154,69.68363952636719,0.03643851354718208,1.100000023841858,0.33924999833106995,0.005399999674409628,,,,,,,
2780000,556,0.6000000238418579,0.8168866038322449,15.819643020629883,-0.11664978414773941,31.879119873046875,0.012316402979195118,0.6000000238418579,0.3287999927997589,0.005049999803304672,,,,,,,
2785000,557,0.800000011920929,0.8209894299507141,23.624984741210938,-0.015308074653148651,47.28715515136719,0.02237001806497574,0.800000011920929,0.3201499879360199,0.006649999879300594,,,,,,,
2790000,558,0.6000000238418579,0.8220661878585815,22.768075942993164,-0.12226728349924088,45.787261962890625,0.013472736813127995,0.6000000238418579,0.32534998655319214,0.006649999879300594,,,,,,,
2795000,559,1.100000023841858,0.8138333559036255,28.97884750366211,0.08565625548362732,57.79289245605469,0.03275120630860329,1.100000023841858,0.3476499915122986,0.005450000055134296,,,,,,,
2800000,560,0.699999988079071,0.8124685287475586,21.34596061706543,-0.08342839777469635,42.86527633666992,0.01885243132710457,0.699999988079071,0.338049978017807,0.005799999926239252,,,,,,,
2805000,561,1.100000023841858,0.8007428646087646,29.897043228149414,0.0027783364057540894,59.79493713378906,0.03322374075651169,1.100000023841858,0.335999995470047,0.0064999996684491634,,,,,,,
2810000,562,0.30000001192092896,0.7957878708839417,6.984626293182373,-0.3050611615180969,14.58574104309082,4.169463863945566e-05,0.30000001192092896,0.35909998416900635,0.004799999762326479,,,,,,,
2815000,563,0.10000000149011612,0.8124427199363708,1.7380499839782715,-0.4065095782279968,4.295618534088135,-0.008629390969872475,0.10000000149011612,0.3241499960422516,0.005349999759346247,,,,,,,
2820000,564,0.800000011920929,0.7831852436065674,18.13328742980957,-0.1749616265296936,36.622764587402344,0.019617591053247452,0.800000011920929,0.3763999938964844,0.00559999980032444,,,,,,,
2825000,565,0.699999988079071,0.7804996371269226,23.193866729736328,-0.12488070875406265,46.64373779296875,0.01609824411571026,0.699999988079071,0.34104999899864197,0.005249999929219484,,,,,,,
2830000,566,1.0,0.7725890874862671,41.5473747253418,-0.13525593280792236,83.37144470214844,0.031136319041252136,1.0,0.3578999936580658,0.004799999762326479,,,,,,,
2835000,567,1.0,0.7753706574440002,22.70633316040039,0.05548064410686493,45.30790710449219,0.02714521810412407,1.0,0.35009998083114624,0.005499999970197678,,,,,,,
2840000,568,0.30000001192092896,0.7744630575180054,8.203124046325684,-0.25609272718429565,16.92462921142578,0.00041787547525018454,0.30000001192092896,0.36890000104904175,0.0052999998442828655,,,,,,,
2845000,569,0.800000011920929,0.771327555179596,21.05808448791504,-0.024891339242458344,42.172122955322266,0.02131585031747818,0.800000011920929,0.36124998331069946,0.0037999998312443495,,,,,,,
2850000,570,0.699999988079071,0.7906548976898193,19.00017738342285,0.008217941969633102,37.9902458190918,0.017390510067343712,0.699999988079071,0.32919999957084656,0.005799999926239252,,,,,,,
2855000,571,0.699999988079071,0.7731518745422363,20.70266342163086,-0.11240104585886002,41.636314392089844,0.015211480669677258,0.699999988079071,0.353549987077713,0.004799999762326479,,,,,,,
2860000,572,0.9000000357627869,0.7914746999740601,24.520742416381836,0.12170910835266113,48.80439758300781,0.023381268605589867,0.9000000357627869,0.31540000438690186,0.004399999976158142,,,,,,,
2865000,573,0.6000000238418579,0.7964049577713013,16.045013427734375,-0.025078244507312775,32.14655303955078,0.012339118868112564,0.6000000238418579,0.31769999861717224,0.004999999888241291,,,,,,,
2870000,574,0.9000000357627869,0.7817621827125549,24.300884246826172,0.08677124977111816,48.434478759765625,0.025119690224528313,0.9000000357627869,0.3381499946117401,0.004749999847263098,,,,,,,
2875000,575,0.699999988079071,0.785983681678772,15.307718276977539,-0.06861592829227448,30.758956909179688,0.01458332221955061,0.699999988079071,0.32475000619888306,0.004549999721348286,,,,,,,
2880000,576,0.9000000357627869,0.7888762950897217,21.208351135253906,0.1325758993625641,42.157859802246094,0.023199288174510002,0.9000000357627869,0.3039499819278717,0.004149999935179949,,,,,,,
2885000,577,0.6000000238418579,0.7820003032684326,16.960668563842773,-0.042410094290971756,34.012413024902344,0.012681139633059502,0.6000000238418579,0.31094998121261597,0.004449999891221523,,,,,,,
2890000,578,0.5,0.8011118173599243,10.64194107055664,-0.20699867606163025,21.704288482666016,0.007089547347277403,0.5,0.3051999807357788,0.004699999932199717,,,,,,,
2895000,579,0.4000000059604645,0.7928112149238586,11.816819190979004,-0.10473985970020294,23.84946060180664,0.004802216310054064,0.4000000059604645,0.2936500012874603,0.004799999762326479,,,,,,,
2900000,580,0.4000000059604645,0.8026142120361328,9.563901901245117,-0.13307926058769226,19.40038299560547,0.004203780088573694,0.4000000059604645,0.28494998812675476,0.0044999998062849045,,,,,,,
2905000,581,0.4000000059604645,0.8059347867965698,11.494020462036133,-0.09549453109502792,23.18547821044922,0.004367631394416094,0.4000000059604645,0.28859999775886536,0.004900000058114529,,,,,,,
2910000,582,0.800000011920929,0.806979775428772,17.70177459716797,0.08873776346445084,35.23252868652344,0.01945023238658905,0.800000011920929,0.2732999920845032,0.005649999715387821,,,,,,,
2915000,583,0.4000000059604645,0.8203616142272949,10.508145332336426,-0.09796890616416931,21.218791961669922,0.00420782994478941,0.4000000059604645,0.2745499908924103,0.004600000102072954,,,,,,,
2920000,584,0.20000000298023224,0.8092175126075745,5.175625801086426,-0.2194022834300995,10.796529769897461,-0.0040265778079628944,0.20000000298023224,0.2765499949455261,0.005799999926239252,,,,,,,
2925000,585,0.699999988079071,0.8165855407714844,20.45626449584961,-0.0002305060625076294,40.91952133178711,0.015270008705556393,0.699999988079071,0.27105000615119934,0.004900000058114529,,,,,,,
2930000,586,0.20000000298023224,0.818313717842102,2.880565643310547,-0.2130584418773651,6.1937947273254395,-0.005528717767447233,0.20000000298023224,0.2622999846935272,0.0050999997183680534,,,,,,,
2935000,587,0.5,0.8287338018417358,12.701111793518066,-0.17148913443088531,25.7518310546875,0.00799078680574894,0.5,0.2527499794960022,0.005450000055134296,,,,,,,
2940000,588,0.4000000059604645,0.8234875202178955,10.398194313049316,-0.07868888974189758,20.96035385131836,0.0038438604678958654,0.4000000059604645,0.26479998230934143,0.006300000008195639,,,,,,,
2945000,589,1.0,0.8057531714439392,23.37590980529785,0.21748752892017365,46.32329177856445,0.027514193207025528,1.0,0.28014999628067017,0.005049999803304672,,,,,,,
2950000,590,0.20000000298023224,0.7989931106567383,4.244988441467285,-0.1929459422826767,8.8822603225708,-0.004747380502521992,0.20000000298023224,0.25894999504089355,0.005699999630451202,,,,,,,
2955000,591,0.800000011920929,0.7886441946029663,19.699893951416016,0.1740036904811859,39.05809020996094,0.01991175301373005,0.800000011920929,0.2701999843120575,0.004999999888241291,,,,,,,
2960000,592,1.0,0.7796890735626221,24.97242546081543,0.287018358707428,49.377052307128906,0.027871865779161453,1.0,0.2738499939441681,0.005150000099092722,,,,,,,
2965000,593,0.5,0.7756122350692749,11.94031047821045,-0.07579639554023743,24.03841781616211,0.00753098214045167,0.5,0.27924999594688416,0.004449999891221523,,,,,,,
2970000,594,1.0,0.7785975933074951,30.852373123168945,0.08932358026504517,61.53232955932617,0.028635075315833092,1.0,0.2622999846935272,0.005499999970197678,,,,,,,
2975000,595,0.20000000298023224,0.7765755653381348,5.213698387145996,-0.28123193979263306,10.996073722839355,-0.004241026472300291,0.20000000298023224,0.2667999863624573,0.005349999759346247,,,,,,,
2980000,596,0.9000000357627869,0.7500326037406921,20.915557861328125,-0.045812539756298065,41.928741455078125,0.023971840739250183,0.9000000357627869,0.2827000021934509,0.004399999976158142,,,,,,,
2985000,597,0.800000011920929,0.7451971173286438,20.346389770507812,0.12844529747962952,40.44184875488281,0.02039136178791523,0.800000011920929,0.29054999351501465,0.006149999797344208,,,,,,,
2990000,598,1.0,0.740657389163971,25.095617294311523,-0.07815404236316681,50.35346603393555,0.028456242755055428,1.0,0.29714998602867126,0.004999999888241291,,,,,,,
2995000,599,0.699999988079071,0.7329038381576538,18.905696868896484,-0.08986502885818481,37.996986389160156,0.01646709442138672,0.699999988079071,0.3001999855041504,0.005249999929219484,,,,,,,
3000000,600,0.4000000059604645,0.7276653051376343,8.888442039489746,-0.29875221848487854,18.38020896911621,0.0031353721860796213,0.4000000059604645,0.3406499922275543,0.005450000055134296,,,,,,,
3005000,601,0.5,0.7217962741851807,10.813936233520508,-0.26886382699012756,22.171375274658203,0.007288867607712746,0.5,0.3164999783039093,0.005150000099092722,,,,,,,
3010000,602,1.100000023841858,0.729682445526123,25.384201049804688,-0.026491858065128326,50.82722473144531,0.03051173686981201,1.100000023841858,0.32029998302459717,0.005849999841302633,,,,,,,
3015000,603,0.4000000059604645,0.712279200553894,12.925539016723633,-0.1768273413181305,26.210430145263672,0.0030446015298366547,0.4000000059604645,0.3420499861240387,0.005200000014156103,,,,,,,
3020000,604,0.800000011920929,0.7238435745239258,21.4943904876709,0.04166095703840256,42.911251068115234,0.020420435816049576,0.800000011920929,0.31424999237060547,0.005399999674409628,,,,,,,
3025000,605,0.6000000238418579,0.7277001142501831,14.152424812316895,-0.22242820262908936,28.75552749633789,0.010745163075625896,0.6000000238418579,0.31349998712539673,0.005649999715387821,,,,,,,
3030000,606,1.100000023841858,0.7260343432426453,28.189090728759766,0.15583336353302002,56.072322845458984,0.030724845826625824,1.100000023841858,0.3116999864578247,0.006449999753385782,,,,,,,
3035000,607,0.6000000238418579,0.7302998304367065,14.270748138427734,-0.1514507532119751,28.85024070739746,0.011189468204975128,0.6000000238418579,0.3328999876976013,0.00559999980032444,,,,,,,
3040000,608,1.0,0.7400895357131958,22.547361373901367,-0.03221042826771736,45.16506576538086,0.0247539933770895,1.0,0.32284998893737793,0.005150000099092722,,,,,,,
3045000,609,1.100000023841858,0.7481034994125366,23.189250946044922,0.04976077005267143,46.28496551513672,0.030279168859124184,1.100000023841858,0.32284998893737793,0.004650000017136335,,,,,,,
3050000,610,0.5,0.765451192855835,10.327872276306152,-0.22374439239501953,21.109357833862305,0.006795075722038746,0.5,0.30889999866485596,0.005450000055134296,,,,,,,
3055000,611,0.30000001192092896,0.7649440765380859,5.705865383148193,-0.3128892183303833,12.043628692626953,-0.0011245530331507325,0.30000001192092896,0.28849998116493225,0.004999999888241291,,,,,,,
3060000,612,0.9000000357627869,0.7799369692802429,19.188873291015625,0.05559396743774414,38.272796630859375,0.02294239215552807,0.9000000357627869,0.2992999851703644,0.006099999882280827,,,,,,,
3065000,613,0.30000001192092896,0.7938318848609924,5.856816291809082,-0.22134265303611755,12.162668228149414,-0.0013090743450447917,0.30000001192092896,0.2886999845504761,0.005049999803304672,,,,,,,
3070000,614,0.6000000238418579,0.7942473888397217,16.622060775756836,-0.08532911539077759,33.42113494873047,0.010824841447174549,0.6000000238418579,0.27809998393058777,0.004799999762326479,,,,,,,
3075000,615,0.30000001192092896,0.7927342057228088,8.283442497253418,-0.15233635902404785,16.877899169921875,-3.28491187246982e-05,0.30000001192092896,0.27300000190734863,0.004149999935179949,,,,,,,
3080000,616,1.100000023841858,0.8010722398757935,27.96280288696289,0.39185553789138794,55.1483039855957,0.03207695484161377,1.100000023841858,0.25429999828338623,0.005499999970197678,,,,,,,
3085000,617,0.699999988079071,0.8212536573410034,15.637428283691406,0.03925565630197525,31.20291519165039,0.014917486347258091,0.699999988079071,0.23659999668598175,0.006149999797344208,,,,,,,
3090000,618,0.5,0.8200347423553467,13.186759948730469,-0.011808246374130249,26.403696060180664,0.007932261563837528,0.5,0.23649999499320984,0.005249999929219484,,,,,,,
3095000,619,0.800000011920929,0.8212079405784607,17.624813079833984,0.20105195045471191,34.85409164428711,0.018633410334587097,0.800000011920929,0.2304999977350235,0.005949999671429396,,,,,,,
3100000,620,0.9000000357627869,0.810525119304657,17.221160888671875,0.12604230642318726,34.196720123291016,0.02106565795838833,0.9000000357627869,0.24024999141693115,0.0052999998442828655,,,,,,,
3105000,621,0.4000000059604645,0.8147975206375122,7.793970584869385,-0.07068333029747009,15.73582649230957,0.0024632373824715614,0.4000000059604645,0.23539999127388,0.005649999715387821,,,,,,,
3110000,622,0.800000011920929,0.821140468120575,22.401243209838867,0.056828852742910385,44.695396423339844,0.01858956553041935,0.800000011920929,0.23294998705387115,0.005399999674409628,,,,,,,
3115000,623,0.4000000059604645,0.8233515620231628,14.219701766967773,-0.2607908248901367,28.967571258544922,0.0030998392030596733,0.4000000059604645,0.24059998989105225,0.005849999841302633,,,,,,,
3120000,624,0.5,0.8082478046417236,8.293047904968262,-0.14597705006599426,16.8845157623291,0.005396619439125061,0.5,0.23544999957084656,0.006449999753385782,,,,,,,
3125000,625,0.20000000298023224,0.8037928342819214,4.201243877410889,-0.31959402561187744,9.04810619354248,-0.005154740530997515,0.20000000298023224,0.2747499942779541,0.005349999759346247,,,,,,,
3130000,626,0.699999988079071,0.8038195371627808,14.412376403808594,-0.09833356738090515,29.027851104736328,0.014142302796244621,0.699999988079071,0.25270000100135803,0.005649999715387821,,,,,,,
3135000,627,0.6000000238418579,0.7979011535644531,18.089609146118164,-0.231893390417099,36.64938735961914,0.010914891958236694,0.6000000238418579,0.2721499800682068,0.0052999998442828655,,,,,,,
3140000,628,0.30000001192092896,0.7756581902503967,8.515443801879883,-0.3614429235458374,17.759979248046875,-0.0004101228551007807,0.30000001192092896,0.2578499913215637,0.00494999997317791,,,,,,,
3145000,629,0.6000000238418579,0.7654774188995361,12.473039627075195,-0.008672229945659637,24.969547271728516,0.010691294446587563,0.6000000238418579,0.3009999990463257,0.004050000105053186,,,,,,,
3150000,630,1.0,0.7622091770172119,24.151216506958008,0.18299375474452972,47.942543029785156,0.02479875274002552,1.0,0.29884999990463257,0.004999999888241291,,,,,,,
3155000,631,0.5,0.7540673017501831,13.813681602478027,-0.1265956163406372,27.886587142944336,0.005845608189702034,0.5,0.2978000044822693,0.004100000020116568,,,,,,,
3160000,632,0.4000000059604645,0.7547842264175415,5.869075298309326,-0.14064159989356995,12.025471687316895,0.0014217031421139836,0.4000000059604645,0.29464998841285706,0.004600000102072954,,,,,,,
3165000,633,0.800000011920929,0.7647515535354614,25.80075454711914,-0.01678791269659996,51.641204833984375,0.01909809559583664,0.800000011920929,0.2955999970436096,0.00419999985024333,,,,,,,
3170000,634,0.9000000357627869,0.758148729801178,21.935314178466797,0.0322330966591835,43.81222915649414,0.021644163876771927,0.9000000357627869,0.28415000438690186,0.0038999998942017555,,,,,,,
3175000,635,1.2000000476837158,0.7591187953948975,21.480745315551758,0.10481812804937363,42.75792694091797,0.03208460286259651,1.2000000476837158,0.28644999861717224,0.003999999724328518,,,,,,,
3180000,636,0.5,0.7540621161460876,9.702141761779785,-0.05886800214648247,19.528051376342773,0.006409869994968176,0.5,0.29249998927116394,0.004050000105053186,,,,,,,
3185000,637,0.6000000238418579,0.744991660118103,12.428942680358887,-0.07020442932844162,25.004253387451172,0.010860025882720947,0.6000000238418579,0.2856000065803528,0.003449999960139394,,,,,,,
3190000,638,0.6000000238418579,0.7354310750961304,22.538265228271484,-0.05549052357673645,45.19339370727539,0.010478501208126545,0.6000000238418579,0.3094500005245209,0.003000000026077032,,,,,,,
3195000,639,0.800000011920929,0.7403950095176697,14.582398414611816,-0.10819083452224731,29.387102127075195,0.01676296815276146,0.800000011920929,0.3135499954223633,0.0038999998942017555,,,,,,,
3200000,640,0.5,0.7305108308792114,9.253745079040527,-0.09083062410354614,18.694995880126953,0.005803474225103855,0.5,0.30469998717308044,0.0032999999821186066,,,,,,,
3205000,641,0.4000000059604645,0.7233990430831909,8.196661949157715,-0.20526745915412903,16.809646606445312,0.0023554691579192877,0.4000000059604645,0.3178499937057495,0.0033499998971819878,,,,,,,
3210000,642,0.6000000238418579,0.7187561988830566,14.716395378112793,-0.011913135647773743,29.46236801147461,0.00955724436789751,0.6000000238418579,0.3544999957084656,0.002899999963119626,,,,,,,
3215000,643,0.5,0.7113097906112671,8.103968620300293,-0.05630701780319214,16.326242446899414,0.005013158079236746,0.5,0.33774998784065247,0.003399999812245369,,,,,,,
3220000,644,0.800000011920929,0.7234292030334473,13.8143310546875,0.10511063784360886,27.42422866821289,0.01713952235877514,0.800000011920929,0.30140000581741333,0.003949999809265137,,,,,,,
3225000,645,0.9000000357627869,0.7220357656478882,17.753746032714844,0.08944062143564224,35.334388732910156,0.01950208656489849,0.9000000357627869,0.323199987411499,0.00279999990016222,,,,,,,
3230000,646,0.4000000059604645,0.722105860710144,8.292594909667969,-0.1265617460012436,16.84408950805664,0.002565991599112749,0.4000000059604645,0.2948499917984009,0.0038499999791383743,,,,,,,
3235000,647,0.5,0.737928569316864,9.040985107421875,-0.11541356146335602,18.318700790405273,0.006290248595178127,0.5,0.3168500065803528,0.0030499999411404133,,,,,,,
3240000,648,0.699999988079071,0.7404906153678894,18.03460121154785,-0.06219007074832916,36.19950485229492,0.013637589290738106,0.699999988079071,0.2856000065803528,0.003700000001117587,,,,,,,
3245000,649,0.6000000238418579,0.7559413909912109,12.734830856323242,-0.06928098201751709,25.61427116394043,0.00999354850500822,0.6000000238418579,0.2667500078678131,0.0037499999161809683,,,,,,,
3250000,650,0.6000000238418579,0.7566915154457092,12.776729583740234,-0.06589171290397644,25.691295623779297,0.010643314570188522,0.6000000238418579,0.25724998116493225,0.005049999803304672,,,,,,,
3255000,651,0.6000000238418579,0.7472820281982422,10.952577590942383,0.006511714309453964,21.898109436035156,0.00933509785681963,0.6000000238418579,0.2683500051498413,0.0037999998312443495,,,,,,,
3260000,652,0.699999988079071,0.7631248235702515,11.330192565917969,-0.004733595997095108,22.67595672607422,0.01307869702577591,0.699999988079071,0.2611500024795532,0.0037999998312443495,,,,,,,
3265000,653,0.30000001192092896,0.7712961435317993,6.8632917404174805,-0.15360617637634277,14.039966583251953,-0.0014510024338960648,0.30000001192092896,0.23714999854564667,0.0031500000040978193,,,,,,,
3270000,654,0.30000001192092896,0.7813969254493713,4.797056198120117,-0.20494337379932404,10.010250091552734,-0.002167923841625452,0.30000001192092896,0.2293500006198883,0.0037499999161809683,,,,,,,
3275000,655,1.0,0.7830967903137207,20.05316734313965,0.2232837975025177,39.66603088378906,0.02365114539861679,1.0,0.22244998812675476,0.003999999724328518,,,,,,,
3280000,656,0.5,0.7858588695526123,8.395970344543457,-0.00962940976023674,16.817485809326172,0.005746156442910433,0.5,0.22055000066757202,0.004050000105053186,,,,,,,
3285000,657,1.0,0.7825332283973694,22.903064727783203,0.09916975349187851,45.614051818847656,0.024997912347316742,1.0,0.22849999368190765,0.0030999998562037945,,,,,,,
3290000,658,0.9000000357627869,0.7918920516967773,19.586233139038086,0.09281176328659058,38.99317932128906,0.022180210798978806,0.9000000357627869,0.22834999859333038,0.003449999960139394,,,,,,,
3295000,659,0.6000000238418579,0.791878342628479,10.555213928222656,-0.06541264057159424,21.247589111328125,0.009449883364140987,0.6000000238418579,0.23469999432563782,0.0030499999411404133,,,,,,,
3300000,660,0.4000000059604645,0.7781903743743896,7.217209339141846,-0.23141486942768097,14.903473854064941,0.002065356122329831,0.4000000059604645,0.22169999778270721,0.00419999985024333,,,,,,,
3305000,661,1.0,0.7640454173088074,19.939952850341797,0.01796784996986389,39.85008239746094,0.024218013510107994,1.0,0.23849999904632568,0.0031999999191612005,,,,,,,
3310000,662,0.6000000238418579,0.7514370679855347,9.864958763122559,-0.15188227593898773,20.03969383239746,0.009428642690181732,0.6000000238418579,0.2312999963760376,0.004449999891221523,,,,,,,
3315000,663,1.0,0.7442609667778015,28.29840660095215,0.10857301205396652,56.3856201171875,0.02661934681236744,1.0,0.23279999196529388,0.004350000061094761,,,,,,,
3320000,664,0.6000000238418579,0.7250032424926758,10.661877632141113,-0.18030965328216553,21.690174102783203,0.009034941904246807,0.6000000238418579,0.2515999972820282,0.0035500000230968,,,,,,,
3325000,665,0.5,0.7313798069953918,8.325185775756836,-0.19859126210212708,17.05340576171875,0.005132391583174467,0.5,0.24834999442100525,0.003499999875202775,,,,,,,
3330000,666,1.100000023841858,0.7098674774169922,19.070634841918945,0.1432291865348816,37.86048889160156,0.026940234005451202,1.100000023841858,0.2798999845981598,0.0031500000040978193,,,,,,,
3335000,667,0.6000000238418579,0.7070275545120239,9.916234970092773,-0.14105315506458282,20.12023162841797,0.008477366529405117,0.6000000238418579,0.282399982213974,0.0033499998971819878,,,,,,,
3340000,668,1.100000023841858,0.7038273215293884,17.03575897216797,0.0726584792137146,33.93183135986328,0.026857277378439903,1.100000023841858,0.2933499813079834,0.0038999998942017555,,,,,,,
3345000,669,0.20000000298023224,0.690649151802063,3.13175630569458,-0.28583985567092896,6.840717315673828,-0.005743434652686119,0.20000000298023224,0.28165000677108765,0.0032999999821186066,,,,,,,
3350000,670,0.5,0.701604962348938,9.715555191040039,-0.16673213243484497,19.770187377929688,0.005483212880790234,0.5,0.3102000057697296,0.0038499999791383743,,,,,,,
3355000,671,0.4000000059604645,0.6993129253387451,8.479720115661621,-0.10138588398694992,17.16780662536621,0.002078814199194312,0.4000000059604645,0.28369998931884766,0.0032999999821186066,,,,,,,
3360000,672,0.9000000357627869,0.6905763149261475,14.159465789794922,0.010490715503692627,28.30347442626953,0.019176993519067764,0.9000000357627869,0.2853499948978424,0.003999999724328518,,,,,,,
3365000,673,0.5,0.709779679775238,7.474536418914795,-0.0006249304860830307,14.956001281738281,0.004957013763487339,0.5,0.27425000071525574,0.004600000102072954,,,,,,,
3370000,674,2.1000001430511475,0.7210764288902283,45.23344421386719,0.5383825302124023,89.39588928222656,0.06413955241441727,2.1000001430511475,0.31094998121261597,0.004050000105053186,,,,,,,
3375000,675,0.800000011920929,0.7351070642471313,15.711099624633789,0.13568852841854095,31.15670394897461,0.01731087453663349,0.800000011920929,0.28554999828338623,0.004650000017136335,,,,,,,
3380000,676,0.800000011920929,0.7254481315612793,13.79716968536377,-0.025762172415852547,27.65166664123535,0.016747133806347847,0.800000011920929,0.29874998331069946,0.0038499999791383743,,,,,,,
3385000,677,0.4000000059604645,0.7508189678192139,7.7984700202941895,-0.21975348889827728,16.04245376586914,0.00027957020211033523,0.4000000059604645,0.25964999198913574,0.004149999935179949,,,,,,,
3390000,678,0.699999988079071,0.7431681752204895,13.822705268859863,-0.1716735064983368,27.99470329284668,0.013011105358600616,0.699999988079071,0.27480000257492065,0.0037999998312443495,,,,,,,
3395000,679,0.800000011920929,0.7417441010475159,14.101290702819824,-0.2050057351589203,28.618526458740234,0.0172728318721056,0.800000011920929,0.2754499912261963,0.004050000105053186,,,,,,,
3400000,680,0.699999988079071,0.7633053064346313,14.378799438476562,-0.23863917589187622,29.240983963012695,0.01361944992095232,0.699999988079071,0.26579999923706055,0.004999999888241291,,,,,,,
3405000,681,0.4000000059604645,0.761445939540863,7.24401330947876,-0.33154669404029846,15.157211303710938,0.0010656268568709493,0.4000000059604645,0.2518499791622162,0.005649999715387821,,,,,,,
3410000,682,0.6000000238418579,0.7577926516532898,6.878142833709717,-0.22252103686332703,14.207389831542969,0.007239378988742828,0.6000000238418579,0.251149982213974,0.00494999997317791,,,,,,,
3415000,683,0.5,0.7567834258079529,5.987125873565674,-0.22636741399765015,12.433040618896484,0.004404061008244753,0.5,0.2563999891281128,0.0050999997183680534,,,,,,,
3420000,684,0.6000000238418579,0.7635890245437622,9.977083206176758,-0.1699964851140976,20.300268173217773,0.009139805100858212,0.6000000238418579,0.2463499903678894,0.0038999998942017555,,,,,,,
3425000,685,0.699999988079071,0.7651221752166748,11.361224174499512,-0.09497056901454926,22.91851043701172,0.012301166541874409,0.699999988079071,0.24949999153614044,0.004549999721348286,,,,,,,
3430000,686,0.4000000059604645,0.7645408511161804,7.786822319030762,-0.11946496367454529,15.81869125366211,0.0009652219596318901,0.4000000059604645,0.2587999999523163,0.00484999967738986,,,,,,,
3435000,687,0.6000000238418579,0.7476377487182617,6.456663608551025,0.05812409892678261,12.803060531616211,0.007700446993112564,0.6000000238418579,0.24289999902248383,0.005049999803304672,,,,,,,
3440000,688,1.100000023841858,0.7550981044769287,18.53534507751465,0.1844523400068283,36.70782470703125,0.027360621839761734,1.100000023841858,0.2587999999523163,0.004699999932199717,,,,,,,
3445000,689,1.0,0.7573028802871704,19.36639976501465,0.22825884819030762,38.28234100341797,0.02318485639989376,1.0,0.2531999945640564,0.004299999680370092,,,,,,,
3450000,690,0.699999988079071,0.7465081810951233,9.05624008178711,0.03478945791721344,18.048873901367188,0.011246268637478352,0.699999988079071,0.24524998664855957,0.0038999998942017555,,,,,,,
3455000,691,0.9000000357627869,0.7485095262527466,15.427889823913574,0.12847396731376648,30.604820251464844,0.019631775096058846,0.9000000357627869,0.23729999363422394,0.004699999932199717,,,,,,,
3460000,692,1.600000023841858,0.7426424026489258,27.673145294189453,0.27149882912635803,54.809234619140625,0.04430573433637619,1.600000023841858,0.24120000004768372,0.0036499998532235622,,,,,,,
3465000,693,0.800000011920929,0.7400704026222229,14.807833671569824,-0.017687439918518066,29.656963348388672,0.017230678349733353,0.800000011920929,0.2620999813079834,0.003949999809265137,,,,,,,
3470000,694,1.0,0.7324873208999634,19.805418014526367,-0.06554431468248367,39.74778366088867,0.02263656258583069,1.0,0.27265000343322754,0.0036499998532235622,,,,,,,
3475000,695,0.20000000298023224,0.7286726236343384,3.924039840698242,-0.41890937089920044,8.691727638244629,-0.005697810556739569,0.20000000298023224,0.27764999866485596,0.00419999985024333,,,,,,,
3480000,696,0.9000000357627869,0.7310506105422974,15.192143440246582,-0.160610169172287,30.711355209350586,0.019521355628967285,0.9000000357627869,0.27489998936653137,0.003949999809265137,,,,,,,
3485000,697,0.699999988079071,0.7376008629798889,9.546149253845215,-0.2795560359954834,19.657310485839844,0.011738630943000317,0.699999988079071,0.2683500051498413,0.0038999998942017555,,,,,,,
3490000,698,0.800000011920929,0.7302519083023071,14.547357559204102,-0.13937999308109283,29.379316329956055,0.016003916040062904,0.800000011920929,0.26999998092651367,0.004449999891221523,,,,,,,
3495000,699,0.9000000357627869,0.7320980429649353,19.24936294555664,-0.25983214378356934,39.02424621582031,0.019791902974247932,0.9000000357627869,0.26554998755455017,0.0038499999791383743,,,,,,,
3500000,700,0.9000000357627869,0.7332051992416382,14.405547142028809,-0.17048333585262299,29.157926559448242,0.020004726946353912,0.9000000357627869,0.2653000056743622,0.003700000001117587,,,,,,,
3505000,701,0.699999988079071,0.7418874502182007,9.970071792602539,-0.22475877404212952,20.39559555053711,0.011932586319744587,0.699999988079071,0.26554998755455017,0.003399999812245369,,,,,,,
3510000,702,0.4000000059604645,0.7364702820777893,7.399827480316162,-0.27280110120773315,15.35114860534668,0.0017208417411893606,0.4000000059604645,0.26639997959136963,0.003949999809265137,,,,,,,
3515000,703,1.0,0.7421955466270447,13.926977157592773,0.10832095891237259,27.64324951171875,0.021098755300045013,1.0,0.24844999611377716,0.004299999680370092,,,,,,,
3520000,704,1.0,0.7415004968643188,14.780742645263672,-0.033060960471630096,29.6335391998291,0.022984355688095093,1.0,0.2715499997138977,0.003449999960139394,,,,,,,
3525000,705,1.2000000476837158,0.7551097869873047,19.750579833984375,0.0960693433880806,39.3150634765625,0.02861885353922844,1.2000000476837158,0.24504999816417694,0.003949999809265137,,,,,,,
3530000,706,0.800000011920929,0.7434437274932861,12.554421424865723,-0.06857852637767792,25.2519474029541,0.01564706116914749,0.800000011920929,0.26019999384880066,0.0036499998532235622,,,,,,,
3535000,707,0.20000000298023224,0.7473056316375732,3.8753559589385986,-0.20682796835899353,8.1703462600708,-0.00616269838064909,0.20000000298023224,0.2599499821662903,0.0032499998342245817,,,,,,,
3540000,708,1.100000023841858,0.7604103684425354,13.994670867919922,0.16242526471614838,27.670574188232422,0.02399510145187378,1.100000023841858,0.25029999017715454,0.004299999680370092,,,,,,,
3545000,709,0.699999988079071,0.7520502805709839,8.979354858398438,-0.006393696181476116,17.977514266967773,0.010806377977132797,0.699999988079071,0.2415499985218048,0.003999999724328518,,,,,,,
3550000,710,0.6000000238418579,0.7617979049682617,11.921150207519531,-0.020024113357067108,23.888442993164062,0.008643878623843193,0.6000000238418579,0.24514999985694885,0.003599999938160181,,,,,,,
3555000,711,0.699999988079071,0.7452540397644043,10.21762752532959,0.015334587544202805,20.410547256469727,0.01172561850398779,0.699999988079071,0.24939998984336853,0.0037999998312443495,,,,,,,
3560000,712,1.0,0.7625046372413635,14.285221099853516,0.1506749987602234,28.275192260742188,0.02138897217810154,1.0,0.2455499917268753,0.0038999998942017555,,,,,,,
3565000,713,0.699999988079071,0.7552965879440308,10.23172664642334,-0.05342179909348488,20.576339721679688,0.011409135535359383,0.699999988079071,0.24199999868869781,0.0030499999411404133,,,,,,,
3570000,714,0.6000000238418579,0.7613255381584167,9.264745712280273,0.05981586128473282,18.415950775146484,0.008817881345748901,0.6000000238418579,0.24199999868869781,0.003000000026077032,,,,,,,
3575000,715,0.699999988079071,0.7578796744346619,11.751675605773926,-0.03313232958316803,23.575679779052734,0.011745093390345573,0.699999988079071,0.22254998981952667,0.0026000000070780516,,,,,,,
3580000,716,1.100000023841858,0.761269748210907,12.675631523132324,-0.0255504809319973,25.40845489501953,0.023707110434770584,1.100000023841858,0.23224999010562897,0.0029499998781830072,,,,,,,
3585000,717,0.5,0.7488934993743896,6.2124481201171875,-0.1803971230983734,12.791681289672852,0.003904773620888591,0.5,0.23399999737739563,0.00279999990016222,,,,,,,
3590000,718,0.800000011920929,0.755739688873291,10.63831901550293,-0.15655206143856049,21.595788955688477,0.01411052793264389,0.800000011920929,0.2232999950647354,0.0033499998971819878,,,,,,,
3595000,719,1.2000000476837158,0.7578458786010742,17.094945907592773,-0.1094077005982399,34.41476821899414,0.029415519908070564,1.2000000476837158,0.21289999783039093,0.003949999809265137,,,,,,,
3600000,720,0.6000000238418579,0.7516769170761108,9.000163078308105,-0.2596977949142456,18.52573585510254,0.00777032133191824,0.6000000238418579,0.2084999978542328,0.0032999999821186066,,,,,,,
3605000,721,1.2000000476837158,0.7475763559341431,16.267650604248047,-0.07242731004953384,32.68613815307617,0.029165031388401985,1.2000000476837158,0.21469999849796295,0.0032499998342245817,,,,,,,
3610000,722,1.0,0.7433173060417175,14.56547737121582,-0.16683347523212433,29.47056770324707,0.02275782637298107,1.0,0.25029999017715454,0.003700000001117587,,,,,,,
3615000,723,0.5,0.719142735004425,6.679253578186035,-0.2906312048435211,13.94552230834961,0.0030140839517116547,0.5,0.234499990940094,0.0031999999191612005,,,,,,,
3620000,724,0.6000000238418579,0.7324955463409424,8.306986808776855,-0.2557463049888611,17.13132667541504,0.007550661917775869,0.6000000238418579,0.23179998993873596,0.0035500000230968,,,,,,,
3625000,725,1.0,0.7184844613075256,16.600313186645508,-0.10478566586971283,33.41594696044922,0.021923894062638283,1.0,0.24894998967647552,0.0035500000230968,,,,,,,
3630000,726,0.699999988079071,0.712302565574646,12.406889915466309,-0.18732120096683502,25.194120407104492,0.010753147304058075,0.699999988079071,0.26109999418258667,0.002749999985098839,,,,,,,
3635000,727,0.6000000238418579,0.7120035290718079,9.407291412353516,-0.14269152283668518,19.105661392211914,0.007142961025238037,0.6000000238418579,0.2512499988079071,0.002849999815225601,,,,,,,
3640000,728,1.399999976158142,0.7121224403381348,22.575284957885742,0.23667612671852112,44.68291473388672,0.0353287048637867,1.399999976158142,0.25939998030662537,0.00279999990016222,,,,,,,
3645000,729,0.9000000357627869,0.7151814103126526,13.009734153747559,0.04369840770959854,25.937793731689453,0.016674237325787544,0.9000000357627869,0.26385000348091125,0.002849999815225601,,,,,,,
3650000,730,0.9000000357627869,0.7088821530342102,12.627368927001953,0.15128810703754425,24.95783233642578,0.017866769805550575,0.9000000357627869,0.26729997992515564,0.0033499998971819878,,,,,,,
3655000,731,1.2000000476837158,0.7300440073013306,13.498882293701172,0.15136723220348358,26.700870513916016,0.025433288887143135,1.2000000476837158,0.24244999885559082,0.003449999960139394,,,,,,,
3660000,732,2.0,0.7486679553985596,28.59783935546875,0.2992939054965973,56.60308074951172,0.054706305265426636,2.0,0.2230999916791916,0.0036499998532235622,,,,,,,
3665000,733,0.9000000357627869,0.7556601762771606,9.071576118469238,-0.1063561737537384,18.361909866333008,0.016012761741876602,0.9000000357627869,0.2276500016450882,0.004449999891221523,,,,,,,
3670000,734,1.399999976158142,0.7453055381774902,20.976213455200195,-0.09942128509283066,42.157230377197266,0.03369550034403801,1.399999976158142,0.22529999911785126,0.003000000026077032,,,,,,,
3675000,735,0.5,0.7618986368179321,4.9608683586120605,-0.3805391192436218,10.688910484313965,0.0025015322025865316,0.5,0.1944499909877777,0.004050000105053186,,,,,,,
3680000,736,0.5,0.761034369468689,6.471255779266357,-0.425805926322937,13.800211906433105,0.003070275764912367,0.5,0.18044999241828918,0.003499999875202775,,,,,,,
3685000,737,1.0,0.7573615908622742,12.293217658996582,-0.2168988734483719,25.02629280090332,0.02067740634083748,1.0,0.19464999437332153,0.004749999847263098,,,,,,,
3690000,738,0.5,0.7598776817321777,6.590054035186768,-0.23361420631408691,13.65341567993164,0.0036833910271525383,0.5,0.1991499960422516,0.0038999998942017555,,,,,,,
3695000,739,0.30000001192092896,0.7511180639266968,3.8696770668029785,-0.2577592134475708,8.260881423950195,-0.0035446295514702797,0.30000001192092896,0.21574999392032623,0.0033499998971819878,,,,,,,
3700000,740,1.399999976158142,0.7571882605552673,20.244338989257812,0.2081966996192932,40.07834243774414,0.03307206183671951,1.399999976158142,0.20694999396800995,0.0037999998312443495,,,,,,,
3705000,741,0.6000000238418579,0.7645083665847778,7.593541145324707,-0.1050066202878952,15.40321159362793,0.007233134470880032,0.6000000238418579,0.18969999253749847,0.0035500000230968,,,,,,,
3710000,742,0.699999988079071,0.7615965604782104,5.391118049621582,0.031095676124095917,10.726137161254883,0.008088630624115467,0.699999988079071,0.19839999079704285,0.0038499999791383743,,,,,,,
3715000,743,0.800000011920929,0.7603288292884827,10.317387580871582,0.08046911656856537,20.47991943359375,0.013337021693587303,0.800000011920929,0.1789499968290329,0.0031999999191612005,,,,,,,
3720000,744,1.3000000715255737,0.7632725238800049,12.387542724609375,0.24324838817119598,24.294694900512695,0.029586290940642357,1.3000000715255737,0.20624999701976776,0.003499999875202775,,,,,,,
3725000,745,1.100000023841858,0.767021656036377,14.465312004089355,0.19054335355758667,28.555673599243164,0.02446071431040764,1.100000023841858,0.20604999363422394,0.004449999891221523,,,,,,,
3730000,746,0.6000000238418579,0.7664308547973633,4.870341777801514,-0.02251618728041649,9.791847229003906,0.005192584823817015,0.6000000238418579,0.2048499882221222,0.0037499999161809683,,,,,,,
3735000,747,0.6000000238418579,0.7691785097122192,5.664677143096924,-0.15037252008914948,11.636252403259277,0.004822063259780407,0.6000000238418579,0.1922999918460846,0.004549999721348286,,,,,,,
3740000,748,1.399999976158142,0.7700574398040771,17.582965850830078,0.15905539691448212,34.853981018066406,0.035583026707172394,1.399999976158142,0.19394999742507935,0.0044999998062849045,,,,,,,
3745000,749,0.699999988079071,0.7690803408622742,8.232548713684082,-0.22418127954006195,16.919612884521484,0.009700902737677097,0.699999988079071,0.22089999914169312,0.003949999809265137,,,,,,,
3750000,750,1.0,0.7605043649673462,12.995511054992676,-0.25922664999961853,26.515560150146484,0.021602537482976913,1.0,0.20319999754428864,0.004449999891221523,,,,,,,
3755000,751,1.2000000476837158,0.7524916529655457,11.89820671081543,-0.12275289744138718,24.04793930053711,0.026231585070490837,1.2000000476837158,0.21164999902248383,0.00419999985024333,,,,,,,
3760000,752,1.2000000476837158,0.744664192199707,11.911704063415527,-0.09045056253671646,24.01026725769043,0.026549682021141052,1.2000000476837158,0.19824999570846558,0.0032499998342245817,,,,,,,
3765000,753,1.0,0.729256272315979,13.448010444641113,-0.20529179275035858,27.31243896484375,0.020644085481762886,1.0,0.23469999432563782,0.0038999998942017555,,,,,,,
3770000,754,0.699999988079071,0.7212148904800415,10.871654510498047,-0.2976827621459961,22.344444274902344,0.009330172091722488,0.699999988079071,0.22904999554157257,0.003700000001117587,,,,,,,
3775000,755,1.600000023841858,0.7096280455589294,20.467914581298828,0.054069194942712784,40.83336639404297,0.04094107076525688,1.600000023841858,0.25360000133514404,0.004100000020116568,,,,,,,
3780000,756,1.600000023841858,0.6927180290222168,17.803850173950195,0.0034552831202745438,35.60633087158203,0.03945493698120117,1.600000023841858,0.26684999465942383,0.0035500000230968,,,,,,,
3785000,757,0.6000000238418579,0.6854591965675354,8.632503509521484,-0.33887940645217896,17.94824981689453,0.006159692071378231,0.6000000238418579,0.2606000006198883,0.003449999960139394,,,,,,,
3790000,758,1.2000000476837158,0.6809051036834717,12.67859935760498,-0.13625933229923248,25.635164260864258,0.02660425938665867,1.2000000476837158,0.2729499936103821,0.0026000000070780516,,,,,,,
3795000,759,0.9000000357627869,0.673066258430481,9.516221046447754,-0.12162910401821136,19.281084060668945,0.01532362587749958,0.9000000357627869,0.2624499797821045,0.0036499998532235622,,,,,,,
3800000,760,0.30000001192092896,0.6670396327972412,3.6927504539489746,-0.2764841616153717,7.943805694580078,-0.004379861988127232,0.30000001192092896,0.2557999789714813,0.002749999985098839,,,,,,,
3805000,761,1.399999976158142,0.672224760055542,16.08538818359375,0.02654169499874115,32.123069763183594,0.03369036689400673,1.399999976158142,0.25679999589920044,0.002699999837204814,,,,,,,
3810000,762,1.2000000476837158,0.6587650775909424,21.89987564086914,0.1823914647102356,43.44023895263672,0.029448000714182854,1.2000000476837158,0.24084998667240143,0.003000000026077032,,,,,,,
3815000,763,0.699999988079071,0.6638095378875732,8.428058624267578,-0.09633971750736237,17.054107666015625,0.009357545524835587,0.699999988079071,0.25110000371932983,0.003000000026077032,,,,,,,
3820000,764,0.9000000357627869,0.6597998738288879,11.615006446838379,-0.06216970831155777,23.359630584716797,0.016509119421243668,0.9000000357627869,0.2553499937057495,0.002849999815225601,,,,,,,
3825000,765,1.100000023841858,0.6520109176635742,12.274273872375488,-0.0008553676307201385,24.55547523498535,0.020860038697719574,1.100000023841858,0.2516999840736389,0.0024500000290572643,,,,,,,
3830000,766,1.0,0.6593319177627563,13.821298599243164,-0.1622626781463623,27.972396850585938,0.01954648643732071,1.0,0.2531000077724457,0.0026000000070780516,,,,,,,
3835000,767,1.399999976158142,0.6589752435684204,16.692134857177734,0.09842608124017715,33.19268798828125,0.0303014125674963,1.399999976158142,0.22899998724460602,0.00279999990016222,,,,,,,
3840000,768,0.20000000298023224,0.6653931140899658,4.064699172973633,-0.3625994026660919,8.859920501708984,-0.007158402819186449,0.20000000298023224,0.22624999284744263,0.0030999998562037945,,,,,,,
3845000,769,1.2000000476837158,0.666189432144165,15.833029747009277,-0.04143773391842842,31.75426483154297,0.026831137016415596,1.2000000476837158,0.22814999520778656,0.0024999999441206455,,,,,,,
3850000,770,1.2000000476837158,0.664054274559021,16.663129806518555,-0.11355027556419373,33.55867385864258,0.027394359931349754,1.2000000476837158,0.2280000001192093,0.0037499999161809683,,,,,,,
3855000,771,0.699999988079071,0.6672027707099915,17.635313034057617,-0.26882490515708923,35.81361389160156,0.010157949291169643,0.699999988079071,0.22199998795986176,0.003000000026077032,,,,,,,
3860000,772,0.9000000357627869,0.659675121307373,10.943244934082031,-0.11715296655893326,22.126073837280273,0.01513581071048975,0.9000000357627869,0.23944999277591705,0.003399999812245369,,,,,,,
3865000,773,1.0,0.6741173267364502,14.48776912689209,-0.1201719418168068,29.221275329589844,0.020361775532364845,1.0,0.21844999492168427,0.0031500000040978193,,,,,,,
3870000,774,1.0,0.6831445693969727,12.010542869567871,-0.05887347087264061,24.144298553466797,0.019893381744623184,1.0,0.2227499932050705,0.0031500000040978193,,,,,,,
3875000,775,0.9000000357627869,0.6796919107437134,9.402276039123535,-0.08039514720439911,18.970779418945312,0.016087736934423447,0.9000000357627869,0.21994999051094055,0.002899999963119626,,,,,,,
3880000,776,1.2000000476837158,0.6974931359291077,19.76755714416504,-0.014906354248523712,39.57050704956055,0.025435643270611763,1.2000000476837158,0.20260000228881836,0.0026499999221414328,,,,,,,
3885000,777,1.8000000715255737,0.6895523071289062,15.360525131225586,0.2057950794696808,30.31497573852539,0.0438263826072216,1.8000000715255737,0.2214999943971634,0.0032499998342245817,,,,,,,
3890000,778,0.9000000357627869,0.6881890296936035,6.638538360595703,-0.12575560808181763,13.534093856811523,0.013515382073819637,0.9000000357627869,0.2298000007867813,0.0026000000070780516,,,,,,,
3895000,779,1.600000023841858,0.6938927173614502,22.228515625,-0.0007229172624647617,44.464027404785156,0.03875211626291275,1.600000023841858,0.21130000054836273,0.0032999999821186066,,,,,,,
3900000,780,1.5,0.6868042945861816,13.944076538085938,0.10935992002487183,27.6749267578125,0.03467259928584099,1.5,0.22139999270439148,0.0030999998562037945,,,,,,,
3905000,781,1.100000023841858,0.6908789873123169,11.658727645874023,-0.13676396012306213,23.59650993347168,0.018552815541625023,1.100000023841858,0.22529999911785126,0.0032999999821186066,,,,,,,
3910000,782,1.2000000476837158,0.6852365732192993,12.453043937683105,-0.14751900732517242,25.206607818603516,0.02319047413766384,1.2000000476837158,0.21525000035762787,0.002849999815225601,,,,,,,
3915000,783,1.0,0.6844069361686707,9.055832862854004,-0.23437747359275818,18.585895538330078,0.01773129589855671,1.0,0.21684999763965607,0.0032999999821186066,,,,,,,
3920000,784,1.100000023841858,0.6771087646484375,12.13498592376709,-0.15406039357185364,24.58350944519043,0.021495487540960312,1.100000023841858,0.21574999392032623,0.003000000026077032,,,,,,,
3925000,785,1.600000023841858,0.667509138584137,18.280141830444336,0.10044971108436584,36.364723205566406,0.04099410027265549,1.600000023841858,0.22134999930858612,0.0029499998781830072,,,,,,,
3930000,786,1.0,0.6736302375793457,8.798135757446289,-0.20393773913383484,18.009536743164062,0.01632453128695488,1.0,0.21050000190734863,0.002699999837204814,,,,,,,
3935000,787,1.5,0.6735195517539978,15.192459106445312,0.022723395377397537,30.344860076904297,0.03463008254766464,1.5,0.2406499981880188,0.0029499998781830072,,,,,,,
3940000,788,1.399999976158142,0.6810625791549683,14.210366249084473,-0.007414206862449646,28.441009521484375,0.03043554536998272,1.399999976158142,0.21184998750686646,0.0031500000040978193,,,,,,,
3945000,789,1.2000000476837158,0.6882836818695068,9.600512504577637,-0.1146889328956604,19.435909271240234,0.021905874833464622,1.2000000476837158,0.22074998915195465,0.0031999999191612005,,,,,,,
3950000,790,1.2000000476837158,0.6825835704803467,12.251272201538086,-0.11344000697135925,24.73488426208496,0.024997560307383537,1.2000000476837158,0.22004999220371246,0.0030499999411404133,,,,,,,
3955000,791,1.2000000476837158,0.6913684606552124,11.462077140808105,-0.09429953992366791,23.118284225463867,0.022136906161904335,1.2000000476837158,0.21284998953342438,0.0029499998781830072,,,,,,,
3960000,792,1.5,0.6833471655845642,14.498778343200684,-0.023395905271172523,29.049816131591797,0.03221944719552994,1.5,0.21005000174045563,0.002849999815225601,,,,,,,
3965000,793,1.100000023841858,0.68794184923172,9.79409122467041,-0.15908575057983398,19.91185760498047,0.019331781193614006,1.100000023841858,0.20284999907016754,0.0032499998342245817,,,,,,,
3970000,794,1.2000000476837158,0.6999188661575317,16.07745933532715,-0.028148014098405838,32.21681594848633,0.02236514911055565,1.2000000476837158,0.18684999644756317,0.003449999960139394,,,,,,,
3975000,795,1.0,0.7069278955459595,14.4104642868042,-0.529615044593811,29.885814666748047,0.016599589958786964,1.0,0.17684999108314514,0.004050000105053186,,,,,,,
3980000,796,1.600000023841858,0.700913667678833,21.470653533935547,-0.1399841457605362,43.22688293457031,0.03615034744143486,1.600000023841858,0.19659999012947083,0.004299999680370092,,,,,,,
3985000,797,2.200000047683716,0.7056287527084351,23.900178909301758,-0.15046201646327972,48.10692596435547,0.05662592500448227,2.200000047683716,0.20250000059604645,0.0030499999411404133,,,,,,,
3990000,798,1.3000000715255737,0.6932573318481445,13.194211959838867,-0.1748655140399933,26.743701934814453,0.025912856683135033,1.3000000715255737,0.20504999160766602,0.0032499998342245817,,,,,,,
3995000,799,1.899999976158142,0.6776172518730164,22.463380813598633,-0.20425929129123688,45.340702056884766,0.042104706168174744,1.899999976158142,0.21130000054836273,0.0035500000230968,,,,,,,
4000000,800,1.7000000476837158,0.6699563264846802,21.36149787902832,0.02098662406206131,42.68638229370117,0.03857887536287308,1.7000000476837158,0.21044999361038208,0.0031500000040978193,,,,,,,
4005000,801,1.3000000715255737,0.648285984992981,12.878130912780762,-0.20091992616653442,26.163288116455078,0.02603905275464058,1.3000000715255737,0.2443999946117401,0.0031500000040978193,,,,,,,
4010000,802,1.600000023841858,0.6458333134651184,17.009681701660156,-0.1229618638753891,34.27045440673828,0.036541230976581573,1.600000023841858,0.22429999709129333,0.00279999990016222,,,,,,,
4015000,803,1.100000023841858,0.6371949911117554,18.17047882080078,-0.4355117678642273,37.217079162597656,0.021675191819667816,1.100000023841858,0.23624999821186066,0.0030999998562037945,,,,,,,
4020000,804,2.0,0.6204293966293335,19.377925872802734,-0.03984978049993515,38.84051513671875,0.047644760459661484,2.0,0.28200000524520874,0.0023499999660998583,,,,,,,
4025000,805,0.800000011920929,0.6054208278656006,7.99388313293457,-0.4518231153488159,16.896255493164062,0.009057991206645966,0.800000011920929,0.2423499971628189,0.0026000000070780516,,,,,,,
4030000,806,1.600000023841858,0.6116922497749329,15.414844512939453,-0.13418973982334137,31.102962493896484,0.03626572713255882,1.600000023841858,0.2761499881744385,0.002199999988079071,,,,,,,
4035000,807,1.3000000715255737,0.6113424301147461,11.126365661621094,-0.16902998089790344,22.59568214416504,0.024161331355571747,1.3000000715255737,0.2992500066757202,0.0026000000070780516,,,,,,,
4040000,808,0.800000011920929,0.6163581609725952,8.773260116577148,-0.1714143455028534,17.89427947998047,0.0109620476141572,0.800000011920929,0.3048499822616577,0.002199999988079071,,,,,,,
4045000,809,1.3000000715255737,0.6036162376403809,14.815543174743652,-0.15364894270896912,29.943212509155273,0.024941088631749153,1.3000000715255737,0.2706499993801117,0.002749999985098839,,,,,,,
4050000,810,1.2000000476837158,0.628488302230835,10.115214347839355,-0.12016397714614868,20.475784301757812,0.022148247808218002,1.2000000476837158,0.289249986410141,0.00279999990016222,,,,,,,
4055000,811,1.8000000715255737,0.6117260456085205,13.151859283447266,0.13562840223312378,26.037355422973633,0.03745368495583534,1.8000000715255737,0.29919999837875366,0.003449999960139394,,,,,,,
4060000,812,1.600000023841858,0.6331411600112915,12.270515441894531,0.1209690123796463,24.304157257080078,0.03378375992178917,1.600000023841858,0.3048499822616577,0.002849999815225601,,,,,,,
4065000,813,1.2000000476837158,0.6306501626968384,10.415116310119629,-0.02835167944431305,20.89198112487793,0.021741362288594246,1.2000000476837158,0.32214999198913574,0.0035500000230968,,,,,,,
4070000,814,1.2000000476837158,0.6414531469345093,13.84128189086914,-0.06879796087741852,27.82529067993164,0.023287467658519745,1.2000000476837158,0.2916499972343445,0.0031999999191612005,,,,,,,
4075000,815,1.899999976158142,0.6534679532051086,16.957529067993164,0.15930062532424927,33.6016845703125,0.040840547531843185,1.899999976158142,0.2920999825000763,0.00279999990016222,,,,,,,
4080000,816,1.5,0.6631749868392944,11.406641960144043,0.02782910317182541,22.76293182373047,0.02910052426159382,1.5,0.27994999289512634,0.0029499998781830072,,,,,,,
4085000,817,1.7000000476837158,0.6810654401779175,12.155253410339355,0.08022062480449677,24.155513763427734,0.035632628947496414,1.7000000476837158,0.23819999396800995,0.0032999999821186066,,,,,,,
4090000,818,1.7000000476837158,0.687847375869751,14.11764144897461,-0.17316333949565887,28.587112426757812,0.033317700028419495,1.7000000476837158,0.26054999232292175,0.0032999999821186066,,,,,,,
4095000,819,1.2000000476837158,0.6853649020195007,13.077776908874512,-0.3813738524913788,26.923784255981445,0.020047815516591072,1.2000000476837158,0.25064998865127563,0.003000000026077032,,,,,,,
4100000,820,2.200000047683716,0.6875182390213013,28.71224594116211,-0.040994465351104736,57.51198196411133,0.05071130394935608,2.200000047683716,0.2483000010251999,0.0037499999161809683,,,,,,,
4105000,821,1.399999976158142,0.6596633791923523,14.892580032348633,-0.00954119861125946,29.809520721435547,0.02904483489692211,1.399999976158142,0.25064998865127563,0.0030499999411404133,,,,,,,
4110000,822,1.8000000715255737,0.68122398853302,18.62933349609375,-0.10760815441608429,37.479331970214844,0.039177872240543365,1.8000000715255737,0.24809999763965607,0.0032499998342245817,,,,,,,
4115000,823,1.0,0.6770613789558411,9.813390731811523,-0.17514897882938385,19.98249626159668,0.01648518070578575,1.0,0.27239999175071716,0.0030999998562037945,,,,,,,
4120000,824,1.399999976158142,0.6835333704948425,16.925613403320312,-0.26199305057525635,34.380680084228516,0.02669415809214115,1.399999976158142,0.25450000166893005,0.0031999999191612005,,,,,,,
4125000,825,1.2000000476837158,0.6861169338226318,12.384529113769531,-0.16506429016590118,25.10467529296875,0.021133290603756905,1.2000000476837158,0.2366499900817871,0.0031999999191612005,,,,,,,
4130000,826,1.600000023841858,0.6896017789840698,18.814165115356445,0.030300751328468323,37.573246002197266,0.03798188269138336,1.600000023841858,0.26304998993873596,0.003599999938160181,,,,,,,
4135000,827,1.100000023841858,0.7105738520622253,7.476989269256592,-0.2538641095161438,15.467391014099121,0.015693455934524536,1.100000023841858,0.21894998848438263,0.003399999812245369,,,,,,,
4140000,828,0.9000000357627869,0.71000736951828,7.634276866912842,-0.3216780424118042,15.917590141296387,0.009224939160048962,0.9000000357627869,0.22384999692440033,0.003399999812245369,,,,,,,
4145000,829,1.399999976158142,0.7202121615409851,11.634125709533691,-0.13684840500354767,23.547710418701172,0.025755975395441055,1.399999976158142,0.20149999856948853,0.0031999999191612005,,,,,,,
4150000,830,1.399999976158142,0.7207002639770508,9.728377342224121,-0.12695516645908356,19.7164306640625,0.026043584570288658,1.399999976158142,0.18574999272823334,0.003000000026077032,,,,,,,
4155000,831,1.399999976158142,0.7170337438583374,12.261615753173828,-0.04479772597551346,24.618562698364258,0.02589673176407814,1.399999976158142,0.19294999539852142,0.003499999875202775,,,,,,,
4160000,832,1.5,0.7258818745613098,15.377424240112305,-0.22780174016952515,31.216259002685547,0.027825048193335533,1.5,0.17409999668598175,0.0038999998942017555,,,,,,,
4165000,833,1.899999976158142,0.7226880788803101,15.854959487915039,0.07904727756977081,31.557605743408203,0.038922037929296494,1.899999976158142,0.1772499978542328,0.0031500000040978193,,,,,,,
4170000,834,1.8000000715255737,0.7088743448257446,16.520416259765625,-0.05264266952872276,33.151790618896484,0.036803435534238815,1.8000000715255737,0.18015000224113464,0.002899999963119626,,,,,,,
4175000,835,0.9000000357627869,0.7194175720214844,7.721091270446777,-0.3404156565666199,16.128768920898438,0.009443170391023159,0.9000000357627869,0.18434999883174896,0.0031500000040978193,,,,,,,
4180000,836,1.8000000715255737,0.6963071823120117,13.116822242736816,-0.03529464453458786,26.309804916381836,0.03533107414841652,1.8000000715255737,0.16859999299049377,0.002849999815225601,,,,,,,
4185000,837,2.299999952316284,0.6808603405952454,28.627641677856445,0.13811196386814117,56.98450469970703,0.05333312973380089,2.299999952316284,0.15320000052452087,0.002699999837204814,,,,,,,
4190000,838,2.0,0.6849604845046997,14.77523136138916,0.03375779464840889,29.488426208496094,0.04162171855568886,2.0,0.1777999997138977,0.002699999837204814,,,,,,,
4195000,839,1.7000000476837158,0.6883143186569214,17.384361267089844,-0.2554851472377777,35.28519821166992,0.03474952280521393,1.7000000476837158,0.19829998910427094,0.003399999812245369,,,,,,,
4200000,840,2.299999952316284,0.6624889373779297,21.619327545166016,-0.1233752965927124,43.49070739746094,0.0531306266784668,2.299999952316284,0.17844998836517334,0.0036499998532235622,,,,,,,
4205000,841,1.7000000476837158,0.6687278747558594,15.07784366607666,-0.23764660954475403,30.636329650878906,0.03470487892627716,1.7000000476837158,0.22059999406337738,0.003449999960139394,,,,,,,
4210000,842,1.5,0.6552457809448242,11.297439575195312,-0.4791454076766968,23.558412551879883,0.02673209086060524,1.5,0.21525000035762787,0.003000000026077032,,,,,,,
4215000,843,1.399999976158142,0.6534466743469238,10.481081008911133,-0.3220934569835663,21.611576080322266,0.025212248787283897,1.399999976158142,0.2805500030517578,0.0024500000290572643,,,,,,,
4220000,844,1.3000000715255737,0.6666449308395386,9.408208847045898,-0.3103039860725403,19.442358016967773,0.02367694303393364,1.3000000715255737,0.24734999239444733,0.0026000000070780516,,,,,,,
4225000,845,1.8000000715255737,0.6834596395492554,14.32784366607666,-0.030766528099775314,28.722688674926758,0.03834528848528862,1.8000000715255737,0.23604999482631683,0.003000000026077032,,,,,,,
4230000,846,1.899999976158142,0.677533745765686,16.390975952148438,-0.011381126940250397,32.81013488769531,0.03972886875271797,1.899999976158142,0.23144999146461487,0.0026000000070780516,,,,,,,
4235000,847,1.899999976158142,0.6873255372047424,18.295146942138672,0.09069700539112091,36.414398193359375,0.04093923047184944,1.899999976158142,0.25949999690055847,0.0025499998591840267,,,,,,,
4240000,848,2.0,0.69423907995224,17.057252883911133,0.1661059707403183,33.78784942626953,0.042058542370796204,2.0,0.21824999153614044,0.0026000000070780516,,,,,,,
4245000,849,1.600000023841858,0.6948922872543335,15.526070594787598,-0.11032967269420624,31.27836036682129,0.030838198959827423,1.600000023841858,0.2240999937057495,0.002849999815225601,,,,,,,
4250000,850,1.5,0.7035121321678162,11.53866195678711,0.021931812167167664,23.03908920288086,0.024397920817136765,1.5,0.22349999845027924,0.002749999985098839,,,,,,,
4255000,851,1.7000000476837158,0.7164334058761597,11.200602531433105,-0.0022461339831352234,22.411428451538086,0.03057975322008133,1.7000000476837158,0.2113499939441681,0.0032499998342245817,,,,,,,
4260000,852,2.299999952316284,0.7238104343414307,12.678279876708984,0.017042115330696106,25.328266143798828,0.043222375214099884,2.299999952316284,0.2170500010251999,0.002899999963119626,,,,,,,
4265000,853,1.399999976158142,0.7382164597511292,9.481905937194824,-0.12785007059574127,19.225418090820312,0.023671215400099754,1.399999976158142,0.19325000047683716,0.002899999963119626,,,,,,,
4270000,854,1.8000000715255737,0.7430717349052429,14.122241973876953,-0.16880924999713898,28.58804702758789,0.03425566852092743,1.8000000715255737,0.18614999949932098,0.0030999998562037945,,,,,,,
4275000,855,2.200000047683716,0.7315959930419922,18.507278442382812,-0.13814391195774078,37.296695709228516,0.045680444687604904,2.200000047683716,0.18564999103546143,0.0030499999411404133,,,,,,,
4280000,856,1.2000000476837158,0.7427003979682922,9.92373275756836,-0.39248383045196533,20.63837432861328,0.019423941150307655,1.2000000476837158,0.17289999127388,0.0032499998342245817,,,,,,,
4285000,857,2.4000000953674316,0.7194356918334961,25.652956008911133,-0.22723478078842163,51.766136169433594,0.05070096626877785,2.4000000953674316,0.20499999821186066,0.0030499999411404133,,,,,,,
4290000,858,1.600000023841858,0.7324529886245728,13.127312660217285,-0.3916023373603821,27.043689727783203,0.027382442727684975,1.600000023841858,0.17659999430179596,0.003399999812245369,,,,,,,
4295000,859,1.399999976158142,0.7266702651977539,13.30716323852539,-0.6673098206520081,27.95475959777832,0.02089126780629158,1.399999976158142,0.1822499930858612,0.0032999999821186066,,,,,,,
4300000,860,1.7000000476837158,0.7115086317062378,11.830690383911133,-0.20402075350284576,24.075115203857422,0.03150351345539093,1.7000000476837158,0.19584999978542328,0.0030999998562037945,,,,,,,
4305000,861,1.3000000715255737,0.7008900046348572,10.4304838180542,-0.3722488284111023,21.611072540283203,0.018982388079166412,1.3000000715255737,0.2110999971628189,0.0032499998342245817,,,,,,,
4310000,862,1.899999976158142,0.6897857189178467,13.210070610046387,-0.17701101303100586,26.779682159423828,0.03255496919155121,1.899999976158142,0.1829499900341034,0.0037999998312443495,,,,,,,
4315000,863,1.8000000715255737,0.6808138489723206,21.587060928344727,-0.08349927514791489,43.34656524658203,0.031868256628513336,1.8000000715255737,0.20319999754428864,0.0037499999161809683,,,,,,,
4320000,864,1.399999976158142,0.6627909541130066,11.91837215423584,-0.1579592525959015,24.1579647064209,0.02142971381545067,1.399999976158142,0.24594999849796295,0.0038999998942017555,,,,,,,
4325000,865,1.7000000476837158,0.6438038349151611,10.674214363098145,-0.002815511077642441,21.359210968017578,0.028441131114959717,1.7000000476837158,0.24904999136924744,0.00419999985024333,,,,,,,
4330000,866,1.899999976158142,0.6185694932937622,13.54882526397705,0.01997506618499756,27.06264877319336,0.03707791119813919,1.899999976158142,0.2515999972820282,0.003000000026077032,,,,,,,
4335000,867,1.100000023841858,0.6245036125183105,11.306952476501465,-0.22774989902973175,23.074399948120117,0.013073357753455639,1.100000023841858,0.2626499831676483,0.003599999938160181,,,,,,,
4340000,868,1.2000000476837158,0.6184724569320679,10.113202095031738,-0.021183885633945465,20.273719787597656,0.017469434067606926,1.2000000476837158,0.2688499987125397,0.003399999812245369,,,,,,,
4345000,869,1.5,0.6248751878738403,10.970972061157227,0.07880482077598572,21.78933334350586,0.025180840864777565,1.5,0.27619999647140503,0.003399999812245369,,,,,,,
4350000,870,2.0,0.614636242389679,13.370221138000488,0.24445652961730957,26.256446838378906,0.0413387157022953,2.0,0.274399995803833,0.0037499999161809683,,,,,,,
4355000,871,1.7000000476837158,0.6294969320297241,9.821473121643066,-0.049500107765197754,19.74698257446289,0.02981417439877987,1.7000000476837158,0.28329998254776,0.0026499999221414328,,,,,,,
4360000,872,1.600000023841858,0.6273735761642456,11.607895851135254,-0.1120385229587555,23.444887161254883,0.026840129867196083,1.600000023841858,0.2563999891281128,0.0035500000230968,,,,,,,
4365000,873,1.5,0.6099624633789062,14.902785301208496,-0.10642187297344208,30.02329444885254,0.023191165179014206,1.5,0.28154999017715454,0.0031999999191612005,,,,,,,
4370000,874,2.6000001430511475,0.6184324026107788,24.8658504486084,0.07633095979690552,49.583988189697266,0.0553564727306366,2.6000001430511475,0.2751999795436859,0.0037499999161809683,,,,,,,
4375000,875,1.3000000715255737,0.6367402076721191,10.718010902404785,-0.2663949131965637,21.973905563354492,0.017935290932655334,1.3000000715255737,0.25415000319480896,0.0032499998342245817,,,,,,,
4380000,876,2.0,0.6469322443008423,12.49122142791748,-0.3143484890460968,25.616315841674805,0.0372747927904129,2.0,0.2256999909877777,0.0033499998971819878,,,,,,,
4385000,877,1.5,0.6413495540618896,8.957775115966797,-0.24578475952148438,18.412250518798828,0.02172534167766571,1.5,0.2369999885559082,0.002899999963119626,,,,,,,
4390000,878,1.8000000715255737,0.6492219567298889,10.765887260437012,-0.13378024101257324,21.804529190063477,0.03066224977374077,1.8000000715255737,0.22619999945163727,0.002699999837204814,,,,,,,
4395000,879,2.0,0.6564813852310181,14.046188354492188,-0.0992438942193985,28.29611587524414,0.0379127562046051,2.0,0.21494999527931213,0.002749999985098839,,,,,,,
4400000,880,2.5,0.6575995087623596,18.652385711669922,0.032388441264629364,37.24525451660156,0.05060012638568878,2.5,0.22634999454021454,0.0030499999411404133,,,,,,,
4405000,881,2.5,0.6535311341285706,18.954700469970703,-0.047403231263160706,38.009437561035156,0.051113855093717575,2.5,0.23189999163150787,0.0022499999031424522,,,,,,,
4410000,882,2.200000047683716,0.6549568772315979,22.70018196105957,-0.003900920506566763,45.41340637207031,0.04027396813035011,2.200000047683716,0.21674999594688416,0.002899999963119626,,,,,,,
4415000,883,2.6000001430511475,0.6456565856933594,14.674009323120117,-0.044468458741903305,29.442121505737305,0.04886430874466896,2.6000001430511475,0.22589999437332153,0.00279999990016222,,,,,,,
4420000,884,1.8000000715255737,0.6530205011367798,13.69819450378418,-0.32855159044265747,28.0587158203125,0.03212883695960045,1.8000000715255737,0.21525000035762787,0.0023499999660998583,,,,,,,
4425000,885,2.0,0.6370716691017151,13.04587173461914,-0.20062685012817383,26.49809455871582,0.04063267260789871,2.0,0.2395000010728836,0.0022499999031424522,,,,,,,
4430000,886,2.5,0.6240469217300415,15.982270240783691,-0.23925000429153442,32.44803237915039,0.04881526529788971,2.5,0.22459998726844788,0.0017499999376013875,,,,,,,
4435000,887,1.5,0.6291711330413818,18.110877990722656,-0.2765313684940338,36.77985382080078,0.026970483362674713,1.5,0.21204999089241028,0.0024500000290572643,,,,,,,
4440000,888,1.7000000476837158,0.6076303124427795,15.682955741882324,-0.39138421416282654,32.153541564941406,0.02745828777551651,1.7000000476837158,0.25380000472068787,0.0023499999660998583,,,,,,,
4445000,889,1.899999976158142,0.6090360283851624,11.452201843261719,-0.213579460978508,23.336435317993164,0.030914226546883583,1.899999976158142,0.2538999915122986,0.0022499999031424522,,,,,,,
4450000,890,1.8000000715255737,0.596957266330719,11.922646522521973,-0.1665576696395874,24.183183670043945,0.030905352905392647,1.8000000715255737,0.26829999685287476,0.0017999999690800905,,,,,,,
4455000,891,1.8000000715255737,0.6012167930603027,11.846223831176758,-0.21051259338855743,24.118282318115234,0.02716219425201416,1.8000000715255737,0.25984999537467957,0.002149999840185046,,,,,,,
4460000,892,2.1000001430511475,0.5945371389389038,12.804834365844727,-0.05160408467054367,25.717632293701172,0.03445226326584816,2.1000001430511475,0.25634998083114624,0.001500000013038516,,,,,,,
4465000,893,1.7000000476837158,0.6210873126983643,15.844298362731934,0.02787397801876068,31.6378173828125,0.032000649720430374,1.7000000476837158,0.21379999816417694,0.0018999999156221747,,,,,,,
4470000,894,1.3000000715255737,0.6323908567428589,10.143512725830078,-0.2374468594789505,20.766979217529297,0.01751558668911457,1.3000000715255737,0.2074499875307083,0.0016499999910593033,,,,,,,
4475000,895,1.3000000715255737,0.6396770477294922,8.494839668273926,-0.30258017778396606,17.599956512451172,0.01570901833474636,1.3000000715255737,0.1830499917268753,0.0016499999910593033,,,,,,,
4480000,896,2.299999952316284,0.6434681415557861,14.100737571716309,0.10871315747499466,27.98919677734375,0.04452316090464592,2.299999952316284,0.19869999587535858,0.0022499999031424522,,,,,,,
4485000,897,1.899999976158142,0.6672908067703247,9.66175365447998,-0.08835288882255554,19.505552291870117,0.029817180708050728,1.899999976158142,0.18854999542236328,0.0019499999471008778,,,,,,,
4490000,898,1.5,0.66483473777771,12.783185005187988,-0.293252557516098,26.158193588256836,0.024194736033678055,1.5,0.1639000028371811,0.002050000010058284,,,,,,,
4495000,899,1.600000023841858,0.6906522512435913,16.790184020996094,-0.29849493503570557,34.182884216308594,0.03031696379184723,1.600000023841858,0.15609999001026154,0.0026499999221414328,,,,,,,
4500000,900,2.0,0.6976377964019775,14.55285358428955,-0.460782915353775,30.032854080200195,0.0355498269200325,2.0,0.1460999995470047,0.002300000051036477,,,,,,,
4505000,901,1.7000000476837158,0.7114830017089844,20.561080932617188,-0.43887293338775635,42.00559997558594,0.033221274614334106,1.7000000476837158,0.14079999923706055,0.0030999998562037945,,,,,,,
4510000,902,2.200000047683716,0.707746148109436,18.72775650024414,-0.2718042731285095,38.004783630371094,0.040851932018995285,2.200000047683716,0.14000000059604645,0.0016999999061226845,,,,,,,
4515000,903,2.6000001430511475,0.7079511284828186,22.429676055908203,-0.11059261858463287,45.08620071411133,0.05134974792599678,2.6000001430511475,0.13729999959468842,0.001999999862164259,,,,,,,
4520000,904,2.200000047683716,0.7042136788368225,15.772052764892578,-0.09890291839838028,31.74754524230957,0.04274003580212593,2.200000047683716,0.12950000166893005,0.002099999925121665,,,,,,,
4525000,905,1.5,0.6971428394317627,10.467377662658691,-0.2670566737651825,21.474445343017578,0.01953166164457798,1.5,0.1354999989271164,0.001999999862164259,,,,,,,
4530000,906,1.899999976158142,0.6621005535125732,7.470282554626465,-0.16546547412872314,15.276792526245117,0.02510535717010498,1.899999976158142,0.15524999797344208,0.0022499999031424522,,,,,,,
4535000,907,1.3000000715255737,0.6723719835281372,12.259812355041504,-0.1574699580669403,24.839942932128906,0.017850887030363083,1.3000000715255737,0.15015000104904175,0.0023499999660998583,,,,,,,
4540000,908,1.8000000715255737,0.663367509841919,11.243945121765137,0.0028526782989501953,22.487491607666016,0.026666054502129555,1.8000000715255737,0.15649999678134918,0.0023499999660998583,,,,,,,
4545000,909,2.0,0.6404080390930176,12.955707550048828,0.10550706088542938,25.705524444580078,0.03268049284815788,2.0,0.1508999913930893,0.0016999999061226845,,,,,,,
4550000,910,2.299999952316284,0.6334390640258789,11.81443977355957,0.27991530299186707,23.074115753173828,0.04133373126387596,2.299999952316284,0.18334999680519104,0.001999999862164259,,,,,,,
4555000,911,1.399999976158142,0.6202871203422546,10.925110816955566,0.09591898322105408,21.663345336914062,0.020590083673596382,1.399999976158142,0.17384999990463257,0.002050000010058284,,,,,,,
4560000,912,2.200000047683716,0.6108928918838501,16.166133880615234,0.18376155197620392,31.969633102416992,0.040400322526693344,2.200000047683716,0.18199999630451202,0.0024500000290572643,,,,,,,
4565000,913,2.0,0.6055700182914734,12.606870651245117,0.06913705170154572,25.080310821533203,0.035117197781801224,2.0,0.19119998812675476,0.0018999999156221747,,,,,,,
4570000,914,2.299999952316284,0.5935345888137817,15.584607124328613,-0.11714302003383636,31.408248901367188,0.0422264002263546,2.299999952316284,0.1890999972820282,0.0018500000005587935,,,,,,,
4575000,915,1.8000000715255737,0.5881173610687256,12.505772590637207,-0.1608801782131195,25.338010787963867,0.0316217839717865,1.8000000715255737,0.21059998869895935,0.0018999999156221747,,,,,,,
4580000,916,2.5,0.5779249668121338,17.521896362304688,-0.19282782077789307,35.4340705871582,0.049346569925546646,2.5,0.21389999985694885,0.0019499999471008778,,,,,,,
4585000,917,1.600000023841858,0.5809800624847412,10.600479125976562,-0.4309696555137634,22.06754493713379,0.02515171281993389,1.600000023841858,0.19814999401569366,0.0018999999156221747,,,,,,,
4590000,918,1.7000000476837158,0.5876866579055786,10.943412780761719,-0.26742684841156006,22.426380157470703,0.027118057012557983,1.7000000476837158,0.19394999742507935,0.0017499999376013875,,,,,,,
4595000,919,2.4000000953674316,0.5805697441101074,13.23730754852295,-0.1555042564868927,26.790267944335938,0.04469751939177513,2.4000000953674316,0.20319999754428864,0.0018500000005587935,,,,,,,
4600000,920,1.600000023841858,0.5657636523246765,14.093058586120605,-0.23582260310649872,28.662288665771484,0.02883460931479931,1.600000023841858,0.19439999759197235,0.0017999999690800905,,,,,,,
4605000,921,1.399999976158142,0.5660409927368164,9.018013000488281,-0.3482726216316223,18.737098693847656,0.0176679827272892,1.399999976158142,0.22314999997615814,0.0016499999910593033,,,,,,,
4610000,922,2.799999952316284,0.5504506826400757,17.679288864135742,0.10091695934534073,35.16114807128906,0.05428236722946167,2.799999952316284,0.2433999925851822,0.0012499999720603228,,,,,,,
4615000,923,2.200000047683716,0.5602262020111084,24.576187133789062,-0.13281434774398804,49.4224853515625,0.03835272789001465,2.200000047683716,0.2254999876022339,0.0016999999061226845,,,,,,,
4620000,924,1.5,0.5594292283058167,8.211301803588867,-0.155217707157135,16.73751449584961,0.01945723034441471,1.5,0.2680000066757202,0.0015999999595806003,,,,,,,
4625000,925,2.200000047683716,0.5662882328033447,14.772299766540527,-0.12182245403528214,29.792774200439453,0.037086743861436844,2.200000047683716,0.21124999225139618,0.0018500000005587935,,,,,,,
4630000,926,1.2000000476837158,0.5660406351089478,7.11304235458374,-0.19267499446868896,14.615962982177734,0.010416680946946144,1.2000000476837158,0.211899995803833,0.002300000051036477,,,,,,,
4635000,927,2.200000047683716,0.575575053691864,14.50672721862793,-0.021667808294296265,29.06139373779297,0.03914932906627655,2.200000047683716,0.22759999334812164,0.0015999999595806003,,,,,,,
4640000,928,1.600000023841858,0.5772974491119385,12.72041130065918,-0.011545374989509583,25.46853256225586,0.021810956299304962,1.600000023841858,0.21040000021457672,0.00139999995008111,,,,,,,
4645000,929,2.200000047683716,0.573728084564209,13.691182136535645,0.11473393440246582,27.157485961914062,0.03703507035970688,2.200000047683716,0.21754999458789825,0.0015999999595806003,,,,,,,
4650000,930,2.4000000953674316,0.5974876880645752,15.299901962280273,-0.08372024446725845,30.772024154663086,0.0424468070268631,2.4000000953674316,0.21859999001026154,0.0017999999690800905,,,,,,,
4655000,931,2.299999952316284,0.5948156118392944,17.579578399658203,-0.20755863189697266,35.57903289794922,0.039496805518865585,2.299999952316284,0.21364998817443848,0.0011999999405816197,,,,,,,
4660000,932,2.700000047683716,0.6134675145149231,16.061498641967773,-0.19849419593811035,32.52489471435547,0.04720931127667427,2.700000047683716,0.20714999735355377,0.002199999988079071,,,,,,,
4665000,933,2.200000047683716,0.6188758611679077,14.745366096496582,-0.33833998441696167,30.17236328125,0.03861505165696144,2.200000047683716,0.18629999458789825,0.0017999999690800905,,,,,,,
4670000,934,2.0,0.6191313862800598,10.070371627807617,-0.3858916163444519,20.91748046875,0.03267134353518486,2.0,0.1736999899148941,0.0016499999910593033,,,,,,,
4675000,935,2.0,0.6244292259216309,16.376850128173828,-0.4172879457473755,33.5932731628418,0.03508966788649559,2.0,0.15940000116825104,0.002050000010058284,,,,,,,
4680000,936,2.6000001430511475,0.6368590593338013,16.578638076782227,-0.27683696150779724,33.71604537963867,0.048266470432281494,2.6000001430511475,0.15230000019073486,0.0016499999910593033,,,,,,,
4685000,937,1.8000000715255737,0.6333671808242798,10.530933380126953,-0.45289361476898193,21.972721099853516,0.0331629179418087,1.8000000715255737,0.1505499929189682,0.0017999999690800905,,,,,,,
4690000,938,1.8000000715255737,0.636554479598999,11.269689559936523,-0.2875429093837738,23.119556427001953,0.02677384577691555,1.8000000715255737,0.1748500019311905,0.002199999988079071,,,,,,,
4695000,939,1.399999976158142,0.6435043811798096,15.731779098510742,-0.3382481038570404,32.14520263671875,0.020618706941604614,1.399999976158142,0.1659500002861023,0.0018999999156221747,,,,,,,
4700000,940,2.299999952316284,0.6437902450561523,12.642669677734375,-0.10294903069734573,25.496387481689453,0.0405467264354229,2.299999952316284,0.17035000026226044,0.0023999998811632395,,,,,,,
4705000,941,2.4000000953674316,0.6449388265609741,11.846651077270508,-0.0542268306016922,23.806915283203125,0.03944573923945427,2.4000000953674316,0.18519999086856842,0.0015999999595806003,,,,,,,
4710000,942,1.5,0.6377631425857544,6.891174793243408,-0.14180155098438263,14.071054458618164,0.017196377739310265,1.5,0.186599999666214,0.0019499999471008778,,,,,,,
4715000,943,2.200000047683716,0.628637433052063,11.872714042663574,-0.01605743169784546,23.78257179260254,0.036467619240283966,2.200000047683716,0.18355000019073486,0.0015499999281018972,,,,,,,
4720000,944,2.299999952316284,0.6234170198440552,11.609621047973633,0.14403051137924194,22.936168670654297,0.03540017455816269,2.299999952316284,0.20749999582767487,0.0019499999471008778,,,,,,,
4725000,945,1.8000000715255737,0.6293271780014038,9.897113800048828,-0.050293952226638794,19.899850845336914,0.02536822110414505,1.8000000715255737,0.18024998903274536,0.0015999999595806003,,,,,,,
4730000,946,2.0,0.6554368734359741,11.002017974853516,0.0024408698081970215,22.004398345947266,0.0330689437687397,2.0,0.17504999041557312,0.002050000010058284,,,,,,,
4735000,947,1.8000000715255737,0.6330457925796509,8.712320327758789,-0.01891130581498146,17.467527389526367,0.022025926038622856,1.8000000715255737,0.18994998931884766,0.0015999999595806003,,,,,,,
4740000,948,2.299999952316284,0.6351138353347778,14.20167350769043,-0.042209774255752563,28.492847442626953,0.03948995843529701,2.299999952316284,0.18564999103546143,0.0015499999281018972,,,,,,,
4745000,949,2.5,0.6293458938598633,10.539623260498047,-0.042315058410167694,21.16891098022461,0.03953653946518898,2.5,0.20215000212192535,0.0018999999156221747,,,,,,,
4750000,950,1.2000000476837158,0.6312977075576782,6.802190780639648,-0.28089648485183716,14.171224594116211,0.01049134787172079,1.2000000476837158,0.18729999661445618,0.0011500000255182385,,,,,,,
4755000,951,1.5,0.6365753412246704,11.844311714172363,-0.2642427682876587,24.22220230102539,0.019571896642446518,1.5,0.2065500020980835,0.001500000013038516,,,,,,,
4760000,952,2.700000047683716,0.6197102665901184,13.251738548278809,0.019466465339064598,26.469501495361328,0.04520684853196144,2.700000047683716,0.21249999105930328,0.001449999981559813,,,,,,,
4765000,953,2.1000001430511475,0.6212784051895142,11.050174713134766,-0.2470109760761261,22.599342346191406,0.031704626977443695,2.1000001430511475,0.20154999196529388,0.0017499999376013875,,,,,,,
4770000,954,3.5,0.6165095567703247,29.15332794189453,0.24529129266738892,57.821006774902344,0.07287530601024628,3.5,0.2228499948978424,0.001349999918602407,,,,,,,
4775000,955,2.4000000953674316,0.6095371246337891,11.606890678405762,-0.16895321011543274,23.556564331054688,0.03607429191470146,2.4000000953674316,0.23309999704360962,0.0012499999720603228,,,,,,,
4780000,956,2.700000047683716,0.6114693880081177,14.533989906311035,-0.15386220812797546,29.380596160888672,0.043192699551582336,2.700000047683716,0.22589999437332153,0.0018500000005587935,,,,,,,
4785000,957,2.299999952316284,0.5983667373657227,13.26181411743164,-0.2605533003807068,27.049522399902344,0.03521689400076866,2.299999952316284,0.2458999902009964,0.0016499999910593033,,,,,,,
4790000,958,2.0,0.5949491262435913,11.296326637268066,-0.30639904737472534,23.2102108001709,0.032385412603616714,2.0,0.2462499886751175,0.0018999999156221747,,,,,,,
4795000,959,1.8000000715255737,0.585644006729126,9.471177101135254,-0.25071877241134644,19.448476791381836,0.023266835138201714,1.8000000715255737,0.23849999904632568,0.001500000013038516,,,,,,,
4800000,960,2.5,0.5849258303642273,15.476394653320312,-0.17557242512702942,31.308612823486328,0.045451920479536057,2.5,0.2593500018119812,0.0016999999061226845,,,,,,,
4805000,961,1.899999976158142,0.5786933898925781,10.791854858398438,-0.24661079049110413,22.081560134887695,0.02562928944826126,1.899999976158142,0.27175000309944153,0.0009499999578110874,,,,,,,
4810000,962,2.700000047683716,0.5761206150054932,15.257692337036133,-0.06411728262901306,30.64822769165039,0.04554546996951103,2.700000047683716,0.29019999504089355,0.0016499999910593033,,,,,,,
4815000,963,1.899999976158142,0.5777579545974731,10.497942924499512,-0.0722009465098381,21.144908905029297,0.02743457816541195,1.899999976158142,0.26100000739097595,0.001349999918602407,,,,,,,
4820000,964,2.0,0.5585243701934814,10.959964752197266,-0.11719413101673126,22.15878677368164,0.029886869713664055,2.0,0.2680499851703644,0.0011999999405816197,,,,,,,
4825000,965,3.4000000953674316,0.5727119445800781,19.551267623901367,-0.03906559944152832,39.18524932861328,0.06372616440057755,3.4000000953674316,0.2562499940395355,0.001349999918602407,,,,,,,
4830000,966,2.299999952316284,0.5603793263435364,13.736820220947266,-0.06423816084861755,27.606599807739258,0.03830616548657417,2.299999952316284,0.28610000014305115,0.0011500000255182385,,,,,,,
4835000,967,2.1000001430511475,0.5639529228210449,12.801196098327637,-0.2067164033651352,26.020336151123047,0.033437579870224,2.1000001430511475,0.268449991941452,0.0018500000005587935,,,,,,,
4840000,968,2.4000000953674316,0.5775392651557922,15.647383689880371,-0.2129286229610443,31.725244522094727,0.03670858219265938,2.4000000953674316,0.23489999771118164,0.0015999999595806003,,,,,,,
4845000,969,2.4000000953674316,0.5744200348854065,12.769492149353027,-0.23483972251415253,26.013259887695312,0.04146939888596535,2.4000000953674316,0.259799987077713,0.0012499999720603228,,,,,,,
4850000,970,3.1000001430511475,0.5882941484451294,18.819252014160156,-0.027346257120370865,37.69790267944336,0.05888111889362335,3.1000001430511475,0.22759999334812164,0.0018500000005587935,,,,,,,
4855000,971,2.0,0.5837669968605042,11.961379051208496,-0.3905872404575348,24.708602905273438,0.03136527165770531,2.0,0.25360000133514404,0.001349999918602407,,,,,,,
4860000,972,2.5,0.5960937142372131,16.33580780029297,-0.3391861915588379,33.35475540161133,0.04237623140215874,2.5,0.23510000109672546,0.0012499999720603228,,,,,,,
4865000,973,1.899999976158142,0.5869092345237732,9.570432662963867,-0.4337007999420166,20.012962341308594,0.02326626516878605,1.899999976158142,0.2219499945640564,0.0015499999281018972,,,,,,,
4870000,974,2.5,0.6002374887466431,12.553263664245605,-0.4075022041797638,25.926334381103516,0.041281864047050476,2.5,0.20719999074935913,0.0019499999471008778,,,,,,,
4875000,975,2.4000000953674316,0.5996903777122498,20.217620849609375,-0.26919806003570557,40.97843551635742,0.037783440202474594,2.4000000953674316,0.20789998769760132,0.0016999999061226845,,,,,,,
4880000,976,2.9000000953674316,0.5930255651473999,13.881474494934082,-0.12641838192939758,28.020530700683594,0.04700849577784538,2.9000000953674316,0.22139999270439148,0.0016499999910593033,,,,,,,
4885000,977,1.899999976158142,0.5898568630218506,12.545783996582031,-0.2325439751148224,25.56137466430664,0.023121042177081108,1.899999976158142,0.20524999499320984,0.0010499999625608325,,,,,,,
4890000,978,1.8000000715255737,0.5964805483818054,12.101856231689453,-0.2870998978614807,24.782684326171875,0.02259529009461403,1.8000000715255737,0.19789999723434448,0.001349999918602407,,,,,,,
4895000,979,1.8000000715255737,0.5934377908706665,13.618322372436523,-0.2940438985824585,27.829479217529297,0.027866167947649956,1.8000000715255737,0.19329999387264252,0.002199999988079071,,,,,,,
4900000,980,2.9000000953674316,0.5758519172668457,14.904909133911133,0.00723029300570488,29.799964904785156,0.04933047667145729,2.9000000953674316,0.22280000150203705,0.0018999999156221747,,,,,,,
4905000,981,2.1000001430511475,0.5956068634986877,12.653168678283691,-0.08829905092716217,25.487699508666992,0.027940019965171814,2.1000001430511475,0.19614998996257782,0.001500000013038516,,,,,,,
4910000,982,2.4000000953674316,0.575424313545227,13.59679126739502,0.010934650897979736,27.17631721496582,0.033463675528764725,2.4000000953674316,0.2252499908208847,0.0017499999376013875,,,,,,,
4915000,983,2.1000001430511475,0.5573532581329346,12.352989196777344,0.11320200562477112,24.484033584594727,0.03080180659890175,2.1000001430511475,0.1981000006198883,0.0011999999405816197,,,,,,,
4920000,984,1.899999976158142,0.5440803170204163,8.411689758300781,-0.05951881781220436,16.94676971435547,0.022898193448781967,1.899999976158142,0.18824999034404755,0.002149999840185046,,,,,,,
4925000,985,2.700000047683716,0.5440819263458252,11.900041580200195,0.08983401954174042,23.624767303466797,0.04133584350347519,2.700000047683716,0.22544999420642853,0.0015499999281018972,,,,,,,
4930000,986,1.8000000715255737,0.542931318283081,10.491236686706543,-0.11052823066711426,21.20787239074707,0.02277466654777527,1.8000000715255737,0.22269999980926514,0.0015999999595806003,,,,,,,
4935000,987,2.0,0.5443493127822876,9.048394203186035,-0.04259171336889267,18.18632698059082,0.029204869642853737,2.0,0.2224999964237213,0.0011999999405816197,,,,,,,
4940000,988,2.200000047683716,0.5371858477592468,10.780017852783203,-0.212713822722435,21.989761352539062,0.028856530785560608,2.200000047683716,0.23834998905658722,0.002300000051036477,,,,,,,
4945000,989,2.4000000953674316,0.543459415435791,12.135485649108887,-0.16275741159915924,24.600833892822266,0.038630593568086624,2.4000000953674316,0.23669999837875366,0.0010499999625608325,,,,,,,
4950000,990,2.0,0.5297489762306213,14.229012489318848,-0.22998563945293427,28.92223358154297,0.023062091320753098,2.0,0.24149999022483826,0.00139999995008111,,,,,,,
4955000,991,2.1000001430511475,0.526918351650238,9.482076644897461,-0.07506945729255676,19.118507385253906,0.02986062876880169,2.1000001430511475,0.210999995470047,0.0017999999690800905,,,,,,,
4960000,992,2.299999952316284,0.5071151256561279,18.975500106811523,0.010012887418270111,37.93503189086914,0.03927987441420555,2.299999952316284,0.22579999268054962,0.0009999999310821295,,,,,,,
4965000,993,2.700000047683716,0.5123875141143799,12.04355525970459,0.19598373770713806,23.699241638183594,0.04341275990009308,2.700000047683716,0.21490000188350677,0.0011500000255182385,,,,,,,
4970000,994,2.200000047683716,0.5028240084648132,10.763588905334473,-0.05422021821141243,21.63964080810547,0.02918914332985878,2.200000047683716,0.2653999924659729,0.00139999995008111,,,,,,,
4975000,995,2.299999952316284,0.5042051076889038,15.760151863098145,0.07915060222148895,31.36603546142578,0.03836021199822426,2.299999952316284,0.2407499998807907,0.0010999999940395355,,,,,,,
4980000,996,2.0,0.5134889483451843,9.150362968444824,-0.06479261070489883,18.434419631958008,0.026837585493922234,2.0,0.25964999198913574,0.001500000013038516,,,,,,,
4985000,997,1.899999976158142,0.5127426385879517,10.174968719482422,-0.12108153104782104,20.596202850341797,0.029044508934020996,1.899999976158142,0.24619999527931213,0.00139999995008111,,,,,,,
4990000,998,2.0,0.49620169401168823,10.568521499633789,-0.2243596613407135,21.589731216430664,0.026203596964478493,2.0,0.22914999723434448,0.00139999995008111,,,,,,,
4995000,999,2.799999952316284,0.5125943422317505,13.962300300598145,0.07842017710208893,27.771860122680664,0.04629981145262718,2.799999952316284,0.23804999887943268,0.0013000000035390258,,,,,,,
5000000,1000,2.4000000953674316,0.5188398361206055,14.921346664428711,0.04363913834095001,29.759565353393555,0.043462906032800674,2.4000000953674316,0.2547999918460846,0.0015999999595806003,,,,,,,
